sample_id,event_id,date,latitude,longitude,repetition,outer_fold,survey_day_group,concentration,median_baseline,median_lower,median_upper,nested_selected,nested_prediction,nested_lower,nested_upper,service_model,service_prediction,service_lower,service_upper
MPL-0526,S1:0.1,2015-07-25,33.1895665,-128.790017,0,1,S1_trawl_5_to_50:2015-07-25,91.014999,633.666764,220.66543604631133,1816.1615228369503,ensemble|spatial_season,548.7713477033029,241.49520038167296,1245.4103795860078,median,633.666764,220.66543604631133,1816.1615228369503
MPL-0530,S1:2.3,2015-07-27,29.054015,-134.546025,0,1,S1_trawl_5_to_50:2015-07-27,61.817996,633.666764,220.66543604631133,1816.1615228369503,ensemble|spatial_season,288.25614465895785,126.58618115282101,654.7851051497983,median,633.666764,220.66543604631133,1816.1615228369503
MPL-0531,S1:1.3,2015-07-27,29.07234,-134.05625,0,1,S1_trawl_5_to_50:2015-07-27,152.892947,633.666764,220.66543604631133,1816.1615228369503,ensemble|spatial_season,299.0832343261519,131.36183432093318,679.3316680041106,median,633.666764,220.66543604631133,1816.1615228369503
MPL-0535,S1:4.3,2015-07-28,28.988125,-135.6992415,0,3,S1_trawl_5_to_50:2015-07-28,255.766117,633.666764,186.0351826075117,2152.6156765302317,lightgbm|spatial_geography,198.2099329990966,81.94726255417427,477.43167072072885,median,633.666764,186.0351826075117,2152.6156765302317
MPL-0543,S1:3.3,2015-07-28,29.00679,-135.1118335,0,3,S1_trawl_5_to_50:2015-07-28,177.80932,633.666764,186.0351826075117,2152.6156765302317,lightgbm|spatial_geography,128.1559505274063,52.778104221737266,309.1868278557728,median,633.666764,186.0351826075117,2152.6156765302317
MPL-0544,S1:6.4,2015-07-28,29.0074,-136.8627915,0,3,S1_trawl_5_to_50:2015-07-28,348.007734,633.666764,186.0351826075117,2152.6156765302317,lightgbm|spatial_geography,241.25546458642313,99.87061083608033,580.8117847759851,median,633.666764,186.0351826075117,2152.6156765302317
MPL-0545,S1:6.3,2015-07-28,29.00841,-136.8621665,0,3,S1_trawl_5_to_50:2015-07-28,340.282743,633.666764,186.0351826075117,2152.6156765302317,lightgbm|spatial_geography,241.25546458642313,99.87061083608033,580.8117847759851,median,633.666764,186.0351826075117,2152.6156765302317
MPL-0546,S1:5.3,2015-07-28,29.00875,-136.26805,0,3,S1_trawl_5_to_50:2015-07-28,346.539186,633.666764,186.0351826075117,2152.6156765302317,lightgbm|spatial_geography,218.55464155897081,90.41841586012764,526.292451707343,median,633.666764,186.0351826075117,2152.6156765302317
MPL-0551,S1:9.4,2015-07-29,28.999935,-138.5806,0,0,S1_trawl_5_to_50:2015-07-29,415.473402,552.015861,189.68437836082967,1602.8363768785493,catboost|spatial,124.91819910825306,49.036870873082144,315.87418877336785,median,552.015861,189.68437836082967,1602.8363768785493
MPL-0554,S1:10.4,2015-07-29,29.000435,-139.1930835,0,0,S1_trawl_5_to_50:2015-07-29,422.521177,552.015861,189.68437836082967,1602.8363768785493,catboost|spatial,201.0267339686571,79.2805763749019,507.40194578875094,median,552.015861,189.68437836082967,1602.8363768785493
MPL-0555,S1:8.4,2015-07-29,29.00169,-138.0501585,0,0,S1_trawl_5_to_50:2015-07-29,257.163107,552.015861,189.68437836082967,1602.8363768785493,catboost|spatial,213.50224414505348,84.23804476464201,538.7966702580941,median,552.015861,189.68437836082967,1602.8363768785493
MPL-0559,S1:7.4,2015-07-29,29.007175,-137.46765,0,0,S1_trawl_5_to_50:2015-07-29,346.454898,552.015861,189.68437836082967,1602.8363768785493,catboost|spatial,283.6251806440101,112.10321710421098,715.2616195257563,median,552.015861,189.68437836082967,1602.8363768785493
MPL-0563,S1:11.4,2015-07-29,29.0174845,-139.833862,0,0,S1_trawl_5_to_50:2015-07-29,66.287879,552.015861,189.68437836082967,1602.8363768785493,catboost|spatial,286.6809952867324,113.31752451785592,722.9516023305607,median,552.015861,189.68437836082967,1602.8363768785493
MPL-0566,S1:12.3,2015-07-30,28.99819,-140.4820415,0,4,S1_trawl_5_to_50:2015-07-30,86.517306,722.8298035,254.8443977098038,2046.844663103101,catboost|spatial_weather,489.02335645403826,196.65098695432667,1213.883333347428,median,722.8298035,254.8443977098038,2046.844663103101
MPL-0569,S1:13.3,2015-07-30,28.99935,-141.0904165,0,4,S1_trawl_5_to_50:2015-07-30,58.416996,722.8298035,254.8443977098038,2046.844663103101,catboost|spatial_weather,651.715842678668,262.27302322836164,1617.2363314686463,median,722.8298035,254.8443977098038,2046.844663103101
MPL-0570,S1:14.3,2015-07-30,29.00124,-141.6246665,0,4,S1_trawl_5_to_50:2015-07-30,225.114268,722.8298035,254.8443977098038,2046.844663103101,catboost|spatial_weather,501.82237170204627,201.81347148183622,1245.6151071563017,median,722.8298035,254.8443977098038,2046.844663103101
MPL-0573,S1:17.4,2015-07-31,28.987515,-143.5660835,0,4,S1_trawl_5_to_50:2015-07-31,150.661497,722.8298035,254.8443977098038,2046.844663103101,catboost|spatial_weather,747.3631544105515,300.85237932300953,1854.3685484784905,median,722.8298035,254.8443977098038,2046.844663103101
MPL-0574,S1:17.3,2015-07-31,28.98866,-143.5482335,0,4,S1_trawl_5_to_50:2015-07-31,201.055457,722.8298035,254.8443977098038,2046.844663103101,catboost|spatial_weather,747.3631544105515,300.85237932300953,1854.3685484784905,median,722.8298035,254.8443977098038,2046.844663103101
MPL-0577,S1:15.3,2015-07-31,29.00566,-142.3245335,0,4,S1_trawl_5_to_50:2015-07-31,141.836664,722.8298035,254.8443977098038,2046.844663103101,catboost|spatial_weather,743.9075607003788,299.45856513367943,1845.8013176516006,median,722.8298035,254.8443977098038,2046.844663103101
MPL-0581,S1:16.3,2015-07-31,29.00719,-142.9808085,0,4,S1_trawl_5_to_50:2015-07-31,315.828009,722.8298035,254.8443977098038,2046.844663103101,catboost|spatial_weather,737.0901687275476,296.7087691614318,1828.8993970072,median,722.8298035,254.8443977098038,2046.844663103101
MPL-0588,S1:20.4,2015-08-01,30.006425,-141.7679665,0,3,S1_trawl_5_to_50:2015-08-01,659.544272,633.666764,186.0351826075117,2152.6156765302317,lightgbm|spatial_geography,679.3591226806874,282.2887192446301,1632.9815332184603,median,633.666764,186.0351826075117,2152.6156765302317
MPL-0590,S1:19.4,2015-08-01,30.010985,-142.26325,0,3,S1_trawl_5_to_50:2015-08-01,2109.259348,633.666764,186.0351826075117,2152.6156765302317,lightgbm|spatial_geography,572.0355743533593,237.6012159292564,1375.2283993215008,median,633.666764,186.0351826075117,2152.6156765302317
MPL-0593,S1:18.4,2015-08-01,30.023565,-142.7086915,0,3,S1_trawl_5_to_50:2015-08-01,1162.176439,633.666764,186.0351826075117,2152.6156765302317,lightgbm|spatial_geography,580.4140985940236,241.08987555352348,1395.3506456888713,median,633.666764,186.0351826075117,2152.6156765302317
MPL-0596,S1:24.4,2015-08-02,29.9806,-139.8215915,0,0,S1_trawl_5_to_50:2015-08-02,495.219971,552.015861,189.68437836082967,1602.8363768785493,catboost|spatial,433.1051693538647,171.5029777913422,1091.4292465704066,median,552.015861,189.68437836082967,1602.8363768785493
MPL-0597,S1:21.4,2015-08-02,29.998635,-141.3439415,0,0,S1_trawl_5_to_50:2015-08-02,844.062324,552.015861,189.68437836082967,1602.8363768785493,catboost|spatial,435.6052781461414,172.49646103438207,1097.7207910096404,median,552.015861,189.68437836082967,1602.8363768785493
MPL-0599,S1:22.4,2015-08-02,29.999935,-140.8015085,0,0,S1_trawl_5_to_50:2015-08-02,724.645668,552.015861,189.68437836082967,1602.8363768785493,catboost|spatial,654.4745193851726,259.4698456565028,1648.507045548083,median,552.015861,189.68437836082967,1602.8363768785493
MPL-0603,S1:27.3,2015-08-03,29.985215,-138.2296,0,3,S1_trawl_5_to_50:2015-08-03,423.877587,633.666764,186.0351826075117,2152.6156765302317,lightgbm|spatial_geography,729.992194261067,303.3713762139545,1754.5842297568558,median,633.666764,186.0351826075117,2152.6156765302317
MPL-0606,S1:26.3,2015-08-03,30.00074,-138.767875,0,3,S1_trawl_5_to_50:2015-08-03,529.96366,633.666764,186.0351826075117,2152.6156765302317,lightgbm|spatial_geography,1094.5269622565856,455.15678498263475,2630.06757269177,median,633.666764,186.0351826075117,2152.6156765302317
MPL-0607,S1:25.3,2015-08-03,30.00105,-139.342975,0,3,S1_trawl_5_to_50:2015-08-03,1719.436293,633.666764,186.0351826075117,2152.6156765302317,lightgbm|spatial_geography,923.1055587395383,383.78014250869717,2218.374103158174,median,633.666764,186.0351826075117,2152.6156765302317
MPL-0610,S1:28.3,2015-08-03,30.003565,-137.7446665,0,3,S1_trawl_5_to_50:2015-08-03,505.188842,633.666764,186.0351826075117,2152.6156765302317,lightgbm|spatial_geography,813.931249974786,338.3220174195157,1956.1760984917203,median,633.666764,186.0351826075117,2152.6156765302317
MPL-0618,S1:31.4,2015-08-04,29.996715,-136.0622665,0,4,S1_trawl_5_to_50:2015-08-04,246.22585,722.8298035,254.8443977098038,2046.844663103101,catboost|spatial_weather,521.5994521101719,209.79055953336822,1294.6471482899522,median,722.8298035,254.8443977098038,2046.844663103101
MPL-0621,S1:30.4,2015-08-04,30.00139,-136.6523,0,4,S1_trawl_5_to_50:2015-08-04,720.647461,722.8298035,254.8443977098038,2046.844663103101,catboost|spatial_weather,742.7283680498867,298.98293761897156,1842.877821293682,median,722.8298035,254.8443977098038,2046.844663103101
MPL-0622,S1:29.3,2015-08-04,30.002915,-137.2931585,0,4,S1_trawl_5_to_50:2015-08-04,646.404545,722.8298035,254.8443977098038,2046.844663103101,catboost|spatial_weather,730.935508501088,294.22628612851867,1813.6405444789254,median,722.8298035,254.8443977098038,2046.844663103101
MPL-0623,S1:30.3,2015-08-04,30.00491,-136.6517,0,4,S1_trawl_5_to_50:2015-08-04,490.394472,722.8298035,254.8443977098038,2046.844663103101,catboost|spatial_weather,742.7283680498867,298.98293761897156,1842.877821293682,median,722.8298035,254.8443977098038,2046.844663103101
MPL-0627,S1:32.4,2015-08-04,30.015125,-135.476125,0,4,S1_trawl_5_to_50:2015-08-04,949.556256,722.8298035,254.8443977098038,2046.844663103101,catboost|spatial_weather,550.9263645325898,221.61957361661362,1367.3554725999525,median,722.8298035,254.8443977098038,2046.844663103101
MPL-0631,S1:34.4,2015-08-05,30.000825,-134.268275,0,4,S1_trawl_5_to_50:2015-08-05,373.240546,722.8298035,254.8443977098038,2046.844663103101,catboost|spatial_weather,292.71082369692203,117.46830037439223,727.1783201421824,median,722.8298035,254.8443977098038,2046.844663103101
MPL-0634,S1:33.4,2015-08-05,30.00406,-134.8896165,0,4,S1_trawl_5_to_50:2015-08-05,633.666764,722.8298035,254.8443977098038,2046.844663103101,catboost|spatial_weather,465.14339798768225,187.0190024843246,1154.679291010059,median,722.8298035,254.8443977098038,2046.844663103101
MPL-0637,S1:35.4,2015-08-05,30.998235,-134.2625085,0,4,S1_trawl_5_to_50:2015-08-05,828.098322,722.8298035,254.8443977098038,2046.844663103101,catboost|spatial_weather,408.9266557353138,164.34397191038946,1015.3047442298656,median,722.8298035,254.8443977098038,2046.844663103101
MPL-0640,S1:39.3,2015-08-06,30.97964,-136.3260415,0,0,S1_trawl_5_to_50:2015-08-06,721.013939,552.015861,189.68437836082967,1602.8363768785493,catboost|spatial,957.7992254325075,380.0038054541482,2411.826175303408,median,552.015861,189.68437836082967,1602.8363768785493
MPL-0642,S1:38.3,2015-08-06,30.991785,-135.9519665,0,0,S1_trawl_5_to_50:2015-08-06,846.359613,552.015861,189.68437836082967,1602.8363768785493,catboost|spatial,911.5314814139264,361.6181141923454,2295.393015076446,median,552.015861,189.68437836082967,1602.8363768785493
MPL-0647,S1:36.3,2015-08-06,30.997975,-134.8475585,0,0,S1_trawl_5_to_50:2015-08-06,347.331302,552.015861,189.68437836082967,1602.8363768785493,catboost|spatial,757.7676512991634,300.51605772322097,1908.4450657302743,median,552.015861,189.68437836082967,1602.8363768785493
MPL-0648,S1:37.3,2015-08-06,31.000565,-135.4216585,0,0,S1_trawl_5_to_50:2015-08-06,1104.538559,552.015861,189.68437836082967,1602.8363768785493,catboost|spatial,766.8026324132121,304.1063424203181,1931.1816703781506,median,552.015861,189.68437836082967,1602.8363768785493
MPL-0654,S1:41.3,2015-08-07,30.965825,-137.3956835,0,3,S1_trawl_5_to_50:2015-08-07,2209.120417,633.666764,186.0351826075117,2152.6156765302317,lightgbm|spatial_geography,357.15565173399665,148.12926495375083,859.1629660602548,median,633.666764,186.0351826075117,2152.6156765302317
MPL-0656,S1:42.3,2015-08-07,30.988835,-137.914525,0,3,S1_trawl_5_to_50:2015-08-07,1706.702091,633.666764,186.0351826075117,2152.6156765302317,lightgbm|spatial_geography,704.65011053462,292.81941005001323,1693.721524397462,median,633.666764,186.0351826075117,2152.6156765302317
MPL-0658,S1:42.4,2015-08-07,30.98994,-137.91355,0,3,S1_trawl_5_to_50:2015-08-07,1197.871844,633.666764,186.0351826075117,2152.6156765302317,lightgbm|spatial_geography,704.65011053462,292.81941005001323,1693.721524397462,median,633.666764,186.0351826075117,2152.6156765302317
MPL-0660,S1:43.4,2015-08-07,31.001675,-138.493,0,3,S1_trawl_5_to_50:2015-08-07,351.925224,633.666764,186.0351826075117,2152.6156765302317,lightgbm|spatial_geography,748.961842661586,311.2699803786643,1800.1426034815552,median,633.666764,186.0351826075117,2152.6156765302317
MPL-0666,S1:45.4,2015-08-08,30.987735,-139.5542835,0,2,S1_trawl_5_to_50:2015-08-08,1035.855936,559.439481,171.48450796949479,1819.9891169999994,catboost|spatial_season,1302.359310115693,564.1420154648646,3004.8736472954142,median,559.439481,171.48450796949479,1819.9891169999994
MPL-0668,S1:44.4,2015-08-08,30.99416,-139.0254165,0,2,S1_trawl_5_to_50:2015-08-08,729.389849,559.439481,171.48450796949479,1819.9891169999994,catboost|spatial_season,960.7004315791444,415.9973053154652,2216.9225340553103,median,559.439481,171.48450796949479,1819.9891169999994
MPL-0669,S1:47.4,2015-08-08,30.99445,-140.6223835,0,2,S1_trawl_5_to_50:2015-08-08,1077.945907,559.439481,171.48450796949479,1819.9891169999994,catboost|spatial_season,710.7964748690572,307.6379107328259,1640.5812964551992,median,559.439481,171.48450796949479,1819.9891169999994
MPL-0671,S1:46.4,2015-08-08,30.999525,-140.084,0,2,S1_trawl_5_to_50:2015-08-08,747.327276,559.439481,171.48450796949479,1819.9891169999994,catboost|spatial_season,759.989068214402,328.96802372113444,1754.0317615965164,median,559.439481,171.48450796949479,1819.9891169999994
MPL-0677,S1:48.4,2015-08-09,30.97485,-141.2498415,0,1,S1_trawl_5_to_50:2015-08-09,1380.789998,633.666764,220.66543604631133,1816.1615228369503,ensemble|spatial_season,1035.5656818926998,456.2122643157265,2349.0428504159877,median,633.666764,220.66543604631133,1816.1615228369503
MPL-0680,S1:51.3,2015-08-09,30.9897265,-142.8742845,0,1,S1_trawl_5_to_50:2015-08-09,680.966974,633.666764,220.66543604631133,1816.1615228369503,ensemble|spatial_season,1071.8285605098251,472.2072303200693,2431.255989552596,median,633.666764,220.66543604631133,1816.1615228369503
MPL-0684,S1:49.3,2015-08-09,30.991625,-141.8085085,0,1,S1_trawl_5_to_50:2015-08-09,1819.989117,633.666764,220.66543604631133,1816.1615228369503,ensemble|spatial_season,1054.7907958050855,464.6921493988982,2392.6289369394576,median,633.666764,220.66543604631133,1816.1615228369503
MPL-0687,S1:50.3,2015-08-09,30.996965,-142.37745,0,1,S1_trawl_5_to_50:2015-08-09,280.885892,633.666764,220.66543604631133,1816.1615228369503,ensemble|spatial_season,965.7497116862248,425.41757529494333,2190.7600474111646,median,633.666764,220.66543604631133,1816.1615228369503
MPL-0691,S1:52.3,2015-08-10,31.00401,-143.3006915,0,1,S1_trawl_5_to_50:2015-08-10,559.439481,633.666764,220.66543604631133,1816.1615228369503,ensemble|spatial_season,932.9595012564457,410.9543467510329,2116.419944386111,median,633.666764,220.66543604631133,1816.1615228369503
MPL-0694,S1:53.3,2015-08-10,31.00916,-143.842775,0,1,S1_trawl_5_to_50:2015-08-10,349.268718,633.666764,220.66543604631133,1816.1615228369503,ensemble|spatial_season,930.7736109903307,409.9901861044145,2111.46421810517,median,633.666764,220.66543604631133,1816.1615228369503
MPL-0699,S1:54.4,2015-08-10,32.023415,-143.6277915,0,1,S1_trawl_5_to_50:2015-08-10,741.629573,633.666764,220.66543604631133,1816.1615228369503,ensemble|spatial_season,1079.249271140675,475.4803850941764,2448.0798032941357,median,633.666764,220.66543604631133,1816.1615228369503
MPL-0701,S1:54.3,2015-08-10,32.028835,-143.6377665,0,1,S1_trawl_5_to_50:2015-08-10,439.780685,633.666764,220.66543604631133,1816.1615228369503,ensemble|spatial_season,1080.0649265266152,475.84015741967545,2449.9290108664254,median,633.666764,220.66543604631133,1816.1615228369503
MPL-0705,S1:57.4,2015-08-11,32.003635,-142.0377085,0,0,S1_trawl_5_to_50:2015-08-11,1292.557215,552.015861,189.68437836082967,1602.8363768785493,catboost|spatial,988.5862395687278,392.2378261263899,2489.301950832742,median,552.015861,189.68437836082967,1602.8363768785493
MPL-0710,S1:58.4,2015-08-11,32.01739,-141.4973835,0,0,S1_trawl_5_to_50:2015-08-11,1849.2198,552.015861,189.68437836082967,1602.8363768785493,catboost|spatial,791.8015036184539,314.0402939803631,1994.0915363825134,median,552.015861,189.68437836082967,1602.8363768785493
MPL-0711,S1:56.4,2015-08-11,32.01915,-142.5771415,0,0,S1_trawl_5_to_50:2015-08-11,961.750609,552.015861,189.68437836082967,1602.8363768785493,catboost|spatial,578.2126269593125,229.1651995380408,1456.593362951725,median,552.015861,189.68437836082967,1602.8363768785493
MPL-0715,S1:55.4,2015-08-11,32.021825,-143.1047085,0,0,S1_trawl_5_to_50:2015-08-11,937.233371,552.015861,189.68437836082967,1602.8363768785493,catboost|spatial,568.5364271244964,225.32010990758488,1432.2431260933472,median,552.015861,189.68437836082967,1602.8363768785493
MPL-0716,S1:61.3,2015-08-12,31.99739,-139.8349335,0,1,S1_trawl_5_to_50:2015-08-12,969.284957,633.666764,220.66543604631133,1816.1615228369503,ensemble|spatial_season,829.6495302715017,365.385998709478,1882.2014448439058,median,633.666764,220.66543604631133,1816.1615228369503
MPL-0721,S1:60.4,2015-08-12,32.00135,-140.3389585,0,1,S1_trawl_5_to_50:2015-08-12,1390.855413,633.666764,220.66543604631133,1816.1615228369503,ensemble|spatial_season,912.2238977587606,401.80820927731406,2069.409361651191,median,633.666764,220.66543604631133,1816.1615228369503
MPL-0724,S1:62.3,2015-08-12,32.007425,-139.3066335,0,1,S1_trawl_5_to_50:2015-08-12,883.382867,633.666764,220.66543604631133,1816.1615228369503,ensemble|spatial_season,789.2621301502968,347.5717733479704,1790.6374247729113,median,633.666764,220.66543604631133,1816.1615228369503
MPL-0725,S1:66.4,2015-08-13,31.994635,-137.2262165,0,2,S1_trawl_5_to_50:2015-08-13,940.427881,559.439481,171.48450796949479,1819.9891169999994,catboost|spatial_season,963.2464526671478,417.10127064407635,2222.794297608531,median,559.439481,171.48450796949479,1819.9891169999994
MPL-0726,S1:65.3,2015-08-13,31.9947,-137.7624415,0,2,S1_trawl_5_to_50:2015-08-13,254.925782,559.439481,171.48450796949479,1819.9891169999994,catboost|spatial_season,952.0003630999965,412.22491945315716,2196.857992859211,median,559.439481,171.48450796949479,1819.9891169999994
MPL-0727,S1:66.3,2015-08-13,31.99716,-137.2263335,0,2,S1_trawl_5_to_50:2015-08-13,942.476591,559.439481,171.48450796949479,1819.9891169999994,catboost|spatial_season,963.2464526671478,417.10127064407635,2222.794297608531,median,559.439481,171.48450796949479,1819.9891169999994
MPL-0736,S1:64.3,2015-08-13,32.007085,-138.2743415,0,2,S1_trawl_5_to_50:2015-08-13,926.093191,559.439481,171.48450796949479,1819.9891169999994,catboost|spatial_season,989.5847666481387,428.5216730853973,2283.5370592516156,median,559.439481,171.48450796949479,1819.9891169999994
MPL-0738,S1:63.3,2015-08-13,32.0156,-138.781625,0,2,S1_trawl_5_to_50:2015-08-13,473.750303,559.439481,171.48450796949479,1819.9891169999994,catboost|spatial_season,1186.1890463099055,513.770106111288,2736.9558660182206,median,559.439481,171.48450796949479,1819.9891169999994
MPL-0739,S1:69.4,2015-08-14,31.99764,-135.6463915,0,3,S1_trawl_5_to_50:2015-08-14,1171.220722,633.666764,186.0351826075117,2152.6156765302317,lightgbm|spatial_geography,842.6495809391371,350.2797893175089,2025.1473533721062,median,633.666764,186.0351826075117,2152.6156765302317
MPL-0742,S1:68.4,2015-08-14,32.001165,-136.1661665,0,3,S1_trawl_5_to_50:2015-08-14,470.658241,633.666764,186.0351826075117,2152.6156765302317,lightgbm|spatial_geography,842.6495809391371,350.2797893175089,2025.1473533721062,median,633.666764,186.0351826075117,2152.6156765302317
MPL-0747,S1:70.4,2015-08-14,32.00864,-135.113225,0,3,S1_trawl_5_to_50:2015-08-14,727.272727,633.666764,186.0351826075117,2152.6156765302317,lightgbm|spatial_geography,770.4532946696303,320.2186160493051,1851.7574558918996,median,633.666764,186.0351826075117,2152.6156765302317
MPL-0751,S1:67.4,2015-08-14,32.01855,-136.6982335,0,3,S1_trawl_5_to_50:2015-08-14,1425.853627,633.666764,186.0351826075117,2152.6156765302317,lightgbm|spatial_geography,1038.038589917779,431.636091104051,2494.4025185075875,median,633.666764,186.0351826075117,2152.6156765302317
MPL-0753,S1:71.4,2015-08-15,32.008585,-134.5978585,0,2,S1_trawl_5_to_50:2015-08-15,290.674527,559.439481,171.48450796949479,1819.9891169999994,catboost|spatial_season,561.3337874257484,242.83026807977356,1295.8828315323422,median,559.439481,171.48450796949479,1819.9891169999994
MPL-0755,S1:72.4,2015-08-15,32.996175,-134.1399,0,2,S1_trawl_5_to_50:2015-08-15,71.74788,559.439481,171.48450796949479,1819.9891169999994,catboost|spatial_season,852.8657909677594,369.2397568335827,1968.2287916900052,median,559.439481,171.48450796949479,1819.9891169999994
MPL-0756,S1:73.3,2015-08-15,32.99759,-134.7286085,0,2,S1_trawl_5_to_50:2015-08-15,1417.506452,559.439481,171.48450796949479,1819.9891169999994,catboost|spatial_season,664.2905727946093,287.4727582492547,1533.3270156100532,median,559.439481,171.48450796949479,1819.9891169999994
MPL-0762,S1:74.3,2015-08-16,32.987775,-135.2962085,0,0,S1_trawl_5_to_50:2015-08-16,1026.323987,552.015861,189.68437836082967,1602.8363768785493,catboost|spatial,764.5679287453826,303.21832480524193,1925.558020128169,median,552.015861,189.68437836082967,1602.8363768785493
MPL-0763,S1:75.3,2015-08-16,32.996535,-136.8875415,0,0,S1_trawl_5_to_50:2015-08-16,1518.942464,552.015861,189.68437836082967,1602.8363768785493,catboost|spatial,798.7193535483281,316.78928154619456,2011.5003629072655,median,552.015861,189.68437836082967,1602.8363768785493
MPL-0768,S1:77.3,2015-08-17,32.98329,-138.0048415,0,2,S1_trawl_5_to_50:2015-08-17,376.349309,559.439481,171.48450796949479,1819.9891169999994,catboost|spatial_season,1234.2110321401667,534.5926388143613,2847.7066164656653,median,559.439481,171.48450796949479,1819.9891169999994
MPL-0770,S1:78.3,2015-08-17,32.9915,-139.571725,0,2,S1_trawl_5_to_50:2015-08-17,748.005286,559.439481,171.48450796949479,1819.9891169999994,catboost|spatial_season,1300.8619665322326,563.4927610620053,3001.4203972334126,median,559.439481,171.48450796949479,1819.9891169999994
MPL-0777,S1:79.4,2015-08-18,33.786985,-138.3120665,0,2,S1_trawl_5_to_50:2015-08-18,552.015861,559.439481,171.48450796949479,1819.9891169999994,catboost|spatial_season,1207.2797856161105,522.9151383573037,2785.596403581782,median,559.439481,171.48450796949479,1819.9891169999994
MPL-0778,S1:79.3,2015-08-18,33.7888,-138.313375,0,2,S1_trawl_5_to_50:2015-08-18,361.510331,559.439481,171.48450796949479,1819.9891169999994,catboost|spatial_season,1207.2797856161105,522.9151383573037,2785.596403581782,median,559.439481,171.48450796949479,1819.9891169999994
MPL-0526,S1:0.1,2015-07-25,33.1895665,-128.790017,1,1,S1_trawl_5_to_50:2015-07-25,91.014999,633.666764,225.98888216291675,1773.5446274198077,lightgbm|spatial_season,268.6777162051917,131.90473247945954,546.2045220728897,median,633.666764,225.98888216291675,1773.5446274198077
MPL-0530,S1:2.3,2015-07-27,29.054015,-134.546025,1,0,S1_trawl_5_to_50:2015-07-27,61.817996,517.576251,157.9445751566133,1690.9188832726002,spline_glm|spatial_weather,255.08927468738977,111.93726137688965,579.6915787612095,median,517.576251,157.9445751566133,1690.9188832726002
MPL-0531,S1:1.3,2015-07-27,29.07234,-134.05625,1,0,S1_trawl_5_to_50:2015-07-27,152.892947,517.576251,157.9445751566133,1690.9188832726002,spline_glm|spatial_weather,246.88144523898058,108.31754797466505,561.080032274471,median,517.576251,157.9445751566133,1690.9188832726002
MPL-0535,S1:4.3,2015-07-28,28.988125,-135.6992415,1,2,S1_trawl_5_to_50:2015-07-28,255.766117,609.4918765,172.00493715544224,2153.2756952515515,catboost|spatial,198.65399094526154,75.90311306232236,517.336833361565,median,609.4918765,172.00493715544224,2153.2756952515515
MPL-0543,S1:3.3,2015-07-28,29.00679,-135.1118335,1,2,S1_trawl_5_to_50:2015-07-28,177.80932,609.4918765,172.00493715544224,2153.2756952515515,catboost|spatial,308.3055322231238,118.13890728023644,802.0114968135205,median,609.4918765,172.00493715544224,2153.2756952515515
MPL-0544,S1:6.4,2015-07-28,29.0074,-136.8627915,1,2,S1_trawl_5_to_50:2015-07-28,348.007734,609.4918765,172.00493715544224,2153.2756952515515,catboost|spatial,355.84944495800625,136.45196418015226,925.4438462293358,median,609.4918765,172.00493715544224,2153.2756952515515
MPL-0545,S1:6.3,2015-07-28,29.00841,-136.8621665,1,2,S1_trawl_5_to_50:2015-07-28,340.282743,609.4918765,172.00493715544224,2153.2756952515515,catboost|spatial,355.84944495800625,136.45196418015226,925.4438462293358,median,609.4918765,172.00493715544224,2153.2756952515515
MPL-0546,S1:5.3,2015-07-28,29.00875,-136.26805,1,2,S1_trawl_5_to_50:2015-07-28,346.539186,609.4918765,172.00493715544224,2153.2756952515515,catboost|spatial,317.73155941787604,121.76964279248219,826.4831192648211,median,609.4918765,172.00493715544224,2153.2756952515515
MPL-0551,S1:9.4,2015-07-29,28.999935,-138.5806,1,3,S1_trawl_5_to_50:2015-07-29,415.473402,725.9591975000001,275.33264487794514,1911.440258599439,catboost|spatial_weather,355.0859008279435,164.98451015378987,762.9096482615543,median,725.9591975000001,275.33264487794514,1911.440258599439
MPL-0554,S1:10.4,2015-07-29,29.000435,-139.1930835,1,3,S1_trawl_5_to_50:2015-07-29,422.521177,725.9591975000001,275.33264487794514,1911.440258599439,catboost|spatial_weather,317.5649235108531,147.4946263196137,682.4160468072869,median,725.9591975000001,275.33264487794514,1911.440258599439
MPL-0555,S1:8.4,2015-07-29,29.00169,-138.0501585,1,3,S1_trawl_5_to_50:2015-07-29,257.163107,725.9591975000001,275.33264487794514,1911.440258599439,catboost|spatial_weather,296.9612163396574,137.8904936251954,638.2149968318844,median,725.9591975000001,275.33264487794514,1911.440258599439
MPL-0559,S1:7.4,2015-07-29,29.007175,-137.46765,1,3,S1_trawl_5_to_50:2015-07-29,346.454898,725.9591975000001,275.33264487794514,1911.440258599439,catboost|spatial_weather,302.352605526391,140.40361501283724,649.7811223305428,median,725.9591975000001,275.33264487794514,1911.440258599439
MPL-0563,S1:11.4,2015-07-29,29.0174845,-139.833862,1,3,S1_trawl_5_to_50:2015-07-29,66.287879,725.9591975000001,275.33264487794514,1911.440258599439,catboost|spatial_weather,343.1820303342902,159.4356858160975,737.3723228560431,median,725.9591975000001,275.33264487794514,1911.440258599439
MPL-0566,S1:12.3,2015-07-30,28.99819,-140.4820415,1,3,S1_trawl_5_to_50:2015-07-30,86.517306,725.9591975000001,275.33264487794514,1911.440258599439,catboost|spatial_weather,608.4013899312994,283.06401646230995,1306.3463463453968,median,725.9591975000001,275.33264487794514,1911.440258599439
MPL-0569,S1:13.3,2015-07-30,28.99935,-141.0904165,1,3,S1_trawl_5_to_50:2015-07-30,58.416996,725.9591975000001,275.33264487794514,1911.440258599439,catboost|spatial_weather,585.0454289026974,272.1769587566001,1256.2408972594164,median,725.9591975000001,275.33264487794514,1911.440258599439
MPL-0570,S1:14.3,2015-07-30,29.00124,-141.6246665,1,3,S1_trawl_5_to_50:2015-07-30,225.114268,725.9591975000001,275.33264487794514,1911.440258599439,catboost|spatial_weather,560.1095754397372,260.5534560773518,1202.7461112999026,median,725.9591975000001,275.33264487794514,1911.440258599439
MPL-0573,S1:17.4,2015-07-31,28.987515,-143.5660835,1,3,S1_trawl_5_to_50:2015-07-31,150.661497,725.9591975000001,275.33264487794514,1911.440258599439,catboost|spatial_weather,678.3360302897,315.6630803277436,1456.3768485171126,median,725.9591975000001,275.33264487794514,1911.440258599439
MPL-0574,S1:17.3,2015-07-31,28.98866,-143.5482335,1,3,S1_trawl_5_to_50:2015-07-31,201.055457,725.9591975000001,275.33264487794514,1911.440258599439,catboost|spatial_weather,678.3360302897,315.6630803277436,1456.3768485171126,median,725.9591975000001,275.33264487794514,1911.440258599439
MPL-0577,S1:15.3,2015-07-31,29.00566,-142.3245335,1,3,S1_trawl_5_to_50:2015-07-31,141.836664,725.9591975000001,275.33264487794514,1911.440258599439,catboost|spatial_weather,671.7452890079658,312.5908975744938,1442.2377578016246,median,725.9591975000001,275.33264487794514,1911.440258599439
MPL-0581,S1:16.3,2015-07-31,29.00719,-142.9808085,1,3,S1_trawl_5_to_50:2015-07-31,315.828009,725.9591975000001,275.33264487794514,1911.440258599439,catboost|spatial_weather,535.3025771658109,248.99001745956414,1149.527757858224,median,725.9591975000001,275.33264487794514,1911.440258599439
MPL-0588,S1:20.4,2015-08-01,30.006425,-141.7679665,1,0,S1_trawl_5_to_50:2015-08-01,659.544272,517.576251,157.9445751566133,1690.9188832726002,spline_glm|spatial_weather,435.1058862408775,191.32591650903433,987.8856762838168,median,517.576251,157.9445751566133,1690.9188832726002
MPL-0590,S1:19.4,2015-08-01,30.010985,-142.26325,1,0,S1_trawl_5_to_50:2015-08-01,2109.259348,517.576251,157.9445751566133,1690.9188832726002,spline_glm|spatial_weather,422.4883342061268,185.76148288007954,959.2749263017836,median,517.576251,157.9445751566133,1690.9188832726002
MPL-0593,S1:18.4,2015-08-01,30.023565,-142.7086915,1,0,S1_trawl_5_to_50:2015-08-01,1162.176439,517.576251,157.9445751566133,1690.9188832726002,spline_glm|spatial_weather,419.2091650779668,184.31534507763496,951.839293160252,median,517.576251,157.9445751566133,1690.9188832726002
MPL-0596,S1:24.4,2015-08-02,29.9806,-139.8215915,1,0,S1_trawl_5_to_50:2015-08-02,495.219971,517.576251,157.9445751566133,1690.9188832726002,spline_glm|spatial_weather,627.4785365244855,276.163675971495,1424.0975330280344,median,517.576251,157.9445751566133,1690.9188832726002
MPL-0597,S1:21.4,2015-08-02,29.998635,-141.3439415,1,0,S1_trawl_5_to_50:2015-08-02,844.062324,517.576251,157.9445751566133,1690.9188832726002,spline_glm|spatial_weather,510.9133163338619,224.7575530239674,1159.7817321270832,median,517.576251,157.9445751566133,1690.9188832726002
MPL-0599,S1:22.4,2015-08-02,29.999935,-140.8015085,1,0,S1_trawl_5_to_50:2015-08-02,724.645668,517.576251,157.9445751566133,1690.9188832726002,spline_glm|spatial_weather,476.62309305540566,209.6353113221301,1082.0274258760778,median,517.576251,157.9445751566133,1690.9188832726002
MPL-0603,S1:27.3,2015-08-03,29.985215,-138.2296,1,4,S1_trawl_5_to_50:2015-08-03,423.877587,495.219971,159.44522741985102,1533.693574741854,catboost|spatial_weather,479.4430527822224,180.88551781482624,1268.070400655537,median,495.219971,159.44522741985102,1533.693574741854
MPL-0606,S1:26.3,2015-08-03,30.00074,-138.767875,1,4,S1_trawl_5_to_50:2015-08-03,529.96366,495.219971,159.44522741985102,1533.693574741854,catboost|spatial_weather,589.0199586834767,222.3690030166204,1557.5132536001356,median,495.219971,159.44522741985102,1533.693574741854
MPL-0607,S1:25.3,2015-08-03,30.00105,-139.342975,1,4,S1_trawl_5_to_50:2015-08-03,1719.436293,495.219971,159.44522741985102,1533.693574741854,catboost|spatial_weather,581.7705021655602,219.62451301931162,1538.3641148323877,median,495.219971,159.44522741985102,1533.693574741854
MPL-0610,S1:28.3,2015-08-03,30.003565,-137.7446665,1,4,S1_trawl_5_to_50:2015-08-03,505.188842,495.219971,159.44522741985102,1533.693574741854,catboost|spatial_weather,685.3125934697256,258.8233458121437,1811.8662552736857,median,495.219971,159.44522741985102,1533.693574741854
MPL-0618,S1:31.4,2015-08-04,29.996715,-136.0622665,1,2,S1_trawl_5_to_50:2015-08-04,246.22585,609.4918765,172.00493715544224,2153.2756952515515,catboost|spatial,652.7638035962651,250.8180150869191,1696.2856796807382,median,609.4918765,172.00493715544224,2153.2756952515515
MPL-0621,S1:30.4,2015-08-04,30.00139,-136.6523,1,2,S1_trawl_5_to_50:2015-08-04,720.647461,609.4918765,172.00493715544224,2153.2756952515515,catboost|spatial,906.1981572730689,348.43635300447824,2354.2457821957196,median,609.4918765,172.00493715544224,2153.2756952515515
MPL-0622,S1:29.3,2015-08-04,30.002915,-137.2931585,1,2,S1_trawl_5_to_50:2015-08-04,646.404545,609.4918765,172.00493715544224,2153.2756952515515,catboost|spatial,985.7615247672413,379.0827258470876,2560.8062609683107,median,609.4918765,172.00493715544224,2153.2756952515515
MPL-0623,S1:30.3,2015-08-04,30.00491,-136.6517,1,2,S1_trawl_5_to_50:2015-08-04,490.394472,609.4918765,172.00493715544224,2153.2756952515515,catboost|spatial,928.6324907777397,357.0776532751077,2412.4892529740046,median,609.4918765,172.00493715544224,2153.2756952515515
MPL-0627,S1:32.4,2015-08-04,30.015125,-135.476125,1,2,S1_trawl_5_to_50:2015-08-04,949.556256,609.4918765,172.00493715544224,2153.2756952515515,catboost|spatial,980.4617861953179,377.04136222261036,2547.0472086397845,median,609.4918765,172.00493715544224,2153.2756952515515
MPL-0631,S1:34.4,2015-08-05,30.000825,-134.268275,1,2,S1_trawl_5_to_50:2015-08-05,373.240546,609.4918765,172.00493715544224,2153.2756952515515,catboost|spatial,137.90294839907207,52.50290818054538,359.61645488218403,median,609.4918765,172.00493715544224,2153.2756952515515
MPL-0634,S1:33.4,2015-08-05,30.00406,-134.8896165,1,2,S1_trawl_5_to_50:2015-08-05,633.666764,609.4918765,172.00493715544224,2153.2756952515515,catboost|spatial,618.7796034673134,237.72791469635948,1608.0567262009354,median,609.4918765,172.00493715544224,2153.2756952515515
MPL-0637,S1:35.4,2015-08-05,30.998235,-134.2625085,1,2,S1_trawl_5_to_50:2015-08-05,828.098322,609.4918765,172.00493715544224,2153.2756952515515,catboost|spatial,117.9011071856393,44.79856002798096,307.68816140362264,median,609.4918765,172.00493715544224,2153.2756952515515
MPL-0640,S1:39.3,2015-08-06,30.97964,-136.3260415,1,0,S1_trawl_5_to_50:2015-08-06,721.013939,517.576251,157.9445751566133,1690.9188832726002,spline_glm|spatial_weather,962.081080861307,423.7258690905524,2182.820755488839,median,517.576251,157.9445751566133,1690.9188832726002
MPL-0642,S1:38.3,2015-08-06,30.991785,-135.9519665,1,0,S1_trawl_5_to_50:2015-08-06,846.359613,517.576251,157.9445751566133,1690.9188832726002,spline_glm|spatial_weather,734.7123804454378,323.4545930711385,1667.2541048880005,median,517.576251,157.9445751566133,1690.9188832726002
MPL-0647,S1:36.3,2015-08-06,30.997975,-134.8475585,1,0,S1_trawl_5_to_50:2015-08-06,347.331302,517.576251,157.9445751566133,1690.9188832726002,spline_glm|spatial_weather,616.4707642602617,271.30916710969484,1399.1370161826535,median,517.576251,157.9445751566133,1690.9188832726002
MPL-0648,S1:37.3,2015-08-06,31.000565,-135.4216585,1,0,S1_trawl_5_to_50:2015-08-06,1104.538559,517.576251,157.9445751566133,1690.9188832726002,spline_glm|spatial_weather,643.7316906475843,283.33143697062314,1460.9521406218612,median,517.576251,157.9445751566133,1690.9188832726002
MPL-0654,S1:41.3,2015-08-07,30.965825,-137.3956835,1,1,S1_trawl_5_to_50:2015-08-07,2209.120417,633.666764,225.98888216291675,1773.5446274198077,lightgbm|spatial_season,714.870626865353,351.8010971475703,1451.5769861600975,median,633.666764,225.98888216291675,1773.5446274198077
MPL-0656,S1:42.3,2015-08-07,30.988835,-137.914525,1,1,S1_trawl_5_to_50:2015-08-07,1706.702091,633.666764,225.98888216291675,1773.5446274198077,lightgbm|spatial_season,589.3206200660467,289.9265370198066,1196.8227838715072,median,633.666764,225.98888216291675,1773.5446274198077
MPL-0658,S1:42.4,2015-08-07,30.98994,-137.91355,1,1,S1_trawl_5_to_50:2015-08-07,1197.871844,633.666764,225.98888216291675,1773.5446274198077,lightgbm|spatial_season,589.3206200660467,289.9265370198066,1196.8227838715072,median,633.666764,225.98888216291675,1773.5446274198077
MPL-0660,S1:43.4,2015-08-07,31.001675,-138.493,1,1,S1_trawl_5_to_50:2015-08-07,351.925224,633.666764,225.98888216291675,1773.5446274198077,lightgbm|spatial_season,577.8158739678389,284.2566758835494,1173.4784409319902,median,633.666764,225.98888216291675,1773.5446274198077
MPL-0666,S1:45.4,2015-08-08,30.987735,-139.5542835,1,4,S1_trawl_5_to_50:2015-08-08,1035.855936,495.219971,159.44522741985102,1533.693574741854,catboost|spatial_weather,614.1801975818513,231.89413415104843,1623.972981291989,median,495.219971,159.44522741985102,1533.693574741854
MPL-0668,S1:44.4,2015-08-08,30.99416,-139.0254165,1,4,S1_trawl_5_to_50:2015-08-08,729.389849,495.219971,159.44522741985102,1533.693574741854,catboost|spatial_weather,657.267157266298,248.20594036385359,1737.785398545435,median,495.219971,159.44522741985102,1533.693574741854
MPL-0669,S1:47.4,2015-08-08,30.99445,-140.6223835,1,4,S1_trawl_5_to_50:2015-08-08,1077.945907,495.219971,159.44522741985102,1533.693574741854,catboost|spatial_weather,554.4760430091409,209.29141150313404,1466.266932831893,median,495.219971,159.44522741985102,1533.693574741854
MPL-0671,S1:46.4,2015-08-08,30.999525,-140.084,1,4,S1_trawl_5_to_50:2015-08-08,747.327276,495.219971,159.44522741985102,1533.693574741854,catboost|spatial_weather,812.2217388823286,306.8684481299652,2147.091500144962,median,495.219971,159.44522741985102,1533.693574741854
MPL-0677,S1:48.4,2015-08-09,30.97485,-141.2498415,1,4,S1_trawl_5_to_50:2015-08-09,1380.789998,495.219971,159.44522741985102,1533.693574741854,catboost|spatial_weather,608.470878745039,229.73270751163724,1608.8920523416275,median,495.219971,159.44522741985102,1533.693574741854
MPL-0680,S1:51.3,2015-08-09,30.9897265,-142.8742845,1,4,S1_trawl_5_to_50:2015-08-09,680.966974,495.219971,159.44522741985102,1533.693574741854,catboost|spatial_weather,828.1754489940712,312.9081833450714,2189.232563828172,median,495.219971,159.44522741985102,1533.693574741854
MPL-0684,S1:49.3,2015-08-09,30.991625,-141.8085085,1,4,S1_trawl_5_to_50:2015-08-09,1819.989117,495.219971,159.44522741985102,1533.693574741854,catboost|spatial_weather,607.804937280606,229.48059624185962,1607.1329955789433,median,495.219971,159.44522741985102,1533.693574741854
MPL-0687,S1:50.3,2015-08-09,30.996965,-142.37745,1,4,S1_trawl_5_to_50:2015-08-09,280.885892,495.219971,159.44522741985102,1533.693574741854,catboost|spatial_weather,895.2005559051942,338.28246278678006,2366.2766043010292,median,495.219971,159.44522741985102,1533.693574741854
MPL-0691,S1:52.3,2015-08-10,31.00401,-143.3006915,1,3,S1_trawl_5_to_50:2015-08-10,559.439481,725.9591975000001,275.33264487794514,1911.440258599439,catboost|spatial_weather,825.6722471792559,384.34181692322056,1772.4566409452668,median,725.9591975000001,275.33264487794514,1911.440258599439
MPL-0694,S1:53.3,2015-08-10,31.00916,-143.842775,1,3,S1_trawl_5_to_50:2015-08-10,349.268718,725.9591975000001,275.33264487794514,1911.440258599439,catboost|spatial_weather,787.7385918785664,366.6595689634228,1691.0777230755966,median,725.9591975000001,275.33264487794514,1911.440258599439
MPL-0699,S1:54.4,2015-08-10,32.023415,-143.6277915,1,3,S1_trawl_5_to_50:2015-08-10,741.629573,725.9591975000001,275.33264487794514,1911.440258599439,catboost|spatial_weather,888.1894763349284,413.4833573028003,1906.5746007509056,median,725.9591975000001,275.33264487794514,1911.440258599439
MPL-0701,S1:54.3,2015-08-10,32.028835,-143.6377665,1,3,S1_trawl_5_to_50:2015-08-10,439.780685,725.9591975000001,275.33264487794514,1911.440258599439,catboost|spatial_weather,888.1894763349284,413.4833573028003,1906.5746007509056,median,725.9591975000001,275.33264487794514,1911.440258599439
MPL-0705,S1:57.4,2015-08-11,32.003635,-142.0377085,1,2,S1_trawl_5_to_50:2015-08-11,1292.557215,609.4918765,172.00493715544224,2153.2756952515515,catboost|spatial,870.5910198134387,334.72112645218584,2261.8033983069104,median,609.4918765,172.00493715544224,2153.2756952515515
MPL-0710,S1:58.4,2015-08-11,32.01739,-141.4973835,1,2,S1_trawl_5_to_50:2015-08-11,1849.2198,609.4918765,172.00493715544224,2153.2756952515515,catboost|spatial,790.4999732929471,303.87150117455366,2053.872972085542,median,609.4918765,172.00493715544224,2153.2756952515515
MPL-0711,S1:56.4,2015-08-11,32.01915,-142.5771415,1,2,S1_trawl_5_to_50:2015-08-11,961.750609,609.4918765,172.00493715544224,2153.2756952515515,catboost|spatial,598.1074324197695,229.7653675928117,1554.3881387173508,median,609.4918765,172.00493715544224,2153.2756952515515
MPL-0715,S1:55.4,2015-08-11,32.021825,-143.1047085,1,2,S1_trawl_5_to_50:2015-08-11,937.233371,609.4918765,172.00493715544224,2153.2756952515515,catboost|spatial,666.3704759392175,256.05905963923624,1731.6109913433938,median,609.4918765,172.00493715544224,2153.2756952515515
MPL-0716,S1:61.3,2015-08-12,31.99739,-139.8349335,1,0,S1_trawl_5_to_50:2015-08-12,969.284957,517.576251,157.9445751566133,1690.9188832726002,spline_glm|spatial_weather,778.2653855340252,342.6617899576274,1766.0120997925496,median,517.576251,157.9445751566133,1690.9188832726002
MPL-0721,S1:60.4,2015-08-12,32.00135,-140.3389585,1,0,S1_trawl_5_to_50:2015-08-12,1390.855413,517.576251,157.9445751566133,1690.9188832726002,spline_glm|spatial_weather,805.9381935651429,354.8657026652482,1828.7611805729207,median,517.576251,157.9445751566133,1690.9188832726002
MPL-0724,S1:62.3,2015-08-12,32.007425,-139.3066335,1,0,S1_trawl_5_to_50:2015-08-12,883.382867,517.576251,157.9445751566133,1690.9188832726002,spline_glm|spatial_weather,794.549399239432,349.84316026045366,1802.9366825916718,median,517.576251,157.9445751566133,1690.9188832726002
MPL-0725,S1:66.4,2015-08-13,31.994635,-137.2262165,1,3,S1_trawl_5_to_50:2015-08-13,940.427881,725.9591975000001,275.33264487794514,1911.440258599439,catboost|spatial_weather,994.396029589233,462.99007092456793,2134.419091507,median,725.9591975000001,275.33264487794514,1911.440258599439
MPL-0726,S1:65.3,2015-08-13,31.9947,-137.7624415,1,3,S1_trawl_5_to_50:2015-08-13,254.925782,725.9591975000001,275.33264487794514,1911.440258599439,catboost|spatial_weather,995.3453267606476,463.43257265131774,2136.4556149038117,median,725.9591975000001,275.33264487794514,1911.440258599439
MPL-0727,S1:66.3,2015-08-13,31.99716,-137.2263335,1,3,S1_trawl_5_to_50:2015-08-13,942.476591,725.9591975000001,275.33264487794514,1911.440258599439,catboost|spatial_weather,994.396029589233,462.99007092456793,2134.419091507,median,725.9591975000001,275.33264487794514,1911.440258599439
MPL-0736,S1:64.3,2015-08-13,32.007085,-138.2743415,1,3,S1_trawl_5_to_50:2015-08-13,926.093191,725.9591975000001,275.33264487794514,1911.440258599439,catboost|spatial_weather,993.2415743092859,462.4519375873846,2131.9424432466008,median,725.9591975000001,275.33264487794514,1911.440258599439
MPL-0738,S1:63.3,2015-08-13,32.0156,-138.781625,1,3,S1_trawl_5_to_50:2015-08-13,473.750303,725.9591975000001,275.33264487794514,1911.440258599439,catboost|spatial_weather,984.0340138111126,458.15996080468364,2112.1895008100923,median,725.9591975000001,275.33264487794514,1911.440258599439
MPL-0739,S1:69.4,2015-08-14,31.99764,-135.6463915,1,4,S1_trawl_5_to_50:2015-08-14,1171.220722,495.219971,159.44522741985102,1533.693574741854,catboost|spatial_weather,727.554993884626,274.81541985445085,1923.4478042392595,median,495.219971,159.44522741985102,1533.693574741854
MPL-0742,S1:68.4,2015-08-14,32.001165,-136.1661665,1,4,S1_trawl_5_to_50:2015-08-14,470.658241,495.219971,159.44522741985102,1533.693574741854,catboost|spatial_weather,722.0463225984416,272.72995410870413,1908.8968774733219,median,495.219971,159.44522741985102,1533.693574741854
MPL-0747,S1:70.4,2015-08-14,32.00864,-135.113225,1,4,S1_trawl_5_to_50:2015-08-14,727.272727,495.219971,159.44522741985102,1533.693574741854,catboost|spatial_weather,604.3033244487987,228.15496012450478,1597.8836304904723,median,495.219971,159.44522741985102,1533.693574741854
MPL-0751,S1:67.4,2015-08-14,32.01855,-136.6982335,1,4,S1_trawl_5_to_50:2015-08-14,1425.853627,495.219971,159.44522741985102,1533.693574741854,catboost|spatial_weather,748.0489923361354,282.57401163523093,1977.5818512928656,median,495.219971,159.44522741985102,1533.693574741854
MPL-0753,S1:71.4,2015-08-15,32.008585,-134.5978585,1,1,S1_trawl_5_to_50:2015-08-15,290.674527,633.666764,225.98888216291675,1773.5446274198077,lightgbm|spatial_season,685.0045543163814,337.08226001787204,1390.9755757605844,median,633.666764,225.98888216291675,1773.5446274198077
MPL-0755,S1:72.4,2015-08-15,32.996175,-134.1399,1,1,S1_trawl_5_to_50:2015-08-15,71.74788,633.666764,225.98888216291675,1773.5446274198077,lightgbm|spatial_season,664.128264159736,326.7938394636078,1348.615381753564,median,633.666764,225.98888216291675,1773.5446274198077
MPL-0756,S1:73.3,2015-08-15,32.99759,-134.7286085,1,1,S1_trawl_5_to_50:2015-08-15,1417.506452,633.666764,225.98888216291675,1773.5446274198077,lightgbm|spatial_season,664.128264159736,326.7938394636078,1348.615381753564,median,633.666764,225.98888216291675,1773.5446274198077
MPL-0762,S1:74.3,2015-08-16,32.987775,-135.2962085,1,1,S1_trawl_5_to_50:2015-08-16,1026.323987,633.666764,225.98888216291675,1773.5446274198077,lightgbm|spatial_season,803.2696071874071,395.36659079117686,1630.9478383741346,median,633.666764,225.98888216291675,1773.5446274198077
MPL-0763,S1:75.3,2015-08-16,32.996535,-136.8875415,1,1,S1_trawl_5_to_50:2015-08-16,1518.942464,633.666764,225.98888216291675,1773.5446274198077,lightgbm|spatial_season,961.6312207178918,473.4116298008903,1952.2802505067918,median,633.666764,225.98888216291675,1773.5446274198077
MPL-0768,S1:77.3,2015-08-17,32.98329,-138.0048415,1,2,S1_trawl_5_to_50:2015-08-17,376.349309,609.4918765,172.00493715544224,2153.2756952515515,catboost|spatial,710.6249060245202,273.1050672058556,1846.5032659432318,median,609.4918765,172.00493715544224,2153.2756952515515
MPL-0770,S1:78.3,2015-08-17,32.9915,-139.571725,1,2,S1_trawl_5_to_50:2015-08-17,748.005286,609.4918765,172.00493715544224,2153.2756952515515,catboost|spatial,805.9295843662919,309.814708817252,2093.930952924757,median,609.4918765,172.00493715544224,2153.2756952515515
MPL-0777,S1:79.4,2015-08-18,33.786985,-138.3120665,1,1,S1_trawl_5_to_50:2015-08-18,552.015861,633.666764,225.98888216291675,1773.5446274198077,lightgbm|spatial_season,543.482249820253,267.3361041856147,1103.8118972624532,median,633.666764,225.98888216291675,1773.5446274198077
MPL-0778,S1:79.3,2015-08-18,33.7888,-138.313375,1,1,S1_trawl_5_to_50:2015-08-18,361.510331,633.666764,225.98888216291675,1773.5446274198077,lightgbm|spatial_season,543.482249820253,267.3361041856147,1103.8118972624532,median,633.666764,225.98888216291675,1773.5446274198077
MPL-0526,S1:0.1,2015-07-25,33.1895665,-128.790017,2,1,S1_trawl_5_to_50:2015-07-25,91.014999,721.013939,260.9450491439605,1989.12781426457,tweedie_glm|spatial_season,1106.5102902045212,448.23949709600276,2729.345507992549,median,721.013939,260.9450491439605,1989.12781426457
MPL-0530,S1:2.3,2015-07-27,29.054015,-134.546025,2,0,S1_trawl_5_to_50:2015-07-27,61.817996,517.576251,137.13853267261103,1945.751010730365,random_forest|spatial_season,214.84027543075265,84.22542159721766,545.6329602709069,median,517.576251,137.13853267261103,1945.751010730365
MPL-0531,S1:1.3,2015-07-27,29.07234,-134.05625,2,0,S1_trawl_5_to_50:2015-07-27,152.892947,517.576251,137.13853267261103,1945.751010730365,random_forest|spatial_season,213.0807405083081,83.53066198721858,541.1767957231347,median,517.576251,137.13853267261103,1945.751010730365
MPL-0535,S1:4.3,2015-07-28,28.988125,-135.6992415,2,1,S1_trawl_5_to_50:2015-07-28,255.766117,721.013939,260.9450491439605,1989.12781426457,tweedie_glm|spatial_season,354.6701363582749,143.27050890890752,875.8337122660791,median,721.013939,260.9450491439605,1989.12781426457
MPL-0543,S1:3.3,2015-07-28,29.00679,-135.1118335,2,1,S1_trawl_5_to_50:2015-07-28,177.80932,721.013939,260.9450491439605,1989.12781426457,tweedie_glm|spatial_season,343.62512664482375,138.79032064070196,848.6044459345798,median,721.013939,260.9450491439605,1989.12781426457
MPL-0544,S1:6.4,2015-07-28,29.0074,-136.8627915,2,1,S1_trawl_5_to_50:2015-07-28,348.007734,721.013939,260.9450491439605,1989.12781426457,tweedie_glm|spatial_season,386.25678749749176,156.08300500779995,953.7042944297557,median,721.013939,260.9450491439605,1989.12781426457
MPL-0545,S1:6.3,2015-07-28,29.00841,-136.8621665,2,1,S1_trawl_5_to_50:2015-07-28,340.282743,721.013939,260.9450491439605,1989.12781426457,tweedie_glm|spatial_season,386.3978003570719,156.14020406651952,954.0519334820783,median,721.013939,260.9450491439605,1989.12781426457
MPL-0546,S1:5.3,2015-07-28,29.00875,-136.26805,2,1,S1_trawl_5_to_50:2015-07-28,346.539186,721.013939,260.9450491439605,1989.12781426457,tweedie_glm|spatial_season,371.4465742990347,150.0755369165276,917.1926706223129,median,721.013939,260.9450491439605,1989.12781426457
MPL-0551,S1:9.4,2015-07-29,28.999935,-138.5806,2,2,S1_trawl_5_to_50:2015-07-29,415.473402,670.255623,235.32017804250003,1905.6679584512015,random_forest|all,177.84774448764384,69.39189041892918,453.406260692155,median,670.255623,235.32017804250003,1905.6679584512015
MPL-0554,S1:10.4,2015-07-29,29.000435,-139.1930835,2,2,S1_trawl_5_to_50:2015-07-29,422.521177,670.255623,235.32017804250003,1905.6679584512015,random_forest|all,146.4728262845421,57.04317553643208,373.69063832835894,median,670.255623,235.32017804250003,1905.6679584512015
MPL-0555,S1:8.4,2015-07-29,29.00169,-138.0501585,2,2,S1_trawl_5_to_50:2015-07-29,257.163107,670.255623,235.32017804250003,1905.6679584512015,random_forest|all,152.08293997499067,59.25123529847775,387.94449873592333,median,670.255623,235.32017804250003,1905.6679584512015
MPL-0559,S1:7.4,2015-07-29,29.007175,-137.46765,2,2,S1_trawl_5_to_50:2015-07-29,346.454898,670.255623,235.32017804250003,1905.6679584512015,random_forest|all,141.72718804080296,55.17536083081111,361.6331883721804,median,670.255623,235.32017804250003,1905.6679584512015
MPL-0563,S1:11.4,2015-07-29,29.0174845,-139.833862,2,2,S1_trawl_5_to_50:2015-07-29,66.287879,670.255623,235.32017804250003,1905.6679584512015,random_forest|all,184.88863624004063,72.16308377172261,471.29536129172055,median,670.255623,235.32017804250003,1905.6679584512015
MPL-0566,S1:12.3,2015-07-30,28.99819,-140.4820415,2,3,S1_trawl_5_to_50:2015-07-30,86.517306,517.576251,177.5926027939266,1504.7808884252415,catboost|spatial_geography,333.3796892856924,157.3938746605443,704.8970989024482,median,517.576251,177.5926027939266,1504.7808884252415
MPL-0569,S1:13.3,2015-07-30,28.99935,-141.0904165,2,3,S1_trawl_5_to_50:2015-07-30,58.416996,517.576251,177.5926027939266,1504.7808884252415,catboost|spatial_geography,247.23014562404126,116.58529549726873,523.0298536985349,median,517.576251,177.5926027939266,1504.7808884252415
MPL-0570,S1:14.3,2015-07-30,29.00124,-141.6246665,2,3,S1_trawl_5_to_50:2015-07-30,225.114268,517.576251,177.5926027939266,1504.7808884252415,catboost|spatial_geography,214.50115379615124,101.08174670090766,453.9368402123894,median,517.576251,177.5926027939266,1504.7808884252415
MPL-0573,S1:17.4,2015-07-31,28.987515,-143.5660835,2,1,S1_trawl_5_to_50:2015-07-31,150.661497,721.013939,260.9450491439605,1989.12781426457,tweedie_glm|spatial_season,619.4573924250449,250.67618703664704,1528.6138277827217,median,721.013939,260.9450491439605,1989.12781426457
MPL-0574,S1:17.3,2015-07-31,28.98866,-143.5482335,2,1,S1_trawl_5_to_50:2015-07-31,201.055457,721.013939,260.9450491439605,1989.12781426457,tweedie_glm|spatial_season,619.006144872229,250.49314745183634,1527.501367032046,median,721.013939,260.9450491439605,1989.12781426457
MPL-0577,S1:15.3,2015-07-31,29.00566,-142.3245335,2,1,S1_trawl_5_to_50:2015-07-31,141.836664,721.013939,260.9450491439605,1989.12781426457,tweedie_glm|spatial_season,574.441114958047,232.41623042109836,1417.6351831094823,median,721.013939,260.9450491439605,1989.12781426457
MPL-0581,S1:16.3,2015-07-31,29.00719,-142.9808085,2,1,S1_trawl_5_to_50:2015-07-31,315.828009,721.013939,260.9450491439605,1989.12781426457,tweedie_glm|spatial_season,600.4959566717353,242.98485817282062,1481.8681935506672,median,721.013939,260.9450491439605,1989.12781426457
MPL-0588,S1:20.4,2015-08-01,30.006425,-141.7679665,2,3,S1_trawl_5_to_50:2015-08-01,659.544272,517.576251,177.5926027939266,1504.7808884252415,catboost|spatial_geography,439.152200392444,207.49774880003946,928.1896944945504,median,517.576251,177.5926027939266,1504.7808884252415
MPL-0590,S1:19.4,2015-08-01,30.010985,-142.26325,2,3,S1_trawl_5_to_50:2015-08-01,2109.259348,517.576251,177.5926027939266,1504.7808884252415,catboost|spatial_geography,351.1714505645602,165.82173704661025,742.456654920778,median,517.576251,177.5926027939266,1504.7808884252415
MPL-0593,S1:18.4,2015-08-01,30.023565,-142.7086915,2,3,S1_trawl_5_to_50:2015-08-01,1162.176439,517.576251,177.5926027939266,1504.7808884252415,catboost|spatial_geography,350.51665087584706,165.5115619278901,741.0743305289699,median,517.576251,177.5926027939266,1504.7808884252415
MPL-0596,S1:24.4,2015-08-02,29.9806,-139.8215915,2,0,S1_trawl_5_to_50:2015-08-02,495.219971,517.576251,137.13853267261103,1945.751010730365,random_forest|spatial_season,464.3536972724987,182.74682372288152,1177.5458881824331,median,517.576251,137.13853267261103,1945.751010730365
MPL-0597,S1:21.4,2015-08-02,29.998635,-141.3439415,2,0,S1_trawl_5_to_50:2015-08-02,844.062324,517.576251,137.13853267261103,1945.751010730365,random_forest|spatial_season,471.24456174861047,185.46770993827337,1194.9975599794843,median,517.576251,137.13853267261103,1945.751010730365
MPL-0599,S1:22.4,2015-08-02,29.999935,-140.8015085,2,0,S1_trawl_5_to_50:2015-08-02,724.645668,517.576251,137.13853267261103,1945.751010730365,random_forest|spatial_season,630.3517040083765,248.29182027243317,1597.9492704520906,median,517.576251,137.13853267261103,1945.751010730365
MPL-0603,S1:27.3,2015-08-03,29.985215,-138.2296,2,2,S1_trawl_5_to_50:2015-08-03,423.877587,670.255623,235.32017804250003,1905.6679584512015,random_forest|all,608.6217534540107,238.93832177791256,1547.892563432748,median,670.255623,235.32017804250003,1905.6679584512015
MPL-0606,S1:26.3,2015-08-03,30.00074,-138.767875,2,2,S1_trawl_5_to_50:2015-08-03,529.96366,670.255623,235.32017804250003,1905.6679584512015,random_forest|all,610.6811290660677,239.74886229007066,1553.1249088219295,median,670.255623,235.32017804250003,1905.6679584512015
MPL-0607,S1:25.3,2015-08-03,30.00105,-139.342975,2,2,S1_trawl_5_to_50:2015-08-03,1719.436293,670.255623,235.32017804250003,1905.6679584512015,random_forest|all,611.5334338722706,240.08431715808499,1555.2903967964419,median,670.255623,235.32017804250003,1905.6679584512015
MPL-0610,S1:28.3,2015-08-03,30.003565,-137.7446665,2,2,S1_trawl_5_to_50:2015-08-03,505.188842,670.255623,235.32017804250003,1905.6679584512015,random_forest|all,618.2927243930616,242.7446763312592,1572.4640208713977,median,670.255623,235.32017804250003,1905.6679584512015
MPL-0618,S1:31.4,2015-08-04,29.996715,-136.0622665,2,2,S1_trawl_5_to_50:2015-08-04,246.22585,670.255623,235.32017804250003,1905.6679584512015,random_forest|all,608.8119667924188,239.01318700202714,1548.3758467533594,median,670.255623,235.32017804250003,1905.6679584512015
MPL-0621,S1:30.4,2015-08-04,30.00139,-136.6523,2,2,S1_trawl_5_to_50:2015-08-04,720.647461,670.255623,235.32017804250003,1905.6679584512015,random_forest|all,669.4924859181795,262.8961633577025,1702.5494868615278,median,670.255623,235.32017804250003,1905.6679584512015
MPL-0622,S1:29.3,2015-08-04,30.002915,-137.2931585,2,2,S1_trawl_5_to_50:2015-08-04,646.404545,670.255623,235.32017804250003,1905.6679584512015,random_forest|all,690.0252721542621,270.9775716128985,1754.7180319100466,median,670.255623,235.32017804250003,1905.6679584512015
MPL-0623,S1:30.3,2015-08-04,30.00491,-136.6517,2,2,S1_trawl_5_to_50:2015-08-04,490.394472,670.255623,235.32017804250003,1905.6679584512015,random_forest|all,673.6767124868801,264.5430145324586,1713.180533702062,median,670.255623,235.32017804250003,1905.6679584512015
MPL-0627,S1:32.4,2015-08-04,30.015125,-135.476125,2,2,S1_trawl_5_to_50:2015-08-04,949.556256,670.255623,235.32017804250003,1905.6679584512015,random_forest|all,623.9019544750753,244.95238831778053,1586.7156362564936,median,670.255623,235.32017804250003,1905.6679584512015
MPL-0631,S1:34.4,2015-08-05,30.000825,-134.268275,2,3,S1_trawl_5_to_50:2015-08-05,373.240546,517.576251,177.5926027939266,1504.7808884252415,catboost|spatial_geography,227.11827593958634,107.05841013890895,480.57239913815624,median,517.576251,177.5926027939266,1504.7808884252415
MPL-0634,S1:33.4,2015-08-05,30.00406,-134.8896165,2,3,S1_trawl_5_to_50:2015-08-05,633.666764,517.576251,177.5926027939266,1504.7808884252415,catboost|spatial_geography,565.3107192279947,267.25836602677833,1194.5184677465556,median,517.576251,177.5926027939266,1504.7808884252415
MPL-0637,S1:35.4,2015-08-05,30.998235,-134.2625085,2,3,S1_trawl_5_to_50:2015-08-05,828.098322,517.576251,177.5926027939266,1504.7808884252415,catboost|spatial_geography,215.9425722245527,101.76453891944622,456.9797675178328,median,517.576251,177.5926027939266,1504.7808884252415
MPL-0640,S1:39.3,2015-08-06,30.97964,-136.3260415,2,0,S1_trawl_5_to_50:2015-08-06,721.013939,517.576251,137.13853267261103,1945.751010730365,random_forest|spatial_season,1079.2885088768082,425.55636642380716,2734.91805039847,median,517.576251,137.13853267261103,1945.751010730365
MPL-0642,S1:38.3,2015-08-06,30.991785,-135.9519665,2,0,S1_trawl_5_to_50:2015-08-06,846.359613,517.576251,137.13853267261103,1945.751010730365,random_forest|spatial_season,1018.6614465329608,401.617521191408,2581.3751099282213,median,517.576251,137.13853267261103,1945.751010730365
MPL-0647,S1:36.3,2015-08-06,30.997975,-134.8475585,2,0,S1_trawl_5_to_50:2015-08-06,347.331302,517.576251,137.13853267261103,1945.751010730365,random_forest|spatial_season,692.7889713240124,272.9454323924772,1756.0767014695787,median,517.576251,137.13853267261103,1945.751010730365
MPL-0648,S1:37.3,2015-08-06,31.000565,-135.4216585,2,0,S1_trawl_5_to_50:2015-08-06,1104.538559,517.576251,137.13853267261103,1945.751010730365,random_forest|spatial_season,705.396348195134,277.9235070679845,1788.0059034063283,median,517.576251,137.13853267261103,1945.751010730365
MPL-0654,S1:41.3,2015-08-07,30.965825,-137.3956835,2,3,S1_trawl_5_to_50:2015-08-07,2209.120417,517.576251,177.5926027939266,1504.7808884252415,catboost|spatial_geography,629.3172639719444,297.57792475142804,1329.6404135263438,median,517.576251,177.5926027939266,1504.7808884252415
MPL-0656,S1:42.3,2015-08-07,30.988835,-137.914525,2,3,S1_trawl_5_to_50:2015-08-07,1706.702091,517.576251,177.5926027939266,1504.7808884252415,catboost|spatial_geography,597.7731301853589,282.6356368871704,1263.048711814711,median,517.576251,177.5926027939266,1504.7808884252415
MPL-0658,S1:42.4,2015-08-07,30.98994,-137.91355,2,3,S1_trawl_5_to_50:2015-08-07,1197.871844,517.576251,177.5926027939266,1504.7808884252415,catboost|spatial_geography,597.7731301853589,282.6356368871704,1263.048711814711,median,517.576251,177.5926027939266,1504.7808884252415
MPL-0660,S1:43.4,2015-08-07,31.001675,-138.493,2,3,S1_trawl_5_to_50:2015-08-07,351.925224,517.576251,177.5926027939266,1504.7808884252415,catboost|spatial_geography,703.9242473824565,332.918854711529,1487.1405692919263,median,517.576251,177.5926027939266,1504.7808884252415
MPL-0666,S1:45.4,2015-08-08,30.987735,-139.5542835,2,3,S1_trawl_5_to_50:2015-08-08,1035.855936,517.576251,177.5926027939266,1504.7808884252415,catboost|spatial_geography,788.3588608892752,372.9150806108357,1665.387486288398,median,517.576251,177.5926027939266,1504.7808884252415
MPL-0668,S1:44.4,2015-08-08,30.99416,-139.0254165,2,3,S1_trawl_5_to_50:2015-08-08,729.389849,517.576251,177.5926027939266,1504.7808884252415,catboost|spatial_geography,728.560828676214,344.5890718166524,1539.1499820026338,median,517.576251,177.5926027939266,1504.7808884252415
MPL-0669,S1:47.4,2015-08-08,30.99445,-140.6223835,2,3,S1_trawl_5_to_50:2015-08-08,1077.945907,517.576251,177.5926027939266,1504.7808884252415,catboost|spatial_geography,1342.9563796405278,635.6249660700585,2836.178632070339,median,517.576251,177.5926027939266,1504.7808884252415
MPL-0671,S1:46.4,2015-08-08,30.999525,-140.084,2,3,S1_trawl_5_to_50:2015-08-08,747.327276,517.576251,177.5926027939266,1504.7808884252415,catboost|spatial_geography,1244.493751479116,588.9837444783326,2628.317671023549,median,517.576251,177.5926027939266,1504.7808884252415
MPL-0677,S1:48.4,2015-08-09,30.97485,-141.2498415,2,4,S1_trawl_5_to_50:2015-08-09,1380.789998,633.666764,212.73276750698997,1883.6052761332367,random_forest|spatial_weather,852.9399071929884,390.6235846369038,1861.0261743757446,median,633.666764,212.73276750698997,1883.6052761332367
MPL-0680,S1:51.3,2015-08-09,30.9897265,-142.8742845,2,4,S1_trawl_5_to_50:2015-08-09,680.966974,633.666764,212.73276750698997,1883.6052761332367,random_forest|spatial_weather,727.8196073201713,333.24242709373834,1588.1998649990646,median,633.666764,212.73276750698997,1883.6052761332367
MPL-0684,S1:49.3,2015-08-09,30.991625,-141.8085085,2,4,S1_trawl_5_to_50:2015-08-09,1819.989117,633.666764,212.73276750698997,1883.6052761332367,random_forest|spatial_weather,889.0858786410661,407.20041257226836,1939.842897154047,median,633.666764,212.73276750698997,1883.6052761332367
MPL-0687,S1:50.3,2015-08-09,30.996965,-142.37745,2,4,S1_trawl_5_to_50:2015-08-09,280.885892,633.666764,212.73276750698997,1883.6052761332367,random_forest|spatial_weather,785.4880490867733,359.68962987092067,1713.9465915548583,median,633.666764,212.73276750698997,1883.6052761332367
MPL-0691,S1:52.3,2015-08-10,31.00401,-143.3006915,2,1,S1_trawl_5_to_50:2015-08-10,559.439481,721.013939,260.9450491439605,1989.12781426457,tweedie_glm|spatial_season,995.2297070271882,403.1007442868499,2455.0054471440717,median,721.013939,260.9450491439605,1989.12781426457
MPL-0694,S1:53.3,2015-08-10,31.00916,-143.842775,2,1,S1_trawl_5_to_50:2015-08-10,349.268718,721.013939,260.9450491439605,1989.12781426457,tweedie_glm|spatial_season,1033.9878563919592,418.8222158460768,2550.555926405682,median,721.013939,260.9450491439605,1989.12781426457
MPL-0699,S1:54.4,2015-08-10,32.023415,-143.6277915,2,1,S1_trawl_5_to_50:2015-08-10,741.629573,721.013939,260.9450491439605,1989.12781426457,tweedie_glm|spatial_season,1533.378742230104,621.3901850943139,3781.70445291626,median,721.013939,260.9450491439605,1989.12781426457
MPL-0701,S1:54.3,2015-08-10,32.028835,-143.6377665,2,1,S1_trawl_5_to_50:2015-08-10,439.780685,721.013939,260.9450491439605,1989.12781426457,tweedie_glm|spatial_season,1537.7507480732816,623.1636022116639,3792.4827604592383,median,721.013939,260.9450491439605,1989.12781426457
MPL-0705,S1:57.4,2015-08-11,32.003635,-142.0377085,2,0,S1_trawl_5_to_50:2015-08-11,1292.557215,517.576251,137.13853267261103,1945.751010730365,random_forest|spatial_season,810.5904417421948,319.4598281007182,2054.4184561325824,median,517.576251,137.13853267261103,1945.751010730365
MPL-0710,S1:58.4,2015-08-11,32.01739,-141.4973835,2,0,S1_trawl_5_to_50:2015-08-11,1849.2198,517.576251,137.13853267261103,1945.751010730365,random_forest|spatial_season,785.488413108646,309.54818872308044,1990.845537716973,median,517.576251,137.13853267261103,1945.751010730365
MPL-0711,S1:56.4,2015-08-11,32.01915,-142.5771415,2,0,S1_trawl_5_to_50:2015-08-11,961.750609,517.576251,137.13853267261103,1945.751010730365,random_forest|spatial_season,625.934214704249,246.54755642920873,1586.7616213886283,median,517.576251,137.13853267261103,1945.751010730365
MPL-0715,S1:55.4,2015-08-11,32.021825,-143.1047085,2,0,S1_trawl_5_to_50:2015-08-11,937.233371,517.576251,137.13853267261103,1945.751010730365,random_forest|spatial_season,591.0220595489137,232.76234819574577,1498.3437638598982,median,517.576251,137.13853267261103,1945.751010730365
MPL-0716,S1:61.3,2015-08-12,31.99739,-139.8349335,2,2,S1_trawl_5_to_50:2015-08-12,969.284957,670.255623,235.32017804250003,1905.6679584512015,random_forest|all,542.2309808781432,212.8078720963882,1379.210633464392,median,670.255623,235.32017804250003,1905.6679584512015
MPL-0721,S1:60.4,2015-08-12,32.00135,-140.3389585,2,2,S1_trawl_5_to_50:2015-08-12,1390.855413,670.255623,235.32017804250003,1905.6679584512015,random_forest|all,563.8151313523836,221.30308213843244,1434.050425463524,median,670.255623,235.32017804250003,1905.6679584512015
MPL-0724,S1:62.3,2015-08-12,32.007425,-139.3066335,2,2,S1_trawl_5_to_50:2015-08-12,883.382867,670.255623,235.32017804250003,1905.6679584512015,random_forest|all,542.5346156666407,212.92737836592775,1379.9820916074757,median,670.255623,235.32017804250003,1905.6679584512015
MPL-0725,S1:66.4,2015-08-13,31.994635,-137.2262165,2,4,S1_trawl_5_to_50:2015-08-13,940.427881,633.666764,212.73276750698997,1883.6052761332367,random_forest|spatial_weather,924.8665519504079,423.6097118966055,2017.8630829745994,median,633.666764,212.73276750698997,1883.6052761332367
MPL-0726,S1:65.3,2015-08-13,31.9947,-137.7624415,2,4,S1_trawl_5_to_50:2015-08-13,254.925782,633.666764,212.73276750698997,1883.6052761332367,random_forest|spatial_weather,910.4135367696415,416.981445005427,1986.3481106228562,median,633.666764,212.73276750698997,1883.6052761332367
MPL-0727,S1:66.3,2015-08-13,31.99716,-137.2263335,2,4,S1_trawl_5_to_50:2015-08-13,942.476591,633.666764,212.73276750698997,1883.6052761332367,random_forest|spatial_weather,924.8665519504079,423.6097118966055,2017.8630829745994,median,633.666764,212.73276750698997,1883.6052761332367
MPL-0736,S1:64.3,2015-08-13,32.007085,-138.2743415,2,4,S1_trawl_5_to_50:2015-08-13,926.093191,633.666764,212.73276750698997,1883.6052761332367,random_forest|spatial_weather,887.3732721168446,406.4149976965392,1936.108538158003,median,633.666764,212.73276750698997,1883.6052761332367
MPL-0738,S1:63.3,2015-08-13,32.0156,-138.781625,2,4,S1_trawl_5_to_50:2015-08-13,473.750303,633.666764,212.73276750698997,1883.6052761332367,random_forest|spatial_weather,917.0604898864868,420.029790192958,2000.8418713420367,median,633.666764,212.73276750698997,1883.6052761332367
MPL-0739,S1:69.4,2015-08-14,31.99764,-135.6463915,2,1,S1_trawl_5_to_50:2015-08-14,1171.220722,721.013939,260.9450491439605,1989.12781426457,tweedie_glm|spatial_season,652.1892242933641,263.95320289610163,1609.3076244006556,median,721.013939,260.9450491439605,1989.12781426457
MPL-0742,S1:68.4,2015-08-14,32.001165,-136.1661665,2,1,S1_trawl_5_to_50:2015-08-14,470.658241,721.013939,260.9450491439605,1989.12781426457,tweedie_glm|spatial_season,676.1387292076996,273.66784269545514,1668.3503472898726,median,721.013939,260.9450491439605,1989.12781426457
MPL-0747,S1:70.4,2015-08-14,32.00864,-135.113225,2,1,S1_trawl_5_to_50:2015-08-14,727.272727,721.013939,260.9450491439605,1989.12781426457,tweedie_glm|spatial_season,632.2133898060259,255.85040338395677,1560.0611926127997,median,721.013939,260.9450491439605,1989.12781426457
MPL-0751,S1:67.4,2015-08-14,32.01855,-136.6982335,2,1,S1_trawl_5_to_50:2015-08-14,1425.853627,721.013939,260.9450491439605,1989.12781426457,tweedie_glm|spatial_season,705.4681980477285,285.5647577384334,1740.6562971374283,median,721.013939,260.9450491439605,1989.12781426457
MPL-0753,S1:71.4,2015-08-15,32.008585,-134.5978585,2,4,S1_trawl_5_to_50:2015-08-15,290.674527,633.666764,212.73276750698997,1883.6052761332367,random_forest|spatial_weather,715.0688712922383,327.3948388642196,1560.396732686616,median,633.666764,212.73276750698997,1883.6052761332367
MPL-0755,S1:72.4,2015-08-15,32.996175,-134.1399,2,4,S1_trawl_5_to_50:2015-08-15,71.74788,633.666764,212.73276750698997,1883.6052761332367,random_forest|spatial_weather,950.9895614911889,435.58993035424066,2074.824617514299,median,633.666764,212.73276750698997,1883.6052761332367
MPL-0756,S1:73.3,2015-08-15,32.99759,-134.7286085,2,4,S1_trawl_5_to_50:2015-08-15,1417.506452,633.666764,212.73276750698997,1883.6052761332367,random_forest|spatial_weather,1082.1294155136602,495.73170296428196,2360.776636663195,median,633.666764,212.73276750698997,1883.6052761332367
MPL-0762,S1:74.3,2015-08-16,32.987775,-135.2962085,2,0,S1_trawl_5_to_50:2015-08-16,1026.323987,517.576251,137.13853267261103,1945.751010730365,random_forest|spatial_season,567.270847275872,223.3840842207982,1438.1918971662292,median,517.576251,137.13853267261103,1945.751010730365
MPL-0763,S1:75.3,2015-08-16,32.996535,-136.8875415,2,0,S1_trawl_5_to_50:2015-08-16,1518.942464,517.576251,137.13853267261103,1945.751010730365,random_forest|spatial_season,553.5739444528411,217.97580573644538,1403.503382607238,median,517.576251,137.13853267261103,1945.751010730365
MPL-0768,S1:77.3,2015-08-17,32.98329,-138.0048415,2,2,S1_trawl_5_to_50:2015-08-17,376.349309,670.255623,235.32017804250003,1905.6679584512015,random_forest|all,738.486893571417,290.051366220108,1877.8465859677672,median,670.255623,235.32017804250003,1905.6679584512015
MPL-0770,S1:78.3,2015-08-17,32.9915,-139.571725,2,2,S1_trawl_5_to_50:2015-08-17,748.005286,670.255623,235.32017804250003,1905.6679584512015,random_forest|all,703.3035071724136,276.2036932340134,1788.4546224411433,median,670.255623,235.32017804250003,1905.6679584512015
MPL-0777,S1:79.4,2015-08-18,33.786985,-138.3120665,2,4,S1_trawl_5_to_50:2015-08-18,552.015861,633.666764,212.73276750698997,1883.6052761332367,random_forest|spatial_weather,805.8995056425633,369.050485027948,1758.4540165432832,median,633.666764,212.73276750698997,1883.6052761332367
MPL-0778,S1:79.3,2015-08-18,33.7888,-138.313375,2,4,S1_trawl_5_to_50:2015-08-18,361.510331,633.666764,212.73276750698997,1883.6052761332367,random_forest|spatial_weather,805.8995056425633,369.050485027948,1758.4540165432832,median,633.666764,212.73276750698997,1883.6052761332367
MPL-0526,S1:0.1,2015-07-25,33.1895665,-128.790017,3,1,S1_trawl_5_to_50:2015-07-25,91.014999,633.666764,170.80427914972597,2343.5393986676736,catboost|spatial,106.19939484077032,43.07434243386065,259.7346955084401,median,633.666764,170.80427914972597,2343.5393986676736
MPL-0530,S1:2.3,2015-07-27,29.054015,-134.546025,3,3,S1_trawl_5_to_50:2015-07-27,61.817996,505.188842,154.31752062253796,1648.6989054312796,random_forest|all,237.12495494256333,89.09553093959262,628.3707753874769,median,505.188842,154.31752062253796,1648.6989054312796
MPL-0531,S1:1.3,2015-07-27,29.07234,-134.05625,3,3,S1_trawl_5_to_50:2015-07-27,152.892947,505.188842,154.31752062253796,1648.6989054312796,random_forest|all,245.81158022508168,92.38215042510832,651.3297638348562,median,505.188842,154.31752062253796,1648.6989054312796
MPL-0535,S1:4.3,2015-07-28,28.988125,-135.6992415,3,2,S1_trawl_5_to_50:2015-07-28,255.766117,725.9591975000001,282.104592880848,1865.694105709068,catboost|spatial,163.31331365637803,63.87410036490721,415.1732477656668,median,725.9591975000001,282.104592880848,1865.694105709068
MPL-0543,S1:3.3,2015-07-28,29.00679,-135.1118335,3,2,S1_trawl_5_to_50:2015-07-28,177.80932,725.9591975000001,282.104592880848,1865.694105709068,catboost|spatial,163.6123617570417,63.99217038653041,415.9306776812464,median,725.9591975000001,282.104592880848,1865.694105709068
MPL-0544,S1:6.4,2015-07-28,29.0074,-136.8627915,3,2,S1_trawl_5_to_50:2015-07-28,348.007734,725.9591975000001,282.104592880848,1865.694105709068,catboost|spatial,180.70829624536572,70.74197869571462,459.231311216481,median,725.9591975000001,282.104592880848,1865.694105709068
MPL-0545,S1:6.3,2015-07-28,29.00841,-136.8621665,3,2,S1_trawl_5_to_50:2015-07-28,340.282743,725.9591975000001,282.104592880848,1865.694105709068,catboost|spatial,180.70829624536572,70.74197869571462,459.231311216481,median,725.9591975000001,282.104592880848,1865.694105709068
MPL-0546,S1:5.3,2015-07-28,29.00875,-136.26805,3,2,S1_trawl_5_to_50:2015-07-28,346.539186,725.9591975000001,282.104592880848,1865.694105709068,catboost|spatial,159.59031084383585,62.40418625542252,405.74361520907064,median,725.9591975000001,282.104592880848,1865.694105709068
MPL-0551,S1:9.4,2015-07-29,28.999935,-138.5806,3,2,S1_trawl_5_to_50:2015-07-29,415.473402,725.9591975000001,282.104592880848,1865.694105709068,catboost|spatial,171.87984017980713,67.25633208486259,436.8705715308116,median,725.9591975000001,282.104592880848,1865.694105709068
MPL-0554,S1:10.4,2015-07-29,29.000435,-139.1930835,3,2,S1_trawl_5_to_50:2015-07-29,422.521177,725.9591975000001,282.104592880848,1865.694105709068,catboost|spatial,195.30393230105315,76.50462042751303,496.1991814719862,median,725.9591975000001,282.104592880848,1865.694105709068
MPL-0555,S1:8.4,2015-07-29,29.00169,-138.0501585,3,2,S1_trawl_5_to_50:2015-07-29,257.163107,725.9591975000001,282.104592880848,1865.694105709068,catboost|spatial,147.19122329705723,57.50878470795477,374.33916952632484,median,725.9591975000001,282.104592880848,1865.694105709068
MPL-0559,S1:7.4,2015-07-29,29.007175,-137.46765,3,2,S1_trawl_5_to_50:2015-07-29,346.454898,725.9591975000001,282.104592880848,1865.694105709068,catboost|spatial,178.4804045098103,69.86236359430644,453.58850042638653,median,725.9591975000001,282.104592880848,1865.694105709068
MPL-0563,S1:11.4,2015-07-29,29.0174845,-139.833862,3,2,S1_trawl_5_to_50:2015-07-29,66.287879,725.9591975000001,282.104592880848,1865.694105709068,catboost|spatial,217.09382142791398,85.10769356078558,551.3886772260781,median,725.9591975000001,282.104592880848,1865.694105709068
MPL-0566,S1:12.3,2015-07-30,28.99819,-140.4820415,3,2,S1_trawl_5_to_50:2015-07-30,86.517306,725.9591975000001,282.104592880848,1865.694105709068,catboost|spatial,198.29060287755286,77.68381621162311,503.76382955903904,median,725.9591975000001,282.104592880848,1865.694105709068
MPL-0569,S1:13.3,2015-07-30,28.99935,-141.0904165,3,2,S1_trawl_5_to_50:2015-07-30,58.416996,725.9591975000001,282.104592880848,1865.694105709068,catboost|spatial,197.21999342796528,77.2611187238869,501.05218677240975,median,725.9591975000001,282.104592880848,1865.694105709068
MPL-0570,S1:14.3,2015-07-30,29.00124,-141.6246665,3,2,S1_trawl_5_to_50:2015-07-30,225.114268,725.9591975000001,282.104592880848,1865.694105709068,catboost|spatial,198.4702570189514,77.75474716992898,504.2188581007721,median,725.9591975000001,282.104592880848,1865.694105709068
MPL-0573,S1:17.4,2015-07-31,28.987515,-143.5660835,3,0,S1_trawl_5_to_50:2015-07-31,150.661497,552.015861,174.5159378416967,1741.4431437867825,catboost|spatial,120.94639969115191,47.78156211583862,303.84723638658994,median,552.015861,174.5159378416967,1741.4431437867825
MPL-0574,S1:17.3,2015-07-31,28.98866,-143.5482335,3,0,S1_trawl_5_to_50:2015-07-31,201.055457,552.015861,174.5159378416967,1741.4431437867825,catboost|spatial,120.94639969115191,47.78156211583862,303.84723638658994,median,552.015861,174.5159378416967,1741.4431437867825
MPL-0577,S1:15.3,2015-07-31,29.00566,-142.3245335,3,0,S1_trawl_5_to_50:2015-07-31,141.836664,552.015861,174.5159378416967,1741.4431437867825,catboost|spatial,120.19755591553906,47.48200616955701,301.97524216569417,median,552.015861,174.5159378416967,1741.4431437867825
MPL-0581,S1:16.3,2015-07-31,29.00719,-142.9808085,3,0,S1_trawl_5_to_50:2015-07-31,315.828009,552.015861,174.5159378416967,1741.4431437867825,catboost|spatial,164.16192665661882,65.06883683960056,411.87940459965955,median,552.015861,174.5159378416967,1741.4431437867825
MPL-0588,S1:20.4,2015-08-01,30.006425,-141.7679665,3,3,S1_trawl_5_to_50:2015-08-01,659.544272,505.188842,154.31752062253796,1648.6989054312796,random_forest|all,401.80019211572755,151.40106682640547,1063.611935776525,median,505.188842,154.31752062253796,1648.6989054312796
MPL-0590,S1:19.4,2015-08-01,30.010985,-142.26325,3,3,S1_trawl_5_to_50:2015-08-01,2109.259348,505.188842,154.31752062253796,1648.6989054312796,random_forest|all,422.38996289990473,159.19128911189586,1118.031263673568,median,505.188842,154.31752062253796,1648.6989054312796
MPL-0593,S1:18.4,2015-08-01,30.023565,-142.7086915,3,3,S1_trawl_5_to_50:2015-08-01,1162.176439,505.188842,154.31752062253796,1648.6989054312796,random_forest|all,414.41995401504954,156.1758043121297,1096.966311985005,median,505.188842,154.31752062253796,1648.6989054312796
MPL-0596,S1:24.4,2015-08-02,29.9806,-139.8215915,3,1,S1_trawl_5_to_50:2015-08-02,495.219971,633.666764,170.80427914972597,2343.5393986676736,catboost|spatial,261.7779374018594,107.03946061744318,638.1391070498079,median,633.666764,170.80427914972597,2343.5393986676736
MPL-0597,S1:21.4,2015-08-02,29.998635,-141.3439415,3,1,S1_trawl_5_to_50:2015-08-02,844.062324,633.666764,170.80427914972597,2343.5393986676736,catboost|spatial,316.1674675330508,129.4013664787551,770.4275178068608,median,633.666764,170.80427914972597,2343.5393986676736
MPL-0599,S1:22.4,2015-08-02,29.999935,-140.8015085,3,1,S1_trawl_5_to_50:2015-08-02,724.645668,633.666764,170.80427914972597,2343.5393986676736,catboost|spatial,456.5059946346357,187.10065022309269,1111.7645485455669,median,633.666764,170.80427914972597,2343.5393986676736
MPL-0603,S1:27.3,2015-08-03,29.985215,-138.2296,3,2,S1_trawl_5_to_50:2015-08-03,423.877587,725.9591975000001,282.104592880848,1865.694105709068,catboost|spatial,337.30511424851164,132.56945610394507,855.860195924075,median,725.9591975000001,282.104592880848,1865.694105709068
MPL-0606,S1:26.3,2015-08-03,30.00074,-138.767875,3,2,S1_trawl_5_to_50:2015-08-03,529.96366,725.9591975000001,282.104592880848,1865.694105709068,catboost|spatial,585.7984430239691,230.6794679603286,1485.2448354478945,median,725.9591975000001,282.104592880848,1865.694105709068
MPL-0607,S1:25.3,2015-08-03,30.00105,-139.342975,3,2,S1_trawl_5_to_50:2015-08-03,1719.436293,725.9591975000001,282.104592880848,1865.694105709068,catboost|spatial,699.5266742331289,275.58159135865384,1773.2960364841138,median,725.9591975000001,282.104592880848,1865.694105709068
MPL-0610,S1:28.3,2015-08-03,30.003565,-137.7446665,3,2,S1_trawl_5_to_50:2015-08-03,505.188842,725.9591975000001,282.104592880848,1865.694105709068,catboost|spatial,545.0506042349708,214.59142661768527,1382.038588608316,median,725.9591975000001,282.104592880848,1865.694105709068
MPL-0618,S1:31.4,2015-08-04,29.996715,-136.0622665,3,0,S1_trawl_5_to_50:2015-08-04,246.22585,552.015861,174.5159378416967,1741.4431437867825,catboost|spatial,613.902006460252,244.9759410631538,1536.1604064796168,median,552.015861,174.5159378416967,1741.4431437867825
MPL-0621,S1:30.4,2015-08-04,30.00139,-136.6523,3,0,S1_trawl_5_to_50:2015-08-04,720.647461,552.015861,174.5159378416967,1741.4431437867825,catboost|spatial,1041.9547154544553,416.20756303426805,2606.2263181847916,median,552.015861,174.5159378416967,1741.4431437867825
MPL-0622,S1:29.3,2015-08-04,30.002915,-137.2931585,3,0,S1_trawl_5_to_50:2015-08-04,646.404545,552.015861,174.5159378416967,1741.4431437867825,catboost|spatial,1121.5845680487955,448.0614645060941,2805.288697711667,median,552.015861,174.5159378416967,1741.4431437867825
MPL-0623,S1:30.3,2015-08-04,30.00491,-136.6517,3,0,S1_trawl_5_to_50:2015-08-04,490.394472,552.015861,174.5159378416967,1741.4431437867825,catboost|spatial,1051.3599660252405,419.9698948136053,2629.7379975069266,median,552.015861,174.5159378416967,1741.4431437867825
MPL-0627,S1:32.4,2015-08-04,30.015125,-135.476125,3,0,S1_trawl_5_to_50:2015-08-04,949.556256,552.015861,174.5159378416967,1741.4431437867825,catboost|spatial,1233.585212057809,492.8644794911773,3085.273075160601,median,552.015861,174.5159378416967,1741.4431437867825
MPL-0631,S1:34.4,2015-08-05,30.000825,-134.268275,3,0,S1_trawl_5_to_50:2015-08-05,373.240546,552.015861,174.5159378416967,1741.4431437867825,catboost|spatial,163.3034491179699,64.72542468899411,409.7333428395757,median,552.015861,174.5159378416967,1741.4431437867825
MPL-0634,S1:33.4,2015-08-05,30.00406,-134.8896165,3,0,S1_trawl_5_to_50:2015-08-05,633.666764,552.015861,174.5159378416967,1741.4431437867825,catboost|spatial,739.4596094122056,295.2020733887393,1850.0350953934956,median,552.015861,174.5159378416967,1741.4431437867825
MPL-0637,S1:35.4,2015-08-05,30.998235,-134.2625085,3,0,S1_trawl_5_to_50:2015-08-05,828.098322,552.015861,174.5159378416967,1741.4431437867825,catboost|spatial,120.63952139340886,47.6588032416015,303.08008785895055,median,552.015861,174.5159378416967,1741.4431437867825
MPL-0640,S1:39.3,2015-08-06,30.97964,-136.3260415,3,0,S1_trawl_5_to_50:2015-08-06,721.013939,552.015861,174.5159378416967,1741.4431437867825,catboost|spatial,1246.4607261367225,498.0150021093489,3117.4598793135287,median,552.015861,174.5159378416967,1741.4431437867825
MPL-0642,S1:38.3,2015-08-06,30.991785,-135.9519665,3,0,S1_trawl_5_to_50:2015-08-06,846.359613,552.015861,174.5159378416967,1741.4431437867825,catboost|spatial,1027.2558857008023,410.32766925737957,2569.481505382883,median,552.015861,174.5159378416967,1741.4431437867825
MPL-0647,S1:36.3,2015-08-06,30.997975,-134.8475585,3,0,S1_trawl_5_to_50:2015-08-06,347.331302,552.015861,174.5159378416967,1741.4431437867825,catboost|spatial,601.9317435506402,240.18754119938555,1506.2365909667526,median,552.015861,174.5159378416967,1741.4431437867825
MPL-0648,S1:37.3,2015-08-06,31.000565,-135.4216585,3,0,S1_trawl_5_to_50:2015-08-06,1104.538559,552.015861,174.5159378416967,1741.4431437867825,catboost|spatial,736.6741350340131,294.0878150609329,1843.0718380249448,median,552.015861,174.5159378416967,1741.4431437867825
MPL-0654,S1:41.3,2015-08-07,30.965825,-137.3956835,3,2,S1_trawl_5_to_50:2015-08-07,2209.120417,725.9591975000001,282.104592880848,1865.694105709068,catboost|spatial,857.1421897321659,337.8112704030105,2172.505081228175,median,725.9591975000001,282.104592880848,1865.694105709068
MPL-0656,S1:42.3,2015-08-07,30.988835,-137.914525,3,2,S1_trawl_5_to_50:2015-08-07,1706.702091,725.9591975000001,282.104592880848,1865.694105709068,catboost|spatial,616.4974565491535,242.80003713527296,1562.999387879941,median,725.9591975000001,282.104592880848,1865.694105709068
MPL-0658,S1:42.4,2015-08-07,30.98994,-137.91355,3,2,S1_trawl_5_to_50:2015-08-07,1197.871844,725.9591975000001,282.104592880848,1865.694105709068,catboost|spatial,616.4974565491535,242.80003713527296,1562.999387879941,median,725.9591975000001,282.104592880848,1865.694105709068
MPL-0660,S1:43.4,2015-08-07,31.001675,-138.493,3,2,S1_trawl_5_to_50:2015-08-07,351.925224,725.9591975000001,282.104592880848,1865.694105709068,catboost|spatial,567.3205895607657,223.38405109224223,1438.4440734378165,median,725.9591975000001,282.104592880848,1865.694105709068
MPL-0666,S1:45.4,2015-08-08,30.987735,-139.5542835,3,4,S1_trawl_5_to_50:2015-08-08,1035.855936,552.015861,176.76103873296492,1719.4362929999998,spline_glm|spatial_weather,1241.4683769433818,515.4038824904948,2988.3804443515896,median,552.015861,176.76103873296492,1719.4362929999998
MPL-0668,S1:44.4,2015-08-08,30.99416,-139.0254165,3,4,S1_trawl_5_to_50:2015-08-08,729.389849,552.015861,176.76103873296492,1719.4362929999998,spline_glm|spatial_weather,1284.7901183568933,533.4095845891053,3092.6126075197226,median,552.015861,176.76103873296492,1719.4362929999998
MPL-0669,S1:47.4,2015-08-08,30.99445,-140.6223835,3,4,S1_trawl_5_to_50:2015-08-08,1077.945907,552.015861,176.76103873296492,1719.4362929999998,spline_glm|spatial_weather,1187.3896486681754,492.92728207176424,2858.2669575528275,median,552.015861,176.76103873296492,1719.4362929999998
MPL-0671,S1:46.4,2015-08-08,30.999525,-140.084,3,4,S1_trawl_5_to_50:2015-08-08,747.327276,552.015861,176.76103873296492,1719.4362929999998,spline_glm|spatial_weather,1240.0421732019897,514.8111131589407,2984.9489963942046,median,552.015861,176.76103873296492,1719.4362929999998
MPL-0677,S1:48.4,2015-08-09,30.97485,-141.2498415,3,3,S1_trawl_5_to_50:2015-08-09,1380.789998,505.188842,154.31752062253796,1648.6989054312796,random_forest|all,824.2810009233849,311.24837384425035,2180.2402802931215,median,505.188842,154.31752062253796,1648.6989054312796
MPL-0680,S1:51.3,2015-08-09,30.9897265,-142.8742845,3,3,S1_trawl_5_to_50:2015-08-09,680.966974,505.188842,154.31752062253796,1648.6989054312796,random_forest|all,702.0370597184547,264.99688882176264,1857.1461968480432,median,505.188842,154.31752062253796,1648.6989054312796
MPL-0684,S1:49.3,2015-08-09,30.991625,-141.8085085,3,3,S1_trawl_5_to_50:2015-08-09,1819.989117,505.188842,154.31752062253796,1648.6989054312796,random_forest|all,752.5819601604032,284.1207544523288,1990.7377525533452,median,505.188842,154.31752062253796,1648.6989054312796
MPL-0687,S1:50.3,2015-08-09,30.996965,-142.37745,3,3,S1_trawl_5_to_50:2015-08-09,280.885892,505.188842,154.31752062253796,1648.6989054312796,random_forest|all,723.6665569648437,273.18049578072214,1914.313550250733,median,505.188842,154.31752062253796,1648.6989054312796
MPL-0691,S1:52.3,2015-08-10,31.00401,-143.3006915,3,4,S1_trawl_5_to_50:2015-08-10,559.439481,552.015861,176.76103873296492,1719.4362929999998,spline_glm|spatial_weather,1005.223131009923,417.2138886975826,2419.974091827822,median,552.015861,176.76103873296492,1719.4362929999998
MPL-0694,S1:53.3,2015-08-10,31.00916,-143.842775,3,4,S1_trawl_5_to_50:2015-08-10,349.268718,552.015861,176.76103873296492,1719.4362929999998,spline_glm|spatial_weather,1033.162010886046,428.8260522811417,2487.19507120135,median,552.015861,176.76103873296492,1719.4362929999998
MPL-0699,S1:54.4,2015-08-10,32.023415,-143.6277915,3,4,S1_trawl_5_to_50:2015-08-10,741.629573,552.015861,176.76103873296492,1719.4362929999998,spline_glm|spatial_weather,1044.9148976490833,433.71087387300776,2515.472531220523,median,552.015861,176.76103873296492,1719.4362929999998
MPL-0701,S1:54.3,2015-08-10,32.028835,-143.6377665,3,4,S1_trawl_5_to_50:2015-08-10,439.780685,552.015861,176.76103873296492,1719.4362929999998,spline_glm|spatial_weather,1044.0258778231805,433.34137288752845,2513.3335484250542,median,552.015861,176.76103873296492,1719.4362929999998
MPL-0705,S1:57.4,2015-08-11,32.003635,-142.0377085,3,0,S1_trawl_5_to_50:2015-08-11,1292.557215,552.015861,174.5159378416967,1741.4431437867825,catboost|spatial,1252.35104380819,500.3712741936454,3132.1847671997916,median,552.015861,174.5159378416967,1741.4431437867825
MPL-0710,S1:58.4,2015-08-11,32.01739,-141.4973835,3,0,S1_trawl_5_to_50:2015-08-11,1849.2198,552.015861,174.5159378416967,1741.4431437867825,catboost|spatial,778.9958702387974,311.0175510758621,1948.8696643563408,median,552.015861,174.5159378416967,1741.4431437867825
MPL-0711,S1:56.4,2015-08-11,32.01915,-142.5771415,3,0,S1_trawl_5_to_50:2015-08-11,961.750609,552.015861,174.5159378416967,1741.4431437867825,catboost|spatial,599.2529079231053,239.1159409972174,1499.5399140672605,median,552.015861,174.5159378416967,1741.4431437867825
MPL-0715,S1:55.4,2015-08-11,32.021825,-143.1047085,3,0,S1_trawl_5_to_50:2015-08-11,937.233371,552.015861,174.5159378416967,1741.4431437867825,catboost|spatial,596.1985712008662,237.89413111257997,1491.9045422061245,median,552.015861,174.5159378416967,1741.4431437867825
MPL-0716,S1:61.3,2015-08-12,31.99739,-139.8349335,3,3,S1_trawl_5_to_50:2015-08-12,969.284957,505.188842,154.31752062253796,1648.6989054312796,random_forest|all,597.5924501101506,225.47985223604084,1581.0962341296206,median,505.188842,154.31752062253796,1648.6989054312796
MPL-0721,S1:60.4,2015-08-12,32.00135,-140.3389585,3,3,S1_trawl_5_to_50:2015-08-12,1390.855413,505.188842,154.31752062253796,1648.6989054312796,random_forest|all,611.6892232139372,230.81342282979472,1618.3543913896672,median,505.188842,154.31752062253796,1648.6989054312796
MPL-0724,S1:62.3,2015-08-12,32.007425,-139.3066335,3,3,S1_trawl_5_to_50:2015-08-12,883.382867,505.188842,154.31752062253796,1648.6989054312796,random_forest|all,600.1018691801889,226.42930099717373,1587.728697435548,median,505.188842,154.31752062253796,1648.6989054312796
MPL-0725,S1:66.4,2015-08-13,31.994635,-137.2262165,3,4,S1_trawl_5_to_50:2015-08-13,940.427881,552.015861,176.76103873296492,1719.4362929999998,spline_glm|spatial_weather,957.9717893951383,397.57493714310664,2306.287305738255,median,552.015861,176.76103873296492,1719.4362929999998
MPL-0726,S1:65.3,2015-08-13,31.9947,-137.7624415,3,4,S1_trawl_5_to_50:2015-08-13,254.925782,552.015861,176.76103873296492,1719.4362929999998,spline_glm|spatial_weather,953.2417203519379,395.6089909156736,2294.9067537978012,median,552.015861,176.76103873296492,1719.4362929999998
MPL-0727,S1:66.3,2015-08-13,31.99716,-137.2263335,3,4,S1_trawl_5_to_50:2015-08-13,942.476591,552.015861,176.76103873296492,1719.4362929999998,spline_glm|spatial_weather,957.5941072794169,397.417962112977,2305.3786021029186,median,552.015861,176.76103873296492,1719.4362929999998
MPL-0736,S1:64.3,2015-08-13,32.007085,-138.2743415,3,4,S1_trawl_5_to_50:2015-08-13,926.093191,552.015861,176.76103873296492,1719.4362929999998,spline_glm|spatial_weather,986.9428999744428,409.61612407457585,2375.991833454269,median,552.015861,176.76103873296492,1719.4362929999998
MPL-0738,S1:63.3,2015-08-13,32.0156,-138.781625,3,4,S1_trawl_5_to_50:2015-08-13,473.750303,552.015861,176.76103873296492,1719.4362929999998,spline_glm|spatial_weather,953.0563219734738,395.53193427244395,2294.4606850709993,median,552.015861,176.76103873296492,1719.4362929999998
MPL-0739,S1:69.4,2015-08-14,31.99764,-135.6463915,3,3,S1_trawl_5_to_50:2015-08-14,1171.220722,505.188842,154.31752062253796,1648.6989054312796,random_forest|all,735.2998723747326,277.5820072841867,1945.0607213803396,median,505.188842,154.31752062253796,1648.6989054312796
MPL-0742,S1:68.4,2015-08-14,32.001165,-136.1661665,3,3,S1_trawl_5_to_50:2015-08-14,470.658241,505.188842,154.31752062253796,1648.6989054312796,random_forest|all,771.7890300148534,291.3878263001657,2041.5025640370156,median,505.188842,154.31752062253796,1648.6989054312796
MPL-0747,S1:70.4,2015-08-14,32.00864,-135.113225,3,3,S1_trawl_5_to_50:2015-08-14,727.272727,505.188842,154.31752062253796,1648.6989054312796,random_forest|all,557.552723221224,210.33066111659582,1475.2701397395351,median,505.188842,154.31752062253796,1648.6989054312796
MPL-0751,S1:67.4,2015-08-14,32.01855,-136.6982335,3,3,S1_trawl_5_to_50:2015-08-14,1425.853627,505.188842,154.31752062253796,1648.6989054312796,random_forest|all,735.0210174036339,277.47650138841726,1944.3237000571298,median,505.188842,154.31752062253796,1648.6989054312796
MPL-0753,S1:71.4,2015-08-15,32.008585,-134.5978585,3,4,S1_trawl_5_to_50:2015-08-15,290.674527,552.015861,176.76103873296492,1719.4362929999998,spline_glm|spatial_weather,945.7671377328521,392.50234968751823,2276.922898815388,median,552.015861,176.76103873296492,1719.4362929999998
MPL-0755,S1:72.4,2015-08-15,32.996175,-134.1399,3,4,S1_trawl_5_to_50:2015-08-15,71.74788,552.015861,176.76103873296492,1719.4362929999998,spline_glm|spatial_weather,805.051648277801,334.0171387722064,1938.3612579717417,median,552.015861,176.76103873296492,1719.4362929999998
MPL-0756,S1:73.3,2015-08-15,32.99759,-134.7286085,3,4,S1_trawl_5_to_50:2015-08-15,1417.506452,552.015861,176.76103873296492,1719.4362929999998,spline_glm|spatial_weather,848.6425019326731,352.13469128797306,2043.2409055238545,median,552.015861,176.76103873296492,1719.4362929999998
MPL-0762,S1:74.3,2015-08-16,32.987775,-135.2962085,3,1,S1_trawl_5_to_50:2015-08-16,1026.323987,633.666764,170.80427914972597,2343.5393986676736,catboost|spatial,1392.1291152580802,571.7760848992561,3387.424871337158,median,633.666764,170.80427914972597,2343.5393986676736
MPL-0763,S1:75.3,2015-08-16,32.996535,-136.8875415,3,1,S1_trawl_5_to_50:2015-08-16,1518.942464,633.666764,170.80427914972597,2343.5393986676736,catboost|spatial,1484.6810207751396,609.8282062076294,3612.5333520292334,median,633.666764,170.80427914972597,2343.5393986676736
MPL-0768,S1:77.3,2015-08-17,32.98329,-138.0048415,3,1,S1_trawl_5_to_50:2015-08-17,376.349309,633.666764,170.80427914972597,2343.5393986676736,catboost|spatial,1312.8577842225964,539.184186461439,3194.6179400033893,median,633.666764,170.80427914972597,2343.5393986676736
MPL-0770,S1:78.3,2015-08-17,32.9915,-139.571725,3,1,S1_trawl_5_to_50:2015-08-17,748.005286,633.666764,170.80427914972597,2343.5393986676736,catboost|spatial,1581.054153720058,649.451400621623,3846.9359763249386,median,633.666764,170.80427914972597,2343.5393986676736
MPL-0777,S1:79.4,2015-08-18,33.786985,-138.3120665,3,1,S1_trawl_5_to_50:2015-08-18,552.015861,633.666764,170.80427914972597,2343.5393986676736,catboost|spatial,1352.9291641215696,555.6592768487308,3292.081167777021,median,633.666764,170.80427914972597,2343.5393986676736
MPL-0778,S1:79.3,2015-08-18,33.7888,-138.313375,3,1,S1_trawl_5_to_50:2015-08-18,361.510331,633.666764,170.80427914972597,2343.5393986676736,catboost|spatial,1352.9291641215696,555.6592768487308,3292.081167777021,median,633.666764,170.80427914972597,2343.5393986676736
MPL-0526,S1:0.1,2015-07-25,33.1895665,-128.790017,4,1,S1_trawl_5_to_50:2015-07-25,91.014999,540.9897605,210.12477733418692,1390.3710375256885,gp_matern|spatial,501.5700213091996,238.657009335425,1052.908779964879,median,540.9897605,210.12477733418692,1390.3710375256885
MPL-0530,S1:2.3,2015-07-27,29.054015,-134.546025,4,3,S1_trawl_5_to_50:2015-07-27,61.817996,659.544272,265.3607407008013,1637.0744929753732,random_forest|spatial,276.77735667447416,118.95436345601429,642.2467953477299,median,659.544272,265.3607407008013,1637.0744929753732
MPL-0531,S1:1.3,2015-07-27,29.07234,-134.05625,4,3,S1_trawl_5_to_50:2015-07-27,152.892947,659.544272,265.3607407008013,1637.0744929753732,random_forest|spatial,262.1327822077204,112.6303036792403,608.3344717957066,median,659.544272,265.3607407008013,1637.0744929753732
MPL-0535,S1:4.3,2015-07-28,28.988125,-135.6992415,4,3,S1_trawl_5_to_50:2015-07-28,255.766117,659.544272,265.3607407008013,1637.0744929753732,random_forest|spatial,299.72662941939,128.8646939338182,695.3902420471227,median,659.544272,265.3607407008013,1637.0744929753732
MPL-0543,S1:3.3,2015-07-28,29.00679,-135.1118335,4,3,S1_trawl_5_to_50:2015-07-28,177.80932,659.544272,265.3607407008013,1637.0744929753732,random_forest|spatial,299.714785115939,128.8595791328925,695.3628142886861,median,659.544272,265.3607407008013,1637.0744929753732
MPL-0544,S1:6.4,2015-07-28,29.0074,-136.8627915,4,3,S1_trawl_5_to_50:2015-07-28,348.007734,659.544272,265.3607407008013,1637.0744929753732,random_forest|spatial,300.36285840281965,129.13944074411705,696.8635523975341,median,659.544272,265.3607407008013,1637.0744929753732
MPL-0545,S1:6.3,2015-07-28,29.00841,-136.8621665,4,3,S1_trawl_5_to_50:2015-07-28,340.282743,659.544272,265.3607407008013,1637.0744929753732,random_forest|spatial,300.36285840281965,129.13944074411705,696.8635523975341,median,659.544272,265.3607407008013,1637.0744929753732
MPL-0546,S1:5.3,2015-07-28,29.00875,-136.26805,4,3,S1_trawl_5_to_50:2015-07-28,346.539186,659.544272,265.3607407008013,1637.0744929753732,random_forest|spatial,300.09964202327836,129.02577434006932,696.254024340064,median,659.544272,265.3607407008013,1637.0744929753732
MPL-0551,S1:9.4,2015-07-29,28.999935,-138.5806,4,0,S1_trawl_5_to_50:2015-07-29,415.473402,646.404545,220.12261495390075,1894.476159116682,catboost|spatial,136.62381049326504,59.11136985828445,314.08703360676793,median,646.404545,220.12261495390075,1894.476159116682
MPL-0554,S1:10.4,2015-07-29,29.000435,-139.1930835,4,0,S1_trawl_5_to_50:2015-07-29,422.521177,646.404545,220.12261495390075,1894.476159116682,catboost|spatial,180.82449041197472,78.41735629375833,415.2836293780355,median,646.404545,220.12261495390075,1894.476159116682
MPL-0555,S1:8.4,2015-07-29,29.00169,-138.0501585,4,0,S1_trawl_5_to_50:2015-07-29,257.163107,646.404545,220.12261495390075,1894.476159116682,catboost|spatial,217.8215392090345,94.57693853417227,499.98765200238284,median,646.404545,220.12261495390075,1894.476159116682
MPL-0559,S1:7.4,2015-07-29,29.007175,-137.46765,4,0,S1_trawl_5_to_50:2015-07-29,346.454898,646.404545,220.12261495390075,1894.476159116682,catboost|spatial,307.0229478179053,133.5383569511561,704.2125396244978,median,646.404545,220.12261495390075,1894.476159116682
MPL-0563,S1:11.4,2015-07-29,29.0174845,-139.833862,4,0,S1_trawl_5_to_50:2015-07-29,66.287879,646.404545,220.12261495390075,1894.476159116682,catboost|spatial,309.457434301763,134.60169269895772,709.7862490124677,median,646.404545,220.12261495390075,1894.476159116682
MPL-0566,S1:12.3,2015-07-30,28.99819,-140.4820415,4,3,S1_trawl_5_to_50:2015-07-30,86.517306,659.544272,265.3607407008013,1637.0744929753732,random_forest|spatial,204.40141989314571,87.69980214088467,474.6464194487049,median,659.544272,265.3607407008013,1637.0744929753732
MPL-0569,S1:13.3,2015-07-30,28.99935,-141.0904165,4,3,S1_trawl_5_to_50:2015-07-30,58.416996,659.544272,265.3607407008013,1637.0744929753732,random_forest|spatial,188.09372890074155,80.6575481722732,436.88283030677906,median,659.544272,265.3607407008013,1637.0744929753732
MPL-0570,S1:14.3,2015-07-30,29.00124,-141.6246665,4,3,S1_trawl_5_to_50:2015-07-30,225.114268,659.544272,265.3607407008013,1637.0744929753732,random_forest|spatial,184.5941834083576,79.14631717436207,428.77896089820234,median,659.544272,265.3607407008013,1637.0744929753732
MPL-0573,S1:17.4,2015-07-31,28.987515,-143.5660835,4,4,S1_trawl_5_to_50:2015-07-31,150.661497,680.966974,206.64384927906048,2238.7916203223517,catboost|spatial,133.27939323964142,48.25289055925523,365.0892841835051,median,680.966974,206.64384927906048,2238.7916203223517
MPL-0574,S1:17.3,2015-07-31,28.98866,-143.5482335,4,4,S1_trawl_5_to_50:2015-07-31,201.055457,680.966974,206.64384927906048,2238.7916203223517,catboost|spatial,133.27939323964142,48.25289055925523,365.0892841835051,median,680.966974,206.64384927906048,2238.7916203223517
MPL-0577,S1:15.3,2015-07-31,29.00566,-142.3245335,4,4,S1_trawl_5_to_50:2015-07-31,141.836664,680.966974,206.64384927906048,2238.7916203223517,catboost|spatial,137.3385324242753,49.74175890459219,376.15581734732285,median,680.966974,206.64384927906048,2238.7916203223517
MPL-0581,S1:16.3,2015-07-31,29.00719,-142.9808085,4,4,S1_trawl_5_to_50:2015-07-31,315.828009,680.966974,206.64384927906048,2238.7916203223517,catboost|spatial,211.17108646377469,76.82310486605293,577.4473648115156,median,680.966974,206.64384927906048,2238.7916203223517
MPL-0588,S1:20.4,2015-08-01,30.006425,-141.7679665,4,0,S1_trawl_5_to_50:2015-08-01,659.544272,646.404545,220.12261495390075,1894.476159116682,catboost|spatial,1179.5526968918266,514.6421664660461,2701.8524057493605,median,646.404545,220.12261495390075,1894.476159116682
MPL-0590,S1:19.4,2015-08-01,30.010985,-142.26325,4,0,S1_trawl_5_to_50:2015-08-01,2109.259348,646.404545,220.12261495390075,1894.476159116682,catboost|spatial,1161.356469975119,506.69441293200913,2660.19249863393,median,646.404545,220.12261495390075,1894.476159116682
MPL-0593,S1:18.4,2015-08-01,30.023565,-142.7086915,4,0,S1_trawl_5_to_50:2015-08-01,1162.176439,646.404545,220.12261495390075,1894.476159116682,catboost|spatial,1161.356469975119,506.69441293200913,2660.19249863393,median,646.404545,220.12261495390075,1894.476159116682
MPL-0596,S1:24.4,2015-08-02,29.9806,-139.8215915,4,2,S1_trawl_5_to_50:2015-08-02,495.219971,505.188842,141.7499879879811,1793.9363595524385,catboost|spatial,323.45642248707804,122.10863788466933,854.1144087203222,median,505.188842,141.7499879879811,1793.9363595524385
MPL-0597,S1:21.4,2015-08-02,29.998635,-141.3439415,4,2,S1_trawl_5_to_50:2015-08-02,844.062324,505.188842,141.7499879879811,1793.9363595524385,catboost|spatial,490.91522965607487,185.64760405565875,1295.4570019094897,median,505.188842,141.7499879879811,1793.9363595524385
MPL-0599,S1:22.4,2015-08-02,29.999935,-140.8015085,4,2,S1_trawl_5_to_50:2015-08-02,724.645668,505.188842,141.7499879879811,1793.9363595524385,catboost|spatial,486.7823091805497,184.0794482881525,1284.5645688929803,median,505.188842,141.7499879879811,1793.9363595524385
MPL-0603,S1:27.3,2015-08-03,29.985215,-138.2296,4,4,S1_trawl_5_to_50:2015-08-03,423.877587,680.966974,206.64384927906048,2238.7916203223517,catboost|spatial,433.6737127040981,158.4357576712659,1184.0618661438234,median,680.966974,206.64384927906048,2238.7916203223517
MPL-0606,S1:26.3,2015-08-03,30.00074,-138.767875,4,4,S1_trawl_5_to_50:2015-08-03,529.96366,680.966974,206.64384927906048,2238.7916203223517,catboost|spatial,625.4898614097251,228.79279125448753,1707.0150526328218,median,680.966974,206.64384927906048,2238.7916203223517
MPL-0607,S1:25.3,2015-08-03,30.00105,-139.342975,4,4,S1_trawl_5_to_50:2015-08-03,1719.436293,680.966974,206.64384927906048,2238.7916203223517,catboost|spatial,622.905424380624,227.84483497407425,1699.9690370143835,median,680.966974,206.64384927906048,2238.7916203223517
MPL-0610,S1:28.3,2015-08-03,30.003565,-137.7446665,4,4,S1_trawl_5_to_50:2015-08-03,505.188842,680.966974,206.64384927906048,2238.7916203223517,catboost|spatial,804.9722590789017,294.62587760107493,2196.3424237282884,median,680.966974,206.64384927906048,2238.7916203223517
MPL-0618,S1:31.4,2015-08-04,29.996715,-136.0622665,4,2,S1_trawl_5_to_50:2015-08-04,246.22585,505.188842,141.7499879879811,1793.9363595524385,catboost|spatial,552.2214965531336,208.90906688520556,1457.0314647192574,median,505.188842,141.7499879879811,1793.9363595524385
MPL-0621,S1:30.4,2015-08-04,30.00139,-136.6523,4,2,S1_trawl_5_to_50:2015-08-04,720.647461,505.188842,141.7499879879811,1793.9363595524385,catboost|spatial,892.8413484252094,338.15060163127504,2354.74506520622,median,505.188842,141.7499879879811,1793.9363595524385
MPL-0622,S1:29.3,2015-08-04,30.002915,-137.2931585,4,2,S1_trawl_5_to_50:2015-08-04,646.404545,505.188842,141.7499879879811,1793.9363595524385,catboost|spatial,901.700285086865,341.5119517231088,2378.093052363491,median,505.188842,141.7499879879811,1793.9363595524385
MPL-0623,S1:30.3,2015-08-04,30.00491,-136.6517,4,2,S1_trawl_5_to_50:2015-08-04,490.394472,505.188842,141.7499879879811,1793.9363595524385,catboost|spatial,926.358146707726,350.86789460759195,2443.0795691924795,median,505.188842,141.7499879879811,1793.9363595524385
MPL-0627,S1:32.4,2015-08-04,30.015125,-135.476125,4,2,S1_trawl_5_to_50:2015-08-04,949.556256,505.188842,141.7499879879811,1793.9363595524385,catboost|spatial,930.34704202436,352.38140284802415,2453.5924196824917,median,505.188842,141.7499879879811,1793.9363595524385
MPL-0631,S1:34.4,2015-08-05,30.000825,-134.268275,4,4,S1_trawl_5_to_50:2015-08-05,373.240546,680.966974,206.64384927906048,2238.7916203223517,catboost|spatial,132.5435144310566,47.98297454645778,363.0830392952826,median,680.966974,206.64384927906048,2238.7916203223517
MPL-0634,S1:33.4,2015-08-05,30.00406,-134.8896165,4,4,S1_trawl_5_to_50:2015-08-05,633.666764,680.966974,206.64384927906048,2238.7916203223517,catboost|spatial,422.2757656054561,154.25505780730595,1152.9873565423648,median,680.966974,206.64384927906048,2238.7916203223517
MPL-0637,S1:35.4,2015-08-05,30.998235,-134.2625085,4,4,S1_trawl_5_to_50:2015-08-05,828.098322,680.966974,206.64384927906048,2238.7916203223517,catboost|spatial,130.6071156191575,47.27271486728772,357.8037865533761,median,680.966974,206.64384927906048,2238.7916203223517
MPL-0640,S1:39.3,2015-08-06,30.97964,-136.3260415,4,3,S1_trawl_5_to_50:2015-08-06,721.013939,659.544272,265.3607407008013,1637.0744929753732,random_forest|spatial,1132.662502093173,488.5566918793255,2624.213157067721,median,659.544272,265.3607407008013,1637.0744929753732
MPL-0642,S1:38.3,2015-08-06,30.991785,-135.9519665,4,3,S1_trawl_5_to_50:2015-08-06,846.359613,659.544272,265.3607407008013,1637.0744929753732,random_forest|spatial,1041.0999594243156,449.0166564576182,2412.1825119109462,median,659.544272,265.3607407008013,1637.0744929753732
MPL-0647,S1:36.3,2015-08-06,30.997975,-134.8475585,4,3,S1_trawl_5_to_50:2015-08-06,347.331302,659.544272,265.3607407008013,1637.0744929753732,random_forest|spatial,647.4705652142103,279.03317045525216,1500.6580830963856,median,659.544272,265.3607407008013,1637.0744929753732
MPL-0648,S1:37.3,2015-08-06,31.000565,-135.4216585,4,3,S1_trawl_5_to_50:2015-08-06,1104.538559,659.544272,265.3607407008013,1637.0744929753732,random_forest|spatial,698.5519353446398,301.09196355420676,1618.9468019168908,median,659.544272,265.3607407008013,1637.0744929753732
MPL-0654,S1:41.3,2015-08-07,30.965825,-137.3956835,4,1,S1_trawl_5_to_50:2015-08-07,2209.120417,540.9897605,210.12477733418692,1390.3710375256885,gp_matern|spatial,873.0168045368353,415.7862080960307,1831.8470562940772,median,540.9897605,210.12477733418692,1390.3710375256885
MPL-0656,S1:42.3,2015-08-07,30.988835,-137.914525,4,1,S1_trawl_5_to_50:2015-08-07,1706.702091,540.9897605,210.12477733418692,1390.3710375256885,gp_matern|spatial,819.654535726823,390.3397206174381,1719.9443139235418,median,540.9897605,210.12477733418692,1390.3710375256885
MPL-0658,S1:42.4,2015-08-07,30.98994,-137.91355,4,1,S1_trawl_5_to_50:2015-08-07,1197.871844,540.9897605,210.12477733418692,1390.3710375256885,gp_matern|spatial,811.7509744244906,386.57080527329975,1703.3702400704692,median,540.9897605,210.12477733418692,1390.3710375256885
MPL-0660,S1:43.4,2015-08-07,31.001675,-138.493,4,1,S1_trawl_5_to_50:2015-08-07,351.925224,540.9897605,210.12477733418692,1390.3710375256885,gp_matern|spatial,713.8693373672426,339.89468172560544,1498.1086599562377,median,540.9897605,210.12477733418692,1390.3710375256885
MPL-0666,S1:45.4,2015-08-08,30.987735,-139.5542835,4,3,S1_trawl_5_to_50:2015-08-08,1035.855936,659.544272,265.3607407008013,1637.0744929753732,random_forest|spatial,1254.4215344024071,541.1366695655219,2906.1695709209193,median,659.544272,265.3607407008013,1637.0744929753732
MPL-0668,S1:44.4,2015-08-08,30.99416,-139.0254165,4,3,S1_trawl_5_to_50:2015-08-08,729.389849,659.544272,265.3607407008013,1637.0744929753732,random_forest|spatial,828.7387030889311,357.3113438597919,1920.4192550741566,median,659.544272,265.3607407008013,1637.0744929753732
MPL-0669,S1:47.4,2015-08-08,30.99445,-140.6223835,4,3,S1_trawl_5_to_50:2015-08-08,1077.945907,659.544272,265.3607407008013,1637.0744929753732,random_forest|spatial,854.8842117416162,368.60192522759553,1980.9641996114647,median,659.544272,265.3607407008013,1637.0744929753732
MPL-0671,S1:46.4,2015-08-08,30.999525,-140.084,4,3,S1_trawl_5_to_50:2015-08-08,747.327276,659.544272,265.3607407008013,1637.0744929753732,random_forest|spatial,737.3891026329829,317.86326462885637,1708.8817184906939,median,659.544272,265.3607407008013,1637.0744929753732
MPL-0677,S1:48.4,2015-08-09,30.97485,-141.2498415,4,0,S1_trawl_5_to_50:2015-08-09,1380.789998,646.404545,220.12261495390075,1894.476159116682,catboost|spatial,1249.5381076550727,545.2104154921063,2862.0826405765056,median,646.404545,220.12261495390075,1894.476159116682
MPL-0680,S1:51.3,2015-08-09,30.9897265,-142.8742845,4,0,S1_trawl_5_to_50:2015-08-09,680.966974,646.404545,220.12261495390075,1894.476159116682,catboost|spatial,1196.0254476277887,521.8371395490011,2739.5664477173523,median,646.404545,220.12261495390075,1894.476159116682
MPL-0684,S1:49.3,2015-08-09,30.991625,-141.8085085,4,0,S1_trawl_5_to_50:2015-08-09,1819.989117,646.404545,220.12261495390075,1894.476159116682,catboost|spatial,1250.3087331063377,545.547009511391,2863.846972537601,median,646.404545,220.12261495390075,1894.476159116682
MPL-0687,S1:50.3,2015-08-09,30.996965,-142.37745,4,0,S1_trawl_5_to_50:2015-08-09,280.885892,646.404545,220.12261495390075,1894.476159116682,catboost|spatial,1103.734973330801,481.5264780800382,2528.2692043684438,median,646.404545,220.12261495390075,1894.476159116682
MPL-0691,S1:52.3,2015-08-10,31.00401,-143.3006915,4,0,S1_trawl_5_to_50:2015-08-10,559.439481,646.404545,220.12261495390075,1894.476159116682,catboost|spatial,806.8271357525017,351.84298236425866,1848.5044931470195,median,646.404545,220.12261495390075,1894.476159116682
MPL-0694,S1:53.3,2015-08-10,31.00916,-143.842775,4,0,S1_trawl_5_to_50:2015-08-10,349.268718,646.404545,220.12261495390075,1894.476159116682,catboost|spatial,795.5854818655245,346.9328493560465,1822.7669455279974,median,646.404545,220.12261495390075,1894.476159116682
MPL-0699,S1:54.4,2015-08-10,32.023415,-143.6277915,4,0,S1_trawl_5_to_50:2015-08-10,741.629573,646.404545,220.12261495390075,1894.476159116682,catboost|spatial,1041.11453469218,454.1751038214512,2384.900929772071,median,646.404545,220.12261495390075,1894.476159116682
MPL-0701,S1:54.3,2015-08-10,32.028835,-143.6377665,4,0,S1_trawl_5_to_50:2015-08-10,439.780685,646.404545,220.12261495390075,1894.476159116682,catboost|spatial,1041.11453469218,454.1751038214512,2384.900929772071,median,646.404545,220.12261495390075,1894.476159116682
MPL-0705,S1:57.4,2015-08-11,32.003635,-142.0377085,4,2,S1_trawl_5_to_50:2015-08-11,1292.557215,505.188842,141.7499879879811,1793.9363595524385,catboost|spatial,914.9529498617683,346.5404159349566,2413.0208387087014,median,505.188842,141.7499879879811,1793.9363595524385
MPL-0710,S1:58.4,2015-08-11,32.01739,-141.4973835,4,2,S1_trawl_5_to_50:2015-08-11,1849.2198,505.188842,141.7499879879811,1793.9363595524385,catboost|spatial,725.9747479816126,274.83633670907363,1914.9632501947465,median,505.188842,141.7499879879811,1793.9363595524385
MPL-0711,S1:56.4,2015-08-11,32.01915,-142.5771415,4,2,S1_trawl_5_to_50:2015-08-11,961.750609,505.188842,141.7499879879811,1793.9363595524385,catboost|spatial,524.5227681710622,198.3993266368366,1384.030654437306,median,505.188842,141.7499879879811,1793.9363595524385
MPL-0715,S1:55.4,2015-08-11,32.021825,-143.1047085,4,2,S1_trawl_5_to_50:2015-08-11,937.233371,505.188842,141.7499879879811,1793.9363595524385,catboost|spatial,588.8801439543462,222.81847300410396,1553.6464041206284,median,505.188842,141.7499879879811,1793.9363595524385
MPL-0716,S1:61.3,2015-08-12,31.99739,-139.8349335,4,1,S1_trawl_5_to_50:2015-08-12,969.284957,540.9897605,210.12477733418692,1390.3710375256885,gp_matern|spatial,784.277254843291,373.4696070502177,1645.75678710427,median,540.9897605,210.12477733418692,1390.3710375256885
MPL-0721,S1:60.4,2015-08-12,32.00135,-140.3389585,4,1,S1_trawl_5_to_50:2015-08-12,1390.855413,540.9897605,210.12477733418692,1390.3710375256885,gp_matern|spatial,817.325824617001,389.229244630963,1715.060916624495,median,540.9897605,210.12477733418692,1390.3710375256885
MPL-0724,S1:62.3,2015-08-12,32.007425,-139.3066335,4,1,S1_trawl_5_to_50:2015-08-12,883.382867,540.9897605,210.12477733418692,1390.3710375256885,gp_matern|spatial,828.1584152976304,394.39490548576606,1737.7772784129295,median,540.9897605,210.12477733418692,1390.3710375256885
MPL-0725,S1:66.4,2015-08-13,31.994635,-137.2262165,4,4,S1_trawl_5_to_50:2015-08-13,940.427881,680.966974,206.64384927906048,2238.7916203223517,catboost|spatial,910.2583048380858,333.2441790700076,2483.3864160831226,median,680.966974,206.64384927906048,2238.7916203223517
MPL-0726,S1:65.3,2015-08-13,31.9947,-137.7624415,4,4,S1_trawl_5_to_50:2015-08-13,254.925782,680.966974,206.64384927906048,2238.7916203223517,catboost|spatial,871.3058206379653,318.9566372884048,2377.189279546006,median,680.966974,206.64384927906048,2238.7916203223517
MPL-0727,S1:66.3,2015-08-13,31.99716,-137.2263335,4,4,S1_trawl_5_to_50:2015-08-13,942.476591,680.966974,206.64384927906048,2238.7916203223517,catboost|spatial,910.2583048380858,333.2441790700076,2483.3864160831226,median,680.966974,206.64384927906048,2238.7916203223517
MPL-0736,S1:64.3,2015-08-13,32.007085,-138.2743415,4,4,S1_trawl_5_to_50:2015-08-13,926.093191,680.966974,206.64384927906048,2238.7916203223517,catboost|spatial,681.7404931279707,249.42519166281633,1860.372563445011,median,680.966974,206.64384927906048,2238.7916203223517
MPL-0738,S1:63.3,2015-08-13,32.0156,-138.781625,4,4,S1_trawl_5_to_50:2015-08-13,473.750303,680.966974,206.64384927906048,2238.7916203223517,catboost|spatial,829.827861733583,303.7427662598624,2264.1068778583626,median,680.966974,206.64384927906048,2238.7916203223517
MPL-0739,S1:69.4,2015-08-14,31.99764,-135.6463915,4,2,S1_trawl_5_to_50:2015-08-14,1171.220722,505.188842,141.7499879879811,1793.9363595524385,catboost|spatial,855.8224758337228,324.1045151157722,2257.1807417605255,median,505.188842,141.7499879879811,1793.9363595524385
MPL-0742,S1:68.4,2015-08-14,32.001165,-136.1661665,4,2,S1_trawl_5_to_50:2015-08-14,470.658241,505.188842,141.7499879879811,1793.9363595524385,catboost|spatial,865.8592051244572,327.9127555639904,2283.632835903535,median,505.188842,141.7499879879811,1793.9363595524385
MPL-0747,S1:70.4,2015-08-14,32.00864,-135.113225,4,2,S1_trawl_5_to_50:2015-08-14,727.272727,505.188842,141.7499879879811,1793.9363595524385,catboost|spatial,629.7765518881451,238.33581439778925,1661.4300855809279,median,505.188842,141.7499879879811,1793.9363595524385
MPL-0751,S1:67.4,2015-08-14,32.01855,-136.6982335,4,2,S1_trawl_5_to_50:2015-08-14,1425.853627,505.188842,141.7499879879811,1793.9363595524385,catboost|spatial,852.3232670055172,322.77680882716714,2247.9584743596115,median,505.188842,141.7499879879811,1793.9363595524385
MPL-0753,S1:71.4,2015-08-15,32.008585,-134.5978585,4,1,S1_trawl_5_to_50:2015-08-15,290.674527,540.9897605,210.12477733418692,1390.3710375256885,gp_matern|spatial,757.5366087204112,360.71798437918795,1589.6806175440129,median,540.9897605,210.12477733418692,1390.3710375256885
MPL-0755,S1:72.4,2015-08-15,32.996175,-134.1399,4,1,S1_trawl_5_to_50:2015-08-15,71.74788,540.9897605,210.12477733418692,1390.3710375256885,gp_matern|spatial,509.7656510572745,242.56520129229395,1070.0953326492927,median,540.9897605,210.12477733418692,1390.3710375256885
MPL-0756,S1:73.3,2015-08-15,32.99759,-134.7286085,4,1,S1_trawl_5_to_50:2015-08-15,1417.506452,540.9897605,210.12477733418692,1390.3710375256885,gp_matern|spatial,513.1880594796884,244.19722097604554,1077.272255529833,median,540.9897605,210.12477733418692,1390.3710375256885
MPL-0762,S1:74.3,2015-08-16,32.987775,-135.2962085,4,1,S1_trawl_5_to_50:2015-08-16,1026.323987,540.9897605,210.12477733418692,1390.3710375256885,gp_matern|spatial,505.77878684736027,240.66401357185362,1061.73472414262,median,540.9897605,210.12477733418692,1390.3710375256885
MPL-0763,S1:75.3,2015-08-16,32.996535,-136.8875415,4,1,S1_trawl_5_to_50:2015-08-16,1518.942464,540.9897605,210.12477733418692,1390.3710375256885,gp_matern|spatial,522.7408226621766,248.75257954924655,1097.304769535987,median,540.9897605,210.12477733418692,1390.3710375256885
MPL-0768,S1:77.3,2015-08-17,32.98329,-138.0048415,4,0,S1_trawl_5_to_50:2015-08-17,376.349309,646.404545,220.12261495390075,1894.476159116682,catboost|spatial,767.1656791663002,334.5196392783024,1757.7003607844626,median,646.404545,220.12261495390075,1894.476159116682
MPL-0770,S1:78.3,2015-08-17,32.9915,-139.571725,4,0,S1_trawl_5_to_50:2015-08-17,748.005286,646.404545,220.12261495390075,1894.476159116682,catboost|spatial,964.3666276377326,420.6531296059145,2209.188091400274,median,646.404545,220.12261495390075,1894.476159116682
MPL-0777,S1:79.4,2015-08-18,33.786985,-138.3120665,4,2,S1_trawl_5_to_50:2015-08-18,552.015861,505.188842,141.7499879879811,1793.9363595524385,catboost|spatial,969.8285013514777,367.3618696922396,2557.6469626289127,median,505.188842,141.7499879879811,1793.9363595524385
MPL-0778,S1:79.3,2015-08-18,33.7888,-138.313375,4,2,S1_trawl_5_to_50:2015-08-18,361.510331,505.188842,141.7499879879811,1793.9363595524385,catboost|spatial,969.8285013514777,367.3618696922396,2557.6469626289127,median,505.188842,141.7499879879811,1793.9363595524385
MPL-0526,S1:0.1,2015-07-25,33.1895665,-128.790017,5,3,S1_trawl_5_to_50:2015-07-25,91.014999,596.5531225,211.89170088825043,1676.2365137752859,lightgbm|spatial_weather,193.75647838714352,69.90591353094582,533.9354374682429,median,596.5531225,211.89170088825043,1676.2365137752859
MPL-0530,S1:2.3,2015-07-27,29.054015,-134.546025,5,4,S1_trawl_5_to_50:2015-07-27,61.817996,670.255623,234.97767694622758,1908.4353213409797,extra_trees|spatial,295.31504396422866,127.65248330312671,681.4788999419869,median,670.255623,234.97767694622758,1908.4353213409797
MPL-0531,S1:1.3,2015-07-27,29.07234,-134.05625,5,4,S1_trawl_5_to_50:2015-07-27,152.892947,670.255623,234.97767694622758,1908.4353213409797,extra_trees|spatial,295.2102460712595,127.60698271363574,681.2375272808051,median,670.255623,234.97767694622758,1908.4353213409797
MPL-0535,S1:4.3,2015-07-28,28.988125,-135.6992415,5,3,S1_trawl_5_to_50:2015-07-28,255.766117,596.5531225,211.89170088825043,1676.2365137752859,lightgbm|spatial_weather,212.7498116870083,76.82090634544697,586.1042132742343,median,596.5531225,211.89170088825043,1676.2365137752859
MPL-0543,S1:3.3,2015-07-28,29.00679,-135.1118335,5,3,S1_trawl_5_to_50:2015-07-28,177.80932,596.5531225,211.89170088825043,1676.2365137752859,lightgbm|spatial_weather,166.65699370202242,60.03967578764088,459.50158645979207,median,596.5531225,211.89170088825043,1676.2365137752859
MPL-0544,S1:6.4,2015-07-28,29.0074,-136.8627915,5,3,S1_trawl_5_to_50:2015-07-28,348.007734,596.5531225,211.89170088825043,1676.2365137752859,lightgbm|spatial_weather,267.17125355842956,96.6343784492798,735.5829780179238,median,596.5531225,211.89170088825043,1676.2365137752859
MPL-0545,S1:6.3,2015-07-28,29.00841,-136.8621665,5,3,S1_trawl_5_to_50:2015-07-28,340.282743,596.5531225,211.89170088825043,1676.2365137752859,lightgbm|spatial_weather,267.17125355842956,96.6343784492798,735.5829780179238,median,596.5531225,211.89170088825043,1676.2365137752859
MPL-0546,S1:5.3,2015-07-28,29.00875,-136.26805,5,3,S1_trawl_5_to_50:2015-07-28,346.539186,596.5531225,211.89170088825043,1676.2365137752859,lightgbm|spatial_weather,242.9326251256008,87.80970619190582,669.0070088295151,median,596.5531225,211.89170088825043,1676.2365137752859
MPL-0551,S1:9.4,2015-07-29,28.999935,-138.5806,5,4,S1_trawl_5_to_50:2015-07-29,415.473402,670.255623,234.97767694622758,1908.4353213409797,extra_trees|spatial,187.45962302770465,80.82439264815828,433.0640774990705,median,670.255623,234.97767694622758,1908.4353213409797
MPL-0554,S1:10.4,2015-07-29,29.000435,-139.1930835,5,4,S1_trawl_5_to_50:2015-07-29,422.521177,670.255623,234.97767694622758,1908.4353213409797,extra_trees|spatial,177.6150125168258,76.55011223217804,410.3897682168424,median,670.255623,234.97767694622758,1908.4353213409797
MPL-0555,S1:8.4,2015-07-29,29.00169,-138.0501585,5,4,S1_trawl_5_to_50:2015-07-29,257.163107,670.255623,234.97767694622758,1908.4353213409797,extra_trees|spatial,208.88172085102158,90.12532467530482,482.40389353173845,median,670.255623,234.97767694622758,1908.4353213409797
MPL-0559,S1:7.4,2015-07-29,29.007175,-137.46765,5,4,S1_trawl_5_to_50:2015-07-29,346.454898,670.255623,234.97767694622758,1908.4353213409797,extra_trees|spatial,271.50194509144956,117.31343920958498,626.6320811457533,median,670.255623,234.97767694622758,1908.4353213409797
MPL-0563,S1:11.4,2015-07-29,29.0174845,-139.833862,5,4,S1_trawl_5_to_50:2015-07-29,66.287879,670.255623,234.97767694622758,1908.4353213409797,extra_trees|spatial,221.2019017052088,95.47443500203588,510.77998731341995,median,670.255623,234.97767694622758,1908.4353213409797
MPL-0566,S1:12.3,2015-07-30,28.99819,-140.4820415,5,1,S1_trawl_5_to_50:2015-07-30,86.517306,500.2044065,177.80932000000004,1403.8812281989406,lightgbm|spatial_geography,237.46693830424687,110.72946487723569,507.96583749581475,median,500.2044065,177.80932000000004,1403.8812281989406
MPL-0569,S1:13.3,2015-07-30,28.99935,-141.0904165,5,1,S1_trawl_5_to_50:2015-07-30,58.416996,500.2044065,177.80932000000004,1403.8812281989406,lightgbm|spatial_geography,233.8516314982656,109.03557683694075,500.2495994739095,median,500.2044065,177.80932000000004,1403.8812281989406
MPL-0570,S1:14.3,2015-07-30,29.00124,-141.6246665,5,1,S1_trawl_5_to_50:2015-07-30,225.114268,500.2044065,177.80932000000004,1403.8812281989406,lightgbm|spatial_geography,216.73346331734894,101.01516199816693,463.7138731105401,median,500.2044065,177.80932000000004,1403.8812281989406
MPL-0573,S1:17.4,2015-07-31,28.987515,-143.5660835,5,0,S1_trawl_5_to_50:2015-07-31,150.661497,659.544272,218.0113161475072,1991.220050301616,catboost|spatial_weather,247.36263057102477,103.21636156549404,590.8839934302874,median,659.544272,218.0113161475072,1991.220050301616
MPL-0574,S1:17.3,2015-07-31,28.98866,-143.5482335,5,0,S1_trawl_5_to_50:2015-07-31,201.055457,659.544272,218.0113161475072,1991.220050301616,catboost|spatial_weather,247.36263057102477,103.21636156549404,590.8839934302874,median,659.544272,218.0113161475072,1991.220050301616
MPL-0577,S1:15.3,2015-07-31,29.00566,-142.3245335,5,0,S1_trawl_5_to_50:2015-07-31,141.836664,659.544272,218.0113161475072,1991.220050301616,catboost|spatial_weather,281.66112840865895,117.60848103846766,672.6222638863718,median,659.544272,218.0113161475072,1991.220050301616
MPL-0581,S1:16.3,2015-07-31,29.00719,-142.9808085,5,0,S1_trawl_5_to_50:2015-07-31,315.828009,659.544272,218.0113161475072,1991.220050301616,catboost|spatial_weather,314.1825169179225,131.25490109651292,750.1254263327695,median,659.544272,218.0113161475072,1991.220050301616
MPL-0588,S1:20.4,2015-08-01,30.006425,-141.7679665,5,1,S1_trawl_5_to_50:2015-08-01,659.544272,500.2044065,177.80932000000004,1403.8812281989406,lightgbm|spatial_geography,725.1099413724431,339.20596636367867,1548.7542638516816,median,500.2044065,177.80932000000004,1403.8812281989406
MPL-0590,S1:19.4,2015-08-01,30.010985,-142.26325,5,1,S1_trawl_5_to_50:2015-08-01,2109.259348,500.2044065,177.80932000000004,1403.8812281989406,lightgbm|spatial_geography,448.5173961179447,209.61342288543105,958.4160079843367,median,500.2044065,177.80932000000004,1403.8812281989406
MPL-0593,S1:18.4,2015-08-01,30.023565,-142.7086915,5,1,S1_trawl_5_to_50:2015-08-01,1162.176439,500.2044065,177.80932000000004,1403.8812281989406,lightgbm|spatial_geography,372.713435162769,174.0968181379384,796.6257541763774,median,500.2044065,177.80932000000004,1403.8812281989406
MPL-0596,S1:24.4,2015-08-02,29.9806,-139.8215915,5,2,S1_trawl_5_to_50:2015-08-02,495.219971,646.404545,176.11893307978156,2365.390975818844,random_forest|spatial,276.9122486603909,101.7319602586106,750.8129485804433,median,646.404545,176.11893307978156,2365.390975818844
MPL-0597,S1:21.4,2015-08-02,29.998635,-141.3439415,5,2,S1_trawl_5_to_50:2015-08-02,844.062324,646.404545,176.11893307978156,2365.390975818844,random_forest|spatial,284.8145926124654,104.65310996952684,772.1905040352442,median,646.404545,176.11893307978156,2365.390975818844
MPL-0599,S1:22.4,2015-08-02,29.999935,-140.8015085,5,2,S1_trawl_5_to_50:2015-08-02,724.645668,646.404545,176.11893307978156,2365.390975818844,random_forest|spatial,1019.9867355998683,376.4139831972194,2760.990706969003,median,646.404545,176.11893307978156,2365.390975818844
MPL-0603,S1:27.3,2015-08-03,29.985215,-138.2296,5,0,S1_trawl_5_to_50:2015-08-03,423.877587,659.544272,218.0113161475072,1991.220050301616,catboost|spatial_weather,426.48820473072885,178.3799059333975,1017.7660888380325,median,659.544272,218.0113161475072,1991.220050301616
MPL-0606,S1:26.3,2015-08-03,30.00074,-138.767875,5,0,S1_trawl_5_to_50:2015-08-03,529.96366,659.544272,218.0113161475072,1991.220050301616,catboost|spatial_weather,516.5439958830536,216.16854937874612,1232.3820363991085,median,659.544272,218.0113161475072,1991.220050301616
MPL-0607,S1:25.3,2015-08-03,30.00105,-139.342975,5,0,S1_trawl_5_to_50:2015-08-03,1719.436293,659.544272,218.0113161475072,1991.220050301616,catboost|spatial_weather,498.79807547561245,208.7221181131315,1190.0909468994398,median,659.544272,218.0113161475072,1991.220050301616
MPL-0610,S1:28.3,2015-08-03,30.003565,-137.7446665,5,0,S1_trawl_5_to_50:2015-08-03,505.188842,659.544272,218.0113161475072,1991.220050301616,catboost|spatial_weather,633.9626051572315,265.4390060915798,1512.2075286659751,median,659.544272,218.0113161475072,1991.220050301616
MPL-0618,S1:31.4,2015-08-04,29.996715,-136.0622665,5,3,S1_trawl_5_to_50:2015-08-04,246.22585,596.5531225,211.89170088825043,1676.2365137752859,lightgbm|spatial_weather,636.867498420559,231.2314413454426,1751.0235123377558,median,596.5531225,211.89170088825043,1676.2365137752859
MPL-0621,S1:30.4,2015-08-04,30.00139,-136.6523,5,3,S1_trawl_5_to_50:2015-08-04,720.647461,596.5531225,211.89170088825043,1676.2365137752859,lightgbm|spatial_weather,758.714886935169,275.592997199899,2085.7003694015702,median,596.5531225,211.89170088825043,1676.2365137752859
MPL-0622,S1:29.3,2015-08-04,30.002915,-137.2931585,5,3,S1_trawl_5_to_50:2015-08-04,646.404545,596.5531225,211.89170088825043,1676.2365137752859,lightgbm|spatial_weather,770.5686512827419,279.90865333008657,2118.258971145793,median,596.5531225,211.89170088825043,1676.2365137752859
MPL-0623,S1:30.3,2015-08-04,30.00491,-136.6517,5,3,S1_trawl_5_to_50:2015-08-04,490.394472,596.5531225,211.89170088825043,1676.2365137752859,lightgbm|spatial_weather,759.4277685764768,275.8525393955423,2087.658433419846,median,596.5531225,211.89170088825043,1676.2365137752859
MPL-0627,S1:32.4,2015-08-04,30.015125,-135.476125,5,3,S1_trawl_5_to_50:2015-08-04,949.556256,596.5531225,211.89170088825043,1676.2365137752859,lightgbm|spatial_weather,868.527206048802,315.5728883346418,2387.320636162007,median,596.5531225,211.89170088825043,1676.2365137752859
MPL-0631,S1:34.4,2015-08-05,30.000825,-134.268275,5,2,S1_trawl_5_to_50:2015-08-05,373.240546,646.404545,176.11893307978156,2365.390975818844,random_forest|spatial,258.8088544023565,95.0399299921252,701.8393380898923,median,646.404545,176.11893307978156,2365.390975818844
MPL-0634,S1:33.4,2015-08-05,30.00406,-134.8896165,5,2,S1_trawl_5_to_50:2015-08-05,633.666764,646.404545,176.11893307978156,2365.390975818844,random_forest|spatial,392.98376325333703,144.6385046149579,1064.811586830309,median,646.404545,176.11893307978156,2365.390975818844
MPL-0637,S1:35.4,2015-08-05,30.998235,-134.2625085,5,2,S1_trawl_5_to_50:2015-08-05,828.098322,646.404545,176.11893307978156,2365.390975818844,random_forest|spatial,260.8944518358343,95.81088382263924,707.4813317896044,median,646.404545,176.11893307978156,2365.390975818844
MPL-0640,S1:39.3,2015-08-06,30.97964,-136.3260415,5,3,S1_trawl_5_to_50:2015-08-06,721.013939,596.5531225,211.89170088825043,1676.2365137752859,lightgbm|spatial_weather,736.6083904853899,267.54458033222335,2024.9807032462522,median,596.5531225,211.89170088825043,1676.2365137752859
MPL-0642,S1:38.3,2015-08-06,30.991785,-135.9519665,5,3,S1_trawl_5_to_50:2015-08-06,846.359613,596.5531225,211.89170088825043,1676.2365137752859,lightgbm|spatial_weather,880.6546153703747,319.9881716866054,2420.6308554908665,median,596.5531225,211.89170088825043,1676.2365137752859
MPL-0647,S1:36.3,2015-08-06,30.997975,-134.8475585,5,3,S1_trawl_5_to_50:2015-08-06,347.331302,596.5531225,211.89170088825043,1676.2365137752859,lightgbm|spatial_weather,469.2366258696263,170.20127560899914,1290.5936725510453,median,596.5531225,211.89170088825043,1676.2365137752859
MPL-0648,S1:37.3,2015-08-06,31.000565,-135.4216585,5,3,S1_trawl_5_to_50:2015-08-06,1104.538559,596.5531225,211.89170088825043,1676.2365137752859,lightgbm|spatial_weather,524.7109060584862,190.39805954572503,1442.964256507048,median,596.5531225,211.89170088825043,1676.2365137752859
MPL-0654,S1:41.3,2015-08-07,30.965825,-137.3956835,5,1,S1_trawl_5_to_50:2015-08-07,2209.120417,500.2044065,177.80932000000004,1403.8812281989406,lightgbm|spatial_geography,531.5302969257428,248.50764885703677,1135.5924789997553,median,500.2044065,177.80932000000004,1403.8812281989406
MPL-0656,S1:42.3,2015-08-07,30.988835,-137.914525,5,1,S1_trawl_5_to_50:2015-08-07,1706.702091,500.2044065,177.80932000000004,1403.8812281989406,lightgbm|spatial_geography,559.4918693344664,261.6085489003243,1195.2715490624935,median,500.2044065,177.80932000000004,1403.8812281989406
MPL-0658,S1:42.4,2015-08-07,30.98994,-137.91355,5,1,S1_trawl_5_to_50:2015-08-07,1197.871844,500.2044065,177.80932000000004,1403.8812281989406,lightgbm|spatial_geography,559.4918693344664,261.6085489003243,1195.2715490624935,median,500.2044065,177.80932000000004,1403.8812281989406
MPL-0660,S1:43.4,2015-08-07,31.001675,-138.493,5,1,S1_trawl_5_to_50:2015-08-07,351.925224,500.2044065,177.80932000000004,1403.8812281989406,lightgbm|spatial_geography,563.8742777154639,263.66184881168414,1204.6250307977155,median,500.2044065,177.80932000000004,1403.8812281989406
MPL-0666,S1:45.4,2015-08-08,30.987735,-139.5542835,5,1,S1_trawl_5_to_50:2015-08-08,1035.855936,500.2044065,177.80932000000004,1403.8812281989406,lightgbm|spatial_geography,642.8474539721489,300.6633333175046,1373.179418584194,median,500.2044065,177.80932000000004,1403.8812281989406
MPL-0668,S1:44.4,2015-08-08,30.99416,-139.0254165,5,1,S1_trawl_5_to_50:2015-08-08,729.389849,500.2044065,177.80932000000004,1403.8812281989406,lightgbm|spatial_geography,603.5032569131539,282.2293058808898,1289.2061334439993,median,500.2044065,177.80932000000004,1403.8812281989406
MPL-0669,S1:47.4,2015-08-08,30.99445,-140.6223835,5,1,S1_trawl_5_to_50:2015-08-08,1077.945907,500.2044065,177.80932000000004,1403.8812281989406,lightgbm|spatial_geography,1495.622000158394,700.2157592590584,3193.277056358355,median,500.2044065,177.80932000000004,1403.8812281989406
MPL-0671,S1:46.4,2015-08-08,30.999525,-140.084,5,1,S1_trawl_5_to_50:2015-08-08,747.327276,500.2044065,177.80932000000004,1403.8812281989406,lightgbm|spatial_geography,1061.867479835943,496.98775294365873,2267.5041409454484,median,500.2044065,177.80932000000004,1403.8812281989406
MPL-0677,S1:48.4,2015-08-09,30.97485,-141.2498415,5,2,S1_trawl_5_to_50:2015-08-09,1380.789998,646.404545,176.11893307978156,2365.390975818844,random_forest|spatial,1236.6074903154906,456.48916833895026,3346.996862190629,median,646.404545,176.11893307978156,2365.390975818844
MPL-0680,S1:51.3,2015-08-09,30.9897265,-142.8742845,5,2,S1_trawl_5_to_50:2015-08-09,680.966974,646.404545,176.11893307978156,2365.390975818844,random_forest|spatial,1203.8488295330526,444.3797292845413,3258.3775750843392,median,646.404545,176.11893307978156,2365.390975818844
MPL-0684,S1:49.3,2015-08-09,30.991625,-141.8085085,5,2,S1_trawl_5_to_50:2015-08-09,1819.989117,646.404545,176.11893307978156,2365.390975818844,random_forest|spatial,1134.8360669894716,418.8687400671217,3071.6830744005115,median,646.404545,176.11893307978156,2365.390975818844
MPL-0687,S1:50.3,2015-08-09,30.996965,-142.37745,5,2,S1_trawl_5_to_50:2015-08-09,280.885892,646.404545,176.11893307978156,2365.390975818844,random_forest|spatial,1133.1985260457116,418.2634130548467,3067.253170748245,median,646.404545,176.11893307978156,2365.390975818844
MPL-0691,S1:52.3,2015-08-10,31.00401,-143.3006915,5,2,S1_trawl_5_to_50:2015-08-10,559.439481,646.404545,176.11893307978156,2365.390975818844,random_forest|spatial,1081.104663672672,399.0065986293537,2926.3279669747394,median,646.404545,176.11893307978156,2365.390975818844
MPL-0694,S1:53.3,2015-08-10,31.00916,-143.842775,5,2,S1_trawl_5_to_50:2015-08-10,349.268718,646.404545,176.11893307978156,2365.390975818844,random_forest|spatial,1081.339768230158,399.09350646509205,2926.963975828038,median,646.404545,176.11893307978156,2365.390975818844
MPL-0699,S1:54.4,2015-08-10,32.023415,-143.6277915,5,2,S1_trawl_5_to_50:2015-08-10,741.629573,646.404545,176.11893307978156,2365.390975818844,random_forest|spatial,1131.5374195610002,417.64937489641625,3062.7595171932253,median,646.404545,176.11893307978156,2365.390975818844
MPL-0701,S1:54.3,2015-08-10,32.028835,-143.6377665,5,2,S1_trawl_5_to_50:2015-08-10,439.780685,646.404545,176.11893307978156,2365.390975818844,random_forest|spatial,1131.5374195610002,417.64937489641625,3062.7595171932253,median,646.404545,176.11893307978156,2365.390975818844
MPL-0705,S1:57.4,2015-08-11,32.003635,-142.0377085,5,3,S1_trawl_5_to_50:2015-08-11,1292.557215,596.5531225,211.89170088825043,1676.2365137752859,lightgbm|spatial_weather,779.3463420662995,283.1043887883089,2142.36855609079,median,596.5531225,211.89170088825043,1676.2365137752859
MPL-0710,S1:58.4,2015-08-11,32.01739,-141.4973835,5,3,S1_trawl_5_to_50:2015-08-11,1849.2198,596.5531225,211.89170088825043,1676.2365137752859,lightgbm|spatial_weather,718.6822326155657,261.0181191311065,1975.743126239149,median,596.5531225,211.89170088825043,1676.2365137752859
MPL-0711,S1:56.4,2015-08-11,32.01915,-142.5771415,5,3,S1_trawl_5_to_50:2015-08-11,961.750609,596.5531225,211.89170088825043,1676.2365137752859,lightgbm|spatial_weather,818.1244883028652,297.2225321574581,2248.88005595489,median,596.5531225,211.89170088825043,1676.2365137752859
MPL-0715,S1:55.4,2015-08-11,32.021825,-143.1047085,5,3,S1_trawl_5_to_50:2015-08-11,937.233371,596.5531225,211.89170088825043,1676.2365137752859,lightgbm|spatial_weather,733.607688416992,266.45210051765713,2016.7387084897055,median,596.5531225,211.89170088825043,1676.2365137752859
MPL-0716,S1:61.3,2015-08-12,31.99739,-139.8349335,5,1,S1_trawl_5_to_50:2015-08-12,969.284957,500.2044065,177.80932000000004,1403.8812281989406,lightgbm|spatial_geography,592.6963752399413,277.1659326731576,1266.1407407290255,median,500.2044065,177.80932000000004,1403.8812281989406
MPL-0721,S1:60.4,2015-08-12,32.00135,-140.3389585,5,1,S1_trawl_5_to_50:2015-08-12,1390.855413,500.2044065,177.80932000000004,1403.8812281989406,lightgbm|spatial_geography,818.6165400366883,383.0168288066612,1748.3276916776094,median,500.2044065,177.80932000000004,1403.8812281989406
MPL-0724,S1:62.3,2015-08-12,32.007425,-139.3066335,5,1,S1_trawl_5_to_50:2015-08-12,883.382867,500.2044065,177.80932000000004,1403.8812281989406,lightgbm|spatial_geography,636.3647187599066,297.6259624292998,1359.343157759002,median,500.2044065,177.80932000000004,1403.8812281989406
MPL-0725,S1:66.4,2015-08-13,31.994635,-137.2262165,5,0,S1_trawl_5_to_50:2015-08-13,940.427881,659.544272,218.0113161475072,1991.220050301616,catboost|spatial_weather,993.639767208818,416.36446972126015,2369.370116013776,median,659.544272,218.0113161475072,1991.220050301616
MPL-0726,S1:65.3,2015-08-13,31.9947,-137.7624415,5,0,S1_trawl_5_to_50:2015-08-13,254.925782,659.544272,218.0113161475072,1991.220050301616,catboost|spatial_weather,981.535763319171,411.28546390281895,2340.5245278420434,median,659.544272,218.0113161475072,1991.220050301616
MPL-0727,S1:66.3,2015-08-13,31.99716,-137.2263335,5,0,S1_trawl_5_to_50:2015-08-13,942.476591,659.544272,218.0113161475072,1991.220050301616,catboost|spatial_weather,993.639767208818,416.36446972126015,2369.370116013776,median,659.544272,218.0113161475072,1991.220050301616
MPL-0736,S1:64.3,2015-08-13,32.007085,-138.2743415,5,0,S1_trawl_5_to_50:2015-08-13,926.093191,659.544272,218.0113161475072,1991.220050301616,catboost|spatial_weather,938.0835001828382,393.0522991330488,2236.9715135677743,median,659.544272,218.0113161475072,1991.220050301616
MPL-0738,S1:63.3,2015-08-13,32.0156,-138.781625,5,0,S1_trawl_5_to_50:2015-08-13,473.750303,659.544272,218.0113161475072,1991.220050301616,catboost|spatial_weather,929.2593187411228,389.34955173689275,2215.9422156477626,median,659.544272,218.0113161475072,1991.220050301616
MPL-0739,S1:69.4,2015-08-14,31.99764,-135.6463915,5,0,S1_trawl_5_to_50:2015-08-14,1171.220722,659.544272,218.0113161475072,1991.220050301616,catboost|spatial_weather,956.152217879808,400.63418056264555,2280.0318755959042,median,659.544272,218.0113161475072,1991.220050301616
MPL-0742,S1:68.4,2015-08-14,32.001165,-136.1661665,5,0,S1_trawl_5_to_50:2015-08-14,470.658241,659.544272,218.0113161475072,1991.220050301616,catboost|spatial_weather,905.7980179813841,379.50486859292636,2160.0305498999155,median,659.544272,218.0113161475072,1991.220050301616
MPL-0747,S1:70.4,2015-08-14,32.00864,-135.113225,5,0,S1_trawl_5_to_50:2015-08-14,727.272727,659.544272,218.0113161475072,1991.220050301616,catboost|spatial_weather,892.7378099929706,374.02462643768865,2128.9061893572703,median,659.544272,218.0113161475072,1991.220050301616
MPL-0751,S1:67.4,2015-08-14,32.01855,-136.6982335,5,0,S1_trawl_5_to_50:2015-08-14,1425.853627,659.544272,218.0113161475072,1991.220050301616,catboost|spatial_weather,975.8074221934253,408.88177350640694,2326.8730642001824,median,659.544272,218.0113161475072,1991.220050301616
MPL-0753,S1:71.4,2015-08-15,32.008585,-134.5978585,5,0,S1_trawl_5_to_50:2015-08-15,290.674527,659.544272,218.0113161475072,1991.220050301616,catboost|spatial_weather,800.7170103478526,335.41143851439915,1909.6073429592604,median,659.544272,218.0113161475072,1991.220050301616
MPL-0755,S1:72.4,2015-08-15,32.996175,-134.1399,5,0,S1_trawl_5_to_50:2015-08-15,71.74788,659.544272,218.0113161475072,1991.220050301616,catboost|spatial_weather,873.4927009481987,365.9491150857353,2083.042316965391,median,659.544272,218.0113161475072,1991.220050301616
MPL-0756,S1:73.3,2015-08-15,32.99759,-134.7286085,5,0,S1_trawl_5_to_50:2015-08-15,1417.506452,659.544272,218.0113161475072,1991.220050301616,catboost|spatial_weather,915.1048304415033,383.41013457491414,2182.2100271922,median,659.544272,218.0113161475072,1991.220050301616
MPL-0762,S1:74.3,2015-08-16,32.987775,-135.2962085,5,4,S1_trawl_5_to_50:2015-08-16,1026.323987,670.255623,234.97767694622758,1908.4353213409797,extra_trees|spatial,385.3631568340376,166.74909204250514,888.879564420764,median,670.255623,234.97767694622758,1908.4353213409797
MPL-0763,S1:75.3,2015-08-16,32.996535,-136.8875415,5,4,S1_trawl_5_to_50:2015-08-16,1518.942464,670.255623,234.97767694622758,1908.4353213409797,extra_trees|spatial,425.8169882409309,184.31312051704705,982.0536604357748,median,670.255623,234.97767694622758,1908.4353213409797
MPL-0768,S1:77.3,2015-08-17,32.98329,-138.0048415,5,4,S1_trawl_5_to_50:2015-08-17,376.349309,670.255623,234.97767694622758,1908.4353213409797,extra_trees|spatial,430.5904413567285,186.38563289799973,993.0479757692461,median,670.255623,234.97767694622758,1908.4353213409797
MPL-0770,S1:78.3,2015-08-17,32.9915,-139.571725,5,4,S1_trawl_5_to_50:2015-08-17,748.005286,670.255623,234.97767694622758,1908.4353213409797,extra_trees|spatial,475.5957435282124,205.9257946417551,1096.705112803635,median,670.255623,234.97767694622758,1908.4353213409797
MPL-0777,S1:79.4,2015-08-18,33.786985,-138.3120665,5,2,S1_trawl_5_to_50:2015-08-18,552.015861,646.404545,176.11893307978156,2365.390975818844,random_forest|spatial,621.4344799807916,229.08670747403858,1682.820356778641,median,646.404545,176.11893307978156,2365.390975818844
MPL-0778,S1:79.3,2015-08-18,33.7888,-138.313375,5,2,S1_trawl_5_to_50:2015-08-18,361.510331,646.404545,176.11893307978156,2365.390975818844,random_forest|spatial,621.4344799807916,229.08670747403858,1682.820356778641,median,646.404545,176.11893307978156,2365.390975818844
MPL-0526,S1:0.1,2015-07-25,33.1895665,-128.790017,6,0,S1_trawl_5_to_50:2015-07-25,91.014999,680.966974,267.06441733038486,1733.9522113317826,catboost|spatial,132.69049144931608,65.1783214848454,269.07556406598405,median,680.966974,267.06441733038486,1733.9522113317826
MPL-0530,S1:2.3,2015-07-27,29.054015,-134.546025,6,4,S1_trawl_5_to_50:2015-07-27,61.817996,720.647461,263.0249512735725,1971.4463746918354,catboost|spatial,326.7700768703425,143.59879581253236,741.9745364606902,median,720.647461,263.0249512735725,1971.4463746918354
MPL-0531,S1:1.3,2015-07-27,29.07234,-134.05625,6,4,S1_trawl_5_to_50:2015-07-27,152.892947,720.647461,263.0249512735725,1971.4463746918354,catboost|spatial,268.1716689815417,117.74756711539905,609.1462888237396,median,720.647461,263.0249512735725,1971.4463746918354
MPL-0535,S1:4.3,2015-07-28,28.988125,-135.6992415,6,1,S1_trawl_5_to_50:2015-07-28,255.766117,646.404545,179.6835550671154,2318.705546699968,catboost|spatial_season,168.64203587295077,67.57955988018276,418.6355355064846,median,646.404545,179.6835550671154,2318.705546699968
MPL-0543,S1:3.3,2015-07-28,29.00679,-135.1118335,6,1,S1_trawl_5_to_50:2015-07-28,177.80932,646.404545,179.6835550671154,2318.705546699968,catboost|spatial_season,186.74932911474608,74.89962176669381,463.42669624087,median,646.404545,179.6835550671154,2318.705546699968
MPL-0544,S1:6.4,2015-07-28,29.0074,-136.8627915,6,1,S1_trawl_5_to_50:2015-07-28,348.007734,646.404545,179.6835550671154,2318.705546699968,catboost|spatial_season,177.3877800859749,71.11511806814886,440.26947215048773,median,646.404545,179.6835550671154,2318.705546699968
MPL-0545,S1:6.3,2015-07-28,29.00841,-136.8621665,6,1,S1_trawl_5_to_50:2015-07-28,340.282743,646.404545,179.6835550671154,2318.705546699968,catboost|spatial_season,177.3877800859749,71.11511806814886,440.26947215048773,median,646.404545,179.6835550671154,2318.705546699968
MPL-0546,S1:5.3,2015-07-28,29.00875,-136.26805,6,1,S1_trawl_5_to_50:2015-07-28,346.539186,646.404545,179.6835550671154,2318.705546699968,catboost|spatial_season,161.9694278303622,64.88208858152183,402.12981842540944,median,646.404545,179.6835550671154,2318.705546699968
MPL-0551,S1:9.4,2015-07-29,28.999935,-138.5806,6,4,S1_trawl_5_to_50:2015-07-29,415.473402,720.647461,263.0249512735725,1971.4463746918354,catboost|spatial,90.13353291006712,39.204399507006535,205.57741248499167,median,720.647461,263.0249512735725,1971.4463746918354
MPL-0554,S1:10.4,2015-07-29,29.000435,-139.1930835,6,4,S1_trawl_5_to_50:2015-07-29,422.521177,720.647461,263.0249512735725,1971.4463746918354,catboost|spatial,182.27665346777565,79.85418792660104,414.4433130518882,median,720.647461,263.0249512735725,1971.4463746918354
MPL-0555,S1:8.4,2015-07-29,29.00169,-138.0501585,6,4,S1_trawl_5_to_50:2015-07-29,257.163107,720.647461,263.0249512735725,1971.4463746918354,catboost|spatial,149.12169495419388,65.227571848481,339.28913739250936,median,720.647461,263.0249512735725,1971.4463746918354
MPL-0559,S1:7.4,2015-07-29,29.007175,-137.46765,6,4,S1_trawl_5_to_50:2015-07-29,346.454898,720.647461,263.0249512735725,1971.4463746918354,catboost|spatial,312.20243899177785,137.17214785495585,708.9532670894926,median,720.647461,263.0249512735725,1971.4463746918354
MPL-0563,S1:11.4,2015-07-29,29.0174845,-139.833862,6,4,S1_trawl_5_to_50:2015-07-29,66.287879,720.647461,263.0249512735725,1971.4463746918354,catboost|spatial,369.06835458714096,162.2590715802089,837.8543787568356,median,720.647461,263.0249512735725,1971.4463746918354
MPL-0566,S1:12.3,2015-07-30,28.99819,-140.4820415,6,0,S1_trawl_5_to_50:2015-07-30,86.517306,680.966974,267.06441733038486,1733.9522113317826,catboost|spatial,204.5591404378616,100.75412426546869,414.26140117243403,median,680.966974,267.06441733038486,1733.9522113317826
MPL-0569,S1:13.3,2015-07-30,28.99935,-141.0904165,6,0,S1_trawl_5_to_50:2015-07-30,58.416996,680.966974,267.06441733038486,1733.9522113317826,catboost|spatial,214.35646308751151,105.60391097034513,434.05351512351325,median,680.966974,267.06441733038486,1733.9522113317826
MPL-0570,S1:14.3,2015-07-30,29.00124,-141.6246665,6,0,S1_trawl_5_to_50:2015-07-30,225.114268,680.966974,267.06441733038486,1733.9522113317826,catboost|spatial,207.93896588582447,102.42717649703107,421.0891736969236,median,680.966974,267.06441733038486,1733.9522113317826
MPL-0573,S1:17.4,2015-07-31,28.987515,-143.5660835,6,0,S1_trawl_5_to_50:2015-07-31,150.661497,680.966974,267.06441733038486,1733.9522113317826,catboost|spatial,219.49493299767462,108.14751231378023,444.43402270022085,median,680.966974,267.06441733038486,1733.9522113317826
MPL-0574,S1:17.3,2015-07-31,28.98866,-143.5482335,6,0,S1_trawl_5_to_50:2015-07-31,201.055457,680.966974,267.06441733038486,1733.9522113317826,catboost|spatial,219.49493299767462,108.14751231378023,444.43402270022085,median,680.966974,267.06441733038486,1733.9522113317826
MPL-0577,S1:15.3,2015-07-31,29.00566,-142.3245335,6,0,S1_trawl_5_to_50:2015-07-31,141.836664,680.966974,267.06441733038486,1733.9522113317826,catboost|spatial,149.94049124690045,73.71726856958138,303.92324376979406,median,680.966974,267.06441733038486,1733.9522113317826
MPL-0581,S1:16.3,2015-07-31,29.00719,-142.9808085,6,0,S1_trawl_5_to_50:2015-07-31,315.828009,680.966974,267.06441733038486,1733.9522113317826,catboost|spatial,206.59496435172264,101.76188037435479,418.37408178206056,median,680.966974,267.06441733038486,1733.9522113317826
MPL-0588,S1:20.4,2015-08-01,30.006425,-141.7679665,6,2,S1_trawl_5_to_50:2015-08-01,659.544272,495.219971,143.19040704872035,1706.702091,catboost|spatial_season,573.304475188281,257.0315502284831,1277.2376028405488,median,495.219971,143.19040704872035,1706.702091
MPL-0590,S1:19.4,2015-08-01,30.010985,-142.26325,6,2,S1_trawl_5_to_50:2015-08-01,2109.259348,495.219971,143.19040704872035,1706.702091,catboost|spatial_season,426.67450237699825,191.1515844106098,950.8811960070094,median,495.219971,143.19040704872035,1706.702091
MPL-0593,S1:18.4,2015-08-01,30.023565,-142.7086915,6,2,S1_trawl_5_to_50:2015-08-01,1162.176439,495.219971,143.19040704872035,1706.702091,catboost|spatial_season,413.9564350183131,185.43743315765997,922.5744133931343,median,495.219971,143.19040704872035,1706.702091
MPL-0596,S1:24.4,2015-08-02,29.9806,-139.8215915,6,1,S1_trawl_5_to_50:2015-08-02,495.219971,646.404545,179.6835550671154,2318.705546699968,catboost|spatial_season,423.4464564594266,170.58690077552836,1048.9332617275031,median,646.404545,179.6835550671154,2318.705546699968
MPL-0597,S1:21.4,2015-08-02,29.998635,-141.3439415,6,1,S1_trawl_5_to_50:2015-08-02,844.062324,646.404545,179.6835550671154,2318.705546699968,catboost|spatial_season,556.1934753804347,224.2512657789468,1377.3033268776635,median,646.404545,179.6835550671154,2318.705546699968
MPL-0599,S1:22.4,2015-08-02,29.999935,-140.8015085,6,1,S1_trawl_5_to_50:2015-08-02,724.645668,646.404545,179.6835550671154,2318.705546699968,catboost|spatial_season,522.6971413866572,210.7100238864404,1294.4450189078746,median,646.404545,179.6835550671154,2318.705546699968
MPL-0603,S1:27.3,2015-08-03,29.985215,-138.2296,6,4,S1_trawl_5_to_50:2015-08-03,423.877587,720.647461,263.0249512735725,1971.4463746918354,catboost|spatial,316.10322069564285,138.89301372072418,717.7953844234976,median,720.647461,263.0249512735725,1971.4463746918354
MPL-0606,S1:26.3,2015-08-03,30.00074,-138.767875,6,4,S1_trawl_5_to_50:2015-08-03,529.96366,720.647461,263.0249512735725,1971.4463746918354,catboost|spatial,630.9686774124651,277.7988172002337,1431.518305641239,median,720.647461,263.0249512735725,1971.4463746918354
MPL-0607,S1:25.3,2015-08-03,30.00105,-139.342975,6,4,S1_trawl_5_to_50:2015-08-03,1719.436293,720.647461,263.0249512735725,1971.4463746918354,catboost|spatial,661.5448538708727,291.2877797640317,1500.8270135862663,median,720.647461,263.0249512735725,1971.4463746918354
MPL-0610,S1:28.3,2015-08-03,30.003565,-137.7446665,6,4,S1_trawl_5_to_50:2015-08-03,505.188842,720.647461,263.0249512735725,1971.4463746918354,catboost|spatial,901.7860408931327,397.2723976391219,2045.3949810802512,median,720.647461,263.0249512735725,1971.4463746918354
MPL-0618,S1:31.4,2015-08-04,29.996715,-136.0622665,6,2,S1_trawl_5_to_50:2015-08-04,246.22585,495.219971,143.19040704872035,1706.702091,catboost|spatial_season,679.1384327427993,304.5821114976687,1512.7937408268756,median,495.219971,143.19040704872035,1706.702091
MPL-0621,S1:30.4,2015-08-04,30.00139,-136.6523,6,2,S1_trawl_5_to_50:2015-08-04,720.647461,495.219971,143.19040704872035,1706.702091,catboost|spatial_season,946.8207413664188,424.8501645025623,2108.578045634364,median,495.219971,143.19040704872035,1706.702091
MPL-0622,S1:29.3,2015-08-04,30.002915,-137.2931585,6,2,S1_trawl_5_to_50:2015-08-04,646.404545,495.219971,143.19040704872035,1706.702091,catboost|spatial_season,960.3334107500286,430.92132567126936,2138.653385227042,median,495.219971,143.19040704872035,1706.702091
MPL-0623,S1:30.3,2015-08-04,30.00491,-136.6517,6,2,S1_trawl_5_to_50:2015-08-04,490.394472,495.219971,143.19040704872035,1706.702091,catboost|spatial_season,968.1495598735696,434.4330745123403,2156.049899011553,median,495.219971,143.19040704872035,1706.702091
MPL-0627,S1:32.4,2015-08-04,30.015125,-135.476125,6,2,S1_trawl_5_to_50:2015-08-04,949.556256,495.219971,143.19040704872035,1706.702091,catboost|spatial_season,806.3277266664325,361.727497092691,1795.8807533712702,median,495.219971,143.19040704872035,1706.702091
MPL-0631,S1:34.4,2015-08-05,30.000825,-134.268275,6,3,S1_trawl_5_to_50:2015-08-05,373.240546,500.2044065,140.3443305559829,1776.2616425921744,catboost|spatial,136.03647161603763,51.55108916561174,356.34738996164594,median,500.2044065,140.3443305559829,1776.2616425921744
MPL-0634,S1:33.4,2015-08-05,30.00406,-134.8896165,6,3,S1_trawl_5_to_50:2015-08-05,633.666764,500.2044065,140.3443305559829,1776.2616425921744,catboost|spatial,481.2889044967751,183.94935636411324,1256.6555656823718,median,500.2044065,140.3443305559829,1776.2616425921744
MPL-0637,S1:35.4,2015-08-05,30.998235,-134.2625085,6,3,S1_trawl_5_to_50:2015-08-05,828.098322,500.2044065,140.3443305559829,1776.2616425921744,catboost|spatial,110.91131243437148,41.91603022921832,290.82899219454725,median,500.2044065,140.3443305559829,1776.2616425921744
MPL-0640,S1:39.3,2015-08-06,30.97964,-136.3260415,6,3,S1_trawl_5_to_50:2015-08-06,721.013939,500.2044065,140.3443305559829,1776.2616425921744,catboost|spatial,1000.6372757558188,383.1103698096402,2610.9503950928183,median,500.2044065,140.3443305559829,1776.2616425921744
MPL-0642,S1:38.3,2015-08-06,30.991785,-135.9519665,6,3,S1_trawl_5_to_50:2015-08-06,846.359613,500.2044065,140.3443305559829,1776.2616425921744,catboost|spatial,903.658131163059,345.92056468259074,2358.059731809862,median,500.2044065,140.3443305559829,1776.2616425921744
MPL-0647,S1:36.3,2015-08-06,30.997975,-134.8475585,6,3,S1_trawl_5_to_50:2015-08-06,347.331302,500.2044065,140.3443305559829,1776.2616425921744,catboost|spatial,468.7192377809037,179.12910910746632,1223.8778858382075,median,500.2044065,140.3443305559829,1776.2616425921744
MPL-0648,S1:37.3,2015-08-06,31.000565,-135.4216585,6,3,S1_trawl_5_to_50:2015-08-06,1104.538559,500.2044065,140.3443305559829,1776.2616425921744,catboost|spatial,537.3908711839662,205.46347898400506,1402.9515927980956,median,500.2044065,140.3443305559829,1776.2616425921744
MPL-0654,S1:41.3,2015-08-07,30.965825,-137.3956835,6,1,S1_trawl_5_to_50:2015-08-07,2209.120417,646.404545,179.6835550671154,2318.705546699968,catboost|spatial_season,685.2244659238819,276.41338760705776,1696.4812271840647,median,646.404545,179.6835550671154,2318.705546699968
MPL-0656,S1:42.3,2015-08-07,30.988835,-137.914525,6,1,S1_trawl_5_to_50:2015-08-07,1706.702091,646.404545,179.6835550671154,2318.705546699968,catboost|spatial_season,642.13919450463,258.995717888313,1589.9032151281338,median,646.404545,179.6835550671154,2318.705546699968
MPL-0658,S1:42.4,2015-08-07,30.98994,-137.91355,6,1,S1_trawl_5_to_50:2015-08-07,1197.871844,646.404545,179.6835550671154,2318.705546699968,catboost|spatial_season,642.1211404716063,258.98841935742433,1589.858555714699,median,646.404545,179.6835550671154,2318.705546699968
MPL-0660,S1:43.4,2015-08-07,31.001675,-138.493,6,1,S1_trawl_5_to_50:2015-08-07,351.925224,646.404545,179.6835550671154,2318.705546699968,catboost|spatial_season,685.938414963314,276.7020089422662,1698.2472893864235,median,646.404545,179.6835550671154,2318.705546699968
MPL-0666,S1:45.4,2015-08-08,30.987735,-139.5542835,6,3,S1_trawl_5_to_50:2015-08-08,1035.855936,500.2044065,140.3443305559829,1776.2616425921744,catboost|spatial,1379.2154777612227,528.2884863732794,3598.1615425168106,median,500.2044065,140.3443305559829,1776.2616425921744
MPL-0668,S1:44.4,2015-08-08,30.99416,-139.0254165,6,3,S1_trawl_5_to_50:2015-08-08,729.389849,500.2044065,140.3443305559829,1776.2616425921744,catboost|spatial,1211.0872649337332,463.81425845891783,3159.7368127765576,median,500.2044065,140.3443305559829,1776.2616425921744
MPL-0669,S1:47.4,2015-08-08,30.99445,-140.6223835,6,3,S1_trawl_5_to_50:2015-08-08,1077.945907,500.2044065,140.3443305559829,1776.2616425921744,catboost|spatial,581.1027451025947,222.22621781407426,1516.9382116226159,median,500.2044065,140.3443305559829,1776.2616425921744
MPL-0671,S1:46.4,2015-08-08,30.999525,-140.084,6,3,S1_trawl_5_to_50:2015-08-08,747.327276,500.2044065,140.3443305559829,1776.2616425921744,catboost|spatial,564.2226719082033,215.75300509121615,1472.920367122952,median,500.2044065,140.3443305559829,1776.2616425921744
MPL-0677,S1:48.4,2015-08-09,30.97485,-141.2498415,6,1,S1_trawl_5_to_50:2015-08-09,1380.789998,646.404545,179.6835550671154,2318.705546699968,catboost|spatial_season,1084.2158696258732,437.70981818250465,2683.447520611257,median,646.404545,179.6835550671154,2318.705546699968
MPL-0680,S1:51.3,2015-08-09,30.9897265,-142.8742845,6,1,S1_trawl_5_to_50:2015-08-09,680.966974,646.404545,179.6835550671154,2318.705546699968,catboost|spatial_season,1105.6973609136567,446.39393477250763,2736.5852765550612,median,646.404545,179.6835550671154,2318.705546699968
MPL-0684,S1:49.3,2015-08-09,30.991625,-141.8085085,6,1,S1_trawl_5_to_50:2015-08-09,1819.989117,646.404545,179.6835550671154,2318.705546699968,catboost|spatial_season,1288.5457993334667,520.3123204313578,3188.8888696944778,median,646.404545,179.6835550671154,2318.705546699968
MPL-0687,S1:50.3,2015-08-09,30.996965,-142.37745,6,1,S1_trawl_5_to_50:2015-08-09,280.885892,646.404545,179.6835550671154,2318.705546699968,catboost|spatial_season,1131.5533848744774,456.8465017578069,2800.544108486278,median,646.404545,179.6835550671154,2318.705546699968
MPL-0691,S1:52.3,2015-08-10,31.00401,-143.3006915,6,1,S1_trawl_5_to_50:2015-08-10,559.439481,646.404545,179.6835550671154,2318.705546699968,catboost|spatial_season,1084.6954726079794,437.9037026832466,2684.6338919795976,median,646.404545,179.6835550671154,2318.705546699968
MPL-0694,S1:53.3,2015-08-10,31.00916,-143.842775,6,1,S1_trawl_5_to_50:2015-08-10,349.268718,646.404545,179.6835550671154,2318.705546699968,catboost|spatial_season,1074.722096741837,433.8718616133132,2659.963220581086,median,646.404545,179.6835550671154,2318.705546699968
MPL-0699,S1:54.4,2015-08-10,32.023415,-143.6277915,6,1,S1_trawl_5_to_50:2015-08-10,741.629573,646.404545,179.6835550671154,2318.705546699968,catboost|spatial_season,1064.1533663180371,429.59934226262993,2633.8198485790167,median,646.404545,179.6835550671154,2318.705546699968
MPL-0701,S1:54.3,2015-08-10,32.028835,-143.6377665,6,1,S1_trawl_5_to_50:2015-08-10,439.780685,646.404545,179.6835550671154,2318.705546699968,catboost|spatial_season,1064.1533663180371,429.59934226262993,2633.8198485790167,median,646.404545,179.6835550671154,2318.705546699968
MPL-0705,S1:57.4,2015-08-11,32.003635,-142.0377085,6,2,S1_trawl_5_to_50:2015-08-11,1292.557215,495.219971,143.19040704872035,1706.702091,catboost|spatial_season,638.6883115519939,286.4081150746533,1422.7633333002868,median,495.219971,143.19040704872035,1706.702091
MPL-0710,S1:58.4,2015-08-11,32.01739,-141.4973835,6,2,S1_trawl_5_to_50:2015-08-11,1849.2198,495.219971,143.19040704872035,1706.702091,catboost|spatial_season,723.4731050846805,324.5014134141251,1611.4700488574347,median,495.219971,143.19040704872035,1706.702091
MPL-0711,S1:56.4,2015-08-11,32.01915,-142.5771415,6,2,S1_trawl_5_to_50:2015-08-11,961.750609,495.219971,143.19040704872035,1706.702091,catboost|spatial_season,498.9413197617613,223.6206312759608,1111.7264747914576,median,495.219971,143.19040704872035,1706.702091
MPL-0715,S1:55.4,2015-08-11,32.021825,-143.1047085,6,2,S1_trawl_5_to_50:2015-08-11,937.233371,495.219971,143.19040704872035,1706.702091,catboost|spatial_season,589.4988063878145,264.30756593941624,1313.281555110486,median,495.219971,143.19040704872035,1706.702091
MPL-0716,S1:61.3,2015-08-12,31.99739,-139.8349335,6,2,S1_trawl_5_to_50:2015-08-12,969.284957,495.219971,143.19040704872035,1706.702091,catboost|spatial_season,595.2503410340821,266.89169590024005,1326.0828272170443,median,495.219971,143.19040704872035,1706.702091
MPL-0721,S1:60.4,2015-08-12,32.00135,-140.3389585,6,2,S1_trawl_5_to_50:2015-08-12,1390.855413,495.219971,143.19040704872035,1706.702091,catboost|spatial_season,612.4886553969617,274.6367669741186,1364.4503875969197,median,495.219971,143.19040704872035,1706.702091
MPL-0724,S1:62.3,2015-08-12,32.007425,-139.3066335,6,2,S1_trawl_5_to_50:2015-08-12,883.382867,495.219971,143.19040704872035,1706.702091,catboost|spatial_season,660.8817573435387,296.37949692855005,1472.159599867869,median,495.219971,143.19040704872035,1706.702091
MPL-0725,S1:66.4,2015-08-13,31.994635,-137.2262165,6,4,S1_trawl_5_to_50:2015-08-13,940.427881,720.647461,263.0249512735725,1971.4463746918354,catboost|spatial,897.113701871082,395.21115213841165,2034.8039321588801,median,720.647461,263.0249512735725,1971.4463746918354
MPL-0726,S1:65.3,2015-08-13,31.9947,-137.7624415,6,4,S1_trawl_5_to_50:2015-08-13,254.925782,720.647461,263.0249512735725,1971.4463746918354,catboost|spatial,1016.7849847744978,448.00524355274166,2306.069438735288,median,720.647461,263.0249512735725,1971.4463746918354
MPL-0727,S1:66.3,2015-08-13,31.99716,-137.2263335,6,4,S1_trawl_5_to_50:2015-08-13,942.476591,720.647461,263.0249512735725,1971.4463746918354,catboost|spatial,897.113701871082,395.21115213841165,2034.8039321588801,median,720.647461,263.0249512735725,1971.4463746918354
MPL-0736,S1:64.3,2015-08-13,32.007085,-138.2743415,6,4,S1_trawl_5_to_50:2015-08-13,926.093191,720.647461,263.0249512735725,1971.4463746918354,catboost|spatial,649.6440949469832,286.03765008141767,1473.8509060372392,median,720.647461,263.0249512735725,1971.4463746918354
MPL-0738,S1:63.3,2015-08-13,32.0156,-138.781625,6,4,S1_trawl_5_to_50:2015-08-13,473.750303,720.647461,263.0249512735725,1971.4463746918354,catboost|spatial,876.8175542798754,386.2573192280242,1988.797533428103,median,720.647461,263.0249512735725,1971.4463746918354
MPL-0739,S1:69.4,2015-08-14,31.99764,-135.6463915,6,3,S1_trawl_5_to_50:2015-08-14,1171.220722,500.2044065,140.3443305559829,1776.2616425921744,catboost|spatial,736.0294702880874,281.63790620146136,1920.9376741559302,median,500.2044065,140.3443305559829,1776.2616425921744
MPL-0742,S1:68.4,2015-08-14,32.001165,-136.1661665,6,3,S1_trawl_5_to_50:2015-08-14,470.658241,500.2044065,140.3443305559829,1776.2616425921744,catboost|spatial,751.974355328028,287.7524906298836,1962.5168463651075,median,500.2044065,140.3443305559829,1776.2616425921744
MPL-0747,S1:70.4,2015-08-14,32.00864,-135.113225,6,3,S1_trawl_5_to_50:2015-08-14,727.272727,500.2044065,140.3443305559829,1776.2616425921744,catboost|spatial,693.8264711312493,265.4537944420655,1810.8857192318028,median,500.2044065,140.3443305559829,1776.2616425921744
MPL-0751,S1:67.4,2015-08-14,32.01855,-136.6982335,6,3,S1_trawl_5_to_50:2015-08-14,1425.853627,500.2044065,140.3443305559829,1776.2616425921744,catboost|spatial,853.3433083116649,326.6257104672541,2226.8547291540285,median,500.2044065,140.3443305559829,1776.2616425921744
MPL-0753,S1:71.4,2015-08-15,32.008585,-134.5978585,6,2,S1_trawl_5_to_50:2015-08-15,290.674527,495.219971,143.19040704872035,1706.702091,catboost|spatial_season,492.5770148369347,220.76118731056005,1097.5613511988029,median,495.219971,143.19040704872035,1706.702091
MPL-0755,S1:72.4,2015-08-15,32.996175,-134.1399,6,2,S1_trawl_5_to_50:2015-08-15,71.74788,495.219971,143.19040704872035,1706.702091,catboost|spatial_season,596.416877673824,267.4158138038177,1328.6792043348103,median,495.219971,143.19040704872035,1706.702091
MPL-0756,S1:73.3,2015-08-15,32.99759,-134.7286085,6,2,S1_trawl_5_to_50:2015-08-15,1417.506452,495.219971,143.19040704872035,1706.702091,catboost|spatial_season,578.6696264353418,259.44208044947004,1289.1788959441271,median,495.219971,143.19040704872035,1706.702091
MPL-0762,S1:74.3,2015-08-16,32.987775,-135.2962085,6,0,S1_trawl_5_to_50:2015-08-16,1026.323987,680.966974,267.06441733038486,1733.9522113317826,catboost|spatial,973.8069038680507,481.54056044280225,1968.2614004443928,median,680.966974,267.06441733038486,1733.9522113317826
MPL-0763,S1:75.3,2015-08-16,32.996535,-136.8875415,6,0,S1_trawl_5_to_50:2015-08-16,1518.942464,680.966974,267.06441733038486,1733.9522113317826,catboost|spatial,952.7523537088424,471.1183174392067,1925.7279379014753,median,680.966974,267.06441733038486,1733.9522113317826
MPL-0768,S1:77.3,2015-08-17,32.98329,-138.0048415,6,0,S1_trawl_5_to_50:2015-08-17,376.349309,680.966974,267.06441733038486,1733.9522113317826,catboost|spatial,756.3895858804711,373.9165027392691,1529.0446382300795,median,680.966974,267.06441733038486,1733.9522113317826
MPL-0770,S1:78.3,2015-08-17,32.9915,-139.571725,6,0,S1_trawl_5_to_50:2015-08-17,748.005286,680.966974,267.06441733038486,1733.9522113317826,catboost|spatial,816.9410003925112,403.8901450865942,1651.3679033482442,median,680.966974,267.06441733038486,1733.9522113317826
MPL-0777,S1:79.4,2015-08-18,33.786985,-138.3120665,6,3,S1_trawl_5_to_50:2015-08-18,552.015861,500.2044065,140.3443305559829,1776.2616425921744,catboost|spatial,882.6759970670473,337.8742833768826,2303.3450214366744,median,500.2044065,140.3443305559829,1776.2616425921744
MPL-0778,S1:79.3,2015-08-18,33.7888,-138.313375,6,3,S1_trawl_5_to_50:2015-08-18,361.510331,500.2044065,140.3443305559829,1776.2616425921744,catboost|spatial,882.6759970670473,337.8742833768826,2303.3450214366744,median,500.2044065,140.3443305559829,1776.2616425921744
MPL-0526,S1:0.1,2015-07-25,33.1895665,-128.790017,7,4,S1_trawl_5_to_50:2015-07-25,91.014999,659.544272,229.70348470425537,1890.25333685938,lightgbm|spatial,363.71313595497537,153.71273839846023,858.759014771832,median,659.544272,229.70348470425537,1890.25333685938
MPL-0530,S1:2.3,2015-07-27,29.054015,-134.546025,7,3,S1_trawl_5_to_50:2015-07-27,61.817996,529.96366,187.36401654216905,1495.6893009391836,ensemble|spatial_geography,251.96169364872114,119.42411708949298,530.3687988766874,median,529.96366,187.36401654216905,1495.6893009391836
MPL-0531,S1:1.3,2015-07-27,29.07234,-134.05625,7,3,S1_trawl_5_to_50:2015-07-27,152.892947,529.96366,187.36401654216905,1495.6893009391836,ensemble|spatial_geography,259.07399024062374,122.8099737589532,545.3088178288934,median,529.96366,187.36401654216905,1495.6893009391836
MPL-0535,S1:4.3,2015-07-28,28.988125,-135.6992415,7,4,S1_trawl_5_to_50:2015-07-28,255.766117,659.544272,229.70348470425537,1890.25333685938,lightgbm|spatial,152.9654285465943,64.31273683566128,361.951459945453,median,659.544272,229.70348470425537,1890.25333685938
MPL-0543,S1:3.3,2015-07-28,29.00679,-135.1118335,7,4,S1_trawl_5_to_50:2015-07-28,177.80932,659.544272,229.70348470425537,1890.25333685938,lightgbm|spatial,153.17391419530043,64.40117726307734,362.44293502066876,median,659.544272,229.70348470425537,1890.25333685938
MPL-0544,S1:6.4,2015-07-28,29.0074,-136.8627915,7,4,S1_trawl_5_to_50:2015-07-28,348.007734,659.544272,229.70348470425537,1890.25333685938,lightgbm|spatial,225.01001666462483,94.87433282902771,531.7862643261955,median,659.544272,229.70348470425537,1890.25333685938
MPL-0545,S1:6.3,2015-07-28,29.00841,-136.8621665,7,4,S1_trawl_5_to_50:2015-07-28,340.282743,659.544272,229.70348470425537,1890.25333685938,lightgbm|spatial,225.01001666462483,94.87433282902771,531.7862643261955,median,659.544272,229.70348470425537,1890.25333685938
MPL-0546,S1:5.3,2015-07-28,29.00875,-136.26805,7,4,S1_trawl_5_to_50:2015-07-28,346.539186,659.544272,229.70348470425537,1890.25333685938,lightgbm|spatial,155.9550488505235,65.58094545880675,368.99906189244007,median,659.544272,229.70348470425537,1890.25333685938
MPL-0551,S1:9.4,2015-07-29,28.999935,-138.5806,7,2,S1_trawl_5_to_50:2015-07-29,415.473402,700.9904565,217.74320376220209,2251.8270252126135,catboost|spatial,115.45049009594403,55.101871089397896,240.71594245005952,median,700.9904565,217.74320376220209,2251.8270252126135
MPL-0554,S1:10.4,2015-07-29,29.000435,-139.1930835,7,2,S1_trawl_5_to_50:2015-07-29,422.521177,700.9904565,217.74320376220209,2251.8270252126135,catboost|spatial,204.0842893918091,97.80261007438034,424.692860984949,median,700.9904565,217.74320376220209,2251.8270252126135
MPL-0555,S1:8.4,2015-07-29,29.00169,-138.0501585,7,2,S1_trawl_5_to_50:2015-07-29,257.163107,700.9904565,217.74320376220209,2251.8270252126135,catboost|spatial,194.64665727133195,93.25588107241614,405.1031955346913,median,700.9904565,217.74320376220209,2251.8270252126135
MPL-0559,S1:7.4,2015-07-29,29.007175,-137.46765,7,2,S1_trawl_5_to_50:2015-07-29,346.454898,700.9904565,217.74320376220209,2251.8270252126135,catboost|spatial,306.2340142221088,147.01486061557873,636.7247467076019,median,700.9904565,217.74320376220209,2251.8270252126135
MPL-0563,S1:11.4,2015-07-29,29.0174845,-139.833862,7,2,S1_trawl_5_to_50:2015-07-29,66.287879,700.9904565,217.74320376220209,2251.8270252126135,catboost|spatial,306.0667020373484,146.93425531616455,636.3774572939686,median,700.9904565,217.74320376220209,2251.8270252126135
MPL-0566,S1:12.3,2015-07-30,28.99819,-140.4820415,7,1,S1_trawl_5_to_50:2015-07-30,86.517306,640.0356545,208.28074675197442,1962.518941507057,ensemble|spatial,274.1806988728539,119.67897718385402,626.4864006908708,median,640.0356545,208.28074675197442,1962.518941507057
MPL-0569,S1:13.3,2015-07-30,28.99935,-141.0904165,7,1,S1_trawl_5_to_50:2015-07-30,58.416996,640.0356545,208.28074675197442,1962.518941507057,ensemble|spatial,298.07284441648153,130.1567457873307,680.9669528275609,median,640.0356545,208.28074675197442,1962.518941507057
MPL-0570,S1:14.3,2015-07-30,29.00124,-141.6246665,7,1,S1_trawl_5_to_50:2015-07-30,225.114268,640.0356545,208.28074675197442,1962.518941507057,ensemble|spatial,295.5382077974384,129.0451948828823,675.18729598514,median,640.0356545,208.28074675197442,1962.518941507057
MPL-0573,S1:17.4,2015-07-31,28.987515,-143.5660835,7,0,S1_trawl_5_to_50:2015-07-31,150.661497,540.9897605,192.09600708656748,1520.2789995970984,random_forest|spatial_season,242.2963154512298,104.76612279457214,558.660272572477,median,540.9897605,192.09600708656748,1520.2789995970984
MPL-0574,S1:17.3,2015-07-31,28.98866,-143.5482335,7,0,S1_trawl_5_to_50:2015-07-31,201.055457,540.9897605,192.09600708656748,1520.2789995970984,random_forest|spatial_season,242.2963154512298,104.76612279457214,558.660272572477,median,540.9897605,192.09600708656748,1520.2789995970984
MPL-0577,S1:15.3,2015-07-31,29.00566,-142.3245335,7,0,S1_trawl_5_to_50:2015-07-31,141.836664,540.9897605,192.09600708656748,1520.2789995970984,random_forest|spatial_season,262.3174703392426,113.46974792940978,604.7154090058405,median,540.9897605,192.09600708656748,1520.2789995970984
MPL-0581,S1:16.3,2015-07-31,29.00719,-142.9808085,7,0,S1_trawl_5_to_50:2015-07-31,315.828009,540.9897605,192.09600708656748,1520.2789995970984,random_forest|spatial_season,269.05915666238474,116.40050346581606,620.2234696117324,median,540.9897605,192.09600708656748,1520.2789995970984
MPL-0588,S1:20.4,2015-08-01,30.006425,-141.7679665,7,3,S1_trawl_5_to_50:2015-08-01,659.544272,529.96366,187.36401654216905,1495.6893009391836,ensemble|spatial_geography,292.31889906547417,138.63643639527953,615.1427401758751,median,529.96366,187.36401654216905,1495.6893009391836
MPL-0590,S1:19.4,2015-08-01,30.010985,-142.26325,7,3,S1_trawl_5_to_50:2015-08-01,2109.259348,529.96366,187.36401654216905,1495.6893009391836,ensemble|spatial_geography,285.5514056683136,135.41472560774125,600.9270113594449,median,529.96366,187.36401654216905,1495.6893009391836
MPL-0593,S1:18.4,2015-08-01,30.023565,-142.7086915,7,3,S1_trawl_5_to_50:2015-08-01,1162.176439,529.96366,187.36401654216905,1495.6893009391836,ensemble|spatial_geography,273.9814910381783,129.90678986443592,576.6233646236741,median,529.96366,187.36401654216905,1495.6893009391836
MPL-0596,S1:24.4,2015-08-02,29.9806,-139.8215915,7,3,S1_trawl_5_to_50:2015-08-02,495.219971,529.96366,187.36401654216905,1495.6893009391836,ensemble|spatial_geography,700.6895854244093,333.04405061016655,1472.9621118643397,median,529.96366,187.36401654216905,1495.6893009391836
MPL-0597,S1:21.4,2015-08-02,29.998635,-141.3439415,7,3,S1_trawl_5_to_50:2015-08-02,844.062324,529.96366,187.36401654216905,1495.6893009391836,ensemble|spatial_geography,406.67378182876774,193.07584812204286,855.3554610157244,median,529.96366,187.36401654216905,1495.6893009391836
MPL-0599,S1:22.4,2015-08-02,29.999935,-140.8015085,7,3,S1_trawl_5_to_50:2015-08-02,724.645668,529.96366,187.36401654216905,1495.6893009391836,ensemble|spatial_geography,452.54407362864157,214.91270931221203,951.7101363274318,median,529.96366,187.36401654216905,1495.6893009391836
MPL-0603,S1:27.3,2015-08-03,29.985215,-138.2296,7,4,S1_trawl_5_to_50:2015-08-03,423.877587,659.544272,229.70348470425537,1890.25333685938,lightgbm|spatial,419.7206798774608,177.47135753492446,990.7887829250984,median,659.544272,229.70348470425537,1890.25333685938
MPL-0606,S1:26.3,2015-08-03,30.00074,-138.767875,7,4,S1_trawl_5_to_50:2015-08-03,529.96366,659.544272,229.70348470425537,1890.25333685938,lightgbm|spatial,1155.970609120667,489.79145645494555,2726.3926079272087,median,659.544272,229.70348470425537,1890.25333685938
MPL-0607,S1:25.3,2015-08-03,30.00105,-139.342975,7,4,S1_trawl_5_to_50:2015-08-03,1719.436293,659.544272,229.70348470425537,1890.25333685938,lightgbm|spatial,1272.5392533829931,539.2403311657453,3001.186501714018,median,659.544272,229.70348470425537,1890.25333685938
MPL-0610,S1:28.3,2015-08-03,30.003565,-137.7446665,7,4,S1_trawl_5_to_50:2015-08-03,505.188842,659.544272,229.70348470425537,1890.25333685938,lightgbm|spatial,1119.1184547027103,474.15862844902244,2639.5189287227577,median,659.544272,229.70348470425537,1890.25333685938
MPL-0618,S1:31.4,2015-08-04,29.996715,-136.0622665,7,2,S1_trawl_5_to_50:2015-08-04,246.22585,700.9904565,217.74320376220209,2251.8270252126135,catboost|spatial,615.9954620652842,296.2473524758114,1279.6956800065418,median,700.9904565,217.74320376220209,2251.8270252126135
MPL-0621,S1:30.4,2015-08-04,30.00139,-136.6523,7,2,S1_trawl_5_to_50:2015-08-04,720.647461,700.9904565,217.74320376220209,2251.8270252126135,catboost|spatial,879.768385353881,423.32414302446637,1827.208367097681,median,700.9904565,217.74320376220209,2251.8270252126135
MPL-0622,S1:29.3,2015-08-04,30.002915,-137.2931585,7,2,S1_trawl_5_to_50:2015-08-04,646.404545,700.9904565,217.74320376220209,2251.8270252126135,catboost|spatial,913.9438205060562,439.7887011019097,1898.1462181075212,median,700.9904565,217.74320376220209,2251.8270252126135
MPL-0623,S1:30.3,2015-08-04,30.00491,-136.6517,7,2,S1_trawl_5_to_50:2015-08-04,490.394472,700.9904565,217.74320376220209,2251.8270252126135,catboost|spatial,881.9118439676179,424.3567882175802,1831.6575378868743,median,700.9904565,217.74320376220209,2251.8270252126135
MPL-0627,S1:32.4,2015-08-04,30.015125,-135.476125,7,2,S1_trawl_5_to_50:2015-08-04,949.556256,700.9904565,217.74320376220209,2251.8270252126135,catboost|spatial,959.8505391847298,461.904991134921,1993.4346600974432,median,700.9904565,217.74320376220209,2251.8270252126135
MPL-0631,S1:34.4,2015-08-05,30.000825,-134.268275,7,2,S1_trawl_5_to_50:2015-08-05,373.240546,700.9904565,217.74320376220209,2251.8270252126135,catboost|spatial,118.56497841530191,56.60232524856967,247.18067676541565,median,700.9904565,217.74320376220209,2251.8270252126135
MPL-0634,S1:33.4,2015-08-05,30.00406,-134.8896165,7,2,S1_trawl_5_to_50:2015-08-05,633.666764,700.9904565,217.74320376220209,2251.8270252126135,catboost|spatial,527.7180897063257,253.71832782239295,1096.4585958244145,median,700.9904565,217.74320376220209,2251.8270252126135
MPL-0637,S1:35.4,2015-08-05,30.998235,-134.2625085,7,2,S1_trawl_5_to_50:2015-08-05,828.098322,700.9904565,217.74320376220209,2251.8270252126135,catboost|spatial,112.91821822624176,53.881908941704936,235.4597131201481,median,700.9904565,217.74320376220209,2251.8270252126135
MPL-0640,S1:39.3,2015-08-06,30.97964,-136.3260415,7,3,S1_trawl_5_to_50:2015-08-06,721.013939,529.96366,187.36401654216905,1495.6893009391836,ensemble|spatial_geography,642.3663252959519,305.2788700192126,1350.4488560665375,median,529.96366,187.36401654216905,1495.6893009391836
MPL-0642,S1:38.3,2015-08-06,30.991785,-135.9519665,7,3,S1_trawl_5_to_50:2015-08-06,846.359613,529.96366,187.36401654216905,1495.6893009391836,ensemble|spatial_geography,647.3685114484932,307.6601944096698,1360.956398174176,median,529.96366,187.36401654216905,1495.6893009391836
MPL-0647,S1:36.3,2015-08-06,30.997975,-134.8475585,7,3,S1_trawl_5_to_50:2015-08-06,347.331302,529.96366,187.36401654216905,1495.6893009391836,ensemble|spatial_geography,654.5868574744915,311.09653662611,1376.1191835049756,median,529.96366,187.36401654216905,1495.6893009391836
MPL-0648,S1:37.3,2015-08-06,31.000565,-135.4216585,7,3,S1_trawl_5_to_50:2015-08-06,1104.538559,529.96366,187.36401654216905,1495.6893009391836,ensemble|spatial_geography,694.2229653695231,329.9655726025664,1459.3783945757905,median,529.96366,187.36401654216905,1495.6893009391836
MPL-0654,S1:41.3,2015-08-07,30.965825,-137.3956835,7,3,S1_trawl_5_to_50:2015-08-07,2209.120417,529.96366,187.36401654216905,1495.6893009391836,ensemble|spatial_geography,601.3669386674671,285.76083602469674,1264.3259553489606,median,529.96366,187.36401654216905,1495.6893009391836
MPL-0656,S1:42.3,2015-08-07,30.988835,-137.914525,7,3,S1_trawl_5_to_50:2015-08-07,1706.702091,529.96366,187.36401654216905,1495.6893009391836,ensemble|spatial_geography,604.0031146397545,287.0158053418934,1269.863480180555,median,529.96366,187.36401654216905,1495.6893009391836
MPL-0658,S1:42.4,2015-08-07,30.98994,-137.91355,7,3,S1_trawl_5_to_50:2015-08-07,1197.871844,529.96366,187.36401654216905,1495.6893009391836,ensemble|spatial_geography,603.9289878506355,286.980516784944,1269.7077701901187,median,529.96366,187.36401654216905,1495.6893009391836
MPL-0660,S1:43.4,2015-08-07,31.001675,-138.493,7,3,S1_trawl_5_to_50:2015-08-07,351.925224,529.96366,187.36401654216905,1495.6893009391836,ensemble|spatial_geography,672.7220306513681,319.7299078950545,1414.2137465568794,median,529.96366,187.36401654216905,1495.6893009391836
MPL-0666,S1:45.4,2015-08-08,30.987735,-139.5542835,7,4,S1_trawl_5_to_50:2015-08-08,1035.855936,659.544272,229.70348470425537,1890.25333685938,lightgbm|spatial,1599.7320042777744,678.0367755068839,3772.4965791895675,median,659.544272,229.70348470425537,1890.25333685938
MPL-0668,S1:44.4,2015-08-08,30.99416,-139.0254165,7,4,S1_trawl_5_to_50:2015-08-08,729.389849,659.544272,229.70348470425537,1890.25333685938,lightgbm|spatial,782.2463599329066,331.2561685872639,1845.3911835154536,median,659.544272,229.70348470425537,1890.25333685938
MPL-0669,S1:47.4,2015-08-08,30.99445,-140.6223835,7,4,S1_trawl_5_to_50:2015-08-08,1077.945907,659.544272,229.70348470425537,1890.25333685938,lightgbm|spatial,920.4195556308003,389.86977849663265,2171.1147149425265,median,659.544272,229.70348470425537,1890.25333685938
MPL-0671,S1:46.4,2015-08-08,30.999525,-140.084,7,4,S1_trawl_5_to_50:2015-08-08,747.327276,659.544272,229.70348470425537,1890.25333685938,lightgbm|spatial,879.2886108808731,372.42187090066767,2074.154399975429,median,659.544272,229.70348470425537,1890.25333685938
MPL-0677,S1:48.4,2015-08-09,30.97485,-141.2498415,7,1,S1_trawl_5_to_50:2015-08-09,1380.789998,640.0356545,208.28074675197442,1962.518941507057,ensemble|spatial,1125.7546709431556,493.13204408415646,2568.3053176611943,median,640.0356545,208.28074675197442,1962.518941507057
MPL-0680,S1:51.3,2015-08-09,30.9897265,-142.8742845,7,1,S1_trawl_5_to_50:2015-08-09,680.966974,640.0356545,208.28074675197442,1962.518941507057,ensemble|spatial,902.5453854161993,395.24484347137695,2059.3277921669182,median,640.0356545,208.28074675197442,1962.518941507057
MPL-0684,S1:49.3,2015-08-09,30.991625,-141.8085085,7,1,S1_trawl_5_to_50:2015-08-09,1819.989117,640.0356545,208.28074675197442,1962.518941507057,ensemble|spatial,1048.0870464628501,459.071335898683,2391.2021329720856,median,640.0356545,208.28074675197442,1962.518941507057
MPL-0687,S1:50.3,2015-08-09,30.996965,-142.37745,7,1,S1_trawl_5_to_50:2015-08-09,280.885892,640.0356545,208.28074675197442,1962.518941507057,ensemble|spatial,922.6729610706196,404.07168072091963,2105.224107038409,median,640.0356545,208.28074675197442,1962.518941507057
MPL-0691,S1:52.3,2015-08-10,31.00401,-143.3006915,7,0,S1_trawl_5_to_50:2015-08-10,559.439481,540.9897605,192.09600708656748,1520.2789995970984,random_forest|spatial_season,570.3932791903208,247.39690489661805,1313.3894833945376,median,540.9897605,192.09600708656748,1520.2789995970984
MPL-0694,S1:53.3,2015-08-10,31.00916,-143.842775,7,0,S1_trawl_5_to_50:2015-08-10,349.268718,540.9897605,192.09600708656748,1520.2789995970984,random_forest|spatial_season,570.3932791903208,247.39690489661805,1313.3894833945376,median,540.9897605,192.09600708656748,1520.2789995970984
MPL-0699,S1:54.4,2015-08-10,32.023415,-143.6277915,7,0,S1_trawl_5_to_50:2015-08-10,741.629573,540.9897605,192.09600708656748,1520.2789995970984,random_forest|spatial_season,593.2270140471325,257.3232188247398,1365.9144640959921,median,540.9897605,192.09600708656748,1520.2789995970984
MPL-0701,S1:54.3,2015-08-10,32.028835,-143.6377665,7,0,S1_trawl_5_to_50:2015-08-10,439.780685,540.9897605,192.09600708656748,1520.2789995970984,random_forest|spatial_season,593.2270140471325,257.3232188247398,1365.9144640959921,median,540.9897605,192.09600708656748,1520.2789995970984
MPL-0705,S1:57.4,2015-08-11,32.003635,-142.0377085,7,0,S1_trawl_5_to_50:2015-08-11,1292.557215,540.9897605,192.09600708656748,1520.2789995970984,random_forest|spatial_season,613.7064339584376,266.2260615870047,1413.0237584082804,median,540.9897605,192.09600708656748,1520.2789995970984
MPL-0710,S1:58.4,2015-08-11,32.01739,-141.4973835,7,0,S1_trawl_5_to_50:2015-08-11,1849.2198,540.9897605,192.09600708656748,1520.2789995970984,random_forest|spatial_season,598.0842621717887,259.4347686878904,1377.087706914551,median,540.9897605,192.09600708656748,1520.2789995970984
MPL-0711,S1:56.4,2015-08-11,32.01915,-142.5771415,7,0,S1_trawl_5_to_50:2015-08-11,961.750609,540.9897605,192.09600708656748,1520.2789995970984,random_forest|spatial_season,596.8687972767905,258.90638004748524,1374.2917442499486,median,540.9897605,192.09600708656748,1520.2789995970984
MPL-0715,S1:55.4,2015-08-11,32.021825,-143.1047085,7,0,S1_trawl_5_to_50:2015-08-11,937.233371,540.9897605,192.09600708656748,1520.2789995970984,random_forest|spatial_season,596.8687972767905,258.90638004748524,1374.2917442499486,median,540.9897605,192.09600708656748,1520.2789995970984
MPL-0716,S1:61.3,2015-08-12,31.99739,-139.8349335,7,0,S1_trawl_5_to_50:2015-08-12,969.284957,540.9897605,192.09600708656748,1520.2789995970984,random_forest|spatial_season,547.3089858215094,237.36166781321447,1260.2881370179139,median,540.9897605,192.09600708656748,1520.2789995970984
MPL-0721,S1:60.4,2015-08-12,32.00135,-140.3389585,7,0,S1_trawl_5_to_50:2015-08-12,1390.855413,540.9897605,192.09600708656748,1520.2789995970984,random_forest|spatial_season,581.5202978313199,252.23405838058568,1338.985227719687,median,540.9897605,192.09600708656748,1520.2789995970984
MPL-0724,S1:62.3,2015-08-12,32.007425,-139.3066335,7,0,S1_trawl_5_to_50:2015-08-12,883.382867,540.9897605,192.09600708656748,1520.2789995970984,random_forest|spatial_season,580.3860652493534,251.74098316767345,1336.376125667292,median,540.9897605,192.09600708656748,1520.2789995970984
MPL-0725,S1:66.4,2015-08-13,31.994635,-137.2262165,7,1,S1_trawl_5_to_50:2015-08-13,940.427881,640.0356545,208.28074675197442,1962.518941507057,ensemble|spatial,1017.4800774377409,445.64881850637596,2321.4099676483957,median,640.0356545,208.28074675197442,1962.518941507057
MPL-0726,S1:65.3,2015-08-13,31.9947,-137.7624415,7,1,S1_trawl_5_to_50:2015-08-13,254.925782,640.0356545,208.28074675197442,1962.518941507057,ensemble|spatial,990.5675142941926,433.8464624295789,2260.0420466805313,median,640.0356545,208.28074675197442,1962.518941507057
MPL-0727,S1:66.3,2015-08-13,31.99716,-137.2263335,7,1,S1_trawl_5_to_50:2015-08-13,942.476591,640.0356545,208.28074675197442,1962.518941507057,ensemble|spatial,1019.4725293280142,446.52259728952134,2325.9532967056234,median,640.0356545,208.28074675197442,1962.518941507057
MPL-0736,S1:64.3,2015-08-13,32.007085,-138.2743415,7,1,S1_trawl_5_to_50:2015-08-13,926.093191,640.0356545,208.28074675197442,1962.518941507057,ensemble|spatial,896.1761428819054,392.45164730019627,2044.804196982585,median,640.0356545,208.28074675197442,1962.518941507057
MPL-0738,S1:63.3,2015-08-13,32.0156,-138.781625,7,1,S1_trawl_5_to_50:2015-08-13,473.750303,640.0356545,208.28074675197442,1962.518941507057,ensemble|spatial,911.0752345722052,398.9855617553834,2078.7781546642213,median,640.0356545,208.28074675197442,1962.518941507057
MPL-0739,S1:69.4,2015-08-14,31.99764,-135.6463915,7,0,S1_trawl_5_to_50:2015-08-14,1171.220722,540.9897605,192.09600708656748,1520.2789995970984,random_forest|spatial_season,835.3423280724772,362.5759349875713,1922.8580511375214,median,540.9897605,192.09600708656748,1520.2789995970984
MPL-0742,S1:68.4,2015-08-14,32.001165,-136.1661665,7,0,S1_trawl_5_to_50:2015-08-14,470.658241,540.9897605,192.09600708656748,1520.2789995970984,random_forest|spatial_season,848.5352624314237,368.3111863120361,1953.206070283084,median,540.9897605,192.09600708656748,1520.2789995970984
MPL-0747,S1:70.4,2015-08-14,32.00864,-135.113225,7,0,S1_trawl_5_to_50:2015-08-14,727.272727,540.9897605,192.09600708656748,1520.2789995970984,random_forest|spatial_season,770.5780445081756,334.4215128564334,1773.8792368659836,median,540.9897605,192.09600708656748,1520.2789995970984
MPL-0751,S1:67.4,2015-08-14,32.01855,-136.6982335,7,0,S1_trawl_5_to_50:2015-08-14,1425.853627,540.9897605,192.09600708656748,1520.2789995970984,random_forest|spatial_season,843.2368326626696,366.0078453325349,1941.0179668870774,median,540.9897605,192.09600708656748,1520.2789995970984
MPL-0753,S1:71.4,2015-08-15,32.008585,-134.5978585,7,1,S1_trawl_5_to_50:2015-08-15,290.674527,640.0356545,208.28074675197442,1962.518941507057,ensemble|spatial,648.9894955618901,284.0493069679317,1481.1518032609365,median,640.0356545,208.28074675197442,1962.518941507057
MPL-0755,S1:72.4,2015-08-15,32.996175,-134.1399,7,1,S1_trawl_5_to_50:2015-08-15,71.74788,640.0356545,208.28074675197442,1962.518941507057,ensemble|spatial,732.843859390564,320.8231755593579,1672.3624265226686,median,640.0356545,208.28074675197442,1962.518941507057
MPL-0756,S1:73.3,2015-08-15,32.99759,-134.7286085,7,1,S1_trawl_5_to_50:2015-08-15,1417.506452,640.0356545,208.28074675197442,1962.518941507057,ensemble|spatial,770.2299259898568,337.21862878921803,1757.6127673440599,median,640.0356545,208.28074675197442,1962.518941507057
MPL-0762,S1:74.3,2015-08-16,32.987775,-135.2962085,7,2,S1_trawl_5_to_50:2015-08-16,1026.323987,700.9904565,217.74320376220209,2251.8270252126135,catboost|spatial,726.3673909778098,349.42078027879467,1508.7943707474863,median,700.9904565,217.74320376220209,2251.8270252126135
MPL-0763,S1:75.3,2015-08-16,32.996535,-136.8875415,7,2,S1_trawl_5_to_50:2015-08-16,1518.942464,700.9904565,217.74320376220209,2251.8270252126135,catboost|spatial,1139.606289066796,548.5051754634966,2366.553145539302,median,700.9904565,217.74320376220209,2251.8270252126135
MPL-0768,S1:77.3,2015-08-17,32.98329,-138.0048415,7,1,S1_trawl_5_to_50:2015-08-17,376.349309,640.0356545,208.28074675197442,1962.518941507057,ensemble|spatial,956.970782105596,419.1128008979137,2183.4324129295164,median,640.0356545,208.28074675197442,1962.518941507057
MPL-0770,S1:78.3,2015-08-17,32.9915,-139.571725,7,1,S1_trawl_5_to_50:2015-08-17,748.005286,640.0356545,208.28074675197442,1962.518941507057,ensemble|spatial,1003.1642898548539,439.37070884912,2288.766101053699,median,640.0356545,208.28074675197442,1962.518941507057
MPL-0777,S1:79.4,2015-08-18,33.786985,-138.3120665,7,2,S1_trawl_5_to_50:2015-08-18,552.015861,700.9904565,217.74320376220209,2251.8270252126135,catboost|spatial,868.1327994055873,417.71851489543957,1803.0564153014006,median,700.9904565,217.74320376220209,2251.8270252126135
MPL-0778,S1:79.3,2015-08-18,33.7888,-138.313375,7,2,S1_trawl_5_to_50:2015-08-18,361.510331,700.9904565,217.74320376220209,2251.8270252126135,catboost|spatial,868.1327994055873,417.71851489543957,1803.0564153014006,median,700.9904565,217.74320376220209,2251.8270252126135
MPL-0526,S1:0.1,2015-07-25,33.1895665,-128.790017,8,1,S1_trawl_5_to_50:2015-07-25,91.014999,633.666764,223.72925443173798,1791.3874768542148,extra_trees|spatial,404.1226700914394,178.22099693641357,914.7653435007255,median,633.666764,223.72925443173798,1791.3874768542148
MPL-0530,S1:2.3,2015-07-27,29.054015,-134.546025,8,0,S1_trawl_5_to_50:2015-07-27,61.817996,555.727671,206.42510016386413,1493.2535855700671,tweedie_glm|spatial_geography,260.243986584107,111.36809193609079,606.3647718889214,median,555.727671,206.42510016386413,1493.2535855700671
MPL-0531,S1:1.3,2015-07-27,29.07234,-134.05625,8,0,S1_trawl_5_to_50:2015-07-27,152.892947,555.727671,206.42510016386413,1493.2535855700671,tweedie_glm|spatial_geography,250.33698745451636,107.10682413214762,583.3320416618071,median,555.727671,206.42510016386413,1493.2535855700671
MPL-0535,S1:4.3,2015-07-28,28.988125,-135.6992415,8,4,S1_trawl_5_to_50:2015-07-28,255.766117,659.544272,196.41853516934856,2209.1204170000005,random_forest|spatial,185.05425000829078,79.05072980158454,431.42808693871984,median,659.544272,196.41853516934856,2209.1204170000005
MPL-0543,S1:3.3,2015-07-28,29.00679,-135.1118335,8,4,S1_trawl_5_to_50:2015-07-28,177.80932,659.544272,196.41853516934856,2209.1204170000005,random_forest|spatial,219.8097889592864,94.00446645393524,512.2070598373957,median,659.544272,196.41853516934856,2209.1204170000005
MPL-0544,S1:6.4,2015-07-28,29.0074,-136.8627915,8,4,S1_trawl_5_to_50:2015-07-28,348.007734,659.544272,196.41853516934856,2209.1204170000005,random_forest|spatial,228.74729894437627,97.84987281731317,532.9796589297351,median,659.544272,196.41853516934856,2209.1204170000005
MPL-0545,S1:6.3,2015-07-28,29.00841,-136.8621665,8,4,S1_trawl_5_to_50:2015-07-28,340.282743,659.544272,196.41853516934856,2209.1204170000005,random_forest|spatial,228.74729894437627,97.84987281731317,532.9796589297351,median,659.544272,196.41853516934856,2209.1204170000005
MPL-0546,S1:5.3,2015-07-28,29.00875,-136.26805,8,4,S1_trawl_5_to_50:2015-07-28,346.539186,659.544272,196.41853516934856,2209.1204170000005,random_forest|spatial,215.23617751675548,92.03664828376624,501.57705247982904,median,659.544272,196.41853516934856,2209.1204170000005
MPL-0551,S1:9.4,2015-07-29,28.999935,-138.5806,8,2,S1_trawl_5_to_50:2015-07-29,415.473402,722.8298035,217.71212158647336,2394.521476516335,catboost|spatial,137.79084586709556,62.33992862143677,303.1193653948094,median,722.8298035,217.71212158647336,2394.521476516335
MPL-0554,S1:10.4,2015-07-29,29.000435,-139.1930835,8,2,S1_trawl_5_to_50:2015-07-29,422.521177,722.8298035,217.71212158647336,2394.521476516335,catboost|spatial,174.62261690477848,79.14883077887384,383.82537135915976,median,722.8298035,217.71212158647336,2394.521476516335
MPL-0555,S1:8.4,2015-07-29,29.00169,-138.0501585,8,2,S1_trawl_5_to_50:2015-07-29,257.163107,722.8298035,217.71212158647336,2394.521476516335,catboost|spatial,215.78433425792375,97.93378898555976,474.019182642551,median,722.8298035,217.71212158647336,2394.521476516335
MPL-0559,S1:7.4,2015-07-29,29.007175,-137.46765,8,2,S1_trawl_5_to_50:2015-07-29,346.454898,722.8298035,217.71212158647336,2394.521476516335,catboost|spatial,328.5577529243989,149.4001536734013,721.1289996047848,median,722.8298035,217.71212158647336,2394.521476516335
MPL-0563,S1:11.4,2015-07-29,29.0174845,-139.833862,8,2,S1_trawl_5_to_50:2015-07-29,66.287879,722.8298035,217.71212158647336,2394.521476516335,catboost|spatial,260.810351015837,118.48229612762898,572.680470835759,median,722.8298035,217.71212158647336,2394.521476516335
MPL-0566,S1:12.3,2015-07-30,28.99819,-140.4820415,8,1,S1_trawl_5_to_50:2015-07-30,86.517306,633.666764,223.72925443173798,1791.3874768542148,extra_trees|spatial,239.65838777033227,105.46413879424209,542.9997003699796,median,633.666764,223.72925443173798,1791.3874768542148
MPL-0569,S1:13.3,2015-07-30,28.99935,-141.0904165,8,1,S1_trawl_5_to_50:2015-07-30,58.416996,633.666764,223.72925443173798,1791.3874768542148,extra_trees|spatial,239.54471985822374,105.41385358921227,542.7427581096179,median,633.666764,223.72925443173798,1791.3874768542148
MPL-0570,S1:14.3,2015-07-30,29.00124,-141.6246665,8,1,S1_trawl_5_to_50:2015-07-30,225.114268,633.666764,223.72925443173798,1791.3874768542148,extra_trees|spatial,235.77634364251003,103.74677299345286,534.224478106072,median,633.666764,223.72925443173798,1791.3874768542148
MPL-0573,S1:17.4,2015-07-31,28.987515,-143.5660835,8,0,S1_trawl_5_to_50:2015-07-31,150.661497,555.727671,206.42510016386413,1493.2535855700671,tweedie_glm|spatial_geography,129.55161917130826,55.15377615868739,302.51877352087075,median,555.727671,206.42510016386413,1493.2535855700671
MPL-0574,S1:17.3,2015-07-31,28.98866,-143.5482335,8,0,S1_trawl_5_to_50:2015-07-31,201.055457,555.727671,206.42510016386413,1493.2535855700671,tweedie_glm|spatial_geography,130.54462631273165,55.5808953403369,304.82741060691717,median,555.727671,206.42510016386413,1493.2535855700671
MPL-0577,S1:15.3,2015-07-31,29.00566,-142.3245335,8,0,S1_trawl_5_to_50:2015-07-31,141.836664,555.727671,206.42510016386413,1493.2535855700671,tweedie_glm|spatial_geography,213.6579888388656,91.3301965340985,498.057230483956,median,555.727671,206.42510016386413,1493.2535855700671
MPL-0581,S1:16.3,2015-07-31,29.00719,-142.9808085,8,0,S1_trawl_5_to_50:2015-07-31,315.828009,555.727671,206.42510016386413,1493.2535855700671,tweedie_glm|spatial_geography,166.05917584229024,70.85666194758656,387.39500022228077,median,555.727671,206.42510016386413,1493.2535855700671
MPL-0588,S1:20.4,2015-08-01,30.006425,-141.7679665,8,0,S1_trawl_5_to_50:2015-08-01,659.544272,555.727671,206.42510016386413,1493.2535855700671,tweedie_glm|spatial_geography,409.90749514443417,175.7424077214243,954.3166766405107,median,555.727671,206.42510016386413,1493.2535855700671
MPL-0590,S1:19.4,2015-08-01,30.010985,-142.26325,8,0,S1_trawl_5_to_50:2015-08-01,2109.259348,555.727671,206.42510016386413,1493.2535855700671,tweedie_glm|spatial_geography,333.7264732283551,142.97489338977726,777.2038190267415,median,555.727671,206.42510016386413,1493.2535855700671
MPL-0593,S1:18.4,2015-08-01,30.023565,-142.7086915,8,0,S1_trawl_5_to_50:2015-08-01,1162.176439,555.727671,206.42510016386413,1493.2535855700671,tweedie_glm|spatial_geography,282.3783038317682,120.88865938703586,657.8247297690027,median,555.727671,206.42510016386413,1493.2535855700671
MPL-0596,S1:24.4,2015-08-02,29.9806,-139.8215915,8,1,S1_trawl_5_to_50:2015-08-02,495.219971,633.666764,223.72925443173798,1791.3874768542148,extra_trees|spatial,785.0052779490812,346.71850580349405,1775.7368910556395,median,633.666764,223.72925443173798,1791.3874768542148
MPL-0597,S1:21.4,2015-08-02,29.998635,-141.3439415,8,1,S1_trawl_5_to_50:2015-08-02,844.062324,633.666764,223.72925443173798,1791.3874768542148,extra_trees|spatial,954.0472584610687,421.50047805063144,2157.8502576432534,median,633.666764,223.72925443173798,1791.3874768542148
MPL-0599,S1:22.4,2015-08-02,29.999935,-140.8015085,8,1,S1_trawl_5_to_50:2015-08-02,724.645668,633.666764,223.72925443173798,1791.3874768542148,extra_trees|spatial,907.2951982391182,400.81797504501577,2052.1688933323953,median,633.666764,223.72925443173798,1791.3874768542148
MPL-0603,S1:27.3,2015-08-03,29.985215,-138.2296,8,2,S1_trawl_5_to_50:2015-08-03,423.877587,722.8298035,217.71212158647336,2394.521476516335,catboost|spatial,522.3158837571834,237.82548244849713,1145.6930219710532,median,722.8298035,217.71212158647336,2394.521476516335
MPL-0606,S1:26.3,2015-08-03,30.00074,-138.767875,8,2,S1_trawl_5_to_50:2015-08-03,529.96366,722.8298035,217.71212158647336,2394.521476516335,catboost|spatial,727.8071009631688,331.6054356496113,1595.9666562331756,median,722.8298035,217.71212158647336,2394.521476516335
MPL-0607,S1:25.3,2015-08-03,30.00105,-139.342975,8,2,S1_trawl_5_to_50:2015-08-03,1719.436293,722.8298035,217.71212158647336,2394.521476516335,catboost|spatial,731.7182368448307,333.39035933118055,1604.5367615227053,median,722.8298035,217.71212158647336,2394.521476516335
MPL-0610,S1:28.3,2015-08-03,30.003565,-137.7446665,8,2,S1_trawl_5_to_50:2015-08-03,505.188842,722.8298035,217.71212158647336,2394.521476516335,catboost|spatial,728.2100907809825,331.7893479684391,1596.849690030458,median,722.8298035,217.71212158647336,2394.521476516335
MPL-0618,S1:31.4,2015-08-04,29.996715,-136.0622665,8,2,S1_trawl_5_to_50:2015-08-04,246.22585,722.8298035,217.71212158647336,2394.521476516335,catboost|spatial,624.3859374151104,284.40715628071973,1369.3495589013623,median,722.8298035,217.71212158647336,2394.521476516335
MPL-0621,S1:30.4,2015-08-04,30.00139,-136.6523,8,2,S1_trawl_5_to_50:2015-08-04,720.647461,722.8298035,217.71212158647336,2394.521476516335,catboost|spatial,792.7985402095999,361.26555550229494,1738.3763024619107,median,722.8298035,217.71212158647336,2394.521476516335
MPL-0622,S1:29.3,2015-08-04,30.002915,-137.2931585,8,2,S1_trawl_5_to_50:2015-08-04,646.404545,722.8298035,217.71212158647336,2394.521476516335,catboost|spatial,909.6423538371364,414.58952488073373,1994.4051941997932,median,722.8298035,217.71212158647336,2394.521476516335
MPL-0623,S1:30.3,2015-08-04,30.00491,-136.6517,8,2,S1_trawl_5_to_50:2015-08-04,490.394472,722.8298035,217.71212158647336,2394.521476516335,catboost|spatial,866.7939693098651,395.0348229798595,1900.515547305467,median,722.8298035,217.71212158647336,2394.521476516335
MPL-0627,S1:32.4,2015-08-04,30.015125,-135.476125,8,2,S1_trawl_5_to_50:2015-08-04,949.556256,722.8298035,217.71212158647336,2394.521476516335,catboost|spatial,1103.4630906462623,503.0434251228307,2419.1063991711244,median,722.8298035,217.71212158647336,2394.521476516335
MPL-0631,S1:34.4,2015-08-05,30.000825,-134.268275,8,3,S1_trawl_5_to_50:2015-08-05,373.240546,500.2044065,152.3146069061232,1637.4991760689475,ensemble|spatial,262.9723854564631,120.08144387592027,574.49214853254,median,500.2044065,152.3146069061232,1637.4991760689475
MPL-0634,S1:33.4,2015-08-05,30.00406,-134.8896165,8,3,S1_trawl_5_to_50:2015-08-05,633.666764,500.2044065,152.3146069061232,1637.4991760689475,ensemble|spatial,457.27272339685493,209.2050293703661,998.0906955872163,median,500.2044065,152.3146069061232,1637.4991760689475
MPL-0637,S1:35.4,2015-08-05,30.998235,-134.2625085,8,3,S1_trawl_5_to_50:2015-08-05,828.098322,500.2044065,152.3146069061232,1637.4991760689475,ensemble|spatial,346.11602384064525,158.21858374093293,755.755468965795,median,500.2044065,152.3146069061232,1637.4991760689475
MPL-0640,S1:39.3,2015-08-06,30.97964,-136.3260415,8,3,S1_trawl_5_to_50:2015-08-06,721.013939,500.2044065,152.3146069061232,1637.4991760689475,ensemble|spatial,629.4493136661945,288.1806772033578,1373.4567615860074,median,500.2044065,152.3146069061232,1637.4991760689475
MPL-0642,S1:38.3,2015-08-06,30.991785,-135.9519665,8,3,S1_trawl_5_to_50:2015-08-06,846.359613,500.2044065,152.3146069061232,1637.4991760689475,ensemble|spatial,620.7294516003533,284.1809653111264,1354.4463937155167,median,500.2044065,152.3146069061232,1637.4991760689475
MPL-0647,S1:36.3,2015-08-06,30.997975,-134.8475585,8,3,S1_trawl_5_to_50:2015-08-06,347.331302,500.2044065,152.3146069061232,1637.4991760689475,ensemble|spatial,560.4655234130895,256.53851541648714,1223.0636452832223,median,500.2044065,152.3146069061232,1637.4991760689475
MPL-0648,S1:37.3,2015-08-06,31.000565,-135.4216585,8,3,S1_trawl_5_to_50:2015-08-06,1104.538559,500.2044065,152.3146069061232,1637.4991760689475,ensemble|spatial,654.0022988423384,299.4428813594887,1426.9852780915232,median,500.2044065,152.3146069061232,1637.4991760689475
MPL-0654,S1:41.3,2015-08-07,30.965825,-137.3956835,8,3,S1_trawl_5_to_50:2015-08-07,2209.120417,500.2044065,152.3146069061232,1637.4991760689475,ensemble|spatial,674.6212070443255,308.90056448768627,1471.9370246957674,median,500.2044065,152.3146069061232,1637.4991760689475
MPL-0656,S1:42.3,2015-08-07,30.988835,-137.914525,8,3,S1_trawl_5_to_50:2015-08-07,1706.702091,500.2044065,152.3146069061232,1637.4991760689475,ensemble|spatial,619.844514485387,283.7750536721713,1352.517122361138,median,500.2044065,152.3146069061232,1637.4991760689475
MPL-0658,S1:42.4,2015-08-07,30.98994,-137.91355,8,3,S1_trawl_5_to_50:2015-08-07,1197.871844,500.2044065,152.3146069061232,1637.4991760689475,ensemble|spatial,619.8220006891078,283.76472682318706,1352.468039526318,median,500.2044065,152.3146069061232,1637.4991760689475
MPL-0660,S1:43.4,2015-08-07,31.001675,-138.493,8,3,S1_trawl_5_to_50:2015-08-07,351.925224,500.2044065,152.3146069061232,1637.4991760689475,ensemble|spatial,645.7042517565494,295.63665170118446,1408.89451856845,median,500.2044065,152.3146069061232,1637.4991760689475
MPL-0666,S1:45.4,2015-08-08,30.987735,-139.5542835,8,0,S1_trawl_5_to_50:2015-08-08,1035.855936,555.727671,206.42510016386413,1493.2535855700671,tweedie_glm|spatial_geography,868.1185877876984,372.8313698732797,2019.6092385829872,median,555.727671,206.42510016386413,1493.2535855700671
MPL-0668,S1:44.4,2015-08-08,30.99416,-139.0254165,8,0,S1_trawl_5_to_50:2015-08-08,729.389849,555.727671,206.42510016386413,1493.2535855700671,tweedie_glm|spatial_geography,841.4597290883975,361.3646749862385,1957.6301980529706,median,555.727671,206.42510016386413,1493.2535855700671
MPL-0669,S1:47.4,2015-08-08,30.99445,-140.6223835,8,0,S1_trawl_5_to_50:2015-08-08,1077.945907,555.727671,206.42510016386413,1493.2535855700671,tweedie_glm|spatial_geography,1367.9188162294242,587.8089421939269,3181.5921638428117,median,555.727671,206.42510016386413,1493.2535855700671
MPL-0671,S1:46.4,2015-08-08,30.999525,-140.084,8,0,S1_trawl_5_to_50:2015-08-08,747.327276,555.727671,206.42510016386413,1493.2535855700671,tweedie_glm|spatial_geography,895.6485148516604,384.6727347818695,2083.6134213775977,median,555.727671,206.42510016386413,1493.2535855700671
MPL-0677,S1:48.4,2015-08-09,30.97485,-141.2498415,8,2,S1_trawl_5_to_50:2015-08-09,1380.789998,722.8298035,217.71212158647336,2394.521476516335,catboost|spatial,1415.134502271307,645.2807956233083,3102.0427363837257,median,722.8298035,217.71212158647336,2394.521476516335
MPL-0680,S1:51.3,2015-08-09,30.9897265,-142.8742845,8,2,S1_trawl_5_to_50:2015-08-09,680.966974,722.8298035,217.71212158647336,2394.521476516335,catboost|spatial,1032.5327540054686,470.6729727932546,2263.6834040040308,median,722.8298035,217.71212158647336,2394.521476516335
MPL-0684,S1:49.3,2015-08-09,30.991625,-141.8085085,8,2,S1_trawl_5_to_50:2015-08-09,1819.989117,722.8298035,217.71212158647336,2394.521476516335,catboost|spatial,1174.615577549997,535.5152600883436,2575.0161713771918,median,722.8298035,217.71212158647336,2394.521476516335
MPL-0687,S1:50.3,2015-08-09,30.996965,-142.37745,8,2,S1_trawl_5_to_50:2015-08-09,280.885892,722.8298035,217.71212158647336,2394.521476516335,catboost|spatial,1057.9505688296626,482.2728918413669,2319.3790780649765,median,722.8298035,217.71212158647336,2394.521476516335
MPL-0691,S1:52.3,2015-08-10,31.00401,-143.3006915,8,3,S1_trawl_5_to_50:2015-08-10,559.439481,500.2044065,152.3146069061232,1637.4991760689475,ensemble|spatial,731.2687944201972,334.88423569517755,1595.4357069982839,median,500.2044065,152.3146069061232,1637.4991760689475
MPL-0694,S1:53.3,2015-08-10,31.00916,-143.842775,8,3,S1_trawl_5_to_50:2015-08-10,349.268718,500.2044065,152.3146069061232,1637.4991760689475,ensemble|spatial,745.5396666524831,341.43013939743787,1626.5479572747283,median,500.2044065,152.3146069061232,1637.4991760689475
MPL-0699,S1:54.4,2015-08-10,32.023415,-143.6277915,8,3,S1_trawl_5_to_50:2015-08-10,741.629573,500.2044065,152.3146069061232,1637.4991760689475,ensemble|spatial,800.1282265703369,366.46935568717004,1745.5577073972627,median,500.2044065,152.3146069061232,1637.4991760689475
MPL-0701,S1:54.3,2015-08-10,32.028835,-143.6377665,8,3,S1_trawl_5_to_50:2015-08-10,439.780685,500.2044065,152.3146069061232,1637.4991760689475,ensemble|spatial,800.4572899230789,366.6202936945975,1746.2751058309866,median,500.2044065,152.3146069061232,1637.4991760689475
MPL-0705,S1:57.4,2015-08-11,32.003635,-142.0377085,8,3,S1_trawl_5_to_50:2015-08-11,1292.557215,500.2044065,152.3146069061232,1637.4991760689475,ensemble|spatial,964.226260906657,441.73945221747175,2103.3115314833467,median,500.2044065,152.3146069061232,1637.4991760689475
MPL-0710,S1:58.4,2015-08-11,32.01739,-141.4973835,8,3,S1_trawl_5_to_50:2015-08-11,1849.2198,500.2044065,152.3146069061232,1637.4991760689475,ensemble|spatial,942.4802620746542,431.7647841000097,2055.9025891874508,median,500.2044065,152.3146069061232,1637.4991760689475
MPL-0711,S1:56.4,2015-08-11,32.01915,-142.5771415,8,3,S1_trawl_5_to_50:2015-08-11,961.750609,500.2044065,152.3146069061232,1637.4991760689475,ensemble|spatial,792.4301499321843,362.938326360738,1728.7749569728278,median,500.2044065,152.3146069061232,1637.4991760689475
MPL-0715,S1:55.4,2015-08-11,32.021825,-143.1047085,8,3,S1_trawl_5_to_50:2015-08-11,937.233371,500.2044065,152.3146069061232,1637.4991760689475,ensemble|spatial,799.765712291538,366.3030740807562,1744.767381845524,median,500.2044065,152.3146069061232,1637.4991760689475
MPL-0716,S1:61.3,2015-08-12,31.99739,-139.8349335,8,1,S1_trawl_5_to_50:2015-08-12,969.284957,633.666764,223.72925443173798,1791.3874768542148,extra_trees|spatial,791.9487704313811,349.79021651427064,1791.43240811153,median,633.666764,223.72925443173798,1791.3874768542148
MPL-0721,S1:60.4,2015-08-12,32.00135,-140.3389585,8,1,S1_trawl_5_to_50:2015-08-12,1390.855413,633.666764,223.72925443173798,1791.3874768542148,extra_trees|spatial,883.9189530796237,390.4766284075418,1999.3277250674598,median,633.666764,223.72925443173798,1791.3874768542148
MPL-0724,S1:62.3,2015-08-12,32.007425,-139.3066335,8,1,S1_trawl_5_to_50:2015-08-12,883.382867,633.666764,223.72925443173798,1791.3874768542148,extra_trees|spatial,750.6193271621399,331.50660867798615,1698.0086759772414,median,633.666764,223.72925443173798,1791.3874768542148
MPL-0725,S1:66.4,2015-08-13,31.994635,-137.2262165,8,4,S1_trawl_5_to_50:2015-08-13,940.427881,659.544272,196.41853516934856,2209.1204170000005,random_forest|spatial,1001.9009386291102,430.5029194569698,2329.946668840444,median,659.544272,196.41853516934856,2209.1204170000005
MPL-0726,S1:65.3,2015-08-13,31.9947,-137.7624415,8,4,S1_trawl_5_to_50:2015-08-13,254.925782,659.544272,196.41853516934856,2209.1204170000005,random_forest|spatial,949.2984238583065,407.87043620752064,2207.687678091828,median,659.544272,196.41853516934856,2209.1204170000005
MPL-0727,S1:66.3,2015-08-13,31.99716,-137.2263335,8,4,S1_trawl_5_to_50:2015-08-13,942.476591,659.544272,196.41853516934856,2209.1204170000005,random_forest|spatial,1006.4434215130232,432.4573444160999,2340.5043270683796,median,659.544272,196.41853516934856,2209.1204170000005
MPL-0736,S1:64.3,2015-08-13,32.007085,-138.2743415,8,4,S1_trawl_5_to_50:2015-08-13,926.093191,659.544272,196.41853516934856,2209.1204170000005,random_forest|spatial,717.6539852584565,308.2043099912691,1669.2986790269679,median,659.544272,196.41853516934856,2209.1204170000005
MPL-0738,S1:63.3,2015-08-13,32.0156,-138.781625,8,4,S1_trawl_5_to_50:2015-08-13,473.750303,659.544272,196.41853516934856,2209.1204170000005,random_forest|spatial,735.1885129766874,315.74862430017606,1710.0525036573147,median,659.544272,196.41853516934856,2209.1204170000005
MPL-0739,S1:69.4,2015-08-14,31.99764,-135.6463915,8,4,S1_trawl_5_to_50:2015-08-14,1171.220722,659.544272,196.41853516934856,2209.1204170000005,random_forest|spatial,926.4178305627604,398.02595164712983,2154.5085048862975,median,659.544272,196.41853516934856,2209.1204170000005
MPL-0742,S1:68.4,2015-08-14,32.001165,-136.1661665,8,4,S1_trawl_5_to_50:2015-08-14,470.658241,659.544272,196.41853516934856,2209.1204170000005,random_forest|spatial,933.5605753927991,401.0991517293941,2171.1097030970745,median,659.544272,196.41853516934856,2209.1204170000005
MPL-0747,S1:70.4,2015-08-14,32.00864,-135.113225,8,4,S1_trawl_5_to_50:2015-08-14,727.272727,659.544272,196.41853516934856,2209.1204170000005,random_forest|spatial,863.0402096184791,370.75742749650266,2007.205966092147,median,659.544272,196.41853516934856,2209.1204170000005
MPL-0751,S1:67.4,2015-08-14,32.01855,-136.6982335,8,4,S1_trawl_5_to_50:2015-08-14,1425.853627,659.544272,196.41853516934856,2209.1204170000005,random_forest|spatial,979.9903964398176,421.07580401874077,2279.022092582263,median,659.544272,196.41853516934856,2209.1204170000005
MPL-0753,S1:71.4,2015-08-15,32.008585,-134.5978585,8,2,S1_trawl_5_to_50:2015-08-15,290.674527,722.8298035,217.71212158647336,2394.521476516335,catboost|spatial,375.0275161731125,170.60754288440975,822.9538340955175,median,722.8298035,217.71212158647336,2394.521476516335
MPL-0755,S1:72.4,2015-08-15,32.996175,-134.1399,8,2,S1_trawl_5_to_50:2015-08-15,71.74788,722.8298035,217.71212158647336,2394.521476516335,catboost|spatial,304.5228428361849,138.43135036437087,668.4635550094804,median,722.8298035,217.71212158647336,2394.521476516335
MPL-0756,S1:73.3,2015-08-15,32.99759,-134.7286085,8,2,S1_trawl_5_to_50:2015-08-15,1417.506452,722.8298035,217.71212158647336,2394.521476516335,catboost|spatial,406.40818545433945,184.9287276855254,891.71535195967,median,722.8298035,217.71212158647336,2394.521476516335
MPL-0762,S1:74.3,2015-08-16,32.987775,-135.2962085,8,0,S1_trawl_5_to_50:2015-08-16,1026.323987,555.727671,206.42510016386413,1493.2535855700671,tweedie_glm|spatial_geography,748.5542793871831,321.40353272266736,1741.6348061481337,median,555.727671,206.42510016386413,1493.2535855700671
MPL-0763,S1:75.3,2015-08-16,32.996535,-136.8875415,8,0,S1_trawl_5_to_50:2015-08-16,1518.942464,555.727671,206.42510016386413,1493.2535855700671,tweedie_glm|spatial_geography,820.0636029948403,352.16162348103956,1907.886456908765,median,555.727671,206.42510016386413,1493.2535855700671
MPL-0768,S1:77.3,2015-08-17,32.98329,-138.0048415,8,1,S1_trawl_5_to_50:2015-08-17,376.349309,633.666764,223.72925443173798,1791.3874768542148,extra_trees|spatial,651.4409021768208,287.6313641836697,1473.8193843633164,median,633.666764,223.72925443173798,1791.3874768542148
MPL-0770,S1:78.3,2015-08-17,32.9915,-139.571725,8,1,S1_trawl_5_to_50:2015-08-17,748.005286,633.666764,223.72925443173798,1791.3874768542148,extra_trees|spatial,728.205373425083,321.5909672424296,1647.342733144192,median,633.666764,223.72925443173798,1791.3874768542148
MPL-0777,S1:79.4,2015-08-18,33.786985,-138.3120665,8,4,S1_trawl_5_to_50:2015-08-18,552.015861,659.544272,196.41853516934856,2209.1204170000005,random_forest|spatial,725.0716176016349,311.3957817391319,1686.5387719763762,median,659.544272,196.41853516934856,2209.1204170000005
MPL-0778,S1:79.3,2015-08-18,33.7888,-138.313375,8,4,S1_trawl_5_to_50:2015-08-18,361.510331,659.544272,196.41853516934856,2209.1204170000005,random_forest|spatial,725.0716176016349,311.3957817391319,1686.5387719763762,median,659.544272,196.41853516934856,2209.1204170000005
MPL-0526,S1:0.1,2015-07-25,33.1895665,-128.790017,9,3,S1_trawl_5_to_50:2015-07-25,91.014999,700.9904565,276.35028385180254,1775.7805901377506,gp_matern|spatial,511.693474352212,201.09749327543383,1299.632652009711,median,700.9904565,276.35028385180254,1775.7805901377506
MPL-0530,S1:2.3,2015-07-27,29.054015,-134.546025,9,3,S1_trawl_5_to_50:2015-07-27,61.817996,700.9904565,276.35028385180254,1775.7805901377506,gp_matern|spatial,451.78418953806676,177.48198636819143,1147.6510569908185,median,700.9904565,276.35028385180254,1775.7805901377506
MPL-0531,S1:1.3,2015-07-27,29.07234,-134.05625,9,3,S1_trawl_5_to_50:2015-07-27,152.892947,700.9904565,276.35028385180254,1775.7805901377506,gp_matern|spatial,467.639814375406,183.73207963881615,1187.8745909601478,median,700.9904565,276.35028385180254,1775.7805901377506
MPL-0535,S1:4.3,2015-07-28,28.988125,-135.6992415,9,3,S1_trawl_5_to_50:2015-07-28,255.766117,700.9904565,276.35028385180254,1775.7805901377506,gp_matern|spatial,408.4668206483676,160.40680966742192,1037.7608649062051,median,700.9904565,276.35028385180254,1775.7805901377506
MPL-0543,S1:3.3,2015-07-28,29.00679,-135.1118335,9,3,S1_trawl_5_to_50:2015-07-28,177.80932,700.9904565,276.35028385180254,1775.7805901377506,gp_matern|spatial,431.52505659900623,169.4960840937553,1096.256430142407,median,700.9904565,276.35028385180254,1775.7805901377506
MPL-0544,S1:6.4,2015-07-28,29.0074,-136.8627915,9,3,S1_trawl_5_to_50:2015-07-28,348.007734,700.9904565,276.35028385180254,1775.7805901377506,gp_matern|spatial,352.2808191521507,138.2589754787728,895.2247262822849,median,700.9904565,276.35028385180254,1775.7805901377506
MPL-0545,S1:6.3,2015-07-28,29.00841,-136.8621665,9,3,S1_trawl_5_to_50:2015-07-28,340.282743,700.9904565,276.35028385180254,1775.7805901377506,gp_matern|spatial,352.27959861446254,138.25849435775302,895.2216299464632,median,700.9904565,276.35028385180254,1775.7805901377506
MPL-0546,S1:5.3,2015-07-28,29.00875,-136.26805,9,3,S1_trawl_5_to_50:2015-07-28,346.539186,700.9904565,276.35028385180254,1775.7805901377506,gp_matern|spatial,381.9530607000429,149.9554099697111,970.4991117506579,median,700.9904565,276.35028385180254,1775.7805901377506
MPL-0551,S1:9.4,2015-07-29,28.999935,-138.5806,9,4,S1_trawl_5_to_50:2015-07-29,415.473402,722.8298035,256.33855310699096,2034.9544969424778,catboost|spatial_weather,193.70379377973916,81.44058474291108,458.8410774310158,median,722.8298035,256.33855310699096,2034.9544969424778
MPL-0554,S1:10.4,2015-07-29,29.000435,-139.1930835,9,4,S1_trawl_5_to_50:2015-07-29,422.521177,722.8298035,256.33855310699096,2034.9544969424778,catboost|spatial_weather,189.6262796129791,79.71410245060669,449.21102107061273,median,722.8298035,256.33855310699096,2034.9544969424778
MPL-0555,S1:8.4,2015-07-29,29.00169,-138.0501585,9,4,S1_trawl_5_to_50:2015-07-29,257.163107,722.8298035,256.33855310699096,2034.9544969424778,catboost|spatial_weather,236.6961469248578,99.6442091507994,560.3781333237772,median,722.8298035,256.33855310699096,2034.9544969424778
MPL-0559,S1:7.4,2015-07-29,29.007175,-137.46765,9,4,S1_trawl_5_to_50:2015-07-29,346.454898,722.8298035,256.33855310699096,2034.9544969424778,catboost|spatial_weather,262.34998612570257,110.50643973995156,620.9660080094839,median,722.8298035,256.33855310699096,2034.9544969424778
MPL-0563,S1:11.4,2015-07-29,29.0174845,-139.833862,9,4,S1_trawl_5_to_50:2015-07-29,66.287879,722.8298035,256.33855310699096,2034.9544969424778,catboost|spatial_weather,282.6671509693419,119.10904022098049,668.950008683922,median,722.8298035,256.33855310699096,2034.9544969424778
MPL-0566,S1:12.3,2015-07-30,28.99819,-140.4820415,9,2,S1_trawl_5_to_50:2015-07-30,86.517306,555.727671,181.7087807867414,1695.3919211898988,catboost|all,335.26879831494097,138.7977721107431,807.8591328236538,median,555.727671,181.7087807867414,1695.3919211898988
MPL-0569,S1:13.3,2015-07-30,28.99935,-141.0904165,9,2,S1_trawl_5_to_50:2015-07-30,58.416996,555.727671,181.7087807867414,1695.3919211898988,catboost|all,330.59192811917217,136.8534465084395,796.6094147712066,median,555.727671,181.7087807867414,1695.3919211898988
MPL-0570,S1:14.3,2015-07-30,29.00124,-141.6246665,9,2,S1_trawl_5_to_50:2015-07-30,225.114268,555.727671,181.7087807867414,1695.3919211898988,catboost|all,265.69401130316817,109.87329184952127,640.5043197374094,median,555.727671,181.7087807867414,1695.3919211898988
MPL-0573,S1:17.4,2015-07-31,28.987515,-143.5660835,9,4,S1_trawl_5_to_50:2015-07-31,150.661497,722.8298035,256.33855310699096,2034.9544969424778,catboost|spatial_weather,274.77370482214076,115.76683356244925,650.3076868754479,median,722.8298035,256.33855310699096,2034.9544969424778
MPL-0574,S1:17.3,2015-07-31,28.98866,-143.5482335,9,4,S1_trawl_5_to_50:2015-07-31,201.055457,722.8298035,256.33855310699096,2034.9544969424778,catboost|spatial_weather,274.77370482214076,115.76683356244925,650.3076868754479,median,722.8298035,256.33855310699096,2034.9544969424778
MPL-0577,S1:15.3,2015-07-31,29.00566,-142.3245335,9,4,S1_trawl_5_to_50:2015-07-31,141.836664,722.8298035,256.33855310699096,2034.9544969424778,catboost|spatial_weather,346.17032694218517,145.99726288271046,818.9284363907699,median,722.8298035,256.33855310699096,2034.9544969424778
MPL-0581,S1:16.3,2015-07-31,29.00719,-142.9808085,9,4,S1_trawl_5_to_50:2015-07-31,315.828009,722.8298035,256.33855310699096,2034.9544969424778,catboost|spatial_weather,343.72689847283846,144.96267763976292,813.1576768274452,median,722.8298035,256.33855310699096,2034.9544969424778
MPL-0588,S1:20.4,2015-08-01,30.006425,-141.7679665,9,0,S1_trawl_5_to_50:2015-08-01,659.544272,492.80722149999997,153.64640277891695,1575.7943361356586,catboost|all,483.09623404584534,203.23702347202658,1146.4372267742513,median,492.80722149999997,153.64640277891695,1575.7943361356586
MPL-0590,S1:19.4,2015-08-01,30.010985,-142.26325,9,0,S1_trawl_5_to_50:2015-08-01,2109.259348,492.80722149999997,153.64640277891695,1575.7943361356586,catboost|all,438.45809372404995,184.40448508093726,1040.632925197408,median,492.80722149999997,153.64640277891695,1575.7943361356586
MPL-0593,S1:18.4,2015-08-01,30.023565,-142.7086915,9,0,S1_trawl_5_to_50:2015-08-01,1162.176439,492.80722149999997,153.64640277891695,1575.7943361356586,catboost|all,389.88762289532303,163.91292226131276,925.5079512122641,median,492.80722149999997,153.64640277891695,1575.7943361356586
MPL-0596,S1:24.4,2015-08-02,29.9806,-139.8215915,9,2,S1_trawl_5_to_50:2015-08-02,495.219971,555.727671,181.7087807867414,1695.3919211898988,catboost|all,584.9221285586679,242.58670389088775,1408.3738913126394,median,555.727671,181.7087807867414,1695.3919211898988
MPL-0597,S1:21.4,2015-08-02,29.998635,-141.3439415,9,2,S1_trawl_5_to_50:2015-08-02,844.062324,555.727671,181.7087807867414,1695.3919211898988,catboost|all,456.12762120462475,189.04267816378848,1098.5722860109433,median,555.727671,181.7087807867414,1695.3919211898988
MPL-0599,S1:22.4,2015-08-02,29.999935,-140.8015085,9,2,S1_trawl_5_to_50:2015-08-02,724.645668,555.727671,181.7087807867414,1695.3919211898988,catboost|all,544.8817607940528,225.94063314023344,1312.0610091471824,median,555.727671,181.7087807867414,1695.3919211898988
MPL-0603,S1:27.3,2015-08-03,29.985215,-138.2296,9,0,S1_trawl_5_to_50:2015-08-03,423.877587,492.80722149999997,153.64640277891695,1575.7943361356586,catboost|all,425.2197191472368,178.8193017454271,1009.2544455830041,median,492.80722149999997,153.64640277891695,1575.7943361356586
MPL-0606,S1:26.3,2015-08-03,30.00074,-138.767875,9,0,S1_trawl_5_to_50:2015-08-03,529.96366,492.80722149999997,153.64640277891695,1575.7943361356586,catboost|all,569.8687699917394,239.84578680115942,1352.1112870200839,median,492.80722149999997,153.64640277891695,1575.7943361356586
MPL-0607,S1:25.3,2015-08-03,30.00105,-139.342975,9,0,S1_trawl_5_to_50:2015-08-03,1719.436293,492.80722149999997,153.64640277891695,1575.7943361356586,catboost|all,600.8811953548095,252.92972549216353,1425.61900893881,median,492.80722149999997,153.64640277891695,1575.7943361356586
MPL-0610,S1:28.3,2015-08-03,30.003565,-137.7446665,9,0,S1_trawl_5_to_50:2015-08-03,505.188842,492.80722149999997,153.64640277891695,1575.7943361356586,catboost|all,666.2275469745374,280.4989222984038,1580.5072960376406,median,492.80722149999997,153.64640277891695,1575.7943361356586
MPL-0618,S1:31.4,2015-08-04,29.996715,-136.0622665,9,3,S1_trawl_5_to_50:2015-08-04,246.22585,700.9904565,276.35028385180254,1775.7805901377506,gp_matern|spatial,530.884840019391,208.6624947585708,1348.3185005177877,median,700.9904565,276.35028385180254,1775.7805901377506
MPL-0621,S1:30.4,2015-08-04,30.00139,-136.6523,9,3,S1_trawl_5_to_50:2015-08-04,720.647461,700.9904565,276.35028385180254,1775.7805901377506,gp_matern|spatial,543.7416869163072,213.73050646395828,1380.9345483369007,median,700.9904565,276.35028385180254,1775.7805901377506
MPL-0622,S1:29.3,2015-08-04,30.002915,-137.2931585,9,3,S1_trawl_5_to_50:2015-08-04,646.404545,700.9904565,276.35028385180254,1775.7805901377506,gp_matern|spatial,562.8350434232266,221.25687393555148,1429.3717611193306,median,700.9904565,276.35028385180254,1775.7805901377506
MPL-0623,S1:30.3,2015-08-04,30.00491,-136.6517,9,3,S1_trawl_5_to_50:2015-08-04,490.394472,700.9904565,276.35028385180254,1775.7805901377506,gp_matern|spatial,544.280940183965,213.94307350271748,1382.3025595223457,median,700.9904565,276.35028385180254,1775.7805901377506
MPL-0627,S1:32.4,2015-08-04,30.015125,-135.476125,9,3,S1_trawl_5_to_50:2015-08-04,949.556256,700.9904565,276.35028385180254,1775.7805901377506,gp_matern|spatial,523.8438645674876,205.88702840249618,1330.4565166368434,median,700.9904565,276.35028385180254,1775.7805901377506
MPL-0631,S1:34.4,2015-08-05,30.000825,-134.268275,9,2,S1_trawl_5_to_50:2015-08-05,373.240546,555.727671,181.7087807867414,1695.3919211898988,catboost|all,258.3302579615268,106.81194236752037,622.7915876251994,median,555.727671,181.7087807867414,1695.3919211898988
MPL-0634,S1:33.4,2015-08-05,30.00406,-134.8896165,9,2,S1_trawl_5_to_50:2015-08-05,633.666764,555.727671,181.7087807867414,1695.3919211898988,catboost|all,630.3810533861837,261.4854433674075,1517.7205410741863,median,555.727671,181.7087807867414,1695.3919211898988
MPL-0637,S1:35.4,2015-08-05,30.998235,-134.2625085,9,2,S1_trawl_5_to_50:2015-08-05,828.098322,555.727671,181.7087807867414,1695.3919211898988,catboost|all,377.28757595741416,156.26633158063746,908.9308713153385,median,555.727671,181.7087807867414,1695.3919211898988
MPL-0640,S1:39.3,2015-08-06,30.97964,-136.3260415,9,1,S1_trawl_5_to_50:2015-08-06,721.013939,500.2044065,149.19751036138157,1671.5034688697936,spline_glm|spatial_weather,961.7014037491474,436.1105113655376,2119.2738636626827,median,500.2044065,149.19751036138157,1671.5034688697936
MPL-0642,S1:38.3,2015-08-06,30.991785,-135.9519665,9,1,S1_trawl_5_to_50:2015-08-06,846.359613,500.2044065,149.19751036138157,1671.5034688697936,spline_glm|spatial_weather,735.4433360275962,333.37899015118154,1620.9583261922178,median,500.2044065,149.19751036138157,1671.5034688697936
MPL-0647,S1:36.3,2015-08-06,30.997975,-134.8475585,9,1,S1_trawl_5_to_50:2015-08-06,347.331302,500.2044065,149.19751036138157,1671.5034688697936,spline_glm|spatial_weather,651.2387619512537,295.14625849577203,1435.504397362757,median,500.2044065,149.19751036138157,1671.5034688697936
MPL-0648,S1:37.3,2015-08-06,31.000565,-135.4216585,9,1,S1_trawl_5_to_50:2015-08-06,1104.538559,500.2044065,149.19751036138157,1671.5034688697936,spline_glm|spatial_weather,658.2080220340105,298.31062163760345,1450.8536426687153,median,500.2044065,149.19751036138157,1671.5034688697936
MPL-0654,S1:41.3,2015-08-07,30.965825,-137.3956835,9,3,S1_trawl_5_to_50:2015-08-07,2209.120417,700.9904565,276.35028385180254,1775.7805901377506,gp_matern|spatial,782.2422278442158,307.74450094139235,1985.9775351717847,median,700.9904565,276.35028385180254,1775.7805901377506
MPL-0656,S1:42.3,2015-08-07,30.988835,-137.914525,9,3,S1_trawl_5_to_50:2015-08-07,1706.702091,700.9904565,276.35028385180254,1775.7805901377506,gp_matern|spatial,800.331760829903,314.8751734656522,2031.8681860924326,median,700.9904565,276.35028385180254,1775.7805901377506
MPL-0658,S1:42.4,2015-08-07,30.98994,-137.91355,9,3,S1_trawl_5_to_50:2015-08-07,1197.871844,700.9904565,276.35028385180254,1775.7805901377506,gp_matern|spatial,800.1969952034732,314.8220505049678,2031.5263042802549,median,700.9904565,276.35028385180254,1775.7805901377506
MPL-0660,S1:43.4,2015-08-07,31.001675,-138.493,9,3,S1_trawl_5_to_50:2015-08-07,351.925224,700.9904565,276.35028385180254,1775.7805901377506,gp_matern|spatial,817.579298358281,321.67394168493433,2075.6228106359085,median,700.9904565,276.35028385180254,1775.7805901377506
MPL-0666,S1:45.4,2015-08-08,30.987735,-139.5542835,9,1,S1_trawl_5_to_50:2015-08-08,1035.855936,500.2044065,149.19751036138157,1671.5034688697936,spline_glm|spatial_weather,1253.0667190772056,568.403703710788,2760.9829756075237,median,500.2044065,149.19751036138157,1671.5034688697936
MPL-0668,S1:44.4,2015-08-08,30.99416,-139.0254165,9,1,S1_trawl_5_to_50:2015-08-08,729.389849,500.2044065,149.19751036138157,1671.5034688697936,spline_glm|spatial_weather,1291.632393309726,585.9142854127406,2845.920829433537,median,500.2044065,149.19751036138157,1671.5034688697936
MPL-0669,S1:47.4,2015-08-08,30.99445,-140.6223835,9,1,S1_trawl_5_to_50:2015-08-08,1077.945907,500.2044065,149.19751036138157,1671.5034688697936,spline_glm|spatial_weather,1184.5499476657685,537.293952678813,2610.0801940384267,median,500.2044065,149.19751036138157,1671.5034688697936
MPL-0671,S1:46.4,2015-08-08,30.999525,-140.084,9,1,S1_trawl_5_to_50:2015-08-08,747.327276,500.2044065,149.19751036138157,1671.5034688697936,spline_glm|spatial_weather,1265.2573833156341,573.9388233838175,2787.8319514839127,median,500.2044065,149.19751036138157,1671.5034688697936
MPL-0677,S1:48.4,2015-08-09,30.97485,-141.2498415,9,0,S1_trawl_5_to_50:2015-08-09,1380.789998,492.80722149999997,153.64640277891695,1575.7943361356586,catboost|all,848.484700342314,357.3920189441301,2012.5053739245386,median,492.80722149999997,153.64640277891695,1575.7943361356586
MPL-0680,S1:51.3,2015-08-09,30.9897265,-142.8742845,9,0,S1_trawl_5_to_50:2015-08-09,680.966974,492.80722149999997,153.64640277891695,1575.7943361356586,catboost|all,899.9229161643578,379.09346455217633,2134.4276686298344,median,492.80722149999997,153.64640277891695,1575.7943361356586
MPL-0684,S1:49.3,2015-08-09,30.991625,-141.8085085,9,0,S1_trawl_5_to_50:2015-08-09,1819.989117,492.80722149999997,153.64640277891695,1575.7943361356586,catboost|all,852.8572217357273,359.2367570182006,2022.8694161723743,median,492.80722149999997,153.64640277891695,1575.7943361356586
MPL-0687,S1:50.3,2015-08-09,30.996965,-142.37745,9,0,S1_trawl_5_to_50:2015-08-09,280.885892,492.80722149999997,153.64640277891695,1575.7943361356586,catboost|all,934.7797113814034,393.7993176496189,2217.0475727423236,median,492.80722149999997,153.64640277891695,1575.7943361356586
MPL-0691,S1:52.3,2015-08-10,31.00401,-143.3006915,9,0,S1_trawl_5_to_50:2015-08-10,559.439481,492.80722149999997,153.64640277891695,1575.7943361356586,catboost|all,844.205803884662,355.58678061589086,2002.363247752664,median,492.80722149999997,153.64640277891695,1575.7943361356586
MPL-0694,S1:53.3,2015-08-10,31.00916,-143.842775,9,0,S1_trawl_5_to_50:2015-08-10,349.268718,492.80722149999997,153.64640277891695,1575.7943361356586,catboost|all,971.7704934325012,409.4054857845753,2304.7255949780897,median,492.80722149999997,153.64640277891695,1575.7943361356586
MPL-0699,S1:54.4,2015-08-10,32.023415,-143.6277915,9,0,S1_trawl_5_to_50:2015-08-10,741.629573,492.80722149999997,153.64640277891695,1575.7943361356586,catboost|all,936.8624436884422,394.67800873862734,2221.9842039623786,median,492.80722149999997,153.64640277891695,1575.7943361356586
MPL-0701,S1:54.3,2015-08-10,32.028835,-143.6377665,9,0,S1_trawl_5_to_50:2015-08-10,439.780685,492.80722149999997,153.64640277891695,1575.7943361356586,catboost|all,936.8624436884422,394.67800873862734,2221.9842039623786,median,492.80722149999997,153.64640277891695,1575.7943361356586
MPL-0705,S1:57.4,2015-08-11,32.003635,-142.0377085,9,0,S1_trawl_5_to_50:2015-08-11,1292.557215,492.80722149999997,153.64640277891695,1575.7943361356586,catboost|all,1072.8026150159283,452.03027469237105,2544.198677501239,median,492.80722149999997,153.64640277891695,1575.7943361356586
MPL-0710,S1:58.4,2015-08-11,32.01739,-141.4973835,9,0,S1_trawl_5_to_50:2015-08-11,1849.2198,492.80722149999997,153.64640277891695,1575.7943361356586,catboost|all,1169.5547491386078,492.84936498488304,2773.5270478841085,median,492.80722149999997,153.64640277891695,1575.7943361356586
MPL-0711,S1:56.4,2015-08-11,32.01915,-142.5771415,9,0,S1_trawl_5_to_50:2015-08-11,961.750609,492.80722149999997,153.64640277891695,1575.7943361356586,catboost|all,989.1248374092179,416.72716959213545,2345.8600201701774,median,492.80722149999997,153.64640277891695,1575.7943361356586
MPL-0715,S1:55.4,2015-08-11,32.021825,-143.1047085,9,0,S1_trawl_5_to_50:2015-08-11,937.233371,492.80722149999997,153.64640277891695,1575.7943361356586,catboost|all,996.5596827106119,419.86388202148254,2363.4825870776476,median,492.80722149999997,153.64640277891695,1575.7943361356586
MPL-0716,S1:61.3,2015-08-12,31.99739,-139.8349335,9,2,S1_trawl_5_to_50:2015-08-12,969.284957,555.727671,181.7087807867414,1695.3919211898988,catboost|all,891.9091846314559,370.21111246184705,2146.7988811047685,median,555.727671,181.7087807867414,1695.3919211898988
MPL-0721,S1:60.4,2015-08-12,32.00135,-140.3389585,9,2,S1_trawl_5_to_50:2015-08-12,1390.855413,555.727671,181.7087807867414,1695.3919211898988,catboost|all,780.1535977188922,323.75071485852067,1877.9826020706562,median,555.727671,181.7087807867414,1695.3919211898988
MPL-0724,S1:62.3,2015-08-12,32.007425,-139.3066335,9,2,S1_trawl_5_to_50:2015-08-12,883.382867,555.727671,181.7087807867414,1695.3919211898988,catboost|all,857.6211183554088,355.9564587461386,2064.322553556031,median,555.727671,181.7087807867414,1695.3919211898988
MPL-0725,S1:66.4,2015-08-13,31.994635,-137.2262165,9,2,S1_trawl_5_to_50:2015-08-13,940.427881,555.727671,181.7087807867414,1695.3919211898988,catboost|all,856.9497882909945,355.6773652119589,2062.707739881787,median,555.727671,181.7087807867414,1695.3919211898988
MPL-0726,S1:65.3,2015-08-13,31.9947,-137.7624415,9,2,S1_trawl_5_to_50:2015-08-13,254.925782,555.727671,181.7087807867414,1695.3919211898988,catboost|all,830.6776132011461,344.75517568837324,1999.5127932585697,median,555.727671,181.7087807867414,1695.3919211898988
MPL-0727,S1:66.3,2015-08-13,31.99716,-137.2263335,9,2,S1_trawl_5_to_50:2015-08-13,942.476591,555.727671,181.7087807867414,1695.3919211898988,catboost|all,856.9497882909945,355.6773652119589,2062.707739881787,median,555.727671,181.7087807867414,1695.3919211898988
MPL-0736,S1:64.3,2015-08-13,32.007085,-138.2743415,9,2,S1_trawl_5_to_50:2015-08-13,926.093191,555.727671,181.7087807867414,1695.3919211898988,catboost|all,795.1663333309599,329.9919926766578,1914.0941544041998,median,555.727671,181.7087807867414,1695.3919211898988
MPL-0738,S1:63.3,2015-08-13,32.0156,-138.781625,9,2,S1_trawl_5_to_50:2015-08-13,473.750303,555.727671,181.7087807867414,1695.3919211898988,catboost|all,727.8962393187826,302.0256475393523,1752.2830372850478,median,555.727671,181.7087807867414,1695.3919211898988
MPL-0739,S1:69.4,2015-08-14,31.99764,-135.6463915,9,1,S1_trawl_5_to_50:2015-08-14,1171.220722,500.2044065,149.19751036138157,1671.5034688697936,spline_glm|spatial_weather,889.568328341655,403.35879275897184,1960.4064579473709,median,500.2044065,149.19751036138157,1671.5034688697936
MPL-0742,S1:68.4,2015-08-14,32.001165,-136.1661665,9,1,S1_trawl_5_to_50:2015-08-14,470.658241,500.2044065,149.19751036138157,1671.5034688697936,spline_glm|spatial_weather,895.1288723599122,405.88353431416783,1972.6531172996292,median,500.2044065,149.19751036138157,1671.5034688697936
MPL-0747,S1:70.4,2015-08-14,32.00864,-135.113225,9,1,S1_trawl_5_to_50:2015-08-14,727.272727,500.2044065,149.19751036138157,1671.5034688697936,spline_glm|spatial_weather,861.455922458881,390.5944734557283,1898.491102671277,median,500.2044065,149.19751036138157,1671.5034688697936
MPL-0751,S1:67.4,2015-08-14,32.01855,-136.6982335,9,1,S1_trawl_5_to_50:2015-08-14,1425.853627,500.2044065,149.19751036138157,1671.5034688697936,spline_glm|spatial_weather,838.2791112850002,380.0711401100158,1847.4460052156699,median,500.2044065,149.19751036138157,1671.5034688697936
MPL-0753,S1:71.4,2015-08-15,32.008585,-134.5978585,9,1,S1_trawl_5_to_50:2015-08-15,290.674527,500.2044065,149.19751036138157,1671.5034688697936,spline_glm|spatial_weather,730.3468780416454,331.0649649012793,1609.7337796996258,median,500.2044065,149.19751036138157,1671.5034688697936
MPL-0755,S1:72.4,2015-08-15,32.996175,-134.1399,9,1,S1_trawl_5_to_50:2015-08-15,71.74788,500.2044065,149.19751036138157,1671.5034688697936,spline_glm|spatial_weather,593.820361716187,269.07567607966797,1309.0449024065636,median,500.2044065,149.19751036138157,1671.5034688697936
MPL-0756,S1:73.3,2015-08-15,32.99759,-134.7286085,9,1,S1_trawl_5_to_50:2015-08-15,1417.506452,500.2044065,149.19751036138157,1671.5034688697936,spline_glm|spatial_weather,627.4910652590089,284.36371698863866,1383.201969608247,median,500.2044065,149.19751036138157,1671.5034688697936
MPL-0762,S1:74.3,2015-08-16,32.987775,-135.2962085,9,1,S1_trawl_5_to_50:2015-08-16,1026.323987,500.2044065,149.19751036138157,1671.5034688697936,spline_glm|spatial_weather,570.6850480817549,258.57118451669146,1258.0912000065339,median,500.2044065,149.19751036138157,1671.5034688697936
MPL-0763,S1:75.3,2015-08-16,32.996535,-136.8875415,9,1,S1_trawl_5_to_50:2015-08-16,1518.942464,500.2044065,149.19751036138157,1671.5034688697936,spline_glm|spatial_weather,628.092627312356,284.63685370136443,1384.5268625544036,median,500.2044065,149.19751036138157,1671.5034688697936
MPL-0768,S1:77.3,2015-08-17,32.98329,-138.0048415,9,4,S1_trawl_5_to_50:2015-08-17,376.349309,722.8298035,256.33855310699096,2034.9544969424778,catboost|spatial_weather,1059.2513842856206,447.92676407665925,2503.0453985666495,median,722.8298035,256.33855310699096,2034.9544969424778
MPL-0770,S1:78.3,2015-08-17,32.9915,-139.571725,9,4,S1_trawl_5_to_50:2015-08-17,748.005286,722.8298035,256.33855310699096,2034.9544969424778,catboost|spatial_weather,808.6767806324226,341.82961801764685,1911.2516102489692,median,722.8298035,256.33855310699096,2034.9544969424778
MPL-0777,S1:79.4,2015-08-18,33.786985,-138.3120665,9,4,S1_trawl_5_to_50:2015-08-18,552.015861,722.8298035,256.33855310699096,2034.9544969424778,catboost|spatial_weather,941.7090686939855,398.1575374925466,2225.4402014817924,median,722.8298035,256.33855310699096,2034.9544969424778
MPL-0778,S1:79.3,2015-08-18,33.7888,-138.313375,9,4,S1_trawl_5_to_50:2015-08-18,361.510331,722.8298035,256.33855310699096,2034.9544969424778,catboost|spatial_weather,941.7090686939855,398.1575374925466,2225.4402014817924,median,722.8298035,256.33855310699096,2034.9544969424778
