sample_id,event_id,date,latitude,longitude,repetition,outer_fold,survey_day_group,concentration,median_baseline,median_lower,median_upper,nested_selected,nested_prediction,nested_lower,nested_upper,service_model,service_prediction,service_lower,service_upper
MPL-0001,S3:HE419_MarLitter_transect01,2014-04-03,54.084,7.659,0,0,S3_visual_GT2:2014-04-03,15.9,23.6,6.964296520423597,74.98411214953272,catboost|weather_only,21.668623301532254,6.745331971819955,65.34531408807074,median,23.6,6.964296520423597,74.98411214953272
MPL-0008,S3:HE419_MarLitter_transect02,2014-04-05,54.897,6.887,0,0,S3_visual_GT2:2014-04-05,36.4,23.6,6.964296520423597,74.98411214953272,catboost|weather_only,51.2521988079294,16.853339421701552,151.92894039445548,median,23.6,6.964296520423597,74.98411214953272
MPL-0018,S3:HE419_MarLitter_transect03,2014-04-06,54.611,5.524,0,2,S3_visual_GT2:2014-04-06,27.6,20.4,6.829268292682925,57.49333333333334,lightgbm|spatial_season,41.71315524537378,15.378698610210309,110.38941343472067,median,20.4,6.829268292682925,57.49333333333334
MPL-0020,S3:HE419_MarLitter_transect04,2014-04-06,54.621,5.481,0,2,S3_visual_GT2:2014-04-06,29.5,20.4,6.829268292682925,57.49333333333334,lightgbm|spatial_season,41.71315524537378,15.378698610210309,110.38941343472067,median,20.4,6.829268292682925,57.49333333333334
MPL-0027,S3:HE419_MarLitter_transect05,2014-04-06,54.756,5.625,0,2,S3_visual_GT2:2014-04-06,52.2,20.4,6.829268292682925,57.49333333333334,lightgbm|spatial_season,34.45823254950488,12.596740883290074,91.46967830944905,median,20.4,6.829268292682925,57.49333333333334
MPL-0035,S3:HE419_MarLitter_transect06,2014-04-06,54.913,5.829,0,2,S3_visual_GT2:2014-04-06,30.3,20.4,6.829268292682925,57.49333333333334,lightgbm|spatial_season,47.78883216894952,17.708465180078377,126.23385491529406,median,20.4,6.829268292682925,57.49333333333334
MPL-0039,S3:HE419_MarLitter_transect08,2014-04-06,54.954,5.616,0,2,S3_visual_GT2:2014-04-06,26.2,20.4,6.829268292682925,57.49333333333334,lightgbm|spatial_season,47.78883216894952,17.708465180078377,126.23385491529406,median,20.4,6.829268292682925,57.49333333333334
MPL-0043,S3:HE419_MarLitter_transect07,2014-04-06,54.993,5.823,0,2,S3_visual_GT2:2014-04-06,30.5,20.4,6.829268292682925,57.49333333333334,lightgbm|spatial_season,48.48603636559571,17.975813666535103,128.05205743539602,median,20.4,6.829268292682925,57.49333333333334
MPL-0051,S3:HE419_MarLitter_transect13,2014-04-07,54.971,5.131,0,0,S3_visual_GT2:2014-04-07,76.9,23.6,6.964296520423597,74.98411214953272,catboost|weather_only,27.51568369746457,8.743134097841244,82.4581776837099,median,23.6,6.964296520423597,74.98411214953272
MPL-0056,S3:HE419_MarLitter_transect14,2014-04-07,55.005,5.002,0,0,S3_visual_GT2:2014-04-07,34.2,23.6,6.964296520423597,74.98411214953272,catboost|weather_only,27.13928019463098,8.614525931124522,81.35654004620694,median,23.6,6.964296520423597,74.98411214953272
MPL-0060,S3:HE419_MarLitter_transect09,2014-04-07,55.019,5.413,0,0,S3_visual_GT2:2014-04-07,46.0,23.6,6.964296520423597,74.98411214953272,catboost|weather_only,36.79172001392791,11.912536125392258,109.60678458064974,median,23.6,6.964296520423597,74.98411214953272
MPL-0067,S3:HE419_MarLitter_transect12,2014-04-07,55.053,5.283,0,0,S3_visual_GT2:2014-04-07,48.0,23.6,6.964296520423597,74.98411214953272,catboost|weather_only,30.27329728739158,9.685345383453067,90.52901362833788,median,23.6,6.964296520423597,74.98411214953272
MPL-0073,S3:HE419_MarLitter_transect10,2014-04-07,55.104,5.584,0,0,S3_visual_GT2:2014-04-07,33.4,23.6,6.964296520423597,74.98411214953272,catboost|weather_only,31.395105261287327,10.06864061276106,93.81226119854149,median,23.6,6.964296520423597,74.98411214953272
MPL-0076,S3:HE419_MarLitter_transect11,2014-04-07,55.111,5.545,0,0,S3_visual_GT2:2014-04-07,31.1,23.6,6.964296520423597,74.98411214953272,catboost|weather_only,31.97347826378524,10.266256976503,95.50501236390188,median,23.6,6.964296520423597,74.98411214953272
MPL-0085,S3:HE419_MarLitter_transect18,2014-04-08,55.767,3.719,0,3,S3_visual_GT2:2014-04-08,30.4,30.4,9.17990867579909,95.85352112676053,catboost|spatial_season,11.824997703615049,4.212269172209732,30.556422100127275,median,30.4,9.17990867579909,95.85352112676053
MPL-0087,S3:HE419_MarLitter_transect15,2014-04-08,55.772,3.431,0,3,S3_visual_GT2:2014-04-08,19.1,30.4,9.17990867579909,95.85352112676053,catboost|spatial_season,11.824997703615049,4.212269172209732,30.556422100127275,median,30.4,9.17990867579909,95.85352112676053
MPL-0092,S3:HE419_MarLitter_transect16,2014-04-08,55.878,3.419,0,3,S3_visual_GT2:2014-04-08,16.8,30.4,9.17990867579909,95.85352112676053,catboost|spatial_season,11.824997703615049,4.212269172209732,30.556422100127275,median,30.4,9.17990867579909,95.85352112676053
MPL-0094,S3:HE419_MarLitter_transect17,2014-04-08,55.878,3.541,0,3,S3_visual_GT2:2014-04-08,8.3,30.4,9.17990867579909,95.85352112676053,catboost|spatial_season,11.824997703615049,4.212269172209732,30.556422100127275,median,30.4,9.17990867579909,95.85352112676053
MPL-0096,S3:HE419_MarLitter_transect20,2014-04-09,55.232,5.467,0,1,S3_visual_GT2:2014-04-09,23.6,31.15,15.257670454545456,62.577528089887586,gp_matern|spatial_weather,32.023766341008745,15.009659789279624,67.11944524116673,median,31.15,15.257670454545456,62.577528089887586
MPL-0101,S3:HE419_MarLitter_transect19,2014-04-09,55.264,4.997,0,1,S3_visual_GT2:2014-04-09,8.1,31.15,15.257670454545456,62.577528089887586,gp_matern|spatial_weather,32.06910785838353,15.031640996995431,67.21297300471944,median,31.15,15.257670454545456,62.577528089887586
MPL-0107,S3:HE419_MarLitter_transect21,2014-04-09,55.328,5.636,0,1,S3_visual_GT2:2014-04-09,20.9,31.15,15.257670454545456,62.577528089887586,gp_matern|spatial_weather,31.98177824051279,14.989304291448246,67.03283470489475,median,31.15,15.257670454545456,62.577528089887586
MPL-0109,S3:HE419_MarLitter_transect22,2014-04-09,55.43,5.687,0,1,S3_visual_GT2:2014-04-09,12.7,31.15,15.257670454545456,62.577528089887586,gp_matern|spatial_weather,30.852924322155978,14.442044872335734,64.70430252347327,median,31.15,15.257670454545456,62.577528089887586
MPL-0114,S3:HE419_MarLitter_transect23,2014-04-10,55.11,6.403,0,2,S3_visual_GT2:2014-04-10,145.7,20.4,6.829268292682925,57.49333333333334,lightgbm|spatial_season,30.865115282749148,11.218931530521436,82.09937488777808,median,20.4,6.829268292682925,57.49333333333334
MPL-0123,S3:HE419_MarLitter_transect24,2014-04-10,55.179,6.318,0,2,S3_visual_GT2:2014-04-10,31.2,20.4,6.829268292682925,57.49333333333334,lightgbm|spatial_season,18.349501559820215,6.419720048436713,49.46055756407808,median,20.4,6.829268292682925,57.49333333333334
MPL-0132,S3:HE419_MarLitter_transect25,2014-04-10,55.263,6.331,0,2,S3_visual_GT2:2014-04-10,65.1,20.4,6.829268292682925,57.49333333333334,lightgbm|spatial_season,18.349501559820215,6.419720048436713,49.46055756407808,median,20.4,6.829268292682925,57.49333333333334
MPL-0138,S3:HE419_MarLitter_transect26,2014-04-10,55.325,6.388,0,2,S3_visual_GT2:2014-04-10,31.4,20.4,6.829268292682925,57.49333333333334,lightgbm|spatial_season,18.349501559820215,6.419720048436713,49.46055756407808,median,20.4,6.829268292682925,57.49333333333334
MPL-0141,S3:HE419_MarLitter_transect27,2014-04-10,55.349,6.483,0,2,S3_visual_GT2:2014-04-10,13.9,20.4,6.829268292682925,57.49333333333334,lightgbm|spatial_season,18.349501559820215,6.419720048436713,49.46055756407808,median,20.4,6.829268292682925,57.49333333333334
MPL-0146,S3:HE419_MarLitter_transect32,2014-04-11,54.409,7.945,0,1,S3_visual_GT2:2014-04-11,19.7,31.15,15.257670454545456,62.577528089887586,gp_matern|spatial_weather,31.988137903864747,14.992387405760157,67.04595303715833,median,31.15,15.257670454545456,62.577528089887586
MPL-0148,S3:HE419_MarLitter_transect31,2014-04-11,54.41,7.798,0,1,S3_visual_GT2:2014-04-11,6.1,31.15,15.257670454545456,62.577528089887586,gp_matern|spatial_weather,32.07712451376856,15.035527407892266,67.22950928080252,median,31.15,15.257670454545456,62.577528089887586
MPL-0158,S3:HE419_MarLitter_transect30,2014-04-11,54.554,8.014,0,1,S3_visual_GT2:2014-04-11,195.1,31.15,15.257670454545456,62.577528089887586,gp_matern|spatial_weather,32.072115068030904,15.033098868362142,67.21917609648033,median,31.15,15.257670454545456,62.577528089887586
MPL-0166,S3:HE419_MarLitter_transect29,2014-04-11,54.785,8.136,0,1,S3_visual_GT2:2014-04-11,17.3,31.15,15.257670454545456,62.577528089887586,gp_matern|spatial_weather,32.071517501103884,15.03280917265923,67.2179434712509,median,31.15,15.257670454545456,62.577528089887586
MPL-0171,S3:HE419_MarLitter_transect28,2014-04-11,54.955,8.14,0,1,S3_visual_GT2:2014-04-11,43.1,31.15,15.257670454545456,62.577528089887586,gp_matern|spatial_weather,32.07179250066246,15.032942490262364,67.21851072385252,median,31.15,15.257670454545456,62.577528089887586
MPL-0176,S3:HE419_MarLitter_transect38,2014-04-12,53.7,6.457,0,1,S3_visual_GT2:2014-04-12,32.1,31.15,15.257670454545456,62.577528089887586,gp_matern|spatial_weather,32.071377686857495,15.032741391822386,67.21765507080616,median,31.15,15.257670454545456,62.577528089887586
MPL-0179,S3:HE419_MarLitter_transect37,2014-04-12,53.77,6.539,0,1,S3_visual_GT2:2014-04-12,9.1,31.15,15.257670454545456,62.577528089887586,gp_matern|spatial_weather,32.07137456290077,15.032739877352961,67.21764862689547,median,31.15,15.257670454545456,62.577528089887586
MPL-0183,S3:HE419_MarLitter_transect34,2014-04-12,53.84,7.219,0,1,S3_visual_GT2:2014-04-12,6.4,31.15,15.257670454545456,62.577528089887586,gp_matern|spatial_weather,32.07137333505584,15.032739282103487,67.21764609417063,median,31.15,15.257670454545456,62.577528089887586
MPL-0185,S3:HE419_MarLitter_transect35,2014-04-12,53.842,6.991,0,1,S3_visual_GT2:2014-04-12,16.2,31.15,15.257670454545456,62.577528089887586,gp_matern|spatial_weather,32.07138082377874,15.032742912576905,67.21766154145924,median,31.15,15.257670454545456,62.577528089887586
MPL-0188,S3:HE419_MarLitter_transect36,2014-04-12,53.85,6.785,0,1,S3_visual_GT2:2014-04-12,9.9,31.15,15.257670454545456,62.577528089887586,gp_matern|spatial_weather,32.07136520074358,15.03273533865347,67.21762931519899,median,31.15,15.257670454545456,62.577528089887586
MPL-0192,S3:HE419_MarLitter_transect33,2014-04-12,53.864,7.448,0,1,S3_visual_GT2:2014-04-12,17.9,31.15,15.257670454545456,62.577528089887586,gp_matern|spatial_weather,32.07132914873215,15.032717860924498,67.21755494927133,median,31.15,15.257670454545456,62.577528089887586
MPL-0779,S3:HE460_MarLitter_transect01,2016-04-08,54.238,7.92,0,3,S3_visual_GT2:2016-04-08,19.9,30.4,9.17990867579909,95.85352112676053,catboost|spatial_season,22.164426353738424,8.414366237389663,55.9970016852194,median,30.4,9.17990867579909,95.85352112676053
MPL-0787,S3:HE460_MarLitter_transect02,2016-04-09,54.417,7.354,0,4,S3_visual_GT2:2016-04-09,32.3,27.6,8.986136071887035,80.90955882352941,random_forest|spatial,15.960788280624202,6.328477594852918,38.25349233546135,median,27.6,8.986136071887035,80.90955882352941
MPL-0798,S3:HE460_MarLitter_transect03,2016-04-10,54.841,6.638,0,4,S3_visual_GT2:2016-04-10,52.3,27.6,8.986136071887035,80.90955882352941,random_forest|spatial,41.94648335677697,17.556468947696857,98.39393307598209,median,27.6,8.986136071887035,80.90955882352941
MPL-0001,S3:HE419_MarLitter_transect01,2014-04-03,54.084,7.659,1,0,S3_visual_GT2:2014-04-03,15.9,28.55,8.504936305732485,90.86831683168312,catboost|all,19.808953294923846,7.4419391690627865,50.293017938009434,median,28.55,8.504936305732485,90.86831683168312
MPL-0008,S3:HE419_MarLitter_transect02,2014-04-05,54.897,6.887,1,1,S3_visual_GT2:2014-04-05,36.4,28.55,9.144724409448816,85.0745412844037,catboost|weather_only,62.259683559668275,30.910299031709204,124.40739778379371,median,28.55,9.144724409448816,85.0745412844037
MPL-0018,S3:HE419_MarLitter_transect03,2014-04-06,54.611,5.524,1,2,S3_visual_GT2:2014-04-06,27.6,31.1,10.415845070422536,89.26138613861391,lightgbm|spatial,36.49274384891202,11.20822592971273,114.14415357426203,median,31.1,10.415845070422536,89.26138613861391
MPL-0020,S3:HE419_MarLitter_transect04,2014-04-06,54.621,5.481,1,2,S3_visual_GT2:2014-04-06,29.5,31.1,10.415845070422536,89.26138613861391,lightgbm|spatial,33.27350341157691,10.159990710134512,104.2575281300763,median,31.1,10.415845070422536,89.26138613861391
MPL-0027,S3:HE419_MarLitter_transect05,2014-04-06,54.756,5.625,1,2,S3_visual_GT2:2014-04-06,52.2,31.1,10.415845070422536,89.26138613861391,lightgbm|spatial,35.201025991015825,10.787622318779654,110.17715238588312,median,31.1,10.415845070422536,89.26138613861391
MPL-0035,S3:HE419_MarLitter_transect06,2014-04-06,54.913,5.829,1,2,S3_visual_GT2:2014-04-06,30.3,31.1,10.415845070422536,89.26138613861391,lightgbm|spatial,52.04314978483672,16.271682200865946,161.90108319359646,median,31.1,10.415845070422536,89.26138613861391
MPL-0039,S3:HE419_MarLitter_transect08,2014-04-06,54.954,5.616,1,2,S3_visual_GT2:2014-04-06,26.2,31.1,10.415845070422536,89.26138613861391,lightgbm|spatial,50.34624083394068,15.719142009671277,156.68969760840466,median,31.1,10.415845070422536,89.26138613861391
MPL-0043,S3:HE419_MarLitter_transect07,2014-04-06,54.993,5.823,1,2,S3_visual_GT2:2014-04-06,30.5,31.1,10.415845070422536,89.26138613861391,lightgbm|spatial,53.84605013828615,16.858734856504228,167.43797950647334,median,31.1,10.415845070422536,89.26138613861391
MPL-0051,S3:HE419_MarLitter_transect13,2014-04-07,54.971,5.131,1,0,S3_visual_GT2:2014-04-07,76.9,28.55,8.504936305732485,90.86831683168312,catboost|all,48.109850989624164,18.923269026572264,120.05330008877706,median,28.55,8.504936305732485,90.86831683168312
MPL-0056,S3:HE419_MarLitter_transect14,2014-04-07,55.005,5.002,1,0,S3_visual_GT2:2014-04-07,34.2,28.55,8.504936305732485,90.86831683168312,catboost|all,45.736960068057336,17.96061605067391,114.20424392147052,median,28.55,8.504936305732485,90.86831683168312
MPL-0060,S3:HE419_MarLitter_transect09,2014-04-07,55.019,5.413,1,0,S3_visual_GT2:2014-04-07,46.0,28.55,8.504936305732485,90.86831683168312,catboost|all,60.25226361545443,23.84929809204786,149.98373338833932,median,28.55,8.504936305732485,90.86831683168312
MPL-0067,S3:HE419_MarLitter_transect12,2014-04-07,55.053,5.283,1,0,S3_visual_GT2:2014-04-07,48.0,28.55,8.504936305732485,90.86831683168312,catboost|all,47.55470496197779,18.698053037621932,118.68489319436463,median,28.55,8.504936305732485,90.86831683168312
MPL-0073,S3:HE419_MarLitter_transect10,2014-04-07,55.104,5.584,1,0,S3_visual_GT2:2014-04-07,33.4,28.55,8.504936305732485,90.86831683168312,catboost|all,59.542247687103654,23.561253268684972,148.23358001767204,median,28.55,8.504936305732485,90.86831683168312
MPL-0076,S3:HE419_MarLitter_transect11,2014-04-07,55.111,5.545,1,0,S3_visual_GT2:2014-04-07,31.1,28.55,8.504936305732485,90.86831683168312,catboost|all,56.853397576478905,22.470419494063588,141.6057004217032,median,28.55,8.504936305732485,90.86831683168312
MPL-0085,S3:HE419_MarLitter_transect18,2014-04-08,55.767,3.719,1,2,S3_visual_GT2:2014-04-08,30.4,31.1,10.415845070422536,89.26138613861391,lightgbm|spatial,13.935226873032507,3.8631443116636253,44.86765011557837,median,31.1,10.415845070422536,89.26138613861391
MPL-0087,S3:HE419_MarLitter_transect15,2014-04-08,55.772,3.431,1,2,S3_visual_GT2:2014-04-08,19.1,31.1,10.415845070422536,89.26138613861391,lightgbm|spatial,13.935226873032507,3.8631443116636253,44.86765011557837,median,31.1,10.415845070422536,89.26138613861391
MPL-0092,S3:HE419_MarLitter_transect16,2014-04-08,55.878,3.419,1,2,S3_visual_GT2:2014-04-08,16.8,31.1,10.415845070422536,89.26138613861391,lightgbm|spatial,13.935226873032507,3.8631443116636253,44.86765011557837,median,31.1,10.415845070422536,89.26138613861391
MPL-0094,S3:HE419_MarLitter_transect17,2014-04-08,55.878,3.541,1,2,S3_visual_GT2:2014-04-08,8.3,31.1,10.415845070422536,89.26138613861391,lightgbm|spatial,13.935226873032507,3.8631443116636253,44.86765011557837,median,31.1,10.415845070422536,89.26138613861391
MPL-0096,S3:HE419_MarLitter_transect20,2014-04-09,55.232,5.467,1,0,S3_visual_GT2:2014-04-09,23.6,28.55,8.504936305732485,90.86831683168312,catboost|all,39.64256863205542,15.488195595593364,99.18187711533459,median,28.55,8.504936305732485,90.86831683168312
MPL-0101,S3:HE419_MarLitter_transect19,2014-04-09,55.264,4.997,1,0,S3_visual_GT2:2014-04-09,8.1,28.55,8.504936305732485,90.86831683168312,catboost|all,38.70651101649476,15.10844840998029,96.87454241255186,median,28.55,8.504936305732485,90.86831683168312
MPL-0107,S3:HE419_MarLitter_transect21,2014-04-09,55.328,5.636,1,0,S3_visual_GT2:2014-04-09,20.9,28.55,8.504936305732485,90.86831683168312,catboost|all,39.022163588827794,15.236504818028633,97.65261004648744,median,28.55,8.504936305732485,90.86831683168312
MPL-0109,S3:HE419_MarLitter_transect22,2014-04-09,55.43,5.687,1,0,S3_visual_GT2:2014-04-09,12.7,28.55,8.504936305732485,90.86831683168312,catboost|all,31.91218276427768,12.352072104697655,80.12686673764372,median,28.55,8.504936305732485,90.86831683168312
MPL-0114,S3:HE419_MarLitter_transect23,2014-04-10,55.11,6.403,1,4,S3_visual_GT2:2014-04-10,145.7,29.9,11.71261261261261,74.10729927007293,lightgbm|spatial_weather,28.148939897083494,10.338892465920566,73.9333058477687,median,29.9,11.71261261261261,74.10729927007293
MPL-0123,S3:HE419_MarLitter_transect24,2014-04-10,55.179,6.318,1,4,S3_visual_GT2:2014-04-10,31.2,29.9,11.71261261261261,74.10729927007293,lightgbm|spatial_weather,21.802468537982836,7.870124938423373,57.61840447966866,median,29.9,11.71261261261261,74.10729927007293
MPL-0132,S3:HE419_MarLitter_transect25,2014-04-10,55.263,6.331,1,4,S3_visual_GT2:2014-04-10,65.1,29.9,11.71261261261261,74.10729927007293,lightgbm|spatial_weather,21.551823305113103,7.772624331106608,56.97406969561732,median,29.9,11.71261261261261,74.10729927007293
MPL-0138,S3:HE419_MarLitter_transect26,2014-04-10,55.325,6.388,1,4,S3_visual_GT2:2014-04-10,31.4,29.9,11.71261261261261,74.10729927007293,lightgbm|spatial_weather,21.551823305113103,7.772624331106608,56.97406969561732,median,29.9,11.71261261261261,74.10729927007293
MPL-0141,S3:HE419_MarLitter_transect27,2014-04-10,55.349,6.483,1,4,S3_visual_GT2:2014-04-10,13.9,29.9,11.71261261261261,74.10729927007293,lightgbm|spatial_weather,21.551823305113103,7.772624331106608,56.97406969561732,median,29.9,11.71261261261261,74.10729927007293
MPL-0146,S3:HE419_MarLitter_transect32,2014-04-11,54.409,7.945,1,1,S3_visual_GT2:2014-04-11,19.7,28.55,9.144724409448816,85.0745412844037,catboost|weather_only,15.819172415661736,7.484152797625143,32.342699913059185,median,28.55,9.144724409448816,85.0745412844037
MPL-0148,S3:HE419_MarLitter_transect31,2014-04-11,54.41,7.798,1,1,S3_visual_GT2:2014-04-11,6.1,28.55,9.144724409448816,85.0745412844037,catboost|weather_only,15.819172415661736,7.484152797625143,32.342699913059185,median,28.55,9.144724409448816,85.0745412844037
MPL-0158,S3:HE419_MarLitter_transect30,2014-04-11,54.554,8.014,1,1,S3_visual_GT2:2014-04-11,195.1,28.55,9.144724409448816,85.0745412844037,catboost|weather_only,15.663525792930317,7.405639438165314,32.0341426008467,median,28.55,9.144724409448816,85.0745412844037
MPL-0166,S3:HE419_MarLitter_transect29,2014-04-11,54.785,8.136,1,1,S3_visual_GT2:2014-04-11,17.3,28.55,9.144724409448816,85.0745412844037,catboost|weather_only,16.395535336799995,7.774889521702548,33.48529453338855,median,28.55,9.144724409448816,85.0745412844037
MPL-0171,S3:HE419_MarLitter_transect28,2014-04-11,54.955,8.14,1,1,S3_visual_GT2:2014-04-11,43.1,28.55,9.144724409448816,85.0745412844037,catboost|weather_only,16.395535336799995,7.774889521702548,33.48529453338855,median,28.55,9.144724409448816,85.0745412844037
MPL-0176,S3:HE419_MarLitter_transect38,2014-04-12,53.7,6.457,1,4,S3_visual_GT2:2014-04-12,32.1,29.9,11.71261261261261,74.10729927007293,lightgbm|spatial_weather,26.655944046621094,9.758119392860966,70.09525495853751,median,29.9,11.71261261261261,74.10729927007293
MPL-0179,S3:HE419_MarLitter_transect37,2014-04-12,53.77,6.539,1,4,S3_visual_GT2:2014-04-12,9.1,29.9,11.71261261261261,74.10729927007293,lightgbm|spatial_weather,26.655944046621094,9.758119392860966,70.09525495853751,median,29.9,11.71261261261261,74.10729927007293
MPL-0183,S3:HE419_MarLitter_transect34,2014-04-12,53.84,7.219,1,4,S3_visual_GT2:2014-04-12,6.4,29.9,11.71261261261261,74.10729927007293,lightgbm|spatial_weather,23.170881463208122,8.402435446554676,61.13618950423503,median,29.9,11.71261261261261,74.10729927007293
MPL-0185,S3:HE419_MarLitter_transect35,2014-04-12,53.842,6.991,1,4,S3_visual_GT2:2014-04-12,16.2,29.9,11.71261261261261,74.10729927007293,lightgbm|spatial_weather,23.170881463208122,8.402435446554676,61.13618950423503,median,29.9,11.71261261261261,74.10729927007293
MPL-0188,S3:HE419_MarLitter_transect36,2014-04-12,53.85,6.785,1,4,S3_visual_GT2:2014-04-12,9.9,29.9,11.71261261261261,74.10729927007293,lightgbm|spatial_weather,26.655944046621094,9.758119392860966,70.09525495853751,median,29.9,11.71261261261261,74.10729927007293
MPL-0192,S3:HE419_MarLitter_transect33,2014-04-12,53.864,7.448,1,4,S3_visual_GT2:2014-04-12,17.9,29.9,11.71261261261261,74.10729927007293,lightgbm|spatial_weather,22.283364463742966,8.057192708597718,58.854645715650435,median,29.9,11.71261261261261,74.10729927007293
MPL-0779,S3:HE460_MarLitter_transect01,2016-04-08,54.238,7.92,1,3,S3_visual_GT2:2016-04-08,19.9,29.5,9.1405648267009,90.73552123552126,lightgbm|spatial,14.812116962862149,3.860410667990055,50.44072382480921,median,29.5,9.1405648267009,90.73552123552126
MPL-0787,S3:HE460_MarLitter_transect02,2016-04-09,54.417,7.354,1,3,S3_visual_GT2:2016-04-09,32.3,29.5,9.1405648267009,90.73552123552126,lightgbm|spatial,14.812116962862149,3.860410667990055,50.44072382480921,median,29.5,9.1405648267009,90.73552123552126
MPL-0798,S3:HE460_MarLitter_transect03,2016-04-10,54.841,6.638,1,1,S3_visual_GT2:2016-04-10,52.3,28.55,9.144724409448816,85.0745412844037,catboost|weather_only,26.97676455261194,13.112415247406439,54.461757687163264,median,28.55,9.144724409448816,85.0745412844037
MPL-0001,S3:HE419_MarLitter_transect01,2014-04-03,54.084,7.659,2,0,S3_visual_GT2:2014-04-03,15.9,30.3,9.384579439252335,93.34084507042255,catboost|spatial_season,22.230093463649993,7.4844245597623065,62.6032813455804,median,30.3,9.384579439252335,93.34084507042255
MPL-0008,S3:HE419_MarLitter_transect02,2014-04-05,54.897,6.887,2,0,S3_visual_GT2:2014-04-05,36.4,30.3,9.384579439252335,93.34084507042255,catboost|spatial_season,36.23151295535131,12.598221781147226,100.93873723006344,median,30.3,9.384579439252335,93.34084507042255
MPL-0018,S3:HE419_MarLitter_transect03,2014-04-06,54.611,5.524,2,2,S3_visual_GT2:2014-04-06,27.6,31.1,7.578448275862072,119.11612903225812,nearest_neighbour,46.0,17.724598930481275,116.97315436241612,median,31.1,7.578448275862072,119.11612903225812
MPL-0020,S3:HE419_MarLitter_transect04,2014-04-06,54.621,5.481,2,2,S3_visual_GT2:2014-04-06,29.5,31.1,7.578448275862072,119.11612903225812,nearest_neighbour,46.0,17.724598930481275,116.97315436241612,median,31.1,7.578448275862072,119.11612903225812
MPL-0027,S3:HE419_MarLitter_transect05,2014-04-06,54.756,5.625,2,2,S3_visual_GT2:2014-04-06,52.2,31.1,7.578448275862072,119.11612903225812,nearest_neighbour,46.0,17.724598930481275,116.97315436241612,median,31.1,7.578448275862072,119.11612903225812
MPL-0035,S3:HE419_MarLitter_transect06,2014-04-06,54.913,5.829,2,2,S3_visual_GT2:2014-04-06,30.3,31.1,7.578448275862072,119.11612903225812,nearest_neighbour,33.4,12.704812834224596,85.34630872483227,median,31.1,7.578448275862072,119.11612903225812
MPL-0039,S3:HE419_MarLitter_transect08,2014-04-06,54.954,5.616,2,2,S3_visual_GT2:2014-04-06,26.2,31.1,7.578448275862072,119.11612903225812,nearest_neighbour,46.0,17.724598930481275,116.97315436241612,median,31.1,7.578448275862072,119.11612903225812
MPL-0043,S3:HE419_MarLitter_transect07,2014-04-06,54.993,5.823,2,2,S3_visual_GT2:2014-04-06,30.5,31.1,7.578448275862072,119.11612903225812,nearest_neighbour,33.4,12.704812834224596,85.34630872483227,median,31.1,7.578448275862072,119.11612903225812
MPL-0051,S3:HE419_MarLitter_transect13,2014-04-07,54.971,5.131,2,4,S3_visual_GT2:2014-04-07,76.9,27.6,7.999697428139178,89.88750000000009,extra_trees|all,26.27147161017899,10.88106162725008,61.598207729096565,median,27.6,7.999697428139178,89.88750000000009
MPL-0056,S3:HE419_MarLitter_transect14,2014-04-07,55.005,5.002,2,4,S3_visual_GT2:2014-04-07,34.2,27.6,7.999697428139178,89.88750000000009,extra_trees|all,24.50502660875129,10.1114939917699,57.543557040568125,median,27.6,7.999697428139178,89.88750000000009
MPL-0060,S3:HE419_MarLitter_transect09,2014-04-07,55.019,5.413,2,4,S3_visual_GT2:2014-04-07,46.0,27.6,7.999697428139178,89.88750000000009,extra_trees|all,28.510123885880358,11.856350604309322,66.73675038607826,median,27.6,7.999697428139178,89.88750000000009
MPL-0067,S3:HE419_MarLitter_transect12,2014-04-07,55.053,5.283,2,4,S3_visual_GT2:2014-04-07,48.0,27.6,7.999697428139178,89.88750000000009,extra_trees|all,26.417594940702212,10.944721569036187,61.93361532018329,median,27.6,7.999697428139178,89.88750000000009
MPL-0073,S3:HE419_MarLitter_transect10,2014-04-07,55.104,5.584,2,4,S3_visual_GT2:2014-04-07,33.4,27.6,7.999697428139178,89.88750000000009,extra_trees|all,27.71852131275331,11.511481831180783,64.91972697715448,median,27.6,7.999697428139178,89.88750000000009
MPL-0076,S3:HE419_MarLitter_transect11,2014-04-07,55.111,5.545,2,4,S3_visual_GT2:2014-04-07,31.1,27.6,7.999697428139178,89.88750000000009,extra_trees|all,27.028056249499716,11.210674522897603,63.33485190781277,median,27.6,7.999697428139178,89.88750000000009
MPL-0085,S3:HE419_MarLitter_transect18,2014-04-08,55.767,3.719,2,0,S3_visual_GT2:2014-04-08,30.4,30.3,9.384579439252335,93.34084507042255,catboost|spatial_season,10.817727979193666,3.31623840274927,31.356575693608544,median,30.3,9.384579439252335,93.34084507042255
MPL-0087,S3:HE419_MarLitter_transect15,2014-04-08,55.772,3.431,2,0,S3_visual_GT2:2014-04-08,19.1,30.3,9.384579439252335,93.34084507042255,catboost|spatial_season,10.817727979193666,3.31623840274927,31.356575693608544,median,30.3,9.384579439252335,93.34084507042255
MPL-0092,S3:HE419_MarLitter_transect16,2014-04-08,55.878,3.419,2,0,S3_visual_GT2:2014-04-08,16.8,30.3,9.384579439252335,93.34084507042255,catboost|spatial_season,10.817727979193666,3.31623840274927,31.356575693608544,median,30.3,9.384579439252335,93.34084507042255
MPL-0094,S3:HE419_MarLitter_transect17,2014-04-08,55.878,3.541,2,0,S3_visual_GT2:2014-04-08,8.3,30.3,9.384579439252335,93.34084507042255,catboost|spatial_season,10.817727979193666,3.31623840274927,31.356575693608544,median,30.3,9.384579439252335,93.34084507042255
MPL-0096,S3:HE419_MarLitter_transect20,2014-04-09,55.232,5.467,2,2,S3_visual_GT2:2014-04-09,23.6,31.1,7.578448275862072,119.11612903225812,nearest_neighbour,31.1,11.78850267379679,79.57315436241618,median,31.1,7.578448275862072,119.11612903225812
MPL-0101,S3:HE419_MarLitter_transect19,2014-04-09,55.264,4.997,2,2,S3_visual_GT2:2014-04-09,8.1,31.1,7.578448275862072,119.11612903225812,nearest_neighbour,34.2,13.0235294117647,87.35436241610735,median,31.1,7.578448275862072,119.11612903225812
MPL-0107,S3:HE419_MarLitter_transect21,2014-04-09,55.328,5.636,2,2,S3_visual_GT2:2014-04-09,20.9,31.1,7.578448275862072,119.11612903225812,nearest_neighbour,31.1,11.78850267379679,79.57315436241618,median,31.1,7.578448275862072,119.11612903225812
MPL-0109,S3:HE419_MarLitter_transect22,2014-04-09,55.43,5.687,2,2,S3_visual_GT2:2014-04-09,12.7,31.1,7.578448275862072,119.11612903225812,nearest_neighbour,31.1,11.78850267379679,79.57315436241618,median,31.1,7.578448275862072,119.11612903225812
MPL-0114,S3:HE419_MarLitter_transect23,2014-04-10,55.11,6.403,2,1,S3_visual_GT2:2014-04-10,145.7,26.9,9.835459662288931,70.83913043478263,catboost|spatial_weather,29.605060530122046,14.14793576445724,60.83481001089364,median,26.9,9.835459662288931,70.83913043478263
MPL-0123,S3:HE419_MarLitter_transect24,2014-04-10,55.179,6.318,2,1,S3_visual_GT2:2014-04-10,31.2,26.9,9.835459662288931,70.83913043478263,catboost|spatial_weather,29.77834508830609,14.233702736025904,61.184916089677145,median,26.9,9.835459662288931,70.83913043478263
MPL-0132,S3:HE419_MarLitter_transect25,2014-04-10,55.263,6.331,2,1,S3_visual_GT2:2014-04-10,65.1,26.9,9.835459662288931,70.83913043478263,catboost|spatial_weather,28.41153468949866,13.557201668401824,58.42339692038847,median,26.9,9.835459662288931,70.83913043478263
MPL-0138,S3:HE419_MarLitter_transect26,2014-04-10,55.325,6.388,2,1,S3_visual_GT2:2014-04-10,31.4,26.9,9.835459662288931,70.83913043478263,catboost|spatial_weather,28.234894778797887,13.46977396937469,58.06651164947805,median,26.9,9.835459662288931,70.83913043478263
MPL-0141,S3:HE419_MarLitter_transect27,2014-04-10,55.349,6.483,2,1,S3_visual_GT2:2014-04-10,13.9,26.9,9.835459662288931,70.83913043478263,catboost|spatial_weather,28.1701394245333,13.437723389182594,57.9356792002431,median,26.9,9.835459662288931,70.83913043478263
MPL-0146,S3:HE419_MarLitter_transect32,2014-04-11,54.409,7.945,2,3,S3_visual_GT2:2014-04-11,19.7,29.5,9.35669781931464,88.82110091743121,lightgbm|spatial,22.570575027099462,8.383725077372219,58.20591263354714,median,29.5,9.35669781931464,88.82110091743121
MPL-0148,S3:HE419_MarLitter_transect31,2014-04-11,54.41,7.798,2,3,S3_visual_GT2:2014-04-11,6.1,29.5,9.35669781931464,88.82110091743121,lightgbm|spatial,22.570575027099462,8.383725077372219,58.20591263354714,median,29.5,9.35669781931464,88.82110091743121
MPL-0158,S3:HE419_MarLitter_transect30,2014-04-11,54.554,8.014,2,3,S3_visual_GT2:2014-04-11,195.1,29.5,9.35669781931464,88.82110091743121,lightgbm|spatial,29.739572293929662,11.23778779561409,76.21340822337018,median,29.5,9.35669781931464,88.82110091743121
MPL-0166,S3:HE419_MarLitter_transect29,2014-04-11,54.785,8.136,2,3,S3_visual_GT2:2014-04-11,17.3,29.5,9.35669781931464,88.82110091743121,lightgbm|spatial,29.739572293929662,11.23778779561409,76.21340822337018,median,29.5,9.35669781931464,88.82110091743121
MPL-0171,S3:HE419_MarLitter_transect28,2014-04-11,54.955,8.14,2,3,S3_visual_GT2:2014-04-11,43.1,29.5,9.35669781931464,88.82110091743121,lightgbm|spatial,31.224367296806676,11.82890227149069,79.943000866655,median,29.5,9.35669781931464,88.82110091743121
MPL-0176,S3:HE419_MarLitter_transect38,2014-04-12,53.7,6.457,2,4,S3_visual_GT2:2014-04-12,32.1,27.6,7.999697428139178,89.88750000000009,extra_trees|all,20.18361715470431,8.228833137452462,47.6243091703525,median,27.6,7.999697428139178,89.88750000000009
MPL-0179,S3:HE419_MarLitter_transect37,2014-04-12,53.77,6.539,2,4,S3_visual_GT2:2014-04-12,9.1,27.6,7.999697428139178,89.88750000000009,extra_trees|all,20.204406658028734,8.237890271358841,47.67202884116048,median,27.6,7.999697428139178,89.88750000000009
MPL-0183,S3:HE419_MarLitter_transect34,2014-04-12,53.84,7.219,2,4,S3_visual_GT2:2014-04-12,6.4,27.6,7.999697428139178,89.88750000000009,extra_trees|all,19.156179638783247,7.781220752638926,45.26595653102195,median,27.6,7.999697428139178,89.88750000000009
MPL-0185,S3:HE419_MarLitter_transect35,2014-04-12,53.842,6.991,2,4,S3_visual_GT2:2014-04-12,16.2,27.6,7.999697428139178,89.88750000000009,extra_trees|all,19.708027084696752,8.021638050519238,46.532652422899346,median,27.6,7.999697428139178,89.88750000000009
MPL-0188,S3:HE419_MarLitter_transect36,2014-04-12,53.85,6.785,2,4,S3_visual_GT2:2014-04-12,9.9,27.6,7.999697428139178,89.88750000000009,extra_trees|all,19.817965989034345,8.069533921938945,46.78500324831888,median,27.6,7.999697428139178,89.88750000000009
MPL-0192,S3:HE419_MarLitter_transect33,2014-04-12,53.864,7.448,2,4,S3_visual_GT2:2014-04-12,17.9,27.6,7.999697428139178,89.88750000000009,extra_trees|all,18.86754553927994,7.655474713960007,44.60343352615173,median,27.6,7.999697428139178,89.88750000000009
MPL-0779,S3:HE460_MarLitter_transect01,2016-04-08,54.238,7.92,2,1,S3_visual_GT2:2016-04-08,19.9,26.9,9.835459662288931,70.83913043478263,catboost|spatial_weather,27.878861319060693,13.293555661530194,57.347177625658595,median,26.9,9.835459662288931,70.83913043478263
MPL-0787,S3:HE460_MarLitter_transect02,2016-04-09,54.417,7.354,2,1,S3_visual_GT2:2016-04-09,32.3,26.9,9.835459662288931,70.83913043478263,catboost|spatial_weather,40.86248560972863,19.719783982539834,83.5794388059985,median,26.9,9.835459662288931,70.83913043478263
MPL-0798,S3:HE460_MarLitter_transect03,2016-04-10,54.841,6.638,2,3,S3_visual_GT2:2016-04-10,52.3,29.5,9.35669781931464,88.82110091743121,lightgbm|spatial,31.117758785030507,11.786460160330263,79.67521553570933,median,29.5,9.35669781931464,88.82110091743121
MPL-0001,S3:HE419_MarLitter_transect01,2014-04-03,54.084,7.659,3,0,S3_visual_GT2:2014-04-03,15.9,30.5,9.473042362002566,93.74324324324326,median,30.5,9.473042362002566,93.74324324324326,median,30.5,9.473042362002566,93.74324324324326
MPL-0008,S3:HE419_MarLitter_transect02,2014-04-05,54.897,6.887,3,3,S3_visual_GT2:2014-04-05,36.4,27.6,9.059757942511345,80.3101075268817,catboost|spatial_weather,45.53962857384711,21.708227600016826,94.38115725905621,median,27.6,9.059757942511345,80.3101075268817
MPL-0018,S3:HE419_MarLitter_transect03,2014-04-06,54.611,5.524,3,1,S3_visual_GT2:2014-04-06,27.6,18.5,7.357142857142857,44.499999999999986,median,18.5,7.357142857142857,44.499999999999986,median,18.5,7.357142857142857,44.499999999999986
MPL-0020,S3:HE419_MarLitter_transect04,2014-04-06,54.621,5.481,3,1,S3_visual_GT2:2014-04-06,29.5,18.5,7.357142857142857,44.499999999999986,median,18.5,7.357142857142857,44.499999999999986,median,18.5,7.357142857142857,44.499999999999986
MPL-0027,S3:HE419_MarLitter_transect05,2014-04-06,54.756,5.625,3,1,S3_visual_GT2:2014-04-06,52.2,18.5,7.357142857142857,44.499999999999986,median,18.5,7.357142857142857,44.499999999999986,median,18.5,7.357142857142857,44.499999999999986
MPL-0035,S3:HE419_MarLitter_transect06,2014-04-06,54.913,5.829,3,1,S3_visual_GT2:2014-04-06,30.3,18.5,7.357142857142857,44.499999999999986,median,18.5,7.357142857142857,44.499999999999986,median,18.5,7.357142857142857,44.499999999999986
MPL-0039,S3:HE419_MarLitter_transect08,2014-04-06,54.954,5.616,3,1,S3_visual_GT2:2014-04-06,26.2,18.5,7.357142857142857,44.499999999999986,median,18.5,7.357142857142857,44.499999999999986,median,18.5,7.357142857142857,44.499999999999986
MPL-0043,S3:HE419_MarLitter_transect07,2014-04-06,54.993,5.823,3,1,S3_visual_GT2:2014-04-06,30.5,18.5,7.357142857142857,44.499999999999986,median,18.5,7.357142857142857,44.499999999999986,median,18.5,7.357142857142857,44.499999999999986
MPL-0051,S3:HE419_MarLitter_transect13,2014-04-07,54.971,5.131,3,1,S3_visual_GT2:2014-04-07,76.9,18.5,7.357142857142857,44.499999999999986,median,18.5,7.357142857142857,44.499999999999986,median,18.5,7.357142857142857,44.499999999999986
MPL-0056,S3:HE419_MarLitter_transect14,2014-04-07,55.005,5.002,3,1,S3_visual_GT2:2014-04-07,34.2,18.5,7.357142857142857,44.499999999999986,median,18.5,7.357142857142857,44.499999999999986,median,18.5,7.357142857142857,44.499999999999986
MPL-0060,S3:HE419_MarLitter_transect09,2014-04-07,55.019,5.413,3,1,S3_visual_GT2:2014-04-07,46.0,18.5,7.357142857142857,44.499999999999986,median,18.5,7.357142857142857,44.499999999999986,median,18.5,7.357142857142857,44.499999999999986
MPL-0067,S3:HE419_MarLitter_transect12,2014-04-07,55.053,5.283,3,1,S3_visual_GT2:2014-04-07,48.0,18.5,7.357142857142857,44.499999999999986,median,18.5,7.357142857142857,44.499999999999986,median,18.5,7.357142857142857,44.499999999999986
MPL-0073,S3:HE419_MarLitter_transect10,2014-04-07,55.104,5.584,3,1,S3_visual_GT2:2014-04-07,33.4,18.5,7.357142857142857,44.499999999999986,median,18.5,7.357142857142857,44.499999999999986,median,18.5,7.357142857142857,44.499999999999986
MPL-0076,S3:HE419_MarLitter_transect11,2014-04-07,55.111,5.545,3,1,S3_visual_GT2:2014-04-07,31.1,18.5,7.357142857142857,44.499999999999986,median,18.5,7.357142857142857,44.499999999999986,median,18.5,7.357142857142857,44.499999999999986
MPL-0085,S3:HE419_MarLitter_transect18,2014-04-08,55.767,3.719,3,0,S3_visual_GT2:2014-04-08,30.4,30.5,9.473042362002566,93.74324324324326,median,30.5,9.473042362002566,93.74324324324326,median,30.5,9.473042362002566,93.74324324324326
MPL-0087,S3:HE419_MarLitter_transect15,2014-04-08,55.772,3.431,3,0,S3_visual_GT2:2014-04-08,19.1,30.5,9.473042362002566,93.74324324324326,median,30.5,9.473042362002566,93.74324324324326,median,30.5,9.473042362002566,93.74324324324326
MPL-0092,S3:HE419_MarLitter_transect16,2014-04-08,55.878,3.419,3,0,S3_visual_GT2:2014-04-08,16.8,30.5,9.473042362002566,93.74324324324326,median,30.5,9.473042362002566,93.74324324324326,median,30.5,9.473042362002566,93.74324324324326
MPL-0094,S3:HE419_MarLitter_transect17,2014-04-08,55.878,3.541,3,0,S3_visual_GT2:2014-04-08,8.3,30.5,9.473042362002566,93.74324324324326,median,30.5,9.473042362002566,93.74324324324326,median,30.5,9.473042362002566,93.74324324324326
MPL-0096,S3:HE419_MarLitter_transect20,2014-04-09,55.232,5.467,3,4,S3_visual_GT2:2014-04-09,23.6,30.35,8.865052950075636,98.62668269230774,extra_trees|all,41.41158190445556,18.063974008204898,93.35295489094695,median,30.35,8.865052950075636,98.62668269230774
MPL-0101,S3:HE419_MarLitter_transect19,2014-04-09,55.264,4.997,3,4,S3_visual_GT2:2014-04-09,8.1,30.35,8.865052950075636,98.62668269230774,extra_trees|all,39.812118054489,17.345016216639415,89.79463110982573,median,30.35,8.865052950075636,98.62668269230774
MPL-0107,S3:HE419_MarLitter_transect21,2014-04-09,55.328,5.636,3,4,S3_visual_GT2:2014-04-09,20.9,30.35,8.865052950075636,98.62668269230774,extra_trees|all,36.868339977405306,16.021790196118094,83.2456143638397,median,30.35,8.865052950075636,98.62668269230774
MPL-0109,S3:HE419_MarLitter_transect22,2014-04-09,55.43,5.687,3,4,S3_visual_GT2:2014-04-09,12.7,30.35,8.865052950075636,98.62668269230774,extra_trees|all,33.64061638917866,14.57093088296528,76.06490465094882,median,30.35,8.865052950075636,98.62668269230774
MPL-0114,S3:HE419_MarLitter_transect23,2014-04-10,55.11,6.403,3,1,S3_visual_GT2:2014-04-10,145.7,18.5,7.357142857142857,44.499999999999986,median,18.5,7.357142857142857,44.499999999999986,median,18.5,7.357142857142857,44.499999999999986
MPL-0123,S3:HE419_MarLitter_transect24,2014-04-10,55.179,6.318,3,1,S3_visual_GT2:2014-04-10,31.2,18.5,7.357142857142857,44.499999999999986,median,18.5,7.357142857142857,44.499999999999986,median,18.5,7.357142857142857,44.499999999999986
MPL-0132,S3:HE419_MarLitter_transect25,2014-04-10,55.263,6.331,3,1,S3_visual_GT2:2014-04-10,65.1,18.5,7.357142857142857,44.499999999999986,median,18.5,7.357142857142857,44.499999999999986,median,18.5,7.357142857142857,44.499999999999986
MPL-0138,S3:HE419_MarLitter_transect26,2014-04-10,55.325,6.388,3,1,S3_visual_GT2:2014-04-10,31.4,18.5,7.357142857142857,44.499999999999986,median,18.5,7.357142857142857,44.499999999999986,median,18.5,7.357142857142857,44.499999999999986
MPL-0141,S3:HE419_MarLitter_transect27,2014-04-10,55.349,6.483,3,1,S3_visual_GT2:2014-04-10,13.9,18.5,7.357142857142857,44.499999999999986,median,18.5,7.357142857142857,44.499999999999986,median,18.5,7.357142857142857,44.499999999999986
MPL-0146,S3:HE419_MarLitter_transect32,2014-04-11,54.409,7.945,3,2,S3_visual_GT2:2014-04-11,19.7,30.45,13.759212598425194,66.0159395973155,lightgbm|all,27.198172956631232,12.224860682375871,59.12441092492787,median,30.45,13.759212598425194,66.0159395973155
MPL-0148,S3:HE419_MarLitter_transect31,2014-04-11,54.41,7.798,3,2,S3_visual_GT2:2014-04-11,6.1,30.45,13.759212598425194,66.0159395973155,lightgbm|all,27.198172956631232,12.224860682375871,59.12441092492787,median,30.45,13.759212598425194,66.0159395973155
MPL-0158,S3:HE419_MarLitter_transect30,2014-04-11,54.554,8.014,3,2,S3_visual_GT2:2014-04-11,195.1,30.45,13.759212598425194,66.0159395973155,lightgbm|all,27.198172956631232,12.224860682375871,59.12441092492787,median,30.45,13.759212598425194,66.0159395973155
MPL-0166,S3:HE419_MarLitter_transect29,2014-04-11,54.785,8.136,3,2,S3_visual_GT2:2014-04-11,17.3,30.45,13.759212598425194,66.0159395973155,lightgbm|all,27.198172956631232,12.224860682375871,59.12441092492787,median,30.45,13.759212598425194,66.0159395973155
MPL-0171,S3:HE419_MarLitter_transect28,2014-04-11,54.955,8.14,3,2,S3_visual_GT2:2014-04-11,43.1,30.45,13.759212598425194,66.0159395973155,lightgbm|all,27.734479392158,12.476386832804534,60.267928576262506,median,30.45,13.759212598425194,66.0159395973155
MPL-0176,S3:HE419_MarLitter_transect38,2014-04-12,53.7,6.457,3,2,S3_visual_GT2:2014-04-12,32.1,30.45,13.759212598425194,66.0159395973155,lightgbm|all,24.74563645107474,11.07462823099295,53.8950894048686,median,30.45,13.759212598425194,66.0159395973155
MPL-0179,S3:HE419_MarLitter_transect37,2014-04-12,53.77,6.539,3,2,S3_visual_GT2:2014-04-12,9.1,30.45,13.759212598425194,66.0159395973155,lightgbm|all,24.74563645107474,11.07462823099295,53.8950894048686,median,30.45,13.759212598425194,66.0159395973155
MPL-0183,S3:HE419_MarLitter_transect34,2014-04-12,53.84,7.219,3,2,S3_visual_GT2:2014-04-12,6.4,30.45,13.759212598425194,66.0159395973155,lightgbm|all,23.13837460375914,10.320827123256704,50.46807050117624,median,30.45,13.759212598425194,66.0159395973155
MPL-0185,S3:HE419_MarLitter_transect35,2014-04-12,53.842,6.991,3,2,S3_visual_GT2:2014-04-12,16.2,30.45,13.759212598425194,66.0159395973155,lightgbm|all,30.73662489305999,13.884384296282523,66.66913159144605,median,30.45,13.759212598425194,66.0159395973155
MPL-0188,S3:HE419_MarLitter_transect36,2014-04-12,53.85,6.785,3,2,S3_visual_GT2:2014-04-12,9.9,30.45,13.759212598425194,66.0159395973155,lightgbm|all,32.93856860622382,14.917089460613992,71.36413679080556,median,30.45,13.759212598425194,66.0159395973155
MPL-0192,S3:HE419_MarLitter_transect33,2014-04-12,53.864,7.448,3,2,S3_visual_GT2:2014-04-12,17.9,30.45,13.759212598425194,66.0159395973155,lightgbm|all,22.729241567281417,10.128944925204474,49.59571317341663,median,30.45,13.759212598425194,66.0159395973155
MPL-0779,S3:HE460_MarLitter_transect01,2016-04-08,54.238,7.92,3,0,S3_visual_GT2:2016-04-08,19.9,30.5,9.473042362002566,93.74324324324326,median,30.5,9.473042362002566,93.74324324324326,median,30.5,9.473042362002566,93.74324324324326
MPL-0787,S3:HE460_MarLitter_transect02,2016-04-09,54.417,7.354,3,4,S3_visual_GT2:2016-04-09,32.3,30.35,8.865052950075636,98.62668269230774,extra_trees|all,21.61082632253675,9.163549341025437,49.302256606778954,median,30.35,8.865052950075636,98.62668269230774
MPL-0798,S3:HE460_MarLitter_transect03,2016-04-10,54.841,6.638,3,3,S3_visual_GT2:2016-04-10,52.3,27.6,9.059757942511345,80.3101075268817,catboost|spatial_weather,28.38409307573015,13.337473113369992,59.22155501571691,median,27.6,9.059757942511345,80.3101075268817
MPL-0001,S3:HE419_MarLitter_transect01,2014-04-03,54.084,7.659,4,0,S3_visual_GT2:2014-04-03,15.9,30.35,11.63658536585366,76.77595541401269,median,30.35,11.63658536585366,76.77595541401269,median,30.35,11.63658536585366,76.77595541401269
MPL-0008,S3:HE419_MarLitter_transect02,2014-04-05,54.897,6.887,4,1,S3_visual_GT2:2014-04-05,36.4,20.9,5.869254658385093,68.81980198019801,catboost|spatial_geography,44.29950934307242,15.771564634697778,121.35266007786414,median,20.9,5.869254658385093,68.81980198019801
MPL-0018,S3:HE419_MarLitter_transect03,2014-04-06,54.611,5.524,4,1,S3_visual_GT2:2014-04-06,27.6,20.9,5.869254658385093,68.81980198019801,catboost|spatial_geography,46.662458976869864,16.646416550016145,127.73491846250927,median,20.9,5.869254658385093,68.81980198019801
MPL-0020,S3:HE419_MarLitter_transect04,2014-04-06,54.621,5.481,4,1,S3_visual_GT2:2014-04-06,29.5,20.9,5.869254658385093,68.81980198019801,catboost|spatial_geography,46.85515208956817,16.71775871334523,128.25537696767242,median,20.9,5.869254658385093,68.81980198019801
MPL-0027,S3:HE419_MarLitter_transect05,2014-04-06,54.756,5.625,4,1,S3_visual_GT2:2014-04-06,52.2,20.9,5.869254658385093,68.81980198019801,catboost|spatial_geography,54.20190074821661,19.437798549764445,148.09873188132968,median,20.9,5.869254658385093,68.81980198019801
MPL-0035,S3:HE419_MarLitter_transect06,2014-04-06,54.913,5.829,4,1,S3_visual_GT2:2014-04-06,30.3,20.9,5.869254658385093,68.81980198019801,catboost|spatial_geography,56.44107485077439,20.266824155869212,154.14667614824273,median,20.9,5.869254658385093,68.81980198019801
MPL-0039,S3:HE419_MarLitter_transect08,2014-04-06,54.954,5.616,4,1,S3_visual_GT2:2014-04-06,26.2,20.9,5.869254658385093,68.81980198019801,catboost|spatial_geography,54.05118848567094,19.381999259900553,147.69166243408333,median,20.9,5.869254658385093,68.81980198019801
MPL-0043,S3:HE419_MarLitter_transect07,2014-04-06,54.993,5.823,4,1,S3_visual_GT2:2014-04-06,30.5,20.9,5.869254658385093,68.81980198019801,catboost|spatial_geography,61.44018001483365,22.11767897947655,167.6491141150499,median,20.9,5.869254658385093,68.81980198019801
MPL-0051,S3:HE419_MarLitter_transect13,2014-04-07,54.971,5.131,4,2,S3_visual_GT2:2014-04-07,76.9,26.2,9.634586466165409,68.5692307692308,gp_matern|spatial_geography,27.96983254788369,10.188943505472862,74.00718878792415,median,26.2,9.634586466165409,68.5692307692308
MPL-0056,S3:HE419_MarLitter_transect14,2014-04-07,55.005,5.002,4,2,S3_visual_GT2:2014-04-07,34.2,26.2,9.634586466165409,68.5692307692308,gp_matern|spatial_geography,28.401501135330303,10.35566574765511,75.12484271909236,median,26.2,9.634586466165409,68.5692307692308
MPL-0060,S3:HE419_MarLitter_transect09,2014-04-07,55.019,5.413,4,2,S3_visual_GT2:2014-04-07,46.0,26.2,9.634586466165409,68.5692307692308,gp_matern|spatial_geography,32.80837130911155,12.057719818174542,86.53488254387652,median,26.2,9.634586466165409,68.5692307692308
MPL-0067,S3:HE419_MarLitter_transect12,2014-04-07,55.053,5.283,4,2,S3_visual_GT2:2014-04-07,48.0,26.2,9.634586466165409,68.5692307692308,gp_matern|spatial_geography,33.04534281203215,12.149244708910555,87.14843687587152,median,26.2,9.634586466165409,68.5692307692308
MPL-0073,S3:HE419_MarLitter_transect10,2014-04-07,55.104,5.584,4,2,S3_visual_GT2:2014-04-07,33.4,26.2,9.634586466165409,68.5692307692308,gp_matern|spatial_geography,39.25581808793524,14.547900513681226,103.22827754158592,median,26.2,9.634586466165409,68.5692307692308
MPL-0076,S3:HE419_MarLitter_transect11,2014-04-07,55.111,5.545,4,2,S3_visual_GT2:2014-04-07,31.1,26.2,9.634586466165409,68.5692307692308,gp_matern|spatial_geography,37.67177834186702,13.936100939075963,99.12696393942655,median,26.2,9.634586466165409,68.5692307692308
MPL-0085,S3:HE419_MarLitter_transect18,2014-04-08,55.767,3.719,4,2,S3_visual_GT2:2014-04-08,30.4,26.2,9.634586466165409,68.5692307692308,gp_matern|spatial_geography,24.80610725596732,8.967026067752847,65.81583525311623,median,26.2,9.634586466165409,68.5692307692308
MPL-0087,S3:HE419_MarLitter_transect15,2014-04-08,55.772,3.431,4,2,S3_visual_GT2:2014-04-08,19.1,26.2,9.634586466165409,68.5692307692308,gp_matern|spatial_geography,24.784698171709678,8.958757292506503,65.7604039618916,median,26.2,9.634586466165409,68.5692307692308
MPL-0092,S3:HE419_MarLitter_transect16,2014-04-08,55.878,3.419,4,2,S3_visual_GT2:2014-04-08,16.8,26.2,9.634586466165409,68.5692307692308,gp_matern|spatial_geography,24.826000065859564,8.974709216272313,65.86734068534966,median,26.2,9.634586466165409,68.5692307692308
MPL-0094,S3:HE419_MarLitter_transect17,2014-04-08,55.878,3.541,4,2,S3_visual_GT2:2014-04-08,8.3,26.2,9.634586466165409,68.5692307692308,gp_matern|spatial_geography,24.82814564437952,8.97553789751535,65.872895906038,median,26.2,9.634586466165409,68.5692307692308
MPL-0096,S3:HE419_MarLitter_transect20,2014-04-09,55.232,5.467,4,3,S3_visual_GT2:2014-04-09,23.6,29.9,8.678448275862067,97.65321100917429,nearest_neighbour,31.1,13.05562130177515,72.30945945945948,median,29.9,8.678448275862067,97.65321100917429
MPL-0101,S3:HE419_MarLitter_transect19,2014-04-09,55.264,4.997,4,3,S3_visual_GT2:2014-04-09,8.1,29.9,8.678448275862067,97.65321100917429,nearest_neighbour,34.2,14.413017751479288,79.38918918918918,median,29.9,8.678448275862067,97.65321100917429
MPL-0107,S3:HE419_MarLitter_transect21,2014-04-09,55.328,5.636,4,3,S3_visual_GT2:2014-04-09,20.9,29.9,8.678448275862067,97.65321100917429,nearest_neighbour,31.1,13.05562130177515,72.30945945945948,median,29.9,8.678448275862067,97.65321100917429
MPL-0109,S3:HE419_MarLitter_transect22,2014-04-09,55.43,5.687,4,3,S3_visual_GT2:2014-04-09,12.7,29.9,8.678448275862067,97.65321100917429,nearest_neighbour,31.1,13.05562130177515,72.30945945945948,median,29.9,8.678448275862067,97.65321100917429
MPL-0114,S3:HE419_MarLitter_transect23,2014-04-10,55.11,6.403,4,3,S3_visual_GT2:2014-04-10,145.7,29.9,8.678448275862067,97.65321100917429,nearest_neighbour,52.3,22.338461538461537,120.72567567567567,median,29.9,8.678448275862067,97.65321100917429
MPL-0123,S3:HE419_MarLitter_transect24,2014-04-10,55.179,6.318,4,3,S3_visual_GT2:2014-04-10,31.2,29.9,8.678448275862067,97.65321100917429,nearest_neighbour,30.5,12.79289940828402,70.93918918918921,median,29.9,8.678448275862067,97.65321100917429
MPL-0132,S3:HE419_MarLitter_transect25,2014-04-10,55.263,6.331,4,3,S3_visual_GT2:2014-04-10,65.1,29.9,8.678448275862067,97.65321100917429,nearest_neighbour,30.5,12.79289940828402,70.93918918918921,median,29.9,8.678448275862067,97.65321100917429
MPL-0138,S3:HE419_MarLitter_transect26,2014-04-10,55.325,6.388,4,3,S3_visual_GT2:2014-04-10,31.4,29.9,8.678448275862067,97.65321100917429,nearest_neighbour,30.5,12.79289940828402,70.93918918918921,median,29.9,8.678448275862067,97.65321100917429
MPL-0141,S3:HE419_MarLitter_transect27,2014-04-10,55.349,6.483,4,3,S3_visual_GT2:2014-04-10,13.9,29.9,8.678448275862067,97.65321100917429,nearest_neighbour,36.4,15.376331360946747,84.41351351351348,median,29.9,8.678448275862067,97.65321100917429
MPL-0146,S3:HE419_MarLitter_transect32,2014-04-11,54.409,7.945,4,0,S3_visual_GT2:2014-04-11,19.7,30.35,11.63658536585366,76.77595541401269,median,30.35,11.63658536585366,76.77595541401269,median,30.35,11.63658536585366,76.77595541401269
MPL-0148,S3:HE419_MarLitter_transect31,2014-04-11,54.41,7.798,4,0,S3_visual_GT2:2014-04-11,6.1,30.35,11.63658536585366,76.77595541401269,median,30.35,11.63658536585366,76.77595541401269,median,30.35,11.63658536585366,76.77595541401269
MPL-0158,S3:HE419_MarLitter_transect30,2014-04-11,54.554,8.014,4,0,S3_visual_GT2:2014-04-11,195.1,30.35,11.63658536585366,76.77595541401269,median,30.35,11.63658536585366,76.77595541401269,median,30.35,11.63658536585366,76.77595541401269
MPL-0166,S3:HE419_MarLitter_transect29,2014-04-11,54.785,8.136,4,0,S3_visual_GT2:2014-04-11,17.3,30.35,11.63658536585366,76.77595541401269,median,30.35,11.63658536585366,76.77595541401269,median,30.35,11.63658536585366,76.77595541401269
MPL-0171,S3:HE419_MarLitter_transect28,2014-04-11,54.955,8.14,4,0,S3_visual_GT2:2014-04-11,43.1,30.35,11.63658536585366,76.77595541401269,median,30.35,11.63658536585366,76.77595541401269,median,30.35,11.63658536585366,76.77595541401269
MPL-0176,S3:HE419_MarLitter_transect38,2014-04-12,53.7,6.457,4,4,S3_visual_GT2:2014-04-12,32.1,30.35,11.283888048411493,79.00907335907343,lightgbm|all,21.22763400814602,10.104653769245688,43.49195120053259,median,30.35,11.283888048411493,79.00907335907343
MPL-0179,S3:HE419_MarLitter_transect37,2014-04-12,53.77,6.539,4,4,S3_visual_GT2:2014-04-12,9.1,30.35,11.283888048411493,79.00907335907343,lightgbm|all,21.22763400814602,10.104653769245688,43.49195120053259,median,30.35,11.283888048411493,79.00907335907343
MPL-0183,S3:HE419_MarLitter_transect34,2014-04-12,53.84,7.219,4,4,S3_visual_GT2:2014-04-12,6.4,30.35,11.283888048411493,79.00907335907343,lightgbm|all,17.337242436724658,8.16106177868145,35.70474758348511,median,30.35,11.283888048411493,79.00907335907343
MPL-0185,S3:HE419_MarLitter_transect35,2014-04-12,53.842,6.991,4,4,S3_visual_GT2:2014-04-12,16.2,30.35,11.283888048411493,79.00907335907343,lightgbm|all,18.876603146516572,8.930107539555273,38.78600947375102,median,30.35,11.283888048411493,79.00907335907343
MPL-0188,S3:HE419_MarLitter_transect36,2014-04-12,53.85,6.785,4,4,S3_visual_GT2:2014-04-12,9.9,30.35,11.283888048411493,79.00907335907343,lightgbm|all,18.876603146516572,8.930107539555273,38.78600947375102,median,30.35,11.283888048411493,79.00907335907343
MPL-0192,S3:HE419_MarLitter_transect33,2014-04-12,53.864,7.448,4,4,S3_visual_GT2:2014-04-12,17.9,30.35,11.283888048411493,79.00907335907343,lightgbm|all,17.223224826283175,8.104099976670252,35.476524194621284,median,30.35,11.283888048411493,79.00907335907343
MPL-0779,S3:HE460_MarLitter_transect01,2016-04-08,54.238,7.92,4,0,S3_visual_GT2:2016-04-08,19.9,30.35,11.63658536585366,76.77595541401269,median,30.35,11.63658536585366,76.77595541401269,median,30.35,11.63658536585366,76.77595541401269
MPL-0787,S3:HE460_MarLitter_transect02,2016-04-09,54.417,7.354,4,4,S3_visual_GT2:2016-04-09,32.3,30.35,11.283888048411493,79.00907335907343,lightgbm|all,18.333935738713386,8.658997547673096,37.69977907166457,median,30.35,11.283888048411493,79.00907335907343
MPL-0798,S3:HE460_MarLitter_transect03,2016-04-10,54.841,6.638,4,1,S3_visual_GT2:2016-04-10,52.3,20.9,5.869254658385093,68.81980198019801,catboost|spatial_geography,45.337357251208644,16.15581456421615,124.15585715788141,median,20.9,5.869254658385093,68.81980198019801
MPL-0001,S3:HE419_MarLitter_transect01,2014-04-03,54.084,7.659,5,0,S3_visual_GT2:2014-04-03,15.9,30.4,10.245956354300388,86.67240143369173,catboost|all,29.570221251272077,12.351789432698943,68.9934965318591,median,30.4,10.245956354300388,86.67240143369173
MPL-0008,S3:HE419_MarLitter_transect02,2014-04-05,54.897,6.887,5,0,S3_visual_GT2:2014-04-05,36.4,30.4,10.245956354300388,86.67240143369173,catboost|all,48.39587333672876,20.574044041595766,112.0966590220086,median,30.4,10.245956354300388,86.67240143369173
MPL-0018,S3:HE419_MarLitter_transect03,2014-04-06,54.611,5.524,5,2,S3_visual_GT2:2014-04-06,27.6,19.7,6.573170731707315,55.580000000000005,catboost|weather_only,24.968338776758998,9.174261891517888,65.28044628836645,median,19.7,6.573170731707315,55.580000000000005
MPL-0020,S3:HE419_MarLitter_transect04,2014-04-06,54.621,5.481,5,2,S3_visual_GT2:2014-04-06,29.5,19.7,6.573170731707315,55.580000000000005,catboost|weather_only,24.59281222829515,9.027132516622778,64.3219688347532,median,19.7,6.573170731707315,55.580000000000005
MPL-0027,S3:HE419_MarLitter_transect05,2014-04-06,54.756,5.625,5,2,S3_visual_GT2:2014-04-06,52.2,19.7,6.573170731707315,55.580000000000005,catboost|weather_only,24.575588391873065,9.020384305886566,64.27800747185402,median,19.7,6.573170731707315,55.580000000000005
MPL-0035,S3:HE419_MarLitter_transect06,2014-04-06,54.913,5.829,5,2,S3_visual_GT2:2014-04-06,30.3,19.7,6.573170731707315,55.580000000000005,catboost|weather_only,23.312803456845813,8.525631647579088,61.054930717528116,median,19.7,6.573170731707315,55.580000000000005
MPL-0039,S3:HE419_MarLitter_transect08,2014-04-06,54.954,5.616,5,2,S3_visual_GT2:2014-04-06,26.2,19.7,6.573170731707315,55.580000000000005,catboost|weather_only,19.978520752256202,7.219276791826271,52.54465412218549,median,19.7,6.573170731707315,55.580000000000005
MPL-0043,S3:HE419_MarLitter_transect07,2014-04-06,54.993,5.823,5,2,S3_visual_GT2:2014-04-06,30.5,19.7,6.573170731707315,55.580000000000005,catboost|weather_only,23.312803456845813,8.525631647579088,61.054930717528116,median,19.7,6.573170731707315,55.580000000000005
MPL-0051,S3:HE419_MarLitter_transect13,2014-04-07,54.971,5.131,5,2,S3_visual_GT2:2014-04-07,76.9,19.7,6.573170731707315,55.580000000000005,catboost|weather_only,28.125466722186562,10.41120842159619,73.33856086440129,median,19.7,6.573170731707315,55.580000000000005
MPL-0056,S3:HE419_MarLitter_transect14,2014-04-07,55.005,5.002,5,2,S3_visual_GT2:2014-04-07,34.2,19.7,6.573170731707315,55.580000000000005,catboost|weather_only,25.795757611947934,9.49844034573311,67.39231374878351,median,19.7,6.573170731707315,55.580000000000005
MPL-0060,S3:HE419_MarLitter_transect09,2014-04-07,55.019,5.413,5,2,S3_visual_GT2:2014-04-07,46.0,19.7,6.573170731707315,55.580000000000005,catboost|weather_only,30.36793663352172,11.28979662694539,79.06214248389824,median,19.7,6.573170731707315,55.580000000000005
MPL-0067,S3:HE419_MarLitter_transect12,2014-04-07,55.053,5.283,5,2,S3_visual_GT2:2014-04-07,48.0,19.7,6.573170731707315,55.580000000000005,catboost|weather_only,30.110404986303553,11.188897048937088,78.40483002899929,median,19.7,6.573170731707315,55.580000000000005
MPL-0073,S3:HE419_MarLitter_transect10,2014-04-07,55.104,5.584,5,2,S3_visual_GT2:2014-04-07,33.4,19.7,6.573170731707315,55.580000000000005,catboost|weather_only,30.545263985111447,11.359272573447516,79.51474502053105,median,19.7,6.573170731707315,55.580000000000005
MPL-0076,S3:HE419_MarLitter_transect11,2014-04-07,55.111,5.545,5,2,S3_visual_GT2:2014-04-07,31.1,19.7,6.573170731707315,55.580000000000005,catboost|weather_only,30.599404157234204,11.380484415096847,79.65293001577756,median,19.7,6.573170731707315,55.580000000000005
MPL-0085,S3:HE419_MarLitter_transect18,2014-04-08,55.767,3.719,5,1,S3_visual_GT2:2014-04-08,30.4,30.3,9.214670658682637,94.9100917431192,ensemble|spatial,24.26742436328378,7.736695953257391,72.07599318667253,median,30.3,9.214670658682637,94.9100917431192
MPL-0087,S3:HE419_MarLitter_transect15,2014-04-08,55.772,3.431,5,1,S3_visual_GT2:2014-04-08,19.1,30.3,9.214670658682637,94.9100917431192,ensemble|spatial,24.487990144826572,7.812960797007439,72.7138921397869,median,30.3,9.214670658682637,94.9100917431192
MPL-0092,S3:HE419_MarLitter_transect16,2014-04-08,55.878,3.419,5,1,S3_visual_GT2:2014-04-08,16.8,30.3,9.214670658682637,94.9100917431192,ensemble|spatial,24.94327761464399,7.97038516040645,74.0306303859969,median,30.3,9.214670658682637,94.9100917431192
MPL-0094,S3:HE419_MarLitter_transect17,2014-04-08,55.878,3.541,5,1,S3_visual_GT2:2014-04-08,8.3,30.3,9.214670658682637,94.9100917431192,ensemble|spatial,24.879922113645204,7.948478782406284,73.84739975303798,median,30.3,9.214670658682637,94.9100917431192
MPL-0096,S3:HE419_MarLitter_transect20,2014-04-09,55.232,5.467,5,3,S3_visual_GT2:2014-04-09,23.6,29.9,8.539730423620027,99.08773388773383,lightgbm|all,23.060377586589517,8.774517723950432,58.22560948360452,median,29.9,8.539730423620027,99.08773388773383
MPL-0101,S3:HE419_MarLitter_transect19,2014-04-09,55.264,4.997,5,3,S3_visual_GT2:2014-04-09,8.1,29.9,8.539730423620027,99.08773388773383,lightgbm|all,22.476630552932434,8.537370750414784,56.78869213980285,median,29.9,8.539730423620027,99.08773388773383
MPL-0107,S3:HE419_MarLitter_transect21,2014-04-09,55.328,5.636,5,3,S3_visual_GT2:2014-04-09,20.9,29.9,8.539730423620027,99.08773388773383,lightgbm|all,22.85038988786751,8.689210314472625,57.708716122471145,median,29.9,8.539730423620027,99.08773388773383
MPL-0109,S3:HE419_MarLitter_transect22,2014-04-09,55.43,5.687,5,3,S3_visual_GT2:2014-04-09,12.7,29.9,8.539730423620027,99.08773388773383,lightgbm|all,24.192395071443887,9.23439932513104,61.01211710366635,median,29.9,8.539730423620027,99.08773388773383
MPL-0114,S3:HE419_MarLitter_transect23,2014-04-10,55.11,6.403,5,3,S3_visual_GT2:2014-04-10,145.7,29.9,8.539730423620027,99.08773388773383,lightgbm|all,36.73675246061491,14.330538951150977,91.89056900160779,median,29.9,8.539730423620027,99.08773388773383
MPL-0123,S3:HE419_MarLitter_transect24,2014-04-10,55.179,6.318,5,3,S3_visual_GT2:2014-04-10,31.2,29.9,8.539730423620027,99.08773388773383,lightgbm|all,36.96319110277241,14.42252954910358,92.44795703694317,median,29.9,8.539730423620027,99.08773388773383
MPL-0132,S3:HE419_MarLitter_transect25,2014-04-10,55.263,6.331,5,3,S3_visual_GT2:2014-04-10,65.1,29.9,8.539730423620027,99.08773388773383,lightgbm|all,34.42506304731727,13.391416152216166,86.20025038766971,median,29.9,8.539730423620027,99.08773388773383
MPL-0138,S3:HE419_MarLitter_transect26,2014-04-10,55.325,6.388,5,3,S3_visual_GT2:2014-04-10,31.4,29.9,8.539730423620027,99.08773388773383,lightgbm|all,35.6128724444886,13.873963193032235,89.12409209566664,median,29.9,8.539730423620027,99.08773388773383
MPL-0141,S3:HE419_MarLitter_transect27,2014-04-10,55.349,6.483,5,3,S3_visual_GT2:2014-04-10,13.9,29.9,8.539730423620027,99.08773388773383,lightgbm|all,35.6128724444886,13.873963193032235,89.12409209566664,median,29.9,8.539730423620027,99.08773388773383
MPL-0146,S3:HE419_MarLitter_transect32,2014-04-11,54.409,7.945,5,1,S3_visual_GT2:2014-04-11,19.7,30.3,9.214670658682637,94.9100917431192,ensemble|spatial,21.856558018404876,6.903092736074926,65.10351945688662,median,30.3,9.214670658682637,94.9100917431192
MPL-0148,S3:HE419_MarLitter_transect31,2014-04-11,54.41,7.798,5,1,S3_visual_GT2:2014-04-11,6.1,30.3,9.214670658682637,94.9100917431192,ensemble|spatial,21.806355215583803,6.885734155400342,64.95832778146456,median,30.3,9.214670658682637,94.9100917431192
MPL-0158,S3:HE419_MarLitter_transect30,2014-04-11,54.554,8.014,5,1,S3_visual_GT2:2014-04-11,195.1,30.3,9.214670658682637,94.9100917431192,ensemble|spatial,25.30094312418448,8.094054861160075,75.0650358704066,median,30.3,9.214670658682637,94.9100917431192
MPL-0166,S3:HE419_MarLitter_transect29,2014-04-11,54.785,8.136,5,1,S3_visual_GT2:2014-04-11,17.3,30.3,9.214670658682637,94.9100917431192,ensemble|spatial,30.566052737333912,9.914567359359202,90.2922750494295,median,30.3,9.214670658682637,94.9100917431192
MPL-0171,S3:HE419_MarLitter_transect28,2014-04-11,54.955,8.14,5,1,S3_visual_GT2:2014-04-11,43.1,30.3,9.214670658682637,94.9100917431192,ensemble|spatial,34.536819765580894,11.287536116611069,101.77614218721683,median,30.3,9.214670658682637,94.9100917431192
MPL-0176,S3:HE419_MarLitter_transect38,2014-04-12,53.7,6.457,5,0,S3_visual_GT2:2014-04-12,32.1,30.4,10.245956354300388,86.67240143369173,catboost|all,29.765220072751745,12.436956732687415,69.43996531017672,median,30.4,10.245956354300388,86.67240143369173
MPL-0179,S3:HE419_MarLitter_transect37,2014-04-12,53.77,6.539,5,0,S3_visual_GT2:2014-04-12,9.1,30.4,10.245956354300388,86.67240143369173,catboost|all,28.332065124605457,11.81101480917963,66.15861758723472,median,30.4,10.245956354300388,86.67240143369173
MPL-0183,S3:HE419_MarLitter_transect34,2014-04-12,53.84,7.219,5,0,S3_visual_GT2:2014-04-12,6.4,30.4,10.245956354300388,86.67240143369173,catboost|all,17.477218830972276,7.070073589106779,41.30539064581498,median,30.4,10.245956354300388,86.67240143369173
MPL-0185,S3:HE419_MarLitter_transect35,2014-04-12,53.842,6.991,5,0,S3_visual_GT2:2014-04-12,16.2,30.4,10.245956354300388,86.67240143369173,catboost|all,19.294144423587298,7.8636304210341255,45.46541860636021,median,30.4,10.245956354300388,86.67240143369173
MPL-0188,S3:HE419_MarLitter_transect36,2014-04-12,53.85,6.785,5,0,S3_visual_GT2:2014-04-12,9.9,30.4,10.245956354300388,86.67240143369173,catboost|all,19.466577356637135,7.938941888177933,45.860220587091696,median,30.4,10.245956354300388,86.67240143369173
MPL-0192,S3:HE419_MarLitter_transect33,2014-04-12,53.864,7.448,5,0,S3_visual_GT2:2014-04-12,17.9,30.4,10.245956354300388,86.67240143369173,catboost|all,14.220561099617354,5.647702192903274,33.84895584439667,median,30.4,10.245956354300388,86.67240143369173
MPL-0779,S3:HE460_MarLitter_transect01,2016-04-08,54.238,7.92,5,4,S3_visual_GT2:2016-04-08,19.9,29.5,7.8391719745222925,104.24175824175825,catboost|spatial_season,21.35267658115679,8.69958392365575,50.511709602640494,median,29.5,7.8391719745222925,104.24175824175825
MPL-0787,S3:HE460_MarLitter_transect02,2016-04-09,54.417,7.354,5,1,S3_visual_GT2:2016-04-09,32.3,30.3,9.214670658682637,94.9100917431192,ensemble|spatial,21.63067721978585,6.824990123365377,64.45024892707075,median,30.3,9.214670658682637,94.9100917431192
MPL-0798,S3:HE460_MarLitter_transect03,2016-04-10,54.841,6.638,5,4,S3_visual_GT2:2016-04-10,52.3,29.5,7.8391719745222925,104.24175824175825,catboost|spatial_season,36.66242222134926,15.343001419887626,85.7929954318596,median,29.5,7.8391719745222925,104.24175824175825
MPL-0001,S3:HE419_MarLitter_transect01,2014-04-03,54.084,7.659,6,3,S3_visual_GT2:2014-04-03,15.9,27.6,8.199363057324842,87.9148514851485,lightgbm|spatial,15.230418965627052,7.0525500462554,31.71342596899289,median,27.6,8.199363057324842,87.9148514851485
MPL-0008,S3:HE419_MarLitter_transect02,2014-04-05,54.897,6.887,6,0,S3_visual_GT2:2014-04-05,36.4,30.3,10.210141206675226,86.39318996415768,lightgbm|weather_only,61.557933247601916,19.730382103035154,187.78065019546548,median,30.3,10.210141206675226,86.39318996415768
MPL-0018,S3:HE419_MarLitter_transect03,2014-04-06,54.611,5.524,6,4,S3_visual_GT2:2014-04-06,27.6,27.0,8.493001555209954,81.58715596330276,catboost|spatial_weather,44.31895490203951,15.983161845558362,119.93199676774123,median,27.0,8.493001555209954,81.58715596330276
MPL-0020,S3:HE419_MarLitter_transect04,2014-04-06,54.621,5.481,6,4,S3_visual_GT2:2014-04-06,29.5,27.0,8.493001555209954,81.58715596330276,catboost|spatial_weather,43.853231595462354,15.808633233679616,118.68923092004268,median,27.0,8.493001555209954,81.58715596330276
MPL-0027,S3:HE419_MarLitter_transect05,2014-04-06,54.756,5.625,6,4,S3_visual_GT2:2014-04-06,52.2,27.0,8.493001555209954,81.58715596330276,catboost|spatial_weather,41.28635494415062,14.84670280741442,111.83961314817182,median,27.0,8.493001555209954,81.58715596330276
MPL-0035,S3:HE419_MarLitter_transect06,2014-04-06,54.913,5.829,6,4,S3_visual_GT2:2014-04-06,30.3,27.0,8.493001555209954,81.58715596330276,catboost|spatial_weather,51.10565842156409,18.52646154254055,138.04207035308397,median,27.0,8.493001555209954,81.58715596330276
MPL-0039,S3:HE419_MarLitter_transect08,2014-04-06,54.954,5.616,6,4,S3_visual_GT2:2014-04-06,26.2,27.0,8.493001555209954,81.58715596330276,catboost|spatial_weather,41.047711021732994,14.757271610983741,111.2028004476841,median,27.0,8.493001555209954,81.58715596330276
MPL-0043,S3:HE419_MarLitter_transect07,2014-04-06,54.993,5.823,6,4,S3_visual_GT2:2014-04-06,30.5,27.0,8.493001555209954,81.58715596330276,catboost|spatial_weather,47.07540789239117,17.016135517524233,127.28749216343576,median,27.0,8.493001555209954,81.58715596330276
MPL-0051,S3:HE419_MarLitter_transect13,2014-04-07,54.971,5.131,6,2,S3_visual_GT2:2014-04-07,76.9,26.2,8.405607476635515,77.65945945945941,catboost|spatial_season,18.474136224329296,6.714950789541334,48.15675965138347,median,26.2,8.405607476635515,77.65945945945941
MPL-0056,S3:HE419_MarLitter_transect14,2014-04-07,55.005,5.002,6,2,S3_visual_GT2:2014-04-07,34.2,26.2,8.405607476635515,77.65945945945941,catboost|spatial_season,18.171914897988266,6.595221594191552,47.39389032925619,median,26.2,8.405607476635515,77.65945945945941
MPL-0060,S3:HE419_MarLitter_transect09,2014-04-07,55.019,5.413,6,2,S3_visual_GT2:2014-04-07,46.0,26.2,8.405607476635515,77.65945945945941,catboost|spatial_season,25.726441655338597,9.588052778068022,66.46308301709797,median,26.2,8.405607476635515,77.65945945945941
MPL-0067,S3:HE419_MarLitter_transect12,2014-04-07,55.053,5.283,6,2,S3_visual_GT2:2014-04-07,48.0,26.2,8.405607476635515,77.65945945945941,catboost|spatial_season,25.795423784850605,9.615381011187702,66.637208222016,median,26.2,8.405607476635515,77.65945945945941
MPL-0073,S3:HE419_MarLitter_transect10,2014-04-07,55.104,5.584,6,2,S3_visual_GT2:2014-04-07,33.4,26.2,8.405607476635515,77.65945945945941,catboost|spatial_season,29.21696912579276,10.970873939114076,75.2738984466063,median,26.2,8.405607476635515,77.65945945945941
MPL-0076,S3:HE419_MarLitter_transect11,2014-04-07,55.111,5.545,6,2,S3_visual_GT2:2014-04-07,31.1,26.2,8.405607476635515,77.65945945945941,catboost|spatial_season,28.465328767642752,10.673101123531328,73.37660225825469,median,26.2,8.405607476635515,77.65945945945941
MPL-0085,S3:HE419_MarLitter_transect18,2014-04-08,55.767,3.719,6,2,S3_visual_GT2:2014-04-08,30.4,26.2,8.405607476635515,77.65945945945941,catboost|spatial_season,9.573000920703619,3.1886418407147077,25.688447644911346,median,26.2,8.405607476635515,77.65945945945941
MPL-0087,S3:HE419_MarLitter_transect15,2014-04-08,55.772,3.431,6,2,S3_visual_GT2:2014-04-08,19.1,26.2,8.405607476635515,77.65945945945941,catboost|spatial_season,9.573000920703619,3.1886418407147077,25.688447644911346,median,26.2,8.405607476635515,77.65945945945941
MPL-0092,S3:HE419_MarLitter_transect16,2014-04-08,55.878,3.419,6,2,S3_visual_GT2:2014-04-08,16.8,26.2,8.405607476635515,77.65945945945941,catboost|spatial_season,9.573000920703619,3.1886418407147077,25.688447644911346,median,26.2,8.405607476635515,77.65945945945941
MPL-0094,S3:HE419_MarLitter_transect17,2014-04-08,55.878,3.541,6,2,S3_visual_GT2:2014-04-08,8.3,26.2,8.405607476635515,77.65945945945941,catboost|spatial_season,9.573000920703619,3.1886418407147077,25.688447644911346,median,26.2,8.405607476635515,77.65945945945941
MPL-0096,S3:HE419_MarLitter_transect20,2014-04-09,55.232,5.467,6,1,S3_visual_GT2:2014-04-09,23.6,30.4,10.245956354300388,86.67240143369173,spline_glm|all,46.571437477569106,20.22736691320463,105.60962675849008,median,30.4,10.245956354300388,86.67240143369173
MPL-0101,S3:HE419_MarLitter_transect19,2014-04-09,55.264,4.997,6,1,S3_visual_GT2:2014-04-09,8.1,30.4,10.245956354300388,86.67240143369173,spline_glm|all,44.08638884105929,19.11848641680958,100.04052643983927,median,30.4,10.245956354300388,86.67240143369173
MPL-0107,S3:HE419_MarLitter_transect21,2014-04-09,55.328,5.636,6,1,S3_visual_GT2:2014-04-09,20.9,30.4,10.245956354300388,86.67240143369173,spline_glm|all,45.39822579678795,19.703855408500946,102.9804091853243,median,30.4,10.245956354300388,86.67240143369173
MPL-0109,S3:HE419_MarLitter_transect22,2014-04-09,55.43,5.687,6,1,S3_visual_GT2:2014-04-09,12.7,30.4,10.245956354300388,86.67240143369173,spline_glm|all,43.523074349652894,18.86712374982591,98.77811456286375,median,30.4,10.245956354300388,86.67240143369173
MPL-0114,S3:HE419_MarLitter_transect23,2014-04-10,55.11,6.403,6,3,S3_visual_GT2:2014-04-10,145.7,27.6,8.199363057324842,87.9148514851485,lightgbm|spatial,44.038429330385874,21.34533852488617,89.77777516277278,median,27.6,8.199363057324842,87.9148514851485
MPL-0123,S3:HE419_MarLitter_transect24,2014-04-10,55.179,6.318,6,3,S3_visual_GT2:2014-04-10,31.2,27.6,8.199363057324842,87.9148514851485,lightgbm|spatial,19.49545465063814,9.168602218127976,40.30987251989267,median,27.6,8.199363057324842,87.9148514851485
MPL-0132,S3:HE419_MarLitter_transect25,2014-04-10,55.263,6.331,6,3,S3_visual_GT2:2014-04-10,65.1,27.6,8.199363057324842,87.9148514851485,lightgbm|spatial,19.49545465063814,9.168602218127976,40.30987251989267,median,27.6,8.199363057324842,87.9148514851485
MPL-0138,S3:HE419_MarLitter_transect26,2014-04-10,55.325,6.388,6,3,S3_visual_GT2:2014-04-10,31.4,27.6,8.199363057324842,87.9148514851485,lightgbm|spatial,19.49545465063814,9.168602218127976,40.30987251989267,median,27.6,8.199363057324842,87.9148514851485
MPL-0141,S3:HE419_MarLitter_transect27,2014-04-10,55.349,6.483,6,3,S3_visual_GT2:2014-04-10,13.9,27.6,8.199363057324842,87.9148514851485,lightgbm|spatial,19.49545465063814,9.168602218127976,40.30987251989267,median,27.6,8.199363057324842,87.9148514851485
MPL-0146,S3:HE419_MarLitter_transect32,2014-04-11,54.409,7.945,6,1,S3_visual_GT2:2014-04-11,19.7,30.4,10.245956354300388,86.67240143369173,spline_glm|all,25.721791525889167,10.923820329492324,58.88467811670593,median,30.4,10.245956354300388,86.67240143369173
MPL-0148,S3:HE419_MarLitter_transect31,2014-04-11,54.41,7.798,6,1,S3_visual_GT2:2014-04-11,6.1,30.4,10.245956354300388,86.67240143369173,spline_glm|all,26.14492514808364,11.11263137090495,59.832938668058645,median,30.4,10.245956354300388,86.67240143369173
MPL-0158,S3:HE419_MarLitter_transect30,2014-04-11,54.554,8.014,6,1,S3_visual_GT2:2014-04-11,195.1,30.4,10.245956354300388,86.67240143369173,spline_glm|all,27.468027591502477,11.703027258005315,62.79806785345771,median,30.4,10.245956354300388,86.67240143369173
MPL-0166,S3:HE419_MarLitter_transect29,2014-04-11,54.785,8.136,6,1,S3_visual_GT2:2014-04-11,17.3,30.4,10.245956354300388,86.67240143369173,spline_glm|all,29.030526801827282,12.400246972141483,66.29969543622121,median,30.4,10.245956354300388,86.67240143369173
MPL-0171,S3:HE419_MarLitter_transect28,2014-04-11,54.955,8.14,6,1,S3_visual_GT2:2014-04-11,43.1,30.4,10.245956354300388,86.67240143369173,spline_glm|all,29.887010137350075,12.782427687760181,68.21911123625887,median,30.4,10.245956354300388,86.67240143369173
MPL-0176,S3:HE419_MarLitter_transect38,2014-04-12,53.7,6.457,6,0,S3_visual_GT2:2014-04-12,32.1,30.3,10.210141206675226,86.39318996415768,lightgbm|weather_only,14.943903145151507,4.283473849824553,47.113808211696465,median,30.3,10.210141206675226,86.39318996415768
MPL-0179,S3:HE419_MarLitter_transect37,2014-04-12,53.77,6.539,6,0,S3_visual_GT2:2014-04-12,9.1,30.3,10.210141206675226,86.39318996415768,lightgbm|weather_only,14.943903145151507,4.283473849824553,47.113808211696465,median,30.3,10.210141206675226,86.39318996415768
MPL-0183,S3:HE419_MarLitter_transect34,2014-04-12,53.84,7.219,6,0,S3_visual_GT2:2014-04-12,6.4,30.3,10.210141206675226,86.39318996415768,lightgbm|weather_only,14.460376365814708,4.123243254401453,45.65467273436483,median,30.3,10.210141206675226,86.39318996415768
MPL-0185,S3:HE419_MarLitter_transect35,2014-04-12,53.842,6.991,6,0,S3_visual_GT2:2014-04-12,16.2,30.3,10.210141206675226,86.39318996415768,lightgbm|weather_only,14.460376365814708,4.123243254401453,45.65467273436483,median,30.3,10.210141206675226,86.39318996415768
MPL-0188,S3:HE419_MarLitter_transect36,2014-04-12,53.85,6.785,6,0,S3_visual_GT2:2014-04-12,9.9,30.3,10.210141206675226,86.39318996415768,lightgbm|weather_only,14.80486644386513,4.2374000140313495,46.694238102722615,median,30.3,10.210141206675226,86.39318996415768
MPL-0192,S3:HE419_MarLitter_transect33,2014-04-12,53.864,7.448,6,0,S3_visual_GT2:2014-04-12,17.9,30.3,10.210141206675226,86.39318996415768,lightgbm|weather_only,12.201210028699885,3.3746030904539026,38.837201825723625,median,30.3,10.210141206675226,86.39318996415768
MPL-0779,S3:HE460_MarLitter_transect01,2016-04-08,54.238,7.92,6,4,S3_visual_GT2:2016-04-08,19.9,27.0,8.493001555209954,81.58715596330276,catboost|spatial_weather,33.52779061885819,11.939200771887851,91.13616405194493,median,27.0,8.493001555209954,81.58715596330276
MPL-0787,S3:HE460_MarLitter_transect02,2016-04-09,54.417,7.354,6,1,S3_visual_GT2:2016-04-09,32.3,30.4,10.245956354300388,86.67240143369173,spline_glm|all,26.439673178746474,11.24415408549129,60.49348161573771,median,30.4,10.245956354300388,86.67240143369173
MPL-0798,S3:HE460_MarLitter_transect03,2016-04-10,54.841,6.638,6,0,S3_visual_GT2:2016-04-10,52.3,30.3,10.210141206675226,86.39318996415768,lightgbm|weather_only,24.419050447133976,7.423338194050932,75.7068958587317,median,30.3,10.210141206675226,86.39318996415768
MPL-0001,S3:HE419_MarLitter_transect01,2014-04-03,54.084,7.659,7,0,S3_visual_GT2:2014-04-03,15.9,31.15,9.523573573573573,97.21972477064217,ridge_log|spatial,18.741231630762478,5.824910656241424,56.10202608191197,median,31.15,9.523573573573573,97.21972477064217
MPL-0008,S3:HE419_MarLitter_transect02,2014-04-05,54.897,6.887,7,4,S3_visual_GT2:2014-04-05,36.4,29.5,8.810509554140127,93.82178217821777,catboost|spatial_season,31.67151862479023,13.936079867145285,70.46641814617129,median,29.5,8.810509554140127,93.82178217821777
MPL-0018,S3:HE419_MarLitter_transect03,2014-04-06,54.611,5.524,7,3,S3_visual_GT2:2014-04-06,27.6,31.1,11.938896020539158,78.63662420382165,catboost|spatial_weather,38.64539393002607,16.27802280179276,89.96858349462661,median,31.1,11.938896020539158,78.63662420382165
MPL-0020,S3:HE419_MarLitter_transect04,2014-04-06,54.621,5.481,7,3,S3_visual_GT2:2014-04-06,29.5,31.1,11.938896020539158,78.63662420382165,catboost|spatial_weather,38.64539393002607,16.27802280179276,89.96858349462661,median,31.1,11.938896020539158,78.63662420382165
MPL-0027,S3:HE419_MarLitter_transect05,2014-04-06,54.756,5.625,7,3,S3_visual_GT2:2014-04-06,52.2,31.1,11.938896020539158,78.63662420382165,catboost|spatial_weather,37.124540211211055,15.61521326386115,86.47889920122999,median,31.1,11.938896020539158,78.63662420382165
MPL-0035,S3:HE419_MarLitter_transect06,2014-04-06,54.913,5.829,7,3,S3_visual_GT2:2014-04-06,30.3,31.1,11.938896020539158,78.63662420382165,catboost|spatial_weather,38.061556429505536,16.02357817035991,88.62893555198961,median,31.1,11.938896020539158,78.63662420382165
MPL-0039,S3:HE419_MarLitter_transect08,2014-04-06,54.954,5.616,7,3,S3_visual_GT2:2014-04-06,26.2,31.1,11.938896020539158,78.63662420382165,catboost|spatial_weather,38.548613477653156,16.235844513293003,89.7465153099121,median,31.1,11.938896020539158,78.63662420382165
MPL-0043,S3:HE419_MarLitter_transect07,2014-04-06,54.993,5.823,7,3,S3_visual_GT2:2014-04-06,30.5,31.1,11.938896020539158,78.63662420382165,catboost|spatial_weather,37.77251754729856,15.897610941829123,87.96571959969901,median,31.1,11.938896020539158,78.63662420382165
MPL-0051,S3:HE419_MarLitter_transect13,2014-04-07,54.971,5.131,7,1,S3_visual_GT2:2014-04-07,76.9,23.6,8.01691729323308,66.11384615384613,nearest_neighbour,26.2,10.91005917159763,61.11891891891891,median,23.6,8.01691729323308,66.11384615384613
MPL-0056,S3:HE419_MarLitter_transect14,2014-04-07,55.005,5.002,7,1,S3_visual_GT2:2014-04-07,34.2,23.6,8.01691729323308,66.11384615384613,nearest_neighbour,8.1,2.9846153846153842,19.782432432432433,median,23.6,8.01691729323308,66.11384615384613
MPL-0060,S3:HE419_MarLitter_transect09,2014-04-07,55.019,5.413,7,1,S3_visual_GT2:2014-04-07,46.0,23.6,8.01691729323308,66.11384615384613,nearest_neighbour,26.2,10.91005917159763,61.11891891891891,median,23.6,8.01691729323308,66.11384615384613
MPL-0067,S3:HE419_MarLitter_transect12,2014-04-07,55.053,5.283,7,1,S3_visual_GT2:2014-04-07,48.0,23.6,8.01691729323308,66.11384615384613,nearest_neighbour,23.6,9.771597633136093,55.181081081081075,median,23.6,8.01691729323308,66.11384615384613
MPL-0073,S3:HE419_MarLitter_transect10,2014-04-07,55.104,5.584,7,1,S3_visual_GT2:2014-04-07,33.4,23.6,8.01691729323308,66.11384615384613,nearest_neighbour,23.6,9.771597633136093,55.181081081081075,median,23.6,8.01691729323308,66.11384615384613
MPL-0076,S3:HE419_MarLitter_transect11,2014-04-07,55.111,5.545,7,1,S3_visual_GT2:2014-04-07,31.1,23.6,8.01691729323308,66.11384615384613,nearest_neighbour,23.6,9.771597633136093,55.181081081081075,median,23.6,8.01691729323308,66.11384615384613
MPL-0085,S3:HE419_MarLitter_transect18,2014-04-08,55.767,3.719,7,0,S3_visual_GT2:2014-04-08,30.4,31.15,9.523573573573573,97.21972477064217,ridge_log|spatial,69.65484392173849,23.426692630723306,203.37097420738306,median,31.15,9.523573573573573,97.21972477064217
MPL-0087,S3:HE419_MarLitter_transect15,2014-04-08,55.772,3.431,7,0,S3_visual_GT2:2014-04-08,19.1,31.15,9.523573573573573,97.21972477064217,ridge_log|spatial,70.78547558861152,23.81757301021803,206.6413557184441,median,31.15,9.523573573573573,97.21972477064217
MPL-0092,S3:HE419_MarLitter_transect16,2014-04-08,55.878,3.419,7,0,S3_visual_GT2:2014-04-08,16.8,31.15,9.523573573573573,97.21972477064217,ridge_log|spatial,75.98881476806274,25.616464066160905,221.69214966561907,median,31.15,9.523573573573573,97.21972477064217
MPL-0094,S3:HE419_MarLitter_transect17,2014-04-08,55.878,3.541,7,0,S3_visual_GT2:2014-04-08,8.3,31.15,9.523573573573573,97.21972477064217,ridge_log|spatial,75.57900077586393,25.474783752857856,220.50675203142063,median,31.15,9.523573573573573,97.21972477064217
MPL-0096,S3:HE419_MarLitter_transect20,2014-04-09,55.232,5.467,7,0,S3_visual_GT2:2014-04-09,23.6,31.15,9.523573573573573,97.21972477064217,ridge_log|spatial,45.099131904575046,14.937326630053901,132.34293835378472,median,31.15,9.523573573573573,97.21972477064217
MPL-0101,S3:HE419_MarLitter_transect19,2014-04-09,55.264,4.997,7,0,S3_visual_GT2:2014-04-09,8.1,31.15,9.523573573573573,97.21972477064217,ridge_log|spatial,47.05386668497068,15.613114771461401,137.99705956066205,median,31.15,9.523573573573573,97.21972477064217
MPL-0107,S3:HE419_MarLitter_transect21,2014-04-09,55.328,5.636,7,0,S3_visual_GT2:2014-04-09,20.9,31.15,9.523573573573573,97.21972477064217,ridge_log|spatial,47.73032622147263,15.84697940491183,139.95373636883554,median,31.15,9.523573573573573,97.21972477064217
MPL-0109,S3:HE419_MarLitter_transect22,2014-04-09,55.43,5.687,7,0,S3_visual_GT2:2014-04-09,12.7,31.15,9.523573573573573,97.21972477064217,ridge_log|spatial,50.98226198170278,16.971234032917028,149.36004515799954,median,31.15,9.523573573573573,97.21972477064217
MPL-0114,S3:HE419_MarLitter_transect23,2014-04-10,55.11,6.403,7,2,S3_visual_GT2:2014-04-10,145.7,26.2,8.47220447284345,77.10642201834857,catboost|spatial_weather,26.783325170764726,12.827761317371614,54.823436623447186,median,26.2,8.47220447284345,77.10642201834857
MPL-0123,S3:HE419_MarLitter_transect24,2014-04-10,55.179,6.318,7,2,S3_visual_GT2:2014-04-10,31.2,26.2,8.47220447284345,77.10642201834857,catboost|spatial_weather,24.831647382899952,11.856411255665984,50.90204274310266,median,26.2,8.47220447284345,77.10642201834857
MPL-0132,S3:HE419_MarLitter_transect25,2014-04-10,55.263,6.331,7,2,S3_visual_GT2:2014-04-10,65.1,26.2,8.47220447284345,77.10642201834857,catboost|spatial_weather,24.780985679347395,11.831196925115178,50.80025109721004,median,26.2,8.47220447284345,77.10642201834857
MPL-0138,S3:HE419_MarLitter_transect26,2014-04-10,55.325,6.388,7,2,S3_visual_GT2:2014-04-10,31.4,26.2,8.47220447284345,77.10642201834857,catboost|spatial_weather,24.679542768218415,11.780708786859252,50.59642769286586,median,26.2,8.47220447284345,77.10642201834857
MPL-0141,S3:HE419_MarLitter_transect27,2014-04-10,55.349,6.483,7,2,S3_visual_GT2:2014-04-10,13.9,26.2,8.47220447284345,77.10642201834857,catboost|spatial_weather,24.881546865667712,11.881246228921773,51.002302902630284,median,26.2,8.47220447284345,77.10642201834857
MPL-0146,S3:HE419_MarLitter_transect32,2014-04-11,54.409,7.945,7,1,S3_visual_GT2:2014-04-11,19.7,23.6,8.01691729323308,66.11384615384613,nearest_neighbour,19.9,8.151479289940825,46.731081081081065,median,23.6,8.01691729323308,66.11384615384613
MPL-0148,S3:HE419_MarLitter_transect31,2014-04-11,54.41,7.798,7,1,S3_visual_GT2:2014-04-11,6.1,23.6,8.01691729323308,66.11384615384613,nearest_neighbour,19.9,8.151479289940825,46.731081081081065,median,23.6,8.01691729323308,66.11384615384613
MPL-0158,S3:HE419_MarLitter_transect30,2014-04-11,54.554,8.014,7,1,S3_visual_GT2:2014-04-11,195.1,23.6,8.01691729323308,66.11384615384613,nearest_neighbour,19.9,8.151479289940825,46.731081081081065,median,23.6,8.01691729323308,66.11384615384613
MPL-0166,S3:HE419_MarLitter_transect29,2014-04-11,54.785,8.136,7,1,S3_visual_GT2:2014-04-11,17.3,23.6,8.01691729323308,66.11384615384613,nearest_neighbour,19.9,8.151479289940825,46.731081081081065,median,23.6,8.01691729323308,66.11384615384613
MPL-0171,S3:HE419_MarLitter_transect28,2014-04-11,54.955,8.14,7,1,S3_visual_GT2:2014-04-11,43.1,23.6,8.01691729323308,66.11384615384613,nearest_neighbour,19.9,8.151479289940825,46.731081081081065,median,23.6,8.01691729323308,66.11384615384613
MPL-0176,S3:HE419_MarLitter_transect38,2014-04-12,53.7,6.457,7,3,S3_visual_GT2:2014-04-12,32.1,31.1,11.938896020539158,78.63662420382165,catboost|spatial_weather,22.234639300947094,9.125984076277536,52.31318510660464,median,31.1,11.938896020539158,78.63662420382165
MPL-0179,S3:HE419_MarLitter_transect37,2014-04-12,53.77,6.539,7,3,S3_visual_GT2:2014-04-12,9.1,31.1,11.938896020539158,78.63662420382165,catboost|spatial_weather,21.175716811308636,8.664490694383112,49.88342796803178,median,31.1,11.938896020539158,78.63662420382165
MPL-0183,S3:HE419_MarLitter_transect34,2014-04-12,53.84,7.219,7,3,S3_visual_GT2:2014-04-12,6.4,31.1,11.938896020539158,78.63662420382165,catboost|spatial_weather,14.583340887424535,5.791440126846873,34.756851076948706,median,31.1,11.938896020539158,78.63662420382165
MPL-0185,S3:HE419_MarLitter_transect35,2014-04-12,53.842,6.991,7,3,S3_visual_GT2:2014-04-12,16.2,31.1,11.938896020539158,78.63662420382165,catboost|spatial_weather,14.583340887424535,5.791440126846873,34.756851076948706,median,31.1,11.938896020539158,78.63662420382165
MPL-0188,S3:HE419_MarLitter_transect36,2014-04-12,53.85,6.785,7,3,S3_visual_GT2:2014-04-12,9.9,31.1,11.938896020539158,78.63662420382165,catboost|spatial_weather,14.590607680641332,5.794607097999117,34.773525142204484,median,31.1,11.938896020539158,78.63662420382165
MPL-0192,S3:HE419_MarLitter_transect33,2014-04-12,53.864,7.448,7,3,S3_visual_GT2:2014-04-12,17.9,31.1,11.938896020539158,78.63662420382165,catboost|spatial_weather,15.20363304736491,6.061772213901911,36.180146283503895,median,31.1,11.938896020539158,78.63662420382165
MPL-0779,S3:HE460_MarLitter_transect01,2016-04-08,54.238,7.92,7,4,S3_visual_GT2:2016-04-08,19.9,29.5,8.810509554140127,93.82178217821777,catboost|spatial_season,20.605758359284003,8.877267602726247,46.26092407893511,median,29.5,8.810509554140127,93.82178217821777
MPL-0787,S3:HE460_MarLitter_transect02,2016-04-09,54.417,7.354,7,1,S3_visual_GT2:2016-04-09,32.3,23.6,8.01691729323308,66.11384615384613,nearest_neighbour,19.9,8.151479289940825,46.731081081081065,median,23.6,8.01691729323308,66.11384615384613
MPL-0798,S3:HE460_MarLitter_transect03,2016-04-10,54.841,6.638,7,2,S3_visual_GT2:2016-04-10,52.3,26.2,8.47220447284345,77.10642201834857,catboost|spatial_weather,26.64422714962961,12.758532230350776,54.543954973228686,median,26.2,8.47220447284345,77.10642201834857
MPL-0001,S3:HE419_MarLitter_transect01,2014-04-03,54.084,7.659,8,2,S3_visual_GT2:2014-04-03,15.9,29.5,9.1,91.10396039603961,nearest_neighbour,19.9,6.593524199045673,56.52401500938085,median,29.5,9.1,91.10396039603961
MPL-0008,S3:HE419_MarLitter_transect02,2014-04-05,54.897,6.887,8,1,S3_visual_GT2:2014-04-05,36.4,29.5,13.140439932318104,64.78649635036497,ensemble|all,40.430477793609356,18.70965379422492,86.08851551262156,median,29.5,13.140439932318104,64.78649635036497
MPL-0018,S3:HE419_MarLitter_transect03,2014-04-06,54.611,5.524,8,3,S3_visual_GT2:2014-04-06,27.6,27.0,7.112149532710279,95.64516129032258,idw_k5,47.03919958496977,16.129060114851242,133.72804002618219,median,27.0,7.112149532710279,95.64516129032258
MPL-0020,S3:HE419_MarLitter_transect04,2014-04-06,54.621,5.481,8,3,S3_visual_GT2:2014-04-06,29.5,27.0,7.112149532710279,95.64516129032258,idw_k5,47.2631965178221,16.208929408293223,134.35624923857128,median,27.0,7.112149532710279,95.64516129032258
MPL-0027,S3:HE419_MarLitter_transect05,2014-04-06,54.756,5.625,8,3,S3_visual_GT2:2014-04-06,52.2,27.0,7.112149532710279,95.64516129032258,idw_k5,44.644567920433836,15.275220123986871,127.01219060456744,median,27.0,7.112149532710279,95.64516129032258
MPL-0035,S3:HE419_MarLitter_transect06,2014-04-06,54.913,5.829,8,3,S3_visual_GT2:2014-04-06,30.3,27.0,7.112149532710279,95.64516129032258,idw_k5,35.74187664811678,12.100838883147212,102.04420286871941,median,27.0,7.112149532710279,95.64516129032258
MPL-0039,S3:HE419_MarLitter_transect08,2014-04-06,54.954,5.616,8,3,S3_visual_GT2:2014-04-06,26.2,27.0,7.112149532710279,95.64516129032258,idw_k5,40.59343484919284,13.83073098782191,115.65061040987335,median,27.0,7.112149532710279,95.64516129032258
MPL-0043,S3:HE419_MarLitter_transect07,2014-04-06,54.993,5.823,8,3,S3_visual_GT2:2014-04-06,30.5,27.0,7.112149532710279,95.64516129032258,idw_k5,34.83300588618668,11.77676808154705,99.4952349956108,median,27.0,7.112149532710279,95.64516129032258
MPL-0051,S3:HE419_MarLitter_transect13,2014-04-07,54.971,5.131,8,4,S3_visual_GT2:2014-04-07,76.9,27.6,8.170158730158732,88.19801980198014,spline_glm|all,31.778282852579387,11.708659081076004,83.54202917155702,median,27.6,8.170158730158732,88.19801980198014
MPL-0056,S3:HE419_MarLitter_transect14,2014-04-07,55.005,5.002,8,4,S3_visual_GT2:2014-04-07,34.2,27.6,8.170158730158732,88.19801980198014,spline_glm|all,31.720894461023164,11.686408693318368,83.39401253826122,median,27.6,8.170158730158732,88.19801980198014
MPL-0060,S3:HE419_MarLitter_transect09,2014-04-07,55.019,5.413,8,4,S3_visual_GT2:2014-04-07,46.0,27.6,8.170158730158732,88.19801980198014,spline_glm|all,33.48351674063973,12.36980525015152,87.94018308819447,median,27.6,8.170158730158732,88.19801980198014
MPL-0067,S3:HE419_MarLitter_transect12,2014-04-07,55.053,5.283,8,4,S3_visual_GT2:2014-04-07,48.0,27.6,8.170158730158732,88.19801980198014,spline_glm|all,31.707854813251945,11.681353015484142,83.36038056653105,median,27.6,8.170158730158732,88.19801980198014
MPL-0073,S3:HE419_MarLitter_transect10,2014-04-07,55.104,5.584,8,4,S3_visual_GT2:2014-04-07,33.4,27.6,8.170158730158732,88.19801980198014,spline_glm|all,33.18005297714026,12.252147545776944,87.1574867382463,median,27.6,8.170158730158732,88.19801980198014
MPL-0076,S3:HE419_MarLitter_transect11,2014-04-07,55.111,5.545,8,4,S3_visual_GT2:2014-04-07,31.1,27.6,8.170158730158732,88.19801980198014,spline_glm|all,31.847086107713096,11.735335192118646,83.71948711921009,median,27.6,8.170158730158732,88.19801980198014
MPL-0085,S3:HE419_MarLitter_transect18,2014-04-08,55.767,3.719,8,0,S3_visual_GT2:2014-04-08,30.4,30.3,10.009455370650528,87.98623655913983,extra_trees|spatial,22.09775671947644,7.632657632974382,60.80094104905436,median,30.3,10.009455370650528,87.98623655913983
MPL-0087,S3:HE419_MarLitter_transect15,2014-04-08,55.772,3.431,8,0,S3_visual_GT2:2014-04-08,19.1,30.3,10.009455370650528,87.98623655913983,extra_trees|spatial,22.09775671947644,7.632657632974382,60.80094104905436,median,30.3,10.009455370650528,87.98623655913983
MPL-0092,S3:HE419_MarLitter_transect16,2014-04-08,55.878,3.419,8,0,S3_visual_GT2:2014-04-08,16.8,30.3,10.009455370650528,87.98623655913983,extra_trees|spatial,22.09775671947644,7.632657632974382,60.80094104905436,median,30.3,10.009455370650528,87.98623655913983
MPL-0094,S3:HE419_MarLitter_transect17,2014-04-08,55.878,3.541,8,0,S3_visual_GT2:2014-04-08,8.3,30.3,10.009455370650528,87.98623655913983,extra_trees|spatial,22.09775671947644,7.632657632974382,60.80094104905436,median,30.3,10.009455370650528,87.98623655913983
MPL-0096,S3:HE419_MarLitter_transect20,2014-04-09,55.232,5.467,8,4,S3_visual_GT2:2014-04-09,23.6,27.6,8.170158730158732,88.19801980198014,spline_glm|all,39.186601684240394,14.580981551991718,102.64962884648003,median,27.6,8.170158730158732,88.19801980198014
MPL-0101,S3:HE419_MarLitter_transect19,2014-04-09,55.264,4.997,8,4,S3_visual_GT2:2014-04-09,8.1,27.6,8.170158730158732,88.19801980198014,spline_glm|all,36.374825655852085,13.490811480611146,95.39747192035274,median,27.6,8.170158730158732,88.19801980198014
MPL-0107,S3:HE419_MarLitter_transect21,2014-04-09,55.328,5.636,8,4,S3_visual_GT2:2014-04-09,20.9,27.6,8.170158730158732,88.19801980198014,spline_glm|all,38.26968041618249,14.225476663210797,100.28469762232733,median,27.6,8.170158730158732,88.19801980198014
MPL-0109,S3:HE419_MarLitter_transect22,2014-04-09,55.43,5.687,8,4,S3_visual_GT2:2014-04-09,12.7,27.6,8.170158730158732,88.19801980198014,spline_glm|all,36.80818674977212,13.658832436022438,96.51520058261312,median,27.6,8.170158730158732,88.19801980198014
MPL-0114,S3:HE419_MarLitter_transect23,2014-04-10,55.11,6.403,8,1,S3_visual_GT2:2014-04-10,145.7,29.5,13.140439932318104,64.78649635036497,ensemble|all,32.28496301113199,14.834601299340726,68.96631880453799,median,29.5,13.140439932318104,64.78649635036497
MPL-0123,S3:HE419_MarLitter_transect24,2014-04-10,55.179,6.318,8,1,S3_visual_GT2:2014-04-10,31.2,29.5,13.140439932318104,64.78649635036497,ensemble|all,32.83208842814455,15.094884383814394,70.1163982365014,median,29.5,13.140439932318104,64.78649635036497
MPL-0132,S3:HE419_MarLitter_transect25,2014-04-10,55.263,6.331,8,1,S3_visual_GT2:2014-04-10,65.1,29.5,13.140439932318104,64.78649635036497,ensemble|all,30.581970468148633,14.02443942760083,65.38656060729218,median,29.5,13.140439932318104,64.78649635036497
MPL-0138,S3:HE419_MarLitter_transect26,2014-04-10,55.325,6.388,8,1,S3_visual_GT2:2014-04-10,31.4,29.5,13.140439932318104,64.78649635036497,ensemble|all,30.94819309555925,14.198661922302259,66.15637516572436,median,29.5,13.140439932318104,64.78649635036497
MPL-0141,S3:HE419_MarLitter_transect27,2014-04-10,55.349,6.483,8,1,S3_visual_GT2:2014-04-10,13.9,29.5,13.140439932318104,64.78649635036497,ensemble|all,31.594020480279987,14.50590033328768,67.5139300675267,median,29.5,13.140439932318104,64.78649635036497
MPL-0146,S3:HE419_MarLitter_transect32,2014-04-11,54.409,7.945,8,0,S3_visual_GT2:2014-04-11,19.7,30.3,10.009455370650528,87.98623655913983,extra_trees|spatial,23.63213886270833,8.206124393471574,64.90637265145047,median,30.3,10.009455370650528,87.98623655913983
MPL-0148,S3:HE419_MarLitter_transect31,2014-04-11,54.41,7.798,8,0,S3_visual_GT2:2014-04-11,6.1,30.3,10.009455370650528,87.98623655913983,extra_trees|spatial,23.63213886270833,8.206124393471574,64.90637265145047,median,30.3,10.009455370650528,87.98623655913983
MPL-0158,S3:HE419_MarLitter_transect30,2014-04-11,54.554,8.014,8,0,S3_visual_GT2:2014-04-11,195.1,30.3,10.009455370650528,87.98623655913983,extra_trees|spatial,26.313685996652385,9.208337665312953,72.08118786653142,median,30.3,10.009455370650528,87.98623655913983
MPL-0166,S3:HE419_MarLitter_transect29,2014-04-11,54.785,8.136,8,0,S3_visual_GT2:2014-04-11,17.3,30.3,10.009455370650528,87.98623655913983,extra_trees|spatial,29.925010613085142,10.558050080844154,81.74373918871096,median,30.3,10.009455370650528,87.98623655913983
MPL-0171,S3:HE419_MarLitter_transect28,2014-04-11,54.955,8.14,8,0,S3_visual_GT2:2014-04-11,43.1,30.3,10.009455370650528,87.98623655913983,extra_trees|spatial,32.053852396212335,11.353692813240391,87.43972201248319,median,30.3,10.009455370650528,87.98623655913983
MPL-0176,S3:HE419_MarLitter_transect38,2014-04-12,53.7,6.457,8,1,S3_visual_GT2:2014-04-12,32.1,29.5,13.140439932318104,64.78649635036497,ensemble|all,26.765772757318523,12.20896589950222,57.36476092652372,median,29.5,13.140439932318104,64.78649635036497
MPL-0179,S3:HE419_MarLitter_transect37,2014-04-12,53.77,6.539,8,1,S3_visual_GT2:2014-04-12,9.1,29.5,13.140439932318104,64.78649635036497,ensemble|all,26.464854162610976,12.065810386030318,56.732218047492154,median,29.5,13.140439932318104,64.78649635036497
MPL-0183,S3:HE419_MarLitter_transect34,2014-04-12,53.84,7.219,8,1,S3_visual_GT2:2014-04-12,6.4,29.5,13.140439932318104,64.78649635036497,ensemble|all,25.065328332552443,11.400016239896095,53.790358975324565,median,29.5,13.140439932318104,64.78649635036497
MPL-0185,S3:HE419_MarLitter_transect35,2014-04-12,53.842,6.991,8,1,S3_visual_GT2:2014-04-12,16.2,29.5,13.140439932318104,64.78649635036497,ensemble|all,34.107537311189404,15.70165160581642,72.79744262102317,median,29.5,13.140439932318104,64.78649635036497
MPL-0188,S3:HE419_MarLitter_transect36,2014-04-12,53.85,6.785,8,1,S3_visual_GT2:2014-04-12,9.9,29.5,13.140439932318104,64.78649635036497,ensemble|all,29.346813295377842,13.436840115373707,62.79021100357198,median,29.5,13.140439932318104,64.78649635036497
MPL-0192,S3:HE419_MarLitter_transect33,2014-04-12,53.864,7.448,8,1,S3_visual_GT2:2014-04-12,17.9,29.5,13.140439932318104,64.78649635036497,ensemble|all,24.36857504252917,11.068550930836489,52.32575579095041,median,29.5,13.140439932318104,64.78649635036497
MPL-0779,S3:HE460_MarLitter_transect01,2016-04-08,54.238,7.92,8,3,S3_visual_GT2:2016-04-08,19.9,27.0,7.112149532710279,95.64516129032258,idw_k5,17.74888044604467,5.685180082536968,51.582056674631446,median,27.0,7.112149532710279,95.64516129032258
MPL-0787,S3:HE460_MarLitter_transect02,2016-04-09,54.417,7.354,8,2,S3_visual_GT2:2016-04-09,32.3,29.5,9.1,91.10396039603961,nearest_neighbour,6.1,1.579618268575325,18.541651031894933,median,29.5,9.1,91.10396039603961
MPL-0798,S3:HE460_MarLitter_transect03,2016-04-10,54.841,6.638,8,0,S3_visual_GT2:2016-04-10,52.3,30.3,10.009455370650528,87.98623655913983,extra_trees|spatial,33.71183068144046,11.973352941845501,91.87585057295051,median,30.3,10.009455370650528,87.98623655913983
MPL-0001,S3:HE419_MarLitter_transect01,2014-04-03,54.084,7.659,9,1,S3_visual_GT2:2014-04-03,15.9,29.9,9.003933434190614,94.44345794392524,lightgbm|spatial_weather,27.119917720696517,9.249328882274119,76.14941941089269,median,29.9,9.003933434190614,94.44345794392524
MPL-0008,S3:HE419_MarLitter_transect02,2014-04-05,54.897,6.887,9,1,S3_visual_GT2:2014-04-05,36.4,29.9,9.003933434190614,94.44345794392524,lightgbm|spatial_weather,32.799461162697185,11.319445488461193,91.7317366645024,median,29.9,9.003933434190614,94.44345794392524
MPL-0018,S3:HE419_MarLitter_transect03,2014-04-06,54.611,5.524,9,3,S3_visual_GT2:2014-04-06,27.6,31.1,8.914678899082572,102.92772277227728,catboost|spatial_season,48.374979906022176,16.36414209945417,139.39787435261348,median,31.1,8.914678899082572,102.92772277227728
MPL-0020,S3:HE419_MarLitter_transect04,2014-04-06,54.621,5.481,9,3,S3_visual_GT2:2014-04-06,29.5,31.1,8.914678899082572,102.92772277227728,catboost|spatial_season,48.554072941313024,16.427125353720434,139.9071258300632,median,31.1,8.914678899082572,102.92772277227728
MPL-0027,S3:HE419_MarLitter_transect05,2014-04-06,54.756,5.625,9,3,S3_visual_GT2:2014-04-06,52.2,31.1,8.914678899082572,102.92772277227728,catboost|spatial_season,43.269441787367896,14.568631710280725,124.88026440827251,median,31.1,8.914678899082572,102.92772277227728
MPL-0035,S3:HE419_MarLitter_transect06,2014-04-06,54.913,5.829,9,3,S3_visual_GT2:2014-04-06,30.3,31.1,8.914678899082572,102.92772277227728,catboost|spatial_season,44.58062654746725,15.029747816785246,128.6086214334678,median,31.1,8.914678899082572,102.92772277227728
MPL-0039,S3:HE419_MarLitter_transect08,2014-04-06,54.954,5.616,9,3,S3_visual_GT2:2014-04-06,26.2,31.1,8.914678899082572,102.92772277227728,catboost|spatial_season,44.765477034855905,15.0947558458777,129.13424423983267,median,31.1,8.914678899082572,102.92772277227728
MPL-0043,S3:HE419_MarLitter_transect07,2014-04-06,54.993,5.823,9,3,S3_visual_GT2:2014-04-06,30.5,31.1,8.914678899082572,102.92772277227728,catboost|spatial_season,42.0141544305571,14.127173545015685,121.31085178403674,median,31.1,8.914678899082572,102.92772277227728
MPL-0051,S3:HE419_MarLitter_transect13,2014-04-07,54.971,5.131,9,2,S3_visual_GT2:2014-04-07,76.9,27.6,7.999697428139178,89.88750000000009,catboost|all,43.722171587540004,16.215270643331444,115.18014453232685,median,27.6,7.999697428139178,89.88750000000009
MPL-0056,S3:HE419_MarLitter_transect14,2014-04-07,55.005,5.002,9,2,S3_visual_GT2:2014-04-07,34.2,27.6,7.999697428139178,89.88750000000009,catboost|all,40.93743245593077,15.143318273400345,107.94589397358779,median,27.6,7.999697428139178,89.88750000000009
MPL-0060,S3:HE419_MarLitter_transect09,2014-04-07,55.019,5.413,9,2,S3_visual_GT2:2014-04-07,46.0,27.6,7.999697428139178,89.88750000000009,catboost|all,55.775224219560876,20.8549506001153,146.4918037638761,median,27.6,7.999697428139178,89.88750000000009
MPL-0067,S3:HE419_MarLitter_transect12,2014-04-07,55.053,5.283,9,2,S3_visual_GT2:2014-04-07,48.0,27.6,7.999697428139178,89.88750000000009,catboost|all,44.4957642662498,16.513055989144107,117.18979893933012,median,27.6,7.999697428139178,89.88750000000009
MPL-0073,S3:HE419_MarLitter_transect10,2014-04-07,55.104,5.584,9,2,S3_visual_GT2:2014-04-07,33.4,27.6,7.999697428139178,89.88750000000009,catboost|all,55.43521435461645,20.724067826791927,145.60851939173114,median,27.6,7.999697428139178,89.88750000000009
MPL-0076,S3:HE419_MarLitter_transect11,2014-04-07,55.111,5.545,9,2,S3_visual_GT2:2014-04-07,31.1,27.6,7.999697428139178,89.88750000000009,catboost|all,52.93177210513125,19.76039736234504,139.10502745363928,median,27.6,7.999697428139178,89.88750000000009
MPL-0085,S3:HE419_MarLitter_transect18,2014-04-08,55.767,3.719,9,3,S3_visual_GT2:2014-04-08,30.4,31.1,8.914678899082572,102.92772277227728,catboost|spatial_season,10.289973327139617,2.9704461961226833,31.10306636367412,median,31.1,8.914678899082572,102.92772277227728
MPL-0087,S3:HE419_MarLitter_transect15,2014-04-08,55.772,3.431,9,3,S3_visual_GT2:2014-04-08,19.1,31.1,8.914678899082572,102.92772277227728,catboost|spatial_season,10.289973327139617,2.9704461961226833,31.10306636367412,median,31.1,8.914678899082572,102.92772277227728
MPL-0092,S3:HE419_MarLitter_transect16,2014-04-08,55.878,3.419,9,3,S3_visual_GT2:2014-04-08,16.8,31.1,8.914678899082572,102.92772277227728,catboost|spatial_season,10.289973327139617,2.9704461961226833,31.10306636367412,median,31.1,8.914678899082572,102.92772277227728
MPL-0094,S3:HE419_MarLitter_transect17,2014-04-08,55.878,3.541,9,3,S3_visual_GT2:2014-04-08,8.3,31.1,8.914678899082572,102.92772277227728,catboost|spatial_season,10.289973327139617,2.9704461961226833,31.10306636367412,median,31.1,8.914678899082572,102.92772277227728
MPL-0096,S3:HE419_MarLitter_transect20,2014-04-09,55.232,5.467,9,2,S3_visual_GT2:2014-04-09,23.6,27.6,7.999697428139178,89.88750000000009,catboost|all,39.22854049674374,14.485500539303237,103.50650054163295,median,27.6,7.999697428139178,89.88750000000009
MPL-0101,S3:HE419_MarLitter_transect19,2014-04-09,55.264,4.997,9,2,S3_visual_GT2:2014-04-09,8.1,27.6,7.999697428139178,89.88750000000009,catboost|all,39.02535820908406,14.407287922432747,102.97866956409408,median,27.6,7.999697428139178,89.88750000000009
MPL-0107,S3:HE419_MarLitter_transect21,2014-04-09,55.328,5.636,9,2,S3_visual_GT2:2014-04-09,20.9,27.6,7.999697428139178,89.88750000000009,catboost|all,34.604264775094265,12.705440330872705,91.49346533722783,median,27.6,7.999697428139178,89.88750000000009
MPL-0109,S3:HE419_MarLitter_transect22,2014-04-09,55.43,5.687,9,2,S3_visual_GT2:2014-04-09,12.7,27.6,7.999697428139178,89.88750000000009,catboost|all,31.730048865285838,11.599044934176295,84.026770229075,median,27.6,7.999697428139178,89.88750000000009
MPL-0114,S3:HE419_MarLitter_transect23,2014-04-10,55.11,6.403,9,0,S3_visual_GT2:2014-04-10,145.7,24.9,8.25606557377049,71.47247706422017,catboost|all,26.108847155486828,12.849064582242855,52.064204425894225,median,24.9,8.25606557377049,71.47247706422017
MPL-0123,S3:HE419_MarLitter_transect24,2014-04-10,55.179,6.318,9,0,S3_visual_GT2:2014-04-10,31.2,24.9,8.25606557377049,71.47247706422017,catboost|all,26.42446621187788,13.010304515105938,52.682012849578996,median,24.9,8.25606557377049,71.47247706422017
MPL-0132,S3:HE419_MarLitter_transect25,2014-04-10,55.263,6.331,9,0,S3_visual_GT2:2014-04-10,65.1,24.9,8.25606557377049,71.47247706422017,catboost|all,25.253360947607888,12.412023358240251,50.38963321458276,median,24.9,8.25606557377049,71.47247706422017
MPL-0138,S3:HE419_MarLitter_transect26,2014-04-10,55.325,6.388,9,0,S3_visual_GT2:2014-04-10,31.4,24.9,8.25606557377049,71.47247706422017,catboost|all,25.186589855098386,12.377912089432428,50.25893216033496,median,24.9,8.25606557377049,71.47247706422017
MPL-0141,S3:HE419_MarLitter_transect27,2014-04-10,55.349,6.483,9,0,S3_visual_GT2:2014-04-10,13.9,24.9,8.25606557377049,71.47247706422017,catboost|all,24.962486602628402,12.263424726736915,49.82026131854787,median,24.9,8.25606557377049,71.47247706422017
MPL-0146,S3:HE419_MarLitter_transect32,2014-04-11,54.409,7.945,9,1,S3_visual_GT2:2014-04-11,19.7,29.9,9.003933434190614,94.44345794392524,lightgbm|spatial_weather,15.795642122172142,5.121783911637092,45.08029266760666,median,29.9,9.003933434190614,94.44345794392524
MPL-0148,S3:HE419_MarLitter_transect31,2014-04-11,54.41,7.798,9,1,S3_visual_GT2:2014-04-11,6.1,29.9,9.003933434190614,94.44345794392524,lightgbm|spatial_weather,15.795642122172142,5.121783911637092,45.08029266760666,median,29.9,9.003933434190614,94.44345794392524
MPL-0158,S3:HE419_MarLitter_transect30,2014-04-11,54.554,8.014,9,1,S3_visual_GT2:2014-04-11,195.1,29.9,9.003933434190614,94.44345794392524,lightgbm|spatial_weather,15.795642122172142,5.121783911637092,45.08029266760666,median,29.9,9.003933434190614,94.44345794392524
MPL-0166,S3:HE419_MarLitter_transect29,2014-04-11,54.785,8.136,9,1,S3_visual_GT2:2014-04-11,17.3,29.9,9.003933434190614,94.44345794392524,lightgbm|spatial_weather,18.37799239087406,6.063015584362602,52.16519333924991,median,29.9,9.003933434190614,94.44345794392524
MPL-0171,S3:HE419_MarLitter_transect28,2014-04-11,54.955,8.14,9,1,S3_visual_GT2:2014-04-11,43.1,29.9,9.003933434190614,94.44345794392524,lightgbm|spatial_weather,18.285486197384454,6.029298330630227,51.9113946194058,median,29.9,9.003933434190614,94.44345794392524
MPL-0176,S3:HE419_MarLitter_transect38,2014-04-12,53.7,6.457,9,4,S3_visual_GT2:2014-04-12,32.1,30.45,12.422585669781931,72.68941605839416,lightgbm|spatial,45.38040507865562,21.510787574380558,94.56049374782383,median,30.45,12.422585669781931,72.68941605839416
MPL-0179,S3:HE419_MarLitter_transect37,2014-04-12,53.77,6.539,9,4,S3_visual_GT2:2014-04-12,9.1,30.45,12.422585669781931,72.68941605839416,lightgbm|spatial,45.38040507865562,21.510787574380558,94.56049374782383,median,30.45,12.422585669781931,72.68941605839416
MPL-0183,S3:HE419_MarLitter_transect34,2014-04-12,53.84,7.219,9,4,S3_visual_GT2:2014-04-12,6.4,30.45,12.422585669781931,72.68941605839416,lightgbm|spatial,26.206674497175946,12.204793471997787,55.05563909537593,median,30.45,12.422585669781931,72.68941605839416
MPL-0185,S3:HE419_MarLitter_transect35,2014-04-12,53.842,6.991,9,4,S3_visual_GT2:2014-04-12,16.2,30.45,12.422585669781931,72.68941605839416,lightgbm|spatial,26.206674497175946,12.204793471997787,55.05563909537593,median,30.45,12.422585669781931,72.68941605839416
MPL-0188,S3:HE419_MarLitter_transect36,2014-04-12,53.85,6.785,9,4,S3_visual_GT2:2014-04-12,9.9,30.45,12.422585669781931,72.68941605839416,lightgbm|spatial,26.206674497175946,12.204793471997787,55.05563909537593,median,30.45,12.422585669781931,72.68941605839416
MPL-0192,S3:HE419_MarLitter_transect33,2014-04-12,53.864,7.448,9,4,S3_visual_GT2:2014-04-12,17.9,30.45,12.422585669781931,72.68941605839416,lightgbm|spatial,26.206674497175946,12.204793471997787,55.05563909537593,median,30.45,12.422585669781931,72.68941605839416
MPL-0779,S3:HE460_MarLitter_transect01,2016-04-08,54.238,7.92,9,4,S3_visual_GT2:2016-04-08,19.9,30.45,12.422585669781931,72.68941605839416,lightgbm|spatial,25.894897738005273,12.05347223225403,54.41326564057493,median,30.45,12.422585669781931,72.68941605839416
MPL-0787,S3:HE460_MarLitter_transect02,2016-04-09,54.417,7.354,9,0,S3_visual_GT2:2016-04-09,32.3,24.9,8.25606557377049,71.47247706422017,catboost|all,27.070173303644115,13.340176130958582,53.94595199535702,median,24.9,8.25606557377049,71.47247706422017
MPL-0798,S3:HE460_MarLitter_transect03,2016-04-10,54.841,6.638,9,0,S3_visual_GT2:2016-04-10,52.3,24.9,8.25606557377049,71.47247706422017,catboost|all,29.280874336182876,14.469554344501077,58.273288043339015,median,24.9,8.25606557377049,71.47247706422017
