session_id,start_time_reported,beaufort,duration_h,observer_height_m,width_m,length_m,items_count,area_km2,reported_density_items_km2,year,basin_sector,distance_to_coast_category,subregion,event_id,source_row,source_doi,source_sheet,source_sha256,recalculated_density_items_km2,recalculated_area_km2,is_observed_zero,target_scope,sampling_method,time_zone_status,latitude,longitude,coordinate_status,t3_eligible,exclusion_reason
1,2017-05-08 16:08:00,2,0.9300000000000027,4.0,10,13193.9709999999,7,0.13193971,53.054535287367244,2017,western,<12NM,D1,EMBLAS2022:1,2,10.1016/j.envpol.2022.119816,TableS2_Monitoring sessions,fe649f086e0c075e7ada3a961d7fac181c478f9e4a0ed9f73b6c1e60f57da032,53.054535287367244,0.131939709999999,False,all_litter,visual,not_reported,,,missing_session_link,False,missing_verified_session_coordinates;unresolved_time_zone
2,2017-05-24 16:45:00,2,0.8466666669999987,7.0,10,17725.93,12,0.1772593,67.6974353390767,2017,western,<12NM,D1,EMBLAS2022:2,3,10.1016/j.envpol.2022.119816,TableS2_Monitoring sessions,fe649f086e0c075e7ada3a961d7fac181c478f9e4a0ed9f73b6c1e60f57da032,67.6974353390767,0.17725929999999998,False,all_litter,visual,not_reported,,,missing_session_link,False,missing_verified_session_coordinates;unresolved_time_zone
3,2017-05-25 06:26:00,2,1.360833332999995,12.0,50,26870.0,21,1.3435,15.630815035355416,2017,western,>12NM,D3,EMBLAS2022:3,4,10.1016/j.envpol.2022.119816,TableS2_Monitoring sessions,fe649f086e0c075e7ada3a961d7fac181c478f9e4a0ed9f73b6c1e60f57da032,15.630815035355416,1.3435,False,all_litter,visual,not_reported,,,missing_session_link,False,missing_verified_session_coordinates;unresolved_time_zone
4,2017-05-25 10:00:00,2,0.2852777779999998,12.0,50,5705.88,7,0.285294,24.536092592203133,2017,western,>12NM,D2,EMBLAS2022:4,5,10.1016/j.envpol.2022.119816,TableS2_Monitoring sessions,fe649f086e0c075e7ada3a961d7fac181c478f9e4a0ed9f73b6c1e60f57da032,24.536092592203133,0.285294,False,all_litter,visual,not_reported,,,missing_session_link,False,missing_verified_session_coordinates;unresolved_time_zone
5,2017-05-25 10:46:00,3,2.235000000000011,12.0,50,42146.8499999999,25,2.1073425,11.86328278388539,2017,western,<12NM,D2,EMBLAS2022:5,6,10.1016/j.envpol.2022.119816,TableS2_Monitoring sessions,fe649f086e0c075e7ada3a961d7fac181c478f9e4a0ed9f73b6c1e60f57da032,11.86328278388539,2.107342499999995,False,all_litter,visual,not_reported,,,missing_session_link,False,missing_verified_session_coordinates;unresolved_time_zone
6,2017-05-25 15:20:00,3,3.4719444439999783,12.0,50,28718.65,295,1.4359325,205.44141176552517,2017,eastern,>12NM,D3,EMBLAS2022:6,7,10.1016/j.envpol.2022.119816,TableS2_Monitoring sessions,fe649f086e0c075e7ada3a961d7fac181c478f9e4a0ed9f73b6c1e60f57da032,205.44141176552517,1.4359325,False,all_litter,visual,not_reported,,,missing_session_link,False,missing_verified_session_coordinates;unresolved_time_zone
7,2017-05-26 06:22:00,2,1.6308333329999984,12.0,50,41482.76,67,2.074138,32.30257581703821,2017,eastern,>12NM,D4,EMBLAS2022:7,8,10.1016/j.envpol.2022.119816,TableS2_Monitoring sessions,fe649f086e0c075e7ada3a961d7fac181c478f9e4a0ed9f73b6c1e60f57da032,32.30257581703821,2.074138,False,all_litter,visual,not_reported,,,missing_session_link,False,missing_verified_session_coordinates;unresolved_time_zone
8,2017-05-26 08:40:00,2,2.6619444440000186,12.0,50,42160.0,93,2.108,44.11764705882353,2017,eastern,>12NM,D4,EMBLAS2022:8,9,10.1016/j.envpol.2022.119816,TableS2_Monitoring sessions,fe649f086e0c075e7ada3a961d7fac181c478f9e4a0ed9f73b6c1e60f57da032,44.11764705882353,2.108,False,all_litter,visual,not_reported,,,missing_session_link,False,missing_verified_session_coordinates;unresolved_time_zone
9,2017-05-26 11:46:00,1,2.2361111110000116,12.0,50,32988.08,221,1.649404,133.98779195394215,2017,eastern,>12NM,D4,EMBLAS2022:9,10,10.1016/j.envpol.2022.119816,TableS2_Monitoring sessions,fe649f086e0c075e7ada3a961d7fac181c478f9e4a0ed9f73b6c1e60f57da032,133.98779195394215,1.649404,False,all_litter,visual,not_reported,,,missing_session_link,False,missing_verified_session_coordinates;unresolved_time_zone
10,2017-05-26 14:41:00,1,1.3819444439999986,12.0,50,41900.0,178,2.095,84.96420047732695,2017,eastern,>12NM,D3,EMBLAS2022:10,11,10.1016/j.envpol.2022.119816,TableS2_Monitoring sessions,fe649f086e0c075e7ada3a961d7fac181c478f9e4a0ed9f73b6c1e60f57da032,84.96420047732695,2.095,False,all_litter,visual,not_reported,,,missing_session_link,False,missing_verified_session_coordinates;unresolved_time_zone
11,2017-05-26 16:12:00,3,0.6202777780000007,12.0,50,18850.0,42,0.9425,44.56233421750663,2017,eastern,<12NM,D2,EMBLAS2022:11,12,10.1016/j.envpol.2022.119816,TableS2_Monitoring sessions,fe649f086e0c075e7ada3a961d7fac181c478f9e4a0ed9f73b6c1e60f57da032,44.56233421750663,0.9425,False,all_litter,visual,not_reported,,,missing_session_link,False,missing_verified_session_coordinates;unresolved_time_zone
12,2017-05-27 18:25:00,1,1.094444444000001,12.0,50,23860.0,120,1.193,100.5867560771165,2017,eastern,<12NM,D2,EMBLAS2022:12,13,10.1016/j.envpol.2022.119816,TableS2_Monitoring sessions,fe649f086e0c075e7ada3a961d7fac181c478f9e4a0ed9f73b6c1e60f57da032,100.5867560771165,1.193,False,all_litter,visual,not_reported,,,missing_session_link,False,missing_verified_session_coordinates;unresolved_time_zone
13,2017-05-27 19:13:00,3,0.4469444440000004,12.0,50,9060.0,32,0.453,70.64017660044149,2017,eastern,>12NM,D3,EMBLAS2022:13,14,10.1016/j.envpol.2022.119816,TableS2_Monitoring sessions,fe649f086e0c075e7ada3a961d7fac181c478f9e4a0ed9f73b6c1e60f57da032,70.64017660044149,0.453,False,all_litter,visual,not_reported,,,missing_session_link,False,missing_verified_session_coordinates;unresolved_time_zone
14,2017-05-28 06:31:00,1,1.482777778,12.0,50,32700.0,597,1.635,365.13761467889907,2017,eastern,>12NM,D4,EMBLAS2022:14,15,10.1016/j.envpol.2022.119816,TableS2_Monitoring sessions,fe649f086e0c075e7ada3a961d7fac181c478f9e4a0ed9f73b6c1e60f57da032,365.13761467889907,1.635,False,all_litter,visual,not_reported,,,missing_session_link,False,missing_verified_session_coordinates;unresolved_time_zone
15,2017-05-28 08:35:00,1,2.4072222219999775,12.0,50,51780.0,432,2.589,166.8597914252607,2017,eastern,>12NM,D4,EMBLAS2022:15,16,10.1016/j.envpol.2022.119816,TableS2_Monitoring sessions,fe649f086e0c075e7ada3a961d7fac181c478f9e4a0ed9f73b6c1e60f57da032,166.8597914252607,2.589,False,all_litter,visual,not_reported,,,missing_session_link,False,missing_verified_session_coordinates;unresolved_time_zone
16,2017-05-28 19:18:00,1,0.8372222219999979,12.0,30,18533.43,37,0.5560029,66.54641549531486,2017,eastern,>12NM,D4,EMBLAS2022:16,17,10.1016/j.envpol.2022.119816,TableS2_Monitoring sessions,fe649f086e0c075e7ada3a961d7fac181c478f9e4a0ed9f73b6c1e60f57da032,66.54641549531486,0.5560029000000001,False,all_litter,visual,not_reported,,,missing_session_link,False,missing_verified_session_coordinates;unresolved_time_zone
17,2017-05-29 06:01:00,1,1.9113888890000137,12.0,30,41020.0,188,1.2306,152.77100601332685,2017,western,>12NM,D3,EMBLAS2022:17,18,10.1016/j.envpol.2022.119816,TableS2_Monitoring sessions,fe649f086e0c075e7ada3a961d7fac181c478f9e4a0ed9f73b6c1e60f57da032,152.77100601332685,1.2306,False,all_litter,visual,not_reported,,,missing_session_link,False,missing_verified_session_coordinates;unresolved_time_zone
18,2017-05-29 08:34:00,1,1.3997222219999998,12.0,30,33190.0,44,0.9957,44.19001707341569,2017,western,>12NM,D2,EMBLAS2022:18,19,10.1016/j.envpol.2022.119816,TableS2_Monitoring sessions,fe649f086e0c075e7ada3a961d7fac181c478f9e4a0ed9f73b6c1e60f57da032,44.19001707341569,0.9957,False,all_litter,visual,not_reported,,,missing_session_link,False,missing_verified_session_coordinates;unresolved_time_zone
19,2017-05-29 10:02:00,0,1.9044444439999864,12.0,30,42500.0,226,1.275,177.25490196078434,2017,western,>12NM,D2,EMBLAS2022:19,20,10.1016/j.envpol.2022.119816,TableS2_Monitoring sessions,fe649f086e0c075e7ada3a961d7fac181c478f9e4a0ed9f73b6c1e60f57da032,177.25490196078434,1.275,False,all_litter,visual,not_reported,,,missing_session_link,False,missing_verified_session_coordinates;unresolved_time_zone
20,2017-05-29 14:44:00,0,2.04416666700001,12.0,30,54033.5599999999,58,1.6210068,35.780232383972724,2017,western,>12NM,D3,EMBLAS2022:20,21,10.1016/j.envpol.2022.119816,TableS2_Monitoring sessions,fe649f086e0c075e7ada3a961d7fac181c478f9e4a0ed9f73b6c1e60f57da032,35.780232383972724,1.621006799999997,False,all_litter,visual,not_reported,,,missing_session_link,False,missing_verified_session_coordinates;unresolved_time_zone
21,2017-05-31 06:42:00,3,1.0044444440000004,24.0,40,24173.5699999999,1,0.9669428,1.0341873376584427,2017,western,>12NM,D3,EMBLAS2022:21,22,10.1016/j.envpol.2022.119816,TableS2_Monitoring sessions,fe649f086e0c075e7ada3a961d7fac181c478f9e4a0ed9f73b6c1e60f57da032,1.0341873376584427,0.9669427999999961,False,all_litter,visual,not_reported,,,missing_session_link,False,missing_verified_session_coordinates;unresolved_time_zone
22,2017-05-31 08:47:00,3,1.118611111000004,24.0,40,28040.0,6,1.1216,5.349500713266762,2017,western,>12NM,D3,EMBLAS2022:22,23,10.1016/j.envpol.2022.119816,TableS2_Monitoring sessions,fe649f086e0c075e7ada3a961d7fac181c478f9e4a0ed9f73b6c1e60f57da032,5.349500713266762,1.1216,False,all_litter,visual,not_reported,,,missing_session_link,False,missing_verified_session_coordinates;unresolved_time_zone
23,2017-05-31 10:47:00,3,1.0683333329999984,24.0,40,22870.0,3,0.9148,3.2794053344993443,2017,western,>12NM,D3,EMBLAS2022:23,24,10.1016/j.envpol.2022.119816,TableS2_Monitoring sessions,fe649f086e0c075e7ada3a961d7fac181c478f9e4a0ed9f73b6c1e60f57da032,3.2794053344993443,0.9148,False,all_litter,visual,not_reported,,,missing_session_link,False,missing_verified_session_coordinates;unresolved_time_zone
24,2017-05-31 12:06:00,3,1.0066666670000017,24.0,40,21340.0,4,0.8536,4.686035613870665,2017,western,>12NM,D3,EMBLAS2022:24,25,10.1016/j.envpol.2022.119816,TableS2_Monitoring sessions,fe649f086e0c075e7ada3a961d7fac181c478f9e4a0ed9f73b6c1e60f57da032,4.686035613870665,0.8536,False,all_litter,visual,not_reported,,,missing_session_link,False,missing_verified_session_coordinates;unresolved_time_zone
25,2017-05-31 14:02:00,3,1.0344444440000016,24.0,40,21095.4199999999,8,0.8438168,9.480730888505656,2017,western,>12NM,D4,EMBLAS2022:25,26,10.1016/j.envpol.2022.119816,TableS2_Monitoring sessions,fe649f086e0c075e7ada3a961d7fac181c478f9e4a0ed9f73b6c1e60f57da032,9.480730888505656,0.8438167999999959,False,all_litter,visual,not_reported,,,missing_session_link,False,missing_verified_session_coordinates;unresolved_time_zone
26,2017-05-31 15:32:00,3,1.0033333330000003,24.0,40,20530.0,24,0.8212,29.22552362396493,2017,western,>12NM,D4,EMBLAS2022:26,27,10.1016/j.envpol.2022.119816,TableS2_Monitoring sessions,fe649f086e0c075e7ada3a961d7fac181c478f9e4a0ed9f73b6c1e60f57da032,29.22552362396493,0.8212,False,all_litter,visual,not_reported,,,missing_session_link,False,missing_verified_session_coordinates;unresolved_time_zone
27,2017-05-31 17:31:00,3,1.001111111,24.0,40,24940.0,30,0.9976,30.072173215717722,2017,western,>12NM,D4,EMBLAS2022:27,28,10.1016/j.envpol.2022.119816,TableS2_Monitoring sessions,fe649f086e0c075e7ada3a961d7fac181c478f9e4a0ed9f73b6c1e60f57da032,30.072173215717722,0.9976,False,all_litter,visual,not_reported,,,missing_session_link,False,missing_verified_session_coordinates;unresolved_time_zone
28,2017-06-01 14:08:00,2,1.0191666669999997,24.0,40,20781.1699999999,51,0.8312468,61.35361964701699,2017,western,<12NM,D1,EMBLAS2022:28,29,10.1016/j.envpol.2022.119816,TableS2_Monitoring sessions,fe649f086e0c075e7ada3a961d7fac181c478f9e4a0ed9f73b6c1e60f57da032,61.35361964701699,0.831246799999996,False,all_litter,visual,not_reported,,,missing_session_link,False,missing_verified_session_coordinates;unresolved_time_zone
29,2017-06-01 16:27:00,1,1.0800000000000012,24.0,40,28430.0,18,1.1372,15.828350334154063,2017,western,>12NM,D3,EMBLAS2022:29,30,10.1016/j.envpol.2022.119816,TableS2_Monitoring sessions,fe649f086e0c075e7ada3a961d7fac181c478f9e4a0ed9f73b6c1e60f57da032,15.828350334154063,1.1372,False,all_litter,visual,not_reported,,,missing_session_link,False,missing_verified_session_coordinates;unresolved_time_zone
30,2017-06-01 19:02:00,1,1.0036111109999986,24.0,40,26420.0,10,1.0568,9.462528387585163,2017,western,>12NM,D4,EMBLAS2022:30,31,10.1016/j.envpol.2022.119816,TableS2_Monitoring sessions,fe649f086e0c075e7ada3a961d7fac181c478f9e4a0ed9f73b6c1e60f57da032,9.462528387585163,1.0568,False,all_litter,visual,not_reported,,,missing_session_link,False,missing_verified_session_coordinates;unresolved_time_zone
31,2017-06-02 06:04:00,3,1.001666666999998,24.0,40,24720.0,0,0.9888,0.0,2017,western,>12NM,D3,EMBLAS2022:31,32,10.1016/j.envpol.2022.119816,TableS2_Monitoring sessions,fe649f086e0c075e7ada3a961d7fac181c478f9e4a0ed9f73b6c1e60f57da032,0.0,0.9888,True,all_litter,visual,not_reported,,,missing_session_link,False,missing_verified_session_coordinates;unresolved_time_zone
32,2017-06-02 08:31:00,3,1.0666666670000022,24.0,40,26820.0,6,1.0728,5.592841163310962,2017,western,>12NM,D3,EMBLAS2022:32,33,10.1016/j.envpol.2022.119816,TableS2_Monitoring sessions,fe649f086e0c075e7ada3a961d7fac181c478f9e4a0ed9f73b6c1e60f57da032,5.592841163310962,1.0728,False,all_litter,visual,not_reported,,,missing_session_link,False,missing_verified_session_coordinates;unresolved_time_zone
33,2017-06-02 13:17:00,2,1.1547222220000015,24.0,40,22000.0,6,0.88,6.818181818181818,2017,western,<12NM,D1,EMBLAS2022:33,34,10.1016/j.envpol.2022.119816,TableS2_Monitoring sessions,fe649f086e0c075e7ada3a961d7fac181c478f9e4a0ed9f73b6c1e60f57da032,6.818181818181818,0.88,False,all_litter,visual,not_reported,,,missing_session_link,False,missing_verified_session_coordinates;unresolved_time_zone
34,2017-06-05 17:56:00,2,0.966111111,3.0,10,14864.5849999999,8,0.14864585,53.81919508684568,2017,western,<12NM,D1,EMBLAS2022:34,35,10.1016/j.envpol.2022.119816,TableS2_Monitoring sessions,fe649f086e0c075e7ada3a961d7fac181c478f9e4a0ed9f73b6c1e60f57da032,53.81919508684568,0.14864584999999902,False,all_litter,visual,not_reported,,,missing_session_link,False,missing_verified_session_coordinates;unresolved_time_zone
35,2017-06-12 13:38:00,2,0.7458333329999992,3.0,10,6544.90899999999,10,0.06544909,152.79051244257178,2017,western,<12NM,D1,EMBLAS2022:35,36,10.1016/j.envpol.2022.119816,TableS2_Monitoring sessions,fe649f086e0c075e7ada3a961d7fac181c478f9e4a0ed9f73b6c1e60f57da032,152.79051244257178,0.06544908999999989,False,all_litter,visual,not_reported,,,missing_session_link,False,missing_verified_session_coordinates;unresolved_time_zone
36,2017-06-19 13:33:00,1,0.8863888890000016,3.0,10,12137.092,18,0.12137092,148.30570617739406,2017,western,<12NM,D1,EMBLAS2022:36,37,10.1016/j.envpol.2022.119816,TableS2_Monitoring sessions,fe649f086e0c075e7ada3a961d7fac181c478f9e4a0ed9f73b6c1e60f57da032,148.30570617739406,0.12137092000000001,False,all_litter,visual,not_reported,,,missing_session_link,False,missing_verified_session_coordinates;unresolved_time_zone
37,2017-06-26 12:12:00,1,0.7702777779999987,6.0,10,3096.49699999999,18,0.03096497,581.3020325871461,2017,western,<12NM,D1,EMBLAS2022:37,38,10.1016/j.envpol.2022.119816,TableS2_Monitoring sessions,fe649f086e0c075e7ada3a961d7fac181c478f9e4a0ed9f73b6c1e60f57da032,581.3020325871461,0.0309649699999999,False,all_litter,visual,not_reported,,,missing_session_link,False,missing_verified_session_coordinates;unresolved_time_zone
38,2017-07-03 12:50:00,2,0.9602777780000016,3.0,10,11276.4779999999,11,0.11276478,97.5481883616498,2017,western,<12NM,D1,EMBLAS2022:38,39,10.1016/j.envpol.2022.119816,TableS2_Monitoring sessions,fe649f086e0c075e7ada3a961d7fac181c478f9e4a0ed9f73b6c1e60f57da032,97.5481883616498,0.112764779999999,False,all_litter,visual,not_reported,,,missing_session_link,False,missing_verified_session_coordinates;unresolved_time_zone
39,2017-07-09 14:43:00,2,0.8038888890000003,3.0,10,9197.98099999999,5,0.09197981,54.35975568986281,2017,western,<12NM,D1,EMBLAS2022:39,40,10.1016/j.envpol.2022.119816,TableS2_Monitoring sessions,fe649f086e0c075e7ada3a961d7fac181c478f9e4a0ed9f73b6c1e60f57da032,54.35975568986281,0.09197980999999991,False,all_litter,visual,not_reported,,,missing_session_link,False,missing_verified_session_coordinates;unresolved_time_zone
40,2017-07-09 18:28:00,2,1.1980555559999952,6.0,15,14533.5,20,0.2180025,91.74206717812869,2017,western,<12NM,D1,EMBLAS2022:40,41,10.1016/j.envpol.2022.119816,TableS2_Monitoring sessions,fe649f086e0c075e7ada3a961d7fac181c478f9e4a0ed9f73b6c1e60f57da032,91.74206717812869,0.2180025,False,all_litter,visual,not_reported,,,missing_session_link,False,missing_verified_session_coordinates;unresolved_time_zone
41,2017-07-09 20:13:00,2,0.5658333330000004,3.0,10,6230.88,0,0.0623088,0.0,2017,western,<12NM,D2,EMBLAS2022:41,42,10.1016/j.envpol.2022.119816,TableS2_Monitoring sessions,fe649f086e0c075e7ada3a961d7fac181c478f9e4a0ed9f73b6c1e60f57da032,0.0,0.062308800000000004,True,all_litter,visual,not_reported,,,missing_session_link,False,missing_verified_session_coordinates;unresolved_time_zone
42,2017-07-10 13:54:00,3,2.8547222219999884,3.0,10,24150.0,7,0.2415,28.985507246376812,2017,western,>12NM,D3,EMBLAS2022:42,43,10.1016/j.envpol.2022.119816,TableS2_Monitoring sessions,fe649f086e0c075e7ada3a961d7fac181c478f9e4a0ed9f73b6c1e60f57da032,28.985507246376812,0.2415,False,all_litter,visual,not_reported,,,missing_session_link,False,missing_verified_session_coordinates;unresolved_time_zone
43,2017-07-11 10:23:00,2,3.4024999999999848,3.0,10,37290.0,20,0.3729,53.63368195226602,2017,western,>12NM,D3,EMBLAS2022:43,44,10.1016/j.envpol.2022.119816,TableS2_Monitoring sessions,fe649f086e0c075e7ada3a961d7fac181c478f9e4a0ed9f73b6c1e60f57da032,53.63368195226602,0.3729,False,all_litter,visual,not_reported,,,missing_session_link,False,missing_verified_session_coordinates;unresolved_time_zone
44,2017-07-11 14:22:00,2,0.7877777780000003,3.0,10,14954.27,5,0.1495427,33.43526631523973,2017,western,>12NM,D3,EMBLAS2022:44,45,10.1016/j.envpol.2022.119816,TableS2_Monitoring sessions,fe649f086e0c075e7ada3a961d7fac181c478f9e4a0ed9f73b6c1e60f57da032,33.43526631523973,0.1495427,False,all_litter,visual,not_reported,,,missing_session_link,False,missing_verified_session_coordinates;unresolved_time_zone
45,2017-07-12 09:38:00,3,2.0813888890000007,3.0,10,11944.7399999999,7,0.1194474,58.6032010742804,2017,western,<12NM,D1,EMBLAS2022:45,46,10.1016/j.envpol.2022.119816,TableS2_Monitoring sessions,fe649f086e0c075e7ada3a961d7fac181c478f9e4a0ed9f73b6c1e60f57da032,58.6032010742804,0.11944739999999901,False,all_litter,visual,not_reported,,,missing_session_link,False,missing_verified_session_coordinates;unresolved_time_zone
46,2017-07-17 19:28:00,2,0.9505555559999985,3.0,15,8121.67399999999,7,0.12182511,57.459418669927736,2017,western,<12NM,D1,EMBLAS2022:46,47,10.1016/j.envpol.2022.119816,TableS2_Monitoring sessions,fe649f086e0c075e7ada3a961d7fac181c478f9e4a0ed9f73b6c1e60f57da032,57.459418669927736,0.12182510999999986,False,all_litter,visual,not_reported,,,missing_session_link,False,missing_verified_session_coordinates;unresolved_time_zone
47,2017-07-26 15:30:00,2,1.0408333329999973,3.0,10,18503.0449999999,25,0.18503045,135.11289628274696,2017,western,<12NM,D1,EMBLAS2022:47,48,10.1016/j.envpol.2022.119816,TableS2_Monitoring sessions,fe649f086e0c075e7ada3a961d7fac181c478f9e4a0ed9f73b6c1e60f57da032,135.11289628274696,0.18503044999999899,False,all_litter,visual,not_reported,,,missing_session_link,False,missing_verified_session_coordinates;unresolved_time_zone
48,2017-08-05 13:56:00,3,3.2944444439999816,7.0,30,34090.0,7,1.0227,6.844626967830254,2017,western,>12NM,D2,EMBLAS2022:48,49,10.1016/j.envpol.2022.119816,TableS2_Monitoring sessions,fe649f086e0c075e7ada3a961d7fac181c478f9e4a0ed9f73b6c1e60f57da032,6.844626967830254,1.0227,False,all_litter,visual,not_reported,,,missing_session_link,False,missing_verified_session_coordinates;unresolved_time_zone
49,2017-08-10 19:43:00,2,1.0002777779999983,3.0,10,7640.20499999999,23,0.07640205,301.03904280055315,2017,western,<12NM,D1,EMBLAS2022:49,50,10.1016/j.envpol.2022.119816,TableS2_Monitoring sessions,fe649f086e0c075e7ada3a961d7fac181c478f9e4a0ed9f73b6c1e60f57da032,301.03904280055315,0.0764020499999999,False,all_litter,visual,not_reported,,,missing_session_link,False,missing_verified_session_coordinates;unresolved_time_zone
50,2017-08-17 16:28:00,3,0.8924999999999985,3.0,10,19031.0879999999,21,0.19031088,110.34576688416344,2017,western,<12NM,D1,EMBLAS2022:50,51,10.1016/j.envpol.2022.119816,TableS2_Monitoring sessions,fe649f086e0c075e7ada3a961d7fac181c478f9e4a0ed9f73b6c1e60f57da032,110.34576688416344,0.19031087999999902,False,all_litter,visual,not_reported,,,missing_session_link,False,missing_verified_session_coordinates;unresolved_time_zone
51,2017-08-26 11:54:00,1,0.5541666669999997,8.399999999999988,14,6742.40999999999,1,0.09439374,10.593922859715061,2017,western,<12NM,D1,EMBLAS2022:51,52,10.1016/j.envpol.2022.119816,TableS2_Monitoring sessions,fe649f086e0c075e7ada3a961d7fac181c478f9e4a0ed9f73b6c1e60f57da032,10.593922859715061,0.09439373999999986,False,all_litter,visual,not_reported,,,missing_session_link,False,missing_verified_session_coordinates;unresolved_time_zone
52,2017-08-26 12:27:00,1,0.49111111099999943,8.39999999999999,14,7702.72,3,0.10783808,27.81948640035134,2017,western,<12NM,D2,EMBLAS2022:52,53,10.1016/j.envpol.2022.119816,TableS2_Monitoring sessions,fe649f086e0c075e7ada3a961d7fac181c478f9e4a0ed9f73b6c1e60f57da032,27.81948640035134,0.10783808,False,all_litter,visual,not_reported,,,missing_session_link,False,missing_verified_session_coordinates;unresolved_time_zone
53,2017-08-26 12:53:00,1,1.1349999999999996,9.0,14,23030.0,14,0.32242,43.421623968736434,2017,western,<12NM,D2,EMBLAS2022:53,54,10.1016/j.envpol.2022.119816,TableS2_Monitoring sessions,fe649f086e0c075e7ada3a961d7fac181c478f9e4a0ed9f73b6c1e60f57da032,43.421623968736434,0.32242,False,all_litter,visual,not_reported,,,missing_session_link,False,missing_verified_session_coordinates;unresolved_time_zone
54,2017-08-26 12:54:00,1,1.1330555559999986,8.0,14,23030.0,8,0.32242,24.812356553563674,2017,western,<12NM,D2,EMBLAS2022:54,55,10.1016/j.envpol.2022.119816,TableS2_Monitoring sessions,fe649f086e0c075e7ada3a961d7fac181c478f9e4a0ed9f73b6c1e60f57da032,24.812356553563674,0.32242,False,all_litter,visual,not_reported,,,missing_session_link,False,missing_verified_session_coordinates;unresolved_time_zone
55,2017-08-26 14:44:00,2,4.260277778000022,9.0,14,53010.0,19,0.7421,25.60301846112384,2017,western,>12NM,D2,EMBLAS2022:55,56,10.1016/j.envpol.2022.119816,TableS2_Monitoring sessions,fe649f086e0c075e7ada3a961d7fac181c478f9e4a0ed9f73b6c1e60f57da032,25.60301846112384,0.74214,False,all_litter,visual,not_reported,,,missing_session_link,False,missing_verified_session_coordinates;unresolved_time_zone
56,2017-08-26 17:00:00,2,4.260277778000018,9.0,14,53028.0,1,0.7424,1.3469827586206897,2017,western,<12NM,D2,EMBLAS2022:56,57,10.1016/j.envpol.2022.119816,TableS2_Monitoring sessions,fe649f086e0c075e7ada3a961d7fac181c478f9e4a0ed9f73b6c1e60f57da032,1.3469827586206897,0.742392,False,all_litter,visual,not_reported,,,missing_session_link,False,missing_verified_session_coordinates;unresolved_time_zone
57,2017-08-27 07:36:00,2,0.33055555600000014,9.0,14,5800.0,1,0.0812,12.315270935960593,2017,western,<12NM,D2,EMBLAS2022:57,58,10.1016/j.envpol.2022.119816,TableS2_Monitoring sessions,fe649f086e0c075e7ada3a961d7fac181c478f9e4a0ed9f73b6c1e60f57da032,12.315270935960593,0.0812,False,all_litter,visual,not_reported,,,missing_session_link,False,missing_verified_session_coordinates;unresolved_time_zone
58,2017-08-27 12:18:00,2,3.514722222000027,9.0,14,50240.0,4,0.70336,5.686988171064605,2017,western,<12NM,D2,EMBLAS2022:58,59,10.1016/j.envpol.2022.119816,TableS2_Monitoring sessions,fe649f086e0c075e7ada3a961d7fac181c478f9e4a0ed9f73b6c1e60f57da032,5.686988171064605,0.70336,False,all_litter,visual,not_reported,,,missing_session_link,False,missing_verified_session_coordinates;unresolved_time_zone
59,2017-08-27 12:19:00,2,3.567777777999994,9.0,14,47100.0,9,0.6594,13.64877161055505,2017,western,<12NM,D2,EMBLAS2022:59,60,10.1016/j.envpol.2022.119816,TableS2_Monitoring sessions,fe649f086e0c075e7ada3a961d7fac181c478f9e4a0ed9f73b6c1e60f57da032,13.64877161055505,0.6594,False,all_litter,visual,not_reported,,,missing_session_link,False,missing_verified_session_coordinates;unresolved_time_zone
60,2017-08-27 15:57:00,3,0.5630555559999999,9.0,14,2300.15999999999,6,0.03220224,186.32244216551396,2017,western,<12NM,D1,EMBLAS2022:60,61,10.1016/j.envpol.2022.119816,TableS2_Monitoring sessions,fe649f086e0c075e7ada3a961d7fac181c478f9e4a0ed9f73b6c1e60f57da032,186.32244216551396,0.03220223999999986,False,all_litter,visual,not_reported,,,missing_session_link,False,missing_verified_session_coordinates;unresolved_time_zone
61,2017-08-29 14:37:00,4,1.004444444,4.0,10,13747.7839999999,3,0.13747784,21.82169868249312,2017,western,<12NM,D1,EMBLAS2022:61,62,10.1016/j.envpol.2022.119816,TableS2_Monitoring sessions,fe649f086e0c075e7ada3a961d7fac181c478f9e4a0ed9f73b6c1e60f57da032,21.82169868249312,0.13747783999999902,False,all_litter,visual,not_reported,,,missing_session_link,False,missing_verified_session_coordinates;unresolved_time_zone
62,2017-08-31 11:53:00,3,1.1736111110000051,9.0,15,23340.0,34,0.3501,97.1151099685804,2017,western,>12NM,D4,EMBLAS2022:62,63,10.1016/j.envpol.2022.119816,TableS2_Monitoring sessions,fe649f086e0c075e7ada3a961d7fac181c478f9e4a0ed9f73b6c1e60f57da032,97.1151099685804,0.3501,False,all_litter,visual,not_reported,,,missing_session_link,False,missing_verified_session_coordinates;unresolved_time_zone
63,2017-08-31 14:33:00,4,0.31888888900000006,9.0,15,3469.33899999999,4,0.052040085,76.8638252608542,2017,western,>12NM,D4,EMBLAS2022:63,64,10.1016/j.envpol.2022.119816,TableS2_Monitoring sessions,fe649f086e0c075e7ada3a961d7fac181c478f9e4a0ed9f73b6c1e60f57da032,76.8638252608542,0.05204008499999985,False,all_litter,visual,not_reported,,,missing_session_link,False,missing_verified_session_coordinates;unresolved_time_zone
64,2017-08-31 14:56:00,4,0.7891666670000022,9.0,15,17258.83,13,0.25888245,50.21584120514929,2017,western,>12NM,D4,EMBLAS2022:64,65,10.1016/j.envpol.2022.119816,TableS2_Monitoring sessions,fe649f086e0c075e7ada3a961d7fac181c478f9e4a0ed9f73b6c1e60f57da032,50.21584120514929,0.25888245,False,all_litter,visual,not_reported,,,missing_session_link,False,missing_verified_session_coordinates;unresolved_time_zone
65,2017-09-01 14:34:00,3,1.0172222220000007,7.5,15,18894.6399999999,49,0.2834196,172.88853699602993,2017,eastern,>12NM,D4,EMBLAS2022:65,66,10.1016/j.envpol.2022.119816,TableS2_Monitoring sessions,fe649f086e0c075e7ada3a961d7fac181c478f9e4a0ed9f73b6c1e60f57da032,172.88853699602993,0.2834195999999985,False,all_litter,visual,not_reported,,,missing_session_link,False,missing_verified_session_coordinates;unresolved_time_zone
66,2017-09-01 15:38:00,1,2.3536111109999904,7.5,7,44932.5599999999,92,0.31452792,292.50185484328387,2017,eastern,>12NM,D4,EMBLAS2022:66,67,10.1016/j.envpol.2022.119816,TableS2_Monitoring sessions,fe649f086e0c075e7ada3a961d7fac181c478f9e4a0ed9f73b6c1e60f57da032,292.50185484328387,0.31452791999999935,False,all_litter,visual,not_reported,,,missing_session_link,False,missing_verified_session_coordinates;unresolved_time_zone
67,2017-09-01 18:25:00,3,0.48333333299999975,7.5,7,9070.0,21,0.06349,330.760749724366,2017,eastern,>12NM,D4,EMBLAS2022:67,68,10.1016/j.envpol.2022.119816,TableS2_Monitoring sessions,fe649f086e0c075e7ada3a961d7fac181c478f9e4a0ed9f73b6c1e60f57da032,330.760749724366,0.06349,False,all_litter,visual,not_reported,,,missing_session_link,False,missing_verified_session_coordinates;unresolved_time_zone
68,2017-09-02 07:14:00,1,1.627499999999998,7.5,7,30820.0499999999,48,0.21574035,222.48967335039552,2017,eastern,>12NM,D4,EMBLAS2022:68,69,10.1016/j.envpol.2022.119816,TableS2_Monitoring sessions,fe649f086e0c075e7ada3a961d7fac181c478f9e4a0ed9f73b6c1e60f57da032,222.48967335039552,0.2157403499999993,False,all_litter,visual,not_reported,,,missing_session_link,False,missing_verified_session_coordinates;unresolved_time_zone
69,2017-09-02 15:13:00,2,1.8802777780000135,7.5,7,35090.0,199,0.24563,810.1616252086471,2017,eastern,>12NM,D4,EMBLAS2022:69,70,10.1016/j.envpol.2022.119816,TableS2_Monitoring sessions,fe649f086e0c075e7ada3a961d7fac181c478f9e4a0ed9f73b6c1e60f57da032,810.1616252086471,0.24563,False,all_litter,visual,not_reported,,,missing_session_link,False,missing_verified_session_coordinates;unresolved_time_zone
70,2017-09-03 10:50:00,2,0.6538888890000008,7.5,15,13351.9099999999,92,0.20027865,459.35999668461915,2017,eastern,>12NM,D2,EMBLAS2022:70,71,10.1016/j.envpol.2022.119816,TableS2_Monitoring sessions,fe649f086e0c075e7ada3a961d7fac181c478f9e4a0ed9f73b6c1e60f57da032,459.35999668461915,0.2002786499999985,False,all_litter,visual,not_reported,,,missing_session_link,False,missing_verified_session_coordinates;unresolved_time_zone
71,2017-09-03 11:30:00,2,0.8016666670000033,7.5,15,15442.447,93,0.231636705,401.4907740981724,2017,eastern,<12NM,D2,EMBLAS2022:71,72,10.1016/j.envpol.2022.119816,TableS2_Monitoring sessions,fe649f086e0c075e7ada3a961d7fac181c478f9e4a0ed9f73b6c1e60f57da032,401.4907740981724,0.23163670500000003,False,all_litter,visual,not_reported,,,missing_session_link,False,missing_verified_session_coordinates;unresolved_time_zone
72,2017-09-03 12:18:00,2,0.40083333300000024,7.5,15,3946.15999999999,7,0.0591924,118.25842506808307,2017,eastern,<12NM,D1,EMBLAS2022:72,73,10.1016/j.envpol.2022.119816,TableS2_Monitoring sessions,fe649f086e0c075e7ada3a961d7fac181c478f9e4a0ed9f73b6c1e60f57da032,118.25842506808307,0.059192399999999847,False,all_litter,visual,not_reported,,,missing_session_link,False,missing_verified_session_coordinates;unresolved_time_zone
73,2017-09-03 12:43:00,2,0.6072222219999993,7.5,15,2507.25,12,0.03760875,319.07468341808755,2017,eastern,<12NM,D1,EMBLAS2022:73,74,10.1016/j.envpol.2022.119816,TableS2_Monitoring sessions,fe649f086e0c075e7ada3a961d7fac181c478f9e4a0ed9f73b6c1e60f57da032,319.07468341808755,0.03760875,False,all_litter,visual,not_reported,,,missing_session_link,False,missing_verified_session_coordinates;unresolved_time_zone
74,2017-09-04 07:02:00,2,1.0369444440000037,7.5,15,20600.0,166,0.309,537.2168284789644,2017,eastern,>12NM,D3,EMBLAS2022:74,75,10.1016/j.envpol.2022.119816,TableS2_Monitoring sessions,fe649f086e0c075e7ada3a961d7fac181c478f9e4a0ed9f73b6c1e60f57da032,537.2168284789644,0.309,False,all_litter,visual,not_reported,,,missing_session_link,False,missing_verified_session_coordinates;unresolved_time_zone
75,2017-09-04 10:11:00,2,1.0288888890000008,7.5,15,21370.0,77,0.32055,240.2121353922945,2017,eastern,>12NM,D4,EMBLAS2022:75,76,10.1016/j.envpol.2022.119816,TableS2_Monitoring sessions,fe649f086e0c075e7ada3a961d7fac181c478f9e4a0ed9f73b6c1e60f57da032,240.2121353922945,0.32055,False,all_litter,visual,not_reported,,,missing_session_link,False,missing_verified_session_coordinates;unresolved_time_zone
76,2017-09-04 12:17:00,2,1.0691666669999973,7.5,15,21330.0,71,0.31995,221.90967338646664,2017,eastern,>12NM,D4,EMBLAS2022:76,77,10.1016/j.envpol.2022.119816,TableS2_Monitoring sessions,fe649f086e0c075e7ada3a961d7fac181c478f9e4a0ed9f73b6c1e60f57da032,221.90967338646664,0.31995,False,all_litter,visual,not_reported,,,missing_session_link,False,missing_verified_session_coordinates;unresolved_time_zone
77,2017-09-04 14:05:00,3,0.9972222220000032,7.5,15,19610.0,98,0.29415,333.16335203127653,2017,eastern,>12NM,D4,EMBLAS2022:77,78,10.1016/j.envpol.2022.119816,TableS2_Monitoring sessions,fe649f086e0c075e7ada3a961d7fac181c478f9e4a0ed9f73b6c1e60f57da032,333.16335203127653,0.29415,False,all_litter,visual,not_reported,,,missing_session_link,False,missing_verified_session_coordinates;unresolved_time_zone
78,2017-09-04 18:02:00,3,0.9936111110000038,7.5,15,18960.0,23,0.2844,80.8720112517581,2017,eastern,>12NM,D4,EMBLAS2022:78,79,10.1016/j.envpol.2022.119816,TableS2_Monitoring sessions,fe649f086e0c075e7ada3a961d7fac181c478f9e4a0ed9f73b6c1e60f57da032,80.8720112517581,0.2844,False,all_litter,visual,not_reported,,,missing_session_link,False,missing_verified_session_coordinates;unresolved_time_zone
79,2017-09-06 07:30:00,3,1.0247222219999983,7.5,15,20729.4599999999,11,0.3109419,35.37638381961389,2017,western,>12NM,D3,EMBLAS2022:79,80,10.1016/j.envpol.2022.119816,TableS2_Monitoring sessions,fe649f086e0c075e7ada3a961d7fac181c478f9e4a0ed9f73b6c1e60f57da032,35.37638381961389,0.3109418999999985,False,all_litter,visual,not_reported,,,missing_session_link,False,missing_verified_session_coordinates;unresolved_time_zone
80,2017-09-06 09:30:00,3,1.0155555559999987,7.5,15,20354.72,13,0.3053208,42.57816696405879,2017,western,>12NM,D3,EMBLAS2022:80,81,10.1016/j.envpol.2022.119816,TableS2_Monitoring sessions,fe649f086e0c075e7ada3a961d7fac181c478f9e4a0ed9f73b6c1e60f57da032,42.57816696405879,0.30532080000000006,False,all_litter,visual,not_reported,,,missing_session_link,False,missing_verified_session_coordinates;unresolved_time_zone
81,2017-09-06 10:56:00,2,1.0927777779999988,7.5,15,22342.3159999999,16,0.33513474,47.74199177321933,2017,western,>12NM,D3,EMBLAS2022:81,82,10.1016/j.envpol.2022.119816,TableS2_Monitoring sessions,fe649f086e0c075e7ada3a961d7fac181c478f9e4a0ed9f73b6c1e60f57da032,47.74199177321933,0.33513473999999854,False,all_litter,visual,not_reported,,,missing_session_link,False,missing_verified_session_coordinates;unresolved_time_zone
82,2017-09-06 12:51:00,3,1.1533333330000033,7.5,15,24940.0,5,0.3741,13.365410318096766,2017,western,<12NM,D2,EMBLAS2022:82,83,10.1016/j.envpol.2022.119816,TableS2_Monitoring sessions,fe649f086e0c075e7ada3a961d7fac181c478f9e4a0ed9f73b6c1e60f57da032,13.365410318096766,0.3741,False,all_litter,visual,not_reported,,,missing_session_link,False,missing_verified_session_coordinates;unresolved_time_zone
83,2017-09-06 14:45:00,2,0.34611111100000036,7.5,15,6060.0,1,0.0909,11.001100110011002,2017,western,<12NM,D2,EMBLAS2022:83,84,10.1016/j.envpol.2022.119816,TableS2_Monitoring sessions,fe649f086e0c075e7ada3a961d7fac181c478f9e4a0ed9f73b6c1e60f57da032,11.001100110011002,0.0909,False,all_litter,visual,not_reported,,,missing_session_link,False,missing_verified_session_coordinates;unresolved_time_zone
84,2017-09-07 08:51:00,1,1.0913888890000008,7.5,15,5071.94999999999,15,0.07607925,197.1628269206124,2017,western,<12NM,D1,EMBLAS2022:84,85,10.1016/j.envpol.2022.119816,TableS2_Monitoring sessions,fe649f086e0c075e7ada3a961d7fac181c478f9e4a0ed9f73b6c1e60f57da032,197.1628269206124,0.07607924999999985,False,all_litter,visual,not_reported,,,missing_session_link,False,missing_verified_session_coordinates;unresolved_time_zone
85,2017-09-08 12:41:00,1,1.8741666669999975,12.0,15,25860.0,3,0.3879,7.733952049497293,2017,western,<12NM,D2,EMBLAS2022:85,86,10.1016/j.envpol.2022.119816,TableS2_Monitoring sessions,fe649f086e0c075e7ada3a961d7fac181c478f9e4a0ed9f73b6c1e60f57da032,7.733952049497293,0.3879,False,all_litter,visual,not_reported,,,missing_session_link,False,missing_verified_session_coordinates;unresolved_time_zone
86,2017-09-20 18:04:00,1,0.9836111110000001,3.0,10,7957.07999999999,24,0.0795708,301.6181815439835,2017,western,<12NM,D1,EMBLAS2022:86,87,10.1016/j.envpol.2022.119816,TableS2_Monitoring sessions,fe649f086e0c075e7ada3a961d7fac181c478f9e4a0ed9f73b6c1e60f57da032,301.6181815439835,0.0795707999999999,False,all_litter,visual,not_reported,,,missing_session_link,False,missing_verified_session_coordinates;unresolved_time_zone
87,2017-10-24 14:54:00,3,0.6741666670000003,5.0,10,8140.0,24,0.0814,294.84029484029486,2017,eastern,>12NM,D2,EMBLAS2022:87,88,10.1016/j.envpol.2022.119816,TableS2_Monitoring sessions,fe649f086e0c075e7ada3a961d7fac181c478f9e4a0ed9f73b6c1e60f57da032,294.84029484029486,0.0814,False,all_litter,visual,not_reported,,,missing_session_link,False,missing_verified_session_coordinates;unresolved_time_zone
88,2017-10-24 16:52:00,4,0.6855555559999988,5.0,10,7100.0,18,0.071,253.5211267605634,2017,eastern,>12NM,D3,EMBLAS2022:88,89,10.1016/j.envpol.2022.119816,TableS2_Monitoring sessions,fe649f086e0c075e7ada3a961d7fac181c478f9e4a0ed9f73b6c1e60f57da032,253.5211267605634,0.071,False,all_litter,visual,not_reported,,,missing_session_link,False,missing_verified_session_coordinates;unresolved_time_zone
89,2017-10-25 09:49:00,2,1.1597222219999994,5.0,10,18600.0,45,0.186,241.93548387096774,2017,eastern,>12NM,D3,EMBLAS2022:89,90,10.1016/j.envpol.2022.119816,TableS2_Monitoring sessions,fe649f086e0c075e7ada3a961d7fac181c478f9e4a0ed9f73b6c1e60f57da032,241.93548387096774,0.186,False,all_litter,visual,not_reported,,,missing_session_link,False,missing_verified_session_coordinates;unresolved_time_zone
90,2017-10-25 12:01:00,2,1.251111111,5.0,10,22070.0,15,0.2207,67.96556411418214,2017,eastern,>12NM,D3,EMBLAS2022:90,91,10.1016/j.envpol.2022.119816,TableS2_Monitoring sessions,fe649f086e0c075e7ada3a961d7fac181c478f9e4a0ed9f73b6c1e60f57da032,67.96556411418214,0.2207,False,all_litter,visual,not_reported,,,missing_session_link,False,missing_verified_session_coordinates;unresolved_time_zone
91,2017-10-25 15:03:00,4,1.2297222219999988,5.0,10,21090.0,25,0.2109,118.53959222380274,2017,eastern,>12NM,D4,EMBLAS2022:91,92,10.1016/j.envpol.2022.119816,TableS2_Monitoring sessions,fe649f086e0c075e7ada3a961d7fac181c478f9e4a0ed9f73b6c1e60f57da032,118.53959222380274,0.2109,False,all_litter,visual,not_reported,,,missing_session_link,False,missing_verified_session_coordinates;unresolved_time_zone
92,2017-10-26 12:05:00,3,1.5002777779999978,5.0,10,27060.0,52,0.2706,192.16555801921655,2017,eastern,>12NM,D4,EMBLAS2022:92,93,10.1016/j.envpol.2022.119816,TableS2_Monitoring sessions,fe649f086e0c075e7ada3a961d7fac181c478f9e4a0ed9f73b6c1e60f57da032,192.16555801921655,0.2706,False,all_litter,visual,not_reported,,,missing_session_link,False,missing_verified_session_coordinates;unresolved_time_zone
93,2017-10-26 14:53:00,3,1.5575000000000034,5.0,10,30010.0,29,0.3001,96.63445518160614,2017,eastern,>12NM,D4,EMBLAS2022:93,94,10.1016/j.envpol.2022.119816,TableS2_Monitoring sessions,fe649f086e0c075e7ada3a961d7fac181c478f9e4a0ed9f73b6c1e60f57da032,96.63445518160614,0.3001,False,all_litter,visual,not_reported,,,missing_session_link,False,missing_verified_session_coordinates;unresolved_time_zone
94,2017-10-27 09:04:00,3,1.407777778000001,5.0,10,24770.0,38,0.2477,153.41138473960436,2017,eastern,>12NM,D4,EMBLAS2022:94,95,10.1016/j.envpol.2022.119816,TableS2_Monitoring sessions,fe649f086e0c075e7ada3a961d7fac181c478f9e4a0ed9f73b6c1e60f57da032,153.41138473960436,0.2477,False,all_litter,visual,not_reported,,,missing_session_link,False,missing_verified_session_coordinates;unresolved_time_zone
95,2017-10-27 13:02:00,2,1.0866666670000025,5.0,10,19980.0,75,0.1998,375.37537537537537,2017,eastern,>12NM,D4,EMBLAS2022:95,96,10.1016/j.envpol.2022.119816,TableS2_Monitoring sessions,fe649f086e0c075e7ada3a961d7fac181c478f9e4a0ed9f73b6c1e60f57da032,375.37537537537537,0.1998,False,all_litter,visual,not_reported,,,missing_session_link,False,missing_verified_session_coordinates;unresolved_time_zone
96,2017-10-27 16:20:00,2,0.6277777780000008,5.0,10,11220.0,26,0.1122,231.72905525846704,2017,eastern,>12NM,D3,EMBLAS2022:96,97,10.1016/j.envpol.2022.119816,TableS2_Monitoring sessions,fe649f086e0c075e7ada3a961d7fac181c478f9e4a0ed9f73b6c1e60f57da032,231.72905525846704,0.1122,False,all_litter,visual,not_reported,,,missing_session_link,False,missing_verified_session_coordinates;unresolved_time_zone
97,2017-10-28 10:11:00,3,0.9249999999999986,5.0,10,17030.0,34,0.1703,199.64768056371108,2017,eastern,>12NM,D3,EMBLAS2022:97,98,10.1016/j.envpol.2022.119816,TableS2_Monitoring sessions,fe649f086e0c075e7ada3a961d7fac181c478f9e4a0ed9f73b6c1e60f57da032,199.64768056371108,0.1703,False,all_litter,visual,not_reported,,,missing_session_link,False,missing_verified_session_coordinates;unresolved_time_zone
98,2017-10-28 12:17:00,4,0.9316666670000013,5.0,10,16260.0,27,0.1626,166.05166051660518,2017,eastern,>12NM,D3,EMBLAS2022:98,99,10.1016/j.envpol.2022.119816,TableS2_Monitoring sessions,fe649f086e0c075e7ada3a961d7fac181c478f9e4a0ed9f73b6c1e60f57da032,166.05166051660518,0.1626,False,all_litter,visual,not_reported,,,missing_session_link,False,missing_verified_session_coordinates;unresolved_time_zone
99,2017-11-09 08:39:00,3,1.0286111110000027,24.0,20,29360.0,2,0.5872,3.4059945504087192,2017,western,>12NM,D3,EMBLAS2022:99,100,10.1016/j.envpol.2022.119816,TableS2_Monitoring sessions,fe649f086e0c075e7ada3a961d7fac181c478f9e4a0ed9f73b6c1e60f57da032,3.4059945504087192,0.5872,False,all_litter,visual,not_reported,,,missing_session_link,False,missing_verified_session_coordinates;unresolved_time_zone
100,2017-11-09 11:01:00,3,1.0008333330000019,24.0,20,28990.0,2,0.5798,3.449465332873405,2017,western,>12NM,D3,EMBLAS2022:100,101,10.1016/j.envpol.2022.119816,TableS2_Monitoring sessions,fe649f086e0c075e7ada3a961d7fac181c478f9e4a0ed9f73b6c1e60f57da032,3.449465332873405,0.5798,False,all_litter,visual,not_reported,,,missing_session_link,False,missing_verified_session_coordinates;unresolved_time_zone
101,2017-11-09 13:37:00,3,1.1113888890000003,24.0,20,32530.0,10,0.6506,15.370427297878882,2017,western,>12NM,D2,EMBLAS2022:101,102,10.1016/j.envpol.2022.119816,TableS2_Monitoring sessions,fe649f086e0c075e7ada3a961d7fac181c478f9e4a0ed9f73b6c1e60f57da032,15.370427297878882,0.6506,False,all_litter,visual,not_reported,,,missing_session_link,False,missing_verified_session_coordinates;unresolved_time_zone
102,2017-11-10 07:01:00,1,0.8788888889999991,24.0,20,27287.84,3,0.5457568,5.496953954581967,2017,eastern,>12NM,D4,EMBLAS2022:102,103,10.1016/j.envpol.2022.119816,TableS2_Monitoring sessions,fe649f086e0c075e7ada3a961d7fac181c478f9e4a0ed9f73b6c1e60f57da032,5.496953954581967,0.5457568,False,all_litter,visual,not_reported,,,missing_session_link,False,missing_verified_session_coordinates;unresolved_time_zone
103,2017-11-10 08:37:00,3,0.6850000000000007,24.0,20,19594.43,3,0.3918886,7.655236717781533,2017,eastern,>12NM,D4,EMBLAS2022:103,104,10.1016/j.envpol.2022.119816,TableS2_Monitoring sessions,fe649f086e0c075e7ada3a961d7fac181c478f9e4a0ed9f73b6c1e60f57da032,7.655236717781533,0.3918886,False,all_litter,visual,not_reported,,,missing_session_link,False,missing_verified_session_coordinates;unresolved_time_zone
104,2017-11-10 09:47:00,3,0.885555556,24.0,20,26540.0,13,0.5308,24.491333835719665,2017,eastern,>12NM,D4,EMBLAS2022:104,105,10.1016/j.envpol.2022.119816,TableS2_Monitoring sessions,fe649f086e0c075e7ada3a961d7fac181c478f9e4a0ed9f73b6c1e60f57da032,24.491333835719665,0.5308,False,all_litter,visual,not_reported,,,missing_session_link,False,missing_verified_session_coordinates;unresolved_time_zone
105,2017-11-10 13:48:00,3,0.837222221999998,24.0,20,25423.8699999999,33,0.5084774,64.89963959066814,2017,eastern,>12NM,D4,EMBLAS2022:105,106,10.1016/j.envpol.2022.119816,TableS2_Monitoring sessions,fe649f086e0c075e7ada3a961d7fac181c478f9e4a0ed9f73b6c1e60f57da032,64.89963959066814,0.5084773999999981,False,all_litter,visual,not_reported,,,missing_session_link,False,missing_verified_session_coordinates;unresolved_time_zone
106,2017-11-11 14:14:00,1,1.0405555559999973,24.0,20,31609.664,43,0.63219328,68.01717348213509,2017,eastern,<12NM,D2,EMBLAS2022:106,107,10.1016/j.envpol.2022.119816,TableS2_Monitoring sessions,fe649f086e0c075e7ada3a961d7fac181c478f9e4a0ed9f73b6c1e60f57da032,68.01717348213509,0.6321932800000001,False,all_litter,visual,not_reported,,,missing_session_link,False,missing_verified_session_coordinates;unresolved_time_zone
107,2017-11-11 15:39:00,1,0.5213888890000005,24.0,20,16279.4899999999,6,0.3255898,18.42809572044333,2017,eastern,>12NM,D3,EMBLAS2022:107,108,10.1016/j.envpol.2022.119816,TableS2_Monitoring sessions,fe649f086e0c075e7ada3a961d7fac181c478f9e4a0ed9f73b6c1e60f57da032,18.42809572044333,0.325589799999998,False,all_litter,visual,not_reported,,,missing_session_link,False,missing_verified_session_coordinates;unresolved_time_zone
108,2017-11-12 07:04:00,2,0.28472222199999986,24.0,20,8790.0,1,0.1758,5.688282138794084,2017,eastern,>12NM,D4,EMBLAS2022:108,109,10.1016/j.envpol.2022.119816,TableS2_Monitoring sessions,fe649f086e0c075e7ada3a961d7fac181c478f9e4a0ed9f73b6c1e60f57da032,5.688282138794084,0.1758,False,all_litter,visual,not_reported,,,missing_session_link,False,missing_verified_session_coordinates;unresolved_time_zone
109,2017-11-12 07:26:00,2,0.5322222220000007,24.0,20,15538.796,0,0.31077592,0.0,2017,eastern,>12NM,D4,EMBLAS2022:109,110,10.1016/j.envpol.2022.119816,TableS2_Monitoring sessions,fe649f086e0c075e7ada3a961d7fac181c478f9e4a0ed9f73b6c1e60f57da032,0.0,0.31077592,True,all_litter,visual,not_reported,,,missing_session_link,False,missing_verified_session_coordinates;unresolved_time_zone
110,2017-11-12 08:44:00,3,0.8191666670000006,24.0,20,25224.5699999999,13,0.5044914,25.76852648033247,2017,eastern,>12NM,D4,EMBLAS2022:110,111,10.1016/j.envpol.2022.119816,TableS2_Monitoring sessions,fe649f086e0c075e7ada3a961d7fac181c478f9e4a0ed9f73b6c1e60f57da032,25.76852648033247,0.504491399999998,False,all_litter,visual,not_reported,,,missing_session_link,False,missing_verified_session_coordinates;unresolved_time_zone
111,2017-11-12 11:00:00,2,0.6724999999999995,24.0,20,20820.0,5,0.4164,12.007684918347742,2017,eastern,>12NM,D3,EMBLAS2022:111,112,10.1016/j.envpol.2022.119816,TableS2_Monitoring sessions,fe649f086e0c075e7ada3a961d7fac181c478f9e4a0ed9f73b6c1e60f57da032,12.007684918347742,0.4164,False,all_litter,visual,not_reported,,,missing_session_link,False,missing_verified_session_coordinates;unresolved_time_zone
112,2017-11-12 14:23:00,3,0.8116666669999987,24.0,20,23450.0,2,0.469,4.264392324093817,2017,western,>12NM,D2,EMBLAS2022:112,113,10.1016/j.envpol.2022.119816,TableS2_Monitoring sessions,fe649f086e0c075e7ada3a961d7fac181c478f9e4a0ed9f73b6c1e60f57da032,4.264392324093817,0.469,False,all_litter,visual,not_reported,,,missing_session_link,False,missing_verified_session_coordinates;unresolved_time_zone
113,2017-11-15 07:12:00,3,0.681111111,24.0,20,17357.1599999999,2,0.3471432,5.7613111822441,2017,western,>12NM,D3,EMBLAS2022:113,114,10.1016/j.envpol.2022.119816,TableS2_Monitoring sessions,fe649f086e0c075e7ada3a961d7fac181c478f9e4a0ed9f73b6c1e60f57da032,5.7613111822441,0.34714319999999804,False,all_litter,visual,not_reported,,,missing_session_link,False,missing_verified_session_coordinates;unresolved_time_zone
114,2017-11-15 08:33:00,3,0.526388889,24.0,20,13039.884,3,0.26079768,11.503169813473802,2017,western,>12NM,D3,EMBLAS2022:114,115,10.1016/j.envpol.2022.119816,TableS2_Monitoring sessions,fe649f086e0c075e7ada3a961d7fac181c478f9e4a0ed9f73b6c1e60f57da032,11.503169813473802,0.26079768,False,all_litter,visual,not_reported,,,missing_session_link,False,missing_verified_session_coordinates;unresolved_time_zone
115,2017-11-15 08:39:00,1,0.5255555560000004,3.0,15,3386.384,1,0.05079576,19.68668251050875,2017,eastern,<12NM,D1,EMBLAS2022:115,116,10.1016/j.envpol.2022.119816,TableS2_Monitoring sessions,fe649f086e0c075e7ada3a961d7fac181c478f9e4a0ed9f73b6c1e60f57da032,19.68668251050875,0.05079576,False,all_litter,visual,not_reported,,,missing_session_link,False,missing_verified_session_coordinates;unresolved_time_zone
116,2017-11-15 09:29:00,3,0.6030555560000006,24.0,20,15478.7299999999,14,0.3095746,45.22334842716425,2017,western,>12NM,D3,EMBLAS2022:116,117,10.1016/j.envpol.2022.119816,TableS2_Monitoring sessions,fe649f086e0c075e7ada3a961d7fac181c478f9e4a0ed9f73b6c1e60f57da032,45.22334842716425,0.309574599999998,False,all_litter,visual,not_reported,,,missing_session_link,False,missing_verified_session_coordinates;unresolved_time_zone
117,2017-11-15 10:52:00,1,1.4644444440000028,3.0,15,8967.27,2,0.13450905,14.868888004190053,2017,eastern,<12NM,D1,EMBLAS2022:117,118,10.1016/j.envpol.2022.119816,TableS2_Monitoring sessions,fe649f086e0c075e7ada3a961d7fac181c478f9e4a0ed9f73b6c1e60f57da032,14.868888004190053,0.13450905000000002,False,all_litter,visual,not_reported,,,missing_session_link,False,missing_verified_session_coordinates;unresolved_time_zone
118,2017-11-15 12:24:00,1,1.2963888890000044,3.0,15,11174.5499999999,0,0.16761825,0.0,2017,eastern,<12NM,D1,EMBLAS2022:118,119,10.1016/j.envpol.2022.119816,TableS2_Monitoring sessions,fe649f086e0c075e7ada3a961d7fac181c478f9e4a0ed9f73b6c1e60f57da032,0.0,0.1676182499999985,True,all_litter,visual,not_reported,,,missing_session_link,False,missing_verified_session_coordinates;unresolved_time_zone
119,2017-11-15 13:37:00,3,0.811388889,24.0,20,21087.6599999999,0,0.4217532,0.0,2017,western,>12NM,D3,EMBLAS2022:119,120,10.1016/j.envpol.2022.119816,TableS2_Monitoring sessions,fe649f086e0c075e7ada3a961d7fac181c478f9e4a0ed9f73b6c1e60f57da032,0.0,0.42175319999999805,True,all_litter,visual,not_reported,,,missing_session_link,False,missing_verified_session_coordinates;unresolved_time_zone
120,2017-11-15 13:50:00,1,0.4388888890000002,3.0,15,3442.62399999999,1,0.05163936,19.36507346334269,2017,eastern,<12NM,D1,EMBLAS2022:120,121,10.1016/j.envpol.2022.119816,TableS2_Monitoring sessions,fe649f086e0c075e7ada3a961d7fac181c478f9e4a0ed9f73b6c1e60f57da032,19.36507346334269,0.05163935999999985,False,all_litter,visual,not_reported,,,missing_session_link,False,missing_verified_session_coordinates;unresolved_time_zone
121,2017-11-15 14:46:00,1,0.5172222220000007,3.0,15,8396.65999999999,4,0.1259499,31.758659594013174,2017,eastern,<12NM,D1,EMBLAS2022:121,122,10.1016/j.envpol.2022.119816,TableS2_Monitoring sessions,fe649f086e0c075e7ada3a961d7fac181c478f9e4a0ed9f73b6c1e60f57da032,31.758659594013174,0.12594989999999986,False,all_litter,visual,not_reported,,,missing_session_link,False,missing_verified_session_coordinates;unresolved_time_zone
122,2017-11-15 15:05:00,3,0.2755555559999999,24.0,20,7058.051,1,0.14116102,7.0841086299886475,2017,western,>12NM,D4,EMBLAS2022:122,123,10.1016/j.envpol.2022.119816,TableS2_Monitoring sessions,fe649f086e0c075e7ada3a961d7fac181c478f9e4a0ed9f73b6c1e60f57da032,7.0841086299886475,0.14116102000000003,False,all_litter,visual,not_reported,,,missing_session_link,False,missing_verified_session_coordinates;unresolved_time_zone
123,2017-11-15 15:35:00,1,1.651666666999994,3.0,15,16484.8699999999,7,0.24727305,28.30878658228222,2017,eastern,<12NM,D1,EMBLAS2022:123,124,10.1016/j.envpol.2022.119816,TableS2_Monitoring sessions,fe649f086e0c075e7ada3a961d7fac181c478f9e4a0ed9f73b6c1e60f57da032,28.30878658228222,0.2472730499999985,False,all_litter,visual,not_reported,,,missing_session_link,False,missing_verified_session_coordinates;unresolved_time_zone
124,2017-11-15 15:51:00,3,0.44888888899999946,24.0,20,11745.983,1,0.23491966,4.25677442237061,2017,western,>12NM,D4,EMBLAS2022:124,125,10.1016/j.envpol.2022.119816,TableS2_Monitoring sessions,fe649f086e0c075e7ada3a961d7fac181c478f9e4a0ed9f73b6c1e60f57da032,4.25677442237061,0.23491966,False,all_litter,visual,not_reported,,,missing_session_link,False,missing_verified_session_coordinates;unresolved_time_zone
125,2017-11-16 12:25:00,3,0.5783333330000008,24.0,10,12013.4899999999,7,0.1201349,58.2678305804558,2017,western,<12NM,D1,EMBLAS2022:125,126,10.1016/j.envpol.2022.119816,TableS2_Monitoring sessions,fe649f086e0c075e7ada3a961d7fac181c478f9e4a0ed9f73b6c1e60f57da032,58.2678305804558,0.120134899999999,False,all_litter,visual,not_reported,,,missing_session_link,False,missing_verified_session_coordinates;unresolved_time_zone
126,2017-11-16 13:05:00,3,0.505833332999999,24.0,10,9321.40099999999,12,0.09321401,128.7360129662912,2017,western,<12NM,D1,EMBLAS2022:126,127,10.1016/j.envpol.2022.119816,TableS2_Monitoring sessions,fe649f086e0c075e7ada3a961d7fac181c478f9e4a0ed9f73b6c1e60f57da032,128.7360129662912,0.0932140099999999,False,all_litter,visual,not_reported,,,missing_session_link,False,missing_verified_session_coordinates;unresolved_time_zone
127,2017-11-16 15:40:00,3,0.4497222219999994,24.0,10,12810.0,3,0.1281,23.4192037470726,2017,western,>12NM,D3,EMBLAS2022:127,128,10.1016/j.envpol.2022.119816,TableS2_Monitoring sessions,fe649f086e0c075e7ada3a961d7fac181c478f9e4a0ed9f73b6c1e60f57da032,23.4192037470726,0.1281,False,all_litter,visual,not_reported,,,missing_session_link,False,missing_verified_session_coordinates;unresolved_time_zone
128,2017-11-16 16:26:00,3,0.5236111110000004,24.0,10,15607.1069999999,1,0.15607107,6.407337375209896,2017,western,>12NM,D3,EMBLAS2022:128,129,10.1016/j.envpol.2022.119816,TableS2_Monitoring sessions,fe649f086e0c075e7ada3a961d7fac181c478f9e4a0ed9f73b6c1e60f57da032,6.407337375209896,0.15607106999999898,False,all_litter,visual,not_reported,,,missing_session_link,False,missing_verified_session_coordinates;unresolved_time_zone
129,2017-11-17 07:23:00,3,0.3450000000000002,24.0,10,10806.136,1,0.10806136,9.254001615378522,2017,western,>12NM,D3,EMBLAS2022:129,130,10.1016/j.envpol.2022.119816,TableS2_Monitoring sessions,fe649f086e0c075e7ada3a961d7fac181c478f9e4a0ed9f73b6c1e60f57da032,9.254001615378522,0.10806136,False,all_litter,visual,not_reported,,,missing_session_link,False,missing_verified_session_coordinates;unresolved_time_zone
130,2017-11-17 08:36:00,3,0.5097222220000004,24.0,10,15123.055,0,0.15123055,0.0,2017,western,>12NM,D3,EMBLAS2022:130,131,10.1016/j.envpol.2022.119816,TableS2_Monitoring sessions,fe649f086e0c075e7ada3a961d7fac181c478f9e4a0ed9f73b6c1e60f57da032,0.0,0.15123055,True,all_litter,visual,not_reported,,,missing_session_link,False,missing_verified_session_coordinates;unresolved_time_zone
131,2017-11-17 09:21:00,3,0.6816666670000012,24.0,10,19945.848,0,0.19945848,0.0,2017,western,<12NM,D2,EMBLAS2022:131,132,10.1016/j.envpol.2022.119816,TableS2_Monitoring sessions,fe649f086e0c075e7ada3a961d7fac181c478f9e4a0ed9f73b6c1e60f57da032,0.0,0.19945848000000002,True,all_litter,visual,not_reported,,,missing_session_link,False,missing_verified_session_coordinates;unresolved_time_zone
132,2017-11-17 10:10:00,3,0.7861111109999983,24.0,10,17807.4,0,0.178074,0.0,2017,western,<12NM,D2,EMBLAS2022:132,133,10.1016/j.envpol.2022.119816,TableS2_Monitoring sessions,fe649f086e0c075e7ada3a961d7fac181c478f9e4a0ed9f73b6c1e60f57da032,0.0,0.178074,True,all_litter,visual,not_reported,,,missing_session_link,False,missing_verified_session_coordinates;unresolved_time_zone
133,2019-06-03 11:31:00,2,2.295,4.0,15,18185.0,48,0.27277,176.0,2019,eastern,<12NM,D2,EMBLAS2022:133,134,10.1016/j.envpol.2022.119816,TableS2_Monitoring sessions,fe649f086e0c075e7ada3a961d7fac181c478f9e4a0ed9f73b6c1e60f57da032,175.97243098581222,0.272775,False,all_litter,visual,not_reported,,,missing_session_link,False,missing_verified_session_coordinates;unresolved_time_zone
134,2019-07-28 07:54:00,0,0.74917,8.0,15,18604.0,20,0.27906,71.7,2019,western,>12NM,D3,EMBLAS2022:134,135,10.1016/j.envpol.2022.119816,TableS2_Monitoring sessions,fe649f086e0c075e7ada3a961d7fac181c478f9e4a0ed9f73b6c1e60f57da032,71.66917508779474,0.27906,False,all_litter,visual,not_reported,,,missing_session_link,False,missing_verified_session_coordinates;unresolved_time_zone
135,2019-07-28 08:40:00,0,0.75778,8.0,15,19146.0,5,0.28719,17.4,2019,western,>12NM,D3,EMBLAS2022:135,136,10.1016/j.envpol.2022.119816,TableS2_Monitoring sessions,fe649f086e0c075e7ada3a961d7fac181c478f9e4a0ed9f73b6c1e60f57da032,17.41007695254013,0.28719,False,all_litter,visual,not_reported,,,missing_session_link,False,missing_verified_session_coordinates;unresolved_time_zone
136,2019-07-28 09:26:00,0,0.59417,8.0,15,15002.0,4,0.22503,17.8,2019,western,>12NM,D3,EMBLAS2022:136,137,10.1016/j.envpol.2022.119816,TableS2_Monitoring sessions,fe649f086e0c075e7ada3a961d7fac181c478f9e4a0ed9f73b6c1e60f57da032,17.775407723414656,0.22503,False,all_litter,visual,not_reported,,,missing_session_link,False,missing_verified_session_coordinates;unresolved_time_zone
137,2019-07-28 10:02:00,0,0.85917,8.0,15,22486.0,1,0.33729,3.0,2019,western,>12NM,D3,EMBLAS2022:137,138,10.1016/j.envpol.2022.119816,TableS2_Monitoring sessions,fe649f086e0c075e7ada3a961d7fac181c478f9e4a0ed9f73b6c1e60f57da032,2.9648077322185658,0.33729,False,all_litter,visual,not_reported,,,missing_session_link,False,missing_verified_session_coordinates;unresolved_time_zone
138,2019-07-28 10:56:00,3,0.56889,8.0,15,15463.0,0,0.23195,0.0,2019,western,>12NM,D3,EMBLAS2022:138,139,10.1016/j.envpol.2022.119816,TableS2_Monitoring sessions,fe649f086e0c075e7ada3a961d7fac181c478f9e4a0ed9f73b6c1e60f57da032,0.0,0.231945,True,all_litter,visual,not_reported,,,missing_session_link,False,missing_verified_session_coordinates;unresolved_time_zone
139,2019-07-28 11:31:00,3,0.67417,8.0,15,16711.0,0,0.25067,0.0,2019,western,>12NM,D3,EMBLAS2022:139,140,10.1016/j.envpol.2022.119816,TableS2_Monitoring sessions,fe649f086e0c075e7ada3a961d7fac181c478f9e4a0ed9f73b6c1e60f57da032,0.0,0.250665,True,all_litter,visual,not_reported,,,missing_session_link,False,missing_verified_session_coordinates;unresolved_time_zone
140,2019-07-28 12:12:00,3,0.49111,8.0,15,12161.0,5,0.18241,27.4,2019,western,>12NM,D3,EMBLAS2022:140,141,10.1016/j.envpol.2022.119816,TableS2_Monitoring sessions,fe649f086e0c075e7ada3a961d7fac181c478f9e4a0ed9f73b6c1e60f57da032,27.41077791787731,0.182415,False,all_litter,visual,not_reported,,,missing_session_link,False,missing_verified_session_coordinates;unresolved_time_zone
141,2019-07-28 12:42:00,3,0.45639,8.0,15,11310.0,1,0.16965,5.9,2019,western,>12NM,D3,EMBLAS2022:141,142,10.1016/j.envpol.2022.119816,TableS2_Monitoring sessions,fe649f086e0c075e7ada3a961d7fac181c478f9e4a0ed9f73b6c1e60f57da032,5.894488653109343,0.16965,False,all_litter,visual,not_reported,,,missing_session_link,False,missing_verified_session_coordinates;unresolved_time_zone
142,2019-07-28 13:16:00,2,0.53361,8.0,15,12572.0,7,0.18858,37.1,2019,western,>12NM,D3,EMBLAS2022:142,143,10.1016/j.envpol.2022.119816,TableS2_Monitoring sessions,fe649f086e0c075e7ada3a961d7fac181c478f9e4a0ed9f73b6c1e60f57da032,37.11952487008166,0.18858,False,all_litter,visual,not_reported,,,missing_session_link,False,missing_verified_session_coordinates;unresolved_time_zone
143,2019-07-28 13:49:00,2,0.54444,8.0,15,11770.0,12,0.17655,68.0,2019,western,>12NM,D2,EMBLAS2022:143,144,10.1016/j.envpol.2022.119816,TableS2_Monitoring sessions,fe649f086e0c075e7ada3a961d7fac181c478f9e4a0ed9f73b6c1e60f57da032,67.96941376380629,0.17655,False,all_litter,visual,not_reported,,,missing_session_link,False,missing_verified_session_coordinates;unresolved_time_zone
144,2019-07-28 16:28:00,2,0.55917,8.0,15,13172.0,7,0.19758,35.4,2019,western,<12NM,D2,EMBLAS2022:144,145,10.1016/j.envpol.2022.119816,TableS2_Monitoring sessions,fe649f086e0c075e7ada3a961d7fac181c478f9e4a0ed9f73b6c1e60f57da032,35.42868711408037,0.19758,False,all_litter,visual,not_reported,,,missing_session_link,False,missing_verified_session_coordinates;unresolved_time_zone
145,2019-07-28 16:36:00,2,0.81667,8.0,15,18526.0,2,0.27789,7.2,2019,western,<12NM,D2,EMBLAS2022:145,146,10.1016/j.envpol.2022.119816,TableS2_Monitoring sessions,fe649f086e0c075e7ada3a961d7fac181c478f9e4a0ed9f73b6c1e60f57da032,7.197092374680628,0.27789,False,all_litter,visual,not_reported,,,missing_session_link,False,missing_verified_session_coordinates;unresolved_time_zone
146,2019-07-28 17:02:00,2,0.53056,8.0,15,11344.0,1,0.17016,5.9,2019,western,<12NM,D2,EMBLAS2022:146,147,10.1016/j.envpol.2022.119816,TableS2_Monitoring sessions,fe649f086e0c075e7ada3a961d7fac181c478f9e4a0ed9f73b6c1e60f57da032,5.876821814762576,0.17016,False,all_litter,visual,not_reported,,,missing_session_link,False,missing_verified_session_coordinates;unresolved_time_zone
147,2019-07-28 19:21:00,2,0.80083,8.0,15,7065.0,17,0.10597,160.4,2019,western,<12NM,D1,EMBLAS2022:147,148,10.1016/j.envpol.2022.119816,TableS2_Monitoring sessions,fe649f086e0c075e7ada3a961d7fac181c478f9e4a0ed9f73b6c1e60f57da032,160.42276115881853,0.105975,False,all_litter,visual,not_reported,,,missing_session_link,False,missing_verified_session_coordinates;unresolved_time_zone
148,2019-07-29 16:14:00,3,0.99417,8.0,15,19986.0,3,0.29979,10.0,2019,western,<12NM,D2,EMBLAS2022:148,149,10.1016/j.envpol.2022.119816,TableS2_Monitoring sessions,fe649f086e0c075e7ada3a961d7fac181c478f9e4a0ed9f73b6c1e60f57da032,10.007004903432403,0.29979,False,all_litter,visual,not_reported,,,missing_session_link,False,missing_verified_session_coordinates;unresolved_time_zone
149,2019-07-29 18:14:00,3,0.27944,8.0,15,5278.0,2,0.07917,25.3,2019,western,>12NM,D2,EMBLAS2022:149,150,10.1016/j.envpol.2022.119816,TableS2_Monitoring sessions,fe649f086e0c075e7ada3a961d7fac181c478f9e4a0ed9f73b6c1e60f57da032,25.262094227611467,0.07917,False,all_litter,visual,not_reported,,,missing_session_link,False,missing_verified_session_coordinates;unresolved_time_zone
150,2019-07-30 09:59:00,2,0.55111,8.0,15,11718.0,25,0.17577,142.2,2019,western,>12NM,D3,EMBLAS2022:150,151,10.1016/j.envpol.2022.119816,TableS2_Monitoring sessions,fe649f086e0c075e7ada3a961d7fac181c478f9e4a0ed9f73b6c1e60f57da032,142.23132502702396,0.17577,False,all_litter,visual,not_reported,,,missing_session_link,False,missing_verified_session_coordinates;unresolved_time_zone
151,2019-07-30 10:33:00,2,0.46111,8.0,15,9906.0,10,0.14859,67.3,2019,western,>12NM,D3,EMBLAS2022:151,152,10.1016/j.envpol.2022.119816,TableS2_Monitoring sessions,fe649f086e0c075e7ada3a961d7fac181c478f9e4a0ed9f73b6c1e60f57da032,67.29927989770509,0.14859,False,all_litter,visual,not_reported,,,missing_session_link,False,missing_verified_session_coordinates;unresolved_time_zone
152,2019-07-30 14:32:00,3,0.60278,8.0,15,12443.0,9,0.18665,48.2,2019,western,>12NM,D4,EMBLAS2022:152,153,10.1016/j.envpol.2022.119816,TableS2_Monitoring sessions,fe649f086e0c075e7ada3a961d7fac181c478f9e4a0ed9f73b6c1e60f57da032,48.21859094562014,0.186645,False,all_litter,visual,not_reported,,,missing_session_link,False,missing_verified_session_coordinates;unresolved_time_zone
153,2019-07-30 15:09:00,3,0.54667,8.0,15,11907.0,15,0.17861,84.0,2019,western,>12NM,D4,EMBLAS2022:153,154,10.1016/j.envpol.2022.119816,TableS2_Monitoring sessions,fe649f086e0c075e7ada3a961d7fac181c478f9e4a0ed9f73b6c1e60f57da032,83.98185991825765,0.178605,False,all_litter,visual,not_reported,,,missing_session_link,False,missing_verified_session_coordinates;unresolved_time_zone
154,2019-07-30 16:49:00,3,0.52111,8.0,15,10850.0,19,0.16275,116.7,2019,western,>12NM,D4,EMBLAS2022:154,155,10.1016/j.envpol.2022.119816,TableS2_Monitoring sessions,fe649f086e0c075e7ada3a961d7fac181c478f9e4a0ed9f73b6c1e60f57da032,116.74347158218126,0.16275,False,all_litter,visual,not_reported,,,missing_session_link,False,missing_verified_session_coordinates;unresolved_time_zone
155,2019-07-30 17:20:00,3,0.51444,8.0,15,10763.0,19,0.16145,117.7,2019,western,>12NM,D4,EMBLAS2022:155,156,10.1016/j.envpol.2022.119816,TableS2_Monitoring sessions,fe649f086e0c075e7ada3a961d7fac181c478f9e4a0ed9f73b6c1e60f57da032,117.68349334159181,0.161445,False,all_litter,visual,not_reported,,,missing_session_link,False,missing_verified_session_coordinates;unresolved_time_zone
156,2019-07-31 11:10:00,2,0.53389,8.0,15,16202.0,2,0.24303,8.2,2019,western,>12NM,D4,EMBLAS2022:156,157,10.1016/j.envpol.2022.119816,TableS2_Monitoring sessions,fe649f086e0c075e7ada3a961d7fac181c478f9e4a0ed9f73b6c1e60f57da032,8.229436695058224,0.24303,False,all_litter,visual,not_reported,,,missing_session_link,False,missing_verified_session_coordinates;unresolved_time_zone
157,2019-07-31 11:43:00,2,0.52722,8.0,15,15927.0,4,0.23891,16.7,2019,western,>12NM,D4,EMBLAS2022:157,158,10.1016/j.envpol.2022.119816,TableS2_Monitoring sessions,fe649f086e0c075e7ada3a961d7fac181c478f9e4a0ed9f73b6c1e60f57da032,16.742706458499015,0.238905,False,all_litter,visual,not_reported,,,missing_session_link,False,missing_verified_session_coordinates;unresolved_time_zone
158,2019-07-31 13:13:00,2,0.59417,8.0,15,18048.0,11,0.27072,40.6,2019,western,>12NM,D4,EMBLAS2022:158,159,10.1016/j.envpol.2022.119816,TableS2_Monitoring sessions,fe649f086e0c075e7ada3a961d7fac181c478f9e4a0ed9f73b6c1e60f57da032,40.63238770685579,0.27072,False,all_litter,visual,not_reported,,,missing_session_link,False,missing_verified_session_coordinates;unresolved_time_zone
159,2019-07-31 13:50:00,2,0.45778,8.0,15,13630.0,7,0.20445,34.2,2019,western,>12NM,D4,EMBLAS2022:159,160,10.1016/j.envpol.2022.119816,TableS2_Monitoring sessions,fe649f086e0c075e7ada3a961d7fac181c478f9e4a0ed9f73b6c1e60f57da032,34.238200048911715,0.20445,False,all_litter,visual,not_reported,,,missing_session_link,False,missing_verified_session_coordinates;unresolved_time_zone
160,2019-08-01 11:08:00,4,0.5425,8.0,15,14956.0,10,0.22434,44.6,2019,eastern,>12NM,D4,EMBLAS2022:160,161,10.1016/j.envpol.2022.119816,TableS2_Monitoring sessions,fe649f086e0c075e7ada3a961d7fac181c478f9e4a0ed9f73b6c1e60f57da032,44.5751983596327,0.22434,False,all_litter,visual,not_reported,,,missing_session_link,False,missing_verified_session_coordinates;unresolved_time_zone
161,2019-08-01 11:41:00,4,0.48639,8.0,15,13573.0,20,0.20359,98.2,2019,eastern,>12NM,D4,EMBLAS2022:161,162,10.1016/j.envpol.2022.119816,TableS2_Monitoring sessions,fe649f086e0c075e7ada3a961d7fac181c478f9e4a0ed9f73b6c1e60f57da032,98.23665209489661,0.203595,False,all_litter,visual,not_reported,,,missing_session_link,False,missing_verified_session_coordinates;unresolved_time_zone
162,2019-08-01 13:08:00,4,0.50806,8.0,15,13921.0,13,0.20882,62.3,2019,eastern,>12NM,D4,EMBLAS2022:162,163,10.1016/j.envpol.2022.119816,TableS2_Monitoring sessions,fe649f086e0c075e7ada3a961d7fac181c478f9e4a0ed9f73b6c1e60f57da032,62.25457331673211,0.208815,False,all_litter,visual,not_reported,,,missing_session_link,False,missing_verified_session_coordinates;unresolved_time_zone
163,2019-08-01 13:39:00,4,0.49889,8.0,15,13633.0,23,0.2045,112.5,2019,eastern,>12NM,D4,EMBLAS2022:163,164,10.1016/j.envpol.2022.119816,TableS2_Monitoring sessions,fe649f086e0c075e7ada3a961d7fac181c478f9e4a0ed9f73b6c1e60f57da032,112.46943765281175,0.204495,False,all_litter,visual,not_reported,,,missing_session_link,False,missing_verified_session_coordinates;unresolved_time_zone
164,2019-08-01 15:27:00,4,0.69361,8.0,15,17337.0,14,0.26005,53.8,2019,eastern,>12NM,D4,EMBLAS2022:164,165,10.1016/j.envpol.2022.119816,TableS2_Monitoring sessions,fe649f086e0c075e7ada3a961d7fac181c478f9e4a0ed9f73b6c1e60f57da032,53.83580080753701,0.260055,False,all_litter,visual,not_reported,,,missing_session_link,False,missing_verified_session_coordinates;unresolved_time_zone
165,2019-08-02 06:28:00,3,0.76639,8.0,15,20142.0,12,0.30213,39.7,2019,eastern,>12NM,D4,EMBLAS2022:165,166,10.1016/j.envpol.2022.119816,TableS2_Monitoring sessions,fe649f086e0c075e7ada3a961d7fac181c478f9e4a0ed9f73b6c1e60f57da032,39.71800218449012,0.30213,False,all_litter,visual,not_reported,,,missing_session_link,False,missing_verified_session_coordinates;unresolved_time_zone
166,2019-08-02 07:15:00,3,0.7475,8.0,15,19361.0,6,0.29041,20.7,2019,eastern,>12NM,D4,EMBLAS2022:166,167,10.1016/j.envpol.2022.119816,TableS2_Monitoring sessions,fe649f086e0c075e7ada3a961d7fac181c478f9e4a0ed9f73b6c1e60f57da032,20.660445576942944,0.290415,False,all_litter,visual,not_reported,,,missing_session_link,False,missing_verified_session_coordinates;unresolved_time_zone
167,2019-08-02 09:01:00,2,0.56833,8.0,15,13983.0,6,0.20974,28.6,2019,eastern,>12NM,D4,EMBLAS2022:167,168,10.1016/j.envpol.2022.119816,TableS2_Monitoring sessions,fe649f086e0c075e7ada3a961d7fac181c478f9e4a0ed9f73b6c1e60f57da032,28.606846571946217,0.209745,False,all_litter,visual,not_reported,,,missing_session_link,False,missing_verified_session_coordinates;unresolved_time_zone
168,2019-08-02 09:36:00,2,0.5425,8.0,15,13162.0,10,0.19743,50.7,2019,eastern,>12NM,D4,EMBLAS2022:168,169,10.1016/j.envpol.2022.119816,TableS2_Monitoring sessions,fe649f086e0c075e7ada3a961d7fac181c478f9e4a0ed9f73b6c1e60f57da032,50.65086359722434,0.19743,False,all_litter,visual,not_reported,,,missing_session_link,False,missing_verified_session_coordinates;unresolved_time_zone
169,2019-08-02 11:09:00,2,0.83556,8.0,15,20758.0,9,0.31137,28.9,2019,eastern,>12NM,D4,EMBLAS2022:169,170,10.1016/j.envpol.2022.119816,TableS2_Monitoring sessions,fe649f086e0c075e7ada3a961d7fac181c478f9e4a0ed9f73b6c1e60f57da032,28.904518739762985,0.31137,False,all_litter,visual,not_reported,,,missing_session_link,False,missing_verified_session_coordinates;unresolved_time_zone
170,2019-08-02 12:00:00,2,0.70833,8.0,15,16690.0,28,0.25035,111.8,2019,eastern,>12NM,D4,EMBLAS2022:170,171,10.1016/j.envpol.2022.119816,TableS2_Monitoring sessions,fe649f086e0c075e7ada3a961d7fac181c478f9e4a0ed9f73b6c1e60f57da032,111.84341921310165,0.25035,False,all_litter,visual,not_reported,,,missing_session_link,False,missing_verified_session_coordinates;unresolved_time_zone
171,2019-08-02 13:36:00,2,0.53389,8.0,15,12224.0,12,0.18336,65.4,2019,eastern,>12NM,D3,EMBLAS2022:171,172,10.1016/j.envpol.2022.119816,TableS2_Monitoring sessions,fe649f086e0c075e7ada3a961d7fac181c478f9e4a0ed9f73b6c1e60f57da032,65.44502617801048,0.18336,False,all_litter,visual,not_reported,,,missing_session_link,False,missing_verified_session_coordinates;unresolved_time_zone
172,2019-08-02 14:09:00,2,0.52528,8.0,15,12075.0,18,0.18113,99.4,2019,eastern,>12NM,D3,EMBLAS2022:172,173,10.1016/j.envpol.2022.119816,TableS2_Monitoring sessions,fe649f086e0c075e7ada3a961d7fac181c478f9e4a0ed9f73b6c1e60f57da032,99.37613868492242,0.181125,False,all_litter,visual,not_reported,,,missing_session_link,False,missing_verified_session_coordinates;unresolved_time_zone
173,2019-08-03 10:50:00,4,0.50806,8.0,15,13437.0,4,0.20156,19.8,2019,eastern,>12NM,D3,EMBLAS2022:173,174,10.1016/j.envpol.2022.119816,TableS2_Monitoring sessions,fe649f086e0c075e7ada3a961d7fac181c478f9e4a0ed9f73b6c1e60f57da032,19.845207382417147,0.201555,False,all_litter,visual,not_reported,,,missing_session_link,False,missing_verified_session_coordinates;unresolved_time_zone
174,2019-08-03 11:21:00,4,0.47361,8.0,15,13613.0,8,0.20419,39.2,2019,eastern,>12NM,D3,EMBLAS2022:174,175,10.1016/j.envpol.2022.119816,TableS2_Monitoring sessions,fe649f086e0c075e7ada3a961d7fac181c478f9e4a0ed9f73b6c1e60f57da032,39.17919584700524,0.204195,False,all_litter,visual,not_reported,,,missing_session_link,False,missing_verified_session_coordinates;unresolved_time_zone
175,2019-08-03 16:45:00,2,0.70611,8.0,15,19194.0,77,0.28791,267.4,2019,eastern,>12NM,D3,EMBLAS2022:175,176,10.1016/j.envpol.2022.119816,TableS2_Monitoring sessions,fe649f086e0c075e7ada3a961d7fac181c478f9e4a0ed9f73b6c1e60f57da032,267.4446875759786,0.28791,False,all_litter,visual,not_reported,,,missing_session_link,False,missing_verified_session_coordinates;unresolved_time_zone
176,2019-08-03 17:28:00,2,0.68944,8.0,15,14181.0,52,0.21271,244.5,2019,eastern,>12NM,D3,EMBLAS2022:176,177,10.1016/j.envpol.2022.119816,TableS2_Monitoring sessions,fe649f086e0c075e7ada3a961d7fac181c478f9e4a0ed9f73b6c1e60f57da032,244.46429410935076,0.212715,False,all_litter,visual,not_reported,,,missing_session_link,False,missing_verified_session_coordinates;unresolved_time_zone
177,2019-08-04 07:09:00,0,0.98667,8.0,15,16519.0,31,0.24779,125.1,2019,eastern,>12NM,D2,EMBLAS2022:177,178,10.1016/j.envpol.2022.119816,TableS2_Monitoring sessions,fe649f086e0c075e7ada3a961d7fac181c478f9e4a0ed9f73b6c1e60f57da032,125.10593647846967,0.247785,False,all_litter,visual,not_reported,,,missing_session_link,False,missing_verified_session_coordinates;unresolved_time_zone
178,2019-08-04 09:06:00,0,1.50694,8.0,15,18576.0,79,0.27864,283.5,2019,eastern,<12NM,D2,EMBLAS2022:178,179,10.1016/j.envpol.2022.119816,TableS2_Monitoring sessions,fe649f086e0c075e7ada3a961d7fac181c478f9e4a0ed9f73b6c1e60f57da032,283.5199540625897,0.27864,False,all_litter,visual,not_reported,,,missing_session_link,False,missing_verified_session_coordinates;unresolved_time_zone
179,2019-08-06 05:34:00,3,0.52222,8.0,15,13061.0,7,0.19592,35.7,2019,eastern,>12NM,D4,EMBLAS2022:179,180,10.1016/j.envpol.2022.119816,TableS2_Monitoring sessions,fe649f086e0c075e7ada3a961d7fac181c478f9e4a0ed9f73b6c1e60f57da032,35.72886892609228,0.195915,False,all_litter,visual,not_reported,,,missing_session_link,False,missing_verified_session_coordinates;unresolved_time_zone
180,2019-08-06 06:05:00,3,0.49806,8.0,15,12566.0,4,0.18849,21.2,2019,eastern,>12NM,D4,EMBLAS2022:180,181,10.1016/j.envpol.2022.119816,TableS2_Monitoring sessions,fe649f086e0c075e7ada3a961d7fac181c478f9e4a0ed9f73b6c1e60f57da032,21.22128494880365,0.18849,False,all_litter,visual,not_reported,,,missing_session_link,False,missing_verified_session_coordinates;unresolved_time_zone
181,2019-08-06 07:41:00,3,0.49083,8.0,15,12800.0,15,0.192,78.1,2019,eastern,>12NM,D4,EMBLAS2022:181,182,10.1016/j.envpol.2022.119816,TableS2_Monitoring sessions,fe649f086e0c075e7ada3a961d7fac181c478f9e4a0ed9f73b6c1e60f57da032,78.125,0.192,False,all_litter,visual,not_reported,,,missing_session_link,False,missing_verified_session_coordinates;unresolved_time_zone
182,2019-08-06 08:11:00,3,0.5025,8.0,15,13182.0,12,0.19773,60.7,2019,eastern,>12NM,D4,EMBLAS2022:182,183,10.1016/j.envpol.2022.119816,TableS2_Monitoring sessions,fe649f086e0c075e7ada3a961d7fac181c478f9e4a0ed9f73b6c1e60f57da032,60.68881808526779,0.19773,False,all_litter,visual,not_reported,,,missing_session_link,False,missing_verified_session_coordinates;unresolved_time_zone
183,2019-08-06 10:06:00,2,0.49944,8.0,15,15577.0,67,0.23366,286.7,2019,eastern,>12NM,D4,EMBLAS2022:183,184,10.1016/j.envpol.2022.119816,TableS2_Monitoring sessions,fe649f086e0c075e7ada3a961d7fac181c478f9e4a0ed9f73b6c1e60f57da032,286.74141915603866,0.233655,False,all_litter,visual,not_reported,,,missing_session_link,False,missing_verified_session_coordinates;unresolved_time_zone
184,2019-08-06 10:37:00,2,0.52833,8.0,15,14829.0,89,0.22243,400.1,2019,eastern,>12NM,D4,EMBLAS2022:184,185,10.1016/j.envpol.2022.119816,TableS2_Monitoring sessions,fe649f086e0c075e7ada3a961d7fac181c478f9e4a0ed9f73b6c1e60f57da032,400.12588230004945,0.222435,False,all_litter,visual,not_reported,,,missing_session_link,False,missing_verified_session_coordinates;unresolved_time_zone
185,2019-08-06 12:06:00,2,0.50806,8.0,15,14387.0,48,0.2158,222.4,2019,eastern,>12NM,D4,EMBLAS2022:185,186,10.1016/j.envpol.2022.119816,TableS2_Monitoring sessions,fe649f086e0c075e7ada3a961d7fac181c478f9e4a0ed9f73b6c1e60f57da032,222.42817423540316,0.215805,False,all_litter,visual,not_reported,,,missing_session_link,False,missing_verified_session_coordinates;unresolved_time_zone
186,2019-08-06 12:37:00,2,0.48694,8.0,15,12613.0,48,0.1892,253.7,2019,eastern,>12NM,D4,EMBLAS2022:186,187,10.1016/j.envpol.2022.119816,TableS2_Monitoring sessions,fe649f086e0c075e7ada3a961d7fac181c478f9e4a0ed9f73b6c1e60f57da032,253.6997885835095,0.189195,False,all_litter,visual,not_reported,,,missing_session_link,False,missing_verified_session_coordinates;unresolved_time_zone
187,2019-08-06 14:03:00,2,0.53583,8.0,15,13385.0,63,0.20078,313.8,2019,eastern,>12NM,D4,EMBLAS2022:187,188,10.1016/j.envpol.2022.119816,TableS2_Monitoring sessions,fe649f086e0c075e7ada3a961d7fac181c478f9e4a0ed9f73b6c1e60f57da032,313.7762725371053,0.200775,False,all_litter,visual,not_reported,,,missing_session_link,False,missing_verified_session_coordinates;unresolved_time_zone
188,2019-08-06 14:36:00,2,0.51667,8.0,15,12902.0,94,0.19353,485.7,2019,eastern,>12NM,D4,EMBLAS2022:188,189,10.1016/j.envpol.2022.119816,TableS2_Monitoring sessions,fe649f086e0c075e7ada3a961d7fac181c478f9e4a0ed9f73b6c1e60f57da032,485.71280938355807,0.19353,False,all_litter,visual,not_reported,,,missing_session_link,False,missing_verified_session_coordinates;unresolved_time_zone
189,2019-08-06 16:08:00,2,0.51667,8.0,15,12683.0,49,0.19024,257.6,2019,eastern,>12NM,D4,EMBLAS2022:189,190,10.1016/j.envpol.2022.119816,TableS2_Monitoring sessions,fe649f086e0c075e7ada3a961d7fac181c478f9e4a0ed9f73b6c1e60f57da032,257.569386038688,0.190245,False,all_litter,visual,not_reported,,,missing_session_link,False,missing_verified_session_coordinates;unresolved_time_zone
190,2019-08-06 16:40:00,2,0.49611,8.0,15,11794.0,23,0.17691,130.0,2019,eastern,>12NM,D4,EMBLAS2022:190,191,10.1016/j.envpol.2022.119816,TableS2_Monitoring sessions,fe649f086e0c075e7ada3a961d7fac181c478f9e4a0ed9f73b6c1e60f57da032,130.0096094059126,0.17691,False,all_litter,visual,not_reported,,,missing_session_link,False,missing_verified_session_coordinates;unresolved_time_zone
191,2019-08-06 18:18:00,2,0.49944,8.0,15,10971.0,23,0.16456,139.8,2019,eastern,>12NM,D4,EMBLAS2022:191,192,10.1016/j.envpol.2022.119816,TableS2_Monitoring sessions,fe649f086e0c075e7ada3a961d7fac181c478f9e4a0ed9f73b6c1e60f57da032,139.76665046183763,0.164565,False,all_litter,visual,not_reported,,,missing_session_link,False,missing_verified_session_coordinates;unresolved_time_zone
192,2019-08-06 18:48:00,2,0.49556,8.0,15,10720.0,10,0.1608,62.2,2019,eastern,>12NM,D4,EMBLAS2022:192,193,10.1016/j.envpol.2022.119816,TableS2_Monitoring sessions,fe649f086e0c075e7ada3a961d7fac181c478f9e4a0ed9f73b6c1e60f57da032,62.18905472636816,0.1608,False,all_litter,visual,not_reported,,,missing_session_link,False,missing_verified_session_coordinates;unresolved_time_zone
193,2019-08-07 06:15:00,0,0.5375,4.0,15,13005.0,0,0.19507,0.0,2019,eastern,<12NM,D2,EMBLAS2022:193,194,10.1016/j.envpol.2022.119816,TableS2_Monitoring sessions,fe649f086e0c075e7ada3a961d7fac181c478f9e4a0ed9f73b6c1e60f57da032,0.0,0.195075,True,all_litter,visual,not_reported,,,missing_session_link,False,missing_verified_session_coordinates;unresolved_time_zone
194,2019-08-07 06:18:00,2,0.5425,8.0,15,12609.0,28,0.18913,148.0,2019,eastern,>12NM,D3,EMBLAS2022:194,195,10.1016/j.envpol.2022.119816,TableS2_Monitoring sessions,fe649f086e0c075e7ada3a961d7fac181c478f9e4a0ed9f73b6c1e60f57da032,148.046317347856,0.189135,False,all_litter,visual,not_reported,,,missing_session_link,False,missing_verified_session_coordinates;unresolved_time_zone
195,2019-08-07 06:48:00,0,0.55194,4.0,15,11311.0,1,0.16967,5.9,2019,eastern,<12NM,D2,EMBLAS2022:195,196,10.1016/j.envpol.2022.119816,TableS2_Monitoring sessions,fe649f086e0c075e7ada3a961d7fac181c478f9e4a0ed9f73b6c1e60f57da032,5.893793835091649,0.169665,False,all_litter,visual,not_reported,,,missing_session_link,False,missing_verified_session_coordinates;unresolved_time_zone
196,2019-08-07 06:51:00,2,0.45667,8.0,15,10516.0,39,0.15774,247.2,2019,eastern,>12NM,D3,EMBLAS2022:196,197,10.1016/j.envpol.2022.119816,TableS2_Monitoring sessions,fe649f086e0c075e7ada3a961d7fac181c478f9e4a0ed9f73b6c1e60f57da032,247.24229745150248,0.15774,False,all_litter,visual,not_reported,,,missing_session_link,False,missing_verified_session_coordinates;unresolved_time_zone
197,2019-08-07 07:21:00,0,0.82389,4.0,15,17148.0,3,0.25722,11.7,2019,eastern,<12NM,D2,EMBLAS2022:197,198,10.1016/j.envpol.2022.119816,TableS2_Monitoring sessions,fe649f086e0c075e7ada3a961d7fac181c478f9e4a0ed9f73b6c1e60f57da032,11.663167716351762,0.25722,False,all_litter,visual,not_reported,,,missing_session_link,False,missing_verified_session_coordinates;unresolved_time_zone
198,2019-08-07 08:11:00,0,0.55278,4.0,15,11590.0,6,0.17385,34.5,2019,eastern,<12NM,D2,EMBLAS2022:198,199,10.1016/j.envpol.2022.119816,TableS2_Monitoring sessions,fe649f086e0c075e7ada3a961d7fac181c478f9e4a0ed9f73b6c1e60f57da032,34.51251078515962,0.17385,False,all_litter,visual,not_reported,,,missing_session_link,False,missing_verified_session_coordinates;unresolved_time_zone
199,2019-08-07 08:18:00,2,0.5,8.0,15,11432.0,36,0.17148,209.9,2019,western,>12NM,D3,EMBLAS2022:199,200,10.1016/j.envpol.2022.119816,TableS2_Monitoring sessions,fe649f086e0c075e7ada3a961d7fac181c478f9e4a0ed9f73b6c1e60f57da032,209.93701889433171,0.17148,False,all_litter,visual,not_reported,,,missing_session_link,False,missing_verified_session_coordinates;unresolved_time_zone
200,2019-08-07 08:44:00,0,0.55194,4.0,15,11680.0,10,0.1752,57.1,2019,eastern,<12NM,D2,EMBLAS2022:200,201,10.1016/j.envpol.2022.119816,TableS2_Monitoring sessions,fe649f086e0c075e7ada3a961d7fac181c478f9e4a0ed9f73b6c1e60f57da032,57.077625570776256,0.1752,False,all_litter,visual,not_reported,,,missing_session_link,False,missing_verified_session_coordinates;unresolved_time_zone
201,2019-08-07 08:49:00,2,0.4925,8.0,15,11932.0,26,0.17898,145.3,2019,western,>12NM,D3,EMBLAS2022:201,202,10.1016/j.envpol.2022.119816,TableS2_Monitoring sessions,fe649f086e0c075e7ada3a961d7fac181c478f9e4a0ed9f73b6c1e60f57da032,145.26762766789585,0.17898,False,all_litter,visual,not_reported,,,missing_session_link,False,missing_verified_session_coordinates;unresolved_time_zone
202,2019-08-07 09:21:00,0,1.31167,4.0,15,21876.0,1,0.32814,3.0,2019,eastern,<12NM,D2,EMBLAS2022:202,203,10.1016/j.envpol.2022.119816,TableS2_Monitoring sessions,fe649f086e0c075e7ada3a961d7fac181c478f9e4a0ed9f73b6c1e60f57da032,3.0474797342597673,0.32814,False,all_litter,visual,not_reported,,,missing_session_link,False,missing_verified_session_coordinates;unresolved_time_zone
203,2019-08-07 10:35:00,2,1.00389,8.0,15,16198.0,25,0.24297,102.9,2019,western,>12NM,D3,EMBLAS2022:203,204,10.1016/j.envpol.2022.119816,TableS2_Monitoring sessions,fe649f086e0c075e7ada3a961d7fac181c478f9e4a0ed9f73b6c1e60f57da032,102.89336132032761,0.24297,False,all_litter,visual,not_reported,,,missing_session_link,False,missing_verified_session_coordinates;unresolved_time_zone
204,2019-08-07 10:41:00,0,1.29944,4.0,15,5476.0,0,0.08214,0.0,2019,eastern,<12NM,D2,EMBLAS2022:204,205,10.1016/j.envpol.2022.119816,TableS2_Monitoring sessions,fe649f086e0c075e7ada3a961d7fac181c478f9e4a0ed9f73b6c1e60f57da032,0.0,0.08214,True,all_litter,visual,not_reported,,,missing_session_link,False,missing_verified_session_coordinates;unresolved_time_zone
205,2019-08-07 12:47:00,2,0.51667,8.0,15,13076.0,62,0.19614,316.1,2019,western,>12NM,D3,EMBLAS2022:205,206,10.1016/j.envpol.2022.119816,TableS2_Monitoring sessions,fe649f086e0c075e7ada3a961d7fac181c478f9e4a0ed9f73b6c1e60f57da032,316.100744366269,0.19614,False,all_litter,visual,not_reported,,,missing_session_link,False,missing_verified_session_coordinates;unresolved_time_zone
206,2019-08-07 13:02:00,0,0.97056,4.0,15,8114.0,0,0.12171,0.0,2019,eastern,<12NM,D2,EMBLAS2022:206,207,10.1016/j.envpol.2022.119816,TableS2_Monitoring sessions,fe649f086e0c075e7ada3a961d7fac181c478f9e4a0ed9f73b6c1e60f57da032,0.0,0.12171,True,all_litter,visual,not_reported,,,missing_session_link,False,missing_verified_session_coordinates;unresolved_time_zone
207,2019-08-07 13:19:00,2,0.49861,8.0,15,12831.0,37,0.19246,192.2,2019,western,>12NM,D3,EMBLAS2022:207,208,10.1016/j.envpol.2022.119816,TableS2_Monitoring sessions,fe649f086e0c075e7ada3a961d7fac181c478f9e4a0ed9f73b6c1e60f57da032,192.24773979008626,0.192465,False,all_litter,visual,not_reported,,,missing_session_link,False,missing_verified_session_coordinates;unresolved_time_zone
208,2019-08-07 14:01:00,0,0.38,4.0,15,7913.0,1,0.11869,8.4,2019,eastern,<12NM,D2,EMBLAS2022:208,209,10.1016/j.envpol.2022.119816,TableS2_Monitoring sessions,fe649f086e0c075e7ada3a961d7fac181c478f9e4a0ed9f73b6c1e60f57da032,8.425309630128908,0.118695,False,all_litter,visual,not_reported,,,missing_session_link,False,missing_verified_session_coordinates;unresolved_time_zone
209,2019-08-07 14:50:00,2,0.58056,8.0,15,15568.0,42,0.23352,179.9,2019,western,>12NM,D3,EMBLAS2022:209,210,10.1016/j.envpol.2022.119816,TableS2_Monitoring sessions,fe649f086e0c075e7ada3a961d7fac181c478f9e4a0ed9f73b6c1e60f57da032,179.85611510791367,0.23352,False,all_litter,visual,not_reported,,,missing_session_link,False,missing_verified_session_coordinates;unresolved_time_zone
210,2019-08-07 15:26:00,1,0.78278,4.0,15,17713.0,0,0.2657,0.0,2019,eastern,<12NM,D2,EMBLAS2022:210,211,10.1016/j.envpol.2022.119816,TableS2_Monitoring sessions,fe649f086e0c075e7ada3a961d7fac181c478f9e4a0ed9f73b6c1e60f57da032,0.0,0.265695,True,all_litter,visual,not_reported,,,missing_session_link,False,missing_verified_session_coordinates;unresolved_time_zone
211,2019-08-07 15:26:00,2,0.56611,8.0,15,15074.0,39,0.22611,172.5,2019,western,>12NM,D3,EMBLAS2022:211,212,10.1016/j.envpol.2022.119816,TableS2_Monitoring sessions,fe649f086e0c075e7ada3a961d7fac181c478f9e4a0ed9f73b6c1e60f57da032,172.48242006103223,0.22611,False,all_litter,visual,not_reported,,,missing_session_link,False,missing_verified_session_coordinates;unresolved_time_zone
212,2019-08-07 16:21:00,1,0.52306,4.0,15,14391.0,19,0.21587,88.0,2019,eastern,<12NM,D2,EMBLAS2022:212,213,10.1016/j.envpol.2022.119816,TableS2_Monitoring sessions,fe649f086e0c075e7ada3a961d7fac181c478f9e4a0ed9f73b6c1e60f57da032,88.01593551674618,0.215865,False,all_litter,visual,not_reported,,,missing_session_link,False,missing_verified_session_coordinates;unresolved_time_zone
213,2019-08-07 16:59:00,1,0.72556,4.0,15,18791.0,3,0.28186,10.6,2019,eastern,<12NM,D2,EMBLAS2022:213,214,10.1016/j.envpol.2022.119816,TableS2_Monitoring sessions,fe649f086e0c075e7ada3a961d7fac181c478f9e4a0ed9f73b6c1e60f57da032,10.643581920102179,0.281865,False,all_litter,visual,not_reported,,,missing_session_link,False,missing_verified_session_coordinates;unresolved_time_zone
214,2019-08-07 17:10:00,0,0.465,8.0,15,9924.0,7,0.14886,47.0,2019,western,>12NM,D3,EMBLAS2022:214,215,10.1016/j.envpol.2022.119816,TableS2_Monitoring sessions,fe649f086e0c075e7ada3a961d7fac181c478f9e4a0ed9f73b6c1e60f57da032,47.02404944242913,0.14886,False,all_litter,visual,not_reported,,,missing_session_link,False,missing_verified_session_coordinates;unresolved_time_zone
215,2019-08-07 17:43:00,0,0.50417,8.0,15,10789.0,5,0.16184,30.9,2019,western,>12NM,D3,EMBLAS2022:215,216,10.1016/j.envpol.2022.119816,TableS2_Monitoring sessions,fe649f086e0c075e7ada3a961d7fac181c478f9e4a0ed9f73b6c1e60f57da032,30.89471082550667,0.161835,False,all_litter,visual,not_reported,,,missing_session_link,False,missing_verified_session_coordinates;unresolved_time_zone
216,2019-08-07 19:27:00,2,0.50306,8.0,15,10527.0,4,0.1579,25.3,2019,western,>12NM,D3,EMBLAS2022:216,217,10.1016/j.envpol.2022.119816,TableS2_Monitoring sessions,fe649f086e0c075e7ada3a961d7fac181c478f9e4a0ed9f73b6c1e60f57da032,25.3324889170361,0.157905,False,all_litter,visual,not_reported,,,missing_session_link,False,missing_verified_session_coordinates;unresolved_time_zone
217,2019-08-08 07:17:00,1,0.56139,4.0,15,9058.0,1,0.13587,7.4,2019,eastern,<12NM,D1,EMBLAS2022:217,218,10.1016/j.envpol.2022.119816,TableS2_Monitoring sessions,fe649f086e0c075e7ada3a961d7fac181c478f9e4a0ed9f73b6c1e60f57da032,7.359976448075367,0.13587,False,all_litter,visual,not_reported,,,missing_session_link,False,missing_verified_session_coordinates;unresolved_time_zone
218,2019-08-08 07:53:00,1,0.51611,4.0,15,9837.0,3,0.14755,20.3,2019,eastern,<12NM,D2,EMBLAS2022:218,219,10.1016/j.envpol.2022.119816,TableS2_Monitoring sessions,fe649f086e0c075e7ada3a961d7fac181c478f9e4a0ed9f73b6c1e60f57da032,20.332090816672316,0.147555,False,all_litter,visual,not_reported,,,missing_session_link,False,missing_verified_session_coordinates;unresolved_time_zone
219,2019-08-08 10:47:00,1,0.27167,4.0,15,5939.0,0,0.08908,0.0,2019,eastern,<12NM,D2,EMBLAS2022:219,220,10.1016/j.envpol.2022.119816,TableS2_Monitoring sessions,fe649f086e0c075e7ada3a961d7fac181c478f9e4a0ed9f73b6c1e60f57da032,0.0,0.089085,True,all_litter,visual,not_reported,,,missing_session_link,False,missing_verified_session_coordinates;unresolved_time_zone
220,2019-08-08 11:38:00,1,0.29778,4.0,15,5354.0,0,0.08031,0.0,2019,eastern,<12NM,D1,EMBLAS2022:220,221,10.1016/j.envpol.2022.119816,TableS2_Monitoring sessions,fe649f086e0c075e7ada3a961d7fac181c478f9e4a0ed9f73b6c1e60f57da032,0.0,0.08031,True,all_litter,visual,not_reported,,,missing_session_link,False,missing_verified_session_coordinates;unresolved_time_zone
221,2019-08-08 12:17:00,1,0.36278,4.0,15,6177.0,0,0.09266,0.0,2019,eastern,<12NM,D1,EMBLAS2022:221,222,10.1016/j.envpol.2022.119816,TableS2_Monitoring sessions,fe649f086e0c075e7ada3a961d7fac181c478f9e4a0ed9f73b6c1e60f57da032,0.0,0.092655,True,all_litter,visual,not_reported,,,missing_session_link,False,missing_verified_session_coordinates;unresolved_time_zone
222,2019-08-08 13:17:00,1,0.4025,4.0,15,7412.0,2,0.11118,18.0,2019,eastern,<12NM,D1,EMBLAS2022:222,223,10.1016/j.envpol.2022.119816,TableS2_Monitoring sessions,fe649f086e0c075e7ada3a961d7fac181c478f9e4a0ed9f73b6c1e60f57da032,17.988846914912752,0.11118,False,all_litter,visual,not_reported,,,missing_session_link,False,missing_verified_session_coordinates;unresolved_time_zone
223,2019-08-09 11:37:00,1,0.55556,4.0,15,9432.0,0,0.14148,0.0,2019,eastern,<12NM,D1,EMBLAS2022:223,224,10.1016/j.envpol.2022.119816,TableS2_Monitoring sessions,fe649f086e0c075e7ada3a961d7fac181c478f9e4a0ed9f73b6c1e60f57da032,0.0,0.14148,True,all_litter,visual,not_reported,,,missing_session_link,False,missing_verified_session_coordinates;unresolved_time_zone
224,2019-08-09 12:12:00,1,1.44528,4.0,15,8190.0,0,0.12285,0.0,2019,eastern,<12NM,D1,EMBLAS2022:224,225,10.1016/j.envpol.2022.119816,TableS2_Monitoring sessions,fe649f086e0c075e7ada3a961d7fac181c478f9e4a0ed9f73b6c1e60f57da032,0.0,0.12285,True,all_litter,visual,not_reported,,,missing_session_link,False,missing_verified_session_coordinates;unresolved_time_zone
225,2019-08-09 13:40:00,1,0.65722,4.0,15,2870.0,0,0.04305,0.0,2019,eastern,<12NM,D1,EMBLAS2022:225,226,10.1016/j.envpol.2022.119816,TableS2_Monitoring sessions,fe649f086e0c075e7ada3a961d7fac181c478f9e4a0ed9f73b6c1e60f57da032,0.0,0.04305,True,all_litter,visual,not_reported,,,missing_session_link,False,missing_verified_session_coordinates;unresolved_time_zone
226,2019-08-09 14:47:00,1,0.43528,4.0,15,8975.0,0,0.13462,0.0,2019,eastern,<12NM,D1,EMBLAS2022:226,227,10.1016/j.envpol.2022.119816,TableS2_Monitoring sessions,fe649f086e0c075e7ada3a961d7fac181c478f9e4a0ed9f73b6c1e60f57da032,0.0,0.134625,True,all_litter,visual,not_reported,,,missing_session_link,False,missing_verified_session_coordinates;unresolved_time_zone
227,2019-08-09 15:54:00,1,0.46472,4.0,15,2491.0,0,0.03737,0.0,2019,eastern,<12NM,D1,EMBLAS2022:227,228,10.1016/j.envpol.2022.119816,TableS2_Monitoring sessions,fe649f086e0c075e7ada3a961d7fac181c478f9e4a0ed9f73b6c1e60f57da032,0.0,0.037365,True,all_litter,visual,not_reported,,,missing_session_link,False,missing_verified_session_coordinates;unresolved_time_zone
228,2019-08-09 17:02:00,1,0.63167,4.0,15,10684.0,0,0.16026,0.0,2019,eastern,<12NM,D1,EMBLAS2022:228,229,10.1016/j.envpol.2022.119816,TableS2_Monitoring sessions,fe649f086e0c075e7ada3a961d7fac181c478f9e4a0ed9f73b6c1e60f57da032,0.0,0.16026,True,all_litter,visual,not_reported,,,missing_session_link,False,missing_verified_session_coordinates;unresolved_time_zone
229,2019-08-10 11:40:00,1,0.66139,4.0,15,9583.0,0,0.14375,0.0,2019,eastern,<12NM,D1,EMBLAS2022:229,230,10.1016/j.envpol.2022.119816,TableS2_Monitoring sessions,fe649f086e0c075e7ada3a961d7fac181c478f9e4a0ed9f73b6c1e60f57da032,0.0,0.143745,True,all_litter,visual,not_reported,,,missing_session_link,False,missing_verified_session_coordinates;unresolved_time_zone
230,2019-08-10 13:46:00,1,0.57694,4.0,15,12765.0,0,0.19148,0.0,2019,eastern,<12NM,D1,EMBLAS2022:230,231,10.1016/j.envpol.2022.119816,TableS2_Monitoring sessions,fe649f086e0c075e7ada3a961d7fac181c478f9e4a0ed9f73b6c1e60f57da032,0.0,0.191475,True,all_litter,visual,not_reported,,,missing_session_link,False,missing_verified_session_coordinates;unresolved_time_zone
231,2019-08-10 14:21:00,1,0.58444,4.0,15,12432.0,0,0.18648,0.0,2019,eastern,<12NM,D1,EMBLAS2022:231,232,10.1016/j.envpol.2022.119816,TableS2_Monitoring sessions,fe649f086e0c075e7ada3a961d7fac181c478f9e4a0ed9f73b6c1e60f57da032,0.0,0.18648,True,all_litter,visual,not_reported,,,missing_session_link,False,missing_verified_session_coordinates;unresolved_time_zone
232,2019-08-10 14:56:00,1,0.63194,4.0,15,13586.0,0,0.20379,0.0,2019,eastern,<12NM,D2,EMBLAS2022:232,233,10.1016/j.envpol.2022.119816,TableS2_Monitoring sessions,fe649f086e0c075e7ada3a961d7fac181c478f9e4a0ed9f73b6c1e60f57da032,0.0,0.20379,True,all_litter,visual,not_reported,,,missing_session_link,False,missing_verified_session_coordinates;unresolved_time_zone
233,2019-08-10 15:37:00,1,0.32722,4.0,15,17224.0,18,0.25836,69.7,2019,eastern,<12NM,D1,EMBLAS2022:233,234,10.1016/j.envpol.2022.119816,TableS2_Monitoring sessions,fe649f086e0c075e7ada3a961d7fac181c478f9e4a0ed9f73b6c1e60f57da032,69.67022758941013,0.25836,False,all_litter,visual,not_reported,,,missing_session_link,False,missing_verified_session_coordinates;unresolved_time_zone
234,2019-08-10 15:58:00,1,1.01139,4.0,15,5811.0,0,0.08717,0.0,2019,eastern,<12NM,D1,EMBLAS2022:234,235,10.1016/j.envpol.2022.119816,TableS2_Monitoring sessions,fe649f086e0c075e7ada3a961d7fac181c478f9e4a0ed9f73b6c1e60f57da032,0.0,0.087165,True,all_litter,visual,not_reported,,,missing_session_link,False,missing_verified_session_coordinates;unresolved_time_zone
235,2019-08-12 08:23:00,1,0.65917,4.0,15,14352.0,3,0.21528,13.9,2019,eastern,<12NM,D1,EMBLAS2022:235,236,10.1016/j.envpol.2022.119816,TableS2_Monitoring sessions,fe649f086e0c075e7ada3a961d7fac181c478f9e4a0ed9f73b6c1e60f57da032,13.935340022296543,0.21528,False,all_litter,visual,not_reported,,,missing_session_link,False,missing_verified_session_coordinates;unresolved_time_zone
236,2019-08-12 09:14:00,1,0.265,4.0,15,5244.0,6,0.07866,76.3,2019,eastern,<12NM,D1,EMBLAS2022:236,237,10.1016/j.envpol.2022.119816,TableS2_Monitoring sessions,fe649f086e0c075e7ada3a961d7fac181c478f9e4a0ed9f73b6c1e60f57da032,76.27765064836004,0.07866,False,all_litter,visual,not_reported,,,missing_session_link,False,missing_verified_session_coordinates;unresolved_time_zone
237,2019-08-12 10:01:00,1,0.59944,4.0,15,13677.0,8,0.20516,39.0,2019,eastern,<12NM,D1,EMBLAS2022:237,238,10.1016/j.envpol.2022.119816,TableS2_Monitoring sessions,fe649f086e0c075e7ada3a961d7fac181c478f9e4a0ed9f73b6c1e60f57da032,38.99395593682979,0.205155,False,all_litter,visual,not_reported,,,missing_session_link,False,missing_verified_session_coordinates;unresolved_time_zone
238,2019-08-12 11:36:00,1,0.27111,4.0,15,5577.0,21,0.08365,251.0,2019,eastern,<12NM,D2,EMBLAS2022:238,239,10.1016/j.envpol.2022.119816,TableS2_Monitoring sessions,fe649f086e0c075e7ada3a961d7fac181c478f9e4a0ed9f73b6c1e60f57da032,251.0460251046025,0.083655,False,all_litter,visual,not_reported,,,missing_session_link,False,missing_verified_session_coordinates;unresolved_time_zone
239,2019-08-12 12:31:00,1,0.62583,4.0,15,13608.0,89,0.20412,436.0,2019,eastern,<12NM,D2,EMBLAS2022:239,240,10.1016/j.envpol.2022.119816,TableS2_Monitoring sessions,fe649f086e0c075e7ada3a961d7fac181c478f9e4a0ed9f73b6c1e60f57da032,436.01802861062123,0.20412,False,all_litter,visual,not_reported,,,missing_session_link,False,missing_verified_session_coordinates;unresolved_time_zone
240,2019-08-12 13:13:00,1,0.6975,4.0,15,15119.0,5,0.22678,22.0,2019,eastern,<12NM,D2,EMBLAS2022:240,241,10.1016/j.envpol.2022.119816,TableS2_Monitoring sessions,fe649f086e0c075e7ada3a961d7fac181c478f9e4a0ed9f73b6c1e60f57da032,22.047799629596966,0.226785,False,all_litter,visual,not_reported,,,missing_session_link,False,missing_verified_session_coordinates;unresolved_time_zone
241,2019-08-12 15:10:00,1,0.51944,4.0,15,8144.0,3,0.12216,24.6,2019,eastern,<12NM,D2,EMBLAS2022:241,242,10.1016/j.envpol.2022.119816,TableS2_Monitoring sessions,fe649f086e0c075e7ada3a961d7fac181c478f9e4a0ed9f73b6c1e60f57da032,24.55795677799607,0.12216,False,all_litter,visual,not_reported,,,missing_session_link,False,missing_verified_session_coordinates;unresolved_time_zone
242,2019-08-12 15:41:00,1,0.41667,4.0,15,7825.0,9,0.11737,76.7,2019,eastern,<12NM,D2,EMBLAS2022:242,243,10.1016/j.envpol.2022.119816,TableS2_Monitoring sessions,fe649f086e0c075e7ada3a961d7fac181c478f9e4a0ed9f73b6c1e60f57da032,76.68058277242906,0.117375,False,all_litter,visual,not_reported,,,missing_session_link,False,missing_verified_session_coordinates;unresolved_time_zone
243,2019-08-12 16:49:00,1,0.37083,4.0,15,6619.0,7,0.09928,70.5,2019,eastern,<12NM,D2,EMBLAS2022:243,244,10.1016/j.envpol.2022.119816,TableS2_Monitoring sessions,fe649f086e0c075e7ada3a961d7fac181c478f9e4a0ed9f73b6c1e60f57da032,70.50765511684126,0.099285,False,all_litter,visual,not_reported,,,missing_session_link,False,missing_verified_session_coordinates;unresolved_time_zone
244,2019-08-12 17:47:00,1,0.51528,4.0,15,7789.0,7,0.11683,59.9,2019,eastern,<12NM,D1,EMBLAS2022:244,245,10.1016/j.envpol.2022.119816,TableS2_Monitoring sessions,fe649f086e0c075e7ada3a961d7fac181c478f9e4a0ed9f73b6c1e60f57da032,59.916117435590174,0.116835,False,all_litter,visual,not_reported,,,missing_session_link,False,missing_verified_session_coordinates;unresolved_time_zone
245,2019-08-13 08:14:00,1,0.38361,4.0,15,6423.0,0,0.09635,0.0,2019,eastern,<12NM,D1,EMBLAS2022:245,246,10.1016/j.envpol.2022.119816,TableS2_Monitoring sessions,fe649f086e0c075e7ada3a961d7fac181c478f9e4a0ed9f73b6c1e60f57da032,0.0,0.096345,True,all_litter,visual,not_reported,,,missing_session_link,False,missing_verified_session_coordinates;unresolved_time_zone
246,2019-08-13 08:39:00,1,0.84389,4.0,15,14807.0,0,0.2221,0.0,2019,eastern,<12NM,D2,EMBLAS2022:246,247,10.1016/j.envpol.2022.119816,TableS2_Monitoring sessions,fe649f086e0c075e7ada3a961d7fac181c478f9e4a0ed9f73b6c1e60f57da032,0.0,0.222105,True,all_litter,visual,not_reported,,,missing_session_link,False,missing_verified_session_coordinates;unresolved_time_zone
247,2019-08-13 11:16:00,2,0.44556,4.0,15,8120.0,0,0.1218,0.0,2019,eastern,<12NM,D2,EMBLAS2022:247,248,10.1016/j.envpol.2022.119816,TableS2_Monitoring sessions,fe649f086e0c075e7ada3a961d7fac181c478f9e4a0ed9f73b6c1e60f57da032,0.0,0.1218,True,all_litter,visual,not_reported,,,missing_session_link,False,missing_verified_session_coordinates;unresolved_time_zone
248,2019-08-13 13:30:00,2,0.605,4.0,15,14074.0,1,0.21111,4.7,2019,eastern,<12NM,D1,EMBLAS2022:248,249,10.1016/j.envpol.2022.119816,TableS2_Monitoring sessions,fe649f086e0c075e7ada3a961d7fac181c478f9e4a0ed9f73b6c1e60f57da032,4.7368670361422955,0.21111,False,all_litter,visual,not_reported,,,missing_session_link,False,missing_verified_session_coordinates;unresolved_time_zone
249,2019-08-13 14:07:00,2,0.59333,4.0,15,11353.0,2,0.1703,11.7,2019,eastern,<12NM,D1,EMBLAS2022:249,250,10.1016/j.envpol.2022.119816,TableS2_Monitoring sessions,fe649f086e0c075e7ada3a961d7fac181c478f9e4a0ed9f73b6c1e60f57da032,11.743981209630064,0.170295,False,all_litter,visual,not_reported,,,missing_session_link,False,missing_verified_session_coordinates;unresolved_time_zone
250,2019-08-13 14:43:00,2,0.70472,4.0,15,11664.0,5,0.17496,28.6,2019,eastern,<12NM,D1,EMBLAS2022:250,251,10.1016/j.envpol.2022.119816,TableS2_Monitoring sessions,fe649f086e0c075e7ada3a961d7fac181c478f9e4a0ed9f73b6c1e60f57da032,28.577960676726107,0.17496,False,all_litter,visual,not_reported,,,missing_session_link,False,missing_verified_session_coordinates;unresolved_time_zone
251,2019-08-13 16:26:00,1,0.56472,4.0,15,9535.0,0,0.14303,0.0,2019,eastern,<12NM,D1,EMBLAS2022:251,252,10.1016/j.envpol.2022.119816,TableS2_Monitoring sessions,fe649f086e0c075e7ada3a961d7fac181c478f9e4a0ed9f73b6c1e60f57da032,0.0,0.143025,True,all_litter,visual,not_reported,,,missing_session_link,False,missing_verified_session_coordinates;unresolved_time_zone
252,2019-08-16 08:13:00,1,0.45333,2.0,10,2901.0,0,0.02901,0.0,2019,eastern,<12NM,D1,EMBLAS2022:252,253,10.1016/j.envpol.2022.119816,TableS2_Monitoring sessions,fe649f086e0c075e7ada3a961d7fac181c478f9e4a0ed9f73b6c1e60f57da032,0.0,0.02901,True,all_litter,visual,not_reported,,,missing_session_link,False,missing_verified_session_coordinates;unresolved_time_zone
253,2019-08-16 09:07:00,1,0.60667,2.0,10,4897.0,2,0.04897,40.8,2019,eastern,<12NM,D1,EMBLAS2022:253,254,10.1016/j.envpol.2022.119816,TableS2_Monitoring sessions,fe649f086e0c075e7ada3a961d7fac181c478f9e4a0ed9f73b6c1e60f57da032,40.84133142740453,0.04897,False,all_litter,visual,not_reported,,,missing_session_link,False,missing_verified_session_coordinates;unresolved_time_zone
254,2019-08-16 09:43:00,1,0.88889,2.0,15,8684.0,1,0.13026,7.7,2019,eastern,<12NM,D1,EMBLAS2022:254,255,10.1016/j.envpol.2022.119816,TableS2_Monitoring sessions,fe649f086e0c075e7ada3a961d7fac181c478f9e4a0ed9f73b6c1e60f57da032,7.676953784738217,0.13026,False,all_litter,visual,not_reported,,,missing_session_link,False,missing_verified_session_coordinates;unresolved_time_zone
255,2019-08-16 10:37:00,1,0.73278,2.0,15,6411.0,1,0.09617,10.4,2019,eastern,<12NM,D1,EMBLAS2022:255,256,10.1016/j.envpol.2022.119816,TableS2_Monitoring sessions,fe649f086e0c075e7ada3a961d7fac181c478f9e4a0ed9f73b6c1e60f57da032,10.398253093480294,0.096165,False,all_litter,visual,not_reported,,,missing_session_link,False,missing_verified_session_coordinates;unresolved_time_zone
256,2019-08-16 11:31:00,1,0.95528,2.0,15,7291.0,1,0.10937,9.1,2019,eastern,<12NM,D1,EMBLAS2022:256,257,10.1016/j.envpol.2022.119816,TableS2_Monitoring sessions,fe649f086e0c075e7ada3a961d7fac181c478f9e4a0ed9f73b6c1e60f57da032,9.143275121148395,0.109365,False,all_litter,visual,not_reported,,,missing_session_link,False,missing_verified_session_coordinates;unresolved_time_zone
257,2019-08-16 12:28:00,1,0.56556,2.0,15,4845.0,1,0.07268,13.8,2019,eastern,<12NM,D1,EMBLAS2022:257,258,10.1016/j.envpol.2022.119816,TableS2_Monitoring sessions,fe649f086e0c075e7ada3a961d7fac181c478f9e4a0ed9f73b6c1e60f57da032,13.758943313153551,0.072675,False,all_litter,visual,not_reported,,,missing_session_link,False,missing_verified_session_coordinates;unresolved_time_zone
258,2019-08-16 13:32:00,1,0.90889,2.0,15,6620.0,2,0.0993,20.1,2019,eastern,<12NM,D1,EMBLAS2022:258,259,10.1016/j.envpol.2022.119816,TableS2_Monitoring sessions,fe649f086e0c075e7ada3a961d7fac181c478f9e4a0ed9f73b6c1e60f57da032,20.14098690835851,0.0993,False,all_litter,visual,not_reported,,,missing_session_link,False,missing_verified_session_coordinates;unresolved_time_zone
259,2019-08-16 14:59:00,1,1.05111,2.0,15,6332.0,1,0.09498,10.5,2019,eastern,<12NM,D2,EMBLAS2022:259,260,10.1016/j.envpol.2022.119816,TableS2_Monitoring sessions,fe649f086e0c075e7ada3a961d7fac181c478f9e4a0ed9f73b6c1e60f57da032,10.52853232259423,0.09498,False,all_litter,visual,not_reported,,,missing_session_link,False,missing_verified_session_coordinates;unresolved_time_zone
260,2019-08-16 16:16:00,1,0.78833,2.0,15,6176.0,3,0.09264,32.4,2019,eastern,<12NM,D2,EMBLAS2022:260,261,10.1016/j.envpol.2022.119816,TableS2_Monitoring sessions,fe649f086e0c075e7ada3a961d7fac181c478f9e4a0ed9f73b6c1e60f57da032,32.38341968911917,0.09264,False,all_litter,visual,not_reported,,,missing_session_link,False,missing_verified_session_coordinates;unresolved_time_zone
261,2019-08-16 17:04:00,1,0.89056,2.0,15,5054.0,0,0.07581,0.0,2019,eastern,<12NM,D2,EMBLAS2022:261,262,10.1016/j.envpol.2022.119816,TableS2_Monitoring sessions,fe649f086e0c075e7ada3a961d7fac181c478f9e4a0ed9f73b6c1e60f57da032,0.0,0.07581,True,all_litter,visual,not_reported,,,missing_session_link,False,missing_verified_session_coordinates;unresolved_time_zone
262,2019-08-16 18:03:00,1,1.40583,2.0,15,10861.0,0,0.16292,0.0,2019,eastern,<12NM,D2,EMBLAS2022:262,263,10.1016/j.envpol.2022.119816,TableS2_Monitoring sessions,fe649f086e0c075e7ada3a961d7fac181c478f9e4a0ed9f73b6c1e60f57da032,0.0,0.162915,True,all_litter,visual,not_reported,,,missing_session_link,False,missing_verified_session_coordinates;unresolved_time_zone
263,2019-08-16 19:39:00,1,0.91306,2.0,15,8007.0,0,0.12011,0.0,2019,eastern,<12NM,D2,EMBLAS2022:263,264,10.1016/j.envpol.2022.119816,TableS2_Monitoring sessions,fe649f086e0c075e7ada3a961d7fac181c478f9e4a0ed9f73b6c1e60f57da032,0.0,0.120105,True,all_litter,visual,not_reported,,,missing_session_link,False,missing_verified_session_coordinates;unresolved_time_zone
264,2019-08-17 11:36:00,1,0.7775,2.0,15,4591.0,7,0.06886,101.6,2019,eastern,<12NM,D1,EMBLAS2022:264,265,10.1016/j.envpol.2022.119816,TableS2_Monitoring sessions,fe649f086e0c075e7ada3a961d7fac181c478f9e4a0ed9f73b6c1e60f57da032,101.65553296543712,0.068865,False,all_litter,visual,not_reported,,,missing_session_link,False,missing_verified_session_coordinates;unresolved_time_zone
265,2019-08-17 12:23:00,1,0.86917,2.0,15,7315.0,4,0.10973,36.5,2019,eastern,<12NM,D2,EMBLAS2022:265,266,10.1016/j.envpol.2022.119816,TableS2_Monitoring sessions,fe649f086e0c075e7ada3a961d7fac181c478f9e4a0ed9f73b6c1e60f57da032,36.45311218445275,0.109725,False,all_litter,visual,not_reported,,,missing_session_link,False,missing_verified_session_coordinates;unresolved_time_zone
266,2019-08-17 13:56:00,3,0.64139,2.0,15,5062.0,1,0.07593,13.2,2019,eastern,<12NM,D2,EMBLAS2022:266,267,10.1016/j.envpol.2022.119816,TableS2_Monitoring sessions,fe649f086e0c075e7ada3a961d7fac181c478f9e4a0ed9f73b6c1e60f57da032,13.170025023047545,0.07593,False,all_litter,visual,not_reported,,,missing_session_link,False,missing_verified_session_coordinates;unresolved_time_zone
267,2019-08-17 14:35:00,3,0.68333,2.0,15,5240.0,4,0.0786,50.9,2019,eastern,<12NM,D1,EMBLAS2022:267,268,10.1016/j.envpol.2022.119816,TableS2_Monitoring sessions,fe649f086e0c075e7ada3a961d7fac181c478f9e4a0ed9f73b6c1e60f57da032,50.89058524173028,0.0786,False,all_litter,visual,not_reported,,,missing_session_link,False,missing_verified_session_coordinates;unresolved_time_zone
268,2019-08-23 12:14:00,2,0.69333,4.0,10,10297.0,27,0.10297,262.2,2019,eastern,<12NM,D2,EMBLAS2022:268,269,10.1016/j.envpol.2022.119816,TableS2_Monitoring sessions,fe649f086e0c075e7ada3a961d7fac181c478f9e4a0ed9f73b6c1e60f57da032,262.2122948431582,0.10297,False,all_litter,visual,not_reported,,,missing_session_link,False,missing_verified_session_coordinates;unresolved_time_zone
269,2019-08-23 14:07:00,2,0.55222,4.0,10,7254.0,18,0.07254,248.1,2019,eastern,>12NM,D2,EMBLAS2022:269,270,10.1016/j.envpol.2022.119816,TableS2_Monitoring sessions,fe649f086e0c075e7ada3a961d7fac181c478f9e4a0ed9f73b6c1e60f57da032,248.1389578163772,0.07254,False,all_litter,visual,not_reported,,,missing_session_link,False,missing_verified_session_coordinates;unresolved_time_zone
270,2019-08-23 15:49:00,2,1.02,4.0,10,13011.0,61,0.13011,468.8,2019,eastern,>12NM,D3,EMBLAS2022:270,271,10.1016/j.envpol.2022.119816,TableS2_Monitoring sessions,fe649f086e0c075e7ada3a961d7fac181c478f9e4a0ed9f73b6c1e60f57da032,468.83406348474364,0.13011,False,all_litter,visual,not_reported,,,missing_session_link,False,missing_verified_session_coordinates;unresolved_time_zone
271,2019-08-23 17:55:00,2,1.39778,4.0,10,18542.0,25,0.18542,134.8,2019,eastern,>12NM,D3,EMBLAS2022:271,272,10.1016/j.envpol.2022.119816,TableS2_Monitoring sessions,fe649f086e0c075e7ada3a961d7fac181c478f9e4a0ed9f73b6c1e60f57da032,134.82903678136122,0.18542,False,all_litter,visual,not_reported,,,missing_session_link,False,missing_verified_session_coordinates;unresolved_time_zone
272,2019-08-24 06:17:00,3,0.89556,4.0,10,12454.0,12,0.12454,96.4,2019,eastern,>12NM,D3,EMBLAS2022:272,273,10.1016/j.envpol.2022.119816,TableS2_Monitoring sessions,fe649f086e0c075e7ada3a961d7fac181c478f9e4a0ed9f73b6c1e60f57da032,96.35458487233018,0.12454,False,all_litter,visual,not_reported,,,missing_session_link,False,missing_verified_session_coordinates;unresolved_time_zone
273,2019-08-24 07:11:00,3,0.85694,4.0,10,12023.0,16,0.12023,133.1,2019,eastern,>12NM,D4,EMBLAS2022:273,274,10.1016/j.envpol.2022.119816,TableS2_Monitoring sessions,fe649f086e0c075e7ada3a961d7fac181c478f9e4a0ed9f73b6c1e60f57da032,133.0782666555768,0.12023,False,all_litter,visual,not_reported,,,missing_session_link,False,missing_verified_session_coordinates;unresolved_time_zone
274,2019-08-24 09:06:00,3,0.88083,4.0,10,12547.0,34,0.12547,271.0,2019,eastern,>12NM,D4,EMBLAS2022:274,275,10.1016/j.envpol.2022.119816,TableS2_Monitoring sessions,fe649f086e0c075e7ada3a961d7fac181c478f9e4a0ed9f73b6c1e60f57da032,270.9811110225552,0.12547,False,all_litter,visual,not_reported,,,missing_session_link,False,missing_verified_session_coordinates;unresolved_time_zone
275,2019-08-24 10:00:00,3,0.88806,4.0,10,12453.0,42,0.12453,337.3,2019,eastern,>12NM,D4,EMBLAS2022:275,276,10.1016/j.envpol.2022.119816,TableS2_Monitoring sessions,fe649f086e0c075e7ada3a961d7fac181c478f9e4a0ed9f73b6c1e60f57da032,337.2681281618887,0.12453,False,all_litter,visual,not_reported,,,missing_session_link,False,missing_verified_session_coordinates;unresolved_time_zone
276,2019-08-24 11:55:00,1,1.04639,4.0,10,14312.0,50,0.14312,349.4,2019,eastern,>12NM,D4,EMBLAS2022:276,277,10.1016/j.envpol.2022.119816,TableS2_Monitoring sessions,fe649f086e0c075e7ada3a961d7fac181c478f9e4a0ed9f73b6c1e60f57da032,349.357182783678,0.14312,False,all_litter,visual,not_reported,,,missing_session_link,False,missing_verified_session_coordinates;unresolved_time_zone
277,2019-08-24 12:58:00,1,1.03306,4.0,10,14454.0,28,0.14454,193.7,2019,eastern,>12NM,D4,EMBLAS2022:277,278,10.1016/j.envpol.2022.119816,TableS2_Monitoring sessions,fe649f086e0c075e7ada3a961d7fac181c478f9e4a0ed9f73b6c1e60f57da032,193.71800193718002,0.14454,False,all_litter,visual,not_reported,,,missing_session_link,False,missing_verified_session_coordinates;unresolved_time_zone
278,2019-08-24 15:39:00,2,0.43111,4.0,10,8059.0,12,0.08059,148.9,2019,eastern,>12NM,D4,EMBLAS2022:278,279,10.1016/j.envpol.2022.119816,TableS2_Monitoring sessions,fe649f086e0c075e7ada3a961d7fac181c478f9e4a0ed9f73b6c1e60f57da032,148.90184886462342,0.08059,False,all_litter,visual,not_reported,,,missing_session_link,False,missing_verified_session_coordinates;unresolved_time_zone
279,2019-08-25 06:34:00,2,1.50028,4.0,10,20344.0,69,0.20344,339.2,2019,eastern,>12NM,D4,EMBLAS2022:279,280,10.1016/j.envpol.2022.119816,TableS2_Monitoring sessions,fe649f086e0c075e7ada3a961d7fac181c478f9e4a0ed9f73b6c1e60f57da032,339.1663389697208,0.20344,False,all_litter,visual,not_reported,,,missing_session_link,False,missing_verified_session_coordinates;unresolved_time_zone
280,2019-08-25 09:01:00,1,0.50944,4.0,10,18118.0,15,0.18118,82.8,2019,eastern,>12NM,D3,EMBLAS2022:280,281,10.1016/j.envpol.2022.119816,TableS2_Monitoring sessions,fe649f086e0c075e7ada3a961d7fac181c478f9e4a0ed9f73b6c1e60f57da032,82.79059498840931,0.18118,False,all_litter,visual,not_reported,,,missing_session_link,False,missing_verified_session_coordinates;unresolved_time_zone
281,2019-08-25 09:32:00,1,0.50056,4.0,10,6601.0,12,0.06601,181.8,2019,eastern,>12NM,D3,EMBLAS2022:281,282,10.1016/j.envpol.2022.119816,TableS2_Monitoring sessions,fe649f086e0c075e7ada3a961d7fac181c478f9e4a0ed9f73b6c1e60f57da032,181.79063778215422,0.06601,False,all_litter,visual,not_reported,,,missing_session_link,False,missing_verified_session_coordinates;unresolved_time_zone
282,2019-08-25 11:01:00,2,0.37694,4.0,10,18539.0,51,0.18539,275.1,2019,eastern,>12NM,D3,EMBLAS2022:282,283,10.1016/j.envpol.2022.119816,TableS2_Monitoring sessions,fe649f086e0c075e7ada3a961d7fac181c478f9e4a0ed9f73b6c1e60f57da032,275.09574410701765,0.18539,False,all_litter,visual,not_reported,,,missing_session_link,False,missing_verified_session_coordinates;unresolved_time_zone
283,2019-08-25 11:23:00,2,0.685,4.0,10,9658.0,52,0.09658,538.4,2019,eastern,>12NM,D3,EMBLAS2022:283,284,10.1016/j.envpol.2022.119816,TableS2_Monitoring sessions,fe649f086e0c075e7ada3a961d7fac181c478f9e4a0ed9f73b6c1e60f57da032,538.4137502588528,0.09658,False,all_litter,visual,not_reported,,,missing_session_link,False,missing_verified_session_coordinates;unresolved_time_zone
284,2019-08-25 13:42:00,2,0.3275,4.0,10,5003.0,13,0.05003,259.8,2019,eastern,>12NM,D3,EMBLAS2022:284,285,10.1016/j.envpol.2022.119816,TableS2_Monitoring sessions,fe649f086e0c075e7ada3a961d7fac181c478f9e4a0ed9f73b6c1e60f57da032,259.84409354387367,0.05003,False,all_litter,visual,not_reported,,,missing_session_link,False,missing_verified_session_coordinates;unresolved_time_zone
285,2019-08-25 15:05:00,3,0.87556,4.0,10,12355.0,68,0.12355,550.4,2019,eastern,>12NM,D2,EMBLAS2022:285,286,10.1016/j.envpol.2022.119816,TableS2_Monitoring sessions,fe649f086e0c075e7ada3a961d7fac181c478f9e4a0ed9f73b6c1e60f57da032,550.3844597329017,0.12355,False,all_litter,visual,not_reported,,,missing_session_link,False,missing_verified_session_coordinates;unresolved_time_zone
286,2019-08-25 17:03:00,2,1.0175,4.0,10,20025.0,132,0.20025,659.2,2019,eastern,<12NM,D2,EMBLAS2022:286,287,10.1016/j.envpol.2022.119816,TableS2_Monitoring sessions,fe649f086e0c075e7ada3a961d7fac181c478f9e4a0ed9f73b6c1e60f57da032,659.1760299625467,0.20025,False,all_litter,visual,not_reported,,,missing_session_link,False,missing_verified_session_coordinates;unresolved_time_zone
287,2019-09-01 09:43:00,2,1.23139,3.0,8,13102.0,4,0.10482,38.2,2019,western,<12NM,D1,EMBLAS2022:287,288,10.1016/j.envpol.2022.119816,TableS2_Monitoring sessions,fe649f086e0c075e7ada3a961d7fac181c478f9e4a0ed9f73b6c1e60f57da032,38.16065636328945,0.104816,False,all_litter,visual,not_reported,,,missing_session_link,False,missing_verified_session_coordinates;unresolved_time_zone
288,2019-09-01 10:57:00,2,1.19417,3.0,8,12818.0,1,0.10254,9.8,2019,western,<12NM,D1,EMBLAS2022:288,289,10.1016/j.envpol.2022.119816,TableS2_Monitoring sessions,fe649f086e0c075e7ada3a961d7fac181c478f9e4a0ed9f73b6c1e60f57da032,9.752291788570313,0.102544,False,all_litter,visual,not_reported,,,missing_session_link,False,missing_verified_session_coordinates;unresolved_time_zone
289,2019-09-01 12:24:00,2,0.38056,3.0,8,4761.0,0,0.03809,0.0,2019,western,<12NM,D1,EMBLAS2022:289,290,10.1016/j.envpol.2022.119816,TableS2_Monitoring sessions,fe649f086e0c075e7ada3a961d7fac181c478f9e4a0ed9f73b6c1e60f57da032,0.0,0.038088,True,all_litter,visual,not_reported,,,missing_session_link,False,missing_verified_session_coordinates;unresolved_time_zone
290,2019-09-01 17:07:00,2,0.89528,3.0,8,10719.0,0,0.08575,0.0,2019,western,<12NM,D2,EMBLAS2022:290,291,10.1016/j.envpol.2022.119816,TableS2_Monitoring sessions,fe649f086e0c075e7ada3a961d7fac181c478f9e4a0ed9f73b6c1e60f57da032,0.0,0.085752,True,all_litter,visual,not_reported,,,missing_session_link,False,missing_verified_session_coordinates;unresolved_time_zone
291,2019-09-01 18:01:00,2,0.85333,3.0,8,10707.0,0,0.08566,0.0,2019,western,<12NM,D2,EMBLAS2022:291,292,10.1016/j.envpol.2022.119816,TableS2_Monitoring sessions,fe649f086e0c075e7ada3a961d7fac181c478f9e4a0ed9f73b6c1e60f57da032,0.0,0.085656,True,all_litter,visual,not_reported,,,missing_session_link,False,missing_verified_session_coordinates;unresolved_time_zone
292,2019-09-02 09:28:00,0,1.16,3.0,8,11071.0,2,0.08857,22.6,2019,western,<12NM,D1,EMBLAS2022:292,293,10.1016/j.envpol.2022.119816,TableS2_Monitoring sessions,fe649f086e0c075e7ada3a961d7fac181c478f9e4a0ed9f73b6c1e60f57da032,22.58100937111889,0.088568,False,all_litter,visual,not_reported,,,missing_session_link,False,missing_verified_session_coordinates;unresolved_time_zone
293,2019-09-02 11:00:00,1,0.49111,3.0,8,6532.0,0,0.05226,0.0,2019,western,<12NM,D1,EMBLAS2022:293,294,10.1016/j.envpol.2022.119816,TableS2_Monitoring sessions,fe649f086e0c075e7ada3a961d7fac181c478f9e4a0ed9f73b6c1e60f57da032,0.0,0.052256,True,all_litter,visual,not_reported,,,missing_session_link,False,missing_verified_session_coordinates;unresolved_time_zone
294,2019-09-02 11:55:00,1,0.55222,3.0,8,7859.0,2,0.06287,31.8,2019,western,<12NM,D1,EMBLAS2022:294,295,10.1016/j.envpol.2022.119816,TableS2_Monitoring sessions,fe649f086e0c075e7ada3a961d7fac181c478f9e4a0ed9f73b6c1e60f57da032,31.81167488468268,0.062872,False,all_litter,visual,not_reported,,,missing_session_link,False,missing_verified_session_coordinates;unresolved_time_zone
295,2019-09-03 11:04:00,0,0.98528,3.0,8,11644.0,1,0.09315,10.7,2019,western,<12NM,D2,EMBLAS2022:295,296,10.1016/j.envpol.2022.119816,TableS2_Monitoring sessions,fe649f086e0c075e7ada3a961d7fac181c478f9e4a0ed9f73b6c1e60f57da032,10.735373054213634,0.093152,False,all_litter,visual,not_reported,,,missing_session_link,False,missing_verified_session_coordinates;unresolved_time_zone
296,2019-09-03 12:08:00,0,0.87583,3.0,8,12584.0,1,0.10067,9.9,2019,western,<12NM,D2,EMBLAS2022:296,297,10.1016/j.envpol.2022.119816,TableS2_Monitoring sessions,fe649f086e0c075e7ada3a961d7fac181c478f9e4a0ed9f73b6c1e60f57da032,9.933445912387008,0.100672,False,all_litter,visual,not_reported,,,missing_session_link,False,missing_verified_session_coordinates;unresolved_time_zone
297,2019-09-03 13:28:00,0,0.88278,3.0,8,12760.0,1,0.10208,9.8,2019,western,>12NM,D2,EMBLAS2022:297,298,10.1016/j.envpol.2022.119816,TableS2_Monitoring sessions,fe649f086e0c075e7ada3a961d7fac181c478f9e4a0ed9f73b6c1e60f57da032,9.796238244514106,0.10208,False,all_litter,visual,not_reported,,,missing_session_link,False,missing_verified_session_coordinates;unresolved_time_zone
298,2019-09-04 10:10:00,3,0.86083,5.0,50,13787.0,10,0.68935,14.5,2019,eastern,<12NM,D1,EMBLAS2022:298,299,10.1016/j.envpol.2022.119816,TableS2_Monitoring sessions,fe649f086e0c075e7ada3a961d7fac181c478f9e4a0ed9f73b6c1e60f57da032,14.506419090447523,0.68935,False,all_litter,visual,not_reported,,,missing_session_link,False,missing_verified_session_coordinates;unresolved_time_zone
299,2019-09-04 11:02:00,3,0.84694,5.0,50,16256.0,64,0.8128,78.7,2019,eastern,<12NM,D1,EMBLAS2022:299,300,10.1016/j.envpol.2022.119816,TableS2_Monitoring sessions,fe649f086e0c075e7ada3a961d7fac181c478f9e4a0ed9f73b6c1e60f57da032,78.74015748031496,0.8128,False,all_litter,visual,not_reported,,,missing_session_link,False,missing_verified_session_coordinates;unresolved_time_zone
300,2019-09-05 11:21:00,4,1.3175,4.0,30,10077.0,19,0.30231,62.8,2019,eastern,<12NM,D1,EMBLAS2022:300,301,10.1016/j.envpol.2022.119816,TableS2_Monitoring sessions,fe649f086e0c075e7ada3a961d7fac181c478f9e4a0ed9f73b6c1e60f57da032,62.84939300717806,0.30231,False,all_litter,visual,not_reported,,,missing_session_link,False,missing_verified_session_coordinates;unresolved_time_zone
301,2019-09-05 12:41:00,4,1.30028,4.0,30,11198.0,8,0.33594,23.8,2019,eastern,<12NM,D1,EMBLAS2022:301,302,10.1016/j.envpol.2022.119816,TableS2_Monitoring sessions,fe649f086e0c075e7ada3a961d7fac181c478f9e4a0ed9f73b6c1e60f57da032,23.813776269571946,0.33594,False,all_litter,visual,not_reported,,,missing_session_link,False,missing_verified_session_coordinates;unresolved_time_zone
302,2019-10-27 11:38:00,1,1.73083,1.5,25,19390.0,12,0.48475,24.8,2019,eastern,<12NM,D1,EMBLAS2022:302,303,10.1016/j.envpol.2022.119816,TableS2_Monitoring sessions,fe649f086e0c075e7ada3a961d7fac181c478f9e4a0ed9f73b6c1e60f57da032,24.755028365136667,0.48475,False,all_litter,visual,not_reported,,,missing_session_link,False,missing_verified_session_coordinates;unresolved_time_zone
