patch_index,patch_id,scene_id,date,tile,crop,image_path,label_path,confidence_path,original_split,longitude,latitude,crs,resolution_x,resolution_y,bands,dtype,nodata,scales,offsets,left,bottom,right,top,pixels,annotated_pixels,valid_image_pixels,usable_pixels,invalid_annotated_pixels,labelled_without_confidence,confidence_without_label,negative_band_values,above_one_band_values,nonfinite_band_values,image_sha256,label_sha256,confidence_sha256,class_0,class_1,class_2,class_3,class_4,class_5,class_6,class_7,class_8,class_9,class_10,class_11,class_12,class_13,class_14,class_15,split,group,selection_index
190,12-12-20_16PCC_0,12-12-20_16PCC,2020-12-12,16PCC,0,patches/S2_12-12-20_16PCC/S2_12-12-20_16PCC_0.tif,patches/S2_12-12-20_16PCC/S2_12-12-20_16PCC_0_cl.tif,patches/S2_12-12-20_16PCC/S2_12-12-20_16PCC_0_conf.tif,test,-88.3228965067561,16.013504596733796,EPSG:32616,10.0,10.0,11,float32,,"(1.0, 1.0, 1.0, 1.0, 1.0, 1.0, 1.0, 1.0, 1.0, 1.0, 1.0)","(0.0, 0.0, 0.0, 0.0, 0.0, 0.0, 0.0, 0.0, 0.0, 0.0, 0.0)",357180.0,1769600.0,359740.0,1772160.0,65536,13,65536,13,0,0,0,20,0,0,974122cb187729561f9859f75180ce1e9ef85db1e6c785fd0b91d83d3aeb91cd,9620c39833421f3056979a9449493152d6d6f915440b801513b6dd426ed59821,193a0fd6023dff82f142449e52a04b025d55ee74982b7b635f1f84607d69e20a,65523,2,0,0,0,0,0,11,0,0,0,0,0,0,0,0,test,M006,0
193,12-12-20_16PCC_11,12-12-20_16PCC,2020-12-12,16PCC,11,patches/S2_12-12-20_16PCC/S2_12-12-20_16PCC_11.tif,patches/S2_12-12-20_16PCC/S2_12-12-20_16PCC_11_cl.tif,patches/S2_12-12-20_16PCC/S2_12-12-20_16PCC_11_conf.tif,test,-88.15398333544155,15.759942440609256,EPSG:32616,10.0,10.0,11,float32,,"(1.0, 1.0, 1.0, 1.0, 1.0, 1.0, 1.0, 1.0, 1.0, 1.0, 1.0)","(0.0, 0.0, 0.0, 0.0, 0.0, 0.0, 0.0, 0.0, 0.0, 0.0, 0.0)",375100.0,1741440.0,377660.0,1744000.0,65536,3,65536,3,0,0,0,76,0,0,988a905f035a1798e1e80df398ae01d93d293a2af60dd4205488d6ea22061355,770193ad60a475ad2138bc9137bc391904e1171ad143849b816fa7194a334fbe,f5fe3fb4c8ef90fd04c98bf5acc95c3b0504b16a72a1e761e9f2dd5ae961ea67,65533,2,0,0,0,0,0,1,0,0,0,0,0,0,0,0,test,M006,1
198,12-12-20_16PCC_16,12-12-20_16PCC,2020-12-12,16PCC,16,patches/S2_12-12-20_16PCC/S2_12-12-20_16PCC_16.tif,patches/S2_12-12-20_16PCC/S2_12-12-20_16PCC_16_cl.tif,patches/S2_12-12-20_16PCC/S2_12-12-20_16PCC_16_conf.tif,test,-88.13021743806617,15.783207143848204,EPSG:32616,10.0,10.0,11,float32,,"(1.0, 1.0, 1.0, 1.0, 1.0, 1.0, 1.0, 1.0, 1.0, 1.0, 1.0)","(0.0, 0.0, 0.0, 0.0, 0.0, 0.0, 0.0, 0.0, 0.0, 0.0, 0.0)",377660.0,1744000.0,380220.0,1746560.0,65536,9,65536,9,0,0,0,96,0,0,3c084a5bfad675dc9fe89ffe4629c00e30fe8de47befc547b13d925272e9f8af,fc7afe66c21ea0664620d8e8fe34a3373b6fbc364b253fba62c718fd4acfd006,64bacd1e521854de8c8299faed42083ab42ba9e1b50142376d81c52860f6e0f0,65527,5,0,0,0,0,0,4,0,0,0,0,0,0,0,0,test,M006,2
212,12-12-20_16PCC_4,12-12-20_16PCC,2020-12-12,16PCC,4,patches/S2_12-12-20_16PCC/S2_12-12-20_16PCC_4.tif,patches/S2_12-12-20_16PCC/S2_12-12-20_16PCC_4_cl.tif,patches/S2_12-12-20_16PCC/S2_12-12-20_16PCC_4_conf.tif,test,-88.24969888950294,15.78255349773412,EPSG:32616,10.0,10.0,11,float32,,"(1.0, 1.0, 1.0, 1.0, 1.0, 1.0, 1.0, 1.0, 1.0, 1.0, 1.0)","(0.0, 0.0, 0.0, 0.0, 0.0, 0.0, 0.0, 0.0, 0.0, 0.0, 0.0)",364860.0,1744000.0,367420.0,1746560.0,65536,176,65536,176,0,0,0,76,0,0,6797336891dc2d7c016be1c30718fb36bf890394ed1d14253eea030504fad5b5,5309b83b9a384b668fa265880260002dd4fc19420dbb0d5dbb9e8f02753aea52,8a72f5a9b3bfd4449f6295939b11e88b21308c54167263a757f8a84db3bfaab0,65360,0,0,0,0,0,0,0,0,0,176,0,0,0,0,0,test,M006,3
213,12-12-20_16PCC_5,12-12-20_16PCC,2020-12-12,16PCC,5,patches/S2_12-12-20_16PCC/S2_12-12-20_16PCC_5.tif,patches/S2_12-12-20_16PCC/S2_12-12-20_16PCC_5_cl.tif,patches/S2_12-12-20_16PCC/S2_12-12-20_16PCC_5_conf.tif,test,-88.24955722471765,15.759415089295306,EPSG:32616,10.0,10.0,11,float32,,"(1.0, 1.0, 1.0, 1.0, 1.0, 1.0, 1.0, 1.0, 1.0, 1.0, 1.0)","(0.0, 0.0, 0.0, 0.0, 0.0, 0.0, 0.0, 0.0, 0.0, 0.0, 0.0)",364860.0,1741440.0,367420.0,1744000.0,65536,5413,65536,5413,0,0,0,236,0,0,5bdc5bd393ff092aba3d81a5c13638aa7bbf378e2bd0d6a87fe5b2f3d7279d02,ad8b7917e9f1a6c19f1db9ea0266c47c4e2a6765befb0e0eeecd539521c29db1,d8ca2638215a9839a59ebe18f56863e8ebf09c6c58d4c90ed507724e1db49175,60123,0,0,0,0,0,0,0,5413,0,0,0,0,0,0,0,test,M006,4
214,12-12-20_16PCC_6,12-12-20_16PCC,2020-12-12,16PCC,6,patches/S2_12-12-20_16PCC/S2_12-12-20_16PCC_6.tif,patches/S2_12-12-20_16PCC/S2_12-12-20_16PCC_6_cl.tif,patches/S2_12-12-20_16PCC/S2_12-12-20_16PCC_6_conf.tif,test,-88.24941579455219,15.736276630539782,EPSG:32616,10.0,10.0,11,float32,,"(1.0, 1.0, 1.0, 1.0, 1.0, 1.0, 1.0, 1.0, 1.0, 1.0, 1.0)","(0.0, 0.0, 0.0, 0.0, 0.0, 0.0, 0.0, 0.0, 0.0, 0.0, 0.0)",364860.0,1738880.0,367420.0,1741440.0,65536,91,65536,91,0,0,0,116,0,0,c29d4747eeafc3c49c13da6242011baf75b832f241fb9e720d9335416bfa4572,a22d98e03626fb8459d3c07194b6ef1306d6d39695ffd3024ec2fbc7948a2d35,e87332d261e9d01746244fb64b7c3c05e569b7461aa839db410ea8eb34928c3f,65445,0,0,0,0,0,0,0,43,48,0,0,0,0,0,0,test,M006,5
283,14-9-18_16PCC_11,14-9-18_16PCC,2018-09-14,16PCC,11,patches/S2_14-9-18_16PCC/S2_14-9-18_16PCC_11.tif,patches/S2_14-9-18_16PCC/S2_14-9-18_16PCC_11_cl.tif,patches/S2_14-9-18_16PCC/S2_14-9-18_16PCC_11_conf.tif,test,-88.2679561824645,16.103497756660808,EPSG:32616,10.0,10.0,11,float32,,"(1.0, 1.0, 1.0, 1.0, 1.0, 1.0, 1.0, 1.0, 1.0, 1.0, 1.0)","(0.0, 0.0, 0.0, 0.0, 0.0, 0.0, 0.0, 0.0, 0.0, 0.0, 0.0)",363120.0,1779520.0,365680.0,1782080.0,65536,484,65536,484,0,0,0,0,0,0,dbaa3c633695a117e50a2ceff48e5f5bf2b572854b879f26d5ebe9755937ce98,4bc3ac25c895f045a5eef3c2ee808987a38c17d67d43d52b97ec7ee1e2f66b75,c6ce3cb8730a3aee03df3f16aecb7e891cb3bc62c0e1be10e9744546f237e8e4,65052,0,0,0,0,0,392,42,0,0,0,50,0,0,0,0,test,M011,6
289,14-9-18_16PCC_17,14-9-18_16PCC,2018-09-14,16PCC,17,patches/S2_14-9-18_16PCC/S2_14-9-18_16PCC_17.tif,patches/S2_14-9-18_16PCC/S2_14-9-18_16PCC_17_cl.tif,patches/S2_14-9-18_16PCC/S2_14-9-18_16PCC_17_conf.tif,test,-88.26592250757736,15.7795672981906,EPSG:32616,10.0,10.0,11,float32,,"(1.0, 1.0, 1.0, 1.0, 1.0, 1.0, 1.0, 1.0, 1.0, 1.0, 1.0)","(0.0, 0.0, 0.0, 0.0, 0.0, 0.0, 0.0, 0.0, 0.0, 0.0, 0.0)",363120.0,1743680.0,365680.0,1746240.0,65536,15692,65536,15692,0,0,0,0,0,0,19e8bb3ac58754f9a2d6948f1448e69585d27f227b1cc4a02839a6211f9d70c4,fae82c88d33de263aa390669a2894374bcec0da91dddde167b3df8363b97effa,a0c38da129729f5b5362627ecf4b6ebd6850586631c0c8aff800bf42b3c06855,49844,0,0,0,0,0,0,0,15620,0,72,0,0,0,0,0,test,M011,7
293,14-9-18_16PCC_20,14-9-18_16PCC,2018-09-14,16PCC,20,patches/S2_14-9-18_16PCC/S2_14-9-18_16PCC_20.tif,patches/S2_14-9-18_16PCC/S2_14-9-18_16PCC_20_cl.tif,patches/S2_14-9-18_16PCC/S2_14-9-18_16PCC_20_conf.tif,test,-88.24273451097895,15.895396686124524,EPSG:32616,10.0,10.0,11,float32,,"(1.0, 1.0, 1.0, 1.0, 1.0, 1.0, 1.0, 1.0, 1.0, 1.0, 1.0)","(0.0, 0.0, 0.0, 0.0, 0.0, 0.0, 0.0, 0.0, 0.0, 0.0, 0.0)",365680.0,1756480.0,368240.0,1759040.0,65536,4,65536,4,0,0,0,0,0,0,f35d02b951f2da8fbdaf6e7739031f62c02445e073101bbdd51b548398c71535,5f0be9bf83b8fecb1f4517fc46bd82ce18780fa59edf2b63a14e62b46f793989,d823a7de7c247b229574ca6ba4be8085441c409d2a0b8325472abc93e60c9da3,65532,3,0,0,0,0,0,1,0,0,0,0,0,0,0,0,test,M011,8
296,14-9-18_16PCC_23,14-9-18_16PCC,2018-09-14,16PCC,23,patches/S2_14-9-18_16PCC/S2_14-9-18_16PCC_23.tif,patches/S2_14-9-18_16PCC/S2_14-9-18_16PCC_23_cl.tif,patches/S2_14-9-18_16PCC/S2_14-9-18_16PCC_23_conf.tif,test,-88.21882533620766,15.89553283767235,EPSG:32616,10.0,10.0,11,float32,,"(1.0, 1.0, 1.0, 1.0, 1.0, 1.0, 1.0, 1.0, 1.0, 1.0, 1.0)","(0.0, 0.0, 0.0, 0.0, 0.0, 0.0, 0.0, 0.0, 0.0, 0.0, 0.0)",368240.0,1756480.0,370800.0,1759040.0,65536,5,65536,5,0,0,0,0,0,0,d16dbfa6aed459d97e07b8e2fba85b6f260e0e55b573a305e1f050be9521151b,3f791ef2c6acbb9090a22e1fda051ba536ec9a64eaa56d3eef111bcba6aaa146,fc560bcf5e5301675459fda3d83a4ca60aa2e5c3e8888de0c9c8882b5f559cb8,65531,3,0,0,0,0,0,2,0,0,0,0,0,0,0,0,test,M011,9
305,14-9-18_16PCC_31,14-9-18_16PCC,2018-09-14,16PCC,31,patches/S2_14-9-18_16PCC/S2_14-9-18_16PCC_31.tif,patches/S2_14-9-18_16PCC/S2_14-9-18_16PCC_31_cl.tif,patches/S2_14-9-18_16PCC/S2_14-9-18_16PCC_31_conf.tif,test,-88.170472629695,15.803241537272688,EPSG:32616,10.0,10.0,11,float32,,"(1.0, 1.0, 1.0, 1.0, 1.0, 1.0, 1.0, 1.0, 1.0, 1.0, 1.0)","(0.0, 0.0, 0.0, 0.0, 0.0, 0.0, 0.0, 0.0, 0.0, 0.0, 0.0)",373360.0,1746240.0,375920.0,1748800.0,65536,8,65536,8,0,0,0,0,0,0,1d65c54049cddbb1da583f236cefa255c165402dfd24196c495bed7d3f354b69,a479b8b8d637a9f6732452795d29eebb3db9c992f406468fcb45715bdac54841,5cb208e1505d5680f668d98311e05f70eebdf3c309368f45c412b431fa32bcc1,65528,3,0,0,0,0,0,2,0,0,0,0,0,0,0,3,test,M011,10
317,14-9-18_16PCC_42,14-9-18_16PCC,2018-09-14,16PCC,42,patches/S2_14-9-18_16PCC/S2_14-9-18_16PCC_42.tif,patches/S2_14-9-18_16PCC/S2_14-9-18_16PCC_42_cl.tif,patches/S2_14-9-18_16PCC/S2_14-9-18_16PCC_42_conf.tif,test,-87.88458228682299,16.012865250036775,EPSG:32616,10.0,10.0,11,float32,,"(1.0, 1.0, 1.0, 1.0, 1.0, 1.0, 1.0, 1.0, 1.0, 1.0, 1.0)","(0.0, 0.0, 0.0, 0.0, 0.0, 0.0, 0.0, 0.0, 0.0, 0.0, 0.0)",404080.0,1769280.0,406640.0,1771840.0,65536,559,65536,559,0,0,0,0,0,0,c3e11183348d981f79fc865b8c55cc9b0fa5dd6d4e5e04500b7167880151a5f6,309a78b0ffc9727c4b4b26903767c7e8edebff2283fe02ad0e5e64483134749c,c0708914ea5caa891ad26ce0585cdcc2b823a5578b92f10cde5f77835819803c,64977,0,0,0,0,41,0,13,0,0,0,0,0,0,505,0,test,M011,11
336,15-11-20_16PCC_1,15-11-20_16PCC,2020-11-15,16PCC,1,patches/S2_15-11-20_16PCC/S2_15-11-20_16PCC_1.tif,patches/S2_15-11-20_16PCC/S2_15-11-20_16PCC_1_cl.tif,patches/S2_15-11-20_16PCC/S2_15-11-20_16PCC_1_conf.tif,test,-88.84287876544697,15.919848883865471,EPSG:32616,10.0,10.0,11,float32,,"(1.0, 1.0, 1.0, 1.0, 1.0, 1.0, 1.0, 1.0, 1.0, 1.0, 1.0)","(0.0, 0.0, 0.0, 0.0, 0.0, 0.0, 0.0, 0.0, 0.0, 0.0, 0.0)",301440.0,1759660.0,304000.0,1762220.0,65536,3,65536,3,0,0,0,0,0,0,57ec83707f492acb94e9726978ef1cd6a8b1d2866211af37705155d4d1bce30f,fb8b18eef1e7dac61b43b64f96f6eb41e8afbd5f926348de50e9b592db6d43c4,6c76d49e0864dbd0487d196dcf484a156522d3eb319c4daaed72c737121cc82f,65533,2,0,0,0,0,0,1,0,0,0,0,0,0,0,0,test,M013,12
343,15-11-20_16PCC_16,15-11-20_16PCC,2020-11-15,16PCC,16,patches/S2_15-11-20_16PCC/S2_15-11-20_16PCC_16.tif,patches/S2_15-11-20_16PCC/S2_15-11-20_16PCC_16_cl.tif,patches/S2_15-11-20_16PCC/S2_15-11-20_16PCC_16_conf.tif,test,-88.58044600789054,15.991338563787044,EPSG:32616,10.0,10.0,11,float32,,"(1.0, 1.0, 1.0, 1.0, 1.0, 1.0, 1.0, 1.0, 1.0, 1.0, 1.0)","(0.0, 0.0, 0.0, 0.0, 0.0, 0.0, 0.0, 0.0, 0.0, 0.0, 0.0)",329600.0,1767340.0,332160.0,1769900.0,65536,7,65536,7,0,0,0,0,0,0,bd9aba8fb1f69161738250537ddb2dd5b496f8bb1e22ec8d438391700238a109,cf8f35983288699480a39437654e60e02d42d42761d5f0c0b79f7186b3d4d7f4,5e6359f7d23606ab4af25c9ab6e007f88be7b06463ef7aba81db2696a3dba95c,65529,1,0,0,0,0,0,6,0,0,0,0,0,0,0,0,test,M013,13
345,15-11-20_16PCC_18,15-11-20_16PCC,2020-11-15,16PCC,18,patches/S2_15-11-20_16PCC/S2_15-11-20_16PCC_18.tif,patches/S2_15-11-20_16PCC/S2_15-11-20_16PCC_18_cl.tif,patches/S2_15-11-20_16PCC/S2_15-11-20_16PCC_18_conf.tif,test,-88.5797212068924,15.898799674270672,EPSG:32616,10.0,10.0,11,float32,,"(1.0, 1.0, 1.0, 1.0, 1.0, 1.0, 1.0, 1.0, 1.0, 1.0, 1.0)","(0.0, 0.0, 0.0, 0.0, 0.0, 0.0, 0.0, 0.0, 0.0, 0.0, 0.0)",329600.0,1757100.0,332160.0,1759660.0,65536,184,65536,184,0,0,0,0,0,0,ee9eeecf6bd73008faf3049e11875068d0908c7a3eb26548b7cc47702179dd30,0432bc7fc457dc8aa3805ba79432ce20000ddeb6de9e84fdd56bb515b0d9e304,66463668a8db4e2307d7a383ecef15c95e2b58538166165b9115d2d3e3e5eec2,65352,2,0,0,0,0,0,182,0,0,0,0,0,0,0,0,test,M013,14
350,15-11-20_16PCC_22,15-11-20_16PCC,2020-11-15,16PCC,22,patches/S2_15-11-20_16PCC/S2_15-11-20_16PCC_22.tif,patches/S2_15-11-20_16PCC/S2_15-11-20_16PCC_22_cl.tif,patches/S2_15-11-20_16PCC/S2_15-11-20_16PCC_22_conf.tif,test,-88.53261155057531,15.99168494491049,EPSG:32616,10.0,10.0,11,float32,,"(1.0, 1.0, 1.0, 1.0, 1.0, 1.0, 1.0, 1.0, 1.0, 1.0, 1.0)","(0.0, 0.0, 0.0, 0.0, 0.0, 0.0, 0.0, 0.0, 0.0, 0.0, 0.0)",334720.0,1767340.0,337280.0,1769900.0,65536,5031,65536,5031,0,0,0,0,0,0,182fdcbe8016a0e55cce82d9fbc429ce9098111b2156d108c3d5f01428a76f3b,eac38864a8ce7bd7ba7fe32f4bf846a6a61c8fec74e1e9978c684e879f7d8051,4e8c91ebc0a92a21f8657e59801c986a2c08dba80ebae2664955a916c2dc6f60,60505,0,0,0,0,6,4967,34,0,0,0,0,0,0,24,0,test,M013,15
352,15-11-20_16PCC_3,15-11-20_16PCC,2020-11-15,16PCC,3,patches/S2_15-11-20_16PCC/S2_15-11-20_16PCC_3.tif,patches/S2_15-11-20_16PCC/S2_15-11-20_16PCC_3_cl.tif,patches/S2_15-11-20_16PCC/S2_15-11-20_16PCC_3_conf.tif,test,-88.79568579718858,15.98964826640546,EPSG:32616,10.0,10.0,11,float32,,"(1.0, 1.0, 1.0, 1.0, 1.0, 1.0, 1.0, 1.0, 1.0, 1.0, 1.0)","(0.0, 0.0, 0.0, 0.0, 0.0, 0.0, 0.0, 0.0, 0.0, 0.0, 0.0)",306560.0,1767340.0,309120.0,1769900.0,65536,560,65536,560,0,0,0,0,0,0,54f064344298d6686304eefb32daf2344f9acc5e56630b4248f1073e01c04509,899ede53f985b655d5efad9cb7322dbeb7542deb603acc147aae8fd1039b79ed,f883a9ba580efc5a5968d3357e41e613df47b458e3920a9446441f10bd3761da,64976,0,0,0,0,0,10,0,0,0,0,0,0,550,0,0,test,M013,16
355,15-11-20_16PCC_6,15-11-20_16PCC,2020-11-15,16PCC,6,patches/S2_15-11-20_16PCC/S2_15-11-20_16PCC_6.tif,patches/S2_15-11-20_16PCC/S2_15-11-20_16PCC_6_cl.tif,patches/S2_15-11-20_16PCC/S2_15-11-20_16PCC_6_conf.tif,test,-88.72256205761825,15.828303762049083,EPSG:32616,10.0,10.0,11,float32,,"(1.0, 1.0, 1.0, 1.0, 1.0, 1.0, 1.0, 1.0, 1.0, 1.0, 1.0)","(0.0, 0.0, 0.0, 0.0, 0.0, 0.0, 0.0, 0.0, 0.0, 0.0, 0.0)",314240.0,1749420.0,316800.0,1751980.0,65536,552,65536,552,0,0,0,0,0,0,ebec42afeb8185ec83fed27d651a746a48d266cd21101c392959c9a59e2248c4,e461ac154ac43e8d5630a9ab31f2043f5a2f4f5829c9314d996d40b63d9791e6,d7e7aef56c3ecb4bf54beedadccd6425cbea7eadae475fe4dbf4020740c0ef8d,64984,0,0,0,0,0,0,0,0,0,552,0,0,0,0,0,test,M013,17
426,18-5-19_51PTS_0,18-5-19_51PTS,2019-05-18,51PTS,0,patches/S2_18-5-19_51PTS/S2_18-5-19_51PTS_0.tif,patches/S2_18-5-19_51PTS/S2_18-5-19_51PTS_0_cl.tif,patches/S2_18-5-19_51PTS/S2_18-5-19_51PTS_0_conf.tif,test,120.84991010891274,14.583366215286858,EPSG:32651,10.0,10.0,11,float32,,"(1.0, 1.0, 1.0, 1.0, 1.0, 1.0, 1.0, 1.0, 1.0, 1.0, 1.0)","(0.0, 0.0, 0.0, 0.0, 0.0, 0.0, 0.0, 0.0, 0.0, 0.0, 0.0)",267080.0,1612060.0,269640.0,1614620.0,65536,5,65536,5,0,0,0,0,0,0,28186d787c9e9aa4cc80286996103f7d793cda755c221b1382dee71135df37fd,94d7f3af14aee9debcf40b83b01c9d1cc079c14039882f23c21f5fb1cd263938,a87428687a575d23ff32695e943f504d0446a9235722accd5cd9866d16d45141,65531,4,0,0,0,0,0,1,0,0,0,0,0,0,0,0,test,M018,18
427,18-5-19_51PTS_1,18-5-19_51PTS,2019-05-18,51PTS,1,patches/S2_18-5-19_51PTS/S2_18-5-19_51PTS_1.tif,patches/S2_18-5-19_51PTS/S2_18-5-19_51PTS_1_cl.tif,patches/S2_18-5-19_51PTS/S2_18-5-19_51PTS_1_conf.tif,test,120.85013442472368,14.560236202669858,EPSG:32651,10.0,10.0,11,float32,,"(1.0, 1.0, 1.0, 1.0, 1.0, 1.0, 1.0, 1.0, 1.0, 1.0, 1.0)","(0.0, 0.0, 0.0, 0.0, 0.0, 0.0, 0.0, 0.0, 0.0, 0.0, 0.0)",267080.0,1609500.0,269640.0,1612060.0,65536,8,65536,8,0,0,0,0,0,0,95e23fba15062738bc584ed4bf6a86e03015b0328fab45edf6956a9fdfbce464,b00ea4216456e81781ec0a7ef5dba902e90125ad2bde40ef97ac0a0c693ee52a,acbcbe883c9ba23a4719df22db7bad49a2f536a43ba3b0153f5c753188ac68cc,65528,6,0,0,0,0,0,2,0,0,0,0,0,0,0,0,test,M018,19
428,18-5-19_51PTS_2,18-5-19_51PTS,2019-05-18,51PTS,2,patches/S2_18-5-19_51PTS/S2_18-5-19_51PTS_2.tif,patches/S2_18-5-19_51PTS/S2_18-5-19_51PTS_2_cl.tif,patches/S2_18-5-19_51PTS/S2_18-5-19_51PTS_2_conf.tif,test,120.87366038045651,14.583583661405878,EPSG:32651,10.0,10.0,11,float32,,"(1.0, 1.0, 1.0, 1.0, 1.0, 1.0, 1.0, 1.0, 1.0, 1.0, 1.0)","(0.0, 0.0, 0.0, 0.0, 0.0, 0.0, 0.0, 0.0, 0.0, 0.0, 0.0)",269640.0,1612060.0,272200.0,1614620.0,65536,7,65536,7,0,0,0,0,0,0,8f4b3573689ae26d4be4c5f96b3e0fc16e37264c5c7456528a1afdf7206f1067,30b91c75041274eab146d1d00e5cd08eb7cd336bdec3e2c7955dda33d0a71d96,3582cb235b02000725015d4eba896e8ae01f70a24a63ee3c2d7e827a2c152ce1,65529,0,0,0,0,3,0,4,0,0,0,0,0,0,0,0,test,M018,20
429,18-5-19_51PTS_3,18-5-19_51PTS,2019-05-18,51PTS,3,patches/S2_18-5-19_51PTS/S2_18-5-19_51PTS_3.tif,patches/S2_18-5-19_51PTS/S2_18-5-19_51PTS_3_cl.tif,patches/S2_18-5-19_51PTS/S2_18-5-19_51PTS_3_conf.tif,test,120.873882223012,14.560453289158389,EPSG:32651,10.0,10.0,11,float32,,"(1.0, 1.0, 1.0, 1.0, 1.0, 1.0, 1.0, 1.0, 1.0, 1.0, 1.0)","(0.0, 0.0, 0.0, 0.0, 0.0, 0.0, 0.0, 0.0, 0.0, 0.0, 0.0)",269640.0,1609500.0,272200.0,1612060.0,65536,18,65536,18,0,0,0,0,0,0,f7bafa2659d3ad954371e7138cce3d5a0c5533cd5146cc51ac17339b6a120c5c,65b2c6fcf0130186d787d4181de28bf33c14a19a8f698757576a9e9bfa64abab,afd6f2399f68e8ae4ee058250e68ac67162743bf8b82c729920dd436a99fbe59,65518,0,0,0,0,10,0,8,0,0,0,0,0,0,0,0,test,M018,21
661,22-12-20_18QYF_0,22-12-20_18QYF,2020-12-22,18QYF,0,patches/S2_22-12-20_18QYF/S2_22-12-20_18QYF_0.tif,patches/S2_22-12-20_18QYF/S2_22-12-20_18QYF_0_cl.tif,patches/S2_22-12-20_18QYF/S2_22-12-20_18QYF_0_conf.tif,test,-72.82087771510677,18.850888995208003,EPSG:32618,10.0,10.0,11,float32,,"(1.0, 1.0, 1.0, 1.0, 1.0, 1.0, 1.0, 1.0, 1.0, 1.0, 1.0)","(0.0, 0.0, 0.0, 0.0, 0.0, 0.0, 0.0, 0.0, 0.0, 0.0, 0.0)",728320.0,2084460.0,730880.0,2087020.0,65536,114,65536,114,0,0,0,0,0,0,54f4324ba23809ac642e2b987b29b43f935fa7b9e6f6c82d20f539e4dd51ad04,bc3ca3ef2d47a95a04e71d45fcd4e61db09a63fe5d5eec107d19fe1a98ca0804,c7596231e82dd15b88dbc820067abc1cd72efc595132bb4ee31889277ed92104,65422,28,0,0,0,0,0,86,0,0,0,0,0,0,0,0,test,M026,22
662,22-12-20_18QYF_1,22-12-20_18QYF,2020-12-22,18QYF,1,patches/S2_22-12-20_18QYF/S2_22-12-20_18QYF_1.tif,patches/S2_22-12-20_18QYF/S2_22-12-20_18QYF_1_cl.tif,patches/S2_22-12-20_18QYF/S2_22-12-20_18QYF_1_conf.tif,test,-72.7965941011418,18.85060316082337,EPSG:32618,10.0,10.0,11,float32,,"(1.0, 1.0, 1.0, 1.0, 1.0, 1.0, 1.0, 1.0, 1.0, 1.0, 1.0)","(0.0, 0.0, 0.0, 0.0, 0.0, 0.0, 0.0, 0.0, 0.0, 0.0, 0.0)",730880.0,2084460.0,733440.0,2087020.0,65536,10,65536,10,0,0,0,0,0,0,1a3a0b5c6e8822b8123303a3fe8f2a77c2b41b131572b5279c417ee588dcbb3d,78d8dd58f0186121bbe05124af81eb05969949a82e287965e838830a9c1b00de,a3ae3574f0818e6d2585ad85b0bb05a5c4fc8d03a9c74b3477ef9818c61eb8b5,65526,2,0,0,2,0,0,4,0,0,0,0,0,0,0,2,test,M026,23
893,28-9-20_16PCC_11,28-9-20_16PCC,2020-09-28,16PCC,11,patches/S2_28-9-20_16PCC/S2_28-9-20_16PCC_11.tif,patches/S2_28-9-20_16PCC/S2_28-9-20_16PCC_11_cl.tif,patches/S2_28-9-20_16PCC/S2_28-9-20_16PCC_11_conf.tif,test,-88.60533162062853,15.83082976295944,EPSG:32616,10.0,10.0,11,float32,,"(1.0, 1.0, 1.0, 1.0, 1.0, 1.0, 1.0, 1.0, 1.0, 1.0, 1.0)","(0.0, 0.0, 0.0, 0.0, 0.0, 0.0, 0.0, 0.0, 0.0, 0.0, 0.0)",326800.0,1749600.0,329360.0,1752160.0,65536,113,65536,113,0,0,0,0,0,0,eff779324485004dc333bff9b3b519e22e128c369378c0ae16b30498bad7f52d,55d64f6bc28071681cc2150cf48f49d99813ee21bf3087cf256d435463974c27,e503977971ec29f2d1a9dccf8a21bd2d24f63cab3d47aeec281d2ffeaff75fa3,65423,0,0,0,0,59,0,54,0,0,0,0,0,0,0,0,test,M039,24
896,28-9-20_16PCC_14,28-9-20_16PCC,2020-09-28,16PCC,14,patches/S2_28-9-20_16PCC/S2_28-9-20_16PCC_14.tif,patches/S2_28-9-20_16PCC/S2_28-9-20_16PCC_14_cl.tif,patches/S2_28-9-20_16PCC/S2_28-9-20_16PCC_14_conf.tif,test,-88.60442185573343,15.715155716721949,EPSG:32616,10.0,10.0,11,float32,,"(1.0, 1.0, 1.0, 1.0, 1.0, 1.0, 1.0, 1.0, 1.0, 1.0, 1.0)","(0.0, 0.0, 0.0, 0.0, 0.0, 0.0, 0.0, 0.0, 0.0, 0.0, 0.0)",326800.0,1736800.0,329360.0,1739360.0,65536,159,65536,159,0,0,0,0,0,0,27dd85377c2b876327198556efcbea7b4105e271d8960f08b05460bd1e8a00d5,05106b16595cccca52b6fbe177242612fff195d8bde41281c00f762fc945df98,917ebbf8bfdbd934ee1cdb0516cd7389c95b9e52e3c494a9805bb49a68bb5414,65377,0,0,0,0,0,0,0,0,0,159,0,0,0,0,0,test,M039,25
898,28-9-20_16PCC_2,28-9-20_16PCC,2020-09-28,16PCC,2,patches/S2_28-9-20_16PCC/S2_28-9-20_16PCC_2.tif,patches/S2_28-9-20_16PCC/S2_28-9-20_16PCC_2_cl.tif,patches/S2_28-9-20_16PCC/S2_28-9-20_16PCC_2_conf.tif,test,-88.67664216670904,15.784019507364428,EPSG:32616,10.0,10.0,11,float32,,"(1.0, 1.0, 1.0, 1.0, 1.0, 1.0, 1.0, 1.0, 1.0, 1.0, 1.0)","(0.0, 0.0, 0.0, 0.0, 0.0, 0.0, 0.0, 0.0, 0.0, 0.0, 0.0)",319120.0,1744480.0,321680.0,1747040.0,65536,19,65536,19,0,0,0,0,0,0,b519d6bbbc46b985b900c210c5a92c5897358e572ece3603165cd1d437e04115,0e63c641c0b0440be3455134526d22f805d09f8ed23651e4611819864c36b1f7,88b4e9c3c35ad16a2e49f744ae86a8c76d26ebb769ba39a74f741446b267f17e,65517,0,0,0,0,4,0,0,0,0,2,0,0,0,13,0,test,M039,26
900,28-9-20_16PCC_4,28-9-20_16PCC,2020-09-28,16PCC,4,patches/S2_28-9-20_16PCC/S2_28-9-20_16PCC_4.tif,patches/S2_28-9-20_16PCC/S2_28-9-20_16PCC_4_cl.tif,patches/S2_28-9-20_16PCC/S2_28-9-20_16PCC_4_conf.tif,test,-88.65331464548133,15.853604859831403,EPSG:32616,10.0,10.0,11,float32,,"(1.0, 1.0, 1.0, 1.0, 1.0, 1.0, 1.0, 1.0, 1.0, 1.0, 1.0)","(0.0, 0.0, 0.0, 0.0, 0.0, 0.0, 0.0, 0.0, 0.0, 0.0, 0.0)",321680.0,1752160.0,324240.0,1754720.0,65536,20,65536,20,0,0,0,0,0,0,08bf330adb43ef00ae3fcf06eb198205184d0bbc8cbe7af524037d6163c70d65,89665fccabd9b088f7a5b75b5b48ec45c0a2b939f24d0f01eef5f92ab4377739,55ce27d008f03ea7a34ceb4a51c0ac034c5122eb4117d6063d52937860390b34,65516,11,0,0,1,0,0,6,0,0,0,0,0,0,0,2,test,M039,27
904,28-9-20_16PCC_8,28-9-20_16PCC,2020-09-28,16PCC,8,patches/S2_28-9-20_16PCC/S2_28-9-20_16PCC_8.tif,patches/S2_28-9-20_16PCC/S2_28-9-20_16PCC_8_cl.tif,patches/S2_28-9-20_16PCC/S2_28-9-20_16PCC_8_conf.tif,test,-88.62922913829584,15.830651574425117,EPSG:32616,10.0,10.0,11,float32,,"(1.0, 1.0, 1.0, 1.0, 1.0, 1.0, 1.0, 1.0, 1.0, 1.0, 1.0)","(0.0, 0.0, 0.0, 0.0, 0.0, 0.0, 0.0, 0.0, 0.0, 0.0, 0.0)",324240.0,1749600.0,326800.0,1752160.0,65536,18,65536,18,0,0,0,0,0,0,19fea248dfe1533e3a11abcecb8dc860b0852e73c0d7d4ad1b04e00c7021e83c,15ab1c537a3caf91a628871ddfb10c55f9aff9b4b516c0da4e127ae30b349821,36a6da0c0fc2b9b236867400c5c9efc98dc71608b43675b74c4982311b08ff41,65518,10,0,0,1,0,0,3,0,0,0,0,0,0,0,4,test,M039,28
905,28-9-20_16PCC_9,28-9-20_16PCC,2020-09-28,16PCC,9,patches/S2_28-9-20_16PCC/S2_28-9-20_16PCC_9.tif,patches/S2_28-9-20_16PCC/S2_28-9-20_16PCC_9_cl.tif,patches/S2_28-9-20_16PCC/S2_28-9-20_16PCC_9_conf.tif,test,-88.62904386778035,15.807517141141664,EPSG:32616,10.0,10.0,11,float32,,"(1.0, 1.0, 1.0, 1.0, 1.0, 1.0, 1.0, 1.0, 1.0, 1.0, 1.0)","(0.0, 0.0, 0.0, 0.0, 0.0, 0.0, 0.0, 0.0, 0.0, 0.0, 0.0)",324240.0,1747040.0,326800.0,1749600.0,65536,14,65536,14,0,0,0,0,0,0,a37b183c7ae94a88f91ddbfa9bbe27fe230af3e724771d14d0a3520919027dce,804a18522c75d075057b259ead8939f65df06dba5f079283c53a3e0c678beb6b,c53f14edf908510199a6379a64757576de5585ffcbbc480fa5153ab2f9be6c6f,65522,5,0,0,1,0,0,3,0,0,0,0,0,0,0,5,test,M039,29
907,28-9-20_16PDC_1,28-9-20_16PDC,2020-09-28,16PDC,1,patches/S2_28-9-20_16PDC/S2_28-9-20_16PDC_1.tif,patches/S2_28-9-20_16PDC/S2_28-9-20_16PDC_1_cl.tif,patches/S2_28-9-20_16PDC/S2_28-9-20_16PDC_1_conf.tif,val,-87.82737790045316,15.920527421411444,EPSG:32616,10.0,10.0,11,float32,,"(1.0, 1.0, 1.0, 1.0, 1.0, 1.0, 1.0, 1.0, 1.0, 1.0, 1.0)","(0.0, 0.0, 0.0, 0.0, 0.0, 0.0, 0.0, 0.0, 0.0, 0.0, 0.0)",410160.0,1759040.0,412720.0,1761600.0,65536,58,65536,58,0,0,0,0,0,0,3f8c860ec1c4079ed870d300ce9eefdd0728f886617e95e075f7880ccfad0b61,bfb1814fbe009638c2db444ff623144657a4916390982a6213a664c0cde2bd0e,cea66eb563276c2d49343ac9171b80e1bc5143333d64c05d1f2ac6cd76e84a3b,65478,0,0,0,0,0,0,0,0,7,51,0,0,0,0,0,test,M039,30
908,28-9-20_16PDC_10,28-9-20_16PDC,2020-09-28,16PDC,10,patches/S2_28-9-20_16PDC/S2_28-9-20_16PDC_10.tif,patches/S2_28-9-20_16PDC/S2_28-9-20_16PDC_10_cl.tif,patches/S2_28-9-20_16PDC/S2_28-9-20_16PDC_10_conf.tif,val,-87.70780015019834,15.920952659606485,EPSG:32616,10.0,10.0,11,float32,,"(1.0, 1.0, 1.0, 1.0, 1.0, 1.0, 1.0, 1.0, 1.0, 1.0, 1.0)","(0.0, 0.0, 0.0, 0.0, 0.0, 0.0, 0.0, 0.0, 0.0, 0.0, 0.0)",422960.0,1759040.0,425520.0,1761600.0,65536,15025,65536,15025,0,0,0,12,0,0,d2a77dff4f792fcbc8c426a18acc867a421df83e00de7705f7663e83d881442b,21ce6e6b210e41868316c126c7569a1432ad003edf40a459e25f3daa692fe436,73c794984307a0ab1341232e1a31d499c5c8ec19e200011b266cfb1198ea1499,50511,0,0,0,0,0,0,0,15025,0,0,0,0,0,0,0,test,M039,31
911,28-9-20_16PDC_13,28-9-20_16PDC,2020-09-28,16PDC,13,patches/S2_28-9-20_16PDC/S2_28-9-20_16PDC_13.tif,patches/S2_28-9-20_16PDC/S2_28-9-20_16PDC_13_cl.tif,patches/S2_28-9-20_16PDC/S2_28-9-20_16PDC_13_conf.tif,val,-87.66103830047571,16.245088416127473,EPSG:32616,10.0,10.0,11,float32,,"(1.0, 1.0, 1.0, 1.0, 1.0, 1.0, 1.0, 1.0, 1.0, 1.0, 1.0)","(0.0, 0.0, 0.0, 0.0, 0.0, 0.0, 0.0, 0.0, 0.0, 0.0, 0.0)",428080.0,1794880.0,430640.0,1797440.0,65536,857,65536,857,0,0,0,0,0,0,f16eb803d64ac7b9a529bd3c13afa3fde86765e6ad053839fc700ec20f82d726,4a1d3f78735aa82358e11e342b8bc1469ed3c9006f1d71fe9adb479cfc587695,4809b204a689792c03c763ae6cdf40c93d06966b1aa00dfb9be498d8092ef13a,64679,0,0,0,0,0,672,73,0,0,0,0,0,112,0,0,test,M039,32
917,28-9-20_16PDC_19,28-9-20_16PDC,2020-09-28,16PDC,19,patches/S2_28-9-20_16PDC/S2_28-9-20_16PDC_19.tif,patches/S2_28-9-20_16PDC/S2_28-9-20_16PDC_19_cl.tif,patches/S2_28-9-20_16PDC/S2_28-9-20_16PDC_19_conf.tif,val,-87.63663837092489,16.10631193025985,EPSG:32616,10.0,10.0,11,float32,,"(1.0, 1.0, 1.0, 1.0, 1.0, 1.0, 1.0, 1.0, 1.0, 1.0, 1.0)","(0.0, 0.0, 0.0, 0.0, 0.0, 0.0, 0.0, 0.0, 0.0, 0.0, 0.0)",430640.0,1779520.0,433200.0,1782080.0,65536,30,65536,30,0,0,0,0,0,0,7b4bf12925b0cd9912cd2ee7082e153ffddb88c199b868e643019795bb02b784,ee4b90926cb9baac34fcef7deb03ffccf8d0269f23e276381170d658ec83dc75,9af9737037e9be8633a248b898a68c853319efd2460d844c819aea0e1cfd3cc6,65506,0,2,20,0,0,0,8,0,0,0,0,0,0,0,0,test,M039,33
920,28-9-20_16PDC_21,28-9-20_16PDC,2020-09-28,16PDC,21,patches/S2_28-9-20_16PDC/S2_28-9-20_16PDC_21.tif,patches/S2_28-9-20_16PDC/S2_28-9-20_16PDC_21_cl.tif,patches/S2_28-9-20_16PDC/S2_28-9-20_16PDC_21_conf.tif,val,-87.63597909066607,15.898033795462666,EPSG:32616,10.0,10.0,11,float32,,"(1.0, 1.0, 1.0, 1.0, 1.0, 1.0, 1.0, 1.0, 1.0, 1.0, 1.0)","(0.0, 0.0, 0.0, 0.0, 0.0, 0.0, 0.0, 0.0, 0.0, 0.0, 0.0)",430640.0,1756480.0,433200.0,1759040.0,65536,12,65536,12,0,0,0,0,0,0,63b394068ac4172b5f5a3f9180d44d2e018c335c3e615d6c3374b9f83cc8468f,4f278463597eaa8e0f32a590ba69ccb74862f78cecb024cd75fc4b17115fbfe5,753ff8ccad6ba8d9e0eab6f200ac2e6497ce49a87c73f05c764d857820d7b4c8,65524,0,0,0,0,0,0,0,0,0,0,12,0,0,0,0,test,M039,34
935,28-9-20_16PDC_9,28-9-20_16PDC,2020-09-28,16PDC,9,patches/S2_28-9-20_16PDC/S2_28-9-20_16PDC_9.tif,patches/S2_28-9-20_16PDC/S2_28-9-20_16PDC_9_cl.tif,patches/S2_28-9-20_16PDC/S2_28-9-20_16PDC_9_conf.tif,val,-87.70788126450168,15.944094483411805,EPSG:32616,10.0,10.0,11,float32,,"(1.0, 1.0, 1.0, 1.0, 1.0, 1.0, 1.0, 1.0, 1.0, 1.0, 1.0)","(0.0, 0.0, 0.0, 0.0, 0.0, 0.0, 0.0, 0.0, 0.0, 0.0, 0.0)",422960.0,1761600.0,425520.0,1764160.0,65536,13157,65536,13157,0,0,0,444,0,0,f52d633bdb861c2a562c635d6f52d921443582b69f79415ceac5972f0bbcff1d,2a19244e2d3876e8b0da9fde42608ecb5ca16373288b7fe5132c187e18a0eab9,482fbaf2ab7e0447f14c8266fe3fb2db92d406560264657a526d095c4e0e5bad,52379,0,0,0,0,0,0,0,5264,0,7893,0,0,0,0,0,test,M039,35
1076,30-8-18_16PCC_1,30-8-18_16PCC,2018-08-30,16PCC,1,patches/S2_30-8-18_16PCC/S2_30-8-18_16PCC_1.tif,patches/S2_30-8-18_16PCC/S2_30-8-18_16PCC_1_cl.tif,patches/S2_30-8-18_16PCC/S2_30-8-18_16PCC_1_conf.tif,test,-88.67911280896847,15.947212289813912,EPSG:32616,10.0,10.0,11,float32,,"(1.0, 1.0, 1.0, 1.0, 1.0, 1.0, 1.0, 1.0, 1.0, 1.0, 1.0)","(0.0, 0.0, 0.0, 0.0, 0.0, 0.0, 0.0, 0.0, 0.0, 0.0, 0.0)",319000.0,1762540.0,321560.0,1765100.0,65536,4,47012,4,0,0,0,0,0,180351,ff17016a1a01dd3d04d27371ee744b02e6c1a599d78b560325c91073f2738588,c3695d211ee4b58e9a4850b69f72478cb48a81b191d85c401a07dc509ffa5aae,e82e0829655e548caa3584e6d5bf5e3a6dafaf6c1df26ff0f264f908cd68187a,65532,4,0,0,0,0,0,0,0,0,0,0,0,0,0,0,test,M048,36
1084,30-8-18_16PCC_17,30-8-18_16PCC,2018-08-30,16PCC,17,patches/S2_30-8-18_16PCC/S2_30-8-18_16PCC_17.tif,patches/S2_30-8-18_16PCC/S2_30-8-18_16PCC_17_cl.tif,patches/S2_30-8-18_16PCC/S2_30-8-18_16PCC_17_conf.tif,test,-88.6060967253439,15.78581721228851,EPSG:32616,10.0,10.0,11,float32,,"(1.0, 1.0, 1.0, 1.0, 1.0, 1.0, 1.0, 1.0, 1.0, 1.0, 1.0)","(0.0, 0.0, 0.0, 0.0, 0.0, 0.0, 0.0, 0.0, 0.0, 0.0, 0.0)",326680.0,1744620.0,329240.0,1747180.0,65536,340,65536,340,0,0,0,0,0,0,e31d7faea7dcab2357b6475b3426a89cded818791a19f9a1509531b33d76b519,b93826b0b0dfbd7f38d786289ac254fbb4ab95d2885f4689e98253557f0b2e1d,3bb2e7f5aff88e6e61a4f2e1b58522a6256cfa960dae9cfaf3773c99dd9de0d1,65196,0,0,0,0,54,0,0,0,0,41,0,0,0,245,0,test,M048,37
1090,30-8-18_16PCC_22,30-8-18_16PCC,2018-08-30,16PCC,22,patches/S2_30-8-18_16PCC/S2_30-8-18_16PCC_22.tif,patches/S2_30-8-18_16PCC/S2_30-8-18_16PCC_22_cl.tif,patches/S2_30-8-18_16PCC/S2_30-8-18_16PCC_22_conf.tif,test,-88.56027424453771,16.040650136872827,EPSG:32616,10.0,10.0,11,float32,,"(1.0, 1.0, 1.0, 1.0, 1.0, 1.0, 1.0, 1.0, 1.0, 1.0, 1.0)","(0.0, 0.0, 0.0, 0.0, 0.0, 0.0, 0.0, 0.0, 0.0, 0.0, 0.0)",331800.0,1772780.0,334360.0,1775340.0,65536,394,65536,394,0,0,0,0,0,0,4a813deda4669e875a6f223459bf2980967062164ae084350ad377a6aabca226,779f8f5aa3005faaf6cb66bf600dd5de371577e7330cf799e67c8ce80f693646,1ddb391e164d86bb4c6e4f1393b6f9e5233d9158f61cd38268e0cb35cbf573e4,65142,0,41,93,0,0,256,4,0,0,0,0,0,0,0,0,test,M048,38
1096,30-8-18_16PCC_28,30-8-18_16PCC,2018-08-30,16PCC,28,patches/S2_30-8-18_16PCC/S2_30-8-18_16PCC_28.tif,patches/S2_30-8-18_16PCC/S2_30-8-18_16PCC_28_cl.tif,patches/S2_30-8-18_16PCC/S2_30-8-18_16PCC_28_conf.tif,test,-88.27143172198303,15.764892488621935,EPSG:32616,10.0,10.0,11,float32,,"(1.0, 1.0, 1.0, 1.0, 1.0, 1.0, 1.0, 1.0, 1.0, 1.0, 1.0)","(0.0, 0.0, 0.0, 0.0, 0.0, 0.0, 0.0, 0.0, 0.0, 0.0, 0.0)",362520.0,1742060.0,365080.0,1744620.0,65536,2088,65536,2088,0,0,0,0,0,0,e5b120e3843cd2ff24ec298f623dbd3c04d3bd56029ae993e7a80cc6d784c6de,a3cf40c3424cd5efde82308a7d238bd09bfe3afab6826ddf438c1fccf10ee15d,2a44af99179b79300cfb629d1626f71bc94b71a16e49cc673c8dccbf5034db33,63448,0,0,0,0,0,0,0,2088,0,0,0,0,0,0,0,test,M048,39
1104,30-8-18_16PCC_35,30-8-18_16PCC,2018-08-30,16PCC,35,patches/S2_30-8-18_16PCC/S2_30-8-18_16PCC_35.tif,patches/S2_30-8-18_16PCC/S2_30-8-18_16PCC_35_cl.tif,patches/S2_30-8-18_16PCC/S2_30-8-18_16PCC_35_conf.tif,test,-88.17598940808726,15.788568648155731,EPSG:32616,10.0,10.0,11,float32,,"(1.0, 1.0, 1.0, 1.0, 1.0, 1.0, 1.0, 1.0, 1.0, 1.0, 1.0)","(0.0, 0.0, 0.0, 0.0, 0.0, 0.0, 0.0, 0.0, 0.0, 0.0, 0.0)",372760.0,1744620.0,375320.0,1747180.0,65536,1017,65536,1017,0,0,0,0,0,0,a216aa57382b158628af961f540d2346c093f15a00d635d665eedd9581f11d5c,b3581370a6ce4cdcfd03fdde8bce8c52cdea47cf6e056cedb1416d32df0daf7e,17a6bee06f883563a02940f4a7014cfb9d8383090ede303d50d8d2a6129d929b,64519,4,0,0,0,0,0,860,0,0,0,0,152,0,0,1,test,M048,40
1116,30-8-18_16PCC_5,30-8-18_16PCC,2018-08-30,16PCC,5,patches/S2_30-8-18_16PCC/S2_30-8-18_16PCC_5.tif,patches/S2_30-8-18_16PCC/S2_30-8-18_16PCC_5_cl.tif,patches/S2_30-8-18_16PCC/S2_30-8-18_16PCC_5_conf.tif,test,-88.65520213409127,15.94739728771439,EPSG:32616,10.0,10.0,11,float32,,"(1.0, 1.0, 1.0, 1.0, 1.0, 1.0, 1.0, 1.0, 1.0, 1.0, 1.0)","(0.0, 0.0, 0.0, 0.0, 0.0, 0.0, 0.0, 0.0, 0.0, 0.0, 0.0)",321560.0,1762540.0,324120.0,1765100.0,65536,7,65536,7,0,0,0,0,0,0,6b51b01adf24b041aee4db2f83c9fd5b3c75a651d6d2ea062e385f3dbf16317c,0f4552a36428a2e2ece243abccde189bcb0873923252245ef1d142738eb51e92,5e9f9f94795a38025d4395d6f64bb16f765f80406244bf2ba5513acf59ab1bc1,65529,7,0,0,0,0,0,0,0,0,0,0,0,0,0,0,test,M048,41
0,1-12-19_48MYU_0,1-12-19_48MYU,2019-12-01,48MYU,0,patches/S2_1-12-19_48MYU/S2_1-12-19_48MYU_0.tif,patches/S2_1-12-19_48MYU/S2_1-12-19_48MYU_0_cl.tif,patches/S2_1-12-19_48MYU/S2_1-12-19_48MYU_0_conf.tif,train,106.87921970868769,-5.970694295632106,EPSG:32748,10.0,10.0,11,float32,,"(1.0, 1.0, 1.0, 1.0, 1.0, 1.0, 1.0, 1.0, 1.0, 1.0, 1.0)","(0.0, 0.0, 0.0, 0.0, 0.0, 0.0, 0.0, 0.0, 0.0, 0.0, 0.0)",706740.0,9338400.0,709300.0,9340960.0,65536,529,65536,529,0,0,0,0,0,0,3f5a17491e58014e0adaa68036008a7226c4dbba7fbf2c5a9d282bd2b0705f43,18f37e0d9d6e7e91881973cad17446f360ea42556b8888d9b836c281d9d5cb8a,3dc6966a1579b4185e60161fab1ab76ac14f38e0137c7f6af30f90e4251fbc33,65007,0,0,0,0,96,0,83,0,0,0,0,0,0,350,0,train,M000,42
1,1-12-19_48MYU_1,1-12-19_48MYU,2019-12-01,48MYU,1,patches/S2_1-12-19_48MYU/S2_1-12-19_48MYU_1.tif,patches/S2_1-12-19_48MYU/S2_1-12-19_48MYU_1_cl.tif,patches/S2_1-12-19_48MYU/S2_1-12-19_48MYU_1_conf.tif,train,106.90233774934144,-5.9706148140941675,EPSG:32748,10.0,10.0,11,float32,,"(1.0, 1.0, 1.0, 1.0, 1.0, 1.0, 1.0, 1.0, 1.0, 1.0, 1.0)","(0.0, 0.0, 0.0, 0.0, 0.0, 0.0, 0.0, 0.0, 0.0, 0.0, 0.0)",709300.0,9338400.0,711860.0,9340960.0,65536,34,65536,34,0,0,0,0,0,0,41833a9ba5e8325cbab0745ad7c15b9553ae78b511cb8c5a95be948a15ca6f3f,e48f58b149a4ac947586886b14e7046f4f89d9dc43e2946ea79a940ab7f7ebf4,51538d7a21f510fc17f6bcc7945c1ce12b270bd591ff8336817a307cafe45435,65502,0,0,0,0,0,0,34,0,0,0,0,0,0,0,0,train,M000,43
2,1-12-19_48MYU_2,1-12-19_48MYU,2019-12-01,48MYU,2,patches/S2_1-12-19_48MYU/S2_1-12-19_48MYU_2.tif,patches/S2_1-12-19_48MYU/S2_1-12-19_48MYU_2_cl.tif,patches/S2_1-12-19_48MYU/S2_1-12-19_48MYU_2_conf.tif,train,106.90241777738264,-5.993760562759735,EPSG:32748,10.0,10.0,11,float32,,"(1.0, 1.0, 1.0, 1.0, 1.0, 1.0, 1.0, 1.0, 1.0, 1.0, 1.0)","(0.0, 0.0, 0.0, 0.0, 0.0, 0.0, 0.0, 0.0, 0.0, 0.0, 0.0)",709300.0,9335840.0,711860.0,9338400.0,65536,33,65536,33,0,0,0,0,0,0,c3b5961c0455101885beca49c568200ac45c7093f534eb38f4c0376e2c9235b9,07dec4e047d246a605b420d2c55d7feafaed5727ae54293e946f4a7c3b753493,e5e3b1771f58ee1fe5c12f075d1f51493f1028215ce725e9c1e34257a9e1fdac,65503,7,0,0,0,8,0,18,0,0,0,0,0,0,0,0,train,M000,44
3,1-12-19_48MYU_3,1-12-19_48MYU,2019-12-01,48MYU,3,patches/S2_1-12-19_48MYU/S2_1-12-19_48MYU_3.tif,patches/S2_1-12-19_48MYU/S2_1-12-19_48MYU_3_cl.tif,patches/S2_1-12-19_48MYU/S2_1-12-19_48MYU_3_conf.tif,train,106.90249812069858,-6.016906290854227,EPSG:32748,10.0,10.0,11,float32,,"(1.0, 1.0, 1.0, 1.0, 1.0, 1.0, 1.0, 1.0, 1.0, 1.0, 1.0)","(0.0, 0.0, 0.0, 0.0, 0.0, 0.0, 0.0, 0.0, 0.0, 0.0, 0.0)",709300.0,9333280.0,711860.0,9335840.0,65536,408,65536,408,0,0,0,0,0,0,e67e38e191c8845710d017e52b8e47a6ebcc193e5b300aa7c6d91edff4ccd9e7,48e8cabac03d297a6baa31ded1f738c72b0b453bffa8c835690f7cfc5674ba62,5d81ea8b86a7f383bdc6c5069093cc1ba93fbdce743fb8df4e96c5e6e4aadda5,65128,4,0,0,0,75,0,68,0,0,0,0,0,0,261,0,train,M000,45
268,14-12-20_18QYF_0,14-12-20_18QYF,2020-12-14,18QYF,0,patches/S2_14-12-20_18QYF/S2_14-12-20_18QYF_0.tif,patches/S2_14-12-20_18QYF/S2_14-12-20_18QYF_0_cl.tif,patches/S2_14-12-20_18QYF/S2_14-12-20_18QYF_0_conf.tif,train,-72.39122024868774,18.574810824658886,EPSG:32618,10.0,10.0,11,float32,,"(1.0, 1.0, 1.0, 1.0, 1.0, 1.0, 1.0, 1.0, 1.0, 1.0, 1.0)","(0.0, 0.0, 0.0, 0.0, 0.0, 0.0, 0.0, 0.0, 0.0, 0.0, 0.0)",774060.0,2054500.0,776620.0,2057060.0,65536,204,65536,204,0,0,0,12,0,0,420236e9a2c6be3c834b9236d8fcf21c0e9d78ca42c09ebc17792acf22a080e7,8f0b57c19e15f3ccca0a54d67f592b2350707c2acb622bb3aa21f87a8f2d718d,cfe28ab6e4806daa079786083cb8dc82822efe5a743589f7fc3cb80526731c8d,65332,27,0,0,0,32,0,76,0,0,0,67,0,0,0,2,train,M009,46
269,14-12-20_18QYF_1,14-12-20_18QYF,2020-12-14,18QYF,1,patches/S2_14-12-20_18QYF/S2_14-12-20_18QYF_1.tif,patches/S2_14-12-20_18QYF/S2_14-12-20_18QYF_1_cl.tif,patches/S2_14-12-20_18QYF/S2_14-12-20_18QYF_1_conf.tif,train,-72.39157176378987,18.55169737533549,EPSG:32618,10.0,10.0,11,float32,,"(1.0, 1.0, 1.0, 1.0, 1.0, 1.0, 1.0, 1.0, 1.0, 1.0, 1.0)","(0.0, 0.0, 0.0, 0.0, 0.0, 0.0, 0.0, 0.0, 0.0, 0.0, 0.0)",774060.0,2051940.0,776620.0,2054500.0,65536,39,65536,39,0,0,0,0,0,0,4415ae58d325eff91fae94475590b86ba1c88d2180645e45228fcc99fa3f3b7e,3fdc267e7bc829667135924b1d90babe71bdec1af03c782d523118202c331945,1588a8ae06e757d58e0ead4581413c2b5adccfb70997f852010a41a25b317345,65497,0,0,0,0,0,0,33,0,0,0,6,0,0,0,0,train,M009,47
270,14-12-20_18QYF_2,14-12-20_18QYF,2020-12-14,18QYF,2,patches/S2_14-12-20_18QYF/S2_14-12-20_18QYF_2.tif,patches/S2_14-12-20_18QYF/S2_14-12-20_18QYF_2_cl.tif,patches/S2_14-12-20_18QYF/S2_14-12-20_18QYF_2_conf.tif,train,-72.36698368282508,18.57447380190896,EPSG:32618,10.0,10.0,11,float32,,"(1.0, 1.0, 1.0, 1.0, 1.0, 1.0, 1.0, 1.0, 1.0, 1.0, 1.0)","(0.0, 0.0, 0.0, 0.0, 0.0, 0.0, 0.0, 0.0, 0.0, 0.0, 0.0)",776620.0,2054500.0,779180.0,2057060.0,65536,77,65536,77,0,0,0,0,0,0,d2e1a14baa690976a8c06c4f11967dbd8a6b7fb784327c5f85344977fe09af69,1a1627205ee5739000bc35cdb5db69a3319244ccb28f6dd4cc745e8c3f5565d3,89e621f8fc10b94bcd96b7f36590424dc42943efa7681e77cbbed3e417f224e4,65459,0,0,0,0,4,0,8,0,0,0,57,0,0,8,0,train,M009,48
271,14-12-20_18QYF_3,14-12-20_18QYF,2020-12-14,18QYF,3,patches/S2_14-12-20_18QYF/S2_14-12-20_18QYF_3.tif,patches/S2_14-12-20_18QYF/S2_14-12-20_18QYF_3_cl.tif,patches/S2_14-12-20_18QYF/S2_14-12-20_18QYF_3_conf.tif,train,-72.36733845448143,18.55136080168988,EPSG:32618,10.0,10.0,11,float32,,"(1.0, 1.0, 1.0, 1.0, 1.0, 1.0, 1.0, 1.0, 1.0, 1.0, 1.0)","(0.0, 0.0, 0.0, 0.0, 0.0, 0.0, 0.0, 0.0, 0.0, 0.0, 0.0)",776620.0,2051940.0,779180.0,2054500.0,65536,104,65536,104,0,0,0,0,0,0,fe6c4c2da5845dd3fdf49db0bb494a665c8a38fc3249aa8db90d5e1cd64b2a98,c8d378650fa93b8e083ff3170de4b863e22536f3f5f0616c23ea245d843f6ad0,4341c2589e1bcd9d8b227b55e6935d9b04f8847d21e4ceb20868956b4610359d,65432,23,0,0,0,40,0,37,0,0,0,0,0,0,0,4,train,M009,49
324,15-10-20_18QYF_0,15-10-20_18QYF,2020-10-15,18QYF,0,patches/S2_15-10-20_18QYF/S2_15-10-20_18QYF_0.tif,patches/S2_15-10-20_18QYF/S2_15-10-20_18QYF_0_cl.tif,patches/S2_15-10-20_18QYF/S2_15-10-20_18QYF_0_conf.tif,train,-72.53070348015524,18.73907258764708,EPSG:32618,10.0,10.0,11,float32,,"(1.0, 1.0, 1.0, 1.0, 1.0, 1.0, 1.0, 1.0, 1.0, 1.0, 1.0)","(0.0, 0.0, 0.0, 0.0, 0.0, 0.0, 0.0, 0.0, 0.0, 0.0, 0.0)",759080.0,2072480.0,761640.0,2075040.0,65536,32,65536,32,0,0,0,0,0,0,3a1edba9a44a5078950f3fa49f81ca5fa609d2e4ecebc6f2d4fbbeb8a6b94019,365fe2c5fd9a4c3a97cbd6942a74bc931259555bb4f8d6f945b81e20c3a0eabd,ebb73c386a1d44ac98cda67896784a484ad5fab5f2f02a92e54b15a0f9f88046,65504,0,0,0,31,0,0,0,0,0,0,0,0,0,0,1,train,M012,50
326,15-10-20_18QYF_10,15-10-20_18QYF,2020-10-15,18QYF,10,patches/S2_15-10-20_18QYF/S2_15-10-20_18QYF_10.tif,patches/S2_15-10-20_18QYF/S2_15-10-20_18QYF_10_cl.tif,patches/S2_15-10-20_18QYF/S2_15-10-20_18QYF_10_conf.tif,train,-72.31741192533521,18.15549102760402,EPSG:32618,10.0,10.0,11,float32,,"(1.0, 1.0, 1.0, 1.0, 1.0, 1.0, 1.0, 1.0, 1.0, 1.0, 1.0)","(0.0, 0.0, 0.0, 0.0, 0.0, 0.0, 0.0, 0.0, 0.0, 0.0, 0.0)",782540.0,2008180.0,785100.0,2010740.0,65536,69,65536,69,0,0,0,4,0,0,833c28c118e3078f0e734c2a0e4c6dbd7f8e8408541b089d8853dff333f1e61c,37a33afe3f01e54256e0b9819c42aaebd8cc1cea3ad79a41baa384ded9a5382c,182d5ff20e831334122ae58bed8cdde348302f5d911352adf3625bf3ddce4744,65467,0,4,53,0,0,0,12,0,0,0,0,0,0,0,0,train,M012,51
328,15-10-20_18QYF_3,15-10-20_18QYF,2020-10-15,18QYF,3,patches/S2_15-10-20_18QYF/S2_15-10-20_18QYF_3.tif,patches/S2_15-10-20_18QYF/S2_15-10-20_18QYF_3_cl.tif,patches/S2_15-10-20_18QYF/S2_15-10-20_18QYF_3_conf.tif,train,-72.4828633440347,18.69219635642836,EPSG:32618,10.0,10.0,11,float32,,"(1.0, 1.0, 1.0, 1.0, 1.0, 1.0, 1.0, 1.0, 1.0, 1.0, 1.0)","(0.0, 0.0, 0.0, 0.0, 0.0, 0.0, 0.0, 0.0, 0.0, 0.0, 0.0)",764200.0,2067360.0,766760.0,2069920.0,65536,89,65536,89,0,0,0,0,0,0,91648044d6c35aa545b23bbd06648378cc47a6e811e14a964ff4ffabae24bf52,7968b7ebd071a5f701ed3d08729d0543051f43b72918f94f995ab1da3ef2dab7,d78b026ebd6f6f8067223a503136a516f5e4391bfde93f4257dd2a0914e89e69,65447,0,0,0,0,73,0,16,0,0,0,0,0,0,0,0,train,M012,52
330,15-10-20_18QYF_5,15-10-20_18QYF,2020-10-15,18QYF,5,patches/S2_15-10-20_18QYF/S2_15-10-20_18QYF_5.tif,patches/S2_15-10-20_18QYF/S2_15-10-20_18QYF_5_cl.tif,patches/S2_15-10-20_18QYF/S2_15-10-20_18QYF_5_conf.tif,train,-72.41045127917313,18.66809177768444,EPSG:32618,10.0,10.0,11,float32,,"(1.0, 1.0, 1.0, 1.0, 1.0, 1.0, 1.0, 1.0, 1.0, 1.0, 1.0)","(0.0, 0.0, 0.0, 0.0, 0.0, 0.0, 0.0, 0.0, 0.0, 0.0, 0.0)",771880.0,2064800.0,774440.0,2067360.0,65536,13,65536,13,0,0,0,0,0,0,0a18cf4331340bba12ff060ce2ad989ed83abda70a4bbdbc94e89e1b5a3ae7f1,b4e5f8965c54b12883cefbefd8b2c82287ec7ec98f2df21d434f1f406218ab3f,1953b46a9292d59960decf696be0f41d5f9c2981c6448a9e41d89f3a07989d7e,65523,8,0,0,0,0,0,4,0,0,0,0,0,0,0,1,train,M012,53
333,15-10-20_18QYF_8,15-10-20_18QYF,2020-10-15,18QYF,8,patches/S2_15-10-20_18QYF/S2_15-10-20_18QYF_8.tif,patches/S2_15-10-20_18QYF/S2_15-10-20_18QYF_8_cl.tif,patches/S2_15-10-20_18QYF/S2_15-10-20_18QYF_8_conf.tif,train,-72.38620112062668,18.667755608250875,EPSG:32618,10.0,10.0,11,float32,,"(1.0, 1.0, 1.0, 1.0, 1.0, 1.0, 1.0, 1.0, 1.0, 1.0, 1.0)","(0.0, 0.0, 0.0, 0.0, 0.0, 0.0, 0.0, 0.0, 0.0, 0.0, 0.0)",774440.0,2064800.0,777000.0,2067360.0,65536,100,65536,100,0,0,0,0,0,0,90b3962427b52623cced0891984b66a8d07eab2dc8deef5c5102d7712f1bec9c,04e827b4b40bd51580c58f4610283be8f5f8ce6445034ed31b5192c1003022b1,40221d480816cbfb7ab72e1931b6ac9353546cf9ae7ed46824dccbd3939250ec,65436,14,0,0,0,68,0,18,0,0,0,0,0,0,0,0,train,M012,54
334,15-10-20_18QYF_9,15-10-20_18QYF,2020-10-15,18QYF,9,patches/S2_15-10-20_18QYF/S2_15-10-20_18QYF_9.tif,patches/S2_15-10-20_18QYF/S2_15-10-20_18QYF_9_cl.tif,patches/S2_15-10-20_18QYF/S2_15-10-20_18QYF_9_conf.tif,train,-72.38655520442036,18.644642479346302,EPSG:32618,10.0,10.0,11,float32,,"(1.0, 1.0, 1.0, 1.0, 1.0, 1.0, 1.0, 1.0, 1.0, 1.0, 1.0)","(0.0, 0.0, 0.0, 0.0, 0.0, 0.0, 0.0, 0.0, 0.0, 0.0, 0.0)",774440.0,2062240.0,777000.0,2064800.0,65536,7,65536,7,0,0,0,0,0,0,f8ab4473894f93f615bbcaab4ed5aa79cbd33e66a589b47bb5a48662460c3716,48ad7f21c360dc72aa83ded703dccd5240d21c46ec9ab20e94490f2f522cd931,7b5d8beabe044a7f45554abcd4d3a12c9f284a3d341582ea18ce97a4d97d5240,65529,6,0,0,0,0,0,1,0,0,0,0,0,0,0,0,train,M012,55
359,15-9-20_18QYF_0,15-9-20_18QYF,2020-09-15,18QYF,0,patches/S2_15-9-20_18QYF/S2_15-9-20_18QYF_0.tif,patches/S2_15-9-20_18QYF/S2_15-9-20_18QYF_0_cl.tif,patches/S2_15-9-20_18QYF/S2_15-9-20_18QYF_0_conf.tif,train,-72.70183013950644,18.646776569985168,EPSG:32618,10.0,10.0,11,float32,,"(1.0, 1.0, 1.0, 1.0, 1.0, 1.0, 1.0, 1.0, 1.0, 1.0, 1.0)","(0.0, 0.0, 0.0, 0.0, 0.0, 0.0, 0.0, 0.0, 0.0, 0.0, 0.0)",741160.0,2062020.0,743720.0,2064580.0,65536,35,65536,35,0,0,0,0,0,0,7c24c69531475f0cdfbe970203930a8156215e0d87384b362d50c61cf6b372b3,6d7a655a82b5bc9a29984aea7324ab68d900b1c42a7bcc63024d0d019ae45d51,5d91d1d8ded673ac73735a1969e9bdd48c9f4f1e6ef10857553da6dc772d868a,65501,0,0,0,14,0,0,21,0,0,0,0,0,0,0,0,train,M014,56
360,15-9-20_18QYF_1,15-9-20_18QYF,2020-09-15,18QYF,1,patches/S2_15-9-20_18QYF/S2_15-9-20_18QYF_1.tif,patches/S2_15-9-20_18QYF/S2_15-9-20_18QYF_1_cl.tif,patches/S2_15-9-20_18QYF/S2_15-9-20_18QYF_1_conf.tif,train,-72.65141076108179,18.784882962691547,EPSG:32618,10.0,10.0,11,float32,,"(1.0, 1.0, 1.0, 1.0, 1.0, 1.0, 1.0, 1.0, 1.0, 1.0, 1.0)","(0.0, 0.0, 0.0, 0.0, 0.0, 0.0, 0.0, 0.0, 0.0, 0.0, 0.0)",746280.0,2077380.0,748840.0,2079940.0,65536,38,65536,38,0,0,0,0,0,0,6bbbd2096e6ec172c7ad3212ad57113e03f995d85839a2e763c23ea85dacca4e,53fd06baddc6c5f3fda7063e56d6a151dc87afbfad1a15ccde5af58e6233b15e,a93d1b7d7a8908f9fbc1acfa4c4c68cd4789d6aa292c498bec17244aea3309e2,65498,1,0,0,0,0,0,22,0,0,0,15,0,0,0,0,train,M014,57
363,15-9-20_18QYF_4,15-9-20_18QYF,2020-09-15,18QYF,4,patches/S2_15-9-20_18QYF/S2_15-9-20_18QYF_4.tif,patches/S2_15-9-20_18QYF/S2_15-9-20_18QYF_4_cl.tif,patches/S2_15-9-20_18QYF/S2_15-9-20_18QYF_4_conf.tif,train,-72.60352207555819,18.7380325967085,EPSG:32618,10.0,10.0,11,float32,,"(1.0, 1.0, 1.0, 1.0, 1.0, 1.0, 1.0, 1.0, 1.0, 1.0, 1.0)","(0.0, 0.0, 0.0, 0.0, 0.0, 0.0, 0.0, 0.0, 0.0, 0.0, 0.0)",751400.0,2072260.0,753960.0,2074820.0,65536,27,65536,27,0,0,0,0,0,0,e4e2bca7c8e409688b82fbd56d67b1df34fe7b6401e7b2383aab1471d679456d,2194bfc0e587d6b0d0bc15e1b308f84942d9121113c722366438b90760a0f4b1,d16a5e0c2de56ebf83095bcd57a1df47a219b2c53fbe7c15ae848798fc105fbb,65509,23,0,0,0,0,0,3,0,0,0,0,0,0,0,1,train,M014,58
364,15-9-20_18QYF_5,15-9-20_18QYF,2020-09-15,18QYF,5,patches/S2_15-9-20_18QYF/S2_15-9-20_18QYF_5.tif,patches/S2_15-9-20_18QYF/S2_15-9-20_18QYF_5_cl.tif,patches/S2_15-9-20_18QYF/S2_15-9-20_18QYF_5_conf.tif,train,-72.57892860638745,18.760836572929623,EPSG:32618,10.0,10.0,11,float32,,"(1.0, 1.0, 1.0, 1.0, 1.0, 1.0, 1.0, 1.0, 1.0, 1.0, 1.0)","(0.0, 0.0, 0.0, 0.0, 0.0, 0.0, 0.0, 0.0, 0.0, 0.0, 0.0)",753960.0,2074820.0,756520.0,2077380.0,65536,36,65536,36,0,0,0,0,0,0,c0b13e844217e56af4eb576c95d8aecc93afd9415c18d5891979f3851b4fa51c,03a5fa9d0498dcc884cc85529cd54cd5a850f0979d48d925cf73ae29936bbfcf,2514a78fe7f420672323a8913c040b1cd7b011b68acb0b9314446fb50d7e3a6c,65500,27,0,0,3,0,0,6,0,0,0,0,0,0,0,0,train,M014,59
365,15-9-20_18QYF_6,15-9-20_18QYF,2020-09-15,18QYF,6,patches/S2_15-9-20_18QYF/S2_15-9-20_18QYF_6.tif,patches/S2_15-9-20_18QYF/S2_15-9-20_18QYF_6_cl.tif,patches/S2_15-9-20_18QYF/S2_15-9-20_18QYF_6_conf.tif,train,-72.55432853788679,18.7836365118026,EPSG:32618,10.0,10.0,11,float32,,"(1.0, 1.0, 1.0, 1.0, 1.0, 1.0, 1.0, 1.0, 1.0, 1.0, 1.0)","(0.0, 0.0, 0.0, 0.0, 0.0, 0.0, 0.0, 0.0, 0.0, 0.0, 0.0)",756520.0,2077380.0,759080.0,2079940.0,65536,128,65536,128,0,0,0,0,0,0,ba960f5518334af5226885b54028533c3d8248a7f1db787e7b9c323efee76a92,3be7f52b9754cfa65c871242e69112f448981d1da478265134803a746b1623f9,2e31112dd2bda7cec01dfff2c59ace3049d8c7937e19cedd41001d86d402efc9,65408,53,0,0,0,0,0,26,0,0,0,49,0,0,0,0,train,M014,60
366,15-9-20_18QYF_7,15-9-20_18QYF,2020-09-15,18QYF,7,patches/S2_15-9-20_18QYF/S2_15-9-20_18QYF_7.tif,patches/S2_15-9-20_18QYF/S2_15-9-20_18QYF_7_cl.tif,patches/S2_15-9-20_18QYF/S2_15-9-20_18QYF_7_conf.tif,train,-72.55466207094122,18.760520655529337,EPSG:32618,10.0,10.0,11,float32,,"(1.0, 1.0, 1.0, 1.0, 1.0, 1.0, 1.0, 1.0, 1.0, 1.0, 1.0)","(0.0, 0.0, 0.0, 0.0, 0.0, 0.0, 0.0, 0.0, 0.0, 0.0, 0.0)",756520.0,2074820.0,759080.0,2077380.0,65536,54,65536,54,0,0,0,0,0,0,6be1007567553df0d605bcb9a7b46aaf6d1e7d15f2689228a9ded04d54f72081,08c344fb6a70faf88e6e36469055b177c55b9301f6e3384d159ed35530696a8d,0930d98fa8ffd68e210bee8ea930d52aaace290e059c12d6f70fead803b13714,65482,48,0,0,0,0,0,6,0,0,0,0,0,0,0,0,train,M014,61
539,19-3-20_18QYF_0,19-3-20_18QYF,2020-03-19,18QYF,0,patches/S2_19-3-20_18QYF/S2_19-3-20_18QYF_0.tif,patches/S2_19-3-20_18QYF/S2_19-3-20_18QYF_0_cl.tif,patches/S2_19-3-20_18QYF/S2_19-3-20_18QYF_0_conf.tif,train,-72.53541046127847,18.557604903105652,EPSG:32618,10.0,10.0,11,float32,,"(1.0, 1.0, 1.0, 1.0, 1.0, 1.0, 1.0, 1.0, 1.0, 1.0, 1.0)","(0.0, 0.0, 0.0, 0.0, 0.0, 0.0, 0.0, 0.0, 0.0, 0.0, 0.0)",758860.0,2052380.0,761420.0,2054940.0,65536,41,65536,41,0,0,0,0,0,0,4d6c0f15121748a20d331a0d38426e04d894930f64e1e2f5d0d7ac890a764493,e9b1120e000ba3aca0f8ea49ec0eb861c40324cadbcca0ad5199447b90404c2c,214f06b215dd3562abfc9f1e73dd4d108fdf12df2c65dde2cbabb9c065200477,65495,27,0,0,0,0,0,12,0,0,0,0,0,0,0,2,train,M020,62
540,19-3-20_18QYF_1,19-3-20_18QYF,2020-03-19,18QYF,1,patches/S2_19-3-20_18QYF/S2_19-3-20_18QYF_1.tif,patches/S2_19-3-20_18QYF/S2_19-3-20_18QYF_1_cl.tif,patches/S2_19-3-20_18QYF/S2_19-3-20_18QYF_1_conf.tif,train,-72.50847563101512,18.74220970395529,EPSG:32618,10.0,10.0,11,float32,,"(1.0, 1.0, 1.0, 1.0, 1.0, 1.0, 1.0, 1.0, 1.0, 1.0, 1.0)","(0.0, 0.0, 0.0, 0.0, 0.0, 0.0, 0.0, 0.0, 0.0, 0.0, 0.0)",761420.0,2072860.0,763980.0,2075420.0,65536,145,65536,145,0,0,0,0,0,0,3e7a63a83021d44b6b2191bb79e7799bb4743ab9fae192b7f544a7edad19ad13,a34080467c9d8e01576e213451ea83ff87390fac44970898f965ea9d2dccccc8,357a0b206bf75835f3d2a39ea699583b5181911fffd42626e6db64b9280b8770,65391,88,0,0,0,0,0,52,0,0,0,0,0,0,0,5,train,M020,63
541,19-3-20_18QYF_2,19-3-20_18QYF,2020-03-19,18QYF,2,patches/S2_19-3-20_18QYF/S2_19-3-20_18QYF_2.tif,patches/S2_19-3-20_18QYF/S2_19-3-20_18QYF_2_cl.tif,patches/S2_19-3-20_18QYF/S2_19-3-20_18QYF_2_conf.tif,train,-72.51083807812434,18.580402289381848,EPSG:32618,10.0,10.0,11,float32,,"(1.0, 1.0, 1.0, 1.0, 1.0, 1.0, 1.0, 1.0, 1.0, 1.0, 1.0)","(0.0, 0.0, 0.0, 0.0, 0.0, 0.0, 0.0, 0.0, 0.0, 0.0, 0.0)",761420.0,2054940.0,763980.0,2057500.0,65536,1,65536,1,0,0,0,0,0,0,8d8f171c0c2ecdd6e00f65a08f35e173a82cb94194a7915b971d24e05e330c58,32535fee641e72b558f504e59a6414565652a0fd715c338435dbc75a3d9657fa,6c2914aad93b9a58294fd58e24713678da8b9318a9ef6d07cfed4319266ea666,65535,0,0,0,0,0,0,1,0,0,0,0,0,0,0,0,train,M020,64
542,19-3-20_18QYF_3,19-3-20_18QYF,2020-03-19,18QYF,3,patches/S2_19-3-20_18QYF/S2_19-3-20_18QYF_3.tif,patches/S2_19-3-20_18QYF/S2_19-3-20_18QYF_3_cl.tif,patches/S2_19-3-20_18QYF/S2_19-3-20_18QYF_3_conf.tif,train,-72.51117359412973,18.557286694040343,EPSG:32618,10.0,10.0,11,float32,,"(1.0, 1.0, 1.0, 1.0, 1.0, 1.0, 1.0, 1.0, 1.0, 1.0, 1.0)","(0.0, 0.0, 0.0, 0.0, 0.0, 0.0, 0.0, 0.0, 0.0, 0.0, 0.0)",761420.0,2052380.0,763980.0,2054940.0,65536,16,65536,16,0,0,0,0,0,0,20d685c9f11bec1ed10bc927cb4fa45f7c4c74f038fa3121a8753488f838ed12,d997ebc07eae6101430007206e9a711f5443072f65c8a9f0152891899ef969f1,1d6eabddb31bc0e2f5c562826157c96a111eae4abaa46c4b70cb1cda455de45c,65520,15,0,0,0,0,0,0,0,0,0,0,0,0,0,1,train,M020,65
543,19-3-20_18QYF_4,19-3-20_18QYF,2020-03-19,18QYF,4,patches/S2_19-3-20_18QYF/S2_19-3-20_18QYF_4.tif,patches/S2_19-3-20_18QYF/S2_19-3-20_18QYF_4_cl.tif,patches/S2_19-3-20_18QYF/S2_19-3-20_18QYF_4_conf.tif,train,-72.43638659544276,18.69499826589102,EPSG:32618,10.0,10.0,11,float32,,"(1.0, 1.0, 1.0, 1.0, 1.0, 1.0, 1.0, 1.0, 1.0, 1.0, 1.0)","(0.0, 0.0, 0.0, 0.0, 0.0, 0.0, 0.0, 0.0, 0.0, 0.0, 0.0)",769100.0,2067740.0,771660.0,2070300.0,65536,68,65536,68,0,0,0,0,0,0,2981caa0dc4bbce39743cd1be4e0259e36e4e33dbbcca5b831e4dc9c7c9d4994,86c19cdcfe2a7e1976e026f6311f602b57edf76cbeb4a9a08807e27a6b161bed,48ce53876dee8024c4bd1bb4e9cf399bf1d2be47e1bdb34f303e72604d05338a,65468,0,0,0,0,30,0,38,0,0,0,0,0,0,0,0,train,M020,66
544,19-3-20_18QYF_5,19-3-20_18QYF,2020-03-19,18QYF,5,patches/S2_19-3-20_18QYF/S2_19-3-20_18QYF_5.tif,patches/S2_19-3-20_18QYF/S2_19-3-20_18QYF_5_cl.tif,patches/S2_19-3-20_18QYF/S2_19-3-20_18QYF_5_conf.tif,train,-72.38929261939728,18.60187581228361,EPSG:32618,10.0,10.0,11,float32,,"(1.0, 1.0, 1.0, 1.0, 1.0, 1.0, 1.0, 1.0, 1.0, 1.0, 1.0)","(0.0, 0.0, 0.0, 0.0, 0.0, 0.0, 0.0, 0.0, 0.0, 0.0, 0.0)",774220.0,2057500.0,776780.0,2060060.0,65536,72,65536,72,0,0,0,0,0,0,2c073b7d2c514ae9a0bd36338bc573a1d9a242d2ddb2aa399dfba8c773eb543f,f0caefc06e70833b052880ad46a671b71845874fbf8954e15ac521e35030d8bf,3d03f4315195fa2086e8ec2ff92d6bfd1336d85b951752a0049495e03cbf8a56,65464,3,0,0,0,0,0,48,0,0,0,21,0,0,0,0,train,M020,67
609,20-10-20_18QYF_0,20-10-20_18QYF,2020-10-20,18QYF,0,patches/S2_20-10-20_18QYF/S2_20-10-20_18QYF_0.tif,patches/S2_20-10-20_18QYF/S2_20-10-20_18QYF_0_cl.tif,patches/S2_20-10-20_18QYF/S2_20-10-20_18QYF_0_conf.tif,train,-72.63187668621116,18.75772161268892,EPSG:32618,10.0,10.0,11,float32,,"(1.0, 1.0, 1.0, 1.0, 1.0, 1.0, 1.0, 1.0, 1.0, 1.0, 1.0)","(0.0, 0.0, 0.0, 0.0, 0.0, 0.0, 0.0, 0.0, 0.0, 0.0, 0.0)",748380.0,2074400.0,750940.0,2076960.0,65536,404,65536,404,0,0,0,0,0,0,6e6561fffe829f45121f71c01ed37ba239e8491268e4f02b79da52d33eb08c8a,9596ae304318618727903b3702b33459366d4d92a7c3385725cf27e58b9ba20f,dccb1d84bfc36fb68f8a33c96d5f2fcf3cb7a27ea38a48e7f95f64fc79c79b4f,65132,0,0,0,0,0,404,0,0,0,0,0,0,0,0,0,train,M022,68
610,20-10-20_18QYF_1,20-10-20_18QYF,2020-10-20,18QYF,1,patches/S2_20-10-20_18QYF/S2_20-10-20_18QYF_1.tif,patches/S2_20-10-20_18QYF/S2_20-10-20_18QYF_1_cl.tif,patches/S2_20-10-20_18QYF/S2_20-10-20_18QYF_1_conf.tif,train,-72.63219917047046,18.734604370435523,EPSG:32618,10.0,10.0,11,float32,,"(1.0, 1.0, 1.0, 1.0, 1.0, 1.0, 1.0, 1.0, 1.0, 1.0, 1.0)","(0.0, 0.0, 0.0, 0.0, 0.0, 0.0, 0.0, 0.0, 0.0, 0.0, 0.0)",748380.0,2071840.0,750940.0,2074400.0,65536,4083,65536,4083,0,0,0,0,0,0,4302820ca3d7e66112eef6896cfc0769668c57c9d98af0e8d999c654e963d8a9,31c34de20221de31296ea2be74d5699b007f6cf2100dabe4e96a658f0430be9a,53740abfc9adadd05c2c24fcdca27674ac1658b1c5ee70add7653a4a918d677a,61453,0,0,0,0,0,4075,8,0,0,0,0,0,0,0,0,train,M022,69
611,20-10-20_18QYF_2,20-10-20_18QYF,2020-10-20,18QYF,2,patches/S2_20-10-20_18QYF/S2_20-10-20_18QYF_2.tif,patches/S2_20-10-20_18QYF/S2_20-10-20_18QYF_2_cl.tif,patches/S2_20-10-20_18QYF/S2_20-10-20_18QYF_2_conf.tif,train,-72.60826073463717,18.711178884969726,EPSG:32618,10.0,10.0,11,float32,,"(1.0, 1.0, 1.0, 1.0, 1.0, 1.0, 1.0, 1.0, 1.0, 1.0, 1.0)","(0.0, 0.0, 0.0, 0.0, 0.0, 0.0, 0.0, 0.0, 0.0, 0.0, 0.0)",750940.0,2069280.0,753500.0,2071840.0,65536,76,65536,76,0,0,0,0,0,0,c92e0fee94980b35a36298f67294e8c71b044fef5b4602f6be5ae1b4290fae6d,5190de36bf203be3bbb0a71ede5b9cd5cbdb5636d971583ae7f758e740c365b4,25f878abbb3cd316083efb9b3d1e1bb350bb5ccd16ad753c62b87f821a42f0df,65460,28,0,0,0,0,0,43,0,0,0,0,0,0,0,5,train,M022,70
612,20-10-20_18QYF_3,20-10-20_18QYF,2020-10-20,18QYF,3,patches/S2_20-10-20_18QYF/S2_20-10-20_18QYF_3.tif,patches/S2_20-10-20_18QYF/S2_20-10-20_18QYF_3_cl.tif,patches/S2_20-10-20_18QYF/S2_20-10-20_18QYF_3_conf.tif,train,-72.58432887801429,18.687751022530733,EPSG:32618,10.0,10.0,11,float32,,"(1.0, 1.0, 1.0, 1.0, 1.0, 1.0, 1.0, 1.0, 1.0, 1.0, 1.0)","(0.0, 0.0, 0.0, 0.0, 0.0, 0.0, 0.0, 0.0, 0.0, 0.0, 0.0)",753500.0,2066720.0,756060.0,2069280.0,65536,81,65536,81,0,0,0,0,0,0,768f612e98a18915974b280836018835df539a83378983dda8882e7c8fc70206,f3c27261f28a553cacf8bf53666731a00b6da542da6bae5a7248e8cf0f6bcbc8,cd8c98b7bc2d9b42266cd493460de43eca0530d1dfd3861a52df25329f480792,65455,0,0,0,0,61,0,20,0,0,0,0,0,0,0,0,train,M022,71
663,22-3-20_18QWF_0,22-3-20_18QWF,2020-03-22,18QWF,0,patches/S2_22-3-20_18QWF/S2_22-3-20_18QWF_0.tif,patches/S2_22-3-20_18QWF/S2_22-3-20_18QWF_0_cl.tif,patches/S2_22-3-20_18QWF/S2_22-3-20_18QWF_0_conf.tif,train,-74.29957088022614,18.121058991689686,EPSG:32618,10.0,10.0,11,float32,,"(1.0, 1.0, 1.0, 1.0, 1.0, 1.0, 1.0, 1.0, 1.0, 1.0, 1.0)","(0.0, 0.0, 0.0, 0.0, 0.0, 0.0, 0.0, 0.0, 0.0, 0.0, 0.0)",572820.0,2002440.0,575380.0,2005000.0,65536,126,65536,126,0,0,0,0,0,0,99bd9e50bda04421ccc628cacdfdce91f2fd957128c7db626c70ab738d11ec2e,940e032c935210549ee1f1bfc0c317e7f4f41091d85b328fb8bd07763e7ff014,8a6e9323b480b72028ee76596251993ec0dd2ca944a20e7aa9d9dd3624d9a559,65410,0,0,0,0,0,0,17,0,0,0,0,109,0,0,0,train,M027,72
664,22-3-20_18QWF_1,22-3-20_18QWF,2020-03-22,18QWF,1,patches/S2_22-3-20_18QWF/S2_22-3-20_18QWF_1.tif,patches/S2_22-3-20_18QWF/S2_22-3-20_18QWF_1_cl.tif,patches/S2_22-3-20_18QWF/S2_22-3-20_18QWF_1_conf.tif,train,-74.29966281863516,18.097922074009062,EPSG:32618,10.0,10.0,11,float32,,"(1.0, 1.0, 1.0, 1.0, 1.0, 1.0, 1.0, 1.0, 1.0, 1.0, 1.0)","(0.0, 0.0, 0.0, 0.0, 0.0, 0.0, 0.0, 0.0, 0.0, 0.0, 0.0)",572820.0,1999880.0,575380.0,2002440.0,65536,325,65536,325,0,0,0,0,0,0,defb9a4310243472d897de3012a34d6eb3ff70cef7b989ca4f6686a85c9fa847,10246ae21fd9d377145211a41b4434ad370d7e318a43495cf6a6cfcd7cab611e,1589b3f61bf02c04f076f54d69ca88718730f124d4d2a72644d330c9f09531e0,65211,0,0,0,0,0,0,48,0,0,0,0,277,0,0,0,train,M027,73
665,22-3-20_18QWF_2,22-3-20_18QWF,2020-03-22,18QWF,2,patches/S2_22-3-20_18QWF/S2_22-3-20_18QWF_2.tif,patches/S2_22-3-20_18QWF/S2_22-3-20_18QWF_2_cl.tif,patches/S2_22-3-20_18QWF/S2_22-3-20_18QWF_2_conf.tif,train,-74.27537391760524,18.12096949623023,EPSG:32618,10.0,10.0,11,float32,,"(1.0, 1.0, 1.0, 1.0, 1.0, 1.0, 1.0, 1.0, 1.0, 1.0, 1.0)","(0.0, 0.0, 0.0, 0.0, 0.0, 0.0, 0.0, 0.0, 0.0, 0.0, 0.0)",575380.0,2002440.0,577940.0,2005000.0,65536,74,65536,74,0,0,0,0,0,0,8687b6f07c1193d5e4332ff0ed981a203ebda77db5548160b01dc8bce5437c18,0a06f6aeea8c2c70c0935a0f1f91dc9dedb2cb674ab1f67104c2c0f59eee54b9,f00f5ba57bf23abefa496661000759576624520748e1c8298260b155bdfc9e95,65462,0,0,0,0,0,0,11,0,0,0,0,63,0,0,0,train,M027,74
666,22-3-20_18QWF_3,22-3-20_18QWF,2020-03-22,18QWF,3,patches/S2_22-3-20_18QWF/S2_22-3-20_18QWF_3.tif,patches/S2_22-3-20_18QWF/S2_22-3-20_18QWF_3_cl.tif,patches/S2_22-3-20_18QWF/S2_22-3-20_18QWF_3_conf.tif,train,-74.2754690314445,18.097832700506594,EPSG:32618,10.0,10.0,11,float32,,"(1.0, 1.0, 1.0, 1.0, 1.0, 1.0, 1.0, 1.0, 1.0, 1.0, 1.0)","(0.0, 0.0, 0.0, 0.0, 0.0, 0.0, 0.0, 0.0, 0.0, 0.0, 0.0)",575380.0,1999880.0,577940.0,2002440.0,65536,558,65536,558,0,0,0,0,0,0,228c036fa273a603c181ae68d7f94f645915c14c08e21af8dd688721f34c0762,9c23d538e7334c15be1fc8a87e69974441ee4f1cadb91309655ec5b403338b73,27f84e6eaf980e47e0fa4042720d88cfe408f2e0c20823c7b488eb13f7d105e4,64978,0,0,0,0,0,0,38,0,0,0,0,520,0,0,0,train,M027,75
667,22-3-20_18QWF_4,22-3-20_18QWF,2020-03-22,18QWF,4,patches/S2_22-3-20_18QWF/S2_22-3-20_18QWF_4.tif,patches/S2_22-3-20_18QWF/S2_22-3-20_18QWF_4_cl.tif,patches/S2_22-3-20_18QWF/S2_22-3-20_18QWF_4_conf.tif,train,-74.2269804244917,18.12078138962987,EPSG:32618,10.0,10.0,11,float32,,"(1.0, 1.0, 1.0, 1.0, 1.0, 1.0, 1.0, 1.0, 1.0, 1.0, 1.0)","(0.0, 0.0, 0.0, 0.0, 0.0, 0.0, 0.0, 0.0, 0.0, 0.0, 0.0)",580500.0,2002440.0,583060.0,2005000.0,65536,3,65536,3,0,0,0,0,0,0,62024427698e23cddd6693a6c77c0ed0f08e32b2835fc4281e904d28700eb985,5fc46c8901fb72a47677afc3a6488fb8b8eb8b58086f318a1665ff72a2dbe1ec,845c6027820eefe9ad80d023921e799541348af18c5d6c40e093ce569f91fc40,65533,0,0,0,0,0,0,0,0,0,0,0,3,0,0,0,train,M027,76
668,22-3-20_18QWF_5,22-3-20_18QWF,2020-03-22,18QWF,5,patches/S2_22-3-20_18QWF/S2_22-3-20_18QWF_5.tif,patches/S2_22-3-20_18QWF/S2_22-3-20_18QWF_5_cl.tif,patches/S2_22-3-20_18QWF/S2_22-3-20_18QWF_5_conf.tif,train,-74.20278390351015,18.120682778650192,EPSG:32618,10.0,10.0,11,float32,,"(1.0, 1.0, 1.0, 1.0, 1.0, 1.0, 1.0, 1.0, 1.0, 1.0, 1.0)","(0.0, 0.0, 0.0, 0.0, 0.0, 0.0, 0.0, 0.0, 0.0, 0.0, 0.0)",583060.0,2002440.0,585620.0,2005000.0,65536,699,65536,699,0,0,0,0,0,0,001a27bdca21f09da410474b3050b88632781fc83bc99bac1ff920959cc809a4,f1660af7bbeda3e049023210e6728511fa932587311e23cd8335671911c5d029,5ac2e2e1d963f8fa2e3afbd004e43e50d44379b464a4866c6d0d1e5b1faf9e88,64837,0,0,0,0,0,0,210,0,0,0,0,489,0,0,0,train,M027,77
669,23-1-21_18QYF_0,23-1-21_18QYF,2021-01-23,18QYF,0,patches/S2_23-1-21_18QYF/S2_23-1-21_18QYF_0.tif,patches/S2_23-1-21_18QYF/S2_23-1-21_18QYF_0_cl.tif,patches/S2_23-1-21_18QYF/S2_23-1-21_18QYF_0_conf.tif,train,-72.86414390998391,18.548425112646548,EPSG:32618,10.0,10.0,11,float32,,"(1.0, 1.0, 1.0, 1.0, 1.0, 1.0, 1.0, 1.0, 1.0, 1.0, 1.0)","(0.0, 0.0, 0.0, 0.0, 0.0, 0.0, 0.0, 0.0, 0.0, 0.0, 0.0)",724160.0,2050920.0,726720.0,2053480.0,65536,73,65536,73,0,0,0,0,0,0,a5badfdb3be96b7a708df88b47beb30ee59212056b9f077399ceefef780a01b8,d1d73db3d1d171fa72eebff58cf8dba33c0354321118ed5cb241fc72b8be711b,f2aa78c58dac21201a6b497ce3e21a8a86e4dc73d48a452c8fd62781834eddcb,65463,0,0,61,0,0,0,12,0,0,0,0,0,0,0,0,train,M028,78
670,23-1-21_18QYF_1,23-1-21_18QYF,2021-01-23,18QYF,1,patches/S2_23-1-21_18QYF/S2_23-1-21_18QYF_1.tif,patches/S2_23-1-21_18QYF/S2_23-1-21_18QYF_1_cl.tif,patches/S2_23-1-21_18QYF/S2_23-1-21_18QYF_1_conf.tif,train,-72.81624925601763,18.50162877648502,EPSG:32618,10.0,10.0,11,float32,,"(1.0, 1.0, 1.0, 1.0, 1.0, 1.0, 1.0, 1.0, 1.0, 1.0, 1.0)","(0.0, 0.0, 0.0, 0.0, 0.0, 0.0, 0.0, 0.0, 0.0, 0.0, 0.0)",729280.0,2045800.0,731840.0,2048360.0,65536,72,65536,72,0,0,0,0,0,0,a4f3a21c0301233be38d9bf1292dc92634cc3cd96d2bdddeab6a954758e3da7b,b526273b2aee277dc1e8250ddec48a286c513d452055a62c8ae94fba0c69560c,a4104b43146ef1aeb9becae53da733a13e22e43b6ac428a4eb5fd47c34dc5938,65464,0,0,38,0,0,0,34,0,0,0,0,0,0,0,0,train,M028,79
671,23-1-21_18QYF_2,23-1-21_18QYF,2021-01-23,18QYF,2,patches/S2_23-1-21_18QYF/S2_23-1-21_18QYF_2.tif,patches/S2_23-1-21_18QYF/S2_23-1-21_18QYF_2_cl.tif,patches/S2_23-1-21_18QYF/S2_23-1-21_18QYF_2_conf.tif,train,-72.79171868771725,18.52446785580428,EPSG:32618,10.0,10.0,11,float32,,"(1.0, 1.0, 1.0, 1.0, 1.0, 1.0, 1.0, 1.0, 1.0, 1.0, 1.0)","(0.0, 0.0, 0.0, 0.0, 0.0, 0.0, 0.0, 0.0, 0.0, 0.0, 0.0)",731840.0,2048360.0,734400.0,2050920.0,65536,67,65536,67,0,0,0,0,0,0,ab019d0844228bb9f8b5122cf84c8262a61bd09a8576586ebf41506ef07ac781,87d546e3372ef6d36359f3cfec339157dbcd2f498c4100c317c623389c8c8d96,0ea6e6290df90fb6ccd9e477770728b3c3e4f1629af8d0017a273a2632464e30,65469,0,0,48,0,0,0,19,0,0,0,0,0,0,0,0,train,M028,80
676,23-9-20_16PCC_12,23-9-20_16PCC,2020-09-23,16PCC,12,patches/S2_23-9-20_16PCC/S2_23-9-20_16PCC_12.tif,patches/S2_23-9-20_16PCC/S2_23-9-20_16PCC_12_cl.tif,patches/S2_23-9-20_16PCC/S2_23-9-20_16PCC_12_conf.tif,train,-88.1818250951183,15.988838134578078,EPSG:32616,10.0,10.0,11,float32,,"(1.0, 1.0, 1.0, 1.0, 1.0, 1.0, 1.0, 1.0, 1.0, 1.0, 1.0)","(0.0, 0.0, 0.0, 0.0, 0.0, 0.0, 0.0, 0.0, 0.0, 0.0, 0.0)",372260.0,1766780.0,374820.0,1769340.0,65536,749,65536,749,0,0,0,0,0,0,22430dcfd012276ad31796bd98cc1494ba422eb5abeaffa9a73abd65f03ed794,f12a639154fb1759ee48065f76ad557334c8fc1723b34a406d078f5ae611aae0,11bf47c1999cec9f4b05a66ac7d1d304e3c007baaeef067678807a01c85239e6,64787,0,0,0,0,0,679,26,0,0,0,0,0,44,0,0,train,M029,81
690,23-9-20_16PCC_25,23-9-20_16PCC,2020-09-23,16PCC,25,patches/S2_23-9-20_16PCC/S2_23-9-20_16PCC_25.tif,patches/S2_23-9-20_16PCC/S2_23-9-20_16PCC_25_cl.tif,patches/S2_23-9-20_16PCC/S2_23-9-20_16PCC_25_conf.tif,train,-88.06161065511152,15.87376428131654,EPSG:32616,10.0,10.0,11,float32,,"(1.0, 1.0, 1.0, 1.0, 1.0, 1.0, 1.0, 1.0, 1.0, 1.0, 1.0)","(0.0, 0.0, 0.0, 0.0, 0.0, 0.0, 0.0, 0.0, 0.0, 0.0, 0.0)",385060.0,1753980.0,387620.0,1756540.0,65536,18,65536,18,0,0,0,0,0,0,6b1d7d301b5907b5efd4ef2ee8b1b77411fdcc2f7552a715893e2458d4496af8,d96fc8fb586a9468afc25b1b7c60a1f077fe9f7673e9466142942aa7792f2490,d0ee5ff960b9d2f98d1115cdf68622bb2f38103fa3c22d7fff78c1c8279e450c,65518,17,0,0,0,0,0,1,0,0,0,0,0,0,0,0,train,M029,82
697,23-9-20_16PCC_31,23-9-20_16PCC,2020-09-23,16PCC,31,patches/S2_23-9-20_16PCC/S2_23-9-20_16PCC_31.tif,patches/S2_23-9-20_16PCC/S2_23-9-20_16PCC_31_cl.tif,patches/S2_23-9-20_16PCC/S2_23-9-20_16PCC_31_conf.tif,train,-87.94217570572482,15.89745825039474,EPSG:32616,10.0,10.0,11,float32,,"(1.0, 1.0, 1.0, 1.0, 1.0, 1.0, 1.0, 1.0, 1.0, 1.0, 1.0)","(0.0, 0.0, 0.0, 0.0, 0.0, 0.0, 0.0, 0.0, 0.0, 0.0, 0.0)",397860.0,1756540.0,400420.0,1759100.0,65536,354,65536,354,0,0,0,0,0,0,5c0d06433382ef0c8e3c847435da689c6b89fa66f629a6a33eb9953fbf2dc882,e7c7bcb831e4bf712f55a5e50e5f5bf641527ed130cda08b2a9157522398e352,b4f6960d1ea0dac07a96f09e85df08c2886542329a7266b343449f9af200035d,65182,0,0,0,0,76,0,0,0,0,24,0,0,0,254,0,train,M029,83
711,23-9-20_16PCC_44,23-9-20_16PCC,2020-09-23,16PCC,44,patches/S2_23-9-20_16PCC/S2_23-9-20_16PCC_44.tif,patches/S2_23-9-20_16PCC/S2_23-9-20_16PCC_44_cl.tif,patches/S2_23-9-20_16PCC/S2_23-9-20_16PCC_44_conf.tif,train,-88.59549890253888,15.838855356277191,EPSG:32616,10.0,10.0,11,float32,,"(1.0, 1.0, 1.0, 1.0, 1.0, 1.0, 1.0, 1.0, 1.0, 1.0, 1.0)","(0.0, 0.0, 0.0, 0.0, 0.0, 0.0, 0.0, 0.0, 0.0, 0.0, 0.0)",327860.0,1750480.0,330420.0,1753040.0,65536,22,65536,22,0,0,0,0,0,0,d4a5ff4e976d138cd0f0deeb0da22f9c68b50bd8daf3adf5717955ee810a106b,f8fb990cb22e528b01305c8d1085459a3d389becfaffa865760849fc52c22029,2ff0123fa0bdcc9f60940c97fdfc25d0fe6908935b9a1a636354dd35470ef224,65514,12,0,0,0,0,0,10,0,0,0,0,0,0,0,0,train,M029,84
720,23-9-20_16PCC_52,23-9-20_16PCC,2020-09-23,16PCC,52,patches/S2_23-9-20_16PCC/S2_23-9-20_16PCC_52.tif,patches/S2_23-9-20_16PCC/S2_23-9-20_16PCC_52_cl.tif,patches/S2_23-9-20_16PCC/S2_23-9-20_16PCC_52_conf.tif,train,-88.57160002520591,15.839029917299651,EPSG:32616,10.0,10.0,11,float32,,"(1.0, 1.0, 1.0, 1.0, 1.0, 1.0, 1.0, 1.0, 1.0, 1.0, 1.0)","(0.0, 0.0, 0.0, 0.0, 0.0, 0.0, 0.0, 0.0, 0.0, 0.0, 0.0)",330420.0,1750480.0,332980.0,1753040.0,65536,13,65536,13,0,0,0,0,0,0,cdbd4b7b61a289a07c5b90ec87a331ca43b2d4a1a7d10df8d11ac6255c9ef260,4bbded2c91d11196be627e63ad27d5d2a758622b5f9d0c609075e006a6353f5f,74cd91a04fdb64faf93fbc7424607bf8f9c83b6868423517ebf667be078106f9,65523,10,0,0,1,0,0,2,0,0,0,0,0,0,0,0,train,M029,85
725,23-9-20_16PCC_7,23-9-20_16PCC,2020-09-23,16PCC,7,patches/S2_23-9-20_16PCC/S2_23-9-20_16PCC_7.tif,patches/S2_23-9-20_16PCC/S2_23-9-20_16PCC_7_cl.tif,patches/S2_23-9-20_16PCC/S2_23-9-20_16PCC_7_conf.tif,train,-88.25215611708552,15.757050085741566,EPSG:32616,10.0,10.0,11,float32,,"(1.0, 1.0, 1.0, 1.0, 1.0, 1.0, 1.0, 1.0, 1.0, 1.0, 1.0)","(0.0, 0.0, 0.0, 0.0, 0.0, 0.0, 0.0, 0.0, 0.0, 0.0, 0.0)",364580.0,1741180.0,367140.0,1743740.0,65536,50303,65536,50303,0,0,0,92,0,0,d176864e1227268e7ee2d2726b5d52a2d35869c7d103e716e10c6df8fe09666f,f83cc363f5e0121fa2ea96c0db8f4f63f639ee181211c75b0b6b0f61b701b5a9,abb7e43247dc53363a75d94eac4a01bce21b836e8745739f1141e30082617f4e,15233,0,0,0,0,0,0,0,50303,0,0,0,0,0,0,0,train,M029,86
750,24-11-19_48PZC_0,24-11-19_48PZC,2019-11-24,48PZC,0,patches/S2_24-11-19_48PZC/S2_24-11-19_48PZC_0.tif,patches/S2_24-11-19_48PZC/S2_24-11-19_48PZC_0_cl.tif,patches/S2_24-11-19_48PZC/S2_24-11-19_48PZC_0_conf.tif,train,108.38258846737727,15.904458673994885,EPSG:32648,10.0,10.0,11,float32,,"(1.0, 1.0, 1.0, 1.0, 1.0, 1.0, 1.0, 1.0, 1.0, 1.0, 1.0)","(0.0, 0.0, 0.0, 0.0, 0.0, 0.0, 0.0, 0.0, 0.0, 0.0, 0.0)",860980.0,1760020.0,863540.0,1762580.0,65536,526,65536,526,0,0,0,0,0,0,0bb478ecdda4fd33b3794f38b1d2c255d0426d8bad9e0b40941ef3abc8bf6db5,dbddcffd5afa3d324084902db703e0df89c64a6750d20ec056c7f93903c06a35,e83856d78bfb4d0af1e4af580b83fcc2256e85f13e1d6698dcf16aac103cf17c,65010,0,0,0,0,0,0,526,0,0,0,0,0,0,0,0,train,M031,87
751,24-11-19_48PZC_1,24-11-19_48PZC,2019-11-24,48PZC,1,patches/S2_24-11-19_48PZC/S2_24-11-19_48PZC_1.tif,patches/S2_24-11-19_48PZC/S2_24-11-19_48PZC_1_cl.tif,patches/S2_24-11-19_48PZC/S2_24-11-19_48PZC_1_conf.tif,train,108.40646202940484,15.904083149422716,EPSG:32648,10.0,10.0,11,float32,,"(1.0, 1.0, 1.0, 1.0, 1.0, 1.0, 1.0, 1.0, 1.0, 1.0, 1.0)","(0.0, 0.0, 0.0, 0.0, 0.0, 0.0, 0.0, 0.0, 0.0, 0.0, 0.0)",863540.0,1760020.0,866100.0,1762580.0,65536,2823,65536,2823,0,0,0,0,0,0,38dd8869b779644228de2a946372c6e2490d92d5020863481ee9c72ad84008fe,695e2b951ad8e238d8011c740e99711021f66255991309279353913b858e0fb9,36ff5bbb5fa98f24084c3cb95a12aa62a44dccb7dd0435db5ec1150c3cc1e85a,62713,0,0,0,0,0,0,0,0,0,2823,0,0,0,0,0,train,M031,88
752,24-11-19_48PZC_2,24-11-19_48PZC,2019-11-24,48PZC,2,patches/S2_24-11-19_48PZC/S2_24-11-19_48PZC_2.tif,patches/S2_24-11-19_48PZC/S2_24-11-19_48PZC_2_cl.tif,patches/S2_24-11-19_48PZC/S2_24-11-19_48PZC_2_conf.tif,train,108.40607293859752,15.880980586814628,EPSG:32648,10.0,10.0,11,float32,,"(1.0, 1.0, 1.0, 1.0, 1.0, 1.0, 1.0, 1.0, 1.0, 1.0, 1.0)","(0.0, 0.0, 0.0, 0.0, 0.0, 0.0, 0.0, 0.0, 0.0, 0.0, 0.0)",863540.0,1757460.0,866100.0,1760020.0,65536,268,65536,268,0,0,0,0,0,0,d44f549698cd2663d6bc7be247939037c937170c9b82c67f25ada3e922d7e238,d57330fefae0ad27aaae5aecdfbebd90dc83173131e8893ffc467920cc4918f9,698797ae1452479e050b7eee7041d75cbef23d15e5830f661d79a4b65b3cb3c4,65268,0,0,0,0,0,0,0,0,0,268,0,0,0,0,0,train,M031,89
754,24-11-19_48PZC_4,24-11-19_48PZC,2019-11-24,48PZC,4,patches/S2_24-11-19_48PZC/S2_24-11-19_48PZC_4.tif,patches/S2_24-11-19_48PZC/S2_24-11-19_48PZC_4_cl.tif,patches/S2_24-11-19_48PZC/S2_24-11-19_48PZC_4_conf.tif,train,108.43033495144688,15.903704995620943,EPSG:32648,10.0,10.0,11,float32,,"(1.0, 1.0, 1.0, 1.0, 1.0, 1.0, 1.0, 1.0, 1.0, 1.0, 1.0)","(0.0, 0.0, 0.0, 0.0, 0.0, 0.0, 0.0, 0.0, 0.0, 0.0, 0.0)",866100.0,1760020.0,868660.0,1762580.0,65536,9,65536,9,0,0,0,0,0,0,5b17a5a4b0f1df1226674a212192c416fc8bbf9a7c72b4d2d2afe3d88f8d3522,1f5d7821c4d3b11512178b53c442e6479d46df8e932294e0a9433362ad4bb022,1040f83c97f2508827576cb4cbcdd75ef2f796394f9cecd2c6a075239295420c,65527,2,0,0,0,0,0,7,0,0,0,0,0,0,0,0,train,M031,90
756,24-11-19_48PZC_6,24-11-19_48PZC,2019-11-24,48PZC,6,patches/S2_24-11-19_48PZC/S2_24-11-19_48PZC_6.tif,patches/S2_24-11-19_48PZC/S2_24-11-19_48PZC_6_cl.tif,patches/S2_24-11-19_48PZC/S2_24-11-19_48PZC_6_conf.tif,train,108.45381271097833,15.880222809184732,EPSG:32648,10.0,10.0,11,float32,,"(1.0, 1.0, 1.0, 1.0, 1.0, 1.0, 1.0, 1.0, 1.0, 1.0, 1.0)","(0.0, 0.0, 0.0, 0.0, 0.0, 0.0, 0.0, 0.0, 0.0, 0.0, 0.0)",868660.0,1757460.0,871220.0,1760020.0,65536,192,65536,192,0,0,0,0,0,0,e8c8b0ddd88f17fd0f1f43126d71358d1365bf09792a9f3a141418022b95d15a,f83ae948a0a34ba90cf18dc6d77341972de1c3120222dc004054bec8f77490ee,fa86aa657e6244a704d3e041214700ed70d386b1baae18001c3916262829c134,65344,0,0,0,0,0,184,0,0,0,0,0,0,8,0,0,train,M031,91
757,24-11-19_48PZC_7,24-11-19_48PZC,2019-11-24,48PZC,7,patches/S2_24-11-19_48PZC/S2_24-11-19_48PZC_7.tif,patches/S2_24-11-19_48PZC/S2_24-11-19_48PZC_7_cl.tif,patches/S2_24-11-19_48PZC/S2_24-11-19_48PZC_7_conf.tif,train,108.47768162656315,15.879839983341087,EPSG:32648,10.0,10.0,11,float32,,"(1.0, 1.0, 1.0, 1.0, 1.0, 1.0, 1.0, 1.0, 1.0, 1.0, 1.0)","(0.0, 0.0, 0.0, 0.0, 0.0, 0.0, 0.0, 0.0, 0.0, 0.0, 0.0)",871220.0,1757460.0,873780.0,1760020.0,65536,470,65536,470,0,0,0,0,0,0,682a9ee021dc4abea4595879bc202bff943a094d67f8fdbec1f4798879f5ae3b,2f426a07c25e75a9fc612ee6566421efcefd6ed49d873c5940a7a3204bd326de,cfc85034a2812e7fd1b1ea2880f083a485375c104dadbc0c568fd162d58e16d2,65066,0,0,0,0,0,93,317,0,0,0,0,0,60,0,0,train,M031,92
768,24-4-19_36JUN_15,24-4-19_36JUN,2019-04-24,36JUN,15,patches/S2_24-4-19_36JUN/S2_24-4-19_36JUN_15.tif,patches/S2_24-4-19_36JUN/S2_24-4-19_36JUN_15_cl.tif,patches/S2_24-4-19_36JUN/S2_24-4-19_36JUN_15_conf.tif,train,31.200372933255707,-29.679259652799427,EPSG:32736,10.0,10.0,11,float32,,"(1.0, 1.0, 1.0, 1.0, 1.0, 1.0, 1.0, 1.0, 1.0, 1.0, 1.0)","(0.0, 0.0, 0.0, 0.0, 0.0, 0.0, 0.0, 0.0, 0.0, 0.0, 0.0)",324580.0,6714120.0,327140.0,6716680.0,65536,11,65536,11,0,0,0,0,0,0,220e5a1fd70fa87aab75c70004419473e95172c1cb74e73af4e6623343ebf9f4,bd098a5f59cdde0094e7c8e1c8a2b53fe3147644139d15cf7e4451ec1b68bc28,ac84f13fb7a45469be265422e3c466befcdf0e3ce018c9cbede3c0f5211851fd,65525,11,0,0,0,0,0,0,0,0,0,0,0,0,0,0,train,M033,93
770,24-4-19_36JUN_17,24-4-19_36JUN,2019-04-24,36JUN,17,patches/S2_24-4-19_36JUN/S2_24-4-19_36JUN_17.tif,patches/S2_24-4-19_36JUN/S2_24-4-19_36JUN_17_cl.tif,patches/S2_24-4-19_36JUN/S2_24-4-19_36JUN_17_conf.tif,train,31.197481256472248,-29.840906360683427,EPSG:32736,10.0,10.0,11,float32,,"(1.0, 1.0, 1.0, 1.0, 1.0, 1.0, 1.0, 1.0, 1.0, 1.0, 1.0)","(0.0, 0.0, 0.0, 0.0, 0.0, 0.0, 0.0, 0.0, 0.0, 0.0, 0.0)",324580.0,6696200.0,327140.0,6698760.0,65536,1452,65536,1452,0,0,0,0,0,0,a3655b37c2dc683c3bbf63902dcaf4528b1381d596978329b52ac17e2206b5bc,97fcc330418cd94a16747bf69782ad0f2757eed080eb335f68b2a29f5b28f516,f636a85c91b00432ae8da2af9765746212dc4aed5d6330d1ecf39696d66d53ab,64084,0,0,0,0,0,1452,0,0,0,0,0,0,0,0,0,train,M033,94
773,24-4-19_36JUN_2,24-4-19_36JUN,2019-04-24,36JUN,2,patches/S2_24-4-19_36JUN/S2_24-4-19_36JUN_2.tif,patches/S2_24-4-19_36JUN/S2_24-4-19_36JUN_2_cl.tif,patches/S2_24-4-19_36JUN/S2_24-4-19_36JUN_2_conf.tif,train,31.091534968647835,-29.83941746176321,EPSG:32736,10.0,10.0,11,float32,,"(1.0, 1.0, 1.0, 1.0, 1.0, 1.0, 1.0, 1.0, 1.0, 1.0, 1.0)","(0.0, 0.0, 0.0, 0.0, 0.0, 0.0, 0.0, 0.0, 0.0, 0.0, 0.0)",314340.0,6696200.0,316900.0,6698760.0,65536,11,65536,11,0,0,0,0,0,0,9b8564f371c15de6191f1b5a12b8cd2303c6dfe633ecbc3a4090051f8bcb4e2b,f5bc336ebe390c63cd9cafe63b97d71c5b41ba8d4c1c5d688d1ff1a18ca9be40,079bdcc3e6fcacd57400869704399337c3492ac6f65df65042a7d59563325b95,65525,10,0,0,0,0,0,1,0,0,0,0,0,0,0,0,train,M033,95
775,24-4-19_36JUN_3,24-4-19_36JUN,2019-04-24,36JUN,3,patches/S2_24-4-19_36JUN/S2_24-4-19_36JUN_3.tif,patches/S2_24-4-19_36JUN/S2_24-4-19_36JUN_3_cl.tif,patches/S2_24-4-19_36JUN/S2_24-4-19_36JUN_3_conf.tif,train,31.09109558815321,-29.862508121131984,EPSG:32736,10.0,10.0,11,float32,,"(1.0, 1.0, 1.0, 1.0, 1.0, 1.0, 1.0, 1.0, 1.0, 1.0, 1.0)","(0.0, 0.0, 0.0, 0.0, 0.0, 0.0, 0.0, 0.0, 0.0, 0.0, 0.0)",314340.0,6693640.0,316900.0,6696200.0,65536,264,65536,264,0,0,0,0,0,0,dfe6ce20d6d0b73f71ac046cadcdaf463a483661566006fce484779e61961d67,0f81a2c95dff9a8b7ce90248c603e9d3eb33ec464a24826cd5196170ab11917c,6d3fe4a2930e996fa35cf3df9458818b6cb71d77025c542da21f77ddfd22c87c,65272,13,0,0,0,16,193,24,0,0,0,0,0,0,18,0,train,M033,96
778,24-4-19_36JUN_6,24-4-19_36JUN,2019-04-24,36JUN,6,patches/S2_24-4-19_36JUN/S2_24-4-19_36JUN_6.tif,patches/S2_24-4-19_36JUN/S2_24-4-19_36JUN_6_cl.tif,patches/S2_24-4-19_36JUN/S2_24-4-19_36JUN_6_conf.tif,train,31.119748929133067,-29.747432732009123,EPSG:32736,10.0,10.0,11,float32,,"(1.0, 1.0, 1.0, 1.0, 1.0, 1.0, 1.0, 1.0, 1.0, 1.0, 1.0)","(0.0, 0.0, 0.0, 0.0, 0.0, 0.0, 0.0, 0.0, 0.0, 0.0, 0.0)",316900.0,6706440.0,319460.0,6709000.0,65536,300,65536,300,0,0,0,0,0,0,7089d259ee51405fe0487bd2463c36655eb084b4b5c0ebca06401db8cdf88e55,ddf568ee945dab660bd8e2450cf4850e213033a0ee916c9c76963f0633ce8ce7,5de813ef40fdf4e57fbd4e059d0f7f51c48af1bd5617111f94d94077ff3ee143,65236,0,0,0,0,0,0,0,0,0,300,0,0,0,0,0,train,M033,97
780,24-4-19_36JUN_8,24-4-19_36JUN,2019-04-24,36JUN,8,patches/S2_24-4-19_36JUN/S2_24-4-19_36JUN_8.tif,patches/S2_24-4-19_36JUN/S2_24-4-19_36JUN_8_cl.tif,patches/S2_24-4-19_36JUN/S2_24-4-19_36JUN_8_conf.tif,train,31.117587500917775,-29.862888660028815,EPSG:32736,10.0,10.0,11,float32,,"(1.0, 1.0, 1.0, 1.0, 1.0, 1.0, 1.0, 1.0, 1.0, 1.0, 1.0)","(0.0, 0.0, 0.0, 0.0, 0.0, 0.0, 0.0, 0.0, 0.0, 0.0, 0.0)",316900.0,6693640.0,319460.0,6696200.0,65536,648,65536,648,0,0,0,0,0,0,c9b766fe91ce2771cc2296ed6b89fe2e29df5933fdb29a247772ef6dbf8f12c6,9907fb812d56c5f3b5816b22d7412142c54c112797d594fb89523e858b0ca8c6,05fd333f27bede04fc1d24411106aca79e13d6dac8c1a856b3d5ab5533a8e191,64888,4,0,0,0,0,640,4,0,0,0,0,0,0,0,0,train,M033,98
783,24-8-20_16PCC_1,24-8-20_16PCC,2020-08-24,16PCC,1,patches/S2_24-8-20_16PCC/S2_24-8-20_16PCC_1.tif,patches/S2_24-8-20_16PCC/S2_24-8-20_16PCC_1_cl.tif,patches/S2_24-8-20_16PCC/S2_24-8-20_16PCC_1_conf.tif,train,-88.28081788806715,15.980136571605218,EPSG:32616,10.0,10.0,11,float32,,"(1.0, 1.0, 1.0, 1.0, 1.0, 1.0, 1.0, 1.0, 1.0, 1.0, 1.0)","(0.0, 0.0, 0.0, 0.0, 0.0, 0.0, 0.0, 0.0, 0.0, 0.0, 0.0)",361660.0,1765880.0,364220.0,1768440.0,65536,414,65536,414,0,0,0,0,0,0,c5ae9bd028e40d5725c841983de6282f312084bfc2764d7256541d676ffba9c1,1376994b972173357fe06b1226ed9e2f8d672f892460170f8d2c37f78d0428ef,0393d54e0eb2f30323d367aa4240805b34b85126333139b6065e7500abeaaf48,65122,0,0,0,0,0,373,12,0,0,0,0,0,29,0,0,train,M034,99
786,24-8-20_16PCC_12,24-8-20_16PCC,2020-08-24,16PCC,12,patches/S2_24-8-20_16PCC/S2_24-8-20_16PCC_12.tif,patches/S2_24-8-20_16PCC/S2_24-8-20_16PCC_12_cl.tif,patches/S2_24-8-20_16PCC/S2_24-8-20_16PCC_12_conf.tif,train,-88.15976609232837,15.72628650927419,EPSG:32616,10.0,10.0,11,float32,,"(1.0, 1.0, 1.0, 1.0, 1.0, 1.0, 1.0, 1.0, 1.0, 1.0, 1.0)","(0.0, 0.0, 0.0, 0.0, 0.0, 0.0, 0.0, 0.0, 0.0, 0.0, 0.0)",374460.0,1737720.0,377020.0,1740280.0,65536,73,65536,73,0,0,0,60,0,0,2e59851a0d92d9fc25e5992b90e0ae83414e46ed9980cb0dc6e92963469ae321,dd0d39c63297ce14d3dd8a324208e496b4e1eecaacd56f4661b20b9ac07436b2,380495161f1373ca88d9ad7602412f73d06e8e30b637b7f13b02e3ee0717928b,65463,20,0,0,0,0,0,50,0,0,3,0,0,0,0,0,train,M034,100
789,24-8-20_16PCC_15,24-8-20_16PCC,2020-08-24,16PCC,15,patches/S2_24-8-20_16PCC/S2_24-8-20_16PCC_15.tif,patches/S2_24-8-20_16PCC/S2_24-8-20_16PCC_15_cl.tif,patches/S2_24-8-20_16PCC/S2_24-8-20_16PCC_15_conf.tif,train,-88.11261684637834,15.842232866281217,EPSG:32616,10.0,10.0,11,float32,,"(1.0, 1.0, 1.0, 1.0, 1.0, 1.0, 1.0, 1.0, 1.0, 1.0, 1.0)","(0.0, 0.0, 0.0, 0.0, 0.0, 0.0, 0.0, 0.0, 0.0, 0.0, 0.0)",379580.0,1750520.0,382140.0,1753080.0,65536,35,65536,35,0,0,0,0,0,0,1f70c13754519c4b590cae78438d34f95111ec6b7eb3b83e76d1852b6b20168f,75aeff0ef5bbcca3ce3f0eb419af68db59b3922cdae070438d5ca7662a1b8af1,bb0de053ad4e147dd39f73e65d9392f235e22357d8e92e2cfc1e236cbad7d02f,65501,11,0,0,0,0,0,24,0,0,0,0,0,0,0,0,train,M034,101
790,24-8-20_16PCC_16,24-8-20_16PCC,2020-08-24,16PCC,16,patches/S2_24-8-20_16PCC/S2_24-8-20_16PCC_16.tif,patches/S2_24-8-20_16PCC/S2_24-8-20_16PCC_16_cl.tif,patches/S2_24-8-20_16PCC/S2_24-8-20_16PCC_16_conf.tif,train,-88.11249021690469,15.819093436795017,EPSG:32616,10.0,10.0,11,float32,,"(1.0, 1.0, 1.0, 1.0, 1.0, 1.0, 1.0, 1.0, 1.0, 1.0, 1.0)","(0.0, 0.0, 0.0, 0.0, 0.0, 0.0, 0.0, 0.0, 0.0, 0.0, 0.0)",379580.0,1747960.0,382140.0,1750520.0,65536,4436,65536,4436,0,0,0,0,0,0,746a22ba1b7e8f119970dd92428fc99a91042e8ec1f519ccf7baacc6481d7614,c5c02b895f7a6191f14daf8e258143b0b88df7c7d629895206be0f7fe735883a,bdc8b2ee92e576d66670133fca390c820b22f264a8dcc575ca136339c153a992,61100,4,0,0,0,0,0,4432,0,0,0,0,0,0,0,0,train,M034,102
796,24-8-20_16PCC_21,24-8-20_16PCC,2020-08-24,16PCC,21,patches/S2_24-8-20_16PCC/S2_24-8-20_16PCC_21.tif,patches/S2_24-8-20_16PCC/S2_24-8-20_16PCC_21_cl.tif,patches/S2_24-8-20_16PCC/S2_24-8-20_16PCC_21_conf.tif,train,-87.97007882518719,16.028043610376756,EPSG:32616,10.0,10.0,11,float32,,"(1.0, 1.0, 1.0, 1.0, 1.0, 1.0, 1.0, 1.0, 1.0, 1.0, 1.0)","(0.0, 0.0, 0.0, 0.0, 0.0, 0.0, 0.0, 0.0, 0.0, 0.0, 0.0)",394940.0,1771000.0,397500.0,1773560.0,65536,69,65536,69,0,0,0,0,0,0,38d878e50ac14654730fa8a7ec036a50f0c285a4c45d82c221d559a008f1d672,733f41620d8897a88c1f875ac2f57b25e75a534e686ab7291ef789d442c342ab,6f9664e5931094113a57b70a3af30e8f1b6a5b12b499afdc74b3a47b9045672a,65467,0,30,39,0,0,0,0,0,0,0,0,0,0,0,0,train,M034,103
798,24-8-20_16PCC_23,24-8-20_16PCC,2020-08-24,16PCC,23,patches/S2_24-8-20_16PCC/S2_24-8-20_16PCC_23.tif,patches/S2_24-8-20_16PCC/S2_24-8-20_16PCC_23_cl.tif,patches/S2_24-8-20_16PCC/S2_24-8-20_16PCC_23_conf.tif,train,-87.96941092754149,15.88920234945271,EPSG:32616,10.0,10.0,11,float32,,"(1.0, 1.0, 1.0, 1.0, 1.0, 1.0, 1.0, 1.0, 1.0, 1.0, 1.0)","(0.0, 0.0, 0.0, 0.0, 0.0, 0.0, 0.0, 0.0, 0.0, 0.0, 0.0)",394940.0,1755640.0,397500.0,1758200.0,65536,2336,65536,2336,0,0,0,0,0,0,ceea1e8a1724f528ad107579fbf4edc7b48ed08b592a43cc1638abfb9bf923b2,94c676000faf30e798379dad7b180d0b463c61f6050224c6236b70920aeb0c9c,63b0d49bb4de9b87930e6bb5b3d1c3a30aee9b32c3c6f442654e5ee95e36ad82,63200,0,0,0,0,87,0,1003,0,0,0,0,0,0,1246,0,train,M034,104
811,25-5-19_48MXU_0,25-5-19_48MXU,2019-05-25,48MXU,0,patches/S2_25-5-19_48MXU/S2_25-5-19_48MXU_0.tif,patches/S2_25-5-19_48MXU/S2_25-5-19_48MXU_0_cl.tif,patches/S2_25-5-19_48MXU/S2_25-5-19_48MXU_0_conf.tif,train,105.98802045976032,-5.842407447628257,EPSG:32748,10.0,10.0,11,float32,,"(1.0, 1.0, 1.0, 1.0, 1.0, 1.0, 1.0, 1.0, 1.0, 1.0, 1.0)","(0.0, 0.0, 0.0, 0.0, 0.0, 0.0, 0.0, 0.0, 0.0, 0.0, 0.0)",608100.0,9352840.0,610660.0,9355400.0,65536,12,65536,12,0,0,0,0,0,0,3a293fe4b56e415d22acaf424ea882bcedbd99c364e9b8927f0baef659552528,32580d2f90fbdad45b02798e7a2ecbe095c37b5fe5f8610b709cd21b1688ae47,e08d4886d44c6c7175a4b0f46f1445b0c50e0cbe8396bb36713b036820ed44c7,65524,0,0,0,0,0,0,12,0,0,0,0,0,0,0,0,train,M035,105
812,25-5-19_48MXU_1,25-5-19_48MXU,2019-05-25,48MXU,1,patches/S2_25-5-19_48MXU/S2_25-5-19_48MXU_1.tif,patches/S2_25-5-19_48MXU/S2_25-5-19_48MXU_1_cl.tif,patches/S2_25-5-19_48MXU/S2_25-5-19_48MXU_1_conf.tif,train,105.98806113240435,-5.86556268527795,EPSG:32748,10.0,10.0,11,float32,,"(1.0, 1.0, 1.0, 1.0, 1.0, 1.0, 1.0, 1.0, 1.0, 1.0, 1.0)","(0.0, 0.0, 0.0, 0.0, 0.0, 0.0, 0.0, 0.0, 0.0, 0.0, 0.0)",608100.0,9350280.0,610660.0,9352840.0,65536,195,65536,195,0,0,0,0,0,0,c5316c33fff03262416c53914e28d188bcf38f655a1d557455935e11838fcffd,46899b52cefb2100d937036e43229ba26a13bbc39e35788bfe6b5618ed58076d,5ee1f9c24e3b07fa2d8907f387717bbd808954de9415866504a250078f1979cd,65341,5,0,0,0,0,190,0,0,0,0,0,0,0,0,0,train,M035,106
813,25-5-19_48MXU_2,25-5-19_48MXU,2019-05-25,48MXU,2,patches/S2_25-5-19_48MXU/S2_25-5-19_48MXU_2.tif,patches/S2_25-5-19_48MXU/S2_25-5-19_48MXU_2_cl.tif,patches/S2_25-5-19_48MXU/S2_25-5-19_48MXU_2_conf.tif,train,105.98810196873237,-5.888717903538774,EPSG:32748,10.0,10.0,11,float32,,"(1.0, 1.0, 1.0, 1.0, 1.0, 1.0, 1.0, 1.0, 1.0, 1.0, 1.0)","(0.0, 0.0, 0.0, 0.0, 0.0, 0.0, 0.0, 0.0, 0.0, 0.0, 0.0)",608100.0,9347720.0,610660.0,9350280.0,65536,35,65536,35,0,0,0,0,0,0,558fd60fd9075eb7e89cf414e6e8d9e89ce432d28676ce5c8e5d8b436984364e,b87753bcf8e0145e59a4c016becbb45745728fd2f0de98c6b0d84bb2034175d5,4f9815f6c029c69054bae69c227ed98e655ecc0547ea3b582c5f7c3b885dbd35,65501,0,0,0,0,0,15,0,0,0,0,0,0,20,0,0,train,M035,107
814,25-5-19_48MXU_3,25-5-19_48MXU,2019-05-25,48MXU,3,patches/S2_25-5-19_48MXU/S2_25-5-19_48MXU_3.tif,patches/S2_25-5-19_48MXU/S2_25-5-19_48MXU_3_cl.tif,patches/S2_25-5-19_48MXU/S2_25-5-19_48MXU_3_conf.tif,train,106.01114231379589,-5.842366322887043,EPSG:32748,10.0,10.0,11,float32,,"(1.0, 1.0, 1.0, 1.0, 1.0, 1.0, 1.0, 1.0, 1.0, 1.0, 1.0)","(0.0, 0.0, 0.0, 0.0, 0.0, 0.0, 0.0, 0.0, 0.0, 0.0, 0.0)",610660.0,9352840.0,613220.0,9355400.0,65536,8,65536,8,0,0,0,0,0,0,d5871119fac106e5fecd12bdefe90df9f7ef0c6cc8ee7a470bd336c8ab12059d,99cf34173dabc9c8390800b54ad6b0dde32cb63ec1d9e67384993da95d190a1e,4935f1b40d03822c0534a2d023b0e7b94d1a6eaad4c4aac5816dd18c37855a8b,65528,5,0,0,0,0,0,3,0,0,0,0,0,0,0,0,train,M035,108
815,25-5-19_48MXU_4,25-5-19_48MXU,2019-05-25,48MXU,4,patches/S2_25-5-19_48MXU/S2_25-5-19_48MXU_4.tif,patches/S2_25-5-19_48MXU/S2_25-5-19_48MXU_4_cl.tif,patches/S2_25-5-19_48MXU/S2_25-5-19_48MXU_4_conf.tif,train,106.0342640003526,-5.84232424726718,EPSG:32748,10.0,10.0,11,float32,,"(1.0, 1.0, 1.0, 1.0, 1.0, 1.0, 1.0, 1.0, 1.0, 1.0, 1.0)","(0.0, 0.0, 0.0, 0.0, 0.0, 0.0, 0.0, 0.0, 0.0, 0.0, 0.0)",613220.0,9352840.0,615780.0,9355400.0,65536,4,65536,4,0,0,0,4,0,0,e5fe26b4b70930064ec431cc7250209b151fcd95760fb3d7614b25740575b3cb,046af7861021b27bf8e1282ec8ea15ef78408f7cff870cfd12e660c89c967352,408b957cb5604291d6a2a835c6ff294587a72244f3e02909101bdaf7b391500e,65532,3,0,0,0,0,0,1,0,0,0,0,0,0,0,0,train,M035,109
819,26-2-18_16PCC_11,26-2-18_16PCC,2018-02-26,16PCC,11,patches/S2_26-2-18_16PCC/S2_26-2-18_16PCC_11.tif,patches/S2_26-2-18_16PCC/S2_26-2-18_16PCC_11_cl.tif,patches/S2_26-2-18_16PCC/S2_26-2-18_16PCC_11_conf.tif,train,-88.29923583148476,15.763282175680422,EPSG:32616,10.0,10.0,11,float32,,"(1.0, 1.0, 1.0, 1.0, 1.0, 1.0, 1.0, 1.0, 1.0, 1.0, 1.0)","(0.0, 0.0, 0.0, 0.0, 0.0, 0.0, 0.0, 0.0, 0.0, 0.0, 0.0)",359540.0,1741900.0,362100.0,1744460.0,65536,2815,65536,2815,0,0,0,0,0,0,ce372ca09ab991f93f79a6a81f856b866e5c2472569df1e0ff3904df483cff40,38fa5ba0b3865617ac6ddd00ffd3aa84d59732d89cb3961f637edb86b1c905f7,35c653e7bd3a7340892ef9e281086ecdf8f2970b7b81c7bc0ca3e848849d33fd,62721,0,0,0,0,0,0,0,0,0,2815,0,0,0,0,0,train,M036,110
828,26-2-18_16PCC_2,26-2-18_16PCC,2018-02-26,16PCC,2,patches/S2_26-2-18_16PCC/S2_26-2-18_16PCC_2.tif,patches/S2_26-2-18_16PCC/S2_26-2-18_16PCC_2_cl.tif,patches/S2_26-2-18_16PCC/S2_26-2-18_16PCC_2_conf.tif,train,-88.68168024436801,15.78379986154286,EPSG:32616,10.0,10.0,11,float32,,"(1.0, 1.0, 1.0, 1.0, 1.0, 1.0, 1.0, 1.0, 1.0, 1.0, 1.0)","(0.0, 0.0, 0.0, 0.0, 0.0, 0.0, 0.0, 0.0, 0.0, 0.0, 0.0)",318580.0,1744460.0,321140.0,1747020.0,65536,83,65536,83,0,0,0,0,0,0,23df9ca9dd12e9a586c84c191cebfbb5bcbb8cca80efaacc49720f05270858c0,2d4a9b481709b0f3f4733295ea6d8c699993db6e67c739152da5a0186810d4ba,63e0167eb11f352e8bacd5584159399bd0099873513eb11452a5c99b9d2eeae6,65453,0,0,0,0,8,0,0,0,0,22,0,0,0,53,0,train,M036,111
833,26-2-18_16PCC_3,26-2-18_16PCC,2018-02-26,16PCC,3,patches/S2_26-2-18_16PCC/S2_26-2-18_16PCC_3.tif,patches/S2_26-2-18_16PCC/S2_26-2-18_16PCC_3_cl.tif,patches/S2_26-2-18_16PCC/S2_26-2-18_16PCC_3_conf.tif,train,-88.65892299293719,15.9227874159925,EPSG:32616,10.0,10.0,11,float32,,"(1.0, 1.0, 1.0, 1.0, 1.0, 1.0, 1.0, 1.0, 1.0, 1.0, 1.0)","(0.0, 0.0, 0.0, 0.0, 0.0, 0.0, 0.0, 0.0, 0.0, 0.0, 0.0)",321140.0,1759820.0,323700.0,1762380.0,65536,7,65536,7,0,0,0,0,0,0,8cfa0d92b5b47653ad96200a9495b4bfd44c6130d28a74f2fd9911868919c9d1,4d35ae5ae1503d3cf872ebad2c5cdc0917d8ec2dfe08879d58dbb4bfe13cc84f,0869a839f0a41772f66c60a07d0d55163e16e37d6fb61a5867a65fbf99e24c39,65529,5,0,0,0,0,0,2,0,0,0,0,0,0,0,0,train,M036,112
835,26-2-18_16PCC_5,26-2-18_16PCC,2018-02-26,16PCC,5,patches/S2_26-2-18_16PCC/S2_26-2-18_16PCC_5.tif,patches/S2_26-2-18_16PCC/S2_26-2-18_16PCC_5_cl.tif,patches/S2_26-2-18_16PCC/S2_26-2-18_16PCC_5_conf.tif,train,-88.63482789479414,15.899835732507448,EPSG:32616,10.0,10.0,11,float32,,"(1.0, 1.0, 1.0, 1.0, 1.0, 1.0, 1.0, 1.0, 1.0, 1.0, 1.0)","(0.0, 0.0, 0.0, 0.0, 0.0, 0.0, 0.0, 0.0, 0.0, 0.0, 0.0)",323700.0,1757260.0,326260.0,1759820.0,65536,11,65536,11,0,0,0,0,0,0,519e42325662f9d09711f84deafa3e86fb9f7dc0ad8b557521c5459f34929769,d72900b667f66aa750b3e932ceb51c70b0b71640c20c3cffdc07cea7b4432f29,f8df0cca4f233cfedfbd2af0e8508380d1f1802019fd51891ca1eaa4869c4734,65525,7,0,0,0,0,0,4,0,0,0,0,0,0,0,0,train,M036,113
836,26-2-18_16PCC_6,26-2-18_16PCC,2018-02-26,16PCC,6,patches/S2_26-2-18_16PCC/S2_26-2-18_16PCC_6.tif,patches/S2_26-2-18_16PCC/S2_26-2-18_16PCC_6_cl.tif,patches/S2_26-2-18_16PCC/S2_26-2-18_16PCC_6_conf.tif,train,-88.63464113203331,15.876701511421157,EPSG:32616,10.0,10.0,11,float32,,"(1.0, 1.0, 1.0, 1.0, 1.0, 1.0, 1.0, 1.0, 1.0, 1.0, 1.0)","(0.0, 0.0, 0.0, 0.0, 0.0, 0.0, 0.0, 0.0, 0.0, 0.0, 0.0)",323700.0,1754700.0,326260.0,1757260.0,65536,11,65536,11,0,0,0,0,0,0,5ba5c47c45bd4715c8139803686d31b5eafe53df2ec4b07409fd1e6b44cacbde,0fe53a6f08f6f941100b5e71b68a5ea02a42918825cbbd1ca3e9fd97d617bbaf,47b89587a198f4ad285dd601fe247e53bd4396d62495b31940912c391da9fef0,65525,4,0,0,0,0,0,7,0,0,0,0,0,0,0,0,train,M036,114
839,26-2-18_16PCC_9,26-2-18_16PCC,2018-02-26,16PCC,9,patches/S2_26-2-18_16PCC/S2_26-2-18_16PCC_9.tif,patches/S2_26-2-18_16PCC/S2_26-2-18_16PCC_9_cl.tif,patches/S2_26-2-18_16PCC/S2_26-2-18_16PCC_9_conf.tif,train,-88.32464033003151,15.994513317833016,EPSG:32616,10.0,10.0,11,float32,,"(1.0, 1.0, 1.0, 1.0, 1.0, 1.0, 1.0, 1.0, 1.0, 1.0, 1.0)","(0.0, 0.0, 0.0, 0.0, 0.0, 0.0, 0.0, 0.0, 0.0, 0.0, 0.0)",356980.0,1767500.0,359540.0,1770060.0,65536,466,65536,466,0,0,0,0,0,0,6954835382cc8c7f6e74417ff13992c58f6e16eac9640f8d1aaedb706d3763a1,8270184ccb66c88d63722aa3900fb7e2c888f961103deddff0cfd753f3ef0d6e,daf208a66c01eebb2139edb3ddd26b41ea37d9774d5570b319a2053dd864eb85,65070,0,0,27,0,0,346,74,0,0,0,0,0,19,0,0,train,M036,115
945,29-11-20_18QYF_0,29-11-20_18QYF,2020-11-29,18QYF,0,patches/S2_29-11-20_18QYF/S2_29-11-20_18QYF_0.tif,patches/S2_29-11-20_18QYF/S2_29-11-20_18QYF_0_cl.tif,patches/S2_29-11-20_18QYF/S2_29-11-20_18QYF_0_conf.tif,train,-72.75509740369759,18.87485587903711,EPSG:32618,10.0,10.0,11,float32,,"(1.0, 1.0, 1.0, 1.0, 1.0, 1.0, 1.0, 1.0, 1.0, 1.0, 1.0)","(0.0, 0.0, 0.0, 0.0, 0.0, 0.0, 0.0, 0.0, 0.0, 0.0, 0.0)",735220.0,2087200.0,737780.0,2089760.0,65536,59,65536,59,0,0,0,0,0,0,6f840749bb7a85536394fb3686df8600dd451c7db6e748449c0ef963eba6a147,764d1ba4932268e300049a3082f8179e51bd7aaa73faaf747ae3b0309d0adcea,4faa5f5c6ecf0a0307e403c6b11f8fc860b515cc5a7516cda0075e6c5c8da6aa,65477,25,0,0,0,0,0,31,0,0,0,0,0,0,0,3,train,M041,116
946,29-11-20_18QYF_1,29-11-20_18QYF,2020-11-29,18QYF,1,patches/S2_29-11-20_18QYF/S2_29-11-20_18QYF_1.tif,patches/S2_29-11-20_18QYF/S2_29-11-20_18QYF_1_cl.tif,patches/S2_29-11-20_18QYF/S2_29-11-20_18QYF_1_conf.tif,train,-72.75540517045782,18.851736913194333,EPSG:32618,10.0,10.0,11,float32,,"(1.0, 1.0, 1.0, 1.0, 1.0, 1.0, 1.0, 1.0, 1.0, 1.0, 1.0)","(0.0, 0.0, 0.0, 0.0, 0.0, 0.0, 0.0, 0.0, 0.0, 0.0, 0.0)",735220.0,2084640.0,737780.0,2087200.0,65536,7,65536,7,0,0,0,4,0,0,6c838c5bd89a6f6f4c15a3230dcdbbb6d40f1706af61d20e29087eb223fda6d5,e82443461cfbb73c81379792a81bea7d7d82fb5de39e70471a33535729718354,1ebb3b47f0d251887573d8a76eb5ad7fbf61eac7ee708eec395024e8d8980cb0,65529,2,0,0,0,0,0,5,0,0,0,0,0,0,0,0,train,M041,117
947,29-11-20_18QYF_2,29-11-20_18QYF,2020-11-29,18QYF,2,patches/S2_29-11-20_18QYF/S2_29-11-20_18QYF_2.tif,patches/S2_29-11-20_18QYF/S2_29-11-20_18QYF_2_cl.tif,patches/S2_29-11-20_18QYF/S2_29-11-20_18QYF_2_conf.tif,train,-72.70746777079259,18.804908425233343,EPSG:32618,10.0,10.0,11,float32,,"(1.0, 1.0, 1.0, 1.0, 1.0, 1.0, 1.0, 1.0, 1.0, 1.0, 1.0)","(0.0, 0.0, 0.0, 0.0, 0.0, 0.0, 0.0, 0.0, 0.0, 0.0, 0.0)",740340.0,2079520.0,742900.0,2082080.0,65536,18,65536,18,0,0,0,0,0,0,a099f53810a204917513ea6d7beb1f12c0092fe828eeb17015600eedc875acbd,dfb15798662e9675e65f5a2e662586fb1c41eba29e6be8f013a732c92ba75591,f76c80c18e2cde199b33a2e0e7dd97b8c346b808d89b6afea2fce425d26d9a09,65518,10,0,0,0,0,0,8,0,0,0,0,0,0,0,0,train,M041,118
948,29-11-20_18QYF_3,29-11-20_18QYF,2020-11-29,18QYF,3,patches/S2_29-11-20_18QYF/S2_29-11-20_18QYF_3.tif,patches/S2_29-11-20_18QYF/S2_29-11-20_18QYF_3_cl.tif,patches/S2_29-11-20_18QYF/S2_29-11-20_18QYF_3_conf.tif,train,-72.65923766266225,18.78118786568059,EPSG:32618,10.0,10.0,11,float32,,"(1.0, 1.0, 1.0, 1.0, 1.0, 1.0, 1.0, 1.0, 1.0, 1.0, 1.0)","(0.0, 0.0, 0.0, 0.0, 0.0, 0.0, 0.0, 0.0, 0.0, 0.0, 0.0)",745460.0,2076960.0,748020.0,2079520.0,65536,6,65536,6,0,0,0,8,0,0,d143137c3d7c4503714fbc17925d08e891e9214d82ab1da58fd8053dd822d914,5ddcc1f2c88bdd72a551279dd23200af0a502f944e1a8fdbb47ab3e957f6561b,b8b76daa7cb7a0419b5ca6f99c578b89598a0b9d72b1606d2b1d949145eb2dfa,65530,3,0,0,0,0,0,3,0,0,0,0,0,0,0,0,train,M041,119
949,29-11-20_18QYF_4,29-11-20_18QYF,2020-11-29,18QYF,4,patches/S2_29-11-20_18QYF/S2_29-11-20_18QYF_4.tif,patches/S2_29-11-20_18QYF/S2_29-11-20_18QYF_4_cl.tif,patches/S2_29-11-20_18QYF/S2_29-11-20_18QYF_4_conf.tif,train,-72.69539116028851,18.730515954040047,EPSG:32618,10.0,10.0,11,float32,,"(1.0, 1.0, 1.0, 1.0, 1.0, 1.0, 1.0, 1.0, 1.0, 1.0, 1.0)","(0.0, 0.0, 0.0, 0.0, 0.0, 0.0, 0.0, 0.0, 0.0, 0.0, 0.0)",741720.0,2071300.0,744280.0,2073860.0,65536,43,65536,43,0,0,0,4,0,0,a860bc4d3bb2a1dab6c0deebe028656bd32c350dd889dc901583d3ab8719e71d,913d53650bbcc5fe802d6228be38f438a269a8b2810409feb0a3d175f8438d5f,c54fd361a66fcff95a0dca83ede9e2e3f3e608da6426bd1cf8a016c54891f984,65493,0,0,0,0,6,0,37,0,0,0,0,0,0,0,0,train,M041,120
950,29-11-20_18QYF_5,29-11-20_18QYF,2020-11-29,18QYF,5,patches/S2_29-11-20_18QYF/S2_29-11-20_18QYF_5.tif,patches/S2_29-11-20_18QYF/S2_29-11-20_18QYF_5_cl.tif,patches/S2_29-11-20_18QYF/S2_29-11-20_18QYF_5_conf.tif,train,-72.67112689869174,18.73021561710473,EPSG:32618,10.0,10.0,11,float32,,"(1.0, 1.0, 1.0, 1.0, 1.0, 1.0, 1.0, 1.0, 1.0, 1.0, 1.0)","(0.0, 0.0, 0.0, 0.0, 0.0, 0.0, 0.0, 0.0, 0.0, 0.0, 0.0)",744280.0,2071300.0,746840.0,2073860.0,65536,17,65536,17,0,0,0,0,0,0,3f602173730a3387c6e68aed6fa47b1107d50e9a7c1df4f04d409c5d1e36da8e,79e3cfe5f7bfe67003064bc0ddcfd6089d453ded217c63f7089c6509f518a756,f393b205f0798c746bc43ae4b0445c32fb492f4bf4131abe2bd3b23e83f3948b,65519,7,0,0,0,0,0,10,0,0,0,0,0,0,0,0,train,M041,121
973,3-1-21_18QYF_0,3-1-21_18QYF,2021-01-03,18QYF,0,patches/S2_3-1-21_18QYF/S2_3-1-21_18QYF_0.tif,patches/S2_3-1-21_18QYF/S2_3-1-21_18QYF_0_cl.tif,patches/S2_3-1-21_18QYF/S2_3-1-21_18QYF_0_conf.tif,train,-72.7020019770883,18.872039636282818,EPSG:32618,10.0,10.0,11,float32,,"(1.0, 1.0, 1.0, 1.0, 1.0, 1.0, 1.0, 1.0, 1.0, 1.0, 1.0)","(0.0, 0.0, 0.0, 0.0, 0.0, 0.0, 0.0, 0.0, 0.0, 0.0, 0.0)",740820.0,2086960.0,743380.0,2089520.0,65536,28,65536,28,0,0,0,100,0,0,527b122fb28191234689eab5f4240cbda7f2d57d216ba1ac4c5976dc60e072b8,494f6a4f76c3d261d7ae63662853bbf1e50736cbcd6c2a2560863902c267f7d7,1e3e2ed02cc695a85836e25b5dfb54ec1a4dd05253684fed8ffb58224fd764c9,65508,23,0,0,0,0,0,2,0,0,0,0,0,0,0,3,train,M044,122
974,3-1-21_18QYF_1,3-1-21_18QYF,2021-01-03,18QYF,1,patches/S2_3-1-21_18QYF/S2_3-1-21_18QYF_1.tif,patches/S2_3-1-21_18QYF/S2_3-1-21_18QYF_1_cl.tif,patches/S2_3-1-21_18QYF/S2_3-1-21_18QYF_1_conf.tif,train,-72.70231696864491,18.848921517716096,EPSG:32618,10.0,10.0,11,float32,,"(1.0, 1.0, 1.0, 1.0, 1.0, 1.0, 1.0, 1.0, 1.0, 1.0, 1.0)","(0.0, 0.0, 0.0, 0.0, 0.0, 0.0, 0.0, 0.0, 0.0, 0.0, 0.0)",740820.0,2084400.0,743380.0,2086960.0,65536,99,65536,99,0,0,0,108,0,0,0695d1a5736b61e4785742a615f41fbad8e6965836674ae6a1b0bef979c42ae9,ea6162e1cdcf13ac7c05e0f0d997e3aa5ae0c80cabc0b0bca1444cac2c62189e,694a9c701368946fa04bcb8bd731bf4bcf2b0e32e1b5b43ae18bd936f6ed31cd,65437,72,0,0,7,0,0,14,0,0,0,0,0,0,0,6,train,M044,123
975,3-1-21_18QYF_2,3-1-21_18QYF,2021-01-03,18QYF,2,patches/S2_3-1-21_18QYF/S2_3-1-21_18QYF_2.tif,patches/S2_3-1-21_18QYF/S2_3-1-21_18QYF_2_cl.tif,patches/S2_3-1-21_18QYF/S2_3-1-21_18QYF_2_conf.tif,train,-72.70263150198235,18.82580333676446,EPSG:32618,10.0,10.0,11,float32,,"(1.0, 1.0, 1.0, 1.0, 1.0, 1.0, 1.0, 1.0, 1.0, 1.0, 1.0)","(0.0, 0.0, 0.0, 0.0, 0.0, 0.0, 0.0, 0.0, 0.0, 0.0, 0.0)",740820.0,2081840.0,743380.0,2084400.0,65536,42,65536,42,0,0,0,36,0,0,7c4bed84c535e127146ffe86d4214300851af85aaa424e72c97c865928500492,bbe5a239a40295020aa5ce0ee08950b24458f643b8614d1b03a1223c1ee43795,109a9addaf82df8504998ff14f5a6b8026fe7fda1874c1a30c7ea36687074104,65494,12,0,0,0,0,0,29,0,0,0,0,0,0,0,1,train,M044,124
976,3-1-21_18QYF_3,3-1-21_18QYF,2021-01-03,18QYF,3,patches/S2_3-1-21_18QYF/S2_3-1-21_18QYF_3.tif,patches/S2_3-1-21_18QYF/S2_3-1-21_18QYF_3_cl.tif,patches/S2_3-1-21_18QYF/S2_3-1-21_18QYF_3_conf.tif,train,-72.67867086137322,18.80238462519415,EPSG:32618,10.0,10.0,11,float32,,"(1.0, 1.0, 1.0, 1.0, 1.0, 1.0, 1.0, 1.0, 1.0, 1.0, 1.0)","(0.0, 0.0, 0.0, 0.0, 0.0, 0.0, 0.0, 0.0, 0.0, 0.0, 0.0)",743380.0,2079280.0,745940.0,2081840.0,65536,25,65536,25,0,0,0,64,0,0,c10ff7472755d5b216c449ee811ca244d35c36f7cab136ea69419b3055b0d7eb,a8e878a2de2803b5359776db702775d240427ad981eaaae0e78999b30dd539eb,9a8511ab8930d8b801bb21ffef410df22df97266cae333371c30eaec65ae32c1,65511,0,0,0,0,0,0,25,0,0,0,0,0,0,0,0,train,M044,125
977,3-1-21_18QYF_4,3-1-21_18QYF,2021-01-03,18QYF,4,patches/S2_3-1-21_18QYF/S2_3-1-21_18QYF_4.tif,patches/S2_3-1-21_18QYF/S2_3-1-21_18QYF_4_cl.tif,patches/S2_3-1-21_18QYF/S2_3-1-21_18QYF_4_conf.tif,train,-72.6543966078226,18.80208100473613,EPSG:32618,10.0,10.0,11,float32,,"(1.0, 1.0, 1.0, 1.0, 1.0, 1.0, 1.0, 1.0, 1.0, 1.0, 1.0)","(0.0, 0.0, 0.0, 0.0, 0.0, 0.0, 0.0, 0.0, 0.0, 0.0, 0.0)",745940.0,2079280.0,748500.0,2081840.0,65536,360,65536,360,0,0,0,108,0,0,0ffcb0ca4a2ea2966b350022b49ccbaa277d2d6ec334d900b7793da0dd20cdbc,176565d9d68da9e56bbb52831f69af19a0226f7d52b880d2ad178dd25a1a563e,becf4976940f0d851935f7b429d4d06833db5f52078a54242b5907312d8e5c6e,65176,0,0,0,0,0,0,0,0,0,0,360,0,0,0,0,train,M044,126
1121,4-12-20_18QYF_0,4-12-20_18QYF,2020-12-04,18QYF,0,patches/S2_4-12-20_18QYF/S2_4-12-20_18QYF_0.tif,patches/S2_4-12-20_18QYF/S2_4-12-20_18QYF_0_cl.tif,patches/S2_4-12-20_18QYF/S2_4-12-20_18QYF_0_conf.tif,train,-72.72086502078776,18.78195020490671,EPSG:32618,10.0,10.0,11,float32,,"(1.0, 1.0, 1.0, 1.0, 1.0, 1.0, 1.0, 1.0, 1.0, 1.0, 1.0)","(0.0, 0.0, 0.0, 0.0, 0.0, 0.0, 0.0, 0.0, 0.0, 0.0, 0.0)",738960.0,2076960.0,741520.0,2079520.0,65536,2268,65536,2268,0,0,0,48,0,0,959009e3d8de4c999dbdbcb1272c38f18108f7fb79231ed6f6df32c1222682a3,0001b4751fb4a8114186a62524118f6e035f016226428f524293587857a50fa6,1a38249f693cb1001297db5b3daa6f16905b7744f1e3bb5b40cdd15f989172af,63268,0,0,0,0,0,2244,24,0,0,0,0,0,0,0,0,train,M049,127
1122,4-12-20_18QYF_1,4-12-20_18QYF,2020-12-04,18QYF,1,patches/S2_4-12-20_18QYF/S2_4-12-20_18QYF_1.tif,patches/S2_4-12-20_18QYF/S2_4-12-20_18QYF_1_cl.tif,patches/S2_4-12-20_18QYF/S2_4-12-20_18QYF_1_conf.tif,train,-72.67168516750836,18.827586939533628,EPSG:32618,10.0,10.0,11,float32,,"(1.0, 1.0, 1.0, 1.0, 1.0, 1.0, 1.0, 1.0, 1.0, 1.0, 1.0)","(0.0, 0.0, 0.0, 0.0, 0.0, 0.0, 0.0, 0.0, 0.0, 0.0, 0.0)",744080.0,2082080.0,746640.0,2084640.0,65536,119,65536,119,0,0,0,68,0,0,bfcf1cd848b2a4fd4f7d5185ee9ab3019db457d6ebdf8a14fec46fa3267dce2a,1e8d52b82d86fb2f2fcd9da06ff4e4f0b9101b6c628092a3d3faacf8460edd94,e9ceab4d415e489c6acf73e56dc0e5bd3a8dd3eecdbb6bea853283a3877c65ee,65417,0,0,0,0,31,0,48,0,0,0,0,0,0,40,0,train,M049,128
1123,4-12-20_18QYF_2,4-12-20_18QYF,2020-12-04,18QYF,2,patches/S2_4-12-20_18QYF/S2_4-12-20_18QYF_2.tif,patches/S2_4-12-20_18QYF/S2_4-12-20_18QYF_2_cl.tif,patches/S2_4-12-20_18QYF/S2_4-12-20_18QYF_2_conf.tif,train,-72.67200350378384,18.80446920764687,EPSG:32618,10.0,10.0,11,float32,,"(1.0, 1.0, 1.0, 1.0, 1.0, 1.0, 1.0, 1.0, 1.0, 1.0, 1.0)","(0.0, 0.0, 0.0, 0.0, 0.0, 0.0, 0.0, 0.0, 0.0, 0.0, 0.0)",744080.0,2079520.0,746640.0,2082080.0,65536,181,65536,181,0,0,0,32,0,0,473357290881e51f60f6db9994260773c8bb3c944fba7ecbb0a4ee7c5b66ddc6,50ddfe83a9d4f410c85edf2f52e749cbc5fbae6bf22d8e2c8bc1f7260f718b7d,6b9337e835591a8e1dd82de0ea05263bd0b25f24874593195be3de084756e4f1,65355,0,0,0,0,0,0,32,0,0,0,149,0,0,0,0,train,M049,129
1124,4-12-20_18QYF_3,4-12-20_18QYF,2020-12-04,18QYF,3,patches/S2_4-12-20_18QYF/S2_4-12-20_18QYF_3.tif,patches/S2_4-12-20_18QYF/S2_4-12-20_18QYF_3_cl.tif,patches/S2_4-12-20_18QYF/S2_4-12-20_18QYF_3_conf.tif,train,-72.67232137624794,18.78135141337111,EPSG:32618,10.0,10.0,11,float32,,"(1.0, 1.0, 1.0, 1.0, 1.0, 1.0, 1.0, 1.0, 1.0, 1.0, 1.0)","(0.0, 0.0, 0.0, 0.0, 0.0, 0.0, 0.0, 0.0, 0.0, 0.0, 0.0)",744080.0,2076960.0,746640.0,2079520.0,65536,6,65536,6,0,0,0,24,0,0,adfddb6c64a4ec195e878fd56812c67b8dac015c04cda32baa77a5f0005f6e2f,c6a2d979278844a922dacdae99927a4040ce66818e6ff863248b15955bdb887c,e536af8bd5d709c4a5b8deac046396f56d90ee811108bbabe9c49af802ccafdf,65530,5,0,0,0,0,0,1,0,0,0,0,0,0,0,0,train,M049,130
1126,4-12-20_18QYF_5,4-12-20_18QYF,2020-12-04,18QYF,5,patches/S2_4-12-20_18QYF/S2_4-12-20_18QYF_5.tif,patches/S2_4-12-20_18QYF/S2_4-12-20_18QYF_5_cl.tif,patches/S2_4-12-20_18QYF/S2_4-12-20_18QYF_5_conf.tif,train,-72.59918160500312,18.803546191313913,EPSG:32618,10.0,10.0,11,float32,,"(1.0, 1.0, 1.0, 1.0, 1.0, 1.0, 1.0, 1.0, 1.0, 1.0, 1.0)","(0.0, 0.0, 0.0, 0.0, 0.0, 0.0, 0.0, 0.0, 0.0, 0.0, 0.0)",751760.0,2079520.0,754320.0,2082080.0,65536,5,65536,5,0,0,0,264,0,0,e7aa756f41a0fb0015481126e35589c9bf822424c4f9be3731458037bd2c7950,357ce2ed29bfe8f687fadc033d0bdc692fa33ad3a2ce1b489ee71fc200ea99fc,36d92e251b1532864436dab5673edd53a034362f9aefb502d09d177d7892d015,65531,4,0,0,0,0,0,1,0,0,0,0,0,0,0,0,train,M049,131
1129,4-12-20_18QYF_8,4-12-20_18QYF,2020-12-04,18QYF,8,patches/S2_4-12-20_18QYF/S2_4-12-20_18QYF_8.tif,patches/S2_4-12-20_18QYF/S2_4-12-20_18QYF_8_cl.tif,patches/S2_4-12-20_18QYF/S2_4-12-20_18QYF_8_conf.tif,train,-72.55130437821201,18.75668353604476,EPSG:32618,10.0,10.0,11,float32,,"(1.0, 1.0, 1.0, 1.0, 1.0, 1.0, 1.0, 1.0, 1.0, 1.0, 1.0)","(0.0, 0.0, 0.0, 0.0, 0.0, 0.0, 0.0, 0.0, 0.0, 0.0, 0.0)",756880.0,2074400.0,759440.0,2076960.0,65536,28,65536,28,0,0,0,1108,0,0,41eef21c35c5cd4cba571fe6ccbfa91f1c5fefb842f96fab951dd50cfd3eaeaa,493881ad11d6939b28bb7f153362f83d078dd28acb763dda61dc27450cd62e25,967efcebbb5556782a56e0723bbedb299b756668b0cd2570c0a9c35b5910e947,65508,27,0,0,0,0,0,1,0,0,0,0,0,0,0,0,train,M049,132
1205,4-9-19_16PCC_1,4-9-19_16PCC,2019-09-04,16PCC,1,patches/S2_4-9-19_16PCC/S2_4-9-19_16PCC_1.tif,patches/S2_4-9-19_16PCC/S2_4-9-19_16PCC_1_cl.tif,patches/S2_4-9-19_16PCC/S2_4-9-19_16PCC_1_conf.tif,train,-88.41837658528064,16.115566711165194,EPSG:32616,10.0,10.0,11,float32,,"(1.0, 1.0, 1.0, 1.0, 1.0, 1.0, 1.0, 1.0, 1.0, 1.0, 1.0)","(0.0, 0.0, 0.0, 0.0, 0.0, 0.0, 0.0, 0.0, 0.0, 0.0, 0.0)",347040.0,1780960.0,349600.0,1783520.0,65536,621,65536,621,0,0,0,0,0,0,6e1d9228096393da72d3b11e043876ca1593faab756979be62389964393e744a,316abf03f187d9eaf42c27b5f2b0fb6329e36ab1101f6136f2b563ced580d6a8,df1a056f4f31198543bb8720d74b889359f8a0397bc8e6814adfafaa683d1780,64915,0,0,0,0,0,484,0,0,0,0,0,0,137,0,0,train,M052,133
1211,4-9-19_16PCC_15,4-9-19_16PCC,2019-09-04,16PCC,15,patches/S2_4-9-19_16PCC/S2_4-9-19_16PCC_15.tif,patches/S2_4-9-19_16PCC/S2_4-9-19_16PCC_15_cl.tif,patches/S2_4-9-19_16PCC/S2_4-9-19_16PCC_15_conf.tif,train,-88.20254676719854,16.047474771076534,EPSG:32616,10.0,10.0,11,float32,,"(1.0, 1.0, 1.0, 1.0, 1.0, 1.0, 1.0, 1.0, 1.0, 1.0, 1.0)","(0.0, 0.0, 0.0, 0.0, 0.0, 0.0, 0.0, 0.0, 0.0, 0.0, 0.0)",370080.0,1773280.0,372640.0,1775840.0,65536,312,65536,312,0,0,0,0,0,0,11a6330fa7d698a504b6eac235791cfa332c5cceffe4a227f20dc3d79a7e01e8,22e5c5911baf488476118c926952b371fd5e9dbd48c8456e44f9f91c3aeec3c8,9ea3a9f8de81aae4478426bff3f6f84bc7b566c6cc1e1572ebf5d6c3f1d3a0d0,65224,0,14,4,0,0,294,0,0,0,0,0,0,0,0,0,train,M052,134
1212,4-9-19_16PCC_16,4-9-19_16PCC,2019-09-04,16PCC,16,patches/S2_4-9-19_16PCC/S2_4-9-19_16PCC_16.tif,patches/S2_4-9-19_16PCC/S2_4-9-19_16PCC_16_cl.tif,patches/S2_4-9-19_16PCC/S2_4-9-19_16PCC_16_conf.tif,train,-88.20103317116384,15.792951206285132,EPSG:32616,10.0,10.0,11,float32,,"(1.0, 1.0, 1.0, 1.0, 1.0, 1.0, 1.0, 1.0, 1.0, 1.0, 1.0)","(0.0, 0.0, 0.0, 0.0, 0.0, 0.0, 0.0, 0.0, 0.0, 0.0, 0.0)",370080.0,1745120.0,372640.0,1747680.0,65536,13,65536,13,0,0,0,0,0,0,c352ba10d8615117e041408b4594d2ebff3364f1597e3f2c628881149980e167,d0ddc8e0d790bc5ebb5c520417089ce10503e20300cba26b641915383d3acd83,b305dec0d429d51d5b7e9db9a166e3d28d2794039942bd0f8f67d5b8b2cfb403,65523,5,0,0,0,0,0,3,0,0,0,0,0,0,0,5,train,M052,135
1213,4-9-19_16PCC_17,4-9-19_16PCC,2019-09-04,16PCC,17,patches/S2_4-9-19_16PCC/S2_4-9-19_16PCC_17.tif,patches/S2_4-9-19_16PCC/S2_4-9-19_16PCC_17_cl.tif,patches/S2_4-9-19_16PCC/S2_4-9-19_16PCC_17_conf.tif,train,-88.20089692785653,15.76981239714642,EPSG:32616,10.0,10.0,11,float32,,"(1.0, 1.0, 1.0, 1.0, 1.0, 1.0, 1.0, 1.0, 1.0, 1.0, 1.0)","(0.0, 0.0, 0.0, 0.0, 0.0, 0.0, 0.0, 0.0, 0.0, 0.0, 0.0)",370080.0,1742560.0,372640.0,1745120.0,65536,13,65536,13,0,0,0,0,0,0,1e33aae9b5f26eb4168c4fa347ef8fd60f7bdad95e747cecce6764342b1cbda6,eff13321af6cd4dc4d0cacae00d980c4eb57ba0d3b677eebce06e6fcf1a809cd,825f404d339a66318bde4a76b4ea0bd73e0870797e697b0f5a4d764b01be5f5e,65523,1,0,0,0,0,0,1,0,0,0,0,0,0,0,11,train,M052,136
1214,4-9-19_16PCC_18,4-9-19_16PCC,2019-09-04,16PCC,18,patches/S2_4-9-19_16PCC/S2_4-9-19_16PCC_18.tif,patches/S2_4-9-19_16PCC/S2_4-9-19_16PCC_18_cl.tif,patches/S2_4-9-19_16PCC/S2_4-9-19_16PCC_18_conf.tif,train,-88.20076091008046,15.746673537754074,EPSG:32616,10.0,10.0,11,float32,,"(1.0, 1.0, 1.0, 1.0, 1.0, 1.0, 1.0, 1.0, 1.0, 1.0, 1.0)","(0.0, 0.0, 0.0, 0.0, 0.0, 0.0, 0.0, 0.0, 0.0, 0.0, 0.0)",370080.0,1740000.0,372640.0,1742560.0,65536,16,65536,16,0,0,0,0,0,0,1bf57ac00b230249c1742eb32b947e30f542f238cb759b91f0cf0051305b484e,8903dc1c4c4d577a1d8f9cff3ab49faf805175f832629f8eafc17264cdc3fc36,b7ea5c25757f7b5dd0a881607a25135c1ec8979f618e2c75e20d470d851b52bc,65520,1,0,0,0,0,15,0,0,0,0,0,0,0,0,0,train,M052,137
1236,4-9-19_16PCC_9,4-9-19_16PCC,2019-09-04,16PCC,9,patches/S2_4-9-19_16PCC/S2_4-9-19_16PCC_9.tif,patches/S2_4-9-19_16PCC/S2_4-9-19_16PCC_9_cl.tif,patches/S2_4-9-19_16PCC/S2_4-9-19_16PCC_9_conf.tif,train,-88.27243576521057,15.746266895754632,EPSG:32616,10.0,10.0,11,float32,,"(1.0, 1.0, 1.0, 1.0, 1.0, 1.0, 1.0, 1.0, 1.0, 1.0, 1.0)","(0.0, 0.0, 0.0, 0.0, 0.0, 0.0, 0.0, 0.0, 0.0, 0.0, 0.0)",362400.0,1740000.0,364960.0,1742560.0,65536,2418,65536,2418,0,0,0,0,0,0,c5071c1d58ce3e8c30a82d4486b2ba065177ff07b651fdb20ecbcc55ca1b5b1e,fef358f993e374dcfb112620460755f606cad97ef98ee62b96b2d49a35d0cd22,9a85833e6d837595572895e9080c906a8f267d633bdf347632e678b97e3ec469,63118,0,0,0,0,0,0,0,2418,0,0,0,0,0,0,0,train,M052,138
1308,8-3-18_16PEC_1,8-3-18_16PEC,2018-03-08,16PEC,1,patches/S2_8-3-18_16PEC/S2_8-3-18_16PEC_1.tif,patches/S2_8-3-18_16PEC/S2_8-3-18_16PEC_1_cl.tif,patches/S2_8-3-18_16PEC/S2_8-3-18_16PEC_1_conf.tif,train,-86.78689828260366,16.1765833062239,EPSG:32616,10.0,10.0,11,float32,,"(1.0, 1.0, 1.0, 1.0, 1.0, 1.0, 1.0, 1.0, 1.0, 1.0, 1.0)","(0.0, 0.0, 0.0, 0.0, 0.0, 0.0, 0.0, 0.0, 0.0, 0.0, 0.0)",521500.0,1787200.0,524060.0,1789760.0,65536,644,65536,644,0,0,0,0,0,0,e173ad1044a279cee1ad4a5dfca5b9ca48bc6b13b66edab04b574a315a2260b8,ee7dfd69923ad1e876c1b0e7d2558f3774f633d47c9e48d269b636ee23642b67,a682f64b5b6d91c30e289515e19b26d1b8678501b5be261049c8d621b164fc56,64892,0,0,0,0,0,0,644,0,0,0,0,0,0,0,0,train,M057,139
1310,8-3-18_16PEC_3,8-3-18_16PEC,2018-03-08,16PEC,3,patches/S2_8-3-18_16PEC/S2_8-3-18_16PEC_3.tif,patches/S2_8-3-18_16PEC/S2_8-3-18_16PEC_3_cl.tif,patches/S2_8-3-18_16PEC/S2_8-3-18_16PEC_3_conf.tif,train,-86.66700285516151,16.26900003834886,EPSG:32616,10.0,10.0,11,float32,,"(1.0, 1.0, 1.0, 1.0, 1.0, 1.0, 1.0, 1.0, 1.0, 1.0, 1.0)","(0.0, 0.0, 0.0, 0.0, 0.0, 0.0, 0.0, 0.0, 0.0, 0.0, 0.0)",534300.0,1797440.0,536860.0,1800000.0,65536,493,65536,493,0,0,0,0,0,0,608f8e5b4c0e218dd4000acb093c0a581e9a312c992816ed4f6956c046688f82,8ea73cffc517a6c8ee74f208cb1116ffb00afaf8041b38352e37d2c588faa241,feea514f0d75c5c7d86df587d3a30572ebb8d10c576c1234b8ecb4a5f6e79efa,65043,0,0,12,0,0,0,481,0,0,0,0,0,0,0,0,train,M057,140
1311,8-3-18_16PEC_4,8-3-18_16PEC,2018-03-08,16PEC,4,patches/S2_8-3-18_16PEC/S2_8-3-18_16PEC_4.tif,patches/S2_8-3-18_16PEC/S2_8-3-18_16PEC_4_cl.tif,patches/S2_8-3-18_16PEC/S2_8-3-18_16PEC_4_conf.tif,train,-86.59512606996209,16.268874796815716,EPSG:32616,10.0,10.0,11,float32,,"(1.0, 1.0, 1.0, 1.0, 1.0, 1.0, 1.0, 1.0, 1.0, 1.0, 1.0)","(0.0, 0.0, 0.0, 0.0, 0.0, 0.0, 0.0, 0.0, 0.0, 0.0, 0.0)",541980.0,1797440.0,544540.0,1800000.0,65536,381,65536,381,0,0,0,4,0,0,8eaf56fe62410972f7a83392dcbc3baef03f4e7cf3f73b6d4e0898cb317c09a5,94c8894d951b891a6e48d4900c3ad69354375ed7b752ed89fabbcacc0cec8c4c,1103caadcc90bf80c29bfcf34eb4711f6f1a0696007d7001e8e0cbc3d75533da,65155,0,0,0,0,4,0,88,0,0,0,289,0,0,0,0,train,M057,141
1312,8-3-18_16PEC_5,8-3-18_16PEC,2018-03-08,16PEC,5,patches/S2_8-3-18_16PEC/S2_8-3-18_16PEC_5.tif,patches/S2_8-3-18_16PEC/S2_8-3-18_16PEC_5_cl.tif,patches/S2_8-3-18_16PEC/S2_8-3-18_16PEC_5_conf.tif,train,-86.57121748490356,16.24568538156663,EPSG:32616,10.0,10.0,11,float32,,"(1.0, 1.0, 1.0, 1.0, 1.0, 1.0, 1.0, 1.0, 1.0, 1.0, 1.0)","(0.0, 0.0, 0.0, 0.0, 0.0, 0.0, 0.0, 0.0, 0.0, 0.0, 0.0)",544540.0,1794880.0,547100.0,1797440.0,65536,56,65536,56,0,0,0,0,0,0,f959f8a2f3d8a4768de638aab1e44871b6c207ce3e946aef3f1041d618745484,c3818756247411e419bede9c1fd929e7fcf77afd8070c88625ba6c6a9ae32686,ee4bcce33fbe8075268d317bd26270ac129a2debcd4ef16049d8979b9879e95d,65480,0,0,13,0,9,0,30,0,0,0,0,0,0,4,0,train,M057,142
1313,8-3-18_16PEC_6,8-3-18_16PEC,2018-03-08,16PEC,6,patches/S2_8-3-18_16PEC/S2_8-3-18_16PEC_6.tif,patches/S2_8-3-18_16PEC/S2_8-3-18_16PEC_6_cl.tif,patches/S2_8-3-18_16PEC/S2_8-3-18_16PEC_6_conf.tif,train,-86.52324997558462,16.26872515724764,EPSG:32616,10.0,10.0,11,float32,,"(1.0, 1.0, 1.0, 1.0, 1.0, 1.0, 1.0, 1.0, 1.0, 1.0, 1.0)","(0.0, 0.0, 0.0, 0.0, 0.0, 0.0, 0.0, 0.0, 0.0, 0.0, 0.0)",549660.0,1797440.0,552220.0,1800000.0,65536,155,65536,155,0,0,0,0,0,0,3f5f375281202815caae031a14c7d75eb281515f09f2e63693747fe39f818a6a,18d1c246a304da0df43443e6eba5638202676ad73ec4eb8cae67655f8ecfebe4,2d2a0c40226be9e766bb10b851faae0953dd5dad22032b6e1dba05ad92d457cb,65381,0,0,0,0,0,131,10,0,0,0,0,0,14,0,0,train,M057,143
1315,8-3-18_16PEC_8,8-3-18_16PEC,2018-03-08,16PEC,8,patches/S2_8-3-18_16PEC/S2_8-3-18_16PEC_8.tif,patches/S2_8-3-18_16PEC/S2_8-3-18_16PEC_8_cl.tif,patches/S2_8-3-18_16PEC/S2_8-3-18_16PEC_8_conf.tif,train,-86.35584345861251,16.17571511088904,EPSG:32616,10.0,10.0,11,float32,,"(1.0, 1.0, 1.0, 1.0, 1.0, 1.0, 1.0, 1.0, 1.0, 1.0, 1.0)","(0.0, 0.0, 0.0, 0.0, 0.0, 0.0, 0.0, 0.0, 0.0, 0.0, 0.0)",567580.0,1787200.0,570140.0,1789760.0,65536,477,65536,477,0,0,0,0,0,0,3396287439518fd1e09d90699e332d3d89368f2f0dfe2a667386456fdd6d6b03,b003f3eb1699e32c92b05fe03615e18b65f1f2f83fea213e0a5888c43cf6b84d,fc685628299bfb9d9bdb41d7c30520f6d82fb1ab3441a9bc8e3303878ff30596,65059,0,0,0,0,0,0,477,0,0,0,0,0,0,0,0,train,M057,144
1317,8-3-18_16QED_1,8-3-18_16QED,2018-03-08,16QED,1,patches/S2_8-3-18_16QED/S2_8-3-18_16QED_1.tif,patches/S2_8-3-18_16QED/S2_8-3-18_16QED_1_cl.tif,patches/S2_8-3-18_16QED/S2_8-3-18_16QED_1_conf.tif,train,-86.61993027635424,16.508840079267035,EPSG:32616,10.0,10.0,11,float32,,"(1.0, 1.0, 1.0, 1.0, 1.0, 1.0, 1.0, 1.0, 1.0, 1.0, 1.0)","(0.0, 0.0, 0.0, 0.0, 0.0, 0.0, 0.0, 0.0, 0.0, 0.0, 0.0)",539280.0,1823980.0,541840.0,1826540.0,65536,361,65536,361,0,0,0,0,0,0,5187a431026cfb65e1765cbf146f447ec63a9f50f56baf3aea28755cdf188cf0,7acf37474b5eb696e0850763a9d353579cbe6d3529754a7d75209c4ba1e2bbe4,f43448ccbc02f2ba5c251d0886454a8be561603d00f976cfb84a0e37706de4bd,65175,0,122,47,0,0,35,142,0,0,0,0,0,15,0,0,train,M057,145
1318,8-3-18_16QED_10,8-3-18_16QED,2018-03-08,16QED,10,patches/S2_8-3-18_16QED/S2_8-3-18_16QED_10.tif,patches/S2_8-3-18_16QED/S2_8-3-18_16QED_10_cl.tif,patches/S2_8-3-18_16QED/S2_8-3-18_16QED_10_conf.tif,train,-86.40446297089285,16.369488528917937,EPSG:32616,10.0,10.0,11,float32,,"(1.0, 1.0, 1.0, 1.0, 1.0, 1.0, 1.0, 1.0, 1.0, 1.0, 1.0)","(0.0, 0.0, 0.0, 0.0, 0.0, 0.0, 0.0, 0.0, 0.0, 0.0, 0.0)",562320.0,1808620.0,564880.0,1811180.0,65536,199,65536,199,0,0,0,0,0,0,ed316243e936cfd7d07b81d3b479785627c349387185ffaf3ce35c893625208d,ed266a37cc3e74ae34d41f1225634446c7cefc43a151294512e085cef7c60330,3dde5bfbd2098a15ce78359e406108a7d5e9aba9baafd5c5c57e078d19a8b41f,65337,0,0,0,0,13,0,61,0,0,0,69,0,0,56,0,train,M057,146
1321,8-3-18_16QED_13,8-3-18_16QED,2018-03-08,16QED,13,patches/S2_8-3-18_16QED/S2_8-3-18_16QED_13.tif,patches/S2_8-3-18_16QED/S2_8-3-18_16QED_13_cl.tif,patches/S2_8-3-18_16QED/S2_8-3-18_16QED_13_conf.tif,train,-86.33231573969374,16.438695866282046,EPSG:32616,10.0,10.0,11,float32,,"(1.0, 1.0, 1.0, 1.0, 1.0, 1.0, 1.0, 1.0, 1.0, 1.0, 1.0)","(0.0, 0.0, 0.0, 0.0, 0.0, 0.0, 0.0, 0.0, 0.0, 0.0, 0.0)",570000.0,1816300.0,572560.0,1818860.0,65536,583,65536,583,0,0,0,0,0,0,790d9633089db48dafd4084d57e2c6ea1a5c97e63f68875f181341cd0606bdb6,1e854a36ffd729f89f9183065d6906255ac77bd1a70dc2951a10fc6382040bd4,dd22377b08befcb6388c79f2b7b32a77f7fa1e43f1518d6e4676e40a5a741d3c,64953,0,0,0,0,0,0,35,0,0,0,548,0,0,0,0,train,M057,147
1325,8-3-18_16QED_17,8-3-18_16QED,2018-03-08,16QED,17,patches/S2_8-3-18_16QED/S2_8-3-18_16QED_17.tif,patches/S2_8-3-18_16QED/S2_8-3-18_16QED_17_cl.tif,patches/S2_8-3-18_16QED/S2_8-3-18_16QED_17_conf.tif,train,-86.16515837403003,16.276113068777406,EPSG:32616,10.0,10.0,11,float32,,"(1.0, 1.0, 1.0, 1.0, 1.0, 1.0, 1.0, 1.0, 1.0, 1.0, 1.0)","(0.0, 0.0, 0.0, 0.0, 0.0, 0.0, 0.0, 0.0, 0.0, 0.0, 0.0)",587920.0,1798380.0,590480.0,1800940.0,65536,251,65536,251,0,0,0,0,0,0,2e734ce4ea7d838e8f4de15ef4550f49421c84211b786c9f704a3e7ef6fff548,2f90f0d56464bf0a8f7602bab7fc3131a6a88f7c3dee50d1e0a24af24f5929cd,fdaea8a1053d353bfdfaa72b3cefff7a601ae38a2253ae935f43d0dc5cdffbef,65285,0,0,0,0,47,53,67,0,0,0,0,0,13,71,0,train,M057,148
1328,8-3-18_16QED_3,8-3-18_16QED,2018-03-08,16QED,3,patches/S2_8-3-18_16QED/S2_8-3-18_16QED_3.tif,patches/S2_8-3-18_16QED/S2_8-3-18_16QED_3_cl.tif,patches/S2_8-3-18_16QED/S2_8-3-18_16QED_3_conf.tif,train,-86.59594207396793,16.50879507998721,EPSG:32616,10.0,10.0,11,float32,,"(1.0, 1.0, 1.0, 1.0, 1.0, 1.0, 1.0, 1.0, 1.0, 1.0, 1.0)","(0.0, 0.0, 0.0, 0.0, 0.0, 0.0, 0.0, 0.0, 0.0, 0.0, 0.0)",541840.0,1823980.0,544400.0,1826540.0,65536,364,65536,364,0,0,0,0,0,0,3b3f1be69ff90e2149d7ec13271edd2213105d78135c4a97bd5a50b3529fc714,66c9a7a59609719182d5ab1441ab16ab69aea5e6a2f13e64e45edde9ba1fd03b,097710d40cca0465913357754a6aa575a6197d697b8270e0540e57e1d5a16e50,65172,0,187,4,0,0,145,22,0,0,0,0,0,6,0,0,train,M057,149
1331,8-3-18_16QED_6,8-3-18_16QED,2018-03-08,16QED,6,patches/S2_8-3-18_16QED/S2_8-3-18_16QED_6.tif,patches/S2_8-3-18_16QED/S2_8-3-18_16QED_6_cl.tif,patches/S2_8-3-18_16QED/S2_8-3-18_16QED_6_conf.tif,train,-86.52448397893747,16.300367607149123,EPSG:32616,10.0,10.0,11,float32,,"(1.0, 1.0, 1.0, 1.0, 1.0, 1.0, 1.0, 1.0, 1.0, 1.0, 1.0)","(0.0, 0.0, 0.0, 0.0, 0.0, 0.0, 0.0, 0.0, 0.0, 0.0, 0.0)",549520.0,1800940.0,552080.0,1803500.0,65536,4267,65536,4267,0,0,0,0,0,0,4055a71d46d12f2fef6ed28230cab0ae1f15f36b1e4ebf670e385f11a97d8d75,1cf25548ed0a7943a6401f1d4dcd4643239c9e5cab99d0075b7520a3607479ae,541709bfa08f6575d1fe4e05d18c943ee0808d32df8eb9bba60ba52f5780e3d2,61269,0,0,0,0,0,0,81,0,0,0,4186,0,0,0,0,train,M057,150
273,14-3-20_18QYF_1,14-3-20_18QYF,2020-03-14,18QYF,1,patches/S2_14-3-20_18QYF/S2_14-3-20_18QYF_1.tif,patches/S2_14-3-20_18QYF/S2_14-3-20_18QYF_1_cl.tif,patches/S2_14-3-20_18QYF/S2_14-3-20_18QYF_1_conf.tif,val,-72.49918678465605,18.56110189589452,EPSG:32618,10.0,10.0,11,float32,,"(1.0, 1.0, 1.0, 1.0, 1.0, 1.0, 1.0, 1.0, 1.0, 1.0, 1.0)","(0.0, 0.0, 0.0, 0.0, 0.0, 0.0, 0.0, 0.0, 0.0, 0.0, 0.0)",762680.0,2052820.0,765240.0,2055380.0,65536,28,65536,28,0,0,0,0,0,0,734f5e2171ba5c9fe3e24485efd13f9912a347cb7f883bce8e75e1f7815eb599,2eae74697b64c25a8ed531c48302e1813f3297d007d394090bbeade20cd6c7d7,8ec9a22407af8b70a65d8b158da9a0ba9a7ed66bbc80aa8ce934f4bc13bd4e35,65508,20,0,0,0,0,0,5,0,0,0,0,0,0,0,3,val,M010,151
274,14-3-20_18QYF_2,14-3-20_18QYF,2020-03-14,18QYF,2,patches/S2_14-3-20_18QYF/S2_14-3-20_18QYF_2.tif,patches/S2_14-3-20_18QYF/S2_14-3-20_18QYF_2_cl.tif,patches/S2_14-3-20_18QYF/S2_14-3-20_18QYF_2_conf.tif,val,-72.4749500954313,18.560778977174987,EPSG:32618,10.0,10.0,11,float32,,"(1.0, 1.0, 1.0, 1.0, 1.0, 1.0, 1.0, 1.0, 1.0, 1.0, 1.0)","(0.0, 0.0, 0.0, 0.0, 0.0, 0.0, 0.0, 0.0, 0.0, 0.0, 0.0)",765240.0,2052820.0,767800.0,2055380.0,65536,55,65536,55,0,0,0,4,0,0,ed8520ad5aa01cb9337dc898948d8edb9f0c32cd5356656e924f7716d27e339b,1e07435926fc2928b6c7c4217693cff8beefc4eee5f91330e0c8e2d46488fc80,b4adc04cf4539ae03dff5c3f219f8b26a1bba204afebadc30cf2c08bc24f7c1f,65481,31,0,0,0,0,0,24,0,0,0,0,0,0,0,0,val,M010,152
275,14-3-20_18QYF_3,14-3-20_18QYF,2020-03-14,18QYF,3,patches/S2_14-3-20_18QYF/S2_14-3-20_18QYF_3.tif,patches/S2_14-3-20_18QYF/S2_14-3-20_18QYF_3_cl.tif,patches/S2_14-3-20_18QYF/S2_14-3-20_18QYF_3_conf.tif,val,-72.42647822292061,18.56012381910645,EPSG:32618,10.0,10.0,11,float32,,"(1.0, 1.0, 1.0, 1.0, 1.0, 1.0, 1.0, 1.0, 1.0, 1.0, 1.0)","(0.0, 0.0, 0.0, 0.0, 0.0, 0.0, 0.0, 0.0, 0.0, 0.0, 0.0)",770360.0,2052820.0,772920.0,2055380.0,65536,118,65536,118,0,0,0,0,0,0,1d9596b13508d3643300a838512a549e9beead44a3d9e3b9a17e97ec55cbab44,2470b58ab603f5d614218850e886818c614cde83c02d03bdc121518941f1cea5,40143bec5dc0d2f6adb836a5703609f052b41869e9fe6bfa1135077e0a36bcfe,65418,45,0,0,0,26,0,45,0,0,0,0,0,0,0,2,val,M010,153
276,14-3-20_18QYF_4,14-3-20_18QYF,2020-03-14,18QYF,4,patches/S2_14-3-20_18QYF/S2_14-3-20_18QYF_4.tif,patches/S2_14-3-20_18QYF/S2_14-3-20_18QYF_4_cl.tif,patches/S2_14-3-20_18QYF/S2_14-3-20_18QYF_4_conf.tif,val,-72.4018928074144,18.58290520666803,EPSG:32618,10.0,10.0,11,float32,,"(1.0, 1.0, 1.0, 1.0, 1.0, 1.0, 1.0, 1.0, 1.0, 1.0, 1.0)","(0.0, 0.0, 0.0, 0.0, 0.0, 0.0, 0.0, 0.0, 0.0, 0.0, 0.0)",772920.0,2055380.0,775480.0,2057940.0,65536,229,65536,229,0,0,0,4,0,0,187b116a96f6d9c9fda5ab29afc1c096233ebd025d99720b6630c5d3befabe97,ff2ad84f2bf0c0629f158858c978efc4e423d1c42d308a390661a5d40cfeef0a,6f9ab1e638870346163a0f3e7dcdf91dc17a689c6a32018552825381c8b341fb,65307,99,0,0,0,0,0,75,0,0,0,53,0,0,0,2,val,M010,154
278,14-3-20_18QYF_6,14-3-20_18QYF,2020-03-14,18QYF,6,patches/S2_14-3-20_18QYF/S2_14-3-20_18QYF_6.tif,patches/S2_14-3-20_18QYF/S2_14-3-20_18QYF_6_cl.tif,patches/S2_14-3-20_18QYF/S2_14-3-20_18QYF_6_conf.tif,val,-72.37765489010121,18.582569414458384,EPSG:32618,10.0,10.0,11,float32,,"(1.0, 1.0, 1.0, 1.0, 1.0, 1.0, 1.0, 1.0, 1.0, 1.0, 1.0)","(0.0, 0.0, 0.0, 0.0, 0.0, 0.0, 0.0, 0.0, 0.0, 0.0, 0.0)",775480.0,2055380.0,778040.0,2057940.0,65536,60,65536,60,0,0,0,16,0,0,aa0b8dbc8d133527e748599f0f0679f88841af5011d53984be16cb5799ad7ea3,025d6f01fcda9e570534f95409544735ac127a780b7519464172782948aafebc,dc9426f12fb315e802db137b0240e6a95bf55475e6cb5616b117694d0e112e93,65476,0,0,0,0,0,0,12,0,0,0,48,0,0,0,0,val,M010,155
279,14-3-20_18QYF_7,14-3-20_18QYF,2020-03-14,18QYF,7,patches/S2_14-3-20_18QYF/S2_14-3-20_18QYF_7.tif,patches/S2_14-3-20_18QYF/S2_14-3-20_18QYF_7_cl.tif,patches/S2_14-3-20_18QYF/S2_14-3-20_18QYF_7_conf.tif,val,-72.37800839023716,18.559456235410316,EPSG:32618,10.0,10.0,11,float32,,"(1.0, 1.0, 1.0, 1.0, 1.0, 1.0, 1.0, 1.0, 1.0, 1.0, 1.0)","(0.0, 0.0, 0.0, 0.0, 0.0, 0.0, 0.0, 0.0, 0.0, 0.0, 0.0)",775480.0,2052820.0,778040.0,2055380.0,65536,91,65536,91,0,0,0,20,0,0,5990e8ffa26c05a2c8db0e83e597ae36d8651567b14ce499001fe3f062ca876a,b3d63dacc39229e75a64d45b6d32bed2563c2753cdba9d948e96f03e4757d317,e04037e817fa1c658c8a6e1e6408fb5c6d60eb8888bf2972a603275739537ef8,65445,0,0,0,0,37,0,35,0,0,0,19,0,0,0,0,val,M010,156
437,18-9-20_16PCC_15,18-9-20_16PCC,2020-09-18,16PCC,15,patches/S2_18-9-20_16PCC/S2_18-9-20_16PCC_15.tif,patches/S2_18-9-20_16PCC/S2_18-9-20_16PCC_15_cl.tif,patches/S2_18-9-20_16PCC/S2_18-9-20_16PCC_15_conf.tif,val,-88.13366907212637,15.933236835332591,EPSG:32616,10.0,10.0,11,float32,,"(1.0, 1.0, 1.0, 1.0, 1.0, 1.0, 1.0, 1.0, 1.0, 1.0, 1.0)","(0.0, 0.0, 0.0, 0.0, 0.0, 0.0, 0.0, 0.0, 0.0, 0.0, 0.0)",377380.0,1760600.0,379940.0,1763160.0,65536,53,65536,53,0,0,0,0,0,0,e19f8082bc5ff0ce9bc1b44d26fe632e340ed89d9bb1664124f9c3f259e3dd04,7d79f5becac9847d49167b70baaac279fe6e3c4fae6d61b5eb8048c57fe8bc43,672086eab15e79062d0d63360a9507f148a843bc9835041e1ecc1689b115b197,65483,41,0,0,6,0,0,6,0,0,0,0,0,0,0,0,val,M019,157
450,18-9-20_16PCC_27,18-9-20_16PCC,2020-09-18,16PCC,27,patches/S2_18-9-20_16PCC/S2_18-9-20_16PCC_27.tif,patches/S2_18-9-20_16PCC/S2_18-9-20_16PCC_27_cl.tif,patches/S2_18-9-20_16PCC/S2_18-9-20_16PCC_27_conf.tif,val,-88.08571535289192,15.910343491659258,EPSG:32616,10.0,10.0,11,float32,,"(1.0, 1.0, 1.0, 1.0, 1.0, 1.0, 1.0, 1.0, 1.0, 1.0, 1.0)","(0.0, 0.0, 0.0, 0.0, 0.0, 0.0, 0.0, 0.0, 0.0, 0.0, 0.0)",382500.0,1758040.0,385060.0,1760600.0,65536,56,65536,56,0,0,0,0,0,0,48e193144598631e57f483dd9bd72011c19d2d543727cdca62ba1f5a955674df,4be0702e2689ddbf7198eb3f741492f791048a7a7d8024c0b0eb2ef3c010d4c1,02756d159406f783bb4c7c70ba79e74ae8f585fecb57629de953c342b74c967b,65480,45,0,0,1,0,0,9,0,0,0,0,0,0,0,1,val,M019,158
463,18-9-20_16PCC_39,18-9-20_16PCC,2020-09-18,16PCC,39,patches/S2_18-9-20_16PCC/S2_18-9-20_16PCC_39.tif,patches/S2_18-9-20_16PCC/S2_18-9-20_16PCC_39_cl.tif,patches/S2_18-9-20_16PCC/S2_18-9-20_16PCC_39_conf.tif,val,-88.01363074439024,15.8412719970353,EPSG:32616,10.0,10.0,11,float32,,"(1.0, 1.0, 1.0, 1.0, 1.0, 1.0, 1.0, 1.0, 1.0, 1.0, 1.0)","(0.0, 0.0, 0.0, 0.0, 0.0, 0.0, 0.0, 0.0, 0.0, 0.0, 0.0)",390180.0,1750360.0,392740.0,1752920.0,65536,443,65536,443,0,0,0,0,0,0,42a356e8e59e878c1ff5e7a89b320da744ba9141619ee9ba9ec6ed00a81fd8eb,05b3af1b7b38cf7905eeb4aabf0949de834b6f0272f0573e3438b044eae591b6,c38ba878f30eaa17ff8e46aadb4226b79f7905d0d701e1d0da45e05e475dd4a5,65093,58,0,0,0,0,353,12,0,0,0,0,0,20,0,0,val,M019,159
468,18-9-20_16PCC_43,18-9-20_16PCC,2020-09-18,16PCC,43,patches/S2_18-9-20_16PCC/S2_18-9-20_16PCC_43.tif,patches/S2_18-9-20_16PCC/S2_18-9-20_16PCC_43_cl.tif,patches/S2_18-9-20_16PCC/S2_18-9-20_16PCC_43_conf.tif,val,-87.96571130638611,15.81834973671286,EPSG:32616,10.0,10.0,11,float32,,"(1.0, 1.0, 1.0, 1.0, 1.0, 1.0, 1.0, 1.0, 1.0, 1.0, 1.0)","(0.0, 0.0, 0.0, 0.0, 0.0, 0.0, 0.0, 0.0, 0.0, 0.0, 0.0)",395300.0,1747800.0,397860.0,1750360.0,65536,358,65536,358,0,0,0,0,0,0,8e7b982b01c3cb7033e2a2ba941fa448d6a359a4121c296f22345ac6478df35a,74242344a11ce706601364a69036688637bc96b6e257929c7ae3e291e479c7a1,645f165f695fee7f848078df229456e5f1318299fee6a8dd05b1876fa4f8bd0c,65178,0,0,0,0,106,28,32,0,0,0,0,0,0,192,0,val,M019,160
497,18-9-20_16PCC_7,18-9-20_16PCC,2020-09-18,16PCC,7,patches/S2_18-9-20_16PCC/S2_18-9-20_16PCC_7.tif,patches/S2_18-9-20_16PCC/S2_18-9-20_16PCC_7_cl.tif,patches/S2_18-9-20_16PCC/S2_18-9-20_16PCC_7_conf.tif,val,-88.25209741513481,15.747469331230812,EPSG:32616,10.0,10.0,11,float32,,"(1.0, 1.0, 1.0, 1.0, 1.0, 1.0, 1.0, 1.0, 1.0, 1.0, 1.0)","(0.0, 0.0, 0.0, 0.0, 0.0, 0.0, 0.0, 0.0, 0.0, 0.0, 0.0)",364580.0,1740120.0,367140.0,1742680.0,65536,3978,65536,3978,0,0,0,12,0,0,eaf87356830e7a77be7a2b56475c5f04a65476ccbac5d293806e55d13eecd730,c7eee45c576a9594533c6ddae5e271735ca2b1f855815d20a69ccb9908134101,bae6fd33019e9b0313d4131f9ff0d64513ee1d8d3b8c01b1743d022bcc5755d3,61558,0,0,0,0,0,0,0,3842,9,127,0,0,0,0,0,val,M019,161
506,18-9-20_16PCC_78,18-9-20_16PCC,2020-09-18,16PCC,78,patches/S2_18-9-20_16PCC/S2_18-9-20_16PCC_78.tif,patches/S2_18-9-20_16PCC/S2_18-9-20_16PCC_78_cl.tif,patches/S2_18-9-20_16PCC/S2_18-9-20_16PCC_78_conf.tif,val,-88.33460088737677,16.143040753641852,EPSG:32616,10.0,10.0,11,float32,,"(1.0, 1.0, 1.0, 1.0, 1.0, 1.0, 1.0, 1.0, 1.0, 1.0, 1.0)","(0.0, 0.0, 0.0, 0.0, 0.0, 0.0, 0.0, 0.0, 0.0, 0.0, 0.0)",356020.0,1783940.0,358580.0,1786500.0,65536,207,65536,207,0,0,0,0,0,0,fbb6534084a957ece8b0d6451a223cb636ccae9a90c8ebf2589a46747ab5fbc6,654d9f15ef01b74f0941c714d0c455dd907c4eaf3b3aeace4e38678769a44535,b1f45bc50bc80e6840d8b927ce078af862e7e8c1a5ccd9f816de3ac1d9aeb218,65329,0,0,0,0,0,0,37,0,0,0,170,0,0,0,0,val,M019,162
511,18-9-20_16PDC_10,18-9-20_16PDC,2020-09-18,16PDC,10,patches/S2_18-9-20_16PDC/S2_18-9-20_16PDC_10.tif,patches/S2_18-9-20_16PDC/S2_18-9-20_16PDC_10_cl.tif,patches/S2_18-9-20_16PDC/S2_18-9-20_16PDC_10_conf.tif,train,-87.73149669767518,16.117217400478218,EPSG:32616,10.0,10.0,11,float32,,"(1.0, 1.0, 1.0, 1.0, 1.0, 1.0, 1.0, 1.0, 1.0, 1.0, 1.0)","(0.0, 0.0, 0.0, 0.0, 0.0, 0.0, 0.0, 0.0, 0.0, 0.0, 0.0)",420500.0,1780760.0,423060.0,1783320.0,65536,17,65536,17,0,0,0,0,0,0,4cec1e886bfe2aaa97c6fefca80b97e193192769c86ce6559c4dca24d635c5d1,02b459847dbe34d6a6ec4739a2c5c7f92e430d5a5fc8d80de009374e8f4ff87b,c4ea8f8f157755b9061e8d5bafb78c2eb52d0d88dbfb38a6522776fbe864888f,65519,7,0,0,3,0,0,6,0,0,0,0,0,0,0,1,val,M019,163
527,18-9-20_16PDC_25,18-9-20_16PDC,2020-09-18,16PDC,25,patches/S2_18-9-20_16PDC/S2_18-9-20_16PDC_25.tif,patches/S2_18-9-20_16PDC/S2_18-9-20_16PDC_25_cl.tif,patches/S2_18-9-20_16PDC/S2_18-9-20_16PDC_25_conf.tif,train,-87.61187027057282,16.140735808434435,EPSG:32616,10.0,10.0,11,float32,,"(1.0, 1.0, 1.0, 1.0, 1.0, 1.0, 1.0, 1.0, 1.0, 1.0, 1.0)","(0.0, 0.0, 0.0, 0.0, 0.0, 0.0, 0.0, 0.0, 0.0, 0.0, 0.0)",433300.0,1783320.0,435860.0,1785880.0,65536,14,65536,14,0,0,0,0,0,0,dd91456c289c2a75d1dd6daea7db2cb114e17dce6ee908244a24ee9422ab2674,72794a90c349f4454909d8f2ad00b9edc773c5e10b40ffe96f3296614eef4da6,1050170720c6b6f2634cab11c7c1d2cfad3f5c7116fe219aeabfdb1183a78466,65522,11,0,0,0,0,0,3,0,0,0,0,0,0,0,0,val,M019,164
531,18-9-20_16PDC_29,18-9-20_16PDC,2020-09-18,16PDC,29,patches/S2_18-9-20_16PDC/S2_18-9-20_16PDC_29.tif,patches/S2_18-9-20_16PDC/S2_18-9-20_16PDC_29_cl.tif,patches/S2_18-9-20_16PDC/S2_18-9-20_16PDC_29_conf.tif,train,-87.58792763622513,16.14080317000673,EPSG:32616,10.0,10.0,11,float32,,"(1.0, 1.0, 1.0, 1.0, 1.0, 1.0, 1.0, 1.0, 1.0, 1.0, 1.0)","(0.0, 0.0, 0.0, 0.0, 0.0, 0.0, 0.0, 0.0, 0.0, 0.0, 0.0)",435860.0,1783320.0,438420.0,1785880.0,65536,5,65536,5,0,0,0,0,0,0,9a2982cd6d1a2ffcbee6f944402bdc3d654fd01a25588815fbd9b12667a4f5ee,3e72ea2ff76c1189f4f919a988dc75416ad2897bf4f28b403d46bcda9ab7426b,4a05e99bac35217a6170d8986be260a57f6d8403b187e7242491ccc91f8ed90b,65531,5,0,0,0,0,0,0,0,0,0,0,0,0,0,0,val,M019,165
533,18-9-20_16PDC_4,18-9-20_16PDC,2020-09-18,16PDC,4,patches/S2_18-9-20_16PDC/S2_18-9-20_16PDC_4.tif,patches/S2_18-9-20_16PDC/S2_18-9-20_16PDC_4_cl.tif,patches/S2_18-9-20_16PDC/S2_18-9-20_16PDC_4_conf.tif,train,-87.82639494095984,15.908598810110778,EPSG:32616,10.0,10.0,11,float32,,"(1.0, 1.0, 1.0, 1.0, 1.0, 1.0, 1.0, 1.0, 1.0, 1.0, 1.0)","(0.0, 0.0, 0.0, 0.0, 0.0, 0.0, 0.0, 0.0, 0.0, 0.0, 0.0)",410260.0,1757720.0,412820.0,1760280.0,65536,372,65536,372,0,0,0,0,0,0,dfe24e686213df59802cbeb21e28307cfd976c3ea2c9502cfbcecfe2813b5b21,1fec08dd65e289843eb415229cca070fd668c953e88e6a4e88cfe60b2728520a,5075d077aa793d133d086429ceba15d6103bbc83537e1f55a3c8aa9a6dc4ddf1,65164,0,0,0,0,0,340,10,0,18,0,0,0,4,0,0,val,M019,166
536,18-9-20_16PDC_7,18-9-20_16PDC,2020-09-18,16PDC,7,patches/S2_18-9-20_16PDC/S2_18-9-20_16PDC_7.tif,patches/S2_18-9-20_16PDC/S2_18-9-20_16PDC_7_cl.tif,patches/S2_18-9-20_16PDC/S2_18-9-20_16PDC_7_conf.tif,train,-87.77856708704255,15.908776505881894,EPSG:32616,10.0,10.0,11,float32,,"(1.0, 1.0, 1.0, 1.0, 1.0, 1.0, 1.0, 1.0, 1.0, 1.0, 1.0)","(0.0, 0.0, 0.0, 0.0, 0.0, 0.0, 0.0, 0.0, 0.0, 0.0, 0.0)",415380.0,1757720.0,417940.0,1760280.0,65536,17125,65536,17125,0,0,0,0,0,0,39820880851c53fea6b59157c60901fc79a8b48e31ece9e8af610d39deddd7f1,754838093d2824e200180bb1766739d7f7f24ebe57c18e44d1e351ad0138ad64,46c05b4727f84c5dd52f0272621d347c16bd8ddfd0a272d13ed1c3dd2e19b029,48411,0,0,0,0,0,0,0,17125,0,0,0,0,0,0,0,val,M019,167
538,18-9-20_16PDC_9,18-9-20_16PDC,2020-09-18,16PDC,9,patches/S2_18-9-20_16PDC/S2_18-9-20_16PDC_9.tif,patches/S2_18-9-20_16PDC/S2_18-9-20_16PDC_9_cl.tif,patches/S2_18-9-20_16PDC/S2_18-9-20_16PDC_9_conf.tif,train,-87.75473935216813,15.93200298992527,EPSG:32616,10.0,10.0,11,float32,,"(1.0, 1.0, 1.0, 1.0, 1.0, 1.0, 1.0, 1.0, 1.0, 1.0, 1.0)","(0.0, 0.0, 0.0, 0.0, 0.0, 0.0, 0.0, 0.0, 0.0, 0.0, 0.0)",417940.0,1760280.0,420500.0,1762840.0,65536,3615,65536,3615,0,0,0,0,0,0,1b125af8e2104effd33043a9c82d3f610be11e963218d14f101f8974f48f23e3,8ad381f075299823468ff62956b0c9dbbdbc892934904c91c6c0c59578e8e9e5,f071421854938b46a176782ae5d694d9ade47c4831360d1c65f696c5fb082a77,61921,0,0,0,0,0,0,0,0,0,3615,0,0,0,0,0,val,M019,168
648,21-2-18_16PCC_0,21-2-18_16PCC,2018-02-21,16PCC,0,patches/S2_21-2-18_16PCC/S2_21-2-18_16PCC_0.tif,patches/S2_21-2-18_16PCC/S2_21-2-18_16PCC_0_cl.tif,patches/S2_21-2-18_16PCC/S2_21-2-18_16PCC_0_conf.tif,val,-88.3136985031597,15.777114792734546,EPSG:32616,10.0,10.0,11,float32,,"(1.0, 1.0, 1.0, 1.0, 1.0, 1.0, 1.0, 1.0, 1.0, 1.0, 1.0)","(0.0, 0.0, 0.0, 0.0, 0.0, 0.0, 0.0, 0.0, 0.0, 0.0, 0.0)",358000.0,1743440.0,360560.0,1746000.0,65536,287,65536,287,0,0,0,0,0,0,eb573211330c6df57e6ab5d475a92985fe7d70f5e8df43e2566549b11dff4656,cd2995bb9f06f690e352a5e3ae3c194ee3add551f5fa77b180fab0db1eeca406,d182d96903f7bf068143a32040dab6e6474e083c75a345d2e1337f432e99f3db,65249,0,0,0,0,0,0,0,287,0,0,0,0,0,0,0,val,M025,169
649,21-2-18_16PCC_1,21-2-18_16PCC,2018-02-21,16PCC,1,patches/S2_21-2-18_16PCC/S2_21-2-18_16PCC_1.tif,patches/S2_21-2-18_16PCC/S2_21-2-18_16PCC_1_cl.tif,patches/S2_21-2-18_16PCC/S2_21-2-18_16PCC_1_conf.tif,val,-88.28980389605297,15.777257751355044,EPSG:32616,10.0,10.0,11,float32,,"(1.0, 1.0, 1.0, 1.0, 1.0, 1.0, 1.0, 1.0, 1.0, 1.0, 1.0)","(0.0, 0.0, 0.0, 0.0, 0.0, 0.0, 0.0, 0.0, 0.0, 0.0, 0.0)",360560.0,1743440.0,363120.0,1746000.0,65536,1252,65536,1252,0,0,0,0,0,0,92b4f5ec72b0a18d3bdda93dafe056151a7ca7d2eda2069cd78505bcdb5ba5b3,7f9c7ae6102e03ba24f8d3e061ca65efc4261b51b042b6e2ff827888223cce58,d21a4d50be9cb16fedfd1090a1d68467df6619d39493739f5f509f7257e4bb66,64284,0,0,0,0,0,0,0,0,0,1252,0,0,0,0,0,val,M025,170
654,21-2-18_16PCC_3,21-2-18_16PCC,2018-02-21,16PCC,3,patches/S2_21-2-18_16PCC/S2_21-2-18_16PCC_3.tif,patches/S2_21-2-18_16PCC/S2_21-2-18_16PCC_3_cl.tif,patches/S2_21-2-18_16PCC/S2_21-2-18_16PCC_3_conf.tif,val,-88.2421549395026,15.800674237682772,EPSG:32616,10.0,10.0,11,float32,,"(1.0, 1.0, 1.0, 1.0, 1.0, 1.0, 1.0, 1.0, 1.0, 1.0, 1.0)","(0.0, 0.0, 0.0, 0.0, 0.0, 0.0, 0.0, 0.0, 0.0, 0.0, 0.0)",365680.0,1746000.0,368240.0,1748560.0,65536,9,65536,9,0,0,0,0,0,0,0d6e7afc03a575749a50f0a1d4103b73bfea2e7f373aca18b703c3090da2174e,e12bea3ce763904ca0ea05089df3dd9a8ac6f36ed29e5e6f6a040ea0d014f65d,1e39024f476b8646638b5d2fefeff0176d4ecf8128428c5bcdf0850816551e7c,65527,5,0,0,0,0,0,2,0,0,0,0,0,0,0,2,val,M025,171
655,21-2-18_16PCC_4,21-2-18_16PCC,2018-02-21,16PCC,4,patches/S2_21-2-18_16PCC/S2_21-2-18_16PCC_4.tif,patches/S2_21-2-18_16PCC/S2_21-2-18_16PCC_4_cl.tif,patches/S2_21-2-18_16PCC/S2_21-2-18_16PCC_4_conf.tif,val,-88.24173269943543,15.731258776868303,EPSG:32616,10.0,10.0,11,float32,,"(1.0, 1.0, 1.0, 1.0, 1.0, 1.0, 1.0, 1.0, 1.0, 1.0, 1.0)","(0.0, 0.0, 0.0, 0.0, 0.0, 0.0, 0.0, 0.0, 0.0, 0.0, 0.0)",365680.0,1738320.0,368240.0,1740880.0,65536,144,65536,144,0,0,0,0,0,0,3ab1a64f6158c397b8f729873ea68e5e99ac3d5202de019c74f70f223b0553e5,c98c8da0ac9b9628da6be8ba87b877cb0d051f2da5f1aea797b36284880fe629,048643322284fa34999f3c7473ea052da92239a87b40ba3ab5a2ba7f362802a2,65392,0,0,0,0,0,0,0,0,144,0,0,0,0,0,0,val,M025,172
656,21-2-18_16PCC_5,21-2-18_16PCC,2018-02-21,16PCC,5,patches/S2_21-2-18_16PCC/S2_21-2-18_16PCC_5.tif,patches/S2_21-2-18_16PCC/S2_21-2-18_16PCC_5_cl.tif,patches/S2_21-2-18_16PCC/S2_21-2-18_16PCC_5_conf.tif,val,-88.21825690841318,15.800809536687597,EPSG:32616,10.0,10.0,11,float32,,"(1.0, 1.0, 1.0, 1.0, 1.0, 1.0, 1.0, 1.0, 1.0, 1.0, 1.0)","(0.0, 0.0, 0.0, 0.0, 0.0, 0.0, 0.0, 0.0, 0.0, 0.0, 0.0)",368240.0,1746000.0,370800.0,1748560.0,65536,73,65536,73,0,0,0,0,0,0,91cdfb77c452f5fb067954d8f03d084c927c1d5eeb3d6ddccce1a56f5344798d,b57897d739634b718b25dbc06e636ce25c6a7a3bc712a930f341b5c89dc87017,9f57f63d09d51db6927d0f02a58e497e7805ae3ab13b744c42af3b3fa10a064a,65463,0,0,0,0,13,0,32,0,0,0,0,0,0,28,0,val,M025,173
657,21-2-18_16PCC_6,21-2-18_16PCC,2018-02-21,16PCC,6,patches/S2_21-2-18_16PCC/S2_21-2-18_16PCC_6.tif,patches/S2_21-2-18_16PCC/S2_21-2-18_16PCC_6_cl.tif,patches/S2_21-2-18_16PCC/S2_21-2-18_16PCC_6_conf.tif,val,-88.19490312765373,15.893497100237688,EPSG:32616,10.0,10.0,11,float32,,"(1.0, 1.0, 1.0, 1.0, 1.0, 1.0, 1.0, 1.0, 1.0, 1.0, 1.0)","(0.0, 0.0, 0.0, 0.0, 0.0, 0.0, 0.0, 0.0, 0.0, 0.0, 0.0)",370800.0,1756240.0,373360.0,1758800.0,65536,804,65536,804,0,0,0,0,0,0,57f1ee540a1bf1ec411ea0227ec3edab8328b4a8fe9d7678815a1e702776ecc8,661dd26b396046264ba536b452d3cf9ad78f55521999a786f1672f007b76d7a4,9161252f59be9f6c11196eb574d739fbc2f90fa193802a6ccc6d20e3b2067ecc,64732,0,0,0,0,0,0,804,0,0,0,0,0,0,0,0,val,M025,174
759,24-3-20_18QYF_0,24-3-20_18QYF,2020-03-24,18QYF,0,patches/S2_24-3-20_18QYF/S2_24-3-20_18QYF_0.tif,patches/S2_24-3-20_18QYF/S2_24-3-20_18QYF_0_cl.tif,patches/S2_24-3-20_18QYF/S2_24-3-20_18QYF_0_conf.tif,val,-72.83210750829025,18.46025947065505,EPSG:32618,10.0,10.0,11,float32,,"(1.0, 1.0, 1.0, 1.0, 1.0, 1.0, 1.0, 1.0, 1.0, 1.0, 1.0)","(0.0, 0.0, 0.0, 0.0, 0.0, 0.0, 0.0, 0.0, 0.0, 0.0, 0.0)",727660.0,2041200.0,730220.0,2043760.0,65536,61,65536,61,0,0,0,0,0,0,d62cdce451f3e57680d881b3a990ac03ff38f611a0d7f1d71e5916f30232bbe1,e90639b94beb43f5837d9649faff02687b38bc314a8254af7450fdb03370c298,9cb8b71ed711cb446006c83eaf2a118d6bb17e7eac0eb6b52f0dd814c78acca1,65475,0,0,0,38,0,0,23,0,0,0,0,0,0,0,0,val,M032,175
760,24-3-20_18QYF_1,24-3-20_18QYF,2020-03-24,18QYF,1,patches/S2_24-3-20_18QYF/S2_24-3-20_18QYF_1.tif,patches/S2_24-3-20_18QYF/S2_24-3-20_18QYF_1_cl.tif,patches/S2_24-3-20_18QYF/S2_24-3-20_18QYF_1_conf.tif,val,-72.83239771474587,18.437138283171887,EPSG:32618,10.0,10.0,11,float32,,"(1.0, 1.0, 1.0, 1.0, 1.0, 1.0, 1.0, 1.0, 1.0, 1.0, 1.0)","(0.0, 0.0, 0.0, 0.0, 0.0, 0.0, 0.0, 0.0, 0.0, 0.0, 0.0)",727660.0,2038640.0,730220.0,2041200.0,65536,33,65536,33,0,0,0,0,0,0,3d5aea9ccba35083c11b34bab332d87d84ed000dc84e99502beb650eaab3e52f,c62dcceb236ddbc514fc307e6329b3078a85ea19553e2b44b3e891f447ddc41b,e5603fc9ea25ae9d0548785811343d2a60c4e1565effa63c7ab2a7cc80e07683,65503,0,0,0,0,0,0,25,0,0,0,8,0,0,0,0,val,M032,176
954,29-12-20_18QYF_1,29-12-20_18QYF,2020-12-29,18QYF,1,patches/S2_29-12-20_18QYF/S2_29-12-20_18QYF_1.tif,patches/S2_29-12-20_18QYF/S2_29-12-20_18QYF_1_cl.tif,patches/S2_29-12-20_18QYF/S2_29-12-20_18QYF_1_conf.tif,val,-72.60520457815365,18.766594066248825,EPSG:32618,10.0,10.0,11,float32,,"(1.0, 1.0, 1.0, 1.0, 1.0, 1.0, 1.0, 1.0, 1.0, 1.0, 1.0)","(0.0, 0.0, 0.0, 0.0, 0.0, 0.0, 0.0, 0.0, 0.0, 0.0, 0.0)",751180.0,2075420.0,753740.0,2077980.0,65536,537,65536,537,0,0,0,4,0,0,911cb6dde1d41cc0fa4f0bbef3fab17c2bbd7fdc67c542beb08478fc565aebb5,dd6592097b9752281cef3af871852e221cb829f9d7b4db8f78be841bb5edf302,83ac6f10fb8bfb368be773592be7a12a44416ae6e5b50c39b100875990c6f083,64999,31,0,0,0,0,465,38,0,0,0,0,0,0,0,3,val,M042,177
956,29-12-20_18QYF_11,29-12-20_18QYF,2020-12-29,18QYF,11,patches/S2_29-12-20_18QYF/S2_29-12-20_18QYF_11.tif,patches/S2_29-12-20_18QYF/S2_29-12-20_18QYF_11_cl.tif,patches/S2_29-12-20_18QYF/S2_29-12-20_18QYF_11_conf.tif,val,-72.50915308953483,18.695979327773863,EPSG:32618,10.0,10.0,11,float32,,"(1.0, 1.0, 1.0, 1.0, 1.0, 1.0, 1.0, 1.0, 1.0, 1.0, 1.0)","(0.0, 0.0, 0.0, 0.0, 0.0, 0.0, 0.0, 0.0, 0.0, 0.0, 0.0)",761420.0,2067740.0,763980.0,2070300.0,65536,229,65536,229,0,0,0,0,0,0,f602292dd6be76c9f8346d0cb51fef03bb1661bab6a18ba5d002b026f8b350fe,d0ae6467c30f58136e93e8c5f86c4a7575d3d7c0c797c94a47969ac5a08f7dba,7691d401c30255f47d7490ddd1bda0992feabf0b66f56111bb6177cf82cde706,65307,12,0,0,0,0,169,25,0,0,0,0,0,21,0,2,val,M042,178
957,29-12-20_18QYF_12,29-12-20_18QYF,2020-12-29,18QYF,12,patches/S2_29-12-20_18QYF/S2_29-12-20_18QYF_12.tif,patches/S2_29-12-20_18QYF/S2_29-12-20_18QYF_12_cl.tif,patches/S2_29-12-20_18QYF/S2_29-12-20_18QYF_12_conf.tif,val,-72.4848970900629,18.695655438319516,EPSG:32618,10.0,10.0,11,float32,,"(1.0, 1.0, 1.0, 1.0, 1.0, 1.0, 1.0, 1.0, 1.0, 1.0, 1.0)","(0.0, 0.0, 0.0, 0.0, 0.0, 0.0, 0.0, 0.0, 0.0, 0.0, 0.0)",763980.0,2067740.0,766540.0,2070300.0,65536,588,65536,588,0,0,0,0,0,0,a9b1a51cc7049c65c4658d2ab5f4f7a1827340024606e997eae2a29ef05c9767,835d21356c2dd3ac39817fe182b2cded79b1608666abb6177c9475fa8f7b99b6,bef72f8b4a91e887bef87a1e3180300614a2429546aefeaacf906de3060c03b8,64948,0,0,0,0,0,574,14,0,0,0,0,0,0,0,0,val,M042,179
959,29-12-20_18QYF_3,29-12-20_18QYF,2020-12-29,18QYF,3,patches/S2_29-12-20_18QYF/S2_29-12-20_18QYF_3.tif,patches/S2_29-12-20_18QYF/S2_29-12-20_18QYF_3_cl.tif,patches/S2_29-12-20_18QYF/S2_29-12-20_18QYF_3_conf.tif,val,-72.58093674612539,18.76628146605853,EPSG:32618,10.0,10.0,11,float32,,"(1.0, 1.0, 1.0, 1.0, 1.0, 1.0, 1.0, 1.0, 1.0, 1.0, 1.0)","(0.0, 0.0, 0.0, 0.0, 0.0, 0.0, 0.0, 0.0, 0.0, 0.0, 0.0)",753740.0,2075420.0,756300.0,2077980.0,65536,467,65536,467,0,0,0,48,0,0,6174dc1f9007b8b680fda68a0cd00b4a0867838185fbfd9c41724e03c3b4a5f6,b2f071e1ba541da1003d001bd05c796c48aa31dd063c5410b8d17ed21458860a,be6c9a47d524adacf4e30e96560d10cd6f5963cf3f496b2dec3d96f1c9c524cb,65069,85,0,0,0,0,46,38,0,0,0,0,0,293,0,5,val,M042,180
963,29-12-20_18QYF_7,29-12-20_18QYF,2020-12-29,18QYF,7,patches/S2_29-12-20_18QYF/S2_29-12-20_18QYF_7.tif,patches/S2_29-12-20_18QYF/S2_29-12-20_18QYF_7_cl.tif,patches/S2_29-12-20_18QYF/S2_29-12-20_18QYF_7_conf.tif,val,-72.53273870638654,18.742531312367745,EPSG:32618,10.0,10.0,11,float32,,"(1.0, 1.0, 1.0, 1.0, 1.0, 1.0, 1.0, 1.0, 1.0, 1.0, 1.0)","(0.0, 0.0, 0.0, 0.0, 0.0, 0.0, 0.0, 0.0, 0.0, 0.0, 0.0)",758860.0,2072860.0,761420.0,2075420.0,65536,26,65536,26,0,0,0,704,0,0,142a7b0c4ab368d0ec2624fe670b7a13af11c1a1a0c41a7a8e9e034fa46549d3,92ee509b56f9a92d9ab5c888a879b92f197edf398cd8cda68c73fe2202c01b21,2e98479a550d32c013eca9f0f99875a38d14e5a0e6ec0f7a297385e2aae0d1ca,65510,20,0,0,0,0,0,6,0,0,0,0,0,0,0,0,val,M042,181
964,29-12-20_18QYF_8,29-12-20_18QYF,2020-12-29,18QYF,8,patches/S2_29-12-20_18QYF/S2_29-12-20_18QYF_8.tif,patches/S2_29-12-20_18QYF/S2_29-12-20_18QYF_8_cl.tif,patches/S2_29-12-20_18QYF/S2_29-12-20_18QYF_8_conf.tif,val,-72.53307439048226,18.719415730408667,EPSG:32618,10.0,10.0,11,float32,,"(1.0, 1.0, 1.0, 1.0, 1.0, 1.0, 1.0, 1.0, 1.0, 1.0, 1.0)","(0.0, 0.0, 0.0, 0.0, 0.0, 0.0, 0.0, 0.0, 0.0, 0.0, 0.0)",758860.0,2070300.0,761420.0,2072860.0,65536,53,65536,53,0,0,0,52,0,0,fe4979c5fc04d0cbf9e9a2ff099cab8c4593f201e204dc8092365047fb54be93,3f5e5464b0694c501859f0d80e6e4a1a3aab7b335753ad4979bb52d892851ccd,24e3ce10cdc964aca90c4f0f24cdef282eb9e55fdb8efee0a45758010e1535a5,65483,43,0,0,0,0,0,8,0,0,0,0,0,0,0,2,val,M042,182
1290,7-3-20_18QYG_1,7-3-20_18QYG,2020-03-07,18QYG,1,patches/S2_7-3-20_18QYG/S2_7-3-20_18QYG_1.tif,patches/S2_7-3-20_18QYG/S2_7-3-20_18QYG_1_cl.tif,patches/S2_7-3-20_18QYG/S2_7-3-20_18QYG_1_conf.tif,val,-72.88235839055771,19.240006776524385,EPSG:32618,10.0,10.0,11,float32,,"(1.0, 1.0, 1.0, 1.0, 1.0, 1.0, 1.0, 1.0, 1.0, 1.0, 1.0)","(0.0, 0.0, 0.0, 0.0, 0.0, 0.0, 0.0, 0.0, 0.0, 0.0, 0.0)",721320.0,2127460.0,723880.0,2130020.0,65536,392,65536,392,0,0,0,0,0,0,1177255938deeaa99a86d78ba99e9839442741993b8cae853bf50af3c4db1faf,aca9b859aefc34bc766d9335c25a8d4f6d97760fb79ccca645196fe19daaa190,d20d5dadfe804f58958f64a54a585fca8b9a138deb3c00696e495a8314561cd2,65144,0,0,0,0,0,373,19,0,0,0,0,0,0,0,0,val,M056,183
1291,7-3-20_18QYG_10,7-3-20_18QYG,2020-03-07,18QYG,10,patches/S2_7-3-20_18QYG/S2_7-3-20_18QYG_10.tif,patches/S2_7-3-20_18QYG/S2_7-3-20_18QYG_10_cl.tif,patches/S2_7-3-20_18QYG/S2_7-3-20_18QYG_10_conf.tif,val,-72.78437463723095,19.285090929224975,EPSG:32618,10.0,10.0,11,float32,,"(1.0, 1.0, 1.0, 1.0, 1.0, 1.0, 1.0, 1.0, 1.0, 1.0, 1.0)","(0.0, 0.0, 0.0, 0.0, 0.0, 0.0, 0.0, 0.0, 0.0, 0.0, 0.0)",731560.0,2132580.0,734120.0,2135140.0,65536,197,65536,197,0,0,0,0,0,0,cac2ac2552a15ea8eda71a836415a3548db931ead894c3fc7183a8169853c69b,a36bb01ef8f8cec3975645956ad5838bbb26add5a5d3c6268e8353a9e7e733dc,d7b917a2599bc25e90c585d262e1dfcd9cef6ac5db78cd2a6b1a3f0ee655101d,65339,0,0,0,0,0,0,36,0,0,0,161,0,0,0,0,val,M056,184
1292,7-3-20_18QYG_11,7-3-20_18QYG,2020-03-07,18QYG,11,patches/S2_7-3-20_18QYG/S2_7-3-20_18QYG_11.tif,patches/S2_7-3-20_18QYG/S2_7-3-20_18QYG_11_cl.tif,patches/S2_7-3-20_18QYG/S2_7-3-20_18QYG_11_conf.tif,val,-72.78499594355016,19.23885406175476,EPSG:32618,10.0,10.0,11,float32,,"(1.0, 1.0, 1.0, 1.0, 1.0, 1.0, 1.0, 1.0, 1.0, 1.0, 1.0)","(0.0, 0.0, 0.0, 0.0, 0.0, 0.0, 0.0, 0.0, 0.0, 0.0, 0.0)",731560.0,2127460.0,734120.0,2130020.0,65536,837,65536,837,0,0,0,0,0,0,9d623395127b56a5e31ea8f09550b2e585332d0263943d12657ce3a800f24f19,028ba9697d37390d9825d7bc44326ec788ec6d694efd41902ab0bfca2669375d,c2f87974d99ebf44309144290c3cb25e70819089514ed4df006ef1899a68fed1,64699,0,0,0,0,0,0,6,0,0,831,0,0,0,0,0,val,M056,185
1293,7-3-20_18QYG_12,7-3-20_18QYG,2020-03-07,18QYG,12,patches/S2_7-3-20_18QYG/S2_7-3-20_18QYG_12.tif,patches/S2_7-3-20_18QYG/S2_7-3-20_18QYG_12_cl.tif,patches/S2_7-3-20_18QYG/S2_7-3-20_18QYG_12_conf.tif,val,-72.78561546790503,19.192616941726538,EPSG:32618,10.0,10.0,11,float32,,"(1.0, 1.0, 1.0, 1.0, 1.0, 1.0, 1.0, 1.0, 1.0, 1.0, 1.0)","(0.0, 0.0, 0.0, 0.0, 0.0, 0.0, 0.0, 0.0, 0.0, 0.0, 0.0)",731560.0,2122340.0,734120.0,2124900.0,65536,45,65536,45,0,0,0,0,0,0,f36aaf6d67d5c99cb9aca48c401ca3dbdaf98ee0eeb0504a208c8bd710f88366,931f3293a2ce4c4bebe2c59b0a8fda825bd58a1a75af307176667e447bc588f0,9e5a036b8934edbf79108c8e49fef0cc2fcd862dda7a864571da596bec9a5142,65491,23,0,0,5,0,0,14,0,0,0,0,0,0,0,3,val,M056,186
1304,7-3-20_18QYG_7,7-3-20_18QYG,2020-03-07,18QYG,7,patches/S2_7-3-20_18QYG/S2_7-3-20_18QYG_7.tif,patches/S2_7-3-20_18QYG/S2_7-3-20_18QYG_7_cl.tif,patches/S2_7-3-20_18QYG/S2_7-3-20_18QYG_7_conf.tif,val,-72.80933589927372,19.239147088754994,EPSG:32618,10.0,10.0,11,float32,,"(1.0, 1.0, 1.0, 1.0, 1.0, 1.0, 1.0, 1.0, 1.0, 1.0, 1.0)","(0.0, 0.0, 0.0, 0.0, 0.0, 0.0, 0.0, 0.0, 0.0, 0.0, 0.0)",729000.0,2127460.0,731560.0,2130020.0,65536,13,65536,13,0,0,0,0,0,0,1f5f1c57e8da2c32b6d41164af2453b668724521fb21e43b84202a820eceeb1a,6a267f7fd877cedd4f70561b63f25cd9c6f9b401471297e997089cd09f61c478,cf55ae70fadd89de4d843b8bd96f83e703a2c98c7f76f49dcc3849877b1b53b7,65523,11,0,0,0,0,0,0,0,0,0,0,0,0,0,2,val,M056,187
1305,7-3-20_18QYG_8,7-3-20_18QYG,2020-03-07,18QYG,8,patches/S2_7-3-20_18QYG/S2_7-3-20_18QYG_8.tif,patches/S2_7-3-20_18QYG/S2_7-3-20_18QYG_8_cl.tif,patches/S2_7-3-20_18QYG/S2_7-3-20_18QYG_8_conf.tif,val,-72.80964248440964,19.216028181266378,EPSG:32618,10.0,10.0,11,float32,,"(1.0, 1.0, 1.0, 1.0, 1.0, 1.0, 1.0, 1.0, 1.0, 1.0, 1.0)","(0.0, 0.0, 0.0, 0.0, 0.0, 0.0, 0.0, 0.0, 0.0, 0.0, 0.0)",729000.0,2124900.0,731560.0,2127460.0,65536,36,65536,36,0,0,0,0,0,0,c130198e0eb8f57393aa8dbcf17e9685661ef8672e6923f0eb82467a69b8c0c6,3fcacff3030a8bbd88faa74d56d16b431a313e18a6255d18af5a802cf6aab51f,d577f2c4ad3eb88ee08a8c9002c8d60e49d14e393cea571e47476db935a2048f,65500,20,0,0,2,0,0,13,0,0,0,0,0,0,0,1,val,M056,188
1230,4-9-19_16PCC_32,4-9-19_16PCC,2019-09-04,16PCC,32,patches/S2_4-9-19_16PCC/S2_4-9-19_16PCC_32.tif,patches/S2_4-9-19_16PCC/S2_4-9-19_16PCC_32_cl.tif,patches/S2_4-9-19_16PCC/S2_4-9-19_16PCC_32_conf.tif,train,-87.93846972528395,15.863666741330189,EPSG:32616,10.0,10.0,11,float32,,"(1.0, 1.0, 1.0, 1.0, 1.0, 1.0, 1.0, 1.0, 1.0, 1.0, 1.0)","(0.0, 0.0, 0.0, 0.0, 0.0, 0.0, 0.0, 0.0, 0.0, 0.0, 0.0)",398240.0,1752800.0,400800.0,1755360.0,65536,18,65536,18,0,0,0,0,0,0,3aa59622165ae0f78f2e555eab1e03873e66222d9730debecfc529eb58a1e9d5,f3fa43f83e0752a138ad857416194a4b794d9dc1346f33b1f83321a27dc40fc5,998b7b43209331a640ca3e57b930d3761c013c80dd60c6cf26fa11d12a8a7c3a,65518,0,0,0,0,0,0,0,0,18,0,0,0,0,0,0,train,M052,189
