sample_id,event_id,measurement_profile,date,report,repetition,day_group,outer_fold,spatial_block
MPL-0197,S2:MSM41_litter-T1,S2_visual_GT2,2015-04-01,broad,0,S2_visual_GT2:2015-04-01,3,1
MPL-0200,S2:MSM41_litter-T5,S2_visual_GT2,2015-04-02,broad,0,S2_visual_GT2:2015-04-02,3,1
MPL-0203,S2:MSM41_litter-T4,S2_visual_GT2,2015-04-02,broad,0,S2_visual_GT2:2015-04-02,3,1
MPL-0209,S2:MSM41_litter-T3,S2_visual_GT2,2015-04-02,broad,0,S2_visual_GT2:2015-04-02,3,1
MPL-0214,S2:MSM41_litter-T2,S2_visual_GT2,2015-04-02,broad,0,S2_visual_GT2:2015-04-02,3,1
MPL-0216,S2:MSM41_litter-T8,S2_visual_GT2,2015-04-03,broad,0,S2_visual_GT2:2015-04-03,0,1
MPL-0220,S2:MSM41_litter-T7,S2_visual_GT2,2015-04-03,broad,0,S2_visual_GT2:2015-04-03,0,1
MPL-0226,S2:MSM41_litter-T6,S2_visual_GT2,2015-04-03,broad,0,S2_visual_GT2:2015-04-03,0,1
MPL-0229,S2:MSM41_litter-T10,S2_visual_GT2,2015-04-04,broad,0,S2_visual_GT2:2015-04-04,2,0
MPL-0233,S2:MSM41_litter-T12,S2_visual_GT2,2015-04-05,broad,0,S2_visual_GT2:2015-04-05,1,0
MPL-0235,S2:MSM41_litter-T11,S2_visual_GT2,2015-04-05,broad,0,S2_visual_GT2:2015-04-05,1,0
MPL-0237,S2:MSM41_litter-T16,S2_visual_GT2,2015-04-06,broad,0,S2_visual_GT2:2015-04-06,0,0
MPL-0241,S2:MSM41_litter-T15,S2_visual_GT2,2015-04-06,broad,0,S2_visual_GT2:2015-04-06,0,0
MPL-0246,S2:MSM41_litter-T14,S2_visual_GT2,2015-04-06,broad,0,S2_visual_GT2:2015-04-06,0,0
MPL-0249,S2:MSM41_litter-T13,S2_visual_GT2,2015-04-06,broad,0,S2_visual_GT2:2015-04-06,0,0
MPL-0254,S2:MSM41_litter-T17,S2_visual_GT2,2015-04-07,broad,0,S2_visual_GT2:2015-04-07,0,0
MPL-0260,S2:MSM41_litter-T18,S2_visual_GT2,2015-04-07,broad,0,S2_visual_GT2:2015-04-07,0,0
MPL-0264,S2:MSM41_litter-T19,S2_visual_GT2,2015-04-08,broad,0,S2_visual_GT2:2015-04-08,0,0
MPL-0267,S2:MSM41_litter-T20,S2_visual_GT2,2015-04-08,broad,0,S2_visual_GT2:2015-04-08,0,0
MPL-0271,S2:MSM41_litter-T21,S2_visual_GT2,2015-04-08,broad,0,S2_visual_GT2:2015-04-08,0,0
MPL-0277,S2:MSM41_litter-T22,S2_visual_GT2,2015-04-09,broad,0,S2_visual_GT2:2015-04-09,0,1
MPL-0283,S2:MSM41_litter-T23,S2_visual_GT2,2015-04-09,broad,0,S2_visual_GT2:2015-04-09,0,1
MPL-0289,S2:MSM41_litter-T24,S2_visual_GT2,2015-04-09,broad,0,S2_visual_GT2:2015-04-09,0,1
MPL-0297,S2:MSM41_litter-T25,S2_visual_GT2,2015-04-10,broad,0,S2_visual_GT2:2015-04-10,4,1
MPL-0302,S2:MSM41_litter-T26,S2_visual_GT2,2015-04-10,broad,0,S2_visual_GT2:2015-04-10,4,1
MPL-0309,S2:MSM41_litter-T27,S2_visual_GT2,2015-04-11,broad,0,S2_visual_GT2:2015-04-11,3,1
MPL-0311,S2:MSM41_litter-T29,S2_visual_GT2,2015-04-11,broad,0,S2_visual_GT2:2015-04-11,3,1
MPL-0320,S2:MSM41_litter-T28,S2_visual_GT2,2015-04-11,broad,0,S2_visual_GT2:2015-04-11,3,1
MPL-0329,S2:MSM41_litter-T32,S2_visual_GT2,2015-04-12,broad,0,S2_visual_GT2:2015-04-12,2,1
MPL-0336,S2:MSM41_litter-T31,S2_visual_GT2,2015-04-12,broad,0,S2_visual_GT2:2015-04-12,2,1
MPL-0342,S2:MSM41_litter-T30,S2_visual_GT2,2015-04-12,broad,0,S2_visual_GT2:2015-04-12,2,1
MPL-0346,S2:MSM41_litter-T34,S2_visual_GT2,2015-04-13,broad,0,S2_visual_GT2:2015-04-13,1,4
MPL-0351,S2:MSM41_litter-T33,S2_visual_GT2,2015-04-13,broad,0,S2_visual_GT2:2015-04-13,1,4
MPL-0354,S2:MSM41_litter-T37,S2_visual_GT2,2015-04-14,broad,0,S2_visual_GT2:2015-04-14,4,4
MPL-0358,S2:MSM41_litter-T35,S2_visual_GT2,2015-04-14,broad,0,S2_visual_GT2:2015-04-14,4,4
MPL-0361,S2:MSM41_litter-T38,S2_visual_GT2,2015-04-15,broad,0,S2_visual_GT2:2015-04-15,3,4
MPL-0364,S2:MSM41_litter-T40,S2_visual_GT2,2015-04-16,broad,0,S2_visual_GT2:2015-04-16,1,4
MPL-0367,S2:MSM41_litter-T39,S2_visual_GT2,2015-04-16,broad,0,S2_visual_GT2:2015-04-16,1,4
MPL-0371,S2:MSM41_litter-T41,S2_visual_GT2,2015-04-17,broad,0,S2_visual_GT2:2015-04-17,1,2
MPL-0375,S2:MSM41_litter-T42,S2_visual_GT2,2015-04-17,broad,0,S2_visual_GT2:2015-04-17,1,2
MPL-0378,S2:MSM41_litter-T43,S2_visual_GT2,2015-04-18,broad,0,S2_visual_GT2:2015-04-18,4,2
MPL-0382,S2:MSM41_litter-T44,S2_visual_GT2,2015-04-18,broad,0,S2_visual_GT2:2015-04-18,4,2
MPL-0385,S2:MSM41_litter-T45,S2_visual_GT2,2015-04-18,broad,0,S2_visual_GT2:2015-04-18,4,2
MPL-0389,S2:MSM41_litter-T46,S2_visual_GT2,2015-04-19,broad,0,S2_visual_GT2:2015-04-19,1,2
MPL-0397,S2:MSM41_litter-T47,S2_visual_GT2,2015-04-19,broad,0,S2_visual_GT2:2015-04-19,1,2
MPL-0401,S2:MSM41_litter-T48,S2_visual_GT2,2015-04-20,broad,0,S2_visual_GT2:2015-04-20,0,3
MPL-0409,S2:MSM41_litter-T49,S2_visual_GT2,2015-04-20,broad,0,S2_visual_GT2:2015-04-20,0,3
MPL-0417,S2:MSM41_litter-T50,S2_visual_GT2,2015-04-20,broad,0,S2_visual_GT2:2015-04-20,0,3
MPL-0421,S2:MSM41_litter-T51,S2_visual_GT2,2015-04-21,broad,0,S2_visual_GT2:2015-04-21,3,3
MPL-0425,S2:MSM41_litter-T52,S2_visual_GT2,2015-04-21,broad,0,S2_visual_GT2:2015-04-21,3,3
MPL-0430,S2:MSM41_litter-T53,S2_visual_GT2,2015-04-22,broad,0,S2_visual_GT2:2015-04-22,2,3
MPL-0443,S2:MSM41_litter-T54,S2_visual_GT2,2015-04-22,broad,0,S2_visual_GT2:2015-04-22,2,3
MPL-0455,S2:MSM41_litter-T55,S2_visual_GT2,2015-04-22,broad,0,S2_visual_GT2:2015-04-22,2,3
MPL-0460,S2:MSM41_litter-T56,S2_visual_GT2,2015-04-22,broad,0,S2_visual_GT2:2015-04-22,2,3
MPL-0472,S2:MSM41_litter-T58,S2_visual_GT2,2015-04-23,broad,0,S2_visual_GT2:2015-04-23,4,3
MPL-0484,S2:MSM41_litter-T57,S2_visual_GT2,2015-04-23,broad,0,S2_visual_GT2:2015-04-23,4,3
MPL-0494,S2:MSM41_litter-T60,S2_visual_GT2,2015-04-24,broad,0,S2_visual_GT2:2015-04-24,2,3
MPL-0499,S2:MSM41_litter-T59,S2_visual_GT2,2015-04-24,broad,0,S2_visual_GT2:2015-04-24,2,3
MPL-0504,S2:MSM41_litter-T62,S2_visual_GT2,2015-04-25,broad,0,S2_visual_GT2:2015-04-25,4,2
MPL-0507,S2:MSM41_litter-T61,S2_visual_GT2,2015-04-25,broad,0,S2_visual_GT2:2015-04-25,4,2
MPL-0513,S2:MSM41_litter-T65,S2_visual_GT2,2015-04-26,broad,0,S2_visual_GT2:2015-04-26,2,2
MPL-0518,S2:MSM41_litter-T64,S2_visual_GT2,2015-04-26,broad,0,S2_visual_GT2:2015-04-26,2,2
MPL-0523,S2:MSM41_litter-T63,S2_visual_GT2,2015-04-26,broad,0,S2_visual_GT2:2015-04-26,2,2
MPL-0197,S2:MSM41_litter-T1,S2_visual_GT2,2015-04-01,broad,1,S2_visual_GT2:2015-04-01,1,1
MPL-0200,S2:MSM41_litter-T5,S2_visual_GT2,2015-04-02,broad,1,S2_visual_GT2:2015-04-02,0,1
MPL-0203,S2:MSM41_litter-T4,S2_visual_GT2,2015-04-02,broad,1,S2_visual_GT2:2015-04-02,0,1
MPL-0209,S2:MSM41_litter-T3,S2_visual_GT2,2015-04-02,broad,1,S2_visual_GT2:2015-04-02,0,1
MPL-0214,S2:MSM41_litter-T2,S2_visual_GT2,2015-04-02,broad,1,S2_visual_GT2:2015-04-02,0,1
MPL-0216,S2:MSM41_litter-T8,S2_visual_GT2,2015-04-03,broad,1,S2_visual_GT2:2015-04-03,2,1
MPL-0220,S2:MSM41_litter-T7,S2_visual_GT2,2015-04-03,broad,1,S2_visual_GT2:2015-04-03,2,1
MPL-0226,S2:MSM41_litter-T6,S2_visual_GT2,2015-04-03,broad,1,S2_visual_GT2:2015-04-03,2,1
MPL-0229,S2:MSM41_litter-T10,S2_visual_GT2,2015-04-04,broad,1,S2_visual_GT2:2015-04-04,3,0
MPL-0233,S2:MSM41_litter-T12,S2_visual_GT2,2015-04-05,broad,1,S2_visual_GT2:2015-04-05,3,0
MPL-0235,S2:MSM41_litter-T11,S2_visual_GT2,2015-04-05,broad,1,S2_visual_GT2:2015-04-05,3,0
MPL-0237,S2:MSM41_litter-T16,S2_visual_GT2,2015-04-06,broad,1,S2_visual_GT2:2015-04-06,0,0
MPL-0241,S2:MSM41_litter-T15,S2_visual_GT2,2015-04-06,broad,1,S2_visual_GT2:2015-04-06,0,0
MPL-0246,S2:MSM41_litter-T14,S2_visual_GT2,2015-04-06,broad,1,S2_visual_GT2:2015-04-06,0,0
MPL-0249,S2:MSM41_litter-T13,S2_visual_GT2,2015-04-06,broad,1,S2_visual_GT2:2015-04-06,0,0
MPL-0254,S2:MSM41_litter-T17,S2_visual_GT2,2015-04-07,broad,1,S2_visual_GT2:2015-04-07,0,0
MPL-0260,S2:MSM41_litter-T18,S2_visual_GT2,2015-04-07,broad,1,S2_visual_GT2:2015-04-07,0,0
MPL-0264,S2:MSM41_litter-T19,S2_visual_GT2,2015-04-08,broad,1,S2_visual_GT2:2015-04-08,0,0
MPL-0267,S2:MSM41_litter-T20,S2_visual_GT2,2015-04-08,broad,1,S2_visual_GT2:2015-04-08,0,0
MPL-0271,S2:MSM41_litter-T21,S2_visual_GT2,2015-04-08,broad,1,S2_visual_GT2:2015-04-08,0,0
MPL-0277,S2:MSM41_litter-T22,S2_visual_GT2,2015-04-09,broad,1,S2_visual_GT2:2015-04-09,4,1
MPL-0283,S2:MSM41_litter-T23,S2_visual_GT2,2015-04-09,broad,1,S2_visual_GT2:2015-04-09,4,1
MPL-0289,S2:MSM41_litter-T24,S2_visual_GT2,2015-04-09,broad,1,S2_visual_GT2:2015-04-09,4,1
MPL-0297,S2:MSM41_litter-T25,S2_visual_GT2,2015-04-10,broad,1,S2_visual_GT2:2015-04-10,2,1
MPL-0302,S2:MSM41_litter-T26,S2_visual_GT2,2015-04-10,broad,1,S2_visual_GT2:2015-04-10,2,1
MPL-0309,S2:MSM41_litter-T27,S2_visual_GT2,2015-04-11,broad,1,S2_visual_GT2:2015-04-11,2,1
MPL-0311,S2:MSM41_litter-T29,S2_visual_GT2,2015-04-11,broad,1,S2_visual_GT2:2015-04-11,2,1
MPL-0320,S2:MSM41_litter-T28,S2_visual_GT2,2015-04-11,broad,1,S2_visual_GT2:2015-04-11,2,1
MPL-0329,S2:MSM41_litter-T32,S2_visual_GT2,2015-04-12,broad,1,S2_visual_GT2:2015-04-12,0,1
MPL-0336,S2:MSM41_litter-T31,S2_visual_GT2,2015-04-12,broad,1,S2_visual_GT2:2015-04-12,0,1
MPL-0342,S2:MSM41_litter-T30,S2_visual_GT2,2015-04-12,broad,1,S2_visual_GT2:2015-04-12,0,1
MPL-0346,S2:MSM41_litter-T34,S2_visual_GT2,2015-04-13,broad,1,S2_visual_GT2:2015-04-13,1,4
MPL-0351,S2:MSM41_litter-T33,S2_visual_GT2,2015-04-13,broad,1,S2_visual_GT2:2015-04-13,1,4
MPL-0354,S2:MSM41_litter-T37,S2_visual_GT2,2015-04-14,broad,1,S2_visual_GT2:2015-04-14,1,4
MPL-0358,S2:MSM41_litter-T35,S2_visual_GT2,2015-04-14,broad,1,S2_visual_GT2:2015-04-14,1,4
MPL-0361,S2:MSM41_litter-T38,S2_visual_GT2,2015-04-15,broad,1,S2_visual_GT2:2015-04-15,4,4
MPL-0364,S2:MSM41_litter-T40,S2_visual_GT2,2015-04-16,broad,1,S2_visual_GT2:2015-04-16,0,4
MPL-0367,S2:MSM41_litter-T39,S2_visual_GT2,2015-04-16,broad,1,S2_visual_GT2:2015-04-16,0,4
MPL-0371,S2:MSM41_litter-T41,S2_visual_GT2,2015-04-17,broad,1,S2_visual_GT2:2015-04-17,3,2
MPL-0375,S2:MSM41_litter-T42,S2_visual_GT2,2015-04-17,broad,1,S2_visual_GT2:2015-04-17,3,2
MPL-0378,S2:MSM41_litter-T43,S2_visual_GT2,2015-04-18,broad,1,S2_visual_GT2:2015-04-18,2,2
MPL-0382,S2:MSM41_litter-T44,S2_visual_GT2,2015-04-18,broad,1,S2_visual_GT2:2015-04-18,2,2
MPL-0385,S2:MSM41_litter-T45,S2_visual_GT2,2015-04-18,broad,1,S2_visual_GT2:2015-04-18,2,2
MPL-0389,S2:MSM41_litter-T46,S2_visual_GT2,2015-04-19,broad,1,S2_visual_GT2:2015-04-19,4,2
MPL-0397,S2:MSM41_litter-T47,S2_visual_GT2,2015-04-19,broad,1,S2_visual_GT2:2015-04-19,4,2
MPL-0401,S2:MSM41_litter-T48,S2_visual_GT2,2015-04-20,broad,1,S2_visual_GT2:2015-04-20,1,3
MPL-0409,S2:MSM41_litter-T49,S2_visual_GT2,2015-04-20,broad,1,S2_visual_GT2:2015-04-20,1,3
MPL-0417,S2:MSM41_litter-T50,S2_visual_GT2,2015-04-20,broad,1,S2_visual_GT2:2015-04-20,1,3
MPL-0421,S2:MSM41_litter-T51,S2_visual_GT2,2015-04-21,broad,1,S2_visual_GT2:2015-04-21,3,3
MPL-0425,S2:MSM41_litter-T52,S2_visual_GT2,2015-04-21,broad,1,S2_visual_GT2:2015-04-21,3,3
MPL-0430,S2:MSM41_litter-T53,S2_visual_GT2,2015-04-22,broad,1,S2_visual_GT2:2015-04-22,3,3
MPL-0443,S2:MSM41_litter-T54,S2_visual_GT2,2015-04-22,broad,1,S2_visual_GT2:2015-04-22,3,3
MPL-0455,S2:MSM41_litter-T55,S2_visual_GT2,2015-04-22,broad,1,S2_visual_GT2:2015-04-22,3,3
MPL-0460,S2:MSM41_litter-T56,S2_visual_GT2,2015-04-22,broad,1,S2_visual_GT2:2015-04-22,3,3
MPL-0472,S2:MSM41_litter-T58,S2_visual_GT2,2015-04-23,broad,1,S2_visual_GT2:2015-04-23,4,3
MPL-0484,S2:MSM41_litter-T57,S2_visual_GT2,2015-04-23,broad,1,S2_visual_GT2:2015-04-23,4,3
MPL-0494,S2:MSM41_litter-T60,S2_visual_GT2,2015-04-24,broad,1,S2_visual_GT2:2015-04-24,4,3
MPL-0499,S2:MSM41_litter-T59,S2_visual_GT2,2015-04-24,broad,1,S2_visual_GT2:2015-04-24,4,3
MPL-0504,S2:MSM41_litter-T62,S2_visual_GT2,2015-04-25,broad,1,S2_visual_GT2:2015-04-25,2,2
MPL-0507,S2:MSM41_litter-T61,S2_visual_GT2,2015-04-25,broad,1,S2_visual_GT2:2015-04-25,2,2
MPL-0513,S2:MSM41_litter-T65,S2_visual_GT2,2015-04-26,broad,1,S2_visual_GT2:2015-04-26,1,2
MPL-0518,S2:MSM41_litter-T64,S2_visual_GT2,2015-04-26,broad,1,S2_visual_GT2:2015-04-26,1,2
MPL-0523,S2:MSM41_litter-T63,S2_visual_GT2,2015-04-26,broad,1,S2_visual_GT2:2015-04-26,1,2
MPL-0197,S2:MSM41_litter-T1,S2_visual_GT2,2015-04-01,broad,2,S2_visual_GT2:2015-04-01,2,1
MPL-0200,S2:MSM41_litter-T5,S2_visual_GT2,2015-04-02,broad,2,S2_visual_GT2:2015-04-02,1,1
MPL-0203,S2:MSM41_litter-T4,S2_visual_GT2,2015-04-02,broad,2,S2_visual_GT2:2015-04-02,1,1
MPL-0209,S2:MSM41_litter-T3,S2_visual_GT2,2015-04-02,broad,2,S2_visual_GT2:2015-04-02,1,1
MPL-0214,S2:MSM41_litter-T2,S2_visual_GT2,2015-04-02,broad,2,S2_visual_GT2:2015-04-02,1,1
MPL-0216,S2:MSM41_litter-T8,S2_visual_GT2,2015-04-03,broad,2,S2_visual_GT2:2015-04-03,2,1
MPL-0220,S2:MSM41_litter-T7,S2_visual_GT2,2015-04-03,broad,2,S2_visual_GT2:2015-04-03,2,1
MPL-0226,S2:MSM41_litter-T6,S2_visual_GT2,2015-04-03,broad,2,S2_visual_GT2:2015-04-03,2,1
MPL-0229,S2:MSM41_litter-T10,S2_visual_GT2,2015-04-04,broad,2,S2_visual_GT2:2015-04-04,3,0
MPL-0233,S2:MSM41_litter-T12,S2_visual_GT2,2015-04-05,broad,2,S2_visual_GT2:2015-04-05,0,0
MPL-0235,S2:MSM41_litter-T11,S2_visual_GT2,2015-04-05,broad,2,S2_visual_GT2:2015-04-05,0,0
MPL-0237,S2:MSM41_litter-T16,S2_visual_GT2,2015-04-06,broad,2,S2_visual_GT2:2015-04-06,2,0
MPL-0241,S2:MSM41_litter-T15,S2_visual_GT2,2015-04-06,broad,2,S2_visual_GT2:2015-04-06,2,0
MPL-0246,S2:MSM41_litter-T14,S2_visual_GT2,2015-04-06,broad,2,S2_visual_GT2:2015-04-06,2,0
MPL-0249,S2:MSM41_litter-T13,S2_visual_GT2,2015-04-06,broad,2,S2_visual_GT2:2015-04-06,2,0
MPL-0254,S2:MSM41_litter-T17,S2_visual_GT2,2015-04-07,broad,2,S2_visual_GT2:2015-04-07,4,0
MPL-0260,S2:MSM41_litter-T18,S2_visual_GT2,2015-04-07,broad,2,S2_visual_GT2:2015-04-07,4,0
MPL-0264,S2:MSM41_litter-T19,S2_visual_GT2,2015-04-08,broad,2,S2_visual_GT2:2015-04-08,2,0
MPL-0267,S2:MSM41_litter-T20,S2_visual_GT2,2015-04-08,broad,2,S2_visual_GT2:2015-04-08,2,0
MPL-0271,S2:MSM41_litter-T21,S2_visual_GT2,2015-04-08,broad,2,S2_visual_GT2:2015-04-08,2,0
MPL-0277,S2:MSM41_litter-T22,S2_visual_GT2,2015-04-09,broad,2,S2_visual_GT2:2015-04-09,0,1
MPL-0283,S2:MSM41_litter-T23,S2_visual_GT2,2015-04-09,broad,2,S2_visual_GT2:2015-04-09,0,1
MPL-0289,S2:MSM41_litter-T24,S2_visual_GT2,2015-04-09,broad,2,S2_visual_GT2:2015-04-09,0,1
MPL-0297,S2:MSM41_litter-T25,S2_visual_GT2,2015-04-10,broad,2,S2_visual_GT2:2015-04-10,3,1
MPL-0302,S2:MSM41_litter-T26,S2_visual_GT2,2015-04-10,broad,2,S2_visual_GT2:2015-04-10,3,1
MPL-0309,S2:MSM41_litter-T27,S2_visual_GT2,2015-04-11,broad,2,S2_visual_GT2:2015-04-11,0,1
MPL-0311,S2:MSM41_litter-T29,S2_visual_GT2,2015-04-11,broad,2,S2_visual_GT2:2015-04-11,0,1
MPL-0320,S2:MSM41_litter-T28,S2_visual_GT2,2015-04-11,broad,2,S2_visual_GT2:2015-04-11,0,1
MPL-0329,S2:MSM41_litter-T32,S2_visual_GT2,2015-04-12,broad,2,S2_visual_GT2:2015-04-12,0,1
MPL-0336,S2:MSM41_litter-T31,S2_visual_GT2,2015-04-12,broad,2,S2_visual_GT2:2015-04-12,0,1
MPL-0342,S2:MSM41_litter-T30,S2_visual_GT2,2015-04-12,broad,2,S2_visual_GT2:2015-04-12,0,1
MPL-0346,S2:MSM41_litter-T34,S2_visual_GT2,2015-04-13,broad,2,S2_visual_GT2:2015-04-13,0,4
MPL-0351,S2:MSM41_litter-T33,S2_visual_GT2,2015-04-13,broad,2,S2_visual_GT2:2015-04-13,0,4
MPL-0354,S2:MSM41_litter-T37,S2_visual_GT2,2015-04-14,broad,2,S2_visual_GT2:2015-04-14,3,4
MPL-0358,S2:MSM41_litter-T35,S2_visual_GT2,2015-04-14,broad,2,S2_visual_GT2:2015-04-14,3,4
MPL-0361,S2:MSM41_litter-T38,S2_visual_GT2,2015-04-15,broad,2,S2_visual_GT2:2015-04-15,1,4
MPL-0364,S2:MSM41_litter-T40,S2_visual_GT2,2015-04-16,broad,2,S2_visual_GT2:2015-04-16,4,4
MPL-0367,S2:MSM41_litter-T39,S2_visual_GT2,2015-04-16,broad,2,S2_visual_GT2:2015-04-16,4,4
MPL-0371,S2:MSM41_litter-T41,S2_visual_GT2,2015-04-17,broad,2,S2_visual_GT2:2015-04-17,2,2
MPL-0375,S2:MSM41_litter-T42,S2_visual_GT2,2015-04-17,broad,2,S2_visual_GT2:2015-04-17,2,2
MPL-0378,S2:MSM41_litter-T43,S2_visual_GT2,2015-04-18,broad,2,S2_visual_GT2:2015-04-18,4,2
MPL-0382,S2:MSM41_litter-T44,S2_visual_GT2,2015-04-18,broad,2,S2_visual_GT2:2015-04-18,4,2
MPL-0385,S2:MSM41_litter-T45,S2_visual_GT2,2015-04-18,broad,2,S2_visual_GT2:2015-04-18,4,2
MPL-0389,S2:MSM41_litter-T46,S2_visual_GT2,2015-04-19,broad,2,S2_visual_GT2:2015-04-19,1,2
MPL-0397,S2:MSM41_litter-T47,S2_visual_GT2,2015-04-19,broad,2,S2_visual_GT2:2015-04-19,1,2
MPL-0401,S2:MSM41_litter-T48,S2_visual_GT2,2015-04-20,broad,2,S2_visual_GT2:2015-04-20,3,3
MPL-0409,S2:MSM41_litter-T49,S2_visual_GT2,2015-04-20,broad,2,S2_visual_GT2:2015-04-20,3,3
MPL-0417,S2:MSM41_litter-T50,S2_visual_GT2,2015-04-20,broad,2,S2_visual_GT2:2015-04-20,3,3
MPL-0421,S2:MSM41_litter-T51,S2_visual_GT2,2015-04-21,broad,2,S2_visual_GT2:2015-04-21,1,3
MPL-0425,S2:MSM41_litter-T52,S2_visual_GT2,2015-04-21,broad,2,S2_visual_GT2:2015-04-21,1,3
MPL-0430,S2:MSM41_litter-T53,S2_visual_GT2,2015-04-22,broad,2,S2_visual_GT2:2015-04-22,4,3
MPL-0443,S2:MSM41_litter-T54,S2_visual_GT2,2015-04-22,broad,2,S2_visual_GT2:2015-04-22,4,3
MPL-0455,S2:MSM41_litter-T55,S2_visual_GT2,2015-04-22,broad,2,S2_visual_GT2:2015-04-22,4,3
MPL-0460,S2:MSM41_litter-T56,S2_visual_GT2,2015-04-22,broad,2,S2_visual_GT2:2015-04-22,4,3
MPL-0472,S2:MSM41_litter-T58,S2_visual_GT2,2015-04-23,broad,2,S2_visual_GT2:2015-04-23,4,3
MPL-0484,S2:MSM41_litter-T57,S2_visual_GT2,2015-04-23,broad,2,S2_visual_GT2:2015-04-23,4,3
MPL-0494,S2:MSM41_litter-T60,S2_visual_GT2,2015-04-24,broad,2,S2_visual_GT2:2015-04-24,1,3
MPL-0499,S2:MSM41_litter-T59,S2_visual_GT2,2015-04-24,broad,2,S2_visual_GT2:2015-04-24,1,3
MPL-0504,S2:MSM41_litter-T62,S2_visual_GT2,2015-04-25,broad,2,S2_visual_GT2:2015-04-25,3,2
MPL-0507,S2:MSM41_litter-T61,S2_visual_GT2,2015-04-25,broad,2,S2_visual_GT2:2015-04-25,3,2
MPL-0513,S2:MSM41_litter-T65,S2_visual_GT2,2015-04-26,broad,2,S2_visual_GT2:2015-04-26,0,2
MPL-0518,S2:MSM41_litter-T64,S2_visual_GT2,2015-04-26,broad,2,S2_visual_GT2:2015-04-26,0,2
MPL-0523,S2:MSM41_litter-T63,S2_visual_GT2,2015-04-26,broad,2,S2_visual_GT2:2015-04-26,0,2
MPL-0197,S2:MSM41_litter-T1,S2_visual_GT2,2015-04-01,broad,3,S2_visual_GT2:2015-04-01,3,1
MPL-0200,S2:MSM41_litter-T5,S2_visual_GT2,2015-04-02,broad,3,S2_visual_GT2:2015-04-02,4,1
MPL-0203,S2:MSM41_litter-T4,S2_visual_GT2,2015-04-02,broad,3,S2_visual_GT2:2015-04-02,4,1
MPL-0209,S2:MSM41_litter-T3,S2_visual_GT2,2015-04-02,broad,3,S2_visual_GT2:2015-04-02,4,1
MPL-0214,S2:MSM41_litter-T2,S2_visual_GT2,2015-04-02,broad,3,S2_visual_GT2:2015-04-02,4,1
MPL-0216,S2:MSM41_litter-T8,S2_visual_GT2,2015-04-03,broad,3,S2_visual_GT2:2015-04-03,4,1
MPL-0220,S2:MSM41_litter-T7,S2_visual_GT2,2015-04-03,broad,3,S2_visual_GT2:2015-04-03,4,1
MPL-0226,S2:MSM41_litter-T6,S2_visual_GT2,2015-04-03,broad,3,S2_visual_GT2:2015-04-03,4,1
MPL-0229,S2:MSM41_litter-T10,S2_visual_GT2,2015-04-04,broad,3,S2_visual_GT2:2015-04-04,0,0
MPL-0233,S2:MSM41_litter-T12,S2_visual_GT2,2015-04-05,broad,3,S2_visual_GT2:2015-04-05,4,0
MPL-0235,S2:MSM41_litter-T11,S2_visual_GT2,2015-04-05,broad,3,S2_visual_GT2:2015-04-05,4,0
MPL-0237,S2:MSM41_litter-T16,S2_visual_GT2,2015-04-06,broad,3,S2_visual_GT2:2015-04-06,0,0
MPL-0241,S2:MSM41_litter-T15,S2_visual_GT2,2015-04-06,broad,3,S2_visual_GT2:2015-04-06,0,0
MPL-0246,S2:MSM41_litter-T14,S2_visual_GT2,2015-04-06,broad,3,S2_visual_GT2:2015-04-06,0,0
MPL-0249,S2:MSM41_litter-T13,S2_visual_GT2,2015-04-06,broad,3,S2_visual_GT2:2015-04-06,0,0
MPL-0254,S2:MSM41_litter-T17,S2_visual_GT2,2015-04-07,broad,3,S2_visual_GT2:2015-04-07,0,0
MPL-0260,S2:MSM41_litter-T18,S2_visual_GT2,2015-04-07,broad,3,S2_visual_GT2:2015-04-07,0,0
MPL-0264,S2:MSM41_litter-T19,S2_visual_GT2,2015-04-08,broad,3,S2_visual_GT2:2015-04-08,2,0
MPL-0267,S2:MSM41_litter-T20,S2_visual_GT2,2015-04-08,broad,3,S2_visual_GT2:2015-04-08,2,0
MPL-0271,S2:MSM41_litter-T21,S2_visual_GT2,2015-04-08,broad,3,S2_visual_GT2:2015-04-08,2,0
MPL-0277,S2:MSM41_litter-T22,S2_visual_GT2,2015-04-09,broad,3,S2_visual_GT2:2015-04-09,3,1
MPL-0283,S2:MSM41_litter-T23,S2_visual_GT2,2015-04-09,broad,3,S2_visual_GT2:2015-04-09,3,1
MPL-0289,S2:MSM41_litter-T24,S2_visual_GT2,2015-04-09,broad,3,S2_visual_GT2:2015-04-09,3,1
MPL-0297,S2:MSM41_litter-T25,S2_visual_GT2,2015-04-10,broad,3,S2_visual_GT2:2015-04-10,2,1
MPL-0302,S2:MSM41_litter-T26,S2_visual_GT2,2015-04-10,broad,3,S2_visual_GT2:2015-04-10,2,1
MPL-0309,S2:MSM41_litter-T27,S2_visual_GT2,2015-04-11,broad,3,S2_visual_GT2:2015-04-11,1,1
MPL-0311,S2:MSM41_litter-T29,S2_visual_GT2,2015-04-11,broad,3,S2_visual_GT2:2015-04-11,1,1
MPL-0320,S2:MSM41_litter-T28,S2_visual_GT2,2015-04-11,broad,3,S2_visual_GT2:2015-04-11,1,1
MPL-0329,S2:MSM41_litter-T32,S2_visual_GT2,2015-04-12,broad,3,S2_visual_GT2:2015-04-12,3,1
MPL-0336,S2:MSM41_litter-T31,S2_visual_GT2,2015-04-12,broad,3,S2_visual_GT2:2015-04-12,3,1
MPL-0342,S2:MSM41_litter-T30,S2_visual_GT2,2015-04-12,broad,3,S2_visual_GT2:2015-04-12,3,1
MPL-0346,S2:MSM41_litter-T34,S2_visual_GT2,2015-04-13,broad,3,S2_visual_GT2:2015-04-13,4,4
MPL-0351,S2:MSM41_litter-T33,S2_visual_GT2,2015-04-13,broad,3,S2_visual_GT2:2015-04-13,4,4
MPL-0354,S2:MSM41_litter-T37,S2_visual_GT2,2015-04-14,broad,3,S2_visual_GT2:2015-04-14,1,4
MPL-0358,S2:MSM41_litter-T35,S2_visual_GT2,2015-04-14,broad,3,S2_visual_GT2:2015-04-14,1,4
MPL-0361,S2:MSM41_litter-T38,S2_visual_GT2,2015-04-15,broad,3,S2_visual_GT2:2015-04-15,3,4
MPL-0364,S2:MSM41_litter-T40,S2_visual_GT2,2015-04-16,broad,3,S2_visual_GT2:2015-04-16,1,4
MPL-0367,S2:MSM41_litter-T39,S2_visual_GT2,2015-04-16,broad,3,S2_visual_GT2:2015-04-16,1,4
MPL-0371,S2:MSM41_litter-T41,S2_visual_GT2,2015-04-17,broad,3,S2_visual_GT2:2015-04-17,2,2
MPL-0375,S2:MSM41_litter-T42,S2_visual_GT2,2015-04-17,broad,3,S2_visual_GT2:2015-04-17,2,2
MPL-0378,S2:MSM41_litter-T43,S2_visual_GT2,2015-04-18,broad,3,S2_visual_GT2:2015-04-18,0,2
MPL-0382,S2:MSM41_litter-T44,S2_visual_GT2,2015-04-18,broad,3,S2_visual_GT2:2015-04-18,0,2
MPL-0385,S2:MSM41_litter-T45,S2_visual_GT2,2015-04-18,broad,3,S2_visual_GT2:2015-04-18,0,2
MPL-0389,S2:MSM41_litter-T46,S2_visual_GT2,2015-04-19,broad,3,S2_visual_GT2:2015-04-19,3,2
MPL-0397,S2:MSM41_litter-T47,S2_visual_GT2,2015-04-19,broad,3,S2_visual_GT2:2015-04-19,3,2
MPL-0401,S2:MSM41_litter-T48,S2_visual_GT2,2015-04-20,broad,3,S2_visual_GT2:2015-04-20,0,3
MPL-0409,S2:MSM41_litter-T49,S2_visual_GT2,2015-04-20,broad,3,S2_visual_GT2:2015-04-20,0,3
MPL-0417,S2:MSM41_litter-T50,S2_visual_GT2,2015-04-20,broad,3,S2_visual_GT2:2015-04-20,0,3
MPL-0421,S2:MSM41_litter-T51,S2_visual_GT2,2015-04-21,broad,3,S2_visual_GT2:2015-04-21,0,3
MPL-0425,S2:MSM41_litter-T52,S2_visual_GT2,2015-04-21,broad,3,S2_visual_GT2:2015-04-21,0,3
MPL-0430,S2:MSM41_litter-T53,S2_visual_GT2,2015-04-22,broad,3,S2_visual_GT2:2015-04-22,4,3
MPL-0443,S2:MSM41_litter-T54,S2_visual_GT2,2015-04-22,broad,3,S2_visual_GT2:2015-04-22,4,3
MPL-0455,S2:MSM41_litter-T55,S2_visual_GT2,2015-04-22,broad,3,S2_visual_GT2:2015-04-22,4,3
MPL-0460,S2:MSM41_litter-T56,S2_visual_GT2,2015-04-22,broad,3,S2_visual_GT2:2015-04-22,4,3
MPL-0472,S2:MSM41_litter-T58,S2_visual_GT2,2015-04-23,broad,3,S2_visual_GT2:2015-04-23,1,3
MPL-0484,S2:MSM41_litter-T57,S2_visual_GT2,2015-04-23,broad,3,S2_visual_GT2:2015-04-23,1,3
MPL-0494,S2:MSM41_litter-T60,S2_visual_GT2,2015-04-24,broad,3,S2_visual_GT2:2015-04-24,1,3
MPL-0499,S2:MSM41_litter-T59,S2_visual_GT2,2015-04-24,broad,3,S2_visual_GT2:2015-04-24,1,3
MPL-0504,S2:MSM41_litter-T62,S2_visual_GT2,2015-04-25,broad,3,S2_visual_GT2:2015-04-25,2,2
MPL-0507,S2:MSM41_litter-T61,S2_visual_GT2,2015-04-25,broad,3,S2_visual_GT2:2015-04-25,2,2
MPL-0513,S2:MSM41_litter-T65,S2_visual_GT2,2015-04-26,broad,3,S2_visual_GT2:2015-04-26,2,2
MPL-0518,S2:MSM41_litter-T64,S2_visual_GT2,2015-04-26,broad,3,S2_visual_GT2:2015-04-26,2,2
MPL-0523,S2:MSM41_litter-T63,S2_visual_GT2,2015-04-26,broad,3,S2_visual_GT2:2015-04-26,2,2
MPL-0197,S2:MSM41_litter-T1,S2_visual_GT2,2015-04-01,broad,4,S2_visual_GT2:2015-04-01,3,1
MPL-0200,S2:MSM41_litter-T5,S2_visual_GT2,2015-04-02,broad,4,S2_visual_GT2:2015-04-02,3,1
MPL-0203,S2:MSM41_litter-T4,S2_visual_GT2,2015-04-02,broad,4,S2_visual_GT2:2015-04-02,3,1
MPL-0209,S2:MSM41_litter-T3,S2_visual_GT2,2015-04-02,broad,4,S2_visual_GT2:2015-04-02,3,1
MPL-0214,S2:MSM41_litter-T2,S2_visual_GT2,2015-04-02,broad,4,S2_visual_GT2:2015-04-02,3,1
MPL-0216,S2:MSM41_litter-T8,S2_visual_GT2,2015-04-03,broad,4,S2_visual_GT2:2015-04-03,0,1
MPL-0220,S2:MSM41_litter-T7,S2_visual_GT2,2015-04-03,broad,4,S2_visual_GT2:2015-04-03,0,1
MPL-0226,S2:MSM41_litter-T6,S2_visual_GT2,2015-04-03,broad,4,S2_visual_GT2:2015-04-03,0,1
MPL-0229,S2:MSM41_litter-T10,S2_visual_GT2,2015-04-04,broad,4,S2_visual_GT2:2015-04-04,1,0
MPL-0233,S2:MSM41_litter-T12,S2_visual_GT2,2015-04-05,broad,4,S2_visual_GT2:2015-04-05,3,0
MPL-0235,S2:MSM41_litter-T11,S2_visual_GT2,2015-04-05,broad,4,S2_visual_GT2:2015-04-05,3,0
MPL-0237,S2:MSM41_litter-T16,S2_visual_GT2,2015-04-06,broad,4,S2_visual_GT2:2015-04-06,4,0
MPL-0241,S2:MSM41_litter-T15,S2_visual_GT2,2015-04-06,broad,4,S2_visual_GT2:2015-04-06,4,0
MPL-0246,S2:MSM41_litter-T14,S2_visual_GT2,2015-04-06,broad,4,S2_visual_GT2:2015-04-06,4,0
MPL-0249,S2:MSM41_litter-T13,S2_visual_GT2,2015-04-06,broad,4,S2_visual_GT2:2015-04-06,4,0
MPL-0254,S2:MSM41_litter-T17,S2_visual_GT2,2015-04-07,broad,4,S2_visual_GT2:2015-04-07,1,0
MPL-0260,S2:MSM41_litter-T18,S2_visual_GT2,2015-04-07,broad,4,S2_visual_GT2:2015-04-07,1,0
MPL-0264,S2:MSM41_litter-T19,S2_visual_GT2,2015-04-08,broad,4,S2_visual_GT2:2015-04-08,2,0
MPL-0267,S2:MSM41_litter-T20,S2_visual_GT2,2015-04-08,broad,4,S2_visual_GT2:2015-04-08,2,0
MPL-0271,S2:MSM41_litter-T21,S2_visual_GT2,2015-04-08,broad,4,S2_visual_GT2:2015-04-08,2,0
MPL-0277,S2:MSM41_litter-T22,S2_visual_GT2,2015-04-09,broad,4,S2_visual_GT2:2015-04-09,4,1
MPL-0283,S2:MSM41_litter-T23,S2_visual_GT2,2015-04-09,broad,4,S2_visual_GT2:2015-04-09,4,1
MPL-0289,S2:MSM41_litter-T24,S2_visual_GT2,2015-04-09,broad,4,S2_visual_GT2:2015-04-09,4,1
MPL-0297,S2:MSM41_litter-T25,S2_visual_GT2,2015-04-10,broad,4,S2_visual_GT2:2015-04-10,2,1
MPL-0302,S2:MSM41_litter-T26,S2_visual_GT2,2015-04-10,broad,4,S2_visual_GT2:2015-04-10,2,1
MPL-0309,S2:MSM41_litter-T27,S2_visual_GT2,2015-04-11,broad,4,S2_visual_GT2:2015-04-11,0,1
MPL-0311,S2:MSM41_litter-T29,S2_visual_GT2,2015-04-11,broad,4,S2_visual_GT2:2015-04-11,0,1
MPL-0320,S2:MSM41_litter-T28,S2_visual_GT2,2015-04-11,broad,4,S2_visual_GT2:2015-04-11,0,1
MPL-0329,S2:MSM41_litter-T32,S2_visual_GT2,2015-04-12,broad,4,S2_visual_GT2:2015-04-12,3,1
MPL-0336,S2:MSM41_litter-T31,S2_visual_GT2,2015-04-12,broad,4,S2_visual_GT2:2015-04-12,3,1
MPL-0342,S2:MSM41_litter-T30,S2_visual_GT2,2015-04-12,broad,4,S2_visual_GT2:2015-04-12,3,1
MPL-0346,S2:MSM41_litter-T34,S2_visual_GT2,2015-04-13,broad,4,S2_visual_GT2:2015-04-13,2,4
MPL-0351,S2:MSM41_litter-T33,S2_visual_GT2,2015-04-13,broad,4,S2_visual_GT2:2015-04-13,2,4
MPL-0354,S2:MSM41_litter-T37,S2_visual_GT2,2015-04-14,broad,4,S2_visual_GT2:2015-04-14,4,4
MPL-0358,S2:MSM41_litter-T35,S2_visual_GT2,2015-04-14,broad,4,S2_visual_GT2:2015-04-14,4,4
MPL-0361,S2:MSM41_litter-T38,S2_visual_GT2,2015-04-15,broad,4,S2_visual_GT2:2015-04-15,0,4
MPL-0364,S2:MSM41_litter-T40,S2_visual_GT2,2015-04-16,broad,4,S2_visual_GT2:2015-04-16,0,4
MPL-0367,S2:MSM41_litter-T39,S2_visual_GT2,2015-04-16,broad,4,S2_visual_GT2:2015-04-16,0,4
MPL-0371,S2:MSM41_litter-T41,S2_visual_GT2,2015-04-17,broad,4,S2_visual_GT2:2015-04-17,4,2
MPL-0375,S2:MSM41_litter-T42,S2_visual_GT2,2015-04-17,broad,4,S2_visual_GT2:2015-04-17,4,2
MPL-0378,S2:MSM41_litter-T43,S2_visual_GT2,2015-04-18,broad,4,S2_visual_GT2:2015-04-18,0,2
MPL-0382,S2:MSM41_litter-T44,S2_visual_GT2,2015-04-18,broad,4,S2_visual_GT2:2015-04-18,0,2
MPL-0385,S2:MSM41_litter-T45,S2_visual_GT2,2015-04-18,broad,4,S2_visual_GT2:2015-04-18,0,2
MPL-0389,S2:MSM41_litter-T46,S2_visual_GT2,2015-04-19,broad,4,S2_visual_GT2:2015-04-19,1,2
MPL-0397,S2:MSM41_litter-T47,S2_visual_GT2,2015-04-19,broad,4,S2_visual_GT2:2015-04-19,1,2
MPL-0401,S2:MSM41_litter-T48,S2_visual_GT2,2015-04-20,broad,4,S2_visual_GT2:2015-04-20,4,3
MPL-0409,S2:MSM41_litter-T49,S2_visual_GT2,2015-04-20,broad,4,S2_visual_GT2:2015-04-20,4,3
MPL-0417,S2:MSM41_litter-T50,S2_visual_GT2,2015-04-20,broad,4,S2_visual_GT2:2015-04-20,4,3
MPL-0421,S2:MSM41_litter-T51,S2_visual_GT2,2015-04-21,broad,4,S2_visual_GT2:2015-04-21,3,3
MPL-0425,S2:MSM41_litter-T52,S2_visual_GT2,2015-04-21,broad,4,S2_visual_GT2:2015-04-21,3,3
MPL-0430,S2:MSM41_litter-T53,S2_visual_GT2,2015-04-22,broad,4,S2_visual_GT2:2015-04-22,1,3
MPL-0443,S2:MSM41_litter-T54,S2_visual_GT2,2015-04-22,broad,4,S2_visual_GT2:2015-04-22,1,3
MPL-0455,S2:MSM41_litter-T55,S2_visual_GT2,2015-04-22,broad,4,S2_visual_GT2:2015-04-22,1,3
MPL-0460,S2:MSM41_litter-T56,S2_visual_GT2,2015-04-22,broad,4,S2_visual_GT2:2015-04-22,1,3
MPL-0472,S2:MSM41_litter-T58,S2_visual_GT2,2015-04-23,broad,4,S2_visual_GT2:2015-04-23,2,3
MPL-0484,S2:MSM41_litter-T57,S2_visual_GT2,2015-04-23,broad,4,S2_visual_GT2:2015-04-23,2,3
MPL-0494,S2:MSM41_litter-T60,S2_visual_GT2,2015-04-24,broad,4,S2_visual_GT2:2015-04-24,1,3
MPL-0499,S2:MSM41_litter-T59,S2_visual_GT2,2015-04-24,broad,4,S2_visual_GT2:2015-04-24,1,3
MPL-0504,S2:MSM41_litter-T62,S2_visual_GT2,2015-04-25,broad,4,S2_visual_GT2:2015-04-25,0,2
MPL-0507,S2:MSM41_litter-T61,S2_visual_GT2,2015-04-25,broad,4,S2_visual_GT2:2015-04-25,0,2
MPL-0513,S2:MSM41_litter-T65,S2_visual_GT2,2015-04-26,broad,4,S2_visual_GT2:2015-04-26,2,2
MPL-0518,S2:MSM41_litter-T64,S2_visual_GT2,2015-04-26,broad,4,S2_visual_GT2:2015-04-26,2,2
MPL-0523,S2:MSM41_litter-T63,S2_visual_GT2,2015-04-26,broad,4,S2_visual_GT2:2015-04-26,2,2
MPL-0197,S2:MSM41_litter-T1,S2_visual_GT2,2015-04-01,broad,5,S2_visual_GT2:2015-04-01,0,1
MPL-0200,S2:MSM41_litter-T5,S2_visual_GT2,2015-04-02,broad,5,S2_visual_GT2:2015-04-02,4,1
MPL-0203,S2:MSM41_litter-T4,S2_visual_GT2,2015-04-02,broad,5,S2_visual_GT2:2015-04-02,4,1
MPL-0209,S2:MSM41_litter-T3,S2_visual_GT2,2015-04-02,broad,5,S2_visual_GT2:2015-04-02,4,1
MPL-0214,S2:MSM41_litter-T2,S2_visual_GT2,2015-04-02,broad,5,S2_visual_GT2:2015-04-02,4,1
MPL-0216,S2:MSM41_litter-T8,S2_visual_GT2,2015-04-03,broad,5,S2_visual_GT2:2015-04-03,4,1
MPL-0220,S2:MSM41_litter-T7,S2_visual_GT2,2015-04-03,broad,5,S2_visual_GT2:2015-04-03,4,1
MPL-0226,S2:MSM41_litter-T6,S2_visual_GT2,2015-04-03,broad,5,S2_visual_GT2:2015-04-03,4,1
MPL-0229,S2:MSM41_litter-T10,S2_visual_GT2,2015-04-04,broad,5,S2_visual_GT2:2015-04-04,0,0
MPL-0233,S2:MSM41_litter-T12,S2_visual_GT2,2015-04-05,broad,5,S2_visual_GT2:2015-04-05,1,0
MPL-0235,S2:MSM41_litter-T11,S2_visual_GT2,2015-04-05,broad,5,S2_visual_GT2:2015-04-05,1,0
MPL-0237,S2:MSM41_litter-T16,S2_visual_GT2,2015-04-06,broad,5,S2_visual_GT2:2015-04-06,0,0
MPL-0241,S2:MSM41_litter-T15,S2_visual_GT2,2015-04-06,broad,5,S2_visual_GT2:2015-04-06,0,0
MPL-0246,S2:MSM41_litter-T14,S2_visual_GT2,2015-04-06,broad,5,S2_visual_GT2:2015-04-06,0,0
MPL-0249,S2:MSM41_litter-T13,S2_visual_GT2,2015-04-06,broad,5,S2_visual_GT2:2015-04-06,0,0
MPL-0254,S2:MSM41_litter-T17,S2_visual_GT2,2015-04-07,broad,5,S2_visual_GT2:2015-04-07,1,0
MPL-0260,S2:MSM41_litter-T18,S2_visual_GT2,2015-04-07,broad,5,S2_visual_GT2:2015-04-07,1,0
MPL-0264,S2:MSM41_litter-T19,S2_visual_GT2,2015-04-08,broad,5,S2_visual_GT2:2015-04-08,3,0
MPL-0267,S2:MSM41_litter-T20,S2_visual_GT2,2015-04-08,broad,5,S2_visual_GT2:2015-04-08,3,0
MPL-0271,S2:MSM41_litter-T21,S2_visual_GT2,2015-04-08,broad,5,S2_visual_GT2:2015-04-08,3,0
MPL-0277,S2:MSM41_litter-T22,S2_visual_GT2,2015-04-09,broad,5,S2_visual_GT2:2015-04-09,1,1
MPL-0283,S2:MSM41_litter-T23,S2_visual_GT2,2015-04-09,broad,5,S2_visual_GT2:2015-04-09,1,1
MPL-0289,S2:MSM41_litter-T24,S2_visual_GT2,2015-04-09,broad,5,S2_visual_GT2:2015-04-09,1,1
MPL-0297,S2:MSM41_litter-T25,S2_visual_GT2,2015-04-10,broad,5,S2_visual_GT2:2015-04-10,3,1
MPL-0302,S2:MSM41_litter-T26,S2_visual_GT2,2015-04-10,broad,5,S2_visual_GT2:2015-04-10,3,1
MPL-0309,S2:MSM41_litter-T27,S2_visual_GT2,2015-04-11,broad,5,S2_visual_GT2:2015-04-11,2,1
MPL-0311,S2:MSM41_litter-T29,S2_visual_GT2,2015-04-11,broad,5,S2_visual_GT2:2015-04-11,2,1
MPL-0320,S2:MSM41_litter-T28,S2_visual_GT2,2015-04-11,broad,5,S2_visual_GT2:2015-04-11,2,1
MPL-0329,S2:MSM41_litter-T32,S2_visual_GT2,2015-04-12,broad,5,S2_visual_GT2:2015-04-12,3,1
MPL-0336,S2:MSM41_litter-T31,S2_visual_GT2,2015-04-12,broad,5,S2_visual_GT2:2015-04-12,3,1
MPL-0342,S2:MSM41_litter-T30,S2_visual_GT2,2015-04-12,broad,5,S2_visual_GT2:2015-04-12,3,1
MPL-0346,S2:MSM41_litter-T34,S2_visual_GT2,2015-04-13,broad,5,S2_visual_GT2:2015-04-13,2,4
MPL-0351,S2:MSM41_litter-T33,S2_visual_GT2,2015-04-13,broad,5,S2_visual_GT2:2015-04-13,2,4
MPL-0354,S2:MSM41_litter-T37,S2_visual_GT2,2015-04-14,broad,5,S2_visual_GT2:2015-04-14,2,4
MPL-0358,S2:MSM41_litter-T35,S2_visual_GT2,2015-04-14,broad,5,S2_visual_GT2:2015-04-14,2,4
MPL-0361,S2:MSM41_litter-T38,S2_visual_GT2,2015-04-15,broad,5,S2_visual_GT2:2015-04-15,4,4
MPL-0364,S2:MSM41_litter-T40,S2_visual_GT2,2015-04-16,broad,5,S2_visual_GT2:2015-04-16,2,4
MPL-0367,S2:MSM41_litter-T39,S2_visual_GT2,2015-04-16,broad,5,S2_visual_GT2:2015-04-16,2,4
MPL-0371,S2:MSM41_litter-T41,S2_visual_GT2,2015-04-17,broad,5,S2_visual_GT2:2015-04-17,2,2
MPL-0375,S2:MSM41_litter-T42,S2_visual_GT2,2015-04-17,broad,5,S2_visual_GT2:2015-04-17,2,2
MPL-0378,S2:MSM41_litter-T43,S2_visual_GT2,2015-04-18,broad,5,S2_visual_GT2:2015-04-18,3,2
MPL-0382,S2:MSM41_litter-T44,S2_visual_GT2,2015-04-18,broad,5,S2_visual_GT2:2015-04-18,3,2
MPL-0385,S2:MSM41_litter-T45,S2_visual_GT2,2015-04-18,broad,5,S2_visual_GT2:2015-04-18,3,2
MPL-0389,S2:MSM41_litter-T46,S2_visual_GT2,2015-04-19,broad,5,S2_visual_GT2:2015-04-19,1,2
MPL-0397,S2:MSM41_litter-T47,S2_visual_GT2,2015-04-19,broad,5,S2_visual_GT2:2015-04-19,1,2
MPL-0401,S2:MSM41_litter-T48,S2_visual_GT2,2015-04-20,broad,5,S2_visual_GT2:2015-04-20,0,3
MPL-0409,S2:MSM41_litter-T49,S2_visual_GT2,2015-04-20,broad,5,S2_visual_GT2:2015-04-20,0,3
MPL-0417,S2:MSM41_litter-T50,S2_visual_GT2,2015-04-20,broad,5,S2_visual_GT2:2015-04-20,0,3
MPL-0421,S2:MSM41_litter-T51,S2_visual_GT2,2015-04-21,broad,5,S2_visual_GT2:2015-04-21,0,3
MPL-0425,S2:MSM41_litter-T52,S2_visual_GT2,2015-04-21,broad,5,S2_visual_GT2:2015-04-21,0,3
MPL-0430,S2:MSM41_litter-T53,S2_visual_GT2,2015-04-22,broad,5,S2_visual_GT2:2015-04-22,1,3
MPL-0443,S2:MSM41_litter-T54,S2_visual_GT2,2015-04-22,broad,5,S2_visual_GT2:2015-04-22,1,3
MPL-0455,S2:MSM41_litter-T55,S2_visual_GT2,2015-04-22,broad,5,S2_visual_GT2:2015-04-22,1,3
MPL-0460,S2:MSM41_litter-T56,S2_visual_GT2,2015-04-22,broad,5,S2_visual_GT2:2015-04-22,1,3
MPL-0472,S2:MSM41_litter-T58,S2_visual_GT2,2015-04-23,broad,5,S2_visual_GT2:2015-04-23,3,3
MPL-0484,S2:MSM41_litter-T57,S2_visual_GT2,2015-04-23,broad,5,S2_visual_GT2:2015-04-23,3,3
MPL-0494,S2:MSM41_litter-T60,S2_visual_GT2,2015-04-24,broad,5,S2_visual_GT2:2015-04-24,0,3
MPL-0499,S2:MSM41_litter-T59,S2_visual_GT2,2015-04-24,broad,5,S2_visual_GT2:2015-04-24,0,3
MPL-0504,S2:MSM41_litter-T62,S2_visual_GT2,2015-04-25,broad,5,S2_visual_GT2:2015-04-25,4,2
MPL-0507,S2:MSM41_litter-T61,S2_visual_GT2,2015-04-25,broad,5,S2_visual_GT2:2015-04-25,4,2
MPL-0513,S2:MSM41_litter-T65,S2_visual_GT2,2015-04-26,broad,5,S2_visual_GT2:2015-04-26,4,2
MPL-0518,S2:MSM41_litter-T64,S2_visual_GT2,2015-04-26,broad,5,S2_visual_GT2:2015-04-26,4,2
MPL-0523,S2:MSM41_litter-T63,S2_visual_GT2,2015-04-26,broad,5,S2_visual_GT2:2015-04-26,4,2
MPL-0197,S2:MSM41_litter-T1,S2_visual_GT2,2015-04-01,broad,6,S2_visual_GT2:2015-04-01,2,1
MPL-0200,S2:MSM41_litter-T5,S2_visual_GT2,2015-04-02,broad,6,S2_visual_GT2:2015-04-02,0,1
MPL-0203,S2:MSM41_litter-T4,S2_visual_GT2,2015-04-02,broad,6,S2_visual_GT2:2015-04-02,0,1
MPL-0209,S2:MSM41_litter-T3,S2_visual_GT2,2015-04-02,broad,6,S2_visual_GT2:2015-04-02,0,1
MPL-0214,S2:MSM41_litter-T2,S2_visual_GT2,2015-04-02,broad,6,S2_visual_GT2:2015-04-02,0,1
MPL-0216,S2:MSM41_litter-T8,S2_visual_GT2,2015-04-03,broad,6,S2_visual_GT2:2015-04-03,3,1
MPL-0220,S2:MSM41_litter-T7,S2_visual_GT2,2015-04-03,broad,6,S2_visual_GT2:2015-04-03,3,1
MPL-0226,S2:MSM41_litter-T6,S2_visual_GT2,2015-04-03,broad,6,S2_visual_GT2:2015-04-03,3,1
MPL-0229,S2:MSM41_litter-T10,S2_visual_GT2,2015-04-04,broad,6,S2_visual_GT2:2015-04-04,1,0
MPL-0233,S2:MSM41_litter-T12,S2_visual_GT2,2015-04-05,broad,6,S2_visual_GT2:2015-04-05,3,0
MPL-0235,S2:MSM41_litter-T11,S2_visual_GT2,2015-04-05,broad,6,S2_visual_GT2:2015-04-05,3,0
MPL-0237,S2:MSM41_litter-T16,S2_visual_GT2,2015-04-06,broad,6,S2_visual_GT2:2015-04-06,4,0
MPL-0241,S2:MSM41_litter-T15,S2_visual_GT2,2015-04-06,broad,6,S2_visual_GT2:2015-04-06,4,0
MPL-0246,S2:MSM41_litter-T14,S2_visual_GT2,2015-04-06,broad,6,S2_visual_GT2:2015-04-06,4,0
MPL-0249,S2:MSM41_litter-T13,S2_visual_GT2,2015-04-06,broad,6,S2_visual_GT2:2015-04-06,4,0
MPL-0254,S2:MSM41_litter-T17,S2_visual_GT2,2015-04-07,broad,6,S2_visual_GT2:2015-04-07,4,0
MPL-0260,S2:MSM41_litter-T18,S2_visual_GT2,2015-04-07,broad,6,S2_visual_GT2:2015-04-07,4,0
MPL-0264,S2:MSM41_litter-T19,S2_visual_GT2,2015-04-08,broad,6,S2_visual_GT2:2015-04-08,0,0
MPL-0267,S2:MSM41_litter-T20,S2_visual_GT2,2015-04-08,broad,6,S2_visual_GT2:2015-04-08,0,0
MPL-0271,S2:MSM41_litter-T21,S2_visual_GT2,2015-04-08,broad,6,S2_visual_GT2:2015-04-08,0,0
MPL-0277,S2:MSM41_litter-T22,S2_visual_GT2,2015-04-09,broad,6,S2_visual_GT2:2015-04-09,2,1
MPL-0283,S2:MSM41_litter-T23,S2_visual_GT2,2015-04-09,broad,6,S2_visual_GT2:2015-04-09,2,1
MPL-0289,S2:MSM41_litter-T24,S2_visual_GT2,2015-04-09,broad,6,S2_visual_GT2:2015-04-09,2,1
MPL-0297,S2:MSM41_litter-T25,S2_visual_GT2,2015-04-10,broad,6,S2_visual_GT2:2015-04-10,0,1
MPL-0302,S2:MSM41_litter-T26,S2_visual_GT2,2015-04-10,broad,6,S2_visual_GT2:2015-04-10,0,1
MPL-0309,S2:MSM41_litter-T27,S2_visual_GT2,2015-04-11,broad,6,S2_visual_GT2:2015-04-11,0,1
MPL-0311,S2:MSM41_litter-T29,S2_visual_GT2,2015-04-11,broad,6,S2_visual_GT2:2015-04-11,0,1
MPL-0320,S2:MSM41_litter-T28,S2_visual_GT2,2015-04-11,broad,6,S2_visual_GT2:2015-04-11,0,1
MPL-0329,S2:MSM41_litter-T32,S2_visual_GT2,2015-04-12,broad,6,S2_visual_GT2:2015-04-12,1,1
MPL-0336,S2:MSM41_litter-T31,S2_visual_GT2,2015-04-12,broad,6,S2_visual_GT2:2015-04-12,1,1
MPL-0342,S2:MSM41_litter-T30,S2_visual_GT2,2015-04-12,broad,6,S2_visual_GT2:2015-04-12,1,1
MPL-0346,S2:MSM41_litter-T34,S2_visual_GT2,2015-04-13,broad,6,S2_visual_GT2:2015-04-13,4,4
MPL-0351,S2:MSM41_litter-T33,S2_visual_GT2,2015-04-13,broad,6,S2_visual_GT2:2015-04-13,4,4
MPL-0354,S2:MSM41_litter-T37,S2_visual_GT2,2015-04-14,broad,6,S2_visual_GT2:2015-04-14,0,4
MPL-0358,S2:MSM41_litter-T35,S2_visual_GT2,2015-04-14,broad,6,S2_visual_GT2:2015-04-14,0,4
MPL-0361,S2:MSM41_litter-T38,S2_visual_GT2,2015-04-15,broad,6,S2_visual_GT2:2015-04-15,3,4
MPL-0364,S2:MSM41_litter-T40,S2_visual_GT2,2015-04-16,broad,6,S2_visual_GT2:2015-04-16,2,4
MPL-0367,S2:MSM41_litter-T39,S2_visual_GT2,2015-04-16,broad,6,S2_visual_GT2:2015-04-16,2,4
MPL-0371,S2:MSM41_litter-T41,S2_visual_GT2,2015-04-17,broad,6,S2_visual_GT2:2015-04-17,4,2
MPL-0375,S2:MSM41_litter-T42,S2_visual_GT2,2015-04-17,broad,6,S2_visual_GT2:2015-04-17,4,2
MPL-0378,S2:MSM41_litter-T43,S2_visual_GT2,2015-04-18,broad,6,S2_visual_GT2:2015-04-18,4,2
MPL-0382,S2:MSM41_litter-T44,S2_visual_GT2,2015-04-18,broad,6,S2_visual_GT2:2015-04-18,4,2
MPL-0385,S2:MSM41_litter-T45,S2_visual_GT2,2015-04-18,broad,6,S2_visual_GT2:2015-04-18,4,2
MPL-0389,S2:MSM41_litter-T46,S2_visual_GT2,2015-04-19,broad,6,S2_visual_GT2:2015-04-19,2,2
MPL-0397,S2:MSM41_litter-T47,S2_visual_GT2,2015-04-19,broad,6,S2_visual_GT2:2015-04-19,2,2
MPL-0401,S2:MSM41_litter-T48,S2_visual_GT2,2015-04-20,broad,6,S2_visual_GT2:2015-04-20,3,3
MPL-0409,S2:MSM41_litter-T49,S2_visual_GT2,2015-04-20,broad,6,S2_visual_GT2:2015-04-20,3,3
MPL-0417,S2:MSM41_litter-T50,S2_visual_GT2,2015-04-20,broad,6,S2_visual_GT2:2015-04-20,3,3
MPL-0421,S2:MSM41_litter-T51,S2_visual_GT2,2015-04-21,broad,6,S2_visual_GT2:2015-04-21,3,3
MPL-0425,S2:MSM41_litter-T52,S2_visual_GT2,2015-04-21,broad,6,S2_visual_GT2:2015-04-21,3,3
MPL-0430,S2:MSM41_litter-T53,S2_visual_GT2,2015-04-22,broad,6,S2_visual_GT2:2015-04-22,0,3
MPL-0443,S2:MSM41_litter-T54,S2_visual_GT2,2015-04-22,broad,6,S2_visual_GT2:2015-04-22,0,3
MPL-0455,S2:MSM41_litter-T55,S2_visual_GT2,2015-04-22,broad,6,S2_visual_GT2:2015-04-22,0,3
MPL-0460,S2:MSM41_litter-T56,S2_visual_GT2,2015-04-22,broad,6,S2_visual_GT2:2015-04-22,0,3
MPL-0472,S2:MSM41_litter-T58,S2_visual_GT2,2015-04-23,broad,6,S2_visual_GT2:2015-04-23,2,3
MPL-0484,S2:MSM41_litter-T57,S2_visual_GT2,2015-04-23,broad,6,S2_visual_GT2:2015-04-23,2,3
MPL-0494,S2:MSM41_litter-T60,S2_visual_GT2,2015-04-24,broad,6,S2_visual_GT2:2015-04-24,1,3
MPL-0499,S2:MSM41_litter-T59,S2_visual_GT2,2015-04-24,broad,6,S2_visual_GT2:2015-04-24,1,3
MPL-0504,S2:MSM41_litter-T62,S2_visual_GT2,2015-04-25,broad,6,S2_visual_GT2:2015-04-25,1,2
MPL-0507,S2:MSM41_litter-T61,S2_visual_GT2,2015-04-25,broad,6,S2_visual_GT2:2015-04-25,1,2
MPL-0513,S2:MSM41_litter-T65,S2_visual_GT2,2015-04-26,broad,6,S2_visual_GT2:2015-04-26,1,2
MPL-0518,S2:MSM41_litter-T64,S2_visual_GT2,2015-04-26,broad,6,S2_visual_GT2:2015-04-26,1,2
MPL-0523,S2:MSM41_litter-T63,S2_visual_GT2,2015-04-26,broad,6,S2_visual_GT2:2015-04-26,1,2
MPL-0197,S2:MSM41_litter-T1,S2_visual_GT2,2015-04-01,broad,7,S2_visual_GT2:2015-04-01,3,1
MPL-0200,S2:MSM41_litter-T5,S2_visual_GT2,2015-04-02,broad,7,S2_visual_GT2:2015-04-02,2,1
MPL-0203,S2:MSM41_litter-T4,S2_visual_GT2,2015-04-02,broad,7,S2_visual_GT2:2015-04-02,2,1
MPL-0209,S2:MSM41_litter-T3,S2_visual_GT2,2015-04-02,broad,7,S2_visual_GT2:2015-04-02,2,1
MPL-0214,S2:MSM41_litter-T2,S2_visual_GT2,2015-04-02,broad,7,S2_visual_GT2:2015-04-02,2,1
MPL-0216,S2:MSM41_litter-T8,S2_visual_GT2,2015-04-03,broad,7,S2_visual_GT2:2015-04-03,0,1
MPL-0220,S2:MSM41_litter-T7,S2_visual_GT2,2015-04-03,broad,7,S2_visual_GT2:2015-04-03,0,1
MPL-0226,S2:MSM41_litter-T6,S2_visual_GT2,2015-04-03,broad,7,S2_visual_GT2:2015-04-03,0,1
MPL-0229,S2:MSM41_litter-T10,S2_visual_GT2,2015-04-04,broad,7,S2_visual_GT2:2015-04-04,4,0
MPL-0233,S2:MSM41_litter-T12,S2_visual_GT2,2015-04-05,broad,7,S2_visual_GT2:2015-04-05,4,0
MPL-0235,S2:MSM41_litter-T11,S2_visual_GT2,2015-04-05,broad,7,S2_visual_GT2:2015-04-05,4,0
MPL-0237,S2:MSM41_litter-T16,S2_visual_GT2,2015-04-06,broad,7,S2_visual_GT2:2015-04-06,0,0
MPL-0241,S2:MSM41_litter-T15,S2_visual_GT2,2015-04-06,broad,7,S2_visual_GT2:2015-04-06,0,0
MPL-0246,S2:MSM41_litter-T14,S2_visual_GT2,2015-04-06,broad,7,S2_visual_GT2:2015-04-06,0,0
MPL-0249,S2:MSM41_litter-T13,S2_visual_GT2,2015-04-06,broad,7,S2_visual_GT2:2015-04-06,0,0
MPL-0254,S2:MSM41_litter-T17,S2_visual_GT2,2015-04-07,broad,7,S2_visual_GT2:2015-04-07,4,0
MPL-0260,S2:MSM41_litter-T18,S2_visual_GT2,2015-04-07,broad,7,S2_visual_GT2:2015-04-07,4,0
MPL-0264,S2:MSM41_litter-T19,S2_visual_GT2,2015-04-08,broad,7,S2_visual_GT2:2015-04-08,4,0
MPL-0267,S2:MSM41_litter-T20,S2_visual_GT2,2015-04-08,broad,7,S2_visual_GT2:2015-04-08,4,0
MPL-0271,S2:MSM41_litter-T21,S2_visual_GT2,2015-04-08,broad,7,S2_visual_GT2:2015-04-08,4,0
MPL-0277,S2:MSM41_litter-T22,S2_visual_GT2,2015-04-09,broad,7,S2_visual_GT2:2015-04-09,1,1
MPL-0283,S2:MSM41_litter-T23,S2_visual_GT2,2015-04-09,broad,7,S2_visual_GT2:2015-04-09,1,1
MPL-0289,S2:MSM41_litter-T24,S2_visual_GT2,2015-04-09,broad,7,S2_visual_GT2:2015-04-09,1,1
MPL-0297,S2:MSM41_litter-T25,S2_visual_GT2,2015-04-10,broad,7,S2_visual_GT2:2015-04-10,0,1
MPL-0302,S2:MSM41_litter-T26,S2_visual_GT2,2015-04-10,broad,7,S2_visual_GT2:2015-04-10,0,1
MPL-0309,S2:MSM41_litter-T27,S2_visual_GT2,2015-04-11,broad,7,S2_visual_GT2:2015-04-11,0,1
MPL-0311,S2:MSM41_litter-T29,S2_visual_GT2,2015-04-11,broad,7,S2_visual_GT2:2015-04-11,0,1
MPL-0320,S2:MSM41_litter-T28,S2_visual_GT2,2015-04-11,broad,7,S2_visual_GT2:2015-04-11,0,1
MPL-0329,S2:MSM41_litter-T32,S2_visual_GT2,2015-04-12,broad,7,S2_visual_GT2:2015-04-12,0,1
MPL-0336,S2:MSM41_litter-T31,S2_visual_GT2,2015-04-12,broad,7,S2_visual_GT2:2015-04-12,0,1
MPL-0342,S2:MSM41_litter-T30,S2_visual_GT2,2015-04-12,broad,7,S2_visual_GT2:2015-04-12,0,1
MPL-0346,S2:MSM41_litter-T34,S2_visual_GT2,2015-04-13,broad,7,S2_visual_GT2:2015-04-13,0,4
MPL-0351,S2:MSM41_litter-T33,S2_visual_GT2,2015-04-13,broad,7,S2_visual_GT2:2015-04-13,0,4
MPL-0354,S2:MSM41_litter-T37,S2_visual_GT2,2015-04-14,broad,7,S2_visual_GT2:2015-04-14,2,4
MPL-0358,S2:MSM41_litter-T35,S2_visual_GT2,2015-04-14,broad,7,S2_visual_GT2:2015-04-14,2,4
MPL-0361,S2:MSM41_litter-T38,S2_visual_GT2,2015-04-15,broad,7,S2_visual_GT2:2015-04-15,3,4
MPL-0364,S2:MSM41_litter-T40,S2_visual_GT2,2015-04-16,broad,7,S2_visual_GT2:2015-04-16,3,4
MPL-0367,S2:MSM41_litter-T39,S2_visual_GT2,2015-04-16,broad,7,S2_visual_GT2:2015-04-16,3,4
MPL-0371,S2:MSM41_litter-T41,S2_visual_GT2,2015-04-17,broad,7,S2_visual_GT2:2015-04-17,1,2
MPL-0375,S2:MSM41_litter-T42,S2_visual_GT2,2015-04-17,broad,7,S2_visual_GT2:2015-04-17,1,2
MPL-0378,S2:MSM41_litter-T43,S2_visual_GT2,2015-04-18,broad,7,S2_visual_GT2:2015-04-18,2,2
MPL-0382,S2:MSM41_litter-T44,S2_visual_GT2,2015-04-18,broad,7,S2_visual_GT2:2015-04-18,2,2
MPL-0385,S2:MSM41_litter-T45,S2_visual_GT2,2015-04-18,broad,7,S2_visual_GT2:2015-04-18,2,2
MPL-0389,S2:MSM41_litter-T46,S2_visual_GT2,2015-04-19,broad,7,S2_visual_GT2:2015-04-19,1,2
MPL-0397,S2:MSM41_litter-T47,S2_visual_GT2,2015-04-19,broad,7,S2_visual_GT2:2015-04-19,1,2
MPL-0401,S2:MSM41_litter-T48,S2_visual_GT2,2015-04-20,broad,7,S2_visual_GT2:2015-04-20,2,3
MPL-0409,S2:MSM41_litter-T49,S2_visual_GT2,2015-04-20,broad,7,S2_visual_GT2:2015-04-20,2,3
MPL-0417,S2:MSM41_litter-T50,S2_visual_GT2,2015-04-20,broad,7,S2_visual_GT2:2015-04-20,2,3
MPL-0421,S2:MSM41_litter-T51,S2_visual_GT2,2015-04-21,broad,7,S2_visual_GT2:2015-04-21,3,3
MPL-0425,S2:MSM41_litter-T52,S2_visual_GT2,2015-04-21,broad,7,S2_visual_GT2:2015-04-21,3,3
MPL-0430,S2:MSM41_litter-T53,S2_visual_GT2,2015-04-22,broad,7,S2_visual_GT2:2015-04-22,1,3
MPL-0443,S2:MSM41_litter-T54,S2_visual_GT2,2015-04-22,broad,7,S2_visual_GT2:2015-04-22,1,3
MPL-0455,S2:MSM41_litter-T55,S2_visual_GT2,2015-04-22,broad,7,S2_visual_GT2:2015-04-22,1,3
MPL-0460,S2:MSM41_litter-T56,S2_visual_GT2,2015-04-22,broad,7,S2_visual_GT2:2015-04-22,1,3
MPL-0472,S2:MSM41_litter-T58,S2_visual_GT2,2015-04-23,broad,7,S2_visual_GT2:2015-04-23,1,3
MPL-0484,S2:MSM41_litter-T57,S2_visual_GT2,2015-04-23,broad,7,S2_visual_GT2:2015-04-23,1,3
MPL-0494,S2:MSM41_litter-T60,S2_visual_GT2,2015-04-24,broad,7,S2_visual_GT2:2015-04-24,2,3
MPL-0499,S2:MSM41_litter-T59,S2_visual_GT2,2015-04-24,broad,7,S2_visual_GT2:2015-04-24,2,3
MPL-0504,S2:MSM41_litter-T62,S2_visual_GT2,2015-04-25,broad,7,S2_visual_GT2:2015-04-25,3,2
MPL-0507,S2:MSM41_litter-T61,S2_visual_GT2,2015-04-25,broad,7,S2_visual_GT2:2015-04-25,3,2
MPL-0513,S2:MSM41_litter-T65,S2_visual_GT2,2015-04-26,broad,7,S2_visual_GT2:2015-04-26,4,2
MPL-0518,S2:MSM41_litter-T64,S2_visual_GT2,2015-04-26,broad,7,S2_visual_GT2:2015-04-26,4,2
MPL-0523,S2:MSM41_litter-T63,S2_visual_GT2,2015-04-26,broad,7,S2_visual_GT2:2015-04-26,4,2
MPL-0197,S2:MSM41_litter-T1,S2_visual_GT2,2015-04-01,broad,8,S2_visual_GT2:2015-04-01,2,1
MPL-0200,S2:MSM41_litter-T5,S2_visual_GT2,2015-04-02,broad,8,S2_visual_GT2:2015-04-02,1,1
MPL-0203,S2:MSM41_litter-T4,S2_visual_GT2,2015-04-02,broad,8,S2_visual_GT2:2015-04-02,1,1
MPL-0209,S2:MSM41_litter-T3,S2_visual_GT2,2015-04-02,broad,8,S2_visual_GT2:2015-04-02,1,1
MPL-0214,S2:MSM41_litter-T2,S2_visual_GT2,2015-04-02,broad,8,S2_visual_GT2:2015-04-02,1,1
MPL-0216,S2:MSM41_litter-T8,S2_visual_GT2,2015-04-03,broad,8,S2_visual_GT2:2015-04-03,4,1
MPL-0220,S2:MSM41_litter-T7,S2_visual_GT2,2015-04-03,broad,8,S2_visual_GT2:2015-04-03,4,1
MPL-0226,S2:MSM41_litter-T6,S2_visual_GT2,2015-04-03,broad,8,S2_visual_GT2:2015-04-03,4,1
MPL-0229,S2:MSM41_litter-T10,S2_visual_GT2,2015-04-04,broad,8,S2_visual_GT2:2015-04-04,3,0
MPL-0233,S2:MSM41_litter-T12,S2_visual_GT2,2015-04-05,broad,8,S2_visual_GT2:2015-04-05,1,0
MPL-0235,S2:MSM41_litter-T11,S2_visual_GT2,2015-04-05,broad,8,S2_visual_GT2:2015-04-05,1,0
MPL-0237,S2:MSM41_litter-T16,S2_visual_GT2,2015-04-06,broad,8,S2_visual_GT2:2015-04-06,1,0
MPL-0241,S2:MSM41_litter-T15,S2_visual_GT2,2015-04-06,broad,8,S2_visual_GT2:2015-04-06,1,0
MPL-0246,S2:MSM41_litter-T14,S2_visual_GT2,2015-04-06,broad,8,S2_visual_GT2:2015-04-06,1,0
MPL-0249,S2:MSM41_litter-T13,S2_visual_GT2,2015-04-06,broad,8,S2_visual_GT2:2015-04-06,1,0
MPL-0254,S2:MSM41_litter-T17,S2_visual_GT2,2015-04-07,broad,8,S2_visual_GT2:2015-04-07,0,0
MPL-0260,S2:MSM41_litter-T18,S2_visual_GT2,2015-04-07,broad,8,S2_visual_GT2:2015-04-07,0,0
MPL-0264,S2:MSM41_litter-T19,S2_visual_GT2,2015-04-08,broad,8,S2_visual_GT2:2015-04-08,3,0
MPL-0267,S2:MSM41_litter-T20,S2_visual_GT2,2015-04-08,broad,8,S2_visual_GT2:2015-04-08,3,0
MPL-0271,S2:MSM41_litter-T21,S2_visual_GT2,2015-04-08,broad,8,S2_visual_GT2:2015-04-08,3,0
MPL-0277,S2:MSM41_litter-T22,S2_visual_GT2,2015-04-09,broad,8,S2_visual_GT2:2015-04-09,4,1
MPL-0283,S2:MSM41_litter-T23,S2_visual_GT2,2015-04-09,broad,8,S2_visual_GT2:2015-04-09,4,1
MPL-0289,S2:MSM41_litter-T24,S2_visual_GT2,2015-04-09,broad,8,S2_visual_GT2:2015-04-09,4,1
MPL-0297,S2:MSM41_litter-T25,S2_visual_GT2,2015-04-10,broad,8,S2_visual_GT2:2015-04-10,1,1
MPL-0302,S2:MSM41_litter-T26,S2_visual_GT2,2015-04-10,broad,8,S2_visual_GT2:2015-04-10,1,1
MPL-0309,S2:MSM41_litter-T27,S2_visual_GT2,2015-04-11,broad,8,S2_visual_GT2:2015-04-11,4,1
MPL-0311,S2:MSM41_litter-T29,S2_visual_GT2,2015-04-11,broad,8,S2_visual_GT2:2015-04-11,4,1
MPL-0320,S2:MSM41_litter-T28,S2_visual_GT2,2015-04-11,broad,8,S2_visual_GT2:2015-04-11,4,1
MPL-0329,S2:MSM41_litter-T32,S2_visual_GT2,2015-04-12,broad,8,S2_visual_GT2:2015-04-12,0,1
MPL-0336,S2:MSM41_litter-T31,S2_visual_GT2,2015-04-12,broad,8,S2_visual_GT2:2015-04-12,0,1
MPL-0342,S2:MSM41_litter-T30,S2_visual_GT2,2015-04-12,broad,8,S2_visual_GT2:2015-04-12,0,1
MPL-0346,S2:MSM41_litter-T34,S2_visual_GT2,2015-04-13,broad,8,S2_visual_GT2:2015-04-13,0,4
MPL-0351,S2:MSM41_litter-T33,S2_visual_GT2,2015-04-13,broad,8,S2_visual_GT2:2015-04-13,0,4
MPL-0354,S2:MSM41_litter-T37,S2_visual_GT2,2015-04-14,broad,8,S2_visual_GT2:2015-04-14,3,4
MPL-0358,S2:MSM41_litter-T35,S2_visual_GT2,2015-04-14,broad,8,S2_visual_GT2:2015-04-14,3,4
MPL-0361,S2:MSM41_litter-T38,S2_visual_GT2,2015-04-15,broad,8,S2_visual_GT2:2015-04-15,0,4
MPL-0364,S2:MSM41_litter-T40,S2_visual_GT2,2015-04-16,broad,8,S2_visual_GT2:2015-04-16,4,4
MPL-0367,S2:MSM41_litter-T39,S2_visual_GT2,2015-04-16,broad,8,S2_visual_GT2:2015-04-16,4,4
MPL-0371,S2:MSM41_litter-T41,S2_visual_GT2,2015-04-17,broad,8,S2_visual_GT2:2015-04-17,2,2
MPL-0375,S2:MSM41_litter-T42,S2_visual_GT2,2015-04-17,broad,8,S2_visual_GT2:2015-04-17,2,2
MPL-0378,S2:MSM41_litter-T43,S2_visual_GT2,2015-04-18,broad,8,S2_visual_GT2:2015-04-18,4,2
MPL-0382,S2:MSM41_litter-T44,S2_visual_GT2,2015-04-18,broad,8,S2_visual_GT2:2015-04-18,4,2
MPL-0385,S2:MSM41_litter-T45,S2_visual_GT2,2015-04-18,broad,8,S2_visual_GT2:2015-04-18,4,2
MPL-0389,S2:MSM41_litter-T46,S2_visual_GT2,2015-04-19,broad,8,S2_visual_GT2:2015-04-19,2,2
MPL-0397,S2:MSM41_litter-T47,S2_visual_GT2,2015-04-19,broad,8,S2_visual_GT2:2015-04-19,2,2
MPL-0401,S2:MSM41_litter-T48,S2_visual_GT2,2015-04-20,broad,8,S2_visual_GT2:2015-04-20,2,3
MPL-0409,S2:MSM41_litter-T49,S2_visual_GT2,2015-04-20,broad,8,S2_visual_GT2:2015-04-20,2,3
MPL-0417,S2:MSM41_litter-T50,S2_visual_GT2,2015-04-20,broad,8,S2_visual_GT2:2015-04-20,2,3
MPL-0421,S2:MSM41_litter-T51,S2_visual_GT2,2015-04-21,broad,8,S2_visual_GT2:2015-04-21,0,3
MPL-0425,S2:MSM41_litter-T52,S2_visual_GT2,2015-04-21,broad,8,S2_visual_GT2:2015-04-21,0,3
MPL-0430,S2:MSM41_litter-T53,S2_visual_GT2,2015-04-22,broad,8,S2_visual_GT2:2015-04-22,2,3
MPL-0443,S2:MSM41_litter-T54,S2_visual_GT2,2015-04-22,broad,8,S2_visual_GT2:2015-04-22,2,3
MPL-0455,S2:MSM41_litter-T55,S2_visual_GT2,2015-04-22,broad,8,S2_visual_GT2:2015-04-22,2,3
MPL-0460,S2:MSM41_litter-T56,S2_visual_GT2,2015-04-22,broad,8,S2_visual_GT2:2015-04-22,2,3
MPL-0472,S2:MSM41_litter-T58,S2_visual_GT2,2015-04-23,broad,8,S2_visual_GT2:2015-04-23,3,3
MPL-0484,S2:MSM41_litter-T57,S2_visual_GT2,2015-04-23,broad,8,S2_visual_GT2:2015-04-23,3,3
MPL-0494,S2:MSM41_litter-T60,S2_visual_GT2,2015-04-24,broad,8,S2_visual_GT2:2015-04-24,1,3
MPL-0499,S2:MSM41_litter-T59,S2_visual_GT2,2015-04-24,broad,8,S2_visual_GT2:2015-04-24,1,3
MPL-0504,S2:MSM41_litter-T62,S2_visual_GT2,2015-04-25,broad,8,S2_visual_GT2:2015-04-25,3,2
MPL-0507,S2:MSM41_litter-T61,S2_visual_GT2,2015-04-25,broad,8,S2_visual_GT2:2015-04-25,3,2
MPL-0513,S2:MSM41_litter-T65,S2_visual_GT2,2015-04-26,broad,8,S2_visual_GT2:2015-04-26,0,2
MPL-0518,S2:MSM41_litter-T64,S2_visual_GT2,2015-04-26,broad,8,S2_visual_GT2:2015-04-26,0,2
MPL-0523,S2:MSM41_litter-T63,S2_visual_GT2,2015-04-26,broad,8,S2_visual_GT2:2015-04-26,0,2
MPL-0197,S2:MSM41_litter-T1,S2_visual_GT2,2015-04-01,broad,9,S2_visual_GT2:2015-04-01,4,1
MPL-0200,S2:MSM41_litter-T5,S2_visual_GT2,2015-04-02,broad,9,S2_visual_GT2:2015-04-02,0,1
MPL-0203,S2:MSM41_litter-T4,S2_visual_GT2,2015-04-02,broad,9,S2_visual_GT2:2015-04-02,0,1
MPL-0209,S2:MSM41_litter-T3,S2_visual_GT2,2015-04-02,broad,9,S2_visual_GT2:2015-04-02,0,1
MPL-0214,S2:MSM41_litter-T2,S2_visual_GT2,2015-04-02,broad,9,S2_visual_GT2:2015-04-02,0,1
MPL-0216,S2:MSM41_litter-T8,S2_visual_GT2,2015-04-03,broad,9,S2_visual_GT2:2015-04-03,4,1
MPL-0220,S2:MSM41_litter-T7,S2_visual_GT2,2015-04-03,broad,9,S2_visual_GT2:2015-04-03,4,1
MPL-0226,S2:MSM41_litter-T6,S2_visual_GT2,2015-04-03,broad,9,S2_visual_GT2:2015-04-03,4,1
MPL-0229,S2:MSM41_litter-T10,S2_visual_GT2,2015-04-04,broad,9,S2_visual_GT2:2015-04-04,0,0
MPL-0233,S2:MSM41_litter-T12,S2_visual_GT2,2015-04-05,broad,9,S2_visual_GT2:2015-04-05,3,0
MPL-0235,S2:MSM41_litter-T11,S2_visual_GT2,2015-04-05,broad,9,S2_visual_GT2:2015-04-05,3,0
MPL-0237,S2:MSM41_litter-T16,S2_visual_GT2,2015-04-06,broad,9,S2_visual_GT2:2015-04-06,0,0
MPL-0241,S2:MSM41_litter-T15,S2_visual_GT2,2015-04-06,broad,9,S2_visual_GT2:2015-04-06,0,0
MPL-0246,S2:MSM41_litter-T14,S2_visual_GT2,2015-04-06,broad,9,S2_visual_GT2:2015-04-06,0,0
MPL-0249,S2:MSM41_litter-T13,S2_visual_GT2,2015-04-06,broad,9,S2_visual_GT2:2015-04-06,0,0
MPL-0254,S2:MSM41_litter-T17,S2_visual_GT2,2015-04-07,broad,9,S2_visual_GT2:2015-04-07,1,0
MPL-0260,S2:MSM41_litter-T18,S2_visual_GT2,2015-04-07,broad,9,S2_visual_GT2:2015-04-07,1,0
MPL-0264,S2:MSM41_litter-T19,S2_visual_GT2,2015-04-08,broad,9,S2_visual_GT2:2015-04-08,2,0
MPL-0267,S2:MSM41_litter-T20,S2_visual_GT2,2015-04-08,broad,9,S2_visual_GT2:2015-04-08,2,0
MPL-0271,S2:MSM41_litter-T21,S2_visual_GT2,2015-04-08,broad,9,S2_visual_GT2:2015-04-08,2,0
MPL-0277,S2:MSM41_litter-T22,S2_visual_GT2,2015-04-09,broad,9,S2_visual_GT2:2015-04-09,2,1
MPL-0283,S2:MSM41_litter-T23,S2_visual_GT2,2015-04-09,broad,9,S2_visual_GT2:2015-04-09,2,1
MPL-0289,S2:MSM41_litter-T24,S2_visual_GT2,2015-04-09,broad,9,S2_visual_GT2:2015-04-09,2,1
MPL-0297,S2:MSM41_litter-T25,S2_visual_GT2,2015-04-10,broad,9,S2_visual_GT2:2015-04-10,2,1
MPL-0302,S2:MSM41_litter-T26,S2_visual_GT2,2015-04-10,broad,9,S2_visual_GT2:2015-04-10,2,1
MPL-0309,S2:MSM41_litter-T27,S2_visual_GT2,2015-04-11,broad,9,S2_visual_GT2:2015-04-11,0,1
MPL-0311,S2:MSM41_litter-T29,S2_visual_GT2,2015-04-11,broad,9,S2_visual_GT2:2015-04-11,0,1
MPL-0320,S2:MSM41_litter-T28,S2_visual_GT2,2015-04-11,broad,9,S2_visual_GT2:2015-04-11,0,1
MPL-0329,S2:MSM41_litter-T32,S2_visual_GT2,2015-04-12,broad,9,S2_visual_GT2:2015-04-12,3,1
MPL-0336,S2:MSM41_litter-T31,S2_visual_GT2,2015-04-12,broad,9,S2_visual_GT2:2015-04-12,3,1
MPL-0342,S2:MSM41_litter-T30,S2_visual_GT2,2015-04-12,broad,9,S2_visual_GT2:2015-04-12,3,1
MPL-0346,S2:MSM41_litter-T34,S2_visual_GT2,2015-04-13,broad,9,S2_visual_GT2:2015-04-13,0,4
MPL-0351,S2:MSM41_litter-T33,S2_visual_GT2,2015-04-13,broad,9,S2_visual_GT2:2015-04-13,0,4
MPL-0354,S2:MSM41_litter-T37,S2_visual_GT2,2015-04-14,broad,9,S2_visual_GT2:2015-04-14,4,4
MPL-0358,S2:MSM41_litter-T35,S2_visual_GT2,2015-04-14,broad,9,S2_visual_GT2:2015-04-14,4,4
MPL-0361,S2:MSM41_litter-T38,S2_visual_GT2,2015-04-15,broad,9,S2_visual_GT2:2015-04-15,3,4
MPL-0364,S2:MSM41_litter-T40,S2_visual_GT2,2015-04-16,broad,9,S2_visual_GT2:2015-04-16,1,4
MPL-0367,S2:MSM41_litter-T39,S2_visual_GT2,2015-04-16,broad,9,S2_visual_GT2:2015-04-16,1,4
MPL-0371,S2:MSM41_litter-T41,S2_visual_GT2,2015-04-17,broad,9,S2_visual_GT2:2015-04-17,4,2
MPL-0375,S2:MSM41_litter-T42,S2_visual_GT2,2015-04-17,broad,9,S2_visual_GT2:2015-04-17,4,2
MPL-0378,S2:MSM41_litter-T43,S2_visual_GT2,2015-04-18,broad,9,S2_visual_GT2:2015-04-18,4,2
MPL-0382,S2:MSM41_litter-T44,S2_visual_GT2,2015-04-18,broad,9,S2_visual_GT2:2015-04-18,4,2
MPL-0385,S2:MSM41_litter-T45,S2_visual_GT2,2015-04-18,broad,9,S2_visual_GT2:2015-04-18,4,2
MPL-0389,S2:MSM41_litter-T46,S2_visual_GT2,2015-04-19,broad,9,S2_visual_GT2:2015-04-19,1,2
MPL-0397,S2:MSM41_litter-T47,S2_visual_GT2,2015-04-19,broad,9,S2_visual_GT2:2015-04-19,1,2
MPL-0401,S2:MSM41_litter-T48,S2_visual_GT2,2015-04-20,broad,9,S2_visual_GT2:2015-04-20,3,3
MPL-0409,S2:MSM41_litter-T49,S2_visual_GT2,2015-04-20,broad,9,S2_visual_GT2:2015-04-20,3,3
MPL-0417,S2:MSM41_litter-T50,S2_visual_GT2,2015-04-20,broad,9,S2_visual_GT2:2015-04-20,3,3
MPL-0421,S2:MSM41_litter-T51,S2_visual_GT2,2015-04-21,broad,9,S2_visual_GT2:2015-04-21,1,3
MPL-0425,S2:MSM41_litter-T52,S2_visual_GT2,2015-04-21,broad,9,S2_visual_GT2:2015-04-21,1,3
MPL-0430,S2:MSM41_litter-T53,S2_visual_GT2,2015-04-22,broad,9,S2_visual_GT2:2015-04-22,3,3
MPL-0443,S2:MSM41_litter-T54,S2_visual_GT2,2015-04-22,broad,9,S2_visual_GT2:2015-04-22,3,3
MPL-0455,S2:MSM41_litter-T55,S2_visual_GT2,2015-04-22,broad,9,S2_visual_GT2:2015-04-22,3,3
MPL-0460,S2:MSM41_litter-T56,S2_visual_GT2,2015-04-22,broad,9,S2_visual_GT2:2015-04-22,3,3
MPL-0472,S2:MSM41_litter-T58,S2_visual_GT2,2015-04-23,broad,9,S2_visual_GT2:2015-04-23,2,3
MPL-0484,S2:MSM41_litter-T57,S2_visual_GT2,2015-04-23,broad,9,S2_visual_GT2:2015-04-23,2,3
MPL-0494,S2:MSM41_litter-T60,S2_visual_GT2,2015-04-24,broad,9,S2_visual_GT2:2015-04-24,2,3
MPL-0499,S2:MSM41_litter-T59,S2_visual_GT2,2015-04-24,broad,9,S2_visual_GT2:2015-04-24,2,3
MPL-0504,S2:MSM41_litter-T62,S2_visual_GT2,2015-04-25,broad,9,S2_visual_GT2:2015-04-25,1,2
MPL-0507,S2:MSM41_litter-T61,S2_visual_GT2,2015-04-25,broad,9,S2_visual_GT2:2015-04-25,1,2
MPL-0513,S2:MSM41_litter-T65,S2_visual_GT2,2015-04-26,broad,9,S2_visual_GT2:2015-04-26,0,2
MPL-0518,S2:MSM41_litter-T64,S2_visual_GT2,2015-04-26,broad,9,S2_visual_GT2:2015-04-26,0,2
MPL-0523,S2:MSM41_litter-T63,S2_visual_GT2,2015-04-26,broad,9,S2_visual_GT2:2015-04-26,0,2
MPL-0526,S1:0.1,S1_trawl_5_to_50,2015-07-25,broad,0,S1_trawl_5_to_50:2015-07-25,1,0
MPL-0530,S1:2.3,S1_trawl_5_to_50,2015-07-27,broad,0,S1_trawl_5_to_50:2015-07-27,1,2
MPL-0531,S1:1.3,S1_trawl_5_to_50,2015-07-27,broad,0,S1_trawl_5_to_50:2015-07-27,1,2
MPL-0535,S1:4.3,S1_trawl_5_to_50,2015-07-28,broad,0,S1_trawl_5_to_50:2015-07-28,3,2
MPL-0543,S1:3.3,S1_trawl_5_to_50,2015-07-28,broad,0,S1_trawl_5_to_50:2015-07-28,3,2
MPL-0544,S1:6.4,S1_trawl_5_to_50,2015-07-28,broad,0,S1_trawl_5_to_50:2015-07-28,3,2
MPL-0545,S1:6.3,S1_trawl_5_to_50,2015-07-28,broad,0,S1_trawl_5_to_50:2015-07-28,3,2
MPL-0546,S1:5.3,S1_trawl_5_to_50,2015-07-28,broad,0,S1_trawl_5_to_50:2015-07-28,3,2
MPL-0551,S1:9.4,S1_trawl_5_to_50,2015-07-29,broad,0,S1_trawl_5_to_50:2015-07-29,0,1
MPL-0554,S1:10.4,S1_trawl_5_to_50,2015-07-29,broad,0,S1_trawl_5_to_50:2015-07-29,0,1
MPL-0555,S1:8.4,S1_trawl_5_to_50,2015-07-29,broad,0,S1_trawl_5_to_50:2015-07-29,0,1
MPL-0559,S1:7.4,S1_trawl_5_to_50,2015-07-29,broad,0,S1_trawl_5_to_50:2015-07-29,0,2
MPL-0563,S1:11.4,S1_trawl_5_to_50,2015-07-29,broad,0,S1_trawl_5_to_50:2015-07-29,0,1
MPL-0566,S1:12.3,S1_trawl_5_to_50,2015-07-30,broad,0,S1_trawl_5_to_50:2015-07-30,4,1
MPL-0569,S1:13.3,S1_trawl_5_to_50,2015-07-30,broad,0,S1_trawl_5_to_50:2015-07-30,4,1
MPL-0570,S1:14.3,S1_trawl_5_to_50,2015-07-30,broad,0,S1_trawl_5_to_50:2015-07-30,4,3
MPL-0573,S1:17.4,S1_trawl_5_to_50,2015-07-31,broad,0,S1_trawl_5_to_50:2015-07-31,4,3
MPL-0574,S1:17.3,S1_trawl_5_to_50,2015-07-31,broad,0,S1_trawl_5_to_50:2015-07-31,4,3
MPL-0577,S1:15.3,S1_trawl_5_to_50,2015-07-31,broad,0,S1_trawl_5_to_50:2015-07-31,4,3
MPL-0581,S1:16.3,S1_trawl_5_to_50,2015-07-31,broad,0,S1_trawl_5_to_50:2015-07-31,4,3
MPL-0588,S1:20.4,S1_trawl_5_to_50,2015-08-01,broad,0,S1_trawl_5_to_50:2015-08-01,3,3
MPL-0590,S1:19.4,S1_trawl_5_to_50,2015-08-01,broad,0,S1_trawl_5_to_50:2015-08-01,3,3
MPL-0593,S1:18.4,S1_trawl_5_to_50,2015-08-01,broad,0,S1_trawl_5_to_50:2015-08-01,3,3
MPL-0596,S1:24.4,S1_trawl_5_to_50,2015-08-02,broad,0,S1_trawl_5_to_50:2015-08-02,0,1
MPL-0597,S1:21.4,S1_trawl_5_to_50,2015-08-02,broad,0,S1_trawl_5_to_50:2015-08-02,0,3
MPL-0599,S1:22.4,S1_trawl_5_to_50,2015-08-02,broad,0,S1_trawl_5_to_50:2015-08-02,0,1
MPL-0603,S1:27.3,S1_trawl_5_to_50,2015-08-03,broad,0,S1_trawl_5_to_50:2015-08-03,3,1
MPL-0606,S1:26.3,S1_trawl_5_to_50,2015-08-03,broad,0,S1_trawl_5_to_50:2015-08-03,3,1
MPL-0607,S1:25.3,S1_trawl_5_to_50,2015-08-03,broad,0,S1_trawl_5_to_50:2015-08-03,3,1
MPL-0610,S1:28.3,S1_trawl_5_to_50,2015-08-03,broad,0,S1_trawl_5_to_50:2015-08-03,3,2
MPL-0618,S1:31.4,S1_trawl_5_to_50,2015-08-04,broad,0,S1_trawl_5_to_50:2015-08-04,4,2
MPL-0621,S1:30.4,S1_trawl_5_to_50,2015-08-04,broad,0,S1_trawl_5_to_50:2015-08-04,4,2
MPL-0622,S1:29.3,S1_trawl_5_to_50,2015-08-04,broad,0,S1_trawl_5_to_50:2015-08-04,4,2
MPL-0623,S1:30.3,S1_trawl_5_to_50,2015-08-04,broad,0,S1_trawl_5_to_50:2015-08-04,4,2
MPL-0627,S1:32.4,S1_trawl_5_to_50,2015-08-04,broad,0,S1_trawl_5_to_50:2015-08-04,4,2
MPL-0631,S1:34.4,S1_trawl_5_to_50,2015-08-05,broad,0,S1_trawl_5_to_50:2015-08-05,4,2
MPL-0634,S1:33.4,S1_trawl_5_to_50,2015-08-05,broad,0,S1_trawl_5_to_50:2015-08-05,4,2
MPL-0637,S1:35.4,S1_trawl_5_to_50,2015-08-05,broad,0,S1_trawl_5_to_50:2015-08-05,4,0
MPL-0640,S1:39.3,S1_trawl_5_to_50,2015-08-06,broad,0,S1_trawl_5_to_50:2015-08-06,0,2
MPL-0642,S1:38.3,S1_trawl_5_to_50,2015-08-06,broad,0,S1_trawl_5_to_50:2015-08-06,0,2
MPL-0647,S1:36.3,S1_trawl_5_to_50,2015-08-06,broad,0,S1_trawl_5_to_50:2015-08-06,0,0
MPL-0648,S1:37.3,S1_trawl_5_to_50,2015-08-06,broad,0,S1_trawl_5_to_50:2015-08-06,0,0
MPL-0654,S1:41.3,S1_trawl_5_to_50,2015-08-07,broad,0,S1_trawl_5_to_50:2015-08-07,3,4
MPL-0656,S1:42.3,S1_trawl_5_to_50,2015-08-07,broad,0,S1_trawl_5_to_50:2015-08-07,3,4
MPL-0658,S1:42.4,S1_trawl_5_to_50,2015-08-07,broad,0,S1_trawl_5_to_50:2015-08-07,3,4
MPL-0660,S1:43.4,S1_trawl_5_to_50,2015-08-07,broad,0,S1_trawl_5_to_50:2015-08-07,3,4
MPL-0666,S1:45.4,S1_trawl_5_to_50,2015-08-08,broad,0,S1_trawl_5_to_50:2015-08-08,2,1
MPL-0668,S1:44.4,S1_trawl_5_to_50,2015-08-08,broad,0,S1_trawl_5_to_50:2015-08-08,2,1
MPL-0669,S1:47.4,S1_trawl_5_to_50,2015-08-08,broad,0,S1_trawl_5_to_50:2015-08-08,2,1
MPL-0671,S1:46.4,S1_trawl_5_to_50,2015-08-08,broad,0,S1_trawl_5_to_50:2015-08-08,2,1
MPL-0677,S1:48.4,S1_trawl_5_to_50,2015-08-09,broad,0,S1_trawl_5_to_50:2015-08-09,1,3
MPL-0680,S1:51.3,S1_trawl_5_to_50,2015-08-09,broad,0,S1_trawl_5_to_50:2015-08-09,1,3
MPL-0684,S1:49.3,S1_trawl_5_to_50,2015-08-09,broad,0,S1_trawl_5_to_50:2015-08-09,1,3
MPL-0687,S1:50.3,S1_trawl_5_to_50,2015-08-09,broad,0,S1_trawl_5_to_50:2015-08-09,1,3
MPL-0691,S1:52.3,S1_trawl_5_to_50,2015-08-10,broad,0,S1_trawl_5_to_50:2015-08-10,1,3
MPL-0694,S1:53.3,S1_trawl_5_to_50,2015-08-10,broad,0,S1_trawl_5_to_50:2015-08-10,1,3
MPL-0699,S1:54.4,S1_trawl_5_to_50,2015-08-10,broad,0,S1_trawl_5_to_50:2015-08-10,1,3
MPL-0701,S1:54.3,S1_trawl_5_to_50,2015-08-10,broad,0,S1_trawl_5_to_50:2015-08-10,1,3
MPL-0705,S1:57.4,S1_trawl_5_to_50,2015-08-11,broad,0,S1_trawl_5_to_50:2015-08-11,0,3
MPL-0710,S1:58.4,S1_trawl_5_to_50,2015-08-11,broad,0,S1_trawl_5_to_50:2015-08-11,0,3
MPL-0711,S1:56.4,S1_trawl_5_to_50,2015-08-11,broad,0,S1_trawl_5_to_50:2015-08-11,0,3
MPL-0715,S1:55.4,S1_trawl_5_to_50,2015-08-11,broad,0,S1_trawl_5_to_50:2015-08-11,0,3
MPL-0716,S1:61.3,S1_trawl_5_to_50,2015-08-12,broad,0,S1_trawl_5_to_50:2015-08-12,1,4
MPL-0721,S1:60.4,S1_trawl_5_to_50,2015-08-12,broad,0,S1_trawl_5_to_50:2015-08-12,1,4
MPL-0724,S1:62.3,S1_trawl_5_to_50,2015-08-12,broad,0,S1_trawl_5_to_50:2015-08-12,1,4
MPL-0725,S1:66.4,S1_trawl_5_to_50,2015-08-13,broad,0,S1_trawl_5_to_50:2015-08-13,2,4
MPL-0726,S1:65.3,S1_trawl_5_to_50,2015-08-13,broad,0,S1_trawl_5_to_50:2015-08-13,2,4
MPL-0727,S1:66.3,S1_trawl_5_to_50,2015-08-13,broad,0,S1_trawl_5_to_50:2015-08-13,2,4
MPL-0736,S1:64.3,S1_trawl_5_to_50,2015-08-13,broad,0,S1_trawl_5_to_50:2015-08-13,2,4
MPL-0738,S1:63.3,S1_trawl_5_to_50,2015-08-13,broad,0,S1_trawl_5_to_50:2015-08-13,2,4
MPL-0739,S1:69.4,S1_trawl_5_to_50,2015-08-14,broad,0,S1_trawl_5_to_50:2015-08-14,3,0
MPL-0742,S1:68.4,S1_trawl_5_to_50,2015-08-14,broad,0,S1_trawl_5_to_50:2015-08-14,3,0
MPL-0747,S1:70.4,S1_trawl_5_to_50,2015-08-14,broad,0,S1_trawl_5_to_50:2015-08-14,3,0
MPL-0751,S1:67.4,S1_trawl_5_to_50,2015-08-14,broad,0,S1_trawl_5_to_50:2015-08-14,3,4
MPL-0753,S1:71.4,S1_trawl_5_to_50,2015-08-15,broad,0,S1_trawl_5_to_50:2015-08-15,2,0
MPL-0755,S1:72.4,S1_trawl_5_to_50,2015-08-15,broad,0,S1_trawl_5_to_50:2015-08-15,2,0
MPL-0756,S1:73.3,S1_trawl_5_to_50,2015-08-15,broad,0,S1_trawl_5_to_50:2015-08-15,2,0
MPL-0762,S1:74.3,S1_trawl_5_to_50,2015-08-16,broad,0,S1_trawl_5_to_50:2015-08-16,0,0
MPL-0763,S1:75.3,S1_trawl_5_to_50,2015-08-16,broad,0,S1_trawl_5_to_50:2015-08-16,0,4
MPL-0768,S1:77.3,S1_trawl_5_to_50,2015-08-17,broad,0,S1_trawl_5_to_50:2015-08-17,2,4
MPL-0770,S1:78.3,S1_trawl_5_to_50,2015-08-17,broad,0,S1_trawl_5_to_50:2015-08-17,2,4
MPL-0777,S1:79.4,S1_trawl_5_to_50,2015-08-18,broad,0,S1_trawl_5_to_50:2015-08-18,2,4
MPL-0778,S1:79.3,S1_trawl_5_to_50,2015-08-18,broad,0,S1_trawl_5_to_50:2015-08-18,2,4
MPL-0526,S1:0.1,S1_trawl_5_to_50,2015-07-25,broad,1,S1_trawl_5_to_50:2015-07-25,1,0
MPL-0530,S1:2.3,S1_trawl_5_to_50,2015-07-27,broad,1,S1_trawl_5_to_50:2015-07-27,0,2
MPL-0531,S1:1.3,S1_trawl_5_to_50,2015-07-27,broad,1,S1_trawl_5_to_50:2015-07-27,0,2
MPL-0535,S1:4.3,S1_trawl_5_to_50,2015-07-28,broad,1,S1_trawl_5_to_50:2015-07-28,2,2
MPL-0543,S1:3.3,S1_trawl_5_to_50,2015-07-28,broad,1,S1_trawl_5_to_50:2015-07-28,2,2
MPL-0544,S1:6.4,S1_trawl_5_to_50,2015-07-28,broad,1,S1_trawl_5_to_50:2015-07-28,2,2
MPL-0545,S1:6.3,S1_trawl_5_to_50,2015-07-28,broad,1,S1_trawl_5_to_50:2015-07-28,2,2
MPL-0546,S1:5.3,S1_trawl_5_to_50,2015-07-28,broad,1,S1_trawl_5_to_50:2015-07-28,2,2
MPL-0551,S1:9.4,S1_trawl_5_to_50,2015-07-29,broad,1,S1_trawl_5_to_50:2015-07-29,3,1
MPL-0554,S1:10.4,S1_trawl_5_to_50,2015-07-29,broad,1,S1_trawl_5_to_50:2015-07-29,3,1
MPL-0555,S1:8.4,S1_trawl_5_to_50,2015-07-29,broad,1,S1_trawl_5_to_50:2015-07-29,3,1
MPL-0559,S1:7.4,S1_trawl_5_to_50,2015-07-29,broad,1,S1_trawl_5_to_50:2015-07-29,3,2
MPL-0563,S1:11.4,S1_trawl_5_to_50,2015-07-29,broad,1,S1_trawl_5_to_50:2015-07-29,3,1
MPL-0566,S1:12.3,S1_trawl_5_to_50,2015-07-30,broad,1,S1_trawl_5_to_50:2015-07-30,3,1
MPL-0569,S1:13.3,S1_trawl_5_to_50,2015-07-30,broad,1,S1_trawl_5_to_50:2015-07-30,3,1
MPL-0570,S1:14.3,S1_trawl_5_to_50,2015-07-30,broad,1,S1_trawl_5_to_50:2015-07-30,3,3
MPL-0573,S1:17.4,S1_trawl_5_to_50,2015-07-31,broad,1,S1_trawl_5_to_50:2015-07-31,3,3
MPL-0574,S1:17.3,S1_trawl_5_to_50,2015-07-31,broad,1,S1_trawl_5_to_50:2015-07-31,3,3
MPL-0577,S1:15.3,S1_trawl_5_to_50,2015-07-31,broad,1,S1_trawl_5_to_50:2015-07-31,3,3
MPL-0581,S1:16.3,S1_trawl_5_to_50,2015-07-31,broad,1,S1_trawl_5_to_50:2015-07-31,3,3
MPL-0588,S1:20.4,S1_trawl_5_to_50,2015-08-01,broad,1,S1_trawl_5_to_50:2015-08-01,0,3
MPL-0590,S1:19.4,S1_trawl_5_to_50,2015-08-01,broad,1,S1_trawl_5_to_50:2015-08-01,0,3
MPL-0593,S1:18.4,S1_trawl_5_to_50,2015-08-01,broad,1,S1_trawl_5_to_50:2015-08-01,0,3
MPL-0596,S1:24.4,S1_trawl_5_to_50,2015-08-02,broad,1,S1_trawl_5_to_50:2015-08-02,0,1
MPL-0597,S1:21.4,S1_trawl_5_to_50,2015-08-02,broad,1,S1_trawl_5_to_50:2015-08-02,0,3
MPL-0599,S1:22.4,S1_trawl_5_to_50,2015-08-02,broad,1,S1_trawl_5_to_50:2015-08-02,0,1
MPL-0603,S1:27.3,S1_trawl_5_to_50,2015-08-03,broad,1,S1_trawl_5_to_50:2015-08-03,4,1
MPL-0606,S1:26.3,S1_trawl_5_to_50,2015-08-03,broad,1,S1_trawl_5_to_50:2015-08-03,4,1
MPL-0607,S1:25.3,S1_trawl_5_to_50,2015-08-03,broad,1,S1_trawl_5_to_50:2015-08-03,4,1
MPL-0610,S1:28.3,S1_trawl_5_to_50,2015-08-03,broad,1,S1_trawl_5_to_50:2015-08-03,4,2
MPL-0618,S1:31.4,S1_trawl_5_to_50,2015-08-04,broad,1,S1_trawl_5_to_50:2015-08-04,2,2
MPL-0621,S1:30.4,S1_trawl_5_to_50,2015-08-04,broad,1,S1_trawl_5_to_50:2015-08-04,2,2
MPL-0622,S1:29.3,S1_trawl_5_to_50,2015-08-04,broad,1,S1_trawl_5_to_50:2015-08-04,2,2
MPL-0623,S1:30.3,S1_trawl_5_to_50,2015-08-04,broad,1,S1_trawl_5_to_50:2015-08-04,2,2
MPL-0627,S1:32.4,S1_trawl_5_to_50,2015-08-04,broad,1,S1_trawl_5_to_50:2015-08-04,2,2
MPL-0631,S1:34.4,S1_trawl_5_to_50,2015-08-05,broad,1,S1_trawl_5_to_50:2015-08-05,2,2
MPL-0634,S1:33.4,S1_trawl_5_to_50,2015-08-05,broad,1,S1_trawl_5_to_50:2015-08-05,2,2
MPL-0637,S1:35.4,S1_trawl_5_to_50,2015-08-05,broad,1,S1_trawl_5_to_50:2015-08-05,2,0
MPL-0640,S1:39.3,S1_trawl_5_to_50,2015-08-06,broad,1,S1_trawl_5_to_50:2015-08-06,0,2
MPL-0642,S1:38.3,S1_trawl_5_to_50,2015-08-06,broad,1,S1_trawl_5_to_50:2015-08-06,0,2
MPL-0647,S1:36.3,S1_trawl_5_to_50,2015-08-06,broad,1,S1_trawl_5_to_50:2015-08-06,0,0
MPL-0648,S1:37.3,S1_trawl_5_to_50,2015-08-06,broad,1,S1_trawl_5_to_50:2015-08-06,0,0
MPL-0654,S1:41.3,S1_trawl_5_to_50,2015-08-07,broad,1,S1_trawl_5_to_50:2015-08-07,1,4
MPL-0656,S1:42.3,S1_trawl_5_to_50,2015-08-07,broad,1,S1_trawl_5_to_50:2015-08-07,1,4
MPL-0658,S1:42.4,S1_trawl_5_to_50,2015-08-07,broad,1,S1_trawl_5_to_50:2015-08-07,1,4
MPL-0660,S1:43.4,S1_trawl_5_to_50,2015-08-07,broad,1,S1_trawl_5_to_50:2015-08-07,1,4
MPL-0666,S1:45.4,S1_trawl_5_to_50,2015-08-08,broad,1,S1_trawl_5_to_50:2015-08-08,4,1
MPL-0668,S1:44.4,S1_trawl_5_to_50,2015-08-08,broad,1,S1_trawl_5_to_50:2015-08-08,4,1
MPL-0669,S1:47.4,S1_trawl_5_to_50,2015-08-08,broad,1,S1_trawl_5_to_50:2015-08-08,4,1
MPL-0671,S1:46.4,S1_trawl_5_to_50,2015-08-08,broad,1,S1_trawl_5_to_50:2015-08-08,4,1
MPL-0677,S1:48.4,S1_trawl_5_to_50,2015-08-09,broad,1,S1_trawl_5_to_50:2015-08-09,4,3
MPL-0680,S1:51.3,S1_trawl_5_to_50,2015-08-09,broad,1,S1_trawl_5_to_50:2015-08-09,4,3
MPL-0684,S1:49.3,S1_trawl_5_to_50,2015-08-09,broad,1,S1_trawl_5_to_50:2015-08-09,4,3
MPL-0687,S1:50.3,S1_trawl_5_to_50,2015-08-09,broad,1,S1_trawl_5_to_50:2015-08-09,4,3
MPL-0691,S1:52.3,S1_trawl_5_to_50,2015-08-10,broad,1,S1_trawl_5_to_50:2015-08-10,3,3
MPL-0694,S1:53.3,S1_trawl_5_to_50,2015-08-10,broad,1,S1_trawl_5_to_50:2015-08-10,3,3
MPL-0699,S1:54.4,S1_trawl_5_to_50,2015-08-10,broad,1,S1_trawl_5_to_50:2015-08-10,3,3
MPL-0701,S1:54.3,S1_trawl_5_to_50,2015-08-10,broad,1,S1_trawl_5_to_50:2015-08-10,3,3
MPL-0705,S1:57.4,S1_trawl_5_to_50,2015-08-11,broad,1,S1_trawl_5_to_50:2015-08-11,2,3
MPL-0710,S1:58.4,S1_trawl_5_to_50,2015-08-11,broad,1,S1_trawl_5_to_50:2015-08-11,2,3
MPL-0711,S1:56.4,S1_trawl_5_to_50,2015-08-11,broad,1,S1_trawl_5_to_50:2015-08-11,2,3
MPL-0715,S1:55.4,S1_trawl_5_to_50,2015-08-11,broad,1,S1_trawl_5_to_50:2015-08-11,2,3
MPL-0716,S1:61.3,S1_trawl_5_to_50,2015-08-12,broad,1,S1_trawl_5_to_50:2015-08-12,0,4
MPL-0721,S1:60.4,S1_trawl_5_to_50,2015-08-12,broad,1,S1_trawl_5_to_50:2015-08-12,0,4
MPL-0724,S1:62.3,S1_trawl_5_to_50,2015-08-12,broad,1,S1_trawl_5_to_50:2015-08-12,0,4
MPL-0725,S1:66.4,S1_trawl_5_to_50,2015-08-13,broad,1,S1_trawl_5_to_50:2015-08-13,3,4
MPL-0726,S1:65.3,S1_trawl_5_to_50,2015-08-13,broad,1,S1_trawl_5_to_50:2015-08-13,3,4
MPL-0727,S1:66.3,S1_trawl_5_to_50,2015-08-13,broad,1,S1_trawl_5_to_50:2015-08-13,3,4
MPL-0736,S1:64.3,S1_trawl_5_to_50,2015-08-13,broad,1,S1_trawl_5_to_50:2015-08-13,3,4
MPL-0738,S1:63.3,S1_trawl_5_to_50,2015-08-13,broad,1,S1_trawl_5_to_50:2015-08-13,3,4
MPL-0739,S1:69.4,S1_trawl_5_to_50,2015-08-14,broad,1,S1_trawl_5_to_50:2015-08-14,4,0
MPL-0742,S1:68.4,S1_trawl_5_to_50,2015-08-14,broad,1,S1_trawl_5_to_50:2015-08-14,4,0
MPL-0747,S1:70.4,S1_trawl_5_to_50,2015-08-14,broad,1,S1_trawl_5_to_50:2015-08-14,4,0
MPL-0751,S1:67.4,S1_trawl_5_to_50,2015-08-14,broad,1,S1_trawl_5_to_50:2015-08-14,4,4
MPL-0753,S1:71.4,S1_trawl_5_to_50,2015-08-15,broad,1,S1_trawl_5_to_50:2015-08-15,1,0
MPL-0755,S1:72.4,S1_trawl_5_to_50,2015-08-15,broad,1,S1_trawl_5_to_50:2015-08-15,1,0
MPL-0756,S1:73.3,S1_trawl_5_to_50,2015-08-15,broad,1,S1_trawl_5_to_50:2015-08-15,1,0
MPL-0762,S1:74.3,S1_trawl_5_to_50,2015-08-16,broad,1,S1_trawl_5_to_50:2015-08-16,1,0
MPL-0763,S1:75.3,S1_trawl_5_to_50,2015-08-16,broad,1,S1_trawl_5_to_50:2015-08-16,1,4
MPL-0768,S1:77.3,S1_trawl_5_to_50,2015-08-17,broad,1,S1_trawl_5_to_50:2015-08-17,2,4
MPL-0770,S1:78.3,S1_trawl_5_to_50,2015-08-17,broad,1,S1_trawl_5_to_50:2015-08-17,2,4
MPL-0777,S1:79.4,S1_trawl_5_to_50,2015-08-18,broad,1,S1_trawl_5_to_50:2015-08-18,1,4
MPL-0778,S1:79.3,S1_trawl_5_to_50,2015-08-18,broad,1,S1_trawl_5_to_50:2015-08-18,1,4
MPL-0526,S1:0.1,S1_trawl_5_to_50,2015-07-25,broad,2,S1_trawl_5_to_50:2015-07-25,1,0
MPL-0530,S1:2.3,S1_trawl_5_to_50,2015-07-27,broad,2,S1_trawl_5_to_50:2015-07-27,0,2
MPL-0531,S1:1.3,S1_trawl_5_to_50,2015-07-27,broad,2,S1_trawl_5_to_50:2015-07-27,0,2
MPL-0535,S1:4.3,S1_trawl_5_to_50,2015-07-28,broad,2,S1_trawl_5_to_50:2015-07-28,1,2
MPL-0543,S1:3.3,S1_trawl_5_to_50,2015-07-28,broad,2,S1_trawl_5_to_50:2015-07-28,1,2
MPL-0544,S1:6.4,S1_trawl_5_to_50,2015-07-28,broad,2,S1_trawl_5_to_50:2015-07-28,1,2
MPL-0545,S1:6.3,S1_trawl_5_to_50,2015-07-28,broad,2,S1_trawl_5_to_50:2015-07-28,1,2
MPL-0546,S1:5.3,S1_trawl_5_to_50,2015-07-28,broad,2,S1_trawl_5_to_50:2015-07-28,1,2
MPL-0551,S1:9.4,S1_trawl_5_to_50,2015-07-29,broad,2,S1_trawl_5_to_50:2015-07-29,2,1
MPL-0554,S1:10.4,S1_trawl_5_to_50,2015-07-29,broad,2,S1_trawl_5_to_50:2015-07-29,2,1
MPL-0555,S1:8.4,S1_trawl_5_to_50,2015-07-29,broad,2,S1_trawl_5_to_50:2015-07-29,2,1
MPL-0559,S1:7.4,S1_trawl_5_to_50,2015-07-29,broad,2,S1_trawl_5_to_50:2015-07-29,2,2
MPL-0563,S1:11.4,S1_trawl_5_to_50,2015-07-29,broad,2,S1_trawl_5_to_50:2015-07-29,2,1
MPL-0566,S1:12.3,S1_trawl_5_to_50,2015-07-30,broad,2,S1_trawl_5_to_50:2015-07-30,3,1
MPL-0569,S1:13.3,S1_trawl_5_to_50,2015-07-30,broad,2,S1_trawl_5_to_50:2015-07-30,3,1
MPL-0570,S1:14.3,S1_trawl_5_to_50,2015-07-30,broad,2,S1_trawl_5_to_50:2015-07-30,3,3
MPL-0573,S1:17.4,S1_trawl_5_to_50,2015-07-31,broad,2,S1_trawl_5_to_50:2015-07-31,1,3
MPL-0574,S1:17.3,S1_trawl_5_to_50,2015-07-31,broad,2,S1_trawl_5_to_50:2015-07-31,1,3
MPL-0577,S1:15.3,S1_trawl_5_to_50,2015-07-31,broad,2,S1_trawl_5_to_50:2015-07-31,1,3
MPL-0581,S1:16.3,S1_trawl_5_to_50,2015-07-31,broad,2,S1_trawl_5_to_50:2015-07-31,1,3
MPL-0588,S1:20.4,S1_trawl_5_to_50,2015-08-01,broad,2,S1_trawl_5_to_50:2015-08-01,3,3
MPL-0590,S1:19.4,S1_trawl_5_to_50,2015-08-01,broad,2,S1_trawl_5_to_50:2015-08-01,3,3
MPL-0593,S1:18.4,S1_trawl_5_to_50,2015-08-01,broad,2,S1_trawl_5_to_50:2015-08-01,3,3
MPL-0596,S1:24.4,S1_trawl_5_to_50,2015-08-02,broad,2,S1_trawl_5_to_50:2015-08-02,0,1
MPL-0597,S1:21.4,S1_trawl_5_to_50,2015-08-02,broad,2,S1_trawl_5_to_50:2015-08-02,0,3
MPL-0599,S1:22.4,S1_trawl_5_to_50,2015-08-02,broad,2,S1_trawl_5_to_50:2015-08-02,0,1
MPL-0603,S1:27.3,S1_trawl_5_to_50,2015-08-03,broad,2,S1_trawl_5_to_50:2015-08-03,2,1
MPL-0606,S1:26.3,S1_trawl_5_to_50,2015-08-03,broad,2,S1_trawl_5_to_50:2015-08-03,2,1
MPL-0607,S1:25.3,S1_trawl_5_to_50,2015-08-03,broad,2,S1_trawl_5_to_50:2015-08-03,2,1
MPL-0610,S1:28.3,S1_trawl_5_to_50,2015-08-03,broad,2,S1_trawl_5_to_50:2015-08-03,2,2
MPL-0618,S1:31.4,S1_trawl_5_to_50,2015-08-04,broad,2,S1_trawl_5_to_50:2015-08-04,2,2
MPL-0621,S1:30.4,S1_trawl_5_to_50,2015-08-04,broad,2,S1_trawl_5_to_50:2015-08-04,2,2
MPL-0622,S1:29.3,S1_trawl_5_to_50,2015-08-04,broad,2,S1_trawl_5_to_50:2015-08-04,2,2
MPL-0623,S1:30.3,S1_trawl_5_to_50,2015-08-04,broad,2,S1_trawl_5_to_50:2015-08-04,2,2
MPL-0627,S1:32.4,S1_trawl_5_to_50,2015-08-04,broad,2,S1_trawl_5_to_50:2015-08-04,2,2
MPL-0631,S1:34.4,S1_trawl_5_to_50,2015-08-05,broad,2,S1_trawl_5_to_50:2015-08-05,3,2
MPL-0634,S1:33.4,S1_trawl_5_to_50,2015-08-05,broad,2,S1_trawl_5_to_50:2015-08-05,3,2
MPL-0637,S1:35.4,S1_trawl_5_to_50,2015-08-05,broad,2,S1_trawl_5_to_50:2015-08-05,3,0
MPL-0640,S1:39.3,S1_trawl_5_to_50,2015-08-06,broad,2,S1_trawl_5_to_50:2015-08-06,0,2
MPL-0642,S1:38.3,S1_trawl_5_to_50,2015-08-06,broad,2,S1_trawl_5_to_50:2015-08-06,0,2
MPL-0647,S1:36.3,S1_trawl_5_to_50,2015-08-06,broad,2,S1_trawl_5_to_50:2015-08-06,0,0
MPL-0648,S1:37.3,S1_trawl_5_to_50,2015-08-06,broad,2,S1_trawl_5_to_50:2015-08-06,0,0
MPL-0654,S1:41.3,S1_trawl_5_to_50,2015-08-07,broad,2,S1_trawl_5_to_50:2015-08-07,3,4
MPL-0656,S1:42.3,S1_trawl_5_to_50,2015-08-07,broad,2,S1_trawl_5_to_50:2015-08-07,3,4
MPL-0658,S1:42.4,S1_trawl_5_to_50,2015-08-07,broad,2,S1_trawl_5_to_50:2015-08-07,3,4
MPL-0660,S1:43.4,S1_trawl_5_to_50,2015-08-07,broad,2,S1_trawl_5_to_50:2015-08-07,3,4
MPL-0666,S1:45.4,S1_trawl_5_to_50,2015-08-08,broad,2,S1_trawl_5_to_50:2015-08-08,3,1
MPL-0668,S1:44.4,S1_trawl_5_to_50,2015-08-08,broad,2,S1_trawl_5_to_50:2015-08-08,3,1
MPL-0669,S1:47.4,S1_trawl_5_to_50,2015-08-08,broad,2,S1_trawl_5_to_50:2015-08-08,3,1
MPL-0671,S1:46.4,S1_trawl_5_to_50,2015-08-08,broad,2,S1_trawl_5_to_50:2015-08-08,3,1
MPL-0677,S1:48.4,S1_trawl_5_to_50,2015-08-09,broad,2,S1_trawl_5_to_50:2015-08-09,4,3
MPL-0680,S1:51.3,S1_trawl_5_to_50,2015-08-09,broad,2,S1_trawl_5_to_50:2015-08-09,4,3
MPL-0684,S1:49.3,S1_trawl_5_to_50,2015-08-09,broad,2,S1_trawl_5_to_50:2015-08-09,4,3
MPL-0687,S1:50.3,S1_trawl_5_to_50,2015-08-09,broad,2,S1_trawl_5_to_50:2015-08-09,4,3
MPL-0691,S1:52.3,S1_trawl_5_to_50,2015-08-10,broad,2,S1_trawl_5_to_50:2015-08-10,1,3
MPL-0694,S1:53.3,S1_trawl_5_to_50,2015-08-10,broad,2,S1_trawl_5_to_50:2015-08-10,1,3
MPL-0699,S1:54.4,S1_trawl_5_to_50,2015-08-10,broad,2,S1_trawl_5_to_50:2015-08-10,1,3
MPL-0701,S1:54.3,S1_trawl_5_to_50,2015-08-10,broad,2,S1_trawl_5_to_50:2015-08-10,1,3
MPL-0705,S1:57.4,S1_trawl_5_to_50,2015-08-11,broad,2,S1_trawl_5_to_50:2015-08-11,0,3
MPL-0710,S1:58.4,S1_trawl_5_to_50,2015-08-11,broad,2,S1_trawl_5_to_50:2015-08-11,0,3
MPL-0711,S1:56.4,S1_trawl_5_to_50,2015-08-11,broad,2,S1_trawl_5_to_50:2015-08-11,0,3
MPL-0715,S1:55.4,S1_trawl_5_to_50,2015-08-11,broad,2,S1_trawl_5_to_50:2015-08-11,0,3
MPL-0716,S1:61.3,S1_trawl_5_to_50,2015-08-12,broad,2,S1_trawl_5_to_50:2015-08-12,2,4
MPL-0721,S1:60.4,S1_trawl_5_to_50,2015-08-12,broad,2,S1_trawl_5_to_50:2015-08-12,2,4
MPL-0724,S1:62.3,S1_trawl_5_to_50,2015-08-12,broad,2,S1_trawl_5_to_50:2015-08-12,2,4
MPL-0725,S1:66.4,S1_trawl_5_to_50,2015-08-13,broad,2,S1_trawl_5_to_50:2015-08-13,4,4
MPL-0726,S1:65.3,S1_trawl_5_to_50,2015-08-13,broad,2,S1_trawl_5_to_50:2015-08-13,4,4
MPL-0727,S1:66.3,S1_trawl_5_to_50,2015-08-13,broad,2,S1_trawl_5_to_50:2015-08-13,4,4
MPL-0736,S1:64.3,S1_trawl_5_to_50,2015-08-13,broad,2,S1_trawl_5_to_50:2015-08-13,4,4
MPL-0738,S1:63.3,S1_trawl_5_to_50,2015-08-13,broad,2,S1_trawl_5_to_50:2015-08-13,4,4
MPL-0739,S1:69.4,S1_trawl_5_to_50,2015-08-14,broad,2,S1_trawl_5_to_50:2015-08-14,1,0
MPL-0742,S1:68.4,S1_trawl_5_to_50,2015-08-14,broad,2,S1_trawl_5_to_50:2015-08-14,1,0
MPL-0747,S1:70.4,S1_trawl_5_to_50,2015-08-14,broad,2,S1_trawl_5_to_50:2015-08-14,1,0
MPL-0751,S1:67.4,S1_trawl_5_to_50,2015-08-14,broad,2,S1_trawl_5_to_50:2015-08-14,1,4
MPL-0753,S1:71.4,S1_trawl_5_to_50,2015-08-15,broad,2,S1_trawl_5_to_50:2015-08-15,4,0
MPL-0755,S1:72.4,S1_trawl_5_to_50,2015-08-15,broad,2,S1_trawl_5_to_50:2015-08-15,4,0
MPL-0756,S1:73.3,S1_trawl_5_to_50,2015-08-15,broad,2,S1_trawl_5_to_50:2015-08-15,4,0
MPL-0762,S1:74.3,S1_trawl_5_to_50,2015-08-16,broad,2,S1_trawl_5_to_50:2015-08-16,0,0
MPL-0763,S1:75.3,S1_trawl_5_to_50,2015-08-16,broad,2,S1_trawl_5_to_50:2015-08-16,0,4
MPL-0768,S1:77.3,S1_trawl_5_to_50,2015-08-17,broad,2,S1_trawl_5_to_50:2015-08-17,2,4
MPL-0770,S1:78.3,S1_trawl_5_to_50,2015-08-17,broad,2,S1_trawl_5_to_50:2015-08-17,2,4
MPL-0777,S1:79.4,S1_trawl_5_to_50,2015-08-18,broad,2,S1_trawl_5_to_50:2015-08-18,4,4
MPL-0778,S1:79.3,S1_trawl_5_to_50,2015-08-18,broad,2,S1_trawl_5_to_50:2015-08-18,4,4
MPL-0526,S1:0.1,S1_trawl_5_to_50,2015-07-25,broad,3,S1_trawl_5_to_50:2015-07-25,1,0
MPL-0530,S1:2.3,S1_trawl_5_to_50,2015-07-27,broad,3,S1_trawl_5_to_50:2015-07-27,3,2
MPL-0531,S1:1.3,S1_trawl_5_to_50,2015-07-27,broad,3,S1_trawl_5_to_50:2015-07-27,3,2
MPL-0535,S1:4.3,S1_trawl_5_to_50,2015-07-28,broad,3,S1_trawl_5_to_50:2015-07-28,2,2
MPL-0543,S1:3.3,S1_trawl_5_to_50,2015-07-28,broad,3,S1_trawl_5_to_50:2015-07-28,2,2
MPL-0544,S1:6.4,S1_trawl_5_to_50,2015-07-28,broad,3,S1_trawl_5_to_50:2015-07-28,2,2
MPL-0545,S1:6.3,S1_trawl_5_to_50,2015-07-28,broad,3,S1_trawl_5_to_50:2015-07-28,2,2
MPL-0546,S1:5.3,S1_trawl_5_to_50,2015-07-28,broad,3,S1_trawl_5_to_50:2015-07-28,2,2
MPL-0551,S1:9.4,S1_trawl_5_to_50,2015-07-29,broad,3,S1_trawl_5_to_50:2015-07-29,2,1
MPL-0554,S1:10.4,S1_trawl_5_to_50,2015-07-29,broad,3,S1_trawl_5_to_50:2015-07-29,2,1
MPL-0555,S1:8.4,S1_trawl_5_to_50,2015-07-29,broad,3,S1_trawl_5_to_50:2015-07-29,2,1
MPL-0559,S1:7.4,S1_trawl_5_to_50,2015-07-29,broad,3,S1_trawl_5_to_50:2015-07-29,2,2
MPL-0563,S1:11.4,S1_trawl_5_to_50,2015-07-29,broad,3,S1_trawl_5_to_50:2015-07-29,2,1
MPL-0566,S1:12.3,S1_trawl_5_to_50,2015-07-30,broad,3,S1_trawl_5_to_50:2015-07-30,2,1
MPL-0569,S1:13.3,S1_trawl_5_to_50,2015-07-30,broad,3,S1_trawl_5_to_50:2015-07-30,2,1
MPL-0570,S1:14.3,S1_trawl_5_to_50,2015-07-30,broad,3,S1_trawl_5_to_50:2015-07-30,2,3
MPL-0573,S1:17.4,S1_trawl_5_to_50,2015-07-31,broad,3,S1_trawl_5_to_50:2015-07-31,0,3
MPL-0574,S1:17.3,S1_trawl_5_to_50,2015-07-31,broad,3,S1_trawl_5_to_50:2015-07-31,0,3
MPL-0577,S1:15.3,S1_trawl_5_to_50,2015-07-31,broad,3,S1_trawl_5_to_50:2015-07-31,0,3
MPL-0581,S1:16.3,S1_trawl_5_to_50,2015-07-31,broad,3,S1_trawl_5_to_50:2015-07-31,0,3
MPL-0588,S1:20.4,S1_trawl_5_to_50,2015-08-01,broad,3,S1_trawl_5_to_50:2015-08-01,3,3
MPL-0590,S1:19.4,S1_trawl_5_to_50,2015-08-01,broad,3,S1_trawl_5_to_50:2015-08-01,3,3
MPL-0593,S1:18.4,S1_trawl_5_to_50,2015-08-01,broad,3,S1_trawl_5_to_50:2015-08-01,3,3
MPL-0596,S1:24.4,S1_trawl_5_to_50,2015-08-02,broad,3,S1_trawl_5_to_50:2015-08-02,1,1
MPL-0597,S1:21.4,S1_trawl_5_to_50,2015-08-02,broad,3,S1_trawl_5_to_50:2015-08-02,1,3
MPL-0599,S1:22.4,S1_trawl_5_to_50,2015-08-02,broad,3,S1_trawl_5_to_50:2015-08-02,1,1
MPL-0603,S1:27.3,S1_trawl_5_to_50,2015-08-03,broad,3,S1_trawl_5_to_50:2015-08-03,2,1
MPL-0606,S1:26.3,S1_trawl_5_to_50,2015-08-03,broad,3,S1_trawl_5_to_50:2015-08-03,2,1
MPL-0607,S1:25.3,S1_trawl_5_to_50,2015-08-03,broad,3,S1_trawl_5_to_50:2015-08-03,2,1
MPL-0610,S1:28.3,S1_trawl_5_to_50,2015-08-03,broad,3,S1_trawl_5_to_50:2015-08-03,2,2
MPL-0618,S1:31.4,S1_trawl_5_to_50,2015-08-04,broad,3,S1_trawl_5_to_50:2015-08-04,0,2
MPL-0621,S1:30.4,S1_trawl_5_to_50,2015-08-04,broad,3,S1_trawl_5_to_50:2015-08-04,0,2
MPL-0622,S1:29.3,S1_trawl_5_to_50,2015-08-04,broad,3,S1_trawl_5_to_50:2015-08-04,0,2
MPL-0623,S1:30.3,S1_trawl_5_to_50,2015-08-04,broad,3,S1_trawl_5_to_50:2015-08-04,0,2
MPL-0627,S1:32.4,S1_trawl_5_to_50,2015-08-04,broad,3,S1_trawl_5_to_50:2015-08-04,0,2
MPL-0631,S1:34.4,S1_trawl_5_to_50,2015-08-05,broad,3,S1_trawl_5_to_50:2015-08-05,0,2
MPL-0634,S1:33.4,S1_trawl_5_to_50,2015-08-05,broad,3,S1_trawl_5_to_50:2015-08-05,0,2
MPL-0637,S1:35.4,S1_trawl_5_to_50,2015-08-05,broad,3,S1_trawl_5_to_50:2015-08-05,0,0
MPL-0640,S1:39.3,S1_trawl_5_to_50,2015-08-06,broad,3,S1_trawl_5_to_50:2015-08-06,0,2
MPL-0642,S1:38.3,S1_trawl_5_to_50,2015-08-06,broad,3,S1_trawl_5_to_50:2015-08-06,0,2
MPL-0647,S1:36.3,S1_trawl_5_to_50,2015-08-06,broad,3,S1_trawl_5_to_50:2015-08-06,0,0
MPL-0648,S1:37.3,S1_trawl_5_to_50,2015-08-06,broad,3,S1_trawl_5_to_50:2015-08-06,0,0
MPL-0654,S1:41.3,S1_trawl_5_to_50,2015-08-07,broad,3,S1_trawl_5_to_50:2015-08-07,2,4
MPL-0656,S1:42.3,S1_trawl_5_to_50,2015-08-07,broad,3,S1_trawl_5_to_50:2015-08-07,2,4
MPL-0658,S1:42.4,S1_trawl_5_to_50,2015-08-07,broad,3,S1_trawl_5_to_50:2015-08-07,2,4
MPL-0660,S1:43.4,S1_trawl_5_to_50,2015-08-07,broad,3,S1_trawl_5_to_50:2015-08-07,2,4
MPL-0666,S1:45.4,S1_trawl_5_to_50,2015-08-08,broad,3,S1_trawl_5_to_50:2015-08-08,4,1
MPL-0668,S1:44.4,S1_trawl_5_to_50,2015-08-08,broad,3,S1_trawl_5_to_50:2015-08-08,4,1
MPL-0669,S1:47.4,S1_trawl_5_to_50,2015-08-08,broad,3,S1_trawl_5_to_50:2015-08-08,4,1
MPL-0671,S1:46.4,S1_trawl_5_to_50,2015-08-08,broad,3,S1_trawl_5_to_50:2015-08-08,4,1
MPL-0677,S1:48.4,S1_trawl_5_to_50,2015-08-09,broad,3,S1_trawl_5_to_50:2015-08-09,3,3
MPL-0680,S1:51.3,S1_trawl_5_to_50,2015-08-09,broad,3,S1_trawl_5_to_50:2015-08-09,3,3
MPL-0684,S1:49.3,S1_trawl_5_to_50,2015-08-09,broad,3,S1_trawl_5_to_50:2015-08-09,3,3
MPL-0687,S1:50.3,S1_trawl_5_to_50,2015-08-09,broad,3,S1_trawl_5_to_50:2015-08-09,3,3
MPL-0691,S1:52.3,S1_trawl_5_to_50,2015-08-10,broad,3,S1_trawl_5_to_50:2015-08-10,4,3
MPL-0694,S1:53.3,S1_trawl_5_to_50,2015-08-10,broad,3,S1_trawl_5_to_50:2015-08-10,4,3
MPL-0699,S1:54.4,S1_trawl_5_to_50,2015-08-10,broad,3,S1_trawl_5_to_50:2015-08-10,4,3
MPL-0701,S1:54.3,S1_trawl_5_to_50,2015-08-10,broad,3,S1_trawl_5_to_50:2015-08-10,4,3
MPL-0705,S1:57.4,S1_trawl_5_to_50,2015-08-11,broad,3,S1_trawl_5_to_50:2015-08-11,0,3
MPL-0710,S1:58.4,S1_trawl_5_to_50,2015-08-11,broad,3,S1_trawl_5_to_50:2015-08-11,0,3
MPL-0711,S1:56.4,S1_trawl_5_to_50,2015-08-11,broad,3,S1_trawl_5_to_50:2015-08-11,0,3
MPL-0715,S1:55.4,S1_trawl_5_to_50,2015-08-11,broad,3,S1_trawl_5_to_50:2015-08-11,0,3
MPL-0716,S1:61.3,S1_trawl_5_to_50,2015-08-12,broad,3,S1_trawl_5_to_50:2015-08-12,3,4
MPL-0721,S1:60.4,S1_trawl_5_to_50,2015-08-12,broad,3,S1_trawl_5_to_50:2015-08-12,3,4
MPL-0724,S1:62.3,S1_trawl_5_to_50,2015-08-12,broad,3,S1_trawl_5_to_50:2015-08-12,3,4
MPL-0725,S1:66.4,S1_trawl_5_to_50,2015-08-13,broad,3,S1_trawl_5_to_50:2015-08-13,4,4
MPL-0726,S1:65.3,S1_trawl_5_to_50,2015-08-13,broad,3,S1_trawl_5_to_50:2015-08-13,4,4
MPL-0727,S1:66.3,S1_trawl_5_to_50,2015-08-13,broad,3,S1_trawl_5_to_50:2015-08-13,4,4
MPL-0736,S1:64.3,S1_trawl_5_to_50,2015-08-13,broad,3,S1_trawl_5_to_50:2015-08-13,4,4
MPL-0738,S1:63.3,S1_trawl_5_to_50,2015-08-13,broad,3,S1_trawl_5_to_50:2015-08-13,4,4
MPL-0739,S1:69.4,S1_trawl_5_to_50,2015-08-14,broad,3,S1_trawl_5_to_50:2015-08-14,3,0
MPL-0742,S1:68.4,S1_trawl_5_to_50,2015-08-14,broad,3,S1_trawl_5_to_50:2015-08-14,3,0
MPL-0747,S1:70.4,S1_trawl_5_to_50,2015-08-14,broad,3,S1_trawl_5_to_50:2015-08-14,3,0
MPL-0751,S1:67.4,S1_trawl_5_to_50,2015-08-14,broad,3,S1_trawl_5_to_50:2015-08-14,3,4
MPL-0753,S1:71.4,S1_trawl_5_to_50,2015-08-15,broad,3,S1_trawl_5_to_50:2015-08-15,4,0
MPL-0755,S1:72.4,S1_trawl_5_to_50,2015-08-15,broad,3,S1_trawl_5_to_50:2015-08-15,4,0
MPL-0756,S1:73.3,S1_trawl_5_to_50,2015-08-15,broad,3,S1_trawl_5_to_50:2015-08-15,4,0
MPL-0762,S1:74.3,S1_trawl_5_to_50,2015-08-16,broad,3,S1_trawl_5_to_50:2015-08-16,1,0
MPL-0763,S1:75.3,S1_trawl_5_to_50,2015-08-16,broad,3,S1_trawl_5_to_50:2015-08-16,1,4
MPL-0768,S1:77.3,S1_trawl_5_to_50,2015-08-17,broad,3,S1_trawl_5_to_50:2015-08-17,1,4
MPL-0770,S1:78.3,S1_trawl_5_to_50,2015-08-17,broad,3,S1_trawl_5_to_50:2015-08-17,1,4
MPL-0777,S1:79.4,S1_trawl_5_to_50,2015-08-18,broad,3,S1_trawl_5_to_50:2015-08-18,1,4
MPL-0778,S1:79.3,S1_trawl_5_to_50,2015-08-18,broad,3,S1_trawl_5_to_50:2015-08-18,1,4
MPL-0526,S1:0.1,S1_trawl_5_to_50,2015-07-25,broad,4,S1_trawl_5_to_50:2015-07-25,1,0
MPL-0530,S1:2.3,S1_trawl_5_to_50,2015-07-27,broad,4,S1_trawl_5_to_50:2015-07-27,3,2
MPL-0531,S1:1.3,S1_trawl_5_to_50,2015-07-27,broad,4,S1_trawl_5_to_50:2015-07-27,3,2
MPL-0535,S1:4.3,S1_trawl_5_to_50,2015-07-28,broad,4,S1_trawl_5_to_50:2015-07-28,3,2
MPL-0543,S1:3.3,S1_trawl_5_to_50,2015-07-28,broad,4,S1_trawl_5_to_50:2015-07-28,3,2
MPL-0544,S1:6.4,S1_trawl_5_to_50,2015-07-28,broad,4,S1_trawl_5_to_50:2015-07-28,3,2
MPL-0545,S1:6.3,S1_trawl_5_to_50,2015-07-28,broad,4,S1_trawl_5_to_50:2015-07-28,3,2
MPL-0546,S1:5.3,S1_trawl_5_to_50,2015-07-28,broad,4,S1_trawl_5_to_50:2015-07-28,3,2
MPL-0551,S1:9.4,S1_trawl_5_to_50,2015-07-29,broad,4,S1_trawl_5_to_50:2015-07-29,0,1
MPL-0554,S1:10.4,S1_trawl_5_to_50,2015-07-29,broad,4,S1_trawl_5_to_50:2015-07-29,0,1
MPL-0555,S1:8.4,S1_trawl_5_to_50,2015-07-29,broad,4,S1_trawl_5_to_50:2015-07-29,0,1
MPL-0559,S1:7.4,S1_trawl_5_to_50,2015-07-29,broad,4,S1_trawl_5_to_50:2015-07-29,0,2
MPL-0563,S1:11.4,S1_trawl_5_to_50,2015-07-29,broad,4,S1_trawl_5_to_50:2015-07-29,0,1
MPL-0566,S1:12.3,S1_trawl_5_to_50,2015-07-30,broad,4,S1_trawl_5_to_50:2015-07-30,3,1
MPL-0569,S1:13.3,S1_trawl_5_to_50,2015-07-30,broad,4,S1_trawl_5_to_50:2015-07-30,3,1
MPL-0570,S1:14.3,S1_trawl_5_to_50,2015-07-30,broad,4,S1_trawl_5_to_50:2015-07-30,3,3
MPL-0573,S1:17.4,S1_trawl_5_to_50,2015-07-31,broad,4,S1_trawl_5_to_50:2015-07-31,4,3
MPL-0574,S1:17.3,S1_trawl_5_to_50,2015-07-31,broad,4,S1_trawl_5_to_50:2015-07-31,4,3
MPL-0577,S1:15.3,S1_trawl_5_to_50,2015-07-31,broad,4,S1_trawl_5_to_50:2015-07-31,4,3
MPL-0581,S1:16.3,S1_trawl_5_to_50,2015-07-31,broad,4,S1_trawl_5_to_50:2015-07-31,4,3
MPL-0588,S1:20.4,S1_trawl_5_to_50,2015-08-01,broad,4,S1_trawl_5_to_50:2015-08-01,0,3
MPL-0590,S1:19.4,S1_trawl_5_to_50,2015-08-01,broad,4,S1_trawl_5_to_50:2015-08-01,0,3
MPL-0593,S1:18.4,S1_trawl_5_to_50,2015-08-01,broad,4,S1_trawl_5_to_50:2015-08-01,0,3
MPL-0596,S1:24.4,S1_trawl_5_to_50,2015-08-02,broad,4,S1_trawl_5_to_50:2015-08-02,2,1
MPL-0597,S1:21.4,S1_trawl_5_to_50,2015-08-02,broad,4,S1_trawl_5_to_50:2015-08-02,2,3
MPL-0599,S1:22.4,S1_trawl_5_to_50,2015-08-02,broad,4,S1_trawl_5_to_50:2015-08-02,2,1
MPL-0603,S1:27.3,S1_trawl_5_to_50,2015-08-03,broad,4,S1_trawl_5_to_50:2015-08-03,4,1
MPL-0606,S1:26.3,S1_trawl_5_to_50,2015-08-03,broad,4,S1_trawl_5_to_50:2015-08-03,4,1
MPL-0607,S1:25.3,S1_trawl_5_to_50,2015-08-03,broad,4,S1_trawl_5_to_50:2015-08-03,4,1
MPL-0610,S1:28.3,S1_trawl_5_to_50,2015-08-03,broad,4,S1_trawl_5_to_50:2015-08-03,4,2
MPL-0618,S1:31.4,S1_trawl_5_to_50,2015-08-04,broad,4,S1_trawl_5_to_50:2015-08-04,2,2
MPL-0621,S1:30.4,S1_trawl_5_to_50,2015-08-04,broad,4,S1_trawl_5_to_50:2015-08-04,2,2
MPL-0622,S1:29.3,S1_trawl_5_to_50,2015-08-04,broad,4,S1_trawl_5_to_50:2015-08-04,2,2
MPL-0623,S1:30.3,S1_trawl_5_to_50,2015-08-04,broad,4,S1_trawl_5_to_50:2015-08-04,2,2
MPL-0627,S1:32.4,S1_trawl_5_to_50,2015-08-04,broad,4,S1_trawl_5_to_50:2015-08-04,2,2
MPL-0631,S1:34.4,S1_trawl_5_to_50,2015-08-05,broad,4,S1_trawl_5_to_50:2015-08-05,4,2
MPL-0634,S1:33.4,S1_trawl_5_to_50,2015-08-05,broad,4,S1_trawl_5_to_50:2015-08-05,4,2
MPL-0637,S1:35.4,S1_trawl_5_to_50,2015-08-05,broad,4,S1_trawl_5_to_50:2015-08-05,4,0
MPL-0640,S1:39.3,S1_trawl_5_to_50,2015-08-06,broad,4,S1_trawl_5_to_50:2015-08-06,3,2
MPL-0642,S1:38.3,S1_trawl_5_to_50,2015-08-06,broad,4,S1_trawl_5_to_50:2015-08-06,3,2
MPL-0647,S1:36.3,S1_trawl_5_to_50,2015-08-06,broad,4,S1_trawl_5_to_50:2015-08-06,3,0
MPL-0648,S1:37.3,S1_trawl_5_to_50,2015-08-06,broad,4,S1_trawl_5_to_50:2015-08-06,3,0
MPL-0654,S1:41.3,S1_trawl_5_to_50,2015-08-07,broad,4,S1_trawl_5_to_50:2015-08-07,1,4
MPL-0656,S1:42.3,S1_trawl_5_to_50,2015-08-07,broad,4,S1_trawl_5_to_50:2015-08-07,1,4
MPL-0658,S1:42.4,S1_trawl_5_to_50,2015-08-07,broad,4,S1_trawl_5_to_50:2015-08-07,1,4
MPL-0660,S1:43.4,S1_trawl_5_to_50,2015-08-07,broad,4,S1_trawl_5_to_50:2015-08-07,1,4
MPL-0666,S1:45.4,S1_trawl_5_to_50,2015-08-08,broad,4,S1_trawl_5_to_50:2015-08-08,3,1
MPL-0668,S1:44.4,S1_trawl_5_to_50,2015-08-08,broad,4,S1_trawl_5_to_50:2015-08-08,3,1
MPL-0669,S1:47.4,S1_trawl_5_to_50,2015-08-08,broad,4,S1_trawl_5_to_50:2015-08-08,3,1
MPL-0671,S1:46.4,S1_trawl_5_to_50,2015-08-08,broad,4,S1_trawl_5_to_50:2015-08-08,3,1
MPL-0677,S1:48.4,S1_trawl_5_to_50,2015-08-09,broad,4,S1_trawl_5_to_50:2015-08-09,0,3
MPL-0680,S1:51.3,S1_trawl_5_to_50,2015-08-09,broad,4,S1_trawl_5_to_50:2015-08-09,0,3
MPL-0684,S1:49.3,S1_trawl_5_to_50,2015-08-09,broad,4,S1_trawl_5_to_50:2015-08-09,0,3
MPL-0687,S1:50.3,S1_trawl_5_to_50,2015-08-09,broad,4,S1_trawl_5_to_50:2015-08-09,0,3
MPL-0691,S1:52.3,S1_trawl_5_to_50,2015-08-10,broad,4,S1_trawl_5_to_50:2015-08-10,0,3
MPL-0694,S1:53.3,S1_trawl_5_to_50,2015-08-10,broad,4,S1_trawl_5_to_50:2015-08-10,0,3
MPL-0699,S1:54.4,S1_trawl_5_to_50,2015-08-10,broad,4,S1_trawl_5_to_50:2015-08-10,0,3
MPL-0701,S1:54.3,S1_trawl_5_to_50,2015-08-10,broad,4,S1_trawl_5_to_50:2015-08-10,0,3
MPL-0705,S1:57.4,S1_trawl_5_to_50,2015-08-11,broad,4,S1_trawl_5_to_50:2015-08-11,2,3
MPL-0710,S1:58.4,S1_trawl_5_to_50,2015-08-11,broad,4,S1_trawl_5_to_50:2015-08-11,2,3
MPL-0711,S1:56.4,S1_trawl_5_to_50,2015-08-11,broad,4,S1_trawl_5_to_50:2015-08-11,2,3
MPL-0715,S1:55.4,S1_trawl_5_to_50,2015-08-11,broad,4,S1_trawl_5_to_50:2015-08-11,2,3
MPL-0716,S1:61.3,S1_trawl_5_to_50,2015-08-12,broad,4,S1_trawl_5_to_50:2015-08-12,1,4
MPL-0721,S1:60.4,S1_trawl_5_to_50,2015-08-12,broad,4,S1_trawl_5_to_50:2015-08-12,1,4
MPL-0724,S1:62.3,S1_trawl_5_to_50,2015-08-12,broad,4,S1_trawl_5_to_50:2015-08-12,1,4
MPL-0725,S1:66.4,S1_trawl_5_to_50,2015-08-13,broad,4,S1_trawl_5_to_50:2015-08-13,4,4
MPL-0726,S1:65.3,S1_trawl_5_to_50,2015-08-13,broad,4,S1_trawl_5_to_50:2015-08-13,4,4
MPL-0727,S1:66.3,S1_trawl_5_to_50,2015-08-13,broad,4,S1_trawl_5_to_50:2015-08-13,4,4
MPL-0736,S1:64.3,S1_trawl_5_to_50,2015-08-13,broad,4,S1_trawl_5_to_50:2015-08-13,4,4
MPL-0738,S1:63.3,S1_trawl_5_to_50,2015-08-13,broad,4,S1_trawl_5_to_50:2015-08-13,4,4
MPL-0739,S1:69.4,S1_trawl_5_to_50,2015-08-14,broad,4,S1_trawl_5_to_50:2015-08-14,2,0
MPL-0742,S1:68.4,S1_trawl_5_to_50,2015-08-14,broad,4,S1_trawl_5_to_50:2015-08-14,2,0
MPL-0747,S1:70.4,S1_trawl_5_to_50,2015-08-14,broad,4,S1_trawl_5_to_50:2015-08-14,2,0
MPL-0751,S1:67.4,S1_trawl_5_to_50,2015-08-14,broad,4,S1_trawl_5_to_50:2015-08-14,2,4
MPL-0753,S1:71.4,S1_trawl_5_to_50,2015-08-15,broad,4,S1_trawl_5_to_50:2015-08-15,1,0
MPL-0755,S1:72.4,S1_trawl_5_to_50,2015-08-15,broad,4,S1_trawl_5_to_50:2015-08-15,1,0
MPL-0756,S1:73.3,S1_trawl_5_to_50,2015-08-15,broad,4,S1_trawl_5_to_50:2015-08-15,1,0
MPL-0762,S1:74.3,S1_trawl_5_to_50,2015-08-16,broad,4,S1_trawl_5_to_50:2015-08-16,1,0
MPL-0763,S1:75.3,S1_trawl_5_to_50,2015-08-16,broad,4,S1_trawl_5_to_50:2015-08-16,1,4
MPL-0768,S1:77.3,S1_trawl_5_to_50,2015-08-17,broad,4,S1_trawl_5_to_50:2015-08-17,0,4
MPL-0770,S1:78.3,S1_trawl_5_to_50,2015-08-17,broad,4,S1_trawl_5_to_50:2015-08-17,0,4
MPL-0777,S1:79.4,S1_trawl_5_to_50,2015-08-18,broad,4,S1_trawl_5_to_50:2015-08-18,2,4
MPL-0778,S1:79.3,S1_trawl_5_to_50,2015-08-18,broad,4,S1_trawl_5_to_50:2015-08-18,2,4
MPL-0526,S1:0.1,S1_trawl_5_to_50,2015-07-25,broad,5,S1_trawl_5_to_50:2015-07-25,3,0
MPL-0530,S1:2.3,S1_trawl_5_to_50,2015-07-27,broad,5,S1_trawl_5_to_50:2015-07-27,4,2
MPL-0531,S1:1.3,S1_trawl_5_to_50,2015-07-27,broad,5,S1_trawl_5_to_50:2015-07-27,4,2
MPL-0535,S1:4.3,S1_trawl_5_to_50,2015-07-28,broad,5,S1_trawl_5_to_50:2015-07-28,3,2
MPL-0543,S1:3.3,S1_trawl_5_to_50,2015-07-28,broad,5,S1_trawl_5_to_50:2015-07-28,3,2
MPL-0544,S1:6.4,S1_trawl_5_to_50,2015-07-28,broad,5,S1_trawl_5_to_50:2015-07-28,3,2
MPL-0545,S1:6.3,S1_trawl_5_to_50,2015-07-28,broad,5,S1_trawl_5_to_50:2015-07-28,3,2
MPL-0546,S1:5.3,S1_trawl_5_to_50,2015-07-28,broad,5,S1_trawl_5_to_50:2015-07-28,3,2
MPL-0551,S1:9.4,S1_trawl_5_to_50,2015-07-29,broad,5,S1_trawl_5_to_50:2015-07-29,4,1
MPL-0554,S1:10.4,S1_trawl_5_to_50,2015-07-29,broad,5,S1_trawl_5_to_50:2015-07-29,4,1
MPL-0555,S1:8.4,S1_trawl_5_to_50,2015-07-29,broad,5,S1_trawl_5_to_50:2015-07-29,4,1
MPL-0559,S1:7.4,S1_trawl_5_to_50,2015-07-29,broad,5,S1_trawl_5_to_50:2015-07-29,4,2
MPL-0563,S1:11.4,S1_trawl_5_to_50,2015-07-29,broad,5,S1_trawl_5_to_50:2015-07-29,4,1
MPL-0566,S1:12.3,S1_trawl_5_to_50,2015-07-30,broad,5,S1_trawl_5_to_50:2015-07-30,1,1
MPL-0569,S1:13.3,S1_trawl_5_to_50,2015-07-30,broad,5,S1_trawl_5_to_50:2015-07-30,1,1
MPL-0570,S1:14.3,S1_trawl_5_to_50,2015-07-30,broad,5,S1_trawl_5_to_50:2015-07-30,1,3
MPL-0573,S1:17.4,S1_trawl_5_to_50,2015-07-31,broad,5,S1_trawl_5_to_50:2015-07-31,0,3
MPL-0574,S1:17.3,S1_trawl_5_to_50,2015-07-31,broad,5,S1_trawl_5_to_50:2015-07-31,0,3
MPL-0577,S1:15.3,S1_trawl_5_to_50,2015-07-31,broad,5,S1_trawl_5_to_50:2015-07-31,0,3
MPL-0581,S1:16.3,S1_trawl_5_to_50,2015-07-31,broad,5,S1_trawl_5_to_50:2015-07-31,0,3
MPL-0588,S1:20.4,S1_trawl_5_to_50,2015-08-01,broad,5,S1_trawl_5_to_50:2015-08-01,1,3
MPL-0590,S1:19.4,S1_trawl_5_to_50,2015-08-01,broad,5,S1_trawl_5_to_50:2015-08-01,1,3
MPL-0593,S1:18.4,S1_trawl_5_to_50,2015-08-01,broad,5,S1_trawl_5_to_50:2015-08-01,1,3
MPL-0596,S1:24.4,S1_trawl_5_to_50,2015-08-02,broad,5,S1_trawl_5_to_50:2015-08-02,2,1
MPL-0597,S1:21.4,S1_trawl_5_to_50,2015-08-02,broad,5,S1_trawl_5_to_50:2015-08-02,2,3
MPL-0599,S1:22.4,S1_trawl_5_to_50,2015-08-02,broad,5,S1_trawl_5_to_50:2015-08-02,2,1
MPL-0603,S1:27.3,S1_trawl_5_to_50,2015-08-03,broad,5,S1_trawl_5_to_50:2015-08-03,0,1
MPL-0606,S1:26.3,S1_trawl_5_to_50,2015-08-03,broad,5,S1_trawl_5_to_50:2015-08-03,0,1
MPL-0607,S1:25.3,S1_trawl_5_to_50,2015-08-03,broad,5,S1_trawl_5_to_50:2015-08-03,0,1
MPL-0610,S1:28.3,S1_trawl_5_to_50,2015-08-03,broad,5,S1_trawl_5_to_50:2015-08-03,0,2
MPL-0618,S1:31.4,S1_trawl_5_to_50,2015-08-04,broad,5,S1_trawl_5_to_50:2015-08-04,3,2
MPL-0621,S1:30.4,S1_trawl_5_to_50,2015-08-04,broad,5,S1_trawl_5_to_50:2015-08-04,3,2
MPL-0622,S1:29.3,S1_trawl_5_to_50,2015-08-04,broad,5,S1_trawl_5_to_50:2015-08-04,3,2
MPL-0623,S1:30.3,S1_trawl_5_to_50,2015-08-04,broad,5,S1_trawl_5_to_50:2015-08-04,3,2
MPL-0627,S1:32.4,S1_trawl_5_to_50,2015-08-04,broad,5,S1_trawl_5_to_50:2015-08-04,3,2
MPL-0631,S1:34.4,S1_trawl_5_to_50,2015-08-05,broad,5,S1_trawl_5_to_50:2015-08-05,2,2
MPL-0634,S1:33.4,S1_trawl_5_to_50,2015-08-05,broad,5,S1_trawl_5_to_50:2015-08-05,2,2
MPL-0637,S1:35.4,S1_trawl_5_to_50,2015-08-05,broad,5,S1_trawl_5_to_50:2015-08-05,2,0
MPL-0640,S1:39.3,S1_trawl_5_to_50,2015-08-06,broad,5,S1_trawl_5_to_50:2015-08-06,3,2
MPL-0642,S1:38.3,S1_trawl_5_to_50,2015-08-06,broad,5,S1_trawl_5_to_50:2015-08-06,3,2
MPL-0647,S1:36.3,S1_trawl_5_to_50,2015-08-06,broad,5,S1_trawl_5_to_50:2015-08-06,3,0
MPL-0648,S1:37.3,S1_trawl_5_to_50,2015-08-06,broad,5,S1_trawl_5_to_50:2015-08-06,3,0
MPL-0654,S1:41.3,S1_trawl_5_to_50,2015-08-07,broad,5,S1_trawl_5_to_50:2015-08-07,1,4
MPL-0656,S1:42.3,S1_trawl_5_to_50,2015-08-07,broad,5,S1_trawl_5_to_50:2015-08-07,1,4
MPL-0658,S1:42.4,S1_trawl_5_to_50,2015-08-07,broad,5,S1_trawl_5_to_50:2015-08-07,1,4
MPL-0660,S1:43.4,S1_trawl_5_to_50,2015-08-07,broad,5,S1_trawl_5_to_50:2015-08-07,1,4
MPL-0666,S1:45.4,S1_trawl_5_to_50,2015-08-08,broad,5,S1_trawl_5_to_50:2015-08-08,1,1
MPL-0668,S1:44.4,S1_trawl_5_to_50,2015-08-08,broad,5,S1_trawl_5_to_50:2015-08-08,1,1
MPL-0669,S1:47.4,S1_trawl_5_to_50,2015-08-08,broad,5,S1_trawl_5_to_50:2015-08-08,1,1
MPL-0671,S1:46.4,S1_trawl_5_to_50,2015-08-08,broad,5,S1_trawl_5_to_50:2015-08-08,1,1
MPL-0677,S1:48.4,S1_trawl_5_to_50,2015-08-09,broad,5,S1_trawl_5_to_50:2015-08-09,2,3
MPL-0680,S1:51.3,S1_trawl_5_to_50,2015-08-09,broad,5,S1_trawl_5_to_50:2015-08-09,2,3
MPL-0684,S1:49.3,S1_trawl_5_to_50,2015-08-09,broad,5,S1_trawl_5_to_50:2015-08-09,2,3
MPL-0687,S1:50.3,S1_trawl_5_to_50,2015-08-09,broad,5,S1_trawl_5_to_50:2015-08-09,2,3
MPL-0691,S1:52.3,S1_trawl_5_to_50,2015-08-10,broad,5,S1_trawl_5_to_50:2015-08-10,2,3
MPL-0694,S1:53.3,S1_trawl_5_to_50,2015-08-10,broad,5,S1_trawl_5_to_50:2015-08-10,2,3
MPL-0699,S1:54.4,S1_trawl_5_to_50,2015-08-10,broad,5,S1_trawl_5_to_50:2015-08-10,2,3
MPL-0701,S1:54.3,S1_trawl_5_to_50,2015-08-10,broad,5,S1_trawl_5_to_50:2015-08-10,2,3
MPL-0705,S1:57.4,S1_trawl_5_to_50,2015-08-11,broad,5,S1_trawl_5_to_50:2015-08-11,3,3
MPL-0710,S1:58.4,S1_trawl_5_to_50,2015-08-11,broad,5,S1_trawl_5_to_50:2015-08-11,3,3
MPL-0711,S1:56.4,S1_trawl_5_to_50,2015-08-11,broad,5,S1_trawl_5_to_50:2015-08-11,3,3
MPL-0715,S1:55.4,S1_trawl_5_to_50,2015-08-11,broad,5,S1_trawl_5_to_50:2015-08-11,3,3
MPL-0716,S1:61.3,S1_trawl_5_to_50,2015-08-12,broad,5,S1_trawl_5_to_50:2015-08-12,1,4
MPL-0721,S1:60.4,S1_trawl_5_to_50,2015-08-12,broad,5,S1_trawl_5_to_50:2015-08-12,1,4
MPL-0724,S1:62.3,S1_trawl_5_to_50,2015-08-12,broad,5,S1_trawl_5_to_50:2015-08-12,1,4
MPL-0725,S1:66.4,S1_trawl_5_to_50,2015-08-13,broad,5,S1_trawl_5_to_50:2015-08-13,0,4
MPL-0726,S1:65.3,S1_trawl_5_to_50,2015-08-13,broad,5,S1_trawl_5_to_50:2015-08-13,0,4
MPL-0727,S1:66.3,S1_trawl_5_to_50,2015-08-13,broad,5,S1_trawl_5_to_50:2015-08-13,0,4
MPL-0736,S1:64.3,S1_trawl_5_to_50,2015-08-13,broad,5,S1_trawl_5_to_50:2015-08-13,0,4
MPL-0738,S1:63.3,S1_trawl_5_to_50,2015-08-13,broad,5,S1_trawl_5_to_50:2015-08-13,0,4
MPL-0739,S1:69.4,S1_trawl_5_to_50,2015-08-14,broad,5,S1_trawl_5_to_50:2015-08-14,0,0
MPL-0742,S1:68.4,S1_trawl_5_to_50,2015-08-14,broad,5,S1_trawl_5_to_50:2015-08-14,0,0
MPL-0747,S1:70.4,S1_trawl_5_to_50,2015-08-14,broad,5,S1_trawl_5_to_50:2015-08-14,0,0
MPL-0751,S1:67.4,S1_trawl_5_to_50,2015-08-14,broad,5,S1_trawl_5_to_50:2015-08-14,0,4
MPL-0753,S1:71.4,S1_trawl_5_to_50,2015-08-15,broad,5,S1_trawl_5_to_50:2015-08-15,0,0
MPL-0755,S1:72.4,S1_trawl_5_to_50,2015-08-15,broad,5,S1_trawl_5_to_50:2015-08-15,0,0
MPL-0756,S1:73.3,S1_trawl_5_to_50,2015-08-15,broad,5,S1_trawl_5_to_50:2015-08-15,0,0
MPL-0762,S1:74.3,S1_trawl_5_to_50,2015-08-16,broad,5,S1_trawl_5_to_50:2015-08-16,4,0
MPL-0763,S1:75.3,S1_trawl_5_to_50,2015-08-16,broad,5,S1_trawl_5_to_50:2015-08-16,4,4
MPL-0768,S1:77.3,S1_trawl_5_to_50,2015-08-17,broad,5,S1_trawl_5_to_50:2015-08-17,4,4
MPL-0770,S1:78.3,S1_trawl_5_to_50,2015-08-17,broad,5,S1_trawl_5_to_50:2015-08-17,4,4
MPL-0777,S1:79.4,S1_trawl_5_to_50,2015-08-18,broad,5,S1_trawl_5_to_50:2015-08-18,2,4
MPL-0778,S1:79.3,S1_trawl_5_to_50,2015-08-18,broad,5,S1_trawl_5_to_50:2015-08-18,2,4
MPL-0526,S1:0.1,S1_trawl_5_to_50,2015-07-25,broad,6,S1_trawl_5_to_50:2015-07-25,0,0
MPL-0530,S1:2.3,S1_trawl_5_to_50,2015-07-27,broad,6,S1_trawl_5_to_50:2015-07-27,4,2
MPL-0531,S1:1.3,S1_trawl_5_to_50,2015-07-27,broad,6,S1_trawl_5_to_50:2015-07-27,4,2
MPL-0535,S1:4.3,S1_trawl_5_to_50,2015-07-28,broad,6,S1_trawl_5_to_50:2015-07-28,1,2
MPL-0543,S1:3.3,S1_trawl_5_to_50,2015-07-28,broad,6,S1_trawl_5_to_50:2015-07-28,1,2
MPL-0544,S1:6.4,S1_trawl_5_to_50,2015-07-28,broad,6,S1_trawl_5_to_50:2015-07-28,1,2
MPL-0545,S1:6.3,S1_trawl_5_to_50,2015-07-28,broad,6,S1_trawl_5_to_50:2015-07-28,1,2
MPL-0546,S1:5.3,S1_trawl_5_to_50,2015-07-28,broad,6,S1_trawl_5_to_50:2015-07-28,1,2
MPL-0551,S1:9.4,S1_trawl_5_to_50,2015-07-29,broad,6,S1_trawl_5_to_50:2015-07-29,4,1
MPL-0554,S1:10.4,S1_trawl_5_to_50,2015-07-29,broad,6,S1_trawl_5_to_50:2015-07-29,4,1
MPL-0555,S1:8.4,S1_trawl_5_to_50,2015-07-29,broad,6,S1_trawl_5_to_50:2015-07-29,4,1
MPL-0559,S1:7.4,S1_trawl_5_to_50,2015-07-29,broad,6,S1_trawl_5_to_50:2015-07-29,4,2
MPL-0563,S1:11.4,S1_trawl_5_to_50,2015-07-29,broad,6,S1_trawl_5_to_50:2015-07-29,4,1
MPL-0566,S1:12.3,S1_trawl_5_to_50,2015-07-30,broad,6,S1_trawl_5_to_50:2015-07-30,0,1
MPL-0569,S1:13.3,S1_trawl_5_to_50,2015-07-30,broad,6,S1_trawl_5_to_50:2015-07-30,0,1
MPL-0570,S1:14.3,S1_trawl_5_to_50,2015-07-30,broad,6,S1_trawl_5_to_50:2015-07-30,0,3
MPL-0573,S1:17.4,S1_trawl_5_to_50,2015-07-31,broad,6,S1_trawl_5_to_50:2015-07-31,0,3
MPL-0574,S1:17.3,S1_trawl_5_to_50,2015-07-31,broad,6,S1_trawl_5_to_50:2015-07-31,0,3
MPL-0577,S1:15.3,S1_trawl_5_to_50,2015-07-31,broad,6,S1_trawl_5_to_50:2015-07-31,0,3
MPL-0581,S1:16.3,S1_trawl_5_to_50,2015-07-31,broad,6,S1_trawl_5_to_50:2015-07-31,0,3
MPL-0588,S1:20.4,S1_trawl_5_to_50,2015-08-01,broad,6,S1_trawl_5_to_50:2015-08-01,2,3
MPL-0590,S1:19.4,S1_trawl_5_to_50,2015-08-01,broad,6,S1_trawl_5_to_50:2015-08-01,2,3
MPL-0593,S1:18.4,S1_trawl_5_to_50,2015-08-01,broad,6,S1_trawl_5_to_50:2015-08-01,2,3
MPL-0596,S1:24.4,S1_trawl_5_to_50,2015-08-02,broad,6,S1_trawl_5_to_50:2015-08-02,1,1
MPL-0597,S1:21.4,S1_trawl_5_to_50,2015-08-02,broad,6,S1_trawl_5_to_50:2015-08-02,1,3
MPL-0599,S1:22.4,S1_trawl_5_to_50,2015-08-02,broad,6,S1_trawl_5_to_50:2015-08-02,1,1
MPL-0603,S1:27.3,S1_trawl_5_to_50,2015-08-03,broad,6,S1_trawl_5_to_50:2015-08-03,4,1
MPL-0606,S1:26.3,S1_trawl_5_to_50,2015-08-03,broad,6,S1_trawl_5_to_50:2015-08-03,4,1
MPL-0607,S1:25.3,S1_trawl_5_to_50,2015-08-03,broad,6,S1_trawl_5_to_50:2015-08-03,4,1
MPL-0610,S1:28.3,S1_trawl_5_to_50,2015-08-03,broad,6,S1_trawl_5_to_50:2015-08-03,4,2
MPL-0618,S1:31.4,S1_trawl_5_to_50,2015-08-04,broad,6,S1_trawl_5_to_50:2015-08-04,2,2
MPL-0621,S1:30.4,S1_trawl_5_to_50,2015-08-04,broad,6,S1_trawl_5_to_50:2015-08-04,2,2
MPL-0622,S1:29.3,S1_trawl_5_to_50,2015-08-04,broad,6,S1_trawl_5_to_50:2015-08-04,2,2
MPL-0623,S1:30.3,S1_trawl_5_to_50,2015-08-04,broad,6,S1_trawl_5_to_50:2015-08-04,2,2
MPL-0627,S1:32.4,S1_trawl_5_to_50,2015-08-04,broad,6,S1_trawl_5_to_50:2015-08-04,2,2
MPL-0631,S1:34.4,S1_trawl_5_to_50,2015-08-05,broad,6,S1_trawl_5_to_50:2015-08-05,3,2
MPL-0634,S1:33.4,S1_trawl_5_to_50,2015-08-05,broad,6,S1_trawl_5_to_50:2015-08-05,3,2
MPL-0637,S1:35.4,S1_trawl_5_to_50,2015-08-05,broad,6,S1_trawl_5_to_50:2015-08-05,3,0
MPL-0640,S1:39.3,S1_trawl_5_to_50,2015-08-06,broad,6,S1_trawl_5_to_50:2015-08-06,3,2
MPL-0642,S1:38.3,S1_trawl_5_to_50,2015-08-06,broad,6,S1_trawl_5_to_50:2015-08-06,3,2
MPL-0647,S1:36.3,S1_trawl_5_to_50,2015-08-06,broad,6,S1_trawl_5_to_50:2015-08-06,3,0
MPL-0648,S1:37.3,S1_trawl_5_to_50,2015-08-06,broad,6,S1_trawl_5_to_50:2015-08-06,3,0
MPL-0654,S1:41.3,S1_trawl_5_to_50,2015-08-07,broad,6,S1_trawl_5_to_50:2015-08-07,1,4
MPL-0656,S1:42.3,S1_trawl_5_to_50,2015-08-07,broad,6,S1_trawl_5_to_50:2015-08-07,1,4
MPL-0658,S1:42.4,S1_trawl_5_to_50,2015-08-07,broad,6,S1_trawl_5_to_50:2015-08-07,1,4
MPL-0660,S1:43.4,S1_trawl_5_to_50,2015-08-07,broad,6,S1_trawl_5_to_50:2015-08-07,1,4
MPL-0666,S1:45.4,S1_trawl_5_to_50,2015-08-08,broad,6,S1_trawl_5_to_50:2015-08-08,3,1
MPL-0668,S1:44.4,S1_trawl_5_to_50,2015-08-08,broad,6,S1_trawl_5_to_50:2015-08-08,3,1
MPL-0669,S1:47.4,S1_trawl_5_to_50,2015-08-08,broad,6,S1_trawl_5_to_50:2015-08-08,3,1
MPL-0671,S1:46.4,S1_trawl_5_to_50,2015-08-08,broad,6,S1_trawl_5_to_50:2015-08-08,3,1
MPL-0677,S1:48.4,S1_trawl_5_to_50,2015-08-09,broad,6,S1_trawl_5_to_50:2015-08-09,1,3
MPL-0680,S1:51.3,S1_trawl_5_to_50,2015-08-09,broad,6,S1_trawl_5_to_50:2015-08-09,1,3
MPL-0684,S1:49.3,S1_trawl_5_to_50,2015-08-09,broad,6,S1_trawl_5_to_50:2015-08-09,1,3
MPL-0687,S1:50.3,S1_trawl_5_to_50,2015-08-09,broad,6,S1_trawl_5_to_50:2015-08-09,1,3
MPL-0691,S1:52.3,S1_trawl_5_to_50,2015-08-10,broad,6,S1_trawl_5_to_50:2015-08-10,1,3
MPL-0694,S1:53.3,S1_trawl_5_to_50,2015-08-10,broad,6,S1_trawl_5_to_50:2015-08-10,1,3
MPL-0699,S1:54.4,S1_trawl_5_to_50,2015-08-10,broad,6,S1_trawl_5_to_50:2015-08-10,1,3
MPL-0701,S1:54.3,S1_trawl_5_to_50,2015-08-10,broad,6,S1_trawl_5_to_50:2015-08-10,1,3
MPL-0705,S1:57.4,S1_trawl_5_to_50,2015-08-11,broad,6,S1_trawl_5_to_50:2015-08-11,2,3
MPL-0710,S1:58.4,S1_trawl_5_to_50,2015-08-11,broad,6,S1_trawl_5_to_50:2015-08-11,2,3
MPL-0711,S1:56.4,S1_trawl_5_to_50,2015-08-11,broad,6,S1_trawl_5_to_50:2015-08-11,2,3
MPL-0715,S1:55.4,S1_trawl_5_to_50,2015-08-11,broad,6,S1_trawl_5_to_50:2015-08-11,2,3
MPL-0716,S1:61.3,S1_trawl_5_to_50,2015-08-12,broad,6,S1_trawl_5_to_50:2015-08-12,2,4
MPL-0721,S1:60.4,S1_trawl_5_to_50,2015-08-12,broad,6,S1_trawl_5_to_50:2015-08-12,2,4
MPL-0724,S1:62.3,S1_trawl_5_to_50,2015-08-12,broad,6,S1_trawl_5_to_50:2015-08-12,2,4
MPL-0725,S1:66.4,S1_trawl_5_to_50,2015-08-13,broad,6,S1_trawl_5_to_50:2015-08-13,4,4
MPL-0726,S1:65.3,S1_trawl_5_to_50,2015-08-13,broad,6,S1_trawl_5_to_50:2015-08-13,4,4
MPL-0727,S1:66.3,S1_trawl_5_to_50,2015-08-13,broad,6,S1_trawl_5_to_50:2015-08-13,4,4
MPL-0736,S1:64.3,S1_trawl_5_to_50,2015-08-13,broad,6,S1_trawl_5_to_50:2015-08-13,4,4
MPL-0738,S1:63.3,S1_trawl_5_to_50,2015-08-13,broad,6,S1_trawl_5_to_50:2015-08-13,4,4
MPL-0739,S1:69.4,S1_trawl_5_to_50,2015-08-14,broad,6,S1_trawl_5_to_50:2015-08-14,3,0
MPL-0742,S1:68.4,S1_trawl_5_to_50,2015-08-14,broad,6,S1_trawl_5_to_50:2015-08-14,3,0
MPL-0747,S1:70.4,S1_trawl_5_to_50,2015-08-14,broad,6,S1_trawl_5_to_50:2015-08-14,3,0
MPL-0751,S1:67.4,S1_trawl_5_to_50,2015-08-14,broad,6,S1_trawl_5_to_50:2015-08-14,3,4
MPL-0753,S1:71.4,S1_trawl_5_to_50,2015-08-15,broad,6,S1_trawl_5_to_50:2015-08-15,2,0
MPL-0755,S1:72.4,S1_trawl_5_to_50,2015-08-15,broad,6,S1_trawl_5_to_50:2015-08-15,2,0
MPL-0756,S1:73.3,S1_trawl_5_to_50,2015-08-15,broad,6,S1_trawl_5_to_50:2015-08-15,2,0
MPL-0762,S1:74.3,S1_trawl_5_to_50,2015-08-16,broad,6,S1_trawl_5_to_50:2015-08-16,0,0
MPL-0763,S1:75.3,S1_trawl_5_to_50,2015-08-16,broad,6,S1_trawl_5_to_50:2015-08-16,0,4
MPL-0768,S1:77.3,S1_trawl_5_to_50,2015-08-17,broad,6,S1_trawl_5_to_50:2015-08-17,0,4
MPL-0770,S1:78.3,S1_trawl_5_to_50,2015-08-17,broad,6,S1_trawl_5_to_50:2015-08-17,0,4
MPL-0777,S1:79.4,S1_trawl_5_to_50,2015-08-18,broad,6,S1_trawl_5_to_50:2015-08-18,3,4
MPL-0778,S1:79.3,S1_trawl_5_to_50,2015-08-18,broad,6,S1_trawl_5_to_50:2015-08-18,3,4
MPL-0526,S1:0.1,S1_trawl_5_to_50,2015-07-25,broad,7,S1_trawl_5_to_50:2015-07-25,4,0
MPL-0530,S1:2.3,S1_trawl_5_to_50,2015-07-27,broad,7,S1_trawl_5_to_50:2015-07-27,3,2
MPL-0531,S1:1.3,S1_trawl_5_to_50,2015-07-27,broad,7,S1_trawl_5_to_50:2015-07-27,3,2
MPL-0535,S1:4.3,S1_trawl_5_to_50,2015-07-28,broad,7,S1_trawl_5_to_50:2015-07-28,4,2
MPL-0543,S1:3.3,S1_trawl_5_to_50,2015-07-28,broad,7,S1_trawl_5_to_50:2015-07-28,4,2
MPL-0544,S1:6.4,S1_trawl_5_to_50,2015-07-28,broad,7,S1_trawl_5_to_50:2015-07-28,4,2
MPL-0545,S1:6.3,S1_trawl_5_to_50,2015-07-28,broad,7,S1_trawl_5_to_50:2015-07-28,4,2
MPL-0546,S1:5.3,S1_trawl_5_to_50,2015-07-28,broad,7,S1_trawl_5_to_50:2015-07-28,4,2
MPL-0551,S1:9.4,S1_trawl_5_to_50,2015-07-29,broad,7,S1_trawl_5_to_50:2015-07-29,2,1
MPL-0554,S1:10.4,S1_trawl_5_to_50,2015-07-29,broad,7,S1_trawl_5_to_50:2015-07-29,2,1
MPL-0555,S1:8.4,S1_trawl_5_to_50,2015-07-29,broad,7,S1_trawl_5_to_50:2015-07-29,2,1
MPL-0559,S1:7.4,S1_trawl_5_to_50,2015-07-29,broad,7,S1_trawl_5_to_50:2015-07-29,2,2
MPL-0563,S1:11.4,S1_trawl_5_to_50,2015-07-29,broad,7,S1_trawl_5_to_50:2015-07-29,2,1
MPL-0566,S1:12.3,S1_trawl_5_to_50,2015-07-30,broad,7,S1_trawl_5_to_50:2015-07-30,1,1
MPL-0569,S1:13.3,S1_trawl_5_to_50,2015-07-30,broad,7,S1_trawl_5_to_50:2015-07-30,1,1
MPL-0570,S1:14.3,S1_trawl_5_to_50,2015-07-30,broad,7,S1_trawl_5_to_50:2015-07-30,1,3
MPL-0573,S1:17.4,S1_trawl_5_to_50,2015-07-31,broad,7,S1_trawl_5_to_50:2015-07-31,0,3
MPL-0574,S1:17.3,S1_trawl_5_to_50,2015-07-31,broad,7,S1_trawl_5_to_50:2015-07-31,0,3
MPL-0577,S1:15.3,S1_trawl_5_to_50,2015-07-31,broad,7,S1_trawl_5_to_50:2015-07-31,0,3
MPL-0581,S1:16.3,S1_trawl_5_to_50,2015-07-31,broad,7,S1_trawl_5_to_50:2015-07-31,0,3
MPL-0588,S1:20.4,S1_trawl_5_to_50,2015-08-01,broad,7,S1_trawl_5_to_50:2015-08-01,3,3
MPL-0590,S1:19.4,S1_trawl_5_to_50,2015-08-01,broad,7,S1_trawl_5_to_50:2015-08-01,3,3
MPL-0593,S1:18.4,S1_trawl_5_to_50,2015-08-01,broad,7,S1_trawl_5_to_50:2015-08-01,3,3
MPL-0596,S1:24.4,S1_trawl_5_to_50,2015-08-02,broad,7,S1_trawl_5_to_50:2015-08-02,3,1
MPL-0597,S1:21.4,S1_trawl_5_to_50,2015-08-02,broad,7,S1_trawl_5_to_50:2015-08-02,3,3
MPL-0599,S1:22.4,S1_trawl_5_to_50,2015-08-02,broad,7,S1_trawl_5_to_50:2015-08-02,3,1
MPL-0603,S1:27.3,S1_trawl_5_to_50,2015-08-03,broad,7,S1_trawl_5_to_50:2015-08-03,4,1
MPL-0606,S1:26.3,S1_trawl_5_to_50,2015-08-03,broad,7,S1_trawl_5_to_50:2015-08-03,4,1
MPL-0607,S1:25.3,S1_trawl_5_to_50,2015-08-03,broad,7,S1_trawl_5_to_50:2015-08-03,4,1
MPL-0610,S1:28.3,S1_trawl_5_to_50,2015-08-03,broad,7,S1_trawl_5_to_50:2015-08-03,4,2
MPL-0618,S1:31.4,S1_trawl_5_to_50,2015-08-04,broad,7,S1_trawl_5_to_50:2015-08-04,2,2
MPL-0621,S1:30.4,S1_trawl_5_to_50,2015-08-04,broad,7,S1_trawl_5_to_50:2015-08-04,2,2
MPL-0622,S1:29.3,S1_trawl_5_to_50,2015-08-04,broad,7,S1_trawl_5_to_50:2015-08-04,2,2
MPL-0623,S1:30.3,S1_trawl_5_to_50,2015-08-04,broad,7,S1_trawl_5_to_50:2015-08-04,2,2
MPL-0627,S1:32.4,S1_trawl_5_to_50,2015-08-04,broad,7,S1_trawl_5_to_50:2015-08-04,2,2
MPL-0631,S1:34.4,S1_trawl_5_to_50,2015-08-05,broad,7,S1_trawl_5_to_50:2015-08-05,2,2
MPL-0634,S1:33.4,S1_trawl_5_to_50,2015-08-05,broad,7,S1_trawl_5_to_50:2015-08-05,2,2
MPL-0637,S1:35.4,S1_trawl_5_to_50,2015-08-05,broad,7,S1_trawl_5_to_50:2015-08-05,2,0
MPL-0640,S1:39.3,S1_trawl_5_to_50,2015-08-06,broad,7,S1_trawl_5_to_50:2015-08-06,3,2
MPL-0642,S1:38.3,S1_trawl_5_to_50,2015-08-06,broad,7,S1_trawl_5_to_50:2015-08-06,3,2
MPL-0647,S1:36.3,S1_trawl_5_to_50,2015-08-06,broad,7,S1_trawl_5_to_50:2015-08-06,3,0
MPL-0648,S1:37.3,S1_trawl_5_to_50,2015-08-06,broad,7,S1_trawl_5_to_50:2015-08-06,3,0
MPL-0654,S1:41.3,S1_trawl_5_to_50,2015-08-07,broad,7,S1_trawl_5_to_50:2015-08-07,3,4
MPL-0656,S1:42.3,S1_trawl_5_to_50,2015-08-07,broad,7,S1_trawl_5_to_50:2015-08-07,3,4
MPL-0658,S1:42.4,S1_trawl_5_to_50,2015-08-07,broad,7,S1_trawl_5_to_50:2015-08-07,3,4
MPL-0660,S1:43.4,S1_trawl_5_to_50,2015-08-07,broad,7,S1_trawl_5_to_50:2015-08-07,3,4
MPL-0666,S1:45.4,S1_trawl_5_to_50,2015-08-08,broad,7,S1_trawl_5_to_50:2015-08-08,4,1
MPL-0668,S1:44.4,S1_trawl_5_to_50,2015-08-08,broad,7,S1_trawl_5_to_50:2015-08-08,4,1
MPL-0669,S1:47.4,S1_trawl_5_to_50,2015-08-08,broad,7,S1_trawl_5_to_50:2015-08-08,4,1
MPL-0671,S1:46.4,S1_trawl_5_to_50,2015-08-08,broad,7,S1_trawl_5_to_50:2015-08-08,4,1
MPL-0677,S1:48.4,S1_trawl_5_to_50,2015-08-09,broad,7,S1_trawl_5_to_50:2015-08-09,1,3
MPL-0680,S1:51.3,S1_trawl_5_to_50,2015-08-09,broad,7,S1_trawl_5_to_50:2015-08-09,1,3
MPL-0684,S1:49.3,S1_trawl_5_to_50,2015-08-09,broad,7,S1_trawl_5_to_50:2015-08-09,1,3
MPL-0687,S1:50.3,S1_trawl_5_to_50,2015-08-09,broad,7,S1_trawl_5_to_50:2015-08-09,1,3
MPL-0691,S1:52.3,S1_trawl_5_to_50,2015-08-10,broad,7,S1_trawl_5_to_50:2015-08-10,0,3
MPL-0694,S1:53.3,S1_trawl_5_to_50,2015-08-10,broad,7,S1_trawl_5_to_50:2015-08-10,0,3
MPL-0699,S1:54.4,S1_trawl_5_to_50,2015-08-10,broad,7,S1_trawl_5_to_50:2015-08-10,0,3
MPL-0701,S1:54.3,S1_trawl_5_to_50,2015-08-10,broad,7,S1_trawl_5_to_50:2015-08-10,0,3
MPL-0705,S1:57.4,S1_trawl_5_to_50,2015-08-11,broad,7,S1_trawl_5_to_50:2015-08-11,0,3
MPL-0710,S1:58.4,S1_trawl_5_to_50,2015-08-11,broad,7,S1_trawl_5_to_50:2015-08-11,0,3
MPL-0711,S1:56.4,S1_trawl_5_to_50,2015-08-11,broad,7,S1_trawl_5_to_50:2015-08-11,0,3
MPL-0715,S1:55.4,S1_trawl_5_to_50,2015-08-11,broad,7,S1_trawl_5_to_50:2015-08-11,0,3
MPL-0716,S1:61.3,S1_trawl_5_to_50,2015-08-12,broad,7,S1_trawl_5_to_50:2015-08-12,0,4
MPL-0721,S1:60.4,S1_trawl_5_to_50,2015-08-12,broad,7,S1_trawl_5_to_50:2015-08-12,0,4
MPL-0724,S1:62.3,S1_trawl_5_to_50,2015-08-12,broad,7,S1_trawl_5_to_50:2015-08-12,0,4
MPL-0725,S1:66.4,S1_trawl_5_to_50,2015-08-13,broad,7,S1_trawl_5_to_50:2015-08-13,1,4
MPL-0726,S1:65.3,S1_trawl_5_to_50,2015-08-13,broad,7,S1_trawl_5_to_50:2015-08-13,1,4
MPL-0727,S1:66.3,S1_trawl_5_to_50,2015-08-13,broad,7,S1_trawl_5_to_50:2015-08-13,1,4
MPL-0736,S1:64.3,S1_trawl_5_to_50,2015-08-13,broad,7,S1_trawl_5_to_50:2015-08-13,1,4
MPL-0738,S1:63.3,S1_trawl_5_to_50,2015-08-13,broad,7,S1_trawl_5_to_50:2015-08-13,1,4
MPL-0739,S1:69.4,S1_trawl_5_to_50,2015-08-14,broad,7,S1_trawl_5_to_50:2015-08-14,0,0
MPL-0742,S1:68.4,S1_trawl_5_to_50,2015-08-14,broad,7,S1_trawl_5_to_50:2015-08-14,0,0
MPL-0747,S1:70.4,S1_trawl_5_to_50,2015-08-14,broad,7,S1_trawl_5_to_50:2015-08-14,0,0
MPL-0751,S1:67.4,S1_trawl_5_to_50,2015-08-14,broad,7,S1_trawl_5_to_50:2015-08-14,0,4
MPL-0753,S1:71.4,S1_trawl_5_to_50,2015-08-15,broad,7,S1_trawl_5_to_50:2015-08-15,1,0
MPL-0755,S1:72.4,S1_trawl_5_to_50,2015-08-15,broad,7,S1_trawl_5_to_50:2015-08-15,1,0
MPL-0756,S1:73.3,S1_trawl_5_to_50,2015-08-15,broad,7,S1_trawl_5_to_50:2015-08-15,1,0
MPL-0762,S1:74.3,S1_trawl_5_to_50,2015-08-16,broad,7,S1_trawl_5_to_50:2015-08-16,2,0
MPL-0763,S1:75.3,S1_trawl_5_to_50,2015-08-16,broad,7,S1_trawl_5_to_50:2015-08-16,2,4
MPL-0768,S1:77.3,S1_trawl_5_to_50,2015-08-17,broad,7,S1_trawl_5_to_50:2015-08-17,1,4
MPL-0770,S1:78.3,S1_trawl_5_to_50,2015-08-17,broad,7,S1_trawl_5_to_50:2015-08-17,1,4
MPL-0777,S1:79.4,S1_trawl_5_to_50,2015-08-18,broad,7,S1_trawl_5_to_50:2015-08-18,2,4
MPL-0778,S1:79.3,S1_trawl_5_to_50,2015-08-18,broad,7,S1_trawl_5_to_50:2015-08-18,2,4
MPL-0526,S1:0.1,S1_trawl_5_to_50,2015-07-25,broad,8,S1_trawl_5_to_50:2015-07-25,1,0
MPL-0530,S1:2.3,S1_trawl_5_to_50,2015-07-27,broad,8,S1_trawl_5_to_50:2015-07-27,0,2
MPL-0531,S1:1.3,S1_trawl_5_to_50,2015-07-27,broad,8,S1_trawl_5_to_50:2015-07-27,0,2
MPL-0535,S1:4.3,S1_trawl_5_to_50,2015-07-28,broad,8,S1_trawl_5_to_50:2015-07-28,4,2
MPL-0543,S1:3.3,S1_trawl_5_to_50,2015-07-28,broad,8,S1_trawl_5_to_50:2015-07-28,4,2
MPL-0544,S1:6.4,S1_trawl_5_to_50,2015-07-28,broad,8,S1_trawl_5_to_50:2015-07-28,4,2
MPL-0545,S1:6.3,S1_trawl_5_to_50,2015-07-28,broad,8,S1_trawl_5_to_50:2015-07-28,4,2
MPL-0546,S1:5.3,S1_trawl_5_to_50,2015-07-28,broad,8,S1_trawl_5_to_50:2015-07-28,4,2
MPL-0551,S1:9.4,S1_trawl_5_to_50,2015-07-29,broad,8,S1_trawl_5_to_50:2015-07-29,2,1
MPL-0554,S1:10.4,S1_trawl_5_to_50,2015-07-29,broad,8,S1_trawl_5_to_50:2015-07-29,2,1
MPL-0555,S1:8.4,S1_trawl_5_to_50,2015-07-29,broad,8,S1_trawl_5_to_50:2015-07-29,2,1
MPL-0559,S1:7.4,S1_trawl_5_to_50,2015-07-29,broad,8,S1_trawl_5_to_50:2015-07-29,2,2
MPL-0563,S1:11.4,S1_trawl_5_to_50,2015-07-29,broad,8,S1_trawl_5_to_50:2015-07-29,2,1
MPL-0566,S1:12.3,S1_trawl_5_to_50,2015-07-30,broad,8,S1_trawl_5_to_50:2015-07-30,1,1
MPL-0569,S1:13.3,S1_trawl_5_to_50,2015-07-30,broad,8,S1_trawl_5_to_50:2015-07-30,1,1
MPL-0570,S1:14.3,S1_trawl_5_to_50,2015-07-30,broad,8,S1_trawl_5_to_50:2015-07-30,1,3
MPL-0573,S1:17.4,S1_trawl_5_to_50,2015-07-31,broad,8,S1_trawl_5_to_50:2015-07-31,0,3
MPL-0574,S1:17.3,S1_trawl_5_to_50,2015-07-31,broad,8,S1_trawl_5_to_50:2015-07-31,0,3
MPL-0577,S1:15.3,S1_trawl_5_to_50,2015-07-31,broad,8,S1_trawl_5_to_50:2015-07-31,0,3
MPL-0581,S1:16.3,S1_trawl_5_to_50,2015-07-31,broad,8,S1_trawl_5_to_50:2015-07-31,0,3
MPL-0588,S1:20.4,S1_trawl_5_to_50,2015-08-01,broad,8,S1_trawl_5_to_50:2015-08-01,0,3
MPL-0590,S1:19.4,S1_trawl_5_to_50,2015-08-01,broad,8,S1_trawl_5_to_50:2015-08-01,0,3
MPL-0593,S1:18.4,S1_trawl_5_to_50,2015-08-01,broad,8,S1_trawl_5_to_50:2015-08-01,0,3
MPL-0596,S1:24.4,S1_trawl_5_to_50,2015-08-02,broad,8,S1_trawl_5_to_50:2015-08-02,1,1
MPL-0597,S1:21.4,S1_trawl_5_to_50,2015-08-02,broad,8,S1_trawl_5_to_50:2015-08-02,1,3
MPL-0599,S1:22.4,S1_trawl_5_to_50,2015-08-02,broad,8,S1_trawl_5_to_50:2015-08-02,1,1
MPL-0603,S1:27.3,S1_trawl_5_to_50,2015-08-03,broad,8,S1_trawl_5_to_50:2015-08-03,2,1
MPL-0606,S1:26.3,S1_trawl_5_to_50,2015-08-03,broad,8,S1_trawl_5_to_50:2015-08-03,2,1
MPL-0607,S1:25.3,S1_trawl_5_to_50,2015-08-03,broad,8,S1_trawl_5_to_50:2015-08-03,2,1
MPL-0610,S1:28.3,S1_trawl_5_to_50,2015-08-03,broad,8,S1_trawl_5_to_50:2015-08-03,2,2
MPL-0618,S1:31.4,S1_trawl_5_to_50,2015-08-04,broad,8,S1_trawl_5_to_50:2015-08-04,2,2
MPL-0621,S1:30.4,S1_trawl_5_to_50,2015-08-04,broad,8,S1_trawl_5_to_50:2015-08-04,2,2
MPL-0622,S1:29.3,S1_trawl_5_to_50,2015-08-04,broad,8,S1_trawl_5_to_50:2015-08-04,2,2
MPL-0623,S1:30.3,S1_trawl_5_to_50,2015-08-04,broad,8,S1_trawl_5_to_50:2015-08-04,2,2
MPL-0627,S1:32.4,S1_trawl_5_to_50,2015-08-04,broad,8,S1_trawl_5_to_50:2015-08-04,2,2
MPL-0631,S1:34.4,S1_trawl_5_to_50,2015-08-05,broad,8,S1_trawl_5_to_50:2015-08-05,3,2
MPL-0634,S1:33.4,S1_trawl_5_to_50,2015-08-05,broad,8,S1_trawl_5_to_50:2015-08-05,3,2
MPL-0637,S1:35.4,S1_trawl_5_to_50,2015-08-05,broad,8,S1_trawl_5_to_50:2015-08-05,3,0
MPL-0640,S1:39.3,S1_trawl_5_to_50,2015-08-06,broad,8,S1_trawl_5_to_50:2015-08-06,3,2
MPL-0642,S1:38.3,S1_trawl_5_to_50,2015-08-06,broad,8,S1_trawl_5_to_50:2015-08-06,3,2
MPL-0647,S1:36.3,S1_trawl_5_to_50,2015-08-06,broad,8,S1_trawl_5_to_50:2015-08-06,3,0
MPL-0648,S1:37.3,S1_trawl_5_to_50,2015-08-06,broad,8,S1_trawl_5_to_50:2015-08-06,3,0
MPL-0654,S1:41.3,S1_trawl_5_to_50,2015-08-07,broad,8,S1_trawl_5_to_50:2015-08-07,3,4
MPL-0656,S1:42.3,S1_trawl_5_to_50,2015-08-07,broad,8,S1_trawl_5_to_50:2015-08-07,3,4
MPL-0658,S1:42.4,S1_trawl_5_to_50,2015-08-07,broad,8,S1_trawl_5_to_50:2015-08-07,3,4
MPL-0660,S1:43.4,S1_trawl_5_to_50,2015-08-07,broad,8,S1_trawl_5_to_50:2015-08-07,3,4
MPL-0666,S1:45.4,S1_trawl_5_to_50,2015-08-08,broad,8,S1_trawl_5_to_50:2015-08-08,0,1
MPL-0668,S1:44.4,S1_trawl_5_to_50,2015-08-08,broad,8,S1_trawl_5_to_50:2015-08-08,0,1
MPL-0669,S1:47.4,S1_trawl_5_to_50,2015-08-08,broad,8,S1_trawl_5_to_50:2015-08-08,0,1
MPL-0671,S1:46.4,S1_trawl_5_to_50,2015-08-08,broad,8,S1_trawl_5_to_50:2015-08-08,0,1
MPL-0677,S1:48.4,S1_trawl_5_to_50,2015-08-09,broad,8,S1_trawl_5_to_50:2015-08-09,2,3
MPL-0680,S1:51.3,S1_trawl_5_to_50,2015-08-09,broad,8,S1_trawl_5_to_50:2015-08-09,2,3
MPL-0684,S1:49.3,S1_trawl_5_to_50,2015-08-09,broad,8,S1_trawl_5_to_50:2015-08-09,2,3
MPL-0687,S1:50.3,S1_trawl_5_to_50,2015-08-09,broad,8,S1_trawl_5_to_50:2015-08-09,2,3
MPL-0691,S1:52.3,S1_trawl_5_to_50,2015-08-10,broad,8,S1_trawl_5_to_50:2015-08-10,3,3
MPL-0694,S1:53.3,S1_trawl_5_to_50,2015-08-10,broad,8,S1_trawl_5_to_50:2015-08-10,3,3
MPL-0699,S1:54.4,S1_trawl_5_to_50,2015-08-10,broad,8,S1_trawl_5_to_50:2015-08-10,3,3
MPL-0701,S1:54.3,S1_trawl_5_to_50,2015-08-10,broad,8,S1_trawl_5_to_50:2015-08-10,3,3
MPL-0705,S1:57.4,S1_trawl_5_to_50,2015-08-11,broad,8,S1_trawl_5_to_50:2015-08-11,3,3
MPL-0710,S1:58.4,S1_trawl_5_to_50,2015-08-11,broad,8,S1_trawl_5_to_50:2015-08-11,3,3
MPL-0711,S1:56.4,S1_trawl_5_to_50,2015-08-11,broad,8,S1_trawl_5_to_50:2015-08-11,3,3
MPL-0715,S1:55.4,S1_trawl_5_to_50,2015-08-11,broad,8,S1_trawl_5_to_50:2015-08-11,3,3
MPL-0716,S1:61.3,S1_trawl_5_to_50,2015-08-12,broad,8,S1_trawl_5_to_50:2015-08-12,1,4
MPL-0721,S1:60.4,S1_trawl_5_to_50,2015-08-12,broad,8,S1_trawl_5_to_50:2015-08-12,1,4
MPL-0724,S1:62.3,S1_trawl_5_to_50,2015-08-12,broad,8,S1_trawl_5_to_50:2015-08-12,1,4
MPL-0725,S1:66.4,S1_trawl_5_to_50,2015-08-13,broad,8,S1_trawl_5_to_50:2015-08-13,4,4
MPL-0726,S1:65.3,S1_trawl_5_to_50,2015-08-13,broad,8,S1_trawl_5_to_50:2015-08-13,4,4
MPL-0727,S1:66.3,S1_trawl_5_to_50,2015-08-13,broad,8,S1_trawl_5_to_50:2015-08-13,4,4
MPL-0736,S1:64.3,S1_trawl_5_to_50,2015-08-13,broad,8,S1_trawl_5_to_50:2015-08-13,4,4
MPL-0738,S1:63.3,S1_trawl_5_to_50,2015-08-13,broad,8,S1_trawl_5_to_50:2015-08-13,4,4
MPL-0739,S1:69.4,S1_trawl_5_to_50,2015-08-14,broad,8,S1_trawl_5_to_50:2015-08-14,4,0
MPL-0742,S1:68.4,S1_trawl_5_to_50,2015-08-14,broad,8,S1_trawl_5_to_50:2015-08-14,4,0
MPL-0747,S1:70.4,S1_trawl_5_to_50,2015-08-14,broad,8,S1_trawl_5_to_50:2015-08-14,4,0
MPL-0751,S1:67.4,S1_trawl_5_to_50,2015-08-14,broad,8,S1_trawl_5_to_50:2015-08-14,4,4
MPL-0753,S1:71.4,S1_trawl_5_to_50,2015-08-15,broad,8,S1_trawl_5_to_50:2015-08-15,2,0
MPL-0755,S1:72.4,S1_trawl_5_to_50,2015-08-15,broad,8,S1_trawl_5_to_50:2015-08-15,2,0
MPL-0756,S1:73.3,S1_trawl_5_to_50,2015-08-15,broad,8,S1_trawl_5_to_50:2015-08-15,2,0
MPL-0762,S1:74.3,S1_trawl_5_to_50,2015-08-16,broad,8,S1_trawl_5_to_50:2015-08-16,0,0
MPL-0763,S1:75.3,S1_trawl_5_to_50,2015-08-16,broad,8,S1_trawl_5_to_50:2015-08-16,0,4
MPL-0768,S1:77.3,S1_trawl_5_to_50,2015-08-17,broad,8,S1_trawl_5_to_50:2015-08-17,1,4
MPL-0770,S1:78.3,S1_trawl_5_to_50,2015-08-17,broad,8,S1_trawl_5_to_50:2015-08-17,1,4
MPL-0777,S1:79.4,S1_trawl_5_to_50,2015-08-18,broad,8,S1_trawl_5_to_50:2015-08-18,4,4
MPL-0778,S1:79.3,S1_trawl_5_to_50,2015-08-18,broad,8,S1_trawl_5_to_50:2015-08-18,4,4
MPL-0526,S1:0.1,S1_trawl_5_to_50,2015-07-25,broad,9,S1_trawl_5_to_50:2015-07-25,3,0
MPL-0530,S1:2.3,S1_trawl_5_to_50,2015-07-27,broad,9,S1_trawl_5_to_50:2015-07-27,3,2
MPL-0531,S1:1.3,S1_trawl_5_to_50,2015-07-27,broad,9,S1_trawl_5_to_50:2015-07-27,3,2
MPL-0535,S1:4.3,S1_trawl_5_to_50,2015-07-28,broad,9,S1_trawl_5_to_50:2015-07-28,3,2
MPL-0543,S1:3.3,S1_trawl_5_to_50,2015-07-28,broad,9,S1_trawl_5_to_50:2015-07-28,3,2
MPL-0544,S1:6.4,S1_trawl_5_to_50,2015-07-28,broad,9,S1_trawl_5_to_50:2015-07-28,3,2
MPL-0545,S1:6.3,S1_trawl_5_to_50,2015-07-28,broad,9,S1_trawl_5_to_50:2015-07-28,3,2
MPL-0546,S1:5.3,S1_trawl_5_to_50,2015-07-28,broad,9,S1_trawl_5_to_50:2015-07-28,3,2
MPL-0551,S1:9.4,S1_trawl_5_to_50,2015-07-29,broad,9,S1_trawl_5_to_50:2015-07-29,4,1
MPL-0554,S1:10.4,S1_trawl_5_to_50,2015-07-29,broad,9,S1_trawl_5_to_50:2015-07-29,4,1
MPL-0555,S1:8.4,S1_trawl_5_to_50,2015-07-29,broad,9,S1_trawl_5_to_50:2015-07-29,4,1
MPL-0559,S1:7.4,S1_trawl_5_to_50,2015-07-29,broad,9,S1_trawl_5_to_50:2015-07-29,4,2
MPL-0563,S1:11.4,S1_trawl_5_to_50,2015-07-29,broad,9,S1_trawl_5_to_50:2015-07-29,4,1
MPL-0566,S1:12.3,S1_trawl_5_to_50,2015-07-30,broad,9,S1_trawl_5_to_50:2015-07-30,2,1
MPL-0569,S1:13.3,S1_trawl_5_to_50,2015-07-30,broad,9,S1_trawl_5_to_50:2015-07-30,2,1
MPL-0570,S1:14.3,S1_trawl_5_to_50,2015-07-30,broad,9,S1_trawl_5_to_50:2015-07-30,2,3
MPL-0573,S1:17.4,S1_trawl_5_to_50,2015-07-31,broad,9,S1_trawl_5_to_50:2015-07-31,4,3
MPL-0574,S1:17.3,S1_trawl_5_to_50,2015-07-31,broad,9,S1_trawl_5_to_50:2015-07-31,4,3
MPL-0577,S1:15.3,S1_trawl_5_to_50,2015-07-31,broad,9,S1_trawl_5_to_50:2015-07-31,4,3
MPL-0581,S1:16.3,S1_trawl_5_to_50,2015-07-31,broad,9,S1_trawl_5_to_50:2015-07-31,4,3
MPL-0588,S1:20.4,S1_trawl_5_to_50,2015-08-01,broad,9,S1_trawl_5_to_50:2015-08-01,0,3
MPL-0590,S1:19.4,S1_trawl_5_to_50,2015-08-01,broad,9,S1_trawl_5_to_50:2015-08-01,0,3
MPL-0593,S1:18.4,S1_trawl_5_to_50,2015-08-01,broad,9,S1_trawl_5_to_50:2015-08-01,0,3
MPL-0596,S1:24.4,S1_trawl_5_to_50,2015-08-02,broad,9,S1_trawl_5_to_50:2015-08-02,2,1
MPL-0597,S1:21.4,S1_trawl_5_to_50,2015-08-02,broad,9,S1_trawl_5_to_50:2015-08-02,2,3
MPL-0599,S1:22.4,S1_trawl_5_to_50,2015-08-02,broad,9,S1_trawl_5_to_50:2015-08-02,2,1
MPL-0603,S1:27.3,S1_trawl_5_to_50,2015-08-03,broad,9,S1_trawl_5_to_50:2015-08-03,0,1
MPL-0606,S1:26.3,S1_trawl_5_to_50,2015-08-03,broad,9,S1_trawl_5_to_50:2015-08-03,0,1
MPL-0607,S1:25.3,S1_trawl_5_to_50,2015-08-03,broad,9,S1_trawl_5_to_50:2015-08-03,0,1
MPL-0610,S1:28.3,S1_trawl_5_to_50,2015-08-03,broad,9,S1_trawl_5_to_50:2015-08-03,0,2
MPL-0618,S1:31.4,S1_trawl_5_to_50,2015-08-04,broad,9,S1_trawl_5_to_50:2015-08-04,3,2
MPL-0621,S1:30.4,S1_trawl_5_to_50,2015-08-04,broad,9,S1_trawl_5_to_50:2015-08-04,3,2
MPL-0622,S1:29.3,S1_trawl_5_to_50,2015-08-04,broad,9,S1_trawl_5_to_50:2015-08-04,3,2
MPL-0623,S1:30.3,S1_trawl_5_to_50,2015-08-04,broad,9,S1_trawl_5_to_50:2015-08-04,3,2
MPL-0627,S1:32.4,S1_trawl_5_to_50,2015-08-04,broad,9,S1_trawl_5_to_50:2015-08-04,3,2
MPL-0631,S1:34.4,S1_trawl_5_to_50,2015-08-05,broad,9,S1_trawl_5_to_50:2015-08-05,2,2
MPL-0634,S1:33.4,S1_trawl_5_to_50,2015-08-05,broad,9,S1_trawl_5_to_50:2015-08-05,2,2
MPL-0637,S1:35.4,S1_trawl_5_to_50,2015-08-05,broad,9,S1_trawl_5_to_50:2015-08-05,2,0
MPL-0640,S1:39.3,S1_trawl_5_to_50,2015-08-06,broad,9,S1_trawl_5_to_50:2015-08-06,1,2
MPL-0642,S1:38.3,S1_trawl_5_to_50,2015-08-06,broad,9,S1_trawl_5_to_50:2015-08-06,1,2
MPL-0647,S1:36.3,S1_trawl_5_to_50,2015-08-06,broad,9,S1_trawl_5_to_50:2015-08-06,1,0
MPL-0648,S1:37.3,S1_trawl_5_to_50,2015-08-06,broad,9,S1_trawl_5_to_50:2015-08-06,1,0
MPL-0654,S1:41.3,S1_trawl_5_to_50,2015-08-07,broad,9,S1_trawl_5_to_50:2015-08-07,3,4
MPL-0656,S1:42.3,S1_trawl_5_to_50,2015-08-07,broad,9,S1_trawl_5_to_50:2015-08-07,3,4
MPL-0658,S1:42.4,S1_trawl_5_to_50,2015-08-07,broad,9,S1_trawl_5_to_50:2015-08-07,3,4
MPL-0660,S1:43.4,S1_trawl_5_to_50,2015-08-07,broad,9,S1_trawl_5_to_50:2015-08-07,3,4
MPL-0666,S1:45.4,S1_trawl_5_to_50,2015-08-08,broad,9,S1_trawl_5_to_50:2015-08-08,1,1
MPL-0668,S1:44.4,S1_trawl_5_to_50,2015-08-08,broad,9,S1_trawl_5_to_50:2015-08-08,1,1
MPL-0669,S1:47.4,S1_trawl_5_to_50,2015-08-08,broad,9,S1_trawl_5_to_50:2015-08-08,1,1
MPL-0671,S1:46.4,S1_trawl_5_to_50,2015-08-08,broad,9,S1_trawl_5_to_50:2015-08-08,1,1
MPL-0677,S1:48.4,S1_trawl_5_to_50,2015-08-09,broad,9,S1_trawl_5_to_50:2015-08-09,0,3
MPL-0680,S1:51.3,S1_trawl_5_to_50,2015-08-09,broad,9,S1_trawl_5_to_50:2015-08-09,0,3
MPL-0684,S1:49.3,S1_trawl_5_to_50,2015-08-09,broad,9,S1_trawl_5_to_50:2015-08-09,0,3
MPL-0687,S1:50.3,S1_trawl_5_to_50,2015-08-09,broad,9,S1_trawl_5_to_50:2015-08-09,0,3
MPL-0691,S1:52.3,S1_trawl_5_to_50,2015-08-10,broad,9,S1_trawl_5_to_50:2015-08-10,0,3
MPL-0694,S1:53.3,S1_trawl_5_to_50,2015-08-10,broad,9,S1_trawl_5_to_50:2015-08-10,0,3
MPL-0699,S1:54.4,S1_trawl_5_to_50,2015-08-10,broad,9,S1_trawl_5_to_50:2015-08-10,0,3
MPL-0701,S1:54.3,S1_trawl_5_to_50,2015-08-10,broad,9,S1_trawl_5_to_50:2015-08-10,0,3
MPL-0705,S1:57.4,S1_trawl_5_to_50,2015-08-11,broad,9,S1_trawl_5_to_50:2015-08-11,0,3
MPL-0710,S1:58.4,S1_trawl_5_to_50,2015-08-11,broad,9,S1_trawl_5_to_50:2015-08-11,0,3
MPL-0711,S1:56.4,S1_trawl_5_to_50,2015-08-11,broad,9,S1_trawl_5_to_50:2015-08-11,0,3
MPL-0715,S1:55.4,S1_trawl_5_to_50,2015-08-11,broad,9,S1_trawl_5_to_50:2015-08-11,0,3
MPL-0716,S1:61.3,S1_trawl_5_to_50,2015-08-12,broad,9,S1_trawl_5_to_50:2015-08-12,2,4
MPL-0721,S1:60.4,S1_trawl_5_to_50,2015-08-12,broad,9,S1_trawl_5_to_50:2015-08-12,2,4
MPL-0724,S1:62.3,S1_trawl_5_to_50,2015-08-12,broad,9,S1_trawl_5_to_50:2015-08-12,2,4
MPL-0725,S1:66.4,S1_trawl_5_to_50,2015-08-13,broad,9,S1_trawl_5_to_50:2015-08-13,2,4
MPL-0726,S1:65.3,S1_trawl_5_to_50,2015-08-13,broad,9,S1_trawl_5_to_50:2015-08-13,2,4
MPL-0727,S1:66.3,S1_trawl_5_to_50,2015-08-13,broad,9,S1_trawl_5_to_50:2015-08-13,2,4
MPL-0736,S1:64.3,S1_trawl_5_to_50,2015-08-13,broad,9,S1_trawl_5_to_50:2015-08-13,2,4
MPL-0738,S1:63.3,S1_trawl_5_to_50,2015-08-13,broad,9,S1_trawl_5_to_50:2015-08-13,2,4
MPL-0739,S1:69.4,S1_trawl_5_to_50,2015-08-14,broad,9,S1_trawl_5_to_50:2015-08-14,1,0
MPL-0742,S1:68.4,S1_trawl_5_to_50,2015-08-14,broad,9,S1_trawl_5_to_50:2015-08-14,1,0
MPL-0747,S1:70.4,S1_trawl_5_to_50,2015-08-14,broad,9,S1_trawl_5_to_50:2015-08-14,1,0
MPL-0751,S1:67.4,S1_trawl_5_to_50,2015-08-14,broad,9,S1_trawl_5_to_50:2015-08-14,1,4
MPL-0753,S1:71.4,S1_trawl_5_to_50,2015-08-15,broad,9,S1_trawl_5_to_50:2015-08-15,1,0
MPL-0755,S1:72.4,S1_trawl_5_to_50,2015-08-15,broad,9,S1_trawl_5_to_50:2015-08-15,1,0
MPL-0756,S1:73.3,S1_trawl_5_to_50,2015-08-15,broad,9,S1_trawl_5_to_50:2015-08-15,1,0
MPL-0762,S1:74.3,S1_trawl_5_to_50,2015-08-16,broad,9,S1_trawl_5_to_50:2015-08-16,1,0
MPL-0763,S1:75.3,S1_trawl_5_to_50,2015-08-16,broad,9,S1_trawl_5_to_50:2015-08-16,1,4
MPL-0768,S1:77.3,S1_trawl_5_to_50,2015-08-17,broad,9,S1_trawl_5_to_50:2015-08-17,4,4
MPL-0770,S1:78.3,S1_trawl_5_to_50,2015-08-17,broad,9,S1_trawl_5_to_50:2015-08-17,4,4
MPL-0777,S1:79.4,S1_trawl_5_to_50,2015-08-18,broad,9,S1_trawl_5_to_50:2015-08-18,4,4
MPL-0778,S1:79.3,S1_trawl_5_to_50,2015-08-18,broad,9,S1_trawl_5_to_50:2015-08-18,4,4
MPL-0001,S3:HE419_MarLitter_transect01,S3_visual_GT2,2014-04-03,broad,0,S3_visual_GT2:2014-04-03,0,1
MPL-0008,S3:HE419_MarLitter_transect02,S3_visual_GT2,2014-04-05,broad,0,S3_visual_GT2:2014-04-05,0,4
MPL-0018,S3:HE419_MarLitter_transect03,S3_visual_GT2,2014-04-06,broad,0,S3_visual_GT2:2014-04-06,2,2
MPL-0020,S3:HE419_MarLitter_transect04,S3_visual_GT2,2014-04-06,broad,0,S3_visual_GT2:2014-04-06,2,2
MPL-0027,S3:HE419_MarLitter_transect05,S3_visual_GT2,2014-04-06,broad,0,S3_visual_GT2:2014-04-06,2,2
MPL-0035,S3:HE419_MarLitter_transect06,S3_visual_GT2,2014-04-06,broad,0,S3_visual_GT2:2014-04-06,2,2
MPL-0039,S3:HE419_MarLitter_transect08,S3_visual_GT2,2014-04-06,broad,0,S3_visual_GT2:2014-04-06,2,2
MPL-0043,S3:HE419_MarLitter_transect07,S3_visual_GT2,2014-04-06,broad,0,S3_visual_GT2:2014-04-06,2,2
MPL-0051,S3:HE419_MarLitter_transect13,S3_visual_GT2,2014-04-07,broad,0,S3_visual_GT2:2014-04-07,0,2
MPL-0056,S3:HE419_MarLitter_transect14,S3_visual_GT2,2014-04-07,broad,0,S3_visual_GT2:2014-04-07,0,2
MPL-0060,S3:HE419_MarLitter_transect09,S3_visual_GT2,2014-04-07,broad,0,S3_visual_GT2:2014-04-07,0,2
MPL-0067,S3:HE419_MarLitter_transect12,S3_visual_GT2,2014-04-07,broad,0,S3_visual_GT2:2014-04-07,0,2
MPL-0073,S3:HE419_MarLitter_transect10,S3_visual_GT2,2014-04-07,broad,0,S3_visual_GT2:2014-04-07,0,2
MPL-0076,S3:HE419_MarLitter_transect11,S3_visual_GT2,2014-04-07,broad,0,S3_visual_GT2:2014-04-07,0,2
MPL-0085,S3:HE419_MarLitter_transect18,S3_visual_GT2,2014-04-08,broad,0,S3_visual_GT2:2014-04-08,3,0
MPL-0087,S3:HE419_MarLitter_transect15,S3_visual_GT2,2014-04-08,broad,0,S3_visual_GT2:2014-04-08,3,0
MPL-0092,S3:HE419_MarLitter_transect16,S3_visual_GT2,2014-04-08,broad,0,S3_visual_GT2:2014-04-08,3,0
MPL-0094,S3:HE419_MarLitter_transect17,S3_visual_GT2,2014-04-08,broad,0,S3_visual_GT2:2014-04-08,3,0
MPL-0096,S3:HE419_MarLitter_transect20,S3_visual_GT2,2014-04-09,broad,0,S3_visual_GT2:2014-04-09,1,2
MPL-0101,S3:HE419_MarLitter_transect19,S3_visual_GT2,2014-04-09,broad,0,S3_visual_GT2:2014-04-09,1,2
MPL-0107,S3:HE419_MarLitter_transect21,S3_visual_GT2,2014-04-09,broad,0,S3_visual_GT2:2014-04-09,1,2
MPL-0109,S3:HE419_MarLitter_transect22,S3_visual_GT2,2014-04-09,broad,0,S3_visual_GT2:2014-04-09,1,2
MPL-0114,S3:HE419_MarLitter_transect23,S3_visual_GT2,2014-04-10,broad,0,S3_visual_GT2:2014-04-10,2,4
MPL-0123,S3:HE419_MarLitter_transect24,S3_visual_GT2,2014-04-10,broad,0,S3_visual_GT2:2014-04-10,2,4
MPL-0132,S3:HE419_MarLitter_transect25,S3_visual_GT2,2014-04-10,broad,0,S3_visual_GT2:2014-04-10,2,4
MPL-0138,S3:HE419_MarLitter_transect26,S3_visual_GT2,2014-04-10,broad,0,S3_visual_GT2:2014-04-10,2,4
MPL-0141,S3:HE419_MarLitter_transect27,S3_visual_GT2,2014-04-10,broad,0,S3_visual_GT2:2014-04-10,2,4
MPL-0146,S3:HE419_MarLitter_transect32,S3_visual_GT2,2014-04-11,broad,0,S3_visual_GT2:2014-04-11,1,1
MPL-0148,S3:HE419_MarLitter_transect31,S3_visual_GT2,2014-04-11,broad,0,S3_visual_GT2:2014-04-11,1,1
MPL-0158,S3:HE419_MarLitter_transect30,S3_visual_GT2,2014-04-11,broad,0,S3_visual_GT2:2014-04-11,1,1
MPL-0166,S3:HE419_MarLitter_transect29,S3_visual_GT2,2014-04-11,broad,0,S3_visual_GT2:2014-04-11,1,1
MPL-0171,S3:HE419_MarLitter_transect28,S3_visual_GT2,2014-04-11,broad,0,S3_visual_GT2:2014-04-11,1,1
MPL-0176,S3:HE419_MarLitter_transect38,S3_visual_GT2,2014-04-12,broad,0,S3_visual_GT2:2014-04-12,1,3
MPL-0179,S3:HE419_MarLitter_transect37,S3_visual_GT2,2014-04-12,broad,0,S3_visual_GT2:2014-04-12,1,3
MPL-0183,S3:HE419_MarLitter_transect34,S3_visual_GT2,2014-04-12,broad,0,S3_visual_GT2:2014-04-12,1,3
MPL-0185,S3:HE419_MarLitter_transect35,S3_visual_GT2,2014-04-12,broad,0,S3_visual_GT2:2014-04-12,1,3
MPL-0188,S3:HE419_MarLitter_transect36,S3_visual_GT2,2014-04-12,broad,0,S3_visual_GT2:2014-04-12,1,3
MPL-0192,S3:HE419_MarLitter_transect33,S3_visual_GT2,2014-04-12,broad,0,S3_visual_GT2:2014-04-12,1,3
MPL-0779,S3:HE460_MarLitter_transect01,S3_visual_GT2,2016-04-08,broad,0,S3_visual_GT2:2016-04-08,3,1
MPL-0787,S3:HE460_MarLitter_transect02,S3_visual_GT2,2016-04-09,broad,0,S3_visual_GT2:2016-04-09,4,1
MPL-0798,S3:HE460_MarLitter_transect03,S3_visual_GT2,2016-04-10,broad,0,S3_visual_GT2:2016-04-10,4,4
MPL-0001,S3:HE419_MarLitter_transect01,S3_visual_GT2,2014-04-03,broad,1,S3_visual_GT2:2014-04-03,0,1
MPL-0008,S3:HE419_MarLitter_transect02,S3_visual_GT2,2014-04-05,broad,1,S3_visual_GT2:2014-04-05,1,4
MPL-0018,S3:HE419_MarLitter_transect03,S3_visual_GT2,2014-04-06,broad,1,S3_visual_GT2:2014-04-06,2,2
MPL-0020,S3:HE419_MarLitter_transect04,S3_visual_GT2,2014-04-06,broad,1,S3_visual_GT2:2014-04-06,2,2
MPL-0027,S3:HE419_MarLitter_transect05,S3_visual_GT2,2014-04-06,broad,1,S3_visual_GT2:2014-04-06,2,2
MPL-0035,S3:HE419_MarLitter_transect06,S3_visual_GT2,2014-04-06,broad,1,S3_visual_GT2:2014-04-06,2,2
MPL-0039,S3:HE419_MarLitter_transect08,S3_visual_GT2,2014-04-06,broad,1,S3_visual_GT2:2014-04-06,2,2
MPL-0043,S3:HE419_MarLitter_transect07,S3_visual_GT2,2014-04-06,broad,1,S3_visual_GT2:2014-04-06,2,2
MPL-0051,S3:HE419_MarLitter_transect13,S3_visual_GT2,2014-04-07,broad,1,S3_visual_GT2:2014-04-07,0,2
MPL-0056,S3:HE419_MarLitter_transect14,S3_visual_GT2,2014-04-07,broad,1,S3_visual_GT2:2014-04-07,0,2
MPL-0060,S3:HE419_MarLitter_transect09,S3_visual_GT2,2014-04-07,broad,1,S3_visual_GT2:2014-04-07,0,2
MPL-0067,S3:HE419_MarLitter_transect12,S3_visual_GT2,2014-04-07,broad,1,S3_visual_GT2:2014-04-07,0,2
MPL-0073,S3:HE419_MarLitter_transect10,S3_visual_GT2,2014-04-07,broad,1,S3_visual_GT2:2014-04-07,0,2
MPL-0076,S3:HE419_MarLitter_transect11,S3_visual_GT2,2014-04-07,broad,1,S3_visual_GT2:2014-04-07,0,2
MPL-0085,S3:HE419_MarLitter_transect18,S3_visual_GT2,2014-04-08,broad,1,S3_visual_GT2:2014-04-08,2,0
MPL-0087,S3:HE419_MarLitter_transect15,S3_visual_GT2,2014-04-08,broad,1,S3_visual_GT2:2014-04-08,2,0
MPL-0092,S3:HE419_MarLitter_transect16,S3_visual_GT2,2014-04-08,broad,1,S3_visual_GT2:2014-04-08,2,0
MPL-0094,S3:HE419_MarLitter_transect17,S3_visual_GT2,2014-04-08,broad,1,S3_visual_GT2:2014-04-08,2,0
MPL-0096,S3:HE419_MarLitter_transect20,S3_visual_GT2,2014-04-09,broad,1,S3_visual_GT2:2014-04-09,0,2
MPL-0101,S3:HE419_MarLitter_transect19,S3_visual_GT2,2014-04-09,broad,1,S3_visual_GT2:2014-04-09,0,2
MPL-0107,S3:HE419_MarLitter_transect21,S3_visual_GT2,2014-04-09,broad,1,S3_visual_GT2:2014-04-09,0,2
MPL-0109,S3:HE419_MarLitter_transect22,S3_visual_GT2,2014-04-09,broad,1,S3_visual_GT2:2014-04-09,0,2
MPL-0114,S3:HE419_MarLitter_transect23,S3_visual_GT2,2014-04-10,broad,1,S3_visual_GT2:2014-04-10,4,4
MPL-0123,S3:HE419_MarLitter_transect24,S3_visual_GT2,2014-04-10,broad,1,S3_visual_GT2:2014-04-10,4,4
MPL-0132,S3:HE419_MarLitter_transect25,S3_visual_GT2,2014-04-10,broad,1,S3_visual_GT2:2014-04-10,4,4
MPL-0138,S3:HE419_MarLitter_transect26,S3_visual_GT2,2014-04-10,broad,1,S3_visual_GT2:2014-04-10,4,4
MPL-0141,S3:HE419_MarLitter_transect27,S3_visual_GT2,2014-04-10,broad,1,S3_visual_GT2:2014-04-10,4,4
MPL-0146,S3:HE419_MarLitter_transect32,S3_visual_GT2,2014-04-11,broad,1,S3_visual_GT2:2014-04-11,1,1
MPL-0148,S3:HE419_MarLitter_transect31,S3_visual_GT2,2014-04-11,broad,1,S3_visual_GT2:2014-04-11,1,1
MPL-0158,S3:HE419_MarLitter_transect30,S3_visual_GT2,2014-04-11,broad,1,S3_visual_GT2:2014-04-11,1,1
MPL-0166,S3:HE419_MarLitter_transect29,S3_visual_GT2,2014-04-11,broad,1,S3_visual_GT2:2014-04-11,1,1
MPL-0171,S3:HE419_MarLitter_transect28,S3_visual_GT2,2014-04-11,broad,1,S3_visual_GT2:2014-04-11,1,1
MPL-0176,S3:HE419_MarLitter_transect38,S3_visual_GT2,2014-04-12,broad,1,S3_visual_GT2:2014-04-12,4,3
MPL-0179,S3:HE419_MarLitter_transect37,S3_visual_GT2,2014-04-12,broad,1,S3_visual_GT2:2014-04-12,4,3
MPL-0183,S3:HE419_MarLitter_transect34,S3_visual_GT2,2014-04-12,broad,1,S3_visual_GT2:2014-04-12,4,3
MPL-0185,S3:HE419_MarLitter_transect35,S3_visual_GT2,2014-04-12,broad,1,S3_visual_GT2:2014-04-12,4,3
MPL-0188,S3:HE419_MarLitter_transect36,S3_visual_GT2,2014-04-12,broad,1,S3_visual_GT2:2014-04-12,4,3
MPL-0192,S3:HE419_MarLitter_transect33,S3_visual_GT2,2014-04-12,broad,1,S3_visual_GT2:2014-04-12,4,3
MPL-0779,S3:HE460_MarLitter_transect01,S3_visual_GT2,2016-04-08,broad,1,S3_visual_GT2:2016-04-08,3,1
MPL-0787,S3:HE460_MarLitter_transect02,S3_visual_GT2,2016-04-09,broad,1,S3_visual_GT2:2016-04-09,3,1
MPL-0798,S3:HE460_MarLitter_transect03,S3_visual_GT2,2016-04-10,broad,1,S3_visual_GT2:2016-04-10,1,4
MPL-0001,S3:HE419_MarLitter_transect01,S3_visual_GT2,2014-04-03,broad,2,S3_visual_GT2:2014-04-03,0,1
MPL-0008,S3:HE419_MarLitter_transect02,S3_visual_GT2,2014-04-05,broad,2,S3_visual_GT2:2014-04-05,0,4
MPL-0018,S3:HE419_MarLitter_transect03,S3_visual_GT2,2014-04-06,broad,2,S3_visual_GT2:2014-04-06,2,2
MPL-0020,S3:HE419_MarLitter_transect04,S3_visual_GT2,2014-04-06,broad,2,S3_visual_GT2:2014-04-06,2,2
MPL-0027,S3:HE419_MarLitter_transect05,S3_visual_GT2,2014-04-06,broad,2,S3_visual_GT2:2014-04-06,2,2
MPL-0035,S3:HE419_MarLitter_transect06,S3_visual_GT2,2014-04-06,broad,2,S3_visual_GT2:2014-04-06,2,2
MPL-0039,S3:HE419_MarLitter_transect08,S3_visual_GT2,2014-04-06,broad,2,S3_visual_GT2:2014-04-06,2,2
MPL-0043,S3:HE419_MarLitter_transect07,S3_visual_GT2,2014-04-06,broad,2,S3_visual_GT2:2014-04-06,2,2
MPL-0051,S3:HE419_MarLitter_transect13,S3_visual_GT2,2014-04-07,broad,2,S3_visual_GT2:2014-04-07,4,2
MPL-0056,S3:HE419_MarLitter_transect14,S3_visual_GT2,2014-04-07,broad,2,S3_visual_GT2:2014-04-07,4,2
MPL-0060,S3:HE419_MarLitter_transect09,S3_visual_GT2,2014-04-07,broad,2,S3_visual_GT2:2014-04-07,4,2
MPL-0067,S3:HE419_MarLitter_transect12,S3_visual_GT2,2014-04-07,broad,2,S3_visual_GT2:2014-04-07,4,2
MPL-0073,S3:HE419_MarLitter_transect10,S3_visual_GT2,2014-04-07,broad,2,S3_visual_GT2:2014-04-07,4,2
MPL-0076,S3:HE419_MarLitter_transect11,S3_visual_GT2,2014-04-07,broad,2,S3_visual_GT2:2014-04-07,4,2
MPL-0085,S3:HE419_MarLitter_transect18,S3_visual_GT2,2014-04-08,broad,2,S3_visual_GT2:2014-04-08,0,0
MPL-0087,S3:HE419_MarLitter_transect15,S3_visual_GT2,2014-04-08,broad,2,S3_visual_GT2:2014-04-08,0,0
MPL-0092,S3:HE419_MarLitter_transect16,S3_visual_GT2,2014-04-08,broad,2,S3_visual_GT2:2014-04-08,0,0
MPL-0094,S3:HE419_MarLitter_transect17,S3_visual_GT2,2014-04-08,broad,2,S3_visual_GT2:2014-04-08,0,0
MPL-0096,S3:HE419_MarLitter_transect20,S3_visual_GT2,2014-04-09,broad,2,S3_visual_GT2:2014-04-09,2,2
MPL-0101,S3:HE419_MarLitter_transect19,S3_visual_GT2,2014-04-09,broad,2,S3_visual_GT2:2014-04-09,2,2
MPL-0107,S3:HE419_MarLitter_transect21,S3_visual_GT2,2014-04-09,broad,2,S3_visual_GT2:2014-04-09,2,2
MPL-0109,S3:HE419_MarLitter_transect22,S3_visual_GT2,2014-04-09,broad,2,S3_visual_GT2:2014-04-09,2,2
MPL-0114,S3:HE419_MarLitter_transect23,S3_visual_GT2,2014-04-10,broad,2,S3_visual_GT2:2014-04-10,1,4
MPL-0123,S3:HE419_MarLitter_transect24,S3_visual_GT2,2014-04-10,broad,2,S3_visual_GT2:2014-04-10,1,4
MPL-0132,S3:HE419_MarLitter_transect25,S3_visual_GT2,2014-04-10,broad,2,S3_visual_GT2:2014-04-10,1,4
MPL-0138,S3:HE419_MarLitter_transect26,S3_visual_GT2,2014-04-10,broad,2,S3_visual_GT2:2014-04-10,1,4
MPL-0141,S3:HE419_MarLitter_transect27,S3_visual_GT2,2014-04-10,broad,2,S3_visual_GT2:2014-04-10,1,4
MPL-0146,S3:HE419_MarLitter_transect32,S3_visual_GT2,2014-04-11,broad,2,S3_visual_GT2:2014-04-11,3,1
MPL-0148,S3:HE419_MarLitter_transect31,S3_visual_GT2,2014-04-11,broad,2,S3_visual_GT2:2014-04-11,3,1
MPL-0158,S3:HE419_MarLitter_transect30,S3_visual_GT2,2014-04-11,broad,2,S3_visual_GT2:2014-04-11,3,1
MPL-0166,S3:HE419_MarLitter_transect29,S3_visual_GT2,2014-04-11,broad,2,S3_visual_GT2:2014-04-11,3,1
MPL-0171,S3:HE419_MarLitter_transect28,S3_visual_GT2,2014-04-11,broad,2,S3_visual_GT2:2014-04-11,3,1
MPL-0176,S3:HE419_MarLitter_transect38,S3_visual_GT2,2014-04-12,broad,2,S3_visual_GT2:2014-04-12,4,3
MPL-0179,S3:HE419_MarLitter_transect37,S3_visual_GT2,2014-04-12,broad,2,S3_visual_GT2:2014-04-12,4,3
MPL-0183,S3:HE419_MarLitter_transect34,S3_visual_GT2,2014-04-12,broad,2,S3_visual_GT2:2014-04-12,4,3
MPL-0185,S3:HE419_MarLitter_transect35,S3_visual_GT2,2014-04-12,broad,2,S3_visual_GT2:2014-04-12,4,3
MPL-0188,S3:HE419_MarLitter_transect36,S3_visual_GT2,2014-04-12,broad,2,S3_visual_GT2:2014-04-12,4,3
MPL-0192,S3:HE419_MarLitter_transect33,S3_visual_GT2,2014-04-12,broad,2,S3_visual_GT2:2014-04-12,4,3
MPL-0779,S3:HE460_MarLitter_transect01,S3_visual_GT2,2016-04-08,broad,2,S3_visual_GT2:2016-04-08,1,1
MPL-0787,S3:HE460_MarLitter_transect02,S3_visual_GT2,2016-04-09,broad,2,S3_visual_GT2:2016-04-09,1,1
MPL-0798,S3:HE460_MarLitter_transect03,S3_visual_GT2,2016-04-10,broad,2,S3_visual_GT2:2016-04-10,3,4
MPL-0001,S3:HE419_MarLitter_transect01,S3_visual_GT2,2014-04-03,broad,3,S3_visual_GT2:2014-04-03,0,1
MPL-0008,S3:HE419_MarLitter_transect02,S3_visual_GT2,2014-04-05,broad,3,S3_visual_GT2:2014-04-05,3,4
MPL-0018,S3:HE419_MarLitter_transect03,S3_visual_GT2,2014-04-06,broad,3,S3_visual_GT2:2014-04-06,1,2
MPL-0020,S3:HE419_MarLitter_transect04,S3_visual_GT2,2014-04-06,broad,3,S3_visual_GT2:2014-04-06,1,2
MPL-0027,S3:HE419_MarLitter_transect05,S3_visual_GT2,2014-04-06,broad,3,S3_visual_GT2:2014-04-06,1,2
MPL-0035,S3:HE419_MarLitter_transect06,S3_visual_GT2,2014-04-06,broad,3,S3_visual_GT2:2014-04-06,1,2
MPL-0039,S3:HE419_MarLitter_transect08,S3_visual_GT2,2014-04-06,broad,3,S3_visual_GT2:2014-04-06,1,2
MPL-0043,S3:HE419_MarLitter_transect07,S3_visual_GT2,2014-04-06,broad,3,S3_visual_GT2:2014-04-06,1,2
MPL-0051,S3:HE419_MarLitter_transect13,S3_visual_GT2,2014-04-07,broad,3,S3_visual_GT2:2014-04-07,1,2
MPL-0056,S3:HE419_MarLitter_transect14,S3_visual_GT2,2014-04-07,broad,3,S3_visual_GT2:2014-04-07,1,2
MPL-0060,S3:HE419_MarLitter_transect09,S3_visual_GT2,2014-04-07,broad,3,S3_visual_GT2:2014-04-07,1,2
MPL-0067,S3:HE419_MarLitter_transect12,S3_visual_GT2,2014-04-07,broad,3,S3_visual_GT2:2014-04-07,1,2
MPL-0073,S3:HE419_MarLitter_transect10,S3_visual_GT2,2014-04-07,broad,3,S3_visual_GT2:2014-04-07,1,2
MPL-0076,S3:HE419_MarLitter_transect11,S3_visual_GT2,2014-04-07,broad,3,S3_visual_GT2:2014-04-07,1,2
MPL-0085,S3:HE419_MarLitter_transect18,S3_visual_GT2,2014-04-08,broad,3,S3_visual_GT2:2014-04-08,0,0
MPL-0087,S3:HE419_MarLitter_transect15,S3_visual_GT2,2014-04-08,broad,3,S3_visual_GT2:2014-04-08,0,0
MPL-0092,S3:HE419_MarLitter_transect16,S3_visual_GT2,2014-04-08,broad,3,S3_visual_GT2:2014-04-08,0,0
MPL-0094,S3:HE419_MarLitter_transect17,S3_visual_GT2,2014-04-08,broad,3,S3_visual_GT2:2014-04-08,0,0
MPL-0096,S3:HE419_MarLitter_transect20,S3_visual_GT2,2014-04-09,broad,3,S3_visual_GT2:2014-04-09,4,2
MPL-0101,S3:HE419_MarLitter_transect19,S3_visual_GT2,2014-04-09,broad,3,S3_visual_GT2:2014-04-09,4,2
MPL-0107,S3:HE419_MarLitter_transect21,S3_visual_GT2,2014-04-09,broad,3,S3_visual_GT2:2014-04-09,4,2
MPL-0109,S3:HE419_MarLitter_transect22,S3_visual_GT2,2014-04-09,broad,3,S3_visual_GT2:2014-04-09,4,2
MPL-0114,S3:HE419_MarLitter_transect23,S3_visual_GT2,2014-04-10,broad,3,S3_visual_GT2:2014-04-10,1,4
MPL-0123,S3:HE419_MarLitter_transect24,S3_visual_GT2,2014-04-10,broad,3,S3_visual_GT2:2014-04-10,1,4
MPL-0132,S3:HE419_MarLitter_transect25,S3_visual_GT2,2014-04-10,broad,3,S3_visual_GT2:2014-04-10,1,4
MPL-0138,S3:HE419_MarLitter_transect26,S3_visual_GT2,2014-04-10,broad,3,S3_visual_GT2:2014-04-10,1,4
MPL-0141,S3:HE419_MarLitter_transect27,S3_visual_GT2,2014-04-10,broad,3,S3_visual_GT2:2014-04-10,1,4
MPL-0146,S3:HE419_MarLitter_transect32,S3_visual_GT2,2014-04-11,broad,3,S3_visual_GT2:2014-04-11,2,1
MPL-0148,S3:HE419_MarLitter_transect31,S3_visual_GT2,2014-04-11,broad,3,S3_visual_GT2:2014-04-11,2,1
MPL-0158,S3:HE419_MarLitter_transect30,S3_visual_GT2,2014-04-11,broad,3,S3_visual_GT2:2014-04-11,2,1
MPL-0166,S3:HE419_MarLitter_transect29,S3_visual_GT2,2014-04-11,broad,3,S3_visual_GT2:2014-04-11,2,1
MPL-0171,S3:HE419_MarLitter_transect28,S3_visual_GT2,2014-04-11,broad,3,S3_visual_GT2:2014-04-11,2,1
MPL-0176,S3:HE419_MarLitter_transect38,S3_visual_GT2,2014-04-12,broad,3,S3_visual_GT2:2014-04-12,2,3
MPL-0179,S3:HE419_MarLitter_transect37,S3_visual_GT2,2014-04-12,broad,3,S3_visual_GT2:2014-04-12,2,3
MPL-0183,S3:HE419_MarLitter_transect34,S3_visual_GT2,2014-04-12,broad,3,S3_visual_GT2:2014-04-12,2,3
MPL-0185,S3:HE419_MarLitter_transect35,S3_visual_GT2,2014-04-12,broad,3,S3_visual_GT2:2014-04-12,2,3
MPL-0188,S3:HE419_MarLitter_transect36,S3_visual_GT2,2014-04-12,broad,3,S3_visual_GT2:2014-04-12,2,3
MPL-0192,S3:HE419_MarLitter_transect33,S3_visual_GT2,2014-04-12,broad,3,S3_visual_GT2:2014-04-12,2,3
MPL-0779,S3:HE460_MarLitter_transect01,S3_visual_GT2,2016-04-08,broad,3,S3_visual_GT2:2016-04-08,0,1
MPL-0787,S3:HE460_MarLitter_transect02,S3_visual_GT2,2016-04-09,broad,3,S3_visual_GT2:2016-04-09,4,1
MPL-0798,S3:HE460_MarLitter_transect03,S3_visual_GT2,2016-04-10,broad,3,S3_visual_GT2:2016-04-10,3,4
MPL-0001,S3:HE419_MarLitter_transect01,S3_visual_GT2,2014-04-03,broad,4,S3_visual_GT2:2014-04-03,0,1
MPL-0008,S3:HE419_MarLitter_transect02,S3_visual_GT2,2014-04-05,broad,4,S3_visual_GT2:2014-04-05,1,4
MPL-0018,S3:HE419_MarLitter_transect03,S3_visual_GT2,2014-04-06,broad,4,S3_visual_GT2:2014-04-06,1,2
MPL-0020,S3:HE419_MarLitter_transect04,S3_visual_GT2,2014-04-06,broad,4,S3_visual_GT2:2014-04-06,1,2
MPL-0027,S3:HE419_MarLitter_transect05,S3_visual_GT2,2014-04-06,broad,4,S3_visual_GT2:2014-04-06,1,2
MPL-0035,S3:HE419_MarLitter_transect06,S3_visual_GT2,2014-04-06,broad,4,S3_visual_GT2:2014-04-06,1,2
MPL-0039,S3:HE419_MarLitter_transect08,S3_visual_GT2,2014-04-06,broad,4,S3_visual_GT2:2014-04-06,1,2
MPL-0043,S3:HE419_MarLitter_transect07,S3_visual_GT2,2014-04-06,broad,4,S3_visual_GT2:2014-04-06,1,2
MPL-0051,S3:HE419_MarLitter_transect13,S3_visual_GT2,2014-04-07,broad,4,S3_visual_GT2:2014-04-07,2,2
MPL-0056,S3:HE419_MarLitter_transect14,S3_visual_GT2,2014-04-07,broad,4,S3_visual_GT2:2014-04-07,2,2
MPL-0060,S3:HE419_MarLitter_transect09,S3_visual_GT2,2014-04-07,broad,4,S3_visual_GT2:2014-04-07,2,2
MPL-0067,S3:HE419_MarLitter_transect12,S3_visual_GT2,2014-04-07,broad,4,S3_visual_GT2:2014-04-07,2,2
MPL-0073,S3:HE419_MarLitter_transect10,S3_visual_GT2,2014-04-07,broad,4,S3_visual_GT2:2014-04-07,2,2
MPL-0076,S3:HE419_MarLitter_transect11,S3_visual_GT2,2014-04-07,broad,4,S3_visual_GT2:2014-04-07,2,2
MPL-0085,S3:HE419_MarLitter_transect18,S3_visual_GT2,2014-04-08,broad,4,S3_visual_GT2:2014-04-08,2,0
MPL-0087,S3:HE419_MarLitter_transect15,S3_visual_GT2,2014-04-08,broad,4,S3_visual_GT2:2014-04-08,2,0
MPL-0092,S3:HE419_MarLitter_transect16,S3_visual_GT2,2014-04-08,broad,4,S3_visual_GT2:2014-04-08,2,0
MPL-0094,S3:HE419_MarLitter_transect17,S3_visual_GT2,2014-04-08,broad,4,S3_visual_GT2:2014-04-08,2,0
MPL-0096,S3:HE419_MarLitter_transect20,S3_visual_GT2,2014-04-09,broad,4,S3_visual_GT2:2014-04-09,3,2
MPL-0101,S3:HE419_MarLitter_transect19,S3_visual_GT2,2014-04-09,broad,4,S3_visual_GT2:2014-04-09,3,2
MPL-0107,S3:HE419_MarLitter_transect21,S3_visual_GT2,2014-04-09,broad,4,S3_visual_GT2:2014-04-09,3,2
MPL-0109,S3:HE419_MarLitter_transect22,S3_visual_GT2,2014-04-09,broad,4,S3_visual_GT2:2014-04-09,3,2
MPL-0114,S3:HE419_MarLitter_transect23,S3_visual_GT2,2014-04-10,broad,4,S3_visual_GT2:2014-04-10,3,4
MPL-0123,S3:HE419_MarLitter_transect24,S3_visual_GT2,2014-04-10,broad,4,S3_visual_GT2:2014-04-10,3,4
MPL-0132,S3:HE419_MarLitter_transect25,S3_visual_GT2,2014-04-10,broad,4,S3_visual_GT2:2014-04-10,3,4
MPL-0138,S3:HE419_MarLitter_transect26,S3_visual_GT2,2014-04-10,broad,4,S3_visual_GT2:2014-04-10,3,4
MPL-0141,S3:HE419_MarLitter_transect27,S3_visual_GT2,2014-04-10,broad,4,S3_visual_GT2:2014-04-10,3,4
MPL-0146,S3:HE419_MarLitter_transect32,S3_visual_GT2,2014-04-11,broad,4,S3_visual_GT2:2014-04-11,0,1
MPL-0148,S3:HE419_MarLitter_transect31,S3_visual_GT2,2014-04-11,broad,4,S3_visual_GT2:2014-04-11,0,1
MPL-0158,S3:HE419_MarLitter_transect30,S3_visual_GT2,2014-04-11,broad,4,S3_visual_GT2:2014-04-11,0,1
MPL-0166,S3:HE419_MarLitter_transect29,S3_visual_GT2,2014-04-11,broad,4,S3_visual_GT2:2014-04-11,0,1
MPL-0171,S3:HE419_MarLitter_transect28,S3_visual_GT2,2014-04-11,broad,4,S3_visual_GT2:2014-04-11,0,1
MPL-0176,S3:HE419_MarLitter_transect38,S3_visual_GT2,2014-04-12,broad,4,S3_visual_GT2:2014-04-12,4,3
MPL-0179,S3:HE419_MarLitter_transect37,S3_visual_GT2,2014-04-12,broad,4,S3_visual_GT2:2014-04-12,4,3
MPL-0183,S3:HE419_MarLitter_transect34,S3_visual_GT2,2014-04-12,broad,4,S3_visual_GT2:2014-04-12,4,3
MPL-0185,S3:HE419_MarLitter_transect35,S3_visual_GT2,2014-04-12,broad,4,S3_visual_GT2:2014-04-12,4,3
MPL-0188,S3:HE419_MarLitter_transect36,S3_visual_GT2,2014-04-12,broad,4,S3_visual_GT2:2014-04-12,4,3
MPL-0192,S3:HE419_MarLitter_transect33,S3_visual_GT2,2014-04-12,broad,4,S3_visual_GT2:2014-04-12,4,3
MPL-0779,S3:HE460_MarLitter_transect01,S3_visual_GT2,2016-04-08,broad,4,S3_visual_GT2:2016-04-08,0,1
MPL-0787,S3:HE460_MarLitter_transect02,S3_visual_GT2,2016-04-09,broad,4,S3_visual_GT2:2016-04-09,4,1
MPL-0798,S3:HE460_MarLitter_transect03,S3_visual_GT2,2016-04-10,broad,4,S3_visual_GT2:2016-04-10,1,4
MPL-0001,S3:HE419_MarLitter_transect01,S3_visual_GT2,2014-04-03,broad,5,S3_visual_GT2:2014-04-03,0,1
MPL-0008,S3:HE419_MarLitter_transect02,S3_visual_GT2,2014-04-05,broad,5,S3_visual_GT2:2014-04-05,0,4
MPL-0018,S3:HE419_MarLitter_transect03,S3_visual_GT2,2014-04-06,broad,5,S3_visual_GT2:2014-04-06,2,2
MPL-0020,S3:HE419_MarLitter_transect04,S3_visual_GT2,2014-04-06,broad,5,S3_visual_GT2:2014-04-06,2,2
MPL-0027,S3:HE419_MarLitter_transect05,S3_visual_GT2,2014-04-06,broad,5,S3_visual_GT2:2014-04-06,2,2
MPL-0035,S3:HE419_MarLitter_transect06,S3_visual_GT2,2014-04-06,broad,5,S3_visual_GT2:2014-04-06,2,2
MPL-0039,S3:HE419_MarLitter_transect08,S3_visual_GT2,2014-04-06,broad,5,S3_visual_GT2:2014-04-06,2,2
MPL-0043,S3:HE419_MarLitter_transect07,S3_visual_GT2,2014-04-06,broad,5,S3_visual_GT2:2014-04-06,2,2
MPL-0051,S3:HE419_MarLitter_transect13,S3_visual_GT2,2014-04-07,broad,5,S3_visual_GT2:2014-04-07,2,2
MPL-0056,S3:HE419_MarLitter_transect14,S3_visual_GT2,2014-04-07,broad,5,S3_visual_GT2:2014-04-07,2,2
MPL-0060,S3:HE419_MarLitter_transect09,S3_visual_GT2,2014-04-07,broad,5,S3_visual_GT2:2014-04-07,2,2
MPL-0067,S3:HE419_MarLitter_transect12,S3_visual_GT2,2014-04-07,broad,5,S3_visual_GT2:2014-04-07,2,2
MPL-0073,S3:HE419_MarLitter_transect10,S3_visual_GT2,2014-04-07,broad,5,S3_visual_GT2:2014-04-07,2,2
MPL-0076,S3:HE419_MarLitter_transect11,S3_visual_GT2,2014-04-07,broad,5,S3_visual_GT2:2014-04-07,2,2
MPL-0085,S3:HE419_MarLitter_transect18,S3_visual_GT2,2014-04-08,broad,5,S3_visual_GT2:2014-04-08,1,0
MPL-0087,S3:HE419_MarLitter_transect15,S3_visual_GT2,2014-04-08,broad,5,S3_visual_GT2:2014-04-08,1,0
MPL-0092,S3:HE419_MarLitter_transect16,S3_visual_GT2,2014-04-08,broad,5,S3_visual_GT2:2014-04-08,1,0
MPL-0094,S3:HE419_MarLitter_transect17,S3_visual_GT2,2014-04-08,broad,5,S3_visual_GT2:2014-04-08,1,0
MPL-0096,S3:HE419_MarLitter_transect20,S3_visual_GT2,2014-04-09,broad,5,S3_visual_GT2:2014-04-09,3,2
MPL-0101,S3:HE419_MarLitter_transect19,S3_visual_GT2,2014-04-09,broad,5,S3_visual_GT2:2014-04-09,3,2
MPL-0107,S3:HE419_MarLitter_transect21,S3_visual_GT2,2014-04-09,broad,5,S3_visual_GT2:2014-04-09,3,2
MPL-0109,S3:HE419_MarLitter_transect22,S3_visual_GT2,2014-04-09,broad,5,S3_visual_GT2:2014-04-09,3,2
MPL-0114,S3:HE419_MarLitter_transect23,S3_visual_GT2,2014-04-10,broad,5,S3_visual_GT2:2014-04-10,3,4
MPL-0123,S3:HE419_MarLitter_transect24,S3_visual_GT2,2014-04-10,broad,5,S3_visual_GT2:2014-04-10,3,4
MPL-0132,S3:HE419_MarLitter_transect25,S3_visual_GT2,2014-04-10,broad,5,S3_visual_GT2:2014-04-10,3,4
MPL-0138,S3:HE419_MarLitter_transect26,S3_visual_GT2,2014-04-10,broad,5,S3_visual_GT2:2014-04-10,3,4
MPL-0141,S3:HE419_MarLitter_transect27,S3_visual_GT2,2014-04-10,broad,5,S3_visual_GT2:2014-04-10,3,4
MPL-0146,S3:HE419_MarLitter_transect32,S3_visual_GT2,2014-04-11,broad,5,S3_visual_GT2:2014-04-11,1,1
MPL-0148,S3:HE419_MarLitter_transect31,S3_visual_GT2,2014-04-11,broad,5,S3_visual_GT2:2014-04-11,1,1
MPL-0158,S3:HE419_MarLitter_transect30,S3_visual_GT2,2014-04-11,broad,5,S3_visual_GT2:2014-04-11,1,1
MPL-0166,S3:HE419_MarLitter_transect29,S3_visual_GT2,2014-04-11,broad,5,S3_visual_GT2:2014-04-11,1,1
MPL-0171,S3:HE419_MarLitter_transect28,S3_visual_GT2,2014-04-11,broad,5,S3_visual_GT2:2014-04-11,1,1
MPL-0176,S3:HE419_MarLitter_transect38,S3_visual_GT2,2014-04-12,broad,5,S3_visual_GT2:2014-04-12,0,3
MPL-0179,S3:HE419_MarLitter_transect37,S3_visual_GT2,2014-04-12,broad,5,S3_visual_GT2:2014-04-12,0,3
MPL-0183,S3:HE419_MarLitter_transect34,S3_visual_GT2,2014-04-12,broad,5,S3_visual_GT2:2014-04-12,0,3
MPL-0185,S3:HE419_MarLitter_transect35,S3_visual_GT2,2014-04-12,broad,5,S3_visual_GT2:2014-04-12,0,3
MPL-0188,S3:HE419_MarLitter_transect36,S3_visual_GT2,2014-04-12,broad,5,S3_visual_GT2:2014-04-12,0,3
MPL-0192,S3:HE419_MarLitter_transect33,S3_visual_GT2,2014-04-12,broad,5,S3_visual_GT2:2014-04-12,0,3
MPL-0779,S3:HE460_MarLitter_transect01,S3_visual_GT2,2016-04-08,broad,5,S3_visual_GT2:2016-04-08,4,1
MPL-0787,S3:HE460_MarLitter_transect02,S3_visual_GT2,2016-04-09,broad,5,S3_visual_GT2:2016-04-09,1,1
MPL-0798,S3:HE460_MarLitter_transect03,S3_visual_GT2,2016-04-10,broad,5,S3_visual_GT2:2016-04-10,4,4
MPL-0001,S3:HE419_MarLitter_transect01,S3_visual_GT2,2014-04-03,broad,6,S3_visual_GT2:2014-04-03,3,1
MPL-0008,S3:HE419_MarLitter_transect02,S3_visual_GT2,2014-04-05,broad,6,S3_visual_GT2:2014-04-05,0,4
MPL-0018,S3:HE419_MarLitter_transect03,S3_visual_GT2,2014-04-06,broad,6,S3_visual_GT2:2014-04-06,4,2
MPL-0020,S3:HE419_MarLitter_transect04,S3_visual_GT2,2014-04-06,broad,6,S3_visual_GT2:2014-04-06,4,2
MPL-0027,S3:HE419_MarLitter_transect05,S3_visual_GT2,2014-04-06,broad,6,S3_visual_GT2:2014-04-06,4,2
MPL-0035,S3:HE419_MarLitter_transect06,S3_visual_GT2,2014-04-06,broad,6,S3_visual_GT2:2014-04-06,4,2
MPL-0039,S3:HE419_MarLitter_transect08,S3_visual_GT2,2014-04-06,broad,6,S3_visual_GT2:2014-04-06,4,2
MPL-0043,S3:HE419_MarLitter_transect07,S3_visual_GT2,2014-04-06,broad,6,S3_visual_GT2:2014-04-06,4,2
MPL-0051,S3:HE419_MarLitter_transect13,S3_visual_GT2,2014-04-07,broad,6,S3_visual_GT2:2014-04-07,2,2
MPL-0056,S3:HE419_MarLitter_transect14,S3_visual_GT2,2014-04-07,broad,6,S3_visual_GT2:2014-04-07,2,2
MPL-0060,S3:HE419_MarLitter_transect09,S3_visual_GT2,2014-04-07,broad,6,S3_visual_GT2:2014-04-07,2,2
MPL-0067,S3:HE419_MarLitter_transect12,S3_visual_GT2,2014-04-07,broad,6,S3_visual_GT2:2014-04-07,2,2
MPL-0073,S3:HE419_MarLitter_transect10,S3_visual_GT2,2014-04-07,broad,6,S3_visual_GT2:2014-04-07,2,2
MPL-0076,S3:HE419_MarLitter_transect11,S3_visual_GT2,2014-04-07,broad,6,S3_visual_GT2:2014-04-07,2,2
MPL-0085,S3:HE419_MarLitter_transect18,S3_visual_GT2,2014-04-08,broad,6,S3_visual_GT2:2014-04-08,2,0
MPL-0087,S3:HE419_MarLitter_transect15,S3_visual_GT2,2014-04-08,broad,6,S3_visual_GT2:2014-04-08,2,0
MPL-0092,S3:HE419_MarLitter_transect16,S3_visual_GT2,2014-04-08,broad,6,S3_visual_GT2:2014-04-08,2,0
MPL-0094,S3:HE419_MarLitter_transect17,S3_visual_GT2,2014-04-08,broad,6,S3_visual_GT2:2014-04-08,2,0
MPL-0096,S3:HE419_MarLitter_transect20,S3_visual_GT2,2014-04-09,broad,6,S3_visual_GT2:2014-04-09,1,2
MPL-0101,S3:HE419_MarLitter_transect19,S3_visual_GT2,2014-04-09,broad,6,S3_visual_GT2:2014-04-09,1,2
MPL-0107,S3:HE419_MarLitter_transect21,S3_visual_GT2,2014-04-09,broad,6,S3_visual_GT2:2014-04-09,1,2
MPL-0109,S3:HE419_MarLitter_transect22,S3_visual_GT2,2014-04-09,broad,6,S3_visual_GT2:2014-04-09,1,2
MPL-0114,S3:HE419_MarLitter_transect23,S3_visual_GT2,2014-04-10,broad,6,S3_visual_GT2:2014-04-10,3,4
MPL-0123,S3:HE419_MarLitter_transect24,S3_visual_GT2,2014-04-10,broad,6,S3_visual_GT2:2014-04-10,3,4
MPL-0132,S3:HE419_MarLitter_transect25,S3_visual_GT2,2014-04-10,broad,6,S3_visual_GT2:2014-04-10,3,4
MPL-0138,S3:HE419_MarLitter_transect26,S3_visual_GT2,2014-04-10,broad,6,S3_visual_GT2:2014-04-10,3,4
MPL-0141,S3:HE419_MarLitter_transect27,S3_visual_GT2,2014-04-10,broad,6,S3_visual_GT2:2014-04-10,3,4
MPL-0146,S3:HE419_MarLitter_transect32,S3_visual_GT2,2014-04-11,broad,6,S3_visual_GT2:2014-04-11,1,1
MPL-0148,S3:HE419_MarLitter_transect31,S3_visual_GT2,2014-04-11,broad,6,S3_visual_GT2:2014-04-11,1,1
MPL-0158,S3:HE419_MarLitter_transect30,S3_visual_GT2,2014-04-11,broad,6,S3_visual_GT2:2014-04-11,1,1
MPL-0166,S3:HE419_MarLitter_transect29,S3_visual_GT2,2014-04-11,broad,6,S3_visual_GT2:2014-04-11,1,1
MPL-0171,S3:HE419_MarLitter_transect28,S3_visual_GT2,2014-04-11,broad,6,S3_visual_GT2:2014-04-11,1,1
MPL-0176,S3:HE419_MarLitter_transect38,S3_visual_GT2,2014-04-12,broad,6,S3_visual_GT2:2014-04-12,0,3
MPL-0179,S3:HE419_MarLitter_transect37,S3_visual_GT2,2014-04-12,broad,6,S3_visual_GT2:2014-04-12,0,3
MPL-0183,S3:HE419_MarLitter_transect34,S3_visual_GT2,2014-04-12,broad,6,S3_visual_GT2:2014-04-12,0,3
MPL-0185,S3:HE419_MarLitter_transect35,S3_visual_GT2,2014-04-12,broad,6,S3_visual_GT2:2014-04-12,0,3
MPL-0188,S3:HE419_MarLitter_transect36,S3_visual_GT2,2014-04-12,broad,6,S3_visual_GT2:2014-04-12,0,3
MPL-0192,S3:HE419_MarLitter_transect33,S3_visual_GT2,2014-04-12,broad,6,S3_visual_GT2:2014-04-12,0,3
MPL-0779,S3:HE460_MarLitter_transect01,S3_visual_GT2,2016-04-08,broad,6,S3_visual_GT2:2016-04-08,4,1
MPL-0787,S3:HE460_MarLitter_transect02,S3_visual_GT2,2016-04-09,broad,6,S3_visual_GT2:2016-04-09,1,1
MPL-0798,S3:HE460_MarLitter_transect03,S3_visual_GT2,2016-04-10,broad,6,S3_visual_GT2:2016-04-10,0,4
MPL-0001,S3:HE419_MarLitter_transect01,S3_visual_GT2,2014-04-03,broad,7,S3_visual_GT2:2014-04-03,0,1
MPL-0008,S3:HE419_MarLitter_transect02,S3_visual_GT2,2014-04-05,broad,7,S3_visual_GT2:2014-04-05,4,4
MPL-0018,S3:HE419_MarLitter_transect03,S3_visual_GT2,2014-04-06,broad,7,S3_visual_GT2:2014-04-06,3,2
MPL-0020,S3:HE419_MarLitter_transect04,S3_visual_GT2,2014-04-06,broad,7,S3_visual_GT2:2014-04-06,3,2
MPL-0027,S3:HE419_MarLitter_transect05,S3_visual_GT2,2014-04-06,broad,7,S3_visual_GT2:2014-04-06,3,2
MPL-0035,S3:HE419_MarLitter_transect06,S3_visual_GT2,2014-04-06,broad,7,S3_visual_GT2:2014-04-06,3,2
MPL-0039,S3:HE419_MarLitter_transect08,S3_visual_GT2,2014-04-06,broad,7,S3_visual_GT2:2014-04-06,3,2
MPL-0043,S3:HE419_MarLitter_transect07,S3_visual_GT2,2014-04-06,broad,7,S3_visual_GT2:2014-04-06,3,2
MPL-0051,S3:HE419_MarLitter_transect13,S3_visual_GT2,2014-04-07,broad,7,S3_visual_GT2:2014-04-07,1,2
MPL-0056,S3:HE419_MarLitter_transect14,S3_visual_GT2,2014-04-07,broad,7,S3_visual_GT2:2014-04-07,1,2
MPL-0060,S3:HE419_MarLitter_transect09,S3_visual_GT2,2014-04-07,broad,7,S3_visual_GT2:2014-04-07,1,2
MPL-0067,S3:HE419_MarLitter_transect12,S3_visual_GT2,2014-04-07,broad,7,S3_visual_GT2:2014-04-07,1,2
MPL-0073,S3:HE419_MarLitter_transect10,S3_visual_GT2,2014-04-07,broad,7,S3_visual_GT2:2014-04-07,1,2
MPL-0076,S3:HE419_MarLitter_transect11,S3_visual_GT2,2014-04-07,broad,7,S3_visual_GT2:2014-04-07,1,2
MPL-0085,S3:HE419_MarLitter_transect18,S3_visual_GT2,2014-04-08,broad,7,S3_visual_GT2:2014-04-08,0,0
MPL-0087,S3:HE419_MarLitter_transect15,S3_visual_GT2,2014-04-08,broad,7,S3_visual_GT2:2014-04-08,0,0
MPL-0092,S3:HE419_MarLitter_transect16,S3_visual_GT2,2014-04-08,broad,7,S3_visual_GT2:2014-04-08,0,0
MPL-0094,S3:HE419_MarLitter_transect17,S3_visual_GT2,2014-04-08,broad,7,S3_visual_GT2:2014-04-08,0,0
MPL-0096,S3:HE419_MarLitter_transect20,S3_visual_GT2,2014-04-09,broad,7,S3_visual_GT2:2014-04-09,0,2
MPL-0101,S3:HE419_MarLitter_transect19,S3_visual_GT2,2014-04-09,broad,7,S3_visual_GT2:2014-04-09,0,2
MPL-0107,S3:HE419_MarLitter_transect21,S3_visual_GT2,2014-04-09,broad,7,S3_visual_GT2:2014-04-09,0,2
MPL-0109,S3:HE419_MarLitter_transect22,S3_visual_GT2,2014-04-09,broad,7,S3_visual_GT2:2014-04-09,0,2
MPL-0114,S3:HE419_MarLitter_transect23,S3_visual_GT2,2014-04-10,broad,7,S3_visual_GT2:2014-04-10,2,4
MPL-0123,S3:HE419_MarLitter_transect24,S3_visual_GT2,2014-04-10,broad,7,S3_visual_GT2:2014-04-10,2,4
MPL-0132,S3:HE419_MarLitter_transect25,S3_visual_GT2,2014-04-10,broad,7,S3_visual_GT2:2014-04-10,2,4
MPL-0138,S3:HE419_MarLitter_transect26,S3_visual_GT2,2014-04-10,broad,7,S3_visual_GT2:2014-04-10,2,4
MPL-0141,S3:HE419_MarLitter_transect27,S3_visual_GT2,2014-04-10,broad,7,S3_visual_GT2:2014-04-10,2,4
MPL-0146,S3:HE419_MarLitter_transect32,S3_visual_GT2,2014-04-11,broad,7,S3_visual_GT2:2014-04-11,1,1
MPL-0148,S3:HE419_MarLitter_transect31,S3_visual_GT2,2014-04-11,broad,7,S3_visual_GT2:2014-04-11,1,1
MPL-0158,S3:HE419_MarLitter_transect30,S3_visual_GT2,2014-04-11,broad,7,S3_visual_GT2:2014-04-11,1,1
MPL-0166,S3:HE419_MarLitter_transect29,S3_visual_GT2,2014-04-11,broad,7,S3_visual_GT2:2014-04-11,1,1
MPL-0171,S3:HE419_MarLitter_transect28,S3_visual_GT2,2014-04-11,broad,7,S3_visual_GT2:2014-04-11,1,1
MPL-0176,S3:HE419_MarLitter_transect38,S3_visual_GT2,2014-04-12,broad,7,S3_visual_GT2:2014-04-12,3,3
MPL-0179,S3:HE419_MarLitter_transect37,S3_visual_GT2,2014-04-12,broad,7,S3_visual_GT2:2014-04-12,3,3
MPL-0183,S3:HE419_MarLitter_transect34,S3_visual_GT2,2014-04-12,broad,7,S3_visual_GT2:2014-04-12,3,3
MPL-0185,S3:HE419_MarLitter_transect35,S3_visual_GT2,2014-04-12,broad,7,S3_visual_GT2:2014-04-12,3,3
MPL-0188,S3:HE419_MarLitter_transect36,S3_visual_GT2,2014-04-12,broad,7,S3_visual_GT2:2014-04-12,3,3
MPL-0192,S3:HE419_MarLitter_transect33,S3_visual_GT2,2014-04-12,broad,7,S3_visual_GT2:2014-04-12,3,3
MPL-0779,S3:HE460_MarLitter_transect01,S3_visual_GT2,2016-04-08,broad,7,S3_visual_GT2:2016-04-08,4,1
MPL-0787,S3:HE460_MarLitter_transect02,S3_visual_GT2,2016-04-09,broad,7,S3_visual_GT2:2016-04-09,1,1
MPL-0798,S3:HE460_MarLitter_transect03,S3_visual_GT2,2016-04-10,broad,7,S3_visual_GT2:2016-04-10,2,4
MPL-0001,S3:HE419_MarLitter_transect01,S3_visual_GT2,2014-04-03,broad,8,S3_visual_GT2:2014-04-03,2,1
MPL-0008,S3:HE419_MarLitter_transect02,S3_visual_GT2,2014-04-05,broad,8,S3_visual_GT2:2014-04-05,1,4
MPL-0018,S3:HE419_MarLitter_transect03,S3_visual_GT2,2014-04-06,broad,8,S3_visual_GT2:2014-04-06,3,2
MPL-0020,S3:HE419_MarLitter_transect04,S3_visual_GT2,2014-04-06,broad,8,S3_visual_GT2:2014-04-06,3,2
MPL-0027,S3:HE419_MarLitter_transect05,S3_visual_GT2,2014-04-06,broad,8,S3_visual_GT2:2014-04-06,3,2
MPL-0035,S3:HE419_MarLitter_transect06,S3_visual_GT2,2014-04-06,broad,8,S3_visual_GT2:2014-04-06,3,2
MPL-0039,S3:HE419_MarLitter_transect08,S3_visual_GT2,2014-04-06,broad,8,S3_visual_GT2:2014-04-06,3,2
MPL-0043,S3:HE419_MarLitter_transect07,S3_visual_GT2,2014-04-06,broad,8,S3_visual_GT2:2014-04-06,3,2
MPL-0051,S3:HE419_MarLitter_transect13,S3_visual_GT2,2014-04-07,broad,8,S3_visual_GT2:2014-04-07,4,2
MPL-0056,S3:HE419_MarLitter_transect14,S3_visual_GT2,2014-04-07,broad,8,S3_visual_GT2:2014-04-07,4,2
MPL-0060,S3:HE419_MarLitter_transect09,S3_visual_GT2,2014-04-07,broad,8,S3_visual_GT2:2014-04-07,4,2
MPL-0067,S3:HE419_MarLitter_transect12,S3_visual_GT2,2014-04-07,broad,8,S3_visual_GT2:2014-04-07,4,2
MPL-0073,S3:HE419_MarLitter_transect10,S3_visual_GT2,2014-04-07,broad,8,S3_visual_GT2:2014-04-07,4,2
MPL-0076,S3:HE419_MarLitter_transect11,S3_visual_GT2,2014-04-07,broad,8,S3_visual_GT2:2014-04-07,4,2
MPL-0085,S3:HE419_MarLitter_transect18,S3_visual_GT2,2014-04-08,broad,8,S3_visual_GT2:2014-04-08,0,0
MPL-0087,S3:HE419_MarLitter_transect15,S3_visual_GT2,2014-04-08,broad,8,S3_visual_GT2:2014-04-08,0,0
MPL-0092,S3:HE419_MarLitter_transect16,S3_visual_GT2,2014-04-08,broad,8,S3_visual_GT2:2014-04-08,0,0
MPL-0094,S3:HE419_MarLitter_transect17,S3_visual_GT2,2014-04-08,broad,8,S3_visual_GT2:2014-04-08,0,0
MPL-0096,S3:HE419_MarLitter_transect20,S3_visual_GT2,2014-04-09,broad,8,S3_visual_GT2:2014-04-09,4,2
MPL-0101,S3:HE419_MarLitter_transect19,S3_visual_GT2,2014-04-09,broad,8,S3_visual_GT2:2014-04-09,4,2
MPL-0107,S3:HE419_MarLitter_transect21,S3_visual_GT2,2014-04-09,broad,8,S3_visual_GT2:2014-04-09,4,2
MPL-0109,S3:HE419_MarLitter_transect22,S3_visual_GT2,2014-04-09,broad,8,S3_visual_GT2:2014-04-09,4,2
MPL-0114,S3:HE419_MarLitter_transect23,S3_visual_GT2,2014-04-10,broad,8,S3_visual_GT2:2014-04-10,1,4
MPL-0123,S3:HE419_MarLitter_transect24,S3_visual_GT2,2014-04-10,broad,8,S3_visual_GT2:2014-04-10,1,4
MPL-0132,S3:HE419_MarLitter_transect25,S3_visual_GT2,2014-04-10,broad,8,S3_visual_GT2:2014-04-10,1,4
MPL-0138,S3:HE419_MarLitter_transect26,S3_visual_GT2,2014-04-10,broad,8,S3_visual_GT2:2014-04-10,1,4
MPL-0141,S3:HE419_MarLitter_transect27,S3_visual_GT2,2014-04-10,broad,8,S3_visual_GT2:2014-04-10,1,4
MPL-0146,S3:HE419_MarLitter_transect32,S3_visual_GT2,2014-04-11,broad,8,S3_visual_GT2:2014-04-11,0,1
MPL-0148,S3:HE419_MarLitter_transect31,S3_visual_GT2,2014-04-11,broad,8,S3_visual_GT2:2014-04-11,0,1
MPL-0158,S3:HE419_MarLitter_transect30,S3_visual_GT2,2014-04-11,broad,8,S3_visual_GT2:2014-04-11,0,1
MPL-0166,S3:HE419_MarLitter_transect29,S3_visual_GT2,2014-04-11,broad,8,S3_visual_GT2:2014-04-11,0,1
MPL-0171,S3:HE419_MarLitter_transect28,S3_visual_GT2,2014-04-11,broad,8,S3_visual_GT2:2014-04-11,0,1
MPL-0176,S3:HE419_MarLitter_transect38,S3_visual_GT2,2014-04-12,broad,8,S3_visual_GT2:2014-04-12,1,3
MPL-0179,S3:HE419_MarLitter_transect37,S3_visual_GT2,2014-04-12,broad,8,S3_visual_GT2:2014-04-12,1,3
MPL-0183,S3:HE419_MarLitter_transect34,S3_visual_GT2,2014-04-12,broad,8,S3_visual_GT2:2014-04-12,1,3
MPL-0185,S3:HE419_MarLitter_transect35,S3_visual_GT2,2014-04-12,broad,8,S3_visual_GT2:2014-04-12,1,3
MPL-0188,S3:HE419_MarLitter_transect36,S3_visual_GT2,2014-04-12,broad,8,S3_visual_GT2:2014-04-12,1,3
MPL-0192,S3:HE419_MarLitter_transect33,S3_visual_GT2,2014-04-12,broad,8,S3_visual_GT2:2014-04-12,1,3
MPL-0779,S3:HE460_MarLitter_transect01,S3_visual_GT2,2016-04-08,broad,8,S3_visual_GT2:2016-04-08,3,1
MPL-0787,S3:HE460_MarLitter_transect02,S3_visual_GT2,2016-04-09,broad,8,S3_visual_GT2:2016-04-09,2,1
MPL-0798,S3:HE460_MarLitter_transect03,S3_visual_GT2,2016-04-10,broad,8,S3_visual_GT2:2016-04-10,0,4
MPL-0001,S3:HE419_MarLitter_transect01,S3_visual_GT2,2014-04-03,broad,9,S3_visual_GT2:2014-04-03,1,1
MPL-0008,S3:HE419_MarLitter_transect02,S3_visual_GT2,2014-04-05,broad,9,S3_visual_GT2:2014-04-05,1,4
MPL-0018,S3:HE419_MarLitter_transect03,S3_visual_GT2,2014-04-06,broad,9,S3_visual_GT2:2014-04-06,3,2
MPL-0020,S3:HE419_MarLitter_transect04,S3_visual_GT2,2014-04-06,broad,9,S3_visual_GT2:2014-04-06,3,2
MPL-0027,S3:HE419_MarLitter_transect05,S3_visual_GT2,2014-04-06,broad,9,S3_visual_GT2:2014-04-06,3,2
MPL-0035,S3:HE419_MarLitter_transect06,S3_visual_GT2,2014-04-06,broad,9,S3_visual_GT2:2014-04-06,3,2
MPL-0039,S3:HE419_MarLitter_transect08,S3_visual_GT2,2014-04-06,broad,9,S3_visual_GT2:2014-04-06,3,2
MPL-0043,S3:HE419_MarLitter_transect07,S3_visual_GT2,2014-04-06,broad,9,S3_visual_GT2:2014-04-06,3,2
MPL-0051,S3:HE419_MarLitter_transect13,S3_visual_GT2,2014-04-07,broad,9,S3_visual_GT2:2014-04-07,2,2
MPL-0056,S3:HE419_MarLitter_transect14,S3_visual_GT2,2014-04-07,broad,9,S3_visual_GT2:2014-04-07,2,2
MPL-0060,S3:HE419_MarLitter_transect09,S3_visual_GT2,2014-04-07,broad,9,S3_visual_GT2:2014-04-07,2,2
MPL-0067,S3:HE419_MarLitter_transect12,S3_visual_GT2,2014-04-07,broad,9,S3_visual_GT2:2014-04-07,2,2
MPL-0073,S3:HE419_MarLitter_transect10,S3_visual_GT2,2014-04-07,broad,9,S3_visual_GT2:2014-04-07,2,2
MPL-0076,S3:HE419_MarLitter_transect11,S3_visual_GT2,2014-04-07,broad,9,S3_visual_GT2:2014-04-07,2,2
MPL-0085,S3:HE419_MarLitter_transect18,S3_visual_GT2,2014-04-08,broad,9,S3_visual_GT2:2014-04-08,3,0
MPL-0087,S3:HE419_MarLitter_transect15,S3_visual_GT2,2014-04-08,broad,9,S3_visual_GT2:2014-04-08,3,0
MPL-0092,S3:HE419_MarLitter_transect16,S3_visual_GT2,2014-04-08,broad,9,S3_visual_GT2:2014-04-08,3,0
MPL-0094,S3:HE419_MarLitter_transect17,S3_visual_GT2,2014-04-08,broad,9,S3_visual_GT2:2014-04-08,3,0
MPL-0096,S3:HE419_MarLitter_transect20,S3_visual_GT2,2014-04-09,broad,9,S3_visual_GT2:2014-04-09,2,2
MPL-0101,S3:HE419_MarLitter_transect19,S3_visual_GT2,2014-04-09,broad,9,S3_visual_GT2:2014-04-09,2,2
MPL-0107,S3:HE419_MarLitter_transect21,S3_visual_GT2,2014-04-09,broad,9,S3_visual_GT2:2014-04-09,2,2
MPL-0109,S3:HE419_MarLitter_transect22,S3_visual_GT2,2014-04-09,broad,9,S3_visual_GT2:2014-04-09,2,2
MPL-0114,S3:HE419_MarLitter_transect23,S3_visual_GT2,2014-04-10,broad,9,S3_visual_GT2:2014-04-10,0,4
MPL-0123,S3:HE419_MarLitter_transect24,S3_visual_GT2,2014-04-10,broad,9,S3_visual_GT2:2014-04-10,0,4
MPL-0132,S3:HE419_MarLitter_transect25,S3_visual_GT2,2014-04-10,broad,9,S3_visual_GT2:2014-04-10,0,4
MPL-0138,S3:HE419_MarLitter_transect26,S3_visual_GT2,2014-04-10,broad,9,S3_visual_GT2:2014-04-10,0,4
MPL-0141,S3:HE419_MarLitter_transect27,S3_visual_GT2,2014-04-10,broad,9,S3_visual_GT2:2014-04-10,0,4
MPL-0146,S3:HE419_MarLitter_transect32,S3_visual_GT2,2014-04-11,broad,9,S3_visual_GT2:2014-04-11,1,1
MPL-0148,S3:HE419_MarLitter_transect31,S3_visual_GT2,2014-04-11,broad,9,S3_visual_GT2:2014-04-11,1,1
MPL-0158,S3:HE419_MarLitter_transect30,S3_visual_GT2,2014-04-11,broad,9,S3_visual_GT2:2014-04-11,1,1
MPL-0166,S3:HE419_MarLitter_transect29,S3_visual_GT2,2014-04-11,broad,9,S3_visual_GT2:2014-04-11,1,1
MPL-0171,S3:HE419_MarLitter_transect28,S3_visual_GT2,2014-04-11,broad,9,S3_visual_GT2:2014-04-11,1,1
MPL-0176,S3:HE419_MarLitter_transect38,S3_visual_GT2,2014-04-12,broad,9,S3_visual_GT2:2014-04-12,4,3
MPL-0179,S3:HE419_MarLitter_transect37,S3_visual_GT2,2014-04-12,broad,9,S3_visual_GT2:2014-04-12,4,3
MPL-0183,S3:HE419_MarLitter_transect34,S3_visual_GT2,2014-04-12,broad,9,S3_visual_GT2:2014-04-12,4,3
MPL-0185,S3:HE419_MarLitter_transect35,S3_visual_GT2,2014-04-12,broad,9,S3_visual_GT2:2014-04-12,4,3
MPL-0188,S3:HE419_MarLitter_transect36,S3_visual_GT2,2014-04-12,broad,9,S3_visual_GT2:2014-04-12,4,3
MPL-0192,S3:HE419_MarLitter_transect33,S3_visual_GT2,2014-04-12,broad,9,S3_visual_GT2:2014-04-12,4,3
MPL-0779,S3:HE460_MarLitter_transect01,S3_visual_GT2,2016-04-08,broad,9,S3_visual_GT2:2016-04-08,4,1
MPL-0787,S3:HE460_MarLitter_transect02,S3_visual_GT2,2016-04-09,broad,9,S3_visual_GT2:2016-04-09,0,1
MPL-0798,S3:HE460_MarLitter_transect03,S3_visual_GT2,2016-04-10,broad,9,S3_visual_GT2:2016-04-10,0,4
MPL-0903,S4:DOORS3:T2,S4_visual_GT2_5,2024-06-02,broad,0,S4_visual_GT2_5:2024-06-02,0,4
MPL-0904,S4:DOORS3:T1,S4_visual_GT2_5,2024-06-02,broad,0,S4_visual_GT2_5:2024-06-02,0,4
MPL-0905,S4:DOORS3:T10,S4_visual_GT2_5,2024-06-03,broad,0,S4_visual_GT2_5:2024-06-03,0,2
MPL-0906,S4:DOORS3:T9,S4_visual_GT2_5,2024-06-03,broad,0,S4_visual_GT2_5:2024-06-03,0,2
MPL-0907,S4:DOORS3:T8,S4_visual_GT2_5,2024-06-03,broad,0,S4_visual_GT2_5:2024-06-03,0,2
MPL-0908,S4:DOORS3:T7,S4_visual_GT2_5,2024-06-03,broad,0,S4_visual_GT2_5:2024-06-03,0,2
MPL-0909,S4:DOORS3:T6,S4_visual_GT2_5,2024-06-03,broad,0,S4_visual_GT2_5:2024-06-03,0,2
MPL-0910,S4:DOORS3:T5,S4_visual_GT2_5,2024-06-03,broad,0,S4_visual_GT2_5:2024-06-03,0,2
MPL-0911,S4:DOORS3:T4,S4_visual_GT2_5,2024-06-03,broad,0,S4_visual_GT2_5:2024-06-03,0,2
MPL-0912,S4:DOORS3:T3,S4_visual_GT2_5,2024-06-03,broad,0,S4_visual_GT2_5:2024-06-03,0,2
MPL-0913,S4:DOORS3:T17,S4_visual_GT2_5,2024-06-04,broad,0,S4_visual_GT2_5:2024-06-04,2,0
MPL-0914,S4:DOORS3:T16,S4_visual_GT2_5,2024-06-04,broad,0,S4_visual_GT2_5:2024-06-04,2,0
MPL-0915,S4:DOORS3:T15,S4_visual_GT2_5,2024-06-04,broad,0,S4_visual_GT2_5:2024-06-04,2,0
MPL-0916,S4:DOORS3:T14,S4_visual_GT2_5,2024-06-04,broad,0,S4_visual_GT2_5:2024-06-04,2,0
MPL-0917,S4:DOORS3:T13,S4_visual_GT2_5,2024-06-04,broad,0,S4_visual_GT2_5:2024-06-04,2,0
MPL-0918,S4:DOORS3:T12,S4_visual_GT2_5,2024-06-04,broad,0,S4_visual_GT2_5:2024-06-04,2,0
MPL-0919,S4:DOORS3:T11,S4_visual_GT2_5,2024-06-04,broad,0,S4_visual_GT2_5:2024-06-04,2,0
MPL-0920,S4:DOORS3:T19,S4_visual_GT2_5,2024-06-05,broad,0,S4_visual_GT2_5:2024-06-05,0,3
MPL-0921,S4:DOORS3:T18,S4_visual_GT2_5,2024-06-05,broad,0,S4_visual_GT2_5:2024-06-05,0,3
MPL-0922,S4:DOORS3:T21,S4_visual_GT2_5,2024-06-07,broad,0,S4_visual_GT2_5:2024-06-07,3,3
MPL-0923,S4:DOORS3:T20,S4_visual_GT2_5,2024-06-07,broad,0,S4_visual_GT2_5:2024-06-07,3,3
MPL-0924,S4:DOORS3:T22,S4_visual_GT2_5,2024-06-09,broad,0,S4_visual_GT2_5:2024-06-09,1,3
MPL-0925,S4:DOORS3:T24,S4_visual_GT2_5,2024-06-10,broad,0,S4_visual_GT2_5:2024-06-10,2,3
MPL-0926,S4:DOORS3:T23,S4_visual_GT2_5,2024-06-10,broad,0,S4_visual_GT2_5:2024-06-10,2,3
MPL-0927,S4:DOORS3:T25,S4_visual_GT2_5,2024-06-11,broad,0,S4_visual_GT2_5:2024-06-11,1,3
MPL-0928,S4:DOORS3:T26,S4_visual_GT2_5,2024-06-14,broad,0,S4_visual_GT2_5:2024-06-14,1,3
MPL-0929,S4:DOORS3:T27,S4_visual_GT2_5,2024-06-14,broad,0,S4_visual_GT2_5:2024-06-14,1,3
MPL-0930,S4:DOORS3:T28,S4_visual_GT2_5,2024-06-14,broad,0,S4_visual_GT2_5:2024-06-14,1,3
MPL-0931,S4:DOORS3:T29,S4_visual_GT2_5,2024-06-15,broad,0,S4_visual_GT2_5:2024-06-15,3,0
MPL-0932,S4:DOORS3:T32,S4_visual_GT2_5,2024-06-17,broad,0,S4_visual_GT2_5:2024-06-17,4,1
MPL-0933,S4:DOORS3:T31,S4_visual_GT2_5,2024-06-17,broad,0,S4_visual_GT2_5:2024-06-17,4,1
MPL-0934,S4:DOORS3:T30,S4_visual_GT2_5,2024-06-17,broad,0,S4_visual_GT2_5:2024-06-17,4,1
MPL-0935,S4:DOORS3:T33,S4_visual_GT2_5,2024-06-18,broad,0,S4_visual_GT2_5:2024-06-18,4,4
MPL-0903,S4:DOORS3:T2,S4_visual_GT2_5,2024-06-02,broad,1,S4_visual_GT2_5:2024-06-02,0,4
MPL-0904,S4:DOORS3:T1,S4_visual_GT2_5,2024-06-02,broad,1,S4_visual_GT2_5:2024-06-02,0,4
MPL-0905,S4:DOORS3:T10,S4_visual_GT2_5,2024-06-03,broad,1,S4_visual_GT2_5:2024-06-03,1,2
MPL-0906,S4:DOORS3:T9,S4_visual_GT2_5,2024-06-03,broad,1,S4_visual_GT2_5:2024-06-03,1,2
MPL-0907,S4:DOORS3:T8,S4_visual_GT2_5,2024-06-03,broad,1,S4_visual_GT2_5:2024-06-03,1,2
MPL-0908,S4:DOORS3:T7,S4_visual_GT2_5,2024-06-03,broad,1,S4_visual_GT2_5:2024-06-03,1,2
MPL-0909,S4:DOORS3:T6,S4_visual_GT2_5,2024-06-03,broad,1,S4_visual_GT2_5:2024-06-03,1,2
MPL-0910,S4:DOORS3:T5,S4_visual_GT2_5,2024-06-03,broad,1,S4_visual_GT2_5:2024-06-03,1,2
MPL-0911,S4:DOORS3:T4,S4_visual_GT2_5,2024-06-03,broad,1,S4_visual_GT2_5:2024-06-03,1,2
MPL-0912,S4:DOORS3:T3,S4_visual_GT2_5,2024-06-03,broad,1,S4_visual_GT2_5:2024-06-03,1,2
MPL-0913,S4:DOORS3:T17,S4_visual_GT2_5,2024-06-04,broad,1,S4_visual_GT2_5:2024-06-04,2,0
MPL-0914,S4:DOORS3:T16,S4_visual_GT2_5,2024-06-04,broad,1,S4_visual_GT2_5:2024-06-04,2,0
MPL-0915,S4:DOORS3:T15,S4_visual_GT2_5,2024-06-04,broad,1,S4_visual_GT2_5:2024-06-04,2,0
MPL-0916,S4:DOORS3:T14,S4_visual_GT2_5,2024-06-04,broad,1,S4_visual_GT2_5:2024-06-04,2,0
MPL-0917,S4:DOORS3:T13,S4_visual_GT2_5,2024-06-04,broad,1,S4_visual_GT2_5:2024-06-04,2,0
MPL-0918,S4:DOORS3:T12,S4_visual_GT2_5,2024-06-04,broad,1,S4_visual_GT2_5:2024-06-04,2,0
MPL-0919,S4:DOORS3:T11,S4_visual_GT2_5,2024-06-04,broad,1,S4_visual_GT2_5:2024-06-04,2,0
MPL-0920,S4:DOORS3:T19,S4_visual_GT2_5,2024-06-05,broad,1,S4_visual_GT2_5:2024-06-05,0,3
MPL-0921,S4:DOORS3:T18,S4_visual_GT2_5,2024-06-05,broad,1,S4_visual_GT2_5:2024-06-05,0,3
MPL-0922,S4:DOORS3:T21,S4_visual_GT2_5,2024-06-07,broad,1,S4_visual_GT2_5:2024-06-07,2,3
MPL-0923,S4:DOORS3:T20,S4_visual_GT2_5,2024-06-07,broad,1,S4_visual_GT2_5:2024-06-07,2,3
MPL-0924,S4:DOORS3:T22,S4_visual_GT2_5,2024-06-09,broad,1,S4_visual_GT2_5:2024-06-09,0,3
MPL-0925,S4:DOORS3:T24,S4_visual_GT2_5,2024-06-10,broad,1,S4_visual_GT2_5:2024-06-10,4,3
MPL-0926,S4:DOORS3:T23,S4_visual_GT2_5,2024-06-10,broad,1,S4_visual_GT2_5:2024-06-10,4,3
MPL-0927,S4:DOORS3:T25,S4_visual_GT2_5,2024-06-11,broad,1,S4_visual_GT2_5:2024-06-11,1,3
MPL-0928,S4:DOORS3:T26,S4_visual_GT2_5,2024-06-14,broad,1,S4_visual_GT2_5:2024-06-14,4,3
MPL-0929,S4:DOORS3:T27,S4_visual_GT2_5,2024-06-14,broad,1,S4_visual_GT2_5:2024-06-14,4,3
MPL-0930,S4:DOORS3:T28,S4_visual_GT2_5,2024-06-14,broad,1,S4_visual_GT2_5:2024-06-14,4,3
MPL-0931,S4:DOORS3:T29,S4_visual_GT2_5,2024-06-15,broad,1,S4_visual_GT2_5:2024-06-15,3,0
MPL-0932,S4:DOORS3:T32,S4_visual_GT2_5,2024-06-17,broad,1,S4_visual_GT2_5:2024-06-17,3,1
MPL-0933,S4:DOORS3:T31,S4_visual_GT2_5,2024-06-17,broad,1,S4_visual_GT2_5:2024-06-17,3,1
MPL-0934,S4:DOORS3:T30,S4_visual_GT2_5,2024-06-17,broad,1,S4_visual_GT2_5:2024-06-17,3,1
MPL-0935,S4:DOORS3:T33,S4_visual_GT2_5,2024-06-18,broad,1,S4_visual_GT2_5:2024-06-18,1,4
MPL-0903,S4:DOORS3:T2,S4_visual_GT2_5,2024-06-02,broad,2,S4_visual_GT2_5:2024-06-02,0,4
MPL-0904,S4:DOORS3:T1,S4_visual_GT2_5,2024-06-02,broad,2,S4_visual_GT2_5:2024-06-02,0,4
MPL-0905,S4:DOORS3:T10,S4_visual_GT2_5,2024-06-03,broad,2,S4_visual_GT2_5:2024-06-03,0,2
MPL-0906,S4:DOORS3:T9,S4_visual_GT2_5,2024-06-03,broad,2,S4_visual_GT2_5:2024-06-03,0,2
MPL-0907,S4:DOORS3:T8,S4_visual_GT2_5,2024-06-03,broad,2,S4_visual_GT2_5:2024-06-03,0,2
MPL-0908,S4:DOORS3:T7,S4_visual_GT2_5,2024-06-03,broad,2,S4_visual_GT2_5:2024-06-03,0,2
MPL-0909,S4:DOORS3:T6,S4_visual_GT2_5,2024-06-03,broad,2,S4_visual_GT2_5:2024-06-03,0,2
MPL-0910,S4:DOORS3:T5,S4_visual_GT2_5,2024-06-03,broad,2,S4_visual_GT2_5:2024-06-03,0,2
MPL-0911,S4:DOORS3:T4,S4_visual_GT2_5,2024-06-03,broad,2,S4_visual_GT2_5:2024-06-03,0,2
MPL-0912,S4:DOORS3:T3,S4_visual_GT2_5,2024-06-03,broad,2,S4_visual_GT2_5:2024-06-03,0,2
MPL-0913,S4:DOORS3:T17,S4_visual_GT2_5,2024-06-04,broad,2,S4_visual_GT2_5:2024-06-04,2,0
MPL-0914,S4:DOORS3:T16,S4_visual_GT2_5,2024-06-04,broad,2,S4_visual_GT2_5:2024-06-04,2,0
MPL-0915,S4:DOORS3:T15,S4_visual_GT2_5,2024-06-04,broad,2,S4_visual_GT2_5:2024-06-04,2,0
MPL-0916,S4:DOORS3:T14,S4_visual_GT2_5,2024-06-04,broad,2,S4_visual_GT2_5:2024-06-04,2,0
MPL-0917,S4:DOORS3:T13,S4_visual_GT2_5,2024-06-04,broad,2,S4_visual_GT2_5:2024-06-04,2,0
MPL-0918,S4:DOORS3:T12,S4_visual_GT2_5,2024-06-04,broad,2,S4_visual_GT2_5:2024-06-04,2,0
MPL-0919,S4:DOORS3:T11,S4_visual_GT2_5,2024-06-04,broad,2,S4_visual_GT2_5:2024-06-04,2,0
MPL-0920,S4:DOORS3:T19,S4_visual_GT2_5,2024-06-05,broad,2,S4_visual_GT2_5:2024-06-05,4,3
MPL-0921,S4:DOORS3:T18,S4_visual_GT2_5,2024-06-05,broad,2,S4_visual_GT2_5:2024-06-05,4,3
MPL-0922,S4:DOORS3:T21,S4_visual_GT2_5,2024-06-07,broad,2,S4_visual_GT2_5:2024-06-07,0,3
MPL-0923,S4:DOORS3:T20,S4_visual_GT2_5,2024-06-07,broad,2,S4_visual_GT2_5:2024-06-07,0,3
MPL-0924,S4:DOORS3:T22,S4_visual_GT2_5,2024-06-09,broad,2,S4_visual_GT2_5:2024-06-09,2,3
MPL-0925,S4:DOORS3:T24,S4_visual_GT2_5,2024-06-10,broad,2,S4_visual_GT2_5:2024-06-10,1,3
MPL-0926,S4:DOORS3:T23,S4_visual_GT2_5,2024-06-10,broad,2,S4_visual_GT2_5:2024-06-10,1,3
MPL-0927,S4:DOORS3:T25,S4_visual_GT2_5,2024-06-11,broad,2,S4_visual_GT2_5:2024-06-11,3,3
MPL-0928,S4:DOORS3:T26,S4_visual_GT2_5,2024-06-14,broad,2,S4_visual_GT2_5:2024-06-14,4,3
MPL-0929,S4:DOORS3:T27,S4_visual_GT2_5,2024-06-14,broad,2,S4_visual_GT2_5:2024-06-14,4,3
MPL-0930,S4:DOORS3:T28,S4_visual_GT2_5,2024-06-14,broad,2,S4_visual_GT2_5:2024-06-14,4,3
MPL-0931,S4:DOORS3:T29,S4_visual_GT2_5,2024-06-15,broad,2,S4_visual_GT2_5:2024-06-15,1,0
MPL-0932,S4:DOORS3:T32,S4_visual_GT2_5,2024-06-17,broad,2,S4_visual_GT2_5:2024-06-17,1,1
MPL-0933,S4:DOORS3:T31,S4_visual_GT2_5,2024-06-17,broad,2,S4_visual_GT2_5:2024-06-17,1,1
MPL-0934,S4:DOORS3:T30,S4_visual_GT2_5,2024-06-17,broad,2,S4_visual_GT2_5:2024-06-17,1,1
MPL-0935,S4:DOORS3:T33,S4_visual_GT2_5,2024-06-18,broad,2,S4_visual_GT2_5:2024-06-18,3,4
MPL-0903,S4:DOORS3:T2,S4_visual_GT2_5,2024-06-02,broad,3,S4_visual_GT2_5:2024-06-02,0,4
MPL-0904,S4:DOORS3:T1,S4_visual_GT2_5,2024-06-02,broad,3,S4_visual_GT2_5:2024-06-02,0,4
MPL-0905,S4:DOORS3:T10,S4_visual_GT2_5,2024-06-03,broad,3,S4_visual_GT2_5:2024-06-03,3,2
MPL-0906,S4:DOORS3:T9,S4_visual_GT2_5,2024-06-03,broad,3,S4_visual_GT2_5:2024-06-03,3,2
MPL-0907,S4:DOORS3:T8,S4_visual_GT2_5,2024-06-03,broad,3,S4_visual_GT2_5:2024-06-03,3,2
MPL-0908,S4:DOORS3:T7,S4_visual_GT2_5,2024-06-03,broad,3,S4_visual_GT2_5:2024-06-03,3,2
MPL-0909,S4:DOORS3:T6,S4_visual_GT2_5,2024-06-03,broad,3,S4_visual_GT2_5:2024-06-03,3,2
MPL-0910,S4:DOORS3:T5,S4_visual_GT2_5,2024-06-03,broad,3,S4_visual_GT2_5:2024-06-03,3,2
MPL-0911,S4:DOORS3:T4,S4_visual_GT2_5,2024-06-03,broad,3,S4_visual_GT2_5:2024-06-03,3,2
MPL-0912,S4:DOORS3:T3,S4_visual_GT2_5,2024-06-03,broad,3,S4_visual_GT2_5:2024-06-03,3,2
MPL-0913,S4:DOORS3:T17,S4_visual_GT2_5,2024-06-04,broad,3,S4_visual_GT2_5:2024-06-04,1,0
MPL-0914,S4:DOORS3:T16,S4_visual_GT2_5,2024-06-04,broad,3,S4_visual_GT2_5:2024-06-04,1,0
MPL-0915,S4:DOORS3:T15,S4_visual_GT2_5,2024-06-04,broad,3,S4_visual_GT2_5:2024-06-04,1,0
MPL-0916,S4:DOORS3:T14,S4_visual_GT2_5,2024-06-04,broad,3,S4_visual_GT2_5:2024-06-04,1,0
MPL-0917,S4:DOORS3:T13,S4_visual_GT2_5,2024-06-04,broad,3,S4_visual_GT2_5:2024-06-04,1,0
MPL-0918,S4:DOORS3:T12,S4_visual_GT2_5,2024-06-04,broad,3,S4_visual_GT2_5:2024-06-04,1,0
MPL-0919,S4:DOORS3:T11,S4_visual_GT2_5,2024-06-04,broad,3,S4_visual_GT2_5:2024-06-04,1,0
MPL-0920,S4:DOORS3:T19,S4_visual_GT2_5,2024-06-05,broad,3,S4_visual_GT2_5:2024-06-05,1,3
MPL-0921,S4:DOORS3:T18,S4_visual_GT2_5,2024-06-05,broad,3,S4_visual_GT2_5:2024-06-05,1,3
MPL-0922,S4:DOORS3:T21,S4_visual_GT2_5,2024-06-07,broad,3,S4_visual_GT2_5:2024-06-07,0,3
MPL-0923,S4:DOORS3:T20,S4_visual_GT2_5,2024-06-07,broad,3,S4_visual_GT2_5:2024-06-07,0,3
MPL-0924,S4:DOORS3:T22,S4_visual_GT2_5,2024-06-09,broad,3,S4_visual_GT2_5:2024-06-09,4,3
MPL-0925,S4:DOORS3:T24,S4_visual_GT2_5,2024-06-10,broad,3,S4_visual_GT2_5:2024-06-10,1,3
MPL-0926,S4:DOORS3:T23,S4_visual_GT2_5,2024-06-10,broad,3,S4_visual_GT2_5:2024-06-10,1,3
MPL-0927,S4:DOORS3:T25,S4_visual_GT2_5,2024-06-11,broad,3,S4_visual_GT2_5:2024-06-11,2,3
MPL-0928,S4:DOORS3:T26,S4_visual_GT2_5,2024-06-14,broad,3,S4_visual_GT2_5:2024-06-14,2,3
MPL-0929,S4:DOORS3:T27,S4_visual_GT2_5,2024-06-14,broad,3,S4_visual_GT2_5:2024-06-14,2,3
MPL-0930,S4:DOORS3:T28,S4_visual_GT2_5,2024-06-14,broad,3,S4_visual_GT2_5:2024-06-14,2,3
MPL-0931,S4:DOORS3:T29,S4_visual_GT2_5,2024-06-15,broad,3,S4_visual_GT2_5:2024-06-15,0,0
MPL-0932,S4:DOORS3:T32,S4_visual_GT2_5,2024-06-17,broad,3,S4_visual_GT2_5:2024-06-17,4,1
MPL-0933,S4:DOORS3:T31,S4_visual_GT2_5,2024-06-17,broad,3,S4_visual_GT2_5:2024-06-17,4,1
MPL-0934,S4:DOORS3:T30,S4_visual_GT2_5,2024-06-17,broad,3,S4_visual_GT2_5:2024-06-17,4,1
MPL-0935,S4:DOORS3:T33,S4_visual_GT2_5,2024-06-18,broad,3,S4_visual_GT2_5:2024-06-18,3,4
MPL-0903,S4:DOORS3:T2,S4_visual_GT2_5,2024-06-02,broad,4,S4_visual_GT2_5:2024-06-02,0,4
MPL-0904,S4:DOORS3:T1,S4_visual_GT2_5,2024-06-02,broad,4,S4_visual_GT2_5:2024-06-02,0,4
MPL-0905,S4:DOORS3:T10,S4_visual_GT2_5,2024-06-03,broad,4,S4_visual_GT2_5:2024-06-03,1,2
MPL-0906,S4:DOORS3:T9,S4_visual_GT2_5,2024-06-03,broad,4,S4_visual_GT2_5:2024-06-03,1,2
MPL-0907,S4:DOORS3:T8,S4_visual_GT2_5,2024-06-03,broad,4,S4_visual_GT2_5:2024-06-03,1,2
MPL-0908,S4:DOORS3:T7,S4_visual_GT2_5,2024-06-03,broad,4,S4_visual_GT2_5:2024-06-03,1,2
MPL-0909,S4:DOORS3:T6,S4_visual_GT2_5,2024-06-03,broad,4,S4_visual_GT2_5:2024-06-03,1,2
MPL-0910,S4:DOORS3:T5,S4_visual_GT2_5,2024-06-03,broad,4,S4_visual_GT2_5:2024-06-03,1,2
MPL-0911,S4:DOORS3:T4,S4_visual_GT2_5,2024-06-03,broad,4,S4_visual_GT2_5:2024-06-03,1,2
MPL-0912,S4:DOORS3:T3,S4_visual_GT2_5,2024-06-03,broad,4,S4_visual_GT2_5:2024-06-03,1,2
MPL-0913,S4:DOORS3:T17,S4_visual_GT2_5,2024-06-04,broad,4,S4_visual_GT2_5:2024-06-04,1,0
MPL-0914,S4:DOORS3:T16,S4_visual_GT2_5,2024-06-04,broad,4,S4_visual_GT2_5:2024-06-04,1,0
MPL-0915,S4:DOORS3:T15,S4_visual_GT2_5,2024-06-04,broad,4,S4_visual_GT2_5:2024-06-04,1,0
MPL-0916,S4:DOORS3:T14,S4_visual_GT2_5,2024-06-04,broad,4,S4_visual_GT2_5:2024-06-04,1,0
MPL-0917,S4:DOORS3:T13,S4_visual_GT2_5,2024-06-04,broad,4,S4_visual_GT2_5:2024-06-04,1,0
MPL-0918,S4:DOORS3:T12,S4_visual_GT2_5,2024-06-04,broad,4,S4_visual_GT2_5:2024-06-04,1,0
MPL-0919,S4:DOORS3:T11,S4_visual_GT2_5,2024-06-04,broad,4,S4_visual_GT2_5:2024-06-04,1,0
MPL-0920,S4:DOORS3:T19,S4_visual_GT2_5,2024-06-05,broad,4,S4_visual_GT2_5:2024-06-05,2,3
MPL-0921,S4:DOORS3:T18,S4_visual_GT2_5,2024-06-05,broad,4,S4_visual_GT2_5:2024-06-05,2,3
MPL-0922,S4:DOORS3:T21,S4_visual_GT2_5,2024-06-07,broad,4,S4_visual_GT2_5:2024-06-07,2,3
MPL-0923,S4:DOORS3:T20,S4_visual_GT2_5,2024-06-07,broad,4,S4_visual_GT2_5:2024-06-07,2,3
MPL-0924,S4:DOORS3:T22,S4_visual_GT2_5,2024-06-09,broad,4,S4_visual_GT2_5:2024-06-09,3,3
MPL-0925,S4:DOORS3:T24,S4_visual_GT2_5,2024-06-10,broad,4,S4_visual_GT2_5:2024-06-10,3,3
MPL-0926,S4:DOORS3:T23,S4_visual_GT2_5,2024-06-10,broad,4,S4_visual_GT2_5:2024-06-10,3,3
MPL-0927,S4:DOORS3:T25,S4_visual_GT2_5,2024-06-11,broad,4,S4_visual_GT2_5:2024-06-11,0,3
MPL-0928,S4:DOORS3:T26,S4_visual_GT2_5,2024-06-14,broad,4,S4_visual_GT2_5:2024-06-14,4,3
MPL-0929,S4:DOORS3:T27,S4_visual_GT2_5,2024-06-14,broad,4,S4_visual_GT2_5:2024-06-14,4,3
MPL-0930,S4:DOORS3:T28,S4_visual_GT2_5,2024-06-14,broad,4,S4_visual_GT2_5:2024-06-14,4,3
MPL-0931,S4:DOORS3:T29,S4_visual_GT2_5,2024-06-15,broad,4,S4_visual_GT2_5:2024-06-15,0,0
MPL-0932,S4:DOORS3:T32,S4_visual_GT2_5,2024-06-17,broad,4,S4_visual_GT2_5:2024-06-17,4,1
MPL-0933,S4:DOORS3:T31,S4_visual_GT2_5,2024-06-17,broad,4,S4_visual_GT2_5:2024-06-17,4,1
MPL-0934,S4:DOORS3:T30,S4_visual_GT2_5,2024-06-17,broad,4,S4_visual_GT2_5:2024-06-17,4,1
MPL-0935,S4:DOORS3:T33,S4_visual_GT2_5,2024-06-18,broad,4,S4_visual_GT2_5:2024-06-18,1,4
MPL-0903,S4:DOORS3:T2,S4_visual_GT2_5,2024-06-02,broad,5,S4_visual_GT2_5:2024-06-02,0,4
MPL-0904,S4:DOORS3:T1,S4_visual_GT2_5,2024-06-02,broad,5,S4_visual_GT2_5:2024-06-02,0,4
MPL-0905,S4:DOORS3:T10,S4_visual_GT2_5,2024-06-03,broad,5,S4_visual_GT2_5:2024-06-03,0,2
MPL-0906,S4:DOORS3:T9,S4_visual_GT2_5,2024-06-03,broad,5,S4_visual_GT2_5:2024-06-03,0,2
MPL-0907,S4:DOORS3:T8,S4_visual_GT2_5,2024-06-03,broad,5,S4_visual_GT2_5:2024-06-03,0,2
MPL-0908,S4:DOORS3:T7,S4_visual_GT2_5,2024-06-03,broad,5,S4_visual_GT2_5:2024-06-03,0,2
MPL-0909,S4:DOORS3:T6,S4_visual_GT2_5,2024-06-03,broad,5,S4_visual_GT2_5:2024-06-03,0,2
MPL-0910,S4:DOORS3:T5,S4_visual_GT2_5,2024-06-03,broad,5,S4_visual_GT2_5:2024-06-03,0,2
MPL-0911,S4:DOORS3:T4,S4_visual_GT2_5,2024-06-03,broad,5,S4_visual_GT2_5:2024-06-03,0,2
MPL-0912,S4:DOORS3:T3,S4_visual_GT2_5,2024-06-03,broad,5,S4_visual_GT2_5:2024-06-03,0,2
MPL-0913,S4:DOORS3:T17,S4_visual_GT2_5,2024-06-04,broad,5,S4_visual_GT2_5:2024-06-04,2,0
MPL-0914,S4:DOORS3:T16,S4_visual_GT2_5,2024-06-04,broad,5,S4_visual_GT2_5:2024-06-04,2,0
MPL-0915,S4:DOORS3:T15,S4_visual_GT2_5,2024-06-04,broad,5,S4_visual_GT2_5:2024-06-04,2,0
MPL-0916,S4:DOORS3:T14,S4_visual_GT2_5,2024-06-04,broad,5,S4_visual_GT2_5:2024-06-04,2,0
MPL-0917,S4:DOORS3:T13,S4_visual_GT2_5,2024-06-04,broad,5,S4_visual_GT2_5:2024-06-04,2,0
MPL-0918,S4:DOORS3:T12,S4_visual_GT2_5,2024-06-04,broad,5,S4_visual_GT2_5:2024-06-04,2,0
MPL-0919,S4:DOORS3:T11,S4_visual_GT2_5,2024-06-04,broad,5,S4_visual_GT2_5:2024-06-04,2,0
MPL-0920,S4:DOORS3:T19,S4_visual_GT2_5,2024-06-05,broad,5,S4_visual_GT2_5:2024-06-05,2,3
MPL-0921,S4:DOORS3:T18,S4_visual_GT2_5,2024-06-05,broad,5,S4_visual_GT2_5:2024-06-05,2,3
MPL-0922,S4:DOORS3:T21,S4_visual_GT2_5,2024-06-07,broad,5,S4_visual_GT2_5:2024-06-07,1,3
MPL-0923,S4:DOORS3:T20,S4_visual_GT2_5,2024-06-07,broad,5,S4_visual_GT2_5:2024-06-07,1,3
MPL-0924,S4:DOORS3:T22,S4_visual_GT2_5,2024-06-09,broad,5,S4_visual_GT2_5:2024-06-09,3,3
MPL-0925,S4:DOORS3:T24,S4_visual_GT2_5,2024-06-10,broad,5,S4_visual_GT2_5:2024-06-10,3,3
MPL-0926,S4:DOORS3:T23,S4_visual_GT2_5,2024-06-10,broad,5,S4_visual_GT2_5:2024-06-10,3,3
MPL-0927,S4:DOORS3:T25,S4_visual_GT2_5,2024-06-11,broad,5,S4_visual_GT2_5:2024-06-11,1,3
MPL-0928,S4:DOORS3:T26,S4_visual_GT2_5,2024-06-14,broad,5,S4_visual_GT2_5:2024-06-14,0,3
MPL-0929,S4:DOORS3:T27,S4_visual_GT2_5,2024-06-14,broad,5,S4_visual_GT2_5:2024-06-14,0,3
MPL-0930,S4:DOORS3:T28,S4_visual_GT2_5,2024-06-14,broad,5,S4_visual_GT2_5:2024-06-14,0,3
MPL-0931,S4:DOORS3:T29,S4_visual_GT2_5,2024-06-15,broad,5,S4_visual_GT2_5:2024-06-15,4,0
MPL-0932,S4:DOORS3:T32,S4_visual_GT2_5,2024-06-17,broad,5,S4_visual_GT2_5:2024-06-17,1,1
MPL-0933,S4:DOORS3:T31,S4_visual_GT2_5,2024-06-17,broad,5,S4_visual_GT2_5:2024-06-17,1,1
MPL-0934,S4:DOORS3:T30,S4_visual_GT2_5,2024-06-17,broad,5,S4_visual_GT2_5:2024-06-17,1,1
MPL-0935,S4:DOORS3:T33,S4_visual_GT2_5,2024-06-18,broad,5,S4_visual_GT2_5:2024-06-18,4,4
MPL-0903,S4:DOORS3:T2,S4_visual_GT2_5,2024-06-02,broad,6,S4_visual_GT2_5:2024-06-02,3,4
MPL-0904,S4:DOORS3:T1,S4_visual_GT2_5,2024-06-02,broad,6,S4_visual_GT2_5:2024-06-02,3,4
MPL-0905,S4:DOORS3:T10,S4_visual_GT2_5,2024-06-03,broad,6,S4_visual_GT2_5:2024-06-03,0,2
MPL-0906,S4:DOORS3:T9,S4_visual_GT2_5,2024-06-03,broad,6,S4_visual_GT2_5:2024-06-03,0,2
MPL-0907,S4:DOORS3:T8,S4_visual_GT2_5,2024-06-03,broad,6,S4_visual_GT2_5:2024-06-03,0,2
MPL-0908,S4:DOORS3:T7,S4_visual_GT2_5,2024-06-03,broad,6,S4_visual_GT2_5:2024-06-03,0,2
MPL-0909,S4:DOORS3:T6,S4_visual_GT2_5,2024-06-03,broad,6,S4_visual_GT2_5:2024-06-03,0,2
MPL-0910,S4:DOORS3:T5,S4_visual_GT2_5,2024-06-03,broad,6,S4_visual_GT2_5:2024-06-03,0,2
MPL-0911,S4:DOORS3:T4,S4_visual_GT2_5,2024-06-03,broad,6,S4_visual_GT2_5:2024-06-03,0,2
MPL-0912,S4:DOORS3:T3,S4_visual_GT2_5,2024-06-03,broad,6,S4_visual_GT2_5:2024-06-03,0,2
MPL-0913,S4:DOORS3:T17,S4_visual_GT2_5,2024-06-04,broad,6,S4_visual_GT2_5:2024-06-04,4,0
MPL-0914,S4:DOORS3:T16,S4_visual_GT2_5,2024-06-04,broad,6,S4_visual_GT2_5:2024-06-04,4,0
MPL-0915,S4:DOORS3:T15,S4_visual_GT2_5,2024-06-04,broad,6,S4_visual_GT2_5:2024-06-04,4,0
MPL-0916,S4:DOORS3:T14,S4_visual_GT2_5,2024-06-04,broad,6,S4_visual_GT2_5:2024-06-04,4,0
MPL-0917,S4:DOORS3:T13,S4_visual_GT2_5,2024-06-04,broad,6,S4_visual_GT2_5:2024-06-04,4,0
MPL-0918,S4:DOORS3:T12,S4_visual_GT2_5,2024-06-04,broad,6,S4_visual_GT2_5:2024-06-04,4,0
MPL-0919,S4:DOORS3:T11,S4_visual_GT2_5,2024-06-04,broad,6,S4_visual_GT2_5:2024-06-04,4,0
MPL-0920,S4:DOORS3:T19,S4_visual_GT2_5,2024-06-05,broad,6,S4_visual_GT2_5:2024-06-05,2,3
MPL-0921,S4:DOORS3:T18,S4_visual_GT2_5,2024-06-05,broad,6,S4_visual_GT2_5:2024-06-05,2,3
MPL-0922,S4:DOORS3:T21,S4_visual_GT2_5,2024-06-07,broad,6,S4_visual_GT2_5:2024-06-07,2,3
MPL-0923,S4:DOORS3:T20,S4_visual_GT2_5,2024-06-07,broad,6,S4_visual_GT2_5:2024-06-07,2,3
MPL-0924,S4:DOORS3:T22,S4_visual_GT2_5,2024-06-09,broad,6,S4_visual_GT2_5:2024-06-09,1,3
MPL-0925,S4:DOORS3:T24,S4_visual_GT2_5,2024-06-10,broad,6,S4_visual_GT2_5:2024-06-10,3,3
MPL-0926,S4:DOORS3:T23,S4_visual_GT2_5,2024-06-10,broad,6,S4_visual_GT2_5:2024-06-10,3,3
MPL-0927,S4:DOORS3:T25,S4_visual_GT2_5,2024-06-11,broad,6,S4_visual_GT2_5:2024-06-11,1,3
MPL-0928,S4:DOORS3:T26,S4_visual_GT2_5,2024-06-14,broad,6,S4_visual_GT2_5:2024-06-14,0,3
MPL-0929,S4:DOORS3:T27,S4_visual_GT2_5,2024-06-14,broad,6,S4_visual_GT2_5:2024-06-14,0,3
MPL-0930,S4:DOORS3:T28,S4_visual_GT2_5,2024-06-14,broad,6,S4_visual_GT2_5:2024-06-14,0,3
MPL-0931,S4:DOORS3:T29,S4_visual_GT2_5,2024-06-15,broad,6,S4_visual_GT2_5:2024-06-15,4,0
MPL-0932,S4:DOORS3:T32,S4_visual_GT2_5,2024-06-17,broad,6,S4_visual_GT2_5:2024-06-17,1,1
MPL-0933,S4:DOORS3:T31,S4_visual_GT2_5,2024-06-17,broad,6,S4_visual_GT2_5:2024-06-17,1,1
MPL-0934,S4:DOORS3:T30,S4_visual_GT2_5,2024-06-17,broad,6,S4_visual_GT2_5:2024-06-17,1,1
MPL-0935,S4:DOORS3:T33,S4_visual_GT2_5,2024-06-18,broad,6,S4_visual_GT2_5:2024-06-18,0,4
MPL-0903,S4:DOORS3:T2,S4_visual_GT2_5,2024-06-02,broad,7,S4_visual_GT2_5:2024-06-02,0,4
MPL-0904,S4:DOORS3:T1,S4_visual_GT2_5,2024-06-02,broad,7,S4_visual_GT2_5:2024-06-02,0,4
MPL-0905,S4:DOORS3:T10,S4_visual_GT2_5,2024-06-03,broad,7,S4_visual_GT2_5:2024-06-03,4,2
MPL-0906,S4:DOORS3:T9,S4_visual_GT2_5,2024-06-03,broad,7,S4_visual_GT2_5:2024-06-03,4,2
MPL-0907,S4:DOORS3:T8,S4_visual_GT2_5,2024-06-03,broad,7,S4_visual_GT2_5:2024-06-03,4,2
MPL-0908,S4:DOORS3:T7,S4_visual_GT2_5,2024-06-03,broad,7,S4_visual_GT2_5:2024-06-03,4,2
MPL-0909,S4:DOORS3:T6,S4_visual_GT2_5,2024-06-03,broad,7,S4_visual_GT2_5:2024-06-03,4,2
MPL-0910,S4:DOORS3:T5,S4_visual_GT2_5,2024-06-03,broad,7,S4_visual_GT2_5:2024-06-03,4,2
MPL-0911,S4:DOORS3:T4,S4_visual_GT2_5,2024-06-03,broad,7,S4_visual_GT2_5:2024-06-03,4,2
MPL-0912,S4:DOORS3:T3,S4_visual_GT2_5,2024-06-03,broad,7,S4_visual_GT2_5:2024-06-03,4,2
MPL-0913,S4:DOORS3:T17,S4_visual_GT2_5,2024-06-04,broad,7,S4_visual_GT2_5:2024-06-04,3,0
MPL-0914,S4:DOORS3:T16,S4_visual_GT2_5,2024-06-04,broad,7,S4_visual_GT2_5:2024-06-04,3,0
MPL-0915,S4:DOORS3:T15,S4_visual_GT2_5,2024-06-04,broad,7,S4_visual_GT2_5:2024-06-04,3,0
MPL-0916,S4:DOORS3:T14,S4_visual_GT2_5,2024-06-04,broad,7,S4_visual_GT2_5:2024-06-04,3,0
MPL-0917,S4:DOORS3:T13,S4_visual_GT2_5,2024-06-04,broad,7,S4_visual_GT2_5:2024-06-04,3,0
MPL-0918,S4:DOORS3:T12,S4_visual_GT2_5,2024-06-04,broad,7,S4_visual_GT2_5:2024-06-04,3,0
MPL-0919,S4:DOORS3:T11,S4_visual_GT2_5,2024-06-04,broad,7,S4_visual_GT2_5:2024-06-04,3,0
MPL-0920,S4:DOORS3:T19,S4_visual_GT2_5,2024-06-05,broad,7,S4_visual_GT2_5:2024-06-05,1,3
MPL-0921,S4:DOORS3:T18,S4_visual_GT2_5,2024-06-05,broad,7,S4_visual_GT2_5:2024-06-05,1,3
MPL-0922,S4:DOORS3:T21,S4_visual_GT2_5,2024-06-07,broad,7,S4_visual_GT2_5:2024-06-07,0,3
MPL-0923,S4:DOORS3:T20,S4_visual_GT2_5,2024-06-07,broad,7,S4_visual_GT2_5:2024-06-07,0,3
MPL-0924,S4:DOORS3:T22,S4_visual_GT2_5,2024-06-09,broad,7,S4_visual_GT2_5:2024-06-09,0,3
MPL-0925,S4:DOORS3:T24,S4_visual_GT2_5,2024-06-10,broad,7,S4_visual_GT2_5:2024-06-10,2,3
MPL-0926,S4:DOORS3:T23,S4_visual_GT2_5,2024-06-10,broad,7,S4_visual_GT2_5:2024-06-10,2,3
MPL-0927,S4:DOORS3:T25,S4_visual_GT2_5,2024-06-11,broad,7,S4_visual_GT2_5:2024-06-11,1,3
MPL-0928,S4:DOORS3:T26,S4_visual_GT2_5,2024-06-14,broad,7,S4_visual_GT2_5:2024-06-14,3,3
MPL-0929,S4:DOORS3:T27,S4_visual_GT2_5,2024-06-14,broad,7,S4_visual_GT2_5:2024-06-14,3,3
MPL-0930,S4:DOORS3:T28,S4_visual_GT2_5,2024-06-14,broad,7,S4_visual_GT2_5:2024-06-14,3,3
MPL-0931,S4:DOORS3:T29,S4_visual_GT2_5,2024-06-15,broad,7,S4_visual_GT2_5:2024-06-15,4,0
MPL-0932,S4:DOORS3:T32,S4_visual_GT2_5,2024-06-17,broad,7,S4_visual_GT2_5:2024-06-17,1,1
MPL-0933,S4:DOORS3:T31,S4_visual_GT2_5,2024-06-17,broad,7,S4_visual_GT2_5:2024-06-17,1,1
MPL-0934,S4:DOORS3:T30,S4_visual_GT2_5,2024-06-17,broad,7,S4_visual_GT2_5:2024-06-17,1,1
MPL-0935,S4:DOORS3:T33,S4_visual_GT2_5,2024-06-18,broad,7,S4_visual_GT2_5:2024-06-18,2,4
MPL-0903,S4:DOORS3:T2,S4_visual_GT2_5,2024-06-02,broad,8,S4_visual_GT2_5:2024-06-02,2,4
MPL-0904,S4:DOORS3:T1,S4_visual_GT2_5,2024-06-02,broad,8,S4_visual_GT2_5:2024-06-02,2,4
MPL-0905,S4:DOORS3:T10,S4_visual_GT2_5,2024-06-03,broad,8,S4_visual_GT2_5:2024-06-03,1,2
MPL-0906,S4:DOORS3:T9,S4_visual_GT2_5,2024-06-03,broad,8,S4_visual_GT2_5:2024-06-03,1,2
MPL-0907,S4:DOORS3:T8,S4_visual_GT2_5,2024-06-03,broad,8,S4_visual_GT2_5:2024-06-03,1,2
MPL-0908,S4:DOORS3:T7,S4_visual_GT2_5,2024-06-03,broad,8,S4_visual_GT2_5:2024-06-03,1,2
MPL-0909,S4:DOORS3:T6,S4_visual_GT2_5,2024-06-03,broad,8,S4_visual_GT2_5:2024-06-03,1,2
MPL-0910,S4:DOORS3:T5,S4_visual_GT2_5,2024-06-03,broad,8,S4_visual_GT2_5:2024-06-03,1,2
MPL-0911,S4:DOORS3:T4,S4_visual_GT2_5,2024-06-03,broad,8,S4_visual_GT2_5:2024-06-03,1,2
MPL-0912,S4:DOORS3:T3,S4_visual_GT2_5,2024-06-03,broad,8,S4_visual_GT2_5:2024-06-03,1,2
MPL-0913,S4:DOORS3:T17,S4_visual_GT2_5,2024-06-04,broad,8,S4_visual_GT2_5:2024-06-04,3,0
MPL-0914,S4:DOORS3:T16,S4_visual_GT2_5,2024-06-04,broad,8,S4_visual_GT2_5:2024-06-04,3,0
MPL-0915,S4:DOORS3:T15,S4_visual_GT2_5,2024-06-04,broad,8,S4_visual_GT2_5:2024-06-04,3,0
MPL-0916,S4:DOORS3:T14,S4_visual_GT2_5,2024-06-04,broad,8,S4_visual_GT2_5:2024-06-04,3,0
MPL-0917,S4:DOORS3:T13,S4_visual_GT2_5,2024-06-04,broad,8,S4_visual_GT2_5:2024-06-04,3,0
MPL-0918,S4:DOORS3:T12,S4_visual_GT2_5,2024-06-04,broad,8,S4_visual_GT2_5:2024-06-04,3,0
MPL-0919,S4:DOORS3:T11,S4_visual_GT2_5,2024-06-04,broad,8,S4_visual_GT2_5:2024-06-04,3,0
MPL-0920,S4:DOORS3:T19,S4_visual_GT2_5,2024-06-05,broad,8,S4_visual_GT2_5:2024-06-05,4,3
MPL-0921,S4:DOORS3:T18,S4_visual_GT2_5,2024-06-05,broad,8,S4_visual_GT2_5:2024-06-05,4,3
MPL-0922,S4:DOORS3:T21,S4_visual_GT2_5,2024-06-07,broad,8,S4_visual_GT2_5:2024-06-07,0,3
MPL-0923,S4:DOORS3:T20,S4_visual_GT2_5,2024-06-07,broad,8,S4_visual_GT2_5:2024-06-07,0,3
MPL-0924,S4:DOORS3:T22,S4_visual_GT2_5,2024-06-09,broad,8,S4_visual_GT2_5:2024-06-09,4,3
MPL-0925,S4:DOORS3:T24,S4_visual_GT2_5,2024-06-10,broad,8,S4_visual_GT2_5:2024-06-10,1,3
MPL-0926,S4:DOORS3:T23,S4_visual_GT2_5,2024-06-10,broad,8,S4_visual_GT2_5:2024-06-10,1,3
MPL-0927,S4:DOORS3:T25,S4_visual_GT2_5,2024-06-11,broad,8,S4_visual_GT2_5:2024-06-11,0,3
MPL-0928,S4:DOORS3:T26,S4_visual_GT2_5,2024-06-14,broad,8,S4_visual_GT2_5:2024-06-14,1,3
MPL-0929,S4:DOORS3:T27,S4_visual_GT2_5,2024-06-14,broad,8,S4_visual_GT2_5:2024-06-14,1,3
MPL-0930,S4:DOORS3:T28,S4_visual_GT2_5,2024-06-14,broad,8,S4_visual_GT2_5:2024-06-14,1,3
MPL-0931,S4:DOORS3:T29,S4_visual_GT2_5,2024-06-15,broad,8,S4_visual_GT2_5:2024-06-15,3,0
MPL-0932,S4:DOORS3:T32,S4_visual_GT2_5,2024-06-17,broad,8,S4_visual_GT2_5:2024-06-17,2,1
MPL-0933,S4:DOORS3:T31,S4_visual_GT2_5,2024-06-17,broad,8,S4_visual_GT2_5:2024-06-17,2,1
MPL-0934,S4:DOORS3:T30,S4_visual_GT2_5,2024-06-17,broad,8,S4_visual_GT2_5:2024-06-17,2,1
MPL-0935,S4:DOORS3:T33,S4_visual_GT2_5,2024-06-18,broad,8,S4_visual_GT2_5:2024-06-18,0,4
MPL-0903,S4:DOORS3:T2,S4_visual_GT2_5,2024-06-02,broad,9,S4_visual_GT2_5:2024-06-02,1,4
MPL-0904,S4:DOORS3:T1,S4_visual_GT2_5,2024-06-02,broad,9,S4_visual_GT2_5:2024-06-02,1,4
MPL-0905,S4:DOORS3:T10,S4_visual_GT2_5,2024-06-03,broad,9,S4_visual_GT2_5:2024-06-03,1,2
MPL-0906,S4:DOORS3:T9,S4_visual_GT2_5,2024-06-03,broad,9,S4_visual_GT2_5:2024-06-03,1,2
MPL-0907,S4:DOORS3:T8,S4_visual_GT2_5,2024-06-03,broad,9,S4_visual_GT2_5:2024-06-03,1,2
MPL-0908,S4:DOORS3:T7,S4_visual_GT2_5,2024-06-03,broad,9,S4_visual_GT2_5:2024-06-03,1,2
MPL-0909,S4:DOORS3:T6,S4_visual_GT2_5,2024-06-03,broad,9,S4_visual_GT2_5:2024-06-03,1,2
MPL-0910,S4:DOORS3:T5,S4_visual_GT2_5,2024-06-03,broad,9,S4_visual_GT2_5:2024-06-03,1,2
MPL-0911,S4:DOORS3:T4,S4_visual_GT2_5,2024-06-03,broad,9,S4_visual_GT2_5:2024-06-03,1,2
MPL-0912,S4:DOORS3:T3,S4_visual_GT2_5,2024-06-03,broad,9,S4_visual_GT2_5:2024-06-03,1,2
MPL-0913,S4:DOORS3:T17,S4_visual_GT2_5,2024-06-04,broad,9,S4_visual_GT2_5:2024-06-04,3,0
MPL-0914,S4:DOORS3:T16,S4_visual_GT2_5,2024-06-04,broad,9,S4_visual_GT2_5:2024-06-04,3,0
MPL-0915,S4:DOORS3:T15,S4_visual_GT2_5,2024-06-04,broad,9,S4_visual_GT2_5:2024-06-04,3,0
MPL-0916,S4:DOORS3:T14,S4_visual_GT2_5,2024-06-04,broad,9,S4_visual_GT2_5:2024-06-04,3,0
MPL-0917,S4:DOORS3:T13,S4_visual_GT2_5,2024-06-04,broad,9,S4_visual_GT2_5:2024-06-04,3,0
MPL-0918,S4:DOORS3:T12,S4_visual_GT2_5,2024-06-04,broad,9,S4_visual_GT2_5:2024-06-04,3,0
MPL-0919,S4:DOORS3:T11,S4_visual_GT2_5,2024-06-04,broad,9,S4_visual_GT2_5:2024-06-04,3,0
MPL-0920,S4:DOORS3:T19,S4_visual_GT2_5,2024-06-05,broad,9,S4_visual_GT2_5:2024-06-05,2,3
MPL-0921,S4:DOORS3:T18,S4_visual_GT2_5,2024-06-05,broad,9,S4_visual_GT2_5:2024-06-05,2,3
MPL-0922,S4:DOORS3:T21,S4_visual_GT2_5,2024-06-07,broad,9,S4_visual_GT2_5:2024-06-07,3,3
MPL-0923,S4:DOORS3:T20,S4_visual_GT2_5,2024-06-07,broad,9,S4_visual_GT2_5:2024-06-07,3,3
MPL-0924,S4:DOORS3:T22,S4_visual_GT2_5,2024-06-09,broad,9,S4_visual_GT2_5:2024-06-09,2,3
MPL-0925,S4:DOORS3:T24,S4_visual_GT2_5,2024-06-10,broad,9,S4_visual_GT2_5:2024-06-10,0,3
MPL-0926,S4:DOORS3:T23,S4_visual_GT2_5,2024-06-10,broad,9,S4_visual_GT2_5:2024-06-10,0,3
MPL-0927,S4:DOORS3:T25,S4_visual_GT2_5,2024-06-11,broad,9,S4_visual_GT2_5:2024-06-11,1,3
MPL-0928,S4:DOORS3:T26,S4_visual_GT2_5,2024-06-14,broad,9,S4_visual_GT2_5:2024-06-14,4,3
MPL-0929,S4:DOORS3:T27,S4_visual_GT2_5,2024-06-14,broad,9,S4_visual_GT2_5:2024-06-14,4,3
MPL-0930,S4:DOORS3:T28,S4_visual_GT2_5,2024-06-14,broad,9,S4_visual_GT2_5:2024-06-14,4,3
MPL-0931,S4:DOORS3:T29,S4_visual_GT2_5,2024-06-15,broad,9,S4_visual_GT2_5:2024-06-15,4,0
MPL-0932,S4:DOORS3:T32,S4_visual_GT2_5,2024-06-17,broad,9,S4_visual_GT2_5:2024-06-17,0,1
MPL-0933,S4:DOORS3:T31,S4_visual_GT2_5,2024-06-17,broad,9,S4_visual_GT2_5:2024-06-17,0,1
MPL-0934,S4:DOORS3:T30,S4_visual_GT2_5,2024-06-17,broad,9,S4_visual_GT2_5:2024-06-17,0,1
MPL-0935,S4:DOORS3:T33,S4_visual_GT2_5,2024-06-18,broad,9,S4_visual_GT2_5:2024-06-18,0,4
MPL-0197,S2:MSM41_litter-T1,S2_visual_GT2,2015-04-01,compact,0,S2_visual_GT2:2015-04-01,3,1
MPL-0200,S2:MSM41_litter-T5,S2_visual_GT2,2015-04-02,compact,0,S2_visual_GT2:2015-04-02,3,1
MPL-0203,S2:MSM41_litter-T4,S2_visual_GT2,2015-04-02,compact,0,S2_visual_GT2:2015-04-02,3,1
MPL-0209,S2:MSM41_litter-T3,S2_visual_GT2,2015-04-02,compact,0,S2_visual_GT2:2015-04-02,3,1
MPL-0214,S2:MSM41_litter-T2,S2_visual_GT2,2015-04-02,compact,0,S2_visual_GT2:2015-04-02,3,1
MPL-0216,S2:MSM41_litter-T8,S2_visual_GT2,2015-04-03,compact,0,S2_visual_GT2:2015-04-03,0,1
MPL-0220,S2:MSM41_litter-T7,S2_visual_GT2,2015-04-03,compact,0,S2_visual_GT2:2015-04-03,0,1
MPL-0226,S2:MSM41_litter-T6,S2_visual_GT2,2015-04-03,compact,0,S2_visual_GT2:2015-04-03,0,1
MPL-0229,S2:MSM41_litter-T10,S2_visual_GT2,2015-04-04,compact,0,S2_visual_GT2:2015-04-04,2,0
MPL-0233,S2:MSM41_litter-T12,S2_visual_GT2,2015-04-05,compact,0,S2_visual_GT2:2015-04-05,1,0
MPL-0235,S2:MSM41_litter-T11,S2_visual_GT2,2015-04-05,compact,0,S2_visual_GT2:2015-04-05,1,0
MPL-0237,S2:MSM41_litter-T16,S2_visual_GT2,2015-04-06,compact,0,S2_visual_GT2:2015-04-06,0,0
MPL-0241,S2:MSM41_litter-T15,S2_visual_GT2,2015-04-06,compact,0,S2_visual_GT2:2015-04-06,0,0
MPL-0246,S2:MSM41_litter-T14,S2_visual_GT2,2015-04-06,compact,0,S2_visual_GT2:2015-04-06,0,0
MPL-0249,S2:MSM41_litter-T13,S2_visual_GT2,2015-04-06,compact,0,S2_visual_GT2:2015-04-06,0,0
MPL-0254,S2:MSM41_litter-T17,S2_visual_GT2,2015-04-07,compact,0,S2_visual_GT2:2015-04-07,0,0
MPL-0260,S2:MSM41_litter-T18,S2_visual_GT2,2015-04-07,compact,0,S2_visual_GT2:2015-04-07,0,0
MPL-0264,S2:MSM41_litter-T19,S2_visual_GT2,2015-04-08,compact,0,S2_visual_GT2:2015-04-08,0,0
MPL-0267,S2:MSM41_litter-T20,S2_visual_GT2,2015-04-08,compact,0,S2_visual_GT2:2015-04-08,0,0
MPL-0271,S2:MSM41_litter-T21,S2_visual_GT2,2015-04-08,compact,0,S2_visual_GT2:2015-04-08,0,0
MPL-0277,S2:MSM41_litter-T22,S2_visual_GT2,2015-04-09,compact,0,S2_visual_GT2:2015-04-09,0,1
MPL-0283,S2:MSM41_litter-T23,S2_visual_GT2,2015-04-09,compact,0,S2_visual_GT2:2015-04-09,0,1
MPL-0289,S2:MSM41_litter-T24,S2_visual_GT2,2015-04-09,compact,0,S2_visual_GT2:2015-04-09,0,1
MPL-0297,S2:MSM41_litter-T25,S2_visual_GT2,2015-04-10,compact,0,S2_visual_GT2:2015-04-10,4,1
MPL-0302,S2:MSM41_litter-T26,S2_visual_GT2,2015-04-10,compact,0,S2_visual_GT2:2015-04-10,4,1
MPL-0309,S2:MSM41_litter-T27,S2_visual_GT2,2015-04-11,compact,0,S2_visual_GT2:2015-04-11,3,1
MPL-0311,S2:MSM41_litter-T29,S2_visual_GT2,2015-04-11,compact,0,S2_visual_GT2:2015-04-11,3,1
MPL-0320,S2:MSM41_litter-T28,S2_visual_GT2,2015-04-11,compact,0,S2_visual_GT2:2015-04-11,3,1
MPL-0329,S2:MSM41_litter-T32,S2_visual_GT2,2015-04-12,compact,0,S2_visual_GT2:2015-04-12,2,1
MPL-0336,S2:MSM41_litter-T31,S2_visual_GT2,2015-04-12,compact,0,S2_visual_GT2:2015-04-12,2,1
MPL-0342,S2:MSM41_litter-T30,S2_visual_GT2,2015-04-12,compact,0,S2_visual_GT2:2015-04-12,2,1
MPL-0346,S2:MSM41_litter-T34,S2_visual_GT2,2015-04-13,compact,0,S2_visual_GT2:2015-04-13,1,4
MPL-0351,S2:MSM41_litter-T33,S2_visual_GT2,2015-04-13,compact,0,S2_visual_GT2:2015-04-13,1,4
MPL-0354,S2:MSM41_litter-T37,S2_visual_GT2,2015-04-14,compact,0,S2_visual_GT2:2015-04-14,4,4
MPL-0358,S2:MSM41_litter-T35,S2_visual_GT2,2015-04-14,compact,0,S2_visual_GT2:2015-04-14,4,4
MPL-0361,S2:MSM41_litter-T38,S2_visual_GT2,2015-04-15,compact,0,S2_visual_GT2:2015-04-15,3,4
MPL-0364,S2:MSM41_litter-T40,S2_visual_GT2,2015-04-16,compact,0,S2_visual_GT2:2015-04-16,1,4
MPL-0367,S2:MSM41_litter-T39,S2_visual_GT2,2015-04-16,compact,0,S2_visual_GT2:2015-04-16,1,4
MPL-0371,S2:MSM41_litter-T41,S2_visual_GT2,2015-04-17,compact,0,S2_visual_GT2:2015-04-17,1,2
MPL-0375,S2:MSM41_litter-T42,S2_visual_GT2,2015-04-17,compact,0,S2_visual_GT2:2015-04-17,1,2
MPL-0378,S2:MSM41_litter-T43,S2_visual_GT2,2015-04-18,compact,0,S2_visual_GT2:2015-04-18,4,2
MPL-0382,S2:MSM41_litter-T44,S2_visual_GT2,2015-04-18,compact,0,S2_visual_GT2:2015-04-18,4,2
MPL-0385,S2:MSM41_litter-T45,S2_visual_GT2,2015-04-18,compact,0,S2_visual_GT2:2015-04-18,4,2
MPL-0389,S2:MSM41_litter-T46,S2_visual_GT2,2015-04-19,compact,0,S2_visual_GT2:2015-04-19,1,2
MPL-0397,S2:MSM41_litter-T47,S2_visual_GT2,2015-04-19,compact,0,S2_visual_GT2:2015-04-19,1,2
MPL-0401,S2:MSM41_litter-T48,S2_visual_GT2,2015-04-20,compact,0,S2_visual_GT2:2015-04-20,0,3
MPL-0409,S2:MSM41_litter-T49,S2_visual_GT2,2015-04-20,compact,0,S2_visual_GT2:2015-04-20,0,3
MPL-0417,S2:MSM41_litter-T50,S2_visual_GT2,2015-04-20,compact,0,S2_visual_GT2:2015-04-20,0,3
MPL-0421,S2:MSM41_litter-T51,S2_visual_GT2,2015-04-21,compact,0,S2_visual_GT2:2015-04-21,3,3
MPL-0425,S2:MSM41_litter-T52,S2_visual_GT2,2015-04-21,compact,0,S2_visual_GT2:2015-04-21,3,3
MPL-0430,S2:MSM41_litter-T53,S2_visual_GT2,2015-04-22,compact,0,S2_visual_GT2:2015-04-22,2,3
MPL-0443,S2:MSM41_litter-T54,S2_visual_GT2,2015-04-22,compact,0,S2_visual_GT2:2015-04-22,2,3
MPL-0455,S2:MSM41_litter-T55,S2_visual_GT2,2015-04-22,compact,0,S2_visual_GT2:2015-04-22,2,3
MPL-0460,S2:MSM41_litter-T56,S2_visual_GT2,2015-04-22,compact,0,S2_visual_GT2:2015-04-22,2,3
MPL-0472,S2:MSM41_litter-T58,S2_visual_GT2,2015-04-23,compact,0,S2_visual_GT2:2015-04-23,4,3
MPL-0484,S2:MSM41_litter-T57,S2_visual_GT2,2015-04-23,compact,0,S2_visual_GT2:2015-04-23,4,3
MPL-0494,S2:MSM41_litter-T60,S2_visual_GT2,2015-04-24,compact,0,S2_visual_GT2:2015-04-24,2,3
MPL-0499,S2:MSM41_litter-T59,S2_visual_GT2,2015-04-24,compact,0,S2_visual_GT2:2015-04-24,2,3
MPL-0504,S2:MSM41_litter-T62,S2_visual_GT2,2015-04-25,compact,0,S2_visual_GT2:2015-04-25,4,2
MPL-0507,S2:MSM41_litter-T61,S2_visual_GT2,2015-04-25,compact,0,S2_visual_GT2:2015-04-25,4,2
MPL-0513,S2:MSM41_litter-T65,S2_visual_GT2,2015-04-26,compact,0,S2_visual_GT2:2015-04-26,2,2
MPL-0518,S2:MSM41_litter-T64,S2_visual_GT2,2015-04-26,compact,0,S2_visual_GT2:2015-04-26,2,2
MPL-0523,S2:MSM41_litter-T63,S2_visual_GT2,2015-04-26,compact,0,S2_visual_GT2:2015-04-26,2,2
MPL-0197,S2:MSM41_litter-T1,S2_visual_GT2,2015-04-01,compact,1,S2_visual_GT2:2015-04-01,1,1
MPL-0200,S2:MSM41_litter-T5,S2_visual_GT2,2015-04-02,compact,1,S2_visual_GT2:2015-04-02,0,1
MPL-0203,S2:MSM41_litter-T4,S2_visual_GT2,2015-04-02,compact,1,S2_visual_GT2:2015-04-02,0,1
MPL-0209,S2:MSM41_litter-T3,S2_visual_GT2,2015-04-02,compact,1,S2_visual_GT2:2015-04-02,0,1
MPL-0214,S2:MSM41_litter-T2,S2_visual_GT2,2015-04-02,compact,1,S2_visual_GT2:2015-04-02,0,1
MPL-0216,S2:MSM41_litter-T8,S2_visual_GT2,2015-04-03,compact,1,S2_visual_GT2:2015-04-03,2,1
MPL-0220,S2:MSM41_litter-T7,S2_visual_GT2,2015-04-03,compact,1,S2_visual_GT2:2015-04-03,2,1
MPL-0226,S2:MSM41_litter-T6,S2_visual_GT2,2015-04-03,compact,1,S2_visual_GT2:2015-04-03,2,1
MPL-0229,S2:MSM41_litter-T10,S2_visual_GT2,2015-04-04,compact,1,S2_visual_GT2:2015-04-04,3,0
MPL-0233,S2:MSM41_litter-T12,S2_visual_GT2,2015-04-05,compact,1,S2_visual_GT2:2015-04-05,3,0
MPL-0235,S2:MSM41_litter-T11,S2_visual_GT2,2015-04-05,compact,1,S2_visual_GT2:2015-04-05,3,0
MPL-0237,S2:MSM41_litter-T16,S2_visual_GT2,2015-04-06,compact,1,S2_visual_GT2:2015-04-06,0,0
MPL-0241,S2:MSM41_litter-T15,S2_visual_GT2,2015-04-06,compact,1,S2_visual_GT2:2015-04-06,0,0
MPL-0246,S2:MSM41_litter-T14,S2_visual_GT2,2015-04-06,compact,1,S2_visual_GT2:2015-04-06,0,0
MPL-0249,S2:MSM41_litter-T13,S2_visual_GT2,2015-04-06,compact,1,S2_visual_GT2:2015-04-06,0,0
MPL-0254,S2:MSM41_litter-T17,S2_visual_GT2,2015-04-07,compact,1,S2_visual_GT2:2015-04-07,0,0
MPL-0260,S2:MSM41_litter-T18,S2_visual_GT2,2015-04-07,compact,1,S2_visual_GT2:2015-04-07,0,0
MPL-0264,S2:MSM41_litter-T19,S2_visual_GT2,2015-04-08,compact,1,S2_visual_GT2:2015-04-08,0,0
MPL-0267,S2:MSM41_litter-T20,S2_visual_GT2,2015-04-08,compact,1,S2_visual_GT2:2015-04-08,0,0
MPL-0271,S2:MSM41_litter-T21,S2_visual_GT2,2015-04-08,compact,1,S2_visual_GT2:2015-04-08,0,0
MPL-0277,S2:MSM41_litter-T22,S2_visual_GT2,2015-04-09,compact,1,S2_visual_GT2:2015-04-09,4,1
MPL-0283,S2:MSM41_litter-T23,S2_visual_GT2,2015-04-09,compact,1,S2_visual_GT2:2015-04-09,4,1
MPL-0289,S2:MSM41_litter-T24,S2_visual_GT2,2015-04-09,compact,1,S2_visual_GT2:2015-04-09,4,1
MPL-0297,S2:MSM41_litter-T25,S2_visual_GT2,2015-04-10,compact,1,S2_visual_GT2:2015-04-10,2,1
MPL-0302,S2:MSM41_litter-T26,S2_visual_GT2,2015-04-10,compact,1,S2_visual_GT2:2015-04-10,2,1
MPL-0309,S2:MSM41_litter-T27,S2_visual_GT2,2015-04-11,compact,1,S2_visual_GT2:2015-04-11,2,1
MPL-0311,S2:MSM41_litter-T29,S2_visual_GT2,2015-04-11,compact,1,S2_visual_GT2:2015-04-11,2,1
MPL-0320,S2:MSM41_litter-T28,S2_visual_GT2,2015-04-11,compact,1,S2_visual_GT2:2015-04-11,2,1
MPL-0329,S2:MSM41_litter-T32,S2_visual_GT2,2015-04-12,compact,1,S2_visual_GT2:2015-04-12,0,1
MPL-0336,S2:MSM41_litter-T31,S2_visual_GT2,2015-04-12,compact,1,S2_visual_GT2:2015-04-12,0,1
MPL-0342,S2:MSM41_litter-T30,S2_visual_GT2,2015-04-12,compact,1,S2_visual_GT2:2015-04-12,0,1
MPL-0346,S2:MSM41_litter-T34,S2_visual_GT2,2015-04-13,compact,1,S2_visual_GT2:2015-04-13,1,4
MPL-0351,S2:MSM41_litter-T33,S2_visual_GT2,2015-04-13,compact,1,S2_visual_GT2:2015-04-13,1,4
MPL-0354,S2:MSM41_litter-T37,S2_visual_GT2,2015-04-14,compact,1,S2_visual_GT2:2015-04-14,1,4
MPL-0358,S2:MSM41_litter-T35,S2_visual_GT2,2015-04-14,compact,1,S2_visual_GT2:2015-04-14,1,4
MPL-0361,S2:MSM41_litter-T38,S2_visual_GT2,2015-04-15,compact,1,S2_visual_GT2:2015-04-15,4,4
MPL-0364,S2:MSM41_litter-T40,S2_visual_GT2,2015-04-16,compact,1,S2_visual_GT2:2015-04-16,0,4
MPL-0367,S2:MSM41_litter-T39,S2_visual_GT2,2015-04-16,compact,1,S2_visual_GT2:2015-04-16,0,4
MPL-0371,S2:MSM41_litter-T41,S2_visual_GT2,2015-04-17,compact,1,S2_visual_GT2:2015-04-17,3,2
MPL-0375,S2:MSM41_litter-T42,S2_visual_GT2,2015-04-17,compact,1,S2_visual_GT2:2015-04-17,3,2
MPL-0378,S2:MSM41_litter-T43,S2_visual_GT2,2015-04-18,compact,1,S2_visual_GT2:2015-04-18,2,2
MPL-0382,S2:MSM41_litter-T44,S2_visual_GT2,2015-04-18,compact,1,S2_visual_GT2:2015-04-18,2,2
MPL-0385,S2:MSM41_litter-T45,S2_visual_GT2,2015-04-18,compact,1,S2_visual_GT2:2015-04-18,2,2
MPL-0389,S2:MSM41_litter-T46,S2_visual_GT2,2015-04-19,compact,1,S2_visual_GT2:2015-04-19,4,2
MPL-0397,S2:MSM41_litter-T47,S2_visual_GT2,2015-04-19,compact,1,S2_visual_GT2:2015-04-19,4,2
MPL-0401,S2:MSM41_litter-T48,S2_visual_GT2,2015-04-20,compact,1,S2_visual_GT2:2015-04-20,1,3
MPL-0409,S2:MSM41_litter-T49,S2_visual_GT2,2015-04-20,compact,1,S2_visual_GT2:2015-04-20,1,3
MPL-0417,S2:MSM41_litter-T50,S2_visual_GT2,2015-04-20,compact,1,S2_visual_GT2:2015-04-20,1,3
MPL-0421,S2:MSM41_litter-T51,S2_visual_GT2,2015-04-21,compact,1,S2_visual_GT2:2015-04-21,3,3
MPL-0425,S2:MSM41_litter-T52,S2_visual_GT2,2015-04-21,compact,1,S2_visual_GT2:2015-04-21,3,3
MPL-0430,S2:MSM41_litter-T53,S2_visual_GT2,2015-04-22,compact,1,S2_visual_GT2:2015-04-22,3,3
MPL-0443,S2:MSM41_litter-T54,S2_visual_GT2,2015-04-22,compact,1,S2_visual_GT2:2015-04-22,3,3
MPL-0455,S2:MSM41_litter-T55,S2_visual_GT2,2015-04-22,compact,1,S2_visual_GT2:2015-04-22,3,3
MPL-0460,S2:MSM41_litter-T56,S2_visual_GT2,2015-04-22,compact,1,S2_visual_GT2:2015-04-22,3,3
MPL-0472,S2:MSM41_litter-T58,S2_visual_GT2,2015-04-23,compact,1,S2_visual_GT2:2015-04-23,4,3
MPL-0484,S2:MSM41_litter-T57,S2_visual_GT2,2015-04-23,compact,1,S2_visual_GT2:2015-04-23,4,3
MPL-0494,S2:MSM41_litter-T60,S2_visual_GT2,2015-04-24,compact,1,S2_visual_GT2:2015-04-24,4,3
MPL-0499,S2:MSM41_litter-T59,S2_visual_GT2,2015-04-24,compact,1,S2_visual_GT2:2015-04-24,4,3
MPL-0504,S2:MSM41_litter-T62,S2_visual_GT2,2015-04-25,compact,1,S2_visual_GT2:2015-04-25,2,2
MPL-0507,S2:MSM41_litter-T61,S2_visual_GT2,2015-04-25,compact,1,S2_visual_GT2:2015-04-25,2,2
MPL-0513,S2:MSM41_litter-T65,S2_visual_GT2,2015-04-26,compact,1,S2_visual_GT2:2015-04-26,1,2
MPL-0518,S2:MSM41_litter-T64,S2_visual_GT2,2015-04-26,compact,1,S2_visual_GT2:2015-04-26,1,2
MPL-0523,S2:MSM41_litter-T63,S2_visual_GT2,2015-04-26,compact,1,S2_visual_GT2:2015-04-26,1,2
MPL-0197,S2:MSM41_litter-T1,S2_visual_GT2,2015-04-01,compact,2,S2_visual_GT2:2015-04-01,2,1
MPL-0200,S2:MSM41_litter-T5,S2_visual_GT2,2015-04-02,compact,2,S2_visual_GT2:2015-04-02,1,1
MPL-0203,S2:MSM41_litter-T4,S2_visual_GT2,2015-04-02,compact,2,S2_visual_GT2:2015-04-02,1,1
MPL-0209,S2:MSM41_litter-T3,S2_visual_GT2,2015-04-02,compact,2,S2_visual_GT2:2015-04-02,1,1
MPL-0214,S2:MSM41_litter-T2,S2_visual_GT2,2015-04-02,compact,2,S2_visual_GT2:2015-04-02,1,1
MPL-0216,S2:MSM41_litter-T8,S2_visual_GT2,2015-04-03,compact,2,S2_visual_GT2:2015-04-03,2,1
MPL-0220,S2:MSM41_litter-T7,S2_visual_GT2,2015-04-03,compact,2,S2_visual_GT2:2015-04-03,2,1
MPL-0226,S2:MSM41_litter-T6,S2_visual_GT2,2015-04-03,compact,2,S2_visual_GT2:2015-04-03,2,1
MPL-0229,S2:MSM41_litter-T10,S2_visual_GT2,2015-04-04,compact,2,S2_visual_GT2:2015-04-04,3,0
MPL-0233,S2:MSM41_litter-T12,S2_visual_GT2,2015-04-05,compact,2,S2_visual_GT2:2015-04-05,0,0
MPL-0235,S2:MSM41_litter-T11,S2_visual_GT2,2015-04-05,compact,2,S2_visual_GT2:2015-04-05,0,0
MPL-0237,S2:MSM41_litter-T16,S2_visual_GT2,2015-04-06,compact,2,S2_visual_GT2:2015-04-06,2,0
MPL-0241,S2:MSM41_litter-T15,S2_visual_GT2,2015-04-06,compact,2,S2_visual_GT2:2015-04-06,2,0
MPL-0246,S2:MSM41_litter-T14,S2_visual_GT2,2015-04-06,compact,2,S2_visual_GT2:2015-04-06,2,0
MPL-0249,S2:MSM41_litter-T13,S2_visual_GT2,2015-04-06,compact,2,S2_visual_GT2:2015-04-06,2,0
MPL-0254,S2:MSM41_litter-T17,S2_visual_GT2,2015-04-07,compact,2,S2_visual_GT2:2015-04-07,4,0
MPL-0260,S2:MSM41_litter-T18,S2_visual_GT2,2015-04-07,compact,2,S2_visual_GT2:2015-04-07,4,0
MPL-0264,S2:MSM41_litter-T19,S2_visual_GT2,2015-04-08,compact,2,S2_visual_GT2:2015-04-08,2,0
MPL-0267,S2:MSM41_litter-T20,S2_visual_GT2,2015-04-08,compact,2,S2_visual_GT2:2015-04-08,2,0
MPL-0271,S2:MSM41_litter-T21,S2_visual_GT2,2015-04-08,compact,2,S2_visual_GT2:2015-04-08,2,0
MPL-0277,S2:MSM41_litter-T22,S2_visual_GT2,2015-04-09,compact,2,S2_visual_GT2:2015-04-09,0,1
MPL-0283,S2:MSM41_litter-T23,S2_visual_GT2,2015-04-09,compact,2,S2_visual_GT2:2015-04-09,0,1
MPL-0289,S2:MSM41_litter-T24,S2_visual_GT2,2015-04-09,compact,2,S2_visual_GT2:2015-04-09,0,1
MPL-0297,S2:MSM41_litter-T25,S2_visual_GT2,2015-04-10,compact,2,S2_visual_GT2:2015-04-10,3,1
MPL-0302,S2:MSM41_litter-T26,S2_visual_GT2,2015-04-10,compact,2,S2_visual_GT2:2015-04-10,3,1
MPL-0309,S2:MSM41_litter-T27,S2_visual_GT2,2015-04-11,compact,2,S2_visual_GT2:2015-04-11,0,1
MPL-0311,S2:MSM41_litter-T29,S2_visual_GT2,2015-04-11,compact,2,S2_visual_GT2:2015-04-11,0,1
MPL-0320,S2:MSM41_litter-T28,S2_visual_GT2,2015-04-11,compact,2,S2_visual_GT2:2015-04-11,0,1
MPL-0329,S2:MSM41_litter-T32,S2_visual_GT2,2015-04-12,compact,2,S2_visual_GT2:2015-04-12,0,1
MPL-0336,S2:MSM41_litter-T31,S2_visual_GT2,2015-04-12,compact,2,S2_visual_GT2:2015-04-12,0,1
MPL-0342,S2:MSM41_litter-T30,S2_visual_GT2,2015-04-12,compact,2,S2_visual_GT2:2015-04-12,0,1
MPL-0346,S2:MSM41_litter-T34,S2_visual_GT2,2015-04-13,compact,2,S2_visual_GT2:2015-04-13,0,4
MPL-0351,S2:MSM41_litter-T33,S2_visual_GT2,2015-04-13,compact,2,S2_visual_GT2:2015-04-13,0,4
MPL-0354,S2:MSM41_litter-T37,S2_visual_GT2,2015-04-14,compact,2,S2_visual_GT2:2015-04-14,3,4
MPL-0358,S2:MSM41_litter-T35,S2_visual_GT2,2015-04-14,compact,2,S2_visual_GT2:2015-04-14,3,4
MPL-0361,S2:MSM41_litter-T38,S2_visual_GT2,2015-04-15,compact,2,S2_visual_GT2:2015-04-15,1,4
MPL-0364,S2:MSM41_litter-T40,S2_visual_GT2,2015-04-16,compact,2,S2_visual_GT2:2015-04-16,4,4
MPL-0367,S2:MSM41_litter-T39,S2_visual_GT2,2015-04-16,compact,2,S2_visual_GT2:2015-04-16,4,4
MPL-0371,S2:MSM41_litter-T41,S2_visual_GT2,2015-04-17,compact,2,S2_visual_GT2:2015-04-17,2,2
MPL-0375,S2:MSM41_litter-T42,S2_visual_GT2,2015-04-17,compact,2,S2_visual_GT2:2015-04-17,2,2
MPL-0378,S2:MSM41_litter-T43,S2_visual_GT2,2015-04-18,compact,2,S2_visual_GT2:2015-04-18,4,2
MPL-0382,S2:MSM41_litter-T44,S2_visual_GT2,2015-04-18,compact,2,S2_visual_GT2:2015-04-18,4,2
MPL-0385,S2:MSM41_litter-T45,S2_visual_GT2,2015-04-18,compact,2,S2_visual_GT2:2015-04-18,4,2
MPL-0389,S2:MSM41_litter-T46,S2_visual_GT2,2015-04-19,compact,2,S2_visual_GT2:2015-04-19,1,2
MPL-0397,S2:MSM41_litter-T47,S2_visual_GT2,2015-04-19,compact,2,S2_visual_GT2:2015-04-19,1,2
MPL-0401,S2:MSM41_litter-T48,S2_visual_GT2,2015-04-20,compact,2,S2_visual_GT2:2015-04-20,3,3
MPL-0409,S2:MSM41_litter-T49,S2_visual_GT2,2015-04-20,compact,2,S2_visual_GT2:2015-04-20,3,3
MPL-0417,S2:MSM41_litter-T50,S2_visual_GT2,2015-04-20,compact,2,S2_visual_GT2:2015-04-20,3,3
MPL-0421,S2:MSM41_litter-T51,S2_visual_GT2,2015-04-21,compact,2,S2_visual_GT2:2015-04-21,1,3
MPL-0425,S2:MSM41_litter-T52,S2_visual_GT2,2015-04-21,compact,2,S2_visual_GT2:2015-04-21,1,3
MPL-0430,S2:MSM41_litter-T53,S2_visual_GT2,2015-04-22,compact,2,S2_visual_GT2:2015-04-22,4,3
MPL-0443,S2:MSM41_litter-T54,S2_visual_GT2,2015-04-22,compact,2,S2_visual_GT2:2015-04-22,4,3
MPL-0455,S2:MSM41_litter-T55,S2_visual_GT2,2015-04-22,compact,2,S2_visual_GT2:2015-04-22,4,3
MPL-0460,S2:MSM41_litter-T56,S2_visual_GT2,2015-04-22,compact,2,S2_visual_GT2:2015-04-22,4,3
MPL-0472,S2:MSM41_litter-T58,S2_visual_GT2,2015-04-23,compact,2,S2_visual_GT2:2015-04-23,4,3
MPL-0484,S2:MSM41_litter-T57,S2_visual_GT2,2015-04-23,compact,2,S2_visual_GT2:2015-04-23,4,3
MPL-0494,S2:MSM41_litter-T60,S2_visual_GT2,2015-04-24,compact,2,S2_visual_GT2:2015-04-24,1,3
MPL-0499,S2:MSM41_litter-T59,S2_visual_GT2,2015-04-24,compact,2,S2_visual_GT2:2015-04-24,1,3
MPL-0504,S2:MSM41_litter-T62,S2_visual_GT2,2015-04-25,compact,2,S2_visual_GT2:2015-04-25,3,2
MPL-0507,S2:MSM41_litter-T61,S2_visual_GT2,2015-04-25,compact,2,S2_visual_GT2:2015-04-25,3,2
MPL-0513,S2:MSM41_litter-T65,S2_visual_GT2,2015-04-26,compact,2,S2_visual_GT2:2015-04-26,0,2
MPL-0518,S2:MSM41_litter-T64,S2_visual_GT2,2015-04-26,compact,2,S2_visual_GT2:2015-04-26,0,2
MPL-0523,S2:MSM41_litter-T63,S2_visual_GT2,2015-04-26,compact,2,S2_visual_GT2:2015-04-26,0,2
MPL-0197,S2:MSM41_litter-T1,S2_visual_GT2,2015-04-01,compact,3,S2_visual_GT2:2015-04-01,3,1
MPL-0200,S2:MSM41_litter-T5,S2_visual_GT2,2015-04-02,compact,3,S2_visual_GT2:2015-04-02,4,1
MPL-0203,S2:MSM41_litter-T4,S2_visual_GT2,2015-04-02,compact,3,S2_visual_GT2:2015-04-02,4,1
MPL-0209,S2:MSM41_litter-T3,S2_visual_GT2,2015-04-02,compact,3,S2_visual_GT2:2015-04-02,4,1
MPL-0214,S2:MSM41_litter-T2,S2_visual_GT2,2015-04-02,compact,3,S2_visual_GT2:2015-04-02,4,1
MPL-0216,S2:MSM41_litter-T8,S2_visual_GT2,2015-04-03,compact,3,S2_visual_GT2:2015-04-03,4,1
MPL-0220,S2:MSM41_litter-T7,S2_visual_GT2,2015-04-03,compact,3,S2_visual_GT2:2015-04-03,4,1
MPL-0226,S2:MSM41_litter-T6,S2_visual_GT2,2015-04-03,compact,3,S2_visual_GT2:2015-04-03,4,1
MPL-0229,S2:MSM41_litter-T10,S2_visual_GT2,2015-04-04,compact,3,S2_visual_GT2:2015-04-04,0,0
MPL-0233,S2:MSM41_litter-T12,S2_visual_GT2,2015-04-05,compact,3,S2_visual_GT2:2015-04-05,4,0
MPL-0235,S2:MSM41_litter-T11,S2_visual_GT2,2015-04-05,compact,3,S2_visual_GT2:2015-04-05,4,0
MPL-0237,S2:MSM41_litter-T16,S2_visual_GT2,2015-04-06,compact,3,S2_visual_GT2:2015-04-06,0,0
MPL-0241,S2:MSM41_litter-T15,S2_visual_GT2,2015-04-06,compact,3,S2_visual_GT2:2015-04-06,0,0
MPL-0246,S2:MSM41_litter-T14,S2_visual_GT2,2015-04-06,compact,3,S2_visual_GT2:2015-04-06,0,0
MPL-0249,S2:MSM41_litter-T13,S2_visual_GT2,2015-04-06,compact,3,S2_visual_GT2:2015-04-06,0,0
MPL-0254,S2:MSM41_litter-T17,S2_visual_GT2,2015-04-07,compact,3,S2_visual_GT2:2015-04-07,0,0
MPL-0260,S2:MSM41_litter-T18,S2_visual_GT2,2015-04-07,compact,3,S2_visual_GT2:2015-04-07,0,0
MPL-0264,S2:MSM41_litter-T19,S2_visual_GT2,2015-04-08,compact,3,S2_visual_GT2:2015-04-08,2,0
MPL-0267,S2:MSM41_litter-T20,S2_visual_GT2,2015-04-08,compact,3,S2_visual_GT2:2015-04-08,2,0
MPL-0271,S2:MSM41_litter-T21,S2_visual_GT2,2015-04-08,compact,3,S2_visual_GT2:2015-04-08,2,0
MPL-0277,S2:MSM41_litter-T22,S2_visual_GT2,2015-04-09,compact,3,S2_visual_GT2:2015-04-09,3,1
MPL-0283,S2:MSM41_litter-T23,S2_visual_GT2,2015-04-09,compact,3,S2_visual_GT2:2015-04-09,3,1
MPL-0289,S2:MSM41_litter-T24,S2_visual_GT2,2015-04-09,compact,3,S2_visual_GT2:2015-04-09,3,1
MPL-0297,S2:MSM41_litter-T25,S2_visual_GT2,2015-04-10,compact,3,S2_visual_GT2:2015-04-10,2,1
MPL-0302,S2:MSM41_litter-T26,S2_visual_GT2,2015-04-10,compact,3,S2_visual_GT2:2015-04-10,2,1
MPL-0309,S2:MSM41_litter-T27,S2_visual_GT2,2015-04-11,compact,3,S2_visual_GT2:2015-04-11,1,1
MPL-0311,S2:MSM41_litter-T29,S2_visual_GT2,2015-04-11,compact,3,S2_visual_GT2:2015-04-11,1,1
MPL-0320,S2:MSM41_litter-T28,S2_visual_GT2,2015-04-11,compact,3,S2_visual_GT2:2015-04-11,1,1
MPL-0329,S2:MSM41_litter-T32,S2_visual_GT2,2015-04-12,compact,3,S2_visual_GT2:2015-04-12,3,1
MPL-0336,S2:MSM41_litter-T31,S2_visual_GT2,2015-04-12,compact,3,S2_visual_GT2:2015-04-12,3,1
MPL-0342,S2:MSM41_litter-T30,S2_visual_GT2,2015-04-12,compact,3,S2_visual_GT2:2015-04-12,3,1
MPL-0346,S2:MSM41_litter-T34,S2_visual_GT2,2015-04-13,compact,3,S2_visual_GT2:2015-04-13,4,4
MPL-0351,S2:MSM41_litter-T33,S2_visual_GT2,2015-04-13,compact,3,S2_visual_GT2:2015-04-13,4,4
MPL-0354,S2:MSM41_litter-T37,S2_visual_GT2,2015-04-14,compact,3,S2_visual_GT2:2015-04-14,1,4
MPL-0358,S2:MSM41_litter-T35,S2_visual_GT2,2015-04-14,compact,3,S2_visual_GT2:2015-04-14,1,4
MPL-0361,S2:MSM41_litter-T38,S2_visual_GT2,2015-04-15,compact,3,S2_visual_GT2:2015-04-15,3,4
MPL-0364,S2:MSM41_litter-T40,S2_visual_GT2,2015-04-16,compact,3,S2_visual_GT2:2015-04-16,1,4
MPL-0367,S2:MSM41_litter-T39,S2_visual_GT2,2015-04-16,compact,3,S2_visual_GT2:2015-04-16,1,4
MPL-0371,S2:MSM41_litter-T41,S2_visual_GT2,2015-04-17,compact,3,S2_visual_GT2:2015-04-17,2,2
MPL-0375,S2:MSM41_litter-T42,S2_visual_GT2,2015-04-17,compact,3,S2_visual_GT2:2015-04-17,2,2
MPL-0378,S2:MSM41_litter-T43,S2_visual_GT2,2015-04-18,compact,3,S2_visual_GT2:2015-04-18,0,2
MPL-0382,S2:MSM41_litter-T44,S2_visual_GT2,2015-04-18,compact,3,S2_visual_GT2:2015-04-18,0,2
MPL-0385,S2:MSM41_litter-T45,S2_visual_GT2,2015-04-18,compact,3,S2_visual_GT2:2015-04-18,0,2
MPL-0389,S2:MSM41_litter-T46,S2_visual_GT2,2015-04-19,compact,3,S2_visual_GT2:2015-04-19,3,2
MPL-0397,S2:MSM41_litter-T47,S2_visual_GT2,2015-04-19,compact,3,S2_visual_GT2:2015-04-19,3,2
MPL-0401,S2:MSM41_litter-T48,S2_visual_GT2,2015-04-20,compact,3,S2_visual_GT2:2015-04-20,0,3
MPL-0409,S2:MSM41_litter-T49,S2_visual_GT2,2015-04-20,compact,3,S2_visual_GT2:2015-04-20,0,3
MPL-0417,S2:MSM41_litter-T50,S2_visual_GT2,2015-04-20,compact,3,S2_visual_GT2:2015-04-20,0,3
MPL-0421,S2:MSM41_litter-T51,S2_visual_GT2,2015-04-21,compact,3,S2_visual_GT2:2015-04-21,0,3
MPL-0425,S2:MSM41_litter-T52,S2_visual_GT2,2015-04-21,compact,3,S2_visual_GT2:2015-04-21,0,3
MPL-0430,S2:MSM41_litter-T53,S2_visual_GT2,2015-04-22,compact,3,S2_visual_GT2:2015-04-22,4,3
MPL-0443,S2:MSM41_litter-T54,S2_visual_GT2,2015-04-22,compact,3,S2_visual_GT2:2015-04-22,4,3
MPL-0455,S2:MSM41_litter-T55,S2_visual_GT2,2015-04-22,compact,3,S2_visual_GT2:2015-04-22,4,3
MPL-0460,S2:MSM41_litter-T56,S2_visual_GT2,2015-04-22,compact,3,S2_visual_GT2:2015-04-22,4,3
MPL-0472,S2:MSM41_litter-T58,S2_visual_GT2,2015-04-23,compact,3,S2_visual_GT2:2015-04-23,1,3
MPL-0484,S2:MSM41_litter-T57,S2_visual_GT2,2015-04-23,compact,3,S2_visual_GT2:2015-04-23,1,3
MPL-0494,S2:MSM41_litter-T60,S2_visual_GT2,2015-04-24,compact,3,S2_visual_GT2:2015-04-24,1,3
MPL-0499,S2:MSM41_litter-T59,S2_visual_GT2,2015-04-24,compact,3,S2_visual_GT2:2015-04-24,1,3
MPL-0504,S2:MSM41_litter-T62,S2_visual_GT2,2015-04-25,compact,3,S2_visual_GT2:2015-04-25,2,2
MPL-0507,S2:MSM41_litter-T61,S2_visual_GT2,2015-04-25,compact,3,S2_visual_GT2:2015-04-25,2,2
MPL-0513,S2:MSM41_litter-T65,S2_visual_GT2,2015-04-26,compact,3,S2_visual_GT2:2015-04-26,2,2
MPL-0518,S2:MSM41_litter-T64,S2_visual_GT2,2015-04-26,compact,3,S2_visual_GT2:2015-04-26,2,2
MPL-0523,S2:MSM41_litter-T63,S2_visual_GT2,2015-04-26,compact,3,S2_visual_GT2:2015-04-26,2,2
MPL-0197,S2:MSM41_litter-T1,S2_visual_GT2,2015-04-01,compact,4,S2_visual_GT2:2015-04-01,3,1
MPL-0200,S2:MSM41_litter-T5,S2_visual_GT2,2015-04-02,compact,4,S2_visual_GT2:2015-04-02,3,1
MPL-0203,S2:MSM41_litter-T4,S2_visual_GT2,2015-04-02,compact,4,S2_visual_GT2:2015-04-02,3,1
MPL-0209,S2:MSM41_litter-T3,S2_visual_GT2,2015-04-02,compact,4,S2_visual_GT2:2015-04-02,3,1
MPL-0214,S2:MSM41_litter-T2,S2_visual_GT2,2015-04-02,compact,4,S2_visual_GT2:2015-04-02,3,1
MPL-0216,S2:MSM41_litter-T8,S2_visual_GT2,2015-04-03,compact,4,S2_visual_GT2:2015-04-03,0,1
MPL-0220,S2:MSM41_litter-T7,S2_visual_GT2,2015-04-03,compact,4,S2_visual_GT2:2015-04-03,0,1
MPL-0226,S2:MSM41_litter-T6,S2_visual_GT2,2015-04-03,compact,4,S2_visual_GT2:2015-04-03,0,1
MPL-0229,S2:MSM41_litter-T10,S2_visual_GT2,2015-04-04,compact,4,S2_visual_GT2:2015-04-04,1,0
MPL-0233,S2:MSM41_litter-T12,S2_visual_GT2,2015-04-05,compact,4,S2_visual_GT2:2015-04-05,3,0
MPL-0235,S2:MSM41_litter-T11,S2_visual_GT2,2015-04-05,compact,4,S2_visual_GT2:2015-04-05,3,0
MPL-0237,S2:MSM41_litter-T16,S2_visual_GT2,2015-04-06,compact,4,S2_visual_GT2:2015-04-06,4,0
MPL-0241,S2:MSM41_litter-T15,S2_visual_GT2,2015-04-06,compact,4,S2_visual_GT2:2015-04-06,4,0
MPL-0246,S2:MSM41_litter-T14,S2_visual_GT2,2015-04-06,compact,4,S2_visual_GT2:2015-04-06,4,0
MPL-0249,S2:MSM41_litter-T13,S2_visual_GT2,2015-04-06,compact,4,S2_visual_GT2:2015-04-06,4,0
MPL-0254,S2:MSM41_litter-T17,S2_visual_GT2,2015-04-07,compact,4,S2_visual_GT2:2015-04-07,1,0
MPL-0260,S2:MSM41_litter-T18,S2_visual_GT2,2015-04-07,compact,4,S2_visual_GT2:2015-04-07,1,0
MPL-0264,S2:MSM41_litter-T19,S2_visual_GT2,2015-04-08,compact,4,S2_visual_GT2:2015-04-08,2,0
MPL-0267,S2:MSM41_litter-T20,S2_visual_GT2,2015-04-08,compact,4,S2_visual_GT2:2015-04-08,2,0
MPL-0271,S2:MSM41_litter-T21,S2_visual_GT2,2015-04-08,compact,4,S2_visual_GT2:2015-04-08,2,0
MPL-0277,S2:MSM41_litter-T22,S2_visual_GT2,2015-04-09,compact,4,S2_visual_GT2:2015-04-09,4,1
MPL-0283,S2:MSM41_litter-T23,S2_visual_GT2,2015-04-09,compact,4,S2_visual_GT2:2015-04-09,4,1
MPL-0289,S2:MSM41_litter-T24,S2_visual_GT2,2015-04-09,compact,4,S2_visual_GT2:2015-04-09,4,1
MPL-0297,S2:MSM41_litter-T25,S2_visual_GT2,2015-04-10,compact,4,S2_visual_GT2:2015-04-10,2,1
MPL-0302,S2:MSM41_litter-T26,S2_visual_GT2,2015-04-10,compact,4,S2_visual_GT2:2015-04-10,2,1
MPL-0309,S2:MSM41_litter-T27,S2_visual_GT2,2015-04-11,compact,4,S2_visual_GT2:2015-04-11,0,1
MPL-0311,S2:MSM41_litter-T29,S2_visual_GT2,2015-04-11,compact,4,S2_visual_GT2:2015-04-11,0,1
MPL-0320,S2:MSM41_litter-T28,S2_visual_GT2,2015-04-11,compact,4,S2_visual_GT2:2015-04-11,0,1
MPL-0329,S2:MSM41_litter-T32,S2_visual_GT2,2015-04-12,compact,4,S2_visual_GT2:2015-04-12,3,1
MPL-0336,S2:MSM41_litter-T31,S2_visual_GT2,2015-04-12,compact,4,S2_visual_GT2:2015-04-12,3,1
MPL-0342,S2:MSM41_litter-T30,S2_visual_GT2,2015-04-12,compact,4,S2_visual_GT2:2015-04-12,3,1
MPL-0346,S2:MSM41_litter-T34,S2_visual_GT2,2015-04-13,compact,4,S2_visual_GT2:2015-04-13,2,4
MPL-0351,S2:MSM41_litter-T33,S2_visual_GT2,2015-04-13,compact,4,S2_visual_GT2:2015-04-13,2,4
MPL-0354,S2:MSM41_litter-T37,S2_visual_GT2,2015-04-14,compact,4,S2_visual_GT2:2015-04-14,4,4
MPL-0358,S2:MSM41_litter-T35,S2_visual_GT2,2015-04-14,compact,4,S2_visual_GT2:2015-04-14,4,4
MPL-0361,S2:MSM41_litter-T38,S2_visual_GT2,2015-04-15,compact,4,S2_visual_GT2:2015-04-15,0,4
MPL-0364,S2:MSM41_litter-T40,S2_visual_GT2,2015-04-16,compact,4,S2_visual_GT2:2015-04-16,0,4
MPL-0367,S2:MSM41_litter-T39,S2_visual_GT2,2015-04-16,compact,4,S2_visual_GT2:2015-04-16,0,4
MPL-0371,S2:MSM41_litter-T41,S2_visual_GT2,2015-04-17,compact,4,S2_visual_GT2:2015-04-17,4,2
MPL-0375,S2:MSM41_litter-T42,S2_visual_GT2,2015-04-17,compact,4,S2_visual_GT2:2015-04-17,4,2
MPL-0378,S2:MSM41_litter-T43,S2_visual_GT2,2015-04-18,compact,4,S2_visual_GT2:2015-04-18,0,2
MPL-0382,S2:MSM41_litter-T44,S2_visual_GT2,2015-04-18,compact,4,S2_visual_GT2:2015-04-18,0,2
MPL-0385,S2:MSM41_litter-T45,S2_visual_GT2,2015-04-18,compact,4,S2_visual_GT2:2015-04-18,0,2
MPL-0389,S2:MSM41_litter-T46,S2_visual_GT2,2015-04-19,compact,4,S2_visual_GT2:2015-04-19,1,2
MPL-0397,S2:MSM41_litter-T47,S2_visual_GT2,2015-04-19,compact,4,S2_visual_GT2:2015-04-19,1,2
MPL-0401,S2:MSM41_litter-T48,S2_visual_GT2,2015-04-20,compact,4,S2_visual_GT2:2015-04-20,4,3
MPL-0409,S2:MSM41_litter-T49,S2_visual_GT2,2015-04-20,compact,4,S2_visual_GT2:2015-04-20,4,3
MPL-0417,S2:MSM41_litter-T50,S2_visual_GT2,2015-04-20,compact,4,S2_visual_GT2:2015-04-20,4,3
MPL-0421,S2:MSM41_litter-T51,S2_visual_GT2,2015-04-21,compact,4,S2_visual_GT2:2015-04-21,3,3
MPL-0425,S2:MSM41_litter-T52,S2_visual_GT2,2015-04-21,compact,4,S2_visual_GT2:2015-04-21,3,3
MPL-0430,S2:MSM41_litter-T53,S2_visual_GT2,2015-04-22,compact,4,S2_visual_GT2:2015-04-22,1,3
MPL-0443,S2:MSM41_litter-T54,S2_visual_GT2,2015-04-22,compact,4,S2_visual_GT2:2015-04-22,1,3
MPL-0455,S2:MSM41_litter-T55,S2_visual_GT2,2015-04-22,compact,4,S2_visual_GT2:2015-04-22,1,3
MPL-0460,S2:MSM41_litter-T56,S2_visual_GT2,2015-04-22,compact,4,S2_visual_GT2:2015-04-22,1,3
MPL-0472,S2:MSM41_litter-T58,S2_visual_GT2,2015-04-23,compact,4,S2_visual_GT2:2015-04-23,2,3
MPL-0484,S2:MSM41_litter-T57,S2_visual_GT2,2015-04-23,compact,4,S2_visual_GT2:2015-04-23,2,3
MPL-0494,S2:MSM41_litter-T60,S2_visual_GT2,2015-04-24,compact,4,S2_visual_GT2:2015-04-24,1,3
MPL-0499,S2:MSM41_litter-T59,S2_visual_GT2,2015-04-24,compact,4,S2_visual_GT2:2015-04-24,1,3
MPL-0504,S2:MSM41_litter-T62,S2_visual_GT2,2015-04-25,compact,4,S2_visual_GT2:2015-04-25,0,2
MPL-0507,S2:MSM41_litter-T61,S2_visual_GT2,2015-04-25,compact,4,S2_visual_GT2:2015-04-25,0,2
MPL-0513,S2:MSM41_litter-T65,S2_visual_GT2,2015-04-26,compact,4,S2_visual_GT2:2015-04-26,2,2
MPL-0518,S2:MSM41_litter-T64,S2_visual_GT2,2015-04-26,compact,4,S2_visual_GT2:2015-04-26,2,2
MPL-0523,S2:MSM41_litter-T63,S2_visual_GT2,2015-04-26,compact,4,S2_visual_GT2:2015-04-26,2,2
MPL-0197,S2:MSM41_litter-T1,S2_visual_GT2,2015-04-01,compact,5,S2_visual_GT2:2015-04-01,0,1
MPL-0200,S2:MSM41_litter-T5,S2_visual_GT2,2015-04-02,compact,5,S2_visual_GT2:2015-04-02,4,1
MPL-0203,S2:MSM41_litter-T4,S2_visual_GT2,2015-04-02,compact,5,S2_visual_GT2:2015-04-02,4,1
MPL-0209,S2:MSM41_litter-T3,S2_visual_GT2,2015-04-02,compact,5,S2_visual_GT2:2015-04-02,4,1
MPL-0214,S2:MSM41_litter-T2,S2_visual_GT2,2015-04-02,compact,5,S2_visual_GT2:2015-04-02,4,1
MPL-0216,S2:MSM41_litter-T8,S2_visual_GT2,2015-04-03,compact,5,S2_visual_GT2:2015-04-03,4,1
MPL-0220,S2:MSM41_litter-T7,S2_visual_GT2,2015-04-03,compact,5,S2_visual_GT2:2015-04-03,4,1
MPL-0226,S2:MSM41_litter-T6,S2_visual_GT2,2015-04-03,compact,5,S2_visual_GT2:2015-04-03,4,1
MPL-0229,S2:MSM41_litter-T10,S2_visual_GT2,2015-04-04,compact,5,S2_visual_GT2:2015-04-04,0,0
MPL-0233,S2:MSM41_litter-T12,S2_visual_GT2,2015-04-05,compact,5,S2_visual_GT2:2015-04-05,1,0
MPL-0235,S2:MSM41_litter-T11,S2_visual_GT2,2015-04-05,compact,5,S2_visual_GT2:2015-04-05,1,0
MPL-0237,S2:MSM41_litter-T16,S2_visual_GT2,2015-04-06,compact,5,S2_visual_GT2:2015-04-06,0,0
MPL-0241,S2:MSM41_litter-T15,S2_visual_GT2,2015-04-06,compact,5,S2_visual_GT2:2015-04-06,0,0
MPL-0246,S2:MSM41_litter-T14,S2_visual_GT2,2015-04-06,compact,5,S2_visual_GT2:2015-04-06,0,0
MPL-0249,S2:MSM41_litter-T13,S2_visual_GT2,2015-04-06,compact,5,S2_visual_GT2:2015-04-06,0,0
MPL-0254,S2:MSM41_litter-T17,S2_visual_GT2,2015-04-07,compact,5,S2_visual_GT2:2015-04-07,1,0
MPL-0260,S2:MSM41_litter-T18,S2_visual_GT2,2015-04-07,compact,5,S2_visual_GT2:2015-04-07,1,0
MPL-0264,S2:MSM41_litter-T19,S2_visual_GT2,2015-04-08,compact,5,S2_visual_GT2:2015-04-08,3,0
MPL-0267,S2:MSM41_litter-T20,S2_visual_GT2,2015-04-08,compact,5,S2_visual_GT2:2015-04-08,3,0
MPL-0271,S2:MSM41_litter-T21,S2_visual_GT2,2015-04-08,compact,5,S2_visual_GT2:2015-04-08,3,0
MPL-0277,S2:MSM41_litter-T22,S2_visual_GT2,2015-04-09,compact,5,S2_visual_GT2:2015-04-09,1,1
MPL-0283,S2:MSM41_litter-T23,S2_visual_GT2,2015-04-09,compact,5,S2_visual_GT2:2015-04-09,1,1
MPL-0289,S2:MSM41_litter-T24,S2_visual_GT2,2015-04-09,compact,5,S2_visual_GT2:2015-04-09,1,1
MPL-0297,S2:MSM41_litter-T25,S2_visual_GT2,2015-04-10,compact,5,S2_visual_GT2:2015-04-10,3,1
MPL-0302,S2:MSM41_litter-T26,S2_visual_GT2,2015-04-10,compact,5,S2_visual_GT2:2015-04-10,3,1
MPL-0309,S2:MSM41_litter-T27,S2_visual_GT2,2015-04-11,compact,5,S2_visual_GT2:2015-04-11,2,1
MPL-0311,S2:MSM41_litter-T29,S2_visual_GT2,2015-04-11,compact,5,S2_visual_GT2:2015-04-11,2,1
MPL-0320,S2:MSM41_litter-T28,S2_visual_GT2,2015-04-11,compact,5,S2_visual_GT2:2015-04-11,2,1
MPL-0329,S2:MSM41_litter-T32,S2_visual_GT2,2015-04-12,compact,5,S2_visual_GT2:2015-04-12,3,1
MPL-0336,S2:MSM41_litter-T31,S2_visual_GT2,2015-04-12,compact,5,S2_visual_GT2:2015-04-12,3,1
MPL-0342,S2:MSM41_litter-T30,S2_visual_GT2,2015-04-12,compact,5,S2_visual_GT2:2015-04-12,3,1
MPL-0346,S2:MSM41_litter-T34,S2_visual_GT2,2015-04-13,compact,5,S2_visual_GT2:2015-04-13,2,4
MPL-0351,S2:MSM41_litter-T33,S2_visual_GT2,2015-04-13,compact,5,S2_visual_GT2:2015-04-13,2,4
MPL-0354,S2:MSM41_litter-T37,S2_visual_GT2,2015-04-14,compact,5,S2_visual_GT2:2015-04-14,2,4
MPL-0358,S2:MSM41_litter-T35,S2_visual_GT2,2015-04-14,compact,5,S2_visual_GT2:2015-04-14,2,4
MPL-0361,S2:MSM41_litter-T38,S2_visual_GT2,2015-04-15,compact,5,S2_visual_GT2:2015-04-15,4,4
MPL-0364,S2:MSM41_litter-T40,S2_visual_GT2,2015-04-16,compact,5,S2_visual_GT2:2015-04-16,2,4
MPL-0367,S2:MSM41_litter-T39,S2_visual_GT2,2015-04-16,compact,5,S2_visual_GT2:2015-04-16,2,4
MPL-0371,S2:MSM41_litter-T41,S2_visual_GT2,2015-04-17,compact,5,S2_visual_GT2:2015-04-17,2,2
MPL-0375,S2:MSM41_litter-T42,S2_visual_GT2,2015-04-17,compact,5,S2_visual_GT2:2015-04-17,2,2
MPL-0378,S2:MSM41_litter-T43,S2_visual_GT2,2015-04-18,compact,5,S2_visual_GT2:2015-04-18,3,2
MPL-0382,S2:MSM41_litter-T44,S2_visual_GT2,2015-04-18,compact,5,S2_visual_GT2:2015-04-18,3,2
MPL-0385,S2:MSM41_litter-T45,S2_visual_GT2,2015-04-18,compact,5,S2_visual_GT2:2015-04-18,3,2
MPL-0389,S2:MSM41_litter-T46,S2_visual_GT2,2015-04-19,compact,5,S2_visual_GT2:2015-04-19,1,2
MPL-0397,S2:MSM41_litter-T47,S2_visual_GT2,2015-04-19,compact,5,S2_visual_GT2:2015-04-19,1,2
MPL-0401,S2:MSM41_litter-T48,S2_visual_GT2,2015-04-20,compact,5,S2_visual_GT2:2015-04-20,0,3
MPL-0409,S2:MSM41_litter-T49,S2_visual_GT2,2015-04-20,compact,5,S2_visual_GT2:2015-04-20,0,3
MPL-0417,S2:MSM41_litter-T50,S2_visual_GT2,2015-04-20,compact,5,S2_visual_GT2:2015-04-20,0,3
MPL-0421,S2:MSM41_litter-T51,S2_visual_GT2,2015-04-21,compact,5,S2_visual_GT2:2015-04-21,0,3
MPL-0425,S2:MSM41_litter-T52,S2_visual_GT2,2015-04-21,compact,5,S2_visual_GT2:2015-04-21,0,3
MPL-0430,S2:MSM41_litter-T53,S2_visual_GT2,2015-04-22,compact,5,S2_visual_GT2:2015-04-22,1,3
MPL-0443,S2:MSM41_litter-T54,S2_visual_GT2,2015-04-22,compact,5,S2_visual_GT2:2015-04-22,1,3
MPL-0455,S2:MSM41_litter-T55,S2_visual_GT2,2015-04-22,compact,5,S2_visual_GT2:2015-04-22,1,3
MPL-0460,S2:MSM41_litter-T56,S2_visual_GT2,2015-04-22,compact,5,S2_visual_GT2:2015-04-22,1,3
MPL-0472,S2:MSM41_litter-T58,S2_visual_GT2,2015-04-23,compact,5,S2_visual_GT2:2015-04-23,3,3
MPL-0484,S2:MSM41_litter-T57,S2_visual_GT2,2015-04-23,compact,5,S2_visual_GT2:2015-04-23,3,3
MPL-0494,S2:MSM41_litter-T60,S2_visual_GT2,2015-04-24,compact,5,S2_visual_GT2:2015-04-24,0,3
MPL-0499,S2:MSM41_litter-T59,S2_visual_GT2,2015-04-24,compact,5,S2_visual_GT2:2015-04-24,0,3
MPL-0504,S2:MSM41_litter-T62,S2_visual_GT2,2015-04-25,compact,5,S2_visual_GT2:2015-04-25,4,2
MPL-0507,S2:MSM41_litter-T61,S2_visual_GT2,2015-04-25,compact,5,S2_visual_GT2:2015-04-25,4,2
MPL-0513,S2:MSM41_litter-T65,S2_visual_GT2,2015-04-26,compact,5,S2_visual_GT2:2015-04-26,4,2
MPL-0518,S2:MSM41_litter-T64,S2_visual_GT2,2015-04-26,compact,5,S2_visual_GT2:2015-04-26,4,2
MPL-0523,S2:MSM41_litter-T63,S2_visual_GT2,2015-04-26,compact,5,S2_visual_GT2:2015-04-26,4,2
MPL-0197,S2:MSM41_litter-T1,S2_visual_GT2,2015-04-01,compact,6,S2_visual_GT2:2015-04-01,2,1
MPL-0200,S2:MSM41_litter-T5,S2_visual_GT2,2015-04-02,compact,6,S2_visual_GT2:2015-04-02,0,1
MPL-0203,S2:MSM41_litter-T4,S2_visual_GT2,2015-04-02,compact,6,S2_visual_GT2:2015-04-02,0,1
MPL-0209,S2:MSM41_litter-T3,S2_visual_GT2,2015-04-02,compact,6,S2_visual_GT2:2015-04-02,0,1
MPL-0214,S2:MSM41_litter-T2,S2_visual_GT2,2015-04-02,compact,6,S2_visual_GT2:2015-04-02,0,1
MPL-0216,S2:MSM41_litter-T8,S2_visual_GT2,2015-04-03,compact,6,S2_visual_GT2:2015-04-03,3,1
MPL-0220,S2:MSM41_litter-T7,S2_visual_GT2,2015-04-03,compact,6,S2_visual_GT2:2015-04-03,3,1
MPL-0226,S2:MSM41_litter-T6,S2_visual_GT2,2015-04-03,compact,6,S2_visual_GT2:2015-04-03,3,1
MPL-0229,S2:MSM41_litter-T10,S2_visual_GT2,2015-04-04,compact,6,S2_visual_GT2:2015-04-04,1,0
MPL-0233,S2:MSM41_litter-T12,S2_visual_GT2,2015-04-05,compact,6,S2_visual_GT2:2015-04-05,3,0
MPL-0235,S2:MSM41_litter-T11,S2_visual_GT2,2015-04-05,compact,6,S2_visual_GT2:2015-04-05,3,0
MPL-0237,S2:MSM41_litter-T16,S2_visual_GT2,2015-04-06,compact,6,S2_visual_GT2:2015-04-06,4,0
MPL-0241,S2:MSM41_litter-T15,S2_visual_GT2,2015-04-06,compact,6,S2_visual_GT2:2015-04-06,4,0
MPL-0246,S2:MSM41_litter-T14,S2_visual_GT2,2015-04-06,compact,6,S2_visual_GT2:2015-04-06,4,0
MPL-0249,S2:MSM41_litter-T13,S2_visual_GT2,2015-04-06,compact,6,S2_visual_GT2:2015-04-06,4,0
MPL-0254,S2:MSM41_litter-T17,S2_visual_GT2,2015-04-07,compact,6,S2_visual_GT2:2015-04-07,4,0
MPL-0260,S2:MSM41_litter-T18,S2_visual_GT2,2015-04-07,compact,6,S2_visual_GT2:2015-04-07,4,0
MPL-0264,S2:MSM41_litter-T19,S2_visual_GT2,2015-04-08,compact,6,S2_visual_GT2:2015-04-08,0,0
MPL-0267,S2:MSM41_litter-T20,S2_visual_GT2,2015-04-08,compact,6,S2_visual_GT2:2015-04-08,0,0
MPL-0271,S2:MSM41_litter-T21,S2_visual_GT2,2015-04-08,compact,6,S2_visual_GT2:2015-04-08,0,0
MPL-0277,S2:MSM41_litter-T22,S2_visual_GT2,2015-04-09,compact,6,S2_visual_GT2:2015-04-09,2,1
MPL-0283,S2:MSM41_litter-T23,S2_visual_GT2,2015-04-09,compact,6,S2_visual_GT2:2015-04-09,2,1
MPL-0289,S2:MSM41_litter-T24,S2_visual_GT2,2015-04-09,compact,6,S2_visual_GT2:2015-04-09,2,1
MPL-0297,S2:MSM41_litter-T25,S2_visual_GT2,2015-04-10,compact,6,S2_visual_GT2:2015-04-10,0,1
MPL-0302,S2:MSM41_litter-T26,S2_visual_GT2,2015-04-10,compact,6,S2_visual_GT2:2015-04-10,0,1
MPL-0309,S2:MSM41_litter-T27,S2_visual_GT2,2015-04-11,compact,6,S2_visual_GT2:2015-04-11,0,1
MPL-0311,S2:MSM41_litter-T29,S2_visual_GT2,2015-04-11,compact,6,S2_visual_GT2:2015-04-11,0,1
MPL-0320,S2:MSM41_litter-T28,S2_visual_GT2,2015-04-11,compact,6,S2_visual_GT2:2015-04-11,0,1
MPL-0329,S2:MSM41_litter-T32,S2_visual_GT2,2015-04-12,compact,6,S2_visual_GT2:2015-04-12,1,1
MPL-0336,S2:MSM41_litter-T31,S2_visual_GT2,2015-04-12,compact,6,S2_visual_GT2:2015-04-12,1,1
MPL-0342,S2:MSM41_litter-T30,S2_visual_GT2,2015-04-12,compact,6,S2_visual_GT2:2015-04-12,1,1
MPL-0346,S2:MSM41_litter-T34,S2_visual_GT2,2015-04-13,compact,6,S2_visual_GT2:2015-04-13,4,4
MPL-0351,S2:MSM41_litter-T33,S2_visual_GT2,2015-04-13,compact,6,S2_visual_GT2:2015-04-13,4,4
MPL-0354,S2:MSM41_litter-T37,S2_visual_GT2,2015-04-14,compact,6,S2_visual_GT2:2015-04-14,0,4
MPL-0358,S2:MSM41_litter-T35,S2_visual_GT2,2015-04-14,compact,6,S2_visual_GT2:2015-04-14,0,4
MPL-0361,S2:MSM41_litter-T38,S2_visual_GT2,2015-04-15,compact,6,S2_visual_GT2:2015-04-15,3,4
MPL-0364,S2:MSM41_litter-T40,S2_visual_GT2,2015-04-16,compact,6,S2_visual_GT2:2015-04-16,2,4
MPL-0367,S2:MSM41_litter-T39,S2_visual_GT2,2015-04-16,compact,6,S2_visual_GT2:2015-04-16,2,4
MPL-0371,S2:MSM41_litter-T41,S2_visual_GT2,2015-04-17,compact,6,S2_visual_GT2:2015-04-17,4,2
MPL-0375,S2:MSM41_litter-T42,S2_visual_GT2,2015-04-17,compact,6,S2_visual_GT2:2015-04-17,4,2
MPL-0378,S2:MSM41_litter-T43,S2_visual_GT2,2015-04-18,compact,6,S2_visual_GT2:2015-04-18,4,2
MPL-0382,S2:MSM41_litter-T44,S2_visual_GT2,2015-04-18,compact,6,S2_visual_GT2:2015-04-18,4,2
MPL-0385,S2:MSM41_litter-T45,S2_visual_GT2,2015-04-18,compact,6,S2_visual_GT2:2015-04-18,4,2
MPL-0389,S2:MSM41_litter-T46,S2_visual_GT2,2015-04-19,compact,6,S2_visual_GT2:2015-04-19,2,2
MPL-0397,S2:MSM41_litter-T47,S2_visual_GT2,2015-04-19,compact,6,S2_visual_GT2:2015-04-19,2,2
MPL-0401,S2:MSM41_litter-T48,S2_visual_GT2,2015-04-20,compact,6,S2_visual_GT2:2015-04-20,3,3
MPL-0409,S2:MSM41_litter-T49,S2_visual_GT2,2015-04-20,compact,6,S2_visual_GT2:2015-04-20,3,3
MPL-0417,S2:MSM41_litter-T50,S2_visual_GT2,2015-04-20,compact,6,S2_visual_GT2:2015-04-20,3,3
MPL-0421,S2:MSM41_litter-T51,S2_visual_GT2,2015-04-21,compact,6,S2_visual_GT2:2015-04-21,3,3
MPL-0425,S2:MSM41_litter-T52,S2_visual_GT2,2015-04-21,compact,6,S2_visual_GT2:2015-04-21,3,3
MPL-0430,S2:MSM41_litter-T53,S2_visual_GT2,2015-04-22,compact,6,S2_visual_GT2:2015-04-22,0,3
MPL-0443,S2:MSM41_litter-T54,S2_visual_GT2,2015-04-22,compact,6,S2_visual_GT2:2015-04-22,0,3
MPL-0455,S2:MSM41_litter-T55,S2_visual_GT2,2015-04-22,compact,6,S2_visual_GT2:2015-04-22,0,3
MPL-0460,S2:MSM41_litter-T56,S2_visual_GT2,2015-04-22,compact,6,S2_visual_GT2:2015-04-22,0,3
MPL-0472,S2:MSM41_litter-T58,S2_visual_GT2,2015-04-23,compact,6,S2_visual_GT2:2015-04-23,2,3
MPL-0484,S2:MSM41_litter-T57,S2_visual_GT2,2015-04-23,compact,6,S2_visual_GT2:2015-04-23,2,3
MPL-0494,S2:MSM41_litter-T60,S2_visual_GT2,2015-04-24,compact,6,S2_visual_GT2:2015-04-24,1,3
MPL-0499,S2:MSM41_litter-T59,S2_visual_GT2,2015-04-24,compact,6,S2_visual_GT2:2015-04-24,1,3
MPL-0504,S2:MSM41_litter-T62,S2_visual_GT2,2015-04-25,compact,6,S2_visual_GT2:2015-04-25,1,2
MPL-0507,S2:MSM41_litter-T61,S2_visual_GT2,2015-04-25,compact,6,S2_visual_GT2:2015-04-25,1,2
MPL-0513,S2:MSM41_litter-T65,S2_visual_GT2,2015-04-26,compact,6,S2_visual_GT2:2015-04-26,1,2
MPL-0518,S2:MSM41_litter-T64,S2_visual_GT2,2015-04-26,compact,6,S2_visual_GT2:2015-04-26,1,2
MPL-0523,S2:MSM41_litter-T63,S2_visual_GT2,2015-04-26,compact,6,S2_visual_GT2:2015-04-26,1,2
MPL-0197,S2:MSM41_litter-T1,S2_visual_GT2,2015-04-01,compact,7,S2_visual_GT2:2015-04-01,3,1
MPL-0200,S2:MSM41_litter-T5,S2_visual_GT2,2015-04-02,compact,7,S2_visual_GT2:2015-04-02,2,1
MPL-0203,S2:MSM41_litter-T4,S2_visual_GT2,2015-04-02,compact,7,S2_visual_GT2:2015-04-02,2,1
MPL-0209,S2:MSM41_litter-T3,S2_visual_GT2,2015-04-02,compact,7,S2_visual_GT2:2015-04-02,2,1
MPL-0214,S2:MSM41_litter-T2,S2_visual_GT2,2015-04-02,compact,7,S2_visual_GT2:2015-04-02,2,1
MPL-0216,S2:MSM41_litter-T8,S2_visual_GT2,2015-04-03,compact,7,S2_visual_GT2:2015-04-03,0,1
MPL-0220,S2:MSM41_litter-T7,S2_visual_GT2,2015-04-03,compact,7,S2_visual_GT2:2015-04-03,0,1
MPL-0226,S2:MSM41_litter-T6,S2_visual_GT2,2015-04-03,compact,7,S2_visual_GT2:2015-04-03,0,1
MPL-0229,S2:MSM41_litter-T10,S2_visual_GT2,2015-04-04,compact,7,S2_visual_GT2:2015-04-04,4,0
MPL-0233,S2:MSM41_litter-T12,S2_visual_GT2,2015-04-05,compact,7,S2_visual_GT2:2015-04-05,4,0
MPL-0235,S2:MSM41_litter-T11,S2_visual_GT2,2015-04-05,compact,7,S2_visual_GT2:2015-04-05,4,0
MPL-0237,S2:MSM41_litter-T16,S2_visual_GT2,2015-04-06,compact,7,S2_visual_GT2:2015-04-06,0,0
MPL-0241,S2:MSM41_litter-T15,S2_visual_GT2,2015-04-06,compact,7,S2_visual_GT2:2015-04-06,0,0
MPL-0246,S2:MSM41_litter-T14,S2_visual_GT2,2015-04-06,compact,7,S2_visual_GT2:2015-04-06,0,0
MPL-0249,S2:MSM41_litter-T13,S2_visual_GT2,2015-04-06,compact,7,S2_visual_GT2:2015-04-06,0,0
MPL-0254,S2:MSM41_litter-T17,S2_visual_GT2,2015-04-07,compact,7,S2_visual_GT2:2015-04-07,4,0
MPL-0260,S2:MSM41_litter-T18,S2_visual_GT2,2015-04-07,compact,7,S2_visual_GT2:2015-04-07,4,0
MPL-0264,S2:MSM41_litter-T19,S2_visual_GT2,2015-04-08,compact,7,S2_visual_GT2:2015-04-08,4,0
MPL-0267,S2:MSM41_litter-T20,S2_visual_GT2,2015-04-08,compact,7,S2_visual_GT2:2015-04-08,4,0
MPL-0271,S2:MSM41_litter-T21,S2_visual_GT2,2015-04-08,compact,7,S2_visual_GT2:2015-04-08,4,0
MPL-0277,S2:MSM41_litter-T22,S2_visual_GT2,2015-04-09,compact,7,S2_visual_GT2:2015-04-09,1,1
MPL-0283,S2:MSM41_litter-T23,S2_visual_GT2,2015-04-09,compact,7,S2_visual_GT2:2015-04-09,1,1
MPL-0289,S2:MSM41_litter-T24,S2_visual_GT2,2015-04-09,compact,7,S2_visual_GT2:2015-04-09,1,1
MPL-0297,S2:MSM41_litter-T25,S2_visual_GT2,2015-04-10,compact,7,S2_visual_GT2:2015-04-10,0,1
MPL-0302,S2:MSM41_litter-T26,S2_visual_GT2,2015-04-10,compact,7,S2_visual_GT2:2015-04-10,0,1
MPL-0309,S2:MSM41_litter-T27,S2_visual_GT2,2015-04-11,compact,7,S2_visual_GT2:2015-04-11,0,1
MPL-0311,S2:MSM41_litter-T29,S2_visual_GT2,2015-04-11,compact,7,S2_visual_GT2:2015-04-11,0,1
MPL-0320,S2:MSM41_litter-T28,S2_visual_GT2,2015-04-11,compact,7,S2_visual_GT2:2015-04-11,0,1
MPL-0329,S2:MSM41_litter-T32,S2_visual_GT2,2015-04-12,compact,7,S2_visual_GT2:2015-04-12,0,1
MPL-0336,S2:MSM41_litter-T31,S2_visual_GT2,2015-04-12,compact,7,S2_visual_GT2:2015-04-12,0,1
MPL-0342,S2:MSM41_litter-T30,S2_visual_GT2,2015-04-12,compact,7,S2_visual_GT2:2015-04-12,0,1
MPL-0346,S2:MSM41_litter-T34,S2_visual_GT2,2015-04-13,compact,7,S2_visual_GT2:2015-04-13,0,4
MPL-0351,S2:MSM41_litter-T33,S2_visual_GT2,2015-04-13,compact,7,S2_visual_GT2:2015-04-13,0,4
MPL-0354,S2:MSM41_litter-T37,S2_visual_GT2,2015-04-14,compact,7,S2_visual_GT2:2015-04-14,2,4
MPL-0358,S2:MSM41_litter-T35,S2_visual_GT2,2015-04-14,compact,7,S2_visual_GT2:2015-04-14,2,4
MPL-0361,S2:MSM41_litter-T38,S2_visual_GT2,2015-04-15,compact,7,S2_visual_GT2:2015-04-15,3,4
MPL-0364,S2:MSM41_litter-T40,S2_visual_GT2,2015-04-16,compact,7,S2_visual_GT2:2015-04-16,3,4
MPL-0367,S2:MSM41_litter-T39,S2_visual_GT2,2015-04-16,compact,7,S2_visual_GT2:2015-04-16,3,4
MPL-0371,S2:MSM41_litter-T41,S2_visual_GT2,2015-04-17,compact,7,S2_visual_GT2:2015-04-17,1,2
MPL-0375,S2:MSM41_litter-T42,S2_visual_GT2,2015-04-17,compact,7,S2_visual_GT2:2015-04-17,1,2
MPL-0378,S2:MSM41_litter-T43,S2_visual_GT2,2015-04-18,compact,7,S2_visual_GT2:2015-04-18,2,2
MPL-0382,S2:MSM41_litter-T44,S2_visual_GT2,2015-04-18,compact,7,S2_visual_GT2:2015-04-18,2,2
MPL-0385,S2:MSM41_litter-T45,S2_visual_GT2,2015-04-18,compact,7,S2_visual_GT2:2015-04-18,2,2
MPL-0389,S2:MSM41_litter-T46,S2_visual_GT2,2015-04-19,compact,7,S2_visual_GT2:2015-04-19,1,2
MPL-0397,S2:MSM41_litter-T47,S2_visual_GT2,2015-04-19,compact,7,S2_visual_GT2:2015-04-19,1,2
MPL-0401,S2:MSM41_litter-T48,S2_visual_GT2,2015-04-20,compact,7,S2_visual_GT2:2015-04-20,2,3
MPL-0409,S2:MSM41_litter-T49,S2_visual_GT2,2015-04-20,compact,7,S2_visual_GT2:2015-04-20,2,3
MPL-0417,S2:MSM41_litter-T50,S2_visual_GT2,2015-04-20,compact,7,S2_visual_GT2:2015-04-20,2,3
MPL-0421,S2:MSM41_litter-T51,S2_visual_GT2,2015-04-21,compact,7,S2_visual_GT2:2015-04-21,3,3
MPL-0425,S2:MSM41_litter-T52,S2_visual_GT2,2015-04-21,compact,7,S2_visual_GT2:2015-04-21,3,3
MPL-0430,S2:MSM41_litter-T53,S2_visual_GT2,2015-04-22,compact,7,S2_visual_GT2:2015-04-22,1,3
MPL-0443,S2:MSM41_litter-T54,S2_visual_GT2,2015-04-22,compact,7,S2_visual_GT2:2015-04-22,1,3
MPL-0455,S2:MSM41_litter-T55,S2_visual_GT2,2015-04-22,compact,7,S2_visual_GT2:2015-04-22,1,3
MPL-0460,S2:MSM41_litter-T56,S2_visual_GT2,2015-04-22,compact,7,S2_visual_GT2:2015-04-22,1,3
MPL-0472,S2:MSM41_litter-T58,S2_visual_GT2,2015-04-23,compact,7,S2_visual_GT2:2015-04-23,1,3
MPL-0484,S2:MSM41_litter-T57,S2_visual_GT2,2015-04-23,compact,7,S2_visual_GT2:2015-04-23,1,3
MPL-0494,S2:MSM41_litter-T60,S2_visual_GT2,2015-04-24,compact,7,S2_visual_GT2:2015-04-24,2,3
MPL-0499,S2:MSM41_litter-T59,S2_visual_GT2,2015-04-24,compact,7,S2_visual_GT2:2015-04-24,2,3
MPL-0504,S2:MSM41_litter-T62,S2_visual_GT2,2015-04-25,compact,7,S2_visual_GT2:2015-04-25,3,2
MPL-0507,S2:MSM41_litter-T61,S2_visual_GT2,2015-04-25,compact,7,S2_visual_GT2:2015-04-25,3,2
MPL-0513,S2:MSM41_litter-T65,S2_visual_GT2,2015-04-26,compact,7,S2_visual_GT2:2015-04-26,4,2
MPL-0518,S2:MSM41_litter-T64,S2_visual_GT2,2015-04-26,compact,7,S2_visual_GT2:2015-04-26,4,2
MPL-0523,S2:MSM41_litter-T63,S2_visual_GT2,2015-04-26,compact,7,S2_visual_GT2:2015-04-26,4,2
MPL-0197,S2:MSM41_litter-T1,S2_visual_GT2,2015-04-01,compact,8,S2_visual_GT2:2015-04-01,2,1
MPL-0200,S2:MSM41_litter-T5,S2_visual_GT2,2015-04-02,compact,8,S2_visual_GT2:2015-04-02,1,1
MPL-0203,S2:MSM41_litter-T4,S2_visual_GT2,2015-04-02,compact,8,S2_visual_GT2:2015-04-02,1,1
MPL-0209,S2:MSM41_litter-T3,S2_visual_GT2,2015-04-02,compact,8,S2_visual_GT2:2015-04-02,1,1
MPL-0214,S2:MSM41_litter-T2,S2_visual_GT2,2015-04-02,compact,8,S2_visual_GT2:2015-04-02,1,1
MPL-0216,S2:MSM41_litter-T8,S2_visual_GT2,2015-04-03,compact,8,S2_visual_GT2:2015-04-03,4,1
MPL-0220,S2:MSM41_litter-T7,S2_visual_GT2,2015-04-03,compact,8,S2_visual_GT2:2015-04-03,4,1
MPL-0226,S2:MSM41_litter-T6,S2_visual_GT2,2015-04-03,compact,8,S2_visual_GT2:2015-04-03,4,1
MPL-0229,S2:MSM41_litter-T10,S2_visual_GT2,2015-04-04,compact,8,S2_visual_GT2:2015-04-04,3,0
MPL-0233,S2:MSM41_litter-T12,S2_visual_GT2,2015-04-05,compact,8,S2_visual_GT2:2015-04-05,1,0
MPL-0235,S2:MSM41_litter-T11,S2_visual_GT2,2015-04-05,compact,8,S2_visual_GT2:2015-04-05,1,0
MPL-0237,S2:MSM41_litter-T16,S2_visual_GT2,2015-04-06,compact,8,S2_visual_GT2:2015-04-06,1,0
MPL-0241,S2:MSM41_litter-T15,S2_visual_GT2,2015-04-06,compact,8,S2_visual_GT2:2015-04-06,1,0
MPL-0246,S2:MSM41_litter-T14,S2_visual_GT2,2015-04-06,compact,8,S2_visual_GT2:2015-04-06,1,0
MPL-0249,S2:MSM41_litter-T13,S2_visual_GT2,2015-04-06,compact,8,S2_visual_GT2:2015-04-06,1,0
MPL-0254,S2:MSM41_litter-T17,S2_visual_GT2,2015-04-07,compact,8,S2_visual_GT2:2015-04-07,0,0
MPL-0260,S2:MSM41_litter-T18,S2_visual_GT2,2015-04-07,compact,8,S2_visual_GT2:2015-04-07,0,0
MPL-0264,S2:MSM41_litter-T19,S2_visual_GT2,2015-04-08,compact,8,S2_visual_GT2:2015-04-08,3,0
MPL-0267,S2:MSM41_litter-T20,S2_visual_GT2,2015-04-08,compact,8,S2_visual_GT2:2015-04-08,3,0
MPL-0271,S2:MSM41_litter-T21,S2_visual_GT2,2015-04-08,compact,8,S2_visual_GT2:2015-04-08,3,0
MPL-0277,S2:MSM41_litter-T22,S2_visual_GT2,2015-04-09,compact,8,S2_visual_GT2:2015-04-09,4,1
MPL-0283,S2:MSM41_litter-T23,S2_visual_GT2,2015-04-09,compact,8,S2_visual_GT2:2015-04-09,4,1
MPL-0289,S2:MSM41_litter-T24,S2_visual_GT2,2015-04-09,compact,8,S2_visual_GT2:2015-04-09,4,1
MPL-0297,S2:MSM41_litter-T25,S2_visual_GT2,2015-04-10,compact,8,S2_visual_GT2:2015-04-10,1,1
MPL-0302,S2:MSM41_litter-T26,S2_visual_GT2,2015-04-10,compact,8,S2_visual_GT2:2015-04-10,1,1
MPL-0309,S2:MSM41_litter-T27,S2_visual_GT2,2015-04-11,compact,8,S2_visual_GT2:2015-04-11,4,1
MPL-0311,S2:MSM41_litter-T29,S2_visual_GT2,2015-04-11,compact,8,S2_visual_GT2:2015-04-11,4,1
MPL-0320,S2:MSM41_litter-T28,S2_visual_GT2,2015-04-11,compact,8,S2_visual_GT2:2015-04-11,4,1
MPL-0329,S2:MSM41_litter-T32,S2_visual_GT2,2015-04-12,compact,8,S2_visual_GT2:2015-04-12,0,1
MPL-0336,S2:MSM41_litter-T31,S2_visual_GT2,2015-04-12,compact,8,S2_visual_GT2:2015-04-12,0,1
MPL-0342,S2:MSM41_litter-T30,S2_visual_GT2,2015-04-12,compact,8,S2_visual_GT2:2015-04-12,0,1
MPL-0346,S2:MSM41_litter-T34,S2_visual_GT2,2015-04-13,compact,8,S2_visual_GT2:2015-04-13,0,4
MPL-0351,S2:MSM41_litter-T33,S2_visual_GT2,2015-04-13,compact,8,S2_visual_GT2:2015-04-13,0,4
MPL-0354,S2:MSM41_litter-T37,S2_visual_GT2,2015-04-14,compact,8,S2_visual_GT2:2015-04-14,3,4
MPL-0358,S2:MSM41_litter-T35,S2_visual_GT2,2015-04-14,compact,8,S2_visual_GT2:2015-04-14,3,4
MPL-0361,S2:MSM41_litter-T38,S2_visual_GT2,2015-04-15,compact,8,S2_visual_GT2:2015-04-15,0,4
MPL-0364,S2:MSM41_litter-T40,S2_visual_GT2,2015-04-16,compact,8,S2_visual_GT2:2015-04-16,4,4
MPL-0367,S2:MSM41_litter-T39,S2_visual_GT2,2015-04-16,compact,8,S2_visual_GT2:2015-04-16,4,4
MPL-0371,S2:MSM41_litter-T41,S2_visual_GT2,2015-04-17,compact,8,S2_visual_GT2:2015-04-17,2,2
MPL-0375,S2:MSM41_litter-T42,S2_visual_GT2,2015-04-17,compact,8,S2_visual_GT2:2015-04-17,2,2
MPL-0378,S2:MSM41_litter-T43,S2_visual_GT2,2015-04-18,compact,8,S2_visual_GT2:2015-04-18,4,2
MPL-0382,S2:MSM41_litter-T44,S2_visual_GT2,2015-04-18,compact,8,S2_visual_GT2:2015-04-18,4,2
MPL-0385,S2:MSM41_litter-T45,S2_visual_GT2,2015-04-18,compact,8,S2_visual_GT2:2015-04-18,4,2
MPL-0389,S2:MSM41_litter-T46,S2_visual_GT2,2015-04-19,compact,8,S2_visual_GT2:2015-04-19,2,2
MPL-0397,S2:MSM41_litter-T47,S2_visual_GT2,2015-04-19,compact,8,S2_visual_GT2:2015-04-19,2,2
MPL-0401,S2:MSM41_litter-T48,S2_visual_GT2,2015-04-20,compact,8,S2_visual_GT2:2015-04-20,2,3
MPL-0409,S2:MSM41_litter-T49,S2_visual_GT2,2015-04-20,compact,8,S2_visual_GT2:2015-04-20,2,3
MPL-0417,S2:MSM41_litter-T50,S2_visual_GT2,2015-04-20,compact,8,S2_visual_GT2:2015-04-20,2,3
MPL-0421,S2:MSM41_litter-T51,S2_visual_GT2,2015-04-21,compact,8,S2_visual_GT2:2015-04-21,0,3
MPL-0425,S2:MSM41_litter-T52,S2_visual_GT2,2015-04-21,compact,8,S2_visual_GT2:2015-04-21,0,3
MPL-0430,S2:MSM41_litter-T53,S2_visual_GT2,2015-04-22,compact,8,S2_visual_GT2:2015-04-22,2,3
MPL-0443,S2:MSM41_litter-T54,S2_visual_GT2,2015-04-22,compact,8,S2_visual_GT2:2015-04-22,2,3
MPL-0455,S2:MSM41_litter-T55,S2_visual_GT2,2015-04-22,compact,8,S2_visual_GT2:2015-04-22,2,3
MPL-0460,S2:MSM41_litter-T56,S2_visual_GT2,2015-04-22,compact,8,S2_visual_GT2:2015-04-22,2,3
MPL-0472,S2:MSM41_litter-T58,S2_visual_GT2,2015-04-23,compact,8,S2_visual_GT2:2015-04-23,3,3
MPL-0484,S2:MSM41_litter-T57,S2_visual_GT2,2015-04-23,compact,8,S2_visual_GT2:2015-04-23,3,3
MPL-0494,S2:MSM41_litter-T60,S2_visual_GT2,2015-04-24,compact,8,S2_visual_GT2:2015-04-24,1,3
MPL-0499,S2:MSM41_litter-T59,S2_visual_GT2,2015-04-24,compact,8,S2_visual_GT2:2015-04-24,1,3
MPL-0504,S2:MSM41_litter-T62,S2_visual_GT2,2015-04-25,compact,8,S2_visual_GT2:2015-04-25,3,2
MPL-0507,S2:MSM41_litter-T61,S2_visual_GT2,2015-04-25,compact,8,S2_visual_GT2:2015-04-25,3,2
MPL-0513,S2:MSM41_litter-T65,S2_visual_GT2,2015-04-26,compact,8,S2_visual_GT2:2015-04-26,0,2
MPL-0518,S2:MSM41_litter-T64,S2_visual_GT2,2015-04-26,compact,8,S2_visual_GT2:2015-04-26,0,2
MPL-0523,S2:MSM41_litter-T63,S2_visual_GT2,2015-04-26,compact,8,S2_visual_GT2:2015-04-26,0,2
MPL-0197,S2:MSM41_litter-T1,S2_visual_GT2,2015-04-01,compact,9,S2_visual_GT2:2015-04-01,4,1
MPL-0200,S2:MSM41_litter-T5,S2_visual_GT2,2015-04-02,compact,9,S2_visual_GT2:2015-04-02,0,1
MPL-0203,S2:MSM41_litter-T4,S2_visual_GT2,2015-04-02,compact,9,S2_visual_GT2:2015-04-02,0,1
MPL-0209,S2:MSM41_litter-T3,S2_visual_GT2,2015-04-02,compact,9,S2_visual_GT2:2015-04-02,0,1
MPL-0214,S2:MSM41_litter-T2,S2_visual_GT2,2015-04-02,compact,9,S2_visual_GT2:2015-04-02,0,1
MPL-0216,S2:MSM41_litter-T8,S2_visual_GT2,2015-04-03,compact,9,S2_visual_GT2:2015-04-03,4,1
MPL-0220,S2:MSM41_litter-T7,S2_visual_GT2,2015-04-03,compact,9,S2_visual_GT2:2015-04-03,4,1
MPL-0226,S2:MSM41_litter-T6,S2_visual_GT2,2015-04-03,compact,9,S2_visual_GT2:2015-04-03,4,1
MPL-0229,S2:MSM41_litter-T10,S2_visual_GT2,2015-04-04,compact,9,S2_visual_GT2:2015-04-04,0,0
MPL-0233,S2:MSM41_litter-T12,S2_visual_GT2,2015-04-05,compact,9,S2_visual_GT2:2015-04-05,3,0
MPL-0235,S2:MSM41_litter-T11,S2_visual_GT2,2015-04-05,compact,9,S2_visual_GT2:2015-04-05,3,0
MPL-0237,S2:MSM41_litter-T16,S2_visual_GT2,2015-04-06,compact,9,S2_visual_GT2:2015-04-06,0,0
MPL-0241,S2:MSM41_litter-T15,S2_visual_GT2,2015-04-06,compact,9,S2_visual_GT2:2015-04-06,0,0
MPL-0246,S2:MSM41_litter-T14,S2_visual_GT2,2015-04-06,compact,9,S2_visual_GT2:2015-04-06,0,0
MPL-0249,S2:MSM41_litter-T13,S2_visual_GT2,2015-04-06,compact,9,S2_visual_GT2:2015-04-06,0,0
MPL-0254,S2:MSM41_litter-T17,S2_visual_GT2,2015-04-07,compact,9,S2_visual_GT2:2015-04-07,1,0
MPL-0260,S2:MSM41_litter-T18,S2_visual_GT2,2015-04-07,compact,9,S2_visual_GT2:2015-04-07,1,0
MPL-0264,S2:MSM41_litter-T19,S2_visual_GT2,2015-04-08,compact,9,S2_visual_GT2:2015-04-08,2,0
MPL-0267,S2:MSM41_litter-T20,S2_visual_GT2,2015-04-08,compact,9,S2_visual_GT2:2015-04-08,2,0
MPL-0271,S2:MSM41_litter-T21,S2_visual_GT2,2015-04-08,compact,9,S2_visual_GT2:2015-04-08,2,0
MPL-0277,S2:MSM41_litter-T22,S2_visual_GT2,2015-04-09,compact,9,S2_visual_GT2:2015-04-09,2,1
MPL-0283,S2:MSM41_litter-T23,S2_visual_GT2,2015-04-09,compact,9,S2_visual_GT2:2015-04-09,2,1
MPL-0289,S2:MSM41_litter-T24,S2_visual_GT2,2015-04-09,compact,9,S2_visual_GT2:2015-04-09,2,1
MPL-0297,S2:MSM41_litter-T25,S2_visual_GT2,2015-04-10,compact,9,S2_visual_GT2:2015-04-10,2,1
MPL-0302,S2:MSM41_litter-T26,S2_visual_GT2,2015-04-10,compact,9,S2_visual_GT2:2015-04-10,2,1
MPL-0309,S2:MSM41_litter-T27,S2_visual_GT2,2015-04-11,compact,9,S2_visual_GT2:2015-04-11,0,1
MPL-0311,S2:MSM41_litter-T29,S2_visual_GT2,2015-04-11,compact,9,S2_visual_GT2:2015-04-11,0,1
MPL-0320,S2:MSM41_litter-T28,S2_visual_GT2,2015-04-11,compact,9,S2_visual_GT2:2015-04-11,0,1
MPL-0329,S2:MSM41_litter-T32,S2_visual_GT2,2015-04-12,compact,9,S2_visual_GT2:2015-04-12,3,1
MPL-0336,S2:MSM41_litter-T31,S2_visual_GT2,2015-04-12,compact,9,S2_visual_GT2:2015-04-12,3,1
MPL-0342,S2:MSM41_litter-T30,S2_visual_GT2,2015-04-12,compact,9,S2_visual_GT2:2015-04-12,3,1
MPL-0346,S2:MSM41_litter-T34,S2_visual_GT2,2015-04-13,compact,9,S2_visual_GT2:2015-04-13,0,4
MPL-0351,S2:MSM41_litter-T33,S2_visual_GT2,2015-04-13,compact,9,S2_visual_GT2:2015-04-13,0,4
MPL-0354,S2:MSM41_litter-T37,S2_visual_GT2,2015-04-14,compact,9,S2_visual_GT2:2015-04-14,4,4
MPL-0358,S2:MSM41_litter-T35,S2_visual_GT2,2015-04-14,compact,9,S2_visual_GT2:2015-04-14,4,4
MPL-0361,S2:MSM41_litter-T38,S2_visual_GT2,2015-04-15,compact,9,S2_visual_GT2:2015-04-15,3,4
MPL-0364,S2:MSM41_litter-T40,S2_visual_GT2,2015-04-16,compact,9,S2_visual_GT2:2015-04-16,1,4
MPL-0367,S2:MSM41_litter-T39,S2_visual_GT2,2015-04-16,compact,9,S2_visual_GT2:2015-04-16,1,4
MPL-0371,S2:MSM41_litter-T41,S2_visual_GT2,2015-04-17,compact,9,S2_visual_GT2:2015-04-17,4,2
MPL-0375,S2:MSM41_litter-T42,S2_visual_GT2,2015-04-17,compact,9,S2_visual_GT2:2015-04-17,4,2
MPL-0378,S2:MSM41_litter-T43,S2_visual_GT2,2015-04-18,compact,9,S2_visual_GT2:2015-04-18,4,2
MPL-0382,S2:MSM41_litter-T44,S2_visual_GT2,2015-04-18,compact,9,S2_visual_GT2:2015-04-18,4,2
MPL-0385,S2:MSM41_litter-T45,S2_visual_GT2,2015-04-18,compact,9,S2_visual_GT2:2015-04-18,4,2
MPL-0389,S2:MSM41_litter-T46,S2_visual_GT2,2015-04-19,compact,9,S2_visual_GT2:2015-04-19,1,2
MPL-0397,S2:MSM41_litter-T47,S2_visual_GT2,2015-04-19,compact,9,S2_visual_GT2:2015-04-19,1,2
MPL-0401,S2:MSM41_litter-T48,S2_visual_GT2,2015-04-20,compact,9,S2_visual_GT2:2015-04-20,3,3
MPL-0409,S2:MSM41_litter-T49,S2_visual_GT2,2015-04-20,compact,9,S2_visual_GT2:2015-04-20,3,3
MPL-0417,S2:MSM41_litter-T50,S2_visual_GT2,2015-04-20,compact,9,S2_visual_GT2:2015-04-20,3,3
MPL-0421,S2:MSM41_litter-T51,S2_visual_GT2,2015-04-21,compact,9,S2_visual_GT2:2015-04-21,1,3
MPL-0425,S2:MSM41_litter-T52,S2_visual_GT2,2015-04-21,compact,9,S2_visual_GT2:2015-04-21,1,3
MPL-0430,S2:MSM41_litter-T53,S2_visual_GT2,2015-04-22,compact,9,S2_visual_GT2:2015-04-22,3,3
MPL-0443,S2:MSM41_litter-T54,S2_visual_GT2,2015-04-22,compact,9,S2_visual_GT2:2015-04-22,3,3
MPL-0455,S2:MSM41_litter-T55,S2_visual_GT2,2015-04-22,compact,9,S2_visual_GT2:2015-04-22,3,3
MPL-0460,S2:MSM41_litter-T56,S2_visual_GT2,2015-04-22,compact,9,S2_visual_GT2:2015-04-22,3,3
MPL-0472,S2:MSM41_litter-T58,S2_visual_GT2,2015-04-23,compact,9,S2_visual_GT2:2015-04-23,2,3
MPL-0484,S2:MSM41_litter-T57,S2_visual_GT2,2015-04-23,compact,9,S2_visual_GT2:2015-04-23,2,3
MPL-0494,S2:MSM41_litter-T60,S2_visual_GT2,2015-04-24,compact,9,S2_visual_GT2:2015-04-24,2,3
MPL-0499,S2:MSM41_litter-T59,S2_visual_GT2,2015-04-24,compact,9,S2_visual_GT2:2015-04-24,2,3
MPL-0504,S2:MSM41_litter-T62,S2_visual_GT2,2015-04-25,compact,9,S2_visual_GT2:2015-04-25,1,2
MPL-0507,S2:MSM41_litter-T61,S2_visual_GT2,2015-04-25,compact,9,S2_visual_GT2:2015-04-25,1,2
MPL-0513,S2:MSM41_litter-T65,S2_visual_GT2,2015-04-26,compact,9,S2_visual_GT2:2015-04-26,0,2
MPL-0518,S2:MSM41_litter-T64,S2_visual_GT2,2015-04-26,compact,9,S2_visual_GT2:2015-04-26,0,2
MPL-0523,S2:MSM41_litter-T63,S2_visual_GT2,2015-04-26,compact,9,S2_visual_GT2:2015-04-26,0,2
MPL-0526,S1:0.1,S1_trawl_5_to_50,2015-07-25,compact,0,S1_trawl_5_to_50:2015-07-25,1,0
MPL-0530,S1:2.3,S1_trawl_5_to_50,2015-07-27,compact,0,S1_trawl_5_to_50:2015-07-27,1,2
MPL-0531,S1:1.3,S1_trawl_5_to_50,2015-07-27,compact,0,S1_trawl_5_to_50:2015-07-27,1,2
MPL-0535,S1:4.3,S1_trawl_5_to_50,2015-07-28,compact,0,S1_trawl_5_to_50:2015-07-28,3,2
MPL-0543,S1:3.3,S1_trawl_5_to_50,2015-07-28,compact,0,S1_trawl_5_to_50:2015-07-28,3,2
MPL-0544,S1:6.4,S1_trawl_5_to_50,2015-07-28,compact,0,S1_trawl_5_to_50:2015-07-28,3,2
MPL-0545,S1:6.3,S1_trawl_5_to_50,2015-07-28,compact,0,S1_trawl_5_to_50:2015-07-28,3,2
MPL-0546,S1:5.3,S1_trawl_5_to_50,2015-07-28,compact,0,S1_trawl_5_to_50:2015-07-28,3,2
MPL-0551,S1:9.4,S1_trawl_5_to_50,2015-07-29,compact,0,S1_trawl_5_to_50:2015-07-29,0,1
MPL-0554,S1:10.4,S1_trawl_5_to_50,2015-07-29,compact,0,S1_trawl_5_to_50:2015-07-29,0,1
MPL-0555,S1:8.4,S1_trawl_5_to_50,2015-07-29,compact,0,S1_trawl_5_to_50:2015-07-29,0,1
MPL-0559,S1:7.4,S1_trawl_5_to_50,2015-07-29,compact,0,S1_trawl_5_to_50:2015-07-29,0,2
MPL-0563,S1:11.4,S1_trawl_5_to_50,2015-07-29,compact,0,S1_trawl_5_to_50:2015-07-29,0,1
MPL-0566,S1:12.3,S1_trawl_5_to_50,2015-07-30,compact,0,S1_trawl_5_to_50:2015-07-30,4,1
MPL-0569,S1:13.3,S1_trawl_5_to_50,2015-07-30,compact,0,S1_trawl_5_to_50:2015-07-30,4,1
MPL-0570,S1:14.3,S1_trawl_5_to_50,2015-07-30,compact,0,S1_trawl_5_to_50:2015-07-30,4,3
MPL-0573,S1:17.4,S1_trawl_5_to_50,2015-07-31,compact,0,S1_trawl_5_to_50:2015-07-31,4,3
MPL-0574,S1:17.3,S1_trawl_5_to_50,2015-07-31,compact,0,S1_trawl_5_to_50:2015-07-31,4,3
MPL-0577,S1:15.3,S1_trawl_5_to_50,2015-07-31,compact,0,S1_trawl_5_to_50:2015-07-31,4,3
MPL-0581,S1:16.3,S1_trawl_5_to_50,2015-07-31,compact,0,S1_trawl_5_to_50:2015-07-31,4,3
MPL-0588,S1:20.4,S1_trawl_5_to_50,2015-08-01,compact,0,S1_trawl_5_to_50:2015-08-01,3,3
MPL-0590,S1:19.4,S1_trawl_5_to_50,2015-08-01,compact,0,S1_trawl_5_to_50:2015-08-01,3,3
MPL-0593,S1:18.4,S1_trawl_5_to_50,2015-08-01,compact,0,S1_trawl_5_to_50:2015-08-01,3,3
MPL-0596,S1:24.4,S1_trawl_5_to_50,2015-08-02,compact,0,S1_trawl_5_to_50:2015-08-02,0,1
MPL-0597,S1:21.4,S1_trawl_5_to_50,2015-08-02,compact,0,S1_trawl_5_to_50:2015-08-02,0,3
MPL-0599,S1:22.4,S1_trawl_5_to_50,2015-08-02,compact,0,S1_trawl_5_to_50:2015-08-02,0,1
MPL-0603,S1:27.3,S1_trawl_5_to_50,2015-08-03,compact,0,S1_trawl_5_to_50:2015-08-03,3,1
MPL-0606,S1:26.3,S1_trawl_5_to_50,2015-08-03,compact,0,S1_trawl_5_to_50:2015-08-03,3,1
MPL-0607,S1:25.3,S1_trawl_5_to_50,2015-08-03,compact,0,S1_trawl_5_to_50:2015-08-03,3,1
MPL-0610,S1:28.3,S1_trawl_5_to_50,2015-08-03,compact,0,S1_trawl_5_to_50:2015-08-03,3,2
MPL-0618,S1:31.4,S1_trawl_5_to_50,2015-08-04,compact,0,S1_trawl_5_to_50:2015-08-04,4,2
MPL-0621,S1:30.4,S1_trawl_5_to_50,2015-08-04,compact,0,S1_trawl_5_to_50:2015-08-04,4,2
MPL-0622,S1:29.3,S1_trawl_5_to_50,2015-08-04,compact,0,S1_trawl_5_to_50:2015-08-04,4,2
MPL-0623,S1:30.3,S1_trawl_5_to_50,2015-08-04,compact,0,S1_trawl_5_to_50:2015-08-04,4,2
MPL-0627,S1:32.4,S1_trawl_5_to_50,2015-08-04,compact,0,S1_trawl_5_to_50:2015-08-04,4,2
MPL-0631,S1:34.4,S1_trawl_5_to_50,2015-08-05,compact,0,S1_trawl_5_to_50:2015-08-05,4,2
MPL-0634,S1:33.4,S1_trawl_5_to_50,2015-08-05,compact,0,S1_trawl_5_to_50:2015-08-05,4,2
MPL-0637,S1:35.4,S1_trawl_5_to_50,2015-08-05,compact,0,S1_trawl_5_to_50:2015-08-05,4,0
MPL-0640,S1:39.3,S1_trawl_5_to_50,2015-08-06,compact,0,S1_trawl_5_to_50:2015-08-06,0,2
MPL-0642,S1:38.3,S1_trawl_5_to_50,2015-08-06,compact,0,S1_trawl_5_to_50:2015-08-06,0,2
MPL-0647,S1:36.3,S1_trawl_5_to_50,2015-08-06,compact,0,S1_trawl_5_to_50:2015-08-06,0,0
MPL-0648,S1:37.3,S1_trawl_5_to_50,2015-08-06,compact,0,S1_trawl_5_to_50:2015-08-06,0,0
MPL-0654,S1:41.3,S1_trawl_5_to_50,2015-08-07,compact,0,S1_trawl_5_to_50:2015-08-07,3,4
MPL-0656,S1:42.3,S1_trawl_5_to_50,2015-08-07,compact,0,S1_trawl_5_to_50:2015-08-07,3,4
MPL-0658,S1:42.4,S1_trawl_5_to_50,2015-08-07,compact,0,S1_trawl_5_to_50:2015-08-07,3,4
MPL-0660,S1:43.4,S1_trawl_5_to_50,2015-08-07,compact,0,S1_trawl_5_to_50:2015-08-07,3,4
MPL-0666,S1:45.4,S1_trawl_5_to_50,2015-08-08,compact,0,S1_trawl_5_to_50:2015-08-08,2,1
MPL-0668,S1:44.4,S1_trawl_5_to_50,2015-08-08,compact,0,S1_trawl_5_to_50:2015-08-08,2,1
MPL-0669,S1:47.4,S1_trawl_5_to_50,2015-08-08,compact,0,S1_trawl_5_to_50:2015-08-08,2,1
MPL-0671,S1:46.4,S1_trawl_5_to_50,2015-08-08,compact,0,S1_trawl_5_to_50:2015-08-08,2,1
MPL-0677,S1:48.4,S1_trawl_5_to_50,2015-08-09,compact,0,S1_trawl_5_to_50:2015-08-09,1,3
MPL-0680,S1:51.3,S1_trawl_5_to_50,2015-08-09,compact,0,S1_trawl_5_to_50:2015-08-09,1,3
MPL-0684,S1:49.3,S1_trawl_5_to_50,2015-08-09,compact,0,S1_trawl_5_to_50:2015-08-09,1,3
MPL-0687,S1:50.3,S1_trawl_5_to_50,2015-08-09,compact,0,S1_trawl_5_to_50:2015-08-09,1,3
MPL-0691,S1:52.3,S1_trawl_5_to_50,2015-08-10,compact,0,S1_trawl_5_to_50:2015-08-10,1,3
MPL-0694,S1:53.3,S1_trawl_5_to_50,2015-08-10,compact,0,S1_trawl_5_to_50:2015-08-10,1,3
MPL-0699,S1:54.4,S1_trawl_5_to_50,2015-08-10,compact,0,S1_trawl_5_to_50:2015-08-10,1,3
MPL-0701,S1:54.3,S1_trawl_5_to_50,2015-08-10,compact,0,S1_trawl_5_to_50:2015-08-10,1,3
MPL-0705,S1:57.4,S1_trawl_5_to_50,2015-08-11,compact,0,S1_trawl_5_to_50:2015-08-11,0,3
MPL-0710,S1:58.4,S1_trawl_5_to_50,2015-08-11,compact,0,S1_trawl_5_to_50:2015-08-11,0,3
MPL-0711,S1:56.4,S1_trawl_5_to_50,2015-08-11,compact,0,S1_trawl_5_to_50:2015-08-11,0,3
MPL-0715,S1:55.4,S1_trawl_5_to_50,2015-08-11,compact,0,S1_trawl_5_to_50:2015-08-11,0,3
MPL-0716,S1:61.3,S1_trawl_5_to_50,2015-08-12,compact,0,S1_trawl_5_to_50:2015-08-12,1,4
MPL-0721,S1:60.4,S1_trawl_5_to_50,2015-08-12,compact,0,S1_trawl_5_to_50:2015-08-12,1,4
MPL-0724,S1:62.3,S1_trawl_5_to_50,2015-08-12,compact,0,S1_trawl_5_to_50:2015-08-12,1,4
MPL-0725,S1:66.4,S1_trawl_5_to_50,2015-08-13,compact,0,S1_trawl_5_to_50:2015-08-13,2,4
MPL-0726,S1:65.3,S1_trawl_5_to_50,2015-08-13,compact,0,S1_trawl_5_to_50:2015-08-13,2,4
MPL-0727,S1:66.3,S1_trawl_5_to_50,2015-08-13,compact,0,S1_trawl_5_to_50:2015-08-13,2,4
MPL-0736,S1:64.3,S1_trawl_5_to_50,2015-08-13,compact,0,S1_trawl_5_to_50:2015-08-13,2,4
MPL-0738,S1:63.3,S1_trawl_5_to_50,2015-08-13,compact,0,S1_trawl_5_to_50:2015-08-13,2,4
MPL-0739,S1:69.4,S1_trawl_5_to_50,2015-08-14,compact,0,S1_trawl_5_to_50:2015-08-14,3,0
MPL-0742,S1:68.4,S1_trawl_5_to_50,2015-08-14,compact,0,S1_trawl_5_to_50:2015-08-14,3,0
MPL-0747,S1:70.4,S1_trawl_5_to_50,2015-08-14,compact,0,S1_trawl_5_to_50:2015-08-14,3,0
MPL-0751,S1:67.4,S1_trawl_5_to_50,2015-08-14,compact,0,S1_trawl_5_to_50:2015-08-14,3,4
MPL-0753,S1:71.4,S1_trawl_5_to_50,2015-08-15,compact,0,S1_trawl_5_to_50:2015-08-15,2,0
MPL-0755,S1:72.4,S1_trawl_5_to_50,2015-08-15,compact,0,S1_trawl_5_to_50:2015-08-15,2,0
MPL-0756,S1:73.3,S1_trawl_5_to_50,2015-08-15,compact,0,S1_trawl_5_to_50:2015-08-15,2,0
MPL-0762,S1:74.3,S1_trawl_5_to_50,2015-08-16,compact,0,S1_trawl_5_to_50:2015-08-16,0,0
MPL-0763,S1:75.3,S1_trawl_5_to_50,2015-08-16,compact,0,S1_trawl_5_to_50:2015-08-16,0,4
MPL-0768,S1:77.3,S1_trawl_5_to_50,2015-08-17,compact,0,S1_trawl_5_to_50:2015-08-17,2,4
MPL-0770,S1:78.3,S1_trawl_5_to_50,2015-08-17,compact,0,S1_trawl_5_to_50:2015-08-17,2,4
MPL-0777,S1:79.4,S1_trawl_5_to_50,2015-08-18,compact,0,S1_trawl_5_to_50:2015-08-18,2,4
MPL-0778,S1:79.3,S1_trawl_5_to_50,2015-08-18,compact,0,S1_trawl_5_to_50:2015-08-18,2,4
MPL-0526,S1:0.1,S1_trawl_5_to_50,2015-07-25,compact,1,S1_trawl_5_to_50:2015-07-25,1,0
MPL-0530,S1:2.3,S1_trawl_5_to_50,2015-07-27,compact,1,S1_trawl_5_to_50:2015-07-27,0,2
MPL-0531,S1:1.3,S1_trawl_5_to_50,2015-07-27,compact,1,S1_trawl_5_to_50:2015-07-27,0,2
MPL-0535,S1:4.3,S1_trawl_5_to_50,2015-07-28,compact,1,S1_trawl_5_to_50:2015-07-28,2,2
MPL-0543,S1:3.3,S1_trawl_5_to_50,2015-07-28,compact,1,S1_trawl_5_to_50:2015-07-28,2,2
MPL-0544,S1:6.4,S1_trawl_5_to_50,2015-07-28,compact,1,S1_trawl_5_to_50:2015-07-28,2,2
MPL-0545,S1:6.3,S1_trawl_5_to_50,2015-07-28,compact,1,S1_trawl_5_to_50:2015-07-28,2,2
MPL-0546,S1:5.3,S1_trawl_5_to_50,2015-07-28,compact,1,S1_trawl_5_to_50:2015-07-28,2,2
MPL-0551,S1:9.4,S1_trawl_5_to_50,2015-07-29,compact,1,S1_trawl_5_to_50:2015-07-29,3,1
MPL-0554,S1:10.4,S1_trawl_5_to_50,2015-07-29,compact,1,S1_trawl_5_to_50:2015-07-29,3,1
MPL-0555,S1:8.4,S1_trawl_5_to_50,2015-07-29,compact,1,S1_trawl_5_to_50:2015-07-29,3,1
MPL-0559,S1:7.4,S1_trawl_5_to_50,2015-07-29,compact,1,S1_trawl_5_to_50:2015-07-29,3,2
MPL-0563,S1:11.4,S1_trawl_5_to_50,2015-07-29,compact,1,S1_trawl_5_to_50:2015-07-29,3,1
MPL-0566,S1:12.3,S1_trawl_5_to_50,2015-07-30,compact,1,S1_trawl_5_to_50:2015-07-30,3,1
MPL-0569,S1:13.3,S1_trawl_5_to_50,2015-07-30,compact,1,S1_trawl_5_to_50:2015-07-30,3,1
MPL-0570,S1:14.3,S1_trawl_5_to_50,2015-07-30,compact,1,S1_trawl_5_to_50:2015-07-30,3,3
MPL-0573,S1:17.4,S1_trawl_5_to_50,2015-07-31,compact,1,S1_trawl_5_to_50:2015-07-31,3,3
MPL-0574,S1:17.3,S1_trawl_5_to_50,2015-07-31,compact,1,S1_trawl_5_to_50:2015-07-31,3,3
MPL-0577,S1:15.3,S1_trawl_5_to_50,2015-07-31,compact,1,S1_trawl_5_to_50:2015-07-31,3,3
MPL-0581,S1:16.3,S1_trawl_5_to_50,2015-07-31,compact,1,S1_trawl_5_to_50:2015-07-31,3,3
MPL-0588,S1:20.4,S1_trawl_5_to_50,2015-08-01,compact,1,S1_trawl_5_to_50:2015-08-01,0,3
MPL-0590,S1:19.4,S1_trawl_5_to_50,2015-08-01,compact,1,S1_trawl_5_to_50:2015-08-01,0,3
MPL-0593,S1:18.4,S1_trawl_5_to_50,2015-08-01,compact,1,S1_trawl_5_to_50:2015-08-01,0,3
MPL-0596,S1:24.4,S1_trawl_5_to_50,2015-08-02,compact,1,S1_trawl_5_to_50:2015-08-02,0,1
MPL-0597,S1:21.4,S1_trawl_5_to_50,2015-08-02,compact,1,S1_trawl_5_to_50:2015-08-02,0,3
MPL-0599,S1:22.4,S1_trawl_5_to_50,2015-08-02,compact,1,S1_trawl_5_to_50:2015-08-02,0,1
MPL-0603,S1:27.3,S1_trawl_5_to_50,2015-08-03,compact,1,S1_trawl_5_to_50:2015-08-03,4,1
MPL-0606,S1:26.3,S1_trawl_5_to_50,2015-08-03,compact,1,S1_trawl_5_to_50:2015-08-03,4,1
MPL-0607,S1:25.3,S1_trawl_5_to_50,2015-08-03,compact,1,S1_trawl_5_to_50:2015-08-03,4,1
MPL-0610,S1:28.3,S1_trawl_5_to_50,2015-08-03,compact,1,S1_trawl_5_to_50:2015-08-03,4,2
MPL-0618,S1:31.4,S1_trawl_5_to_50,2015-08-04,compact,1,S1_trawl_5_to_50:2015-08-04,2,2
MPL-0621,S1:30.4,S1_trawl_5_to_50,2015-08-04,compact,1,S1_trawl_5_to_50:2015-08-04,2,2
MPL-0622,S1:29.3,S1_trawl_5_to_50,2015-08-04,compact,1,S1_trawl_5_to_50:2015-08-04,2,2
MPL-0623,S1:30.3,S1_trawl_5_to_50,2015-08-04,compact,1,S1_trawl_5_to_50:2015-08-04,2,2
MPL-0627,S1:32.4,S1_trawl_5_to_50,2015-08-04,compact,1,S1_trawl_5_to_50:2015-08-04,2,2
MPL-0631,S1:34.4,S1_trawl_5_to_50,2015-08-05,compact,1,S1_trawl_5_to_50:2015-08-05,2,2
MPL-0634,S1:33.4,S1_trawl_5_to_50,2015-08-05,compact,1,S1_trawl_5_to_50:2015-08-05,2,2
MPL-0637,S1:35.4,S1_trawl_5_to_50,2015-08-05,compact,1,S1_trawl_5_to_50:2015-08-05,2,0
MPL-0640,S1:39.3,S1_trawl_5_to_50,2015-08-06,compact,1,S1_trawl_5_to_50:2015-08-06,0,2
MPL-0642,S1:38.3,S1_trawl_5_to_50,2015-08-06,compact,1,S1_trawl_5_to_50:2015-08-06,0,2
MPL-0647,S1:36.3,S1_trawl_5_to_50,2015-08-06,compact,1,S1_trawl_5_to_50:2015-08-06,0,0
MPL-0648,S1:37.3,S1_trawl_5_to_50,2015-08-06,compact,1,S1_trawl_5_to_50:2015-08-06,0,0
MPL-0654,S1:41.3,S1_trawl_5_to_50,2015-08-07,compact,1,S1_trawl_5_to_50:2015-08-07,1,4
MPL-0656,S1:42.3,S1_trawl_5_to_50,2015-08-07,compact,1,S1_trawl_5_to_50:2015-08-07,1,4
MPL-0658,S1:42.4,S1_trawl_5_to_50,2015-08-07,compact,1,S1_trawl_5_to_50:2015-08-07,1,4
MPL-0660,S1:43.4,S1_trawl_5_to_50,2015-08-07,compact,1,S1_trawl_5_to_50:2015-08-07,1,4
MPL-0666,S1:45.4,S1_trawl_5_to_50,2015-08-08,compact,1,S1_trawl_5_to_50:2015-08-08,4,1
MPL-0668,S1:44.4,S1_trawl_5_to_50,2015-08-08,compact,1,S1_trawl_5_to_50:2015-08-08,4,1
MPL-0669,S1:47.4,S1_trawl_5_to_50,2015-08-08,compact,1,S1_trawl_5_to_50:2015-08-08,4,1
MPL-0671,S1:46.4,S1_trawl_5_to_50,2015-08-08,compact,1,S1_trawl_5_to_50:2015-08-08,4,1
MPL-0677,S1:48.4,S1_trawl_5_to_50,2015-08-09,compact,1,S1_trawl_5_to_50:2015-08-09,4,3
MPL-0680,S1:51.3,S1_trawl_5_to_50,2015-08-09,compact,1,S1_trawl_5_to_50:2015-08-09,4,3
MPL-0684,S1:49.3,S1_trawl_5_to_50,2015-08-09,compact,1,S1_trawl_5_to_50:2015-08-09,4,3
MPL-0687,S1:50.3,S1_trawl_5_to_50,2015-08-09,compact,1,S1_trawl_5_to_50:2015-08-09,4,3
MPL-0691,S1:52.3,S1_trawl_5_to_50,2015-08-10,compact,1,S1_trawl_5_to_50:2015-08-10,3,3
MPL-0694,S1:53.3,S1_trawl_5_to_50,2015-08-10,compact,1,S1_trawl_5_to_50:2015-08-10,3,3
MPL-0699,S1:54.4,S1_trawl_5_to_50,2015-08-10,compact,1,S1_trawl_5_to_50:2015-08-10,3,3
MPL-0701,S1:54.3,S1_trawl_5_to_50,2015-08-10,compact,1,S1_trawl_5_to_50:2015-08-10,3,3
MPL-0705,S1:57.4,S1_trawl_5_to_50,2015-08-11,compact,1,S1_trawl_5_to_50:2015-08-11,2,3
MPL-0710,S1:58.4,S1_trawl_5_to_50,2015-08-11,compact,1,S1_trawl_5_to_50:2015-08-11,2,3
MPL-0711,S1:56.4,S1_trawl_5_to_50,2015-08-11,compact,1,S1_trawl_5_to_50:2015-08-11,2,3
MPL-0715,S1:55.4,S1_trawl_5_to_50,2015-08-11,compact,1,S1_trawl_5_to_50:2015-08-11,2,3
MPL-0716,S1:61.3,S1_trawl_5_to_50,2015-08-12,compact,1,S1_trawl_5_to_50:2015-08-12,0,4
MPL-0721,S1:60.4,S1_trawl_5_to_50,2015-08-12,compact,1,S1_trawl_5_to_50:2015-08-12,0,4
MPL-0724,S1:62.3,S1_trawl_5_to_50,2015-08-12,compact,1,S1_trawl_5_to_50:2015-08-12,0,4
MPL-0725,S1:66.4,S1_trawl_5_to_50,2015-08-13,compact,1,S1_trawl_5_to_50:2015-08-13,3,4
MPL-0726,S1:65.3,S1_trawl_5_to_50,2015-08-13,compact,1,S1_trawl_5_to_50:2015-08-13,3,4
MPL-0727,S1:66.3,S1_trawl_5_to_50,2015-08-13,compact,1,S1_trawl_5_to_50:2015-08-13,3,4
MPL-0736,S1:64.3,S1_trawl_5_to_50,2015-08-13,compact,1,S1_trawl_5_to_50:2015-08-13,3,4
MPL-0738,S1:63.3,S1_trawl_5_to_50,2015-08-13,compact,1,S1_trawl_5_to_50:2015-08-13,3,4
MPL-0739,S1:69.4,S1_trawl_5_to_50,2015-08-14,compact,1,S1_trawl_5_to_50:2015-08-14,4,0
MPL-0742,S1:68.4,S1_trawl_5_to_50,2015-08-14,compact,1,S1_trawl_5_to_50:2015-08-14,4,0
MPL-0747,S1:70.4,S1_trawl_5_to_50,2015-08-14,compact,1,S1_trawl_5_to_50:2015-08-14,4,0
MPL-0751,S1:67.4,S1_trawl_5_to_50,2015-08-14,compact,1,S1_trawl_5_to_50:2015-08-14,4,4
MPL-0753,S1:71.4,S1_trawl_5_to_50,2015-08-15,compact,1,S1_trawl_5_to_50:2015-08-15,1,0
MPL-0755,S1:72.4,S1_trawl_5_to_50,2015-08-15,compact,1,S1_trawl_5_to_50:2015-08-15,1,0
MPL-0756,S1:73.3,S1_trawl_5_to_50,2015-08-15,compact,1,S1_trawl_5_to_50:2015-08-15,1,0
MPL-0762,S1:74.3,S1_trawl_5_to_50,2015-08-16,compact,1,S1_trawl_5_to_50:2015-08-16,1,0
MPL-0763,S1:75.3,S1_trawl_5_to_50,2015-08-16,compact,1,S1_trawl_5_to_50:2015-08-16,1,4
MPL-0768,S1:77.3,S1_trawl_5_to_50,2015-08-17,compact,1,S1_trawl_5_to_50:2015-08-17,2,4
MPL-0770,S1:78.3,S1_trawl_5_to_50,2015-08-17,compact,1,S1_trawl_5_to_50:2015-08-17,2,4
MPL-0777,S1:79.4,S1_trawl_5_to_50,2015-08-18,compact,1,S1_trawl_5_to_50:2015-08-18,1,4
MPL-0778,S1:79.3,S1_trawl_5_to_50,2015-08-18,compact,1,S1_trawl_5_to_50:2015-08-18,1,4
MPL-0526,S1:0.1,S1_trawl_5_to_50,2015-07-25,compact,2,S1_trawl_5_to_50:2015-07-25,1,0
MPL-0530,S1:2.3,S1_trawl_5_to_50,2015-07-27,compact,2,S1_trawl_5_to_50:2015-07-27,0,2
MPL-0531,S1:1.3,S1_trawl_5_to_50,2015-07-27,compact,2,S1_trawl_5_to_50:2015-07-27,0,2
MPL-0535,S1:4.3,S1_trawl_5_to_50,2015-07-28,compact,2,S1_trawl_5_to_50:2015-07-28,1,2
MPL-0543,S1:3.3,S1_trawl_5_to_50,2015-07-28,compact,2,S1_trawl_5_to_50:2015-07-28,1,2
MPL-0544,S1:6.4,S1_trawl_5_to_50,2015-07-28,compact,2,S1_trawl_5_to_50:2015-07-28,1,2
MPL-0545,S1:6.3,S1_trawl_5_to_50,2015-07-28,compact,2,S1_trawl_5_to_50:2015-07-28,1,2
MPL-0546,S1:5.3,S1_trawl_5_to_50,2015-07-28,compact,2,S1_trawl_5_to_50:2015-07-28,1,2
MPL-0551,S1:9.4,S1_trawl_5_to_50,2015-07-29,compact,2,S1_trawl_5_to_50:2015-07-29,2,1
MPL-0554,S1:10.4,S1_trawl_5_to_50,2015-07-29,compact,2,S1_trawl_5_to_50:2015-07-29,2,1
MPL-0555,S1:8.4,S1_trawl_5_to_50,2015-07-29,compact,2,S1_trawl_5_to_50:2015-07-29,2,1
MPL-0559,S1:7.4,S1_trawl_5_to_50,2015-07-29,compact,2,S1_trawl_5_to_50:2015-07-29,2,2
MPL-0563,S1:11.4,S1_trawl_5_to_50,2015-07-29,compact,2,S1_trawl_5_to_50:2015-07-29,2,1
MPL-0566,S1:12.3,S1_trawl_5_to_50,2015-07-30,compact,2,S1_trawl_5_to_50:2015-07-30,3,1
MPL-0569,S1:13.3,S1_trawl_5_to_50,2015-07-30,compact,2,S1_trawl_5_to_50:2015-07-30,3,1
MPL-0570,S1:14.3,S1_trawl_5_to_50,2015-07-30,compact,2,S1_trawl_5_to_50:2015-07-30,3,3
MPL-0573,S1:17.4,S1_trawl_5_to_50,2015-07-31,compact,2,S1_trawl_5_to_50:2015-07-31,1,3
MPL-0574,S1:17.3,S1_trawl_5_to_50,2015-07-31,compact,2,S1_trawl_5_to_50:2015-07-31,1,3
MPL-0577,S1:15.3,S1_trawl_5_to_50,2015-07-31,compact,2,S1_trawl_5_to_50:2015-07-31,1,3
MPL-0581,S1:16.3,S1_trawl_5_to_50,2015-07-31,compact,2,S1_trawl_5_to_50:2015-07-31,1,3
MPL-0588,S1:20.4,S1_trawl_5_to_50,2015-08-01,compact,2,S1_trawl_5_to_50:2015-08-01,3,3
MPL-0590,S1:19.4,S1_trawl_5_to_50,2015-08-01,compact,2,S1_trawl_5_to_50:2015-08-01,3,3
MPL-0593,S1:18.4,S1_trawl_5_to_50,2015-08-01,compact,2,S1_trawl_5_to_50:2015-08-01,3,3
MPL-0596,S1:24.4,S1_trawl_5_to_50,2015-08-02,compact,2,S1_trawl_5_to_50:2015-08-02,0,1
MPL-0597,S1:21.4,S1_trawl_5_to_50,2015-08-02,compact,2,S1_trawl_5_to_50:2015-08-02,0,3
MPL-0599,S1:22.4,S1_trawl_5_to_50,2015-08-02,compact,2,S1_trawl_5_to_50:2015-08-02,0,1
MPL-0603,S1:27.3,S1_trawl_5_to_50,2015-08-03,compact,2,S1_trawl_5_to_50:2015-08-03,2,1
MPL-0606,S1:26.3,S1_trawl_5_to_50,2015-08-03,compact,2,S1_trawl_5_to_50:2015-08-03,2,1
MPL-0607,S1:25.3,S1_trawl_5_to_50,2015-08-03,compact,2,S1_trawl_5_to_50:2015-08-03,2,1
MPL-0610,S1:28.3,S1_trawl_5_to_50,2015-08-03,compact,2,S1_trawl_5_to_50:2015-08-03,2,2
MPL-0618,S1:31.4,S1_trawl_5_to_50,2015-08-04,compact,2,S1_trawl_5_to_50:2015-08-04,2,2
MPL-0621,S1:30.4,S1_trawl_5_to_50,2015-08-04,compact,2,S1_trawl_5_to_50:2015-08-04,2,2
MPL-0622,S1:29.3,S1_trawl_5_to_50,2015-08-04,compact,2,S1_trawl_5_to_50:2015-08-04,2,2
MPL-0623,S1:30.3,S1_trawl_5_to_50,2015-08-04,compact,2,S1_trawl_5_to_50:2015-08-04,2,2
MPL-0627,S1:32.4,S1_trawl_5_to_50,2015-08-04,compact,2,S1_trawl_5_to_50:2015-08-04,2,2
MPL-0631,S1:34.4,S1_trawl_5_to_50,2015-08-05,compact,2,S1_trawl_5_to_50:2015-08-05,3,2
MPL-0634,S1:33.4,S1_trawl_5_to_50,2015-08-05,compact,2,S1_trawl_5_to_50:2015-08-05,3,2
MPL-0637,S1:35.4,S1_trawl_5_to_50,2015-08-05,compact,2,S1_trawl_5_to_50:2015-08-05,3,0
MPL-0640,S1:39.3,S1_trawl_5_to_50,2015-08-06,compact,2,S1_trawl_5_to_50:2015-08-06,0,2
MPL-0642,S1:38.3,S1_trawl_5_to_50,2015-08-06,compact,2,S1_trawl_5_to_50:2015-08-06,0,2
MPL-0647,S1:36.3,S1_trawl_5_to_50,2015-08-06,compact,2,S1_trawl_5_to_50:2015-08-06,0,0
MPL-0648,S1:37.3,S1_trawl_5_to_50,2015-08-06,compact,2,S1_trawl_5_to_50:2015-08-06,0,0
MPL-0654,S1:41.3,S1_trawl_5_to_50,2015-08-07,compact,2,S1_trawl_5_to_50:2015-08-07,3,4
MPL-0656,S1:42.3,S1_trawl_5_to_50,2015-08-07,compact,2,S1_trawl_5_to_50:2015-08-07,3,4
MPL-0658,S1:42.4,S1_trawl_5_to_50,2015-08-07,compact,2,S1_trawl_5_to_50:2015-08-07,3,4
MPL-0660,S1:43.4,S1_trawl_5_to_50,2015-08-07,compact,2,S1_trawl_5_to_50:2015-08-07,3,4
MPL-0666,S1:45.4,S1_trawl_5_to_50,2015-08-08,compact,2,S1_trawl_5_to_50:2015-08-08,3,1
MPL-0668,S1:44.4,S1_trawl_5_to_50,2015-08-08,compact,2,S1_trawl_5_to_50:2015-08-08,3,1
MPL-0669,S1:47.4,S1_trawl_5_to_50,2015-08-08,compact,2,S1_trawl_5_to_50:2015-08-08,3,1
MPL-0671,S1:46.4,S1_trawl_5_to_50,2015-08-08,compact,2,S1_trawl_5_to_50:2015-08-08,3,1
MPL-0677,S1:48.4,S1_trawl_5_to_50,2015-08-09,compact,2,S1_trawl_5_to_50:2015-08-09,4,3
MPL-0680,S1:51.3,S1_trawl_5_to_50,2015-08-09,compact,2,S1_trawl_5_to_50:2015-08-09,4,3
MPL-0684,S1:49.3,S1_trawl_5_to_50,2015-08-09,compact,2,S1_trawl_5_to_50:2015-08-09,4,3
MPL-0687,S1:50.3,S1_trawl_5_to_50,2015-08-09,compact,2,S1_trawl_5_to_50:2015-08-09,4,3
MPL-0691,S1:52.3,S1_trawl_5_to_50,2015-08-10,compact,2,S1_trawl_5_to_50:2015-08-10,1,3
MPL-0694,S1:53.3,S1_trawl_5_to_50,2015-08-10,compact,2,S1_trawl_5_to_50:2015-08-10,1,3
MPL-0699,S1:54.4,S1_trawl_5_to_50,2015-08-10,compact,2,S1_trawl_5_to_50:2015-08-10,1,3
MPL-0701,S1:54.3,S1_trawl_5_to_50,2015-08-10,compact,2,S1_trawl_5_to_50:2015-08-10,1,3
MPL-0705,S1:57.4,S1_trawl_5_to_50,2015-08-11,compact,2,S1_trawl_5_to_50:2015-08-11,0,3
MPL-0710,S1:58.4,S1_trawl_5_to_50,2015-08-11,compact,2,S1_trawl_5_to_50:2015-08-11,0,3
MPL-0711,S1:56.4,S1_trawl_5_to_50,2015-08-11,compact,2,S1_trawl_5_to_50:2015-08-11,0,3
MPL-0715,S1:55.4,S1_trawl_5_to_50,2015-08-11,compact,2,S1_trawl_5_to_50:2015-08-11,0,3
MPL-0716,S1:61.3,S1_trawl_5_to_50,2015-08-12,compact,2,S1_trawl_5_to_50:2015-08-12,2,4
MPL-0721,S1:60.4,S1_trawl_5_to_50,2015-08-12,compact,2,S1_trawl_5_to_50:2015-08-12,2,4
MPL-0724,S1:62.3,S1_trawl_5_to_50,2015-08-12,compact,2,S1_trawl_5_to_50:2015-08-12,2,4
MPL-0725,S1:66.4,S1_trawl_5_to_50,2015-08-13,compact,2,S1_trawl_5_to_50:2015-08-13,4,4
MPL-0726,S1:65.3,S1_trawl_5_to_50,2015-08-13,compact,2,S1_trawl_5_to_50:2015-08-13,4,4
MPL-0727,S1:66.3,S1_trawl_5_to_50,2015-08-13,compact,2,S1_trawl_5_to_50:2015-08-13,4,4
MPL-0736,S1:64.3,S1_trawl_5_to_50,2015-08-13,compact,2,S1_trawl_5_to_50:2015-08-13,4,4
MPL-0738,S1:63.3,S1_trawl_5_to_50,2015-08-13,compact,2,S1_trawl_5_to_50:2015-08-13,4,4
MPL-0739,S1:69.4,S1_trawl_5_to_50,2015-08-14,compact,2,S1_trawl_5_to_50:2015-08-14,1,0
MPL-0742,S1:68.4,S1_trawl_5_to_50,2015-08-14,compact,2,S1_trawl_5_to_50:2015-08-14,1,0
MPL-0747,S1:70.4,S1_trawl_5_to_50,2015-08-14,compact,2,S1_trawl_5_to_50:2015-08-14,1,0
MPL-0751,S1:67.4,S1_trawl_5_to_50,2015-08-14,compact,2,S1_trawl_5_to_50:2015-08-14,1,4
MPL-0753,S1:71.4,S1_trawl_5_to_50,2015-08-15,compact,2,S1_trawl_5_to_50:2015-08-15,4,0
MPL-0755,S1:72.4,S1_trawl_5_to_50,2015-08-15,compact,2,S1_trawl_5_to_50:2015-08-15,4,0
MPL-0756,S1:73.3,S1_trawl_5_to_50,2015-08-15,compact,2,S1_trawl_5_to_50:2015-08-15,4,0
MPL-0762,S1:74.3,S1_trawl_5_to_50,2015-08-16,compact,2,S1_trawl_5_to_50:2015-08-16,0,0
MPL-0763,S1:75.3,S1_trawl_5_to_50,2015-08-16,compact,2,S1_trawl_5_to_50:2015-08-16,0,4
MPL-0768,S1:77.3,S1_trawl_5_to_50,2015-08-17,compact,2,S1_trawl_5_to_50:2015-08-17,2,4
MPL-0770,S1:78.3,S1_trawl_5_to_50,2015-08-17,compact,2,S1_trawl_5_to_50:2015-08-17,2,4
MPL-0777,S1:79.4,S1_trawl_5_to_50,2015-08-18,compact,2,S1_trawl_5_to_50:2015-08-18,4,4
MPL-0778,S1:79.3,S1_trawl_5_to_50,2015-08-18,compact,2,S1_trawl_5_to_50:2015-08-18,4,4
MPL-0526,S1:0.1,S1_trawl_5_to_50,2015-07-25,compact,3,S1_trawl_5_to_50:2015-07-25,1,0
MPL-0530,S1:2.3,S1_trawl_5_to_50,2015-07-27,compact,3,S1_trawl_5_to_50:2015-07-27,3,2
MPL-0531,S1:1.3,S1_trawl_5_to_50,2015-07-27,compact,3,S1_trawl_5_to_50:2015-07-27,3,2
MPL-0535,S1:4.3,S1_trawl_5_to_50,2015-07-28,compact,3,S1_trawl_5_to_50:2015-07-28,2,2
MPL-0543,S1:3.3,S1_trawl_5_to_50,2015-07-28,compact,3,S1_trawl_5_to_50:2015-07-28,2,2
MPL-0544,S1:6.4,S1_trawl_5_to_50,2015-07-28,compact,3,S1_trawl_5_to_50:2015-07-28,2,2
MPL-0545,S1:6.3,S1_trawl_5_to_50,2015-07-28,compact,3,S1_trawl_5_to_50:2015-07-28,2,2
MPL-0546,S1:5.3,S1_trawl_5_to_50,2015-07-28,compact,3,S1_trawl_5_to_50:2015-07-28,2,2
MPL-0551,S1:9.4,S1_trawl_5_to_50,2015-07-29,compact,3,S1_trawl_5_to_50:2015-07-29,2,1
MPL-0554,S1:10.4,S1_trawl_5_to_50,2015-07-29,compact,3,S1_trawl_5_to_50:2015-07-29,2,1
MPL-0555,S1:8.4,S1_trawl_5_to_50,2015-07-29,compact,3,S1_trawl_5_to_50:2015-07-29,2,1
MPL-0559,S1:7.4,S1_trawl_5_to_50,2015-07-29,compact,3,S1_trawl_5_to_50:2015-07-29,2,2
MPL-0563,S1:11.4,S1_trawl_5_to_50,2015-07-29,compact,3,S1_trawl_5_to_50:2015-07-29,2,1
MPL-0566,S1:12.3,S1_trawl_5_to_50,2015-07-30,compact,3,S1_trawl_5_to_50:2015-07-30,2,1
MPL-0569,S1:13.3,S1_trawl_5_to_50,2015-07-30,compact,3,S1_trawl_5_to_50:2015-07-30,2,1
MPL-0570,S1:14.3,S1_trawl_5_to_50,2015-07-30,compact,3,S1_trawl_5_to_50:2015-07-30,2,3
MPL-0573,S1:17.4,S1_trawl_5_to_50,2015-07-31,compact,3,S1_trawl_5_to_50:2015-07-31,0,3
MPL-0574,S1:17.3,S1_trawl_5_to_50,2015-07-31,compact,3,S1_trawl_5_to_50:2015-07-31,0,3
MPL-0577,S1:15.3,S1_trawl_5_to_50,2015-07-31,compact,3,S1_trawl_5_to_50:2015-07-31,0,3
MPL-0581,S1:16.3,S1_trawl_5_to_50,2015-07-31,compact,3,S1_trawl_5_to_50:2015-07-31,0,3
MPL-0588,S1:20.4,S1_trawl_5_to_50,2015-08-01,compact,3,S1_trawl_5_to_50:2015-08-01,3,3
MPL-0590,S1:19.4,S1_trawl_5_to_50,2015-08-01,compact,3,S1_trawl_5_to_50:2015-08-01,3,3
MPL-0593,S1:18.4,S1_trawl_5_to_50,2015-08-01,compact,3,S1_trawl_5_to_50:2015-08-01,3,3
MPL-0596,S1:24.4,S1_trawl_5_to_50,2015-08-02,compact,3,S1_trawl_5_to_50:2015-08-02,1,1
MPL-0597,S1:21.4,S1_trawl_5_to_50,2015-08-02,compact,3,S1_trawl_5_to_50:2015-08-02,1,3
MPL-0599,S1:22.4,S1_trawl_5_to_50,2015-08-02,compact,3,S1_trawl_5_to_50:2015-08-02,1,1
MPL-0603,S1:27.3,S1_trawl_5_to_50,2015-08-03,compact,3,S1_trawl_5_to_50:2015-08-03,2,1
MPL-0606,S1:26.3,S1_trawl_5_to_50,2015-08-03,compact,3,S1_trawl_5_to_50:2015-08-03,2,1
MPL-0607,S1:25.3,S1_trawl_5_to_50,2015-08-03,compact,3,S1_trawl_5_to_50:2015-08-03,2,1
MPL-0610,S1:28.3,S1_trawl_5_to_50,2015-08-03,compact,3,S1_trawl_5_to_50:2015-08-03,2,2
MPL-0618,S1:31.4,S1_trawl_5_to_50,2015-08-04,compact,3,S1_trawl_5_to_50:2015-08-04,0,2
MPL-0621,S1:30.4,S1_trawl_5_to_50,2015-08-04,compact,3,S1_trawl_5_to_50:2015-08-04,0,2
MPL-0622,S1:29.3,S1_trawl_5_to_50,2015-08-04,compact,3,S1_trawl_5_to_50:2015-08-04,0,2
MPL-0623,S1:30.3,S1_trawl_5_to_50,2015-08-04,compact,3,S1_trawl_5_to_50:2015-08-04,0,2
MPL-0627,S1:32.4,S1_trawl_5_to_50,2015-08-04,compact,3,S1_trawl_5_to_50:2015-08-04,0,2
MPL-0631,S1:34.4,S1_trawl_5_to_50,2015-08-05,compact,3,S1_trawl_5_to_50:2015-08-05,0,2
MPL-0634,S1:33.4,S1_trawl_5_to_50,2015-08-05,compact,3,S1_trawl_5_to_50:2015-08-05,0,2
MPL-0637,S1:35.4,S1_trawl_5_to_50,2015-08-05,compact,3,S1_trawl_5_to_50:2015-08-05,0,0
MPL-0640,S1:39.3,S1_trawl_5_to_50,2015-08-06,compact,3,S1_trawl_5_to_50:2015-08-06,0,2
MPL-0642,S1:38.3,S1_trawl_5_to_50,2015-08-06,compact,3,S1_trawl_5_to_50:2015-08-06,0,2
MPL-0647,S1:36.3,S1_trawl_5_to_50,2015-08-06,compact,3,S1_trawl_5_to_50:2015-08-06,0,0
MPL-0648,S1:37.3,S1_trawl_5_to_50,2015-08-06,compact,3,S1_trawl_5_to_50:2015-08-06,0,0
MPL-0654,S1:41.3,S1_trawl_5_to_50,2015-08-07,compact,3,S1_trawl_5_to_50:2015-08-07,2,4
MPL-0656,S1:42.3,S1_trawl_5_to_50,2015-08-07,compact,3,S1_trawl_5_to_50:2015-08-07,2,4
MPL-0658,S1:42.4,S1_trawl_5_to_50,2015-08-07,compact,3,S1_trawl_5_to_50:2015-08-07,2,4
MPL-0660,S1:43.4,S1_trawl_5_to_50,2015-08-07,compact,3,S1_trawl_5_to_50:2015-08-07,2,4
MPL-0666,S1:45.4,S1_trawl_5_to_50,2015-08-08,compact,3,S1_trawl_5_to_50:2015-08-08,4,1
MPL-0668,S1:44.4,S1_trawl_5_to_50,2015-08-08,compact,3,S1_trawl_5_to_50:2015-08-08,4,1
MPL-0669,S1:47.4,S1_trawl_5_to_50,2015-08-08,compact,3,S1_trawl_5_to_50:2015-08-08,4,1
MPL-0671,S1:46.4,S1_trawl_5_to_50,2015-08-08,compact,3,S1_trawl_5_to_50:2015-08-08,4,1
MPL-0677,S1:48.4,S1_trawl_5_to_50,2015-08-09,compact,3,S1_trawl_5_to_50:2015-08-09,3,3
MPL-0680,S1:51.3,S1_trawl_5_to_50,2015-08-09,compact,3,S1_trawl_5_to_50:2015-08-09,3,3
MPL-0684,S1:49.3,S1_trawl_5_to_50,2015-08-09,compact,3,S1_trawl_5_to_50:2015-08-09,3,3
MPL-0687,S1:50.3,S1_trawl_5_to_50,2015-08-09,compact,3,S1_trawl_5_to_50:2015-08-09,3,3
MPL-0691,S1:52.3,S1_trawl_5_to_50,2015-08-10,compact,3,S1_trawl_5_to_50:2015-08-10,4,3
MPL-0694,S1:53.3,S1_trawl_5_to_50,2015-08-10,compact,3,S1_trawl_5_to_50:2015-08-10,4,3
MPL-0699,S1:54.4,S1_trawl_5_to_50,2015-08-10,compact,3,S1_trawl_5_to_50:2015-08-10,4,3
MPL-0701,S1:54.3,S1_trawl_5_to_50,2015-08-10,compact,3,S1_trawl_5_to_50:2015-08-10,4,3
MPL-0705,S1:57.4,S1_trawl_5_to_50,2015-08-11,compact,3,S1_trawl_5_to_50:2015-08-11,0,3
MPL-0710,S1:58.4,S1_trawl_5_to_50,2015-08-11,compact,3,S1_trawl_5_to_50:2015-08-11,0,3
MPL-0711,S1:56.4,S1_trawl_5_to_50,2015-08-11,compact,3,S1_trawl_5_to_50:2015-08-11,0,3
MPL-0715,S1:55.4,S1_trawl_5_to_50,2015-08-11,compact,3,S1_trawl_5_to_50:2015-08-11,0,3
MPL-0716,S1:61.3,S1_trawl_5_to_50,2015-08-12,compact,3,S1_trawl_5_to_50:2015-08-12,3,4
MPL-0721,S1:60.4,S1_trawl_5_to_50,2015-08-12,compact,3,S1_trawl_5_to_50:2015-08-12,3,4
MPL-0724,S1:62.3,S1_trawl_5_to_50,2015-08-12,compact,3,S1_trawl_5_to_50:2015-08-12,3,4
MPL-0725,S1:66.4,S1_trawl_5_to_50,2015-08-13,compact,3,S1_trawl_5_to_50:2015-08-13,4,4
MPL-0726,S1:65.3,S1_trawl_5_to_50,2015-08-13,compact,3,S1_trawl_5_to_50:2015-08-13,4,4
MPL-0727,S1:66.3,S1_trawl_5_to_50,2015-08-13,compact,3,S1_trawl_5_to_50:2015-08-13,4,4
MPL-0736,S1:64.3,S1_trawl_5_to_50,2015-08-13,compact,3,S1_trawl_5_to_50:2015-08-13,4,4
MPL-0738,S1:63.3,S1_trawl_5_to_50,2015-08-13,compact,3,S1_trawl_5_to_50:2015-08-13,4,4
MPL-0739,S1:69.4,S1_trawl_5_to_50,2015-08-14,compact,3,S1_trawl_5_to_50:2015-08-14,3,0
MPL-0742,S1:68.4,S1_trawl_5_to_50,2015-08-14,compact,3,S1_trawl_5_to_50:2015-08-14,3,0
MPL-0747,S1:70.4,S1_trawl_5_to_50,2015-08-14,compact,3,S1_trawl_5_to_50:2015-08-14,3,0
MPL-0751,S1:67.4,S1_trawl_5_to_50,2015-08-14,compact,3,S1_trawl_5_to_50:2015-08-14,3,4
MPL-0753,S1:71.4,S1_trawl_5_to_50,2015-08-15,compact,3,S1_trawl_5_to_50:2015-08-15,4,0
MPL-0755,S1:72.4,S1_trawl_5_to_50,2015-08-15,compact,3,S1_trawl_5_to_50:2015-08-15,4,0
MPL-0756,S1:73.3,S1_trawl_5_to_50,2015-08-15,compact,3,S1_trawl_5_to_50:2015-08-15,4,0
MPL-0762,S1:74.3,S1_trawl_5_to_50,2015-08-16,compact,3,S1_trawl_5_to_50:2015-08-16,1,0
MPL-0763,S1:75.3,S1_trawl_5_to_50,2015-08-16,compact,3,S1_trawl_5_to_50:2015-08-16,1,4
MPL-0768,S1:77.3,S1_trawl_5_to_50,2015-08-17,compact,3,S1_trawl_5_to_50:2015-08-17,1,4
MPL-0770,S1:78.3,S1_trawl_5_to_50,2015-08-17,compact,3,S1_trawl_5_to_50:2015-08-17,1,4
MPL-0777,S1:79.4,S1_trawl_5_to_50,2015-08-18,compact,3,S1_trawl_5_to_50:2015-08-18,1,4
MPL-0778,S1:79.3,S1_trawl_5_to_50,2015-08-18,compact,3,S1_trawl_5_to_50:2015-08-18,1,4
MPL-0526,S1:0.1,S1_trawl_5_to_50,2015-07-25,compact,4,S1_trawl_5_to_50:2015-07-25,1,0
MPL-0530,S1:2.3,S1_trawl_5_to_50,2015-07-27,compact,4,S1_trawl_5_to_50:2015-07-27,3,2
MPL-0531,S1:1.3,S1_trawl_5_to_50,2015-07-27,compact,4,S1_trawl_5_to_50:2015-07-27,3,2
MPL-0535,S1:4.3,S1_trawl_5_to_50,2015-07-28,compact,4,S1_trawl_5_to_50:2015-07-28,3,2
MPL-0543,S1:3.3,S1_trawl_5_to_50,2015-07-28,compact,4,S1_trawl_5_to_50:2015-07-28,3,2
MPL-0544,S1:6.4,S1_trawl_5_to_50,2015-07-28,compact,4,S1_trawl_5_to_50:2015-07-28,3,2
MPL-0545,S1:6.3,S1_trawl_5_to_50,2015-07-28,compact,4,S1_trawl_5_to_50:2015-07-28,3,2
MPL-0546,S1:5.3,S1_trawl_5_to_50,2015-07-28,compact,4,S1_trawl_5_to_50:2015-07-28,3,2
MPL-0551,S1:9.4,S1_trawl_5_to_50,2015-07-29,compact,4,S1_trawl_5_to_50:2015-07-29,0,1
MPL-0554,S1:10.4,S1_trawl_5_to_50,2015-07-29,compact,4,S1_trawl_5_to_50:2015-07-29,0,1
MPL-0555,S1:8.4,S1_trawl_5_to_50,2015-07-29,compact,4,S1_trawl_5_to_50:2015-07-29,0,1
MPL-0559,S1:7.4,S1_trawl_5_to_50,2015-07-29,compact,4,S1_trawl_5_to_50:2015-07-29,0,2
MPL-0563,S1:11.4,S1_trawl_5_to_50,2015-07-29,compact,4,S1_trawl_5_to_50:2015-07-29,0,1
MPL-0566,S1:12.3,S1_trawl_5_to_50,2015-07-30,compact,4,S1_trawl_5_to_50:2015-07-30,3,1
MPL-0569,S1:13.3,S1_trawl_5_to_50,2015-07-30,compact,4,S1_trawl_5_to_50:2015-07-30,3,1
MPL-0570,S1:14.3,S1_trawl_5_to_50,2015-07-30,compact,4,S1_trawl_5_to_50:2015-07-30,3,3
MPL-0573,S1:17.4,S1_trawl_5_to_50,2015-07-31,compact,4,S1_trawl_5_to_50:2015-07-31,4,3
MPL-0574,S1:17.3,S1_trawl_5_to_50,2015-07-31,compact,4,S1_trawl_5_to_50:2015-07-31,4,3
MPL-0577,S1:15.3,S1_trawl_5_to_50,2015-07-31,compact,4,S1_trawl_5_to_50:2015-07-31,4,3
MPL-0581,S1:16.3,S1_trawl_5_to_50,2015-07-31,compact,4,S1_trawl_5_to_50:2015-07-31,4,3
MPL-0588,S1:20.4,S1_trawl_5_to_50,2015-08-01,compact,4,S1_trawl_5_to_50:2015-08-01,0,3
MPL-0590,S1:19.4,S1_trawl_5_to_50,2015-08-01,compact,4,S1_trawl_5_to_50:2015-08-01,0,3
MPL-0593,S1:18.4,S1_trawl_5_to_50,2015-08-01,compact,4,S1_trawl_5_to_50:2015-08-01,0,3
MPL-0596,S1:24.4,S1_trawl_5_to_50,2015-08-02,compact,4,S1_trawl_5_to_50:2015-08-02,2,1
MPL-0597,S1:21.4,S1_trawl_5_to_50,2015-08-02,compact,4,S1_trawl_5_to_50:2015-08-02,2,3
MPL-0599,S1:22.4,S1_trawl_5_to_50,2015-08-02,compact,4,S1_trawl_5_to_50:2015-08-02,2,1
MPL-0603,S1:27.3,S1_trawl_5_to_50,2015-08-03,compact,4,S1_trawl_5_to_50:2015-08-03,4,1
MPL-0606,S1:26.3,S1_trawl_5_to_50,2015-08-03,compact,4,S1_trawl_5_to_50:2015-08-03,4,1
MPL-0607,S1:25.3,S1_trawl_5_to_50,2015-08-03,compact,4,S1_trawl_5_to_50:2015-08-03,4,1
MPL-0610,S1:28.3,S1_trawl_5_to_50,2015-08-03,compact,4,S1_trawl_5_to_50:2015-08-03,4,2
MPL-0618,S1:31.4,S1_trawl_5_to_50,2015-08-04,compact,4,S1_trawl_5_to_50:2015-08-04,2,2
MPL-0621,S1:30.4,S1_trawl_5_to_50,2015-08-04,compact,4,S1_trawl_5_to_50:2015-08-04,2,2
MPL-0622,S1:29.3,S1_trawl_5_to_50,2015-08-04,compact,4,S1_trawl_5_to_50:2015-08-04,2,2
MPL-0623,S1:30.3,S1_trawl_5_to_50,2015-08-04,compact,4,S1_trawl_5_to_50:2015-08-04,2,2
MPL-0627,S1:32.4,S1_trawl_5_to_50,2015-08-04,compact,4,S1_trawl_5_to_50:2015-08-04,2,2
MPL-0631,S1:34.4,S1_trawl_5_to_50,2015-08-05,compact,4,S1_trawl_5_to_50:2015-08-05,4,2
MPL-0634,S1:33.4,S1_trawl_5_to_50,2015-08-05,compact,4,S1_trawl_5_to_50:2015-08-05,4,2
MPL-0637,S1:35.4,S1_trawl_5_to_50,2015-08-05,compact,4,S1_trawl_5_to_50:2015-08-05,4,0
MPL-0640,S1:39.3,S1_trawl_5_to_50,2015-08-06,compact,4,S1_trawl_5_to_50:2015-08-06,3,2
MPL-0642,S1:38.3,S1_trawl_5_to_50,2015-08-06,compact,4,S1_trawl_5_to_50:2015-08-06,3,2
MPL-0647,S1:36.3,S1_trawl_5_to_50,2015-08-06,compact,4,S1_trawl_5_to_50:2015-08-06,3,0
MPL-0648,S1:37.3,S1_trawl_5_to_50,2015-08-06,compact,4,S1_trawl_5_to_50:2015-08-06,3,0
MPL-0654,S1:41.3,S1_trawl_5_to_50,2015-08-07,compact,4,S1_trawl_5_to_50:2015-08-07,1,4
MPL-0656,S1:42.3,S1_trawl_5_to_50,2015-08-07,compact,4,S1_trawl_5_to_50:2015-08-07,1,4
MPL-0658,S1:42.4,S1_trawl_5_to_50,2015-08-07,compact,4,S1_trawl_5_to_50:2015-08-07,1,4
MPL-0660,S1:43.4,S1_trawl_5_to_50,2015-08-07,compact,4,S1_trawl_5_to_50:2015-08-07,1,4
MPL-0666,S1:45.4,S1_trawl_5_to_50,2015-08-08,compact,4,S1_trawl_5_to_50:2015-08-08,3,1
MPL-0668,S1:44.4,S1_trawl_5_to_50,2015-08-08,compact,4,S1_trawl_5_to_50:2015-08-08,3,1
MPL-0669,S1:47.4,S1_trawl_5_to_50,2015-08-08,compact,4,S1_trawl_5_to_50:2015-08-08,3,1
MPL-0671,S1:46.4,S1_trawl_5_to_50,2015-08-08,compact,4,S1_trawl_5_to_50:2015-08-08,3,1
MPL-0677,S1:48.4,S1_trawl_5_to_50,2015-08-09,compact,4,S1_trawl_5_to_50:2015-08-09,0,3
MPL-0680,S1:51.3,S1_trawl_5_to_50,2015-08-09,compact,4,S1_trawl_5_to_50:2015-08-09,0,3
MPL-0684,S1:49.3,S1_trawl_5_to_50,2015-08-09,compact,4,S1_trawl_5_to_50:2015-08-09,0,3
MPL-0687,S1:50.3,S1_trawl_5_to_50,2015-08-09,compact,4,S1_trawl_5_to_50:2015-08-09,0,3
MPL-0691,S1:52.3,S1_trawl_5_to_50,2015-08-10,compact,4,S1_trawl_5_to_50:2015-08-10,0,3
MPL-0694,S1:53.3,S1_trawl_5_to_50,2015-08-10,compact,4,S1_trawl_5_to_50:2015-08-10,0,3
MPL-0699,S1:54.4,S1_trawl_5_to_50,2015-08-10,compact,4,S1_trawl_5_to_50:2015-08-10,0,3
MPL-0701,S1:54.3,S1_trawl_5_to_50,2015-08-10,compact,4,S1_trawl_5_to_50:2015-08-10,0,3
MPL-0705,S1:57.4,S1_trawl_5_to_50,2015-08-11,compact,4,S1_trawl_5_to_50:2015-08-11,2,3
MPL-0710,S1:58.4,S1_trawl_5_to_50,2015-08-11,compact,4,S1_trawl_5_to_50:2015-08-11,2,3
MPL-0711,S1:56.4,S1_trawl_5_to_50,2015-08-11,compact,4,S1_trawl_5_to_50:2015-08-11,2,3
MPL-0715,S1:55.4,S1_trawl_5_to_50,2015-08-11,compact,4,S1_trawl_5_to_50:2015-08-11,2,3
MPL-0716,S1:61.3,S1_trawl_5_to_50,2015-08-12,compact,4,S1_trawl_5_to_50:2015-08-12,1,4
MPL-0721,S1:60.4,S1_trawl_5_to_50,2015-08-12,compact,4,S1_trawl_5_to_50:2015-08-12,1,4
MPL-0724,S1:62.3,S1_trawl_5_to_50,2015-08-12,compact,4,S1_trawl_5_to_50:2015-08-12,1,4
MPL-0725,S1:66.4,S1_trawl_5_to_50,2015-08-13,compact,4,S1_trawl_5_to_50:2015-08-13,4,4
MPL-0726,S1:65.3,S1_trawl_5_to_50,2015-08-13,compact,4,S1_trawl_5_to_50:2015-08-13,4,4
MPL-0727,S1:66.3,S1_trawl_5_to_50,2015-08-13,compact,4,S1_trawl_5_to_50:2015-08-13,4,4
MPL-0736,S1:64.3,S1_trawl_5_to_50,2015-08-13,compact,4,S1_trawl_5_to_50:2015-08-13,4,4
MPL-0738,S1:63.3,S1_trawl_5_to_50,2015-08-13,compact,4,S1_trawl_5_to_50:2015-08-13,4,4
MPL-0739,S1:69.4,S1_trawl_5_to_50,2015-08-14,compact,4,S1_trawl_5_to_50:2015-08-14,2,0
MPL-0742,S1:68.4,S1_trawl_5_to_50,2015-08-14,compact,4,S1_trawl_5_to_50:2015-08-14,2,0
MPL-0747,S1:70.4,S1_trawl_5_to_50,2015-08-14,compact,4,S1_trawl_5_to_50:2015-08-14,2,0
MPL-0751,S1:67.4,S1_trawl_5_to_50,2015-08-14,compact,4,S1_trawl_5_to_50:2015-08-14,2,4
MPL-0753,S1:71.4,S1_trawl_5_to_50,2015-08-15,compact,4,S1_trawl_5_to_50:2015-08-15,1,0
MPL-0755,S1:72.4,S1_trawl_5_to_50,2015-08-15,compact,4,S1_trawl_5_to_50:2015-08-15,1,0
MPL-0756,S1:73.3,S1_trawl_5_to_50,2015-08-15,compact,4,S1_trawl_5_to_50:2015-08-15,1,0
MPL-0762,S1:74.3,S1_trawl_5_to_50,2015-08-16,compact,4,S1_trawl_5_to_50:2015-08-16,1,0
MPL-0763,S1:75.3,S1_trawl_5_to_50,2015-08-16,compact,4,S1_trawl_5_to_50:2015-08-16,1,4
MPL-0768,S1:77.3,S1_trawl_5_to_50,2015-08-17,compact,4,S1_trawl_5_to_50:2015-08-17,0,4
MPL-0770,S1:78.3,S1_trawl_5_to_50,2015-08-17,compact,4,S1_trawl_5_to_50:2015-08-17,0,4
MPL-0777,S1:79.4,S1_trawl_5_to_50,2015-08-18,compact,4,S1_trawl_5_to_50:2015-08-18,2,4
MPL-0778,S1:79.3,S1_trawl_5_to_50,2015-08-18,compact,4,S1_trawl_5_to_50:2015-08-18,2,4
MPL-0526,S1:0.1,S1_trawl_5_to_50,2015-07-25,compact,5,S1_trawl_5_to_50:2015-07-25,3,0
MPL-0530,S1:2.3,S1_trawl_5_to_50,2015-07-27,compact,5,S1_trawl_5_to_50:2015-07-27,4,2
MPL-0531,S1:1.3,S1_trawl_5_to_50,2015-07-27,compact,5,S1_trawl_5_to_50:2015-07-27,4,2
MPL-0535,S1:4.3,S1_trawl_5_to_50,2015-07-28,compact,5,S1_trawl_5_to_50:2015-07-28,3,2
MPL-0543,S1:3.3,S1_trawl_5_to_50,2015-07-28,compact,5,S1_trawl_5_to_50:2015-07-28,3,2
MPL-0544,S1:6.4,S1_trawl_5_to_50,2015-07-28,compact,5,S1_trawl_5_to_50:2015-07-28,3,2
MPL-0545,S1:6.3,S1_trawl_5_to_50,2015-07-28,compact,5,S1_trawl_5_to_50:2015-07-28,3,2
MPL-0546,S1:5.3,S1_trawl_5_to_50,2015-07-28,compact,5,S1_trawl_5_to_50:2015-07-28,3,2
MPL-0551,S1:9.4,S1_trawl_5_to_50,2015-07-29,compact,5,S1_trawl_5_to_50:2015-07-29,4,1
MPL-0554,S1:10.4,S1_trawl_5_to_50,2015-07-29,compact,5,S1_trawl_5_to_50:2015-07-29,4,1
MPL-0555,S1:8.4,S1_trawl_5_to_50,2015-07-29,compact,5,S1_trawl_5_to_50:2015-07-29,4,1
MPL-0559,S1:7.4,S1_trawl_5_to_50,2015-07-29,compact,5,S1_trawl_5_to_50:2015-07-29,4,2
MPL-0563,S1:11.4,S1_trawl_5_to_50,2015-07-29,compact,5,S1_trawl_5_to_50:2015-07-29,4,1
MPL-0566,S1:12.3,S1_trawl_5_to_50,2015-07-30,compact,5,S1_trawl_5_to_50:2015-07-30,1,1
MPL-0569,S1:13.3,S1_trawl_5_to_50,2015-07-30,compact,5,S1_trawl_5_to_50:2015-07-30,1,1
MPL-0570,S1:14.3,S1_trawl_5_to_50,2015-07-30,compact,5,S1_trawl_5_to_50:2015-07-30,1,3
MPL-0573,S1:17.4,S1_trawl_5_to_50,2015-07-31,compact,5,S1_trawl_5_to_50:2015-07-31,0,3
MPL-0574,S1:17.3,S1_trawl_5_to_50,2015-07-31,compact,5,S1_trawl_5_to_50:2015-07-31,0,3
MPL-0577,S1:15.3,S1_trawl_5_to_50,2015-07-31,compact,5,S1_trawl_5_to_50:2015-07-31,0,3
MPL-0581,S1:16.3,S1_trawl_5_to_50,2015-07-31,compact,5,S1_trawl_5_to_50:2015-07-31,0,3
MPL-0588,S1:20.4,S1_trawl_5_to_50,2015-08-01,compact,5,S1_trawl_5_to_50:2015-08-01,1,3
MPL-0590,S1:19.4,S1_trawl_5_to_50,2015-08-01,compact,5,S1_trawl_5_to_50:2015-08-01,1,3
MPL-0593,S1:18.4,S1_trawl_5_to_50,2015-08-01,compact,5,S1_trawl_5_to_50:2015-08-01,1,3
MPL-0596,S1:24.4,S1_trawl_5_to_50,2015-08-02,compact,5,S1_trawl_5_to_50:2015-08-02,2,1
MPL-0597,S1:21.4,S1_trawl_5_to_50,2015-08-02,compact,5,S1_trawl_5_to_50:2015-08-02,2,3
MPL-0599,S1:22.4,S1_trawl_5_to_50,2015-08-02,compact,5,S1_trawl_5_to_50:2015-08-02,2,1
MPL-0603,S1:27.3,S1_trawl_5_to_50,2015-08-03,compact,5,S1_trawl_5_to_50:2015-08-03,0,1
MPL-0606,S1:26.3,S1_trawl_5_to_50,2015-08-03,compact,5,S1_trawl_5_to_50:2015-08-03,0,1
MPL-0607,S1:25.3,S1_trawl_5_to_50,2015-08-03,compact,5,S1_trawl_5_to_50:2015-08-03,0,1
MPL-0610,S1:28.3,S1_trawl_5_to_50,2015-08-03,compact,5,S1_trawl_5_to_50:2015-08-03,0,2
MPL-0618,S1:31.4,S1_trawl_5_to_50,2015-08-04,compact,5,S1_trawl_5_to_50:2015-08-04,3,2
MPL-0621,S1:30.4,S1_trawl_5_to_50,2015-08-04,compact,5,S1_trawl_5_to_50:2015-08-04,3,2
MPL-0622,S1:29.3,S1_trawl_5_to_50,2015-08-04,compact,5,S1_trawl_5_to_50:2015-08-04,3,2
MPL-0623,S1:30.3,S1_trawl_5_to_50,2015-08-04,compact,5,S1_trawl_5_to_50:2015-08-04,3,2
MPL-0627,S1:32.4,S1_trawl_5_to_50,2015-08-04,compact,5,S1_trawl_5_to_50:2015-08-04,3,2
MPL-0631,S1:34.4,S1_trawl_5_to_50,2015-08-05,compact,5,S1_trawl_5_to_50:2015-08-05,2,2
MPL-0634,S1:33.4,S1_trawl_5_to_50,2015-08-05,compact,5,S1_trawl_5_to_50:2015-08-05,2,2
MPL-0637,S1:35.4,S1_trawl_5_to_50,2015-08-05,compact,5,S1_trawl_5_to_50:2015-08-05,2,0
MPL-0640,S1:39.3,S1_trawl_5_to_50,2015-08-06,compact,5,S1_trawl_5_to_50:2015-08-06,3,2
MPL-0642,S1:38.3,S1_trawl_5_to_50,2015-08-06,compact,5,S1_trawl_5_to_50:2015-08-06,3,2
MPL-0647,S1:36.3,S1_trawl_5_to_50,2015-08-06,compact,5,S1_trawl_5_to_50:2015-08-06,3,0
MPL-0648,S1:37.3,S1_trawl_5_to_50,2015-08-06,compact,5,S1_trawl_5_to_50:2015-08-06,3,0
MPL-0654,S1:41.3,S1_trawl_5_to_50,2015-08-07,compact,5,S1_trawl_5_to_50:2015-08-07,1,4
MPL-0656,S1:42.3,S1_trawl_5_to_50,2015-08-07,compact,5,S1_trawl_5_to_50:2015-08-07,1,4
MPL-0658,S1:42.4,S1_trawl_5_to_50,2015-08-07,compact,5,S1_trawl_5_to_50:2015-08-07,1,4
MPL-0660,S1:43.4,S1_trawl_5_to_50,2015-08-07,compact,5,S1_trawl_5_to_50:2015-08-07,1,4
MPL-0666,S1:45.4,S1_trawl_5_to_50,2015-08-08,compact,5,S1_trawl_5_to_50:2015-08-08,1,1
MPL-0668,S1:44.4,S1_trawl_5_to_50,2015-08-08,compact,5,S1_trawl_5_to_50:2015-08-08,1,1
MPL-0669,S1:47.4,S1_trawl_5_to_50,2015-08-08,compact,5,S1_trawl_5_to_50:2015-08-08,1,1
MPL-0671,S1:46.4,S1_trawl_5_to_50,2015-08-08,compact,5,S1_trawl_5_to_50:2015-08-08,1,1
MPL-0677,S1:48.4,S1_trawl_5_to_50,2015-08-09,compact,5,S1_trawl_5_to_50:2015-08-09,2,3
MPL-0680,S1:51.3,S1_trawl_5_to_50,2015-08-09,compact,5,S1_trawl_5_to_50:2015-08-09,2,3
MPL-0684,S1:49.3,S1_trawl_5_to_50,2015-08-09,compact,5,S1_trawl_5_to_50:2015-08-09,2,3
MPL-0687,S1:50.3,S1_trawl_5_to_50,2015-08-09,compact,5,S1_trawl_5_to_50:2015-08-09,2,3
MPL-0691,S1:52.3,S1_trawl_5_to_50,2015-08-10,compact,5,S1_trawl_5_to_50:2015-08-10,2,3
MPL-0694,S1:53.3,S1_trawl_5_to_50,2015-08-10,compact,5,S1_trawl_5_to_50:2015-08-10,2,3
MPL-0699,S1:54.4,S1_trawl_5_to_50,2015-08-10,compact,5,S1_trawl_5_to_50:2015-08-10,2,3
MPL-0701,S1:54.3,S1_trawl_5_to_50,2015-08-10,compact,5,S1_trawl_5_to_50:2015-08-10,2,3
MPL-0705,S1:57.4,S1_trawl_5_to_50,2015-08-11,compact,5,S1_trawl_5_to_50:2015-08-11,3,3
MPL-0710,S1:58.4,S1_trawl_5_to_50,2015-08-11,compact,5,S1_trawl_5_to_50:2015-08-11,3,3
MPL-0711,S1:56.4,S1_trawl_5_to_50,2015-08-11,compact,5,S1_trawl_5_to_50:2015-08-11,3,3
MPL-0715,S1:55.4,S1_trawl_5_to_50,2015-08-11,compact,5,S1_trawl_5_to_50:2015-08-11,3,3
MPL-0716,S1:61.3,S1_trawl_5_to_50,2015-08-12,compact,5,S1_trawl_5_to_50:2015-08-12,1,4
MPL-0721,S1:60.4,S1_trawl_5_to_50,2015-08-12,compact,5,S1_trawl_5_to_50:2015-08-12,1,4
MPL-0724,S1:62.3,S1_trawl_5_to_50,2015-08-12,compact,5,S1_trawl_5_to_50:2015-08-12,1,4
MPL-0725,S1:66.4,S1_trawl_5_to_50,2015-08-13,compact,5,S1_trawl_5_to_50:2015-08-13,0,4
MPL-0726,S1:65.3,S1_trawl_5_to_50,2015-08-13,compact,5,S1_trawl_5_to_50:2015-08-13,0,4
MPL-0727,S1:66.3,S1_trawl_5_to_50,2015-08-13,compact,5,S1_trawl_5_to_50:2015-08-13,0,4
MPL-0736,S1:64.3,S1_trawl_5_to_50,2015-08-13,compact,5,S1_trawl_5_to_50:2015-08-13,0,4
MPL-0738,S1:63.3,S1_trawl_5_to_50,2015-08-13,compact,5,S1_trawl_5_to_50:2015-08-13,0,4
MPL-0739,S1:69.4,S1_trawl_5_to_50,2015-08-14,compact,5,S1_trawl_5_to_50:2015-08-14,0,0
MPL-0742,S1:68.4,S1_trawl_5_to_50,2015-08-14,compact,5,S1_trawl_5_to_50:2015-08-14,0,0
MPL-0747,S1:70.4,S1_trawl_5_to_50,2015-08-14,compact,5,S1_trawl_5_to_50:2015-08-14,0,0
MPL-0751,S1:67.4,S1_trawl_5_to_50,2015-08-14,compact,5,S1_trawl_5_to_50:2015-08-14,0,4
MPL-0753,S1:71.4,S1_trawl_5_to_50,2015-08-15,compact,5,S1_trawl_5_to_50:2015-08-15,0,0
MPL-0755,S1:72.4,S1_trawl_5_to_50,2015-08-15,compact,5,S1_trawl_5_to_50:2015-08-15,0,0
MPL-0756,S1:73.3,S1_trawl_5_to_50,2015-08-15,compact,5,S1_trawl_5_to_50:2015-08-15,0,0
MPL-0762,S1:74.3,S1_trawl_5_to_50,2015-08-16,compact,5,S1_trawl_5_to_50:2015-08-16,4,0
MPL-0763,S1:75.3,S1_trawl_5_to_50,2015-08-16,compact,5,S1_trawl_5_to_50:2015-08-16,4,4
MPL-0768,S1:77.3,S1_trawl_5_to_50,2015-08-17,compact,5,S1_trawl_5_to_50:2015-08-17,4,4
MPL-0770,S1:78.3,S1_trawl_5_to_50,2015-08-17,compact,5,S1_trawl_5_to_50:2015-08-17,4,4
MPL-0777,S1:79.4,S1_trawl_5_to_50,2015-08-18,compact,5,S1_trawl_5_to_50:2015-08-18,2,4
MPL-0778,S1:79.3,S1_trawl_5_to_50,2015-08-18,compact,5,S1_trawl_5_to_50:2015-08-18,2,4
MPL-0526,S1:0.1,S1_trawl_5_to_50,2015-07-25,compact,6,S1_trawl_5_to_50:2015-07-25,0,0
MPL-0530,S1:2.3,S1_trawl_5_to_50,2015-07-27,compact,6,S1_trawl_5_to_50:2015-07-27,4,2
MPL-0531,S1:1.3,S1_trawl_5_to_50,2015-07-27,compact,6,S1_trawl_5_to_50:2015-07-27,4,2
MPL-0535,S1:4.3,S1_trawl_5_to_50,2015-07-28,compact,6,S1_trawl_5_to_50:2015-07-28,1,2
MPL-0543,S1:3.3,S1_trawl_5_to_50,2015-07-28,compact,6,S1_trawl_5_to_50:2015-07-28,1,2
MPL-0544,S1:6.4,S1_trawl_5_to_50,2015-07-28,compact,6,S1_trawl_5_to_50:2015-07-28,1,2
MPL-0545,S1:6.3,S1_trawl_5_to_50,2015-07-28,compact,6,S1_trawl_5_to_50:2015-07-28,1,2
MPL-0546,S1:5.3,S1_trawl_5_to_50,2015-07-28,compact,6,S1_trawl_5_to_50:2015-07-28,1,2
MPL-0551,S1:9.4,S1_trawl_5_to_50,2015-07-29,compact,6,S1_trawl_5_to_50:2015-07-29,4,1
MPL-0554,S1:10.4,S1_trawl_5_to_50,2015-07-29,compact,6,S1_trawl_5_to_50:2015-07-29,4,1
MPL-0555,S1:8.4,S1_trawl_5_to_50,2015-07-29,compact,6,S1_trawl_5_to_50:2015-07-29,4,1
MPL-0559,S1:7.4,S1_trawl_5_to_50,2015-07-29,compact,6,S1_trawl_5_to_50:2015-07-29,4,2
MPL-0563,S1:11.4,S1_trawl_5_to_50,2015-07-29,compact,6,S1_trawl_5_to_50:2015-07-29,4,1
MPL-0566,S1:12.3,S1_trawl_5_to_50,2015-07-30,compact,6,S1_trawl_5_to_50:2015-07-30,0,1
MPL-0569,S1:13.3,S1_trawl_5_to_50,2015-07-30,compact,6,S1_trawl_5_to_50:2015-07-30,0,1
MPL-0570,S1:14.3,S1_trawl_5_to_50,2015-07-30,compact,6,S1_trawl_5_to_50:2015-07-30,0,3
MPL-0573,S1:17.4,S1_trawl_5_to_50,2015-07-31,compact,6,S1_trawl_5_to_50:2015-07-31,0,3
MPL-0574,S1:17.3,S1_trawl_5_to_50,2015-07-31,compact,6,S1_trawl_5_to_50:2015-07-31,0,3
MPL-0577,S1:15.3,S1_trawl_5_to_50,2015-07-31,compact,6,S1_trawl_5_to_50:2015-07-31,0,3
MPL-0581,S1:16.3,S1_trawl_5_to_50,2015-07-31,compact,6,S1_trawl_5_to_50:2015-07-31,0,3
MPL-0588,S1:20.4,S1_trawl_5_to_50,2015-08-01,compact,6,S1_trawl_5_to_50:2015-08-01,2,3
MPL-0590,S1:19.4,S1_trawl_5_to_50,2015-08-01,compact,6,S1_trawl_5_to_50:2015-08-01,2,3
MPL-0593,S1:18.4,S1_trawl_5_to_50,2015-08-01,compact,6,S1_trawl_5_to_50:2015-08-01,2,3
MPL-0596,S1:24.4,S1_trawl_5_to_50,2015-08-02,compact,6,S1_trawl_5_to_50:2015-08-02,1,1
MPL-0597,S1:21.4,S1_trawl_5_to_50,2015-08-02,compact,6,S1_trawl_5_to_50:2015-08-02,1,3
MPL-0599,S1:22.4,S1_trawl_5_to_50,2015-08-02,compact,6,S1_trawl_5_to_50:2015-08-02,1,1
MPL-0603,S1:27.3,S1_trawl_5_to_50,2015-08-03,compact,6,S1_trawl_5_to_50:2015-08-03,4,1
MPL-0606,S1:26.3,S1_trawl_5_to_50,2015-08-03,compact,6,S1_trawl_5_to_50:2015-08-03,4,1
MPL-0607,S1:25.3,S1_trawl_5_to_50,2015-08-03,compact,6,S1_trawl_5_to_50:2015-08-03,4,1
MPL-0610,S1:28.3,S1_trawl_5_to_50,2015-08-03,compact,6,S1_trawl_5_to_50:2015-08-03,4,2
MPL-0618,S1:31.4,S1_trawl_5_to_50,2015-08-04,compact,6,S1_trawl_5_to_50:2015-08-04,2,2
MPL-0621,S1:30.4,S1_trawl_5_to_50,2015-08-04,compact,6,S1_trawl_5_to_50:2015-08-04,2,2
MPL-0622,S1:29.3,S1_trawl_5_to_50,2015-08-04,compact,6,S1_trawl_5_to_50:2015-08-04,2,2
MPL-0623,S1:30.3,S1_trawl_5_to_50,2015-08-04,compact,6,S1_trawl_5_to_50:2015-08-04,2,2
MPL-0627,S1:32.4,S1_trawl_5_to_50,2015-08-04,compact,6,S1_trawl_5_to_50:2015-08-04,2,2
MPL-0631,S1:34.4,S1_trawl_5_to_50,2015-08-05,compact,6,S1_trawl_5_to_50:2015-08-05,3,2
MPL-0634,S1:33.4,S1_trawl_5_to_50,2015-08-05,compact,6,S1_trawl_5_to_50:2015-08-05,3,2
MPL-0637,S1:35.4,S1_trawl_5_to_50,2015-08-05,compact,6,S1_trawl_5_to_50:2015-08-05,3,0
MPL-0640,S1:39.3,S1_trawl_5_to_50,2015-08-06,compact,6,S1_trawl_5_to_50:2015-08-06,3,2
MPL-0642,S1:38.3,S1_trawl_5_to_50,2015-08-06,compact,6,S1_trawl_5_to_50:2015-08-06,3,2
MPL-0647,S1:36.3,S1_trawl_5_to_50,2015-08-06,compact,6,S1_trawl_5_to_50:2015-08-06,3,0
MPL-0648,S1:37.3,S1_trawl_5_to_50,2015-08-06,compact,6,S1_trawl_5_to_50:2015-08-06,3,0
MPL-0654,S1:41.3,S1_trawl_5_to_50,2015-08-07,compact,6,S1_trawl_5_to_50:2015-08-07,1,4
MPL-0656,S1:42.3,S1_trawl_5_to_50,2015-08-07,compact,6,S1_trawl_5_to_50:2015-08-07,1,4
MPL-0658,S1:42.4,S1_trawl_5_to_50,2015-08-07,compact,6,S1_trawl_5_to_50:2015-08-07,1,4
MPL-0660,S1:43.4,S1_trawl_5_to_50,2015-08-07,compact,6,S1_trawl_5_to_50:2015-08-07,1,4
MPL-0666,S1:45.4,S1_trawl_5_to_50,2015-08-08,compact,6,S1_trawl_5_to_50:2015-08-08,3,1
MPL-0668,S1:44.4,S1_trawl_5_to_50,2015-08-08,compact,6,S1_trawl_5_to_50:2015-08-08,3,1
MPL-0669,S1:47.4,S1_trawl_5_to_50,2015-08-08,compact,6,S1_trawl_5_to_50:2015-08-08,3,1
MPL-0671,S1:46.4,S1_trawl_5_to_50,2015-08-08,compact,6,S1_trawl_5_to_50:2015-08-08,3,1
MPL-0677,S1:48.4,S1_trawl_5_to_50,2015-08-09,compact,6,S1_trawl_5_to_50:2015-08-09,1,3
MPL-0680,S1:51.3,S1_trawl_5_to_50,2015-08-09,compact,6,S1_trawl_5_to_50:2015-08-09,1,3
MPL-0684,S1:49.3,S1_trawl_5_to_50,2015-08-09,compact,6,S1_trawl_5_to_50:2015-08-09,1,3
MPL-0687,S1:50.3,S1_trawl_5_to_50,2015-08-09,compact,6,S1_trawl_5_to_50:2015-08-09,1,3
MPL-0691,S1:52.3,S1_trawl_5_to_50,2015-08-10,compact,6,S1_trawl_5_to_50:2015-08-10,1,3
MPL-0694,S1:53.3,S1_trawl_5_to_50,2015-08-10,compact,6,S1_trawl_5_to_50:2015-08-10,1,3
MPL-0699,S1:54.4,S1_trawl_5_to_50,2015-08-10,compact,6,S1_trawl_5_to_50:2015-08-10,1,3
MPL-0701,S1:54.3,S1_trawl_5_to_50,2015-08-10,compact,6,S1_trawl_5_to_50:2015-08-10,1,3
MPL-0705,S1:57.4,S1_trawl_5_to_50,2015-08-11,compact,6,S1_trawl_5_to_50:2015-08-11,2,3
MPL-0710,S1:58.4,S1_trawl_5_to_50,2015-08-11,compact,6,S1_trawl_5_to_50:2015-08-11,2,3
MPL-0711,S1:56.4,S1_trawl_5_to_50,2015-08-11,compact,6,S1_trawl_5_to_50:2015-08-11,2,3
MPL-0715,S1:55.4,S1_trawl_5_to_50,2015-08-11,compact,6,S1_trawl_5_to_50:2015-08-11,2,3
MPL-0716,S1:61.3,S1_trawl_5_to_50,2015-08-12,compact,6,S1_trawl_5_to_50:2015-08-12,2,4
MPL-0721,S1:60.4,S1_trawl_5_to_50,2015-08-12,compact,6,S1_trawl_5_to_50:2015-08-12,2,4
MPL-0724,S1:62.3,S1_trawl_5_to_50,2015-08-12,compact,6,S1_trawl_5_to_50:2015-08-12,2,4
MPL-0725,S1:66.4,S1_trawl_5_to_50,2015-08-13,compact,6,S1_trawl_5_to_50:2015-08-13,4,4
MPL-0726,S1:65.3,S1_trawl_5_to_50,2015-08-13,compact,6,S1_trawl_5_to_50:2015-08-13,4,4
MPL-0727,S1:66.3,S1_trawl_5_to_50,2015-08-13,compact,6,S1_trawl_5_to_50:2015-08-13,4,4
MPL-0736,S1:64.3,S1_trawl_5_to_50,2015-08-13,compact,6,S1_trawl_5_to_50:2015-08-13,4,4
MPL-0738,S1:63.3,S1_trawl_5_to_50,2015-08-13,compact,6,S1_trawl_5_to_50:2015-08-13,4,4
MPL-0739,S1:69.4,S1_trawl_5_to_50,2015-08-14,compact,6,S1_trawl_5_to_50:2015-08-14,3,0
MPL-0742,S1:68.4,S1_trawl_5_to_50,2015-08-14,compact,6,S1_trawl_5_to_50:2015-08-14,3,0
MPL-0747,S1:70.4,S1_trawl_5_to_50,2015-08-14,compact,6,S1_trawl_5_to_50:2015-08-14,3,0
MPL-0751,S1:67.4,S1_trawl_5_to_50,2015-08-14,compact,6,S1_trawl_5_to_50:2015-08-14,3,4
MPL-0753,S1:71.4,S1_trawl_5_to_50,2015-08-15,compact,6,S1_trawl_5_to_50:2015-08-15,2,0
MPL-0755,S1:72.4,S1_trawl_5_to_50,2015-08-15,compact,6,S1_trawl_5_to_50:2015-08-15,2,0
MPL-0756,S1:73.3,S1_trawl_5_to_50,2015-08-15,compact,6,S1_trawl_5_to_50:2015-08-15,2,0
MPL-0762,S1:74.3,S1_trawl_5_to_50,2015-08-16,compact,6,S1_trawl_5_to_50:2015-08-16,0,0
MPL-0763,S1:75.3,S1_trawl_5_to_50,2015-08-16,compact,6,S1_trawl_5_to_50:2015-08-16,0,4
MPL-0768,S1:77.3,S1_trawl_5_to_50,2015-08-17,compact,6,S1_trawl_5_to_50:2015-08-17,0,4
MPL-0770,S1:78.3,S1_trawl_5_to_50,2015-08-17,compact,6,S1_trawl_5_to_50:2015-08-17,0,4
MPL-0777,S1:79.4,S1_trawl_5_to_50,2015-08-18,compact,6,S1_trawl_5_to_50:2015-08-18,3,4
MPL-0778,S1:79.3,S1_trawl_5_to_50,2015-08-18,compact,6,S1_trawl_5_to_50:2015-08-18,3,4
MPL-0526,S1:0.1,S1_trawl_5_to_50,2015-07-25,compact,7,S1_trawl_5_to_50:2015-07-25,4,0
MPL-0530,S1:2.3,S1_trawl_5_to_50,2015-07-27,compact,7,S1_trawl_5_to_50:2015-07-27,3,2
MPL-0531,S1:1.3,S1_trawl_5_to_50,2015-07-27,compact,7,S1_trawl_5_to_50:2015-07-27,3,2
MPL-0535,S1:4.3,S1_trawl_5_to_50,2015-07-28,compact,7,S1_trawl_5_to_50:2015-07-28,4,2
MPL-0543,S1:3.3,S1_trawl_5_to_50,2015-07-28,compact,7,S1_trawl_5_to_50:2015-07-28,4,2
MPL-0544,S1:6.4,S1_trawl_5_to_50,2015-07-28,compact,7,S1_trawl_5_to_50:2015-07-28,4,2
MPL-0545,S1:6.3,S1_trawl_5_to_50,2015-07-28,compact,7,S1_trawl_5_to_50:2015-07-28,4,2
MPL-0546,S1:5.3,S1_trawl_5_to_50,2015-07-28,compact,7,S1_trawl_5_to_50:2015-07-28,4,2
MPL-0551,S1:9.4,S1_trawl_5_to_50,2015-07-29,compact,7,S1_trawl_5_to_50:2015-07-29,2,1
MPL-0554,S1:10.4,S1_trawl_5_to_50,2015-07-29,compact,7,S1_trawl_5_to_50:2015-07-29,2,1
MPL-0555,S1:8.4,S1_trawl_5_to_50,2015-07-29,compact,7,S1_trawl_5_to_50:2015-07-29,2,1
MPL-0559,S1:7.4,S1_trawl_5_to_50,2015-07-29,compact,7,S1_trawl_5_to_50:2015-07-29,2,2
MPL-0563,S1:11.4,S1_trawl_5_to_50,2015-07-29,compact,7,S1_trawl_5_to_50:2015-07-29,2,1
MPL-0566,S1:12.3,S1_trawl_5_to_50,2015-07-30,compact,7,S1_trawl_5_to_50:2015-07-30,1,1
MPL-0569,S1:13.3,S1_trawl_5_to_50,2015-07-30,compact,7,S1_trawl_5_to_50:2015-07-30,1,1
MPL-0570,S1:14.3,S1_trawl_5_to_50,2015-07-30,compact,7,S1_trawl_5_to_50:2015-07-30,1,3
MPL-0573,S1:17.4,S1_trawl_5_to_50,2015-07-31,compact,7,S1_trawl_5_to_50:2015-07-31,0,3
MPL-0574,S1:17.3,S1_trawl_5_to_50,2015-07-31,compact,7,S1_trawl_5_to_50:2015-07-31,0,3
MPL-0577,S1:15.3,S1_trawl_5_to_50,2015-07-31,compact,7,S1_trawl_5_to_50:2015-07-31,0,3
MPL-0581,S1:16.3,S1_trawl_5_to_50,2015-07-31,compact,7,S1_trawl_5_to_50:2015-07-31,0,3
MPL-0588,S1:20.4,S1_trawl_5_to_50,2015-08-01,compact,7,S1_trawl_5_to_50:2015-08-01,3,3
MPL-0590,S1:19.4,S1_trawl_5_to_50,2015-08-01,compact,7,S1_trawl_5_to_50:2015-08-01,3,3
MPL-0593,S1:18.4,S1_trawl_5_to_50,2015-08-01,compact,7,S1_trawl_5_to_50:2015-08-01,3,3
MPL-0596,S1:24.4,S1_trawl_5_to_50,2015-08-02,compact,7,S1_trawl_5_to_50:2015-08-02,3,1
MPL-0597,S1:21.4,S1_trawl_5_to_50,2015-08-02,compact,7,S1_trawl_5_to_50:2015-08-02,3,3
MPL-0599,S1:22.4,S1_trawl_5_to_50,2015-08-02,compact,7,S1_trawl_5_to_50:2015-08-02,3,1
MPL-0603,S1:27.3,S1_trawl_5_to_50,2015-08-03,compact,7,S1_trawl_5_to_50:2015-08-03,4,1
MPL-0606,S1:26.3,S1_trawl_5_to_50,2015-08-03,compact,7,S1_trawl_5_to_50:2015-08-03,4,1
MPL-0607,S1:25.3,S1_trawl_5_to_50,2015-08-03,compact,7,S1_trawl_5_to_50:2015-08-03,4,1
MPL-0610,S1:28.3,S1_trawl_5_to_50,2015-08-03,compact,7,S1_trawl_5_to_50:2015-08-03,4,2
MPL-0618,S1:31.4,S1_trawl_5_to_50,2015-08-04,compact,7,S1_trawl_5_to_50:2015-08-04,2,2
MPL-0621,S1:30.4,S1_trawl_5_to_50,2015-08-04,compact,7,S1_trawl_5_to_50:2015-08-04,2,2
MPL-0622,S1:29.3,S1_trawl_5_to_50,2015-08-04,compact,7,S1_trawl_5_to_50:2015-08-04,2,2
MPL-0623,S1:30.3,S1_trawl_5_to_50,2015-08-04,compact,7,S1_trawl_5_to_50:2015-08-04,2,2
MPL-0627,S1:32.4,S1_trawl_5_to_50,2015-08-04,compact,7,S1_trawl_5_to_50:2015-08-04,2,2
MPL-0631,S1:34.4,S1_trawl_5_to_50,2015-08-05,compact,7,S1_trawl_5_to_50:2015-08-05,2,2
MPL-0634,S1:33.4,S1_trawl_5_to_50,2015-08-05,compact,7,S1_trawl_5_to_50:2015-08-05,2,2
MPL-0637,S1:35.4,S1_trawl_5_to_50,2015-08-05,compact,7,S1_trawl_5_to_50:2015-08-05,2,0
MPL-0640,S1:39.3,S1_trawl_5_to_50,2015-08-06,compact,7,S1_trawl_5_to_50:2015-08-06,3,2
MPL-0642,S1:38.3,S1_trawl_5_to_50,2015-08-06,compact,7,S1_trawl_5_to_50:2015-08-06,3,2
MPL-0647,S1:36.3,S1_trawl_5_to_50,2015-08-06,compact,7,S1_trawl_5_to_50:2015-08-06,3,0
MPL-0648,S1:37.3,S1_trawl_5_to_50,2015-08-06,compact,7,S1_trawl_5_to_50:2015-08-06,3,0
MPL-0654,S1:41.3,S1_trawl_5_to_50,2015-08-07,compact,7,S1_trawl_5_to_50:2015-08-07,3,4
MPL-0656,S1:42.3,S1_trawl_5_to_50,2015-08-07,compact,7,S1_trawl_5_to_50:2015-08-07,3,4
MPL-0658,S1:42.4,S1_trawl_5_to_50,2015-08-07,compact,7,S1_trawl_5_to_50:2015-08-07,3,4
MPL-0660,S1:43.4,S1_trawl_5_to_50,2015-08-07,compact,7,S1_trawl_5_to_50:2015-08-07,3,4
MPL-0666,S1:45.4,S1_trawl_5_to_50,2015-08-08,compact,7,S1_trawl_5_to_50:2015-08-08,4,1
MPL-0668,S1:44.4,S1_trawl_5_to_50,2015-08-08,compact,7,S1_trawl_5_to_50:2015-08-08,4,1
MPL-0669,S1:47.4,S1_trawl_5_to_50,2015-08-08,compact,7,S1_trawl_5_to_50:2015-08-08,4,1
MPL-0671,S1:46.4,S1_trawl_5_to_50,2015-08-08,compact,7,S1_trawl_5_to_50:2015-08-08,4,1
MPL-0677,S1:48.4,S1_trawl_5_to_50,2015-08-09,compact,7,S1_trawl_5_to_50:2015-08-09,1,3
MPL-0680,S1:51.3,S1_trawl_5_to_50,2015-08-09,compact,7,S1_trawl_5_to_50:2015-08-09,1,3
MPL-0684,S1:49.3,S1_trawl_5_to_50,2015-08-09,compact,7,S1_trawl_5_to_50:2015-08-09,1,3
MPL-0687,S1:50.3,S1_trawl_5_to_50,2015-08-09,compact,7,S1_trawl_5_to_50:2015-08-09,1,3
MPL-0691,S1:52.3,S1_trawl_5_to_50,2015-08-10,compact,7,S1_trawl_5_to_50:2015-08-10,0,3
MPL-0694,S1:53.3,S1_trawl_5_to_50,2015-08-10,compact,7,S1_trawl_5_to_50:2015-08-10,0,3
MPL-0699,S1:54.4,S1_trawl_5_to_50,2015-08-10,compact,7,S1_trawl_5_to_50:2015-08-10,0,3
MPL-0701,S1:54.3,S1_trawl_5_to_50,2015-08-10,compact,7,S1_trawl_5_to_50:2015-08-10,0,3
MPL-0705,S1:57.4,S1_trawl_5_to_50,2015-08-11,compact,7,S1_trawl_5_to_50:2015-08-11,0,3
MPL-0710,S1:58.4,S1_trawl_5_to_50,2015-08-11,compact,7,S1_trawl_5_to_50:2015-08-11,0,3
MPL-0711,S1:56.4,S1_trawl_5_to_50,2015-08-11,compact,7,S1_trawl_5_to_50:2015-08-11,0,3
MPL-0715,S1:55.4,S1_trawl_5_to_50,2015-08-11,compact,7,S1_trawl_5_to_50:2015-08-11,0,3
MPL-0716,S1:61.3,S1_trawl_5_to_50,2015-08-12,compact,7,S1_trawl_5_to_50:2015-08-12,0,4
MPL-0721,S1:60.4,S1_trawl_5_to_50,2015-08-12,compact,7,S1_trawl_5_to_50:2015-08-12,0,4
MPL-0724,S1:62.3,S1_trawl_5_to_50,2015-08-12,compact,7,S1_trawl_5_to_50:2015-08-12,0,4
MPL-0725,S1:66.4,S1_trawl_5_to_50,2015-08-13,compact,7,S1_trawl_5_to_50:2015-08-13,1,4
MPL-0726,S1:65.3,S1_trawl_5_to_50,2015-08-13,compact,7,S1_trawl_5_to_50:2015-08-13,1,4
MPL-0727,S1:66.3,S1_trawl_5_to_50,2015-08-13,compact,7,S1_trawl_5_to_50:2015-08-13,1,4
MPL-0736,S1:64.3,S1_trawl_5_to_50,2015-08-13,compact,7,S1_trawl_5_to_50:2015-08-13,1,4
MPL-0738,S1:63.3,S1_trawl_5_to_50,2015-08-13,compact,7,S1_trawl_5_to_50:2015-08-13,1,4
MPL-0739,S1:69.4,S1_trawl_5_to_50,2015-08-14,compact,7,S1_trawl_5_to_50:2015-08-14,0,0
MPL-0742,S1:68.4,S1_trawl_5_to_50,2015-08-14,compact,7,S1_trawl_5_to_50:2015-08-14,0,0
MPL-0747,S1:70.4,S1_trawl_5_to_50,2015-08-14,compact,7,S1_trawl_5_to_50:2015-08-14,0,0
MPL-0751,S1:67.4,S1_trawl_5_to_50,2015-08-14,compact,7,S1_trawl_5_to_50:2015-08-14,0,4
MPL-0753,S1:71.4,S1_trawl_5_to_50,2015-08-15,compact,7,S1_trawl_5_to_50:2015-08-15,1,0
MPL-0755,S1:72.4,S1_trawl_5_to_50,2015-08-15,compact,7,S1_trawl_5_to_50:2015-08-15,1,0
MPL-0756,S1:73.3,S1_trawl_5_to_50,2015-08-15,compact,7,S1_trawl_5_to_50:2015-08-15,1,0
MPL-0762,S1:74.3,S1_trawl_5_to_50,2015-08-16,compact,7,S1_trawl_5_to_50:2015-08-16,2,0
MPL-0763,S1:75.3,S1_trawl_5_to_50,2015-08-16,compact,7,S1_trawl_5_to_50:2015-08-16,2,4
MPL-0768,S1:77.3,S1_trawl_5_to_50,2015-08-17,compact,7,S1_trawl_5_to_50:2015-08-17,1,4
MPL-0770,S1:78.3,S1_trawl_5_to_50,2015-08-17,compact,7,S1_trawl_5_to_50:2015-08-17,1,4
MPL-0777,S1:79.4,S1_trawl_5_to_50,2015-08-18,compact,7,S1_trawl_5_to_50:2015-08-18,2,4
MPL-0778,S1:79.3,S1_trawl_5_to_50,2015-08-18,compact,7,S1_trawl_5_to_50:2015-08-18,2,4
MPL-0526,S1:0.1,S1_trawl_5_to_50,2015-07-25,compact,8,S1_trawl_5_to_50:2015-07-25,1,0
MPL-0530,S1:2.3,S1_trawl_5_to_50,2015-07-27,compact,8,S1_trawl_5_to_50:2015-07-27,0,2
MPL-0531,S1:1.3,S1_trawl_5_to_50,2015-07-27,compact,8,S1_trawl_5_to_50:2015-07-27,0,2
MPL-0535,S1:4.3,S1_trawl_5_to_50,2015-07-28,compact,8,S1_trawl_5_to_50:2015-07-28,4,2
MPL-0543,S1:3.3,S1_trawl_5_to_50,2015-07-28,compact,8,S1_trawl_5_to_50:2015-07-28,4,2
MPL-0544,S1:6.4,S1_trawl_5_to_50,2015-07-28,compact,8,S1_trawl_5_to_50:2015-07-28,4,2
MPL-0545,S1:6.3,S1_trawl_5_to_50,2015-07-28,compact,8,S1_trawl_5_to_50:2015-07-28,4,2
MPL-0546,S1:5.3,S1_trawl_5_to_50,2015-07-28,compact,8,S1_trawl_5_to_50:2015-07-28,4,2
MPL-0551,S1:9.4,S1_trawl_5_to_50,2015-07-29,compact,8,S1_trawl_5_to_50:2015-07-29,2,1
MPL-0554,S1:10.4,S1_trawl_5_to_50,2015-07-29,compact,8,S1_trawl_5_to_50:2015-07-29,2,1
MPL-0555,S1:8.4,S1_trawl_5_to_50,2015-07-29,compact,8,S1_trawl_5_to_50:2015-07-29,2,1
MPL-0559,S1:7.4,S1_trawl_5_to_50,2015-07-29,compact,8,S1_trawl_5_to_50:2015-07-29,2,2
MPL-0563,S1:11.4,S1_trawl_5_to_50,2015-07-29,compact,8,S1_trawl_5_to_50:2015-07-29,2,1
MPL-0566,S1:12.3,S1_trawl_5_to_50,2015-07-30,compact,8,S1_trawl_5_to_50:2015-07-30,1,1
MPL-0569,S1:13.3,S1_trawl_5_to_50,2015-07-30,compact,8,S1_trawl_5_to_50:2015-07-30,1,1
MPL-0570,S1:14.3,S1_trawl_5_to_50,2015-07-30,compact,8,S1_trawl_5_to_50:2015-07-30,1,3
MPL-0573,S1:17.4,S1_trawl_5_to_50,2015-07-31,compact,8,S1_trawl_5_to_50:2015-07-31,0,3
MPL-0574,S1:17.3,S1_trawl_5_to_50,2015-07-31,compact,8,S1_trawl_5_to_50:2015-07-31,0,3
MPL-0577,S1:15.3,S1_trawl_5_to_50,2015-07-31,compact,8,S1_trawl_5_to_50:2015-07-31,0,3
MPL-0581,S1:16.3,S1_trawl_5_to_50,2015-07-31,compact,8,S1_trawl_5_to_50:2015-07-31,0,3
MPL-0588,S1:20.4,S1_trawl_5_to_50,2015-08-01,compact,8,S1_trawl_5_to_50:2015-08-01,0,3
MPL-0590,S1:19.4,S1_trawl_5_to_50,2015-08-01,compact,8,S1_trawl_5_to_50:2015-08-01,0,3
MPL-0593,S1:18.4,S1_trawl_5_to_50,2015-08-01,compact,8,S1_trawl_5_to_50:2015-08-01,0,3
MPL-0596,S1:24.4,S1_trawl_5_to_50,2015-08-02,compact,8,S1_trawl_5_to_50:2015-08-02,1,1
MPL-0597,S1:21.4,S1_trawl_5_to_50,2015-08-02,compact,8,S1_trawl_5_to_50:2015-08-02,1,3
MPL-0599,S1:22.4,S1_trawl_5_to_50,2015-08-02,compact,8,S1_trawl_5_to_50:2015-08-02,1,1
MPL-0603,S1:27.3,S1_trawl_5_to_50,2015-08-03,compact,8,S1_trawl_5_to_50:2015-08-03,2,1
MPL-0606,S1:26.3,S1_trawl_5_to_50,2015-08-03,compact,8,S1_trawl_5_to_50:2015-08-03,2,1
MPL-0607,S1:25.3,S1_trawl_5_to_50,2015-08-03,compact,8,S1_trawl_5_to_50:2015-08-03,2,1
MPL-0610,S1:28.3,S1_trawl_5_to_50,2015-08-03,compact,8,S1_trawl_5_to_50:2015-08-03,2,2
MPL-0618,S1:31.4,S1_trawl_5_to_50,2015-08-04,compact,8,S1_trawl_5_to_50:2015-08-04,2,2
MPL-0621,S1:30.4,S1_trawl_5_to_50,2015-08-04,compact,8,S1_trawl_5_to_50:2015-08-04,2,2
MPL-0622,S1:29.3,S1_trawl_5_to_50,2015-08-04,compact,8,S1_trawl_5_to_50:2015-08-04,2,2
MPL-0623,S1:30.3,S1_trawl_5_to_50,2015-08-04,compact,8,S1_trawl_5_to_50:2015-08-04,2,2
MPL-0627,S1:32.4,S1_trawl_5_to_50,2015-08-04,compact,8,S1_trawl_5_to_50:2015-08-04,2,2
MPL-0631,S1:34.4,S1_trawl_5_to_50,2015-08-05,compact,8,S1_trawl_5_to_50:2015-08-05,3,2
MPL-0634,S1:33.4,S1_trawl_5_to_50,2015-08-05,compact,8,S1_trawl_5_to_50:2015-08-05,3,2
MPL-0637,S1:35.4,S1_trawl_5_to_50,2015-08-05,compact,8,S1_trawl_5_to_50:2015-08-05,3,0
MPL-0640,S1:39.3,S1_trawl_5_to_50,2015-08-06,compact,8,S1_trawl_5_to_50:2015-08-06,3,2
MPL-0642,S1:38.3,S1_trawl_5_to_50,2015-08-06,compact,8,S1_trawl_5_to_50:2015-08-06,3,2
MPL-0647,S1:36.3,S1_trawl_5_to_50,2015-08-06,compact,8,S1_trawl_5_to_50:2015-08-06,3,0
MPL-0648,S1:37.3,S1_trawl_5_to_50,2015-08-06,compact,8,S1_trawl_5_to_50:2015-08-06,3,0
MPL-0654,S1:41.3,S1_trawl_5_to_50,2015-08-07,compact,8,S1_trawl_5_to_50:2015-08-07,3,4
MPL-0656,S1:42.3,S1_trawl_5_to_50,2015-08-07,compact,8,S1_trawl_5_to_50:2015-08-07,3,4
MPL-0658,S1:42.4,S1_trawl_5_to_50,2015-08-07,compact,8,S1_trawl_5_to_50:2015-08-07,3,4
MPL-0660,S1:43.4,S1_trawl_5_to_50,2015-08-07,compact,8,S1_trawl_5_to_50:2015-08-07,3,4
MPL-0666,S1:45.4,S1_trawl_5_to_50,2015-08-08,compact,8,S1_trawl_5_to_50:2015-08-08,0,1
MPL-0668,S1:44.4,S1_trawl_5_to_50,2015-08-08,compact,8,S1_trawl_5_to_50:2015-08-08,0,1
MPL-0669,S1:47.4,S1_trawl_5_to_50,2015-08-08,compact,8,S1_trawl_5_to_50:2015-08-08,0,1
MPL-0671,S1:46.4,S1_trawl_5_to_50,2015-08-08,compact,8,S1_trawl_5_to_50:2015-08-08,0,1
MPL-0677,S1:48.4,S1_trawl_5_to_50,2015-08-09,compact,8,S1_trawl_5_to_50:2015-08-09,2,3
MPL-0680,S1:51.3,S1_trawl_5_to_50,2015-08-09,compact,8,S1_trawl_5_to_50:2015-08-09,2,3
MPL-0684,S1:49.3,S1_trawl_5_to_50,2015-08-09,compact,8,S1_trawl_5_to_50:2015-08-09,2,3
MPL-0687,S1:50.3,S1_trawl_5_to_50,2015-08-09,compact,8,S1_trawl_5_to_50:2015-08-09,2,3
MPL-0691,S1:52.3,S1_trawl_5_to_50,2015-08-10,compact,8,S1_trawl_5_to_50:2015-08-10,3,3
MPL-0694,S1:53.3,S1_trawl_5_to_50,2015-08-10,compact,8,S1_trawl_5_to_50:2015-08-10,3,3
MPL-0699,S1:54.4,S1_trawl_5_to_50,2015-08-10,compact,8,S1_trawl_5_to_50:2015-08-10,3,3
MPL-0701,S1:54.3,S1_trawl_5_to_50,2015-08-10,compact,8,S1_trawl_5_to_50:2015-08-10,3,3
MPL-0705,S1:57.4,S1_trawl_5_to_50,2015-08-11,compact,8,S1_trawl_5_to_50:2015-08-11,3,3
MPL-0710,S1:58.4,S1_trawl_5_to_50,2015-08-11,compact,8,S1_trawl_5_to_50:2015-08-11,3,3
MPL-0711,S1:56.4,S1_trawl_5_to_50,2015-08-11,compact,8,S1_trawl_5_to_50:2015-08-11,3,3
MPL-0715,S1:55.4,S1_trawl_5_to_50,2015-08-11,compact,8,S1_trawl_5_to_50:2015-08-11,3,3
MPL-0716,S1:61.3,S1_trawl_5_to_50,2015-08-12,compact,8,S1_trawl_5_to_50:2015-08-12,1,4
MPL-0721,S1:60.4,S1_trawl_5_to_50,2015-08-12,compact,8,S1_trawl_5_to_50:2015-08-12,1,4
MPL-0724,S1:62.3,S1_trawl_5_to_50,2015-08-12,compact,8,S1_trawl_5_to_50:2015-08-12,1,4
MPL-0725,S1:66.4,S1_trawl_5_to_50,2015-08-13,compact,8,S1_trawl_5_to_50:2015-08-13,4,4
MPL-0726,S1:65.3,S1_trawl_5_to_50,2015-08-13,compact,8,S1_trawl_5_to_50:2015-08-13,4,4
MPL-0727,S1:66.3,S1_trawl_5_to_50,2015-08-13,compact,8,S1_trawl_5_to_50:2015-08-13,4,4
MPL-0736,S1:64.3,S1_trawl_5_to_50,2015-08-13,compact,8,S1_trawl_5_to_50:2015-08-13,4,4
MPL-0738,S1:63.3,S1_trawl_5_to_50,2015-08-13,compact,8,S1_trawl_5_to_50:2015-08-13,4,4
MPL-0739,S1:69.4,S1_trawl_5_to_50,2015-08-14,compact,8,S1_trawl_5_to_50:2015-08-14,4,0
MPL-0742,S1:68.4,S1_trawl_5_to_50,2015-08-14,compact,8,S1_trawl_5_to_50:2015-08-14,4,0
MPL-0747,S1:70.4,S1_trawl_5_to_50,2015-08-14,compact,8,S1_trawl_5_to_50:2015-08-14,4,0
MPL-0751,S1:67.4,S1_trawl_5_to_50,2015-08-14,compact,8,S1_trawl_5_to_50:2015-08-14,4,4
MPL-0753,S1:71.4,S1_trawl_5_to_50,2015-08-15,compact,8,S1_trawl_5_to_50:2015-08-15,2,0
MPL-0755,S1:72.4,S1_trawl_5_to_50,2015-08-15,compact,8,S1_trawl_5_to_50:2015-08-15,2,0
MPL-0756,S1:73.3,S1_trawl_5_to_50,2015-08-15,compact,8,S1_trawl_5_to_50:2015-08-15,2,0
MPL-0762,S1:74.3,S1_trawl_5_to_50,2015-08-16,compact,8,S1_trawl_5_to_50:2015-08-16,0,0
MPL-0763,S1:75.3,S1_trawl_5_to_50,2015-08-16,compact,8,S1_trawl_5_to_50:2015-08-16,0,4
MPL-0768,S1:77.3,S1_trawl_5_to_50,2015-08-17,compact,8,S1_trawl_5_to_50:2015-08-17,1,4
MPL-0770,S1:78.3,S1_trawl_5_to_50,2015-08-17,compact,8,S1_trawl_5_to_50:2015-08-17,1,4
MPL-0777,S1:79.4,S1_trawl_5_to_50,2015-08-18,compact,8,S1_trawl_5_to_50:2015-08-18,4,4
MPL-0778,S1:79.3,S1_trawl_5_to_50,2015-08-18,compact,8,S1_trawl_5_to_50:2015-08-18,4,4
MPL-0526,S1:0.1,S1_trawl_5_to_50,2015-07-25,compact,9,S1_trawl_5_to_50:2015-07-25,3,0
MPL-0530,S1:2.3,S1_trawl_5_to_50,2015-07-27,compact,9,S1_trawl_5_to_50:2015-07-27,3,2
MPL-0531,S1:1.3,S1_trawl_5_to_50,2015-07-27,compact,9,S1_trawl_5_to_50:2015-07-27,3,2
MPL-0535,S1:4.3,S1_trawl_5_to_50,2015-07-28,compact,9,S1_trawl_5_to_50:2015-07-28,3,2
MPL-0543,S1:3.3,S1_trawl_5_to_50,2015-07-28,compact,9,S1_trawl_5_to_50:2015-07-28,3,2
MPL-0544,S1:6.4,S1_trawl_5_to_50,2015-07-28,compact,9,S1_trawl_5_to_50:2015-07-28,3,2
MPL-0545,S1:6.3,S1_trawl_5_to_50,2015-07-28,compact,9,S1_trawl_5_to_50:2015-07-28,3,2
MPL-0546,S1:5.3,S1_trawl_5_to_50,2015-07-28,compact,9,S1_trawl_5_to_50:2015-07-28,3,2
MPL-0551,S1:9.4,S1_trawl_5_to_50,2015-07-29,compact,9,S1_trawl_5_to_50:2015-07-29,4,1
MPL-0554,S1:10.4,S1_trawl_5_to_50,2015-07-29,compact,9,S1_trawl_5_to_50:2015-07-29,4,1
MPL-0555,S1:8.4,S1_trawl_5_to_50,2015-07-29,compact,9,S1_trawl_5_to_50:2015-07-29,4,1
MPL-0559,S1:7.4,S1_trawl_5_to_50,2015-07-29,compact,9,S1_trawl_5_to_50:2015-07-29,4,2
MPL-0563,S1:11.4,S1_trawl_5_to_50,2015-07-29,compact,9,S1_trawl_5_to_50:2015-07-29,4,1
MPL-0566,S1:12.3,S1_trawl_5_to_50,2015-07-30,compact,9,S1_trawl_5_to_50:2015-07-30,2,1
MPL-0569,S1:13.3,S1_trawl_5_to_50,2015-07-30,compact,9,S1_trawl_5_to_50:2015-07-30,2,1
MPL-0570,S1:14.3,S1_trawl_5_to_50,2015-07-30,compact,9,S1_trawl_5_to_50:2015-07-30,2,3
MPL-0573,S1:17.4,S1_trawl_5_to_50,2015-07-31,compact,9,S1_trawl_5_to_50:2015-07-31,4,3
MPL-0574,S1:17.3,S1_trawl_5_to_50,2015-07-31,compact,9,S1_trawl_5_to_50:2015-07-31,4,3
MPL-0577,S1:15.3,S1_trawl_5_to_50,2015-07-31,compact,9,S1_trawl_5_to_50:2015-07-31,4,3
MPL-0581,S1:16.3,S1_trawl_5_to_50,2015-07-31,compact,9,S1_trawl_5_to_50:2015-07-31,4,3
MPL-0588,S1:20.4,S1_trawl_5_to_50,2015-08-01,compact,9,S1_trawl_5_to_50:2015-08-01,0,3
MPL-0590,S1:19.4,S1_trawl_5_to_50,2015-08-01,compact,9,S1_trawl_5_to_50:2015-08-01,0,3
MPL-0593,S1:18.4,S1_trawl_5_to_50,2015-08-01,compact,9,S1_trawl_5_to_50:2015-08-01,0,3
MPL-0596,S1:24.4,S1_trawl_5_to_50,2015-08-02,compact,9,S1_trawl_5_to_50:2015-08-02,2,1
MPL-0597,S1:21.4,S1_trawl_5_to_50,2015-08-02,compact,9,S1_trawl_5_to_50:2015-08-02,2,3
MPL-0599,S1:22.4,S1_trawl_5_to_50,2015-08-02,compact,9,S1_trawl_5_to_50:2015-08-02,2,1
MPL-0603,S1:27.3,S1_trawl_5_to_50,2015-08-03,compact,9,S1_trawl_5_to_50:2015-08-03,0,1
MPL-0606,S1:26.3,S1_trawl_5_to_50,2015-08-03,compact,9,S1_trawl_5_to_50:2015-08-03,0,1
MPL-0607,S1:25.3,S1_trawl_5_to_50,2015-08-03,compact,9,S1_trawl_5_to_50:2015-08-03,0,1
MPL-0610,S1:28.3,S1_trawl_5_to_50,2015-08-03,compact,9,S1_trawl_5_to_50:2015-08-03,0,2
MPL-0618,S1:31.4,S1_trawl_5_to_50,2015-08-04,compact,9,S1_trawl_5_to_50:2015-08-04,3,2
MPL-0621,S1:30.4,S1_trawl_5_to_50,2015-08-04,compact,9,S1_trawl_5_to_50:2015-08-04,3,2
MPL-0622,S1:29.3,S1_trawl_5_to_50,2015-08-04,compact,9,S1_trawl_5_to_50:2015-08-04,3,2
MPL-0623,S1:30.3,S1_trawl_5_to_50,2015-08-04,compact,9,S1_trawl_5_to_50:2015-08-04,3,2
MPL-0627,S1:32.4,S1_trawl_5_to_50,2015-08-04,compact,9,S1_trawl_5_to_50:2015-08-04,3,2
MPL-0631,S1:34.4,S1_trawl_5_to_50,2015-08-05,compact,9,S1_trawl_5_to_50:2015-08-05,2,2
MPL-0634,S1:33.4,S1_trawl_5_to_50,2015-08-05,compact,9,S1_trawl_5_to_50:2015-08-05,2,2
MPL-0637,S1:35.4,S1_trawl_5_to_50,2015-08-05,compact,9,S1_trawl_5_to_50:2015-08-05,2,0
MPL-0640,S1:39.3,S1_trawl_5_to_50,2015-08-06,compact,9,S1_trawl_5_to_50:2015-08-06,1,2
MPL-0642,S1:38.3,S1_trawl_5_to_50,2015-08-06,compact,9,S1_trawl_5_to_50:2015-08-06,1,2
MPL-0647,S1:36.3,S1_trawl_5_to_50,2015-08-06,compact,9,S1_trawl_5_to_50:2015-08-06,1,0
MPL-0648,S1:37.3,S1_trawl_5_to_50,2015-08-06,compact,9,S1_trawl_5_to_50:2015-08-06,1,0
MPL-0654,S1:41.3,S1_trawl_5_to_50,2015-08-07,compact,9,S1_trawl_5_to_50:2015-08-07,3,4
MPL-0656,S1:42.3,S1_trawl_5_to_50,2015-08-07,compact,9,S1_trawl_5_to_50:2015-08-07,3,4
MPL-0658,S1:42.4,S1_trawl_5_to_50,2015-08-07,compact,9,S1_trawl_5_to_50:2015-08-07,3,4
MPL-0660,S1:43.4,S1_trawl_5_to_50,2015-08-07,compact,9,S1_trawl_5_to_50:2015-08-07,3,4
MPL-0666,S1:45.4,S1_trawl_5_to_50,2015-08-08,compact,9,S1_trawl_5_to_50:2015-08-08,1,1
MPL-0668,S1:44.4,S1_trawl_5_to_50,2015-08-08,compact,9,S1_trawl_5_to_50:2015-08-08,1,1
MPL-0669,S1:47.4,S1_trawl_5_to_50,2015-08-08,compact,9,S1_trawl_5_to_50:2015-08-08,1,1
MPL-0671,S1:46.4,S1_trawl_5_to_50,2015-08-08,compact,9,S1_trawl_5_to_50:2015-08-08,1,1
MPL-0677,S1:48.4,S1_trawl_5_to_50,2015-08-09,compact,9,S1_trawl_5_to_50:2015-08-09,0,3
MPL-0680,S1:51.3,S1_trawl_5_to_50,2015-08-09,compact,9,S1_trawl_5_to_50:2015-08-09,0,3
MPL-0684,S1:49.3,S1_trawl_5_to_50,2015-08-09,compact,9,S1_trawl_5_to_50:2015-08-09,0,3
MPL-0687,S1:50.3,S1_trawl_5_to_50,2015-08-09,compact,9,S1_trawl_5_to_50:2015-08-09,0,3
MPL-0691,S1:52.3,S1_trawl_5_to_50,2015-08-10,compact,9,S1_trawl_5_to_50:2015-08-10,0,3
MPL-0694,S1:53.3,S1_trawl_5_to_50,2015-08-10,compact,9,S1_trawl_5_to_50:2015-08-10,0,3
MPL-0699,S1:54.4,S1_trawl_5_to_50,2015-08-10,compact,9,S1_trawl_5_to_50:2015-08-10,0,3
MPL-0701,S1:54.3,S1_trawl_5_to_50,2015-08-10,compact,9,S1_trawl_5_to_50:2015-08-10,0,3
MPL-0705,S1:57.4,S1_trawl_5_to_50,2015-08-11,compact,9,S1_trawl_5_to_50:2015-08-11,0,3
MPL-0710,S1:58.4,S1_trawl_5_to_50,2015-08-11,compact,9,S1_trawl_5_to_50:2015-08-11,0,3
MPL-0711,S1:56.4,S1_trawl_5_to_50,2015-08-11,compact,9,S1_trawl_5_to_50:2015-08-11,0,3
MPL-0715,S1:55.4,S1_trawl_5_to_50,2015-08-11,compact,9,S1_trawl_5_to_50:2015-08-11,0,3
MPL-0716,S1:61.3,S1_trawl_5_to_50,2015-08-12,compact,9,S1_trawl_5_to_50:2015-08-12,2,4
MPL-0721,S1:60.4,S1_trawl_5_to_50,2015-08-12,compact,9,S1_trawl_5_to_50:2015-08-12,2,4
MPL-0724,S1:62.3,S1_trawl_5_to_50,2015-08-12,compact,9,S1_trawl_5_to_50:2015-08-12,2,4
MPL-0725,S1:66.4,S1_trawl_5_to_50,2015-08-13,compact,9,S1_trawl_5_to_50:2015-08-13,2,4
MPL-0726,S1:65.3,S1_trawl_5_to_50,2015-08-13,compact,9,S1_trawl_5_to_50:2015-08-13,2,4
MPL-0727,S1:66.3,S1_trawl_5_to_50,2015-08-13,compact,9,S1_trawl_5_to_50:2015-08-13,2,4
MPL-0736,S1:64.3,S1_trawl_5_to_50,2015-08-13,compact,9,S1_trawl_5_to_50:2015-08-13,2,4
MPL-0738,S1:63.3,S1_trawl_5_to_50,2015-08-13,compact,9,S1_trawl_5_to_50:2015-08-13,2,4
MPL-0739,S1:69.4,S1_trawl_5_to_50,2015-08-14,compact,9,S1_trawl_5_to_50:2015-08-14,1,0
MPL-0742,S1:68.4,S1_trawl_5_to_50,2015-08-14,compact,9,S1_trawl_5_to_50:2015-08-14,1,0
MPL-0747,S1:70.4,S1_trawl_5_to_50,2015-08-14,compact,9,S1_trawl_5_to_50:2015-08-14,1,0
MPL-0751,S1:67.4,S1_trawl_5_to_50,2015-08-14,compact,9,S1_trawl_5_to_50:2015-08-14,1,4
MPL-0753,S1:71.4,S1_trawl_5_to_50,2015-08-15,compact,9,S1_trawl_5_to_50:2015-08-15,1,0
MPL-0755,S1:72.4,S1_trawl_5_to_50,2015-08-15,compact,9,S1_trawl_5_to_50:2015-08-15,1,0
MPL-0756,S1:73.3,S1_trawl_5_to_50,2015-08-15,compact,9,S1_trawl_5_to_50:2015-08-15,1,0
MPL-0762,S1:74.3,S1_trawl_5_to_50,2015-08-16,compact,9,S1_trawl_5_to_50:2015-08-16,1,0
MPL-0763,S1:75.3,S1_trawl_5_to_50,2015-08-16,compact,9,S1_trawl_5_to_50:2015-08-16,1,4
MPL-0768,S1:77.3,S1_trawl_5_to_50,2015-08-17,compact,9,S1_trawl_5_to_50:2015-08-17,4,4
MPL-0770,S1:78.3,S1_trawl_5_to_50,2015-08-17,compact,9,S1_trawl_5_to_50:2015-08-17,4,4
MPL-0777,S1:79.4,S1_trawl_5_to_50,2015-08-18,compact,9,S1_trawl_5_to_50:2015-08-18,4,4
MPL-0778,S1:79.3,S1_trawl_5_to_50,2015-08-18,compact,9,S1_trawl_5_to_50:2015-08-18,4,4
MPL-0001,S3:HE419_MarLitter_transect01,S3_visual_GT2,2014-04-03,compact,0,S3_visual_GT2:2014-04-03,0,1
MPL-0008,S3:HE419_MarLitter_transect02,S3_visual_GT2,2014-04-05,compact,0,S3_visual_GT2:2014-04-05,0,4
MPL-0018,S3:HE419_MarLitter_transect03,S3_visual_GT2,2014-04-06,compact,0,S3_visual_GT2:2014-04-06,2,2
MPL-0020,S3:HE419_MarLitter_transect04,S3_visual_GT2,2014-04-06,compact,0,S3_visual_GT2:2014-04-06,2,2
MPL-0027,S3:HE419_MarLitter_transect05,S3_visual_GT2,2014-04-06,compact,0,S3_visual_GT2:2014-04-06,2,2
MPL-0035,S3:HE419_MarLitter_transect06,S3_visual_GT2,2014-04-06,compact,0,S3_visual_GT2:2014-04-06,2,2
MPL-0039,S3:HE419_MarLitter_transect08,S3_visual_GT2,2014-04-06,compact,0,S3_visual_GT2:2014-04-06,2,2
MPL-0043,S3:HE419_MarLitter_transect07,S3_visual_GT2,2014-04-06,compact,0,S3_visual_GT2:2014-04-06,2,2
MPL-0051,S3:HE419_MarLitter_transect13,S3_visual_GT2,2014-04-07,compact,0,S3_visual_GT2:2014-04-07,0,2
MPL-0056,S3:HE419_MarLitter_transect14,S3_visual_GT2,2014-04-07,compact,0,S3_visual_GT2:2014-04-07,0,2
MPL-0060,S3:HE419_MarLitter_transect09,S3_visual_GT2,2014-04-07,compact,0,S3_visual_GT2:2014-04-07,0,2
MPL-0067,S3:HE419_MarLitter_transect12,S3_visual_GT2,2014-04-07,compact,0,S3_visual_GT2:2014-04-07,0,2
MPL-0073,S3:HE419_MarLitter_transect10,S3_visual_GT2,2014-04-07,compact,0,S3_visual_GT2:2014-04-07,0,2
MPL-0076,S3:HE419_MarLitter_transect11,S3_visual_GT2,2014-04-07,compact,0,S3_visual_GT2:2014-04-07,0,2
MPL-0085,S3:HE419_MarLitter_transect18,S3_visual_GT2,2014-04-08,compact,0,S3_visual_GT2:2014-04-08,3,0
MPL-0087,S3:HE419_MarLitter_transect15,S3_visual_GT2,2014-04-08,compact,0,S3_visual_GT2:2014-04-08,3,0
MPL-0092,S3:HE419_MarLitter_transect16,S3_visual_GT2,2014-04-08,compact,0,S3_visual_GT2:2014-04-08,3,0
MPL-0094,S3:HE419_MarLitter_transect17,S3_visual_GT2,2014-04-08,compact,0,S3_visual_GT2:2014-04-08,3,0
MPL-0096,S3:HE419_MarLitter_transect20,S3_visual_GT2,2014-04-09,compact,0,S3_visual_GT2:2014-04-09,1,2
MPL-0101,S3:HE419_MarLitter_transect19,S3_visual_GT2,2014-04-09,compact,0,S3_visual_GT2:2014-04-09,1,2
MPL-0107,S3:HE419_MarLitter_transect21,S3_visual_GT2,2014-04-09,compact,0,S3_visual_GT2:2014-04-09,1,2
MPL-0109,S3:HE419_MarLitter_transect22,S3_visual_GT2,2014-04-09,compact,0,S3_visual_GT2:2014-04-09,1,2
MPL-0114,S3:HE419_MarLitter_transect23,S3_visual_GT2,2014-04-10,compact,0,S3_visual_GT2:2014-04-10,2,4
MPL-0123,S3:HE419_MarLitter_transect24,S3_visual_GT2,2014-04-10,compact,0,S3_visual_GT2:2014-04-10,2,4
MPL-0132,S3:HE419_MarLitter_transect25,S3_visual_GT2,2014-04-10,compact,0,S3_visual_GT2:2014-04-10,2,4
MPL-0138,S3:HE419_MarLitter_transect26,S3_visual_GT2,2014-04-10,compact,0,S3_visual_GT2:2014-04-10,2,4
MPL-0141,S3:HE419_MarLitter_transect27,S3_visual_GT2,2014-04-10,compact,0,S3_visual_GT2:2014-04-10,2,4
MPL-0146,S3:HE419_MarLitter_transect32,S3_visual_GT2,2014-04-11,compact,0,S3_visual_GT2:2014-04-11,1,1
MPL-0148,S3:HE419_MarLitter_transect31,S3_visual_GT2,2014-04-11,compact,0,S3_visual_GT2:2014-04-11,1,1
MPL-0158,S3:HE419_MarLitter_transect30,S3_visual_GT2,2014-04-11,compact,0,S3_visual_GT2:2014-04-11,1,1
MPL-0166,S3:HE419_MarLitter_transect29,S3_visual_GT2,2014-04-11,compact,0,S3_visual_GT2:2014-04-11,1,1
MPL-0171,S3:HE419_MarLitter_transect28,S3_visual_GT2,2014-04-11,compact,0,S3_visual_GT2:2014-04-11,1,1
MPL-0176,S3:HE419_MarLitter_transect38,S3_visual_GT2,2014-04-12,compact,0,S3_visual_GT2:2014-04-12,1,3
MPL-0179,S3:HE419_MarLitter_transect37,S3_visual_GT2,2014-04-12,compact,0,S3_visual_GT2:2014-04-12,1,3
MPL-0183,S3:HE419_MarLitter_transect34,S3_visual_GT2,2014-04-12,compact,0,S3_visual_GT2:2014-04-12,1,3
MPL-0185,S3:HE419_MarLitter_transect35,S3_visual_GT2,2014-04-12,compact,0,S3_visual_GT2:2014-04-12,1,3
MPL-0188,S3:HE419_MarLitter_transect36,S3_visual_GT2,2014-04-12,compact,0,S3_visual_GT2:2014-04-12,1,3
MPL-0192,S3:HE419_MarLitter_transect33,S3_visual_GT2,2014-04-12,compact,0,S3_visual_GT2:2014-04-12,1,3
MPL-0779,S3:HE460_MarLitter_transect01,S3_visual_GT2,2016-04-08,compact,0,S3_visual_GT2:2016-04-08,3,1
MPL-0787,S3:HE460_MarLitter_transect02,S3_visual_GT2,2016-04-09,compact,0,S3_visual_GT2:2016-04-09,4,1
MPL-0798,S3:HE460_MarLitter_transect03,S3_visual_GT2,2016-04-10,compact,0,S3_visual_GT2:2016-04-10,4,4
MPL-0001,S3:HE419_MarLitter_transect01,S3_visual_GT2,2014-04-03,compact,1,S3_visual_GT2:2014-04-03,0,1
MPL-0008,S3:HE419_MarLitter_transect02,S3_visual_GT2,2014-04-05,compact,1,S3_visual_GT2:2014-04-05,1,4
MPL-0018,S3:HE419_MarLitter_transect03,S3_visual_GT2,2014-04-06,compact,1,S3_visual_GT2:2014-04-06,2,2
MPL-0020,S3:HE419_MarLitter_transect04,S3_visual_GT2,2014-04-06,compact,1,S3_visual_GT2:2014-04-06,2,2
MPL-0027,S3:HE419_MarLitter_transect05,S3_visual_GT2,2014-04-06,compact,1,S3_visual_GT2:2014-04-06,2,2
MPL-0035,S3:HE419_MarLitter_transect06,S3_visual_GT2,2014-04-06,compact,1,S3_visual_GT2:2014-04-06,2,2
MPL-0039,S3:HE419_MarLitter_transect08,S3_visual_GT2,2014-04-06,compact,1,S3_visual_GT2:2014-04-06,2,2
MPL-0043,S3:HE419_MarLitter_transect07,S3_visual_GT2,2014-04-06,compact,1,S3_visual_GT2:2014-04-06,2,2
MPL-0051,S3:HE419_MarLitter_transect13,S3_visual_GT2,2014-04-07,compact,1,S3_visual_GT2:2014-04-07,0,2
MPL-0056,S3:HE419_MarLitter_transect14,S3_visual_GT2,2014-04-07,compact,1,S3_visual_GT2:2014-04-07,0,2
MPL-0060,S3:HE419_MarLitter_transect09,S3_visual_GT2,2014-04-07,compact,1,S3_visual_GT2:2014-04-07,0,2
MPL-0067,S3:HE419_MarLitter_transect12,S3_visual_GT2,2014-04-07,compact,1,S3_visual_GT2:2014-04-07,0,2
MPL-0073,S3:HE419_MarLitter_transect10,S3_visual_GT2,2014-04-07,compact,1,S3_visual_GT2:2014-04-07,0,2
MPL-0076,S3:HE419_MarLitter_transect11,S3_visual_GT2,2014-04-07,compact,1,S3_visual_GT2:2014-04-07,0,2
MPL-0085,S3:HE419_MarLitter_transect18,S3_visual_GT2,2014-04-08,compact,1,S3_visual_GT2:2014-04-08,2,0
MPL-0087,S3:HE419_MarLitter_transect15,S3_visual_GT2,2014-04-08,compact,1,S3_visual_GT2:2014-04-08,2,0
MPL-0092,S3:HE419_MarLitter_transect16,S3_visual_GT2,2014-04-08,compact,1,S3_visual_GT2:2014-04-08,2,0
MPL-0094,S3:HE419_MarLitter_transect17,S3_visual_GT2,2014-04-08,compact,1,S3_visual_GT2:2014-04-08,2,0
MPL-0096,S3:HE419_MarLitter_transect20,S3_visual_GT2,2014-04-09,compact,1,S3_visual_GT2:2014-04-09,0,2
MPL-0101,S3:HE419_MarLitter_transect19,S3_visual_GT2,2014-04-09,compact,1,S3_visual_GT2:2014-04-09,0,2
MPL-0107,S3:HE419_MarLitter_transect21,S3_visual_GT2,2014-04-09,compact,1,S3_visual_GT2:2014-04-09,0,2
MPL-0109,S3:HE419_MarLitter_transect22,S3_visual_GT2,2014-04-09,compact,1,S3_visual_GT2:2014-04-09,0,2
MPL-0114,S3:HE419_MarLitter_transect23,S3_visual_GT2,2014-04-10,compact,1,S3_visual_GT2:2014-04-10,4,4
MPL-0123,S3:HE419_MarLitter_transect24,S3_visual_GT2,2014-04-10,compact,1,S3_visual_GT2:2014-04-10,4,4
MPL-0132,S3:HE419_MarLitter_transect25,S3_visual_GT2,2014-04-10,compact,1,S3_visual_GT2:2014-04-10,4,4
MPL-0138,S3:HE419_MarLitter_transect26,S3_visual_GT2,2014-04-10,compact,1,S3_visual_GT2:2014-04-10,4,4
MPL-0141,S3:HE419_MarLitter_transect27,S3_visual_GT2,2014-04-10,compact,1,S3_visual_GT2:2014-04-10,4,4
MPL-0146,S3:HE419_MarLitter_transect32,S3_visual_GT2,2014-04-11,compact,1,S3_visual_GT2:2014-04-11,1,1
MPL-0148,S3:HE419_MarLitter_transect31,S3_visual_GT2,2014-04-11,compact,1,S3_visual_GT2:2014-04-11,1,1
MPL-0158,S3:HE419_MarLitter_transect30,S3_visual_GT2,2014-04-11,compact,1,S3_visual_GT2:2014-04-11,1,1
MPL-0166,S3:HE419_MarLitter_transect29,S3_visual_GT2,2014-04-11,compact,1,S3_visual_GT2:2014-04-11,1,1
MPL-0171,S3:HE419_MarLitter_transect28,S3_visual_GT2,2014-04-11,compact,1,S3_visual_GT2:2014-04-11,1,1
MPL-0176,S3:HE419_MarLitter_transect38,S3_visual_GT2,2014-04-12,compact,1,S3_visual_GT2:2014-04-12,4,3
MPL-0179,S3:HE419_MarLitter_transect37,S3_visual_GT2,2014-04-12,compact,1,S3_visual_GT2:2014-04-12,4,3
MPL-0183,S3:HE419_MarLitter_transect34,S3_visual_GT2,2014-04-12,compact,1,S3_visual_GT2:2014-04-12,4,3
MPL-0185,S3:HE419_MarLitter_transect35,S3_visual_GT2,2014-04-12,compact,1,S3_visual_GT2:2014-04-12,4,3
MPL-0188,S3:HE419_MarLitter_transect36,S3_visual_GT2,2014-04-12,compact,1,S3_visual_GT2:2014-04-12,4,3
MPL-0192,S3:HE419_MarLitter_transect33,S3_visual_GT2,2014-04-12,compact,1,S3_visual_GT2:2014-04-12,4,3
MPL-0779,S3:HE460_MarLitter_transect01,S3_visual_GT2,2016-04-08,compact,1,S3_visual_GT2:2016-04-08,3,1
MPL-0787,S3:HE460_MarLitter_transect02,S3_visual_GT2,2016-04-09,compact,1,S3_visual_GT2:2016-04-09,3,1
MPL-0798,S3:HE460_MarLitter_transect03,S3_visual_GT2,2016-04-10,compact,1,S3_visual_GT2:2016-04-10,1,4
MPL-0001,S3:HE419_MarLitter_transect01,S3_visual_GT2,2014-04-03,compact,2,S3_visual_GT2:2014-04-03,0,1
MPL-0008,S3:HE419_MarLitter_transect02,S3_visual_GT2,2014-04-05,compact,2,S3_visual_GT2:2014-04-05,0,4
MPL-0018,S3:HE419_MarLitter_transect03,S3_visual_GT2,2014-04-06,compact,2,S3_visual_GT2:2014-04-06,2,2
MPL-0020,S3:HE419_MarLitter_transect04,S3_visual_GT2,2014-04-06,compact,2,S3_visual_GT2:2014-04-06,2,2
MPL-0027,S3:HE419_MarLitter_transect05,S3_visual_GT2,2014-04-06,compact,2,S3_visual_GT2:2014-04-06,2,2
MPL-0035,S3:HE419_MarLitter_transect06,S3_visual_GT2,2014-04-06,compact,2,S3_visual_GT2:2014-04-06,2,2
MPL-0039,S3:HE419_MarLitter_transect08,S3_visual_GT2,2014-04-06,compact,2,S3_visual_GT2:2014-04-06,2,2
MPL-0043,S3:HE419_MarLitter_transect07,S3_visual_GT2,2014-04-06,compact,2,S3_visual_GT2:2014-04-06,2,2
MPL-0051,S3:HE419_MarLitter_transect13,S3_visual_GT2,2014-04-07,compact,2,S3_visual_GT2:2014-04-07,4,2
MPL-0056,S3:HE419_MarLitter_transect14,S3_visual_GT2,2014-04-07,compact,2,S3_visual_GT2:2014-04-07,4,2
MPL-0060,S3:HE419_MarLitter_transect09,S3_visual_GT2,2014-04-07,compact,2,S3_visual_GT2:2014-04-07,4,2
MPL-0067,S3:HE419_MarLitter_transect12,S3_visual_GT2,2014-04-07,compact,2,S3_visual_GT2:2014-04-07,4,2
MPL-0073,S3:HE419_MarLitter_transect10,S3_visual_GT2,2014-04-07,compact,2,S3_visual_GT2:2014-04-07,4,2
MPL-0076,S3:HE419_MarLitter_transect11,S3_visual_GT2,2014-04-07,compact,2,S3_visual_GT2:2014-04-07,4,2
MPL-0085,S3:HE419_MarLitter_transect18,S3_visual_GT2,2014-04-08,compact,2,S3_visual_GT2:2014-04-08,0,0
MPL-0087,S3:HE419_MarLitter_transect15,S3_visual_GT2,2014-04-08,compact,2,S3_visual_GT2:2014-04-08,0,0
MPL-0092,S3:HE419_MarLitter_transect16,S3_visual_GT2,2014-04-08,compact,2,S3_visual_GT2:2014-04-08,0,0
MPL-0094,S3:HE419_MarLitter_transect17,S3_visual_GT2,2014-04-08,compact,2,S3_visual_GT2:2014-04-08,0,0
MPL-0096,S3:HE419_MarLitter_transect20,S3_visual_GT2,2014-04-09,compact,2,S3_visual_GT2:2014-04-09,2,2
MPL-0101,S3:HE419_MarLitter_transect19,S3_visual_GT2,2014-04-09,compact,2,S3_visual_GT2:2014-04-09,2,2
MPL-0107,S3:HE419_MarLitter_transect21,S3_visual_GT2,2014-04-09,compact,2,S3_visual_GT2:2014-04-09,2,2
MPL-0109,S3:HE419_MarLitter_transect22,S3_visual_GT2,2014-04-09,compact,2,S3_visual_GT2:2014-04-09,2,2
MPL-0114,S3:HE419_MarLitter_transect23,S3_visual_GT2,2014-04-10,compact,2,S3_visual_GT2:2014-04-10,1,4
MPL-0123,S3:HE419_MarLitter_transect24,S3_visual_GT2,2014-04-10,compact,2,S3_visual_GT2:2014-04-10,1,4
MPL-0132,S3:HE419_MarLitter_transect25,S3_visual_GT2,2014-04-10,compact,2,S3_visual_GT2:2014-04-10,1,4
MPL-0138,S3:HE419_MarLitter_transect26,S3_visual_GT2,2014-04-10,compact,2,S3_visual_GT2:2014-04-10,1,4
MPL-0141,S3:HE419_MarLitter_transect27,S3_visual_GT2,2014-04-10,compact,2,S3_visual_GT2:2014-04-10,1,4
MPL-0146,S3:HE419_MarLitter_transect32,S3_visual_GT2,2014-04-11,compact,2,S3_visual_GT2:2014-04-11,3,1
MPL-0148,S3:HE419_MarLitter_transect31,S3_visual_GT2,2014-04-11,compact,2,S3_visual_GT2:2014-04-11,3,1
MPL-0158,S3:HE419_MarLitter_transect30,S3_visual_GT2,2014-04-11,compact,2,S3_visual_GT2:2014-04-11,3,1
MPL-0166,S3:HE419_MarLitter_transect29,S3_visual_GT2,2014-04-11,compact,2,S3_visual_GT2:2014-04-11,3,1
MPL-0171,S3:HE419_MarLitter_transect28,S3_visual_GT2,2014-04-11,compact,2,S3_visual_GT2:2014-04-11,3,1
MPL-0176,S3:HE419_MarLitter_transect38,S3_visual_GT2,2014-04-12,compact,2,S3_visual_GT2:2014-04-12,4,3
MPL-0179,S3:HE419_MarLitter_transect37,S3_visual_GT2,2014-04-12,compact,2,S3_visual_GT2:2014-04-12,4,3
MPL-0183,S3:HE419_MarLitter_transect34,S3_visual_GT2,2014-04-12,compact,2,S3_visual_GT2:2014-04-12,4,3
MPL-0185,S3:HE419_MarLitter_transect35,S3_visual_GT2,2014-04-12,compact,2,S3_visual_GT2:2014-04-12,4,3
MPL-0188,S3:HE419_MarLitter_transect36,S3_visual_GT2,2014-04-12,compact,2,S3_visual_GT2:2014-04-12,4,3
MPL-0192,S3:HE419_MarLitter_transect33,S3_visual_GT2,2014-04-12,compact,2,S3_visual_GT2:2014-04-12,4,3
MPL-0779,S3:HE460_MarLitter_transect01,S3_visual_GT2,2016-04-08,compact,2,S3_visual_GT2:2016-04-08,1,1
MPL-0787,S3:HE460_MarLitter_transect02,S3_visual_GT2,2016-04-09,compact,2,S3_visual_GT2:2016-04-09,1,1
MPL-0798,S3:HE460_MarLitter_transect03,S3_visual_GT2,2016-04-10,compact,2,S3_visual_GT2:2016-04-10,3,4
MPL-0001,S3:HE419_MarLitter_transect01,S3_visual_GT2,2014-04-03,compact,3,S3_visual_GT2:2014-04-03,0,1
MPL-0008,S3:HE419_MarLitter_transect02,S3_visual_GT2,2014-04-05,compact,3,S3_visual_GT2:2014-04-05,3,4
MPL-0018,S3:HE419_MarLitter_transect03,S3_visual_GT2,2014-04-06,compact,3,S3_visual_GT2:2014-04-06,1,2
MPL-0020,S3:HE419_MarLitter_transect04,S3_visual_GT2,2014-04-06,compact,3,S3_visual_GT2:2014-04-06,1,2
MPL-0027,S3:HE419_MarLitter_transect05,S3_visual_GT2,2014-04-06,compact,3,S3_visual_GT2:2014-04-06,1,2
MPL-0035,S3:HE419_MarLitter_transect06,S3_visual_GT2,2014-04-06,compact,3,S3_visual_GT2:2014-04-06,1,2
MPL-0039,S3:HE419_MarLitter_transect08,S3_visual_GT2,2014-04-06,compact,3,S3_visual_GT2:2014-04-06,1,2
MPL-0043,S3:HE419_MarLitter_transect07,S3_visual_GT2,2014-04-06,compact,3,S3_visual_GT2:2014-04-06,1,2
MPL-0051,S3:HE419_MarLitter_transect13,S3_visual_GT2,2014-04-07,compact,3,S3_visual_GT2:2014-04-07,1,2
MPL-0056,S3:HE419_MarLitter_transect14,S3_visual_GT2,2014-04-07,compact,3,S3_visual_GT2:2014-04-07,1,2
MPL-0060,S3:HE419_MarLitter_transect09,S3_visual_GT2,2014-04-07,compact,3,S3_visual_GT2:2014-04-07,1,2
MPL-0067,S3:HE419_MarLitter_transect12,S3_visual_GT2,2014-04-07,compact,3,S3_visual_GT2:2014-04-07,1,2
MPL-0073,S3:HE419_MarLitter_transect10,S3_visual_GT2,2014-04-07,compact,3,S3_visual_GT2:2014-04-07,1,2
MPL-0076,S3:HE419_MarLitter_transect11,S3_visual_GT2,2014-04-07,compact,3,S3_visual_GT2:2014-04-07,1,2
MPL-0085,S3:HE419_MarLitter_transect18,S3_visual_GT2,2014-04-08,compact,3,S3_visual_GT2:2014-04-08,0,0
MPL-0087,S3:HE419_MarLitter_transect15,S3_visual_GT2,2014-04-08,compact,3,S3_visual_GT2:2014-04-08,0,0
MPL-0092,S3:HE419_MarLitter_transect16,S3_visual_GT2,2014-04-08,compact,3,S3_visual_GT2:2014-04-08,0,0
MPL-0094,S3:HE419_MarLitter_transect17,S3_visual_GT2,2014-04-08,compact,3,S3_visual_GT2:2014-04-08,0,0
MPL-0096,S3:HE419_MarLitter_transect20,S3_visual_GT2,2014-04-09,compact,3,S3_visual_GT2:2014-04-09,4,2
MPL-0101,S3:HE419_MarLitter_transect19,S3_visual_GT2,2014-04-09,compact,3,S3_visual_GT2:2014-04-09,4,2
MPL-0107,S3:HE419_MarLitter_transect21,S3_visual_GT2,2014-04-09,compact,3,S3_visual_GT2:2014-04-09,4,2
MPL-0109,S3:HE419_MarLitter_transect22,S3_visual_GT2,2014-04-09,compact,3,S3_visual_GT2:2014-04-09,4,2
MPL-0114,S3:HE419_MarLitter_transect23,S3_visual_GT2,2014-04-10,compact,3,S3_visual_GT2:2014-04-10,1,4
MPL-0123,S3:HE419_MarLitter_transect24,S3_visual_GT2,2014-04-10,compact,3,S3_visual_GT2:2014-04-10,1,4
MPL-0132,S3:HE419_MarLitter_transect25,S3_visual_GT2,2014-04-10,compact,3,S3_visual_GT2:2014-04-10,1,4
MPL-0138,S3:HE419_MarLitter_transect26,S3_visual_GT2,2014-04-10,compact,3,S3_visual_GT2:2014-04-10,1,4
MPL-0141,S3:HE419_MarLitter_transect27,S3_visual_GT2,2014-04-10,compact,3,S3_visual_GT2:2014-04-10,1,4
MPL-0146,S3:HE419_MarLitter_transect32,S3_visual_GT2,2014-04-11,compact,3,S3_visual_GT2:2014-04-11,2,1
MPL-0148,S3:HE419_MarLitter_transect31,S3_visual_GT2,2014-04-11,compact,3,S3_visual_GT2:2014-04-11,2,1
MPL-0158,S3:HE419_MarLitter_transect30,S3_visual_GT2,2014-04-11,compact,3,S3_visual_GT2:2014-04-11,2,1
MPL-0166,S3:HE419_MarLitter_transect29,S3_visual_GT2,2014-04-11,compact,3,S3_visual_GT2:2014-04-11,2,1
MPL-0171,S3:HE419_MarLitter_transect28,S3_visual_GT2,2014-04-11,compact,3,S3_visual_GT2:2014-04-11,2,1
MPL-0176,S3:HE419_MarLitter_transect38,S3_visual_GT2,2014-04-12,compact,3,S3_visual_GT2:2014-04-12,2,3
MPL-0179,S3:HE419_MarLitter_transect37,S3_visual_GT2,2014-04-12,compact,3,S3_visual_GT2:2014-04-12,2,3
MPL-0183,S3:HE419_MarLitter_transect34,S3_visual_GT2,2014-04-12,compact,3,S3_visual_GT2:2014-04-12,2,3
MPL-0185,S3:HE419_MarLitter_transect35,S3_visual_GT2,2014-04-12,compact,3,S3_visual_GT2:2014-04-12,2,3
MPL-0188,S3:HE419_MarLitter_transect36,S3_visual_GT2,2014-04-12,compact,3,S3_visual_GT2:2014-04-12,2,3
MPL-0192,S3:HE419_MarLitter_transect33,S3_visual_GT2,2014-04-12,compact,3,S3_visual_GT2:2014-04-12,2,3
MPL-0779,S3:HE460_MarLitter_transect01,S3_visual_GT2,2016-04-08,compact,3,S3_visual_GT2:2016-04-08,0,1
MPL-0787,S3:HE460_MarLitter_transect02,S3_visual_GT2,2016-04-09,compact,3,S3_visual_GT2:2016-04-09,4,1
MPL-0798,S3:HE460_MarLitter_transect03,S3_visual_GT2,2016-04-10,compact,3,S3_visual_GT2:2016-04-10,3,4
MPL-0001,S3:HE419_MarLitter_transect01,S3_visual_GT2,2014-04-03,compact,4,S3_visual_GT2:2014-04-03,0,1
MPL-0008,S3:HE419_MarLitter_transect02,S3_visual_GT2,2014-04-05,compact,4,S3_visual_GT2:2014-04-05,1,4
MPL-0018,S3:HE419_MarLitter_transect03,S3_visual_GT2,2014-04-06,compact,4,S3_visual_GT2:2014-04-06,1,2
MPL-0020,S3:HE419_MarLitter_transect04,S3_visual_GT2,2014-04-06,compact,4,S3_visual_GT2:2014-04-06,1,2
MPL-0027,S3:HE419_MarLitter_transect05,S3_visual_GT2,2014-04-06,compact,4,S3_visual_GT2:2014-04-06,1,2
MPL-0035,S3:HE419_MarLitter_transect06,S3_visual_GT2,2014-04-06,compact,4,S3_visual_GT2:2014-04-06,1,2
MPL-0039,S3:HE419_MarLitter_transect08,S3_visual_GT2,2014-04-06,compact,4,S3_visual_GT2:2014-04-06,1,2
MPL-0043,S3:HE419_MarLitter_transect07,S3_visual_GT2,2014-04-06,compact,4,S3_visual_GT2:2014-04-06,1,2
MPL-0051,S3:HE419_MarLitter_transect13,S3_visual_GT2,2014-04-07,compact,4,S3_visual_GT2:2014-04-07,2,2
MPL-0056,S3:HE419_MarLitter_transect14,S3_visual_GT2,2014-04-07,compact,4,S3_visual_GT2:2014-04-07,2,2
MPL-0060,S3:HE419_MarLitter_transect09,S3_visual_GT2,2014-04-07,compact,4,S3_visual_GT2:2014-04-07,2,2
MPL-0067,S3:HE419_MarLitter_transect12,S3_visual_GT2,2014-04-07,compact,4,S3_visual_GT2:2014-04-07,2,2
MPL-0073,S3:HE419_MarLitter_transect10,S3_visual_GT2,2014-04-07,compact,4,S3_visual_GT2:2014-04-07,2,2
MPL-0076,S3:HE419_MarLitter_transect11,S3_visual_GT2,2014-04-07,compact,4,S3_visual_GT2:2014-04-07,2,2
MPL-0085,S3:HE419_MarLitter_transect18,S3_visual_GT2,2014-04-08,compact,4,S3_visual_GT2:2014-04-08,2,0
MPL-0087,S3:HE419_MarLitter_transect15,S3_visual_GT2,2014-04-08,compact,4,S3_visual_GT2:2014-04-08,2,0
MPL-0092,S3:HE419_MarLitter_transect16,S3_visual_GT2,2014-04-08,compact,4,S3_visual_GT2:2014-04-08,2,0
MPL-0094,S3:HE419_MarLitter_transect17,S3_visual_GT2,2014-04-08,compact,4,S3_visual_GT2:2014-04-08,2,0
MPL-0096,S3:HE419_MarLitter_transect20,S3_visual_GT2,2014-04-09,compact,4,S3_visual_GT2:2014-04-09,3,2
MPL-0101,S3:HE419_MarLitter_transect19,S3_visual_GT2,2014-04-09,compact,4,S3_visual_GT2:2014-04-09,3,2
MPL-0107,S3:HE419_MarLitter_transect21,S3_visual_GT2,2014-04-09,compact,4,S3_visual_GT2:2014-04-09,3,2
MPL-0109,S3:HE419_MarLitter_transect22,S3_visual_GT2,2014-04-09,compact,4,S3_visual_GT2:2014-04-09,3,2
MPL-0114,S3:HE419_MarLitter_transect23,S3_visual_GT2,2014-04-10,compact,4,S3_visual_GT2:2014-04-10,3,4
MPL-0123,S3:HE419_MarLitter_transect24,S3_visual_GT2,2014-04-10,compact,4,S3_visual_GT2:2014-04-10,3,4
MPL-0132,S3:HE419_MarLitter_transect25,S3_visual_GT2,2014-04-10,compact,4,S3_visual_GT2:2014-04-10,3,4
MPL-0138,S3:HE419_MarLitter_transect26,S3_visual_GT2,2014-04-10,compact,4,S3_visual_GT2:2014-04-10,3,4
MPL-0141,S3:HE419_MarLitter_transect27,S3_visual_GT2,2014-04-10,compact,4,S3_visual_GT2:2014-04-10,3,4
MPL-0146,S3:HE419_MarLitter_transect32,S3_visual_GT2,2014-04-11,compact,4,S3_visual_GT2:2014-04-11,0,1
MPL-0148,S3:HE419_MarLitter_transect31,S3_visual_GT2,2014-04-11,compact,4,S3_visual_GT2:2014-04-11,0,1
MPL-0158,S3:HE419_MarLitter_transect30,S3_visual_GT2,2014-04-11,compact,4,S3_visual_GT2:2014-04-11,0,1
MPL-0166,S3:HE419_MarLitter_transect29,S3_visual_GT2,2014-04-11,compact,4,S3_visual_GT2:2014-04-11,0,1
MPL-0171,S3:HE419_MarLitter_transect28,S3_visual_GT2,2014-04-11,compact,4,S3_visual_GT2:2014-04-11,0,1
MPL-0176,S3:HE419_MarLitter_transect38,S3_visual_GT2,2014-04-12,compact,4,S3_visual_GT2:2014-04-12,4,3
MPL-0179,S3:HE419_MarLitter_transect37,S3_visual_GT2,2014-04-12,compact,4,S3_visual_GT2:2014-04-12,4,3
MPL-0183,S3:HE419_MarLitter_transect34,S3_visual_GT2,2014-04-12,compact,4,S3_visual_GT2:2014-04-12,4,3
MPL-0185,S3:HE419_MarLitter_transect35,S3_visual_GT2,2014-04-12,compact,4,S3_visual_GT2:2014-04-12,4,3
MPL-0188,S3:HE419_MarLitter_transect36,S3_visual_GT2,2014-04-12,compact,4,S3_visual_GT2:2014-04-12,4,3
MPL-0192,S3:HE419_MarLitter_transect33,S3_visual_GT2,2014-04-12,compact,4,S3_visual_GT2:2014-04-12,4,3
MPL-0779,S3:HE460_MarLitter_transect01,S3_visual_GT2,2016-04-08,compact,4,S3_visual_GT2:2016-04-08,0,1
MPL-0787,S3:HE460_MarLitter_transect02,S3_visual_GT2,2016-04-09,compact,4,S3_visual_GT2:2016-04-09,4,1
MPL-0798,S3:HE460_MarLitter_transect03,S3_visual_GT2,2016-04-10,compact,4,S3_visual_GT2:2016-04-10,1,4
MPL-0001,S3:HE419_MarLitter_transect01,S3_visual_GT2,2014-04-03,compact,5,S3_visual_GT2:2014-04-03,0,1
MPL-0008,S3:HE419_MarLitter_transect02,S3_visual_GT2,2014-04-05,compact,5,S3_visual_GT2:2014-04-05,0,4
MPL-0018,S3:HE419_MarLitter_transect03,S3_visual_GT2,2014-04-06,compact,5,S3_visual_GT2:2014-04-06,2,2
MPL-0020,S3:HE419_MarLitter_transect04,S3_visual_GT2,2014-04-06,compact,5,S3_visual_GT2:2014-04-06,2,2
MPL-0027,S3:HE419_MarLitter_transect05,S3_visual_GT2,2014-04-06,compact,5,S3_visual_GT2:2014-04-06,2,2
MPL-0035,S3:HE419_MarLitter_transect06,S3_visual_GT2,2014-04-06,compact,5,S3_visual_GT2:2014-04-06,2,2
MPL-0039,S3:HE419_MarLitter_transect08,S3_visual_GT2,2014-04-06,compact,5,S3_visual_GT2:2014-04-06,2,2
MPL-0043,S3:HE419_MarLitter_transect07,S3_visual_GT2,2014-04-06,compact,5,S3_visual_GT2:2014-04-06,2,2
MPL-0051,S3:HE419_MarLitter_transect13,S3_visual_GT2,2014-04-07,compact,5,S3_visual_GT2:2014-04-07,2,2
MPL-0056,S3:HE419_MarLitter_transect14,S3_visual_GT2,2014-04-07,compact,5,S3_visual_GT2:2014-04-07,2,2
MPL-0060,S3:HE419_MarLitter_transect09,S3_visual_GT2,2014-04-07,compact,5,S3_visual_GT2:2014-04-07,2,2
MPL-0067,S3:HE419_MarLitter_transect12,S3_visual_GT2,2014-04-07,compact,5,S3_visual_GT2:2014-04-07,2,2
MPL-0073,S3:HE419_MarLitter_transect10,S3_visual_GT2,2014-04-07,compact,5,S3_visual_GT2:2014-04-07,2,2
MPL-0076,S3:HE419_MarLitter_transect11,S3_visual_GT2,2014-04-07,compact,5,S3_visual_GT2:2014-04-07,2,2
MPL-0085,S3:HE419_MarLitter_transect18,S3_visual_GT2,2014-04-08,compact,5,S3_visual_GT2:2014-04-08,1,0
MPL-0087,S3:HE419_MarLitter_transect15,S3_visual_GT2,2014-04-08,compact,5,S3_visual_GT2:2014-04-08,1,0
MPL-0092,S3:HE419_MarLitter_transect16,S3_visual_GT2,2014-04-08,compact,5,S3_visual_GT2:2014-04-08,1,0
MPL-0094,S3:HE419_MarLitter_transect17,S3_visual_GT2,2014-04-08,compact,5,S3_visual_GT2:2014-04-08,1,0
MPL-0096,S3:HE419_MarLitter_transect20,S3_visual_GT2,2014-04-09,compact,5,S3_visual_GT2:2014-04-09,3,2
MPL-0101,S3:HE419_MarLitter_transect19,S3_visual_GT2,2014-04-09,compact,5,S3_visual_GT2:2014-04-09,3,2
MPL-0107,S3:HE419_MarLitter_transect21,S3_visual_GT2,2014-04-09,compact,5,S3_visual_GT2:2014-04-09,3,2
MPL-0109,S3:HE419_MarLitter_transect22,S3_visual_GT2,2014-04-09,compact,5,S3_visual_GT2:2014-04-09,3,2
MPL-0114,S3:HE419_MarLitter_transect23,S3_visual_GT2,2014-04-10,compact,5,S3_visual_GT2:2014-04-10,3,4
MPL-0123,S3:HE419_MarLitter_transect24,S3_visual_GT2,2014-04-10,compact,5,S3_visual_GT2:2014-04-10,3,4
MPL-0132,S3:HE419_MarLitter_transect25,S3_visual_GT2,2014-04-10,compact,5,S3_visual_GT2:2014-04-10,3,4
MPL-0138,S3:HE419_MarLitter_transect26,S3_visual_GT2,2014-04-10,compact,5,S3_visual_GT2:2014-04-10,3,4
MPL-0141,S3:HE419_MarLitter_transect27,S3_visual_GT2,2014-04-10,compact,5,S3_visual_GT2:2014-04-10,3,4
MPL-0146,S3:HE419_MarLitter_transect32,S3_visual_GT2,2014-04-11,compact,5,S3_visual_GT2:2014-04-11,1,1
MPL-0148,S3:HE419_MarLitter_transect31,S3_visual_GT2,2014-04-11,compact,5,S3_visual_GT2:2014-04-11,1,1
MPL-0158,S3:HE419_MarLitter_transect30,S3_visual_GT2,2014-04-11,compact,5,S3_visual_GT2:2014-04-11,1,1
MPL-0166,S3:HE419_MarLitter_transect29,S3_visual_GT2,2014-04-11,compact,5,S3_visual_GT2:2014-04-11,1,1
MPL-0171,S3:HE419_MarLitter_transect28,S3_visual_GT2,2014-04-11,compact,5,S3_visual_GT2:2014-04-11,1,1
MPL-0176,S3:HE419_MarLitter_transect38,S3_visual_GT2,2014-04-12,compact,5,S3_visual_GT2:2014-04-12,0,3
MPL-0179,S3:HE419_MarLitter_transect37,S3_visual_GT2,2014-04-12,compact,5,S3_visual_GT2:2014-04-12,0,3
MPL-0183,S3:HE419_MarLitter_transect34,S3_visual_GT2,2014-04-12,compact,5,S3_visual_GT2:2014-04-12,0,3
MPL-0185,S3:HE419_MarLitter_transect35,S3_visual_GT2,2014-04-12,compact,5,S3_visual_GT2:2014-04-12,0,3
MPL-0188,S3:HE419_MarLitter_transect36,S3_visual_GT2,2014-04-12,compact,5,S3_visual_GT2:2014-04-12,0,3
MPL-0192,S3:HE419_MarLitter_transect33,S3_visual_GT2,2014-04-12,compact,5,S3_visual_GT2:2014-04-12,0,3
MPL-0779,S3:HE460_MarLitter_transect01,S3_visual_GT2,2016-04-08,compact,5,S3_visual_GT2:2016-04-08,4,1
MPL-0787,S3:HE460_MarLitter_transect02,S3_visual_GT2,2016-04-09,compact,5,S3_visual_GT2:2016-04-09,1,1
MPL-0798,S3:HE460_MarLitter_transect03,S3_visual_GT2,2016-04-10,compact,5,S3_visual_GT2:2016-04-10,4,4
MPL-0001,S3:HE419_MarLitter_transect01,S3_visual_GT2,2014-04-03,compact,6,S3_visual_GT2:2014-04-03,3,1
MPL-0008,S3:HE419_MarLitter_transect02,S3_visual_GT2,2014-04-05,compact,6,S3_visual_GT2:2014-04-05,0,4
MPL-0018,S3:HE419_MarLitter_transect03,S3_visual_GT2,2014-04-06,compact,6,S3_visual_GT2:2014-04-06,4,2
MPL-0020,S3:HE419_MarLitter_transect04,S3_visual_GT2,2014-04-06,compact,6,S3_visual_GT2:2014-04-06,4,2
MPL-0027,S3:HE419_MarLitter_transect05,S3_visual_GT2,2014-04-06,compact,6,S3_visual_GT2:2014-04-06,4,2
MPL-0035,S3:HE419_MarLitter_transect06,S3_visual_GT2,2014-04-06,compact,6,S3_visual_GT2:2014-04-06,4,2
MPL-0039,S3:HE419_MarLitter_transect08,S3_visual_GT2,2014-04-06,compact,6,S3_visual_GT2:2014-04-06,4,2
MPL-0043,S3:HE419_MarLitter_transect07,S3_visual_GT2,2014-04-06,compact,6,S3_visual_GT2:2014-04-06,4,2
MPL-0051,S3:HE419_MarLitter_transect13,S3_visual_GT2,2014-04-07,compact,6,S3_visual_GT2:2014-04-07,2,2
MPL-0056,S3:HE419_MarLitter_transect14,S3_visual_GT2,2014-04-07,compact,6,S3_visual_GT2:2014-04-07,2,2
MPL-0060,S3:HE419_MarLitter_transect09,S3_visual_GT2,2014-04-07,compact,6,S3_visual_GT2:2014-04-07,2,2
MPL-0067,S3:HE419_MarLitter_transect12,S3_visual_GT2,2014-04-07,compact,6,S3_visual_GT2:2014-04-07,2,2
MPL-0073,S3:HE419_MarLitter_transect10,S3_visual_GT2,2014-04-07,compact,6,S3_visual_GT2:2014-04-07,2,2
MPL-0076,S3:HE419_MarLitter_transect11,S3_visual_GT2,2014-04-07,compact,6,S3_visual_GT2:2014-04-07,2,2
MPL-0085,S3:HE419_MarLitter_transect18,S3_visual_GT2,2014-04-08,compact,6,S3_visual_GT2:2014-04-08,2,0
MPL-0087,S3:HE419_MarLitter_transect15,S3_visual_GT2,2014-04-08,compact,6,S3_visual_GT2:2014-04-08,2,0
MPL-0092,S3:HE419_MarLitter_transect16,S3_visual_GT2,2014-04-08,compact,6,S3_visual_GT2:2014-04-08,2,0
MPL-0094,S3:HE419_MarLitter_transect17,S3_visual_GT2,2014-04-08,compact,6,S3_visual_GT2:2014-04-08,2,0
MPL-0096,S3:HE419_MarLitter_transect20,S3_visual_GT2,2014-04-09,compact,6,S3_visual_GT2:2014-04-09,1,2
MPL-0101,S3:HE419_MarLitter_transect19,S3_visual_GT2,2014-04-09,compact,6,S3_visual_GT2:2014-04-09,1,2
MPL-0107,S3:HE419_MarLitter_transect21,S3_visual_GT2,2014-04-09,compact,6,S3_visual_GT2:2014-04-09,1,2
MPL-0109,S3:HE419_MarLitter_transect22,S3_visual_GT2,2014-04-09,compact,6,S3_visual_GT2:2014-04-09,1,2
MPL-0114,S3:HE419_MarLitter_transect23,S3_visual_GT2,2014-04-10,compact,6,S3_visual_GT2:2014-04-10,3,4
MPL-0123,S3:HE419_MarLitter_transect24,S3_visual_GT2,2014-04-10,compact,6,S3_visual_GT2:2014-04-10,3,4
MPL-0132,S3:HE419_MarLitter_transect25,S3_visual_GT2,2014-04-10,compact,6,S3_visual_GT2:2014-04-10,3,4
MPL-0138,S3:HE419_MarLitter_transect26,S3_visual_GT2,2014-04-10,compact,6,S3_visual_GT2:2014-04-10,3,4
MPL-0141,S3:HE419_MarLitter_transect27,S3_visual_GT2,2014-04-10,compact,6,S3_visual_GT2:2014-04-10,3,4
MPL-0146,S3:HE419_MarLitter_transect32,S3_visual_GT2,2014-04-11,compact,6,S3_visual_GT2:2014-04-11,1,1
MPL-0148,S3:HE419_MarLitter_transect31,S3_visual_GT2,2014-04-11,compact,6,S3_visual_GT2:2014-04-11,1,1
MPL-0158,S3:HE419_MarLitter_transect30,S3_visual_GT2,2014-04-11,compact,6,S3_visual_GT2:2014-04-11,1,1
MPL-0166,S3:HE419_MarLitter_transect29,S3_visual_GT2,2014-04-11,compact,6,S3_visual_GT2:2014-04-11,1,1
MPL-0171,S3:HE419_MarLitter_transect28,S3_visual_GT2,2014-04-11,compact,6,S3_visual_GT2:2014-04-11,1,1
MPL-0176,S3:HE419_MarLitter_transect38,S3_visual_GT2,2014-04-12,compact,6,S3_visual_GT2:2014-04-12,0,3
MPL-0179,S3:HE419_MarLitter_transect37,S3_visual_GT2,2014-04-12,compact,6,S3_visual_GT2:2014-04-12,0,3
MPL-0183,S3:HE419_MarLitter_transect34,S3_visual_GT2,2014-04-12,compact,6,S3_visual_GT2:2014-04-12,0,3
MPL-0185,S3:HE419_MarLitter_transect35,S3_visual_GT2,2014-04-12,compact,6,S3_visual_GT2:2014-04-12,0,3
MPL-0188,S3:HE419_MarLitter_transect36,S3_visual_GT2,2014-04-12,compact,6,S3_visual_GT2:2014-04-12,0,3
MPL-0192,S3:HE419_MarLitter_transect33,S3_visual_GT2,2014-04-12,compact,6,S3_visual_GT2:2014-04-12,0,3
MPL-0779,S3:HE460_MarLitter_transect01,S3_visual_GT2,2016-04-08,compact,6,S3_visual_GT2:2016-04-08,4,1
MPL-0787,S3:HE460_MarLitter_transect02,S3_visual_GT2,2016-04-09,compact,6,S3_visual_GT2:2016-04-09,1,1
MPL-0798,S3:HE460_MarLitter_transect03,S3_visual_GT2,2016-04-10,compact,6,S3_visual_GT2:2016-04-10,0,4
MPL-0001,S3:HE419_MarLitter_transect01,S3_visual_GT2,2014-04-03,compact,7,S3_visual_GT2:2014-04-03,0,1
MPL-0008,S3:HE419_MarLitter_transect02,S3_visual_GT2,2014-04-05,compact,7,S3_visual_GT2:2014-04-05,4,4
MPL-0018,S3:HE419_MarLitter_transect03,S3_visual_GT2,2014-04-06,compact,7,S3_visual_GT2:2014-04-06,3,2
MPL-0020,S3:HE419_MarLitter_transect04,S3_visual_GT2,2014-04-06,compact,7,S3_visual_GT2:2014-04-06,3,2
MPL-0027,S3:HE419_MarLitter_transect05,S3_visual_GT2,2014-04-06,compact,7,S3_visual_GT2:2014-04-06,3,2
MPL-0035,S3:HE419_MarLitter_transect06,S3_visual_GT2,2014-04-06,compact,7,S3_visual_GT2:2014-04-06,3,2
MPL-0039,S3:HE419_MarLitter_transect08,S3_visual_GT2,2014-04-06,compact,7,S3_visual_GT2:2014-04-06,3,2
MPL-0043,S3:HE419_MarLitter_transect07,S3_visual_GT2,2014-04-06,compact,7,S3_visual_GT2:2014-04-06,3,2
MPL-0051,S3:HE419_MarLitter_transect13,S3_visual_GT2,2014-04-07,compact,7,S3_visual_GT2:2014-04-07,1,2
MPL-0056,S3:HE419_MarLitter_transect14,S3_visual_GT2,2014-04-07,compact,7,S3_visual_GT2:2014-04-07,1,2
MPL-0060,S3:HE419_MarLitter_transect09,S3_visual_GT2,2014-04-07,compact,7,S3_visual_GT2:2014-04-07,1,2
MPL-0067,S3:HE419_MarLitter_transect12,S3_visual_GT2,2014-04-07,compact,7,S3_visual_GT2:2014-04-07,1,2
MPL-0073,S3:HE419_MarLitter_transect10,S3_visual_GT2,2014-04-07,compact,7,S3_visual_GT2:2014-04-07,1,2
MPL-0076,S3:HE419_MarLitter_transect11,S3_visual_GT2,2014-04-07,compact,7,S3_visual_GT2:2014-04-07,1,2
MPL-0085,S3:HE419_MarLitter_transect18,S3_visual_GT2,2014-04-08,compact,7,S3_visual_GT2:2014-04-08,0,0
MPL-0087,S3:HE419_MarLitter_transect15,S3_visual_GT2,2014-04-08,compact,7,S3_visual_GT2:2014-04-08,0,0
MPL-0092,S3:HE419_MarLitter_transect16,S3_visual_GT2,2014-04-08,compact,7,S3_visual_GT2:2014-04-08,0,0
MPL-0094,S3:HE419_MarLitter_transect17,S3_visual_GT2,2014-04-08,compact,7,S3_visual_GT2:2014-04-08,0,0
MPL-0096,S3:HE419_MarLitter_transect20,S3_visual_GT2,2014-04-09,compact,7,S3_visual_GT2:2014-04-09,0,2
MPL-0101,S3:HE419_MarLitter_transect19,S3_visual_GT2,2014-04-09,compact,7,S3_visual_GT2:2014-04-09,0,2
MPL-0107,S3:HE419_MarLitter_transect21,S3_visual_GT2,2014-04-09,compact,7,S3_visual_GT2:2014-04-09,0,2
MPL-0109,S3:HE419_MarLitter_transect22,S3_visual_GT2,2014-04-09,compact,7,S3_visual_GT2:2014-04-09,0,2
MPL-0114,S3:HE419_MarLitter_transect23,S3_visual_GT2,2014-04-10,compact,7,S3_visual_GT2:2014-04-10,2,4
MPL-0123,S3:HE419_MarLitter_transect24,S3_visual_GT2,2014-04-10,compact,7,S3_visual_GT2:2014-04-10,2,4
MPL-0132,S3:HE419_MarLitter_transect25,S3_visual_GT2,2014-04-10,compact,7,S3_visual_GT2:2014-04-10,2,4
MPL-0138,S3:HE419_MarLitter_transect26,S3_visual_GT2,2014-04-10,compact,7,S3_visual_GT2:2014-04-10,2,4
MPL-0141,S3:HE419_MarLitter_transect27,S3_visual_GT2,2014-04-10,compact,7,S3_visual_GT2:2014-04-10,2,4
MPL-0146,S3:HE419_MarLitter_transect32,S3_visual_GT2,2014-04-11,compact,7,S3_visual_GT2:2014-04-11,1,1
MPL-0148,S3:HE419_MarLitter_transect31,S3_visual_GT2,2014-04-11,compact,7,S3_visual_GT2:2014-04-11,1,1
MPL-0158,S3:HE419_MarLitter_transect30,S3_visual_GT2,2014-04-11,compact,7,S3_visual_GT2:2014-04-11,1,1
MPL-0166,S3:HE419_MarLitter_transect29,S3_visual_GT2,2014-04-11,compact,7,S3_visual_GT2:2014-04-11,1,1
MPL-0171,S3:HE419_MarLitter_transect28,S3_visual_GT2,2014-04-11,compact,7,S3_visual_GT2:2014-04-11,1,1
MPL-0176,S3:HE419_MarLitter_transect38,S3_visual_GT2,2014-04-12,compact,7,S3_visual_GT2:2014-04-12,3,3
MPL-0179,S3:HE419_MarLitter_transect37,S3_visual_GT2,2014-04-12,compact,7,S3_visual_GT2:2014-04-12,3,3
MPL-0183,S3:HE419_MarLitter_transect34,S3_visual_GT2,2014-04-12,compact,7,S3_visual_GT2:2014-04-12,3,3
MPL-0185,S3:HE419_MarLitter_transect35,S3_visual_GT2,2014-04-12,compact,7,S3_visual_GT2:2014-04-12,3,3
MPL-0188,S3:HE419_MarLitter_transect36,S3_visual_GT2,2014-04-12,compact,7,S3_visual_GT2:2014-04-12,3,3
MPL-0192,S3:HE419_MarLitter_transect33,S3_visual_GT2,2014-04-12,compact,7,S3_visual_GT2:2014-04-12,3,3
MPL-0779,S3:HE460_MarLitter_transect01,S3_visual_GT2,2016-04-08,compact,7,S3_visual_GT2:2016-04-08,4,1
MPL-0787,S3:HE460_MarLitter_transect02,S3_visual_GT2,2016-04-09,compact,7,S3_visual_GT2:2016-04-09,1,1
MPL-0798,S3:HE460_MarLitter_transect03,S3_visual_GT2,2016-04-10,compact,7,S3_visual_GT2:2016-04-10,2,4
MPL-0001,S3:HE419_MarLitter_transect01,S3_visual_GT2,2014-04-03,compact,8,S3_visual_GT2:2014-04-03,2,1
MPL-0008,S3:HE419_MarLitter_transect02,S3_visual_GT2,2014-04-05,compact,8,S3_visual_GT2:2014-04-05,1,4
MPL-0018,S3:HE419_MarLitter_transect03,S3_visual_GT2,2014-04-06,compact,8,S3_visual_GT2:2014-04-06,3,2
MPL-0020,S3:HE419_MarLitter_transect04,S3_visual_GT2,2014-04-06,compact,8,S3_visual_GT2:2014-04-06,3,2
MPL-0027,S3:HE419_MarLitter_transect05,S3_visual_GT2,2014-04-06,compact,8,S3_visual_GT2:2014-04-06,3,2
MPL-0035,S3:HE419_MarLitter_transect06,S3_visual_GT2,2014-04-06,compact,8,S3_visual_GT2:2014-04-06,3,2
MPL-0039,S3:HE419_MarLitter_transect08,S3_visual_GT2,2014-04-06,compact,8,S3_visual_GT2:2014-04-06,3,2
MPL-0043,S3:HE419_MarLitter_transect07,S3_visual_GT2,2014-04-06,compact,8,S3_visual_GT2:2014-04-06,3,2
MPL-0051,S3:HE419_MarLitter_transect13,S3_visual_GT2,2014-04-07,compact,8,S3_visual_GT2:2014-04-07,4,2
MPL-0056,S3:HE419_MarLitter_transect14,S3_visual_GT2,2014-04-07,compact,8,S3_visual_GT2:2014-04-07,4,2
MPL-0060,S3:HE419_MarLitter_transect09,S3_visual_GT2,2014-04-07,compact,8,S3_visual_GT2:2014-04-07,4,2
MPL-0067,S3:HE419_MarLitter_transect12,S3_visual_GT2,2014-04-07,compact,8,S3_visual_GT2:2014-04-07,4,2
MPL-0073,S3:HE419_MarLitter_transect10,S3_visual_GT2,2014-04-07,compact,8,S3_visual_GT2:2014-04-07,4,2
MPL-0076,S3:HE419_MarLitter_transect11,S3_visual_GT2,2014-04-07,compact,8,S3_visual_GT2:2014-04-07,4,2
MPL-0085,S3:HE419_MarLitter_transect18,S3_visual_GT2,2014-04-08,compact,8,S3_visual_GT2:2014-04-08,0,0
MPL-0087,S3:HE419_MarLitter_transect15,S3_visual_GT2,2014-04-08,compact,8,S3_visual_GT2:2014-04-08,0,0
MPL-0092,S3:HE419_MarLitter_transect16,S3_visual_GT2,2014-04-08,compact,8,S3_visual_GT2:2014-04-08,0,0
MPL-0094,S3:HE419_MarLitter_transect17,S3_visual_GT2,2014-04-08,compact,8,S3_visual_GT2:2014-04-08,0,0
MPL-0096,S3:HE419_MarLitter_transect20,S3_visual_GT2,2014-04-09,compact,8,S3_visual_GT2:2014-04-09,4,2
MPL-0101,S3:HE419_MarLitter_transect19,S3_visual_GT2,2014-04-09,compact,8,S3_visual_GT2:2014-04-09,4,2
MPL-0107,S3:HE419_MarLitter_transect21,S3_visual_GT2,2014-04-09,compact,8,S3_visual_GT2:2014-04-09,4,2
MPL-0109,S3:HE419_MarLitter_transect22,S3_visual_GT2,2014-04-09,compact,8,S3_visual_GT2:2014-04-09,4,2
MPL-0114,S3:HE419_MarLitter_transect23,S3_visual_GT2,2014-04-10,compact,8,S3_visual_GT2:2014-04-10,1,4
MPL-0123,S3:HE419_MarLitter_transect24,S3_visual_GT2,2014-04-10,compact,8,S3_visual_GT2:2014-04-10,1,4
MPL-0132,S3:HE419_MarLitter_transect25,S3_visual_GT2,2014-04-10,compact,8,S3_visual_GT2:2014-04-10,1,4
MPL-0138,S3:HE419_MarLitter_transect26,S3_visual_GT2,2014-04-10,compact,8,S3_visual_GT2:2014-04-10,1,4
MPL-0141,S3:HE419_MarLitter_transect27,S3_visual_GT2,2014-04-10,compact,8,S3_visual_GT2:2014-04-10,1,4
MPL-0146,S3:HE419_MarLitter_transect32,S3_visual_GT2,2014-04-11,compact,8,S3_visual_GT2:2014-04-11,0,1
MPL-0148,S3:HE419_MarLitter_transect31,S3_visual_GT2,2014-04-11,compact,8,S3_visual_GT2:2014-04-11,0,1
MPL-0158,S3:HE419_MarLitter_transect30,S3_visual_GT2,2014-04-11,compact,8,S3_visual_GT2:2014-04-11,0,1
MPL-0166,S3:HE419_MarLitter_transect29,S3_visual_GT2,2014-04-11,compact,8,S3_visual_GT2:2014-04-11,0,1
MPL-0171,S3:HE419_MarLitter_transect28,S3_visual_GT2,2014-04-11,compact,8,S3_visual_GT2:2014-04-11,0,1
MPL-0176,S3:HE419_MarLitter_transect38,S3_visual_GT2,2014-04-12,compact,8,S3_visual_GT2:2014-04-12,1,3
MPL-0179,S3:HE419_MarLitter_transect37,S3_visual_GT2,2014-04-12,compact,8,S3_visual_GT2:2014-04-12,1,3
MPL-0183,S3:HE419_MarLitter_transect34,S3_visual_GT2,2014-04-12,compact,8,S3_visual_GT2:2014-04-12,1,3
MPL-0185,S3:HE419_MarLitter_transect35,S3_visual_GT2,2014-04-12,compact,8,S3_visual_GT2:2014-04-12,1,3
MPL-0188,S3:HE419_MarLitter_transect36,S3_visual_GT2,2014-04-12,compact,8,S3_visual_GT2:2014-04-12,1,3
MPL-0192,S3:HE419_MarLitter_transect33,S3_visual_GT2,2014-04-12,compact,8,S3_visual_GT2:2014-04-12,1,3
MPL-0779,S3:HE460_MarLitter_transect01,S3_visual_GT2,2016-04-08,compact,8,S3_visual_GT2:2016-04-08,3,1
MPL-0787,S3:HE460_MarLitter_transect02,S3_visual_GT2,2016-04-09,compact,8,S3_visual_GT2:2016-04-09,2,1
MPL-0798,S3:HE460_MarLitter_transect03,S3_visual_GT2,2016-04-10,compact,8,S3_visual_GT2:2016-04-10,0,4
MPL-0001,S3:HE419_MarLitter_transect01,S3_visual_GT2,2014-04-03,compact,9,S3_visual_GT2:2014-04-03,1,1
MPL-0008,S3:HE419_MarLitter_transect02,S3_visual_GT2,2014-04-05,compact,9,S3_visual_GT2:2014-04-05,1,4
MPL-0018,S3:HE419_MarLitter_transect03,S3_visual_GT2,2014-04-06,compact,9,S3_visual_GT2:2014-04-06,3,2
MPL-0020,S3:HE419_MarLitter_transect04,S3_visual_GT2,2014-04-06,compact,9,S3_visual_GT2:2014-04-06,3,2
MPL-0027,S3:HE419_MarLitter_transect05,S3_visual_GT2,2014-04-06,compact,9,S3_visual_GT2:2014-04-06,3,2
MPL-0035,S3:HE419_MarLitter_transect06,S3_visual_GT2,2014-04-06,compact,9,S3_visual_GT2:2014-04-06,3,2
MPL-0039,S3:HE419_MarLitter_transect08,S3_visual_GT2,2014-04-06,compact,9,S3_visual_GT2:2014-04-06,3,2
MPL-0043,S3:HE419_MarLitter_transect07,S3_visual_GT2,2014-04-06,compact,9,S3_visual_GT2:2014-04-06,3,2
MPL-0051,S3:HE419_MarLitter_transect13,S3_visual_GT2,2014-04-07,compact,9,S3_visual_GT2:2014-04-07,2,2
MPL-0056,S3:HE419_MarLitter_transect14,S3_visual_GT2,2014-04-07,compact,9,S3_visual_GT2:2014-04-07,2,2
MPL-0060,S3:HE419_MarLitter_transect09,S3_visual_GT2,2014-04-07,compact,9,S3_visual_GT2:2014-04-07,2,2
MPL-0067,S3:HE419_MarLitter_transect12,S3_visual_GT2,2014-04-07,compact,9,S3_visual_GT2:2014-04-07,2,2
MPL-0073,S3:HE419_MarLitter_transect10,S3_visual_GT2,2014-04-07,compact,9,S3_visual_GT2:2014-04-07,2,2
MPL-0076,S3:HE419_MarLitter_transect11,S3_visual_GT2,2014-04-07,compact,9,S3_visual_GT2:2014-04-07,2,2
MPL-0085,S3:HE419_MarLitter_transect18,S3_visual_GT2,2014-04-08,compact,9,S3_visual_GT2:2014-04-08,3,0
MPL-0087,S3:HE419_MarLitter_transect15,S3_visual_GT2,2014-04-08,compact,9,S3_visual_GT2:2014-04-08,3,0
MPL-0092,S3:HE419_MarLitter_transect16,S3_visual_GT2,2014-04-08,compact,9,S3_visual_GT2:2014-04-08,3,0
MPL-0094,S3:HE419_MarLitter_transect17,S3_visual_GT2,2014-04-08,compact,9,S3_visual_GT2:2014-04-08,3,0
MPL-0096,S3:HE419_MarLitter_transect20,S3_visual_GT2,2014-04-09,compact,9,S3_visual_GT2:2014-04-09,2,2
MPL-0101,S3:HE419_MarLitter_transect19,S3_visual_GT2,2014-04-09,compact,9,S3_visual_GT2:2014-04-09,2,2
MPL-0107,S3:HE419_MarLitter_transect21,S3_visual_GT2,2014-04-09,compact,9,S3_visual_GT2:2014-04-09,2,2
MPL-0109,S3:HE419_MarLitter_transect22,S3_visual_GT2,2014-04-09,compact,9,S3_visual_GT2:2014-04-09,2,2
MPL-0114,S3:HE419_MarLitter_transect23,S3_visual_GT2,2014-04-10,compact,9,S3_visual_GT2:2014-04-10,0,4
MPL-0123,S3:HE419_MarLitter_transect24,S3_visual_GT2,2014-04-10,compact,9,S3_visual_GT2:2014-04-10,0,4
MPL-0132,S3:HE419_MarLitter_transect25,S3_visual_GT2,2014-04-10,compact,9,S3_visual_GT2:2014-04-10,0,4
MPL-0138,S3:HE419_MarLitter_transect26,S3_visual_GT2,2014-04-10,compact,9,S3_visual_GT2:2014-04-10,0,4
MPL-0141,S3:HE419_MarLitter_transect27,S3_visual_GT2,2014-04-10,compact,9,S3_visual_GT2:2014-04-10,0,4
MPL-0146,S3:HE419_MarLitter_transect32,S3_visual_GT2,2014-04-11,compact,9,S3_visual_GT2:2014-04-11,1,1
MPL-0148,S3:HE419_MarLitter_transect31,S3_visual_GT2,2014-04-11,compact,9,S3_visual_GT2:2014-04-11,1,1
MPL-0158,S3:HE419_MarLitter_transect30,S3_visual_GT2,2014-04-11,compact,9,S3_visual_GT2:2014-04-11,1,1
MPL-0166,S3:HE419_MarLitter_transect29,S3_visual_GT2,2014-04-11,compact,9,S3_visual_GT2:2014-04-11,1,1
MPL-0171,S3:HE419_MarLitter_transect28,S3_visual_GT2,2014-04-11,compact,9,S3_visual_GT2:2014-04-11,1,1
MPL-0176,S3:HE419_MarLitter_transect38,S3_visual_GT2,2014-04-12,compact,9,S3_visual_GT2:2014-04-12,4,3
MPL-0179,S3:HE419_MarLitter_transect37,S3_visual_GT2,2014-04-12,compact,9,S3_visual_GT2:2014-04-12,4,3
MPL-0183,S3:HE419_MarLitter_transect34,S3_visual_GT2,2014-04-12,compact,9,S3_visual_GT2:2014-04-12,4,3
MPL-0185,S3:HE419_MarLitter_transect35,S3_visual_GT2,2014-04-12,compact,9,S3_visual_GT2:2014-04-12,4,3
MPL-0188,S3:HE419_MarLitter_transect36,S3_visual_GT2,2014-04-12,compact,9,S3_visual_GT2:2014-04-12,4,3
MPL-0192,S3:HE419_MarLitter_transect33,S3_visual_GT2,2014-04-12,compact,9,S3_visual_GT2:2014-04-12,4,3
MPL-0779,S3:HE460_MarLitter_transect01,S3_visual_GT2,2016-04-08,compact,9,S3_visual_GT2:2016-04-08,4,1
MPL-0787,S3:HE460_MarLitter_transect02,S3_visual_GT2,2016-04-09,compact,9,S3_visual_GT2:2016-04-09,0,1
MPL-0798,S3:HE460_MarLitter_transect03,S3_visual_GT2,2016-04-10,compact,9,S3_visual_GT2:2016-04-10,0,4
MPL-0903,S4:DOORS3:T2,S4_visual_GT2_5,2024-06-02,compact,0,S4_visual_GT2_5:2024-06-02,0,4
MPL-0904,S4:DOORS3:T1,S4_visual_GT2_5,2024-06-02,compact,0,S4_visual_GT2_5:2024-06-02,0,4
MPL-0905,S4:DOORS3:T10,S4_visual_GT2_5,2024-06-03,compact,0,S4_visual_GT2_5:2024-06-03,0,2
MPL-0906,S4:DOORS3:T9,S4_visual_GT2_5,2024-06-03,compact,0,S4_visual_GT2_5:2024-06-03,0,2
MPL-0907,S4:DOORS3:T8,S4_visual_GT2_5,2024-06-03,compact,0,S4_visual_GT2_5:2024-06-03,0,2
MPL-0908,S4:DOORS3:T7,S4_visual_GT2_5,2024-06-03,compact,0,S4_visual_GT2_5:2024-06-03,0,2
MPL-0909,S4:DOORS3:T6,S4_visual_GT2_5,2024-06-03,compact,0,S4_visual_GT2_5:2024-06-03,0,2
MPL-0910,S4:DOORS3:T5,S4_visual_GT2_5,2024-06-03,compact,0,S4_visual_GT2_5:2024-06-03,0,2
MPL-0911,S4:DOORS3:T4,S4_visual_GT2_5,2024-06-03,compact,0,S4_visual_GT2_5:2024-06-03,0,2
MPL-0912,S4:DOORS3:T3,S4_visual_GT2_5,2024-06-03,compact,0,S4_visual_GT2_5:2024-06-03,0,2
MPL-0913,S4:DOORS3:T17,S4_visual_GT2_5,2024-06-04,compact,0,S4_visual_GT2_5:2024-06-04,2,0
MPL-0914,S4:DOORS3:T16,S4_visual_GT2_5,2024-06-04,compact,0,S4_visual_GT2_5:2024-06-04,2,0
MPL-0915,S4:DOORS3:T15,S4_visual_GT2_5,2024-06-04,compact,0,S4_visual_GT2_5:2024-06-04,2,0
MPL-0916,S4:DOORS3:T14,S4_visual_GT2_5,2024-06-04,compact,0,S4_visual_GT2_5:2024-06-04,2,0
MPL-0917,S4:DOORS3:T13,S4_visual_GT2_5,2024-06-04,compact,0,S4_visual_GT2_5:2024-06-04,2,0
MPL-0918,S4:DOORS3:T12,S4_visual_GT2_5,2024-06-04,compact,0,S4_visual_GT2_5:2024-06-04,2,0
MPL-0919,S4:DOORS3:T11,S4_visual_GT2_5,2024-06-04,compact,0,S4_visual_GT2_5:2024-06-04,2,0
MPL-0920,S4:DOORS3:T19,S4_visual_GT2_5,2024-06-05,compact,0,S4_visual_GT2_5:2024-06-05,0,3
MPL-0921,S4:DOORS3:T18,S4_visual_GT2_5,2024-06-05,compact,0,S4_visual_GT2_5:2024-06-05,0,3
MPL-0922,S4:DOORS3:T21,S4_visual_GT2_5,2024-06-07,compact,0,S4_visual_GT2_5:2024-06-07,3,3
MPL-0923,S4:DOORS3:T20,S4_visual_GT2_5,2024-06-07,compact,0,S4_visual_GT2_5:2024-06-07,3,3
MPL-0924,S4:DOORS3:T22,S4_visual_GT2_5,2024-06-09,compact,0,S4_visual_GT2_5:2024-06-09,1,3
MPL-0925,S4:DOORS3:T24,S4_visual_GT2_5,2024-06-10,compact,0,S4_visual_GT2_5:2024-06-10,2,3
MPL-0926,S4:DOORS3:T23,S4_visual_GT2_5,2024-06-10,compact,0,S4_visual_GT2_5:2024-06-10,2,3
MPL-0927,S4:DOORS3:T25,S4_visual_GT2_5,2024-06-11,compact,0,S4_visual_GT2_5:2024-06-11,1,3
MPL-0928,S4:DOORS3:T26,S4_visual_GT2_5,2024-06-14,compact,0,S4_visual_GT2_5:2024-06-14,1,3
MPL-0929,S4:DOORS3:T27,S4_visual_GT2_5,2024-06-14,compact,0,S4_visual_GT2_5:2024-06-14,1,3
MPL-0930,S4:DOORS3:T28,S4_visual_GT2_5,2024-06-14,compact,0,S4_visual_GT2_5:2024-06-14,1,3
MPL-0931,S4:DOORS3:T29,S4_visual_GT2_5,2024-06-15,compact,0,S4_visual_GT2_5:2024-06-15,3,0
MPL-0932,S4:DOORS3:T32,S4_visual_GT2_5,2024-06-17,compact,0,S4_visual_GT2_5:2024-06-17,4,1
MPL-0933,S4:DOORS3:T31,S4_visual_GT2_5,2024-06-17,compact,0,S4_visual_GT2_5:2024-06-17,4,1
MPL-0934,S4:DOORS3:T30,S4_visual_GT2_5,2024-06-17,compact,0,S4_visual_GT2_5:2024-06-17,4,1
MPL-0935,S4:DOORS3:T33,S4_visual_GT2_5,2024-06-18,compact,0,S4_visual_GT2_5:2024-06-18,4,4
MPL-0903,S4:DOORS3:T2,S4_visual_GT2_5,2024-06-02,compact,1,S4_visual_GT2_5:2024-06-02,0,4
MPL-0904,S4:DOORS3:T1,S4_visual_GT2_5,2024-06-02,compact,1,S4_visual_GT2_5:2024-06-02,0,4
MPL-0905,S4:DOORS3:T10,S4_visual_GT2_5,2024-06-03,compact,1,S4_visual_GT2_5:2024-06-03,1,2
MPL-0906,S4:DOORS3:T9,S4_visual_GT2_5,2024-06-03,compact,1,S4_visual_GT2_5:2024-06-03,1,2
MPL-0907,S4:DOORS3:T8,S4_visual_GT2_5,2024-06-03,compact,1,S4_visual_GT2_5:2024-06-03,1,2
MPL-0908,S4:DOORS3:T7,S4_visual_GT2_5,2024-06-03,compact,1,S4_visual_GT2_5:2024-06-03,1,2
MPL-0909,S4:DOORS3:T6,S4_visual_GT2_5,2024-06-03,compact,1,S4_visual_GT2_5:2024-06-03,1,2
MPL-0910,S4:DOORS3:T5,S4_visual_GT2_5,2024-06-03,compact,1,S4_visual_GT2_5:2024-06-03,1,2
MPL-0911,S4:DOORS3:T4,S4_visual_GT2_5,2024-06-03,compact,1,S4_visual_GT2_5:2024-06-03,1,2
MPL-0912,S4:DOORS3:T3,S4_visual_GT2_5,2024-06-03,compact,1,S4_visual_GT2_5:2024-06-03,1,2
MPL-0913,S4:DOORS3:T17,S4_visual_GT2_5,2024-06-04,compact,1,S4_visual_GT2_5:2024-06-04,2,0
MPL-0914,S4:DOORS3:T16,S4_visual_GT2_5,2024-06-04,compact,1,S4_visual_GT2_5:2024-06-04,2,0
MPL-0915,S4:DOORS3:T15,S4_visual_GT2_5,2024-06-04,compact,1,S4_visual_GT2_5:2024-06-04,2,0
MPL-0916,S4:DOORS3:T14,S4_visual_GT2_5,2024-06-04,compact,1,S4_visual_GT2_5:2024-06-04,2,0
MPL-0917,S4:DOORS3:T13,S4_visual_GT2_5,2024-06-04,compact,1,S4_visual_GT2_5:2024-06-04,2,0
MPL-0918,S4:DOORS3:T12,S4_visual_GT2_5,2024-06-04,compact,1,S4_visual_GT2_5:2024-06-04,2,0
MPL-0919,S4:DOORS3:T11,S4_visual_GT2_5,2024-06-04,compact,1,S4_visual_GT2_5:2024-06-04,2,0
MPL-0920,S4:DOORS3:T19,S4_visual_GT2_5,2024-06-05,compact,1,S4_visual_GT2_5:2024-06-05,0,3
MPL-0921,S4:DOORS3:T18,S4_visual_GT2_5,2024-06-05,compact,1,S4_visual_GT2_5:2024-06-05,0,3
MPL-0922,S4:DOORS3:T21,S4_visual_GT2_5,2024-06-07,compact,1,S4_visual_GT2_5:2024-06-07,2,3
MPL-0923,S4:DOORS3:T20,S4_visual_GT2_5,2024-06-07,compact,1,S4_visual_GT2_5:2024-06-07,2,3
MPL-0924,S4:DOORS3:T22,S4_visual_GT2_5,2024-06-09,compact,1,S4_visual_GT2_5:2024-06-09,0,3
MPL-0925,S4:DOORS3:T24,S4_visual_GT2_5,2024-06-10,compact,1,S4_visual_GT2_5:2024-06-10,4,3
MPL-0926,S4:DOORS3:T23,S4_visual_GT2_5,2024-06-10,compact,1,S4_visual_GT2_5:2024-06-10,4,3
MPL-0927,S4:DOORS3:T25,S4_visual_GT2_5,2024-06-11,compact,1,S4_visual_GT2_5:2024-06-11,1,3
MPL-0928,S4:DOORS3:T26,S4_visual_GT2_5,2024-06-14,compact,1,S4_visual_GT2_5:2024-06-14,4,3
MPL-0929,S4:DOORS3:T27,S4_visual_GT2_5,2024-06-14,compact,1,S4_visual_GT2_5:2024-06-14,4,3
MPL-0930,S4:DOORS3:T28,S4_visual_GT2_5,2024-06-14,compact,1,S4_visual_GT2_5:2024-06-14,4,3
MPL-0931,S4:DOORS3:T29,S4_visual_GT2_5,2024-06-15,compact,1,S4_visual_GT2_5:2024-06-15,3,0
MPL-0932,S4:DOORS3:T32,S4_visual_GT2_5,2024-06-17,compact,1,S4_visual_GT2_5:2024-06-17,3,1
MPL-0933,S4:DOORS3:T31,S4_visual_GT2_5,2024-06-17,compact,1,S4_visual_GT2_5:2024-06-17,3,1
MPL-0934,S4:DOORS3:T30,S4_visual_GT2_5,2024-06-17,compact,1,S4_visual_GT2_5:2024-06-17,3,1
MPL-0935,S4:DOORS3:T33,S4_visual_GT2_5,2024-06-18,compact,1,S4_visual_GT2_5:2024-06-18,1,4
MPL-0903,S4:DOORS3:T2,S4_visual_GT2_5,2024-06-02,compact,2,S4_visual_GT2_5:2024-06-02,0,4
MPL-0904,S4:DOORS3:T1,S4_visual_GT2_5,2024-06-02,compact,2,S4_visual_GT2_5:2024-06-02,0,4
MPL-0905,S4:DOORS3:T10,S4_visual_GT2_5,2024-06-03,compact,2,S4_visual_GT2_5:2024-06-03,0,2
MPL-0906,S4:DOORS3:T9,S4_visual_GT2_5,2024-06-03,compact,2,S4_visual_GT2_5:2024-06-03,0,2
MPL-0907,S4:DOORS3:T8,S4_visual_GT2_5,2024-06-03,compact,2,S4_visual_GT2_5:2024-06-03,0,2
MPL-0908,S4:DOORS3:T7,S4_visual_GT2_5,2024-06-03,compact,2,S4_visual_GT2_5:2024-06-03,0,2
MPL-0909,S4:DOORS3:T6,S4_visual_GT2_5,2024-06-03,compact,2,S4_visual_GT2_5:2024-06-03,0,2
MPL-0910,S4:DOORS3:T5,S4_visual_GT2_5,2024-06-03,compact,2,S4_visual_GT2_5:2024-06-03,0,2
MPL-0911,S4:DOORS3:T4,S4_visual_GT2_5,2024-06-03,compact,2,S4_visual_GT2_5:2024-06-03,0,2
MPL-0912,S4:DOORS3:T3,S4_visual_GT2_5,2024-06-03,compact,2,S4_visual_GT2_5:2024-06-03,0,2
MPL-0913,S4:DOORS3:T17,S4_visual_GT2_5,2024-06-04,compact,2,S4_visual_GT2_5:2024-06-04,2,0
MPL-0914,S4:DOORS3:T16,S4_visual_GT2_5,2024-06-04,compact,2,S4_visual_GT2_5:2024-06-04,2,0
MPL-0915,S4:DOORS3:T15,S4_visual_GT2_5,2024-06-04,compact,2,S4_visual_GT2_5:2024-06-04,2,0
MPL-0916,S4:DOORS3:T14,S4_visual_GT2_5,2024-06-04,compact,2,S4_visual_GT2_5:2024-06-04,2,0
MPL-0917,S4:DOORS3:T13,S4_visual_GT2_5,2024-06-04,compact,2,S4_visual_GT2_5:2024-06-04,2,0
MPL-0918,S4:DOORS3:T12,S4_visual_GT2_5,2024-06-04,compact,2,S4_visual_GT2_5:2024-06-04,2,0
MPL-0919,S4:DOORS3:T11,S4_visual_GT2_5,2024-06-04,compact,2,S4_visual_GT2_5:2024-06-04,2,0
MPL-0920,S4:DOORS3:T19,S4_visual_GT2_5,2024-06-05,compact,2,S4_visual_GT2_5:2024-06-05,4,3
MPL-0921,S4:DOORS3:T18,S4_visual_GT2_5,2024-06-05,compact,2,S4_visual_GT2_5:2024-06-05,4,3
MPL-0922,S4:DOORS3:T21,S4_visual_GT2_5,2024-06-07,compact,2,S4_visual_GT2_5:2024-06-07,0,3
MPL-0923,S4:DOORS3:T20,S4_visual_GT2_5,2024-06-07,compact,2,S4_visual_GT2_5:2024-06-07,0,3
MPL-0924,S4:DOORS3:T22,S4_visual_GT2_5,2024-06-09,compact,2,S4_visual_GT2_5:2024-06-09,2,3
MPL-0925,S4:DOORS3:T24,S4_visual_GT2_5,2024-06-10,compact,2,S4_visual_GT2_5:2024-06-10,1,3
MPL-0926,S4:DOORS3:T23,S4_visual_GT2_5,2024-06-10,compact,2,S4_visual_GT2_5:2024-06-10,1,3
MPL-0927,S4:DOORS3:T25,S4_visual_GT2_5,2024-06-11,compact,2,S4_visual_GT2_5:2024-06-11,3,3
MPL-0928,S4:DOORS3:T26,S4_visual_GT2_5,2024-06-14,compact,2,S4_visual_GT2_5:2024-06-14,4,3
MPL-0929,S4:DOORS3:T27,S4_visual_GT2_5,2024-06-14,compact,2,S4_visual_GT2_5:2024-06-14,4,3
MPL-0930,S4:DOORS3:T28,S4_visual_GT2_5,2024-06-14,compact,2,S4_visual_GT2_5:2024-06-14,4,3
MPL-0931,S4:DOORS3:T29,S4_visual_GT2_5,2024-06-15,compact,2,S4_visual_GT2_5:2024-06-15,1,0
MPL-0932,S4:DOORS3:T32,S4_visual_GT2_5,2024-06-17,compact,2,S4_visual_GT2_5:2024-06-17,1,1
MPL-0933,S4:DOORS3:T31,S4_visual_GT2_5,2024-06-17,compact,2,S4_visual_GT2_5:2024-06-17,1,1
MPL-0934,S4:DOORS3:T30,S4_visual_GT2_5,2024-06-17,compact,2,S4_visual_GT2_5:2024-06-17,1,1
MPL-0935,S4:DOORS3:T33,S4_visual_GT2_5,2024-06-18,compact,2,S4_visual_GT2_5:2024-06-18,3,4
MPL-0903,S4:DOORS3:T2,S4_visual_GT2_5,2024-06-02,compact,3,S4_visual_GT2_5:2024-06-02,0,4
MPL-0904,S4:DOORS3:T1,S4_visual_GT2_5,2024-06-02,compact,3,S4_visual_GT2_5:2024-06-02,0,4
MPL-0905,S4:DOORS3:T10,S4_visual_GT2_5,2024-06-03,compact,3,S4_visual_GT2_5:2024-06-03,3,2
MPL-0906,S4:DOORS3:T9,S4_visual_GT2_5,2024-06-03,compact,3,S4_visual_GT2_5:2024-06-03,3,2
MPL-0907,S4:DOORS3:T8,S4_visual_GT2_5,2024-06-03,compact,3,S4_visual_GT2_5:2024-06-03,3,2
MPL-0908,S4:DOORS3:T7,S4_visual_GT2_5,2024-06-03,compact,3,S4_visual_GT2_5:2024-06-03,3,2
MPL-0909,S4:DOORS3:T6,S4_visual_GT2_5,2024-06-03,compact,3,S4_visual_GT2_5:2024-06-03,3,2
MPL-0910,S4:DOORS3:T5,S4_visual_GT2_5,2024-06-03,compact,3,S4_visual_GT2_5:2024-06-03,3,2
MPL-0911,S4:DOORS3:T4,S4_visual_GT2_5,2024-06-03,compact,3,S4_visual_GT2_5:2024-06-03,3,2
MPL-0912,S4:DOORS3:T3,S4_visual_GT2_5,2024-06-03,compact,3,S4_visual_GT2_5:2024-06-03,3,2
MPL-0913,S4:DOORS3:T17,S4_visual_GT2_5,2024-06-04,compact,3,S4_visual_GT2_5:2024-06-04,1,0
MPL-0914,S4:DOORS3:T16,S4_visual_GT2_5,2024-06-04,compact,3,S4_visual_GT2_5:2024-06-04,1,0
MPL-0915,S4:DOORS3:T15,S4_visual_GT2_5,2024-06-04,compact,3,S4_visual_GT2_5:2024-06-04,1,0
MPL-0916,S4:DOORS3:T14,S4_visual_GT2_5,2024-06-04,compact,3,S4_visual_GT2_5:2024-06-04,1,0
MPL-0917,S4:DOORS3:T13,S4_visual_GT2_5,2024-06-04,compact,3,S4_visual_GT2_5:2024-06-04,1,0
MPL-0918,S4:DOORS3:T12,S4_visual_GT2_5,2024-06-04,compact,3,S4_visual_GT2_5:2024-06-04,1,0
MPL-0919,S4:DOORS3:T11,S4_visual_GT2_5,2024-06-04,compact,3,S4_visual_GT2_5:2024-06-04,1,0
MPL-0920,S4:DOORS3:T19,S4_visual_GT2_5,2024-06-05,compact,3,S4_visual_GT2_5:2024-06-05,1,3
MPL-0921,S4:DOORS3:T18,S4_visual_GT2_5,2024-06-05,compact,3,S4_visual_GT2_5:2024-06-05,1,3
MPL-0922,S4:DOORS3:T21,S4_visual_GT2_5,2024-06-07,compact,3,S4_visual_GT2_5:2024-06-07,0,3
MPL-0923,S4:DOORS3:T20,S4_visual_GT2_5,2024-06-07,compact,3,S4_visual_GT2_5:2024-06-07,0,3
MPL-0924,S4:DOORS3:T22,S4_visual_GT2_5,2024-06-09,compact,3,S4_visual_GT2_5:2024-06-09,4,3
MPL-0925,S4:DOORS3:T24,S4_visual_GT2_5,2024-06-10,compact,3,S4_visual_GT2_5:2024-06-10,1,3
MPL-0926,S4:DOORS3:T23,S4_visual_GT2_5,2024-06-10,compact,3,S4_visual_GT2_5:2024-06-10,1,3
MPL-0927,S4:DOORS3:T25,S4_visual_GT2_5,2024-06-11,compact,3,S4_visual_GT2_5:2024-06-11,2,3
MPL-0928,S4:DOORS3:T26,S4_visual_GT2_5,2024-06-14,compact,3,S4_visual_GT2_5:2024-06-14,2,3
MPL-0929,S4:DOORS3:T27,S4_visual_GT2_5,2024-06-14,compact,3,S4_visual_GT2_5:2024-06-14,2,3
MPL-0930,S4:DOORS3:T28,S4_visual_GT2_5,2024-06-14,compact,3,S4_visual_GT2_5:2024-06-14,2,3
MPL-0931,S4:DOORS3:T29,S4_visual_GT2_5,2024-06-15,compact,3,S4_visual_GT2_5:2024-06-15,0,0
MPL-0932,S4:DOORS3:T32,S4_visual_GT2_5,2024-06-17,compact,3,S4_visual_GT2_5:2024-06-17,4,1
MPL-0933,S4:DOORS3:T31,S4_visual_GT2_5,2024-06-17,compact,3,S4_visual_GT2_5:2024-06-17,4,1
MPL-0934,S4:DOORS3:T30,S4_visual_GT2_5,2024-06-17,compact,3,S4_visual_GT2_5:2024-06-17,4,1
MPL-0935,S4:DOORS3:T33,S4_visual_GT2_5,2024-06-18,compact,3,S4_visual_GT2_5:2024-06-18,3,4
MPL-0903,S4:DOORS3:T2,S4_visual_GT2_5,2024-06-02,compact,4,S4_visual_GT2_5:2024-06-02,0,4
MPL-0904,S4:DOORS3:T1,S4_visual_GT2_5,2024-06-02,compact,4,S4_visual_GT2_5:2024-06-02,0,4
MPL-0905,S4:DOORS3:T10,S4_visual_GT2_5,2024-06-03,compact,4,S4_visual_GT2_5:2024-06-03,1,2
MPL-0906,S4:DOORS3:T9,S4_visual_GT2_5,2024-06-03,compact,4,S4_visual_GT2_5:2024-06-03,1,2
MPL-0907,S4:DOORS3:T8,S4_visual_GT2_5,2024-06-03,compact,4,S4_visual_GT2_5:2024-06-03,1,2
MPL-0908,S4:DOORS3:T7,S4_visual_GT2_5,2024-06-03,compact,4,S4_visual_GT2_5:2024-06-03,1,2
MPL-0909,S4:DOORS3:T6,S4_visual_GT2_5,2024-06-03,compact,4,S4_visual_GT2_5:2024-06-03,1,2
MPL-0910,S4:DOORS3:T5,S4_visual_GT2_5,2024-06-03,compact,4,S4_visual_GT2_5:2024-06-03,1,2
MPL-0911,S4:DOORS3:T4,S4_visual_GT2_5,2024-06-03,compact,4,S4_visual_GT2_5:2024-06-03,1,2
MPL-0912,S4:DOORS3:T3,S4_visual_GT2_5,2024-06-03,compact,4,S4_visual_GT2_5:2024-06-03,1,2
MPL-0913,S4:DOORS3:T17,S4_visual_GT2_5,2024-06-04,compact,4,S4_visual_GT2_5:2024-06-04,1,0
MPL-0914,S4:DOORS3:T16,S4_visual_GT2_5,2024-06-04,compact,4,S4_visual_GT2_5:2024-06-04,1,0
MPL-0915,S4:DOORS3:T15,S4_visual_GT2_5,2024-06-04,compact,4,S4_visual_GT2_5:2024-06-04,1,0
MPL-0916,S4:DOORS3:T14,S4_visual_GT2_5,2024-06-04,compact,4,S4_visual_GT2_5:2024-06-04,1,0
MPL-0917,S4:DOORS3:T13,S4_visual_GT2_5,2024-06-04,compact,4,S4_visual_GT2_5:2024-06-04,1,0
MPL-0918,S4:DOORS3:T12,S4_visual_GT2_5,2024-06-04,compact,4,S4_visual_GT2_5:2024-06-04,1,0
MPL-0919,S4:DOORS3:T11,S4_visual_GT2_5,2024-06-04,compact,4,S4_visual_GT2_5:2024-06-04,1,0
MPL-0920,S4:DOORS3:T19,S4_visual_GT2_5,2024-06-05,compact,4,S4_visual_GT2_5:2024-06-05,2,3
MPL-0921,S4:DOORS3:T18,S4_visual_GT2_5,2024-06-05,compact,4,S4_visual_GT2_5:2024-06-05,2,3
MPL-0922,S4:DOORS3:T21,S4_visual_GT2_5,2024-06-07,compact,4,S4_visual_GT2_5:2024-06-07,2,3
MPL-0923,S4:DOORS3:T20,S4_visual_GT2_5,2024-06-07,compact,4,S4_visual_GT2_5:2024-06-07,2,3
MPL-0924,S4:DOORS3:T22,S4_visual_GT2_5,2024-06-09,compact,4,S4_visual_GT2_5:2024-06-09,3,3
MPL-0925,S4:DOORS3:T24,S4_visual_GT2_5,2024-06-10,compact,4,S4_visual_GT2_5:2024-06-10,3,3
MPL-0926,S4:DOORS3:T23,S4_visual_GT2_5,2024-06-10,compact,4,S4_visual_GT2_5:2024-06-10,3,3
MPL-0927,S4:DOORS3:T25,S4_visual_GT2_5,2024-06-11,compact,4,S4_visual_GT2_5:2024-06-11,0,3
MPL-0928,S4:DOORS3:T26,S4_visual_GT2_5,2024-06-14,compact,4,S4_visual_GT2_5:2024-06-14,4,3
MPL-0929,S4:DOORS3:T27,S4_visual_GT2_5,2024-06-14,compact,4,S4_visual_GT2_5:2024-06-14,4,3
MPL-0930,S4:DOORS3:T28,S4_visual_GT2_5,2024-06-14,compact,4,S4_visual_GT2_5:2024-06-14,4,3
MPL-0931,S4:DOORS3:T29,S4_visual_GT2_5,2024-06-15,compact,4,S4_visual_GT2_5:2024-06-15,0,0
MPL-0932,S4:DOORS3:T32,S4_visual_GT2_5,2024-06-17,compact,4,S4_visual_GT2_5:2024-06-17,4,1
MPL-0933,S4:DOORS3:T31,S4_visual_GT2_5,2024-06-17,compact,4,S4_visual_GT2_5:2024-06-17,4,1
MPL-0934,S4:DOORS3:T30,S4_visual_GT2_5,2024-06-17,compact,4,S4_visual_GT2_5:2024-06-17,4,1
MPL-0935,S4:DOORS3:T33,S4_visual_GT2_5,2024-06-18,compact,4,S4_visual_GT2_5:2024-06-18,1,4
MPL-0903,S4:DOORS3:T2,S4_visual_GT2_5,2024-06-02,compact,5,S4_visual_GT2_5:2024-06-02,0,4
MPL-0904,S4:DOORS3:T1,S4_visual_GT2_5,2024-06-02,compact,5,S4_visual_GT2_5:2024-06-02,0,4
MPL-0905,S4:DOORS3:T10,S4_visual_GT2_5,2024-06-03,compact,5,S4_visual_GT2_5:2024-06-03,0,2
MPL-0906,S4:DOORS3:T9,S4_visual_GT2_5,2024-06-03,compact,5,S4_visual_GT2_5:2024-06-03,0,2
MPL-0907,S4:DOORS3:T8,S4_visual_GT2_5,2024-06-03,compact,5,S4_visual_GT2_5:2024-06-03,0,2
MPL-0908,S4:DOORS3:T7,S4_visual_GT2_5,2024-06-03,compact,5,S4_visual_GT2_5:2024-06-03,0,2
MPL-0909,S4:DOORS3:T6,S4_visual_GT2_5,2024-06-03,compact,5,S4_visual_GT2_5:2024-06-03,0,2
MPL-0910,S4:DOORS3:T5,S4_visual_GT2_5,2024-06-03,compact,5,S4_visual_GT2_5:2024-06-03,0,2
MPL-0911,S4:DOORS3:T4,S4_visual_GT2_5,2024-06-03,compact,5,S4_visual_GT2_5:2024-06-03,0,2
MPL-0912,S4:DOORS3:T3,S4_visual_GT2_5,2024-06-03,compact,5,S4_visual_GT2_5:2024-06-03,0,2
MPL-0913,S4:DOORS3:T17,S4_visual_GT2_5,2024-06-04,compact,5,S4_visual_GT2_5:2024-06-04,2,0
MPL-0914,S4:DOORS3:T16,S4_visual_GT2_5,2024-06-04,compact,5,S4_visual_GT2_5:2024-06-04,2,0
MPL-0915,S4:DOORS3:T15,S4_visual_GT2_5,2024-06-04,compact,5,S4_visual_GT2_5:2024-06-04,2,0
MPL-0916,S4:DOORS3:T14,S4_visual_GT2_5,2024-06-04,compact,5,S4_visual_GT2_5:2024-06-04,2,0
MPL-0917,S4:DOORS3:T13,S4_visual_GT2_5,2024-06-04,compact,5,S4_visual_GT2_5:2024-06-04,2,0
MPL-0918,S4:DOORS3:T12,S4_visual_GT2_5,2024-06-04,compact,5,S4_visual_GT2_5:2024-06-04,2,0
MPL-0919,S4:DOORS3:T11,S4_visual_GT2_5,2024-06-04,compact,5,S4_visual_GT2_5:2024-06-04,2,0
MPL-0920,S4:DOORS3:T19,S4_visual_GT2_5,2024-06-05,compact,5,S4_visual_GT2_5:2024-06-05,2,3
MPL-0921,S4:DOORS3:T18,S4_visual_GT2_5,2024-06-05,compact,5,S4_visual_GT2_5:2024-06-05,2,3
MPL-0922,S4:DOORS3:T21,S4_visual_GT2_5,2024-06-07,compact,5,S4_visual_GT2_5:2024-06-07,1,3
MPL-0923,S4:DOORS3:T20,S4_visual_GT2_5,2024-06-07,compact,5,S4_visual_GT2_5:2024-06-07,1,3
MPL-0924,S4:DOORS3:T22,S4_visual_GT2_5,2024-06-09,compact,5,S4_visual_GT2_5:2024-06-09,3,3
MPL-0925,S4:DOORS3:T24,S4_visual_GT2_5,2024-06-10,compact,5,S4_visual_GT2_5:2024-06-10,3,3
MPL-0926,S4:DOORS3:T23,S4_visual_GT2_5,2024-06-10,compact,5,S4_visual_GT2_5:2024-06-10,3,3
MPL-0927,S4:DOORS3:T25,S4_visual_GT2_5,2024-06-11,compact,5,S4_visual_GT2_5:2024-06-11,1,3
MPL-0928,S4:DOORS3:T26,S4_visual_GT2_5,2024-06-14,compact,5,S4_visual_GT2_5:2024-06-14,0,3
MPL-0929,S4:DOORS3:T27,S4_visual_GT2_5,2024-06-14,compact,5,S4_visual_GT2_5:2024-06-14,0,3
MPL-0930,S4:DOORS3:T28,S4_visual_GT2_5,2024-06-14,compact,5,S4_visual_GT2_5:2024-06-14,0,3
MPL-0931,S4:DOORS3:T29,S4_visual_GT2_5,2024-06-15,compact,5,S4_visual_GT2_5:2024-06-15,4,0
MPL-0932,S4:DOORS3:T32,S4_visual_GT2_5,2024-06-17,compact,5,S4_visual_GT2_5:2024-06-17,1,1
MPL-0933,S4:DOORS3:T31,S4_visual_GT2_5,2024-06-17,compact,5,S4_visual_GT2_5:2024-06-17,1,1
MPL-0934,S4:DOORS3:T30,S4_visual_GT2_5,2024-06-17,compact,5,S4_visual_GT2_5:2024-06-17,1,1
MPL-0935,S4:DOORS3:T33,S4_visual_GT2_5,2024-06-18,compact,5,S4_visual_GT2_5:2024-06-18,4,4
MPL-0903,S4:DOORS3:T2,S4_visual_GT2_5,2024-06-02,compact,6,S4_visual_GT2_5:2024-06-02,3,4
MPL-0904,S4:DOORS3:T1,S4_visual_GT2_5,2024-06-02,compact,6,S4_visual_GT2_5:2024-06-02,3,4
MPL-0905,S4:DOORS3:T10,S4_visual_GT2_5,2024-06-03,compact,6,S4_visual_GT2_5:2024-06-03,0,2
MPL-0906,S4:DOORS3:T9,S4_visual_GT2_5,2024-06-03,compact,6,S4_visual_GT2_5:2024-06-03,0,2
MPL-0907,S4:DOORS3:T8,S4_visual_GT2_5,2024-06-03,compact,6,S4_visual_GT2_5:2024-06-03,0,2
MPL-0908,S4:DOORS3:T7,S4_visual_GT2_5,2024-06-03,compact,6,S4_visual_GT2_5:2024-06-03,0,2
MPL-0909,S4:DOORS3:T6,S4_visual_GT2_5,2024-06-03,compact,6,S4_visual_GT2_5:2024-06-03,0,2
MPL-0910,S4:DOORS3:T5,S4_visual_GT2_5,2024-06-03,compact,6,S4_visual_GT2_5:2024-06-03,0,2
MPL-0911,S4:DOORS3:T4,S4_visual_GT2_5,2024-06-03,compact,6,S4_visual_GT2_5:2024-06-03,0,2
MPL-0912,S4:DOORS3:T3,S4_visual_GT2_5,2024-06-03,compact,6,S4_visual_GT2_5:2024-06-03,0,2
MPL-0913,S4:DOORS3:T17,S4_visual_GT2_5,2024-06-04,compact,6,S4_visual_GT2_5:2024-06-04,4,0
MPL-0914,S4:DOORS3:T16,S4_visual_GT2_5,2024-06-04,compact,6,S4_visual_GT2_5:2024-06-04,4,0
MPL-0915,S4:DOORS3:T15,S4_visual_GT2_5,2024-06-04,compact,6,S4_visual_GT2_5:2024-06-04,4,0
MPL-0916,S4:DOORS3:T14,S4_visual_GT2_5,2024-06-04,compact,6,S4_visual_GT2_5:2024-06-04,4,0
MPL-0917,S4:DOORS3:T13,S4_visual_GT2_5,2024-06-04,compact,6,S4_visual_GT2_5:2024-06-04,4,0
MPL-0918,S4:DOORS3:T12,S4_visual_GT2_5,2024-06-04,compact,6,S4_visual_GT2_5:2024-06-04,4,0
MPL-0919,S4:DOORS3:T11,S4_visual_GT2_5,2024-06-04,compact,6,S4_visual_GT2_5:2024-06-04,4,0
MPL-0920,S4:DOORS3:T19,S4_visual_GT2_5,2024-06-05,compact,6,S4_visual_GT2_5:2024-06-05,2,3
MPL-0921,S4:DOORS3:T18,S4_visual_GT2_5,2024-06-05,compact,6,S4_visual_GT2_5:2024-06-05,2,3
MPL-0922,S4:DOORS3:T21,S4_visual_GT2_5,2024-06-07,compact,6,S4_visual_GT2_5:2024-06-07,2,3
MPL-0923,S4:DOORS3:T20,S4_visual_GT2_5,2024-06-07,compact,6,S4_visual_GT2_5:2024-06-07,2,3
MPL-0924,S4:DOORS3:T22,S4_visual_GT2_5,2024-06-09,compact,6,S4_visual_GT2_5:2024-06-09,1,3
MPL-0925,S4:DOORS3:T24,S4_visual_GT2_5,2024-06-10,compact,6,S4_visual_GT2_5:2024-06-10,3,3
MPL-0926,S4:DOORS3:T23,S4_visual_GT2_5,2024-06-10,compact,6,S4_visual_GT2_5:2024-06-10,3,3
MPL-0927,S4:DOORS3:T25,S4_visual_GT2_5,2024-06-11,compact,6,S4_visual_GT2_5:2024-06-11,1,3
MPL-0928,S4:DOORS3:T26,S4_visual_GT2_5,2024-06-14,compact,6,S4_visual_GT2_5:2024-06-14,0,3
MPL-0929,S4:DOORS3:T27,S4_visual_GT2_5,2024-06-14,compact,6,S4_visual_GT2_5:2024-06-14,0,3
MPL-0930,S4:DOORS3:T28,S4_visual_GT2_5,2024-06-14,compact,6,S4_visual_GT2_5:2024-06-14,0,3
MPL-0931,S4:DOORS3:T29,S4_visual_GT2_5,2024-06-15,compact,6,S4_visual_GT2_5:2024-06-15,4,0
MPL-0932,S4:DOORS3:T32,S4_visual_GT2_5,2024-06-17,compact,6,S4_visual_GT2_5:2024-06-17,1,1
MPL-0933,S4:DOORS3:T31,S4_visual_GT2_5,2024-06-17,compact,6,S4_visual_GT2_5:2024-06-17,1,1
MPL-0934,S4:DOORS3:T30,S4_visual_GT2_5,2024-06-17,compact,6,S4_visual_GT2_5:2024-06-17,1,1
MPL-0935,S4:DOORS3:T33,S4_visual_GT2_5,2024-06-18,compact,6,S4_visual_GT2_5:2024-06-18,0,4
MPL-0903,S4:DOORS3:T2,S4_visual_GT2_5,2024-06-02,compact,7,S4_visual_GT2_5:2024-06-02,0,4
MPL-0904,S4:DOORS3:T1,S4_visual_GT2_5,2024-06-02,compact,7,S4_visual_GT2_5:2024-06-02,0,4
MPL-0905,S4:DOORS3:T10,S4_visual_GT2_5,2024-06-03,compact,7,S4_visual_GT2_5:2024-06-03,4,2
MPL-0906,S4:DOORS3:T9,S4_visual_GT2_5,2024-06-03,compact,7,S4_visual_GT2_5:2024-06-03,4,2
MPL-0907,S4:DOORS3:T8,S4_visual_GT2_5,2024-06-03,compact,7,S4_visual_GT2_5:2024-06-03,4,2
MPL-0908,S4:DOORS3:T7,S4_visual_GT2_5,2024-06-03,compact,7,S4_visual_GT2_5:2024-06-03,4,2
MPL-0909,S4:DOORS3:T6,S4_visual_GT2_5,2024-06-03,compact,7,S4_visual_GT2_5:2024-06-03,4,2
MPL-0910,S4:DOORS3:T5,S4_visual_GT2_5,2024-06-03,compact,7,S4_visual_GT2_5:2024-06-03,4,2
MPL-0911,S4:DOORS3:T4,S4_visual_GT2_5,2024-06-03,compact,7,S4_visual_GT2_5:2024-06-03,4,2
MPL-0912,S4:DOORS3:T3,S4_visual_GT2_5,2024-06-03,compact,7,S4_visual_GT2_5:2024-06-03,4,2
MPL-0913,S4:DOORS3:T17,S4_visual_GT2_5,2024-06-04,compact,7,S4_visual_GT2_5:2024-06-04,3,0
MPL-0914,S4:DOORS3:T16,S4_visual_GT2_5,2024-06-04,compact,7,S4_visual_GT2_5:2024-06-04,3,0
MPL-0915,S4:DOORS3:T15,S4_visual_GT2_5,2024-06-04,compact,7,S4_visual_GT2_5:2024-06-04,3,0
MPL-0916,S4:DOORS3:T14,S4_visual_GT2_5,2024-06-04,compact,7,S4_visual_GT2_5:2024-06-04,3,0
MPL-0917,S4:DOORS3:T13,S4_visual_GT2_5,2024-06-04,compact,7,S4_visual_GT2_5:2024-06-04,3,0
MPL-0918,S4:DOORS3:T12,S4_visual_GT2_5,2024-06-04,compact,7,S4_visual_GT2_5:2024-06-04,3,0
MPL-0919,S4:DOORS3:T11,S4_visual_GT2_5,2024-06-04,compact,7,S4_visual_GT2_5:2024-06-04,3,0
MPL-0920,S4:DOORS3:T19,S4_visual_GT2_5,2024-06-05,compact,7,S4_visual_GT2_5:2024-06-05,1,3
MPL-0921,S4:DOORS3:T18,S4_visual_GT2_5,2024-06-05,compact,7,S4_visual_GT2_5:2024-06-05,1,3
MPL-0922,S4:DOORS3:T21,S4_visual_GT2_5,2024-06-07,compact,7,S4_visual_GT2_5:2024-06-07,0,3
MPL-0923,S4:DOORS3:T20,S4_visual_GT2_5,2024-06-07,compact,7,S4_visual_GT2_5:2024-06-07,0,3
MPL-0924,S4:DOORS3:T22,S4_visual_GT2_5,2024-06-09,compact,7,S4_visual_GT2_5:2024-06-09,0,3
MPL-0925,S4:DOORS3:T24,S4_visual_GT2_5,2024-06-10,compact,7,S4_visual_GT2_5:2024-06-10,2,3
MPL-0926,S4:DOORS3:T23,S4_visual_GT2_5,2024-06-10,compact,7,S4_visual_GT2_5:2024-06-10,2,3
MPL-0927,S4:DOORS3:T25,S4_visual_GT2_5,2024-06-11,compact,7,S4_visual_GT2_5:2024-06-11,1,3
MPL-0928,S4:DOORS3:T26,S4_visual_GT2_5,2024-06-14,compact,7,S4_visual_GT2_5:2024-06-14,3,3
MPL-0929,S4:DOORS3:T27,S4_visual_GT2_5,2024-06-14,compact,7,S4_visual_GT2_5:2024-06-14,3,3
MPL-0930,S4:DOORS3:T28,S4_visual_GT2_5,2024-06-14,compact,7,S4_visual_GT2_5:2024-06-14,3,3
MPL-0931,S4:DOORS3:T29,S4_visual_GT2_5,2024-06-15,compact,7,S4_visual_GT2_5:2024-06-15,4,0
MPL-0932,S4:DOORS3:T32,S4_visual_GT2_5,2024-06-17,compact,7,S4_visual_GT2_5:2024-06-17,1,1
MPL-0933,S4:DOORS3:T31,S4_visual_GT2_5,2024-06-17,compact,7,S4_visual_GT2_5:2024-06-17,1,1
MPL-0934,S4:DOORS3:T30,S4_visual_GT2_5,2024-06-17,compact,7,S4_visual_GT2_5:2024-06-17,1,1
MPL-0935,S4:DOORS3:T33,S4_visual_GT2_5,2024-06-18,compact,7,S4_visual_GT2_5:2024-06-18,2,4
MPL-0903,S4:DOORS3:T2,S4_visual_GT2_5,2024-06-02,compact,8,S4_visual_GT2_5:2024-06-02,2,4
MPL-0904,S4:DOORS3:T1,S4_visual_GT2_5,2024-06-02,compact,8,S4_visual_GT2_5:2024-06-02,2,4
MPL-0905,S4:DOORS3:T10,S4_visual_GT2_5,2024-06-03,compact,8,S4_visual_GT2_5:2024-06-03,1,2
MPL-0906,S4:DOORS3:T9,S4_visual_GT2_5,2024-06-03,compact,8,S4_visual_GT2_5:2024-06-03,1,2
MPL-0907,S4:DOORS3:T8,S4_visual_GT2_5,2024-06-03,compact,8,S4_visual_GT2_5:2024-06-03,1,2
MPL-0908,S4:DOORS3:T7,S4_visual_GT2_5,2024-06-03,compact,8,S4_visual_GT2_5:2024-06-03,1,2
MPL-0909,S4:DOORS3:T6,S4_visual_GT2_5,2024-06-03,compact,8,S4_visual_GT2_5:2024-06-03,1,2
MPL-0910,S4:DOORS3:T5,S4_visual_GT2_5,2024-06-03,compact,8,S4_visual_GT2_5:2024-06-03,1,2
MPL-0911,S4:DOORS3:T4,S4_visual_GT2_5,2024-06-03,compact,8,S4_visual_GT2_5:2024-06-03,1,2
MPL-0912,S4:DOORS3:T3,S4_visual_GT2_5,2024-06-03,compact,8,S4_visual_GT2_5:2024-06-03,1,2
MPL-0913,S4:DOORS3:T17,S4_visual_GT2_5,2024-06-04,compact,8,S4_visual_GT2_5:2024-06-04,3,0
MPL-0914,S4:DOORS3:T16,S4_visual_GT2_5,2024-06-04,compact,8,S4_visual_GT2_5:2024-06-04,3,0
MPL-0915,S4:DOORS3:T15,S4_visual_GT2_5,2024-06-04,compact,8,S4_visual_GT2_5:2024-06-04,3,0
MPL-0916,S4:DOORS3:T14,S4_visual_GT2_5,2024-06-04,compact,8,S4_visual_GT2_5:2024-06-04,3,0
MPL-0917,S4:DOORS3:T13,S4_visual_GT2_5,2024-06-04,compact,8,S4_visual_GT2_5:2024-06-04,3,0
MPL-0918,S4:DOORS3:T12,S4_visual_GT2_5,2024-06-04,compact,8,S4_visual_GT2_5:2024-06-04,3,0
MPL-0919,S4:DOORS3:T11,S4_visual_GT2_5,2024-06-04,compact,8,S4_visual_GT2_5:2024-06-04,3,0
MPL-0920,S4:DOORS3:T19,S4_visual_GT2_5,2024-06-05,compact,8,S4_visual_GT2_5:2024-06-05,4,3
MPL-0921,S4:DOORS3:T18,S4_visual_GT2_5,2024-06-05,compact,8,S4_visual_GT2_5:2024-06-05,4,3
MPL-0922,S4:DOORS3:T21,S4_visual_GT2_5,2024-06-07,compact,8,S4_visual_GT2_5:2024-06-07,0,3
MPL-0923,S4:DOORS3:T20,S4_visual_GT2_5,2024-06-07,compact,8,S4_visual_GT2_5:2024-06-07,0,3
MPL-0924,S4:DOORS3:T22,S4_visual_GT2_5,2024-06-09,compact,8,S4_visual_GT2_5:2024-06-09,4,3
MPL-0925,S4:DOORS3:T24,S4_visual_GT2_5,2024-06-10,compact,8,S4_visual_GT2_5:2024-06-10,1,3
MPL-0926,S4:DOORS3:T23,S4_visual_GT2_5,2024-06-10,compact,8,S4_visual_GT2_5:2024-06-10,1,3
MPL-0927,S4:DOORS3:T25,S4_visual_GT2_5,2024-06-11,compact,8,S4_visual_GT2_5:2024-06-11,0,3
MPL-0928,S4:DOORS3:T26,S4_visual_GT2_5,2024-06-14,compact,8,S4_visual_GT2_5:2024-06-14,1,3
MPL-0929,S4:DOORS3:T27,S4_visual_GT2_5,2024-06-14,compact,8,S4_visual_GT2_5:2024-06-14,1,3
MPL-0930,S4:DOORS3:T28,S4_visual_GT2_5,2024-06-14,compact,8,S4_visual_GT2_5:2024-06-14,1,3
MPL-0931,S4:DOORS3:T29,S4_visual_GT2_5,2024-06-15,compact,8,S4_visual_GT2_5:2024-06-15,3,0
MPL-0932,S4:DOORS3:T32,S4_visual_GT2_5,2024-06-17,compact,8,S4_visual_GT2_5:2024-06-17,2,1
MPL-0933,S4:DOORS3:T31,S4_visual_GT2_5,2024-06-17,compact,8,S4_visual_GT2_5:2024-06-17,2,1
MPL-0934,S4:DOORS3:T30,S4_visual_GT2_5,2024-06-17,compact,8,S4_visual_GT2_5:2024-06-17,2,1
MPL-0935,S4:DOORS3:T33,S4_visual_GT2_5,2024-06-18,compact,8,S4_visual_GT2_5:2024-06-18,0,4
MPL-0903,S4:DOORS3:T2,S4_visual_GT2_5,2024-06-02,compact,9,S4_visual_GT2_5:2024-06-02,1,4
MPL-0904,S4:DOORS3:T1,S4_visual_GT2_5,2024-06-02,compact,9,S4_visual_GT2_5:2024-06-02,1,4
MPL-0905,S4:DOORS3:T10,S4_visual_GT2_5,2024-06-03,compact,9,S4_visual_GT2_5:2024-06-03,1,2
MPL-0906,S4:DOORS3:T9,S4_visual_GT2_5,2024-06-03,compact,9,S4_visual_GT2_5:2024-06-03,1,2
MPL-0907,S4:DOORS3:T8,S4_visual_GT2_5,2024-06-03,compact,9,S4_visual_GT2_5:2024-06-03,1,2
MPL-0908,S4:DOORS3:T7,S4_visual_GT2_5,2024-06-03,compact,9,S4_visual_GT2_5:2024-06-03,1,2
MPL-0909,S4:DOORS3:T6,S4_visual_GT2_5,2024-06-03,compact,9,S4_visual_GT2_5:2024-06-03,1,2
MPL-0910,S4:DOORS3:T5,S4_visual_GT2_5,2024-06-03,compact,9,S4_visual_GT2_5:2024-06-03,1,2
MPL-0911,S4:DOORS3:T4,S4_visual_GT2_5,2024-06-03,compact,9,S4_visual_GT2_5:2024-06-03,1,2
MPL-0912,S4:DOORS3:T3,S4_visual_GT2_5,2024-06-03,compact,9,S4_visual_GT2_5:2024-06-03,1,2
MPL-0913,S4:DOORS3:T17,S4_visual_GT2_5,2024-06-04,compact,9,S4_visual_GT2_5:2024-06-04,3,0
MPL-0914,S4:DOORS3:T16,S4_visual_GT2_5,2024-06-04,compact,9,S4_visual_GT2_5:2024-06-04,3,0
MPL-0915,S4:DOORS3:T15,S4_visual_GT2_5,2024-06-04,compact,9,S4_visual_GT2_5:2024-06-04,3,0
MPL-0916,S4:DOORS3:T14,S4_visual_GT2_5,2024-06-04,compact,9,S4_visual_GT2_5:2024-06-04,3,0
MPL-0917,S4:DOORS3:T13,S4_visual_GT2_5,2024-06-04,compact,9,S4_visual_GT2_5:2024-06-04,3,0
MPL-0918,S4:DOORS3:T12,S4_visual_GT2_5,2024-06-04,compact,9,S4_visual_GT2_5:2024-06-04,3,0
MPL-0919,S4:DOORS3:T11,S4_visual_GT2_5,2024-06-04,compact,9,S4_visual_GT2_5:2024-06-04,3,0
MPL-0920,S4:DOORS3:T19,S4_visual_GT2_5,2024-06-05,compact,9,S4_visual_GT2_5:2024-06-05,2,3
MPL-0921,S4:DOORS3:T18,S4_visual_GT2_5,2024-06-05,compact,9,S4_visual_GT2_5:2024-06-05,2,3
MPL-0922,S4:DOORS3:T21,S4_visual_GT2_5,2024-06-07,compact,9,S4_visual_GT2_5:2024-06-07,3,3
MPL-0923,S4:DOORS3:T20,S4_visual_GT2_5,2024-06-07,compact,9,S4_visual_GT2_5:2024-06-07,3,3
MPL-0924,S4:DOORS3:T22,S4_visual_GT2_5,2024-06-09,compact,9,S4_visual_GT2_5:2024-06-09,2,3
MPL-0925,S4:DOORS3:T24,S4_visual_GT2_5,2024-06-10,compact,9,S4_visual_GT2_5:2024-06-10,0,3
MPL-0926,S4:DOORS3:T23,S4_visual_GT2_5,2024-06-10,compact,9,S4_visual_GT2_5:2024-06-10,0,3
MPL-0927,S4:DOORS3:T25,S4_visual_GT2_5,2024-06-11,compact,9,S4_visual_GT2_5:2024-06-11,1,3
MPL-0928,S4:DOORS3:T26,S4_visual_GT2_5,2024-06-14,compact,9,S4_visual_GT2_5:2024-06-14,4,3
MPL-0929,S4:DOORS3:T27,S4_visual_GT2_5,2024-06-14,compact,9,S4_visual_GT2_5:2024-06-14,4,3
MPL-0930,S4:DOORS3:T28,S4_visual_GT2_5,2024-06-14,compact,9,S4_visual_GT2_5:2024-06-14,4,3
MPL-0931,S4:DOORS3:T29,S4_visual_GT2_5,2024-06-15,compact,9,S4_visual_GT2_5:2024-06-15,4,0
MPL-0932,S4:DOORS3:T32,S4_visual_GT2_5,2024-06-17,compact,9,S4_visual_GT2_5:2024-06-17,0,1
MPL-0933,S4:DOORS3:T31,S4_visual_GT2_5,2024-06-17,compact,9,S4_visual_GT2_5:2024-06-17,0,1
MPL-0934,S4:DOORS3:T30,S4_visual_GT2_5,2024-06-17,compact,9,S4_visual_GT2_5:2024-06-17,0,1
MPL-0935,S4:DOORS3:T33,S4_visual_GT2_5,2024-06-18,compact,9,S4_visual_GT2_5:2024-06-18,0,4
