name,scene,tile,region,date,official_split,l2a_available,common_split,debris_pixels,labeled_pixels
1-12-19_48MYU_0,1-12-19_48MYU,48MYU,indonesia,2019-12-01,train,True,train,0,529
1-12-19_48MYU_1,1-12-19_48MYU,48MYU,indonesia,2019-12-01,train,True,train,0,34
1-12-19_48MYU_2,1-12-19_48MYU,48MYU,indonesia,2019-12-01,train,True,train,7,33
1-12-19_48MYU_3,1-12-19_48MYU,48MYU,indonesia,2019-12-01,train,True,train,4,408
11-1-19_19QDA_0,11-1-19_19QDA,19QDA,hispaniola,2019-01-11,train,True,train,0,20
11-1-19_19QDA_1,11-1-19_19QDA,19QDA,hispaniola,2019-01-11,train,True,train,0,48
11-1-19_19QDA_2,11-1-19_19QDA,19QDA,hispaniola,2019-01-11,train,True,train,0,30
11-1-19_19QDA_3,11-1-19_19QDA,19QDA,hispaniola,2019-01-11,train,True,train,0,5
11-1-19_19QDA_4,11-1-19_19QDA,19QDA,hispaniola,2019-01-11,train,True,train,0,87
11-6-18_16PCC_0,11-6-18_16PCC,16PCC,honduras,2018-06-11,val,True,val,0,134
11-6-18_16PCC_1,11-6-18_16PCC,16PCC,honduras,2018-06-11,val,True,val,0,31
11-6-18_16PCC_10,11-6-18_16PCC,16PCC,honduras,2018-06-11,val,True,val,2,11
11-6-18_16PCC_11,11-6-18_16PCC,16PCC,honduras,2018-06-11,val,True,val,0,1997
11-6-18_16PCC_12,11-6-18_16PCC,16PCC,honduras,2018-06-11,val,True,val,0,2426
11-6-18_16PCC_13,11-6-18_16PCC,16PCC,honduras,2018-06-11,val,True,val,3,172
11-6-18_16PCC_14,11-6-18_16PCC,16PCC,honduras,2018-06-11,val,True,val,0,820
11-6-18_16PCC_15,11-6-18_16PCC,16PCC,honduras,2018-06-11,val,True,val,12,24
11-6-18_16PCC_16,11-6-18_16PCC,16PCC,honduras,2018-06-11,val,True,val,0,671
11-6-18_16PCC_17,11-6-18_16PCC,16PCC,honduras,2018-06-11,val,True,val,0,131
11-6-18_16PCC_18,11-6-18_16PCC,16PCC,honduras,2018-06-11,val,True,val,0,185
11-6-18_16PCC_19,11-6-18_16PCC,16PCC,honduras,2018-06-11,val,True,val,0,6
11-6-18_16PCC_2,11-6-18_16PCC,16PCC,honduras,2018-06-11,val,True,val,0,81
11-6-18_16PCC_20,11-6-18_16PCC,16PCC,honduras,2018-06-11,val,True,val,0,4
11-6-18_16PCC_21,11-6-18_16PCC,16PCC,honduras,2018-06-11,val,True,val,0,194
11-6-18_16PCC_22,11-6-18_16PCC,16PCC,honduras,2018-06-11,val,True,val,0,5928
11-6-18_16PCC_23,11-6-18_16PCC,16PCC,honduras,2018-06-11,val,True,val,0,198
11-6-18_16PCC_24,11-6-18_16PCC,16PCC,honduras,2018-06-11,val,True,val,0,40
11-6-18_16PCC_25,11-6-18_16PCC,16PCC,honduras,2018-06-11,val,True,val,4,20
11-6-18_16PCC_26,11-6-18_16PCC,16PCC,honduras,2018-06-11,val,True,val,0,8677
11-6-18_16PCC_27,11-6-18_16PCC,16PCC,honduras,2018-06-11,val,True,val,1,4
11-6-18_16PCC_28,11-6-18_16PCC,16PCC,honduras,2018-06-11,val,True,val,0,2163
11-6-18_16PCC_29,11-6-18_16PCC,16PCC,honduras,2018-06-11,val,True,val,0,18
11-6-18_16PCC_3,11-6-18_16PCC,16PCC,honduras,2018-06-11,val,True,val,0,177
11-6-18_16PCC_30,11-6-18_16PCC,16PCC,honduras,2018-06-11,val,True,val,3,8
11-6-18_16PCC_31,11-6-18_16PCC,16PCC,honduras,2018-06-11,val,True,val,0,2
11-6-18_16PCC_32,11-6-18_16PCC,16PCC,honduras,2018-06-11,val,True,val,0,8
11-6-18_16PCC_33,11-6-18_16PCC,16PCC,honduras,2018-06-11,val,True,val,0,43
11-6-18_16PCC_34,11-6-18_16PCC,16PCC,honduras,2018-06-11,val,True,val,0,30
11-6-18_16PCC_35,11-6-18_16PCC,16PCC,honduras,2018-06-11,val,True,val,7,27
11-6-18_16PCC_36,11-6-18_16PCC,16PCC,honduras,2018-06-11,val,True,val,0,22
11-6-18_16PCC_37,11-6-18_16PCC,16PCC,honduras,2018-06-11,val,True,val,1,2
11-6-18_16PCC_38,11-6-18_16PCC,16PCC,honduras,2018-06-11,val,True,val,0,873
11-6-18_16PCC_39,11-6-18_16PCC,16PCC,honduras,2018-06-11,val,True,val,10,19
11-6-18_16PCC_4,11-6-18_16PCC,16PCC,honduras,2018-06-11,val,True,val,0,65
11-6-18_16PCC_40,11-6-18_16PCC,16PCC,honduras,2018-06-11,val,True,val,0,64
11-6-18_16PCC_41,11-6-18_16PCC,16PCC,honduras,2018-06-11,val,True,val,0,6
11-6-18_16PCC_42,11-6-18_16PCC,16PCC,honduras,2018-06-11,val,True,val,0,135
11-6-18_16PCC_43,11-6-18_16PCC,16PCC,honduras,2018-06-11,val,True,val,0,55
11-6-18_16PCC_44,11-6-18_16PCC,16PCC,honduras,2018-06-11,val,True,val,0,1909
11-6-18_16PCC_45,11-6-18_16PCC,16PCC,honduras,2018-06-11,val,True,val,0,272
11-6-18_16PCC_46,11-6-18_16PCC,16PCC,honduras,2018-06-11,val,True,val,0,78
11-6-18_16PCC_47,11-6-18_16PCC,16PCC,honduras,2018-06-11,val,True,val,0,15
11-6-18_16PCC_48,11-6-18_16PCC,16PCC,honduras,2018-06-11,val,True,val,0,101
11-6-18_16PCC_49,11-6-18_16PCC,16PCC,honduras,2018-06-11,val,True,val,0,29
11-6-18_16PCC_5,11-6-18_16PCC,16PCC,honduras,2018-06-11,val,True,val,0,118
11-6-18_16PCC_50,11-6-18_16PCC,16PCC,honduras,2018-06-11,val,True,val,0,79
11-6-18_16PCC_51,11-6-18_16PCC,16PCC,honduras,2018-06-11,val,True,val,0,58
11-6-18_16PCC_52,11-6-18_16PCC,16PCC,honduras,2018-06-11,val,True,val,0,4
11-6-18_16PCC_6,11-6-18_16PCC,16PCC,honduras,2018-06-11,val,True,val,0,120
11-6-18_16PCC_7,11-6-18_16PCC,16PCC,honduras,2018-06-11,val,True,val,0,643
11-6-18_16PCC_8,11-6-18_16PCC,16PCC,honduras,2018-06-11,val,True,val,0,97
11-6-18_16PCC_9,11-6-18_16PCC,16PCC,honduras,2018-06-11,val,True,val,0,238
12-1-17_16PCC_0,12-1-17_16PCC,16PCC,honduras,2017-01-12,train,True,train,1,1
12-1-17_16PCC_1,12-1-17_16PCC,16PCC,honduras,2017-01-12,train,True,train,0,5
12-1-17_16PCC_10,12-1-17_16PCC,16PCC,honduras,2017-01-12,train,True,train,4,13
12-1-17_16PCC_11,12-1-17_16PCC,16PCC,honduras,2017-01-12,train,True,train,2,12
12-1-17_16PCC_12,12-1-17_16PCC,16PCC,honduras,2017-01-12,train,True,train,0,2396
12-1-17_16PCC_13,12-1-17_16PCC,16PCC,honduras,2017-01-12,train,True,train,0,53
12-1-17_16PCC_14,12-1-17_16PCC,16PCC,honduras,2017-01-12,train,True,train,11,35
12-1-17_16PCC_15,12-1-17_16PCC,16PCC,honduras,2017-01-12,train,True,train,0,250
12-1-17_16PCC_16,12-1-17_16PCC,16PCC,honduras,2017-01-12,train,True,train,0,3
12-1-17_16PCC_17,12-1-17_16PCC,16PCC,honduras,2017-01-12,train,True,train,0,88
12-1-17_16PCC_18,12-1-17_16PCC,16PCC,honduras,2017-01-12,train,True,train,0,43
12-1-17_16PCC_19,12-1-17_16PCC,16PCC,honduras,2017-01-12,train,True,train,0,221
12-1-17_16PCC_2,12-1-17_16PCC,16PCC,honduras,2017-01-12,train,True,train,8,12
12-1-17_16PCC_20,12-1-17_16PCC,16PCC,honduras,2017-01-12,train,True,train,4,5
12-1-17_16PCC_21,12-1-17_16PCC,16PCC,honduras,2017-01-12,train,True,train,6,9
12-1-17_16PCC_22,12-1-17_16PCC,16PCC,honduras,2017-01-12,train,True,train,0,24
12-1-17_16PCC_23,12-1-17_16PCC,16PCC,honduras,2017-01-12,train,True,train,0,44
12-1-17_16PCC_24,12-1-17_16PCC,16PCC,honduras,2017-01-12,train,True,train,0,739
12-1-17_16PCC_25,12-1-17_16PCC,16PCC,honduras,2017-01-12,train,True,train,0,2077
12-1-17_16PCC_26,12-1-17_16PCC,16PCC,honduras,2017-01-12,train,True,train,0,559
12-1-17_16PCC_27,12-1-17_16PCC,16PCC,honduras,2017-01-12,train,True,train,0,1989
12-1-17_16PCC_3,12-1-17_16PCC,16PCC,honduras,2017-01-12,train,True,train,0,72
12-1-17_16PCC_4,12-1-17_16PCC,16PCC,honduras,2017-01-12,train,True,train,4,5
12-1-17_16PCC_5,12-1-17_16PCC,16PCC,honduras,2017-01-12,train,True,train,1,2
12-1-17_16PCC_6,12-1-17_16PCC,16PCC,honduras,2017-01-12,train,True,train,0,32
12-1-17_16PCC_7,12-1-17_16PCC,16PCC,honduras,2017-01-12,train,True,train,0,91
12-1-17_16PCC_8,12-1-17_16PCC,16PCC,honduras,2017-01-12,train,True,train,5,11
12-1-17_16PCC_9,12-1-17_16PCC,16PCC,honduras,2017-01-12,train,True,train,0,12
12-1-17_16PEC_0,12-1-17_16PEC,16PEC,honduras,2017-01-12,val,True,val,0,33
12-1-17_16PEC_1,12-1-17_16PEC,16PEC,honduras,2017-01-12,val,True,val,0,234
12-1-17_16PEC_10,12-1-17_16PEC,16PEC,honduras,2017-01-12,val,True,val,0,80
12-1-17_16PEC_11,12-1-17_16PEC,16PEC,honduras,2017-01-12,val,True,val,0,42
12-1-17_16PEC_12,12-1-17_16PEC,16PEC,honduras,2017-01-12,val,True,val,0,17
12-1-17_16PEC_13,12-1-17_16PEC,16PEC,honduras,2017-01-12,val,True,val,0,167
12-1-17_16PEC_14,12-1-17_16PEC,16PEC,honduras,2017-01-12,val,True,val,0,144
12-1-17_16PEC_15,12-1-17_16PEC,16PEC,honduras,2017-01-12,val,True,val,0,75
12-1-17_16PEC_16,12-1-17_16PEC,16PEC,honduras,2017-01-12,val,True,val,0,15
12-1-17_16PEC_17,12-1-17_16PEC,16PEC,honduras,2017-01-12,val,True,val,0,23
12-1-17_16PEC_18,12-1-17_16PEC,16PEC,honduras,2017-01-12,val,True,val,0,1
12-1-17_16PEC_19,12-1-17_16PEC,16PEC,honduras,2017-01-12,val,True,val,0,20
12-1-17_16PEC_2,12-1-17_16PEC,16PEC,honduras,2017-01-12,val,True,val,3,7
12-1-17_16PEC_20,12-1-17_16PEC,16PEC,honduras,2017-01-12,val,True,val,0,48
12-1-17_16PEC_21,12-1-17_16PEC,16PEC,honduras,2017-01-12,val,True,val,0,5
12-1-17_16PEC_22,12-1-17_16PEC,16PEC,honduras,2017-01-12,val,True,val,0,5
12-1-17_16PEC_23,12-1-17_16PEC,16PEC,honduras,2017-01-12,val,True,val,0,79
12-1-17_16PEC_24,12-1-17_16PEC,16PEC,honduras,2017-01-12,val,True,val,0,195
12-1-17_16PEC_25,12-1-17_16PEC,16PEC,honduras,2017-01-12,val,True,val,0,307
12-1-17_16PEC_26,12-1-17_16PEC,16PEC,honduras,2017-01-12,val,True,val,0,94
12-1-17_16PEC_27,12-1-17_16PEC,16PEC,honduras,2017-01-12,val,True,val,0,415
12-1-17_16PEC_28,12-1-17_16PEC,16PEC,honduras,2017-01-12,val,True,val,0,26
12-1-17_16PEC_29,12-1-17_16PEC,16PEC,honduras,2017-01-12,val,True,val,0,54
12-1-17_16PEC_3,12-1-17_16PEC,16PEC,honduras,2017-01-12,val,True,val,0,1
12-1-17_16PEC_30,12-1-17_16PEC,16PEC,honduras,2017-01-12,val,True,val,0,27
12-1-17_16PEC_31,12-1-17_16PEC,16PEC,honduras,2017-01-12,val,True,val,0,4
12-1-17_16PEC_32,12-1-17_16PEC,16PEC,honduras,2017-01-12,val,True,val,0,255
12-1-17_16PEC_33,12-1-17_16PEC,16PEC,honduras,2017-01-12,val,True,val,0,11
12-1-17_16PEC_34,12-1-17_16PEC,16PEC,honduras,2017-01-12,val,True,val,0,391
12-1-17_16PEC_35,12-1-17_16PEC,16PEC,honduras,2017-01-12,val,True,val,0,2735
12-1-17_16PEC_36,12-1-17_16PEC,16PEC,honduras,2017-01-12,val,True,val,0,1085
12-1-17_16PEC_37,12-1-17_16PEC,16PEC,honduras,2017-01-12,val,True,val,0,224
12-1-17_16PEC_38,12-1-17_16PEC,16PEC,honduras,2017-01-12,val,True,val,0,204
12-1-17_16PEC_39,12-1-17_16PEC,16PEC,honduras,2017-01-12,val,True,val,0,512
12-1-17_16PEC_4,12-1-17_16PEC,16PEC,honduras,2017-01-12,val,True,val,0,28
12-1-17_16PEC_5,12-1-17_16PEC,16PEC,honduras,2017-01-12,val,True,val,0,15
12-1-17_16PEC_6,12-1-17_16PEC,16PEC,honduras,2017-01-12,val,True,val,0,16
12-1-17_16PEC_7,12-1-17_16PEC,16PEC,honduras,2017-01-12,val,True,val,0,79
12-1-17_16PEC_8,12-1-17_16PEC,16PEC,honduras,2017-01-12,val,True,val,0,4
12-1-17_16PEC_9,12-1-17_16PEC,16PEC,honduras,2017-01-12,val,True,val,0,4
12-1-19_16PEC_0,12-1-19_16PEC,16PEC,honduras,2019-01-12,train,True,train,0,2
12-1-19_16PEC_1,12-1-19_16PEC,16PEC,honduras,2019-01-12,train,True,train,0,129
12-1-19_16PEC_10,12-1-19_16PEC,16PEC,honduras,2019-01-12,train,True,train,2,3
12-1-19_16PEC_11,12-1-19_16PEC,16PEC,honduras,2019-01-12,train,True,train,0,20
12-1-19_16PEC_12,12-1-19_16PEC,16PEC,honduras,2019-01-12,train,True,train,0,7
12-1-19_16PEC_13,12-1-19_16PEC,16PEC,honduras,2019-01-12,train,True,train,0,296
12-1-19_16PEC_14,12-1-19_16PEC,16PEC,honduras,2019-01-12,train,True,train,0,1008
12-1-19_16PEC_15,12-1-19_16PEC,16PEC,honduras,2019-01-12,train,True,train,0,266
12-1-19_16PEC_16,12-1-19_16PEC,16PEC,honduras,2019-01-12,train,True,train,1,2
12-1-19_16PEC_17,12-1-19_16PEC,16PEC,honduras,2019-01-12,train,True,train,0,2
12-1-19_16PEC_18,12-1-19_16PEC,16PEC,honduras,2019-01-12,train,True,train,0,2
12-1-19_16PEC_19,12-1-19_16PEC,16PEC,honduras,2019-01-12,train,True,train,5,6
12-1-19_16PEC_2,12-1-19_16PEC,16PEC,honduras,2019-01-12,train,True,train,0,28
12-1-19_16PEC_20,12-1-19_16PEC,16PEC,honduras,2019-01-12,train,True,train,0,15
12-1-19_16PEC_21,12-1-19_16PEC,16PEC,honduras,2019-01-12,train,True,train,0,41
12-1-19_16PEC_22,12-1-19_16PEC,16PEC,honduras,2019-01-12,train,True,train,0,75
12-1-19_16PEC_23,12-1-19_16PEC,16PEC,honduras,2019-01-12,train,True,train,0,1767
12-1-19_16PEC_24,12-1-19_16PEC,16PEC,honduras,2019-01-12,train,True,train,0,4
12-1-19_16PEC_25,12-1-19_16PEC,16PEC,honduras,2019-01-12,train,True,train,0,1447
12-1-19_16PEC_26,12-1-19_16PEC,16PEC,honduras,2019-01-12,train,True,train,0,15
12-1-19_16PEC_27,12-1-19_16PEC,16PEC,honduras,2019-01-12,train,True,train,0,37
12-1-19_16PEC_28,12-1-19_16PEC,16PEC,honduras,2019-01-12,train,True,train,0,35
12-1-19_16PEC_29,12-1-19_16PEC,16PEC,honduras,2019-01-12,train,True,train,0,96
12-1-19_16PEC_3,12-1-19_16PEC,16PEC,honduras,2019-01-12,train,True,train,0,72
12-1-19_16PEC_30,12-1-19_16PEC,16PEC,honduras,2019-01-12,train,True,train,0,69
12-1-19_16PEC_31,12-1-19_16PEC,16PEC,honduras,2019-01-12,train,True,train,0,1023
12-1-19_16PEC_32,12-1-19_16PEC,16PEC,honduras,2019-01-12,train,True,train,0,202
12-1-19_16PEC_33,12-1-19_16PEC,16PEC,honduras,2019-01-12,train,True,train,0,30
12-1-19_16PEC_34,12-1-19_16PEC,16PEC,honduras,2019-01-12,train,True,train,0,212
12-1-19_16PEC_35,12-1-19_16PEC,16PEC,honduras,2019-01-12,train,True,train,0,8
12-1-19_16PEC_36,12-1-19_16PEC,16PEC,honduras,2019-01-12,train,True,train,0,343
12-1-19_16PEC_37,12-1-19_16PEC,16PEC,honduras,2019-01-12,train,True,train,0,15
12-1-19_16PEC_38,12-1-19_16PEC,16PEC,honduras,2019-01-12,train,True,train,0,257
12-1-19_16PEC_39,12-1-19_16PEC,16PEC,honduras,2019-01-12,train,True,train,0,197
12-1-19_16PEC_4,12-1-19_16PEC,16PEC,honduras,2019-01-12,train,True,train,4,10
12-1-19_16PEC_40,12-1-19_16PEC,16PEC,honduras,2019-01-12,train,True,train,0,3
12-1-19_16PEC_41,12-1-19_16PEC,16PEC,honduras,2019-01-12,train,True,train,0,69
12-1-19_16PEC_42,12-1-19_16PEC,16PEC,honduras,2019-01-12,train,True,train,0,1
12-1-19_16PEC_43,12-1-19_16PEC,16PEC,honduras,2019-01-12,train,True,train,0,7
12-1-19_16PEC_44,12-1-19_16PEC,16PEC,honduras,2019-01-12,train,True,train,0,71
12-1-19_16PEC_45,12-1-19_16PEC,16PEC,honduras,2019-01-12,train,True,train,0,364
12-1-19_16PEC_46,12-1-19_16PEC,16PEC,honduras,2019-01-12,train,True,train,0,144
12-1-19_16PEC_47,12-1-19_16PEC,16PEC,honduras,2019-01-12,train,True,train,0,13
12-1-19_16PEC_48,12-1-19_16PEC,16PEC,honduras,2019-01-12,train,True,train,0,12
12-1-19_16PEC_49,12-1-19_16PEC,16PEC,honduras,2019-01-12,train,True,train,0,31
12-1-19_16PEC_5,12-1-19_16PEC,16PEC,honduras,2019-01-12,train,True,train,0,442
12-1-19_16PEC_50,12-1-19_16PEC,16PEC,honduras,2019-01-12,train,True,train,0,15
12-1-19_16PEC_51,12-1-19_16PEC,16PEC,honduras,2019-01-12,train,True,train,0,8
12-1-19_16PEC_52,12-1-19_16PEC,16PEC,honduras,2019-01-12,train,True,train,0,82
12-1-19_16PEC_53,12-1-19_16PEC,16PEC,honduras,2019-01-12,train,True,train,0,4
12-1-19_16PEC_54,12-1-19_16PEC,16PEC,honduras,2019-01-12,train,True,train,0,28
12-1-19_16PEC_55,12-1-19_16PEC,16PEC,honduras,2019-01-12,train,True,train,0,23
12-1-19_16PEC_56,12-1-19_16PEC,16PEC,honduras,2019-01-12,train,True,train,0,24
12-1-19_16PEC_57,12-1-19_16PEC,16PEC,honduras,2019-01-12,train,True,train,0,82
12-1-19_16PEC_58,12-1-19_16PEC,16PEC,honduras,2019-01-12,train,True,train,0,18
12-1-19_16PEC_59,12-1-19_16PEC,16PEC,honduras,2019-01-12,train,True,train,0,17
12-1-19_16PEC_6,12-1-19_16PEC,16PEC,honduras,2019-01-12,train,True,train,0,4
12-1-19_16PEC_7,12-1-19_16PEC,16PEC,honduras,2019-01-12,train,True,train,0,22
12-1-19_16PEC_8,12-1-19_16PEC,16PEC,honduras,2019-01-12,train,True,train,4,9
12-1-19_16PEC_9,12-1-19_16PEC,16PEC,honduras,2019-01-12,train,True,train,5,10
12-12-20_16PCC_0,12-12-20_16PCC,16PCC,honduras,2020-12-12,test,True,test,2,13
12-12-20_16PCC_1,12-12-20_16PCC,16PCC,honduras,2020-12-12,test,True,test,0,99
12-12-20_16PCC_10,12-12-20_16PCC,16PCC,honduras,2020-12-12,test,True,test,0,39
12-12-20_16PCC_11,12-12-20_16PCC,16PCC,honduras,2020-12-12,test,True,test,2,3
12-12-20_16PCC_12,12-12-20_16PCC,16PCC,honduras,2020-12-12,test,True,test,2,3
12-12-20_16PCC_13,12-12-20_16PCC,16PCC,honduras,2020-12-12,test,True,test,2,3
12-12-20_16PCC_14,12-12-20_16PCC,16PCC,honduras,2020-12-12,test,True,test,2,3
12-12-20_16PCC_15,12-12-20_16PCC,16PCC,honduras,2020-12-12,test,True,test,2,2
12-12-20_16PCC_16,12-12-20_16PCC,16PCC,honduras,2020-12-12,test,True,test,5,9
12-12-20_16PCC_17,12-12-20_16PCC,16PCC,honduras,2020-12-12,test,True,test,1,1
12-12-20_16PCC_18,12-12-20_16PCC,16PCC,honduras,2020-12-12,test,True,test,2,2
12-12-20_16PCC_19,12-12-20_16PCC,16PCC,honduras,2020-12-12,test,True,test,0,2
12-12-20_16PCC_2,12-12-20_16PCC,16PCC,honduras,2020-12-12,test,True,test,0,7
12-12-20_16PCC_20,12-12-20_16PCC,16PCC,honduras,2020-12-12,test,True,test,0,2
12-12-20_16PCC_21,12-12-20_16PCC,16PCC,honduras,2020-12-12,test,True,test,0,11
12-12-20_16PCC_22,12-12-20_16PCC,16PCC,honduras,2020-12-12,test,True,test,2,3
12-12-20_16PCC_23,12-12-20_16PCC,16PCC,honduras,2020-12-12,test,True,test,0,1
12-12-20_16PCC_24,12-12-20_16PCC,16PCC,honduras,2020-12-12,test,True,test,2,3
12-12-20_16PCC_25,12-12-20_16PCC,16PCC,honduras,2020-12-12,test,True,test,0,1053
12-12-20_16PCC_26,12-12-20_16PCC,16PCC,honduras,2020-12-12,test,True,test,0,2268
12-12-20_16PCC_27,12-12-20_16PCC,16PCC,honduras,2020-12-12,test,True,test,0,18
12-12-20_16PCC_3,12-12-20_16PCC,16PCC,honduras,2020-12-12,test,True,test,1,14
12-12-20_16PCC_4,12-12-20_16PCC,16PCC,honduras,2020-12-12,test,True,test,0,176
12-12-20_16PCC_5,12-12-20_16PCC,16PCC,honduras,2020-12-12,test,True,test,0,5413
12-12-20_16PCC_6,12-12-20_16PCC,16PCC,honduras,2020-12-12,test,True,test,0,91
12-12-20_16PCC_7,12-12-20_16PCC,16PCC,honduras,2020-12-12,test,True,test,1,2
12-12-20_16PCC_8,12-12-20_16PCC,16PCC,honduras,2020-12-12,test,True,test,0,18
12-12-20_16PCC_9,12-12-20_16PCC,16PCC,honduras,2020-12-12,test,True,test,1,2
13-12-18_16PCC_0,13-12-18_16PCC,16PCC,honduras,2018-12-13,train,True,train,0,31
13-12-18_16PCC_1,13-12-18_16PCC,16PCC,honduras,2018-12-13,train,True,train,0,8
13-12-18_16PCC_10,13-12-18_16PCC,16PCC,honduras,2018-12-13,train,True,train,0,499
13-12-18_16PCC_11,13-12-18_16PCC,16PCC,honduras,2018-12-13,train,True,train,15,48
13-12-18_16PCC_12,13-12-18_16PCC,16PCC,honduras,2018-12-13,train,True,train,3,3
13-12-18_16PCC_13,13-12-18_16PCC,16PCC,honduras,2018-12-13,train,True,train,0,15
13-12-18_16PCC_14,13-12-18_16PCC,16PCC,honduras,2018-12-13,train,True,train,0,94
13-12-18_16PCC_15,13-12-18_16PCC,16PCC,honduras,2018-12-13,train,True,train,3,5
13-12-18_16PCC_16,13-12-18_16PCC,16PCC,honduras,2018-12-13,train,True,train,1,2
13-12-18_16PCC_17,13-12-18_16PCC,16PCC,honduras,2018-12-13,train,True,train,0,20
13-12-18_16PCC_18,13-12-18_16PCC,16PCC,honduras,2018-12-13,train,True,train,0,7415
13-12-18_16PCC_19,13-12-18_16PCC,16PCC,honduras,2018-12-13,train,True,train,1,40
13-12-18_16PCC_2,13-12-18_16PCC,16PCC,honduras,2018-12-13,train,True,train,0,206
13-12-18_16PCC_20,13-12-18_16PCC,16PCC,honduras,2018-12-13,train,True,train,2,3
13-12-18_16PCC_21,13-12-18_16PCC,16PCC,honduras,2018-12-13,train,True,train,0,1
13-12-18_16PCC_22,13-12-18_16PCC,16PCC,honduras,2018-12-13,train,True,train,0,3134
13-12-18_16PCC_23,13-12-18_16PCC,16PCC,honduras,2018-12-13,train,True,train,0,159
13-12-18_16PCC_24,13-12-18_16PCC,16PCC,honduras,2018-12-13,train,True,train,0,359
13-12-18_16PCC_25,13-12-18_16PCC,16PCC,honduras,2018-12-13,train,True,train,0,39
13-12-18_16PCC_26,13-12-18_16PCC,16PCC,honduras,2018-12-13,train,True,train,0,86
13-12-18_16PCC_27,13-12-18_16PCC,16PCC,honduras,2018-12-13,train,True,train,0,2
13-12-18_16PCC_28,13-12-18_16PCC,16PCC,honduras,2018-12-13,train,True,train,0,6
13-12-18_16PCC_29,13-12-18_16PCC,16PCC,honduras,2018-12-13,train,True,train,0,2552
13-12-18_16PCC_3,13-12-18_16PCC,16PCC,honduras,2018-12-13,train,True,train,0,62
13-12-18_16PCC_30,13-12-18_16PCC,16PCC,honduras,2018-12-13,train,True,train,0,4
13-12-18_16PCC_31,13-12-18_16PCC,16PCC,honduras,2018-12-13,train,True,train,0,124
13-12-18_16PCC_32,13-12-18_16PCC,16PCC,honduras,2018-12-13,train,True,train,0,436
13-12-18_16PCC_4,13-12-18_16PCC,16PCC,honduras,2018-12-13,train,True,train,0,616
13-12-18_16PCC_5,13-12-18_16PCC,16PCC,honduras,2018-12-13,train,True,train,0,93
13-12-18_16PCC_6,13-12-18_16PCC,16PCC,honduras,2018-12-13,train,True,train,0,432
13-12-18_16PCC_7,13-12-18_16PCC,16PCC,honduras,2018-12-13,train,True,train,0,3
13-12-18_16PCC_8,13-12-18_16PCC,16PCC,honduras,2018-12-13,train,True,train,3,6
13-12-18_16PCC_9,13-12-18_16PCC,16PCC,honduras,2018-12-13,train,True,train,0,757
14-11-18_48PZC_0,14-11-18_48PZC,48PZC,south_china_sea,2018-11-14,test,True,test,0,410
14-11-18_48PZC_1,14-11-18_48PZC,48PZC,south_china_sea,2018-11-14,test,True,test,0,12
14-11-18_48PZC_10,14-11-18_48PZC,48PZC,south_china_sea,2018-11-14,test,True,test,0,8
14-11-18_48PZC_11,14-11-18_48PZC,48PZC,south_china_sea,2018-11-14,test,True,test,0,15
14-11-18_48PZC_12,14-11-18_48PZC,48PZC,south_china_sea,2018-11-14,test,True,test,0,277
14-11-18_48PZC_13,14-11-18_48PZC,48PZC,south_china_sea,2018-11-14,test,True,test,0,550
14-11-18_48PZC_14,14-11-18_48PZC,48PZC,south_china_sea,2018-11-14,test,True,test,0,159
14-11-18_48PZC_15,14-11-18_48PZC,48PZC,south_china_sea,2018-11-14,test,True,test,0,140
14-11-18_48PZC_16,14-11-18_48PZC,48PZC,south_china_sea,2018-11-14,test,True,test,0,61
14-11-18_48PZC_2,14-11-18_48PZC,48PZC,south_china_sea,2018-11-14,test,True,test,0,42
14-11-18_48PZC_3,14-11-18_48PZC,48PZC,south_china_sea,2018-11-14,test,True,test,0,273
14-11-18_48PZC_4,14-11-18_48PZC,48PZC,south_china_sea,2018-11-14,test,True,test,0,24
14-11-18_48PZC_5,14-11-18_48PZC,48PZC,south_china_sea,2018-11-14,test,True,test,2,19
14-11-18_48PZC_6,14-11-18_48PZC,48PZC,south_china_sea,2018-11-14,test,True,test,2,15
14-11-18_48PZC_7,14-11-18_48PZC,48PZC,south_china_sea,2018-11-14,test,True,test,9,57
14-11-18_48PZC_8,14-11-18_48PZC,48PZC,south_china_sea,2018-11-14,test,True,test,0,103
14-11-18_48PZC_9,14-11-18_48PZC,48PZC,south_china_sea,2018-11-14,test,True,test,0,98
14-12-20_18QYF_0,14-12-20_18QYF,18QYF,hispaniola,2020-12-14,train,True,train,27,204
14-12-20_18QYF_1,14-12-20_18QYF,18QYF,hispaniola,2020-12-14,train,True,train,0,39
14-12-20_18QYF_2,14-12-20_18QYF,18QYF,hispaniola,2020-12-14,train,True,train,0,77
14-12-20_18QYF_3,14-12-20_18QYF,18QYF,hispaniola,2020-12-14,train,True,train,23,104
14-3-20_18QYF_0,14-3-20_18QYF,18QYF,hispaniola,2020-03-14,val,True,val,15,15
14-3-20_18QYF_1,14-3-20_18QYF,18QYF,hispaniola,2020-03-14,val,True,val,20,28
14-3-20_18QYF_2,14-3-20_18QYF,18QYF,hispaniola,2020-03-14,val,True,val,31,55
14-3-20_18QYF_3,14-3-20_18QYF,18QYF,hispaniola,2020-03-14,val,True,val,45,118
14-3-20_18QYF_4,14-3-20_18QYF,18QYF,hispaniola,2020-03-14,val,True,val,99,229
14-3-20_18QYF_5,14-3-20_18QYF,18QYF,hispaniola,2020-03-14,val,True,val,21,32
14-3-20_18QYF_6,14-3-20_18QYF,18QYF,hispaniola,2020-03-14,val,True,val,0,60
14-3-20_18QYF_7,14-3-20_18QYF,18QYF,hispaniola,2020-03-14,val,True,val,0,91
14-9-18_16PCC_0,14-9-18_16PCC,16PCC,honduras,2018-09-14,test,True,test,0,2221
14-9-18_16PCC_1,14-9-18_16PCC,16PCC,honduras,2018-09-14,test,True,test,0,8
14-9-18_16PCC_10,14-9-18_16PCC,16PCC,honduras,2018-09-14,test,True,test,0,11516
14-9-18_16PCC_11,14-9-18_16PCC,16PCC,honduras,2018-09-14,test,True,test,0,484
14-9-18_16PCC_12,14-9-18_16PCC,16PCC,honduras,2018-09-14,test,True,test,0,32
14-9-18_16PCC_13,14-9-18_16PCC,16PCC,honduras,2018-09-14,test,True,test,0,3
14-9-18_16PCC_14,14-9-18_16PCC,16PCC,honduras,2018-09-14,test,True,test,0,79
14-9-18_16PCC_15,14-9-18_16PCC,16PCC,honduras,2018-09-14,test,True,test,0,123
14-9-18_16PCC_16,14-9-18_16PCC,16PCC,honduras,2018-09-14,test,True,test,0,1455
14-9-18_16PCC_17,14-9-18_16PCC,16PCC,honduras,2018-09-14,test,True,test,0,15692
14-9-18_16PCC_18,14-9-18_16PCC,16PCC,honduras,2018-09-14,test,True,test,0,21776
14-9-18_16PCC_19,14-9-18_16PCC,16PCC,honduras,2018-09-14,test,True,test,0,104
14-9-18_16PCC_2,14-9-18_16PCC,16PCC,honduras,2018-09-14,test,True,test,0,60
14-9-18_16PCC_20,14-9-18_16PCC,16PCC,honduras,2018-09-14,test,True,test,3,4
14-9-18_16PCC_21,14-9-18_16PCC,16PCC,honduras,2018-09-14,test,True,test,0,1182
14-9-18_16PCC_22,14-9-18_16PCC,16PCC,honduras,2018-09-14,test,True,test,0,64
14-9-18_16PCC_23,14-9-18_16PCC,16PCC,honduras,2018-09-14,test,True,test,3,5
14-9-18_16PCC_24,14-9-18_16PCC,16PCC,honduras,2018-09-14,test,True,test,2,2
14-9-18_16PCC_25,14-9-18_16PCC,16PCC,honduras,2018-09-14,test,True,test,0,15
14-9-18_16PCC_26,14-9-18_16PCC,16PCC,honduras,2018-09-14,test,True,test,2,4
14-9-18_16PCC_27,14-9-18_16PCC,16PCC,honduras,2018-09-14,test,True,test,0,145
14-9-18_16PCC_28,14-9-18_16PCC,16PCC,honduras,2018-09-14,test,True,test,2,3
14-9-18_16PCC_29,14-9-18_16PCC,16PCC,honduras,2018-09-14,test,True,test,0,23
14-9-18_16PCC_3,14-9-18_16PCC,16PCC,honduras,2018-09-14,test,True,test,0,15
14-9-18_16PCC_30,14-9-18_16PCC,16PCC,honduras,2018-09-14,test,True,test,1,79
14-9-18_16PCC_31,14-9-18_16PCC,16PCC,honduras,2018-09-14,test,True,test,3,8
14-9-18_16PCC_32,14-9-18_16PCC,16PCC,honduras,2018-09-14,test,True,test,3,5
14-9-18_16PCC_33,14-9-18_16PCC,16PCC,honduras,2018-09-14,test,True,test,0,37
14-9-18_16PCC_34,14-9-18_16PCC,16PCC,honduras,2018-09-14,test,True,test,0,1722
14-9-18_16PCC_35,14-9-18_16PCC,16PCC,honduras,2018-09-14,test,True,test,0,483
14-9-18_16PCC_36,14-9-18_16PCC,16PCC,honduras,2018-09-14,test,True,test,0,905
14-9-18_16PCC_37,14-9-18_16PCC,16PCC,honduras,2018-09-14,test,True,test,0,4237
14-9-18_16PCC_38,14-9-18_16PCC,16PCC,honduras,2018-09-14,test,True,test,0,47
14-9-18_16PCC_39,14-9-18_16PCC,16PCC,honduras,2018-09-14,test,True,test,0,569
14-9-18_16PCC_4,14-9-18_16PCC,16PCC,honduras,2018-09-14,test,True,test,0,4
14-9-18_16PCC_40,14-9-18_16PCC,16PCC,honduras,2018-09-14,test,True,test,0,530
14-9-18_16PCC_41,14-9-18_16PCC,16PCC,honduras,2018-09-14,test,True,test,0,104
14-9-18_16PCC_42,14-9-18_16PCC,16PCC,honduras,2018-09-14,test,True,test,0,559
14-9-18_16PCC_43,14-9-18_16PCC,16PCC,honduras,2018-09-14,test,True,test,0,5
14-9-18_16PCC_5,14-9-18_16PCC,16PCC,honduras,2018-09-14,test,True,test,0,2
14-9-18_16PCC_6,14-9-18_16PCC,16PCC,honduras,2018-09-14,test,True,test,0,168
14-9-18_16PCC_7,14-9-18_16PCC,16PCC,honduras,2018-09-14,test,True,test,0,42
14-9-18_16PCC_8,14-9-18_16PCC,16PCC,honduras,2018-09-14,test,True,test,0,98
14-9-18_16PCC_9,14-9-18_16PCC,16PCC,honduras,2018-09-14,test,True,test,0,17216
15-10-20_18QYF_0,15-10-20_18QYF,18QYF,hispaniola,2020-10-15,train,True,train,0,32
15-10-20_18QYF_1,15-10-20_18QYF,18QYF,hispaniola,2020-10-15,train,True,train,2,32
15-10-20_18QYF_10,15-10-20_18QYF,18QYF,hispaniola,2020-10-15,train,True,train,0,69
15-10-20_18QYF_2,15-10-20_18QYF,18QYF,hispaniola,2020-10-15,train,True,train,1,21
15-10-20_18QYF_3,15-10-20_18QYF,18QYF,hispaniola,2020-10-15,train,True,train,0,89
15-10-20_18QYF_4,15-10-20_18QYF,18QYF,hispaniola,2020-10-15,train,True,train,0,11
15-10-20_18QYF_5,15-10-20_18QYF,18QYF,hispaniola,2020-10-15,train,True,train,8,13
15-10-20_18QYF_6,15-10-20_18QYF,18QYF,hispaniola,2020-10-15,train,True,train,4,5
15-10-20_18QYF_7,15-10-20_18QYF,18QYF,hispaniola,2020-10-15,train,True,train,0,1
15-10-20_18QYF_8,15-10-20_18QYF,18QYF,hispaniola,2020-10-15,train,True,train,14,100
15-10-20_18QYF_9,15-10-20_18QYF,18QYF,hispaniola,2020-10-15,train,True,train,6,7
15-11-20_16PCC_0,15-11-20_16PCC,16PCC,honduras,2020-11-15,test,True,test,0,83
15-11-20_16PCC_1,15-11-20_16PCC,16PCC,honduras,2020-11-15,test,True,test,2,3
15-11-20_16PCC_10,15-11-20_16PCC,16PCC,honduras,2020-11-15,test,True,test,0,10
15-11-20_16PCC_11,15-11-20_16PCC,16PCC,honduras,2020-11-15,test,True,test,0,186
15-11-20_16PCC_12,15-11-20_16PCC,16PCC,honduras,2020-11-15,test,True,test,0,50
15-11-20_16PCC_13,15-11-20_16PCC,16PCC,honduras,2020-11-15,test,True,test,0,63
15-11-20_16PCC_14,15-11-20_16PCC,16PCC,honduras,2020-11-15,test,True,test,0,51
15-11-20_16PCC_15,15-11-20_16PCC,16PCC,honduras,2020-11-15,test,True,test,0,65
15-11-20_16PCC_16,15-11-20_16PCC,16PCC,honduras,2020-11-15,test,True,test,1,7
15-11-20_16PCC_17,15-11-20_16PCC,16PCC,honduras,2020-11-15,test,True,test,1,1
15-11-20_16PCC_18,15-11-20_16PCC,16PCC,honduras,2020-11-15,test,True,test,2,184
15-11-20_16PCC_19,15-11-20_16PCC,16PCC,honduras,2020-11-15,test,True,test,0,21
15-11-20_16PCC_2,15-11-20_16PCC,16PCC,honduras,2020-11-15,test,True,test,0,133
15-11-20_16PCC_20,15-11-20_16PCC,16PCC,honduras,2020-11-15,test,True,test,0,32
15-11-20_16PCC_21,15-11-20_16PCC,16PCC,honduras,2020-11-15,test,True,test,0,2958
15-11-20_16PCC_22,15-11-20_16PCC,16PCC,honduras,2020-11-15,test,True,test,0,5031
15-11-20_16PCC_23,15-11-20_16PCC,16PCC,honduras,2020-11-15,test,True,test,0,45
15-11-20_16PCC_3,15-11-20_16PCC,16PCC,honduras,2020-11-15,test,True,test,0,560
15-11-20_16PCC_4,15-11-20_16PCC,16PCC,honduras,2020-11-15,test,True,test,0,398
15-11-20_16PCC_5,15-11-20_16PCC,16PCC,honduras,2020-11-15,test,True,test,0,122
15-11-20_16PCC_6,15-11-20_16PCC,16PCC,honduras,2020-11-15,test,True,test,0,552
15-11-20_16PCC_7,15-11-20_16PCC,16PCC,honduras,2020-11-15,test,True,test,0,147
15-11-20_16PCC_8,15-11-20_16PCC,16PCC,honduras,2020-11-15,test,True,test,0,4
15-11-20_16PCC_9,15-11-20_16PCC,16PCC,honduras,2020-11-15,test,True,test,0,105
15-9-20_18QYF_0,15-9-20_18QYF,18QYF,hispaniola,2020-09-15,train,True,train,0,35
15-9-20_18QYF_1,15-9-20_18QYF,18QYF,hispaniola,2020-09-15,train,True,train,1,38
15-9-20_18QYF_2,15-9-20_18QYF,18QYF,hispaniola,2020-09-15,train,True,train,1,2
15-9-20_18QYF_3,15-9-20_18QYF,18QYF,hispaniola,2020-09-15,train,True,train,5,8
15-9-20_18QYF_4,15-9-20_18QYF,18QYF,hispaniola,2020-09-15,train,True,train,23,27
15-9-20_18QYF_5,15-9-20_18QYF,18QYF,hispaniola,2020-09-15,train,True,train,27,36
15-9-20_18QYF_6,15-9-20_18QYF,18QYF,hispaniola,2020-09-15,train,True,train,53,128
15-9-20_18QYF_7,15-9-20_18QYF,18QYF,hispaniola,2020-09-15,train,True,train,48,54
15-9-20_18QYF_8,15-9-20_18QYF,18QYF,hispaniola,2020-09-15,train,True,train,4,7
16-2-18_16PEC_0,16-2-18_16PEC,16PEC,honduras,2018-02-16,test,True,test,0,204
16-2-18_16PEC_1,16-2-18_16PEC,16PEC,honduras,2018-02-16,test,True,test,1,41
16-2-18_16PEC_10,16-2-18_16PEC,16PEC,honduras,2018-02-16,test,True,test,0,422
16-2-18_16PEC_11,16-2-18_16PEC,16PEC,honduras,2018-02-16,test,True,test,0,24
16-2-18_16PEC_12,16-2-18_16PEC,16PEC,honduras,2018-02-16,test,True,test,0,41
16-2-18_16PEC_13,16-2-18_16PEC,16PEC,honduras,2018-02-16,test,True,test,0,1169
16-2-18_16PEC_14,16-2-18_16PEC,16PEC,honduras,2018-02-16,test,True,test,0,983
16-2-18_16PEC_15,16-2-18_16PEC,16PEC,honduras,2018-02-16,test,True,test,0,320
16-2-18_16PEC_16,16-2-18_16PEC,16PEC,honduras,2018-02-16,test,True,test,0,2
16-2-18_16PEC_17,16-2-18_16PEC,16PEC,honduras,2018-02-16,test,True,test,0,107
16-2-18_16PEC_18,16-2-18_16PEC,16PEC,honduras,2018-02-16,test,True,test,0,119
16-2-18_16PEC_19,16-2-18_16PEC,16PEC,honduras,2018-02-16,test,True,test,0,15733
16-2-18_16PEC_2,16-2-18_16PEC,16PEC,honduras,2018-02-16,test,True,test,0,1136
16-2-18_16PEC_20,16-2-18_16PEC,16PEC,honduras,2018-02-16,test,True,test,0,117
16-2-18_16PEC_21,16-2-18_16PEC,16PEC,honduras,2018-02-16,test,True,test,0,62
16-2-18_16PEC_22,16-2-18_16PEC,16PEC,honduras,2018-02-16,test,True,test,0,358
16-2-18_16PEC_23,16-2-18_16PEC,16PEC,honduras,2018-02-16,test,True,test,0,1618
16-2-18_16PEC_24,16-2-18_16PEC,16PEC,honduras,2018-02-16,test,True,test,0,18
16-2-18_16PEC_25,16-2-18_16PEC,16PEC,honduras,2018-02-16,test,True,test,0,7
16-2-18_16PEC_26,16-2-18_16PEC,16PEC,honduras,2018-02-16,test,True,test,0,74
16-2-18_16PEC_27,16-2-18_16PEC,16PEC,honduras,2018-02-16,test,True,test,0,343
16-2-18_16PEC_28,16-2-18_16PEC,16PEC,honduras,2018-02-16,test,True,test,0,4
16-2-18_16PEC_3,16-2-18_16PEC,16PEC,honduras,2018-02-16,test,True,test,4,12
16-2-18_16PEC_4,16-2-18_16PEC,16PEC,honduras,2018-02-16,test,True,test,0,2
16-2-18_16PEC_5,16-2-18_16PEC,16PEC,honduras,2018-02-16,test,True,test,3,9
16-2-18_16PEC_6,16-2-18_16PEC,16PEC,honduras,2018-02-16,test,True,test,0,2570
16-2-18_16PEC_7,16-2-18_16PEC,16PEC,honduras,2018-02-16,test,True,test,0,28
16-2-18_16PEC_8,16-2-18_16PEC,16PEC,honduras,2018-02-16,test,True,test,0,143
16-2-18_16PEC_9,16-2-18_16PEC,16PEC,honduras,2018-02-16,test,True,test,0,172
17-7-16_51PTS_0,17-7-16_51PTS,51PTS,south_china_sea,2016-07-17,test,False,none,26,48
17-7-16_51PTS_1,17-7-16_51PTS,51PTS,south_china_sea,2016-07-17,test,False,none,2,24
18-1-18_48PZC_0,18-1-18_48PZC,48PZC,south_china_sea,2018-01-18,val,True,val,0,107
18-1-18_48PZC_1,18-1-18_48PZC,48PZC,south_china_sea,2018-01-18,val,True,val,0,83
18-1-18_48PZC_10,18-1-18_48PZC,48PZC,south_china_sea,2018-01-18,val,True,val,0,73
18-1-18_48PZC_11,18-1-18_48PZC,48PZC,south_china_sea,2018-01-18,val,True,val,0,31
18-1-18_48PZC_12,18-1-18_48PZC,48PZC,south_china_sea,2018-01-18,val,True,val,0,31
18-1-18_48PZC_13,18-1-18_48PZC,48PZC,south_china_sea,2018-01-18,val,True,val,3,74
18-1-18_48PZC_14,18-1-18_48PZC,48PZC,south_china_sea,2018-01-18,val,True,val,1,1
18-1-18_48PZC_15,18-1-18_48PZC,48PZC,south_china_sea,2018-01-18,val,True,val,0,4
18-1-18_48PZC_16,18-1-18_48PZC,48PZC,south_china_sea,2018-01-18,val,True,val,3,15
18-1-18_48PZC_17,18-1-18_48PZC,48PZC,south_china_sea,2018-01-18,val,True,val,2,3
18-1-18_48PZC_18,18-1-18_48PZC,48PZC,south_china_sea,2018-01-18,val,True,val,0,391
18-1-18_48PZC_19,18-1-18_48PZC,48PZC,south_china_sea,2018-01-18,val,True,val,0,491
18-1-18_48PZC_2,18-1-18_48PZC,48PZC,south_china_sea,2018-01-18,val,True,val,0,56
18-1-18_48PZC_20,18-1-18_48PZC,48PZC,south_china_sea,2018-01-18,val,True,val,0,21
18-1-18_48PZC_21,18-1-18_48PZC,48PZC,south_china_sea,2018-01-18,val,True,val,0,19
18-1-18_48PZC_22,18-1-18_48PZC,48PZC,south_china_sea,2018-01-18,val,True,val,0,58
18-1-18_48PZC_23,18-1-18_48PZC,48PZC,south_china_sea,2018-01-18,val,True,val,0,104
18-1-18_48PZC_24,18-1-18_48PZC,48PZC,south_china_sea,2018-01-18,val,True,val,0,169
18-1-18_48PZC_25,18-1-18_48PZC,48PZC,south_china_sea,2018-01-18,val,True,val,0,2379
18-1-18_48PZC_26,18-1-18_48PZC,48PZC,south_china_sea,2018-01-18,val,True,val,0,567
18-1-18_48PZC_3,18-1-18_48PZC,48PZC,south_china_sea,2018-01-18,val,True,val,0,50
18-1-18_48PZC_4,18-1-18_48PZC,48PZC,south_china_sea,2018-01-18,val,True,val,0,109
18-1-18_48PZC_5,18-1-18_48PZC,48PZC,south_china_sea,2018-01-18,val,True,val,0,4
18-1-18_48PZC_6,18-1-18_48PZC,48PZC,south_china_sea,2018-01-18,val,True,val,0,28
18-1-18_48PZC_7,18-1-18_48PZC,48PZC,south_china_sea,2018-01-18,val,True,val,0,2
18-1-18_48PZC_8,18-1-18_48PZC,48PZC,south_china_sea,2018-01-18,val,True,val,0,13
18-1-18_48PZC_9,18-1-18_48PZC,48PZC,south_china_sea,2018-01-18,val,True,val,0,19
18-5-19_51PTS_0,18-5-19_51PTS,51PTS,south_china_sea,2019-05-18,test,True,test,4,5
18-5-19_51PTS_1,18-5-19_51PTS,51PTS,south_china_sea,2019-05-18,test,True,test,6,8
18-5-19_51PTS_2,18-5-19_51PTS,51PTS,south_china_sea,2019-05-18,test,True,test,0,7
18-5-19_51PTS_3,18-5-19_51PTS,51PTS,south_china_sea,2019-05-18,test,True,test,0,18
18-9-20_16PCC_0,18-9-20_16PCC,16PCC,honduras,2020-09-18,val,True,val,0,49
18-9-20_16PCC_1,18-9-20_16PCC,16PCC,honduras,2020-09-18,val,True,val,0,32610
18-9-20_16PCC_10,18-9-20_16PCC,16PCC,honduras,2020-09-18,val,True,val,0,1724
18-9-20_16PCC_11,18-9-20_16PCC,16PCC,honduras,2020-09-18,val,True,val,0,147
18-9-20_16PCC_12,18-9-20_16PCC,16PCC,honduras,2020-09-18,val,True,val,0,25
18-9-20_16PCC_13,18-9-20_16PCC,16PCC,honduras,2020-09-18,val,True,val,8,9
18-9-20_16PCC_14,18-9-20_16PCC,16PCC,honduras,2020-09-18,val,True,val,0,36
18-9-20_16PCC_15,18-9-20_16PCC,16PCC,honduras,2020-09-18,val,True,val,41,53
18-9-20_16PCC_16,18-9-20_16PCC,16PCC,honduras,2020-09-18,val,True,val,1,5
18-9-20_16PCC_17,18-9-20_16PCC,16PCC,honduras,2020-09-18,val,True,val,38,46
18-9-20_16PCC_18,18-9-20_16PCC,16PCC,honduras,2020-09-18,val,True,val,23,29
18-9-20_16PCC_19,18-9-20_16PCC,16PCC,honduras,2020-09-18,val,True,val,6,8
18-9-20_16PCC_2,18-9-20_16PCC,16PCC,honduras,2020-09-18,val,True,val,0,12645
18-9-20_16PCC_20,18-9-20_16PCC,16PCC,honduras,2020-09-18,val,True,val,0,316
18-9-20_16PCC_21,18-9-20_16PCC,16PCC,honduras,2020-09-18,val,True,val,0,25
18-9-20_16PCC_22,18-9-20_16PCC,16PCC,honduras,2020-09-18,val,True,val,23,32
18-9-20_16PCC_23,18-9-20_16PCC,16PCC,honduras,2020-09-18,val,True,val,15,18
18-9-20_16PCC_24,18-9-20_16PCC,16PCC,honduras,2020-09-18,val,True,val,28,37
18-9-20_16PCC_25,18-9-20_16PCC,16PCC,honduras,2020-09-18,val,True,val,0,28
18-9-20_16PCC_26,18-9-20_16PCC,16PCC,honduras,2020-09-18,val,True,val,0,1
18-9-20_16PCC_27,18-9-20_16PCC,16PCC,honduras,2020-09-18,val,True,val,45,56
18-9-20_16PCC_28,18-9-20_16PCC,16PCC,honduras,2020-09-18,val,True,val,20,27
18-9-20_16PCC_29,18-9-20_16PCC,16PCC,honduras,2020-09-18,val,True,val,8,11
18-9-20_16PCC_3,18-9-20_16PCC,16PCC,honduras,2020-09-18,val,True,val,6,12
18-9-20_16PCC_30,18-9-20_16PCC,16PCC,honduras,2020-09-18,val,True,val,0,37
18-9-20_16PCC_31,18-9-20_16PCC,16PCC,honduras,2020-09-18,val,True,val,6,12
18-9-20_16PCC_32,18-9-20_16PCC,16PCC,honduras,2020-09-18,val,True,val,3,5
18-9-20_16PCC_33,18-9-20_16PCC,16PCC,honduras,2020-09-18,val,True,val,2,3
18-9-20_16PCC_34,18-9-20_16PCC,16PCC,honduras,2020-09-18,val,True,val,0,48
18-9-20_16PCC_35,18-9-20_16PCC,16PCC,honduras,2020-09-18,val,True,val,0,979
18-9-20_16PCC_36,18-9-20_16PCC,16PCC,honduras,2020-09-18,val,True,val,17,268
18-9-20_16PCC_37,18-9-20_16PCC,16PCC,honduras,2020-09-18,val,True,val,3,4
18-9-20_16PCC_38,18-9-20_16PCC,16PCC,honduras,2020-09-18,val,True,val,0,5
18-9-20_16PCC_39,18-9-20_16PCC,16PCC,honduras,2020-09-18,val,True,val,58,443
18-9-20_16PCC_4,18-9-20_16PCC,16PCC,honduras,2020-09-18,val,True,val,2,3
18-9-20_16PCC_40,18-9-20_16PCC,16PCC,honduras,2020-09-18,val,True,val,0,281
18-9-20_16PCC_41,18-9-20_16PCC,16PCC,honduras,2020-09-18,val,True,val,0,94
18-9-20_16PCC_42,18-9-20_16PCC,16PCC,honduras,2020-09-18,val,True,val,0,251
18-9-20_16PCC_43,18-9-20_16PCC,16PCC,honduras,2020-09-18,val,True,val,0,358
18-9-20_16PCC_44,18-9-20_16PCC,16PCC,honduras,2020-09-18,val,True,val,0,89
18-9-20_16PCC_45,18-9-20_16PCC,16PCC,honduras,2020-09-18,val,True,val,0,49
18-9-20_16PCC_46,18-9-20_16PCC,16PCC,honduras,2020-09-18,val,True,val,0,277
18-9-20_16PCC_47,18-9-20_16PCC,16PCC,honduras,2020-09-18,val,False,none,7,22
18-9-20_16PCC_48,18-9-20_16PCC,16PCC,honduras,2020-09-18,val,True,val,2,47
18-9-20_16PCC_49,18-9-20_16PCC,16PCC,honduras,2020-09-18,val,True,val,0,18
18-9-20_16PCC_5,18-9-20_16PCC,16PCC,honduras,2020-09-18,val,True,val,1,3
18-9-20_16PCC_50,18-9-20_16PCC,16PCC,honduras,2020-09-18,val,True,val,0,85
18-9-20_16PCC_51,18-9-20_16PCC,16PCC,honduras,2020-09-18,val,True,val,0,142
18-9-20_16PCC_52,18-9-20_16PCC,16PCC,honduras,2020-09-18,val,True,val,0,146
18-9-20_16PCC_53,18-9-20_16PCC,16PCC,honduras,2020-09-18,val,True,val,0,1
18-9-20_16PCC_54,18-9-20_16PCC,16PCC,honduras,2020-09-18,val,True,val,0,62
18-9-20_16PCC_55,18-9-20_16PCC,16PCC,honduras,2020-09-18,val,True,val,0,27
18-9-20_16PCC_56,18-9-20_16PCC,16PCC,honduras,2020-09-18,val,True,val,2,11
18-9-20_16PCC_57,18-9-20_16PCC,16PCC,honduras,2020-09-18,val,True,val,7,29
18-9-20_16PCC_58,18-9-20_16PCC,16PCC,honduras,2020-09-18,val,True,val,0,23
18-9-20_16PCC_59,18-9-20_16PCC,16PCC,honduras,2020-09-18,val,True,val,0,181
18-9-20_16PCC_6,18-9-20_16PCC,16PCC,honduras,2020-09-18,val,True,val,0,9234
18-9-20_16PCC_60,18-9-20_16PCC,16PCC,honduras,2020-09-18,val,True,val,0,408
18-9-20_16PCC_61,18-9-20_16PCC,16PCC,honduras,2020-09-18,val,True,val,0,126
18-9-20_16PCC_62,18-9-20_16PCC,16PCC,honduras,2020-09-18,val,True,val,0,2
18-9-20_16PCC_63,18-9-20_16PCC,16PCC,honduras,2020-09-18,val,True,val,0,265
18-9-20_16PCC_64,18-9-20_16PCC,16PCC,honduras,2020-09-18,val,True,val,0,20
18-9-20_16PCC_65,18-9-20_16PCC,16PCC,honduras,2020-09-18,val,True,val,0,11
18-9-20_16PCC_66,18-9-20_16PCC,16PCC,honduras,2020-09-18,val,True,val,2,3
18-9-20_16PCC_67,18-9-20_16PCC,16PCC,honduras,2020-09-18,val,True,val,1,30
18-9-20_16PCC_68,18-9-20_16PCC,16PCC,honduras,2020-09-18,val,True,val,0,186
18-9-20_16PCC_69,18-9-20_16PCC,16PCC,honduras,2020-09-18,val,True,val,0,28
18-9-20_16PCC_7,18-9-20_16PCC,16PCC,honduras,2020-09-18,val,True,val,0,3978
18-9-20_16PCC_70,18-9-20_16PCC,16PCC,honduras,2020-09-18,val,True,val,0,12
18-9-20_16PCC_71,18-9-20_16PCC,16PCC,honduras,2020-09-18,val,True,val,0,55
18-9-20_16PCC_72,18-9-20_16PCC,16PCC,honduras,2020-09-18,val,True,val,4,8
18-9-20_16PCC_73,18-9-20_16PCC,16PCC,honduras,2020-09-18,val,True,val,1,5
18-9-20_16PCC_74,18-9-20_16PCC,16PCC,honduras,2020-09-18,val,True,val,2,14
18-9-20_16PCC_75,18-9-20_16PCC,16PCC,honduras,2020-09-18,val,True,val,0,642
18-9-20_16PCC_76,18-9-20_16PCC,16PCC,honduras,2020-09-18,val,True,val,0,176
18-9-20_16PCC_77,18-9-20_16PCC,16PCC,honduras,2020-09-18,val,True,val,0,533
18-9-20_16PCC_78,18-9-20_16PCC,16PCC,honduras,2020-09-18,val,True,val,0,207
18-9-20_16PCC_8,18-9-20_16PCC,16PCC,honduras,2020-09-18,val,True,val,1,4
18-9-20_16PCC_9,18-9-20_16PCC,16PCC,honduras,2020-09-18,val,True,val,0,7763
18-9-20_16PDC_0,18-9-20_16PDC,16PDC,honduras,2020-09-18,train,True,train,0,31
18-9-20_16PDC_1,18-9-20_16PDC,16PDC,honduras,2020-09-18,train,True,train,0,174
18-9-20_16PDC_10,18-9-20_16PDC,16PDC,honduras,2020-09-18,train,True,train,7,17
18-9-20_16PDC_11,18-9-20_16PDC,16PDC,honduras,2020-09-18,train,True,train,0,51
18-9-20_16PDC_12,18-9-20_16PDC,16PDC,honduras,2020-09-18,train,True,train,0,20
18-9-20_16PDC_13,18-9-20_16PDC,16PDC,honduras,2020-09-18,train,True,train,2,67
18-9-20_16PDC_14,18-9-20_16PDC,16PDC,honduras,2020-09-18,train,True,train,0,12
18-9-20_16PDC_15,18-9-20_16PDC,16PDC,honduras,2020-09-18,train,True,train,0,2061
18-9-20_16PDC_16,18-9-20_16PDC,16PDC,honduras,2020-09-18,train,True,train,0,131
18-9-20_16PDC_17,18-9-20_16PDC,16PDC,honduras,2020-09-18,train,True,train,0,60
18-9-20_16PDC_18,18-9-20_16PDC,16PDC,honduras,2020-09-18,train,True,train,4,5
18-9-20_16PDC_19,18-9-20_16PDC,16PDC,honduras,2020-09-18,train,True,train,0,123
18-9-20_16PDC_2,18-9-20_16PDC,16PDC,honduras,2020-09-18,train,True,train,0,820
18-9-20_16PDC_20,18-9-20_16PDC,16PDC,honduras,2020-09-18,train,True,train,4,8
18-9-20_16PDC_21,18-9-20_16PDC,16PDC,honduras,2020-09-18,train,True,train,0,44
18-9-20_16PDC_22,18-9-20_16PDC,16PDC,honduras,2020-09-18,train,True,train,1,2
18-9-20_16PDC_23,18-9-20_16PDC,16PDC,honduras,2020-09-18,train,True,train,0,57
18-9-20_16PDC_24,18-9-20_16PDC,16PDC,honduras,2020-09-18,train,True,train,0,115
18-9-20_16PDC_25,18-9-20_16PDC,16PDC,honduras,2020-09-18,train,True,train,11,14
18-9-20_16PDC_26,18-9-20_16PDC,16PDC,honduras,2020-09-18,train,True,train,0,49
18-9-20_16PDC_27,18-9-20_16PDC,16PDC,honduras,2020-09-18,train,True,train,0,95
18-9-20_16PDC_28,18-9-20_16PDC,16PDC,honduras,2020-09-18,train,True,train,0,1
18-9-20_16PDC_29,18-9-20_16PDC,16PDC,honduras,2020-09-18,train,True,train,5,5
18-9-20_16PDC_3,18-9-20_16PDC,16PDC,honduras,2020-09-18,train,True,train,0,180
18-9-20_16PDC_4,18-9-20_16PDC,16PDC,honduras,2020-09-18,train,True,train,0,372
18-9-20_16PDC_5,18-9-20_16PDC,16PDC,honduras,2020-09-18,train,True,train,0,8364
18-9-20_16PDC_6,18-9-20_16PDC,16PDC,honduras,2020-09-18,train,True,train,0,38
18-9-20_16PDC_7,18-9-20_16PDC,16PDC,honduras,2020-09-18,train,True,train,0,17125
18-9-20_16PDC_8,18-9-20_16PDC,16PDC,honduras,2020-09-18,train,True,train,1,2
18-9-20_16PDC_9,18-9-20_16PDC,16PDC,honduras,2020-09-18,train,True,train,0,3615
19-3-20_18QYF_0,19-3-20_18QYF,18QYF,hispaniola,2020-03-19,train,True,train,27,41
19-3-20_18QYF_1,19-3-20_18QYF,18QYF,hispaniola,2020-03-19,train,True,train,88,145
19-3-20_18QYF_2,19-3-20_18QYF,18QYF,hispaniola,2020-03-19,train,True,train,0,1
19-3-20_18QYF_3,19-3-20_18QYF,18QYF,hispaniola,2020-03-19,train,True,train,15,16
19-3-20_18QYF_4,19-3-20_18QYF,18QYF,hispaniola,2020-03-19,train,True,train,0,68
19-3-20_18QYF_5,19-3-20_18QYF,18QYF,hispaniola,2020-03-19,train,True,train,3,72
19-9-18_16PCC_0,19-9-18_16PCC,16PCC,honduras,2018-09-19,val,True,val,0,1563
19-9-18_16PCC_1,19-9-18_16PCC,16PCC,honduras,2018-09-19,val,True,val,0,22
19-9-18_16PCC_10,19-9-18_16PCC,16PCC,honduras,2018-09-19,val,True,val,0,11
19-9-18_16PCC_11,19-9-18_16PCC,16PCC,honduras,2018-09-19,val,True,val,0,761
19-9-18_16PCC_12,19-9-18_16PCC,16PCC,honduras,2018-09-19,val,True,val,0,1886
19-9-18_16PCC_13,19-9-18_16PCC,16PCC,honduras,2018-09-19,val,True,val,0,81
19-9-18_16PCC_14,19-9-18_16PCC,16PCC,honduras,2018-09-19,val,True,val,0,24
19-9-18_16PCC_15,19-9-18_16PCC,16PCC,honduras,2018-09-19,val,True,val,10,25
19-9-18_16PCC_16,19-9-18_16PCC,16PCC,honduras,2018-09-19,val,True,val,4,14
19-9-18_16PCC_17,19-9-18_16PCC,16PCC,honduras,2018-09-19,val,True,val,0,12
19-9-18_16PCC_18,19-9-18_16PCC,16PCC,honduras,2018-09-19,val,True,val,0,2
19-9-18_16PCC_19,19-9-18_16PCC,16PCC,honduras,2018-09-19,val,True,val,0,167
19-9-18_16PCC_2,19-9-18_16PCC,16PCC,honduras,2018-09-19,val,True,val,0,79
19-9-18_16PCC_20,19-9-18_16PCC,16PCC,honduras,2018-09-19,val,True,val,0,36
19-9-18_16PCC_21,19-9-18_16PCC,16PCC,honduras,2018-09-19,val,True,val,9,13
19-9-18_16PCC_22,19-9-18_16PCC,16PCC,honduras,2018-09-19,val,True,val,15,18
19-9-18_16PCC_23,19-9-18_16PCC,16PCC,honduras,2018-09-19,val,True,val,0,4
19-9-18_16PCC_24,19-9-18_16PCC,16PCC,honduras,2018-09-19,val,True,val,0,43
19-9-18_16PCC_25,19-9-18_16PCC,16PCC,honduras,2018-09-19,val,True,val,0,12
19-9-18_16PCC_26,19-9-18_16PCC,16PCC,honduras,2018-09-19,val,True,val,1,2
19-9-18_16PCC_27,19-9-18_16PCC,16PCC,honduras,2018-09-19,val,True,val,0,13
19-9-18_16PCC_28,19-9-18_16PCC,16PCC,honduras,2018-09-19,val,True,val,0,245
19-9-18_16PCC_29,19-9-18_16PCC,16PCC,honduras,2018-09-19,val,True,val,0,49
19-9-18_16PCC_3,19-9-18_16PCC,16PCC,honduras,2018-09-19,val,True,val,0,47
19-9-18_16PCC_30,19-9-18_16PCC,16PCC,honduras,2018-09-19,val,True,val,1,1
19-9-18_16PCC_31,19-9-18_16PCC,16PCC,honduras,2018-09-19,val,True,val,1,1
19-9-18_16PCC_32,19-9-18_16PCC,16PCC,honduras,2018-09-19,val,True,val,0,125
19-9-18_16PCC_33,19-9-18_16PCC,16PCC,honduras,2018-09-19,val,True,val,0,412
19-9-18_16PCC_34,19-9-18_16PCC,16PCC,honduras,2018-09-19,val,True,val,0,461
19-9-18_16PCC_35,19-9-18_16PCC,16PCC,honduras,2018-09-19,val,True,val,7,12
19-9-18_16PCC_36,19-9-18_16PCC,16PCC,honduras,2018-09-19,val,True,val,1,4
19-9-18_16PCC_37,19-9-18_16PCC,16PCC,honduras,2018-09-19,val,True,val,0,658
19-9-18_16PCC_4,19-9-18_16PCC,16PCC,honduras,2018-09-19,val,True,val,0,60
19-9-18_16PCC_5,19-9-18_16PCC,16PCC,honduras,2018-09-19,val,True,val,0,2
19-9-18_16PCC_6,19-9-18_16PCC,16PCC,honduras,2018-09-19,val,True,val,0,3095
19-9-18_16PCC_7,19-9-18_16PCC,16PCC,honduras,2018-09-19,val,True,val,0,24
19-9-18_16PCC_8,19-9-18_16PCC,16PCC,honduras,2018-09-19,val,True,val,0,21624
19-9-18_16PCC_9,19-9-18_16PCC,16PCC,honduras,2018-09-19,val,True,val,0,2
19-9-18_16PDC_0,19-9-18_16PDC,16PDC,honduras,2018-09-19,test,True,test,1,2
19-9-18_16PDC_1,19-9-18_16PDC,16PDC,honduras,2018-09-19,test,True,test,0,10
19-9-18_16PDC_10,19-9-18_16PDC,16PDC,honduras,2018-09-19,test,True,test,0,157
19-9-18_16PDC_11,19-9-18_16PDC,16PDC,honduras,2018-09-19,test,True,test,0,6943
19-9-18_16PDC_12,19-9-18_16PDC,16PDC,honduras,2018-09-19,test,True,test,0,574
19-9-18_16PDC_13,19-9-18_16PDC,16PDC,honduras,2018-09-19,test,True,test,0,1599
19-9-18_16PDC_14,19-9-18_16PDC,16PDC,honduras,2018-09-19,test,True,test,0,10920
19-9-18_16PDC_15,19-9-18_16PDC,16PDC,honduras,2018-09-19,test,True,test,0,180
19-9-18_16PDC_16,19-9-18_16PDC,16PDC,honduras,2018-09-19,test,True,test,0,5281
19-9-18_16PDC_17,19-9-18_16PDC,16PDC,honduras,2018-09-19,test,True,test,0,127
19-9-18_16PDC_18,19-9-18_16PDC,16PDC,honduras,2018-09-19,test,True,test,0,1158
19-9-18_16PDC_19,19-9-18_16PDC,16PDC,honduras,2018-09-19,test,True,test,5,95
19-9-18_16PDC_2,19-9-18_16PDC,16PDC,honduras,2018-09-19,test,True,test,0,52
19-9-18_16PDC_20,19-9-18_16PDC,16PDC,honduras,2018-09-19,test,True,test,5,11
19-9-18_16PDC_21,19-9-18_16PDC,16PDC,honduras,2018-09-19,test,True,test,0,344
19-9-18_16PDC_22,19-9-18_16PDC,16PDC,honduras,2018-09-19,test,True,test,3,4
19-9-18_16PDC_23,19-9-18_16PDC,16PDC,honduras,2018-09-19,test,True,test,3,4
19-9-18_16PDC_24,19-9-18_16PDC,16PDC,honduras,2018-09-19,test,True,test,2,4
19-9-18_16PDC_25,19-9-18_16PDC,16PDC,honduras,2018-09-19,test,True,test,0,124
19-9-18_16PDC_3,19-9-18_16PDC,16PDC,honduras,2018-09-19,test,True,test,0,1246
19-9-18_16PDC_4,19-9-18_16PDC,16PDC,honduras,2018-09-19,test,True,test,0,888
19-9-18_16PDC_5,19-9-18_16PDC,16PDC,honduras,2018-09-19,test,True,test,0,18
19-9-18_16PDC_6,19-9-18_16PDC,16PDC,honduras,2018-09-19,test,True,test,2,3
19-9-18_16PDC_7,19-9-18_16PDC,16PDC,honduras,2018-09-19,test,True,test,0,79
19-9-18_16PDC_8,19-9-18_16PDC,16PDC,honduras,2018-09-19,test,True,test,1,2
19-9-18_16PDC_9,19-9-18_16PDC,16PDC,honduras,2018-09-19,test,True,test,0,23
20-10-20_18QYF_0,20-10-20_18QYF,18QYF,hispaniola,2020-10-20,train,True,train,0,404
20-10-20_18QYF_1,20-10-20_18QYF,18QYF,hispaniola,2020-10-20,train,True,train,0,4083
20-10-20_18QYF_2,20-10-20_18QYF,18QYF,hispaniola,2020-10-20,train,True,train,28,76
20-10-20_18QYF_3,20-10-20_18QYF,18QYF,hispaniola,2020-10-20,train,True,train,0,81
20-4-18_30VWH_0,20-4-18_30VWH,30VWH,scotland,2018-04-20,train,True,train,0,583
20-4-18_30VWH_1,20-4-18_30VWH,30VWH,scotland,2018-04-20,train,True,train,0,1093
20-4-18_30VWH_2,20-4-18_30VWH,30VWH,scotland,2018-04-20,train,True,train,0,1312
20-4-18_30VWH_3,20-4-18_30VWH,30VWH,scotland,2018-04-20,train,True,train,0,3091
20-4-18_30VWH_4,20-4-18_30VWH,30VWH,scotland,2018-04-20,train,True,train,22,26
20-4-18_30VWH_5,20-4-18_30VWH,30VWH,scotland,2018-04-20,train,True,train,5,6
20-4-18_30VWH_6,20-4-18_30VWH,30VWH,scotland,2018-04-20,train,True,train,0,20
20-4-18_30VWH_7,20-4-18_30VWH,30VWH,scotland,2018-04-20,train,True,train,0,34
20-4-18_30VWH_8,20-4-18_30VWH,30VWH,scotland,2018-04-20,train,True,train,0,2564
20-4-18_30VWH_9,20-4-18_30VWH,30VWH,scotland,2018-04-20,train,True,train,0,21207
21-2-17_16PCC_0,21-2-17_16PCC,16PCC,honduras,2017-02-21,train,True,train,0,219
21-2-17_16PCC_1,21-2-17_16PCC,16PCC,honduras,2017-02-21,train,True,train,0,2
21-2-17_16PCC_10,21-2-17_16PCC,16PCC,honduras,2017-02-21,train,True,train,0,216
21-2-17_16PCC_11,21-2-17_16PCC,16PCC,honduras,2017-02-21,train,True,train,0,5
21-2-17_16PCC_12,21-2-17_16PCC,16PCC,honduras,2017-02-21,train,True,train,0,135
21-2-17_16PCC_13,21-2-17_16PCC,16PCC,honduras,2017-02-21,train,True,train,0,538
21-2-17_16PCC_14,21-2-17_16PCC,16PCC,honduras,2017-02-21,train,True,train,0,395
21-2-17_16PCC_15,21-2-17_16PCC,16PCC,honduras,2017-02-21,train,True,train,0,196
21-2-17_16PCC_16,21-2-17_16PCC,16PCC,honduras,2017-02-21,train,True,train,0,570
21-2-17_16PCC_17,21-2-17_16PCC,16PCC,honduras,2017-02-21,train,True,train,0,37
21-2-17_16PCC_18,21-2-17_16PCC,16PCC,honduras,2017-02-21,train,True,train,0,757
21-2-17_16PCC_19,21-2-17_16PCC,16PCC,honduras,2017-02-21,train,True,train,0,3778
21-2-17_16PCC_2,21-2-17_16PCC,16PCC,honduras,2017-02-21,train,True,train,0,57
21-2-17_16PCC_20,21-2-17_16PCC,16PCC,honduras,2017-02-21,train,True,train,0,4
21-2-17_16PCC_21,21-2-17_16PCC,16PCC,honduras,2017-02-21,train,True,train,0,119
21-2-17_16PCC_22,21-2-17_16PCC,16PCC,honduras,2017-02-21,train,True,train,0,44
21-2-17_16PCC_23,21-2-17_16PCC,16PCC,honduras,2017-02-21,train,True,train,0,10
21-2-17_16PCC_24,21-2-17_16PCC,16PCC,honduras,2017-02-21,train,True,train,0,87
21-2-17_16PCC_3,21-2-17_16PCC,16PCC,honduras,2017-02-21,train,True,train,0,108
21-2-17_16PCC_4,21-2-17_16PCC,16PCC,honduras,2017-02-21,train,True,train,0,31
21-2-17_16PCC_5,21-2-17_16PCC,16PCC,honduras,2017-02-21,train,True,train,0,158
21-2-17_16PCC_6,21-2-17_16PCC,16PCC,honduras,2017-02-21,train,True,train,1,5
21-2-17_16PCC_7,21-2-17_16PCC,16PCC,honduras,2017-02-21,train,True,train,2,2
21-2-17_16PCC_8,21-2-17_16PCC,16PCC,honduras,2017-02-21,train,True,train,1,1
21-2-17_16PCC_9,21-2-17_16PCC,16PCC,honduras,2017-02-21,train,True,train,0,198
21-2-18_16PCC_0,21-2-18_16PCC,16PCC,honduras,2018-02-21,val,True,val,0,287
21-2-18_16PCC_1,21-2-18_16PCC,16PCC,honduras,2018-02-21,val,True,val,0,1252
21-2-18_16PCC_10,21-2-18_16PCC,16PCC,honduras,2018-02-21,val,True,val,0,160
21-2-18_16PCC_11,21-2-18_16PCC,16PCC,honduras,2018-02-21,val,True,val,0,33
21-2-18_16PCC_12,21-2-18_16PCC,16PCC,honduras,2018-02-21,val,True,val,0,54
21-2-18_16PCC_2,21-2-18_16PCC,16PCC,honduras,2018-02-21,val,True,val,0,403
21-2-18_16PCC_3,21-2-18_16PCC,16PCC,honduras,2018-02-21,val,True,val,5,9
21-2-18_16PCC_4,21-2-18_16PCC,16PCC,honduras,2018-02-21,val,True,val,0,144
21-2-18_16PCC_5,21-2-18_16PCC,16PCC,honduras,2018-02-21,val,True,val,0,73
21-2-18_16PCC_6,21-2-18_16PCC,16PCC,honduras,2018-02-21,val,True,val,0,804
21-2-18_16PCC_7,21-2-18_16PCC,16PCC,honduras,2018-02-21,val,True,val,0,775
21-2-18_16PCC_8,21-2-18_16PCC,16PCC,honduras,2018-02-21,val,True,val,0,233
21-2-18_16PCC_9,21-2-18_16PCC,16PCC,honduras,2018-02-21,val,True,val,0,52
22-12-20_18QYF_0,22-12-20_18QYF,18QYF,hispaniola,2020-12-22,test,True,test,28,114
22-12-20_18QYF_1,22-12-20_18QYF,18QYF,hispaniola,2020-12-22,test,True,test,2,10
22-3-20_18QWF_0,22-3-20_18QWF,18QWF,hispaniola,2020-03-22,train,True,train,0,126
22-3-20_18QWF_1,22-3-20_18QWF,18QWF,hispaniola,2020-03-22,train,True,train,0,325
22-3-20_18QWF_2,22-3-20_18QWF,18QWF,hispaniola,2020-03-22,train,True,train,0,74
22-3-20_18QWF_3,22-3-20_18QWF,18QWF,hispaniola,2020-03-22,train,True,train,0,558
22-3-20_18QWF_4,22-3-20_18QWF,18QWF,hispaniola,2020-03-22,train,True,train,0,3
22-3-20_18QWF_5,22-3-20_18QWF,18QWF,hispaniola,2020-03-22,train,True,train,0,699
23-1-21_18QYF_0,23-1-21_18QYF,18QYF,hispaniola,2021-01-23,train,True,train,0,73
23-1-21_18QYF_1,23-1-21_18QYF,18QYF,hispaniola,2021-01-23,train,True,train,0,72
23-1-21_18QYF_2,23-1-21_18QYF,18QYF,hispaniola,2021-01-23,train,True,train,0,67
23-9-20_16PCC_0,23-9-20_16PCC,16PCC,honduras,2020-09-23,train,True,train,0,89
23-9-20_16PCC_1,23-9-20_16PCC,16PCC,honduras,2020-09-23,train,True,train,0,563
23-9-20_16PCC_10,23-9-20_16PCC,16PCC,honduras,2020-09-23,train,True,train,0,570
23-9-20_16PCC_11,23-9-20_16PCC,16PCC,honduras,2020-09-23,train,True,train,0,23053
23-9-20_16PCC_12,23-9-20_16PCC,16PCC,honduras,2020-09-23,train,True,train,0,749
23-9-20_16PCC_13,23-9-20_16PCC,16PCC,honduras,2020-09-23,train,True,train,0,3
23-9-20_16PCC_14,23-9-20_16PCC,16PCC,honduras,2020-09-23,train,True,train,0,100
23-9-20_16PCC_15,23-9-20_16PCC,16PCC,honduras,2020-09-23,train,True,train,3,74
23-9-20_16PCC_16,23-9-20_16PCC,16PCC,honduras,2020-09-23,train,True,train,0,74
23-9-20_16PCC_17,23-9-20_16PCC,16PCC,honduras,2020-09-23,train,True,train,0,1430
23-9-20_16PCC_18,23-9-20_16PCC,16PCC,honduras,2020-09-23,train,True,train,0,1
23-9-20_16PCC_19,23-9-20_16PCC,16PCC,honduras,2020-09-23,train,True,train,7,10
23-9-20_16PCC_2,23-9-20_16PCC,16PCC,honduras,2020-09-23,train,True,train,0,64
23-9-20_16PCC_20,23-9-20_16PCC,16PCC,honduras,2020-09-23,train,True,train,0,72
23-9-20_16PCC_21,23-9-20_16PCC,16PCC,honduras,2020-09-23,train,True,train,4,60
23-9-20_16PCC_22,23-9-20_16PCC,16PCC,honduras,2020-09-23,train,True,train,1,1
23-9-20_16PCC_23,23-9-20_16PCC,16PCC,honduras,2020-09-23,train,True,train,1,3
23-9-20_16PCC_24,23-9-20_16PCC,16PCC,honduras,2020-09-23,train,True,train,6,8
23-9-20_16PCC_25,23-9-20_16PCC,16PCC,honduras,2020-09-23,train,True,train,17,18
23-9-20_16PCC_26,23-9-20_16PCC,16PCC,honduras,2020-09-23,train,True,train,1,2
23-9-20_16PCC_27,23-9-20_16PCC,16PCC,honduras,2020-09-23,train,True,train,0,117
23-9-20_16PCC_28,23-9-20_16PCC,16PCC,honduras,2020-09-23,train,True,train,0,2803
23-9-20_16PCC_29,23-9-20_16PCC,16PCC,honduras,2020-09-23,train,True,train,0,328
23-9-20_16PCC_3,23-9-20_16PCC,16PCC,honduras,2020-09-23,train,True,train,0,19367
23-9-20_16PCC_30,23-9-20_16PCC,16PCC,honduras,2020-09-23,train,True,train,0,100
23-9-20_16PCC_31,23-9-20_16PCC,16PCC,honduras,2020-09-23,train,True,train,0,354
23-9-20_16PCC_32,23-9-20_16PCC,16PCC,honduras,2020-09-23,train,True,train,0,73
23-9-20_16PCC_33,23-9-20_16PCC,16PCC,honduras,2020-09-23,train,True,train,0,47
23-9-20_16PCC_34,23-9-20_16PCC,16PCC,honduras,2020-09-23,train,True,train,0,54
23-9-20_16PCC_35,23-9-20_16PCC,16PCC,honduras,2020-09-23,train,True,train,0,17
23-9-20_16PCC_36,23-9-20_16PCC,16PCC,honduras,2020-09-23,train,True,train,0,20
23-9-20_16PCC_37,23-9-20_16PCC,16PCC,honduras,2020-09-23,train,True,train,0,543
23-9-20_16PCC_38,23-9-20_16PCC,16PCC,honduras,2020-09-23,train,True,train,0,45
23-9-20_16PCC_39,23-9-20_16PCC,16PCC,honduras,2020-09-23,train,True,train,0,1
23-9-20_16PCC_4,23-9-20_16PCC,16PCC,honduras,2020-09-23,train,True,train,0,33
23-9-20_16PCC_40,23-9-20_16PCC,16PCC,honduras,2020-09-23,train,True,train,2,3
23-9-20_16PCC_41,23-9-20_16PCC,16PCC,honduras,2020-09-23,train,True,train,0,28
23-9-20_16PCC_42,23-9-20_16PCC,16PCC,honduras,2020-09-23,train,True,train,0,25
23-9-20_16PCC_43,23-9-20_16PCC,16PCC,honduras,2020-09-23,train,True,train,0,32
23-9-20_16PCC_44,23-9-20_16PCC,16PCC,honduras,2020-09-23,train,True,train,12,22
23-9-20_16PCC_45,23-9-20_16PCC,16PCC,honduras,2020-09-23,train,True,train,3,75
23-9-20_16PCC_46,23-9-20_16PCC,16PCC,honduras,2020-09-23,train,True,train,6,22
23-9-20_16PCC_47,23-9-20_16PCC,16PCC,honduras,2020-09-23,train,True,train,1,6
23-9-20_16PCC_48,23-9-20_16PCC,16PCC,honduras,2020-09-23,train,True,train,0,131
23-9-20_16PCC_49,23-9-20_16PCC,16PCC,honduras,2020-09-23,train,True,train,0,137
23-9-20_16PCC_5,23-9-20_16PCC,16PCC,honduras,2020-09-23,train,True,train,0,28
23-9-20_16PCC_50,23-9-20_16PCC,16PCC,honduras,2020-09-23,train,True,train,0,946
23-9-20_16PCC_51,23-9-20_16PCC,16PCC,honduras,2020-09-23,train,True,train,1,2
23-9-20_16PCC_52,23-9-20_16PCC,16PCC,honduras,2020-09-23,train,True,train,10,13
23-9-20_16PCC_53,23-9-20_16PCC,16PCC,honduras,2020-09-23,train,True,train,0,1133
23-9-20_16PCC_54,23-9-20_16PCC,16PCC,honduras,2020-09-23,train,True,train,1,10
23-9-20_16PCC_55,23-9-20_16PCC,16PCC,honduras,2020-09-23,train,True,train,0,69
23-9-20_16PCC_6,23-9-20_16PCC,16PCC,honduras,2020-09-23,train,True,train,0,114
23-9-20_16PCC_7,23-9-20_16PCC,16PCC,honduras,2020-09-23,train,True,train,0,50303
23-9-20_16PCC_8,23-9-20_16PCC,16PCC,honduras,2020-09-23,train,True,train,1,2
23-9-20_16PCC_9,23-9-20_16PCC,16PCC,honduras,2020-09-23,train,True,train,0,2271
24-10-18_16PDC_0,24-10-18_16PDC,16PDC,honduras,2018-10-24,train,True,train,0,198
24-10-18_16PDC_1,24-10-18_16PDC,16PDC,honduras,2018-10-24,train,True,train,0,31
24-10-18_16PDC_10,24-10-18_16PDC,16PDC,honduras,2018-10-24,train,True,train,0,283
24-10-18_16PDC_11,24-10-18_16PDC,16PDC,honduras,2018-10-24,train,True,train,0,20
24-10-18_16PDC_12,24-10-18_16PDC,16PDC,honduras,2018-10-24,train,True,train,0,33
24-10-18_16PDC_13,24-10-18_16PDC,16PDC,honduras,2018-10-24,train,True,train,0,44
24-10-18_16PDC_14,24-10-18_16PDC,16PDC,honduras,2018-10-24,train,True,train,0,48
24-10-18_16PDC_15,24-10-18_16PDC,16PDC,honduras,2018-10-24,train,True,train,0,71
24-10-18_16PDC_16,24-10-18_16PDC,16PDC,honduras,2018-10-24,train,True,train,0,1008
24-10-18_16PDC_17,24-10-18_16PDC,16PDC,honduras,2018-10-24,train,True,train,0,34
24-10-18_16PDC_18,24-10-18_16PDC,16PDC,honduras,2018-10-24,train,True,train,0,12
24-10-18_16PDC_19,24-10-18_16PDC,16PDC,honduras,2018-10-24,train,True,train,0,75
24-10-18_16PDC_2,24-10-18_16PDC,16PDC,honduras,2018-10-24,train,True,train,0,1
24-10-18_16PDC_20,24-10-18_16PDC,16PDC,honduras,2018-10-24,train,True,train,0,38
24-10-18_16PDC_21,24-10-18_16PDC,16PDC,honduras,2018-10-24,train,True,train,0,36
24-10-18_16PDC_3,24-10-18_16PDC,16PDC,honduras,2018-10-24,train,True,train,3,102
24-10-18_16PDC_4,24-10-18_16PDC,16PDC,honduras,2018-10-24,train,True,train,0,175
24-10-18_16PDC_5,24-10-18_16PDC,16PDC,honduras,2018-10-24,train,True,train,3,62
24-10-18_16PDC_6,24-10-18_16PDC,16PDC,honduras,2018-10-24,train,True,train,0,261
24-10-18_16PDC_7,24-10-18_16PDC,16PDC,honduras,2018-10-24,train,True,train,0,56
24-10-18_16PDC_8,24-10-18_16PDC,16PDC,honduras,2018-10-24,train,True,train,0,178
24-10-18_16PDC_9,24-10-18_16PDC,16PDC,honduras,2018-10-24,train,True,train,0,12
24-11-19_48PZC_0,24-11-19_48PZC,48PZC,south_china_sea,2019-11-24,train,True,train,0,526
24-11-19_48PZC_1,24-11-19_48PZC,48PZC,south_china_sea,2019-11-24,train,True,train,0,2823
24-11-19_48PZC_2,24-11-19_48PZC,48PZC,south_china_sea,2019-11-24,train,True,train,0,268
24-11-19_48PZC_3,24-11-19_48PZC,48PZC,south_china_sea,2019-11-24,train,True,train,0,106
24-11-19_48PZC_4,24-11-19_48PZC,48PZC,south_china_sea,2019-11-24,train,True,train,2,9
24-11-19_48PZC_5,24-11-19_48PZC,48PZC,south_china_sea,2019-11-24,train,True,train,0,21
24-11-19_48PZC_6,24-11-19_48PZC,48PZC,south_china_sea,2019-11-24,train,True,train,0,192
24-11-19_48PZC_7,24-11-19_48PZC,48PZC,south_china_sea,2019-11-24,train,True,train,0,470
24-11-19_48PZC_8,24-11-19_48PZC,48PZC,south_china_sea,2019-11-24,train,True,train,0,43
24-3-20_18QYF_0,24-3-20_18QYF,18QYF,hispaniola,2020-03-24,val,True,val,0,61
24-3-20_18QYF_1,24-3-20_18QYF,18QYF,hispaniola,2020-03-24,val,True,val,0,33
24-4-19_36JUN_0,24-4-19_36JUN,36JUN,south_africa,2019-04-24,train,True,train,4,6
24-4-19_36JUN_1,24-4-19_36JUN,36JUN,south_africa,2019-04-24,train,True,train,0,1
24-4-19_36JUN_10,24-4-19_36JUN,36JUN,south_africa,2019-04-24,train,True,train,0,121
24-4-19_36JUN_11,24-4-19_36JUN,36JUN,south_africa,2019-04-24,train,True,train,0,344
24-4-19_36JUN_12,24-4-19_36JUN,36JUN,south_africa,2019-04-24,train,True,train,0,223
24-4-19_36JUN_13,24-4-19_36JUN,36JUN,south_africa,2019-04-24,train,True,train,0,80
24-4-19_36JUN_14,24-4-19_36JUN,36JUN,south_africa,2019-04-24,train,True,train,0,96
24-4-19_36JUN_15,24-4-19_36JUN,36JUN,south_africa,2019-04-24,train,True,train,11,11
24-4-19_36JUN_16,24-4-19_36JUN,36JUN,south_africa,2019-04-24,train,True,train,3,4
24-4-19_36JUN_17,24-4-19_36JUN,36JUN,south_africa,2019-04-24,train,True,train,0,1452
24-4-19_36JUN_18,24-4-19_36JUN,36JUN,south_africa,2019-04-24,train,True,train,0,535
24-4-19_36JUN_19,24-4-19_36JUN,36JUN,south_africa,2019-04-24,train,True,train,0,92
24-4-19_36JUN_2,24-4-19_36JUN,36JUN,south_africa,2019-04-24,train,True,train,10,11
24-4-19_36JUN_20,24-4-19_36JUN,36JUN,south_africa,2019-04-24,train,True,train,0,599
24-4-19_36JUN_3,24-4-19_36JUN,36JUN,south_africa,2019-04-24,train,True,train,13,264
24-4-19_36JUN_4,24-4-19_36JUN,36JUN,south_africa,2019-04-24,train,True,train,1,1
24-4-19_36JUN_5,24-4-19_36JUN,36JUN,south_africa,2019-04-24,train,True,train,0,78
24-4-19_36JUN_6,24-4-19_36JUN,36JUN,south_africa,2019-04-24,train,True,train,0,300
24-4-19_36JUN_7,24-4-19_36JUN,36JUN,south_africa,2019-04-24,train,True,train,0,81
24-4-19_36JUN_8,24-4-19_36JUN,36JUN,south_africa,2019-04-24,train,True,train,4,648
24-4-19_36JUN_9,24-4-19_36JUN,36JUN,south_africa,2019-04-24,train,True,train,0,142
24-8-20_16PCC_0,24-8-20_16PCC,16PCC,honduras,2020-08-24,train,True,train,0,1925
24-8-20_16PCC_1,24-8-20_16PCC,16PCC,honduras,2020-08-24,train,True,train,0,414
24-8-20_16PCC_10,24-8-20_16PCC,16PCC,honduras,2020-08-24,train,True,train,0,43
24-8-20_16PCC_11,24-8-20_16PCC,16PCC,honduras,2020-08-24,train,True,train,0,61
24-8-20_16PCC_12,24-8-20_16PCC,16PCC,honduras,2020-08-24,train,True,train,20,73
24-8-20_16PCC_13,24-8-20_16PCC,16PCC,honduras,2020-08-24,train,True,train,2,4
24-8-20_16PCC_14,24-8-20_16PCC,16PCC,honduras,2020-08-24,train,True,train,2,7
24-8-20_16PCC_15,24-8-20_16PCC,16PCC,honduras,2020-08-24,train,True,train,11,35
24-8-20_16PCC_16,24-8-20_16PCC,16PCC,honduras,2020-08-24,train,True,train,4,4436
24-8-20_16PCC_17,24-8-20_16PCC,16PCC,honduras,2020-08-24,train,True,train,2,2
24-8-20_16PCC_18,24-8-20_16PCC,16PCC,honduras,2020-08-24,train,True,train,1,697
24-8-20_16PCC_19,24-8-20_16PCC,16PCC,honduras,2020-08-24,train,True,train,2,141
24-8-20_16PCC_2,24-8-20_16PCC,16PCC,honduras,2020-08-24,train,True,train,0,1267
24-8-20_16PCC_20,24-8-20_16PCC,16PCC,honduras,2020-08-24,train,True,train,0,3
24-8-20_16PCC_21,24-8-20_16PCC,16PCC,honduras,2020-08-24,train,True,train,0,69
24-8-20_16PCC_22,24-8-20_16PCC,16PCC,honduras,2020-08-24,train,True,train,0,168
24-8-20_16PCC_23,24-8-20_16PCC,16PCC,honduras,2020-08-24,train,True,train,0,2336
24-8-20_16PCC_24,24-8-20_16PCC,16PCC,honduras,2020-08-24,train,True,train,0,99
24-8-20_16PCC_25,24-8-20_16PCC,16PCC,honduras,2020-08-24,train,True,train,0,844
24-8-20_16PCC_26,24-8-20_16PCC,16PCC,honduras,2020-08-24,train,True,train,0,41
24-8-20_16PCC_27,24-8-20_16PCC,16PCC,honduras,2020-08-24,train,True,train,0,19
24-8-20_16PCC_28,24-8-20_16PCC,16PCC,honduras,2020-08-24,train,True,train,0,234
24-8-20_16PCC_3,24-8-20_16PCC,16PCC,honduras,2020-08-24,train,True,train,0,99
24-8-20_16PCC_4,24-8-20_16PCC,16PCC,honduras,2020-08-24,train,True,train,0,2234
24-8-20_16PCC_5,24-8-20_16PCC,16PCC,honduras,2020-08-24,train,True,train,0,151
24-8-20_16PCC_6,24-8-20_16PCC,16PCC,honduras,2020-08-24,train,True,train,0,3
24-8-20_16PCC_7,24-8-20_16PCC,16PCC,honduras,2020-08-24,train,True,train,0,194
24-8-20_16PCC_8,24-8-20_16PCC,16PCC,honduras,2020-08-24,train,True,train,0,2
24-8-20_16PCC_9,24-8-20_16PCC,16PCC,honduras,2020-08-24,train,True,train,2,2
25-5-19_48MXU_0,25-5-19_48MXU,48MXU,indonesia,2019-05-25,train,True,train,0,12
25-5-19_48MXU_1,25-5-19_48MXU,48MXU,indonesia,2019-05-25,train,True,train,5,195
25-5-19_48MXU_2,25-5-19_48MXU,48MXU,indonesia,2019-05-25,train,True,train,0,35
25-5-19_48MXU_3,25-5-19_48MXU,48MXU,indonesia,2019-05-25,train,True,train,5,8
25-5-19_48MXU_4,25-5-19_48MXU,48MXU,indonesia,2019-05-25,train,True,train,3,4
26-2-18_16PCC_0,26-2-18_16PCC,16PCC,honduras,2018-02-26,train,True,train,0,38
26-2-18_16PCC_1,26-2-18_16PCC,16PCC,honduras,2018-02-26,train,True,train,2,3
26-2-18_16PCC_10,26-2-18_16PCC,16PCC,honduras,2018-02-26,train,True,train,0,1302
26-2-18_16PCC_11,26-2-18_16PCC,16PCC,honduras,2018-02-26,train,True,train,0,2815
26-2-18_16PCC_12,26-2-18_16PCC,16PCC,honduras,2018-02-26,train,True,train,0,389
26-2-18_16PCC_13,26-2-18_16PCC,16PCC,honduras,2018-02-26,train,True,train,0,78
26-2-18_16PCC_14,26-2-18_16PCC,16PCC,honduras,2018-02-26,train,True,train,0,203
26-2-18_16PCC_15,26-2-18_16PCC,16PCC,honduras,2018-02-26,train,True,train,0,15
26-2-18_16PCC_16,26-2-18_16PCC,16PCC,honduras,2018-02-26,train,True,train,0,55
26-2-18_16PCC_17,26-2-18_16PCC,16PCC,honduras,2018-02-26,train,True,train,0,201
26-2-18_16PCC_18,26-2-18_16PCC,16PCC,honduras,2018-02-26,train,True,train,0,300
26-2-18_16PCC_19,26-2-18_16PCC,16PCC,honduras,2018-02-26,train,True,train,0,126
26-2-18_16PCC_2,26-2-18_16PCC,16PCC,honduras,2018-02-26,train,True,train,0,83
26-2-18_16PCC_20,26-2-18_16PCC,16PCC,honduras,2018-02-26,train,True,train,0,130
26-2-18_16PCC_21,26-2-18_16PCC,16PCC,honduras,2018-02-26,train,True,train,0,874
26-2-18_16PCC_22,26-2-18_16PCC,16PCC,honduras,2018-02-26,train,True,train,0,100
26-2-18_16PCC_23,26-2-18_16PCC,16PCC,honduras,2018-02-26,train,True,train,0,83
26-2-18_16PCC_3,26-2-18_16PCC,16PCC,honduras,2018-02-26,train,True,train,5,7
26-2-18_16PCC_4,26-2-18_16PCC,16PCC,honduras,2018-02-26,train,True,train,0,61
26-2-18_16PCC_5,26-2-18_16PCC,16PCC,honduras,2018-02-26,train,True,train,7,11
26-2-18_16PCC_6,26-2-18_16PCC,16PCC,honduras,2018-02-26,train,True,train,4,11
26-2-18_16PCC_7,26-2-18_16PCC,16PCC,honduras,2018-02-26,train,True,train,0,118
26-2-18_16PCC_8,26-2-18_16PCC,16PCC,honduras,2018-02-26,train,True,train,0,38
26-2-18_16PCC_9,26-2-18_16PCC,16PCC,honduras,2018-02-26,train,True,train,0,466
27-1-19_16PCC_0,27-1-19_16PCC,16PCC,honduras,2019-01-27,test,True,test,0,48
27-1-19_16PCC_1,27-1-19_16PCC,16PCC,honduras,2019-01-27,test,True,test,0,187
27-1-19_16PCC_10,27-1-19_16PCC,16PCC,honduras,2019-01-27,test,True,test,0,96
27-1-19_16PCC_11,27-1-19_16PCC,16PCC,honduras,2019-01-27,test,True,test,2,3
27-1-19_16PCC_12,27-1-19_16PCC,16PCC,honduras,2019-01-27,test,True,test,0,38
27-1-19_16PCC_13,27-1-19_16PCC,16PCC,honduras,2019-01-27,test,True,test,0,22
27-1-19_16PCC_14,27-1-19_16PCC,16PCC,honduras,2019-01-27,test,True,test,0,170
27-1-19_16PCC_15,27-1-19_16PCC,16PCC,honduras,2019-01-27,test,True,test,7,11
27-1-19_16PCC_16,27-1-19_16PCC,16PCC,honduras,2019-01-27,test,True,test,1,3
27-1-19_16PCC_17,27-1-19_16PCC,16PCC,honduras,2019-01-27,test,True,test,5,7
27-1-19_16PCC_18,27-1-19_16PCC,16PCC,honduras,2019-01-27,test,True,test,0,13
27-1-19_16PCC_19,27-1-19_16PCC,16PCC,honduras,2019-01-27,test,True,test,3,4
27-1-19_16PCC_2,27-1-19_16PCC,16PCC,honduras,2019-01-27,test,True,test,0,18
27-1-19_16PCC_20,27-1-19_16PCC,16PCC,honduras,2019-01-27,test,True,test,0,55
27-1-19_16PCC_21,27-1-19_16PCC,16PCC,honduras,2019-01-27,test,True,test,0,7
27-1-19_16PCC_22,27-1-19_16PCC,16PCC,honduras,2019-01-27,test,True,test,0,78
27-1-19_16PCC_23,27-1-19_16PCC,16PCC,honduras,2019-01-27,test,True,test,0,17
27-1-19_16PCC_24,27-1-19_16PCC,16PCC,honduras,2019-01-27,test,True,test,0,13
27-1-19_16PCC_25,27-1-19_16PCC,16PCC,honduras,2019-01-27,test,True,test,0,1
27-1-19_16PCC_26,27-1-19_16PCC,16PCC,honduras,2019-01-27,test,True,test,3,14
27-1-19_16PCC_27,27-1-19_16PCC,16PCC,honduras,2019-01-27,test,True,test,4,5
27-1-19_16PCC_28,27-1-19_16PCC,16PCC,honduras,2019-01-27,test,True,test,20,89
27-1-19_16PCC_29,27-1-19_16PCC,16PCC,honduras,2019-01-27,test,True,test,0,109
27-1-19_16PCC_3,27-1-19_16PCC,16PCC,honduras,2019-01-27,test,True,test,4,7
27-1-19_16PCC_30,27-1-19_16PCC,16PCC,honduras,2019-01-27,test,True,test,0,88
27-1-19_16PCC_4,27-1-19_16PCC,16PCC,honduras,2019-01-27,test,True,test,0,265
27-1-19_16PCC_5,27-1-19_16PCC,16PCC,honduras,2019-01-27,test,True,test,0,75
27-1-19_16PCC_6,27-1-19_16PCC,16PCC,honduras,2019-01-27,test,True,test,1,3
27-1-19_16PCC_7,27-1-19_16PCC,16PCC,honduras,2019-01-27,test,True,test,3,6
27-1-19_16PCC_8,27-1-19_16PCC,16PCC,honduras,2019-01-27,test,True,test,0,1
27-1-19_16PCC_9,27-1-19_16PCC,16PCC,honduras,2019-01-27,test,True,test,1,1
27-1-19_16QED_0,27-1-19_16QED,16QED,honduras,2019-01-27,test,True,test,0,173
27-1-19_16QED_1,27-1-19_16QED,16QED,honduras,2019-01-27,test,True,test,0,62
27-1-19_16QED_10,27-1-19_16QED,16QED,honduras,2019-01-27,test,True,test,0,2612
27-1-19_16QED_11,27-1-19_16QED,16QED,honduras,2019-01-27,test,True,test,0,1178
27-1-19_16QED_12,27-1-19_16QED,16QED,honduras,2019-01-27,test,True,test,0,169
27-1-19_16QED_13,27-1-19_16QED,16QED,honduras,2019-01-27,test,True,test,0,77
27-1-19_16QED_14,27-1-19_16QED,16QED,honduras,2019-01-27,test,True,test,0,81
27-1-19_16QED_15,27-1-19_16QED,16QED,honduras,2019-01-27,test,True,test,0,303
27-1-19_16QED_16,27-1-19_16QED,16QED,honduras,2019-01-27,test,True,test,0,100
27-1-19_16QED_17,27-1-19_16QED,16QED,honduras,2019-01-27,test,True,test,0,190
27-1-19_16QED_18,27-1-19_16QED,16QED,honduras,2019-01-27,test,True,test,0,173
27-1-19_16QED_2,27-1-19_16QED,16QED,honduras,2019-01-27,test,True,test,0,49
27-1-19_16QED_3,27-1-19_16QED,16QED,honduras,2019-01-27,test,True,test,0,296
27-1-19_16QED_4,27-1-19_16QED,16QED,honduras,2019-01-27,test,True,test,0,21
27-1-19_16QED_5,27-1-19_16QED,16QED,honduras,2019-01-27,test,True,test,0,167
27-1-19_16QED_6,27-1-19_16QED,16QED,honduras,2019-01-27,test,True,test,0,139
27-1-19_16QED_7,27-1-19_16QED,16QED,honduras,2019-01-27,test,True,test,0,990
27-1-19_16QED_8,27-1-19_16QED,16QED,honduras,2019-01-27,test,True,test,0,808
27-1-19_16QED_9,27-1-19_16QED,16QED,honduras,2019-01-27,test,True,test,0,26
28-9-20_16PCC_0,28-9-20_16PCC,16PCC,honduras,2020-09-28,test,True,test,0,18
28-9-20_16PCC_1,28-9-20_16PCC,16PCC,honduras,2020-09-28,test,True,test,0,1
28-9-20_16PCC_10,28-9-20_16PCC,16PCC,honduras,2020-09-28,test,True,test,3,7
28-9-20_16PCC_11,28-9-20_16PCC,16PCC,honduras,2020-09-28,test,True,test,0,113
28-9-20_16PCC_12,28-9-20_16PCC,16PCC,honduras,2020-09-28,test,True,test,0,51
28-9-20_16PCC_13,28-9-20_16PCC,16PCC,honduras,2020-09-28,test,True,test,0,51
28-9-20_16PCC_14,28-9-20_16PCC,16PCC,honduras,2020-09-28,test,True,test,0,159
28-9-20_16PCC_15,28-9-20_16PCC,16PCC,honduras,2020-09-28,test,True,test,0,4
28-9-20_16PCC_2,28-9-20_16PCC,16PCC,honduras,2020-09-28,test,True,test,0,19
28-9-20_16PCC_3,28-9-20_16PCC,16PCC,honduras,2020-09-28,test,True,test,1,114
28-9-20_16PCC_4,28-9-20_16PCC,16PCC,honduras,2020-09-28,test,True,test,11,20
28-9-20_16PCC_5,28-9-20_16PCC,16PCC,honduras,2020-09-28,test,True,test,0,2
28-9-20_16PCC_6,28-9-20_16PCC,16PCC,honduras,2020-09-28,test,True,test,0,22
28-9-20_16PCC_7,28-9-20_16PCC,16PCC,honduras,2020-09-28,test,True,test,0,17
28-9-20_16PCC_8,28-9-20_16PCC,16PCC,honduras,2020-09-28,test,True,test,10,18
28-9-20_16PCC_9,28-9-20_16PCC,16PCC,honduras,2020-09-28,test,True,test,5,14
28-9-20_16PDC_0,28-9-20_16PDC,16PDC,honduras,2020-09-28,val,True,val,0,296
28-9-20_16PDC_1,28-9-20_16PDC,16PDC,honduras,2020-09-28,val,True,val,0,58
28-9-20_16PDC_10,28-9-20_16PDC,16PDC,honduras,2020-09-28,val,True,val,0,15025
28-9-20_16PDC_11,28-9-20_16PDC,16PDC,honduras,2020-09-28,val,True,val,0,68
28-9-20_16PDC_12,28-9-20_16PDC,16PDC,honduras,2020-09-28,val,True,val,0,2875
28-9-20_16PDC_13,28-9-20_16PDC,16PDC,honduras,2020-09-28,val,True,val,0,857
28-9-20_16PDC_14,28-9-20_16PDC,16PDC,honduras,2020-09-28,val,True,val,0,4
28-9-20_16PDC_15,28-9-20_16PDC,16PDC,honduras,2020-09-28,val,True,val,0,677
28-9-20_16PDC_16,28-9-20_16PDC,16PDC,honduras,2020-09-28,val,True,val,0,619
28-9-20_16PDC_17,28-9-20_16PDC,16PDC,honduras,2020-09-28,val,True,val,0,24
28-9-20_16PDC_18,28-9-20_16PDC,16PDC,honduras,2020-09-28,val,True,val,0,23
28-9-20_16PDC_19,28-9-20_16PDC,16PDC,honduras,2020-09-28,val,True,val,0,30
28-9-20_16PDC_2,28-9-20_16PDC,16PDC,honduras,2020-09-28,val,True,val,0,1176
28-9-20_16PDC_20,28-9-20_16PDC,16PDC,honduras,2020-09-28,val,True,val,0,68
28-9-20_16PDC_21,28-9-20_16PDC,16PDC,honduras,2020-09-28,val,True,val,0,12
28-9-20_16PDC_22,28-9-20_16PDC,16PDC,honduras,2020-09-28,val,True,val,0,20
28-9-20_16PDC_23,28-9-20_16PDC,16PDC,honduras,2020-09-28,val,True,val,0,6
28-9-20_16PDC_24,28-9-20_16PDC,16PDC,honduras,2020-09-28,val,True,val,0,7
28-9-20_16PDC_25,28-9-20_16PDC,16PDC,honduras,2020-09-28,val,True,val,0,8
28-9-20_16PDC_26,28-9-20_16PDC,16PDC,honduras,2020-09-28,val,True,val,0,4
28-9-20_16PDC_27,28-9-20_16PDC,16PDC,honduras,2020-09-28,val,True,val,0,177
28-9-20_16PDC_28,28-9-20_16PDC,16PDC,honduras,2020-09-28,val,True,val,0,173
28-9-20_16PDC_29,28-9-20_16PDC,16PDC,honduras,2020-09-28,val,True,val,0,235
28-9-20_16PDC_3,28-9-20_16PDC,16PDC,honduras,2020-09-28,val,True,val,0,877
28-9-20_16PDC_4,28-9-20_16PDC,16PDC,honduras,2020-09-28,val,True,val,0,6038
28-9-20_16PDC_5,28-9-20_16PDC,16PDC,honduras,2020-09-28,val,True,val,0,11806
28-9-20_16PDC_6,28-9-20_16PDC,16PDC,honduras,2020-09-28,val,True,val,0,90
28-9-20_16PDC_7,28-9-20_16PDC,16PDC,honduras,2020-09-28,val,True,val,0,71
28-9-20_16PDC_8,28-9-20_16PDC,16PDC,honduras,2020-09-28,val,True,val,0,67
28-9-20_16PDC_9,28-9-20_16PDC,16PDC,honduras,2020-09-28,val,True,val,0,13157
29-11-15_16PEC_0,29-11-15_16PEC,16PEC,honduras,2015-11-29,train,False,none,2,3
29-11-15_16PEC_1,29-11-15_16PEC,16PEC,honduras,2015-11-29,train,False,none,0,23
29-11-15_16PEC_2,29-11-15_16PEC,16PEC,honduras,2015-11-29,train,False,none,1,2
29-11-15_16PEC_3,29-11-15_16PEC,16PEC,honduras,2015-11-29,train,False,none,21,30
29-11-15_16PEC_4,29-11-15_16PEC,16PEC,honduras,2015-11-29,train,False,none,5,22
29-11-15_16PEC_5,29-11-15_16PEC,16PEC,honduras,2015-11-29,train,False,none,0,28
29-11-15_16PEC_6,29-11-15_16PEC,16PEC,honduras,2015-11-29,train,False,none,6,8
29-11-15_16PEC_7,29-11-15_16PEC,16PEC,honduras,2015-11-29,train,False,none,1,2
29-11-15_16PEC_8,29-11-15_16PEC,16PEC,honduras,2015-11-29,train,False,none,3,4
29-11-20_18QYF_0,29-11-20_18QYF,18QYF,hispaniola,2020-11-29,train,True,train,25,59
29-11-20_18QYF_1,29-11-20_18QYF,18QYF,hispaniola,2020-11-29,train,True,train,2,7
29-11-20_18QYF_2,29-11-20_18QYF,18QYF,hispaniola,2020-11-29,train,True,train,10,18
29-11-20_18QYF_3,29-11-20_18QYF,18QYF,hispaniola,2020-11-29,train,True,train,3,6
29-11-20_18QYF_4,29-11-20_18QYF,18QYF,hispaniola,2020-11-29,train,True,train,0,43
29-11-20_18QYF_5,29-11-20_18QYF,18QYF,hispaniola,2020-11-29,train,True,train,7,17
29-11-20_18QYF_6,29-11-20_18QYF,18QYF,hispaniola,2020-11-29,train,True,train,4,6
29-11-20_18QYF_7,29-11-20_18QYF,18QYF,hispaniola,2020-11-29,train,True,train,0,1
29-12-20_18QYF_0,29-12-20_18QYF,18QYF,hispaniola,2020-12-29,val,True,val,0,1
29-12-20_18QYF_1,29-12-20_18QYF,18QYF,hispaniola,2020-12-29,val,True,val,31,537
29-12-20_18QYF_10,29-12-20_18QYF,18QYF,hispaniola,2020-12-29,val,True,val,0,1
29-12-20_18QYF_11,29-12-20_18QYF,18QYF,hispaniola,2020-12-29,val,True,val,12,229
29-12-20_18QYF_12,29-12-20_18QYF,18QYF,hispaniola,2020-12-29,val,True,val,0,588
29-12-20_18QYF_2,29-12-20_18QYF,18QYF,hispaniola,2020-12-29,val,True,val,0,1
29-12-20_18QYF_3,29-12-20_18QYF,18QYF,hispaniola,2020-12-29,val,True,val,85,467
29-12-20_18QYF_4,29-12-20_18QYF,18QYF,hispaniola,2020-12-29,val,True,val,28,32
29-12-20_18QYF_5,29-12-20_18QYF,18QYF,hispaniola,2020-12-29,val,True,val,12,14
29-12-20_18QYF_6,29-12-20_18QYF,18QYF,hispaniola,2020-12-29,val,True,val,3,4
29-12-20_18QYF_7,29-12-20_18QYF,18QYF,hispaniola,2020-12-29,val,True,val,20,26
29-12-20_18QYF_8,29-12-20_18QYF,18QYF,hispaniola,2020-12-29,val,True,val,43,53
29-12-20_18QYF_9,29-12-20_18QYF,18QYF,hispaniola,2020-12-29,val,True,val,11,12
29-8-17_51RVQ_0,29-8-17_51RVQ,51RVQ,east_asia,2017-08-29,val,True,val,0,42
29-8-17_51RVQ_1,29-8-17_51RVQ,51RVQ,east_asia,2017-08-29,val,True,val,0,111
29-8-17_51RVQ_2,29-8-17_51RVQ,51RVQ,east_asia,2017-08-29,val,True,val,0,289
29-8-17_51RVQ_3,29-8-17_51RVQ,51RVQ,east_asia,2017-08-29,val,True,val,0,84
29-8-17_51RVQ_4,29-8-17_51RVQ,51RVQ,east_asia,2017-08-29,val,True,val,17,17
29-8-17_51RVQ_5,29-8-17_51RVQ,51RVQ,east_asia,2017-08-29,val,True,val,0,1
29-8-17_51RVQ_6,29-8-17_51RVQ,51RVQ,east_asia,2017-08-29,val,True,val,0,36
3-1-21_18QYF_0,3-1-21_18QYF,18QYF,hispaniola,2021-01-03,train,True,train,23,28
3-1-21_18QYF_1,3-1-21_18QYF,18QYF,hispaniola,2021-01-03,train,True,train,72,99
3-1-21_18QYF_2,3-1-21_18QYF,18QYF,hispaniola,2021-01-03,train,True,train,12,42
3-1-21_18QYF_3,3-1-21_18QYF,18QYF,hispaniola,2021-01-03,train,True,train,0,25
3-1-21_18QYF_4,3-1-21_18QYF,18QYF,hispaniola,2021-01-03,train,True,train,0,360
3-11-16_16PDC_0,3-11-16_16PDC,16PDC,honduras,2016-11-03,test,False,none,0,124
3-11-16_16PDC_1,3-11-16_16PDC,16PDC,honduras,2016-11-03,test,False,none,0,132
3-11-16_16PDC_10,3-11-16_16PDC,16PDC,honduras,2016-11-03,test,False,none,2,21
3-11-16_16PDC_11,3-11-16_16PDC,16PDC,honduras,2016-11-03,test,False,none,0,20
3-11-16_16PDC_12,3-11-16_16PDC,16PDC,honduras,2016-11-03,test,False,none,0,1
3-11-16_16PDC_13,3-11-16_16PDC,16PDC,honduras,2016-11-03,test,False,none,1,1
3-11-16_16PDC_14,3-11-16_16PDC,16PDC,honduras,2016-11-03,test,False,none,2,10
3-11-16_16PDC_15,3-11-16_16PDC,16PDC,honduras,2016-11-03,test,False,none,1,9
3-11-16_16PDC_16,3-11-16_16PDC,16PDC,honduras,2016-11-03,test,False,none,0,1
3-11-16_16PDC_17,3-11-16_16PDC,16PDC,honduras,2016-11-03,test,False,none,0,22
3-11-16_16PDC_18,3-11-16_16PDC,16PDC,honduras,2016-11-03,test,False,none,0,816
3-11-16_16PDC_19,3-11-16_16PDC,16PDC,honduras,2016-11-03,test,False,none,0,325
3-11-16_16PDC_2,3-11-16_16PDC,16PDC,honduras,2016-11-03,test,False,none,11,18
3-11-16_16PDC_20,3-11-16_16PDC,16PDC,honduras,2016-11-03,test,False,none,0,297
3-11-16_16PDC_21,3-11-16_16PDC,16PDC,honduras,2016-11-03,test,False,none,0,1
3-11-16_16PDC_22,3-11-16_16PDC,16PDC,honduras,2016-11-03,test,False,none,0,63
3-11-16_16PDC_23,3-11-16_16PDC,16PDC,honduras,2016-11-03,test,False,none,4,13
3-11-16_16PDC_24,3-11-16_16PDC,16PDC,honduras,2016-11-03,test,False,none,8,10
3-11-16_16PDC_25,3-11-16_16PDC,16PDC,honduras,2016-11-03,test,False,none,2,5
3-11-16_16PDC_26,3-11-16_16PDC,16PDC,honduras,2016-11-03,test,False,none,0,1
3-11-16_16PDC_27,3-11-16_16PDC,16PDC,honduras,2016-11-03,test,False,none,5,355
3-11-16_16PDC_28,3-11-16_16PDC,16PDC,honduras,2016-11-03,test,False,none,0,21
3-11-16_16PDC_29,3-11-16_16PDC,16PDC,honduras,2016-11-03,test,False,none,0,343
3-11-16_16PDC_3,3-11-16_16PDC,16PDC,honduras,2016-11-03,test,False,none,0,39
3-11-16_16PDC_30,3-11-16_16PDC,16PDC,honduras,2016-11-03,test,False,none,2,3
3-11-16_16PDC_31,3-11-16_16PDC,16PDC,honduras,2016-11-03,test,False,none,2,921
3-11-16_16PDC_32,3-11-16_16PDC,16PDC,honduras,2016-11-03,test,False,none,0,61
3-11-16_16PDC_33,3-11-16_16PDC,16PDC,honduras,2016-11-03,test,False,none,6,11
3-11-16_16PDC_34,3-11-16_16PDC,16PDC,honduras,2016-11-03,test,False,none,0,60
3-11-16_16PDC_35,3-11-16_16PDC,16PDC,honduras,2016-11-03,test,False,none,0,504
3-11-16_16PDC_36,3-11-16_16PDC,16PDC,honduras,2016-11-03,test,False,none,0,34
3-11-16_16PDC_37,3-11-16_16PDC,16PDC,honduras,2016-11-03,test,False,none,0,22
3-11-16_16PDC_38,3-11-16_16PDC,16PDC,honduras,2016-11-03,test,False,none,0,1013
3-11-16_16PDC_39,3-11-16_16PDC,16PDC,honduras,2016-11-03,test,False,none,0,122
3-11-16_16PDC_4,3-11-16_16PDC,16PDC,honduras,2016-11-03,test,False,none,8,297
3-11-16_16PDC_40,3-11-16_16PDC,16PDC,honduras,2016-11-03,test,False,none,0,109
3-11-16_16PDC_41,3-11-16_16PDC,16PDC,honduras,2016-11-03,test,False,none,0,265
3-11-16_16PDC_42,3-11-16_16PDC,16PDC,honduras,2016-11-03,test,False,none,0,10
3-11-16_16PDC_43,3-11-16_16PDC,16PDC,honduras,2016-11-03,test,False,none,0,103
3-11-16_16PDC_44,3-11-16_16PDC,16PDC,honduras,2016-11-03,test,False,none,0,1066
3-11-16_16PDC_5,3-11-16_16PDC,16PDC,honduras,2016-11-03,test,False,none,0,467
3-11-16_16PDC_6,3-11-16_16PDC,16PDC,honduras,2016-11-03,test,False,none,0,58
3-11-16_16PDC_7,3-11-16_16PDC,16PDC,honduras,2016-11-03,test,False,none,0,6617
3-11-16_16PDC_8,3-11-16_16PDC,16PDC,honduras,2016-11-03,test,False,none,0,25
3-11-16_16PDC_9,3-11-16_16PDC,16PDC,honduras,2016-11-03,test,False,none,0,166
3-11-18_16PDC_0,3-11-18_16PDC,16PDC,honduras,2018-11-03,train,True,train,3,9
3-11-18_16PDC_1,3-11-18_16PDC,16PDC,honduras,2018-11-03,train,True,train,0,910
3-11-18_16PDC_10,3-11-18_16PDC,16PDC,honduras,2018-11-03,train,True,train,0,475
3-11-18_16PDC_11,3-11-18_16PDC,16PDC,honduras,2018-11-03,train,True,train,0,1588
3-11-18_16PDC_12,3-11-18_16PDC,16PDC,honduras,2018-11-03,train,True,train,0,39
3-11-18_16PDC_13,3-11-18_16PDC,16PDC,honduras,2018-11-03,train,True,train,0,208
3-11-18_16PDC_14,3-11-18_16PDC,16PDC,honduras,2018-11-03,train,True,train,0,18
3-11-18_16PDC_15,3-11-18_16PDC,16PDC,honduras,2018-11-03,train,True,train,0,173
3-11-18_16PDC_16,3-11-18_16PDC,16PDC,honduras,2018-11-03,train,True,train,0,559
3-11-18_16PDC_17,3-11-18_16PDC,16PDC,honduras,2018-11-03,train,True,train,0,324
3-11-18_16PDC_18,3-11-18_16PDC,16PDC,honduras,2018-11-03,train,True,train,0,332
3-11-18_16PDC_19,3-11-18_16PDC,16PDC,honduras,2018-11-03,train,True,train,0,544
3-11-18_16PDC_2,3-11-18_16PDC,16PDC,honduras,2018-11-03,train,True,train,4,24
3-11-18_16PDC_20,3-11-18_16PDC,16PDC,honduras,2018-11-03,train,True,train,0,23
3-11-18_16PDC_21,3-11-18_16PDC,16PDC,honduras,2018-11-03,train,True,train,0,8
3-11-18_16PDC_22,3-11-18_16PDC,16PDC,honduras,2018-11-03,train,True,train,0,717
3-11-18_16PDC_23,3-11-18_16PDC,16PDC,honduras,2018-11-03,train,True,train,0,319
3-11-18_16PDC_24,3-11-18_16PDC,16PDC,honduras,2018-11-03,train,True,train,0,8
3-11-18_16PDC_25,3-11-18_16PDC,16PDC,honduras,2018-11-03,train,True,train,0,158
3-11-18_16PDC_26,3-11-18_16PDC,16PDC,honduras,2018-11-03,train,True,train,0,12
3-11-18_16PDC_27,3-11-18_16PDC,16PDC,honduras,2018-11-03,train,True,train,0,47
3-11-18_16PDC_28,3-11-18_16PDC,16PDC,honduras,2018-11-03,train,True,train,0,1249
3-11-18_16PDC_3,3-11-18_16PDC,16PDC,honduras,2018-11-03,train,True,train,0,1
3-11-18_16PDC_4,3-11-18_16PDC,16PDC,honduras,2018-11-03,train,True,train,5,16
3-11-18_16PDC_5,3-11-18_16PDC,16PDC,honduras,2018-11-03,train,True,train,0,286
3-11-18_16PDC_6,3-11-18_16PDC,16PDC,honduras,2018-11-03,train,True,train,3,5
3-11-18_16PDC_7,3-11-18_16PDC,16PDC,honduras,2018-11-03,train,True,train,7,18
3-11-18_16PDC_8,3-11-18_16PDC,16PDC,honduras,2018-11-03,train,True,train,0,21
3-11-18_16PDC_9,3-11-18_16PDC,16PDC,honduras,2018-11-03,train,True,train,4,20
30-8-17_16PCC_0,30-8-17_16PCC,16PCC,honduras,2017-08-30,train,True,train,0,47
30-8-17_16PCC_1,30-8-17_16PCC,16PCC,honduras,2017-08-30,train,True,train,0,102
30-8-17_16PCC_10,30-8-17_16PCC,16PCC,honduras,2017-08-30,train,True,train,0,1904
30-8-17_16PCC_11,30-8-17_16PCC,16PCC,honduras,2017-08-30,train,True,train,0,118
30-8-17_16PCC_12,30-8-17_16PCC,16PCC,honduras,2017-08-30,train,True,train,0,108
30-8-17_16PCC_13,30-8-17_16PCC,16PCC,honduras,2017-08-30,train,True,train,3,6
30-8-17_16PCC_14,30-8-17_16PCC,16PCC,honduras,2017-08-30,train,True,train,0,28
30-8-17_16PCC_15,30-8-17_16PCC,16PCC,honduras,2017-08-30,train,True,train,4,8
30-8-17_16PCC_16,30-8-17_16PCC,16PCC,honduras,2017-08-30,train,True,train,0,30
30-8-17_16PCC_17,30-8-17_16PCC,16PCC,honduras,2017-08-30,train,True,train,0,20
30-8-17_16PCC_18,30-8-17_16PCC,16PCC,honduras,2017-08-30,train,True,train,0,52
30-8-17_16PCC_19,30-8-17_16PCC,16PCC,honduras,2017-08-30,train,True,train,1,2
30-8-17_16PCC_2,30-8-17_16PCC,16PCC,honduras,2017-08-30,train,True,train,0,13
30-8-17_16PCC_20,30-8-17_16PCC,16PCC,honduras,2017-08-30,train,True,train,0,20
30-8-17_16PCC_21,30-8-17_16PCC,16PCC,honduras,2017-08-30,train,True,train,0,347
30-8-17_16PCC_22,30-8-17_16PCC,16PCC,honduras,2017-08-30,train,True,train,0,3
30-8-17_16PCC_3,30-8-17_16PCC,16PCC,honduras,2017-08-30,train,True,train,0,549
30-8-17_16PCC_4,30-8-17_16PCC,16PCC,honduras,2017-08-30,train,True,train,0,44
30-8-17_16PCC_5,30-8-17_16PCC,16PCC,honduras,2017-08-30,train,True,train,0,78
30-8-17_16PCC_6,30-8-17_16PCC,16PCC,honduras,2017-08-30,train,True,train,0,8094
30-8-17_16PCC_7,30-8-17_16PCC,16PCC,honduras,2017-08-30,train,True,train,0,3668
30-8-17_16PCC_8,30-8-17_16PCC,16PCC,honduras,2017-08-30,train,True,train,0,57
30-8-17_16PCC_9,30-8-17_16PCC,16PCC,honduras,2017-08-30,train,True,train,0,1
30-8-18_16PCC_0,30-8-18_16PCC,16PCC,honduras,2018-08-30,test,True,test,0,19
30-8-18_16PCC_1,30-8-18_16PCC,16PCC,honduras,2018-08-30,test,True,test,4,4
30-8-18_16PCC_10,30-8-18_16PCC,16PCC,honduras,2018-08-30,test,True,test,0,239
30-8-18_16PCC_11,30-8-18_16PCC,16PCC,honduras,2018-08-30,test,True,test,0,30
30-8-18_16PCC_12,30-8-18_16PCC,16PCC,honduras,2018-08-30,test,True,test,0,1
30-8-18_16PCC_13,30-8-18_16PCC,16PCC,honduras,2018-08-30,test,True,test,2,4
30-8-18_16PCC_14,30-8-18_16PCC,16PCC,honduras,2018-08-30,test,True,test,0,1
30-8-18_16PCC_15,30-8-18_16PCC,16PCC,honduras,2018-08-30,test,True,test,2,28
30-8-18_16PCC_16,30-8-18_16PCC,16PCC,honduras,2018-08-30,test,True,test,0,40
30-8-18_16PCC_17,30-8-18_16PCC,16PCC,honduras,2018-08-30,test,True,test,0,340
30-8-18_16PCC_18,30-8-18_16PCC,16PCC,honduras,2018-08-30,test,True,test,0,73
30-8-18_16PCC_19,30-8-18_16PCC,16PCC,honduras,2018-08-30,test,True,test,0,44
30-8-18_16PCC_2,30-8-18_16PCC,16PCC,honduras,2018-08-30,test,True,test,0,217
30-8-18_16PCC_20,30-8-18_16PCC,16PCC,honduras,2018-08-30,test,True,test,0,1
30-8-18_16PCC_21,30-8-18_16PCC,16PCC,honduras,2018-08-30,test,True,test,3,30
30-8-18_16PCC_22,30-8-18_16PCC,16PCC,honduras,2018-08-30,test,True,test,0,394
30-8-18_16PCC_23,30-8-18_16PCC,16PCC,honduras,2018-08-30,test,True,test,0,237
30-8-18_16PCC_24,30-8-18_16PCC,16PCC,honduras,2018-08-30,test,True,test,0,517
30-8-18_16PCC_25,30-8-18_16PCC,16PCC,honduras,2018-08-30,test,True,test,0,31
30-8-18_16PCC_26,30-8-18_16PCC,16PCC,honduras,2018-08-30,test,True,test,0,428
30-8-18_16PCC_27,30-8-18_16PCC,16PCC,honduras,2018-08-30,test,True,test,0,87
30-8-18_16PCC_28,30-8-18_16PCC,16PCC,honduras,2018-08-30,test,True,test,0,2088
30-8-18_16PCC_29,30-8-18_16PCC,16PCC,honduras,2018-08-30,test,True,test,0,702
30-8-18_16PCC_3,30-8-18_16PCC,16PCC,honduras,2018-08-30,test,True,test,0,47
30-8-18_16PCC_30,30-8-18_16PCC,16PCC,honduras,2018-08-30,test,True,test,0,580
30-8-18_16PCC_31,30-8-18_16PCC,16PCC,honduras,2018-08-30,test,True,test,0,112
30-8-18_16PCC_32,30-8-18_16PCC,16PCC,honduras,2018-08-30,test,True,test,0,2
30-8-18_16PCC_33,30-8-18_16PCC,16PCC,honduras,2018-08-30,test,True,test,0,268
30-8-18_16PCC_34,30-8-18_16PCC,16PCC,honduras,2018-08-30,test,True,test,0,186
30-8-18_16PCC_35,30-8-18_16PCC,16PCC,honduras,2018-08-30,test,True,test,4,1017
30-8-18_16PCC_36,30-8-18_16PCC,16PCC,honduras,2018-08-30,test,True,test,0,33
30-8-18_16PCC_37,30-8-18_16PCC,16PCC,honduras,2018-08-30,test,True,test,1,1
30-8-18_16PCC_38,30-8-18_16PCC,16PCC,honduras,2018-08-30,test,True,test,0,461
30-8-18_16PCC_39,30-8-18_16PCC,16PCC,honduras,2018-08-30,test,True,test,0,16
30-8-18_16PCC_4,30-8-18_16PCC,16PCC,honduras,2018-08-30,test,True,test,0,1
30-8-18_16PCC_40,30-8-18_16PCC,16PCC,honduras,2018-08-30,test,True,test,4,4
30-8-18_16PCC_41,30-8-18_16PCC,16PCC,honduras,2018-08-30,test,True,test,0,36
30-8-18_16PCC_42,30-8-18_16PCC,16PCC,honduras,2018-08-30,test,True,test,1,1
30-8-18_16PCC_43,30-8-18_16PCC,16PCC,honduras,2018-08-30,test,True,test,0,63
30-8-18_16PCC_44,30-8-18_16PCC,16PCC,honduras,2018-08-30,test,True,test,1,31
30-8-18_16PCC_45,30-8-18_16PCC,16PCC,honduras,2018-08-30,test,True,test,2,18
30-8-18_16PCC_5,30-8-18_16PCC,16PCC,honduras,2018-08-30,test,True,test,7,7
30-8-18_16PCC_6,30-8-18_16PCC,16PCC,honduras,2018-08-30,test,True,test,2,3
30-8-18_16PCC_7,30-8-18_16PCC,16PCC,honduras,2018-08-30,test,True,test,2,2
30-8-18_16PCC_8,30-8-18_16PCC,16PCC,honduras,2018-08-30,test,True,test,4,5
30-8-18_16PCC_9,30-8-18_16PCC,16PCC,honduras,2018-08-30,test,True,test,0,109
4-12-20_18QYF_0,4-12-20_18QYF,18QYF,hispaniola,2020-12-04,train,True,train,0,2268
4-12-20_18QYF_1,4-12-20_18QYF,18QYF,hispaniola,2020-12-04,train,True,train,0,119
4-12-20_18QYF_2,4-12-20_18QYF,18QYF,hispaniola,2020-12-04,train,True,train,0,181
4-12-20_18QYF_3,4-12-20_18QYF,18QYF,hispaniola,2020-12-04,train,True,train,5,6
4-12-20_18QYF_4,4-12-20_18QYF,18QYF,hispaniola,2020-12-04,train,True,train,0,200
4-12-20_18QYF_5,4-12-20_18QYF,18QYF,hispaniola,2020-12-04,train,True,train,4,5
4-12-20_18QYF_6,4-12-20_18QYF,18QYF,hispaniola,2020-12-04,train,True,train,2,3
4-12-20_18QYF_7,4-12-20_18QYF,18QYF,hispaniola,2020-12-04,train,True,train,2,3
4-12-20_18QYF_8,4-12-20_18QYF,18QYF,hispaniola,2020-12-04,train,True,train,27,28
4-3-18_50LLR_0,4-3-18_50LLR,50LLR,indonesia,2018-03-04,test,True,test,1,2
4-3-18_50LLR_1,4-3-18_50LLR,50LLR,indonesia,2018-03-04,test,True,test,0,18
4-3-18_50LLR_10,4-3-18_50LLR,50LLR,indonesia,2018-03-04,test,True,test,7,9
4-3-18_50LLR_11,4-3-18_50LLR,50LLR,indonesia,2018-03-04,test,True,test,0,173
4-3-18_50LLR_12,4-3-18_50LLR,50LLR,indonesia,2018-03-04,test,True,test,0,75
4-3-18_50LLR_13,4-3-18_50LLR,50LLR,indonesia,2018-03-04,test,True,test,0,195
4-3-18_50LLR_14,4-3-18_50LLR,50LLR,indonesia,2018-03-04,test,True,test,0,239
4-3-18_50LLR_15,4-3-18_50LLR,50LLR,indonesia,2018-03-04,test,True,test,0,223
4-3-18_50LLR_16,4-3-18_50LLR,50LLR,indonesia,2018-03-04,test,True,test,0,3
4-3-18_50LLR_17,4-3-18_50LLR,50LLR,indonesia,2018-03-04,test,True,test,0,14
4-3-18_50LLR_18,4-3-18_50LLR,50LLR,indonesia,2018-03-04,test,True,test,0,136
4-3-18_50LLR_19,4-3-18_50LLR,50LLR,indonesia,2018-03-04,test,True,test,0,45
4-3-18_50LLR_2,4-3-18_50LLR,50LLR,indonesia,2018-03-04,test,True,test,1,3
4-3-18_50LLR_20,4-3-18_50LLR,50LLR,indonesia,2018-03-04,test,True,test,0,63
4-3-18_50LLR_21,4-3-18_50LLR,50LLR,indonesia,2018-03-04,test,True,test,5,6
4-3-18_50LLR_22,4-3-18_50LLR,50LLR,indonesia,2018-03-04,test,True,test,3,4
4-3-18_50LLR_23,4-3-18_50LLR,50LLR,indonesia,2018-03-04,test,True,test,0,240
4-3-18_50LLR_24,4-3-18_50LLR,50LLR,indonesia,2018-03-04,test,True,test,0,189
4-3-18_50LLR_25,4-3-18_50LLR,50LLR,indonesia,2018-03-04,test,True,test,1,2
4-3-18_50LLR_3,4-3-18_50LLR,50LLR,indonesia,2018-03-04,test,True,test,1,2
4-3-18_50LLR_4,4-3-18_50LLR,50LLR,indonesia,2018-03-04,test,True,test,3,51
4-3-18_50LLR_5,4-3-18_50LLR,50LLR,indonesia,2018-03-04,test,True,test,4,7
4-3-18_50LLR_6,4-3-18_50LLR,50LLR,indonesia,2018-03-04,test,True,test,0,16
4-3-18_50LLR_7,4-3-18_50LLR,50LLR,indonesia,2018-03-04,test,True,test,14,133
4-3-18_50LLR_8,4-3-18_50LLR,50LLR,indonesia,2018-03-04,test,True,test,0,85
4-3-18_50LLR_9,4-3-18_50LLR,50LLR,indonesia,2018-03-04,test,True,test,1,2
4-9-16_16PCC_0,4-9-16_16PCC,16PCC,honduras,2016-09-04,train,False,none,0,620
4-9-16_16PCC_1,4-9-16_16PCC,16PCC,honduras,2016-09-04,train,False,none,2,10
4-9-16_16PCC_10,4-9-16_16PCC,16PCC,honduras,2016-09-04,train,False,none,0,2793
4-9-16_16PCC_11,4-9-16_16PCC,16PCC,honduras,2016-09-04,train,False,none,0,624
4-9-16_16PCC_12,4-9-16_16PCC,16PCC,honduras,2016-09-04,train,False,none,0,32673
4-9-16_16PCC_13,4-9-16_16PCC,16PCC,honduras,2016-09-04,train,False,none,0,95
4-9-16_16PCC_14,4-9-16_16PCC,16PCC,honduras,2016-09-04,train,False,none,7,9
4-9-16_16PCC_15,4-9-16_16PCC,16PCC,honduras,2016-09-04,train,False,none,0,2277
4-9-16_16PCC_16,4-9-16_16PCC,16PCC,honduras,2016-09-04,train,False,none,0,1160
4-9-16_16PCC_17,4-9-16_16PCC,16PCC,honduras,2016-09-04,train,False,none,0,1420
4-9-16_16PCC_18,4-9-16_16PCC,16PCC,honduras,2016-09-04,train,False,none,0,2292
4-9-16_16PCC_19,4-9-16_16PCC,16PCC,honduras,2016-09-04,train,False,none,0,55
4-9-16_16PCC_2,4-9-16_16PCC,16PCC,honduras,2016-09-04,train,False,none,0,64
4-9-16_16PCC_20,4-9-16_16PCC,16PCC,honduras,2016-09-04,train,False,none,153,327
4-9-16_16PCC_21,4-9-16_16PCC,16PCC,honduras,2016-09-04,train,False,none,0,2595
4-9-16_16PCC_22,4-9-16_16PCC,16PCC,honduras,2016-09-04,train,False,none,0,16578
4-9-16_16PCC_23,4-9-16_16PCC,16PCC,honduras,2016-09-04,train,False,none,72,394
4-9-16_16PCC_24,4-9-16_16PCC,16PCC,honduras,2016-09-04,train,False,none,143,303
4-9-16_16PCC_25,4-9-16_16PCC,16PCC,honduras,2016-09-04,train,False,none,62,130
4-9-16_16PCC_26,4-9-16_16PCC,16PCC,honduras,2016-09-04,train,False,none,0,243
4-9-16_16PCC_27,4-9-16_16PCC,16PCC,honduras,2016-09-04,train,False,none,0,1906
4-9-16_16PCC_28,4-9-16_16PCC,16PCC,honduras,2016-09-04,train,False,none,0,333
4-9-16_16PCC_29,4-9-16_16PCC,16PCC,honduras,2016-09-04,train,False,none,41,156
4-9-16_16PCC_3,4-9-16_16PCC,16PCC,honduras,2016-09-04,train,False,none,0,34
4-9-16_16PCC_30,4-9-16_16PCC,16PCC,honduras,2016-09-04,train,False,none,31,54
4-9-16_16PCC_31,4-9-16_16PCC,16PCC,honduras,2016-09-04,train,False,none,0,577
4-9-16_16PCC_32,4-9-16_16PCC,16PCC,honduras,2016-09-04,train,False,none,0,261
4-9-16_16PCC_33,4-9-16_16PCC,16PCC,honduras,2016-09-04,train,False,none,14,16
4-9-16_16PCC_34,4-9-16_16PCC,16PCC,honduras,2016-09-04,train,False,none,0,2
4-9-16_16PCC_35,4-9-16_16PCC,16PCC,honduras,2016-09-04,train,False,none,0,38
4-9-16_16PCC_36,4-9-16_16PCC,16PCC,honduras,2016-09-04,train,False,none,0,196
4-9-16_16PCC_37,4-9-16_16PCC,16PCC,honduras,2016-09-04,train,False,none,0,74
4-9-16_16PCC_38,4-9-16_16PCC,16PCC,honduras,2016-09-04,train,False,none,0,31
4-9-16_16PCC_39,4-9-16_16PCC,16PCC,honduras,2016-09-04,train,False,none,32,49
4-9-16_16PCC_4,4-9-16_16PCC,16PCC,honduras,2016-09-04,train,False,none,0,1540
4-9-16_16PCC_40,4-9-16_16PCC,16PCC,honduras,2016-09-04,train,False,none,0,65
4-9-16_16PCC_41,4-9-16_16PCC,16PCC,honduras,2016-09-04,train,False,none,9,12
4-9-16_16PCC_42,4-9-16_16PCC,16PCC,honduras,2016-09-04,train,False,none,15,15
4-9-16_16PCC_43,4-9-16_16PCC,16PCC,honduras,2016-09-04,train,False,none,3,32
4-9-16_16PCC_44,4-9-16_16PCC,16PCC,honduras,2016-09-04,train,False,none,0,1296
4-9-16_16PCC_45,4-9-16_16PCC,16PCC,honduras,2016-09-04,train,False,none,20,66
4-9-16_16PCC_46,4-9-16_16PCC,16PCC,honduras,2016-09-04,train,False,none,0,49
4-9-16_16PCC_47,4-9-16_16PCC,16PCC,honduras,2016-09-04,train,False,none,0,666
4-9-16_16PCC_5,4-9-16_16PCC,16PCC,honduras,2016-09-04,train,False,none,0,191
4-9-16_16PCC_6,4-9-16_16PCC,16PCC,honduras,2016-09-04,train,False,none,3,3
4-9-16_16PCC_7,4-9-16_16PCC,16PCC,honduras,2016-09-04,train,False,none,0,78
4-9-16_16PCC_8,4-9-16_16PCC,16PCC,honduras,2016-09-04,train,False,none,0,78
4-9-16_16PCC_9,4-9-16_16PCC,16PCC,honduras,2016-09-04,train,False,none,0,20
4-9-19_16PCC_0,4-9-19_16PCC,16PCC,honduras,2019-09-04,train,True,train,0,1776
4-9-19_16PCC_1,4-9-19_16PCC,16PCC,honduras,2019-09-04,train,True,train,0,621
4-9-19_16PCC_10,4-9-19_16PCC,16PCC,honduras,2019-09-04,train,True,train,0,5470
4-9-19_16PCC_11,4-9-19_16PCC,16PCC,honduras,2019-09-04,train,True,train,0,1752
4-9-19_16PCC_12,4-9-19_16PCC,16PCC,honduras,2019-09-04,train,True,train,0,261
4-9-19_16PCC_13,4-9-19_16PCC,16PCC,honduras,2019-09-04,train,True,train,0,3
4-9-19_16PCC_14,4-9-19_16PCC,16PCC,honduras,2019-09-04,train,True,train,0,115
4-9-19_16PCC_15,4-9-19_16PCC,16PCC,honduras,2019-09-04,train,True,train,0,312
4-9-19_16PCC_16,4-9-19_16PCC,16PCC,honduras,2019-09-04,train,True,train,5,13
4-9-19_16PCC_17,4-9-19_16PCC,16PCC,honduras,2019-09-04,train,True,train,1,13
4-9-19_16PCC_18,4-9-19_16PCC,16PCC,honduras,2019-09-04,train,True,train,1,16
4-9-19_16PCC_19,4-9-19_16PCC,16PCC,honduras,2019-09-04,train,True,train,0,10
4-9-19_16PCC_2,4-9-19_16PCC,16PCC,honduras,2019-09-04,train,True,train,0,242
4-9-19_16PCC_20,4-9-19_16PCC,16PCC,honduras,2019-09-04,train,True,train,0,226
4-9-19_16PCC_21,4-9-19_16PCC,16PCC,honduras,2019-09-04,train,True,train,0,57
4-9-19_16PCC_22,4-9-19_16PCC,16PCC,honduras,2019-09-04,train,True,train,0,52
4-9-19_16PCC_23,4-9-19_16PCC,16PCC,honduras,2019-09-04,train,True,train,0,651
4-9-19_16PCC_24,4-9-19_16PCC,16PCC,honduras,2019-09-04,train,True,train,0,231
4-9-19_16PCC_25,4-9-19_16PCC,16PCC,honduras,2019-09-04,train,True,train,0,79
4-9-19_16PCC_26,4-9-19_16PCC,16PCC,honduras,2019-09-04,train,True,train,0,2109
4-9-19_16PCC_27,4-9-19_16PCC,16PCC,honduras,2019-09-04,train,True,train,0,8
4-9-19_16PCC_28,4-9-19_16PCC,16PCC,honduras,2019-09-04,train,True,train,0,626
4-9-19_16PCC_29,4-9-19_16PCC,16PCC,honduras,2019-09-04,train,True,train,0,463
4-9-19_16PCC_3,4-9-19_16PCC,16PCC,honduras,2019-09-04,train,True,train,0,471
4-9-19_16PCC_30,4-9-19_16PCC,16PCC,honduras,2019-09-04,train,True,train,0,37
4-9-19_16PCC_31,4-9-19_16PCC,16PCC,honduras,2019-09-04,train,True,train,0,5
4-9-19_16PCC_32,4-9-19_16PCC,16PCC,honduras,2019-09-04,train,True,train,0,18
4-9-19_16PCC_4,4-9-19_16PCC,16PCC,honduras,2019-09-04,train,True,train,0,508
4-9-19_16PCC_5,4-9-19_16PCC,16PCC,honduras,2019-09-04,train,True,train,0,4483
4-9-19_16PCC_6,4-9-19_16PCC,16PCC,honduras,2019-09-04,train,True,train,0,4605
4-9-19_16PCC_7,4-9-19_16PCC,16PCC,honduras,2019-09-04,train,True,train,0,22
4-9-19_16PCC_8,4-9-19_16PCC,16PCC,honduras,2019-09-04,train,True,train,0,1083
4-9-19_16PCC_9,4-9-19_16PCC,16PCC,honduras,2019-09-04,train,True,train,0,2418
6-12-17_48MYU_0,6-12-17_48MYU,48MYU,indonesia,2017-12-06,train,True,train,0,98
6-12-17_48MYU_1,6-12-17_48MYU,48MYU,indonesia,2017-12-06,train,True,train,13,105
6-12-18_48MXU_0,6-12-18_48MXU,48MXU,indonesia,2018-12-06,train,True,train,87,89
6-12-18_48MXU_1,6-12-18_48MXU,48MXU,indonesia,2018-12-06,train,True,train,1,22
6-12-18_48MXU_10,6-12-18_48MXU,48MXU,indonesia,2018-12-06,train,True,train,0,349
6-12-18_48MXU_11,6-12-18_48MXU,48MXU,indonesia,2018-12-06,train,True,train,10,19
6-12-18_48MXU_12,6-12-18_48MXU,48MXU,indonesia,2018-12-06,train,True,train,8,17
6-12-18_48MXU_13,6-12-18_48MXU,48MXU,indonesia,2018-12-06,train,True,train,6,14
6-12-18_48MXU_14,6-12-18_48MXU,48MXU,indonesia,2018-12-06,train,True,train,0,315
6-12-18_48MXU_15,6-12-18_48MXU,48MXU,indonesia,2018-12-06,train,True,train,2,3
6-12-18_48MXU_16,6-12-18_48MXU,48MXU,indonesia,2018-12-06,train,True,train,1,65
6-12-18_48MXU_17,6-12-18_48MXU,48MXU,indonesia,2018-12-06,train,True,train,0,828
6-12-18_48MXU_18,6-12-18_48MXU,48MXU,indonesia,2018-12-06,train,True,train,0,106
6-12-18_48MXU_19,6-12-18_48MXU,48MXU,indonesia,2018-12-06,train,True,train,0,62
6-12-18_48MXU_2,6-12-18_48MXU,48MXU,indonesia,2018-12-06,train,True,train,0,45
6-12-18_48MXU_20,6-12-18_48MXU,48MXU,indonesia,2018-12-06,train,True,train,4,6
6-12-18_48MXU_21,6-12-18_48MXU,48MXU,indonesia,2018-12-06,train,True,train,4,6
6-12-18_48MXU_22,6-12-18_48MXU,48MXU,indonesia,2018-12-06,train,True,train,0,4031
6-12-18_48MXU_23,6-12-18_48MXU,48MXU,indonesia,2018-12-06,train,True,train,3,4
6-12-18_48MXU_24,6-12-18_48MXU,48MXU,indonesia,2018-12-06,train,True,train,2,4
6-12-18_48MXU_25,6-12-18_48MXU,48MXU,indonesia,2018-12-06,train,True,train,3,10
6-12-18_48MXU_26,6-12-18_48MXU,48MXU,indonesia,2018-12-06,train,True,train,5,10
6-12-18_48MXU_27,6-12-18_48MXU,48MXU,indonesia,2018-12-06,train,True,train,3,6
6-12-18_48MXU_28,6-12-18_48MXU,48MXU,indonesia,2018-12-06,train,True,train,2,3
6-12-18_48MXU_29,6-12-18_48MXU,48MXU,indonesia,2018-12-06,train,True,train,0,125
6-12-18_48MXU_3,6-12-18_48MXU,48MXU,indonesia,2018-12-06,train,True,train,6,16
6-12-18_48MXU_30,6-12-18_48MXU,48MXU,indonesia,2018-12-06,train,True,train,0,280
6-12-18_48MXU_31,6-12-18_48MXU,48MXU,indonesia,2018-12-06,train,True,train,2,3
6-12-18_48MXU_32,6-12-18_48MXU,48MXU,indonesia,2018-12-06,train,True,train,3,4
6-12-18_48MXU_33,6-12-18_48MXU,48MXU,indonesia,2018-12-06,train,True,train,0,114
6-12-18_48MXU_4,6-12-18_48MXU,48MXU,indonesia,2018-12-06,train,True,train,10,47
6-12-18_48MXU_5,6-12-18_48MXU,48MXU,indonesia,2018-12-06,train,True,train,23,26
6-12-18_48MXU_6,6-12-18_48MXU,48MXU,indonesia,2018-12-06,train,True,train,3,3
6-12-18_48MXU_7,6-12-18_48MXU,48MXU,indonesia,2018-12-06,train,True,train,0,32
6-12-18_48MXU_8,6-12-18_48MXU,48MXU,indonesia,2018-12-06,train,True,train,7,11
6-12-18_48MXU_9,6-12-18_48MXU,48MXU,indonesia,2018-12-06,train,True,train,0,294
7-10-18_52SDD_0,7-10-18_52SDD,52SDD,east_asia,2018-10-07,train,True,train,0,297
7-10-18_52SDD_1,7-10-18_52SDD,52SDD,east_asia,2018-10-07,train,True,train,0,1297
7-10-18_52SDD_10,7-10-18_52SDD,52SDD,east_asia,2018-10-07,train,True,train,0,24
7-10-18_52SDD_11,7-10-18_52SDD,52SDD,east_asia,2018-10-07,train,True,train,1,43
7-10-18_52SDD_12,7-10-18_52SDD,52SDD,east_asia,2018-10-07,train,True,train,0,116
7-10-18_52SDD_13,7-10-18_52SDD,52SDD,east_asia,2018-10-07,train,True,train,0,2260
7-10-18_52SDD_14,7-10-18_52SDD,52SDD,east_asia,2018-10-07,train,True,train,0,51
7-10-18_52SDD_15,7-10-18_52SDD,52SDD,east_asia,2018-10-07,train,True,train,2,45
7-10-18_52SDD_2,7-10-18_52SDD,52SDD,east_asia,2018-10-07,train,True,train,0,229
7-10-18_52SDD_3,7-10-18_52SDD,52SDD,east_asia,2018-10-07,train,True,train,0,24
7-10-18_52SDD_4,7-10-18_52SDD,52SDD,east_asia,2018-10-07,train,True,train,0,29
7-10-18_52SDD_5,7-10-18_52SDD,52SDD,east_asia,2018-10-07,train,True,train,0,19
7-10-18_52SDD_6,7-10-18_52SDD,52SDD,east_asia,2018-10-07,train,True,train,0,66
7-10-18_52SDD_7,7-10-18_52SDD,52SDD,east_asia,2018-10-07,train,True,train,1,202
7-10-18_52SDD_8,7-10-18_52SDD,52SDD,east_asia,2018-10-07,train,True,train,0,193
7-10-18_52SDD_9,7-10-18_52SDD,52SDD,east_asia,2018-10-07,train,True,train,0,32
7-3-20_18QYG_0,7-3-20_18QYG,18QYG,hispaniola,2020-03-07,val,True,val,0,150
7-3-20_18QYG_1,7-3-20_18QYG,18QYG,hispaniola,2020-03-07,val,True,val,0,392
7-3-20_18QYG_10,7-3-20_18QYG,18QYG,hispaniola,2020-03-07,val,True,val,0,197
7-3-20_18QYG_11,7-3-20_18QYG,18QYG,hispaniola,2020-03-07,val,True,val,0,837
7-3-20_18QYG_12,7-3-20_18QYG,18QYG,hispaniola,2020-03-07,val,True,val,23,45
7-3-20_18QYG_13,7-3-20_18QYG,18QYG,hispaniola,2020-03-07,val,True,val,7,16
7-3-20_18QYG_14,7-3-20_18QYG,18QYG,hispaniola,2020-03-07,val,True,val,0,1
7-3-20_18QYG_15,7-3-20_18QYG,18QYG,hispaniola,2020-03-07,val,True,val,0,116
7-3-20_18QYG_16,7-3-20_18QYG,18QYG,hispaniola,2020-03-07,val,True,val,3,34
7-3-20_18QYG_17,7-3-20_18QYG,18QYG,hispaniola,2020-03-07,val,True,val,3,17
7-3-20_18QYG_2,7-3-20_18QYG,18QYG,hispaniola,2020-03-07,val,True,val,4,6
7-3-20_18QYG_3,7-3-20_18QYG,18QYG,hispaniola,2020-03-07,val,True,val,0,1
7-3-20_18QYG_4,7-3-20_18QYG,18QYG,hispaniola,2020-03-07,val,True,val,2,5
7-3-20_18QYG_5,7-3-20_18QYG,18QYG,hispaniola,2020-03-07,val,True,val,3,10
7-3-20_18QYG_6,7-3-20_18QYG,18QYG,hispaniola,2020-03-07,val,True,val,9,13
7-3-20_18QYG_7,7-3-20_18QYG,18QYG,hispaniola,2020-03-07,val,True,val,11,13
7-3-20_18QYG_8,7-3-20_18QYG,18QYG,hispaniola,2020-03-07,val,True,val,20,36
7-3-20_18QYG_9,7-3-20_18QYG,18QYG,hispaniola,2020-03-07,val,True,val,5,32
8-3-18_16PEC_0,8-3-18_16PEC,16PEC,honduras,2018-03-08,train,True,train,0,400
8-3-18_16PEC_1,8-3-18_16PEC,16PEC,honduras,2018-03-08,train,True,train,0,644
8-3-18_16PEC_2,8-3-18_16PEC,16PEC,honduras,2018-03-08,train,True,train,0,32
8-3-18_16PEC_3,8-3-18_16PEC,16PEC,honduras,2018-03-08,train,True,train,0,493
8-3-18_16PEC_4,8-3-18_16PEC,16PEC,honduras,2018-03-08,train,True,train,0,381
8-3-18_16PEC_5,8-3-18_16PEC,16PEC,honduras,2018-03-08,train,True,train,0,56
8-3-18_16PEC_6,8-3-18_16PEC,16PEC,honduras,2018-03-08,train,True,train,0,155
8-3-18_16PEC_7,8-3-18_16PEC,16PEC,honduras,2018-03-08,train,True,train,0,46
8-3-18_16PEC_8,8-3-18_16PEC,16PEC,honduras,2018-03-08,train,True,train,0,477
8-3-18_16QED_0,8-3-18_16QED,16QED,honduras,2018-03-08,train,True,train,0,124
8-3-18_16QED_1,8-3-18_16QED,16QED,honduras,2018-03-08,train,True,train,0,361
8-3-18_16QED_10,8-3-18_16QED,16QED,honduras,2018-03-08,train,True,train,0,199
8-3-18_16QED_11,8-3-18_16QED,16QED,honduras,2018-03-08,train,True,train,0,50
8-3-18_16QED_12,8-3-18_16QED,16QED,honduras,2018-03-08,train,True,train,0,79
8-3-18_16QED_13,8-3-18_16QED,16QED,honduras,2018-03-08,train,True,train,0,583
8-3-18_16QED_14,8-3-18_16QED,16QED,honduras,2018-03-08,train,True,train,0,488
8-3-18_16QED_15,8-3-18_16QED,16QED,honduras,2018-03-08,train,True,train,0,139
8-3-18_16QED_16,8-3-18_16QED,16QED,honduras,2018-03-08,train,True,train,0,1
8-3-18_16QED_17,8-3-18_16QED,16QED,honduras,2018-03-08,train,True,train,0,251
8-3-18_16QED_18,8-3-18_16QED,16QED,honduras,2018-03-08,train,True,train,0,20
8-3-18_16QED_2,8-3-18_16QED,16QED,honduras,2018-03-08,train,True,train,0,98
8-3-18_16QED_3,8-3-18_16QED,16QED,honduras,2018-03-08,train,True,train,0,364
8-3-18_16QED_4,8-3-18_16QED,16QED,honduras,2018-03-08,train,True,train,0,52
8-3-18_16QED_5,8-3-18_16QED,16QED,honduras,2018-03-08,train,True,train,0,45
8-3-18_16QED_6,8-3-18_16QED,16QED,honduras,2018-03-08,train,True,train,0,4267
8-3-18_16QED_7,8-3-18_16QED,16QED,honduras,2018-03-08,train,True,train,0,22
8-3-18_16QED_8,8-3-18_16QED,16QED,honduras,2018-03-08,train,True,train,0,271
8-3-18_16QED_9,8-3-18_16QED,16QED,honduras,2018-03-08,train,True,train,0,16
9-10-17_16PEC_0,9-10-17_16PEC,16PEC,honduras,2017-10-09,train,True,train,0,282
9-10-17_16PEC_1,9-10-17_16PEC,16PEC,honduras,2017-10-09,train,True,train,0,284
9-10-17_16PEC_10,9-10-17_16PEC,16PEC,honduras,2017-10-09,train,True,train,0,1651
9-10-17_16PEC_11,9-10-17_16PEC,16PEC,honduras,2017-10-09,train,True,train,5,6
9-10-17_16PEC_12,9-10-17_16PEC,16PEC,honduras,2017-10-09,train,True,train,0,2327
9-10-17_16PEC_13,9-10-17_16PEC,16PEC,honduras,2017-10-09,train,True,train,2,4
9-10-17_16PEC_14,9-10-17_16PEC,16PEC,honduras,2017-10-09,train,True,train,0,846
9-10-17_16PEC_15,9-10-17_16PEC,16PEC,honduras,2017-10-09,train,True,train,0,21
9-10-17_16PEC_16,9-10-17_16PEC,16PEC,honduras,2017-10-09,train,True,train,0,296
9-10-17_16PEC_17,9-10-17_16PEC,16PEC,honduras,2017-10-09,train,True,train,0,1712
9-10-17_16PEC_18,9-10-17_16PEC,16PEC,honduras,2017-10-09,train,True,train,0,197
9-10-17_16PEC_19,9-10-17_16PEC,16PEC,honduras,2017-10-09,train,True,train,0,22
9-10-17_16PEC_2,9-10-17_16PEC,16PEC,honduras,2017-10-09,train,True,train,0,1104
9-10-17_16PEC_20,9-10-17_16PEC,16PEC,honduras,2017-10-09,train,True,train,0,110
9-10-17_16PEC_21,9-10-17_16PEC,16PEC,honduras,2017-10-09,train,True,train,5,6
9-10-17_16PEC_22,9-10-17_16PEC,16PEC,honduras,2017-10-09,train,True,train,1,8
9-10-17_16PEC_23,9-10-17_16PEC,16PEC,honduras,2017-10-09,train,True,train,0,850
9-10-17_16PEC_24,9-10-17_16PEC,16PEC,honduras,2017-10-09,train,True,train,0,1229
9-10-17_16PEC_25,9-10-17_16PEC,16PEC,honduras,2017-10-09,train,True,train,0,7
9-10-17_16PEC_26,9-10-17_16PEC,16PEC,honduras,2017-10-09,train,True,train,0,6
9-10-17_16PEC_27,9-10-17_16PEC,16PEC,honduras,2017-10-09,train,True,train,0,2463
9-10-17_16PEC_28,9-10-17_16PEC,16PEC,honduras,2017-10-09,train,True,train,1,662
9-10-17_16PEC_29,9-10-17_16PEC,16PEC,honduras,2017-10-09,train,True,train,0,2
9-10-17_16PEC_3,9-10-17_16PEC,16PEC,honduras,2017-10-09,train,True,train,0,417
9-10-17_16PEC_30,9-10-17_16PEC,16PEC,honduras,2017-10-09,train,True,train,1,65
9-10-17_16PEC_31,9-10-17_16PEC,16PEC,honduras,2017-10-09,train,True,train,0,16
9-10-17_16PEC_32,9-10-17_16PEC,16PEC,honduras,2017-10-09,train,True,train,0,56
9-10-17_16PEC_33,9-10-17_16PEC,16PEC,honduras,2017-10-09,train,True,train,0,361
9-10-17_16PEC_34,9-10-17_16PEC,16PEC,honduras,2017-10-09,train,True,train,0,38
9-10-17_16PEC_35,9-10-17_16PEC,16PEC,honduras,2017-10-09,train,True,train,3,15
9-10-17_16PEC_36,9-10-17_16PEC,16PEC,honduras,2017-10-09,train,True,train,2,4
9-10-17_16PEC_37,9-10-17_16PEC,16PEC,honduras,2017-10-09,train,True,train,0,156
9-10-17_16PEC_38,9-10-17_16PEC,16PEC,honduras,2017-10-09,train,True,train,6,84
9-10-17_16PEC_39,9-10-17_16PEC,16PEC,honduras,2017-10-09,train,True,train,11,180
9-10-17_16PEC_4,9-10-17_16PEC,16PEC,honduras,2017-10-09,train,True,train,0,96
9-10-17_16PEC_40,9-10-17_16PEC,16PEC,honduras,2017-10-09,train,True,train,13,837
9-10-17_16PEC_41,9-10-17_16PEC,16PEC,honduras,2017-10-09,train,True,train,2,177
9-10-17_16PEC_42,9-10-17_16PEC,16PEC,honduras,2017-10-09,train,True,train,4,13
9-10-17_16PEC_43,9-10-17_16PEC,16PEC,honduras,2017-10-09,train,True,train,2,9
9-10-17_16PEC_44,9-10-17_16PEC,16PEC,honduras,2017-10-09,train,True,train,0,901
9-10-17_16PEC_45,9-10-17_16PEC,16PEC,honduras,2017-10-09,train,True,train,0,147
9-10-17_16PEC_5,9-10-17_16PEC,16PEC,honduras,2017-10-09,train,True,train,0,304
9-10-17_16PEC_6,9-10-17_16PEC,16PEC,honduras,2017-10-09,train,True,train,0,537
9-10-17_16PEC_7,9-10-17_16PEC,16PEC,honduras,2017-10-09,train,True,train,0,4
9-10-17_16PEC_8,9-10-17_16PEC,16PEC,honduras,2017-10-09,train,True,train,0,124
9-10-17_16PEC_9,9-10-17_16PEC,16PEC,honduras,2017-10-09,train,True,train,0,2454
