join_id,product,path,url,status,sha256,bytes,retrieved_at
patch:12-12-20_16PCC_0,wind,data/external/metocean/wind_04cf4699c376ca2d4662963c.json,https://archive-api.open-meteo.com/v1/archive?latitude=16.013504596733796&longitude=-88.3228965067561&start_date=2020-12-09&end_date=2020-12-12&timezone=UTC&hourly=wind_speed_10m%2Cwind_direction_10m&models=era5&wind_speed_unit=ms&cell_selection=nearest,ok,620eb4472a8c160975af32886056bf6beefe864c67af470c7967dcd37c8f4eab,2953,2026-09-26T08:31:39.420097+00:00
patch:12-12-20_16PCC_0,wave,data/external/metocean/wave_cfe8cbe654cc886a38a1c77f.json,https://marine-api.open-meteo.com/v1/marine?latitude=16.013504596733796&longitude=-88.3228965067561&start_date=2020-12-09&end_date=2020-12-12&timezone=UTC&hourly=wave_height%2Cwave_direction%2Cwave_period&models=era5_ocean&cell_selection=sea,ok,cf1520273b2d7cd07a4f52162f0e6eca27ca4676bebc055ee7024ca9366ccaf5,3395,2026-09-26T08:31:39.387936+00:00
patch:12-12-20_16PCC_0,current,data/external/metocean/current_ee4254b07783cfd3550ebe61.nc,https://ncss.hycom.org/thredds/ncss/GLBy0.08/expt_93.0/uv3z/2020?var=water_u&var=water_v&north=16.094504596733795&south=15.932504596733796&west=-88.4038965067561&east=-88.24189650675609&time_start=2020-12-09T00%3A00%3A00Z&time_end=2020-12-12T23%3A59%3A59Z&vertCoord=0&accept=netcdf&disableProjSubset=on,ok,73d0b1c7a1f7b44cb8bad845260f186eaa3ac436b1ccf4c87cdca4e6a59c0a05,5052,2026-09-26T08:31:43.015378+00:00
patch:12-12-20_16PCC_11,wind,data/external/metocean/wind_665e21fa47fb0b1d2be870e1.json,https://archive-api.open-meteo.com/v1/archive?latitude=15.759942440609256&longitude=-88.15398333544155&start_date=2020-12-09&end_date=2020-12-12&timezone=UTC&hourly=wind_speed_10m%2Cwind_direction_10m&models=era5&wind_speed_unit=ms&cell_selection=nearest,ok,81a81f1d196116311f9acaa177ffee143f743909cd08877b851a1d19f21d36d3,2952,2026-09-26T08:31:39.423803+00:00
patch:12-12-20_16PCC_11,wave,data/external/metocean/wave_6c6d7a10bd8c9fb7c3a687d7.json,https://marine-api.open-meteo.com/v1/marine?latitude=15.759942440609256&longitude=-88.15398333544155&start_date=2020-12-09&end_date=2020-12-12&timezone=UTC&hourly=wave_height%2Cwave_direction%2Cwave_period&models=era5_ocean&cell_selection=sea,ok,1a554ff1eea6aeb28effdc1cb97953cc82a270faca438d5c0c84e9688a5cf8c0,3386,2026-09-26T08:31:39.651533+00:00
patch:12-12-20_16PCC_11,current,data/external/metocean/current_acab921781be3001942502f9.nc,https://ncss.hycom.org/thredds/ncss/GLBy0.08/expt_93.0/uv3z/2020?var=water_u&var=water_v&north=15.840942440609256&south=15.678942440609257&west=-88.23498333544156&east=-88.07298333544155&time_start=2020-12-09T00%3A00%3A00Z&time_end=2020-12-12T23%3A59%3A59Z&vertCoord=0&accept=netcdf&disableProjSubset=on,ok,41fd0d0b00c50f690954d0228df6ce81d99ab7be3cd8d499aaf7fac84855e8cc,5052,2026-09-26T08:31:43.112052+00:00
patch:12-12-20_16PCC_16,wind,data/external/metocean/wind_cdf07649d34341f8460804d5.json,https://archive-api.open-meteo.com/v1/archive?latitude=15.783207143848204&longitude=-88.13021743806617&start_date=2020-12-09&end_date=2020-12-12&timezone=UTC&hourly=wind_speed_10m%2Cwind_direction_10m&models=era5&wind_speed_unit=ms&cell_selection=nearest,ok,32102a1a8aaa192be7c5dd4970e397d3578792fbbd1f47c4accf3391dd435556,2951,2026-09-26T08:31:39.666151+00:00
patch:12-12-20_16PCC_16,wave,data/external/metocean/wave_d578405330d40887ff3f1d79.json,https://marine-api.open-meteo.com/v1/marine?latitude=15.783207143848204&longitude=-88.13021743806617&start_date=2020-12-09&end_date=2020-12-12&timezone=UTC&hourly=wave_height%2Cwave_direction%2Cwave_period&models=era5_ocean&cell_selection=sea,ok,f07804ca53c9f9649d55946452aecc673abb579dfef51b3f9a5f7a63167e787d,3386,2026-09-26T08:31:39.914434+00:00
patch:12-12-20_16PCC_16,current,data/external/metocean/current_fc518d8e7fbca35962932605.nc,https://ncss.hycom.org/thredds/ncss/GLBy0.08/expt_93.0/uv3z/2020?var=water_u&var=water_v&north=15.864207143848203&south=15.702207143848204&west=-88.21121743806617&east=-88.04921743806617&time_start=2020-12-09T00%3A00%3A00Z&time_end=2020-12-12T23%3A59%3A59Z&vertCoord=0&accept=netcdf&disableProjSubset=on,ok,369b100dff2618c3b60fa18c43eff10a3a8b28584e4404b97dcbc6ec0060919d,5052,2026-09-26T08:31:43.015235+00:00
patch:12-12-20_16PCC_4,wind,data/external/metocean/wind_40c0229796ab1ed39ec45354.json,https://archive-api.open-meteo.com/v1/archive?latitude=15.78255349773412&longitude=-88.24969888950294&start_date=2020-12-09&end_date=2020-12-12&timezone=UTC&hourly=wind_speed_10m%2Cwind_direction_10m&models=era5&wind_speed_unit=ms&cell_selection=nearest,ok,556b0d94def3a9b530a44c018ea9dc9614717bc697657f2b86dbeba4dfe0530b,2953,2026-09-26T08:31:40.165280+00:00
patch:12-12-20_16PCC_4,wave,data/external/metocean/wave_52f54c8523e9f491af04e66a.json,https://marine-api.open-meteo.com/v1/marine?latitude=15.78255349773412&longitude=-88.24969888950294&start_date=2020-12-09&end_date=2020-12-12&timezone=UTC&hourly=wave_height%2Cwave_direction%2Cwave_period&models=era5_ocean&cell_selection=sea,ok,35d528ef99eec445beb3adb595b8469de481baae7fd049ccf9546b639cd2cd3c,3385,2026-09-26T08:31:40.443636+00:00
patch:12-12-20_16PCC_4,current,data/external/metocean/current_130e3447f3e5c896c134adbd.nc,https://ncss.hycom.org/thredds/ncss/GLBy0.08/expt_93.0/uv3z/2020?var=water_u&var=water_v&north=15.86355349773412&south=15.701553497734121&west=-88.33069888950294&east=-88.16869888950293&time_start=2020-12-09T00%3A00%3A00Z&time_end=2020-12-12T23%3A59%3A59Z&vertCoord=0&accept=netcdf&disableProjSubset=on,ok,f5182f76ca635787bbfd158c1b03e39297de0375280911c60567ff5fb1bb87c7,5052,2026-09-26T08:31:44.400349+00:00
patch:12-12-20_16PCC_5,wind,data/external/metocean/wind_3ccbd0bfcb1cc60416045cee.json,https://archive-api.open-meteo.com/v1/archive?latitude=15.759415089295306&longitude=-88.24955722471765&start_date=2020-12-09&end_date=2020-12-12&timezone=UTC&hourly=wind_speed_10m%2Cwind_direction_10m&models=era5&wind_speed_unit=ms&cell_selection=nearest,ok,e20371aee9a3eaf8ba8c85a210ab0db54c3d60bad87535eab00ba0cd53d3ce4d,2951,2026-09-26T08:31:43.258435+00:00
patch:12-12-20_16PCC_5,wave,data/external/metocean/wave_e2e23cfb5cdcd54faabc0942.json,https://marine-api.open-meteo.com/v1/marine?latitude=15.759415089295306&longitude=-88.24955722471765&start_date=2020-12-09&end_date=2020-12-12&timezone=UTC&hourly=wave_height%2Cwave_direction%2Cwave_period&models=era5_ocean&cell_selection=sea,ok,2e577a133f246fa64714e2254c467069c9b8e2eb7046a0de4d4adffffb0cd412,3385,2026-09-26T08:31:43.267401+00:00
patch:12-12-20_16PCC_5,current,data/external/metocean/current_c2308f86408edcdeb89fbc2d.nc,https://ncss.hycom.org/thredds/ncss/GLBy0.08/expt_93.0/uv3z/2020?var=water_u&var=water_v&north=15.840415089295306&south=15.678415089295306&west=-88.33055722471765&east=-88.16855722471765&time_start=2020-12-09T00%3A00%3A00Z&time_end=2020-12-12T23%3A59%3A59Z&vertCoord=0&accept=netcdf&disableProjSubset=on,ok,3beb66279ed0d73a9d2b0f3b01c323bed6a08ff306cd994480a62c0ff38c06f9,5052,2026-09-26T08:31:44.597423+00:00
patch:12-12-20_16PCC_6,wind,data/external/metocean/wind_0a95ccee97d4568b41d928ce.json,https://archive-api.open-meteo.com/v1/archive?latitude=15.736276630539782&longitude=-88.24941579455219&start_date=2020-12-09&end_date=2020-12-12&timezone=UTC&hourly=wind_speed_10m%2Cwind_direction_10m&models=era5&wind_speed_unit=ms&cell_selection=nearest,ok,30a75a53eafdbc1d0fdb72c9350c32d68c1d05a4bc1ca5680210b3cf19c5c2e0,2953,2026-09-26T08:31:43.506824+00:00
patch:12-12-20_16PCC_6,wave,data/external/metocean/wave_892e94f78afeff797a7d9826.json,https://marine-api.open-meteo.com/v1/marine?latitude=15.736276630539782&longitude=-88.24941579455219&start_date=2020-12-09&end_date=2020-12-12&timezone=UTC&hourly=wave_height%2Cwave_direction%2Cwave_period&models=era5_ocean&cell_selection=sea,ok,18dfbd153bc3671c02bcd562e402f2f6ec32b226059c30e10624a4c328f06148,3386,2026-09-26T08:31:43.626497+00:00
patch:12-12-20_16PCC_6,current,data/external/metocean/current_a75c51db9381285af3901c32.nc,https://ncss.hycom.org/thredds/ncss/GLBy0.08/expt_93.0/uv3z/2020?var=water_u&var=water_v&north=15.817276630539782&south=15.655276630539783&west=-88.3304157945522&east=-88.16841579455219&time_start=2020-12-09T00%3A00%3A00Z&time_end=2020-12-12T23%3A59%3A59Z&vertCoord=0&accept=netcdf&disableProjSubset=on,ok,201f513dfeb00778155ee5e5208d22e49c6396a84485c14f3dfca0ae63e6f9a9,5052,2026-09-26T08:31:44.576847+00:00
patch:14-9-18_16PCC_11,wind,data/external/metocean/wind_8107a02571474dd56d9e5457.json,https://archive-api.open-meteo.com/v1/archive?latitude=16.103497756660808&longitude=-88.2679561824645&start_date=2018-09-11&end_date=2018-09-14&timezone=UTC&hourly=wind_speed_10m%2Cwind_direction_10m&models=era5&wind_speed_unit=ms&cell_selection=nearest,ok,f6e0de0c3d11a207616f75908df0f21742553158d7a6b623ab9ca463e8c1d5a3,2930,2026-09-26T08:31:44.220582+00:00
patch:14-9-18_16PCC_11,wave,data/external/metocean/wave_920f417955b3e810578c095b.json,https://marine-api.open-meteo.com/v1/marine?latitude=16.103497756660808&longitude=-88.2679561824645&start_date=2018-09-11&end_date=2018-09-14&timezone=UTC&hourly=wave_height%2Cwave_direction%2Cwave_period&models=era5_ocean&cell_selection=sea,ok,77b6857e6ed5c5a14fc4db9b51f47d1381b91aa5125c294717cb74c32e87c8cb,3391,2026-09-26T08:31:44.936552+00:00
patch:14-9-18_16PCC_11,current,data/external/metocean/current_9185b2c6a9090c41351c7169.nc,https://ncss.hycom.org/thredds/ncss/GLBv0.08/expt_93.0/uv3z?var=water_u&var=water_v&north=16.184497756660807&south=16.022497756660808&west=-88.3489561824645&east=-88.1869561824645&time_start=2018-09-11T00%3A00%3A00Z&time_end=2018-09-14T23%3A59%3A59Z&vertCoord=0&accept=netcdf&disableProjSubset=on,ok,366d87f4875d4c2a2153d90b83e370a1dfc8fe4acb2ee218dc9bdb7cf94ec728,4232,2026-09-26T08:31:46.921384+00:00
patch:14-9-18_16PCC_17,wind,data/external/metocean/wind_4a23997cbe8b2a028c6623c3.json,https://archive-api.open-meteo.com/v1/archive?latitude=15.7795672981906&longitude=-88.26592250757736&start_date=2018-09-11&end_date=2018-09-14&timezone=UTC&hourly=wind_speed_10m%2Cwind_direction_10m&models=era5&wind_speed_unit=ms&cell_selection=nearest,ok,d3cb969440edc349c8d0dbca2763380c5c233ef283b1027e9fb0717534bc91b1,2936,2026-09-26T08:31:45.301513+00:00
patch:14-9-18_16PCC_17,wave,data/external/metocean/wave_ed2be71a286da14c8a0269aa.json,https://marine-api.open-meteo.com/v1/marine?latitude=15.7795672981906&longitude=-88.26592250757736&start_date=2018-09-11&end_date=2018-09-14&timezone=UTC&hourly=wave_height%2Cwave_direction%2Cwave_period&models=era5_ocean&cell_selection=sea,ok,74e4ddc9a18e1351b311b1a7fe743b763f6ae5ba6fa3eeefa35fa33078d79b15,3396,2026-09-26T08:31:45.301253+00:00
patch:14-9-18_16PCC_17,current,data/external/metocean/current_dcc24e0f7dfd6336dc70df76.nc,https://ncss.hycom.org/thredds/ncss/GLBv0.08/expt_93.0/uv3z?var=water_u&var=water_v&north=15.860567298190599&south=15.6985672981906&west=-88.34692250757736&east=-88.18492250757735&time_start=2018-09-11T00%3A00%3A00Z&time_end=2018-09-14T23%3A59%3A59Z&vertCoord=0&accept=netcdf&disableProjSubset=on,ok,a0b2f6fa674bbb8321ccb92b890991aad91a102024a768d392de1621f8206514,4232,2026-09-26T08:31:46.910668+00:00
patch:14-9-18_16PCC_20,wind,data/external/metocean/wind_e72fdfff035f2a7e24a4356a.json,https://archive-api.open-meteo.com/v1/archive?latitude=15.895396686124524&longitude=-88.24273451097895&start_date=2018-09-11&end_date=2018-09-14&timezone=UTC&hourly=wind_speed_10m%2Cwind_direction_10m&models=era5&wind_speed_unit=ms&cell_selection=nearest,ok,23aec158e7103ae87192e7f3cf1eb35f25333f857e09ac3900545c7a927ba34b,2931,2026-09-26T08:31:45.553803+00:00
patch:14-9-18_16PCC_20,wave,data/external/metocean/wave_75b5a39786003453b433f54a.json,https://marine-api.open-meteo.com/v1/marine?latitude=15.895396686124524&longitude=-88.24273451097895&start_date=2018-09-11&end_date=2018-09-14&timezone=UTC&hourly=wave_height%2Cwave_direction%2Cwave_period&models=era5_ocean&cell_selection=sea,ok,febb31d2368fa88cd4b91454c50dd4426d65a8f48376de4a6156e515c030cd30,3396,2026-09-26T08:31:45.574612+00:00
patch:14-9-18_16PCC_20,current,data/external/metocean/current_b5048ebba9d2b1a9d12c9e74.nc,https://ncss.hycom.org/thredds/ncss/GLBv0.08/expt_93.0/uv3z?var=water_u&var=water_v&north=15.976396686124524&south=15.814396686124525&west=-88.32373451097895&east=-88.16173451097895&time_start=2018-09-11T00%3A00%3A00Z&time_end=2018-09-14T23%3A59%3A59Z&vertCoord=0&accept=netcdf&disableProjSubset=on,ok,7750badd087e099c416d567880b09bceba4da113035fe8abd6123cc1b0f99bd0,4232,2026-09-26T08:31:46.894452+00:00
patch:14-9-18_16PCC_23,wind,data/external/metocean/wind_799437fe0f357b200d383852.json,https://archive-api.open-meteo.com/v1/archive?latitude=15.89553283767235&longitude=-88.21882533620766&start_date=2018-09-11&end_date=2018-09-14&timezone=UTC&hourly=wind_speed_10m%2Cwind_direction_10m&models=era5&wind_speed_unit=ms&cell_selection=nearest,ok,ae070e1dd0a82e4f107ce42fe8d1661f5689ed2d52d32b9e3be52c718574cdd3,2932,2026-09-26T08:31:45.819582+00:00
patch:14-9-18_16PCC_23,wave,data/external/metocean/wave_4b61b48b7db63b70ec7cac3c.json,https://marine-api.open-meteo.com/v1/marine?latitude=15.89553283767235&longitude=-88.21882533620766&start_date=2018-09-11&end_date=2018-09-14&timezone=UTC&hourly=wave_height%2Cwave_direction%2Cwave_period&models=era5_ocean&cell_selection=sea,ok,befd7d05328c6fc67c002e61985fc616a459798bce21fc4fb1df853d1fe0abb8,3396,2026-09-26T08:31:46.094278+00:00
patch:14-9-18_16PCC_23,current,data/external/metocean/current_f8d661a4a3212f81ab86ca2c.nc,https://ncss.hycom.org/thredds/ncss/GLBv0.08/expt_93.0/uv3z?var=water_u&var=water_v&north=15.97653283767235&south=15.81453283767235&west=-88.29982533620766&east=-88.13782533620765&time_start=2018-09-11T00%3A00%3A00Z&time_end=2018-09-14T23%3A59%3A59Z&vertCoord=0&accept=netcdf&disableProjSubset=on,ok,fce47033ed604449dbb1a23253428b11aa32c1b7a4f9252200dbd9ae9620974c,4232,2026-09-26T08:31:46.898861+00:00
patch:14-9-18_16PCC_31,wind,data/external/metocean/wind_d3e9813ef300ed84dde43ec5.json,https://archive-api.open-meteo.com/v1/archive?latitude=15.803241537272688&longitude=-88.170472629695&start_date=2018-09-11&end_date=2018-09-14&timezone=UTC&hourly=wind_speed_10m%2Cwind_direction_10m&models=era5&wind_speed_unit=ms&cell_selection=nearest,ok,5e7a3b8c0d674a2147c604e1e8b177d56e51a482e3e9b2717ee5d24970a69484,2936,2026-09-26T08:31:47.197459+00:00
patch:14-9-18_16PCC_31,wave,data/external/metocean/wave_338d2ec9f3395afd984d6fd7.json,https://marine-api.open-meteo.com/v1/marine?latitude=15.803241537272688&longitude=-88.170472629695&start_date=2018-09-11&end_date=2018-09-14&timezone=UTC&hourly=wave_height%2Cwave_direction%2Cwave_period&models=era5_ocean&cell_selection=sea,ok,433e59f073b41bdd464ee48c238f1e8e523ebf2999c03083a83c1753436e019a,3396,2026-09-26T08:31:47.234281+00:00
patch:14-9-18_16PCC_31,current,data/external/metocean/current_8a6ec038691412536267014d.nc,https://ncss.hycom.org/thredds/ncss/GLBv0.08/expt_93.0/uv3z?var=water_u&var=water_v&north=15.884241537272688&south=15.722241537272689&west=-88.251472629695&east=-88.089472629695&time_start=2018-09-11T00%3A00%3A00Z&time_end=2018-09-14T23%3A59%3A59Z&vertCoord=0&accept=netcdf&disableProjSubset=on,ok,8c428205d28e44cb4234951fe3e7e2e03ceb5100158c0b001166fa01c179ef2e,4232,2026-09-26T08:31:48.277748+00:00
patch:14-9-18_16PCC_42,wind,data/external/metocean/wind_6f631a250f37cfd09e35be73.json,https://archive-api.open-meteo.com/v1/archive?latitude=16.012865250036775&longitude=-87.88458228682299&start_date=2018-09-11&end_date=2018-09-14&timezone=UTC&hourly=wind_speed_10m%2Cwind_direction_10m&models=era5&wind_speed_unit=ms&cell_selection=nearest,ok,4d8f7b6dccf681a67a1a7f5371ab4b4e3b698aab49f23c7a4f4456bf09412af0,2945,2026-09-26T08:31:47.226984+00:00
patch:14-9-18_16PCC_42,wave,data/external/metocean/wave_fc9a528c83e91900b068c19d.json,https://marine-api.open-meteo.com/v1/marine?latitude=16.012865250036775&longitude=-87.88458228682299&start_date=2018-09-11&end_date=2018-09-14&timezone=UTC&hourly=wave_height%2Cwave_direction%2Cwave_period&models=era5_ocean&cell_selection=sea,ok,db1d883f9ef076fe756c6f4874560b7c29adb135921677891becdb194d6ec5ce,3395,2026-09-26T08:31:47.475157+00:00
patch:14-9-18_16PCC_42,current,data/external/metocean/current_67db1886934d6330217adee1.nc,https://ncss.hycom.org/thredds/ncss/GLBv0.08/expt_93.0/uv3z?var=water_u&var=water_v&north=16.093865250036774&south=15.931865250036775&west=-87.965582286823&east=-87.80358228682299&time_start=2018-09-11T00%3A00%3A00Z&time_end=2018-09-14T23%3A59%3A59Z&vertCoord=0&accept=netcdf&disableProjSubset=on,ok,3b2f88f4f9fca8d0bb090e99127110dd4d808d96a5900725c67047935314eb60,4232,2026-09-26T08:31:47.810545+00:00
patch:15-11-20_16PCC_1,wind,data/external/metocean/wind_93fd78e918564f27a5489a78.json,https://archive-api.open-meteo.com/v1/archive?latitude=15.919848883865471&longitude=-88.84287876544697&start_date=2020-11-12&end_date=2020-11-15&timezone=UTC&hourly=wind_speed_10m%2Cwind_direction_10m&models=era5&wind_speed_unit=ms&cell_selection=nearest,ok,602b116d4c1abc0ea9ef32df43735827f20671d8877c1725fd36044b256c2225,2954,2026-09-26T08:31:47.486480+00:00
patch:15-11-20_16PCC_1,wave,data/external/metocean/wave_f2d2d23f820dd157fb05a8d5.json,https://marine-api.open-meteo.com/v1/marine?latitude=15.919848883865471&longitude=-88.84287876544697&start_date=2020-11-12&end_date=2020-11-15&timezone=UTC&hourly=wave_height%2Cwave_direction%2Cwave_period&models=era5_ocean&cell_selection=sea,ok,f27c5553600498bc6cf2d2686082e1d65e03d0c877955b0ad067427e76dc0262,3406,2026-09-26T08:31:47.740898+00:00
patch:15-11-20_16PCC_1,current,data/external/metocean/current_cbdb2b2f61524caf672e3747.nc,https://ncss.hycom.org/thredds/ncss/GLBy0.08/expt_93.0/uv3z/2020?var=water_u&var=water_v&north=16.000848883865473&south=15.838848883865472&west=-88.92387876544697&east=-88.76187876544697&time_start=2020-11-12T00%3A00%3A00Z&time_end=2020-11-15T23%3A59%3A59Z&vertCoord=0&accept=netcdf&disableProjSubset=on,ok,bd7481554744e60f574f7054bd2a8a5774e904fb1c3ed0770f71445529714e9e,5052,2026-09-26T08:31:51.466906+00:00
patch:15-11-20_16PCC_16,wind,data/external/metocean/wind_647edfd48ddce54aff62a859.json,https://archive-api.open-meteo.com/v1/archive?latitude=15.991338563787044&longitude=-88.58044600789054&start_date=2020-11-12&end_date=2020-11-15&timezone=UTC&hourly=wind_speed_10m%2Cwind_direction_10m&models=era5&wind_speed_unit=ms&cell_selection=nearest,ok,d266ebc6362a7ae1ac5b90272acb7090a493c3cdb573c608445536e9f408102b,2941,2026-09-26T08:31:47.992320+00:00
patch:15-11-20_16PCC_16,wave,data/external/metocean/wave_74d47fd9f3097894a36f5098.json,https://marine-api.open-meteo.com/v1/marine?latitude=15.991338563787044&longitude=-88.58044600789054&start_date=2020-11-12&end_date=2020-11-15&timezone=UTC&hourly=wave_height%2Cwave_direction%2Cwave_period&models=era5_ocean&cell_selection=sea,ok,da0dcec67166af43a45d922956e16092cc93a9fb81c4498df466772fcd5c9943,3405,2026-09-26T08:31:48.066196+00:00
patch:15-11-20_16PCC_16,current,data/external/metocean/current_96a587e0e2ad98be6e3d8d68.nc,https://ncss.hycom.org/thredds/ncss/GLBy0.08/expt_93.0/uv3z/2020?var=water_u&var=water_v&north=16.072338563787046&south=15.910338563787045&west=-88.66144600789055&east=-88.49944600789054&time_start=2020-11-12T00%3A00%3A00Z&time_end=2020-11-15T23%3A59%3A59Z&vertCoord=0&accept=netcdf&disableProjSubset=on,ok,79d379a46996344d052c4cf07b6564c12ca5ed9792f78f8a551e4e8165e472af,5052,2026-09-26T08:31:51.467068+00:00
patch:15-11-20_16PCC_18,wind,data/external/metocean/wind_ba9a5321abb4ec8a1c460b26.json,https://archive-api.open-meteo.com/v1/archive?latitude=15.898799674270672&longitude=-88.5797212068924&start_date=2020-11-12&end_date=2020-11-15&timezone=UTC&hourly=wind_speed_10m%2Cwind_direction_10m&models=era5&wind_speed_unit=ms&cell_selection=nearest,ok,2ad55e148c939f3dc8e805720334df8bb9989e5cae29595b384c2f168830f4ee,2939,2026-09-26T08:31:48.318217+00:00
patch:15-11-20_16PCC_18,wave,data/external/metocean/wave_f6ce7f34387137c07ba6fac3.json,https://marine-api.open-meteo.com/v1/marine?latitude=15.898799674270672&longitude=-88.5797212068924&start_date=2020-11-12&end_date=2020-11-15&timezone=UTC&hourly=wave_height%2Cwave_direction%2Cwave_period&models=era5_ocean&cell_selection=sea,ok,c23e5324f389ba5fe670cdeba0019a53e4ecd49133a94ac248c788ae79d3d8e7,3406,2026-09-26T08:31:48.541700+00:00
patch:15-11-20_16PCC_18,current,data/external/metocean/current_7de993b2a95c7f9c83f1126c.nc,https://ncss.hycom.org/thredds/ncss/GLBy0.08/expt_93.0/uv3z/2020?var=water_u&var=water_v&north=15.979799674270671&south=15.817799674270672&west=-88.6607212068924&east=-88.4987212068924&time_start=2020-11-12T00%3A00%3A00Z&time_end=2020-11-15T23%3A59%3A59Z&vertCoord=0&accept=netcdf&disableProjSubset=on,ok,5b9b23712e3568cf21b32d663d4b7d54c75a6d91276031fb77504a3905fe1362,5052,2026-09-26T08:31:51.642279+00:00
patch:15-11-20_16PCC_22,wind,data/external/metocean/wind_c714e8b5d7d7afb4a158a315.json,https://archive-api.open-meteo.com/v1/archive?latitude=15.99168494491049&longitude=-88.53261155057531&start_date=2020-11-12&end_date=2020-11-15&timezone=UTC&hourly=wind_speed_10m%2Cwind_direction_10m&models=era5&wind_speed_unit=ms&cell_selection=nearest,ok,c98c7327da901b5674bc2c47f2f054a42a3043f211f0b238c071744548da7d90,2940,2026-09-26T08:31:48.792034+00:00
patch:15-11-20_16PCC_22,wave,data/external/metocean/wave_f5fc04d2f5182d025a2ea234.json,https://marine-api.open-meteo.com/v1/marine?latitude=15.99168494491049&longitude=-88.53261155057531&start_date=2020-11-12&end_date=2020-11-15&timezone=UTC&hourly=wave_height%2Cwave_direction%2Cwave_period&models=era5_ocean&cell_selection=sea,ok,3aefdfdcbbe75e5aa64ea7ebbf40040500b04ce63b01089a51c5c7d1025d8729,3405,2026-09-26T08:31:49.067541+00:00
patch:15-11-20_16PCC_22,current,data/external/metocean/current_3ffe25963ec5d4b3cdf56818.nc,https://ncss.hycom.org/thredds/ncss/GLBy0.08/expt_93.0/uv3z/2020?var=water_u&var=water_v&north=16.072684944910492&south=15.910684944910491&west=-88.61361155057531&east=-88.45161155057531&time_start=2020-11-12T00%3A00%3A00Z&time_end=2020-11-15T23%3A59%3A59Z&vertCoord=0&accept=netcdf&disableProjSubset=on,ok,0d21556b1929a3fb94e165d97029f88ed73028a6748f32f4bea2d211dd9a1a59,5052,2026-09-26T08:31:51.467215+00:00
patch:15-11-20_16PCC_3,wind,data/external/metocean/wind_1a39482171b4bf17469ed411.json,https://archive-api.open-meteo.com/v1/archive?latitude=15.98964826640546&longitude=-88.79568579718858&start_date=2020-11-12&end_date=2020-11-15&timezone=UTC&hourly=wind_speed_10m%2Cwind_direction_10m&models=era5&wind_speed_unit=ms&cell_selection=nearest,ok,bbe305d037ff1e8cf68367d241c45176d36b1ebf63a7e8b7ec8f04c29ceeae83,2953,2026-09-26T08:31:51.712501+00:00
patch:15-11-20_16PCC_3,wave,data/external/metocean/wave_1434ce866377c64d93f42f23.json,https://marine-api.open-meteo.com/v1/marine?latitude=15.98964826640546&longitude=-88.79568579718858&start_date=2020-11-12&end_date=2020-11-15&timezone=UTC&hourly=wave_height%2Cwave_direction%2Cwave_period&models=era5_ocean&cell_selection=sea,ok,6d1bb28e9c4d4c5d39b8883b27e2858d0ba326475c61fed6fb15082e35393dd5,3405,2026-09-26T08:31:51.725081+00:00
patch:15-11-20_16PCC_3,current,data/external/metocean/current_7677dac053693a02101f4b3a.nc,https://ncss.hycom.org/thredds/ncss/GLBy0.08/expt_93.0/uv3z/2020?var=water_u&var=water_v&north=16.07064826640546&south=15.90864826640546&west=-88.87668579718859&east=-88.71468579718858&time_start=2020-11-12T00%3A00%3A00Z&time_end=2020-11-15T23%3A59%3A59Z&vertCoord=0&accept=netcdf&disableProjSubset=on,ok,4edf70a3b3305b7a5da4e4c5489310d4e76893dcf3993a396a0caabd28c5c4d0,5052,2026-09-26T08:31:52.038168+00:00
patch:15-11-20_16PCC_6,wind,data/external/metocean/wind_2804fcce6d217f32f4ad4604.json,https://archive-api.open-meteo.com/v1/archive?latitude=15.828303762049083&longitude=-88.72256205761825&start_date=2020-11-12&end_date=2020-11-15&timezone=UTC&hourly=wind_speed_10m%2Cwind_direction_10m&models=era5&wind_speed_unit=ms&cell_selection=nearest,ok,7c97fc00cb01445917a4de47e1028c31e632c55ed2067bfc0852d0e9e13fe492,2953,2026-09-26T08:31:51.885801+00:00
patch:15-11-20_16PCC_6,wave,data/external/metocean/wave_d44fa664410009641d51e020.json,https://marine-api.open-meteo.com/v1/marine?latitude=15.828303762049083&longitude=-88.72256205761825&start_date=2020-11-12&end_date=2020-11-15&timezone=UTC&hourly=wave_height%2Cwave_direction%2Cwave_period&models=era5_ocean&cell_selection=sea,ok,dd974f9db0e188f80dcf00aff05770fa71a017418dcf07e5973a8f3d679749c8,3402,2026-09-26T08:31:51.975819+00:00
patch:15-11-20_16PCC_6,current,data/external/metocean/current_55ea18d1d9023b09cd16502d.nc,https://ncss.hycom.org/thredds/ncss/GLBy0.08/expt_93.0/uv3z/2020?var=water_u&var=water_v&north=15.909303762049083&south=15.747303762049084&west=-88.80356205761825&east=-88.64156205761824&time_start=2020-11-12T00%3A00%3A00Z&time_end=2020-11-15T23%3A59%3A59Z&vertCoord=0&accept=netcdf&disableProjSubset=on,ok,8811f6540243d93818b06a97dcebd0745add78a2d4e3b9b1b712dd716fdb82bf,5052,2026-09-26T08:31:53.379770+00:00
patch:18-5-19_51PTS_0,wind,data/external/metocean/wind_6aab5b931ea1083e8c50901e.json,https://archive-api.open-meteo.com/v1/archive?latitude=14.583366215286858&longitude=120.84991010891274&start_date=2019-05-15&end_date=2019-05-18&timezone=UTC&hourly=wind_speed_10m%2Cwind_direction_10m&models=era5&wind_speed_unit=ms&cell_selection=nearest,ok,e5392f95f34a90a7681b9ea008834c58e300b0197ab715384a2c808f1e7a65cf,2979,2026-09-26T08:31:52.136089+00:00
patch:18-5-19_51PTS_0,wave,data/external/metocean/wave_b09691851a77a8941319cb5b.json,https://marine-api.open-meteo.com/v1/marine?latitude=14.583366215286858&longitude=120.84991010891274&start_date=2019-05-15&end_date=2019-05-18&timezone=UTC&hourly=wave_height%2Cwave_direction%2Cwave_period&models=era5_ocean&cell_selection=sea,ok,4ec99024689b05ccd460d475b7cde1053c72a1db96c385732d48f8b113aa5090,3492,2026-09-26T08:31:52.251932+00:00
patch:18-5-19_51PTS_0,current,data/external/metocean/current_c6a6bfbf223ed9a9f342ad1b.nc,https://ncss.hycom.org/thredds/ncss/GLBy0.08/expt_93.0/uv3z/2019?var=water_u&var=water_v&north=14.664366215286858&south=14.502366215286859&west=120.76891010891273&east=120.93091010891274&time_start=2019-05-15T00%3A00%3A00Z&time_end=2019-05-18T23%3A59%3A59Z&vertCoord=0&accept=netcdf&disableProjSubset=on,ok,7c431badffa2f00a24fae6d1aba3750abe7a835612bf0f99a5adfd6865a82672,5052,2026-09-26T08:32:01.407312+00:00
patch:18-5-19_51PTS_1,wind,data/external/metocean/wind_df9673c6cb951786b2af1118.json,https://archive-api.open-meteo.com/v1/archive?latitude=14.560236202669858&longitude=120.85013442472368&start_date=2019-05-15&end_date=2019-05-18&timezone=UTC&hourly=wind_speed_10m%2Cwind_direction_10m&models=era5&wind_speed_unit=ms&cell_selection=nearest,ok,db1714e4d3d4f3c993a2c8017cf64f0510076b97c94084963f302ee7c36aa955,2979,2026-09-26T08:31:52.386914+00:00
patch:18-5-19_51PTS_1,wave,data/external/metocean/wave_acb1bea7ec01cd75994420b0.json,https://marine-api.open-meteo.com/v1/marine?latitude=14.560236202669858&longitude=120.85013442472368&start_date=2019-05-15&end_date=2019-05-18&timezone=UTC&hourly=wave_height%2Cwave_direction%2Cwave_period&models=era5_ocean&cell_selection=sea,ok,63c76196bbd4caf76865a512f65d123110fb6d8b210a619d21a1ad4548a259ca,3492,2026-09-26T08:31:52.526091+00:00
patch:18-5-19_51PTS_1,current,data/external/metocean/current_c11e5b4d2a6fb453f65ee8c2.nc,https://ncss.hycom.org/thredds/ncss/GLBy0.08/expt_93.0/uv3z/2019?var=water_u&var=water_v&north=14.641236202669857&south=14.479236202669858&west=120.76913442472367&east=120.93113442472368&time_start=2019-05-15T00%3A00%3A00Z&time_end=2019-05-18T23%3A59%3A59Z&vertCoord=0&accept=netcdf&disableProjSubset=on,ok,bdb6e91d7398a849a06e16b0e247976c323779bf8fa07fdf48ebcf84f0a62463,5052,2026-09-26T08:32:01.407559+00:00
patch:18-5-19_51PTS_2,wind,data/external/metocean/wind_fa6cba5a9dc8ce1c73450b7b.json,https://archive-api.open-meteo.com/v1/archive?latitude=14.583583661405878&longitude=120.87366038045651&start_date=2019-05-15&end_date=2019-05-18&timezone=UTC&hourly=wind_speed_10m%2Cwind_direction_10m&models=era5&wind_speed_unit=ms&cell_selection=nearest,ok,0ef0483873f17e49dbdfb018e26bbab173e300c837957deef7c69991a113eab6,2973,2026-09-26T08:31:52.771012+00:00
patch:18-5-19_51PTS_2,wave,data/external/metocean/wave_b39a72dacd704c37ef60c1da.json,https://marine-api.open-meteo.com/v1/marine?latitude=14.583583661405878&longitude=120.87366038045651&start_date=2019-05-15&end_date=2019-05-18&timezone=UTC&hourly=wave_height%2Cwave_direction%2Cwave_period&models=era5_ocean&cell_selection=sea,ok,bb5f52d0efb40761690be8cbf06f2c284ecc0db564fb9402eecbcf5ccddc8f93,3492,2026-09-26T08:31:53.067295+00:00
patch:18-5-19_51PTS_2,current,data/external/metocean/current_8dab513699943ce580665c68.nc,https://ncss.hycom.org/thredds/ncss/GLBy0.08/expt_93.0/uv3z/2019?var=water_u&var=water_v&north=14.664583661405878&south=14.502583661405879&west=120.79266038045651&east=120.95466038045652&time_start=2019-05-15T00%3A00%3A00Z&time_end=2019-05-18T23%3A59%3A59Z&vertCoord=0&accept=netcdf&disableProjSubset=on,ok,4f5b9b023810f20b3931d261dd418d3a804aa3d47ca797b52a78427f30507c7d,5052,2026-09-26T08:32:01.412998+00:00
patch:18-5-19_51PTS_3,wind,data/external/metocean/wind_10bb7ef1246183d082969590.json,https://archive-api.open-meteo.com/v1/archive?latitude=14.560453289158389&longitude=120.873882223012&start_date=2019-05-15&end_date=2019-05-18&timezone=UTC&hourly=wind_speed_10m%2Cwind_direction_10m&models=era5&wind_speed_unit=ms&cell_selection=nearest,ok,3bca4842aee00fb3833f7c30e9f971f43c84c5c039e162f62af9c5ade8ae66b4,2979,2026-09-26T08:31:53.634160+00:00
patch:18-5-19_51PTS_3,wave,data/external/metocean/wave_c34f2cf58f1715ebc845e42e.json,https://marine-api.open-meteo.com/v1/marine?latitude=14.560453289158389&longitude=120.873882223012&start_date=2019-05-15&end_date=2019-05-18&timezone=UTC&hourly=wave_height%2Cwave_direction%2Cwave_period&models=era5_ocean&cell_selection=sea,ok,8e5149e7d100f42a572364f3c1b604fb76046636bf1dc9bfe546bbde59ce4db1,3492,2026-09-26T08:31:53.906920+00:00
patch:18-5-19_51PTS_3,current,data/external/metocean/current_e96ff8795793f9e89ea95394.nc,https://ncss.hycom.org/thredds/ncss/GLBy0.08/expt_93.0/uv3z/2019?var=water_u&var=water_v&north=14.641453289158388&south=14.47945328915839&west=120.792882223012&east=120.954882223012&time_start=2019-05-15T00%3A00%3A00Z&time_end=2019-05-18T23%3A59%3A59Z&vertCoord=0&accept=netcdf&disableProjSubset=on,ok,0eebd38169f424ac835e4e1cb78740261ec2033180d4b526ca285f5719c6e0fa,5052,2026-09-26T08:32:01.290681+00:00
patch:22-12-20_18QYF_0,wind,data/external/metocean/wind_11707f6c333ee898d695be2f.json,https://archive-api.open-meteo.com/v1/archive?latitude=18.850888995208003&longitude=-72.82087771510677&start_date=2020-12-19&end_date=2020-12-22&timezone=UTC&hourly=wind_speed_10m%2Cwind_direction_10m&models=era5&wind_speed_unit=ms&cell_selection=nearest,ok,00ba5e82b58c5c074bfcf5616f2977aee942c807e1d9c283df01114e375c8b1b,2958,2026-09-26T08:32:01.706644+00:00
patch:22-12-20_18QYF_0,wave,data/external/metocean/wave_7525d3c777e20f3c5a1c4041.json,https://marine-api.open-meteo.com/v1/marine?latitude=18.850888995208003&longitude=-72.82087771510677&start_date=2020-12-19&end_date=2020-12-22&timezone=UTC&hourly=wave_height%2Cwave_direction%2Cwave_period&models=era5_ocean&cell_selection=sea,ok,9eeacaa62fda46adddcd2d72560a9c69554eb8a6ca8943979e9cf97f97df3a67,3402,2026-09-26T08:32:01.786496+00:00
patch:22-12-20_18QYF_0,current,data/external/metocean/current_974b70b1ed53be6df2837247.nc,https://ncss.hycom.org/thredds/ncss/GLBy0.08/expt_93.0/uv3z/2020?var=water_u&var=water_v&north=18.931888995208002&south=18.769888995208003&west=-72.90187771510678&east=-72.73987771510677&time_start=2020-12-19T00%3A00%3A00Z&time_end=2020-12-22T23%3A59%3A59Z&vertCoord=0&accept=netcdf&disableProjSubset=on,ok,5cd2bfb023eb9c680b1135dadd1c8393d98d5b30fcece634e13c1f96582cbafd,5052,2026-09-26T08:32:07.025177+00:00
patch:22-12-20_18QYF_1,wind,data/external/metocean/wind_513a19f19f0f674b62d6a696.json,https://archive-api.open-meteo.com/v1/archive?latitude=18.85060316082337&longitude=-72.7965941011418&start_date=2020-12-19&end_date=2020-12-22&timezone=UTC&hourly=wind_speed_10m%2Cwind_direction_10m&models=era5&wind_speed_unit=ms&cell_selection=nearest,ok,730b8e73cd88bab9466df8db891733818f355d1e36adfbf3a902af174556566f,2958,2026-09-26T08:32:01.779473+00:00
patch:22-12-20_18QYF_1,wave,data/external/metocean/wave_ef63566cdf28f963faad668d.json,https://marine-api.open-meteo.com/v1/marine?latitude=18.85060316082337&longitude=-72.7965941011418&start_date=2020-12-19&end_date=2020-12-22&timezone=UTC&hourly=wave_height%2Cwave_direction%2Cwave_period&models=era5_ocean&cell_selection=sea,ok,1995eb0f21050df0c589925b67fd67ce36cd4970c5c10dada17a5184e55de808,3402,2026-09-26T08:32:01.984778+00:00
patch:22-12-20_18QYF_1,current,data/external/metocean/current_ee210ba0827891bc693d3aad.nc,https://ncss.hycom.org/thredds/ncss/GLBy0.08/expt_93.0/uv3z/2020?var=water_u&var=water_v&north=18.931603160823368&south=18.76960316082337&west=-72.87759410114181&east=-72.7155941011418&time_start=2020-12-19T00%3A00%3A00Z&time_end=2020-12-22T23%3A59%3A59Z&vertCoord=0&accept=netcdf&disableProjSubset=on,ok,0a069e8c6e11674fbe592f8b1cee99a6d5907dd7a3559aa61e9dd7b5107c5b23,5052,2026-09-26T08:32:07.123659+00:00
patch:28-9-20_16PCC_11,wind,data/external/metocean/wind_4034cb10e252f8f2c6fd65f1.json,https://archive-api.open-meteo.com/v1/archive?latitude=15.83082976295944&longitude=-88.60533162062853&start_date=2020-09-25&end_date=2020-09-28&timezone=UTC&hourly=wind_speed_10m%2Cwind_direction_10m&models=era5&wind_speed_unit=ms&cell_selection=nearest,ok,03cf3ea74dc0a47624f7d27002f2ed9293c79cf3fc71c087cd19af88e58f899c,2952,2026-09-26T08:32:02.044233+00:00
patch:28-9-20_16PCC_11,wave,data/external/metocean/wave_3c2bab2b75d7601c239ee09a.json,https://marine-api.open-meteo.com/v1/marine?latitude=15.83082976295944&longitude=-88.60533162062853&start_date=2020-09-25&end_date=2020-09-28&timezone=UTC&hourly=wave_height%2Cwave_direction%2Cwave_period&models=era5_ocean&cell_selection=sea,ok,e3987b67451977a05c4314bc0e2872dc1777e826b099efa82b7a58156b934a47,3396,2026-09-26T08:32:02.342101+00:00
patch:28-9-20_16PCC_11,current,data/external/metocean/current_8a9ec0ed2ce844306edec3c3.nc,https://ncss.hycom.org/thredds/ncss/GLBy0.08/expt_93.0/uv3z/2020?var=water_u&var=water_v&north=15.911829762959439&south=15.74982976295944&west=-88.68633162062854&east=-88.52433162062853&time_start=2020-09-25T00%3A00%3A00Z&time_end=2020-09-28T23%3A59%3A59Z&vertCoord=0&accept=netcdf&disableProjSubset=on,ok,318f87908ccb8b5c11615a2366b4c90cac92b6bcf9da5405746bf8dc3055a909,5052,2026-09-26T08:32:11.288270+00:00
patch:28-9-20_16PCC_14,wind,data/external/metocean/wind_b61d36002a8d776d7c9c273e.json,https://archive-api.open-meteo.com/v1/archive?latitude=15.715155716721949&longitude=-88.60442185573343&start_date=2020-09-25&end_date=2020-09-28&timezone=UTC&hourly=wind_speed_10m%2Cwind_direction_10m&models=era5&wind_speed_unit=ms&cell_selection=nearest,ok,e37acdf76e2b43a873e455fe0f94278be82d8e288000d8144aa28b111b8d8506,2952,2026-09-26T08:32:02.672034+00:00
patch:28-9-20_16PCC_14,wave,data/external/metocean/wave_52b742d67fb8af60b203f148.json,https://marine-api.open-meteo.com/v1/marine?latitude=15.715155716721949&longitude=-88.60442185573343&start_date=2020-09-25&end_date=2020-09-28&timezone=UTC&hourly=wave_height%2Cwave_direction%2Cwave_period&models=era5_ocean&cell_selection=sea,ok,545bf17ed975ac557ae025abfdfff3bb9f1ab8f5aba336fd12ce0e90734154f9,3395,2026-09-26T08:32:02.943646+00:00
patch:28-9-20_16PCC_14,current,data/external/metocean/current_f10b9e28611d7826eba2137b.nc,https://ncss.hycom.org/thredds/ncss/GLBy0.08/expt_93.0/uv3z/2020?var=water_u&var=water_v&north=15.796155716721948&south=15.63415571672195&west=-88.68542185573344&east=-88.52342185573343&time_start=2020-09-25T00%3A00%3A00Z&time_end=2020-09-28T23%3A59%3A59Z&vertCoord=0&accept=netcdf&disableProjSubset=on,ok,2257f508f9cd8b493fe20c77647a08d87f4fba606008eecc0ca2ad87c406d367,5052,2026-09-26T08:32:11.084445+00:00
patch:28-9-20_16PCC_2,wind,data/external/metocean/wind_68f520197ecdbc0fb8ad5bbc.json,https://archive-api.open-meteo.com/v1/archive?latitude=15.784019507364428&longitude=-88.67664216670904&start_date=2020-09-25&end_date=2020-09-28&timezone=UTC&hourly=wind_speed_10m%2Cwind_direction_10m&models=era5&wind_speed_unit=ms&cell_selection=nearest,ok,fa86befefa860e493a9179582d1d9ad6cf922165ec729c0f87c567ae9ed31d3f,2948,2026-09-26T08:32:07.273756+00:00
patch:28-9-20_16PCC_2,wave,data/external/metocean/wave_506c56efa76fe67109c16ba3.json,https://marine-api.open-meteo.com/v1/marine?latitude=15.784019507364428&longitude=-88.67664216670904&start_date=2020-09-25&end_date=2020-09-28&timezone=UTC&hourly=wave_height%2Cwave_direction%2Cwave_period&models=era5_ocean&cell_selection=sea,ok,f0cdc37cc946418ba9a91bf099f094052ccef788e731d6a9554d922139225301,3396,2026-09-26T08:32:07.440217+00:00
patch:28-9-20_16PCC_2,current,data/external/metocean/current_11459cb54110e4c5a76aebe7.nc,https://ncss.hycom.org/thredds/ncss/GLBy0.08/expt_93.0/uv3z/2020?var=water_u&var=water_v&north=15.865019507364428&south=15.703019507364429&west=-88.75764216670905&east=-88.59564216670904&time_start=2020-09-25T00%3A00%3A00Z&time_end=2020-09-28T23%3A59%3A59Z&vertCoord=0&accept=netcdf&disableProjSubset=on,ok,4ced41f9fd3f89668e48d3c8f64db8825ab7d7204c80aec5dfebae25c6edd14e,5052,2026-09-26T08:32:11.587281+00:00
patch:28-9-20_16PCC_4,wind,data/external/metocean/wind_26e4e22a0d072eb7a6a4a608.json,https://archive-api.open-meteo.com/v1/archive?latitude=15.853604859831403&longitude=-88.65331464548133&start_date=2020-09-25&end_date=2020-09-28&timezone=UTC&hourly=wind_speed_10m%2Cwind_direction_10m&models=era5&wind_speed_unit=ms&cell_selection=nearest,ok,f39adc03af392278d125bed47c3b1f29db7d731b0c2e3de3a0531d3f432b3264,2947,2026-09-26T08:32:07.766580+00:00
patch:28-9-20_16PCC_4,wave,data/external/metocean/wave_288a73513ca97574b58eb93b.json,https://marine-api.open-meteo.com/v1/marine?latitude=15.853604859831403&longitude=-88.65331464548133&start_date=2020-09-25&end_date=2020-09-28&timezone=UTC&hourly=wave_height%2Cwave_direction%2Cwave_period&models=era5_ocean&cell_selection=sea,ok,a723aca383658d1d2a7be71e9b4c0da2ef6b6a6a17f922194a184a2ddfe0a645,3396,2026-09-26T08:32:08.089274+00:00
patch:28-9-20_16PCC_4,current,data/external/metocean/current_4df78de1c116deed76e0887b.nc,https://ncss.hycom.org/thredds/ncss/GLBy0.08/expt_93.0/uv3z/2020?var=water_u&var=water_v&north=15.934604859831403&south=15.772604859831404&west=-88.73431464548133&east=-88.57231464548133&time_start=2020-09-25T00%3A00%3A00Z&time_end=2020-09-28T23%3A59%3A59Z&vertCoord=0&accept=netcdf&disableProjSubset=on,ok,8fe0dc646a912e69da0d2cc2ef0dac062816a9fdd8ec96df2f0a800d86b991e9,5052,2026-09-26T08:32:11.177674+00:00
patch:28-9-20_16PCC_8,wind,data/external/metocean/wind_081224d57fc6c4a1e1600173.json,https://archive-api.open-meteo.com/v1/archive?latitude=15.830651574425117&longitude=-88.62922913829584&start_date=2020-09-25&end_date=2020-09-28&timezone=UTC&hourly=wind_speed_10m%2Cwind_direction_10m&models=era5&wind_speed_unit=ms&cell_selection=nearest,ok,891c88e1faab291bac3a3d8becb1a701724865c00ca37edc9e809688ed660aae,2948,2026-09-26T08:32:11.332059+00:00
patch:28-9-20_16PCC_8,wave,data/external/metocean/wave_39ab1d13a26188ee8095f844.json,https://marine-api.open-meteo.com/v1/marine?latitude=15.830651574425117&longitude=-88.62922913829584&start_date=2020-09-25&end_date=2020-09-28&timezone=UTC&hourly=wave_height%2Cwave_direction%2Cwave_period&models=era5_ocean&cell_selection=sea,ok,6a0bfcf08539ad8c419f658518914861a80d96ee066c3a351fcf26e232325b87,3395,2026-09-26T08:32:11.450436+00:00
patch:28-9-20_16PCC_8,current,data/external/metocean/current_48b4148382f5b0ba864e5ff6.nc,https://ncss.hycom.org/thredds/ncss/GLBy0.08/expt_93.0/uv3z/2020?var=water_u&var=water_v&north=15.911651574425116&south=15.749651574425117&west=-88.71022913829584&east=-88.54822913829584&time_start=2020-09-25T00%3A00%3A00Z&time_end=2020-09-28T23%3A59%3A59Z&vertCoord=0&accept=netcdf&disableProjSubset=on,ok,6134f4dcd2b1775f40477bf5f3b86143031f18fa96b43443f7053be4e3037303,5052,2026-09-26T08:32:11.849800+00:00
patch:28-9-20_16PCC_9,wind,data/external/metocean/wind_3cbaba878db0e605ea8c5e39.json,https://archive-api.open-meteo.com/v1/archive?latitude=15.807517141141664&longitude=-88.62904386778035&start_date=2020-09-25&end_date=2020-09-28&timezone=UTC&hourly=wind_speed_10m%2Cwind_direction_10m&models=era5&wind_speed_unit=ms&cell_selection=nearest,ok,42c1443015677e4a88359472fce3a84bc94aebd7add4e26b195c67e11445300e,2948,2026-09-26T08:32:11.575342+00:00
patch:28-9-20_16PCC_9,wave,data/external/metocean/wave_d4a26df590ed15a6221f1aa6.json,https://marine-api.open-meteo.com/v1/marine?latitude=15.807517141141664&longitude=-88.62904386778035&start_date=2020-09-25&end_date=2020-09-28&timezone=UTC&hourly=wave_height%2Cwave_direction%2Cwave_period&models=era5_ocean&cell_selection=sea,ok,55bd58220afb10f866ddf28f3aa14e9184809a6f838bb926ce78aeca8f75aa64,3396,2026-09-26T08:32:11.710662+00:00
patch:28-9-20_16PCC_9,current,data/external/metocean/current_fb9745f96bb5426004b397f0.nc,https://ncss.hycom.org/thredds/ncss/GLBy0.08/expt_93.0/uv3z/2020?var=water_u&var=water_v&north=15.888517141141664&south=15.726517141141665&west=-88.71004386778036&east=-88.54804386778035&time_start=2020-09-25T00%3A00%3A00Z&time_end=2020-09-28T23%3A59%3A59Z&vertCoord=0&accept=netcdf&disableProjSubset=on,ok,96b3f7d11112e45ec1aecc24d3642d08cfa9a5fcf151a93d8dcdebea49e59684,5052,2026-09-26T08:32:12.142976+00:00
patch:28-9-20_16PDC_1,wind,data/external/metocean/wind_8fc388f5f14c21923b8423e6.json,https://archive-api.open-meteo.com/v1/archive?latitude=15.920527421411444&longitude=-87.82737790045316&start_date=2020-09-25&end_date=2020-09-28&timezone=UTC&hourly=wind_speed_10m%2Cwind_direction_10m&models=era5&wind_speed_unit=ms&cell_selection=nearest,ok,08a3b5e6312ac2243429fef8518bd6d5a62859b4728852f21a7ab18167efefdf,2955,2026-09-26T08:32:11.833867+00:00
patch:28-9-20_16PDC_1,wave,data/external/metocean/wave_05c4be1e8e37532722c54db9.json,https://marine-api.open-meteo.com/v1/marine?latitude=15.920527421411444&longitude=-87.82737790045316&start_date=2020-09-25&end_date=2020-09-28&timezone=UTC&hourly=wave_height%2Cwave_direction%2Cwave_period&models=era5_ocean&cell_selection=sea,ok,85e67a7a81bd1402918406c70390a015eabe2cdd7555e049f4bd2aa5ec71518a,3396,2026-09-26T08:32:11.974541+00:00
patch:28-9-20_16PDC_1,current,data/external/metocean/current_663237786adc333d8007f62c.nc,https://ncss.hycom.org/thredds/ncss/GLBy0.08/expt_93.0/uv3z/2020?var=water_u&var=water_v&north=16.001527421411446&south=15.839527421411445&west=-87.90837790045316&east=-87.74637790045315&time_start=2020-09-25T00%3A00%3A00Z&time_end=2020-09-28T23%3A59%3A59Z&vertCoord=0&accept=netcdf&disableProjSubset=on,ok,14d28b411b796449a4668b6762a3d2894126f1bbaaad27aadd0c34f696ab5264,5052,2026-09-26T08:32:12.466918+00:00
patch:28-9-20_16PDC_10,wind,data/external/metocean/wind_565f53a12e3e0a65c16f0acd.json,https://archive-api.open-meteo.com/v1/archive?latitude=15.920952659606485&longitude=-87.70780015019834&start_date=2020-09-25&end_date=2020-09-28&timezone=UTC&hourly=wind_speed_10m%2Cwind_direction_10m&models=era5&wind_speed_unit=ms&cell_selection=nearest,ok,099115c3df0ce32add94ab992cc1257f07ed01475e4e61644220fc00ddf571b0,2956,2026-09-26T08:32:12.106663+00:00
patch:28-9-20_16PDC_10,wave,data/external/metocean/wave_e7d648db75c2b59f55ce8cd6.json,https://marine-api.open-meteo.com/v1/marine?latitude=15.920952659606485&longitude=-87.70780015019834&start_date=2020-09-25&end_date=2020-09-28&timezone=UTC&hourly=wave_height%2Cwave_direction%2Cwave_period&models=era5_ocean&cell_selection=sea,ok,3c008944eac71dd8135b7a599a365129771c795df3bdb92e1eaeb3ac69c57430,3395,2026-09-26T08:32:12.266210+00:00
patch:28-9-20_16PDC_10,current,data/external/metocean/current_0f94db5906b7c2ebb6fd28a3.nc,https://ncss.hycom.org/thredds/ncss/GLBy0.08/expt_93.0/uv3z/2020?var=water_u&var=water_v&north=16.001952659606484&south=15.839952659606485&west=-87.78880015019834&east=-87.62680015019833&time_start=2020-09-25T00%3A00%3A00Z&time_end=2020-09-28T23%3A59%3A59Z&vertCoord=0&accept=netcdf&disableProjSubset=on,ok,1c61361a783c386f64b9f37fb129270d76110d129c29477d9e709a10906e110d,5052,2026-09-26T08:32:12.708243+00:00
patch:28-9-20_16PDC_13,wind,data/external/metocean/wind_551b772c388bd47b2b295209.json,https://archive-api.open-meteo.com/v1/archive?latitude=16.245088416127473&longitude=-87.66103830047571&start_date=2020-09-25&end_date=2020-09-28&timezone=UTC&hourly=wind_speed_10m%2Cwind_direction_10m&models=era5&wind_speed_unit=ms&cell_selection=nearest,ok,73a2caedf06ba6e8a1dba65fcf605cef5d28d77e1d92b2ce35cb4496829d68bb,2956,2026-09-26T08:32:12.407262+00:00
patch:28-9-20_16PDC_13,wave,data/external/metocean/wave_af92aa26ef19e9b0568c9ebd.json,https://marine-api.open-meteo.com/v1/marine?latitude=16.245088416127473&longitude=-87.66103830047571&start_date=2020-09-25&end_date=2020-09-28&timezone=UTC&hourly=wave_height%2Cwave_direction%2Cwave_period&models=era5_ocean&cell_selection=sea,ok,d0ac47c864c1922ba1e92ade171c8f30510765164a45470f80f4874b5dbd43b7,3396,2026-09-26T08:32:12.548103+00:00
patch:28-9-20_16PDC_13,current,data/external/metocean/current_903a10e7d856ebdaca83cf5f.nc,https://ncss.hycom.org/thredds/ncss/GLBy0.08/expt_93.0/uv3z/2020?var=water_u&var=water_v&north=16.326088416127472&south=16.164088416127473&west=-87.74203830047571&east=-87.5800383004757&time_start=2020-09-25T00%3A00%3A00Z&time_end=2020-09-28T23%3A59%3A59Z&vertCoord=0&accept=netcdf&disableProjSubset=on,ok,04c9407c9ce54699ecbd242ac6a2bf8a132c150f51671253628cd162d3744582,5052,2026-09-26T08:32:13.016667+00:00
patch:28-9-20_16PDC_19,wind,data/external/metocean/wind_fc7a062a916fa2f6e869e00d.json,https://archive-api.open-meteo.com/v1/archive?latitude=16.10631193025985&longitude=-87.63663837092489&start_date=2020-09-25&end_date=2020-09-28&timezone=UTC&hourly=wind_speed_10m%2Cwind_direction_10m&models=era5&wind_speed_unit=ms&cell_selection=nearest,ok,4e30897864950c84c3ee453796aede47a0fb860f25f8887e9b40a37f50df5d96,2956,2026-09-26T08:32:12.766021+00:00
patch:28-9-20_16PDC_19,wave,data/external/metocean/wave_a89a79c5be6e7f12eb049dea.json,https://marine-api.open-meteo.com/v1/marine?latitude=16.10631193025985&longitude=-87.63663837092489&start_date=2020-09-25&end_date=2020-09-28&timezone=UTC&hourly=wave_height%2Cwave_direction%2Cwave_period&models=era5_ocean&cell_selection=sea,ok,a57f28a150c8242e74d9e210a8f3fb290b5659b86fdee202490e4460699d4c11,3396,2026-09-26T08:32:12.847728+00:00
patch:28-9-20_16PDC_19,current,data/external/metocean/current_d1010bb741a55ea8f8283169.nc,https://ncss.hycom.org/thredds/ncss/GLBy0.08/expt_93.0/uv3z/2020?var=water_u&var=water_v&north=16.18731193025985&south=16.02531193025985&west=-87.71763837092489&east=-87.55563837092488&time_start=2020-09-25T00%3A00%3A00Z&time_end=2020-09-28T23%3A59%3A59Z&vertCoord=0&accept=netcdf&disableProjSubset=on,ok,af37bfa82ccbeb02a066045700a0ad426490a771c084dbd81b33be669ca27460,5052,2026-09-26T08:32:13.289315+00:00
patch:28-9-20_16PDC_21,wind,data/external/metocean/wind_f98c2a6a197369ebca701617.json,https://archive-api.open-meteo.com/v1/archive?latitude=15.898033795462666&longitude=-87.63597909066607&start_date=2020-09-25&end_date=2020-09-28&timezone=UTC&hourly=wind_speed_10m%2Cwind_direction_10m&models=era5&wind_speed_unit=ms&cell_selection=nearest,ok,a338c1f560ddbc26d86c1abe72f7cfd8a87187749279067e03ccda6a4b7ac894,2954,2026-09-26T08:32:13.034080+00:00
patch:28-9-20_16PDC_21,wave,data/external/metocean/wave_7cc8b5669eccfac1078cbf98.json,https://marine-api.open-meteo.com/v1/marine?latitude=15.898033795462666&longitude=-87.63597909066607&start_date=2020-09-25&end_date=2020-09-28&timezone=UTC&hourly=wave_height%2Cwave_direction%2Cwave_period&models=era5_ocean&cell_selection=sea,ok,206a1b14009f1520703706b878c5e5ce6ad600c3cf2c9f5b4dde0dab1431404c,3395,2026-09-26T08:32:13.180268+00:00
patch:28-9-20_16PDC_21,current,data/external/metocean/current_b2632108f9acecc86b5ffb55.nc,https://ncss.hycom.org/thredds/ncss/GLBy0.08/expt_93.0/uv3z/2020?var=water_u&var=water_v&north=15.979033795462666&south=15.817033795462667&west=-87.71697909066607&east=-87.55497909066607&time_start=2020-09-25T00%3A00%3A00Z&time_end=2020-09-28T23%3A59%3A59Z&vertCoord=0&accept=netcdf&disableProjSubset=on,ok,c782ef134e1ed79b9f74cd7a0e5988f2c1d9d9bc7664cb9aeb4e56eee3f78002,5052,2026-09-26T08:32:13.683251+00:00
patch:28-9-20_16PDC_9,wind,data/external/metocean/wind_a39cd874ab6d57abf80ae836.json,https://archive-api.open-meteo.com/v1/archive?latitude=15.944094483411805&longitude=-87.70788126450168&start_date=2020-09-25&end_date=2020-09-28&timezone=UTC&hourly=wind_speed_10m%2Cwind_direction_10m&models=era5&wind_speed_unit=ms&cell_selection=nearest,ok,9cb30ccf115d3a56d4b569955dadf30963a20a6cc5a51d053ea1587db38d5dfb,2956,2026-09-26T08:32:13.344700+00:00
patch:28-9-20_16PDC_9,wave,data/external/metocean/wave_afe3fc23dc9cb9531df819d4.json,https://marine-api.open-meteo.com/v1/marine?latitude=15.944094483411805&longitude=-87.70788126450168&start_date=2020-09-25&end_date=2020-09-28&timezone=UTC&hourly=wave_height%2Cwave_direction%2Cwave_period&models=era5_ocean&cell_selection=sea,ok,f6af654931ba52a0a3c6d7296c6d32d2485441bd025d2cf1b63e187fce796111,3396,2026-09-26T08:32:13.470790+00:00
patch:28-9-20_16PDC_9,current,data/external/metocean/current_ee0ced66f10489eb44ac979e.nc,https://ncss.hycom.org/thredds/ncss/GLBy0.08/expt_93.0/uv3z/2020?var=water_u&var=water_v&north=16.025094483411806&south=15.863094483411805&west=-87.78888126450168&east=-87.62688126450168&time_start=2020-09-25T00%3A00%3A00Z&time_end=2020-09-28T23%3A59%3A59Z&vertCoord=0&accept=netcdf&disableProjSubset=on,ok,7476334d98a971d20df5c4bd0de57f734e0e17bf19240900d8a60edb583b05c1,5052,2026-09-26T08:32:13.858138+00:00
patch:30-8-18_16PCC_1,wind,data/external/metocean/wind_5a5cadaf4e4ce0cdf9a62276.json,https://archive-api.open-meteo.com/v1/archive?latitude=15.947212289813912&longitude=-88.67911280896847&start_date=2018-08-27&end_date=2018-08-30&timezone=UTC&hourly=wind_speed_10m%2Cwind_direction_10m&models=era5&wind_speed_unit=ms&cell_selection=nearest,ok,4d920a6b07375871dc7f8d3a01fe4d675043954ccbd80dffcd91604ebda23158,2907,2026-09-26T08:32:13.589745+00:00
patch:30-8-18_16PCC_1,wave,data/external/metocean/wave_bf014da5d22f3759e2273728.json,https://marine-api.open-meteo.com/v1/marine?latitude=15.947212289813912&longitude=-88.67911280896847&start_date=2018-08-27&end_date=2018-08-30&timezone=UTC&hourly=wave_height%2Cwave_direction%2Cwave_period&models=era5_ocean&cell_selection=sea,ok,8d9e8f5bdd019271fe885742f3c6bb3306f6bde767e2a942e7516f118837b2aa,3396,2026-09-26T08:32:13.741791+00:00
patch:30-8-18_16PCC_1,current,data/external/metocean/current_961792446450e7fe29241427.nc,https://ncss.hycom.org/thredds/ncss/GLBv0.08/expt_93.0/uv3z?var=water_u&var=water_v&north=16.02821228981391&south=15.866212289813912&west=-88.76011280896847&east=-88.59811280896847&time_start=2018-08-27T00%3A00%3A00Z&time_end=2018-08-30T23%3A59%3A59Z&vertCoord=0&accept=netcdf&disableProjSubset=on,ok,30b7be90453ff54ab32d57ca95db86dd5256a405ad5b3550566dd1e896fc1a93,4624,2026-09-26T08:32:17.061770+00:00
patch:30-8-18_16PCC_17,wind,data/external/metocean/wind_16d9ecc658d7ca938a6647ef.json,https://archive-api.open-meteo.com/v1/archive?latitude=15.78581721228851&longitude=-88.6060967253439&start_date=2018-08-27&end_date=2018-08-30&timezone=UTC&hourly=wind_speed_10m%2Cwind_direction_10m&models=era5&wind_speed_unit=ms&cell_selection=nearest,ok,9d66dbef17ebb44af20855cc366a87757cf46f2175b29eebf59e4eaa6b3146da,2920,2026-09-26T08:32:14.011125+00:00
patch:30-8-18_16PCC_17,wave,data/external/metocean/wave_daa388d6c6fd5a76a8123e2e.json,https://marine-api.open-meteo.com/v1/marine?latitude=15.78581721228851&longitude=-88.6060967253439&start_date=2018-08-27&end_date=2018-08-30&timezone=UTC&hourly=wave_height%2Cwave_direction%2Cwave_period&models=era5_ocean&cell_selection=sea,ok,0d86e36733c097c2fc9d4e2cfeb6580a1c63c759156bce978f379dffb109bec2,3395,2026-09-26T08:32:14.084664+00:00
patch:30-8-18_16PCC_17,current,data/external/metocean/current_7d67edfcc927fa9cab8bb4a5.nc,https://ncss.hycom.org/thredds/ncss/GLBv0.08/expt_93.0/uv3z?var=water_u&var=water_v&north=15.86681721228851&south=15.70481721228851&west=-88.6870967253439&east=-88.5250967253439&time_start=2018-08-27T00%3A00%3A00Z&time_end=2018-08-30T23%3A59%3A59Z&vertCoord=0&accept=netcdf&disableProjSubset=on,ok,d5145dd5ac9df3d1521c052ccbb603af1cc6ebfcab66f588df58f6c4cd44686a,4232,2026-09-26T08:32:17.061543+00:00
patch:30-8-18_16PCC_22,wind,data/external/metocean/wind_7e4fb955cfae5b4b3c2eee1e.json,https://archive-api.open-meteo.com/v1/archive?latitude=16.040650136872827&longitude=-88.56027424453771&start_date=2018-08-27&end_date=2018-08-30&timezone=UTC&hourly=wind_speed_10m%2Cwind_direction_10m&models=era5&wind_speed_unit=ms&cell_selection=nearest,ok,079f70d8dc8c83ac7499fe747116fc7f681cc62f872cd4667184edff80d2fe89,2907,2026-09-26T08:32:14.263049+00:00
patch:30-8-18_16PCC_22,wave,data/external/metocean/wave_9fd50018e5016314b6cba076.json,https://marine-api.open-meteo.com/v1/marine?latitude=16.040650136872827&longitude=-88.56027424453771&start_date=2018-08-27&end_date=2018-08-30&timezone=UTC&hourly=wave_height%2Cwave_direction%2Cwave_period&models=era5_ocean&cell_selection=sea,ok,f768eff1ceaa6a08f53449a2be28da2786acaf50ca7163c1093d36a89fa209ac,3396,2026-09-26T08:32:14.379594+00:00
patch:30-8-18_16PCC_22,current,data/external/metocean/current_5da69864624fe844d52394de.nc,https://ncss.hycom.org/thredds/ncss/GLBv0.08/expt_93.0/uv3z?var=water_u&var=water_v&north=16.121650136872827&south=15.959650136872828&west=-88.64127424453771&east=-88.4792742445377&time_start=2018-08-27T00%3A00%3A00Z&time_end=2018-08-30T23%3A59%3A59Z&vertCoord=0&accept=netcdf&disableProjSubset=on,ok,f9281b5a8c2c6f7a73a0cc2c8a4486d8ce47a385203bf71197725e7a8ddb89fb,4624,2026-09-26T08:32:17.062152+00:00
patch:30-8-18_16PCC_28,wind,data/external/metocean/wind_877dc05b8faab4430fccb9e0.json,https://archive-api.open-meteo.com/v1/archive?latitude=15.764892488621935&longitude=-88.27143172198303&start_date=2018-08-27&end_date=2018-08-30&timezone=UTC&hourly=wind_speed_10m%2Cwind_direction_10m&models=era5&wind_speed_unit=ms&cell_selection=nearest,ok,6706b63514164070a4f984388d9958510efc3a88c160863fcf7d6240918f5b70,2920,2026-09-26T08:32:14.659224+00:00
patch:30-8-18_16PCC_28,wave,data/external/metocean/wave_c930522dea76136cf1c6ba92.json,https://marine-api.open-meteo.com/v1/marine?latitude=15.764892488621935&longitude=-88.27143172198303&start_date=2018-08-27&end_date=2018-08-30&timezone=UTC&hourly=wave_height%2Cwave_direction%2Cwave_period&models=era5_ocean&cell_selection=sea,ok,3ba8df6d8ad349a9e90b3a6e9ecf9435f0626e7370c7612d88deac730ea2a1a8,3396,2026-09-26T08:32:14.961189+00:00
patch:30-8-18_16PCC_28,current,data/external/metocean/current_fb5072db53c7b080914dec90.nc,https://ncss.hycom.org/thredds/ncss/GLBv0.08/expt_93.0/uv3z?var=water_u&var=water_v&north=15.845892488621935&south=15.683892488621936&west=-88.35243172198304&east=-88.19043172198303&time_start=2018-08-27T00%3A00%3A00Z&time_end=2018-08-30T23%3A59%3A59Z&vertCoord=0&accept=netcdf&disableProjSubset=on,ok,7602286deb8c4bb0f9fdf957cd3625cfe81d9a445ee3a96f45d0fd8627c430c0,4232,2026-09-26T08:32:17.061914+00:00
patch:30-8-18_16PCC_35,wind,data/external/metocean/wind_659f9497c0e2193fc6f9b883.json,https://archive-api.open-meteo.com/v1/archive?latitude=15.788568648155731&longitude=-88.17598940808726&start_date=2018-08-27&end_date=2018-08-30&timezone=UTC&hourly=wind_speed_10m%2Cwind_direction_10m&models=era5&wind_speed_unit=ms&cell_selection=nearest,ok,4ee131c880ca3cd03199aca177714474faeb591fd47f815c3464c7d81120f1b9,2923,2026-09-26T08:32:17.319273+00:00
patch:30-8-18_16PCC_35,wave,data/external/metocean/wave_b9df24bd3cda8bef2c981935.json,https://marine-api.open-meteo.com/v1/marine?latitude=15.788568648155731&longitude=-88.17598940808726&start_date=2018-08-27&end_date=2018-08-30&timezone=UTC&hourly=wave_height%2Cwave_direction%2Cwave_period&models=era5_ocean&cell_selection=sea,ok,04c8be6390122f789289c1716840e896820858c16d25c4dd4239a181a7ed9992,3395,2026-09-26T08:32:17.331894+00:00
patch:30-8-18_16PCC_35,current,data/external/metocean/current_6fb2de69d57a29e20cb4e4b7.nc,https://ncss.hycom.org/thredds/ncss/GLBv0.08/expt_93.0/uv3z?var=water_u&var=water_v&north=15.869568648155731&south=15.707568648155732&west=-88.25698940808726&east=-88.09498940808726&time_start=2018-08-27T00%3A00%3A00Z&time_end=2018-08-30T23%3A59%3A59Z&vertCoord=0&accept=netcdf&disableProjSubset=on,ok,abafdfa59aaf87f5cd382163f9f26a0e0edb364074e9846805e672845611bfbb,4232,2026-09-26T08:32:18.182482+00:00
patch:30-8-18_16PCC_5,wind,data/external/metocean/wind_9fb607d41fc85825c81cc772.json,https://archive-api.open-meteo.com/v1/archive?latitude=15.94739728771439&longitude=-88.65520213409127&start_date=2018-08-27&end_date=2018-08-30&timezone=UTC&hourly=wind_speed_10m%2Cwind_direction_10m&models=era5&wind_speed_unit=ms&cell_selection=nearest,ok,fe7f54c7e9093d260038e7b345190c89a2e5ba5d38ec5f6362625ff9d1774ee5,2908,2026-09-26T08:32:17.319371+00:00
patch:30-8-18_16PCC_5,wave,data/external/metocean/wave_84423e44feeef846ddc50a22.json,https://marine-api.open-meteo.com/v1/marine?latitude=15.94739728771439&longitude=-88.65520213409127&start_date=2018-08-27&end_date=2018-08-30&timezone=UTC&hourly=wave_height%2Cwave_direction%2Cwave_period&models=era5_ocean&cell_selection=sea,ok,4d12d0fcdffe3837408e8e37e8df14b96224c54b281642ea3098c7ee7399f21b,3396,2026-09-26T08:32:17.593616+00:00
patch:30-8-18_16PCC_5,current,data/external/metocean/current_c9009fa31f6474f25ffffe99.nc,https://ncss.hycom.org/thredds/ncss/GLBv0.08/expt_93.0/uv3z?var=water_u&var=water_v&north=16.02839728771439&south=15.86639728771439&west=-88.73620213409127&east=-88.57420213409127&time_start=2018-08-27T00%3A00%3A00Z&time_end=2018-08-30T23%3A59%3A59Z&vertCoord=0&accept=netcdf&disableProjSubset=on,ok,a3f1863ca9ebaddf147795eda482db8cc85fff173a82a11aaf34c85e9b341fa8,4232,2026-09-26T08:32:17.938985+00:00
patch:1-12-19_48MYU_0,wind,data/external/metocean/wind_a95a7e01be167c87b94df2fd.json,https://archive-api.open-meteo.com/v1/archive?latitude=-5.970694295632106&longitude=106.87921970868769&start_date=2019-11-28&end_date=2019-12-01&timezone=UTC&hourly=wind_speed_10m%2Cwind_direction_10m&models=era5&wind_speed_unit=ms&cell_selection=nearest,ok,819ead87d5bbc13cecc072a91eb6c215ef72a9ac3df3dce7a403f46b0c5dbc60,2955,2026-09-26T08:32:17.580340+00:00
patch:1-12-19_48MYU_0,wave,data/external/metocean/wave_242319d2ce8f636dd72ce3e4.json,https://marine-api.open-meteo.com/v1/marine?latitude=-5.970694295632106&longitude=106.87921970868769&start_date=2019-11-28&end_date=2019-12-01&timezone=UTC&hourly=wave_height%2Cwave_direction%2Cwave_period&models=era5_ocean&cell_selection=sea,ok,63e33b1249d523c68d1d1636f6e5c261761c44e8cbb0f309725ed2311f0303b7,3395,2026-09-26T08:32:17.854924+00:00
patch:1-12-19_48MYU_0,current,data/external/metocean/current_b7aa3ad32a7049c2245a9278.nc,https://ncss.hycom.org/thredds/ncss/GLBy0.08/expt_93.0/uv3z/2019?var=water_u&var=water_v&north=-5.889694295632106&south=-6.051694295632107&west=106.79821970868768&east=106.96021970868769&time_start=2019-11-28T00%3A00%3A00Z&time_end=2019-12-01T23%3A59%3A59Z&vertCoord=0&accept=netcdf&disableProjSubset=on,ok,373283d6c624f4cb25adf365dd593aa4c74c1aa5936cc8f265d2a8671e8c6b8c,5052,2026-09-26T08:32:25.240791+00:00
patch:1-12-19_48MYU_1,wind,data/external/metocean/wind_6100a8f5a471b12a5287a37b.json,https://archive-api.open-meteo.com/v1/archive?latitude=-5.9706148140941675&longitude=106.90233774934144&start_date=2019-11-28&end_date=2019-12-01&timezone=UTC&hourly=wind_speed_10m%2Cwind_direction_10m&models=era5&wind_speed_unit=ms&cell_selection=nearest,ok,59f6e48ec245596b7d2627e53f7be6db4a7b5c88de64426a1cd163f6ac8254fa,2956,2026-09-26T08:32:18.108632+00:00
patch:1-12-19_48MYU_1,wave,data/external/metocean/wave_7c2a28e86f3ede81cbcaf095.json,https://marine-api.open-meteo.com/v1/marine?latitude=-5.9706148140941675&longitude=106.90233774934144&start_date=2019-11-28&end_date=2019-12-01&timezone=UTC&hourly=wave_height%2Cwave_direction%2Cwave_period&models=era5_ocean&cell_selection=sea,ok,3867a7a5a380babdfcd023670d142de7b9a0f3aeea25495589e4f4961994d101,3396,2026-09-26T08:32:18.217692+00:00
patch:1-12-19_48MYU_1,current,data/external/metocean/current_a6cca08a6218ca7b22eb2fd0.nc,https://ncss.hycom.org/thredds/ncss/GLBy0.08/expt_93.0/uv3z/2019?var=water_u&var=water_v&north=-5.889614814094167&south=-6.051614814094168&west=106.82133774934144&east=106.98333774934144&time_start=2019-11-28T00%3A00%3A00Z&time_end=2019-12-01T23%3A59%3A59Z&vertCoord=0&accept=netcdf&disableProjSubset=on,ok,b20f668f266e7b1acf7970b6d58f4297923499791a042efa185c8de6b7d089b0,5052,2026-09-26T08:32:25.220151+00:00
patch:1-12-19_48MYU_2,wind,data/external/metocean/wind_64d75dfcb431dd2647f968b4.json,https://archive-api.open-meteo.com/v1/archive?latitude=-5.993760562759735&longitude=106.90241777738264&start_date=2019-11-28&end_date=2019-12-01&timezone=UTC&hourly=wind_speed_10m%2Cwind_direction_10m&models=era5&wind_speed_unit=ms&cell_selection=nearest,ok,0da521faed19db8e2ae8f2905bcedf873389157d51684506fee21ddc4ea575b3,2957,2026-09-26T08:32:18.425295+00:00
patch:1-12-19_48MYU_2,wave,data/external/metocean/wave_41fd6b691265d74a5d46b1b8.json,https://marine-api.open-meteo.com/v1/marine?latitude=-5.993760562759735&longitude=106.90241777738264&start_date=2019-11-28&end_date=2019-12-01&timezone=UTC&hourly=wave_height%2Cwave_direction%2Cwave_period&models=era5_ocean&cell_selection=sea,ok,a7fa7245f7f3727e19b3d4b8e6874c9a2209d8bd5210047b6394363e9ae191ab,3396,2026-09-26T08:32:18.475142+00:00
patch:1-12-19_48MYU_2,current,data/external/metocean/current_da1740b35b87c8147ef4595c.nc,https://ncss.hycom.org/thredds/ncss/GLBy0.08/expt_93.0/uv3z/2019?var=water_u&var=water_v&north=-5.912760562759734&south=-6.074760562759735&west=106.82141777738263&east=106.98341777738264&time_start=2019-11-28T00%3A00%3A00Z&time_end=2019-12-01T23%3A59%3A59Z&vertCoord=0&accept=netcdf&disableProjSubset=on,ok,a18ede9afbb0740b8f7b9bdab9ec49404fe311b4ede058fd9711f88efa91f25f,5052,2026-09-26T08:32:25.233679+00:00
patch:1-12-19_48MYU_3,wind,data/external/metocean/wind_7d916b273d275c625b026a8b.json,https://archive-api.open-meteo.com/v1/archive?latitude=-6.016906290854227&longitude=106.90249812069858&start_date=2019-11-28&end_date=2019-12-01&timezone=UTC&hourly=wind_speed_10m%2Cwind_direction_10m&models=era5&wind_speed_unit=ms&cell_selection=nearest,ok,c0d27f7db74639983221dc429285b51d3041176bcce373997c22f17fb41b1339,2956,2026-09-26T08:32:18.728105+00:00
patch:1-12-19_48MYU_3,wave,data/external/metocean/wave_454bf9e829fbbc2ca4f4d116.json,https://marine-api.open-meteo.com/v1/marine?latitude=-6.016906290854227&longitude=106.90249812069858&start_date=2019-11-28&end_date=2019-12-01&timezone=UTC&hourly=wave_height%2Cwave_direction%2Cwave_period&models=era5_ocean&cell_selection=sea,ok,dc1e97e16587e0bec028839de93f3fc69ec97a10d0bbbeca9dbf88aa916e78c9,3395,2026-09-26T08:32:19.031856+00:00
patch:1-12-19_48MYU_3,current,data/external/metocean/current_2d8daebcc0ba9099a18051c0.nc,https://ncss.hycom.org/thredds/ncss/GLBy0.08/expt_93.0/uv3z/2019?var=water_u&var=water_v&north=-5.935906290854226&south=-6.097906290854227&west=106.82149812069858&east=106.98349812069858&time_start=2019-11-28T00%3A00%3A00Z&time_end=2019-12-01T23%3A59%3A59Z&vertCoord=0&accept=netcdf&disableProjSubset=on,ok,38f046ee0db321a02a3d1fa7c1ee026a8f7d7462bda37738876c3f44bd2c80df,5052,2026-09-26T08:32:25.227608+00:00
patch:14-12-20_18QYF_0,wind,data/external/metocean/wind_398a2b79193856047008384e.json,https://archive-api.open-meteo.com/v1/archive?latitude=18.574810824658886&longitude=-72.39122024868774&start_date=2020-12-11&end_date=2020-12-14&timezone=UTC&hourly=wind_speed_10m%2Cwind_direction_10m&models=era5&wind_speed_unit=ms&cell_selection=nearest,ok,cb899ab9014c4383ed9194b4e0d4ee7c69a58bf498707bfa8338d3951b7fb5c9,2963,2026-09-26T08:32:25.462208+00:00
patch:14-12-20_18QYF_0,wave,data/external/metocean/wave_b0272d04733ee8f14fb1c4dd.json,https://marine-api.open-meteo.com/v1/marine?latitude=18.574810824658886&longitude=-72.39122024868774&start_date=2020-12-11&end_date=2020-12-14&timezone=UTC&hourly=wave_height%2Cwave_direction%2Cwave_period&models=era5_ocean&cell_selection=sea,ok,d583c6f0af354099837029f9389318a3b6e4441741e113eb9656650d2c038c83,3492,2026-09-26T08:32:25.491352+00:00
patch:14-12-20_18QYF_0,current,data/external/metocean/current_7a07b434944527b72d3435c5.nc,https://ncss.hycom.org/thredds/ncss/GLBy0.08/expt_93.0/uv3z/2020?var=water_u&var=water_v&north=18.655810824658886&south=18.493810824658887&west=-72.47222024868775&east=-72.31022024868774&time_start=2020-12-11T00%3A00%3A00Z&time_end=2020-12-14T23%3A59%3A59Z&vertCoord=0&accept=netcdf&disableProjSubset=on,ok,71eb10e367fbd838a84d87b9d7a7a5b05292740b2dd3d7ec784da2dd184ddcd8,5052,2026-09-26T08:32:27.274103+00:00
patch:14-12-20_18QYF_1,wind,data/external/metocean/wind_03fdc453d40aade6f6f4ba9f.json,https://archive-api.open-meteo.com/v1/archive?latitude=18.55169737533549&longitude=-72.39157176378987&start_date=2020-12-11&end_date=2020-12-14&timezone=UTC&hourly=wind_speed_10m%2Cwind_direction_10m&models=era5&wind_speed_unit=ms&cell_selection=nearest,ok,a532ff8bd1a4d2375c5a6de14d6d505b0ceac191852e40f052b1921e65c98cfe,2963,2026-09-26T08:32:25.476088+00:00
patch:14-12-20_18QYF_1,wave,data/external/metocean/wave_d7d3f027a7472cb5b63993b9.json,https://marine-api.open-meteo.com/v1/marine?latitude=18.55169737533549&longitude=-72.39157176378987&start_date=2020-12-11&end_date=2020-12-14&timezone=UTC&hourly=wave_height%2Cwave_direction%2Cwave_period&models=era5_ocean&cell_selection=sea,ok,001320f321fb6b025b374b963a5c10cb05d17d7dcb5cb3d517f7082f29c9f8d5,3492,2026-09-26T08:32:25.725977+00:00
patch:14-12-20_18QYF_1,current,data/external/metocean/current_5239d7268beec8182e63728a.nc,https://ncss.hycom.org/thredds/ncss/GLBy0.08/expt_93.0/uv3z/2020?var=water_u&var=water_v&north=18.63269737533549&south=18.47069737533549&west=-72.47257176378987&east=-72.31057176378987&time_start=2020-12-11T00%3A00%3A00Z&time_end=2020-12-14T23%3A59%3A59Z&vertCoord=0&accept=netcdf&disableProjSubset=on,ok,2e4f09cd903e71e2d47b6869313e25466c1bad80954649d8e0cd2856981fb2c1,5052,2026-09-26T08:32:27.360717+00:00
patch:14-12-20_18QYF_2,wind,data/external/metocean/wind_34251d5a64d266ba8104c579.json,https://archive-api.open-meteo.com/v1/archive?latitude=18.57447380190896&longitude=-72.36698368282508&start_date=2020-12-11&end_date=2020-12-14&timezone=UTC&hourly=wind_speed_10m%2Cwind_direction_10m&models=era5&wind_speed_unit=ms&cell_selection=nearest,ok,a9fbbd2ef990152ad3e6b90cfd23e1e6aa8f74f38ab7c7b7c24d135c42ce25f8,2943,2026-09-26T08:32:25.732799+00:00
patch:14-12-20_18QYF_2,wave,data/external/metocean/wave_58730f96c051ffaee52e20a5.json,https://marine-api.open-meteo.com/v1/marine?latitude=18.57447380190896&longitude=-72.36698368282508&start_date=2020-12-11&end_date=2020-12-14&timezone=UTC&hourly=wave_height%2Cwave_direction%2Cwave_period&models=era5_ocean&cell_selection=sea,ok,2750ff31448a720ab44740b1e139d293274152fc5f38b2b3466af1445d67eac1,3492,2026-09-26T08:32:25.990148+00:00
patch:14-12-20_18QYF_2,current,data/external/metocean/current_ce56478426985e78811f3744.nc,https://ncss.hycom.org/thredds/ncss/GLBy0.08/expt_93.0/uv3z/2020?var=water_u&var=water_v&north=18.65547380190896&south=18.493473801908962&west=-72.44798368282508&east=-72.28598368282508&time_start=2020-12-11T00%3A00%3A00Z&time_end=2020-12-14T23%3A59%3A59Z&vertCoord=0&accept=netcdf&disableProjSubset=on,ok,c375a014e411ab2d9d200eb7412840ef3b8b3a1002d0e49cb1b053a398ad1402,5052,2026-09-26T08:32:27.273732+00:00
patch:14-12-20_18QYF_3,wind,data/external/metocean/wind_05e355fa73a6ac9beab124af.json,https://archive-api.open-meteo.com/v1/archive?latitude=18.55136080168988&longitude=-72.36733845448143&start_date=2020-12-11&end_date=2020-12-14&timezone=UTC&hourly=wind_speed_10m%2Cwind_direction_10m&models=era5&wind_speed_unit=ms&cell_selection=nearest,ok,b3829655386fd7279ceb5d96ed94d8607bb19d284475926c0c29387ec184e902,2942,2026-09-26T08:32:26.242539+00:00
patch:14-12-20_18QYF_3,wave,data/external/metocean/wave_bacffef769046ec30fbebb7d.json,https://marine-api.open-meteo.com/v1/marine?latitude=18.55136080168988&longitude=-72.36733845448143&start_date=2020-12-11&end_date=2020-12-14&timezone=UTC&hourly=wave_height%2Cwave_direction%2Cwave_period&models=era5_ocean&cell_selection=sea,ok,73175d4082d854068fea9c61eb858f84b39b8cfcf0463867bb2077c799237ad5,3492,2026-09-26T08:32:26.510328+00:00
patch:14-12-20_18QYF_3,current,data/external/metocean/current_699453f107b089dad1bbbf95.nc,https://ncss.hycom.org/thredds/ncss/GLBy0.08/expt_93.0/uv3z/2020?var=water_u&var=water_v&north=18.63236080168988&south=18.470360801689882&west=-72.44833845448143&east=-72.28633845448142&time_start=2020-12-11T00%3A00%3A00Z&time_end=2020-12-14T23%3A59%3A59Z&vertCoord=0&accept=netcdf&disableProjSubset=on,ok,dae81fa9d775f62f832882409e7ec1b7bb0b89481fd0de42cd3629795f54bb8b,5052,2026-09-26T08:32:27.281549+00:00
patch:15-10-20_18QYF_0,wind,data/external/metocean/wind_3095e99532070e9401698708.json,https://archive-api.open-meteo.com/v1/archive?latitude=18.73907258764708&longitude=-72.53070348015524&start_date=2020-10-12&end_date=2020-10-15&timezone=UTC&hourly=wind_speed_10m%2Cwind_direction_10m&models=era5&wind_speed_unit=ms&cell_selection=nearest,ok,3b46cbc134a6ffee618f602d7670a511908c97dba3fa0af7d9f30d509127a5bc,2967,2026-09-26T08:32:27.526277+00:00
patch:15-10-20_18QYF_0,wave,data/external/metocean/wave_71ce9bbdf25c66b7c9cf5efb.json,https://marine-api.open-meteo.com/v1/marine?latitude=18.73907258764708&longitude=-72.53070348015524&start_date=2020-10-12&end_date=2020-10-15&timezone=UTC&hourly=wave_height%2Cwave_direction%2Cwave_period&models=era5_ocean&cell_selection=sea,ok,24e949ccab80af1501da9fa9078fff0492b63e9d4b143f17099316557c6cfd14,3416,2026-09-26T08:32:27.552696+00:00
patch:15-10-20_18QYF_0,current,data/external/metocean/current_1a79e38d1a2824a6d4ddc0a5.nc,https://ncss.hycom.org/thredds/ncss/GLBy0.08/expt_93.0/uv3z/2020?var=water_u&var=water_v&north=18.82007258764708&south=18.65807258764708&west=-72.61170348015524&east=-72.44970348015524&time_start=2020-10-12T00%3A00%3A00Z&time_end=2020-10-15T23%3A59%3A59Z&vertCoord=0&accept=netcdf&disableProjSubset=on,ok,95a4c594f0579078cc2ad843fa109a9ae11dd58f7593fd90ccc309325f4b984c,5444,2026-09-26T08:32:30.885664+00:00
patch:15-10-20_18QYF_10,wind,data/external/metocean/wind_6ff6679d9a9002baca6595ff.json,https://archive-api.open-meteo.com/v1/archive?latitude=18.15549102760402&longitude=-72.31741192533521&start_date=2020-10-12&end_date=2020-10-15&timezone=UTC&hourly=wind_speed_10m%2Cwind_direction_10m&models=era5&wind_speed_unit=ms&cell_selection=nearest,ok,8ba0979316bb97aed5290d5b76771665af201336f4ee1b3ae187e877305428f0,2971,2026-09-26T08:32:27.603611+00:00
patch:15-10-20_18QYF_10,wave,data/external/metocean/wave_6145e3bf33fe43c7acbc9d31.json,https://marine-api.open-meteo.com/v1/marine?latitude=18.15549102760402&longitude=-72.31741192533521&start_date=2020-10-12&end_date=2020-10-15&timezone=UTC&hourly=wave_height%2Cwave_direction%2Cwave_period&models=era5_ocean&cell_selection=sea,ok,639acd3b553abebe105fb3b122a1b4a562eb34276a1dad7851ca86fc257dc8e1,3492,2026-09-26T08:32:27.783328+00:00
patch:15-10-20_18QYF_10,current,data/external/metocean/current_940e55e581b5b741280a7643.nc,https://ncss.hycom.org/thredds/ncss/GLBy0.08/expt_93.0/uv3z/2020?var=water_u&var=water_v&north=18.236491027604018&south=18.07449102760402&west=-72.39841192533521&east=-72.2364119253352&time_start=2020-10-12T00%3A00%3A00Z&time_end=2020-10-15T23%3A59%3A59Z&vertCoord=0&accept=netcdf&disableProjSubset=on,ok,f2fad7a81ae2c4a7e9fe450c26bfa2ce43b11d323c575a9fe0017b1c2ddba182,5052,2026-09-26T08:32:30.870086+00:00
patch:15-10-20_18QYF_3,wind,data/external/metocean/wind_dd23abd849a456d1a9a78f1d.json,https://archive-api.open-meteo.com/v1/archive?latitude=18.69219635642836&longitude=-72.4828633440347&start_date=2020-10-12&end_date=2020-10-15&timezone=UTC&hourly=wind_speed_10m%2Cwind_direction_10m&models=era5&wind_speed_unit=ms&cell_selection=nearest,ok,7a43beed3b5a29fa4485b9a0c0052087551d29198a1c1af28986f7dac24e4818,2967,2026-09-26T08:32:27.850354+00:00
patch:15-10-20_18QYF_3,wave,data/external/metocean/wave_50b5a0a569d1ed08de71e585.json,https://marine-api.open-meteo.com/v1/marine?latitude=18.69219635642836&longitude=-72.4828633440347&start_date=2020-10-12&end_date=2020-10-15&timezone=UTC&hourly=wave_height%2Cwave_direction%2Cwave_period&models=era5_ocean&cell_selection=sea,ok,8d32631fa23b50521157cf111cbbf382142ee687375cad019c72d0b56e1f0630,3417,2026-09-26T08:32:28.060879+00:00
patch:15-10-20_18QYF_3,current,data/external/metocean/current_cb78b2a014f78b08c567d3d2.nc,https://ncss.hycom.org/thredds/ncss/GLBy0.08/expt_93.0/uv3z/2020?var=water_u&var=water_v&north=18.77319635642836&south=18.611196356428362&west=-72.5638633440347&east=-72.4018633440347&time_start=2020-10-12T00%3A00%3A00Z&time_end=2020-10-15T23%3A59%3A59Z&vertCoord=0&accept=netcdf&disableProjSubset=on,ok,258e251163d795f4b2d080adf772e9f0e17bc7c65d97372ada0b24bd17951765,5052,2026-09-26T08:32:30.875942+00:00
patch:15-10-20_18QYF_5,wind,data/external/metocean/wind_88fcdbb6a423caff115f26b7.json,https://archive-api.open-meteo.com/v1/archive?latitude=18.66809177768444&longitude=-72.41045127917313&start_date=2020-10-12&end_date=2020-10-15&timezone=UTC&hourly=wind_speed_10m%2Cwind_direction_10m&models=era5&wind_speed_unit=ms&cell_selection=nearest,ok,73b3e76e726282215ee23266d907b6d5d4e50f5511c8eacdf584fe02ede05402,2967,2026-09-26T08:32:28.316539+00:00
patch:15-10-20_18QYF_5,wave,data/external/metocean/wave_64787f786564435953cbf1b6.json,https://marine-api.open-meteo.com/v1/marine?latitude=18.66809177768444&longitude=-72.41045127917313&start_date=2020-10-12&end_date=2020-10-15&timezone=UTC&hourly=wave_height%2Cwave_direction%2Cwave_period&models=era5_ocean&cell_selection=sea,ok,8713deca4f26692ae10cd253d12f7243f74baa9d31a7a17b74b00fe595e59d51,3492,2026-09-26T08:32:28.572573+00:00
patch:15-10-20_18QYF_5,current,data/external/metocean/current_7c7bcd2e31df9e50af190401.nc,https://ncss.hycom.org/thredds/ncss/GLBy0.08/expt_93.0/uv3z/2020?var=water_u&var=water_v&north=18.74909177768444&south=18.587091777684442&west=-72.49145127917313&east=-72.32945127917313&time_start=2020-10-12T00%3A00%3A00Z&time_end=2020-10-15T23%3A59%3A59Z&vertCoord=0&accept=netcdf&disableProjSubset=on,ok,9c224a507b8b2270046a85d8cb7616363f492b7c8b49182beb01607e83ff7176,5052,2026-09-26T08:32:30.877282+00:00
patch:15-10-20_18QYF_8,wind,data/external/metocean/wind_28c1cc0f77dd261b579cfb7b.json,https://archive-api.open-meteo.com/v1/archive?latitude=18.667755608250875&longitude=-72.38620112062668&start_date=2020-10-12&end_date=2020-10-15&timezone=UTC&hourly=wind_speed_10m%2Cwind_direction_10m&models=era5&wind_speed_unit=ms&cell_selection=nearest,ok,44720a49ebdf9050cf836c887d0a454b35c8768510fd812d3f5b0839a42f5049,2967,2026-09-26T08:32:31.217059+00:00
patch:15-10-20_18QYF_8,wave,data/external/metocean/wave_a624a78752ff65c446e85e99.json,https://marine-api.open-meteo.com/v1/marine?latitude=18.667755608250875&longitude=-72.38620112062668&start_date=2020-10-12&end_date=2020-10-15&timezone=UTC&hourly=wave_height%2Cwave_direction%2Cwave_period&models=era5_ocean&cell_selection=sea,ok,6379a5293f9d9d16a4b85e65ee18d3ca72c338fc07f7afdc38e90884fac94e60,3491,2026-09-26T08:32:31.216788+00:00
patch:15-10-20_18QYF_8,current,data/external/metocean/current_7b236bb78de932519786656b.nc,https://ncss.hycom.org/thredds/ncss/GLBy0.08/expt_93.0/uv3z/2020?var=water_u&var=water_v&north=18.748755608250875&south=18.586755608250876&west=-72.46720112062668&east=-72.30520112062668&time_start=2020-10-12T00%3A00%3A00Z&time_end=2020-10-15T23%3A59%3A59Z&vertCoord=0&accept=netcdf&disableProjSubset=on,ok,62ef68f63f6d95e55fb655fb2489683f2b0babf8d0ac7ccc8867b9a374b797eb,5052,2026-09-26T08:32:31.567715+00:00
patch:15-10-20_18QYF_9,wind,data/external/metocean/wind_c300ed8b5a6b325341cfd04f.json,https://archive-api.open-meteo.com/v1/archive?latitude=18.644642479346302&longitude=-72.38655520442036&start_date=2020-10-12&end_date=2020-10-15&timezone=UTC&hourly=wind_speed_10m%2Cwind_direction_10m&models=era5&wind_speed_unit=ms&cell_selection=nearest,ok,70f06128169cd278879ce4ada8616fb17ef0a880505d1f8a1909cd9832c91b55,2968,2026-09-26T08:32:31.217125+00:00
patch:15-10-20_18QYF_9,wave,data/external/metocean/wave_2f29a9432a4222c58f4d7ada.json,https://marine-api.open-meteo.com/v1/marine?latitude=18.644642479346302&longitude=-72.38655520442036&start_date=2020-10-12&end_date=2020-10-15&timezone=UTC&hourly=wave_height%2Cwave_direction%2Cwave_period&models=era5_ocean&cell_selection=sea,ok,97d6c9f3acb83cf9805681f0f6c4fd4b158a128db703ea3079d421b5103e37b1,3492,2026-09-26T08:32:31.494440+00:00
patch:15-10-20_18QYF_9,current,data/external/metocean/current_8c2413a6b47206c34ec0d7a2.nc,https://ncss.hycom.org/thredds/ncss/GLBy0.08/expt_93.0/uv3z/2020?var=water_u&var=water_v&north=18.725642479346302&south=18.563642479346303&west=-72.46755520442036&east=-72.30555520442036&time_start=2020-10-12T00%3A00%3A00Z&time_end=2020-10-15T23%3A59%3A59Z&vertCoord=0&accept=netcdf&disableProjSubset=on,ok,ee1e3183fee8e25f9fa3ceed6ec5f2a35d8da48d0861c493cc8dfc07d6ee464c,5052,2026-09-26T08:32:31.891976+00:00
patch:15-9-20_18QYF_0,wind,data/external/metocean/wind_f2692d86ce8db08cc31823e7.json,https://archive-api.open-meteo.com/v1/archive?latitude=18.646776569985168&longitude=-72.70183013950644&start_date=2020-09-12&end_date=2020-09-15&timezone=UTC&hourly=wind_speed_10m%2Cwind_direction_10m&models=era5&wind_speed_unit=ms&cell_selection=nearest,ok,0f84420a81d10291704d19b550687c61cacea81828eb6d3417d28a756019b63d,2968,2026-09-26T08:32:31.472862+00:00
patch:15-9-20_18QYF_0,wave,data/external/metocean/wave_34b1dbb8d1013cc8e9e56d2b.json,https://marine-api.open-meteo.com/v1/marine?latitude=18.646776569985168&longitude=-72.70183013950644&start_date=2020-09-12&end_date=2020-09-15&timezone=UTC&hourly=wave_height%2Cwave_direction%2Cwave_period&models=era5_ocean&cell_selection=sea,ok,4f077196338362eafb98580a647534109d335da8a6fc7ccbfcca121f9f66e730,3408,2026-09-26T08:32:31.734803+00:00
patch:15-9-20_18QYF_0,current,data/external/metocean/current_dd18e9efe31859471319fb8e.nc,https://ncss.hycom.org/thredds/ncss/GLBy0.08/expt_93.0/uv3z/2020?var=water_u&var=water_v&north=18.727776569985167&south=18.565776569985168&west=-72.78283013950644&east=-72.62083013950644&time_start=2020-09-12T00%3A00%3A00Z&time_end=2020-09-15T23%3A59%3A59Z&vertCoord=0&accept=netcdf&disableProjSubset=on,ok,77179053246f54047bf0cb118560e77aa3e0f369995074bac2d2da336b31333a,5052,2026-09-26T08:32:35.917248+00:00
patch:15-9-20_18QYF_1,wind,data/external/metocean/wind_aa842f5c65eafc471611202b.json,https://archive-api.open-meteo.com/v1/archive?latitude=18.784882962691547&longitude=-72.65141076108179&start_date=2020-09-12&end_date=2020-09-15&timezone=UTC&hourly=wind_speed_10m%2Cwind_direction_10m&models=era5&wind_speed_unit=ms&cell_selection=nearest,ok,c6d13a90de446d9c2d494b4df006bdf8dd55fd5f9607b83c7e22f1204aa5c017,2968,2026-09-26T08:32:31.820593+00:00
patch:15-9-20_18QYF_1,wave,data/external/metocean/wave_4ef7d8d147eb1707ec74ea79.json,https://marine-api.open-meteo.com/v1/marine?latitude=18.784882962691547&longitude=-72.65141076108179&start_date=2020-09-12&end_date=2020-09-15&timezone=UTC&hourly=wave_height%2Cwave_direction%2Cwave_period&models=era5_ocean&cell_selection=sea,ok,aff88da908ccc20f10aa474086907d2fbf9e247d716f10ece62c5875d899b7a6,3408,2026-09-26T08:32:32.012377+00:00
patch:15-9-20_18QYF_1,current,data/external/metocean/current_322245ee03cdc56f88bdf651.nc,https://ncss.hycom.org/thredds/ncss/GLBy0.08/expt_93.0/uv3z/2020?var=water_u&var=water_v&north=18.865882962691547&south=18.703882962691548&west=-72.7324107610818&east=-72.57041076108179&time_start=2020-09-12T00%3A00%3A00Z&time_end=2020-09-15T23%3A59%3A59Z&vertCoord=0&accept=netcdf&disableProjSubset=on,ok,c128f2c98a09018b9c1dc1ec3b17817b229cfcaf0bbd0e985522f3e4a51c517e,5052,2026-09-26T08:32:35.537814+00:00
patch:15-9-20_18QYF_4,wind,data/external/metocean/wind_4ed58da47b63c0f6c56309eb.json,https://archive-api.open-meteo.com/v1/archive?latitude=18.7380325967085&longitude=-72.60352207555819&start_date=2020-09-12&end_date=2020-09-15&timezone=UTC&hourly=wind_speed_10m%2Cwind_direction_10m&models=era5&wind_speed_unit=ms&cell_selection=nearest,ok,9883663d36b31a38b2a452217a17436beace69a5f6ad09b4f3c9a34a5696065d,2971,2026-09-26T08:32:32.156726+00:00
patch:15-9-20_18QYF_4,wave,data/external/metocean/wave_eea2092d41b54eab7fdeb79e.json,https://marine-api.open-meteo.com/v1/marine?latitude=18.7380325967085&longitude=-72.60352207555819&start_date=2020-09-12&end_date=2020-09-15&timezone=UTC&hourly=wave_height%2Cwave_direction%2Cwave_period&models=era5_ocean&cell_selection=sea,ok,68d19c7e01b01d7ccd70aed7e3dbec42d3af26f9458a5e974302b2d45105fa81,3408,2026-09-26T08:32:32.264396+00:00
patch:15-9-20_18QYF_4,current,data/external/metocean/current_5a3d9ae7254b35c2b8b09e25.nc,https://ncss.hycom.org/thredds/ncss/GLBy0.08/expt_93.0/uv3z/2020?var=water_u&var=water_v&north=18.8190325967085&south=18.6570325967085&west=-72.68452207555819&east=-72.52252207555819&time_start=2020-09-12T00%3A00%3A00Z&time_end=2020-09-15T23%3A59%3A59Z&vertCoord=0&accept=netcdf&disableProjSubset=on,ok,a39420d972b9d73344e8626ce61b45c5ed29118dbcee7090723b9d5f1d59f082,5052,2026-09-26T08:32:35.538531+00:00
patch:15-9-20_18QYF_5,wind,data/external/metocean/wind_0a9d2fded80df5fff8169112.json,https://archive-api.open-meteo.com/v1/archive?latitude=18.760836572929623&longitude=-72.57892860638745&start_date=2020-09-12&end_date=2020-09-15&timezone=UTC&hourly=wind_speed_10m%2Cwind_direction_10m&models=era5&wind_speed_unit=ms&cell_selection=nearest,ok,2af7d207190494f7699d2f5d76e0114c90685ebd947c4826a32eb64ee9aebc20,2971,2026-09-26T08:32:32.517413+00:00
patch:15-9-20_18QYF_5,wave,data/external/metocean/wave_44977078a637dac3b43d78a4.json,https://marine-api.open-meteo.com/v1/marine?latitude=18.760836572929623&longitude=-72.57892860638745&start_date=2020-09-12&end_date=2020-09-15&timezone=UTC&hourly=wave_height%2Cwave_direction%2Cwave_period&models=era5_ocean&cell_selection=sea,ok,c2dfa39541861bea282110721cfb50c9c86a1334f66347bc58c6f163d0426b56,3408,2026-09-26T08:32:32.791697+00:00
patch:15-9-20_18QYF_5,current,data/external/metocean/current_e2276391eac59a5776ab624c.nc,https://ncss.hycom.org/thredds/ncss/GLBy0.08/expt_93.0/uv3z/2020?var=water_u&var=water_v&north=18.841836572929623&south=18.679836572929624&west=-72.65992860638745&east=-72.49792860638745&time_start=2020-09-12T00%3A00%3A00Z&time_end=2020-09-15T23%3A59%3A59Z&vertCoord=0&accept=netcdf&disableProjSubset=on,ok,aaef6a5545e3145ed914f57f7096fc810f9dbf3d4b63d86000d8e86e03a9eb7c,5052,2026-09-26T08:32:35.925239+00:00
patch:15-9-20_18QYF_6,wind,data/external/metocean/wind_1adbf6d6e260ff4a8914c970.json,https://archive-api.open-meteo.com/v1/archive?latitude=18.7836365118026&longitude=-72.55432853788679&start_date=2020-09-12&end_date=2020-09-15&timezone=UTC&hourly=wind_speed_10m%2Cwind_direction_10m&models=era5&wind_speed_unit=ms&cell_selection=nearest,ok,7e75ecbb6fc93d3390e87442b9af885d2c472c84dc5e692f0dff0f0cfad2270e,2971,2026-09-26T08:32:36.246934+00:00
patch:15-9-20_18QYF_6,wave,data/external/metocean/wave_1293f2ae1e4bd933fff50f9b.json,https://marine-api.open-meteo.com/v1/marine?latitude=18.7836365118026&longitude=-72.55432853788679&start_date=2020-09-12&end_date=2020-09-15&timezone=UTC&hourly=wave_height%2Cwave_direction%2Cwave_period&models=era5_ocean&cell_selection=sea,ok,8865b842ae61cc521538b5d417c54c50a4351e2d8a0e0d7634b9cc71c41890f1,3408,2026-09-26T08:32:36.256897+00:00
patch:15-9-20_18QYF_6,current,data/external/metocean/current_aea71431a9ec85471eee931d.nc,https://ncss.hycom.org/thredds/ncss/GLBy0.08/expt_93.0/uv3z/2020?var=water_u&var=water_v&north=18.8646365118026&south=18.702636511802602&west=-72.63532853788679&east=-72.47332853788679&time_start=2020-09-12T00%3A00%3A00Z&time_end=2020-09-15T23%3A59%3A59Z&vertCoord=0&accept=netcdf&disableProjSubset=on,ok,e66916c66ddc1864b93b3657948c97026a12eac66c4216c74170ccd8594caa1c,5052,2026-09-26T08:32:37.219611+00:00
patch:15-9-20_18QYF_7,wind,data/external/metocean/wind_550e04d6046985ed53ecb3c4.json,https://archive-api.open-meteo.com/v1/archive?latitude=18.760520655529337&longitude=-72.55466207094122&start_date=2020-09-12&end_date=2020-09-15&timezone=UTC&hourly=wind_speed_10m%2Cwind_direction_10m&models=era5&wind_speed_unit=ms&cell_selection=nearest,ok,620a8fdc5f54b16c42200110251dbef01ab88208e6fd37ba6f9bec50676cad64,2971,2026-09-26T08:32:36.423518+00:00
patch:15-9-20_18QYF_7,wave,data/external/metocean/wave_ca5660b3b764361a57b42027.json,https://marine-api.open-meteo.com/v1/marine?latitude=18.760520655529337&longitude=-72.55466207094122&start_date=2020-09-12&end_date=2020-09-15&timezone=UTC&hourly=wave_height%2Cwave_direction%2Cwave_period&models=era5_ocean&cell_selection=sea,ok,2e0e24a2c37c126ef13efcacae8ce603d53ad2711c664fe0c8fbea7852086c41,3408,2026-09-26T08:32:36.511861+00:00
patch:15-9-20_18QYF_7,current,data/external/metocean/current_5b573a99fb0cb71ba120d3c8.nc,https://ncss.hycom.org/thredds/ncss/GLBy0.08/expt_93.0/uv3z/2020?var=water_u&var=water_v&north=18.841520655529337&south=18.679520655529338&west=-72.63566207094122&east=-72.47366207094122&time_start=2020-09-12T00%3A00%3A00Z&time_end=2020-09-15T23%3A59%3A59Z&vertCoord=0&accept=netcdf&disableProjSubset=on,ok,aa24b2554d8c76aa4371a849445672b042d91b7e920db374875ac47c88fc1802,5052,2026-09-26T08:32:36.847125+00:00
patch:19-3-20_18QYF_0,wind,data/external/metocean/wind_fb28599edcc84be7a88f04e1.json,https://archive-api.open-meteo.com/v1/archive?latitude=18.557604903105652&longitude=-72.53541046127847&start_date=2020-03-16&end_date=2020-03-19&timezone=UTC&hourly=wind_speed_10m%2Cwind_direction_10m&models=era5&wind_speed_unit=ms&cell_selection=nearest,ok,cd5a5c684a97c379d45231e0556062a941dac08321e2ee8b607457b8fcc9128c,2937,2026-09-26T08:32:36.665536+00:00
patch:19-3-20_18QYF_0,wave,data/external/metocean/wave_348bb937551ed088d2115764.json,https://marine-api.open-meteo.com/v1/marine?latitude=18.557604903105652&longitude=-72.53541046127847&start_date=2020-03-16&end_date=2020-03-19&timezone=UTC&hourly=wave_height%2Cwave_direction%2Cwave_period&models=era5_ocean&cell_selection=sea,ok,bfe4fbed6e6c66c42b338f43c42895b6d92494f04a1bdccb23c6be41cdaf0c05,3491,2026-09-26T08:32:36.763325+00:00
patch:19-3-20_18QYF_0,current,data/external/metocean/current_a8b15df4f4bbfc2f6b98ce91.nc,https://ncss.hycom.org/thredds/ncss/GLBy0.08/expt_93.0/uv3z/2020?var=water_u&var=water_v&north=18.63860490310565&south=18.476604903105653&west=-72.61641046127848&east=-72.45441046127847&time_start=2020-03-16T00%3A00%3A00Z&time_end=2020-03-19T23%3A59%3A59Z&vertCoord=0&accept=netcdf&disableProjSubset=on,ok,9ec5c0ac0e44a3b7d081d8d1b912fc66d4f3e3666ecc6081a2b10cdec791fb91,5052,2026-09-26T08:32:41.354568+00:00
patch:19-3-20_18QYF_1,wind,data/external/metocean/wind_ad18792f73744a6a53e9aa91.json,https://archive-api.open-meteo.com/v1/archive?latitude=18.74220970395529&longitude=-72.50847563101512&start_date=2020-03-16&end_date=2020-03-19&timezone=UTC&hourly=wind_speed_10m%2Cwind_direction_10m&models=era5&wind_speed_unit=ms&cell_selection=nearest,ok,f739bdf90fed594ed77083961adad86e673b21b49bb0dd91c80ea0773747d59f,2929,2026-09-26T08:32:37.027428+00:00
patch:19-3-20_18QYF_1,wave,data/external/metocean/wave_e674a07b448cebef67a779e6.json,https://marine-api.open-meteo.com/v1/marine?latitude=18.74220970395529&longitude=-72.50847563101512&start_date=2020-03-16&end_date=2020-03-19&timezone=UTC&hourly=wave_height%2Cwave_direction%2Cwave_period&models=era5_ocean&cell_selection=sea,ok,d9ec2c10daae23a6d2a2c9826ce6a4347641a0bd07752e9000fcbfae61fd6895,3396,2026-09-26T08:32:37.168542+00:00
patch:19-3-20_18QYF_1,current,data/external/metocean/current_ecfe128f5c37ece3d4d6aa9c.nc,https://ncss.hycom.org/thredds/ncss/GLBy0.08/expt_93.0/uv3z/2020?var=water_u&var=water_v&north=18.82320970395529&south=18.66120970395529&west=-72.58947563101512&east=-72.42747563101511&time_start=2020-03-16T00%3A00%3A00Z&time_end=2020-03-19T23%3A59%3A59Z&vertCoord=0&accept=netcdf&disableProjSubset=on,ok,74dbc6363fe75c9b1397fbcab0e5b157490bb3d62771b49d4f969c96ee68dea0,5052,2026-09-26T08:32:40.160129+00:00
patch:19-3-20_18QYF_2,wind,data/external/metocean/wind_07e7462b0c0ac6d3fd9dc297.json,https://archive-api.open-meteo.com/v1/archive?latitude=18.580402289381848&longitude=-72.51083807812434&start_date=2020-03-16&end_date=2020-03-19&timezone=UTC&hourly=wind_speed_10m%2Cwind_direction_10m&models=era5&wind_speed_unit=ms&cell_selection=nearest,ok,f65d62b9728e646cbc0aa72a4466794019b472226143c058c918d15c339acc5f,2937,2026-09-26T08:32:37.421951+00:00
patch:19-3-20_18QYF_2,wave,data/external/metocean/wave_795db678f95c0c7daf4d5bdb.json,https://marine-api.open-meteo.com/v1/marine?latitude=18.580402289381848&longitude=-72.51083807812434&start_date=2020-03-16&end_date=2020-03-19&timezone=UTC&hourly=wave_height%2Cwave_direction%2Cwave_period&models=era5_ocean&cell_selection=sea,ok,cbb56619a530c9bbfd0bf047adace7fe437206a20788f727527290082e651dfe,3492,2026-09-26T08:32:37.483517+00:00
patch:19-3-20_18QYF_2,current,data/external/metocean/current_6bf1ffa814b85e389a5e8aaa.nc,https://ncss.hycom.org/thredds/ncss/GLBy0.08/expt_93.0/uv3z/2020?var=water_u&var=water_v&north=18.661402289381847&south=18.499402289381848&west=-72.59183807812434&east=-72.42983807812433&time_start=2020-03-16T00%3A00%3A00Z&time_end=2020-03-19T23%3A59%3A59Z&vertCoord=0&accept=netcdf&disableProjSubset=on,ok,7dcb819a3e5d36a528b8ef2dd6f1ec1e622522c11f73b2bca53c999927bed1db,5444,2026-09-26T08:32:41.358171+00:00
patch:19-3-20_18QYF_3,wind,data/external/metocean/wind_30fc1cf27fd0b470b861a2a7.json,https://archive-api.open-meteo.com/v1/archive?latitude=18.557286694040343&longitude=-72.51117359412973&start_date=2020-03-16&end_date=2020-03-19&timezone=UTC&hourly=wind_speed_10m%2Cwind_direction_10m&models=era5&wind_speed_unit=ms&cell_selection=nearest,ok,025acb62e31aebe334fed2455327aa2581ce332d23d1a3870ef1d8875f772d57,2937,2026-09-26T08:32:37.735316+00:00
patch:19-3-20_18QYF_3,wave,data/external/metocean/wave_97a86b59a7aeac42c427384e.json,https://marine-api.open-meteo.com/v1/marine?latitude=18.557286694040343&longitude=-72.51117359412973&start_date=2020-03-16&end_date=2020-03-19&timezone=UTC&hourly=wave_height%2Cwave_direction%2Cwave_period&models=era5_ocean&cell_selection=sea,ok,bcc4a726d94241762e586698488a5eba9ef71c4bb078ce50893cf7b88b94c19b,3492,2026-09-26T08:32:37.994337+00:00
patch:19-3-20_18QYF_3,current,data/external/metocean/current_3740c9bac93aad71caa2aa7d.nc,https://ncss.hycom.org/thredds/ncss/GLBy0.08/expt_93.0/uv3z/2020?var=water_u&var=water_v&north=18.638286694040342&south=18.476286694040343&west=-72.59217359412973&east=-72.43017359412973&time_start=2020-03-16T00%3A00%3A00Z&time_end=2020-03-19T23%3A59%3A59Z&vertCoord=0&accept=netcdf&disableProjSubset=on,ok,9b0e296e88951eae16a4263ffe31641539e0213c387d94a6ab4fc92d52dea196,5052,2026-09-26T08:32:40.145402+00:00
patch:19-3-20_18QYF_4,wind,data/external/metocean/wind_3afbc866be146c240cef8432.json,https://archive-api.open-meteo.com/v1/archive?latitude=18.69499826589102&longitude=-72.43638659544276&start_date=2020-03-16&end_date=2020-03-19&timezone=UTC&hourly=wind_speed_10m%2Cwind_direction_10m&models=era5&wind_speed_unit=ms&cell_selection=nearest,ok,19731b9dbe60d2f2b30a725a460ad5879a8a009e10de4338c1fb91d29f4a0ba0,2930,2026-09-26T08:32:40.389944+00:00
patch:19-3-20_18QYF_4,wave,data/external/metocean/wave_9d8ff0dfeaea332b44efd807.json,https://marine-api.open-meteo.com/v1/marine?latitude=18.69499826589102&longitude=-72.43638659544276&start_date=2020-03-16&end_date=2020-03-19&timezone=UTC&hourly=wave_height%2Cwave_direction%2Cwave_period&models=era5_ocean&cell_selection=sea,ok,8478bb71d98d6cd10a6af63a62c2eaa7519e23b22911473b977c4c3f77dfdb30,3396,2026-09-26T08:32:40.426497+00:00
patch:19-3-20_18QYF_4,current,data/external/metocean/current_f39886b16a20c822f3c7309c.nc,https://ncss.hycom.org/thredds/ncss/GLBy0.08/expt_93.0/uv3z/2020?var=water_u&var=water_v&north=18.77599826589102&south=18.61399826589102&west=-72.51738659544276&east=-72.35538659544275&time_start=2020-03-16T00%3A00%3A00Z&time_end=2020-03-19T23%3A59%3A59Z&vertCoord=0&accept=netcdf&disableProjSubset=on,ok,94000d58155d0c22444d5cb643746e48a4e784242af603a7a8733ac455dabcb3,5052,2026-09-26T08:32:43.806195+00:00
patch:19-3-20_18QYF_5,wind,data/external/metocean/wind_db73314bc5aee09a9f2664af.json,https://archive-api.open-meteo.com/v1/archive?latitude=18.60187581228361&longitude=-72.38929261939728&start_date=2020-03-16&end_date=2020-03-19&timezone=UTC&hourly=wind_speed_10m%2Cwind_direction_10m&models=era5&wind_speed_unit=ms&cell_selection=nearest,ok,78c382ab42433ff33d43da7ba1c0c43c5bb790bdb667bf330363347a0345511c,2936,2026-09-26T08:32:40.677965+00:00
patch:19-3-20_18QYF_5,wave,data/external/metocean/wave_32e9916dff317e88e92cb964.json,https://marine-api.open-meteo.com/v1/marine?latitude=18.60187581228361&longitude=-72.38929261939728&start_date=2020-03-16&end_date=2020-03-19&timezone=UTC&hourly=wave_height%2Cwave_direction%2Cwave_period&models=era5_ocean&cell_selection=sea,ok,4f1d0a0e6041cb2ece4924c27ca3dd58def20260e275c2e404bb5d1e08bad5de,3491,2026-09-26T08:32:40.948434+00:00
patch:19-3-20_18QYF_5,current,data/external/metocean/current_7495438034b299786532d6b2.nc,https://ncss.hycom.org/thredds/ncss/GLBy0.08/expt_93.0/uv3z/2020?var=water_u&var=water_v&north=18.68287581228361&south=18.52087581228361&west=-72.47029261939728&east=-72.30829261939728&time_start=2020-03-16T00%3A00%3A00Z&time_end=2020-03-19T23%3A59%3A59Z&vertCoord=0&accept=netcdf&disableProjSubset=on,ok,1d8a837662101dbdbd64c527d25e34d6af1a3ee8cc954c455da32e727925d59f,5052,2026-09-26T08:32:42.202333+00:00
patch:20-10-20_18QYF_0,wind,data/external/metocean/wind_3a3e18920023d9b57c7660f1.json,https://archive-api.open-meteo.com/v1/archive?latitude=18.75772161268892&longitude=-72.63187668621116&start_date=2020-10-17&end_date=2020-10-20&timezone=UTC&hourly=wind_speed_10m%2Cwind_direction_10m&models=era5&wind_speed_unit=ms&cell_selection=nearest,ok,90dc55357286be525fe7b3abc0f60ede8514344c6b487dde51a09c9e9a67cc31,2962,2026-09-26T08:32:41.600358+00:00
patch:20-10-20_18QYF_0,wave,data/external/metocean/wave_b43619a8e999a91b75ceed1f.json,https://marine-api.open-meteo.com/v1/marine?latitude=18.75772161268892&longitude=-72.63187668621116&start_date=2020-10-17&end_date=2020-10-20&timezone=UTC&hourly=wave_height%2Cwave_direction%2Cwave_period&models=era5_ocean&cell_selection=sea,ok,7bbbdc3f657f7e2cabeaf2efeeada16975a68990d98ecfe8f7296d43b612640f,3397,2026-09-26T08:32:41.622225+00:00
patch:20-10-20_18QYF_0,current,data/external/metocean/current_9fac605afc62105af7e2bac2.nc,https://ncss.hycom.org/thredds/ncss/GLBy0.08/expt_93.0/uv3z/2020?var=water_u&var=water_v&north=18.838721612688918&south=18.67672161268892&west=-72.71287668621116&east=-72.55087668621115&time_start=2020-10-17T00%3A00%3A00Z&time_end=2020-10-20T23%3A59%3A59Z&vertCoord=0&accept=netcdf&disableProjSubset=on,ok,b7db9084aee7d712f400334d53fe4e0b6c88ebd5b7aa231b8e42dd2d3d867fe0,5052,2026-09-26T08:32:44.703349+00:00
patch:20-10-20_18QYF_1,wind,data/external/metocean/wind_03a9cbbea42f637ae13a94f1.json,https://archive-api.open-meteo.com/v1/archive?latitude=18.734604370435523&longitude=-72.63219917047046&start_date=2020-10-17&end_date=2020-10-20&timezone=UTC&hourly=wind_speed_10m%2Cwind_direction_10m&models=era5&wind_speed_unit=ms&cell_selection=nearest,ok,e0643d00bafb92232d15b85c1e0c0d2ac451005089b63e7cc2eb85dba76d5507,2962,2026-09-26T08:32:41.874363+00:00
patch:20-10-20_18QYF_1,wave,data/external/metocean/wave_1c70bb97d23912130b683922.json,https://marine-api.open-meteo.com/v1/marine?latitude=18.734604370435523&longitude=-72.63219917047046&start_date=2020-10-17&end_date=2020-10-20&timezone=UTC&hourly=wave_height%2Cwave_direction%2Cwave_period&models=era5_ocean&cell_selection=sea,ok,8ce693ad9b19f6ce6fd4a4e0a3d7e8572ed7c00edf8bce31e81632fa82d1ffcc,3397,2026-09-26T08:32:42.139513+00:00
patch:20-10-20_18QYF_1,current,data/external/metocean/current_d17f23532481e462edb560d6.nc,https://ncss.hycom.org/thredds/ncss/GLBy0.08/expt_93.0/uv3z/2020?var=water_u&var=water_v&north=18.815604370435523&south=18.653604370435524&west=-72.71319917047046&east=-72.55119917047045&time_start=2020-10-17T00%3A00%3A00Z&time_end=2020-10-20T23%3A59%3A59Z&vertCoord=0&accept=netcdf&disableProjSubset=on,ok,24f9cef02c50c78cbca49cc29e7e56987bee3a9ef8b3670f56f695ba4d044c7c,5052,2026-09-26T08:32:44.710849+00:00
patch:20-10-20_18QYF_2,wind,data/external/metocean/wind_3d7e4b504c3dcf2e45ebfcaf.json,https://archive-api.open-meteo.com/v1/archive?latitude=18.711178884969726&longitude=-72.60826073463717&start_date=2020-10-17&end_date=2020-10-20&timezone=UTC&hourly=wind_speed_10m%2Cwind_direction_10m&models=era5&wind_speed_unit=ms&cell_selection=nearest,ok,97f72933065a10f7255e9ca394e3b38fa428e8d537436ef8d7af6539b897af7c,2962,2026-09-26T08:32:42.467847+00:00
patch:20-10-20_18QYF_2,wave,data/external/metocean/wave_ebb70f4c11b45a38259dc0d2.json,https://marine-api.open-meteo.com/v1/marine?latitude=18.711178884969726&longitude=-72.60826073463717&start_date=2020-10-17&end_date=2020-10-20&timezone=UTC&hourly=wave_height%2Cwave_direction%2Cwave_period&models=era5_ocean&cell_selection=sea,ok,57bd20f4ecc4ffb5bbb94b9cda0c93368f9c5306a89e8406acdff830c5ce11a0,3397,2026-09-26T08:32:42.735823+00:00
patch:20-10-20_18QYF_2,current,data/external/metocean/current_35bddcca20cd347fb1da0be7.nc,https://ncss.hycom.org/thredds/ncss/GLBy0.08/expt_93.0/uv3z/2020?var=water_u&var=water_v&north=18.792178884969726&south=18.630178884969727&west=-72.68926073463717&east=-72.52726073463717&time_start=2020-10-17T00%3A00%3A00Z&time_end=2020-10-20T23%3A59%3A59Z&vertCoord=0&accept=netcdf&disableProjSubset=on,ok,f1ba4b4b8123f07e2a5042de904992cc49de204539b795c75274f178c919cb50,5052,2026-09-26T08:32:44.709787+00:00
patch:20-10-20_18QYF_3,wind,data/external/metocean/wind_a31c3c134374f17cd8d3235e.json,https://archive-api.open-meteo.com/v1/archive?latitude=18.687751022530733&longitude=-72.58432887801429&start_date=2020-10-17&end_date=2020-10-20&timezone=UTC&hourly=wind_speed_10m%2Cwind_direction_10m&models=era5&wind_speed_unit=ms&cell_selection=nearest,ok,4fe1482dfe5653871fa77790b236b60ddc24d475dbfdcac56885f5ea4a0e7fb9,2962,2026-09-26T08:32:44.055449+00:00
patch:20-10-20_18QYF_3,wave,data/external/metocean/wave_9f0350b77b923608b4300583.json,https://marine-api.open-meteo.com/v1/marine?latitude=18.687751022530733&longitude=-72.58432887801429&start_date=2020-10-17&end_date=2020-10-20&timezone=UTC&hourly=wave_height%2Cwave_direction%2Cwave_period&models=era5_ocean&cell_selection=sea,ok,7389be8a0eafbc7498d69532d5c1d03f7d0ff4bdeb07533019495c87c9973f57,3397,2026-09-26T08:32:44.327499+00:00
patch:20-10-20_18QYF_3,current,data/external/metocean/current_52bbd7c74372dc1d70fa44aa.nc,https://ncss.hycom.org/thredds/ncss/GLBy0.08/expt_93.0/uv3z/2020?var=water_u&var=water_v&north=18.768751022530733&south=18.606751022530734&west=-72.6653288780143&east=-72.50332887801429&time_start=2020-10-17T00%3A00%3A00Z&time_end=2020-10-20T23%3A59%3A59Z&vertCoord=0&accept=netcdf&disableProjSubset=on,ok,17aabc6ca3229c17f2a8081fb467ec86cdf9b2f0942f3f882e78dbf3058880f9,5052,2026-09-26T08:32:47.531858+00:00
patch:22-3-20_18QWF_0,wind,data/external/metocean/wind_01dafe670ac10933af3237cb.json,https://archive-api.open-meteo.com/v1/archive?latitude=18.121058991689686&longitude=-74.29957088022614&start_date=2020-03-19&end_date=2020-03-22&timezone=UTC&hourly=wind_speed_10m%2Cwind_direction_10m&models=era5&wind_speed_unit=ms&cell_selection=nearest,ok,fd8e877d67e28f75f078a2eba69b6e34ac4d11715e78a51b7b6c6ea726acd708,2980,2026-09-26T08:32:44.957343+00:00
patch:22-3-20_18QWF_0,wave,data/external/metocean/wave_36a46b2df9dccb180d791431.json,https://marine-api.open-meteo.com/v1/marine?latitude=18.121058991689686&longitude=-74.29957088022614&start_date=2020-03-19&end_date=2020-03-22&timezone=UTC&hourly=wave_height%2Cwave_direction%2Cwave_period&models=era5_ocean&cell_selection=sea,ok,e28fc6c966b9aca08c4b01872c074ea48f173fb93eb602bd532da4af2b747dbe,3402,2026-09-26T08:32:44.971499+00:00
patch:22-3-20_18QWF_0,current,data/external/metocean/current_b1391b417f351a5e22c6f2cc.nc,https://ncss.hycom.org/thredds/ncss/GLBy0.08/expt_93.0/uv3z/2020?var=water_u&var=water_v&north=18.202058991689686&south=18.040058991689687&west=-74.38057088022614&east=-74.21857088022614&time_start=2020-03-19T00%3A00%3A00Z&time_end=2020-03-22T23%3A59%3A59Z&vertCoord=0&accept=netcdf&disableProjSubset=on,ok,6284cf93e331feaa9f6d2aa081f8002fb4217b0b479f69edc41cec31de43ce93,5052,2026-09-26T08:32:50.399203+00:00
patch:22-3-20_18QWF_1,wind,data/external/metocean/wind_8e19c36e80b5bbfc50a651a1.json,https://archive-api.open-meteo.com/v1/archive?latitude=18.097922074009062&longitude=-74.29966281863516&start_date=2020-03-19&end_date=2020-03-22&timezone=UTC&hourly=wind_speed_10m%2Cwind_direction_10m&models=era5&wind_speed_unit=ms&cell_selection=nearest,ok,ccaef45d9ecbeaff51691aeafcd2415443e87f7e4447064af7b273b5d30f00a9,2980,2026-09-26T08:32:45.199754+00:00
patch:22-3-20_18QWF_1,wave,data/external/metocean/wave_be90d21cf151f4238bd0c169.json,https://marine-api.open-meteo.com/v1/marine?latitude=18.097922074009062&longitude=-74.29966281863516&start_date=2020-03-19&end_date=2020-03-22&timezone=UTC&hourly=wave_height%2Cwave_direction%2Cwave_period&models=era5_ocean&cell_selection=sea,ok,e4f9b814dc8b4b7567e2bd0ce217d74915c6397752d856284e4f1a1670f113dd,3402,2026-09-26T08:32:45.223334+00:00
patch:22-3-20_18QWF_1,current,data/external/metocean/current_f32bf78cd526c2437ef671bb.nc,https://ncss.hycom.org/thredds/ncss/GLBy0.08/expt_93.0/uv3z/2020?var=water_u&var=water_v&north=18.178922074009062&south=18.016922074009063&west=-74.38066281863516&east=-74.21866281863515&time_start=2020-03-19T00%3A00%3A00Z&time_end=2020-03-22T23%3A59%3A59Z&vertCoord=0&accept=netcdf&disableProjSubset=on,ok,2e774ec8cb6586bae6d929fc0e9f661ce058c90afd3da21574ff755d82fec5b1,5052,2026-09-26T08:32:50.399641+00:00
patch:22-3-20_18QWF_2,wind,data/external/metocean/wind_8fef32ace18e7791a386bb00.json,https://archive-api.open-meteo.com/v1/archive?latitude=18.12096949623023&longitude=-74.27537391760524&start_date=2020-03-19&end_date=2020-03-22&timezone=UTC&hourly=wind_speed_10m%2Cwind_direction_10m&models=era5&wind_speed_unit=ms&cell_selection=nearest,ok,6b3bfe3f235ea78b72d360057a450478958f735f9a4a0bdfbd365a1d9057aa91,2980,2026-09-26T08:32:45.473114+00:00
patch:22-3-20_18QWF_2,wave,data/external/metocean/wave_46fccee92e737192adb7fc66.json,https://marine-api.open-meteo.com/v1/marine?latitude=18.12096949623023&longitude=-74.27537391760524&start_date=2020-03-19&end_date=2020-03-22&timezone=UTC&hourly=wave_height%2Cwave_direction%2Cwave_period&models=era5_ocean&cell_selection=sea,ok,bd07ada06b60131d5195c0b3c9c24e6f509d426a61ace8a38c9b9f9863947936,3401,2026-09-26T08:32:45.741653+00:00
patch:22-3-20_18QWF_2,current,data/external/metocean/current_eeae5191adf935a6bf62e847.nc,https://ncss.hycom.org/thredds/ncss/GLBy0.08/expt_93.0/uv3z/2020?var=water_u&var=water_v&north=18.20196949623023&south=18.03996949623023&west=-74.35637391760524&east=-74.19437391760523&time_start=2020-03-19T00%3A00%3A00Z&time_end=2020-03-22T23%3A59%3A59Z&vertCoord=0&accept=netcdf&disableProjSubset=on,ok,88b1a4468ddc3d1ce2eee3f749adaff24ac8800f54132c3b4091c3b21e6cdf5b,5052,2026-09-26T08:32:55.263586+00:00
patch:22-3-20_18QWF_3,wind,data/external/metocean/wind_764cb3209f2af80cd7657f9a.json,https://archive-api.open-meteo.com/v1/archive?latitude=18.097832700506594&longitude=-74.2754690314445&start_date=2020-03-19&end_date=2020-03-22&timezone=UTC&hourly=wind_speed_10m%2Cwind_direction_10m&models=era5&wind_speed_unit=ms&cell_selection=nearest,ok,98c2248b5e09203fe91cd39e31fe5fa3041f992854db3c5651d82d2755ada8f8,2980,2026-09-26T08:32:48.070800+00:00
patch:22-3-20_18QWF_3,wave,data/external/metocean/wave_4424a6ec924804cd0b763817.json,https://marine-api.open-meteo.com/v1/marine?latitude=18.097832700506594&longitude=-74.2754690314445&start_date=2020-03-19&end_date=2020-03-22&timezone=UTC&hourly=wave_height%2Cwave_direction%2Cwave_period&models=era5_ocean&cell_selection=sea,ok,eb82b98420ca99b5602a4e531bba6f093d12efcee6fead19f80118670d4a43eb,3402,2026-09-26T08:32:48.778107+00:00
patch:22-3-20_18QWF_3,current,data/external/metocean/current_b970faca271287b19a3c4e07.nc,https://ncss.hycom.org/thredds/ncss/GLBy0.08/expt_93.0/uv3z/2020?var=water_u&var=water_v&north=18.178832700506593&south=18.016832700506594&west=-74.3564690314445&east=-74.1944690314445&time_start=2020-03-19T00%3A00%3A00Z&time_end=2020-03-22T23%3A59%3A59Z&vertCoord=0&accept=netcdf&disableProjSubset=on,ok,7325c1eb69be386fb0f1833ec7237a0c6109704cb9c96802bea59b8491dc7ea8,5052,2026-09-26T08:32:50.399450+00:00
patch:22-3-20_18QWF_4,wind,data/external/metocean/wind_bffbc6b77624c59c2b3d840c.json,https://archive-api.open-meteo.com/v1/archive?latitude=18.12078138962987&longitude=-74.2269804244917&start_date=2020-03-19&end_date=2020-03-22&timezone=UTC&hourly=wind_speed_10m%2Cwind_direction_10m&models=era5&wind_speed_unit=ms&cell_selection=nearest,ok,7b251bef3062373bd77c8166e9b073f2504cb697c30eb0cf30cbdda8f59cd722,2980,2026-09-26T08:32:50.650862+00:00
patch:22-3-20_18QWF_4,wave,data/external/metocean/wave_8556c905e01b1fea21782de6.json,https://marine-api.open-meteo.com/v1/marine?latitude=18.12078138962987&longitude=-74.2269804244917&start_date=2020-03-19&end_date=2020-03-22&timezone=UTC&hourly=wave_height%2Cwave_direction%2Cwave_period&models=era5_ocean&cell_selection=sea,ok,0e89c8c7b815dd7085854c571eeb2dddc8a93499a105cf996fd102c6fd431ce2,3492,2026-09-26T08:32:50.669140+00:00
patch:22-3-20_18QWF_4,current,data/external/metocean/current_20ad8f43f9db7fca1e379285.nc,https://ncss.hycom.org/thredds/ncss/GLBy0.08/expt_93.0/uv3z/2020?var=water_u&var=water_v&north=18.20178138962987&south=18.03978138962987&west=-74.3079804244917&east=-74.1459804244917&time_start=2020-03-19T00%3A00%3A00Z&time_end=2020-03-22T23%3A59%3A59Z&vertCoord=0&accept=netcdf&disableProjSubset=on,ok,1c088d61d768667fbe69b1d13ba5b862d0f8cd0d6d0d12b87dac0e16fa1bea0f,5052,2026-09-26T08:32:50.979133+00:00
patch:22-3-20_18QWF_5,wind,data/external/metocean/wind_3bad32387ed40ec12dbfe745.json,https://archive-api.open-meteo.com/v1/archive?latitude=18.120682778650192&longitude=-74.20278390351015&start_date=2020-03-19&end_date=2020-03-22&timezone=UTC&hourly=wind_speed_10m%2Cwind_direction_10m&models=era5&wind_speed_unit=ms&cell_selection=nearest,ok,cfd20a3151b6f40babf110d7b0ed77c89e02241828f4d5d70bd7a901019db4bc,2980,2026-09-26T08:32:50.902559+00:00
patch:22-3-20_18QWF_5,wave,data/external/metocean/wave_409d128b14a154bc9f3e0f6c.json,https://marine-api.open-meteo.com/v1/marine?latitude=18.120682778650192&longitude=-74.20278390351015&start_date=2020-03-19&end_date=2020-03-22&timezone=UTC&hourly=wave_height%2Cwave_direction%2Cwave_period&models=era5_ocean&cell_selection=sea,ok,c4565f919fbcc886fc64e028ae66675965c1ad98ff9cc02ebc89dbcea485a316,3491,2026-09-26T08:32:50.936907+00:00
patch:22-3-20_18QWF_5,current,data/external/metocean/current_cbfded296298d5d88a758109.nc,https://ncss.hycom.org/thredds/ncss/GLBy0.08/expt_93.0/uv3z/2020?var=water_u&var=water_v&north=18.20168277865019&south=18.039682778650192&west=-74.28378390351016&east=-74.12178390351015&time_start=2020-03-19T00%3A00%3A00Z&time_end=2020-03-22T23%3A59%3A59Z&vertCoord=0&accept=netcdf&disableProjSubset=on,ok,d8c514f3264b298c6a66dc2f2b2b9f861f49162e06dc6b3f7d81a141602fdd9d,5052,2026-09-26T08:32:51.527087+00:00
patch:23-1-21_18QYF_0,wind,data/external/metocean/wind_594027030e84e160aed10ec5.json,https://archive-api.open-meteo.com/v1/archive?latitude=18.548425112646548&longitude=-72.86414390998391&start_date=2021-01-20&end_date=2021-01-23&timezone=UTC&hourly=wind_speed_10m%2Cwind_direction_10m&models=era5&wind_speed_unit=ms&cell_selection=nearest,ok,8cee513cc110b4a11ea87875a5a002eb252e646b16c8982a64272100a8d0f5f8,2978,2026-09-26T08:32:51.180324+00:00
patch:23-1-21_18QYF_0,wave,data/external/metocean/wave_b2305bcd26bdcc02b65a451f.json,https://marine-api.open-meteo.com/v1/marine?latitude=18.548425112646548&longitude=-72.86414390998391&start_date=2021-01-20&end_date=2021-01-23&timezone=UTC&hourly=wave_height%2Cwave_direction%2Cwave_period&models=era5_ocean&cell_selection=sea,ok,4edb171627d3a00c69c56a37a93dbfe4149c312d58828711108d4b76b8e7db7a,3409,2026-09-26T08:32:51.237069+00:00
patch:23-1-21_18QYF_0,current,data/external/metocean/current_c03d1b38c945055e7c06046f.nc,https://ncss.hycom.org/thredds/ncss/GLBy0.08/expt_93.0/uv3z/2021?var=water_u&var=water_v&north=18.629425112646548&south=18.46742511264655&west=-72.94514390998391&east=-72.7831439099839&time_start=2021-01-20T00%3A00%3A00Z&time_end=2021-01-23T23%3A59%3A59Z&vertCoord=0&accept=netcdf&disableProjSubset=on,ok,b36479b27ce60aa3d18ce226c166551544e9df9db8a9af611b2f384cd0fe7e98,5052,2026-09-26T08:32:55.391029+00:00
patch:23-1-21_18QYF_1,wind,data/external/metocean/wind_cc5712b8ceaee62127778ee0.json,https://archive-api.open-meteo.com/v1/archive?latitude=18.50162877648502&longitude=-72.81624925601763&start_date=2021-01-20&end_date=2021-01-23&timezone=UTC&hourly=wind_speed_10m%2Cwind_direction_10m&models=era5&wind_speed_unit=ms&cell_selection=nearest,ok,010e1b47c32bb0cc6be87792ea8c4361580cb4487b1a80e5e96ba6cda885f762,2977,2026-09-26T08:32:51.483576+00:00
patch:23-1-21_18QYF_1,wave,data/external/metocean/wave_843aac4df2cb09537000187d.json,https://marine-api.open-meteo.com/v1/marine?latitude=18.50162877648502&longitude=-72.81624925601763&start_date=2021-01-20&end_date=2021-01-23&timezone=UTC&hourly=wave_height%2Cwave_direction%2Cwave_period&models=era5_ocean&cell_selection=sea,ok,ec75fc2c8818f713e5e0183d7b7148697b62b509102265400ded32845122bd37,3410,2026-09-26T08:32:51.751105+00:00
patch:23-1-21_18QYF_1,current,data/external/metocean/current_dc956c90d1ec6452a96c7ea0.nc,https://ncss.hycom.org/thredds/ncss/GLBy0.08/expt_93.0/uv3z/2021?var=water_u&var=water_v&north=18.58262877648502&south=18.42062877648502&west=-72.89724925601763&east=-72.73524925601762&time_start=2021-01-20T00%3A00%3A00Z&time_end=2021-01-23T23%3A59%3A59Z&vertCoord=0&accept=netcdf&disableProjSubset=on,ok,4ba4235477ea1c74cef6bf794126bb8718e8712fb99506443c6849000e225ca4,5052,2026-09-26T08:32:55.399489+00:00
patch:23-1-21_18QYF_2,wind,data/external/metocean/wind_98f11354455e2f445ab5d510.json,https://archive-api.open-meteo.com/v1/archive?latitude=18.52446785580428&longitude=-72.79171868771725&start_date=2021-01-20&end_date=2021-01-23&timezone=UTC&hourly=wind_speed_10m%2Cwind_direction_10m&models=era5&wind_speed_unit=ms&cell_selection=nearest,ok,458615defc57e41c209195445c496453fe7a61b2770052a5f05ed0741c22000e,2978,2026-09-26T08:32:52.000482+00:00
patch:23-1-21_18QYF_2,wave,data/external/metocean/wave_2201a2d83a4ed00c64c6c037.json,https://marine-api.open-meteo.com/v1/marine?latitude=18.52446785580428&longitude=-72.79171868771725&start_date=2021-01-20&end_date=2021-01-23&timezone=UTC&hourly=wave_height%2Cwave_direction%2Cwave_period&models=era5_ocean&cell_selection=sea,ok,3acfbe81ada97937e6edd9359a6b106448deb34d2bda3f1fa8be8de0f8eb82b4,3409,2026-09-26T08:32:52.262901+00:00
patch:23-1-21_18QYF_2,current,data/external/metocean/current_c2aeabd00c19a29a8e20d35f.nc,https://ncss.hycom.org/thredds/ncss/GLBy0.08/expt_93.0/uv3z/2021?var=water_u&var=water_v&north=18.605467855804278&south=18.44346785580428&west=-72.87271868771725&east=-72.71071868771725&time_start=2021-01-20T00%3A00%3A00Z&time_end=2021-01-23T23%3A59%3A59Z&vertCoord=0&accept=netcdf&disableProjSubset=on,ok,736f9008c7245ad52d32a8ebd2c0d658a6659e9b1a472d0260589099ee9e5811,5052,2026-09-26T08:32:55.396492+00:00
patch:23-9-20_16PCC_12,wind,data/external/metocean/wind_1bac4e52b88e822d22f4f2ac.json,https://archive-api.open-meteo.com/v1/archive?latitude=15.988838134578078&longitude=-88.1818250951183&start_date=2020-09-20&end_date=2020-09-23&timezone=UTC&hourly=wind_speed_10m%2Cwind_direction_10m&models=era5&wind_speed_unit=ms&cell_selection=nearest,ok,6f90f8ff314c01e01a241118298aaea51f3e891270d12014be10ba9a46c2e5ee,2955,2026-09-26T08:32:55.511022+00:00
patch:23-9-20_16PCC_12,wave,data/external/metocean/wave_7fd17ac34cb56a5969df4103.json,https://marine-api.open-meteo.com/v1/marine?latitude=15.988838134578078&longitude=-88.1818250951183&start_date=2020-09-20&end_date=2020-09-23&timezone=UTC&hourly=wave_height%2Cwave_direction%2Cwave_period&models=era5_ocean&cell_selection=sea,ok,740b2cf7cbfb0c79221db2a609a8e773eb60458541d3afec2e5c74036377ad1e,3395,2026-09-26T08:32:55.643396+00:00
patch:23-9-20_16PCC_12,current,data/external/metocean/current_b739f49848bc9ef9fe6d624c.nc,https://ncss.hycom.org/thredds/ncss/GLBy0.08/expt_93.0/uv3z/2020?var=water_u&var=water_v&north=16.069838134578077&south=15.907838134578078&west=-88.2628250951183&east=-88.1008250951183&time_start=2020-09-20T00%3A00%3A00Z&time_end=2020-09-23T23%3A59%3A59Z&vertCoord=0&accept=netcdf&disableProjSubset=on,ok,4765ae9b071ff355a524bda620789b9b3109b4d99f88fbca5617cdf561d844f5,5052,2026-09-26T08:33:05.140179+00:00
patch:23-9-20_16PCC_25,wind,data/external/metocean/wind_20daf4d87b75dd381e0b098e.json,https://archive-api.open-meteo.com/v1/archive?latitude=15.87376428131654&longitude=-88.06161065511152&start_date=2020-09-20&end_date=2020-09-23&timezone=UTC&hourly=wind_speed_10m%2Cwind_direction_10m&models=era5&wind_speed_unit=ms&cell_selection=nearest,ok,04eb7e744f6fff382b2a217d83737310b35f00f84e422e6da16dfa4d790af63b,2966,2026-09-26T08:32:55.640405+00:00
patch:23-9-20_16PCC_25,wave,data/external/metocean/wave_3d4a1b586ee95d7d7ebe4cd9.json,https://marine-api.open-meteo.com/v1/marine?latitude=15.87376428131654&longitude=-88.06161065511152&start_date=2020-09-20&end_date=2020-09-23&timezone=UTC&hourly=wave_height%2Cwave_direction%2Cwave_period&models=era5_ocean&cell_selection=sea,ok,8dce4cf0014754ec967a437b4b82c9e1fe4fe7ee4144281ead1be92f67998fd6,3396,2026-09-26T08:32:55.766476+00:00
patch:23-9-20_16PCC_25,current,data/external/metocean/current_85e4d98275a45aeeee8f5f03.nc,https://ncss.hycom.org/thredds/ncss/GLBy0.08/expt_93.0/uv3z/2020?var=water_u&var=water_v&north=15.954764281316539&south=15.79276428131654&west=-88.14261065511153&east=-87.98061065511152&time_start=2020-09-20T00%3A00%3A00Z&time_end=2020-09-23T23%3A59%3A59Z&vertCoord=0&accept=netcdf&disableProjSubset=on,ok,8e10f28907dde8175d6bc2cfc4de30b8563bdca07ffc7bd46126280f45c24a8d,5052,2026-09-26T08:33:05.127896+00:00
patch:23-9-20_16PCC_31,wind,data/external/metocean/wind_6bb73d1cdc48926a60e8d012.json,https://archive-api.open-meteo.com/v1/archive?latitude=15.89745825039474&longitude=-87.94217570572482&start_date=2020-09-20&end_date=2020-09-23&timezone=UTC&hourly=wind_speed_10m%2Cwind_direction_10m&models=era5&wind_speed_unit=ms&cell_selection=nearest,ok,8b24f417e346e44b1573bc3f94a79fa8b8d959a8b8c45ee498413b446ebe25e2,2961,2026-09-26T08:32:55.885917+00:00
patch:23-9-20_16PCC_31,wave,data/external/metocean/wave_f5544f8fb1f5529cebe37f94.json,https://marine-api.open-meteo.com/v1/marine?latitude=15.89745825039474&longitude=-87.94217570572482&start_date=2020-09-20&end_date=2020-09-23&timezone=UTC&hourly=wave_height%2Cwave_direction%2Cwave_period&models=era5_ocean&cell_selection=sea,ok,364e530ada10e088a2bfc3ca61ec1c46aec4df66685fe2170a9b9b9775e2197e,3394,2026-09-26T08:32:56.034535+00:00
patch:23-9-20_16PCC_31,current,data/external/metocean/current_6a9f5a4e0dc11f19f2dc81d9.nc,https://ncss.hycom.org/thredds/ncss/GLBy0.08/expt_93.0/uv3z/2020?var=water_u&var=water_v&north=15.97845825039474&south=15.81645825039474&west=-88.02317570572482&east=-87.86117570572482&time_start=2020-09-20T00%3A00%3A00Z&time_end=2020-09-23T23%3A59%3A59Z&vertCoord=0&accept=netcdf&disableProjSubset=on,ok,29dcac5daf6f76dfe266997b7c6cbba108a8277ec1c7770b890588d13038b675,5052,2026-09-26T08:33:05.128197+00:00
patch:23-9-20_16PCC_44,wind,data/external/metocean/wind_d29d654da36732690b2f3823.json,https://archive-api.open-meteo.com/v1/archive?latitude=15.838855356277191&longitude=-88.59549890253888&start_date=2020-09-20&end_date=2020-09-23&timezone=UTC&hourly=wind_speed_10m%2Cwind_direction_10m&models=era5&wind_speed_unit=ms&cell_selection=nearest,ok,a7d4d762b436b480daef6808bcca4911800d8f2cc7c89b1992b52cac4511579c,2961,2026-09-26T08:32:56.290889+00:00
patch:23-9-20_16PCC_44,wave,data/external/metocean/wave_48db5cba9e94419b90110a65.json,https://marine-api.open-meteo.com/v1/marine?latitude=15.838855356277191&longitude=-88.59549890253888&start_date=2020-09-20&end_date=2020-09-23&timezone=UTC&hourly=wave_height%2Cwave_direction%2Cwave_period&models=era5_ocean&cell_selection=sea,ok,543f56976ec027eef89169d3236ce61f56707a013706dfc021d7ef6ff622905f,3395,2026-09-26T08:32:56.557846+00:00
patch:23-9-20_16PCC_44,current,data/external/metocean/current_6944b5e128c6fe157a71c64c.nc,https://ncss.hycom.org/thredds/ncss/GLBy0.08/expt_93.0/uv3z/2020?var=water_u&var=water_v&north=15.919855356277191&south=15.757855356277192&west=-88.67649890253888&east=-88.51449890253888&time_start=2020-09-20T00%3A00%3A00Z&time_end=2020-09-23T23%3A59%3A59Z&vertCoord=0&accept=netcdf&disableProjSubset=on,ok,3678662fe834afc1b8879d2d242db28f63b3ce4c6eb0453afd96f45e5b71bac4,5052,2026-09-26T08:33:05.127248+00:00
patch:23-9-20_16PCC_52,wind,data/external/metocean/wind_407a0f19f7720c0bd146e7a6.json,https://archive-api.open-meteo.com/v1/archive?latitude=15.839029917299651&longitude=-88.57160002520591&start_date=2020-09-20&end_date=2020-09-23&timezone=UTC&hourly=wind_speed_10m%2Cwind_direction_10m&models=era5&wind_speed_unit=ms&cell_selection=nearest,ok,c88387024c3568e248facb940f9071d78b12dde677037d132e420a1e8ef609a3,2960,2026-09-26T08:33:05.379556+00:00
patch:23-9-20_16PCC_52,wave,data/external/metocean/wave_2259c1cabbc845aad33f3fc9.json,https://marine-api.open-meteo.com/v1/marine?latitude=15.839029917299651&longitude=-88.57160002520591&start_date=2020-09-20&end_date=2020-09-23&timezone=UTC&hourly=wave_height%2Cwave_direction%2Cwave_period&models=era5_ocean&cell_selection=sea,ok,c97ac343fa1de198fab03cecfdaa6b36153feb7002dbda64b04e985121affb68,3396,2026-09-26T08:33:05.401423+00:00
patch:23-9-20_16PCC_52,current,data/external/metocean/current_efd6a5260eee56d664b305f6.nc,https://ncss.hycom.org/thredds/ncss/GLBy0.08/expt_93.0/uv3z/2020?var=water_u&var=water_v&north=15.920029917299651&south=15.758029917299652&west=-88.65260002520591&east=-88.49060002520591&time_start=2020-09-20T00%3A00%3A00Z&time_end=2020-09-23T23%3A59%3A59Z&vertCoord=0&accept=netcdf&disableProjSubset=on,ok,f3588188e08ed5d59cc3764298fa87bcab5dbbfb00fa05ad950ed0d64d2301c0,5052,2026-09-26T08:33:10.498100+00:00
patch:23-9-20_16PCC_7,wind,data/external/metocean/wind_132d076e262d44079d648850.json,https://archive-api.open-meteo.com/v1/archive?latitude=15.757050085741566&longitude=-88.25215611708552&start_date=2020-09-20&end_date=2020-09-23&timezone=UTC&hourly=wind_speed_10m%2Cwind_direction_10m&models=era5&wind_speed_unit=ms&cell_selection=nearest,ok,07ccdfc9dc47cea65cf6cf5c73b7112ebbeff1186ce9f28098f538b846c62a12,2961,2026-09-26T08:33:05.381291+00:00
patch:23-9-20_16PCC_7,wave,data/external/metocean/wave_0f9c52518ec4d68049201ffd.json,https://marine-api.open-meteo.com/v1/marine?latitude=15.757050085741566&longitude=-88.25215611708552&start_date=2020-09-20&end_date=2020-09-23&timezone=UTC&hourly=wave_height%2Cwave_direction%2Cwave_period&models=era5_ocean&cell_selection=sea,ok,7af575e35bd01284b9b0043662a8d0645f215fcad4467e064cae2858b6287f1e,3396,2026-09-26T08:33:05.642872+00:00
patch:23-9-20_16PCC_7,current,data/external/metocean/current_9a1ee231d74d1884057ee045.nc,https://ncss.hycom.org/thredds/ncss/GLBy0.08/expt_93.0/uv3z/2020?var=water_u&var=water_v&north=15.838050085741566&south=15.676050085741567&west=-88.33315611708552&east=-88.17115611708552&time_start=2020-09-20T00%3A00%3A00Z&time_end=2020-09-23T23%3A59%3A59Z&vertCoord=0&accept=netcdf&disableProjSubset=on,ok,71d8d956916f587a6557331a749185d964a8024800a99e73d5776b80f1004f76,5052,2026-09-26T08:33:10.359834+00:00
patch:24-11-19_48PZC_0,wind,data/external/metocean/wind_58b4fe7ef256f08903cf5509.json,https://archive-api.open-meteo.com/v1/archive?latitude=15.904458673994885&longitude=108.38258846737727&start_date=2019-11-21&end_date=2019-11-24&timezone=UTC&hourly=wind_speed_10m%2Cwind_direction_10m&models=era5&wind_speed_unit=ms&cell_selection=nearest,ok,028cf0080373edbcf068d6e72ec560d97e2646ac71c1e352728b7b4a55d8867c,2919,2026-09-26T08:33:05.642608+00:00
patch:24-11-19_48PZC_0,wave,data/external/metocean/wave_a7ce767ffa79cf8bfda056e7.json,https://marine-api.open-meteo.com/v1/marine?latitude=15.904458673994885&longitude=108.38258846737727&start_date=2019-11-21&end_date=2019-11-24&timezone=UTC&hourly=wave_height%2Cwave_direction%2Cwave_period&models=era5_ocean&cell_selection=sea,ok,78094f456badd0d138de9085aaf923297c4a8584a7415d58eff8f912df407b86,3394,2026-09-26T08:33:05.904620+00:00
patch:24-11-19_48PZC_0,current,data/external/metocean/current_481cbad961de3c250078f6b9.nc,https://ncss.hycom.org/thredds/ncss/GLBy0.08/expt_93.0/uv3z/2019?var=water_u&var=water_v&north=15.985458673994884&south=15.823458673994885&west=108.30158846737727&east=108.46358846737728&time_start=2019-11-21T00%3A00%3A00Z&time_end=2019-11-24T23%3A59%3A59Z&vertCoord=0&accept=netcdf&disableProjSubset=on,ok,a38e6c2521552e6278f038484bda75e3d0187da49f43024fef18eedc6cec80bb,5052,2026-09-26T08:33:12.616771+00:00
patch:24-11-19_48PZC_1,wind,data/external/metocean/wind_12fb68c52b9f364c5546f06b.json,https://archive-api.open-meteo.com/v1/archive?latitude=15.904083149422716&longitude=108.40646202940484&start_date=2019-11-21&end_date=2019-11-24&timezone=UTC&hourly=wind_speed_10m%2Cwind_direction_10m&models=era5&wind_speed_unit=ms&cell_selection=nearest,ok,1d2319b87caa08f63cced1b91586a7dc21795a700333ca01082f09ce6e91e559,2919,2026-09-26T08:33:06.148722+00:00
patch:24-11-19_48PZC_1,wave,data/external/metocean/wave_7d7c3c743a8841a18704918f.json,https://marine-api.open-meteo.com/v1/marine?latitude=15.904083149422716&longitude=108.40646202940484&start_date=2019-11-21&end_date=2019-11-24&timezone=UTC&hourly=wave_height%2Cwave_direction%2Cwave_period&models=era5_ocean&cell_selection=sea,ok,8a6e28b55a9fe810cca37db2ff4e839631ebeff48461b24adca413db8d1a364a,3396,2026-09-26T08:33:06.411765+00:00
patch:24-11-19_48PZC_1,current,data/external/metocean/current_fa39f50a0b40136a246bc7bf.nc,https://ncss.hycom.org/thredds/ncss/GLBy0.08/expt_93.0/uv3z/2019?var=water_u&var=water_v&north=15.985083149422715&south=15.823083149422716&west=108.32546202940483&east=108.48746202940484&time_start=2019-11-21T00%3A00%3A00Z&time_end=2019-11-24T23%3A59%3A59Z&vertCoord=0&accept=netcdf&disableProjSubset=on,ok,a730f3ddf8ee7e49ab2e81d5201a978e0fb1f57c1009e745f5e084a58e29a11e,5052,2026-09-26T08:33:12.626058+00:00
patch:24-11-19_48PZC_2,wind,data/external/metocean/wind_c7157ad8c68b464d3e4a05cf.json,https://archive-api.open-meteo.com/v1/archive?latitude=15.880980586814628&longitude=108.40607293859752&start_date=2019-11-21&end_date=2019-11-24&timezone=UTC&hourly=wind_speed_10m%2Cwind_direction_10m&models=era5&wind_speed_unit=ms&cell_selection=nearest,ok,1a5ff6b07f03f1833cf10e71762b503fbb0c3b89cc6828a050315d1af1ed70ff,2919,2026-09-26T08:33:10.599594+00:00
patch:24-11-19_48PZC_2,wave,data/external/metocean/wave_9b5320a298ca6212ff51bb4f.json,https://marine-api.open-meteo.com/v1/marine?latitude=15.880980586814628&longitude=108.40607293859752&start_date=2019-11-21&end_date=2019-11-24&timezone=UTC&hourly=wave_height%2Cwave_direction%2Cwave_period&models=era5_ocean&cell_selection=sea,ok,b49d6f5f0a1a16b6cad0b9bd6d584478b16d25d3957b3a1630a6219947055d53,3396,2026-09-26T08:33:10.764584+00:00
patch:24-11-19_48PZC_2,current,data/external/metocean/current_c13f4155a9ce103131977a77.nc,https://ncss.hycom.org/thredds/ncss/GLBy0.08/expt_93.0/uv3z/2019?var=water_u&var=water_v&north=15.961980586814628&south=15.799980586814629&west=108.32507293859751&east=108.48707293859752&time_start=2019-11-21T00%3A00%3A00Z&time_end=2019-11-24T23%3A59%3A59Z&vertCoord=0&accept=netcdf&disableProjSubset=on,ok,449d9a53aee628f2389a6c777a4ef542d283293043b960c147564b2c4e26ed03,5052,2026-09-26T08:33:12.718579+00:00
patch:24-11-19_48PZC_4,wind,data/external/metocean/wind_dd81e4fb8080a8761ef2b11b.json,https://archive-api.open-meteo.com/v1/archive?latitude=15.903704995620943&longitude=108.43033495144688&start_date=2019-11-21&end_date=2019-11-24&timezone=UTC&hourly=wind_speed_10m%2Cwind_direction_10m&models=era5&wind_speed_unit=ms&cell_selection=nearest,ok,3b5f91289e4e306b02e7709769158bcc68b6c81082df2f2ae4401eeccbd4ec01,2919,2026-09-26T08:33:11.020519+00:00
patch:24-11-19_48PZC_4,wave,data/external/metocean/wave_8234b464b7c889656caa8e60.json,https://marine-api.open-meteo.com/v1/marine?latitude=15.903704995620943&longitude=108.43033495144688&start_date=2019-11-21&end_date=2019-11-24&timezone=UTC&hourly=wave_height%2Cwave_direction%2Cwave_period&models=era5_ocean&cell_selection=sea,ok,a4a65be3f63ca3571c50d48d53010164552f055c4e34c1697787dd00fb5a07b0,3395,2026-09-26T08:33:11.280758+00:00
patch:24-11-19_48PZC_4,current,data/external/metocean/current_492e241e26d9dc54c30e2f3d.nc,https://ncss.hycom.org/thredds/ncss/GLBy0.08/expt_93.0/uv3z/2019?var=water_u&var=water_v&north=15.984704995620943&south=15.822704995620944&west=108.34933495144688&east=108.51133495144688&time_start=2019-11-21T00%3A00%3A00Z&time_end=2019-11-24T23%3A59%3A59Z&vertCoord=0&accept=netcdf&disableProjSubset=on,ok,6eaa092af777a17cee8f9ca2c027539b3f9418ec282bc6fe94b10698d28f7d88,5052,2026-09-26T08:33:12.719322+00:00
patch:24-11-19_48PZC_6,wind,data/external/metocean/wind_a78fe9e9633981b2648bbdff.json,https://archive-api.open-meteo.com/v1/archive?latitude=15.880222809184732&longitude=108.45381271097833&start_date=2019-11-21&end_date=2019-11-24&timezone=UTC&hourly=wind_speed_10m%2Cwind_direction_10m&models=era5&wind_speed_unit=ms&cell_selection=nearest,ok,c3e8378847544c2ca40f6ebb9b0095e4f7c2cf5495e78b4bb8b01a5a5c46bd61,2919,2026-09-26T08:33:14.947279+00:00
patch:24-11-19_48PZC_6,wave,data/external/metocean/wave_a06185f0ac4604aeb8a86242.json,https://marine-api.open-meteo.com/v1/marine?latitude=15.880222809184732&longitude=108.45381271097833&start_date=2019-11-21&end_date=2019-11-24&timezone=UTC&hourly=wave_height%2Cwave_direction%2Cwave_period&models=era5_ocean&cell_selection=sea,ok,d5c746f6e809cbf6a0b053fb89b03c9cdce8c1b6ce88f2c82f3ce8f6933afb97,3396,2026-09-26T08:33:13.847678+00:00
patch:24-11-19_48PZC_6,current,data/external/metocean/current_14de15ff3dc6676990b2a971.nc,https://ncss.hycom.org/thredds/ncss/GLBy0.08/expt_93.0/uv3z/2019?var=water_u&var=water_v&north=15.961222809184731&south=15.799222809184732&west=108.37281271097832&east=108.53481271097833&time_start=2019-11-21T00%3A00%3A00Z&time_end=2019-11-24T23%3A59%3A59Z&vertCoord=0&accept=netcdf&disableProjSubset=on,ok,e1feab441baab119cc8a8c8ee58be0e54e2b6e221551a0b3d11e5c91e605aaaf,5052,2026-09-26T08:33:17.613870+00:00
patch:24-11-19_48PZC_7,wind,data/external/metocean/wind_efe8eeb49e0bf55181c0c064.json,https://archive-api.open-meteo.com/v1/archive?latitude=15.879839983341087&longitude=108.47768162656315&start_date=2019-11-21&end_date=2019-11-24&timezone=UTC&hourly=wind_speed_10m%2Cwind_direction_10m&models=era5&wind_speed_unit=ms&cell_selection=nearest,ok,e8dc08ab1231ca819fa8ac2f6c2dfdbf0491305bf8368e5da483bef191089fff,2920,2026-09-26T08:33:14.946144+00:00
patch:24-11-19_48PZC_7,wave,data/external/metocean/wave_d3d3655542b7e96e499121cb.json,https://marine-api.open-meteo.com/v1/marine?latitude=15.879839983341087&longitude=108.47768162656315&start_date=2019-11-21&end_date=2019-11-24&timezone=UTC&hourly=wave_height%2Cwave_direction%2Cwave_period&models=era5_ocean&cell_selection=sea,ok,0bd9973a30237db8962dd4bfe8ffcdeebb7ef676054d51050c092c4b3d974243,3395,2026-09-26T08:33:14.461298+00:00
patch:24-11-19_48PZC_7,current,data/external/metocean/current_0507bbc0f3260dbc0d6f9eea.nc,https://ncss.hycom.org/thredds/ncss/GLBy0.08/expt_93.0/uv3z/2019?var=water_u&var=water_v&north=15.960839983341087&south=15.798839983341088&west=108.39668162656315&east=108.55868162656316&time_start=2019-11-21T00%3A00%3A00Z&time_end=2019-11-24T23%3A59%3A59Z&vertCoord=0&accept=netcdf&disableProjSubset=on,ok,7a2df689815721ad8ce781a0e54069a06aec4704e05728c566bccf959aa2768c,5052,2026-09-26T08:33:15.322473+00:00
patch:24-4-19_36JUN_15,wind,data/external/metocean/wind_1abaa92f5bcf6532138516b9.json,https://archive-api.open-meteo.com/v1/archive?latitude=-29.679259652799427&longitude=31.200372933255707&start_date=2019-04-21&end_date=2019-04-24&timezone=UTC&hourly=wind_speed_10m%2Cwind_direction_10m&models=era5&wind_speed_unit=ms&cell_selection=nearest,ok,e27e6324c4bf9f2fabb8081918cba57ec1abe7013ed2936dd77a614facd20619,2956,2026-09-26T08:33:15.211656+00:00
patch:24-4-19_36JUN_15,wave,data/external/metocean/wave_68465af44d34cff9e1bbd91a.json,https://marine-api.open-meteo.com/v1/marine?latitude=-29.679259652799427&longitude=31.200372933255707&start_date=2019-04-21&end_date=2019-04-24&timezone=UTC&hourly=wave_height%2Cwave_direction%2Cwave_period&models=era5_ocean&cell_selection=sea,ok,f2b052bd3c551f42de71d0b7014482f314e868dffd09885e569c79d11ac5c015,3483,2026-09-26T08:33:15.223434+00:00
patch:24-4-19_36JUN_15,current,data/external/metocean/current_e263e97ddfffff788166af9a.nc,https://ncss.hycom.org/thredds/ncss/GLBy0.08/expt_93.0/uv3z/2019?var=water_u&var=water_v&north=-29.598259652799427&south=-29.760259652799427&west=31.119372933255708&east=31.281372933255707&time_start=2019-04-21T00%3A00%3A00Z&time_end=2019-04-24T23%3A59%3A59Z&vertCoord=0&accept=netcdf&disableProjSubset=on,ok,2316fa716e8a57938e31a07948587d3a41c05432aa78da64c87b1da15ae47069,5052,2026-09-26T08:33:22.775531+00:00
patch:24-4-19_36JUN_17,wind,data/external/metocean/wind_4ff1adc4bca1801ff2424326.json,https://archive-api.open-meteo.com/v1/archive?latitude=-29.840906360683427&longitude=31.197481256472248&start_date=2019-04-21&end_date=2019-04-24&timezone=UTC&hourly=wind_speed_10m%2Cwind_direction_10m&models=era5&wind_speed_unit=ms&cell_selection=nearest,ok,0edadd3917bd609a4a5e320b8fe840a92d4523651015edc89c66dd73871cf1c0,2956,2026-09-26T08:33:15.472540+00:00
patch:24-4-19_36JUN_17,wave,data/external/metocean/wave_8a9de545f24340bed8f9181b.json,https://marine-api.open-meteo.com/v1/marine?latitude=-29.840906360683427&longitude=31.197481256472248&start_date=2019-04-21&end_date=2019-04-24&timezone=UTC&hourly=wave_height%2Cwave_direction%2Cwave_period&models=era5_ocean&cell_selection=sea,ok,daabf20130baa741e35547c748fc575c1ed728527d7ce9be2883f168fc8c72e9,3484,2026-09-26T08:33:15.583656+00:00
patch:24-4-19_36JUN_17,current,data/external/metocean/current_20a7336149108e62f01e6d65.nc,https://ncss.hycom.org/thredds/ncss/GLBy0.08/expt_93.0/uv3z/2019?var=water_u&var=water_v&north=-29.759906360683427&south=-29.921906360683426&west=31.116481256472248&east=31.278481256472247&time_start=2019-04-21T00%3A00%3A00Z&time_end=2019-04-24T23%3A59%3A59Z&vertCoord=0&accept=netcdf&disableProjSubset=on,ok,ed67381d7009cadf1237a2c4a316d771381d3a2fff0c8ae3e03da239105cedfb,5052,2026-09-26T08:33:22.781041+00:00
patch:24-4-19_36JUN_2,wind,data/external/metocean/wind_d35fa99c0dc13587ee9e0ed8.json,https://archive-api.open-meteo.com/v1/archive?latitude=-29.83941746176321&longitude=31.091534968647835&start_date=2019-04-21&end_date=2019-04-24&timezone=UTC&hourly=wind_speed_10m%2Cwind_direction_10m&models=era5&wind_speed_unit=ms&cell_selection=nearest,ok,cba798c87151329ed7d59f5cefd08c802420d82b7d5b0d7fec8432665a34a53c,2958,2026-09-26T08:33:15.836427+00:00
patch:24-4-19_36JUN_2,wave,data/external/metocean/wave_177a87b2278a7a487ea3abe5.json,https://marine-api.open-meteo.com/v1/marine?latitude=-29.83941746176321&longitude=31.091534968647835&start_date=2019-04-21&end_date=2019-04-24&timezone=UTC&hourly=wave_height%2Cwave_direction%2Cwave_period&models=era5_ocean&cell_selection=sea,ok,dd0e046bf7a7675d34d17c8f15805bce1616ff497bafdd6d67dbfcce51e9250b,3485,2026-09-26T08:33:16.099921+00:00
patch:24-4-19_36JUN_2,current,data/external/metocean/current_c3e574126839e962f2e134cf.nc,https://ncss.hycom.org/thredds/ncss/GLBy0.08/expt_93.0/uv3z/2019?var=water_u&var=water_v&north=-29.758417461763212&south=-29.92041746176321&west=31.010534968647836&east=31.172534968647835&time_start=2019-04-21T00%3A00%3A00Z&time_end=2019-04-24T23%3A59%3A59Z&vertCoord=0&accept=netcdf&disableProjSubset=on,ok,765fea608546277468202217bafcdca3d0ff3b63faea25beabc91bdbf7226a45,5052,2026-09-26T08:33:22.808460+00:00
patch:24-4-19_36JUN_3,wind,data/external/metocean/wind_74a5fb2facf419252b327d8f.json,https://archive-api.open-meteo.com/v1/archive?latitude=-29.862508121131984&longitude=31.09109558815321&start_date=2019-04-21&end_date=2019-04-24&timezone=UTC&hourly=wind_speed_10m%2Cwind_direction_10m&models=era5&wind_speed_unit=ms&cell_selection=nearest,ok,8c3421b91dfa718eaab3e13df89d37c978af1764df439e6ed078b8bf92c9a7d3,2959,2026-09-26T08:33:17.865150+00:00
patch:24-4-19_36JUN_3,wave,data/external/metocean/wave_24ce833ad75c98c925ba0be1.json,https://marine-api.open-meteo.com/v1/marine?latitude=-29.862508121131984&longitude=31.09109558815321&start_date=2019-04-21&end_date=2019-04-24&timezone=UTC&hourly=wave_height%2Cwave_direction%2Cwave_period&models=era5_ocean&cell_selection=sea,ok,cd7031e022af19a572c06aa0a371685914d4680e3c88824f03f268d2c7048ab0,3479,2026-09-26T08:33:18.126432+00:00
patch:24-4-19_36JUN_3,current,data/external/metocean/current_f8faa00fb3c264e2a44c4e62.nc,https://ncss.hycom.org/thredds/ncss/GLBy0.08/expt_93.0/uv3z/2019?var=water_u&var=water_v&north=-29.781508121131985&south=-29.943508121131984&west=31.01009558815321&east=31.17209558815321&time_start=2019-04-21T00%3A00%3A00Z&time_end=2019-04-24T23%3A59%3A59Z&vertCoord=0&accept=netcdf&disableProjSubset=on,ok,cab007accab97fea0672b7b493ddadba54ae5193a7cf7ebee35222c6205633c4,5052,2026-09-26T08:33:22.650331+00:00
patch:24-4-19_36JUN_6,wind,data/external/metocean/wind_92e445701475fdeef6dbe569.json,https://archive-api.open-meteo.com/v1/archive?latitude=-29.747432732009123&longitude=31.119748929133067&start_date=2019-04-21&end_date=2019-04-24&timezone=UTC&hourly=wind_speed_10m%2Cwind_direction_10m&models=era5&wind_speed_unit=ms&cell_selection=nearest,ok,e01e8109468bdda16c3643eefaf2e94ba2199bf8a66c4cd1e5cdd587e0a5aded,2958,2026-09-26T08:33:22.896799+00:00
patch:24-4-19_36JUN_6,wave,data/external/metocean/wave_4fbe02ded117354866880826.json,https://marine-api.open-meteo.com/v1/marine?latitude=-29.747432732009123&longitude=31.119748929133067&start_date=2019-04-21&end_date=2019-04-24&timezone=UTC&hourly=wave_height%2Cwave_direction%2Cwave_period&models=era5_ocean&cell_selection=sea,ok,d2a693900b5ab5cdef861bce8596c4d6cbd06367d8ae9e044f54db1f81be6698,3485,2026-09-26T08:33:23.028836+00:00
patch:24-4-19_36JUN_6,current,data/external/metocean/current_438d864b72d7a6cd290378e8.nc,https://ncss.hycom.org/thredds/ncss/GLBy0.08/expt_93.0/uv3z/2019?var=water_u&var=water_v&north=-29.666432732009124&south=-29.828432732009123&west=31.038748929133067&east=31.200748929133066&time_start=2019-04-21T00%3A00%3A00Z&time_end=2019-04-24T23%3A59%3A59Z&vertCoord=0&accept=netcdf&disableProjSubset=on,ok,957bcb491898f2c8768260051b5ca90ccfe571769c26cd7fb5f0665e7f68b169,5052,2026-09-26T08:33:27.225187+00:00
patch:24-4-19_36JUN_8,wind,data/external/metocean/wind_c19df9fdd3a9dc69f2e941f5.json,https://archive-api.open-meteo.com/v1/archive?latitude=-29.862888660028815&longitude=31.117587500917775&start_date=2019-04-21&end_date=2019-04-24&timezone=UTC&hourly=wind_speed_10m%2Cwind_direction_10m&models=era5&wind_speed_unit=ms&cell_selection=nearest,ok,f72da03f0a4f595786efcd88bb583c14c80323b0308b168acf037b449658c018,2958,2026-09-26T08:33:23.048853+00:00
patch:24-4-19_36JUN_8,wave,data/external/metocean/wave_db0a36ee1424f6c473b1d83d.json,https://marine-api.open-meteo.com/v1/marine?latitude=-29.862888660028815&longitude=31.117587500917775&start_date=2019-04-21&end_date=2019-04-24&timezone=UTC&hourly=wave_height%2Cwave_direction%2Cwave_period&models=era5_ocean&cell_selection=sea,ok,89719feaadfc2f3409aadb1ad56b10dca2bdecca90b782a1530ff3f42db606ee,3483,2026-09-26T08:33:23.161737+00:00
patch:24-4-19_36JUN_8,current,data/external/metocean/current_c5d84e3e0ad0d3b41088a94d.nc,https://ncss.hycom.org/thredds/ncss/GLBy0.08/expt_93.0/uv3z/2019?var=water_u&var=water_v&north=-29.781888660028816&south=-29.943888660028815&west=31.036587500917776&east=31.198587500917775&time_start=2019-04-21T00%3A00%3A00Z&time_end=2019-04-24T23%3A59%3A59Z&vertCoord=0&accept=netcdf&disableProjSubset=on,ok,2326d8e7dcb24f48862960858ae227e923573ad46cd5c24cdf4e19496f3c3e0c,5052,2026-09-26T08:33:23.620741+00:00
patch:24-8-20_16PCC_1,wind,data/external/metocean/wind_7da0d7afb3cfa60dc458b735.json,https://archive-api.open-meteo.com/v1/archive?latitude=15.980136571605218&longitude=-88.28081788806715&start_date=2020-08-21&end_date=2020-08-24&timezone=UTC&hourly=wind_speed_10m%2Cwind_direction_10m&models=era5&wind_speed_unit=ms&cell_selection=nearest,ok,ea3056a019c24c2ddd6db25adf0f4718ad0169377dd1aef45f0307cf4cf426d7,2962,2026-09-26T08:33:23.292178+00:00
patch:24-8-20_16PCC_1,wave,data/external/metocean/wave_0461b3b604a3e324aa1b1cc2.json,https://marine-api.open-meteo.com/v1/marine?latitude=15.980136571605218&longitude=-88.28081788806715&start_date=2020-08-21&end_date=2020-08-24&timezone=UTC&hourly=wave_height%2Cwave_direction%2Cwave_period&models=era5_ocean&cell_selection=sea,ok,870b33b7b8010968e8c054aa6d087cac5b09f7f1763e687c5a0638b109f29c35,3396,2026-09-26T08:33:23.421062+00:00
patch:24-8-20_16PCC_1,current,data/external/metocean/current_8314b1643c67bfde83f02237.nc,https://ncss.hycom.org/thredds/ncss/GLBy0.08/expt_93.0/uv3z/2020?var=water_u&var=water_v&north=16.061136571605218&south=15.899136571605219&west=-88.36181788806715&east=-88.19981788806714&time_start=2020-08-21T00%3A00%3A00Z&time_end=2020-08-24T23%3A59%3A59Z&vertCoord=0&accept=netcdf&disableProjSubset=on,ok,20fc9a9ee7bb674c060d26c7600c75d05df562b7939506ed94131d4867244490,6220,2026-09-26T08:33:29.838604+00:00
patch:24-8-20_16PCC_12,wind,data/external/metocean/wind_b9c96ebede5a96e85951cd38.json,https://archive-api.open-meteo.com/v1/archive?latitude=15.72628650927419&longitude=-88.15976609232837&start_date=2020-08-21&end_date=2020-08-24&timezone=UTC&hourly=wind_speed_10m%2Cwind_direction_10m&models=era5&wind_speed_unit=ms&cell_selection=nearest,ok,9d292f4892ea5a12caac9242b9d7d69a3b3945bdf651d1b64221da669a233eb6,2967,2026-09-26T08:33:23.672529+00:00
patch:24-8-20_16PCC_12,wave,data/external/metocean/wave_6270efbf58923914b8e18a36.json,https://marine-api.open-meteo.com/v1/marine?latitude=15.72628650927419&longitude=-88.15976609232837&start_date=2020-08-21&end_date=2020-08-24&timezone=UTC&hourly=wave_height%2Cwave_direction%2Cwave_period&models=era5_ocean&cell_selection=sea,ok,993f4c162241351502ab0284be29c852d5de9aaaa2cc57bb5d78bfa378ae2fec,3396,2026-09-26T08:33:23.881274+00:00
patch:24-8-20_16PCC_12,current,data/external/metocean/current_477f6ab44482e27e7c8d80c6.nc,https://ncss.hycom.org/thredds/ncss/GLBy0.08/expt_93.0/uv3z/2020?var=water_u&var=water_v&north=15.80728650927419&south=15.645286509274191&west=-88.24076609232837&east=-88.07876609232837&time_start=2020-08-21T00%3A00%3A00Z&time_end=2020-08-24T23%3A59%3A59Z&vertCoord=0&accept=netcdf&disableProjSubset=on,ok,2a236b8792e8fb7d8fc839466fac9bbf0d955e525e17dd10f64b60e0d37cbf4a,5052,2026-09-26T08:33:29.715734+00:00
patch:24-8-20_16PCC_15,wind,data/external/metocean/wind_a1f24430cca940af6778c49c.json,https://archive-api.open-meteo.com/v1/archive?latitude=15.842232866281217&longitude=-88.11261684637834&start_date=2020-08-21&end_date=2020-08-24&timezone=UTC&hourly=wind_speed_10m%2Cwind_direction_10m&models=era5&wind_speed_unit=ms&cell_selection=nearest,ok,e72ef1a68b107ca3df7b9eaf4018183076caa8fc7f729d605a57bfe3632fc339,2973,2026-09-26T08:33:24.122146+00:00
patch:24-8-20_16PCC_15,wave,data/external/metocean/wave_b19ce94ca1e20fdbee12951c.json,https://marine-api.open-meteo.com/v1/marine?latitude=15.842232866281217&longitude=-88.11261684637834&start_date=2020-08-21&end_date=2020-08-24&timezone=UTC&hourly=wave_height%2Cwave_direction%2Cwave_period&models=era5_ocean&cell_selection=sea,ok,5dff242eedb5123c73944990ab3eccb220ec465b96725bc4d2db9531cc57f307,3396,2026-09-26T08:33:24.388312+00:00
patch:24-8-20_16PCC_15,current,data/external/metocean/current_9bbc325e837fb552773373f1.nc,https://ncss.hycom.org/thredds/ncss/GLBy0.08/expt_93.0/uv3z/2020?var=water_u&var=water_v&north=15.923232866281216&south=15.761232866281217&west=-88.19361684637835&east=-88.03161684637834&time_start=2020-08-21T00%3A00%3A00Z&time_end=2020-08-24T23%3A59%3A59Z&vertCoord=0&accept=netcdf&disableProjSubset=on,ok,1cc90ef228af078e0b79f4c98f8c524a98ef6b02f0ccf55c919eb261a6eb0759,5052,2026-09-26T08:33:29.910647+00:00
patch:24-8-20_16PCC_16,wind,data/external/metocean/wind_106ae922b15e54eeac9f58f6.json,https://archive-api.open-meteo.com/v1/archive?latitude=15.819093436795017&longitude=-88.11249021690469&start_date=2020-08-21&end_date=2020-08-24&timezone=UTC&hourly=wind_speed_10m%2Cwind_direction_10m&models=era5&wind_speed_unit=ms&cell_selection=nearest,ok,fe176b2d537754714cb63202826f3b7666650a0b99692a7b6d7135a8c2d24fe1,2974,2026-09-26T08:33:27.473530+00:00
patch:24-8-20_16PCC_16,wave,data/external/metocean/wave_c46255bc89735485f76541c0.json,https://marine-api.open-meteo.com/v1/marine?latitude=15.819093436795017&longitude=-88.11249021690469&start_date=2020-08-21&end_date=2020-08-24&timezone=UTC&hourly=wave_height%2Cwave_direction%2Cwave_period&models=era5_ocean&cell_selection=sea,ok,64201afc75ac681e91dc8b154e925ac4c307db4b68db6a60232a234e20d586a0,3396,2026-09-26T08:33:27.751274+00:00
patch:24-8-20_16PCC_16,current,data/external/metocean/current_55664e5203a8e9ca88930bb5.nc,https://ncss.hycom.org/thredds/ncss/GLBy0.08/expt_93.0/uv3z/2020?var=water_u&var=water_v&north=15.900093436795016&south=15.738093436795017&west=-88.19349021690469&east=-88.03149021690469&time_start=2020-08-21T00%3A00%3A00Z&time_end=2020-08-24T23%3A59%3A59Z&vertCoord=0&accept=netcdf&disableProjSubset=on,ok,ba14fe9914291d081907c289030f07c1da8c62899c894bbb3e9b25f3a92bc748,5444,2026-09-26T08:33:29.838296+00:00
patch:24-8-20_16PCC_21,wind,data/external/metocean/wind_042b5ee40a3c5bee4d39aa7c.json,https://archive-api.open-meteo.com/v1/archive?latitude=16.028043610376756&longitude=-87.97007882518719&start_date=2020-08-21&end_date=2020-08-24&timezone=UTC&hourly=wind_speed_10m%2Cwind_direction_10m&models=era5&wind_speed_unit=ms&cell_selection=nearest,ok,67811c56ada5e87cc1797189eab65528b1fcb3a89cfcc9e71cefd4a3ae8ced44,2970,2026-09-26T08:33:29.960613+00:00
patch:24-8-20_16PCC_21,wave,data/external/metocean/wave_9a2781339071bcbdb589341a.json,https://marine-api.open-meteo.com/v1/marine?latitude=16.028043610376756&longitude=-87.97007882518719&start_date=2020-08-21&end_date=2020-08-24&timezone=UTC&hourly=wave_height%2Cwave_direction%2Cwave_period&models=era5_ocean&cell_selection=sea,ok,9ffe3f1ea664ca964ce22bc682edb807b60e7be077db0ad00bb6203509292d0c,3396,2026-09-26T08:33:30.106880+00:00
patch:24-8-20_16PCC_21,current,data/external/metocean/current_5e69c8030087221468e91eb7.nc,https://ncss.hycom.org/thredds/ncss/GLBy0.08/expt_93.0/uv3z/2020?var=water_u&var=water_v&north=16.109043610376755&south=15.947043610376756&west=-88.05107882518719&east=-87.88907882518718&time_start=2020-08-21T00%3A00%3A00Z&time_end=2020-08-24T23%3A59%3A59Z&vertCoord=0&accept=netcdf&disableProjSubset=on,ok,f8789d3798fa82b904f7739932c917fd0b0549197f50295a5e8f5dcaee80d6aa,5052,2026-09-26T08:33:30.419404+00:00
patch:24-8-20_16PCC_23,wind,data/external/metocean/wind_7938189e0c8a8faed916a6e7.json,https://archive-api.open-meteo.com/v1/archive?latitude=15.88920234945271&longitude=-87.96941092754149&start_date=2020-08-21&end_date=2020-08-24&timezone=UTC&hourly=wind_speed_10m%2Cwind_direction_10m&models=era5&wind_speed_unit=ms&cell_selection=nearest,ok,52213f7e8d765729b2be9676a896e27963c740d2f342168b2292b06d11e1ef7d,2970,2026-09-26T08:33:30.153883+00:00
patch:24-8-20_16PCC_23,wave,data/external/metocean/wave_6d8450d468abec36969f1cf7.json,https://marine-api.open-meteo.com/v1/marine?latitude=15.88920234945271&longitude=-87.96941092754149&start_date=2020-08-21&end_date=2020-08-24&timezone=UTC&hourly=wave_height%2Cwave_direction%2Cwave_period&models=era5_ocean&cell_selection=sea,ok,a2de504b1b6ed594abf7e9b6f8620edfdd1f7dec24a1a08be1b093597126f691,3395,2026-09-26T08:33:30.230738+00:00
patch:24-8-20_16PCC_23,current,data/external/metocean/current_dfda23c2fa60c82013c3f939.nc,https://ncss.hycom.org/thredds/ncss/GLBy0.08/expt_93.0/uv3z/2020?var=water_u&var=water_v&north=15.970202349452709&south=15.80820234945271&west=-88.05041092754149&east=-87.88841092754149&time_start=2020-08-21T00%3A00%3A00Z&time_end=2020-08-24T23%3A59%3A59Z&vertCoord=0&accept=netcdf&disableProjSubset=on,ok,f0bcbdbe66bf46c36f2e259289a24673c9c4ca2e025a4edb15b1ebc2dba34639,5052,2026-09-26T08:33:30.678949+00:00
patch:25-5-19_48MXU_0,wind,data/external/metocean/wind_de87e24bb702aca6c5985685.json,https://archive-api.open-meteo.com/v1/archive?latitude=-5.842407447628257&longitude=105.98802045976032&start_date=2019-05-22&end_date=2019-05-25&timezone=UTC&hourly=wind_speed_10m%2Cwind_direction_10m&models=era5&wind_speed_unit=ms&cell_selection=nearest,ok,0196bbef8690d78244e9e1ebab0d827ad00030842d3f678f99b8667bfb9cde39,2939,2026-09-26T08:33:30.402263+00:00
patch:25-5-19_48MXU_0,wave,data/external/metocean/wave_3a367bb6893c32a6d253095e.json,https://marine-api.open-meteo.com/v1/marine?latitude=-5.842407447628257&longitude=105.98802045976032&start_date=2019-05-22&end_date=2019-05-25&timezone=UTC&hourly=wave_height%2Cwave_direction%2Cwave_period&models=era5_ocean&cell_selection=sea,ok,8cac85d5426d4fbefaaa5af603b6d5a25565f0e0d96670021980378446951e46,3393,2026-09-26T08:33:30.508511+00:00
patch:25-5-19_48MXU_0,current,data/external/metocean/current_713678934a9a97cf9afccb97.nc,https://ncss.hycom.org/thredds/ncss/GLBy0.08/expt_93.0/uv3z/2019?var=water_u&var=water_v&north=-5.761407447628256&south=-5.923407447628257&west=105.90702045976032&east=106.06902045976032&time_start=2019-05-22T00%3A00%3A00Z&time_end=2019-05-25T23%3A59%3A59Z&vertCoord=0&accept=netcdf&disableProjSubset=on,ok,20e69faafa7c2324c7191344a1b81402aadc538e3ea749f84f9bb2fc6981f5e0,5052,2026-09-26T08:33:38.195597+00:00
patch:25-5-19_48MXU_1,wind,data/external/metocean/wind_a82efcf1e8ea39eac1a50457.json,https://archive-api.open-meteo.com/v1/archive?latitude=-5.86556268527795&longitude=105.98806113240435&start_date=2019-05-22&end_date=2019-05-25&timezone=UTC&hourly=wind_speed_10m%2Cwind_direction_10m&models=era5&wind_speed_unit=ms&cell_selection=nearest,ok,7cf09202b937b01ee90a6fb4bad9e79717f9528aa1f4f454808193bf49a4ec44,2940,2026-09-26T08:33:30.665567+00:00
patch:25-5-19_48MXU_1,wave,data/external/metocean/wave_b98083ea1901a6b41c78c168.json,https://marine-api.open-meteo.com/v1/marine?latitude=-5.86556268527795&longitude=105.98806113240435&start_date=2019-05-22&end_date=2019-05-25&timezone=UTC&hourly=wave_height%2Cwave_direction%2Cwave_period&models=era5_ocean&cell_selection=sea,ok,5bb2c31582893dcf15c95ea59a7a8d2da32521a3dc718d71526c5a7fdf85f127,3396,2026-09-26T08:33:30.764723+00:00
patch:25-5-19_48MXU_1,current,data/external/metocean/current_1198925857ac567bf20a60a6.nc,https://ncss.hycom.org/thredds/ncss/GLBy0.08/expt_93.0/uv3z/2019?var=water_u&var=water_v&north=-5.784562685277949&south=-5.94656268527795&west=105.90706113240435&east=106.06906113240436&time_start=2019-05-22T00%3A00%3A00Z&time_end=2019-05-25T23%3A59%3A59Z&vertCoord=0&accept=netcdf&disableProjSubset=on,ok,c3b5fe35521fbf91c719350ca862862f39e5138b1ec6722a6a6ad7f013469b55,5052,2026-09-26T08:33:38.329112+00:00
patch:25-5-19_48MXU_2,wind,data/external/metocean/wind_3b8153ef34b6d3c84f9fbc21.json,https://archive-api.open-meteo.com/v1/archive?latitude=-5.888717903538774&longitude=105.98810196873237&start_date=2019-05-22&end_date=2019-05-25&timezone=UTC&hourly=wind_speed_10m%2Cwind_direction_10m&models=era5&wind_speed_unit=ms&cell_selection=nearest,ok,9231b0e3ba0698d7dc00006a23304c0d87a3c55aba642c6baaada922b59c7949,2945,2026-09-26T08:33:30.941948+00:00
patch:25-5-19_48MXU_2,wave,data/external/metocean/wave_bcfbab77f3fb47311d13a34a.json,https://marine-api.open-meteo.com/v1/marine?latitude=-5.888717903538774&longitude=105.98810196873237&start_date=2019-05-22&end_date=2019-05-25&timezone=UTC&hourly=wave_height%2Cwave_direction%2Cwave_period&models=era5_ocean&cell_selection=sea,ok,bfd1154e28388fee04ef6d057a51207ce0e4b215a863d1de98f6dce8ca43bc69,3395,2026-09-26T08:33:31.031743+00:00
patch:25-5-19_48MXU_2,current,data/external/metocean/current_240de2d1aad5a23ffcbd7425.nc,https://ncss.hycom.org/thredds/ncss/GLBy0.08/expt_93.0/uv3z/2019?var=water_u&var=water_v&north=-5.807717903538774&south=-5.969717903538775&west=105.90710196873236&east=106.06910196873237&time_start=2019-05-22T00%3A00%3A00Z&time_end=2019-05-25T23%3A59%3A59Z&vertCoord=0&accept=netcdf&disableProjSubset=on,ok,0f1b744b29d3bfbd45d3dc6a124053282e056741ad752ac3c07520d515b71cf4,5052,2026-09-26T08:33:38.212036+00:00
patch:25-5-19_48MXU_3,wind,data/external/metocean/wind_d759eb00a02ba2c7ea84048d.json,https://archive-api.open-meteo.com/v1/archive?latitude=-5.842366322887043&longitude=106.01114231379589&start_date=2019-05-22&end_date=2019-05-25&timezone=UTC&hourly=wind_speed_10m%2Cwind_direction_10m&models=era5&wind_speed_unit=ms&cell_selection=nearest,ok,114c4d6b5730c1f6900f2bf430877cc5d8260bda45a6663e12ca6565449f791a,2939,2026-09-26T08:33:31.278068+00:00
patch:25-5-19_48MXU_3,wave,data/external/metocean/wave_23b3125840722a4c47e1596b.json,https://marine-api.open-meteo.com/v1/marine?latitude=-5.842366322887043&longitude=106.01114231379589&start_date=2019-05-22&end_date=2019-05-25&timezone=UTC&hourly=wave_height%2Cwave_direction%2Cwave_period&models=era5_ocean&cell_selection=sea,ok,0f966d85b22c0951135a3817f66ccae240a7cf27395ab7799d19fe036cd85ab6,3395,2026-09-26T08:33:31.561904+00:00
patch:25-5-19_48MXU_3,current,data/external/metocean/current_5fa08ec6e995c918a5515471.nc,https://ncss.hycom.org/thredds/ncss/GLBy0.08/expt_93.0/uv3z/2019?var=water_u&var=water_v&north=-5.761366322887042&south=-5.923366322887043&west=105.93014231379588&east=106.09214231379589&time_start=2019-05-22T00%3A00%3A00Z&time_end=2019-05-25T23%3A59%3A59Z&vertCoord=0&accept=netcdf&disableProjSubset=on,ok,6e74148e6fe5abadea0943f82611850719c454c63ec7d7eeb08636b1a2c0febd,5052,2026-09-26T08:33:38.329008+00:00
patch:25-5-19_48MXU_4,wind,data/external/metocean/wind_bd316eb01225374b1105f487.json,https://archive-api.open-meteo.com/v1/archive?latitude=-5.84232424726718&longitude=106.0342640003526&start_date=2019-05-22&end_date=2019-05-25&timezone=UTC&hourly=wind_speed_10m%2Cwind_direction_10m&models=era5&wind_speed_unit=ms&cell_selection=nearest,ok,c446b923697440cfd4f3a83efd190a387413b40eaf54972e39d15a6e882bbf56,2939,2026-09-26T08:33:38.609625+00:00
patch:25-5-19_48MXU_4,wave,data/external/metocean/wave_0b22cfba0b1ab23177f19e4d.json,https://marine-api.open-meteo.com/v1/marine?latitude=-5.84232424726718&longitude=106.0342640003526&start_date=2019-05-22&end_date=2019-05-25&timezone=UTC&hourly=wave_height%2Cwave_direction%2Cwave_period&models=era5_ocean&cell_selection=sea,ok,77b9ca0026ebe412bf612d9f9e14326f50f9d834c8ee051e94c8c15f8b8e9f02,3395,2026-09-26T08:33:38.609891+00:00
patch:25-5-19_48MXU_4,current,data/external/metocean/current_85a66bc469b2c4b4ec69354f.nc,https://ncss.hycom.org/thredds/ncss/GLBy0.08/expt_93.0/uv3z/2019?var=water_u&var=water_v&north=-5.761324247267179&south=-5.92332424726718&west=105.95326400035259&east=106.1152640003526&time_start=2019-05-22T00%3A00%3A00Z&time_end=2019-05-25T23%3A59%3A59Z&vertCoord=0&accept=netcdf&disableProjSubset=on,ok,9f37b3591a766eaa4513d0e93662e683fe3c93a7584689116c3ea05e38bc5669,5052,2026-09-26T08:33:40.592182+00:00
patch:26-2-18_16PCC_11,wind,data/external/metocean/wind_49c08f9c2f6d1a060b615c1f.json,https://archive-api.open-meteo.com/v1/archive?latitude=15.763282175680422&longitude=-88.29923583148476&start_date=2018-02-23&end_date=2018-02-26&timezone=UTC&hourly=wind_speed_10m%2Cwind_direction_10m&models=era5&wind_speed_unit=ms&cell_selection=nearest,ok,ba280e798e77bb301a698a5db98398fb3e94b83ccf792539f9c377c0c3a1c7e9,2936,2026-09-26T08:33:38.889996+00:00
patch:26-2-18_16PCC_11,wave,data/external/metocean/wave_f7cf8883619442f09cb8d5bd.json,https://marine-api.open-meteo.com/v1/marine?latitude=15.763282175680422&longitude=-88.29923583148476&start_date=2018-02-23&end_date=2018-02-26&timezone=UTC&hourly=wave_height%2Cwave_direction%2Cwave_period&models=era5_ocean&cell_selection=sea,ok,7703463c553331c1f79b62b05ee8598b23b143a5641a27eda406079de090c186,3396,2026-09-26T08:33:39.247288+00:00
patch:26-2-18_16PCC_11,current,data/external/metocean/current_a7e5e3275b112c27d4f1c9a9.nc,https://ncss.hycom.org/thredds/ncss/GLBv0.08/expt_93.0/uv3z?var=water_u&var=water_v&north=15.844282175680421&south=15.682282175680422&west=-88.38023583148477&east=-88.21823583148476&time_start=2018-02-23T00%3A00%3A00Z&time_end=2018-02-26T23%3A59%3A59Z&vertCoord=0&accept=netcdf&disableProjSubset=on,ok,6492aafa910f5c71b2464eaef31e88aa90f75a14612888030d9c55cd5d7dd84e,4232,2026-09-26T08:33:41.002531+00:00
patch:26-2-18_16PCC_2,wind,data/external/metocean/wind_8c8f7ec13119418ea7d1dd16.json,https://archive-api.open-meteo.com/v1/archive?latitude=15.78379986154286&longitude=-88.68168024436801&start_date=2018-02-23&end_date=2018-02-26&timezone=UTC&hourly=wind_speed_10m%2Cwind_direction_10m&models=era5&wind_speed_unit=ms&cell_selection=nearest,ok,1bcd23983881816c8e1f3f325590a4a6dced41ff847cc72b3fafe175f62a9e48,2933,2026-09-26T08:33:39.602269+00:00
patch:26-2-18_16PCC_2,wave,data/external/metocean/wave_be1d3d30efb230306adcc6b2.json,https://marine-api.open-meteo.com/v1/marine?latitude=15.78379986154286&longitude=-88.68168024436801&start_date=2018-02-23&end_date=2018-02-26&timezone=UTC&hourly=wave_height%2Cwave_direction%2Cwave_period&models=era5_ocean&cell_selection=sea,ok,bcb5fce29ba4fb817c0afeef13b8cb4c0bfa47851b36294cb0f037560bcd5d68,3395,2026-09-26T08:33:39.960158+00:00
patch:26-2-18_16PCC_2,current,data/external/metocean/current_f6f4c9421550fe77700d7073.nc,https://ncss.hycom.org/thredds/ncss/GLBv0.08/expt_93.0/uv3z?var=water_u&var=water_v&north=15.86479986154286&south=15.70279986154286&west=-88.76268024436801&east=-88.60068024436801&time_start=2018-02-23T00%3A00%3A00Z&time_end=2018-02-26T23%3A59%3A59Z&vertCoord=0&accept=netcdf&disableProjSubset=on,ok,2d9cab9ee35527e4eb071ecc0f87d71206058abda73f31ca455671bd68521bca,4232,2026-09-26T08:33:41.002951+00:00
patch:26-2-18_16PCC_3,wind,data/external/metocean/wind_cefb5ee4e8cfda7b3b6a1968.json,https://archive-api.open-meteo.com/v1/archive?latitude=15.9227874159925&longitude=-88.65892299293719&start_date=2018-02-23&end_date=2018-02-26&timezone=UTC&hourly=wind_speed_10m%2Cwind_direction_10m&models=era5&wind_speed_unit=ms&cell_selection=nearest,ok,ac84ea4d88aa20f4ad99a8aad022ce1409d2b81b804ecc008ba7516d1238b270,2910,2026-09-26T08:33:40.324795+00:00
patch:26-2-18_16PCC_3,wave,data/external/metocean/wave_8abc7ab545c35f75236ad037.json,https://marine-api.open-meteo.com/v1/marine?latitude=15.9227874159925&longitude=-88.65892299293719&start_date=2018-02-23&end_date=2018-02-26&timezone=UTC&hourly=wave_height%2Cwave_direction%2Cwave_period&models=era5_ocean&cell_selection=sea,ok,56fb837be78c14e3c6d897156bda24d19d0da80a685ef5d20d362e732e09619f,3396,2026-09-26T08:33:40.588088+00:00
patch:26-2-18_16PCC_3,current,data/external/metocean/current_637d1424f5780ba15f00d726.nc,https://ncss.hycom.org/thredds/ncss/GLBv0.08/expt_93.0/uv3z?var=water_u&var=water_v&north=16.0037874159925&south=15.841787415992501&west=-88.7399229929372&east=-88.57792299293719&time_start=2018-02-23T00%3A00%3A00Z&time_end=2018-02-26T23%3A59%3A59Z&vertCoord=0&accept=netcdf&disableProjSubset=on,ok,6963368074bba6402992dd1424c2a87a99f925e1baa70f22dd2de543f5a08fb4,4232,2026-09-26T08:33:41.514787+00:00
patch:26-2-18_16PCC_5,wind,data/external/metocean/wind_f7b02f6a3f5d1b2b196def72.json,https://archive-api.open-meteo.com/v1/archive?latitude=15.899835732507448&longitude=-88.63482789479414&start_date=2018-02-23&end_date=2018-02-26&timezone=UTC&hourly=wind_speed_10m%2Cwind_direction_10m&models=era5&wind_speed_unit=ms&cell_selection=nearest,ok,4632c8488e113258de1d1db6877f19c62a161c51f391a8b9b24f42f86ea47794,2910,2026-09-26T08:33:40.841776+00:00
patch:26-2-18_16PCC_5,wave,data/external/metocean/wave_ee89e08812683d97b98b980f.json,https://marine-api.open-meteo.com/v1/marine?latitude=15.899835732507448&longitude=-88.63482789479414&start_date=2018-02-23&end_date=2018-02-26&timezone=UTC&hourly=wave_height%2Cwave_direction%2Cwave_period&models=era5_ocean&cell_selection=sea,ok,10119f31bcc2e62842c8409d95e47703af8ea8d07fc610e2c0f52b0e7c76f485,3396,2026-09-26T08:33:41.105003+00:00
patch:26-2-18_16PCC_5,current,data/external/metocean/current_e11d30b3552e1efd88bc9b59.nc,https://ncss.hycom.org/thredds/ncss/GLBv0.08/expt_93.0/uv3z?var=water_u&var=water_v&north=15.980835732507447&south=15.818835732507448&west=-88.71582789479415&east=-88.55382789479414&time_start=2018-02-23T00%3A00%3A00Z&time_end=2018-02-26T23%3A59%3A59Z&vertCoord=0&accept=netcdf&disableProjSubset=on,ok,3a5b415353fce96465677edea1ebdf62408f6888720af182ebd3922a4ee42c5a,4232,2026-09-26T08:33:42.105344+00:00
patch:26-2-18_16PCC_6,wind,data/external/metocean/wind_26ef2a3210c5401b45658272.json,https://archive-api.open-meteo.com/v1/archive?latitude=15.876701511421157&longitude=-88.63464113203331&start_date=2018-02-23&end_date=2018-02-26&timezone=UTC&hourly=wind_speed_10m%2Cwind_direction_10m&models=era5&wind_speed_unit=ms&cell_selection=nearest,ok,6b6ea41c78da86a77f4a2abe80b3abc2d0546408df63847a546be5081a6e7a34,2912,2026-09-26T08:33:41.252188+00:00
patch:26-2-18_16PCC_6,wave,data/external/metocean/wave_442e5d60276162dc730cca98.json,https://marine-api.open-meteo.com/v1/marine?latitude=15.876701511421157&longitude=-88.63464113203331&start_date=2018-02-23&end_date=2018-02-26&timezone=UTC&hourly=wave_height%2Cwave_direction%2Cwave_period&models=era5_ocean&cell_selection=sea,ok,0539d81488458e9862e6e7ad3bce81160b14d47868cf9786a80ebb1765306f9c,3396,2026-09-26T08:33:41.361942+00:00
patch:26-2-18_16PCC_6,current,data/external/metocean/current_471813eb10121f2cb7d13f1d.nc,https://ncss.hycom.org/thredds/ncss/GLBv0.08/expt_93.0/uv3z?var=water_u&var=water_v&north=15.957701511421156&south=15.795701511421157&west=-88.71564113203331&east=-88.5536411320333&time_start=2018-02-23T00%3A00%3A00Z&time_end=2018-02-26T23%3A59%3A59Z&vertCoord=0&accept=netcdf&disableProjSubset=on,ok,2bd86a9084d04e492373a7b6ebce16b85fd0270d6b2085d1f8630b86862e40d4,4232,2026-09-26T08:33:41.808145+00:00
patch:26-2-18_16PCC_9,wind,data/external/metocean/wind_b8fd35fed7603e84fa83d0e8.json,https://archive-api.open-meteo.com/v1/archive?latitude=15.994513317833016&longitude=-88.32464033003151&start_date=2018-02-23&end_date=2018-02-26&timezone=UTC&hourly=wind_speed_10m%2Cwind_direction_10m&models=era5&wind_speed_unit=ms&cell_selection=nearest,ok,07e5e2ef65220cc304f0497262340a3ec86196dc569b0d42d0e36f718a26b526,2926,2026-09-26T08:33:41.603188+00:00
patch:26-2-18_16PCC_9,wave,data/external/metocean/wave_e5b28c673b15fc2f5e482b2c.json,https://marine-api.open-meteo.com/v1/marine?latitude=15.994513317833016&longitude=-88.32464033003151&start_date=2018-02-23&end_date=2018-02-26&timezone=UTC&hourly=wave_height%2Cwave_direction%2Cwave_period&models=era5_ocean&cell_selection=sea,ok,219ba61d86d4687a7f86de2dc26c9e92f4633ebbcf97eb42b893dcdbeaa40c93,3396,2026-09-26T08:33:41.767217+00:00
patch:26-2-18_16PCC_9,current,data/external/metocean/current_0269a66f46b8dfb248891438.nc,https://ncss.hycom.org/thredds/ncss/GLBv0.08/expt_93.0/uv3z?var=water_u&var=water_v&north=16.075513317833018&south=15.913513317833017&west=-88.40564033003152&east=-88.24364033003151&time_start=2018-02-23T00%3A00%3A00Z&time_end=2018-02-26T23%3A59%3A59Z&vertCoord=0&accept=netcdf&disableProjSubset=on,ok,db6d4d668095a9ae91f0a4be4b05e4e8adf3740172f3664f00f00fa446ae6312,4232,2026-09-26T08:33:42.159787+00:00
patch:29-11-20_18QYF_0,wind,data/external/metocean/wind_ea41bcbeee8aa53d51cf138d.json,https://archive-api.open-meteo.com/v1/archive?latitude=18.87485587903711&longitude=-72.75509740369759&start_date=2020-11-26&end_date=2020-11-29&timezone=UTC&hourly=wind_speed_10m%2Cwind_direction_10m&models=era5&wind_speed_unit=ms&cell_selection=nearest,ok,c436e31fc66dcbfc0826b2513ddcba3fa4aaa0b70a3cbfe3b08a390dcc1873ab,2943,2026-09-26T08:33:42.014402+00:00
patch:29-11-20_18QYF_0,wave,data/external/metocean/wave_d3036571631cb959b1376720.json,https://marine-api.open-meteo.com/v1/marine?latitude=18.87485587903711&longitude=-72.75509740369759&start_date=2020-11-26&end_date=2020-11-29&timezone=UTC&hourly=wave_height%2Cwave_direction%2Cwave_period&models=era5_ocean&cell_selection=sea,ok,1af6331f4841daaf0deb88649ac738be3f690ba4826e2b168f4d11a9397ba014,3394,2026-09-26T08:33:42.068489+00:00
patch:29-11-20_18QYF_0,current,data/external/metocean/current_fef52ba9c030504afa0b51e2.nc,https://ncss.hycom.org/thredds/ncss/GLBy0.08/expt_93.0/uv3z/2020?var=water_u&var=water_v&north=18.95585587903711&south=18.79385587903711&west=-72.8360974036976&east=-72.67409740369759&time_start=2020-11-26T00%3A00%3A00Z&time_end=2020-11-29T23%3A59%3A59Z&vertCoord=0&accept=netcdf&disableProjSubset=on,ok,0a8d1610bab65b22c0d31a20a6ffdf8f5ddb3567a2464cb4b20e4efefb6ec0b4,5052,2026-09-26T08:33:44.276814+00:00
patch:29-11-20_18QYF_1,wind,data/external/metocean/wind_af52e7ef31b6959e79f30b20.json,https://archive-api.open-meteo.com/v1/archive?latitude=18.851736913194333&longitude=-72.75540517045782&start_date=2020-11-26&end_date=2020-11-29&timezone=UTC&hourly=wind_speed_10m%2Cwind_direction_10m&models=era5&wind_speed_unit=ms&cell_selection=nearest,ok,3149ecf2e8597e2d5e0248f9c7731cadda768b46aed04d97ce8cdd1689379349,2941,2026-09-26T08:33:42.323742+00:00
patch:29-11-20_18QYF_1,wave,data/external/metocean/wave_2b08addbecf682e9c6f4258e.json,https://marine-api.open-meteo.com/v1/marine?latitude=18.851736913194333&longitude=-72.75540517045782&start_date=2020-11-26&end_date=2020-11-29&timezone=UTC&hourly=wave_height%2Cwave_direction%2Cwave_period&models=era5_ocean&cell_selection=sea,ok,0fbf53a2b8fed8277787d31a8993df9ab54093abc8e4589626fa4889d0c09839,3396,2026-09-26T08:33:42.376996+00:00
patch:29-11-20_18QYF_1,current,data/external/metocean/current_4f2cb806e3dfdf41c9d9e586.nc,https://ncss.hycom.org/thredds/ncss/GLBy0.08/expt_93.0/uv3z/2020?var=water_u&var=water_v&north=18.932736913194333&south=18.770736913194334&west=-72.83640517045782&east=-72.67440517045782&time_start=2020-11-26T00%3A00%3A00Z&time_end=2020-11-29T23%3A59%3A59Z&vertCoord=0&accept=netcdf&disableProjSubset=on,ok,019ab6657b45785add611061db715591166ad09e7bdb9e6562d8f2657e79b49b,5052,2026-09-26T08:33:47.074224+00:00
patch:29-11-20_18QYF_2,wind,data/external/metocean/wind_188f065c53067b88c6b7136e.json,https://archive-api.open-meteo.com/v1/archive?latitude=18.804908425233343&longitude=-72.70746777079259&start_date=2020-11-26&end_date=2020-11-29&timezone=UTC&hourly=wind_speed_10m%2Cwind_direction_10m&models=era5&wind_speed_unit=ms&cell_selection=nearest,ok,5ed12b9b517d764b4620c681629c5f00a8e30301ca88f0fe989aeb83dcf4fe61,2943,2026-09-26T08:33:42.584764+00:00
patch:29-11-20_18QYF_2,wave,data/external/metocean/wave_60ac6598de634c9528b65f8a.json,https://marine-api.open-meteo.com/v1/marine?latitude=18.804908425233343&longitude=-72.70746777079259&start_date=2020-11-26&end_date=2020-11-29&timezone=UTC&hourly=wave_height%2Cwave_direction%2Cwave_period&models=era5_ocean&cell_selection=sea,ok,0c0fdbca16185c889004091535ac984eff46445266a151b0f13e9231e8c9751c,3396,2026-09-26T08:33:42.654867+00:00
patch:29-11-20_18QYF_2,current,data/external/metocean/current_923bbf71e648b390a9d7445c.nc,https://ncss.hycom.org/thredds/ncss/GLBy0.08/expt_93.0/uv3z/2020?var=water_u&var=water_v&north=18.885908425233342&south=18.723908425233343&west=-72.7884677707926&east=-72.62646777079259&time_start=2020-11-26T00%3A00%3A00Z&time_end=2020-11-29T23%3A59%3A59Z&vertCoord=0&accept=netcdf&disableProjSubset=on,ok,9a17092a7ade1160621bcc7362efe87a7574d212db1ad333c62e5fdf9959863e,5052,2026-09-26T08:33:44.256168+00:00
patch:29-11-20_18QYF_3,wind,data/external/metocean/wind_4bae73230f7a12db22763c8e.json,https://archive-api.open-meteo.com/v1/archive?latitude=18.78118786568059&longitude=-72.65923766266225&start_date=2020-11-26&end_date=2020-11-29&timezone=UTC&hourly=wind_speed_10m%2Cwind_direction_10m&models=era5&wind_speed_unit=ms&cell_selection=nearest,ok,815f93f1b24b4e4d56b3dbc11e21190b6773044acf978b150871565a8938df2a,2943,2026-09-26T08:33:42.894858+00:00
patch:29-11-20_18QYF_3,wave,data/external/metocean/wave_70ddb04047760b710a683988.json,https://marine-api.open-meteo.com/v1/marine?latitude=18.78118786568059&longitude=-72.65923766266225&start_date=2020-11-26&end_date=2020-11-29&timezone=UTC&hourly=wave_height%2Cwave_direction%2Cwave_period&models=era5_ocean&cell_selection=sea,ok,2c1842cbebfba5c94e638b010065f6768013b181355665b148626ddb929a2148,3396,2026-09-26T08:33:43.166167+00:00
patch:29-11-20_18QYF_3,current,data/external/metocean/current_0c2bb4444112fd7d815e0748.nc,https://ncss.hycom.org/thredds/ncss/GLBy0.08/expt_93.0/uv3z/2020?var=water_u&var=water_v&north=18.86218786568059&south=18.70018786568059&west=-72.74023766266225&east=-72.57823766266225&time_start=2020-11-26T00%3A00%3A00Z&time_end=2020-11-29T23%3A59%3A59Z&vertCoord=0&accept=netcdf&disableProjSubset=on,ok,efd8e4a8da31698e93ff1a6cf3dab3490200984c09cb1227f60fd651126a0c50,5052,2026-09-26T08:33:44.264615+00:00
patch:29-11-20_18QYF_4,wind,data/external/metocean/wind_314a4254485481c455666e5f.json,https://archive-api.open-meteo.com/v1/archive?latitude=18.730515954040047&longitude=-72.69539116028851&start_date=2020-11-26&end_date=2020-11-29&timezone=UTC&hourly=wind_speed_10m%2Cwind_direction_10m&models=era5&wind_speed_unit=ms&cell_selection=nearest,ok,951b463a7d94366a069986ba794fa71f0d3c1bc401a048d082cc26f5f2aa4fa7,2943,2026-09-26T08:33:44.516097+00:00
patch:29-11-20_18QYF_4,wave,data/external/metocean/wave_3eef079a51f1fb6d23913887.json,https://marine-api.open-meteo.com/v1/marine?latitude=18.730515954040047&longitude=-72.69539116028851&start_date=2020-11-26&end_date=2020-11-29&timezone=UTC&hourly=wave_height%2Cwave_direction%2Cwave_period&models=era5_ocean&cell_selection=sea,ok,3b1c19ed65e2665da1ddf0d53927f6e2843688d3011aa2e3e3cc7f7c8ed2e183,3396,2026-09-26T08:33:44.536243+00:00
patch:29-11-20_18QYF_4,current,data/external/metocean/current_b0c7203c18eaefced4e58238.nc,https://ncss.hycom.org/thredds/ncss/GLBy0.08/expt_93.0/uv3z/2020?var=water_u&var=water_v&north=18.811515954040047&south=18.649515954040048&west=-72.77639116028851&east=-72.6143911602885&time_start=2020-11-26T00%3A00%3A00Z&time_end=2020-11-29T23%3A59%3A59Z&vertCoord=0&accept=netcdf&disableProjSubset=on,ok,3cf9bcebfba4d03cae839c3023dc8b93f8bbf4125b924dcca4158560a050a21d,5052,2026-09-26T08:33:48.118496+00:00
patch:29-11-20_18QYF_5,wind,data/external/metocean/wind_eb3f05bda419e9dabc66e993.json,https://archive-api.open-meteo.com/v1/archive?latitude=18.73021561710473&longitude=-72.67112689869174&start_date=2020-11-26&end_date=2020-11-29&timezone=UTC&hourly=wind_speed_10m%2Cwind_direction_10m&models=era5&wind_speed_unit=ms&cell_selection=nearest,ok,473cad5df6f316bf81b1e15e492fabe831db1bf4f466e849863e38314fb9739f,2943,2026-09-26T08:33:44.767715+00:00
patch:29-11-20_18QYF_5,wave,data/external/metocean/wave_3ae0d3b7308abd11af571d9c.json,https://marine-api.open-meteo.com/v1/marine?latitude=18.73021561710473&longitude=-72.67112689869174&start_date=2020-11-26&end_date=2020-11-29&timezone=UTC&hourly=wave_height%2Cwave_direction%2Cwave_period&models=era5_ocean&cell_selection=sea,ok,32145bd8b0910ea4d821da517e03e9b01dee7d202f37fe999a9b13d14e783a17,3396,2026-09-26T08:33:44.808413+00:00
patch:29-11-20_18QYF_5,current,data/external/metocean/current_01bbab160b7d31204e3a0bd5.nc,https://ncss.hycom.org/thredds/ncss/GLBy0.08/expt_93.0/uv3z/2020?var=water_u&var=water_v&north=18.81121561710473&south=18.64921561710473&west=-72.75212689869174&east=-72.59012689869174&time_start=2020-11-26T00%3A00%3A00Z&time_end=2020-11-29T23%3A59%3A59Z&vertCoord=0&accept=netcdf&disableProjSubset=on,ok,157334fc36e27b3da4060ecbd67821cd9ebd23de77620276e4c6071a44a47e5c,5052,2026-09-26T08:33:47.073713+00:00
patch:3-1-21_18QYF_0,wind,data/external/metocean/wind_b5199da8043bea72057264ab.json,https://archive-api.open-meteo.com/v1/archive?latitude=18.872039636282818&longitude=-72.7020019770883&start_date=2020-12-31&end_date=2021-01-03&timezone=UTC&hourly=wind_speed_10m%2Cwind_direction_10m&models=era5&wind_speed_unit=ms&cell_selection=nearest,ok,0d0d146075a280788925fa1e524bd7e085a67e68cc262fdee29f9d7e73e55d55,2943,2026-09-26T08:33:45.059690+00:00
patch:3-1-21_18QYF_0,wave,data/external/metocean/wave_7001762971d9c4df22303c9a.json,https://marine-api.open-meteo.com/v1/marine?latitude=18.872039636282818&longitude=-72.7020019770883&start_date=2020-12-31&end_date=2021-01-03&timezone=UTC&hourly=wave_height%2Cwave_direction%2Cwave_period&models=era5_ocean&cell_selection=sea,ok,950957aeb45039453f54ddb8b86a1154eae4b0d8566621d4b793ac5b4f130a61,3395,2026-09-26T08:33:45.337118+00:00
patch:3-1-21_18QYF_0,current,data/external/metocean/current_90f5f808925e82d9214c0a10.nc,https://ncss.hycom.org/thredds/ncss/GLBy0.08/expt_93.0/uv3z/2021?var=water_u&var=water_v&north=18.953039636282817&south=18.791039636282818&west=-72.7830019770883&east=-72.6210019770883&time_start=2020-12-31T00%3A00%3A00Z&time_end=2021-01-03T23%3A59%3A59Z&vertCoord=0&accept=netcdf&disableProjSubset=on,ok,329a1b8e89be0c35c87b4fc611bebbfb1629ab5e351af5f918b84c7480e779e6,4236,2026-09-26T08:33:49.697504+00:00
patch:3-1-21_18QYF_1,wind,data/external/metocean/wind_e7e289e13fddc09f51c139dd.json,https://archive-api.open-meteo.com/v1/archive?latitude=18.848921517716096&longitude=-72.70231696864491&start_date=2020-12-31&end_date=2021-01-03&timezone=UTC&hourly=wind_speed_10m%2Cwind_direction_10m&models=era5&wind_speed_unit=ms&cell_selection=nearest,ok,f3f502d628eed931f3ca28e96c348e8a8701cceeb1d0c45c94c9e3f240b4879a,2943,2026-09-26T08:33:47.332313+00:00
patch:3-1-21_18QYF_1,wave,data/external/metocean/wave_340a2ca84825fe86b9f52da6.json,https://marine-api.open-meteo.com/v1/marine?latitude=18.848921517716096&longitude=-72.70231696864491&start_date=2020-12-31&end_date=2021-01-03&timezone=UTC&hourly=wave_height%2Cwave_direction%2Cwave_period&models=era5_ocean&cell_selection=sea,ok,f1ae942a02e9c2bda3b42c8fb5e4d89b2a7e5e6bc9933be812f8c843f0caac8a,3394,2026-09-26T08:33:47.352072+00:00
patch:3-1-21_18QYF_1,current,data/external/metocean/current_d051dc090f352b4b1326453c.nc,https://ncss.hycom.org/thredds/ncss/GLBy0.08/expt_93.0/uv3z/2021?var=water_u&var=water_v&north=18.929921517716096&south=18.767921517716097&west=-72.78331696864491&east=-72.6213169686449&time_start=2020-12-31T00%3A00%3A00Z&time_end=2021-01-03T23%3A59%3A59Z&vertCoord=0&accept=netcdf&disableProjSubset=on,ok,0493a375f9cea6767d946f8a3585d7e1abdf6401fc2881fb6f22be6ebf313218,4236,2026-09-26T08:33:49.697815+00:00
patch:3-1-21_18QYF_2,wind,data/external/metocean/wind_3903293056b7cf0afd1b6652.json,https://archive-api.open-meteo.com/v1/archive?latitude=18.82580333676446&longitude=-72.70263150198235&start_date=2020-12-31&end_date=2021-01-03&timezone=UTC&hourly=wind_speed_10m%2Cwind_direction_10m&models=era5&wind_speed_unit=ms&cell_selection=nearest,ok,d7a08b202e819dedaf497e729ea582165eb15ad01a4a31d3b86e4351c179f1f5,2943,2026-09-26T08:33:47.607620+00:00
patch:3-1-21_18QYF_2,wave,data/external/metocean/wave_62f69a0f6aec3ff7c46f2ef7.json,https://marine-api.open-meteo.com/v1/marine?latitude=18.82580333676446&longitude=-72.70263150198235&start_date=2020-12-31&end_date=2021-01-03&timezone=UTC&hourly=wave_height%2Cwave_direction%2Cwave_period&models=era5_ocean&cell_selection=sea,ok,9a578fbf9be8fc2af24769ab7298fbd4ab77e27e13e1f233ddb33b08273cdee0,3396,2026-09-26T08:33:47.884704+00:00
patch:3-1-21_18QYF_2,current,data/external/metocean/current_0c686ec53ad1a350da5cee66.nc,https://ncss.hycom.org/thredds/ncss/GLBy0.08/expt_93.0/uv3z/2021?var=water_u&var=water_v&north=18.906803336764458&south=18.74480333676446&west=-72.78363150198236&east=-72.62163150198235&time_start=2020-12-31T00%3A00%3A00Z&time_end=2021-01-03T23%3A59%3A59Z&vertCoord=0&accept=netcdf&disableProjSubset=on,ok,328f8d0ae4f1418ae71e729e908bb37e1f22f308e53eb8b0edab0514c967d115,4236,2026-09-26T08:34:03.133649+00:00
patch:3-1-21_18QYF_3,wind,data/external/metocean/wind_9ec03e763b2b6797bc945d3c.json,https://archive-api.open-meteo.com/v1/archive?latitude=18.80238462519415&longitude=-72.67867086137322&start_date=2020-12-31&end_date=2021-01-03&timezone=UTC&hourly=wind_speed_10m%2Cwind_direction_10m&models=era5&wind_speed_unit=ms&cell_selection=nearest,ok,8891d729b21dfe4898438fee137f130aadbe04e07f638129e6ac4f3bfbacaf85,2943,2026-09-26T08:33:48.361598+00:00
patch:3-1-21_18QYF_3,wave,data/external/metocean/wave_5243be6cf317ea6020976248.json,https://marine-api.open-meteo.com/v1/marine?latitude=18.80238462519415&longitude=-72.67867086137322&start_date=2020-12-31&end_date=2021-01-03&timezone=UTC&hourly=wave_height%2Cwave_direction%2Cwave_period&models=era5_ocean&cell_selection=sea,ok,b8c39a2d765965527b9f14b0c266df885c646fd64361423a4a1ce0db390967d4,3396,2026-09-26T08:33:48.631100+00:00
patch:3-1-21_18QYF_3,current,data/external/metocean/current_372e383ce88a424c3a1330f0.nc,https://ncss.hycom.org/thredds/ncss/GLBy0.08/expt_93.0/uv3z/2021?var=water_u&var=water_v&north=18.88338462519415&south=18.72138462519415&west=-72.75967086137322&east=-72.59767086137322&time_start=2020-12-31T00%3A00%3A00Z&time_end=2021-01-03T23%3A59%3A59Z&vertCoord=0&accept=netcdf&disableProjSubset=on,ok,9328d7ba0ce87174d2a86d155cba0086db44408845ceeba87c77e237bb84ffc2,4236,2026-09-26T08:33:49.697194+00:00
patch:3-1-21_18QYF_4,wind,data/external/metocean/wind_12d5f546542c90795fe9da8d.json,https://archive-api.open-meteo.com/v1/archive?latitude=18.80208100473613&longitude=-72.6543966078226&start_date=2020-12-31&end_date=2021-01-03&timezone=UTC&hourly=wind_speed_10m%2Cwind_direction_10m&models=era5&wind_speed_unit=ms&cell_selection=nearest,ok,2899eba4bc88275cfc54556c27281f138cd101d358fbbf12f427fd96add4bd24,2943,2026-09-26T08:33:49.952256+00:00
patch:3-1-21_18QYF_4,wave,data/external/metocean/wave_cbfe25977be545acd9372c93.json,https://marine-api.open-meteo.com/v1/marine?latitude=18.80208100473613&longitude=-72.6543966078226&start_date=2020-12-31&end_date=2021-01-03&timezone=UTC&hourly=wave_height%2Cwave_direction%2Cwave_period&models=era5_ocean&cell_selection=sea,ok,294bbd930365ce808f730c282b1d9c4bd86c358144d1e9fe0fe2f3ef01193dd0,3396,2026-09-26T08:33:49.959099+00:00
patch:3-1-21_18QYF_4,current,data/external/metocean/current_118fb2c3d8e0b7888970d7be.nc,https://ncss.hycom.org/thredds/ncss/GLBy0.08/expt_93.0/uv3z/2021?var=water_u&var=water_v&north=18.88308100473613&south=18.72108100473613&west=-72.73539660782261&east=-72.5733966078226&time_start=2020-12-31T00%3A00%3A00Z&time_end=2021-01-03T23%3A59%3A59Z&vertCoord=0&accept=netcdf&disableProjSubset=on,ok,a31417caa660e56e1f852433d3a22bb50d63ebba7c85e931601e879d3c431a51,4236,2026-09-26T08:33:50.694472+00:00
patch:4-12-20_18QYF_0,wind,data/external/metocean/wind_e0e8e499b39655344150e69c.json,https://archive-api.open-meteo.com/v1/archive?latitude=18.78195020490671&longitude=-72.72086502078776&start_date=2020-12-01&end_date=2020-12-04&timezone=UTC&hourly=wind_speed_10m%2Cwind_direction_10m&models=era5&wind_speed_unit=ms&cell_selection=nearest,ok,d191a88c7b17f31716777e25310e9e1e6ca28e02cb2b0209f3f4025a645b63b9,2942,2026-09-26T08:33:50.210663+00:00
patch:4-12-20_18QYF_0,wave,data/external/metocean/wave_d0d3f879483664f257de80d1.json,https://marine-api.open-meteo.com/v1/marine?latitude=18.78195020490671&longitude=-72.72086502078776&start_date=2020-12-01&end_date=2020-12-04&timezone=UTC&hourly=wave_height%2Cwave_direction%2Cwave_period&models=era5_ocean&cell_selection=sea,ok,10e6d19e4b380442d449ce9a34c3e36bae1a6af531da27fa14bff7d35c8d7693,3386,2026-09-26T08:33:50.216949+00:00
patch:4-12-20_18QYF_0,current,data/external/metocean/current_aee3341a7cd6852aa811a27e.nc,https://ncss.hycom.org/thredds/ncss/GLBy0.08/expt_93.0/uv3z/2020?var=water_u&var=water_v&north=18.86295020490671&south=18.70095020490671&west=-72.80186502078776&east=-72.63986502078775&time_start=2020-12-01T00%3A00%3A00Z&time_end=2020-12-04T23%3A59%3A59Z&vertCoord=0&accept=netcdf&disableProjSubset=on,ok,5757fa56798b8a99981edc05e64bcd47810d37a5164801e582aa3581a7e95c6e,5052,2026-09-26T08:33:53.470516+00:00
patch:4-12-20_18QYF_1,wind,data/external/metocean/wind_cc426f37e9079d5229c92367.json,https://archive-api.open-meteo.com/v1/archive?latitude=18.827586939533628&longitude=-72.67168516750836&start_date=2020-12-01&end_date=2020-12-04&timezone=UTC&hourly=wind_speed_10m%2Cwind_direction_10m&models=era5&wind_speed_unit=ms&cell_selection=nearest,ok,9135b8790b20b5dee4c1d1a4b65ef1e5790a57128fb8f76511cbf2b07f01743e,2942,2026-09-26T08:33:50.462050+00:00
patch:4-12-20_18QYF_1,wave,data/external/metocean/wave_7902948c7b3eb727b11cc29c.json,https://marine-api.open-meteo.com/v1/marine?latitude=18.827586939533628&longitude=-72.67168516750836&start_date=2020-12-01&end_date=2020-12-04&timezone=UTC&hourly=wave_height%2Cwave_direction%2Cwave_period&models=era5_ocean&cell_selection=sea,ok,dfe003465f72a064a0a6780901a20dbc265d4ab9aca38ae4110f94bdba949812,3386,2026-09-26T08:33:50.723001+00:00
patch:4-12-20_18QYF_1,current,data/external/metocean/current_5b3456455910919c185dfae5.nc,https://ncss.hycom.org/thredds/ncss/GLBy0.08/expt_93.0/uv3z/2020?var=water_u&var=water_v&north=18.908586939533627&south=18.74658693953363&west=-72.75268516750836&east=-72.59068516750835&time_start=2020-12-01T00%3A00%3A00Z&time_end=2020-12-04T23%3A59%3A59Z&vertCoord=0&accept=netcdf&disableProjSubset=on,ok,e7587e7b72da50d9ac3070bc74f6d392e18820a96678f328271f264e062055e8,5052,2026-09-26T08:33:53.593151+00:00
patch:4-12-20_18QYF_2,wind,data/external/metocean/wind_9e3fc63cbc0d9f1f5239c125.json,https://archive-api.open-meteo.com/v1/archive?latitude=18.80446920764687&longitude=-72.67200350378384&start_date=2020-12-01&end_date=2020-12-04&timezone=UTC&hourly=wind_speed_10m%2Cwind_direction_10m&models=era5&wind_speed_unit=ms&cell_selection=nearest,ok,290a764183bbd6f1934a86c54c63b3a5b8fb1d3ebfadecfbfdaf03470cd54173,2942,2026-09-26T08:33:50.975717+00:00
patch:4-12-20_18QYF_2,wave,data/external/metocean/wave_7f4a87b7decbd6b5863fadc8.json,https://marine-api.open-meteo.com/v1/marine?latitude=18.80446920764687&longitude=-72.67200350378384&start_date=2020-12-01&end_date=2020-12-04&timezone=UTC&hourly=wave_height%2Cwave_direction%2Cwave_period&models=era5_ocean&cell_selection=sea,ok,e914ec222dec7ff11dbe862c9ec38f5a08c638c74d3d91eee35d2a18363bb5ae,3386,2026-09-26T08:33:51.240741+00:00
patch:4-12-20_18QYF_2,current,data/external/metocean/current_2fdf7f458ef94e7153899e84.nc,https://ncss.hycom.org/thredds/ncss/GLBy0.08/expt_93.0/uv3z/2020?var=water_u&var=water_v&north=18.88546920764687&south=18.723469207646872&west=-72.75300350378384&east=-72.59100350378384&time_start=2020-12-01T00%3A00%3A00Z&time_end=2020-12-04T23%3A59%3A59Z&vertCoord=0&accept=netcdf&disableProjSubset=on,ok,027eaaa896417f80f8541e523254d1b93df2232745b28ec831a3a623efe47b94,5052,2026-09-26T08:33:53.478023+00:00
patch:4-12-20_18QYF_3,wind,data/external/metocean/wind_cdfde264d433fc7990f526b6.json,https://archive-api.open-meteo.com/v1/archive?latitude=18.78135141337111&longitude=-72.67232137624794&start_date=2020-12-01&end_date=2020-12-04&timezone=UTC&hourly=wind_speed_10m%2Cwind_direction_10m&models=era5&wind_speed_unit=ms&cell_selection=nearest,ok,ac11be4fa1f63461600b2dee29f485d03f20ddf79554937ecb8edfed7a333cb9,2943,2026-09-26T08:33:53.719701+00:00
patch:4-12-20_18QYF_3,wave,data/external/metocean/wave_f8fa187e2cb98e793e8cb4ee.json,https://marine-api.open-meteo.com/v1/marine?latitude=18.78135141337111&longitude=-72.67232137624794&start_date=2020-12-01&end_date=2020-12-04&timezone=UTC&hourly=wave_height%2Cwave_direction%2Cwave_period&models=era5_ocean&cell_selection=sea,ok,dd4df36323ab2a44e709880bed02e8055ed520516edbc6ae9c848f5288666221,3385,2026-09-26T08:33:53.742899+00:00
patch:4-12-20_18QYF_3,current,data/external/metocean/current_b41df761a4e4ee50aca3fa2b.nc,https://ncss.hycom.org/thredds/ncss/GLBy0.08/expt_93.0/uv3z/2020?var=water_u&var=water_v&north=18.86235141337111&south=18.70035141337111&west=-72.75332137624794&east=-72.59132137624793&time_start=2020-12-01T00%3A00%3A00Z&time_end=2020-12-04T23%3A59%3A59Z&vertCoord=0&accept=netcdf&disableProjSubset=on,ok,96701a53f518e5c3b437d0580220bb3bd2f704f5249c97f0e63d00e0b2f36892,5052,2026-09-26T08:33:54.251329+00:00
patch:4-12-20_18QYF_5,wind,data/external/metocean/wind_5214c5b18ff6d76e15da745b.json,https://archive-api.open-meteo.com/v1/archive?latitude=18.803546191313913&longitude=-72.59918160500312&start_date=2020-12-01&end_date=2020-12-04&timezone=UTC&hourly=wind_speed_10m%2Cwind_direction_10m&models=era5&wind_speed_unit=ms&cell_selection=nearest,ok,e07c2bb7e5af92903642871326c8e9699198d174018f14865d6ad0fa52fecba6,2947,2026-09-26T08:33:53.966566+00:00
patch:4-12-20_18QYF_5,wave,data/external/metocean/wave_c44186b9f4c74af09fdfc208.json,https://marine-api.open-meteo.com/v1/marine?latitude=18.803546191313913&longitude=-72.59918160500312&start_date=2020-12-01&end_date=2020-12-04&timezone=UTC&hourly=wave_height%2Cwave_direction%2Cwave_period&models=era5_ocean&cell_selection=sea,ok,93c4bcc15577f27bed55d3d2b7f3dc447810be2c5ebb64ccba8e657e10c68371,3385,2026-09-26T08:33:54.014378+00:00
patch:4-12-20_18QYF_5,current,data/external/metocean/current_ed47e45d6c239bfdae53d718.nc,https://ncss.hycom.org/thredds/ncss/GLBy0.08/expt_93.0/uv3z/2020?var=water_u&var=water_v&north=18.884546191313913&south=18.722546191313914&west=-72.68018160500313&east=-72.51818160500312&time_start=2020-12-01T00%3A00%3A00Z&time_end=2020-12-04T23%3A59%3A59Z&vertCoord=0&accept=netcdf&disableProjSubset=on,ok,f0a4386fd635dd54b0283a0e9aba83ec81b9ea3043d2f46d0669e9ece8bf0cf0,5700,2026-09-26T08:33:54.507780+00:00
patch:4-12-20_18QYF_8,wind,data/external/metocean/wind_f9ab370b6e25eb8f01277163.json,https://archive-api.open-meteo.com/v1/archive?latitude=18.75668353604476&longitude=-72.55130437821201&start_date=2020-12-01&end_date=2020-12-04&timezone=UTC&hourly=wind_speed_10m%2Cwind_direction_10m&models=era5&wind_speed_unit=ms&cell_selection=nearest,ok,5fa5cf52fa5104646f9ad45572d22a6de9ab0d7dd1504867e3edc1b8ca2ada8a,2947,2026-09-26T08:33:54.260372+00:00
patch:4-12-20_18QYF_8,wave,data/external/metocean/wave_8b0aa0e2628e68224a72c323.json,https://marine-api.open-meteo.com/v1/marine?latitude=18.75668353604476&longitude=-72.55130437821201&start_date=2020-12-01&end_date=2020-12-04&timezone=UTC&hourly=wave_height%2Cwave_direction%2Cwave_period&models=era5_ocean&cell_selection=sea,ok,0828c1484bd7cc5506e107a5ea6f668a57939fd8f9f36f0323a410f9a84a0479,3385,2026-09-26T08:33:54.514322+00:00
patch:4-12-20_18QYF_8,current,data/external/metocean/current_7c09dddefe581a68e64999f4.nc,https://ncss.hycom.org/thredds/ncss/GLBy0.08/expt_93.0/uv3z/2020?var=water_u&var=water_v&north=18.83768353604476&south=18.67568353604476&west=-72.63230437821201&east=-72.470304378212&time_start=2020-12-01T00%3A00%3A00Z&time_end=2020-12-04T23%3A59%3A59Z&vertCoord=0&accept=netcdf&disableProjSubset=on,ok,d40e777039231271a825091c5994fd3a33cc534605ed6093d3419a1ce8fa3c91,5052,2026-09-26T08:33:56.739676+00:00
patch:4-9-19_16PCC_1,wind,data/external/metocean/wind_a48929573b4d8060dd084213.json,https://archive-api.open-meteo.com/v1/archive?latitude=16.115566711165194&longitude=-88.41837658528064&start_date=2019-09-01&end_date=2019-09-04&timezone=UTC&hourly=wind_speed_10m%2Cwind_direction_10m&models=era5&wind_speed_unit=ms&cell_selection=nearest,ok,8c6d9521e5d01c695816c47bc50c4d1f8b31a77641f2e258db1820fa953af81a,2936,2026-09-26T08:33:54.761270+00:00
patch:4-9-19_16PCC_1,wave,data/external/metocean/wave_2819ec17f1dfbbd87dfd04f9.json,https://marine-api.open-meteo.com/v1/marine?latitude=16.115566711165194&longitude=-88.41837658528064&start_date=2019-09-01&end_date=2019-09-04&timezone=UTC&hourly=wave_height%2Cwave_direction%2Cwave_period&models=era5_ocean&cell_selection=sea,ok,12c208f11e487929152c3dbf37d6d2552c8cd97f4d08e403d9b7cd6ffa1809d1,3392,2026-09-26T08:33:54.782461+00:00
patch:4-9-19_16PCC_1,current,data/external/metocean/current_558563e320dcfd7040aec226.nc,https://ncss.hycom.org/thredds/ncss/GLBy0.08/expt_93.0/uv3z/2019?var=water_u&var=water_v&north=16.196566711165193&south=16.034566711165194&west=-88.49937658528064&east=-88.33737658528064&time_start=2019-09-01T00%3A00%3A00Z&time_end=2019-09-04T23%3A59%3A59Z&vertCoord=0&accept=netcdf&disableProjSubset=on,ok,31f9bbe67fc584393e53438362abf4229d24f0cbf6eb8fb806ed6ccc21df1560,5052,2026-09-26T08:34:04.599290+00:00
patch:4-9-19_16PCC_15,wind,data/external/metocean/wind_ced903fa1e8c0e6527218987.json,https://archive-api.open-meteo.com/v1/archive?latitude=16.047474771076534&longitude=-88.20254676719854&start_date=2019-09-01&end_date=2019-09-04&timezone=UTC&hourly=wind_speed_10m%2Cwind_direction_10m&models=era5&wind_speed_unit=ms&cell_selection=nearest,ok,5fef1baae65c4ffca5a1ff45024e53b06f72c5bf7870f2addc5a63c359eec7c7,2945,2026-09-26T08:33:55.032977+00:00
patch:4-9-19_16PCC_15,wave,data/external/metocean/wave_5ccef931b32e6fe1743f667a.json,https://marine-api.open-meteo.com/v1/marine?latitude=16.047474771076534&longitude=-88.20254676719854&start_date=2019-09-01&end_date=2019-09-04&timezone=UTC&hourly=wave_height%2Cwave_direction%2Cwave_period&models=era5_ocean&cell_selection=sea,ok,0da91084875f5c6ed2d19cbe13a4f3d6be000dcf4262667b2777236e06abf798,3396,2026-09-26T08:33:55.285702+00:00
patch:4-9-19_16PCC_15,current,data/external/metocean/current_36160d81717558054fe372de.nc,https://ncss.hycom.org/thredds/ncss/GLBy0.08/expt_93.0/uv3z/2019?var=water_u&var=water_v&north=16.128474771076533&south=15.966474771076534&west=-88.28354676719854&east=-88.12154676719854&time_start=2019-09-01T00%3A00%3A00Z&time_end=2019-09-04T23%3A59%3A59Z&vertCoord=0&accept=netcdf&disableProjSubset=on,ok,91e73263501ef1726ed22fde6b09c4fa760c3d09ca4bb65be61bd7952bce5797,5052,2026-09-26T08:34:04.599034+00:00
patch:4-9-19_16PCC_16,wind,data/external/metocean/wind_1aecdbfef65400339099ad03.json,https://archive-api.open-meteo.com/v1/archive?latitude=15.792951206285132&longitude=-88.20103317116384&start_date=2019-09-01&end_date=2019-09-04&timezone=UTC&hourly=wind_speed_10m%2Cwind_direction_10m&models=era5&wind_speed_unit=ms&cell_selection=nearest,ok,0dee0e4c20e5d9b9af7f45f12f2559a5917ada24bc1b540e584a4adfba4aefe8,2948,2026-09-26T08:33:56.990496+00:00
patch:4-9-19_16PCC_16,wave,data/external/metocean/wave_75d41287057200d8fce64713.json,https://marine-api.open-meteo.com/v1/marine?latitude=15.792951206285132&longitude=-88.20103317116384&start_date=2019-09-01&end_date=2019-09-04&timezone=UTC&hourly=wave_height%2Cwave_direction%2Cwave_period&models=era5_ocean&cell_selection=sea,ok,a641a7c913cc97997297161f74b892bf6bb2e0268931e54f7bb75a95e495800e,3396,2026-09-26T08:33:57.260625+00:00
patch:4-9-19_16PCC_16,current,data/external/metocean/current_6e5fe1ad0623c7e5a320fd58.nc,https://ncss.hycom.org/thredds/ncss/GLBy0.08/expt_93.0/uv3z/2019?var=water_u&var=water_v&north=15.873951206285131&south=15.711951206285132&west=-88.28203317116385&east=-88.12003317116384&time_start=2019-09-01T00%3A00%3A00Z&time_end=2019-09-04T23%3A59%3A59Z&vertCoord=0&accept=netcdf&disableProjSubset=on,ok,f0c59514cc194eca010b530b7e5147c8326b41ced9f05f333cd54e2b0fe5430b,5052,2026-09-26T08:34:04.421196+00:00
patch:4-9-19_16PCC_17,wind,data/external/metocean/wind_828202ccfa323241862b76ab.json,https://archive-api.open-meteo.com/v1/archive?latitude=15.76981239714642&longitude=-88.20089692785653&start_date=2019-09-01&end_date=2019-09-04&timezone=UTC&hourly=wind_speed_10m%2Cwind_direction_10m&models=era5&wind_speed_unit=ms&cell_selection=nearest,ok,6340368ccdadf4c2a26c726f943772dee00dbb83bfdcd28a0b7f808453ea37ef,2948,2026-09-26T08:34:03.380124+00:00
patch:4-9-19_16PCC_17,wave,data/external/metocean/wave_c9e5a54a0d4275f716e214ab.json,https://marine-api.open-meteo.com/v1/marine?latitude=15.76981239714642&longitude=-88.20089692785653&start_date=2019-09-01&end_date=2019-09-04&timezone=UTC&hourly=wave_height%2Cwave_direction%2Cwave_period&models=era5_ocean&cell_selection=sea,ok,4d5863ae2297c5c725bfce2f9f6fede4d751961c455f6e1fadc6bcf5bbd0dbf5,3395,2026-09-26T08:34:03.812597+00:00
patch:4-9-19_16PCC_17,current,data/external/metocean/current_58f74f3c86b222fd4ac012c9.nc,https://ncss.hycom.org/thredds/ncss/GLBy0.08/expt_93.0/uv3z/2019?var=water_u&var=water_v&north=15.85081239714642&south=15.688812397146421&west=-88.28189692785654&east=-88.11989692785653&time_start=2019-09-01T00%3A00%3A00Z&time_end=2019-09-04T23%3A59%3A59Z&vertCoord=0&accept=netcdf&disableProjSubset=on,ok,f3ef0af986348c7bb8673a1d44eb4547529288c4a901690ed1eb69255f48ce34,5700,2026-09-26T08:34:05.944576+00:00
patch:4-9-19_16PCC_18,wind,data/external/metocean/wind_3fd5c94a2dda5ff402f09800.json,https://archive-api.open-meteo.com/v1/archive?latitude=15.746673537754074&longitude=-88.20076091008046&start_date=2019-09-01&end_date=2019-09-04&timezone=UTC&hourly=wind_speed_10m%2Cwind_direction_10m&models=era5&wind_speed_unit=ms&cell_selection=nearest,ok,27ba1f72cc479844a87bf48e25731fb6fa4a56dc598c4acf8b9c2e65a131707e,2950,2026-09-26T08:34:05.135002+00:00
patch:4-9-19_16PCC_18,wave,data/external/metocean/wave_b69eb3726c3e821c6da3cf6d.json,https://marine-api.open-meteo.com/v1/marine?latitude=15.746673537754074&longitude=-88.20076091008046&start_date=2019-09-01&end_date=2019-09-04&timezone=UTC&hourly=wave_height%2Cwave_direction%2Cwave_period&models=era5_ocean&cell_selection=sea,ok,47284dae55d16a50794e9a67ad4a5c6e154e3101015f85a2f3093c3a3111369f,3396,2026-09-26T08:34:05.314131+00:00
patch:4-9-19_16PCC_18,current,data/external/metocean/current_b18fb2a2f20876782acd385d.nc,https://ncss.hycom.org/thredds/ncss/GLBy0.08/expt_93.0/uv3z/2019?var=water_u&var=water_v&north=15.827673537754073&south=15.665673537754074&west=-88.28176091008046&east=-88.11976091008046&time_start=2019-09-01T00%3A00%3A00Z&time_end=2019-09-04T23%3A59%3A59Z&vertCoord=0&accept=netcdf&disableProjSubset=on,ok,c8a0c8afbdedb8f314d1344541a7ad2e07ace99a3ea73273096cb9c79b0a3873,5700,2026-09-26T08:34:05.759671+00:00
patch:4-9-19_16PCC_9,wind,data/external/metocean/wind_55e2db260052cc3580ec9276.json,https://archive-api.open-meteo.com/v1/archive?latitude=15.746266895754632&longitude=-88.27243576521057&start_date=2019-09-01&end_date=2019-09-04&timezone=UTC&hourly=wind_speed_10m%2Cwind_direction_10m&models=era5&wind_speed_unit=ms&cell_selection=nearest,ok,0c3b46cb5d4b436931383a8c2551bd3a6c43d09ded4ae6883fe8db193aa776b6,2950,2026-09-26T08:34:05.490880+00:00
patch:4-9-19_16PCC_9,wave,data/external/metocean/wave_cbed9406a5717814491da672.json,https://marine-api.open-meteo.com/v1/marine?latitude=15.746266895754632&longitude=-88.27243576521057&start_date=2019-09-01&end_date=2019-09-04&timezone=UTC&hourly=wave_height%2Cwave_direction%2Cwave_period&models=era5_ocean&cell_selection=sea,ok,6b3eecb25683f12780c6a845d6d6152840e31ec783d459dd1766aefd21bbc8f0,3392,2026-09-26T08:34:05.575190+00:00
patch:4-9-19_16PCC_9,current,data/external/metocean/current_7f653de0dc3c7304c8ac1d46.nc,https://ncss.hycom.org/thredds/ncss/GLBy0.08/expt_93.0/uv3z/2019?var=water_u&var=water_v&north=15.827266895754631&south=15.665266895754632&west=-88.35343576521058&east=-88.19143576521057&time_start=2019-09-01T00%3A00%3A00Z&time_end=2019-09-04T23%3A59%3A59Z&vertCoord=0&accept=netcdf&disableProjSubset=on,ok,50973c578b61d2042f238546b9dcba7ef0dfce24c9740283fd58eace30ebdcd1,5052,2026-09-26T08:34:06.025034+00:00
patch:8-3-18_16PEC_1,wind,data/external/metocean/wind_44be6dfaf70808e6fbea36e2.json,https://archive-api.open-meteo.com/v1/archive?latitude=16.1765833062239&longitude=-86.78689828260366&start_date=2018-03-05&end_date=2018-03-08&timezone=UTC&hourly=wind_speed_10m%2Cwind_direction_10m&models=era5&wind_speed_unit=ms&cell_selection=nearest,ok,1cf7db631f7b22db6a379693bd85fef5c2ff6520c8b396be950243a72c5e75b2,2917,2026-09-26T08:34:05.821853+00:00
patch:8-3-18_16PEC_1,wave,data/external/metocean/wave_6fbee11076eb9c10d20c0817.json,https://marine-api.open-meteo.com/v1/marine?latitude=16.1765833062239&longitude=-86.78689828260366&start_date=2018-03-05&end_date=2018-03-08&timezone=UTC&hourly=wave_height%2Cwave_direction%2Cwave_period&models=era5_ocean&cell_selection=sea,ok,624b1748eac4d29e068d442e20a655105f986f7a8ee5f09425d8dc2eac0b9687,3395,2026-09-26T08:34:06.020989+00:00
patch:8-3-18_16PEC_1,current,data/external/metocean/current_e1a622e9cce062479c2c6a02.nc,https://ncss.hycom.org/thredds/ncss/GLBv0.08/expt_93.0/uv3z?var=water_u&var=water_v&north=16.2575833062239&south=16.0955833062239&west=-86.86789828260366&east=-86.70589828260366&time_start=2018-03-05T00%3A00%3A00Z&time_end=2018-03-08T23%3A59%3A59Z&vertCoord=0&accept=netcdf&disableProjSubset=on,ok,e9c8513657eabac151c7beae206c48a52f640d51223a9e69601c586ec84e3f0a,4232,2026-09-26T08:34:08.435766+00:00
patch:8-3-18_16PEC_3,wind,data/external/metocean/wind_6065fe51bdbd4dcddd29a482.json,https://archive-api.open-meteo.com/v1/archive?latitude=16.26900003834886&longitude=-86.66700285516151&start_date=2018-03-05&end_date=2018-03-08&timezone=UTC&hourly=wind_speed_10m%2Cwind_direction_10m&models=era5&wind_speed_unit=ms&cell_selection=nearest,ok,677f98d2031be3823431ae1dbef7f74f4e665088ed6a6a83377377a17648bfe2,2918,2026-09-26T08:34:06.190195+00:00
patch:8-3-18_16PEC_3,wave,data/external/metocean/wave_205a4f7a099e7a15ac35462a.json,https://marine-api.open-meteo.com/v1/marine?latitude=16.26900003834886&longitude=-86.66700285516151&start_date=2018-03-05&end_date=2018-03-08&timezone=UTC&hourly=wave_height%2Cwave_direction%2Cwave_period&models=era5_ocean&cell_selection=sea,ok,c314d9e187524c70c0df7e47e4e74f21b1a9cf452305749c549b6d8ce27d39bf,3395,2026-09-26T08:34:06.285198+00:00
patch:8-3-18_16PEC_3,current,data/external/metocean/current_f2e39462d87eb1538293a53c.nc,https://ncss.hycom.org/thredds/ncss/GLBv0.08/expt_93.0/uv3z?var=water_u&var=water_v&north=16.35000003834886&south=16.18800003834886&west=-86.74800285516152&east=-86.58600285516151&time_start=2018-03-05T00%3A00%3A00Z&time_end=2018-03-08T23%3A59%3A59Z&vertCoord=0&accept=netcdf&disableProjSubset=on,ok,3935818d76bd25cf0d78809a259088255c88ac361a8e334a07847767840b95e1,4232,2026-09-26T08:34:08.441748+00:00
patch:8-3-18_16PEC_4,wind,data/external/metocean/wind_93807138d1d307f7644cf529.json,https://archive-api.open-meteo.com/v1/archive?latitude=16.268874796815716&longitude=-86.59512606996209&start_date=2018-03-05&end_date=2018-03-08&timezone=UTC&hourly=wind_speed_10m%2Cwind_direction_10m&models=era5&wind_speed_unit=ms&cell_selection=nearest,ok,2ed46459ff473a2a9fdb866dc3212a5e10a3894b6adf2cecae981c2a0abc4185,2922,2026-09-26T08:34:06.428966+00:00
patch:8-3-18_16PEC_4,wave,data/external/metocean/wave_8099f5a21b863491d6236858.json,https://marine-api.open-meteo.com/v1/marine?latitude=16.268874796815716&longitude=-86.59512606996209&start_date=2018-03-05&end_date=2018-03-08&timezone=UTC&hourly=wave_height%2Cwave_direction%2Cwave_period&models=era5_ocean&cell_selection=sea,ok,cbb6fb2ca21f6790302c00f833ba07c8dd742a9d32ff51ce01869b5842b37ae8,3396,2026-09-26T08:34:06.551173+00:00
patch:8-3-18_16PEC_4,current,data/external/metocean/current_610fb0ee7c4d86803a839457.nc,https://ncss.hycom.org/thredds/ncss/GLBv0.08/expt_93.0/uv3z?var=water_u&var=water_v&north=16.349874796815715&south=16.187874796815716&west=-86.6761260699621&east=-86.51412606996209&time_start=2018-03-05T00%3A00%3A00Z&time_end=2018-03-08T23%3A59%3A59Z&vertCoord=0&accept=netcdf&disableProjSubset=on,ok,672d0f995fb55f6a7ba501b5df510be1a689306815fb3561b737dc6318887faa,4232,2026-09-26T08:34:08.433539+00:00
patch:8-3-18_16PEC_5,wind,data/external/metocean/wind_344b98c22719a76051e409c7.json,https://archive-api.open-meteo.com/v1/archive?latitude=16.24568538156663&longitude=-86.57121748490356&start_date=2018-03-05&end_date=2018-03-08&timezone=UTC&hourly=wind_speed_10m%2Cwind_direction_10m&models=era5&wind_speed_unit=ms&cell_selection=nearest,ok,ec385ccf0cf11bfc069fc909defd15a6ec3d7d5abf6f6ce38e94d45d472608e7,2922,2026-09-26T08:34:06.795049+00:00
patch:8-3-18_16PEC_5,wave,data/external/metocean/wave_ffd5a18af9439d095e260424.json,https://marine-api.open-meteo.com/v1/marine?latitude=16.24568538156663&longitude=-86.57121748490356&start_date=2018-03-05&end_date=2018-03-08&timezone=UTC&hourly=wave_height%2Cwave_direction%2Cwave_period&models=era5_ocean&cell_selection=sea,ok,cc76cacdd3014ad7f5c0a288436f670135ab11bed7d070929694107496c0a52b,3396,2026-09-26T08:34:07.080903+00:00
patch:8-3-18_16PEC_5,current,data/external/metocean/current_82887081d2dc0ef6060263a1.nc,https://ncss.hycom.org/thredds/ncss/GLBv0.08/expt_93.0/uv3z?var=water_u&var=water_v&north=16.32668538156663&south=16.16468538156663&west=-86.65221748490356&east=-86.49021748490355&time_start=2018-03-05T00%3A00%3A00Z&time_end=2018-03-08T23%3A59%3A59Z&vertCoord=0&accept=netcdf&disableProjSubset=on,ok,3ef95929bdb25f49cde225b57b23e012f9d972f1c2ba164ca7197c4a82ee87f3,4232,2026-09-26T08:34:08.430876+00:00
patch:8-3-18_16PEC_6,wind,data/external/metocean/wind_7ea8c92fc1ebe74c5225973c.json,https://archive-api.open-meteo.com/v1/archive?latitude=16.26872515724764&longitude=-86.52324997558462&start_date=2018-03-05&end_date=2018-03-08&timezone=UTC&hourly=wind_speed_10m%2Cwind_direction_10m&models=era5&wind_speed_unit=ms&cell_selection=nearest,ok,1b783a1d5cacef840d3df602362b81ae4fd52523265f06f4561d0caa3ba6f0f0,2923,2026-09-26T08:34:08.676959+00:00
patch:8-3-18_16PEC_6,wave,data/external/metocean/wave_227ba6b518afd0d647bfb752.json,https://marine-api.open-meteo.com/v1/marine?latitude=16.26872515724764&longitude=-86.52324997558462&start_date=2018-03-05&end_date=2018-03-08&timezone=UTC&hourly=wave_height%2Cwave_direction%2Cwave_period&models=era5_ocean&cell_selection=sea,ok,a7617e7ff16239d96207b56bd3c1f3fa0bee2d22cced31fac3e98dddad9f3fb2,3396,2026-09-26T08:34:08.687294+00:00
patch:8-3-18_16PEC_6,current,data/external/metocean/current_c1575cadfc7ca0d781968cc8.nc,https://ncss.hycom.org/thredds/ncss/GLBv0.08/expt_93.0/uv3z?var=water_u&var=water_v&north=16.34972515724764&south=16.18772515724764&west=-86.60424997558462&east=-86.44224997558462&time_start=2018-03-05T00%3A00%3A00Z&time_end=2018-03-08T23%3A59%3A59Z&vertCoord=0&accept=netcdf&disableProjSubset=on,ok,c86be8c56113bf91921ddd8da03421fc3e171b70cf191a7b1881a2d864c5f691,4232,2026-09-26T08:34:08.999785+00:00
patch:8-3-18_16PEC_8,wind,data/external/metocean/wind_f87889d3c3c04797549e7971.json,https://archive-api.open-meteo.com/v1/archive?latitude=16.17571511088904&longitude=-86.35584345861251&start_date=2018-03-05&end_date=2018-03-08&timezone=UTC&hourly=wind_speed_10m%2Cwind_direction_10m&models=era5&wind_speed_unit=ms&cell_selection=nearest,ok,c61fd367b1f2e47b21dd6f45667aa975ba4dfc7366a9793fcd67b5e62f78893e,2922,2026-09-26T08:34:08.683524+00:00
patch:8-3-18_16PEC_8,wave,data/external/metocean/wave_c7761475fa3288cf4b52591a.json,https://marine-api.open-meteo.com/v1/marine?latitude=16.17571511088904&longitude=-86.35584345861251&start_date=2018-03-05&end_date=2018-03-08&timezone=UTC&hourly=wave_height%2Cwave_direction%2Cwave_period&models=era5_ocean&cell_selection=sea,ok,7154fc2aa6c2b477670f285d60cc7f01836c5008e56fb916ff6e067505daeaed,3396,2026-09-26T08:34:08.943065+00:00
patch:8-3-18_16PEC_8,current,data/external/metocean/current_090c79aefcbb884b310d9895.nc,https://ncss.hycom.org/thredds/ncss/GLBv0.08/expt_93.0/uv3z?var=water_u&var=water_v&north=16.25671511088904&south=16.09471511088904&west=-86.43684345861251&east=-86.27484345861251&time_start=2018-03-05T00%3A00%3A00Z&time_end=2018-03-08T23%3A59%3A59Z&vertCoord=0&accept=netcdf&disableProjSubset=on,ok,f5c245630548ba22d5c02c093067d64e2ee5da965e5d124bc3a530a7fe95f524,4232,2026-09-26T08:34:09.366525+00:00
patch:8-3-18_16QED_1,wind,data/external/metocean/wind_5d4d71dea1f68598fabdee7e.json,https://archive-api.open-meteo.com/v1/archive?latitude=16.508840079267035&longitude=-86.61993027635424&start_date=2018-03-05&end_date=2018-03-08&timezone=UTC&hourly=wind_speed_10m%2Cwind_direction_10m&models=era5&wind_speed_unit=ms&cell_selection=nearest,ok,750866f27a1842d47fa47692e79a1ba8fdfbd762eedefbdcadffab47a6a5e401,2914,2026-09-26T08:34:08.927428+00:00
patch:8-3-18_16QED_1,wave,data/external/metocean/wave_1da48c1ad062dafb4a33e27f.json,https://marine-api.open-meteo.com/v1/marine?latitude=16.508840079267035&longitude=-86.61993027635424&start_date=2018-03-05&end_date=2018-03-08&timezone=UTC&hourly=wave_height%2Cwave_direction%2Cwave_period&models=era5_ocean&cell_selection=sea,ok,ebcb9aaf7c57115066e5def4b4b021881caace419a8b15741f8f77e49c5f7b96,3395,2026-09-26T08:34:09.178972+00:00
patch:8-3-18_16QED_1,current,data/external/metocean/current_1492e95b0cf4f061879d7a7e.nc,https://ncss.hycom.org/thredds/ncss/GLBv0.08/expt_93.0/uv3z?var=water_u&var=water_v&north=16.589840079267034&south=16.427840079267035&west=-86.70093027635424&east=-86.53893027635424&time_start=2018-03-05T00%3A00%3A00Z&time_end=2018-03-08T23%3A59%3A59Z&vertCoord=0&accept=netcdf&disableProjSubset=on,ok,c891bac006b140458ff23795de7617b7c9836d4dfe1e4b0e48b93c88ddce62f1,4232,2026-09-26T08:34:09.940968+00:00
patch:8-3-18_16QED_10,wind,data/external/metocean/wind_d2bd9d387ebc0e5f6f7a40d7.json,https://archive-api.open-meteo.com/v1/archive?latitude=16.369488528917937&longitude=-86.40446297089285&start_date=2018-03-05&end_date=2018-03-08&timezone=UTC&hourly=wind_speed_10m%2Cwind_direction_10m&models=era5&wind_speed_unit=ms&cell_selection=nearest,ok,48b419676bc2573319e1ac31cca7aca8f2d2805ef1e4045c49af5d276878664e,2923,2026-09-26T08:34:09.242052+00:00
patch:8-3-18_16QED_10,wave,data/external/metocean/wave_4e302aa5f689c2bb3efc1e41.json,https://marine-api.open-meteo.com/v1/marine?latitude=16.369488528917937&longitude=-86.40446297089285&start_date=2018-03-05&end_date=2018-03-08&timezone=UTC&hourly=wave_height%2Cwave_direction%2Cwave_period&models=era5_ocean&cell_selection=sea,ok,bb53c0a98d6cc3cb2dc21e9a32e65d87e1b509ba33a0b2abaeef82c275799725,3393,2026-09-26T08:34:09.442113+00:00
patch:8-3-18_16QED_10,current,data/external/metocean/current_3bc82318ae9b4d61a52e1d7d.nc,https://ncss.hycom.org/thredds/ncss/GLBv0.08/expt_93.0/uv3z?var=water_u&var=water_v&north=16.450488528917937&south=16.288488528917938&west=-86.48546297089285&east=-86.32346297089285&time_start=2018-03-05T00%3A00%3A00Z&time_end=2018-03-08T23%3A59%3A59Z&vertCoord=0&accept=netcdf&disableProjSubset=on,ok,d69c961494b4710ca6eb421173c81ba3e7ec462b82b8f8e279ba19f01500f3c2,4232,2026-09-26T08:34:09.797898+00:00
patch:8-3-18_16QED_13,wind,data/external/metocean/wind_1523e42582474ffb653a8300.json,https://archive-api.open-meteo.com/v1/archive?latitude=16.438695866282046&longitude=-86.33231573969374&start_date=2018-03-05&end_date=2018-03-08&timezone=UTC&hourly=wind_speed_10m%2Cwind_direction_10m&models=era5&wind_speed_unit=ms&cell_selection=nearest,ok,f0246036cbda2041701291c7efa9a9aa7412204819cfbf12b715ee6dc88fc9c2,2916,2026-09-26T08:34:09.608907+00:00
patch:8-3-18_16QED_13,wave,data/external/metocean/wave_ac60c26c349903d55c10e5d3.json,https://marine-api.open-meteo.com/v1/marine?latitude=16.438695866282046&longitude=-86.33231573969374&start_date=2018-03-05&end_date=2018-03-08&timezone=UTC&hourly=wave_height%2Cwave_direction%2Cwave_period&models=era5_ocean&cell_selection=sea,ok,506392607bd10c1ac8b210cec07f1f4b45e6cf9eedb7142d77dee949d23b010c,3396,2026-09-26T08:34:09.703474+00:00
patch:8-3-18_16QED_13,current,data/external/metocean/current_d005a50d52cde214fe18af42.nc,https://ncss.hycom.org/thredds/ncss/GLBv0.08/expt_93.0/uv3z?var=water_u&var=water_v&north=16.519695866282046&south=16.357695866282047&west=-86.41331573969374&east=-86.25131573969374&time_start=2018-03-05T00%3A00%3A00Z&time_end=2018-03-08T23%3A59%3A59Z&vertCoord=0&accept=netcdf&disableProjSubset=on,ok,f353fa5ce601963006e8e64e81ba2a304a69a7cfc594d88bf34365cdb2983aaf,4232,2026-09-26T08:34:10.181552+00:00
patch:8-3-18_16QED_17,wind,data/external/metocean/wind_0c28a6bf0b117fcc74d03ed4.json,https://archive-api.open-meteo.com/v1/archive?latitude=16.276113068777406&longitude=-86.16515837403003&start_date=2018-03-05&end_date=2018-03-08&timezone=UTC&hourly=wind_speed_10m%2Cwind_direction_10m&models=era5&wind_speed_unit=ms&cell_selection=nearest,ok,698c34f36b930d6edea079e76ac56fd6cee401f89fbd9f1ce1b1b5fc370c9a7a,2922,2026-09-26T08:34:09.947041+00:00
patch:8-3-18_16QED_17,wave,data/external/metocean/wave_72693cd366c0ee5475dbc71e.json,https://marine-api.open-meteo.com/v1/marine?latitude=16.276113068777406&longitude=-86.16515837403003&start_date=2018-03-05&end_date=2018-03-08&timezone=UTC&hourly=wave_height%2Cwave_direction%2Cwave_period&models=era5_ocean&cell_selection=sea,ok,624318cd001ac746ac9cfc6128543f30d5cabcecbcfdb8eb5f0f433f9ce72be3,3396,2026-09-26T08:34:10.053725+00:00
patch:8-3-18_16QED_17,current,data/external/metocean/current_57c8ffa07bb30e928cbc0dd7.nc,https://ncss.hycom.org/thredds/ncss/GLBv0.08/expt_93.0/uv3z?var=water_u&var=water_v&north=16.357113068777405&south=16.195113068777406&west=-86.24615837403003&east=-86.08415837403003&time_start=2018-03-05T00%3A00%3A00Z&time_end=2018-03-08T23%3A59%3A59Z&vertCoord=0&accept=netcdf&disableProjSubset=on,ok,41c536d95a40ba2b5a3a7e8f02b1f7864f3dd22c2a9d7393d262a319f49d497f,4232,2026-09-26T08:34:10.488367+00:00
patch:8-3-18_16QED_3,wind,data/external/metocean/wind_38c2c04cd8db198505ebdf32.json,https://archive-api.open-meteo.com/v1/archive?latitude=16.50879507998721&longitude=-86.59594207396793&start_date=2018-03-05&end_date=2018-03-08&timezone=UTC&hourly=wind_speed_10m%2Cwind_direction_10m&models=era5&wind_speed_unit=ms&cell_selection=nearest,ok,af079ff29ea21b7b397aeb428e674180fd06e5c9ded0d87f7591018afce35ade,2914,2026-09-26T08:34:10.188766+00:00
patch:8-3-18_16QED_3,wave,data/external/metocean/wave_4e4c1726e78ce4e83c49237b.json,https://marine-api.open-meteo.com/v1/marine?latitude=16.50879507998721&longitude=-86.59594207396793&start_date=2018-03-05&end_date=2018-03-08&timezone=UTC&hourly=wave_height%2Cwave_direction%2Cwave_period&models=era5_ocean&cell_selection=sea,ok,804b737654c9109970e573962ae300d0525b171e6655a7e110996146f5e94ab1,3396,2026-09-26T08:34:10.316215+00:00
patch:8-3-18_16QED_3,current,data/external/metocean/current_d9ccff7c08d5a3a22f1da6dc.nc,https://ncss.hycom.org/thredds/ncss/GLBv0.08/expt_93.0/uv3z?var=water_u&var=water_v&north=16.58979507998721&south=16.42779507998721&west=-86.67694207396794&east=-86.51494207396793&time_start=2018-03-05T00%3A00%3A00Z&time_end=2018-03-08T23%3A59%3A59Z&vertCoord=0&accept=netcdf&disableProjSubset=on,ok,a101b49c7575a7c28c4238696d6ca9954d7f75dd49e6b596319d4875c1217c4e,4232,2026-09-26T08:34:10.740493+00:00
patch:8-3-18_16QED_6,wind,data/external/metocean/wind_a1747bc2c00ac42d3a3079de.json,https://archive-api.open-meteo.com/v1/archive?latitude=16.300367607149123&longitude=-86.52448397893747&start_date=2018-03-05&end_date=2018-03-08&timezone=UTC&hourly=wind_speed_10m%2Cwind_direction_10m&models=era5&wind_speed_unit=ms&cell_selection=nearest,ok,7868fafd02c6b14b59b82fa0123b9e531bf861f898672e821d2db9366c294f93,2922,2026-09-26T08:34:10.427423+00:00
patch:8-3-18_16QED_6,wave,data/external/metocean/wave_840164c4b7e377a4590c5d7e.json,https://marine-api.open-meteo.com/v1/marine?latitude=16.300367607149123&longitude=-86.52448397893747&start_date=2018-03-05&end_date=2018-03-08&timezone=UTC&hourly=wave_height%2Cwave_direction%2Cwave_period&models=era5_ocean&cell_selection=sea,ok,1790a9dbf373c8c58eb33a8b66580c9288137d8c2bb36d52c1292e7252463cc2,3396,2026-09-26T08:34:10.569056+00:00
patch:8-3-18_16QED_6,current,data/external/metocean/current_7ada2d44ba6d66c127ef5f30.nc,https://ncss.hycom.org/thredds/ncss/GLBv0.08/expt_93.0/uv3z?var=water_u&var=water_v&north=16.381367607149123&south=16.219367607149124&west=-86.60548397893747&east=-86.44348397893746&time_start=2018-03-05T00%3A00%3A00Z&time_end=2018-03-08T23%3A59%3A59Z&vertCoord=0&accept=netcdf&disableProjSubset=on,ok,d446120aaa65e7ddb8d4535c23eb55351850f6a14bf1ae9112f02b879fef21d3,4232,2026-09-26T08:34:11.270994+00:00
patch:14-3-20_18QYF_1,wind,data/external/metocean/wind_e59f843dbdb5c0679e84b691.json,https://archive-api.open-meteo.com/v1/archive?latitude=18.56110189589452&longitude=-72.49918678465605&start_date=2020-03-11&end_date=2020-03-14&timezone=UTC&hourly=wind_speed_10m%2Cwind_direction_10m&models=era5&wind_speed_unit=ms&cell_selection=nearest,ok,2165345cb718364cb4eb51e498ff35846935b4b2070f9108261e9c03676f69b7,2978,2026-09-26T08:34:10.750171+00:00
patch:14-3-20_18QYF_1,wave,data/external/metocean/wave_caab95a87a13737212c85431.json,https://marine-api.open-meteo.com/v1/marine?latitude=18.56110189589452&longitude=-72.49918678465605&start_date=2020-03-11&end_date=2020-03-14&timezone=UTC&hourly=wave_height%2Cwave_direction%2Cwave_period&models=era5_ocean&cell_selection=sea,ok,cf0418adea2ce15b350cc319c2de22e435b1209a2ed7c046b16b6fb335a03405,3491,2026-09-26T08:34:10.833413+00:00
patch:14-3-20_18QYF_1,current,data/external/metocean/current_52088afba069909fa5eff61c.nc,https://ncss.hycom.org/thredds/ncss/GLBy0.08/expt_93.0/uv3z/2020?var=water_u&var=water_v&north=18.64210189589452&south=18.48010189589452&west=-72.58018678465605&east=-72.41818678465604&time_start=2020-03-11T00%3A00%3A00Z&time_end=2020-03-14T23%3A59%3A59Z&vertCoord=0&accept=netcdf&disableProjSubset=on,ok,d024cdbde2ad9f8fbf7bf9ee31879acfcc980a1a6c32fa5db1ed119670399b1d,5052,2026-09-26T08:34:14.551360+00:00
patch:14-3-20_18QYF_2,wind,data/external/metocean/wind_d2b05364625ac8fedbb633cd.json,https://archive-api.open-meteo.com/v1/archive?latitude=18.560778977174987&longitude=-72.4749500954313&start_date=2020-03-11&end_date=2020-03-14&timezone=UTC&hourly=wind_speed_10m%2Cwind_direction_10m&models=era5&wind_speed_unit=ms&cell_selection=nearest,ok,e5f9d54579b4354593e69b41d7273fae70eac60d4381fbc63d0baba7a3e3afdb,2980,2026-09-26T08:34:10.991828+00:00
patch:14-3-20_18QYF_2,wave,data/external/metocean/wave_bbf925016f73912f046e9204.json,https://marine-api.open-meteo.com/v1/marine?latitude=18.560778977174987&longitude=-72.4749500954313&start_date=2020-03-11&end_date=2020-03-14&timezone=UTC&hourly=wave_height%2Cwave_direction%2Cwave_period&models=era5_ocean&cell_selection=sea,ok,f3007ac2659397599433683375fef941722f176c1ebb9fcea5d00619952013c2,3492,2026-09-26T08:34:11.085171+00:00
patch:14-3-20_18QYF_2,current,data/external/metocean/current_9fdf38fc2e9b76443b30e7f6.nc,https://ncss.hycom.org/thredds/ncss/GLBy0.08/expt_93.0/uv3z/2020?var=water_u&var=water_v&north=18.641778977174987&south=18.479778977174988&west=-72.5559500954313&east=-72.3939500954313&time_start=2020-03-11T00%3A00%3A00Z&time_end=2020-03-14T23%3A59%3A59Z&vertCoord=0&accept=netcdf&disableProjSubset=on,ok,c3ce8a8677944e17c79bf87c62d45261edc34796505b3b410373806abc06c705,5052,2026-09-26T08:34:14.697926+00:00
patch:14-3-20_18QYF_3,wind,data/external/metocean/wind_63f0cc7731bf131daf5faedd.json,https://archive-api.open-meteo.com/v1/archive?latitude=18.56012381910645&longitude=-72.42647822292061&start_date=2020-03-11&end_date=2020-03-14&timezone=UTC&hourly=wind_speed_10m%2Cwind_direction_10m&models=era5&wind_speed_unit=ms&cell_selection=nearest,ok,671ca81b64f7090d29f9b3e605de4b439054d3c032d4f3005381167e5d98e283,2980,2026-09-26T08:34:11.328823+00:00
patch:14-3-20_18QYF_3,wave,data/external/metocean/wave_141907378bf727ad8d640db8.json,https://marine-api.open-meteo.com/v1/marine?latitude=18.56012381910645&longitude=-72.42647822292061&start_date=2020-03-11&end_date=2020-03-14&timezone=UTC&hourly=wave_height%2Cwave_direction%2Cwave_period&models=era5_ocean&cell_selection=sea,ok,c60ef4dcef1e147018b9554bd1daa0b8a716eb88a566882b630147317435a5e9,3492,2026-09-26T08:34:11.539784+00:00
patch:14-3-20_18QYF_3,current,data/external/metocean/current_272b72c5e45dc2009418071d.nc,https://ncss.hycom.org/thredds/ncss/GLBy0.08/expt_93.0/uv3z/2020?var=water_u&var=water_v&north=18.64112381910645&south=18.47912381910645&west=-72.50747822292061&east=-72.3454782229206&time_start=2020-03-11T00%3A00%3A00Z&time_end=2020-03-14T23%3A59%3A59Z&vertCoord=0&accept=netcdf&disableProjSubset=on,ok,8f2458cb2b1524426dbf5f4ff9bc5b3d6bf9ee5f114dda8666e10b03b29db922,5052,2026-09-26T08:34:14.578446+00:00
patch:14-3-20_18QYF_4,wind,data/external/metocean/wind_5e562f8045fe5701135d735a.json,https://archive-api.open-meteo.com/v1/archive?latitude=18.58290520666803&longitude=-72.4018928074144&start_date=2020-03-11&end_date=2020-03-14&timezone=UTC&hourly=wind_speed_10m%2Cwind_direction_10m&models=era5&wind_speed_unit=ms&cell_selection=nearest,ok,197bd376a4ce564257ddc5bece619574770138d841ded6cfdcb0bad38c444cf2,2980,2026-09-26T08:34:11.782369+00:00
patch:14-3-20_18QYF_4,wave,data/external/metocean/wave_c62f0e69b60ea012e59a5fb0.json,https://marine-api.open-meteo.com/v1/marine?latitude=18.58290520666803&longitude=-72.4018928074144&start_date=2020-03-11&end_date=2020-03-14&timezone=UTC&hourly=wave_height%2Cwave_direction%2Cwave_period&models=era5_ocean&cell_selection=sea,ok,45241b17903aa0b5bcc30304858b498d5f61de43b40a2a79ffbd15ca3c54d009,3491,2026-09-26T08:34:12.043676+00:00
patch:14-3-20_18QYF_4,current,data/external/metocean/current_54b0bd9a46db2f8c72757ab3.nc,https://ncss.hycom.org/thredds/ncss/GLBy0.08/expt_93.0/uv3z/2020?var=water_u&var=water_v&north=18.66390520666803&south=18.50190520666803&west=-72.4828928074144&east=-72.3208928074144&time_start=2020-03-11T00%3A00%3A00Z&time_end=2020-03-14T23%3A59%3A59Z&vertCoord=0&accept=netcdf&disableProjSubset=on,ok,2d0a5e9e9ec9462bb1f6398253b73a39bb2856493e7bde304ea646981e4b654e,5052,2026-09-26T08:34:14.813346+00:00
patch:14-3-20_18QYF_6,wind,data/external/metocean/wind_7209a5cf478bdf3524e10133.json,https://archive-api.open-meteo.com/v1/archive?latitude=18.582569414458384&longitude=-72.37765489010121&start_date=2020-03-11&end_date=2020-03-14&timezone=UTC&hourly=wind_speed_10m%2Cwind_direction_10m&models=era5&wind_speed_unit=ms&cell_selection=nearest,ok,308c641dd068caa13ab2410f57ce0fe73540a9143eec458d9d5d7450c3bdbf6e,2980,2026-09-26T08:34:14.791721+00:00
patch:14-3-20_18QYF_6,wave,data/external/metocean/wave_9f4e54c64ce110940effb0f9.json,https://marine-api.open-meteo.com/v1/marine?latitude=18.582569414458384&longitude=-72.37765489010121&start_date=2020-03-11&end_date=2020-03-14&timezone=UTC&hourly=wave_height%2Cwave_direction%2Cwave_period&models=era5_ocean&cell_selection=sea,ok,196e900016a440c0e2bcbc39d0c94ee7da59a8ede4f9382990d46dad0ea8c433,3491,2026-09-26T08:34:14.842889+00:00
patch:14-3-20_18QYF_6,current,data/external/metocean/current_51d730b8b21c883b6814ac50.nc,https://ncss.hycom.org/thredds/ncss/GLBy0.08/expt_93.0/uv3z/2020?var=water_u&var=water_v&north=18.663569414458383&south=18.501569414458384&west=-72.45865489010122&east=-72.29665489010121&time_start=2020-03-11T00%3A00%3A00Z&time_end=2020-03-14T23%3A59%3A59Z&vertCoord=0&accept=netcdf&disableProjSubset=on,ok,3f9d85ec31bc329d276eb6b1f49d2192f14bf7ee3dc453c859882efe48858a7e,5052,2026-09-26T08:34:15.226749+00:00
patch:14-3-20_18QYF_7,wind,data/external/metocean/wind_42b5bd2bd847b8d9b760435b.json,https://archive-api.open-meteo.com/v1/archive?latitude=18.559456235410316&longitude=-72.37800839023716&start_date=2020-03-11&end_date=2020-03-14&timezone=UTC&hourly=wind_speed_10m%2Cwind_direction_10m&models=era5&wind_speed_unit=ms&cell_selection=nearest,ok,f041b46094208bc487b0833f2174ddb9cc349893591d723faf4263c129e686bf,2980,2026-09-26T08:34:15.033940+00:00
patch:14-3-20_18QYF_7,wave,data/external/metocean/wave_5d50c588d9a4a55ce4092eeb.json,https://marine-api.open-meteo.com/v1/marine?latitude=18.559456235410316&longitude=-72.37800839023716&start_date=2020-03-11&end_date=2020-03-14&timezone=UTC&hourly=wave_height%2Cwave_direction%2Cwave_period&models=era5_ocean&cell_selection=sea,ok,683553de02dcb205610a782b9994c8e0dd40d31bc67124bca99bb4ec579d0312,3492,2026-09-26T08:34:15.065286+00:00
patch:14-3-20_18QYF_7,current,data/external/metocean/current_46b71f1d5bd7187bc8123a08.nc,https://ncss.hycom.org/thredds/ncss/GLBy0.08/expt_93.0/uv3z/2020?var=water_u&var=water_v&north=18.640456235410316&south=18.478456235410317&west=-72.45900839023716&east=-72.29700839023715&time_start=2020-03-11T00%3A00%3A00Z&time_end=2020-03-14T23%3A59%3A59Z&vertCoord=0&accept=netcdf&disableProjSubset=on,ok,9d1c7834ef87346010666c3c462b60b31f7567e688efc5f075201f8b620f9ba3,5052,2026-09-26T08:34:15.388983+00:00
patch:18-9-20_16PCC_15,wind,data/external/metocean/wind_848749debf0987a4f430e88b.json,https://archive-api.open-meteo.com/v1/archive?latitude=15.933236835332591&longitude=-88.13366907212637&start_date=2020-09-15&end_date=2020-09-18&timezone=UTC&hourly=wind_speed_10m%2Cwind_direction_10m&models=era5&wind_speed_unit=ms&cell_selection=nearest,ok,8412953331f72313186a1686f8e0d87b8b7f0678ff0e2a96087c6b56e2bc790a,2970,2026-09-26T08:34:15.281483+00:00
patch:18-9-20_16PCC_15,wave,data/external/metocean/wave_aef7a205bf170a10149933c0.json,https://marine-api.open-meteo.com/v1/marine?latitude=15.933236835332591&longitude=-88.13366907212637&start_date=2020-09-15&end_date=2020-09-18&timezone=UTC&hourly=wave_height%2Cwave_direction%2Cwave_period&models=era5_ocean&cell_selection=sea,ok,c4695e7bf0438c6dcf73b248bacbc06d7644050a8284be2397f8c9a3a9b9d19a,3402,2026-09-26T08:34:15.322285+00:00
patch:18-9-20_16PCC_15,current,data/external/metocean/current_ebb58b74c615cc45e21049dd.nc,https://ncss.hycom.org/thredds/ncss/GLBy0.08/expt_93.0/uv3z/2020?var=water_u&var=water_v&north=16.014236835332593&south=15.852236835332592&west=-88.21466907212637&east=-88.05266907212636&time_start=2020-09-15T00%3A00%3A00Z&time_end=2020-09-18T23%3A59%3A59Z&vertCoord=0&accept=netcdf&disableProjSubset=on,ok,3c68f9d8ccd08a6258c1b8ae3f768b03084d58f540176341b6ee33872eb01065,5052,2026-09-26T08:34:20.972051+00:00
patch:18-9-20_16PCC_27,wind,data/external/metocean/wind_3ddd4e8c86535567a0db0cfb.json,https://archive-api.open-meteo.com/v1/archive?latitude=15.910343491659258&longitude=-88.08571535289192&start_date=2020-09-15&end_date=2020-09-18&timezone=UTC&hourly=wind_speed_10m%2Cwind_direction_10m&models=era5&wind_speed_unit=ms&cell_selection=nearest,ok,355b401d29e3d44716db3a38eda8896e0fc187e04abee08c5867bbcf28d5ba23,2970,2026-09-26T08:34:15.524593+00:00
patch:18-9-20_16PCC_27,wave,data/external/metocean/wave_3fd6c774d2c673d383d03443.json,https://marine-api.open-meteo.com/v1/marine?latitude=15.910343491659258&longitude=-88.08571535289192&start_date=2020-09-15&end_date=2020-09-18&timezone=UTC&hourly=wave_height%2Cwave_direction%2Cwave_period&models=era5_ocean&cell_selection=sea,ok,5edccde43900699c1f6d5d3f6dfb3d97e6e3de1b0ef0a81fc6da94a5e7953fa5,3402,2026-09-26T08:34:15.573142+00:00
patch:18-9-20_16PCC_27,current,data/external/metocean/current_12796b14549bb36f0ecc3466.nc,https://ncss.hycom.org/thredds/ncss/GLBy0.08/expt_93.0/uv3z/2020?var=water_u&var=water_v&north=15.991343491659258&south=15.829343491659259&west=-88.16671535289193&east=-88.00471535289192&time_start=2020-09-15T00%3A00%3A00Z&time_end=2020-09-18T23%3A59%3A59Z&vertCoord=0&accept=netcdf&disableProjSubset=on,ok,0c627ff478d4661245db6e04c4b7932d8cd733305dceaf6a59af207faf06d738,5052,2026-09-26T08:34:20.947691+00:00
patch:18-9-20_16PCC_39,wind,data/external/metocean/wind_442c0e3c7756a3713129679b.json,https://archive-api.open-meteo.com/v1/archive?latitude=15.8412719970353&longitude=-88.01363074439024&start_date=2020-09-15&end_date=2020-09-18&timezone=UTC&hourly=wind_speed_10m%2Cwind_direction_10m&models=era5&wind_speed_unit=ms&cell_selection=nearest,ok,914d61855e83329932a037770a462203d50b8df8efd1df05aaa3535110fce466,2967,2026-09-26T08:34:15.769866+00:00
patch:18-9-20_16PCC_39,wave,data/external/metocean/wave_92cc135c088bf1a826a77593.json,https://marine-api.open-meteo.com/v1/marine?latitude=15.8412719970353&longitude=-88.01363074439024&start_date=2020-09-15&end_date=2020-09-18&timezone=UTC&hourly=wave_height%2Cwave_direction%2Cwave_period&models=era5_ocean&cell_selection=sea,ok,11e750c8416e30cc3dab507afd10551125a9fef7a10e21370f5711c9ffb96686,3402,2026-09-26T08:34:15.835253+00:00
patch:18-9-20_16PCC_39,current,data/external/metocean/current_4c3e082f3d6d0bc51f46329f.nc,https://ncss.hycom.org/thredds/ncss/GLBy0.08/expt_93.0/uv3z/2020?var=water_u&var=water_v&north=15.922271997035299&south=15.7602719970353&west=-88.09463074439024&east=-87.93263074439024&time_start=2020-09-15T00%3A00%3A00Z&time_end=2020-09-18T23%3A59%3A59Z&vertCoord=0&accept=netcdf&disableProjSubset=on,ok,bcd98dcdc8818d2dd60ab90309727544c987b69c1923a53f55b6fc5e454b1a29,5052,2026-09-26T08:34:20.947968+00:00
patch:18-9-20_16PCC_43,wind,data/external/metocean/wind_06ff38919a90fefedd2cefb5.json,https://archive-api.open-meteo.com/v1/archive?latitude=15.81834973671286&longitude=-87.96571130638611&start_date=2020-09-15&end_date=2020-09-18&timezone=UTC&hourly=wind_speed_10m%2Cwind_direction_10m&models=era5&wind_speed_unit=ms&cell_selection=nearest,ok,cc7ce3f457a9f3dd78c24292e34d7a4afdbd00fa8e303326628e2b7f6ea4e4da,2969,2026-09-26T08:34:16.077850+00:00
patch:18-9-20_16PCC_43,wave,data/external/metocean/wave_c16989d322a860568bdf1477.json,https://marine-api.open-meteo.com/v1/marine?latitude=15.81834973671286&longitude=-87.96571130638611&start_date=2020-09-15&end_date=2020-09-18&timezone=UTC&hourly=wave_height%2Cwave_direction%2Cwave_period&models=era5_ocean&cell_selection=sea,ok,e6bdd9d6d33e9cae39bc97baedc6ef75fc80a2c87f622b0e85a8cbd760f39930,3401,2026-09-26T08:34:16.336951+00:00
patch:18-9-20_16PCC_43,current,data/external/metocean/current_39ba3fe288046ada02fee0f3.nc,https://ncss.hycom.org/thredds/ncss/GLBy0.08/expt_93.0/uv3z/2020?var=water_u&var=water_v&north=15.899349736712859&south=15.73734973671286&west=-88.04671130638611&east=-87.88471130638611&time_start=2020-09-15T00%3A00%3A00Z&time_end=2020-09-18T23%3A59%3A59Z&vertCoord=0&accept=netcdf&disableProjSubset=on,ok,223e35f467de6fbbaf37fc1c9e9322495a9cdcb10b8d3bc4cd616f319c66b0ec,5052,2026-09-26T08:34:20.947836+00:00
patch:18-9-20_16PCC_7,wind,data/external/metocean/wind_88c36430fef8a63938226118.json,https://archive-api.open-meteo.com/v1/archive?latitude=15.747469331230812&longitude=-88.25209741513481&start_date=2020-09-15&end_date=2020-09-18&timezone=UTC&hourly=wind_speed_10m%2Cwind_direction_10m&models=era5&wind_speed_unit=ms&cell_selection=nearest,ok,189b3d526db95f24f36f32065db206b77e4855f44de20766fb9f8f9a052137d4,2971,2026-09-26T08:34:21.249681+00:00
patch:18-9-20_16PCC_7,wave,data/external/metocean/wave_c786a106ff858eb8b31a6ce4.json,https://marine-api.open-meteo.com/v1/marine?latitude=15.747469331230812&longitude=-88.25209741513481&start_date=2020-09-15&end_date=2020-09-18&timezone=UTC&hourly=wave_height%2Cwave_direction%2Cwave_period&models=era5_ocean&cell_selection=sea,ok,6bea292c18d15fcaf2414ac7bf180bfbb3fa018524fc15785acd85cfcbc33d49,3394,2026-09-26T08:34:21.254970+00:00
patch:18-9-20_16PCC_7,current,data/external/metocean/current_de76cf4ac57fe5f44924c8cb.nc,https://ncss.hycom.org/thredds/ncss/GLBy0.08/expt_93.0/uv3z/2020?var=water_u&var=water_v&north=15.828469331230812&south=15.666469331230813&west=-88.33309741513482&east=-88.17109741513481&time_start=2020-09-15T00%3A00%3A00Z&time_end=2020-09-18T23%3A59%3A59Z&vertCoord=0&accept=netcdf&disableProjSubset=on,ok,c7365fab46bdce35cfc6101fef53278888e464b4cd9b84953f8a5b548e2d6aac,5052,2026-09-26T08:34:28.808242+00:00
patch:18-9-20_16PCC_78,wind,data/external/metocean/wind_91e1c1e8e77410fb036acc86.json,https://archive-api.open-meteo.com/v1/archive?latitude=16.143040753641852&longitude=-88.33460088737677&start_date=2020-09-15&end_date=2020-09-18&timezone=UTC&hourly=wind_speed_10m%2Cwind_direction_10m&models=era5&wind_speed_unit=ms&cell_selection=nearest,ok,e90fe89ea58be1c2796ded7f6e4b0de2c5d70613d2519931a533aab2a724462b,2962,2026-09-26T08:34:21.249842+00:00
patch:18-9-20_16PCC_78,wave,data/external/metocean/wave_d7cfcd74ab636beb3cdc97c6.json,https://marine-api.open-meteo.com/v1/marine?latitude=16.143040753641852&longitude=-88.33460088737677&start_date=2020-09-15&end_date=2020-09-18&timezone=UTC&hourly=wave_height%2Cwave_direction%2Cwave_period&models=era5_ocean&cell_selection=sea,ok,819a6e2306778704d2b79a0c3a24bdfde5a75b2b0d7886d77de42c75ef480f3f,3397,2026-09-26T08:34:21.577302+00:00
patch:18-9-20_16PCC_78,current,data/external/metocean/current_0d30cdf40e74cacd154f74d5.nc,https://ncss.hycom.org/thredds/ncss/GLBy0.08/expt_93.0/uv3z/2020?var=water_u&var=water_v&north=16.22404075364185&south=16.062040753641853&west=-88.41560088737677&east=-88.25360088737676&time_start=2020-09-15T00%3A00%3A00Z&time_end=2020-09-18T23%3A59%3A59Z&vertCoord=0&accept=netcdf&disableProjSubset=on,ok,0cec0e1caa315e397349cf0bf1fdf06a0e7ecbe077672d1128d7cb32deaf3067,5052,2026-09-26T08:34:21.970789+00:00
patch:18-9-20_16PDC_10,wind,data/external/metocean/wind_e9de781542b1e506d655a399.json,https://archive-api.open-meteo.com/v1/archive?latitude=16.117217400478218&longitude=-87.73149669767518&start_date=2020-09-15&end_date=2020-09-18&timezone=UTC&hourly=wind_speed_10m%2Cwind_direction_10m&models=era5&wind_speed_unit=ms&cell_selection=nearest,ok,a7957b3062a87e6743909897f7b56f09153cac44ae859751a34d36787c7d3492,2973,2026-09-26T08:34:21.574341+00:00
patch:18-9-20_16PDC_10,wave,data/external/metocean/wave_564cb7a65834b0ce11a12738.json,https://marine-api.open-meteo.com/v1/marine?latitude=16.117217400478218&longitude=-87.73149669767518&start_date=2020-09-15&end_date=2020-09-18&timezone=UTC&hourly=wave_height%2Cwave_direction%2Cwave_period&models=era5_ocean&cell_selection=sea,ok,d4fcc8e17c9ce2bafc881a6802157ea52c4f7a950994973fbe8eae33bc1f1303,3398,2026-09-26T08:34:21.876416+00:00
patch:18-9-20_16PDC_10,current,data/external/metocean/current_84b79a3643a50dd12524e89d.nc,https://ncss.hycom.org/thredds/ncss/GLBy0.08/expt_93.0/uv3z/2020?var=water_u&var=water_v&north=16.198217400478217&south=16.03621740047822&west=-87.81249669767519&east=-87.65049669767518&time_start=2020-09-15T00%3A00%3A00Z&time_end=2020-09-18T23%3A59%3A59Z&vertCoord=0&accept=netcdf&disableProjSubset=on,ok,a24a654a9ae4c949b635ecbe25c72aa263291dedce94b0380db1d7150769f91e,5052,2026-09-26T08:34:28.933089+00:00
patch:18-9-20_16PDC_25,wind,data/external/metocean/wind_905fc929a197b01fbbc7ad04.json,https://archive-api.open-meteo.com/v1/archive?latitude=16.140735808434435&longitude=-87.61187027057282&start_date=2020-09-15&end_date=2020-09-18&timezone=UTC&hourly=wind_speed_10m%2Cwind_direction_10m&models=era5&wind_speed_unit=ms&cell_selection=nearest,ok,06b40ebc25fdce628b0f1a6ce0ab606fcd311776a1041b47bac730707bc2db87,2972,2026-09-26T08:34:22.127271+00:00
patch:18-9-20_16PDC_25,wave,data/external/metocean/wave_2035850aa42518f26ac6cdc1.json,https://marine-api.open-meteo.com/v1/marine?latitude=16.140735808434435&longitude=-87.61187027057282&start_date=2020-09-15&end_date=2020-09-18&timezone=UTC&hourly=wave_height%2Cwave_direction%2Cwave_period&models=era5_ocean&cell_selection=sea,ok,5508b572303855f0f60f2ab2773e3fbba72fc4b4e2b19d32436e4fc16b4442f1,3394,2026-09-26T08:34:22.268197+00:00
patch:18-9-20_16PDC_25,current,data/external/metocean/current_28564d125ec1922dc085af3c.nc,https://ncss.hycom.org/thredds/ncss/GLBy0.08/expt_93.0/uv3z/2020?var=water_u&var=water_v&north=16.221735808434435&south=16.059735808434436&west=-87.69287027057283&east=-87.53087027057282&time_start=2020-09-15T00%3A00%3A00Z&time_end=2020-09-18T23%3A59%3A59Z&vertCoord=0&accept=netcdf&disableProjSubset=on,ok,345483fde6b43c8c1bfc833285e802203e4564a5634f9230e56f111452f3ec5b,5444,2026-09-26T08:34:22.743016+00:00
patch:18-9-20_16PDC_29,wind,data/external/metocean/wind_82569f808bf71d685cc4097d.json,https://archive-api.open-meteo.com/v1/archive?latitude=16.14080317000673&longitude=-87.58792763622513&start_date=2020-09-15&end_date=2020-09-18&timezone=UTC&hourly=wind_speed_10m%2Cwind_direction_10m&models=era5&wind_speed_unit=ms&cell_selection=nearest,ok,5f04eb396569c6f1b758ca61063089c87125be16859980342c31972cd51b866a,2972,2026-09-26T08:34:22.546612+00:00
patch:18-9-20_16PDC_29,wave,data/external/metocean/wave_bf3b44000b4f15134a94ec74.json,https://marine-api.open-meteo.com/v1/marine?latitude=16.14080317000673&longitude=-87.58792763622513&start_date=2020-09-15&end_date=2020-09-18&timezone=UTC&hourly=wave_height%2Cwave_direction%2Cwave_period&models=era5_ocean&cell_selection=sea,ok,55d599f26d94f055d99c8b2080a9aa18b92877f3e8d618961275a15b09290379,3398,2026-09-26T08:34:22.861278+00:00
patch:18-9-20_16PDC_29,current,data/external/metocean/current_095c2ae1fb63fda3a0a604dc.nc,https://ncss.hycom.org/thredds/ncss/GLBy0.08/expt_93.0/uv3z/2020?var=water_u&var=water_v&north=16.22180317000673&south=16.05980317000673&west=-87.66892763622513&east=-87.50692763622513&time_start=2020-09-15T00%3A00%3A00Z&time_end=2020-09-18T23%3A59%3A59Z&vertCoord=0&accept=netcdf&disableProjSubset=on,ok,e2d473ef68118df9b78227fe6f51792f224aa87773f749ff3399eaea9691d1fd,5444,2026-09-26T08:34:23.341021+00:00
patch:18-9-20_16PDC_4,wind,data/external/metocean/wind_01752ea74d9d0da307927f20.json,https://archive-api.open-meteo.com/v1/archive?latitude=15.908598810110778&longitude=-87.82639494095984&start_date=2020-09-15&end_date=2020-09-18&timezone=UTC&hourly=wind_speed_10m%2Cwind_direction_10m&models=era5&wind_speed_unit=ms&cell_selection=nearest,ok,73d92104f8fcf12ffdfb8e51161df163674667d9c6e18f24eba93a207269f033,2970,2026-09-26T08:34:23.113559+00:00
patch:18-9-20_16PDC_4,wave,data/external/metocean/wave_cb2e3849d1b04d77dba038a4.json,https://marine-api.open-meteo.com/v1/marine?latitude=15.908598810110778&longitude=-87.82639494095984&start_date=2020-09-15&end_date=2020-09-18&timezone=UTC&hourly=wave_height%2Cwave_direction%2Cwave_period&models=era5_ocean&cell_selection=sea,ok,6b8f5dc73c6a5cd79fcb16feadc22cc8b7222f051e60a84ed63892e28ad9b46c,3402,2026-09-26T08:34:23.465401+00:00
patch:18-9-20_16PDC_4,current,data/external/metocean/current_9d7c57e2f3a5e582f611a18b.nc,https://ncss.hycom.org/thredds/ncss/GLBy0.08/expt_93.0/uv3z/2020?var=water_u&var=water_v&north=15.989598810110778&south=15.827598810110779&west=-87.90739494095985&east=-87.74539494095984&time_start=2020-09-15T00%3A00%3A00Z&time_end=2020-09-18T23%3A59%3A59Z&vertCoord=0&accept=netcdf&disableProjSubset=on,ok,77b021082e7e7748aef9b447569d84b92a75d12977b33ee1c1e5de877ef49998,5052,2026-09-26T08:34:28.808039+00:00
patch:18-9-20_16PDC_7,wind,data/external/metocean/wind_31d9f09485005b880f20c24a.json,https://archive-api.open-meteo.com/v1/archive?latitude=15.908776505881894&longitude=-87.77856708704255&start_date=2020-09-15&end_date=2020-09-18&timezone=UTC&hourly=wind_speed_10m%2Cwind_direction_10m&models=era5&wind_speed_unit=ms&cell_selection=nearest,ok,10a1e6a8c9860a75e386dede2361ea62495f91f4fec8084caa6b3c69b8779f35,2973,2026-09-26T08:34:23.717308+00:00
patch:18-9-20_16PDC_7,wave,data/external/metocean/wave_618c2232fca23e77ff3369ec.json,https://marine-api.open-meteo.com/v1/marine?latitude=15.908776505881894&longitude=-87.77856708704255&start_date=2020-09-15&end_date=2020-09-18&timezone=UTC&hourly=wave_height%2Cwave_direction%2Cwave_period&models=era5_ocean&cell_selection=sea,ok,dba8e0691782509b4fc49286070cd680e3c57f6aaeef6f57eaac02d70afaf0e8,3402,2026-09-26T08:34:23.982222+00:00
patch:18-9-20_16PDC_7,current,data/external/metocean/current_27c297f6af1500a91d50af69.nc,https://ncss.hycom.org/thredds/ncss/GLBy0.08/expt_93.0/uv3z/2020?var=water_u&var=water_v&north=15.989776505881894&south=15.827776505881895&west=-87.85956708704255&east=-87.69756708704254&time_start=2020-09-15T00%3A00%3A00Z&time_end=2020-09-18T23%3A59%3A59Z&vertCoord=0&accept=netcdf&disableProjSubset=on,ok,5208df08baa47fa134adae7e4cae9dedeb73ee7306f4bc838a0cb5bafc69419d,5052,2026-09-26T08:34:24.547871+00:00
patch:18-9-20_16PDC_9,wind,data/external/metocean/wind_64303c93e55354da72432b64.json,https://archive-api.open-meteo.com/v1/archive?latitude=15.93200298992527&longitude=-87.75473935216813&start_date=2020-09-15&end_date=2020-09-18&timezone=UTC&hourly=wind_speed_10m%2Cwind_direction_10m&models=era5&wind_speed_unit=ms&cell_selection=nearest,ok,0ad50c3c98709570264e5235652baf392d461a472b774c11f4ce39566f409842,2973,2026-09-26T08:34:24.793152+00:00
patch:18-9-20_16PDC_9,wave,data/external/metocean/wave_5fad5de6293b740a7e8ebc46.json,https://marine-api.open-meteo.com/v1/marine?latitude=15.93200298992527&longitude=-87.75473935216813&start_date=2020-09-15&end_date=2020-09-18&timezone=UTC&hourly=wave_height%2Cwave_direction%2Cwave_period&models=era5_ocean&cell_selection=sea,ok,fad4b30a2bf921375906aca1da9021a4a976e3a8c4aa76a944135db8d23d207a,3401,2026-09-26T08:34:25.061305+00:00
patch:18-9-20_16PDC_9,current,data/external/metocean/current_fdf61b4dee20377e3f4f219d.nc,https://ncss.hycom.org/thredds/ncss/GLBy0.08/expt_93.0/uv3z/2020?var=water_u&var=water_v&north=16.01300298992527&south=15.85100298992527&west=-87.83573935216813&east=-87.67373935216813&time_start=2020-09-15T00%3A00%3A00Z&time_end=2020-09-18T23%3A59%3A59Z&vertCoord=0&accept=netcdf&disableProjSubset=on,ok,1eb0956e03756406f626e9aa7f2244b1af9dec82461103510652dc6cd6574a09,5052,2026-09-26T08:34:29.172891+00:00
patch:21-2-18_16PCC_0,wind,data/external/metocean/wind_a1c3869d829a7b6e80889dda.json,https://archive-api.open-meteo.com/v1/archive?latitude=15.777114792734546&longitude=-88.3136985031597&start_date=2018-02-18&end_date=2018-02-21&timezone=UTC&hourly=wind_speed_10m%2Cwind_direction_10m&models=era5&wind_speed_unit=ms&cell_selection=nearest,ok,23e3836a26b4f424b60882088186184c274eeb269d2f606b748261e56e6f0eb1,2935,2026-09-26T08:34:29.060348+00:00
patch:21-2-18_16PCC_0,wave,data/external/metocean/wave_4ad21243a2ca4fcfb80357ae.json,https://marine-api.open-meteo.com/v1/marine?latitude=15.777114792734546&longitude=-88.3136985031597&start_date=2018-02-18&end_date=2018-02-21&timezone=UTC&hourly=wave_height%2Cwave_direction%2Cwave_period&models=era5_ocean&cell_selection=sea,ok,3ff6753a6d743799f0e7c13d9769dd8aefe1b81443c72106e156eb50a592a9bd,3394,2026-09-26T08:34:29.080863+00:00
patch:21-2-18_16PCC_0,current,data/external/metocean/current_465b48bc889400b1f70c7c6f.nc,https://ncss.hycom.org/thredds/ncss/GLBv0.08/expt_93.0/uv3z?var=water_u&var=water_v&north=15.858114792734545&south=15.696114792734546&west=-88.3946985031597&east=-88.2326985031597&time_start=2018-02-18T00%3A00%3A00Z&time_end=2018-02-21T23%3A59%3A59Z&vertCoord=0&accept=netcdf&disableProjSubset=on,ok,c2bccfcc73168496f49ab9f36adf00bf8fe4ebf2d1dd545710479006e656e045,4232,2026-09-26T08:34:31.014571+00:00
patch:21-2-18_16PCC_1,wind,data/external/metocean/wind_24e763907f0751105a608f21.json,https://archive-api.open-meteo.com/v1/archive?latitude=15.777257751355044&longitude=-88.28980389605297&start_date=2018-02-18&end_date=2018-02-21&timezone=UTC&hourly=wind_speed_10m%2Cwind_direction_10m&models=era5&wind_speed_unit=ms&cell_selection=nearest,ok,76519ee3814ee3f2112290cf988c7d9c0ad106aa4ff5df8f2dbb1f04c2aaa7fe,2936,2026-09-26T08:34:29.365345+00:00
patch:21-2-18_16PCC_1,wave,data/external/metocean/wave_c5fa448ee857ffa82dff49fd.json,https://marine-api.open-meteo.com/v1/marine?latitude=15.777257751355044&longitude=-88.28980389605297&start_date=2018-02-18&end_date=2018-02-21&timezone=UTC&hourly=wave_height%2Cwave_direction%2Cwave_period&models=era5_ocean&cell_selection=sea,ok,dc521463108aa29e76235bc801dd8af4fdb0dfd56af08647d08692b7a5e1fd4c,3396,2026-09-26T08:34:29.365621+00:00
patch:21-2-18_16PCC_1,current,data/external/metocean/current_de410072385c737e382e2d0a.nc,https://ncss.hycom.org/thredds/ncss/GLBv0.08/expt_93.0/uv3z?var=water_u&var=water_v&north=15.858257751355044&south=15.696257751355045&west=-88.37080389605298&east=-88.20880389605297&time_start=2018-02-18T00%3A00%3A00Z&time_end=2018-02-21T23%3A59%3A59Z&vertCoord=0&accept=netcdf&disableProjSubset=on,ok,d984472aba5c21640ae0e1a38d332338c695347d798ed14595aba9f4d1efecf7,4232,2026-09-26T08:34:31.180390+00:00
patch:21-2-18_16PCC_3,wind,data/external/metocean/wind_524f470aa5e5d36e0c805586.json,https://archive-api.open-meteo.com/v1/archive?latitude=15.800674237682772&longitude=-88.2421549395026&start_date=2018-02-18&end_date=2018-02-21&timezone=UTC&hourly=wind_speed_10m%2Cwind_direction_10m&models=era5&wind_speed_unit=ms&cell_selection=nearest,ok,fb3b7a17a1554bfe669924060c4b4356d1f623bb8112f863e92822aac88a5cae,2936,2026-09-26T08:34:30.095035+00:00
patch:21-2-18_16PCC_3,wave,data/external/metocean/wave_58ecb1d455f638cb75f809d1.json,https://marine-api.open-meteo.com/v1/marine?latitude=15.800674237682772&longitude=-88.2421549395026&start_date=2018-02-18&end_date=2018-02-21&timezone=UTC&hourly=wave_height%2Cwave_direction%2Cwave_period&models=era5_ocean&cell_selection=sea,ok,f6f262f9edacf88e9e758eaf5df849ba91f6db17f152eff3660d1a05eb278aa4,3396,2026-09-26T08:34:30.094945+00:00
patch:21-2-18_16PCC_3,current,data/external/metocean/current_34f96a8a19aafb67fe45a618.nc,https://ncss.hycom.org/thredds/ncss/GLBv0.08/expt_93.0/uv3z?var=water_u&var=water_v&north=15.881674237682772&south=15.719674237682772&west=-88.3231549395026&east=-88.1611549395026&time_start=2018-02-18T00%3A00%3A00Z&time_end=2018-02-21T23%3A59%3A59Z&vertCoord=0&accept=netcdf&disableProjSubset=on,ok,3cfa0341e0a08c698d75a8720cbd2a5a45d9086353909ed6327538e9d6990dc1,4624,2026-09-26T08:34:31.021924+00:00
patch:21-2-18_16PCC_4,wind,data/external/metocean/wind_beb0fca2094415038c904acb.json,https://archive-api.open-meteo.com/v1/archive?latitude=15.731258776868303&longitude=-88.24173269943543&start_date=2018-02-18&end_date=2018-02-21&timezone=UTC&hourly=wind_speed_10m%2Cwind_direction_10m&models=era5&wind_speed_unit=ms&cell_selection=nearest,ok,65059f19fb870839d18fd06661439275993de50b468ae9758a44dd089932625c,2935,2026-09-26T08:34:30.805247+00:00
patch:21-2-18_16PCC_4,wave,data/external/metocean/wave_78c172b619dbc3ff2617b6db.json,https://marine-api.open-meteo.com/v1/marine?latitude=15.731258776868303&longitude=-88.24173269943543&start_date=2018-02-18&end_date=2018-02-21&timezone=UTC&hourly=wave_height%2Cwave_direction%2Cwave_period&models=era5_ocean&cell_selection=sea,ok,8e49f1513493a94c9194df907d58e2c9f51f0c3c8bbf80f266b1991b43e697c3,3396,2026-09-26T08:34:31.184766+00:00
patch:21-2-18_16PCC_4,current,data/external/metocean/current_02bf16315ce8a9abc1af49cf.nc,https://ncss.hycom.org/thredds/ncss/GLBv0.08/expt_93.0/uv3z?var=water_u&var=water_v&north=15.812258776868303&south=15.650258776868304&west=-88.32273269943543&east=-88.16073269943543&time_start=2018-02-18T00%3A00%3A00Z&time_end=2018-02-21T23%3A59%3A59Z&vertCoord=0&accept=netcdf&disableProjSubset=on,ok,d06d86c2acd7f01638f917980d185c2cbc7c932d6eac0eaa0c58b52d316ea153,4232,2026-09-26T08:34:32.362587+00:00
patch:21-2-18_16PCC_5,wind,data/external/metocean/wind_ceb1e9e33d19e7c024046a64.json,https://archive-api.open-meteo.com/v1/archive?latitude=15.800809536687597&longitude=-88.21825690841318&start_date=2018-02-18&end_date=2018-02-21&timezone=UTC&hourly=wind_speed_10m%2Cwind_direction_10m&models=era5&wind_speed_unit=ms&cell_selection=nearest,ok,f64e9e2896ac721bf36013e14e3cad6d4777d22db6860f0ba817ea7c651081eb,2935,2026-09-26T08:34:31.271211+00:00
patch:21-2-18_16PCC_5,wave,data/external/metocean/wave_eedab7b64ecab5f333116d43.json,https://marine-api.open-meteo.com/v1/marine?latitude=15.800809536687597&longitude=-88.21825690841318&start_date=2018-02-18&end_date=2018-02-21&timezone=UTC&hourly=wave_height%2Cwave_direction%2Cwave_period&models=era5_ocean&cell_selection=sea,ok,c98a75c7913d1a57acd73b56d073a2d22812df1474daa807b682a26bcb508bdc,3393,2026-09-26T08:34:31.443044+00:00
patch:21-2-18_16PCC_5,current,data/external/metocean/current_4397897c74300c29a69e9430.nc,https://ncss.hycom.org/thredds/ncss/GLBv0.08/expt_93.0/uv3z?var=water_u&var=water_v&north=15.881809536687596&south=15.719809536687597&west=-88.29925690841318&east=-88.13725690841318&time_start=2018-02-18T00%3A00%3A00Z&time_end=2018-02-21T23%3A59%3A59Z&vertCoord=0&accept=netcdf&disableProjSubset=on,ok,4adde2996f0549ab103125be68dd447dddba8a3c4e6f2adbb988ab27395b1d2c,4624,2026-09-26T08:34:31.749384+00:00
patch:21-2-18_16PCC_6,wind,data/external/metocean/wind_bdc6ddaa2cdcebbb0b36fc10.json,https://archive-api.open-meteo.com/v1/archive?latitude=15.893497100237688&longitude=-88.19490312765373&start_date=2018-02-18&end_date=2018-02-21&timezone=UTC&hourly=wind_speed_10m%2Cwind_direction_10m&models=era5&wind_speed_unit=ms&cell_selection=nearest,ok,ac08fb400361782357354571a43cb323e2505bc7e774c09c011ac9212eb8d0ad,2919,2026-09-26T08:34:31.517320+00:00
patch:21-2-18_16PCC_6,wave,data/external/metocean/wave_e56ddc43d4a9b93199d41383.json,https://marine-api.open-meteo.com/v1/marine?latitude=15.893497100237688&longitude=-88.19490312765373&start_date=2018-02-18&end_date=2018-02-21&timezone=UTC&hourly=wave_height%2Cwave_direction%2Cwave_period&models=era5_ocean&cell_selection=sea,ok,d996ee045d034f9cf887cb4aed60701cfaa9f9de57e0032dc902f728618a149a,3395,2026-09-26T08:34:31.708825+00:00
patch:21-2-18_16PCC_6,current,data/external/metocean/current_0ac634c81adf78a6faa9327d.nc,https://ncss.hycom.org/thredds/ncss/GLBv0.08/expt_93.0/uv3z?var=water_u&var=water_v&north=15.974497100237688&south=15.812497100237689&west=-88.27590312765373&east=-88.11390312765373&time_start=2018-02-18T00%3A00%3A00Z&time_end=2018-02-21T23%3A59%3A59Z&vertCoord=0&accept=netcdf&disableProjSubset=on,ok,e58c6df3b5de115ed18fc3df0d068b478db2b4ab411009d204d4bad51ca15b54,4232,2026-09-26T08:34:32.109572+00:00
patch:24-3-20_18QYF_0,wind,data/external/metocean/wind_538bd83ad281e3ea42f4f8ea.json,https://archive-api.open-meteo.com/v1/archive?latitude=18.46025947065505&longitude=-72.83210750829025&start_date=2020-03-21&end_date=2020-03-24&timezone=UTC&hourly=wind_speed_10m%2Cwind_direction_10m&models=era5&wind_speed_unit=ms&cell_selection=nearest,ok,8edc7a0111ee718ee46782dd3e9f82d70e89f26bfcedb6fb1465651dd923f18d,2974,2026-09-26T08:34:31.960088+00:00
patch:24-3-20_18QYF_0,wave,data/external/metocean/wave_f1da1ae6a437039856be0c06.json,https://marine-api.open-meteo.com/v1/marine?latitude=18.46025947065505&longitude=-72.83210750829025&start_date=2020-03-21&end_date=2020-03-24&timezone=UTC&hourly=wave_height%2Cwave_direction%2Cwave_period&models=era5_ocean&cell_selection=sea,ok,deec2f2217abba9fd02a178d856b11e91c1a194304610feb691f697d68482d52,3491,2026-09-26T08:34:32.023237+00:00
patch:24-3-20_18QYF_0,current,data/external/metocean/current_cddbd8dbb1ab183353de1f6c.nc,https://ncss.hycom.org/thredds/ncss/GLBy0.08/expt_93.0/uv3z/2020?var=water_u&var=water_v&north=18.54125947065505&south=18.37925947065505&west=-72.91310750829025&east=-72.75110750829025&time_start=2020-03-21T00%3A00%3A00Z&time_end=2020-03-24T23%3A59%3A59Z&vertCoord=0&accept=netcdf&disableProjSubset=on,ok,8897836c703a8cda187af5dde7f1236d4ae72e2b0dabf4919fb35167fe871fd3,5444,2026-09-26T08:34:36.263852+00:00
patch:24-3-20_18QYF_1,wind,data/external/metocean/wind_ceccfc61b6957bd2c36586f7.json,https://archive-api.open-meteo.com/v1/archive?latitude=18.437138283171887&longitude=-72.83239771474587&start_date=2020-03-21&end_date=2020-03-24&timezone=UTC&hourly=wind_speed_10m%2Cwind_direction_10m&models=era5&wind_speed_unit=ms&cell_selection=nearest,ok,a173b6a263e448a168ee758cc8bd64e5e7e93679578f2868e1a548ab372ec5d7,2976,2026-09-26T08:34:32.267330+00:00
patch:24-3-20_18QYF_1,wave,data/external/metocean/wave_37244efa30390c5a7d9e9245.json,https://marine-api.open-meteo.com/v1/marine?latitude=18.437138283171887&longitude=-72.83239771474587&start_date=2020-03-21&end_date=2020-03-24&timezone=UTC&hourly=wave_height%2Cwave_direction%2Cwave_period&models=era5_ocean&cell_selection=sea,ok,f365e4506434d1aabda77d337dcbc28b049859cc4606204ff2aed062e875cde8,3493,2026-09-26T08:34:32.366374+00:00
patch:24-3-20_18QYF_1,current,data/external/metocean/current_eb8a5c47158a3bde58f1bd23.nc,https://ncss.hycom.org/thredds/ncss/GLBy0.08/expt_93.0/uv3z/2020?var=water_u&var=water_v&north=18.518138283171886&south=18.356138283171887&west=-72.91339771474587&east=-72.75139771474586&time_start=2020-03-21T00%3A00%3A00Z&time_end=2020-03-24T23%3A59%3A59Z&vertCoord=0&accept=netcdf&disableProjSubset=on,ok,507751df96074bb0bc8098ceaf4a5111015dfa1f3d534919b4d0c733d23a50d8,5052,2026-09-26T08:34:36.416046+00:00
patch:29-12-20_18QYF_1,wind,data/external/metocean/wind_9e8f29a77baec516da07dfc5.json,https://archive-api.open-meteo.com/v1/archive?latitude=18.766594066248825&longitude=-72.60520457815365&start_date=2020-12-26&end_date=2020-12-29&timezone=UTC&hourly=wind_speed_10m%2Cwind_direction_10m&models=era5&wind_speed_unit=ms&cell_selection=nearest,ok,693f635d25b3a6212c6595707a2b38e89975d35c869016d4654e7e1195ba5330,2952,2026-09-26T08:34:32.606238+00:00
patch:29-12-20_18QYF_1,wave,data/external/metocean/wave_d96f9c5befb354e07e20012d.json,https://marine-api.open-meteo.com/v1/marine?latitude=18.766594066248825&longitude=-72.60520457815365&start_date=2020-12-26&end_date=2020-12-29&timezone=UTC&hourly=wave_height%2Cwave_direction%2Cwave_period&models=era5_ocean&cell_selection=sea,ok,715e1efad5412d3a9b2091dd0647b626233ef919e7f5b31358e8cafa514c8bdf,3465,2026-09-26T08:34:32.628616+00:00
patch:29-12-20_18QYF_1,current,data/external/metocean/current_f28f3a5e12109e50e56b6f95.nc,https://ncss.hycom.org/thredds/ncss/GLBy0.08/expt_93.0/uv3z/2020?var=water_u&var=water_v&north=18.847594066248824&south=18.685594066248825&west=-72.68620457815365&east=-72.52420457815364&time_start=2020-12-26T00%3A00%3A00Z&time_end=2020-12-29T23%3A59%3A59Z&vertCoord=0&accept=netcdf&disableProjSubset=on,ok,14672eecc089b5fced3b69f84cefff92c73cacf524c4986193de9abba9d21257,5052,2026-09-26T08:34:38.314052+00:00
patch:29-12-20_18QYF_11,wind,data/external/metocean/wind_657a95e4d7f0dc1799a9097c.json,https://archive-api.open-meteo.com/v1/archive?latitude=18.695979327773863&longitude=-72.50915308953483&start_date=2020-12-26&end_date=2020-12-29&timezone=UTC&hourly=wind_speed_10m%2Cwind_direction_10m&models=era5&wind_speed_unit=ms&cell_selection=nearest,ok,5e47c4737a73b3535820bf5e774b87566d79d4c45b9efc31cc7763eaa2ef23fd,2954,2026-09-26T08:34:32.877719+00:00
patch:29-12-20_18QYF_11,wave,data/external/metocean/wave_d69976aaba5afccebd9f2da1.json,https://marine-api.open-meteo.com/v1/marine?latitude=18.695979327773863&longitude=-72.50915308953483&start_date=2020-12-26&end_date=2020-12-29&timezone=UTC&hourly=wave_height%2Cwave_direction%2Cwave_period&models=era5_ocean&cell_selection=sea,ok,650d780ff5c70d465783484a97aeb1488da9a114e44f3938a79aa30d00a6d726,3467,2026-09-26T08:34:33.144087+00:00
patch:29-12-20_18QYF_11,current,data/external/metocean/current_98046dec465328a964a0e21e.nc,https://ncss.hycom.org/thredds/ncss/GLBy0.08/expt_93.0/uv3z/2020?var=water_u&var=water_v&north=18.776979327773862&south=18.614979327773863&west=-72.59015308953484&east=-72.42815308953483&time_start=2020-12-26T00%3A00%3A00Z&time_end=2020-12-29T23%3A59%3A59Z&vertCoord=0&accept=netcdf&disableProjSubset=on,ok,7f25c877e28369f096be89f6f61a43451c5461cd7cb3ccfd91ce0c84c468be2e,5052,2026-09-26T08:34:38.319684+00:00
patch:29-12-20_18QYF_12,wind,data/external/metocean/wind_80fd99bd783ba56639b7da4c.json,https://archive-api.open-meteo.com/v1/archive?latitude=18.695655438319516&longitude=-72.4848970900629&start_date=2020-12-26&end_date=2020-12-29&timezone=UTC&hourly=wind_speed_10m%2Cwind_direction_10m&models=era5&wind_speed_unit=ms&cell_selection=nearest,ok,1aa951da1801808d21fa649100660b8e23e8d946ccf8dfed3195f0ae02d1cb8a,2953,2026-09-26T08:34:36.505999+00:00
patch:29-12-20_18QYF_12,wave,data/external/metocean/wave_68a0ac293a9039e6d8591e80.json,https://marine-api.open-meteo.com/v1/marine?latitude=18.695655438319516&longitude=-72.4848970900629&start_date=2020-12-26&end_date=2020-12-29&timezone=UTC&hourly=wave_height%2Cwave_direction%2Cwave_period&models=era5_ocean&cell_selection=sea,ok,37500b47fed83261c9926395d05acd4e28f9c22b67b2688ba1405cc594e18d85,3466,2026-09-26T08:34:36.668505+00:00
patch:29-12-20_18QYF_12,current,data/external/metocean/current_184abc91fea246472d7636bf.nc,https://ncss.hycom.org/thredds/ncss/GLBy0.08/expt_93.0/uv3z/2020?var=water_u&var=water_v&north=18.776655438319516&south=18.614655438319517&west=-72.5658970900629&east=-72.4038970900629&time_start=2020-12-26T00%3A00%3A00Z&time_end=2020-12-29T23%3A59%3A59Z&vertCoord=0&accept=netcdf&disableProjSubset=on,ok,dfdfca28ec1ea0c40289d408bb37e12805258a4d602d1b76ba8098424a894aa8,5052,2026-09-26T08:34:38.319814+00:00
patch:29-12-20_18QYF_3,wind,data/external/metocean/wind_f9e7906aaed2e61af23c0d23.json,https://archive-api.open-meteo.com/v1/archive?latitude=18.76628146605853&longitude=-72.58093674612539&start_date=2020-12-26&end_date=2020-12-29&timezone=UTC&hourly=wind_speed_10m%2Cwind_direction_10m&models=era5&wind_speed_unit=ms&cell_selection=nearest,ok,814a54b4d263f06721b0eb24a58f5d8c7c5174c0145cddabb45c9912fbe7c0f0,2953,2026-09-26T08:34:36.913679+00:00
patch:29-12-20_18QYF_3,wave,data/external/metocean/wave_36b23bebd3a8fd810d16902e.json,https://marine-api.open-meteo.com/v1/marine?latitude=18.76628146605853&longitude=-72.58093674612539&start_date=2020-12-26&end_date=2020-12-29&timezone=UTC&hourly=wave_height%2Cwave_direction%2Cwave_period&models=era5_ocean&cell_selection=sea,ok,9e8e93e93910047363a76ed71430a61a5f2231bc8f69f32984ef5cebe2580087,3467,2026-09-26T08:34:37.176590+00:00
patch:29-12-20_18QYF_3,current,data/external/metocean/current_0e7ca6174918db1668bcdf53.nc,https://ncss.hycom.org/thredds/ncss/GLBy0.08/expt_93.0/uv3z/2020?var=water_u&var=water_v&north=18.84728146605853&south=18.68528146605853&west=-72.66193674612539&east=-72.49993674612539&time_start=2020-12-26T00%3A00%3A00Z&time_end=2020-12-29T23%3A59%3A59Z&vertCoord=0&accept=netcdf&disableProjSubset=on,ok,7e52c3ff0282192e9b36eadfb36d6266b0574245796060a8e9e2d2d5a7e54602,5052,2026-09-26T08:34:39.742481+00:00
patch:29-12-20_18QYF_7,wind,data/external/metocean/wind_5be3a175ee0ce79cabeed337.json,https://archive-api.open-meteo.com/v1/archive?latitude=18.742531312367745&longitude=-72.53273870638654&start_date=2020-12-26&end_date=2020-12-29&timezone=UTC&hourly=wind_speed_10m%2Cwind_direction_10m&models=era5&wind_speed_unit=ms&cell_selection=nearest,ok,68301c7a3b448f5d3b3a2598643c560bb69f79519d12882a6127aa3275fae803,2953,2026-09-26T08:34:38.578077+00:00
patch:29-12-20_18QYF_7,wave,data/external/metocean/wave_dc425ee7ab72f961e5b07191.json,https://marine-api.open-meteo.com/v1/marine?latitude=18.742531312367745&longitude=-72.53273870638654&start_date=2020-12-26&end_date=2020-12-29&timezone=UTC&hourly=wave_height%2Cwave_direction%2Cwave_period&models=era5_ocean&cell_selection=sea,ok,a79d770a1de2e30aeb09757544f8cf6531b97af25349d5483ee8fb87e98cbaef,3467,2026-09-26T08:34:38.594143+00:00
patch:29-12-20_18QYF_7,current,data/external/metocean/current_abfbc84084c15faa1cb82cad.nc,https://ncss.hycom.org/thredds/ncss/GLBy0.08/expt_93.0/uv3z/2020?var=water_u&var=water_v&north=18.823531312367745&south=18.661531312367746&west=-72.61373870638654&east=-72.45173870638654&time_start=2020-12-26T00%3A00%3A00Z&time_end=2020-12-29T23%3A59%3A59Z&vertCoord=0&accept=netcdf&disableProjSubset=on,ok,dab801e1a477124c00e732f9228cd0f66516207eb2c886c347f2cf000ac4e474,5052,2026-09-26T08:34:41.072828+00:00
patch:29-12-20_18QYF_8,wind,data/external/metocean/wind_312bdc259587155a3a1e38cf.json,https://archive-api.open-meteo.com/v1/archive?latitude=18.719415730408667&longitude=-72.53307439048226&start_date=2020-12-26&end_date=2020-12-29&timezone=UTC&hourly=wind_speed_10m%2Cwind_direction_10m&models=era5&wind_speed_unit=ms&cell_selection=nearest,ok,335c2100a81bb81a68c9c633dac113ac6223b1ac256f50f3dfe3b85523c39fef,2953,2026-09-26T08:34:38.826259+00:00
patch:29-12-20_18QYF_8,wave,data/external/metocean/wave_1c799da0bf1618103f2d5b90.json,https://marine-api.open-meteo.com/v1/marine?latitude=18.719415730408667&longitude=-72.53307439048226&start_date=2020-12-26&end_date=2020-12-29&timezone=UTC&hourly=wave_height%2Cwave_direction%2Cwave_period&models=era5_ocean&cell_selection=sea,ok,dc6d1b4fe3c162a59462436e5091605f660eb6477553d5786dabc76ac94da539,3467,2026-09-26T08:34:38.866800+00:00
patch:29-12-20_18QYF_8,current,data/external/metocean/current_6902bebfe5eaa8c7e23f1119.nc,https://ncss.hycom.org/thredds/ncss/GLBy0.08/expt_93.0/uv3z/2020?var=water_u&var=water_v&north=18.800415730408666&south=18.638415730408667&west=-72.61407439048226&east=-72.45207439048225&time_start=2020-12-26T00%3A00%3A00Z&time_end=2020-12-29T23%3A59%3A59Z&vertCoord=0&accept=netcdf&disableProjSubset=on,ok,367b362b5c135d0776347d3874ac2d56eb9f834f2675a1f8b310276d46542a50,5052,2026-09-26T08:34:41.072641+00:00
patch:7-3-20_18QYG_1,wind,data/external/metocean/wind_5e6aa0143661183801d62263.json,https://archive-api.open-meteo.com/v1/archive?latitude=19.240006776524385&longitude=-72.88235839055771&start_date=2020-03-04&end_date=2020-03-07&timezone=UTC&hourly=wind_speed_10m%2Cwind_direction_10m&models=era5&wind_speed_unit=ms&cell_selection=nearest,ok,0f01b2a9a9e9f2185556f7157ae9e2456d30492125f5c662331c2abc7406ab6c,2966,2026-09-26T08:34:39.158052+00:00
patch:7-3-20_18QYG_1,wave,data/external/metocean/wave_93d6fe4c5f02ddc4e1ef7831.json,https://marine-api.open-meteo.com/v1/marine?latitude=19.240006776524385&longitude=-72.88235839055771&start_date=2020-03-04&end_date=2020-03-07&timezone=UTC&hourly=wave_height%2Cwave_direction%2Cwave_period&models=era5_ocean&cell_selection=sea,ok,139b053433bdaa6ec651402bf05f089f826d99696ab847d75380db80ca6536cf,3460,2026-09-26T08:34:39.415510+00:00
patch:7-3-20_18QYG_1,current,data/external/metocean/current_3e3e42ac342c1e3db35347bc.nc,https://ncss.hycom.org/thredds/ncss/GLBy0.08/expt_93.0/uv3z/2020?var=water_u&var=water_v&north=19.321006776524385&south=19.159006776524386&west=-72.96335839055772&east=-72.80135839055771&time_start=2020-03-04T00%3A00%3A00Z&time_end=2020-03-07T23%3A59%3A59Z&vertCoord=0&accept=netcdf&disableProjSubset=on,ok,92d7bc7f3d3358dff728130f138acbac6401108e38140bb9b535c10820744b09,5052,2026-09-26T08:34:47.823432+00:00
patch:7-3-20_18QYG_10,wind,data/external/metocean/wind_92dad4d864606e7e8c3f2610.json,https://archive-api.open-meteo.com/v1/archive?latitude=19.285090929224975&longitude=-72.78437463723095&start_date=2020-03-04&end_date=2020-03-07&timezone=UTC&hourly=wind_speed_10m%2Cwind_direction_10m&models=era5&wind_speed_unit=ms&cell_selection=nearest,ok,cdd47fd7d87630dd40a00fb5d214fcda105f767698be9e007150cac808e46de8,2965,2026-09-26T08:34:40.001304+00:00
patch:7-3-20_18QYG_10,wave,data/external/metocean/wave_624fd923d5c4e7a3ddc21360.json,https://marine-api.open-meteo.com/v1/marine?latitude=19.285090929224975&longitude=-72.78437463723095&start_date=2020-03-04&end_date=2020-03-07&timezone=UTC&hourly=wave_height%2Cwave_direction%2Cwave_period&models=era5_ocean&cell_selection=sea,ok,d6983e3ff5ba57d8c671d11989835c2898434847598a6815c1f4167b210ce2b3,3453,2026-09-26T08:34:40.265404+00:00
patch:7-3-20_18QYG_10,current,data/external/metocean/current_ec4fed1b5a0b2b9d1660227a.nc,https://ncss.hycom.org/thredds/ncss/GLBy0.08/expt_93.0/uv3z/2020?var=water_u&var=water_v&north=19.366090929224974&south=19.204090929224975&west=-72.86537463723096&east=-72.70337463723095&time_start=2020-03-04T00%3A00%3A00Z&time_end=2020-03-07T23%3A59%3A59Z&vertCoord=0&accept=netcdf&disableProjSubset=on,ok,e723fe8822226e265b6f6e7a4e774c8871f3c61aedb600500d1a76abf34af9c8,5052,2026-09-26T08:34:47.855620+00:00
patch:7-3-20_18QYG_11,wind,data/external/metocean/wind_f2b120523bc27f3e687eebe0.json,https://archive-api.open-meteo.com/v1/archive?latitude=19.23885406175476&longitude=-72.78499594355016&start_date=2020-03-04&end_date=2020-03-07&timezone=UTC&hourly=wind_speed_10m%2Cwind_direction_10m&models=era5&wind_speed_unit=ms&cell_selection=nearest,ok,92ba5e6c28a678f82c07b31a3f71e7cac638c8b97321e0b89e2e26276e5f7963,2965,2026-09-26T08:34:41.330316+00:00
patch:7-3-20_18QYG_11,wave,data/external/metocean/wave_0db6d6d449f5497f5519ca09.json,https://marine-api.open-meteo.com/v1/marine?latitude=19.23885406175476&longitude=-72.78499594355016&start_date=2020-03-04&end_date=2020-03-07&timezone=UTC&hourly=wave_height%2Cwave_direction%2Cwave_period&models=era5_ocean&cell_selection=sea,ok,984b9b4ed3dbc44faf0d8cd36af2dc53a604f2761999ebeb9158b58df30122af,3462,2026-09-26T08:34:41.345172+00:00
patch:7-3-20_18QYG_11,current,data/external/metocean/current_84933c224b00348ae5f2feb9.nc,https://ncss.hycom.org/thredds/ncss/GLBy0.08/expt_93.0/uv3z/2020?var=water_u&var=water_v&north=19.31985406175476&south=19.15785406175476&west=-72.86599594355016&east=-72.70399594355015&time_start=2020-03-04T00%3A00%3A00Z&time_end=2020-03-07T23%3A59%3A59Z&vertCoord=0&accept=netcdf&disableProjSubset=on,ok,9c2eb1693a43e58efa41d803207827f77d73e4b1d029ad7ede516fd4c665cac9,5052,2026-09-26T08:34:47.823913+00:00
patch:7-3-20_18QYG_12,wind,data/external/metocean/wind_a8e3e143ebe3289eebb050dd.json,https://archive-api.open-meteo.com/v1/archive?latitude=19.192616941726538&longitude=-72.78561546790503&start_date=2020-03-04&end_date=2020-03-07&timezone=UTC&hourly=wind_speed_10m%2Cwind_direction_10m&models=era5&wind_speed_unit=ms&cell_selection=nearest,ok,277342a019a53afef9bfe52be0e57eeee480c1c9f7987b4cd8335f8847f93e7d,2965,2026-09-26T08:34:41.598649+00:00
patch:7-3-20_18QYG_12,wave,data/external/metocean/wave_5605ece6ba8841e412c98271.json,https://marine-api.open-meteo.com/v1/marine?latitude=19.192616941726538&longitude=-72.78561546790503&start_date=2020-03-04&end_date=2020-03-07&timezone=UTC&hourly=wave_height%2Cwave_direction%2Cwave_period&models=era5_ocean&cell_selection=sea,ok,24f4d759e0290a1393489cf211a5465cd95044596279d18583e010d8418c8687,3462,2026-09-26T08:34:41.874287+00:00
patch:7-3-20_18QYG_12,current,data/external/metocean/current_377e0ab4d6c311f88405787a.nc,https://ncss.hycom.org/thredds/ncss/GLBy0.08/expt_93.0/uv3z/2020?var=water_u&var=water_v&north=19.273616941726537&south=19.11161694172654&west=-72.86661546790504&east=-72.70461546790503&time_start=2020-03-04T00%3A00%3A00Z&time_end=2020-03-07T23%3A59%3A59Z&vertCoord=0&accept=netcdf&disableProjSubset=on,ok,d8eaee91eac80cde6ebcf22b4e9a3f0ae84eacc9a09ec96f31e72c6180b461b9,5052,2026-09-26T08:34:47.824182+00:00
patch:7-3-20_18QYG_7,wind,data/external/metocean/wind_798faf083f77f9e81ee0504a.json,https://archive-api.open-meteo.com/v1/archive?latitude=19.239147088754994&longitude=-72.80933589927372&start_date=2020-03-04&end_date=2020-03-07&timezone=UTC&hourly=wind_speed_10m%2Cwind_direction_10m&models=era5&wind_speed_unit=ms&cell_selection=nearest,ok,31cd7cc78a85e701d5ce81a51944f5083a1fe5ad61fc5ce3cd649b186e0aa1ff,2964,2026-09-26T08:34:48.072805+00:00
patch:7-3-20_18QYG_7,wave,data/external/metocean/wave_20ada79c211794bd15debb24.json,https://marine-api.open-meteo.com/v1/marine?latitude=19.239147088754994&longitude=-72.80933589927372&start_date=2020-03-04&end_date=2020-03-07&timezone=UTC&hourly=wave_height%2Cwave_direction%2Cwave_period&models=era5_ocean&cell_selection=sea,ok,3b3fbf692e1f69a98f0df9db1e6f2f94553ffa5f5f7869dca8175b57ae25d153,3462,2026-09-26T08:34:48.098711+00:00
patch:7-3-20_18QYG_7,current,data/external/metocean/current_8cd1736056555438815a5918.nc,https://ncss.hycom.org/thredds/ncss/GLBy0.08/expt_93.0/uv3z/2020?var=water_u&var=water_v&north=19.320147088754993&south=19.158147088754994&west=-72.89033589927372&east=-72.72833589927372&time_start=2020-03-04T00%3A00%3A00Z&time_end=2020-03-07T23%3A59%3A59Z&vertCoord=0&accept=netcdf&disableProjSubset=on,ok,833a73552366f378ec6cd3e8087e7eb5279010693ddc43012947b478e11b8d2b,5052,2026-09-26T08:34:48.398476+00:00
patch:7-3-20_18QYG_8,wind,data/external/metocean/wind_1942809ff5bf446d85f11373.json,https://archive-api.open-meteo.com/v1/archive?latitude=19.216028181266378&longitude=-72.80964248440964&start_date=2020-03-04&end_date=2020-03-07&timezone=UTC&hourly=wind_speed_10m%2Cwind_direction_10m&models=era5&wind_speed_unit=ms&cell_selection=nearest,ok,44727ff370d4745df1f720928a6069fe894e39372d395697fb6f098dc03206ec,2965,2026-09-26T08:34:48.095449+00:00
patch:7-3-20_18QYG_8,wave,data/external/metocean/wave_3942b7772ca595365ecba49b.json,https://marine-api.open-meteo.com/v1/marine?latitude=19.216028181266378&longitude=-72.80964248440964&start_date=2020-03-04&end_date=2020-03-07&timezone=UTC&hourly=wave_height%2Cwave_direction%2Cwave_period&models=era5_ocean&cell_selection=sea,ok,5d7641a78cb8a70d26b1d8eb88505bf5e0144755a87664ea4f51a073152be62f,3461,2026-09-26T08:34:48.342017+00:00
patch:7-3-20_18QYG_8,current,data/external/metocean/current_554e03ce801e1840c84d9436.nc,https://ncss.hycom.org/thredds/ncss/GLBy0.08/expt_93.0/uv3z/2020?var=water_u&var=water_v&north=19.297028181266377&south=19.135028181266378&west=-72.89064248440964&east=-72.72864248440963&time_start=2020-03-04T00%3A00%3A00Z&time_end=2020-03-07T23%3A59%3A59Z&vertCoord=0&accept=netcdf&disableProjSubset=on,ok,1d35fb90dfd40c76f72cf0845bebae140541924c8c51155a4e31206386f3ed43,5052,2026-09-26T08:35:02.501350+00:00
patch:4-9-19_16PCC_32,wind,data/external/metocean/wind_c4b9a3803af7fa0082c0bea9.json,https://archive-api.open-meteo.com/v1/archive?latitude=15.863666741330189&longitude=-87.93846972528395&start_date=2019-09-01&end_date=2019-09-04&timezone=UTC&hourly=wind_speed_10m%2Cwind_direction_10m&models=era5&wind_speed_unit=ms&cell_selection=nearest,ok,760df7183977fb4c4e1c48975de51cb0f0a4a6a275368fdb369aca4ab6f32ac0,2952,2026-09-26T08:34:48.349828+00:00
patch:4-9-19_16PCC_32,wave,data/external/metocean/wave_46199f5fdea5fa253113233b.json,https://marine-api.open-meteo.com/v1/marine?latitude=15.863666741330189&longitude=-87.93846972528395&start_date=2019-09-01&end_date=2019-09-04&timezone=UTC&hourly=wave_height%2Cwave_direction%2Cwave_period&models=era5_ocean&cell_selection=sea,ok,f03f52245291732fb2d740923851f7fe89eff224e9204b974c84f3043ee204fc,3396,2026-09-26T08:34:48.608298+00:00
patch:4-9-19_16PCC_32,current,data/external/metocean/current_4e63ecd6a5ee66c878f8707a.nc,https://ncss.hycom.org/thredds/ncss/GLBy0.08/expt_93.0/uv3z/2019?var=water_u&var=water_v&north=15.944666741330188&south=15.782666741330189&west=-88.01946972528395&east=-87.85746972528395&time_start=2019-09-01T00%3A00%3A00Z&time_end=2019-09-04T23%3A59%3A59Z&vertCoord=0&accept=netcdf&disableProjSubset=on,ok,b1f1f1f16e7e141bdc6862849e76c55b3ca0bf571dbdf6fc061df3b2e6292869,5052,2026-09-26T08:34:48.906529+00:00
S3:HE419_MarLitter_transect01,wind,data/external/metocean/wind_20e527b76d53874af3a9d8be.json,https://archive-api.open-meteo.com/v1/archive?latitude=54.084&longitude=7.659&start_date=2014-03-31&end_date=2014-04-03&timezone=UTC&hourly=wind_speed_10m%2Cwind_direction_10m&models=era5&wind_speed_unit=ms&cell_selection=nearest,ok,a0fd95ab76444ec71bfd6d4a37df00807769ba8397f0e94a01e19544acc8de37,2911,2026-09-26T08:34:48.665710+00:00
S3:HE419_MarLitter_transect01,wave,data/external/metocean/wave_d4adaa92962f51dc6000b3aa.json,https://marine-api.open-meteo.com/v1/marine?latitude=54.084&longitude=7.659&start_date=2014-03-31&end_date=2014-04-03&timezone=UTC&hourly=wave_height%2Cwave_direction%2Cwave_period&models=era5_ocean&cell_selection=sea,ok,26327b64b3c018bdb5b517ef8f5b23c30af29e06b5ad2cc389e7959f97539311,3385,2026-09-26T08:34:48.888421+00:00
S3:HE419_MarLitter_transect01,current,data/external/metocean/current_4674e342018443d070fafaa7.nc,https://ncss.hycom.org/thredds/ncss/GLBv0.08/expt_53.X/data/2014?var=water_u&var=water_v&north=54.165000000000006&south=54.003&west=7.577999999999999&east=7.74&time_start=2014-03-31T00%3A00%3A00Z&time_end=2014-04-03T23%3A59%3A59Z&vertCoord=0&accept=netcdf&disableProjSubset=on,ok,72c418dfece054ab924ac215777126cdf77e0ed0b9588de1736b2d97aa472fbe,5028,2026-09-26T08:34:57.452951+00:00
S3:HE419_MarLitter_transect02,wind,data/external/metocean/wind_4edc933747d19290cb1969c4.json,https://archive-api.open-meteo.com/v1/archive?latitude=54.897&longitude=6.887&start_date=2014-04-02&end_date=2014-04-05&timezone=UTC&hourly=wind_speed_10m%2Cwind_direction_10m&models=era5&wind_speed_unit=ms&cell_selection=nearest,ok,0a2b3565124e1194f6de62d3612ce586941231e01b87c44959fdb87bc4dd91c2,2968,2026-09-26T08:34:49.141143+00:00
S3:HE419_MarLitter_transect02,wave,data/external/metocean/wave_5157d1843a17e4d9d1ad2a84.json,https://marine-api.open-meteo.com/v1/marine?latitude=54.897&longitude=6.887&start_date=2014-04-02&end_date=2014-04-05&timezone=UTC&hourly=wave_height%2Cwave_direction%2Cwave_period&models=era5_ocean&cell_selection=sea,ok,12c49ad9208b6b4dfc952e1edf44754ad5272c12aafdcb6d5edd54dc5592e0e3,3438,2026-09-26T08:34:49.164346+00:00
S3:HE419_MarLitter_transect02,current,data/external/metocean/current_245cf84eb67d865129f0cb9d.nc,https://ncss.hycom.org/thredds/ncss/GLBv0.08/expt_53.X/data/2014?var=water_u&var=water_v&north=54.978&south=54.815999999999995&west=6.805999999999999&east=6.968&time_start=2014-04-02T00%3A00%3A00Z&time_end=2014-04-05T23%3A59%3A59Z&vertCoord=0&accept=netcdf&disableProjSubset=on,ok,907ece3b108b259a1de0e678fedaabb10fdc03a1404ac40427c37244dd302c30,4964,2026-09-26T08:34:57.976475+00:00
S3:HE419_MarLitter_transect04,wind,data/external/metocean/wind_ceb1e9919e02809d0abe57a6.json,https://archive-api.open-meteo.com/v1/archive?latitude=54.621&longitude=5.481&start_date=2014-04-03&end_date=2014-04-06&timezone=UTC&hourly=wind_speed_10m%2Cwind_direction_10m&models=era5&wind_speed_unit=ms&cell_selection=nearest,ok,cb7e496b454fd8bf237375bd3f2320d6bfb31c2becb91cb569f8bb6425c3a62d,2970,2026-09-26T08:34:49.413095+00:00
S3:HE419_MarLitter_transect04,wave,data/external/metocean/wave_177e19503ab7fcec4857937c.json,https://marine-api.open-meteo.com/v1/marine?latitude=54.621&longitude=5.481&start_date=2014-04-03&end_date=2014-04-06&timezone=UTC&hourly=wave_height%2Cwave_direction%2Cwave_period&models=era5_ocean&cell_selection=sea,ok,562f607637e61b676b2c8ae6373a36c8b7e8291f945a66270bd4070a689cb6df,3429,2026-09-26T08:34:49.673870+00:00
S3:HE419_MarLitter_transect04,current,data/external/metocean/current_804329896e5dc379b1c214e6.nc,https://ncss.hycom.org/thredds/ncss/GLBv0.08/expt_53.X/data/2014?var=water_u&var=water_v&north=54.702000000000005&south=54.54&west=5.3999999999999995&east=5.562&time_start=2014-04-03T00%3A00%3A00Z&time_end=2014-04-06T23%3A59%3A59Z&vertCoord=0&accept=netcdf&disableProjSubset=on,ok,da55a96adae5d9281aeec0b818705c152ca3103748c23d5ce96cdf2ee41f1450,6092,2026-09-26T08:35:01.586237+00:00
S3:HE419_MarLitter_transect03,wind,data/external/metocean/wind_045ee129b12a657420fe5f2b.json,https://archive-api.open-meteo.com/v1/archive?latitude=54.611&longitude=5.524&start_date=2014-04-03&end_date=2014-04-06&timezone=UTC&hourly=wind_speed_10m%2Cwind_direction_10m&models=era5&wind_speed_unit=ms&cell_selection=nearest,ok,cce11cf9f357fe47ab25e914c8ae67d9abda4491940cef76e6b54d79a307788f,2971,2026-09-26T08:34:57.693868+00:00
S3:HE419_MarLitter_transect03,wave,data/external/metocean/wave_d04795ba38d83b19f3f806cc.json,https://marine-api.open-meteo.com/v1/marine?latitude=54.611&longitude=5.524&start_date=2014-04-03&end_date=2014-04-06&timezone=UTC&hourly=wave_height%2Cwave_direction%2Cwave_period&models=era5_ocean&cell_selection=sea,ok,3308be8f522c2082dbf7ce132c7b190752adc2e1c401ac9befc7bcc568455a98,3430,2026-09-26T08:34:57.954061+00:00
S3:HE419_MarLitter_transect03,current,data/external/metocean/current_1951ecd9b3698b043aaeb4ed.nc,https://ncss.hycom.org/thredds/ncss/GLBv0.08/expt_53.X/data/2014?var=water_u&var=water_v&north=54.692&south=54.529999999999994&west=5.443&east=5.605&time_start=2014-04-03T00%3A00%3A00Z&time_end=2014-04-06T23%3A59%3A59Z&vertCoord=0&accept=netcdf&disableProjSubset=on,ok,e1edef195a9ac313888163dd8650f84eccb4d3bf9b9e7ee7f0024963dd46effc,4964,2026-09-26T08:35:06.764625+00:00
S3:HE419_MarLitter_transect05,wind,data/external/metocean/wind_be60d530da53c170aac80c39.json,https://archive-api.open-meteo.com/v1/archive?latitude=54.756&longitude=5.625&start_date=2014-04-03&end_date=2014-04-06&timezone=UTC&hourly=wind_speed_10m%2Cwind_direction_10m&models=era5&wind_speed_unit=ms&cell_selection=nearest,ok,11ee375f7c070be532bda69672e463da819d4f2193405674e5617ef7d653ee40,2972,2026-09-26T08:34:58.223854+00:00
S3:HE419_MarLitter_transect05,wave,data/external/metocean/wave_7731532716ec0fb3bce18bbc.json,https://marine-api.open-meteo.com/v1/marine?latitude=54.756&longitude=5.625&start_date=2014-04-03&end_date=2014-04-06&timezone=UTC&hourly=wave_height%2Cwave_direction%2Cwave_period&models=era5_ocean&cell_selection=sea,ok,706cf1a139cfd9f33c77026dd219db6b80218aa85c93866d8a9e389193feefce,3449,2026-09-26T08:34:58.479540+00:00
S3:HE419_MarLitter_transect05,current,data/external/metocean/current_ff587b6bcb601de394262f52.nc,https://ncss.hycom.org/thredds/ncss/GLBv0.08/expt_53.X/data/2014?var=water_u&var=water_v&north=54.837&south=54.675&west=5.544&east=5.706&time_start=2014-04-03T00%3A00%3A00Z&time_end=2014-04-06T23%3A59%3A59Z&vertCoord=0&accept=netcdf&disableProjSubset=on,ok,cc241a9a76051365555be079b4326ad6b8a37f99d8f72be7bc7667f7ee5294a9,4964,2026-09-26T08:35:00.776084+00:00
S3:HE419_MarLitter_transect06,wind,data/external/metocean/wind_a04254063a3fb835de9e6cbd.json,https://archive-api.open-meteo.com/v1/archive?latitude=54.913&longitude=5.829&start_date=2014-04-03&end_date=2014-04-06&timezone=UTC&hourly=wind_speed_10m%2Cwind_direction_10m&models=era5&wind_speed_unit=ms&cell_selection=nearest,ok,6fbc846e73740542426237b71b002adbca19b429c85cc8c86d4f9bcd09f19765,2983,2026-09-26T08:35:01.023440+00:00
S3:HE419_MarLitter_transect06,wave,data/external/metocean/wave_8c45a91972619e04b29d4ebd.json,https://marine-api.open-meteo.com/v1/marine?latitude=54.913&longitude=5.829&start_date=2014-04-03&end_date=2014-04-06&timezone=UTC&hourly=wave_height%2Cwave_direction%2Cwave_period&models=era5_ocean&cell_selection=sea,ok,f16ff8a6a76595b0dcf44cedadd4c5eec7de158fc5be740a6a7074ae6eb71b5b,3461,2026-09-26T08:35:01.283057+00:00
S3:HE419_MarLitter_transect06,current,data/external/metocean/current_b3d7fad7898a88bce41f64bc.nc,https://ncss.hycom.org/thredds/ncss/GLBv0.08/expt_53.X/data/2014?var=water_u&var=water_v&north=54.994&south=54.831999999999994&west=5.747999999999999&east=5.91&time_start=2014-04-03T00%3A00%3A00Z&time_end=2014-04-06T23%3A59%3A59Z&vertCoord=0&accept=netcdf&disableProjSubset=on,ok,e27aaa82ec4574ddd6ea6f6435fd214de62768a9a1aa41381b21414d935ce9b5,4964,2026-09-26T08:36:54.324963+00:00
S3:HE419_MarLitter_transect08,wind,data/external/metocean/wind_92d826c1392dad76023acf5d.json,https://archive-api.open-meteo.com/v1/archive?latitude=54.954&longitude=5.616&start_date=2014-04-03&end_date=2014-04-06&timezone=UTC&hourly=wind_speed_10m%2Cwind_direction_10m&models=era5&wind_speed_unit=ms&cell_selection=nearest,ok,e0ecd0530fc5d1df376516d354f30b329307bb4c7cb2dbd617dfcd7120dd20cc,2981,2026-09-26T08:35:01.839138+00:00
S3:HE419_MarLitter_transect08,wave,data/external/metocean/wave_9daccbc85488fae5becacda6.json,https://marine-api.open-meteo.com/v1/marine?latitude=54.954&longitude=5.616&start_date=2014-04-03&end_date=2014-04-06&timezone=UTC&hourly=wave_height%2Cwave_direction%2Cwave_period&models=era5_ocean&cell_selection=sea,ok,d30e406c906ce1c9e4e21f7c4a4a3ce93ffee7a7b62c216fa9199fbd71b388e9,3449,2026-09-26T08:35:02.090996+00:00
S3:HE419_MarLitter_transect08,current,data/external/metocean/current_8a4759cf629138a44b967693.nc,https://ncss.hycom.org/thredds/ncss/GLBv0.08/expt_53.X/data/2014?var=water_u&var=water_v&north=55.035000000000004&south=54.873&west=5.534999999999999&east=5.697&time_start=2014-04-03T00%3A00%3A00Z&time_end=2014-04-06T23%3A59%3A59Z&vertCoord=0&accept=netcdf&disableProjSubset=on,ok,e00c49debd63895ce506b4a7f07378b6f7cfa9a1e9b00ad3029ccf4ffc5698ff,4964,2026-09-26T08:35:06.739421+00:00
S3:HE419_MarLitter_transect07,wind,data/external/metocean/wind_6cafc96eecd65afe77c38df1.json,https://archive-api.open-meteo.com/v1/archive?latitude=54.993&longitude=5.823&start_date=2014-04-03&end_date=2014-04-06&timezone=UTC&hourly=wind_speed_10m%2Cwind_direction_10m&models=era5&wind_speed_unit=ms&cell_selection=nearest,ok,93668fe7d1630efcc421edc17300e4da5d62bd8317b9a62727963be09de8d152,2983,2026-09-26T08:35:02.760253+00:00
S3:HE419_MarLitter_transect07,wave,data/external/metocean/wave_87572d33b3a87ab41bf5d0e7.json,https://marine-api.open-meteo.com/v1/marine?latitude=54.993&longitude=5.823&start_date=2014-04-03&end_date=2014-04-06&timezone=UTC&hourly=wave_height%2Cwave_direction%2Cwave_period&models=era5_ocean&cell_selection=sea,ok,9d18ff6c9690661b611d95d80af9362679c6c25237232e9c9adbaeb3ae1de852,3461,2026-09-26T08:35:03.029516+00:00
S3:HE419_MarLitter_transect07,current,data/external/metocean/current_798efa4f20fc090b6adb5ed1.nc,https://ncss.hycom.org/thredds/ncss/GLBv0.08/expt_53.X/data/2014?var=water_u&var=water_v&north=55.074000000000005&south=54.912&west=5.742&east=5.904000000000001&time_start=2014-04-03T00%3A00%3A00Z&time_end=2014-04-06T23%3A59%3A59Z&vertCoord=0&accept=netcdf&disableProjSubset=on,ok,6e0ff85c40bf5a50c634117c1b6e243e068f0b0a59f1e0952332298a08c27927,4964,2026-09-26T08:36:54.329092+00:00
S3:HE419_MarLitter_transect14,wind,data/external/metocean/wind_a5f1611901a59959985b6086.json,https://archive-api.open-meteo.com/v1/archive?latitude=55.005&longitude=5.002&start_date=2014-04-04&end_date=2014-04-07&timezone=UTC&hourly=wind_speed_10m%2Cwind_direction_10m&models=era5&wind_speed_unit=ms&cell_selection=nearest,ok,fa1a4a709088d2c144c5a03afb0dbfd9562d37b7f882f17ee15a4af76f606fb7,3001,2026-09-26T08:35:06.986810+00:00
S3:HE419_MarLitter_transect14,wave,data/external/metocean/wave_34f7d2e64d6eda65f3c39b64.json,https://marine-api.open-meteo.com/v1/marine?latitude=55.005&longitude=5.002&start_date=2014-04-04&end_date=2014-04-07&timezone=UTC&hourly=wave_height%2Cwave_direction%2Cwave_period&models=era5_ocean&cell_selection=sea,ok,a8213ec31274835e13aa974a898a8ec93454b2664656dd30ac2dfefc61fa23e8,3466,2026-09-26T08:35:07.029049+00:00
S3:HE419_MarLitter_transect14,current,data/external/metocean/current_a564a2f8176be5fcb932cc3d.nc,https://ncss.hycom.org/thredds/ncss/GLBv0.08/expt_53.X/data/2014?var=water_u&var=water_v&north=55.086000000000006&south=54.924&west=4.920999999999999&east=5.083&time_start=2014-04-04T00%3A00%3A00Z&time_end=2014-04-07T23%3A59%3A59Z&vertCoord=0&accept=netcdf&disableProjSubset=on,ok,4285bf36c8703cf20b6973c248e2de3b2857561faef783c9b1bbb344aad4a7ff,4964,2026-09-26T08:35:12.778982+00:00
S3:HE419_MarLitter_transect13,wind,data/external/metocean/wind_eba78f536386e922238138f7.json,https://archive-api.open-meteo.com/v1/archive?latitude=54.971&longitude=5.131&start_date=2014-04-04&end_date=2014-04-07&timezone=UTC&hourly=wind_speed_10m%2Cwind_direction_10m&models=era5&wind_speed_unit=ms&cell_selection=nearest,ok,2470148a78bfeacb89877d72d15be067d7cdbb615fb557f091bd3f6d6fa90011,3003,2026-09-26T08:35:07.278412+00:00
S3:HE419_MarLitter_transect13,wave,data/external/metocean/wave_ac33aac6eaaebd8658d681f7.json,https://marine-api.open-meteo.com/v1/marine?latitude=54.971&longitude=5.131&start_date=2014-04-04&end_date=2014-04-07&timezone=UTC&hourly=wave_height%2Cwave_direction%2Cwave_period&models=era5_ocean&cell_selection=sea,ok,4bfb4878d17d6c7ea00d933459f25f2f3242f63a81c8c114be92de3f853135a5,3466,2026-09-26T08:35:07.589794+00:00
S3:HE419_MarLitter_transect13,current,data/external/metocean/current_9a5c2653f2337ccdab47e221.nc,https://ncss.hycom.org/thredds/ncss/GLBv0.08/expt_53.X/data/2014?var=water_u&var=water_v&north=55.052&south=54.88999999999999&west=5.05&east=5.212000000000001&time_start=2014-04-04T00%3A00%3A00Z&time_end=2014-04-07T23%3A59%3A59Z&vertCoord=0&accept=netcdf&disableProjSubset=on,ok,4df442b7ccb5a26cc4329d13f52b5d0282b7bc62bf07297d6967e4a227071a5d,4964,2026-09-26T08:36:55.170469+00:00
S3:HE419_MarLitter_transect09,wind,data/external/metocean/wind_2b78ab3668bd0ea57151025c.json,https://archive-api.open-meteo.com/v1/archive?latitude=55.019&longitude=5.413&start_date=2014-04-04&end_date=2014-04-07&timezone=UTC&hourly=wind_speed_10m%2Cwind_direction_10m&models=era5&wind_speed_unit=ms&cell_selection=nearest,ok,74d313e26274b737b43d48e004b832316897debeafae54fab06173e3c57d588f,3004,2026-09-26T08:35:13.026375+00:00
S3:HE419_MarLitter_transect09,wave,data/external/metocean/wave_94d53752390359a6ee45f7f0.json,https://marine-api.open-meteo.com/v1/marine?latitude=55.019&longitude=5.413&start_date=2014-04-04&end_date=2014-04-07&timezone=UTC&hourly=wave_height%2Cwave_direction%2Cwave_period&models=era5_ocean&cell_selection=sea,ok,9ddedd097d9e92bfe77a60535eab2b72ac2caac3f149591c030b03204a5245d6,3473,2026-09-26T08:35:13.283571+00:00
S3:HE419_MarLitter_transect09,current,data/external/metocean/current_91b6a4942d69395f14ce0bf5.nc,https://ncss.hycom.org/thredds/ncss/GLBv0.08/expt_53.X/data/2014?var=water_u&var=water_v&north=55.1&south=54.937999999999995&west=5.332&east=5.494000000000001&time_start=2014-04-04T00%3A00%3A00Z&time_end=2014-04-07T23%3A59%3A59Z&vertCoord=0&accept=netcdf&disableProjSubset=on,ok,3ce2b01f9d3e5d2a23c8ac12186a4a314f5d189f210244dbeb25a68b5ab38bb7,4964,2026-09-26T08:35:14.617286+00:00
S3:HE419_MarLitter_transect12,wind,data/external/metocean/wind_8b00ae2f24fd3727624abbf1.json,https://archive-api.open-meteo.com/v1/archive?latitude=55.053&longitude=5.283&start_date=2014-04-04&end_date=2014-04-07&timezone=UTC&hourly=wind_speed_10m%2Cwind_direction_10m&models=era5&wind_speed_unit=ms&cell_selection=nearest,ok,c43ca80bee6fa51a299ca055a68c4c36a862d19a45623b50bab74523deafd292,3004,2026-09-26T08:35:14.873525+00:00
S3:HE419_MarLitter_transect12,wave,data/external/metocean/wave_20a1a2ce73bba8d232d18091.json,https://marine-api.open-meteo.com/v1/marine?latitude=55.053&longitude=5.283&start_date=2014-04-04&end_date=2014-04-07&timezone=UTC&hourly=wave_height%2Cwave_direction%2Cwave_period&models=era5_ocean&cell_selection=sea,ok,55c8797d571adc65b4efbf884623d08fa8ca6b377ded559b8b14fd4a4171e5b5,3473,2026-09-26T08:35:15.135976+00:00
S3:HE419_MarLitter_transect12,current,data/external/metocean/current_f31d7706e2727bb080ceb698.nc,https://ncss.hycom.org/thredds/ncss/GLBv0.08/expt_53.X/data/2014?var=water_u&var=water_v&north=55.134&south=54.971999999999994&west=5.202&east=5.364000000000001&time_start=2014-04-04T00%3A00%3A00Z&time_end=2014-04-07T23%3A59%3A59Z&vertCoord=0&accept=netcdf&disableProjSubset=on,ok,05dcc69932d7c6184f6ee07a85ff3e2a3676ceb5f665a1a1f4701abbdd51aa6e,4964,2026-09-26T08:35:15.704896+00:00
S3:HE419_MarLitter_transect10,wind,data/external/metocean/wind_81def1e2b27bd382c9c2e6eb.json,https://archive-api.open-meteo.com/v1/archive?latitude=55.104&longitude=5.584&start_date=2014-04-04&end_date=2014-04-07&timezone=UTC&hourly=wind_speed_10m%2Cwind_direction_10m&models=era5&wind_speed_unit=ms&cell_selection=nearest,ok,79b09ef812dd2787b6e16c5ebddbe871c527048848d2d58f432571b0ea8655f7,3004,2026-09-26T08:35:15.960800+00:00
S3:HE419_MarLitter_transect10,wave,data/external/metocean/wave_f280346fb92bc2baee0a1aca.json,https://marine-api.open-meteo.com/v1/marine?latitude=55.104&longitude=5.584&start_date=2014-04-04&end_date=2014-04-07&timezone=UTC&hourly=wave_height%2Cwave_direction%2Cwave_period&models=era5_ocean&cell_selection=sea,ok,31c2ff7bf73cdb6c44bff95c90f1e6547f0a4e80ef80675228b5e6a48b8626c7,3473,2026-09-26T08:35:16.233769+00:00
S3:HE419_MarLitter_transect10,current,data/external/metocean/current_401bf8f2e9037a6ac88bc9eb.nc,https://ncss.hycom.org/thredds/ncss/GLBv0.08/expt_53.X/data/2014?var=water_u&var=water_v&north=55.185&south=55.022999999999996&west=5.502999999999999&east=5.665&time_start=2014-04-04T00%3A00%3A00Z&time_end=2014-04-07T23%3A59%3A59Z&vertCoord=0&accept=netcdf&disableProjSubset=on,ok,1d5f1db22f23b966f7cc5209dfe0c08fe0dc3842657354d7deb9d1ee8d368461,4964,2026-09-26T08:36:55.155514+00:00
S3:HE419_MarLitter_transect11,wind,data/external/metocean/wind_759b8f287c6a84c0f5186fec.json,https://archive-api.open-meteo.com/v1/archive?latitude=55.111&longitude=5.545&start_date=2014-04-04&end_date=2014-04-07&timezone=UTC&hourly=wind_speed_10m%2Cwind_direction_10m&models=era5&wind_speed_unit=ms&cell_selection=nearest,ok,4b978babf83af7c8460a3e657d554ca4e27767a5ed4426af2c97c7e45f57f546,3003,2026-09-26T08:36:54.625295+00:00
S3:HE419_MarLitter_transect11,wave,data/external/metocean/wave_297371fe8514353cc840fade.json,https://marine-api.open-meteo.com/v1/marine?latitude=55.111&longitude=5.545&start_date=2014-04-04&end_date=2014-04-07&timezone=UTC&hourly=wave_height%2Cwave_direction%2Cwave_period&models=era5_ocean&cell_selection=sea,ok,8edefe278686f76cd15d514be486dfcda2c754e52143a27a27987d4f0aa2f08b,3473,2026-09-26T08:36:54.589463+00:00
S3:HE419_MarLitter_transect11,current,data/external/metocean/current_7f6d36e75d61da6d7ca7eae3.nc,https://ncss.hycom.org/thredds/ncss/GLBv0.08/expt_53.X/data/2014?var=water_u&var=water_v&north=55.192&south=55.029999999999994&west=5.4639999999999995&east=5.626&time_start=2014-04-04T00%3A00%3A00Z&time_end=2014-04-07T23%3A59%3A59Z&vertCoord=0&accept=netcdf&disableProjSubset=on,ok,7b3941f33981d1538d7cd9c46f96453fbbc42e593af18474a8d9f7edac3c0d8e,4964,2026-09-26T08:36:55.167223+00:00
S3:HE419_MarLitter_transect18,wind,data/external/metocean/wind_0d4aa01b951cc0d32dc5dc0d.json,https://archive-api.open-meteo.com/v1/archive?latitude=55.767&longitude=3.719&start_date=2014-04-05&end_date=2014-04-08&timezone=UTC&hourly=wind_speed_10m%2Cwind_direction_10m&models=era5&wind_speed_unit=ms&cell_selection=nearest,ok,4c5e27ac70149c6be3da8558213242499e5816b894abfe72e30918dd2cfdd20d,3004,2026-09-26T08:36:54.867017+00:00
S3:HE419_MarLitter_transect18,wave,data/external/metocean/wave_922d64c0c87e8f71837ce31d.json,https://marine-api.open-meteo.com/v1/marine?latitude=55.767&longitude=3.719&start_date=2014-04-05&end_date=2014-04-08&timezone=UTC&hourly=wave_height%2Cwave_direction%2Cwave_period&models=era5_ocean&cell_selection=sea,ok,0ff3a7e8425ba6d6cc5ee87f9b11e1d39e62d081e403ce60668e33ab51e27249,3486,2026-09-26T08:36:55.126250+00:00
S3:HE419_MarLitter_transect18,current,data/external/metocean/current_ccb57d5c19afb554ff3ab289.nc,https://ncss.hycom.org/thredds/ncss/GLBv0.08/expt_53.X/data/2014?var=water_u&var=water_v&north=55.848000000000006&south=55.686&west=3.638&east=3.8&time_start=2014-04-05T00%3A00%3A00Z&time_end=2014-04-08T23%3A59%3A59Z&vertCoord=0&accept=netcdf&disableProjSubset=on,ok,0396bdd4c50d40d2197635943e70c83c33fcc1c426794de35fe00eb96cab5eb9,5028,2026-09-26T08:36:58.602835+00:00
S3:HE419_MarLitter_transect15,wind,data/external/metocean/wind_e1c4308ea205f0befb4a33dc.json,https://archive-api.open-meteo.com/v1/archive?latitude=55.772&longitude=3.431&start_date=2014-04-05&end_date=2014-04-08&timezone=UTC&hourly=wind_speed_10m%2Cwind_direction_10m&models=era5&wind_speed_unit=ms&cell_selection=nearest,ok,e6daf687f0c0e3b5f70b9dbc16e20ad3c35581af34e22890e855c24b31140acf,3004,2026-09-26T08:36:55.394605+00:00
S3:HE419_MarLitter_transect15,wave,data/external/metocean/wave_a509b76cf57a17f19584287f.json,https://marine-api.open-meteo.com/v1/marine?latitude=55.772&longitude=3.431&start_date=2014-04-05&end_date=2014-04-08&timezone=UTC&hourly=wave_height%2Cwave_direction%2Cwave_period&models=era5_ocean&cell_selection=sea,ok,2577348d9f228660386de26b54a37b6b036ee8ec3091ec831cd3d7e3a0d952fe,3487,2026-09-26T08:36:55.433272+00:00
S3:HE419_MarLitter_transect15,current,data/external/metocean/current_e67621150fd21cc0dbfc6d4d.nc,https://ncss.hycom.org/thredds/ncss/GLBv0.08/expt_53.X/data/2014?var=water_u&var=water_v&north=55.853&south=55.690999999999995&west=3.35&east=3.512&time_start=2014-04-05T00%3A00%3A00Z&time_end=2014-04-08T23%3A59%3A59Z&vertCoord=0&accept=netcdf&disableProjSubset=on,ok,7f94437bb0c67cff0d7ac73e83e337811b572a8030c09526288c8bdbc67e9554,5028,2026-09-26T08:36:58.584394+00:00
S3:HE419_MarLitter_transect16,wind,data/external/metocean/wind_8582599a8056459b6c7b2066.json,https://archive-api.open-meteo.com/v1/archive?latitude=55.878&longitude=3.419&start_date=2014-04-05&end_date=2014-04-08&timezone=UTC&hourly=wind_speed_10m%2Cwind_direction_10m&models=era5&wind_speed_unit=ms&cell_selection=nearest,ok,0a532bc8e144006fa8243b62f1b4847b4aedc3d8e1723110dc50637ef9a2b9d3,3002,2026-09-26T08:36:55.629855+00:00
S3:HE419_MarLitter_transect16,wave,data/external/metocean/wave_525049cfd582dcde874f3b03.json,https://marine-api.open-meteo.com/v1/marine?latitude=55.878&longitude=3.419&start_date=2014-04-05&end_date=2014-04-08&timezone=UTC&hourly=wave_height%2Cwave_direction%2Cwave_period&models=era5_ocean&cell_selection=sea,ok,6e166ee925c0612f9e94f5828a898666a102aaddf630d8171d7b26482bcfcc6a,3487,2026-09-26T08:36:55.691626+00:00
S3:HE419_MarLitter_transect16,current,data/external/metocean/current_5f52e569fa641ac7e5af0875.nc,https://ncss.hycom.org/thredds/ncss/GLBv0.08/expt_53.X/data/2014?var=water_u&var=water_v&north=55.959&south=55.797&west=3.338&east=3.5&time_start=2014-04-05T00%3A00%3A00Z&time_end=2014-04-08T23%3A59%3A59Z&vertCoord=0&accept=netcdf&disableProjSubset=on,ok,88059454b2e0c4db0c1bd1798fb8de25b9c7258b81350b6626d41d195be643ba,5028,2026-09-26T08:36:58.660583+00:00
S3:HE419_MarLitter_transect17,wind,data/external/metocean/wind_950309ac0f6811008260a12f.json,https://archive-api.open-meteo.com/v1/archive?latitude=55.878&longitude=3.541&start_date=2014-04-05&end_date=2014-04-08&timezone=UTC&hourly=wind_speed_10m%2Cwind_direction_10m&models=era5&wind_speed_unit=ms&cell_selection=nearest,ok,bd62cb4bcc918d25c9f5a490f805914c8f094f991f0985c0f43075b6d827039e,2998,2026-09-26T08:36:55.928281+00:00
S3:HE419_MarLitter_transect17,wave,data/external/metocean/wave_29d715449dfcc85b38eba612.json,https://marine-api.open-meteo.com/v1/marine?latitude=55.878&longitude=3.541&start_date=2014-04-05&end_date=2014-04-08&timezone=UTC&hourly=wave_height%2Cwave_direction%2Cwave_period&models=era5_ocean&cell_selection=sea,ok,2bc7bd18c810f6d44d8d3ba9d6cf98c364c48ab0edce0e38e1a40bfc000084b2,3487,2026-09-26T08:36:56.189707+00:00
S3:HE419_MarLitter_transect17,current,data/external/metocean/current_79762b0f31bdd06ae72aa03e.nc,https://ncss.hycom.org/thredds/ncss/GLBv0.08/expt_53.X/data/2014?var=water_u&var=water_v&north=55.959&south=55.797&west=3.46&east=3.622&time_start=2014-04-05T00%3A00%3A00Z&time_end=2014-04-08T23%3A59%3A59Z&vertCoord=0&accept=netcdf&disableProjSubset=on,ok,dccf351ae3aada848dac2c6f6d314538efa95f99cbd27fd7d9314195dcf49e2a,5028,2026-09-26T08:36:58.660003+00:00
S3:HE419_MarLitter_transect20,wind,data/external/metocean/wind_bbc9fe1944a3dd12d1ee1ce8.json,https://archive-api.open-meteo.com/v1/archive?latitude=55.232&longitude=5.467&start_date=2014-04-06&end_date=2014-04-09&timezone=UTC&hourly=wind_speed_10m%2Cwind_direction_10m&models=era5&wind_speed_unit=ms&cell_selection=nearest,ok,c16329dd78c0c8eb938fc61dc09ccd873a1879c0f1fa1b4e075927f2990c377e,2998,2026-09-26T08:36:58.830611+00:00
S3:HE419_MarLitter_transect20,wave,data/external/metocean/wave_05b2aa02492c9efc1b779efe.json,https://marine-api.open-meteo.com/v1/marine?latitude=55.232&longitude=5.467&start_date=2014-04-06&end_date=2014-04-09&timezone=UTC&hourly=wave_height%2Cwave_direction%2Cwave_period&models=era5_ocean&cell_selection=sea,ok,dd47d46ac7f1d783a51eb9be87d1302688c079b5d3e88171cb324acc4b33ecb4,3490,2026-09-26T08:36:58.854305+00:00
S3:HE419_MarLitter_transect20,current,data/external/metocean/current_8068f13f319c3d2b54bb7b11.nc,https://ncss.hycom.org/thredds/ncss/GLBv0.08/expt_53.X/data/2014?var=water_u&var=water_v&north=55.313&south=55.150999999999996&west=5.385999999999999&east=5.548&time_start=2014-04-06T00%3A00%3A00Z&time_end=2014-04-09T23%3A59%3A59Z&vertCoord=0&accept=netcdf&disableProjSubset=on,ok,4059bb15ee06e92aabfee1a672d4300c92182251dc321cf325f6ab1415fac68c,5028,2026-09-26T08:37:02.027492+00:00
S3:HE419_MarLitter_transect19,wind,data/external/metocean/wind_79895aed3e58c71e3da4cae6.json,https://archive-api.open-meteo.com/v1/archive?latitude=55.264&longitude=4.997&start_date=2014-04-06&end_date=2014-04-09&timezone=UTC&hourly=wind_speed_10m%2Cwind_direction_10m&models=era5&wind_speed_unit=ms&cell_selection=nearest,ok,88781aca64666b124adcaedba418de7f12fadbae712850c348644e862163801d,3002,2026-09-26T08:36:58.902042+00:00
S3:HE419_MarLitter_transect19,wave,data/external/metocean/wave_097e4cbfc35ac58eba1a5ff4.json,https://marine-api.open-meteo.com/v1/marine?latitude=55.264&longitude=4.997&start_date=2014-04-06&end_date=2014-04-09&timezone=UTC&hourly=wave_height%2Cwave_direction%2Cwave_period&models=era5_ocean&cell_selection=sea,ok,4d1e41710b9dbdc4c9327334a3282b238868802eb6d698a5f1d68fc77a3d06b1,3489,2026-09-26T08:36:59.096979+00:00
S3:HE419_MarLitter_transect19,current,data/external/metocean/current_b797355c7c2279aab530503a.nc,https://ncss.hycom.org/thredds/ncss/GLBv0.08/expt_53.X/data/2014?var=water_u&var=water_v&north=55.345000000000006&south=55.183&west=4.9159999999999995&east=5.078&time_start=2014-04-06T00%3A00%3A00Z&time_end=2014-04-09T23%3A59%3A59Z&vertCoord=0&accept=netcdf&disableProjSubset=on,ok,d392ffff95362759ba6197baae28f996c43ccefb4cdaee537a14beed6448b447,5028,2026-09-26T08:37:02.399989+00:00
S3:HE419_MarLitter_transect21,wind,data/external/metocean/wind_7a39c47e35f8588c7854d7dd.json,https://archive-api.open-meteo.com/v1/archive?latitude=55.328&longitude=5.636&start_date=2014-04-06&end_date=2014-04-09&timezone=UTC&hourly=wind_speed_10m%2Cwind_direction_10m&models=era5&wind_speed_unit=ms&cell_selection=nearest,ok,c18eed8bc597ab15d5ac87cfbbf1021b8f1399d76ca89fbc2162c4710c2a8c2e,3002,2026-09-26T08:36:59.147514+00:00
S3:HE419_MarLitter_transect21,wave,data/external/metocean/wave_b81d950b0d6141a6ede5fb4a.json,https://marine-api.open-meteo.com/v1/marine?latitude=55.328&longitude=5.636&start_date=2014-04-06&end_date=2014-04-09&timezone=UTC&hourly=wave_height%2Cwave_direction%2Cwave_period&models=era5_ocean&cell_selection=sea,ok,5e71ce098ae67f314d6478e046d7abdfe5583515045eb21a2af4800626870f6d,3489,2026-09-26T08:36:59.356852+00:00
S3:HE419_MarLitter_transect21,current,data/external/metocean/current_b0c7e42c830dea3a80961f73.nc,https://ncss.hycom.org/thredds/ncss/GLBv0.08/expt_53.X/data/2014?var=water_u&var=water_v&north=55.409000000000006&south=55.247&west=5.555&east=5.7170000000000005&time_start=2014-04-06T00%3A00%3A00Z&time_end=2014-04-09T23%3A59%3A59Z&vertCoord=0&accept=netcdf&disableProjSubset=on,ok,e81c7303d69a43396bec0ef9e92cd14b270d746ae8d1d18630ee985fd21b83fb,5028,2026-09-26T08:37:02.032047+00:00
S3:HE419_MarLitter_transect22,wind,data/external/metocean/wind_b2e322f77e5ba2fa69e81380.json,https://archive-api.open-meteo.com/v1/archive?latitude=55.43&longitude=5.687&start_date=2014-04-06&end_date=2014-04-09&timezone=UTC&hourly=wind_speed_10m%2Cwind_direction_10m&models=era5&wind_speed_unit=ms&cell_selection=nearest,ok,f048e0f1744da15b3ac2509d49021434ebc078a124d402afebb49b2f0c4b214a,3001,2026-09-26T08:36:59.600222+00:00
S3:HE419_MarLitter_transect22,wave,data/external/metocean/wave_a17f83fd3b6ffaffdbd255c6.json,https://marine-api.open-meteo.com/v1/marine?latitude=55.43&longitude=5.687&start_date=2014-04-06&end_date=2014-04-09&timezone=UTC&hourly=wave_height%2Cwave_direction%2Cwave_period&models=era5_ocean&cell_selection=sea,ok,a56022282fcbaf50f90523c3cf9cdf2b0dbcb87fb069313f174cb3f0b2d235ee,3490,2026-09-26T08:36:59.855153+00:00
S3:HE419_MarLitter_transect22,current,data/external/metocean/current_313d038f7dbf7f46db92a73d.nc,https://ncss.hycom.org/thredds/ncss/GLBv0.08/expt_53.X/data/2014?var=water_u&var=water_v&north=55.511&south=55.349&west=5.606&east=5.768000000000001&time_start=2014-04-06T00%3A00%3A00Z&time_end=2014-04-09T23%3A59%3A59Z&vertCoord=0&accept=netcdf&disableProjSubset=on,ok,99d01382c238ff15aed13dafaef651e2c7ec4531fe7087031a8bf34a5ce08f29,5028,2026-09-26T08:37:02.306229+00:00
S3:HE419_MarLitter_transect23,wind,data/external/metocean/wind_c822eeb33e9a1cd57cdabfe8.json,https://archive-api.open-meteo.com/v1/archive?latitude=55.11&longitude=6.403&start_date=2014-04-07&end_date=2014-04-10&timezone=UTC&hourly=wind_speed_10m%2Cwind_direction_10m&models=era5&wind_speed_unit=ms&cell_selection=nearest,ok,96af25c7c035c5c4a418ccd8f0e3fd56ece78ce22d96dad928029d746f8e8113,3004,2026-09-26T08:37:02.275643+00:00
S3:HE419_MarLitter_transect23,wave,data/external/metocean/wave_553851001296bcc28198d15c.json,https://marine-api.open-meteo.com/v1/marine?latitude=55.11&longitude=6.403&start_date=2014-04-07&end_date=2014-04-10&timezone=UTC&hourly=wave_height%2Cwave_direction%2Cwave_period&models=era5_ocean&cell_selection=sea,ok,fe440e35ea0f98a19eca6356a024d2ff85831ab439bf6a3cf9d1708b0a26eccc,3489,2026-09-26T08:37:02.292785+00:00
S3:HE419_MarLitter_transect23,current,data/external/metocean/current_9a18668dddd39b32700b16b9.nc,https://ncss.hycom.org/thredds/ncss/GLBv0.08/expt_53.X/data/2014?var=water_u&var=water_v&north=55.191&south=55.028999999999996&west=6.321999999999999&east=6.484&time_start=2014-04-07T00%3A00%3A00Z&time_end=2014-04-10T23%3A59%3A59Z&vertCoord=0&accept=netcdf&disableProjSubset=on,ok,4e49b72e11d9ae6dc144578d4d8d1899db1481b5f076e5113b605ac305def411,5028,2026-09-26T08:37:04.615827+00:00
S3:HE419_MarLitter_transect24,wind,data/external/metocean/wind_11ad5f67815876e3bc1ef914.json,https://archive-api.open-meteo.com/v1/archive?latitude=55.179&longitude=6.318&start_date=2014-04-07&end_date=2014-04-10&timezone=UTC&hourly=wind_speed_10m%2Cwind_direction_10m&models=era5&wind_speed_unit=ms&cell_selection=nearest,ok,286311bcf732ce73a5db31d7900e51ca06cc892305b1bd474e2b38be9eecd1fe,3005,2026-09-26T08:37:02.818080+00:00
S3:HE419_MarLitter_transect24,wave,data/external/metocean/wave_ab9b83f6e62e69e6ce9f78da.json,https://marine-api.open-meteo.com/v1/marine?latitude=55.179&longitude=6.318&start_date=2014-04-07&end_date=2014-04-10&timezone=UTC&hourly=wave_height%2Cwave_direction%2Cwave_period&models=era5_ocean&cell_selection=sea,ok,0dd81e6c1e4553112a0e706809dad50721fdc3a70b08eff8d848f6cc14fe84ea,3490,2026-09-26T08:37:03.009653+00:00
S3:HE419_MarLitter_transect24,current,data/external/metocean/current_0fe52cba2035db92c8f6869b.nc,https://ncss.hycom.org/thredds/ncss/GLBv0.08/expt_53.X/data/2014?var=water_u&var=water_v&north=55.260000000000005&south=55.098&west=6.236999999999999&east=6.399&time_start=2014-04-07T00%3A00%3A00Z&time_end=2014-04-10T23%3A59%3A59Z&vertCoord=0&accept=netcdf&disableProjSubset=on,ok,c227a5a27968c80a7c9bdc260e38a8092712a44829bcc637ec76050e1ce2fbea,5028,2026-09-26T08:37:04.616086+00:00
S3:HE419_MarLitter_transect25,wind,data/external/metocean/wind_1014e682dc9ef55025a9aa44.json,https://archive-api.open-meteo.com/v1/archive?latitude=55.263&longitude=6.331&start_date=2014-04-07&end_date=2014-04-10&timezone=UTC&hourly=wind_speed_10m%2Cwind_direction_10m&models=era5&wind_speed_unit=ms&cell_selection=nearest,ok,0fd363e421e6546b14dbda3d8477179948ff5161ca0631483e793e056d066443,3005,2026-09-26T08:37:03.523894+00:00
S3:HE419_MarLitter_transect25,wave,data/external/metocean/wave_86b8e7af7fd81d8f80a73105.json,https://marine-api.open-meteo.com/v1/marine?latitude=55.263&longitude=6.331&start_date=2014-04-07&end_date=2014-04-10&timezone=UTC&hourly=wave_height%2Cwave_direction%2Cwave_period&models=era5_ocean&cell_selection=sea,ok,1b2732fa50ae5e5a7ce92ff28f65131ec9b3705e1df31d9c70272377047a0077,3489,2026-09-26T08:37:03.700994+00:00
S3:HE419_MarLitter_transect25,current,data/external/metocean/current_11526083632029696d1695c4.nc,https://ncss.hycom.org/thredds/ncss/GLBv0.08/expt_53.X/data/2014?var=water_u&var=water_v&north=55.344&south=55.181999999999995&west=6.25&east=6.412000000000001&time_start=2014-04-07T00%3A00%3A00Z&time_end=2014-04-10T23%3A59%3A59Z&vertCoord=0&accept=netcdf&disableProjSubset=on,ok,6fdd88ed1d4275a68c8e30bafc1735ff5a274ddaed1d60acfffbc577b44f4741,5028,2026-09-26T08:37:04.677747+00:00
S3:HE419_MarLitter_transect26,wind,data/external/metocean/wind_644a7340010af03d41b718a6.json,https://archive-api.open-meteo.com/v1/archive?latitude=55.325&longitude=6.388&start_date=2014-04-07&end_date=2014-04-10&timezone=UTC&hourly=wind_speed_10m%2Cwind_direction_10m&models=era5&wind_speed_unit=ms&cell_selection=nearest,ok,0207de360c62fcf0495ad4939bb66077bfa6fec204a27d33be49c25df7ab1787,3001,2026-09-26T08:37:04.194062+00:00
S3:HE419_MarLitter_transect26,wave,data/external/metocean/wave_3e3e269bba1ff8f4c3f88836.json,https://marine-api.open-meteo.com/v1/marine?latitude=55.325&longitude=6.388&start_date=2014-04-07&end_date=2014-04-10&timezone=UTC&hourly=wave_height%2Cwave_direction%2Cwave_period&models=era5_ocean&cell_selection=sea,ok,69d36495dc12672a6d2883bf6d89cd2f6345db665dd8264d8126f1e33cd9d65c,3490,2026-09-26T08:37:04.460504+00:00
S3:HE419_MarLitter_transect26,current,data/external/metocean/current_cbd8ab951a2190cb8934e845.nc,https://ncss.hycom.org/thredds/ncss/GLBv0.08/expt_53.X/data/2014?var=water_u&var=water_v&north=55.406000000000006&south=55.244&west=6.3069999999999995&east=6.469&time_start=2014-04-07T00%3A00%3A00Z&time_end=2014-04-10T23%3A59%3A59Z&vertCoord=0&accept=netcdf&disableProjSubset=on,ok,31b92b13808683b1d529ebfec725d59d69799d98b26bd8b06cd272804128e9b2,5028,2026-09-26T08:37:09.140375+00:00
S3:HE419_MarLitter_transect27,wind,data/external/metocean/wind_6bf756903f0e8aaf4b08014d.json,https://archive-api.open-meteo.com/v1/archive?latitude=55.349&longitude=6.483&start_date=2014-04-07&end_date=2014-04-10&timezone=UTC&hourly=wind_speed_10m%2Cwind_direction_10m&models=era5&wind_speed_unit=ms&cell_selection=nearest,ok,06c6f4bae92e15fdbff02097a065a2b46d455789b248d6d54198539e0bdd8ac9,3001,2026-09-26T08:37:04.870779+00:00
S3:HE419_MarLitter_transect27,wave,data/external/metocean/wave_3764167c4d06a19bd1533416.json,https://marine-api.open-meteo.com/v1/marine?latitude=55.349&longitude=6.483&start_date=2014-04-07&end_date=2014-04-10&timezone=UTC&hourly=wave_height%2Cwave_direction%2Cwave_period&models=era5_ocean&cell_selection=sea,ok,f4e1b39c7155998ae5de42a041fae0843c25ced7349d8861d881d28f992fcc99,3490,2026-09-26T08:37:04.889164+00:00
S3:HE419_MarLitter_transect27,current,data/external/metocean/current_b89103803182e1174fe39515.nc,https://ncss.hycom.org/thredds/ncss/GLBv0.08/expt_53.X/data/2014?var=water_u&var=water_v&north=55.43&south=55.267999999999994&west=6.401999999999999&east=6.564&time_start=2014-04-07T00%3A00%3A00Z&time_end=2014-04-10T23%3A59%3A59Z&vertCoord=0&accept=netcdf&disableProjSubset=on,ok,5cb1404dd771991ea78e12e88b7aedb05e4d50fc189f5f5607c16ab85747efb2,5028,2026-09-26T08:37:05.321054+00:00
S3:HE419_MarLitter_transect32,wind,data/external/metocean/wind_a96154939069e7c1610eff95.json,https://archive-api.open-meteo.com/v1/archive?latitude=54.409&longitude=7.945&start_date=2014-04-08&end_date=2014-04-11&timezone=UTC&hourly=wind_speed_10m%2Cwind_direction_10m&models=era5&wind_speed_unit=ms&cell_selection=nearest,ok,46a0f47bc339fbcc276221c4fee2df2d04f1288582549ae7a82e0b549808b2d9,3012,2026-09-26T08:37:05.114031+00:00
S3:HE419_MarLitter_transect32,wave,data/external/metocean/wave_3c7706c1186190cf5e3e4d8c.json,https://marine-api.open-meteo.com/v1/marine?latitude=54.409&longitude=7.945&start_date=2014-04-08&end_date=2014-04-11&timezone=UTC&hourly=wave_height%2Cwave_direction%2Cwave_period&models=era5_ocean&cell_selection=sea,ok,2d08f91dcfaec931f7c923129caa5100c013da8320663c8bedbd58d45096cf95,3490,2026-09-26T08:37:05.156664+00:00
S3:HE419_MarLitter_transect32,current,data/external/metocean/current_e1bf8cebd636589921a7dcf4.nc,https://ncss.hycom.org/thredds/ncss/GLBv0.08/expt_53.X/data/2014?var=water_u&var=water_v&north=54.49&south=54.327999999999996&west=7.864&east=8.026&time_start=2014-04-08T00%3A00%3A00Z&time_end=2014-04-11T23%3A59%3A59Z&vertCoord=0&accept=netcdf&disableProjSubset=on,ok,256632fa7005e4989a609a7b4cbd36786ba9ed7cb468d574ea2d6e24e6caf43f,5028,2026-09-26T08:37:10.836674+00:00
S3:HE419_MarLitter_transect31,wind,data/external/metocean/wind_1660a445af08623a82d66bad.json,https://archive-api.open-meteo.com/v1/archive?latitude=54.41&longitude=7.798&start_date=2014-04-08&end_date=2014-04-11&timezone=UTC&hourly=wind_speed_10m%2Cwind_direction_10m&models=era5&wind_speed_unit=ms&cell_selection=nearest,ok,b217ab617c7fbb58b0071131a4fc3532f2d5dd6e75ddd9197a4ff470df794017,3012,2026-09-26T08:37:05.413940+00:00
S3:HE419_MarLitter_transect31,wave,data/external/metocean/wave_2962a27a55495005c01f2e32.json,https://marine-api.open-meteo.com/v1/marine?latitude=54.41&longitude=7.798&start_date=2014-04-08&end_date=2014-04-11&timezone=UTC&hourly=wave_height%2Cwave_direction%2Cwave_period&models=era5_ocean&cell_selection=sea,ok,b136762919d48110f8504a3a12c8c49bd50837e7133ead32f53a802955f3d185,3489,2026-09-26T08:37:05.577693+00:00
S3:HE419_MarLitter_transect31,current,data/external/metocean/current_0dc0e0ae4beee3c0f1de5726.nc,https://ncss.hycom.org/thredds/ncss/GLBv0.08/expt_53.X/data/2014?var=water_u&var=water_v&north=54.491&south=54.32899999999999&west=7.717&east=7.8790000000000004&time_start=2014-04-08T00%3A00%3A00Z&time_end=2014-04-11T23%3A59%3A59Z&vertCoord=0&accept=netcdf&disableProjSubset=on,ok,464b085cbe42f4f42506d8332f818bf94a08e53f52f92f4a3336f528e99a6f94,5028,2026-09-26T08:37:10.850497+00:00
S3:HE419_MarLitter_transect30,wind,data/external/metocean/wind_66de65ccf5cb3af175e3ce14.json,https://archive-api.open-meteo.com/v1/archive?latitude=54.554&longitude=8.014&start_date=2014-04-08&end_date=2014-04-11&timezone=UTC&hourly=wind_speed_10m%2Cwind_direction_10m&models=era5&wind_speed_unit=ms&cell_selection=nearest,ok,38e192720b15d8332fd09f463ea7e36df30729087b3ceef9cf8dc03407756c33,3006,2026-09-26T08:37:05.827203+00:00
S3:HE419_MarLitter_transect30,wave,data/external/metocean/wave_babd63da5256eed05df41cf7.json,https://marine-api.open-meteo.com/v1/marine?latitude=54.554&longitude=8.014&start_date=2014-04-08&end_date=2014-04-11&timezone=UTC&hourly=wave_height%2Cwave_direction%2Cwave_period&models=era5_ocean&cell_selection=sea,ok,384c32a9fe1620e6e35b6ee25c2c74e27bd2eb475f244c7b0c54691977e72dcd,3490,2026-09-26T08:37:06.084693+00:00
S3:HE419_MarLitter_transect30,current,data/external/metocean/current_7b0079581df8a6cdd35ead64.nc,https://ncss.hycom.org/thredds/ncss/GLBv0.08/expt_53.X/data/2014?var=water_u&var=water_v&north=54.635000000000005&south=54.473&west=7.932999999999999&east=8.094999999999999&time_start=2014-04-08T00%3A00%3A00Z&time_end=2014-04-11T23%3A59%3A59Z&vertCoord=0&accept=netcdf&disableProjSubset=on,ok,07bc537e5b87567e33e8770e122262f5d6db38b8efd3f98530fc3636ed515936,5028,2026-09-26T08:37:10.750666+00:00
S3:HE419_MarLitter_transect29,wind,data/external/metocean/wind_0fc03029d36e751325e9bbb4.json,https://archive-api.open-meteo.com/v1/archive?latitude=54.785&longitude=8.136&start_date=2014-04-08&end_date=2014-04-11&timezone=UTC&hourly=wind_speed_10m%2Cwind_direction_10m&models=era5&wind_speed_unit=ms&cell_selection=nearest,ok,a2ae4cc1fba469bc22626f4e01c82f909f72373725779005c52baadcaf99a34c,3011,2026-09-26T08:37:09.431777+00:00
S3:HE419_MarLitter_transect29,wave,data/external/metocean/wave_90956bb30abc14ab1050763a.json,https://marine-api.open-meteo.com/v1/marine?latitude=54.785&longitude=8.136&start_date=2014-04-08&end_date=2014-04-11&timezone=UTC&hourly=wave_height%2Cwave_direction%2Cwave_period&models=era5_ocean&cell_selection=sea,ok,3b0e09d62ff2a0fd61a2e71314611617c44d71ae150faa113ec7c7c789b268cd,3490,2026-09-26T08:37:09.771022+00:00
S3:HE419_MarLitter_transect29,current,data/external/metocean/current_3a2fe798eb3d678cc1efeb41.nc,https://ncss.hycom.org/thredds/ncss/GLBv0.08/expt_53.X/data/2014?var=water_u&var=water_v&north=54.866&south=54.70399999999999&west=8.055&east=8.216999999999999&time_start=2014-04-08T00%3A00%3A00Z&time_end=2014-04-11T23%3A59%3A59Z&vertCoord=0&accept=netcdf&disableProjSubset=on,ok,59a8e600858e1dd00a7d74fbb081f64022bda0e9fac6c3f9f1d065d668e294c6,5028,2026-09-26T08:37:10.791648+00:00
S3:HE419_MarLitter_transect28,wind,data/external/metocean/wind_7990673bcd92e25aaefa6f82.json,https://archive-api.open-meteo.com/v1/archive?latitude=54.955&longitude=8.14&start_date=2014-04-08&end_date=2014-04-11&timezone=UTC&hourly=wind_speed_10m%2Cwind_direction_10m&models=era5&wind_speed_unit=ms&cell_selection=nearest,ok,a6a2523bafed211e22cd33dc6c92ea0019b7b926652d543a143668156c69e991,3005,2026-09-26T08:37:10.997934+00:00
S3:HE419_MarLitter_transect28,wave,data/external/metocean/wave_1f3f7d85d461d74533d2c50c.json,https://marine-api.open-meteo.com/v1/marine?latitude=54.955&longitude=8.14&start_date=2014-04-08&end_date=2014-04-11&timezone=UTC&hourly=wave_height%2Cwave_direction%2Cwave_period&models=era5_ocean&cell_selection=sea,ok,90a8a29d798719db3eb101905a0e55a3eb7e08e89868a328b6deb6ade9fccba4,3490,2026-09-26T08:37:11.051942+00:00
S3:HE419_MarLitter_transect28,current,data/external/metocean/current_5eb5e4d675a474ba0101b221.nc,https://ncss.hycom.org/thredds/ncss/GLBv0.08/expt_53.X/data/2014?var=water_u&var=water_v&north=55.036&south=54.873999999999995&west=8.059000000000001&east=8.221&time_start=2014-04-08T00%3A00%3A00Z&time_end=2014-04-11T23%3A59%3A59Z&vertCoord=0&accept=netcdf&disableProjSubset=on,ok,c561459fcf860b20f4001c4328e9f5a7cd70424bf7a247b9ddf3b6bbe8a75bad,5028,2026-09-26T08:37:11.878583+00:00
S3:HE419_MarLitter_transect38,wind,data/external/metocean/wind_c1978660d8a39677c87a82e8.json,https://archive-api.open-meteo.com/v1/archive?latitude=53.7&longitude=6.457&start_date=2014-04-09&end_date=2014-04-12&timezone=UTC&hourly=wind_speed_10m%2Cwind_direction_10m&models=era5&wind_speed_unit=ms&cell_selection=nearest,ok,c7d45bc91c4f06757de057f0468b51d5f2dafc669f8006fded133294b24e9f4e,3003,2026-09-26T08:37:11.104944+00:00
S3:HE419_MarLitter_transect38,wave,data/external/metocean/wave_88decc56cb8eae590fcf6e3c.json,https://marine-api.open-meteo.com/v1/marine?latitude=53.7&longitude=6.457&start_date=2014-04-09&end_date=2014-04-12&timezone=UTC&hourly=wave_height%2Cwave_direction%2Cwave_period&models=era5_ocean&cell_selection=sea,ok,3f66af5376e71ea351b510aaa287ab7e31518c2515b7e4b8e7583c046dc6710a,3490,2026-09-26T08:37:11.276492+00:00
S3:HE419_MarLitter_transect38,current,data/external/metocean/current_fcfb8909add9ec3c4f0f2560.nc,https://ncss.hycom.org/thredds/ncss/GLBv0.08/expt_53.X/data/2014?var=water_u&var=water_v&north=53.781000000000006&south=53.619&west=6.3759999999999994&east=6.538&time_start=2014-04-09T00%3A00%3A00Z&time_end=2014-04-12T23%3A59%3A59Z&vertCoord=0&accept=netcdf&disableProjSubset=on,ok,d2ae017bc4ec1caf46f2e5024dc9b319bb8acada503bef4f2d618914fb2126cf,5340,2026-09-26T08:37:17.075448+00:00
S3:HE419_MarLitter_transect37,wind,data/external/metocean/wind_1e6aa400251797e2dd7ee4b3.json,https://archive-api.open-meteo.com/v1/archive?latitude=53.77&longitude=6.539&start_date=2014-04-09&end_date=2014-04-12&timezone=UTC&hourly=wind_speed_10m%2Cwind_direction_10m&models=era5&wind_speed_unit=ms&cell_selection=nearest,ok,883beb693a8848b2617f17127ab22524638809612951ba96d55a4f2ef266a523,3003,2026-09-26T08:37:11.352129+00:00
S3:HE419_MarLitter_transect37,wave,data/external/metocean/wave_2ad2bd50e078bef73a47fbf0.json,https://marine-api.open-meteo.com/v1/marine?latitude=53.77&longitude=6.539&start_date=2014-04-09&end_date=2014-04-12&timezone=UTC&hourly=wave_height%2Cwave_direction%2Cwave_period&models=era5_ocean&cell_selection=sea,ok,202f0cfea82f982ee4fc17c3978de0a8a03f676fbf796e63640ee82a1262d7c6,3490,2026-09-26T08:37:11.541225+00:00
S3:HE419_MarLitter_transect37,current,data/external/metocean/current_9aef7f47764fdd93ebf161f8.nc,https://ncss.hycom.org/thredds/ncss/GLBv0.08/expt_53.X/data/2014?var=water_u&var=water_v&north=53.851000000000006&south=53.689&west=6.457999999999999&east=6.62&time_start=2014-04-09T00%3A00%3A00Z&time_end=2014-04-12T23%3A59%3A59Z&vertCoord=0&accept=netcdf&disableProjSubset=on,ok,a6462dcfb4c8bfb2071bc91e1f056016d73f40b599560a1c3136b5a14db54612,4964,2026-09-26T08:37:17.107238+00:00
S3:HE419_MarLitter_transect35,wind,data/external/metocean/wind_a3e7022b4600a53abb0dce94.json,https://archive-api.open-meteo.com/v1/archive?latitude=53.842&longitude=6.991&start_date=2014-04-09&end_date=2014-04-12&timezone=UTC&hourly=wind_speed_10m%2Cwind_direction_10m&models=era5&wind_speed_unit=ms&cell_selection=nearest,ok,d7f03e4a80e122f5eb755c2db4d40ad62de0987a178f9d2ce30612a8516bb975,2996,2026-09-26T08:37:11.792159+00:00
S3:HE419_MarLitter_transect35,wave,data/external/metocean/wave_5fa652fbb1c734f5d36fd4c4.json,https://marine-api.open-meteo.com/v1/marine?latitude=53.842&longitude=6.991&start_date=2014-04-09&end_date=2014-04-12&timezone=UTC&hourly=wave_height%2Cwave_direction%2Cwave_period&models=era5_ocean&cell_selection=sea,ok,7e49ac7756a4a7e8d5687bb75afb3692b2421e8443b722381863576fc248126a,3490,2026-09-26T08:37:12.049825+00:00
S3:HE419_MarLitter_transect35,current,data/external/metocean/current_742057b86e4fb576f753deff.nc,https://ncss.hycom.org/thredds/ncss/GLBv0.08/expt_53.X/data/2014?var=water_u&var=water_v&north=53.923&south=53.760999999999996&west=6.909999999999999&east=7.072&time_start=2014-04-09T00%3A00%3A00Z&time_end=2014-04-12T23%3A59%3A59Z&vertCoord=0&accept=netcdf&disableProjSubset=on,ok,30c327dcf8ab2016e399eae35d87c318825f7cc505dff39d576b8372cb1c42c4,4964,2026-09-26T08:37:17.114617+00:00
S3:HE419_MarLitter_transect34,wind,data/external/metocean/wind_011ad32620843db38ac04e35.json,https://archive-api.open-meteo.com/v1/archive?latitude=53.84&longitude=7.219&start_date=2014-04-09&end_date=2014-04-12&timezone=UTC&hourly=wind_speed_10m%2Cwind_direction_10m&models=era5&wind_speed_unit=ms&cell_selection=nearest,ok,7e59a1ee859af7aae606966d843d00fd8c9f133cf56bcbd7e398669ea7127ec4,2989,2026-09-26T08:37:12.295396+00:00
S3:HE419_MarLitter_transect34,wave,data/external/metocean/wave_b882cd69ff098c75660e892a.json,https://marine-api.open-meteo.com/v1/marine?latitude=53.84&longitude=7.219&start_date=2014-04-09&end_date=2014-04-12&timezone=UTC&hourly=wave_height%2Cwave_direction%2Cwave_period&models=era5_ocean&cell_selection=sea,ok,cf84ecafe74c147624120027c87343635fa9b11e95005b960cc8c5e88e11e670,3490,2026-09-26T08:37:12.568811+00:00
S3:HE419_MarLitter_transect34,current,data/external/metocean/current_72f6223634d88fe7a88d2efa.nc,https://ncss.hycom.org/thredds/ncss/GLBv0.08/expt_53.X/data/2014?var=water_u&var=water_v&north=53.92100000000001&south=53.759&west=7.138&east=7.300000000000001&time_start=2014-04-09T00%3A00%3A00Z&time_end=2014-04-12T23%3A59%3A59Z&vertCoord=0&accept=netcdf&disableProjSubset=on,ok,eeccf69fad539dd5ef505242500214fbccbe6f2f93f4c71f2e573241c27952f7,4964,2026-09-26T08:37:17.069375+00:00
S3:HE419_MarLitter_transect36,wind,data/external/metocean/wind_b4d65b528b497e0205502214.json,https://archive-api.open-meteo.com/v1/archive?latitude=53.85&longitude=6.785&start_date=2014-04-09&end_date=2014-04-12&timezone=UTC&hourly=wind_speed_10m%2Cwind_direction_10m&models=era5&wind_speed_unit=ms&cell_selection=nearest,ok,6bcf2d96b2f6e5f3f76eba71aa36fe7ff14cd82dc7fc5a4490e769058adfb3ab,3002,2026-09-26T08:37:17.317774+00:00
S3:HE419_MarLitter_transect36,wave,data/external/metocean/wave_a8fadf38c1fcaf6833ecc49f.json,https://marine-api.open-meteo.com/v1/marine?latitude=53.85&longitude=6.785&start_date=2014-04-09&end_date=2014-04-12&timezone=UTC&hourly=wave_height%2Cwave_direction%2Cwave_period&models=era5_ocean&cell_selection=sea,ok,33aa3be360354175b1497ad2d92225aa6c34c8a30f989dd437c407b6d9ea7cfd,3490,2026-09-26T08:37:17.339339+00:00
S3:HE419_MarLitter_transect36,current,data/external/metocean/current_72ab7c3aa3a8fde4eb6a25d1.nc,https://ncss.hycom.org/thredds/ncss/GLBv0.08/expt_53.X/data/2014?var=water_u&var=water_v&north=53.931000000000004&south=53.769&west=6.704&east=6.8660000000000005&time_start=2014-04-09T00%3A00%3A00Z&time_end=2014-04-12T23%3A59%3A59Z&vertCoord=0&accept=netcdf&disableProjSubset=on,ok,a5d7a0f72098e172d44ff519ce757d07a84ccfba4f49d26038fbf552da21c678,4964,2026-09-26T08:37:19.324539+00:00
S3:HE419_MarLitter_transect33,wind,data/external/metocean/wind_b991c4e7229f7cebe62ce983.json,https://archive-api.open-meteo.com/v1/archive?latitude=53.864&longitude=7.448&start_date=2014-04-09&end_date=2014-04-12&timezone=UTC&hourly=wind_speed_10m%2Cwind_direction_10m&models=era5&wind_speed_unit=ms&cell_selection=nearest,ok,70f44905bc4597bac99ef0b5e694e55ec3322e7f70efba7918961987d5c640cb,2992,2026-09-26T08:37:17.356381+00:00
S3:HE419_MarLitter_transect33,wave,data/external/metocean/wave_0ea191fa6c8ab01e470b25aa.json,https://marine-api.open-meteo.com/v1/marine?latitude=53.864&longitude=7.448&start_date=2014-04-09&end_date=2014-04-12&timezone=UTC&hourly=wave_height%2Cwave_direction%2Cwave_period&models=era5_ocean&cell_selection=sea,ok,79032acc40713511eba125779a5eb8eadfc4ba688c658b54c606e401542e845b,3489,2026-09-26T08:37:17.585211+00:00
S3:HE419_MarLitter_transect33,current,data/external/metocean/current_87415ff33e78c1293a9aad5f.nc,https://ncss.hycom.org/thredds/ncss/GLBv0.08/expt_53.X/data/2014?var=water_u&var=water_v&north=53.945&south=53.782999999999994&west=7.367&east=7.529000000000001&time_start=2014-04-09T00%3A00%3A00Z&time_end=2014-04-12T23%3A59%3A59Z&vertCoord=0&accept=netcdf&disableProjSubset=on,ok,fdc0bac5d9b921593a8e3df404d829aa7a3210a3087d6f2d7a08e3341109cb18,4964,2026-09-26T08:37:19.324474+00:00
S2:MSM41_litter-T1,wind,data/external/metocean/wind_f13b3945bf7fe8c76bb4d0c3.json,https://archive-api.open-meteo.com/v1/archive?latitude=32.232809&longitude=-64.714325&start_date=2015-03-29&end_date=2015-04-01&timezone=UTC&hourly=wind_speed_10m%2Cwind_direction_10m&models=era5&wind_speed_unit=ms&cell_selection=nearest,ok,d8a8d882d036ac6d7128318c550a81c5a4b191338983c954833b83d765cfcb04,3030,2026-09-26T08:37:17.607462+00:00
S2:MSM41_litter-T1,wave,data/external/metocean/wave_f1f5183793c705266206c61f.json,https://marine-api.open-meteo.com/v1/marine?latitude=32.232809&longitude=-64.714325&start_date=2015-03-29&end_date=2015-04-01&timezone=UTC&hourly=wave_height%2Cwave_direction%2Cwave_period&models=era5_ocean&cell_selection=sea,ok,bc5c68283c5029b4e0e14fcd9618b641677df73f9f485a45dd2204ef7a64134f,3491,2026-09-26T08:37:17.863879+00:00
S2:MSM41_litter-T1,current,data/external/metocean/current_dba40021af8c40ad5776e28d.nc,https://ncss.hycom.org/thredds/ncss/GLBv0.08/expt_53.X/data/2015?var=water_u&var=water_v&north=32.313809000000006&south=32.151809&west=-64.795325&east=-64.633325&time_start=2015-03-29T00%3A00%3A00Z&time_end=2015-04-01T23%3A59%3A59Z&vertCoord=0&accept=netcdf&disableProjSubset=on,ok,7f39b6d2b67b376f73436298ce7848d382cbe7eab79534e1a92c68e6a0c0a062,4244,2026-09-26T08:37:29.133084+00:00
S2:MSM41_litter-T5,wind,data/external/metocean/wind_247dcdc4966bdd574275ec8d.json,https://archive-api.open-meteo.com/v1/archive?latitude=30.068492&longitude=-69.829333&start_date=2015-03-30&end_date=2015-04-02&timezone=UTC&hourly=wind_speed_10m%2Cwind_direction_10m&models=era5&wind_speed_unit=ms&cell_selection=nearest,ok,906032832fa2cd87a3ba2eee3c20a11d860a14c499bd56433c57342c28f01b04,2980,2026-09-26T08:37:18.115707+00:00
S2:MSM41_litter-T5,wave,data/external/metocean/wave_a0c05e8d362322f1ab144d74.json,https://marine-api.open-meteo.com/v1/marine?latitude=30.068492&longitude=-69.829333&start_date=2015-03-30&end_date=2015-04-02&timezone=UTC&hourly=wave_height%2Cwave_direction%2Cwave_period&models=era5_ocean&cell_selection=sea,ok,c5f2039b5e9ccba3379c4c819867cad2583cfa1a977e7dfaff49357e386f3657,3481,2026-09-26T08:37:18.383747+00:00
S2:MSM41_litter-T5,current,data/external/metocean/current_7cee67baf10b3061fd675850.nc,https://ncss.hycom.org/thredds/ncss/GLBv0.08/expt_53.X/data/2015?var=water_u&var=water_v&north=30.149492&south=29.987492&west=-69.91033300000001&east=-69.748333&time_start=2015-03-30T00%3A00%3A00Z&time_end=2015-04-02T23%3A59%3A59Z&vertCoord=0&accept=netcdf&disableProjSubset=on,ok,69513aaca4d89ab0b47d3bd197608c6c8ea42c73b1e2293b17d8dee2739f45a8,4244,2026-09-26T08:37:29.397770+00:00
S2:MSM41_litter-T4,wind,data/external/metocean/wind_af6fa3b3148cf73bc2b19e5b.json,https://archive-api.open-meteo.com/v1/archive?latitude=30.436175&longitude=-68.913542&start_date=2015-03-30&end_date=2015-04-02&timezone=UTC&hourly=wind_speed_10m%2Cwind_direction_10m&models=era5&wind_speed_unit=ms&cell_selection=nearest,ok,8d4f502fc38c58f336002fbfb955c27a0e267d83f460b5496f4d0cb05642ee75,2989,2026-09-26T08:37:19.569572+00:00
S2:MSM41_litter-T4,wave,data/external/metocean/wave_ff55d01722acbe6edc96039e.json,https://marine-api.open-meteo.com/v1/marine?latitude=30.436175&longitude=-68.913542&start_date=2015-03-30&end_date=2015-04-02&timezone=UTC&hourly=wave_height%2Cwave_direction%2Cwave_period&models=era5_ocean&cell_selection=sea,ok,8ffcbec46635e8957d41a8f05b5cd70723af53762bca020da3b6137318652d8e,3481,2026-09-26T08:37:19.578970+00:00
S2:MSM41_litter-T4,current,data/external/metocean/current_acd4069c0e88e7035ba86e7b.nc,https://ncss.hycom.org/thredds/ncss/GLBv0.08/expt_53.X/data/2015?var=water_u&var=water_v&north=30.517174999999998&south=30.355175&west=-68.99454200000001&east=-68.832542&time_start=2015-03-30T00%3A00%3A00Z&time_end=2015-04-02T23%3A59%3A59Z&vertCoord=0&accept=netcdf&disableProjSubset=on,ok,a4230005b697186f8de5bdad0e249f96eb0a7c525c3d1dd246984da3a7b1f2a7,4244,2026-09-26T08:37:29.634343+00:00
S2:MSM41_litter-T3,wind,data/external/metocean/wind_c823c5cb5c6261fddf98bca6.json,https://archive-api.open-meteo.com/v1/archive?latitude=30.634591&longitude=-68.419933&start_date=2015-03-30&end_date=2015-04-02&timezone=UTC&hourly=wind_speed_10m%2Cwind_direction_10m&models=era5&wind_speed_unit=ms&cell_selection=nearest,ok,c79cb9a33fd5721484b3776ddc7b26c9927286b747083d5281acc83d5a8c188b,2994,2026-09-26T08:37:19.827320+00:00
S2:MSM41_litter-T3,wave,data/external/metocean/wave_9ed33466b4c1e6f926eebac0.json,https://marine-api.open-meteo.com/v1/marine?latitude=30.634591&longitude=-68.419933&start_date=2015-03-30&end_date=2015-04-02&timezone=UTC&hourly=wave_height%2Cwave_direction%2Cwave_period&models=era5_ocean&cell_selection=sea,ok,57a64010bd1d97fa92e09f23ff726eac36560abb3532914fd0165af68fee8d8e,3479,2026-09-26T08:37:20.094714+00:00
S2:MSM41_litter-T3,current,data/external/metocean/current_a1fc08f3c6f4ed1f6646e292.nc,https://ncss.hycom.org/thredds/ncss/GLBv0.08/expt_53.X/data/2015?var=water_u&var=water_v&north=30.715591&south=30.553591&west=-68.500933&east=-68.338933&time_start=2015-03-30T00%3A00%3A00Z&time_end=2015-04-02T23%3A59%3A59Z&vertCoord=0&accept=netcdf&disableProjSubset=on,ok,cd96b62aa187203b45a881cf32c571f0566e8df70246975b9de4f74026dca560,4244,2026-09-26T08:37:29.640828+00:00
S2:MSM41_litter-T2,wind,data/external/metocean/wind_98e56f1690e6002e7b0f5fb5.json,https://archive-api.open-meteo.com/v1/archive?latitude=30.827925&longitude=-67.935275&start_date=2015-03-30&end_date=2015-04-02&timezone=UTC&hourly=wind_speed_10m%2Cwind_direction_10m&models=era5&wind_speed_unit=ms&cell_selection=nearest,ok,fd8db1a9a4064a1bdbcb8ab7829b9a427dd6132bdfc38f680602213f30de1b2e,3001,2026-09-26T08:37:29.494909+00:00
S2:MSM41_litter-T2,wave,data/external/metocean/wave_8821887dfd129aadff838b25.json,https://marine-api.open-meteo.com/v1/marine?latitude=30.827925&longitude=-67.935275&start_date=2015-03-30&end_date=2015-04-02&timezone=UTC&hourly=wave_height%2Cwave_direction%2Cwave_period&models=era5_ocean&cell_selection=sea,ok,94947a76b2329f06a2d1bc33b75e2672cea84521465a91ad4d4a8e1382e114af,3481,2026-09-26T08:37:29.662700+00:00
S2:MSM41_litter-T2,current,data/external/metocean/current_4a8dca8cc5167dd010559950.nc,https://ncss.hycom.org/thredds/ncss/GLBv0.08/expt_53.X/data/2015?var=water_u&var=water_v&north=30.908925&south=30.746925&west=-68.01627500000001&east=-67.854275&time_start=2015-03-30T00%3A00%3A00Z&time_end=2015-04-02T23%3A59%3A59Z&vertCoord=0&accept=netcdf&disableProjSubset=on,ok,bfbef6f540647bc2568ce47b039d6183764eabe16c97e61232acd0f223565a9c,4244,2026-09-26T08:37:30.840072+00:00
S2:MSM41_litter-T8,wind,data/external/metocean/wind_a874d87456e38bc716024144.json,https://archive-api.open-meteo.com/v1/archive?latitude=29.095284&longitude=-69.993191&start_date=2015-03-31&end_date=2015-04-03&timezone=UTC&hourly=wind_speed_10m%2Cwind_direction_10m&models=era5&wind_speed_unit=ms&cell_selection=nearest,ok,fe743874cffd50c758236bf385e43d303f6d3adc9823efafcd3548fc6ee24f70,2972,2026-09-26T08:37:29.893310+00:00
S2:MSM41_litter-T8,wave,data/external/metocean/wave_3564d12055affb03cf3c2fe2.json,https://marine-api.open-meteo.com/v1/marine?latitude=29.095284&longitude=-69.993191&start_date=2015-03-31&end_date=2015-04-03&timezone=UTC&hourly=wave_height%2Cwave_direction%2Cwave_period&models=era5_ocean&cell_selection=sea,ok,cdfbf0fa93aee5071612e271ef3c14cfafa2e57cc8a97454ba107e94ff1a5866,3457,2026-09-26T08:37:29.911585+00:00
S2:MSM41_litter-T8,current,data/external/metocean/current_416360adf4f11e0951f2cc7b.nc,https://ncss.hycom.org/thredds/ncss/GLBv0.08/expt_53.X/data/2015?var=water_u&var=water_v&north=29.176284&south=29.014284&west=-70.074191&east=-69.91219099999999&time_start=2015-03-31T00%3A00%3A00Z&time_end=2015-04-03T23%3A59%3A59Z&vertCoord=0&accept=netcdf&disableProjSubset=on,ok,adceb2e7c062c29dbc4cf5a83c833aff9684649c860fc4044e61a2fb060d6807,4244,2026-09-26T08:37:38.344259+00:00
S2:MSM41_litter-T7,wind,data/external/metocean/wind_b0677cefc623aee9627d62ba.json,https://archive-api.open-meteo.com/v1/archive?latitude=29.4284&longitude=-69.942583&start_date=2015-03-31&end_date=2015-04-03&timezone=UTC&hourly=wind_speed_10m%2Cwind_direction_10m&models=era5&wind_speed_unit=ms&cell_selection=nearest,ok,ffa903f73b15d6bfa5845b78dc8a53c715bc12819b5760c66de0274c5eed275d,2977,2026-09-26T08:37:30.154754+00:00
S2:MSM41_litter-T7,wave,data/external/metocean/wave_1afdd74b2d12d120455b5e05.json,https://marine-api.open-meteo.com/v1/marine?latitude=29.4284&longitude=-69.942583&start_date=2015-03-31&end_date=2015-04-03&timezone=UTC&hourly=wave_height%2Cwave_direction%2Cwave_period&models=era5_ocean&cell_selection=sea,ok,5361f3288e3c92b4cf46d299e7bb0be0fa1a2d9c3db21c89a1cb358f1f6cd9a1,3456,2026-09-26T08:37:30.166035+00:00
S2:MSM41_litter-T7,current,data/external/metocean/current_39119aa35bd7359f60092879.nc,https://ncss.hycom.org/thredds/ncss/GLBv0.08/expt_53.X/data/2015?var=water_u&var=water_v&north=29.5094&south=29.3474&west=-70.023583&east=-69.861583&time_start=2015-03-31T00%3A00%3A00Z&time_end=2015-04-03T23%3A59%3A59Z&vertCoord=0&accept=netcdf&disableProjSubset=on,ok,6e6c95e5b42f405e502f7ec2c52beb6f41c7ffec4cff7bd077f4f5c0b1495612,4244,2026-09-26T08:37:39.839164+00:00
S2:MSM41_litter-T6,wind,data/external/metocean/wind_f16d78a54db6bab15b1893ee.json,https://archive-api.open-meteo.com/v1/archive?latitude=29.847233&longitude=-69.880942&start_date=2015-03-31&end_date=2015-04-03&timezone=UTC&hourly=wind_speed_10m%2Cwind_direction_10m&models=era5&wind_speed_unit=ms&cell_selection=nearest,ok,f62eca9356fc01423dc19302af87cc63297d7438dea04a486f6fd655321c74a1,2976,2026-09-26T08:37:30.408369+00:00
S2:MSM41_litter-T6,wave,data/external/metocean/wave_d6feb34798ae20a9d892e48d.json,https://marine-api.open-meteo.com/v1/marine?latitude=29.847233&longitude=-69.880942&start_date=2015-03-31&end_date=2015-04-03&timezone=UTC&hourly=wave_height%2Cwave_direction%2Cwave_period&models=era5_ocean&cell_selection=sea,ok,f2e522f91b812dea40a7b6fcf68fcfa84e4c229fd6140b55786fddeb7ad8a0aa,3457,2026-09-26T08:37:30.676267+00:00
S2:MSM41_litter-T6,current,data/external/metocean/current_3557ce8d7e9e99f758e16d3e.nc,https://ncss.hycom.org/thredds/ncss/GLBv0.08/expt_53.X/data/2015?var=water_u&var=water_v&north=29.928233&south=29.766233&west=-69.96194200000001&east=-69.799942&time_start=2015-03-31T00%3A00%3A00Z&time_end=2015-04-03T23%3A59%3A59Z&vertCoord=0&accept=netcdf&disableProjSubset=on,ok,0bdb310f2ec1ec9215ea1ce66411d1dc7915f9124378c80054c797186c7f5a12,4636,2026-09-26T08:37:34.604953+00:00
S2:MSM41_litter-T10,wind,data/external/metocean/wind_0d781c9c53fe5477bbb6fa09.json,https://archive-api.open-meteo.com/v1/archive?latitude=27.447242&longitude=-69.835292&start_date=2015-04-01&end_date=2015-04-04&timezone=UTC&hourly=wind_speed_10m%2Cwind_direction_10m&models=era5&wind_speed_unit=ms&cell_selection=nearest,ok,53118246d15537c62bcd53d6fc576a564d805031c01890c9ca2b3b4f4e27ca72,2972,2026-09-26T08:37:31.085636+00:00
S2:MSM41_litter-T10,wave,data/external/metocean/wave_4cce53af76ff205d9697800c.json,https://marine-api.open-meteo.com/v1/marine?latitude=27.447242&longitude=-69.835292&start_date=2015-04-01&end_date=2015-04-04&timezone=UTC&hourly=wave_height%2Cwave_direction%2Cwave_period&models=era5_ocean&cell_selection=sea,ok,dd9c01c1cd5aa1e0a0e7a7e4e59c11c3391eeeff30668ab6878685c6cd27a54d,3432,2026-09-26T08:37:31.350009+00:00
S2:MSM41_litter-T10,current,data/external/metocean/current_9008331b8e565089fbbccfc6.nc,https://ncss.hycom.org/thredds/ncss/GLBv0.08/expt_53.X/data/2015?var=water_u&var=water_v&north=27.528242&south=27.366242&west=-69.916292&east=-69.75429199999999&time_start=2015-04-01T00%3A00%3A00Z&time_end=2015-04-04T23%3A59%3A59Z&vertCoord=0&accept=netcdf&disableProjSubset=on,ok,fced1b88252cbf911b19d201615f021c0f844aeb565c50eb365a1db8e744585f,4244,2026-09-26T08:37:42.660388+00:00
S2:MSM41_litter-T12,wind,data/external/metocean/wind_33aa26d0abb4f675fc9ea3de.json,https://archive-api.open-meteo.com/v1/archive?latitude=25.890125&longitude=-69.949392&start_date=2015-04-02&end_date=2015-04-05&timezone=UTC&hourly=wind_speed_10m%2Cwind_direction_10m&models=era5&wind_speed_unit=ms&cell_selection=nearest,ok,111cb2da2dcb802584dc73dd5af4f410d22e1431380519124c7a1b51f764b1f0,2924,2026-09-26T08:37:34.854864+00:00
S2:MSM41_litter-T12,wave,data/external/metocean/wave_ce5d985b85ccab60f6466875.json,https://marine-api.open-meteo.com/v1/marine?latitude=25.890125&longitude=-69.949392&start_date=2015-04-02&end_date=2015-04-05&timezone=UTC&hourly=wave_height%2Cwave_direction%2Cwave_period&models=era5_ocean&cell_selection=sea,ok,44afc72c4e316fbd76669d57c2d411c821f37b950f29803d8d84d3a9e233285e,3396,2026-09-26T08:37:35.111575+00:00
S2:MSM41_litter-T12,current,data/external/metocean/current_378a6bf171b62c2c47812db4.nc,https://ncss.hycom.org/thredds/ncss/GLBv0.08/expt_53.X/data/2015?var=water_u&var=water_v&north=25.971125&south=25.809125&west=-70.030392&east=-69.868392&time_start=2015-04-02T00%3A00%3A00Z&time_end=2015-04-05T23%3A59%3A59Z&vertCoord=0&accept=netcdf&disableProjSubset=on,ok,052281c53947c89c7fdcc6e7387f50953a8f1d02b87dc8fe56f45d8fc695e360,4244,2026-09-26T08:37:47.152269+00:00
S2:MSM41_litter-T11,wind,data/external/metocean/wind_2f1b791413f4f82b65487703.json,https://archive-api.open-meteo.com/v1/archive?latitude=26.059658&longitude=-70.001758&start_date=2015-04-02&end_date=2015-04-05&timezone=UTC&hourly=wind_speed_10m%2Cwind_direction_10m&models=era5&wind_speed_unit=ms&cell_selection=nearest,ok,2b43a28279a4fc102b0ce3f85fd6e315e64772cb96b52382c169ec244f6d08b8,2924,2026-09-26T08:37:38.581944+00:00
S2:MSM41_litter-T11,wave,data/external/metocean/wave_5f470c1a7f695dbcba76769f.json,https://marine-api.open-meteo.com/v1/marine?latitude=26.059658&longitude=-70.001758&start_date=2015-04-02&end_date=2015-04-05&timezone=UTC&hourly=wave_height%2Cwave_direction%2Cwave_period&models=era5_ocean&cell_selection=sea,ok,411c9c8e087416dbcbdc30e79b45cb92d47cd1396c238180dc0d785bfe99a490,3396,2026-09-26T08:37:38.833641+00:00
S2:MSM41_litter-T11,current,data/external/metocean/current_97981366c29108a137f6e046.nc,https://ncss.hycom.org/thredds/ncss/GLBv0.08/expt_53.X/data/2015?var=water_u&var=water_v&north=26.140658&south=25.978658&west=-70.082758&east=-69.92075799999999&time_start=2015-04-02T00%3A00%3A00Z&time_end=2015-04-05T23%3A59%3A59Z&vertCoord=0&accept=netcdf&disableProjSubset=on,ok,03301e26b5bd885d53ed04e256bfb925cce95cb53621f3d883e272f2ef2c9583,4244,2026-09-26T08:37:47.151915+00:00
S2:MSM41_litter-T16,wind,data/external/metocean/wind_3a183df4f8afc5e6f6a92d45.json,https://archive-api.open-meteo.com/v1/archive?latitude=24.22615&longitude=-68.922984&start_date=2015-04-03&end_date=2015-04-06&timezone=UTC&hourly=wind_speed_10m%2Cwind_direction_10m&models=era5&wind_speed_unit=ms&cell_selection=nearest,ok,332c8b53f5335ec282ddd6385b8fbada57a06ea96ab39bb602adb53c2cab3fa5,2907,2026-09-26T08:37:40.090076+00:00
S2:MSM41_litter-T16,wave,data/external/metocean/wave_31645ccb23d0c605efea32f6.json,https://marine-api.open-meteo.com/v1/marine?latitude=24.22615&longitude=-68.922984&start_date=2015-04-03&end_date=2015-04-06&timezone=UTC&hourly=wave_height%2Cwave_direction%2Cwave_period&models=era5_ocean&cell_selection=sea,ok,3a6ad0130224e59d02c696d22e9e9c45e7856b4281284a0f32b39790cb02ba6b,3395,2026-09-26T08:37:40.372381+00:00
S2:MSM41_litter-T16,current,data/external/metocean/current_156c6e0561aa73204fd787a6.nc,https://ncss.hycom.org/thredds/ncss/GLBv0.08/expt_53.X/data/2015?var=water_u&var=water_v&north=24.30715&south=24.14515&west=-69.003984&east=-68.841984&time_start=2015-04-03T00%3A00%3A00Z&time_end=2015-04-06T23%3A59%3A59Z&vertCoord=0&accept=netcdf&disableProjSubset=on,ok,d79973f315431d1f16be96a99dbda23e63a32757fbfde69cebd5de3d918c32c5,4244,2026-09-26T08:37:48.768564+00:00
S2:MSM41_litter-T15,wind,data/external/metocean/wind_412567bfd0b391e0686f7fb2.json,https://archive-api.open-meteo.com/v1/archive?latitude=24.381&longitude=-69.437308&start_date=2015-04-03&end_date=2015-04-06&timezone=UTC&hourly=wind_speed_10m%2Cwind_direction_10m&models=era5&wind_speed_unit=ms&cell_selection=nearest,ok,6fc0a2262a88556bf3898393084646edff6657c5bcd86d1a808c278c10cae400,2905,2026-09-26T08:37:42.907386+00:00
S2:MSM41_litter-T15,wave,data/external/metocean/wave_71a891cf4c026a7ea443284e.json,https://marine-api.open-meteo.com/v1/marine?latitude=24.381&longitude=-69.437308&start_date=2015-04-03&end_date=2015-04-06&timezone=UTC&hourly=wave_height%2Cwave_direction%2Cwave_period&models=era5_ocean&cell_selection=sea,ok,38d87faa15071d4b87de75b298c040665059d67b38ac3852248e93dfbb13010f,3395,2026-09-26T08:37:43.176487+00:00
S2:MSM41_litter-T15,current,data/external/metocean/current_496e87987400a76585867f5f.nc,https://ncss.hycom.org/thredds/ncss/GLBv0.08/expt_53.X/data/2015?var=water_u&var=water_v&north=24.462&south=24.3&west=-69.518308&east=-69.356308&time_start=2015-04-03T00%3A00%3A00Z&time_end=2015-04-06T23%3A59%3A59Z&vertCoord=0&accept=netcdf&disableProjSubset=on,ok,40b59276aa9ffe6272eec70fabfb690915c955501d1de58c0e4b86b5a17a957d,4244,2026-09-26T08:37:48.845386+00:00
S2:MSM41_litter-T14,wind,data/external/metocean/wind_c39f188706ffd0adb383a4f9.json,https://archive-api.open-meteo.com/v1/archive?latitude=24.508533&longitude=-69.861&start_date=2015-04-03&end_date=2015-04-06&timezone=UTC&hourly=wind_speed_10m%2Cwind_direction_10m&models=era5&wind_speed_unit=ms&cell_selection=nearest,ok,83f6053c7f0897603cfbb5a254d4bc6d1be69da1787313fde82624eaa1bdcb33,2912,2026-09-26T08:37:47.403386+00:00
S2:MSM41_litter-T14,wave,data/external/metocean/wave_dde1ba6feb30ecb4b066fd88.json,https://marine-api.open-meteo.com/v1/marine?latitude=24.508533&longitude=-69.861&start_date=2015-04-03&end_date=2015-04-06&timezone=UTC&hourly=wave_height%2Cwave_direction%2Cwave_period&models=era5_ocean&cell_selection=sea,ok,616ed3a44b5b4fe55348210fc76c42dc3770aad45c2576b92d4228d4872fb8b2,3396,2026-09-26T08:37:47.410703+00:00
S2:MSM41_litter-T14,current,data/external/metocean/current_047313cafaab287013c74aef.nc,https://ncss.hycom.org/thredds/ncss/GLBv0.08/expt_53.X/data/2015?var=water_u&var=water_v&north=24.589533&south=24.427533&west=-69.94200000000001&east=-69.78&time_start=2015-04-03T00%3A00%3A00Z&time_end=2015-04-06T23%3A59%3A59Z&vertCoord=0&accept=netcdf&disableProjSubset=on,ok,4e5e34b3459502e981adf2bd25ff9797f6ab83b4a2807bbfc6510eb8dcd62e77,4244,2026-09-26T08:37:48.839600+00:00
S2:MSM41_litter-T13,wind,data/external/metocean/wind_0913239ab6d55fc55cb767ef.json,https://archive-api.open-meteo.com/v1/archive?latitude=24.820067&longitude=-69.977716&start_date=2015-04-03&end_date=2015-04-06&timezone=UTC&hourly=wind_speed_10m%2Cwind_direction_10m&models=era5&wind_speed_unit=ms&cell_selection=nearest,ok,d38d5c29f0168f804b6df18a7f6f49a597c49e3f384991e73454da1c888bbb53,2908,2026-09-26T08:37:47.657644+00:00
S2:MSM41_litter-T13,wave,data/external/metocean/wave_75810bb2ca76cc915c9bfa79.json,https://marine-api.open-meteo.com/v1/marine?latitude=24.820067&longitude=-69.977716&start_date=2015-04-03&end_date=2015-04-06&timezone=UTC&hourly=wave_height%2Cwave_direction%2Cwave_period&models=era5_ocean&cell_selection=sea,ok,65556bd997c7adfb7caa368ba20488237f429be729cabc5494794b4e6a7704d6,3395,2026-09-26T08:37:47.932801+00:00
S2:MSM41_litter-T13,current,data/external/metocean/current_865e2c88f015709e15a09863.nc,https://ncss.hycom.org/thredds/ncss/GLBv0.08/expt_53.X/data/2015?var=water_u&var=water_v&north=24.901067&south=24.739067000000002&west=-70.058716&east=-69.896716&time_start=2015-04-03T00%3A00%3A00Z&time_end=2015-04-06T23%3A59%3A59Z&vertCoord=0&accept=netcdf&disableProjSubset=on,ok,58d4f62cf16efe4689e7d72827ebf75d071107e69fb79ae1ae8f0e7a6718f759,4244,2026-09-26T08:37:48.845671+00:00
S2:MSM41_litter-T17,wind,data/external/metocean/wind_fa170e1b84ac70e19d8dc3f2.json,https://archive-api.open-meteo.com/v1/archive?latitude=23.631092&longitude=-67.0049&start_date=2015-04-04&end_date=2015-04-07&timezone=UTC&hourly=wind_speed_10m%2Cwind_direction_10m&models=era5&wind_speed_unit=ms&cell_selection=nearest,ok,aa125f6cd736716f6f8914baa9ada3693c47870f9e2fa66120f4bf0de4e0c571,2915,2026-09-26T08:37:49.027249+00:00
S2:MSM41_litter-T17,wave,data/external/metocean/wave_67128af1efb049835acc52b3.json,https://marine-api.open-meteo.com/v1/marine?latitude=23.631092&longitude=-67.0049&start_date=2015-04-04&end_date=2015-04-07&timezone=UTC&hourly=wave_height%2Cwave_direction%2Cwave_period&models=era5_ocean&cell_selection=sea,ok,0b69d123979ba945e318946704c8165caea54fb3dc453baa5a44c84875d97834,3395,2026-09-26T08:37:49.100147+00:00
S2:MSM41_litter-T17,current,data/external/metocean/current_e2bf552b3de67b094007afeb.nc,https://ncss.hycom.org/thredds/ncss/GLBv0.08/expt_53.X/data/2015?var=water_u&var=water_v&north=23.712092&south=23.550092&west=-67.08590000000001&east=-66.9239&time_start=2015-04-04T00%3A00%3A00Z&time_end=2015-04-07T23%3A59%3A59Z&vertCoord=0&accept=netcdf&disableProjSubset=on,ok,012710295d79f720fd87872aa803abe86b095ef78bfc598ec3bf952fd6ce4800,4244,2026-09-26T08:37:53.897596+00:00
S2:MSM41_litter-T18,wind,data/external/metocean/wind_343423211b283ed667b810ba.json,https://archive-api.open-meteo.com/v1/archive?latitude=24.171909&longitude=-66.964783&start_date=2015-04-04&end_date=2015-04-07&timezone=UTC&hourly=wind_speed_10m%2Cwind_direction_10m&models=era5&wind_speed_unit=ms&cell_selection=nearest,ok,2260b812f6dc3e9c2894623d88efc891a0aa09339cc28152e10328148588c75d,2917,2026-09-26T08:37:49.094009+00:00
S2:MSM41_litter-T18,wave,data/external/metocean/wave_bf67fdbc5e259d7982e64c32.json,https://marine-api.open-meteo.com/v1/marine?latitude=24.171909&longitude=-66.964783&start_date=2015-04-04&end_date=2015-04-07&timezone=UTC&hourly=wave_height%2Cwave_direction%2Cwave_period&models=era5_ocean&cell_selection=sea,ok,9d37b142e50c5480a76d999ebc4d44c8d93eba324aef539e1ef304f2a037014c,3396,2026-09-26T08:37:49.290900+00:00
S2:MSM41_litter-T18,current,data/external/metocean/current_3d795c38c0ad9fb0c2ca6ed3.nc,https://ncss.hycom.org/thredds/ncss/GLBv0.08/expt_53.X/data/2015?var=water_u&var=water_v&north=24.252909&south=24.090909&west=-67.045783&east=-66.883783&time_start=2015-04-04T00%3A00%3A00Z&time_end=2015-04-07T23%3A59%3A59Z&vertCoord=0&accept=netcdf&disableProjSubset=on,ok,6b639b0c7e97e1c3ec0e33eb7e04920a2f8084d6d26df9a252ff63a802e83631,4244,2026-09-26T08:37:53.367775+00:00
S2:MSM41_litter-T19,wind,data/external/metocean/wind_9baca0dac532d40be1fb4076.json,https://archive-api.open-meteo.com/v1/archive?latitude=25.320633&longitude=-66.907584&start_date=2015-04-05&end_date=2015-04-08&timezone=UTC&hourly=wind_speed_10m%2Cwind_direction_10m&models=era5&wind_speed_unit=ms&cell_selection=nearest,ok,b3a129b7a894cbd7f10b0c599566dc2090ebdf5f388f777e1dc22ef0c8c904f3,2932,2026-09-26T08:37:49.358693+00:00
S2:MSM41_litter-T19,wave,data/external/metocean/wave_5314133d11d725086ed046db.json,https://marine-api.open-meteo.com/v1/marine?latitude=25.320633&longitude=-66.907584&start_date=2015-04-05&end_date=2015-04-08&timezone=UTC&hourly=wave_height%2Cwave_direction%2Cwave_period&models=era5_ocean&cell_selection=sea,ok,27d7b362e6ff4398c09ba84e856467be7477ca2406607221f3beac2d043d79d4,3395,2026-09-26T08:37:49.549256+00:00
S2:MSM41_litter-T19,current,data/external/metocean/current_b7dd96abaadbc90b6d28a8cb.nc,https://ncss.hycom.org/thredds/ncss/GLBv0.08/expt_53.X/data/2015?var=water_u&var=water_v&north=25.401633&south=25.239633&west=-66.988584&east=-66.826584&time_start=2015-04-05T00%3A00%3A00Z&time_end=2015-04-08T23%3A59%3A59Z&vertCoord=0&accept=netcdf&disableProjSubset=on,ok,26918d73acd7b130d78443311364b5e13e715d166a6f9fe0b276c223c8a28f37,4636,2026-09-26T08:37:54.432671+00:00
S2:MSM41_litter-T20,wind,data/external/metocean/wind_452316c7d155f981bc08be3a.json,https://archive-api.open-meteo.com/v1/archive?latitude=25.718666&longitude=-66.96495&start_date=2015-04-05&end_date=2015-04-08&timezone=UTC&hourly=wind_speed_10m%2Cwind_direction_10m&models=era5&wind_speed_unit=ms&cell_selection=nearest,ok,ddcf97cb83fc75cb309933cbaa3909c311736149dfe8d8efbdbe2e4bd21ee28a,2937,2026-09-26T08:37:49.791311+00:00
S2:MSM41_litter-T20,wave,data/external/metocean/wave_ee12d89aa988ecf4e2029f72.json,https://marine-api.open-meteo.com/v1/marine?latitude=25.718666&longitude=-66.96495&start_date=2015-04-05&end_date=2015-04-08&timezone=UTC&hourly=wave_height%2Cwave_direction%2Cwave_period&models=era5_ocean&cell_selection=sea,ok,0b64d220293c8ff1b3994418a8fc560b283515eb10f691f0c668d612c22885a2,3396,2026-09-26T08:37:50.047330+00:00
S2:MSM41_litter-T20,current,data/external/metocean/current_7e91b81d66f6fbb07b9ddda8.nc,https://ncss.hycom.org/thredds/ncss/GLBv0.08/expt_53.X/data/2015?var=water_u&var=water_v&north=25.799666&south=25.637666&west=-67.04595&east=-66.88395&time_start=2015-04-05T00%3A00%3A00Z&time_end=2015-04-08T23%3A59%3A59Z&vertCoord=0&accept=netcdf&disableProjSubset=on,ok,5b860e45da34694fa146d0757f0d5024ca5617f5337d84da44e3d1ff78af0fb3,4244,2026-09-26T08:37:54.433080+00:00
S2:MSM41_litter-T21,wind,data/external/metocean/wind_033273304a4a10266d4e01c3.json,https://archive-api.open-meteo.com/v1/archive?latitude=26.122325&longitude=-66.939225&start_date=2015-04-05&end_date=2015-04-08&timezone=UTC&hourly=wind_speed_10m%2Cwind_direction_10m&models=era5&wind_speed_unit=ms&cell_selection=nearest,ok,36f36417db7a58b2d0701a84a3f7be8def53f175d602a4ece737fd1a9c106502,2940,2026-09-26T08:37:54.074451+00:00
S2:MSM41_litter-T21,wave,data/external/metocean/wave_51ab26e198340e6ff0076756.json,https://marine-api.open-meteo.com/v1/marine?latitude=26.122325&longitude=-66.939225&start_date=2015-04-05&end_date=2015-04-08&timezone=UTC&hourly=wave_height%2Cwave_direction%2Cwave_period&models=era5_ocean&cell_selection=sea,ok,3371beb103283ff55ff6c9732c556666e95229a335e2b18264af3bb43a19354b,3396,2026-09-26T08:37:54.603155+00:00
S2:MSM41_litter-T21,current,data/external/metocean/current_add9172cf94c4d957188b011.nc,https://ncss.hycom.org/thredds/ncss/GLBv0.08/expt_53.X/data/2015?var=water_u&var=water_v&north=26.203325&south=26.041325&west=-67.020225&east=-66.85822499999999&time_start=2015-04-05T00%3A00%3A00Z&time_end=2015-04-08T23%3A59%3A59Z&vertCoord=0&accept=netcdf&disableProjSubset=on,ok,22d967aed407ad1f2658a6e9678e39566dd0b7d513b7170b48c9c297584949dd,4244,2026-09-26T08:37:55.327735+00:00
S2:MSM41_litter-T22,wind,data/external/metocean/wind_144cb4e6cf1a5dad6fca3463.json,https://archive-api.open-meteo.com/v1/archive?latitude=27.715733&longitude=-66.977675&start_date=2015-04-06&end_date=2015-04-09&timezone=UTC&hourly=wind_speed_10m%2Cwind_direction_10m&models=era5&wind_speed_unit=ms&cell_selection=nearest,ok,bcf6e00ebd8dd8c908677c3f8be2eeaa48ebc4b99819e71f08a47627a554c135,2954,2026-09-26T08:37:55.033460+00:00
S2:MSM41_litter-T22,wave,data/external/metocean/wave_8d88bc8e8db3ffeabdac9b3a.json,https://marine-api.open-meteo.com/v1/marine?latitude=27.715733&longitude=-66.977675&start_date=2015-04-06&end_date=2015-04-09&timezone=UTC&hourly=wave_height%2Cwave_direction%2Cwave_period&models=era5_ocean&cell_selection=sea,ok,2a56841db509ffde3a0fae780fc620fa729e20aa966192607bc959650c40f816,3395,2026-09-26T08:37:55.033598+00:00
S2:MSM41_litter-T22,current,data/external/metocean/current_ac7011219e71eb0f9437671f.nc,https://ncss.hycom.org/thredds/ncss/GLBv0.08/expt_53.X/data/2015?var=water_u&var=water_v&north=27.796733&south=27.634733&west=-67.05867500000001&east=-66.896675&time_start=2015-04-06T00%3A00%3A00Z&time_end=2015-04-09T23%3A59%3A59Z&vertCoord=0&accept=netcdf&disableProjSubset=on,ok,2c39cc645b066bd09df86656287727bed982f060cfc3d10bafeb9bb919ae0287,4244,2026-09-26T08:37:58.983566+00:00
S2:MSM41_litter-T23,wind,data/external/metocean/wind_bd52b68721fde8a32d12a6de.json,https://archive-api.open-meteo.com/v1/archive?latitude=28.200058&longitude=-66.920958&start_date=2015-04-06&end_date=2015-04-09&timezone=UTC&hourly=wind_speed_10m%2Cwind_direction_10m&models=era5&wind_speed_unit=ms&cell_selection=nearest,ok,b218eed927268046d5a8bd808c93aa7e46c919a059e8dbc8f50b2c97e174c750,2947,2026-09-26T08:37:55.283414+00:00
S2:MSM41_litter-T23,wave,data/external/metocean/wave_cbd509a7fd78d16625447cb5.json,https://marine-api.open-meteo.com/v1/marine?latitude=28.200058&longitude=-66.920958&start_date=2015-04-06&end_date=2015-04-09&timezone=UTC&hourly=wave_height%2Cwave_direction%2Cwave_period&models=era5_ocean&cell_selection=sea,ok,98d54880af542fd28757f176cd0e5b0ddfef630bc5a7d7838e248e29caf800b9,3395,2026-09-26T08:37:55.292273+00:00
S2:MSM41_litter-T23,current,data/external/metocean/current_c6e0d0de8c3e7e1a87823620.nc,https://ncss.hycom.org/thredds/ncss/GLBv0.08/expt_53.X/data/2015?var=water_u&var=water_v&north=28.281057999999998&south=28.119058&west=-67.001958&east=-66.839958&time_start=2015-04-06T00%3A00%3A00Z&time_end=2015-04-09T23%3A59%3A59Z&vertCoord=0&accept=netcdf&disableProjSubset=on,ok,c2d59d7ee30a58e140ecb2e974e017773993bf454287700dbd2583e0e5d817a5,5156,2026-09-26T08:37:58.983783+00:00
S2:MSM41_litter-T24,wind,data/external/metocean/wind_2978066af92b7f3e7d0f458e.json,https://archive-api.open-meteo.com/v1/archive?latitude=28.813958&longitude=-66.986041&start_date=2015-04-06&end_date=2015-04-09&timezone=UTC&hourly=wind_speed_10m%2Cwind_direction_10m&models=era5&wind_speed_unit=ms&cell_selection=nearest,ok,6b5a0deea498d2fb267813bf88e73ac90fe8f9056e2a79a5c294d619d5e4a41b,2947,2026-09-26T08:37:55.542413+00:00
S2:MSM41_litter-T24,wave,data/external/metocean/wave_071396ff848208b6b307dcef.json,https://marine-api.open-meteo.com/v1/marine?latitude=28.813958&longitude=-66.986041&start_date=2015-04-06&end_date=2015-04-09&timezone=UTC&hourly=wave_height%2Cwave_direction%2Cwave_period&models=era5_ocean&cell_selection=sea,ok,55dff84085224f715719a067f210c670d859ca3e8879c9f4283e946dcc02f536,3396,2026-09-26T08:37:55.591232+00:00
S2:MSM41_litter-T24,current,data/external/metocean/current_37d64b274796c310ffde5631.nc,https://ncss.hycom.org/thredds/ncss/GLBv0.08/expt_53.X/data/2015?var=water_u&var=water_v&north=28.894958&south=28.732958&west=-67.067041&east=-66.905041&time_start=2015-04-06T00%3A00%3A00Z&time_end=2015-04-09T23%3A59%3A59Z&vertCoord=0&accept=netcdf&disableProjSubset=on,ok,c2aa0c8fd03a6563f827ec4619ac8e4a34385d20f65ae35ef21f875e3ac6c695,4244,2026-09-26T08:37:58.984753+00:00
S2:MSM41_litter-T25,wind,data/external/metocean/wind_23b5f41fc0413ca1f9c4d254.json,https://archive-api.open-meteo.com/v1/archive?latitude=30.345483&longitude=-66.914183&start_date=2015-04-07&end_date=2015-04-10&timezone=UTC&hourly=wind_speed_10m%2Cwind_direction_10m&models=era5&wind_speed_unit=ms&cell_selection=nearest,ok,1888d071c22ff00e43fa9967c8d560d93e45ade14783ed1b532c584e249d8351,2968,2026-09-26T08:37:55.843382+00:00
S2:MSM41_litter-T25,wave,data/external/metocean/wave_2c6df78b952dc2c191a8d50e.json,https://marine-api.open-meteo.com/v1/marine?latitude=30.345483&longitude=-66.914183&start_date=2015-04-07&end_date=2015-04-10&timezone=UTC&hourly=wave_height%2Cwave_direction%2Cwave_period&models=era5_ocean&cell_selection=sea,ok,0fb6c64253e948e614174d231dd6243194c3c765186df344062540577c04bd1a,3429,2026-09-26T08:37:56.116148+00:00
S2:MSM41_litter-T25,current,data/external/metocean/current_43f588122eacc103daaa0262.nc,https://ncss.hycom.org/thredds/ncss/GLBv0.08/expt_53.X/data/2015?var=water_u&var=water_v&north=30.426483&south=30.264483000000002&west=-66.995183&east=-66.83318299999999&time_start=2015-04-07T00%3A00%3A00Z&time_end=2015-04-10T23%3A59%3A59Z&vertCoord=0&accept=netcdf&disableProjSubset=on,ok,48519447414cd361f643472911f9ceedd0c7f26c54f2e3c1ef9f0123caa1a226,4244,2026-09-26T08:37:59.576703+00:00
S2:MSM41_litter-T26,wind,data/external/metocean/wind_61af0a0697fc2d227203b0eb.json,https://archive-api.open-meteo.com/v1/archive?latitude=30.926767&longitude=-66.995858&start_date=2015-04-07&end_date=2015-04-10&timezone=UTC&hourly=wind_speed_10m%2Cwind_direction_10m&models=era5&wind_speed_unit=ms&cell_selection=nearest,ok,725d43872ada0e74e52f1a6e1f0002818b552cd025af46d70ddfb98ba2dd8e7e,2967,2026-09-26T08:37:59.236338+00:00
S2:MSM41_litter-T26,wave,data/external/metocean/wave_2fc3d1ffc8e6a518fd76b137.json,https://marine-api.open-meteo.com/v1/marine?latitude=30.926767&longitude=-66.995858&start_date=2015-04-07&end_date=2015-04-10&timezone=UTC&hourly=wave_height%2Cwave_direction%2Cwave_period&models=era5_ocean&cell_selection=sea,ok,05b02d03e8fd4c56ee9040741f5401cfb1ee5a105a9d85a5f462b30b52dca31c,3434,2026-09-26T08:37:59.264890+00:00
S2:MSM41_litter-T26,current,data/external/metocean/current_500656d62eff1527ebe74d93.nc,https://ncss.hycom.org/thredds/ncss/GLBv0.08/expt_53.X/data/2015?var=water_u&var=water_v&north=31.007767&south=30.845767000000002&west=-67.076858&east=-66.914858&time_start=2015-04-07T00%3A00%3A00Z&time_end=2015-04-10T23%3A59%3A59Z&vertCoord=0&accept=netcdf&disableProjSubset=on,ok,120427b4de07da80b5aa548dfdf8d7d7bf8d5c3202bfaf3e30f89b7dea48434a,4244,2026-09-26T08:38:00.507000+00:00
S2:MSM41_litter-T27,wind,data/external/metocean/wind_538caf1feabcede739518da8.json,https://archive-api.open-meteo.com/v1/archive?latitude=30.997183&longitude=-66.595009&start_date=2015-04-08&end_date=2015-04-11&timezone=UTC&hourly=wind_speed_10m%2Cwind_direction_10m&models=era5&wind_speed_unit=ms&cell_selection=nearest,ok,7681d75065d17e382e0a0c082fa4830f06ca5c12be0595f6d76e0f5e1989af14,2988,2026-09-26T08:37:59.486134+00:00
S2:MSM41_litter-T27,wave,data/external/metocean/wave_5405b9647f6403eb697e3eda.json,https://marine-api.open-meteo.com/v1/marine?latitude=30.997183&longitude=-66.595009&start_date=2015-04-08&end_date=2015-04-11&timezone=UTC&hourly=wave_height%2Cwave_direction%2Cwave_period&models=era5_ocean&cell_selection=sea,ok,f8612a86afac0e70ee17f3c7342fde5c865d335328616424c968b0fe29bbe4cd,3435,2026-09-26T08:37:59.526983+00:00
S2:MSM41_litter-T27,current,data/external/metocean/current_9306510fac79c7dd65d3c712.nc,https://ncss.hycom.org/thredds/ncss/GLBv0.08/expt_53.X/data/2015?var=water_u&var=water_v&north=31.078183&south=30.916183&west=-66.67600900000001&east=-66.514009&time_start=2015-04-08T00%3A00%3A00Z&time_end=2015-04-11T23%3A59%3A59Z&vertCoord=0&accept=netcdf&disableProjSubset=on,ok,13a578c83523d8862dd3f1d7ea1022eb2eae1eac30a68be4858f4d462692ba21,4204,2026-09-26T08:38:01.473471+00:00
S2:MSM41_litter-T29,wind,data/external/metocean/wind_d1cf6824977a60ec53b63c0e.json,https://archive-api.open-meteo.com/v1/archive?latitude=30.997183&longitude=-64.883&start_date=2015-04-08&end_date=2015-04-11&timezone=UTC&hourly=wind_speed_10m%2Cwind_direction_10m&models=era5&wind_speed_unit=ms&cell_selection=nearest,ok,234966685783ee181e19e8f58d8eca3a84e368da17c5d1206d3834d4d7c13ea0,2991,2026-09-26T08:37:59.788866+00:00
S2:MSM41_litter-T29,wave,data/external/metocean/wave_e12272b2c870ac3532ba0936.json,https://marine-api.open-meteo.com/v1/marine?latitude=30.997183&longitude=-64.883&start_date=2015-04-08&end_date=2015-04-11&timezone=UTC&hourly=wave_height%2Cwave_direction%2Cwave_period&models=era5_ocean&cell_selection=sea,ok,cac0e365cefa725dd52801a166792440fc9719ce9396edc8a5b3f61bd023501d,3446,2026-09-26T08:37:59.851441+00:00
S2:MSM41_litter-T29,current,data/external/metocean/current_30086436f23ed828e71eaf02.nc,https://ncss.hycom.org/thredds/ncss/GLBv0.08/expt_53.X/data/2015?var=water_u&var=water_v&north=31.078183&south=30.916183&west=-64.964&east=-64.80199999999999&time_start=2015-04-08T00%3A00%3A00Z&time_end=2015-04-11T23%3A59%3A59Z&vertCoord=0&accept=netcdf&disableProjSubset=on,ok,b86fca234576bc148a283b43b17d0759266e917059c2ba809bc40f6c0144f831,4204,2026-09-26T08:38:01.497669+00:00
S2:MSM41_litter-T28,wind,data/external/metocean/wind_1716b786bf3375f75835bdf9.json,https://archive-api.open-meteo.com/v1/archive?latitude=30.997284&longitude=-65.979391&start_date=2015-04-08&end_date=2015-04-11&timezone=UTC&hourly=wind_speed_10m%2Cwind_direction_10m&models=era5&wind_speed_unit=ms&cell_selection=nearest,ok,2b5995fb682f9d32ba44c8d6b02e76f06f7632387c42cc513f41e605daa79dbe,2988,2026-09-26T08:38:00.103939+00:00
S2:MSM41_litter-T28,wave,data/external/metocean/wave_b36e9ee9efc06b4451646104.json,https://marine-api.open-meteo.com/v1/marine?latitude=30.997284&longitude=-65.979391&start_date=2015-04-08&end_date=2015-04-11&timezone=UTC&hourly=wave_height%2Cwave_direction%2Cwave_period&models=era5_ocean&cell_selection=sea,ok,a0107156379c5c412367f3f701b50ae5f15ee54d5cdf17a0db7af03c3b427211,3437,2026-09-26T08:38:00.372002+00:00
S2:MSM41_litter-T28,current,data/external/metocean/current_dc34b151ae3ab83041ecdf15.nc,https://ncss.hycom.org/thredds/ncss/GLBv0.08/expt_53.X/data/2015?var=water_u&var=water_v&north=31.078284&south=30.916284&west=-66.06039100000001&east=-65.898391&time_start=2015-04-08T00%3A00%3A00Z&time_end=2015-04-11T23%3A59%3A59Z&vertCoord=0&accept=netcdf&disableProjSubset=on,ok,6dc830b398c6c90b2aa7e13083a4aa1da3fcf97dd3985946a00352c6984a925b,4204,2026-09-26T08:38:01.473597+00:00
S2:MSM41_litter-T32,wind,data/external/metocean/wind_067e15a1afa9def7d7b4069d.json,https://archive-api.open-meteo.com/v1/archive?latitude=29.8256&longitude=-64.056933&start_date=2015-04-09&end_date=2015-04-12&timezone=UTC&hourly=wind_speed_10m%2Cwind_direction_10m&models=era5&wind_speed_unit=ms&cell_selection=nearest,ok,01f32d87e3508294fb2018a77cedbb4bbb0890dcce1acd110e6d6031655f7725,2994,2026-09-26T08:38:00.746045+00:00
S2:MSM41_litter-T32,wave,data/external/metocean/wave_1c64abca4642ea2f1d09c2f1.json,https://marine-api.open-meteo.com/v1/marine?latitude=29.8256&longitude=-64.056933&start_date=2015-04-09&end_date=2015-04-12&timezone=UTC&hourly=wave_height%2Cwave_direction%2Cwave_period&models=era5_ocean&cell_selection=sea,ok,7f54d3b0ebcb3083077befb526a89112a35dade132469bc5e7c84e0589107dee,3419,2026-09-26T08:38:00.997541+00:00
S2:MSM41_litter-T32,current,data/external/metocean/current_b33c427523fc50d9cd8e6c97.nc,https://ncss.hycom.org/thredds/ncss/GLBv0.08/expt_53.X/data/2015?var=water_u&var=water_v&north=29.9066&south=29.744600000000002&west=-64.137933&east=-63.975933&time_start=2015-04-09T00%3A00%3A00Z&time_end=2015-04-12T23%3A59%3A59Z&vertCoord=0&accept=netcdf&disableProjSubset=on,ok,51d7a3794a3486afc3b8b091ff964ae1797501da2cf693b1058aa16636396327,4204,2026-09-26T08:38:03.762483+00:00
S2:MSM41_litter-T31,wind,data/external/metocean/wind_2d6172b25b3f1035f4555064.json,https://archive-api.open-meteo.com/v1/archive?latitude=30.177558&longitude=-64.0276&start_date=2015-04-09&end_date=2015-04-12&timezone=UTC&hourly=wind_speed_10m%2Cwind_direction_10m&models=era5&wind_speed_unit=ms&cell_selection=nearest,ok,da997887e8a120478af602f15e93c13feffca6bb1958dbf3ea5f3b357f8bd077,2995,2026-09-26T08:38:01.712426+00:00
S2:MSM41_litter-T31,wave,data/external/metocean/wave_7c3fc5fab4fbc96a069c4607.json,https://marine-api.open-meteo.com/v1/marine?latitude=30.177558&longitude=-64.0276&start_date=2015-04-09&end_date=2015-04-12&timezone=UTC&hourly=wave_height%2Cwave_direction%2Cwave_period&models=era5_ocean&cell_selection=sea,ok,dc8d864d825e5178cf080ec90c6da22da36a2b14fa799585551dc4822c6d8b1e,3420,2026-09-26T08:38:01.734288+00:00
S2:MSM41_litter-T31,current,data/external/metocean/current_e991b376e80ee8d2bf3a6021.nc,https://ncss.hycom.org/thredds/ncss/GLBv0.08/expt_53.X/data/2015?var=water_u&var=water_v&north=30.258558&south=30.096558&west=-64.10860000000001&east=-63.946600000000004&time_start=2015-04-09T00%3A00%3A00Z&time_end=2015-04-12T23%3A59%3A59Z&vertCoord=0&accept=netcdf&disableProjSubset=on,ok,6bb14ce565252a99de1fa8f3288f6d54ae888cdbeb47330a17f7012eec02dc5e,4204,2026-09-26T08:38:03.872969+00:00
S2:MSM41_litter-T30,wind,data/external/metocean/wind_ed4a993ca0ee4aca20f21b8c.json,https://archive-api.open-meteo.com/v1/archive?latitude=30.562475&longitude=-64.074683&start_date=2015-04-09&end_date=2015-04-12&timezone=UTC&hourly=wind_speed_10m%2Cwind_direction_10m&models=era5&wind_speed_unit=ms&cell_selection=nearest,ok,edc487ec6878dbb360241e503772e574780de66b86e023c71aebe5e7768a92e1,2994,2026-09-26T08:38:01.955270+00:00
S2:MSM41_litter-T30,wave,data/external/metocean/wave_b813b93a4500370aa36fbc4d.json,https://marine-api.open-meteo.com/v1/marine?latitude=30.562475&longitude=-64.074683&start_date=2015-04-09&end_date=2015-04-12&timezone=UTC&hourly=wave_height%2Cwave_direction%2Cwave_period&models=era5_ocean&cell_selection=sea,ok,347901c42efc8126d12f39cdaa49e1644ce985b56c7c5d3ae8d684c48b99ca32,3428,2026-09-26T08:38:01.993961+00:00
S2:MSM41_litter-T30,current,data/external/metocean/current_1ba1a013743013bfcb04ce15.nc,https://ncss.hycom.org/thredds/ncss/GLBv0.08/expt_53.X/data/2015?var=water_u&var=water_v&north=30.643475&south=30.481475&west=-64.155683&east=-63.99368299999999&time_start=2015-04-09T00%3A00%3A00Z&time_end=2015-04-12T23%3A59%3A59Z&vertCoord=0&accept=netcdf&disableProjSubset=on,ok,c2ed70ceb6b0f8f3cb033e2a1ecc178b15333f88378ebc9396eddbf665f714f7,4204,2026-09-26T08:38:04.176745+00:00
S2:MSM41_litter-T34,wind,data/external/metocean/wind_782c4897a267b0b417d5c920.json,https://archive-api.open-meteo.com/v1/archive?latitude=27.259541&longitude=-63.976334&start_date=2015-04-10&end_date=2015-04-13&timezone=UTC&hourly=wind_speed_10m%2Cwind_direction_10m&models=era5&wind_speed_unit=ms&cell_selection=nearest,ok,759dcaf0f38c2647638b9317042dcf940871e515f2e179bbda0a6968803fec4d,2968,2026-09-26T08:38:02.231072+00:00
S2:MSM41_litter-T34,wave,data/external/metocean/wave_3511ed80c984ac257385936c.json,https://marine-api.open-meteo.com/v1/marine?latitude=27.259541&longitude=-63.976334&start_date=2015-04-10&end_date=2015-04-13&timezone=UTC&hourly=wave_height%2Cwave_direction%2Cwave_period&models=era5_ocean&cell_selection=sea,ok,bab52c197f519997bce70f5bc1ed44f1bfcd47d68c943426ef5ff2d461df1b4f,3395,2026-09-26T08:38:02.483782+00:00
S2:MSM41_litter-T34,current,data/external/metocean/current_8ea38594f4297400a488c899.nc,https://ncss.hycom.org/thredds/ncss/GLBv0.08/expt_53.X/data/2015?var=water_u&var=water_v&north=27.340540999999998&south=27.178541&west=-64.057334&east=-63.895334&time_start=2015-04-10T00%3A00%3A00Z&time_end=2015-04-13T23%3A59%3A59Z&vertCoord=0&accept=netcdf&disableProjSubset=on,ok,9faa89a282c0adcef5ee8e3ea374f9dc8269e5dd133582822a0eccb8f216ae10,4156,2026-09-26T08:38:11.266340+00:00
S2:MSM41_litter-T33,wind,data/external/metocean/wind_cd2e20ad1ca322c3be63277f.json,https://archive-api.open-meteo.com/v1/archive?latitude=27.730984&longitude=-63.923333&start_date=2015-04-10&end_date=2015-04-13&timezone=UTC&hourly=wind_speed_10m%2Cwind_direction_10m&models=era5&wind_speed_unit=ms&cell_selection=nearest,ok,580a8fa9e59c8f82e12b5cb27106be1a615a3319f5c9493d39913e4ce5bddf68,2972,2026-09-26T08:38:04.010553+00:00
S2:MSM41_litter-T33,wave,data/external/metocean/wave_81e67e42dc533a47fc98b403.json,https://marine-api.open-meteo.com/v1/marine?latitude=27.730984&longitude=-63.923333&start_date=2015-04-10&end_date=2015-04-13&timezone=UTC&hourly=wave_height%2Cwave_direction%2Cwave_period&models=era5_ocean&cell_selection=sea,ok,942daa705d1210a7d3a17ea51453efe9c9938fade16712bc927d8ab1ca3a0b6b,3396,2026-09-26T08:38:04.132474+00:00
S2:MSM41_litter-T33,current,data/external/metocean/current_aa8bf75dd380971b7ae357d9.nc,https://ncss.hycom.org/thredds/ncss/GLBv0.08/expt_53.X/data/2015?var=water_u&var=water_v&north=27.811984&south=27.649984&west=-64.004333&east=-63.842332999999996&time_start=2015-04-10T00%3A00%3A00Z&time_end=2015-04-13T23%3A59%3A59Z&vertCoord=0&accept=netcdf&disableProjSubset=on,ok,ab64f4d13d43a962a2cad5c966f398663ad6b938fc2151b1cc7760b82cd2d3ef,4156,2026-09-26T08:38:11.265892+00:00
S2:MSM41_litter-T37,wind,data/external/metocean/wind_15f8015556babbe27ac01ebf.json,https://archive-api.open-meteo.com/v1/archive?latitude=25.165816&longitude=-63.981233&start_date=2015-04-11&end_date=2015-04-14&timezone=UTC&hourly=wind_speed_10m%2Cwind_direction_10m&models=era5&wind_speed_unit=ms&cell_selection=nearest,ok,cc3d11983a45dac86077907a9d35f273a5ec852440840dde21ab1ab59cad0f93,2929,2026-09-26T08:38:04.390878+00:00
S2:MSM41_litter-T37,wave,data/external/metocean/wave_f8732305932568ec0ab083de.json,https://marine-api.open-meteo.com/v1/marine?latitude=25.165816&longitude=-63.981233&start_date=2015-04-11&end_date=2015-04-14&timezone=UTC&hourly=wave_height%2Cwave_direction%2Cwave_period&models=era5_ocean&cell_selection=sea,ok,2d85f64ca0caf0006f7096b7b1b8b7adbeb8f595aac323e887b270d243448bbc,3395,2026-09-26T08:38:04.446623+00:00
S2:MSM41_litter-T37,current,data/external/metocean/current_56afd7da16c81ac1c17b8412.nc,https://ncss.hycom.org/thredds/ncss/GLBv0.08/expt_53.X/data/2015?var=water_u&var=water_v&north=25.246816&south=25.084816&west=-64.062233&east=-63.900233&time_start=2015-04-11T00%3A00%3A00Z&time_end=2015-04-14T23%3A59%3A59Z&vertCoord=0&accept=netcdf&disableProjSubset=on,ok,06f54038ec1003cfe25ce15de0222e3f47bc264f25cb65bb61e737abd7aa5ee3,4156,2026-09-26T08:38:12.123090+00:00
S2:MSM41_litter-T35,wind,data/external/metocean/wind_74fcdbfeb415edbaf8d82810.json,https://archive-api.open-meteo.com/v1/archive?latitude=25.851208&longitude=-63.881492&start_date=2015-04-11&end_date=2015-04-14&timezone=UTC&hourly=wind_speed_10m%2Cwind_direction_10m&models=era5&wind_speed_unit=ms&cell_selection=nearest,ok,6cee446be458606ad6f38d51df97c0ac1627cc265f20df907d6598cd589adcaf,2931,2026-09-26T08:38:04.697925+00:00
S2:MSM41_litter-T35,wave,data/external/metocean/wave_82b537485d7c698464ed0666.json,https://marine-api.open-meteo.com/v1/marine?latitude=25.851208&longitude=-63.881492&start_date=2015-04-11&end_date=2015-04-14&timezone=UTC&hourly=wave_height%2Cwave_direction%2Cwave_period&models=era5_ocean&cell_selection=sea,ok,580c2d53b404029f6a0e2776a960f7d3f58c5cab324dbc5c5fdf739918bbb2c9,3396,2026-09-26T08:38:04.960286+00:00
S2:MSM41_litter-T35,current,data/external/metocean/current_9f2ebfd1913c699bb9f5674c.nc,https://ncss.hycom.org/thredds/ncss/GLBv0.08/expt_53.X/data/2015?var=water_u&var=water_v&north=25.932208&south=25.770208&west=-63.962492000000005&east=-63.800492&time_start=2015-04-11T00%3A00%3A00Z&time_end=2015-04-14T23%3A59%3A59Z&vertCoord=0&accept=netcdf&disableProjSubset=on,ok,7bcca85d6c4b4f55a0a6e33d16c135621fc3739b93aff01d480b3f3f91a4b618,4156,2026-09-26T08:38:12.123037+00:00
S2:MSM41_litter-T38,wind,data/external/metocean/wind_1279d55d8a7fe99a97ea3e6b.json,https://archive-api.open-meteo.com/v1/archive?latitude=23.766883&longitude=-63.959259&start_date=2015-04-12&end_date=2015-04-15&timezone=UTC&hourly=wind_speed_10m%2Cwind_direction_10m&models=era5&wind_speed_unit=ms&cell_selection=nearest,ok,df7ab67cadcaf70fc4b06af5790096b966c9830cae93c853917e6fac2a4d09cc,2920,2026-09-26T08:38:11.577423+00:00
S2:MSM41_litter-T38,wave,data/external/metocean/wave_581312bbb0f0e40bfc2ebde2.json,https://marine-api.open-meteo.com/v1/marine?latitude=23.766883&longitude=-63.959259&start_date=2015-04-12&end_date=2015-04-15&timezone=UTC&hourly=wave_height%2Cwave_direction%2Cwave_period&models=era5_ocean&cell_selection=sea,ok,ea07ac17dde441ba34b4718d322f1eee1a73468ad126e5a2201529536a272a38,3396,2026-09-26T08:38:11.582202+00:00
S2:MSM41_litter-T38,current,data/external/metocean/current_4586bcb023ff62d350b114f9.nc,https://ncss.hycom.org/thredds/ncss/GLBv0.08/expt_53.X/data/2015?var=water_u&var=water_v&north=23.847883&south=23.685883&west=-64.040259&east=-63.878259&time_start=2015-04-12T00%3A00%3A00Z&time_end=2015-04-15T23%3A59%3A59Z&vertCoord=0&accept=netcdf&disableProjSubset=on,ok,94d2a5d253a50ee1b9475193978f6d9f199b4eb1d657e9995e4c126b84bcc283,4524,2026-09-26T08:38:20.010350+00:00
S2:MSM41_litter-T40,wind,data/external/metocean/wind_0ab0ade6ea367848a68b701a.json,https://archive-api.open-meteo.com/v1/archive?latitude=22.869767&longitude=-63.919325&start_date=2015-04-13&end_date=2015-04-16&timezone=UTC&hourly=wind_speed_10m%2Cwind_direction_10m&models=era5&wind_speed_unit=ms&cell_selection=nearest,ok,9e130e570cfc41efc54108eab9bd13affdb90c67e4c164bc48b76eeda77360fb,2900,2026-09-26T08:38:11.825285+00:00
S2:MSM41_litter-T40,wave,data/external/metocean/wave_eb3489bc159d158aa652139c.json,https://marine-api.open-meteo.com/v1/marine?latitude=22.869767&longitude=-63.919325&start_date=2015-04-13&end_date=2015-04-16&timezone=UTC&hourly=wave_height%2Cwave_direction%2Cwave_period&models=era5_ocean&cell_selection=sea,ok,a805560c2e75be124cc9427f018122d3a2c866e686634ac5268e34d051e20b22,3395,2026-09-26T08:38:12.122923+00:00
S2:MSM41_litter-T40,current,data/external/metocean/current_5958363b13679fea7ce3e0c7.nc,https://ncss.hycom.org/thredds/ncss/GLBv0.08/expt_53.X/data/2015?var=water_u&var=water_v&north=22.950767&south=22.788767&west=-64.000325&east=-63.838325&time_start=2015-04-13T00%3A00%3A00Z&time_end=2015-04-16T23%3A59%3A59Z&vertCoord=0&accept=netcdf&disableProjSubset=on,ok,02e4c919f2ce8042f9768bcba3220e1812f33ca326567f613d2d75c4b1eb7d6d,4156,2026-09-26T08:38:22.316017+00:00
S2:MSM41_litter-T39,wind,data/external/metocean/wind_2fd540f0d40cc7cc2da5e011.json,https://archive-api.open-meteo.com/v1/archive?latitude=22.9506&longitude=-63.977467&start_date=2015-04-13&end_date=2015-04-16&timezone=UTC&hourly=wind_speed_10m%2Cwind_direction_10m&models=era5&wind_speed_unit=ms&cell_selection=nearest,ok,5eecd1d8e0726ac0694e2394dada6da5a6ec7637a8ed0458bc39e0602b3e4504,2898,2026-09-26T08:38:12.374616+00:00
S2:MSM41_litter-T39,wave,data/external/metocean/wave_b05e672ce349aaf4fc3b66b2.json,https://marine-api.open-meteo.com/v1/marine?latitude=22.9506&longitude=-63.977467&start_date=2015-04-13&end_date=2015-04-16&timezone=UTC&hourly=wave_height%2Cwave_direction%2Cwave_period&models=era5_ocean&cell_selection=sea,ok,3bc6d6743c3725ef1994260b06d32d475af4516b3ecfac631ac93ca3d05e4973,3396,2026-09-26T08:38:12.397915+00:00
S2:MSM41_litter-T39,current,data/external/metocean/current_3dcab75f04dcef6799d86d65.nc,https://ncss.hycom.org/thredds/ncss/GLBv0.08/expt_53.X/data/2015?var=water_u&var=water_v&north=23.0316&south=22.869600000000002&west=-64.058467&east=-63.896466999999994&time_start=2015-04-13T00%3A00%3A00Z&time_end=2015-04-16T23%3A59%3A59Z&vertCoord=0&accept=netcdf&disableProjSubset=on,ok,a65ec538929dcfe803e563acd973b75e868f88ec0742260b21c701185dcf80d6,4156,2026-09-26T08:38:22.246230+00:00
S2:MSM41_litter-T41,wind,data/external/metocean/wind_409ce4adbd0abc91abef8e95.json,https://archive-api.open-meteo.com/v1/archive?latitude=22.574592&longitude=-60.9221&start_date=2015-04-14&end_date=2015-04-17&timezone=UTC&hourly=wind_speed_10m%2Cwind_direction_10m&models=era5&wind_speed_unit=ms&cell_selection=nearest,ok,685defbf80f0cffb8ebac73e8636d8b27d983cb0a3058cb70a6759b575a576ed,2921,2026-09-26T08:38:12.646908+00:00
S2:MSM41_litter-T41,wave,data/external/metocean/wave_cfc3e1350163b015771da173.json,https://marine-api.open-meteo.com/v1/marine?latitude=22.574592&longitude=-60.9221&start_date=2015-04-14&end_date=2015-04-17&timezone=UTC&hourly=wave_height%2Cwave_direction%2Cwave_period&models=era5_ocean&cell_selection=sea,ok,a15fd98e0205f9e51c4acb9925a909d31baf06dcc6fb3f0b8788b85be32564e5,3396,2026-09-26T08:38:12.908846+00:00
S2:MSM41_litter-T41,current,data/external/metocean/current_8452b365788212311abc65ab.nc,https://ncss.hycom.org/thredds/ncss/GLBv0.08/expt_53.X/data/2015?var=water_u&var=water_v&north=22.655592&south=22.493592&west=-61.0031&east=-60.8411&time_start=2015-04-14T00%3A00%3A00Z&time_end=2015-04-17T23%3A59%3A59Z&vertCoord=0&accept=netcdf&disableProjSubset=on,ok,fda442aae5ea7bbd359030d794407b235b5197058b40b208e783b755b248f7e9,4204,2026-09-26T08:38:23.247513+00:00
S2:MSM41_litter-T42,wind,data/external/metocean/wind_069ecd6c4e78c97a15d13e45.json,https://archive-api.open-meteo.com/v1/archive?latitude=22.803591&longitude=-60.966867&start_date=2015-04-14&end_date=2015-04-17&timezone=UTC&hourly=wind_speed_10m%2Cwind_direction_10m&models=era5&wind_speed_unit=ms&cell_selection=nearest,ok,144182ad5240178dba95a93ddeb9562251dbbefcd6c4c4abcbfdd29189d58db2,2919,2026-09-26T08:38:20.502560+00:00
S2:MSM41_litter-T42,wave,data/external/metocean/wave_e9a207a1912c7c0a354fa496.json,https://marine-api.open-meteo.com/v1/marine?latitude=22.803591&longitude=-60.966867&start_date=2015-04-14&end_date=2015-04-17&timezone=UTC&hourly=wave_height%2Cwave_direction%2Cwave_period&models=era5_ocean&cell_selection=sea,ok,e3a4f405b4c2e49521757c879d779586026c6b726191f2128306c5108552a0b5,3395,2026-09-26T08:38:20.768391+00:00
S2:MSM41_litter-T42,current,data/external/metocean/current_d4248ddb7fc2390b353de04a.nc,https://ncss.hycom.org/thredds/ncss/GLBv0.08/expt_53.X/data/2015?var=water_u&var=water_v&north=22.884591&south=22.722591&west=-61.047867000000004&east=-60.885867&time_start=2015-04-14T00%3A00%3A00Z&time_end=2015-04-17T23%3A59%3A59Z&vertCoord=0&accept=netcdf&disableProjSubset=on,ok,982dfd34f3cf95a7dea404f5ea25f7e0ebdbd361949998f5c20770fefa2bd276,4204,2026-09-26T08:38:23.243834+00:00
S2:MSM41_litter-T43,wind,data/external/metocean/wind_f3e0445efd256cd30c94a87a.json,https://archive-api.open-meteo.com/v1/archive?latitude=23.794441&longitude=-60.9819&start_date=2015-04-15&end_date=2015-04-18&timezone=UTC&hourly=wind_speed_10m%2Cwind_direction_10m&models=era5&wind_speed_unit=ms&cell_selection=nearest,ok,4e954bf5d1e2fb999c66c5671c0ec515ab1bb2763e9851a4a5c957091225612e,2927,2026-09-26T08:38:22.482923+00:00
S2:MSM41_litter-T43,wave,data/external/metocean/wave_6f385c1bc1ef3fb2a46c4e00.json,https://marine-api.open-meteo.com/v1/marine?latitude=23.794441&longitude=-60.9819&start_date=2015-04-15&end_date=2015-04-18&timezone=UTC&hourly=wave_height%2Cwave_direction%2Cwave_period&models=era5_ocean&cell_selection=sea,ok,5e8cebf10374fac05878a35d41bb9dd335dccd1dc427ec17172752a1d9d2f9f5,3413,2026-09-26T08:38:22.571720+00:00
S2:MSM41_litter-T43,current,data/external/metocean/current_7cc0210c360b23b1b0fbe0a6.nc,https://ncss.hycom.org/thredds/ncss/GLBv0.08/expt_53.X/data/2015?var=water_u&var=water_v&north=23.875441&south=23.713441&west=-61.062900000000006&east=-60.9009&time_start=2015-04-15T00%3A00%3A00Z&time_end=2015-04-18T23%3A59%3A59Z&vertCoord=0&accept=netcdf&disableProjSubset=on,ok,2d658952df7ff6014bc9ec04737bdc5ed2265de61a6d4a9cc429b8234d9fa6c5,4204,2026-09-26T08:38:27.350256+00:00
S2:MSM41_litter-T44,wind,data/external/metocean/wind_de995916ddb83353503feefb.json,https://archive-api.open-meteo.com/v1/archive?latitude=24.233258&longitude=-60.98995&start_date=2015-04-15&end_date=2015-04-18&timezone=UTC&hourly=wind_speed_10m%2Cwind_direction_10m&models=era5&wind_speed_unit=ms&cell_selection=nearest,ok,ab0def2aa962a71b8c81f665276c8ebb3c3d7761d8a066a35e6dc3772bd2f923,2926,2026-09-26T08:38:22.812629+00:00
S2:MSM41_litter-T44,wave,data/external/metocean/wave_3e82c0e2b23272d6bb0ce197.json,https://marine-api.open-meteo.com/v1/marine?latitude=24.233258&longitude=-60.98995&start_date=2015-04-15&end_date=2015-04-18&timezone=UTC&hourly=wave_height%2Cwave_direction%2Cwave_period&models=era5_ocean&cell_selection=sea,ok,273617ca604c8212b5df57a87685130c193b74feadf4241cef907d7e897f0dff,3414,2026-09-26T08:38:23.064841+00:00
S2:MSM41_litter-T44,current,data/external/metocean/current_89acd293bcd987e4b32bb235.nc,https://ncss.hycom.org/thredds/ncss/GLBv0.08/expt_53.X/data/2015?var=water_u&var=water_v&north=24.314258&south=24.152258&west=-61.07095&east=-60.90895&time_start=2015-04-15T00%3A00%3A00Z&time_end=2015-04-18T23%3A59%3A59Z&vertCoord=0&accept=netcdf&disableProjSubset=on,ok,14a8b942b5e1ad3ac6c435eb22df946f5c1d1a9b5796879f747fcdc1b2790bc7,4204,2026-09-26T08:38:27.349638+00:00
S2:MSM41_litter-T45,wind,data/external/metocean/wind_6bc254d7622a6772bd626b67.json,https://archive-api.open-meteo.com/v1/archive?latitude=24.643975&longitude=-60.984025&start_date=2015-04-15&end_date=2015-04-18&timezone=UTC&hourly=wind_speed_10m%2Cwind_direction_10m&models=era5&wind_speed_unit=ms&cell_selection=nearest,ok,f820b3ae5dffe3765ec09797169623aa3393871d1b54da1c59d402af1ce96d14,2923,2026-09-26T08:38:23.484595+00:00
S2:MSM41_litter-T45,wave,data/external/metocean/wave_2d857cdccaba9ca50d213fc9.json,https://marine-api.open-meteo.com/v1/marine?latitude=24.643975&longitude=-60.984025&start_date=2015-04-15&end_date=2015-04-18&timezone=UTC&hourly=wave_height%2Cwave_direction%2Cwave_period&models=era5_ocean&cell_selection=sea,ok,5618292a67a9e2a55046598cf5e9567e69ec2333c71fdb2caf840d5c37fe415b,3414,2026-09-26T08:38:23.512379+00:00
S2:MSM41_litter-T45,current,data/external/metocean/current_35c82d12ce2b53176fbdd3bb.nc,https://ncss.hycom.org/thredds/ncss/GLBv0.08/expt_53.X/data/2015?var=water_u&var=water_v&north=24.724975&south=24.562975&west=-61.065025000000006&east=-60.903025&time_start=2015-04-15T00%3A00%3A00Z&time_end=2015-04-18T23%3A59%3A59Z&vertCoord=0&accept=netcdf&disableProjSubset=on,ok,ee6ecb907c2dcd133b7292ea39d7188d7d861d9848f9ba9ddbb6e5784745e2b4,4204,2026-09-26T08:38:29.019511+00:00
S2:MSM41_litter-T46,wind,data/external/metocean/wind_e7a674ae0a61b76b8cae8631.json,https://archive-api.open-meteo.com/v1/archive?latitude=26.212167&longitude=-60.998959&start_date=2015-04-16&end_date=2015-04-19&timezone=UTC&hourly=wind_speed_10m%2Cwind_direction_10m&models=era5&wind_speed_unit=ms&cell_selection=nearest,ok,e2f89f975ff0f3a0780e025f25770d81540fe65bd8feec6d8bb51f2c8533a348,2945,2026-09-26T08:38:23.750135+00:00
S2:MSM41_litter-T46,wave,data/external/metocean/wave_f14ef0b3dfcc972bd8cee0bb.json,https://marine-api.open-meteo.com/v1/marine?latitude=26.212167&longitude=-60.998959&start_date=2015-04-16&end_date=2015-04-19&timezone=UTC&hourly=wave_height%2Cwave_direction%2Cwave_period&models=era5_ocean&cell_selection=sea,ok,66304da2306e786f486ba5d25715fdbf466482742c6d97faa74d8714c9893e2a,3431,2026-09-26T08:38:24.003050+00:00
S2:MSM41_litter-T46,current,data/external/metocean/current_23dc97732c740e780846d404.nc,https://ncss.hycom.org/thredds/ncss/GLBv0.08/expt_53.X/data/2015?var=water_u&var=water_v&north=26.293167&south=26.131167&west=-61.079959&east=-60.917958999999996&time_start=2015-04-16T00%3A00%3A00Z&time_end=2015-04-19T23%3A59%3A59Z&vertCoord=0&accept=netcdf&disableProjSubset=on,ok,c2d8221ef95d931c09a99d477681b8e116826d230d7dc0f2a4bd08d38bb8bc4b,4244,2026-09-26T08:38:30.021914+00:00
S2:MSM41_litter-T47,wind,data/external/metocean/wind_a08fc295798ad7b13b6cd5cc.json,https://archive-api.open-meteo.com/v1/archive?latitude=26.550025&longitude=-61.001358&start_date=2015-04-16&end_date=2015-04-19&timezone=UTC&hourly=wind_speed_10m%2Cwind_direction_10m&models=era5&wind_speed_unit=ms&cell_selection=nearest,ok,929af686cc8f4108b429e78b7694218a395f56aa80b6cd2ba1cd6976c04e891c,2954,2026-09-26T08:38:27.611100+00:00
S2:MSM41_litter-T47,wave,data/external/metocean/wave_d9ef11f27d1286c90b2729d4.json,https://marine-api.open-meteo.com/v1/marine?latitude=26.550025&longitude=-61.001358&start_date=2015-04-16&end_date=2015-04-19&timezone=UTC&hourly=wave_height%2Cwave_direction%2Cwave_period&models=era5_ocean&cell_selection=sea,ok,bdb2dd411842590890b960dd3ce8fbaa4837abde3cb6929f5ae6883e318ce43b,3433,2026-09-26T08:38:27.630662+00:00
S2:MSM41_litter-T47,current,data/external/metocean/current_bab5c7cb7aab8a34bd5b35de.nc,https://ncss.hycom.org/thredds/ncss/GLBv0.08/expt_53.X/data/2015?var=water_u&var=water_v&north=26.631025&south=26.469025000000002&west=-61.082358000000006&east=-60.920358&time_start=2015-04-16T00%3A00%3A00Z&time_end=2015-04-19T23%3A59%3A59Z&vertCoord=0&accept=netcdf&disableProjSubset=on,ok,1a1c5c11ee562d3720cb1c8ef2223a1f917feb29ccd4017237cdb9d8b2bb78d2,4244,2026-09-26T08:38:30.136451+00:00
S2:MSM41_litter-T48,wind,data/external/metocean/wind_82d49c05fe8615b4fa8333a9.json,https://archive-api.open-meteo.com/v1/archive?latitude=27.904742&longitude=-61.000667&start_date=2015-04-17&end_date=2015-04-20&timezone=UTC&hourly=wind_speed_10m%2Cwind_direction_10m&models=era5&wind_speed_unit=ms&cell_selection=nearest,ok,b19300449733a1eeef04fc8f0b965119a0be07f15869d539a36715e39827366c,2978,2026-09-26T08:38:27.875470+00:00
S2:MSM41_litter-T48,wave,data/external/metocean/wave_4add2ace50636ab4baa15cb4.json,https://marine-api.open-meteo.com/v1/marine?latitude=27.904742&longitude=-61.000667&start_date=2015-04-17&end_date=2015-04-20&timezone=UTC&hourly=wave_height%2Cwave_direction%2Cwave_period&models=era5_ocean&cell_selection=sea,ok,e0ec8797191c98ee3101c59d3b4745e104659d2d491e4f1d1d38abb679ca32d5,3422,2026-09-26T08:38:28.150554+00:00
S2:MSM41_litter-T48,current,data/external/metocean/current_abe23b73b58e93b3d4d8421e.nc,https://ncss.hycom.org/thredds/ncss/GLBv0.08/expt_53.X/data/2015?var=water_u&var=water_v&north=27.985742&south=27.823742&west=-61.081667&east=-60.919667&time_start=2015-04-17T00%3A00%3A00Z&time_end=2015-04-20T23%3A59%3A59Z&vertCoord=0&accept=netcdf&disableProjSubset=on,ok,6172690ded1c9a2f917587648ab3e7ff95c1b948c5de61bbac6298efaa7449bb,4636,2026-09-26T08:38:33.082224+00:00
S2:MSM41_litter-T49,wind,data/external/metocean/wind_2701604c06e3eb7a19ccb431.json,https://archive-api.open-meteo.com/v1/archive?latitude=28.179233&longitude=-60.865483&start_date=2015-04-17&end_date=2015-04-20&timezone=UTC&hourly=wind_speed_10m%2Cwind_direction_10m&models=era5&wind_speed_unit=ms&cell_selection=nearest,ok,6e348b067f2f075a4ccfef348d38b7f251cd80dc1d7a89134eaf75d592f0fc0a,2980,2026-09-26T08:38:29.279971+00:00
S2:MSM41_litter-T49,wave,data/external/metocean/wave_11cec5d53363635c1703388a.json,https://marine-api.open-meteo.com/v1/marine?latitude=28.179233&longitude=-60.865483&start_date=2015-04-17&end_date=2015-04-20&timezone=UTC&hourly=wave_height%2Cwave_direction%2Cwave_period&models=era5_ocean&cell_selection=sea,ok,851f965715b8a8bbc3daa6388e973380850aed3bc48543b85fc4c389e31c24a8,3422,2026-09-26T08:38:29.559270+00:00
S2:MSM41_litter-T49,current,data/external/metocean/current_f4adbb10ec4ace8d436cc687.nc,https://ncss.hycom.org/thredds/ncss/GLBv0.08/expt_53.X/data/2015?var=water_u&var=water_v&north=28.260233&south=28.098233&west=-60.946483&east=-60.784482999999994&time_start=2015-04-17T00%3A00%3A00Z&time_end=2015-04-20T23%3A59%3A59Z&vertCoord=0&accept=netcdf&disableProjSubset=on,ok,426fcb164f94c31c0bd7b64a95350bf88ae6309a375ac3bdaca6d477f8313c3e,4244,2026-09-26T08:38:33.082116+00:00
S2:MSM41_litter-T50,wind,data/external/metocean/wind_67ec0eae9e253a7b727520c8.json,https://archive-api.open-meteo.com/v1/archive?latitude=28.682917&longitude=-60.945758&start_date=2015-04-17&end_date=2015-04-20&timezone=UTC&hourly=wind_speed_10m%2Cwind_direction_10m&models=era5&wind_speed_unit=ms&cell_selection=nearest,ok,5e42924c66799dc4739cdc10d9b3ea59a036d4f117a049a06e5dd5487be763c5,2967,2026-09-26T08:38:30.268024+00:00
S2:MSM41_litter-T50,wave,data/external/metocean/wave_f4f1ee136a95044e28cb4be4.json,https://marine-api.open-meteo.com/v1/marine?latitude=28.682917&longitude=-60.945758&start_date=2015-04-17&end_date=2015-04-20&timezone=UTC&hourly=wave_height%2Cwave_direction%2Cwave_period&models=era5_ocean&cell_selection=sea,ok,8832dae45bf895da170aa7799d0d92ff461d48dd6d02959bbd65216aafc24da9,3418,2026-09-26T08:38:30.394576+00:00
S2:MSM41_litter-T50,current,data/external/metocean/current_c26e3528cd03e04056a08c25.nc,https://ncss.hycom.org/thredds/ncss/GLBv0.08/expt_53.X/data/2015?var=water_u&var=water_v&north=28.763917&south=28.601917&west=-61.026758&east=-60.864757999999995&time_start=2015-04-17T00%3A00%3A00Z&time_end=2015-04-20T23%3A59%3A59Z&vertCoord=0&accept=netcdf&disableProjSubset=on,ok,c2e5c69f6f5de20e992b3361a202fb05c1e3fb768b5eedbf170b6b6f73509b60,4244,2026-09-26T08:38:33.081920+00:00
S2:MSM41_litter-T51,wind,data/external/metocean/wind_3a1cca37b178d35476ac0734.json,https://archive-api.open-meteo.com/v1/archive?latitude=30.016675&longitude=-60.941008&start_date=2015-04-18&end_date=2015-04-21&timezone=UTC&hourly=wind_speed_10m%2Cwind_direction_10m&models=era5&wind_speed_unit=ms&cell_selection=nearest,ok,0ae6d2a5e1a1dc090847622847b68abd3df29aca4fe54ff81657b93d7899f046,2964,2026-09-26T08:38:30.647178+00:00
S2:MSM41_litter-T51,wave,data/external/metocean/wave_a2f838f82b9fcf332d7134b6.json,https://marine-api.open-meteo.com/v1/marine?latitude=30.016675&longitude=-60.941008&start_date=2015-04-18&end_date=2015-04-21&timezone=UTC&hourly=wave_height%2Cwave_direction%2Cwave_period&models=era5_ocean&cell_selection=sea,ok,c81347827d18503773914ba24f60dc5a9c7f58592796b44ffcb51917f2034ce7,3412,2026-09-26T08:38:30.915882+00:00
S2:MSM41_litter-T51,current,data/external/metocean/current_a9259d30e91d3cbcd8ed9f41.nc,https://ncss.hycom.org/thredds/ncss/GLBv0.08/expt_53.X/data/2015?var=water_u&var=water_v&north=30.097675&south=29.935675&west=-61.022008&east=-60.86000799999999&time_start=2015-04-18T00%3A00%3A00Z&time_end=2015-04-21T23%3A59%3A59Z&vertCoord=0&accept=netcdf&disableProjSubset=on,ok,b2d863461c12a91eb6db11cef08cf60cea380dc20ffdba5d52dd914b4d4e69cd,4244,2026-09-26T08:38:34.884630+00:00
S2:MSM41_litter-T52,wind,data/external/metocean/wind_3bd98fafc369a681c9dd2b4f.json,https://archive-api.open-meteo.com/v1/archive?latitude=30.498241&longitude=-60.972559&start_date=2015-04-18&end_date=2015-04-21&timezone=UTC&hourly=wind_speed_10m%2Cwind_direction_10m&models=era5&wind_speed_unit=ms&cell_selection=nearest,ok,c90b36a0bfddf396be255da5df04cc98a8b576345a67b576bf9533293a735d92,2963,2026-09-26T08:38:33.442561+00:00
S2:MSM41_litter-T52,wave,data/external/metocean/wave_1abd013c642da290a8b23fca.json,https://marine-api.open-meteo.com/v1/marine?latitude=30.498241&longitude=-60.972559&start_date=2015-04-18&end_date=2015-04-21&timezone=UTC&hourly=wave_height%2Cwave_direction%2Cwave_period&models=era5_ocean&cell_selection=sea,ok,9d5d48190eb2a5965e33b2ac357eb5bbf3a62af6ecc8ac9cfcc2a52b088a40c2,3413,2026-09-26T08:38:33.449693+00:00
S2:MSM41_litter-T52,current,data/external/metocean/current_b2fc878e25e8cbd589aaa7ae.nc,https://ncss.hycom.org/thredds/ncss/GLBv0.08/expt_53.X/data/2015?var=water_u&var=water_v&north=30.579241&south=30.417241&west=-61.053559&east=-60.891558999999994&time_start=2015-04-18T00%3A00%3A00Z&time_end=2015-04-21T23%3A59%3A59Z&vertCoord=0&accept=netcdf&disableProjSubset=on,ok,e47c05df34c1cf5f0f7393918c22b46efa97650317cf1fe4123b18133c135b76,4244,2026-09-26T08:38:34.894766+00:00
S2:MSM41_litter-T53,wind,data/external/metocean/wind_5d5d6b1cadda6514074f53ff.json,https://archive-api.open-meteo.com/v1/archive?latitude=30.908859&longitude=-59.816992&start_date=2015-04-19&end_date=2015-04-22&timezone=UTC&hourly=wind_speed_10m%2Cwind_direction_10m&models=era5&wind_speed_unit=ms&cell_selection=nearest,ok,bd370410ef824b0dbe0d2ded7c38b0bedb5e13864d501c837d23446c518314ed,2965,2026-09-26T08:38:33.706571+00:00
S2:MSM41_litter-T53,wave,data/external/metocean/wave_4269b5da4e2666c565940581.json,https://marine-api.open-meteo.com/v1/marine?latitude=30.908859&longitude=-59.816992&start_date=2015-04-19&end_date=2015-04-22&timezone=UTC&hourly=wave_height%2Cwave_direction%2Cwave_period&models=era5_ocean&cell_selection=sea,ok,c4d4530b4ae5ab35dedf84cea3d7212285f434f5f5039e29d262be1e50d2beb1,3412,2026-09-26T08:38:33.726635+00:00
S2:MSM41_litter-T53,current,data/external/metocean/current_cfe8011570ec5117cd65e4bc.nc,https://ncss.hycom.org/thredds/ncss/GLBv0.08/expt_53.X/data/2015?var=water_u&var=water_v&north=30.989859&south=30.827859&west=-59.897992&east=-59.735991999999996&time_start=2015-04-19T00%3A00%3A00Z&time_end=2015-04-22T23%3A59%3A59Z&vertCoord=0&accept=netcdf&disableProjSubset=on,ok,44acaab50685cd9a5d3e18fc94e5048064877054a2248f4431842191a74719dd,4244,2026-09-26T08:38:36.541414+00:00
S2:MSM41_litter-T54,wind,data/external/metocean/wind_ca9f03954f6b446a456d4deb.json,https://archive-api.open-meteo.com/v1/archive?latitude=30.931417&longitude=-59.3956&start_date=2015-04-19&end_date=2015-04-22&timezone=UTC&hourly=wind_speed_10m%2Cwind_direction_10m&models=era5&wind_speed_unit=ms&cell_selection=nearest,ok,cc3f39c3613ef67bde8cbb32ce6cc57740f9e64c59d2af2893ced3c7c55697fc,2965,2026-09-26T08:38:34.023781+00:00
S2:MSM41_litter-T54,wave,data/external/metocean/wave_0c603240a2389e9143888551.json,https://marine-api.open-meteo.com/v1/marine?latitude=30.931417&longitude=-59.3956&start_date=2015-04-19&end_date=2015-04-22&timezone=UTC&hourly=wave_height%2Cwave_direction%2Cwave_period&models=era5_ocean&cell_selection=sea,ok,79b6f4be387cbc507c6fd361bb0da483f6550816cb8502c5ffdd87eba71d1acf,3417,2026-09-26T08:38:34.307842+00:00
S2:MSM41_litter-T54,current,data/external/metocean/current_d1667e10135d569e735ba047.nc,https://ncss.hycom.org/thredds/ncss/GLBv0.08/expt_53.X/data/2015?var=water_u&var=water_v&north=31.012417&south=30.850417&west=-59.476600000000005&east=-59.3146&time_start=2015-04-19T00%3A00%3A00Z&time_end=2015-04-22T23%3A59%3A59Z&vertCoord=0&accept=netcdf&disableProjSubset=on,ok,41ecf3b857857de8c985efbb5d313b0fb48c9c8a4cae075029cbe68207ccc332,4244,2026-09-26T08:38:36.540727+00:00
S2:MSM41_litter-T55,wind,data/external/metocean/wind_a2c10f6603327c83a8d9aff9.json,https://archive-api.open-meteo.com/v1/archive?latitude=30.948067&longitude=-59.019942&start_date=2015-04-19&end_date=2015-04-22&timezone=UTC&hourly=wind_speed_10m%2Cwind_direction_10m&models=era5&wind_speed_unit=ms&cell_selection=nearest,ok,9f486294d2c53bd2050d171bf3e63d81c3a487ea5cf85460096448de8c01914c,2961,2026-09-26T08:38:35.140223+00:00
S2:MSM41_litter-T55,wave,data/external/metocean/wave_d7c90a4009f2aca195161652.json,https://marine-api.open-meteo.com/v1/marine?latitude=30.948067&longitude=-59.019942&start_date=2015-04-19&end_date=2015-04-22&timezone=UTC&hourly=wave_height%2Cwave_direction%2Cwave_period&models=era5_ocean&cell_selection=sea,ok,fa81de20712824f256c46650d81c39778af5f92ad0ef60d8b6df8c9726bd7b9a,3418,2026-09-26T08:38:35.182206+00:00
S2:MSM41_litter-T55,current,data/external/metocean/current_03e5efc2f6cbffe049d8731b.nc,https://ncss.hycom.org/thredds/ncss/GLBv0.08/expt_53.X/data/2015?var=water_u&var=water_v&north=31.029067&south=30.867067000000002&west=-59.100942&east=-58.938942&time_start=2015-04-19T00%3A00%3A00Z&time_end=2015-04-22T23%3A59%3A59Z&vertCoord=0&accept=netcdf&disableProjSubset=on,ok,162634dddd932ca5f2c2225da26772a22f141f3084081b8ca2e38c9ee995de86,4244,2026-09-26T08:38:36.557323+00:00
S2:MSM41_litter-T56,wind,data/external/metocean/wind_5f3215b24bdbf392b445c7d2.json,https://archive-api.open-meteo.com/v1/archive?latitude=30.974725&longitude=-58.474867&start_date=2015-04-19&end_date=2015-04-22&timezone=UTC&hourly=wind_speed_10m%2Cwind_direction_10m&models=era5&wind_speed_unit=ms&cell_selection=nearest,ok,fe55852d16e4e52a49ca0413be16db6797b7dd5826ee290c9721d047f317620b,2958,2026-09-26T08:38:35.440584+00:00
S2:MSM41_litter-T56,wave,data/external/metocean/wave_b59d68a42dfc59308e98b759.json,https://marine-api.open-meteo.com/v1/marine?latitude=30.974725&longitude=-58.474867&start_date=2015-04-19&end_date=2015-04-22&timezone=UTC&hourly=wave_height%2Cwave_direction%2Cwave_period&models=era5_ocean&cell_selection=sea,ok,dc695e8d99be6e4ef9aa7611169bd92e3e9c9d8a2da484fe31a2d71251b05eae,3421,2026-09-26T08:38:35.710750+00:00
S2:MSM41_litter-T56,current,data/external/metocean/current_f10faf553f62e911455cdb18.nc,https://ncss.hycom.org/thredds/ncss/GLBv0.08/expt_53.X/data/2015?var=water_u&var=water_v&north=31.055725&south=30.893725&west=-58.555867000000006&east=-58.393867&time_start=2015-04-19T00%3A00%3A00Z&time_end=2015-04-22T23%3A59%3A59Z&vertCoord=0&accept=netcdf&disableProjSubset=on,ok,6cf085bfb95740ad771d8e91e19df3f8bb855c080707c15d6c25ac3b60620b8d,4244,2026-09-26T08:38:36.662569+00:00
S2:MSM41_litter-T58,wind,data/external/metocean/wind_d213388bdce749475cdab8a5.json,https://archive-api.open-meteo.com/v1/archive?latitude=29.141217&longitude=-58.026608&start_date=2015-04-20&end_date=2015-04-23&timezone=UTC&hourly=wind_speed_10m%2Cwind_direction_10m&models=era5&wind_speed_unit=ms&cell_selection=nearest,ok,b8ac3e6bdf16f6640072899dddcc83ce54e3d0ced0cee510a2ade1e4ac4cb41a,2964,2026-09-26T08:38:36.796571+00:00
S2:MSM41_litter-T58,wave,data/external/metocean/wave_ad6642c591f19a11b23d2379.json,https://marine-api.open-meteo.com/v1/marine?latitude=29.141217&longitude=-58.026608&start_date=2015-04-20&end_date=2015-04-23&timezone=UTC&hourly=wave_height%2Cwave_direction%2Cwave_period&models=era5_ocean&cell_selection=sea,ok,1d9130d9036a7b75c8ce080638cf514609bec9771eb68bfc25dd1a8cc2304ad9,3440,2026-09-26T08:38:36.820463+00:00
S2:MSM41_litter-T58,current,data/external/metocean/current_776713ecd6acbabba10c1c48.nc,https://ncss.hycom.org/thredds/ncss/GLBv0.08/expt_53.X/data/2015?var=water_u&var=water_v&north=29.222217&south=29.060217&west=-58.107608000000006&east=-57.945608&time_start=2015-04-20T00%3A00%3A00Z&time_end=2015-04-23T23%3A59%3A59Z&vertCoord=0&accept=netcdf&disableProjSubset=on,ok,7cecd31b4a67eb80911b2c0686df0a600a4ad4a4e603816cb6dad5ef8ba0eb1c,4244,2026-09-26T08:38:41.424702+00:00
S2:MSM41_litter-T57,wind,data/external/metocean/wind_23e63fa4c5a42ae02d837881.json,https://archive-api.open-meteo.com/v1/archive?latitude=29.777392&longitude=-58.121583&start_date=2015-04-20&end_date=2015-04-23&timezone=UTC&hourly=wind_speed_10m%2Cwind_direction_10m&models=era5&wind_speed_unit=ms&cell_selection=nearest,ok,28f9299c599a4e3aa509fb5bedc0ed411183aa982aa900e14a898dd8863d9eef,2962,2026-09-26T08:38:36.906131+00:00
S2:MSM41_litter-T57,wave,data/external/metocean/wave_0890c5776009d52a37863098.json,https://marine-api.open-meteo.com/v1/marine?latitude=29.777392&longitude=-58.121583&start_date=2015-04-20&end_date=2015-04-23&timezone=UTC&hourly=wave_height%2Cwave_direction%2Cwave_period&models=era5_ocean&cell_selection=sea,ok,4172f4d0c0ee62d850a37a9b87801584869cd7e51c44de9697fc8602ea3d40d0,3442,2026-09-26T08:38:37.061901+00:00
S2:MSM41_litter-T57,current,data/external/metocean/current_7d97e94a314b821a2af6d756.nc,https://ncss.hycom.org/thredds/ncss/GLBv0.08/expt_53.X/data/2015?var=water_u&var=water_v&north=29.858392&south=29.696392&west=-58.202583000000004&east=-58.040583&time_start=2015-04-20T00%3A00%3A00Z&time_end=2015-04-23T23%3A59%3A59Z&vertCoord=0&accept=netcdf&disableProjSubset=on,ok,62cc9f026bbf7763c268459729e384657923b08efffe0a2780410e2029a90e53,4244,2026-09-26T08:38:40.966104+00:00
S2:MSM41_litter-T60,wind,data/external/metocean/wind_0687a458ebe005e776b3f242.json,https://archive-api.open-meteo.com/v1/archive?latitude=27.39835&longitude=-58.072358&start_date=2015-04-21&end_date=2015-04-24&timezone=UTC&hourly=wind_speed_10m%2Cwind_direction_10m&models=era5&wind_speed_unit=ms&cell_selection=nearest,ok,ce00fd34ed22f7e06bfb22cacb6e35690a2b48ff86c3e1cc2fed62b7fd14443f,2978,2026-09-26T08:38:37.153169+00:00
S2:MSM41_litter-T60,wave,data/external/metocean/wave_8fbbe8c7f11d5556abdee0d5.json,https://marine-api.open-meteo.com/v1/marine?latitude=27.39835&longitude=-58.072358&start_date=2015-04-21&end_date=2015-04-24&timezone=UTC&hourly=wave_height%2Cwave_direction%2Cwave_period&models=era5_ocean&cell_selection=sea,ok,b9fccb1089b1527e9347e4b59d83d3810597fb922399888a15d05f09ae4955eb,3459,2026-09-26T08:38:37.339162+00:00
S2:MSM41_litter-T60,current,data/external/metocean/current_bfeec6aac40f9b94823be36b.nc,https://ncss.hycom.org/thredds/ncss/GLBv0.08/expt_53.X/data/2015?var=water_u&var=water_v&north=27.47935&south=27.31735&west=-58.153358000000004&east=-57.991358&time_start=2015-04-21T00%3A00%3A00Z&time_end=2015-04-24T23%3A59%3A59Z&vertCoord=0&accept=netcdf&disableProjSubset=on,ok,1f03728d1036b723144945505210a92b3a1f2260882fcea2af29803b4b91066a,4244,2026-09-26T08:38:46.896708+00:00
S2:MSM41_litter-T59,wind,data/external/metocean/wind_29458597a975ae8715270f13.json,https://archive-api.open-meteo.com/v1/archive?latitude=27.844375&longitude=-58.141791&start_date=2015-04-21&end_date=2015-04-24&timezone=UTC&hourly=wind_speed_10m%2Cwind_direction_10m&models=era5&wind_speed_unit=ms&cell_selection=nearest,ok,6e98ceb5f17aae0b58f75ecc530c957364d97e9f8eaec1f6ebb424f56a6e7026,2981,2026-09-26T08:38:37.589780+00:00
S2:MSM41_litter-T59,wave,data/external/metocean/wave_d49052352e4ce1522c9d4c4f.json,https://marine-api.open-meteo.com/v1/marine?latitude=27.844375&longitude=-58.141791&start_date=2015-04-21&end_date=2015-04-24&timezone=UTC&hourly=wave_height%2Cwave_direction%2Cwave_period&models=era5_ocean&cell_selection=sea,ok,26ff9fd12ce8d2a09ebf68a6f136264b6e076e3fafbffc5cc3d29f6654c8520a,3458,2026-09-26T08:38:37.855855+00:00
S2:MSM41_litter-T59,current,data/external/metocean/current_9e138b0acff82d5aa884ca4a.nc,https://ncss.hycom.org/thredds/ncss/GLBv0.08/expt_53.X/data/2015?var=water_u&var=water_v&north=27.925375&south=27.763375&west=-58.222791&east=-58.060790999999995&time_start=2015-04-21T00%3A00%3A00Z&time_end=2015-04-24T23%3A59%3A59Z&vertCoord=0&accept=netcdf&disableProjSubset=on,ok,9b4eaed16431c41d221b99c2ba58b0d53d1001e9bb5780bd8429b70ed2801f4f,4244,2026-09-26T08:38:45.810090+00:00
S2:MSM41_litter-T62,wind,data/external/metocean/wind_89fa28fdd2148e154a8bf5a1.json,https://archive-api.open-meteo.com/v1/archive?latitude=25.412333&longitude=-58.039733&start_date=2015-04-22&end_date=2015-04-25&timezone=UTC&hourly=wind_speed_10m%2Cwind_direction_10m&models=era5&wind_speed_unit=ms&cell_selection=nearest,ok,f1c054e0f0981c812a1425cbff1e940c5846a5f7c0db33cf9b6f4ea7b5745ea3,2993,2026-09-26T08:38:41.221498+00:00
S2:MSM41_litter-T62,wave,data/external/metocean/wave_ff6b1f5c4f44e8f8b5dea1aa.json,https://marine-api.open-meteo.com/v1/marine?latitude=25.412333&longitude=-58.039733&start_date=2015-04-22&end_date=2015-04-25&timezone=UTC&hourly=wave_height%2Cwave_direction%2Cwave_period&models=era5_ocean&cell_selection=sea,ok,fa178d9747c87f4c4cc5cee0f135b4517b14eb48a15054224439df87116c14dd,3433,2026-09-26T08:38:41.502130+00:00
S2:MSM41_litter-T62,current,data/external/metocean/current_70a6150af4cc6f7f1d785685.nc,https://ncss.hycom.org/thredds/ncss/GLBv0.08/expt_53.X/data/2015?var=water_u&var=water_v&north=25.493333&south=25.331333&west=-58.120733&east=-57.958732999999995&time_start=2015-04-22T00%3A00%3A00Z&time_end=2015-04-25T23%3A59%3A59Z&vertCoord=0&accept=netcdf&disableProjSubset=on,ok,e6d09e55a881ae6a65a9754659cd193e6d6475ef041c898ddefcdf8623abb553,4636,2026-09-26T08:38:49.223908+00:00
S2:MSM41_litter-T61,wind,data/external/metocean/wind_36af1a829ca75277d4f84bee.json,https://archive-api.open-meteo.com/v1/archive?latitude=25.825333&longitude=-58.078383&start_date=2015-04-22&end_date=2015-04-25&timezone=UTC&hourly=wind_speed_10m%2Cwind_direction_10m&models=era5&wind_speed_unit=ms&cell_selection=nearest,ok,d2c20afbc64e05649547cb1ccd82b10a071236b19e7165a497d8161a39f0a5ea,2994,2026-09-26T08:38:41.801027+00:00
S2:MSM41_litter-T61,wave,data/external/metocean/wave_a7f625a272a6b46adf89f7e7.json,https://marine-api.open-meteo.com/v1/marine?latitude=25.825333&longitude=-58.078383&start_date=2015-04-22&end_date=2015-04-25&timezone=UTC&hourly=wave_height%2Cwave_direction%2Cwave_period&models=era5_ocean&cell_selection=sea,ok,5852320d724f65c2d5066945984bcea3ee92c6e82398b492cbc688d22da3a6c1,3438,2026-09-26T08:38:42.157074+00:00
S2:MSM41_litter-T61,current,data/external/metocean/current_1c6129160406982fc30558f3.nc,https://ncss.hycom.org/thredds/ncss/GLBv0.08/expt_53.X/data/2015?var=water_u&var=water_v&north=25.906333&south=25.744333&west=-58.159383000000005&east=-57.997383&time_start=2015-04-22T00%3A00%3A00Z&time_end=2015-04-25T23%3A59%3A59Z&vertCoord=0&accept=netcdf&disableProjSubset=on,ok,bbeb2a35f611a77f7bdf0f1b48afa43242ec52c90c07562b8a1b4b2b72714140,4244,2026-09-26T08:38:49.157980+00:00
S2:MSM41_litter-T65,wind,data/external/metocean/wind_7076f6cd8c87875116278f72.json,https://archive-api.open-meteo.com/v1/archive?latitude=23.101966&longitude=-58.011775&start_date=2015-04-23&end_date=2015-04-26&timezone=UTC&hourly=wind_speed_10m%2Cwind_direction_10m&models=era5&wind_speed_unit=ms&cell_selection=nearest,ok,3dde58da208634dd234fad299c9176c59b718208c6ece922cf2c340165e28852,2994,2026-09-26T08:38:47.068849+00:00
S2:MSM41_litter-T65,wave,data/external/metocean/wave_27ebeb7845bc46660a956c01.json,https://marine-api.open-meteo.com/v1/marine?latitude=23.101966&longitude=-58.011775&start_date=2015-04-23&end_date=2015-04-26&timezone=UTC&hourly=wave_height%2Cwave_direction%2Cwave_period&models=era5_ocean&cell_selection=sea,ok,f4bdb02cd9f6d3d51763fcf3a0748d6131e68b5742d7b1a1c8b4fdddc265b7a0,3473,2026-09-26T08:38:47.166170+00:00
S2:MSM41_litter-T65,current,data/external/metocean/current_7da90d006d0fa6cc2ad3ce8e.nc,https://ncss.hycom.org/thredds/ncss/GLBv0.08/expt_53.X/data/2015?var=water_u&var=water_v&north=23.182966&south=23.020966&west=-58.092775&east=-57.930775&time_start=2015-04-23T00%3A00%3A00Z&time_end=2015-04-26T23%3A59%3A59Z&vertCoord=0&accept=netcdf&disableProjSubset=on,ok,5b5c4063a14b375b6896c5f9cda248e2a09d12380ddff54964ba665013d263ff,4244,2026-09-26T08:38:55.729834+00:00
S2:MSM41_litter-T64,wind,data/external/metocean/wind_6d6299ee0857ca04571aa89b.json,https://archive-api.open-meteo.com/v1/archive?latitude=23.408234&longitude=-58.043683&start_date=2015-04-23&end_date=2015-04-26&timezone=UTC&hourly=wind_speed_10m%2Cwind_direction_10m&models=era5&wind_speed_unit=ms&cell_selection=nearest,ok,626ba41623a26963fbf6f777fd138cf13e2de0705e0de0389bee254618e73b27,2994,2026-09-26T08:38:47.413839+00:00
S2:MSM41_litter-T64,wave,data/external/metocean/wave_3d9b9b05261c623618f05f17.json,https://marine-api.open-meteo.com/v1/marine?latitude=23.408234&longitude=-58.043683&start_date=2015-04-23&end_date=2015-04-26&timezone=UTC&hourly=wave_height%2Cwave_direction%2Cwave_period&models=era5_ocean&cell_selection=sea,ok,cbf67baaf02efab9de7cc60906e45ed05f30957542089607b1e0c376220f8731,3459,2026-09-26T08:38:47.683299+00:00
S2:MSM41_litter-T64,current,data/external/metocean/current_5c57707164dc21a5d22013e9.nc,https://ncss.hycom.org/thredds/ncss/GLBv0.08/expt_53.X/data/2015?var=water_u&var=water_v&north=23.489234&south=23.327234&west=-58.124683000000005&east=-57.962683&time_start=2015-04-23T00%3A00%3A00Z&time_end=2015-04-26T23%3A59%3A59Z&vertCoord=0&accept=netcdf&disableProjSubset=on,ok,8d1fb6034e0819f9526117971b0499f13b55a291a567e030c045c36ae7a88054,4244,2026-09-26T08:38:55.709705+00:00
S2:MSM41_litter-T63,wind,data/external/metocean/wind_ceb54bbabc962a7a20c32910.json,https://archive-api.open-meteo.com/v1/archive?latitude=23.77935&longitude=-58.079925&start_date=2015-04-23&end_date=2015-04-26&timezone=UTC&hourly=wind_speed_10m%2Cwind_direction_10m&models=era5&wind_speed_unit=ms&cell_selection=nearest,ok,b2fe7b195d6a84c816dfe00fc8b3d9a3d8bb63560e784f795b4bfe12988eabc7,2996,2026-09-26T08:38:49.402656+00:00
S2:MSM41_litter-T63,wave,data/external/metocean/wave_a630a2d5085c8738539bcff4.json,https://marine-api.open-meteo.com/v1/marine?latitude=23.77935&longitude=-58.079925&start_date=2015-04-23&end_date=2015-04-26&timezone=UTC&hourly=wave_height%2Cwave_direction%2Cwave_period&models=era5_ocean&cell_selection=sea,ok,f4ade8b9a0cc70866c4b0eae86740a4f5c7c015ed95184c00d771dc67af2bb44,3466,2026-09-26T08:38:49.493394+00:00
S2:MSM41_litter-T63,current,data/external/metocean/current_1c42b325e09683b594f36abb.nc,https://ncss.hycom.org/thredds/ncss/GLBv0.08/expt_53.X/data/2015?var=water_u&var=water_v&north=23.86035&south=23.69835&west=-58.160925000000006&east=-57.998925&time_start=2015-04-23T00%3A00%3A00Z&time_end=2015-04-26T23%3A59%3A59Z&vertCoord=0&accept=netcdf&disableProjSubset=on,ok,44ec5af4596ba8534faf51ec48444ad3e977a8f95de92e956e95c312384c1564,4244,2026-09-26T08:38:55.728752+00:00
S1:0.1,wind,data/external/metocean/wind_905cc1f1c519b4b948212297.json,https://archive-api.open-meteo.com/v1/archive?latitude=33.1895665&longitude=-128.790017&start_date=2015-07-22&end_date=2015-07-25&timezone=UTC&hourly=wind_speed_10m%2Cwind_direction_10m&models=era5&wind_speed_unit=ms&cell_selection=nearest,ok,528c1e150e03052d4c1bf4f773b108629ac34e3562068e3cb0b8dd6aaa117acc,2910,2026-09-26T08:38:49.758378+00:00
S1:0.1,wave,data/external/metocean/wave_d8f4a9d3fb6fb988aec9f690.json,https://marine-api.open-meteo.com/v1/marine?latitude=33.1895665&longitude=-128.790017&start_date=2015-07-22&end_date=2015-07-25&timezone=UTC&hourly=wave_height%2Cwave_direction%2Cwave_period&models=era5_ocean&cell_selection=sea,ok,cd99894e8e7bf416273778273058af7874ecbdc1252969be6440a36905a186f9,3431,2026-09-26T08:38:50.028504+00:00
S1:0.1,current,data/external/metocean/current_cef579fb0b3d14a9dfea59cf.nc,https://ncss.hycom.org/thredds/ncss/GLBv0.08/expt_53.X/data/2015?var=water_u&var=water_v&north=33.2705665&south=33.108566499999995&west=-128.871017&east=-128.70901700000002&time_start=2015-07-22T00%3A00%3A00Z&time_end=2015-07-25T23%3A59%3A59Z&vertCoord=0&accept=netcdf&disableProjSubset=on,ok,312feae18432d774fde643a645c3c08de9a572d6128d6a9cd17af82581c0c719,4204,2026-09-26T08:38:58.281566+00:00
S1:2.3,wind,data/external/metocean/wind_18d5257350d0397f17e698e1.json,https://archive-api.open-meteo.com/v1/archive?latitude=29.054015&longitude=-134.546025&start_date=2015-07-24&end_date=2015-07-27&timezone=UTC&hourly=wind_speed_10m%2Cwind_direction_10m&models=era5&wind_speed_unit=ms&cell_selection=nearest,ok,048ea1ec558bf9110feb8e0cdb7e021d5ebe006d8bcd2c0d81550366bed5a8ec,2899,2026-09-26T08:38:55.961430+00:00
S1:2.3,wave,data/external/metocean/wave_da365e3a4bb555d3abd8b76c.json,https://marine-api.open-meteo.com/v1/marine?latitude=29.054015&longitude=-134.546025&start_date=2015-07-24&end_date=2015-07-27&timezone=UTC&hourly=wave_height%2Cwave_direction%2Cwave_period&models=era5_ocean&cell_selection=sea,ok,6d518ea2509c0afe8ea383f516ac14d8ffb9cd4e089f78d71f739dfe343c7e8b,3452,2026-09-26T08:38:56.013780+00:00
S1:2.3,current,data/external/metocean/current_f7d82a2a949391501022bcd8.nc,https://ncss.hycom.org/thredds/ncss/GLBv0.08/expt_53.X/data/2015?var=water_u&var=water_v&north=29.135015&south=28.973015&west=-134.62702499999997&east=-134.465025&time_start=2015-07-24T00%3A00%3A00Z&time_end=2015-07-27T23%3A59%3A59Z&vertCoord=0&accept=netcdf&disableProjSubset=on,ok,095c5933945f96e33bd79d39d28148f3adf8bcb8bf80bbcb51cd7b88f9ec1e0c,4244,2026-09-26T08:39:07.232382+00:00
S1:2.4,wind,data/external/metocean/wind_db10ae9a6a0ade514e5cc3cc.json,https://archive-api.open-meteo.com/v1/archive?latitude=29.055215&longitude=-134.5443415&start_date=2015-07-24&end_date=2015-07-27&timezone=UTC&hourly=wind_speed_10m%2Cwind_direction_10m&models=era5&wind_speed_unit=ms&cell_selection=nearest,ok,b89c3d9650863ae161f4cb634cb4175009852c0567660b1ba44f99b131ac80d9,2899,2026-09-26T08:38:56.213259+00:00
S1:2.4,wave,data/external/metocean/wave_def928ec9828ba8a1282ecd4.json,https://marine-api.open-meteo.com/v1/marine?latitude=29.055215&longitude=-134.5443415&start_date=2015-07-24&end_date=2015-07-27&timezone=UTC&hourly=wave_height%2Cwave_direction%2Cwave_period&models=era5_ocean&cell_selection=sea,ok,be97ff40c66f15b1e383e505712a9565716d80e7c71c96c1eae82f0945a5abfe,3453,2026-09-26T08:38:56.278172+00:00
S1:2.4,current,data/external/metocean/current_8908e1f251e3f577bd23ac98.nc,https://ncss.hycom.org/thredds/ncss/GLBv0.08/expt_53.X/data/2015?var=water_u&var=water_v&north=29.136215&south=28.974215&west=-134.6253415&east=-134.4633415&time_start=2015-07-24T00%3A00%3A00Z&time_end=2015-07-27T23%3A59%3A59Z&vertCoord=0&accept=netcdf&disableProjSubset=on,ok,a61ca296a6d625fd96498d6f9f8e853f81c7cd679923e811640d1416a737cc08,4244,2026-09-26T08:39:07.232736+00:00
S1:1.3,wind,data/external/metocean/wind_c82acc15644bc530c2accc24.json,https://archive-api.open-meteo.com/v1/archive?latitude=29.07234&longitude=-134.05625&start_date=2015-07-24&end_date=2015-07-27&timezone=UTC&hourly=wind_speed_10m%2Cwind_direction_10m&models=era5&wind_speed_unit=ms&cell_selection=nearest,ok,410be7951b7fdcd96dba8b2c9cea166fc6c39072c5fa2182bca4d895cd220aa0,2899,2026-09-26T08:38:56.537401+00:00
S1:1.3,wave,data/external/metocean/wave_717306fdd5b376f1ca2500e8.json,https://marine-api.open-meteo.com/v1/marine?latitude=29.07234&longitude=-134.05625&start_date=2015-07-24&end_date=2015-07-27&timezone=UTC&hourly=wave_height%2Cwave_direction%2Cwave_period&models=era5_ocean&cell_selection=sea,ok,ad8816178d9365ee14247abbdc3c59f8625a7ca75a449228a774383812f99277,3451,2026-09-26T08:38:56.807690+00:00
S1:1.3,current,data/external/metocean/current_bc2307fb637ef6e77f88f6c9.nc,https://ncss.hycom.org/thredds/ncss/GLBv0.08/expt_53.X/data/2015?var=water_u&var=water_v&north=29.15334&south=28.99134&west=-134.13725&east=-133.97525000000002&time_start=2015-07-24T00%3A00%3A00Z&time_end=2015-07-27T23%3A59%3A59Z&vertCoord=0&accept=netcdf&disableProjSubset=on,ok,aa644fbef8beeb0915fceb5b87def9a4304b5e187887f7e3fbb7b293199f1438,4244,2026-09-26T08:39:07.232079+00:00
S1:1.4,wind,data/external/metocean/wind_d990fa5b74bf130830bd93e5.json,https://archive-api.open-meteo.com/v1/archive?latitude=29.073635&longitude=-134.0370835&start_date=2015-07-24&end_date=2015-07-27&timezone=UTC&hourly=wind_speed_10m%2Cwind_direction_10m&models=era5&wind_speed_unit=ms&cell_selection=nearest,ok,48582d32edbe37b9bda27c02b767aea8775a6031ef9610fffaa1f9a66107f5e6,2900,2026-09-26T08:38:58.996028+00:00
S1:1.4,wave,data/external/metocean/wave_70343bf2a51f5056ceca7f23.json,https://marine-api.open-meteo.com/v1/marine?latitude=29.073635&longitude=-134.0370835&start_date=2015-07-24&end_date=2015-07-27&timezone=UTC&hourly=wave_height%2Cwave_direction%2Cwave_period&models=era5_ocean&cell_selection=sea,ok,565293899e21bad3113155ba1b541696419ead21f69fc523f4f11fa7741c4fd5,3452,2026-09-26T08:38:59.285612+00:00
S1:1.4,current,data/external/metocean/current_07cfd23f113163ef3ce34615.nc,https://ncss.hycom.org/thredds/ncss/GLBv0.08/expt_53.X/data/2015?var=water_u&var=water_v&north=29.154635&south=28.992635&west=-134.11808349999998&east=-133.9560835&time_start=2015-07-24T00%3A00%3A00Z&time_end=2015-07-27T23%3A59%3A59Z&vertCoord=0&accept=netcdf&disableProjSubset=on,ok,f66870994dbf488d2048cd353a7b0150b148e5b99ef0fe214f08a4a702d3f50b,4244,2026-09-26T08:39:07.231550+00:00
S1:4.3,wind,data/external/metocean/wind_9e45470db63531723d04f8a2.json,https://archive-api.open-meteo.com/v1/archive?latitude=28.988125&longitude=-135.6992415&start_date=2015-07-25&end_date=2015-07-28&timezone=UTC&hourly=wind_speed_10m%2Cwind_direction_10m&models=era5&wind_speed_unit=ms&cell_selection=nearest,ok,e3f5265a6b2381b22a8d1f320a08723a11e0ba1387b4ef0ca34aa44d90fcbbd4,2899,2026-09-26T08:39:07.497313+00:00
S1:4.3,wave,data/external/metocean/wave_2581046e0546a0d8cbc2bbbf.json,https://marine-api.open-meteo.com/v1/marine?latitude=28.988125&longitude=-135.6992415&start_date=2015-07-25&end_date=2015-07-28&timezone=UTC&hourly=wave_height%2Cwave_direction%2Cwave_period&models=era5_ocean&cell_selection=sea,ok,b7db212fc6ecb48a304a082da3701fb54d3ebd2f50fbe57cf4f76145ce5283ea,3479,2026-09-26T08:39:07.510489+00:00
S1:4.3,current,data/external/metocean/current_022af548815b44d65335c8d2.nc,https://ncss.hycom.org/thredds/ncss/GLBv0.08/expt_53.X/data/2015?var=water_u&var=water_v&north=29.069125&south=28.907125&west=-135.7802415&east=-135.6182415&time_start=2015-07-25T00%3A00%3A00Z&time_end=2015-07-28T23%3A59%3A59Z&vertCoord=0&accept=netcdf&disableProjSubset=on,ok,b507bb3f07b145207a44fbce171698d1292195b53b4db92f93bed0aef758dec0,4244,2026-09-26T08:39:10.299633+00:00
S1:6.4,wind,data/external/metocean/wind_490421b7d25a405996f895d8.json,https://archive-api.open-meteo.com/v1/archive?latitude=29.0074&longitude=-136.8627915&start_date=2015-07-25&end_date=2015-07-28&timezone=UTC&hourly=wind_speed_10m%2Cwind_direction_10m&models=era5&wind_speed_unit=ms&cell_selection=nearest,ok,58a3f594a4fda0cd8b144dd252fca9efa4376142c1ca4e889a68f384fa77bf9c,2900,2026-09-26T08:39:07.494590+00:00
S1:6.4,wave,data/external/metocean/wave_aef6cba37dff1d2d68d96115.json,https://marine-api.open-meteo.com/v1/marine?latitude=29.0074&longitude=-136.8627915&start_date=2015-07-25&end_date=2015-07-28&timezone=UTC&hourly=wave_height%2Cwave_direction%2Cwave_period&models=era5_ocean&cell_selection=sea,ok,3ad1e4a58586261bef61794565c6e9c429b4e7d0907383247953b5eeb67acef0,3482,2026-09-26T08:39:07.769175+00:00
S1:6.4,current,data/external/metocean/current_26b7f898dd38946825810650.nc,https://ncss.hycom.org/thredds/ncss/GLBv0.08/expt_53.X/data/2015?var=water_u&var=water_v&north=29.0884&south=28.9264&west=-136.94379149999997&east=-136.7817915&time_start=2015-07-25T00%3A00%3A00Z&time_end=2015-07-28T23%3A59%3A59Z&vertCoord=0&accept=netcdf&disableProjSubset=on,ok,f4d746356107bcbd4a8936d6deb7b3b9f5f0f81dc147ac808b885db4be7f5358,4244,2026-09-26T08:39:10.299765+00:00
S1:4.4,wind,data/external/metocean/wind_01b9fe1a6f7a500d7067d5e9.json,https://archive-api.open-meteo.com/v1/archive?latitude=28.987135&longitude=-135.700825&start_date=2015-07-25&end_date=2015-07-28&timezone=UTC&hourly=wind_speed_10m%2Cwind_direction_10m&models=era5&wind_speed_unit=ms&cell_selection=nearest,ok,af1bab4afc6ba2c09c2ac32f4c8a2756c264cda0ddd5d881fa4c1224b9caa5ee,2900,2026-09-26T08:39:07.759424+00:00
S1:4.4,wave,data/external/metocean/wave_9e2a1823eb11ba36333cf9fd.json,https://marine-api.open-meteo.com/v1/marine?latitude=28.987135&longitude=-135.700825&start_date=2015-07-25&end_date=2015-07-28&timezone=UTC&hourly=wave_height%2Cwave_direction%2Cwave_period&models=era5_ocean&cell_selection=sea,ok,a0869b14c1afcabe4cc27a69536eb0396170c853402a399c3f16d95e4d76e742,3480,2026-09-26T08:39:08.020404+00:00
S1:4.4,current,data/external/metocean/current_6110e7bbbf080eec6fe5e3ae.nc,https://ncss.hycom.org/thredds/ncss/GLBv0.08/expt_53.X/data/2015?var=water_u&var=water_v&north=29.068134999999998&south=28.906135&west=-135.781825&east=-135.61982500000002&time_start=2015-07-25T00%3A00%3A00Z&time_end=2015-07-28T23%3A59%3A59Z&vertCoord=0&accept=netcdf&disableProjSubset=on,ok,2f72dfd82220dd4a27679e89f744b23ce0ddcd56a6aeb15b6e63275ca64b7758,4244,2026-09-26T08:39:10.299548+00:00
S1:6.3,wind,data/external/metocean/wind_85b024b10ae03a63a33ba7f2.json,https://archive-api.open-meteo.com/v1/archive?latitude=29.00841&longitude=-136.8621665&start_date=2015-07-25&end_date=2015-07-28&timezone=UTC&hourly=wind_speed_10m%2Cwind_direction_10m&models=era5&wind_speed_unit=ms&cell_selection=nearest,ok,6886d132c6e407254ed4c1f3076310fb0ef99bfe8c34ecaf6175ec3e7bafdc71,2900,2026-09-26T08:39:08.278088+00:00
S1:6.3,wave,data/external/metocean/wave_dd20d6d22c4ceb616ebf66fd.json,https://marine-api.open-meteo.com/v1/marine?latitude=29.00841&longitude=-136.8621665&start_date=2015-07-25&end_date=2015-07-28&timezone=UTC&hourly=wave_height%2Cwave_direction%2Cwave_period&models=era5_ocean&cell_selection=sea,ok,c14c9d6ec3f1d80a2f9c76256e69085b7166a49264534c197c439a18c5d53c7d,3486,2026-09-26T08:39:08.537249+00:00
S1:6.3,current,data/external/metocean/current_02a2e3556c25c75fe6c47958.nc,https://ncss.hycom.org/thredds/ncss/GLBv0.08/expt_53.X/data/2015?var=water_u&var=water_v&north=29.08941&south=28.927410000000002&west=-136.9431665&east=-136.7811665&time_start=2015-07-25T00%3A00%3A00Z&time_end=2015-07-28T23%3A59%3A59Z&vertCoord=0&accept=netcdf&disableProjSubset=on,ok,1f6ed152bb72dc7e863d859683de9ea22573cdb1052e04d3f8f6c5bc65309137,4244,2026-09-26T08:39:10.299705+00:00
S1:5.4,wind,data/external/metocean/wind_7c97ff27f2aa99e532a59188.json,https://archive-api.open-meteo.com/v1/archive?latitude=29.009515&longitude=-136.2696085&start_date=2015-07-25&end_date=2015-07-28&timezone=UTC&hourly=wind_speed_10m%2Cwind_direction_10m&models=era5&wind_speed_unit=ms&cell_selection=nearest,ok,bebce32261e8aad999e20ab4d32263eadf2669cf6974ad6181c46ce481ba28ee,2900,2026-09-26T08:39:11.013426+00:00
S1:5.4,wave,data/external/metocean/wave_9d51fa74cb6ff66dcd39bf5b.json,https://marine-api.open-meteo.com/v1/marine?latitude=29.009515&longitude=-136.2696085&start_date=2015-07-25&end_date=2015-07-28&timezone=UTC&hourly=wave_height%2Cwave_direction%2Cwave_period&models=era5_ocean&cell_selection=sea,ok,90c2ac43137b998a406fd0c68bce2493989ead8e9d6f43c25e5c2afb6c971f40,3485,2026-09-26T08:39:11.013634+00:00
S1:5.4,current,data/external/metocean/current_f0c0086c416895e176c3aab6.nc,https://ncss.hycom.org/thredds/ncss/GLBv0.08/expt_53.X/data/2015?var=water_u&var=water_v&north=29.090515&south=28.928515&west=-136.3506085&east=-136.18860850000002&time_start=2015-07-25T00%3A00%3A00Z&time_end=2015-07-28T23%3A59%3A59Z&vertCoord=0&accept=netcdf&disableProjSubset=on,ok,28c508ac2c47745988a42f4a57b56c5b01f9d01c69fecac48635d0191081b912,4244,2026-09-26T08:39:12.866129+00:00
S1:5.3,wind,data/external/metocean/wind_4601260c333ed622035a3137.json,https://archive-api.open-meteo.com/v1/archive?latitude=29.00875&longitude=-136.26805&start_date=2015-07-25&end_date=2015-07-28&timezone=UTC&hourly=wind_speed_10m%2Cwind_direction_10m&models=era5&wind_speed_unit=ms&cell_selection=nearest,ok,79e8f0a16d8c119acb22a3e21d0b267ecdb8eed01387a6f2a68ba9c9533075cb,2900,2026-09-26T08:39:11.013548+00:00
S1:5.3,wave,data/external/metocean/wave_016ef2d957aac9786fd7c033.json,https://marine-api.open-meteo.com/v1/marine?latitude=29.00875&longitude=-136.26805&start_date=2015-07-25&end_date=2015-07-28&timezone=UTC&hourly=wave_height%2Cwave_direction%2Cwave_period&models=era5_ocean&cell_selection=sea,ok,5daf763cc33ef5fc5dcf99d860a22dff5cb9c376514d7f7f6a78022da255b2e6,3485,2026-09-26T08:39:11.518925+00:00
S1:5.3,current,data/external/metocean/current_08fb5e8611b3509728c4aea1.nc,https://ncss.hycom.org/thredds/ncss/GLBv0.08/expt_53.X/data/2015?var=water_u&var=water_v&north=29.08975&south=28.92775&west=-136.34904999999998&east=-136.18705&time_start=2015-07-25T00%3A00%3A00Z&time_end=2015-07-28T23%3A59%3A59Z&vertCoord=0&accept=netcdf&disableProjSubset=on,ok,ccd2b040d2f1d4dc74e5ca2261f2f61de31cda74a2db5976a7d34776ac9e2018,4244,2026-09-26T08:39:11.620504+00:00
S1:3.3,wind,data/external/metocean/wind_fc63a433e2020399aed31388.json,https://archive-api.open-meteo.com/v1/archive?latitude=29.00679&longitude=-135.1118335&start_date=2015-07-25&end_date=2015-07-28&timezone=UTC&hourly=wind_speed_10m%2Cwind_direction_10m&models=era5&wind_speed_unit=ms&cell_selection=nearest,ok,1bbc83dce0e1afcde7be74e83f50f6551c4cd6f0558308c7201756ed2a4ec673,2899,2026-09-26T08:39:11.510687+00:00
S1:3.3,wave,data/external/metocean/wave_db275b254e7b27853eb907d2.json,https://marine-api.open-meteo.com/v1/marine?latitude=29.00679&longitude=-135.1118335&start_date=2015-07-25&end_date=2015-07-28&timezone=UTC&hourly=wave_height%2Cwave_direction%2Cwave_period&models=era5_ocean&cell_selection=sea,ok,61f2dde06d791a4e2512bf0af597b779400dc71dcf7fbfcd69200959b103c148,3479,2026-09-26T08:39:11.777019+00:00
S1:3.3,current,data/external/metocean/current_e01355795e5b97b1eb6ca71f.nc,https://ncss.hycom.org/thredds/ncss/GLBv0.08/expt_53.X/data/2015?var=water_u&var=water_v&north=29.08779&south=28.92579&west=-135.19283349999998&east=-135.0308335&time_start=2015-07-25T00%3A00%3A00Z&time_end=2015-07-28T23%3A59%3A59Z&vertCoord=0&accept=netcdf&disableProjSubset=on,ok,aa03e3bcd7f3bbb6741bfcb6ae67681f3447fc848c4113f2312b3ac7d3ddfd3e,4244,2026-09-26T08:39:12.866065+00:00
S1:3.4,wind,data/external/metocean/wind_4892da497ac8443732900cef.json,https://archive-api.open-meteo.com/v1/archive?latitude=29.00825&longitude=-135.1098335&start_date=2015-07-25&end_date=2015-07-28&timezone=UTC&hourly=wind_speed_10m%2Cwind_direction_10m&models=era5&wind_speed_unit=ms&cell_selection=nearest,ok,43ef4b255e11d1069965827067364ee9525a19d14f6c23769f85d5c7ed75f3d4,2899,2026-09-26T08:39:11.859381+00:00
S1:3.4,wave,data/external/metocean/wave_0c36f016d61a95d540460a36.json,https://marine-api.open-meteo.com/v1/marine?latitude=29.00825&longitude=-135.1098335&start_date=2015-07-25&end_date=2015-07-28&timezone=UTC&hourly=wave_height%2Cwave_direction%2Cwave_period&models=era5_ocean&cell_selection=sea,ok,40b846c212861db3d9fee3a1846f84856a3beda47d466d2cf037f4ae4c2fc9de,3479,2026-09-26T08:39:12.029123+00:00
S1:3.4,current,data/external/metocean/current_3bed2250e0c29d8cff1799e8.nc,https://ncss.hycom.org/thredds/ncss/GLBv0.08/expt_53.X/data/2015?var=water_u&var=water_v&north=29.08925&south=28.92725&west=-135.1908335&east=-135.02883350000002&time_start=2015-07-25T00%3A00%3A00Z&time_end=2015-07-28T23%3A59%3A59Z&vertCoord=0&accept=netcdf&disableProjSubset=on,ok,60f2af5477fd72f87e7fa387e6c9c4e2442ae2a8d27bf25096bffc1aa3861066,4244,2026-09-26T08:39:12.410930+00:00
S1:9.3,wind,data/external/metocean/wind_07bdeb3c9efc16c28267d8d0.json,https://archive-api.open-meteo.com/v1/archive?latitude=28.9996&longitude=-138.5808165&start_date=2015-07-26&end_date=2015-07-29&timezone=UTC&hourly=wind_speed_10m%2Cwind_direction_10m&models=era5&wind_speed_unit=ms&cell_selection=nearest,ok,e81656b97bf5ad4673af9aba92830162b922fd0161da4764760bc8100ca8b99c,2899,2026-09-26T08:39:12.273767+00:00
S1:9.3,wave,data/external/metocean/wave_663f7715761bf9600bb1d7eb.json,https://marine-api.open-meteo.com/v1/marine?latitude=28.9996&longitude=-138.5808165&start_date=2015-07-26&end_date=2015-07-29&timezone=UTC&hourly=wave_height%2Cwave_direction%2Cwave_period&models=era5_ocean&cell_selection=sea,ok,6f24184d93d958d890525f9a37a6d02b1b7080a1245311eeea5b452d902baba5,3513,2026-09-26T08:39:12.539822+00:00
S1:9.3,current,data/external/metocean/current_cf9e1860216f4570b36c0eb6.nc,https://ncss.hycom.org/thredds/ncss/GLBv0.08/expt_53.X/data/2015?var=water_u&var=water_v&north=29.0806&south=28.9186&west=-138.6618165&east=-138.4998165&time_start=2015-07-26T00%3A00%3A00Z&time_end=2015-07-29T23%3A59%3A59Z&vertCoord=0&accept=netcdf&disableProjSubset=on,ok,b3b318012247ca66d8c679bdf6079aa4b2fedd5c11d4282b4ccc4e1e8af16973,4636,2026-09-26T08:39:15.773152+00:00
S1:9.4,wind,data/external/metocean/wind_7cd8576342aacbce3c3648ea.json,https://archive-api.open-meteo.com/v1/archive?latitude=28.999935&longitude=-138.5806&start_date=2015-07-26&end_date=2015-07-29&timezone=UTC&hourly=wind_speed_10m%2Cwind_direction_10m&models=era5&wind_speed_unit=ms&cell_selection=nearest,ok,f2bdad9078765631c41fdc600554d1f864de514dbcd86414b20d8561297978c5,2898,2026-09-26T08:39:12.793301+00:00
S1:9.4,wave,data/external/metocean/wave_041cfa3a49fa2fe50fde60c8.json,https://marine-api.open-meteo.com/v1/marine?latitude=28.999935&longitude=-138.5806&start_date=2015-07-26&end_date=2015-07-29&timezone=UTC&hourly=wave_height%2Cwave_direction%2Cwave_period&models=era5_ocean&cell_selection=sea,ok,b0eb15dee51846f6f514e67c27c1d05ae9597839ed8b683ddb1b7af7f615f6e2,3511,2026-09-26T08:39:13.059461+00:00
S1:9.4,current,data/external/metocean/current_b574335ad1e4676c706c9c0c.nc,https://ncss.hycom.org/thredds/ncss/GLBv0.08/expt_53.X/data/2015?var=water_u&var=water_v&north=29.080935&south=28.918935&west=-138.6616&east=-138.49960000000002&time_start=2015-07-26T00%3A00%3A00Z&time_end=2015-07-29T23%3A59%3A59Z&vertCoord=0&accept=netcdf&disableProjSubset=on,ok,b2823b2f0ec6bf2153527cbc6e88f9b82fb0b06911585620bce25b181b996403,4636,2026-09-26T08:39:15.774206+00:00
S1:10.3,wind,data/external/metocean/wind_a56bddc80121878fb325acec.json,https://archive-api.open-meteo.com/v1/archive?latitude=29.0056&longitude=-139.1793335&start_date=2015-07-26&end_date=2015-07-29&timezone=UTC&hourly=wind_speed_10m%2Cwind_direction_10m&models=era5&wind_speed_unit=ms&cell_selection=nearest,ok,3795d2f7de04a9a2ce891b03b194499bbc1f17f0942e4ce08707ee297f7c595d,2901,2026-09-26T08:39:13.111263+00:00
S1:10.3,wave,data/external/metocean/wave_2454933fb6977081ef852b06.json,https://marine-api.open-meteo.com/v1/marine?latitude=29.0056&longitude=-139.1793335&start_date=2015-07-26&end_date=2015-07-29&timezone=UTC&hourly=wave_height%2Cwave_direction%2Cwave_period&models=era5_ocean&cell_selection=sea,ok,0b0a62c4f856f9465c87e1e82254d9e8f388554008ba52ec74ca961550769896,3512,2026-09-26T08:39:13.329227+00:00
S1:10.3,current,data/external/metocean/current_392287607459a852c583f7a2.nc,https://ncss.hycom.org/thredds/ncss/GLBv0.08/expt_53.X/data/2015?var=water_u&var=water_v&north=29.0866&south=28.9246&west=-139.2603335&east=-139.09833350000002&time_start=2015-07-26T00%3A00%3A00Z&time_end=2015-07-29T23%3A59%3A59Z&vertCoord=0&accept=netcdf&disableProjSubset=on,ok,4b3b1401416bfb93e5913050716dbbe0f9077c1daac321b2a77acc4a2b973e47,4244,2026-09-26T08:39:15.838435+00:00
S1:10.4,wind,data/external/metocean/wind_d21f39ceebdc58d3f26f0395.json,https://archive-api.open-meteo.com/v1/archive?latitude=29.000435&longitude=-139.1930835&start_date=2015-07-26&end_date=2015-07-29&timezone=UTC&hourly=wind_speed_10m%2Cwind_direction_10m&models=era5&wind_speed_unit=ms&cell_selection=nearest,ok,7c0d579c361f95f04fa473636c8af939f62c7f7c1432104b162d35018cd64008,2901,2026-09-26T08:39:13.578209+00:00
S1:10.4,wave,data/external/metocean/wave_3e69a2a49e09809e0d5675f5.json,https://marine-api.open-meteo.com/v1/marine?latitude=29.000435&longitude=-139.1930835&start_date=2015-07-26&end_date=2015-07-29&timezone=UTC&hourly=wave_height%2Cwave_direction%2Cwave_period&models=era5_ocean&cell_selection=sea,ok,4cbb276ead3c73c6268335de400a66262c2723b36acd9244cc6e8c41b1f0ecf5,3513,2026-09-26T08:39:13.840495+00:00
S1:10.4,current,data/external/metocean/current_b473485ac2d96a1b7d8895fe.nc,https://ncss.hycom.org/thredds/ncss/GLBv0.08/expt_53.X/data/2015?var=water_u&var=water_v&north=29.081435&south=28.919435&west=-139.2740835&east=-139.1120835&time_start=2015-07-26T00%3A00%3A00Z&time_end=2015-07-29T23%3A59%3A59Z&vertCoord=0&accept=netcdf&disableProjSubset=on,ok,b01f7102fadaf1225d328aee521ff178a394e1f67117d4c8d35d4e379241c7c3,4636,2026-09-26T08:39:15.782253+00:00
S1:8.4,wind,data/external/metocean/wind_38792c2ccf4cf9d1a009dd4a.json,https://archive-api.open-meteo.com/v1/archive?latitude=29.00169&longitude=-138.0501585&start_date=2015-07-26&end_date=2015-07-29&timezone=UTC&hourly=wind_speed_10m%2Cwind_direction_10m&models=era5&wind_speed_unit=ms&cell_selection=nearest,ok,72b047fcf66d64badd6e502695099304c97515dbe1bfbdb8b4122bd00199c27d,2899,2026-09-26T08:39:16.038865+00:00
S1:8.4,wave,data/external/metocean/wave_8e992c0a1fbac967764d583b.json,https://marine-api.open-meteo.com/v1/marine?latitude=29.00169&longitude=-138.0501585&start_date=2015-07-26&end_date=2015-07-29&timezone=UTC&hourly=wave_height%2Cwave_direction%2Cwave_period&models=era5_ocean&cell_selection=sea,ok,ffd4b929725904150017d2ede705bdd66536646c185f77da620bb88e75bc761b,3512,2026-09-26T08:39:16.048241+00:00
S1:8.4,current,data/external/metocean/current_d872c4cb1b57e9ed9f1ab7d3.nc,https://ncss.hycom.org/thredds/ncss/GLBv0.08/expt_53.X/data/2015?var=water_u&var=water_v&north=29.08269&south=28.92069&west=-138.1311585&east=-137.96915850000002&time_start=2015-07-26T00%3A00%3A00Z&time_end=2015-07-29T23%3A59%3A59Z&vertCoord=0&accept=netcdf&disableProjSubset=on,ok,357aa1557d9acbe6c3ab14aa2c750c967928723a56652747a248777a988e8edc,4244,2026-09-26T08:39:16.333183+00:00
S1:8.3,wind,data/external/metocean/wind_d1af2d39a14fa021debc493b.json,https://archive-api.open-meteo.com/v1/archive?latitude=29.0021&longitude=-138.051075&start_date=2015-07-26&end_date=2015-07-29&timezone=UTC&hourly=wind_speed_10m%2Cwind_direction_10m&models=era5&wind_speed_unit=ms&cell_selection=nearest,ok,b90f4c391fca79c02d8b561f10fcca2d02068399602184cd8d9ff018a23f4d59,2898,2026-09-26T08:39:16.094595+00:00
S1:8.3,wave,data/external/metocean/wave_e70806b6bd27fb31a83c9175.json,https://marine-api.open-meteo.com/v1/marine?latitude=29.0021&longitude=-138.051075&start_date=2015-07-26&end_date=2015-07-29&timezone=UTC&hourly=wave_height%2Cwave_direction%2Cwave_period&models=era5_ocean&cell_selection=sea,ok,1e96321d9b9bcfefb83721d8c6657a24a5b48d5e30e2a2a6223379c07c250a22,3512,2026-09-26T08:39:16.318966+00:00
S1:8.3,current,data/external/metocean/current_871eade2dab94318a48284ac.nc,https://ncss.hycom.org/thredds/ncss/GLBv0.08/expt_53.X/data/2015?var=water_u&var=water_v&north=29.083099999999998&south=28.9211&west=-138.132075&east=-137.970075&time_start=2015-07-26T00%3A00%3A00Z&time_end=2015-07-29T23%3A59%3A59Z&vertCoord=0&accept=netcdf&disableProjSubset=on,ok,d023714527028293812e84ca7cddb7f5a5628078bfa7aac68ea12aebc9b3b283,4244,2026-09-26T08:39:16.634515+00:00
S1:11.4,wind,data/external/metocean/wind_33affb3c8399154ed9129e4f.json,https://archive-api.open-meteo.com/v1/archive?latitude=29.0174845&longitude=-139.833862&start_date=2015-07-26&end_date=2015-07-29&timezone=UTC&hourly=wind_speed_10m%2Cwind_direction_10m&models=era5&wind_speed_unit=ms&cell_selection=nearest,ok,be618a2000c77eb1d3196e794c41857c5db240aa50b54a98288607fdf29c43ae,2904,2026-09-26T08:39:16.372244+00:00
S1:11.4,wave,data/external/metocean/wave_aaaec073de66c053e4f2437b.json,https://marine-api.open-meteo.com/v1/marine?latitude=29.0174845&longitude=-139.833862&start_date=2015-07-26&end_date=2015-07-29&timezone=UTC&hourly=wave_height%2Cwave_direction%2Cwave_period&models=era5_ocean&cell_selection=sea,ok,6231cf1f45e8744a422baaf23108eff62dc0768e41920eb19a5b491244de6afd,3514,2026-09-26T08:39:16.611382+00:00
S1:11.4,current,data/external/metocean/current_46b8ea53e101502def3ab1fd.nc,https://ncss.hycom.org/thredds/ncss/GLBv0.08/expt_53.X/data/2015?var=water_u&var=water_v&north=29.098484499999998&south=28.9364845&west=-139.914862&east=-139.75286200000002&time_start=2015-07-26T00%3A00%3A00Z&time_end=2015-07-29T23%3A59%3A59Z&vertCoord=0&accept=netcdf&disableProjSubset=on,ok,9d029ab6f5b48d6947fdc76643d103473467bf3d35abc0caa2dfbbcf9c609d6a,4244,2026-09-26T08:39:16.877029+00:00
S1:7.4,wind,data/external/metocean/wind_7b432d9c97afd57ce1d0fbf2.json,https://archive-api.open-meteo.com/v1/archive?latitude=29.007175&longitude=-137.46765&start_date=2015-07-26&end_date=2015-07-29&timezone=UTC&hourly=wind_speed_10m%2Cwind_direction_10m&models=era5&wind_speed_unit=ms&cell_selection=nearest,ok,2c13fe84f437e76254a80942ba43e50ffeb2eea5c37a3e0782a3f0ac331d9466,2899,2026-09-26T08:39:16.648719+00:00
S1:7.4,wave,data/external/metocean/wave_4c1a4311042c20d47ff59c01.json,https://marine-api.open-meteo.com/v1/marine?latitude=29.007175&longitude=-137.46765&start_date=2015-07-26&end_date=2015-07-29&timezone=UTC&hourly=wave_height%2Cwave_direction%2Cwave_period&models=era5_ocean&cell_selection=sea,ok,0bcd8dfb27961b36085928ab1056a174815b599cb87deaf9334bd8ce1efd0395,3511,2026-09-26T08:39:16.893758+00:00
S1:7.4,current,data/external/metocean/current_0bbd170f1dbaf62be01a4ca7.nc,https://ncss.hycom.org/thredds/ncss/GLBv0.08/expt_53.X/data/2015?var=water_u&var=water_v&north=29.088175&south=28.926175&west=-137.54864999999998&east=-137.38665&time_start=2015-07-26T00%3A00%3A00Z&time_end=2015-07-29T23%3A59%3A59Z&vertCoord=0&accept=netcdf&disableProjSubset=on,ok,19fdb38c452a5d28ca91ab05a965e1450b4aa3a487de6815ba1fbe9e551aa549,4244,2026-09-26T08:39:17.227293+00:00
S1:11.3,wind,data/external/metocean/wind_a5ed3233d3ef4e7208d639b4.json,https://archive-api.open-meteo.com/v1/archive?latitude=29.0198465&longitude=-139.8271595&start_date=2015-07-26&end_date=2015-07-29&timezone=UTC&hourly=wind_speed_10m%2Cwind_direction_10m&models=era5&wind_speed_unit=ms&cell_selection=nearest,ok,ba61ec3789f57ba6e2a748752c31374197c14ecf7a0a5a1ff0924b3b0cc0cf5c,2904,2026-09-26T08:39:16.903227+00:00
S1:11.3,wave,data/external/metocean/wave_86fc1018513bfc86db6065cd.json,https://marine-api.open-meteo.com/v1/marine?latitude=29.0198465&longitude=-139.8271595&start_date=2015-07-26&end_date=2015-07-29&timezone=UTC&hourly=wave_height%2Cwave_direction%2Cwave_period&models=era5_ocean&cell_selection=sea,ok,f4d7d18c9ec4c4b8876faa6730f789ce7ad91723a155efb4a6a596608f2cb639,3513,2026-09-26T08:39:17.138791+00:00
S1:11.3,current,data/external/metocean/current_031d3644d21d18f123ef59df.nc,https://ncss.hycom.org/thredds/ncss/GLBv0.08/expt_53.X/data/2015?var=water_u&var=water_v&north=29.1008465&south=28.9388465&west=-139.90815949999998&east=-139.7461595&time_start=2015-07-26T00%3A00%3A00Z&time_end=2015-07-29T23%3A59%3A59Z&vertCoord=0&accept=netcdf&disableProjSubset=on,ok,ef6d4324dbd8fc479114eaa91ec080a276d98ea2880da1bb7f2b5bcdde3c9621,4244,2026-09-26T08:39:17.445176+00:00
S1:7.3,wind,data/external/metocean/wind_aa47aa3b0c83887ab38ff861.json,https://archive-api.open-meteo.com/v1/archive?latitude=29.00869&longitude=-137.4724085&start_date=2015-07-26&end_date=2015-07-29&timezone=UTC&hourly=wind_speed_10m%2Cwind_direction_10m&models=era5&wind_speed_unit=ms&cell_selection=nearest,ok,859c70029f867a4441185a2c424f334e44ced11c71a38ffdb9d235dc999c772f,2899,2026-09-26T08:39:17.142416+00:00
S1:7.3,wave,data/external/metocean/wave_c0ce8fb53a85e3fae334feef.json,https://marine-api.open-meteo.com/v1/marine?latitude=29.00869&longitude=-137.4724085&start_date=2015-07-26&end_date=2015-07-29&timezone=UTC&hourly=wave_height%2Cwave_direction%2Cwave_period&models=era5_ocean&cell_selection=sea,ok,94517b986de36ebe401dee0dbfc3d3db804134d46a39674a9b94f2628cb9c53d,3511,2026-09-26T08:39:17.417427+00:00
S1:7.3,current,data/external/metocean/current_8da561f3ded696dd5b098978.nc,https://ncss.hycom.org/thredds/ncss/GLBv0.08/expt_53.X/data/2015?var=water_u&var=water_v&north=29.08969&south=28.927690000000002&west=-137.5534085&east=-137.3914085&time_start=2015-07-26T00%3A00%3A00Z&time_end=2015-07-29T23%3A59%3A59Z&vertCoord=0&accept=netcdf&disableProjSubset=on,ok,c4b95067547c8813b84ac75fb45258a7170efbe78c13124283f8a06fd2cf2f5c,4244,2026-09-26T08:39:17.696188+00:00
S1:12.3,wind,data/external/metocean/wind_1aa5cbcdb60456ae8b2cd15a.json,https://archive-api.open-meteo.com/v1/archive?latitude=28.99819&longitude=-140.4820415&start_date=2015-07-27&end_date=2015-07-30&timezone=UTC&hourly=wind_speed_10m%2Cwind_direction_10m&models=era5&wind_speed_unit=ms&cell_selection=nearest,ok,02c85282fface00bc206408616bcc5f78e565b42f317b5c4309bf9e2145e3f5c,2899,2026-09-26T08:39:17.502105+00:00
S1:12.3,wave,data/external/metocean/wave_9e577083a82ad27295c2abf7.json,https://marine-api.open-meteo.com/v1/marine?latitude=28.99819&longitude=-140.4820415&start_date=2015-07-27&end_date=2015-07-30&timezone=UTC&hourly=wave_height%2Cwave_direction%2Cwave_period&models=era5_ocean&cell_selection=sea,ok,f5f6406dfbc5a995e00de81c6fded0bc05d5ee917cd483c87cb3bb0cc4a95edd,3520,2026-09-26T08:39:17.692563+00:00
S1:12.3,current,data/external/metocean/current_0d7cf885db9da91dd950ba47.nc,https://ncss.hycom.org/thredds/ncss/GLBv0.08/expt_53.X/data/2015?var=water_u&var=water_v&north=29.07919&south=28.91719&west=-140.5630415&east=-140.40104150000002&time_start=2015-07-27T00%3A00%3A00Z&time_end=2015-07-30T23%3A59%3A59Z&vertCoord=0&accept=netcdf&disableProjSubset=on,ok,016757c345c4eb9ed0c3acfe49c0edf0e03023e8e30bb984e41e8f09a054228d,4244,2026-09-26T08:39:20.850727+00:00
S1:12.4,wind,data/external/metocean/wind_ff35b66c392d90b0a9df74db.json,https://archive-api.open-meteo.com/v1/archive?latitude=28.998435&longitude=-140.4815335&start_date=2015-07-27&end_date=2015-07-30&timezone=UTC&hourly=wind_speed_10m%2Cwind_direction_10m&models=era5&wind_speed_unit=ms&cell_selection=nearest,ok,daeeec1f814900405c696edbee6d4805fa6e6cab1ae6a637b7e9fbbac2198b63,2899,2026-09-26T08:39:17.745248+00:00
S1:12.4,wave,data/external/metocean/wave_4d16fb7c4995d38c20c3e8ca.json,https://marine-api.open-meteo.com/v1/marine?latitude=28.998435&longitude=-140.4815335&start_date=2015-07-27&end_date=2015-07-30&timezone=UTC&hourly=wave_height%2Cwave_direction%2Cwave_period&models=era5_ocean&cell_selection=sea,ok,ff8c64e2d7a1ea6815df83d83ecd1f46d2fa9952cb03b124ad0ba1493cfa1259,3521,2026-09-26T08:39:17.943139+00:00
S1:12.4,current,data/external/metocean/current_febbd197c29f7841f0443c55.nc,https://ncss.hycom.org/thredds/ncss/GLBv0.08/expt_53.X/data/2015?var=water_u&var=water_v&north=29.079435&south=28.917435&west=-140.5625335&east=-140.40053350000002&time_start=2015-07-27T00%3A00%3A00Z&time_end=2015-07-30T23%3A59%3A59Z&vertCoord=0&accept=netcdf&disableProjSubset=on,ok,82ed398b4c3c11ea54c1054edb941bd225f31836380863533364a8b83b878855,4244,2026-09-26T08:39:20.866432+00:00
S1:14.3,wind,data/external/metocean/wind_8af71080af0c813faa849f6a.json,https://archive-api.open-meteo.com/v1/archive?latitude=29.00124&longitude=-141.6246665&start_date=2015-07-27&end_date=2015-07-30&timezone=UTC&hourly=wind_speed_10m%2Cwind_direction_10m&models=era5&wind_speed_unit=ms&cell_selection=nearest,ok,f4754fba43aa974970170dbcc67d1956d97c1a0ac79b6650e1aff14d0806dfbc,2900,2026-09-26T08:39:17.986267+00:00
S1:14.3,wave,data/external/metocean/wave_d181b59e49af76bcfba79414.json,https://marine-api.open-meteo.com/v1/marine?latitude=29.00124&longitude=-141.6246665&start_date=2015-07-27&end_date=2015-07-30&timezone=UTC&hourly=wave_height%2Cwave_direction%2Cwave_period&models=era5_ocean&cell_selection=sea,ok,8003c514ad6e6f5dad6f9d27ef1d60fcef3d82eb84c3f771d123cdd6bb292a3f,3523,2026-09-26T08:39:18.203536+00:00
S1:14.3,current,data/external/metocean/current_bd1c07bc58ec600d139dfc73.nc,https://ncss.hycom.org/thredds/ncss/GLBv0.08/expt_53.X/data/2015?var=water_u&var=water_v&north=29.08224&south=28.92024&west=-141.70566649999998&east=-141.5436665&time_start=2015-07-27T00%3A00%3A00Z&time_end=2015-07-30T23%3A59%3A59Z&vertCoord=0&accept=netcdf&disableProjSubset=on,ok,5567ef988d68d4edc0faf6aeb1c0e13393962705938b4666fa9b3f583d6c3bdd,4244,2026-09-26T08:39:20.850944+00:00
S1:14.4,wind,data/external/metocean/wind_bd6d18729224e70828979b35.json,https://archive-api.open-meteo.com/v1/archive?latitude=29.001325&longitude=-141.6263585&start_date=2015-07-27&end_date=2015-07-30&timezone=UTC&hourly=wind_speed_10m%2Cwind_direction_10m&models=era5&wind_speed_unit=ms&cell_selection=nearest,ok,2d27c4878b98288f5cf97cf035713e10af7352b90c661b6447820f157ef566b7,2901,2026-09-26T08:39:18.444325+00:00
S1:14.4,wave,data/external/metocean/wave_e42a30ab9a598c623b14bad8.json,https://marine-api.open-meteo.com/v1/marine?latitude=29.001325&longitude=-141.6263585&start_date=2015-07-27&end_date=2015-07-30&timezone=UTC&hourly=wave_height%2Cwave_direction%2Cwave_period&models=era5_ocean&cell_selection=sea,ok,66a959b493d7689052b9298506be34287512786da966157fa80f0c07ba4ef0b0,3522,2026-09-26T08:39:18.706409+00:00
S1:14.4,current,data/external/metocean/current_03a48d65ae9944a3dcfee6ef.nc,https://ncss.hycom.org/thredds/ncss/GLBv0.08/expt_53.X/data/2015?var=water_u&var=water_v&north=29.082325&south=28.920325000000002&west=-141.7073585&east=-141.54535850000002&time_start=2015-07-27T00%3A00%3A00Z&time_end=2015-07-30T23%3A59%3A59Z&vertCoord=0&accept=netcdf&disableProjSubset=on,ok,6c32d4a4521119cac40088e8d2ea9cd77c7261af38d776185095e70c6d2e4f18,4244,2026-09-26T08:39:20.873442+00:00
S1:13.3,wind,data/external/metocean/wind_51433d5e9e79c2b20ede06c8.json,https://archive-api.open-meteo.com/v1/archive?latitude=28.99935&longitude=-141.0904165&start_date=2015-07-27&end_date=2015-07-30&timezone=UTC&hourly=wind_speed_10m%2Cwind_direction_10m&models=era5&wind_speed_unit=ms&cell_selection=nearest,ok,2069ada064c1e66ee347a518c46e5711a0f493b8d3b46ff09a52c5c6c5c58c52,2900,2026-09-26T08:39:21.097560+00:00
S1:13.3,wave,data/external/metocean/wave_60704414e91283db02142255.json,https://marine-api.open-meteo.com/v1/marine?latitude=28.99935&longitude=-141.0904165&start_date=2015-07-27&end_date=2015-07-30&timezone=UTC&hourly=wave_height%2Cwave_direction%2Cwave_period&models=era5_ocean&cell_selection=sea,ok,75808d3bd2dd8ec7153dd895daba49386c95337385145e0264f0461ce8f828ae,3521,2026-09-26T08:39:21.113034+00:00
S1:13.3,current,data/external/metocean/current_9546f422ae3b189d14bfc5c0.nc,https://ncss.hycom.org/thredds/ncss/GLBv0.08/expt_53.X/data/2015?var=water_u&var=water_v&north=29.08035&south=28.91835&west=-141.1714165&east=-141.00941650000001&time_start=2015-07-27T00%3A00%3A00Z&time_end=2015-07-30T23%3A59%3A59Z&vertCoord=0&accept=netcdf&disableProjSubset=on,ok,e731deaeed8c83bebc7cfc5eadd3c3b16149642f63e71571d111a3cf34c5ac30,4636,2026-09-26T08:39:26.433958+00:00
S1:13.4,wind,data/external/metocean/wind_49e892b911d4c0bf04f018bf.json,https://archive-api.open-meteo.com/v1/archive?latitude=28.99955&longitude=-141.0908415&start_date=2015-07-27&end_date=2015-07-30&timezone=UTC&hourly=wind_speed_10m%2Cwind_direction_10m&models=era5&wind_speed_unit=ms&cell_selection=nearest,ok,ab1739afb70a1df0da6dcc5ca6a917ad050ecd2eea0aecb3796d828c510960b2,2900,2026-09-26T08:39:21.119731+00:00
S1:13.4,wave,data/external/metocean/wave_7da906f5a7f737fe945181b5.json,https://marine-api.open-meteo.com/v1/marine?latitude=28.99955&longitude=-141.0908415&start_date=2015-07-27&end_date=2015-07-30&timezone=UTC&hourly=wave_height%2Cwave_direction%2Cwave_period&models=era5_ocean&cell_selection=sea,ok,647840fb6f6c8869a238bbceb920344703a68aa32cbda3b29616084f20b06303,3522,2026-09-26T08:39:21.360287+00:00
S1:13.4,current,data/external/metocean/current_3c30985d8e0f47f6f422260d.nc,https://ncss.hycom.org/thredds/ncss/GLBv0.08/expt_53.X/data/2015?var=water_u&var=water_v&north=29.08055&south=28.91855&west=-141.1718415&east=-141.00984150000002&time_start=2015-07-27T00%3A00%3A00Z&time_end=2015-07-30T23%3A59%3A59Z&vertCoord=0&accept=netcdf&disableProjSubset=on,ok,baf1d8b56a7fc6d7546715945c068d7a770d11c372e150700e46922fdb4336e5,4636,2026-09-26T08:39:21.781633+00:00
S1:17.4,wind,data/external/metocean/wind_95fb0e4388d05dd63143f124.json,https://archive-api.open-meteo.com/v1/archive?latitude=28.987515&longitude=-143.5660835&start_date=2015-07-28&end_date=2015-07-31&timezone=UTC&hourly=wind_speed_10m%2Cwind_direction_10m&models=era5&wind_speed_unit=ms&cell_selection=nearest,ok,8e3adf5c027406b9cc1a7ee261337742c4fb6150a2c89a2c74f21e49310434d5,2899,2026-09-26T08:39:21.367649+00:00
S1:17.4,wave,data/external/metocean/wave_c092825c07bd5d6dc7686550.json,https://marine-api.open-meteo.com/v1/marine?latitude=28.987515&longitude=-143.5660835&start_date=2015-07-28&end_date=2015-07-31&timezone=UTC&hourly=wave_height%2Cwave_direction%2Cwave_period&models=era5_ocean&cell_selection=sea,ok,1052311a40f100c8c6a6a53d17769d0ad912ee4028767e5c1df521e5d20d8fbc,3520,2026-09-26T08:39:21.627352+00:00
S1:17.4,current,data/external/metocean/current_e8a4ea4f7af24651f4fe21b4.nc,https://ncss.hycom.org/thredds/ncss/GLBv0.08/expt_53.X/data/2015?var=water_u&var=water_v&north=29.068514999999998&south=28.906515&west=-143.64708349999998&east=-143.4850835&time_start=2015-07-28T00%3A00%3A00Z&time_end=2015-07-31T23%3A59%3A59Z&vertCoord=0&accept=netcdf&disableProjSubset=on,ok,5168e36533f51983345604e9046aeb629a551442fa2de7a9fc14f20e9f0f058d,4244,2026-09-26T08:39:24.758728+00:00
S1:17.3,wind,data/external/metocean/wind_cdb9bdbb0bcfa891432f6800.json,https://archive-api.open-meteo.com/v1/archive?latitude=28.98866&longitude=-143.5482335&start_date=2015-07-28&end_date=2015-07-31&timezone=UTC&hourly=wind_speed_10m%2Cwind_direction_10m&models=era5&wind_speed_unit=ms&cell_selection=nearest,ok,e730ff317a58f6dea08c5f28ed52cf04f61684dd7a753e72370d94988439bd3e,2899,2026-09-26T08:39:21.882601+00:00
S1:17.3,wave,data/external/metocean/wave_fdac622a8fb75f42289f7c7b.json,https://marine-api.open-meteo.com/v1/marine?latitude=28.98866&longitude=-143.5482335&start_date=2015-07-28&end_date=2015-07-31&timezone=UTC&hourly=wave_height%2Cwave_direction%2Cwave_period&models=era5_ocean&cell_selection=sea,ok,8bcb646af159da4497d4215489bb8384a791e6e8142755a8d0aa019e2daa5232,3520,2026-09-26T08:39:22.054297+00:00
S1:17.3,current,data/external/metocean/current_372c9626aad27ff2362d0bcd.nc,https://ncss.hycom.org/thredds/ncss/GLBv0.08/expt_53.X/data/2015?var=water_u&var=water_v&north=29.06966&south=28.90766&west=-143.6292335&east=-143.46723350000002&time_start=2015-07-28T00%3A00%3A00Z&time_end=2015-07-31T23%3A59%3A59Z&vertCoord=0&accept=netcdf&disableProjSubset=on,ok,bfb50d682624ffb67970c93b5f7d1811d7934efb5d69239e21d857cec5207335,4244,2026-09-26T08:39:26.476212+00:00
S1:15.3,wind,data/external/metocean/wind_5988cb6ca64ad2b6f8929ba1.json,https://archive-api.open-meteo.com/v1/archive?latitude=29.00566&longitude=-142.3245335&start_date=2015-07-28&end_date=2015-07-31&timezone=UTC&hourly=wind_speed_10m%2Cwind_direction_10m&models=era5&wind_speed_unit=ms&cell_selection=nearest,ok,cde25adc30ba28da14430e13a8b72780a57371e49f0f9a5e673794557f092abe,2900,2026-09-26T08:39:22.335341+00:00
S1:15.3,wave,data/external/metocean/wave_5c472badaf4ce301579cd91c.json,https://marine-api.open-meteo.com/v1/marine?latitude=29.00566&longitude=-142.3245335&start_date=2015-07-28&end_date=2015-07-31&timezone=UTC&hourly=wave_height%2Cwave_direction%2Cwave_period&models=era5_ocean&cell_selection=sea,ok,5ff035826b9f22cfb49d9ca8f9b1c4c8aa06812482494ccb35ebad701138c92a,3500,2026-09-26T08:39:22.771931+00:00
S1:15.3,current,data/external/metocean/current_91e1b09c9659da12558cff05.nc,https://ncss.hycom.org/thredds/ncss/GLBv0.08/expt_53.X/data/2015?var=water_u&var=water_v&north=29.08666&south=28.92466&west=-142.4055335&east=-142.2435335&time_start=2015-07-28T00%3A00%3A00Z&time_end=2015-07-31T23%3A59%3A59Z&vertCoord=0&accept=netcdf&disableProjSubset=on,ok,76fe1dc8365ac3132e7d090a37882dcd0c160434c730ce5cbe4f342628c2a9b7,4244,2026-09-26T08:39:24.849716+00:00
S1:15.4,wind,data/external/metocean/wind_3b5b41b986ede26d6b2b584c.json,https://archive-api.open-meteo.com/v1/archive?latitude=29.00525&longitude=-142.3221835&start_date=2015-07-28&end_date=2015-07-31&timezone=UTC&hourly=wind_speed_10m%2Cwind_direction_10m&models=era5&wind_speed_unit=ms&cell_selection=nearest,ok,79a0f7a88283b5fa30d0b7e5dc3fe5bcc91767ac0dd7789189717a9d3f8a584f,2900,2026-09-26T08:39:25.003693+00:00
S1:15.4,wave,data/external/metocean/wave_5e3563fe753a686b489c6551.json,https://marine-api.open-meteo.com/v1/marine?latitude=29.00525&longitude=-142.3221835&start_date=2015-07-28&end_date=2015-07-31&timezone=UTC&hourly=wave_height%2Cwave_direction%2Cwave_period&models=era5_ocean&cell_selection=sea,ok,78e199e394b00283f316cfba7b7d60be482e44e1a7c88b8c3021b53d2ec41833,3500,2026-09-26T08:39:25.116865+00:00
S1:15.4,current,data/external/metocean/current_c03d8a57826d06290692c3e8.nc,https://ncss.hycom.org/thredds/ncss/GLBv0.08/expt_53.X/data/2015?var=water_u&var=water_v&north=29.08625&south=28.92425&west=-142.40318349999998&east=-142.2411835&time_start=2015-07-28T00%3A00%3A00Z&time_end=2015-07-31T23%3A59%3A59Z&vertCoord=0&accept=netcdf&disableProjSubset=on,ok,5bbe27cd608e690e0f9cfaa57ec2c2ea9db9f01272e3dce41edcb3fa861fe0f0,4244,2026-09-26T08:39:26.536929+00:00
S1:16.3,wind,data/external/metocean/wind_0935c3a2f5578ade08976a11.json,https://archive-api.open-meteo.com/v1/archive?latitude=29.00719&longitude=-142.9808085&start_date=2015-07-28&end_date=2015-07-31&timezone=UTC&hourly=wind_speed_10m%2Cwind_direction_10m&models=era5&wind_speed_unit=ms&cell_selection=nearest,ok,d8d0d03d31ac1516d11ca69f8dd513d96d3414f9372fb18835e6952c7a5de7dd,2899,2026-09-26T08:39:25.365319+00:00
S1:16.3,wave,data/external/metocean/wave_eb061182e8b8124a2d9b7af8.json,https://marine-api.open-meteo.com/v1/marine?latitude=29.00719&longitude=-142.9808085&start_date=2015-07-28&end_date=2015-07-31&timezone=UTC&hourly=wave_height%2Cwave_direction%2Cwave_period&models=era5_ocean&cell_selection=sea,ok,4e3db431fe0b4125dfe261738f89ce8a3eaf973748ad5ab6669d5e0166451907,3510,2026-09-26T08:39:25.625522+00:00
S1:16.3,current,data/external/metocean/current_02f61105e39718045bef575f.nc,https://ncss.hycom.org/thredds/ncss/GLBv0.08/expt_53.X/data/2015?var=water_u&var=water_v&north=29.08819&south=28.926190000000002&west=-143.06180849999998&east=-142.8998085&time_start=2015-07-28T00%3A00%3A00Z&time_end=2015-07-31T23%3A59%3A59Z&vertCoord=0&accept=netcdf&disableProjSubset=on,ok,9b4a181a2871a83f2cd56729059baf03a856987328d4790991d8bc51728f2988,4244,2026-09-26T08:39:26.224333+00:00
S1:16.4,wind,data/external/metocean/wind_31a85e8c11917de62dac61ca.json,https://archive-api.open-meteo.com/v1/archive?latitude=29.005857&longitude=-142.9653&start_date=2015-07-28&end_date=2015-07-31&timezone=UTC&hourly=wind_speed_10m%2Cwind_direction_10m&models=era5&wind_speed_unit=ms&cell_selection=nearest,ok,fadb0b6f3d76d144c475f9b56e9ce035ea29de38cbcd754ad0cc51a2c9af4820,2899,2026-09-26T08:39:26.473657+00:00
S1:16.4,wave,data/external/metocean/wave_8af27ea901f36822ff3750d9.json,https://marine-api.open-meteo.com/v1/marine?latitude=29.005857&longitude=-142.9653&start_date=2015-07-28&end_date=2015-07-31&timezone=UTC&hourly=wave_height%2Cwave_direction%2Cwave_period&models=era5_ocean&cell_selection=sea,ok,2b2f165cb1e37f4bd543df1bf40c5d4f31ca9ae25ca926f7476b2ac914d93a51,3510,2026-09-26T08:39:26.702025+00:00
S1:16.4,current,data/external/metocean/current_aa54697785333ea7ad9d42ac.nc,https://ncss.hycom.org/thredds/ncss/GLBv0.08/expt_53.X/data/2015?var=water_u&var=water_v&north=29.086857&south=28.924857&west=-143.0463&east=-142.88430000000002&time_start=2015-07-28T00%3A00%3A00Z&time_end=2015-07-31T23%3A59%3A59Z&vertCoord=0&accept=netcdf&disableProjSubset=on,ok,691b34cf02300008653d279709ae883fe9919933050607465e7a9ad5137df27c,4244,2026-09-26T08:39:27.044460+00:00
S1:20.3,wind,data/external/metocean/wind_fa5dd64eca579f5c81520ba8.json,https://archive-api.open-meteo.com/v1/archive?latitude=30.002485&longitude=-141.7690665&start_date=2015-07-29&end_date=2015-08-01&timezone=UTC&hourly=wind_speed_10m%2Cwind_direction_10m&models=era5&wind_speed_unit=ms&cell_selection=nearest,ok,c016e72ff012764ca8c1b95d6b9d8f17d588716baa91212de92c14a58f310964,2901,2026-09-26T08:39:26.719334+00:00
S1:20.3,wave,data/external/metocean/wave_86db29cee24b6a0d020c6c0e.json,https://marine-api.open-meteo.com/v1/marine?latitude=30.002485&longitude=-141.7690665&start_date=2015-07-29&end_date=2015-08-01&timezone=UTC&hourly=wave_height%2Cwave_direction%2Cwave_period&models=era5_ocean&cell_selection=sea,ok,ef7b33c0975041ad934a95a936cc38faec78e53efcad04b92ab250fd1480ea15,3456,2026-09-26T08:39:26.791529+00:00
S1:20.3,current,data/external/metocean/current_43d29d3b1148425834df1795.nc,https://ncss.hycom.org/thredds/ncss/GLBv0.08/expt_53.X/data/2015?var=water_u&var=water_v&north=30.083485&south=29.921485&west=-141.8500665&east=-141.68806650000002&time_start=2015-07-29T00%3A00%3A00Z&time_end=2015-08-01T23%3A59%3A59Z&vertCoord=0&accept=netcdf&disableProjSubset=on,ok,e80addd6232bee059f7ef5e848f7f004f6fbb1e436f3dbec9dd34bffe59ade9b,4244,2026-09-26T08:39:29.452074+00:00
S1:20.4,wind,data/external/metocean/wind_1ec164452f49988dbca17788.json,https://archive-api.open-meteo.com/v1/archive?latitude=30.006425&longitude=-141.7679665&start_date=2015-07-29&end_date=2015-08-01&timezone=UTC&hourly=wind_speed_10m%2Cwind_direction_10m&models=era5&wind_speed_unit=ms&cell_selection=nearest,ok,0481e982c317082e3efb1530fdbfa42f3412438ce1bbb51abf88099123c6805a,2902,2026-09-26T08:39:26.968657+00:00
S1:20.4,wave,data/external/metocean/wave_37826ed01b16dee540b0bb26.json,https://marine-api.open-meteo.com/v1/marine?latitude=30.006425&longitude=-141.7679665&start_date=2015-07-29&end_date=2015-08-01&timezone=UTC&hourly=wave_height%2Cwave_direction%2Cwave_period&models=era5_ocean&cell_selection=sea,ok,4886bef455d06ff7de031e2b2be3b7b48418f175213f8d4fe618b18b870f45c6,3455,2026-09-26T08:39:27.059111+00:00
S1:20.4,current,data/external/metocean/current_d8e792198fd9f57ddfa60fa5.nc,https://ncss.hycom.org/thredds/ncss/GLBv0.08/expt_53.X/data/2015?var=water_u&var=water_v&north=30.087425&south=29.925425&west=-141.8489665&east=-141.6869665&time_start=2015-07-29T00%3A00%3A00Z&time_end=2015-08-01T23%3A59%3A59Z&vertCoord=0&accept=netcdf&disableProjSubset=on,ok,2a05bf0cd5b1fab045f04aaa63daa7c199facc4dad1d968226acaba444ccd881,4244,2026-09-26T08:39:29.451926+00:00
S1:18.4,wind,data/external/metocean/wind_f708ca98f90ad5d1a027f00b.json,https://archive-api.open-meteo.com/v1/archive?latitude=30.023565&longitude=-142.7086915&start_date=2015-07-29&end_date=2015-08-01&timezone=UTC&hourly=wind_speed_10m%2Cwind_direction_10m&models=era5&wind_speed_unit=ms&cell_selection=nearest,ok,7ad62dff99dc905d78aaaa55084243fe8b4cd26ab8bdb0a1a27e9ae3f9409090,2905,2026-09-26T08:39:27.290123+00:00
S1:18.4,wave,data/external/metocean/wave_b14771a86a1a927139ce0728.json,https://marine-api.open-meteo.com/v1/marine?latitude=30.023565&longitude=-142.7086915&start_date=2015-07-29&end_date=2015-08-01&timezone=UTC&hourly=wave_height%2Cwave_direction%2Cwave_period&models=era5_ocean&cell_selection=sea,ok,695005daa00d9cc3f62dc4acebb9e98223a1952dc710e15c409f62d48a170fe7,3456,2026-09-26T08:39:27.317901+00:00
S1:18.4,current,data/external/metocean/current_fdfad2c4c269b23877b3cc21.nc,https://ncss.hycom.org/thredds/ncss/GLBv0.08/expt_53.X/data/2015?var=water_u&var=water_v&north=30.104565&south=29.942565000000002&west=-142.78969149999998&east=-142.6276915&time_start=2015-07-29T00%3A00%3A00Z&time_end=2015-08-01T23%3A59%3A59Z&vertCoord=0&accept=netcdf&disableProjSubset=on,ok,3359163550922528f2386e08b6a99b427d25545735fd6f3786fc2e1e7340e296,4244,2026-09-26T08:39:29.452363+00:00
S1:18.3,wind,data/external/metocean/wind_6c1d26480529d1791af9f04a.json,https://archive-api.open-meteo.com/v1/archive?latitude=30.025135&longitude=-142.7147915&start_date=2015-07-29&end_date=2015-08-01&timezone=UTC&hourly=wind_speed_10m%2Cwind_direction_10m&models=era5&wind_speed_unit=ms&cell_selection=nearest,ok,444367f6d039985b5870c998d5c2389e6d13d0c16686054a9be7ed4b05afd5ac,2904,2026-09-26T08:39:27.579301+00:00
S1:18.3,wave,data/external/metocean/wave_dd2e038a5a4e492ede7df042.json,https://marine-api.open-meteo.com/v1/marine?latitude=30.025135&longitude=-142.7147915&start_date=2015-07-29&end_date=2015-08-01&timezone=UTC&hourly=wave_height%2Cwave_direction%2Cwave_period&models=era5_ocean&cell_selection=sea,ok,4a6dc9597222d62924fe2b9f9249b0af4819d9fd97ca023b8adb7816a13e152f,3457,2026-09-26T08:39:27.854914+00:00
S1:18.3,current,data/external/metocean/current_652d9adb2e2057b767d8d3d2.nc,https://ncss.hycom.org/thredds/ncss/GLBv0.08/expt_53.X/data/2015?var=water_u&var=water_v&north=30.106135&south=29.944135&west=-142.79579149999998&east=-142.6337915&time_start=2015-07-29T00%3A00%3A00Z&time_end=2015-08-01T23%3A59%3A59Z&vertCoord=0&accept=netcdf&disableProjSubset=on,ok,cfa8b9653b489a631b4658d05456a9057c5b6d190a7cfb75dcbf70d008e668ab,4244,2026-09-26T08:39:29.451495+00:00
S1:19.4,wind,data/external/metocean/wind_26e416e8fe4bd9b57e8be2d2.json,https://archive-api.open-meteo.com/v1/archive?latitude=30.010985&longitude=-142.26325&start_date=2015-07-29&end_date=2015-08-01&timezone=UTC&hourly=wind_speed_10m%2Cwind_direction_10m&models=era5&wind_speed_unit=ms&cell_selection=nearest,ok,e50f3ecc3dded301e75166003a0913ca57ad7827ae7ba9568a4929f31ceca8a4,2904,2026-09-26T08:39:29.711765+00:00
S1:19.4,wave,data/external/metocean/wave_75763a1b9ef02ad009b1a3bf.json,https://marine-api.open-meteo.com/v1/marine?latitude=30.010985&longitude=-142.26325&start_date=2015-07-29&end_date=2015-08-01&timezone=UTC&hourly=wave_height%2Cwave_direction%2Cwave_period&models=era5_ocean&cell_selection=sea,ok,497a4df3ad15d31e6ecd3412e7f368ccd990548f2eda1bcbc3a537583c2f5cd4,3458,2026-09-26T08:39:29.733364+00:00
S1:19.4,current,data/external/metocean/current_97cb8f82e9529b66beac80f1.nc,https://ncss.hycom.org/thredds/ncss/GLBv0.08/expt_53.X/data/2015?var=water_u&var=water_v&north=30.091985&south=29.929985000000002&west=-142.34425&east=-142.18225&time_start=2015-07-29T00%3A00%3A00Z&time_end=2015-08-01T23%3A59%3A59Z&vertCoord=0&accept=netcdf&disableProjSubset=on,ok,2d9c41bc9a282360bbb7dd563cf9c065f15687ef6bda7f31eb2cea595a95c2bf,4244,2026-09-26T08:39:30.086576+00:00
S1:19.3,wind,data/external/metocean/wind_35e3f876e1c6529cd9c18540.json,https://archive-api.open-meteo.com/v1/archive?latitude=30.014325&longitude=-142.2643585&start_date=2015-07-29&end_date=2015-08-01&timezone=UTC&hourly=wind_speed_10m%2Cwind_direction_10m&models=era5&wind_speed_unit=ms&cell_selection=nearest,ok,9069f7dbe05944d82f400dd3adf1a8c0277c1717a3bf1b70d2a2b51d73879cef,2904,2026-09-26T08:39:29.718491+00:00
S1:19.3,wave,data/external/metocean/wave_478048f7682c754aaa662e7d.json,https://marine-api.open-meteo.com/v1/marine?latitude=30.014325&longitude=-142.2643585&start_date=2015-07-29&end_date=2015-08-01&timezone=UTC&hourly=wave_height%2Cwave_direction%2Cwave_period&models=era5_ocean&cell_selection=sea,ok,cb366d5cfca322f83334fd0e6107b73c93b225d604bac86c4f5bab6433cdd881,3457,2026-09-26T08:39:29.981957+00:00
S1:19.3,current,data/external/metocean/current_8be0abc5ff31b9ad554c451b.nc,https://ncss.hycom.org/thredds/ncss/GLBv0.08/expt_53.X/data/2015?var=water_u&var=water_v&north=30.095325&south=29.933325&west=-142.34535849999997&east=-142.1833585&time_start=2015-07-29T00%3A00%3A00Z&time_end=2015-08-01T23%3A59%3A59Z&vertCoord=0&accept=netcdf&disableProjSubset=on,ok,cead8968b5cfc369d18e5dfddeb62adffbb0aee527dbf25bbe17d76769a71fe5,4244,2026-09-26T08:39:30.280829+00:00
S1:24.4,wind,data/external/metocean/wind_75ede67c719dcc95a3971f0d.json,https://archive-api.open-meteo.com/v1/archive?latitude=29.9806&longitude=-139.8215915&start_date=2015-07-30&end_date=2015-08-02&timezone=UTC&hourly=wind_speed_10m%2Cwind_direction_10m&models=era5&wind_speed_unit=ms&cell_selection=nearest,ok,556348331d0b0ae9aca4e6c43cfd9b04a1a00da32c64f857aa30df0eb4fd543d,2900,2026-09-26T08:39:29.976956+00:00
S1:24.4,wave,data/external/metocean/wave_ae780a270a0a575dd3d43edc.json,https://marine-api.open-meteo.com/v1/marine?latitude=29.9806&longitude=-139.8215915&start_date=2015-07-30&end_date=2015-08-02&timezone=UTC&hourly=wave_height%2Cwave_direction%2Cwave_period&models=era5_ocean&cell_selection=sea,ok,46fe45f7ca1866435b292800ac1c3eb4eea13635e65e5208f3f3bda127049118,3434,2026-09-26T08:39:30.247081+00:00
S1:24.4,current,data/external/metocean/current_3d4fd12d083978c6fd87bdbf.nc,https://ncss.hycom.org/thredds/ncss/GLBv0.08/expt_53.X/data/2015?var=water_u&var=water_v&north=30.0616&south=29.8996&west=-139.9025915&east=-139.74059150000002&time_start=2015-07-30T00%3A00%3A00Z&time_end=2015-08-02T23%3A59%3A59Z&vertCoord=0&accept=netcdf&disableProjSubset=on,ok,acd9afededaecc9cf21a6559e4913175b7063f37662b924f3484211726285a90,4244,2026-09-26T08:39:33.772680+00:00
S1:24.3,wind,data/external/metocean/wind_759bcdadf8bbce1904e23654.json,https://archive-api.open-meteo.com/v1/archive?latitude=29.98286&longitude=-139.8207585&start_date=2015-07-30&end_date=2015-08-02&timezone=UTC&hourly=wind_speed_10m%2Cwind_direction_10m&models=era5&wind_speed_unit=ms&cell_selection=nearest,ok,22366a43c84cfe7f4242b1c59c205fc7a361277adfb8c60670f2a9783d9705b9,2900,2026-09-26T08:39:30.344570+00:00
S1:24.3,wave,data/external/metocean/wave_fb38c74f59e14230f0472154.json,https://marine-api.open-meteo.com/v1/marine?latitude=29.98286&longitude=-139.8207585&start_date=2015-07-30&end_date=2015-08-02&timezone=UTC&hourly=wave_height%2Cwave_direction%2Cwave_period&models=era5_ocean&cell_selection=sea,ok,38803aeb2a58919d11487bdf0eeb877f967c2937dd54aaadff6311da2f2383e8,3434,2026-09-26T08:39:30.507477+00:00
S1:24.3,current,data/external/metocean/current_a271f35ed52577a990dbd4bb.nc,https://ncss.hycom.org/thredds/ncss/GLBv0.08/expt_53.X/data/2015?var=water_u&var=water_v&north=30.06386&south=29.90186&west=-139.9017585&east=-139.73975850000002&time_start=2015-07-30T00%3A00%3A00Z&time_end=2015-08-02T23%3A59%3A59Z&vertCoord=0&accept=netcdf&disableProjSubset=on,ok,f12af2b0db87a63ca9a2b1ec8838ca4ef5ee5753ad73ed6369f2dce7acf32fa9,4244,2026-09-26T08:39:33.782503+00:00
S1:21.4,wind,data/external/metocean/wind_78da80cf44c13135a8a95382.json,https://archive-api.open-meteo.com/v1/archive?latitude=29.998635&longitude=-141.3439415&start_date=2015-07-30&end_date=2015-08-02&timezone=UTC&hourly=wind_speed_10m%2Cwind_direction_10m&models=era5&wind_speed_unit=ms&cell_selection=nearest,ok,62804806d2e1a9774582deb40f69c92982bfcefe7fe61f92dd5ff9807fdef4e3,2901,2026-09-26T08:39:30.586496+00:00
S1:21.4,wave,data/external/metocean/wave_dc989d5bd257ee3f05e725cb.json,https://marine-api.open-meteo.com/v1/marine?latitude=29.998635&longitude=-141.3439415&start_date=2015-07-30&end_date=2015-08-02&timezone=UTC&hourly=wave_height%2Cwave_direction%2Cwave_period&models=era5_ocean&cell_selection=sea,ok,ed12511eb509069ddee1b8b46364cf62d7247d777c2736e0c448e2353dc353e6,3435,2026-09-26T08:39:30.761123+00:00
S1:21.4,current,data/external/metocean/current_eb2dddaf9fab49b137cca5ce.nc,https://ncss.hycom.org/thredds/ncss/GLBv0.08/expt_53.X/data/2015?var=water_u&var=water_v&north=30.079635&south=29.917635&west=-141.4249415&east=-141.2629415&time_start=2015-07-30T00%3A00%3A00Z&time_end=2015-08-02T23%3A59%3A59Z&vertCoord=0&accept=netcdf&disableProjSubset=on,ok,3e0e31eea2fd87554f76991b1740df080704c8361533f895d033667f3ca665c6,4244,2026-09-26T08:39:33.781839+00:00
S1:22.4,wind,data/external/metocean/wind_3c40a9985adf8632d27fef0e.json,https://archive-api.open-meteo.com/v1/archive?latitude=29.999935&longitude=-140.8015085&start_date=2015-07-30&end_date=2015-08-02&timezone=UTC&hourly=wind_speed_10m%2Cwind_direction_10m&models=era5&wind_speed_unit=ms&cell_selection=nearest,ok,23bd31b248ecf192230c552eb14dc3377614907fc02414c63457cd758b1eac89,2901,2026-09-26T08:39:31.003593+00:00
S1:22.4,wave,data/external/metocean/wave_256a03a595243faa1539b97f.json,https://marine-api.open-meteo.com/v1/marine?latitude=29.999935&longitude=-140.8015085&start_date=2015-07-30&end_date=2015-08-02&timezone=UTC&hourly=wave_height%2Cwave_direction%2Cwave_period&models=era5_ocean&cell_selection=sea,ok,6079f466872109d3e8f7c610396e920b1afd5959be771d073a16c486c39dbb1d,3434,2026-09-26T08:39:31.261981+00:00
S1:22.4,current,data/external/metocean/current_47f3a320d2661a0ea80824fe.nc,https://ncss.hycom.org/thredds/ncss/GLBv0.08/expt_53.X/data/2015?var=water_u&var=water_v&north=30.080935&south=29.918935&west=-140.8825085&east=-140.72050850000002&time_start=2015-07-30T00%3A00%3A00Z&time_end=2015-08-02T23%3A59%3A59Z&vertCoord=0&accept=netcdf&disableProjSubset=on,ok,51a0a1c55e7bc6499991234e7d0e89e982f104490ae2addd4954cf027b2f9b13,4244,2026-09-26T08:39:33.773017+00:00
S1:22.3,wind,data/external/metocean/wind_6a1f780418c846b958c0f6bd.json,https://archive-api.open-meteo.com/v1/archive?latitude=30.001735&longitude=-140.802275&start_date=2015-07-30&end_date=2015-08-02&timezone=UTC&hourly=wind_speed_10m%2Cwind_direction_10m&models=era5&wind_speed_unit=ms&cell_selection=nearest,ok,ae391af719836e68d00db162f5306e24c22d660d6cdda56af30363433d4f5d51,2900,2026-09-26T08:39:34.020131+00:00
S1:22.3,wave,data/external/metocean/wave_70fb66800beb3ba7ff4e6643.json,https://marine-api.open-meteo.com/v1/marine?latitude=30.001735&longitude=-140.802275&start_date=2015-07-30&end_date=2015-08-02&timezone=UTC&hourly=wave_height%2Cwave_direction%2Cwave_period&models=era5_ocean&cell_selection=sea,ok,d4fef42612a356aa8346bf6e716fca262f466764e69f2d2557d803aee84a7e1d,3433,2026-09-26T08:39:34.033396+00:00
S1:22.3,current,data/external/metocean/current_7f60a932fb2d437ac04d9692.nc,https://ncss.hycom.org/thredds/ncss/GLBv0.08/expt_53.X/data/2015?var=water_u&var=water_v&north=30.082735&south=29.920735&west=-140.883275&east=-140.72127500000002&time_start=2015-07-30T00%3A00%3A00Z&time_end=2015-08-02T23%3A59%3A59Z&vertCoord=0&accept=netcdf&disableProjSubset=on,ok,7d3dad22b0a3e766208e9894ec7d71232be66f59a48f9cb9541d70aea16c7dd0,4244,2026-09-26T08:39:34.350238+00:00
S1:21.3,wind,data/external/metocean/wind_31326c50498b4116eccb5ee6.json,https://archive-api.open-meteo.com/v1/archive?latitude=30.00219&longitude=-141.342125&start_date=2015-07-30&end_date=2015-08-02&timezone=UTC&hourly=wind_speed_10m%2Cwind_direction_10m&models=era5&wind_speed_unit=ms&cell_selection=nearest,ok,db5d9c5bfafbc3f05ef901643758cfa825c99bad07fac3e975647b07995db9b2,2899,2026-09-26T08:39:34.027681+00:00
S1:21.3,wave,data/external/metocean/wave_8253aabfcccff86a7958911e.json,https://marine-api.open-meteo.com/v1/marine?latitude=30.00219&longitude=-141.342125&start_date=2015-07-30&end_date=2015-08-02&timezone=UTC&hourly=wave_height%2Cwave_direction%2Cwave_period&models=era5_ocean&cell_selection=sea,ok,dcfa12d583a093db81b4ebf189a9c7fd18240e0e54c4ee795cf9a26cf3001428,3434,2026-09-26T08:39:34.276717+00:00
S1:21.3,current,data/external/metocean/current_650c3a8cd44e3fb848208bd3.nc,https://ncss.hycom.org/thredds/ncss/GLBv0.08/expt_53.X/data/2015?var=water_u&var=water_v&north=30.08319&south=29.92119&west=-141.423125&east=-141.26112500000002&time_start=2015-07-30T00%3A00%3A00Z&time_end=2015-08-02T23%3A59%3A59Z&vertCoord=0&accept=netcdf&disableProjSubset=on,ok,538d3c2c64c3bca8089431f941a768acb918f45faaf9c589761f71625f987f47,4244,2026-09-26T08:39:34.582632+00:00
S1:27.3,wind,data/external/metocean/wind_c5aa968725b26fbba85121f2.json,https://archive-api.open-meteo.com/v1/archive?latitude=29.985215&longitude=-138.2296&start_date=2015-07-31&end_date=2015-08-03&timezone=UTC&hourly=wind_speed_10m%2Cwind_direction_10m&models=era5&wind_speed_unit=ms&cell_selection=nearest,ok,e31455130df4b8ab2b14f5e6f6158f09cd17662bc90d6a841dd5fded79a1c445,2918,2026-09-26T08:39:34.276550+00:00
S1:27.3,wave,data/external/metocean/wave_092c8dab7312b5ea5c879063.json,https://marine-api.open-meteo.com/v1/marine?latitude=29.985215&longitude=-138.2296&start_date=2015-07-31&end_date=2015-08-03&timezone=UTC&hourly=wave_height%2Cwave_direction%2Cwave_period&models=era5_ocean&cell_selection=sea,ok,de3650881109fa8ef6ae53c8f73cc6e72f7e2c9c01a87a6eca75c8e76c038be9,3439,2026-09-26T08:39:34.554341+00:00
S1:27.3,current,data/external/metocean/current_a1011354f05d8ee35336e323.nc,https://ncss.hycom.org/thredds/ncss/GLBv0.08/expt_53.X/data/2015?var=water_u&var=water_v&north=30.066215&south=29.904215&west=-138.3106&east=-138.14860000000002&time_start=2015-07-31T00%3A00%3A00Z&time_end=2015-08-03T23%3A59%3A59Z&vertCoord=0&accept=netcdf&disableProjSubset=on,ok,e0e505c49c47c2e9d46c3e15d9f6f639c7eda60275ac7d36486ea82f28f0ef17,4244,2026-09-26T08:39:37.976552+00:00
S1:28.4,wind,data/external/metocean/wind_2b04f06ef2dd9f65379001cf.json,https://archive-api.open-meteo.com/v1/archive?latitude=30.00015&longitude=-137.7417335&start_date=2015-07-31&end_date=2015-08-03&timezone=UTC&hourly=wind_speed_10m%2Cwind_direction_10m&models=era5&wind_speed_unit=ms&cell_selection=nearest,ok,c1076196ecc114424822c274a69a635a1610b39d34f029f99dced7b79f0cdc3d,2929,2026-09-26T08:39:34.603025+00:00
S1:28.4,wave,data/external/metocean/wave_8a39a7f9aff1c608bbfed0cd.json,https://marine-api.open-meteo.com/v1/marine?latitude=30.00015&longitude=-137.7417335&start_date=2015-07-31&end_date=2015-08-03&timezone=UTC&hourly=wave_height%2Cwave_direction%2Cwave_period&models=era5_ocean&cell_selection=sea,ok,82e230536ba69ea1f35786e4fe1f37c86364d64618f1dce7c5b606ad1c8b034f,3441,2026-09-26T08:39:34.822408+00:00
S1:28.4,current,data/external/metocean/current_db815b34d4f0f216d52dd3db.nc,https://ncss.hycom.org/thredds/ncss/GLBv0.08/expt_53.X/data/2015?var=water_u&var=water_v&north=30.08115&south=29.919150000000002&west=-137.8227335&east=-137.66073350000002&time_start=2015-07-31T00%3A00%3A00Z&time_end=2015-08-03T23%3A59%3A59Z&vertCoord=0&accept=netcdf&disableProjSubset=on,ok,9e467c15ac3f2c8b5413e73ae712165368ec9849cb89d5c89ce3400bfe4d9ab3,4244,2026-09-26T08:39:37.976423+00:00
S1:28.3,wind,data/external/metocean/wind_73bb73c071140a430f10daed.json,https://archive-api.open-meteo.com/v1/archive?latitude=30.003565&longitude=-137.7446665&start_date=2015-07-31&end_date=2015-08-03&timezone=UTC&hourly=wind_speed_10m%2Cwind_direction_10m&models=era5&wind_speed_unit=ms&cell_selection=nearest,ok,a1b6c1c19ab80a7d75f405a1205abeb956d46a4e0d242f7aa537ff67689d8a94,2928,2026-09-26T08:39:34.860693+00:00
S1:28.3,wave,data/external/metocean/wave_5757598778a40c5babb363b2.json,https://marine-api.open-meteo.com/v1/marine?latitude=30.003565&longitude=-137.7446665&start_date=2015-07-31&end_date=2015-08-03&timezone=UTC&hourly=wave_height%2Cwave_direction%2Cwave_period&models=era5_ocean&cell_selection=sea,ok,3a2fa65369c6cbbc6f1ea05083874f3312bf176225a94acaa088dbd2d3634d2b,3441,2026-09-26T08:39:35.101842+00:00
S1:28.3,current,data/external/metocean/current_800afb70845a90cedd0d673a.nc,https://ncss.hycom.org/thredds/ncss/GLBv0.08/expt_53.X/data/2015?var=water_u&var=water_v&north=30.084564999999998&south=29.922565&west=-137.82566649999998&east=-137.6636665&time_start=2015-07-31T00%3A00%3A00Z&time_end=2015-08-03T23%3A59%3A59Z&vertCoord=0&accept=netcdf&disableProjSubset=on,ok,d1507f1ad81051019f304fc6bc9eb33c43ebc80479bee16ccf5bf34ced887f4c,4244,2026-09-26T08:39:37.975041+00:00
S1:26.3,wind,data/external/metocean/wind_350b2b0d2b8b3b2b965bf4f7.json,https://archive-api.open-meteo.com/v1/archive?latitude=30.00074&longitude=-138.767875&start_date=2015-07-31&end_date=2015-08-03&timezone=UTC&hourly=wind_speed_10m%2Cwind_direction_10m&models=era5&wind_speed_unit=ms&cell_selection=nearest,ok,0e0f9e57ade78bb5279bec26b8d072d99faf361ffa5e439b2b98612c1d1ad667,2919,2026-09-26T08:39:35.357370+00:00
S1:26.3,wave,data/external/metocean/wave_693f2dace96ed2ecc27483ba.json,https://marine-api.open-meteo.com/v1/marine?latitude=30.00074&longitude=-138.767875&start_date=2015-07-31&end_date=2015-08-03&timezone=UTC&hourly=wave_height%2Cwave_direction%2Cwave_period&models=era5_ocean&cell_selection=sea,ok,a4eb1b1c3e78bc9bd1bab855967bdeb777f170e6a486f3eca421d2a3311fd6c3,3438,2026-09-26T08:39:35.924506+00:00
S1:26.3,current,data/external/metocean/current_38e4e37dedd093bf3d62be06.nc,https://ncss.hycom.org/thredds/ncss/GLBv0.08/expt_53.X/data/2015?var=water_u&var=water_v&north=30.08174&south=29.91974&west=-138.848875&east=-138.68687500000001&time_start=2015-07-31T00%3A00%3A00Z&time_end=2015-08-03T23%3A59%3A59Z&vertCoord=0&accept=netcdf&disableProjSubset=on,ok,9edebcbd265f947748cd3fcdee7ab3c7bc33bf7fc7b905c50bcbb18c95eb8fd8,4244,2026-09-26T08:39:37.982930+00:00
S1:25.3,wind,data/external/metocean/wind_22c306631d8d1669c6979d83.json,https://archive-api.open-meteo.com/v1/archive?latitude=30.00105&longitude=-139.342975&start_date=2015-07-31&end_date=2015-08-03&timezone=UTC&hourly=wind_speed_10m%2Cwind_direction_10m&models=era5&wind_speed_unit=ms&cell_selection=nearest,ok,c4cdbfbd6d3d10706ff5fc2a52f847c6deae6b9cf3a41e77b3d6c3ecd174ba66,2902,2026-09-26T08:39:38.212197+00:00
S1:25.3,wave,data/external/metocean/wave_2b0914464ad3ff012c1a6a1e.json,https://marine-api.open-meteo.com/v1/marine?latitude=30.00105&longitude=-139.342975&start_date=2015-07-31&end_date=2015-08-03&timezone=UTC&hourly=wave_height%2Cwave_direction%2Cwave_period&models=era5_ocean&cell_selection=sea,ok,f30fab2413dd8b56daefe7b5febc99aef60c4dbb3ebe50c10e85adb0dea28851,3438,2026-09-26T08:39:38.245281+00:00
S1:25.3,current,data/external/metocean/current_b57ec2d3ebf9ec1391bc90e3.nc,https://ncss.hycom.org/thredds/ncss/GLBv0.08/expt_53.X/data/2015?var=water_u&var=water_v&north=30.08205&south=29.92005&west=-139.42397499999998&east=-139.261975&time_start=2015-07-31T00%3A00%3A00Z&time_end=2015-08-03T23%3A59%3A59Z&vertCoord=0&accept=netcdf&disableProjSubset=on,ok,21672a9520b47f51ca82c860e20f17a046ac42796dc60d0250399e2c7ce12c9d,4244,2026-09-26T08:39:38.524218+00:00
S1:26.4,wind,data/external/metocean/wind_aea66c8f527a4c821123406c.json,https://archive-api.open-meteo.com/v1/archive?latitude=29.999025&longitude=-138.7680585&start_date=2015-07-31&end_date=2015-08-03&timezone=UTC&hourly=wind_speed_10m%2Cwind_direction_10m&models=era5&wind_speed_unit=ms&cell_selection=nearest,ok,fd2333299e360400eb1114c874c3afa19e785575dacdc44ca7203c3cc12a9ca4,2920,2026-09-26T08:39:38.228658+00:00
S1:26.4,wave,data/external/metocean/wave_6e43f107b7d758d5d540da8e.json,https://marine-api.open-meteo.com/v1/marine?latitude=29.999025&longitude=-138.7680585&start_date=2015-07-31&end_date=2015-08-03&timezone=UTC&hourly=wave_height%2Cwave_direction%2Cwave_period&models=era5_ocean&cell_selection=sea,ok,b2e100a740f89286d35210aa7ff923aafdccf216f24f3d97d1bd2fce6d1bcf7d,3438,2026-09-26T08:39:38.461392+00:00
S1:26.4,current,data/external/metocean/current_f4760e5f0e5d134d9cae7a3b.nc,https://ncss.hycom.org/thredds/ncss/GLBv0.08/expt_53.X/data/2015?var=water_u&var=water_v&north=30.080025&south=29.918025&west=-138.84905849999998&east=-138.6870585&time_start=2015-07-31T00%3A00%3A00Z&time_end=2015-08-03T23%3A59%3A59Z&vertCoord=0&accept=netcdf&disableProjSubset=on,ok,d6800fe95fe20eff225c310085583c537d5fde0d8066193c02350405ffb30d31,4244,2026-09-26T08:39:38.767426+00:00
S1:25.4,wind,data/external/metocean/wind_f6cb276d9302481dc42a8c8c.json,https://archive-api.open-meteo.com/v1/archive?latitude=29.9968&longitude=-139.3427335&start_date=2015-07-31&end_date=2015-08-03&timezone=UTC&hourly=wind_speed_10m%2Cwind_direction_10m&models=era5&wind_speed_unit=ms&cell_selection=nearest,ok,d650be710cb00e1ff237317f0ca1d17ce5afcaa0fd66564187f1b18403bf05c1,2901,2026-09-26T08:39:38.479074+00:00
S1:25.4,wave,data/external/metocean/wave_d3fb5d6fd428fbd50780be48.json,https://marine-api.open-meteo.com/v1/marine?latitude=29.9968&longitude=-139.3427335&start_date=2015-07-31&end_date=2015-08-03&timezone=UTC&hourly=wave_height%2Cwave_direction%2Cwave_period&models=era5_ocean&cell_selection=sea,ok,46f1afa7f2962461dba0448023eeb993b278c34da9e29707da824e63ada0e4e8,3438,2026-09-26T08:39:38.724228+00:00
S1:25.4,current,data/external/metocean/current_cbf1d7435a8e9285c1824c35.nc,https://ncss.hycom.org/thredds/ncss/GLBv0.08/expt_53.X/data/2015?var=water_u&var=water_v&north=30.0778&south=29.9158&west=-139.4237335&east=-139.26173350000002&time_start=2015-07-31T00%3A00%3A00Z&time_end=2015-08-03T23%3A59%3A59Z&vertCoord=0&accept=netcdf&disableProjSubset=on,ok,6c5e498cfe7d07a13562bd71b1e7a4cee32be025ef87e87ed1719cf6d97c08bc,4244,2026-09-26T08:39:40.105867+00:00
S1:27.4,wind,data/external/metocean/wind_24aee076bd65f1c548cd937a.json,https://archive-api.open-meteo.com/v1/archive?latitude=29.989615&longitude=-138.227975&start_date=2015-07-31&end_date=2015-08-03&timezone=UTC&hourly=wind_speed_10m%2Cwind_direction_10m&models=era5&wind_speed_unit=ms&cell_selection=nearest,ok,5b683bd09c31f2642a9c6838130e9dc6ef7dd5a3a737eb0a3639c47d0b1e3df0,2917,2026-09-26T08:39:38.758415+00:00
S1:27.4,wave,data/external/metocean/wave_2d591c4447d067a956e1b0b3.json,https://marine-api.open-meteo.com/v1/marine?latitude=29.989615&longitude=-138.227975&start_date=2015-07-31&end_date=2015-08-03&timezone=UTC&hourly=wave_height%2Cwave_direction%2Cwave_period&models=era5_ocean&cell_selection=sea,ok,fdac35b1899dc75a7aec1bfbe50e26c8d21d53301a1f989a6d221888bd895493,3440,2026-09-26T08:39:38.975694+00:00
S1:27.4,current,data/external/metocean/current_c547e89e064321030440972d.nc,https://ncss.hycom.org/thredds/ncss/GLBv0.08/expt_53.X/data/2015?var=water_u&var=water_v&north=30.070615&south=29.908615&west=-138.30897499999998&east=-138.146975&time_start=2015-07-31T00%3A00%3A00Z&time_end=2015-08-03T23%3A59%3A59Z&vertCoord=0&accept=netcdf&disableProjSubset=on,ok,2de2950249eb5dc7967eeedd8b7891e486e6b93ccee10098f3334f4f7e39afcf,4244,2026-09-26T08:39:39.306153+00:00
S1:29.4,wind,data/external/metocean/wind_da383ee9061daac7fad9236e.json,https://archive-api.open-meteo.com/v1/archive?latitude=30.00011&longitude=-137.2937665&start_date=2015-08-01&end_date=2015-08-04&timezone=UTC&hourly=wind_speed_10m%2Cwind_direction_10m&models=era5&wind_speed_unit=ms&cell_selection=nearest,ok,844d565a16bbd9f3e8062ea1f24d884fdb91d287fdba2a507010b1cc94b1372d,2944,2026-09-26T08:39:39.008478+00:00
S1:29.4,wave,data/external/metocean/wave_9af5352ab3faa61ff60227ee.json,https://marine-api.open-meteo.com/v1/marine?latitude=30.00011&longitude=-137.2937665&start_date=2015-08-01&end_date=2015-08-04&timezone=UTC&hourly=wave_height%2Cwave_direction%2Cwave_period&models=era5_ocean&cell_selection=sea,ok,ab18dfd28cb78007c6e3db4a7eaf7ae26e9a508c5f5c8b478f8249fda4b90a43,3464,2026-09-26T08:39:39.256974+00:00
S1:29.4,current,data/external/metocean/current_a9c763bdd2c672dc75a7ddbb.nc,https://ncss.hycom.org/thredds/ncss/GLBv0.08/expt_53.X/data/2015?var=water_u&var=water_v&north=30.08111&south=29.91911&west=-137.3747665&east=-137.21276650000001&time_start=2015-08-01T00%3A00%3A00Z&time_end=2015-08-04T23%3A59%3A59Z&vertCoord=0&accept=netcdf&disableProjSubset=on,ok,564731cd48643894dbcd183b2c0e6162fc88b900898da7ab660a74aae7e63b41,4244,2026-09-26T08:39:42.243076+00:00
S1:31.4,wind,data/external/metocean/wind_8cad1b8dd193d9b1e9f46144.json,https://archive-api.open-meteo.com/v1/archive?latitude=29.996715&longitude=-136.0622665&start_date=2015-08-01&end_date=2015-08-04&timezone=UTC&hourly=wind_speed_10m%2Cwind_direction_10m&models=era5&wind_speed_unit=ms&cell_selection=nearest,ok,08b803c173a76711c29b7dc55520a84dd4532f04cfb9ff90a140354ef5c99453,2954,2026-09-26T08:39:39.499363+00:00
S1:31.4,wave,data/external/metocean/wave_5e12c166405f6e954e2ca5c8.json,https://marine-api.open-meteo.com/v1/marine?latitude=29.996715&longitude=-136.0622665&start_date=2015-08-01&end_date=2015-08-04&timezone=UTC&hourly=wave_height%2Cwave_direction%2Cwave_period&models=era5_ocean&cell_selection=sea,ok,fb4b23a5a651ca2179ea1ccd6453bf076bb54307f5ad8af325c7fc54124b62e5,3468,2026-09-26T08:39:39.568171+00:00
S1:31.4,current,data/external/metocean/current_733e6cea6fa3010e0b521bc9.nc,https://ncss.hycom.org/thredds/ncss/GLBv0.08/expt_53.X/data/2015?var=water_u&var=water_v&north=30.077714999999998&south=29.915715&west=-136.14326649999998&east=-135.9812665&time_start=2015-08-01T00%3A00%3A00Z&time_end=2015-08-04T23%3A59%3A59Z&vertCoord=0&accept=netcdf&disableProjSubset=on,ok,cd7cae738bfc1173db14721f0a0a4224ad93cc3e4f27892674b888469cc95c5c,4244,2026-09-26T08:39:42.232094+00:00
S1:29.3,wind,data/external/metocean/wind_abc7d1ea05db55c0bea3131d.json,https://archive-api.open-meteo.com/v1/archive?latitude=30.002915&longitude=-137.2931585&start_date=2015-08-01&end_date=2015-08-04&timezone=UTC&hourly=wind_speed_10m%2Cwind_direction_10m&models=era5&wind_speed_unit=ms&cell_selection=nearest,ok,735401597caa22b6a9fba3a9d3211a815ef8eeac4e67dfd17a3e7d2e5e65131c,2944,2026-09-26T08:39:39.815081+00:00
S1:29.3,wave,data/external/metocean/wave_ce41f222846e3867959d1128.json,https://marine-api.open-meteo.com/v1/marine?latitude=30.002915&longitude=-137.2931585&start_date=2015-08-01&end_date=2015-08-04&timezone=UTC&hourly=wave_height%2Cwave_direction%2Cwave_period&models=era5_ocean&cell_selection=sea,ok,0125c11482af68c0fbb33503735d6c0203fc98d7e0d05b47dc7e34d50d6136a8,3465,2026-09-26T08:39:40.075290+00:00
S1:29.3,current,data/external/metocean/current_893a2dfe22fe3183511d16b7.nc,https://ncss.hycom.org/thredds/ncss/GLBv0.08/expt_53.X/data/2015?var=water_u&var=water_v&north=30.083915&south=29.921915000000002&west=-137.3741585&east=-137.21215850000002&time_start=2015-08-01T00%3A00%3A00Z&time_end=2015-08-04T23%3A59%3A59Z&vertCoord=0&accept=netcdf&disableProjSubset=on,ok,26d12dc155b8e1930947f82df73cac826eeb468748f61f424caf736a862b4065,4244,2026-09-26T08:39:42.294661+00:00
S1:30.4,wind,data/external/metocean/wind_8ec8b456f3b8fe19f22f6bd2.json,https://archive-api.open-meteo.com/v1/archive?latitude=30.00139&longitude=-136.6523&start_date=2015-08-01&end_date=2015-08-04&timezone=UTC&hourly=wind_speed_10m%2Cwind_direction_10m&models=era5&wind_speed_unit=ms&cell_selection=nearest,ok,36b49b5f11cdc9f6f7e585edb2c5277304acd0440bdea41855c95643c6aa2c39,2941,2026-09-26T08:39:40.349585+00:00
S1:30.4,wave,data/external/metocean/wave_f87025e8aad5b366f1704959.json,https://marine-api.open-meteo.com/v1/marine?latitude=30.00139&longitude=-136.6523&start_date=2015-08-01&end_date=2015-08-04&timezone=UTC&hourly=wave_height%2Cwave_direction%2Cwave_period&models=era5_ocean&cell_selection=sea,ok,109abc15b2e1e60a5b9a5eaad6ccb2daa0ee9cbac24788eefaff36ece6de3385,3468,2026-09-26T08:39:40.614419+00:00
S1:30.4,current,data/external/metocean/current_3e56c432f63de9b9d622d2ab.nc,https://ncss.hycom.org/thredds/ncss/GLBv0.08/expt_53.X/data/2015?var=water_u&var=water_v&north=30.08239&south=29.92039&west=-136.73329999999999&east=-136.5713&time_start=2015-08-01T00%3A00%3A00Z&time_end=2015-08-04T23%3A59%3A59Z&vertCoord=0&accept=netcdf&disableProjSubset=on,ok,70e6756bff48b10d7ca39d47f5f8fd8d27a1b7a51214a51f8bc61e54cb0b8ffa,4244,2026-09-26T08:39:42.290310+00:00
S1:30.3,wind,data/external/metocean/wind_fc636792e2a057e40c1de72e.json,https://archive-api.open-meteo.com/v1/archive?latitude=30.00491&longitude=-136.6517&start_date=2015-08-01&end_date=2015-08-04&timezone=UTC&hourly=wind_speed_10m%2Cwind_direction_10m&models=era5&wind_speed_unit=ms&cell_selection=nearest,ok,e2998d88c0536d59987786cbb6b0ba9e611dc08b55bfe068f98f8e5475d76e29,2941,2026-09-26T08:39:42.484314+00:00
S1:30.3,wave,data/external/metocean/wave_7420f156d7f033b6a44ac72a.json,https://marine-api.open-meteo.com/v1/marine?latitude=30.00491&longitude=-136.6517&start_date=2015-08-01&end_date=2015-08-04&timezone=UTC&hourly=wave_height%2Cwave_direction%2Cwave_period&models=era5_ocean&cell_selection=sea,ok,fcc21b47c14b5675e3fa0e59eed0319e0aa22efc8b1ca99d9f32130b8828c9ad,3468,2026-09-26T08:39:42.496910+00:00
S1:30.3,current,data/external/metocean/current_e7cc975a5bd1c0720ad0d7d2.nc,https://ncss.hycom.org/thredds/ncss/GLBv0.08/expt_53.X/data/2015?var=water_u&var=water_v&north=30.08591&south=29.92391&west=-136.7327&east=-136.57070000000002&time_start=2015-08-01T00%3A00%3A00Z&time_end=2015-08-04T23%3A59%3A59Z&vertCoord=0&accept=netcdf&disableProjSubset=on,ok,a0d41cade7b0d31adcbb2b1628cceea6f5dee3a8a12a22f4795c10e09f253e41,4244,2026-09-26T08:39:42.869349+00:00
S1:32.4,wind,data/external/metocean/wind_0f40e5fe06c69b29c18d42fe.json,https://archive-api.open-meteo.com/v1/archive?latitude=30.015125&longitude=-135.476125&start_date=2015-08-01&end_date=2015-08-04&timezone=UTC&hourly=wind_speed_10m%2Cwind_direction_10m&models=era5&wind_speed_unit=ms&cell_selection=nearest,ok,0294367f7042f57b5deffac847d279215f8788f58da0d1eb9ea045d04e8e0456,2962,2026-09-26T08:39:42.541165+00:00
S1:32.4,wave,data/external/metocean/wave_dfd97f493a6f890ceedcef48.json,https://marine-api.open-meteo.com/v1/marine?latitude=30.015125&longitude=-135.476125&start_date=2015-08-01&end_date=2015-08-04&timezone=UTC&hourly=wave_height%2Cwave_direction%2Cwave_period&models=era5_ocean&cell_selection=sea,ok,17767cb1ee7de359b40efeaac20b0364028b4f47a102deecca116c752cf88208,3469,2026-09-26T08:39:42.754205+00:00
S1:32.4,current,data/external/metocean/current_82184129e88bbf912f2cb002.nc,https://ncss.hycom.org/thredds/ncss/GLBv0.08/expt_53.X/data/2015?var=water_u&var=water_v&north=30.096125&south=29.934125&west=-135.55712499999998&east=-135.395125&time_start=2015-08-01T00%3A00%3A00Z&time_end=2015-08-04T23%3A59%3A59Z&vertCoord=0&accept=netcdf&disableProjSubset=on,ok,d9ed4623d13738a6fac3d685d1bbde46066a270b4e9ab361289417664f70d2a9,4244,2026-09-26T08:39:43.355587+00:00
S1:32.3,wind,data/external/metocean/wind_b9e4bfb60db60ac9235fca1e.json,https://archive-api.open-meteo.com/v1/archive?latitude=30.0171&longitude=-135.4764415&start_date=2015-08-01&end_date=2015-08-04&timezone=UTC&hourly=wind_speed_10m%2Cwind_direction_10m&models=era5&wind_speed_unit=ms&cell_selection=nearest,ok,0ecf31fec18df3fe3a8a447fbe568cc8626b2a934cd98009d656d0fd697f7783,2963,2026-09-26T08:39:42.809814+00:00
S1:32.3,wave,data/external/metocean/wave_2b2a2f9437f5158db27f93fb.json,https://marine-api.open-meteo.com/v1/marine?latitude=30.0171&longitude=-135.4764415&start_date=2015-08-01&end_date=2015-08-04&timezone=UTC&hourly=wave_height%2Cwave_direction%2Cwave_period&models=era5_ocean&cell_selection=sea,ok,9496cda73ce7faafa794ace2cc132196a97457b7a5ec068f2be90a5399ccf726,3470,2026-09-26T08:39:43.024307+00:00
S1:32.3,current,data/external/metocean/current_2977e3ce05ad0b3a02ddda0d.nc,https://ncss.hycom.org/thredds/ncss/GLBv0.08/expt_53.X/data/2015?var=water_u&var=water_v&north=30.0981&south=29.9361&west=-135.55744149999998&east=-135.3954415&time_start=2015-08-01T00%3A00%3A00Z&time_end=2015-08-04T23%3A59%3A59Z&vertCoord=0&accept=netcdf&disableProjSubset=on,ok,68241cb4528ac24c5bcc7f53ede51a3d0faaa34f23f0d83e8c2e5638c4d000d3,4244,2026-09-26T08:39:43.373303+00:00
S1:33.4,wind,data/external/metocean/wind_6a30693454b7d033b2a1eb54.json,https://archive-api.open-meteo.com/v1/archive?latitude=30.00406&longitude=-134.8896165&start_date=2015-08-02&end_date=2015-08-05&timezone=UTC&hourly=wind_speed_10m%2Cwind_direction_10m&models=era5&wind_speed_unit=ms&cell_selection=nearest,ok,d2830d9bccaed395d5615f21f1d55ebc6d996e57ccd36ff83f878b5a75208ed3,2955,2026-09-26T08:39:43.147779+00:00
S1:33.4,wave,data/external/metocean/wave_7bb99d79fbbccd0ed511e135.json,https://marine-api.open-meteo.com/v1/marine?latitude=30.00406&longitude=-134.8896165&start_date=2015-08-02&end_date=2015-08-05&timezone=UTC&hourly=wave_height%2Cwave_direction%2Cwave_period&models=era5_ocean&cell_selection=sea,ok,2962e59a86277adf2f33106431e80bf374cecc2062be906782c58321917a4188,3487,2026-09-26T08:39:43.282903+00:00
S1:33.4,current,data/external/metocean/current_b9a95a755c16e03ba21e5d1a.nc,https://ncss.hycom.org/thredds/ncss/GLBv0.08/expt_53.X/data/2015?var=water_u&var=water_v&north=30.08506&south=29.92306&west=-134.97061649999998&east=-134.8086165&time_start=2015-08-02T00%3A00%3A00Z&time_end=2015-08-05T23%3A59%3A59Z&vertCoord=0&accept=netcdf&disableProjSubset=on,ok,935da8408c87fe4ee0a60da74ca84ab96ddc6d394073d2fd5b18065081452945,4244,2026-09-26T08:39:46.421699+00:00
S1:34.4,wind,data/external/metocean/wind_2da9f831aed598ff615c673c.json,https://archive-api.open-meteo.com/v1/archive?latitude=30.000825&longitude=-134.268275&start_date=2015-08-02&end_date=2015-08-05&timezone=UTC&hourly=wind_speed_10m%2Cwind_direction_10m&models=era5&wind_speed_unit=ms&cell_selection=nearest,ok,755e78ece9a344f58367a5ad5b81d0f997fd5a386e2f8ea2ec3e70622f76a9cd,2961,2026-09-26T08:39:43.523010+00:00
S1:34.4,wave,data/external/metocean/wave_9fd454db1c5b1d0c855d494b.json,https://marine-api.open-meteo.com/v1/marine?latitude=30.000825&longitude=-134.268275&start_date=2015-08-02&end_date=2015-08-05&timezone=UTC&hourly=wave_height%2Cwave_direction%2Cwave_period&models=era5_ocean&cell_selection=sea,ok,52bf9befe6a67bab06ac039707593cc660dbf7f2ee997b29f057baeaac20fcb6,3491,2026-09-26T08:39:43.630637+00:00
S1:34.4,current,data/external/metocean/current_c5279ef88e883e733d9022e6.nc,https://ncss.hycom.org/thredds/ncss/GLBv0.08/expt_53.X/data/2015?var=water_u&var=water_v&north=30.081825&south=29.919825&west=-134.34927499999998&east=-134.187275&time_start=2015-08-02T00%3A00%3A00Z&time_end=2015-08-05T23%3A59%3A59Z&vertCoord=0&accept=netcdf&disableProjSubset=on,ok,57191f26f753825c3f05edf140a0356f14257ab171d19cab53ee5322a074ba27,4244,2026-09-26T08:39:46.411143+00:00
S1:34.3,wind,data/external/metocean/wind_6af8f941dd9a429cfdd41adc.json,https://archive-api.open-meteo.com/v1/archive?latitude=30.001865&longitude=-134.2685665&start_date=2015-08-02&end_date=2015-08-05&timezone=UTC&hourly=wind_speed_10m%2Cwind_direction_10m&models=era5&wind_speed_unit=ms&cell_selection=nearest,ok,60f133f164bb7ec2d41fbfa8488aedd31fec5c91d5ec5cd92ad4dad3eb154fed,2960,2026-09-26T08:39:43.792490+00:00
S1:34.3,wave,data/external/metocean/wave_5cd2a61120ede9fb69fc381b.json,https://marine-api.open-meteo.com/v1/marine?latitude=30.001865&longitude=-134.2685665&start_date=2015-08-02&end_date=2015-08-05&timezone=UTC&hourly=wave_height%2Cwave_direction%2Cwave_period&models=era5_ocean&cell_selection=sea,ok,f84e599e29c452d18cb027d86b0aae21720d29a9fbcc717fbb7a071d07a441fb,3492,2026-09-26T08:39:43.913373+00:00
S1:34.3,current,data/external/metocean/current_c5524bf1a1c1c9e09c296c7a.nc,https://ncss.hycom.org/thredds/ncss/GLBv0.08/expt_53.X/data/2015?var=water_u&var=water_v&north=30.082864999999998&south=29.920865&west=-134.34956649999998&east=-134.1875665&time_start=2015-08-02T00%3A00%3A00Z&time_end=2015-08-05T23%3A59%3A59Z&vertCoord=0&accept=netcdf&disableProjSubset=on,ok,8ea9ed9a0973742e91854ea26db6ea07d2de66944c869b425addd6eacd84363e,4244,2026-09-26T08:39:46.411712+00:00
S1:33.3,wind,data/external/metocean/wind_64c1321b9a38745a6a653316.json,https://archive-api.open-meteo.com/v1/archive?latitude=30.0146&longitude=-134.8929085&start_date=2015-08-02&end_date=2015-08-05&timezone=UTC&hourly=wind_speed_10m%2Cwind_direction_10m&models=era5&wind_speed_unit=ms&cell_selection=nearest,ok,2ee82495b7bde0d87d28ca0cace672bde5a9764742d2018376ba981632c5a3cb,2954,2026-09-26T08:39:44.160947+00:00
S1:33.3,wave,data/external/metocean/wave_da9e4fa7ecfc958daa2f8e06.json,https://marine-api.open-meteo.com/v1/marine?latitude=30.0146&longitude=-134.8929085&start_date=2015-08-02&end_date=2015-08-05&timezone=UTC&hourly=wave_height%2Cwave_direction%2Cwave_period&models=era5_ocean&cell_selection=sea,ok,0e9e5f2a660bddab80874f9d171ac957ef1b809846c0b784705a27d6a24c9239,3488,2026-09-26T08:39:44.425613+00:00
S1:33.3,current,data/external/metocean/current_0a01f3c3483b5c5ec9f5cce3.nc,https://ncss.hycom.org/thredds/ncss/GLBv0.08/expt_53.X/data/2015?var=water_u&var=water_v&north=30.0956&south=29.933600000000002&west=-134.9739085&east=-134.81190850000002&time_start=2015-08-02T00%3A00%3A00Z&time_end=2015-08-05T23%3A59%3A59Z&vertCoord=0&accept=netcdf&disableProjSubset=on,ok,af46f093af8769dd7d987703943c18a6f8ba0a93ed2539b9a4c5223fbae302c1,4244,2026-09-26T08:39:46.417899+00:00
S1:35.4,wind,data/external/metocean/wind_2d928c6971831f18f1cfbe4a.json,https://archive-api.open-meteo.com/v1/archive?latitude=30.998235&longitude=-134.2625085&start_date=2015-08-02&end_date=2015-08-05&timezone=UTC&hourly=wind_speed_10m%2Cwind_direction_10m&models=era5&wind_speed_unit=ms&cell_selection=nearest,ok,faac50be14167ffaf90ab84cd87c2d2e4126643cda9cd7392842777b020f1518,2962,2026-09-26T08:39:46.675035+00:00
S1:35.4,wave,data/external/metocean/wave_19a8360b99364eb4cb69dcee.json,https://marine-api.open-meteo.com/v1/marine?latitude=30.998235&longitude=-134.2625085&start_date=2015-08-02&end_date=2015-08-05&timezone=UTC&hourly=wave_height%2Cwave_direction%2Cwave_period&models=era5_ocean&cell_selection=sea,ok,606631b50647eebb01e25efd937552c7d03ceb7b7d2f087025c3b86b3e58fff5,3478,2026-09-26T08:39:46.698547+00:00
S1:35.4,current,data/external/metocean/current_c3da3bc7dba1ae925fd0cd05.nc,https://ncss.hycom.org/thredds/ncss/GLBv0.08/expt_53.X/data/2015?var=water_u&var=water_v&north=31.079235&south=30.917235&west=-134.34350849999998&east=-134.1815085&time_start=2015-08-02T00%3A00%3A00Z&time_end=2015-08-05T23%3A59%3A59Z&vertCoord=0&accept=netcdf&disableProjSubset=on,ok,8e770238b0b24bbfc6d2f1a3d7d71356e992425083fcc27b936396e07a195693,4244,2026-09-26T08:39:46.982054+00:00
S1:35.3,wind,data/external/metocean/wind_5d2ce55a64c3d48de4389a12.json,https://archive-api.open-meteo.com/v1/archive?latitude=30.999485&longitude=-134.2638335&start_date=2015-08-02&end_date=2015-08-05&timezone=UTC&hourly=wind_speed_10m%2Cwind_direction_10m&models=era5&wind_speed_unit=ms&cell_selection=nearest,ok,2cc18691192890a1e7a71283701cc3cb464e98fdf2f9888f8c458974a3172825,2961,2026-09-26T08:39:46.691793+00:00
S1:35.3,wave,data/external/metocean/wave_554a09bd1c891408f36178ae.json,https://marine-api.open-meteo.com/v1/marine?latitude=30.999485&longitude=-134.2638335&start_date=2015-08-02&end_date=2015-08-05&timezone=UTC&hourly=wave_height%2Cwave_direction%2Cwave_period&models=era5_ocean&cell_selection=sea,ok,1c3017b3bbf9528d4b4bbad339081e2581f58a83d4beda8936574500a6ce3ccd,3478,2026-09-26T08:39:46.951354+00:00
S1:35.3,current,data/external/metocean/current_a4f28ccaf63869cec9a49032.nc,https://ncss.hycom.org/thredds/ncss/GLBv0.08/expt_53.X/data/2015?var=water_u&var=water_v&north=31.080485&south=30.918485&west=-134.3448335&east=-134.18283350000002&time_start=2015-08-02T00%3A00%3A00Z&time_end=2015-08-05T23%3A59%3A59Z&vertCoord=0&accept=netcdf&disableProjSubset=on,ok,96d9c21e15556c53fd14ce8104f90b2cb1a834e5f061eefddac80398d759618b,4636,2026-09-26T08:39:47.340011+00:00
S1:39.3,wind,data/external/metocean/wind_c83eb8252b24f7cc5df848ee.json,https://archive-api.open-meteo.com/v1/archive?latitude=30.97964&longitude=-136.3260415&start_date=2015-08-03&end_date=2015-08-06&timezone=UTC&hourly=wind_speed_10m%2Cwind_direction_10m&models=era5&wind_speed_unit=ms&cell_selection=nearest,ok,f1b230dd91ceaa15b1cf89340e87787b124d4b067d7ea2ad211fe937de434835,2932,2026-09-26T08:39:46.951128+00:00
S1:39.3,wave,data/external/metocean/wave_d1658630ef6ec25cb89a0724.json,https://marine-api.open-meteo.com/v1/marine?latitude=30.97964&longitude=-136.3260415&start_date=2015-08-03&end_date=2015-08-06&timezone=UTC&hourly=wave_height%2Cwave_direction%2Cwave_period&models=era5_ocean&cell_selection=sea,ok,9659f1bf9cbf290e872b325304b0d05de6558c2396a492ab8a9e8ec0ce2403d1,3460,2026-09-26T08:39:47.214037+00:00
S1:39.3,current,data/external/metocean/current_18c33689912a820c5af17325.nc,https://ncss.hycom.org/thredds/ncss/GLBv0.08/expt_53.X/data/2015?var=water_u&var=water_v&north=31.06064&south=30.89864&west=-136.4070415&east=-136.2450415&time_start=2015-08-03T00%3A00%3A00Z&time_end=2015-08-06T23%3A59%3A59Z&vertCoord=0&accept=netcdf&disableProjSubset=on,ok,1f186fa098deb9d2927fa9b451350581288bba34c0d4271ca94a9f65e2871257,4244,2026-09-26T08:39:50.424947+00:00
S1:38.3,wind,data/external/metocean/wind_4e44548a7522541f33757a23.json,https://archive-api.open-meteo.com/v1/archive?latitude=30.991785&longitude=-135.9519665&start_date=2015-08-03&end_date=2015-08-06&timezone=UTC&hourly=wind_speed_10m%2Cwind_direction_10m&models=era5&wind_speed_unit=ms&cell_selection=nearest,ok,7c7e533e5c762748b8465d32101bc0a22db48676a0a3e7001d53b87cc8026581,2934,2026-09-26T08:39:47.225601+00:00
S1:38.3,wave,data/external/metocean/wave_69df0b3fa3300e44af486521.json,https://marine-api.open-meteo.com/v1/marine?latitude=30.991785&longitude=-135.9519665&start_date=2015-08-03&end_date=2015-08-06&timezone=UTC&hourly=wave_height%2Cwave_direction%2Cwave_period&models=era5_ocean&cell_selection=sea,ok,e3dee7506f1bacd1940a5ce805c4bb05f0b80184480be73a20e438c7b0041812,3461,2026-09-26T08:39:47.476140+00:00
S1:38.3,current,data/external/metocean/current_22d0e7ade5d0e63a4dd9018b.nc,https://ncss.hycom.org/thredds/ncss/GLBv0.08/expt_53.X/data/2015?var=water_u&var=water_v&north=31.072785&south=30.910785&west=-136.0329665&east=-135.8709665&time_start=2015-08-03T00%3A00%3A00Z&time_end=2015-08-06T23%3A59%3A59Z&vertCoord=0&accept=netcdf&disableProjSubset=on,ok,74c0559e5689b52bab63db503f407f5e8dc56a61961c966fd70b64f359a6ce33,4244,2026-09-26T08:39:50.786930+00:00
S1:39.4,wind,data/external/metocean/wind_3d8e5187cc898978f1953f6a.json,https://archive-api.open-meteo.com/v1/archive?latitude=30.97775&longitude=-136.3294165&start_date=2015-08-03&end_date=2015-08-06&timezone=UTC&hourly=wind_speed_10m%2Cwind_direction_10m&models=era5&wind_speed_unit=ms&cell_selection=nearest,ok,dbe02e7cbcb94afce89d09c12bd79728d38d6992ba707643d3a0384a1d4a40a7,2932,2026-09-26T08:39:47.581526+00:00
S1:39.4,wave,data/external/metocean/wave_df4efa3c33d75ac0952ed292.json,https://marine-api.open-meteo.com/v1/marine?latitude=30.97775&longitude=-136.3294165&start_date=2015-08-03&end_date=2015-08-06&timezone=UTC&hourly=wave_height%2Cwave_direction%2Cwave_period&models=era5_ocean&cell_selection=sea,ok,8816a4c10b6c3945f57b466513814aba616315828cfbd5a752d8aa0dc753e55d,3458,2026-09-26T08:39:47.738932+00:00
S1:39.4,current,data/external/metocean/current_33f0582cb9ab63aec71649d8.nc,https://ncss.hycom.org/thredds/ncss/GLBv0.08/expt_53.X/data/2015?var=water_u&var=water_v&north=31.05875&south=30.89675&west=-136.4104165&east=-136.24841650000002&time_start=2015-08-03T00%3A00%3A00Z&time_end=2015-08-06T23%3A59%3A59Z&vertCoord=0&accept=netcdf&disableProjSubset=on,ok,ba846ecc0a6bc9557a8b22f1535803673feecf87b83485a44ee44b1e471d10f7,4244,2026-09-26T08:39:50.798534+00:00
S1:36.4,wind,data/external/metocean/wind_dddb807da77519741698c01e.json,https://archive-api.open-meteo.com/v1/archive?latitude=30.997735&longitude=-134.849&start_date=2015-08-03&end_date=2015-08-06&timezone=UTC&hourly=wind_speed_10m%2Cwind_direction_10m&models=era5&wind_speed_unit=ms&cell_selection=nearest,ok,676da7281cc41a7f0266c300b1f024055fecc98272432393f7ebef3200df4c26,2933,2026-09-26T08:39:47.992197+00:00
S1:36.4,wave,data/external/metocean/wave_4c9b3ac2a3378b5f12da9c56.json,https://marine-api.open-meteo.com/v1/marine?latitude=30.997735&longitude=-134.849&start_date=2015-08-03&end_date=2015-08-06&timezone=UTC&hourly=wave_height%2Cwave_direction%2Cwave_period&models=era5_ocean&cell_selection=sea,ok,db4df1b529fc290ef0d47f9dd278337ea3f173b311be48ace75296b7fe079084,3464,2026-09-26T08:39:48.263350+00:00
S1:36.4,current,data/external/metocean/current_618953538facf37ac8d95e53.nc,https://ncss.hycom.org/thredds/ncss/GLBv0.08/expt_53.X/data/2015?var=water_u&var=water_v&north=31.078734999999998&south=30.916735&west=-134.92999999999998&east=-134.768&time_start=2015-08-03T00%3A00%3A00Z&time_end=2015-08-06T23%3A59%3A59Z&vertCoord=0&accept=netcdf&disableProjSubset=on,ok,c65cd2fee1c813bf2ae9c2c23340dddb9ba2e085e96342146b986d7b206f56e7,4244,2026-09-26T08:39:50.794649+00:00
S1:36.3,wind,data/external/metocean/wind_4bade1b5b0230dab99fbd1b3.json,https://archive-api.open-meteo.com/v1/archive?latitude=30.997975&longitude=-134.8475585&start_date=2015-08-03&end_date=2015-08-06&timezone=UTC&hourly=wind_speed_10m%2Cwind_direction_10m&models=era5&wind_speed_unit=ms&cell_selection=nearest,ok,de40704ce4bbf518eb2b4de427f90a3cfb373741b052d4d8d483a73312c65c74,2934,2026-09-26T08:39:50.677406+00:00
S1:36.3,wave,data/external/metocean/wave_59d966471f1e1ae21ccb14b0.json,https://marine-api.open-meteo.com/v1/marine?latitude=30.997975&longitude=-134.8475585&start_date=2015-08-03&end_date=2015-08-06&timezone=UTC&hourly=wave_height%2Cwave_direction%2Cwave_period&models=era5_ocean&cell_selection=sea,ok,95336718eddc85275b191af7b26c8dfc7b551e0ba60158a4c93c43a7dc0cebe7,3464,2026-09-26T08:39:50.944105+00:00
S1:36.3,current,data/external/metocean/current_cd04f34535a778bc09bfc8bb.nc,https://ncss.hycom.org/thredds/ncss/GLBv0.08/expt_53.X/data/2015?var=water_u&var=water_v&north=31.078975&south=30.916975&west=-134.92855849999998&east=-134.7665585&time_start=2015-08-03T00%3A00%3A00Z&time_end=2015-08-06T23%3A59%3A59Z&vertCoord=0&accept=netcdf&disableProjSubset=on,ok,aec3d6df1be7cb1557d58287490a2c5f4d56e026d0e8f6f45da77acc5643f1ac,4244,2026-09-26T08:39:51.342313+00:00
S1:37.3,wind,data/external/metocean/wind_0e010846fc21d136cebd65da.json,https://archive-api.open-meteo.com/v1/archive?latitude=31.000565&longitude=-135.4216585&start_date=2015-08-03&end_date=2015-08-06&timezone=UTC&hourly=wind_speed_10m%2Cwind_direction_10m&models=era5&wind_speed_unit=ms&cell_selection=nearest,ok,b66042a2aed541a372f55e27ec22fb716decc24507057b0159160a5f1b94593e,2935,2026-09-26T08:39:51.055111+00:00
S1:37.3,wave,data/external/metocean/wave_1ec803d4fa0d106f92a887c5.json,https://marine-api.open-meteo.com/v1/marine?latitude=31.000565&longitude=-135.4216585&start_date=2015-08-03&end_date=2015-08-06&timezone=UTC&hourly=wave_height%2Cwave_direction%2Cwave_period&models=era5_ocean&cell_selection=sea,ok,8bf4d507bb1cedb28dc6c0d1dcdcb4bba533100d8354e979a503614639904de1,3462,2026-09-26T08:39:51.065199+00:00
S1:37.3,current,data/external/metocean/current_3cfecc4ebbf48dae9b2b3f6f.nc,https://ncss.hycom.org/thredds/ncss/GLBv0.08/expt_53.X/data/2015?var=water_u&var=water_v&north=31.081565&south=30.919565000000002&west=-135.5026585&east=-135.34065850000002&time_start=2015-08-03T00%3A00%3A00Z&time_end=2015-08-06T23%3A59%3A59Z&vertCoord=0&accept=netcdf&disableProjSubset=on,ok,9ddfee6074227aec696f59a1af48334b583a35e2d9ad0aef33919ef0e2344306,4636,2026-09-26T08:39:51.505735+00:00
S1:37.4,wind,data/external/metocean/wind_4453776c7dabee90b0a485e2.json,https://archive-api.open-meteo.com/v1/archive?latitude=30.998365&longitude=-135.4204835&start_date=2015-08-03&end_date=2015-08-06&timezone=UTC&hourly=wind_speed_10m%2Cwind_direction_10m&models=era5&wind_speed_unit=ms&cell_selection=nearest,ok,1a1ab1cfd140a2d67d4050f1e3129620f3aa60b9cc250baa90d79157f621622e,2934,2026-09-26T08:39:51.303731+00:00
S1:37.4,wave,data/external/metocean/wave_9af14f3a12ced78e7f1505cc.json,https://marine-api.open-meteo.com/v1/marine?latitude=30.998365&longitude=-135.4204835&start_date=2015-08-03&end_date=2015-08-06&timezone=UTC&hourly=wave_height%2Cwave_direction%2Cwave_period&models=era5_ocean&cell_selection=sea,ok,74b8e505786522fbcfc344605f865d81cad7d6bb54f12c32cc6679e3be931817,3461,2026-09-26T08:39:51.320505+00:00
S1:37.4,current,data/external/metocean/current_7b4145d8ee68f337ac3fbb2a.nc,https://ncss.hycom.org/thredds/ncss/GLBv0.08/expt_53.X/data/2015?var=water_u&var=water_v&north=31.079365&south=30.917365&west=-135.50148349999998&east=-135.3394835&time_start=2015-08-03T00%3A00%3A00Z&time_end=2015-08-06T23%3A59%3A59Z&vertCoord=0&accept=netcdf&disableProjSubset=on,ok,b6a4a61d18cf2d1e9a086df7735e39e3e2945acaf10a6dda4eca5489a6450926,4244,2026-09-26T08:39:52.191302+00:00
S1:38.4,wind,data/external/metocean/wind_cd0e1dcd5b1e3b6ec2fe533e.json,https://archive-api.open-meteo.com/v1/archive?latitude=30.993515&longitude=-135.95175&start_date=2015-08-03&end_date=2015-08-06&timezone=UTC&hourly=wind_speed_10m%2Cwind_direction_10m&models=era5&wind_speed_unit=ms&cell_selection=nearest,ok,e34175cb8e539ab7b471ad0d166645b0ac2d1ddc461886b4390ed9c905034499,2934,2026-09-26T08:39:51.570515+00:00
S1:38.4,wave,data/external/metocean/wave_7806431f31ead4c84fa058b8.json,https://marine-api.open-meteo.com/v1/marine?latitude=30.993515&longitude=-135.95175&start_date=2015-08-03&end_date=2015-08-06&timezone=UTC&hourly=wave_height%2Cwave_direction%2Cwave_period&models=era5_ocean&cell_selection=sea,ok,0e3550d5dd24d7bef699a0668f2f59eb2ee9cbd03a1bcdc9091c526ff0301370,3461,2026-09-26T08:39:51.598456+00:00
S1:38.4,current,data/external/metocean/current_fc2f88139db96a6b354f01df.nc,https://ncss.hycom.org/thredds/ncss/GLBv0.08/expt_53.X/data/2015?var=water_u&var=water_v&north=31.074514999999998&south=30.912515&west=-136.03275&east=-135.87075000000002&time_start=2015-08-03T00%3A00%3A00Z&time_end=2015-08-06T23%3A59%3A59Z&vertCoord=0&accept=netcdf&disableProjSubset=on,ok,08bc288cc3a4e7e696d4c51d65b565955699696c24f23b378f4eb19659a5ff33,4244,2026-09-26T08:39:52.049285+00:00
S1:41.3,wind,data/external/metocean/wind_760cd71e1c2a7fc3740534f7.json,https://archive-api.open-meteo.com/v1/archive?latitude=30.965825&longitude=-137.3956835&start_date=2015-08-04&end_date=2015-08-07&timezone=UTC&hourly=wind_speed_10m%2Cwind_direction_10m&models=era5&wind_speed_unit=ms&cell_selection=nearest,ok,1633cf4b290cfd8d1fa987145f647bf8aac1805c3e6db756bb2a0d8b11d65c4e,2897,2026-09-26T08:39:51.812857+00:00
S1:41.3,wave,data/external/metocean/wave_5b9629a98f0e609c908b704e.json,https://marine-api.open-meteo.com/v1/marine?latitude=30.965825&longitude=-137.3956835&start_date=2015-08-04&end_date=2015-08-07&timezone=UTC&hourly=wave_height%2Cwave_direction%2Cwave_period&models=era5_ocean&cell_selection=sea,ok,345c435d28f064974dac8129691e7ef4756cf0e2104a5e79916048dc020749ed,3429,2026-09-26T08:39:51.860016+00:00
S1:41.3,current,data/external/metocean/current_2bd10cd86c6a48df850ff73e.nc,https://ncss.hycom.org/thredds/ncss/GLBv0.08/expt_53.X/data/2015?var=water_u&var=water_v&north=31.046825&south=30.884825&west=-137.47668349999998&east=-137.3146835&time_start=2015-08-04T00%3A00%3A00Z&time_end=2015-08-07T23%3A59%3A59Z&vertCoord=0&accept=netcdf&disableProjSubset=on,ok,47351fe0b54da18e0034610d62b9dc2e3528663b7c32e80a137ebd9c49166bb2,4204,2026-09-26T08:39:53.767418+00:00
S1:42.3,wind,data/external/metocean/wind_21e1b2e4c19e7f2ab58db08e.json,https://archive-api.open-meteo.com/v1/archive?latitude=30.988835&longitude=-137.914525&start_date=2015-08-04&end_date=2015-08-07&timezone=UTC&hourly=wind_speed_10m%2Cwind_direction_10m&models=era5&wind_speed_unit=ms&cell_selection=nearest,ok,c452ea1657ef7f7bb0b303585001f7ccda6d4ae88e523abab25fdb09a736bb39,2895,2026-09-26T08:39:52.110244+00:00
S1:42.3,wave,data/external/metocean/wave_48df022801d779bceff20f96.json,https://marine-api.open-meteo.com/v1/marine?latitude=30.988835&longitude=-137.914525&start_date=2015-08-04&end_date=2015-08-07&timezone=UTC&hourly=wave_height%2Cwave_direction%2Cwave_period&models=era5_ocean&cell_selection=sea,ok,1e396726175b134bbf6917a02fc288a1a2c9b3b707755c283dd6960074b189c6,3429,2026-09-26T08:39:52.309915+00:00
S1:42.3,current,data/external/metocean/current_6dcd167196733b398bc64202.nc,https://ncss.hycom.org/thredds/ncss/GLBv0.08/expt_53.X/data/2015?var=water_u&var=water_v&north=31.069835&south=30.907835000000002&west=-137.995525&east=-137.833525&time_start=2015-08-04T00%3A00%3A00Z&time_end=2015-08-07T23%3A59%3A59Z&vertCoord=0&accept=netcdf&disableProjSubset=on,ok,9508d868630dba8d04b0a9266d2f26ad274e8caeb1f9be142b372c047732e677,4204,2026-09-26T08:39:53.772933+00:00
S1:41.4,wind,data/external/metocean/wind_c5a08bb2e0d539b03ad64984.json,https://archive-api.open-meteo.com/v1/archive?latitude=30.974315&longitude=-137.3824165&start_date=2015-08-04&end_date=2015-08-07&timezone=UTC&hourly=wind_speed_10m%2Cwind_direction_10m&models=era5&wind_speed_unit=ms&cell_selection=nearest,ok,0e600c01581e8f4b464edf81a6a0450547c78c8d3081b1917a1371375d42e541,2896,2026-09-26T08:39:52.442338+00:00
S1:41.4,wave,data/external/metocean/wave_89312a32cfb1080de2e70fc8.json,https://marine-api.open-meteo.com/v1/marine?latitude=30.974315&longitude=-137.3824165&start_date=2015-08-04&end_date=2015-08-07&timezone=UTC&hourly=wave_height%2Cwave_direction%2Cwave_period&models=era5_ocean&cell_selection=sea,ok,8b38f81b75ce4c7002e9b0dbdb63a2c6fba3aa5ec53d9892ba6a4b97dc1e4ecf,3429,2026-09-26T08:39:52.582786+00:00
S1:41.4,current,data/external/metocean/current_48afbb4cecd0f43c14ee30a4.nc,https://ncss.hycom.org/thredds/ncss/GLBv0.08/expt_53.X/data/2015?var=water_u&var=water_v&north=31.055315&south=30.893315&west=-137.4634165&east=-137.30141650000002&time_start=2015-08-04T00%3A00%3A00Z&time_end=2015-08-07T23%3A59%3A59Z&vertCoord=0&accept=netcdf&disableProjSubset=on,ok,b33de1dc90d8e49a382cfdb34c62cd8eeb69b96e5287124ad80344defd4ab850,4204,2026-09-26T08:39:53.766302+00:00
S1:42.4,wind,data/external/metocean/wind_bb03e30e97a2ea6e1603d9b0.json,https://archive-api.open-meteo.com/v1/archive?latitude=30.98994&longitude=-137.91355&start_date=2015-08-04&end_date=2015-08-07&timezone=UTC&hourly=wind_speed_10m%2Cwind_direction_10m&models=era5&wind_speed_unit=ms&cell_selection=nearest,ok,90e1532417678dba9ae93f64cb24093933d6b66d81936dd024f239b8eb79b125,2896,2026-09-26T08:39:52.824633+00:00
S1:42.4,wave,data/external/metocean/wave_2345792625cb56e33cae517a.json,https://marine-api.open-meteo.com/v1/marine?latitude=30.98994&longitude=-137.91355&start_date=2015-08-04&end_date=2015-08-07&timezone=UTC&hourly=wave_height%2Cwave_direction%2Cwave_period&models=era5_ocean&cell_selection=sea,ok,35b3479d20b316da1d9f46b9dfe73fdc7969b3a80a94cb8ef91690c916754b73,3429,2026-09-26T08:39:53.081840+00:00
S1:42.4,current,data/external/metocean/current_32b57ab1381fe2ccc3c4c983.nc,https://ncss.hycom.org/thredds/ncss/GLBv0.08/expt_53.X/data/2015?var=water_u&var=water_v&north=31.07094&south=30.90894&west=-137.99454999999998&east=-137.83255&time_start=2015-08-04T00%3A00%3A00Z&time_end=2015-08-07T23%3A59%3A59Z&vertCoord=0&accept=netcdf&disableProjSubset=on,ok,3f7665bccf0ed0eec94d596c8fab0adb940bd27133203060cf8b611597cbf056,4204,2026-09-26T08:39:53.764286+00:00
S1:43.4,wind,data/external/metocean/wind_8e6fd0849d0a1d3023023581.json,https://archive-api.open-meteo.com/v1/archive?latitude=31.001675&longitude=-138.493&start_date=2015-08-04&end_date=2015-08-07&timezone=UTC&hourly=wind_speed_10m%2Cwind_direction_10m&models=era5&wind_speed_unit=ms&cell_selection=nearest,ok,ac8218adf1671623cb156128afbbe268cb7f66282a069832b607bde4dae97079,2896,2026-09-26T08:39:54.007688+00:00
S1:43.4,wave,data/external/metocean/wave_2e1082f4481e1d149ab81713.json,https://marine-api.open-meteo.com/v1/marine?latitude=31.001675&longitude=-138.493&start_date=2015-08-04&end_date=2015-08-07&timezone=UTC&hourly=wave_height%2Cwave_direction%2Cwave_period&models=era5_ocean&cell_selection=sea,ok,ed36de4a58523e2aaf1eadf11e134c245b61bc4ad9ad8b93bc7abc136f37fdfb,3428,2026-09-26T08:39:54.020201+00:00
S1:43.4,current,data/external/metocean/current_adafcb2c5a653efa8bd0cc07.nc,https://ncss.hycom.org/thredds/ncss/GLBv0.08/expt_53.X/data/2015?var=water_u&var=water_v&north=31.082675&south=30.920675&west=-138.57399999999998&east=-138.412&time_start=2015-08-04T00%3A00%3A00Z&time_end=2015-08-07T23%3A59%3A59Z&vertCoord=0&accept=netcdf&disableProjSubset=on,ok,603dfa9481e671eb598940ac5f68a692407c2a8dc30392861d7a4c582fb12cf9,4204,2026-09-26T08:39:54.298260+00:00
S1:43.3,wind,data/external/metocean/wind_e395c21845cac4f263d57976.json,https://archive-api.open-meteo.com/v1/archive?latitude=31.000735&longitude=-138.4904415&start_date=2015-08-04&end_date=2015-08-07&timezone=UTC&hourly=wind_speed_10m%2Cwind_direction_10m&models=era5&wind_speed_unit=ms&cell_selection=nearest,ok,7381e80a70ec6d44510ea89da97afa8dbefe2d196e7feece579922ca062223ec,2897,2026-09-26T08:39:54.016191+00:00
S1:43.3,wave,data/external/metocean/wave_7cc2c40c34a3449ed41c6b17.json,https://marine-api.open-meteo.com/v1/marine?latitude=31.000735&longitude=-138.4904415&start_date=2015-08-04&end_date=2015-08-07&timezone=UTC&hourly=wave_height%2Cwave_direction%2Cwave_period&models=era5_ocean&cell_selection=sea,ok,0756e6f719fc5ad62b9b299cd5eeac22d05fc581c557d767430eeda36d253ee7,3428,2026-09-26T08:39:54.281245+00:00
S1:43.3,current,data/external/metocean/current_8e67c4ef45522c9b90d2c801.nc,https://ncss.hycom.org/thredds/ncss/GLBv0.08/expt_53.X/data/2015?var=water_u&var=water_v&north=31.081735&south=30.919735&west=-138.5714415&east=-138.4094415&time_start=2015-08-04T00%3A00%3A00Z&time_end=2015-08-07T23%3A59%3A59Z&vertCoord=0&accept=netcdf&disableProjSubset=on,ok,c531a3979904c62b2ee5522cf175956c6bead15775a158eaea08ab548e4fe0ab,4580,2026-09-26T08:39:54.571949+00:00
S1:45.3,wind,data/external/metocean/wind_7f392fabd8a60a738cce50b1.json,https://archive-api.open-meteo.com/v1/archive?latitude=30.987815&longitude=-139.5539665&start_date=2015-08-05&end_date=2015-08-08&timezone=UTC&hourly=wind_speed_10m%2Cwind_direction_10m&models=era5&wind_speed_unit=ms&cell_selection=nearest,ok,ab28709b8779b1208183a0200078ff05bc7ba162c9cf790997f03675099ecd66,2899,2026-09-26T08:39:54.263417+00:00
S1:45.3,wave,data/external/metocean/wave_9afe569a5da63bfcce793d6f.json,https://marine-api.open-meteo.com/v1/marine?latitude=30.987815&longitude=-139.5539665&start_date=2015-08-05&end_date=2015-08-08&timezone=UTC&hourly=wave_height%2Cwave_direction%2Cwave_period&models=era5_ocean&cell_selection=sea,ok,81658b7e1ceec181657d6886f708fc23c5143995e6c7540576fbdbaa485895a6,3401,2026-09-26T08:39:54.541423+00:00
S1:45.3,current,data/external/metocean/current_3a1b0758e06f29a5bd67dcd1.nc,https://ncss.hycom.org/thredds/ncss/GLBv0.08/expt_53.X/data/2015?var=water_u&var=water_v&north=31.068815&south=30.906815&west=-139.6349665&east=-139.4729665&time_start=2015-08-05T00%3A00%3A00Z&time_end=2015-08-08T23%3A59%3A59Z&vertCoord=0&accept=netcdf&disableProjSubset=on,ok,8a49216d2a96634224721de9aee5fd6c5d2e09a6132b95da59b79beb6c47cd97,4204,2026-09-26T08:39:56.611777+00:00
S1:45.4,wind,data/external/metocean/wind_724ebc59c244968404abbe9b.json,https://archive-api.open-meteo.com/v1/archive?latitude=30.987735&longitude=-139.5542835&start_date=2015-08-05&end_date=2015-08-08&timezone=UTC&hourly=wind_speed_10m%2Cwind_direction_10m&models=era5&wind_speed_unit=ms&cell_selection=nearest,ok,515894044889eedea527a38c38b8752980360fd96a5851baf972fb254ca35004,2899,2026-09-26T08:39:54.547686+00:00
S1:45.4,wave,data/external/metocean/wave_c278fc2e613b07b905136210.json,https://marine-api.open-meteo.com/v1/marine?latitude=30.987735&longitude=-139.5542835&start_date=2015-08-05&end_date=2015-08-08&timezone=UTC&hourly=wave_height%2Cwave_direction%2Cwave_period&models=era5_ocean&cell_selection=sea,ok,6d788d7eae740a96470ed278871cf0b2e9a8e661e15b2b392b01ffa98d9837f1,3402,2026-09-26T08:39:54.795525+00:00
S1:45.4,current,data/external/metocean/current_1e67da1ed541b18ccd90ef48.nc,https://ncss.hycom.org/thredds/ncss/GLBv0.08/expt_53.X/data/2015?var=water_u&var=water_v&north=31.068735&south=30.906735&west=-139.63528349999999&east=-139.4732835&time_start=2015-08-05T00%3A00%3A00Z&time_end=2015-08-08T23%3A59%3A59Z&vertCoord=0&accept=netcdf&disableProjSubset=on,ok,23b2e030bf35c9636d33bc57d67f18818d8a6a0b000537dc843809434e903725,4204,2026-09-26T08:39:56.875338+00:00
S1:44.4,wind,data/external/metocean/wind_2a90103c65300791b488349f.json,https://archive-api.open-meteo.com/v1/archive?latitude=30.99416&longitude=-139.0254165&start_date=2015-08-05&end_date=2015-08-08&timezone=UTC&hourly=wind_speed_10m%2Cwind_direction_10m&models=era5&wind_speed_unit=ms&cell_selection=nearest,ok,9f039912f8eb4a23e902f7a11c729fd1b14aeab8a4e2b3d597edcf498ca87fa9,2899,2026-09-26T08:39:54.815109+00:00
S1:44.4,wave,data/external/metocean/wave_791ab74e34fe2da5c566e350.json,https://marine-api.open-meteo.com/v1/marine?latitude=30.99416&longitude=-139.0254165&start_date=2015-08-05&end_date=2015-08-08&timezone=UTC&hourly=wave_height%2Cwave_direction%2Cwave_period&models=era5_ocean&cell_selection=sea,ok,2884c992253db6ffd00191dcce4a5f3ae8bb8bd7fdc683fb95d05894bc58cd05,3402,2026-09-26T08:39:55.052072+00:00
S1:44.4,current,data/external/metocean/current_47b0a22c09e15dee6efeffbc.nc,https://ncss.hycom.org/thredds/ncss/GLBv0.08/expt_53.X/data/2015?var=water_u&var=water_v&north=31.07516&south=30.91316&west=-139.1064165&east=-138.94441650000002&time_start=2015-08-05T00%3A00%3A00Z&time_end=2015-08-08T23%3A59%3A59Z&vertCoord=0&accept=netcdf&disableProjSubset=on,ok,ea110df448aed3631c7f524ecd5e2d62aef67d993f9f0a954db52b3472c35c7d,4204,2026-09-26T08:39:57.802143+00:00
S1:47.4,wind,data/external/metocean/wind_8a4b29fa6aa875bc7414d453.json,https://archive-api.open-meteo.com/v1/archive?latitude=30.99445&longitude=-140.6223835&start_date=2015-08-05&end_date=2015-08-08&timezone=UTC&hourly=wind_speed_10m%2Cwind_direction_10m&models=era5&wind_speed_unit=ms&cell_selection=nearest,ok,6e9e6e31e4443d4a462cc27178cafcc2205a3e276cc9ebdb3220f7d1b9abe346,2900,2026-09-26T08:39:55.305775+00:00
S1:47.4,wave,data/external/metocean/wave_382fce5a1c432ca0716e22d3.json,https://marine-api.open-meteo.com/v1/marine?latitude=30.99445&longitude=-140.6223835&start_date=2015-08-05&end_date=2015-08-08&timezone=UTC&hourly=wave_height%2Cwave_direction%2Cwave_period&models=era5_ocean&cell_selection=sea,ok,c29f136bc1b5fc339ae86d031a87fb1ca49766d7a5e6426b28fa1998563a9b84,3410,2026-09-26T08:39:55.574250+00:00
S1:47.4,current,data/external/metocean/current_42b740a2cb4458b1335e3f07.nc,https://ncss.hycom.org/thredds/ncss/GLBv0.08/expt_53.X/data/2015?var=water_u&var=water_v&north=31.07545&south=30.91345&west=-140.7033835&east=-140.54138350000002&time_start=2015-08-05T00%3A00%3A00Z&time_end=2015-08-08T23%3A59%3A59Z&vertCoord=0&accept=netcdf&disableProjSubset=on,ok,381aa072cd60c86efdb406672f456544dd8c82583e3495f86afe4830558c033f,4204,2026-09-26T08:39:56.878664+00:00
S1:47.3,wind,data/external/metocean/wind_923ef062d47d91c1e38b752c.json,https://archive-api.open-meteo.com/v1/archive?latitude=30.992565&longitude=-140.6230165&start_date=2015-08-05&end_date=2015-08-08&timezone=UTC&hourly=wind_speed_10m%2Cwind_direction_10m&models=era5&wind_speed_unit=ms&cell_selection=nearest,ok,0e4bc0d1b7b24d05fde8768abc15776a595103da341b694db8df319ef808e546,2900,2026-09-26T08:39:56.875396+00:00
S1:47.3,wave,data/external/metocean/wave_d326a8add47f259c878424f4.json,https://marine-api.open-meteo.com/v1/marine?latitude=30.992565&longitude=-140.6230165&start_date=2015-08-05&end_date=2015-08-08&timezone=UTC&hourly=wave_height%2Cwave_direction%2Cwave_period&models=era5_ocean&cell_selection=sea,ok,ea21bce71fe35fed2be48cececb956e0392bef175186252c9b469bd8401df18f,3410,2026-09-26T08:39:57.129571+00:00
S1:47.3,current,data/external/metocean/current_acb7b365efbe080f44fdbfa1.nc,https://ncss.hycom.org/thredds/ncss/GLBv0.08/expt_53.X/data/2015?var=water_u&var=water_v&north=31.073565&south=30.911565&west=-140.7040165&east=-140.54201650000002&time_start=2015-08-05T00%3A00%3A00Z&time_end=2015-08-08T23%3A59%3A59Z&vertCoord=0&accept=netcdf&disableProjSubset=on,ok,5ee8189047e381707a1aab2df93c48bab79c7ca7d4fabe4763e5365989eb6d09,4204,2026-09-26T08:39:57.745512+00:00
S1:46.4,wind,data/external/metocean/wind_373658e7f607c8267172e8bc.json,https://archive-api.open-meteo.com/v1/archive?latitude=30.999525&longitude=-140.084&start_date=2015-08-05&end_date=2015-08-08&timezone=UTC&hourly=wind_speed_10m%2Cwind_direction_10m&models=era5&wind_speed_unit=ms&cell_selection=nearest,ok,1c4f8ae3d01783cb767e93ad6cb802e2721fdc0a4ffe1ddbd2b428a4b3eaa741,2899,2026-09-26T08:39:57.117958+00:00
S1:46.4,wave,data/external/metocean/wave_9a6caa5d9ccdb61eb56a0377.json,https://marine-api.open-meteo.com/v1/marine?latitude=30.999525&longitude=-140.084&start_date=2015-08-05&end_date=2015-08-08&timezone=UTC&hourly=wave_height%2Cwave_direction%2Cwave_period&models=era5_ocean&cell_selection=sea,ok,f9649594afed6606c5f870c18c51c252470bece19d26534198d2fcc0539fe788,3408,2026-09-26T08:39:57.369185+00:00
S1:46.4,current,data/external/metocean/current_69bd5ba0f9a4642351a8e391.nc,https://ncss.hycom.org/thredds/ncss/GLBv0.08/expt_53.X/data/2015?var=water_u&var=water_v&north=31.080524999999998&south=30.918525&west=-140.165&east=-140.00300000000001&time_start=2015-08-05T00%3A00%3A00Z&time_end=2015-08-08T23%3A59%3A59Z&vertCoord=0&accept=netcdf&disableProjSubset=on,ok,9996c8971902e5026d23d83a7f7878081b5aa39acdf95b02283688272f9bc3a0,4580,2026-09-26T08:39:57.665837+00:00
S1:44.3,wind,data/external/metocean/wind_c91f55c08e60168acda95ee9.json,https://archive-api.open-meteo.com/v1/archive?latitude=30.99631&longitude=-139.0275335&start_date=2015-08-05&end_date=2015-08-08&timezone=UTC&hourly=wind_speed_10m%2Cwind_direction_10m&models=era5&wind_speed_unit=ms&cell_selection=nearest,ok,afaf28e6ee0e7d4f5c4dfb47cc8560de5b26a1b9d71a21fc89abd281213e7860,2899,2026-09-26T08:39:57.615132+00:00
S1:44.3,wave,data/external/metocean/wave_ee95916631211b66b98e24d7.json,https://marine-api.open-meteo.com/v1/marine?latitude=30.99631&longitude=-139.0275335&start_date=2015-08-05&end_date=2015-08-08&timezone=UTC&hourly=wave_height%2Cwave_direction%2Cwave_period&models=era5_ocean&cell_selection=sea,ok,631b3d2b4ec7dd9c3ecea737455cf02be1f68a59de4358427e0ded145da3084a,3403,2026-09-26T08:39:57.875734+00:00
S1:44.3,current,data/external/metocean/current_d7ab6b814b50b68aeff214c7.nc,https://ncss.hycom.org/thredds/ncss/GLBv0.08/expt_53.X/data/2015?var=water_u&var=water_v&north=31.07731&south=30.91531&west=-139.1085335&east=-138.94653350000002&time_start=2015-08-05T00%3A00%3A00Z&time_end=2015-08-08T23%3A59%3A59Z&vertCoord=0&accept=netcdf&disableProjSubset=on,ok,adb70de38a0e005df1c2783d58b8594790ba14fec7c35775c8441a0cc9bcb627,4204,2026-09-26T08:39:58.247777+00:00
S1:46.3,wind,data/external/metocean/wind_901a5f89fb7fa0d0af7df367.json,https://archive-api.open-meteo.com/v1/archive?latitude=30.99986&longitude=-140.0808415&start_date=2015-08-05&end_date=2015-08-08&timezone=UTC&hourly=wind_speed_10m%2Cwind_direction_10m&models=era5&wind_speed_unit=ms&cell_selection=nearest,ok,56f63c68df9ca5702b5271caab7a1846bb1730691f96e185b3a43b5c3c925a6e,2899,2026-09-26T08:39:57.982031+00:00
S1:46.3,wave,data/external/metocean/wave_38ffdb0d26373180317a2443.json,https://marine-api.open-meteo.com/v1/marine?latitude=30.99986&longitude=-140.0808415&start_date=2015-08-05&end_date=2015-08-08&timezone=UTC&hourly=wave_height%2Cwave_direction%2Cwave_period&models=era5_ocean&cell_selection=sea,ok,3f1e7ff8b8d26a60996058aad3d6635399d3c9de2a27387f4994b0d4b14c72f4,3408,2026-09-26T08:39:58.051778+00:00
S1:46.3,current,data/external/metocean/current_66b3cc637a67bec88866675c.nc,https://ncss.hycom.org/thredds/ncss/GLBv0.08/expt_53.X/data/2015?var=water_u&var=water_v&north=31.08086&south=30.918860000000002&west=-140.16184149999998&east=-139.9998415&time_start=2015-08-05T00%3A00%3A00Z&time_end=2015-08-08T23%3A59%3A59Z&vertCoord=0&accept=netcdf&disableProjSubset=on,ok,3d4b28402e519e8d5d566ab4f63a75e219a983624f131a336a19873d113f76c6,4580,2026-09-26T08:39:58.421305+00:00
S1:48.4,wind,data/external/metocean/wind_f2e04a7b9ac9e060b3b2c3d6.json,https://archive-api.open-meteo.com/v1/archive?latitude=30.97485&longitude=-141.2498415&start_date=2015-08-06&end_date=2015-08-09&timezone=UTC&hourly=wind_speed_10m%2Cwind_direction_10m&models=era5&wind_speed_unit=ms&cell_selection=nearest,ok,690d99339855478cc67ed2b78705a314c8e5a30c30936da301e79ef2d8d7460e,2908,2026-09-26T08:39:58.223149+00:00
S1:48.4,wave,data/external/metocean/wave_5db34d687d315ddf3ac0e728.json,https://marine-api.open-meteo.com/v1/marine?latitude=30.97485&longitude=-141.2498415&start_date=2015-08-06&end_date=2015-08-09&timezone=UTC&hourly=wave_height%2Cwave_direction%2Cwave_period&models=era5_ocean&cell_selection=sea,ok,1856a461e58acf93ac05b6c7ff0a4c3ba32dfb054791ad53278e24bcad48829d,3426,2026-09-26T08:39:58.304439+00:00
S1:48.4,current,data/external/metocean/current_b7b54c8d823101e543064b0e.nc,https://ncss.hycom.org/thredds/ncss/GLBv0.08/expt_53.X/data/2015?var=water_u&var=water_v&north=31.05585&south=30.89385&west=-141.3308415&east=-141.1688415&time_start=2015-08-06T00%3A00%3A00Z&time_end=2015-08-09T23%3A59%3A59Z&vertCoord=0&accept=netcdf&disableProjSubset=on,ok,9dcf400e8b231a30977cad9df68952b8b143dcc3ecf126b065543881b8a976de,4204,2026-09-26T08:40:01.454286+00:00
S1:48.3,wind,data/external/metocean/wind_ff82063be2b841d32dbc475e.json,https://archive-api.open-meteo.com/v1/archive?latitude=30.97391&longitude=-141.2490585&start_date=2015-08-06&end_date=2015-08-09&timezone=UTC&hourly=wind_speed_10m%2Cwind_direction_10m&models=era5&wind_speed_unit=ms&cell_selection=nearest,ok,ed77e5bd33887407bbb87ec3f396a12dc96f832526d74ea1f3a31904dce37f1b,2908,2026-09-26T08:39:58.501525+00:00
S1:48.3,wave,data/external/metocean/wave_0be6f5a99669396cac76916f.json,https://marine-api.open-meteo.com/v1/marine?latitude=30.97391&longitude=-141.2490585&start_date=2015-08-06&end_date=2015-08-09&timezone=UTC&hourly=wave_height%2Cwave_direction%2Cwave_period&models=era5_ocean&cell_selection=sea,ok,7c121521fb9dfcab03a4540dc39f26f65dd10d5c96661f261403def9c810c9c4,3425,2026-09-26T08:39:58.558026+00:00
S1:48.3,current,data/external/metocean/current_bcb082fde227fa9def6c3e8f.nc,https://ncss.hycom.org/thredds/ncss/GLBv0.08/expt_53.X/data/2015?var=water_u&var=water_v&north=31.05491&south=30.89291&west=-141.33005849999998&east=-141.1680585&time_start=2015-08-06T00%3A00%3A00Z&time_end=2015-08-09T23%3A59%3A59Z&vertCoord=0&accept=netcdf&disableProjSubset=on,ok,f3a026c38ca36f9a3121799225b58e08909473b38001080da1e6449bb439fefe,4204,2026-09-26T08:40:01.454905+00:00
S1:51.3,wind,data/external/metocean/wind_22c9fdbcc2022d4692ead8b0.json,https://archive-api.open-meteo.com/v1/archive?latitude=30.9897265&longitude=-142.8742845&start_date=2015-08-06&end_date=2015-08-09&timezone=UTC&hourly=wind_speed_10m%2Cwind_direction_10m&models=era5&wind_speed_unit=ms&cell_selection=nearest,ok,2e81be7304c9477f6c79ce09e34f6f8d69c82eb79e0c30b9a5222f35e2a61d0c,2908,2026-09-26T08:39:58.748060+00:00
S1:51.3,wave,data/external/metocean/wave_675bfa7f5cd54b98c126e736.json,https://marine-api.open-meteo.com/v1/marine?latitude=30.9897265&longitude=-142.8742845&start_date=2015-08-06&end_date=2015-08-09&timezone=UTC&hourly=wave_height%2Cwave_direction%2Cwave_period&models=era5_ocean&cell_selection=sea,ok,7e89a981dea57d5c34749ab0b9e767e8c4fdf858a7158d41be64bf87d96fbc64,3460,2026-09-26T08:39:58.810555+00:00
S1:51.3,current,data/external/metocean/current_668ae0f9832f69997c6f7ee3.nc,https://ncss.hycom.org/thredds/ncss/GLBv0.08/expt_53.X/data/2015?var=water_u&var=water_v&north=31.0707265&south=30.9087265&west=-142.95528449999998&east=-142.7932845&time_start=2015-08-06T00%3A00%3A00Z&time_end=2015-08-09T23%3A59%3A59Z&vertCoord=0&accept=netcdf&disableProjSubset=on,ok,e08f3f49a7bca530b79044090e44729199530f5795fbf45c532d614b524257c4,4204,2026-09-26T08:40:01.455018+00:00
S1:49.3,wind,data/external/metocean/wind_e2a53e4e810e4704d5afff47.json,https://archive-api.open-meteo.com/v1/archive?latitude=30.991625&longitude=-141.8085085&start_date=2015-08-06&end_date=2015-08-09&timezone=UTC&hourly=wind_speed_10m%2Cwind_direction_10m&models=era5&wind_speed_unit=ms&cell_selection=nearest,ok,f4cb15dd7d278a57f402514dc6e9172a9f183441b8c94c740708f7f00b811d06,2906,2026-09-26T08:39:59.050748+00:00
S1:49.3,wave,data/external/metocean/wave_07751f1bb990fd145a97ddf6.json,https://marine-api.open-meteo.com/v1/marine?latitude=30.991625&longitude=-141.8085085&start_date=2015-08-06&end_date=2015-08-09&timezone=UTC&hourly=wave_height%2Cwave_direction%2Cwave_period&models=era5_ocean&cell_selection=sea,ok,18ef028f4651f2a8704f5c53bcaef302a4ecf675385fac736e7648ee8b20d062,3447,2026-09-26T08:39:59.313283+00:00
S1:49.3,current,data/external/metocean/current_c1a27f63c3004c6a187ef09c.nc,https://ncss.hycom.org/thredds/ncss/GLBv0.08/expt_53.X/data/2015?var=water_u&var=water_v&north=31.072625&south=30.910625&west=-141.88950849999998&east=-141.7275085&time_start=2015-08-06T00%3A00%3A00Z&time_end=2015-08-09T23%3A59%3A59Z&vertCoord=0&accept=netcdf&disableProjSubset=on,ok,e787b95c4ef58e85a1f2cb7a3849ac56e84d260e883088d6f500d26760fd37e6,4204,2026-09-26T08:40:01.454568+00:00
S1:49.4,wind,data/external/metocean/wind_e71d914ed4c96179c1ea4419.json,https://archive-api.open-meteo.com/v1/archive?latitude=30.994&longitude=-141.809975&start_date=2015-08-06&end_date=2015-08-09&timezone=UTC&hourly=wind_speed_10m%2Cwind_direction_10m&models=era5&wind_speed_unit=ms&cell_selection=nearest,ok,34bb8a3a8152a5ea5a95adce138251075a22679b58b02256400ebadeda07624f,2907,2026-09-26T08:40:02.166928+00:00
S1:49.4,wave,data/external/metocean/wave_372a3a46dc917a9432c3bd4a.json,https://marine-api.open-meteo.com/v1/marine?latitude=30.994&longitude=-141.809975&start_date=2015-08-06&end_date=2015-08-09&timezone=UTC&hourly=wave_height%2Cwave_direction%2Cwave_period&models=era5_ocean&cell_selection=sea,ok,30a85c5566abf9fc9504e51cb530eeceb92ecdc5ffee8896698aa1f42f5dfebe,3447,2026-09-26T08:40:02.167019+00:00
S1:49.4,current,data/external/metocean/current_a9231632e7853c4085a6f659.nc,https://ncss.hycom.org/thredds/ncss/GLBv0.08/expt_53.X/data/2015?var=water_u&var=water_v&north=31.075&south=30.913&west=-141.890975&east=-141.72897500000002&time_start=2015-08-06T00%3A00%3A00Z&time_end=2015-08-09T23%3A59%3A59Z&vertCoord=0&accept=netcdf&disableProjSubset=on,ok,204a88e4623b534a28eca5139f792a7f7e905dbedd137a1802a1c0bbdc02895f,4204,2026-09-26T08:40:02.454284+00:00
S1:51.4,wind,data/external/metocean/wind_cf6f0d615d179d37125e0c06.json,https://archive-api.open-meteo.com/v1/archive?latitude=30.9950975&longitude=-142.875435&start_date=2015-08-06&end_date=2015-08-09&timezone=UTC&hourly=wind_speed_10m%2Cwind_direction_10m&models=era5&wind_speed_unit=ms&cell_selection=nearest,ok,5fa2a0974931519535d18a8fa89ffe6c19ab2f7c12729e71e69eeda3ae3d54e0,2904,2026-09-26T08:40:02.166722+00:00
S1:51.4,wave,data/external/metocean/wave_3651fab6cd76e6fc77368d87.json,https://marine-api.open-meteo.com/v1/marine?latitude=30.9950975&longitude=-142.875435&start_date=2015-08-06&end_date=2015-08-09&timezone=UTC&hourly=wave_height%2Cwave_direction%2Cwave_period&models=era5_ocean&cell_selection=sea,ok,e3e8962fc6eced818b2117391925f48de7c8e2d99363ae7dc7a02fd657333788,3459,2026-09-26T08:40:02.559973+00:00
S1:51.4,current,data/external/metocean/current_dbb4d34b76ec4bb7e58104c3.nc,https://ncss.hycom.org/thredds/ncss/GLBv0.08/expt_53.X/data/2015?var=water_u&var=water_v&north=31.0760975&south=30.9140975&west=-142.956435&east=-142.79443500000002&time_start=2015-08-06T00%3A00%3A00Z&time_end=2015-08-09T23%3A59%3A59Z&vertCoord=0&accept=netcdf&disableProjSubset=on,ok,15358a8572d5e74dddff8fea9cd7426b833c91aa2dac430d2fba06b34cbc44a7,4204,2026-09-26T08:40:02.748168+00:00
S1:50.3,wind,data/external/metocean/wind_f51b2a29036dfafe23c7091e.json,https://archive-api.open-meteo.com/v1/archive?latitude=30.996965&longitude=-142.37745&start_date=2015-08-06&end_date=2015-08-09&timezone=UTC&hourly=wind_speed_10m%2Cwind_direction_10m&models=era5&wind_speed_unit=ms&cell_selection=nearest,ok,f8aba3f1c983ee8a2123d9c61fb061e7ddacd7d89e8ad74e9a1575ab94765563,2906,2026-09-26T08:40:02.544212+00:00
S1:50.3,wave,data/external/metocean/wave_05cc45dc86179a79cc832c4c.json,https://marine-api.open-meteo.com/v1/marine?latitude=30.996965&longitude=-142.37745&start_date=2015-08-06&end_date=2015-08-09&timezone=UTC&hourly=wave_height%2Cwave_direction%2Cwave_period&models=era5_ocean&cell_selection=sea,ok,d564d8af49dab377f27bb7e55731050d15778cb9322b9d71221f49c9582f4575,3453,2026-09-26T08:40:02.758500+00:00
S1:50.3,current,data/external/metocean/current_4abe85d2e28e206a77feda9d.nc,https://ncss.hycom.org/thredds/ncss/GLBv0.08/expt_53.X/data/2015?var=water_u&var=water_v&north=31.077965&south=30.915965&west=-142.45845&east=-142.29645000000002&time_start=2015-08-06T00%3A00%3A00Z&time_end=2015-08-09T23%3A59%3A59Z&vertCoord=0&accept=netcdf&disableProjSubset=on,ok,153a87b68b1c93dfd52d8508106d12265855d2016c9133553a3306a97cbd4f29,4204,2026-09-26T08:40:03.129982+00:00
S1:50.4,wind,data/external/metocean/wind_fcd2d525c0c7998059aa8ca4.json,https://archive-api.open-meteo.com/v1/archive?latitude=30.995315&longitude=-142.3763085&start_date=2015-08-06&end_date=2015-08-09&timezone=UTC&hourly=wind_speed_10m%2Cwind_direction_10m&models=era5&wind_speed_unit=ms&cell_selection=nearest,ok,586a4bc83571e1b820356959217ae84a72be7e11679f51733ff470e844511a74,2905,2026-09-26T08:40:02.850342+00:00
S1:50.4,wave,data/external/metocean/wave_66dcd364cb862fe5415489b3.json,https://marine-api.open-meteo.com/v1/marine?latitude=30.995315&longitude=-142.3763085&start_date=2015-08-06&end_date=2015-08-09&timezone=UTC&hourly=wave_height%2Cwave_direction%2Cwave_period&models=era5_ocean&cell_selection=sea,ok,3dbcc3d01584ab60143c3cad56ea4cb3254d3318f4a6d91d046d2a627b7cae54,3453,2026-09-26T08:40:03.035908+00:00
S1:50.4,current,data/external/metocean/current_51a4afce6df29f1a9d7abd21.nc,https://ncss.hycom.org/thredds/ncss/GLBv0.08/expt_53.X/data/2015?var=water_u&var=water_v&north=31.076315&south=30.914315000000002&west=-142.45730849999998&east=-142.2953085&time_start=2015-08-06T00%3A00%3A00Z&time_end=2015-08-09T23%3A59%3A59Z&vertCoord=0&accept=netcdf&disableProjSubset=on,ok,c9e7e1a3221ef7f214202f9780bc3eb7f9aa89a23e3aebc22bcc00e1afca6cd0,4204,2026-09-26T08:40:03.346699+00:00
S1:52.3,wind,data/external/metocean/wind_9ff67d9590dea8b96c90d9c5.json,https://archive-api.open-meteo.com/v1/archive?latitude=31.00401&longitude=-143.3006915&start_date=2015-08-07&end_date=2015-08-10&timezone=UTC&hourly=wind_speed_10m%2Cwind_direction_10m&models=era5&wind_speed_unit=ms&cell_selection=nearest,ok,64a525a1a7cfc2d5eb2c2fe74b1a68abe3cdc7988adb34cd3945ad940bfe2800,2920,2026-09-26T08:40:03.121106+00:00
S1:52.3,wave,data/external/metocean/wave_f3ef5a36bffaaf3e051516fe.json,https://marine-api.open-meteo.com/v1/marine?latitude=31.00401&longitude=-143.3006915&start_date=2015-08-07&end_date=2015-08-10&timezone=UTC&hourly=wave_height%2Cwave_direction%2Cwave_period&models=era5_ocean&cell_selection=sea,ok,799abb7ef2a183b08623c1e55e941654248657d7d6168f8d26912ba6f9211b97,3487,2026-09-26T08:40:03.305063+00:00
S1:52.3,current,data/external/metocean/current_d3698158456975b21fbe9ff1.nc,https://ncss.hycom.org/thredds/ncss/GLBv0.08/expt_53.X/data/2015?var=water_u&var=water_v&north=31.08501&south=30.92301&west=-143.3816915&east=-143.2196915&time_start=2015-08-07T00%3A00%3A00Z&time_end=2015-08-10T23%3A59%3A59Z&vertCoord=0&accept=netcdf&disableProjSubset=on,ok,160b25c90663845c09f7bd72ac9ed4a47ad0543b0a328fdb0e06a73533914650,4156,2026-09-26T08:40:05.085289+00:00
S1:53.4,wind,data/external/metocean/wind_870ccf62a1ba26967df1e32e.json,https://archive-api.open-meteo.com/v1/archive?latitude=31.01014&longitude=-143.8406&start_date=2015-08-07&end_date=2015-08-10&timezone=UTC&hourly=wind_speed_10m%2Cwind_direction_10m&models=era5&wind_speed_unit=ms&cell_selection=nearest,ok,6859dc50d05d0caa3979d48b6ddbc6e1e52c16cd1cbc427e204ab325a7f97910,2920,2026-09-26T08:40:03.371173+00:00
S1:53.4,wave,data/external/metocean/wave_b21d07a904d7239de05ad36d.json,https://marine-api.open-meteo.com/v1/marine?latitude=31.01014&longitude=-143.8406&start_date=2015-08-07&end_date=2015-08-10&timezone=UTC&hourly=wave_height%2Cwave_direction%2Cwave_period&models=era5_ocean&cell_selection=sea,ok,58cbacaf3462110d51bf1e7098c2586e36aa25f438dd91227996c6c336c9b41e,3490,2026-09-26T08:40:03.573370+00:00
S1:53.4,current,data/external/metocean/current_4caf8270d5db2ad392a9b9cb.nc,https://ncss.hycom.org/thredds/ncss/GLBv0.08/expt_53.X/data/2015?var=water_u&var=water_v&north=31.09114&south=30.92914&west=-143.92159999999998&east=-143.7596&time_start=2015-08-07T00%3A00%3A00Z&time_end=2015-08-10T23%3A59%3A59Z&vertCoord=0&accept=netcdf&disableProjSubset=on,ok,bab276fb70b7e6b8e462c45e3f4a395da2141e9a740c55eff993446301f54bf5,4156,2026-09-26T08:40:05.084934+00:00
S1:53.3,wind,data/external/metocean/wind_f992a32be625eb3e401aade9.json,https://archive-api.open-meteo.com/v1/archive?latitude=31.00916&longitude=-143.842775&start_date=2015-08-07&end_date=2015-08-10&timezone=UTC&hourly=wind_speed_10m%2Cwind_direction_10m&models=era5&wind_speed_unit=ms&cell_selection=nearest,ok,991af59d01c555be4d169052c0276ee8584bbd7c41b1c0960c5aa42d3661b46d,2921,2026-09-26T08:40:03.621679+00:00
S1:53.3,wave,data/external/metocean/wave_2e17d20437bb4fb4b3cd62df.json,https://marine-api.open-meteo.com/v1/marine?latitude=31.00916&longitude=-143.842775&start_date=2015-08-07&end_date=2015-08-10&timezone=UTC&hourly=wave_height%2Cwave_direction%2Cwave_period&models=era5_ocean&cell_selection=sea,ok,50939d5fea9086c19ff26689273df51803cc3ce6bd80ba5bd4bea9c5d993f091,3490,2026-09-26T08:40:03.823004+00:00
S1:53.3,current,data/external/metocean/current_1c7b7cbcc8e35531a2219bd8.nc,https://ncss.hycom.org/thredds/ncss/GLBv0.08/expt_53.X/data/2015?var=water_u&var=water_v&north=31.09016&south=30.928160000000002&west=-143.92377499999998&east=-143.761775&time_start=2015-08-07T00%3A00%3A00Z&time_end=2015-08-10T23%3A59%3A59Z&vertCoord=0&accept=netcdf&disableProjSubset=on,ok,cfef729263ade9cd8577233b66b85b8b1f7e865eb0c55b5a9ab2683ffedfbde4,4156,2026-09-26T08:40:05.105926+00:00
S1:52.4,wind,data/external/metocean/wind_b6c7efad2cd77256f04dce1a.json,https://archive-api.open-meteo.com/v1/archive?latitude=31.00771&longitude=-143.2989915&start_date=2015-08-07&end_date=2015-08-10&timezone=UTC&hourly=wind_speed_10m%2Cwind_direction_10m&models=era5&wind_speed_unit=ms&cell_selection=nearest,ok,6c23ea7f439947cf972d1cfc3ca1dda6b05b836b58b0c3af7212fbdd23751042,2920,2026-09-26T08:40:04.066340+00:00
S1:52.4,wave,data/external/metocean/wave_1cb56246167f85a060b4d489.json,https://marine-api.open-meteo.com/v1/marine?latitude=31.00771&longitude=-143.2989915&start_date=2015-08-07&end_date=2015-08-10&timezone=UTC&hourly=wave_height%2Cwave_direction%2Cwave_period&models=era5_ocean&cell_selection=sea,ok,0da36971958d55fc6db833a9093ce3529a4c9213764011e02a3de42662d134a0,3487,2026-09-26T08:40:04.328089+00:00
S1:52.4,current,data/external/metocean/current_c19455760d9719980b584f2a.nc,https://ncss.hycom.org/thredds/ncss/GLBv0.08/expt_53.X/data/2015?var=water_u&var=water_v&north=31.08871&south=30.92671&west=-143.3799915&east=-143.2179915&time_start=2015-08-07T00%3A00%3A00Z&time_end=2015-08-10T23%3A59%3A59Z&vertCoord=0&accept=netcdf&disableProjSubset=on,ok,56e3925809854f5fe56a2663134f6a92c0512dbbc7e2fb46fba8dac109f4b494,4156,2026-09-26T08:40:05.105103+00:00
S1:54.4,wind,data/external/metocean/wind_984e0c4260cdeb6159c395a3.json,https://archive-api.open-meteo.com/v1/archive?latitude=32.023415&longitude=-143.6277915&start_date=2015-08-07&end_date=2015-08-10&timezone=UTC&hourly=wind_speed_10m%2Cwind_direction_10m&models=era5&wind_speed_unit=ms&cell_selection=nearest,ok,a298f30b52b75b23eec771fd11b0420ad3ad9c2a36cf8f8e7697cff448915cdb,2920,2026-09-26T08:40:05.351570+00:00
S1:54.4,wave,data/external/metocean/wave_b4aa1ba2131b9a6dfb1ef079.json,https://marine-api.open-meteo.com/v1/marine?latitude=32.023415&longitude=-143.6277915&start_date=2015-08-07&end_date=2015-08-10&timezone=UTC&hourly=wave_height%2Cwave_direction%2Cwave_period&models=era5_ocean&cell_selection=sea,ok,52356d8a6fe0dff34b348cc2c6048da3ca8ee2c6b7c873bd6aedc9ffc64d39d4,3479,2026-09-26T08:40:05.374686+00:00
S1:54.4,current,data/external/metocean/current_9cb19b48a7fd8510f651bb19.nc,https://ncss.hycom.org/thredds/ncss/GLBv0.08/expt_53.X/data/2015?var=water_u&var=water_v&north=32.104415&south=31.942415&west=-143.7087915&east=-143.5467915&time_start=2015-08-07T00%3A00%3A00Z&time_end=2015-08-10T23%3A59%3A59Z&vertCoord=0&accept=netcdf&disableProjSubset=on,ok,291c9745d65a764a78cd3887ab1437c95bd5db6df0a1fbcf25a98fbe5488f54d,4156,2026-09-26T08:40:05.838277+00:00
S1:54.3,wind,data/external/metocean/wind_22853c3fb014efb4aaf76cc7.json,https://archive-api.open-meteo.com/v1/archive?latitude=32.028835&longitude=-143.6377665&start_date=2015-08-07&end_date=2015-08-10&timezone=UTC&hourly=wind_speed_10m%2Cwind_direction_10m&models=era5&wind_speed_unit=ms&cell_selection=nearest,ok,134e8d35cfd7de6b38ccb320708e8b48610bbd7ff3af53c38ce4719e0b33f794,2920,2026-09-26T08:40:05.359883+00:00
S1:54.3,wave,data/external/metocean/wave_d80e0ce61916b1de534f5cc3.json,https://marine-api.open-meteo.com/v1/marine?latitude=32.028835&longitude=-143.6377665&start_date=2015-08-07&end_date=2015-08-10&timezone=UTC&hourly=wave_height%2Cwave_direction%2Cwave_period&models=era5_ocean&cell_selection=sea,ok,7aa4ae7749a972df043d78dd3c55ab40f562099e7cd880c2d9b63cbd7e981383,3479,2026-09-26T08:40:05.755947+00:00
S1:54.3,current,data/external/metocean/current_64269c53d8d75ef6b11f0632.nc,https://ncss.hycom.org/thredds/ncss/GLBv0.08/expt_53.X/data/2015?var=water_u&var=water_v&north=32.109835000000004&south=31.947835&west=-143.7187665&east=-143.5567665&time_start=2015-08-07T00%3A00%3A00Z&time_end=2015-08-10T23%3A59%3A59Z&vertCoord=0&accept=netcdf&disableProjSubset=on,ok,139da44049da390c67ddb6de732a1709ae30b660877bcb1c81689afd300aa204,4156,2026-09-26T08:40:06.020154+00:00
S1:58.4,wind,data/external/metocean/wind_530709ea9bd0811d9a8aef4b.json,https://archive-api.open-meteo.com/v1/archive?latitude=32.01739&longitude=-141.4973835&start_date=2015-08-08&end_date=2015-08-11&timezone=UTC&hourly=wind_speed_10m%2Cwind_direction_10m&models=era5&wind_speed_unit=ms&cell_selection=nearest,ok,2f25004d42ea1880af7e49e1ea8fb02c993d5cd695ad3a80dd6c0069976f88f1,2919,2026-09-26T08:40:05.766584+00:00
S1:58.4,wave,data/external/metocean/wave_9f9fe1124a2746da12e17704.json,https://marine-api.open-meteo.com/v1/marine?latitude=32.01739&longitude=-141.4973835&start_date=2015-08-08&end_date=2015-08-11&timezone=UTC&hourly=wave_height%2Cwave_direction%2Cwave_period&models=era5_ocean&cell_selection=sea,ok,b66b80802efb7f463de241d2b4ea9ee8d81b8b9121c5c22ed32e480444283438,3459,2026-09-26T08:40:06.089173+00:00
S1:58.4,current,data/external/metocean/current_21a3e384b66fdc8f5b4bf983.nc,https://ncss.hycom.org/thredds/ncss/GLBv0.08/expt_53.X/data/2015?var=water_u&var=water_v&north=32.09839&south=31.93639&west=-141.5783835&east=-141.41638350000002&time_start=2015-08-08T00%3A00%3A00Z&time_end=2015-08-11T23%3A59%3A59Z&vertCoord=0&accept=netcdf&disableProjSubset=on,ok,8b33494e1bc820ff9e19fe9f764d6fda97024887dd126960af09b645b47321ae,4204,2026-09-26T08:40:08.262551+00:00
S1:58.3,wind,data/external/metocean/wind_9120c7bd4aba35b8a1696d3e.json,https://archive-api.open-meteo.com/v1/archive?latitude=32.01814&longitude=-141.497875&start_date=2015-08-08&end_date=2015-08-11&timezone=UTC&hourly=wind_speed_10m%2Cwind_direction_10m&models=era5&wind_speed_unit=ms&cell_selection=nearest,ok,0128dbbdd391580338878c2548bca493e50f764b11888dbf3c97afcb499b1857,2920,2026-09-26T08:40:06.150424+00:00
S1:58.3,wave,data/external/metocean/wave_65007fc1a114b0bc12945ab3.json,https://marine-api.open-meteo.com/v1/marine?latitude=32.01814&longitude=-141.497875&start_date=2015-08-08&end_date=2015-08-11&timezone=UTC&hourly=wave_height%2Cwave_direction%2Cwave_period&models=era5_ocean&cell_selection=sea,ok,dd0285583fd0f70607178cb1fbf24c76b661f2a7ad3576dfbd1a86785b072148,3459,2026-09-26T08:40:06.316083+00:00
S1:58.3,current,data/external/metocean/current_0454650c37a9ed67070279a6.nc,https://ncss.hycom.org/thredds/ncss/GLBv0.08/expt_53.X/data/2015?var=water_u&var=water_v&north=32.099140000000006&south=31.937140000000003&west=-141.57887499999998&east=-141.416875&time_start=2015-08-08T00%3A00%3A00Z&time_end=2015-08-11T23%3A59%3A59Z&vertCoord=0&accept=netcdf&disableProjSubset=on,ok,07db435c3e0db0728f0c5777b72f9031f19a490c8534c51a5cf89399d4be4fd7,4204,2026-09-26T08:40:08.260847+00:00
S1:57.4,wind,data/external/metocean/wind_7dc8700aed8acf0bc2e455fd.json,https://archive-api.open-meteo.com/v1/archive?latitude=32.003635&longitude=-142.0377085&start_date=2015-08-08&end_date=2015-08-11&timezone=UTC&hourly=wind_speed_10m%2Cwind_direction_10m&models=era5&wind_speed_unit=ms&cell_selection=nearest,ok,2c5afc5a3c692abe2a2f68b43e2bdcdc51ab0fc1f46c5e0177c6057863d2978b,2920,2026-09-26T08:40:06.396740+00:00
S1:57.4,wave,data/external/metocean/wave_5475c9d84883bdfeed7f2806.json,https://marine-api.open-meteo.com/v1/marine?latitude=32.003635&longitude=-142.0377085&start_date=2015-08-08&end_date=2015-08-11&timezone=UTC&hourly=wave_height%2Cwave_direction%2Cwave_period&models=era5_ocean&cell_selection=sea,ok,14b3643fe1a9149b40ebc44fbbe39987d8160289237e34be4efd9b7481915426,3460,2026-09-26T08:40:06.580097+00:00
S1:57.4,current,data/external/metocean/current_ecfc2594d52d5e9ccf067bbb.nc,https://ncss.hycom.org/thredds/ncss/GLBv0.08/expt_53.X/data/2015?var=water_u&var=water_v&north=32.084635000000006&south=31.922635000000003&west=-142.1187085&east=-141.95670850000002&time_start=2015-08-08T00%3A00%3A00Z&time_end=2015-08-11T23%3A59%3A59Z&vertCoord=0&accept=netcdf&disableProjSubset=on,ok,d4fb8cbb2349af9692ec4e410763fa938832f92f56558eb489171fc4b683971b,4204,2026-09-26T08:40:08.262871+00:00
S1:56.3,wind,data/external/metocean/wind_d7ac370995a4b16fdb7c31bf.json,https://archive-api.open-meteo.com/v1/archive?latitude=32.004615&longitude=-142.5758085&start_date=2015-08-08&end_date=2015-08-11&timezone=UTC&hourly=wind_speed_10m%2Cwind_direction_10m&models=era5&wind_speed_unit=ms&cell_selection=nearest,ok,25f6990b55ee35db12299c69509271bcda2999475d68242e3b2a21c750118cb4,2918,2026-09-26T08:40:06.832650+00:00
S1:56.3,wave,data/external/metocean/wave_f550a50afb0d7a425212a222.json,https://marine-api.open-meteo.com/v1/marine?latitude=32.004615&longitude=-142.5758085&start_date=2015-08-08&end_date=2015-08-11&timezone=UTC&hourly=wave_height%2Cwave_direction%2Cwave_period&models=era5_ocean&cell_selection=sea,ok,f33acc753ee74888d07b53b35e5ac9ec3dec4100005e3c0606cccc96df468edc,3460,2026-09-26T08:40:07.106134+00:00
S1:56.3,current,data/external/metocean/current_f5e5991f9ea95f75dfd0f37b.nc,https://ncss.hycom.org/thredds/ncss/GLBv0.08/expt_53.X/data/2015?var=water_u&var=water_v&north=32.085615000000004&south=31.923615&west=-142.65680849999998&east=-142.4948085&time_start=2015-08-08T00%3A00%3A00Z&time_end=2015-08-11T23%3A59%3A59Z&vertCoord=0&accept=netcdf&disableProjSubset=on,ok,bdc741914444c41e9b0d96b3743d27630c5a7143f52a6791a3a3b97333b47cb0,4204,2026-09-26T08:40:08.259628+00:00
S1:55.3,wind,data/external/metocean/wind_15655840469100260664f041.json,https://archive-api.open-meteo.com/v1/archive?latitude=32.00919&longitude=-143.1054165&start_date=2015-08-08&end_date=2015-08-11&timezone=UTC&hourly=wind_speed_10m%2Cwind_direction_10m&models=era5&wind_speed_unit=ms&cell_selection=nearest,ok,77445e6e769995fd1df94de2f8290a2626195594fac3f6e5e03d36cfcb6cb45e,2921,2026-09-26T08:40:08.503455+00:00
S1:55.3,wave,data/external/metocean/wave_5955912d1618ab7bc994cb95.json,https://marine-api.open-meteo.com/v1/marine?latitude=32.00919&longitude=-143.1054165&start_date=2015-08-08&end_date=2015-08-11&timezone=UTC&hourly=wave_height%2Cwave_direction%2Cwave_period&models=era5_ocean&cell_selection=sea,ok,836c529b0dbe0df0a423a9740881e6e2b2971cf47ca7cc9248a5f27c879a4fa0,3460,2026-09-26T08:40:08.527049+00:00
S1:55.3,current,data/external/metocean/current_0bda6ce273c2336a02bc8303.nc,https://ncss.hycom.org/thredds/ncss/GLBv0.08/expt_53.X/data/2015?var=water_u&var=water_v&north=32.09019&south=31.928189999999997&west=-143.18641649999998&east=-143.0244165&time_start=2015-08-08T00%3A00%3A00Z&time_end=2015-08-11T23%3A59%3A59Z&vertCoord=0&accept=netcdf&disableProjSubset=on,ok,79cf6048368802b4263e55787b7702edc7cc3dc4f020b82faeb6c912923f1749,4204,2026-09-26T08:40:08.810089+00:00
S1:57.3,wind,data/external/metocean/wind_2b41c0c2c970bf447e7d97b0.json,https://archive-api.open-meteo.com/v1/archive?latitude=32.005335&longitude=-142.0441585&start_date=2015-08-08&end_date=2015-08-11&timezone=UTC&hourly=wind_speed_10m%2Cwind_direction_10m&models=era5&wind_speed_unit=ms&cell_selection=nearest,ok,4d43c9fffa7cd6fff3acfdfc99f3ec6857ff6232884b8653b5f5cd502654913e,2921,2026-09-26T08:40:08.506493+00:00
S1:57.3,wave,data/external/metocean/wave_9c609308573e9b9dcfa38b3f.json,https://marine-api.open-meteo.com/v1/marine?latitude=32.005335&longitude=-142.0441585&start_date=2015-08-08&end_date=2015-08-11&timezone=UTC&hourly=wave_height%2Cwave_direction%2Cwave_period&models=era5_ocean&cell_selection=sea,ok,754ad5a631552ae400f9794d2b1093c5afd27a134ce0cb8971a7b14085e8b72a,3460,2026-09-26T08:40:08.776290+00:00
S1:57.3,current,data/external/metocean/current_cc54b9bf6ee8cb930004e4c0.nc,https://ncss.hycom.org/thredds/ncss/GLBv0.08/expt_53.X/data/2015?var=water_u&var=water_v&north=32.086335000000005&south=31.924335000000003&west=-142.1251585&east=-141.96315850000002&time_start=2015-08-08T00%3A00%3A00Z&time_end=2015-08-11T23%3A59%3A59Z&vertCoord=0&accept=netcdf&disableProjSubset=on,ok,a805724fd2f6efc022551a5f9a25ba6b3b5a2769bebcefc5c5ccac35462f5414,4204,2026-09-26T08:40:10.156567+00:00
S1:56.4,wind,data/external/metocean/wind_babfe0efff14d37ccc0bf2b3.json,https://archive-api.open-meteo.com/v1/archive?latitude=32.01915&longitude=-142.5771415&start_date=2015-08-08&end_date=2015-08-11&timezone=UTC&hourly=wind_speed_10m%2Cwind_direction_10m&models=era5&wind_speed_unit=ms&cell_selection=nearest,ok,82c00396101d0b1653df95154209a0fe4087b8fb4cf4aadd6c4631295e214f1f,2918,2026-09-26T08:40:08.776092+00:00
S1:56.4,wave,data/external/metocean/wave_8a637152226a66877832a12e.json,https://marine-api.open-meteo.com/v1/marine?latitude=32.01915&longitude=-142.5771415&start_date=2015-08-08&end_date=2015-08-11&timezone=UTC&hourly=wave_height%2Cwave_direction%2Cwave_period&models=era5_ocean&cell_selection=sea,ok,553e808ef2191d53fc6edbb531ce05bb8b78665b764140ae1d17e238097a67ae,3458,2026-09-26T08:40:09.051503+00:00
S1:56.4,current,data/external/metocean/current_b207ffe7d829da76c3666791.nc,https://ncss.hycom.org/thredds/ncss/GLBv0.08/expt_53.X/data/2015?var=water_u&var=water_v&north=32.100150000000006&south=31.938150000000004&west=-142.6581415&east=-142.49614150000002&time_start=2015-08-08T00%3A00%3A00Z&time_end=2015-08-11T23%3A59%3A59Z&vertCoord=0&accept=netcdf&disableProjSubset=on,ok,27c8040f6ae80f27faee3f817749f6e08bf9ba3b3645102b02ccfdb31d0053df,4204,2026-09-26T08:40:09.322671+00:00
S1:55.4,wind,data/external/metocean/wind_4caf883ca357becdb19285a2.json,https://archive-api.open-meteo.com/v1/archive?latitude=32.021825&longitude=-143.1047085&start_date=2015-08-08&end_date=2015-08-11&timezone=UTC&hourly=wind_speed_10m%2Cwind_direction_10m&models=era5&wind_speed_unit=ms&cell_selection=nearest,ok,a33774323f345adb5ebc03a11a1a680b43cd789ee863ab40f18b99527b8375ab,2921,2026-09-26T08:40:09.076029+00:00
S1:55.4,wave,data/external/metocean/wave_f90ee18dae5a26815911ea20.json,https://marine-api.open-meteo.com/v1/marine?latitude=32.021825&longitude=-143.1047085&start_date=2015-08-08&end_date=2015-08-11&timezone=UTC&hourly=wave_height%2Cwave_direction%2Cwave_period&models=era5_ocean&cell_selection=sea,ok,3321f42f4c89ae624d72f1f86dcf5ad725863407ccdd00a1557c946de4ce7f1e,3460,2026-09-26T08:40:09.315535+00:00
S1:55.4,current,data/external/metocean/current_4bc581856f7e39a27d890423.nc,https://ncss.hycom.org/thredds/ncss/GLBv0.08/expt_53.X/data/2015?var=water_u&var=water_v&north=32.102825&south=31.940825&west=-143.18570849999998&east=-143.0237085&time_start=2015-08-08T00%3A00%3A00Z&time_end=2015-08-11T23%3A59%3A59Z&vertCoord=0&accept=netcdf&disableProjSubset=on,ok,fb2a8495a78c92d4bcb5b40ec68b13e79450088b3f58735b1ca305db8db903e0,4204,2026-09-26T08:40:09.769685+00:00
S1:61.3,wind,data/external/metocean/wind_757544ce9308738f51a3117b.json,https://archive-api.open-meteo.com/v1/archive?latitude=31.99739&longitude=-139.8349335&start_date=2015-08-09&end_date=2015-08-12&timezone=UTC&hourly=wind_speed_10m%2Cwind_direction_10m&models=era5&wind_speed_unit=ms&cell_selection=nearest,ok,b4f1c132cec131f20768fbcca53ae2ca178694320efa648c99df3532f42b047f,2930,2026-09-26T08:40:09.566982+00:00
S1:61.3,wave,data/external/metocean/wave_11c57f38555b9e9feb4c22a9.json,https://marine-api.open-meteo.com/v1/marine?latitude=31.99739&longitude=-139.8349335&start_date=2015-08-09&end_date=2015-08-12&timezone=UTC&hourly=wave_height%2Cwave_direction%2Cwave_period&models=era5_ocean&cell_selection=sea,ok,4f1f3bc4e68ea09a0581349554d9f04f6e2a1367d557a5248f168356205904ca,3446,2026-09-26T08:40:09.581956+00:00
S1:61.3,current,data/external/metocean/current_eeabc95b1188fdd79e79b90f.nc,https://ncss.hycom.org/thredds/ncss/GLBv0.08/expt_53.X/data/2015?var=water_u&var=water_v&north=32.07839&south=31.91639&west=-139.9159335&east=-139.75393350000002&time_start=2015-08-09T00%3A00%3A00Z&time_end=2015-08-12T23%3A59%3A59Z&vertCoord=0&accept=netcdf&disableProjSubset=on,ok,0ecd65137dacd069d22b27580a9e6e47b4a6559ab509ccb734c7e52f5f23d8e4,4156,2026-09-26T08:40:12.342106+00:00
S1:62.4,wind,data/external/metocean/wind_912e50f6145f4d282e31e3b6.json,https://archive-api.open-meteo.com/v1/archive?latitude=32.005985&longitude=-139.3014665&start_date=2015-08-09&end_date=2015-08-12&timezone=UTC&hourly=wind_speed_10m%2Cwind_direction_10m&models=era5&wind_speed_unit=ms&cell_selection=nearest,ok,736bca2922cf63ede375eb3e9156370da2070d24fc4f7069f8bb60824f3b176c,2933,2026-09-26T08:40:09.834602+00:00
S1:62.4,wave,data/external/metocean/wave_6bf9ac842f540fb01e60ddf6.json,https://marine-api.open-meteo.com/v1/marine?latitude=32.005985&longitude=-139.3014665&start_date=2015-08-09&end_date=2015-08-12&timezone=UTC&hourly=wave_height%2Cwave_direction%2Cwave_period&models=era5_ocean&cell_selection=sea,ok,4721103ccca2e661eac89059db4e0c63210caaac6abc6924fb3785ab96560089,3444,2026-09-26T08:40:10.033843+00:00
S1:62.4,current,data/external/metocean/current_22c50d47731c68902a902bad.nc,https://ncss.hycom.org/thredds/ncss/GLBv0.08/expt_53.X/data/2015?var=water_u&var=water_v&north=32.086985000000006&south=31.924985000000003&west=-139.3824665&east=-139.22046650000001&time_start=2015-08-09T00%3A00%3A00Z&time_end=2015-08-12T23%3A59%3A59Z&vertCoord=0&accept=netcdf&disableProjSubset=on,ok,ec2d5d2c7728fdec2c671305a1ba2ecc192fd9b08d472ff5da00bb2d36f3351a,4156,2026-09-26T08:40:12.342697+00:00
S1:61.4,wind,data/external/metocean/wind_24ea95d96f96c8c0c89d2037.json,https://archive-api.open-meteo.com/v1/archive?latitude=31.99671&longitude=-139.83325&start_date=2015-08-09&end_date=2015-08-12&timezone=UTC&hourly=wind_speed_10m%2Cwind_direction_10m&models=era5&wind_speed_unit=ms&cell_selection=nearest,ok,4aa949e528686c31666b132f05102878d0bbf380d7baf514ef8695bf2de22eb0,2930,2026-09-26T08:40:10.285903+00:00
S1:61.4,wave,data/external/metocean/wave_74035c2ce0369272509ccc5d.json,https://marine-api.open-meteo.com/v1/marine?latitude=31.99671&longitude=-139.83325&start_date=2015-08-09&end_date=2015-08-12&timezone=UTC&hourly=wave_height%2Cwave_direction%2Cwave_period&models=era5_ocean&cell_selection=sea,ok,d2935ca9b090a605f80c8e95b947614e18a6c12cb74ab199af635c9fba38ef87,3447,2026-09-26T08:40:10.437204+00:00
S1:61.4,current,data/external/metocean/current_1642a1f556ed314eae0617a2.nc,https://ncss.hycom.org/thredds/ncss/GLBv0.08/expt_53.X/data/2015?var=water_u&var=water_v&north=32.07771&south=31.91571&west=-139.91424999999998&east=-139.75225&time_start=2015-08-09T00%3A00%3A00Z&time_end=2015-08-12T23%3A59%3A59Z&vertCoord=0&accept=netcdf&disableProjSubset=on,ok,c0fa5965ad7a87d181e1a24fc7ad3abd0c2ef36e258655c81c2d1ae0dd2d3562,4156,2026-09-26T08:40:12.354591+00:00
S1:60.3,wind,data/external/metocean/wind_47759f1c1b0835f67bdaf125.json,https://archive-api.open-meteo.com/v1/archive?latitude=32.00044&longitude=-140.333725&start_date=2015-08-09&end_date=2015-08-12&timezone=UTC&hourly=wind_speed_10m%2Cwind_direction_10m&models=era5&wind_speed_unit=ms&cell_selection=nearest,ok,2e17164a70c3ba9eda265fb7812a1c0efc2c969532d240db6e356ebad28e2f77,2930,2026-09-26T08:40:10.690243+00:00
S1:60.3,wave,data/external/metocean/wave_5b91e3a350c5740a8db0c7fd.json,https://marine-api.open-meteo.com/v1/marine?latitude=32.00044&longitude=-140.333725&start_date=2015-08-09&end_date=2015-08-12&timezone=UTC&hourly=wave_height%2Cwave_direction%2Cwave_period&models=era5_ocean&cell_selection=sea,ok,d01330fdafcd9dff1351929c9ee49ecb3467397510587bf092f1a6274ffcb493,3446,2026-09-26T08:40:10.948858+00:00
S1:60.3,current,data/external/metocean/current_fb32bcfa7fbe2a912bebbde0.nc,https://ncss.hycom.org/thredds/ncss/GLBv0.08/expt_53.X/data/2015?var=water_u&var=water_v&north=32.08144&south=31.919439999999998&west=-140.41472499999998&east=-140.252725&time_start=2015-08-09T00%3A00%3A00Z&time_end=2015-08-12T23%3A59%3A59Z&vertCoord=0&accept=netcdf&disableProjSubset=on,ok,0fef78a99d9d5149830a50aec4f725579d0b2afa9dc90c50c02ca182059730e0,4156,2026-09-26T08:40:12.342522+00:00
S1:60.4,wind,data/external/metocean/wind_321fb5a123b7d0feac7d15be.json,https://archive-api.open-meteo.com/v1/archive?latitude=32.00135&longitude=-140.3389585&start_date=2015-08-09&end_date=2015-08-12&timezone=UTC&hourly=wind_speed_10m%2Cwind_direction_10m&models=era5&wind_speed_unit=ms&cell_selection=nearest,ok,c4fdd153ad33b410a883c119c5681360f4e8ea79eb216a0c2ddd6cdcf67ac88e,2930,2026-09-26T08:40:12.602350+00:00
S1:60.4,wave,data/external/metocean/wave_6f68728d3f7abb7646ebeeea.json,https://marine-api.open-meteo.com/v1/marine?latitude=32.00135&longitude=-140.3389585&start_date=2015-08-09&end_date=2015-08-12&timezone=UTC&hourly=wave_height%2Cwave_direction%2Cwave_period&models=era5_ocean&cell_selection=sea,ok,fa75ebd4df77f56c181e23f701cf82777351162cdfc6387e33a59ea111b70aaa,3445,2026-09-26T08:40:12.653327+00:00
S1:60.4,current,data/external/metocean/current_e58d69bb28dcebf945ce1191.nc,https://ncss.hycom.org/thredds/ncss/GLBv0.08/expt_53.X/data/2015?var=water_u&var=water_v&north=32.082350000000005&south=31.920350000000003&west=-140.41995849999998&east=-140.2579585&time_start=2015-08-09T00%3A00%3A00Z&time_end=2015-08-12T23%3A59%3A59Z&vertCoord=0&accept=netcdf&disableProjSubset=on,ok,a8e3d2b36636f00dd9e04b55924be387ece89231c6c34da9415757f1df4afde0,4156,2026-09-26T08:40:12.999643+00:00
S1:62.3,wind,data/external/metocean/wind_ac56bb36c15c7d38507c149e.json,https://archive-api.open-meteo.com/v1/archive?latitude=32.007425&longitude=-139.3066335&start_date=2015-08-09&end_date=2015-08-12&timezone=UTC&hourly=wind_speed_10m%2Cwind_direction_10m&models=era5&wind_speed_unit=ms&cell_selection=nearest,ok,d81592c3fa649e8b4206e3daf147f49cd12273c75c2ea1f55b1b722d0b0714b3,2934,2026-09-26T08:40:12.601729+00:00
S1:62.3,wave,data/external/metocean/wave_69bfc4299c1040e48e7265a2.json,https://marine-api.open-meteo.com/v1/marine?latitude=32.007425&longitude=-139.3066335&start_date=2015-08-09&end_date=2015-08-12&timezone=UTC&hourly=wave_height%2Cwave_direction%2Cwave_period&models=era5_ocean&cell_selection=sea,ok,78ec66b0a9a98b0395c152faba42722aea6161ebd5c732bb915a6efaeb93c17a,3444,2026-09-26T08:40:12.861318+00:00
S1:62.3,current,data/external/metocean/current_f6594108ae2814ab0a593306.nc,https://ncss.hycom.org/thredds/ncss/GLBv0.08/expt_53.X/data/2015?var=water_u&var=water_v&north=32.088425&south=31.926425&west=-139.3876335&east=-139.22563350000001&time_start=2015-08-09T00%3A00%3A00Z&time_end=2015-08-12T23%3A59%3A59Z&vertCoord=0&accept=netcdf&disableProjSubset=on,ok,4ba2ae5054ea89325f20f9c475e09537a1fbd93242dbd234abcfea659fa523f1,4156,2026-09-26T08:40:13.168901+00:00
S1:66.4,wind,data/external/metocean/wind_e21457792376c264b1f74d1f.json,https://archive-api.open-meteo.com/v1/archive?latitude=31.994635&longitude=-137.2262165&start_date=2015-08-10&end_date=2015-08-13&timezone=UTC&hourly=wind_speed_10m%2Cwind_direction_10m&models=era5&wind_speed_unit=ms&cell_selection=nearest,ok,8772e2f1b74732fb0c6b9d0c450b261aa5b5393b22ba48aae845bc410edd0d2e,2929,2026-09-26T08:40:12.910620+00:00
S1:66.4,wave,data/external/metocean/wave_18309a55befffffcdbffe5b7.json,https://marine-api.open-meteo.com/v1/marine?latitude=31.994635&longitude=-137.2262165&start_date=2015-08-10&end_date=2015-08-13&timezone=UTC&hourly=wave_height%2Cwave_direction%2Cwave_period&models=era5_ocean&cell_selection=sea,ok,ace838617538e21800e3e3ab479ddb43bc7ddf9783f9c1786ecedf6b538e95c8,3435,2026-09-26T08:40:13.151645+00:00
S1:66.4,current,data/external/metocean/current_a184fc29dfa615b5b87d1904.nc,https://ncss.hycom.org/thredds/ncss/GLBv0.08/expt_53.X/data/2015?var=water_u&var=water_v&north=32.075635&south=31.913635&west=-137.30721649999998&east=-137.1452165&time_start=2015-08-10T00%3A00%3A00Z&time_end=2015-08-13T23%3A59%3A59Z&vertCoord=0&accept=netcdf&disableProjSubset=on,ok,d40652275e3ae38e2b34ef186465bca3d224357241dc8ef0ee6e37147580f884,4156,2026-09-26T08:40:16.172647+00:00
S1:65.3,wind,data/external/metocean/wind_811e0ad980a80fdfd61f55ba.json,https://archive-api.open-meteo.com/v1/archive?latitude=31.9947&longitude=-137.7624415&start_date=2015-08-10&end_date=2015-08-13&timezone=UTC&hourly=wind_speed_10m%2Cwind_direction_10m&models=era5&wind_speed_unit=ms&cell_selection=nearest,ok,27879ea1393987126a1e0cdf6c431d75fedaa1cc8299f6d041a188808d342ddd,2929,2026-09-26T08:40:13.282840+00:00
S1:65.3,wave,data/external/metocean/wave_984a3c39cd8ceafaaca0c678.json,https://marine-api.open-meteo.com/v1/marine?latitude=31.9947&longitude=-137.7624415&start_date=2015-08-10&end_date=2015-08-13&timezone=UTC&hourly=wave_height%2Cwave_direction%2Cwave_period&models=era5_ocean&cell_selection=sea,ok,3579419fb89d563f99c9481c203396a927c01542bb35c44203aa4399b9d2aab0,3429,2026-09-26T08:40:13.530942+00:00
S1:65.3,current,data/external/metocean/current_8adc442a105103ba2dd81960.nc,https://ncss.hycom.org/thredds/ncss/GLBv0.08/expt_53.X/data/2015?var=water_u&var=water_v&north=32.075700000000005&south=31.913700000000002&west=-137.84344149999998&east=-137.6814415&time_start=2015-08-10T00%3A00%3A00Z&time_end=2015-08-13T23%3A59%3A59Z&vertCoord=0&accept=netcdf&disableProjSubset=on,ok,178a8aad4e53a9c01a516765a967eaa6f91991f4aca13cb873a45c5084e9e727,4156,2026-09-26T08:40:16.163303+00:00
S1:66.3,wind,data/external/metocean/wind_f96779fa7402baa09ff816bf.json,https://archive-api.open-meteo.com/v1/archive?latitude=31.99716&longitude=-137.2263335&start_date=2015-08-10&end_date=2015-08-13&timezone=UTC&hourly=wind_speed_10m%2Cwind_direction_10m&models=era5&wind_speed_unit=ms&cell_selection=nearest,ok,8d325bc7beab7671d8d8303233ab47b85fdc82e047718564f5b60ac5f288586d,2930,2026-09-26T08:40:13.635688+00:00
S1:66.3,wave,data/external/metocean/wave_fada17007c7baf58cecd8c11.json,https://marine-api.open-meteo.com/v1/marine?latitude=31.99716&longitude=-137.2263335&start_date=2015-08-10&end_date=2015-08-13&timezone=UTC&hourly=wave_height%2Cwave_direction%2Cwave_period&models=era5_ocean&cell_selection=sea,ok,5db1fa474cf1a38c09b5c57a3bd8623876a3308696384495dc1e5c447054945f,3436,2026-09-26T08:40:14.447094+00:00
S1:66.3,current,data/external/metocean/current_8db81dabd06844023faa4bd8.nc,https://ncss.hycom.org/thredds/ncss/GLBv0.08/expt_53.X/data/2015?var=water_u&var=water_v&north=32.078160000000004&south=31.91616&west=-137.3073335&east=-137.14533350000002&time_start=2015-08-10T00%3A00%3A00Z&time_end=2015-08-13T23%3A59%3A59Z&vertCoord=0&accept=netcdf&disableProjSubset=on,ok,55486e4d0c119b0dbbc3c8334b5b084a6606eb7324951ef6a7e3e56dec66ed93,4156,2026-09-26T08:40:16.172995+00:00
S1:63.4,wind,data/external/metocean/wind_56352e90ae975f9fad86cfd4.json,https://archive-api.open-meteo.com/v1/archive?latitude=32.012185&longitude=-138.7815415&start_date=2015-08-10&end_date=2015-08-13&timezone=UTC&hourly=wind_speed_10m%2Cwind_direction_10m&models=era5&wind_speed_unit=ms&cell_selection=nearest,ok,5ab708253bf007f333a4022cd61861c4461a726a895893dd694d49555e6e14ab,2925,2026-09-26T08:40:15.163346+00:00
S1:63.4,wave,data/external/metocean/wave_75508d49ab99c25074d5ce16.json,https://marine-api.open-meteo.com/v1/marine?latitude=32.012185&longitude=-138.7815415&start_date=2015-08-10&end_date=2015-08-13&timezone=UTC&hourly=wave_height%2Cwave_direction%2Cwave_period&models=era5_ocean&cell_selection=sea,ok,90b476be93754454f832ef6bca163ddaef2a590c35dee2077cb8675c061ced80,3424,2026-09-26T08:40:15.439347+00:00
S1:63.4,current,data/external/metocean/current_daf0451a0006906378583f3c.nc,https://ncss.hycom.org/thredds/ncss/GLBv0.08/expt_53.X/data/2015?var=water_u&var=water_v&north=32.093185000000005&south=31.931185000000003&west=-138.8625415&east=-138.7005415&time_start=2015-08-10T00%3A00%3A00Z&time_end=2015-08-13T23%3A59%3A59Z&vertCoord=0&accept=netcdf&disableProjSubset=on,ok,ef6ca132f814571b4975fb50bed3e5bac895705c5cba64b04b285e2c1c3b5c15,4156,2026-09-26T08:40:16.294844+00:00
S1:64.4,wind,data/external/metocean/wind_052676f435decffbce155280.json,https://archive-api.open-meteo.com/v1/archive?latitude=32.005185&longitude=-138.2688915&start_date=2015-08-10&end_date=2015-08-13&timezone=UTC&hourly=wind_speed_10m%2Cwind_direction_10m&models=era5&wind_speed_unit=ms&cell_selection=nearest,ok,6ff1a214f422a45bd7dc8088a20065aef231f0362500e762a04c030cd71df6cd,2926,2026-09-26T08:40:16.421596+00:00
S1:64.4,wave,data/external/metocean/wave_b8e97e0350a89ba162a5bca0.json,https://marine-api.open-meteo.com/v1/marine?latitude=32.005185&longitude=-138.2688915&start_date=2015-08-10&end_date=2015-08-13&timezone=UTC&hourly=wave_height%2Cwave_direction%2Cwave_period&models=era5_ocean&cell_selection=sea,ok,c96c6958aa558445c967ea7f8cac277b4ed955ecd5e7a29dbfe3813e44128321,3427,2026-09-26T08:40:16.442546+00:00
S1:64.4,current,data/external/metocean/current_d97a6fe71af387fdd8314c09.nc,https://ncss.hycom.org/thredds/ncss/GLBv0.08/expt_53.X/data/2015?var=water_u&var=water_v&north=32.086185&south=31.924184999999998&west=-138.34989149999998&east=-138.1878915&time_start=2015-08-10T00%3A00%3A00Z&time_end=2015-08-13T23%3A59%3A59Z&vertCoord=0&accept=netcdf&disableProjSubset=on,ok,ac85b5077cf6724e8b74210cd500c80827197448842b20b1e6771d7795df14e9,4156,2026-09-26T08:40:16.760280+00:00
S1:65.4,wind,data/external/metocean/wind_c77cc187211d7dbb46f2d18c.json,https://archive-api.open-meteo.com/v1/archive?latitude=31.992725&longitude=-137.7626085&start_date=2015-08-10&end_date=2015-08-13&timezone=UTC&hourly=wind_speed_10m%2Cwind_direction_10m&models=era5&wind_speed_unit=ms&cell_selection=nearest,ok,db5f94169d6afa1665c7c7ca5d91c91b1480d30654453d7f6fa6b1ec57396002,2930,2026-09-26T08:40:16.547126+00:00
S1:65.4,wave,data/external/metocean/wave_c7de7823298e7bb885fabe71.json,https://marine-api.open-meteo.com/v1/marine?latitude=31.992725&longitude=-137.7626085&start_date=2015-08-10&end_date=2015-08-13&timezone=UTC&hourly=wave_height%2Cwave_direction%2Cwave_period&models=era5_ocean&cell_selection=sea,ok,21a6b7ea2a64d05622ca8fc3b716328874ec21c26fd317842371790cb345cb33,3428,2026-09-26T08:40:16.694342+00:00
S1:65.4,current,data/external/metocean/current_8995ff6413638766e0b452da.nc,https://ncss.hycom.org/thredds/ncss/GLBv0.08/expt_53.X/data/2015?var=water_u&var=water_v&north=32.073725&south=31.911725&west=-137.8436085&east=-137.6816085&time_start=2015-08-10T00%3A00%3A00Z&time_end=2015-08-13T23%3A59%3A59Z&vertCoord=0&accept=netcdf&disableProjSubset=on,ok,1a69e788a773f0492aea1b3d29b838c2a3f9eba5e1c94d718fbc6ea9b4e6ec68,4156,2026-09-26T08:40:17.036087+00:00
S1:64.3,wind,data/external/metocean/wind_a845e13a5e4a360a427e036f.json,https://archive-api.open-meteo.com/v1/archive?latitude=32.007085&longitude=-138.2743415&start_date=2015-08-10&end_date=2015-08-13&timezone=UTC&hourly=wind_speed_10m%2Cwind_direction_10m&models=era5&wind_speed_unit=ms&cell_selection=nearest,ok,95e29a74a378a189681ef520d129eec58705afa9a4806e92a473ae948bcb394d,2926,2026-09-26T08:40:16.819188+00:00
S1:64.3,wave,data/external/metocean/wave_8855857351864caefc5e9582.json,https://marine-api.open-meteo.com/v1/marine?latitude=32.007085&longitude=-138.2743415&start_date=2015-08-10&end_date=2015-08-13&timezone=UTC&hourly=wave_height%2Cwave_direction%2Cwave_period&models=era5_ocean&cell_selection=sea,ok,29a80aad5c475f56cf60996f4e205cde398195f2ad69681e7ccd32b447765739,3427,2026-09-26T08:40:16.962370+00:00
S1:64.3,current,data/external/metocean/current_b7e26d4558e1317100a31871.nc,https://ncss.hycom.org/thredds/ncss/GLBv0.08/expt_53.X/data/2015?var=water_u&var=water_v&north=32.088085&south=31.926084999999997&west=-138.35534149999998&east=-138.1933415&time_start=2015-08-10T00%3A00%3A00Z&time_end=2015-08-13T23%3A59%3A59Z&vertCoord=0&accept=netcdf&disableProjSubset=on,ok,e4e8783dbffa2476f32836160befcdaf179ed0103ba1a29884d00e78fea468a8,4156,2026-09-26T08:40:17.325414+00:00
S1:63.3,wind,data/external/metocean/wind_a65fb7fc806dfff6ca9daba8.json,https://archive-api.open-meteo.com/v1/archive?latitude=32.0156&longitude=-138.781625&start_date=2015-08-10&end_date=2015-08-13&timezone=UTC&hourly=wind_speed_10m%2Cwind_direction_10m&models=era5&wind_speed_unit=ms&cell_selection=nearest,ok,0510d530f7d5d3ff7ba6ab155cb6bfc1ae08137f9a769c0e1a7af600295e1205,2924,2026-09-26T08:40:17.066296+00:00
S1:63.3,wave,data/external/metocean/wave_d7367e0f3d4a75f2ec9809a0.json,https://marine-api.open-meteo.com/v1/marine?latitude=32.0156&longitude=-138.781625&start_date=2015-08-10&end_date=2015-08-13&timezone=UTC&hourly=wave_height%2Cwave_direction%2Cwave_period&models=era5_ocean&cell_selection=sea,ok,bbfa709d9ad89a2d4b213dcef2c6c19f3b94d9663d55f89e46e7b033a68895ad,3425,2026-09-26T08:40:17.225609+00:00
S1:63.3,current,data/external/metocean/current_fae9a7fef8a59cd50abbe9dd.nc,https://ncss.hycom.org/thredds/ncss/GLBv0.08/expt_53.X/data/2015?var=water_u&var=water_v&north=32.0966&south=31.9346&west=-138.86262499999998&east=-138.700625&time_start=2015-08-10T00%3A00%3A00Z&time_end=2015-08-13T23%3A59%3A59Z&vertCoord=0&accept=netcdf&disableProjSubset=on,ok,f2991da2c3ff74a643ac5566baef32e3afd0022656f839b665e9eed9d07c848d,4156,2026-09-26T08:40:17.673615+00:00
S1:69.4,wind,data/external/metocean/wind_7208c0fb8ea9748cda722edd.json,https://archive-api.open-meteo.com/v1/archive?latitude=31.99764&longitude=-135.6463915&start_date=2015-08-11&end_date=2015-08-14&timezone=UTC&hourly=wind_speed_10m%2Cwind_direction_10m&models=era5&wind_speed_unit=ms&cell_selection=nearest,ok,29efce7e74cf7b520fc7cd1de474e4a8b25fadb64a5dda28b68212337e2b73a5,2916,2026-09-26T08:40:17.311975+00:00
S1:69.4,wave,data/external/metocean/wave_3363df5b0e8ac4e8f5dbf28b.json,https://marine-api.open-meteo.com/v1/marine?latitude=31.99764&longitude=-135.6463915&start_date=2015-08-11&end_date=2015-08-14&timezone=UTC&hourly=wave_height%2Cwave_direction%2Cwave_period&models=era5_ocean&cell_selection=sea,ok,7a8b117475a8870f7408f3e599eec26bd41156a77bdac47d3bf60e08f3bddeff,3446,2026-09-26T08:40:17.492254+00:00
S1:69.4,current,data/external/metocean/current_175db1676e9fc7192f8afec3.nc,https://ncss.hycom.org/thredds/ncss/GLBv0.08/expt_53.X/data/2015?var=water_u&var=water_v&north=32.07864&south=31.91664&west=-135.72739149999998&east=-135.5653915&time_start=2015-08-11T00%3A00%3A00Z&time_end=2015-08-14T23%3A59%3A59Z&vertCoord=0&accept=netcdf&disableProjSubset=on,ok,e256a910096387fb4ea713709e12b908036cdb883781b635e598a850b83a8162,4204,2026-09-26T08:40:20.692453+00:00
S1:68.3,wind,data/external/metocean/wind_f8f0b41bcdf20adaf74c005a.json,https://archive-api.open-meteo.com/v1/archive?latitude=32.002585&longitude=-136.1649835&start_date=2015-08-11&end_date=2015-08-14&timezone=UTC&hourly=wind_speed_10m%2Cwind_direction_10m&models=era5&wind_speed_unit=ms&cell_selection=nearest,ok,a80fc8954625849bf62614a6238fdeb536d2f3a39197cc6dbc652a51396b630e,2915,2026-09-26T08:40:17.563319+00:00
S1:68.3,wave,data/external/metocean/wave_80ece15344ffb4763833c821.json,https://marine-api.open-meteo.com/v1/marine?latitude=32.002585&longitude=-136.1649835&start_date=2015-08-11&end_date=2015-08-14&timezone=UTC&hourly=wave_height%2Cwave_direction%2Cwave_period&models=era5_ocean&cell_selection=sea,ok,7766317bde50403c944a7d1bb6cec60242214e79b9cc48d6507756c220a02c4f,3436,2026-09-26T08:40:17.748192+00:00
S1:68.3,current,data/external/metocean/current_4451292bd015e6e131347e98.nc,https://ncss.hycom.org/thredds/ncss/GLBv0.08/expt_53.X/data/2015?var=water_u&var=water_v&north=32.08358500000001&south=31.921585000000004&west=-136.2459835&east=-136.08398350000002&time_start=2015-08-11T00%3A00%3A00Z&time_end=2015-08-14T23%3A59%3A59Z&vertCoord=0&accept=netcdf&disableProjSubset=on,ok,425a98072504f9004607c4a5f522c654c178658288f560a33993ba380d980106,4204,2026-09-26T08:40:20.343727+00:00
S1:68.4,wind,data/external/metocean/wind_ad0779d7e20d2abf73dbf218.json,https://archive-api.open-meteo.com/v1/archive?latitude=32.001165&longitude=-136.1661665&start_date=2015-08-11&end_date=2015-08-14&timezone=UTC&hourly=wind_speed_10m%2Cwind_direction_10m&models=era5&wind_speed_unit=ms&cell_selection=nearest,ok,0eb8e4d6ec0f94733d27fea99568e23563db1a93f6c25fe7a8fca312e64b241b,2915,2026-09-26T08:40:17.918445+00:00
S1:68.4,wave,data/external/metocean/wave_4dd850c375499289aaeac5b1.json,https://marine-api.open-meteo.com/v1/marine?latitude=32.001165&longitude=-136.1661665&start_date=2015-08-11&end_date=2015-08-14&timezone=UTC&hourly=wave_height%2Cwave_direction%2Cwave_period&models=era5_ocean&cell_selection=sea,ok,c584f6b772dce61baa96d83a76c87fc405b4b53bd4c317c1e7179000439d45fe,3437,2026-09-26T08:40:18.013947+00:00
S1:68.4,current,data/external/metocean/current_2d30ea9722b33201a550c61f.nc,https://ncss.hycom.org/thredds/ncss/GLBv0.08/expt_53.X/data/2015?var=water_u&var=water_v&north=32.082165&south=31.920165&west=-136.2471665&east=-136.0851665&time_start=2015-08-11T00%3A00%3A00Z&time_end=2015-08-14T23%3A59%3A59Z&vertCoord=0&accept=netcdf&disableProjSubset=on,ok,0ffeb38a4a3b130c8d42f24cfaa8380627bb038383fbcad9b6cb1d53b76bf4fd,4204,2026-09-26T08:40:20.343836+00:00
S1:70.4,wind,data/external/metocean/wind_67059b1deccfae39e7bc93a2.json,https://archive-api.open-meteo.com/v1/archive?latitude=32.00864&longitude=-135.113225&start_date=2015-08-11&end_date=2015-08-14&timezone=UTC&hourly=wind_speed_10m%2Cwind_direction_10m&models=era5&wind_speed_unit=ms&cell_selection=nearest,ok,43a5a9926c9f1b5449dc03f185680d31885de6e4c0b861bf98dfa7a2de163ec5,2921,2026-09-26T08:40:18.267549+00:00
S1:70.4,wave,data/external/metocean/wave_286ceaef3a87b26713b0e7da.json,https://marine-api.open-meteo.com/v1/marine?latitude=32.00864&longitude=-135.113225&start_date=2015-08-11&end_date=2015-08-14&timezone=UTC&hourly=wave_height%2Cwave_direction%2Cwave_period&models=era5_ocean&cell_selection=sea,ok,ce46f23a41cfa90b3b64162aa0de173936c2897adddcb731dd13ce6dbdc9a87d,3450,2026-09-26T08:40:18.543586+00:00
S1:70.4,current,data/external/metocean/current_c1c8264826b6427d731803f7.nc,https://ncss.hycom.org/thredds/ncss/GLBv0.08/expt_53.X/data/2015?var=water_u&var=water_v&north=32.08964&south=31.92764&west=-135.194225&east=-135.032225&time_start=2015-08-11T00%3A00%3A00Z&time_end=2015-08-14T23%3A59%3A59Z&vertCoord=0&accept=netcdf&disableProjSubset=on,ok,aa9391e9d04257df1f584c33249a9e654822df92495ed83f176f828a3501bf7b,4204,2026-09-26T08:40:20.343563+00:00
S1:69.3,wind,data/external/metocean/wind_721c9149c0dd55931e98ab45.json,https://archive-api.open-meteo.com/v1/archive?latitude=31.99859&longitude=-135.6470415&start_date=2015-08-11&end_date=2015-08-14&timezone=UTC&hourly=wind_speed_10m%2Cwind_direction_10m&models=era5&wind_speed_unit=ms&cell_selection=nearest,ok,9ae1f5aed14594e0ae8d5eb1b7b0e687a2723ffbc7582651f7182bfb8cbd863f,2916,2026-09-26T08:40:20.603897+00:00
S1:69.3,wave,data/external/metocean/wave_c2a66edf3a953e4a5766cad5.json,https://marine-api.open-meteo.com/v1/marine?latitude=31.99859&longitude=-135.6470415&start_date=2015-08-11&end_date=2015-08-14&timezone=UTC&hourly=wave_height%2Cwave_direction%2Cwave_period&models=era5_ocean&cell_selection=sea,ok,d4de90d070d5d7503a39cbea89a17ed3c0b539132adb96782013d6d92eab1a82,3446,2026-09-26T08:40:20.613390+00:00
S1:69.3,current,data/external/metocean/current_1f0234cd34bf419ad3a7758c.nc,https://ncss.hycom.org/thredds/ncss/GLBv0.08/expt_53.X/data/2015?var=water_u&var=water_v&north=32.07959&south=31.91759&west=-135.7280415&east=-135.5660415&time_start=2015-08-11T00%3A00%3A00Z&time_end=2015-08-14T23%3A59%3A59Z&vertCoord=0&accept=netcdf&disableProjSubset=on,ok,d310d34220adc1fdd93f3aa2897002a2ed47884399fde6b41ebaac3cf44af1ba,4204,2026-09-26T08:40:20.924905+00:00
S1:70.3,wind,data/external/metocean/wind_c96a1b5fb5d2e142d67cd92d.json,https://archive-api.open-meteo.com/v1/archive?latitude=32.006465&longitude=-135.1148415&start_date=2015-08-11&end_date=2015-08-14&timezone=UTC&hourly=wind_speed_10m%2Cwind_direction_10m&models=era5&wind_speed_unit=ms&cell_selection=nearest,ok,f97747dbfa1aa19a6f23dd6a705dbcfcd4ff26e94303e29968e87b16ebc11a83,2920,2026-09-26T08:40:20.852321+00:00
S1:70.3,wave,data/external/metocean/wave_facc2479d99649eea991dd36.json,https://marine-api.open-meteo.com/v1/marine?latitude=32.006465&longitude=-135.1148415&start_date=2015-08-11&end_date=2015-08-14&timezone=UTC&hourly=wave_height%2Cwave_direction%2Cwave_period&models=era5_ocean&cell_selection=sea,ok,314f9b86b19e181d8c565c14975278e292755aad2d78e65b398b24e496125ddf,3451,2026-09-26T08:40:20.883618+00:00
S1:70.3,current,data/external/metocean/current_be0ee7a56d9cc2ea77a75a08.nc,https://ncss.hycom.org/thredds/ncss/GLBv0.08/expt_53.X/data/2015?var=water_u&var=water_v&north=32.087465&south=31.925465&west=-135.1958415&east=-135.03384150000002&time_start=2015-08-11T00%3A00%3A00Z&time_end=2015-08-14T23%3A59%3A59Z&vertCoord=0&accept=netcdf&disableProjSubset=on,ok,8ec19b9217a4ddaefe25cb1d98ffabbd8c8aca473d9df9b49aab1fc1bef640ad,4204,2026-09-26T08:40:21.329212+00:00
S1:67.4,wind,data/external/metocean/wind_d7754f1904ede1852a05e71b.json,https://archive-api.open-meteo.com/v1/archive?latitude=32.01855&longitude=-136.6982335&start_date=2015-08-11&end_date=2015-08-14&timezone=UTC&hourly=wind_speed_10m%2Cwind_direction_10m&models=era5&wind_speed_unit=ms&cell_selection=nearest,ok,dd4fde8eb6b16bfb8eae622cc16f2c9d138e91f30ddc20eed117d04b85857810,2913,2026-09-26T08:40:21.108355+00:00
S1:67.4,wave,data/external/metocean/wave_682ceffdbe5d4b3701611566.json,https://marine-api.open-meteo.com/v1/marine?latitude=32.01855&longitude=-136.6982335&start_date=2015-08-11&end_date=2015-08-14&timezone=UTC&hourly=wave_height%2Cwave_direction%2Cwave_period&models=era5_ocean&cell_selection=sea,ok,1a363cf0f40c88ebc2d7f0229dec841fc176fa74691fd4ebdfd605627ba4a423,3408,2026-09-26T08:40:21.164750+00:00
S1:67.4,current,data/external/metocean/current_41a0c244e1caca9b34949842.nc,https://ncss.hycom.org/thredds/ncss/GLBv0.08/expt_53.X/data/2015?var=water_u&var=water_v&north=32.09955&south=31.937549999999998&west=-136.77923349999998&east=-136.6172335&time_start=2015-08-11T00%3A00%3A00Z&time_end=2015-08-14T23%3A59%3A59Z&vertCoord=0&accept=netcdf&disableProjSubset=on,ok,c09f0604f856ee583679bcdcc3450967fd984197d172796d596399573a22d950,4204,2026-09-26T08:40:21.562002+00:00
S1:67.3,wind,data/external/metocean/wind_31c7a17e1a37591340f6a8c0.json,https://archive-api.open-meteo.com/v1/archive?latitude=32.020115&longitude=-136.699625&start_date=2015-08-11&end_date=2015-08-14&timezone=UTC&hourly=wind_speed_10m%2Cwind_direction_10m&models=era5&wind_speed_unit=ms&cell_selection=nearest,ok,2e714322a05dfb8fbbf7bcda14cd465ff4922a11fc984438a51460a24d60cf41,2911,2026-09-26T08:40:21.366719+00:00
S1:67.3,wave,data/external/metocean/wave_f61e45d2c0989ecab0071960.json,https://marine-api.open-meteo.com/v1/marine?latitude=32.020115&longitude=-136.699625&start_date=2015-08-11&end_date=2015-08-14&timezone=UTC&hourly=wave_height%2Cwave_direction%2Cwave_period&models=era5_ocean&cell_selection=sea,ok,ba0fe63126b0bae3c98caaa2e6eb872bcddc488c9497c6f1333c4a8a545c2766,3408,2026-09-26T08:40:21.433822+00:00
S1:67.3,current,data/external/metocean/current_9133a6c084df2e43e3ff5e07.nc,https://ncss.hycom.org/thredds/ncss/GLBv0.08/expt_53.X/data/2015?var=water_u&var=water_v&north=32.101115&south=31.939114999999997&west=-136.780625&east=-136.618625&time_start=2015-08-11T00%3A00%3A00Z&time_end=2015-08-14T23%3A59%3A59Z&vertCoord=0&accept=netcdf&disableProjSubset=on,ok,a9ffd9ea46233f60f1676e00eba31a4f3c4fa5cfc2e1eefccf7308bb04750376,4204,2026-09-26T08:40:21.894434+00:00
S1:71.4,wind,data/external/metocean/wind_3cff9633dfbff949ee0a88d4.json,https://archive-api.open-meteo.com/v1/archive?latitude=32.008585&longitude=-134.5978585&start_date=2015-08-12&end_date=2015-08-15&timezone=UTC&hourly=wind_speed_10m%2Cwind_direction_10m&models=era5&wind_speed_unit=ms&cell_selection=nearest,ok,bda600a3ac4362c6a9cb457d844bd1b25d39b5195edf6779041d5b4290398fe9,2913,2026-09-26T08:40:21.615766+00:00
S1:71.4,wave,data/external/metocean/wave_5dd51e944c57001e41c4d3b8.json,https://marine-api.open-meteo.com/v1/marine?latitude=32.008585&longitude=-134.5978585&start_date=2015-08-12&end_date=2015-08-15&timezone=UTC&hourly=wave_height%2Cwave_direction%2Cwave_period&models=era5_ocean&cell_selection=sea,ok,1eafb9a45f9647d92d7fbe10fc911cf1b3123fc35917a7f3201f7db92185ff3b,3445,2026-09-26T08:40:21.705958+00:00
S1:71.4,current,data/external/metocean/current_fb3431c976f27c38f52ec628.nc,https://ncss.hycom.org/thredds/ncss/GLBv0.08/expt_53.X/data/2015?var=water_u&var=water_v&north=32.089585&south=31.927584999999997&west=-134.6788585&east=-134.5168585&time_start=2015-08-12T00%3A00%3A00Z&time_end=2015-08-15T23%3A59%3A59Z&vertCoord=0&accept=netcdf&disableProjSubset=on,ok,cc9516190e4c1ef17a3f51d151381f3f795e40ffc410f88935c8257bbaea514a,4204,2026-09-26T08:40:23.958632+00:00
S1:71.3,wind,data/external/metocean/wind_0ed18acaa750462246df5d1a.json,https://archive-api.open-meteo.com/v1/archive?latitude=32.012615&longitude=-134.598725&start_date=2015-08-12&end_date=2015-08-15&timezone=UTC&hourly=wind_speed_10m%2Cwind_direction_10m&models=era5&wind_speed_unit=ms&cell_selection=nearest,ok,f3059e6203c4a1a6dc02eb1b6cdbb0dc5a62c464f7222cd386d80315d8b7032e,2915,2026-09-26T08:40:21.856535+00:00
S1:71.3,wave,data/external/metocean/wave_b928cf56c3fec57f5d023e69.json,https://marine-api.open-meteo.com/v1/marine?latitude=32.012615&longitude=-134.598725&start_date=2015-08-12&end_date=2015-08-15&timezone=UTC&hourly=wave_height%2Cwave_direction%2Cwave_period&models=era5_ocean&cell_selection=sea,ok,6a3b30226b01b6b1485b5bd0023724baa41e8cfa20fc0d5e05af761f130e5c9a,3444,2026-09-26T08:40:21.967171+00:00
S1:71.3,current,data/external/metocean/current_fa2f5991f3ec1278e8348eb2.nc,https://ncss.hycom.org/thredds/ncss/GLBv0.08/expt_53.X/data/2015?var=water_u&var=water_v&north=32.093615&south=31.931614999999997&west=-134.679725&east=-134.517725&time_start=2015-08-12T00%3A00%3A00Z&time_end=2015-08-15T23%3A59%3A59Z&vertCoord=0&accept=netcdf&disableProjSubset=on,ok,412a23d8ee9587d570876aa5df24f23a18c41a99239ab0d89aefde4a14d74ab7,4204,2026-09-26T08:40:23.958938+00:00
S1:72.4,wind,data/external/metocean/wind_a6b338a1891231aed7a1510e.json,https://archive-api.open-meteo.com/v1/archive?latitude=32.996175&longitude=-134.1399&start_date=2015-08-12&end_date=2015-08-15&timezone=UTC&hourly=wind_speed_10m%2Cwind_direction_10m&models=era5&wind_speed_unit=ms&cell_selection=nearest,ok,69c3b912b807f61e3dc8571c1b044052e684d58f6174abf95e24c76cc2ff1961,2910,2026-09-26T08:40:22.151686+00:00
S1:72.4,wave,data/external/metocean/wave_89bae889702a5baa36e355bc.json,https://marine-api.open-meteo.com/v1/marine?latitude=32.996175&longitude=-134.1399&start_date=2015-08-12&end_date=2015-08-15&timezone=UTC&hourly=wave_height%2Cwave_direction%2Cwave_period&models=era5_ocean&cell_selection=sea,ok,6f90ecfbce91022a84c546f88b3479497080e3996a60b9d6d4fcf7b8f5086eba,3453,2026-09-26T08:40:22.232371+00:00
S1:72.4,current,data/external/metocean/current_47b043efa9d4b1ecdfaaf935.nc,https://ncss.hycom.org/thredds/ncss/GLBv0.08/expt_53.X/data/2015?var=water_u&var=water_v&north=33.077175000000004&south=32.915175&west=-134.2209&east=-134.05890000000002&time_start=2015-08-12T00%3A00%3A00Z&time_end=2015-08-15T23%3A59%3A59Z&vertCoord=0&accept=netcdf&disableProjSubset=on,ok,6937d54dfe074c9fe0641848fef00d4e2f5a272d4655274e0a6f6e90d0ee8719,4204,2026-09-26T08:40:23.621440+00:00
S1:73.3,wind,data/external/metocean/wind_3df7484edf072173be25dc8d.json,https://archive-api.open-meteo.com/v1/archive?latitude=32.99759&longitude=-134.7286085&start_date=2015-08-12&end_date=2015-08-15&timezone=UTC&hourly=wind_speed_10m%2Cwind_direction_10m&models=era5&wind_speed_unit=ms&cell_selection=nearest,ok,88175cfd17217c2f88fdd05b7ffcee8d07935b7bdb49a659ad4576c79af530c4,2910,2026-09-26T08:40:22.489774+00:00
S1:73.3,wave,data/external/metocean/wave_a96d143752b0a9dcef950cc2.json,https://marine-api.open-meteo.com/v1/marine?latitude=32.99759&longitude=-134.7286085&start_date=2015-08-12&end_date=2015-08-15&timezone=UTC&hourly=wave_height%2Cwave_direction%2Cwave_period&models=era5_ocean&cell_selection=sea,ok,0d5f44afc56b43da72f9cf9727f7bb31287a4243c504ccedd5dad327a617eb23,3456,2026-09-26T08:40:22.763115+00:00
S1:73.3,current,data/external/metocean/current_72529df7292525460570cfc5.nc,https://ncss.hycom.org/thredds/ncss/GLBv0.08/expt_53.X/data/2015?var=water_u&var=water_v&north=33.078590000000005&south=32.91659&west=-134.8096085&east=-134.64760850000002&time_start=2015-08-12T00%3A00%3A00Z&time_end=2015-08-15T23%3A59%3A59Z&vertCoord=0&accept=netcdf&disableProjSubset=on,ok,9c4bb40c6327fcf66ee21c7ec441d7059906d3ffebb7ca0eb2c90970e2c19f6a,4204,2026-09-26T08:40:23.620697+00:00
S1:72.3,wind,data/external/metocean/wind_4a178cd5da88778401decdc1.json,https://archive-api.open-meteo.com/v1/archive?latitude=32.9963&longitude=-134.135725&start_date=2015-08-12&end_date=2015-08-15&timezone=UTC&hourly=wind_speed_10m%2Cwind_direction_10m&models=era5&wind_speed_unit=ms&cell_selection=nearest,ok,2b6dd3c904453bca7a11a7daa93e8329a381bd1f403c5737ce62b1f833825279,2912,2026-09-26T08:40:23.875548+00:00
S1:72.3,wave,data/external/metocean/wave_8b18e62dcad2ae5eb54e4afa.json,https://marine-api.open-meteo.com/v1/marine?latitude=32.9963&longitude=-134.135725&start_date=2015-08-12&end_date=2015-08-15&timezone=UTC&hourly=wave_height%2Cwave_direction%2Cwave_period&models=era5_ocean&cell_selection=sea,ok,7f6d7e8e207ba8f5e519792cddb7a509aad496c804a929e184f08a2115426b1c,3454,2026-09-26T08:40:23.893507+00:00
S1:72.3,current,data/external/metocean/current_0690966a7abe194a7fb2aa04.nc,https://ncss.hycom.org/thredds/ncss/GLBv0.08/expt_53.X/data/2015?var=water_u&var=water_v&north=33.0773&south=32.915299999999995&west=-134.216725&east=-134.05472500000002&time_start=2015-08-12T00%3A00%3A00Z&time_end=2015-08-15T23%3A59%3A59Z&vertCoord=0&accept=netcdf&disableProjSubset=on,ok,461804d1abb036078fc1ed940811961a780bc1475da34b6c6a71f22d1d04efdf,4204,2026-09-26T08:40:24.449714+00:00
S1:73.4,wind,data/external/metocean/wind_751a284002e7d824562457a1.json,https://archive-api.open-meteo.com/v1/archive?latitude=32.995785&longitude=-134.73065&start_date=2015-08-12&end_date=2015-08-15&timezone=UTC&hourly=wind_speed_10m%2Cwind_direction_10m&models=era5&wind_speed_unit=ms&cell_selection=nearest,ok,6eedeaec2d71b8bc0a7edaeafb15ae256c60349fcbaeab3a012c90977f1f9955,2911,2026-09-26T08:40:24.144530+00:00
S1:73.4,wave,data/external/metocean/wave_6708163fba81c6291cac4253.json,https://marine-api.open-meteo.com/v1/marine?latitude=32.995785&longitude=-134.73065&start_date=2015-08-12&end_date=2015-08-15&timezone=UTC&hourly=wave_height%2Cwave_direction%2Cwave_period&models=era5_ocean&cell_selection=sea,ok,595a3f8ce8d3a06da2e500a0284fddb853b8f8c5fab2006f77f96754fcc6896a,3456,2026-09-26T08:40:24.239673+00:00
S1:73.4,current,data/external/metocean/current_4af437c8cb157bdf2379cda4.nc,https://ncss.hycom.org/thredds/ncss/GLBv0.08/expt_53.X/data/2015?var=water_u&var=water_v&north=33.076785&south=32.914784999999995&west=-134.81165&east=-134.64965&time_start=2015-08-12T00%3A00%3A00Z&time_end=2015-08-15T23%3A59%3A59Z&vertCoord=0&accept=netcdf&disableProjSubset=on,ok,b1ed950add7eead43eef5325015cc70838520e20aae52420982fbecc391758e6,4204,2026-09-26T08:40:24.591202+00:00
S1:74.3,wind,data/external/metocean/wind_0e4a614c303e43729e4658e5.json,https://archive-api.open-meteo.com/v1/archive?latitude=32.987775&longitude=-135.2962085&start_date=2015-08-13&end_date=2015-08-16&timezone=UTC&hourly=wind_speed_10m%2Cwind_direction_10m&models=era5&wind_speed_unit=ms&cell_selection=nearest,ok,6010cf01dec29643cba160cf6880a8513548f967f96312bb774c87cee200cd3c,2899,2026-09-26T08:40:24.397004+00:00
S1:74.3,wave,data/external/metocean/wave_b04ab3de51f8050a3d787596.json,https://marine-api.open-meteo.com/v1/marine?latitude=32.987775&longitude=-135.2962085&start_date=2015-08-13&end_date=2015-08-16&timezone=UTC&hourly=wave_height%2Cwave_direction%2Cwave_period&models=era5_ocean&cell_selection=sea,ok,2eef334ef09438c6d64f27d2aac796a05ee0f7281574eeb22a83c95b6ea3f137,3426,2026-09-26T08:40:24.509443+00:00
S1:74.3,current,data/external/metocean/current_48fddd091fbf9fbe2aec95d4.nc,https://ncss.hycom.org/thredds/ncss/GLBv0.08/expt_53.X/data/2015?var=water_u&var=water_v&north=33.068775&south=32.906774999999996&west=-135.3772085&east=-135.21520850000002&time_start=2015-08-13T00%3A00%3A00Z&time_end=2015-08-16T23%3A59%3A59Z&vertCoord=0&accept=netcdf&disableProjSubset=on,ok,21771c2b52fa4694b48349343f0c051318a450b568d97423d71c2037eef90e4f,4244,2026-09-26T08:40:27.473892+00:00
S1:75.3,wind,data/external/metocean/wind_e4782e1740b5bc0e8667aa82.json,https://archive-api.open-meteo.com/v1/archive?latitude=32.996535&longitude=-136.8875415&start_date=2015-08-13&end_date=2015-08-16&timezone=UTC&hourly=wind_speed_10m%2Cwind_direction_10m&models=era5&wind_speed_unit=ms&cell_selection=nearest,ok,9935a5dab9af80a0d90ff18acec463ef85ad29df3ead2802ec577ceb1aa7a8e1,2899,2026-09-26T08:40:24.709570+00:00
S1:75.3,wave,data/external/metocean/wave_fc74361808f064771235d8d6.json,https://marine-api.open-meteo.com/v1/marine?latitude=32.996535&longitude=-136.8875415&start_date=2015-08-13&end_date=2015-08-16&timezone=UTC&hourly=wave_height%2Cwave_direction%2Cwave_period&models=era5_ocean&cell_selection=sea,ok,becb4804b97c81c96c54bbe915c0abe2f5c7a54d354dfcb3be70e09dd01d36e1,3425,2026-09-26T08:40:24.776535+00:00
S1:75.3,current,data/external/metocean/current_0a9fc864bda52d6b722646a9.nc,https://ncss.hycom.org/thredds/ncss/GLBv0.08/expt_53.X/data/2015?var=water_u&var=water_v&north=33.077535000000005&south=32.915535&west=-136.9685415&east=-136.8065415&time_start=2015-08-13T00%3A00%3A00Z&time_end=2015-08-16T23%3A59%3A59Z&vertCoord=0&accept=netcdf&disableProjSubset=on,ok,5a1c221e97d03ba003a73d28be8164c34062bf2911bcabdd73fcf31cc82915a4,4244,2026-09-26T08:40:27.808974+00:00
S1:75.4,wind,data/external/metocean/wind_ddef27153cb22818ac7a425b.json,https://archive-api.open-meteo.com/v1/archive?latitude=32.994515&longitude=-136.89025&start_date=2015-08-13&end_date=2015-08-16&timezone=UTC&hourly=wind_speed_10m%2Cwind_direction_10m&models=era5&wind_speed_unit=ms&cell_selection=nearest,ok,4f32f382b4ad995e85d00439525ac7169fa62511fedde510dbe080acd1b97d01,2898,2026-09-26T08:40:24.966653+00:00
S1:75.4,wave,data/external/metocean/wave_54e8254a2fa40e9e84189628.json,https://marine-api.open-meteo.com/v1/marine?latitude=32.994515&longitude=-136.89025&start_date=2015-08-13&end_date=2015-08-16&timezone=UTC&hourly=wave_height%2Cwave_direction%2Cwave_period&models=era5_ocean&cell_selection=sea,ok,d8b9156dda12f51355beac6b55e85d3774297802745da18b27f54f0eceb4d7dc,3424,2026-09-26T08:40:25.034103+00:00
S1:75.4,current,data/external/metocean/current_5ebe75b2625d296c1d84dbf5.nc,https://ncss.hycom.org/thredds/ncss/GLBv0.08/expt_53.X/data/2015?var=water_u&var=water_v&north=33.075515&south=32.913515&west=-136.97125&east=-136.80925000000002&time_start=2015-08-13T00%3A00%3A00Z&time_end=2015-08-16T23%3A59%3A59Z&vertCoord=0&accept=netcdf&disableProjSubset=on,ok,f8d0c234fbab5811f306589dc9c64153aa4274a0e594f6834f8ff604229ee54e,4244,2026-09-26T08:40:27.474387+00:00
S1:74.4,wind,data/external/metocean/wind_2acc257ce602918ecd25ed4d.json,https://archive-api.open-meteo.com/v1/archive?latitude=32.991835&longitude=-135.2950665&start_date=2015-08-13&end_date=2015-08-16&timezone=UTC&hourly=wind_speed_10m%2Cwind_direction_10m&models=era5&wind_speed_unit=ms&cell_selection=nearest,ok,640817087c77935c16b9655b0ec5941dfe1b6bf338c4f7f3547a55e63faf7565,2900,2026-09-26T08:40:25.283380+00:00
S1:74.4,wave,data/external/metocean/wave_73b4b18664088fa614d40997.json,https://marine-api.open-meteo.com/v1/marine?latitude=32.991835&longitude=-135.2950665&start_date=2015-08-13&end_date=2015-08-16&timezone=UTC&hourly=wave_height%2Cwave_direction%2Cwave_period&models=era5_ocean&cell_selection=sea,ok,53d881043ccad902f4872cbad571d0aab2ce6613e98030e4c89222b451c86551,3427,2026-09-26T08:40:25.541541+00:00
S1:74.4,current,data/external/metocean/current_489d351f4605eb9779c0932f.nc,https://ncss.hycom.org/thredds/ncss/GLBv0.08/expt_53.X/data/2015?var=water_u&var=water_v&north=33.072835000000005&south=32.910835&west=-135.37606649999998&east=-135.2140665&time_start=2015-08-13T00%3A00%3A00Z&time_end=2015-08-16T23%3A59%3A59Z&vertCoord=0&accept=netcdf&disableProjSubset=on,ok,697a90f01bb4302d86f7de76aa75dc169a8751585ffa1eb91c7ba52473f1f6c0,4244,2026-09-26T08:40:27.808709+00:00
S1:77.3,wind,data/external/metocean/wind_bedbfb167a8139af3129c6fd.json,https://archive-api.open-meteo.com/v1/archive?latitude=32.98329&longitude=-138.0048415&start_date=2015-08-14&end_date=2015-08-17&timezone=UTC&hourly=wind_speed_10m%2Cwind_direction_10m&models=era5&wind_speed_unit=ms&cell_selection=nearest,ok,f8383a499535a1384143751ce3b2ab3817bc6a73a88690ad37ed04603821ea75,2898,2026-09-26T08:40:28.062563+00:00
S1:77.3,wave,data/external/metocean/wave_cece88526a97356d6a1fb565.json,https://marine-api.open-meteo.com/v1/marine?latitude=32.98329&longitude=-138.0048415&start_date=2015-08-14&end_date=2015-08-17&timezone=UTC&hourly=wave_height%2Cwave_direction%2Cwave_period&models=era5_ocean&cell_selection=sea,ok,3bf3c029f553d568ba4d061e56a280dc3bc10ead245e560e5cfafeeaac926c9c,3424,2026-09-26T08:40:28.081777+00:00
S1:77.3,current,data/external/metocean/current_920805aec150db6d093c4a26.nc,https://ncss.hycom.org/thredds/ncss/GLBv0.08/expt_53.X/data/2015?var=water_u&var=water_v&north=33.06429&south=32.902289999999994&west=-138.0858415&east=-137.9238415&time_start=2015-08-14T00%3A00%3A00Z&time_end=2015-08-17T23%3A59%3A59Z&vertCoord=0&accept=netcdf&disableProjSubset=on,ok,aaf7e6d2f1beefad22bf7b93d04c96a76a66264a1df9327baf4f36349dd2c530,4244,2026-09-26T08:40:31.443114+00:00
S1:78.3,wind,data/external/metocean/wind_7d48c4d4201d473613a4447e.json,https://archive-api.open-meteo.com/v1/archive?latitude=32.9915&longitude=-139.571725&start_date=2015-08-14&end_date=2015-08-17&timezone=UTC&hourly=wind_speed_10m%2Cwind_direction_10m&models=era5&wind_speed_unit=ms&cell_selection=nearest,ok,389a741a1df7d35bda08a9e0d9a32fe0ce724bc029ca2259c9759f975cc69ad6,2899,2026-09-26T08:40:28.181713+00:00
S1:78.3,wave,data/external/metocean/wave_3a6e720a8add2e4521f918d2.json,https://marine-api.open-meteo.com/v1/marine?latitude=32.9915&longitude=-139.571725&start_date=2015-08-14&end_date=2015-08-17&timezone=UTC&hourly=wave_height%2Cwave_direction%2Cwave_period&models=era5_ocean&cell_selection=sea,ok,ed553dc8a27be87bf48ab720574df17656b5c09de329eade70fec42778b7b20a,3429,2026-09-26T08:40:28.340690+00:00
S1:78.3,current,data/external/metocean/current_c2d6936f3b572ecd8eb81031.nc,https://ncss.hycom.org/thredds/ncss/GLBv0.08/expt_53.X/data/2015?var=water_u&var=water_v&north=33.072500000000005&south=32.9105&west=-139.65272499999998&east=-139.490725&time_start=2015-08-14T00%3A00%3A00Z&time_end=2015-08-17T23%3A59%3A59Z&vertCoord=0&accept=netcdf&disableProjSubset=on,ok,95da7502162ab954f93905835bea48523ed48df9e8018bbff2633ccaa1787eaf,4244,2026-09-26T08:40:31.441566+00:00
S1:78.4,wind,data/external/metocean/wind_7e86da23d1ccc42275f5ad99.json,https://archive-api.open-meteo.com/v1/archive?latitude=32.993075&longitude=-139.5776835&start_date=2015-08-14&end_date=2015-08-17&timezone=UTC&hourly=wind_speed_10m%2Cwind_direction_10m&models=era5&wind_speed_unit=ms&cell_selection=nearest,ok,3319c57137845a5b5d29a1f5eccea8c826f7e1479df25149cebd35adbeb10d7e,2898,2026-09-26T08:40:28.427432+00:00
S1:78.4,wave,data/external/metocean/wave_d7ee5e563a205040572b4e90.json,https://marine-api.open-meteo.com/v1/marine?latitude=32.993075&longitude=-139.5776835&start_date=2015-08-14&end_date=2015-08-17&timezone=UTC&hourly=wave_height%2Cwave_direction%2Cwave_period&models=era5_ocean&cell_selection=sea,ok,4a13226548127cc4adb42c9505175f16d3d3d9b3d7b1d7fda4d3f810c4451bc5,3430,2026-09-26T08:40:28.597206+00:00
S1:78.4,current,data/external/metocean/current_05e09be112c79979ff634e5a.nc,https://ncss.hycom.org/thredds/ncss/GLBv0.08/expt_53.X/data/2015?var=water_u&var=water_v&north=33.074075&south=32.912074999999994&west=-139.6586835&east=-139.49668350000002&time_start=2015-08-14T00%3A00%3A00Z&time_end=2015-08-17T23%3A59%3A59Z&vertCoord=0&accept=netcdf&disableProjSubset=on,ok,7cd99b538b570655250b571fffb41fcf7f2ae0cc83db2a6468918cea2fd852eb,4244,2026-09-26T08:40:31.439996+00:00
S1:77.4,wind,data/external/metocean/wind_99ff58161e7d298479ba17f1.json,https://archive-api.open-meteo.com/v1/archive?latitude=32.984485&longitude=-138.008775&start_date=2015-08-14&end_date=2015-08-17&timezone=UTC&hourly=wind_speed_10m%2Cwind_direction_10m&models=era5&wind_speed_unit=ms&cell_selection=nearest,ok,c6e5c13605112312063912ba59ff450ea860f928bf5667dc779cff0d974c5821,2899,2026-09-26T08:40:28.839453+00:00
S1:77.4,wave,data/external/metocean/wave_ccb2c6f7c6232a353dba4fba.json,https://marine-api.open-meteo.com/v1/marine?latitude=32.984485&longitude=-138.008775&start_date=2015-08-14&end_date=2015-08-17&timezone=UTC&hourly=wave_height%2Cwave_direction%2Cwave_period&models=era5_ocean&cell_selection=sea,ok,936823ddff35d4ef68adc3ae65a8ceeae8f56a180c7705dc789762aceb9e98c6,3424,2026-09-26T08:40:29.102404+00:00
S1:77.4,current,data/external/metocean/current_52684b4e734335de76bf8972.nc,https://ncss.hycom.org/thredds/ncss/GLBv0.08/expt_53.X/data/2015?var=water_u&var=water_v&north=33.065485&south=32.903484999999996&west=-138.089775&east=-137.92777500000003&time_start=2015-08-14T00%3A00%3A00Z&time_end=2015-08-17T23%3A59%3A59Z&vertCoord=0&accept=netcdf&disableProjSubset=on,ok,d7b1c653b878c90a79dead6317594d72a56447ad0f727167102f463084073d49,4244,2026-09-26T08:40:31.441753+00:00
S1:79.4,wind,data/external/metocean/wind_20a78a60fdc223bfc406693f.json,https://archive-api.open-meteo.com/v1/archive?latitude=33.786985&longitude=-138.3120665&start_date=2015-08-15&end_date=2015-08-18&timezone=UTC&hourly=wind_speed_10m%2Cwind_direction_10m&models=era5&wind_speed_unit=ms&cell_selection=nearest,ok,bbb97434e5711dfd3de0f7a1033691232b149698a5db152f88a6265391171fda,2901,2026-09-26T08:40:31.703619+00:00
S1:79.4,wave,data/external/metocean/wave_edc7ee97fcf8307186301be1.json,https://marine-api.open-meteo.com/v1/marine?latitude=33.786985&longitude=-138.3120665&start_date=2015-08-15&end_date=2015-08-18&timezone=UTC&hourly=wave_height%2Cwave_direction%2Cwave_period&models=era5_ocean&cell_selection=sea,ok,013ca661966a64e6cf06d57b150f54c26610f17cb06e435cdf7ae1eb8ce659ab,3413,2026-09-26T08:40:31.713982+00:00
S1:79.4,current,data/external/metocean/current_4bbaa465d15d78f5b80b01b8.nc,https://ncss.hycom.org/thredds/ncss/GLBv0.08/expt_53.X/data/2015?var=water_u&var=water_v&north=33.867985000000004&south=33.705985&west=-138.39306649999997&east=-138.2310665&time_start=2015-08-15T00%3A00%3A00Z&time_end=2015-08-18T23%3A59%3A59Z&vertCoord=0&accept=netcdf&disableProjSubset=on,ok,c7ef960c21998357fabf43fc9c8a767ac2d22eb788db8c6843a7fa4fe58a9541,4244,2026-09-26T08:40:34.185258+00:00
S1:79.3,wind,data/external/metocean/wind_0079ab3c2afc6e81cae717b0.json,https://archive-api.open-meteo.com/v1/archive?latitude=33.7888&longitude=-138.313375&start_date=2015-08-15&end_date=2015-08-18&timezone=UTC&hourly=wind_speed_10m%2Cwind_direction_10m&models=era5&wind_speed_unit=ms&cell_selection=nearest,ok,24691ddafd94f669f9ad6350ae9017399fde20e371c7bf699a75e0ddf7cfe621,2900,2026-09-26T08:40:31.703496+00:00
S1:79.3,wave,data/external/metocean/wave_d20da6656b5354db7acfaf67.json,https://marine-api.open-meteo.com/v1/marine?latitude=33.7888&longitude=-138.313375&start_date=2015-08-15&end_date=2015-08-18&timezone=UTC&hourly=wave_height%2Cwave_direction%2Cwave_period&models=era5_ocean&cell_selection=sea,ok,c5dce59b373f0be67bb25056a795d0665e1ba2f6e5334845126a4a5f3527987e,3414,2026-09-26T08:40:31.966383+00:00
S1:79.3,current,data/external/metocean/current_e19ac3a9760bdc3a000b0d4a.nc,https://ncss.hycom.org/thredds/ncss/GLBv0.08/expt_53.X/data/2015?var=water_u&var=water_v&north=33.869800000000005&south=33.7078&west=-138.394375&east=-138.23237500000002&time_start=2015-08-15T00%3A00%3A00Z&time_end=2015-08-18T23%3A59%3A59Z&vertCoord=0&accept=netcdf&disableProjSubset=on,ok,a9cafe7291708ef378a6b3ed71b4e26103114580b8d6ae8c2380bbd29bde9b2e,4244,2026-09-26T08:40:34.207493+00:00
S3:HE460_MarLitter_transect01,wind,data/external/metocean/wind_b0ea4f31689e17a8d017ff15.json,https://archive-api.open-meteo.com/v1/archive?latitude=54.238&longitude=7.92&start_date=2016-04-05&end_date=2016-04-08&timezone=UTC&hourly=wind_speed_10m%2Cwind_direction_10m&models=era5&wind_speed_unit=ms&cell_selection=nearest,ok,c9c1b4765a061b11cb32e189c934fc56d9f5914b9c134286c2f2d4bb66ba71ac,3020,2026-09-26T08:40:31.974818+00:00
S3:HE460_MarLitter_transect01,wave,data/external/metocean/wave_16e6894d23f1e20cfe82249b.json,https://marine-api.open-meteo.com/v1/marine?latitude=54.238&longitude=7.92&start_date=2016-04-05&end_date=2016-04-08&timezone=UTC&hourly=wave_height%2Cwave_direction%2Cwave_period&models=era5_ocean&cell_selection=sea,ok,c38784272d77d8b3d71dc06df68c08522aad0c97de0f4d6ae2ca300eaf8327e2,3489,2026-09-26T08:40:32.243593+00:00
S3:HE460_MarLitter_transect01,current,data/external/metocean/current_04769e5297148d2e533fb80d.nc,https://ncss.hycom.org/thredds/ncss/GLBv0.08/expt_56.3?var=water_u&var=water_v&north=54.319&south=54.157&west=7.8389999999999995&east=8.001&time_start=2016-04-05T00%3A00%3A00Z&time_end=2016-04-08T23%3A59%3A59Z&vertCoord=0&accept=netcdf&disableProjSubset=on,ok,7645aef7706b0400c2890605a880b65315b276e226e60977f09326955ffacaaa,5020,2026-09-26T08:42:28.343331+00:00
S3:HE460_MarLitter_transect02,wind,data/external/metocean/wind_ca5fdb4842b9f9b40f1899cb.json,https://archive-api.open-meteo.com/v1/archive?latitude=54.417&longitude=7.354&start_date=2016-04-06&end_date=2016-04-09&timezone=UTC&hourly=wind_speed_10m%2Cwind_direction_10m&models=era5&wind_speed_unit=ms&cell_selection=nearest,ok,30c9c8c93d8985e5e24cdc81a7bd0523e5d88ac31d8dc8d79b17e53038f65bbc,3020,2026-09-26T08:40:32.507808+00:00
S3:HE460_MarLitter_transect02,wave,data/external/metocean/wave_83a5d23c1c40927e8c943774.json,https://marine-api.open-meteo.com/v1/marine?latitude=54.417&longitude=7.354&start_date=2016-04-06&end_date=2016-04-09&timezone=UTC&hourly=wave_height%2Cwave_direction%2Cwave_period&models=era5_ocean&cell_selection=sea,ok,68ee31b073683f00d1e6640b7ef3a7c3cb94be47da1201d75102540c7a21a5a3,3487,2026-09-26T08:40:32.773293+00:00
S3:HE460_MarLitter_transect02,current,data/external/metocean/current_690c958fd05fc13b7fab163c.nc,https://ncss.hycom.org/thredds/ncss/GLBv0.08/expt_56.3?var=water_u&var=water_v&north=54.498000000000005&south=54.336&west=7.273&east=7.4350000000000005&time_start=2016-04-06T00%3A00%3A00Z&time_end=2016-04-09T23%3A59%3A59Z&vertCoord=0&accept=netcdf&disableProjSubset=on,ok,3477802e0d0520a79f55e42f405ea482e555d00dccb9cdb290990c974aee9f97,5020,2026-09-26T08:42:28.703762+00:00
S3:HE460_MarLitter_transect03,wind,data/external/metocean/wind_52bcb2c580d0c03e4ede6ed6.json,https://archive-api.open-meteo.com/v1/archive?latitude=54.841&longitude=6.638&start_date=2016-04-07&end_date=2016-04-10&timezone=UTC&hourly=wind_speed_10m%2Cwind_direction_10m&models=era5&wind_speed_unit=ms&cell_selection=nearest,ok,f819de651904ea806ab91203792e57918de62c6c53b9f5339338a374ee70a915,3004,2026-09-26T08:40:34.457755+00:00
S3:HE460_MarLitter_transect03,wave,data/external/metocean/wave_620ce1b952d569ddfbfd0589.json,https://marine-api.open-meteo.com/v1/marine?latitude=54.841&longitude=6.638&start_date=2016-04-07&end_date=2016-04-10&timezone=UTC&hourly=wave_height%2Cwave_direction%2Cwave_period&models=era5_ocean&cell_selection=sea,ok,0d99a853758b15c7c7c08fe90e4ca8fb4618004c695a46319c149d0a900230d9,3487,2026-09-26T08:40:34.468038+00:00
S3:HE460_MarLitter_transect03,current,data/external/metocean/current_7255ea1a4e296b528ea15b7e.nc,https://ncss.hycom.org/thredds/ncss/GLBv0.08/expt_56.3?var=water_u&var=water_v&north=54.922000000000004&south=54.76&west=6.5569999999999995&east=6.719&time_start=2016-04-07T00%3A00%3A00Z&time_end=2016-04-10T23%3A59%3A59Z&vertCoord=0&accept=netcdf&disableProjSubset=on,ok,70048cbce0294fd05bcb083793f4c86a60ec1717ecc20f625888a92f887b26a5,4956,2026-09-26T08:42:29.254801+00:00
S1:458,wind,data/external/metocean/wind_041a27df6fee717b5c54e7d8.json,https://archive-api.open-meteo.com/v1/archive?latitude=33.49555192&longitude=-136.5600457&start_date=2016-09-29&end_date=2016-10-02&timezone=UTC&hourly=wind_speed_10m%2Cwind_direction_10m&models=era5&wind_speed_unit=ms&cell_selection=nearest,ok,68f047153baeb6fe0e412913f6e1075d23cd102236fa84b9b7a3b4a0e5db5613,2920,2026-09-26T08:40:34.774560+00:00
S1:458,wave,data/external/metocean/wave_22d0b51618b82d5b61f66dcf.json,https://marine-api.open-meteo.com/v1/marine?latitude=33.49555192&longitude=-136.5600457&start_date=2016-09-29&end_date=2016-10-02&timezone=UTC&hourly=wave_height%2Cwave_direction%2Cwave_period&models=era5_ocean&cell_selection=sea,ok,a3b76d3a25912dd790f9e1ae530b29715d7f3a72816e12d0fb09b9f981d96bba,3432,2026-09-26T08:40:35.044228+00:00
S1:458,current,data/external/metocean/current_cc384f25a994fb8f2cff4663.nc,https://ncss.hycom.org/thredds/ncss/GLBv0.08/expt_57.2?var=water_u&var=water_v&north=33.57655192&south=33.414551919999994&west=-136.64104569999998&east=-136.4790457&time_start=2016-09-29T00%3A00%3A00Z&time_end=2016-10-02T23%3A59%3A59Z&vertCoord=0&accept=netcdf&disableProjSubset=on,ok,fd6c5841c62dc1479473ca3649fc7317d358bef0d49771a7d391c94b8447234d,4236,2026-09-26T08:42:28.481337+00:00
S1:461,wind,data/external/metocean/wind_e4e63c013f4a6eb4e4a41114.json,https://archive-api.open-meteo.com/v1/archive?latitude=33.49622084&longitude=-135.3724492&start_date=2016-09-29&end_date=2016-10-02&timezone=UTC&hourly=wind_speed_10m%2Cwind_direction_10m&models=era5&wind_speed_unit=ms&cell_selection=nearest,ok,fca468890470a47a50f0f7cf9799a6cdf6f2e226627f72abd2b38e2ca47e2a51,2908,2026-09-26T08:40:41.065542+00:00
S1:461,wave,data/external/metocean/wave_4b6bb2a524f0d17490cc1df2.json,https://marine-api.open-meteo.com/v1/marine?latitude=33.49622084&longitude=-135.3724492&start_date=2016-09-29&end_date=2016-10-02&timezone=UTC&hourly=wave_height%2Cwave_direction%2Cwave_period&models=era5_ocean&cell_selection=sea,ok,5562ba6eb091a1a45551c17ba391f97748ddfcc4e9b5b75d4ed1da4e80814a9b,3439,2026-09-26T08:40:41.332632+00:00
S1:461,current,data/external/metocean/current_5928c33344f03ff8b73ea885.nc,https://ncss.hycom.org/thredds/ncss/GLBv0.08/expt_57.2?var=water_u&var=water_v&north=33.57722084&south=33.415220839999996&west=-135.4534492&east=-135.29144920000002&time_start=2016-09-29T00%3A00%3A00Z&time_end=2016-10-02T23%3A59%3A59Z&vertCoord=0&accept=netcdf&disableProjSubset=on,ok,50e1d1797714e8ff585ca2f39e6cb7f5f42a39c18458a63404ace91906c8faaa,4236,2026-09-26T08:42:29.672750+00:00
S1:457,wind,data/external/metocean/wind_ca81f99cb639cd8f5d3a66ef.json,https://archive-api.open-meteo.com/v1/archive?latitude=33.49671682&longitude=-136.9623122&start_date=2016-09-29&end_date=2016-10-02&timezone=UTC&hourly=wind_speed_10m%2Cwind_direction_10m&models=era5&wind_speed_unit=ms&cell_selection=nearest,ok,b0e033e79e0b3a0b31faa33bc4c77b194a09e375ef251ca0c00a3686df3f8cac,2918,2026-09-26T08:40:41.725354+00:00
S1:457,wave,data/external/metocean/wave_2e083e17864f3477abefb0c7.json,https://marine-api.open-meteo.com/v1/marine?latitude=33.49671682&longitude=-136.9623122&start_date=2016-09-29&end_date=2016-10-02&timezone=UTC&hourly=wave_height%2Cwave_direction%2Cwave_period&models=era5_ocean&cell_selection=sea,ok,a8e1caa174fdf8019778af5ca04af025a5b606b9b336a8b227235f72ca332d4f,3430,2026-09-26T08:40:42.004581+00:00
S1:457,current,data/external/metocean/current_c73eb0da7a599b5c3f7213b4.nc,https://ncss.hycom.org/thredds/ncss/GLBv0.08/expt_57.2?var=water_u&var=water_v&north=33.577716820000006&south=33.41571682&west=-137.0433122&east=-136.88131220000002&time_start=2016-09-29T00%3A00%3A00Z&time_end=2016-10-02T23%3A59%3A59Z&vertCoord=0&accept=netcdf&disableProjSubset=on,ok,d075f898041eebe09ba27df798cfe6953379c9b7f8baeaa80b8452f8c834fadd,4236,2026-09-26T08:42:29.755236+00:00
S1:459,wind,data/external/metocean/wind_fc094a697385df656d63523f.json,https://archive-api.open-meteo.com/v1/archive?latitude=33.49675184&longitude=-136.1707262&start_date=2016-09-29&end_date=2016-10-02&timezone=UTC&hourly=wind_speed_10m%2Cwind_direction_10m&models=era5&wind_speed_unit=ms&cell_selection=nearest,ok,ef69b1d03e3dbf437c642759f1caf2f543df641d33fccf9f020d51fc15ac5bcd,2921,2026-09-26T08:40:43.304897+00:00
S1:459,wave,data/external/metocean/wave_f869553283305c67680e6d2a.json,https://marine-api.open-meteo.com/v1/marine?latitude=33.49675184&longitude=-136.1707262&start_date=2016-09-29&end_date=2016-10-02&timezone=UTC&hourly=wave_height%2Cwave_direction%2Cwave_period&models=era5_ocean&cell_selection=sea,ok,31144a41511e43d6f13b9fd954e97c508b4eaaaf7e3e222999537f00609e210a,3436,2026-09-26T08:40:43.561547+00:00
S1:459,current,data/external/metocean/current_c878a420a78b2a68b50ab259.nc,https://ncss.hycom.org/thredds/ncss/GLBv0.08/expt_57.2?var=water_u&var=water_v&north=33.577751840000005&south=33.41575184&west=-136.25172619999998&east=-136.0897262&time_start=2016-09-29T00%3A00%3A00Z&time_end=2016-10-02T23%3A59%3A59Z&vertCoord=0&accept=netcdf&disableProjSubset=on,ok,b7fadf40d73acc2c10555ac3c4471e73c62371822abc733d9c0e30b42561912c,4236,2026-09-26T08:42:29.914573+00:00
S1:462,wind,data/external/metocean/wind_c4f536db81cba3c4041895de.json,https://archive-api.open-meteo.com/v1/archive?latitude=33.49692284&longitude=-135.0601644&start_date=2016-09-29&end_date=2016-10-02&timezone=UTC&hourly=wind_speed_10m%2Cwind_direction_10m&models=era5&wind_speed_unit=ms&cell_selection=nearest,ok,cba9eccee34c20b912d856218c4c46e5cfb2dc4afc54cec07de230f94c04aecd,2900,2026-09-26T08:40:43.918912+00:00
S1:462,wave,data/external/metocean/wave_652bc8f316b892b764939a31.json,https://marine-api.open-meteo.com/v1/marine?latitude=33.49692284&longitude=-135.0601644&start_date=2016-09-29&end_date=2016-10-02&timezone=UTC&hourly=wave_height%2Cwave_direction%2Cwave_period&models=era5_ocean&cell_selection=sea,ok,09be224685d8211226e0101282d5a77310b25b5c60c8d5a8b464653917dfb9bf,3443,2026-09-26T08:40:44.194792+00:00
S1:462,current,data/external/metocean/current_1f8979e71402328308635167.nc,https://ncss.hycom.org/thredds/ncss/GLBv0.08/expt_57.2?var=water_u&var=water_v&north=33.57792284000001&south=33.41592284&west=-135.14116439999998&east=-134.9791644&time_start=2016-09-29T00%3A00%3A00Z&time_end=2016-10-02T23%3A59%3A59Z&vertCoord=0&accept=netcdf&disableProjSubset=on,ok,14742b477bc3d7379aff913b41252fe8a2a3f4ceb265ef7d7176ab76b7c351b2,4236,2026-09-26T08:42:30.346832+00:00
S1:455,wind,data/external/metocean/wind_c67e828940bf6216bc8559da.json,https://archive-api.open-meteo.com/v1/archive?latitude=33.49714847&longitude=-137.8789428&start_date=2016-09-29&end_date=2016-10-02&timezone=UTC&hourly=wind_speed_10m%2Cwind_direction_10m&models=era5&wind_speed_unit=ms&cell_selection=nearest,ok,43906ca885c1cdd0ced6eeda373b7ce387096abb508560e1ad899dda5f334bcd,2914,2026-09-26T08:41:06.388491+00:00
S1:455,wave,data/external/metocean/wave_61e32d190bcf2310b3456785.json,https://marine-api.open-meteo.com/v1/marine?latitude=33.49714847&longitude=-137.8789428&start_date=2016-09-29&end_date=2016-10-02&timezone=UTC&hourly=wave_height%2Cwave_direction%2Cwave_period&models=era5_ocean&cell_selection=sea,ok,2bb1585e081595e8a83dbe52b24517c70feda7135f6c99380ffd32d0f79daff5,3424,2026-09-26T08:41:06.397356+00:00
S1:455,current,data/external/metocean/current_c47d4586e4160e19cb315ea6.nc,https://ncss.hycom.org/thredds/ncss/GLBv0.08/expt_57.2?var=water_u&var=water_v&north=33.57814847&south=33.416148469999996&west=-137.9599428&east=-137.79794280000002&time_start=2016-09-29T00%3A00%3A00Z&time_end=2016-10-02T23%3A59%3A59Z&vertCoord=0&accept=netcdf&disableProjSubset=on,ok,be42ecdae6e12ba51b24a96e99690ac101d32bc0b5b76dc8fbcf3357cb1495ab,4236,2026-09-26T08:42:30.241858+00:00
S1:453,wind,data/external/metocean/wind_46ce38d18605ac85ae9516cf.json,https://archive-api.open-meteo.com/v1/archive?latitude=33.49731449&longitude=-138.6496094&start_date=2016-09-29&end_date=2016-10-02&timezone=UTC&hourly=wind_speed_10m%2Cwind_direction_10m&models=era5&wind_speed_unit=ms&cell_selection=nearest,ok,d7c94e88f704b43adc2277ac5995e369335fdc7845d5665a0b1697f7e42baaa6,2913,2026-09-26T08:41:06.389634+00:00
S1:453,wave,data/external/metocean/wave_95524d62bb7913a1a4e23bbb.json,https://marine-api.open-meteo.com/v1/marine?latitude=33.49731449&longitude=-138.6496094&start_date=2016-09-29&end_date=2016-10-02&timezone=UTC&hourly=wave_height%2Cwave_direction%2Cwave_period&models=era5_ocean&cell_selection=sea,ok,c804472243e4113e357d798447fe57e8e32db7077ce0e12a6ebb09bcde811e72,3424,2026-09-26T08:41:06.656960+00:00
S1:453,current,data/external/metocean/current_664f64d29b1069898e4233ca.nc,https://ncss.hycom.org/thredds/ncss/GLBv0.08/expt_57.2?var=water_u&var=water_v&north=33.578314490000004&south=33.41631449&west=-138.7306094&east=-138.5686094&time_start=2016-09-29T00%3A00%3A00Z&time_end=2016-10-02T23%3A59%3A59Z&vertCoord=0&accept=netcdf&disableProjSubset=on,ok,cb1f9101cfcd562631eee1c95d262742c59ee43562971bfd09816b0603e46e6c,4236,2026-09-26T08:42:30.320743+00:00
S1:460,wind,data/external/metocean/wind_bb688491d6c558659f63f7a4.json,https://archive-api.open-meteo.com/v1/archive?latitude=33.49765517&longitude=-135.7647745&start_date=2016-09-29&end_date=2016-10-02&timezone=UTC&hourly=wind_speed_10m%2Cwind_direction_10m&models=era5&wind_speed_unit=ms&cell_selection=nearest,ok,4c46cf16f2afef9c2ed551c80991cb3f71573265d4856675c2db2e2fc53d8571,2917,2026-09-26T08:41:06.642557+00:00
S1:460,wave,data/external/metocean/wave_14651dd278fefdc7deb701bb.json,https://marine-api.open-meteo.com/v1/marine?latitude=33.49765517&longitude=-135.7647745&start_date=2016-09-29&end_date=2016-10-02&timezone=UTC&hourly=wave_height%2Cwave_direction%2Cwave_period&models=era5_ocean&cell_selection=sea,ok,c46045931cb3ce1911fef5b5bb137f506d0bae2fbf010c7019114a3583d5a025,3436,2026-09-26T08:41:06.907824+00:00
S1:460,current,data/external/metocean/current_494d44e3ab1fdc2995fc8a9d.nc,https://ncss.hycom.org/thredds/ncss/GLBv0.08/expt_57.2?var=water_u&var=water_v&north=33.578655170000005&south=33.41665517&west=-135.84577449999998&east=-135.6837745&time_start=2016-09-29T00%3A00%3A00Z&time_end=2016-10-02T23%3A59%3A59Z&vertCoord=0&accept=netcdf&disableProjSubset=on,ok,e16cbf151cb91590c80e28e11fc0ffe221bc1407ead6653088e6e8fb93fdfece,4236,2026-09-26T08:42:30.477257+00:00
S1:451,wind,data/external/metocean/wind_60f3fc5847ca58ea7f93fe75.json,https://archive-api.open-meteo.com/v1/archive?latitude=33.49772243&longitude=-139.4681504&start_date=2016-09-29&end_date=2016-10-02&timezone=UTC&hourly=wind_speed_10m%2Cwind_direction_10m&models=era5&wind_speed_unit=ms&cell_selection=nearest,ok,939fe24e911439d937fbae43392290e75d0f59837b114e1f86877f0ab04424e7,2913,2026-09-26T08:41:07.166463+00:00
S1:451,wave,data/external/metocean/wave_b15d0881232012e10a51721e.json,https://marine-api.open-meteo.com/v1/marine?latitude=33.49772243&longitude=-139.4681504&start_date=2016-09-29&end_date=2016-10-02&timezone=UTC&hourly=wave_height%2Cwave_direction%2Cwave_period&models=era5_ocean&cell_selection=sea,ok,654a4f130058b3d483764abe26581aa8154538e579c6a281c38d4c23e96106b0,3422,2026-09-26T08:41:07.440854+00:00
S1:451,current,data/external/metocean/current_6074ae1517cf8d4a7291f152.nc,https://ncss.hycom.org/thredds/ncss/GLBv0.08/expt_57.2?var=water_u&var=water_v&north=33.578722430000006&south=33.41672243&west=-139.5491504&east=-139.38715040000002&time_start=2016-09-29T00%3A00%3A00Z&time_end=2016-10-02T23%3A59%3A59Z&vertCoord=0&accept=netcdf&disableProjSubset=on,ok,742fa7abc73baaa6eada37a992db8781e6c352eb51f561f05a23e59b37663e1e,4236,2026-09-26T08:42:30.800946+00:00
S1:450,wind,data/external/metocean/wind_049a461d0ab620c2a8c9551c.json,https://archive-api.open-meteo.com/v1/archive?latitude=33.49782254&longitude=-139.8681355&start_date=2016-09-29&end_date=2016-10-02&timezone=UTC&hourly=wind_speed_10m%2Cwind_direction_10m&models=era5&wind_speed_unit=ms&cell_selection=nearest,ok,199da01debed9435dd9e3db18d4cbcceef516340cd4ad838b1f6123981ba54d6,2913,2026-09-26T08:41:14.867576+00:00
S1:450,wave,data/external/metocean/wave_6f5d35d86cc51e523635e7f9.json,https://marine-api.open-meteo.com/v1/marine?latitude=33.49782254&longitude=-139.8681355&start_date=2016-09-29&end_date=2016-10-02&timezone=UTC&hourly=wave_height%2Cwave_direction%2Cwave_period&models=era5_ocean&cell_selection=sea,ok,fcb2c4810de2a1c387e22a2d043110a2422ac6b03e2b54b8278d1aecc328c23f,3416,2026-09-26T08:41:15.143312+00:00
S1:450,current,data/external/metocean/current_8260fb32812cb07c0d717b1d.nc,https://ncss.hycom.org/thredds/ncss/GLBv0.08/expt_57.2?var=water_u&var=water_v&north=33.578822540000004&south=33.41682254&west=-139.94913549999998&east=-139.7871355&time_start=2016-09-29T00%3A00%3A00Z&time_end=2016-10-02T23%3A59%3A59Z&vertCoord=0&accept=netcdf&disableProjSubset=on,ok,b08b71c41b43e79b40412131a6e72142e0dc493347b8802ee7f28d852fd53c1f,4236,2026-09-26T08:42:30.880222+00:00
S1:452,wind,data/external/metocean/wind_6ed51216328c1b2cc51615ae.json,https://archive-api.open-meteo.com/v1/archive?latitude=33.49785508&longitude=-139.0757409&start_date=2016-09-29&end_date=2016-10-02&timezone=UTC&hourly=wind_speed_10m%2Cwind_direction_10m&models=era5&wind_speed_unit=ms&cell_selection=nearest,ok,ceb4c31836bdfb493e42c91f8eed212316ade1c8159dae4359da24d8936f2998,2913,2026-09-26T08:41:15.392266+00:00
S1:452,wave,data/external/metocean/wave_d12017672799f85498ce0a21.json,https://marine-api.open-meteo.com/v1/marine?latitude=33.49785508&longitude=-139.0757409&start_date=2016-09-29&end_date=2016-10-02&timezone=UTC&hourly=wave_height%2Cwave_direction%2Cwave_period&models=era5_ocean&cell_selection=sea,ok,c247e4d5ca54c40e47f4b0f0db239d26e5d39f76246e80f1392a1694970c52ea,3424,2026-09-26T08:41:15.648029+00:00
S1:452,current,data/external/metocean/current_00edbdce67145a8cd5cdd678.nc,https://ncss.hycom.org/thredds/ncss/GLBv0.08/expt_57.2?var=water_u&var=water_v&north=33.578855080000004&south=33.41685508&west=-139.1567409&east=-138.9947409&time_start=2016-09-29T00%3A00%3A00Z&time_end=2016-10-02T23%3A59%3A59Z&vertCoord=0&accept=netcdf&disableProjSubset=on,ok,e61b62ba16709a1167950686422be806f3566b74826439267ce8a4c786989911,4236,2026-09-26T08:42:30.898631+00:00
S1:449,wind,data/external/metocean/wind_5c43d7f9ec8373d57b2679a6.json,https://archive-api.open-meteo.com/v1/archive?latitude=33.49795999&longitude=-140.3813425&start_date=2016-09-29&end_date=2016-10-02&timezone=UTC&hourly=wind_speed_10m%2Cwind_direction_10m&models=era5&wind_speed_unit=ms&cell_selection=nearest,ok,7eef08a9892633adf0e1d8bdf2faf7ccc2578518caa8c7f1cffb9fa096608911,2911,2026-09-26T08:41:15.898391+00:00
S1:449,wave,data/external/metocean/wave_a01c0dfe0f22d846468772bb.json,https://marine-api.open-meteo.com/v1/marine?latitude=33.49795999&longitude=-140.3813425&start_date=2016-09-29&end_date=2016-10-02&timezone=UTC&hourly=wave_height%2Cwave_direction%2Cwave_period&models=era5_ocean&cell_selection=sea,ok,92d5d662eaf37871b445dbd9bb6fc0c70519f410c108fece71c7e86c9518a4ea,3365,2026-09-26T08:41:16.160481+00:00
S1:449,current,data/external/metocean/current_b1dfd8594cadf744a21854d9.nc,https://ncss.hycom.org/thredds/ncss/GLBv0.08/expt_57.2?var=water_u&var=water_v&north=33.57895999&south=33.416959989999995&west=-140.46234249999998&east=-140.3003425&time_start=2016-09-29T00%3A00%3A00Z&time_end=2016-10-02T23%3A59%3A59Z&vertCoord=0&accept=netcdf&disableProjSubset=on,ok,79568f8ed061148970e960d775ccccd657a69deb7a899320187fe4d199e7b1fa,4236,2026-09-26T08:42:31.041762+00:00
S1:447,wind,data/external/metocean/wind_61588d43177cce93ec791572.json,https://archive-api.open-meteo.com/v1/archive?latitude=33.49799408&longitude=-141.1880803&start_date=2016-09-29&end_date=2016-10-02&timezone=UTC&hourly=wind_speed_10m%2Cwind_direction_10m&models=era5&wind_speed_unit=ms&cell_selection=nearest,ok,811582372d1e9aa52918846df18e45d6e3d68ae5ffc6a569643223b129bb980c,2910,2026-09-26T08:41:16.405993+00:00
S1:447,wave,data/external/metocean/wave_5362c78f0d6a6d57237c4172.json,https://marine-api.open-meteo.com/v1/marine?latitude=33.49799408&longitude=-141.1880803&start_date=2016-09-29&end_date=2016-10-02&timezone=UTC&hourly=wave_height%2Cwave_direction%2Cwave_period&models=era5_ocean&cell_selection=sea,ok,3c416ea0b897d8ebb2195fce55f349d0e4dd641251dd83bae99cb200406e3659,3369,2026-09-26T08:41:16.674854+00:00
S1:447,current,data/external/metocean/current_0c87c006584b6b2f603b2685.nc,https://ncss.hycom.org/thredds/ncss/GLBv0.08/expt_57.2?var=water_u&var=water_v&north=33.57899408&south=33.416994079999995&west=-141.26908029999998&east=-141.1070803&time_start=2016-09-29T00%3A00%3A00Z&time_end=2016-10-02T23%3A59%3A59Z&vertCoord=0&accept=netcdf&disableProjSubset=on,ok,410825686df9124add5ef3346fbb1953dee2a737bfda60382df912c52ddd5507,4236,2026-09-26T08:42:31.368987+00:00
S1:448,wind,data/external/metocean/wind_5ede4632a2b533669b4e12ec.json,https://archive-api.open-meteo.com/v1/archive?latitude=33.49808549&longitude=-140.7865538&start_date=2016-09-29&end_date=2016-10-02&timezone=UTC&hourly=wind_speed_10m%2Cwind_direction_10m&models=era5&wind_speed_unit=ms&cell_selection=nearest,ok,a4d00166388f2605bfe1f06db5fc4eed7837a8b3a01eba35e74d50e7282b1969,2911,2026-09-26T08:41:23.893261+00:00
S1:448,wave,data/external/metocean/wave_33314efe47343bcd1623d6c9.json,https://marine-api.open-meteo.com/v1/marine?latitude=33.49808549&longitude=-140.7865538&start_date=2016-09-29&end_date=2016-10-02&timezone=UTC&hourly=wave_height%2Cwave_direction%2Cwave_period&models=era5_ocean&cell_selection=sea,ok,d1c0e8d75f512cfb440f3858bdb535b1cb39847372729ec7ab7bee4d7ebfee0e,3369,2026-09-26T08:41:24.157431+00:00
S1:448,current,data/external/metocean/current_6d40d2b84ce9f0d9e1e05b9e.nc,https://ncss.hycom.org/thredds/ncss/GLBv0.08/expt_57.2?var=water_u&var=water_v&north=33.579085490000004&south=33.41708549&west=-140.8675538&east=-140.70555380000002&time_start=2016-09-29T00%3A00%3A00Z&time_end=2016-10-02T23%3A59%3A59Z&vertCoord=0&accept=netcdf&disableProjSubset=on,ok,7b2bdc52efec2cd4a8a9033200931ec1995231817342b473d7e269d3a7427bd4,4236,2026-09-26T08:42:31.413259+00:00
S1:456,wind,data/external/metocean/wind_977b64dabfef38a1002b3b14.json,https://archive-api.open-meteo.com/v1/archive?latitude=33.49815916&longitude=-137.3529596&start_date=2016-09-29&end_date=2016-10-02&timezone=UTC&hourly=wind_speed_10m%2Cwind_direction_10m&models=era5&wind_speed_unit=ms&cell_selection=nearest,ok,f057a357eeed2163811ce652fbde47bd217eb44bbc6f6c5c11a1972b87a232e9,2920,2026-09-26T08:41:24.407867+00:00
S1:456,wave,data/external/metocean/wave_4ed3edef616fc8cc5bdefc1d.json,https://marine-api.open-meteo.com/v1/marine?latitude=33.49815916&longitude=-137.3529596&start_date=2016-09-29&end_date=2016-10-02&timezone=UTC&hourly=wave_height%2Cwave_direction%2Cwave_period&models=era5_ocean&cell_selection=sea,ok,9a8e7112d3fd6a66996e94850e2d955e53a7ce4da38236add392379f5e57ded4,3425,2026-09-26T08:41:24.674415+00:00
S1:456,current,data/external/metocean/current_c3c6810ad04131d0a5c0a6b8.nc,https://ncss.hycom.org/thredds/ncss/GLBv0.08/expt_57.2?var=water_u&var=water_v&north=33.57915916&south=33.41715916&west=-137.43395959999998&east=-137.2719596&time_start=2016-09-29T00%3A00%3A00Z&time_end=2016-10-02T23%3A59%3A59Z&vertCoord=0&accept=netcdf&disableProjSubset=on,ok,ce2f862b8235fb6b59284b485b0b090ab57aa26dfa465b79c61dc4a7f9ef41d5,4236,2026-09-26T08:42:31.442992+00:00
S1:454,wind,data/external/metocean/wind_84814b19c6b6fa95d519d700.json,https://archive-api.open-meteo.com/v1/archive?latitude=33.49819128&longitude=-138.2703464&start_date=2016-09-29&end_date=2016-10-02&timezone=UTC&hourly=wind_speed_10m%2Cwind_direction_10m&models=era5&wind_speed_unit=ms&cell_selection=nearest,ok,c2aa94417d29ab4639d7bc56cfd8cc4c2a2eb8fa3cf90bada25bd24c367ba06a,2915,2026-09-26T08:41:24.944582+00:00
S1:454,wave,data/external/metocean/wave_7eb39ea9929f15ca889fb139.json,https://marine-api.open-meteo.com/v1/marine?latitude=33.49819128&longitude=-138.2703464&start_date=2016-09-29&end_date=2016-10-02&timezone=UTC&hourly=wave_height%2Cwave_direction%2Cwave_period&models=era5_ocean&cell_selection=sea,ok,6ed78294de2870322ca9c9ba868ef56cc853b0d738ff0ff7ac78eb1eee9e0b1a,3425,2026-09-26T08:41:25.216253+00:00
S1:454,current,data/external/metocean/current_a87f8c6387363b2884c17fd3.nc,https://ncss.hycom.org/thredds/ncss/GLBv0.08/expt_57.2?var=water_u&var=water_v&north=33.57919128&south=33.41719128&west=-138.35134639999998&east=-138.1893464&time_start=2016-09-29T00%3A00%3A00Z&time_end=2016-10-02T23%3A59%3A59Z&vertCoord=0&accept=netcdf&disableProjSubset=on,ok,4466c678fa248a84c8bba9450b855ed394f2aec13fd03a7de1b6486ec7ca3ff4,4236,2026-09-26T08:42:31.595549+00:00
S1:463,wind,data/external/metocean/wind_e34b98aec0e0251089208a9a.json,https://archive-api.open-meteo.com/v1/archive?latitude=30.23318968&longitude=-143.5611729&start_date=2016-10-03&end_date=2016-10-06&timezone=UTC&hourly=wind_speed_10m%2Cwind_direction_10m&models=era5&wind_speed_unit=ms&cell_selection=nearest,ok,d19e98b67d58454ea0f70a58229d46543f2a5589d6aaaf15446aa30357feace7,2930,2026-09-26T08:41:25.547610+00:00
S1:463,wave,data/external/metocean/wave_a2033b0e7c504a7982e05c56.json,https://marine-api.open-meteo.com/v1/marine?latitude=30.23318968&longitude=-143.5611729&start_date=2016-10-03&end_date=2016-10-06&timezone=UTC&hourly=wave_height%2Cwave_direction%2Cwave_period&models=era5_ocean&cell_selection=sea,ok,20ef161e01a5767653dda47f7b0fcf4d3c9658dfc0543d02c8b70271356e57a3,3454,2026-09-26T08:41:25.815886+00:00
S1:463,current,data/external/metocean/current_22b3610daa1c9fd220cf4ddd.nc,https://ncss.hycom.org/thredds/ncss/GLBv0.08/expt_57.2?var=water_u&var=water_v&north=30.31418968&south=30.15218968&west=-143.6421729&east=-143.4801729&time_start=2016-10-03T00%3A00%3A00Z&time_end=2016-10-06T23%3A59%3A59Z&vertCoord=0&accept=netcdf&disableProjSubset=on,ok,e034fef9eb61512cb779cb2326ce0cd12ba5bdd45b25c0e4782f7767c17632e8,4236,2026-09-26T08:42:33.362772+00:00
S1:464,wind,data/external/metocean/wind_3b56b73208fef415acc088c2.json,https://archive-api.open-meteo.com/v1/archive?latitude=30.38681784&longitude=-143.2532282&start_date=2016-10-03&end_date=2016-10-06&timezone=UTC&hourly=wind_speed_10m%2Cwind_direction_10m&models=era5&wind_speed_unit=ms&cell_selection=nearest,ok,90a72a6abcf884253e4ec12fd1d749e7314f10adc2627bf965a0c9327627153a,2931,2026-09-26T08:41:33.000073+00:00
S1:464,wave,data/external/metocean/wave_ef9e5d2e1518da3290d40677.json,https://marine-api.open-meteo.com/v1/marine?latitude=30.38681784&longitude=-143.2532282&start_date=2016-10-03&end_date=2016-10-06&timezone=UTC&hourly=wave_height%2Cwave_direction%2Cwave_period&models=era5_ocean&cell_selection=sea,ok,1072849680f1d62d7963a33a36c2566d42673396f7233d2b0cc4dbb3143f6fdc,3459,2026-09-26T08:41:33.264514+00:00
S1:464,current,data/external/metocean/current_54bb2ac2b10bdcc2edb36f83.nc,https://ncss.hycom.org/thredds/ncss/GLBv0.08/expt_57.2?var=water_u&var=water_v&north=30.46781784&south=30.30581784&west=-143.33422819999998&east=-143.1722282&time_start=2016-10-03T00%3A00%3A00Z&time_end=2016-10-06T23%3A59%3A59Z&vertCoord=0&accept=netcdf&disableProjSubset=on,ok,6445b8194429cd8d4f336ba6e263f8dc4ea7162e841d1af26f963c88d5799018,4236,2026-09-26T08:42:33.362355+00:00
S1:465,wind,data/external/metocean/wind_7bafc67ad29fec543242624e.json,https://archive-api.open-meteo.com/v1/archive?latitude=30.58268547&longitude=-142.8671268&start_date=2016-10-03&end_date=2016-10-06&timezone=UTC&hourly=wind_speed_10m%2Cwind_direction_10m&models=era5&wind_speed_unit=ms&cell_selection=nearest,ok,8152c45bbf65829f722a5a2858a151c3ac9384a3d480febb0c3f1399cb58f27b,2933,2026-09-26T08:41:33.507130+00:00
S1:465,wave,data/external/metocean/wave_ced4b9d2bcc2499f4000ac1b.json,https://marine-api.open-meteo.com/v1/marine?latitude=30.58268547&longitude=-142.8671268&start_date=2016-10-03&end_date=2016-10-06&timezone=UTC&hourly=wave_height%2Cwave_direction%2Cwave_period&models=era5_ocean&cell_selection=sea,ok,52ff47e25bcd8fdb1bf92b630316c478e9d7ae1e9a1341c235da5e84a90d5bfa,3462,2026-09-26T08:41:33.768691+00:00
S1:465,current,data/external/metocean/current_d7bb81e465e8cf1d6b66f998.nc,https://ncss.hycom.org/thredds/ncss/GLBv0.08/expt_57.2?var=water_u&var=water_v&north=30.66368547&south=30.50168547&west=-142.94812679999998&east=-142.7861268&time_start=2016-10-03T00%3A00%3A00Z&time_end=2016-10-06T23%3A59%3A59Z&vertCoord=0&accept=netcdf&disableProjSubset=on,ok,547b0af06a7f69ffc60759429ea5f94461b6816ff4a3e22b38e4d52adc9686bf,4236,2026-09-26T08:42:33.362885+00:00
S1:466,wind,data/external/metocean/wind_94a7a67826a3c862027f5bdb.json,https://archive-api.open-meteo.com/v1/archive?latitude=30.74667654&longitude=-142.5368304&start_date=2016-10-03&end_date=2016-10-06&timezone=UTC&hourly=wind_speed_10m%2Cwind_direction_10m&models=era5&wind_speed_unit=ms&cell_selection=nearest,ok,cb9b93d4cba85906946b9072b98bf85f003439fadff59ad2a5ed8b1202b8cd20,2929,2026-09-26T08:41:34.090023+00:00
S1:466,wave,data/external/metocean/wave_8c1bc84b1def60725f5348ee.json,https://marine-api.open-meteo.com/v1/marine?latitude=30.74667654&longitude=-142.5368304&start_date=2016-10-03&end_date=2016-10-06&timezone=UTC&hourly=wave_height%2Cwave_direction%2Cwave_period&models=era5_ocean&cell_selection=sea,ok,cf0bb469eec3ffbd4b73cb2e9d4f2653e7c6c5b94cbf87b11b981fed08813abd,3461,2026-09-26T08:41:34.355439+00:00
S1:466,current,data/external/metocean/current_b426fa35567473fe92b7f011.nc,https://ncss.hycom.org/thredds/ncss/GLBv0.08/expt_57.2?var=water_u&var=water_v&north=30.82767654&south=30.66567654&west=-142.6178304&east=-142.45583040000002&time_start=2016-10-03T00%3A00%3A00Z&time_end=2016-10-06T23%3A59%3A59Z&vertCoord=0&accept=netcdf&disableProjSubset=on,ok,a2479d1414bafc9ad07e84b1a06f1ffddf73633fe790bc1b5a416b95d5ca8604,4236,2026-09-26T08:42:33.362543+00:00
S1:467,wind,data/external/metocean/wind_fa87e4ea00319a7c140c64ca.json,https://archive-api.open-meteo.com/v1/archive?latitude=30.90977434&longitude=-142.213408&start_date=2016-10-03&end_date=2016-10-06&timezone=UTC&hourly=wind_speed_10m%2Cwind_direction_10m&models=era5&wind_speed_unit=ms&cell_selection=nearest,ok,e6c448c5ddf8ebdc89cf1ca8baf143c4d1d7979953bf518ddbe83073deea334f,2927,2026-09-26T08:41:34.636067+00:00
S1:467,wave,data/external/metocean/wave_fe02f473c60e35c87b7b65f4.json,https://marine-api.open-meteo.com/v1/marine?latitude=30.90977434&longitude=-142.213408&start_date=2016-10-03&end_date=2016-10-06&timezone=UTC&hourly=wave_height%2Cwave_direction%2Cwave_period&models=era5_ocean&cell_selection=sea,ok,c8ac4d48af3fa546ef82a7a002572f2324c156f1457605e81e8b0a3e188efe61,3464,2026-09-26T08:41:34.913766+00:00
S1:467,current,data/external/metocean/current_eb8a202ad23b3df9252804ac.nc,https://ncss.hycom.org/thredds/ncss/GLBv0.08/expt_57.2?var=water_u&var=water_v&north=30.990774339999998&south=30.82877434&west=-142.29440799999998&east=-142.132408&time_start=2016-10-03T00%3A00%3A00Z&time_end=2016-10-06T23%3A59%3A59Z&vertCoord=0&accept=netcdf&disableProjSubset=on,ok,d48e478b090bebb46c0f9d3e4f41fdf31af8a7c188bb305fd50b3b4f408a6a3a,4236,2026-09-26T08:42:34.112033+00:00
S1:468,wind,data/external/metocean/wind_6103e2b9b2392129a5564544.json,https://archive-api.open-meteo.com/v1/archive?latitude=31.11562742&longitude=-141.8027885&start_date=2016-10-03&end_date=2016-10-06&timezone=UTC&hourly=wind_speed_10m%2Cwind_direction_10m&models=era5&wind_speed_unit=ms&cell_selection=nearest,ok,0ed94a3d785947c7e0de39814936a330522affbb3a03783e4b1ce0395242fa82,2912,2026-09-26T08:41:42.064319+00:00
S1:468,wave,data/external/metocean/wave_e1e68fa995ed2278c6f119a2.json,https://marine-api.open-meteo.com/v1/marine?latitude=31.11562742&longitude=-141.8027885&start_date=2016-10-03&end_date=2016-10-06&timezone=UTC&hourly=wave_height%2Cwave_direction%2Cwave_period&models=era5_ocean&cell_selection=sea,ok,944c5002f209995861e2420835b714765f2c813e42221a57ec781bb4aa794590,3465,2026-09-26T08:41:42.342806+00:00
S1:468,current,data/external/metocean/current_c2c0d166c10cabbe417ecbb5.nc,https://ncss.hycom.org/thredds/ncss/GLBv0.08/expt_57.2?var=water_u&var=water_v&north=31.19662742&south=31.03462742&west=-141.88378849999998&east=-141.7217885&time_start=2016-10-03T00%3A00%3A00Z&time_end=2016-10-06T23%3A59%3A59Z&vertCoord=0&accept=netcdf&disableProjSubset=on,ok,534e7c65ee97ce16b83b492145c56760d3c410c206d86da8da0ec5497193ab4e,4236,2026-09-26T08:42:35.011244+00:00
S1:469,wind,data/external/metocean/wind_503fb8b841b6e4e2bd53bfe3.json,https://archive-api.open-meteo.com/v1/archive?latitude=31.30275286&longitude=-141.4250874&start_date=2016-10-03&end_date=2016-10-06&timezone=UTC&hourly=wind_speed_10m%2Cwind_direction_10m&models=era5&wind_speed_unit=ms&cell_selection=nearest,ok,aa7f5e7e4d166942f8363a3f92d22a6e12a9c05cfbce5d437de2b87d5b841efc,2909,2026-09-26T08:41:42.708686+00:00
S1:469,wave,data/external/metocean/wave_f5961cae1ff2b2b05d9b3b47.json,https://marine-api.open-meteo.com/v1/marine?latitude=31.30275286&longitude=-141.4250874&start_date=2016-10-03&end_date=2016-10-06&timezone=UTC&hourly=wave_height%2Cwave_direction%2Cwave_period&models=era5_ocean&cell_selection=sea,ok,3d66eae2e8d51749db11db75e1b3ffc409bc92686308cb54302c51b24a62dd0d,3456,2026-09-26T08:41:43.296885+00:00
S1:469,current,data/external/metocean/current_fc4b0ff8d965bed6681c5e92.nc,https://ncss.hycom.org/thredds/ncss/GLBv0.08/expt_57.2?var=water_u&var=water_v&north=31.383752859999998&south=31.22175286&west=-141.50608739999998&east=-141.3440874&time_start=2016-10-03T00%3A00%3A00Z&time_end=2016-10-06T23%3A59%3A59Z&vertCoord=0&accept=netcdf&disableProjSubset=on,ok,b6316db795d76afd486f05247f3933b642609a82e4652131bf4a2c8d2af8f303,4236,2026-09-26T08:42:34.112286+00:00
S1:470,wind,data/external/metocean/wind_fbae2074a59acf8ac04430d1.json,https://archive-api.open-meteo.com/v1/archive?latitude=31.49799962&longitude=-141.0369151&start_date=2016-10-03&end_date=2016-10-06&timezone=UTC&hourly=wind_speed_10m%2Cwind_direction_10m&models=era5&wind_speed_unit=ms&cell_selection=nearest,ok,6d19a5c21d2c5267dee2ba95fe37218273814fbd49fd4db21f22f2fb5f4dcec4,2911,2026-09-26T08:41:44.004607+00:00
S1:470,wave,data/external/metocean/wave_1863be5c58dbf6cd7168124b.json,https://marine-api.open-meteo.com/v1/marine?latitude=31.49799962&longitude=-141.0369151&start_date=2016-10-03&end_date=2016-10-06&timezone=UTC&hourly=wave_height%2Cwave_direction%2Cwave_period&models=era5_ocean&cell_selection=sea,ok,bad4d034daab8de24032fe729224a83fe9ba52527a0e7752e24f44b424d68e44,3454,2026-09-26T08:41:44.363623+00:00
S1:470,current,data/external/metocean/current_0b7c02904ec7744c02985363.nc,https://ncss.hycom.org/thredds/ncss/GLBv0.08/expt_57.2?var=water_u&var=water_v&north=31.57899962&south=31.416999620000002&west=-141.11791509999998&east=-140.9559151&time_start=2016-10-03T00%3A00%3A00Z&time_end=2016-10-06T23%3A59%3A59Z&vertCoord=0&accept=netcdf&disableProjSubset=on,ok,2a788e53e892d5e9b4690a37374e2b70085a3d345ac12414d1d5d5786403425e,4236,2026-09-26T08:42:34.112445+00:00
S1:471,wind,data/external/metocean/wind_f046ddda63aad39fc1ee66a8.json,https://archive-api.open-meteo.com/v1/archive?latitude=31.92996577&longitude=-140.1632373&start_date=2016-10-03&end_date=2016-10-06&timezone=UTC&hourly=wind_speed_10m%2Cwind_direction_10m&models=era5&wind_speed_unit=ms&cell_selection=nearest,ok,8a522c08c0dde599549dafc08c2d150e54fd109d2cee4a27a831f9365ffbbaed,2929,2026-09-26T08:41:44.619376+00:00
S1:471,wave,data/external/metocean/wave_0e3590e6db45989e8ecedfa0.json,https://marine-api.open-meteo.com/v1/marine?latitude=31.92996577&longitude=-140.1632373&start_date=2016-10-03&end_date=2016-10-06&timezone=UTC&hourly=wave_height%2Cwave_direction%2Cwave_period&models=era5_ocean&cell_selection=sea,ok,05a3c0e128c9724d8761b2613d7f2ac043868e159c99f631170daccc49def4fd,3445,2026-09-26T08:41:44.882061+00:00
S1:471,current,data/external/metocean/current_82222fd9e5636d4e85b4f688.nc,https://ncss.hycom.org/thredds/ncss/GLBv0.08/expt_57.2?var=water_u&var=water_v&north=32.01096577&south=31.84896577&west=-140.24423729999998&east=-140.0822373&time_start=2016-10-03T00%3A00%3A00Z&time_end=2016-10-06T23%3A59%3A59Z&vertCoord=0&accept=netcdf&disableProjSubset=on,ok,12aa9aec4388ccb5037ca932b6aaaa48082cc5724c33fbb403691ca30690f965,4236,2026-09-26T08:42:34.822380+00:00
S1:472,wind,data/external/metocean/wind_2c44224aabaa93dfd14b5f02.json,https://archive-api.open-meteo.com/v1/archive?latitude=32.111467&longitude=-139.7963323&start_date=2016-10-03&end_date=2016-10-06&timezone=UTC&hourly=wind_speed_10m%2Cwind_direction_10m&models=era5&wind_speed_unit=ms&cell_selection=nearest,ok,ccab067107c5cb769e4b7bbb49349f7a54b64121d1eef9c82b97d0af15d87d7c,2923,2026-09-26T08:41:51.192739+00:00
S1:472,wave,data/external/metocean/wave_a25d8198253dd6c4d977b94c.json,https://marine-api.open-meteo.com/v1/marine?latitude=32.111467&longitude=-139.7963323&start_date=2016-10-03&end_date=2016-10-06&timezone=UTC&hourly=wave_height%2Cwave_direction%2Cwave_period&models=era5_ocean&cell_selection=sea,ok,65b50175090f6b2f4098c7464feaa6ec2163ef57e663d57877847a347761bd4b,3446,2026-09-26T08:41:51.457598+00:00
S1:472,current,data/external/metocean/current_32e273d13ba230131b9b5ef4.nc,https://ncss.hycom.org/thredds/ncss/GLBv0.08/expt_57.2?var=water_u&var=water_v&north=32.192467&south=32.030466999999994&west=-139.87733229999998&east=-139.7153323&time_start=2016-10-03T00%3A00%3A00Z&time_end=2016-10-06T23%3A59%3A59Z&vertCoord=0&accept=netcdf&disableProjSubset=on,ok,1a94ea70081be10c7f620ed18da24d77889fa639fe88d3bddb368445de6e1e0f,4236,2026-09-26T08:42:34.998993+00:00
S1:473,wind,data/external/metocean/wind_2e07e86110b983b35bb85f5b.json,https://archive-api.open-meteo.com/v1/archive?latitude=32.28112714&longitude=-139.4525212&start_date=2016-10-03&end_date=2016-10-06&timezone=UTC&hourly=wind_speed_10m%2Cwind_direction_10m&models=era5&wind_speed_unit=ms&cell_selection=nearest,ok,340726a06551f9412e36240e6f3a54890fb3d515bbd10a789a291ad861b39fad,2959,2026-09-26T08:41:52.061027+00:00
S1:473,wave,data/external/metocean/wave_e5e23e763d16d383b35d69b4.json,https://marine-api.open-meteo.com/v1/marine?latitude=32.28112714&longitude=-139.4525212&start_date=2016-10-03&end_date=2016-10-06&timezone=UTC&hourly=wave_height%2Cwave_direction%2Cwave_period&models=era5_ocean&cell_selection=sea,ok,0e5f4ad0bf950f3643e3373d4dc923e10e6f55ff5067f6a6ae5eab0e5a1973c8,3477,2026-09-26T08:41:52.311947+00:00
S1:473,current,data/external/metocean/current_8d7d6c3d9bfcbe9cfbddfd82.nc,https://ncss.hycom.org/thredds/ncss/GLBv0.08/expt_57.2?var=water_u&var=water_v&north=32.362127140000005&south=32.20012714&west=-139.5335212&east=-139.37152120000002&time_start=2016-10-03T00%3A00%3A00Z&time_end=2016-10-06T23%3A59%3A59Z&vertCoord=0&accept=netcdf&disableProjSubset=on,ok,b4d68b19397f8009e286bae6ddc2e67dec555f5e271c828e86ebab094e17e35e,4236,2026-09-26T08:42:34.998804+00:00
S1:474,wind,data/external/metocean/wind_f3946547f1db5afca412ceff.json,https://archive-api.open-meteo.com/v1/archive?latitude=32.4514417&longitude=-139.1051593&start_date=2016-10-03&end_date=2016-10-06&timezone=UTC&hourly=wind_speed_10m%2Cwind_direction_10m&models=era5&wind_speed_unit=ms&cell_selection=nearest,ok,ac3688f1d4ace46a191fbf1bb1bdcaf77612709f114388f386300d458f152abf,2960,2026-09-26T08:41:52.857250+00:00
S1:474,wave,data/external/metocean/wave_5d43a484e970d359cb2290c9.json,https://marine-api.open-meteo.com/v1/marine?latitude=32.4514417&longitude=-139.1051593&start_date=2016-10-03&end_date=2016-10-06&timezone=UTC&hourly=wave_height%2Cwave_direction%2Cwave_period&models=era5_ocean&cell_selection=sea,ok,79afd9f023242a867d49f2808c2707944f9a6c8bc275c26273f00ed2d75fe064,3493,2026-09-26T08:41:53.106961+00:00
S1:474,current,data/external/metocean/current_118ef5e2a30f7a565f295f4a.nc,https://ncss.hycom.org/thredds/ncss/GLBv0.08/expt_57.2?var=water_u&var=water_v&north=32.5324417&south=32.37044169999999&west=-139.18615929999999&east=-139.0241593&time_start=2016-10-03T00%3A00%3A00Z&time_end=2016-10-06T23%3A59%3A59Z&vertCoord=0&accept=netcdf&disableProjSubset=on,ok,b50c5d0e41c86e7c25ecdab1e039aab4488ad99be34a69cce84c24ed20e88558,4236,2026-09-26T08:42:36.747010+00:00
S1:475,wind,data/external/metocean/wind_c6d7a0f5301ad80dbd49562b.json,https://archive-api.open-meteo.com/v1/archive?latitude=32.61532021&longitude=-138.7708699&start_date=2016-10-03&end_date=2016-10-06&timezone=UTC&hourly=wind_speed_10m%2Cwind_direction_10m&models=era5&wind_speed_unit=ms&cell_selection=nearest,ok,ad62aae65161d498172167d514ec6b40be5c1b097cee878479c223efe4bfab39,2962,2026-09-26T08:41:53.666733+00:00
S1:475,wave,data/external/metocean/wave_cc72e634cd0d155d65d2961d.json,https://marine-api.open-meteo.com/v1/marine?latitude=32.61532021&longitude=-138.7708699&start_date=2016-10-03&end_date=2016-10-06&timezone=UTC&hourly=wave_height%2Cwave_direction%2Cwave_period&models=era5_ocean&cell_selection=sea,ok,96fab39d0c21221f1b13b55b29d215f9e80f81f797e9f04503e2dd30a92a9b68,3492,2026-09-26T08:41:53.917287+00:00
S1:475,current,data/external/metocean/current_2dc5d9f568409fcf496396d7.nc,https://ncss.hycom.org/thredds/ncss/GLBv0.08/expt_57.2?var=water_u&var=water_v&north=32.69632021&south=32.53432021&west=-138.8518699&east=-138.68986990000002&time_start=2016-10-03T00%3A00%3A00Z&time_end=2016-10-06T23%3A59%3A59Z&vertCoord=0&accept=netcdf&disableProjSubset=on,ok,df6e3be9b0e654915dd779df8a84b7edbccf6746f4415b93eab913edebfa31ce,4236,2026-09-26T08:42:35.571016+00:00
S1:476,wind,data/external/metocean/wind_0868b64653b302e16c16aaee.json,https://archive-api.open-meteo.com/v1/archive?latitude=32.78551367&longitude=-138.424217&start_date=2016-10-03&end_date=2016-10-06&timezone=UTC&hourly=wind_speed_10m%2Cwind_direction_10m&models=era5&wind_speed_unit=ms&cell_selection=nearest,ok,fb0108c1f346d831bfd039e33b9625845c8069cfb65c51c24998c600c7fa4d91,2958,2026-09-26T08:42:00.290258+00:00
S1:476,wave,data/external/metocean/wave_c217407ad753c20cef731d0b.json,https://marine-api.open-meteo.com/v1/marine?latitude=32.78551367&longitude=-138.424217&start_date=2016-10-03&end_date=2016-10-06&timezone=UTC&hourly=wave_height%2Cwave_direction%2Cwave_period&models=era5_ocean&cell_selection=sea,ok,caf1c2341967929fd9479bad0d72d39ba0ff2e608351cc3f467069308b1410fa,3493,2026-09-26T08:42:00.553555+00:00
S1:476,current,data/external/metocean/current_1192a11d487351d8db52c3ed.nc,https://ncss.hycom.org/thredds/ncss/GLBv0.08/expt_57.2?var=water_u&var=water_v&north=32.86651367&south=32.70451367&west=-138.505217&east=-138.343217&time_start=2016-10-03T00%3A00%3A00Z&time_end=2016-10-06T23%3A59%3A59Z&vertCoord=0&accept=netcdf&disableProjSubset=on,ok,650e465ff2c959b7d177551cf0448df539a3c5757624231e4d9a13f663327dfc,4236,2026-09-26T08:42:35.772741+00:00
S1:477,wind,data/external/metocean/wind_6ed82a65b70eda238af66f69.json,https://archive-api.open-meteo.com/v1/archive?latitude=32.91726452&longitude=-138.1558311&start_date=2016-10-03&end_date=2016-10-06&timezone=UTC&hourly=wind_speed_10m%2Cwind_direction_10m&models=era5&wind_speed_unit=ms&cell_selection=nearest,ok,41c40d5d4d7cda900d534d775a1e2687a01409bdc5074846ec6cea4ece1cffc5,2968,2026-09-26T08:42:01.100968+00:00
S1:477,wave,data/external/metocean/wave_c93127186d3574a669302a80.json,https://marine-api.open-meteo.com/v1/marine?latitude=32.91726452&longitude=-138.1558311&start_date=2016-10-03&end_date=2016-10-06&timezone=UTC&hourly=wave_height%2Cwave_direction%2Cwave_period&models=era5_ocean&cell_selection=sea,ok,d641851b4c4c4d38d502a26ac7268d58c3da3ebbbb2d6f20ea17e5e381d75a09,3492,2026-09-26T08:42:01.363671+00:00
S1:477,current,data/external/metocean/current_6722c8d6f4cad4230cd247b8.nc,https://ncss.hycom.org/thredds/ncss/GLBv0.08/expt_57.2?var=water_u&var=water_v&north=32.998264520000006&south=32.83626452&west=-138.2368311&east=-138.0748311&time_start=2016-10-03T00%3A00%3A00Z&time_end=2016-10-06T23%3A59%3A59Z&vertCoord=0&accept=netcdf&disableProjSubset=on,ok,30a7e18ba7dcde73cb05fe4313d3338d9a16581adeec056c1719923e0a5f5efc,4236,2026-09-26T08:42:35.585013+00:00
S4:DOORS3:T2,wind,data/external/metocean/wind_eca39986b44b2bcdcc55a535.json,https://archive-api.open-meteo.com/v1/archive?latitude=43.55139&longitude=29.83056&start_date=2024-05-30&end_date=2024-06-02&timezone=UTC&hourly=wind_speed_10m%2Cwind_direction_10m&models=era5&wind_speed_unit=ms&cell_selection=nearest,ok,1cdbfc3a9983ba15a1bf9fd847188ebff460cf78d567237c2eba6e5d5339697f,2994,2026-09-26T08:42:02.033863+00:00
S4:DOORS3:T2,wave,data/external/metocean/wave_095a976f1fb02e13fb140544.json,https://marine-api.open-meteo.com/v1/marine?latitude=43.55139&longitude=29.83056&start_date=2024-05-30&end_date=2024-06-02&timezone=UTC&hourly=wave_height%2Cwave_direction%2Cwave_period&models=era5_ocean&cell_selection=sea,ok,73c945fa0c4c3ecbbde25632df99735c25e39b4d48040b21d5067219153ce930,3490,2026-09-26T08:42:02.291227+00:00
S4:DOORS3:T2,current,data/external/metocean/current_d9fbed7223d89a8261e2de96.json,https://marine-api.open-meteo.com/v1/marine?latitude=43.55139&longitude=29.83056&start_date=2024-05-30&end_date=2024-06-02&timezone=UTC&hourly=ocean_current_velocity%2Cocean_current_direction&models=meteofrance_currents&velocity_unit=ms&cell_selection=sea,ok,d0dbe491d8baad3b2c5a11213f3fc90cfe72097e263b717f375dda13031958a6,2913,2026-09-26T08:42:02.556822+00:00
S4:DOORS3:T1,wind,data/external/metocean/wind_32f2c96ef1cbbb35f559b8f7.json,https://archive-api.open-meteo.com/v1/archive?latitude=43.60877&longitude=29.6227&start_date=2024-05-30&end_date=2024-06-02&timezone=UTC&hourly=wind_speed_10m%2Cwind_direction_10m&models=era5&wind_speed_unit=ms&cell_selection=nearest,ok,028b9614a13992b879d93cb9b75428116af43d8be45753770e318b6dfea89546,2992,2026-09-26T08:42:02.763350+00:00
S4:DOORS3:T1,wave,data/external/metocean/wave_136fc2115a7e155e496f5a2c.json,https://marine-api.open-meteo.com/v1/marine?latitude=43.60877&longitude=29.6227&start_date=2024-05-30&end_date=2024-06-02&timezone=UTC&hourly=wave_height%2Cwave_direction%2Cwave_period&models=era5_ocean&cell_selection=sea,ok,021833f1214e83dac995444c7e49c28e12ebcb6e4c54ac07b1b1f6c21e5229e2,3491,2026-09-26T08:42:02.817690+00:00
S4:DOORS3:T1,current,data/external/metocean/current_c3036030a77e9ab03af81342.json,https://marine-api.open-meteo.com/v1/marine?latitude=43.60877&longitude=29.6227&start_date=2024-05-30&end_date=2024-06-02&timezone=UTC&hourly=ocean_current_velocity%2Cocean_current_direction&models=meteofrance_currents&velocity_unit=ms&cell_selection=sea,ok,686707a70176a7628829a351826453e3d3217d84f36a6dccb323314523c22b2c,2906,2026-09-26T08:42:03.021873+00:00
S4:DOORS3:T10,wind,data/external/metocean/wind_9709d3b6eca6e6b4657f0077.json,https://archive-api.open-meteo.com/v1/archive?latitude=42.88389&longitude=34.07009&start_date=2024-05-31&end_date=2024-06-03&timezone=UTC&hourly=wind_speed_10m%2Cwind_direction_10m&models=era5&wind_speed_unit=ms&cell_selection=nearest,ok,1b1b75d07637ad85f35fd321e773058b2f0f9683d064869eb6f0db0407fba673,2962,2026-09-26T08:42:03.062698+00:00
S4:DOORS3:T10,wave,data/external/metocean/wave_6143c245143cb536c0bc7232.json,https://marine-api.open-meteo.com/v1/marine?latitude=42.88389&longitude=34.07009&start_date=2024-05-31&end_date=2024-06-03&timezone=UTC&hourly=wave_height%2Cwave_direction%2Cwave_period&models=era5_ocean&cell_selection=sea,ok,9a3c00ce0c6300a880638182656b9a2039fb70fdb28f19b988cd0809d68448a1,3489,2026-09-26T08:42:03.288668+00:00
S4:DOORS3:T10,current,data/external/metocean/current_87fea1648eb40cf7ddfbfe98.json,https://marine-api.open-meteo.com/v1/marine?latitude=42.88389&longitude=34.07009&start_date=2024-05-31&end_date=2024-06-03&timezone=UTC&hourly=ocean_current_velocity%2Cocean_current_direction&models=meteofrance_currents&velocity_unit=ms&cell_selection=sea,ok,4d702523efe56d68d29a20fc7cd67d7078107ce2f77e40da7bda7f95efd42d8a,2914,2026-09-26T08:42:03.344059+00:00
S4:DOORS3:T9,wind,data/external/metocean/wind_091440da87983bb5bc76ef29.json,https://archive-api.open-meteo.com/v1/archive?latitude=42.92725&longitude=33.84326&start_date=2024-05-31&end_date=2024-06-03&timezone=UTC&hourly=wind_speed_10m%2Cwind_direction_10m&models=era5&wind_speed_unit=ms&cell_selection=nearest,ok,4a45dd17d004bbd9bda1a214ee08539af119eafcd6761fd6908367dce0d44222,2968,2026-09-26T08:42:03.552645+00:00
S4:DOORS3:T9,wave,data/external/metocean/wave_9e3055e76e2310991529c22d.json,https://marine-api.open-meteo.com/v1/marine?latitude=42.92725&longitude=33.84326&start_date=2024-05-31&end_date=2024-06-03&timezone=UTC&hourly=wave_height%2Cwave_direction%2Cwave_period&models=era5_ocean&cell_selection=sea,ok,c201c38de700a0bf8cfcedfcb38ee46b0e1e90a8c438028590ff46faf332f1bd,3489,2026-09-26T08:42:03.624080+00:00
S4:DOORS3:T9,current,data/external/metocean/current_b91fc400f25aeb0357d1daaa.json,https://marine-api.open-meteo.com/v1/marine?latitude=42.92725&longitude=33.84326&start_date=2024-05-31&end_date=2024-06-03&timezone=UTC&hourly=ocean_current_velocity%2Cocean_current_direction&models=meteofrance_currents&velocity_unit=ms&cell_selection=sea,ok,012aadc0f7134d5981643351cc8a3e7a5aa40771c502a138f5f2de81b86624f2,2899,2026-09-26T08:42:03.832024+00:00
S4:DOORS3:T8,wind,data/external/metocean/wind_88dabdf19134d930147353ca.json,https://archive-api.open-meteo.com/v1/archive?latitude=42.97347&longitude=33.58861&start_date=2024-05-31&end_date=2024-06-03&timezone=UTC&hourly=wind_speed_10m%2Cwind_direction_10m&models=era5&wind_speed_unit=ms&cell_selection=nearest,ok,6ecd27f70353e1235fb7332b325030fe04eeedb7a0e41d12726780ca5ce6bd24,2967,2026-09-26T08:42:03.866844+00:00
S4:DOORS3:T8,wave,data/external/metocean/wave_8ac5ec945fc1c6fa6095797b.json,https://marine-api.open-meteo.com/v1/marine?latitude=42.97347&longitude=33.58861&start_date=2024-05-31&end_date=2024-06-03&timezone=UTC&hourly=wave_height%2Cwave_direction%2Cwave_period&models=era5_ocean&cell_selection=sea,ok,609d9ce925bba31d1635166160b8c97be6e7e0e5099df8d7ad91d0d4323c584e,3487,2026-09-26T08:42:04.090188+00:00
S4:DOORS3:T8,current,data/external/metocean/current_ea72b82c8537f39707761e66.json,https://marine-api.open-meteo.com/v1/marine?latitude=42.97347&longitude=33.58861&start_date=2024-05-31&end_date=2024-06-03&timezone=UTC&hourly=ocean_current_velocity%2Cocean_current_direction&models=meteofrance_currents&velocity_unit=ms&cell_selection=sea,ok,6a141dd3cd01295417771d5b7dbf06e591fe2b502dc9ed9151da306f2c90a1b8,2891,2026-09-26T08:42:04.125347+00:00
S4:DOORS3:T7,wind,data/external/metocean/wind_9f12af5f5416bf3dc775e59f.json,https://archive-api.open-meteo.com/v1/archive?latitude=42.98847&longitude=33.42236&start_date=2024-05-31&end_date=2024-06-03&timezone=UTC&hourly=wind_speed_10m%2Cwind_direction_10m&models=era5&wind_speed_unit=ms&cell_selection=nearest,ok,263cb990e0836482cd824023af70ca0a173e2eeee7128060a89d71c89c2dc059,2967,2026-09-26T08:42:04.342020+00:00
S4:DOORS3:T7,wave,data/external/metocean/wave_1068c8d35f3b76cbf1774ae0.json,https://marine-api.open-meteo.com/v1/marine?latitude=42.98847&longitude=33.42236&start_date=2024-05-31&end_date=2024-06-03&timezone=UTC&hourly=wave_height%2Cwave_direction%2Cwave_period&models=era5_ocean&cell_selection=sea,ok,26eead20909092309a7a0e86779475dea5d91552fa4160c85f2f08859e1e23a3,3487,2026-09-26T08:42:04.400051+00:00
S4:DOORS3:T7,current,data/external/metocean/current_df10acc0e314a4b572ccecf0.json,https://marine-api.open-meteo.com/v1/marine?latitude=42.98847&longitude=33.42236&start_date=2024-05-31&end_date=2024-06-03&timezone=UTC&hourly=ocean_current_velocity%2Cocean_current_direction&models=meteofrance_currents&velocity_unit=ms&cell_selection=sea,ok,9048aa020c79e345c9e4ae98155d0e0d1b0e75b7a09e272d96ee2e32881a67c1,2896,2026-09-26T08:42:04.597750+00:00
S4:DOORS3:T6,wind,data/external/metocean/wind_a3e240eee98edd0d2518c8c0.json,https://archive-api.open-meteo.com/v1/archive?latitude=43.02454&longitude=33.19144&start_date=2024-05-31&end_date=2024-06-03&timezone=UTC&hourly=wind_speed_10m%2Cwind_direction_10m&models=era5&wind_speed_unit=ms&cell_selection=nearest,ok,2af067e89380a5ab9d9c9ea7d575d1515abf5f41daf5aebf843f15e49a0af466,2968,2026-09-26T08:42:04.645179+00:00
S4:DOORS3:T6,wave,data/external/metocean/wave_1dc70e93159b42942f1bbd3a.json,https://marine-api.open-meteo.com/v1/marine?latitude=43.02454&longitude=33.19144&start_date=2024-05-31&end_date=2024-06-03&timezone=UTC&hourly=wave_height%2Cwave_direction%2Cwave_period&models=era5_ocean&cell_selection=sea,ok,644fa1e3adff6e66402fc75d7c3337645acf6477811587cbe7034bc02d8c8680,3483,2026-09-26T08:42:04.865224+00:00
S4:DOORS3:T6,current,data/external/metocean/current_f83c7aae7bd1771d6606abb4.json,https://marine-api.open-meteo.com/v1/marine?latitude=43.02454&longitude=33.19144&start_date=2024-05-31&end_date=2024-06-03&timezone=UTC&hourly=ocean_current_velocity%2Cocean_current_direction&models=meteofrance_currents&velocity_unit=ms&cell_selection=sea,ok,7e670e1c480e5cc3df7b9bc15cfcabf1d7ba21d8b015973e516bbc3d19eb198e,2890,2026-09-26T08:42:04.914180+00:00
S4:DOORS3:T5,wind,data/external/metocean/wind_9c2953e9097f5c795c3fa045.json,https://archive-api.open-meteo.com/v1/archive?latitude=43.08425&longitude=32.83359&start_date=2024-05-31&end_date=2024-06-03&timezone=UTC&hourly=wind_speed_10m%2Cwind_direction_10m&models=era5&wind_speed_unit=ms&cell_selection=nearest,ok,94f9dc02c9a74eff407e61ad4daf16e98913e45675f5f8942ab17c725fd5508e,2965,2026-09-26T08:42:05.111231+00:00
S4:DOORS3:T5,wave,data/external/metocean/wave_29d10e004c014bb1301dc13d.json,https://marine-api.open-meteo.com/v1/marine?latitude=43.08425&longitude=32.83359&start_date=2024-05-31&end_date=2024-06-03&timezone=UTC&hourly=wave_height%2Cwave_direction%2Cwave_period&models=era5_ocean&cell_selection=sea,ok,45ab34073a0e6438bf606f6038b5e51201502f45dedc9b04c3e2ef1f5962b9d5,3483,2026-09-26T08:42:05.175505+00:00
S4:DOORS3:T5,current,data/external/metocean/current_0d2a040ba47131e2852a5a97.json,https://marine-api.open-meteo.com/v1/marine?latitude=43.08425&longitude=32.83359&start_date=2024-05-31&end_date=2024-06-03&timezone=UTC&hourly=ocean_current_velocity%2Cocean_current_direction&models=meteofrance_currents&velocity_unit=ms&cell_selection=sea,ok,bf9e4661bb9bab04c2c4c15a9d572485df71429dbbd3fa661f630326cf09c1ee,2901,2026-09-26T08:42:05.374436+00:00
S4:DOORS3:T4,wind,data/external/metocean/wind_95702d469ea474128e2f7edf.json,https://archive-api.open-meteo.com/v1/archive?latitude=43.11612&longitude=32.59565&start_date=2024-05-31&end_date=2024-06-03&timezone=UTC&hourly=wind_speed_10m%2Cwind_direction_10m&models=era5&wind_speed_unit=ms&cell_selection=nearest,ok,35f8680b24e3ef1236f700da1916eec3f978267587015743355e2a6fe47e565b,2969,2026-09-26T08:42:05.420519+00:00
S4:DOORS3:T4,wave,data/external/metocean/wave_b058aa7560d702f932411876.json,https://marine-api.open-meteo.com/v1/marine?latitude=43.11612&longitude=32.59565&start_date=2024-05-31&end_date=2024-06-03&timezone=UTC&hourly=wave_height%2Cwave_direction%2Cwave_period&models=era5_ocean&cell_selection=sea,ok,17972957abe54c17a1e7a43091cd1f158d4914156310ea35527e1234fe7e49b3,3480,2026-09-26T08:42:05.629225+00:00
S4:DOORS3:T4,current,data/external/metocean/current_51619d31512cf6f6e9d66709.json,https://marine-api.open-meteo.com/v1/marine?latitude=43.11612&longitude=32.59565&start_date=2024-05-31&end_date=2024-06-03&timezone=UTC&hourly=ocean_current_velocity%2Cocean_current_direction&models=meteofrance_currents&velocity_unit=ms&cell_selection=sea,ok,e232288f9c0bbf89588143f8ee24ab8937404c8cf014d476b4ac9660479427d5,2893,2026-09-26T08:42:05.677848+00:00
S4:DOORS3:T3,wind,data/external/metocean/wind_a0179bb00f83b99d70d5d12c.json,https://archive-api.open-meteo.com/v1/archive?latitude=43.13&longitude=32.45125&start_date=2024-05-31&end_date=2024-06-03&timezone=UTC&hourly=wind_speed_10m%2Cwind_direction_10m&models=era5&wind_speed_unit=ms&cell_selection=nearest,ok,bb4e0c4629a35146c262d9ddb50c801cc4331a5ca0460774478dfc888614a009,2978,2026-09-26T08:42:05.879368+00:00
S4:DOORS3:T3,wave,data/external/metocean/wave_ae55dc4d8ede78633706033d.json,https://marine-api.open-meteo.com/v1/marine?latitude=43.13&longitude=32.45125&start_date=2024-05-31&end_date=2024-06-03&timezone=UTC&hourly=wave_height%2Cwave_direction%2Cwave_period&models=era5_ocean&cell_selection=sea,ok,1bd8028818fd61fee7166c751311386d52e25b927007fdab5b35b31fc86fdd0c,3478,2026-09-26T08:42:05.946195+00:00
S4:DOORS3:T3,current,data/external/metocean/current_cba35006f2b8afc11fccda2e.json,https://marine-api.open-meteo.com/v1/marine?latitude=43.13&longitude=32.45125&start_date=2024-05-31&end_date=2024-06-03&timezone=UTC&hourly=ocean_current_velocity%2Cocean_current_direction&models=meteofrance_currents&velocity_unit=ms&cell_selection=sea,ok,22d59fdd4e489c22040850844d5e60c7fb66e89740d420148e6ab7ef314d57e8,2867,2026-09-26T08:42:06.200787+00:00
S4:DOORS3:T17,wind,data/external/metocean/wind_35149ad4228de4c32366d473.json,https://archive-api.open-meteo.com/v1/archive?latitude=42.21806&longitude=38.41583&start_date=2024-06-01&end_date=2024-06-04&timezone=UTC&hourly=wind_speed_10m%2Cwind_direction_10m&models=era5&wind_speed_unit=ms&cell_selection=nearest,ok,9005ba6d6c89837fe553754cf039658f843d877828098f5c008708a8faa6a08e,2940,2026-09-26T08:42:06.216512+00:00
S4:DOORS3:T17,wave,data/external/metocean/wave_5061dc4477e5fb93a4d21a49.json,https://marine-api.open-meteo.com/v1/marine?latitude=42.21806&longitude=38.41583&start_date=2024-06-01&end_date=2024-06-04&timezone=UTC&hourly=wave_height%2Cwave_direction%2Cwave_period&models=era5_ocean&cell_selection=sea,ok,93eddd50a5801cdf2120e651af549e2f2eb51ae93f89e29e6134ae64373da1cb,3418,2026-09-26T08:42:06.460672+00:00
S4:DOORS3:T17,current,data/external/metocean/current_f0f7463a0fc7c82422a87478.json,https://marine-api.open-meteo.com/v1/marine?latitude=42.21806&longitude=38.41583&start_date=2024-06-01&end_date=2024-06-04&timezone=UTC&hourly=ocean_current_velocity%2Cocean_current_direction&models=meteofrance_currents&velocity_unit=ms&cell_selection=sea,ok,71091f3cf81c1e26f8fb775edef7af67c168116eb8e3694b09f9430a1a7b5157,2931,2026-09-26T08:42:06.479103+00:00
S4:DOORS3:T16,wind,data/external/metocean/wind_349e304f095a7898c18ca94a.json,https://archive-api.open-meteo.com/v1/archive?latitude=42.26162&longitude=38.13714&start_date=2024-06-01&end_date=2024-06-04&timezone=UTC&hourly=wind_speed_10m%2Cwind_direction_10m&models=era5&wind_speed_unit=ms&cell_selection=nearest,ok,774a4a0a9aa4b2ccb95fa6065407f76c54ab2b6447c1e7993b7fc28323dfc0ee,2948,2026-09-26T08:42:06.704775+00:00
S4:DOORS3:T16,wave,data/external/metocean/wave_8dd4b7568a31402b25cf45ad.json,https://marine-api.open-meteo.com/v1/marine?latitude=42.26162&longitude=38.13714&start_date=2024-06-01&end_date=2024-06-04&timezone=UTC&hourly=wave_height%2Cwave_direction%2Cwave_period&models=era5_ocean&cell_selection=sea,ok,5476e38d5404e96256a503656bb0d2b1aa95b8c255d0018aa4c157df037c0b16,3441,2026-09-26T08:42:06.730818+00:00
S4:DOORS3:T16,current,data/external/metocean/current_2eed1d7f5f88e0291fd9dc3f.json,https://marine-api.open-meteo.com/v1/marine?latitude=42.26162&longitude=38.13714&start_date=2024-06-01&end_date=2024-06-04&timezone=UTC&hourly=ocean_current_velocity%2Cocean_current_direction&models=meteofrance_currents&velocity_unit=ms&cell_selection=sea,ok,caffb15df6252fe9a5e208ed3e24dda6117610bdee1b59abd801d218899361f8,2912,2026-09-26T08:42:06.963559+00:00
S4:DOORS3:T15,wind,data/external/metocean/wind_3fdaa5964464581529ddf4d6.json,https://archive-api.open-meteo.com/v1/archive?latitude=42.30189&longitude=37.87974&start_date=2024-06-01&end_date=2024-06-04&timezone=UTC&hourly=wind_speed_10m%2Cwind_direction_10m&models=era5&wind_speed_unit=ms&cell_selection=nearest,ok,b9f5abf6c026cd1e633f997710ffb570018b037d4268d2c0561cc8a00b85c650,2954,2026-09-26T08:42:06.974851+00:00
S4:DOORS3:T15,wave,data/external/metocean/wave_f26cb1c2dd509444b14e7917.json,https://marine-api.open-meteo.com/v1/marine?latitude=42.30189&longitude=37.87974&start_date=2024-06-01&end_date=2024-06-04&timezone=UTC&hourly=wave_height%2Cwave_direction%2Cwave_period&models=era5_ocean&cell_selection=sea,ok,3a557ea3d81b8ebe929adba85c11b76954acf06b67af97c8c2e48979cfe00d61,3440,2026-09-26T08:42:07.226424+00:00
S4:DOORS3:T15,current,data/external/metocean/current_c974801c338a579f2b0023a2.json,https://marine-api.open-meteo.com/v1/marine?latitude=42.30189&longitude=37.87974&start_date=2024-06-01&end_date=2024-06-04&timezone=UTC&hourly=ocean_current_velocity%2Cocean_current_direction&models=meteofrance_currents&velocity_unit=ms&cell_selection=sea,ok,b9e17c2b535f2cf01aeca0248385f2cb2dd3a531b2d9a2c234a29d832cf57c73,2910,2026-09-26T08:42:07.242756+00:00
S4:DOORS3:T14,wind,data/external/metocean/wind_05ccdd1154c4e189af842f46.json,https://archive-api.open-meteo.com/v1/archive?latitude=42.33851&longitude=37.66594&start_date=2024-06-01&end_date=2024-06-04&timezone=UTC&hourly=wind_speed_10m%2Cwind_direction_10m&models=era5&wind_speed_unit=ms&cell_selection=nearest,ok,cb67f9fcc04453276a927cad91137c5e7bb88ddcc3d59e291975aa13d4280e3a,2957,2026-09-26T08:42:07.479502+00:00
S4:DOORS3:T14,wave,data/external/metocean/wave_e44ee2cb47b23b25f407b1ff.json,https://marine-api.open-meteo.com/v1/marine?latitude=42.33851&longitude=37.66594&start_date=2024-06-01&end_date=2024-06-04&timezone=UTC&hourly=wave_height%2Cwave_direction%2Cwave_period&models=era5_ocean&cell_selection=sea,ok,0cfdf938f1c8c50a44e9bf468f2c00cca8e11ea18880fddfc3c683182b27ad9c,3450,2026-09-26T08:42:07.498701+00:00
S4:DOORS3:T14,current,data/external/metocean/current_cc8e1c6ef2d4b96c53d202ca.json,https://marine-api.open-meteo.com/v1/marine?latitude=42.33851&longitude=37.66594&start_date=2024-06-01&end_date=2024-06-04&timezone=UTC&hourly=ocean_current_velocity%2Cocean_current_direction&models=meteofrance_currents&velocity_unit=ms&cell_selection=sea,ok,0ea9cdd611f5d82358c3a8210ea29fa399ae005469d97b9db8118990737c265f,2909,2026-09-26T08:42:07.730687+00:00
S4:DOORS3:T13,wind,data/external/metocean/wind_a369f97a80ea4dbeb2ac4e37.json,https://archive-api.open-meteo.com/v1/archive?latitude=42.39014&longitude=37.32999&start_date=2024-06-01&end_date=2024-06-04&timezone=UTC&hourly=wind_speed_10m%2Cwind_direction_10m&models=era5&wind_speed_unit=ms&cell_selection=nearest,ok,d4d60b92b62e2e275b06e154085984132f724ed87f15559f8d679c7f0e9f9d9b,2960,2026-09-26T08:42:07.739743+00:00
S4:DOORS3:T13,wave,data/external/metocean/wave_80520ee8c1e000eb14d61d21.json,https://marine-api.open-meteo.com/v1/marine?latitude=42.39014&longitude=37.32999&start_date=2024-06-01&end_date=2024-06-04&timezone=UTC&hourly=wave_height%2Cwave_direction%2Cwave_period&models=era5_ocean&cell_selection=sea,ok,2dbab0ac0a47831e3675000d0b50850cb44dff7ed961e7fabfc312cb7fbfa766,3450,2026-09-26T08:42:08.108590+00:00
S4:DOORS3:T13,current,data/external/metocean/current_993b6fe72fcd1f6b2964a2af.json,https://marine-api.open-meteo.com/v1/marine?latitude=42.39014&longitude=37.32999&start_date=2024-06-01&end_date=2024-06-04&timezone=UTC&hourly=ocean_current_velocity%2Cocean_current_direction&models=meteofrance_currents&velocity_unit=ms&cell_selection=sea,ok,d4fa4701e20ab142105cf5d6c6a1dbc4d78b4a17fb895e76c66d1cb5654eded6,2911,2026-09-26T08:42:08.134287+00:00
S4:DOORS3:T12,wind,data/external/metocean/wind_eb9b9ae457219bcfd9479267.json,https://archive-api.open-meteo.com/v1/archive?latitude=42.43722&longitude=37.03694&start_date=2024-06-01&end_date=2024-06-04&timezone=UTC&hourly=wind_speed_10m%2Cwind_direction_10m&models=era5&wind_speed_unit=ms&cell_selection=nearest,ok,ce69a9e3798c92c6fb5f09c050e5aafad1d4dcc6bf9b42aef94c74a1ed0a0518,2957,2026-09-26T08:42:08.548213+00:00
S4:DOORS3:T12,wave,data/external/metocean/wave_c64802883cc9777c03e62f49.json,https://marine-api.open-meteo.com/v1/marine?latitude=42.43722&longitude=37.03694&start_date=2024-06-01&end_date=2024-06-04&timezone=UTC&hourly=wave_height%2Cwave_direction%2Cwave_period&models=era5_ocean&cell_selection=sea,ok,fcf1dedeb81cd2288ce19dcaa633fee9925fd4cae849b488fe9ba59969fa7fa2,3464,2026-09-26T08:42:08.667382+00:00
S4:DOORS3:T12,current,data/external/metocean/current_363b7d31264cc9ef41d09733.json,https://marine-api.open-meteo.com/v1/marine?latitude=42.43722&longitude=37.03694&start_date=2024-06-01&end_date=2024-06-04&timezone=UTC&hourly=ocean_current_velocity%2Cocean_current_direction&models=meteofrance_currents&velocity_unit=ms&cell_selection=sea,ok,a5e98fea02330ab1b9e5c6fc6ae7f0eb77c65f919bad1953b91d70345ab1f806,2885,2026-09-26T08:42:09.343672+00:00
S4:DOORS3:T11,wind,data/external/metocean/wind_1097dd7e20db18c84b1e3171.json,https://archive-api.open-meteo.com/v1/archive?latitude=42.49278&longitude=36.67806&start_date=2024-06-01&end_date=2024-06-04&timezone=UTC&hourly=wind_speed_10m%2Cwind_direction_10m&models=era5&wind_speed_unit=ms&cell_selection=nearest,ok,a16adf444039a42fb9399e6496b6056d3ce0377a843354b1fb1e45e6ec17b930,2962,2026-09-26T08:42:09.519024+00:00
S4:DOORS3:T11,wave,data/external/metocean/wave_7ce215654a961483fcf0bca4.json,https://marine-api.open-meteo.com/v1/marine?latitude=42.49278&longitude=36.67806&start_date=2024-06-01&end_date=2024-06-04&timezone=UTC&hourly=wave_height%2Cwave_direction%2Cwave_period&models=era5_ocean&cell_selection=sea,ok,657a351e58da7db86bf67bac59b396261cce3ed62caac82730b0845f820a5171,3463,2026-09-26T08:42:09.872552+00:00
S4:DOORS3:T11,current,data/external/metocean/current_ab04e28b5a41860998146d0a.json,https://marine-api.open-meteo.com/v1/marine?latitude=42.49278&longitude=36.67806&start_date=2024-06-01&end_date=2024-06-04&timezone=UTC&hourly=ocean_current_velocity%2Cocean_current_direction&models=meteofrance_currents&velocity_unit=ms&cell_selection=sea,ok,85c0ff9ce6359b71d69db31bb6bdb314a767fbb5c4365ebfd50ae649f34fa05f,2831,2026-09-26T08:42:10.066995+00:00
S4:DOORS3:T19,wind,data/external/metocean/wind_ba7c929cf4cbf2ba083f255e.json,https://archive-api.open-meteo.com/v1/archive?latitude=41.77479&longitude=41.24776&start_date=2024-06-02&end_date=2024-06-05&timezone=UTC&hourly=wind_speed_10m%2Cwind_direction_10m&models=era5&wind_speed_unit=ms&cell_selection=nearest,ok,945890097510649b51e08cf77554f20eef0c51ffff5cf4a783e0c2134de175fb,2953,2026-09-26T08:42:10.145044+00:00
S4:DOORS3:T19,wave,data/external/metocean/wave_17bc18160952c06d2d100e29.json,https://marine-api.open-meteo.com/v1/marine?latitude=41.77479&longitude=41.24776&start_date=2024-06-02&end_date=2024-06-05&timezone=UTC&hourly=wave_height%2Cwave_direction%2Cwave_period&models=era5_ocean&cell_selection=sea,ok,fcec8232c793b500ea97731e196e10f2a6675b2462a5487e69927773960d438b,3478,2026-09-26T08:42:10.273662+00:00
S4:DOORS3:T19,current,data/external/metocean/current_a8bb04ec5740e514c7580958.json,https://marine-api.open-meteo.com/v1/marine?latitude=41.77479&longitude=41.24776&start_date=2024-06-02&end_date=2024-06-05&timezone=UTC&hourly=ocean_current_velocity%2Cocean_current_direction&models=meteofrance_currents&velocity_unit=ms&cell_selection=sea,ok,e84578f2abd0f2f8dbddb7e452553a8ac433ed6456b64b11f9e112028e16d04a,2952,2026-09-26T08:42:10.343080+00:00
S4:DOORS3:T18,wind,data/external/metocean/wind_58e38d0cabbbf477820d6d1e.json,https://archive-api.open-meteo.com/v1/archive?latitude=41.80211&longitude=41.069&start_date=2024-06-02&end_date=2024-06-05&timezone=UTC&hourly=wind_speed_10m%2Cwind_direction_10m&models=era5&wind_speed_unit=ms&cell_selection=nearest,ok,b760b360b3ab4d92038bba63406852a698363c314c7c7b922cef78caa41eb0cb,2932,2026-09-26T08:42:10.332396+00:00
S4:DOORS3:T18,wave,data/external/metocean/wave_6bf09a8996e3c0286a4b6b45.json,https://marine-api.open-meteo.com/v1/marine?latitude=41.80211&longitude=41.069&start_date=2024-06-02&end_date=2024-06-05&timezone=UTC&hourly=wave_height%2Cwave_direction%2Cwave_period&models=era5_ocean&cell_selection=sea,ok,15cb41830f32d0f7792f3bf12bf6a5e6ded38150c1a3bc000d7e0deb9471bae2,3478,2026-09-26T08:42:10.405879+00:00
S4:DOORS3:T18,current,data/external/metocean/current_ad3405096863094cc3733878.json,https://marine-api.open-meteo.com/v1/marine?latitude=41.80211&longitude=41.069&start_date=2024-06-02&end_date=2024-06-05&timezone=UTC&hourly=ocean_current_velocity%2Cocean_current_direction&models=meteofrance_currents&velocity_unit=ms&cell_selection=sea,ok,855d06dc755a0dea988530467e6823cb05513b1bfdab48d28375a441ba3dff83,2963,2026-09-26T08:42:10.539851+00:00
S4:DOORS3:T21,wind,data/external/metocean/wind_b031865ff5188150ddc9035e.json,https://archive-api.open-meteo.com/v1/archive?latitude=41.5955&longitude=41.54911&start_date=2024-06-04&end_date=2024-06-07&timezone=UTC&hourly=wind_speed_10m%2Cwind_direction_10m&models=era5&wind_speed_unit=ms&cell_selection=nearest,ok,78667cf7ec3106c754de816ca56df1b90615e06454e249684940e45f3d01e92b,2983,2026-09-26T08:42:10.590247+00:00
S4:DOORS3:T21,wave,data/external/metocean/wave_67dacab5e8acb0a248b30b97.json,https://marine-api.open-meteo.com/v1/marine?latitude=41.5955&longitude=41.54911&start_date=2024-06-04&end_date=2024-06-07&timezone=UTC&hourly=wave_height%2Cwave_direction%2Cwave_period&models=era5_ocean&cell_selection=sea,ok,0fcdc4bb914ed1e75af52259121c9b1f9231872bc5f82184bff5da5dc5c51653,3486,2026-09-26T08:42:10.600932+00:00
S4:DOORS3:T21,current,data/external/metocean/current_4100a54cfa7a18b72fd63723.json,https://marine-api.open-meteo.com/v1/marine?latitude=41.5955&longitude=41.54911&start_date=2024-06-04&end_date=2024-06-07&timezone=UTC&hourly=ocean_current_velocity%2Cocean_current_direction&models=meteofrance_currents&velocity_unit=ms&cell_selection=sea,ok,1d3741a2bdbd78221395ed57d32d91eaf37cde64295f54da5ae47521b4f627dd,3071,2026-09-26T08:42:10.666552+00:00
S4:DOORS3:T20,wind,data/external/metocean/wind_961db7ae51835563c999667f.json,https://archive-api.open-meteo.com/v1/archive?latitude=41.72292&longitude=41.63597&start_date=2024-06-04&end_date=2024-06-07&timezone=UTC&hourly=wind_speed_10m%2Cwind_direction_10m&models=era5&wind_speed_unit=ms&cell_selection=nearest,ok,a76a59594071e6334a9ae5a65840fbd1196db3a470c974a349572e152146e34a,2988,2026-09-26T08:42:10.794056+00:00
S4:DOORS3:T20,wave,data/external/metocean/wave_9041b2948eece3276977440f.json,https://marine-api.open-meteo.com/v1/marine?latitude=41.72292&longitude=41.63597&start_date=2024-06-04&end_date=2024-06-07&timezone=UTC&hourly=wave_height%2Cwave_direction%2Cwave_period&models=era5_ocean&cell_selection=sea,ok,0d92dcdba5356ddef709893de6361df188372059baaf563300dbd82bf55e183d,3486,2026-09-26T08:42:10.864323+00:00
S4:DOORS3:T20,current,data/external/metocean/current_49f37b41acfdd86faf981f0b.json,https://marine-api.open-meteo.com/v1/marine?latitude=41.72292&longitude=41.63597&start_date=2024-06-04&end_date=2024-06-07&timezone=UTC&hourly=ocean_current_velocity%2Cocean_current_direction&models=meteofrance_currents&velocity_unit=ms&cell_selection=sea,ok,c1d39dd3956d08cfbebd3d5bd889291de4f93cdae8412f249e7b6e93a7aeb7e9,3076,2026-09-26T08:42:10.864177+00:00
S4:DOORS3:T22,wind,data/external/metocean/wind_58f566dd29a2ea8c8f4a427e.json,https://archive-api.open-meteo.com/v1/archive?latitude=42.17581&longitude=41.57697&start_date=2024-06-06&end_date=2024-06-09&timezone=UTC&hourly=wind_speed_10m%2Cwind_direction_10m&models=era5&wind_speed_unit=ms&cell_selection=nearest,ok,ad39351367688f467f0dfaa27b0f58258664cdfb44725fede11154a28e20d80a,2991,2026-09-26T08:42:10.924052+00:00
S4:DOORS3:T22,wave,data/external/metocean/wave_75ebbf4d8a307a794bf9f3f4.json,https://marine-api.open-meteo.com/v1/marine?latitude=42.17581&longitude=41.57697&start_date=2024-06-06&end_date=2024-06-09&timezone=UTC&hourly=wave_height%2Cwave_direction%2Cwave_period&models=era5_ocean&cell_selection=sea,ok,333e100845e8563c6b243c7cb0968d3fe1f71bb0142d7ac243c1b920cdf46fbd,3491,2026-09-26T08:42:11.060219+00:00
S4:DOORS3:T22,current,data/external/metocean/current_9e3bcae7bb463005ca238fe7.json,https://marine-api.open-meteo.com/v1/marine?latitude=42.17581&longitude=41.57697&start_date=2024-06-06&end_date=2024-06-09&timezone=UTC&hourly=ocean_current_velocity%2Cocean_current_direction&models=meteofrance_currents&velocity_unit=ms&cell_selection=sea,ok,dec1f860abe4351805bc8c30f02a513bdad02a3ecf9fa3a378b9fa2eda549705,3069,2026-09-26T08:42:11.135564+00:00
S4:DOORS3:T24,wind,data/external/metocean/wind_53c863e5452663632b8d748d.json,https://archive-api.open-meteo.com/v1/archive?latitude=42.19727&longitude=41.57478&start_date=2024-06-07&end_date=2024-06-10&timezone=UTC&hourly=wind_speed_10m%2Cwind_direction_10m&models=era5&wind_speed_unit=ms&cell_selection=nearest,ok,bebde29f21f480d6d0cb07a00138f6b3ca949789dcedf6dbef19fd2d39db87ae,2992,2026-09-26T08:42:11.115173+00:00
S4:DOORS3:T24,wave,data/external/metocean/wave_47c824bc70e54134b118a8c7.json,https://marine-api.open-meteo.com/v1/marine?latitude=42.19727&longitude=41.57478&start_date=2024-06-07&end_date=2024-06-10&timezone=UTC&hourly=wave_height%2Cwave_direction%2Cwave_period&models=era5_ocean&cell_selection=sea,ok,67ff8ecf2ed4370e805b6df3c12d3e7a25126a78616dbc7fdbfd14d7cfeae808,3490,2026-09-26T08:42:11.180508+00:00
S4:DOORS3:T24,current,data/external/metocean/current_b47ea5807cb864d85956337a.json,https://marine-api.open-meteo.com/v1/marine?latitude=42.19727&longitude=41.57478&start_date=2024-06-07&end_date=2024-06-10&timezone=UTC&hourly=ocean_current_velocity%2Cocean_current_direction&models=meteofrance_currents&velocity_unit=ms&cell_selection=sea,ok,3f7566295307235f84d2f5ce15626a3f3d999d811aa518f77eed8680135a21b8,3011,2026-09-26T08:42:11.321548+00:00
S4:DOORS3:T23,wind,data/external/metocean/wind_b0daa3529db41f68f22f7bdd.json,https://archive-api.open-meteo.com/v1/archive?latitude=42.34066&longitude=41.54807&start_date=2024-06-07&end_date=2024-06-10&timezone=UTC&hourly=wind_speed_10m%2Cwind_direction_10m&models=era5&wind_speed_unit=ms&cell_selection=nearest,ok,5db310ec255d5f1fa723d12c07b3b9d221f58ff0904467cd1af119dc6e535d1a,2992,2026-09-26T08:42:11.353342+00:00
S4:DOORS3:T23,wave,data/external/metocean/wave_6c3b19ff3a55ed23747b6768.json,https://marine-api.open-meteo.com/v1/marine?latitude=42.34066&longitude=41.54807&start_date=2024-06-07&end_date=2024-06-10&timezone=UTC&hourly=wave_height%2Cwave_direction%2Cwave_period&models=era5_ocean&cell_selection=sea,ok,0fa59f7c0f3641b0bae19682eb449b9e72b73197fc8469e4eb134fb9e2dfcc8b,3490,2026-09-26T08:42:11.398067+00:00
S4:DOORS3:T23,current,data/external/metocean/current_6d7bf8a4ae19eac07aadc44d.json,https://marine-api.open-meteo.com/v1/marine?latitude=42.34066&longitude=41.54807&start_date=2024-06-07&end_date=2024-06-10&timezone=UTC&hourly=ocean_current_velocity%2Cocean_current_direction&models=meteofrance_currents&velocity_unit=ms&cell_selection=sea,ok,b7f856c2b49f2a365910948808cbe8fc2ca0374a7ad44a068600b41dd143ebcd,3008,2026-09-26T08:42:11.441864+00:00
S4:DOORS3:T25,wind,data/external/metocean/wind_39c35d6019645cf476735de1.json,https://archive-api.open-meteo.com/v1/archive?latitude=42.037&longitude=41.67792&start_date=2024-06-08&end_date=2024-06-11&timezone=UTC&hourly=wind_speed_10m%2Cwind_direction_10m&models=era5&wind_speed_unit=ms&cell_selection=nearest,ok,39a967d271b7c024de2a5b2d014036dbd955728398d68c7efb8da6d8bbd9be46,2979,2026-09-26T08:42:11.579771+00:00
S4:DOORS3:T25,wave,data/external/metocean/wave_8fad7ad320a8b9caa7a33f84.json,https://marine-api.open-meteo.com/v1/marine?latitude=42.037&longitude=41.67792&start_date=2024-06-08&end_date=2024-06-11&timezone=UTC&hourly=wave_height%2Cwave_direction%2Cwave_period&models=era5_ocean&cell_selection=sea,ok,893dee49c2c13ffb7e51b6289bfe5a5085b0324dec2ccdad6ce114810b6171c6,3490,2026-09-26T08:42:11.609363+00:00
S4:DOORS3:T25,current,data/external/metocean/current_647840ff7a064921a7113b71.json,https://marine-api.open-meteo.com/v1/marine?latitude=42.037&longitude=41.67792&start_date=2024-06-08&end_date=2024-06-11&timezone=UTC&hourly=ocean_current_velocity%2Cocean_current_direction&models=meteofrance_currents&velocity_unit=ms&cell_selection=sea,ok,970696bfbdc247fa17df181f463e69d30aa67ac905ee49e2c11f728f926f572c,2937,2026-09-26T08:42:11.663460+00:00
S4:DOORS3:T26,wind,data/external/metocean/wind_32e42cc9cd12079b7d191340.json,https://archive-api.open-meteo.com/v1/archive?latitude=41.75572&longitude=41.01448&start_date=2024-06-11&end_date=2024-06-14&timezone=UTC&hourly=wind_speed_10m%2Cwind_direction_10m&models=era5&wind_speed_unit=ms&cell_selection=nearest,ok,dc7a0e0d43e9dad72651113d32517374f92109b4ad7b30b923f7c7d57fb1e1cd,2920,2026-09-26T08:42:11.693220+00:00
S4:DOORS3:T26,wave,data/external/metocean/wave_bc34769b2cc5dc476a576b25.json,https://marine-api.open-meteo.com/v1/marine?latitude=41.75572&longitude=41.01448&start_date=2024-06-11&end_date=2024-06-14&timezone=UTC&hourly=wave_height%2Cwave_direction%2Cwave_period&models=era5_ocean&cell_selection=sea,ok,e6ea481aa48073864be521ff85273ee369eee2b777e37a27b971c1bb24b4a889,3433,2026-09-26T08:42:11.844981+00:00
S4:DOORS3:T26,current,data/external/metocean/current_470608c13424ae6a63ccfcde.json,https://marine-api.open-meteo.com/v1/marine?latitude=41.75572&longitude=41.01448&start_date=2024-06-11&end_date=2024-06-14&timezone=UTC&hourly=ocean_current_velocity%2Cocean_current_direction&models=meteofrance_currents&velocity_unit=ms&cell_selection=sea,ok,eb9350ff2dd2e1910bd8bcebd7a773ae3f3c2c3b6c1437651a3110808c339dcf,2927,2026-09-26T08:42:11.866915+00:00
S4:DOORS3:T27,wind,data/external/metocean/wind_9b3a4f876eb20173516dab95.json,https://archive-api.open-meteo.com/v1/archive?latitude=41.78824&longitude=40.71548&start_date=2024-06-11&end_date=2024-06-14&timezone=UTC&hourly=wind_speed_10m%2Cwind_direction_10m&models=era5&wind_speed_unit=ms&cell_selection=nearest,ok,ebaad9c4fd9cf44ae69301d6971d29c2b71acc323081b09b8d8a3ce77518112b,2915,2026-09-26T08:42:11.909026+00:00
S4:DOORS3:T27,wave,data/external/metocean/wave_7e41e288450d78ab9dc2e325.json,https://marine-api.open-meteo.com/v1/marine?latitude=41.78824&longitude=40.71548&start_date=2024-06-11&end_date=2024-06-14&timezone=UTC&hourly=wave_height%2Cwave_direction%2Cwave_period&models=era5_ocean&cell_selection=sea,ok,539bcbdd380f11d58e02deca952516f45456630f77d3e54fc44eac1d332a9b8f,3423,2026-09-26T08:42:11.980713+00:00
S4:DOORS3:T27,current,data/external/metocean/current_5bc8a98e323de9bd854db763.json,https://marine-api.open-meteo.com/v1/marine?latitude=41.78824&longitude=40.71548&start_date=2024-06-11&end_date=2024-06-14&timezone=UTC&hourly=ocean_current_velocity%2Cocean_current_direction&models=meteofrance_currents&velocity_unit=ms&cell_selection=sea,ok,71d437fb8094857e0c5ec3d8efcb5eb0d8efb73ceb48407ea4dc6a58a6e9d164,2907,2026-09-26T08:42:12.166498+00:00
S4:DOORS3:T28,wind,data/external/metocean/wind_54e0a671bc3dd43ec42d3f7b.json,https://archive-api.open-meteo.com/v1/archive?latitude=41.83251&longitude=40.38475&start_date=2024-06-11&end_date=2024-06-14&timezone=UTC&hourly=wind_speed_10m%2Cwind_direction_10m&models=era5&wind_speed_unit=ms&cell_selection=nearest,ok,7b24115af5a2885018baa7eeee934b913160c2b53601e235365955ff8ea0e73b,2915,2026-09-26T08:42:12.161631+00:00
S4:DOORS3:T28,wave,data/external/metocean/wave_5d729efd070b10f1354bc987.json,https://marine-api.open-meteo.com/v1/marine?latitude=41.83251&longitude=40.38475&start_date=2024-06-11&end_date=2024-06-14&timezone=UTC&hourly=wave_height%2Cwave_direction%2Cwave_period&models=era5_ocean&cell_selection=sea,ok,55a748d5da0a3ddb4094f3e35dfde62f6e6fd7dc3e3230b7efc0d78056bd2437,3424,2026-09-26T08:42:12.238720+00:00
S4:DOORS3:T28,current,data/external/metocean/current_7d3e308c8b91c17d4620c27b.json,https://marine-api.open-meteo.com/v1/marine?latitude=41.83251&longitude=40.38475&start_date=2024-06-11&end_date=2024-06-14&timezone=UTC&hourly=ocean_current_velocity%2Cocean_current_direction&models=meteofrance_currents&velocity_unit=ms&cell_selection=sea,ok,cf9083c8ea7eeff55c687774fb8c878020e7b6f201c3ed698b7072eb9813570c,2858,2026-09-26T08:42:12.298093+00:00
S4:DOORS3:T29,wind,data/external/metocean/wind_989554d1da7098917ebc20c9.json,https://archive-api.open-meteo.com/v1/archive?latitude=42.0533&longitude=38.5873&start_date=2024-06-12&end_date=2024-06-15&timezone=UTC&hourly=wind_speed_10m%2Cwind_direction_10m&models=era5&wind_speed_unit=ms&cell_selection=nearest,ok,eb9132ab393964c9a3fe82ad1d347c6a918638e392c297867652d952ebf3178d,2955,2026-09-26T08:42:12.401640+00:00
S4:DOORS3:T29,wave,data/external/metocean/wave_3a1b1e45df52cac748e2c9fa.json,https://marine-api.open-meteo.com/v1/marine?latitude=42.0533&longitude=38.5873&start_date=2024-06-12&end_date=2024-06-15&timezone=UTC&hourly=wave_height%2Cwave_direction%2Cwave_period&models=era5_ocean&cell_selection=sea,ok,ab7bd8832a1c8ddff8bb26a8367acfa0dc9d066c0dedb076086dd2b57092a53b,3442,2026-09-26T08:42:12.426871+00:00
S4:DOORS3:T29,current,data/external/metocean/current_a55f7a0e959658bb23b1ab38.json,https://marine-api.open-meteo.com/v1/marine?latitude=42.0533&longitude=38.5873&start_date=2024-06-12&end_date=2024-06-15&timezone=UTC&hourly=ocean_current_velocity%2Cocean_current_direction&models=meteofrance_currents&velocity_unit=ms&cell_selection=sea,ok,74be593825f0aa669abeb05e288ad418010a9f2ac95dd20ed4369193efa239a6,2843,2026-09-26T08:42:12.490244+00:00
S4:DOORS3:T32,wind,data/external/metocean/wind_38afd7131c45b57fa06b2402.json,https://archive-api.open-meteo.com/v1/archive?latitude=42.46465&longitude=30.95665&start_date=2024-06-14&end_date=2024-06-17&timezone=UTC&hourly=wind_speed_10m%2Cwind_direction_10m&models=era5&wind_speed_unit=ms&cell_selection=nearest,ok,cf937d00b8562ce221a7f38e6e00570bec7327f7af338e493f28ed09ce5e360f,2981,2026-09-26T08:42:12.539835+00:00
S4:DOORS3:T32,wave,data/external/metocean/wave_de143d97dbad9760c7031fe8.json,https://marine-api.open-meteo.com/v1/marine?latitude=42.46465&longitude=30.95665&start_date=2024-06-14&end_date=2024-06-17&timezone=UTC&hourly=wave_height%2Cwave_direction%2Cwave_period&models=era5_ocean&cell_selection=sea,ok,36c483aa9b940c11dbe93487fe542dae480bc487f652983936fbd5bc3814fcd5,3468,2026-09-26T08:42:12.664541+00:00
S4:DOORS3:T32,current,data/external/metocean/current_7641b4a1aaf0639e0baa4021.json,https://marine-api.open-meteo.com/v1/marine?latitude=42.46465&longitude=30.95665&start_date=2024-06-14&end_date=2024-06-17&timezone=UTC&hourly=ocean_current_velocity%2Cocean_current_direction&models=meteofrance_currents&velocity_unit=ms&cell_selection=sea,ok,61d9bab37b6792831235c5cc0ff83237747677b995cac5563d19c720849af439,2912,2026-09-26T08:42:12.707869+00:00
S4:DOORS3:T31,wind,data/external/metocean/wind_7bdad5fc9d7aaccc8a2e6162.json,https://archive-api.open-meteo.com/v1/archive?latitude=42.49174&longitude=31.26427&start_date=2024-06-14&end_date=2024-06-17&timezone=UTC&hourly=wind_speed_10m%2Cwind_direction_10m&models=era5&wind_speed_unit=ms&cell_selection=nearest,ok,3609c27209919f89897a2acdd2e13d602fc4e6377d660ad1f9044c2e20ae6779,2982,2026-09-26T08:42:12.738197+00:00
S4:DOORS3:T31,wave,data/external/metocean/wave_72746f7ddb8cd9e00210c2cd.json,https://marine-api.open-meteo.com/v1/marine?latitude=42.49174&longitude=31.26427&start_date=2024-06-14&end_date=2024-06-17&timezone=UTC&hourly=wave_height%2Cwave_direction%2Cwave_period&models=era5_ocean&cell_selection=sea,ok,0cf7e97aecca2d3a6a0e379537ea5428d0eb41604683095a2f47e3ec30e31528,3470,2026-09-26T08:42:12.810610+00:00
S4:DOORS3:T31,current,data/external/metocean/current_1a69dba80abc6361bf70c668.json,https://marine-api.open-meteo.com/v1/marine?latitude=42.49174&longitude=31.26427&start_date=2024-06-14&end_date=2024-06-17&timezone=UTC&hourly=ocean_current_velocity%2Cocean_current_direction&models=meteofrance_currents&velocity_unit=ms&cell_selection=sea,ok,63110e4c00245389a6c1fce1dff73e0ebd9770a7669f88532b67429d2820ddbc,2912,2026-09-26T08:42:12.933697+00:00
S4:DOORS3:T30,wind,data/external/metocean/wind_481b7d6d899270e78c11e94b.json,https://archive-api.open-meteo.com/v1/archive?latitude=42.51907&longitude=31.50876&start_date=2024-06-14&end_date=2024-06-17&timezone=UTC&hourly=wind_speed_10m%2Cwind_direction_10m&models=era5&wind_speed_unit=ms&cell_selection=nearest,ok,6f63aee6206fb40fb3b7efd07a38cacb183de6170e83f4f72afe4f30c4d3d12a,2971,2026-09-26T08:42:12.959799+00:00
S4:DOORS3:T30,wave,data/external/metocean/wave_9840de8d42f50e5db4ef4cf2.json,https://marine-api.open-meteo.com/v1/marine?latitude=42.51907&longitude=31.50876&start_date=2024-06-14&end_date=2024-06-17&timezone=UTC&hourly=wave_height%2Cwave_direction%2Cwave_period&models=era5_ocean&cell_selection=sea,ok,38204629fae2d3a873cbf76d9d0999fbd4a9376c9fd85974c3e69c339c26bc20,3470,2026-09-26T08:42:13.010379+00:00
S4:DOORS3:T30,current,data/external/metocean/current_dfc9b95dd0bf8ca9b04e4609.json,https://marine-api.open-meteo.com/v1/marine?latitude=42.51907&longitude=31.50876&start_date=2024-06-14&end_date=2024-06-17&timezone=UTC&hourly=ocean_current_velocity%2Cocean_current_direction&models=meteofrance_currents&velocity_unit=ms&cell_selection=sea,ok,7626db2754b5d628fe7c7583d247bf7441fd14f77d1986715c9e56e8762c864b,2912,2026-09-26T08:42:13.082148+00:00
S4:DOORS3:T33,wind,data/external/metocean/wind_b4cc7dd4898e2c426f369ec2.json,https://archive-api.open-meteo.com/v1/archive?latitude=43.35643&longitude=29.21475&start_date=2024-06-15&end_date=2024-06-18&timezone=UTC&hourly=wind_speed_10m%2Cwind_direction_10m&models=era5&wind_speed_unit=ms&cell_selection=nearest,ok,1b95c2389bd0c4e20cf35605373e18c8309e6b8d5ae7f816dce3077a453a7629,2998,2026-09-26T08:42:13.198643+00:00
S4:DOORS3:T33,wave,data/external/metocean/wave_cbcaa04539de33f59f2f45a6.json,https://marine-api.open-meteo.com/v1/marine?latitude=43.35643&longitude=29.21475&start_date=2024-06-15&end_date=2024-06-18&timezone=UTC&hourly=wave_height%2Cwave_direction%2Cwave_period&models=era5_ocean&cell_selection=sea,ok,5871d97466b25ebe07374ae9a3d4727914af65d6b5a32e3de32da43863379b19,3442,2026-09-26T08:42:13.260719+00:00
S4:DOORS3:T33,current,data/external/metocean/current_cf65ae890293917b57c2ff93.json,https://marine-api.open-meteo.com/v1/marine?latitude=43.35643&longitude=29.21475&start_date=2024-06-15&end_date=2024-06-18&timezone=UTC&hourly=ocean_current_velocity%2Cocean_current_direction&models=meteofrance_currents&velocity_unit=ms&cell_selection=sea,ok,c41be082e35445d6965bfea606b97790996a53c54b0e2fa8d7e25a75959f329e,2905,2026-09-26T08:42:13.324338+00:00
