{
 "type": "FeatureCollection",
 "features": [
  {
   "type": "Feature",
   "id": "S1:0.1",
   "geometry": {
    "type": "Polygon",
    "coordinates": [
     [
      [
       -128.82503,
       33.16528
      ],
      [
       -128.82512,
       33.16523
      ],
      [
       -128.82521,
       33.1652
      ],
      [
       -128.82532,
       33.16519
      ],
      [
       -128.82542,
       33.16519
      ],
      [
       -128.82553,
       33.1652
      ],
      [
       -128.82562,
       33.16524
      ],
      [
       -128.82571,
       33.16529
      ],
      [
       -128.82578,
       33.16535
      ],
      [
       -128.82584,
       33.16542
      ],
      [
       -128.82588,
       33.16551
      ],
      [
       -128.8259,
       33.16559
      ],
      [
       -128.8259,
       33.16568
      ],
      [
       -128.82588,
       33.16577
      ],
      [
       -128.82584,
       33.16585
      ],
      [
       -128.82578,
       33.16592
      ],
      [
       -128.8257,
       33.16598
      ],
      [
       -128.755,
       33.21385
      ],
      [
       -128.75492,
       33.2139
      ],
      [
       -128.75482,
       33.21393
      ],
      [
       -128.75472,
       33.21395
      ],
      [
       -128.75461,
       33.21395
      ],
      [
       -128.75451,
       33.21393
      ],
      [
       -128.75441,
       33.2139
      ],
      [
       -128.75432,
       33.21385
      ],
      [
       -128.75425,
       33.21378
      ],
      [
       -128.75419,
       33.21371
      ],
      [
       -128.75415,
       33.21363
      ],
      [
       -128.75413,
       33.21354
      ],
      [
       -128.75413,
       33.21345
      ],
      [
       -128.75415,
       33.21337
      ],
      [
       -128.75419,
       33.21329
      ],
      [
       -128.75425,
       33.21321
      ],
      [
       -128.75433,
       33.21315
      ],
      [
       -128.82503,
       33.16528
      ]
     ]
    ]
   },
   "properties": {
    "event_id": "S1:0.1",
    "source_id": "S1_GPGP2018",
    "target_keys": [
     "plastic-trawl"
    ],
    "sample_ids": [
     "MPL-0526"
    ],
    "date": "2015-07-25",
    "time": "2015-07-25T22:16:30Z",
    "footprint_kind": "strip",
    "footprint_label": "полоса по концам трансекты",
    "footprint_radius_m": 50.0,
    "footprint_area_km2": 0.854,
    "geometry_approximate": false,
    "candidates": 0,
    "candidate_passes": 0,
    "accepted": 0,
    "accepted_passes": 0,
    "best_scene_id": null,
    "best_platform": null,
    "best_sync": null,
    "best_shift_hours": null,
    "best_shift_days": null,
    "best_time_uncertainty_hours": null,
    "best_coverage_fraction": null,
    "decision": "rejected",
    "reason_code": "not_acquired",
    "reason": "район не снимается: сцен нет и в широком окне, вероятно открытый океан",
    "detail": ""
   }
  },
  {
   "type": "Feature",
   "id": "S1:1.3",
   "geometry": {
    "type": "Polygon",
    "coordinates": [
     [
      [
       -134.15698,
       29.06823
      ],
      [
       -134.15708,
       29.06824
      ],
      [
       -134.15718,
       29.06826
      ],
      [
       -134.15727,
       29.0683
      ],
      [
       -134.15735,
       29.06835
      ],
      [
       -134.15742,
       29.06841
      ],
      [
       -134.15747,
       29.06849
      ],
      [
       -134.1575,
       29.06857
      ],
      [
       -134.15751,
       29.06866
      ],
      [
       -134.15751,
       29.06875
      ],
      [
       -134.15748,
       29.06883
      ],
      [
       -134.15744,
       29.06891
      ],
      [
       -134.15738,
       29.06898
      ],
      [
       -134.1573,
       29.06904
      ],
      [
       -134.15722,
       29.06909
      ],
      [
       -134.15712,
       29.06912
      ],
      [
       -134.15702,
       29.06913
      ],
      [
       -133.95552,
       29.07645
      ],
      [
       -133.95542,
       29.07644
      ],
      [
       -133.95532,
       29.07642
      ],
      [
       -133.95523,
       29.07638
      ],
      [
       -133.95515,
       29.07633
      ],
      [
       -133.95508,
       29.07627
      ],
      [
       -133.95503,
       29.07619
      ],
      [
       -133.955,
       29.07611
      ],
      [
       -133.95499,
       29.07602
      ],
      [
       -133.95499,
       29.07593
      ],
      [
       -133.95502,
       29.07585
      ],
      [
       -133.95506,
       29.07577
      ],
      [
       -133.95512,
       29.0757
      ],
      [
       -133.9552,
       29.07564
      ],
      [
       -133.95528,
       29.07559
      ],
      [
       -133.95538,
       29.07556
      ],
      [
       -133.95548,
       29.07555
      ],
      [
       -134.15698,
       29.06823
      ]
     ]
    ]
   },
   "properties": {
    "event_id": "S1:1.3",
    "source_id": "S1_GPGP2018",
    "target_keys": [
     "plastic-trawl"
    ],
    "sample_ids": [
     "MPL-0531"
    ],
    "date": "2015-07-27",
    "time": "2015-07-27T17:23:30Z",
    "footprint_kind": "strip",
    "footprint_label": "полоса по концам трансекты",
    "footprint_radius_m": 50.0,
    "footprint_area_km2": 1.9678,
    "geometry_approximate": false,
    "candidates": 0,
    "candidate_passes": 0,
    "accepted": 0,
    "accepted_passes": 0,
    "best_scene_id": null,
    "best_platform": null,
    "best_sync": null,
    "best_shift_hours": null,
    "best_shift_days": null,
    "best_time_uncertainty_hours": null,
    "best_coverage_fraction": null,
    "decision": "rejected",
    "reason_code": "not_acquired",
    "reason": "район не снимается: сцен нет и в широком окне, вероятно открытый океан",
    "detail": ""
   }
  },
  {
   "type": "Feature",
   "id": "S1:1.4",
   "geometry": {
    "type": "Polygon",
    "coordinates": [
     [
      [
       -134.14398,
       29.06882
      ],
      [
       -134.14408,
       29.06883
      ],
      [
       -134.14417,
       29.06885
      ],
      [
       -134.14427,
       29.06888
      ],
      [
       -134.14435,
       29.06894
      ],
      [
       -134.14441,
       29.069
      ],
      [
       -134.14447,
       29.06908
      ],
      [
       -134.1445,
       29.06916
      ],
      [
       -134.14451,
       29.06925
      ],
      [
       -134.14451,
       29.06934
      ],
      [
       -134.14448,
       29.06942
      ],
      [
       -134.14444,
       29.0695
      ],
      [
       -134.14438,
       29.06957
      ],
      [
       -134.14431,
       29.06963
      ],
      [
       -134.14422,
       29.06968
      ],
      [
       -134.14412,
       29.06971
      ],
      [
       -134.14402,
       29.06972
      ],
      [
       -133.93019,
       29.07845
      ],
      [
       -133.93009,
       29.07844
      ],
      [
       -133.92999,
       29.07842
      ],
      [
       -133.9299,
       29.07839
      ],
      [
       -133.92982,
       29.07833
      ],
      [
       -133.92975,
       29.07827
      ],
      [
       -133.9297,
       29.07819
      ],
      [
       -133.92967,
       29.07811
      ],
      [
       -133.92965,
       29.07802
      ],
      [
       -133.92966,
       29.07793
      ],
      [
       -133.92968,
       29.07785
      ],
      [
       -133.92973,
       29.07777
      ],
      [
       -133.92979,
       29.0777
      ],
      [
       -133.92986,
       29.07764
      ],
      [
       -133.92995,
       29.07759
      ],
      [
       -133.93004,
       29.07756
      ],
      [
       -133.93014,
       29.07755
      ],
      [
       -134.14398,
       29.06882
      ]
     ]
    ]
   },
   "properties": {
    "event_id": "S1:1.4",
    "source_id": "S1_GPGP2018",
    "target_keys": [],
    "sample_ids": [
     "MPL-0534"
    ],
    "date": "2015-07-27",
    "time": "2015-07-27T16:57:00Z",
    "footprint_kind": "strip",
    "footprint_label": "полоса по концам трансекты",
    "footprint_radius_m": 50.0,
    "footprint_area_km2": 2.0882,
    "geometry_approximate": false,
    "candidates": 0,
    "candidate_passes": 0,
    "accepted": 0,
    "accepted_passes": 0,
    "best_scene_id": null,
    "best_platform": null,
    "best_sync": null,
    "best_shift_hours": null,
    "best_shift_days": null,
    "best_time_uncertainty_hours": null,
    "best_coverage_fraction": null,
    "decision": "not_used",
    "reason_code": "no_target",
    "reason": "у события нет записей целевых величин",
    "detail": ""
   }
  },
  {
   "type": "Feature",
   "id": "S1:10.3",
   "geometry": {
    "type": "Polygon",
    "coordinates": [
     [
      [
       -139.25004,
       29.01055
      ],
      [
       -139.25014,
       29.01057
      ],
      [
       -139.25024,
       29.0106
      ],
      [
       -139.25032,
       29.01065
      ],
      [
       -139.25039,
       29.01071
      ],
      [
       -139.25045,
       29.01078
      ],
      [
       -139.25049,
       29.01086
      ],
      [
       -139.25051,
       29.01095
      ],
      [
       -139.25051,
       29.01104
      ],
      [
       -139.25049,
       29.01113
      ],
      [
       -139.25046,
       29.01121
      ],
      [
       -139.2504,
       29.01128
      ],
      [
       -139.25033,
       29.01134
      ],
      [
       -139.25025,
       29.01139
      ],
      [
       -139.25015,
       29.01143
      ],
      [
       -139.25006,
       29.01145
      ],
      [
       -139.24996,
       29.01145
      ],
      [
       -139.10862,
       29.00065
      ],
      [
       -139.10852,
       29.00063
      ],
      [
       -139.10843,
       29.0006
      ],
      [
       -139.10835,
       29.00055
      ],
      [
       -139.10827,
       29.00049
      ],
      [
       -139.10822,
       29.00042
      ],
      [
       -139.10818,
       29.00034
      ],
      [
       -139.10816,
       29.00025
      ],
      [
       -139.10815,
       29.00016
      ],
      [
       -139.10817,
       29.00007
      ],
      [
       -139.10821,
       28.99999
      ],
      [
       -139.10827,
       28.99992
      ],
      [
       -139.10834,
       28.99986
      ],
      [
       -139.10842,
       28.99981
      ],
      [
       -139.10851,
       28.99977
      ],
      [
       -139.10861,
       28.99975
      ],
      [
       -139.10871,
       28.99975
      ],
      [
       -139.25004,
       29.01055
      ]
     ]
    ]
   },
   "properties": {
    "event_id": "S1:10.3",
    "source_id": "S1_GPGP2018",
    "target_keys": [],
    "sample_ids": [
     "MPL-0552"
    ],
    "date": "2015-07-29",
    "time": "2015-07-29T21:43:30Z",
    "footprint_kind": "strip",
    "footprint_label": "полоса по концам трансекты",
    "footprint_radius_m": 50.0,
    "footprint_area_km2": 1.3875,
    "geometry_approximate": false,
    "candidates": 0,
    "candidate_passes": 0,
    "accepted": 0,
    "accepted_passes": 0,
    "best_scene_id": null,
    "best_platform": null,
    "best_sync": null,
    "best_shift_hours": null,
    "best_shift_days": null,
    "best_time_uncertainty_hours": null,
    "best_coverage_fraction": null,
    "decision": "not_used",
    "reason_code": "no_target",
    "reason": "у события нет записей целевых величин",
    "detail": ""
   }
  },
  {
   "type": "Feature",
   "id": "S1:10.4",
   "geometry": {
    "type": "Polygon",
    "coordinates": [
     [
      [
       -139.264,
       29.00022
      ],
      [
       -139.2641,
       29.00023
      ],
      [
       -139.2642,
       29.00026
      ],
      [
       -139.26429,
       29.0003
      ],
      [
       -139.26436,
       29.00035
      ],
      [
       -139.26443,
       29.00042
      ],
      [
       -139.26448,
       29.0005
      ],
      [
       -139.2645,
       29.00058
      ],
      [
       -139.26451,
       29.00067
      ],
      [
       -139.2645,
       29.00076
      ],
      [
       -139.26447,
       29.00084
      ],
      [
       -139.26443,
       29.00092
      ],
      [
       -139.26436,
       29.00099
      ],
      [
       -139.26428,
       29.00104
      ],
      [
       -139.26419,
       29.00109
      ],
      [
       -139.2641,
       29.00111
      ],
      [
       -139.264,
       29.00112
      ],
      [
       -139.12217,
       29.00065
      ],
      [
       -139.12206,
       29.00064
      ],
      [
       -139.12197,
       29.00061
      ],
      [
       -139.12188,
       29.00057
      ],
      [
       -139.1218,
       29.00052
      ],
      [
       -139.12174,
       29.00045
      ],
      [
       -139.12169,
       29.00037
      ],
      [
       -139.12166,
       29.00029
      ],
      [
       -139.12165,
       29.0002
      ],
      [
       -139.12166,
       29.00011
      ],
      [
       -139.12169,
       29.00003
      ],
      [
       -139.12174,
       28.99995
      ],
      [
       -139.1218,
       28.99988
      ],
      [
       -139.12188,
       28.99983
      ],
      [
       -139.12197,
       28.99978
      ],
      [
       -139.12207,
       28.99976
      ],
      [
       -139.12217,
       28.99975
      ],
      [
       -139.264,
       29.00022
      ]
     ]
    ]
   },
   "properties": {
    "event_id": "S1:10.4",
    "source_id": "S1_GPGP2018",
    "target_keys": [
     "plastic-trawl"
    ],
    "sample_ids": [
     "MPL-0554"
    ],
    "date": "2015-07-29",
    "time": "2015-07-29T22:03:30Z",
    "footprint_kind": "strip",
    "footprint_label": "полоса по концам трансекты",
    "footprint_radius_m": 50.0,
    "footprint_area_km2": 1.3872,
    "geometry_approximate": false,
    "candidates": 0,
    "candidate_passes": 0,
    "accepted": 0,
    "accepted_passes": 0,
    "best_scene_id": null,
    "best_platform": null,
    "best_sync": null,
    "best_shift_hours": null,
    "best_shift_days": null,
    "best_time_uncertainty_hours": null,
    "best_coverage_fraction": null,
    "decision": "rejected",
    "reason_code": "not_acquired",
    "reason": "район не снимается: сцен нет и в широком окне, вероятно открытый океан",
    "detail": ""
   }
  },
  {
   "type": "Feature",
   "id": "S1:11.3",
   "geometry": {
    "type": "Polygon",
    "coordinates": [
     [
      [
       -139.89616,
       29.02995
      ],
      [
       -139.89625,
       29.02997
      ],
      [
       -139.89634,
       29.03001
      ],
      [
       -139.89642,
       29.03007
      ],
      [
       -139.89649,
       29.03013
      ],
      [
       -139.89654,
       29.03021
      ],
      [
       -139.89657,
       29.0303
      ],
      [
       -139.89658,
       29.03038
      ],
      [
       -139.89658,
       29.03047
      ],
      [
       -139.89655,
       29.03056
      ],
      [
       -139.8965,
       29.03063
      ],
      [
       -139.89644,
       29.0307
      ],
      [
       -139.89636,
       29.03076
      ],
      [
       -139.89628,
       29.0308
      ],
      [
       -139.89618,
       29.03083
      ],
      [
       -139.89608,
       29.03084
      ],
      [
       -139.89598,
       29.03084
      ],
      [
       -139.75816,
       29.00974
      ],
      [
       -139.75806,
       29.00972
      ],
      [
       -139.75797,
       29.00968
      ],
      [
       -139.75789,
       29.00963
      ],
      [
       -139.75783,
       29.00956
      ],
      [
       -139.75778,
       29.00948
      ],
      [
       -139.75775,
       29.0094
      ],
      [
       -139.75774,
       29.00931
      ],
      [
       -139.75774,
       29.00922
      ],
      [
       -139.75777,
       29.00914
      ],
      [
       -139.75782,
       29.00906
      ],
      [
       -139.75788,
       29.00899
      ],
      [
       -139.75795,
       29.00893
      ],
      [
       -139.75804,
       29.00889
      ],
      [
       -139.75814,
       29.00886
      ],
      [
       -139.75824,
       29.00885
      ],
      [
       -139.75834,
       29.00886
      ],
      [
       -139.89616,
       29.02995
      ]
     ]
    ]
   },
   "properties": {
    "event_id": "S1:11.3",
    "source_id": "S1_GPGP2018",
    "target_keys": [],
    "sample_ids": [
     "MPL-0561"
    ],
    "date": "2015-07-29",
    "time": "2015-07-29T03:50:30Z",
    "footprint_kind": "strip",
    "footprint_label": "полоса по концам трансекты",
    "footprint_radius_m": 50.0,
    "footprint_area_km2": 1.3683,
    "geometry_approximate": false,
    "candidates": 0,
    "candidate_passes": 0,
    "accepted": 0,
    "accepted_passes": 0,
    "best_scene_id": null,
    "best_platform": null,
    "best_sync": null,
    "best_shift_hours": null,
    "best_shift_days": null,
    "best_time_uncertainty_hours": null,
    "best_coverage_fraction": null,
    "decision": "not_used",
    "reason_code": "no_target",
    "reason": "у события нет записей целевых величин",
    "detail": ""
   }
  },
  {
   "type": "Feature",
   "id": "S1:11.4",
   "geometry": {
    "type": "Polygon",
    "coordinates": [
     [
      [
       -139.92277,
       29.02862
      ],
      [
       -139.92286,
       29.02865
      ],
      [
       -139.92296,
       29.02868
      ],
      [
       -139.92304,
       29.02874
      ],
      [
       -139.9231,
       29.0288
      ],
      [
       -139.92316,
       29.02888
      ],
      [
       -139.92319,
       29.02896
      ],
      [
       -139.9232,
       29.02905
      ],
      [
       -139.9232,
       29.02914
      ],
      [
       -139.92318,
       29.02922
      ],
      [
       -139.92313,
       29.0293
      ],
      [
       -139.92307,
       29.02937
      ],
      [
       -139.923,
       29.02943
      ],
      [
       -139.92291,
       29.02948
      ],
      [
       -139.92282,
       29.02951
      ],
      [
       -139.92272,
       29.02952
      ],
      [
       -139.92262,
       29.02951
      ],
      [
       -139.74496,
       29.00634
      ],
      [
       -139.74486,
       29.00632
      ],
      [
       -139.74477,
       29.00629
      ],
      [
       -139.74469,
       29.00623
      ],
      [
       -139.74462,
       29.00617
      ],
      [
       -139.74457,
       29.00609
      ],
      [
       -139.74453,
       29.00601
      ],
      [
       -139.74452,
       29.00592
      ],
      [
       -139.74452,
       29.00583
      ],
      [
       -139.74455,
       29.00575
      ],
      [
       -139.74459,
       29.00567
      ],
      [
       -139.74465,
       29.0056
      ],
      [
       -139.74473,
       29.00554
      ],
      [
       -139.74481,
       29.00549
      ],
      [
       -139.74491,
       29.00546
      ],
      [
       -139.74501,
       29.00545
      ],
      [
       -139.74511,
       29.00546
      ],
      [
       -139.92277,
       29.02862
      ]
     ]
    ]
   },
   "properties": {
    "event_id": "S1:11.4",
    "source_id": "S1_GPGP2018",
    "target_keys": [
     "plastic-trawl"
    ],
    "sample_ids": [
     "MPL-0563"
    ],
    "date": "2015-07-29",
    "time": "2015-07-29T03:49:30Z",
    "footprint_kind": "strip",
    "footprint_label": "полоса по концам трансекты",
    "footprint_radius_m": 50.0,
    "footprint_area_km2": 1.7544,
    "geometry_approximate": false,
    "candidates": 0,
    "candidate_passes": 0,
    "accepted": 0,
    "accepted_passes": 0,
    "best_scene_id": null,
    "best_platform": null,
    "best_sync": null,
    "best_shift_hours": null,
    "best_shift_days": null,
    "best_time_uncertainty_hours": null,
    "best_coverage_fraction": null,
    "decision": "rejected",
    "reason_code": "not_acquired",
    "reason": "район не снимается: сцен нет и в широком окне, вероятно открытый океан",
    "detail": ""
   }
  },
  {
   "type": "Feature",
   "id": "S1:12.3",
   "geometry": {
    "type": "Polygon",
    "coordinates": [
     [
      [
       -140.57102,
       29.00113
      ],
      [
       -140.57112,
       29.00114
      ],
      [
       -140.57122,
       29.00117
      ],
      [
       -140.5713,
       29.00122
      ],
      [
       -140.57138,
       29.00128
      ],
      [
       -140.57144,
       29.00135
      ],
      [
       -140.57148,
       29.00143
      ],
      [
       -140.57151,
       29.00151
      ],
      [
       -140.57151,
       29.0016
      ],
      [
       -140.5715,
       29.00169
      ],
      [
       -140.57147,
       29.00177
      ],
      [
       -140.57141,
       29.00185
      ],
      [
       -140.57135,
       29.00191
      ],
      [
       -140.57127,
       29.00196
      ],
      [
       -140.57118,
       29.002
      ],
      [
       -140.57108,
       29.00202
      ],
      [
       -140.57098,
       29.00203
      ],
      [
       -140.39306,
       28.99525
      ],
      [
       -140.39296,
       28.99524
      ],
      [
       -140.39287,
       28.99521
      ],
      [
       -140.39278,
       28.99516
      ],
      [
       -140.3927,
       28.9951
      ],
      [
       -140.39264,
       28.99503
      ],
      [
       -140.3926,
       28.99495
      ],
      [
       -140.39257,
       28.99487
      ],
      [
       -140.39257,
       28.99478
      ],
      [
       -140.39258,
       28.99469
      ],
      [
       -140.39262,
       28.99461
      ],
      [
       -140.39267,
       28.99453
      ],
      [
       -140.39274,
       28.99447
      ],
      [
       -140.39282,
       28.99442
      ],
      [
       -140.39291,
       28.99438
      ],
      [
       -140.393,
       28.99436
      ],
      [
       -140.39311,
       28.99435
      ],
      [
       -140.57102,
       29.00113
      ]
     ]
    ]
   },
   "properties": {
    "event_id": "S1:12.3",
    "source_id": "S1_GPGP2018",
    "target_keys": [
     "plastic-trawl"
    ],
    "sample_ids": [
     "MPL-0566"
    ],
    "date": "2015-07-30",
    "time": "2015-07-30T10:04:30Z",
    "footprint_kind": "strip",
    "footprint_label": "полоса по концам трансекты",
    "footprint_radius_m": 50.0,
    "footprint_area_km2": 1.7398,
    "geometry_approximate": false,
    "candidates": 0,
    "candidate_passes": 0,
    "accepted": 0,
    "accepted_passes": 0,
    "best_scene_id": null,
    "best_platform": null,
    "best_sync": null,
    "best_shift_hours": null,
    "best_shift_days": null,
    "best_time_uncertainty_hours": null,
    "best_coverage_fraction": null,
    "decision": "rejected",
    "reason_code": "not_acquired",
    "reason": "район не снимается: сцен нет и в широком окне, вероятно открытый океан",
    "detail": ""
   }
  },
  {
   "type": "Feature",
   "id": "S1:12.4",
   "geometry": {
    "type": "Polygon",
    "coordinates": [
     [
      [
       -140.58602,
       29.00102
      ],
      [
       -140.58612,
       29.00103
      ],
      [
       -140.58621,
       29.00106
      ],
      [
       -140.5863,
       29.0011
      ],
      [
       -140.58638,
       29.00116
      ],
      [
       -140.58644,
       29.00123
      ],
      [
       -140.58648,
       29.00131
      ],
      [
       -140.58651,
       29.0014
      ],
      [
       -140.58651,
       29.00148
      ],
      [
       -140.5865,
       29.00157
      ],
      [
       -140.58647,
       29.00166
      ],
      [
       -140.58642,
       29.00173
      ],
      [
       -140.58635,
       29.0018
      ],
      [
       -140.58627,
       29.00185
      ],
      [
       -140.58618,
       29.00189
      ],
      [
       -140.58608,
       29.00191
      ],
      [
       -140.58598,
       29.00192
      ],
      [
       -140.37705,
       28.99585
      ],
      [
       -140.37695,
       28.99584
      ],
      [
       -140.37685,
       28.99581
      ],
      [
       -140.37677,
       28.99577
      ],
      [
       -140.37669,
       28.99571
      ],
      [
       -140.37663,
       28.99564
      ],
      [
       -140.37659,
       28.99556
      ],
      [
       -140.37656,
       28.99547
      ],
      [
       -140.37655,
       28.99539
      ],
      [
       -140.37657,
       28.9953
      ],
      [
       -140.3766,
       28.99521
      ],
      [
       -140.37665,
       28.99514
      ],
      [
       -140.37672,
       28.99507
      ],
      [
       -140.3768,
       28.99502
      ],
      [
       -140.37689,
       28.99498
      ],
      [
       -140.37698,
       28.99496
      ],
      [
       -140.37708,
       28.99495
      ],
      [
       -140.58602,
       29.00102
      ]
     ]
    ]
   },
   "properties": {
    "event_id": "S1:12.4",
    "source_id": "S1_GPGP2018",
    "target_keys": [],
    "sample_ids": [
     "MPL-0565"
    ],
    "date": "2015-07-30",
    "time": "2015-07-30T10:06:30Z",
    "footprint_kind": "strip",
    "footprint_label": "полоса по концам трансекты",
    "footprint_radius_m": 50.0,
    "footprint_area_km2": 2.0409,
    "geometry_approximate": false,
    "candidates": 0,
    "candidate_passes": 0,
    "accepted": 0,
    "accepted_passes": 0,
    "best_scene_id": null,
    "best_platform": null,
    "best_sync": null,
    "best_shift_hours": null,
    "best_shift_days": null,
    "best_time_uncertainty_hours": null,
    "best_coverage_fraction": null,
    "decision": "not_used",
    "reason_code": "no_target",
    "reason": "у события нет записей целевых величин",
    "detail": ""
   }
  },
  {
   "type": "Feature",
   "id": "S1:13.3",
   "geometry": {
    "type": "Polygon",
    "coordinates": [
     [
      [
       -141.17796,
       28.99245
      ],
      [
       -141.17806,
       28.99245
      ],
      [
       -141.17816,
       28.99247
      ],
      [
       -141.17825,
       28.99251
      ],
      [
       -141.17833,
       28.99256
      ],
      [
       -141.1784,
       28.99262
      ],
      [
       -141.17846,
       28.99269
      ],
      [
       -141.17849,
       28.99278
      ],
      [
       -141.17851,
       28.99286
      ],
      [
       -141.17851,
       28.99295
      ],
      [
       -141.17849,
       28.99304
      ],
      [
       -141.17845,
       28.99312
      ],
      [
       -141.17839,
       28.99319
      ],
      [
       -141.17832,
       28.99325
      ],
      [
       -141.17824,
       28.9933
      ],
      [
       -141.17814,
       28.99333
      ],
      [
       -141.17804,
       28.99335
      ],
      [
       -141.00288,
       29.00625
      ],
      [
       -141.00278,
       29.00625
      ],
      [
       -141.00268,
       29.00623
      ],
      [
       -141.00258,
       29.00619
      ],
      [
       -141.0025,
       29.00614
      ],
      [
       -141.00243,
       29.00608
      ],
      [
       -141.00238,
       29.00601
      ],
      [
       -141.00234,
       29.00592
      ],
      [
       -141.00232,
       29.00584
      ],
      [
       -141.00232,
       29.00575
      ],
      [
       -141.00234,
       29.00566
      ],
      [
       -141.00238,
       29.00558
      ],
      [
       -141.00244,
       29.00551
      ],
      [
       -141.00251,
       29.00545
      ],
      [
       -141.0026,
       29.0054
      ],
      [
       -141.00269,
       29.00537
      ],
      [
       -141.00279,
       29.00535
      ],
      [
       -141.17796,
       28.99245
      ]
     ]
    ]
   },
   "properties": {
    "event_id": "S1:13.3",
    "source_id": "S1_GPGP2018",
    "target_keys": [
     "plastic-trawl"
    ],
    "sample_ids": [
     "MPL-0569"
    ],
    "date": "2015-07-30",
    "time": "2015-07-30T16:17:00Z",
    "footprint_kind": "strip",
    "footprint_label": "полоса по концам трансекты",
    "footprint_radius_m": 50.0,
    "footprint_area_km2": 1.7174,
    "geometry_approximate": false,
    "candidates": 0,
    "candidate_passes": 0,
    "accepted": 0,
    "accepted_passes": 0,
    "best_scene_id": null,
    "best_platform": null,
    "best_sync": null,
    "best_shift_hours": null,
    "best_shift_days": null,
    "best_time_uncertainty_hours": null,
    "best_coverage_fraction": null,
    "decision": "rejected",
    "reason_code": "not_acquired",
    "reason": "район не снимается: сцен нет и в широком окне, вероятно открытый океан",
    "detail": ""
   }
  },
  {
   "type": "Feature",
   "id": "S1:13.4",
   "geometry": {
    "type": "Polygon",
    "coordinates": [
     [
      [
       -141.19696,
       28.99235
      ],
      [
       -141.19706,
       28.99235
      ],
      [
       -141.19716,
       28.99237
      ],
      [
       -141.19725,
       28.99241
      ],
      [
       -141.19734,
       28.99246
      ],
      [
       -141.19741,
       28.99252
      ],
      [
       -141.19746,
       28.9926
      ],
      [
       -141.1975,
       28.99268
      ],
      [
       -141.19751,
       28.99277
      ],
      [
       -141.19751,
       28.99286
      ],
      [
       -141.19749,
       28.99294
      ],
      [
       -141.19745,
       28.99302
      ],
      [
       -141.19739,
       28.99309
      ],
      [
       -141.19732,
       28.99315
      ],
      [
       -141.19723,
       28.9932
      ],
      [
       -141.19714,
       28.99323
      ],
      [
       -141.19704,
       28.99325
      ],
      [
       -140.98472,
       29.00675
      ],
      [
       -140.98462,
       29.00675
      ],
      [
       -140.98452,
       29.00673
      ],
      [
       -140.98443,
       29.00669
      ],
      [
       -140.98435,
       29.00664
      ],
      [
       -140.98428,
       29.00658
      ],
      [
       -140.98422,
       29.0065
      ],
      [
       -140.98419,
       29.00642
      ],
      [
       -140.98417,
       29.00633
      ],
      [
       -140.98417,
       29.00624
      ],
      [
       -140.9842,
       29.00616
      ],
      [
       -140.98424,
       29.00608
      ],
      [
       -140.98429,
       29.00601
      ],
      [
       -140.98437,
       29.00595
      ],
      [
       -140.98445,
       29.0059
      ],
      [
       -140.98455,
       29.00587
      ],
      [
       -140.98465,
       29.00585
      ],
      [
       -141.19696,
       28.99235
      ]
     ]
    ]
   },
   "properties": {
    "event_id": "S1:13.4",
    "source_id": "S1_GPGP2018",
    "target_keys": [],
    "sample_ids": [
     "MPL-0572"
    ],
    "date": "2015-07-30",
    "time": "2015-07-30T16:16:00Z",
    "footprint_kind": "strip",
    "footprint_label": "полоса по концам трансекты",
    "footprint_radius_m": 50.0,
    "footprint_area_km2": 2.0781,
    "geometry_approximate": false,
    "candidates": 0,
    "candidate_passes": 0,
    "accepted": 0,
    "accepted_passes": 0,
    "best_scene_id": null,
    "best_platform": null,
    "best_sync": null,
    "best_shift_hours": null,
    "best_shift_days": null,
    "best_time_uncertainty_hours": null,
    "best_coverage_fraction": null,
    "decision": "not_used",
    "reason_code": "no_target",
    "reason": "у события нет записей целевых величин",
    "detail": ""
   }
  },
  {
   "type": "Feature",
   "id": "S1:14.3",
   "geometry": {
    "type": "Polygon",
    "coordinates": [
     [
      [
       -141.69303,
       29.00383
      ],
      [
       -141.69313,
       29.00384
      ],
      [
       -141.69322,
       29.00387
      ],
      [
       -141.69331,
       29.00392
      ],
      [
       -141.69338,
       29.00398
      ],
      [
       -141.69344,
       29.00405
      ],
      [
       -141.69348,
       29.00413
      ],
      [
       -141.69351,
       29.00421
      ],
      [
       -141.69351,
       29.0043
      ],
      [
       -141.6935,
       29.00439
      ],
      [
       -141.69346,
       29.00447
      ],
      [
       -141.69341,
       29.00455
      ],
      [
       -141.69334,
       29.00461
      ],
      [
       -141.69326,
       29.00467
      ],
      [
       -141.69317,
       29.0047
      ],
      [
       -141.69307,
       29.00472
      ],
      [
       -141.69297,
       29.00473
      ],
      [
       -141.55631,
       28.99865
      ],
      [
       -141.55621,
       28.99864
      ],
      [
       -141.55611,
       28.99861
      ],
      [
       -141.55603,
       28.99856
      ],
      [
       -141.55595,
       28.9985
      ],
      [
       -141.55589,
       28.99843
      ],
      [
       -141.55585,
       28.99835
      ],
      [
       -141.55582,
       28.99827
      ],
      [
       -141.55582,
       28.99818
      ],
      [
       -141.55583,
       28.99809
      ],
      [
       -141.55587,
       28.99801
      ],
      [
       -141.55592,
       28.99793
      ],
      [
       -141.55599,
       28.99787
      ],
      [
       -141.55607,
       28.99781
      ],
      [
       -141.55616,
       28.99778
      ],
      [
       -141.55626,
       28.99776
      ],
      [
       -141.55636,
       28.99775
      ],
      [
       -141.69303,
       29.00383
      ]
     ]
    ]
   },
   "properties": {
    "event_id": "S1:14.3",
    "source_id": "S1_GPGP2018",
    "target_keys": [
     "plastic-trawl"
    ],
    "sample_ids": [
     "MPL-0570"
    ],
    "date": "2015-07-30",
    "time": "2015-07-30T21:42:30Z",
    "footprint_kind": "strip",
    "footprint_label": "полоса по концам трансекты",
    "footprint_radius_m": 50.0,
    "footprint_area_km2": 1.3386,
    "geometry_approximate": false,
    "candidates": 0,
    "candidate_passes": 0,
    "accepted": 0,
    "accepted_passes": 0,
    "best_scene_id": null,
    "best_platform": null,
    "best_sync": null,
    "best_shift_hours": null,
    "best_shift_days": null,
    "best_time_uncertainty_hours": null,
    "best_coverage_fraction": null,
    "decision": "rejected",
    "reason_code": "not_acquired",
    "reason": "район не снимается: сцен нет и в широком окне, вероятно открытый океан",
    "detail": ""
   }
  },
  {
   "type": "Feature",
   "id": "S1:14.4",
   "geometry": {
    "type": "Polygon",
    "coordinates": [
     [
      [
       -141.71002,
       29.0035
      ],
      [
       -141.71012,
       29.00351
      ],
      [
       -141.71021,
       29.00354
      ],
      [
       -141.7103,
       29.00359
      ],
      [
       -141.71038,
       29.00364
      ],
      [
       -141.71044,
       29.00371
      ],
      [
       -141.71048,
       29.00379
      ],
      [
       -141.71051,
       29.00388
      ],
      [
       -141.71051,
       29.00397
      ],
      [
       -141.7105,
       29.00405
      ],
      [
       -141.71047,
       29.00414
      ],
      [
       -141.71042,
       29.00421
      ],
      [
       -141.71035,
       29.00428
      ],
      [
       -141.71027,
       29.00433
      ],
      [
       -141.71018,
       29.00437
      ],
      [
       -141.71008,
       29.00439
      ],
      [
       -141.70998,
       29.0044
      ],
      [
       -141.5427,
       28.99915
      ],
      [
       -141.5426,
       28.99914
      ],
      [
       -141.5425,
       28.99911
      ],
      [
       -141.54242,
       28.99906
      ],
      [
       -141.54234,
       28.99901
      ],
      [
       -141.54228,
       28.99894
      ],
      [
       -141.54224,
       28.99886
      ],
      [
       -141.54221,
       28.99877
      ],
      [
       -141.5422,
       28.99868
      ],
      [
       -141.54222,
       28.9986
      ],
      [
       -141.54225,
       28.99851
      ],
      [
       -141.5423,
       28.99844
      ],
      [
       -141.54237,
       28.99837
      ],
      [
       -141.54245,
       28.99832
      ],
      [
       -141.54254,
       28.99828
      ],
      [
       -141.54263,
       28.99826
      ],
      [
       -141.54274,
       28.99825
      ],
      [
       -141.71002,
       29.0035
      ]
     ]
    ]
   },
   "properties": {
    "event_id": "S1:14.4",
    "source_id": "S1_GPGP2018",
    "target_keys": [],
    "sample_ids": [
     "MPL-0568"
    ],
    "date": "2015-07-30",
    "time": "2015-07-30T21:45:00Z",
    "footprint_kind": "strip",
    "footprint_label": "полоса по концам трансекты",
    "footprint_radius_m": 50.0,
    "footprint_area_km2": 1.6357,
    "geometry_approximate": false,
    "candidates": 0,
    "candidate_passes": 0,
    "accepted": 0,
    "accepted_passes": 0,
    "best_scene_id": null,
    "best_platform": null,
    "best_sync": null,
    "best_shift_hours": null,
    "best_shift_days": null,
    "best_time_uncertainty_hours": null,
    "best_coverage_fraction": null,
    "decision": "not_used",
    "reason_code": "no_target",
    "reason": "у события нет записей целевых величин",
    "detail": ""
   }
  },
  {
   "type": "Feature",
   "id": "S1:15.3",
   "geometry": {
    "type": "Polygon",
    "coordinates": [
     [
      [
       -142.403,
       29.00467
      ],
      [
       -142.4031,
       29.00468
      ],
      [
       -142.40319,
       29.0047
      ],
      [
       -142.40328,
       29.00474
      ],
      [
       -142.40336,
       29.0048
      ],
      [
       -142.40343,
       29.00487
      ],
      [
       -142.40347,
       29.00494
      ],
      [
       -142.4035,
       29.00503
      ],
      [
       -142.40351,
       29.00512
      ],
      [
       -142.40351,
       29.0052
      ],
      [
       -142.40348,
       29.00529
      ],
      [
       -142.40343,
       29.00537
      ],
      [
       -142.40337,
       29.00544
      ],
      [
       -142.40329,
       29.00549
      ],
      [
       -142.4032,
       29.00553
      ],
      [
       -142.4031,
       29.00556
      ],
      [
       -142.403,
       29.00557
      ],
      [
       -142.24607,
       29.00665
      ],
      [
       -142.24597,
       29.00664
      ],
      [
       -142.24587,
       29.00662
      ],
      [
       -142.24578,
       29.00658
      ],
      [
       -142.24571,
       29.00652
      ],
      [
       -142.24564,
       29.00645
      ],
      [
       -142.24559,
       29.00638
      ],
      [
       -142.24556,
       29.00629
      ],
      [
       -142.24555,
       29.0062
      ],
      [
       -142.24556,
       29.00612
      ],
      [
       -142.24559,
       29.00603
      ],
      [
       -142.24564,
       29.00595
      ],
      [
       -142.2457,
       29.00588
      ],
      [
       -142.24578,
       29.00583
      ],
      [
       -142.24587,
       29.00579
      ],
      [
       -142.24596,
       29.00576
      ],
      [
       -142.24606,
       29.00575
      ],
      [
       -142.403,
       29.00467
      ]
     ]
    ]
   },
   "properties": {
    "event_id": "S1:15.3",
    "source_id": "S1_GPGP2018",
    "target_keys": [
     "plastic-trawl"
    ],
    "sample_ids": [
     "MPL-0577"
    ],
    "date": "2015-07-31",
    "time": "2015-07-31T04:08:30Z",
    "footprint_kind": "strip",
    "footprint_label": "полоса по концам трансекты",
    "footprint_radius_m": 50.0,
    "footprint_area_km2": 1.534,
    "geometry_approximate": false,
    "candidates": 0,
    "candidate_passes": 0,
    "accepted": 0,
    "accepted_passes": 0,
    "best_scene_id": null,
    "best_platform": null,
    "best_sync": null,
    "best_shift_hours": null,
    "best_shift_days": null,
    "best_time_uncertainty_hours": null,
    "best_coverage_fraction": null,
    "decision": "rejected",
    "reason_code": "not_acquired",
    "reason": "район не снимается: сцен нет и в широком окне, вероятно открытый океан",
    "detail": ""
   }
  },
  {
   "type": "Feature",
   "id": "S1:15.4",
   "geometry": {
    "type": "Polygon",
    "coordinates": [
     [
      [
       -142.413,
       29.00415
      ],
      [
       -142.4131,
       29.00416
      ],
      [
       -142.41319,
       29.00418
      ],
      [
       -142.41328,
       29.00422
      ],
      [
       -142.41336,
       29.00428
      ],
      [
       -142.41343,
       29.00435
      ],
      [
       -142.41347,
       29.00442
      ],
      [
       -142.4135,
       29.00451
      ],
      [
       -142.41351,
       29.0046
      ],
      [
       -142.41351,
       29.00468
      ],
      [
       -142.41348,
       29.00477
      ],
      [
       -142.41343,
       29.00485
      ],
      [
       -142.41337,
       29.00492
      ],
      [
       -142.41329,
       29.00497
      ],
      [
       -142.4132,
       29.00501
      ],
      [
       -142.4131,
       29.00504
      ],
      [
       -142.413,
       29.00505
      ],
      [
       -142.23137,
       29.00635
      ],
      [
       -142.23127,
       29.00634
      ],
      [
       -142.23117,
       29.00632
      ],
      [
       -142.23108,
       29.00628
      ],
      [
       -142.23101,
       29.00622
      ],
      [
       -142.23094,
       29.00615
      ],
      [
       -142.23089,
       29.00608
      ],
      [
       -142.23086,
       29.00599
      ],
      [
       -142.23085,
       29.0059
      ],
      [
       -142.23086,
       29.00582
      ],
      [
       -142.23089,
       29.00573
      ],
      [
       -142.23094,
       29.00565
      ],
      [
       -142.231,
       29.00558
      ],
      [
       -142.23108,
       29.00553
      ],
      [
       -142.23117,
       29.00549
      ],
      [
       -142.23126,
       29.00546
      ],
      [
       -142.23136,
       29.00545
      ],
      [
       -142.413,
       29.00415
      ]
     ]
    ]
   },
   "properties": {
    "event_id": "S1:15.4",
    "source_id": "S1_GPGP2018",
    "target_keys": [],
    "sample_ids": [
     "MPL-0578",
     "MPL-0579"
    ],
    "date": "2015-07-31",
    "time": "2015-07-31T04:09:00Z",
    "footprint_kind": "strip",
    "footprint_label": "полоса по концам трансекты",
    "footprint_radius_m": 50.0,
    "footprint_area_km2": 1.7742,
    "geometry_approximate": false,
    "candidates": 0,
    "candidate_passes": 0,
    "accepted": 0,
    "accepted_passes": 0,
    "best_scene_id": null,
    "best_platform": null,
    "best_sync": null,
    "best_shift_hours": null,
    "best_shift_days": null,
    "best_time_uncertainty_hours": null,
    "best_coverage_fraction": null,
    "decision": "not_used",
    "reason_code": "no_target",
    "reason": "у события нет записей целевых величин",
    "detail": ""
   }
  },
  {
   "type": "Feature",
   "id": "S1:16.3",
   "geometry": {
    "type": "Polygon",
    "coordinates": [
     [
      [
       -143.05895,
       28.99983
      ],
      [
       -143.05905,
       28.99983
      ],
      [
       -143.05915,
       28.99985
      ],
      [
       -143.05924,
       28.99988
      ],
      [
       -143.05933,
       28.99993
      ],
      [
       -143.0594,
       28.99999
      ],
      [
       -143.05945,
       29.00007
      ],
      [
       -143.05949,
       29.00015
      ],
      [
       -143.05951,
       29.00023
      ],
      [
       -143.05951,
       29.00032
      ],
      [
       -143.05949,
       29.00041
      ],
      [
       -143.05945,
       29.00049
      ],
      [
       -143.0594,
       29.00056
      ],
      [
       -143.05933,
       29.00063
      ],
      [
       -143.05924,
       29.00068
      ],
      [
       -143.05915,
       29.00071
      ],
      [
       -143.05905,
       29.00073
      ],
      [
       -142.90267,
       29.01455
      ],
      [
       -142.90257,
       29.01455
      ],
      [
       -142.90247,
       29.01453
      ],
      [
       -142.90238,
       29.0145
      ],
      [
       -142.90229,
       29.01445
      ],
      [
       -142.90222,
       29.01439
      ],
      [
       -142.90216,
       29.01431
      ],
      [
       -142.90213,
       29.01423
      ],
      [
       -142.90211,
       29.01415
      ],
      [
       -142.90211,
       29.01406
      ],
      [
       -142.90212,
       29.01397
      ],
      [
       -142.90216,
       29.01389
      ],
      [
       -142.90222,
       29.01382
      ],
      [
       -142.90229,
       29.01375
      ],
      [
       -142.90237,
       29.0137
      ],
      [
       -142.90247,
       29.01367
      ],
      [
       -142.90257,
       29.01365
      ],
      [
       -143.05895,
       28.99983
      ]
     ]
    ]
   },
   "properties": {
    "event_id": "S1:16.3",
    "source_id": "S1_GPGP2018",
    "target_keys": [
     "plastic-trawl"
    ],
    "sample_ids": [
     "MPL-0581"
    ],
    "date": "2015-07-31",
    "time": "2015-07-31T10:12:00Z",
    "footprint_kind": "strip",
    "footprint_label": "полоса по концам трансекты",
    "footprint_radius_m": 50.0,
    "footprint_area_km2": 1.5363,
    "geometry_approximate": false,
    "candidates": 0,
    "candidate_passes": 0,
    "accepted": 0,
    "accepted_passes": 0,
    "best_scene_id": null,
    "best_platform": null,
    "best_sync": null,
    "best_shift_hours": null,
    "best_shift_days": null,
    "best_time_uncertainty_hours": null,
    "best_coverage_fraction": null,
    "decision": "rejected",
    "reason_code": "not_acquired",
    "reason": "район не снимается: сцен нет и в широком окне, вероятно открытый океан",
    "detail": ""
   }
  },
  {
   "type": "Feature",
   "id": "S1:16.4",
   "geometry": {
    "type": "Polygon",
    "coordinates": [
     [
      [
       -143.07097,
       28.99937
      ],
      [
       -143.07107,
       28.99937
      ],
      [
       -143.07117,
       28.99939
      ],
      [
       -143.07126,
       28.99943
      ],
      [
       -143.07134,
       28.99948
      ],
      [
       -143.07141,
       28.99955
      ],
      [
       -143.07146,
       28.99962
      ],
      [
       -143.0715,
       28.9997
      ],
      [
       -143.07151,
       28.99979
      ],
      [
       -143.07151,
       28.99988
      ],
      [
       -143.07149,
       28.99996
      ],
      [
       -143.07145,
       29.00004
      ],
      [
       -143.07139,
       29.00012
      ],
      [
       -143.07131,
       29.00018
      ],
      [
       -143.07123,
       29.00022
      ],
      [
       -143.07113,
       29.00025
      ],
      [
       -143.07103,
       29.00027
      ],
      [
       -142.85963,
       29.01234
      ],
      [
       -142.85953,
       29.01234
      ],
      [
       -142.85943,
       29.01232
      ],
      [
       -142.85934,
       29.01228
      ],
      [
       -142.85926,
       29.01223
      ],
      [
       -142.85919,
       29.01217
      ],
      [
       -142.85914,
       29.01209
      ],
      [
       -142.8591,
       29.01201
      ],
      [
       -142.85909,
       29.01192
      ],
      [
       -142.85909,
       29.01184
      ],
      [
       -142.85911,
       29.01175
      ],
      [
       -142.85915,
       29.01167
      ],
      [
       -142.85921,
       29.0116
      ],
      [
       -142.85929,
       29.01154
      ],
      [
       -142.85937,
       29.01149
      ],
      [
       -142.85947,
       29.01146
      ],
      [
       -142.85957,
       29.01145
      ],
      [
       -143.07097,
       28.99937
      ]
     ]
    ]
   },
   "properties": {
    "event_id": "S1:16.4",
    "source_id": "S1_GPGP2018",
    "target_keys": [],
    "sample_ids": [
     "MPL-0582"
    ],
    "date": "2015-07-31",
    "time": "2015-07-31T10:11:30Z",
    "footprint_kind": "strip",
    "footprint_label": "полоса по концам трансекты",
    "footprint_radius_m": 50.0,
    "footprint_area_km2": 2.068,
    "geometry_approximate": false,
    "candidates": 0,
    "candidate_passes": 0,
    "accepted": 0,
    "accepted_passes": 0,
    "best_scene_id": null,
    "best_platform": null,
    "best_sync": null,
    "best_shift_hours": null,
    "best_shift_days": null,
    "best_time_uncertainty_hours": null,
    "best_coverage_fraction": null,
    "decision": "not_used",
    "reason_code": "no_target",
    "reason": "у события нет записей целевых величин",
    "detail": ""
   }
  },
  {
   "type": "Feature",
   "id": "S1:17.3",
   "geometry": {
    "type": "Polygon",
    "coordinates": [
     [
      [
       -143.63295,
       28.98117
      ],
      [
       -143.63305,
       28.98117
      ],
      [
       -143.63315,
       28.98119
      ],
      [
       -143.63324,
       28.98122
      ],
      [
       -143.63333,
       28.98127
      ],
      [
       -143.6334,
       28.98134
      ],
      [
       -143.63345,
       28.98141
      ],
      [
       -143.63349,
       28.98149
      ],
      [
       -143.63351,
       28.98158
      ],
      [
       -143.63351,
       28.98167
      ],
      [
       -143.63349,
       28.98175
      ],
      [
       -143.63345,
       28.98183
      ],
      [
       -143.6334,
       28.98191
      ],
      [
       -143.63332,
       28.98197
      ],
      [
       -143.63324,
       28.98202
      ],
      [
       -143.63315,
       28.98205
      ],
      [
       -143.63305,
       28.98207
      ],
      [
       -143.46352,
       28.99615
      ],
      [
       -143.46341,
       28.99615
      ],
      [
       -143.46332,
       28.99613
      ],
      [
       -143.46322,
       28.9961
      ],
      [
       -143.46314,
       28.99605
      ],
      [
       -143.46307,
       28.99598
      ],
      [
       -143.46301,
       28.99591
      ],
      [
       -143.46297,
       28.99583
      ],
      [
       -143.46296,
       28.99574
      ],
      [
       -143.46296,
       28.99565
      ],
      [
       -143.46298,
       28.99557
      ],
      [
       -143.46301,
       28.99549
      ],
      [
       -143.46307,
       28.99541
      ],
      [
       -143.46314,
       28.99535
      ],
      [
       -143.46323,
       28.9953
      ],
      [
       -143.46332,
       28.99527
      ],
      [
       -143.46342,
       28.99525
      ],
      [
       -143.63295,
       28.98117
      ]
     ]
    ]
   },
   "properties": {
    "event_id": "S1:17.3",
    "source_id": "S1_GPGP2018",
    "target_keys": [
     "plastic-trawl"
    ],
    "sample_ids": [
     "MPL-0574"
    ],
    "date": "2015-07-31",
    "time": "2015-07-31T15:48:00Z",
    "footprint_kind": "strip",
    "footprint_label": "полоса по концам трансекты",
    "footprint_radius_m": 50.0,
    "footprint_area_km2": 1.6642,
    "geometry_approximate": false,
    "candidates": 0,
    "candidate_passes": 0,
    "accepted": 0,
    "accepted_passes": 0,
    "best_scene_id": null,
    "best_platform": null,
    "best_sync": null,
    "best_shift_hours": null,
    "best_shift_days": null,
    "best_time_uncertainty_hours": null,
    "best_coverage_fraction": null,
    "decision": "rejected",
    "reason_code": "not_acquired",
    "reason": "район не снимается: сцен нет и в широком окне, вероятно открытый океан",
    "detail": ""
   }
  },
  {
   "type": "Feature",
   "id": "S1:17.4",
   "geometry": {
    "type": "Polygon",
    "coordinates": [
     [
      [
       -143.65096,
       28.98078
      ],
      [
       -143.65106,
       28.98078
      ],
      [
       -143.65116,
       28.9808
      ],
      [
       -143.65125,
       28.98084
      ],
      [
       -143.65133,
       28.98089
      ],
      [
       -143.6514,
       28.98095
      ],
      [
       -143.65146,
       28.98102
      ],
      [
       -143.65149,
       28.98111
      ],
      [
       -143.65151,
       28.98119
      ],
      [
       -143.65151,
       28.98128
      ],
      [
       -143.65149,
       28.98137
      ],
      [
       -143.65145,
       28.98145
      ],
      [
       -143.65139,
       28.98152
      ],
      [
       -143.65132,
       28.98158
      ],
      [
       -143.65124,
       28.98163
      ],
      [
       -143.65114,
       28.98166
      ],
      [
       -143.65104,
       28.98168
      ],
      [
       -143.48121,
       28.99425
      ],
      [
       -143.48111,
       28.99425
      ],
      [
       -143.48101,
       28.99423
      ],
      [
       -143.48092,
       28.99419
      ],
      [
       -143.48084,
       28.99414
      ],
      [
       -143.48077,
       28.99408
      ],
      [
       -143.48071,
       28.99401
      ],
      [
       -143.48067,
       28.99392
      ],
      [
       -143.48065,
       28.99384
      ],
      [
       -143.48066,
       28.99375
      ],
      [
       -143.48068,
       28.99366
      ],
      [
       -143.48072,
       28.99358
      ],
      [
       -143.48077,
       28.99351
      ],
      [
       -143.48085,
       28.99345
      ],
      [
       -143.48093,
       28.9934
      ],
      [
       -143.48102,
       28.99337
      ],
      [
       -143.48112,
       28.99335
      ],
      [
       -143.65096,
       28.98078
      ]
     ]
    ]
   },
   "properties": {
    "event_id": "S1:17.4",
    "source_id": "S1_GPGP2018",
    "target_keys": [
     "plastic-trawl"
    ],
    "sample_ids": [
     "MPL-0573"
    ],
    "date": "2015-07-31",
    "time": "2015-07-31T16:11:30Z",
    "footprint_kind": "strip",
    "footprint_label": "полоса по концам трансекты",
    "footprint_radius_m": 50.0,
    "footprint_area_km2": 1.6656,
    "geometry_approximate": false,
    "candidates": 0,
    "candidate_passes": 0,
    "accepted": 0,
    "accepted_passes": 0,
    "best_scene_id": null,
    "best_platform": null,
    "best_sync": null,
    "best_shift_hours": null,
    "best_shift_days": null,
    "best_time_uncertainty_hours": null,
    "best_coverage_fraction": null,
    "decision": "rejected",
    "reason_code": "not_acquired",
    "reason": "район не снимается: сцен нет и в широком окне, вероятно открытый океан",
    "detail": ""
   }
  },
  {
   "type": "Feature",
   "id": "S1:18.3",
   "geometry": {
    "type": "Polygon",
    "coordinates": [
     [
      [
       -142.63313,
       30.04361
      ],
      [
       -142.63303,
       30.04362
      ],
      [
       -142.63293,
       30.04362
      ],
      [
       -142.63283,
       30.04359
      ],
      [
       -142.63273,
       30.04356
      ],
      [
       -142.63265,
       30.0435
      ],
      [
       -142.63258,
       30.04344
      ],
      [
       -142.63253,
       30.04336
      ],
      [
       -142.6325,
       30.04328
      ],
      [
       -142.63248,
       30.04319
      ],
      [
       -142.63249,
       30.04311
      ],
      [
       -142.63251,
       30.04302
      ],
      [
       -142.63255,
       30.04294
      ],
      [
       -142.63261,
       30.04287
      ],
      [
       -142.63269,
       30.04281
      ],
      [
       -142.63278,
       30.04276
      ],
      [
       -142.63287,
       30.04273
      ],
      [
       -142.79645,
       30.00666
      ],
      [
       -142.79656,
       30.00665
      ],
      [
       -142.79666,
       30.00665
      ],
      [
       -142.79676,
       30.00668
      ],
      [
       -142.79685,
       30.00671
      ],
      [
       -142.79693,
       30.00677
      ],
      [
       -142.797,
       30.00683
      ],
      [
       -142.79705,
       30.00691
      ],
      [
       -142.79709,
       30.00699
      ],
      [
       -142.7971,
       30.00708
      ],
      [
       -142.7971,
       30.00716
      ],
      [
       -142.79707,
       30.00725
      ],
      [
       -142.79703,
       30.00733
      ],
      [
       -142.79697,
       30.0074
      ],
      [
       -142.79689,
       30.00746
      ],
      [
       -142.79681,
       30.00751
      ],
      [
       -142.79671,
       30.00754
      ],
      [
       -142.63313,
       30.04361
      ]
     ]
    ]
   },
   "properties": {
    "event_id": "S1:18.3",
    "source_id": "S1_GPGP2018",
    "target_keys": [],
    "sample_ids": [
     "MPL-0589"
    ],
    "date": "2015-08-01",
    "time": "2015-08-01T10:09:30Z",
    "footprint_kind": "strip",
    "footprint_label": "полоса по концам трансекты",
    "footprint_radius_m": 50.0,
    "footprint_area_km2": 1.6329,
    "geometry_approximate": false,
    "candidates": 0,
    "candidate_passes": 0,
    "accepted": 0,
    "accepted_passes": 0,
    "best_scene_id": null,
    "best_platform": null,
    "best_sync": null,
    "best_shift_hours": null,
    "best_shift_days": null,
    "best_time_uncertainty_hours": null,
    "best_coverage_fraction": null,
    "decision": "not_used",
    "reason_code": "no_target",
    "reason": "у события нет записей целевых величин",
    "detail": ""
   }
  },
  {
   "type": "Feature",
   "id": "S1:18.4",
   "geometry": {
    "type": "Polygon",
    "coordinates": [
     [
      [
       -142.62015,
       30.04706
      ],
      [
       -142.62005,
       30.04708
      ],
      [
       -142.61995,
       30.04708
      ],
      [
       -142.61985,
       30.04706
      ],
      [
       -142.61975,
       30.04703
      ],
      [
       -142.61967,
       30.04698
      ],
      [
       -142.6196,
       30.04691
      ],
      [
       -142.61954,
       30.04684
      ],
      [
       -142.6195,
       30.04676
      ],
      [
       -142.61948,
       30.04667
      ],
      [
       -142.61948,
       30.04658
      ],
      [
       -142.6195,
       30.0465
      ],
      [
       -142.61954,
       30.04642
      ],
      [
       -142.6196,
       30.04634
      ],
      [
       -142.61967,
       30.04628
      ],
      [
       -142.61976,
       30.04623
      ],
      [
       -142.61985,
       30.0462
      ],
      [
       -142.79723,
       30.00007
      ],
      [
       -142.79733,
       30.00005
      ],
      [
       -142.79744,
       30.00005
      ],
      [
       -142.79754,
       30.00007
      ],
      [
       -142.79763,
       30.0001
      ],
      [
       -142.79771,
       30.00015
      ],
      [
       -142.79779,
       30.00022
      ],
      [
       -142.79784,
       30.00029
      ],
      [
       -142.79788,
       30.00037
      ],
      [
       -142.7979,
       30.00046
      ],
      [
       -142.7979,
       30.00055
      ],
      [
       -142.79788,
       30.00063
      ],
      [
       -142.79784,
       30.00071
      ],
      [
       -142.79778,
       30.00079
      ],
      [
       -142.79771,
       30.00085
      ],
      [
       -142.79763,
       30.0009
      ],
      [
       -142.79753,
       30.00093
      ],
      [
       -142.62015,
       30.04706
      ]
     ]
    ]
   },
   "properties": {
    "event_id": "S1:18.4",
    "source_id": "S1_GPGP2018",
    "target_keys": [
     "plastic-trawl"
    ],
    "sample_ids": [
     "MPL-0593"
    ],
    "date": "2015-08-01",
    "time": "2015-08-01T09:34:30Z",
    "footprint_kind": "strip",
    "footprint_label": "полоса по концам трансекты",
    "footprint_radius_m": 50.0,
    "footprint_area_km2": 1.7909,
    "geometry_approximate": false,
    "candidates": 0,
    "candidate_passes": 0,
    "accepted": 0,
    "accepted_passes": 0,
    "best_scene_id": null,
    "best_platform": null,
    "best_sync": null,
    "best_shift_hours": null,
    "best_shift_days": null,
    "best_time_uncertainty_hours": null,
    "best_coverage_fraction": null,
    "decision": "rejected",
    "reason_code": "not_acquired",
    "reason": "район не снимается: сцен нет и в широком окне, вероятно открытый океан",
    "detail": ""
   }
  },
  {
   "type": "Feature",
   "id": "S1:19.3",
   "geometry": {
    "type": "Polygon",
    "coordinates": [
     [
      [
       -142.20097,
       30.0112
      ],
      [
       -142.20087,
       30.01118
      ],
      [
       -142.20077,
       30.01115
      ],
      [
       -142.20068,
       30.01111
      ],
      [
       -142.20061,
       30.01105
      ],
      [
       -142.20055,
       30.01097
      ],
      [
       -142.20051,
       30.01089
      ],
      [
       -142.20049,
       30.01081
      ],
      [
       -142.20048,
       30.01072
      ],
      [
       -142.2005,
       30.01063
      ],
      [
       -142.20053,
       30.01055
      ],
      [
       -142.20059,
       30.01048
      ],
      [
       -142.20066,
       30.01041
      ],
      [
       -142.20074,
       30.01036
      ],
      [
       -142.20083,
       30.01032
      ],
      [
       -142.20093,
       30.0103
      ],
      [
       -142.20103,
       30.0103
      ],
      [
       -142.32775,
       30.01745
      ],
      [
       -142.32785,
       30.01747
      ],
      [
       -142.32795,
       30.0175
      ],
      [
       -142.32803,
       30.01754
      ],
      [
       -142.32811,
       30.0176
      ],
      [
       -142.32817,
       30.01768
      ],
      [
       -142.32821,
       30.01776
      ],
      [
       -142.32823,
       30.01784
      ],
      [
       -142.32824,
       30.01793
      ],
      [
       -142.32822,
       30.01802
      ],
      [
       -142.32818,
       30.0181
      ],
      [
       -142.32813,
       30.01817
      ],
      [
       -142.32806,
       30.01824
      ],
      [
       -142.32798,
       30.01829
      ],
      [
       -142.32788,
       30.01833
      ],
      [
       -142.32778,
       30.01835
      ],
      [
       -142.32768,
       30.01835
      ],
      [
       -142.20097,
       30.0112
      ]
     ]
    ]
   },
   "properties": {
    "event_id": "S1:19.3",
    "source_id": "S1_GPGP2018",
    "target_keys": [],
    "sample_ids": [
     "MPL-0592"
    ],
    "date": "2015-08-01",
    "time": "2015-08-01T15:53:00Z",
    "footprint_kind": "strip",
    "footprint_label": "полоса по концам трансекты",
    "footprint_radius_m": 50.0,
    "footprint_area_km2": 1.2305,
    "geometry_approximate": false,
    "candidates": 0,
    "candidate_passes": 0,
    "accepted": 0,
    "accepted_passes": 0,
    "best_scene_id": null,
    "best_platform": null,
    "best_sync": null,
    "best_shift_hours": null,
    "best_shift_days": null,
    "best_time_uncertainty_hours": null,
    "best_coverage_fraction": null,
    "decision": "not_used",
    "reason_code": "no_target",
    "reason": "у события нет записей целевых величин",
    "detail": ""
   }
  },
  {
   "type": "Feature",
   "id": "S1:19.4",
   "geometry": {
    "type": "Polygon",
    "coordinates": [
     [
      [
       -142.19399,
       30.01012
      ],
      [
       -142.19389,
       30.01011
      ],
      [
       -142.19379,
       30.01008
      ],
      [
       -142.1937,
       30.01004
      ],
      [
       -142.19362,
       30.00998
      ],
      [
       -142.19356,
       30.00991
      ],
      [
       -142.19352,
       30.00983
      ],
      [
       -142.19349,
       30.00975
      ],
      [
       -142.19348,
       30.00966
      ],
      [
       -142.19349,
       30.00957
      ],
      [
       -142.19352,
       30.00949
      ],
      [
       -142.19357,
       30.00941
      ],
      [
       -142.19364,
       30.00935
      ],
      [
       -142.19372,
       30.00929
      ],
      [
       -142.19381,
       30.00925
      ],
      [
       -142.19391,
       30.00923
      ],
      [
       -142.19401,
       30.00922
      ],
      [
       -142.33251,
       30.01185
      ],
      [
       -142.33261,
       30.01186
      ],
      [
       -142.33271,
       30.01189
      ],
      [
       -142.3328,
       30.01193
      ],
      [
       -142.33288,
       30.01199
      ],
      [
       -142.33294,
       30.01206
      ],
      [
       -142.33298,
       30.01214
      ],
      [
       -142.33301,
       30.01222
      ],
      [
       -142.33302,
       30.01231
      ],
      [
       -142.33301,
       30.0124
      ],
      [
       -142.33298,
       30.01248
      ],
      [
       -142.33293,
       30.01256
      ],
      [
       -142.33286,
       30.01262
      ],
      [
       -142.33278,
       30.01268
      ],
      [
       -142.33269,
       30.01272
      ],
      [
       -142.33259,
       30.01274
      ],
      [
       -142.33249,
       30.01275
      ],
      [
       -142.19399,
       30.01012
      ]
     ]
    ]
   },
   "properties": {
    "event_id": "S1:19.4",
    "source_id": "S1_GPGP2018",
    "target_keys": [
     "plastic-trawl"
    ],
    "sample_ids": [
     "MPL-0590"
    ],
    "date": "2015-08-01",
    "time": "2015-08-01T15:54:30Z",
    "footprint_kind": "strip",
    "footprint_label": "полоса по концам трансекты",
    "footprint_radius_m": 50.0,
    "footprint_area_km2": 1.3417,
    "geometry_approximate": false,
    "candidates": 0,
    "candidate_passes": 0,
    "accepted": 0,
    "accepted_passes": 0,
    "best_scene_id": null,
    "best_platform": null,
    "best_sync": null,
    "best_shift_hours": null,
    "best_shift_days": null,
    "best_time_uncertainty_hours": null,
    "best_coverage_fraction": null,
    "decision": "rejected",
    "reason_code": "not_acquired",
    "reason": "район не снимается: сцен нет и в широком окне, вероятно открытый океан",
    "detail": ""
   }
  },
  {
   "type": "Feature",
   "id": "S1:2.3",
   "geometry": {
    "type": "Polygon",
    "coordinates": [
     [
      [
       -134.64601,
       29.05588
      ],
      [
       -134.64611,
       29.05589
      ],
      [
       -134.64621,
       29.05592
      ],
      [
       -134.6463,
       29.05596
      ],
      [
       -134.64637,
       29.05602
      ],
      [
       -134.64644,
       29.05609
      ],
      [
       -134.64648,
       29.05617
      ],
      [
       -134.64651,
       29.05625
      ],
      [
       -134.64651,
       29.05634
      ],
      [
       -134.6465,
       29.05643
      ],
      [
       -134.64647,
       29.05651
      ],
      [
       -134.64642,
       29.05659
      ],
      [
       -134.64635,
       29.05666
      ],
      [
       -134.64627,
       29.05671
      ],
      [
       -134.64618,
       29.05675
      ],
      [
       -134.64609,
       29.05677
      ],
      [
       -134.64599,
       29.05678
      ],
      [
       -134.44604,
       29.05215
      ],
      [
       -134.44594,
       29.05214
      ],
      [
       -134.44584,
       29.05211
      ],
      [
       -134.44575,
       29.05207
      ],
      [
       -134.44568,
       29.05201
      ],
      [
       -134.44561,
       29.05194
      ],
      [
       -134.44557,
       29.05186
      ],
      [
       -134.44554,
       29.05178
      ],
      [
       -134.44554,
       29.05169
      ],
      [
       -134.44555,
       29.0516
      ],
      [
       -134.44558,
       29.05152
      ],
      [
       -134.44563,
       29.05144
      ],
      [
       -134.4457,
       29.05137
      ],
      [
       -134.44578,
       29.05132
      ],
      [
       -134.44587,
       29.05128
      ],
      [
       -134.44596,
       29.05126
      ],
      [
       -134.44606,
       29.05125
      ],
      [
       -134.64601,
       29.05588
      ]
     ]
    ]
   },
   "properties": {
    "event_id": "S1:2.3",
    "source_id": "S1_GPGP2018",
    "target_keys": [
     "plastic-trawl"
    ],
    "sample_ids": [
     "MPL-0530"
    ],
    "date": "2015-07-27",
    "time": "2015-07-27T22:41:00Z",
    "footprint_kind": "strip",
    "footprint_label": "полоса по концам трансекты",
    "footprint_radius_m": 50.0,
    "footprint_area_km2": 1.9521,
    "geometry_approximate": false,
    "candidates": 0,
    "candidate_passes": 0,
    "accepted": 0,
    "accepted_passes": 0,
    "best_scene_id": null,
    "best_platform": null,
    "best_sync": null,
    "best_shift_hours": null,
    "best_shift_days": null,
    "best_time_uncertainty_hours": null,
    "best_coverage_fraction": null,
    "decision": "rejected",
    "reason_code": "not_acquired",
    "reason": "район не снимается: сцен нет и в широком окне, вероятно открытый океан",
    "detail": ""
   }
  },
  {
   "type": "Feature",
   "id": "S1:2.4",
   "geometry": {
    "type": "Polygon",
    "coordinates": [
     [
      [
       -134.62901,
       29.05688
      ],
      [
       -134.62911,
       29.05689
      ],
      [
       -134.62921,
       29.05692
      ],
      [
       -134.6293,
       29.05696
      ],
      [
       -134.62937,
       29.05702
      ],
      [
       -134.62944,
       29.05709
      ],
      [
       -134.62948,
       29.05717
      ],
      [
       -134.62951,
       29.05725
      ],
      [
       -134.62951,
       29.05734
      ],
      [
       -134.6295,
       29.05743
      ],
      [
       -134.62947,
       29.05751
      ],
      [
       -134.62942,
       29.05759
      ],
      [
       -134.62935,
       29.05766
      ],
      [
       -134.62927,
       29.05771
      ],
      [
       -134.62918,
       29.05775
      ],
      [
       -134.62909,
       29.05777
      ],
      [
       -134.62899,
       29.05778
      ],
      [
       -134.45967,
       29.05355
      ],
      [
       -134.45957,
       29.05354
      ],
      [
       -134.45947,
       29.05351
      ],
      [
       -134.45939,
       29.05347
      ],
      [
       -134.45931,
       29.05341
      ],
      [
       -134.45925,
       29.05334
      ],
      [
       -134.4592,
       29.05326
      ],
      [
       -134.45918,
       29.05318
      ],
      [
       -134.45917,
       29.05309
      ],
      [
       -134.45918,
       29.053
      ],
      [
       -134.45921,
       29.05292
      ],
      [
       -134.45926,
       29.05284
      ],
      [
       -134.45933,
       29.05277
      ],
      [
       -134.45941,
       29.05272
      ],
      [
       -134.4595,
       29.05268
      ],
      [
       -134.4596,
       29.05266
      ],
      [
       -134.4597,
       29.05265
      ],
      [
       -134.62901,
       29.05688
      ]
     ]
    ]
   },
   "properties": {
    "event_id": "S1:2.4",
    "source_id": "S1_GPGP2018",
    "target_keys": [],
    "sample_ids": [
     "MPL-0529"
    ],
    "date": "2015-07-27",
    "time": "2015-07-27T22:34:30Z",
    "footprint_kind": "strip",
    "footprint_label": "полоса по концам трансекты",
    "footprint_radius_m": 50.0,
    "footprint_area_km2": 1.6543,
    "geometry_approximate": false,
    "candidates": 0,
    "candidate_passes": 0,
    "accepted": 0,
    "accepted_passes": 0,
    "best_scene_id": null,
    "best_platform": null,
    "best_sync": null,
    "best_shift_hours": null,
    "best_shift_days": null,
    "best_time_uncertainty_hours": null,
    "best_coverage_fraction": null,
    "decision": "not_used",
    "reason_code": "no_target",
    "reason": "у события нет записей целевых величин",
    "detail": ""
   }
  },
  {
   "type": "Feature",
   "id": "S1:20.3",
   "geometry": {
    "type": "Polygon",
    "coordinates": [
     [
      [
       -141.70308,
       30.01211
      ],
      [
       -141.70298,
       30.01212
      ],
      [
       -141.70288,
       30.01211
      ],
      [
       -141.70278,
       30.01208
      ],
      [
       -141.7027,
       30.01203
      ],
      [
       -141.70262,
       30.01198
      ],
      [
       -141.70256,
       30.01191
      ],
      [
       -141.70251,
       30.01183
      ],
      [
       -141.70249,
       30.01174
      ],
      [
       -141.70248,
       30.01165
      ],
      [
       -141.70249,
       30.01157
      ],
      [
       -141.70253,
       30.01148
      ],
      [
       -141.70258,
       30.01141
      ],
      [
       -141.70265,
       30.01134
      ],
      [
       -141.70273,
       30.01129
      ],
      [
       -141.70282,
       30.01125
      ],
      [
       -141.70292,
       30.01123
      ],
      [
       -141.83505,
       29.99286
      ],
      [
       -141.83515,
       29.99285
      ],
      [
       -141.83525,
       29.99286
      ],
      [
       -141.83535,
       29.99289
      ],
      [
       -141.83544,
       29.99294
      ],
      [
       -141.83551,
       29.99299
      ],
      [
       -141.83558,
       29.99306
      ],
      [
       -141.83562,
       29.99314
      ],
      [
       -141.83565,
       29.99323
      ],
      [
       -141.83565,
       29.99332
      ],
      [
       -141.83564,
       29.9934
      ],
      [
       -141.8356,
       29.99349
      ],
      [
       -141.83555,
       29.99356
      ],
      [
       -141.83549,
       29.99363
      ],
      [
       -141.83541,
       29.99368
      ],
      [
       -141.83531,
       29.99372
      ],
      [
       -141.83522,
       29.99374
      ],
      [
       -141.70308,
       30.01211
      ]
     ]
    ]
   },
   "properties": {
    "event_id": "S1:20.3",
    "source_id": "S1_GPGP2018",
    "target_keys": [],
    "sample_ids": [
     "MPL-0584"
    ],
    "date": "2015-08-01",
    "time": "2015-08-01T22:20:00Z",
    "footprint_kind": "strip",
    "footprint_label": "полоса по концам трансекты",
    "footprint_radius_m": 50.0,
    "footprint_area_km2": 1.2965,
    "geometry_approximate": false,
    "candidates": 0,
    "candidate_passes": 0,
    "accepted": 0,
    "accepted_passes": 0,
    "best_scene_id": null,
    "best_platform": null,
    "best_sync": null,
    "best_shift_hours": null,
    "best_shift_days": null,
    "best_time_uncertainty_hours": null,
    "best_coverage_fraction": null,
    "decision": "not_used",
    "reason_code": "no_target",
    "reason": "у события нет записей целевых величин",
    "detail": ""
   }
  },
  {
   "type": "Feature",
   "id": "S1:20.4",
   "geometry": {
    "type": "Polygon",
    "coordinates": [
     [
      [
       -141.69491,
       30.01999
      ],
      [
       -141.6948,
       30.02
      ],
      [
       -141.6947,
       30.01999
      ],
      [
       -141.69461,
       30.01997
      ],
      [
       -141.69451,
       30.01993
      ],
      [
       -141.69444,
       30.01987
      ],
      [
       -141.69437,
       30.0198
      ],
      [
       -141.69432,
       30.01973
      ],
      [
       -141.69429,
       30.01964
      ],
      [
       -141.69428,
       30.01955
      ],
      [
       -141.69429,
       30.01947
      ],
      [
       -141.69432,
       30.01938
      ],
      [
       -141.69437,
       30.0193
      ],
      [
       -141.69443,
       30.01923
      ],
      [
       -141.69451,
       30.01918
      ],
      [
       -141.6946,
       30.01914
      ],
      [
       -141.69469,
       30.01911
      ],
      [
       -141.84103,
       29.99286
      ],
      [
       -141.84113,
       29.99285
      ],
      [
       -141.84123,
       29.99286
      ],
      [
       -141.84133,
       29.99288
      ],
      [
       -141.84142,
       29.99292
      ],
      [
       -141.8415,
       29.99298
      ],
      [
       -141.84156,
       29.99305
      ],
      [
       -141.84161,
       29.99312
      ],
      [
       -141.84164,
       29.99321
      ],
      [
       -141.84165,
       29.9933
      ],
      [
       -141.84164,
       29.99338
      ],
      [
       -141.84161,
       29.99347
      ],
      [
       -141.84157,
       29.99355
      ],
      [
       -141.8415,
       29.99362
      ],
      [
       -141.84142,
       29.99367
      ],
      [
       -141.84134,
       29.99371
      ],
      [
       -141.84124,
       29.99374
      ],
      [
       -141.69491,
       30.01999
      ]
     ]
    ]
   },
   "properties": {
    "event_id": "S1:20.4",
    "source_id": "S1_GPGP2018",
    "target_keys": [
     "plastic-trawl"
    ],
    "sample_ids": [
     "MPL-0588"
    ],
    "date": "2015-08-01",
    "time": "2015-08-01T22:18:30Z",
    "footprint_kind": "strip",
    "footprint_label": "полоса по концам трансекты",
    "footprint_radius_m": 50.0,
    "footprint_area_km2": 1.4468,
    "geometry_approximate": false,
    "candidates": 0,
    "candidate_passes": 0,
    "accepted": 0,
    "accepted_passes": 0,
    "best_scene_id": null,
    "best_platform": null,
    "best_sync": null,
    "best_shift_hours": null,
    "best_shift_days": null,
    "best_time_uncertainty_hours": null,
    "best_coverage_fraction": null,
    "decision": "rejected",
    "reason_code": "not_acquired",
    "reason": "район не снимается: сцен нет и в широком окне, вероятно открытый океан",
    "detail": ""
   }
  },
  {
   "type": "Feature",
   "id": "S1:21.3",
   "geometry": {
    "type": "Polygon",
    "coordinates": [
     [
      [
       -141.27001,
       30.00383
      ],
      [
       -141.26991,
       30.00382
      ],
      [
       -141.26981,
       30.0038
      ],
      [
       -141.26972,
       30.00376
      ],
      [
       -141.26964,
       30.0037
      ],
      [
       -141.26957,
       30.00364
      ],
      [
       -141.26952,
       30.00356
      ],
      [
       -141.26949,
       30.00348
      ],
      [
       -141.26948,
       30.00339
      ],
      [
       -141.26949,
       30.0033
      ],
      [
       -141.26952,
       30.00322
      ],
      [
       -141.26956,
       30.00314
      ],
      [
       -141.26963,
       30.00307
      ],
      [
       -141.2697,
       30.00301
      ],
      [
       -141.26979,
       30.00297
      ],
      [
       -141.26989,
       30.00294
      ],
      [
       -141.26999,
       30.00293
      ],
      [
       -141.41424,
       30.00055
      ],
      [
       -141.41434,
       30.00056
      ],
      [
       -141.41444,
       30.00058
      ],
      [
       -141.41453,
       30.00062
      ],
      [
       -141.41461,
       30.00068
      ],
      [
       -141.41468,
       30.00074
      ],
      [
       -141.41473,
       30.00082
      ],
      [
       -141.41476,
       30.0009
      ],
      [
       -141.41477,
       30.00099
      ],
      [
       -141.41476,
       30.00108
      ],
      [
       -141.41473,
       30.00116
      ],
      [
       -141.41469,
       30.00124
      ],
      [
       -141.41462,
       30.00131
      ],
      [
       -141.41455,
       30.00137
      ],
      [
       -141.41446,
       30.00141
      ],
      [
       -141.41436,
       30.00144
      ],
      [
       -141.41426,
       30.00145
      ],
      [
       -141.27001,
       30.00383
      ]
     ]
    ]
   },
   "properties": {
    "event_id": "S1:21.3",
    "source_id": "S1_GPGP2018",
    "target_keys": [],
    "sample_ids": [
     "MPL-0602"
    ],
    "date": "2015-08-02",
    "time": "2015-08-02T04:12:00Z",
    "footprint_kind": "strip",
    "footprint_label": "полоса по концам трансекты",
    "footprint_radius_m": 50.0,
    "footprint_area_km2": 1.3971,
    "geometry_approximate": false,
    "candidates": 0,
    "candidate_passes": 0,
    "accepted": 0,
    "accepted_passes": 0,
    "best_scene_id": null,
    "best_platform": null,
    "best_sync": null,
    "best_shift_hours": null,
    "best_shift_days": null,
    "best_time_uncertainty_hours": null,
    "best_coverage_fraction": null,
    "decision": "not_used",
    "reason_code": "no_target",
    "reason": "у события нет записей целевых величин",
    "detail": ""
   }
  },
  {
   "type": "Feature",
   "id": "S1:21.4",
   "geometry": {
    "type": "Polygon",
    "coordinates": [
     [
      [
       -141.261,
       29.99872
      ],
      [
       -141.2609,
       29.99871
      ],
      [
       -141.2608,
       29.99868
      ],
      [
       -141.26071,
       29.99864
      ],
      [
       -141.26063,
       29.99859
      ],
      [
       -141.26057,
       29.99852
      ],
      [
       -141.26052,
       29.99844
      ],
      [
       -141.26049,
       29.99836
      ],
      [
       -141.26048,
       29.99827
      ],
      [
       -141.26049,
       29.99818
      ],
      [
       -141.26052,
       29.9981
      ],
      [
       -141.26057,
       29.99802
      ],
      [
       -141.26063,
       29.99795
      ],
      [
       -141.26071,
       29.99789
      ],
      [
       -141.2608,
       29.99785
      ],
      [
       -141.2609,
       29.99783
      ],
      [
       -141.261,
       29.99782
      ],
      [
       -141.42689,
       29.99855
      ],
      [
       -141.42699,
       29.99856
      ],
      [
       -141.42708,
       29.99859
      ],
      [
       -141.42717,
       29.99863
      ],
      [
       -141.42725,
       29.99868
      ],
      [
       -141.42732,
       29.99875
      ],
      [
       -141.42736,
       29.99883
      ],
      [
       -141.42739,
       29.99891
      ],
      [
       -141.4274,
       29.999
      ],
      [
       -141.42739,
       29.99909
      ],
      [
       -141.42736,
       29.99917
      ],
      [
       -141.42731,
       29.99925
      ],
      [
       -141.42725,
       29.99932
      ],
      [
       -141.42717,
       29.99938
      ],
      [
       -141.42708,
       29.99942
      ],
      [
       -141.42698,
       29.99944
      ],
      [
       -141.42688,
       29.99945
      ],
      [
       -141.261,
       29.99872
      ]
     ]
    ]
   },
   "properties": {
    "event_id": "S1:21.4",
    "source_id": "S1_GPGP2018",
    "target_keys": [
     "plastic-trawl"
    ],
    "sample_ids": [
     "MPL-0597"
    ],
    "date": "2015-08-02",
    "time": "2015-08-02T04:10:30Z",
    "footprint_kind": "strip",
    "footprint_label": "полоса по концам трансекты",
    "footprint_radius_m": 50.0,
    "footprint_area_km2": 1.6053,
    "geometry_approximate": false,
    "candidates": 0,
    "candidate_passes": 0,
    "accepted": 0,
    "accepted_passes": 0,
    "best_scene_id": null,
    "best_platform": null,
    "best_sync": null,
    "best_shift_hours": null,
    "best_shift_days": null,
    "best_time_uncertainty_hours": null,
    "best_coverage_fraction": null,
    "decision": "rejected",
    "reason_code": "not_acquired",
    "reason": "район не снимается: сцен нет и в широком окне, вероятно открытый океан",
    "detail": ""
   }
  },
  {
   "type": "Feature",
   "id": "S1:22.3",
   "geometry": {
    "type": "Polygon",
    "coordinates": [
     [
      [
       -140.72601,
       30.00392
      ],
      [
       -140.72591,
       30.00391
      ],
      [
       -140.72581,
       30.00389
      ],
      [
       -140.72572,
       30.00385
      ],
      [
       -140.72564,
       30.0038
      ],
      [
       -140.72558,
       30.00373
      ],
      [
       -140.72553,
       30.00365
      ],
      [
       -140.72549,
       30.00357
      ],
      [
       -140.72548,
       30.00348
      ],
      [
       -140.72549,
       30.00339
      ],
      [
       -140.72552,
       30.00331
      ],
      [
       -140.72556,
       30.00323
      ],
      [
       -140.72562,
       30.00316
      ],
      [
       -140.7257,
       30.0031
      ],
      [
       -140.72579,
       30.00306
      ],
      [
       -140.72589,
       30.00303
      ],
      [
       -140.72599,
       30.00302
      ],
      [
       -140.87854,
       29.99955
      ],
      [
       -140.87864,
       29.99956
      ],
      [
       -140.87874,
       29.99958
      ],
      [
       -140.87883,
       29.99962
      ],
      [
       -140.87891,
       29.99967
      ],
      [
       -140.87897,
       29.99974
      ],
      [
       -140.87902,
       29.99982
      ],
      [
       -140.87906,
       29.9999
      ],
      [
       -140.87907,
       29.99999
      ],
      [
       -140.87906,
       30.00008
      ],
      [
       -140.87903,
       30.00016
      ],
      [
       -140.87899,
       30.00024
      ],
      [
       -140.87893,
       30.00031
      ],
      [
       -140.87885,
       30.00037
      ],
      [
       -140.87876,
       30.00041
      ],
      [
       -140.87866,
       30.00044
      ],
      [
       -140.87856,
       30.00045
      ],
      [
       -140.72601,
       30.00392
      ]
     ]
    ]
   },
   "properties": {
    "event_id": "S1:22.3",
    "source_id": "S1_GPGP2018",
    "target_keys": [],
    "sample_ids": [
     "MPL-0600"
    ],
    "date": "2015-08-02",
    "time": "2015-08-02T10:18:00Z",
    "footprint_kind": "strip",
    "footprint_label": "полоса по концам трансекты",
    "footprint_radius_m": 50.0,
    "footprint_area_km2": 1.4773,
    "geometry_approximate": false,
    "candidates": 0,
    "candidate_passes": 0,
    "accepted": 0,
    "accepted_passes": 0,
    "best_scene_id": null,
    "best_platform": null,
    "best_sync": null,
    "best_shift_hours": null,
    "best_shift_days": null,
    "best_time_uncertainty_hours": null,
    "best_coverage_fraction": null,
    "decision": "not_used",
    "reason_code": "no_target",
    "reason": "у события нет записей целевых величин",
    "detail": ""
   }
  },
  {
   "type": "Feature",
   "id": "S1:22.4",
   "geometry": {
    "type": "Polygon",
    "coordinates": [
     [
      [
       -140.718,
       30.00012
      ],
      [
       -140.7179,
       30.00011
      ],
      [
       -140.7178,
       30.00008
      ],
      [
       -140.71771,
       30.00004
      ],
      [
       -140.71763,
       29.99999
      ],
      [
       -140.71757,
       29.99992
      ],
      [
       -140.71752,
       29.99984
      ],
      [
       -140.71749,
       29.99976
      ],
      [
       -140.71748,
       29.99967
      ],
      [
       -140.71749,
       29.99958
      ],
      [
       -140.71752,
       29.9995
      ],
      [
       -140.71757,
       29.99942
      ],
      [
       -140.71763,
       29.99935
      ],
      [
       -140.71771,
       29.9993
      ],
      [
       -140.7178,
       29.99925
      ],
      [
       -140.7179,
       29.99923
      ],
      [
       -140.718,
       29.99922
      ],
      [
       -140.88502,
       29.99975
      ],
      [
       -140.88512,
       29.99976
      ],
      [
       -140.88522,
       29.99979
      ],
      [
       -140.88531,
       29.99983
      ],
      [
       -140.88539,
       29.99988
      ],
      [
       -140.88545,
       29.99995
      ],
      [
       -140.8855,
       30.00003
      ],
      [
       -140.88553,
       30.00011
      ],
      [
       -140.88554,
       30.0002
      ],
      [
       -140.88553,
       30.00029
      ],
      [
       -140.8855,
       30.00037
      ],
      [
       -140.88545,
       30.00045
      ],
      [
       -140.88538,
       30.00052
      ],
      [
       -140.8853,
       30.00057
      ],
      [
       -140.88521,
       30.00062
      ],
      [
       -140.88512,
       30.00064
      ],
      [
       -140.88502,
       30.00065
      ],
      [
       -140.718,
       30.00012
      ]
     ]
    ]
   },
   "properties": {
    "event_id": "S1:22.4",
    "source_id": "S1_GPGP2018",
    "target_keys": [
     "plastic-trawl"
    ],
    "sample_ids": [
     "MPL-0599"
    ],
    "date": "2015-08-02",
    "time": "2015-08-02T10:21:00Z",
    "footprint_kind": "strip",
    "footprint_label": "полоса по концам трансекты",
    "footprint_radius_m": 50.0,
    "footprint_area_km2": 1.6162,
    "geometry_approximate": false,
    "candidates": 0,
    "candidate_passes": 0,
    "accepted": 0,
    "accepted_passes": 0,
    "best_scene_id": null,
    "best_platform": null,
    "best_sync": null,
    "best_shift_hours": null,
    "best_shift_days": null,
    "best_time_uncertainty_hours": null,
    "best_coverage_fraction": null,
    "decision": "rejected",
    "reason_code": "not_acquired",
    "reason": "район не снимается: сцен нет и в широком окне, вероятно открытый океан",
    "detail": ""
   }
  },
  {
   "type": "Feature",
   "id": "S1:24.3",
   "geometry": {
    "type": "Polygon",
    "coordinates": [
     [
      [
       -139.74705,
       29.98927
      ],
      [
       -139.74695,
       29.98927
      ],
      [
       -139.74685,
       29.98925
      ],
      [
       -139.74675,
       29.98922
      ],
      [
       -139.74667,
       29.98917
      ],
      [
       -139.7466,
       29.9891
      ],
      [
       -139.74654,
       29.98903
      ],
      [
       -139.7465,
       29.98895
      ],
      [
       -139.74648,
       29.98886
      ],
      [
       -139.74648,
       29.98877
      ],
      [
       -139.7465,
       29.98869
      ],
      [
       -139.74654,
       29.98861
      ],
      [
       -139.7466,
       29.98853
      ],
      [
       -139.74667,
       29.98847
      ],
      [
       -139.74676,
       29.98842
      ],
      [
       -139.74685,
       29.98839
      ],
      [
       -139.74695,
       29.98837
      ],
      [
       -139.89447,
       29.97645
      ],
      [
       -139.89457,
       29.97645
      ],
      [
       -139.89467,
       29.97647
      ],
      [
       -139.89476,
       29.9765
      ],
      [
       -139.89485,
       29.97655
      ],
      [
       -139.89492,
       29.97662
      ],
      [
       -139.89498,
       29.97669
      ],
      [
       -139.89501,
       29.97677
      ],
      [
       -139.89503,
       29.97686
      ],
      [
       -139.89503,
       29.97695
      ],
      [
       -139.89501,
       29.97703
      ],
      [
       -139.89497,
       29.97711
      ],
      [
       -139.89492,
       29.97719
      ],
      [
       -139.89484,
       29.97725
      ],
      [
       -139.89476,
       29.9773
      ],
      [
       -139.89467,
       29.97733
      ],
      [
       -139.89457,
       29.97735
      ],
      [
       -139.74705,
       29.98927
      ]
     ]
    ]
   },
   "properties": {
    "event_id": "S1:24.3",
    "source_id": "S1_GPGP2018",
    "target_keys": [],
    "sample_ids": [
     "MPL-0595"
    ],
    "date": "2015-08-02",
    "time": "2015-08-02T22:09:30Z",
    "footprint_kind": "strip",
    "footprint_label": "полоса по концам трансекты",
    "footprint_radius_m": 50.0,
    "footprint_area_km2": 1.4348,
    "geometry_approximate": false,
    "candidates": 0,
    "candidate_passes": 0,
    "accepted": 0,
    "accepted_passes": 0,
    "best_scene_id": null,
    "best_platform": null,
    "best_sync": null,
    "best_shift_hours": null,
    "best_shift_days": null,
    "best_time_uncertainty_hours": null,
    "best_coverage_fraction": null,
    "decision": "not_used",
    "reason_code": "no_target",
    "reason": "у события нет записей целевых величин",
    "detail": ""
   }
  },
  {
   "type": "Feature",
   "id": "S1:24.4",
   "geometry": {
    "type": "Polygon",
    "coordinates": [
     [
      [
       -139.74005,
       29.98825
      ],
      [
       -139.73995,
       29.98825
      ],
      [
       -139.73985,
       29.98823
      ],
      [
       -139.73976,
       29.9882
      ],
      [
       -139.73967,
       29.98815
      ],
      [
       -139.7396,
       29.98809
      ],
      [
       -139.73954,
       29.98801
      ],
      [
       -139.7395,
       29.98793
      ],
      [
       -139.73948,
       29.98785
      ],
      [
       -139.73948,
       29.98776
      ],
      [
       -139.7395,
       29.98767
      ],
      [
       -139.73954,
       29.98759
      ],
      [
       -139.7396,
       29.98752
      ],
      [
       -139.73967,
       29.98745
      ],
      [
       -139.73975,
       29.9874
      ],
      [
       -139.73985,
       29.98737
      ],
      [
       -139.73995,
       29.98735
      ],
      [
       -139.90313,
       29.97295
      ],
      [
       -139.90323,
       29.97295
      ],
      [
       -139.90333,
       29.97297
      ],
      [
       -139.90343,
       29.973
      ],
      [
       -139.90351,
       29.97305
      ],
      [
       -139.90358,
       29.97311
      ],
      [
       -139.90364,
       29.97319
      ],
      [
       -139.90368,
       29.97327
      ],
      [
       -139.9037,
       29.97335
      ],
      [
       -139.9037,
       29.97344
      ],
      [
       -139.90368,
       29.97353
      ],
      [
       -139.90364,
       29.97361
      ],
      [
       -139.90359,
       29.97368
      ],
      [
       -139.90351,
       29.97375
      ],
      [
       -139.90343,
       29.9738
      ],
      [
       -139.90334,
       29.97383
      ],
      [
       -139.90324,
       29.97385
      ],
      [
       -139.74005,
       29.98825
      ]
     ]
    ]
   },
   "properties": {
    "event_id": "S1:24.4",
    "source_id": "S1_GPGP2018",
    "target_keys": [
     "plastic-trawl"
    ],
    "sample_ids": [
     "MPL-0596"
    ],
    "date": "2015-08-02",
    "time": "2015-08-02T22:08:30Z",
    "footprint_kind": "strip",
    "footprint_label": "полоса по концам трансекты",
    "footprint_radius_m": 50.0,
    "footprint_area_km2": 1.5877,
    "geometry_approximate": false,
    "candidates": 0,
    "candidate_passes": 0,
    "accepted": 0,
    "accepted_passes": 0,
    "best_scene_id": null,
    "best_platform": null,
    "best_sync": null,
    "best_shift_hours": null,
    "best_shift_days": null,
    "best_time_uncertainty_hours": null,
    "best_coverage_fraction": null,
    "decision": "rejected",
    "reason_code": "not_acquired",
    "reason": "район не снимается: сцен нет и в широком окне, вероятно открытый океан",
    "detail": ""
   }
  },
  {
   "type": "Feature",
   "id": "S1:25.3",
   "geometry": {
    "type": "Polygon",
    "coordinates": [
     [
      [
       -139.2709,
       29.98914
      ],
      [
       -139.2708,
       29.98912
      ],
      [
       -139.27071,
       29.98907
      ],
      [
       -139.27063,
       29.98902
      ],
      [
       -139.27057,
       29.98895
      ],
      [
       -139.27052,
       29.98887
      ],
      [
       -139.27049,
       29.98879
      ],
      [
       -139.27048,
       29.9887
      ],
      [
       -139.27049,
       29.98861
      ],
      [
       -139.27052,
       29.98853
      ],
      [
       -139.27057,
       29.98845
      ],
      [
       -139.27063,
       29.98838
      ],
      [
       -139.27071,
       29.98833
      ],
      [
       -139.2708,
       29.98828
      ],
      [
       -139.2709,
       29.98826
      ],
      [
       -139.271,
       29.98825
      ],
      [
       -139.2711,
       29.98826
      ],
      [
       -139.41505,
       30.01296
      ],
      [
       -139.41515,
       30.01298
      ],
      [
       -139.41524,
       30.01303
      ],
      [
       -139.41532,
       30.01308
      ],
      [
       -139.41538,
       30.01315
      ],
      [
       -139.41543,
       30.01323
      ],
      [
       -139.41546,
       30.01331
      ],
      [
       -139.41547,
       30.0134
      ],
      [
       -139.41546,
       30.01349
      ],
      [
       -139.41543,
       30.01357
      ],
      [
       -139.41538,
       30.01365
      ],
      [
       -139.41532,
       30.01372
      ],
      [
       -139.41524,
       30.01377
      ],
      [
       -139.41515,
       30.01382
      ],
      [
       -139.41505,
       30.01384
      ],
      [
       -139.41495,
       30.01385
      ],
      [
       -139.41485,
       30.01384
      ],
      [
       -139.2709,
       29.98914
      ]
     ]
    ]
   },
   "properties": {
    "event_id": "S1:25.3",
    "source_id": "S1_GPGP2018",
    "target_keys": [
     "plastic-trawl"
    ],
    "sample_ids": [
     "MPL-0607"
    ],
    "date": "2015-08-03",
    "time": "2015-08-03T04:05:00Z",
    "footprint_kind": "strip",
    "footprint_label": "полоса по концам трансекты",
    "footprint_radius_m": 50.0,
    "footprint_area_km2": 1.4209,
    "geometry_approximate": false,
    "candidates": 0,
    "candidate_passes": 0,
    "accepted": 0,
    "accepted_passes": 0,
    "best_scene_id": null,
    "best_platform": null,
    "best_sync": null,
    "best_shift_hours": null,
    "best_shift_days": null,
    "best_time_uncertainty_hours": null,
    "best_coverage_fraction": null,
    "decision": "rejected",
    "reason_code": "not_acquired",
    "reason": "район не снимается: сцен нет и в широком окне, вероятно открытый океан",
    "detail": ""
   }
  },
  {
   "type": "Feature",
   "id": "S1:25.4",
   "geometry": {
    "type": "Polygon",
    "coordinates": [
     [
      [
       -139.26192,
       29.98634
      ],
      [
       -139.26182,
       29.98632
      ],
      [
       -139.26173,
       29.98628
      ],
      [
       -139.26165,
       29.98623
      ],
      [
       -139.26158,
       29.98617
      ],
      [
       -139.26153,
       29.98609
      ],
      [
       -139.2615,
       29.98601
      ],
      [
       -139.26148,
       29.98592
      ],
      [
       -139.26149,
       29.98583
      ],
      [
       -139.26151,
       29.98575
      ],
      [
       -139.26156,
       29.98567
      ],
      [
       -139.26162,
       29.9856
      ],
      [
       -139.26169,
       29.98554
      ],
      [
       -139.26178,
       29.98549
      ],
      [
       -139.26188,
       29.98546
      ],
      [
       -139.26198,
       29.98545
      ],
      [
       -139.26208,
       29.98546
      ],
      [
       -139.42355,
       30.00726
      ],
      [
       -139.42365,
       30.00728
      ],
      [
       -139.42374,
       30.00732
      ],
      [
       -139.42382,
       30.00737
      ],
      [
       -139.42389,
       30.00743
      ],
      [
       -139.42394,
       30.00751
      ],
      [
       -139.42397,
       30.00759
      ],
      [
       -139.42399,
       30.00768
      ],
      [
       -139.42398,
       30.00777
      ],
      [
       -139.42395,
       30.00785
      ],
      [
       -139.42391,
       30.00793
      ],
      [
       -139.42385,
       30.008
      ],
      [
       -139.42377,
       30.00806
      ],
      [
       -139.42369,
       30.00811
      ],
      [
       -139.42359,
       30.00814
      ],
      [
       -139.42349,
       30.00815
      ],
      [
       -139.42339,
       30.00814
      ],
      [
       -139.26192,
       29.98634
      ]
     ]
    ]
   },
   "properties": {
    "event_id": "S1:25.4",
    "source_id": "S1_GPGP2018",
    "target_keys": [],
    "sample_ids": [
     "MPL-0612"
    ],
    "date": "2015-08-03",
    "time": "2015-08-03T04:03:00Z",
    "footprint_kind": "strip",
    "footprint_label": "полоса по концам трансекты",
    "footprint_radius_m": 50.0,
    "footprint_area_km2": 1.5815,
    "geometry_approximate": false,
    "candidates": 0,
    "candidate_passes": 0,
    "accepted": 0,
    "accepted_passes": 0,
    "best_scene_id": null,
    "best_platform": null,
    "best_sync": null,
    "best_shift_hours": null,
    "best_shift_days": null,
    "best_time_uncertainty_hours": null,
    "best_coverage_fraction": null,
    "decision": "not_used",
    "reason_code": "no_target",
    "reason": "у события нет записей целевых величин",
    "detail": ""
   }
  },
  {
   "type": "Feature",
   "id": "S1:26.3",
   "geometry": {
    "type": "Polygon",
    "coordinates": [
     [
      [
       -138.68799,
       29.99953
      ],
      [
       -138.68789,
       29.99952
      ],
      [
       -138.68779,
       29.99949
      ],
      [
       -138.6877,
       29.99945
      ],
      [
       -138.68762,
       29.99939
      ],
      [
       -138.68756,
       29.99932
      ],
      [
       -138.68752,
       29.99924
      ],
      [
       -138.68749,
       29.99916
      ],
      [
       -138.68748,
       29.99907
      ],
      [
       -138.68749,
       29.99898
      ],
      [
       -138.68753,
       29.9989
      ],
      [
       -138.68758,
       29.99882
      ],
      [
       -138.68764,
       29.99875
      ],
      [
       -138.68772,
       29.9987
      ],
      [
       -138.68781,
       29.99866
      ],
      [
       -138.68791,
       29.99864
      ],
      [
       -138.68801,
       29.99863
      ],
      [
       -138.84776,
       30.00195
      ],
      [
       -138.84786,
       30.00196
      ],
      [
       -138.84796,
       30.00199
      ],
      [
       -138.84805,
       30.00203
      ],
      [
       -138.84813,
       30.00209
      ],
      [
       -138.84819,
       30.00216
      ],
      [
       -138.84823,
       30.00224
      ],
      [
       -138.84826,
       30.00232
      ],
      [
       -138.84827,
       30.00241
      ],
      [
       -138.84826,
       30.0025
      ],
      [
       -138.84822,
       30.00258
      ],
      [
       -138.84817,
       30.00266
      ],
      [
       -138.84811,
       30.00273
      ],
      [
       -138.84803,
       30.00278
      ],
      [
       -138.84794,
       30.00282
      ],
      [
       -138.84784,
       30.00284
      ],
      [
       -138.84774,
       30.00285
      ],
      [
       -138.68799,
       29.99953
      ]
     ]
    ]
   },
   "properties": {
    "event_id": "S1:26.3",
    "source_id": "S1_GPGP2018",
    "target_keys": [
     "plastic-trawl"
    ],
    "sample_ids": [
     "MPL-0606"
    ],
    "date": "2015-08-03",
    "time": "2015-08-03T10:15:00Z",
    "footprint_kind": "strip",
    "footprint_label": "полоса по концам трансекты",
    "footprint_radius_m": 50.0,
    "footprint_area_km2": 1.5466,
    "geometry_approximate": false,
    "candidates": 0,
    "candidate_passes": 0,
    "accepted": 0,
    "accepted_passes": 0,
    "best_scene_id": null,
    "best_platform": null,
    "best_sync": null,
    "best_shift_hours": null,
    "best_shift_days": null,
    "best_time_uncertainty_hours": null,
    "best_coverage_fraction": null,
    "decision": "rejected",
    "reason_code": "not_acquired",
    "reason": "район не снимается: сцен нет и в широком окне, вероятно открытый океан",
    "detail": ""
   }
  },
  {
   "type": "Feature",
   "id": "S1:26.4",
   "geometry": {
    "type": "Polygon",
    "coordinates": [
     [
      [
       -138.67998,
       29.9972
      ],
      [
       -138.67988,
       29.99719
      ],
      [
       -138.67979,
       29.99716
      ],
      [
       -138.6797,
       29.99712
      ],
      [
       -138.67962,
       29.99706
      ],
      [
       -138.67956,
       29.99699
      ],
      [
       -138.67951,
       29.99691
      ],
      [
       -138.67949,
       29.99682
      ],
      [
       -138.67948,
       29.99674
      ],
      [
       -138.67949,
       29.99665
      ],
      [
       -138.67953,
       29.99657
      ],
      [
       -138.67958,
       29.99649
      ],
      [
       -138.67964,
       29.99642
      ],
      [
       -138.67972,
       29.99637
      ],
      [
       -138.67982,
       29.99633
      ],
      [
       -138.67991,
       29.99631
      ],
      [
       -138.68002,
       29.9963
      ],
      [
       -138.85613,
       30.00085
      ],
      [
       -138.85623,
       30.00086
      ],
      [
       -138.85633,
       30.00089
      ],
      [
       -138.85642,
       30.00093
      ],
      [
       -138.85649,
       30.00099
      ],
      [
       -138.85656,
       30.00106
      ],
      [
       -138.8566,
       30.00114
      ],
      [
       -138.85663,
       30.00123
      ],
      [
       -138.85664,
       30.00131
      ],
      [
       -138.85662,
       30.0014
      ],
      [
       -138.85659,
       30.00148
      ],
      [
       -138.85654,
       30.00156
      ],
      [
       -138.85647,
       30.00163
      ],
      [
       -138.85639,
       30.00168
      ],
      [
       -138.8563,
       30.00172
      ],
      [
       -138.8562,
       30.00174
      ],
      [
       -138.8561,
       30.00175
      ],
      [
       -138.67998,
       29.9972
      ]
     ]
    ]
   },
   "properties": {
    "event_id": "S1:26.4",
    "source_id": "S1_GPGP2018",
    "target_keys": [],
    "sample_ids": [
     "MPL-0608"
    ],
    "date": "2015-08-03",
    "time": "2015-08-03T10:15:30Z",
    "footprint_kind": "strip",
    "footprint_label": "полоса по концам трансекты",
    "footprint_radius_m": 50.0,
    "footprint_area_km2": 1.7045,
    "geometry_approximate": false,
    "candidates": 0,
    "candidate_passes": 0,
    "accepted": 0,
    "accepted_passes": 0,
    "best_scene_id": null,
    "best_platform": null,
    "best_sync": null,
    "best_shift_hours": null,
    "best_shift_days": null,
    "best_time_uncertainty_hours": null,
    "best_coverage_fraction": null,
    "decision": "not_used",
    "reason_code": "no_target",
    "reason": "у события нет записей целевых величин",
    "detail": ""
   }
  },
  {
   "type": "Feature",
   "id": "S1:27.3",
   "geometry": {
    "type": "Polygon",
    "coordinates": [
     [
      [
       -138.13189,
       29.96717
      ],
      [
       -138.13179,
       29.96714
      ],
      [
       -138.1317,
       29.9671
      ],
      [
       -138.13163,
       29.96704
      ],
      [
       -138.13156,
       29.96697
      ],
      [
       -138.13152,
       29.96689
      ],
      [
       -138.13149,
       29.96681
      ],
      [
       -138.13148,
       29.96672
      ],
      [
       -138.13149,
       29.96663
      ],
      [
       -138.13152,
       29.96655
      ],
      [
       -138.13157,
       29.96647
      ],
      [
       -138.13164,
       29.96641
      ],
      [
       -138.13172,
       29.96635
      ],
      [
       -138.13181,
       29.96631
      ],
      [
       -138.13191,
       29.96629
      ],
      [
       -138.13201,
       29.96628
      ],
      [
       -138.13211,
       29.96629
      ],
      [
       -138.32731,
       30.00326
      ],
      [
       -138.32741,
       30.00329
      ],
      [
       -138.3275,
       30.00333
      ],
      [
       -138.32757,
       30.00339
      ],
      [
       -138.32764,
       30.00346
      ],
      [
       -138.32768,
       30.00354
      ],
      [
       -138.32771,
       30.00362
      ],
      [
       -138.32772,
       30.00371
      ],
      [
       -138.32771,
       30.0038
      ],
      [
       -138.32768,
       30.00388
      ],
      [
       -138.32763,
       30.00396
      ],
      [
       -138.32756,
       30.00402
      ],
      [
       -138.32748,
       30.00408
      ],
      [
       -138.32739,
       30.00412
      ],
      [
       -138.32729,
       30.00414
      ],
      [
       -138.32719,
       30.00415
      ],
      [
       -138.32709,
       30.00414
      ],
      [
       -138.13189,
       29.96717
      ]
     ]
    ]
   },
   "properties": {
    "event_id": "S1:27.3",
    "source_id": "S1_GPGP2018",
    "target_keys": [
     "plastic-trawl"
    ],
    "sample_ids": [
     "MPL-0603"
    ],
    "date": "2015-08-03",
    "time": "2015-08-03T16:08:30Z",
    "footprint_kind": "strip",
    "footprint_label": "полоса по концам трансекты",
    "footprint_radius_m": 50.0,
    "footprint_area_km2": 1.9322,
    "geometry_approximate": false,
    "candidates": 0,
    "candidate_passes": 0,
    "accepted": 0,
    "accepted_passes": 0,
    "best_scene_id": null,
    "best_platform": null,
    "best_sync": null,
    "best_shift_hours": null,
    "best_shift_days": null,
    "best_time_uncertainty_hours": null,
    "best_coverage_fraction": null,
    "decision": "rejected",
    "reason_code": "not_acquired",
    "reason": "район не снимается: сцен нет и в широком окне, вероятно открытый океан",
    "detail": ""
   }
  },
  {
   "type": "Feature",
   "id": "S1:27.4",
   "geometry": {
    "type": "Polygon",
    "coordinates": [
     [
      [
       -138.13588,
       29.97177
      ],
      [
       -138.13579,
       29.97174
      ],
      [
       -138.1357,
       29.9717
      ],
      [
       -138.13562,
       29.97164
      ],
      [
       -138.13556,
       29.97157
      ],
      [
       -138.13551,
       29.97149
      ],
      [
       -138.13549,
       29.9714
      ],
      [
       -138.13548,
       29.97132
      ],
      [
       -138.13549,
       29.97123
      ],
      [
       -138.13553,
       29.97115
      ],
      [
       -138.13558,
       29.97107
      ],
      [
       -138.13564,
       29.971
      ],
      [
       -138.13572,
       29.97095
      ],
      [
       -138.13582,
       29.97091
      ],
      [
       -138.13591,
       29.97089
      ],
      [
       -138.13602,
       29.97088
      ],
      [
       -138.13612,
       29.97089
      ],
      [
       -138.32007,
       30.00746
      ],
      [
       -138.32016,
       30.00749
      ],
      [
       -138.32025,
       30.00753
      ],
      [
       -138.32033,
       30.00759
      ],
      [
       -138.32039,
       30.00766
      ],
      [
       -138.32044,
       30.00774
      ],
      [
       -138.32046,
       30.00783
      ],
      [
       -138.32047,
       30.00791
      ],
      [
       -138.32046,
       30.008
      ],
      [
       -138.32042,
       30.00808
      ],
      [
       -138.32037,
       30.00816
      ],
      [
       -138.32031,
       30.00823
      ],
      [
       -138.32023,
       30.00828
      ],
      [
       -138.32013,
       30.00832
      ],
      [
       -138.32004,
       30.00834
      ],
      [
       -138.31993,
       30.00835
      ],
      [
       -138.31983,
       30.00834
      ],
      [
       -138.13588,
       29.97177
      ]
     ]
    ]
   },
   "properties": {
    "event_id": "S1:27.4",
    "source_id": "S1_GPGP2018",
    "target_keys": [],
    "sample_ids": [
     "MPL-0613",
     "MPL-0614"
    ],
    "date": "2015-08-03",
    "time": "2015-08-03T16:08:00Z",
    "footprint_kind": "strip",
    "footprint_label": "полоса по концам трансекты",
    "footprint_radius_m": 50.0,
    "footprint_area_km2": 1.8255,
    "geometry_approximate": false,
    "candidates": 0,
    "candidate_passes": 0,
    "accepted": 0,
    "accepted_passes": 0,
    "best_scene_id": null,
    "best_platform": null,
    "best_sync": null,
    "best_shift_hours": null,
    "best_shift_days": null,
    "best_time_uncertainty_hours": null,
    "best_coverage_fraction": null,
    "decision": "not_used",
    "reason_code": "no_target",
    "reason": "у события нет записей целевых величин",
    "detail": ""
   }
  },
  {
   "type": "Feature",
   "id": "S1:28.3",
   "geometry": {
    "type": "Polygon",
    "coordinates": [
     [
      [
       -137.67606,
       30.01068
      ],
      [
       -137.67596,
       30.01068
      ],
      [
       -137.67586,
       30.01066
      ],
      [
       -137.67576,
       30.01063
      ],
      [
       -137.67568,
       30.01058
      ],
      [
       -137.6756,
       30.01052
      ],
      [
       -137.67555,
       30.01045
      ],
      [
       -137.67551,
       30.01037
      ],
      [
       -137.67548,
       30.01028
      ],
      [
       -137.67548,
       30.01019
      ],
      [
       -137.6755,
       30.01011
      ],
      [
       -137.67554,
       30.01002
      ],
      [
       -137.67559,
       30.00995
      ],
      [
       -137.67567,
       30.00989
      ],
      [
       -137.67575,
       30.00984
      ],
      [
       -137.67584,
       30.0098
      ],
      [
       -137.67594,
       30.00978
      ],
      [
       -137.81328,
       29.99645
      ],
      [
       -137.81338,
       29.99645
      ],
      [
       -137.81348,
       29.99647
      ],
      [
       -137.81357,
       29.9965
      ],
      [
       -137.81366,
       29.99655
      ],
      [
       -137.81373,
       29.99661
      ],
      [
       -137.81379,
       29.99668
      ],
      [
       -137.81383,
       29.99676
      ],
      [
       -137.81385,
       29.99685
      ],
      [
       -137.81385,
       29.99694
      ],
      [
       -137.81383,
       29.99702
      ],
      [
       -137.81379,
       29.99711
      ],
      [
       -137.81374,
       29.99718
      ],
      [
       -137.81367,
       29.99724
      ],
      [
       -137.81358,
       29.99729
      ],
      [
       -137.81349,
       29.99733
      ],
      [
       -137.81339,
       29.99735
      ],
      [
       -137.67606,
       30.01068
      ]
     ]
    ]
   },
   "properties": {
    "event_id": "S1:28.3",
    "source_id": "S1_GPGP2018",
    "target_keys": [
     "plastic-trawl"
    ],
    "sample_ids": [
     "MPL-0610"
    ],
    "date": "2015-08-03",
    "time": "2015-08-03T22:17:00Z",
    "footprint_kind": "strip",
    "footprint_label": "полоса по концам трансекты",
    "footprint_radius_m": 50.0,
    "footprint_area_km2": 1.3385,
    "geometry_approximate": false,
    "candidates": 0,
    "candidate_passes": 0,
    "accepted": 0,
    "accepted_passes": 0,
    "best_scene_id": null,
    "best_platform": null,
    "best_sync": null,
    "best_shift_hours": null,
    "best_shift_days": null,
    "best_time_uncertainty_hours": null,
    "best_coverage_fraction": null,
    "decision": "rejected",
    "reason_code": "not_acquired",
    "reason": "район не снимается: сцен нет и в широком окне, вероятно открытый океан",
    "detail": ""
   }
  },
  {
   "type": "Feature",
   "id": "S1:28.4",
   "geometry": {
    "type": "Polygon",
    "coordinates": [
     [
      [
       -137.66506,
       30.00855
      ],
      [
       -137.66496,
       30.00855
      ],
      [
       -137.66486,
       30.00853
      ],
      [
       -137.66476,
       30.0085
      ],
      [
       -137.66468,
       30.00845
      ],
      [
       -137.66461,
       30.00839
      ],
      [
       -137.66455,
       30.00832
      ],
      [
       -137.66451,
       30.00824
      ],
      [
       -137.66448,
       30.00815
      ],
      [
       -137.66448,
       30.00807
      ],
      [
       -137.6645,
       30.00798
      ],
      [
       -137.66454,
       30.0079
      ],
      [
       -137.66459,
       30.00782
      ],
      [
       -137.66466,
       30.00776
      ],
      [
       -137.66475,
       30.00771
      ],
      [
       -137.66484,
       30.00767
      ],
      [
       -137.66494,
       30.00765
      ],
      [
       -137.81841,
       29.99175
      ],
      [
       -137.81851,
       29.99175
      ],
      [
       -137.81861,
       29.99177
      ],
      [
       -137.8187,
       29.9918
      ],
      [
       -137.81879,
       29.99185
      ],
      [
       -137.81886,
       29.99191
      ],
      [
       -137.81892,
       29.99198
      ],
      [
       -137.81896,
       29.99206
      ],
      [
       -137.81898,
       29.99215
      ],
      [
       -137.81898,
       29.99223
      ],
      [
       -137.81897,
       29.99232
      ],
      [
       -137.81893,
       29.9924
      ],
      [
       -137.81888,
       29.99248
      ],
      [
       -137.8188,
       29.99254
      ],
      [
       -137.81872,
       29.99259
      ],
      [
       -137.81863,
       29.99263
      ],
      [
       -137.81853,
       29.99265
      ],
      [
       -137.66506,
       30.00855
      ]
     ]
    ]
   },
   "properties": {
    "event_id": "S1:28.4",
    "source_id": "S1_GPGP2018",
    "target_keys": [],
    "sample_ids": [
     "MPL-0604"
    ],
    "date": "2015-08-03",
    "time": "2015-08-03T22:21:30Z",
    "footprint_kind": "strip",
    "footprint_label": "полоса по концам трансекты",
    "footprint_radius_m": 50.0,
    "footprint_area_km2": 1.4962,
    "geometry_approximate": false,
    "candidates": 0,
    "candidate_passes": 0,
    "accepted": 0,
    "accepted_passes": 0,
    "best_scene_id": null,
    "best_platform": null,
    "best_sync": null,
    "best_shift_hours": null,
    "best_shift_days": null,
    "best_time_uncertainty_hours": null,
    "best_coverage_fraction": null,
    "decision": "not_used",
    "reason_code": "no_target",
    "reason": "у события нет записей целевых величин",
    "detail": ""
   }
  },
  {
   "type": "Feature",
   "id": "S1:29.3",
   "geometry": {
    "type": "Polygon",
    "coordinates": [
     [
      [
       -137.22502,
       30.00568
      ],
      [
       -137.22492,
       30.00567
      ],
      [
       -137.22482,
       30.00565
      ],
      [
       -137.22473,
       30.00561
      ],
      [
       -137.22465,
       30.00556
      ],
      [
       -137.22458,
       30.00549
      ],
      [
       -137.22453,
       30.00542
      ],
      [
       -137.2245,
       30.00533
      ],
      [
       -137.22448,
       30.00525
      ],
      [
       -137.22449,
       30.00516
      ],
      [
       -137.22451,
       30.00507
      ],
      [
       -137.22456,
       30.005
      ],
      [
       -137.22462,
       30.00492
      ],
      [
       -137.22469,
       30.00487
      ],
      [
       -137.22478,
       30.00482
      ],
      [
       -137.22488,
       30.00479
      ],
      [
       -137.22498,
       30.00478
      ],
      [
       -137.3613,
       30.00015
      ],
      [
       -137.3614,
       30.00016
      ],
      [
       -137.3615,
       30.00018
      ],
      [
       -137.36159,
       30.00022
      ],
      [
       -137.36167,
       30.00027
      ],
      [
       -137.36174,
       30.00034
      ],
      [
       -137.36179,
       30.00041
      ],
      [
       -137.36182,
       30.0005
      ],
      [
       -137.36184,
       30.00058
      ],
      [
       -137.36183,
       30.00067
      ],
      [
       -137.3618,
       30.00076
      ],
      [
       -137.36176,
       30.00083
      ],
      [
       -137.3617,
       30.00091
      ],
      [
       -137.36162,
       30.00096
      ],
      [
       -137.36153,
       30.00101
      ],
      [
       -137.36144,
       30.00104
      ],
      [
       -137.36134,
       30.00105
      ],
      [
       -137.22502,
       30.00568
      ]
     ]
    ]
   },
   "properties": {
    "event_id": "S1:29.3",
    "source_id": "S1_GPGP2018",
    "target_keys": [
     "plastic-trawl"
    ],
    "sample_ids": [
     "MPL-0622"
    ],
    "date": "2015-08-04",
    "time": "2015-08-04T03:45:30Z",
    "footprint_kind": "strip",
    "footprint_label": "полоса по концам трансекты",
    "footprint_radius_m": 50.0,
    "footprint_area_km2": 1.3215,
    "geometry_approximate": false,
    "candidates": 0,
    "candidate_passes": 0,
    "accepted": 0,
    "accepted_passes": 0,
    "best_scene_id": null,
    "best_platform": null,
    "best_sync": null,
    "best_shift_hours": null,
    "best_shift_days": null,
    "best_time_uncertainty_hours": null,
    "best_coverage_fraction": null,
    "decision": "rejected",
    "reason_code": "not_acquired",
    "reason": "район не снимается: сцен нет и в широком окне, вероятно открытый океан",
    "detail": ""
   }
  },
  {
   "type": "Feature",
   "id": "S1:29.4",
   "geometry": {
    "type": "Polygon",
    "coordinates": [
     [
      [
       -137.21703,
       30.00457
      ],
      [
       -137.21693,
       30.00457
      ],
      [
       -137.21683,
       30.00455
      ],
      [
       -137.21674,
       30.00451
      ],
      [
       -137.21666,
       30.00446
      ],
      [
       -137.21659,
       30.00439
      ],
      [
       -137.21653,
       30.00432
      ],
      [
       -137.2165,
       30.00423
      ],
      [
       -137.21648,
       30.00415
      ],
      [
       -137.21649,
       30.00406
      ],
      [
       -137.21651,
       30.00397
      ],
      [
       -137.21655,
       30.00389
      ],
      [
       -137.21661,
       30.00382
      ],
      [
       -137.21669,
       30.00376
      ],
      [
       -137.21677,
       30.00372
      ],
      [
       -137.21687,
       30.00369
      ],
      [
       -137.21697,
       30.00367
      ],
      [
       -137.3705,
       29.99565
      ],
      [
       -137.3706,
       29.99565
      ],
      [
       -137.3707,
       29.99567
      ],
      [
       -137.37079,
       29.99571
      ],
      [
       -137.37088,
       29.99576
      ],
      [
       -137.37095,
       29.99583
      ],
      [
       -137.371,
       29.9959
      ],
      [
       -137.37104,
       29.99599
      ],
      [
       -137.37105,
       29.99607
      ],
      [
       -137.37105,
       29.99616
      ],
      [
       -137.37102,
       29.99625
      ],
      [
       -137.37098,
       29.99633
      ],
      [
       -137.37092,
       29.9964
      ],
      [
       -137.37085,
       29.99646
      ],
      [
       -137.37076,
       29.9965
      ],
      [
       -137.37066,
       29.99653
      ],
      [
       -137.37056,
       29.99655
      ],
      [
       -137.21703,
       30.00457
      ]
     ]
    ]
   },
   "properties": {
    "event_id": "S1:29.4",
    "source_id": "S1_GPGP2018",
    "target_keys": [],
    "sample_ids": [
     "MPL-0617"
    ],
    "date": "2015-08-04",
    "time": "2015-08-04T03:47:00Z",
    "footprint_kind": "strip",
    "footprint_label": "полоса по концам трансекты",
    "footprint_radius_m": 50.0,
    "footprint_area_km2": 1.489,
    "geometry_approximate": false,
    "candidates": 0,
    "candidate_passes": 0,
    "accepted": 0,
    "accepted_passes": 0,
    "best_scene_id": null,
    "best_platform": null,
    "best_sync": null,
    "best_shift_hours": null,
    "best_shift_days": null,
    "best_time_uncertainty_hours": null,
    "best_coverage_fraction": null,
    "decision": "not_used",
    "reason_code": "no_target",
    "reason": "у события нет записей целевых величин",
    "detail": ""
   }
  },
  {
   "type": "Feature",
   "id": "S1:3.3",
   "geometry": {
    "type": "Polygon",
    "coordinates": [
     [
      [
       -135.21096,
       28.99923
      ],
      [
       -135.21106,
       28.99923
      ],
      [
       -135.21116,
       28.99925
      ],
      [
       -135.21125,
       28.99929
      ],
      [
       -135.21133,
       28.99934
      ],
      [
       -135.2114,
       28.9994
      ],
      [
       -135.21146,
       28.99947
      ],
      [
       -135.21149,
       28.99956
      ],
      [
       -135.21151,
       28.99964
      ],
      [
       -135.21151,
       28.99973
      ],
      [
       -135.21149,
       28.99982
      ],
      [
       -135.21145,
       28.9999
      ],
      [
       -135.21139,
       28.99997
      ],
      [
       -135.21132,
       29.00003
      ],
      [
       -135.21123,
       29.00008
      ],
      [
       -135.21114,
       29.00011
      ],
      [
       -135.21104,
       29.00013
      ],
      [
       -135.01271,
       29.01435
      ],
      [
       -135.01261,
       29.01435
      ],
      [
       -135.01251,
       29.01433
      ],
      [
       -135.01242,
       29.01429
      ],
      [
       -135.01233,
       29.01424
      ],
      [
       -135.01226,
       29.01418
      ],
      [
       -135.01221,
       29.01411
      ],
      [
       -135.01217,
       29.01402
      ],
      [
       -135.01215,
       29.01394
      ],
      [
       -135.01216,
       29.01385
      ],
      [
       -135.01218,
       29.01376
      ],
      [
       -135.01222,
       29.01368
      ],
      [
       -135.01227,
       29.01361
      ],
      [
       -135.01235,
       29.01355
      ],
      [
       -135.01243,
       29.0135
      ],
      [
       -135.01253,
       29.01347
      ],
      [
       -135.01262,
       29.01345
      ],
      [
       -135.21096,
       28.99923
      ]
     ]
    ]
   },
   "properties": {
    "event_id": "S1:3.3",
    "source_id": "S1_GPGP2018",
    "target_keys": [
     "plastic-trawl"
    ],
    "sample_ids": [
     "MPL-0543"
    ],
    "date": "2015-07-28",
    "time": "2015-07-28T04:31:30Z",
    "footprint_kind": "strip",
    "footprint_label": "полоса по концам трансекты",
    "footprint_radius_m": 50.0,
    "footprint_area_km2": 1.943,
    "geometry_approximate": false,
    "candidates": 0,
    "candidate_passes": 0,
    "accepted": 0,
    "accepted_passes": 0,
    "best_scene_id": null,
    "best_platform": null,
    "best_sync": null,
    "best_shift_hours": null,
    "best_shift_days": null,
    "best_time_uncertainty_hours": null,
    "best_coverage_fraction": null,
    "decision": "rejected",
    "reason_code": "not_acquired",
    "reason": "район не снимается: сцен нет и в широком окне, вероятно открытый океан",
    "detail": ""
   }
  },
  {
   "type": "Feature",
   "id": "S1:3.4",
   "geometry": {
    "type": "Polygon",
    "coordinates": [
     [
      [
       -135.19496,
       29.00245
      ],
      [
       -135.19506,
       29.00245
      ],
      [
       -135.19516,
       29.00247
      ],
      [
       -135.19525,
       29.00251
      ],
      [
       -135.19534,
       29.00256
      ],
      [
       -135.19541,
       29.00262
      ],
      [
       -135.19546,
       29.0027
      ],
      [
       -135.1955,
       29.00278
      ],
      [
       -135.19551,
       29.00287
      ],
      [
       -135.19551,
       29.00296
      ],
      [
       -135.19549,
       29.00304
      ],
      [
       -135.19545,
       29.00312
      ],
      [
       -135.19539,
       29.00319
      ],
      [
       -135.19532,
       29.00326
      ],
      [
       -135.19523,
       29.0033
      ],
      [
       -135.19514,
       29.00333
      ],
      [
       -135.19504,
       29.00335
      ],
      [
       -135.0247,
       29.01405
      ],
      [
       -135.0246,
       29.01405
      ],
      [
       -135.0245,
       29.01403
      ],
      [
       -135.02441,
       29.01399
      ],
      [
       -135.02433,
       29.01394
      ],
      [
       -135.02426,
       29.01388
      ],
      [
       -135.02421,
       29.0138
      ],
      [
       -135.02417,
       29.01372
      ],
      [
       -135.02415,
       29.01363
      ],
      [
       -135.02416,
       29.01354
      ],
      [
       -135.02418,
       29.01346
      ],
      [
       -135.02422,
       29.01338
      ],
      [
       -135.02428,
       29.01331
      ],
      [
       -135.02435,
       29.01324
      ],
      [
       -135.02444,
       29.0132
      ],
      [
       -135.02453,
       29.01317
      ],
      [
       -135.02463,
       29.01315
      ],
      [
       -135.19496,
       29.00245
      ]
     ]
    ]
   },
   "properties": {
    "event_id": "S1:3.4",
    "source_id": "S1_GPGP2018",
    "target_keys": [],
    "sample_ids": [
     "MPL-0547"
    ],
    "date": "2015-07-28",
    "time": "2015-07-28T04:28:00Z",
    "footprint_kind": "strip",
    "footprint_label": "полоса по концам трансекты",
    "footprint_radius_m": 50.0,
    "footprint_area_km2": 1.6685,
    "geometry_approximate": false,
    "candidates": 0,
    "candidate_passes": 0,
    "accepted": 0,
    "accepted_passes": 0,
    "best_scene_id": null,
    "best_platform": null,
    "best_sync": null,
    "best_shift_hours": null,
    "best_shift_days": null,
    "best_time_uncertainty_hours": null,
    "best_coverage_fraction": null,
    "decision": "not_used",
    "reason_code": "no_target",
    "reason": "у события нет записей целевых величин",
    "detail": ""
   }
  },
  {
   "type": "Feature",
   "id": "S1:30.3",
   "geometry": {
    "type": "Polygon",
    "coordinates": [
     [
      [
       -136.57795,
       29.99927
      ],
      [
       -136.57785,
       29.99925
      ],
      [
       -136.57776,
       29.99922
      ],
      [
       -136.57767,
       29.99917
      ],
      [
       -136.5776,
       29.99911
      ],
      [
       -136.57754,
       29.99903
      ],
      [
       -136.5775,
       29.99895
      ],
      [
       -136.57748,
       29.99887
      ],
      [
       -136.57748,
       29.99878
      ],
      [
       -136.5775,
       29.99869
      ],
      [
       -136.57754,
       29.99861
      ],
      [
       -136.5776,
       29.99854
      ],
      [
       -136.57767,
       29.99847
      ],
      [
       -136.57775,
       29.99842
      ],
      [
       -136.57785,
       29.99839
      ],
      [
       -136.57795,
       29.99837
      ],
      [
       -136.57805,
       29.99837
      ],
      [
       -136.72545,
       30.01055
      ],
      [
       -136.72555,
       30.01057
      ],
      [
       -136.72564,
       30.0106
      ],
      [
       -136.72573,
       30.01065
      ],
      [
       -136.7258,
       30.01071
      ],
      [
       -136.72586,
       30.01079
      ],
      [
       -136.7259,
       30.01087
      ],
      [
       -136.72592,
       30.01095
      ],
      [
       -136.72592,
       30.01104
      ],
      [
       -136.7259,
       30.01113
      ],
      [
       -136.72586,
       30.01121
      ],
      [
       -136.7258,
       30.01128
      ],
      [
       -136.72573,
       30.01135
      ],
      [
       -136.72565,
       30.0114
      ],
      [
       -136.72555,
       30.01143
      ],
      [
       -136.72545,
       30.01145
      ],
      [
       -136.72535,
       30.01145
      ],
      [
       -136.57795,
       29.99927
      ]
     ]
    ]
   },
   "properties": {
    "event_id": "S1:30.3",
    "source_id": "S1_GPGP2018",
    "target_keys": [
     "plastic-trawl"
    ],
    "sample_ids": [
     "MPL-0623"
    ],
    "date": "2015-08-04",
    "time": "2015-08-04T10:14:30Z",
    "footprint_kind": "strip",
    "footprint_label": "полоса по концам трансекты",
    "footprint_radius_m": 50.0,
    "footprint_area_km2": 1.4336,
    "geometry_approximate": false,
    "candidates": 0,
    "candidate_passes": 0,
    "accepted": 0,
    "accepted_passes": 0,
    "best_scene_id": null,
    "best_platform": null,
    "best_sync": null,
    "best_shift_hours": null,
    "best_shift_days": null,
    "best_time_uncertainty_hours": null,
    "best_coverage_fraction": null,
    "decision": "rejected",
    "reason_code": "not_acquired",
    "reason": "район не снимается: сцен нет и в широком окне, вероятно открытый океан",
    "detail": ""
   }
  },
  {
   "type": "Feature",
   "id": "S1:30.4",
   "geometry": {
    "type": "Polygon",
    "coordinates": [
     [
      [
       -136.57096,
       29.99613
      ],
      [
       -136.57086,
       29.99611
      ],
      [
       -136.57076,
       29.99608
      ],
      [
       -136.57068,
       29.99603
      ],
      [
       -136.5706,
       29.99597
      ],
      [
       -136.57055,
       29.9959
      ],
      [
       -136.57051,
       29.99582
      ],
      [
       -136.57048,
       29.99573
      ],
      [
       -136.57048,
       29.99564
      ],
      [
       -136.5705,
       29.99556
      ],
      [
       -136.57054,
       29.99547
      ],
      [
       -136.57059,
       29.9954
      ],
      [
       -136.57066,
       29.99534
      ],
      [
       -136.57075,
       29.99529
      ],
      [
       -136.57084,
       29.99525
      ],
      [
       -136.57094,
       29.99523
      ],
      [
       -136.57104,
       29.99523
      ],
      [
       -136.73364,
       30.00665
      ],
      [
       -136.73374,
       30.00667
      ],
      [
       -136.73384,
       30.0067
      ],
      [
       -136.73392,
       30.00675
      ],
      [
       -136.734,
       30.00681
      ],
      [
       -136.73405,
       30.00688
      ],
      [
       -136.73409,
       30.00696
      ],
      [
       -136.73412,
       30.00705
      ],
      [
       -136.73412,
       30.00714
      ],
      [
       -136.7341,
       30.00722
      ],
      [
       -136.73406,
       30.00731
      ],
      [
       -136.73401,
       30.00738
      ],
      [
       -136.73394,
       30.00744
      ],
      [
       -136.73385,
       30.00749
      ],
      [
       -136.73376,
       30.00753
      ],
      [
       -136.73366,
       30.00755
      ],
      [
       -136.73356,
       30.00755
      ],
      [
       -136.57096,
       29.99613
      ]
     ]
    ]
   },
   "properties": {
    "event_id": "S1:30.4",
    "source_id": "S1_GPGP2018",
    "target_keys": [
     "plastic-trawl"
    ],
    "sample_ids": [
     "MPL-0621"
    ],
    "date": "2015-08-04",
    "time": "2015-08-04T10:13:30Z",
    "footprint_kind": "strip",
    "footprint_label": "полоса по концам трансекты",
    "footprint_radius_m": 50.0,
    "footprint_area_km2": 1.5787,
    "geometry_approximate": false,
    "candidates": 0,
    "candidate_passes": 0,
    "accepted": 0,
    "accepted_passes": 0,
    "best_scene_id": null,
    "best_platform": null,
    "best_sync": null,
    "best_shift_hours": null,
    "best_shift_days": null,
    "best_time_uncertainty_hours": null,
    "best_coverage_fraction": null,
    "decision": "rejected",
    "reason_code": "not_acquired",
    "reason": "район не снимается: сцен нет и в широком окне, вероятно открытый океан",
    "detail": ""
   }
  },
  {
   "type": "Feature",
   "id": "S1:31.4",
   "geometry": {
    "type": "Polygon",
    "coordinates": [
     [
      [
       -135.978,
       29.99668
      ],
      [
       -135.9779,
       29.99667
      ],
      [
       -135.9778,
       29.99664
      ],
      [
       -135.97771,
       29.9966
      ],
      [
       -135.97763,
       29.99655
      ],
      [
       -135.97757,
       29.99648
      ],
      [
       -135.97752,
       29.9964
      ],
      [
       -135.97749,
       29.99631
      ],
      [
       -135.97748,
       29.99623
      ],
      [
       -135.97749,
       29.99614
      ],
      [
       -135.97752,
       29.99606
      ],
      [
       -135.97757,
       29.99598
      ],
      [
       -135.97764,
       29.99591
      ],
      [
       -135.97771,
       29.99585
      ],
      [
       -135.9778,
       29.99581
      ],
      [
       -135.9779,
       29.99579
      ],
      [
       -135.978,
       29.99578
      ],
      [
       -136.14654,
       29.99675
      ],
      [
       -136.14664,
       29.99676
      ],
      [
       -136.14673,
       29.99679
      ],
      [
       -136.14682,
       29.99683
      ],
      [
       -136.1469,
       29.99688
      ],
      [
       -136.14697,
       29.99695
      ],
      [
       -136.14701,
       29.99703
      ],
      [
       -136.14704,
       29.99712
      ],
      [
       -136.14705,
       29.9972
      ],
      [
       -136.14704,
       29.99729
      ],
      [
       -136.14701,
       29.99737
      ],
      [
       -136.14696,
       29.99745
      ],
      [
       -136.1469,
       29.99752
      ],
      [
       -136.14682,
       29.99758
      ],
      [
       -136.14673,
       29.99762
      ],
      [
       -136.14663,
       29.99764
      ],
      [
       -136.14653,
       29.99765
      ],
      [
       -135.978,
       29.99668
      ]
     ]
    ]
   },
   "properties": {
    "event_id": "S1:31.4",
    "source_id": "S1_GPGP2018",
    "target_keys": [
     "plastic-trawl"
    ],
    "sample_ids": [
     "MPL-0618"
    ],
    "date": "2015-08-04",
    "time": "2015-08-04T16:20:00Z",
    "footprint_kind": "strip",
    "footprint_label": "полоса по концам трансекты",
    "footprint_radius_m": 50.0,
    "footprint_area_km2": 1.6308,
    "geometry_approximate": false,
    "candidates": 0,
    "candidate_passes": 0,
    "accepted": 0,
    "accepted_passes": 0,
    "best_scene_id": null,
    "best_platform": null,
    "best_sync": null,
    "best_shift_hours": null,
    "best_shift_days": null,
    "best_time_uncertainty_hours": null,
    "best_coverage_fraction": null,
    "decision": "rejected",
    "reason_code": "not_acquired",
    "reason": "район не снимается: сцен нет и в широком окне, вероятно открытый океан",
    "detail": ""
   }
  },
  {
   "type": "Feature",
   "id": "S1:32.3",
   "geometry": {
    "type": "Polygon",
    "coordinates": [
     [
      [
       -135.39796,
       30.01235
      ],
      [
       -135.39786,
       30.01233
      ],
      [
       -135.39777,
       30.0123
      ],
      [
       -135.39768,
       30.01225
      ],
      [
       -135.39761,
       30.01219
      ],
      [
       -135.39755,
       30.01212
      ],
      [
       -135.39751,
       30.01204
      ],
      [
       -135.39748,
       30.01195
      ],
      [
       -135.39748,
       30.01187
      ],
      [
       -135.3975,
       30.01178
      ],
      [
       -135.39754,
       30.0117
      ],
      [
       -135.39759,
       30.01162
      ],
      [
       -135.39766,
       30.01156
      ],
      [
       -135.39775,
       30.01151
      ],
      [
       -135.39784,
       30.01147
      ],
      [
       -135.39794,
       30.01145
      ],
      [
       -135.39804,
       30.01145
      ],
      [
       -135.55492,
       30.02185
      ],
      [
       -135.55502,
       30.02187
      ],
      [
       -135.55512,
       30.0219
      ],
      [
       -135.5552,
       30.02195
      ],
      [
       -135.55528,
       30.02201
      ],
      [
       -135.55534,
       30.02208
      ],
      [
       -135.55538,
       30.02216
      ],
      [
       -135.5554,
       30.02225
      ],
      [
       -135.5554,
       30.02233
      ],
      [
       -135.55538,
       30.02242
      ],
      [
       -135.55535,
       30.0225
      ],
      [
       -135.55529,
       30.02258
      ],
      [
       -135.55522,
       30.02264
      ],
      [
       -135.55514,
       30.02269
      ],
      [
       -135.55504,
       30.02273
      ],
      [
       -135.55495,
       30.02275
      ],
      [
       -135.55484,
       30.02275
      ],
      [
       -135.39796,
       30.01235
      ]
     ]
    ]
   },
   "properties": {
    "event_id": "S1:32.3",
    "source_id": "S1_GPGP2018",
    "target_keys": [],
    "sample_ids": [
     "MPL-0628"
    ],
    "date": "2015-08-04",
    "time": "2015-08-04T22:18:30Z",
    "footprint_kind": "strip",
    "footprint_label": "полоса по концам трансекты",
    "footprint_radius_m": 50.0,
    "footprint_area_km2": 1.5227,
    "geometry_approximate": false,
    "candidates": 0,
    "candidate_passes": 0,
    "accepted": 0,
    "accepted_passes": 0,
    "best_scene_id": null,
    "best_platform": null,
    "best_sync": null,
    "best_shift_hours": null,
    "best_shift_days": null,
    "best_time_uncertainty_hours": null,
    "best_coverage_fraction": null,
    "decision": "not_used",
    "reason_code": "no_target",
    "reason": "у события нет записей целевых величин",
    "detail": ""
   }
  },
  {
   "type": "Feature",
   "id": "S1:32.4",
   "geometry": {
    "type": "Polygon",
    "coordinates": [
     [
      [
       -135.39095,
       30.0081
      ],
      [
       -135.39085,
       30.00808
      ],
      [
       -135.39075,
       30.00805
      ],
      [
       -135.39067,
       30.008
      ],
      [
       -135.3906,
       30.00793
      ],
      [
       -135.39054,
       30.00786
      ],
      [
       -135.3905,
       30.00778
      ],
      [
       -135.39048,
       30.00769
      ],
      [
       -135.39048,
       30.0076
      ],
      [
       -135.3905,
       30.00752
      ],
      [
       -135.39054,
       30.00744
      ],
      [
       -135.3906,
       30.00736
      ],
      [
       -135.39067,
       30.0073
      ],
      [
       -135.39076,
       30.00725
      ],
      [
       -135.39085,
       30.00722
      ],
      [
       -135.39095,
       30.0072
      ],
      [
       -135.39105,
       30.0072
      ],
      [
       -135.5613,
       30.02215
      ],
      [
       -135.5614,
       30.02217
      ],
      [
       -135.5615,
       30.0222
      ],
      [
       -135.56158,
       30.02225
      ],
      [
       -135.56165,
       30.02232
      ],
      [
       -135.56171,
       30.02239
      ],
      [
       -135.56175,
       30.02247
      ],
      [
       -135.56177,
       30.02256
      ],
      [
       -135.56177,
       30.02265
      ],
      [
       -135.56175,
       30.02273
      ],
      [
       -135.56171,
       30.02281
      ],
      [
       -135.56165,
       30.02289
      ],
      [
       -135.56158,
       30.02295
      ],
      [
       -135.56149,
       30.023
      ],
      [
       -135.5614,
       30.02303
      ],
      [
       -135.5613,
       30.02305
      ],
      [
       -135.5612,
       30.02305
      ],
      [
       -135.39095,
       30.0081
      ]
     ]
    ]
   },
   "properties": {
    "event_id": "S1:32.4",
    "source_id": "S1_GPGP2018",
    "target_keys": [
     "plastic-trawl"
    ],
    "sample_ids": [
     "MPL-0627"
    ],
    "date": "2015-08-04",
    "time": "2015-08-04T22:21:00Z",
    "footprint_kind": "strip",
    "footprint_label": "полоса по концам трансекты",
    "footprint_radius_m": 50.0,
    "footprint_area_km2": 1.6554,
    "geometry_approximate": false,
    "candidates": 0,
    "candidate_passes": 0,
    "accepted": 0,
    "accepted_passes": 0,
    "best_scene_id": null,
    "best_platform": null,
    "best_sync": null,
    "best_shift_hours": null,
    "best_shift_days": null,
    "best_time_uncertainty_hours": null,
    "best_coverage_fraction": null,
    "decision": "rejected",
    "reason_code": "not_acquired",
    "reason": "район не снимается: сцен нет и в широком окне, вероятно открытый океан",
    "detail": ""
   }
  },
  {
   "type": "Feature",
   "id": "S1:33.3",
   "geometry": {
    "type": "Polygon",
    "coordinates": [
     [
      [
       -134.81698,
       30.01295
      ],
      [
       -134.81688,
       30.01294
      ],
      [
       -134.81679,
       30.01291
      ],
      [
       -134.8167,
       30.01287
      ],
      [
       -134.81662,
       30.01281
      ],
      [
       -134.81656,
       30.01274
      ],
      [
       -134.81651,
       30.01266
      ],
      [
       -134.81649,
       30.01257
      ],
      [
       -134.81648,
       30.01249
      ],
      [
       -134.81649,
       30.0124
      ],
      [
       -134.81653,
       30.01231
      ],
      [
       -134.81658,
       30.01224
      ],
      [
       -134.81664,
       30.01217
      ],
      [
       -134.81673,
       30.01212
      ],
      [
       -134.81682,
       30.01208
      ],
      [
       -134.81692,
       30.01206
      ],
      [
       -134.81702,
       30.01205
      ],
      [
       -134.96883,
       30.01625
      ],
      [
       -134.96893,
       30.01626
      ],
      [
       -134.96903,
       30.01629
      ],
      [
       -134.96912,
       30.01633
      ],
      [
       -134.9692,
       30.01639
      ],
      [
       -134.96926,
       30.01646
      ],
      [
       -134.9693,
       30.01654
      ],
      [
       -134.96933,
       30.01663
      ],
      [
       -134.96934,
       30.01671
      ],
      [
       -134.96932,
       30.0168
      ],
      [
       -134.96929,
       30.01689
      ],
      [
       -134.96924,
       30.01696
      ],
      [
       -134.96917,
       30.01703
      ],
      [
       -134.96909,
       30.01708
      ],
      [
       -134.969,
       30.01712
      ],
      [
       -134.9689,
       30.01714
      ],
      [
       -134.9688,
       30.01715
      ],
      [
       -134.81698,
       30.01295
      ]
     ]
    ]
   },
   "properties": {
    "event_id": "S1:33.3",
    "source_id": "S1_GPGP2018",
    "target_keys": [],
    "sample_ids": [
     "MPL-0635",
     "MPL-0636"
    ],
    "date": "2015-08-05",
    "time": "2015-08-05T04:14:00Z",
    "footprint_kind": "strip",
    "footprint_label": "полоса по концам трансекты",
    "footprint_radius_m": 50.0,
    "footprint_area_km2": 1.4703,
    "geometry_approximate": false,
    "candidates": 0,
    "candidate_passes": 0,
    "accepted": 0,
    "accepted_passes": 0,
    "best_scene_id": null,
    "best_platform": null,
    "best_sync": null,
    "best_shift_hours": null,
    "best_shift_days": null,
    "best_time_uncertainty_hours": null,
    "best_coverage_fraction": null,
    "decision": "not_used",
    "reason_code": "no_target",
    "reason": "у события нет записей целевых величин",
    "detail": ""
   }
  },
  {
   "type": "Feature",
   "id": "S1:33.4",
   "geometry": {
    "type": "Polygon",
    "coordinates": [
     [
      [
       -134.80405,
       30.01117
      ],
      [
       -134.80394,
       30.01117
      ],
      [
       -134.80385,
       30.01115
      ],
      [
       -134.80375,
       30.01111
      ],
      [
       -134.80367,
       30.01107
      ],
      [
       -134.8036,
       30.011
      ],
      [
       -134.80354,
       30.01093
      ],
      [
       -134.8035,
       30.01085
      ],
      [
       -134.80348,
       30.01076
      ],
      [
       -134.80348,
       30.01067
      ],
      [
       -134.8035,
       30.01059
      ],
      [
       -134.80354,
       30.0105
      ],
      [
       -134.8036,
       30.01043
      ],
      [
       -134.80367,
       30.01037
      ],
      [
       -134.80376,
       30.01032
      ],
      [
       -134.80385,
       30.01029
      ],
      [
       -134.80395,
       30.01027
      ],
      [
       -134.97519,
       29.99695
      ],
      [
       -134.97529,
       29.99695
      ],
      [
       -134.97539,
       29.99697
      ],
      [
       -134.97548,
       29.99701
      ],
      [
       -134.97557,
       29.99705
      ],
      [
       -134.97564,
       29.99712
      ],
      [
       -134.97569,
       29.99719
      ],
      [
       -134.97573,
       29.99727
      ],
      [
       -134.97575,
       29.99736
      ],
      [
       -134.97575,
       29.99745
      ],
      [
       -134.97573,
       29.99753
      ],
      [
       -134.97569,
       29.99762
      ],
      [
       -134.97563,
       29.99769
      ],
      [
       -134.97556,
       29.99775
      ],
      [
       -134.97547,
       29.9978
      ],
      [
       -134.97538,
       29.99783
      ],
      [
       -134.97528,
       29.99785
      ],
      [
       -134.80405,
       30.01117
      ]
     ]
    ]
   },
   "properties": {
    "event_id": "S1:33.4",
    "source_id": "S1_GPGP2018",
    "target_keys": [
     "plastic-trawl"
    ],
    "sample_ids": [
     "MPL-0634"
    ],
    "date": "2015-08-05",
    "time": "2015-08-05T04:19:30Z",
    "footprint_kind": "strip",
    "footprint_label": "полоса по концам трансекты",
    "footprint_radius_m": 50.0,
    "footprint_area_km2": 1.6633,
    "geometry_approximate": false,
    "candidates": 0,
    "candidate_passes": 0,
    "accepted": 0,
    "accepted_passes": 0,
    "best_scene_id": null,
    "best_platform": null,
    "best_sync": null,
    "best_shift_hours": null,
    "best_shift_days": null,
    "best_time_uncertainty_hours": null,
    "best_coverage_fraction": null,
    "decision": "rejected",
    "reason_code": "not_acquired",
    "reason": "район не снимается: сцен нет и в широком окне, вероятно открытый океан",
    "detail": ""
   }
  },
  {
   "type": "Feature",
   "id": "S1:34.3",
   "geometry": {
    "type": "Polygon",
    "coordinates": [
     [
      [
       -134.188,
       30.00198
      ],
      [
       -134.1879,
       30.00197
      ],
      [
       -134.1878,
       30.00194
      ],
      [
       -134.18771,
       30.0019
      ],
      [
       -134.18763,
       30.00185
      ],
      [
       -134.18757,
       30.00178
      ],
      [
       -134.18752,
       30.0017
      ],
      [
       -134.18749,
       30.00162
      ],
      [
       -134.18748,
       30.00153
      ],
      [
       -134.18749,
       30.00144
      ],
      [
       -134.18752,
       30.00136
      ],
      [
       -134.18757,
       30.00128
      ],
      [
       -134.18763,
       30.00121
      ],
      [
       -134.18771,
       30.00115
      ],
      [
       -134.1878,
       30.00111
      ],
      [
       -134.1879,
       30.00109
      ],
      [
       -134.188,
       30.00108
      ],
      [
       -134.34914,
       30.00175
      ],
      [
       -134.34924,
       30.00176
      ],
      [
       -134.34933,
       30.00179
      ],
      [
       -134.34942,
       30.00183
      ],
      [
       -134.3495,
       30.00188
      ],
      [
       -134.34957,
       30.00195
      ],
      [
       -134.34961,
       30.00203
      ],
      [
       -134.34964,
       30.00211
      ],
      [
       -134.34965,
       30.0022
      ],
      [
       -134.34964,
       30.00229
      ],
      [
       -134.34961,
       30.00237
      ],
      [
       -134.34956,
       30.00245
      ],
      [
       -134.3495,
       30.00252
      ],
      [
       -134.34942,
       30.00258
      ],
      [
       -134.34933,
       30.00262
      ],
      [
       -134.34923,
       30.00264
      ],
      [
       -134.34913,
       30.00265
      ],
      [
       -134.188,
       30.00198
      ]
     ]
    ]
   },
   "properties": {
    "event_id": "S1:34.3",
    "source_id": "S1_GPGP2018",
    "target_keys": [],
    "sample_ids": [
     "MPL-0632"
    ],
    "date": "2015-08-05",
    "time": "2015-08-05T10:18:30Z",
    "footprint_kind": "strip",
    "footprint_label": "полоса по концам трансекты",
    "footprint_radius_m": 50.0,
    "footprint_area_km2": 1.5595,
    "geometry_approximate": false,
    "candidates": 0,
    "candidate_passes": 0,
    "accepted": 0,
    "accepted_passes": 0,
    "best_scene_id": null,
    "best_platform": null,
    "best_sync": null,
    "best_shift_hours": null,
    "best_shift_days": null,
    "best_time_uncertainty_hours": null,
    "best_coverage_fraction": null,
    "decision": "not_used",
    "reason_code": "no_target",
    "reason": "у события нет записей целевых величин",
    "detail": ""
   }
  },
  {
   "type": "Feature",
   "id": "S1:34.4",
   "geometry": {
    "type": "Polygon",
    "coordinates": [
     [
      [
       -134.17799,
       29.9995
      ],
      [
       -134.17789,
       29.99949
      ],
      [
       -134.17779,
       29.99946
      ],
      [
       -134.1777,
       29.99942
      ],
      [
       -134.17762,
       29.99936
      ],
      [
       -134.17756,
       29.99929
      ],
      [
       -134.17752,
       29.99921
      ],
      [
       -134.17749,
       29.99913
      ],
      [
       -134.17748,
       29.99904
      ],
      [
       -134.17749,
       29.99895
      ],
      [
       -134.17752,
       29.99887
      ],
      [
       -134.17757,
       29.99879
      ],
      [
       -134.17764,
       29.99872
      ],
      [
       -134.17772,
       29.99867
      ],
      [
       -134.17781,
       29.99863
      ],
      [
       -134.17791,
       29.99861
      ],
      [
       -134.17801,
       29.9986
      ],
      [
       -134.35856,
       30.00215
      ],
      [
       -134.35866,
       30.00216
      ],
      [
       -134.35876,
       30.00219
      ],
      [
       -134.35885,
       30.00223
      ],
      [
       -134.35893,
       30.00229
      ],
      [
       -134.35899,
       30.00236
      ],
      [
       -134.35903,
       30.00244
      ],
      [
       -134.35906,
       30.00252
      ],
      [
       -134.35907,
       30.00261
      ],
      [
       -134.35906,
       30.0027
      ],
      [
       -134.35903,
       30.00278
      ],
      [
       -134.35898,
       30.00286
      ],
      [
       -134.35891,
       30.00293
      ],
      [
       -134.35883,
       30.00298
      ],
      [
       -134.35874,
       30.00302
      ],
      [
       -134.35864,
       30.00304
      ],
      [
       -134.35854,
       30.00305
      ],
      [
       -134.17799,
       29.9995
      ]
     ]
    ]
   },
   "properties": {
    "event_id": "S1:34.4",
    "source_id": "S1_GPGP2018",
    "target_keys": [
     "plastic-trawl"
    ],
    "sample_ids": [
     "MPL-0631"
    ],
    "date": "2015-08-05",
    "time": "2015-08-05T10:19:30Z",
    "footprint_kind": "strip",
    "footprint_label": "полоса по концам трансекты",
    "footprint_radius_m": 50.0,
    "footprint_area_km2": 1.7469,
    "geometry_approximate": false,
    "candidates": 0,
    "candidate_passes": 0,
    "accepted": 0,
    "accepted_passes": 0,
    "best_scene_id": null,
    "best_platform": null,
    "best_sync": null,
    "best_shift_hours": null,
    "best_shift_days": null,
    "best_time_uncertainty_hours": null,
    "best_coverage_fraction": null,
    "decision": "rejected",
    "reason_code": "not_acquired",
    "reason": "район не снимается: сцен нет и в широком окне, вероятно открытый океан",
    "detail": ""
   }
  },
  {
   "type": "Feature",
   "id": "S1:35.3",
   "geometry": {
    "type": "Polygon",
    "coordinates": [
     [
      [
       -134.33999,
       30.99832
      ],
      [
       -134.3401,
       30.99833
      ],
      [
       -134.3402,
       30.99835
      ],
      [
       -134.34029,
       30.99839
      ],
      [
       -134.34037,
       30.99845
      ],
      [
       -134.34043,
       30.99852
      ],
      [
       -134.34048,
       30.99859
      ],
      [
       -134.34051,
       30.99868
      ],
      [
       -134.34052,
       30.99877
      ],
      [
       -134.34052,
       30.99885
      ],
      [
       -134.34049,
       30.99894
      ],
      [
       -134.34044,
       30.99902
      ],
      [
       -134.34037,
       30.99908
      ],
      [
       -134.3403,
       30.99914
      ],
      [
       -134.34021,
       30.99918
      ],
      [
       -134.34011,
       30.99921
      ],
      [
       -134.34001,
       30.99922
      ],
      [
       -134.18767,
       31.00065
      ],
      [
       -134.18757,
       31.00064
      ],
      [
       -134.18747,
       31.00062
      ],
      [
       -134.18738,
       31.00058
      ],
      [
       -134.1873,
       31.00052
      ],
      [
       -134.18723,
       31.00045
      ],
      [
       -134.18718,
       31.00038
      ],
      [
       -134.18715,
       31.00029
      ],
      [
       -134.18714,
       31.0002
      ],
      [
       -134.18715,
       31.00012
      ],
      [
       -134.18718,
       31.00003
      ],
      [
       -134.18723,
       30.99995
      ],
      [
       -134.18729,
       30.99989
      ],
      [
       -134.18737,
       30.99983
      ],
      [
       -134.18746,
       30.99979
      ],
      [
       -134.18756,
       30.99976
      ],
      [
       -134.18766,
       30.99975
      ],
      [
       -134.33999,
       30.99832
      ]
     ]
    ]
   },
   "properties": {
    "event_id": "S1:35.3",
    "source_id": "S1_GPGP2018",
    "target_keys": [],
    "sample_ids": [
     "MPL-0638"
    ],
    "date": "2015-08-05",
    "time": "2015-08-05T22:21:30Z",
    "footprint_kind": "strip",
    "footprint_label": "полоса по концам трансекты",
    "footprint_radius_m": 50.0,
    "footprint_area_km2": 1.4598,
    "geometry_approximate": false,
    "candidates": 0,
    "candidate_passes": 0,
    "accepted": 0,
    "accepted_passes": 0,
    "best_scene_id": null,
    "best_platform": null,
    "best_sync": null,
    "best_shift_hours": null,
    "best_shift_days": null,
    "best_time_uncertainty_hours": null,
    "best_coverage_fraction": null,
    "decision": "not_used",
    "reason_code": "no_target",
    "reason": "у события нет записей целевых величин",
    "detail": ""
   }
  },
  {
   "type": "Feature",
   "id": "S1:35.4",
   "geometry": {
    "type": "Polygon",
    "coordinates": [
     [
      [
       -134.34999,
       30.99572
      ],
      [
       -134.35009,
       30.99573
      ],
      [
       -134.35019,
       30.99575
      ],
      [
       -134.35028,
       30.99579
      ],
      [
       -134.35036,
       30.99584
      ],
      [
       -134.35043,
       30.99591
      ],
      [
       -134.35048,
       30.99599
      ],
      [
       -134.35051,
       30.99607
      ],
      [
       -134.35052,
       30.99616
      ],
      [
       -134.35052,
       30.99625
      ],
      [
       -134.35049,
       30.99633
      ],
      [
       -134.35044,
       30.99641
      ],
      [
       -134.35038,
       30.99648
      ],
      [
       -134.3503,
       30.99654
      ],
      [
       -134.35021,
       30.99658
      ],
      [
       -134.35012,
       30.99661
      ],
      [
       -134.35001,
       30.99662
      ],
      [
       -134.17503,
       31.00075
      ],
      [
       -134.17493,
       31.00074
      ],
      [
       -134.17483,
       31.00072
      ],
      [
       -134.17474,
       31.00068
      ],
      [
       -134.17466,
       31.00063
      ],
      [
       -134.17459,
       31.00056
      ],
      [
       -134.17454,
       31.00048
      ],
      [
       -134.17451,
       31.0004
      ],
      [
       -134.17449,
       31.00031
      ],
      [
       -134.1745,
       31.00022
      ],
      [
       -134.17453,
       31.00014
      ],
      [
       -134.17457,
       31.00006
      ],
      [
       -134.17464,
       30.99999
      ],
      [
       -134.17471,
       30.99993
      ],
      [
       -134.1748,
       30.99989
      ],
      [
       -134.1749,
       30.99986
      ],
      [
       -134.175,
       30.99985
      ],
      [
       -134.34999,
       30.99572
      ]
     ]
    ]
   },
   "properties": {
    "event_id": "S1:35.4",
    "source_id": "S1_GPGP2018",
    "target_keys": [
     "plastic-trawl"
    ],
    "sample_ids": [
     "MPL-0637"
    ],
    "date": "2015-08-05",
    "time": "2015-08-05T22:23:30Z",
    "footprint_kind": "strip",
    "footprint_label": "полоса по концам трансекты",
    "footprint_radius_m": 50.0,
    "footprint_area_km2": 1.6763,
    "geometry_approximate": false,
    "candidates": 0,
    "candidate_passes": 0,
    "accepted": 0,
    "accepted_passes": 0,
    "best_scene_id": null,
    "best_platform": null,
    "best_sync": null,
    "best_shift_hours": null,
    "best_shift_days": null,
    "best_time_uncertainty_hours": null,
    "best_coverage_fraction": null,
    "decision": "rejected",
    "reason_code": "not_acquired",
    "reason": "район не снимается: сцен нет и в широком окне, вероятно открытый океан",
    "detail": ""
   }
  },
  {
   "type": "Feature",
   "id": "S1:36.3",
   "geometry": {
    "type": "Polygon",
    "coordinates": [
     [
      [
       -134.93302,
       30.9997
      ],
      [
       -134.93312,
       30.99971
      ],
      [
       -134.93322,
       30.99974
      ],
      [
       -134.9333,
       30.99978
      ],
      [
       -134.93338,
       30.99984
      ],
      [
       -134.93344,
       30.99991
      ],
      [
       -134.93349,
       30.99999
      ],
      [
       -134.93352,
       31.00008
      ],
      [
       -134.93352,
       31.00016
      ],
      [
       -134.93351,
       31.00025
      ],
      [
       -134.93348,
       31.00033
      ],
      [
       -134.93343,
       31.00041
      ],
      [
       -134.93336,
       31.00048
      ],
      [
       -134.93328,
       31.00053
      ],
      [
       -134.93319,
       31.00057
      ],
      [
       -134.93309,
       31.00059
      ],
      [
       -134.93298,
       31.0006
      ],
      [
       -134.7621,
       30.99625
      ],
      [
       -134.762,
       30.99624
      ],
      [
       -134.7619,
       30.99621
      ],
      [
       -134.76181,
       30.99617
      ],
      [
       -134.76174,
       30.99611
      ],
      [
       -134.76167,
       30.99604
      ],
      [
       -134.76163,
       30.99596
      ],
      [
       -134.7616,
       30.99587
      ],
      [
       -134.76159,
       30.99579
      ],
      [
       -134.76161,
       30.9957
      ],
      [
       -134.76164,
       30.99562
      ],
      [
       -134.76169,
       30.99554
      ],
      [
       -134.76176,
       30.99547
      ],
      [
       -134.76184,
       30.99542
      ],
      [
       -134.76193,
       30.99538
      ],
      [
       -134.76203,
       30.99536
      ],
      [
       -134.76213,
       30.99535
      ],
      [
       -134.93302,
       30.9997
      ]
     ]
    ]
   },
   "properties": {
    "event_id": "S1:36.3",
    "source_id": "S1_GPGP2018",
    "target_keys": [
     "plastic-trawl"
    ],
    "sample_ids": [
     "MPL-0647"
    ],
    "date": "2015-08-06",
    "time": "2015-08-06T04:16:00Z",
    "footprint_kind": "strip",
    "footprint_label": "полоса по концам трансекты",
    "footprint_radius_m": 50.0,
    "footprint_area_km2": 1.6373,
    "geometry_approximate": false,
    "candidates": 0,
    "candidate_passes": 0,
    "accepted": 0,
    "accepted_passes": 0,
    "best_scene_id": null,
    "best_platform": null,
    "best_sync": null,
    "best_shift_hours": null,
    "best_shift_days": null,
    "best_time_uncertainty_hours": null,
    "best_coverage_fraction": null,
    "decision": "rejected",
    "reason_code": "not_acquired",
    "reason": "район не снимается: сцен нет и в широком окне, вероятно открытый океан",
    "detail": ""
   }
  },
  {
   "type": "Feature",
   "id": "S1:36.4",
   "geometry": {
    "type": "Polygon",
    "coordinates": [
     [
      [
       -134.94302,
       31.00042
      ],
      [
       -134.94312,
       31.00043
      ],
      [
       -134.94322,
       31.00046
      ],
      [
       -134.94331,
       31.00051
      ],
      [
       -134.94339,
       31.00056
      ],
      [
       -134.94345,
       31.00063
      ],
      [
       -134.94349,
       31.00071
      ],
      [
       -134.94352,
       31.0008
      ],
      [
       -134.94352,
       31.00089
      ],
      [
       -134.94351,
       31.00097
      ],
      [
       -134.94348,
       31.00106
      ],
      [
       -134.94342,
       31.00113
      ],
      [
       -134.94336,
       31.0012
      ],
      [
       -134.94327,
       31.00125
      ],
      [
       -134.94318,
       31.00129
      ],
      [
       -134.94308,
       31.00131
      ],
      [
       -134.94298,
       31.00132
      ],
      [
       -134.75498,
       30.99505
      ],
      [
       -134.75488,
       30.99504
      ],
      [
       -134.75478,
       30.99501
      ],
      [
       -134.75469,
       30.99496
      ],
      [
       -134.75461,
       30.99491
      ],
      [
       -134.75455,
       30.99484
      ],
      [
       -134.75451,
       30.99476
      ],
      [
       -134.75448,
       30.99467
      ],
      [
       -134.75448,
       30.99458
      ],
      [
       -134.75449,
       30.9945
      ],
      [
       -134.75452,
       30.99441
      ],
      [
       -134.75458,
       30.99434
      ],
      [
       -134.75464,
       30.99427
      ],
      [
       -134.75473,
       30.99422
      ],
      [
       -134.75482,
       30.99418
      ],
      [
       -134.75492,
       30.99416
      ],
      [
       -134.75502,
       30.99415
      ],
      [
       -134.94302,
       31.00042
      ]
     ]
    ]
   },
   "properties": {
    "event_id": "S1:36.4",
    "source_id": "S1_GPGP2018",
    "target_keys": [],
    "sample_ids": [
     "MPL-0644"
    ],
    "date": "2015-08-06",
    "time": "2015-08-06T04:18:00Z",
    "footprint_kind": "strip",
    "footprint_label": "полоса по концам трансекты",
    "footprint_radius_m": 50.0,
    "footprint_area_km2": 1.8011,
    "geometry_approximate": false,
    "candidates": 0,
    "candidate_passes": 0,
    "accepted": 0,
    "accepted_passes": 0,
    "best_scene_id": null,
    "best_platform": null,
    "best_sync": null,
    "best_shift_hours": null,
    "best_shift_days": null,
    "best_time_uncertainty_hours": null,
    "best_coverage_fraction": null,
    "decision": "not_used",
    "reason_code": "no_target",
    "reason": "у события нет записей целевых величин",
    "detail": ""
   }
  },
  {
   "type": "Feature",
   "id": "S1:37.3",
   "geometry": {
    "type": "Polygon",
    "coordinates": [
     [
      [
       -135.49897,
       30.99618
      ],
      [
       -135.49907,
       30.99618
      ],
      [
       -135.49917,
       30.99621
      ],
      [
       -135.49927,
       30.99624
      ],
      [
       -135.49935,
       30.99629
      ],
      [
       -135.49942,
       30.99636
      ],
      [
       -135.49947,
       30.99643
      ],
      [
       -135.49951,
       30.99652
      ],
      [
       -135.49952,
       30.9966
      ],
      [
       -135.49952,
       30.99669
      ],
      [
       -135.4995,
       30.99678
      ],
      [
       -135.49945,
       30.99686
      ],
      [
       -135.49939,
       30.99693
      ],
      [
       -135.49932,
       30.99699
      ],
      [
       -135.49923,
       30.99703
      ],
      [
       -135.49913,
       30.99707
      ],
      [
       -135.49903,
       30.99708
      ],
      [
       -135.34435,
       31.00495
      ],
      [
       -135.34425,
       31.00495
      ],
      [
       -135.34415,
       31.00492
      ],
      [
       -135.34405,
       31.00489
      ],
      [
       -135.34397,
       31.00484
      ],
      [
       -135.3439,
       31.00477
      ],
      [
       -135.34385,
       31.0047
      ],
      [
       -135.34381,
       31.00461
      ],
      [
       -135.34379,
       31.00453
      ],
      [
       -135.3438,
       31.00444
      ],
      [
       -135.34382,
       31.00435
      ],
      [
       -135.34386,
       31.00427
      ],
      [
       -135.34392,
       31.0042
      ],
      [
       -135.344,
       31.00414
      ],
      [
       -135.34409,
       31.0041
      ],
      [
       -135.34418,
       31.00406
      ],
      [
       -135.34429,
       31.00405
      ],
      [
       -135.49897,
       30.99618
      ]
     ]
    ]
   },
   "properties": {
    "event_id": "S1:37.3",
    "source_id": "S1_GPGP2018",
    "target_keys": [
     "plastic-trawl"
    ],
    "sample_ids": [
     "MPL-0648"
    ],
    "date": "2015-08-06",
    "time": "2015-08-06T10:20:30Z",
    "footprint_kind": "strip",
    "footprint_label": "полоса по концам трансекты",
    "footprint_radius_m": 50.0,
    "footprint_area_km2": 1.4847,
    "geometry_approximate": false,
    "candidates": 0,
    "candidate_passes": 0,
    "accepted": 0,
    "accepted_passes": 0,
    "best_scene_id": null,
    "best_platform": null,
    "best_sync": null,
    "best_shift_hours": null,
    "best_shift_days": null,
    "best_time_uncertainty_hours": null,
    "best_coverage_fraction": null,
    "decision": "rejected",
    "reason_code": "not_acquired",
    "reason": "район не снимается: сцен нет и в широком окне, вероятно открытый океан",
    "detail": ""
   }
  },
  {
   "type": "Feature",
   "id": "S1:37.4",
   "geometry": {
    "type": "Polygon",
    "coordinates": [
     [
      [
       -135.50898,
       30.99538
      ],
      [
       -135.50909,
       30.99539
      ],
      [
       -135.50918,
       30.99541
      ],
      [
       -135.50928,
       30.99545
      ],
      [
       -135.50936,
       30.9955
      ],
      [
       -135.50943,
       30.99557
      ],
      [
       -135.50948,
       30.99564
      ],
      [
       -135.50951,
       30.99573
      ],
      [
       -135.50952,
       30.99581
      ],
      [
       -135.50952,
       30.9959
      ],
      [
       -135.50949,
       30.99599
      ],
      [
       -135.50945,
       30.99607
      ],
      [
       -135.50938,
       30.99614
      ],
      [
       -135.50931,
       30.9962
      ],
      [
       -135.50922,
       30.99624
      ],
      [
       -135.50912,
       30.99627
      ],
      [
       -135.50902,
       30.99628
      ],
      [
       -135.33198,
       31.00135
      ],
      [
       -135.33188,
       31.00134
      ],
      [
       -135.33178,
       31.00132
      ],
      [
       -135.33169,
       31.00128
      ],
      [
       -135.33161,
       31.00123
      ],
      [
       -135.33154,
       31.00116
      ],
      [
       -135.33149,
       31.00109
      ],
      [
       -135.33146,
       31.001
      ],
      [
       -135.33144,
       31.00092
      ],
      [
       -135.33145,
       31.00083
      ],
      [
       -135.33148,
       31.00074
      ],
      [
       -135.33152,
       31.00066
      ],
      [
       -135.33158,
       31.00059
      ],
      [
       -135.33166,
       31.00053
      ],
      [
       -135.33175,
       31.00049
      ],
      [
       -135.33185,
       31.00046
      ],
      [
       -135.33195,
       31.00045
      ],
      [
       -135.50898,
       30.99538
      ]
     ]
    ]
   },
   "properties": {
    "event_id": "S1:37.4",
    "source_id": "S1_GPGP2018",
    "target_keys": [],
    "sample_ids": [
     "MPL-0649"
    ],
    "date": "2015-08-06",
    "time": "2015-08-06T10:19:30Z",
    "footprint_kind": "strip",
    "footprint_label": "полоса по концам трансекты",
    "footprint_radius_m": 50.0,
    "footprint_area_km2": 1.6961,
    "geometry_approximate": false,
    "candidates": 0,
    "candidate_passes": 0,
    "accepted": 0,
    "accepted_passes": 0,
    "best_scene_id": null,
    "best_platform": null,
    "best_sync": null,
    "best_shift_hours": null,
    "best_shift_days": null,
    "best_time_uncertainty_hours": null,
    "best_coverage_fraction": null,
    "decision": "not_used",
    "reason_code": "no_target",
    "reason": "у события нет записей целевых величин",
    "detail": ""
   }
  },
  {
   "type": "Feature",
   "id": "S1:38.3",
   "geometry": {
    "type": "Polygon",
    "coordinates": [
     [
      [
       -136.02596,
       30.98622
      ],
      [
       -136.02606,
       30.98622
      ],
      [
       -136.02616,
       30.98624
      ],
      [
       -136.02626,
       30.98628
      ],
      [
       -136.02634,
       30.98633
      ],
      [
       -136.02641,
       30.98639
      ],
      [
       -136.02647,
       30.98647
      ],
      [
       -136.0265,
       30.98655
      ],
      [
       -136.02652,
       30.98663
      ],
      [
       -136.02652,
       30.98672
      ],
      [
       -136.0265,
       30.98681
      ],
      [
       -136.02646,
       30.98689
      ],
      [
       -136.0264,
       30.98696
      ],
      [
       -136.02633,
       30.98702
      ],
      [
       -136.02624,
       30.98707
      ],
      [
       -136.02614,
       30.9871
      ],
      [
       -136.02604,
       30.98712
      ],
      [
       -135.87798,
       30.99735
      ],
      [
       -135.87787,
       30.99735
      ],
      [
       -135.87777,
       30.99733
      ],
      [
       -135.87768,
       30.99729
      ],
      [
       -135.87759,
       30.99724
      ],
      [
       -135.87752,
       30.99718
      ],
      [
       -135.87747,
       30.9971
      ],
      [
       -135.87743,
       30.99702
      ],
      [
       -135.87741,
       30.99694
      ],
      [
       -135.87741,
       30.99685
      ],
      [
       -135.87743,
       30.99676
      ],
      [
       -135.87747,
       30.99668
      ],
      [
       -135.87753,
       30.99661
      ],
      [
       -135.87761,
       30.99655
      ],
      [
       -135.87769,
       30.9965
      ],
      [
       -135.87779,
       30.99647
      ],
      [
       -135.87789,
       30.99645
      ],
      [
       -136.02596,
       30.98622
      ]
     ]
    ]
   },
   "properties": {
    "event_id": "S1:38.3",
    "source_id": "S1_GPGP2018",
    "target_keys": [
     "plastic-trawl"
    ],
    "sample_ids": [
     "MPL-0642"
    ],
    "date": "2015-08-06",
    "time": "2015-08-06T16:16:00Z",
    "footprint_kind": "strip",
    "footprint_label": "полоса по концам трансекты",
    "footprint_radius_m": 50.0,
    "footprint_area_km2": 1.4238,
    "geometry_approximate": false,
    "candidates": 0,
    "candidate_passes": 0,
    "accepted": 0,
    "accepted_passes": 0,
    "best_scene_id": null,
    "best_platform": null,
    "best_sync": null,
    "best_shift_hours": null,
    "best_shift_days": null,
    "best_time_uncertainty_hours": null,
    "best_coverage_fraction": null,
    "decision": "rejected",
    "reason_code": "not_acquired",
    "reason": "район не снимается: сцен нет и в широком окне, вероятно открытый океан",
    "detail": ""
   }
  },
  {
   "type": "Feature",
   "id": "S1:38.4",
   "geometry": {
    "type": "Polygon",
    "coordinates": [
     [
      [
       -136.03691,
       30.98099
      ],
      [
       -136.03702,
       30.98098
      ],
      [
       -136.03712,
       30.98099
      ],
      [
       -136.03722,
       30.98102
      ],
      [
       -136.03731,
       30.98106
      ],
      [
       -136.03738,
       30.98112
      ],
      [
       -136.03745,
       30.98119
      ],
      [
       -136.03749,
       30.98127
      ],
      [
       -136.03752,
       30.98136
      ],
      [
       -136.03752,
       30.98144
      ],
      [
       -136.03751,
       30.98153
      ],
      [
       -136.03748,
       30.98162
      ],
      [
       -136.03743,
       30.98169
      ],
      [
       -136.03736,
       30.98176
      ],
      [
       -136.03728,
       30.98181
      ],
      [
       -136.03718,
       30.98185
      ],
      [
       -136.03709,
       30.98187
      ],
      [
       -135.86659,
       31.00604
      ],
      [
       -135.86648,
       31.00605
      ],
      [
       -135.86638,
       31.00604
      ],
      [
       -135.86628,
       31.00601
      ],
      [
       -135.86619,
       31.00597
      ],
      [
       -135.86612,
       31.00591
      ],
      [
       -135.86605,
       31.00584
      ],
      [
       -135.86601,
       31.00576
      ],
      [
       -135.86598,
       31.00567
      ],
      [
       -135.86598,
       31.00559
      ],
      [
       -135.86599,
       31.0055
      ],
      [
       -135.86602,
       31.00541
      ],
      [
       -135.86607,
       31.00534
      ],
      [
       -135.86614,
       31.00527
      ],
      [
       -135.86622,
       31.00522
      ],
      [
       -135.86632,
       31.00518
      ],
      [
       -135.86641,
       31.00516
      ],
      [
       -136.03691,
       30.98099
      ]
     ]
    ]
   },
   "properties": {
    "event_id": "S1:38.4",
    "source_id": "S1_GPGP2018",
    "target_keys": [],
    "sample_ids": [
     "MPL-0652",
     "MPL-0653"
    ],
    "date": "2015-08-06",
    "time": "2015-08-06T16:16:00Z",
    "footprint_kind": "strip",
    "footprint_label": "полоса по концам трансекты",
    "footprint_radius_m": 50.0,
    "footprint_area_km2": 1.6551,
    "geometry_approximate": false,
    "candidates": 0,
    "candidate_passes": 0,
    "accepted": 0,
    "accepted_passes": 0,
    "best_scene_id": null,
    "best_platform": null,
    "best_sync": null,
    "best_shift_hours": null,
    "best_shift_days": null,
    "best_time_uncertainty_hours": null,
    "best_coverage_fraction": null,
    "decision": "not_used",
    "reason_code": "no_target",
    "reason": "у события нет записей целевых величин",
    "detail": ""
   }
  },
  {
   "type": "Feature",
   "id": "S1:39.3",
   "geometry": {
    "type": "Polygon",
    "coordinates": [
     [
      [
       -136.39595,
       30.97373
      ],
      [
       -136.39606,
       30.97373
      ],
      [
       -136.39616,
       30.97375
      ],
      [
       -136.39625,
       30.97379
      ],
      [
       -136.39634,
       30.97383
      ],
      [
       -136.39641,
       30.9739
      ],
      [
       -136.39646,
       30.97397
      ],
      [
       -136.3965,
       30.97405
      ],
      [
       -136.39652,
       30.97414
      ],
      [
       -136.39652,
       30.97423
      ],
      [
       -136.3965,
       30.97431
      ],
      [
       -136.39646,
       30.97439
      ],
      [
       -136.3964,
       30.97447
      ],
      [
       -136.39633,
       30.97453
      ],
      [
       -136.39624,
       30.97458
      ],
      [
       -136.39615,
       30.97461
      ],
      [
       -136.39605,
       30.97463
      ],
      [
       -136.25613,
       30.98555
      ],
      [
       -136.25603,
       30.98555
      ],
      [
       -136.25593,
       30.98553
      ],
      [
       -136.25583,
       30.98549
      ],
      [
       -136.25575,
       30.98545
      ],
      [
       -136.25568,
       30.98538
      ],
      [
       -136.25562,
       30.98531
      ],
      [
       -136.25558,
       30.98523
      ],
      [
       -136.25556,
       30.98514
      ],
      [
       -136.25556,
       30.98505
      ],
      [
       -136.25558,
       30.98497
      ],
      [
       -136.25562,
       30.98489
      ],
      [
       -136.25568,
       30.98481
      ],
      [
       -136.25575,
       30.98475
      ],
      [
       -136.25584,
       30.9847
      ],
      [
       -136.25593,
       30.98467
      ],
      [
       -136.25604,
       30.98465
      ],
      [
       -136.39595,
       30.97373
      ]
     ]
    ]
   },
   "properties": {
    "event_id": "S1:39.3",
    "source_id": "S1_GPGP2018",
    "target_keys": [
     "plastic-trawl"
    ],
    "sample_ids": [
     "MPL-0640"
    ],
    "date": "2015-08-06",
    "time": "2015-08-06T22:19:30Z",
    "footprint_kind": "strip",
    "footprint_label": "полоса по концам трансекты",
    "footprint_radius_m": 50.0,
    "footprint_area_km2": 1.3472,
    "geometry_approximate": false,
    "candidates": 0,
    "candidate_passes": 0,
    "accepted": 0,
    "accepted_passes": 0,
    "best_scene_id": null,
    "best_platform": null,
    "best_sync": null,
    "best_shift_hours": null,
    "best_shift_days": null,
    "best_time_uncertainty_hours": null,
    "best_coverage_fraction": null,
    "decision": "rejected",
    "reason_code": "not_acquired",
    "reason": "район не снимается: сцен нет и в широком окне, вероятно открытый океан",
    "detail": ""
   }
  },
  {
   "type": "Feature",
   "id": "S1:39.4",
   "geometry": {
    "type": "Polygon",
    "coordinates": [
     [
      [
       -136.40889,
       30.96226
      ],
      [
       -136.40899,
       30.96225
      ],
      [
       -136.40909,
       30.96226
      ],
      [
       -136.40919,
       30.96228
      ],
      [
       -136.40928,
       30.96232
      ],
      [
       -136.40936,
       30.96238
      ],
      [
       -136.40943,
       30.96244
      ],
      [
       -136.40948,
       30.96252
      ],
      [
       -136.40951,
       30.9626
      ],
      [
       -136.40952,
       30.96269
      ],
      [
       -136.40952,
       30.96278
      ],
      [
       -136.40949,
       30.96286
      ],
      [
       -136.40944,
       30.96294
      ],
      [
       -136.40938,
       30.96301
      ],
      [
       -136.4093,
       30.96307
      ],
      [
       -136.40921,
       30.96311
      ],
      [
       -136.40911,
       30.96314
      ],
      [
       -136.24995,
       30.99324
      ],
      [
       -136.24984,
       30.99325
      ],
      [
       -136.24974,
       30.99324
      ],
      [
       -136.24964,
       30.99322
      ],
      [
       -136.24955,
       30.99318
      ],
      [
       -136.24947,
       30.99312
      ],
      [
       -136.2494,
       30.99306
      ],
      [
       -136.24935,
       30.99298
      ],
      [
       -136.24932,
       30.9929
      ],
      [
       -136.24931,
       30.99281
      ],
      [
       -136.24932,
       30.99272
      ],
      [
       -136.24934,
       30.99264
      ],
      [
       -136.24939,
       30.99256
      ],
      [
       -136.24945,
       30.99249
      ],
      [
       -136.24953,
       30.99243
      ],
      [
       -136.24962,
       30.99239
      ],
      [
       -136.24972,
       30.99236
      ],
      [
       -136.40889,
       30.96226
      ]
     ]
    ]
   },
   "properties": {
    "event_id": "S1:39.4",
    "source_id": "S1_GPGP2018",
    "target_keys": [],
    "sample_ids": [
     "MPL-0643"
    ],
    "date": "2015-08-06",
    "time": "2015-08-06T22:25:30Z",
    "footprint_kind": "strip",
    "footprint_label": "полоса по концам трансекты",
    "footprint_radius_m": 50.0,
    "footprint_area_km2": 1.5617,
    "geometry_approximate": false,
    "candidates": 0,
    "candidate_passes": 0,
    "accepted": 0,
    "accepted_passes": 0,
    "best_scene_id": null,
    "best_platform": null,
    "best_sync": null,
    "best_shift_hours": null,
    "best_shift_days": null,
    "best_time_uncertainty_hours": null,
    "best_coverage_fraction": null,
    "decision": "not_used",
    "reason_code": "no_target",
    "reason": "у события нет записей целевых величин",
    "detail": ""
   }
  },
  {
   "type": "Feature",
   "id": "S1:4.3",
   "geometry": {
    "type": "Polygon",
    "coordinates": [
     [
      [
       -135.77894,
       28.9794
      ],
      [
       -135.77904,
       28.9794
      ],
      [
       -135.77914,
       28.97942
      ],
      [
       -135.77923,
       28.97945
      ],
      [
       -135.77932,
       28.9795
      ],
      [
       -135.77939,
       28.97956
      ],
      [
       -135.77945,
       28.97963
      ],
      [
       -135.77949,
       28.97971
      ],
      [
       -135.77951,
       28.9798
      ],
      [
       -135.77951,
       28.97989
      ],
      [
       -135.77949,
       28.97997
      ],
      [
       -135.77946,
       28.98005
      ],
      [
       -135.7794,
       28.98013
      ],
      [
       -135.77933,
       28.98019
      ],
      [
       -135.77925,
       28.98024
      ],
      [
       -135.77916,
       28.98028
      ],
      [
       -135.77906,
       28.9803
      ],
      [
       -135.61954,
       28.99685
      ],
      [
       -135.61944,
       28.99685
      ],
      [
       -135.61934,
       28.99683
      ],
      [
       -135.61925,
       28.9968
      ],
      [
       -135.61916,
       28.99675
      ],
      [
       -135.61909,
       28.99669
      ],
      [
       -135.61903,
       28.99662
      ],
      [
       -135.61899,
       28.99654
      ],
      [
       -135.61897,
       28.99645
      ],
      [
       -135.61897,
       28.99636
      ],
      [
       -135.61899,
       28.99628
      ],
      [
       -135.61902,
       28.9962
      ],
      [
       -135.61908,
       28.99612
      ],
      [
       -135.61915,
       28.99606
      ],
      [
       -135.61923,
       28.99601
      ],
      [
       -135.61932,
       28.99597
      ],
      [
       -135.61942,
       28.99595
      ],
      [
       -135.77894,
       28.9794
      ]
     ]
    ]
   },
   "properties": {
    "event_id": "S1:4.3",
    "source_id": "S1_GPGP2018",
    "target_keys": [
     "plastic-trawl"
    ],
    "sample_ids": [
     "MPL-0535"
    ],
    "date": "2015-07-28",
    "time": "2015-07-28T10:39:00Z",
    "footprint_kind": "strip",
    "footprint_label": "полоса по концам трансекты",
    "footprint_radius_m": 50.0,
    "footprint_area_km2": 1.5702,
    "geometry_approximate": false,
    "candidates": 0,
    "candidate_passes": 0,
    "accepted": 0,
    "accepted_passes": 0,
    "best_scene_id": null,
    "best_platform": null,
    "best_sync": null,
    "best_shift_hours": null,
    "best_shift_days": null,
    "best_time_uncertainty_hours": null,
    "best_coverage_fraction": null,
    "decision": "rejected",
    "reason_code": "not_acquired",
    "reason": "район не снимается: сцен нет и в широком окне, вероятно открытый океан",
    "detail": ""
   }
  },
  {
   "type": "Feature",
   "id": "S1:4.4",
   "geometry": {
    "type": "Polygon",
    "coordinates": [
     [
      [
       -135.79493,
       28.97502
      ],
      [
       -135.79503,
       28.97502
      ],
      [
       -135.79513,
       28.97503
      ],
      [
       -135.79522,
       28.97506
      ],
      [
       -135.79531,
       28.97511
      ],
      [
       -135.79538,
       28.97517
      ],
      [
       -135.79544,
       28.97524
      ],
      [
       -135.79549,
       28.97532
      ],
      [
       -135.79551,
       28.97541
      ],
      [
       -135.79551,
       28.9755
      ],
      [
       -135.7955,
       28.97558
      ],
      [
       -135.79546,
       28.97566
      ],
      [
       -135.79541,
       28.97574
      ],
      [
       -135.79534,
       28.97581
      ],
      [
       -135.79526,
       28.97586
      ],
      [
       -135.79517,
       28.97589
      ],
      [
       -135.79507,
       28.97592
      ],
      [
       -135.60672,
       28.99925
      ],
      [
       -135.60662,
       28.99925
      ],
      [
       -135.60652,
       28.99924
      ],
      [
       -135.60643,
       28.99921
      ],
      [
       -135.60634,
       28.99916
      ],
      [
       -135.60627,
       28.9991
      ],
      [
       -135.60621,
       28.99903
      ],
      [
       -135.60616,
       28.99895
      ],
      [
       -135.60614,
       28.99886
      ],
      [
       -135.60614,
       28.99877
      ],
      [
       -135.60615,
       28.99869
      ],
      [
       -135.60619,
       28.99861
      ],
      [
       -135.60624,
       28.99853
      ],
      [
       -135.60631,
       28.99846
      ],
      [
       -135.60639,
       28.99841
      ],
      [
       -135.60648,
       28.99838
      ],
      [
       -135.60658,
       28.99835
      ],
      [
       -135.79493,
       28.97502
      ]
     ]
    ]
   },
   "properties": {
    "event_id": "S1:4.4",
    "source_id": "S1_GPGP2018",
    "target_keys": [],
    "sample_ids": [
     "MPL-0539"
    ],
    "date": "2015-07-28",
    "time": "2015-07-28T10:42:30Z",
    "footprint_kind": "strip",
    "footprint_label": "полоса по концам трансекты",
    "footprint_radius_m": 50.0,
    "footprint_area_km2": 1.8581,
    "geometry_approximate": false,
    "candidates": 0,
    "candidate_passes": 0,
    "accepted": 0,
    "accepted_passes": 0,
    "best_scene_id": null,
    "best_platform": null,
    "best_sync": null,
    "best_shift_hours": null,
    "best_shift_days": null,
    "best_time_uncertainty_hours": null,
    "best_coverage_fraction": null,
    "decision": "not_used",
    "reason_code": "no_target",
    "reason": "у события нет записей целевых величин",
    "detail": ""
   }
  },
  {
   "type": "Feature",
   "id": "S1:41.3",
   "geometry": {
    "type": "Polygon",
    "coordinates": [
     [
      [
       -137.43599,
       30.9646
      ],
      [
       -137.43609,
       30.96461
      ],
      [
       -137.43619,
       30.96463
      ],
      [
       -137.43628,
       30.96467
      ],
      [
       -137.43636,
       30.96472
      ],
      [
       -137.43643,
       30.96479
      ],
      [
       -137.43648,
       30.96487
      ],
      [
       -137.43651,
       30.96495
      ],
      [
       -137.43652,
       30.96504
      ],
      [
       -137.43652,
       30.96513
      ],
      [
       -137.43649,
       30.96521
      ],
      [
       -137.43644,
       30.96529
      ],
      [
       -137.43638,
       30.96536
      ],
      [
       -137.4363,
       30.96542
      ],
      [
       -137.43621,
       30.96546
      ],
      [
       -137.43611,
       30.96549
      ],
      [
       -137.43601,
       30.9655
      ],
      [
       -137.35538,
       30.96705
      ],
      [
       -137.35528,
       30.96704
      ],
      [
       -137.35518,
       30.96702
      ],
      [
       -137.35509,
       30.96698
      ],
      [
       -137.355,
       30.96693
      ],
      [
       -137.35494,
       30.96686
      ],
      [
       -137.35489,
       30.96678
      ],
      [
       -137.35486,
       30.9667
      ],
      [
       -137.35484,
       30.96661
      ],
      [
       -137.35485,
       30.96652
      ],
      [
       -137.35488,
       30.96644
      ],
      [
       -137.35492,
       30.96636
      ],
      [
       -137.35499,
       30.96629
      ],
      [
       -137.35507,
       30.96623
      ],
      [
       -137.35516,
       30.96619
      ],
      [
       -137.35525,
       30.96616
      ],
      [
       -137.35536,
       30.96615
      ],
      [
       -137.43599,
       30.9646
      ]
     ]
    ]
   },
   "properties": {
    "event_id": "S1:41.3",
    "source_id": "S1_GPGP2018",
    "target_keys": [
     "plastic-trawl"
    ],
    "sample_ids": [
     "MPL-0654"
    ],
    "date": "2015-08-07",
    "time": "2015-08-07T10:51:00Z",
    "footprint_kind": "strip",
    "footprint_label": "полоса по концам трансекты",
    "footprint_radius_m": 50.0,
    "footprint_area_km2": 0.7768,
    "geometry_approximate": false,
    "candidates": 0,
    "candidate_passes": 0,
    "accepted": 0,
    "accepted_passes": 0,
    "best_scene_id": null,
    "best_platform": null,
    "best_sync": null,
    "best_shift_hours": null,
    "best_shift_days": null,
    "best_time_uncertainty_hours": null,
    "best_coverage_fraction": null,
    "decision": "rejected",
    "reason_code": "not_acquired",
    "reason": "район не снимается: сцен нет и в широком окне, вероятно открытый океан",
    "detail": ""
   }
  },
  {
   "type": "Feature",
   "id": "S1:41.4",
   "geometry": {
    "type": "Polygon",
    "coordinates": [
     [
      [
       -137.44586,
       30.9584
      ],
      [
       -137.44596,
       30.95838
      ],
      [
       -137.44606,
       30.95838
      ],
      [
       -137.44616,
       30.9584
      ],
      [
       -137.44626,
       30.95844
      ],
      [
       -137.44634,
       30.95849
      ],
      [
       -137.44641,
       30.95855
      ],
      [
       -137.44647,
       30.95863
      ],
      [
       -137.4465,
       30.95871
      ],
      [
       -137.44652,
       30.95879
      ],
      [
       -137.44652,
       30.95888
      ],
      [
       -137.4465,
       30.95897
      ],
      [
       -137.44646,
       30.95905
      ],
      [
       -137.4464,
       30.95912
      ],
      [
       -137.44633,
       30.95918
      ],
      [
       -137.44624,
       30.95923
      ],
      [
       -137.44614,
       30.95926
      ],
      [
       -137.31898,
       30.99023
      ],
      [
       -137.31888,
       30.99025
      ],
      [
       -137.31877,
       30.99025
      ],
      [
       -137.31867,
       30.99023
      ],
      [
       -137.31858,
       30.99019
      ],
      [
       -137.31849,
       30.99014
      ],
      [
       -137.31842,
       30.99008
      ],
      [
       -137.31837,
       30.99
      ],
      [
       -137.31833,
       30.98992
      ],
      [
       -137.31831,
       30.98984
      ],
      [
       -137.31831,
       30.98975
      ],
      [
       -137.31833,
       30.98966
      ],
      [
       -137.31837,
       30.98958
      ],
      [
       -137.31843,
       30.98951
      ],
      [
       -137.31851,
       30.98945
      ],
      [
       -137.31859,
       30.9894
      ],
      [
       -137.31869,
       30.98937
      ],
      [
       -137.44586,
       30.9584
      ]
     ]
    ]
   },
   "properties": {
    "event_id": "S1:41.4",
    "source_id": "S1_GPGP2018",
    "target_keys": [],
    "sample_ids": [
     "MPL-0657"
    ],
    "date": "2015-08-07",
    "time": "2015-08-07T10:20:00Z",
    "footprint_kind": "strip",
    "footprint_label": "полоса по концам трансекты",
    "footprint_radius_m": 50.0,
    "footprint_area_km2": 1.2682,
    "geometry_approximate": false,
    "candidates": 0,
    "candidate_passes": 0,
    "accepted": 0,
    "accepted_passes": 0,
    "best_scene_id": null,
    "best_platform": null,
    "best_sync": null,
    "best_shift_hours": null,
    "best_shift_days": null,
    "best_time_uncertainty_hours": null,
    "best_coverage_fraction": null,
    "decision": "not_used",
    "reason_code": "no_target",
    "reason": "у события нет записей целевых величин",
    "detail": ""
   }
  },
  {
   "type": "Feature",
   "id": "S1:42.3",
   "geometry": {
    "type": "Polygon",
    "coordinates": [
     [
      [
       -137.98593,
       30.97982
      ],
      [
       -137.98603,
       30.97982
      ],
      [
       -137.98613,
       30.97983
      ],
      [
       -137.98623,
       30.97987
      ],
      [
       -137.98632,
       30.97991
      ],
      [
       -137.98639,
       30.97997
      ],
      [
       -137.98645,
       30.98004
      ],
      [
       -137.9865,
       30.98012
      ],
      [
       -137.98652,
       30.98021
      ],
      [
       -137.98652,
       30.9803
      ],
      [
       -137.98651,
       30.98038
      ],
      [
       -137.98647,
       30.98047
      ],
      [
       -137.98642,
       30.98054
      ],
      [
       -137.98635,
       30.98061
      ],
      [
       -137.98627,
       30.98066
      ],
      [
       -137.98617,
       30.98069
      ],
      [
       -137.98607,
       30.98072
      ],
      [
       -137.84312,
       30.99785
      ],
      [
       -137.84302,
       30.99785
      ],
      [
       -137.84292,
       30.99784
      ],
      [
       -137.84282,
       30.9978
      ],
      [
       -137.84273,
       30.99776
      ],
      [
       -137.84266,
       30.9977
      ],
      [
       -137.8426,
       30.99763
      ],
      [
       -137.84255,
       30.99755
      ],
      [
       -137.84253,
       30.99746
      ],
      [
       -137.84253,
       30.99737
      ],
      [
       -137.84254,
       30.99729
      ],
      [
       -137.84258,
       30.9972
      ],
      [
       -137.84263,
       30.99713
      ],
      [
       -137.8427,
       30.99706
      ],
      [
       -137.84278,
       30.99701
      ],
      [
       -137.84288,
       30.99698
      ],
      [
       -137.84298,
       30.99695
      ],
      [
       -137.98593,
       30.97982
      ]
     ]
    ]
   },
   "properties": {
    "event_id": "S1:42.3",
    "source_id": "S1_GPGP2018",
    "target_keys": [
     "plastic-trawl"
    ],
    "sample_ids": [
     "MPL-0656"
    ],
    "date": "2015-08-07",
    "time": "2015-08-07T16:32:00Z",
    "footprint_kind": "strip",
    "footprint_label": "полоса по концам трансекты",
    "footprint_radius_m": 50.0,
    "footprint_area_km2": 1.3837,
    "geometry_approximate": false,
    "candidates": 0,
    "candidate_passes": 0,
    "accepted": 0,
    "accepted_passes": 0,
    "best_scene_id": null,
    "best_platform": null,
    "best_sync": null,
    "best_shift_hours": null,
    "best_shift_days": null,
    "best_time_uncertainty_hours": null,
    "best_coverage_fraction": null,
    "decision": "rejected",
    "reason_code": "not_acquired",
    "reason": "район не снимается: сцен нет и в широком окне, вероятно открытый океан",
    "detail": ""
   }
  },
  {
   "type": "Feature",
   "id": "S1:42.4",
   "geometry": {
    "type": "Polygon",
    "coordinates": [
     [
      [
       -137.9949,
       30.97534
      ],
      [
       -137.995,
       30.97533
      ],
      [
       -137.9951,
       30.97534
      ],
      [
       -137.9952,
       30.97536
      ],
      [
       -137.99529,
       30.97541
      ],
      [
       -137.99537,
       30.97546
      ],
      [
       -137.99544,
       30.97553
      ],
      [
       -137.99548,
       30.97561
      ],
      [
       -137.99551,
       30.97569
      ],
      [
       -137.99552,
       30.97578
      ],
      [
       -137.99551,
       30.97587
      ],
      [
       -137.99549,
       30.97595
      ],
      [
       -137.99544,
       30.97603
      ],
      [
       -137.99537,
       30.9761
      ],
      [
       -137.99529,
       30.97615
      ],
      [
       -137.9952,
       30.97619
      ],
      [
       -137.9951,
       30.97622
      ],
      [
       -137.8322,
       31.00454
      ],
      [
       -137.8321,
       31.00455
      ],
      [
       -137.832,
       31.00454
      ],
      [
       -137.8319,
       31.00452
      ],
      [
       -137.83181,
       31.00447
      ],
      [
       -137.83173,
       31.00442
      ],
      [
       -137.83166,
       31.00435
      ],
      [
       -137.83162,
       31.00427
      ],
      [
       -137.83159,
       31.00419
      ],
      [
       -137.83158,
       31.0041
      ],
      [
       -137.83159,
       31.00401
      ],
      [
       -137.83161,
       31.00393
      ],
      [
       -137.83166,
       31.00385
      ],
      [
       -137.83173,
       31.00378
      ],
      [
       -137.83181,
       31.00373
      ],
      [
       -137.8319,
       31.00369
      ],
      [
       -137.832,
       31.00366
      ],
      [
       -137.9949,
       30.97534
      ]
     ]
    ]
   },
   "properties": {
    "event_id": "S1:42.4",
    "source_id": "S1_GPGP2018",
    "target_keys": [
     "plastic-trawl"
    ],
    "sample_ids": [
     "MPL-0658"
    ],
    "date": "2015-08-07",
    "time": "2015-08-07T16:33:30Z",
    "footprint_kind": "strip",
    "footprint_label": "полоса по концам трансекты",
    "footprint_radius_m": 50.0,
    "footprint_area_km2": 1.5922,
    "geometry_approximate": false,
    "candidates": 0,
    "candidate_passes": 0,
    "accepted": 0,
    "accepted_passes": 0,
    "best_scene_id": null,
    "best_platform": null,
    "best_sync": null,
    "best_shift_hours": null,
    "best_shift_days": null,
    "best_time_uncertainty_hours": null,
    "best_coverage_fraction": null,
    "decision": "rejected",
    "reason_code": "not_acquired",
    "reason": "район не снимается: сцен нет и в широком окне, вероятно открытый океан",
    "detail": ""
   }
  },
  {
   "type": "Feature",
   "id": "S1:43.3",
   "geometry": {
    "type": "Polygon",
    "coordinates": [
     [
      [
       -138.57096,
       30.99472
      ],
      [
       -138.57106,
       30.99472
      ],
      [
       -138.57116,
       30.99474
      ],
      [
       -138.57126,
       30.99478
      ],
      [
       -138.57134,
       30.99483
      ],
      [
       -138.57141,
       30.99489
      ],
      [
       -138.57147,
       30.99497
      ],
      [
       -138.5715,
       30.99505
      ],
      [
       -138.57152,
       30.99513
      ],
      [
       -138.57152,
       30.99522
      ],
      [
       -138.5715,
       30.99531
      ],
      [
       -138.57146,
       30.99539
      ],
      [
       -138.5714,
       30.99546
      ],
      [
       -138.57133,
       30.99552
      ],
      [
       -138.57124,
       30.99557
      ],
      [
       -138.57114,
       30.9956
      ],
      [
       -138.57104,
       30.99562
      ],
      [
       -138.40993,
       31.00675
      ],
      [
       -138.40982,
       31.00675
      ],
      [
       -138.40972,
       31.00673
      ],
      [
       -138.40963,
       31.00669
      ],
      [
       -138.40954,
       31.00664
      ],
      [
       -138.40947,
       31.00658
      ],
      [
       -138.40942,
       31.0065
      ],
      [
       -138.40938,
       31.00642
      ],
      [
       -138.40936,
       31.00634
      ],
      [
       -138.40936,
       31.00625
      ],
      [
       -138.40938,
       31.00616
      ],
      [
       -138.40942,
       31.00608
      ],
      [
       -138.40948,
       31.00601
      ],
      [
       -138.40956,
       31.00595
      ],
      [
       -138.40964,
       31.0059
      ],
      [
       -138.40974,
       31.00587
      ],
      [
       -138.40984,
       31.00585
      ],
      [
       -138.57096,
       30.99472
      ]
     ]
    ]
   },
   "properties": {
    "event_id": "S1:43.3",
    "source_id": "S1_GPGP2018",
    "target_keys": [],
    "sample_ids": [
     "MPL-0662"
    ],
    "date": "2015-08-07",
    "time": "2015-08-07T22:19:00Z",
    "footprint_kind": "strip",
    "footprint_label": "полоса по концам трансекты",
    "footprint_radius_m": 50.0,
    "footprint_area_km2": 1.5484,
    "geometry_approximate": false,
    "candidates": 0,
    "candidate_passes": 0,
    "accepted": 0,
    "accepted_passes": 0,
    "best_scene_id": null,
    "best_platform": null,
    "best_sync": null,
    "best_shift_hours": null,
    "best_shift_days": null,
    "best_time_uncertainty_hours": null,
    "best_coverage_fraction": null,
    "decision": "not_used",
    "reason_code": "no_target",
    "reason": "у события нет записей целевых величин",
    "detail": ""
   }
  },
  {
   "type": "Feature",
   "id": "S1:43.4",
   "geometry": {
    "type": "Polygon",
    "coordinates": [
     [
      [
       -138.58393,
       30.9907
      ],
      [
       -138.58403,
       30.9907
      ],
      [
       -138.58413,
       30.99072
      ],
      [
       -138.58423,
       30.99075
      ],
      [
       -138.58432,
       30.99079
      ],
      [
       -138.58439,
       30.99085
      ],
      [
       -138.58445,
       30.99092
      ],
      [
       -138.5845,
       30.991
      ],
      [
       -138.58452,
       30.99109
      ],
      [
       -138.58452,
       30.99118
      ],
      [
       -138.58451,
       30.99126
      ],
      [
       -138.58447,
       30.99135
      ],
      [
       -138.58442,
       30.99142
      ],
      [
       -138.58435,
       30.99149
      ],
      [
       -138.58426,
       30.99154
      ],
      [
       -138.58417,
       30.99158
      ],
      [
       -138.58407,
       30.9916
      ],
      [
       -138.40207,
       31.01265
      ],
      [
       -138.40197,
       31.01265
      ],
      [
       -138.40187,
       31.01263
      ],
      [
       -138.40177,
       31.0126
      ],
      [
       -138.40168,
       31.01256
      ],
      [
       -138.40161,
       31.0125
      ],
      [
       -138.40155,
       31.01243
      ],
      [
       -138.4015,
       31.01235
      ],
      [
       -138.40148,
       31.01226
      ],
      [
       -138.40148,
       31.01217
      ],
      [
       -138.40149,
       31.01209
      ],
      [
       -138.40153,
       31.012
      ],
      [
       -138.40158,
       31.01193
      ],
      [
       -138.40165,
       31.01186
      ],
      [
       -138.40174,
       31.01181
      ],
      [
       -138.40183,
       31.01177
      ],
      [
       -138.40193,
       31.01175
      ],
      [
       -138.58393,
       30.9907
      ]
     ]
    ]
   },
   "properties": {
    "event_id": "S1:43.4",
    "source_id": "S1_GPGP2018",
    "target_keys": [
     "plastic-trawl"
    ],
    "sample_ids": [
     "MPL-0660"
    ],
    "date": "2015-08-07",
    "time": "2015-08-07T22:25:00Z",
    "footprint_kind": "strip",
    "footprint_label": "полоса по концам трансекты",
    "footprint_radius_m": 50.0,
    "footprint_area_km2": 1.7582,
    "geometry_approximate": false,
    "candidates": 0,
    "candidate_passes": 0,
    "accepted": 0,
    "accepted_passes": 0,
    "best_scene_id": null,
    "best_platform": null,
    "best_sync": null,
    "best_shift_hours": null,
    "best_shift_days": null,
    "best_time_uncertainty_hours": null,
    "best_coverage_fraction": null,
    "decision": "rejected",
    "reason_code": "not_acquired",
    "reason": "район не снимается: сцен нет и в широком окне, вероятно открытый океан",
    "detail": ""
   }
  },
  {
   "type": "Feature",
   "id": "S1:44.3",
   "geometry": {
    "type": "Polygon",
    "coordinates": [
     [
      [
       -139.08996,
       30.99137
      ],
      [
       -139.09006,
       30.99137
      ],
      [
       -139.09016,
       30.99139
      ],
      [
       -139.09025,
       30.99143
      ],
      [
       -139.09034,
       30.99148
      ],
      [
       -139.09041,
       30.99154
      ],
      [
       -139.09047,
       30.99161
      ],
      [
       -139.0905,
       30.9917
      ],
      [
       -139.09052,
       30.99178
      ],
      [
       -139.09052,
       30.99187
      ],
      [
       -139.0905,
       30.99196
      ],
      [
       -139.09046,
       30.99204
      ],
      [
       -139.0904,
       30.99211
      ],
      [
       -139.09033,
       30.99217
      ],
      [
       -139.09024,
       30.99222
      ],
      [
       -139.09014,
       30.99225
      ],
      [
       -139.09004,
       30.99227
      ],
      [
       -138.96511,
       31.00125
      ],
      [
       -138.96501,
       31.00125
      ],
      [
       -138.96491,
       31.00123
      ],
      [
       -138.96481,
       31.00119
      ],
      [
       -138.96473,
       31.00114
      ],
      [
       -138.96466,
       31.00108
      ],
      [
       -138.9646,
       31.00101
      ],
      [
       -138.96456,
       31.00092
      ],
      [
       -138.96454,
       31.00084
      ],
      [
       -138.96455,
       31.00075
      ],
      [
       -138.96457,
       31.00066
      ],
      [
       -138.96461,
       31.00058
      ],
      [
       -138.96467,
       31.00051
      ],
      [
       -138.96474,
       31.00045
      ],
      [
       -138.96483,
       31.0004
      ],
      [
       -138.96492,
       31.00037
      ],
      [
       -138.96502,
       31.00035
      ],
      [
       -139.08996,
       30.99137
      ]
     ]
    ]
   },
   "properties": {
    "event_id": "S1:44.3",
    "source_id": "S1_GPGP2018",
    "target_keys": [],
    "sample_ids": [
     "MPL-0672"
    ],
    "date": "2015-08-08",
    "time": "2015-08-08T04:19:30Z",
    "footprint_kind": "strip",
    "footprint_label": "полоса по концам трансекты",
    "footprint_radius_m": 50.0,
    "footprint_area_km2": 1.2028,
    "geometry_approximate": false,
    "candidates": 0,
    "candidate_passes": 0,
    "accepted": 0,
    "accepted_passes": 0,
    "best_scene_id": null,
    "best_platform": null,
    "best_sync": null,
    "best_shift_hours": null,
    "best_shift_days": null,
    "best_time_uncertainty_hours": null,
    "best_coverage_fraction": null,
    "decision": "not_used",
    "reason_code": "no_target",
    "reason": "у события нет записей целевых величин",
    "detail": ""
   }
  },
  {
   "type": "Feature",
   "id": "S1:44.4",
   "geometry": {
    "type": "Polygon",
    "coordinates": [
     [
      [
       -139.09491,
       30.98338
      ],
      [
       -139.09501,
       30.98337
      ],
      [
       -139.09512,
       30.98338
      ],
      [
       -139.09521,
       30.98341
      ],
      [
       -139.0953,
       30.98345
      ],
      [
       -139.09538,
       30.98351
      ],
      [
       -139.09544,
       30.98358
      ],
      [
       -139.09549,
       30.98366
      ],
      [
       -139.09552,
       30.98374
      ],
      [
       -139.09552,
       30.98383
      ],
      [
       -139.09551,
       30.98392
      ],
      [
       -139.09548,
       30.984
      ],
      [
       -139.09543,
       30.98408
      ],
      [
       -139.09536,
       30.98415
      ],
      [
       -139.09528,
       30.9842
      ],
      [
       -139.09519,
       30.98424
      ],
      [
       -139.09509,
       30.98426
      ],
      [
       -138.95592,
       31.00494
      ],
      [
       -138.95582,
       31.00495
      ],
      [
       -138.95572,
       31.00494
      ],
      [
       -138.95562,
       31.00491
      ],
      [
       -138.95553,
       31.00487
      ],
      [
       -138.95545,
       31.00481
      ],
      [
       -138.95539,
       31.00474
      ],
      [
       -138.95534,
       31.00466
      ],
      [
       -138.95532,
       31.00458
      ],
      [
       -138.95531,
       31.00449
      ],
      [
       -138.95532,
       31.0044
      ],
      [
       -138.95535,
       31.00432
      ],
      [
       -138.9554,
       31.00424
      ],
      [
       -138.95547,
       31.00417
      ],
      [
       -138.95555,
       31.00412
      ],
      [
       -138.95564,
       31.00408
      ],
      [
       -138.95574,
       31.00406
      ],
      [
       -139.09491,
       30.98338
      ]
     ]
    ]
   },
   "properties": {
    "event_id": "S1:44.4",
    "source_id": "S1_GPGP2018",
    "target_keys": [
     "plastic-trawl"
    ],
    "sample_ids": [
     "MPL-0668"
    ],
    "date": "2015-08-08",
    "time": "2015-08-08T04:21:30Z",
    "footprint_kind": "strip",
    "footprint_label": "полоса по концам трансекты",
    "footprint_radius_m": 50.0,
    "footprint_area_km2": 1.3541,
    "geometry_approximate": false,
    "candidates": 0,
    "candidate_passes": 0,
    "accepted": 0,
    "accepted_passes": 0,
    "best_scene_id": null,
    "best_platform": null,
    "best_sync": null,
    "best_shift_hours": null,
    "best_shift_days": null,
    "best_time_uncertainty_hours": null,
    "best_coverage_fraction": null,
    "decision": "rejected",
    "reason_code": "not_acquired",
    "reason": "район не снимается: сцен нет и в широком окне, вероятно открытый океан",
    "detail": ""
   }
  },
  {
   "type": "Feature",
   "id": "S1:447",
   "geometry": {
    "type": "Polygon",
    "coordinates": [
     [
      [
       -141.12337,
       33.49799
      ],
      [
       -141.12462,
       33.48747
      ],
      [
       -141.1283,
       33.47734
      ],
      [
       -141.13428,
       33.46802
      ],
      [
       -141.14233,
       33.45984
      ],
      [
       -141.15213,
       33.45313
      ],
      [
       -141.16332,
       33.44814
      ],
      [
       -141.17546,
       33.44507
      ],
      [
       -141.18808,
       33.44403
      ],
      [
       -141.2007,
       33.44507
      ],
      [
       -141.21284,
       33.44814
      ],
      [
       -141.22403,
       33.45313
      ],
      [
       -141.23383,
       33.45984
      ],
      [
       -141.24188,
       33.46802
      ],
      [
       -141.24786,
       33.47734
      ],
      [
       -141.25154,
       33.48747
      ],
      [
       -141.25279,
       33.49799
      ],
      [
       -141.25154,
       33.50852
      ],
      [
       -141.24786,
       33.51864
      ],
      [
       -141.24188,
       33.52797
      ],
      [
       -141.23383,
       33.53615
      ],
      [
       -141.22403,
       33.54286
      ],
      [
       -141.21284,
       33.54785
      ],
      [
       -141.2007,
       33.55092
      ],
      [
       -141.18808,
       33.55195
      ],
      [
       -141.17546,
       33.55092
      ],
      [
       -141.16332,
       33.54785
      ],
      [
       -141.15213,
       33.54286
      ],
      [
       -141.14233,
       33.53615
      ],
      [
       -141.13428,
       33.52797
      ],
      [
       -141.1283,
       33.51864
      ],
      [
       -141.12462,
       33.50852
      ],
      [
       -141.12337,
       33.49799
      ]
     ]
    ]
   },
   "properties": {
    "event_id": "S1:447",
    "source_id": "S1_GPGP2018",
    "target_keys": [],
    "sample_ids": [
     "MPL-0839",
     "MPL-0840"
    ],
    "date": "2016-10-02",
    "time": null,
    "footprint_kind": "point",
    "footprint_label": "только центр наблюдения: протяжённость неизвестна, круг неопределённости",
    "footprint_radius_m": 6000.0,
    "footprint_area_km2": 112.372,
    "geometry_approximate": false,
    "candidates": 0,
    "candidate_passes": 0,
    "accepted": 0,
    "accepted_passes": 0,
    "best_scene_id": null,
    "best_platform": null,
    "best_sync": null,
    "best_shift_hours": null,
    "best_shift_days": null,
    "best_time_uncertainty_hours": null,
    "best_coverage_fraction": null,
    "decision": "not_used",
    "reason_code": "no_target",
    "reason": "у события нет записей целевых величин",
    "detail": ""
   }
  },
  {
   "type": "Feature",
   "id": "S1:448",
   "geometry": {
    "type": "Polygon",
    "coordinates": [
     [
      [
       -140.72185,
       33.49809
      ],
      [
       -140.72309,
       33.48756
      ],
      [
       -140.72677,
       33.47744
      ],
      [
       -140.73275,
       33.46811
      ],
      [
       -140.7408,
       33.45993
      ],
      [
       -140.7506,
       33.45322
      ],
      [
       -140.76179,
       33.44823
      ],
      [
       -140.77393,
       33.44516
      ],
      [
       -140.78655,
       33.44413
      ],
      [
       -140.79918,
       33.44516
      ],
      [
       -140.81132,
       33.44823
      ],
      [
       -140.8225,
       33.45322
      ],
      [
       -140.83231,
       33.45993
      ],
      [
       -140.84036,
       33.46811
      ],
      [
       -140.84634,
       33.47744
      ],
      [
       -140.85002,
       33.48756
      ],
      [
       -140.85126,
       33.49809
      ],
      [
       -140.85002,
       33.50861
      ],
      [
       -140.84634,
       33.51873
      ],
      [
       -140.84036,
       33.52806
      ],
      [
       -140.83231,
       33.53624
      ],
      [
       -140.8225,
       33.54295
      ],
      [
       -140.81132,
       33.54794
      ],
      [
       -140.79918,
       33.55101
      ],
      [
       -140.78655,
       33.55204
      ],
      [
       -140.77393,
       33.55101
      ],
      [
       -140.76179,
       33.54794
      ],
      [
       -140.7506,
       33.54295
      ],
      [
       -140.7408,
       33.53624
      ],
      [
       -140.73275,
       33.52806
      ],
      [
       -140.72677,
       33.51873
      ],
      [
       -140.72309,
       33.50861
      ],
      [
       -140.72185,
       33.49809
      ]
     ]
    ]
   },
   "properties": {
    "event_id": "S1:448",
    "source_id": "S1_GPGP2018",
    "target_keys": [],
    "sample_ids": [
     "MPL-0841",
     "MPL-0842",
     "MPL-0843",
     "MPL-0844"
    ],
    "date": "2016-10-02",
    "time": null,
    "footprint_kind": "point",
    "footprint_label": "только центр наблюдения: протяжённость неизвестна, круг неопределённости",
    "footprint_radius_m": 6000.0,
    "footprint_area_km2": 112.372,
    "geometry_approximate": false,
    "candidates": 0,
    "candidate_passes": 0,
    "accepted": 0,
    "accepted_passes": 0,
    "best_scene_id": null,
    "best_platform": null,
    "best_sync": null,
    "best_shift_hours": null,
    "best_shift_days": null,
    "best_time_uncertainty_hours": null,
    "best_coverage_fraction": null,
    "decision": "not_used",
    "reason_code": "no_target",
    "reason": "у события нет записей целевых величин",
    "detail": ""
   }
  },
  {
   "type": "Feature",
   "id": "S1:449",
   "geometry": {
    "type": "Polygon",
    "coordinates": [
     [
      [
       -140.31664,
       33.49796
      ],
      [
       -140.31788,
       33.48743
      ],
      [
       -140.32156,
       33.47731
      ],
      [
       -140.32754,
       33.46798
      ],
      [
       -140.33559,
       33.45981
      ],
      [
       -140.34539,
       33.45309
      ],
      [
       -140.35658,
       33.44811
      ],
      [
       -140.36872,
       33.44504
      ],
      [
       -140.38134,
       33.444
      ],
      [
       -140.39397,
       33.44504
      ],
      [
       -140.4061,
       33.44811
      ],
      [
       -140.41729,
       33.45309
      ],
      [
       -140.4271,
       33.45981
      ],
      [
       -140.43514,
       33.46798
      ],
      [
       -140.44112,
       33.47731
      ],
      [
       -140.44481,
       33.48743
      ],
      [
       -140.44605,
       33.49796
      ],
      [
       -140.44481,
       33.50849
      ],
      [
       -140.44112,
       33.51861
      ],
      [
       -140.43514,
       33.52794
      ],
      [
       -140.4271,
       33.53611
      ],
      [
       -140.41729,
       33.54283
      ],
      [
       -140.4061,
       33.54781
      ],
      [
       -140.39397,
       33.55088
      ],
      [
       -140.38134,
       33.55192
      ],
      [
       -140.36872,
       33.55088
      ],
      [
       -140.35658,
       33.54781
      ],
      [
       -140.34539,
       33.54283
      ],
      [
       -140.33559,
       33.53611
      ],
      [
       -140.32754,
       33.52794
      ],
      [
       -140.32156,
       33.51861
      ],
      [
       -140.31788,
       33.50849
      ],
      [
       -140.31664,
       33.49796
      ]
     ]
    ]
   },
   "properties": {
    "event_id": "S1:449",
    "source_id": "S1_GPGP2018",
    "target_keys": [],
    "sample_ids": [
     "MPL-0836",
     "MPL-0837",
     "MPL-0838"
    ],
    "date": "2016-10-02",
    "time": null,
    "footprint_kind": "point",
    "footprint_label": "только центр наблюдения: протяжённость неизвестна, круг неопределённости",
    "footprint_radius_m": 6000.0,
    "footprint_area_km2": 112.372,
    "geometry_approximate": false,
    "candidates": 0,
    "candidate_passes": 0,
    "accepted": 0,
    "accepted_passes": 0,
    "best_scene_id": null,
    "best_platform": null,
    "best_sync": null,
    "best_shift_hours": null,
    "best_shift_days": null,
    "best_time_uncertainty_hours": null,
    "best_coverage_fraction": null,
    "decision": "not_used",
    "reason_code": "no_target",
    "reason": "у события нет записей целевых величин",
    "detail": ""
   }
  },
  {
   "type": "Feature",
   "id": "S1:45.3",
   "geometry": {
    "type": "Polygon",
    "coordinates": [
     [
      [
       -139.62402,
       30.98928
      ],
      [
       -139.62412,
       30.98929
      ],
      [
       -139.62422,
       30.98932
      ],
      [
       -139.62431,
       30.98936
      ],
      [
       -139.62438,
       30.98942
      ],
      [
       -139.62445,
       30.98949
      ],
      [
       -139.62449,
       30.98957
      ],
      [
       -139.62452,
       30.98966
      ],
      [
       -139.62452,
       30.98974
      ],
      [
       -139.62451,
       30.98983
      ],
      [
       -139.62448,
       30.98992
      ],
      [
       -139.62443,
       30.98999
      ],
      [
       -139.62436,
       30.99006
      ],
      [
       -139.62428,
       30.99011
      ],
      [
       -139.62419,
       30.99015
      ],
      [
       -139.62409,
       30.99017
      ],
      [
       -139.62398,
       30.99018
      ],
      [
       -139.48392,
       30.98635
      ],
      [
       -139.48381,
       30.98634
      ],
      [
       -139.48372,
       30.98631
      ],
      [
       -139.48363,
       30.98627
      ],
      [
       -139.48355,
       30.98621
      ],
      [
       -139.48349,
       30.98614
      ],
      [
       -139.48344,
       30.98606
      ],
      [
       -139.48342,
       30.98597
      ],
      [
       -139.48341,
       30.98589
      ],
      [
       -139.48342,
       30.9858
      ],
      [
       -139.48346,
       30.98571
      ],
      [
       -139.48351,
       30.98564
      ],
      [
       -139.48357,
       30.98557
      ],
      [
       -139.48366,
       30.98552
      ],
      [
       -139.48375,
       30.98548
      ],
      [
       -139.48385,
       30.98546
      ],
      [
       -139.48395,
       30.98545
      ],
      [
       -139.62402,
       30.98928
      ]
     ]
    ]
   },
   "properties": {
    "event_id": "S1:45.3",
    "source_id": "S1_GPGP2018",
    "target_keys": [],
    "sample_ids": [
     "MPL-0664",
     "MPL-0665"
    ],
    "date": "2015-08-08",
    "time": "2015-08-08T10:17:30Z",
    "footprint_kind": "strip",
    "footprint_label": "полоса по концам трансекты",
    "footprint_radius_m": 50.0,
    "footprint_area_km2": 1.3437,
    "geometry_approximate": false,
    "candidates": 0,
    "candidate_passes": 0,
    "accepted": 0,
    "accepted_passes": 0,
    "best_scene_id": null,
    "best_platform": null,
    "best_sync": null,
    "best_shift_hours": null,
    "best_shift_days": null,
    "best_time_uncertainty_hours": null,
    "best_coverage_fraction": null,
    "decision": "not_used",
    "reason_code": "no_target",
    "reason": "у события нет записей целевых величин",
    "detail": ""
   }
  },
  {
   "type": "Feature",
   "id": "S1:45.4",
   "geometry": {
    "type": "Polygon",
    "coordinates": [
     [
      [
       -139.62996,
       30.98292
      ],
      [
       -139.63007,
       30.98292
      ],
      [
       -139.63017,
       30.98294
      ],
      [
       -139.63026,
       30.98298
      ],
      [
       -139.63035,
       30.98303
      ],
      [
       -139.63042,
       30.9831
      ],
      [
       -139.63047,
       30.98317
      ],
      [
       -139.63051,
       30.98325
      ],
      [
       -139.63052,
       30.98334
      ],
      [
       -139.63052,
       30.98343
      ],
      [
       -139.6305,
       30.98351
      ],
      [
       -139.63045,
       30.98359
      ],
      [
       -139.63039,
       30.98367
      ],
      [
       -139.63032,
       30.98373
      ],
      [
       -139.63023,
       30.98377
      ],
      [
       -139.63014,
       30.9838
      ],
      [
       -139.63004,
       30.98382
      ],
      [
       -139.4786,
       30.99255
      ],
      [
       -139.4785,
       30.99255
      ],
      [
       -139.4784,
       30.99253
      ],
      [
       -139.47831,
       30.99249
      ],
      [
       -139.47822,
       30.99244
      ],
      [
       -139.47815,
       30.99237
      ],
      [
       -139.4781,
       30.9923
      ],
      [
       -139.47806,
       30.99222
      ],
      [
       -139.47804,
       30.99213
      ],
      [
       -139.47805,
       30.99204
      ],
      [
       -139.47807,
       30.99196
      ],
      [
       -139.47811,
       30.99188
      ],
      [
       -139.47817,
       30.9918
      ],
      [
       -139.47825,
       30.99174
      ],
      [
       -139.47833,
       30.9917
      ],
      [
       -139.47843,
       30.99167
      ],
      [
       -139.47853,
       30.99165
      ],
      [
       -139.62996,
       30.98292
      ]
     ]
    ]
   },
   "properties": {
    "event_id": "S1:45.4",
    "source_id": "S1_GPGP2018",
    "target_keys": [
     "plastic-trawl"
    ],
    "sample_ids": [
     "MPL-0666"
    ],
    "date": "2015-08-08",
    "time": "2015-08-08T10:19:00Z",
    "footprint_kind": "strip",
    "footprint_label": "полоса по концам трансекты",
    "footprint_radius_m": 50.0,
    "footprint_area_km2": 1.4546,
    "geometry_approximate": false,
    "candidates": 0,
    "candidate_passes": 0,
    "accepted": 0,
    "accepted_passes": 0,
    "best_scene_id": null,
    "best_platform": null,
    "best_sync": null,
    "best_shift_hours": null,
    "best_shift_days": null,
    "best_time_uncertainty_hours": null,
    "best_coverage_fraction": null,
    "decision": "rejected",
    "reason_code": "not_acquired",
    "reason": "район не снимается: сцен нет и в широком окне, вероятно открытый океан",
    "detail": ""
   }
  },
  {
   "type": "Feature",
   "id": "S1:450",
   "geometry": {
    "type": "Polygon",
    "coordinates": [
     [
      [
       -139.80343,
       33.49782
      ],
      [
       -139.80467,
       33.4873
      ],
      [
       -139.80835,
       33.47717
      ],
      [
       -139.81433,
       33.46784
      ],
      [
       -139.82238,
       33.45967
      ],
      [
       -139.83219,
       33.45296
      ],
      [
       -139.84337,
       33.44797
      ],
      [
       -139.85551,
       33.4449
      ],
      [
       -139.86814,
       33.44386
      ],
      [
       -139.88076,
       33.4449
      ],
      [
       -139.8929,
       33.44797
      ],
      [
       -139.90408,
       33.45296
      ],
      [
       -139.91389,
       33.45967
      ],
      [
       -139.92194,
       33.46784
      ],
      [
       -139.92792,
       33.47717
      ],
      [
       -139.9316,
       33.4873
      ],
      [
       -139.93284,
       33.49782
      ],
      [
       -139.9316,
       33.50835
      ],
      [
       -139.92792,
       33.51847
      ],
      [
       -139.92194,
       33.5278
      ],
      [
       -139.91389,
       33.53598
      ],
      [
       -139.90408,
       33.54269
      ],
      [
       -139.8929,
       33.54767
      ],
      [
       -139.88076,
       33.55074
      ],
      [
       -139.86814,
       33.55178
      ],
      [
       -139.85551,
       33.55074
      ],
      [
       -139.84337,
       33.54767
      ],
      [
       -139.83219,
       33.54269
      ],
      [
       -139.82238,
       33.53598
      ],
      [
       -139.81433,
       33.5278
      ],
      [
       -139.80835,
       33.51847
      ],
      [
       -139.80467,
       33.50835
      ],
      [
       -139.80343,
       33.49782
      ]
     ]
    ]
   },
   "properties": {
    "event_id": "S1:450",
    "source_id": "S1_GPGP2018",
    "target_keys": [],
    "sample_ids": [
     "MPL-0828",
     "MPL-0829",
     "MPL-0830",
     "MPL-0831"
    ],
    "date": "2016-10-02",
    "time": null,
    "footprint_kind": "point",
    "footprint_label": "только центр наблюдения: протяжённость неизвестна, круг неопределённости",
    "footprint_radius_m": 6000.0,
    "footprint_area_km2": 112.372,
    "geometry_approximate": false,
    "candidates": 0,
    "candidate_passes": 0,
    "accepted": 0,
    "accepted_passes": 0,
    "best_scene_id": null,
    "best_platform": null,
    "best_sync": null,
    "best_shift_hours": null,
    "best_shift_days": null,
    "best_time_uncertainty_hours": null,
    "best_coverage_fraction": null,
    "decision": "not_used",
    "reason_code": "no_target",
    "reason": "у события нет записей целевых величин",
    "detail": ""
   }
  },
  {
   "type": "Feature",
   "id": "S1:451",
   "geometry": {
    "type": "Polygon",
    "coordinates": [
     [
      [
       -139.40344,
       33.49772
      ],
      [
       -139.40469,
       33.4872
      ],
      [
       -139.40837,
       33.47707
      ],
      [
       -139.41435,
       33.46774
      ],
      [
       -139.4224,
       33.45957
      ],
      [
       -139.4322,
       33.45286
      ],
      [
       -139.44339,
       33.44787
      ],
      [
       -139.45553,
       33.4448
      ],
      [
       -139.46815,
       33.44376
      ],
      [
       -139.48077,
       33.4448
      ],
      [
       -139.49291,
       33.44787
      ],
      [
       -139.5041,
       33.45286
      ],
      [
       -139.5139,
       33.45957
      ],
      [
       -139.52195,
       33.46774
      ],
      [
       -139.52793,
       33.47707
      ],
      [
       -139.53161,
       33.4872
      ],
      [
       -139.53286,
       33.49772
      ],
      [
       -139.53161,
       33.50825
      ],
      [
       -139.52793,
       33.51837
      ],
      [
       -139.52195,
       33.5277
      ],
      [
       -139.5139,
       33.53588
      ],
      [
       -139.5041,
       33.54259
      ],
      [
       -139.49291,
       33.54757
      ],
      [
       -139.48077,
       33.55064
      ],
      [
       -139.46815,
       33.55168
      ],
      [
       -139.45553,
       33.55064
      ],
      [
       -139.44339,
       33.54757
      ],
      [
       -139.4322,
       33.54259
      ],
      [
       -139.4224,
       33.53588
      ],
      [
       -139.41435,
       33.5277
      ],
      [
       -139.40837,
       33.51837
      ],
      [
       -139.40469,
       33.50825
      ],
      [
       -139.40344,
       33.49772
      ]
     ]
    ]
   },
   "properties": {
    "event_id": "S1:451",
    "source_id": "S1_GPGP2018",
    "target_keys": [],
    "sample_ids": [
     "MPL-0825",
     "MPL-0826",
     "MPL-0827"
    ],
    "date": "2016-10-02",
    "time": null,
    "footprint_kind": "point",
    "footprint_label": "только центр наблюдения: протяжённость неизвестна, круг неопределённости",
    "footprint_radius_m": 6000.0,
    "footprint_area_km2": 112.372,
    "geometry_approximate": false,
    "candidates": 0,
    "candidate_passes": 0,
    "accepted": 0,
    "accepted_passes": 0,
    "best_scene_id": null,
    "best_platform": null,
    "best_sync": null,
    "best_shift_hours": null,
    "best_shift_days": null,
    "best_time_uncertainty_hours": null,
    "best_coverage_fraction": null,
    "decision": "not_used",
    "reason_code": "no_target",
    "reason": "у события нет записей целевых величин",
    "detail": ""
   }
  },
  {
   "type": "Feature",
   "id": "S1:452",
   "geometry": {
    "type": "Polygon",
    "coordinates": [
     [
      [
       -139.01103,
       33.49786
      ],
      [
       -139.01228,
       33.48733
      ],
      [
       -139.01596,
       33.47721
      ],
      [
       -139.02194,
       33.46788
      ],
      [
       -139.02999,
       33.4597
      ],
      [
       -139.03979,
       33.45299
      ],
      [
       -139.05098,
       33.448
      ],
      [
       -139.06312,
       33.44493
      ],
      [
       -139.07574,
       33.4439
      ],
      [
       -139.08836,
       33.44493
      ],
      [
       -139.1005,
       33.448
      ],
      [
       -139.11169,
       33.45299
      ],
      [
       -139.1215,
       33.4597
      ],
      [
       -139.12954,
       33.46788
      ],
      [
       -139.13552,
       33.47721
      ],
      [
       -139.1392,
       33.48733
      ],
      [
       -139.14045,
       33.49786
      ],
      [
       -139.1392,
       33.50838
      ],
      [
       -139.13552,
       33.5185
      ],
      [
       -139.12954,
       33.52783
      ],
      [
       -139.1215,
       33.53601
      ],
      [
       -139.11169,
       33.54272
      ],
      [
       -139.1005,
       33.54771
      ],
      [
       -139.08836,
       33.55078
      ],
      [
       -139.07574,
       33.55181
      ],
      [
       -139.06312,
       33.55078
      ],
      [
       -139.05098,
       33.54771
      ],
      [
       -139.03979,
       33.54272
      ],
      [
       -139.02999,
       33.53601
      ],
      [
       -139.02194,
       33.52783
      ],
      [
       -139.01596,
       33.5185
      ],
      [
       -139.01228,
       33.50838
      ],
      [
       -139.01103,
       33.49786
      ]
     ]
    ]
   },
   "properties": {
    "event_id": "S1:452",
    "source_id": "S1_GPGP2018",
    "target_keys": [],
    "sample_ids": [
     "MPL-0832",
     "MPL-0833",
     "MPL-0834",
     "MPL-0835"
    ],
    "date": "2016-10-02",
    "time": null,
    "footprint_kind": "point",
    "footprint_label": "только центр наблюдения: протяжённость неизвестна, круг неопределённости",
    "footprint_radius_m": 6000.0,
    "footprint_area_km2": 112.372,
    "geometry_approximate": false,
    "candidates": 0,
    "candidate_passes": 0,
    "accepted": 0,
    "accepted_passes": 0,
    "best_scene_id": null,
    "best_platform": null,
    "best_sync": null,
    "best_shift_hours": null,
    "best_shift_days": null,
    "best_time_uncertainty_hours": null,
    "best_coverage_fraction": null,
    "decision": "not_used",
    "reason_code": "no_target",
    "reason": "у события нет записей целевых величин",
    "detail": ""
   }
  },
  {
   "type": "Feature",
   "id": "S1:453",
   "geometry": {
    "type": "Polygon",
    "coordinates": [
     [
      [
       -138.5849,
       33.49731
      ],
      [
       -138.58615,
       33.48679
      ],
      [
       -138.58983,
       33.47667
      ],
      [
       -138.59581,
       33.46734
      ],
      [
       -138.60386,
       33.45916
      ],
      [
       -138.61366,
       33.45245
      ],
      [
       -138.62485,
       33.44746
      ],
      [
       -138.63699,
       33.44439
      ],
      [
       -138.64961,
       33.44336
      ],
      [
       -138.66223,
       33.44439
      ],
      [
       -138.67437,
       33.44746
      ],
      [
       -138.68556,
       33.45245
      ],
      [
       -138.69536,
       33.45916
      ],
      [
       -138.70341,
       33.46734
      ],
      [
       -138.70939,
       33.47667
      ],
      [
       -138.71307,
       33.48679
      ],
      [
       -138.71432,
       33.49731
      ],
      [
       -138.71307,
       33.50784
      ],
      [
       -138.70939,
       33.51796
      ],
      [
       -138.70341,
       33.52729
      ],
      [
       -138.69536,
       33.53547
      ],
      [
       -138.68556,
       33.54218
      ],
      [
       -138.67437,
       33.54717
      ],
      [
       -138.66223,
       33.55024
      ],
      [
       -138.64961,
       33.55127
      ],
      [
       -138.63699,
       33.55024
      ],
      [
       -138.62485,
       33.54717
      ],
      [
       -138.61366,
       33.54218
      ],
      [
       -138.60386,
       33.53547
      ],
      [
       -138.59581,
       33.52729
      ],
      [
       -138.58983,
       33.51796
      ],
      [
       -138.58615,
       33.50784
      ],
      [
       -138.5849,
       33.49731
      ]
     ]
    ]
   },
   "properties": {
    "event_id": "S1:453",
    "source_id": "S1_GPGP2018",
    "target_keys": [],
    "sample_ids": [
     "MPL-0821",
     "MPL-0822",
     "MPL-0823"
    ],
    "date": "2016-10-02",
    "time": null,
    "footprint_kind": "point",
    "footprint_label": "только центр наблюдения: протяжённость неизвестна, круг неопределённости",
    "footprint_radius_m": 6000.0,
    "footprint_area_km2": 112.372,
    "geometry_approximate": false,
    "candidates": 0,
    "candidate_passes": 0,
    "accepted": 0,
    "accepted_passes": 0,
    "best_scene_id": null,
    "best_platform": null,
    "best_sync": null,
    "best_shift_hours": null,
    "best_shift_days": null,
    "best_time_uncertainty_hours": null,
    "best_coverage_fraction": null,
    "decision": "not_used",
    "reason_code": "no_target",
    "reason": "у события нет записей целевых величин",
    "detail": ""
   }
  },
  {
   "type": "Feature",
   "id": "S1:454",
   "geometry": {
    "type": "Polygon",
    "coordinates": [
     [
      [
       -138.20564,
       33.49819
      ],
      [
       -138.20688,
       33.48766
      ],
      [
       -138.21057,
       33.47754
      ],
      [
       -138.21654,
       33.46821
      ],
      [
       -138.22459,
       33.46004
      ],
      [
       -138.2344,
       33.45333
      ],
      [
       -138.24558,
       33.44834
      ],
      [
       -138.25772,
       33.44527
      ],
      [
       -138.27035,
       33.44423
      ],
      [
       -138.28297,
       33.44527
      ],
      [
       -138.29511,
       33.44834
      ],
      [
       -138.3063,
       33.45333
      ],
      [
       -138.3161,
       33.46004
      ],
      [
       -138.32415,
       33.46821
      ],
      [
       -138.33013,
       33.47754
      ],
      [
       -138.33381,
       33.48766
      ],
      [
       -138.33505,
       33.49819
      ],
      [
       -138.33381,
       33.50872
      ],
      [
       -138.33013,
       33.51884
      ],
      [
       -138.32415,
       33.52817
      ],
      [
       -138.3161,
       33.53635
      ],
      [
       -138.3063,
       33.54306
      ],
      [
       -138.29511,
       33.54804
      ],
      [
       -138.28297,
       33.55111
      ],
      [
       -138.27035,
       33.55215
      ],
      [
       -138.25772,
       33.55111
      ],
      [
       -138.24558,
       33.54804
      ],
      [
       -138.2344,
       33.54306
      ],
      [
       -138.22459,
       33.53635
      ],
      [
       -138.21654,
       33.52817
      ],
      [
       -138.21057,
       33.51884
      ],
      [
       -138.20688,
       33.50872
      ],
      [
       -138.20564,
       33.49819
      ]
     ]
    ]
   },
   "properties": {
    "event_id": "S1:454",
    "source_id": "S1_GPGP2018",
    "target_keys": [],
    "sample_ids": [
     "MPL-0848",
     "MPL-0849",
     "MPL-0850",
     "MPL-0851"
    ],
    "date": "2016-10-02",
    "time": null,
    "footprint_kind": "point",
    "footprint_label": "только центр наблюдения: протяжённость неизвестна, круг неопределённости",
    "footprint_radius_m": 6000.0,
    "footprint_area_km2": 112.372,
    "geometry_approximate": false,
    "candidates": 0,
    "candidate_passes": 0,
    "accepted": 0,
    "accepted_passes": 0,
    "best_scene_id": null,
    "best_platform": null,
    "best_sync": null,
    "best_shift_hours": null,
    "best_shift_days": null,
    "best_time_uncertainty_hours": null,
    "best_coverage_fraction": null,
    "decision": "not_used",
    "reason_code": "no_target",
    "reason": "у события нет записей целевых величин",
    "detail": ""
   }
  },
  {
   "type": "Feature",
   "id": "S1:455",
   "geometry": {
    "type": "Polygon",
    "coordinates": [
     [
      [
       -137.81424,
       33.49715
      ],
      [
       -137.81548,
       33.48662
      ],
      [
       -137.81916,
       33.4765
      ],
      [
       -137.82514,
       33.46717
      ],
      [
       -137.83319,
       33.45899
      ],
      [
       -137.84299,
       33.45228
      ],
      [
       -137.85418,
       33.4473
      ],
      [
       -137.86632,
       33.44423
      ],
      [
       -137.87894,
       33.44319
      ],
      [
       -137.89157,
       33.44423
      ],
      [
       -137.9037,
       33.4473
      ],
      [
       -137.91489,
       33.45228
      ],
      [
       -137.9247,
       33.45899
      ],
      [
       -137.93274,
       33.46717
      ],
      [
       -137.93872,
       33.4765
      ],
      [
       -137.94241,
       33.48662
      ],
      [
       -137.94365,
       33.49715
      ],
      [
       -137.94241,
       33.50768
      ],
      [
       -137.93872,
       33.5178
      ],
      [
       -137.93274,
       33.52713
      ],
      [
       -137.9247,
       33.5353
      ],
      [
       -137.91489,
       33.54201
      ],
      [
       -137.9037,
       33.547
      ],
      [
       -137.89157,
       33.55007
      ],
      [
       -137.87894,
       33.55111
      ],
      [
       -137.86632,
       33.55007
      ],
      [
       -137.85418,
       33.547
      ],
      [
       -137.84299,
       33.54201
      ],
      [
       -137.83319,
       33.5353
      ],
      [
       -137.82514,
       33.52713
      ],
      [
       -137.81916,
       33.5178
      ],
      [
       -137.81548,
       33.50768
      ],
      [
       -137.81424,
       33.49715
      ]
     ]
    ]
   },
   "properties": {
    "event_id": "S1:455",
    "source_id": "S1_GPGP2018",
    "target_keys": [],
    "sample_ids": [
     "MPL-0818",
     "MPL-0819",
     "MPL-0820"
    ],
    "date": "2016-10-02",
    "time": null,
    "footprint_kind": "point",
    "footprint_label": "только центр наблюдения: протяжённость неизвестна, круг неопределённости",
    "footprint_radius_m": 6000.0,
    "footprint_area_km2": 112.372,
    "geometry_approximate": false,
    "candidates": 0,
    "candidate_passes": 0,
    "accepted": 0,
    "accepted_passes": 0,
    "best_scene_id": null,
    "best_platform": null,
    "best_sync": null,
    "best_shift_hours": null,
    "best_shift_days": null,
    "best_time_uncertainty_hours": null,
    "best_coverage_fraction": null,
    "decision": "not_used",
    "reason_code": "no_target",
    "reason": "у события нет записей целевых величин",
    "detail": ""
   }
  },
  {
   "type": "Feature",
   "id": "S1:456",
   "geometry": {
    "type": "Polygon",
    "coordinates": [
     [
      [
       -137.28825,
       33.49816
      ],
      [
       -137.2895,
       33.48763
      ],
      [
       -137.29318,
       33.47751
      ],
      [
       -137.29916,
       33.46818
      ],
      [
       -137.3072,
       33.46
      ],
      [
       -137.31701,
       33.45329
      ],
      [
       -137.3282,
       33.44831
      ],
      [
       -137.34034,
       33.44524
      ],
      [
       -137.35296,
       33.4442
      ],
      [
       -137.36558,
       33.44524
      ],
      [
       -137.37772,
       33.44831
      ],
      [
       -137.38891,
       33.45329
      ],
      [
       -137.39871,
       33.46
      ],
      [
       -137.40676,
       33.46818
      ],
      [
       -137.41274,
       33.47751
      ],
      [
       -137.41642,
       33.48763
      ],
      [
       -137.41767,
       33.49816
      ],
      [
       -137.41642,
       33.50869
      ],
      [
       -137.41274,
       33.51881
      ],
      [
       -137.40676,
       33.52814
      ],
      [
       -137.39871,
       33.53631
      ],
      [
       -137.38891,
       33.54302
      ],
      [
       -137.37772,
       33.54801
      ],
      [
       -137.36558,
       33.55108
      ],
      [
       -137.35296,
       33.55212
      ],
      [
       -137.34034,
       33.55108
      ],
      [
       -137.3282,
       33.54801
      ],
      [
       -137.31701,
       33.54302
      ],
      [
       -137.3072,
       33.53631
      ],
      [
       -137.29916,
       33.52814
      ],
      [
       -137.29318,
       33.51881
      ],
      [
       -137.2895,
       33.50869
      ],
      [
       -137.28825,
       33.49816
      ]
     ]
    ]
   },
   "properties": {
    "event_id": "S1:456",
    "source_id": "S1_GPGP2018",
    "target_keys": [],
    "sample_ids": [
     "MPL-0845",
     "MPL-0846",
     "MPL-0847"
    ],
    "date": "2016-10-02",
    "time": null,
    "footprint_kind": "point",
    "footprint_label": "только центр наблюдения: протяжённость неизвестна, круг неопределённости",
    "footprint_radius_m": 6000.0,
    "footprint_area_km2": 112.372,
    "geometry_approximate": false,
    "candidates": 0,
    "candidate_passes": 0,
    "accepted": 0,
    "accepted_passes": 0,
    "best_scene_id": null,
    "best_platform": null,
    "best_sync": null,
    "best_shift_hours": null,
    "best_shift_days": null,
    "best_time_uncertainty_hours": null,
    "best_coverage_fraction": null,
    "decision": "not_used",
    "reason_code": "no_target",
    "reason": "у события нет записей целевых величин",
    "detail": ""
   }
  },
  {
   "type": "Feature",
   "id": "S1:457",
   "geometry": {
    "type": "Polygon",
    "coordinates": [
     [
      [
       -136.89761,
       33.49672
      ],
      [
       -136.89885,
       33.48619
      ],
      [
       -136.90253,
       33.47607
      ],
      [
       -136.90851,
       33.46674
      ],
      [
       -136.91656,
       33.45856
      ],
      [
       -136.92636,
       33.45185
      ],
      [
       -136.93755,
       33.44686
      ],
      [
       -136.94969,
       33.44379
      ],
      [
       -136.96231,
       33.44276
      ],
      [
       -136.97494,
       33.44379
      ],
      [
       -136.98707,
       33.44686
      ],
      [
       -136.99826,
       33.45185
      ],
      [
       -137.00807,
       33.45856
      ],
      [
       -137.01611,
       33.46674
      ],
      [
       -137.02209,
       33.47607
      ],
      [
       -137.02577,
       33.48619
      ],
      [
       -137.02702,
       33.49672
      ],
      [
       -137.02577,
       33.50724
      ],
      [
       -137.02209,
       33.51737
      ],
      [
       -137.01611,
       33.52669
      ],
      [
       -137.00807,
       33.53487
      ],
      [
       -136.99826,
       33.54158
      ],
      [
       -136.98707,
       33.54657
      ],
      [
       -136.97494,
       33.54964
      ],
      [
       -136.96231,
       33.55068
      ],
      [
       -136.94969,
       33.54964
      ],
      [
       -136.93755,
       33.54657
      ],
      [
       -136.92636,
       33.54158
      ],
      [
       -136.91656,
       33.53487
      ],
      [
       -136.90851,
       33.52669
      ],
      [
       -136.90253,
       33.51737
      ],
      [
       -136.89885,
       33.50724
      ],
      [
       -136.89761,
       33.49672
      ]
     ]
    ]
   },
   "properties": {
    "event_id": "S1:457",
    "source_id": "S1_GPGP2018",
    "target_keys": [],
    "sample_ids": [
     "MPL-0812",
     "MPL-0813",
     "MPL-0814"
    ],
    "date": "2016-10-02",
    "time": null,
    "footprint_kind": "point",
    "footprint_label": "только центр наблюдения: протяжённость неизвестна, круг неопределённости",
    "footprint_radius_m": 6000.0,
    "footprint_area_km2": 112.372,
    "geometry_approximate": false,
    "candidates": 0,
    "candidate_passes": 0,
    "accepted": 0,
    "accepted_passes": 0,
    "best_scene_id": null,
    "best_platform": null,
    "best_sync": null,
    "best_shift_hours": null,
    "best_shift_days": null,
    "best_time_uncertainty_hours": null,
    "best_coverage_fraction": null,
    "decision": "not_used",
    "reason_code": "no_target",
    "reason": "у события нет записей целевых величин",
    "detail": ""
   }
  },
  {
   "type": "Feature",
   "id": "S1:458",
   "geometry": {
    "type": "Polygon",
    "coordinates": [
     [
      [
       -136.49534,
       33.49555
      ],
      [
       -136.49658,
       33.48502
      ],
      [
       -136.50027,
       33.4749
      ],
      [
       -136.50625,
       33.46557
      ],
      [
       -136.51429,
       33.4574
      ],
      [
       -136.5241,
       33.45069
      ],
      [
       -136.53528,
       33.4457
      ],
      [
       -136.54742,
       33.44263
      ],
      [
       -136.56005,
       33.44159
      ],
      [
       -136.57267,
       33.44263
      ],
      [
       -136.58481,
       33.4457
      ],
      [
       -136.59599,
       33.45069
      ],
      [
       -136.6058,
       33.4574
      ],
      [
       -136.61385,
       33.46557
      ],
      [
       -136.61983,
       33.4749
      ],
      [
       -136.62351,
       33.48502
      ],
      [
       -136.62475,
       33.49555
      ],
      [
       -136.62351,
       33.50608
      ],
      [
       -136.61983,
       33.5162
      ],
      [
       -136.61385,
       33.52553
      ],
      [
       -136.6058,
       33.53371
      ],
      [
       -136.59599,
       33.54042
      ],
      [
       -136.58481,
       33.5454
      ],
      [
       -136.57267,
       33.54847
      ],
      [
       -136.56005,
       33.54951
      ],
      [
       -136.54742,
       33.54847
      ],
      [
       -136.53528,
       33.5454
      ],
      [
       -136.5241,
       33.54042
      ],
      [
       -136.51429,
       33.53371
      ],
      [
       -136.50625,
       33.52553
      ],
      [
       -136.50027,
       33.5162
      ],
      [
       -136.49658,
       33.50608
      ],
      [
       -136.49534,
       33.49555
      ]
     ]
    ]
   },
   "properties": {
    "event_id": "S1:458",
    "source_id": "S1_GPGP2018",
    "target_keys": [],
    "sample_ids": [
     "MPL-0806",
     "MPL-0807",
     "MPL-0808"
    ],
    "date": "2016-10-02",
    "time": null,
    "footprint_kind": "point",
    "footprint_label": "только центр наблюдения: протяжённость неизвестна, круг неопределённости",
    "footprint_radius_m": 6000.0,
    "footprint_area_km2": 112.372,
    "geometry_approximate": false,
    "candidates": 0,
    "candidate_passes": 0,
    "accepted": 0,
    "accepted_passes": 0,
    "best_scene_id": null,
    "best_platform": null,
    "best_sync": null,
    "best_shift_hours": null,
    "best_shift_days": null,
    "best_time_uncertainty_hours": null,
    "best_coverage_fraction": null,
    "decision": "not_used",
    "reason_code": "no_target",
    "reason": "у события нет записей целевых величин",
    "detail": ""
   }
  },
  {
   "type": "Feature",
   "id": "S1:459",
   "geometry": {
    "type": "Polygon",
    "coordinates": [
     [
      [
       -136.10602,
       33.49675
      ],
      [
       -136.10726,
       33.48622
      ],
      [
       -136.11095,
       33.4761
      ],
      [
       -136.11693,
       33.46677
      ],
      [
       -136.12497,
       33.4586
      ],
      [
       -136.13478,
       33.45189
      ],
      [
       -136.14596,
       33.4469
      ],
      [
       -136.1581,
       33.44383
      ],
      [
       -136.17073,
       33.44279
      ],
      [
       -136.18335,
       33.44383
      ],
      [
       -136.19549,
       33.4469
      ],
      [
       -136.20667,
       33.45189
      ],
      [
       -136.21648,
       33.4586
      ],
      [
       -136.22453,
       33.46677
      ],
      [
       -136.23051,
       33.4761
      ],
      [
       -136.23419,
       33.48622
      ],
      [
       -136.23543,
       33.49675
      ],
      [
       -136.23419,
       33.50728
      ],
      [
       -136.23051,
       33.5174
      ],
      [
       -136.22453,
       33.52673
      ],
      [
       -136.21648,
       33.53491
      ],
      [
       -136.20667,
       33.54162
      ],
      [
       -136.19549,
       33.5466
      ],
      [
       -136.18335,
       33.54967
      ],
      [
       -136.17073,
       33.55071
      ],
      [
       -136.1581,
       33.54967
      ],
      [
       -136.14596,
       33.5466
      ],
      [
       -136.13478,
       33.54162
      ],
      [
       -136.12497,
       33.53491
      ],
      [
       -136.11693,
       33.52673
      ],
      [
       -136.11095,
       33.5174
      ],
      [
       -136.10726,
       33.50728
      ],
      [
       -136.10602,
       33.49675
      ]
     ]
    ]
   },
   "properties": {
    "event_id": "S1:459",
    "source_id": "S1_GPGP2018",
    "target_keys": [],
    "sample_ids": [
     "MPL-0815"
    ],
    "date": "2016-10-02",
    "time": null,
    "footprint_kind": "point",
    "footprint_label": "только центр наблюдения: протяжённость неизвестна, круг неопределённости",
    "footprint_radius_m": 6000.0,
    "footprint_area_km2": 112.372,
    "geometry_approximate": false,
    "candidates": 0,
    "candidate_passes": 0,
    "accepted": 0,
    "accepted_passes": 0,
    "best_scene_id": null,
    "best_platform": null,
    "best_sync": null,
    "best_shift_hours": null,
    "best_shift_days": null,
    "best_time_uncertainty_hours": null,
    "best_coverage_fraction": null,
    "decision": "not_used",
    "reason_code": "no_target",
    "reason": "у события нет записей целевых величин",
    "detail": ""
   }
  },
  {
   "type": "Feature",
   "id": "S1:46.3",
   "geometry": {
    "type": "Polygon",
    "coordinates": [
     [
      [
       -140.15296,
       30.99527
      ],
      [
       -140.15307,
       30.99527
      ],
      [
       -140.15317,
       30.99529
      ],
      [
       -140.15326,
       30.99533
      ],
      [
       -140.15335,
       30.99538
      ],
      [
       -140.15342,
       30.99545
      ],
      [
       -140.15347,
       30.99552
      ],
      [
       -140.15351,
       30.9956
      ],
      [
       -140.15352,
       30.99569
      ],
      [
       -140.15352,
       30.99578
      ],
      [
       -140.1535,
       30.99586
      ],
      [
       -140.15345,
       30.99594
      ],
      [
       -140.15339,
       30.99602
      ],
      [
       -140.15332,
       30.99608
      ],
      [
       -140.15323,
       30.99612
      ],
      [
       -140.15314,
       30.99615
      ],
      [
       -140.15304,
       30.99617
      ],
      [
       -140.00872,
       31.00445
      ],
      [
       -140.00862,
       31.00445
      ],
      [
       -140.00852,
       31.00443
      ],
      [
       -140.00842,
       31.00439
      ],
      [
       -140.00834,
       31.00434
      ],
      [
       -140.00827,
       31.00427
      ],
      [
       -140.00821,
       31.0042
      ],
      [
       -140.00818,
       31.00412
      ],
      [
       -140.00816,
       31.00403
      ],
      [
       -140.00816,
       31.00394
      ],
      [
       -140.00819,
       31.00386
      ],
      [
       -140.00823,
       31.00378
      ],
      [
       -140.00829,
       31.0037
      ],
      [
       -140.00836,
       31.00364
      ],
      [
       -140.00845,
       31.0036
      ],
      [
       -140.00855,
       31.00357
      ],
      [
       -140.00865,
       31.00355
      ],
      [
       -140.15296,
       30.99527
      ]
     ]
    ]
   },
   "properties": {
    "event_id": "S1:46.3",
    "source_id": "S1_GPGP2018",
    "target_keys": [],
    "sample_ids": [
     "MPL-0673"
    ],
    "date": "2015-08-08",
    "time": "2015-08-08T16:20:30Z",
    "footprint_kind": "strip",
    "footprint_label": "полоса по концам трансекты",
    "footprint_radius_m": 50.0,
    "footprint_area_km2": 1.3864,
    "geometry_approximate": false,
    "candidates": 0,
    "candidate_passes": 0,
    "accepted": 0,
    "accepted_passes": 0,
    "best_scene_id": null,
    "best_platform": null,
    "best_sync": null,
    "best_shift_hours": null,
    "best_shift_days": null,
    "best_time_uncertainty_hours": null,
    "best_coverage_fraction": null,
    "decision": "not_used",
    "reason_code": "no_target",
    "reason": "у события нет записей целевых величин",
    "detail": ""
   }
  },
  {
   "type": "Feature",
   "id": "S1:46.4",
   "geometry": {
    "type": "Polygon",
    "coordinates": [
     [
      [
       -140.16592,
       30.98821
      ],
      [
       -140.16602,
       30.9882
      ],
      [
       -140.16612,
       30.98821
      ],
      [
       -140.16622,
       30.98824
      ],
      [
       -140.16631,
       30.98829
      ],
      [
       -140.16639,
       30.98835
      ],
      [
       -140.16645,
       30.98842
      ],
      [
       -140.16649,
       30.9885
      ],
      [
       -140.16652,
       30.98858
      ],
      [
       -140.16652,
       30.98867
      ],
      [
       -140.16651,
       30.98876
      ],
      [
       -140.16648,
       30.98884
      ],
      [
       -140.16642,
       30.98892
      ],
      [
       -140.16635,
       30.98898
      ],
      [
       -140.16627,
       30.98903
      ],
      [
       -140.16618,
       30.98907
      ],
      [
       -140.16608,
       30.98909
      ],
      [
       -140.00208,
       31.01084
      ],
      [
       -140.00198,
       31.01085
      ],
      [
       -140.00188,
       31.01084
      ],
      [
       -140.00178,
       31.01081
      ],
      [
       -140.00169,
       31.01076
      ],
      [
       -140.00161,
       31.0107
      ],
      [
       -140.00155,
       31.01063
      ],
      [
       -140.00151,
       31.01055
      ],
      [
       -140.00148,
       31.01047
      ],
      [
       -140.00148,
       31.01038
      ],
      [
       -140.00149,
       31.01029
      ],
      [
       -140.00152,
       31.01021
      ],
      [
       -140.00158,
       31.01013
      ],
      [
       -140.00165,
       31.01007
      ],
      [
       -140.00173,
       31.01002
      ],
      [
       -140.00182,
       31.00998
      ],
      [
       -140.00192,
       31.00996
      ],
      [
       -140.16592,
       30.98821
      ]
     ]
    ]
   },
   "properties": {
    "event_id": "S1:46.4",
    "source_id": "S1_GPGP2018",
    "target_keys": [
     "plastic-trawl"
    ],
    "sample_ids": [
     "MPL-0671"
    ],
    "date": "2015-08-08",
    "time": "2015-08-08T16:26:00Z",
    "footprint_kind": "strip",
    "footprint_label": "полоса по концам трансекты",
    "footprint_radius_m": 50.0,
    "footprint_area_km2": 1.5895,
    "geometry_approximate": false,
    "candidates": 0,
    "candidate_passes": 0,
    "accepted": 0,
    "accepted_passes": 0,
    "best_scene_id": null,
    "best_platform": null,
    "best_sync": null,
    "best_shift_hours": null,
    "best_shift_days": null,
    "best_time_uncertainty_hours": null,
    "best_coverage_fraction": null,
    "decision": "rejected",
    "reason_code": "not_acquired",
    "reason": "район не снимается: сцен нет и в широком окне, вероятно открытый океан",
    "detail": ""
   }
  },
  {
   "type": "Feature",
   "id": "S1:460",
   "geometry": {
    "type": "Polygon",
    "coordinates": [
     [
      [
       -135.70007,
       33.49766
      ],
      [
       -135.70131,
       33.48713
      ],
      [
       -135.70499,
       33.47701
      ],
      [
       -135.71097,
       33.46768
      ],
      [
       -135.71902,
       33.4595
      ],
      [
       -135.72883,
       33.45279
      ],
      [
       -135.74001,
       33.4478
      ],
      [
       -135.75215,
       33.44473
      ],
      [
       -135.76477,
       33.4437
      ],
      [
       -135.7774,
       33.44473
      ],
      [
       -135.78954,
       33.4478
      ],
      [
       -135.80072,
       33.45279
      ],
      [
       -135.81053,
       33.4595
      ],
      [
       -135.81858,
       33.46768
      ],
      [
       -135.82456,
       33.47701
      ],
      [
       -135.82824,
       33.48713
      ],
      [
       -135.82948,
       33.49766
      ],
      [
       -135.82824,
       33.50818
      ],
      [
       -135.82456,
       33.5183
      ],
      [
       -135.81858,
       33.52763
      ],
      [
       -135.81053,
       33.53581
      ],
      [
       -135.80072,
       33.54252
      ],
      [
       -135.78954,
       33.54751
      ],
      [
       -135.7774,
       33.55058
      ],
      [
       -135.76477,
       33.55161
      ],
      [
       -135.75215,
       33.55058
      ],
      [
       -135.74001,
       33.54751
      ],
      [
       -135.72883,
       33.54252
      ],
      [
       -135.71902,
       33.53581
      ],
      [
       -135.71097,
       33.52763
      ],
      [
       -135.70499,
       33.5183
      ],
      [
       -135.70131,
       33.50818
      ],
      [
       -135.70007,
       33.49766
      ]
     ]
    ]
   },
   "properties": {
    "event_id": "S1:460",
    "source_id": "S1_GPGP2018",
    "target_keys": [],
    "sample_ids": [
     "MPL-0824"
    ],
    "date": "2016-10-02",
    "time": null,
    "footprint_kind": "point",
    "footprint_label": "только центр наблюдения: протяжённость неизвестна, круг неопределённости",
    "footprint_radius_m": 6000.0,
    "footprint_area_km2": 112.372,
    "geometry_approximate": false,
    "candidates": 0,
    "candidate_passes": 0,
    "accepted": 0,
    "accepted_passes": 0,
    "best_scene_id": null,
    "best_platform": null,
    "best_sync": null,
    "best_shift_hours": null,
    "best_shift_days": null,
    "best_time_uncertainty_hours": null,
    "best_coverage_fraction": null,
    "decision": "not_used",
    "reason_code": "no_target",
    "reason": "у события нет записей целевых величин",
    "detail": ""
   }
  },
  {
   "type": "Feature",
   "id": "S1:461",
   "geometry": {
    "type": "Polygon",
    "coordinates": [
     [
      [
       -135.30774,
       33.49622
      ],
      [
       -135.30899,
       33.48569
      ],
      [
       -135.31267,
       33.47557
      ],
      [
       -135.31865,
       33.46624
      ],
      [
       -135.3267,
       33.45807
      ],
      [
       -135.3365,
       33.45136
      ],
      [
       -135.34769,
       33.44637
      ],
      [
       -135.35983,
       33.4433
      ],
      [
       -135.37245,
       33.44226
      ],
      [
       -135.38507,
       33.4433
      ],
      [
       -135.39721,
       33.44637
      ],
      [
       -135.4084,
       33.45136
      ],
      [
       -135.4182,
       33.45807
      ],
      [
       -135.42625,
       33.46624
      ],
      [
       -135.43223,
       33.47557
      ],
      [
       -135.43591,
       33.48569
      ],
      [
       -135.43715,
       33.49622
      ],
      [
       -135.43591,
       33.50675
      ],
      [
       -135.43223,
       33.51687
      ],
      [
       -135.42625,
       33.5262
      ],
      [
       -135.4182,
       33.53438
      ],
      [
       -135.4084,
       33.54109
      ],
      [
       -135.39721,
       33.54607
      ],
      [
       -135.38507,
       33.54914
      ],
      [
       -135.37245,
       33.55018
      ],
      [
       -135.35983,
       33.54914
      ],
      [
       -135.34769,
       33.54607
      ],
      [
       -135.3365,
       33.54109
      ],
      [
       -135.3267,
       33.53438
      ],
      [
       -135.31865,
       33.5262
      ],
      [
       -135.31267,
       33.51687
      ],
      [
       -135.30899,
       33.50675
      ],
      [
       -135.30774,
       33.49622
      ]
     ]
    ]
   },
   "properties": {
    "event_id": "S1:461",
    "source_id": "S1_GPGP2018",
    "target_keys": [],
    "sample_ids": [
     "MPL-0809",
     "MPL-0810",
     "MPL-0811"
    ],
    "date": "2016-10-02",
    "time": null,
    "footprint_kind": "point",
    "footprint_label": "только центр наблюдения: протяжённость неизвестна, круг неопределённости",
    "footprint_radius_m": 6000.0,
    "footprint_area_km2": 112.372,
    "geometry_approximate": false,
    "candidates": 0,
    "candidate_passes": 0,
    "accepted": 0,
    "accepted_passes": 0,
    "best_scene_id": null,
    "best_platform": null,
    "best_sync": null,
    "best_shift_hours": null,
    "best_shift_days": null,
    "best_time_uncertainty_hours": null,
    "best_coverage_fraction": null,
    "decision": "not_used",
    "reason_code": "no_target",
    "reason": "у события нет записей целевых величин",
    "detail": ""
   }
  },
  {
   "type": "Feature",
   "id": "S1:462",
   "geometry": {
    "type": "Polygon",
    "coordinates": [
     [
      [
       -134.99546,
       33.49692
      ],
      [
       -134.9967,
       33.4864
      ],
      [
       -135.00038,
       33.47627
      ],
      [
       -135.00636,
       33.46694
      ],
      [
       -135.01441,
       33.45877
      ],
      [
       -135.02422,
       33.45206
      ],
      [
       -135.0354,
       33.44707
      ],
      [
       -135.04754,
       33.444
      ],
      [
       -135.06016,
       33.44296
      ],
      [
       -135.07279,
       33.444
      ],
      [
       -135.08493,
       33.44707
      ],
      [
       -135.09611,
       33.45206
      ],
      [
       -135.10592,
       33.45877
      ],
      [
       -135.11397,
       33.46694
      ],
      [
       -135.11994,
       33.47627
      ],
      [
       -135.12363,
       33.4864
      ],
      [
       -135.12487,
       33.49692
      ],
      [
       -135.12363,
       33.50745
      ],
      [
       -135.11994,
       33.51757
      ],
      [
       -135.11397,
       33.5269
      ],
      [
       -135.10592,
       33.53508
      ],
      [
       -135.09611,
       33.54179
      ],
      [
       -135.08493,
       33.54677
      ],
      [
       -135.07279,
       33.54985
      ],
      [
       -135.06016,
       33.55088
      ],
      [
       -135.04754,
       33.54985
      ],
      [
       -135.0354,
       33.54677
      ],
      [
       -135.02422,
       33.54179
      ],
      [
       -135.01441,
       33.53508
      ],
      [
       -135.00636,
       33.5269
      ],
      [
       -135.00038,
       33.51757
      ],
      [
       -134.9967,
       33.50745
      ],
      [
       -134.99546,
       33.49692
      ]
     ]
    ]
   },
   "properties": {
    "event_id": "S1:462",
    "source_id": "S1_GPGP2018",
    "target_keys": [],
    "sample_ids": [
     "MPL-0816",
     "MPL-0817"
    ],
    "date": "2016-10-02",
    "time": null,
    "footprint_kind": "point",
    "footprint_label": "только центр наблюдения: протяжённость неизвестна, круг неопределённости",
    "footprint_radius_m": 6000.0,
    "footprint_area_km2": 112.372,
    "geometry_approximate": false,
    "candidates": 0,
    "candidate_passes": 0,
    "accepted": 0,
    "accepted_passes": 0,
    "best_scene_id": null,
    "best_platform": null,
    "best_sync": null,
    "best_shift_hours": null,
    "best_shift_days": null,
    "best_time_uncertainty_hours": null,
    "best_coverage_fraction": null,
    "decision": "not_used",
    "reason_code": "no_target",
    "reason": "у события нет записей целевых величин",
    "detail": ""
   }
  },
  {
   "type": "Feature",
   "id": "S1:463",
   "geometry": {
    "type": "Polygon",
    "coordinates": [
     [
      [
       -143.49872,
       30.23319
      ],
      [
       -143.49992,
       30.22266
      ],
      [
       -143.50347,
       30.21254
      ],
      [
       -143.50924,
       30.20321
      ],
      [
       -143.51701,
       30.19503
      ],
      [
       -143.52648,
       30.18832
      ],
      [
       -143.53727,
       30.18334
      ],
      [
       -143.54899,
       30.18027
      ],
      [
       -143.56117,
       30.17923
      ],
      [
       -143.57336,
       30.18027
      ],
      [
       -143.58507,
       30.18334
      ],
      [
       -143.59587,
       30.18832
      ],
      [
       -143.60533,
       30.19503
      ],
      [
       -143.6131,
       30.20321
      ],
      [
       -143.61887,
       30.21254
      ],
      [
       -143.62243,
       30.22266
      ],
      [
       -143.62363,
       30.23319
      ],
      [
       -143.62243,
       30.24372
      ],
      [
       -143.61887,
       30.25384
      ],
      [
       -143.6131,
       30.26317
      ],
      [
       -143.60533,
       30.27134
      ],
      [
       -143.59587,
       30.27806
      ],
      [
       -143.58507,
       30.28304
      ],
      [
       -143.57336,
       30.28611
      ],
      [
       -143.56117,
       30.28715
      ],
      [
       -143.54899,
       30.28611
      ],
      [
       -143.53727,
       30.28304
      ],
      [
       -143.52648,
       30.27806
      ],
      [
       -143.51701,
       30.27134
      ],
      [
       -143.50924,
       30.26317
      ],
      [
       -143.50347,
       30.25384
      ],
      [
       -143.49992,
       30.24372
      ],
      [
       -143.49872,
       30.23319
      ]
     ]
    ]
   },
   "properties": {
    "event_id": "S1:463",
    "source_id": "S1_GPGP2018",
    "target_keys": [],
    "sample_ids": [
     "MPL-0852",
     "MPL-0853",
     "MPL-0854",
     "MPL-0855"
    ],
    "date": "2016-10-06",
    "time": null,
    "footprint_kind": "point",
    "footprint_label": "только центр наблюдения: протяжённость неизвестна, круг неопределённости",
    "footprint_radius_m": 6000.0,
    "footprint_area_km2": 112.372,
    "geometry_approximate": false,
    "candidates": 0,
    "candidate_passes": 0,
    "accepted": 0,
    "accepted_passes": 0,
    "best_scene_id": null,
    "best_platform": null,
    "best_sync": null,
    "best_shift_hours": null,
    "best_shift_days": null,
    "best_time_uncertainty_hours": null,
    "best_coverage_fraction": null,
    "decision": "not_used",
    "reason_code": "no_target",
    "reason": "у события нет записей целевых величин",
    "detail": ""
   }
  },
  {
   "type": "Feature",
   "id": "S1:464",
   "geometry": {
    "type": "Polygon",
    "coordinates": [
     [
      [
       -143.19068,
       30.38682
      ],
      [
       -143.19188,
       30.37629
      ],
      [
       -143.19544,
       30.36617
      ],
      [
       -143.20122,
       30.35684
      ],
      [
       -143.209,
       30.34866
      ],
      [
       -143.21848,
       30.34195
      ],
      [
       -143.22929,
       30.33697
      ],
      [
       -143.24102,
       30.3339
      ],
      [
       -143.25323,
       30.33286
      ],
      [
       -143.26543,
       30.3339
      ],
      [
       -143.27717,
       30.33697
      ],
      [
       -143.28798,
       30.34195
      ],
      [
       -143.29746,
       30.34866
      ],
      [
       -143.30524,
       30.35684
      ],
      [
       -143.31102,
       30.36617
      ],
      [
       -143.31458,
       30.37629
      ],
      [
       -143.31578,
       30.38682
      ],
      [
       -143.31458,
       30.39734
      ],
      [
       -143.31102,
       30.40747
      ],
      [
       -143.30524,
       30.4168
      ],
      [
       -143.29746,
       30.42497
      ],
      [
       -143.28798,
       30.43168
      ],
      [
       -143.27717,
       30.43667
      ],
      [
       -143.26543,
       30.43974
      ],
      [
       -143.25323,
       30.44078
      ],
      [
       -143.24102,
       30.43974
      ],
      [
       -143.22929,
       30.43667
      ],
      [
       -143.21848,
       30.43168
      ],
      [
       -143.209,
       30.42497
      ],
      [
       -143.20122,
       30.4168
      ],
      [
       -143.19544,
       30.40747
      ],
      [
       -143.19188,
       30.39734
      ],
      [
       -143.19068,
       30.38682
      ]
     ]
    ]
   },
   "properties": {
    "event_id": "S1:464",
    "source_id": "S1_GPGP2018",
    "target_keys": [],
    "sample_ids": [
     "MPL-0856",
     "MPL-0857",
     "MPL-0858"
    ],
    "date": "2016-10-06",
    "time": null,
    "footprint_kind": "point",
    "footprint_label": "только центр наблюдения: протяжённость неизвестна, круг неопределённости",
    "footprint_radius_m": 6000.0,
    "footprint_area_km2": 112.372,
    "geometry_approximate": false,
    "candidates": 0,
    "candidate_passes": 0,
    "accepted": 0,
    "accepted_passes": 0,
    "best_scene_id": null,
    "best_platform": null,
    "best_sync": null,
    "best_shift_hours": null,
    "best_shift_days": null,
    "best_time_uncertainty_hours": null,
    "best_coverage_fraction": null,
    "decision": "not_used",
    "reason_code": "no_target",
    "reason": "у события нет записей целевых величин",
    "detail": ""
   }
  },
  {
   "type": "Feature",
   "id": "S1:465",
   "geometry": {
    "type": "Polygon",
    "coordinates": [
     [
      [
       -142.80445,
       30.58269
      ],
      [
       -142.80565,
       30.57216
      ],
      [
       -142.80922,
       30.56204
      ],
      [
       -142.81501,
       30.55271
      ],
      [
       -142.82281,
       30.54453
      ],
      [
       -142.8323,
       30.53782
      ],
      [
       -142.84314,
       30.53283
      ],
      [
       -142.8549,
       30.52976
      ],
      [
       -142.86713,
       30.52873
      ],
      [
       -142.87935,
       30.52976
      ],
      [
       -142.89111,
       30.53283
      ],
      [
       -142.90195,
       30.53782
      ],
      [
       -142.91145,
       30.54453
      ],
      [
       -142.91924,
       30.55271
      ],
      [
       -142.92503,
       30.56204
      ],
      [
       -142.9286,
       30.57216
      ],
      [
       -142.9298,
       30.58269
      ],
      [
       -142.9286,
       30.59321
      ],
      [
       -142.92503,
       30.60333
      ],
      [
       -142.91924,
       30.61266
      ],
      [
       -142.91145,
       30.62084
      ],
      [
       -142.90195,
       30.62755
      ],
      [
       -142.89111,
       30.63254
      ],
      [
       -142.87935,
       30.63561
      ],
      [
       -142.86713,
       30.63664
      ],
      [
       -142.8549,
       30.63561
      ],
      [
       -142.84314,
       30.63254
      ],
      [
       -142.8323,
       30.62755
      ],
      [
       -142.82281,
       30.62084
      ],
      [
       -142.81501,
       30.61266
      ],
      [
       -142.80922,
       30.60333
      ],
      [
       -142.80565,
       30.59321
      ],
      [
       -142.80445,
       30.58269
      ]
     ]
    ]
   },
   "properties": {
    "event_id": "S1:465",
    "source_id": "S1_GPGP2018",
    "target_keys": [],
    "sample_ids": [
     "MPL-0859",
     "MPL-0860",
     "MPL-0861"
    ],
    "date": "2016-10-06",
    "time": null,
    "footprint_kind": "point",
    "footprint_label": "только центр наблюдения: протяжённость неизвестна, круг неопределённости",
    "footprint_radius_m": 6000.0,
    "footprint_area_km2": 112.372,
    "geometry_approximate": false,
    "candidates": 0,
    "candidate_passes": 0,
    "accepted": 0,
    "accepted_passes": 0,
    "best_scene_id": null,
    "best_platform": null,
    "best_sync": null,
    "best_shift_hours": null,
    "best_shift_days": null,
    "best_time_uncertainty_hours": null,
    "best_coverage_fraction": null,
    "decision": "not_used",
    "reason_code": "no_target",
    "reason": "у события нет записей целевых величин",
    "detail": ""
   }
  },
  {
   "type": "Feature",
   "id": "S1:466",
   "geometry": {
    "type": "Polygon",
    "coordinates": [
     [
      [
       -142.47405,
       30.74668
      ],
      [
       -142.47525,
       30.73615
      ],
      [
       -142.47883,
       30.72603
      ],
      [
       -142.48463,
       30.7167
      ],
      [
       -142.49244,
       30.70852
      ],
      [
       -142.50195,
       30.70181
      ],
      [
       -142.5128,
       30.69682
      ],
      [
       -142.52458,
       30.69375
      ],
      [
       -142.53683,
       30.69272
      ],
      [
       -142.54908,
       30.69375
      ],
      [
       -142.56086,
       30.69682
      ],
      [
       -142.57171,
       30.70181
      ],
      [
       -142.58123,
       30.70852
      ],
      [
       -142.58903,
       30.7167
      ],
      [
       -142.59484,
       30.72603
      ],
      [
       -142.59841,
       30.73615
      ],
      [
       -142.59961,
       30.74668
      ],
      [
       -142.59841,
       30.7572
      ],
      [
       -142.59484,
       30.76733
      ],
      [
       -142.58903,
       30.77665
      ],
      [
       -142.58123,
       30.78483
      ],
      [
       -142.57171,
       30.79154
      ],
      [
       -142.56086,
       30.79653
      ],
      [
       -142.54908,
       30.7996
      ],
      [
       -142.53683,
       30.80064
      ],
      [
       -142.52458,
       30.7996
      ],
      [
       -142.5128,
       30.79653
      ],
      [
       -142.50195,
       30.79154
      ],
      [
       -142.49244,
       30.78483
      ],
      [
       -142.48463,
       30.77665
      ],
      [
       -142.47883,
       30.76733
      ],
      [
       -142.47525,
       30.7572
      ],
      [
       -142.47405,
       30.74668
      ]
     ]
    ]
   },
   "properties": {
    "event_id": "S1:466",
    "source_id": "S1_GPGP2018",
    "target_keys": [],
    "sample_ids": [
     "MPL-0862",
     "MPL-0863",
     "MPL-0864"
    ],
    "date": "2016-10-06",
    "time": null,
    "footprint_kind": "point",
    "footprint_label": "только центр наблюдения: протяжённость неизвестна, круг неопределённости",
    "footprint_radius_m": 6000.0,
    "footprint_area_km2": 112.372,
    "geometry_approximate": false,
    "candidates": 0,
    "candidate_passes": 0,
    "accepted": 0,
    "accepted_passes": 0,
    "best_scene_id": null,
    "best_platform": null,
    "best_sync": null,
    "best_shift_hours": null,
    "best_shift_days": null,
    "best_time_uncertainty_hours": null,
    "best_coverage_fraction": null,
    "decision": "not_used",
    "reason_code": "no_target",
    "reason": "у события нет записей целевых величин",
    "detail": ""
   }
  },
  {
   "type": "Feature",
   "id": "S1:467",
   "geometry": {
    "type": "Polygon",
    "coordinates": [
     [
      [
       -142.15052,
       30.90977
      ],
      [
       -142.15173,
       30.89925
      ],
      [
       -142.1553,
       30.88913
      ],
      [
       -142.16112,
       30.8798
      ],
      [
       -142.16894,
       30.87162
      ],
      [
       -142.17847,
       30.86491
      ],
      [
       -142.18934,
       30.85992
      ],
      [
       -142.20114,
       30.85685
      ],
      [
       -142.21341,
       30.85582
      ],
      [
       -142.22568,
       30.85685
      ],
      [
       -142.23748,
       30.85992
      ],
      [
       -142.24835,
       30.86491
      ],
      [
       -142.25788,
       30.87162
      ],
      [
       -142.2657,
       30.8798
      ],
      [
       -142.27151,
       30.88913
      ],
      [
       -142.27509,
       30.89925
      ],
      [
       -142.2763,
       30.90977
      ],
      [
       -142.27509,
       30.9203
      ],
      [
       -142.27151,
       30.93042
      ],
      [
       -142.2657,
       30.93975
      ],
      [
       -142.25788,
       30.94793
      ],
      [
       -142.24835,
       30.95464
      ],
      [
       -142.23748,
       30.95963
      ],
      [
       -142.22568,
       30.9627
      ],
      [
       -142.21341,
       30.96373
      ],
      [
       -142.20114,
       30.9627
      ],
      [
       -142.18934,
       30.95963
      ],
      [
       -142.17847,
       30.95464
      ],
      [
       -142.16894,
       30.94793
      ],
      [
       -142.16112,
       30.93975
      ],
      [
       -142.1553,
       30.93042
      ],
      [
       -142.15173,
       30.9203
      ],
      [
       -142.15052,
       30.90977
      ]
     ]
    ]
   },
   "properties": {
    "event_id": "S1:467",
    "source_id": "S1_GPGP2018",
    "target_keys": [],
    "sample_ids": [
     "MPL-0865",
     "MPL-0866",
     "MPL-0867",
     "MPL-0868"
    ],
    "date": "2016-10-06",
    "time": null,
    "footprint_kind": "point",
    "footprint_label": "только центр наблюдения: протяжённость неизвестна, круг неопределённости",
    "footprint_radius_m": 6000.0,
    "footprint_area_km2": 112.372,
    "geometry_approximate": false,
    "candidates": 0,
    "candidate_passes": 0,
    "accepted": 0,
    "accepted_passes": 0,
    "best_scene_id": null,
    "best_platform": null,
    "best_sync": null,
    "best_shift_hours": null,
    "best_shift_days": null,
    "best_time_uncertainty_hours": null,
    "best_coverage_fraction": null,
    "decision": "not_used",
    "reason_code": "no_target",
    "reason": "у события нет записей целевых величин",
    "detail": ""
   }
  },
  {
   "type": "Feature",
   "id": "S1:468",
   "geometry": {
    "type": "Polygon",
    "coordinates": [
     [
      [
       -141.73976,
       31.11563
      ],
      [
       -141.74097,
       31.1051
      ],
      [
       -141.74456,
       31.09498
      ],
      [
       -141.75038,
       31.08565
      ],
      [
       -141.75822,
       31.07747
      ],
      [
       -141.76777,
       31.07076
      ],
      [
       -141.77867,
       31.06578
      ],
      [
       -141.79049,
       31.06271
      ],
      [
       -141.80279,
       31.06167
      ],
      [
       -141.81508,
       31.06271
      ],
      [
       -141.82691,
       31.06578
      ],
      [
       -141.8378,
       31.07076
      ],
      [
       -141.84736,
       31.07747
      ],
      [
       -141.85519,
       31.08565
      ],
      [
       -141.86102,
       31.09498
      ],
      [
       -141.8646,
       31.1051
      ],
      [
       -141.86582,
       31.11563
      ],
      [
       -141.8646,
       31.12615
      ],
      [
       -141.86102,
       31.13628
      ],
      [
       -141.85519,
       31.14561
      ],
      [
       -141.84736,
       31.15378
      ],
      [
       -141.8378,
       31.16049
      ],
      [
       -141.82691,
       31.16548
      ],
      [
       -141.81508,
       31.16855
      ],
      [
       -141.80279,
       31.16959
      ],
      [
       -141.79049,
       31.16855
      ],
      [
       -141.77867,
       31.16548
      ],
      [
       -141.76777,
       31.16049
      ],
      [
       -141.75822,
       31.15378
      ],
      [
       -141.75038,
       31.14561
      ],
      [
       -141.74456,
       31.13628
      ],
      [
       -141.74097,
       31.12615
      ],
      [
       -141.73976,
       31.11563
      ]
     ]
    ]
   },
   "properties": {
    "event_id": "S1:468",
    "source_id": "S1_GPGP2018",
    "target_keys": [],
    "sample_ids": [
     "MPL-0869",
     "MPL-0870",
     "MPL-0871",
     "MPL-0872",
     "MPL-0873"
    ],
    "date": "2016-10-06",
    "time": null,
    "footprint_kind": "point",
    "footprint_label": "только центр наблюдения: протяжённость неизвестна, круг неопределённости",
    "footprint_radius_m": 6000.0,
    "footprint_area_km2": 112.372,
    "geometry_approximate": false,
    "candidates": 0,
    "candidate_passes": 0,
    "accepted": 0,
    "accepted_passes": 0,
    "best_scene_id": null,
    "best_platform": null,
    "best_sync": null,
    "best_shift_hours": null,
    "best_shift_days": null,
    "best_time_uncertainty_hours": null,
    "best_coverage_fraction": null,
    "decision": "not_used",
    "reason_code": "no_target",
    "reason": "у события нет записей целевых величин",
    "detail": ""
   }
  },
  {
   "type": "Feature",
   "id": "S1:469",
   "geometry": {
    "type": "Polygon",
    "coordinates": [
     [
      [
       -141.36194,
       31.30275
      ],
      [
       -141.36315,
       31.29223
      ],
      [
       -141.36674,
       31.2821
      ],
      [
       -141.37258,
       31.27277
      ],
      [
       -141.38043,
       31.2646
      ],
      [
       -141.39,
       31.25789
      ],
      [
       -141.40092,
       31.2529
      ],
      [
       -141.41277,
       31.24983
      ],
      [
       -141.42509,
       31.24879
      ],
      [
       -141.43741,
       31.24983
      ],
      [
       -141.44925,
       31.2529
      ],
      [
       -141.46017,
       31.25789
      ],
      [
       -141.46974,
       31.2646
      ],
      [
       -141.4776,
       31.27277
      ],
      [
       -141.48343,
       31.2821
      ],
      [
       -141.48703,
       31.29223
      ],
      [
       -141.48824,
       31.30275
      ],
      [
       -141.48703,
       31.31328
      ],
      [
       -141.48343,
       31.3234
      ],
      [
       -141.4776,
       31.33273
      ],
      [
       -141.46974,
       31.34091
      ],
      [
       -141.46017,
       31.34762
      ],
      [
       -141.44925,
       31.3526
      ],
      [
       -141.43741,
       31.35568
      ],
      [
       -141.42509,
       31.35671
      ],
      [
       -141.41277,
       31.35568
      ],
      [
       -141.40092,
       31.3526
      ],
      [
       -141.39,
       31.34762
      ],
      [
       -141.38043,
       31.34091
      ],
      [
       -141.37258,
       31.33273
      ],
      [
       -141.36674,
       31.3234
      ],
      [
       -141.36315,
       31.31328
      ],
      [
       -141.36194,
       31.30275
      ]
     ]
    ]
   },
   "properties": {
    "event_id": "S1:469",
    "source_id": "S1_GPGP2018",
    "target_keys": [],
    "sample_ids": [
     "MPL-0874",
     "MPL-0875",
     "MPL-0876"
    ],
    "date": "2016-10-06",
    "time": null,
    "footprint_kind": "point",
    "footprint_label": "только центр наблюдения: протяжённость неизвестна, круг неопределённости",
    "footprint_radius_m": 6000.0,
    "footprint_area_km2": 112.372,
    "geometry_approximate": false,
    "candidates": 0,
    "candidate_passes": 0,
    "accepted": 0,
    "accepted_passes": 0,
    "best_scene_id": null,
    "best_platform": null,
    "best_sync": null,
    "best_shift_hours": null,
    "best_shift_days": null,
    "best_time_uncertainty_hours": null,
    "best_coverage_fraction": null,
    "decision": "not_used",
    "reason_code": "no_target",
    "reason": "у события нет записей целевых величин",
    "detail": ""
   }
  },
  {
   "type": "Feature",
   "id": "S1:47.3",
   "geometry": {
    "type": "Polygon",
    "coordinates": [
     [
      [
       -140.69797,
       30.98878
      ],
      [
       -140.69808,
       30.98879
      ],
      [
       -140.69818,
       30.98881
      ],
      [
       -140.69827,
       30.98884
      ],
      [
       -140.69835,
       30.9889
      ],
      [
       -140.69842,
       30.98896
      ],
      [
       -140.69847,
       30.98904
      ],
      [
       -140.69851,
       30.98912
      ],
      [
       -140.69852,
       30.98921
      ],
      [
       -140.69852,
       30.98929
      ],
      [
       -140.69849,
       30.98938
      ],
      [
       -140.69845,
       30.98946
      ],
      [
       -140.69839,
       30.98953
      ],
      [
       -140.69831,
       30.98959
      ],
      [
       -140.69823,
       30.98964
      ],
      [
       -140.69813,
       30.98967
      ],
      [
       -140.69803,
       30.98968
      ],
      [
       -140.54806,
       30.99635
      ],
      [
       -140.54796,
       30.99634
      ],
      [
       -140.54786,
       30.99632
      ],
      [
       -140.54776,
       30.99629
      ],
      [
       -140.54768,
       30.99623
      ],
      [
       -140.54761,
       30.99617
      ],
      [
       -140.54756,
       30.99609
      ],
      [
       -140.54752,
       30.99601
      ],
      [
       -140.54751,
       30.99592
      ],
      [
       -140.54751,
       30.99584
      ],
      [
       -140.54754,
       30.99575
      ],
      [
       -140.54758,
       30.99567
      ],
      [
       -140.54764,
       30.9956
      ],
      [
       -140.54772,
       30.99554
      ],
      [
       -140.54781,
       30.99549
      ],
      [
       -140.5479,
       30.99546
      ],
      [
       -140.54801,
       30.99545
      ],
      [
       -140.69797,
       30.98878
      ]
     ]
    ]
   },
   "properties": {
    "event_id": "S1:47.3",
    "source_id": "S1_GPGP2018",
    "target_keys": [],
    "sample_ids": [
     "MPL-0670"
    ],
    "date": "2015-08-08",
    "time": "2015-08-08T22:15:00Z",
    "footprint_kind": "strip",
    "footprint_label": "полоса по концам трансекты",
    "footprint_radius_m": 50.0,
    "footprint_area_km2": 1.4392,
    "geometry_approximate": false,
    "candidates": 0,
    "candidate_passes": 0,
    "accepted": 0,
    "accepted_passes": 0,
    "best_scene_id": null,
    "best_platform": null,
    "best_sync": null,
    "best_shift_hours": null,
    "best_shift_days": null,
    "best_time_uncertainty_hours": null,
    "best_coverage_fraction": null,
    "decision": "not_used",
    "reason_code": "no_target",
    "reason": "у события нет записей целевых величин",
    "detail": ""
   }
  },
  {
   "type": "Feature",
   "id": "S1:47.4",
   "geometry": {
    "type": "Polygon",
    "coordinates": [
     [
      [
       -140.70493,
       30.98385
      ],
      [
       -140.70503,
       30.98385
      ],
      [
       -140.70513,
       30.98386
      ],
      [
       -140.70523,
       30.98389
      ],
      [
       -140.70531,
       30.98394
      ],
      [
       -140.70539,
       30.984
      ],
      [
       -140.70545,
       30.98407
      ],
      [
       -140.70549,
       30.98415
      ],
      [
       -140.70552,
       30.98424
      ],
      [
       -140.70552,
       30.98432
      ],
      [
       -140.70551,
       30.98441
      ],
      [
       -140.70547,
       30.98449
      ],
      [
       -140.70542,
       30.98457
      ],
      [
       -140.70535,
       30.98463
      ],
      [
       -140.70527,
       30.98469
      ],
      [
       -140.70517,
       30.98472
      ],
      [
       -140.70507,
       30.98475
      ],
      [
       -140.53984,
       31.00505
      ],
      [
       -140.53974,
       31.00505
      ],
      [
       -140.53964,
       31.00504
      ],
      [
       -140.53954,
       31.00501
      ],
      [
       -140.53945,
       31.00496
      ],
      [
       -140.53938,
       31.0049
      ],
      [
       -140.53932,
       31.00483
      ],
      [
       -140.53927,
       31.00475
      ],
      [
       -140.53925,
       31.00466
      ],
      [
       -140.53924,
       31.00458
      ],
      [
       -140.53926,
       31.00449
      ],
      [
       -140.53929,
       31.00441
      ],
      [
       -140.53935,
       31.00433
      ],
      [
       -140.53942,
       31.00427
      ],
      [
       -140.5395,
       31.00421
      ],
      [
       -140.53959,
       31.00418
      ],
      [
       -140.53969,
       31.00415
      ],
      [
       -140.70493,
       30.98385
      ]
     ]
    ]
   },
   "properties": {
    "event_id": "S1:47.4",
    "source_id": "S1_GPGP2018",
    "target_keys": [
     "plastic-trawl"
    ],
    "sample_ids": [
     "MPL-0669"
    ],
    "date": "2015-08-08",
    "time": "2015-08-08T22:15:00Z",
    "footprint_kind": "strip",
    "footprint_label": "полоса по концам трансекты",
    "footprint_radius_m": 50.0,
    "footprint_area_km2": 1.5989,
    "geometry_approximate": false,
    "candidates": 0,
    "candidate_passes": 0,
    "accepted": 0,
    "accepted_passes": 0,
    "best_scene_id": null,
    "best_platform": null,
    "best_sync": null,
    "best_shift_hours": null,
    "best_shift_days": null,
    "best_time_uncertainty_hours": null,
    "best_coverage_fraction": null,
    "decision": "rejected",
    "reason_code": "not_acquired",
    "reason": "район не снимается: сцен нет и в широком окне, вероятно открытый океан",
    "detail": ""
   }
  },
  {
   "type": "Feature",
   "id": "S1:470",
   "geometry": {
    "type": "Polygon",
    "coordinates": [
     [
      [
       -140.97363,
       31.498
      ],
      [
       -140.97485,
       31.48747
      ],
      [
       -140.97845,
       31.47735
      ],
      [
       -140.9843,
       31.46802
      ],
      [
       -140.99217,
       31.45984
      ],
      [
       -141.00176,
       31.45313
      ],
      [
       -141.0127,
       31.44815
      ],
      [
       -141.02457,
       31.44508
      ],
      [
       -141.03692,
       31.44404
      ],
      [
       -141.04926,
       31.44508
      ],
      [
       -141.06113,
       31.44815
      ],
      [
       -141.07207,
       31.45313
      ],
      [
       -141.08166,
       31.45984
      ],
      [
       -141.08953,
       31.46802
      ],
      [
       -141.09538,
       31.47735
      ],
      [
       -141.09898,
       31.48747
      ],
      [
       -141.1002,
       31.498
      ],
      [
       -141.09898,
       31.50853
      ],
      [
       -141.09538,
       31.51865
      ],
      [
       -141.08953,
       31.52798
      ],
      [
       -141.08166,
       31.53615
      ],
      [
       -141.07207,
       31.54287
      ],
      [
       -141.06113,
       31.54785
      ],
      [
       -141.04926,
       31.55092
      ],
      [
       -141.03692,
       31.55196
      ],
      [
       -141.02457,
       31.55092
      ],
      [
       -141.0127,
       31.54785
      ],
      [
       -141.00176,
       31.54287
      ],
      [
       -140.99217,
       31.53615
      ],
      [
       -140.9843,
       31.52798
      ],
      [
       -140.97845,
       31.51865
      ],
      [
       -140.97485,
       31.50853
      ],
      [
       -140.97363,
       31.498
      ]
     ]
    ]
   },
   "properties": {
    "event_id": "S1:470",
    "source_id": "S1_GPGP2018",
    "target_keys": [],
    "sample_ids": [
     "MPL-0877",
     "MPL-0878",
     "MPL-0879"
    ],
    "date": "2016-10-06",
    "time": null,
    "footprint_kind": "point",
    "footprint_label": "только центр наблюдения: протяжённость неизвестна, круг неопределённости",
    "footprint_radius_m": 6000.0,
    "footprint_area_km2": 112.372,
    "geometry_approximate": false,
    "candidates": 0,
    "candidate_passes": 0,
    "accepted": 0,
    "accepted_passes": 0,
    "best_scene_id": null,
    "best_platform": null,
    "best_sync": null,
    "best_shift_hours": null,
    "best_shift_days": null,
    "best_time_uncertainty_hours": null,
    "best_coverage_fraction": null,
    "decision": "not_used",
    "reason_code": "no_target",
    "reason": "у события нет записей целевых величин",
    "detail": ""
   }
  },
  {
   "type": "Feature",
   "id": "S1:471",
   "geometry": {
    "type": "Polygon",
    "coordinates": [
     [
      [
       -140.09966,
       31.92997
      ],
      [
       -140.10088,
       31.91944
      ],
      [
       -140.1045,
       31.90932
      ],
      [
       -140.11037,
       31.89999
      ],
      [
       -140.11828,
       31.89181
      ],
      [
       -140.12791,
       31.8851
      ],
      [
       -140.13891,
       31.88011
      ],
      [
       -140.15083,
       31.87704
      ],
      [
       -140.16324,
       31.87601
      ],
      [
       -140.17564,
       31.87704
      ],
      [
       -140.18757,
       31.88011
      ],
      [
       -140.19856,
       31.8851
      ],
      [
       -140.20819,
       31.89181
      ],
      [
       -140.2161,
       31.89999
      ],
      [
       -140.22198,
       31.90932
      ],
      [
       -140.22559,
       31.91944
      ],
      [
       -140.22682,
       31.92997
      ],
      [
       -140.22559,
       31.94049
      ],
      [
       -140.22198,
       31.95062
      ],
      [
       -140.2161,
       31.95994
      ],
      [
       -140.20819,
       31.96812
      ],
      [
       -140.19856,
       31.97483
      ],
      [
       -140.18757,
       31.97982
      ],
      [
       -140.17564,
       31.98289
      ],
      [
       -140.16324,
       31.98392
      ],
      [
       -140.15083,
       31.98289
      ],
      [
       -140.13891,
       31.97982
      ],
      [
       -140.12791,
       31.97483
      ],
      [
       -140.11828,
       31.96812
      ],
      [
       -140.11037,
       31.95994
      ],
      [
       -140.1045,
       31.95062
      ],
      [
       -140.10088,
       31.94049
      ],
      [
       -140.09966,
       31.92997
      ]
     ]
    ]
   },
   "properties": {
    "event_id": "S1:471",
    "source_id": "S1_GPGP2018",
    "target_keys": [],
    "sample_ids": [
     "MPL-0880",
     "MPL-0881",
     "MPL-0882"
    ],
    "date": "2016-10-06",
    "time": null,
    "footprint_kind": "point",
    "footprint_label": "только центр наблюдения: протяжённость неизвестна, круг неопределённости",
    "footprint_radius_m": 6000.0,
    "footprint_area_km2": 112.372,
    "geometry_approximate": false,
    "candidates": 0,
    "candidate_passes": 0,
    "accepted": 0,
    "accepted_passes": 0,
    "best_scene_id": null,
    "best_platform": null,
    "best_sync": null,
    "best_shift_hours": null,
    "best_shift_days": null,
    "best_time_uncertainty_hours": null,
    "best_coverage_fraction": null,
    "decision": "not_used",
    "reason_code": "no_target",
    "reason": "у события нет записей целевых величин",
    "detail": ""
   }
  },
  {
   "type": "Feature",
   "id": "S1:472",
   "geometry": {
    "type": "Polygon",
    "coordinates": [
     [
      [
       -139.73263,
       32.11147
      ],
      [
       -139.73385,
       32.10094
      ],
      [
       -139.73748,
       32.09082
      ],
      [
       -139.74336,
       32.08149
      ],
      [
       -139.75129,
       32.07331
      ],
      [
       -139.76094,
       32.0666
      ],
      [
       -139.77195,
       32.06162
      ],
      [
       -139.7839,
       32.05854
      ],
      [
       -139.79633,
       32.05751
      ],
      [
       -139.80876,
       32.05854
      ],
      [
       -139.82071,
       32.06162
      ],
      [
       -139.83172,
       32.0666
      ],
      [
       -139.84138,
       32.07331
      ],
      [
       -139.8493,
       32.08149
      ],
      [
       -139.85519,
       32.09082
      ],
      [
       -139.85881,
       32.10094
      ],
      [
       -139.86004,
       32.11147
      ],
      [
       -139.85881,
       32.12199
      ],
      [
       -139.85519,
       32.13212
      ],
      [
       -139.8493,
       32.14145
      ],
      [
       -139.84138,
       32.14962
      ],
      [
       -139.83172,
       32.15633
      ],
      [
       -139.82071,
       32.16132
      ],
      [
       -139.80876,
       32.16439
      ],
      [
       -139.79633,
       32.16543
      ],
      [
       -139.7839,
       32.16439
      ],
      [
       -139.77195,
       32.16132
      ],
      [
       -139.76094,
       32.15633
      ],
      [
       -139.75129,
       32.14962
      ],
      [
       -139.74336,
       32.14145
      ],
      [
       -139.73748,
       32.13212
      ],
      [
       -139.73385,
       32.12199
      ],
      [
       -139.73263,
       32.11147
      ]
     ]
    ]
   },
   "properties": {
    "event_id": "S1:472",
    "source_id": "S1_GPGP2018",
    "target_keys": [],
    "sample_ids": [
     "MPL-0883",
     "MPL-0884",
     "MPL-0885",
     "MPL-0886"
    ],
    "date": "2016-10-06",
    "time": null,
    "footprint_kind": "point",
    "footprint_label": "только центр наблюдения: протяжённость неизвестна, круг неопределённости",
    "footprint_radius_m": 6000.0,
    "footprint_area_km2": 112.372,
    "geometry_approximate": false,
    "candidates": 0,
    "candidate_passes": 0,
    "accepted": 0,
    "accepted_passes": 0,
    "best_scene_id": null,
    "best_platform": null,
    "best_sync": null,
    "best_shift_hours": null,
    "best_shift_days": null,
    "best_time_uncertainty_hours": null,
    "best_coverage_fraction": null,
    "decision": "not_used",
    "reason_code": "no_target",
    "reason": "у события нет записей целевых величин",
    "detail": ""
   }
  },
  {
   "type": "Feature",
   "id": "S1:473",
   "geometry": {
    "type": "Polygon",
    "coordinates": [
     [
      [
       -139.3887,
       32.28113
      ],
      [
       -139.38992,
       32.2706
      ],
      [
       -139.39356,
       32.26048
      ],
      [
       -139.39945,
       32.25115
      ],
      [
       -139.40739,
       32.24297
      ],
      [
       -139.41706,
       32.23626
      ],
      [
       -139.4281,
       32.23128
      ],
      [
       -139.44007,
       32.2282
      ],
      [
       -139.45252,
       32.22717
      ],
      [
       -139.46497,
       32.2282
      ],
      [
       -139.47695,
       32.23128
      ],
      [
       -139.48798,
       32.23626
      ],
      [
       -139.49765,
       32.24297
      ],
      [
       -139.50559,
       32.25115
      ],
      [
       -139.51149,
       32.26048
      ],
      [
       -139.51512,
       32.2706
      ],
      [
       -139.51635,
       32.28113
      ],
      [
       -139.51512,
       32.29165
      ],
      [
       -139.51149,
       32.30178
      ],
      [
       -139.50559,
       32.31111
      ],
      [
       -139.49765,
       32.31928
      ],
      [
       -139.48798,
       32.32599
      ],
      [
       -139.47695,
       32.33098
      ],
      [
       -139.46497,
       32.33405
      ],
      [
       -139.45252,
       32.33509
      ],
      [
       -139.44007,
       32.33405
      ],
      [
       -139.4281,
       32.33098
      ],
      [
       -139.41706,
       32.32599
      ],
      [
       -139.40739,
       32.31928
      ],
      [
       -139.39945,
       32.31111
      ],
      [
       -139.39356,
       32.30178
      ],
      [
       -139.38992,
       32.29165
      ],
      [
       -139.3887,
       32.28113
      ]
     ]
    ]
   },
   "properties": {
    "event_id": "S1:473",
    "source_id": "S1_GPGP2018",
    "target_keys": [],
    "sample_ids": [
     "MPL-0887",
     "MPL-0888",
     "MPL-0889"
    ],
    "date": "2016-10-06",
    "time": null,
    "footprint_kind": "point",
    "footprint_label": "только центр наблюдения: протяжённость неизвестна, круг неопределённости",
    "footprint_radius_m": 6000.0,
    "footprint_area_km2": 112.372,
    "geometry_approximate": false,
    "candidates": 0,
    "candidate_passes": 0,
    "accepted": 0,
    "accepted_passes": 0,
    "best_scene_id": null,
    "best_platform": null,
    "best_sync": null,
    "best_shift_hours": null,
    "best_shift_days": null,
    "best_time_uncertainty_hours": null,
    "best_coverage_fraction": null,
    "decision": "not_used",
    "reason_code": "no_target",
    "reason": "у события нет записей целевых величин",
    "detail": ""
   }
  },
  {
   "type": "Feature",
   "id": "S1:474",
   "geometry": {
    "type": "Polygon",
    "coordinates": [
     [
      [
       -139.04121,
       32.45144
      ],
      [
       -139.04244,
       32.44091
      ],
      [
       -139.04608,
       32.43079
      ],
      [
       -139.05199,
       32.42146
      ],
      [
       -139.05994,
       32.41329
      ],
      [
       -139.06963,
       32.40658
      ],
      [
       -139.08069,
       32.40159
      ],
      [
       -139.09268,
       32.39852
      ],
      [
       -139.10516,
       32.39748
      ],
      [
       -139.11763,
       32.39852
      ],
      [
       -139.12963,
       32.40159
      ],
      [
       -139.14068,
       32.40658
      ],
      [
       -139.15037,
       32.41329
      ],
      [
       -139.15833,
       32.42146
      ],
      [
       -139.16424,
       32.43079
      ],
      [
       -139.16787,
       32.44091
      ],
      [
       -139.1691,
       32.45144
      ],
      [
       -139.16787,
       32.46197
      ],
      [
       -139.16424,
       32.47209
      ],
      [
       -139.15833,
       32.48142
      ],
      [
       -139.15037,
       32.4896
      ],
      [
       -139.14068,
       32.49631
      ],
      [
       -139.12963,
       32.50129
      ],
      [
       -139.11763,
       32.50436
      ],
      [
       -139.10516,
       32.5054
      ],
      [
       -139.09268,
       32.50436
      ],
      [
       -139.08069,
       32.50129
      ],
      [
       -139.06963,
       32.49631
      ],
      [
       -139.05994,
       32.4896
      ],
      [
       -139.05199,
       32.48142
      ],
      [
       -139.04608,
       32.47209
      ],
      [
       -139.04244,
       32.46197
      ],
      [
       -139.04121,
       32.45144
      ]
     ]
    ]
   },
   "properties": {
    "event_id": "S1:474",
    "source_id": "S1_GPGP2018",
    "target_keys": [],
    "sample_ids": [
     "MPL-0890",
     "MPL-0891",
     "MPL-0892"
    ],
    "date": "2016-10-06",
    "time": null,
    "footprint_kind": "point",
    "footprint_label": "только центр наблюдения: протяжённость неизвестна, круг неопределённости",
    "footprint_radius_m": 6000.0,
    "footprint_area_km2": 112.372,
    "geometry_approximate": false,
    "candidates": 0,
    "candidate_passes": 0,
    "accepted": 0,
    "accepted_passes": 0,
    "best_scene_id": null,
    "best_platform": null,
    "best_sync": null,
    "best_shift_hours": null,
    "best_shift_days": null,
    "best_time_uncertainty_hours": null,
    "best_coverage_fraction": null,
    "decision": "not_used",
    "reason_code": "no_target",
    "reason": "у события нет записей целевых величин",
    "detail": ""
   }
  },
  {
   "type": "Feature",
   "id": "S1:475",
   "geometry": {
    "type": "Polygon",
    "coordinates": [
     [
      [
       -138.70681,
       32.61532
      ],
      [
       -138.70804,
       32.60479
      ],
      [
       -138.71169,
       32.59467
      ],
      [
       -138.71761,
       32.58534
      ],
      [
       -138.72557,
       32.57717
      ],
      [
       -138.73528,
       32.57045
      ],
      [
       -138.74635,
       32.56547
      ],
      [
       -138.75837,
       32.5624
      ],
      [
       -138.77087,
       32.56136
      ],
      [
       -138.78337,
       32.5624
      ],
      [
       -138.79539,
       32.56547
      ],
      [
       -138.80646,
       32.57045
      ],
      [
       -138.81617,
       32.57717
      ],
      [
       -138.82413,
       32.58534
      ],
      [
       -138.83005,
       32.59467
      ],
      [
       -138.8337,
       32.60479
      ],
      [
       -138.83493,
       32.61532
      ],
      [
       -138.8337,
       32.62585
      ],
      [
       -138.83005,
       32.63597
      ],
      [
       -138.82413,
       32.6453
      ],
      [
       -138.81617,
       32.65348
      ],
      [
       -138.80646,
       32.66019
      ],
      [
       -138.79539,
       32.66517
      ],
      [
       -138.78337,
       32.66824
      ],
      [
       -138.77087,
       32.66928
      ],
      [
       -138.75837,
       32.66824
      ],
      [
       -138.74635,
       32.66517
      ],
      [
       -138.73528,
       32.66019
      ],
      [
       -138.72557,
       32.65348
      ],
      [
       -138.71761,
       32.6453
      ],
      [
       -138.71169,
       32.63597
      ],
      [
       -138.70804,
       32.62585
      ],
      [
       -138.70681,
       32.61532
      ]
     ]
    ]
   },
   "properties": {
    "event_id": "S1:475",
    "source_id": "S1_GPGP2018",
    "target_keys": [],
    "sample_ids": [
     "MPL-0893",
     "MPL-0894",
     "MPL-0895"
    ],
    "date": "2016-10-06",
    "time": null,
    "footprint_kind": "point",
    "footprint_label": "только центр наблюдения: протяжённость неизвестна, круг неопределённости",
    "footprint_radius_m": 6000.0,
    "footprint_area_km2": 112.372,
    "geometry_approximate": false,
    "candidates": 0,
    "candidate_passes": 0,
    "accepted": 0,
    "accepted_passes": 0,
    "best_scene_id": null,
    "best_platform": null,
    "best_sync": null,
    "best_shift_hours": null,
    "best_shift_days": null,
    "best_time_uncertainty_hours": null,
    "best_coverage_fraction": null,
    "decision": "not_used",
    "reason_code": "no_target",
    "reason": "у события нет записей целевых величин",
    "detail": ""
   }
  },
  {
   "type": "Feature",
   "id": "S1:476",
   "geometry": {
    "type": "Polygon",
    "coordinates": [
     [
      [
       -138.36003,
       32.78551
      ],
      [
       -138.36127,
       32.77499
      ],
      [
       -138.36492,
       32.76486
      ],
      [
       -138.37085,
       32.75554
      ],
      [
       -138.37883,
       32.74736
      ],
      [
       -138.38856,
       32.74065
      ],
      [
       -138.39966,
       32.73566
      ],
      [
       -138.4117,
       32.73259
      ],
      [
       -138.42422,
       32.73155
      ],
      [
       -138.43674,
       32.73259
      ],
      [
       -138.44878,
       32.73566
      ],
      [
       -138.45988,
       32.74065
      ],
      [
       -138.4696,
       32.74736
      ],
      [
       -138.47758,
       32.75554
      ],
      [
       -138.48351,
       32.76486
      ],
      [
       -138.48717,
       32.77499
      ],
      [
       -138.4884,
       32.78551
      ],
      [
       -138.48717,
       32.79604
      ],
      [
       -138.48351,
       32.80616
      ],
      [
       -138.47758,
       32.81549
      ],
      [
       -138.4696,
       32.82367
      ],
      [
       -138.45988,
       32.83038
      ],
      [
       -138.44878,
       32.83537
      ],
      [
       -138.43674,
       32.83844
      ],
      [
       -138.42422,
       32.83947
      ],
      [
       -138.4117,
       32.83844
      ],
      [
       -138.39966,
       32.83537
      ],
      [
       -138.38856,
       32.83038
      ],
      [
       -138.37883,
       32.82367
      ],
      [
       -138.37085,
       32.81549
      ],
      [
       -138.36492,
       32.80616
      ],
      [
       -138.36127,
       32.79604
      ],
      [
       -138.36003,
       32.78551
      ]
     ]
    ]
   },
   "properties": {
    "event_id": "S1:476",
    "source_id": "S1_GPGP2018",
    "target_keys": [],
    "sample_ids": [
     "MPL-0896",
     "MPL-0897",
     "MPL-0898",
     "MPL-0899",
     "MPL-0900"
    ],
    "date": "2016-10-06",
    "time": null,
    "footprint_kind": "point",
    "footprint_label": "только центр наблюдения: протяжённость неизвестна, круг неопределённости",
    "footprint_radius_m": 6000.0,
    "footprint_area_km2": 112.372,
    "geometry_approximate": false,
    "candidates": 0,
    "candidate_passes": 0,
    "accepted": 0,
    "accepted_passes": 0,
    "best_scene_id": null,
    "best_platform": null,
    "best_sync": null,
    "best_shift_hours": null,
    "best_shift_days": null,
    "best_time_uncertainty_hours": null,
    "best_coverage_fraction": null,
    "decision": "not_used",
    "reason_code": "no_target",
    "reason": "у события нет записей целевых величин",
    "detail": ""
   }
  },
  {
   "type": "Feature",
   "id": "S1:477",
   "geometry": {
    "type": "Polygon",
    "coordinates": [
     [
      [
       -138.09155,
       32.91726
      ],
      [
       -138.09279,
       32.90674
      ],
      [
       -138.09645,
       32.89662
      ],
      [
       -138.10239,
       32.88729
      ],
      [
       -138.11038,
       32.87911
      ],
      [
       -138.12012,
       32.8724
      ],
      [
       -138.13123,
       32.86741
      ],
      [
       -138.14329,
       32.86434
      ],
      [
       -138.15583,
       32.86331
      ],
      [
       -138.16837,
       32.86434
      ],
      [
       -138.18043,
       32.86741
      ],
      [
       -138.19154,
       32.8724
      ],
      [
       -138.20128,
       32.87911
      ],
      [
       -138.20928,
       32.88729
      ],
      [
       -138.21522,
       32.89662
      ],
      [
       -138.21887,
       32.90674
      ],
      [
       -138.22011,
       32.91726
      ],
      [
       -138.21887,
       32.92779
      ],
      [
       -138.21522,
       32.93791
      ],
      [
       -138.20928,
       32.94724
      ],
      [
       -138.20128,
       32.95542
      ],
      [
       -138.19154,
       32.96213
      ],
      [
       -138.18043,
       32.96712
      ],
      [
       -138.16837,
       32.97019
      ],
      [
       -138.15583,
       32.97122
      ],
      [
       -138.14329,
       32.97019
      ],
      [
       -138.13123,
       32.96712
      ],
      [
       -138.12012,
       32.96213
      ],
      [
       -138.11038,
       32.95542
      ],
      [
       -138.10239,
       32.94724
      ],
      [
       -138.09645,
       32.93791
      ],
      [
       -138.09279,
       32.92779
      ],
      [
       -138.09155,
       32.91726
      ]
     ]
    ]
   },
   "properties": {
    "event_id": "S1:477",
    "source_id": "S1_GPGP2018",
    "target_keys": [],
    "sample_ids": [
     "MPL-0901",
     "MPL-0902"
    ],
    "date": "2016-10-06",
    "time": null,
    "footprint_kind": "point",
    "footprint_label": "только центр наблюдения: протяжённость неизвестна, круг неопределённости",
    "footprint_radius_m": 6000.0,
    "footprint_area_km2": 112.372,
    "geometry_approximate": false,
    "candidates": 0,
    "candidate_passes": 0,
    "accepted": 0,
    "accepted_passes": 0,
    "best_scene_id": null,
    "best_platform": null,
    "best_sync": null,
    "best_shift_hours": null,
    "best_shift_days": null,
    "best_time_uncertainty_hours": null,
    "best_coverage_fraction": null,
    "decision": "not_used",
    "reason_code": "no_target",
    "reason": "у события нет записей целевых величин",
    "detail": ""
   }
  },
  {
   "type": "Feature",
   "id": "S1:48.3",
   "geometry": {
    "type": "Polygon",
    "coordinates": [
     [
      [
       -141.32294,
       30.96677
      ],
      [
       -141.32305,
       30.96677
      ],
      [
       -141.32315,
       30.96679
      ],
      [
       -141.32324,
       30.96682
      ],
      [
       -141.32333,
       30.96687
      ],
      [
       -141.3234,
       30.96693
      ],
      [
       -141.32346,
       30.96701
      ],
      [
       -141.3235,
       30.96709
      ],
      [
       -141.32352,
       30.96717
      ],
      [
       -141.32352,
       30.96726
      ],
      [
       -141.3235,
       30.96735
      ],
      [
       -141.32346,
       30.96743
      ],
      [
       -141.32341,
       30.9675
      ],
      [
       -141.32334,
       30.96757
      ],
      [
       -141.32325,
       30.96762
      ],
      [
       -141.32316,
       30.96765
      ],
      [
       -141.32306,
       30.96767
      ],
      [
       -141.17517,
       30.98105
      ],
      [
       -141.17507,
       30.98105
      ],
      [
       -141.17497,
       30.98103
      ],
      [
       -141.17487,
       30.981
      ],
      [
       -141.17479,
       30.98095
      ],
      [
       -141.17471,
       30.98089
      ],
      [
       -141.17466,
       30.98081
      ],
      [
       -141.17462,
       30.98073
      ],
      [
       -141.1746,
       30.98065
      ],
      [
       -141.17459,
       30.98056
      ],
      [
       -141.17461,
       30.98047
      ],
      [
       -141.17465,
       30.98039
      ],
      [
       -141.17471,
       30.98032
      ],
      [
       -141.17478,
       30.98025
      ],
      [
       -141.17487,
       30.9802
      ],
      [
       -141.17496,
       30.98017
      ],
      [
       -141.17506,
       30.98015
      ],
      [
       -141.32294,
       30.96677
      ]
     ]
    ]
   },
   "properties": {
    "event_id": "S1:48.3",
    "source_id": "S1_GPGP2018",
    "target_keys": [],
    "sample_ids": [
     "MPL-0678"
    ],
    "date": "2015-08-09",
    "time": "2015-08-09T04:20:30Z",
    "footprint_kind": "strip",
    "footprint_label": "полоса по концам трансекты",
    "footprint_radius_m": 50.0,
    "footprint_area_km2": 1.4255,
    "geometry_approximate": false,
    "candidates": 0,
    "candidate_passes": 0,
    "accepted": 0,
    "accepted_passes": 0,
    "best_scene_id": null,
    "best_platform": null,
    "best_sync": null,
    "best_shift_hours": null,
    "best_shift_days": null,
    "best_time_uncertainty_hours": null,
    "best_coverage_fraction": null,
    "decision": "not_used",
    "reason_code": "no_target",
    "reason": "у события нет записей целевых величин",
    "detail": ""
   }
  },
  {
   "type": "Feature",
   "id": "S1:48.4",
   "geometry": {
    "type": "Polygon",
    "coordinates": [
     [
      [
       -141.33089,
       30.96016
      ],
      [
       -141.331,
       30.96015
      ],
      [
       -141.3311,
       30.96016
      ],
      [
       -141.3312,
       30.96018
      ],
      [
       -141.33129,
       30.96022
      ],
      [
       -141.33137,
       30.96028
      ],
      [
       -141.33143,
       30.96035
      ],
      [
       -141.33148,
       30.96043
      ],
      [
       -141.33151,
       30.96051
      ],
      [
       -141.33152,
       30.9606
      ],
      [
       -141.33151,
       30.96069
      ],
      [
       -141.33149,
       30.96077
      ],
      [
       -141.33144,
       30.96085
      ],
      [
       -141.33137,
       30.96092
      ],
      [
       -141.33129,
       30.96097
      ],
      [
       -141.3312,
       30.96101
      ],
      [
       -141.33111,
       30.96104
      ],
      [
       -141.16879,
       30.98954
      ],
      [
       -141.16869,
       30.98955
      ],
      [
       -141.16858,
       30.98954
      ],
      [
       -141.16849,
       30.98952
      ],
      [
       -141.16839,
       30.98948
      ],
      [
       -141.16831,
       30.98942
      ],
      [
       -141.16825,
       30.98935
      ],
      [
       -141.1682,
       30.98927
      ],
      [
       -141.16817,
       30.98919
      ],
      [
       -141.16816,
       30.9891
      ],
      [
       -141.16817,
       30.98901
      ],
      [
       -141.1682,
       30.98893
      ],
      [
       -141.16825,
       30.98885
      ],
      [
       -141.16831,
       30.98878
      ],
      [
       -141.16839,
       30.98873
      ],
      [
       -141.16848,
       30.98869
      ],
      [
       -141.16858,
       30.98866
      ],
      [
       -141.33089,
       30.96016
      ]
     ]
    ]
   },
   "properties": {
    "event_id": "S1:48.4",
    "source_id": "S1_GPGP2018",
    "target_keys": [
     "plastic-trawl"
    ],
    "sample_ids": [
     "MPL-0677"
    ],
    "date": "2015-08-09",
    "time": "2015-08-09T04:22:00Z",
    "footprint_kind": "strip",
    "footprint_label": "полоса по концам трансекты",
    "footprint_radius_m": 50.0,
    "footprint_area_km2": 1.5874,
    "geometry_approximate": false,
    "candidates": 0,
    "candidate_passes": 0,
    "accepted": 0,
    "accepted_passes": 0,
    "best_scene_id": null,
    "best_platform": null,
    "best_sync": null,
    "best_shift_hours": null,
    "best_shift_days": null,
    "best_time_uncertainty_hours": null,
    "best_coverage_fraction": null,
    "decision": "rejected",
    "reason_code": "not_acquired",
    "reason": "район не снимается: сцен нет и в широком окне, вероятно открытый океан",
    "detail": ""
   }
  },
  {
   "type": "Feature",
   "id": "S1:49.3",
   "geometry": {
    "type": "Polygon",
    "coordinates": [
     [
      [
       -141.87902,
       30.993
      ],
      [
       -141.87912,
       30.99301
      ],
      [
       -141.87922,
       30.99304
      ],
      [
       -141.8793,
       30.99308
      ],
      [
       -141.87938,
       30.99314
      ],
      [
       -141.87944,
       30.99321
      ],
      [
       -141.87949,
       30.99329
      ],
      [
       -141.87952,
       30.99338
      ],
      [
       -141.87952,
       30.99346
      ],
      [
       -141.87951,
       30.99355
      ],
      [
       -141.87948,
       30.99363
      ],
      [
       -141.87943,
       30.99371
      ],
      [
       -141.87936,
       30.99378
      ],
      [
       -141.87928,
       30.99383
      ],
      [
       -141.87919,
       30.99387
      ],
      [
       -141.87909,
       30.99389
      ],
      [
       -141.87898,
       30.9939
      ],
      [
       -141.738,
       30.99025
      ],
      [
       -141.7379,
       30.99024
      ],
      [
       -141.7378,
       30.99021
      ],
      [
       -141.73771,
       30.99017
      ],
      [
       -141.73764,
       30.99011
      ],
      [
       -141.73757,
       30.99004
      ],
      [
       -141.73753,
       30.98996
      ],
      [
       -141.7375,
       30.98987
      ],
      [
       -141.73749,
       30.98979
      ],
      [
       -141.73751,
       30.9897
      ],
      [
       -141.73754,
       30.98962
      ],
      [
       -141.73759,
       30.98954
      ],
      [
       -141.73766,
       30.98947
      ],
      [
       -141.73774,
       30.98942
      ],
      [
       -141.73783,
       30.98938
      ],
      [
       -141.73793,
       30.98936
      ],
      [
       -141.73803,
       30.98935
      ],
      [
       -141.87902,
       30.993
      ]
     ]
    ]
   },
   "properties": {
    "event_id": "S1:49.3",
    "source_id": "S1_GPGP2018",
    "target_keys": [
     "plastic-trawl"
    ],
    "sample_ids": [
     "MPL-0684"
    ],
    "date": "2015-08-09",
    "time": "2015-08-09T10:17:00Z",
    "footprint_kind": "strip",
    "footprint_label": "полоса по концам трансекты",
    "footprint_radius_m": 50.0,
    "footprint_area_km2": 1.3523,
    "geometry_approximate": false,
    "candidates": 0,
    "candidate_passes": 0,
    "accepted": 0,
    "accepted_passes": 0,
    "best_scene_id": null,
    "best_platform": null,
    "best_sync": null,
    "best_shift_hours": null,
    "best_shift_days": null,
    "best_time_uncertainty_hours": null,
    "best_coverage_fraction": null,
    "decision": "rejected",
    "reason_code": "not_acquired",
    "reason": "район не снимается: сцен нет и в широком окне, вероятно открытый океан",
    "detail": ""
   }
  },
  {
   "type": "Feature",
   "id": "S1:49.4",
   "geometry": {
    "type": "Polygon",
    "coordinates": [
     [
      [
       -141.88698,
       30.99145
      ],
      [
       -141.88709,
       30.99146
      ],
      [
       -141.88719,
       30.99148
      ],
      [
       -141.88728,
       30.99152
      ],
      [
       -141.88736,
       30.99157
      ],
      [
       -141.88743,
       30.99164
      ],
      [
       -141.88748,
       30.99171
      ],
      [
       -141.88751,
       30.9918
      ],
      [
       -141.88752,
       30.99189
      ],
      [
       -141.88752,
       30.99197
      ],
      [
       -141.88749,
       30.99206
      ],
      [
       -141.88745,
       30.99214
      ],
      [
       -141.88738,
       30.99221
      ],
      [
       -141.88731,
       30.99227
      ],
      [
       -141.88722,
       30.99231
      ],
      [
       -141.88712,
       30.99234
      ],
      [
       -141.88702,
       30.99235
      ],
      [
       -141.73297,
       30.99655
      ],
      [
       -141.73286,
       30.99654
      ],
      [
       -141.73276,
       30.99652
      ],
      [
       -141.73267,
       30.99648
      ],
      [
       -141.73259,
       30.99643
      ],
      [
       -141.73252,
       30.99636
      ],
      [
       -141.73247,
       30.99629
      ],
      [
       -141.73244,
       30.9962
      ],
      [
       -141.73243,
       30.99611
      ],
      [
       -141.73243,
       30.99603
      ],
      [
       -141.73246,
       30.99594
      ],
      [
       -141.7325,
       30.99586
      ],
      [
       -141.73257,
       30.99579
      ],
      [
       -141.73264,
       30.99573
      ],
      [
       -141.73273,
       30.99569
      ],
      [
       -141.73283,
       30.99566
      ],
      [
       -141.73293,
       30.99565
      ],
      [
       -141.88698,
       30.99145
      ]
     ]
    ]
   },
   "properties": {
    "event_id": "S1:49.4",
    "source_id": "S1_GPGP2018",
    "target_keys": [],
    "sample_ids": [
     "MPL-0685"
    ],
    "date": "2015-08-09",
    "time": "2015-08-09T10:19:30Z",
    "footprint_kind": "strip",
    "footprint_label": "полоса по концам трансекты",
    "footprint_radius_m": 50.0,
    "footprint_area_km2": 1.4769,
    "geometry_approximate": false,
    "candidates": 0,
    "candidate_passes": 0,
    "accepted": 0,
    "accepted_passes": 0,
    "best_scene_id": null,
    "best_platform": null,
    "best_sync": null,
    "best_shift_hours": null,
    "best_shift_days": null,
    "best_time_uncertainty_hours": null,
    "best_coverage_fraction": null,
    "decision": "not_used",
    "reason_code": "no_target",
    "reason": "у события нет записей целевых величин",
    "detail": ""
   }
  },
  {
   "type": "Feature",
   "id": "S1:5.3",
   "geometry": {
    "type": "Polygon",
    "coordinates": [
     [
      [
       -136.34702,
       29.01165
      ],
      [
       -136.34712,
       29.01166
      ],
      [
       -136.34722,
       29.01169
      ],
      [
       -136.34731,
       29.01174
      ],
      [
       -136.34738,
       29.0118
      ],
      [
       -136.34744,
       29.01187
      ],
      [
       -136.34748,
       29.01195
      ],
      [
       -136.34751,
       29.01203
      ],
      [
       -136.34751,
       29.01212
      ],
      [
       -136.3475,
       29.01221
      ],
      [
       -136.34746,
       29.01229
      ],
      [
       -136.34741,
       29.01237
      ],
      [
       -136.34735,
       29.01243
      ],
      [
       -136.34726,
       29.01249
      ],
      [
       -136.34717,
       29.01252
      ],
      [
       -136.34708,
       29.01254
      ],
      [
       -136.34698,
       29.01255
      ],
      [
       -136.18908,
       29.00585
      ],
      [
       -136.18898,
       29.00584
      ],
      [
       -136.18888,
       29.00581
      ],
      [
       -136.18879,
       29.00576
      ],
      [
       -136.18872,
       29.0057
      ],
      [
       -136.18866,
       29.00563
      ],
      [
       -136.18862,
       29.00555
      ],
      [
       -136.18859,
       29.00547
      ],
      [
       -136.18859,
       29.00538
      ],
      [
       -136.1886,
       29.00529
      ],
      [
       -136.18864,
       29.00521
      ],
      [
       -136.18869,
       29.00513
      ],
      [
       -136.18875,
       29.00507
      ],
      [
       -136.18884,
       29.00501
      ],
      [
       -136.18893,
       29.00498
      ],
      [
       -136.18902,
       29.00496
      ],
      [
       -136.18912,
       29.00495
      ],
      [
       -136.34702,
       29.01165
      ]
     ]
    ]
   },
   "properties": {
    "event_id": "S1:5.3",
    "source_id": "S1_GPGP2018",
    "target_keys": [
     "plastic-trawl"
    ],
    "sample_ids": [
     "MPL-0546"
    ],
    "date": "2015-07-28",
    "time": "2015-07-28T16:30:30Z",
    "footprint_kind": "strip",
    "footprint_label": "полоса по концам трансекты",
    "footprint_radius_m": 50.0,
    "footprint_area_km2": 1.5451,
    "geometry_approximate": false,
    "candidates": 0,
    "candidate_passes": 0,
    "accepted": 0,
    "accepted_passes": 0,
    "best_scene_id": null,
    "best_platform": null,
    "best_sync": null,
    "best_shift_hours": null,
    "best_shift_days": null,
    "best_time_uncertainty_hours": null,
    "best_coverage_fraction": null,
    "decision": "rejected",
    "reason_code": "not_acquired",
    "reason": "район не снимается: сцен нет и в широком окне, вероятно открытый океан",
    "detail": ""
   }
  },
  {
   "type": "Feature",
   "id": "S1:5.4",
   "geometry": {
    "type": "Polygon",
    "coordinates": [
     [
      [
       -136.36303,
       29.01418
      ],
      [
       -136.36313,
       29.0142
      ],
      [
       -136.36323,
       29.01423
      ],
      [
       -136.36331,
       29.01427
      ],
      [
       -136.36339,
       29.01433
      ],
      [
       -136.36344,
       29.0144
      ],
      [
       -136.36349,
       29.01448
      ],
      [
       -136.36351,
       29.01457
      ],
      [
       -136.36351,
       29.01466
      ],
      [
       -136.3635,
       29.01475
      ],
      [
       -136.36346,
       29.01483
      ],
      [
       -136.36341,
       29.0149
      ],
      [
       -136.36334,
       29.01497
      ],
      [
       -136.36326,
       29.01502
      ],
      [
       -136.36317,
       29.01506
      ],
      [
       -136.36307,
       29.01508
      ],
      [
       -136.36297,
       29.01508
      ],
      [
       -136.17618,
       29.00485
      ],
      [
       -136.17609,
       29.00483
      ],
      [
       -136.17599,
       29.0048
      ],
      [
       -136.17591,
       29.00476
      ],
      [
       -136.17583,
       29.0047
      ],
      [
       -136.17577,
       29.00463
      ],
      [
       -136.17573,
       29.00455
      ],
      [
       -136.17571,
       29.00446
      ],
      [
       -136.1757,
       29.00437
      ],
      [
       -136.17572,
       29.00428
      ],
      [
       -136.17576,
       29.0042
      ],
      [
       -136.17581,
       29.00413
      ],
      [
       -136.17588,
       29.00406
      ],
      [
       -136.17596,
       29.00401
      ],
      [
       -136.17605,
       29.00397
      ],
      [
       -136.17615,
       29.00395
      ],
      [
       -136.17625,
       29.00395
      ],
      [
       -136.36303,
       29.01418
      ]
     ]
    ]
   },
   "properties": {
    "event_id": "S1:5.4",
    "source_id": "S1_GPGP2018",
    "target_keys": [],
    "sample_ids": [
     "MPL-0541"
    ],
    "date": "2015-07-28",
    "time": "2015-07-28T16:33:30Z",
    "footprint_kind": "strip",
    "footprint_label": "полоса по концам трансекты",
    "footprint_radius_m": 50.0,
    "footprint_area_km2": 1.8277,
    "geometry_approximate": false,
    "candidates": 0,
    "candidate_passes": 0,
    "accepted": 0,
    "accepted_passes": 0,
    "best_scene_id": null,
    "best_platform": null,
    "best_sync": null,
    "best_shift_hours": null,
    "best_shift_days": null,
    "best_time_uncertainty_hours": null,
    "best_coverage_fraction": null,
    "decision": "not_used",
    "reason_code": "no_target",
    "reason": "у события нет записей целевых величин",
    "detail": ""
   }
  },
  {
   "type": "Feature",
   "id": "S1:50.3",
   "geometry": {
    "type": "Polygon",
    "coordinates": [
     [
      [
       -142.45198,
       30.99378
      ],
      [
       -142.45208,
       30.99379
      ],
      [
       -142.45218,
       30.99381
      ],
      [
       -142.45227,
       30.99385
      ],
      [
       -142.45235,
       30.9939
      ],
      [
       -142.45242,
       30.99396
      ],
      [
       -142.45248,
       30.99404
      ],
      [
       -142.45251,
       30.99412
      ],
      [
       -142.45252,
       30.99421
      ],
      [
       -142.45252,
       30.9943
      ],
      [
       -142.45249,
       30.99438
      ],
      [
       -142.45245,
       30.99446
      ],
      [
       -142.45239,
       30.99453
      ],
      [
       -142.45231,
       30.99459
      ],
      [
       -142.45222,
       30.99464
      ],
      [
       -142.45212,
       30.99467
      ],
      [
       -142.45202,
       30.99468
      ],
      [
       -142.30292,
       31.00015
      ],
      [
       -142.30282,
       31.00014
      ],
      [
       -142.30272,
       31.00012
      ],
      [
       -142.30263,
       31.00008
      ],
      [
       -142.30255,
       31.00003
      ],
      [
       -142.30248,
       30.99997
      ],
      [
       -142.30242,
       30.99989
      ],
      [
       -142.30239,
       30.99981
      ],
      [
       -142.30238,
       30.99972
      ],
      [
       -142.30238,
       30.99963
      ],
      [
       -142.30241,
       30.99955
      ],
      [
       -142.30245,
       30.99947
      ],
      [
       -142.30251,
       30.9994
      ],
      [
       -142.30259,
       30.99934
      ],
      [
       -142.30268,
       30.99929
      ],
      [
       -142.30278,
       30.99926
      ],
      [
       -142.30288,
       30.99925
      ],
      [
       -142.45198,
       30.99378
      ]
     ]
    ]
   },
   "properties": {
    "event_id": "S1:50.3",
    "source_id": "S1_GPGP2018",
    "target_keys": [
     "plastic-trawl"
    ],
    "sample_ids": [
     "MPL-0687"
    ],
    "date": "2015-08-09",
    "time": "2015-08-09T16:14:00Z",
    "footprint_kind": "strip",
    "footprint_label": "полоса по концам трансекты",
    "footprint_radius_m": 50.0,
    "footprint_area_km2": 1.4303,
    "geometry_approximate": false,
    "candidates": 0,
    "candidate_passes": 0,
    "accepted": 0,
    "accepted_passes": 0,
    "best_scene_id": null,
    "best_platform": null,
    "best_sync": null,
    "best_shift_hours": null,
    "best_shift_days": null,
    "best_time_uncertainty_hours": null,
    "best_coverage_fraction": null,
    "decision": "rejected",
    "reason_code": "not_acquired",
    "reason": "район не снимается: сцен нет и в широком окне, вероятно открытый океан",
    "detail": ""
   }
  },
  {
   "type": "Feature",
   "id": "S1:50.4",
   "geometry": {
    "type": "Polygon",
    "coordinates": [
     [
      [
       -142.45996,
       30.98988
      ],
      [
       -142.46007,
       30.98988
      ],
      [
       -142.46017,
       30.9899
      ],
      [
       -142.46026,
       30.98994
      ],
      [
       -142.46034,
       30.98999
      ],
      [
       -142.46041,
       30.99005
      ],
      [
       -142.46047,
       30.99013
      ],
      [
       -142.46051,
       30.99021
      ],
      [
       -142.46052,
       30.9903
      ],
      [
       -142.46052,
       30.99039
      ],
      [
       -142.4605,
       30.99047
      ],
      [
       -142.46046,
       30.99055
      ],
      [
       -142.4604,
       30.99063
      ],
      [
       -142.46032,
       30.99069
      ],
      [
       -142.46023,
       30.99073
      ],
      [
       -142.46014,
       30.99076
      ],
      [
       -142.46004,
       30.99078
      ],
      [
       -142.29265,
       31.00075
      ],
      [
       -142.29255,
       31.00075
      ],
      [
       -142.29245,
       31.00073
      ],
      [
       -142.29236,
       31.00069
      ],
      [
       -142.29227,
       31.00064
      ],
      [
       -142.2922,
       31.00058
      ],
      [
       -142.29215,
       31.0005
      ],
      [
       -142.29211,
       31.00042
      ],
      [
       -142.29209,
       31.00033
      ],
      [
       -142.2921,
       31.00024
      ],
      [
       -142.29212,
       31.00016
      ],
      [
       -142.29216,
       31.00008
      ],
      [
       -142.29222,
       31.0
      ],
      [
       -142.2923,
       30.99994
      ],
      [
       -142.29238,
       30.9999
      ],
      [
       -142.29248,
       30.99987
      ],
      [
       -142.29258,
       30.99985
      ],
      [
       -142.45996,
       30.98988
      ]
     ]
    ]
   },
   "properties": {
    "event_id": "S1:50.4",
    "source_id": "S1_GPGP2018",
    "target_keys": [],
    "sample_ids": [
     "MPL-0689",
     "MPL-0690"
    ],
    "date": "2015-08-09",
    "time": "2015-08-09T16:14:30Z",
    "footprint_kind": "strip",
    "footprint_label": "полоса по концам трансекты",
    "footprint_radius_m": 50.0,
    "footprint_area_km2": 1.6071,
    "geometry_approximate": false,
    "candidates": 0,
    "candidate_passes": 0,
    "accepted": 0,
    "accepted_passes": 0,
    "best_scene_id": null,
    "best_platform": null,
    "best_sync": null,
    "best_shift_hours": null,
    "best_shift_days": null,
    "best_time_uncertainty_hours": null,
    "best_coverage_fraction": null,
    "decision": "not_used",
    "reason_code": "no_target",
    "reason": "у события нет записей целевых величин",
    "detail": ""
   }
  },
  {
   "type": "Feature",
   "id": "S1:51.3",
   "geometry": {
    "type": "Polygon",
    "coordinates": [
     [
      [
       -142.91156,
       30.9885
      ],
      [
       -142.91166,
       30.98851
      ],
      [
       -142.91176,
       30.98853
      ],
      [
       -142.91185,
       30.98857
      ],
      [
       -142.91193,
       30.98863
      ],
      [
       -142.912,
       30.98869
      ],
      [
       -142.91205,
       30.98877
      ],
      [
       -142.91208,
       30.98885
      ],
      [
       -142.91209,
       30.98894
      ],
      [
       -142.91209,
       30.98903
      ],
      [
       -142.91206,
       30.98911
      ],
      [
       -142.91201,
       30.98919
      ],
      [
       -142.91195,
       30.98926
      ],
      [
       -142.91187,
       30.98932
      ],
      [
       -142.91178,
       30.98936
      ],
      [
       -142.91168,
       30.98939
      ],
      [
       -142.91158,
       30.9894
      ],
      [
       -142.83701,
       30.99095
      ],
      [
       -142.83691,
       30.99094
      ],
      [
       -142.83681,
       30.99092
      ],
      [
       -142.83672,
       30.99088
      ],
      [
       -142.83664,
       30.99083
      ],
      [
       -142.83657,
       30.99076
      ],
      [
       -142.83652,
       30.99068
      ],
      [
       -142.83649,
       30.9906
      ],
      [
       -142.83648,
       30.99051
      ],
      [
       -142.83648,
       30.99042
      ],
      [
       -142.83651,
       30.99034
      ],
      [
       -142.83656,
       30.99026
      ],
      [
       -142.83662,
       30.99019
      ],
      [
       -142.8367,
       30.99013
      ],
      [
       -142.83679,
       30.99009
      ],
      [
       -142.83689,
       30.99006
      ],
      [
       -142.83699,
       30.99005
      ],
      [
       -142.91156,
       30.9885
      ]
     ]
    ]
   },
   "properties": {
    "event_id": "S1:51.3",
    "source_id": "S1_GPGP2018",
    "target_keys": [
     "plastic-trawl"
    ],
    "sample_ids": [
     "MPL-0680"
    ],
    "date": "2015-08-09",
    "time": "2015-08-09T22:28:00Z",
    "footprint_kind": "strip",
    "footprint_label": "полоса по концам трансекты",
    "footprint_radius_m": 50.0,
    "footprint_area_km2": 0.7188,
    "geometry_approximate": false,
    "candidates": 0,
    "candidate_passes": 0,
    "accepted": 0,
    "accepted_passes": 0,
    "best_scene_id": null,
    "best_platform": null,
    "best_sync": null,
    "best_shift_hours": null,
    "best_shift_days": null,
    "best_time_uncertainty_hours": null,
    "best_coverage_fraction": null,
    "decision": "rejected",
    "reason_code": "not_acquired",
    "reason": "район не снимается: сцен нет и в широком окне, вероятно открытый океан",
    "detail": ""
   }
  },
  {
   "type": "Feature",
   "id": "S1:51.4",
   "geometry": {
    "type": "Polygon",
    "coordinates": [
     [
      [
       -142.9158,
       30.99325
      ],
      [
       -142.9159,
       30.99325
      ],
      [
       -142.916,
       30.99327
      ],
      [
       -142.91609,
       30.99331
      ],
      [
       -142.91618,
       30.99336
      ],
      [
       -142.91624,
       30.99343
      ],
      [
       -142.9163,
       30.99351
      ],
      [
       -142.91633,
       30.99359
      ],
      [
       -142.91634,
       30.99368
      ],
      [
       -142.91634,
       30.99376
      ],
      [
       -142.91631,
       30.99385
      ],
      [
       -142.91627,
       30.99393
      ],
      [
       -142.91621,
       30.994
      ],
      [
       -142.91613,
       30.99406
      ],
      [
       -142.91604,
       30.9941
      ],
      [
       -142.91594,
       30.99413
      ],
      [
       -142.91584,
       30.99414
      ],
      [
       -142.83507,
       30.99695
      ],
      [
       -142.83497,
       30.99694
      ],
      [
       -142.83487,
       30.99692
      ],
      [
       -142.83478,
       30.99688
      ],
      [
       -142.83469,
       30.99683
      ],
      [
       -142.83463,
       30.99676
      ],
      [
       -142.83457,
       30.99669
      ],
      [
       -142.83454,
       30.99661
      ],
      [
       -142.83453,
       30.99652
      ],
      [
       -142.83453,
       30.99643
      ],
      [
       -142.83456,
       30.99634
      ],
      [
       -142.8346,
       30.99627
      ],
      [
       -142.83466,
       30.9962
      ],
      [
       -142.83474,
       30.99614
      ],
      [
       -142.83483,
       30.99609
      ],
      [
       -142.83493,
       30.99606
      ],
      [
       -142.83503,
       30.99605
      ],
      [
       -142.9158,
       30.99325
      ]
     ]
    ]
   },
   "properties": {
    "event_id": "S1:51.4",
    "source_id": "S1_GPGP2018",
    "target_keys": [],
    "sample_ids": [
     "MPL-0686"
    ],
    "date": "2015-08-09",
    "time": "2015-08-09T22:29:00Z",
    "footprint_kind": "strip",
    "footprint_label": "полоса по концам трансекты",
    "footprint_radius_m": 50.0,
    "footprint_area_km2": 0.7783,
    "geometry_approximate": false,
    "candidates": 0,
    "candidate_passes": 0,
    "accepted": 0,
    "accepted_passes": 0,
    "best_scene_id": null,
    "best_platform": null,
    "best_sync": null,
    "best_shift_hours": null,
    "best_shift_days": null,
    "best_time_uncertainty_hours": null,
    "best_coverage_fraction": null,
    "decision": "not_used",
    "reason_code": "no_target",
    "reason": "у события нет записей целевых величин",
    "detail": ""
   }
  },
  {
   "type": "Feature",
   "id": "S1:52.3",
   "geometry": {
    "type": "Polygon",
    "coordinates": [
     [
      [
       -143.37696,
       30.99887
      ],
      [
       -143.37707,
       30.99887
      ],
      [
       -143.37717,
       30.99889
      ],
      [
       -143.37726,
       30.99893
      ],
      [
       -143.37734,
       30.99898
      ],
      [
       -143.37741,
       30.99904
      ],
      [
       -143.37747,
       30.99912
      ],
      [
       -143.37751,
       30.9992
      ],
      [
       -143.37752,
       30.99929
      ],
      [
       -143.37752,
       30.99938
      ],
      [
       -143.3775,
       30.99946
      ],
      [
       -143.37746,
       30.99954
      ],
      [
       -143.3774,
       30.99961
      ],
      [
       -143.37732,
       30.99968
      ],
      [
       -143.37723,
       30.99972
      ],
      [
       -143.37714,
       30.99975
      ],
      [
       -143.37704,
       30.99977
      ],
      [
       -143.22442,
       31.00915
      ],
      [
       -143.22432,
       31.00915
      ],
      [
       -143.22422,
       31.00913
      ],
      [
       -143.22412,
       31.00909
      ],
      [
       -143.22404,
       31.00904
      ],
      [
       -143.22397,
       31.00898
      ],
      [
       -143.22391,
       31.0089
      ],
      [
       -143.22388,
       31.00882
      ],
      [
       -143.22386,
       31.00873
      ],
      [
       -143.22386,
       31.00864
      ],
      [
       -143.22389,
       31.00856
      ],
      [
       -143.22393,
       31.00848
      ],
      [
       -143.22399,
       31.00841
      ],
      [
       -143.22406,
       31.00834
      ],
      [
       -143.22415,
       31.0083
      ],
      [
       -143.22424,
       31.00827
      ],
      [
       -143.22435,
       31.00825
      ],
      [
       -143.37696,
       30.99887
      ]
     ]
    ]
   },
   "properties": {
    "event_id": "S1:52.3",
    "source_id": "S1_GPGP2018",
    "target_keys": [
     "plastic-trawl"
    ],
    "sample_ids": [
     "MPL-0691"
    ],
    "date": "2015-08-10",
    "time": "2015-08-10T04:17:00Z",
    "footprint_kind": "strip",
    "footprint_label": "полоса по концам трансекты",
    "footprint_radius_m": 50.0,
    "footprint_area_km2": 1.4661,
    "geometry_approximate": false,
    "candidates": 0,
    "candidate_passes": 0,
    "accepted": 0,
    "accepted_passes": 0,
    "best_scene_id": null,
    "best_platform": null,
    "best_sync": null,
    "best_shift_hours": null,
    "best_shift_days": null,
    "best_time_uncertainty_hours": null,
    "best_coverage_fraction": null,
    "decision": "rejected",
    "reason_code": "not_acquired",
    "reason": "район не снимается: сцен нет и в широком окне, вероятно открытый океан",
    "detail": ""
   }
  },
  {
   "type": "Feature",
   "id": "S1:52.4",
   "geometry": {
    "type": "Polygon",
    "coordinates": [
     [
      [
       -143.38299,
       31.00537
      ],
      [
       -143.38309,
       31.00538
      ],
      [
       -143.38319,
       31.0054
      ],
      [
       -143.38328,
       31.00544
      ],
      [
       -143.38336,
       31.00549
      ],
      [
       -143.38343,
       31.00556
      ],
      [
       -143.38348,
       31.00564
      ],
      [
       -143.38351,
       31.00572
      ],
      [
       -143.38352,
       31.00581
      ],
      [
       -143.38352,
       31.0059
      ],
      [
       -143.38349,
       31.00598
      ],
      [
       -143.38344,
       31.00606
      ],
      [
       -143.38338,
       31.00613
      ],
      [
       -143.3833,
       31.00619
      ],
      [
       -143.38321,
       31.00623
      ],
      [
       -143.38312,
       31.00626
      ],
      [
       -143.38301,
       31.00627
      ],
      [
       -143.215,
       31.01005
      ],
      [
       -143.21489,
       31.01004
      ],
      [
       -143.2148,
       31.01002
      ],
      [
       -143.2147,
       31.00998
      ],
      [
       -143.21462,
       31.00993
      ],
      [
       -143.21455,
       31.00986
      ],
      [
       -143.2145,
       31.00978
      ],
      [
       -143.21447,
       31.0097
      ],
      [
       -143.21446,
       31.00961
      ],
      [
       -143.21447,
       31.00952
      ],
      [
       -143.21449,
       31.00944
      ],
      [
       -143.21454,
       31.00936
      ],
      [
       -143.2146,
       31.00929
      ],
      [
       -143.21468,
       31.00923
      ],
      [
       -143.21477,
       31.00919
      ],
      [
       -143.21487,
       31.00916
      ],
      [
       -143.21497,
       31.00915
      ],
      [
       -143.38299,
       31.00537
      ]
     ]
    ]
   },
   "properties": {
    "event_id": "S1:52.4",
    "source_id": "S1_GPGP2018",
    "target_keys": [],
    "sample_ids": [
     "MPL-0695"
    ],
    "date": "2015-08-10",
    "time": "2015-08-10T04:18:30Z",
    "footprint_kind": "strip",
    "footprint_label": "полоса по концам трансекты",
    "footprint_radius_m": 50.0,
    "footprint_area_km2": 1.6096,
    "geometry_approximate": false,
    "candidates": 0,
    "candidate_passes": 0,
    "accepted": 0,
    "accepted_passes": 0,
    "best_scene_id": null,
    "best_platform": null,
    "best_sync": null,
    "best_shift_hours": null,
    "best_shift_days": null,
    "best_time_uncertainty_hours": null,
    "best_coverage_fraction": null,
    "decision": "not_used",
    "reason_code": "no_target",
    "reason": "у события нет записей целевых величин",
    "detail": ""
   }
  },
  {
   "type": "Feature",
   "id": "S1:53.3",
   "geometry": {
    "type": "Polygon",
    "coordinates": [
     [
      [
       -143.91699,
       31.00737
      ],
      [
       -143.91709,
       31.00738
      ],
      [
       -143.91719,
       31.0074
      ],
      [
       -143.91728,
       31.00744
      ],
      [
       -143.91736,
       31.0075
      ],
      [
       -143.91743,
       31.00756
      ],
      [
       -143.91748,
       31.00764
      ],
      [
       -143.91751,
       31.00772
      ],
      [
       -143.91752,
       31.00781
      ],
      [
       -143.91752,
       31.0079
      ],
      [
       -143.91749,
       31.00798
      ],
      [
       -143.91744,
       31.00806
      ],
      [
       -143.91738,
       31.00813
      ],
      [
       -143.9173,
       31.00819
      ],
      [
       -143.91721,
       31.00823
      ],
      [
       -143.91711,
       31.00826
      ],
      [
       -143.91701,
       31.00827
      ],
      [
       -143.76856,
       31.01095
      ],
      [
       -143.76846,
       31.01094
      ],
      [
       -143.76836,
       31.01092
      ],
      [
       -143.76827,
       31.01088
      ],
      [
       -143.76819,
       31.01082
      ],
      [
       -143.76812,
       31.01076
      ],
      [
       -143.76807,
       31.01068
      ],
      [
       -143.76804,
       31.0106
      ],
      [
       -143.76803,
       31.01051
      ],
      [
       -143.76803,
       31.01042
      ],
      [
       -143.76806,
       31.01034
      ],
      [
       -143.76811,
       31.01026
      ],
      [
       -143.76817,
       31.01019
      ],
      [
       -143.76825,
       31.01013
      ],
      [
       -143.76834,
       31.01009
      ],
      [
       -143.76844,
       31.01006
      ],
      [
       -143.76854,
       31.01005
      ],
      [
       -143.91699,
       31.00737
      ]
     ]
    ]
   },
   "properties": {
    "event_id": "S1:53.3",
    "source_id": "S1_GPGP2018",
    "target_keys": [
     "plastic-trawl"
    ],
    "sample_ids": [
     "MPL-0694"
    ],
    "date": "2015-08-10",
    "time": "2015-08-10T10:17:30Z",
    "footprint_kind": "strip",
    "footprint_label": "полоса по концам трансекты",
    "footprint_radius_m": 50.0,
    "footprint_area_km2": 1.4229,
    "geometry_approximate": false,
    "candidates": 0,
    "candidate_passes": 0,
    "accepted": 0,
    "accepted_passes": 0,
    "best_scene_id": null,
    "best_platform": null,
    "best_sync": null,
    "best_shift_hours": null,
    "best_shift_days": null,
    "best_time_uncertainty_hours": null,
    "best_coverage_fraction": null,
    "decision": "rejected",
    "reason_code": "not_acquired",
    "reason": "район не снимается: сцен нет и в широком окне, вероятно открытый океан",
    "detail": ""
   }
  },
  {
   "type": "Feature",
   "id": "S1:53.4",
   "geometry": {
    "type": "Polygon",
    "coordinates": [
     [
      [
       -143.92104,
       31.01533
      ],
      [
       -143.92114,
       31.01535
      ],
      [
       -143.92124,
       31.01538
      ],
      [
       -143.92133,
       31.01543
      ],
      [
       -143.9214,
       31.01549
      ],
      [
       -143.92146,
       31.01556
      ],
      [
       -143.9215,
       31.01564
      ],
      [
       -143.92152,
       31.01573
      ],
      [
       -143.92152,
       31.01582
      ],
      [
       -143.9215,
       31.0159
      ],
      [
       -143.92147,
       31.01599
      ],
      [
       -143.92141,
       31.01606
      ],
      [
       -143.92134,
       31.01612
      ],
      [
       -143.92125,
       31.01617
      ],
      [
       -143.92116,
       31.01621
      ],
      [
       -143.92106,
       31.01623
      ],
      [
       -143.92096,
       31.01623
      ],
      [
       -143.76016,
       31.00495
      ],
      [
       -143.76006,
       31.00493
      ],
      [
       -143.75996,
       31.0049
      ],
      [
       -143.75987,
       31.00485
      ],
      [
       -143.7598,
       31.00479
      ],
      [
       -143.75974,
       31.00472
      ],
      [
       -143.7597,
       31.00464
      ],
      [
       -143.75968,
       31.00455
      ],
      [
       -143.75968,
       31.00446
      ],
      [
       -143.7597,
       31.00438
      ],
      [
       -143.75973,
       31.00429
      ],
      [
       -143.75979,
       31.00422
      ],
      [
       -143.75986,
       31.00416
      ],
      [
       -143.75995,
       31.00411
      ],
      [
       -143.76004,
       31.00407
      ],
      [
       -143.76014,
       31.00405
      ],
      [
       -143.76024,
       31.00405
      ],
      [
       -143.92104,
       31.01533
      ]
     ]
    ]
   },
   "properties": {
    "event_id": "S1:53.4",
    "source_id": "S1_GPGP2018",
    "target_keys": [],
    "sample_ids": [
     "MPL-0692"
    ],
    "date": "2015-08-10",
    "time": "2015-08-10T10:20:00Z",
    "footprint_kind": "strip",
    "footprint_label": "полоса по концам трансекты",
    "footprint_radius_m": 50.0,
    "footprint_area_km2": 1.5454,
    "geometry_approximate": false,
    "candidates": 0,
    "candidate_passes": 0,
    "accepted": 0,
    "accepted_passes": 0,
    "best_scene_id": null,
    "best_platform": null,
    "best_sync": null,
    "best_shift_hours": null,
    "best_shift_days": null,
    "best_time_uncertainty_hours": null,
    "best_coverage_fraction": null,
    "decision": "not_used",
    "reason_code": "no_target",
    "reason": "у события нет записей целевых величин",
    "detail": ""
   }
  },
  {
   "type": "Feature",
   "id": "S1:54.3",
   "geometry": {
    "type": "Polygon",
    "coordinates": [
     [
      [
       -143.55903,
       32.03262
      ],
      [
       -143.55892,
       32.03261
      ],
      [
       -143.55882,
       32.03259
      ],
      [
       -143.55873,
       32.03256
      ],
      [
       -143.55864,
       32.0325
      ],
      [
       -143.55857,
       32.03244
      ],
      [
       -143.55852,
       32.03236
      ],
      [
       -143.55849,
       32.03228
      ],
      [
       -143.55847,
       32.03219
      ],
      [
       -143.55848,
       32.0321
      ],
      [
       -143.5585,
       32.03202
      ],
      [
       -143.55854,
       32.03194
      ],
      [
       -143.55861,
       32.03187
      ],
      [
       -143.55868,
       32.03181
      ],
      [
       -143.55877,
       32.03176
      ],
      [
       -143.55887,
       32.03173
      ],
      [
       -143.55897,
       32.03172
      ],
      [
       -143.71651,
       32.02505
      ],
      [
       -143.71661,
       32.02506
      ],
      [
       -143.71671,
       32.02508
      ],
      [
       -143.71681,
       32.02511
      ],
      [
       -143.71689,
       32.02517
      ],
      [
       -143.71696,
       32.02523
      ],
      [
       -143.71701,
       32.02531
      ],
      [
       -143.71705,
       32.02539
      ],
      [
       -143.71706,
       32.02548
      ],
      [
       -143.71706,
       32.02557
      ],
      [
       -143.71703,
       32.02565
      ],
      [
       -143.71699,
       32.02573
      ],
      [
       -143.71693,
       32.0258
      ],
      [
       -143.71685,
       32.02586
      ],
      [
       -143.71676,
       32.02591
      ],
      [
       -143.71666,
       32.02594
      ],
      [
       -143.71656,
       32.02595
      ],
      [
       -143.55903,
       32.03262
      ]
     ]
    ]
   },
   "properties": {
    "event_id": "S1:54.3",
    "source_id": "S1_GPGP2018",
    "target_keys": [
     "plastic-trawl"
    ],
    "sample_ids": [
     "MPL-0701"
    ],
    "date": "2015-08-10",
    "time": "2015-08-10T22:21:00Z",
    "footprint_kind": "strip",
    "footprint_label": "полоса по концам трансекты",
    "footprint_radius_m": 50.0,
    "footprint_area_km2": 1.4947,
    "geometry_approximate": false,
    "candidates": 0,
    "candidate_passes": 0,
    "accepted": 0,
    "accepted_passes": 0,
    "best_scene_id": null,
    "best_platform": null,
    "best_sync": null,
    "best_shift_hours": null,
    "best_shift_days": null,
    "best_time_uncertainty_hours": null,
    "best_coverage_fraction": null,
    "decision": "rejected",
    "reason_code": "not_acquired",
    "reason": "район не снимается: сцен нет и в широком окне, вероятно открытый океан",
    "detail": ""
   }
  },
  {
   "type": "Feature",
   "id": "S1:54.4",
   "geometry": {
    "type": "Polygon",
    "coordinates": [
     [
      [
       -143.55104,
       32.02898
      ],
      [
       -143.55094,
       32.02898
      ],
      [
       -143.55084,
       32.02896
      ],
      [
       -143.55074,
       32.02892
      ],
      [
       -143.55066,
       32.02887
      ],
      [
       -143.55058,
       32.02881
      ],
      [
       -143.55053,
       32.02873
      ],
      [
       -143.55049,
       32.02865
      ],
      [
       -143.55047,
       32.02857
      ],
      [
       -143.55047,
       32.02848
      ],
      [
       -143.5505,
       32.02839
      ],
      [
       -143.55054,
       32.02831
      ],
      [
       -143.5506,
       32.02824
      ],
      [
       -143.55067,
       32.02818
      ],
      [
       -143.55076,
       32.02813
      ],
      [
       -143.55086,
       32.0281
      ],
      [
       -143.55096,
       32.02808
      ],
      [
       -143.70454,
       32.01785
      ],
      [
       -143.70465,
       32.01785
      ],
      [
       -143.70475,
       32.01787
      ],
      [
       -143.70484,
       32.01791
      ],
      [
       -143.70493,
       32.01796
      ],
      [
       -143.705,
       32.01802
      ],
      [
       -143.70506,
       32.0181
      ],
      [
       -143.70509,
       32.01818
      ],
      [
       -143.70511,
       32.01826
      ],
      [
       -143.70511,
       32.01835
      ],
      [
       -143.70509,
       32.01844
      ],
      [
       -143.70505,
       32.01852
      ],
      [
       -143.70499,
       32.01859
      ],
      [
       -143.70491,
       32.01865
      ],
      [
       -143.70482,
       32.0187
      ],
      [
       -143.70473,
       32.01873
      ],
      [
       -143.70462,
       32.01875
      ],
      [
       -143.55104,
       32.02898
      ]
     ]
    ]
   },
   "properties": {
    "event_id": "S1:54.4",
    "source_id": "S1_GPGP2018",
    "target_keys": [
     "plastic-trawl"
    ],
    "sample_ids": [
     "MPL-0699"
    ],
    "date": "2015-08-10",
    "time": "2015-08-10T22:20:30Z",
    "footprint_kind": "strip",
    "footprint_label": "полоса по концам трансекты",
    "footprint_radius_m": 50.0,
    "footprint_area_km2": 1.4602,
    "geometry_approximate": false,
    "candidates": 0,
    "candidate_passes": 0,
    "accepted": 0,
    "accepted_passes": 0,
    "best_scene_id": null,
    "best_platform": null,
    "best_sync": null,
    "best_shift_hours": null,
    "best_shift_days": null,
    "best_time_uncertainty_hours": null,
    "best_coverage_fraction": null,
    "decision": "rejected",
    "reason_code": "not_acquired",
    "reason": "район не снимается: сцен нет и в широком окне, вероятно открытый океан",
    "detail": ""
   }
  },
  {
   "type": "Feature",
   "id": "S1:55.3",
   "geometry": {
    "type": "Polygon",
    "coordinates": [
     [
      [
       -143.04399,
       32.00903
      ],
      [
       -143.04389,
       32.00902
      ],
      [
       -143.04379,
       32.00899
      ],
      [
       -143.0437,
       32.00895
      ],
      [
       -143.04362,
       32.00889
      ],
      [
       -143.04356,
       32.00883
      ],
      [
       -143.04351,
       32.00875
      ],
      [
       -143.04348,
       32.00866
      ],
      [
       -143.04347,
       32.00857
      ],
      [
       -143.04348,
       32.00849
      ],
      [
       -143.04351,
       32.0084
      ],
      [
       -143.04356,
       32.00833
      ],
      [
       -143.04363,
       32.00826
      ],
      [
       -143.04371,
       32.0082
      ],
      [
       -143.0438,
       32.00816
      ],
      [
       -143.0439,
       32.00814
      ],
      [
       -143.04401,
       32.00813
      ],
      [
       -143.16684,
       32.00935
      ],
      [
       -143.16694,
       32.00936
      ],
      [
       -143.16704,
       32.00939
      ],
      [
       -143.16713,
       32.00943
      ],
      [
       -143.16721,
       32.00949
      ],
      [
       -143.16728,
       32.00955
      ],
      [
       -143.16733,
       32.00963
      ],
      [
       -143.16735,
       32.00972
      ],
      [
       -143.16736,
       32.00981
      ],
      [
       -143.16735,
       32.00989
      ],
      [
       -143.16732,
       32.00998
      ],
      [
       -143.16727,
       32.01005
      ],
      [
       -143.1672,
       32.01012
      ],
      [
       -143.16712,
       32.01018
      ],
      [
       -143.16703,
       32.01022
      ],
      [
       -143.16693,
       32.01024
      ],
      [
       -143.16683,
       32.01025
      ],
      [
       -143.04399,
       32.00903
      ]
     ]
    ]
   },
   "properties": {
    "event_id": "S1:55.3",
    "source_id": "S1_GPGP2018",
    "target_keys": [],
    "sample_ids": [
     "MPL-0708"
    ],
    "date": "2015-08-11",
    "time": "2015-08-11T04:15:30Z",
    "footprint_kind": "strip",
    "footprint_label": "полоса по концам трансекты",
    "footprint_radius_m": 50.0,
    "footprint_area_km2": 1.1661,
    "geometry_approximate": false,
    "candidates": 0,
    "candidate_passes": 0,
    "accepted": 0,
    "accepted_passes": 0,
    "best_scene_id": null,
    "best_platform": null,
    "best_sync": null,
    "best_shift_hours": null,
    "best_shift_days": null,
    "best_time_uncertainty_hours": null,
    "best_coverage_fraction": null,
    "decision": "not_used",
    "reason_code": "no_target",
    "reason": "у события нет записей целевых величин",
    "detail": ""
   }
  },
  {
   "type": "Feature",
   "id": "S1:55.4",
   "geometry": {
    "type": "Polygon",
    "coordinates": [
     [
      [
       -143.03602,
       32.0249
      ],
      [
       -143.03592,
       32.02489
      ],
      [
       -143.03582,
       32.02487
      ],
      [
       -143.03573,
       32.02483
      ],
      [
       -143.03564,
       32.02478
      ],
      [
       -143.03557,
       32.02472
      ],
      [
       -143.03552,
       32.02464
      ],
      [
       -143.03549,
       32.02456
      ],
      [
       -143.03547,
       32.02447
      ],
      [
       -143.03548,
       32.02438
      ],
      [
       -143.0355,
       32.0243
      ],
      [
       -143.03555,
       32.02422
      ],
      [
       -143.03561,
       32.02415
      ],
      [
       -143.03569,
       32.02409
      ],
      [
       -143.03578,
       32.02404
      ],
      [
       -143.03587,
       32.02401
      ],
      [
       -143.03598,
       32.024
      ],
      [
       -143.17339,
       32.01875
      ],
      [
       -143.1735,
       32.01876
      ],
      [
       -143.1736,
       32.01878
      ],
      [
       -143.17369,
       32.01882
      ],
      [
       -143.17377,
       32.01887
      ],
      [
       -143.17384,
       32.01893
      ],
      [
       -143.1739,
       32.01901
      ],
      [
       -143.17393,
       32.01909
      ],
      [
       -143.17395,
       32.01918
      ],
      [
       -143.17394,
       32.01927
      ],
      [
       -143.17392,
       32.01935
      ],
      [
       -143.17387,
       32.01943
      ],
      [
       -143.17381,
       32.0195
      ],
      [
       -143.17373,
       32.01956
      ],
      [
       -143.17364,
       32.01961
      ],
      [
       -143.17354,
       32.01964
      ],
      [
       -143.17344,
       32.01965
      ],
      [
       -143.03602,
       32.0249
      ]
     ]
    ]
   },
   "properties": {
    "event_id": "S1:55.4",
    "source_id": "S1_GPGP2018",
    "target_keys": [
     "plastic-trawl"
    ],
    "sample_ids": [
     "MPL-0715"
    ],
    "date": "2015-08-11",
    "time": "2015-08-11T04:17:00Z",
    "footprint_kind": "strip",
    "footprint_label": "полоса по концам трансекты",
    "footprint_radius_m": 50.0,
    "footprint_area_km2": 1.3046,
    "geometry_approximate": false,
    "candidates": 0,
    "candidate_passes": 0,
    "accepted": 0,
    "accepted_passes": 0,
    "best_scene_id": null,
    "best_platform": null,
    "best_sync": null,
    "best_shift_hours": null,
    "best_shift_days": null,
    "best_time_uncertainty_hours": null,
    "best_coverage_fraction": null,
    "decision": "rejected",
    "reason_code": "not_acquired",
    "reason": "район не снимается: сцен нет и в широком окне, вероятно открытый океан",
    "detail": ""
   }
  },
  {
   "type": "Feature",
   "id": "S1:56.3",
   "geometry": {
    "type": "Polygon",
    "coordinates": [
     [
      [
       -142.50597,
       32.00128
      ],
      [
       -142.50586,
       32.00126
      ],
      [
       -142.50577,
       32.00123
      ],
      [
       -142.50568,
       32.00119
      ],
      [
       -142.5056,
       32.00113
      ],
      [
       -142.50554,
       32.00106
      ],
      [
       -142.5055,
       32.00098
      ],
      [
       -142.50547,
       32.00089
      ],
      [
       -142.50547,
       32.0008
      ],
      [
       -142.50549,
       32.00071
      ],
      [
       -142.50552,
       32.00063
      ],
      [
       -142.50558,
       32.00056
      ],
      [
       -142.50565,
       32.00049
      ],
      [
       -142.50573,
       32.00044
      ],
      [
       -142.50583,
       32.0004
      ],
      [
       -142.50593,
       32.00038
      ],
      [
       -142.50603,
       32.00038
      ],
      [
       -142.64565,
       32.00795
      ],
      [
       -142.64575,
       32.00797
      ],
      [
       -142.64585,
       32.008
      ],
      [
       -142.64594,
       32.00804
      ],
      [
       -142.64602,
       32.0081
      ],
      [
       -142.64608,
       32.00817
      ],
      [
       -142.64612,
       32.00825
      ],
      [
       -142.64614,
       32.00834
      ],
      [
       -142.64615,
       32.00843
      ],
      [
       -142.64613,
       32.00852
      ],
      [
       -142.64609,
       32.0086
      ],
      [
       -142.64604,
       32.00867
      ],
      [
       -142.64597,
       32.00874
      ],
      [
       -142.64588,
       32.00879
      ],
      [
       -142.64579,
       32.00883
      ],
      [
       -142.64569,
       32.00885
      ],
      [
       -142.64558,
       32.00885
      ],
      [
       -142.50597,
       32.00128
      ]
     ]
    ]
   },
   "properties": {
    "event_id": "S1:56.3",
    "source_id": "S1_GPGP2018",
    "target_keys": [],
    "sample_ids": [
     "MPL-0707"
    ],
    "date": "2015-08-11",
    "time": "2015-08-11T10:18:30Z",
    "footprint_kind": "strip",
    "footprint_label": "полоса по концам трансекты",
    "footprint_radius_m": 50.0,
    "footprint_area_km2": 1.327,
    "geometry_approximate": false,
    "candidates": 0,
    "candidate_passes": 0,
    "accepted": 0,
    "accepted_passes": 0,
    "best_scene_id": null,
    "best_platform": null,
    "best_sync": null,
    "best_shift_hours": null,
    "best_shift_days": null,
    "best_time_uncertainty_hours": null,
    "best_coverage_fraction": null,
    "decision": "not_used",
    "reason_code": "no_target",
    "reason": "у события нет записей целевых величин",
    "detail": ""
   }
  },
  {
   "type": "Feature",
   "id": "S1:56.4",
   "geometry": {
    "type": "Polygon",
    "coordinates": [
     [
      [
       -142.50098,
       32.01735
      ],
      [
       -142.50088,
       32.01734
      ],
      [
       -142.50078,
       32.01731
      ],
      [
       -142.50069,
       32.01726
      ],
      [
       -142.50061,
       32.01721
      ],
      [
       -142.50055,
       32.01714
      ],
      [
       -142.5005,
       32.01706
      ],
      [
       -142.50048,
       32.01697
      ],
      [
       -142.50047,
       32.01688
      ],
      [
       -142.50048,
       32.0168
      ],
      [
       -142.50052,
       32.01671
      ],
      [
       -142.50057,
       32.01664
      ],
      [
       -142.50064,
       32.01657
      ],
      [
       -142.50072,
       32.01652
      ],
      [
       -142.50081,
       32.01648
      ],
      [
       -142.50091,
       32.01646
      ],
      [
       -142.50102,
       32.01645
      ],
      [
       -142.6533,
       32.02095
      ],
      [
       -142.6534,
       32.02096
      ],
      [
       -142.6535,
       32.02099
      ],
      [
       -142.65359,
       32.02104
      ],
      [
       -142.65367,
       32.02109
      ],
      [
       -142.65373,
       32.02116
      ],
      [
       -142.65378,
       32.02124
      ],
      [
       -142.65381,
       32.02133
      ],
      [
       -142.65381,
       32.02142
      ],
      [
       -142.6538,
       32.0215
      ],
      [
       -142.65377,
       32.02159
      ],
      [
       -142.65371,
       32.02166
      ],
      [
       -142.65364,
       32.02173
      ],
      [
       -142.65356,
       32.02178
      ],
      [
       -142.65347,
       32.02182
      ],
      [
       -142.65337,
       32.02184
      ],
      [
       -142.65326,
       32.02185
      ],
      [
       -142.50098,
       32.01735
      ]
     ]
    ]
   },
   "properties": {
    "event_id": "S1:56.4",
    "source_id": "S1_GPGP2018",
    "target_keys": [
     "plastic-trawl"
    ],
    "sample_ids": [
     "MPL-0711"
    ],
    "date": "2015-08-11",
    "time": "2015-08-11T10:17:00Z",
    "footprint_kind": "strip",
    "footprint_label": "полоса по концам трансекты",
    "footprint_radius_m": 50.0,
    "footprint_area_km2": 1.4444,
    "geometry_approximate": false,
    "candidates": 0,
    "candidate_passes": 0,
    "accepted": 0,
    "accepted_passes": 0,
    "best_scene_id": null,
    "best_platform": null,
    "best_sync": null,
    "best_shift_hours": null,
    "best_shift_days": null,
    "best_time_uncertainty_hours": null,
    "best_coverage_fraction": null,
    "decision": "rejected",
    "reason_code": "not_acquired",
    "reason": "район не снимается: сцен нет и в широком окне, вероятно открытый океан",
    "detail": ""
   }
  },
  {
   "type": "Feature",
   "id": "S1:57.3",
   "geometry": {
    "type": "Polygon",
    "coordinates": [
     [
      [
       -141.97194,
       31.99912
      ],
      [
       -141.97184,
       31.9991
      ],
      [
       -141.97175,
       31.99906
      ],
      [
       -141.97166,
       31.99901
      ],
      [
       -141.97159,
       31.99895
      ],
      [
       -141.97153,
       31.99888
      ],
      [
       -141.97149,
       31.9988
      ],
      [
       -141.97147,
       31.99871
      ],
      [
       -141.97147,
       31.99862
      ],
      [
       -141.97149,
       31.99854
      ],
      [
       -141.97153,
       31.99845
      ],
      [
       -141.97159,
       31.99838
      ],
      [
       -141.97167,
       31.99832
      ],
      [
       -141.97175,
       31.99827
      ],
      [
       -141.97185,
       31.99824
      ],
      [
       -141.97195,
       31.99822
      ],
      [
       -141.97206,
       31.99822
      ],
      [
       -142.11637,
       32.01155
      ],
      [
       -142.11648,
       32.01157
      ],
      [
       -142.11657,
       32.01161
      ],
      [
       -142.11666,
       32.01166
      ],
      [
       -142.11673,
       32.01172
      ],
      [
       -142.11679,
       32.01179
      ],
      [
       -142.11683,
       32.01187
      ],
      [
       -142.11685,
       32.01196
      ],
      [
       -142.11684,
       32.01205
      ],
      [
       -142.11682,
       32.01213
      ],
      [
       -142.11678,
       32.01222
      ],
      [
       -142.11672,
       32.01229
      ],
      [
       -142.11665,
       32.01235
      ],
      [
       -142.11656,
       32.0124
      ],
      [
       -142.11647,
       32.01243
      ],
      [
       -142.11636,
       32.01245
      ],
      [
       -142.11626,
       32.01245
      ],
      [
       -141.97194,
       31.99912
      ]
     ]
    ]
   },
   "properties": {
    "event_id": "S1:57.3",
    "source_id": "S1_GPGP2018",
    "target_keys": [],
    "sample_ids": [
     "MPL-0709"
    ],
    "date": "2015-08-11",
    "time": "2015-08-11T16:19:00Z",
    "footprint_kind": "strip",
    "footprint_label": "полоса по концам трансекты",
    "footprint_radius_m": 50.0,
    "footprint_area_km2": 1.3767,
    "geometry_approximate": false,
    "candidates": 0,
    "candidate_passes": 0,
    "accepted": 0,
    "accepted_passes": 0,
    "best_scene_id": null,
    "best_platform": null,
    "best_sync": null,
    "best_shift_hours": null,
    "best_shift_days": null,
    "best_time_uncertainty_hours": null,
    "best_coverage_fraction": null,
    "decision": "not_used",
    "reason_code": "no_target",
    "reason": "у события нет записей целевых величин",
    "detail": ""
   }
  },
  {
   "type": "Feature",
   "id": "S1:57.4",
   "geometry": {
    "type": "Polygon",
    "coordinates": [
     [
      [
       -141.96599,
       32.00302
      ],
      [
       -141.96589,
       32.00301
      ],
      [
       -141.96579,
       32.00298
      ],
      [
       -141.9657,
       32.00294
      ],
      [
       -141.96562,
       32.00288
      ],
      [
       -141.96555,
       32.00281
      ],
      [
       -141.96551,
       32.00273
      ],
      [
       -141.96548,
       32.00265
      ],
      [
       -141.96547,
       32.00256
      ],
      [
       -141.96548,
       32.00247
      ],
      [
       -141.96551,
       32.00239
      ],
      [
       -141.96556,
       32.00231
      ],
      [
       -141.96563,
       32.00225
      ],
      [
       -141.96571,
       32.00219
      ],
      [
       -141.96581,
       32.00215
      ],
      [
       -141.96591,
       32.00213
      ],
      [
       -141.96601,
       32.00212
      ],
      [
       -142.10943,
       32.00425
      ],
      [
       -142.10953,
       32.00426
      ],
      [
       -142.10963,
       32.00429
      ],
      [
       -142.10972,
       32.00433
      ],
      [
       -142.1098,
       32.00439
      ],
      [
       -142.10986,
       32.00446
      ],
      [
       -142.10991,
       32.00454
      ],
      [
       -142.10994,
       32.00462
      ],
      [
       -142.10995,
       32.00471
      ],
      [
       -142.10994,
       32.0048
      ],
      [
       -142.1099,
       32.00488
      ],
      [
       -142.10985,
       32.00496
      ],
      [
       -142.10979,
       32.00502
      ],
      [
       -142.1097,
       32.00508
      ],
      [
       -142.10961,
       32.00512
      ],
      [
       -142.10951,
       32.00514
      ],
      [
       -142.10941,
       32.00515
      ],
      [
       -141.96599,
       32.00302
      ]
     ]
    ]
   },
   "properties": {
    "event_id": "S1:57.4",
    "source_id": "S1_GPGP2018",
    "target_keys": [
     "plastic-trawl"
    ],
    "sample_ids": [
     "MPL-0705"
    ],
    "date": "2015-08-11",
    "time": "2015-08-11T16:17:30Z",
    "footprint_kind": "strip",
    "footprint_label": "полоса по концам трансекты",
    "footprint_radius_m": 50.0,
    "footprint_area_km2": 1.3604,
    "geometry_approximate": false,
    "candidates": 0,
    "candidate_passes": 0,
    "accepted": 0,
    "accepted_passes": 0,
    "best_scene_id": null,
    "best_platform": null,
    "best_sync": null,
    "best_shift_hours": null,
    "best_shift_days": null,
    "best_time_uncertainty_hours": null,
    "best_coverage_fraction": null,
    "decision": "rejected",
    "reason_code": "not_acquired",
    "reason": "район не снимается: сцен нет и в широком окне, вероятно открытый океан",
    "detail": ""
   }
  },
  {
   "type": "Feature",
   "id": "S1:58.3",
   "geometry": {
    "type": "Polygon",
    "coordinates": [
     [
      [
       -141.43328,
       32.05236
      ],
      [
       -141.43318,
       32.0524
      ],
      [
       -141.43308,
       32.05242
      ],
      [
       -141.43298,
       32.05243
      ],
      [
       -141.43288,
       32.05242
      ],
      [
       -141.43278,
       32.05239
      ],
      [
       -141.43269,
       32.05234
      ],
      [
       -141.43261,
       32.05229
      ],
      [
       -141.43255,
       32.05222
      ],
      [
       -141.4325,
       32.05214
      ],
      [
       -141.43248,
       32.05205
      ],
      [
       -141.43247,
       32.05196
      ],
      [
       -141.43248,
       32.05188
      ],
      [
       -141.43252,
       32.05179
      ],
      [
       -141.43257,
       32.05172
      ],
      [
       -141.43264,
       32.05165
      ],
      [
       -141.43272,
       32.0516
      ],
      [
       -141.56247,
       31.98392
      ],
      [
       -141.56257,
       31.98388
      ],
      [
       -141.56267,
       31.98386
      ],
      [
       -141.56277,
       31.98385
      ],
      [
       -141.56287,
       31.98386
      ],
      [
       -141.56297,
       31.98389
      ],
      [
       -141.56306,
       31.98394
      ],
      [
       -141.56314,
       31.98399
      ],
      [
       -141.5632,
       31.98406
      ],
      [
       -141.56325,
       31.98414
      ],
      [
       -141.56327,
       31.98423
      ],
      [
       -141.56328,
       31.98432
      ],
      [
       -141.56327,
       31.9844
      ],
      [
       -141.56323,
       31.98449
      ],
      [
       -141.56318,
       31.98456
      ],
      [
       -141.56311,
       31.98463
      ],
      [
       -141.56303,
       31.98468
      ],
      [
       -141.43328,
       32.05236
      ]
     ]
    ]
   },
   "properties": {
    "event_id": "S1:58.3",
    "source_id": "S1_GPGP2018",
    "target_keys": [],
    "sample_ids": [
     "MPL-0704"
    ],
    "date": "2015-08-11",
    "time": "2015-08-11T22:17:30Z",
    "footprint_kind": "strip",
    "footprint_label": "полоса по концам трансекты",
    "footprint_radius_m": 50.0,
    "footprint_area_km2": 1.444,
    "geometry_approximate": false,
    "candidates": 0,
    "candidate_passes": 0,
    "accepted": 0,
    "accepted_passes": 0,
    "best_scene_id": null,
    "best_platform": null,
    "best_sync": null,
    "best_shift_hours": null,
    "best_shift_days": null,
    "best_time_uncertainty_hours": null,
    "best_coverage_fraction": null,
    "decision": "not_used",
    "reason_code": "no_target",
    "reason": "у события нет записей целевых величин",
    "detail": ""
   }
  },
  {
   "type": "Feature",
   "id": "S1:58.4",
   "geometry": {
    "type": "Polygon",
    "coordinates": [
     [
      [
       -141.42729,
       32.05666
      ],
      [
       -141.4272,
       32.0567
      ],
      [
       -141.4271,
       32.05672
      ],
      [
       -141.42699,
       32.05673
      ],
      [
       -141.42689,
       32.05672
      ],
      [
       -141.42679,
       32.05669
      ],
      [
       -141.4267,
       32.05665
      ],
      [
       -141.42662,
       32.05659
      ],
      [
       -141.42656,
       32.05653
      ],
      [
       -141.42651,
       32.05645
      ],
      [
       -141.42648,
       32.05636
      ],
      [
       -141.42647,
       32.05627
      ],
      [
       -141.42648,
       32.05619
      ],
      [
       -141.42651,
       32.0561
      ],
      [
       -141.42656,
       32.05603
      ],
      [
       -141.42663,
       32.05596
      ],
      [
       -141.42671,
       32.0559
      ],
      [
       -141.56748,
       31.97812
      ],
      [
       -141.56757,
       31.97808
      ],
      [
       -141.56767,
       31.97806
      ],
      [
       -141.56777,
       31.97805
      ],
      [
       -141.56788,
       31.97806
      ],
      [
       -141.56798,
       31.97809
      ],
      [
       -141.56807,
       31.97813
      ],
      [
       -141.56815,
       31.97819
      ],
      [
       -141.56821,
       31.97825
      ],
      [
       -141.56826,
       31.97833
      ],
      [
       -141.56829,
       31.97842
      ],
      [
       -141.5683,
       31.97851
      ],
      [
       -141.56829,
       31.97859
      ],
      [
       -141.56825,
       31.97868
      ],
      [
       -141.5682,
       31.97875
      ],
      [
       -141.56814,
       31.97882
      ],
      [
       -141.56806,
       31.97888
      ],
      [
       -141.42729,
       32.05666
      ]
     ]
    ]
   },
   "properties": {
    "event_id": "S1:58.4",
    "source_id": "S1_GPGP2018",
    "target_keys": [
     "plastic-trawl"
    ],
    "sample_ids": [
     "MPL-0710"
    ],
    "date": "2015-08-11",
    "time": "2015-08-11T22:19:30Z",
    "footprint_kind": "strip",
    "footprint_label": "полоса по концам трансекты",
    "footprint_radius_m": 50.0,
    "footprint_area_km2": 1.5919,
    "geometry_approximate": false,
    "candidates": 0,
    "candidate_passes": 0,
    "accepted": 0,
    "accepted_passes": 0,
    "best_scene_id": null,
    "best_platform": null,
    "best_sync": null,
    "best_shift_hours": null,
    "best_shift_days": null,
    "best_time_uncertainty_hours": null,
    "best_coverage_fraction": null,
    "decision": "rejected",
    "reason_code": "not_acquired",
    "reason": "район не снимается: сцен нет и в широком окне, вероятно открытый океан",
    "detail": ""
   }
  },
  {
   "type": "Feature",
   "id": "S1:6.3",
   "geometry": {
    "type": "Polygon",
    "coordinates": [
     [
      [
       -136.94207,
       29.01687
      ],
      [
       -136.94216,
       29.01689
      ],
      [
       -136.94226,
       29.01693
      ],
      [
       -136.94234,
       29.01698
      ],
      [
       -136.94241,
       29.01704
      ],
      [
       -136.94246,
       29.01712
      ],
      [
       -136.9425,
       29.0172
      ],
      [
       -136.94251,
       29.01729
      ],
      [
       -136.94251,
       29.01738
      ],
      [
       -136.94249,
       29.01746
      ],
      [
       -136.94245,
       29.01754
      ],
      [
       -136.94239,
       29.01762
      ],
      [
       -136.94231,
       29.01768
      ],
      [
       -136.94223,
       29.01772
      ],
      [
       -136.94214,
       29.01775
      ],
      [
       -136.94204,
       29.01777
      ],
      [
       -136.94193,
       29.01777
      ],
      [
       -136.78227,
       28.99995
      ],
      [
       -136.78217,
       28.99993
      ],
      [
       -136.78208,
       28.99989
      ],
      [
       -136.782,
       28.99984
      ],
      [
       -136.78193,
       28.99978
      ],
      [
       -136.78187,
       28.9997
      ],
      [
       -136.78184,
       28.99962
      ],
      [
       -136.78182,
       28.99953
      ],
      [
       -136.78182,
       28.99944
      ],
      [
       -136.78185,
       28.99936
      ],
      [
       -136.78189,
       28.99928
      ],
      [
       -136.78195,
       28.9992
      ],
      [
       -136.78202,
       28.99914
      ],
      [
       -136.7821,
       28.9991
      ],
      [
       -136.7822,
       28.99907
      ],
      [
       -136.7823,
       28.99905
      ],
      [
       -136.7824,
       28.99905
      ],
      [
       -136.94207,
       29.01687
      ]
     ]
    ]
   },
   "properties": {
    "event_id": "S1:6.3",
    "source_id": "S1_GPGP2018",
    "target_keys": [
     "plastic-trawl"
    ],
    "sample_ids": [
     "MPL-0545"
    ],
    "date": "2015-07-28",
    "time": "2015-07-28T22:44:00Z",
    "footprint_kind": "strip",
    "footprint_label": "полоса по концам трансекты",
    "footprint_radius_m": 50.0,
    "footprint_area_km2": 1.5731,
    "geometry_approximate": false,
    "candidates": 0,
    "candidate_passes": 0,
    "accepted": 0,
    "accepted_passes": 0,
    "best_scene_id": null,
    "best_platform": null,
    "best_sync": null,
    "best_shift_hours": null,
    "best_shift_days": null,
    "best_time_uncertainty_hours": null,
    "best_coverage_fraction": null,
    "decision": "rejected",
    "reason_code": "not_acquired",
    "reason": "район не снимается: сцен нет и в широком окне, вероятно открытый океан",
    "detail": ""
   }
  },
  {
   "type": "Feature",
   "id": "S1:6.4",
   "geometry": {
    "type": "Polygon",
    "coordinates": [
     [
      [
       -136.95806,
       29.01725
      ],
      [
       -136.95816,
       29.01727
      ],
      [
       -136.95825,
       29.01731
      ],
      [
       -136.95834,
       29.01736
      ],
      [
       -136.95841,
       29.01742
      ],
      [
       -136.95846,
       29.0175
      ],
      [
       -136.9585,
       29.01758
      ],
      [
       -136.95851,
       29.01767
      ],
      [
       -136.95851,
       29.01776
      ],
      [
       -136.95849,
       29.01784
      ],
      [
       -136.95845,
       29.01792
      ],
      [
       -136.95839,
       29.01799
      ],
      [
       -136.95832,
       29.01805
      ],
      [
       -136.95823,
       29.0181
      ],
      [
       -136.95814,
       29.01813
      ],
      [
       -136.95804,
       29.01815
      ],
      [
       -136.95794,
       29.01815
      ],
      [
       -136.76752,
       28.99755
      ],
      [
       -136.76742,
       28.99753
      ],
      [
       -136.76733,
       28.99749
      ],
      [
       -136.76725,
       28.99744
      ],
      [
       -136.76718,
       28.99738
      ],
      [
       -136.76712,
       28.9973
      ],
      [
       -136.76709,
       28.99722
      ],
      [
       -136.76707,
       28.99713
      ],
      [
       -136.76707,
       28.99704
      ],
      [
       -136.76709,
       28.99696
      ],
      [
       -136.76714,
       28.99688
      ],
      [
       -136.76719,
       28.99681
      ],
      [
       -136.76727,
       28.99675
      ],
      [
       -136.76735,
       28.9967
      ],
      [
       -136.76745,
       28.99667
      ],
      [
       -136.76755,
       28.99665
      ],
      [
       -136.76765,
       28.99665
      ],
      [
       -136.95806,
       29.01725
      ]
     ]
    ]
   },
   "properties": {
    "event_id": "S1:6.4",
    "source_id": "S1_GPGP2018",
    "target_keys": [
     "plastic-trawl"
    ],
    "sample_ids": [
     "MPL-0544"
    ],
    "date": "2015-07-28",
    "time": "2015-07-28T22:26:00Z",
    "footprint_kind": "strip",
    "footprint_label": "полоса по концам трансекты",
    "footprint_radius_m": 50.0,
    "footprint_area_km2": 1.8737,
    "geometry_approximate": false,
    "candidates": 0,
    "candidate_passes": 0,
    "accepted": 0,
    "accepted_passes": 0,
    "best_scene_id": null,
    "best_platform": null,
    "best_sync": null,
    "best_shift_hours": null,
    "best_shift_days": null,
    "best_time_uncertainty_hours": null,
    "best_coverage_fraction": null,
    "decision": "rejected",
    "reason_code": "not_acquired",
    "reason": "район не снимается: сцен нет и в широком окне, вероятно открытый океан",
    "detail": ""
   }
  },
  {
   "type": "Feature",
   "id": "S1:60.3",
   "geometry": {
    "type": "Polygon",
    "coordinates": [
     [
      [
       -140.258,
       32.00123
      ],
      [
       -140.2579,
       32.00122
      ],
      [
       -140.2578,
       32.0012
      ],
      [
       -140.25771,
       32.00116
      ],
      [
       -140.25763,
       32.0011
      ],
      [
       -140.25756,
       32.00103
      ],
      [
       -140.25751,
       32.00095
      ],
      [
       -140.25748,
       32.00087
      ],
      [
       -140.25747,
       32.00078
      ],
      [
       -140.25748,
       32.00069
      ],
      [
       -140.25751,
       32.00061
      ],
      [
       -140.25756,
       32.00053
      ],
      [
       -140.25762,
       32.00046
      ],
      [
       -140.2577,
       32.00041
      ],
      [
       -140.25779,
       32.00037
      ],
      [
       -140.25789,
       32.00034
      ],
      [
       -140.258,
       32.00033
      ],
      [
       -140.40945,
       31.99965
      ],
      [
       -140.40955,
       31.99966
      ],
      [
       -140.40965,
       31.99968
      ],
      [
       -140.40974,
       31.99972
      ],
      [
       -140.40982,
       31.99978
      ],
      [
       -140.40989,
       31.99985
      ],
      [
       -140.40994,
       31.99993
      ],
      [
       -140.40997,
       32.00001
      ],
      [
       -140.40998,
       32.0001
      ],
      [
       -140.40997,
       32.00019
      ],
      [
       -140.40994,
       32.00027
      ],
      [
       -140.40989,
       32.00035
      ],
      [
       -140.40983,
       32.00042
      ],
      [
       -140.40975,
       32.00047
      ],
      [
       -140.40966,
       32.00051
      ],
      [
       -140.40956,
       32.00054
      ],
      [
       -140.40945,
       32.00055
      ],
      [
       -140.258,
       32.00123
      ]
     ]
    ]
   },
   "properties": {
    "event_id": "S1:60.3",
    "source_id": "S1_GPGP2018",
    "target_keys": [],
    "sample_ids": [
     "MPL-0719"
    ],
    "date": "2015-08-12",
    "time": "2015-08-12T10:28:00Z",
    "footprint_kind": "strip",
    "footprint_label": "полоса по концам трансекты",
    "footprint_radius_m": 50.0,
    "footprint_area_km2": 1.436,
    "geometry_approximate": false,
    "candidates": 0,
    "candidate_passes": 0,
    "accepted": 0,
    "accepted_passes": 0,
    "best_scene_id": null,
    "best_platform": null,
    "best_sync": null,
    "best_shift_hours": null,
    "best_shift_days": null,
    "best_time_uncertainty_hours": null,
    "best_coverage_fraction": null,
    "decision": "not_used",
    "reason_code": "no_target",
    "reason": "у события нет записей целевых величин",
    "detail": ""
   }
  },
  {
   "type": "Feature",
   "id": "S1:60.4",
   "geometry": {
    "type": "Polygon",
    "coordinates": [
     [
      [
       -140.252,
       32.00205
      ],
      [
       -140.2519,
       32.00204
      ],
      [
       -140.2518,
       32.00202
      ],
      [
       -140.25171,
       32.00197
      ],
      [
       -140.25163,
       32.00192
      ],
      [
       -140.25156,
       32.00185
      ],
      [
       -140.25151,
       32.00177
      ],
      [
       -140.25148,
       32.00169
      ],
      [
       -140.25147,
       32.0016
      ],
      [
       -140.25148,
       32.00151
      ],
      [
       -140.25151,
       32.00143
      ],
      [
       -140.25156,
       32.00135
      ],
      [
       -140.25162,
       32.00128
      ],
      [
       -140.2517,
       32.00123
      ],
      [
       -140.2518,
       32.00119
      ],
      [
       -140.25189,
       32.00116
      ],
      [
       -140.252,
       32.00115
      ],
      [
       -140.42592,
       32.00065
      ],
      [
       -140.42602,
       32.00066
      ],
      [
       -140.42612,
       32.00068
      ],
      [
       -140.42621,
       32.00073
      ],
      [
       -140.42629,
       32.00078
      ],
      [
       -140.42636,
       32.00085
      ],
      [
       -140.42641,
       32.00093
      ],
      [
       -140.42644,
       32.00101
      ],
      [
       -140.42645,
       32.0011
      ],
      [
       -140.42644,
       32.00119
      ],
      [
       -140.42641,
       32.00127
      ],
      [
       -140.42636,
       32.00135
      ],
      [
       -140.42629,
       32.00142
      ],
      [
       -140.42621,
       32.00147
      ],
      [
       -140.42612,
       32.00151
      ],
      [
       -140.42602,
       32.00154
      ],
      [
       -140.42592,
       32.00155
      ],
      [
       -140.252,
       32.00205
      ]
     ]
    ]
   },
   "properties": {
    "event_id": "S1:60.4",
    "source_id": "S1_GPGP2018",
    "target_keys": [
     "plastic-trawl"
    ],
    "sample_ids": [
     "MPL-0721"
    ],
    "date": "2015-08-12",
    "time": "2015-08-12T10:29:00Z",
    "footprint_kind": "strip",
    "footprint_label": "полоса по концам трансекты",
    "footprint_radius_m": 50.0,
    "footprint_area_km2": 1.6478,
    "geometry_approximate": false,
    "candidates": 0,
    "candidate_passes": 0,
    "accepted": 0,
    "accepted_passes": 0,
    "best_scene_id": null,
    "best_platform": null,
    "best_sync": null,
    "best_shift_hours": null,
    "best_shift_days": null,
    "best_time_uncertainty_hours": null,
    "best_coverage_fraction": null,
    "decision": "rejected",
    "reason_code": "not_acquired",
    "reason": "район не снимается: сцен нет и в широком окне, вероятно открытый океан",
    "detail": ""
   }
  },
  {
   "type": "Feature",
   "id": "S1:61.3",
   "geometry": {
    "type": "Polygon",
    "coordinates": [
     [
      [
       -139.76893,
       31.99073
      ],
      [
       -139.76883,
       31.99071
      ],
      [
       -139.76874,
       31.99067
      ],
      [
       -139.76865,
       31.99062
      ],
      [
       -139.76858,
       31.99056
      ],
      [
       -139.76853,
       31.99048
      ],
      [
       -139.76849,
       31.9904
      ],
      [
       -139.76847,
       31.99031
      ],
      [
       -139.76847,
       31.99022
      ],
      [
       -139.7685,
       31.99014
      ],
      [
       -139.76854,
       31.99006
      ],
      [
       -139.7686,
       31.98999
      ],
      [
       -139.76868,
       31.98992
      ],
      [
       -139.76876,
       31.98988
      ],
      [
       -139.76886,
       31.98985
      ],
      [
       -139.76896,
       31.98983
      ],
      [
       -139.76907,
       31.98983
      ],
      [
       -139.90093,
       32.00405
      ],
      [
       -139.90104,
       32.00407
      ],
      [
       -139.90113,
       32.00411
      ],
      [
       -139.90121,
       32.00416
      ],
      [
       -139.90129,
       32.00422
      ],
      [
       -139.90134,
       32.0043
      ],
      [
       -139.90138,
       32.00438
      ],
      [
       -139.9014,
       32.00447
      ],
      [
       -139.90139,
       32.00456
      ],
      [
       -139.90137,
       32.00464
      ],
      [
       -139.90133,
       32.00472
      ],
      [
       -139.90127,
       32.00479
      ],
      [
       -139.90119,
       32.00486
      ],
      [
       -139.9011,
       32.0049
      ],
      [
       -139.90101,
       32.00493
      ],
      [
       -139.9009,
       32.00495
      ],
      [
       -139.9008,
       32.00495
      ],
      [
       -139.76893,
       31.99073
      ]
     ]
    ]
   },
   "properties": {
    "event_id": "S1:61.3",
    "source_id": "S1_GPGP2018",
    "target_keys": [
     "plastic-trawl"
    ],
    "sample_ids": [
     "MPL-0716"
    ],
    "date": "2015-08-12",
    "time": "2015-08-12T16:16:00Z",
    "footprint_kind": "strip",
    "footprint_label": "полоса по концам трансекты",
    "footprint_radius_m": 50.0,
    "footprint_area_km2": 1.2613,
    "geometry_approximate": false,
    "candidates": 0,
    "candidate_passes": 0,
    "accepted": 0,
    "accepted_passes": 0,
    "best_scene_id": null,
    "best_platform": null,
    "best_sync": null,
    "best_shift_hours": null,
    "best_shift_days": null,
    "best_time_uncertainty_hours": null,
    "best_coverage_fraction": null,
    "decision": "rejected",
    "reason_code": "not_acquired",
    "reason": "район не снимается: сцен нет и в широком окне, вероятно открытый океан",
    "detail": ""
   }
  },
  {
   "type": "Feature",
   "id": "S1:61.4",
   "geometry": {
    "type": "Polygon",
    "coordinates": [
     [
      [
       -139.76297,
       31.99407
      ],
      [
       -139.76287,
       31.99406
      ],
      [
       -139.76277,
       31.99403
      ],
      [
       -139.76268,
       31.99398
      ],
      [
       -139.76261,
       31.99392
      ],
      [
       -139.76254,
       31.99385
      ],
      [
       -139.7625,
       31.99377
      ],
      [
       -139.76248,
       31.99368
      ],
      [
       -139.76247,
       31.9936
      ],
      [
       -139.76249,
       31.99351
      ],
      [
       -139.76252,
       31.99343
      ],
      [
       -139.76257,
       31.99335
      ],
      [
       -139.76265,
       31.99329
      ],
      [
       -139.76273,
       31.99323
      ],
      [
       -139.76282,
       31.9932
      ],
      [
       -139.76292,
       31.99318
      ],
      [
       -139.76303,
       31.99317
      ],
      [
       -139.90353,
       31.99935
      ],
      [
       -139.90363,
       31.99936
      ],
      [
       -139.90373,
       31.99939
      ],
      [
       -139.90382,
       31.99944
      ],
      [
       -139.90389,
       31.9995
      ],
      [
       -139.90396,
       31.99957
      ],
      [
       -139.904,
       31.99965
      ],
      [
       -139.90402,
       31.99974
      ],
      [
       -139.90403,
       31.99982
      ],
      [
       -139.90401,
       31.99991
      ],
      [
       -139.90398,
       31.99999
      ],
      [
       -139.90393,
       32.00007
      ],
      [
       -139.90385,
       32.00013
      ],
      [
       -139.90377,
       32.00019
      ],
      [
       -139.90368,
       32.00022
      ],
      [
       -139.90358,
       32.00024
      ],
      [
       -139.90347,
       32.00025
      ],
      [
       -139.76297,
       31.99407
      ]
     ]
    ]
   },
   "properties": {
    "event_id": "S1:61.4",
    "source_id": "S1_GPGP2018",
    "target_keys": [],
    "sample_ids": [
     "MPL-0718"
    ],
    "date": "2015-08-12",
    "time": "2015-08-12T16:17:30Z",
    "footprint_kind": "strip",
    "footprint_label": "полоса по концам трансекты",
    "footprint_radius_m": 50.0,
    "footprint_area_km2": 1.3345,
    "geometry_approximate": false,
    "candidates": 0,
    "candidate_passes": 0,
    "accepted": 0,
    "accepted_passes": 0,
    "best_scene_id": null,
    "best_platform": null,
    "best_sync": null,
    "best_shift_hours": null,
    "best_shift_days": null,
    "best_time_uncertainty_hours": null,
    "best_coverage_fraction": null,
    "decision": "not_used",
    "reason_code": "no_target",
    "reason": "у события нет записей целевых величин",
    "detail": ""
   }
  },
  {
   "type": "Feature",
   "id": "S1:62.3",
   "geometry": {
    "type": "Polygon",
    "coordinates": [
     [
      [
       -139.24205,
       32.0132
      ],
      [
       -139.24195,
       32.0132
      ],
      [
       -139.24185,
       32.01318
      ],
      [
       -139.24175,
       32.01315
      ],
      [
       -139.24166,
       32.0131
      ],
      [
       -139.24159,
       32.01303
      ],
      [
       -139.24153,
       32.01296
      ],
      [
       -139.24149,
       32.01288
      ],
      [
       -139.24147,
       32.01279
      ],
      [
       -139.24147,
       32.01271
      ],
      [
       -139.24149,
       32.01262
      ],
      [
       -139.24153,
       32.01254
      ],
      [
       -139.24159,
       32.01246
      ],
      [
       -139.24166,
       32.0124
      ],
      [
       -139.24175,
       32.01235
      ],
      [
       -139.24185,
       32.01232
      ],
      [
       -139.24195,
       32.0123
      ],
      [
       -139.37122,
       32.00165
      ],
      [
       -139.37132,
       32.00165
      ],
      [
       -139.37142,
       32.00167
      ],
      [
       -139.37152,
       32.0017
      ],
      [
       -139.3716,
       32.00175
      ],
      [
       -139.37168,
       32.00182
      ],
      [
       -139.37173,
       32.00189
      ],
      [
       -139.37177,
       32.00197
      ],
      [
       -139.37179,
       32.00206
      ],
      [
       -139.37179,
       32.00214
      ],
      [
       -139.37177,
       32.00223
      ],
      [
       -139.37173,
       32.00231
      ],
      [
       -139.37168,
       32.00239
      ],
      [
       -139.3716,
       32.00245
      ],
      [
       -139.37152,
       32.0025
      ],
      [
       -139.37142,
       32.00253
      ],
      [
       -139.37132,
       32.00255
      ],
      [
       -139.24205,
       32.0132
      ]
     ]
    ]
   },
   "properties": {
    "event_id": "S1:62.3",
    "source_id": "S1_GPGP2018",
    "target_keys": [
     "plastic-trawl"
    ],
    "sample_ids": [
     "MPL-0724"
    ],
    "date": "2015-08-12",
    "time": "2015-08-12T22:19:00Z",
    "footprint_kind": "strip",
    "footprint_label": "полоса по концам трансекты",
    "footprint_radius_m": 50.0,
    "footprint_area_km2": 1.2324,
    "geometry_approximate": false,
    "candidates": 0,
    "candidate_passes": 0,
    "accepted": 0,
    "accepted_passes": 0,
    "best_scene_id": null,
    "best_platform": null,
    "best_sync": null,
    "best_shift_hours": null,
    "best_shift_days": null,
    "best_time_uncertainty_hours": null,
    "best_coverage_fraction": null,
    "decision": "rejected",
    "reason_code": "not_acquired",
    "reason": "район не снимается: сцен нет и в широком окне, вероятно открытый океан",
    "detail": ""
   }
  },
  {
   "type": "Feature",
   "id": "S1:62.4",
   "geometry": {
    "type": "Polygon",
    "coordinates": [
     [
      [
       -139.22906,
       32.01352
      ],
      [
       -139.22896,
       32.01352
      ],
      [
       -139.22885,
       32.0135
      ],
      [
       -139.22876,
       32.01347
      ],
      [
       -139.22867,
       32.01342
      ],
      [
       -139.2286,
       32.01336
      ],
      [
       -139.22854,
       32.01329
      ],
      [
       -139.2285,
       32.01321
      ],
      [
       -139.22847,
       32.01312
      ],
      [
       -139.22847,
       32.01303
      ],
      [
       -139.22849,
       32.01295
      ],
      [
       -139.22853,
       32.01286
      ],
      [
       -139.22858,
       32.01279
      ],
      [
       -139.22866,
       32.01273
      ],
      [
       -139.22874,
       32.01268
      ],
      [
       -139.22884,
       32.01264
      ],
      [
       -139.22894,
       32.01262
      ],
      [
       -139.37387,
       31.99845
      ],
      [
       -139.37398,
       31.99845
      ],
      [
       -139.37408,
       31.99847
      ],
      [
       -139.37418,
       31.9985
      ],
      [
       -139.37426,
       31.99855
      ],
      [
       -139.37434,
       31.99861
      ],
      [
       -139.3744,
       31.99868
      ],
      [
       -139.37444,
       31.99876
      ],
      [
       -139.37446,
       31.99885
      ],
      [
       -139.37446,
       31.99894
      ],
      [
       -139.37444,
       31.99902
      ],
      [
       -139.3744,
       31.99911
      ],
      [
       -139.37435,
       31.99918
      ],
      [
       -139.37428,
       31.99924
      ],
      [
       -139.37419,
       31.99929
      ],
      [
       -139.3741,
       31.99933
      ],
      [
       -139.37399,
       31.99935
      ],
      [
       -139.22906,
       32.01352
      ]
     ]
    ]
   },
   "properties": {
    "event_id": "S1:62.4",
    "source_id": "S1_GPGP2018",
    "target_keys": [],
    "sample_ids": [
     "MPL-0717"
    ],
    "date": "2015-08-12",
    "time": "2015-08-12T22:25:00Z",
    "footprint_kind": "strip",
    "footprint_label": "полоса по концам трансекты",
    "footprint_radius_m": 50.0,
    "footprint_area_km2": 1.3835,
    "geometry_approximate": false,
    "candidates": 0,
    "candidate_passes": 0,
    "accepted": 0,
    "accepted_passes": 0,
    "best_scene_id": null,
    "best_platform": null,
    "best_sync": null,
    "best_shift_hours": null,
    "best_shift_days": null,
    "best_time_uncertainty_hours": null,
    "best_coverage_fraction": null,
    "decision": "not_used",
    "reason_code": "no_target",
    "reason": "у события нет записей целевых величин",
    "detail": ""
   }
  },
  {
   "type": "Feature",
   "id": "S1:63.3",
   "geometry": {
    "type": "Polygon",
    "coordinates": [
     [
      [
       -138.71506,
       32.02255
      ],
      [
       -138.71496,
       32.02255
      ],
      [
       -138.71485,
       32.02253
      ],
      [
       -138.71476,
       32.0225
      ],
      [
       -138.71467,
       32.02245
      ],
      [
       -138.7146,
       32.02239
      ],
      [
       -138.71454,
       32.02232
      ],
      [
       -138.7145,
       32.02224
      ],
      [
       -138.71447,
       32.02215
      ],
      [
       -138.71447,
       32.02206
      ],
      [
       -138.71449,
       32.02198
      ],
      [
       -138.71453,
       32.02189
      ],
      [
       -138.71458,
       32.02182
      ],
      [
       -138.71466,
       32.02176
      ],
      [
       -138.71474,
       32.02171
      ],
      [
       -138.71484,
       32.02167
      ],
      [
       -138.71494,
       32.02165
      ],
      [
       -138.84819,
       32.00865
      ],
      [
       -138.84829,
       32.00865
      ],
      [
       -138.8484,
       32.00867
      ],
      [
       -138.84849,
       32.0087
      ],
      [
       -138.84858,
       32.00875
      ],
      [
       -138.84865,
       32.00881
      ],
      [
       -138.84871,
       32.00888
      ],
      [
       -138.84875,
       32.00896
      ],
      [
       -138.84878,
       32.00905
      ],
      [
       -138.84878,
       32.00914
      ],
      [
       -138.84876,
       32.00922
      ],
      [
       -138.84872,
       32.00931
      ],
      [
       -138.84867,
       32.00938
      ],
      [
       -138.84859,
       32.00944
      ],
      [
       -138.84851,
       32.00949
      ],
      [
       -138.84841,
       32.00953
      ],
      [
       -138.84831,
       32.00955
      ],
      [
       -138.71506,
       32.02255
      ]
     ]
    ]
   },
   "properties": {
    "event_id": "S1:63.3",
    "source_id": "S1_GPGP2018",
    "target_keys": [
     "plastic-trawl"
    ],
    "sample_ids": [
     "MPL-0738"
    ],
    "date": "2015-08-13",
    "time": "2015-08-13T04:24:00Z",
    "footprint_kind": "strip",
    "footprint_label": "полоса по концам трансекты",
    "footprint_radius_m": 50.0,
    "footprint_area_km2": 1.2724,
    "geometry_approximate": false,
    "candidates": 0,
    "candidate_passes": 0,
    "accepted": 0,
    "accepted_passes": 0,
    "best_scene_id": null,
    "best_platform": null,
    "best_sync": null,
    "best_shift_hours": null,
    "best_shift_days": null,
    "best_time_uncertainty_hours": null,
    "best_coverage_fraction": null,
    "decision": "rejected",
    "reason_code": "not_acquired",
    "reason": "район не снимается: сцен нет и в широком окне, вероятно открытый океан",
    "detail": ""
   }
  },
  {
   "type": "Feature",
   "id": "S1:63.4",
   "geometry": {
    "type": "Polygon",
    "coordinates": [
     [
      [
       -138.70511,
       32.02611
      ],
      [
       -138.705,
       32.02612
      ],
      [
       -138.7049,
       32.02611
      ],
      [
       -138.7048,
       32.02609
      ],
      [
       -138.70471,
       32.02605
      ],
      [
       -138.70463,
       32.02599
      ],
      [
       -138.70456,
       32.02592
      ],
      [
       -138.70451,
       32.02585
      ],
      [
       -138.70448,
       32.02576
      ],
      [
       -138.70447,
       32.02567
      ],
      [
       -138.70448,
       32.02559
      ],
      [
       -138.70451,
       32.0255
      ],
      [
       -138.70456,
       32.02542
      ],
      [
       -138.70462,
       32.02535
      ],
      [
       -138.7047,
       32.0253
      ],
      [
       -138.70479,
       32.02526
      ],
      [
       -138.70489,
       32.02523
      ],
      [
       -138.85798,
       31.99826
      ],
      [
       -138.85808,
       31.99825
      ],
      [
       -138.85818,
       31.99826
      ],
      [
       -138.85828,
       31.99828
      ],
      [
       -138.85837,
       31.99832
      ],
      [
       -138.85845,
       31.99838
      ],
      [
       -138.85852,
       31.99845
      ],
      [
       -138.85857,
       31.99852
      ],
      [
       -138.8586,
       31.99861
      ],
      [
       -138.85861,
       31.9987
      ],
      [
       -138.8586,
       31.99878
      ],
      [
       -138.85857,
       31.99887
      ],
      [
       -138.85853,
       31.99895
      ],
      [
       -138.85846,
       31.99902
      ],
      [
       -138.85838,
       31.99907
      ],
      [
       -138.85829,
       31.99911
      ],
      [
       -138.85819,
       31.99914
      ],
      [
       -138.70511,
       32.02611
      ]
     ]
    ]
   },
   "properties": {
    "event_id": "S1:63.4",
    "source_id": "S1_GPGP2018",
    "target_keys": [],
    "sample_ids": [
     "MPL-0728"
    ],
    "date": "2015-08-13",
    "time": "2015-08-13T04:26:00Z",
    "footprint_kind": "strip",
    "footprint_label": "полоса по концам трансекты",
    "footprint_radius_m": 50.0,
    "footprint_area_km2": 1.482,
    "geometry_approximate": false,
    "candidates": 0,
    "candidate_passes": 0,
    "accepted": 0,
    "accepted_passes": 0,
    "best_scene_id": null,
    "best_platform": null,
    "best_sync": null,
    "best_shift_hours": null,
    "best_shift_days": null,
    "best_time_uncertainty_hours": null,
    "best_coverage_fraction": null,
    "decision": "not_used",
    "reason_code": "no_target",
    "reason": "у события нет записей целевых величин",
    "detail": ""
   }
  },
  {
   "type": "Feature",
   "id": "S1:64.3",
   "geometry": {
    "type": "Polygon",
    "coordinates": [
     [
      [
       -138.2,
       32.00812
      ],
      [
       -138.1999,
       32.00811
      ],
      [
       -138.1998,
       32.00809
      ],
      [
       -138.19971,
       32.00805
      ],
      [
       -138.19963,
       32.00799
      ],
      [
       -138.19956,
       32.00792
      ],
      [
       -138.19951,
       32.00785
      ],
      [
       -138.19948,
       32.00776
      ],
      [
       -138.19947,
       32.00767
      ],
      [
       -138.19948,
       32.00759
      ],
      [
       -138.19951,
       32.0075
      ],
      [
       -138.19956,
       32.00742
      ],
      [
       -138.19962,
       32.00736
      ],
      [
       -138.1997,
       32.0073
      ],
      [
       -138.19979,
       32.00726
      ],
      [
       -138.19989,
       32.00723
      ],
      [
       -138.2,
       32.00722
      ],
      [
       -138.34868,
       32.00605
      ],
      [
       -138.34878,
       32.00606
      ],
      [
       -138.34888,
       32.00608
      ],
      [
       -138.34897,
       32.00612
      ],
      [
       -138.34905,
       32.00618
      ],
      [
       -138.34912,
       32.00625
      ],
      [
       -138.34917,
       32.00632
      ],
      [
       -138.3492,
       32.00641
      ],
      [
       -138.34921,
       32.0065
      ],
      [
       -138.3492,
       32.00658
      ],
      [
       -138.34917,
       32.00667
      ],
      [
       -138.34913,
       32.00675
      ],
      [
       -138.34906,
       32.00681
      ],
      [
       -138.34898,
       32.00687
      ],
      [
       -138.34889,
       32.00691
      ],
      [
       -138.34879,
       32.00694
      ],
      [
       -138.34869,
       32.00695
      ],
      [
       -138.2,
       32.00812
      ]
     ]
    ]
   },
   "properties": {
    "event_id": "S1:64.3",
    "source_id": "S1_GPGP2018",
    "target_keys": [
     "plastic-trawl"
    ],
    "sample_ids": [
     "MPL-0736"
    ],
    "date": "2015-08-13",
    "time": "2015-08-13T10:12:30Z",
    "footprint_kind": "strip",
    "footprint_label": "полоса по концам трансекты",
    "footprint_radius_m": 50.0,
    "footprint_area_km2": 1.4098,
    "geometry_approximate": false,
    "candidates": 0,
    "candidate_passes": 0,
    "accepted": 0,
    "accepted_passes": 0,
    "best_scene_id": null,
    "best_platform": null,
    "best_sync": null,
    "best_shift_hours": null,
    "best_shift_days": null,
    "best_time_uncertainty_hours": null,
    "best_coverage_fraction": null,
    "decision": "rejected",
    "reason_code": "not_acquired",
    "reason": "район не снимается: сцен нет и в широком окне, вероятно открытый океан",
    "detail": ""
   }
  },
  {
   "type": "Feature",
   "id": "S1:64.4",
   "geometry": {
    "type": "Polygon",
    "coordinates": [
     [
      [
       -138.19304,
       32.01082
      ],
      [
       -138.19294,
       32.01082
      ],
      [
       -138.19284,
       32.0108
      ],
      [
       -138.19274,
       32.01076
      ],
      [
       -138.19266,
       32.01071
      ],
      [
       -138.19258,
       32.01065
      ],
      [
       -138.19253,
       32.01057
      ],
      [
       -138.19249,
       32.01049
      ],
      [
       -138.19247,
       32.01041
      ],
      [
       -138.19247,
       32.01032
      ],
      [
       -138.1925,
       32.01023
      ],
      [
       -138.19254,
       32.01015
      ],
      [
       -138.1926,
       32.01008
      ],
      [
       -138.19267,
       32.01002
      ],
      [
       -138.19276,
       32.00997
      ],
      [
       -138.19286,
       32.00994
      ],
      [
       -138.19296,
       32.00992
      ],
      [
       -138.34474,
       31.99955
      ],
      [
       -138.34484,
       31.99955
      ],
      [
       -138.34495,
       31.99957
      ],
      [
       -138.34504,
       31.99961
      ],
      [
       -138.34513,
       31.99966
      ],
      [
       -138.3452,
       31.99972
      ],
      [
       -138.34526,
       31.9998
      ],
      [
       -138.34529,
       31.99988
      ],
      [
       -138.34531,
       31.99996
      ],
      [
       -138.34531,
       32.00005
      ],
      [
       -138.34529,
       32.00014
      ],
      [
       -138.34525,
       32.00022
      ],
      [
       -138.34519,
       32.00029
      ],
      [
       -138.34511,
       32.00035
      ],
      [
       -138.34502,
       32.0004
      ],
      [
       -138.34493,
       32.00043
      ],
      [
       -138.34483,
       32.00045
      ],
      [
       -138.19304,
       32.01082
      ]
     ]
    ]
   },
   "properties": {
    "event_id": "S1:64.4",
    "source_id": "S1_GPGP2018",
    "target_keys": [],
    "sample_ids": [
     "MPL-0730"
    ],
    "date": "2015-08-13",
    "time": "2015-08-13T10:29:30Z",
    "footprint_kind": "strip",
    "footprint_label": "полоса по концам трансекты",
    "footprint_radius_m": 50.0,
    "footprint_area_km2": 1.4437,
    "geometry_approximate": false,
    "candidates": 0,
    "candidate_passes": 0,
    "accepted": 0,
    "accepted_passes": 0,
    "best_scene_id": null,
    "best_platform": null,
    "best_sync": null,
    "best_shift_hours": null,
    "best_shift_days": null,
    "best_time_uncertainty_hours": null,
    "best_coverage_fraction": null,
    "decision": "not_used",
    "reason_code": "no_target",
    "reason": "у события нет записей целевых величин",
    "detail": ""
   }
  },
  {
   "type": "Feature",
   "id": "S1:65.3",
   "geometry": {
    "type": "Polygon",
    "coordinates": [
     [
      [
       -137.69392,
       31.98624
      ],
      [
       -137.69382,
       31.98622
      ],
      [
       -137.69373,
       31.98618
      ],
      [
       -137.69364,
       31.98613
      ],
      [
       -137.69357,
       31.98607
      ],
      [
       -137.69352,
       31.98599
      ],
      [
       -137.69349,
       31.98591
      ],
      [
       -137.69347,
       31.98582
      ],
      [
       -137.69348,
       31.98573
      ],
      [
       -137.6935,
       31.98565
      ],
      [
       -137.69355,
       31.98557
      ],
      [
       -137.69361,
       31.9855
      ],
      [
       -137.69369,
       31.98544
      ],
      [
       -137.69378,
       31.98539
      ],
      [
       -137.69387,
       31.98536
      ],
      [
       -137.69398,
       31.98535
      ],
      [
       -137.69408,
       31.98536
      ],
      [
       -137.83096,
       32.00316
      ],
      [
       -137.83106,
       32.00318
      ],
      [
       -137.83116,
       32.00322
      ],
      [
       -137.83124,
       32.00327
      ],
      [
       -137.83131,
       32.00333
      ],
      [
       -137.83136,
       32.00341
      ],
      [
       -137.8314,
       32.00349
      ],
      [
       -137.83141,
       32.00358
      ],
      [
       -137.83141,
       32.00367
      ],
      [
       -137.83138,
       32.00375
      ],
      [
       -137.83134,
       32.00383
      ],
      [
       -137.83127,
       32.0039
      ],
      [
       -137.8312,
       32.00396
      ],
      [
       -137.83111,
       32.00401
      ],
      [
       -137.83101,
       32.00404
      ],
      [
       -137.83091,
       32.00405
      ],
      [
       -137.8308,
       32.00404
      ],
      [
       -137.69392,
       31.98624
      ]
     ]
    ]
   },
   "properties": {
    "event_id": "S1:65.3",
    "source_id": "S1_GPGP2018",
    "target_keys": [
     "plastic-trawl"
    ],
    "sample_ids": [
     "MPL-0726"
    ],
    "date": "2015-08-13",
    "time": "2015-08-13T16:14:00Z",
    "footprint_kind": "strip",
    "footprint_label": "полоса по концам трансекты",
    "footprint_radius_m": 50.0,
    "footprint_area_km2": 1.3138,
    "geometry_approximate": false,
    "candidates": 0,
    "candidate_passes": 0,
    "accepted": 0,
    "accepted_passes": 0,
    "best_scene_id": null,
    "best_platform": null,
    "best_sync": null,
    "best_shift_hours": null,
    "best_shift_days": null,
    "best_time_uncertainty_hours": null,
    "best_coverage_fraction": null,
    "decision": "rejected",
    "reason_code": "not_acquired",
    "reason": "район не снимается: сцен нет и в широком окне, вероятно открытый океан",
    "detail": ""
   }
  },
  {
   "type": "Feature",
   "id": "S1:65.4",
   "geometry": {
    "type": "Polygon",
    "coordinates": [
     [
      [
       -137.69094,
       31.9859
      ],
      [
       -137.69084,
       31.98588
      ],
      [
       -137.69074,
       31.98584
      ],
      [
       -137.69066,
       31.98579
      ],
      [
       -137.69058,
       31.98573
      ],
      [
       -137.69053,
       31.98565
      ],
      [
       -137.69049,
       31.98557
      ],
      [
       -137.69047,
       31.98548
      ],
      [
       -137.69047,
       31.9854
      ],
      [
       -137.6905,
       31.98531
      ],
      [
       -137.69054,
       31.98523
      ],
      [
       -137.6906,
       31.98516
      ],
      [
       -137.69067,
       31.9851
      ],
      [
       -137.69076,
       31.98505
      ],
      [
       -137.69086,
       31.98502
      ],
      [
       -137.69096,
       31.985
      ],
      [
       -137.69106,
       31.985
      ],
      [
       -137.83428,
       31.99955
      ],
      [
       -137.83438,
       31.99957
      ],
      [
       -137.83448,
       31.99961
      ],
      [
       -137.83456,
       31.99966
      ],
      [
       -137.83463,
       31.99972
      ],
      [
       -137.83469,
       31.9998
      ],
      [
       -137.83473,
       31.99988
      ],
      [
       -137.83475,
       31.99997
      ],
      [
       -137.83474,
       32.00005
      ],
      [
       -137.83472,
       32.00014
      ],
      [
       -137.83468,
       32.00022
      ],
      [
       -137.83462,
       32.00029
      ],
      [
       -137.83454,
       32.00035
      ],
      [
       -137.83446,
       32.0004
      ],
      [
       -137.83436,
       32.00043
      ],
      [
       -137.83426,
       32.00045
      ],
      [
       -137.83415,
       32.00045
      ],
      [
       -137.69094,
       31.9859
      ]
     ]
    ]
   },
   "properties": {
    "event_id": "S1:65.4",
    "source_id": "S1_GPGP2018",
    "target_keys": [],
    "sample_ids": [
     "MPL-0731"
    ],
    "date": "2015-08-13",
    "time": "2015-08-13T16:17:30Z",
    "footprint_kind": "strip",
    "footprint_label": "полоса по концам трансекты",
    "footprint_radius_m": 50.0,
    "footprint_area_km2": 1.3681,
    "geometry_approximate": false,
    "candidates": 0,
    "candidate_passes": 0,
    "accepted": 0,
    "accepted_passes": 0,
    "best_scene_id": null,
    "best_platform": null,
    "best_sync": null,
    "best_shift_hours": null,
    "best_shift_days": null,
    "best_time_uncertainty_hours": null,
    "best_coverage_fraction": null,
    "decision": "not_used",
    "reason_code": "no_target",
    "reason": "у события нет записей целевых величин",
    "detail": ""
   }
  },
  {
   "type": "Feature",
   "id": "S1:66.3",
   "geometry": {
    "type": "Polygon",
    "coordinates": [
     [
      [
       -137.16096,
       31.99317
      ],
      [
       -137.16086,
       31.99315
      ],
      [
       -137.16076,
       31.99312
      ],
      [
       -137.16067,
       31.99307
      ],
      [
       -137.1606,
       31.99301
      ],
      [
       -137.16054,
       31.99294
      ],
      [
       -137.1605,
       31.99286
      ],
      [
       -137.16047,
       31.99277
      ],
      [
       -137.16047,
       31.99268
      ],
      [
       -137.16049,
       31.9926
      ],
      [
       -137.16053,
       31.99252
      ],
      [
       -137.16058,
       31.99244
      ],
      [
       -137.16066,
       31.99238
      ],
      [
       -137.16074,
       31.99233
      ],
      [
       -137.16084,
       31.99229
      ],
      [
       -137.16094,
       31.99227
      ],
      [
       -137.16104,
       31.99227
      ],
      [
       -137.29171,
       32.00115
      ],
      [
       -137.29181,
       32.00117
      ],
      [
       -137.29191,
       32.0012
      ],
      [
       -137.292,
       32.00125
      ],
      [
       -137.29207,
       32.00131
      ],
      [
       -137.29213,
       32.00138
      ],
      [
       -137.29217,
       32.00146
      ],
      [
       -137.29219,
       32.00155
      ],
      [
       -137.2922,
       32.00164
      ],
      [
       -137.29218,
       32.00172
      ],
      [
       -137.29214,
       32.0018
      ],
      [
       -137.29208,
       32.00188
      ],
      [
       -137.29201,
       32.00194
      ],
      [
       -137.29193,
       32.00199
      ],
      [
       -137.29183,
       32.00203
      ],
      [
       -137.29173,
       32.00205
      ],
      [
       -137.29162,
       32.00205
      ],
      [
       -137.16096,
       31.99317
      ]
     ]
    ]
   },
   "properties": {
    "event_id": "S1:66.3",
    "source_id": "S1_GPGP2018",
    "target_keys": [
     "plastic-trawl"
    ],
    "sample_ids": [
     "MPL-0727"
    ],
    "date": "2015-08-13",
    "time": "2015-08-13T22:11:30Z",
    "footprint_kind": "strip",
    "footprint_label": "полоса по концам трансекты",
    "footprint_radius_m": 50.0,
    "footprint_area_km2": 1.244,
    "geometry_approximate": false,
    "candidates": 0,
    "candidate_passes": 0,
    "accepted": 0,
    "accepted_passes": 0,
    "best_scene_id": null,
    "best_platform": null,
    "best_sync": null,
    "best_shift_hours": null,
    "best_shift_days": null,
    "best_time_uncertainty_hours": null,
    "best_coverage_fraction": null,
    "decision": "rejected",
    "reason_code": "not_acquired",
    "reason": "район не снимается: сцен нет и в широком окне, вероятно открытый океан",
    "detail": ""
   }
  },
  {
   "type": "Feature",
   "id": "S1:66.4",
   "geometry": {
    "type": "Polygon",
    "coordinates": [
     [
      [
       -137.15695,
       31.99002
      ],
      [
       -137.15685,
       31.99
      ],
      [
       -137.15676,
       31.98997
      ],
      [
       -137.15667,
       31.98992
      ],
      [
       -137.15659,
       31.98986
      ],
      [
       -137.15654,
       31.98979
      ],
      [
       -137.15649,
       31.98971
      ],
      [
       -137.15647,
       31.98962
      ],
      [
       -137.15647,
       31.98953
      ],
      [
       -137.15649,
       31.98944
      ],
      [
       -137.15653,
       31.98936
      ],
      [
       -137.15659,
       31.98929
      ],
      [
       -137.15666,
       31.98923
      ],
      [
       -137.15674,
       31.98918
      ],
      [
       -137.15684,
       31.98914
      ],
      [
       -137.15694,
       31.98912
      ],
      [
       -137.15705,
       31.98912
      ],
      [
       -137.29548,
       31.99925
      ],
      [
       -137.29558,
       31.99927
      ],
      [
       -137.29568,
       31.9993
      ],
      [
       -137.29576,
       31.99935
      ],
      [
       -137.29584,
       31.99941
      ],
      [
       -137.2959,
       31.99948
      ],
      [
       -137.29594,
       31.99956
      ],
      [
       -137.29596,
       31.99965
      ],
      [
       -137.29596,
       31.99974
      ],
      [
       -137.29594,
       31.99983
      ],
      [
       -137.2959,
       31.99991
      ],
      [
       -137.29585,
       31.99998
      ],
      [
       -137.29577,
       32.00004
      ],
      [
       -137.29569,
       32.00009
      ],
      [
       -137.29559,
       32.00013
      ],
      [
       -137.29549,
       32.00015
      ],
      [
       -137.29539,
       32.00015
      ],
      [
       -137.15695,
       31.99002
      ]
     ]
    ]
   },
   "properties": {
    "event_id": "S1:66.4",
    "source_id": "S1_GPGP2018",
    "target_keys": [
     "plastic-trawl"
    ],
    "sample_ids": [
     "MPL-0725"
    ],
    "date": "2015-08-13",
    "time": "2015-08-13T22:14:00Z",
    "footprint_kind": "strip",
    "footprint_label": "полоса по концам трансекты",
    "footprint_radius_m": 50.0,
    "footprint_area_km2": 1.3181,
    "geometry_approximate": false,
    "candidates": 0,
    "candidate_passes": 0,
    "accepted": 0,
    "accepted_passes": 0,
    "best_scene_id": null,
    "best_platform": null,
    "best_sync": null,
    "best_shift_hours": null,
    "best_shift_days": null,
    "best_time_uncertainty_hours": null,
    "best_coverage_fraction": null,
    "decision": "rejected",
    "reason_code": "not_acquired",
    "reason": "район не снимается: сцен нет и в широком окне, вероятно открытый океан",
    "detail": ""
   }
  },
  {
   "type": "Feature",
   "id": "S1:67.3",
   "geometry": {
    "type": "Polygon",
    "coordinates": [
     [
      [
       -136.64202,
       32.02278
      ],
      [
       -136.64192,
       32.02277
      ],
      [
       -136.64182,
       32.02275
      ],
      [
       -136.64173,
       32.02271
      ],
      [
       -136.64164,
       32.02266
      ],
      [
       -136.64157,
       32.0226
      ],
      [
       -136.64152,
       32.02252
      ],
      [
       -136.64149,
       32.02244
      ],
      [
       -136.64147,
       32.02235
      ],
      [
       -136.64148,
       32.02226
      ],
      [
       -136.6415,
       32.02218
      ],
      [
       -136.64155,
       32.0221
      ],
      [
       -136.64161,
       32.02203
      ],
      [
       -136.64169,
       32.02197
      ],
      [
       -136.64178,
       32.02192
      ],
      [
       -136.64187,
       32.02189
      ],
      [
       -136.64198,
       32.02188
      ],
      [
       -136.75723,
       32.01745
      ],
      [
       -136.75733,
       32.01746
      ],
      [
       -136.75743,
       32.01748
      ],
      [
       -136.75752,
       32.01752
      ],
      [
       -136.75761,
       32.01757
      ],
      [
       -136.75768,
       32.01763
      ],
      [
       -136.75773,
       32.01771
      ],
      [
       -136.75776,
       32.01779
      ],
      [
       -136.75778,
       32.01788
      ],
      [
       -136.75777,
       32.01797
      ],
      [
       -136.75775,
       32.01805
      ],
      [
       -136.7577,
       32.01813
      ],
      [
       -136.75764,
       32.0182
      ],
      [
       -136.75756,
       32.01826
      ],
      [
       -136.75747,
       32.01831
      ],
      [
       -136.75738,
       32.01834
      ],
      [
       -136.75727,
       32.01835
      ],
      [
       -136.64202,
       32.02278
      ]
     ]
    ]
   },
   "properties": {
    "event_id": "S1:67.3",
    "source_id": "S1_GPGP2018",
    "target_keys": [],
    "sample_ids": [
     "MPL-0750"
    ],
    "date": "2015-08-14",
    "time": "2015-08-14T04:17:30Z",
    "footprint_kind": "strip",
    "footprint_label": "полоса по концам трансекты",
    "footprint_radius_m": 50.0,
    "footprint_area_km2": 1.0955,
    "geometry_approximate": false,
    "candidates": 0,
    "candidate_passes": 0,
    "accepted": 0,
    "accepted_passes": 0,
    "best_scene_id": null,
    "best_platform": null,
    "best_sync": null,
    "best_shift_hours": null,
    "best_shift_days": null,
    "best_time_uncertainty_hours": null,
    "best_coverage_fraction": null,
    "decision": "not_used",
    "reason_code": "no_target",
    "reason": "у события нет записей целевых величин",
    "detail": ""
   }
  },
  {
   "type": "Feature",
   "id": "S1:67.4",
   "geometry": {
    "type": "Polygon",
    "coordinates": [
     [
      [
       -136.63507,
       32.02595
      ],
      [
       -136.63496,
       32.02595
      ],
      [
       -136.63486,
       32.02593
      ],
      [
       -136.63476,
       32.0259
      ],
      [
       -136.63468,
       32.02586
      ],
      [
       -136.6346,
       32.0258
      ],
      [
       -136.63454,
       32.02572
      ],
      [
       -136.6345,
       32.02564
      ],
      [
       -136.63447,
       32.02556
      ],
      [
       -136.63447,
       32.02547
      ],
      [
       -136.63449,
       32.02538
      ],
      [
       -136.63452,
       32.0253
      ],
      [
       -136.63458,
       32.02523
      ],
      [
       -136.63465,
       32.02516
      ],
      [
       -136.63474,
       32.02511
      ],
      [
       -136.63483,
       32.02507
      ],
      [
       -136.63493,
       32.02505
      ],
      [
       -136.7614,
       32.01115
      ],
      [
       -136.7615,
       32.01115
      ],
      [
       -136.76161,
       32.01117
      ],
      [
       -136.7617,
       32.0112
      ],
      [
       -136.76179,
       32.01124
      ],
      [
       -136.76187,
       32.0113
      ],
      [
       -136.76193,
       32.01138
      ],
      [
       -136.76197,
       32.01146
      ],
      [
       -136.76199,
       32.01154
      ],
      [
       -136.762,
       32.01163
      ],
      [
       -136.76198,
       32.01172
      ],
      [
       -136.76194,
       32.0118
      ],
      [
       -136.76189,
       32.01187
      ],
      [
       -136.76182,
       32.01194
      ],
      [
       -136.76173,
       32.01199
      ],
      [
       -136.76164,
       32.01203
      ],
      [
       -136.76154,
       32.01205
      ],
      [
       -136.63507,
       32.02595
      ]
     ]
    ]
   },
   "properties": {
    "event_id": "S1:67.4",
    "source_id": "S1_GPGP2018",
    "target_keys": [
     "plastic-trawl"
    ],
    "sample_ids": [
     "MPL-0751"
    ],
    "date": "2015-08-14",
    "time": "2015-08-14T04:18:30Z",
    "footprint_kind": "strip",
    "footprint_label": "полоса по концам трансекты",
    "footprint_radius_m": 50.0,
    "footprint_area_km2": 1.2101,
    "geometry_approximate": false,
    "candidates": 0,
    "candidate_passes": 0,
    "accepted": 0,
    "accepted_passes": 0,
    "best_scene_id": null,
    "best_platform": null,
    "best_sync": null,
    "best_shift_hours": null,
    "best_shift_days": null,
    "best_time_uncertainty_hours": null,
    "best_coverage_fraction": null,
    "decision": "rejected",
    "reason_code": "not_acquired",
    "reason": "район не снимается: сцен нет и в широком окне, вероятно открытый океан",
    "detail": ""
   }
  },
  {
   "type": "Feature",
   "id": "S1:68.3",
   "geometry": {
    "type": "Polygon",
    "coordinates": [
     [
      [
       -136.08302,
       32.00542
      ],
      [
       -136.08291,
       32.00541
      ],
      [
       -136.08281,
       32.00539
      ],
      [
       -136.08272,
       32.00535
      ],
      [
       -136.08264,
       32.0053
      ],
      [
       -136.08257,
       32.00523
      ],
      [
       -136.08252,
       32.00516
      ],
      [
       -136.08248,
       32.00507
      ],
      [
       -136.08247,
       32.00499
      ],
      [
       -136.08248,
       32.0049
      ],
      [
       -136.0825,
       32.00481
      ],
      [
       -136.08255,
       32.00473
      ],
      [
       -136.08261,
       32.00466
      ],
      [
       -136.08269,
       32.0046
      ],
      [
       -136.08278,
       32.00456
      ],
      [
       -136.08288,
       32.00453
      ],
      [
       -136.08298,
       32.00452
      ],
      [
       -136.24695,
       31.99975
      ],
      [
       -136.24705,
       31.99976
      ],
      [
       -136.24715,
       31.99978
      ],
      [
       -136.24725,
       31.99982
      ],
      [
       -136.24733,
       31.99987
      ],
      [
       -136.2474,
       31.99994
      ],
      [
       -136.24745,
       32.00001
      ],
      [
       -136.24748,
       32.0001
      ],
      [
       -136.2475,
       32.00018
      ],
      [
       -136.24749,
       32.00027
      ],
      [
       -136.24746,
       32.00036
      ],
      [
       -136.24742,
       32.00044
      ],
      [
       -136.24735,
       32.00051
      ],
      [
       -136.24728,
       32.00057
      ],
      [
       -136.24719,
       32.00061
      ],
      [
       -136.24709,
       32.00064
      ],
      [
       -136.24699,
       32.00065
      ],
      [
       -136.08302,
       32.00542
      ]
     ]
    ]
   },
   "properties": {
    "event_id": "S1:68.3",
    "source_id": "S1_GPGP2018",
    "target_keys": [],
    "sample_ids": [
     "MPL-0740"
    ],
    "date": "2015-08-14",
    "time": "2015-08-14T10:20:00Z",
    "footprint_kind": "strip",
    "footprint_label": "полоса по концам трансекты",
    "footprint_radius_m": 50.0,
    "footprint_area_km2": 1.5549,
    "geometry_approximate": false,
    "candidates": 0,
    "candidate_passes": 0,
    "accepted": 0,
    "accepted_passes": 0,
    "best_scene_id": null,
    "best_platform": null,
    "best_sync": null,
    "best_shift_hours": null,
    "best_shift_days": null,
    "best_time_uncertainty_hours": null,
    "best_coverage_fraction": null,
    "decision": "not_used",
    "reason_code": "no_target",
    "reason": "у события нет записей целевых величин",
    "detail": ""
   }
  },
  {
   "type": "Feature",
   "id": "S1:68.4",
   "geometry": {
    "type": "Polygon",
    "coordinates": [
     [
      [
       -136.078,
       32.00188
      ],
      [
       -136.0779,
       32.00187
      ],
      [
       -136.0778,
       32.00185
      ],
      [
       -136.07771,
       32.0018
      ],
      [
       -136.07763,
       32.00175
      ],
      [
       -136.07756,
       32.00168
      ],
      [
       -136.07751,
       32.0016
      ],
      [
       -136.07748,
       32.00152
      ],
      [
       -136.07747,
       32.00143
      ],
      [
       -136.07748,
       32.00134
      ],
      [
       -136.07751,
       32.00126
      ],
      [
       -136.07756,
       32.00118
      ],
      [
       -136.07762,
       32.00111
      ],
      [
       -136.0777,
       32.00106
      ],
      [
       -136.0778,
       32.00102
      ],
      [
       -136.07789,
       32.00099
      ],
      [
       -136.078,
       32.00098
      ],
      [
       -136.25433,
       32.00045
      ],
      [
       -136.25443,
       32.00046
      ],
      [
       -136.25453,
       32.00048
      ],
      [
       -136.25463,
       32.00053
      ],
      [
       -136.25471,
       32.00058
      ],
      [
       -136.25477,
       32.00065
      ],
      [
       -136.25482,
       32.00073
      ],
      [
       -136.25485,
       32.00081
      ],
      [
       -136.25486,
       32.0009
      ],
      [
       -136.25485,
       32.00099
      ],
      [
       -136.25482,
       32.00107
      ],
      [
       -136.25477,
       32.00115
      ],
      [
       -136.25471,
       32.00122
      ],
      [
       -136.25463,
       32.00127
      ],
      [
       -136.25454,
       32.00131
      ],
      [
       -136.25444,
       32.00134
      ],
      [
       -136.25433,
       32.00135
      ],
      [
       -136.078,
       32.00188
      ]
     ]
    ]
   },
   "properties": {
    "event_id": "S1:68.4",
    "source_id": "S1_GPGP2018",
    "target_keys": [
     "plastic-trawl"
    ],
    "sample_ids": [
     "MPL-0742"
    ],
    "date": "2015-08-14",
    "time": "2015-08-14T10:21:00Z",
    "footprint_kind": "strip",
    "footprint_label": "полоса по концам трансекты",
    "footprint_radius_m": 50.0,
    "footprint_area_km2": 1.6706,
    "geometry_approximate": false,
    "candidates": 0,
    "candidate_passes": 0,
    "accepted": 0,
    "accepted_passes": 0,
    "best_scene_id": null,
    "best_platform": null,
    "best_sync": null,
    "best_shift_hours": null,
    "best_shift_days": null,
    "best_time_uncertainty_hours": null,
    "best_coverage_fraction": null,
    "decision": "rejected",
    "reason_code": "not_acquired",
    "reason": "район не снимается: сцен нет и в широком окне, вероятно открытый океан",
    "detail": ""
   }
  },
  {
   "type": "Feature",
   "id": "S1:69.3",
   "geometry": {
    "type": "Polygon",
    "coordinates": [
     [
      [
       -135.58294,
       31.99243
      ],
      [
       -135.58283,
       31.99241
      ],
      [
       -135.58274,
       31.99237
      ],
      [
       -135.58265,
       31.99232
      ],
      [
       -135.58258,
       31.99226
      ],
      [
       -135.58253,
       31.99218
      ],
      [
       -135.58249,
       31.9921
      ],
      [
       -135.58247,
       31.99201
      ],
      [
       -135.58247,
       31.99193
      ],
      [
       -135.5825,
       31.99184
      ],
      [
       -135.58254,
       31.99176
      ],
      [
       -135.5826,
       31.99169
      ],
      [
       -135.58267,
       31.99163
      ],
      [
       -135.58276,
       31.99158
      ],
      [
       -135.58286,
       31.99155
      ],
      [
       -135.58296,
       31.99153
      ],
      [
       -135.58306,
       31.99153
      ],
      [
       -135.71115,
       32.00475
      ],
      [
       -135.71125,
       32.00477
      ],
      [
       -135.71134,
       32.00481
      ],
      [
       -135.71143,
       32.00486
      ],
      [
       -135.7115,
       32.00492
      ],
      [
       -135.71156,
       32.005
      ],
      [
       -135.71159,
       32.00508
      ],
      [
       -135.71161,
       32.00517
      ],
      [
       -135.71161,
       32.00525
      ],
      [
       -135.71159,
       32.00534
      ],
      [
       -135.71154,
       32.00542
      ],
      [
       -135.71149,
       32.00549
      ],
      [
       -135.71141,
       32.00555
      ],
      [
       -135.71132,
       32.0056
      ],
      [
       -135.71123,
       32.00563
      ],
      [
       -135.71112,
       32.00565
      ],
      [
       -135.71102,
       32.00565
      ],
      [
       -135.58294,
       31.99243
      ]
     ]
    ]
   },
   "properties": {
    "event_id": "S1:69.3",
    "source_id": "S1_GPGP2018",
    "target_keys": [],
    "sample_ids": [
     "MPL-0745"
    ],
    "date": "2015-08-14",
    "time": "2015-08-14T16:14:00Z",
    "footprint_kind": "strip",
    "footprint_label": "полоса по концам трансекты",
    "footprint_radius_m": 50.0,
    "footprint_area_km2": 1.2245,
    "geometry_approximate": false,
    "candidates": 0,
    "candidate_passes": 0,
    "accepted": 0,
    "accepted_passes": 0,
    "best_scene_id": null,
    "best_platform": null,
    "best_sync": null,
    "best_shift_hours": null,
    "best_shift_days": null,
    "best_time_uncertainty_hours": null,
    "best_coverage_fraction": null,
    "decision": "not_used",
    "reason_code": "no_target",
    "reason": "у события нет записей целевых величин",
    "detail": ""
   }
  },
  {
   "type": "Feature",
   "id": "S1:69.4",
   "geometry": {
    "type": "Polygon",
    "coordinates": [
     [
      [
       -135.57796,
       31.99383
      ],
      [
       -135.57786,
       31.99381
      ],
      [
       -135.57776,
       31.99378
      ],
      [
       -135.57767,
       31.99373
      ],
      [
       -135.5776,
       31.99367
      ],
      [
       -135.57754,
       31.9936
      ],
      [
       -135.5775,
       31.99352
      ],
      [
       -135.57747,
       31.99344
      ],
      [
       -135.57747,
       31.99335
      ],
      [
       -135.57749,
       31.99326
      ],
      [
       -135.57753,
       31.99318
      ],
      [
       -135.57758,
       31.9931
      ],
      [
       -135.57765,
       31.99304
      ],
      [
       -135.57774,
       31.99299
      ],
      [
       -135.57783,
       31.99295
      ],
      [
       -135.57793,
       31.99293
      ],
      [
       -135.57804,
       31.99293
      ],
      [
       -135.71482,
       32.00145
      ],
      [
       -135.71492,
       32.00147
      ],
      [
       -135.71502,
       32.0015
      ],
      [
       -135.71511,
       32.00155
      ],
      [
       -135.71518,
       32.00161
      ],
      [
       -135.71524,
       32.00168
      ],
      [
       -135.71529,
       32.00176
      ],
      [
       -135.71531,
       32.00184
      ],
      [
       -135.71531,
       32.00193
      ],
      [
       -135.71529,
       32.00202
      ],
      [
       -135.71526,
       32.0021
      ],
      [
       -135.7152,
       32.00218
      ],
      [
       -135.71513,
       32.00224
      ],
      [
       -135.71504,
       32.00229
      ],
      [
       -135.71495,
       32.00233
      ],
      [
       -135.71485,
       32.00235
      ],
      [
       -135.71474,
       32.00235
      ],
      [
       -135.57796,
       31.99383
      ]
     ]
    ]
   },
   "properties": {
    "event_id": "S1:69.4",
    "source_id": "S1_GPGP2018",
    "target_keys": [
     "plastic-trawl"
    ],
    "sample_ids": [
     "MPL-0739"
    ],
    "date": "2015-08-14",
    "time": "2015-08-14T16:17:00Z",
    "footprint_kind": "strip",
    "footprint_label": "полоса по концам трансекты",
    "footprint_radius_m": 50.0,
    "footprint_area_km2": 1.3012,
    "geometry_approximate": false,
    "candidates": 0,
    "candidate_passes": 0,
    "accepted": 0,
    "accepted_passes": 0,
    "best_scene_id": null,
    "best_platform": null,
    "best_sync": null,
    "best_shift_hours": null,
    "best_shift_days": null,
    "best_time_uncertainty_hours": null,
    "best_coverage_fraction": null,
    "decision": "rejected",
    "reason_code": "not_acquired",
    "reason": "район не снимается: сцен нет и в широком окне, вероятно открытый океан",
    "detail": ""
   }
  },
  {
   "type": "Feature",
   "id": "S1:7.3",
   "geometry": {
    "type": "Polygon",
    "coordinates": [
     [
      [
       -137.55099,
       29.00673
      ],
      [
       -137.55109,
       29.00674
      ],
      [
       -137.55119,
       29.00676
      ],
      [
       -137.55128,
       29.0068
      ],
      [
       -137.55136,
       29.00686
      ],
      [
       -137.55142,
       29.00692
      ],
      [
       -137.55147,
       29.007
      ],
      [
       -137.5515,
       29.00708
      ],
      [
       -137.55151,
       29.00717
      ],
      [
       -137.55151,
       29.00726
      ],
      [
       -137.55148,
       29.00734
      ],
      [
       -137.55143,
       29.00742
      ],
      [
       -137.55137,
       29.00749
      ],
      [
       -137.55129,
       29.00755
      ],
      [
       -137.55121,
       29.00759
      ],
      [
       -137.55111,
       29.00762
      ],
      [
       -137.55101,
       29.00763
      ],
      [
       -137.39383,
       29.01065
      ],
      [
       -137.39373,
       29.01064
      ],
      [
       -137.39363,
       29.01062
      ],
      [
       -137.39354,
       29.01058
      ],
      [
       -137.39346,
       29.01052
      ],
      [
       -137.3934,
       29.01046
      ],
      [
       -137.39335,
       29.01038
      ],
      [
       -137.39332,
       29.0103
      ],
      [
       -137.3933,
       29.01021
      ],
      [
       -137.39331,
       29.01012
      ],
      [
       -137.39334,
       29.01004
      ],
      [
       -137.39338,
       29.00996
      ],
      [
       -137.39345,
       29.00989
      ],
      [
       -137.39352,
       29.00983
      ],
      [
       -137.39361,
       29.00979
      ],
      [
       -137.39371,
       29.00976
      ],
      [
       -137.39381,
       29.00975
      ],
      [
       -137.55099,
       29.00673
      ]
     ]
    ]
   },
   "properties": {
    "event_id": "S1:7.3",
    "source_id": "S1_GPGP2018",
    "target_keys": [],
    "sample_ids": [
     "MPL-0562"
    ],
    "date": "2015-07-29",
    "time": "2015-07-29T04:32:00Z",
    "footprint_kind": "strip",
    "footprint_label": "полоса по концам трансекты",
    "footprint_radius_m": 50.0,
    "footprint_area_km2": 1.5367,
    "geometry_approximate": false,
    "candidates": 0,
    "candidate_passes": 0,
    "accepted": 0,
    "accepted_passes": 0,
    "best_scene_id": null,
    "best_platform": null,
    "best_sync": null,
    "best_shift_hours": null,
    "best_shift_days": null,
    "best_time_uncertainty_hours": null,
    "best_coverage_fraction": null,
    "decision": "not_used",
    "reason_code": "no_target",
    "reason": "у события нет записей целевых величин",
    "detail": ""
   }
  },
  {
   "type": "Feature",
   "id": "S1:7.4",
   "geometry": {
    "type": "Polygon",
    "coordinates": [
     [
      [
       -137.56399,
       29.0058
      ],
      [
       -137.56409,
       29.00581
      ],
      [
       -137.56419,
       29.00583
      ],
      [
       -137.56428,
       29.00587
      ],
      [
       -137.56436,
       29.00593
      ],
      [
       -137.56442,
       29.006
      ],
      [
       -137.56447,
       29.00607
      ],
      [
       -137.5645,
       29.00616
      ],
      [
       -137.56451,
       29.00625
      ],
      [
       -137.56451,
       29.00633
      ],
      [
       -137.56448,
       29.00642
      ],
      [
       -137.56443,
       29.0065
      ],
      [
       -137.56437,
       29.00656
      ],
      [
       -137.56429,
       29.00662
      ],
      [
       -137.5642,
       29.00666
      ],
      [
       -137.56411,
       29.00669
      ],
      [
       -137.56401,
       29.0067
      ],
      [
       -137.37131,
       29.00855
      ],
      [
       -137.37121,
       29.00854
      ],
      [
       -137.37111,
       29.00852
      ],
      [
       -137.37102,
       29.00848
      ],
      [
       -137.37094,
       29.00842
      ],
      [
       -137.37088,
       29.00835
      ],
      [
       -137.37083,
       29.00828
      ],
      [
       -137.3708,
       29.00819
      ],
      [
       -137.37079,
       29.0081
      ],
      [
       -137.37079,
       29.00802
      ],
      [
       -137.37082,
       29.00793
      ],
      [
       -137.37087,
       29.00785
      ],
      [
       -137.37093,
       29.00779
      ],
      [
       -137.37101,
       29.00773
      ],
      [
       -137.3711,
       29.00769
      ],
      [
       -137.37119,
       29.00766
      ],
      [
       -137.37129,
       29.00765
      ],
      [
       -137.56399,
       29.0058
      ]
     ]
    ]
   },
   "properties": {
    "event_id": "S1:7.4",
    "source_id": "S1_GPGP2018",
    "target_keys": [
     "plastic-trawl"
    ],
    "sample_ids": [
     "MPL-0559"
    ],
    "date": "2015-07-29",
    "time": "2015-07-29T04:30:30Z",
    "footprint_kind": "strip",
    "footprint_label": "полоса по концам трансекты",
    "footprint_radius_m": 50.0,
    "footprint_area_km2": 1.8819,
    "geometry_approximate": false,
    "candidates": 0,
    "candidate_passes": 0,
    "accepted": 0,
    "accepted_passes": 0,
    "best_scene_id": null,
    "best_platform": null,
    "best_sync": null,
    "best_shift_hours": null,
    "best_shift_days": null,
    "best_time_uncertainty_hours": null,
    "best_coverage_fraction": null,
    "decision": "rejected",
    "reason_code": "not_acquired",
    "reason": "район не снимается: сцен нет и в широком окне, вероятно открытый океан",
    "detail": ""
   }
  },
  {
   "type": "Feature",
   "id": "S1:70.3",
   "geometry": {
    "type": "Polygon",
    "coordinates": [
     [
      [
       -135.052,
       32.00708
      ],
      [
       -135.0519,
       32.00707
      ],
      [
       -135.0518,
       32.00705
      ],
      [
       -135.05171,
       32.007
      ],
      [
       -135.05163,
       32.00695
      ],
      [
       -135.05156,
       32.00688
      ],
      [
       -135.05151,
       32.0068
      ],
      [
       -135.05148,
       32.00672
      ],
      [
       -135.05147,
       32.00663
      ],
      [
       -135.05148,
       32.00654
      ],
      [
       -135.05151,
       32.00646
      ],
      [
       -135.05156,
       32.00638
      ],
      [
       -135.05162,
       32.00631
      ],
      [
       -135.0517,
       32.00626
      ],
      [
       -135.0518,
       32.00622
      ],
      [
       -135.05189,
       32.00619
      ],
      [
       -135.052,
       32.00618
      ],
      [
       -135.17768,
       32.00585
      ],
      [
       -135.17778,
       32.00586
      ],
      [
       -135.17788,
       32.00588
      ],
      [
       -135.17798,
       32.00593
      ],
      [
       -135.17806,
       32.00598
      ],
      [
       -135.17812,
       32.00605
      ],
      [
       -135.17817,
       32.00613
      ],
      [
       -135.1782,
       32.00621
      ],
      [
       -135.17821,
       32.0063
      ],
      [
       -135.1782,
       32.00639
      ],
      [
       -135.17817,
       32.00647
      ],
      [
       -135.17812,
       32.00655
      ],
      [
       -135.17806,
       32.00662
      ],
      [
       -135.17798,
       32.00667
      ],
      [
       -135.17789,
       32.00671
      ],
      [
       -135.17779,
       32.00674
      ],
      [
       -135.17768,
       32.00675
      ],
      [
       -135.052,
       32.00708
      ]
     ]
    ]
   },
   "properties": {
    "event_id": "S1:70.3",
    "source_id": "S1_GPGP2018",
    "target_keys": [],
    "sample_ids": [
     "MPL-0746"
    ],
    "date": "2015-08-14",
    "time": "2015-08-14T22:17:00Z",
    "footprint_kind": "strip",
    "footprint_label": "полоса по концам трансекты",
    "footprint_radius_m": 50.0,
    "footprint_area_km2": 1.1929,
    "geometry_approximate": false,
    "candidates": 0,
    "candidate_passes": 0,
    "accepted": 0,
    "accepted_passes": 0,
    "best_scene_id": null,
    "best_platform": null,
    "best_sync": null,
    "best_shift_hours": null,
    "best_shift_days": null,
    "best_time_uncertainty_hours": null,
    "best_coverage_fraction": null,
    "decision": "not_used",
    "reason_code": "no_target",
    "reason": "у события нет записей целевых величин",
    "detail": ""
   }
  },
  {
   "type": "Feature",
   "id": "S1:70.4",
   "geometry": {
    "type": "Polygon",
    "coordinates": [
     [
      [
       -135.04505,
       32.01463
      ],
      [
       -135.04495,
       32.01463
      ],
      [
       -135.04484,
       32.01461
      ],
      [
       -135.04475,
       32.01458
      ],
      [
       -135.04466,
       32.01453
      ],
      [
       -135.04459,
       32.01446
      ],
      [
       -135.04453,
       32.01439
      ],
      [
       -135.04449,
       32.01431
      ],
      [
       -135.04447,
       32.01422
      ],
      [
       -135.04447,
       32.01413
      ],
      [
       -135.04449,
       32.01405
      ],
      [
       -135.04453,
       32.01397
      ],
      [
       -135.04459,
       32.01389
      ],
      [
       -135.04466,
       32.01383
      ],
      [
       -135.04475,
       32.01378
      ],
      [
       -135.04485,
       32.01375
      ],
      [
       -135.04495,
       32.01373
      ],
      [
       -135.1814,
       32.00265
      ],
      [
       -135.1815,
       32.00265
      ],
      [
       -135.18161,
       32.00267
      ],
      [
       -135.1817,
       32.0027
      ],
      [
       -135.18179,
       32.00275
      ],
      [
       -135.18186,
       32.00282
      ],
      [
       -135.18192,
       32.00289
      ],
      [
       -135.18196,
       32.00297
      ],
      [
       -135.18198,
       32.00306
      ],
      [
       -135.18198,
       32.00315
      ],
      [
       -135.18196,
       32.00323
      ],
      [
       -135.18192,
       32.00331
      ],
      [
       -135.18186,
       32.00339
      ],
      [
       -135.18179,
       32.00345
      ],
      [
       -135.1817,
       32.0035
      ],
      [
       -135.1816,
       32.00353
      ],
      [
       -135.1815,
       32.00355
      ],
      [
       -135.04505,
       32.01463
      ]
     ]
    ]
   },
   "properties": {
    "event_id": "S1:70.4",
    "source_id": "S1_GPGP2018",
    "target_keys": [
     "plastic-trawl"
    ],
    "sample_ids": [
     "MPL-0747"
    ],
    "date": "2015-08-14",
    "time": "2015-08-14T22:21:00Z",
    "footprint_kind": "strip",
    "footprint_label": "полоса по концам трансекты",
    "footprint_radius_m": 50.0,
    "footprint_area_km2": 1.3003,
    "geometry_approximate": false,
    "candidates": 0,
    "candidate_passes": 0,
    "accepted": 0,
    "accepted_passes": 0,
    "best_scene_id": null,
    "best_platform": null,
    "best_sync": null,
    "best_shift_hours": null,
    "best_shift_days": null,
    "best_time_uncertainty_hours": null,
    "best_coverage_fraction": null,
    "decision": "rejected",
    "reason_code": "not_acquired",
    "reason": "район не снимается: сцен нет и в широком окне, вероятно открытый океан",
    "detail": ""
   }
  },
  {
   "type": "Feature",
   "id": "S1:71.3",
   "geometry": {
    "type": "Polygon",
    "coordinates": [
     [
      [
       -134.53696,
       32.00908
      ],
      [
       -134.53686,
       32.00906
      ],
      [
       -134.53676,
       32.00903
      ],
      [
       -134.53667,
       32.00898
      ],
      [
       -134.5366,
       32.00892
      ],
      [
       -134.53654,
       32.00885
      ],
      [
       -134.5365,
       32.00877
      ],
      [
       -134.53647,
       32.00868
      ],
      [
       -134.53647,
       32.0086
      ],
      [
       -134.53649,
       32.00851
      ],
      [
       -134.53653,
       32.00843
      ],
      [
       -134.53658,
       32.00835
      ],
      [
       -134.53665,
       32.00829
      ],
      [
       -134.53674,
       32.00824
      ],
      [
       -134.53683,
       32.0082
      ],
      [
       -134.53694,
       32.00818
      ],
      [
       -134.53704,
       32.00818
      ],
      [
       -134.66049,
       32.01615
      ],
      [
       -134.66059,
       32.01617
      ],
      [
       -134.66069,
       32.0162
      ],
      [
       -134.66078,
       32.01625
      ],
      [
       -134.66085,
       32.01631
      ],
      [
       -134.66091,
       32.01638
      ],
      [
       -134.66095,
       32.01646
      ],
      [
       -134.66098,
       32.01655
      ],
      [
       -134.66098,
       32.01663
      ],
      [
       -134.66096,
       32.01672
      ],
      [
       -134.66092,
       32.0168
      ],
      [
       -134.66087,
       32.01688
      ],
      [
       -134.6608,
       32.01694
      ],
      [
       -134.66071,
       32.01699
      ],
      [
       -134.66062,
       32.01703
      ],
      [
       -134.66051,
       32.01705
      ],
      [
       -134.66041,
       32.01705
      ],
      [
       -134.53696,
       32.00908
      ]
     ]
    ]
   },
   "properties": {
    "event_id": "S1:71.3",
    "source_id": "S1_GPGP2018",
    "target_keys": [],
    "sample_ids": [
     "MPL-0754"
    ],
    "date": "2015-08-15",
    "time": "2015-08-15T04:18:30Z",
    "footprint_kind": "strip",
    "footprint_label": "полоса по концам трансекты",
    "footprint_radius_m": 50.0,
    "footprint_area_km2": 1.1751,
    "geometry_approximate": false,
    "candidates": 0,
    "candidate_passes": 0,
    "accepted": 0,
    "accepted_passes": 0,
    "best_scene_id": null,
    "best_platform": null,
    "best_sync": null,
    "best_shift_hours": null,
    "best_shift_days": null,
    "best_time_uncertainty_hours": null,
    "best_coverage_fraction": null,
    "decision": "not_used",
    "reason_code": "no_target",
    "reason": "у события нет записей целевых величин",
    "detail": ""
   }
  },
  {
   "type": "Feature",
   "id": "S1:71.4",
   "geometry": {
    "type": "Polygon",
    "coordinates": [
     [
      [
       -134.52801,
       32.00962
      ],
      [
       -134.5279,
       32.00961
      ],
      [
       -134.5278,
       32.00959
      ],
      [
       -134.52771,
       32.00955
      ],
      [
       -134.52763,
       32.00949
      ],
      [
       -134.52756,
       32.00942
      ],
      [
       -134.52751,
       32.00935
      ],
      [
       -134.52748,
       32.00926
      ],
      [
       -134.52747,
       32.00917
      ],
      [
       -134.52748,
       32.00909
      ],
      [
       -134.52751,
       32.009
      ],
      [
       -134.52756,
       32.00892
      ],
      [
       -134.52762,
       32.00886
      ],
      [
       -134.5277,
       32.0088
      ],
      [
       -134.52779,
       32.00876
      ],
      [
       -134.52789,
       32.00873
      ],
      [
       -134.52799,
       32.00872
      ],
      [
       -134.66771,
       32.00755
      ],
      [
       -134.66782,
       32.00756
      ],
      [
       -134.66792,
       32.00758
      ],
      [
       -134.66801,
       32.00762
      ],
      [
       -134.66809,
       32.00768
      ],
      [
       -134.66815,
       32.00775
      ],
      [
       -134.6682,
       32.00782
      ],
      [
       -134.66824,
       32.00791
      ],
      [
       -134.66825,
       32.008
      ],
      [
       -134.66824,
       32.00808
      ],
      [
       -134.66821,
       32.00817
      ],
      [
       -134.66816,
       32.00825
      ],
      [
       -134.6681,
       32.00831
      ],
      [
       -134.66802,
       32.00837
      ],
      [
       -134.66792,
       32.00841
      ],
      [
       -134.66783,
       32.00844
      ],
      [
       -134.66772,
       32.00845
      ],
      [
       -134.52801,
       32.00962
      ]
     ]
    ]
   },
   "properties": {
    "event_id": "S1:71.4",
    "source_id": "S1_GPGP2018",
    "target_keys": [
     "plastic-trawl"
    ],
    "sample_ids": [
     "MPL-0753"
    ],
    "date": "2015-08-15",
    "time": "2015-08-15T04:17:00Z",
    "footprint_kind": "strip",
    "footprint_label": "полоса по концам трансекты",
    "footprint_radius_m": 50.0,
    "footprint_area_km2": 1.3253,
    "geometry_approximate": false,
    "candidates": 0,
    "candidate_passes": 0,
    "accepted": 0,
    "accepted_passes": 0,
    "best_scene_id": null,
    "best_platform": null,
    "best_sync": null,
    "best_shift_hours": null,
    "best_shift_days": null,
    "best_time_uncertainty_hours": null,
    "best_coverage_fraction": null,
    "decision": "rejected",
    "reason_code": "not_acquired",
    "reason": "район не снимается: сцен нет и в широком окне, вероятно открытый океан",
    "detail": ""
   }
  },
  {
   "type": "Feature",
   "id": "S1:72.3",
   "geometry": {
    "type": "Polygon",
    "coordinates": [
     [
      [
       -134.21697,
       32.99165
      ],
      [
       -134.21707,
       32.99165
      ],
      [
       -134.21717,
       32.99167
      ],
      [
       -134.21727,
       32.99171
      ],
      [
       -134.21736,
       32.99176
      ],
      [
       -134.21743,
       32.99183
      ],
      [
       -134.21748,
       32.9919
      ],
      [
       -134.21752,
       32.99199
      ],
      [
       -134.21754,
       32.99207
      ],
      [
       -134.21753,
       32.99216
      ],
      [
       -134.21751,
       32.99225
      ],
      [
       -134.21746,
       32.99233
      ],
      [
       -134.2174,
       32.9924
      ],
      [
       -134.21732,
       32.99246
      ],
      [
       -134.21724,
       32.9925
      ],
      [
       -134.21714,
       32.99253
      ],
      [
       -134.21703,
       32.99255
      ],
      [
       -134.05448,
       33.00095
      ],
      [
       -134.05438,
       33.00095
      ],
      [
       -134.05428,
       33.00093
      ],
      [
       -134.05418,
       33.00089
      ],
      [
       -134.05409,
       33.00084
      ],
      [
       -134.05402,
       33.00077
      ],
      [
       -134.05397,
       33.0007
      ],
      [
       -134.05393,
       33.00061
      ],
      [
       -134.05391,
       33.00053
      ],
      [
       -134.05392,
       33.00044
      ],
      [
       -134.05394,
       33.00035
      ],
      [
       -134.05399,
       33.00027
      ],
      [
       -134.05405,
       33.0002
      ],
      [
       -134.05413,
       33.00014
      ],
      [
       -134.05421,
       33.0001
      ],
      [
       -134.05431,
       33.00007
      ],
      [
       -134.05442,
       33.00005
      ],
      [
       -134.21697,
       32.99165
      ]
     ]
    ]
   },
   "properties": {
    "event_id": "S1:72.3",
    "source_id": "S1_GPGP2018",
    "target_keys": [],
    "sample_ids": [
     "MPL-0757"
    ],
    "date": "2015-08-15",
    "time": "2015-08-15T16:14:00Z",
    "footprint_kind": "strip",
    "footprint_label": "полоса по концам трансекты",
    "footprint_radius_m": 50.0,
    "footprint_area_km2": 1.5266,
    "geometry_approximate": false,
    "candidates": 0,
    "candidate_passes": 0,
    "accepted": 0,
    "accepted_passes": 0,
    "best_scene_id": null,
    "best_platform": null,
    "best_sync": null,
    "best_shift_hours": null,
    "best_shift_days": null,
    "best_time_uncertainty_hours": null,
    "best_coverage_fraction": null,
    "decision": "not_used",
    "reason_code": "no_target",
    "reason": "у события нет записей целевых величин",
    "detail": ""
   }
  },
  {
   "type": "Feature",
   "id": "S1:72.4",
   "geometry": {
    "type": "Polygon",
    "coordinates": [
     [
      [
       -134.22895,
       32.9884
      ],
      [
       -134.22905,
       32.9884
      ],
      [
       -134.22916,
       32.98842
      ],
      [
       -134.22925,
       32.98845
      ],
      [
       -134.22934,
       32.9885
      ],
      [
       -134.22941,
       32.98856
      ],
      [
       -134.22947,
       32.98864
      ],
      [
       -134.22951,
       32.98872
      ],
      [
       -134.22953,
       32.98881
      ],
      [
       -134.22953,
       32.98889
      ],
      [
       -134.22951,
       32.98898
      ],
      [
       -134.22947,
       32.98906
      ],
      [
       -134.22941,
       32.98914
      ],
      [
       -134.22934,
       32.9892
      ],
      [
       -134.22925,
       32.98925
      ],
      [
       -134.22916,
       32.98928
      ],
      [
       -134.22905,
       32.9893
      ],
      [
       -134.05085,
       33.00395
      ],
      [
       -134.05075,
       33.00395
      ],
      [
       -134.05064,
       33.00393
      ],
      [
       -134.05055,
       33.0039
      ],
      [
       -134.05046,
       33.00385
      ],
      [
       -134.05039,
       33.00379
      ],
      [
       -134.05033,
       33.00371
      ],
      [
       -134.05029,
       33.00363
      ],
      [
       -134.05027,
       33.00354
      ],
      [
       -134.05027,
       33.00346
      ],
      [
       -134.05029,
       33.00337
      ],
      [
       -134.05033,
       33.00329
      ],
      [
       -134.05039,
       33.00321
      ],
      [
       -134.05046,
       33.00315
      ],
      [
       -134.05055,
       33.0031
      ],
      [
       -134.05064,
       33.00307
      ],
      [
       -134.05075,
       33.00305
      ],
      [
       -134.22895,
       32.9884
      ]
     ]
    ]
   },
   "properties": {
    "event_id": "S1:72.4",
    "source_id": "S1_GPGP2018",
    "target_keys": [
     "plastic-trawl"
    ],
    "sample_ids": [
     "MPL-0755"
    ],
    "date": "2015-08-15",
    "time": "2015-08-15T16:19:00Z",
    "footprint_kind": "strip",
    "footprint_label": "полоса по концам трансекты",
    "footprint_radius_m": 50.0,
    "footprint_area_km2": 1.6777,
    "geometry_approximate": false,
    "candidates": 0,
    "candidate_passes": 0,
    "accepted": 0,
    "accepted_passes": 0,
    "best_scene_id": null,
    "best_platform": null,
    "best_sync": null,
    "best_shift_hours": null,
    "best_shift_days": null,
    "best_time_uncertainty_hours": null,
    "best_coverage_fraction": null,
    "decision": "rejected",
    "reason_code": "not_acquired",
    "reason": "район не снимается: сцен нет и в широком окне, вероятно открытый океан",
    "detail": ""
   }
  },
  {
   "type": "Feature",
   "id": "S1:73.3",
   "geometry": {
    "type": "Polygon",
    "coordinates": [
     [
      [
       -134.79894,
       32.99043
      ],
      [
       -134.79904,
       32.99043
      ],
      [
       -134.79915,
       32.99045
      ],
      [
       -134.79925,
       32.99048
      ],
      [
       -134.79933,
       32.99053
      ],
      [
       -134.79941,
       32.99059
      ],
      [
       -134.79947,
       32.99066
      ],
      [
       -134.79951,
       32.99074
      ],
      [
       -134.79953,
       32.99083
      ],
      [
       -134.79953,
       32.99092
      ],
      [
       -134.79952,
       32.991
      ],
      [
       -134.79948,
       32.99109
      ],
      [
       -134.79942,
       32.99116
      ],
      [
       -134.79935,
       32.99122
      ],
      [
       -134.79926,
       32.99127
      ],
      [
       -134.79916,
       32.99131
      ],
      [
       -134.79906,
       32.99133
      ],
      [
       -134.65828,
       33.00475
      ],
      [
       -134.65817,
       33.00475
      ],
      [
       -134.65807,
       33.00473
      ],
      [
       -134.65797,
       33.0047
      ],
      [
       -134.65788,
       33.00465
      ],
      [
       -134.65781,
       33.00459
      ],
      [
       -134.65775,
       33.00452
      ],
      [
       -134.65771,
       33.00444
      ],
      [
       -134.65768,
       33.00435
      ],
      [
       -134.65768,
       33.00426
      ],
      [
       -134.6577,
       33.00418
      ],
      [
       -134.65774,
       33.00409
      ],
      [
       -134.6578,
       33.00402
      ],
      [
       -134.65787,
       33.00396
      ],
      [
       -134.65796,
       33.00391
      ],
      [
       -134.65805,
       33.00387
      ],
      [
       -134.65816,
       33.00385
      ],
      [
       -134.79894,
       32.99043
      ]
     ]
    ]
   },
   "properties": {
    "event_id": "S1:73.3",
    "source_id": "S1_GPGP2018",
    "target_keys": [
     "plastic-trawl"
    ],
    "sample_ids": [
     "MPL-0756"
    ],
    "date": "2015-08-15",
    "time": "2015-08-15T22:15:30Z",
    "footprint_kind": "strip",
    "footprint_label": "полоса по концам трансекты",
    "footprint_radius_m": 50.0,
    "footprint_area_km2": 1.3292,
    "geometry_approximate": false,
    "candidates": 0,
    "candidate_passes": 0,
    "accepted": 0,
    "accepted_passes": 0,
    "best_scene_id": null,
    "best_platform": null,
    "best_sync": null,
    "best_shift_hours": null,
    "best_shift_days": null,
    "best_time_uncertainty_hours": null,
    "best_coverage_fraction": null,
    "decision": "rejected",
    "reason_code": "not_acquired",
    "reason": "район не снимается: сцен нет и в широком окне, вероятно открытый океан",
    "detail": ""
   }
  },
  {
   "type": "Feature",
   "id": "S1:73.4",
   "geometry": {
    "type": "Polygon",
    "coordinates": [
     [
      [
       -134.8079,
       32.98253
      ],
      [
       -134.808,
       32.98252
      ],
      [
       -134.80811,
       32.98253
      ],
      [
       -134.80821,
       32.98255
      ],
      [
       -134.8083,
       32.9826
      ],
      [
       -134.80838,
       32.98265
      ],
      [
       -134.80845,
       32.98272
      ],
      [
       -134.8085,
       32.9828
      ],
      [
       -134.80853,
       32.98288
      ],
      [
       -134.80854,
       32.98297
      ],
      [
       -134.80853,
       32.98306
      ],
      [
       -134.8085,
       32.98314
      ],
      [
       -134.80845,
       32.98322
      ],
      [
       -134.80838,
       32.98329
      ],
      [
       -134.8083,
       32.98334
      ],
      [
       -134.8082,
       32.98339
      ],
      [
       -134.8081,
       32.98341
      ],
      [
       -134.6534,
       33.00904
      ],
      [
       -134.6533,
       33.00905
      ],
      [
       -134.65319,
       33.00904
      ],
      [
       -134.65309,
       33.00902
      ],
      [
       -134.653,
       33.00897
      ],
      [
       -134.65292,
       33.00892
      ],
      [
       -134.65285,
       33.00885
      ],
      [
       -134.6528,
       33.00877
      ],
      [
       -134.65277,
       33.00869
      ],
      [
       -134.65276,
       33.0086
      ],
      [
       -134.65277,
       33.00851
      ],
      [
       -134.6528,
       33.00843
      ],
      [
       -134.65285,
       33.00835
      ],
      [
       -134.65292,
       33.00828
      ],
      [
       -134.653,
       33.00823
      ],
      [
       -134.6531,
       33.00818
      ],
      [
       -134.6532,
       33.00816
      ],
      [
       -134.8079,
       32.98253
      ]
     ]
    ]
   },
   "properties": {
    "event_id": "S1:73.4",
    "source_id": "S1_GPGP2018",
    "target_keys": [],
    "sample_ids": [
     "MPL-0760",
     "MPL-0761"
    ],
    "date": "2015-08-15",
    "time": "2015-08-15T22:21:00Z",
    "footprint_kind": "strip",
    "footprint_label": "полоса по концам трансекты",
    "footprint_radius_m": 50.0,
    "footprint_area_km2": 1.4784,
    "geometry_approximate": false,
    "candidates": 0,
    "candidate_passes": 0,
    "accepted": 0,
    "accepted_passes": 0,
    "best_scene_id": null,
    "best_platform": null,
    "best_sync": null,
    "best_shift_hours": null,
    "best_shift_days": null,
    "best_time_uncertainty_hours": null,
    "best_coverage_fraction": null,
    "decision": "not_used",
    "reason_code": "no_target",
    "reason": "у события нет записей целевых величин",
    "detail": ""
   }
  },
  {
   "type": "Feature",
   "id": "S1:74.3",
   "geometry": {
    "type": "Polygon",
    "coordinates": [
     [
      [
       -135.3619,
       32.97691
      ],
      [
       -135.36201,
       32.9769
      ],
      [
       -135.36211,
       32.97691
      ],
      [
       -135.36221,
       32.97694
      ],
      [
       -135.3623,
       32.97698
      ],
      [
       -135.36238,
       32.97704
      ],
      [
       -135.36245,
       32.9771
      ],
      [
       -135.3625,
       32.97718
      ],
      [
       -135.36253,
       32.97727
      ],
      [
       -135.36254,
       32.97735
      ],
      [
       -135.36252,
       32.97744
      ],
      [
       -135.36249,
       32.97753
      ],
      [
       -135.36244,
       32.9776
      ],
      [
       -135.36238,
       32.97767
      ],
      [
       -135.36229,
       32.97773
      ],
      [
       -135.3622,
       32.97777
      ],
      [
       -135.3621,
       32.97779
      ],
      [
       -135.23052,
       32.99864
      ],
      [
       -135.23041,
       32.99865
      ],
      [
       -135.23031,
       32.99864
      ],
      [
       -135.23021,
       32.99861
      ],
      [
       -135.23011,
       32.99857
      ],
      [
       -135.23003,
       32.99851
      ],
      [
       -135.22997,
       32.99845
      ],
      [
       -135.22992,
       32.99837
      ],
      [
       -135.22989,
       32.99828
      ],
      [
       -135.22988,
       32.9982
      ],
      [
       -135.22989,
       32.99811
      ],
      [
       -135.22992,
       32.99802
      ],
      [
       -135.22997,
       32.99795
      ],
      [
       -135.23004,
       32.99788
      ],
      [
       -135.23012,
       32.99782
      ],
      [
       -135.23022,
       32.99778
      ],
      [
       -135.23032,
       32.99776
      ],
      [
       -135.3619,
       32.97691
      ]
     ]
    ]
   },
   "properties": {
    "event_id": "S1:74.3",
    "source_id": "S1_GPGP2018",
    "target_keys": [
     "plastic-trawl"
    ],
    "sample_ids": [
     "MPL-0762"
    ],
    "date": "2015-08-16",
    "time": "2015-08-16T04:21:30Z",
    "footprint_kind": "strip",
    "footprint_label": "полоса по концам трансекты",
    "footprint_radius_m": 50.0,
    "footprint_area_km2": 1.2568,
    "geometry_approximate": false,
    "candidates": 0,
    "candidate_passes": 0,
    "accepted": 0,
    "accepted_passes": 0,
    "best_scene_id": null,
    "best_platform": null,
    "best_sync": null,
    "best_shift_hours": null,
    "best_shift_days": null,
    "best_time_uncertainty_hours": null,
    "best_coverage_fraction": null,
    "decision": "rejected",
    "reason_code": "not_acquired",
    "reason": "район не снимается: сцен нет и в широком окне, вероятно открытый океан",
    "detail": ""
   }
  },
  {
   "type": "Feature",
   "id": "S1:74.4",
   "geometry": {
    "type": "Polygon",
    "coordinates": [
     [
      [
       -135.37284,
       32.97034
      ],
      [
       -135.37294,
       32.97032
      ],
      [
       -135.37304,
       32.97032
      ],
      [
       -135.37315,
       32.97034
      ],
      [
       -135.37324,
       32.97037
      ],
      [
       -135.37333,
       32.97042
      ],
      [
       -135.37341,
       32.97048
      ],
      [
       -135.37347,
       32.97055
      ],
      [
       -135.37351,
       32.97063
      ],
      [
       -135.37353,
       32.97072
      ],
      [
       -135.37353,
       32.97081
      ],
      [
       -135.37352,
       32.97089
      ],
      [
       -135.37348,
       32.97098
      ],
      [
       -135.37342,
       32.97105
      ],
      [
       -135.37335,
       32.97111
      ],
      [
       -135.37326,
       32.97116
      ],
      [
       -135.37316,
       32.9712
      ],
      [
       -135.2173,
       33.01333
      ],
      [
       -135.21719,
       33.01335
      ],
      [
       -135.21709,
       33.01335
      ],
      [
       -135.21699,
       33.01333
      ],
      [
       -135.21689,
       33.0133
      ],
      [
       -135.2168,
       33.01325
      ],
      [
       -135.21672,
       33.01319
      ],
      [
       -135.21666,
       33.01312
      ],
      [
       -135.21662,
       33.01304
      ],
      [
       -135.2166,
       33.01295
      ],
      [
       -135.2166,
       33.01286
      ],
      [
       -135.21662,
       33.01278
      ],
      [
       -135.21666,
       33.01269
      ],
      [
       -135.21671,
       33.01262
      ],
      [
       -135.21679,
       33.01256
      ],
      [
       -135.21687,
       33.01251
      ],
      [
       -135.21697,
       33.01247
      ],
      [
       -135.37284,
       32.97034
      ]
     ]
    ]
   },
   "properties": {
    "event_id": "S1:74.4",
    "source_id": "S1_GPGP2018",
    "target_keys": [],
    "sample_ids": [
     "MPL-0767"
    ],
    "date": "2015-08-16",
    "time": "2015-08-16T04:18:30Z",
    "footprint_kind": "strip",
    "footprint_label": "полоса по концам трансекты",
    "footprint_radius_m": 50.0,
    "footprint_area_km2": 1.5351,
    "geometry_approximate": false,
    "candidates": 0,
    "candidate_passes": 0,
    "accepted": 0,
    "accepted_passes": 0,
    "best_scene_id": null,
    "best_platform": null,
    "best_sync": null,
    "best_shift_hours": null,
    "best_shift_days": null,
    "best_time_uncertainty_hours": null,
    "best_coverage_fraction": null,
    "decision": "not_used",
    "reason_code": "no_target",
    "reason": "у события нет записей целевых величин",
    "detail": ""
   }
  },
  {
   "type": "Feature",
   "id": "S1:75.3",
   "geometry": {
    "type": "Polygon",
    "coordinates": [
     [
      [
       -136.96297,
       32.99222
      ],
      [
       -136.96307,
       32.99222
      ],
      [
       -136.96317,
       32.99224
      ],
      [
       -136.96327,
       32.99228
      ],
      [
       -136.96336,
       32.99233
      ],
      [
       -136.96343,
       32.9924
      ],
      [
       -136.96348,
       32.99247
      ],
      [
       -136.96352,
       32.99256
      ],
      [
       -136.96354,
       32.99264
      ],
      [
       -136.96353,
       32.99273
      ],
      [
       -136.96351,
       32.99282
      ],
      [
       -136.96346,
       32.9929
      ],
      [
       -136.9634,
       32.99297
      ],
      [
       -136.96332,
       32.99303
      ],
      [
       -136.96323,
       32.99307
      ],
      [
       -136.96314,
       32.9931
      ],
      [
       -136.96303,
       32.99312
      ],
      [
       -136.81212,
       33.00085
      ],
      [
       -136.81201,
       33.00085
      ],
      [
       -136.81191,
       33.00083
      ],
      [
       -136.81181,
       33.00079
      ],
      [
       -136.81173,
       33.00074
      ],
      [
       -136.81166,
       33.00067
      ],
      [
       -136.8116,
       33.0006
      ],
      [
       -136.81156,
       33.00051
      ],
      [
       -136.81155,
       33.00043
      ],
      [
       -136.81155,
       33.00034
      ],
      [
       -136.81158,
       33.00025
      ],
      [
       -136.81162,
       33.00017
      ],
      [
       -136.81168,
       33.0001
      ],
      [
       -136.81176,
       33.00004
      ],
      [
       -136.81185,
       33.0
      ],
      [
       -136.81195,
       32.99997
      ],
      [
       -136.81205,
       32.99995
      ],
      [
       -136.96297,
       32.99222
      ]
     ]
    ]
   },
   "properties": {
    "event_id": "S1:75.3",
    "source_id": "S1_GPGP2018",
    "target_keys": [
     "plastic-trawl"
    ],
    "sample_ids": [
     "MPL-0763"
    ],
    "date": "2015-08-16",
    "time": "2015-08-16T16:13:30Z",
    "footprint_kind": "strip",
    "footprint_label": "полоса по концам трансекты",
    "footprint_radius_m": 50.0,
    "footprint_area_km2": 1.4179,
    "geometry_approximate": false,
    "candidates": 0,
    "candidate_passes": 0,
    "accepted": 0,
    "accepted_passes": 0,
    "best_scene_id": null,
    "best_platform": null,
    "best_sync": null,
    "best_shift_hours": null,
    "best_shift_days": null,
    "best_time_uncertainty_hours": null,
    "best_coverage_fraction": null,
    "decision": "rejected",
    "reason_code": "not_acquired",
    "reason": "район не снимается: сцен нет и в широком окне, вероятно открытый океан",
    "detail": ""
   }
  },
  {
   "type": "Feature",
   "id": "S1:75.4",
   "geometry": {
    "type": "Polygon",
    "coordinates": [
     [
      [
       -136.97392,
       32.98408
      ],
      [
       -136.97403,
       32.98408
      ],
      [
       -136.97413,
       32.98409
      ],
      [
       -136.97423,
       32.98412
      ],
      [
       -136.97432,
       32.98417
      ],
      [
       -136.9744,
       32.98423
      ],
      [
       -136.97446,
       32.9843
      ],
      [
       -136.97451,
       32.98438
      ],
      [
       -136.97453,
       32.98447
      ],
      [
       -136.97454,
       32.98455
      ],
      [
       -136.97452,
       32.98464
      ],
      [
       -136.97448,
       32.98472
      ],
      [
       -136.97443,
       32.9848
      ],
      [
       -136.97436,
       32.98486
      ],
      [
       -136.97427,
       32.98492
      ],
      [
       -136.97418,
       32.98495
      ],
      [
       -136.97408,
       32.98498
      ],
      [
       -136.80658,
       33.00495
      ],
      [
       -136.80647,
       33.00495
      ],
      [
       -136.80637,
       33.00494
      ],
      [
       -136.80627,
       33.00491
      ],
      [
       -136.80618,
       33.00486
      ],
      [
       -136.8061,
       33.0048
      ],
      [
       -136.80604,
       33.00473
      ],
      [
       -136.80599,
       33.00465
      ],
      [
       -136.80597,
       33.00456
      ],
      [
       -136.80596,
       33.00448
      ],
      [
       -136.80598,
       33.00439
      ],
      [
       -136.80602,
       33.00431
      ],
      [
       -136.80607,
       33.00423
      ],
      [
       -136.80614,
       33.00417
      ],
      [
       -136.80623,
       33.00411
      ],
      [
       -136.80632,
       33.00408
      ],
      [
       -136.80642,
       33.00405
      ],
      [
       -136.97392,
       32.98408
      ]
     ]
    ]
   },
   "properties": {
    "event_id": "S1:75.4",
    "source_id": "S1_GPGP2018",
    "target_keys": [],
    "sample_ids": [
     "MPL-0766"
    ],
    "date": "2015-08-16",
    "time": "2015-08-16T16:15:30Z",
    "footprint_kind": "strip",
    "footprint_label": "полоса по концам трансекты",
    "footprint_radius_m": 50.0,
    "footprint_area_km2": 1.5856,
    "geometry_approximate": false,
    "candidates": 0,
    "candidate_passes": 0,
    "accepted": 0,
    "accepted_passes": 0,
    "best_scene_id": null,
    "best_platform": null,
    "best_sync": null,
    "best_shift_hours": null,
    "best_shift_days": null,
    "best_time_uncertainty_hours": null,
    "best_coverage_fraction": null,
    "decision": "not_used",
    "reason_code": "no_target",
    "reason": "у события нет записей целевых величин",
    "detail": ""
   }
  },
  {
   "type": "Feature",
   "id": "S1:77.3",
   "geometry": {
    "type": "Polygon",
    "coordinates": [
     [
      [
       -138.07182,
       32.96316
      ],
      [
       -138.07193,
       32.96313
      ],
      [
       -138.07203,
       32.96313
      ],
      [
       -138.07213,
       32.96314
      ],
      [
       -138.07223,
       32.96317
      ],
      [
       -138.07232,
       32.96322
      ],
      [
       -138.0724,
       32.96328
      ],
      [
       -138.07246,
       32.96335
      ],
      [
       -138.07251,
       32.96343
      ],
      [
       -138.07253,
       32.96352
      ],
      [
       -138.07254,
       32.96361
      ],
      [
       -138.07252,
       32.96369
      ],
      [
       -138.07248,
       32.96378
      ],
      [
       -138.07243,
       32.96385
      ],
      [
       -138.07236,
       32.96392
      ],
      [
       -138.07227,
       32.96397
      ],
      [
       -138.07218,
       32.964
      ],
      [
       -137.93786,
       33.00342
      ],
      [
       -137.93776,
       33.00345
      ],
      [
       -137.93765,
       33.00345
      ],
      [
       -137.93755,
       33.00344
      ],
      [
       -137.93745,
       33.00341
      ],
      [
       -137.93736,
       33.00336
      ],
      [
       -137.93728,
       33.0033
      ],
      [
       -137.93722,
       33.00323
      ],
      [
       -137.93718,
       33.00315
      ],
      [
       -137.93715,
       33.00306
      ],
      [
       -137.93715,
       33.00297
      ],
      [
       -137.93716,
       33.00289
      ],
      [
       -137.9372,
       33.0028
      ],
      [
       -137.93725,
       33.00273
      ],
      [
       -137.93733,
       33.00266
      ],
      [
       -137.93741,
       33.00261
      ],
      [
       -137.93751,
       33.00258
      ],
      [
       -138.07182,
       32.96316
      ]
     ]
    ]
   },
   "properties": {
    "event_id": "S1:77.3",
    "source_id": "S1_GPGP2018",
    "target_keys": [
     "plastic-trawl"
    ],
    "sample_ids": [
     "MPL-0768"
    ],
    "date": "2015-08-17",
    "time": "2015-08-17T04:14:30Z",
    "footprint_kind": "strip",
    "footprint_label": "полоса по концам трансекты",
    "footprint_radius_m": 50.0,
    "footprint_area_km2": 1.3351,
    "geometry_approximate": false,
    "candidates": 0,
    "candidate_passes": 0,
    "accepted": 0,
    "accepted_passes": 0,
    "best_scene_id": null,
    "best_platform": null,
    "best_sync": null,
    "best_shift_hours": null,
    "best_shift_days": null,
    "best_time_uncertainty_hours": null,
    "best_coverage_fraction": null,
    "decision": "rejected",
    "reason_code": "not_acquired",
    "reason": "район не снимается: сцен нет и в широком окне, вероятно открытый океан",
    "detail": ""
   }
  },
  {
   "type": "Feature",
   "id": "S1:77.4",
   "geometry": {
    "type": "Polygon",
    "coordinates": [
     [
      [
       -138.0828,
       32.95845
      ],
      [
       -138.0829,
       32.95843
      ],
      [
       -138.083,
       32.95842
      ],
      [
       -138.08311,
       32.95843
      ],
      [
       -138.08321,
       32.95845
      ],
      [
       -138.0833,
       32.9585
      ],
      [
       -138.08338,
       32.95855
      ],
      [
       -138.08345,
       32.95862
      ],
      [
       -138.0835,
       32.9587
      ],
      [
       -138.08353,
       32.95878
      ],
      [
       -138.08354,
       32.95887
      ],
      [
       -138.08353,
       32.95896
      ],
      [
       -138.08349,
       32.95904
      ],
      [
       -138.08345,
       32.95912
      ],
      [
       -138.08338,
       32.95919
      ],
      [
       -138.0833,
       32.95924
      ],
      [
       -138.0832,
       32.95929
      ],
      [
       -137.93475,
       33.01052
      ],
      [
       -137.93465,
       33.01054
      ],
      [
       -137.93455,
       33.01055
      ],
      [
       -137.93444,
       33.01054
      ],
      [
       -137.93434,
       33.01052
      ],
      [
       -137.93425,
       33.01047
      ],
      [
       -137.93417,
       33.01042
      ],
      [
       -137.9341,
       33.01035
      ],
      [
       -137.93405,
       33.01027
      ],
      [
       -137.93402,
       33.01019
      ],
      [
       -137.93401,
       33.0101
      ],
      [
       -137.93402,
       33.01001
      ],
      [
       -137.93406,
       33.00993
      ],
      [
       -137.9341,
       33.00985
      ],
      [
       -137.93417,
       33.00978
      ],
      [
       -137.93425,
       33.00973
      ],
      [
       -137.93435,
       33.00968
      ],
      [
       -138.0828,
       32.95845
      ]
     ]
    ]
   },
   "properties": {
    "event_id": "S1:77.4",
    "source_id": "S1_GPGP2018",
    "target_keys": [],
    "sample_ids": [
     "MPL-0773",
     "MPL-0774"
    ],
    "date": "2015-08-17",
    "time": "2015-08-17T04:18:00Z",
    "footprint_kind": "strip",
    "footprint_label": "полоса по концам трансекты",
    "footprint_radius_m": 50.0,
    "footprint_area_km2": 1.505,
    "geometry_approximate": false,
    "candidates": 0,
    "candidate_passes": 0,
    "accepted": 0,
    "accepted_passes": 0,
    "best_scene_id": null,
    "best_platform": null,
    "best_sync": null,
    "best_shift_hours": null,
    "best_shift_days": null,
    "best_time_uncertainty_hours": null,
    "best_coverage_fraction": null,
    "decision": "not_used",
    "reason_code": "no_target",
    "reason": "у события нет записей целевых величин",
    "detail": ""
   }
  },
  {
   "type": "Feature",
   "id": "S1:78.3",
   "geometry": {
    "type": "Polygon",
    "coordinates": [
     [
      [
       -139.64503,
       32.99495
      ],
      [
       -139.64514,
       32.99497
      ],
      [
       -139.64524,
       32.995
      ],
      [
       -139.64533,
       32.99504
      ],
      [
       -139.6454,
       32.9951
      ],
      [
       -139.64546,
       32.99517
      ],
      [
       -139.64551,
       32.99525
      ],
      [
       -139.64553,
       32.99534
      ],
      [
       -139.64554,
       32.99543
      ],
      [
       -139.64552,
       32.99552
      ],
      [
       -139.64548,
       32.9956
      ],
      [
       -139.64543,
       32.99567
      ],
      [
       -139.64535,
       32.99574
      ],
      [
       -139.64527,
       32.99579
      ],
      [
       -139.64517,
       32.99583
      ],
      [
       -139.64507,
       32.99585
      ],
      [
       -139.64497,
       32.99585
      ],
      [
       -139.49842,
       32.98805
      ],
      [
       -139.49831,
       32.98803
      ],
      [
       -139.49821,
       32.988
      ],
      [
       -139.49812,
       32.98796
      ],
      [
       -139.49805,
       32.9879
      ],
      [
       -139.49799,
       32.98783
      ],
      [
       -139.49794,
       32.98775
      ],
      [
       -139.49792,
       32.98766
      ],
      [
       -139.49791,
       32.98757
      ],
      [
       -139.49793,
       32.98748
      ],
      [
       -139.49797,
       32.9874
      ],
      [
       -139.49802,
       32.98733
      ],
      [
       -139.4981,
       32.98726
      ],
      [
       -139.49818,
       32.98721
      ],
      [
       -139.49828,
       32.98717
      ],
      [
       -139.49838,
       32.98715
      ],
      [
       -139.49848,
       32.98715
      ],
      [
       -139.64503,
       32.99495
      ]
     ]
    ]
   },
   "properties": {
    "event_id": "S1:78.3",
    "source_id": "S1_GPGP2018",
    "target_keys": [
     "plastic-trawl"
    ],
    "sample_ids": [
     "MPL-0770"
    ],
    "date": "2015-08-17",
    "time": "2015-08-17T16:56:00Z",
    "footprint_kind": "strip",
    "footprint_label": "полоса по концам трансекты",
    "footprint_radius_m": 50.0,
    "footprint_area_km2": 1.3774,
    "geometry_approximate": false,
    "candidates": 0,
    "candidate_passes": 0,
    "accepted": 0,
    "accepted_passes": 0,
    "best_scene_id": null,
    "best_platform": null,
    "best_sync": null,
    "best_shift_hours": null,
    "best_shift_days": null,
    "best_time_uncertainty_hours": null,
    "best_coverage_fraction": null,
    "decision": "rejected",
    "reason_code": "not_acquired",
    "reason": "район не снимается: сцен нет и в широком окне, вероятно открытый океан",
    "detail": ""
   }
  },
  {
   "type": "Feature",
   "id": "S1:78.4",
   "geometry": {
    "type": "Polygon",
    "coordinates": [
     [
      [
       -139.66201,
       32.9935
      ],
      [
       -139.66211,
       32.99351
      ],
      [
       -139.66221,
       32.99354
      ],
      [
       -139.6623,
       32.99358
      ],
      [
       -139.66238,
       32.99364
      ],
      [
       -139.66245,
       32.9937
      ],
      [
       -139.6625,
       32.99378
      ],
      [
       -139.66253,
       32.99387
      ],
      [
       -139.66254,
       32.99396
      ],
      [
       -139.66252,
       32.99404
      ],
      [
       -139.66249,
       32.99413
      ],
      [
       -139.66244,
       32.9942
      ],
      [
       -139.66237,
       32.99427
      ],
      [
       -139.66229,
       32.99433
      ],
      [
       -139.6622,
       32.99437
      ],
      [
       -139.6621,
       32.99439
      ],
      [
       -139.66199,
       32.9944
      ],
      [
       -139.49336,
       32.99265
      ],
      [
       -139.49326,
       32.99264
      ],
      [
       -139.49316,
       32.99261
      ],
      [
       -139.49306,
       32.99257
      ],
      [
       -139.49298,
       32.99251
      ],
      [
       -139.49292,
       32.99245
      ],
      [
       -139.49287,
       32.99237
      ],
      [
       -139.49284,
       32.99228
      ],
      [
       -139.49283,
       32.99219
      ],
      [
       -139.49284,
       32.99211
      ],
      [
       -139.49287,
       32.99202
      ],
      [
       -139.49292,
       32.99195
      ],
      [
       -139.49299,
       32.99188
      ],
      [
       -139.49307,
       32.99182
      ],
      [
       -139.49317,
       32.99178
      ],
      [
       -139.49327,
       32.99176
      ],
      [
       -139.49337,
       32.99175
      ],
      [
       -139.66201,
       32.9935
      ]
     ]
    ]
   },
   "properties": {
    "event_id": "S1:78.4",
    "source_id": "S1_GPGP2018",
    "target_keys": [],
    "sample_ids": [
     "MPL-0771"
    ],
    "date": "2015-08-17",
    "time": "2015-08-17T17:01:30Z",
    "footprint_kind": "strip",
    "footprint_label": "полоса по концам трансекты",
    "footprint_radius_m": 50.0,
    "footprint_area_km2": 1.5807,
    "geometry_approximate": false,
    "candidates": 0,
    "candidate_passes": 0,
    "accepted": 0,
    "accepted_passes": 0,
    "best_scene_id": null,
    "best_platform": null,
    "best_sync": null,
    "best_shift_hours": null,
    "best_shift_days": null,
    "best_time_uncertainty_hours": null,
    "best_coverage_fraction": null,
    "decision": "not_used",
    "reason_code": "no_target",
    "reason": "у события нет записей целевых величин",
    "detail": ""
   }
  },
  {
   "type": "Feature",
   "id": "S1:79.3",
   "geometry": {
    "type": "Polygon",
    "coordinates": [
     [
      [
       -138.26941,
       33.8309
      ],
      [
       -138.26933,
       33.83096
      ],
      [
       -138.26924,
       33.831
      ],
      [
       -138.26914,
       33.83103
      ],
      [
       -138.26903,
       33.83105
      ],
      [
       -138.26893,
       33.83105
      ],
      [
       -138.26882,
       33.83103
      ],
      [
       -138.26873,
       33.83099
      ],
      [
       -138.26864,
       33.83094
      ],
      [
       -138.26857,
       33.83087
      ],
      [
       -138.26851,
       33.8308
      ],
      [
       -138.26848,
       33.83072
      ],
      [
       -138.26846,
       33.83063
      ],
      [
       -138.26846,
       33.83054
      ],
      [
       -138.26849,
       33.83045
      ],
      [
       -138.26853,
       33.83037
      ],
      [
       -138.26859,
       33.8303
      ],
      [
       -138.35734,
       33.7467
      ],
      [
       -138.35742,
       33.74664
      ],
      [
       -138.35751,
       33.7466
      ],
      [
       -138.35761,
       33.74657
      ],
      [
       -138.35772,
       33.74655
      ],
      [
       -138.35782,
       33.74655
      ],
      [
       -138.35793,
       33.74657
      ],
      [
       -138.35802,
       33.74661
      ],
      [
       -138.35811,
       33.74666
      ],
      [
       -138.35818,
       33.74673
      ],
      [
       -138.35824,
       33.7468
      ],
      [
       -138.35827,
       33.74688
      ],
      [
       -138.35829,
       33.74697
      ],
      [
       -138.35829,
       33.74706
      ],
      [
       -138.35826,
       33.74715
      ],
      [
       -138.35822,
       33.74723
      ],
      [
       -138.35816,
       33.7473
      ],
      [
       -138.26941,
       33.8309
      ]
     ]
    ]
   },
   "properties": {
    "event_id": "S1:79.3",
    "source_id": "S1_GPGP2018",
    "target_keys": [
     "plastic-trawl"
    ],
    "sample_ids": [
     "MPL-0778"
    ],
    "date": "2015-08-18",
    "time": "2015-08-18T22:19:00Z",
    "footprint_kind": "strip",
    "footprint_label": "полоса по концам трансекты",
    "footprint_radius_m": 50.0,
    "footprint_area_km2": 1.2475,
    "geometry_approximate": false,
    "candidates": 0,
    "candidate_passes": 0,
    "accepted": 0,
    "accepted_passes": 0,
    "best_scene_id": null,
    "best_platform": null,
    "best_sync": null,
    "best_shift_hours": null,
    "best_shift_days": null,
    "best_time_uncertainty_hours": null,
    "best_coverage_fraction": null,
    "decision": "rejected",
    "reason_code": "not_acquired",
    "reason": "район не снимается: сцен нет и в широком окне, вероятно открытый океан",
    "detail": ""
   }
  },
  {
   "type": "Feature",
   "id": "S1:79.4",
   "geometry": {
    "type": "Polygon",
    "coordinates": [
     [
      [
       -138.26139,
       33.83188
      ],
      [
       -138.26131,
       33.83194
      ],
      [
       -138.26122,
       33.83198
      ],
      [
       -138.26112,
       33.83201
      ],
      [
       -138.26101,
       33.83202
      ],
      [
       -138.26091,
       33.83201
      ],
      [
       -138.26081,
       33.83199
      ],
      [
       -138.26071,
       33.83195
      ],
      [
       -138.26063,
       33.8319
      ],
      [
       -138.26056,
       33.83183
      ],
      [
       -138.26051,
       33.83175
      ],
      [
       -138.26047,
       33.83167
      ],
      [
       -138.26046,
       33.83158
      ],
      [
       -138.26047,
       33.83149
      ],
      [
       -138.2605,
       33.83141
      ],
      [
       -138.26054,
       33.83133
      ],
      [
       -138.26061,
       33.83126
      ],
      [
       -138.36274,
       33.74209
      ],
      [
       -138.36282,
       33.74203
      ],
      [
       -138.36291,
       33.74199
      ],
      [
       -138.36301,
       33.74196
      ],
      [
       -138.36312,
       33.74195
      ],
      [
       -138.36323,
       33.74196
      ],
      [
       -138.36333,
       33.74198
      ],
      [
       -138.36342,
       33.74202
      ],
      [
       -138.36351,
       33.74207
      ],
      [
       -138.36358,
       33.74214
      ],
      [
       -138.36363,
       33.74222
      ],
      [
       -138.36366,
       33.7423
      ],
      [
       -138.36367,
       33.74239
      ],
      [
       -138.36367,
       33.74248
      ],
      [
       -138.36364,
       33.74256
      ],
      [
       -138.36359,
       33.74264
      ],
      [
       -138.36352,
       33.74271
      ],
      [
       -138.26139,
       33.83188
      ]
     ]
    ]
   },
   "properties": {
    "event_id": "S1:79.4",
    "source_id": "S1_GPGP2018",
    "target_keys": [
     "plastic-trawl"
    ],
    "sample_ids": [
     "MPL-0777"
    ],
    "date": "2015-08-18",
    "time": "2015-08-18T22:20:30Z",
    "footprint_kind": "strip",
    "footprint_label": "полоса по концам трансекты",
    "footprint_radius_m": 50.0,
    "footprint_area_km2": 1.3767,
    "geometry_approximate": false,
    "candidates": 0,
    "candidate_passes": 0,
    "accepted": 0,
    "accepted_passes": 0,
    "best_scene_id": null,
    "best_platform": null,
    "best_sync": null,
    "best_shift_hours": null,
    "best_shift_days": null,
    "best_time_uncertainty_hours": null,
    "best_coverage_fraction": null,
    "decision": "rejected",
    "reason_code": "not_acquired",
    "reason": "район не снимается: сцен нет и в широком окне, вероятно открытый океан",
    "detail": ""
   }
  },
  {
   "type": "Feature",
   "id": "S1:8.3",
   "geometry": {
    "type": "Polygon",
    "coordinates": [
     [
      [
       -138.12899,
       28.99975
      ],
      [
       -138.12909,
       28.99976
      ],
      [
       -138.12918,
       28.99978
      ],
      [
       -138.12927,
       28.99982
      ],
      [
       -138.12935,
       28.99987
      ],
      [
       -138.12942,
       28.99994
      ],
      [
       -138.12947,
       29.00002
      ],
      [
       -138.1295,
       29.0001
      ],
      [
       -138.12951,
       29.00019
      ],
      [
       -138.12951,
       29.00028
      ],
      [
       -138.12948,
       29.00036
      ],
      [
       -138.12944,
       29.00044
      ],
      [
       -138.12937,
       29.00051
      ],
      [
       -138.1293,
       29.00057
      ],
      [
       -138.12921,
       29.00061
      ],
      [
       -138.12911,
       29.00064
      ],
      [
       -138.12901,
       29.00065
      ],
      [
       -137.97316,
       29.00445
      ],
      [
       -137.97306,
       29.00444
      ],
      [
       -137.97297,
       29.00442
      ],
      [
       -137.97288,
       29.00438
      ],
      [
       -137.9728,
       29.00433
      ],
      [
       -137.97273,
       29.00426
      ],
      [
       -137.97268,
       29.00418
      ],
      [
       -137.97265,
       29.0041
      ],
      [
       -137.97264,
       29.00401
      ],
      [
       -137.97264,
       29.00392
      ],
      [
       -137.97267,
       29.00384
      ],
      [
       -137.97271,
       29.00376
      ],
      [
       -137.97278,
       29.00369
      ],
      [
       -137.97285,
       29.00363
      ],
      [
       -137.97294,
       29.00359
      ],
      [
       -137.97304,
       29.00356
      ],
      [
       -137.97314,
       29.00355
      ],
      [
       -138.12899,
       28.99975
      ]
     ]
    ]
   },
   "properties": {
    "event_id": "S1:8.3",
    "source_id": "S1_GPGP2018",
    "target_keys": [],
    "sample_ids": [
     "MPL-0557"
    ],
    "date": "2015-07-29",
    "time": "2015-07-29T10:23:00Z",
    "footprint_kind": "strip",
    "footprint_label": "полоса по концам трансекты",
    "footprint_radius_m": 50.0,
    "footprint_area_km2": 1.5241,
    "geometry_approximate": false,
    "candidates": 0,
    "candidate_passes": 0,
    "accepted": 0,
    "accepted_passes": 0,
    "best_scene_id": null,
    "best_platform": null,
    "best_sync": null,
    "best_shift_hours": null,
    "best_shift_days": null,
    "best_time_uncertainty_hours": null,
    "best_coverage_fraction": null,
    "decision": "not_used",
    "reason_code": "no_target",
    "reason": "у события нет записей целевых величин",
    "detail": ""
   }
  },
  {
   "type": "Feature",
   "id": "S1:8.4",
   "geometry": {
    "type": "Polygon",
    "coordinates": [
     [
      [
       -138.15,
       29.00123
      ],
      [
       -138.1501,
       29.00124
      ],
      [
       -138.1502,
       29.00126
      ],
      [
       -138.15029,
       29.00131
      ],
      [
       -138.15036,
       29.00136
      ],
      [
       -138.15043,
       29.00143
      ],
      [
       -138.15047,
       29.00151
      ],
      [
       -138.1505,
       29.00159
      ],
      [
       -138.15051,
       29.00168
      ],
      [
       -138.1505,
       29.00177
      ],
      [
       -138.15048,
       29.00185
      ],
      [
       -138.15043,
       29.00193
      ],
      [
       -138.15036,
       29.002
      ],
      [
       -138.15029,
       29.00205
      ],
      [
       -138.1502,
       29.0021
      ],
      [
       -138.1501,
       29.00212
      ],
      [
       -138.15,
       29.00213
      ],
      [
       -137.95032,
       29.00215
      ],
      [
       -137.95022,
       29.00214
      ],
      [
       -137.95012,
       29.00212
      ],
      [
       -137.95003,
       29.00207
      ],
      [
       -137.94995,
       29.00202
      ],
      [
       -137.94989,
       29.00195
      ],
      [
       -137.94984,
       29.00187
      ],
      [
       -137.94981,
       29.00179
      ],
      [
       -137.9498,
       29.0017
      ],
      [
       -137.94981,
       29.00161
      ],
      [
       -137.94984,
       29.00153
      ],
      [
       -137.94989,
       29.00145
      ],
      [
       -137.94995,
       29.00138
      ],
      [
       -137.95003,
       29.00133
      ],
      [
       -137.95012,
       29.00128
      ],
      [
       -137.95022,
       29.00126
      ],
      [
       -137.95032,
       29.00125
      ],
      [
       -138.15,
       29.00123
      ]
     ]
    ]
   },
   "properties": {
    "event_id": "S1:8.4",
    "source_id": "S1_GPGP2018",
    "target_keys": [
     "plastic-trawl"
    ],
    "sample_ids": [
     "MPL-0555"
    ],
    "date": "2015-07-29",
    "time": "2015-07-29T10:22:30Z",
    "footprint_kind": "strip",
    "footprint_label": "полоса по концам трансекты",
    "footprint_radius_m": 50.0,
    "footprint_area_km2": 1.9498,
    "geometry_approximate": false,
    "candidates": 0,
    "candidate_passes": 0,
    "accepted": 0,
    "accepted_passes": 0,
    "best_scene_id": null,
    "best_platform": null,
    "best_sync": null,
    "best_shift_hours": null,
    "best_shift_days": null,
    "best_time_uncertainty_hours": null,
    "best_coverage_fraction": null,
    "decision": "rejected",
    "reason_code": "not_acquired",
    "reason": "район не снимается: сцен нет и в широком окне, вероятно открытый океан",
    "detail": ""
   }
  },
  {
   "type": "Feature",
   "id": "S1:9.3",
   "geometry": {
    "type": "Polygon",
    "coordinates": [
     [
      [
       -138.652,
       28.99955
      ],
      [
       -138.6521,
       28.99956
      ],
      [
       -138.6522,
       28.99959
      ],
      [
       -138.65229,
       28.99963
      ],
      [
       -138.65237,
       28.99968
      ],
      [
       -138.65243,
       28.99975
      ],
      [
       -138.65248,
       28.99983
      ],
      [
       -138.6525,
       28.99992
      ],
      [
       -138.65251,
       29.0
      ],
      [
       -138.6525,
       29.00009
      ],
      [
       -138.65247,
       29.00017
      ],
      [
       -138.65243,
       29.00025
      ],
      [
       -138.65236,
       29.00032
      ],
      [
       -138.65228,
       29.00038
      ],
      [
       -138.65219,
       29.00042
      ],
      [
       -138.6521,
       29.00044
      ],
      [
       -138.652,
       29.00045
      ],
      [
       -138.50963,
       28.99965
      ],
      [
       -138.50953,
       28.99964
      ],
      [
       -138.50943,
       28.99961
      ],
      [
       -138.50934,
       28.99957
      ],
      [
       -138.50927,
       28.99952
      ],
      [
       -138.5092,
       28.99945
      ],
      [
       -138.50916,
       28.99937
      ],
      [
       -138.50913,
       28.99928
      ],
      [
       -138.50912,
       28.9992
      ],
      [
       -138.50913,
       28.99911
      ],
      [
       -138.50916,
       28.99903
      ],
      [
       -138.50921,
       28.99895
      ],
      [
       -138.50927,
       28.99888
      ],
      [
       -138.50935,
       28.99882
      ],
      [
       -138.50944,
       28.99878
      ],
      [
       -138.50954,
       28.99876
      ],
      [
       -138.50964,
       28.99875
      ],
      [
       -138.652,
       28.99955
      ]
     ]
    ]
   },
   "properties": {
    "event_id": "S1:9.3",
    "source_id": "S1_GPGP2018",
    "target_keys": [],
    "sample_ids": [
     "MPL-0549"
    ],
    "date": "2015-07-29",
    "time": "2015-07-29T15:54:30Z",
    "footprint_kind": "strip",
    "footprint_label": "полоса по концам трансекты",
    "footprint_radius_m": 50.0,
    "footprint_area_km2": 1.3924,
    "geometry_approximate": false,
    "candidates": 0,
    "candidate_passes": 0,
    "accepted": 0,
    "accepted_passes": 0,
    "best_scene_id": null,
    "best_platform": null,
    "best_sync": null,
    "best_shift_hours": null,
    "best_shift_days": null,
    "best_time_uncertainty_hours": null,
    "best_coverage_fraction": null,
    "decision": "not_used",
    "reason_code": "no_target",
    "reason": "у события нет записей целевых величин",
    "detail": ""
   }
  },
  {
   "type": "Feature",
   "id": "S1:9.4",
   "geometry": {
    "type": "Polygon",
    "coordinates": [
     [
      [
       -138.663,
       29.00012
      ],
      [
       -138.6631,
       29.00013
      ],
      [
       -138.6632,
       29.00016
      ],
      [
       -138.66329,
       29.0002
      ],
      [
       -138.66337,
       29.00025
      ],
      [
       -138.66343,
       29.00032
      ],
      [
       -138.66348,
       29.0004
      ],
      [
       -138.66351,
       29.00049
      ],
      [
       -138.66351,
       29.00057
      ],
      [
       -138.6635,
       29.00066
      ],
      [
       -138.66347,
       29.00075
      ],
      [
       -138.66342,
       29.00082
      ],
      [
       -138.66336,
       29.00089
      ],
      [
       -138.66328,
       29.00095
      ],
      [
       -138.66319,
       29.00099
      ],
      [
       -138.6631,
       29.00101
      ],
      [
       -138.663,
       29.00102
      ],
      [
       -138.4982,
       28.99975
      ],
      [
       -138.4981,
       28.99974
      ],
      [
       -138.498,
       28.99971
      ],
      [
       -138.49791,
       28.99967
      ],
      [
       -138.49783,
       28.99962
      ],
      [
       -138.49777,
       28.99955
      ],
      [
       -138.49772,
       28.99947
      ],
      [
       -138.49769,
       28.99938
      ],
      [
       -138.49769,
       28.9993
      ],
      [
       -138.4977,
       28.99921
      ],
      [
       -138.49773,
       28.99912
      ],
      [
       -138.49778,
       28.99905
      ],
      [
       -138.49784,
       28.99898
      ],
      [
       -138.49792,
       28.99892
      ],
      [
       -138.49801,
       28.99888
      ],
      [
       -138.4981,
       28.99886
      ],
      [
       -138.4982,
       28.99885
      ],
      [
       -138.663,
       29.00012
      ]
     ]
    ]
   },
   "properties": {
    "event_id": "S1:9.4",
    "source_id": "S1_GPGP2018",
    "target_keys": [
     "plastic-trawl"
    ],
    "sample_ids": [
     "MPL-0551"
    ],
    "date": "2015-07-29",
    "time": "2015-07-29T15:53:00Z",
    "footprint_kind": "strip",
    "footprint_label": "полоса по концам трансекты",
    "footprint_radius_m": 50.0,
    "footprint_area_km2": 1.6106,
    "geometry_approximate": false,
    "candidates": 0,
    "candidate_passes": 0,
    "accepted": 0,
    "accepted_passes": 0,
    "best_scene_id": null,
    "best_platform": null,
    "best_sync": null,
    "best_shift_hours": null,
    "best_shift_days": null,
    "best_time_uncertainty_hours": null,
    "best_coverage_fraction": null,
    "decision": "rejected",
    "reason_code": "not_acquired",
    "reason": "район не снимается: сцен нет и в широком окне, вероятно открытый океан",
    "detail": ""
   }
  },
  {
   "type": "Feature",
   "id": "S2:MSM41_litter-T1",
   "geometry": {
    "type": "Polygon",
    "coordinates": [
     [
      [
       -64.79282,
       32.17421
      ],
      [
       -64.7929,
       32.17416
      ],
      [
       -64.793,
       32.17412
      ],
      [
       -64.7931,
       32.1741
      ],
      [
       -64.7932,
       32.1741
      ],
      [
       -64.79331,
       32.17412
      ],
      [
       -64.7934,
       32.17415
      ],
      [
       -64.79349,
       32.17419
      ],
      [
       -64.79357,
       32.17425
      ],
      [
       -64.79363,
       32.17433
      ],
      [
       -64.79367,
       32.17441
      ],
      [
       -64.79369,
       32.17449
      ],
      [
       -64.7937,
       32.17458
      ],
      [
       -64.79368,
       32.17467
      ],
      [
       -64.79364,
       32.17475
      ],
      [
       -64.79359,
       32.17482
      ],
      [
       -64.79352,
       32.17489
      ],
      [
       -64.63583,
       32.29141
      ],
      [
       -64.63575,
       32.29146
      ],
      [
       -64.63565,
       32.29149
      ],
      [
       -64.63555,
       32.29151
      ],
      [
       -64.63545,
       32.29152
      ],
      [
       -64.63534,
       32.2915
      ],
      [
       -64.63525,
       32.29147
      ],
      [
       -64.63516,
       32.29142
      ],
      [
       -64.63508,
       32.29136
      ],
      [
       -64.63502,
       32.29129
      ],
      [
       -64.63498,
       32.29121
      ],
      [
       -64.63496,
       32.29112
      ],
      [
       -64.63495,
       32.29104
      ],
      [
       -64.63497,
       32.29095
      ],
      [
       -64.63501,
       32.29087
      ],
      [
       -64.63506,
       32.29079
      ],
      [
       -64.63513,
       32.29073
      ],
      [
       -64.79282,
       32.17421
      ]
     ]
    ]
   },
   "properties": {
    "event_id": "S2:MSM41_litter-T1",
    "source_id": "S2_SARGASSO_MSM41",
    "target_keys": [
     "plastic-visual"
    ],
    "sample_ids": [
     "MPL-0197"
    ],
    "date": "2015-04-01",
    "time": "2015-04-01T16:47:00Z",
    "footprint_kind": "strip",
    "footprint_label": "полоса по концам трансекты",
    "footprint_radius_m": 50.0,
    "footprint_area_km2": 1.9772,
    "geometry_approximate": false,
    "candidates": 0,
    "candidate_passes": 0,
    "accepted": 0,
    "accepted_passes": 0,
    "best_scene_id": null,
    "best_platform": null,
    "best_sync": null,
    "best_shift_hours": null,
    "best_shift_days": null,
    "best_time_uncertainty_hours": null,
    "best_coverage_fraction": null,
    "decision": "rejected",
    "reason_code": "no_scene_in_window",
    "reason": "в окне поиска сцен нет",
    "detail": ""
   }
  },
  {
   "type": "Feature",
   "id": "S2:MSM41_litter-T10",
   "geometry": {
    "type": "Polygon",
    "coordinates": [
     [
      [
       -69.87519,
       27.34577
      ],
      [
       -69.87523,
       27.34569
      ],
      [
       -69.87529,
       27.34562
      ],
      [
       -69.87536,
       27.34556
      ],
      [
       -69.87545,
       27.34551
      ],
      [
       -69.87554,
       27.34548
      ],
      [
       -69.87564,
       27.34547
      ],
      [
       -69.87574,
       27.34547
      ],
      [
       -69.87584,
       27.34549
      ],
      [
       -69.87593,
       27.34553
      ],
      [
       -69.87601,
       27.34558
      ],
      [
       -69.87607,
       27.34565
      ],
      [
       -69.87612,
       27.34572
      ],
      [
       -69.87616,
       27.34581
      ],
      [
       -69.87617,
       27.34589
      ],
      [
       -69.87617,
       27.34598
      ],
      [
       -69.87614,
       27.34607
      ],
      [
       -69.79539,
       27.54872
      ],
      [
       -69.79535,
       27.5488
      ],
      [
       -69.79529,
       27.54887
      ],
      [
       -69.79522,
       27.54893
      ],
      [
       -69.79514,
       27.54897
      ],
      [
       -69.79504,
       27.549
      ],
      [
       -69.79494,
       27.54902
      ],
      [
       -69.79484,
       27.54901
      ],
      [
       -69.79475,
       27.54899
      ],
      [
       -69.79466,
       27.54895
      ],
      [
       -69.79458,
       27.5489
      ],
      [
       -69.79451,
       27.54884
      ],
      [
       -69.79446,
       27.54876
      ],
      [
       -69.79443,
       27.54868
      ],
      [
       -69.79441,
       27.54859
      ],
      [
       -69.79442,
       27.5485
      ],
      [
       -69.79444,
       27.54842
      ],
      [
       -69.87519,
       27.34577
      ]
     ]
    ]
   },
   "properties": {
    "event_id": "S2:MSM41_litter-T10",
    "source_id": "S2_SARGASSO_MSM41",
    "target_keys": [
     "plastic-visual"
    ],
    "sample_ids": [
     "MPL-0229"
    ],
    "date": "2015-04-04",
    "time": "2015-04-04T16:38:00Z",
    "footprint_kind": "strip",
    "footprint_label": "полоса по концам трансекты",
    "footprint_radius_m": 50.0,
    "footprint_area_km2": 2.3979,
    "geometry_approximate": false,
    "candidates": 0,
    "candidate_passes": 0,
    "accepted": 0,
    "accepted_passes": 0,
    "best_scene_id": null,
    "best_platform": null,
    "best_sync": null,
    "best_shift_hours": null,
    "best_shift_days": null,
    "best_time_uncertainty_hours": null,
    "best_coverage_fraction": null,
    "decision": "rejected",
    "reason_code": "before_mission",
    "reason": "наблюдение раньше начала съёмки Sentinel-2",
    "detail": ""
   }
  },
  {
   "type": "Feature",
   "id": "S2:MSM41_litter-T11",
   "geometry": {
    "type": "Polygon",
    "coordinates": [
     [
      [
       -70.00864,
       26.01352
      ],
      [
       -70.00866,
       26.01343
      ],
      [
       -70.0087,
       26.01335
      ],
      [
       -70.00876,
       26.01328
      ],
      [
       -70.00883,
       26.01322
      ],
      [
       -70.00892,
       26.01318
      ],
      [
       -70.00901,
       26.01315
      ],
      [
       -70.00911,
       26.01313
      ],
      [
       -70.0092,
       26.01314
      ],
      [
       -70.0093,
       26.01316
      ],
      [
       -70.00939,
       26.0132
      ],
      [
       -70.00947,
       26.01325
      ],
      [
       -70.00953,
       26.01331
      ],
      [
       -70.00958,
       26.01339
      ],
      [
       -70.00962,
       26.01347
      ],
      [
       -70.00963,
       26.01356
      ],
      [
       -70.00963,
       26.01365
      ],
      [
       -69.99488,
       26.1058
      ],
      [
       -69.99486,
       26.10588
      ],
      [
       -69.99481,
       26.10596
      ],
      [
       -69.99476,
       26.10603
      ],
      [
       -69.99468,
       26.10609
      ],
      [
       -69.9946,
       26.10614
      ],
      [
       -69.99451,
       26.10617
      ],
      [
       -69.99441,
       26.10618
      ],
      [
       -69.99431,
       26.10618
      ],
      [
       -69.99422,
       26.10616
      ],
      [
       -69.99413,
       26.10612
      ],
      [
       -69.99405,
       26.10607
      ],
      [
       -69.99398,
       26.106
      ],
      [
       -69.99393,
       26.10593
      ],
      [
       -69.9939,
       26.10584
      ],
      [
       -69.99388,
       26.10576
      ],
      [
       -69.99389,
       26.10567
      ],
      [
       -70.00864,
       26.01352
      ]
     ]
    ]
   },
   "properties": {
    "event_id": "S2:MSM41_litter-T11",
    "source_id": "S2_SARGASSO_MSM41",
    "target_keys": [
     "plastic-visual"
    ],
    "sample_ids": [
     "MPL-0235"
    ],
    "date": "2015-04-05",
    "time": "2015-04-05T08:30:30Z",
    "footprint_kind": "strip",
    "footprint_label": "полоса по концам трансекты",
    "footprint_radius_m": 50.0,
    "footprint_area_km2": 1.043,
    "geometry_approximate": false,
    "candidates": 0,
    "candidate_passes": 0,
    "accepted": 0,
    "accepted_passes": 0,
    "best_scene_id": null,
    "best_platform": null,
    "best_sync": null,
    "best_shift_hours": null,
    "best_shift_days": null,
    "best_time_uncertainty_hours": null,
    "best_coverage_fraction": null,
    "decision": "rejected",
    "reason_code": "before_mission",
    "reason": "наблюдение раньше начала съёмки Sentinel-2",
    "detail": ""
   }
  },
  {
   "type": "Feature",
   "id": "S2:MSM41_litter-T12",
   "geometry": {
    "type": "Polygon",
    "coordinates": [
     [
      [
       -69.95477,
       25.84919
      ],
      [
       -69.95479,
       25.84911
      ],
      [
       -69.95483,
       25.84903
      ],
      [
       -69.95489,
       25.84895
      ],
      [
       -69.95496,
       25.84889
      ],
      [
       -69.95504,
       25.84885
      ],
      [
       -69.95514,
       25.84882
      ],
      [
       -69.95523,
       25.8488
      ],
      [
       -69.95533,
       25.8488
      ],
      [
       -69.95543,
       25.84882
      ],
      [
       -69.95552,
       25.84886
      ],
      [
       -69.9556,
       25.84891
      ],
      [
       -69.95566,
       25.84898
      ],
      [
       -69.95571,
       25.84905
      ],
      [
       -69.95575,
       25.84913
      ],
      [
       -69.95577,
       25.84922
      ],
      [
       -69.95576,
       25.84931
      ],
      [
       -69.94401,
       25.93106
      ],
      [
       -69.94399,
       25.93114
      ],
      [
       -69.94395,
       25.93122
      ],
      [
       -69.94389,
       25.9313
      ],
      [
       -69.94382,
       25.93136
      ],
      [
       -69.94374,
       25.9314
      ],
      [
       -69.94365,
       25.93143
      ],
      [
       -69.94355,
       25.93145
      ],
      [
       -69.94345,
       25.93145
      ],
      [
       -69.94336,
       25.93143
      ],
      [
       -69.94327,
       25.93139
      ],
      [
       -69.94319,
       25.93134
      ],
      [
       -69.94312,
       25.93127
      ],
      [
       -69.94307,
       25.9312
      ],
      [
       -69.94303,
       25.93112
      ],
      [
       -69.94302,
       25.93103
      ],
      [
       -69.94302,
       25.93094
      ],
      [
       -69.95477,
       25.84919
      ]
     ]
    ]
   },
   "properties": {
    "event_id": "S2:MSM41_litter-T12",
    "source_id": "S2_SARGASSO_MSM41",
    "target_keys": [
     "plastic-visual"
    ],
    "sample_ids": [
     "MPL-0233"
    ],
    "date": "2015-04-05",
    "time": "2015-04-05T14:57:00Z",
    "footprint_kind": "strip",
    "footprint_label": "полоса по концам трансекты",
    "footprint_radius_m": 50.0,
    "footprint_area_km2": 0.9244,
    "geometry_approximate": false,
    "candidates": 0,
    "candidate_passes": 0,
    "accepted": 0,
    "accepted_passes": 0,
    "best_scene_id": null,
    "best_platform": null,
    "best_sync": null,
    "best_shift_hours": null,
    "best_shift_days": null,
    "best_time_uncertainty_hours": null,
    "best_coverage_fraction": null,
    "decision": "rejected",
    "reason_code": "before_mission",
    "reason": "наблюдение раньше начала съёмки Sentinel-2",
    "detail": ""
   }
  },
  {
   "type": "Feature",
   "id": "S2:MSM41_litter-T13",
   "geometry": {
    "type": "Polygon",
    "coordinates": [
     [
      [
       -69.98609,
       24.71766
      ],
      [
       -69.98611,
       24.71758
      ],
      [
       -69.98614,
       24.7175
      ],
      [
       -69.98619,
       24.71742
      ],
      [
       -69.98626,
       24.71736
      ],
      [
       -69.98634,
       24.71731
      ],
      [
       -69.98643,
       24.71727
      ],
      [
       -69.98652,
       24.71725
      ],
      [
       -69.98662,
       24.71725
      ],
      [
       -69.98672,
       24.71727
      ],
      [
       -69.98681,
       24.7173
      ],
      [
       -69.98689,
       24.71735
      ],
      [
       -69.98696,
       24.71741
      ],
      [
       -69.98702,
       24.71748
      ],
      [
       -69.98705,
       24.71756
      ],
      [
       -69.98707,
       24.71765
      ],
      [
       -69.98708,
       24.71774
      ],
      [
       -69.96934,
       24.92247
      ],
      [
       -69.96933,
       24.92256
      ],
      [
       -69.96929,
       24.92264
      ],
      [
       -69.96924,
       24.92271
      ],
      [
       -69.96917,
       24.92277
      ],
      [
       -69.96909,
       24.92283
      ],
      [
       -69.969,
       24.92286
      ],
      [
       -69.96891,
       24.92288
      ],
      [
       -69.96881,
       24.92288
      ],
      [
       -69.96872,
       24.92287
      ],
      [
       -69.96863,
       24.92283
      ],
      [
       -69.96854,
       24.92279
      ],
      [
       -69.96847,
       24.92273
      ],
      [
       -69.96842,
       24.92265
      ],
      [
       -69.96838,
       24.92257
      ],
      [
       -69.96836,
       24.92249
      ],
      [
       -69.96836,
       24.9224
      ],
      [
       -69.98609,
       24.71766
      ]
     ]
    ]
   },
   "properties": {
    "event_id": "S2:MSM41_litter-T13",
    "source_id": "S2_SARGASSO_MSM41",
    "target_keys": [
     "plastic-visual"
    ],
    "sample_ids": [
     "MPL-0249"
    ],
    "date": "2015-04-06",
    "time": "2015-04-06T08:46:00Z",
    "footprint_kind": "strip",
    "footprint_label": "полоса по концам трансекты",
    "footprint_radius_m": 50.0,
    "footprint_area_km2": 2.2914,
    "geometry_approximate": false,
    "candidates": 0,
    "candidate_passes": 0,
    "accepted": 0,
    "accepted_passes": 0,
    "best_scene_id": null,
    "best_platform": null,
    "best_sync": null,
    "best_shift_hours": null,
    "best_shift_days": null,
    "best_time_uncertainty_hours": null,
    "best_coverage_fraction": null,
    "decision": "rejected",
    "reason_code": "before_mission",
    "reason": "наблюдение раньше начала съёмки Sentinel-2",
    "detail": ""
   }
  },
  {
   "type": "Feature",
   "id": "S2:MSM41_litter-T14",
   "geometry": {
    "type": "Polygon",
    "coordinates": [
     [
      [
       -69.79398,
       24.48864
      ],
      [
       -69.79389,
       24.48861
      ],
      [
       -69.79381,
       24.48856
      ],
      [
       -69.79374,
       24.48849
      ],
      [
       -69.79369,
       24.48842
      ],
      [
       -69.79366,
       24.48834
      ],
      [
       -69.79364,
       24.48825
      ],
      [
       -69.79364,
       24.48816
      ],
      [
       -69.79366,
       24.48807
      ],
      [
       -69.7937,
       24.48799
      ],
      [
       -69.79376,
       24.48792
      ],
      [
       -69.79383,
       24.48786
      ],
      [
       -69.79391,
       24.48781
      ],
      [
       -69.794,
       24.48778
      ],
      [
       -69.7941,
       24.48777
      ],
      [
       -69.7942,
       24.48777
      ],
      [
       -69.79429,
       24.48779
      ],
      [
       -69.92802,
       24.52842
      ],
      [
       -69.92811,
       24.52846
      ],
      [
       -69.92819,
       24.52851
      ],
      [
       -69.92826,
       24.52857
      ],
      [
       -69.92831,
       24.52865
      ],
      [
       -69.92834,
       24.52873
      ],
      [
       -69.92836,
       24.52882
      ],
      [
       -69.92836,
       24.52891
      ],
      [
       -69.92834,
       24.52899
      ],
      [
       -69.9283,
       24.52907
      ],
      [
       -69.92824,
       24.52914
      ],
      [
       -69.92817,
       24.52921
      ],
      [
       -69.92809,
       24.52925
      ],
      [
       -69.928,
       24.52928
      ],
      [
       -69.9279,
       24.5293
      ],
      [
       -69.9278,
       24.5293
      ],
      [
       -69.92771,
       24.52928
      ],
      [
       -69.79398,
       24.48864
      ]
     ]
    ]
   },
   "properties": {
    "event_id": "S2:MSM41_litter-T14",
    "source_id": "S2_SARGASSO_MSM41",
    "target_keys": [
     "plastic-visual"
    ],
    "sample_ids": [
     "MPL-0246"
    ],
    "date": "2015-04-06",
    "time": "2015-04-06T14:20:00Z",
    "footprint_kind": "strip",
    "footprint_label": "полоса по концам трансекты",
    "footprint_radius_m": 50.0,
    "footprint_area_km2": 1.4343,
    "geometry_approximate": false,
    "candidates": 0,
    "candidate_passes": 0,
    "accepted": 0,
    "accepted_passes": 0,
    "best_scene_id": null,
    "best_platform": null,
    "best_sync": null,
    "best_shift_hours": null,
    "best_shift_days": null,
    "best_time_uncertainty_hours": null,
    "best_coverage_fraction": null,
    "decision": "rejected",
    "reason_code": "before_mission",
    "reason": "наблюдение раньше начала съёмки Sentinel-2",
    "detail": ""
   }
  },
  {
   "type": "Feature",
   "id": "S2:MSM41_litter-T15",
   "geometry": {
    "type": "Polygon",
    "coordinates": [
     [
      [
       -69.32913,
       24.34899
      ],
      [
       -69.32904,
       24.34896
      ],
      [
       -69.32896,
       24.34891
      ],
      [
       -69.32889,
       24.34884
      ],
      [
       -69.32884,
       24.34877
      ],
      [
       -69.32881,
       24.34869
      ],
      [
       -69.32879,
       24.3486
      ],
      [
       -69.32879,
       24.34851
      ],
      [
       -69.32881,
       24.34843
      ],
      [
       -69.32885,
       24.34835
      ],
      [
       -69.32891,
       24.34827
      ],
      [
       -69.32898,
       24.34821
      ],
      [
       -69.32906,
       24.34817
      ],
      [
       -69.32915,
       24.34813
      ],
      [
       -69.32925,
       24.34812
      ],
      [
       -69.32934,
       24.34812
      ],
      [
       -69.32944,
       24.34814
      ],
      [
       -69.54549,
       24.41301
      ],
      [
       -69.54558,
       24.41304
      ],
      [
       -69.54566,
       24.41309
      ],
      [
       -69.54572,
       24.41316
      ],
      [
       -69.54577,
       24.41323
      ],
      [
       -69.54581,
       24.41331
      ],
      [
       -69.54583,
       24.4134
      ],
      [
       -69.54582,
       24.41349
      ],
      [
       -69.5458,
       24.41357
      ],
      [
       -69.54576,
       24.41365
      ],
      [
       -69.54571,
       24.41373
      ],
      [
       -69.54564,
       24.41379
      ],
      [
       -69.54556,
       24.41383
      ],
      [
       -69.54546,
       24.41387
      ],
      [
       -69.54537,
       24.41388
      ],
      [
       -69.54527,
       24.41388
      ],
      [
       -69.54518,
       24.41386
      ],
      [
       -69.32913,
       24.34899
      ]
     ]
    ]
   },
   "properties": {
    "event_id": "S2:MSM41_litter-T15",
    "source_id": "S2_SARGASSO_MSM41",
    "target_keys": [
     "plastic-visual"
    ],
    "sample_ids": [
     "MPL-0241"
    ],
    "date": "2015-04-06",
    "time": "2015-04-06T16:17:00Z",
    "footprint_kind": "strip",
    "footprint_label": "полоса по концам трансекты",
    "footprint_radius_m": 50.0,
    "footprint_area_km2": 2.3117,
    "geometry_approximate": false,
    "candidates": 0,
    "candidate_passes": 0,
    "accepted": 0,
    "accepted_passes": 0,
    "best_scene_id": null,
    "best_platform": null,
    "best_sync": null,
    "best_shift_hours": null,
    "best_shift_days": null,
    "best_time_uncertainty_hours": null,
    "best_coverage_fraction": null,
    "decision": "rejected",
    "reason_code": "before_mission",
    "reason": "наблюдение раньше начала съёмки Sentinel-2",
    "detail": ""
   }
  },
  {
   "type": "Feature",
   "id": "S2:MSM41_litter-T16",
   "geometry": {
    "type": "Polygon",
    "coordinates": [
     [
      [
       -68.81436,
       24.19386
      ],
      [
       -68.81427,
       24.19382
      ],
      [
       -68.81419,
       24.19377
      ],
      [
       -68.81413,
       24.19371
      ],
      [
       -68.81408,
       24.19364
      ],
      [
       -68.81404,
       24.19355
      ],
      [
       -68.81403,
       24.19347
      ],
      [
       -68.81403,
       24.19338
      ],
      [
       -68.81405,
       24.19329
      ],
      [
       -68.81409,
       24.19321
      ],
      [
       -68.81414,
       24.19314
      ],
      [
       -68.81421,
       24.19308
      ],
      [
       -68.8143,
       24.19303
      ],
      [
       -68.81439,
       24.193
      ],
      [
       -68.81448,
       24.19298
      ],
      [
       -68.81458,
       24.19299
      ],
      [
       -68.81467,
       24.19301
      ],
      [
       -69.0316,
       24.25844
      ],
      [
       -69.03169,
       24.25848
      ],
      [
       -69.03177,
       24.25853
      ],
      [
       -69.03184,
       24.25859
      ],
      [
       -69.03189,
       24.25866
      ],
      [
       -69.03193,
       24.25875
      ],
      [
       -69.03194,
       24.25883
      ],
      [
       -69.03194,
       24.25892
      ],
      [
       -69.03192,
       24.25901
      ],
      [
       -69.03188,
       24.25909
      ],
      [
       -69.03182,
       24.25916
      ],
      [
       -69.03175,
       24.25922
      ],
      [
       -69.03167,
       24.25927
      ],
      [
       -69.03158,
       24.2593
      ],
      [
       -69.03149,
       24.25932
      ],
      [
       -69.03139,
       24.25931
      ],
      [
       -69.0313,
       24.25929
      ],
      [
       -68.81436,
       24.19386
      ]
     ]
    ]
   },
   "properties": {
    "event_id": "S2:MSM41_litter-T16",
    "source_id": "S2_SARGASSO_MSM41",
    "target_keys": [
     "plastic-visual"
    ],
    "sample_ids": [
     "MPL-0237"
    ],
    "date": "2015-04-06",
    "time": "2015-04-06T18:42:00Z",
    "footprint_kind": "strip",
    "footprint_label": "полоса по концам трансекты",
    "footprint_radius_m": 50.0,
    "footprint_area_km2": 2.3248,
    "geometry_approximate": false,
    "candidates": 0,
    "candidate_passes": 0,
    "accepted": 0,
    "accepted_passes": 0,
    "best_scene_id": null,
    "best_platform": null,
    "best_sync": null,
    "best_shift_hours": null,
    "best_shift_days": null,
    "best_time_uncertainty_hours": null,
    "best_coverage_fraction": null,
    "decision": "rejected",
    "reason_code": "before_mission",
    "reason": "наблюдение раньше начала съёмки Sentinel-2",
    "detail": ""
   }
  },
  {
   "type": "Feature",
   "id": "S2:MSM41_litter-T17",
   "geometry": {
    "type": "Polygon",
    "coordinates": [
     [
      [
       -67.00539,
       23.73388
      ],
      [
       -67.00538,
       23.73397
      ],
      [
       -67.00535,
       23.73406
      ],
      [
       -67.00531,
       23.73413
      ],
      [
       -67.00525,
       23.7342
      ],
      [
       -67.00517,
       23.73426
      ],
      [
       -67.00509,
       23.7343
      ],
      [
       -67.005,
       23.73432
      ],
      [
       -67.0049,
       23.73433
      ],
      [
       -67.0048,
       23.73432
      ],
      [
       -67.00471,
       23.7343
      ],
      [
       -67.00463,
       23.73426
      ],
      [
       -67.00455,
       23.7342
      ],
      [
       -67.00449,
       23.73413
      ],
      [
       -67.00445,
       23.73406
      ],
      [
       -67.00442,
       23.73397
      ],
      [
       -67.00441,
       23.73388
      ],
      [
       -67.00441,
       23.5283
      ],
      [
       -67.00442,
       23.52821
      ],
      [
       -67.00445,
       23.52813
      ],
      [
       -67.00449,
       23.52805
      ],
      [
       -67.00455,
       23.52798
      ],
      [
       -67.00463,
       23.52793
      ],
      [
       -67.00471,
       23.52788
      ],
      [
       -67.0048,
       23.52786
      ],
      [
       -67.0049,
       23.52785
      ],
      [
       -67.005,
       23.52786
      ],
      [
       -67.00509,
       23.52788
      ],
      [
       -67.00517,
       23.52793
      ],
      [
       -67.00525,
       23.52798
      ],
      [
       -67.00531,
       23.52805
      ],
      [
       -67.00535,
       23.52813
      ],
      [
       -67.00538,
       23.52821
      ],
      [
       -67.00539,
       23.5283
      ],
      [
       -67.00539,
       23.73388
      ]
     ]
    ]
   },
   "properties": {
    "event_id": "S2:MSM41_litter-T17",
    "source_id": "S2_SARGASSO_MSM41",
    "target_keys": [
     "plastic-visual"
    ],
    "sample_ids": [
     "MPL-0254"
    ],
    "date": "2015-04-07",
    "time": "2015-04-07T10:21:00Z",
    "footprint_kind": "strip",
    "footprint_label": "полоса по концам трансекты",
    "footprint_radius_m": 50.0,
    "footprint_area_km2": 2.2938,
    "geometry_approximate": false,
    "candidates": 0,
    "candidate_passes": 0,
    "accepted": 0,
    "accepted_passes": 0,
    "best_scene_id": null,
    "best_platform": null,
    "best_sync": null,
    "best_shift_hours": null,
    "best_shift_days": null,
    "best_time_uncertainty_hours": null,
    "best_coverage_fraction": null,
    "decision": "rejected",
    "reason_code": "before_mission",
    "reason": "наблюдение раньше начала съёмки Sentinel-2",
    "detail": ""
   }
  },
  {
   "type": "Feature",
   "id": "S2:MSM41_litter-T18",
   "geometry": {
    "type": "Polygon",
    "coordinates": [
     [
      [
       -66.97606,
       24.25805
      ],
      [
       -66.97606,
       24.25814
      ],
      [
       -66.97604,
       24.25822
      ],
      [
       -66.97601,
       24.25831
      ],
      [
       -66.97595,
       24.25838
      ],
      [
       -66.97589,
       24.25844
      ],
      [
       -66.97581,
       24.25849
      ],
      [
       -66.97572,
       24.25853
      ],
      [
       -66.97562,
       24.25855
      ],
      [
       -66.97553,
       24.25855
      ],
      [
       -66.97543,
       24.25853
      ],
      [
       -66.97534,
       24.2585
      ],
      [
       -66.97526,
       24.25845
      ],
      [
       -66.97519,
       24.25839
      ],
      [
       -66.97514,
       24.25832
      ],
      [
       -66.9751,
       24.25824
      ],
      [
       -66.97508,
       24.25815
      ],
      [
       -66.95351,
       24.08577
      ],
      [
       -66.95351,
       24.08568
      ],
      [
       -66.95353,
       24.08559
      ],
      [
       -66.95356,
       24.08551
      ],
      [
       -66.95361,
       24.08544
      ],
      [
       -66.95368,
       24.08537
      ],
      [
       -66.95376,
       24.08532
      ],
      [
       -66.95385,
       24.08529
      ],
      [
       -66.95394,
       24.08527
      ],
      [
       -66.95404,
       24.08527
      ],
      [
       -66.95414,
       24.08528
      ],
      [
       -66.95423,
       24.08532
      ],
      [
       -66.95431,
       24.08537
      ],
      [
       -66.95438,
       24.08543
      ],
      [
       -66.95443,
       24.0855
      ],
      [
       -66.95447,
       24.08558
      ],
      [
       -66.95449,
       24.08567
      ],
      [
       -66.97606,
       24.25805
      ]
     ]
    ]
   },
   "properties": {
    "event_id": "S2:MSM41_litter-T18",
    "source_id": "S2_SARGASSO_MSM41",
    "target_keys": [
     "plastic-visual"
    ],
    "sample_ids": [
     "MPL-0260"
    ],
    "date": "2015-04-07",
    "time": "2015-04-07T16:48:00Z",
    "footprint_kind": "strip",
    "footprint_label": "полоса по концам трансекты",
    "footprint_radius_m": 50.0,
    "footprint_area_km2": 1.9371,
    "geometry_approximate": true,
    "candidates": 0,
    "candidate_passes": 0,
    "accepted": 0,
    "accepted_passes": 0,
    "best_scene_id": null,
    "best_platform": null,
    "best_sync": null,
    "best_shift_hours": null,
    "best_shift_days": null,
    "best_time_uncertainty_hours": null,
    "best_coverage_fraction": null,
    "decision": "rejected",
    "reason_code": "before_mission",
    "reason": "наблюдение раньше начала съёмки Sentinel-2",
    "detail": ""
   }
  },
  {
   "type": "Feature",
   "id": "S2:MSM41_litter-T19",
   "geometry": {
    "type": "Polygon",
    "coordinates": [
     [
      [
       -66.92271,
       25.42428
      ],
      [
       -66.92271,
       25.42436
      ],
      [
       -66.9227,
       25.42445
      ],
      [
       -66.92266,
       25.42453
      ],
      [
       -66.92261,
       25.42461
      ],
      [
       -66.92254,
       25.42467
      ],
      [
       -66.92246,
       25.42472
      ],
      [
       -66.92238,
       25.42476
      ],
      [
       -66.92228,
       25.42478
      ],
      [
       -66.92218,
       25.42478
      ],
      [
       -66.92209,
       25.42477
      ],
      [
       -66.922,
       25.42474
      ],
      [
       -66.92191,
       25.42469
      ],
      [
       -66.92184,
       25.42463
      ],
      [
       -66.92179,
       25.42456
      ],
      [
       -66.92175,
       25.42448
      ],
      [
       -66.92172,
       25.42439
      ],
      [
       -66.89246,
       25.21699
      ],
      [
       -66.89245,
       25.2169
      ],
      [
       -66.89247,
       25.21681
      ],
      [
       -66.8925,
       25.21673
      ],
      [
       -66.89256,
       25.21666
      ],
      [
       -66.89262,
       25.21659
      ],
      [
       -66.8927,
       25.21654
      ],
      [
       -66.89279,
       25.21651
      ],
      [
       -66.89289,
       25.21649
      ],
      [
       -66.89298,
       25.21648
      ],
      [
       -66.89308,
       25.2165
      ],
      [
       -66.89317,
       25.21653
      ],
      [
       -66.89325,
       25.21658
      ],
      [
       -66.89333,
       25.21664
      ],
      [
       -66.89338,
       25.21671
      ],
      [
       -66.89342,
       25.21679
      ],
      [
       -66.89344,
       25.21688
      ],
      [
       -66.92271,
       25.42428
      ]
     ]
    ]
   },
   "properties": {
    "event_id": "S2:MSM41_litter-T19",
    "source_id": "S2_SARGASSO_MSM41",
    "target_keys": [
     "plastic-visual"
    ],
    "sample_ids": [
     "MPL-0264"
    ],
    "date": "2015-04-08",
    "time": "2015-04-08T08:45:00Z",
    "footprint_kind": "strip",
    "footprint_label": "полоса по концам трансекты",
    "footprint_radius_m": 50.0,
    "footprint_area_km2": 2.3327,
    "geometry_approximate": false,
    "candidates": 0,
    "candidate_passes": 0,
    "accepted": 0,
    "accepted_passes": 0,
    "best_scene_id": null,
    "best_platform": null,
    "best_sync": null,
    "best_shift_hours": null,
    "best_shift_days": null,
    "best_time_uncertainty_hours": null,
    "best_coverage_fraction": null,
    "decision": "rejected",
    "reason_code": "before_mission",
    "reason": "наблюдение раньше начала съёмки Sentinel-2",
    "detail": ""
   }
  },
  {
   "type": "Feature",
   "id": "S2:MSM41_litter-T2",
   "geometry": {
    "type": "Polygon",
    "coordinates": [
     [
      [
       -68.04333,
       30.78416
      ],
      [
       -68.04343,
       30.78413
      ],
      [
       -68.04353,
       30.78412
      ],
      [
       -68.04363,
       30.78412
      ],
      [
       -68.04373,
       30.78414
      ],
      [
       -68.04382,
       30.78418
      ],
      [
       -68.0439,
       30.78424
      ],
      [
       -68.04397,
       30.7843
      ],
      [
       -68.04402,
       30.78438
      ],
      [
       -68.04406,
       30.78446
      ],
      [
       -68.04407,
       30.78455
      ],
      [
       -68.04407,
       30.78464
      ],
      [
       -68.04404,
       30.78472
      ],
      [
       -68.044,
       30.7848
      ],
      [
       -68.04394,
       30.78487
      ],
      [
       -68.04386,
       30.78493
      ],
      [
       -68.04377,
       30.78497
      ],
      [
       -67.82722,
       30.87169
      ],
      [
       -67.82712,
       30.87172
      ],
      [
       -67.82702,
       30.87173
      ],
      [
       -67.82692,
       30.87173
      ],
      [
       -67.82682,
       30.87171
      ],
      [
       -67.82673,
       30.87167
      ],
      [
       -67.82665,
       30.87161
      ],
      [
       -67.82658,
       30.87155
      ],
      [
       -67.82653,
       30.87147
      ],
      [
       -67.82649,
       30.87139
      ],
      [
       -67.82648,
       30.8713
      ],
      [
       -67.82648,
       30.87121
      ],
      [
       -67.82651,
       30.87113
      ],
      [
       -67.82655,
       30.87105
      ],
      [
       -67.82661,
       30.87098
      ],
      [
       -67.82669,
       30.87092
      ],
      [
       -67.82678,
       30.87088
      ],
      [
       -68.04333,
       30.78416
      ]
     ]
    ]
   },
   "properties": {
    "event_id": "S2:MSM41_litter-T2",
    "source_id": "S2_SARGASSO_MSM41",
    "target_keys": [
     "plastic-visual"
    ],
    "sample_ids": [
     "MPL-0214"
    ],
    "date": "2015-04-02",
    "time": "2015-04-02T08:48:00Z",
    "footprint_kind": "strip",
    "footprint_label": "полоса по концам трансекты",
    "footprint_radius_m": 50.0,
    "footprint_area_km2": 2.2893,
    "geometry_approximate": false,
    "candidates": 0,
    "candidate_passes": 0,
    "accepted": 0,
    "accepted_passes": 0,
    "best_scene_id": null,
    "best_platform": null,
    "best_sync": null,
    "best_shift_hours": null,
    "best_shift_days": null,
    "best_time_uncertainty_hours": null,
    "best_coverage_fraction": null,
    "decision": "rejected",
    "reason_code": "no_scene_in_window",
    "reason": "в окне поиска сцен нет",
    "detail": ""
   }
  },
  {
   "type": "Feature",
   "id": "S2:MSM41_litter-T20",
   "geometry": {
    "type": "Polygon",
    "coordinates": [
     [
      [
       -66.98028,
       25.82032
      ],
      [
       -66.98028,
       25.82041
      ],
      [
       -66.98027,
       25.8205
      ],
      [
       -66.98023,
       25.82058
      ],
      [
       -66.98018,
       25.82066
      ],
      [
       -66.98011,
       25.82072
      ],
      [
       -66.98003,
       25.82077
      ],
      [
       -66.97994,
       25.82081
      ],
      [
       -66.97985,
       25.82083
      ],
      [
       -66.97975,
       25.82083
      ],
      [
       -66.97965,
       25.82082
      ],
      [
       -66.97956,
       25.82079
      ],
      [
       -66.97948,
       25.82074
      ],
      [
       -66.97941,
       25.82068
      ],
      [
       -66.97935,
       25.82061
      ],
      [
       -66.97931,
       25.82053
      ],
      [
       -66.97929,
       25.82044
      ],
      [
       -66.94962,
       25.61701
      ],
      [
       -66.94962,
       25.61692
      ],
      [
       -66.94963,
       25.61683
      ],
      [
       -66.94967,
       25.61675
      ],
      [
       -66.94972,
       25.61668
      ],
      [
       -66.94979,
       25.61661
      ],
      [
       -66.94987,
       25.61656
      ],
      [
       -66.94996,
       25.61652
      ],
      [
       -66.95005,
       25.6165
      ],
      [
       -66.95015,
       25.6165
      ],
      [
       -66.95025,
       25.61652
      ],
      [
       -66.95034,
       25.61655
      ],
      [
       -66.95042,
       25.61659
      ],
      [
       -66.95049,
       25.61665
      ],
      [
       -66.95055,
       25.61673
      ],
      [
       -66.95059,
       25.61681
      ],
      [
       -66.95061,
       25.61689
      ],
      [
       -66.98028,
       25.82032
      ]
     ]
    ]
   },
   "properties": {
    "event_id": "S2:MSM41_litter-T20",
    "source_id": "S2_SARGASSO_MSM41",
    "target_keys": [
     "plastic-visual"
    ],
    "sample_ids": [
     "MPL-0267"
    ],
    "date": "2015-04-08",
    "time": "2015-04-08T10:41:00Z",
    "footprint_kind": "strip",
    "footprint_label": "полоса по концам трансекты",
    "footprint_radius_m": 50.0,
    "footprint_area_km2": 2.2893,
    "geometry_approximate": false,
    "candidates": 0,
    "candidate_passes": 0,
    "accepted": 0,
    "accepted_passes": 0,
    "best_scene_id": null,
    "best_platform": null,
    "best_sync": null,
    "best_shift_hours": null,
    "best_shift_days": null,
    "best_time_uncertainty_hours": null,
    "best_coverage_fraction": null,
    "decision": "rejected",
    "reason_code": "before_mission",
    "reason": "наблюдение раньше начала съёмки Sentinel-2",
    "detail": ""
   }
  },
  {
   "type": "Feature",
   "id": "S2:MSM41_litter-T21",
   "geometry": {
    "type": "Polygon",
    "coordinates": [
     [
      [
       -66.9478,
       26.23104
      ],
      [
       -66.9478,
       26.23113
      ],
      [
       -66.94777,
       26.23121
      ],
      [
       -66.94773,
       26.23129
      ],
      [
       -66.94768,
       26.23136
      ],
      [
       -66.94761,
       26.23142
      ],
      [
       -66.94752,
       26.23147
      ],
      [
       -66.94743,
       26.2315
      ],
      [
       -66.94733,
       26.23152
      ],
      [
       -66.94724,
       26.23151
      ],
      [
       -66.94714,
       26.23149
      ],
      [
       -66.94705,
       26.23146
      ],
      [
       -66.94697,
       26.23141
      ],
      [
       -66.9469,
       26.23134
      ],
      [
       -66.94685,
       26.23127
      ],
      [
       -66.94682,
       26.23118
      ],
      [
       -66.9468,
       26.2311
      ],
      [
       -66.93065,
       26.01361
      ],
      [
       -66.93065,
       26.01352
      ],
      [
       -66.93068,
       26.01344
      ],
      [
       -66.93072,
       26.01336
      ],
      [
       -66.93077,
       26.01329
      ],
      [
       -66.93084,
       26.01323
      ],
      [
       -66.93093,
       26.01318
      ],
      [
       -66.93102,
       26.01315
      ],
      [
       -66.93112,
       26.01313
      ],
      [
       -66.93121,
       26.01314
      ],
      [
       -66.93131,
       26.01316
      ],
      [
       -66.9314,
       26.01319
      ],
      [
       -66.93148,
       26.01324
      ],
      [
       -66.93155,
       26.01331
      ],
      [
       -66.9316,
       26.01338
      ],
      [
       -66.93163,
       26.01347
      ],
      [
       -66.93165,
       26.01355
      ],
      [
       -66.9478,
       26.23104
      ]
     ]
    ]
   },
   "properties": {
    "event_id": "S2:MSM41_litter-T21",
    "source_id": "S2_SARGASSO_MSM41",
    "target_keys": [
     "plastic-visual"
    ],
    "sample_ids": [
     "MPL-0271"
    ],
    "date": "2015-04-08",
    "time": "2015-04-08T18:24:00Z",
    "footprint_kind": "strip",
    "footprint_label": "полоса по концам трансекты",
    "footprint_radius_m": 50.0,
    "footprint_area_km2": 2.4315,
    "geometry_approximate": false,
    "candidates": 0,
    "candidate_passes": 0,
    "accepted": 0,
    "accepted_passes": 0,
    "best_scene_id": null,
    "best_platform": null,
    "best_sync": null,
    "best_shift_hours": null,
    "best_shift_days": null,
    "best_time_uncertainty_hours": null,
    "best_coverage_fraction": null,
    "decision": "rejected",
    "reason_code": "before_mission",
    "reason": "наблюдение раньше начала съёмки Sentinel-2",
    "detail": ""
   }
  },
  {
   "type": "Feature",
   "id": "S2:MSM41_litter-T22",
   "geometry": {
    "type": "Polygon",
    "coordinates": [
     [
      [
       -66.98939,
       27.82953
      ],
      [
       -66.98939,
       27.82962
      ],
      [
       -66.98937,
       27.8297
      ],
      [
       -66.98933,
       27.82978
      ],
      [
       -66.98927,
       27.82986
      ],
      [
       -66.9892,
       27.82992
      ],
      [
       -66.98912,
       27.82997
      ],
      [
       -66.98902,
       27.83
      ],
      [
       -66.98893,
       27.83001
      ],
      [
       -66.98883,
       27.83001
      ],
      [
       -66.98873,
       27.83
      ],
      [
       -66.98864,
       27.82996
      ],
      [
       -66.98856,
       27.82991
      ],
      [
       -66.98849,
       27.82985
      ],
      [
       -66.98843,
       27.82977
      ],
      [
       -66.9884,
       27.82969
      ],
      [
       -66.98838,
       27.82961
      ],
      [
       -66.96596,
       27.60194
      ],
      [
       -66.96596,
       27.60185
      ],
      [
       -66.96598,
       27.60176
      ],
      [
       -66.96602,
       27.60168
      ],
      [
       -66.96608,
       27.60161
      ],
      [
       -66.96615,
       27.60155
      ],
      [
       -66.96623,
       27.6015
      ],
      [
       -66.96633,
       27.60147
      ],
      [
       -66.96642,
       27.60145
      ],
      [
       -66.96652,
       27.60145
      ],
      [
       -66.96662,
       27.60147
      ],
      [
       -66.96671,
       27.60151
      ],
      [
       -66.96679,
       27.60156
      ],
      [
       -66.96686,
       27.60162
      ],
      [
       -66.96692,
       27.60169
      ],
      [
       -66.96695,
       27.60177
      ],
      [
       -66.96697,
       27.60186
      ],
      [
       -66.98939,
       27.82953
      ]
     ]
    ]
   },
   "properties": {
    "event_id": "S2:MSM41_litter-T22",
    "source_id": "S2_SARGASSO_MSM41",
    "target_keys": [
     "plastic-visual"
    ],
    "sample_ids": [
     "MPL-0277"
    ],
    "date": "2015-04-09",
    "time": "2015-04-09T08:38:00Z",
    "footprint_kind": "strip",
    "footprint_label": "полоса по концам трансекты",
    "footprint_radius_m": 50.0,
    "footprint_area_km2": 2.5489,
    "geometry_approximate": true,
    "candidates": 0,
    "candidate_passes": 0,
    "accepted": 0,
    "accepted_passes": 0,
    "best_scene_id": null,
    "best_platform": null,
    "best_sync": null,
    "best_shift_hours": null,
    "best_shift_days": null,
    "best_time_uncertainty_hours": null,
    "best_coverage_fraction": null,
    "decision": "rejected",
    "reason_code": "no_scene_in_window",
    "reason": "в окне поиска сцен нет",
    "detail": ""
   }
  },
  {
   "type": "Feature",
   "id": "S2:MSM41_litter-T23",
   "geometry": {
    "type": "Polygon",
    "coordinates": [
     [
      [
       -66.93289,
       28.30976
      ],
      [
       -66.93289,
       28.30985
      ],
      [
       -66.93287,
       28.30993
      ],
      [
       -66.93283,
       28.31001
      ],
      [
       -66.93278,
       28.31009
      ],
      [
       -66.9327,
       28.31015
      ],
      [
       -66.93262,
       28.3102
      ],
      [
       -66.93253,
       28.31023
      ],
      [
       -66.93243,
       28.31025
      ],
      [
       -66.93233,
       28.31025
      ],
      [
       -66.93223,
       28.31023
      ],
      [
       -66.93214,
       28.3102
      ],
      [
       -66.93206,
       28.31015
      ],
      [
       -66.93199,
       28.31008
      ],
      [
       -66.93193,
       28.31001
      ],
      [
       -66.93189,
       28.30993
      ],
      [
       -66.93187,
       28.30984
      ],
      [
       -66.90902,
       28.09036
      ],
      [
       -66.90903,
       28.09027
      ],
      [
       -66.90905,
       28.09018
      ],
      [
       -66.90908,
       28.0901
      ],
      [
       -66.90914,
       28.09003
      ],
      [
       -66.90921,
       28.08997
      ],
      [
       -66.9093,
       28.08992
      ],
      [
       -66.90939,
       28.08989
      ],
      [
       -66.90949,
       28.08987
      ],
      [
       -66.90959,
       28.08987
      ],
      [
       -66.90968,
       28.08989
      ],
      [
       -66.90978,
       28.08992
      ],
      [
       -66.90986,
       28.08997
      ],
      [
       -66.90993,
       28.09003
      ],
      [
       -66.90998,
       28.09011
      ],
      [
       -66.91002,
       28.09019
      ],
      [
       -66.91004,
       28.09028
      ],
      [
       -66.93289,
       28.30976
      ]
     ]
    ]
   },
   "properties": {
    "event_id": "S2:MSM41_litter-T23",
    "source_id": "S2_SARGASSO_MSM41",
    "target_keys": [
     "plastic-visual"
    ],
    "sample_ids": [
     "MPL-0283"
    ],
    "date": "2015-04-09",
    "time": "2015-04-09T16:06:00Z",
    "footprint_kind": "strip",
    "footprint_label": "полоса по концам трансекты",
    "footprint_radius_m": 50.0,
    "footprint_area_km2": 2.4586,
    "geometry_approximate": false,
    "candidates": 0,
    "candidate_passes": 0,
    "accepted": 0,
    "accepted_passes": 0,
    "best_scene_id": null,
    "best_platform": null,
    "best_sync": null,
    "best_shift_hours": null,
    "best_shift_days": null,
    "best_time_uncertainty_hours": null,
    "best_coverage_fraction": null,
    "decision": "rejected",
    "reason_code": "no_scene_in_window",
    "reason": "в окне поиска сцен нет",
    "detail": ""
   }
  },
  {
   "type": "Feature",
   "id": "S2:MSM41_litter-T24",
   "geometry": {
    "type": "Polygon",
    "coordinates": [
     [
      [
       -66.99766,
       28.91921
      ],
      [
       -66.99766,
       28.9193
      ],
      [
       -66.99764,
       28.91938
      ],
      [
       -66.9976,
       28.91946
      ],
      [
       -66.99754,
       28.91954
      ],
      [
       -66.99747,
       28.9196
      ],
      [
       -66.99739,
       28.91965
      ],
      [
       -66.9973,
       28.91968
      ],
      [
       -66.9972,
       28.9197
      ],
      [
       -66.9971,
       28.9197
      ],
      [
       -66.997,
       28.91968
      ],
      [
       -66.99691,
       28.91965
      ],
      [
       -66.99682,
       28.9196
      ],
      [
       -66.99675,
       28.91953
      ],
      [
       -66.9967,
       28.91946
      ],
      [
       -66.99666,
       28.91938
      ],
      [
       -66.99664,
       28.91929
      ],
      [
       -66.97442,
       28.70871
      ],
      [
       -66.97442,
       28.70862
      ],
      [
       -66.97444,
       28.70853
      ],
      [
       -66.97448,
       28.70845
      ],
      [
       -66.97454,
       28.70838
      ],
      [
       -66.97461,
       28.70832
      ],
      [
       -66.97469,
       28.70827
      ],
      [
       -66.97479,
       28.70824
      ],
      [
       -66.97489,
       28.70822
      ],
      [
       -66.97499,
       28.70822
      ],
      [
       -66.97508,
       28.70824
      ],
      [
       -66.97518,
       28.70827
      ],
      [
       -66.97526,
       28.70832
      ],
      [
       -66.97533,
       28.70838
      ],
      [
       -66.97539,
       28.70846
      ],
      [
       -66.97542,
       28.70854
      ],
      [
       -66.97544,
       28.70863
      ],
      [
       -66.99766,
       28.91921
      ]
     ]
    ]
   },
   "properties": {
    "event_id": "S2:MSM41_litter-T24",
    "source_id": "S2_SARGASSO_MSM41",
    "target_keys": [
     "plastic-visual"
    ],
    "sample_ids": [
     "MPL-0289"
    ],
    "date": "2015-04-09",
    "time": "2015-04-09T18:57:00Z",
    "footprint_kind": "strip",
    "footprint_label": "полоса по концам трансекты",
    "footprint_radius_m": 50.0,
    "footprint_area_km2": 2.3594,
    "geometry_approximate": false,
    "candidates": 0,
    "candidate_passes": 0,
    "accepted": 0,
    "accepted_passes": 0,
    "best_scene_id": null,
    "best_platform": null,
    "best_sync": null,
    "best_shift_hours": null,
    "best_shift_days": null,
    "best_time_uncertainty_hours": null,
    "best_coverage_fraction": null,
    "decision": "rejected",
    "reason_code": "no_scene_in_window",
    "reason": "в окне поиска сцен нет",
    "detail": ""
   }
  },
  {
   "type": "Feature",
   "id": "S2:MSM41_litter-T25",
   "geometry": {
    "type": "Polygon",
    "coordinates": [
     [
      [
       -66.929,
       30.45253
      ],
      [
       -66.929,
       30.45262
      ],
      [
       -66.92898,
       30.45271
      ],
      [
       -66.92895,
       30.45279
      ],
      [
       -66.92889,
       30.45286
      ],
      [
       -66.92882,
       30.45293
      ],
      [
       -66.92874,
       30.45298
      ],
      [
       -66.92864,
       30.45301
      ],
      [
       -66.92854,
       30.45303
      ],
      [
       -66.92844,
       30.45303
      ],
      [
       -66.92834,
       30.45302
      ],
      [
       -66.92825,
       30.45298
      ],
      [
       -66.92816,
       30.45294
      ],
      [
       -66.92809,
       30.45287
      ],
      [
       -66.92803,
       30.4528
      ],
      [
       -66.92799,
       30.45272
      ],
      [
       -66.92797,
       30.45263
      ],
      [
       -66.89937,
       30.23843
      ],
      [
       -66.89936,
       30.23835
      ],
      [
       -66.89938,
       30.23826
      ],
      [
       -66.89942,
       30.23818
      ],
      [
       -66.89947,
       30.2381
      ],
      [
       -66.89955,
       30.23804
      ],
      [
       -66.89963,
       30.23799
      ],
      [
       -66.89972,
       30.23795
      ],
      [
       -66.89982,
       30.23794
      ],
      [
       -66.89993,
       30.23793
      ],
      [
       -66.90003,
       30.23795
      ],
      [
       -66.90012,
       30.23798
      ],
      [
       -66.90021,
       30.23803
      ],
      [
       -66.90028,
       30.23809
      ],
      [
       -66.90034,
       30.23816
      ],
      [
       -66.90038,
       30.23825
      ],
      [
       -66.9004,
       30.23833
      ],
      [
       -66.929,
       30.45253
      ]
     ]
    ]
   },
   "properties": {
    "event_id": "S2:MSM41_litter-T25",
    "source_id": "S2_SARGASSO_MSM41",
    "target_keys": [
     "plastic-visual"
    ],
    "sample_ids": [
     "MPL-0297"
    ],
    "date": "2015-04-10",
    "time": "2015-04-10T15:14:00Z",
    "footprint_kind": "strip",
    "footprint_label": "полоса по концам трансекты",
    "footprint_radius_m": 50.0,
    "footprint_area_km2": 2.4054,
    "geometry_approximate": false,
    "candidates": 0,
    "candidate_passes": 0,
    "accepted": 0,
    "accepted_passes": 0,
    "best_scene_id": null,
    "best_platform": null,
    "best_sync": null,
    "best_shift_hours": null,
    "best_shift_days": null,
    "best_time_uncertainty_hours": null,
    "best_coverage_fraction": null,
    "decision": "rejected",
    "reason_code": "no_scene_in_window",
    "reason": "в окне поиска сцен нет",
    "detail": ""
   }
  },
  {
   "type": "Feature",
   "id": "S2:MSM41_litter-T26",
   "geometry": {
    "type": "Polygon",
    "coordinates": [
     [
      [
       -67.00462,
       30.98131
      ],
      [
       -67.00462,
       30.9814
      ],
      [
       -67.00461,
       30.98148
      ],
      [
       -67.00457,
       30.98157
      ],
      [
       -67.00452,
       30.98164
      ],
      [
       -67.00444,
       30.98171
      ],
      [
       -67.00436,
       30.98176
      ],
      [
       -67.00427,
       30.98179
      ],
      [
       -67.00417,
       30.98181
      ],
      [
       -67.00406,
       30.98182
      ],
      [
       -67.00396,
       30.9818
      ],
      [
       -67.00387,
       30.98177
      ],
      [
       -67.00378,
       30.98172
      ],
      [
       -67.00371,
       30.98166
      ],
      [
       -67.00365,
       30.98159
      ],
      [
       -67.0036,
       30.98151
      ],
      [
       -67.00358,
       30.98142
      ],
      [
       -66.9871,
       30.87222
      ],
      [
       -66.98709,
       30.87214
      ],
      [
       -66.98711,
       30.87205
      ],
      [
       -66.98715,
       30.87197
      ],
      [
       -66.9872,
       30.87189
      ],
      [
       -66.98727,
       30.87183
      ],
      [
       -66.98736,
       30.87178
      ],
      [
       -66.98745,
       30.87174
      ],
      [
       -66.98755,
       30.87172
      ],
      [
       -66.98765,
       30.87172
      ],
      [
       -66.98775,
       30.87173
      ],
      [
       -66.98785,
       30.87176
      ],
      [
       -66.98794,
       30.87181
      ],
      [
       -66.98801,
       30.87187
      ],
      [
       -66.98807,
       30.87194
      ],
      [
       -66.98811,
       30.87202
      ],
      [
       -66.98814,
       30.87211
      ],
      [
       -67.00462,
       30.98131
      ]
     ]
    ]
   },
   "properties": {
    "event_id": "S2:MSM41_litter-T26",
    "source_id": "S2_SARGASSO_MSM41",
    "target_keys": [
     "plastic-visual"
    ],
    "sample_ids": [
     "MPL-0302"
    ],
    "date": "2015-04-10",
    "time": "2015-04-10T18:51:00Z",
    "footprint_kind": "strip",
    "footprint_label": "полоса по концам трансекты",
    "footprint_radius_m": 50.0,
    "footprint_area_km2": 1.2322,
    "geometry_approximate": false,
    "candidates": 0,
    "candidate_passes": 0,
    "accepted": 0,
    "accepted_passes": 0,
    "best_scene_id": null,
    "best_platform": null,
    "best_sync": null,
    "best_shift_hours": null,
    "best_shift_days": null,
    "best_time_uncertainty_hours": null,
    "best_coverage_fraction": null,
    "decision": "rejected",
    "reason_code": "no_scene_in_window",
    "reason": "в окне поиска сцен нет",
    "detail": ""
   }
  },
  {
   "type": "Feature",
   "id": "S2:MSM41_litter-T27",
   "geometry": {
    "type": "Polygon",
    "coordinates": [
     [
      [
       -66.47467,
       30.99755
      ],
      [
       -66.47456,
       30.99754
      ],
      [
       -66.47447,
       30.99752
      ],
      [
       -66.47438,
       30.99747
      ],
      [
       -66.4743,
       30.99742
      ],
      [
       -66.47423,
       30.99735
      ],
      [
       -66.47418,
       30.99727
      ],
      [
       -66.47415,
       30.99719
      ],
      [
       -66.47414,
       30.9971
      ],
      [
       -66.47415,
       30.99701
      ],
      [
       -66.47418,
       30.99693
      ],
      [
       -66.47423,
       30.99685
      ],
      [
       -66.4743,
       30.99678
      ],
      [
       -66.47438,
       30.99673
      ],
      [
       -66.47447,
       30.99668
      ],
      [
       -66.47457,
       30.99666
      ],
      [
       -66.47467,
       30.99665
      ],
      [
       -66.71535,
       30.99682
      ],
      [
       -66.71545,
       30.99683
      ],
      [
       -66.71555,
       30.99685
      ],
      [
       -66.71564,
       30.99689
      ],
      [
       -66.71572,
       30.99695
      ],
      [
       -66.71579,
       30.99702
      ],
      [
       -66.71583,
       30.9971
      ],
      [
       -66.71586,
       30.99718
      ],
      [
       -66.71587,
       30.99727
      ],
      [
       -66.71586,
       30.99736
      ],
      [
       -66.71583,
       30.99744
      ],
      [
       -66.71579,
       30.99752
      ],
      [
       -66.71572,
       30.99759
      ],
      [
       -66.71564,
       30.99764
      ],
      [
       -66.71555,
       30.99768
      ],
      [
       -66.71545,
       30.99771
      ],
      [
       -66.71535,
       30.99772
      ],
      [
       -66.47467,
       30.99755
      ]
     ]
    ]
   },
   "properties": {
    "event_id": "S2:MSM41_litter-T27",
    "source_id": "S2_SARGASSO_MSM41",
    "target_keys": [
     "plastic-visual"
    ],
    "sample_ids": [
     "MPL-0309"
    ],
    "date": "2015-04-11",
    "time": "2015-04-11T08:31:30Z",
    "footprint_kind": "strip",
    "footprint_label": "полоса по концам трансекты",
    "footprint_radius_m": 50.0,
    "footprint_area_km2": 2.3019,
    "geometry_approximate": false,
    "candidates": 0,
    "candidate_passes": 0,
    "accepted": 0,
    "accepted_passes": 0,
    "best_scene_id": null,
    "best_platform": null,
    "best_sync": null,
    "best_shift_hours": null,
    "best_shift_days": null,
    "best_time_uncertainty_hours": null,
    "best_coverage_fraction": null,
    "decision": "rejected",
    "reason_code": "no_scene_in_window",
    "reason": "в окне поиска сцен нет",
    "detail": ""
   }
  },
  {
   "type": "Feature",
   "id": "S2:MSM41_litter-T28",
   "geometry": {
    "type": "Polygon",
    "coordinates": [
     [
      [
       -65.85455,
       30.9977
      ],
      [
       -65.85445,
       30.99769
      ],
      [
       -65.85435,
       30.99767
      ],
      [
       -65.85426,
       30.99762
      ],
      [
       -65.85418,
       30.99757
      ],
      [
       -65.85411,
       30.9975
      ],
      [
       -65.85407,
       30.99742
      ],
      [
       -65.85404,
       30.99734
      ],
      [
       -65.85403,
       30.99725
      ],
      [
       -65.85404,
       30.99716
      ],
      [
       -65.85407,
       30.99708
      ],
      [
       -65.85411,
       30.997
      ],
      [
       -65.85418,
       30.99693
      ],
      [
       -65.85426,
       30.99688
      ],
      [
       -65.85435,
       30.99683
      ],
      [
       -65.85445,
       30.99681
      ],
      [
       -65.85455,
       30.9968
      ],
      [
       -66.10423,
       30.99687
      ],
      [
       -66.10434,
       30.99688
      ],
      [
       -66.10443,
       30.9969
      ],
      [
       -66.10452,
       30.99694
      ],
      [
       -66.1046,
       30.997
      ],
      [
       -66.10467,
       30.99707
      ],
      [
       -66.10472,
       30.99715
      ],
      [
       -66.10475,
       30.99723
      ],
      [
       -66.10476,
       30.99732
      ],
      [
       -66.10475,
       30.9974
      ],
      [
       -66.10472,
       30.99749
      ],
      [
       -66.10467,
       30.99757
      ],
      [
       -66.1046,
       30.99764
      ],
      [
       -66.10452,
       30.99769
      ],
      [
       -66.10443,
       30.99773
      ],
      [
       -66.10434,
       30.99776
      ],
      [
       -66.10423,
       30.99777
      ],
      [
       -65.85455,
       30.9977
      ]
     ]
    ]
   },
   "properties": {
    "event_id": "S2:MSM41_litter-T28",
    "source_id": "S2_SARGASSO_MSM41",
    "target_keys": [
     "plastic-visual"
    ],
    "sample_ids": [
     "MPL-0320"
    ],
    "date": "2015-04-11",
    "time": "2015-04-11T11:05:00Z",
    "footprint_kind": "strip",
    "footprint_label": "полоса по концам трансекты",
    "footprint_radius_m": 50.0,
    "footprint_area_km2": 2.3877,
    "geometry_approximate": false,
    "candidates": 1,
    "candidate_passes": 1,
    "accepted": 0,
    "accepted_passes": 0,
    "best_scene_id": "LC08_L2SP_006038_20150412_02_T2",
    "best_platform": "L8",
    "best_sync": "time_known",
    "best_shift_hours": 27.79,
    "best_shift_days": 1,
    "best_time_uncertainty_hours": 0.0,
    "best_coverage_fraction": 0.2186,
    "decision": "rejected",
    "reason_code": "time_shift",
    "reason": "сдвиг по времени больше допустимого",
    "detail": ""
   }
  },
  {
   "type": "Feature",
   "id": "S2:MSM41_litter-T29",
   "geometry": {
    "type": "Polygon",
    "coordinates": [
     [
      [
       -64.76095,
       30.99765
      ],
      [
       -64.76085,
       30.99764
      ],
      [
       -64.76075,
       30.99762
      ],
      [
       -64.76066,
       30.99757
      ],
      [
       -64.76058,
       30.99752
      ],
      [
       -64.76051,
       30.99745
      ],
      [
       -64.76047,
       30.99737
      ],
      [
       -64.76044,
       30.99729
      ],
      [
       -64.76043,
       30.9972
      ],
      [
       -64.76044,
       30.99711
      ],
      [
       -64.76047,
       30.99703
      ],
      [
       -64.76051,
       30.99695
      ],
      [
       -64.76058,
       30.99688
      ],
      [
       -64.76066,
       30.99683
      ],
      [
       -64.76075,
       30.99678
      ],
      [
       -64.76085,
       30.99676
      ],
      [
       -64.76095,
       30.99675
      ],
      [
       -65.00505,
       30.99672
      ],
      [
       -65.00515,
       30.99673
      ],
      [
       -65.00525,
       30.99675
      ],
      [
       -65.00534,
       30.99679
      ],
      [
       -65.00542,
       30.99685
      ],
      [
       -65.00549,
       30.99692
      ],
      [
       -65.00553,
       30.99699
      ],
      [
       -65.00556,
       30.99708
      ],
      [
       -65.00557,
       30.99717
      ],
      [
       -65.00556,
       30.99725
      ],
      [
       -65.00553,
       30.99734
      ],
      [
       -65.00549,
       30.99742
      ],
      [
       -65.00542,
       30.99748
      ],
      [
       -65.00534,
       30.99754
      ],
      [
       -65.00525,
       30.99758
      ],
      [
       -65.00515,
       30.99761
      ],
      [
       -65.00505,
       30.99762
      ],
      [
       -64.76095,
       30.99765
      ]
     ]
    ]
   },
   "properties": {
    "event_id": "S2:MSM41_litter-T29",
    "source_id": "S2_SARGASSO_MSM41",
    "target_keys": [
     "plastic-visual"
    ],
    "sample_ids": [
     "MPL-0311"
    ],
    "date": "2015-04-11",
    "time": "2015-04-11T15:32:00Z",
    "footprint_kind": "strip",
    "footprint_label": "полоса по концам трансекты",
    "footprint_radius_m": 50.0,
    "footprint_area_km2": 2.3345,
    "geometry_approximate": false,
    "candidates": 1,
    "candidate_passes": 1,
    "accepted": 0,
    "accepted_passes": 0,
    "best_scene_id": "LC08_L2SP_006038_20150412_02_T2",
    "best_platform": "L8",
    "best_sync": "time_known",
    "best_shift_hours": 23.34,
    "best_shift_days": 1,
    "best_time_uncertainty_hours": 0.0,
    "best_coverage_fraction": 1.0,
    "decision": "rejected",
    "reason_code": "time_shift",
    "reason": "сдвиг по времени больше допустимого",
    "detail": ""
   }
  },
  {
   "type": "Feature",
   "id": "S2:MSM41_litter-T3",
   "geometry": {
    "type": "Polygon",
    "coordinates": [
     [
      [
       -68.51094,
       30.59724
      ],
      [
       -68.51104,
       30.59721
      ],
      [
       -68.51114,
       30.5972
      ],
      [
       -68.51124,
       30.59721
      ],
      [
       -68.51134,
       30.59723
      ],
      [
       -68.51144,
       30.59726
      ],
      [
       -68.51152,
       30.59732
      ],
      [
       -68.51159,
       30.59738
      ],
      [
       -68.51164,
       30.59746
      ],
      [
       -68.51167,
       30.59754
      ],
      [
       -68.51169,
       30.59763
      ],
      [
       -68.51168,
       30.59772
      ],
      [
       -68.51166,
       30.5978
      ],
      [
       -68.51161,
       30.59788
      ],
      [
       -68.51155,
       30.59795
      ],
      [
       -68.51148,
       30.59801
      ],
      [
       -68.51139,
       30.59806
      ],
      [
       -68.32892,
       30.67194
      ],
      [
       -68.32883,
       30.67197
      ],
      [
       -68.32872,
       30.67198
      ],
      [
       -68.32862,
       30.67198
      ],
      [
       -68.32852,
       30.67196
      ],
      [
       -68.32843,
       30.67192
      ],
      [
       -68.32835,
       30.67187
      ],
      [
       -68.32828,
       30.6718
      ],
      [
       -68.32823,
       30.67172
      ],
      [
       -68.32819,
       30.67164
      ],
      [
       -68.32818,
       30.67155
      ],
      [
       -68.32818,
       30.67147
      ],
      [
       -68.32821,
       30.67138
      ],
      [
       -68.32825,
       30.6713
      ],
      [
       -68.32831,
       30.67123
      ],
      [
       -68.32839,
       30.67117
      ],
      [
       -68.32848,
       30.67113
      ],
      [
       -68.51094,
       30.59724
      ]
     ]
    ]
   },
   "properties": {
    "event_id": "S2:MSM41_litter-T3",
    "source_id": "S2_SARGASSO_MSM41",
    "target_keys": [
     "plastic-visual"
    ],
    "sample_ids": [
     "MPL-0209"
    ],
    "date": "2015-04-02",
    "time": "2015-04-02T11:01:00Z",
    "footprint_kind": "strip",
    "footprint_label": "полоса по концам трансекты",
    "footprint_radius_m": 50.0,
    "footprint_area_km2": 1.9372,
    "geometry_approximate": false,
    "candidates": 0,
    "candidate_passes": 0,
    "accepted": 0,
    "accepted_passes": 0,
    "best_scene_id": null,
    "best_platform": null,
    "best_sync": null,
    "best_shift_hours": null,
    "best_shift_days": null,
    "best_time_uncertainty_hours": null,
    "best_coverage_fraction": null,
    "decision": "rejected",
    "reason_code": "before_mission",
    "reason": "наблюдение раньше начала съёмки Sentinel-2",
    "detail": ""
   }
  },
  {
   "type": "Feature",
   "id": "S2:MSM41_litter-T30",
   "geometry": {
    "type": "Polygon",
    "coordinates": [
     [
      [
       -64.06215,
       30.46438
      ],
      [
       -64.06215,
       30.46429
      ],
      [
       -64.06217,
       30.46421
      ],
      [
       -64.0622,
       30.46412
      ],
      [
       -64.06226,
       30.46405
      ],
      [
       -64.06233,
       30.46399
      ],
      [
       -64.06242,
       30.46394
      ],
      [
       -64.06251,
       30.4639
      ],
      [
       -64.06261,
       30.46389
      ],
      [
       -64.06271,
       30.46389
      ],
      [
       -64.06282,
       30.4639
      ],
      [
       -64.06291,
       30.46393
      ],
      [
       -64.063,
       30.46398
      ],
      [
       -64.06307,
       30.46405
      ],
      [
       -64.06313,
       30.46412
      ],
      [
       -64.06317,
       30.4642
      ],
      [
       -64.06319,
       30.46429
      ],
      [
       -64.08722,
       30.66057
      ],
      [
       -64.08722,
       30.66066
      ],
      [
       -64.0872,
       30.66074
      ],
      [
       -64.08716,
       30.66083
      ],
      [
       -64.08711,
       30.6609
      ],
      [
       -64.08703,
       30.66096
      ],
      [
       -64.08695,
       30.66101
      ],
      [
       -64.08686,
       30.66105
      ],
      [
       -64.08675,
       30.66106
      ],
      [
       -64.08665,
       30.66106
      ],
      [
       -64.08655,
       30.66105
      ],
      [
       -64.08646,
       30.66102
      ],
      [
       -64.08637,
       30.66097
      ],
      [
       -64.0863,
       30.6609
      ],
      [
       -64.08624,
       30.66083
      ],
      [
       -64.0862,
       30.66075
      ],
      [
       -64.08618,
       30.66066
      ],
      [
       -64.06215,
       30.46438
      ]
     ]
    ]
   },
   "properties": {
    "event_id": "S2:MSM41_litter-T30",
    "source_id": "S2_SARGASSO_MSM41",
    "target_keys": [
     "plastic-visual"
    ],
    "sample_ids": [
     "MPL-0342"
    ],
    "date": "2015-04-12",
    "time": "2015-04-12T08:29:00Z",
    "footprint_kind": "strip",
    "footprint_label": "полоса по концам трансекты",
    "footprint_radius_m": 50.0,
    "footprint_area_km2": 2.2025,
    "geometry_approximate": false,
    "candidates": 0,
    "candidate_passes": 0,
    "accepted": 0,
    "accepted_passes": 0,
    "best_scene_id": null,
    "best_platform": null,
    "best_sync": null,
    "best_shift_hours": null,
    "best_shift_days": null,
    "best_time_uncertainty_hours": null,
    "best_coverage_fraction": null,
    "decision": "rejected",
    "reason_code": "before_mission",
    "reason": "наблюдение раньше начала съёмки Sentinel-2",
    "detail": ""
   }
  },
  {
   "type": "Feature",
   "id": "S2:MSM41_litter-T31",
   "geometry": {
    "type": "Polygon",
    "coordinates": [
     [
      [
       -64.01508,
       30.07893
      ],
      [
       -64.01508,
       30.07884
      ],
      [
       -64.0151,
       30.07876
      ],
      [
       -64.01514,
       30.07867
      ],
      [
       -64.0152,
       30.0786
      ],
      [
       -64.01527,
       30.07854
      ],
      [
       -64.01535,
       30.07849
      ],
      [
       -64.01545,
       30.07845
      ],
      [
       -64.01555,
       30.07844
      ],
      [
       -64.01565,
       30.07844
      ],
      [
       -64.01575,
       30.07845
      ],
      [
       -64.01584,
       30.07849
      ],
      [
       -64.01593,
       30.07853
      ],
      [
       -64.016,
       30.0786
      ],
      [
       -64.01606,
       30.07867
      ],
      [
       -64.0161,
       30.07875
      ],
      [
       -64.01612,
       30.07884
      ],
      [
       -64.04012,
       30.27619
      ],
      [
       -64.04012,
       30.27627
      ],
      [
       -64.0401,
       30.27636
      ],
      [
       -64.04006,
       30.27644
      ],
      [
       -64.04,
       30.27652
      ],
      [
       -64.03993,
       30.27658
      ],
      [
       -64.03985,
       30.27663
      ],
      [
       -64.03975,
       30.27666
      ],
      [
       -64.03965,
       30.27668
      ],
      [
       -64.03955,
       30.27668
      ],
      [
       -64.03945,
       30.27666
      ],
      [
       -64.03936,
       30.27663
      ],
      [
       -64.03927,
       30.27658
      ],
      [
       -64.0392,
       30.27652
      ],
      [
       -64.03914,
       30.27645
      ],
      [
       -64.0391,
       30.27637
      ],
      [
       -64.03908,
       30.27628
      ],
      [
       -64.01508,
       30.07893
      ]
     ]
    ]
   },
   "properties": {
    "event_id": "S2:MSM41_litter-T31",
    "source_id": "S2_SARGASSO_MSM41",
    "target_keys": [
     "plastic-visual"
    ],
    "sample_ids": [
     "MPL-0336"
    ],
    "date": "2015-04-12",
    "time": "2015-04-12T10:28:00Z",
    "footprint_kind": "strip",
    "footprint_label": "полоса по концам трансекты",
    "footprint_radius_m": 50.0,
    "footprint_area_km2": 2.2143,
    "geometry_approximate": false,
    "candidates": 0,
    "candidate_passes": 0,
    "accepted": 0,
    "accepted_passes": 0,
    "best_scene_id": null,
    "best_platform": null,
    "best_sync": null,
    "best_shift_hours": null,
    "best_shift_days": null,
    "best_time_uncertainty_hours": null,
    "best_coverage_fraction": null,
    "decision": "rejected",
    "reason_code": "before_mission",
    "reason": "наблюдение раньше начала съёмки Sentinel-2",
    "detail": ""
   }
  },
  {
   "type": "Feature",
   "id": "S2:MSM41_litter-T32",
   "geometry": {
    "type": "Polygon",
    "coordinates": [
     [
      [
       -64.04957,
       29.72158
      ],
      [
       -64.04957,
       29.72149
      ],
      [
       -64.04959,
       29.7214
      ],
      [
       -64.04964,
       29.72132
      ],
      [
       -64.0497,
       29.72125
      ],
      [
       -64.04977,
       29.72119
      ],
      [
       -64.04986,
       29.72115
      ],
      [
       -64.04995,
       29.72111
      ],
      [
       -64.05005,
       29.7211
      ],
      [
       -64.05015,
       29.7211
      ],
      [
       -64.05025,
       29.72113
      ],
      [
       -64.05035,
       29.72116
      ],
      [
       -64.05043,
       29.72121
      ],
      [
       -64.0505,
       29.72128
      ],
      [
       -64.05055,
       29.72135
      ],
      [
       -64.05058,
       29.72144
      ],
      [
       -64.0506,
       29.72152
      ],
      [
       -64.0643,
       29.92962
      ],
      [
       -64.0643,
       29.92971
      ],
      [
       -64.06427,
       29.9298
      ],
      [
       -64.06423,
       29.92988
      ],
      [
       -64.06417,
       29.92995
      ],
      [
       -64.0641,
       29.93001
      ],
      [
       -64.06401,
       29.93005
      ],
      [
       -64.06391,
       29.93009
      ],
      [
       -64.06381,
       29.9301
      ],
      [
       -64.06371,
       29.9301
      ],
      [
       -64.06361,
       29.93007
      ],
      [
       -64.06352,
       29.93004
      ],
      [
       -64.06344,
       29.92999
      ],
      [
       -64.06337,
       29.92992
      ],
      [
       -64.06332,
       29.92985
      ],
      [
       -64.06328,
       29.92976
      ],
      [
       -64.06327,
       29.92968
      ],
      [
       -64.04957,
       29.72158
      ]
     ]
    ]
   },
   "properties": {
    "event_id": "S2:MSM41_litter-T32",
    "source_id": "S2_SARGASSO_MSM41",
    "target_keys": [
     "plastic-visual"
    ],
    "sample_ids": [
     "MPL-0329"
    ],
    "date": "2015-04-12",
    "time": "2015-04-12T17:01:00Z",
    "footprint_kind": "strip",
    "footprint_label": "полоса по концам трансекты",
    "footprint_radius_m": 50.0,
    "footprint_area_km2": 2.3255,
    "geometry_approximate": false,
    "candidates": 0,
    "candidate_passes": 0,
    "accepted": 0,
    "accepted_passes": 0,
    "best_scene_id": null,
    "best_platform": null,
    "best_sync": null,
    "best_shift_hours": null,
    "best_shift_days": null,
    "best_time_uncertainty_hours": null,
    "best_coverage_fraction": null,
    "decision": "rejected",
    "reason_code": "before_mission",
    "reason": "наблюдение раньше начала съёмки Sentinel-2",
    "detail": ""
   }
  },
  {
   "type": "Feature",
   "id": "S2:MSM41_litter-T33",
   "geometry": {
    "type": "Polygon",
    "coordinates": [
     [
      [
       -63.93404,
       27.63086
      ],
      [
       -63.93406,
       27.63077
      ],
      [
       -63.9341,
       27.63069
      ],
      [
       -63.93416,
       27.63061
      ],
      [
       -63.93423,
       27.63055
      ],
      [
       -63.93431,
       27.6305
      ],
      [
       -63.9344,
       27.63047
      ],
      [
       -63.9345,
       27.63045
      ],
      [
       -63.9346,
       27.63045
      ],
      [
       -63.9347,
       27.63047
      ],
      [
       -63.93479,
       27.6305
      ],
      [
       -63.93487,
       27.63055
      ],
      [
       -63.93494,
       27.63061
      ],
      [
       -63.935,
       27.63069
      ],
      [
       -63.93504,
       27.63077
      ],
      [
       -63.93506,
       27.63086
      ],
      [
       -63.93506,
       27.63094
      ],
      [
       -63.91262,
       27.83111
      ],
      [
       -63.9126,
       27.8312
      ],
      [
       -63.91256,
       27.83128
      ],
      [
       -63.91251,
       27.83135
      ],
      [
       -63.91244,
       27.83141
      ],
      [
       -63.91236,
       27.83146
      ],
      [
       -63.91226,
       27.8315
      ],
      [
       -63.91217,
       27.83151
      ],
      [
       -63.91207,
       27.83151
      ],
      [
       -63.91197,
       27.8315
      ],
      [
       -63.91188,
       27.83146
      ],
      [
       -63.91179,
       27.83141
      ],
      [
       -63.91172,
       27.83135
      ],
      [
       -63.91167,
       27.83128
      ],
      [
       -63.91163,
       27.8312
      ],
      [
       -63.91161,
       27.83111
      ],
      [
       -63.91161,
       27.83102
      ],
      [
       -63.93404,
       27.63086
      ]
     ]
    ]
   },
   "properties": {
    "event_id": "S2:MSM41_litter-T33",
    "source_id": "S2_SARGASSO_MSM41",
    "target_keys": [
     "plastic-visual"
    ],
    "sample_ids": [
     "MPL-0351"
    ],
    "date": "2015-04-13",
    "time": "2015-04-13T14:49:00Z",
    "footprint_kind": "strip",
    "footprint_label": "полоса по концам трансекты",
    "footprint_radius_m": 50.0,
    "footprint_area_km2": 2.2445,
    "geometry_approximate": false,
    "candidates": 0,
    "candidate_passes": 0,
    "accepted": 0,
    "accepted_passes": 0,
    "best_scene_id": null,
    "best_platform": null,
    "best_sync": null,
    "best_shift_hours": null,
    "best_shift_days": null,
    "best_time_uncertainty_hours": null,
    "best_coverage_fraction": null,
    "decision": "rejected",
    "reason_code": "no_scene_in_window",
    "reason": "в окне поиска сцен нет",
    "detail": ""
   }
  },
  {
   "type": "Feature",
   "id": "S2:MSM41_litter-T34",
   "geometry": {
    "type": "Polygon",
    "coordinates": [
     [
      [
       -63.98741,
       27.15704
      ],
      [
       -63.98743,
       27.15695
      ],
      [
       -63.98747,
       27.15687
      ],
      [
       -63.98753,
       27.1568
      ],
      [
       -63.9876,
       27.15673
      ],
      [
       -63.98768,
       27.15669
      ],
      [
       -63.98777,
       27.15665
      ],
      [
       -63.98787,
       27.15664
      ],
      [
       -63.98797,
       27.15664
      ],
      [
       -63.98806,
       27.15665
      ],
      [
       -63.98816,
       27.15669
      ],
      [
       -63.98824,
       27.15674
      ],
      [
       -63.98831,
       27.1568
      ],
      [
       -63.98836,
       27.15687
      ],
      [
       -63.9884,
       27.15695
      ],
      [
       -63.98842,
       27.15704
      ],
      [
       -63.98842,
       27.15713
      ],
      [
       -63.96525,
       27.36204
      ],
      [
       -63.96523,
       27.36213
      ],
      [
       -63.9652,
       27.36221
      ],
      [
       -63.96514,
       27.36229
      ],
      [
       -63.96507,
       27.36235
      ],
      [
       -63.96499,
       27.3624
      ],
      [
       -63.9649,
       27.36243
      ],
      [
       -63.9648,
       27.36245
      ],
      [
       -63.9647,
       27.36245
      ],
      [
       -63.9646,
       27.36243
      ],
      [
       -63.96451,
       27.3624
      ],
      [
       -63.96443,
       27.36235
      ],
      [
       -63.96436,
       27.36228
      ],
      [
       -63.9643,
       27.36221
      ],
      [
       -63.96427,
       27.36213
      ],
      [
       -63.96425,
       27.36204
      ],
      [
       -63.96425,
       27.36196
      ],
      [
       -63.98741,
       27.15704
      ]
     ]
    ]
   },
   "properties": {
    "event_id": "S2:MSM41_litter-T34",
    "source_id": "S2_SARGASSO_MSM41",
    "target_keys": [
     "plastic-visual"
    ],
    "sample_ids": [
     "MPL-0346"
    ],
    "date": "2015-04-13",
    "time": "2015-04-13T17:08:00Z",
    "footprint_kind": "strip",
    "footprint_label": "полоса по концам трансекты",
    "footprint_radius_m": 50.0,
    "footprint_area_km2": 2.2979,
    "geometry_approximate": false,
    "candidates": 0,
    "candidate_passes": 0,
    "accepted": 0,
    "accepted_passes": 0,
    "best_scene_id": null,
    "best_platform": null,
    "best_sync": null,
    "best_shift_hours": null,
    "best_shift_days": null,
    "best_time_uncertainty_hours": null,
    "best_coverage_fraction": null,
    "decision": "rejected",
    "reason_code": "no_scene_in_window",
    "reason": "в окне поиска сцен нет",
    "detail": ""
   }
  },
  {
   "type": "Feature",
   "id": "S2:MSM41_litter-T35",
   "geometry": {
    "type": "Polygon",
    "coordinates": [
     [
      [
       -63.89117,
       25.76372
      ],
      [
       -63.89119,
       25.76363
      ],
      [
       -63.89123,
       25.76355
      ],
      [
       -63.89128,
       25.76348
      ],
      [
       -63.89135,
       25.76342
      ],
      [
       -63.89143,
       25.76337
      ],
      [
       -63.89152,
       25.76334
      ],
      [
       -63.89162,
       25.76332
      ],
      [
       -63.89172,
       25.76332
      ],
      [
       -63.89181,
       25.76334
      ],
      [
       -63.89191,
       25.76337
      ],
      [
       -63.89199,
       25.76342
      ],
      [
       -63.89206,
       25.76348
      ],
      [
       -63.89211,
       25.76356
      ],
      [
       -63.89215,
       25.76364
      ],
      [
       -63.89216,
       25.76373
      ],
      [
       -63.89216,
       25.76381
      ],
      [
       -63.87181,
       25.9387
      ],
      [
       -63.87179,
       25.93878
      ],
      [
       -63.87176,
       25.93886
      ],
      [
       -63.8717,
       25.93894
      ],
      [
       -63.87163,
       25.939
      ],
      [
       -63.87155,
       25.93905
      ],
      [
       -63.87146,
       25.93908
      ],
      [
       -63.87136,
       25.9391
      ],
      [
       -63.87126,
       25.9391
      ],
      [
       -63.87117,
       25.93908
      ],
      [
       -63.87108,
       25.93905
      ],
      [
       -63.871,
       25.939
      ],
      [
       -63.87093,
       25.93893
      ],
      [
       -63.87087,
       25.93886
      ],
      [
       -63.87084,
       25.93878
      ],
      [
       -63.87082,
       25.93869
      ],
      [
       -63.87082,
       25.9386
      ],
      [
       -63.89117,
       25.76372
      ]
     ]
    ]
   },
   "properties": {
    "event_id": "S2:MSM41_litter-T35",
    "source_id": "S2_SARGASSO_MSM41",
    "target_keys": [
     "plastic-visual"
    ],
    "sample_ids": [
     "MPL-0358"
    ],
    "date": "2015-04-14",
    "time": "2015-04-14T12:43:30Z",
    "footprint_kind": "strip",
    "footprint_label": "полоса по концам трансекты",
    "footprint_radius_m": 50.0,
    "footprint_area_km2": 1.963,
    "geometry_approximate": true,
    "candidates": 0,
    "candidate_passes": 0,
    "accepted": 0,
    "accepted_passes": 0,
    "best_scene_id": null,
    "best_platform": null,
    "best_sync": null,
    "best_shift_hours": null,
    "best_shift_days": null,
    "best_time_uncertainty_hours": null,
    "best_coverage_fraction": null,
    "decision": "rejected",
    "reason_code": "before_mission",
    "reason": "наблюдение раньше начала съёмки Sentinel-2",
    "detail": ""
   }
  },
  {
   "type": "Feature",
   "id": "S2:MSM41_litter-T37",
   "geometry": {
    "type": "Polygon",
    "coordinates": [
     [
      [
       -63.99559,
       25.06294
      ],
      [
       -63.99561,
       25.06286
      ],
      [
       -63.99565,
       25.06278
      ],
      [
       -63.99571,
       25.0627
      ],
      [
       -63.99578,
       25.06264
      ],
      [
       -63.99586,
       25.0626
      ],
      [
       -63.99595,
       25.06257
      ],
      [
       -63.99605,
       25.06255
      ],
      [
       -63.99615,
       25.06255
      ],
      [
       -63.99624,
       25.06257
      ],
      [
       -63.99633,
       25.06261
      ],
      [
       -63.99641,
       25.06266
      ],
      [
       -63.99648,
       25.06273
      ],
      [
       -63.99653,
       25.0628
      ],
      [
       -63.99656,
       25.06288
      ],
      [
       -63.99658,
       25.06297
      ],
      [
       -63.99658,
       25.06306
      ],
      [
       -63.96688,
       25.26869
      ],
      [
       -63.96685,
       25.26878
      ],
      [
       -63.96681,
       25.26886
      ],
      [
       -63.96676,
       25.26893
      ],
      [
       -63.96669,
       25.26899
      ],
      [
       -63.9666,
       25.26904
      ],
      [
       -63.96651,
       25.26907
      ],
      [
       -63.96642,
       25.26908
      ],
      [
       -63.96632,
       25.26908
      ],
      [
       -63.96622,
       25.26906
      ],
      [
       -63.96613,
       25.26902
      ],
      [
       -63.96606,
       25.26897
      ],
      [
       -63.96599,
       25.26891
      ],
      [
       -63.96594,
       25.26883
      ],
      [
       -63.9659,
       25.26875
      ],
      [
       -63.96589,
       25.26866
      ],
      [
       -63.96589,
       25.26857
      ],
      [
       -63.99559,
       25.06294
      ]
     ]
    ]
   },
   "properties": {
    "event_id": "S2:MSM41_litter-T37",
    "source_id": "S2_SARGASSO_MSM41",
    "target_keys": [
     "plastic-visual"
    ],
    "sample_ids": [
     "MPL-0354"
    ],
    "date": "2015-04-14",
    "time": "2015-04-14T18:23:00Z",
    "footprint_kind": "strip",
    "footprint_label": "полоса по концам трансекты",
    "footprint_radius_m": 50.0,
    "footprint_area_km2": 2.3138,
    "geometry_approximate": false,
    "candidates": 0,
    "candidate_passes": 0,
    "accepted": 0,
    "accepted_passes": 0,
    "best_scene_id": null,
    "best_platform": null,
    "best_sync": null,
    "best_shift_hours": null,
    "best_shift_days": null,
    "best_time_uncertainty_hours": null,
    "best_coverage_fraction": null,
    "decision": "rejected",
    "reason_code": "before_mission",
    "reason": "наблюдение раньше начала съёмки Sentinel-2",
    "detail": ""
   }
  },
  {
   "type": "Feature",
   "id": "S2:MSM41_litter-T38",
   "geometry": {
    "type": "Polygon",
    "coordinates": [
     [
      [
       -63.97438,
       23.67636
      ],
      [
       -63.97441,
       23.67628
      ],
      [
       -63.97445,
       23.6762
      ],
      [
       -63.97451,
       23.67613
      ],
      [
       -63.97458,
       23.67607
      ],
      [
       -63.97466,
       23.67602
      ],
      [
       -63.97475,
       23.676
      ],
      [
       -63.97485,
       23.67598
      ],
      [
       -63.97494,
       23.67599
      ],
      [
       -63.97504,
       23.67601
      ],
      [
       -63.97512,
       23.67605
      ],
      [
       -63.9752,
       23.6761
      ],
      [
       -63.97526,
       23.67617
      ],
      [
       -63.97531,
       23.67624
      ],
      [
       -63.97534,
       23.67633
      ],
      [
       -63.97536,
       23.67642
      ],
      [
       -63.97535,
       23.6765
      ],
      [
       -63.94414,
       23.8574
      ],
      [
       -63.94411,
       23.85749
      ],
      [
       -63.94407,
       23.85757
      ],
      [
       -63.94401,
       23.85764
      ],
      [
       -63.94394,
       23.8577
      ],
      [
       -63.94386,
       23.85774
      ],
      [
       -63.94376,
       23.85777
      ],
      [
       -63.94367,
       23.85778
      ],
      [
       -63.94357,
       23.85778
      ],
      [
       -63.94348,
       23.85775
      ],
      [
       -63.94339,
       23.85772
      ],
      [
       -63.94332,
       23.85766
      ],
      [
       -63.94325,
       23.8576
      ],
      [
       -63.9432,
       23.85752
      ],
      [
       -63.94317,
       23.85744
      ],
      [
       -63.94316,
       23.85735
      ],
      [
       -63.94316,
       23.85726
      ],
      [
       -63.97438,
       23.67636
      ]
     ]
    ]
   },
   "properties": {
    "event_id": "S2:MSM41_litter-T38",
    "source_id": "S2_SARGASSO_MSM41",
    "target_keys": [
     "plastic-visual"
    ],
    "sample_ids": [
     "MPL-0361"
    ],
    "date": "2015-04-15",
    "time": "2015-04-15T14:01:00Z",
    "footprint_kind": "strip",
    "footprint_label": "полоса по концам трансекты",
    "footprint_radius_m": 50.0,
    "footprint_area_km2": 2.0443,
    "geometry_approximate": false,
    "candidates": 0,
    "candidate_passes": 0,
    "accepted": 0,
    "accepted_passes": 0,
    "best_scene_id": null,
    "best_platform": null,
    "best_sync": null,
    "best_shift_hours": null,
    "best_shift_days": null,
    "best_time_uncertainty_hours": null,
    "best_coverage_fraction": null,
    "decision": "rejected",
    "reason_code": "before_mission",
    "reason": "наблюдение раньше начала съёмки Sentinel-2",
    "detail": ""
   }
  },
  {
   "type": "Feature",
   "id": "S2:MSM41_litter-T39",
   "geometry": {
    "type": "Polygon",
    "coordinates": [
     [
      [
       -64.00664,
       22.99539
      ],
      [
       -64.00668,
       22.99547
      ],
      [
       -64.0067,
       22.99555
      ],
      [
       -64.0067,
       22.99564
      ],
      [
       -64.00669,
       22.99573
      ],
      [
       -64.00666,
       22.99581
      ],
      [
       -64.00661,
       22.99589
      ],
      [
       -64.00654,
       22.99595
      ],
      [
       -64.00646,
       22.996
      ],
      [
       -64.00638,
       22.99604
      ],
      [
       -64.00628,
       22.99606
      ],
      [
       -64.00619,
       22.99607
      ],
      [
       -64.00609,
       22.99605
      ],
      [
       -64.006,
       22.99602
      ],
      [
       -64.00592,
       22.99598
      ],
      [
       -64.00585,
       22.99592
      ],
      [
       -64.0058,
       22.99584
      ],
      [
       -63.9483,
       22.90581
      ],
      [
       -63.94826,
       22.90573
      ],
      [
       -63.94823,
       22.90565
      ],
      [
       -63.94823,
       22.90556
      ],
      [
       -63.94824,
       22.90547
      ],
      [
       -63.94828,
       22.90539
      ],
      [
       -63.94833,
       22.90531
      ],
      [
       -63.94839,
       22.90525
      ],
      [
       -63.94847,
       22.9052
      ],
      [
       -63.94856,
       22.90516
      ],
      [
       -63.94865,
       22.90514
      ],
      [
       -63.94875,
       22.90513
      ],
      [
       -63.94884,
       22.90515
      ],
      [
       -63.94893,
       22.90518
      ],
      [
       -63.94901,
       22.90522
      ],
      [
       -63.94908,
       22.90528
      ],
      [
       -63.94914,
       22.90536
      ],
      [
       -64.00664,
       22.99539
      ]
     ]
    ]
   },
   "properties": {
    "event_id": "S2:MSM41_litter-T39",
    "source_id": "S2_SARGASSO_MSM41",
    "target_keys": [
     "plastic-visual"
    ],
    "sample_ids": [
     "MPL-0367"
    ],
    "date": "2015-04-16",
    "time": "2015-04-16T08:12:30Z",
    "footprint_kind": "strip",
    "footprint_label": "полоса по концам трансекты",
    "footprint_radius_m": 50.0,
    "footprint_area_km2": 1.1692,
    "geometry_approximate": false,
    "candidates": 0,
    "candidate_passes": 0,
    "accepted": 0,
    "accepted_passes": 0,
    "best_scene_id": null,
    "best_platform": null,
    "best_sync": null,
    "best_shift_hours": null,
    "best_shift_days": null,
    "best_time_uncertainty_hours": null,
    "best_coverage_fraction": null,
    "decision": "rejected",
    "reason_code": "before_mission",
    "reason": "наблюдение раньше начала съёмки Sentinel-2",
    "detail": ""
   }
  },
  {
   "type": "Feature",
   "id": "S2:MSM41_litter-T4",
   "geometry": {
    "type": "Polygon",
    "coordinates": [
     [
      [
       -69.02908,
       30.38933
      ],
      [
       -69.02918,
       30.3893
      ],
      [
       -69.02928,
       30.38928
      ],
      [
       -69.02938,
       30.38929
      ],
      [
       -69.02948,
       30.38931
      ],
      [
       -69.02957,
       30.38935
      ],
      [
       -69.02965,
       30.3894
      ],
      [
       -69.02972,
       30.38947
      ],
      [
       -69.02977,
       30.38954
      ],
      [
       -69.02981,
       30.38963
      ],
      [
       -69.02982,
       30.38971
      ],
      [
       -69.02982,
       30.3898
      ],
      [
       -69.02979,
       30.38989
      ],
      [
       -69.02975,
       30.38997
      ],
      [
       -69.02968,
       30.39004
      ],
      [
       -69.02961,
       30.3901
      ],
      [
       -69.02952,
       30.39014
      ],
      [
       -68.798,
       30.48302
      ],
      [
       -68.79791,
       30.48305
      ],
      [
       -68.79781,
       30.48307
      ],
      [
       -68.7977,
       30.48306
      ],
      [
       -68.7976,
       30.48304
      ],
      [
       -68.79751,
       30.483
      ],
      [
       -68.79743,
       30.48295
      ],
      [
       -68.79736,
       30.48288
      ],
      [
       -68.79731,
       30.48281
      ],
      [
       -68.79728,
       30.48272
      ],
      [
       -68.79726,
       30.48264
      ],
      [
       -68.79727,
       30.48255
      ],
      [
       -68.79729,
       30.48246
      ],
      [
       -68.79734,
       30.48238
      ],
      [
       -68.7974,
       30.48231
      ],
      [
       -68.79747,
       30.48225
      ],
      [
       -68.79756,
       30.48221
      ],
      [
       -69.02908,
       30.38933
      ]
     ]
    ]
   },
   "properties": {
    "event_id": "S2:MSM41_litter-T4",
    "source_id": "S2_SARGASSO_MSM41",
    "target_keys": [
     "plastic-visual"
    ],
    "sample_ids": [
     "MPL-0203"
    ],
    "date": "2015-04-02",
    "time": "2015-04-02T13:13:00Z",
    "footprint_kind": "strip",
    "footprint_label": "полоса по концам трансекты",
    "footprint_radius_m": 50.0,
    "footprint_area_km2": 2.4559,
    "geometry_approximate": false,
    "candidates": 0,
    "candidate_passes": 0,
    "accepted": 0,
    "accepted_passes": 0,
    "best_scene_id": null,
    "best_platform": null,
    "best_sync": null,
    "best_shift_hours": null,
    "best_shift_days": null,
    "best_time_uncertainty_hours": null,
    "best_coverage_fraction": null,
    "decision": "rejected",
    "reason_code": "before_mission",
    "reason": "наблюдение раньше начала съёмки Sentinel-2",
    "detail": ""
   }
  },
  {
   "type": "Feature",
   "id": "S2:MSM41_litter-T40",
   "geometry": {
    "type": "Polygon",
    "coordinates": [
     [
      [
       -63.94507,
       22.75751
      ],
      [
       -63.9451,
       22.75742
      ],
      [
       -63.94515,
       22.75734
      ],
      [
       -63.94521,
       22.75728
      ],
      [
       -63.94529,
       22.75722
      ],
      [
       -63.94537,
       22.75718
      ],
      [
       -63.94546,
       22.75716
      ],
      [
       -63.94556,
       22.75715
      ],
      [
       -63.94565,
       22.75716
      ],
      [
       -63.94574,
       22.75719
      ],
      [
       -63.94583,
       22.75723
      ],
      [
       -63.9459,
       22.75729
      ],
      [
       -63.94596,
       22.75736
      ],
      [
       -63.946,
       22.75743
      ],
      [
       -63.94603,
       22.75752
      ],
      [
       -63.94604,
       22.75761
      ],
      [
       -63.94603,
       22.75769
      ],
      [
       -63.89358,
       22.98203
      ],
      [
       -63.89355,
       22.98211
      ],
      [
       -63.8935,
       22.98219
      ],
      [
       -63.89344,
       22.98226
      ],
      [
       -63.89336,
       22.98231
      ],
      [
       -63.89328,
       22.98235
      ],
      [
       -63.89319,
       22.98238
      ],
      [
       -63.89309,
       22.98238
      ],
      [
       -63.893,
       22.98237
      ],
      [
       -63.89291,
       22.98235
      ],
      [
       -63.89282,
       22.9823
      ],
      [
       -63.89275,
       22.98225
      ],
      [
       -63.89269,
       22.98218
      ],
      [
       -63.89265,
       22.9821
      ],
      [
       -63.89262,
       22.98201
      ],
      [
       -63.89261,
       22.98193
      ],
      [
       -63.89262,
       22.98184
      ],
      [
       -63.94507,
       22.75751
      ]
     ]
    ]
   },
   "properties": {
    "event_id": "S2:MSM41_litter-T40",
    "source_id": "S2_SARGASSO_MSM41",
    "target_keys": [
     "plastic-visual"
    ],
    "sample_ids": [
     "MPL-0364"
    ],
    "date": "2015-04-16",
    "time": "2015-04-16T12:26:00Z",
    "footprint_kind": "strip",
    "footprint_label": "полоса по концам трансекты",
    "footprint_radius_m": 50.0,
    "footprint_area_km2": 2.5595,
    "geometry_approximate": false,
    "candidates": 0,
    "candidate_passes": 0,
    "accepted": 0,
    "accepted_passes": 0,
    "best_scene_id": null,
    "best_platform": null,
    "best_sync": null,
    "best_shift_hours": null,
    "best_shift_days": null,
    "best_time_uncertainty_hours": null,
    "best_coverage_fraction": null,
    "decision": "rejected",
    "reason_code": "before_mission",
    "reason": "наблюдение раньше начала съёмки Sentinel-2",
    "detail": ""
   }
  },
  {
   "type": "Feature",
   "id": "S2:MSM41_litter-T41",
   "geometry": {
    "type": "Polygon",
    "coordinates": [
     [
      [
       -60.93385,
       22.633
      ],
      [
       -60.93385,
       22.63309
      ],
      [
       -60.93384,
       22.63318
      ],
      [
       -60.93381,
       22.63326
      ],
      [
       -60.93377,
       22.63334
      ],
      [
       -60.9337,
       22.63341
      ],
      [
       -60.93363,
       22.63346
      ],
      [
       -60.93354,
       22.6335
      ],
      [
       -60.93345,
       22.63353
      ],
      [
       -60.93336,
       22.63353
      ],
      [
       -60.93326,
       22.63352
      ],
      [
       -60.93317,
       22.63349
      ],
      [
       -60.93309,
       22.63345
      ],
      [
       -60.93302,
       22.63339
      ],
      [
       -60.93296,
       22.63333
      ],
      [
       -60.93291,
       22.63325
      ],
      [
       -60.93289,
       22.63316
      ],
      [
       -60.91035,
       22.51618
      ],
      [
       -60.91035,
       22.51609
      ],
      [
       -60.91036,
       22.516
      ],
      [
       -60.91039,
       22.51592
      ],
      [
       -60.91043,
       22.51584
      ],
      [
       -60.9105,
       22.51578
      ],
      [
       -60.91057,
       22.51572
      ],
      [
       -60.91066,
       22.51568
      ],
      [
       -60.91075,
       22.51566
      ],
      [
       -60.91084,
       22.51565
      ],
      [
       -60.91094,
       22.51566
      ],
      [
       -60.91103,
       22.51569
      ],
      [
       -60.91111,
       22.51573
      ],
      [
       -60.91118,
       22.51579
      ],
      [
       -60.91124,
       22.51586
      ],
      [
       -60.91129,
       22.51594
      ],
      [
       -60.91131,
       22.51602
      ],
      [
       -60.93385,
       22.633
      ]
     ]
    ]
   },
   "properties": {
    "event_id": "S2:MSM41_litter-T41",
    "source_id": "S2_SARGASSO_MSM41",
    "target_keys": [
     "plastic-visual"
    ],
    "sample_ids": [
     "MPL-0371"
    ],
    "date": "2015-04-17",
    "time": "2015-04-17T14:15:00Z",
    "footprint_kind": "strip",
    "footprint_label": "полоса по концам трансекты",
    "footprint_radius_m": 50.0,
    "footprint_area_km2": 1.329,
    "geometry_approximate": false,
    "candidates": 0,
    "candidate_passes": 0,
    "accepted": 0,
    "accepted_passes": 0,
    "best_scene_id": null,
    "best_platform": null,
    "best_sync": null,
    "best_shift_hours": null,
    "best_shift_days": null,
    "best_time_uncertainty_hours": null,
    "best_coverage_fraction": null,
    "decision": "rejected",
    "reason_code": "before_mission",
    "reason": "наблюдение раньше начала съёмки Sentinel-2",
    "detail": ""
   }
  },
  {
   "type": "Feature",
   "id": "S2:MSM41_litter-T42",
   "geometry": {
    "type": "Polygon",
    "coordinates": [
     [
      [
       -60.9784,
       22.86186
      ],
      [
       -60.9784,
       22.86194
      ],
      [
       -60.97839,
       22.86203
      ],
      [
       -60.97836,
       22.86211
      ],
      [
       -60.97832,
       22.86219
      ],
      [
       -60.97825,
       22.86226
      ],
      [
       -60.97818,
       22.86231
      ],
      [
       -60.97809,
       22.86235
      ],
      [
       -60.978,
       22.86238
      ],
      [
       -60.97791,
       22.86238
      ],
      [
       -60.97781,
       22.86237
      ],
      [
       -60.97772,
       22.86234
      ],
      [
       -60.97764,
       22.8623
      ],
      [
       -60.97756,
       22.86224
      ],
      [
       -60.97751,
       22.86217
      ],
      [
       -60.97746,
       22.8621
      ],
      [
       -60.97744,
       22.86201
      ],
      [
       -60.95534,
       22.74533
      ],
      [
       -60.95533,
       22.74524
      ],
      [
       -60.95534,
       22.74515
      ],
      [
       -60.95537,
       22.74507
      ],
      [
       -60.95542,
       22.74499
      ],
      [
       -60.95548,
       22.74492
      ],
      [
       -60.95556,
       22.74487
      ],
      [
       -60.95564,
       22.74483
      ],
      [
       -60.95573,
       22.74481
      ],
      [
       -60.95583,
       22.7448
      ],
      [
       -60.95592,
       22.74481
      ],
      [
       -60.95601,
       22.74484
      ],
      [
       -60.9561,
       22.74488
      ],
      [
       -60.95617,
       22.74494
      ],
      [
       -60.95623,
       22.74501
      ],
      [
       -60.95627,
       22.74509
      ],
      [
       -60.9563,
       22.74517
      ],
      [
       -60.9784,
       22.86186
      ]
     ]
    ]
   },
   "properties": {
    "event_id": "S2:MSM41_litter-T42",
    "source_id": "S2_SARGASSO_MSM41",
    "target_keys": [
     "plastic-visual"
    ],
    "sample_ids": [
     "MPL-0375"
    ],
    "date": "2015-04-17",
    "time": "2015-04-17T16:15:00Z",
    "footprint_kind": "strip",
    "footprint_label": "полоса по концам трансекты",
    "footprint_radius_m": 50.0,
    "footprint_area_km2": 1.3249,
    "geometry_approximate": false,
    "candidates": 0,
    "candidate_passes": 0,
    "accepted": 0,
    "accepted_passes": 0,
    "best_scene_id": null,
    "best_platform": null,
    "best_sync": null,
    "best_shift_hours": null,
    "best_shift_days": null,
    "best_time_uncertainty_hours": null,
    "best_coverage_fraction": null,
    "decision": "rejected",
    "reason_code": "before_mission",
    "reason": "наблюдение раньше начала съёмки Sentinel-2",
    "detail": ""
   }
  },
  {
   "type": "Feature",
   "id": "S2:MSM41_litter-T43",
   "geometry": {
    "type": "Polygon",
    "coordinates": [
     [
      [
       -60.99329,
       23.88905
      ],
      [
       -60.99329,
       23.88914
      ],
      [
       -60.99327,
       23.88923
      ],
      [
       -60.99323,
       23.88931
      ],
      [
       -60.99318,
       23.88938
      ],
      [
       -60.99311,
       23.88945
      ],
      [
       -60.99303,
       23.8895
      ],
      [
       -60.99295,
       23.88953
      ],
      [
       -60.99285,
       23.88955
      ],
      [
       -60.99276,
       23.88955
      ],
      [
       -60.99266,
       23.88953
      ],
      [
       -60.99257,
       23.8895
      ],
      [
       -60.99249,
       23.88945
      ],
      [
       -60.99242,
       23.88939
      ],
      [
       -60.99237,
       23.88931
      ],
      [
       -60.99233,
       23.88923
      ],
      [
       -60.99231,
       23.88915
      ],
      [
       -60.97051,
       23.69983
      ],
      [
       -60.97051,
       23.69974
      ],
      [
       -60.97053,
       23.69966
      ],
      [
       -60.97057,
       23.69957
      ],
      [
       -60.97062,
       23.6995
      ],
      [
       -60.97069,
       23.69944
      ],
      [
       -60.97077,
       23.69939
      ],
      [
       -60.97085,
       23.69935
      ],
      [
       -60.97095,
       23.69934
      ],
      [
       -60.97104,
       23.69934
      ],
      [
       -60.97114,
       23.69935
      ],
      [
       -60.97123,
       23.69939
      ],
      [
       -60.97131,
       23.69943
      ],
      [
       -60.97138,
       23.6995
      ],
      [
       -60.97143,
       23.69957
      ],
      [
       -60.97147,
       23.69965
      ],
      [
       -60.97149,
       23.69974
      ],
      [
       -60.99329,
       23.88905
      ]
     ]
    ]
   },
   "properties": {
    "event_id": "S2:MSM41_litter-T43",
    "source_id": "S2_SARGASSO_MSM41",
    "target_keys": [
     "plastic-visual"
    ],
    "sample_ids": [
     "MPL-0378"
    ],
    "date": "2015-04-18",
    "time": "2015-04-18T08:30:00Z",
    "footprint_kind": "strip",
    "footprint_label": "полоса по концам трансекты",
    "footprint_radius_m": 50.0,
    "footprint_area_km2": 2.1246,
    "geometry_approximate": false,
    "candidates": 0,
    "candidate_passes": 0,
    "accepted": 0,
    "accepted_passes": 0,
    "best_scene_id": null,
    "best_platform": null,
    "best_sync": null,
    "best_shift_hours": null,
    "best_shift_days": null,
    "best_time_uncertainty_hours": null,
    "best_coverage_fraction": null,
    "decision": "rejected",
    "reason_code": "before_mission",
    "reason": "наблюдение раньше начала съёмки Sentinel-2",
    "detail": ""
   }
  },
  {
   "type": "Feature",
   "id": "S2:MSM41_litter-T44",
   "geometry": {
    "type": "Polygon",
    "coordinates": [
     [
      [
       -60.98476,
       24.33039
      ],
      [
       -60.98474,
       24.33048
      ],
      [
       -60.98471,
       24.33056
      ],
      [
       -60.98466,
       24.33064
      ],
      [
       -60.9846,
       24.3307
      ],
      [
       -60.98452,
       24.33075
      ],
      [
       -60.98443,
       24.33079
      ],
      [
       -60.98434,
       24.33081
      ],
      [
       -60.98424,
       24.33082
      ],
      [
       -60.98415,
       24.3308
      ],
      [
       -60.98405,
       24.33077
      ],
      [
       -60.98397,
       24.33073
      ],
      [
       -60.9839,
       24.33067
      ],
      [
       -60.98384,
       24.3306
      ],
      [
       -60.9838,
       24.33052
      ],
      [
       -60.98378,
       24.33043
      ],
      [
       -60.98377,
       24.33034
      ],
      [
       -60.99514,
       24.13613
      ],
      [
       -60.99516,
       24.13604
      ],
      [
       -60.99519,
       24.13596
      ],
      [
       -60.99524,
       24.13588
      ],
      [
       -60.9953,
       24.13582
      ],
      [
       -60.99538,
       24.13576
      ],
      [
       -60.99547,
       24.13573
      ],
      [
       -60.99556,
       24.1357
      ],
      [
       -60.99566,
       24.1357
      ],
      [
       -60.99575,
       24.13571
      ],
      [
       -60.99585,
       24.13574
      ],
      [
       -60.99593,
       24.13579
      ],
      [
       -60.996,
       24.13585
      ],
      [
       -60.99606,
       24.13592
      ],
      [
       -60.9961,
       24.136
      ],
      [
       -60.99612,
       24.13609
      ],
      [
       -60.99613,
       24.13617
      ],
      [
       -60.98476,
       24.33039
      ]
     ]
    ]
   },
   "properties": {
    "event_id": "S2:MSM41_litter-T44",
    "source_id": "S2_SARGASSO_MSM41",
    "target_keys": [
     "plastic-visual"
    ],
    "sample_ids": [
     "MPL-0382"
    ],
    "date": "2015-04-18",
    "time": "2015-04-18T16:00:00Z",
    "footprint_kind": "strip",
    "footprint_label": "полоса по концам трансекты",
    "footprint_radius_m": 50.0,
    "footprint_area_km2": 2.1705,
    "geometry_approximate": false,
    "candidates": 0,
    "candidate_passes": 0,
    "accepted": 0,
    "accepted_passes": 0,
    "best_scene_id": null,
    "best_platform": null,
    "best_sync": null,
    "best_shift_hours": null,
    "best_shift_days": null,
    "best_time_uncertainty_hours": null,
    "best_coverage_fraction": null,
    "decision": "rejected",
    "reason_code": "before_mission",
    "reason": "наблюдение раньше начала съёмки Sentinel-2",
    "detail": ""
   }
  },
  {
   "type": "Feature",
   "id": "S2:MSM41_litter-T45",
   "geometry": {
    "type": "Polygon",
    "coordinates": [
     [
      [
       -60.98706,
       24.74422
      ],
      [
       -60.98705,
       24.74431
      ],
      [
       -60.98703,
       24.7444
      ],
      [
       -60.98698,
       24.74447
      ],
      [
       -60.98692,
       24.74454
      ],
      [
       -60.98685,
       24.7446
      ],
      [
       -60.98677,
       24.74464
      ],
      [
       -60.98667,
       24.74467
      ],
      [
       -60.98658,
       24.74468
      ],
      [
       -60.98648,
       24.74468
      ],
      [
       -60.98639,
       24.74465
      ],
      [
       -60.9863,
       24.74461
      ],
      [
       -60.98623,
       24.74456
      ],
      [
       -60.98616,
       24.74449
      ],
      [
       -60.98611,
       24.74441
      ],
      [
       -60.98608,
       24.74433
      ],
      [
       -60.98607,
       24.74424
      ],
      [
       -60.98099,
       24.54373
      ],
      [
       -60.981,
       24.54364
      ],
      [
       -60.98102,
       24.54355
      ],
      [
       -60.98107,
       24.54348
      ],
      [
       -60.98113,
       24.54341
      ],
      [
       -60.9812,
       24.54335
      ],
      [
       -60.98128,
       24.54331
      ],
      [
       -60.98138,
       24.54328
      ],
      [
       -60.98147,
       24.54327
      ],
      [
       -60.98157,
       24.54327
      ],
      [
       -60.98166,
       24.5433
      ],
      [
       -60.98175,
       24.54334
      ],
      [
       -60.98182,
       24.54339
      ],
      [
       -60.98189,
       24.54346
      ],
      [
       -60.98194,
       24.54354
      ],
      [
       -60.98197,
       24.54362
      ],
      [
       -60.98198,
       24.54371
      ],
      [
       -60.98706,
       24.74422
      ]
     ]
    ]
   },
   "properties": {
    "event_id": "S2:MSM41_litter-T45",
    "source_id": "S2_SARGASSO_MSM41",
    "target_keys": [
     "plastic-visual"
    ],
    "sample_ids": [
     "MPL-0385"
    ],
    "date": "2015-04-18",
    "time": "2015-04-18T18:25:00Z",
    "footprint_kind": "strip",
    "footprint_label": "полоса по концам трансекты",
    "footprint_radius_m": 50.0,
    "footprint_area_km2": 2.238,
    "geometry_approximate": false,
    "candidates": 0,
    "candidate_passes": 0,
    "accepted": 0,
    "accepted_passes": 0,
    "best_scene_id": null,
    "best_platform": null,
    "best_sync": null,
    "best_shift_hours": null,
    "best_shift_days": null,
    "best_time_uncertainty_hours": null,
    "best_coverage_fraction": null,
    "decision": "rejected",
    "reason_code": "before_mission",
    "reason": "наблюдение раньше начала съёмки Sentinel-2",
    "detail": ""
   }
  },
  {
   "type": "Feature",
   "id": "S2:MSM41_litter-T46",
   "geometry": {
    "type": "Polygon",
    "coordinates": [
     [
      [
       -61.0005,
       26.31366
      ],
      [
       -61.00049,
       26.31375
      ],
      [
       -61.00046,
       26.31384
      ],
      [
       -61.00042,
       26.31391
      ],
      [
       -61.00036,
       26.31398
      ],
      [
       -61.00028,
       26.31404
      ],
      [
       -61.0002,
       26.31408
      ],
      [
       -61.0001,
       26.31411
      ],
      [
       -61.0,
       26.31412
      ],
      [
       -60.99991,
       26.31411
      ],
      [
       -60.99981,
       26.31408
      ],
      [
       -60.99973,
       26.31404
      ],
      [
       -60.99965,
       26.31399
      ],
      [
       -60.99959,
       26.31392
      ],
      [
       -60.99954,
       26.31384
      ],
      [
       -60.99951,
       26.31376
      ],
      [
       -60.9995,
       26.31367
      ],
      [
       -60.99742,
       26.11067
      ],
      [
       -60.99742,
       26.11058
      ],
      [
       -60.99745,
       26.1105
      ],
      [
       -60.9975,
       26.11042
      ],
      [
       -60.99756,
       26.11035
      ],
      [
       -60.99763,
       26.1103
      ],
      [
       -60.99772,
       26.11025
      ],
      [
       -60.99781,
       26.11023
      ],
      [
       -60.99791,
       26.11022
      ],
      [
       -60.99801,
       26.11023
      ],
      [
       -60.9981,
       26.11025
      ],
      [
       -60.99819,
       26.11029
      ],
      [
       -60.99827,
       26.11035
      ],
      [
       -60.99833,
       26.11041
      ],
      [
       -60.99838,
       26.11049
      ],
      [
       -60.99841,
       26.11058
      ],
      [
       -60.99842,
       26.11066
      ],
      [
       -61.0005,
       26.31366
      ]
     ]
    ]
   },
   "properties": {
    "event_id": "S2:MSM41_litter-T46",
    "source_id": "S2_SARGASSO_MSM41",
    "target_keys": [
     "plastic-visual"
    ],
    "sample_ids": [
     "MPL-0389"
    ],
    "date": "2015-04-19",
    "time": "2015-04-19T13:11:00Z",
    "footprint_kind": "strip",
    "footprint_label": "полоса по концам трансекты",
    "footprint_radius_m": 50.0,
    "footprint_area_km2": 2.2652,
    "geometry_approximate": false,
    "candidates": 0,
    "candidate_passes": 0,
    "accepted": 0,
    "accepted_passes": 0,
    "best_scene_id": null,
    "best_platform": null,
    "best_sync": null,
    "best_shift_hours": null,
    "best_shift_days": null,
    "best_time_uncertainty_hours": null,
    "best_coverage_fraction": null,
    "decision": "rejected",
    "reason_code": "before_mission",
    "reason": "наблюдение раньше начала съёмки Sentinel-2",
    "detail": ""
   }
  },
  {
   "type": "Feature",
   "id": "S2:MSM41_litter-T47",
   "geometry": {
    "type": "Polygon",
    "coordinates": [
     [
      [
       -61.0018,
       26.59912
      ],
      [
       -61.00179,
       26.59921
      ],
      [
       -61.00176,
       26.59929
      ],
      [
       -61.00172,
       26.59937
      ],
      [
       -61.00166,
       26.59944
      ],
      [
       -61.00158,
       26.59949
      ],
      [
       -61.00149,
       26.59953
      ],
      [
       -61.0014,
       26.59956
      ],
      [
       -61.0013,
       26.59957
      ],
      [
       -61.0012,
       26.59956
      ],
      [
       -61.00111,
       26.59953
      ],
      [
       -61.00102,
       26.59949
      ],
      [
       -61.00094,
       26.59943
      ],
      [
       -61.00088,
       26.59937
      ],
      [
       -61.00084,
       26.59929
      ],
      [
       -61.00081,
       26.5992
      ],
      [
       -61.0008,
       26.59912
      ],
      [
       -61.00091,
       26.50093
      ],
      [
       -61.00092,
       26.50084
      ],
      [
       -61.00095,
       26.50076
      ],
      [
       -61.001,
       26.50068
      ],
      [
       -61.00106,
       26.50061
      ],
      [
       -61.00114,
       26.50056
      ],
      [
       -61.00123,
       26.50052
      ],
      [
       -61.00132,
       26.50049
      ],
      [
       -61.00142,
       26.50048
      ],
      [
       -61.00152,
       26.50049
      ],
      [
       -61.00161,
       26.50052
      ],
      [
       -61.0017,
       26.50056
      ],
      [
       -61.00177,
       26.50062
      ],
      [
       -61.00184,
       26.50068
      ],
      [
       -61.00188,
       26.50076
      ],
      [
       -61.00191,
       26.50085
      ],
      [
       -61.00192,
       26.50093
      ],
      [
       -61.0018,
       26.59912
      ]
     ]
    ]
   },
   "properties": {
    "event_id": "S2:MSM41_litter-T47",
    "source_id": "S2_SARGASSO_MSM41",
    "target_keys": [
     "plastic-visual"
    ],
    "sample_ids": [
     "MPL-0397"
    ],
    "date": "2015-04-19",
    "time": "2015-04-19T14:52:00Z",
    "footprint_kind": "strip",
    "footprint_label": "полоса по концам трансекты",
    "footprint_radius_m": 50.0,
    "footprint_area_km2": 1.0996,
    "geometry_approximate": false,
    "candidates": 0,
    "candidate_passes": 0,
    "accepted": 0,
    "accepted_passes": 0,
    "best_scene_id": null,
    "best_platform": null,
    "best_sync": null,
    "best_shift_hours": null,
    "best_shift_days": null,
    "best_time_uncertainty_hours": null,
    "best_coverage_fraction": null,
    "decision": "rejected",
    "reason_code": "before_mission",
    "reason": "наблюдение раньше начала съёмки Sentinel-2",
    "detail": ""
   }
  },
  {
   "type": "Feature",
   "id": "S2:MSM41_litter-T48",
   "geometry": {
    "type": "Polygon",
    "coordinates": [
     [
      [
       -61.00508,
       27.9808
      ],
      [
       -61.00507,
       27.98088
      ],
      [
       -61.00505,
       27.98097
      ],
      [
       -61.005,
       27.98105
      ],
      [
       -61.00494,
       27.98112
      ],
      [
       -61.00487,
       27.98118
      ],
      [
       -61.00478,
       27.98122
      ],
      [
       -61.00469,
       27.98125
      ],
      [
       -61.00459,
       27.98127
      ],
      [
       -61.00449,
       27.98126
      ],
      [
       -61.00439,
       27.98124
      ],
      [
       -61.0043,
       27.9812
      ],
      [
       -61.00422,
       27.98115
      ],
      [
       -61.00416,
       27.98108
      ],
      [
       -61.00411,
       27.98101
      ],
      [
       -61.00407,
       27.98092
      ],
      [
       -61.00406,
       27.98084
      ],
      [
       -60.99626,
       27.82869
      ],
      [
       -60.99626,
       27.8286
      ],
      [
       -60.99629,
       27.82851
      ],
      [
       -60.99633,
       27.82843
      ],
      [
       -60.99639,
       27.82836
      ],
      [
       -60.99647,
       27.8283
      ],
      [
       -60.99655,
       27.82826
      ],
      [
       -60.99665,
       27.82823
      ],
      [
       -60.99674,
       27.82822
      ],
      [
       -60.99684,
       27.82822
      ],
      [
       -60.99694,
       27.82824
      ],
      [
       -60.99703,
       27.82828
      ],
      [
       -60.99711,
       27.82833
      ],
      [
       -60.99718,
       27.8284
      ],
      [
       -60.99723,
       27.82848
      ],
      [
       -60.99726,
       27.82856
      ],
      [
       -60.99728,
       27.82865
      ],
      [
       -61.00508,
       27.9808
      ]
     ]
    ]
   },
   "properties": {
    "event_id": "S2:MSM41_litter-T48",
    "source_id": "S2_SARGASSO_MSM41",
    "target_keys": [
     "plastic-visual"
    ],
    "sample_ids": [
     "MPL-0401"
    ],
    "date": "2015-04-20",
    "time": "2015-04-20T08:13:30Z",
    "footprint_kind": "strip",
    "footprint_label": "полоса по концам трансекты",
    "footprint_radius_m": 50.0,
    "footprint_area_km2": 1.7014,
    "geometry_approximate": false,
    "candidates": 0,
    "candidate_passes": 0,
    "accepted": 0,
    "accepted_passes": 0,
    "best_scene_id": null,
    "best_platform": null,
    "best_sync": null,
    "best_shift_hours": null,
    "best_shift_days": null,
    "best_time_uncertainty_hours": null,
    "best_coverage_fraction": null,
    "decision": "rejected",
    "reason_code": "before_mission",
    "reason": "наблюдение раньше начала съёмки Sentinel-2",
    "detail": ""
   }
  },
  {
   "type": "Feature",
   "id": "S2:MSM41_litter-T49",
   "geometry": {
    "type": "Polygon",
    "coordinates": [
     [
      [
       -60.87139,
       28.28463
      ],
      [
       -60.87139,
       28.28472
      ],
      [
       -60.87136,
       28.2848
      ],
      [
       -60.87132,
       28.28488
      ],
      [
       -60.87126,
       28.28495
      ],
      [
       -60.87119,
       28.28501
      ],
      [
       -60.8711,
       28.28506
      ],
      [
       -60.871,
       28.28509
      ],
      [
       -60.87091,
       28.2851
      ],
      [
       -60.87081,
       28.28509
      ],
      [
       -60.87071,
       28.28507
      ],
      [
       -60.87062,
       28.28503
      ],
      [
       -60.87054,
       28.28498
      ],
      [
       -60.87047,
       28.28492
      ],
      [
       -60.87042,
       28.28484
      ],
      [
       -60.87039,
       28.28476
      ],
      [
       -60.87037,
       28.28467
      ],
      [
       -60.85957,
       28.07384
      ],
      [
       -60.85958,
       28.07375
      ],
      [
       -60.8596,
       28.07366
      ],
      [
       -60.85965,
       28.07358
      ],
      [
       -60.85971,
       28.07351
      ],
      [
       -60.85978,
       28.07345
      ],
      [
       -60.85987,
       28.07341
      ],
      [
       -60.85996,
       28.07338
      ],
      [
       -60.86006,
       28.07337
      ],
      [
       -60.86016,
       28.07337
      ],
      [
       -60.86026,
       28.07339
      ],
      [
       -60.86035,
       28.07343
      ],
      [
       -60.86043,
       28.07349
      ],
      [
       -60.86049,
       28.07355
      ],
      [
       -60.86055,
       28.07363
      ],
      [
       -60.86058,
       28.07371
      ],
      [
       -60.86059,
       28.0738
      ],
      [
       -60.87139,
       28.28463
      ]
     ]
    ]
   },
   "properties": {
    "event_id": "S2:MSM41_litter-T49",
    "source_id": "S2_SARGASSO_MSM41",
    "target_keys": [
     "plastic-visual"
    ],
    "sample_ids": [
     "MPL-0409"
    ],
    "date": "2015-04-20",
    "time": "2015-04-20T15:37:30Z",
    "footprint_kind": "strip",
    "footprint_label": "полоса по концам трансекты",
    "footprint_radius_m": 50.0,
    "footprint_area_km2": 2.3546,
    "geometry_approximate": true,
    "candidates": 0,
    "candidate_passes": 0,
    "accepted": 0,
    "accepted_passes": 0,
    "best_scene_id": null,
    "best_platform": null,
    "best_sync": null,
    "best_shift_hours": null,
    "best_shift_days": null,
    "best_time_uncertainty_hours": null,
    "best_coverage_fraction": null,
    "decision": "rejected",
    "reason_code": "before_mission",
    "reason": "наблюдение раньше начала съёмки Sentinel-2",
    "detail": ""
   }
  },
  {
   "type": "Feature",
   "id": "S2:MSM41_litter-T5",
   "geometry": {
    "type": "Polygon",
    "coordinates": [
     [
      [
       -69.88978,
       30.04361
      ],
      [
       -69.88988,
       30.04358
      ],
      [
       -69.88998,
       30.04357
      ],
      [
       -69.89008,
       30.04357
      ],
      [
       -69.89018,
       30.04359
      ],
      [
       -69.89027,
       30.04363
      ],
      [
       -69.89035,
       30.04369
      ],
      [
       -69.89042,
       30.04375
      ],
      [
       -69.89047,
       30.04383
      ],
      [
       -69.8905,
       30.04391
      ],
      [
       -69.89052,
       30.044
      ],
      [
       -69.89051,
       30.04409
      ],
      [
       -69.89049,
       30.04417
      ],
      [
       -69.89044,
       30.04425
      ],
      [
       -69.89038,
       30.04432
      ],
      [
       -69.89031,
       30.04438
      ],
      [
       -69.89022,
       30.04442
      ],
      [
       -69.76889,
       30.09337
      ],
      [
       -69.76879,
       30.0934
      ],
      [
       -69.76869,
       30.09342
      ],
      [
       -69.76859,
       30.09341
      ],
      [
       -69.76849,
       30.09339
      ],
      [
       -69.7684,
       30.09335
      ],
      [
       -69.76832,
       30.0933
      ],
      [
       -69.76825,
       30.09323
      ],
      [
       -69.7682,
       30.09316
      ],
      [
       -69.76816,
       30.09307
      ],
      [
       -69.76815,
       30.09299
      ],
      [
       -69.76815,
       30.0929
      ],
      [
       -69.76818,
       30.09281
      ],
      [
       -69.76822,
       30.09273
      ],
      [
       -69.76828,
       30.09266
      ],
      [
       -69.76836,
       30.0926
      ],
      [
       -69.76845,
       30.09256
      ],
      [
       -69.88978,
       30.04361
      ]
     ]
    ]
   },
   "properties": {
    "event_id": "S2:MSM41_litter-T5",
    "source_id": "S2_SARGASSO_MSM41",
    "target_keys": [
     "plastic-visual"
    ],
    "sample_ids": [
     "MPL-0200"
    ],
    "date": "2015-04-02",
    "time": "2015-04-02T17:12:30Z",
    "footprint_kind": "strip",
    "footprint_label": "полоса по концам трансекты",
    "footprint_radius_m": 50.0,
    "footprint_area_km2": 1.296,
    "geometry_approximate": false,
    "candidates": 0,
    "candidate_passes": 0,
    "accepted": 0,
    "accepted_passes": 0,
    "best_scene_id": null,
    "best_platform": null,
    "best_sync": null,
    "best_shift_hours": null,
    "best_shift_days": null,
    "best_time_uncertainty_hours": null,
    "best_coverage_fraction": null,
    "decision": "rejected",
    "reason_code": "before_mission",
    "reason": "наблюдение раньше начала съёмки Sentinel-2",
    "detail": ""
   }
  },
  {
   "type": "Feature",
   "id": "S2:MSM41_litter-T50",
   "geometry": {
    "type": "Polygon",
    "coordinates": [
     [
      [
       -60.96656,
       28.79144
      ],
      [
       -60.96656,
       28.79153
      ],
      [
       -60.96655,
       28.79162
      ],
      [
       -60.96652,
       28.7917
      ],
      [
       -60.96647,
       28.79178
      ],
      [
       -60.9664,
       28.79185
      ],
      [
       -60.96632,
       28.7919
      ],
      [
       -60.96623,
       28.79194
      ],
      [
       -60.96613,
       28.79196
      ],
      [
       -60.96603,
       28.79197
      ],
      [
       -60.96593,
       28.79195
      ],
      [
       -60.96584,
       28.79193
      ],
      [
       -60.96575,
       28.79188
      ],
      [
       -60.96568,
       28.79182
      ],
      [
       -60.96561,
       28.79175
      ],
      [
       -60.96557,
       28.79167
      ],
      [
       -60.96554,
       28.79159
      ],
      [
       -60.92496,
       28.57439
      ],
      [
       -60.92495,
       28.5743
      ],
      [
       -60.92497,
       28.57421
      ],
      [
       -60.925,
       28.57413
      ],
      [
       -60.92505,
       28.57405
      ],
      [
       -60.92512,
       28.57399
      ],
      [
       -60.9252,
       28.57393
      ],
      [
       -60.92529,
       28.5739
      ],
      [
       -60.92538,
       28.57387
      ],
      [
       -60.92548,
       28.57387
      ],
      [
       -60.92558,
       28.57388
      ],
      [
       -60.92568,
       28.57391
      ],
      [
       -60.92577,
       28.57395
      ],
      [
       -60.92584,
       28.57401
      ],
      [
       -60.9259,
       28.57408
      ],
      [
       -60.92595,
       28.57416
      ],
      [
       -60.92597,
       28.57424
      ],
      [
       -60.96656,
       28.79144
      ]
     ]
    ]
   },
   "properties": {
    "event_id": "S2:MSM41_litter-T50",
    "source_id": "S2_SARGASSO_MSM41",
    "target_keys": [
     "plastic-visual"
    ],
    "sample_ids": [
     "MPL-0417"
    ],
    "date": "2015-04-20",
    "time": "2015-04-20T18:26:00Z",
    "footprint_kind": "strip",
    "footprint_label": "полоса по концам трансекты",
    "footprint_radius_m": 50.0,
    "footprint_area_km2": 2.4552,
    "geometry_approximate": false,
    "candidates": 0,
    "candidate_passes": 0,
    "accepted": 0,
    "accepted_passes": 0,
    "best_scene_id": null,
    "best_platform": null,
    "best_sync": null,
    "best_shift_hours": null,
    "best_shift_days": null,
    "best_time_uncertainty_hours": null,
    "best_coverage_fraction": null,
    "decision": "rejected",
    "reason_code": "before_mission",
    "reason": "наблюдение раньше начала съёмки Sentinel-2",
    "detail": ""
   }
  },
  {
   "type": "Feature",
   "id": "S2:MSM41_litter-T51",
   "geometry": {
    "type": "Polygon",
    "coordinates": [
     [
      [
       -60.94829,
       30.12106
      ],
      [
       -60.94828,
       30.12115
      ],
      [
       -60.94826,
       30.12123
      ],
      [
       -60.94821,
       30.12131
      ],
      [
       -60.94815,
       30.12138
      ],
      [
       -60.94808,
       30.12144
      ],
      [
       -60.94799,
       30.12149
      ],
      [
       -60.9479,
       30.12152
      ],
      [
       -60.9478,
       30.12153
      ],
      [
       -60.94769,
       30.12153
      ],
      [
       -60.9476,
       30.12151
      ],
      [
       -60.9475,
       30.12147
      ],
      [
       -60.94742,
       30.12142
      ],
      [
       -60.94735,
       30.12135
      ],
      [
       -60.9473,
       30.12128
      ],
      [
       -60.94726,
       30.1212
      ],
      [
       -60.94725,
       30.12111
      ],
      [
       -60.93373,
       29.91229
      ],
      [
       -60.93374,
       29.9122
      ],
      [
       -60.93376,
       29.91212
      ],
      [
       -60.9338,
       29.91204
      ],
      [
       -60.93386,
       29.91197
      ],
      [
       -60.93394,
       29.91191
      ],
      [
       -60.93402,
       29.91186
      ],
      [
       -60.93412,
       29.91183
      ],
      [
       -60.93422,
       29.91182
      ],
      [
       -60.93432,
       29.91182
      ],
      [
       -60.93442,
       29.91184
      ],
      [
       -60.93451,
       29.91188
      ],
      [
       -60.9346,
       29.91193
      ],
      [
       -60.93466,
       29.912
      ],
      [
       -60.93472,
       29.91207
      ],
      [
       -60.93475,
       29.91215
      ],
      [
       -60.93477,
       29.91224
      ],
      [
       -60.94829,
       30.12106
      ]
     ]
    ]
   },
   "properties": {
    "event_id": "S2:MSM41_litter-T51",
    "source_id": "S2_SARGASSO_MSM41",
    "target_keys": [
     "plastic-visual"
    ],
    "sample_ids": [
     "MPL-0421"
    ],
    "date": "2015-04-21",
    "time": "2015-04-21T13:17:00Z",
    "footprint_kind": "strip",
    "footprint_label": "полоса по концам трансекты",
    "footprint_radius_m": 50.0,
    "footprint_area_km2": 2.3334,
    "geometry_approximate": false,
    "candidates": 0,
    "candidate_passes": 0,
    "accepted": 0,
    "accepted_passes": 0,
    "best_scene_id": null,
    "best_platform": null,
    "best_sync": null,
    "best_shift_hours": null,
    "best_shift_days": null,
    "best_time_uncertainty_hours": null,
    "best_coverage_fraction": null,
    "decision": "rejected",
    "reason_code": "before_mission",
    "reason": "наблюдение раньше начала съёмки Sentinel-2",
    "detail": ""
   }
  },
  {
   "type": "Feature",
   "id": "S2:MSM41_litter-T52",
   "geometry": {
    "type": "Polygon",
    "coordinates": [
     [
      [
       -60.97977,
       30.60036
      ],
      [
       -60.97977,
       30.60045
      ],
      [
       -60.97974,
       30.60053
      ],
      [
       -60.9797,
       30.60061
      ],
      [
       -60.97964,
       30.60068
      ],
      [
       -60.97956,
       30.60074
      ],
      [
       -60.97948,
       30.60079
      ],
      [
       -60.97938,
       30.60082
      ],
      [
       -60.97928,
       30.60083
      ],
      [
       -60.97918,
       30.60083
      ],
      [
       -60.97908,
       30.60081
      ],
      [
       -60.97898,
       30.60077
      ],
      [
       -60.9789,
       30.60072
      ],
      [
       -60.97883,
       30.60065
      ],
      [
       -60.97878,
       30.60058
      ],
      [
       -60.97874,
       30.6005
      ],
      [
       -60.97873,
       30.60041
      ],
      [
       -60.96535,
       30.39613
      ],
      [
       -60.96535,
       30.39604
      ],
      [
       -60.96537,
       30.39595
      ],
      [
       -60.96542,
       30.39587
      ],
      [
       -60.96548,
       30.3958
      ],
      [
       -60.96555,
       30.39574
      ],
      [
       -60.96564,
       30.39569
      ],
      [
       -60.96574,
       30.39566
      ],
      [
       -60.96584,
       30.39565
      ],
      [
       -60.96594,
       30.39565
      ],
      [
       -60.96604,
       30.39568
      ],
      [
       -60.96613,
       30.39571
      ],
      [
       -60.96621,
       30.39576
      ],
      [
       -60.96628,
       30.39583
      ],
      [
       -60.96634,
       30.3959
      ],
      [
       -60.96637,
       30.39599
      ],
      [
       -60.96639,
       30.39607
      ],
      [
       -60.97977,
       30.60036
      ]
     ]
    ]
   },
   "properties": {
    "event_id": "S2:MSM41_litter-T52",
    "source_id": "S2_SARGASSO_MSM41",
    "target_keys": [
     "plastic-visual"
    ],
    "sample_ids": [
     "MPL-0425"
    ],
    "date": "2015-04-21",
    "time": "2015-04-21T15:36:00Z",
    "footprint_kind": "strip",
    "footprint_label": "полоса по концам трансекты",
    "footprint_radius_m": 50.0,
    "footprint_area_km2": 2.2829,
    "geometry_approximate": false,
    "candidates": 0,
    "candidate_passes": 0,
    "accepted": 0,
    "accepted_passes": 0,
    "best_scene_id": null,
    "best_platform": null,
    "best_sync": null,
    "best_shift_hours": null,
    "best_shift_days": null,
    "best_time_uncertainty_hours": null,
    "best_coverage_fraction": null,
    "decision": "rejected",
    "reason_code": "before_mission",
    "reason": "наблюдение раньше начала съёмки Sentinel-2",
    "detail": ""
   }
  },
  {
   "type": "Feature",
   "id": "S2:MSM41_litter-T53",
   "geometry": {
    "type": "Polygon",
    "coordinates": [
     [
      [
       -59.69448,
       30.91547
      ],
      [
       -59.69438,
       30.91546
      ],
      [
       -59.69428,
       30.91544
      ],
      [
       -59.69418,
       30.9154
      ],
      [
       -59.6941,
       30.91535
      ],
      [
       -59.69403,
       30.91529
      ],
      [
       -59.69398,
       30.91521
      ],
      [
       -59.69394,
       30.91513
      ],
      [
       -59.69393,
       30.91504
      ],
      [
       -59.69393,
       30.91496
      ],
      [
       -59.69395,
       30.91487
      ],
      [
       -59.694,
       30.91479
      ],
      [
       -59.69406,
       30.91472
      ],
      [
       -59.69413,
       30.91466
      ],
      [
       -59.69422,
       30.91461
      ],
      [
       -59.69432,
       30.91458
      ],
      [
       -59.69442,
       30.91457
      ],
      [
       -59.9395,
       30.90225
      ],
      [
       -59.93961,
       30.90225
      ],
      [
       -59.9397,
       30.90228
      ],
      [
       -59.9398,
       30.90231
      ],
      [
       -59.93988,
       30.90236
      ],
      [
       -59.93995,
       30.90243
      ],
      [
       -59.94,
       30.9025
      ],
      [
       -59.94004,
       30.90259
      ],
      [
       -59.94006,
       30.90267
      ],
      [
       -59.94005,
       30.90276
      ],
      [
       -59.94003,
       30.90285
      ],
      [
       -59.93999,
       30.90293
      ],
      [
       -59.93992,
       30.903
      ],
      [
       -59.93985,
       30.90306
      ],
      [
       -59.93976,
       30.9031
      ],
      [
       -59.93967,
       30.90314
      ],
      [
       -59.93956,
       30.90315
      ],
      [
       -59.69448,
       30.91547
      ]
     ]
    ]
   },
   "properties": {
    "event_id": "S2:MSM41_litter-T53",
    "source_id": "S2_SARGASSO_MSM41",
    "target_keys": [
     "plastic-visual"
    ],
    "sample_ids": [
     "MPL-0430"
    ],
    "date": "2015-04-22",
    "time": "2015-04-22T08:32:00Z",
    "footprint_kind": "strip",
    "footprint_label": "полоса по концам трансекты",
    "footprint_radius_m": 50.0,
    "footprint_area_km2": 2.35,
    "geometry_approximate": false,
    "candidates": 0,
    "candidate_passes": 0,
    "accepted": 0,
    "accepted_passes": 0,
    "best_scene_id": null,
    "best_platform": null,
    "best_sync": null,
    "best_shift_hours": null,
    "best_shift_days": null,
    "best_time_uncertainty_hours": null,
    "best_coverage_fraction": null,
    "decision": "rejected",
    "reason_code": "before_mission",
    "reason": "наблюдение раньше начала съёмки Sentinel-2",
    "detail": ""
   }
  },
  {
   "type": "Feature",
   "id": "S2:MSM41_litter-T54",
   "geometry": {
    "type": "Polygon",
    "coordinates": [
     [
      [
       -59.30022,
       30.93818
      ],
      [
       -59.30012,
       30.93818
      ],
      [
       -59.30002,
       30.93816
      ],
      [
       -59.29993,
       30.93812
      ],
      [
       -59.29984,
       30.93807
      ],
      [
       -59.29977,
       30.93801
      ],
      [
       -59.29972,
       30.93794
      ],
      [
       -59.29968,
       30.93785
      ],
      [
       -59.29966,
       30.93777
      ],
      [
       -59.29966,
       30.93768
      ],
      [
       -59.29968,
       30.93759
      ],
      [
       -59.29973,
       30.93751
      ],
      [
       -59.29978,
       30.93744
      ],
      [
       -59.29986,
       30.93738
      ],
      [
       -59.29995,
       30.93733
      ],
      [
       -59.30004,
       30.9373
      ],
      [
       -59.30014,
       30.93728
      ],
      [
       -59.49098,
       30.92465
      ],
      [
       -59.49108,
       30.92465
      ],
      [
       -59.49118,
       30.92467
      ],
      [
       -59.49127,
       30.92471
      ],
      [
       -59.49136,
       30.92476
      ],
      [
       -59.49143,
       30.92482
      ],
      [
       -59.49148,
       30.9249
      ],
      [
       -59.49152,
       30.92498
      ],
      [
       -59.49154,
       30.92507
      ],
      [
       -59.49154,
       30.92515
      ],
      [
       -59.49152,
       30.92524
      ],
      [
       -59.49147,
       30.92532
      ],
      [
       -59.49142,
       30.92539
      ],
      [
       -59.49134,
       30.92545
      ],
      [
       -59.49125,
       30.9255
      ],
      [
       -59.49116,
       30.92553
      ],
      [
       -59.49106,
       30.92555
      ],
      [
       -59.30022,
       30.93818
      ]
     ]
    ]
   },
   "properties": {
    "event_id": "S2:MSM41_litter-T54",
    "source_id": "S2_SARGASSO_MSM41",
    "target_keys": [
     "plastic-visual"
    ],
    "sample_ids": [
     "MPL-0443"
    ],
    "date": "2015-04-22",
    "time": "2015-04-22T10:32:00Z",
    "footprint_kind": "strip",
    "footprint_label": "полоса по концам трансекты",
    "footprint_radius_m": 50.0,
    "footprint_area_km2": 1.8334,
    "geometry_approximate": false,
    "candidates": 0,
    "candidate_passes": 0,
    "accepted": 0,
    "accepted_passes": 0,
    "best_scene_id": null,
    "best_platform": null,
    "best_sync": null,
    "best_shift_hours": null,
    "best_shift_days": null,
    "best_time_uncertainty_hours": null,
    "best_coverage_fraction": null,
    "decision": "rejected",
    "reason_code": "before_mission",
    "reason": "наблюдение раньше начала съёмки Sentinel-2",
    "detail": ""
   }
  },
  {
   "type": "Feature",
   "id": "S2:MSM41_litter-T55",
   "geometry": {
    "type": "Polygon",
    "coordinates": [
     [
      [
       -58.93285,
       30.95277
      ],
      [
       -58.93274,
       30.95276
      ],
      [
       -58.93264,
       30.95274
      ],
      [
       -58.93255,
       30.9527
      ],
      [
       -58.93247,
       30.95265
      ],
      [
       -58.9324,
       30.95259
      ],
      [
       -58.93234,
       30.95251
      ],
      [
       -58.93231,
       30.95243
      ],
      [
       -58.93229,
       30.95234
      ],
      [
       -58.9323,
       30.95225
      ],
      [
       -58.93232,
       30.95217
      ],
      [
       -58.93237,
       30.95209
      ],
      [
       -58.93243,
       30.95202
      ],
      [
       -58.9325,
       30.95196
      ],
      [
       -58.93259,
       30.95191
      ],
      [
       -58.93269,
       30.95188
      ],
      [
       -58.93279,
       30.95187
      ],
      [
       -59.10704,
       30.94337
      ],
      [
       -59.10714,
       30.94337
      ],
      [
       -59.10724,
       30.94339
      ],
      [
       -59.10733,
       30.94343
      ],
      [
       -59.10742,
       30.94348
      ],
      [
       -59.10749,
       30.94355
      ],
      [
       -59.10754,
       30.94362
      ],
      [
       -59.10757,
       30.9437
      ],
      [
       -59.10759,
       30.94379
      ],
      [
       -59.10759,
       30.94388
      ],
      [
       -59.10756,
       30.94397
      ],
      [
       -59.10752,
       30.94405
      ],
      [
       -59.10746,
       30.94412
      ],
      [
       -59.10738,
       30.94418
      ],
      [
       -59.10729,
       30.94422
      ],
      [
       -59.1072,
       30.94425
      ],
      [
       -59.1071,
       30.94427
      ],
      [
       -58.93285,
       30.95277
      ]
     ]
    ]
   },
   "properties": {
    "event_id": "S2:MSM41_litter-T55",
    "source_id": "S2_SARGASSO_MSM41",
    "target_keys": [
     "plastic-visual"
    ],
    "sample_ids": [
     "MPL-0455"
    ],
    "date": "2015-04-22",
    "time": "2015-04-22T12:29:00Z",
    "footprint_kind": "strip",
    "footprint_label": "полоса по концам трансекты",
    "footprint_radius_m": 50.0,
    "footprint_area_km2": 1.6722,
    "geometry_approximate": false,
    "candidates": 0,
    "candidate_passes": 0,
    "accepted": 0,
    "accepted_passes": 0,
    "best_scene_id": null,
    "best_platform": null,
    "best_sync": null,
    "best_shift_hours": null,
    "best_shift_days": null,
    "best_time_uncertainty_hours": null,
    "best_coverage_fraction": null,
    "decision": "rejected",
    "reason_code": "before_mission",
    "reason": "наблюдение раньше начала съёмки Sentinel-2",
    "detail": ""
   }
  },
  {
   "type": "Feature",
   "id": "S2:MSM41_litter-T56",
   "geometry": {
    "type": "Polygon",
    "coordinates": [
     [
      [
       -58.42428,
       30.97782
      ],
      [
       -58.42418,
       30.97781
      ],
      [
       -58.42408,
       30.97779
      ],
      [
       -58.42399,
       30.97776
      ],
      [
       -58.4239,
       30.9777
      ],
      [
       -58.42383,
       30.97764
      ],
      [
       -58.42378,
       30.97756
      ],
      [
       -58.42374,
       30.97748
      ],
      [
       -58.42373,
       30.97739
      ],
      [
       -58.42373,
       30.97731
      ],
      [
       -58.42375,
       30.97722
      ],
      [
       -58.4238,
       30.97714
      ],
      [
       -58.42386,
       30.97707
      ],
      [
       -58.42393,
       30.97701
      ],
      [
       -58.42402,
       30.97696
      ],
      [
       -58.42412,
       30.97693
      ],
      [
       -58.42422,
       30.97692
      ],
      [
       -58.52545,
       30.97163
      ],
      [
       -58.52555,
       30.97164
      ],
      [
       -58.52565,
       30.97166
      ],
      [
       -58.52575,
       30.97169
      ],
      [
       -58.52583,
       30.97175
      ],
      [
       -58.5259,
       30.97181
      ],
      [
       -58.52595,
       30.97189
      ],
      [
       -58.52599,
       30.97197
      ],
      [
       -58.52601,
       30.97206
      ],
      [
       -58.526,
       30.97214
      ],
      [
       -58.52598,
       30.97223
      ],
      [
       -58.52594,
       30.97231
      ],
      [
       -58.52588,
       30.97238
      ],
      [
       -58.5258,
       30.97244
      ],
      [
       -58.52571,
       30.97249
      ],
      [
       -58.52562,
       30.97252
      ],
      [
       -58.52551,
       30.97253
      ],
      [
       -58.42428,
       30.97782
      ]
     ]
    ]
   },
   "properties": {
    "event_id": "S2:MSM41_litter-T56",
    "source_id": "S2_SARGASSO_MSM41",
    "target_keys": [
     "plastic-visual"
    ],
    "sample_ids": [
     "MPL-0460"
    ],
    "date": "2015-04-22",
    "time": "2015-04-22T15:21:00Z",
    "footprint_kind": "strip",
    "footprint_label": "полоса по концам трансекты",
    "footprint_radius_m": 50.0,
    "footprint_area_km2": 0.9747,
    "geometry_approximate": false,
    "candidates": 0,
    "candidate_passes": 0,
    "accepted": 0,
    "accepted_passes": 0,
    "best_scene_id": null,
    "best_platform": null,
    "best_sync": null,
    "best_shift_hours": null,
    "best_shift_days": null,
    "best_time_uncertainty_hours": null,
    "best_coverage_fraction": null,
    "decision": "rejected",
    "reason_code": "before_mission",
    "reason": "наблюдение раньше начала съёмки Sentinel-2",
    "detail": ""
   }
  },
  {
   "type": "Feature",
   "id": "S2:MSM41_litter-T57",
   "geometry": {
    "type": "Polygon",
    "coordinates": [
     [
      [
       -58.10492,
       29.66879
      ],
      [
       -58.10492,
       29.6687
      ],
      [
       -58.10493,
       29.66862
      ],
      [
       -58.10497,
       29.66853
      ],
      [
       -58.10502,
       29.66846
      ],
      [
       -58.10509,
       29.66839
      ],
      [
       -58.10518,
       29.66834
      ],
      [
       -58.10527,
       29.66831
      ],
      [
       -58.10537,
       29.66829
      ],
      [
       -58.10547,
       29.66828
      ],
      [
       -58.10557,
       29.6683
      ],
      [
       -58.10566,
       29.66833
      ],
      [
       -58.10575,
       29.66838
      ],
      [
       -58.10582,
       29.66844
      ],
      [
       -58.10588,
       29.66851
      ],
      [
       -58.10592,
       29.66859
      ],
      [
       -58.10595,
       29.66868
      ],
      [
       -58.13825,
       29.88599
      ],
      [
       -58.13825,
       29.88608
      ],
      [
       -58.13823,
       29.88617
      ],
      [
       -58.1382,
       29.88625
      ],
      [
       -58.13814,
       29.88632
      ],
      [
       -58.13807,
       29.88639
      ],
      [
       -58.13799,
       29.88644
      ],
      [
       -58.1379,
       29.88648
      ],
      [
       -58.1378,
       29.8865
      ],
      [
       -58.1377,
       29.8865
      ],
      [
       -58.1376,
       29.88648
      ],
      [
       -58.1375,
       29.88645
      ],
      [
       -58.13742,
       29.88641
      ],
      [
       -58.13734,
       29.88635
      ],
      [
       -58.13728,
       29.88627
      ],
      [
       -58.13724,
       29.88619
      ],
      [
       -58.13722,
       29.88611
      ],
      [
       -58.10492,
       29.66879
      ]
     ]
    ]
   },
   "properties": {
    "event_id": "S2:MSM41_litter-T57",
    "source_id": "S2_SARGASSO_MSM41",
    "target_keys": [
     "plastic-visual"
    ],
    "sample_ids": [
     "MPL-0484"
    ],
    "date": "2015-04-23",
    "time": "2015-04-23T15:25:30Z",
    "footprint_kind": "strip",
    "footprint_label": "полоса по концам трансекты",
    "footprint_radius_m": 50.0,
    "footprint_area_km2": 2.4443,
    "geometry_approximate": false,
    "candidates": 0,
    "candidate_passes": 0,
    "accepted": 0,
    "accepted_passes": 0,
    "best_scene_id": null,
    "best_platform": null,
    "best_sync": null,
    "best_shift_hours": null,
    "best_shift_days": null,
    "best_time_uncertainty_hours": null,
    "best_coverage_fraction": null,
    "decision": "rejected",
    "reason_code": "before_mission",
    "reason": "наблюдение раньше начала съёмки Sentinel-2",
    "detail": ""
   }
  },
  {
   "type": "Feature",
   "id": "S2:MSM41_litter-T58",
   "geometry": {
    "type": "Polygon",
    "coordinates": [
     [
      [
       -58.00969,
       29.03107
      ],
      [
       -58.00969,
       29.03099
      ],
      [
       -58.0097,
       29.0309
      ],
      [
       -58.00974,
       29.03082
      ],
      [
       -58.00979,
       29.03074
      ],
      [
       -58.00986,
       29.03068
      ],
      [
       -58.00994,
       29.03063
      ],
      [
       -58.01004,
       29.03059
      ],
      [
       -58.01013,
       29.03057
      ],
      [
       -58.01023,
       29.03057
      ],
      [
       -58.01033,
       29.03058
      ],
      [
       -58.01043,
       29.03061
      ],
      [
       -58.01051,
       29.03066
      ],
      [
       -58.01059,
       29.03072
      ],
      [
       -58.01065,
       29.03079
      ],
      [
       -58.01069,
       29.03087
      ],
      [
       -58.01071,
       29.03096
      ],
      [
       -58.04353,
       29.25136
      ],
      [
       -58.04353,
       29.25145
      ],
      [
       -58.04351,
       29.25153
      ],
      [
       -58.04348,
       29.25162
      ],
      [
       -58.04342,
       29.25169
      ],
      [
       -58.04336,
       29.25176
      ],
      [
       -58.04327,
       29.25181
      ],
      [
       -58.04318,
       29.25184
      ],
      [
       -58.04308,
       29.25186
      ],
      [
       -58.04298,
       29.25187
      ],
      [
       -58.04288,
       29.25185
      ],
      [
       -58.04279,
       29.25182
      ],
      [
       -58.0427,
       29.25177
      ],
      [
       -58.04263,
       29.25171
      ],
      [
       -58.04257,
       29.25164
      ],
      [
       -58.04253,
       29.25156
      ],
      [
       -58.04251,
       29.25147
      ],
      [
       -58.00969,
       29.03107
      ]
     ]
    ]
   },
   "properties": {
    "event_id": "S2:MSM41_litter-T58",
    "source_id": "S2_SARGASSO_MSM41",
    "target_keys": [
     "plastic-visual"
    ],
    "sample_ids": [
     "MPL-0472"
    ],
    "date": "2015-04-23",
    "time": "2015-04-23T18:22:00Z",
    "footprint_kind": "strip",
    "footprint_label": "полоса по концам трансекты",
    "footprint_radius_m": 50.0,
    "footprint_area_km2": 2.4792,
    "geometry_approximate": false,
    "candidates": 0,
    "candidate_passes": 0,
    "accepted": 0,
    "accepted_passes": 0,
    "best_scene_id": null,
    "best_platform": null,
    "best_sync": null,
    "best_shift_hours": null,
    "best_shift_days": null,
    "best_time_uncertainty_hours": null,
    "best_coverage_fraction": null,
    "decision": "rejected",
    "reason_code": "before_mission",
    "reason": "наблюдение раньше начала съёмки Sentinel-2",
    "detail": ""
   }
  },
  {
   "type": "Feature",
   "id": "S2:MSM41_litter-T59",
   "geometry": {
    "type": "Polygon",
    "coordinates": [
     [
      [
       -58.1237,
       27.73526
      ],
      [
       -58.12369,
       27.73518
      ],
      [
       -58.12371,
       27.73509
      ],
      [
       -58.12374,
       27.73501
      ],
      [
       -58.12379,
       27.73493
      ],
      [
       -58.12386,
       27.73487
      ],
      [
       -58.12394,
       27.73481
      ],
      [
       -58.12403,
       27.73478
      ],
      [
       -58.12413,
       27.73475
      ],
      [
       -58.12423,
       27.73475
      ],
      [
       -58.12433,
       27.73476
      ],
      [
       -58.12442,
       27.73479
      ],
      [
       -58.12451,
       27.73484
      ],
      [
       -58.12458,
       27.7349
      ],
      [
       -58.12464,
       27.73497
      ],
      [
       -58.12468,
       27.73505
      ],
      [
       -58.1247,
       27.73514
      ],
      [
       -58.15989,
       27.95349
      ],
      [
       -58.15989,
       27.95357
      ],
      [
       -58.15988,
       27.95366
      ],
      [
       -58.15984,
       27.95374
      ],
      [
       -58.15979,
       27.95382
      ],
      [
       -58.15972,
       27.95388
      ],
      [
       -58.15964,
       27.95394
      ],
      [
       -58.15955,
       27.95397
      ],
      [
       -58.15945,
       27.954
      ],
      [
       -58.15936,
       27.954
      ],
      [
       -58.15926,
       27.95399
      ],
      [
       -58.15916,
       27.95396
      ],
      [
       -58.15908,
       27.95391
      ],
      [
       -58.159,
       27.95385
      ],
      [
       -58.15895,
       27.95378
      ],
      [
       -58.1589,
       27.9537
      ],
      [
       -58.15888,
       27.95361
      ],
      [
       -58.1237,
       27.73526
      ]
     ]
    ]
   },
   "properties": {
    "event_id": "S2:MSM41_litter-T59",
    "source_id": "S2_SARGASSO_MSM41",
    "target_keys": [
     "plastic-visual"
    ],
    "sample_ids": [
     "MPL-0499"
    ],
    "date": "2015-04-24",
    "time": "2015-04-24T12:29:30Z",
    "footprint_kind": "strip",
    "footprint_label": "полоса по концам трансекты",
    "footprint_radius_m": 50.0,
    "footprint_area_km2": 2.4603,
    "geometry_approximate": false,
    "candidates": 0,
    "candidate_passes": 0,
    "accepted": 0,
    "accepted_passes": 0,
    "best_scene_id": null,
    "best_platform": null,
    "best_sync": null,
    "best_shift_hours": null,
    "best_shift_days": null,
    "best_time_uncertainty_hours": null,
    "best_coverage_fraction": null,
    "decision": "rejected",
    "reason_code": "before_mission",
    "reason": "наблюдение раньше начала съёмки Sentinel-2",
    "detail": ""
   }
  },
  {
   "type": "Feature",
   "id": "S2:MSM41_litter-T6",
   "geometry": {
    "type": "Polygon",
    "coordinates": [
     [
      [
       -69.89629,
       29.73978
      ],
      [
       -69.89631,
       29.73969
      ],
      [
       -69.89635,
       29.73961
      ],
      [
       -69.89641,
       29.73954
      ],
      [
       -69.89648,
       29.73948
      ],
      [
       -69.89657,
       29.73943
      ],
      [
       -69.89666,
       29.7394
      ],
      [
       -69.89676,
       29.73938
      ],
      [
       -69.89687,
       29.73939
      ],
      [
       -69.89696,
       29.73941
      ],
      [
       -69.89706,
       29.73944
      ],
      [
       -69.89714,
       29.73949
      ],
      [
       -69.89721,
       29.73956
      ],
      [
       -69.89726,
       29.73963
      ],
      [
       -69.8973,
       29.73972
      ],
      [
       -69.89732,
       29.7398
      ],
      [
       -69.89731,
       29.73989
      ],
      [
       -69.8656,
       29.95469
      ],
      [
       -69.86557,
       29.95478
      ],
      [
       -69.86553,
       29.95486
      ],
      [
       -69.86547,
       29.95493
      ],
      [
       -69.8654,
       29.95499
      ],
      [
       -69.86531,
       29.95504
      ],
      [
       -69.86522,
       29.95507
      ],
      [
       -69.86512,
       29.95508
      ],
      [
       -69.86502,
       29.95508
      ],
      [
       -69.86492,
       29.95506
      ],
      [
       -69.86483,
       29.95502
      ],
      [
       -69.86474,
       29.95497
      ],
      [
       -69.86467,
       29.95491
      ],
      [
       -69.86462,
       29.95483
      ],
      [
       -69.86458,
       29.95475
      ],
      [
       -69.86457,
       29.95466
      ],
      [
       -69.86457,
       29.95458
      ],
      [
       -69.89629,
       29.73978
      ]
     ]
    ]
   },
   "properties": {
    "event_id": "S2:MSM41_litter-T6",
    "source_id": "S2_SARGASSO_MSM41",
    "target_keys": [
     "plastic-visual"
    ],
    "sample_ids": [
     "MPL-0226"
    ],
    "date": "2015-04-03",
    "time": "2015-04-03T08:43:00Z",
    "footprint_kind": "strip",
    "footprint_label": "полоса по концам трансекты",
    "footprint_radius_m": 50.0,
    "footprint_area_km2": 2.4158,
    "geometry_approximate": false,
    "candidates": 0,
    "candidate_passes": 0,
    "accepted": 0,
    "accepted_passes": 0,
    "best_scene_id": null,
    "best_platform": null,
    "best_sync": null,
    "best_shift_hours": null,
    "best_shift_days": null,
    "best_time_uncertainty_hours": null,
    "best_coverage_fraction": null,
    "decision": "rejected",
    "reason_code": "before_mission",
    "reason": "наблюдение раньше начала съёмки Sentinel-2",
    "detail": ""
   }
  },
  {
   "type": "Feature",
   "id": "S2:MSM41_litter-T60",
   "geometry": {
    "type": "Polygon",
    "coordinates": [
     [
      [
       -58.0545,
       27.29228
      ],
      [
       -58.05449,
       27.29219
      ],
      [
       -58.05451,
       27.29211
      ],
      [
       -58.05454,
       27.29202
      ],
      [
       -58.05459,
       27.29195
      ],
      [
       -58.05466,
       27.29188
      ],
      [
       -58.05474,
       27.29183
      ],
      [
       -58.05483,
       27.29179
      ],
      [
       -58.05493,
       27.29177
      ],
      [
       -58.05503,
       27.29177
      ],
      [
       -58.05512,
       27.29178
      ],
      [
       -58.05522,
       27.29181
      ],
      [
       -58.0553,
       27.29186
      ],
      [
       -58.05538,
       27.29192
      ],
      [
       -58.05544,
       27.29199
      ],
      [
       -58.05548,
       27.29207
      ],
      [
       -58.0555,
       27.29215
      ],
      [
       -58.09022,
       27.50442
      ],
      [
       -58.09022,
       27.50451
      ],
      [
       -58.09021,
       27.50459
      ],
      [
       -58.09017,
       27.50468
      ],
      [
       -58.09012,
       27.50475
      ],
      [
       -58.09006,
       27.50482
      ],
      [
       -58.08998,
       27.50487
      ],
      [
       -58.08989,
       27.50491
      ],
      [
       -58.08979,
       27.50493
      ],
      [
       -58.08969,
       27.50493
      ],
      [
       -58.08959,
       27.50492
      ],
      [
       -58.0895,
       27.50489
      ],
      [
       -58.08941,
       27.50484
      ],
      [
       -58.08934,
       27.50478
      ],
      [
       -58.08928,
       27.50471
      ],
      [
       -58.08924,
       27.50463
      ],
      [
       -58.08922,
       27.50455
      ],
      [
       -58.0545,
       27.29228
      ]
     ]
    ]
   },
   "properties": {
    "event_id": "S2:MSM41_litter-T60",
    "source_id": "S2_SARGASSO_MSM41",
    "target_keys": [
     "plastic-visual"
    ],
    "sample_ids": [
     "MPL-0494"
    ],
    "date": "2015-04-24",
    "time": "2015-04-24T16:03:00Z",
    "footprint_kind": "strip",
    "footprint_label": "полоса по концам трансекты",
    "footprint_radius_m": 50.0,
    "footprint_area_km2": 2.3929,
    "geometry_approximate": false,
    "candidates": 0,
    "candidate_passes": 0,
    "accepted": 0,
    "accepted_passes": 0,
    "best_scene_id": null,
    "best_platform": null,
    "best_sync": null,
    "best_shift_hours": null,
    "best_shift_days": null,
    "best_time_uncertainty_hours": null,
    "best_coverage_fraction": null,
    "decision": "rejected",
    "reason_code": "before_mission",
    "reason": "наблюдение раньше начала съёмки Sentinel-2",
    "detail": ""
   }
  },
  {
   "type": "Feature",
   "id": "S2:MSM41_litter-T61",
   "geometry": {
    "type": "Polygon",
    "coordinates": [
     [
      [
       -58.06869,
       25.72187
      ],
      [
       -58.06869,
       25.72178
      ],
      [
       -58.06871,
       25.72169
      ],
      [
       -58.06875,
       25.72161
      ],
      [
       -58.0688,
       25.72154
      ],
      [
       -58.06887,
       25.72148
      ],
      [
       -58.06896,
       25.72143
      ],
      [
       -58.06905,
       25.7214
      ],
      [
       -58.06914,
       25.72138
      ],
      [
       -58.06924,
       25.72139
      ],
      [
       -58.06934,
       25.72141
      ],
      [
       -58.06943,
       25.72144
      ],
      [
       -58.06951,
       25.72149
      ],
      [
       -58.06957,
       25.72155
      ],
      [
       -58.06963,
       25.72163
      ],
      [
       -58.06966,
       25.72171
      ],
      [
       -58.06968,
       25.7218
      ],
      [
       -58.08808,
       25.9288
      ],
      [
       -58.08808,
       25.92889
      ],
      [
       -58.08806,
       25.92897
      ],
      [
       -58.08802,
       25.92905
      ],
      [
       -58.08796,
       25.92912
      ],
      [
       -58.08789,
       25.92919
      ],
      [
       -58.08781,
       25.92923
      ],
      [
       -58.08772,
       25.92927
      ],
      [
       -58.08762,
       25.92928
      ],
      [
       -58.08752,
       25.92928
      ],
      [
       -58.08743,
       25.92926
      ],
      [
       -58.08734,
       25.92923
      ],
      [
       -58.08726,
       25.92918
      ],
      [
       -58.08719,
       25.92911
      ],
      [
       -58.08714,
       25.92904
      ],
      [
       -58.0871,
       25.92896
      ],
      [
       -58.08709,
       25.92887
      ],
      [
       -58.06869,
       25.72187
      ]
     ]
    ]
   },
   "properties": {
    "event_id": "S2:MSM41_litter-T61",
    "source_id": "S2_SARGASSO_MSM41",
    "target_keys": [
     "plastic-visual"
    ],
    "sample_ids": [
     "MPL-0507"
    ],
    "date": "2015-04-25",
    "time": "2015-04-25T10:46:00Z",
    "footprint_kind": "strip",
    "footprint_label": "полоса по концам трансекты",
    "footprint_radius_m": 50.0,
    "footprint_area_km2": 2.3169,
    "geometry_approximate": false,
    "candidates": 0,
    "candidate_passes": 0,
    "accepted": 0,
    "accepted_passes": 0,
    "best_scene_id": null,
    "best_platform": null,
    "best_sync": null,
    "best_shift_hours": null,
    "best_shift_days": null,
    "best_time_uncertainty_hours": null,
    "best_coverage_fraction": null,
    "decision": "rejected",
    "reason_code": "before_mission",
    "reason": "наблюдение раньше начала съёмки Sentinel-2",
    "detail": ""
   }
  },
  {
   "type": "Feature",
   "id": "S2:MSM41_litter-T62",
   "geometry": {
    "type": "Polygon",
    "coordinates": [
     [
      [
       -58.03175,
       25.30535
      ],
      [
       -58.03176,
       25.30526
      ],
      [
       -58.03178,
       25.30517
      ],
      [
       -58.03182,
       25.30509
      ],
      [
       -58.03188,
       25.30502
      ],
      [
       -58.03195,
       25.30496
      ],
      [
       -58.03203,
       25.30491
      ],
      [
       -58.03212,
       25.30488
      ],
      [
       -58.03222,
       25.30487
      ],
      [
       -58.03232,
       25.30487
      ],
      [
       -58.03241,
       25.30489
      ],
      [
       -58.0325,
       25.30493
      ],
      [
       -58.03258,
       25.30498
      ],
      [
       -58.03265,
       25.30504
      ],
      [
       -58.0327,
       25.30512
      ],
      [
       -58.03273,
       25.3052
      ],
      [
       -58.03275,
       25.30529
      ],
      [
       -58.04771,
       25.51932
      ],
      [
       -58.04771,
       25.51941
      ],
      [
       -58.04769,
       25.5195
      ],
      [
       -58.04765,
       25.51958
      ],
      [
       -58.04759,
       25.51965
      ],
      [
       -58.04752,
       25.51971
      ],
      [
       -58.04744,
       25.51975
      ],
      [
       -58.04734,
       25.51978
      ],
      [
       -58.04725,
       25.5198
      ],
      [
       -58.04715,
       25.5198
      ],
      [
       -58.04706,
       25.51978
      ],
      [
       -58.04697,
       25.51974
      ],
      [
       -58.04689,
       25.51969
      ],
      [
       -58.04682,
       25.51962
      ],
      [
       -58.04677,
       25.51955
      ],
      [
       -58.04674,
       25.51947
      ],
      [
       -58.04672,
       25.51938
      ],
      [
       -58.03175,
       25.30535
      ]
     ]
    ]
   },
   "properties": {
    "event_id": "S2:MSM41_litter-T62",
    "source_id": "S2_SARGASSO_MSM41",
    "target_keys": [
     "plastic-visual"
    ],
    "sample_ids": [
     "MPL-0504"
    ],
    "date": "2015-04-25",
    "time": "2015-04-25T12:44:00Z",
    "footprint_kind": "strip",
    "footprint_label": "полоса по концам трансекты",
    "footprint_radius_m": 50.0,
    "footprint_area_km2": 2.3925,
    "geometry_approximate": false,
    "candidates": 0,
    "candidate_passes": 0,
    "accepted": 0,
    "accepted_passes": 0,
    "best_scene_id": null,
    "best_platform": null,
    "best_sync": null,
    "best_shift_hours": null,
    "best_shift_days": null,
    "best_time_uncertainty_hours": null,
    "best_coverage_fraction": null,
    "decision": "rejected",
    "reason_code": "before_mission",
    "reason": "наблюдение раньше начала съёмки Sentinel-2",
    "detail": ""
   }
  },
  {
   "type": "Feature",
   "id": "S2:MSM41_litter-T63",
   "geometry": {
    "type": "Polygon",
    "coordinates": [
     [
      [
       -58.07231,
       23.70487
      ],
      [
       -58.07231,
       23.70478
      ],
      [
       -58.07233,
       23.7047
      ],
      [
       -58.07237,
       23.70462
      ],
      [
       -58.07242,
       23.70454
      ],
      [
       -58.07249,
       23.70448
      ],
      [
       -58.07257,
       23.70443
      ],
      [
       -58.07266,
       23.7044
      ],
      [
       -58.07276,
       23.70439
      ],
      [
       -58.07285,
       23.70439
      ],
      [
       -58.07295,
       23.7044
      ],
      [
       -58.07304,
       23.70444
      ],
      [
       -58.07312,
       23.70449
      ],
      [
       -58.07318,
       23.70455
      ],
      [
       -58.07324,
       23.70463
      ],
      [
       -58.07327,
       23.70471
      ],
      [
       -58.07329,
       23.70479
      ],
      [
       -58.08754,
       23.85383
      ],
      [
       -58.08754,
       23.85392
      ],
      [
       -58.08752,
       23.854
      ],
      [
       -58.08748,
       23.85408
      ],
      [
       -58.08743,
       23.85416
      ],
      [
       -58.08736,
       23.85422
      ],
      [
       -58.08728,
       23.85427
      ],
      [
       -58.08719,
       23.8543
      ],
      [
       -58.08709,
       23.85431
      ],
      [
       -58.087,
       23.85431
      ],
      [
       -58.0869,
       23.8543
      ],
      [
       -58.08681,
       23.85426
      ],
      [
       -58.08673,
       23.85421
      ],
      [
       -58.08667,
       23.85415
      ],
      [
       -58.08661,
       23.85407
      ],
      [
       -58.08658,
       23.85399
      ],
      [
       -58.08656,
       23.85391
      ],
      [
       -58.07231,
       23.70487
      ]
     ]
    ]
   },
   "properties": {
    "event_id": "S2:MSM41_litter-T63",
    "source_id": "S2_SARGASSO_MSM41",
    "target_keys": [
     "plastic-visual"
    ],
    "sample_ids": [
     "MPL-0523"
    ],
    "date": "2015-04-26",
    "time": "2015-04-26T10:40:00Z",
    "footprint_kind": "strip",
    "footprint_label": "полоса по концам трансекты",
    "footprint_radius_m": 50.0,
    "footprint_area_km2": 1.6713,
    "geometry_approximate": false,
    "candidates": 0,
    "candidate_passes": 0,
    "accepted": 0,
    "accepted_passes": 0,
    "best_scene_id": null,
    "best_platform": null,
    "best_sync": null,
    "best_shift_hours": null,
    "best_shift_days": null,
    "best_time_uncertainty_hours": null,
    "best_coverage_fraction": null,
    "decision": "rejected",
    "reason_code": "before_mission",
    "reason": "наблюдение раньше начала съёмки Sentinel-2",
    "detail": ""
   }
  },
  {
   "type": "Feature",
   "id": "S2:MSM41_litter-T64",
   "geometry": {
    "type": "Polygon",
    "coordinates": [
     [
      [
       -58.03604,
       23.33551
      ],
      [
       -58.03605,
       23.33542
      ],
      [
       -58.03607,
       23.33533
      ],
      [
       -58.0361,
       23.33525
      ],
      [
       -58.03616,
       23.33518
      ],
      [
       -58.03623,
       23.33512
      ],
      [
       -58.03631,
       23.33507
      ],
      [
       -58.03639,
       23.33504
      ],
      [
       -58.03649,
       23.33502
      ],
      [
       -58.03659,
       23.33502
      ],
      [
       -58.03668,
       23.33504
      ],
      [
       -58.03677,
       23.33507
      ],
      [
       -58.03685,
       23.33512
      ],
      [
       -58.03691,
       23.33518
      ],
      [
       -58.03697,
       23.33526
      ],
      [
       -58.037,
       23.33534
      ],
      [
       -58.03702,
       23.33543
      ],
      [
       -58.05132,
       23.48096
      ],
      [
       -58.05132,
       23.48105
      ],
      [
       -58.0513,
       23.48113
      ],
      [
       -58.05126,
       23.48122
      ],
      [
       -58.05121,
       23.48129
      ],
      [
       -58.05114,
       23.48135
      ],
      [
       -58.05106,
       23.4814
      ],
      [
       -58.05097,
       23.48143
      ],
      [
       -58.05088,
       23.48145
      ],
      [
       -58.05078,
       23.48145
      ],
      [
       -58.05069,
       23.48143
      ],
      [
       -58.0506,
       23.48139
      ],
      [
       -58.05052,
       23.48135
      ],
      [
       -58.05045,
       23.48128
      ],
      [
       -58.0504,
       23.48121
      ],
      [
       -58.05036,
       23.48113
      ],
      [
       -58.05034,
       23.48104
      ],
      [
       -58.03604,
       23.33551
      ]
     ]
    ]
   },
   "properties": {
    "event_id": "S2:MSM41_litter-T64",
    "source_id": "S2_SARGASSO_MSM41",
    "target_keys": [
     "plastic-visual"
    ],
    "sample_ids": [
     "MPL-0518"
    ],
    "date": "2015-04-26",
    "time": "2015-04-26T13:13:00Z",
    "footprint_kind": "strip",
    "footprint_label": "полоса по концам трансекты",
    "footprint_radius_m": 50.0,
    "footprint_area_km2": 1.6326,
    "geometry_approximate": false,
    "candidates": 0,
    "candidate_passes": 0,
    "accepted": 0,
    "accepted_passes": 0,
    "best_scene_id": null,
    "best_platform": null,
    "best_sync": null,
    "best_shift_hours": null,
    "best_shift_days": null,
    "best_time_uncertainty_hours": null,
    "best_coverage_fraction": null,
    "decision": "rejected",
    "reason_code": "before_mission",
    "reason": "наблюдение раньше начала съёмки Sentinel-2",
    "detail": ""
   }
  },
  {
   "type": "Feature",
   "id": "S2:MSM41_litter-T65",
   "geometry": {
    "type": "Polygon",
    "coordinates": [
     [
      [
       -58.0037,
       23.02898
      ],
      [
       -58.0037,
       23.02889
      ],
      [
       -58.00372,
       23.0288
      ],
      [
       -58.00375,
       23.02872
      ],
      [
       -58.00381,
       23.02865
      ],
      [
       -58.00387,
       23.02858
      ],
      [
       -58.00395,
       23.02854
      ],
      [
       -58.00404,
       23.0285
      ],
      [
       -58.00414,
       23.02849
      ],
      [
       -58.00423,
       23.02849
      ],
      [
       -58.00433,
       23.0285
      ],
      [
       -58.00441,
       23.02854
      ],
      [
       -58.00449,
       23.02859
      ],
      [
       -58.00456,
       23.02865
      ],
      [
       -58.00461,
       23.02872
      ],
      [
       -58.00465,
       23.0288
      ],
      [
       -58.00467,
       23.02889
      ],
      [
       -58.01985,
       23.17496
      ],
      [
       -58.01985,
       23.17505
      ],
      [
       -58.01983,
       23.17513
      ],
      [
       -58.0198,
       23.17521
      ],
      [
       -58.01974,
       23.17529
      ],
      [
       -58.01968,
       23.17535
      ],
      [
       -58.0196,
       23.1754
      ],
      [
       -58.01951,
       23.17543
      ],
      [
       -58.01941,
       23.17545
      ],
      [
       -58.01932,
       23.17545
      ],
      [
       -58.01922,
       23.17543
      ],
      [
       -58.01914,
       23.1754
      ],
      [
       -58.01906,
       23.17535
      ],
      [
       -58.01899,
       23.17528
      ],
      [
       -58.01894,
       23.17521
      ],
      [
       -58.0189,
       23.17513
      ],
      [
       -58.01888,
       23.17504
      ],
      [
       -58.0037,
       23.02898
      ]
     ]
    ]
   },
   "properties": {
    "event_id": "S2:MSM41_litter-T65",
    "source_id": "S2_SARGASSO_MSM41",
    "target_keys": [
     "plastic-visual"
    ],
    "sample_ids": [
     "MPL-0513"
    ],
    "date": "2015-04-26",
    "time": "2015-04-26T15:19:00Z",
    "footprint_kind": "strip",
    "footprint_label": "полоса по концам трансекты",
    "footprint_radius_m": 50.0,
    "footprint_area_km2": 1.6394,
    "geometry_approximate": false,
    "candidates": 0,
    "candidate_passes": 0,
    "accepted": 0,
    "accepted_passes": 0,
    "best_scene_id": null,
    "best_platform": null,
    "best_sync": null,
    "best_shift_hours": null,
    "best_shift_days": null,
    "best_time_uncertainty_hours": null,
    "best_coverage_fraction": null,
    "decision": "rejected",
    "reason_code": "before_mission",
    "reason": "наблюдение раньше начала съёмки Sentinel-2",
    "detail": ""
   }
  },
  {
   "type": "Feature",
   "id": "S2:MSM41_litter-T7",
   "geometry": {
    "type": "Polygon",
    "coordinates": [
     [
      [
       -69.95772,
       29.32233
      ],
      [
       -69.95774,
       29.32224
      ],
      [
       -69.95779,
       29.32216
      ],
      [
       -69.95784,
       29.32209
      ],
      [
       -69.95792,
       29.32203
      ],
      [
       -69.958,
       29.32198
      ],
      [
       -69.9581,
       29.32195
      ],
      [
       -69.9582,
       29.32193
      ],
      [
       -69.9583,
       29.32194
      ],
      [
       -69.9584,
       29.32196
      ],
      [
       -69.95849,
       29.32199
      ],
      [
       -69.95857,
       29.32204
      ],
      [
       -69.95864,
       29.32211
      ],
      [
       -69.9587,
       29.32218
      ],
      [
       -69.95873,
       29.32227
      ],
      [
       -69.95875,
       29.32235
      ],
      [
       -69.95875,
       29.32244
      ],
      [
       -69.92745,
       29.53447
      ],
      [
       -69.92742,
       29.53456
      ],
      [
       -69.92738,
       29.53464
      ],
      [
       -69.92732,
       29.53471
      ],
      [
       -69.92725,
       29.53477
      ],
      [
       -69.92716,
       29.53482
      ],
      [
       -69.92707,
       29.53485
      ],
      [
       -69.92697,
       29.53487
      ],
      [
       -69.92687,
       29.53486
      ],
      [
       -69.92677,
       29.53484
      ],
      [
       -69.92668,
       29.53481
      ],
      [
       -69.92659,
       29.53476
      ],
      [
       -69.92652,
       29.53469
      ],
      [
       -69.92647,
       29.53462
      ],
      [
       -69.92643,
       29.53453
      ],
      [
       -69.92642,
       29.53445
      ],
      [
       -69.92642,
       29.53436
      ],
      [
       -69.95772,
       29.32233
      ]
     ]
    ]
   },
   "properties": {
    "event_id": "S2:MSM41_litter-T7",
    "source_id": "S2_SARGASSO_MSM41",
    "target_keys": [
     "plastic-visual"
    ],
    "sample_ids": [
     "MPL-0220"
    ],
    "date": "2015-04-03",
    "time": "2015-04-03T10:41:30Z",
    "footprint_kind": "strip",
    "footprint_label": "полоса по концам трансекты",
    "footprint_radius_m": 50.0,
    "footprint_area_km2": 2.3849,
    "geometry_approximate": false,
    "candidates": 0,
    "candidate_passes": 0,
    "accepted": 0,
    "accepted_passes": 0,
    "best_scene_id": null,
    "best_platform": null,
    "best_sync": null,
    "best_shift_hours": null,
    "best_shift_days": null,
    "best_time_uncertainty_hours": null,
    "best_coverage_fraction": null,
    "decision": "rejected",
    "reason_code": "before_mission",
    "reason": "наблюдение раньше начала съёмки Sentinel-2",
    "detail": ""
   }
  },
  {
   "type": "Feature",
   "id": "S2:MSM41_litter-T8",
   "geometry": {
    "type": "Polygon",
    "coordinates": [
     [
      [
       -70.00724,
       29.00835
      ],
      [
       -70.00727,
       29.00827
      ],
      [
       -70.00731,
       29.00819
      ],
      [
       -70.00737,
       29.00812
      ],
      [
       -70.00744,
       29.00806
      ],
      [
       -70.00753,
       29.00801
      ],
      [
       -70.00762,
       29.00798
      ],
      [
       -70.00772,
       29.00797
      ],
      [
       -70.00782,
       29.00797
      ],
      [
       -70.00792,
       29.00799
      ],
      [
       -70.00801,
       29.00803
      ],
      [
       -70.00809,
       29.00808
      ],
      [
       -70.00816,
       29.00815
      ],
      [
       -70.00821,
       29.00822
      ],
      [
       -70.00825,
       29.00831
      ],
      [
       -70.00826,
       29.00839
      ],
      [
       -70.00826,
       29.00848
      ],
      [
       -69.97914,
       29.18222
      ],
      [
       -69.97912,
       29.1823
      ],
      [
       -69.97907,
       29.18238
      ],
      [
       -69.97901,
       29.18245
      ],
      [
       -69.97894,
       29.18251
      ],
      [
       -69.97885,
       29.18256
      ],
      [
       -69.97876,
       29.18259
      ],
      [
       -69.97866,
       29.1826
      ],
      [
       -69.97856,
       29.18259
      ],
      [
       -69.97846,
       29.18257
      ],
      [
       -69.97837,
       29.18254
      ],
      [
       -69.97829,
       29.18248
      ],
      [
       -69.97822,
       29.18242
      ],
      [
       -69.97817,
       29.18234
      ],
      [
       -69.97813,
       29.18226
      ],
      [
       -69.97812,
       29.18217
      ],
      [
       -69.97812,
       29.18208
      ],
      [
       -70.00724,
       29.00835
      ]
     ]
    ]
   },
   "properties": {
    "event_id": "S2:MSM41_litter-T8",
    "source_id": "S2_SARGASSO_MSM41",
    "target_keys": [
     "plastic-visual"
    ],
    "sample_ids": [
     "MPL-0216"
    ],
    "date": "2015-04-03",
    "time": "2015-04-03T12:15:30Z",
    "footprint_kind": "strip",
    "footprint_label": "полоса по концам трансекты",
    "footprint_radius_m": 50.0,
    "footprint_area_km2": 1.9602,
    "geometry_approximate": false,
    "candidates": 0,
    "candidate_passes": 0,
    "accepted": 0,
    "accepted_passes": 0,
    "best_scene_id": null,
    "best_platform": null,
    "best_sync": null,
    "best_shift_hours": null,
    "best_shift_days": null,
    "best_time_uncertainty_hours": null,
    "best_coverage_fraction": null,
    "decision": "rejected",
    "reason_code": "before_mission",
    "reason": "наблюдение раньше начала съёмки Sentinel-2",
    "detail": ""
   }
  },
  {
   "type": "Feature",
   "id": "S3:HE419_MarLitter_transect01",
   "geometry": {
    "type": "Polygon",
    "coordinates": [
     [
      [
       7.48241,
       54.03859
      ],
      [
       7.48226,
       54.03856
      ],
      [
       7.48211,
       54.03855
      ],
      [
       7.48196,
       54.03856
      ],
      [
       7.48182,
       54.03858
      ],
      [
       7.48169,
       54.03862
      ],
      [
       7.48157,
       54.03868
      ],
      [
       7.48147,
       54.03874
      ],
      [
       7.4814,
       54.03882
      ],
      [
       7.48135,
       54.0389
      ],
      [
       7.48133,
       54.03899
      ],
      [
       7.48135,
       54.03908
      ],
      [
       7.48139,
       54.03916
      ],
      [
       7.48146,
       54.03924
      ],
      [
       7.48155,
       54.03931
      ],
      [
       7.48166,
       54.03937
      ],
      [
       7.48179,
       54.03941
      ],
      [
       7.83539,
       54.12961
      ],
      [
       7.83554,
       54.12964
      ],
      [
       7.83569,
       54.12965
      ],
      [
       7.83584,
       54.12964
      ],
      [
       7.83598,
       54.12962
      ],
      [
       7.83611,
       54.12958
      ],
      [
       7.83623,
       54.12952
      ],
      [
       7.83633,
       54.12946
      ],
      [
       7.8364,
       54.12938
      ],
      [
       7.83645,
       54.1293
      ],
      [
       7.83647,
       54.12921
      ],
      [
       7.83645,
       54.12912
      ],
      [
       7.83641,
       54.12904
      ],
      [
       7.83634,
       54.12896
      ],
      [
       7.83625,
       54.12889
      ],
      [
       7.83614,
       54.12883
      ],
      [
       7.83601,
       54.12879
      ],
      [
       7.48241,
       54.03859
      ]
     ]
    ]
   },
   "properties": {
    "event_id": "S3:HE419_MarLitter_transect01",
    "source_id": "S3_SE_NORTH_SEA",
    "target_keys": [
     "litter-visual"
    ],
    "sample_ids": [
     "MPL-0001"
    ],
    "date": "2014-04-03",
    "time": "2014-04-03T15:19:30Z",
    "footprint_kind": "strip",
    "footprint_label": "полоса по концам трансекты",
    "footprint_radius_m": 50.0,
    "footprint_area_km2": 2.5229,
    "geometry_approximate": false,
    "candidates": 2,
    "candidate_passes": 2,
    "accepted": 0,
    "accepted_passes": 0,
    "best_scene_id": "LC08_L2SP_197022_20140403_02_T1",
    "best_platform": "L8",
    "best_sync": "time_known",
    "best_shift_hours": -4.88,
    "best_shift_days": 0,
    "best_time_uncertainty_hours": 0.0,
    "best_coverage_fraction": 1.0,
    "decision": "rejected",
    "reason_code": "tile_cloud",
    "reason": "облачность тайла выше порога",
    "detail": ""
   }
  },
  {
   "type": "Feature",
   "id": "S3:HE419_MarLitter_transect02",
   "geometry": {
    "type": "Polygon",
    "coordinates": [
     [
      [
       7.01354,
       54.91224
      ],
      [
       7.01369,
       54.91225
      ],
      [
       7.01385,
       54.91224
      ],
      [
       7.01399,
       54.91222
      ],
      [
       7.01413,
       54.91218
      ],
      [
       7.01425,
       54.91212
      ],
      [
       7.01435,
       54.91205
      ],
      [
       7.01442,
       54.91198
      ],
      [
       7.01447,
       54.91189
      ],
      [
       7.01448,
       54.9118
      ],
      [
       7.01447,
       54.91172
      ],
      [
       7.01442,
       54.91163
      ],
      [
       7.01435,
       54.91155
      ],
      [
       7.01426,
       54.91148
      ],
      [
       7.01414,
       54.91143
      ],
      [
       7.014,
       54.91139
      ],
      [
       7.01386,
       54.91136
      ],
      [
       6.76116,
       54.88126
      ],
      [
       6.76101,
       54.88125
      ],
      [
       6.76085,
       54.88126
      ],
      [
       6.76071,
       54.88128
      ],
      [
       6.76057,
       54.88132
      ],
      [
       6.76045,
       54.88138
      ],
      [
       6.76035,
       54.88145
      ],
      [
       6.76028,
       54.88152
      ],
      [
       6.76023,
       54.88161
      ],
      [
       6.76022,
       54.8817
      ],
      [
       6.76023,
       54.88178
      ],
      [
       6.76028,
       54.88187
      ],
      [
       6.76035,
       54.88195
      ],
      [
       6.76044,
       54.88202
      ],
      [
       6.76056,
       54.88207
      ],
      [
       6.7607,
       54.88211
      ],
      [
       6.76084,
       54.88214
      ],
      [
       7.01354,
       54.91224
      ]
     ]
    ]
   },
   "properties": {
    "event_id": "S3:HE419_MarLitter_transect02",
    "source_id": "S3_SE_NORTH_SEA",
    "target_keys": [
     "litter-visual"
    ],
    "sample_ids": [
     "MPL-0008"
    ],
    "date": "2014-04-05",
    "time": "2014-04-05T15:46:00Z",
    "footprint_kind": "strip",
    "footprint_label": "полоса по концам трансекты",
    "footprint_radius_m": 50.0,
    "footprint_area_km2": 1.6579,
    "geometry_approximate": false,
    "candidates": 2,
    "candidate_passes": 2,
    "accepted": 0,
    "accepted_passes": 0,
    "best_scene_id": "LC08_L2SP_197022_20140403_02_T1",
    "best_platform": "L8",
    "best_sync": "time_known",
    "best_shift_hours": -53.32,
    "best_shift_days": -2,
    "best_time_uncertainty_hours": 0.0,
    "best_coverage_fraction": 1.0,
    "decision": "rejected",
    "reason_code": "time_shift",
    "reason": "сдвиг по времени больше допустимого",
    "detail": ""
   }
  },
  {
   "type": "Feature",
   "id": "S3:HE419_MarLitter_transect03",
   "geometry": {
    "type": "Polygon",
    "coordinates": [
     [
      [
       5.4606,
       54.57856
      ],
      [
       5.46048,
       54.57851
      ],
      [
       5.46034,
       54.57847
      ],
      [
       5.46019,
       54.57845
      ],
      [
       5.46004,
       54.57845
      ],
      [
       5.45989,
       54.57847
      ],
      [
       5.45975,
       54.5785
      ],
      [
       5.45962,
       54.57855
      ],
      [
       5.45951,
       54.57861
      ],
      [
       5.45942,
       54.57868
      ],
      [
       5.45936,
       54.57876
      ],
      [
       5.45933,
       54.57885
      ],
      [
       5.45933,
       54.57894
      ],
      [
       5.45935,
       54.57902
      ],
      [
       5.45941,
       54.5791
      ],
      [
       5.45949,
       54.57918
      ],
      [
       5.4596,
       54.57924
      ],
      [
       5.588,
       54.64274
      ],
      [
       5.58812,
       54.64279
      ],
      [
       5.58826,
       54.64283
      ],
      [
       5.58841,
       54.64285
      ],
      [
       5.58856,
       54.64285
      ],
      [
       5.58871,
       54.64283
      ],
      [
       5.58885,
       54.6428
      ],
      [
       5.58898,
       54.64275
      ],
      [
       5.58909,
       54.64269
      ],
      [
       5.58918,
       54.64262
      ],
      [
       5.58924,
       54.64254
      ],
      [
       5.58927,
       54.64245
      ],
      [
       5.58927,
       54.64236
      ],
      [
       5.58925,
       54.64228
      ],
      [
       5.58919,
       54.6422
      ],
      [
       5.58911,
       54.64212
      ],
      [
       5.589,
       54.64206
      ],
      [
       5.4606,
       54.57856
      ]
     ]
    ]
   },
   "properties": {
    "event_id": "S3:HE419_MarLitter_transect03",
    "source_id": "S3_SE_NORTH_SEA",
    "target_keys": [
     "litter-visual"
    ],
    "sample_ids": [
     "MPL-0018"
    ],
    "date": "2014-04-06",
    "time": "2014-04-06T08:05:30Z",
    "footprint_kind": "strip",
    "footprint_label": "полоса по концам трансекты",
    "footprint_radius_m": 50.0,
    "footprint_area_km2": 1.0951,
    "geometry_approximate": false,
    "candidates": 0,
    "candidate_passes": 0,
    "accepted": 0,
    "accepted_passes": 0,
    "best_scene_id": null,
    "best_platform": null,
    "best_sync": null,
    "best_shift_hours": null,
    "best_shift_days": null,
    "best_time_uncertainty_hours": null,
    "best_coverage_fraction": null,
    "decision": "rejected",
    "reason_code": "no_scene_in_window",
    "reason": "в окне поиска сцен нет",
    "detail": ""
   }
  },
  {
   "type": "Feature",
   "id": "S3:HE419_MarLitter_transect04",
   "geometry": {
    "type": "Polygon",
    "coordinates": [
     [
      [
       5.53349,
       54.68889
      ],
      [
       5.53357,
       54.68896
      ],
      [
       5.53367,
       54.68903
      ],
      [
       5.53379,
       54.68908
      ],
      [
       5.53393,
       54.68912
      ],
      [
       5.53408,
       54.68914
      ],
      [
       5.53423,
       54.68915
      ],
      [
       5.53438,
       54.68914
      ],
      [
       5.53452,
       54.68911
      ],
      [
       5.53466,
       54.68906
      ],
      [
       5.53477,
       54.68901
      ],
      [
       5.53486,
       54.68894
      ],
      [
       5.53493,
       54.68886
      ],
      [
       5.53497,
       54.68877
      ],
      [
       5.53498,
       54.68868
      ],
      [
       5.53496,
       54.6886
      ],
      [
       5.53491,
       54.68851
      ],
      [
       5.42741,
       54.55341
      ],
      [
       5.42733,
       54.55334
      ],
      [
       5.42723,
       54.55327
      ],
      [
       5.42711,
       54.55322
      ],
      [
       5.42697,
       54.55318
      ],
      [
       5.42682,
       54.55316
      ],
      [
       5.42667,
       54.55315
      ],
      [
       5.42652,
       54.55316
      ],
      [
       5.42638,
       54.55319
      ],
      [
       5.42624,
       54.55324
      ],
      [
       5.42613,
       54.55329
      ],
      [
       5.42604,
       54.55336
      ],
      [
       5.42597,
       54.55344
      ],
      [
       5.42593,
       54.55353
      ],
      [
       5.42592,
       54.55362
      ],
      [
       5.42594,
       54.5537
      ],
      [
       5.42599,
       54.55379
      ],
      [
       5.53349,
       54.68889
      ]
     ]
    ]
   },
   "properties": {
    "event_id": "S3:HE419_MarLitter_transect04",
    "source_id": "S3_SE_NORTH_SEA",
    "target_keys": [
     "litter-visual"
    ],
    "sample_ids": [
     "MPL-0020"
    ],
    "date": "2014-04-06",
    "time": "2014-04-06T10:04:00Z",
    "footprint_kind": "strip",
    "footprint_label": "полоса по концам трансекты",
    "footprint_radius_m": 50.0,
    "footprint_area_km2": 1.6618,
    "geometry_approximate": false,
    "candidates": 0,
    "candidate_passes": 0,
    "accepted": 0,
    "accepted_passes": 0,
    "best_scene_id": null,
    "best_platform": null,
    "best_sync": null,
    "best_shift_hours": null,
    "best_shift_days": null,
    "best_time_uncertainty_hours": null,
    "best_coverage_fraction": null,
    "decision": "rejected",
    "reason_code": "no_scene_in_window",
    "reason": "в окне поиска сцен нет",
    "detail": ""
   }
  },
  {
   "type": "Feature",
   "id": "S3:HE419_MarLitter_transect05",
   "geometry": {
    "type": "Polygon",
    "coordinates": [
     [
      [
       5.71555,
       54.83515
      ],
      [
       5.71565,
       54.83522
      ],
      [
       5.71577,
       54.83527
      ],
      [
       5.7159,
       54.83532
      ],
      [
       5.71605,
       54.83534
      ],
      [
       5.7162,
       54.83535
      ],
      [
       5.71635,
       54.83534
      ],
      [
       5.7165,
       54.83531
      ],
      [
       5.71664,
       54.83527
      ],
      [
       5.71675,
       54.83522
      ],
      [
       5.71685,
       54.83515
      ],
      [
       5.71692,
       54.83507
      ],
      [
       5.71696,
       54.83499
      ],
      [
       5.71698,
       54.8349
      ],
      [
       5.71696,
       54.83481
      ],
      [
       5.71692,
       54.83473
      ],
      [
       5.71685,
       54.83465
      ],
      [
       5.53375,
       54.67765
      ],
      [
       5.53365,
       54.67758
      ],
      [
       5.53353,
       54.67753
      ],
      [
       5.5334,
       54.67748
      ],
      [
       5.53325,
       54.67746
      ],
      [
       5.5331,
       54.67745
      ],
      [
       5.53295,
       54.67746
      ],
      [
       5.5328,
       54.67749
      ],
      [
       5.53266,
       54.67753
      ],
      [
       5.53255,
       54.67758
      ],
      [
       5.53245,
       54.67765
      ],
      [
       5.53238,
       54.67773
      ],
      [
       5.53234,
       54.67781
      ],
      [
       5.53232,
       54.6779
      ],
      [
       5.53234,
       54.67799
      ],
      [
       5.53238,
       54.67807
      ],
      [
       5.53245,
       54.67815
      ],
      [
       5.71555,
       54.83515
      ]
     ]
    ]
   },
   "properties": {
    "event_id": "S3:HE419_MarLitter_transect05",
    "source_id": "S3_SE_NORTH_SEA",
    "target_keys": [
     "litter-visual"
    ],
    "sample_ids": [
     "MPL-0027"
    ],
    "date": "2014-04-06",
    "time": "2014-04-06T12:53:00Z",
    "footprint_kind": "strip",
    "footprint_label": "полоса по концам трансекты",
    "footprint_radius_m": 50.0,
    "footprint_area_km2": 2.1121,
    "geometry_approximate": false,
    "candidates": 0,
    "candidate_passes": 0,
    "accepted": 0,
    "accepted_passes": 0,
    "best_scene_id": null,
    "best_platform": null,
    "best_sync": null,
    "best_shift_hours": null,
    "best_shift_days": null,
    "best_time_uncertainty_hours": null,
    "best_coverage_fraction": null,
    "decision": "rejected",
    "reason_code": "no_scene_in_window",
    "reason": "в окне поиска сцен нет",
    "detail": ""
   }
  },
  {
   "type": "Feature",
   "id": "S3:HE419_MarLitter_transect06",
   "geometry": {
    "type": "Polygon",
    "coordinates": [
     [
      [
       5.90899,
       54.97128
      ],
      [
       5.9091,
       54.97134
      ],
      [
       5.90922,
       54.97139
      ],
      [
       5.90936,
       54.97143
      ],
      [
       5.90951,
       54.97145
      ],
      [
       5.90967,
       54.97145
      ],
      [
       5.90982,
       54.97143
      ],
      [
       5.90996,
       54.9714
      ],
      [
       5.91009,
       54.97135
      ],
      [
       5.9102,
       54.97129
      ],
      [
       5.91029,
       54.97122
      ],
      [
       5.91035,
       54.97114
      ],
      [
       5.91038,
       54.97105
      ],
      [
       5.91038,
       54.97096
      ],
      [
       5.91035,
       54.97088
      ],
      [
       5.91029,
       54.97079
      ],
      [
       5.91021,
       54.97072
      ],
      [
       5.74951,
       54.85512
      ],
      [
       5.7494,
       54.85506
      ],
      [
       5.74928,
       54.85501
      ],
      [
       5.74914,
       54.85497
      ],
      [
       5.74899,
       54.85495
      ],
      [
       5.74883,
       54.85495
      ],
      [
       5.74868,
       54.85497
      ],
      [
       5.74854,
       54.855
      ],
      [
       5.74841,
       54.85505
      ],
      [
       5.7483,
       54.85511
      ],
      [
       5.74821,
       54.85518
      ],
      [
       5.74815,
       54.85526
      ],
      [
       5.74812,
       54.85535
      ],
      [
       5.74812,
       54.85544
      ],
      [
       5.74815,
       54.85552
      ],
      [
       5.74821,
       54.85561
      ],
      [
       5.74829,
       54.85568
      ],
      [
       5.90899,
       54.97128
      ]
     ]
    ]
   },
   "properties": {
    "event_id": "S3:HE419_MarLitter_transect06",
    "source_id": "S3_SE_NORTH_SEA",
    "target_keys": [
     "litter-visual"
    ],
    "sample_ids": [
     "MPL-0035"
    ],
    "date": "2014-04-06",
    "time": "2014-04-06T15:02:30Z",
    "footprint_kind": "strip",
    "footprint_label": "полоса по концам трансекты",
    "footprint_radius_m": 50.0,
    "footprint_area_km2": 1.6532,
    "geometry_approximate": false,
    "candidates": 0,
    "candidate_passes": 0,
    "accepted": 0,
    "accepted_passes": 0,
    "best_scene_id": null,
    "best_platform": null,
    "best_sync": null,
    "best_shift_hours": null,
    "best_shift_days": null,
    "best_time_uncertainty_hours": null,
    "best_coverage_fraction": null,
    "decision": "rejected",
    "reason_code": "no_scene_in_window",
    "reason": "в окне поиска сцен нет",
    "detail": ""
   }
  },
  {
   "type": "Feature",
   "id": "S3:HE419_MarLitter_transect07",
   "geometry": {
    "type": "Polygon",
    "coordinates": [
     [
      [
       5.72167,
       55.00266
      ],
      [
       5.72152,
       55.00268
      ],
      [
       5.72139,
       55.00272
      ],
      [
       5.72126,
       55.00277
      ],
      [
       5.72116,
       55.00284
      ],
      [
       5.72109,
       55.00291
      ],
      [
       5.72104,
       55.003
      ],
      [
       5.72102,
       55.00308
      ],
      [
       5.72103,
       55.00317
      ],
      [
       5.72107,
       55.00326
      ],
      [
       5.72113,
       55.00334
      ],
      [
       5.72123,
       55.00341
      ],
      [
       5.72134,
       55.00347
      ],
      [
       5.72148,
       55.00351
      ],
      [
       5.72162,
       55.00354
      ],
      [
       5.72177,
       55.00355
      ],
      [
       5.72193,
       55.00354
      ],
      [
       5.92513,
       54.98444
      ],
      [
       5.92528,
       54.98442
      ],
      [
       5.92541,
       54.98438
      ],
      [
       5.92554,
       54.98433
      ],
      [
       5.92564,
       54.98426
      ],
      [
       5.92571,
       54.98419
      ],
      [
       5.92576,
       54.9841
      ],
      [
       5.92578,
       54.98402
      ],
      [
       5.92577,
       54.98393
      ],
      [
       5.92573,
       54.98384
      ],
      [
       5.92567,
       54.98376
      ],
      [
       5.92557,
       54.98369
      ],
      [
       5.92546,
       54.98363
      ],
      [
       5.92532,
       54.98359
      ],
      [
       5.92518,
       54.98356
      ],
      [
       5.92503,
       54.98355
      ],
      [
       5.92487,
       54.98356
      ],
      [
       5.72167,
       55.00266
      ]
     ]
    ]
   },
   "properties": {
    "event_id": "S3:HE419_MarLitter_transect07",
    "source_id": "S3_SE_NORTH_SEA",
    "target_keys": [
     "litter-visual"
    ],
    "sample_ids": [
     "MPL-0043"
    ],
    "date": "2014-04-06",
    "time": "2014-04-06T16:45:30Z",
    "footprint_kind": "strip",
    "footprint_label": "полоса по концам трансекты",
    "footprint_radius_m": 50.0,
    "footprint_area_km2": 1.3213,
    "geometry_approximate": false,
    "candidates": 0,
    "candidate_passes": 0,
    "accepted": 0,
    "accepted_passes": 0,
    "best_scene_id": null,
    "best_platform": null,
    "best_sync": null,
    "best_shift_hours": null,
    "best_shift_days": null,
    "best_time_uncertainty_hours": null,
    "best_coverage_fraction": null,
    "decision": "rejected",
    "reason_code": "no_scene_in_window",
    "reason": "в окне поиска сцен нет",
    "detail": ""
   }
  },
  {
   "type": "Feature",
   "id": "S3:HE419_MarLitter_transect08",
   "geometry": {
    "type": "Polygon",
    "coordinates": [
     [
      [
       5.53682,
       54.93269
      ],
      [
       5.53668,
       54.93266
      ],
      [
       5.53653,
       54.93265
      ],
      [
       5.53637,
       54.93266
      ],
      [
       5.53622,
       54.93268
      ],
      [
       5.53609,
       54.93272
      ],
      [
       5.53596,
       54.93277
      ],
      [
       5.53586,
       54.93284
      ],
      [
       5.53579,
       54.93291
      ],
      [
       5.53574,
       54.933
      ],
      [
       5.53572,
       54.93309
      ],
      [
       5.53573,
       54.93317
      ],
      [
       5.53577,
       54.93326
      ],
      [
       5.53583,
       54.93334
      ],
      [
       5.53593,
       54.93341
      ],
      [
       5.53604,
       54.93347
      ],
      [
       5.53618,
       54.93351
      ],
      [
       5.69548,
       54.97501
      ],
      [
       5.69562,
       54.97504
      ],
      [
       5.69577,
       54.97505
      ],
      [
       5.69593,
       54.97504
      ],
      [
       5.69608,
       54.97502
      ],
      [
       5.69621,
       54.97498
      ],
      [
       5.69634,
       54.97493
      ],
      [
       5.69644,
       54.97486
      ],
      [
       5.69651,
       54.97479
      ],
      [
       5.69656,
       54.9747
      ],
      [
       5.69658,
       54.97461
      ],
      [
       5.69657,
       54.97453
      ],
      [
       5.69653,
       54.97444
      ],
      [
       5.69647,
       54.97436
      ],
      [
       5.69637,
       54.97429
      ],
      [
       5.69626,
       54.97423
      ],
      [
       5.69612,
       54.97419
      ],
      [
       5.53682,
       54.93269
      ]
     ]
    ]
   },
   "properties": {
    "event_id": "S3:HE419_MarLitter_transect08",
    "source_id": "S3_SE_NORTH_SEA",
    "target_keys": [
     "litter-visual"
    ],
    "sample_ids": [
     "MPL-0039"
    ],
    "date": "2014-04-06",
    "time": "2014-04-06T19:19:30Z",
    "footprint_kind": "strip",
    "footprint_label": "полоса по концам трансекты",
    "footprint_radius_m": 50.0,
    "footprint_area_km2": 1.1248,
    "geometry_approximate": false,
    "candidates": 0,
    "candidate_passes": 0,
    "accepted": 0,
    "accepted_passes": 0,
    "best_scene_id": null,
    "best_platform": null,
    "best_sync": null,
    "best_shift_hours": null,
    "best_shift_days": null,
    "best_time_uncertainty_hours": null,
    "best_coverage_fraction": null,
    "decision": "rejected",
    "reason_code": "no_scene_in_window",
    "reason": "в окне поиска сцен нет",
    "detail": ""
   }
  },
  {
   "type": "Feature",
   "id": "S3:HE419_MarLitter_transect09",
   "geometry": {
    "type": "Polygon",
    "coordinates": [
     [
      [
       5.47373,
       55.07813
      ],
      [
       5.47382,
       55.0782
      ],
      [
       5.47393,
       55.07826
      ],
      [
       5.47407,
       55.07831
      ],
      [
       5.47421,
       55.07834
      ],
      [
       5.47436,
       55.07835
      ],
      [
       5.47452,
       55.07834
      ],
      [
       5.47467,
       55.07832
      ],
      [
       5.47481,
       55.07828
      ],
      [
       5.47493,
       55.07823
      ],
      [
       5.47503,
       55.07817
      ],
      [
       5.47511,
       55.07809
      ],
      [
       5.47516,
       55.07801
      ],
      [
       5.47518,
       55.07792
      ],
      [
       5.47518,
       55.07783
      ],
      [
       5.47514,
       55.07775
      ],
      [
       5.47507,
       55.07767
      ],
      [
       5.35177,
       54.96057
      ],
      [
       5.35168,
       54.9605
      ],
      [
       5.35157,
       54.96044
      ],
      [
       5.35143,
       54.96039
      ],
      [
       5.35129,
       54.96036
      ],
      [
       5.35114,
       54.96035
      ],
      [
       5.35098,
       54.96036
      ],
      [
       5.35083,
       54.96038
      ],
      [
       5.35069,
       54.96042
      ],
      [
       5.35057,
       54.96047
      ],
      [
       5.35047,
       54.96053
      ],
      [
       5.35039,
       54.96061
      ],
      [
       5.35034,
       54.96069
      ],
      [
       5.35032,
       54.96078
      ],
      [
       5.35032,
       54.96087
      ],
      [
       5.35036,
       54.96095
      ],
      [
       5.35043,
       54.96103
      ],
      [
       5.47373,
       55.07813
      ]
     ]
    ]
   },
   "properties": {
    "event_id": "S3:HE419_MarLitter_transect09",
    "source_id": "S3_SE_NORTH_SEA",
    "target_keys": [
     "litter-visual"
    ],
    "sample_ids": [
     "MPL-0060"
    ],
    "date": "2014-04-07",
    "time": "2014-04-07T08:17:00Z",
    "footprint_kind": "strip",
    "footprint_label": "полоса по концам трансекты",
    "footprint_radius_m": 50.0,
    "footprint_area_km2": 1.5287,
    "geometry_approximate": false,
    "candidates": 1,
    "candidate_passes": 1,
    "accepted": 0,
    "accepted_passes": 0,
    "best_scene_id": "LC08_L2SP_198022_20140410_02_T1",
    "best_platform": "L8",
    "best_sync": "time_known",
    "best_shift_hours": 74.27,
    "best_shift_days": 3,
    "best_time_uncertainty_hours": 0.0,
    "best_coverage_fraction": 1.0,
    "decision": "rejected",
    "reason_code": "time_shift",
    "reason": "сдвиг по времени больше допустимого",
    "detail": ""
   }
  },
  {
   "type": "Feature",
   "id": "S3:HE419_MarLitter_transect10",
   "geometry": {
    "type": "Polygon",
    "coordinates": [
     [
      [
       5.68907,
       55.13231
      ],
      [
       5.68922,
       55.13234
      ],
      [
       5.68937,
       55.13235
      ],
      [
       5.68952,
       55.13234
      ],
      [
       5.68967,
       55.13232
      ],
      [
       5.68981,
       55.13228
      ],
      [
       5.68993,
       55.13223
      ],
      [
       5.69004,
       55.13216
      ],
      [
       5.69011,
       55.13209
      ],
      [
       5.69016,
       55.132
      ],
      [
       5.69019,
       55.13192
      ],
      [
       5.69018,
       55.13183
      ],
      [
       5.69014,
       55.13174
      ],
      [
       5.69007,
       55.13166
      ],
      [
       5.68998,
       55.13159
      ],
      [
       5.68986,
       55.13154
      ],
      [
       5.68973,
       55.13149
      ],
      [
       5.47863,
       55.07609
      ],
      [
       5.47848,
       55.07606
      ],
      [
       5.47833,
       55.07605
      ],
      [
       5.47818,
       55.07606
      ],
      [
       5.47803,
       55.07608
      ],
      [
       5.47789,
       55.07612
      ],
      [
       5.47777,
       55.07617
      ],
      [
       5.47766,
       55.07624
      ],
      [
       5.47759,
       55.07631
      ],
      [
       5.47754,
       55.0764
      ],
      [
       5.47751,
       55.07648
      ],
      [
       5.47752,
       55.07657
      ],
      [
       5.47756,
       55.07666
      ],
      [
       5.47763,
       55.07674
      ],
      [
       5.47772,
       55.07681
      ],
      [
       5.47784,
       55.07686
      ],
      [
       5.47797,
       55.07691
      ],
      [
       5.68907,
       55.13231
      ]
     ]
    ]
   },
   "properties": {
    "event_id": "S3:HE419_MarLitter_transect10",
    "source_id": "S3_SE_NORTH_SEA",
    "target_keys": [
     "litter-visual"
    ],
    "sample_ids": [
     "MPL-0073"
    ],
    "date": "2014-04-07",
    "time": "2014-04-07T10:18:00Z",
    "footprint_kind": "strip",
    "footprint_label": "полоса по концам трансекты",
    "footprint_radius_m": 50.0,
    "footprint_area_km2": 1.4852,
    "geometry_approximate": false,
    "candidates": 1,
    "candidate_passes": 1,
    "accepted": 0,
    "accepted_passes": 0,
    "best_scene_id": "LC08_L2SP_198022_20140410_02_T1",
    "best_platform": "L8",
    "best_sync": "time_known",
    "best_shift_hours": 72.26,
    "best_shift_days": 3,
    "best_time_uncertainty_hours": 0.0,
    "best_coverage_fraction": 1.0,
    "decision": "rejected",
    "reason_code": "time_shift",
    "reason": "сдвиг по времени больше допустимого",
    "detail": ""
   }
  },
  {
   "type": "Feature",
   "id": "S3:HE419_MarLitter_transect11",
   "geometry": {
    "type": "Polygon",
    "coordinates": [
     [
      [
       5.41813,
       55.10815
      ],
      [
       5.41797,
       55.10816
      ],
      [
       5.41783,
       55.10818
      ],
      [
       5.41769,
       55.10822
      ],
      [
       5.41756,
       55.10827
      ],
      [
       5.41746,
       55.10834
      ],
      [
       5.41739,
       55.10841
      ],
      [
       5.41734,
       55.1085
      ],
      [
       5.41731,
       55.10858
      ],
      [
       5.41732,
       55.10867
      ],
      [
       5.41736,
       55.10876
      ],
      [
       5.41743,
       55.10884
      ],
      [
       5.41752,
       55.10891
      ],
      [
       5.41764,
       55.10896
      ],
      [
       5.41777,
       55.10901
      ],
      [
       5.41792,
       55.10904
      ],
      [
       5.41807,
       55.10905
      ],
      [
       5.67107,
       55.11435
      ],
      [
       5.67123,
       55.11434
      ],
      [
       5.67137,
       55.11432
      ],
      [
       5.67151,
       55.11428
      ],
      [
       5.67164,
       55.11423
      ],
      [
       5.67174,
       55.11416
      ],
      [
       5.67181,
       55.11409
      ],
      [
       5.67186,
       55.114
      ],
      [
       5.67189,
       55.11392
      ],
      [
       5.67188,
       55.11383
      ],
      [
       5.67184,
       55.11374
      ],
      [
       5.67177,
       55.11366
      ],
      [
       5.67168,
       55.11359
      ],
      [
       5.67156,
       55.11354
      ],
      [
       5.67143,
       55.11349
      ],
      [
       5.67128,
       55.11346
      ],
      [
       5.67113,
       55.11345
      ],
      [
       5.41813,
       55.10815
      ]
     ]
    ]
   },
   "properties": {
    "event_id": "S3:HE419_MarLitter_transect11",
    "source_id": "S3_SE_NORTH_SEA",
    "target_keys": [
     "litter-visual"
    ],
    "sample_ids": [
     "MPL-0076"
    ],
    "date": "2014-04-07",
    "time": "2014-04-07T12:47:30Z",
    "footprint_kind": "strip",
    "footprint_label": "полоса по концам трансекты",
    "footprint_radius_m": 50.0,
    "footprint_area_km2": 1.618,
    "geometry_approximate": false,
    "candidates": 1,
    "candidate_passes": 1,
    "accepted": 0,
    "accepted_passes": 0,
    "best_scene_id": "LC08_L2SP_198022_20140410_02_T1",
    "best_platform": "L8",
    "best_sync": "time_known",
    "best_shift_hours": 69.77,
    "best_shift_days": 3,
    "best_time_uncertainty_hours": 0.0,
    "best_coverage_fraction": 1.0,
    "decision": "rejected",
    "reason_code": "time_shift",
    "reason": "сдвиг по времени больше допустимого",
    "detail": ""
   }
  },
  {
   "type": "Feature",
   "id": "S3:HE419_MarLitter_transect12",
   "geometry": {
    "type": "Polygon",
    "coordinates": [
     [
      [
       5.20133,
       55.02192
      ],
      [
       5.20119,
       55.02188
      ],
      [
       5.20104,
       55.02186
      ],
      [
       5.20089,
       55.02185
      ],
      [
       5.20074,
       55.02186
      ],
      [
       5.20059,
       55.02189
      ],
      [
       5.20045,
       55.02193
      ],
      [
       5.20034,
       55.02199
      ],
      [
       5.20024,
       55.02206
      ],
      [
       5.20017,
       55.02213
      ],
      [
       5.20013,
       55.02222
      ],
      [
       5.20012,
       55.02231
      ],
      [
       5.20013,
       55.02239
      ],
      [
       5.20018,
       55.02248
      ],
      [
       5.20025,
       55.02256
      ],
      [
       5.20035,
       55.02262
      ],
      [
       5.20047,
       55.02268
      ],
      [
       5.36527,
       55.08368
      ],
      [
       5.36541,
       55.08372
      ],
      [
       5.36556,
       55.08374
      ],
      [
       5.36571,
       55.08375
      ],
      [
       5.36586,
       55.08374
      ],
      [
       5.36601,
       55.08371
      ],
      [
       5.36615,
       55.08367
      ],
      [
       5.36626,
       55.08361
      ],
      [
       5.36636,
       55.08354
      ],
      [
       5.36643,
       55.08347
      ],
      [
       5.36647,
       55.08338
      ],
      [
       5.36648,
       55.08329
      ],
      [
       5.36647,
       55.08321
      ],
      [
       5.36642,
       55.08312
      ],
      [
       5.36635,
       55.08304
      ],
      [
       5.36625,
       55.08298
      ],
      [
       5.36613,
       55.08292
      ],
      [
       5.20133,
       55.02192
      ]
     ]
    ]
   },
   "properties": {
    "event_id": "S3:HE419_MarLitter_transect12",
    "source_id": "S3_SE_NORTH_SEA",
    "target_keys": [
     "litter-visual"
    ],
    "sample_ids": [
     "MPL-0067"
    ],
    "date": "2014-04-07",
    "time": "2014-04-07T15:06:30Z",
    "footprint_kind": "strip",
    "footprint_label": "полоса по концам трансекты",
    "footprint_radius_m": 50.0,
    "footprint_area_km2": 1.2576,
    "geometry_approximate": false,
    "candidates": 1,
    "candidate_passes": 1,
    "accepted": 0,
    "accepted_passes": 0,
    "best_scene_id": "LC08_L2SP_198022_20140410_02_T1",
    "best_platform": "L8",
    "best_sync": "time_known",
    "best_shift_hours": 67.45,
    "best_shift_days": 3,
    "best_time_uncertainty_hours": 0.0,
    "best_coverage_fraction": 1.0,
    "decision": "rejected",
    "reason_code": "time_shift",
    "reason": "сдвиг по времени больше допустимого",
    "detail": ""
   }
  },
  {
   "type": "Feature",
   "id": "S3:HE419_MarLitter_transect13",
   "geometry": {
    "type": "Polygon",
    "coordinates": [
     [
      [
       5.07728,
       54.9358
      ],
      [
       5.07717,
       54.93574
      ],
      [
       5.07703,
       54.93569
      ],
      [
       5.07689,
       54.93566
      ],
      [
       5.07674,
       54.93565
      ],
      [
       5.07658,
       54.93566
      ],
      [
       5.07644,
       54.93568
      ],
      [
       5.0763,
       54.93571
      ],
      [
       5.07617,
       54.93577
      ],
      [
       5.07607,
       54.93583
      ],
      [
       5.07599,
       54.93591
      ],
      [
       5.07594,
       54.93599
      ],
      [
       5.07592,
       54.93608
      ],
      [
       5.07593,
       54.93617
      ],
      [
       5.07596,
       54.93625
      ],
      [
       5.07603,
       54.93633
      ],
      [
       5.07612,
       54.9364
      ],
      [
       5.18562,
       55.0057
      ],
      [
       5.18573,
       55.00576
      ],
      [
       5.18587,
       55.00581
      ],
      [
       5.18601,
       55.00584
      ],
      [
       5.18616,
       55.00585
      ],
      [
       5.18632,
       55.00584
      ],
      [
       5.18646,
       55.00582
      ],
      [
       5.1866,
       55.00579
      ],
      [
       5.18673,
       55.00573
      ],
      [
       5.18683,
       55.00567
      ],
      [
       5.18691,
       55.00559
      ],
      [
       5.18696,
       55.00551
      ],
      [
       5.18698,
       55.00542
      ],
      [
       5.18697,
       55.00533
      ],
      [
       5.18694,
       55.00525
      ],
      [
       5.18687,
       55.00517
      ],
      [
       5.18678,
       55.0051
      ],
      [
       5.07728,
       54.9358
      ]
     ]
    ]
   },
   "properties": {
    "event_id": "S3:HE419_MarLitter_transect13",
    "source_id": "S3_SE_NORTH_SEA",
    "target_keys": [
     "litter-visual"
    ],
    "sample_ids": [
     "MPL-0051"
    ],
    "date": "2014-04-07",
    "time": "2014-04-07T16:39:30Z",
    "footprint_kind": "strip",
    "footprint_label": "полоса по концам трансекты",
    "footprint_radius_m": 50.0,
    "footprint_area_km2": 1.0481,
    "geometry_approximate": false,
    "candidates": 1,
    "candidate_passes": 1,
    "accepted": 0,
    "accepted_passes": 0,
    "best_scene_id": "LC08_L2SP_198022_20140410_02_T1",
    "best_platform": "L8",
    "best_sync": "time_known",
    "best_shift_hours": 65.9,
    "best_shift_days": 3,
    "best_time_uncertainty_hours": 0.0,
    "best_coverage_fraction": 1.0,
    "decision": "rejected",
    "reason_code": "time_shift",
    "reason": "сдвиг по времени больше допустимого",
    "detail": ""
   }
  },
  {
   "type": "Feature",
   "id": "S3:HE419_MarLitter_transect14",
   "geometry": {
    "type": "Polygon",
    "coordinates": [
     [
      [
       4.9316,
       55.0848
      ],
      [
       4.93154,
       55.08488
      ],
      [
       4.93152,
       55.08497
      ],
      [
       4.93152,
       55.08506
      ],
      [
       4.93156,
       55.08514
      ],
      [
       4.93162,
       55.08522
      ],
      [
       4.93171,
       55.0853
      ],
      [
       4.93182,
       55.08536
      ],
      [
       4.93195,
       55.0854
      ],
      [
       4.93209,
       55.08543
      ],
      [
       4.93225,
       55.08545
      ],
      [
       4.9324,
       55.08545
      ],
      [
       4.93255,
       55.08543
      ],
      [
       4.93269,
       55.08539
      ],
      [
       4.93282,
       55.08534
      ],
      [
       4.93292,
       55.08527
      ],
      [
       4.933,
       55.0852
      ],
      [
       5.072,
       54.9247
      ],
      [
       5.07206,
       54.92462
      ],
      [
       5.07208,
       54.92453
      ],
      [
       5.07208,
       54.92444
      ],
      [
       5.07204,
       54.92436
      ],
      [
       5.07198,
       54.92428
      ],
      [
       5.07189,
       54.9242
      ],
      [
       5.07178,
       54.92414
      ],
      [
       5.07165,
       54.9241
      ],
      [
       5.07151,
       54.92407
      ],
      [
       5.07135,
       54.92405
      ],
      [
       5.0712,
       54.92405
      ],
      [
       5.07105,
       54.92407
      ],
      [
       5.07091,
       54.92411
      ],
      [
       5.07078,
       54.92416
      ],
      [
       5.07068,
       54.92423
      ],
      [
       5.0706,
       54.9243
      ],
      [
       4.9316,
       55.0848
      ]
     ]
    ]
   },
   "properties": {
    "event_id": "S3:HE419_MarLitter_transect14",
    "source_id": "S3_SE_NORTH_SEA",
    "target_keys": [
     "litter-visual"
    ],
    "sample_ids": [
     "MPL-0056"
    ],
    "date": "2014-04-07",
    "time": "2014-04-07T18:55:00Z",
    "footprint_kind": "strip",
    "footprint_label": "полоса по концам трансекты",
    "footprint_radius_m": 50.0,
    "footprint_area_km2": 2.0005,
    "geometry_approximate": false,
    "candidates": 1,
    "candidate_passes": 1,
    "accepted": 0,
    "accepted_passes": 0,
    "best_scene_id": "LC08_L2SP_198022_20140410_02_T1",
    "best_platform": "L8",
    "best_sync": "time_known",
    "best_shift_hours": 63.64,
    "best_shift_days": 3,
    "best_time_uncertainty_hours": 0.0,
    "best_coverage_fraction": 0.013,
    "decision": "rejected",
    "reason_code": "time_shift",
    "reason": "сдвиг по времени больше допустимого",
    "detail": ""
   }
  },
  {
   "type": "Feature",
   "id": "S3:HE419_MarLitter_transect15",
   "geometry": {
    "type": "Polygon",
    "coordinates": [
     [
      [
       3.40251,
       55.78849
      ],
      [
       3.40242,
       55.78856
      ],
      [
       3.40235,
       55.78864
      ],
      [
       3.40231,
       55.78873
      ],
      [
       3.4023,
       55.78882
      ],
      [
       3.40232,
       55.7889
      ],
      [
       3.40237,
       55.78899
      ],
      [
       3.40245,
       55.78906
      ],
      [
       3.40256,
       55.78913
      ],
      [
       3.40268,
       55.78918
      ],
      [
       3.40282,
       55.78922
      ],
      [
       3.40297,
       55.78924
      ],
      [
       3.40313,
       55.78925
      ],
      [
       3.40329,
       55.78924
      ],
      [
       3.40343,
       55.78921
      ],
      [
       3.40357,
       55.78916
      ],
      [
       3.40369,
       55.78911
      ],
      [
       3.45989,
       55.75501
      ],
      [
       3.45998,
       55.75494
      ],
      [
       3.46005,
       55.75486
      ],
      [
       3.46009,
       55.75477
      ],
      [
       3.4601,
       55.75468
      ],
      [
       3.46008,
       55.7546
      ],
      [
       3.46003,
       55.75451
      ],
      [
       3.45995,
       55.75444
      ],
      [
       3.45984,
       55.75437
      ],
      [
       3.45972,
       55.75432
      ],
      [
       3.45958,
       55.75428
      ],
      [
       3.45943,
       55.75426
      ],
      [
       3.45927,
       55.75425
      ],
      [
       3.45911,
       55.75426
      ],
      [
       3.45897,
       55.75429
      ],
      [
       3.45883,
       55.75434
      ],
      [
       3.45871,
       55.75439
      ],
      [
       3.40251,
       55.78849
      ]
     ]
    ]
   },
   "properties": {
    "event_id": "S3:HE419_MarLitter_transect15",
    "source_id": "S3_SE_NORTH_SEA",
    "target_keys": [
     "litter-visual"
    ],
    "sample_ids": [
     "MPL-0087"
    ],
    "date": "2014-04-08",
    "time": "2014-04-08T09:04:00Z",
    "footprint_kind": "strip",
    "footprint_label": "полоса по концам трансекты",
    "footprint_radius_m": 50.0,
    "footprint_area_km2": 0.5248,
    "geometry_approximate": false,
    "candidates": 0,
    "candidate_passes": 0,
    "accepted": 0,
    "accepted_passes": 0,
    "best_scene_id": null,
    "best_platform": null,
    "best_sync": null,
    "best_shift_hours": null,
    "best_shift_days": null,
    "best_time_uncertainty_hours": null,
    "best_coverage_fraction": null,
    "decision": "rejected",
    "reason_code": "before_mission",
    "reason": "наблюдение раньше начала съёмки Sentinel-2",
    "detail": ""
   }
  },
  {
   "type": "Feature",
   "id": "S3:HE419_MarLitter_transect16",
   "geometry": {
    "type": "Polygon",
    "coordinates": [
     [
      [
       3.4169,
       55.90448
      ],
      [
       3.41691,
       55.90457
      ],
      [
       3.41695,
       55.90466
      ],
      [
       3.41702,
       55.90474
      ],
      [
       3.41711,
       55.90481
      ],
      [
       3.41723,
       55.90486
      ],
      [
       3.41737,
       55.90491
      ],
      [
       3.41751,
       55.90494
      ],
      [
       3.41767,
       55.90495
      ],
      [
       3.41783,
       55.90494
      ],
      [
       3.41798,
       55.90492
      ],
      [
       3.41812,
       55.90488
      ],
      [
       3.41825,
       55.90483
      ],
      [
       3.41835,
       55.90476
      ],
      [
       3.41843,
       55.90469
      ],
      [
       3.41848,
       55.9046
      ],
      [
       3.4185,
       55.90452
      ],
      [
       3.422,
       55.85112
      ],
      [
       3.42199,
       55.85103
      ],
      [
       3.42195,
       55.85094
      ],
      [
       3.42188,
       55.85086
      ],
      [
       3.42179,
       55.85079
      ],
      [
       3.42167,
       55.85074
      ],
      [
       3.42153,
       55.85069
      ],
      [
       3.42139,
       55.85066
      ],
      [
       3.42123,
       55.85065
      ],
      [
       3.42107,
       55.85066
      ],
      [
       3.42092,
       55.85068
      ],
      [
       3.42078,
       55.85072
      ],
      [
       3.42065,
       55.85077
      ],
      [
       3.42055,
       55.85084
      ],
      [
       3.42047,
       55.85091
      ],
      [
       3.42042,
       55.851
      ],
      [
       3.4204,
       55.85108
      ],
      [
       3.4169,
       55.90448
      ]
     ]
    ]
   },
   "properties": {
    "event_id": "S3:HE419_MarLitter_transect16",
    "source_id": "S3_SE_NORTH_SEA",
    "target_keys": [
     "litter-visual"
    ],
    "sample_ids": [
     "MPL-0092"
    ],
    "date": "2014-04-08",
    "time": "2014-04-08T12:30:00Z",
    "footprint_kind": "strip",
    "footprint_label": "полоса по концам трансекты",
    "footprint_radius_m": 50.0,
    "footprint_area_km2": 0.602,
    "geometry_approximate": false,
    "candidates": 0,
    "candidate_passes": 0,
    "accepted": 0,
    "accepted_passes": 0,
    "best_scene_id": null,
    "best_platform": null,
    "best_sync": null,
    "best_shift_hours": null,
    "best_shift_days": null,
    "best_time_uncertainty_hours": null,
    "best_coverage_fraction": null,
    "decision": "rejected",
    "reason_code": "before_mission",
    "reason": "наблюдение раньше начала съёмки Sentinel-2",
    "detail": ""
   }
  },
  {
   "type": "Feature",
   "id": "S3:HE419_MarLitter_transect17",
   "geometry": {
    "type": "Polygon",
    "coordinates": [
     [
      [
       3.63434,
       55.86183
      ],
      [
       3.63448,
       55.86179
      ],
      [
       3.63461,
       55.86175
      ],
      [
       3.63472,
       55.86168
      ],
      [
       3.63481,
       55.86161
      ],
      [
       3.63487,
       55.86153
      ],
      [
       3.6349,
       55.86144
      ],
      [
       3.6349,
       55.86135
      ],
      [
       3.63487,
       55.86127
      ],
      [
       3.6348,
       55.86119
      ],
      [
       3.63472,
       55.86111
      ],
      [
       3.6346,
       55.86105
      ],
      [
       3.63447,
       55.861
      ],
      [
       3.63433,
       55.86097
      ],
      [
       3.63417,
       55.86095
      ],
      [
       3.63402,
       55.86095
      ],
      [
       3.63386,
       55.86097
      ],
      [
       3.44846,
       55.89337
      ],
      [
       3.44832,
       55.89341
      ],
      [
       3.44819,
       55.89345
      ],
      [
       3.44808,
       55.89352
      ],
      [
       3.44799,
       55.89359
      ],
      [
       3.44793,
       55.89367
      ],
      [
       3.4479,
       55.89376
      ],
      [
       3.4479,
       55.89385
      ],
      [
       3.44793,
       55.89393
      ],
      [
       3.448,
       55.89401
      ],
      [
       3.44808,
       55.89409
      ],
      [
       3.4482,
       55.89415
      ],
      [
       3.44833,
       55.8942
      ],
      [
       3.44847,
       55.89423
      ],
      [
       3.44863,
       55.89425
      ],
      [
       3.44878,
       55.89425
      ],
      [
       3.44894,
       55.89423
      ],
      [
       3.63434,
       55.86183
      ]
     ]
    ]
   },
   "properties": {
    "event_id": "S3:HE419_MarLitter_transect17",
    "source_id": "S3_SE_NORTH_SEA",
    "target_keys": [
     "litter-visual"
    ],
    "sample_ids": [
     "MPL-0094"
    ],
    "date": "2014-04-08",
    "time": "2014-04-08T13:50:30Z",
    "footprint_kind": "strip",
    "footprint_label": "полоса по концам трансекты",
    "footprint_radius_m": 50.0,
    "footprint_area_km2": 1.2191,
    "geometry_approximate": false,
    "candidates": 0,
    "candidate_passes": 0,
    "accepted": 0,
    "accepted_passes": 0,
    "best_scene_id": null,
    "best_platform": null,
    "best_sync": null,
    "best_shift_hours": null,
    "best_shift_days": null,
    "best_time_uncertainty_hours": null,
    "best_coverage_fraction": null,
    "decision": "rejected",
    "reason_code": "before_mission",
    "reason": "наблюдение раньше начала съёмки Sentinel-2",
    "detail": ""
   }
  },
  {
   "type": "Feature",
   "id": "S3:HE419_MarLitter_transect18",
   "geometry": {
    "type": "Polygon",
    "coordinates": [
     [
      [
       3.80248,
       55.73156
      ],
      [
       3.8026,
       55.7315
      ],
      [
       3.80269,
       55.73143
      ],
      [
       3.80276,
       55.73135
      ],
      [
       3.80279,
       55.73126
      ],
      [
       3.8028,
       55.73117
      ],
      [
       3.80277,
       55.73109
      ],
      [
       3.80272,
       55.731
      ],
      [
       3.80264,
       55.73093
      ],
      [
       3.80253,
       55.73086
      ],
      [
       3.8024,
       55.73081
      ],
      [
       3.80226,
       55.73077
      ],
      [
       3.80211,
       55.73075
      ],
      [
       3.80195,
       55.73075
      ],
      [
       3.8018,
       55.73077
      ],
      [
       3.80165,
       55.7308
      ],
      [
       3.80152,
       55.73084
      ],
      [
       3.63562,
       55.80194
      ],
      [
       3.6355,
       55.802
      ],
      [
       3.63541,
       55.80207
      ],
      [
       3.63534,
       55.80215
      ],
      [
       3.63531,
       55.80224
      ],
      [
       3.6353,
       55.80233
      ],
      [
       3.63533,
       55.80241
      ],
      [
       3.63538,
       55.8025
      ],
      [
       3.63546,
       55.80257
      ],
      [
       3.63557,
       55.80264
      ],
      [
       3.6357,
       55.80269
      ],
      [
       3.63584,
       55.80273
      ],
      [
       3.63599,
       55.80275
      ],
      [
       3.63615,
       55.80275
      ],
      [
       3.6363,
       55.80273
      ],
      [
       3.63645,
       55.8027
      ],
      [
       3.63658,
       55.80266
      ],
      [
       3.80248,
       55.73156
      ]
     ]
    ]
   },
   "properties": {
    "event_id": "S3:HE419_MarLitter_transect18",
    "source_id": "S3_SE_NORTH_SEA",
    "target_keys": [
     "litter-visual"
    ],
    "sample_ids": [
     "MPL-0085"
    ],
    "date": "2014-04-08",
    "time": "2014-04-08T15:29:00Z",
    "footprint_kind": "strip",
    "footprint_label": "полоса по концам трансекты",
    "footprint_radius_m": 50.0,
    "footprint_area_km2": 1.3124,
    "geometry_approximate": false,
    "candidates": 0,
    "candidate_passes": 0,
    "accepted": 0,
    "accepted_passes": 0,
    "best_scene_id": null,
    "best_platform": null,
    "best_sync": null,
    "best_shift_hours": null,
    "best_shift_days": null,
    "best_time_uncertainty_hours": null,
    "best_coverage_fraction": null,
    "decision": "rejected",
    "reason_code": "before_mission",
    "reason": "наблюдение раньше начала съёмки Sentinel-2",
    "detail": ""
   }
  },
  {
   "type": "Feature",
   "id": "S3:HE419_MarLitter_transect19",
   "geometry": {
    "type": "Polygon",
    "coordinates": [
     [
      [
       5.0941,
       55.25795
      ],
      [
       5.09425,
       55.25793
      ],
      [
       5.09439,
       55.25789
      ],
      [
       5.09452,
       55.25784
      ],
      [
       5.09462,
       55.25778
      ],
      [
       5.0947,
       55.2577
      ],
      [
       5.09476,
       55.25762
      ],
      [
       5.09479,
       55.25753
      ],
      [
       5.09478,
       55.25744
      ],
      [
       5.09475,
       55.25736
      ],
      [
       5.09469,
       55.25728
      ],
      [
       5.0946,
       55.25721
      ],
      [
       5.09449,
       55.25715
      ],
      [
       5.09435,
       55.2571
      ],
      [
       5.09421,
       55.25707
      ],
      [
       5.09406,
       55.25705
      ],
      [
       5.0939,
       55.25705
      ],
      [
       4.9007,
       55.27065
      ],
      [
       4.90055,
       55.27067
      ],
      [
       4.90041,
       55.27071
      ],
      [
       4.90028,
       55.27076
      ],
      [
       4.90018,
       55.27082
      ],
      [
       4.9001,
       55.2709
      ],
      [
       4.90004,
       55.27098
      ],
      [
       4.90001,
       55.27107
      ],
      [
       4.90002,
       55.27116
      ],
      [
       4.90005,
       55.27124
      ],
      [
       4.90011,
       55.27132
      ],
      [
       4.9002,
       55.27139
      ],
      [
       4.90031,
       55.27145
      ],
      [
       4.90045,
       55.2715
      ],
      [
       4.90059,
       55.27153
      ],
      [
       4.90074,
       55.27155
      ],
      [
       4.9009,
       55.27155
      ],
      [
       5.0941,
       55.25795
      ]
     ]
    ]
   },
   "properties": {
    "event_id": "S3:HE419_MarLitter_transect19",
    "source_id": "S3_SE_NORTH_SEA",
    "target_keys": [
     "litter-visual"
    ],
    "sample_ids": [
     "MPL-0101"
    ],
    "date": "2014-04-09",
    "time": "2014-04-09T09:05:30Z",
    "footprint_kind": "strip",
    "footprint_label": "полоса по концам трансекты",
    "footprint_radius_m": 50.0,
    "footprint_area_km2": 1.2412,
    "geometry_approximate": false,
    "candidates": 0,
    "candidate_passes": 0,
    "accepted": 0,
    "accepted_passes": 0,
    "best_scene_id": null,
    "best_platform": null,
    "best_sync": null,
    "best_shift_hours": null,
    "best_shift_days": null,
    "best_time_uncertainty_hours": null,
    "best_coverage_fraction": null,
    "decision": "rejected",
    "reason_code": "no_scene_in_window",
    "reason": "в окне поиска сцен нет",
    "detail": ""
   }
  },
  {
   "type": "Feature",
   "id": "S3:HE419_MarLitter_transect20",
   "geometry": {
    "type": "Polygon",
    "coordinates": [
     [
      [
       5.59898,
       55.24374
      ],
      [
       5.59914,
       55.24375
      ],
      [
       5.59929,
       55.24374
      ],
      [
       5.59944,
       55.24371
      ],
      [
       5.59957,
       55.24366
      ],
      [
       5.59968,
       55.2436
      ],
      [
       5.59978,
       55.24353
      ],
      [
       5.59984,
       55.24345
      ],
      [
       5.59988,
       55.24337
      ],
      [
       5.59989,
       55.24328
      ],
      [
       5.59987,
       55.24319
      ],
      [
       5.59981,
       55.24311
      ],
      [
       5.59973,
       55.24303
      ],
      [
       5.59963,
       55.24297
      ],
      [
       5.59951,
       55.24291
      ],
      [
       5.59937,
       55.24288
      ],
      [
       5.59922,
       55.24286
      ],
      [
       5.33472,
       55.22016
      ],
      [
       5.33456,
       55.22015
      ],
      [
       5.33441,
       55.22016
      ],
      [
       5.33426,
       55.22019
      ],
      [
       5.33413,
       55.22024
      ],
      [
       5.33402,
       55.2203
      ],
      [
       5.33392,
       55.22037
      ],
      [
       5.33386,
       55.22045
      ],
      [
       5.33382,
       55.22053
      ],
      [
       5.33381,
       55.22062
      ],
      [
       5.33383,
       55.22071
      ],
      [
       5.33389,
       55.22079
      ],
      [
       5.33397,
       55.22087
      ],
      [
       5.33407,
       55.22093
      ],
      [
       5.33419,
       55.22099
      ],
      [
       5.33433,
       55.22102
      ],
      [
       5.33448,
       55.22104
      ],
      [
       5.59898,
       55.24374
      ]
     ]
    ]
   },
   "properties": {
    "event_id": "S3:HE419_MarLitter_transect20",
    "source_id": "S3_SE_NORTH_SEA",
    "target_keys": [
     "litter-visual"
    ],
    "sample_ids": [
     "MPL-0096"
    ],
    "date": "2014-04-09",
    "time": "2014-04-09T14:56:30Z",
    "footprint_kind": "strip",
    "footprint_label": "полоса по концам трансекты",
    "footprint_radius_m": 50.0,
    "footprint_area_km2": 1.7039,
    "geometry_approximate": false,
    "candidates": 2,
    "candidate_passes": 1,
    "accepted": 0,
    "accepted_passes": 0,
    "best_scene_id": "LC08_L2SP_198022_20140410_02_T1",
    "best_platform": "L8",
    "best_sync": "time_known",
    "best_shift_hours": 19.62,
    "best_shift_days": 1,
    "best_time_uncertainty_hours": 0.0,
    "best_coverage_fraction": 1.0,
    "decision": "rejected",
    "reason_code": "time_shift",
    "reason": "сдвиг по времени больше допустимого",
    "detail": ""
   }
  },
  {
   "type": "Feature",
   "id": "S3:HE419_MarLitter_transect21",
   "geometry": {
    "type": "Polygon",
    "coordinates": [
     [
      [
       5.63611,
       55.3926
      ],
      [
       5.63613,
       55.39269
      ],
      [
       5.63617,
       55.39277
      ],
      [
       5.63625,
       55.39285
      ],
      [
       5.63634,
       55.39292
      ],
      [
       5.63647,
       55.39298
      ],
      [
       5.6366,
       55.39302
      ],
      [
       5.63675,
       55.39304
      ],
      [
       5.63691,
       55.39305
      ],
      [
       5.63706,
       55.39304
      ],
      [
       5.63721,
       55.39301
      ],
      [
       5.63734,
       55.39297
      ],
      [
       5.63746,
       55.39292
      ],
      [
       5.63756,
       55.39285
      ],
      [
       5.63763,
       55.39277
      ],
      [
       5.63768,
       55.39268
      ],
      [
       5.63769,
       55.3926
      ],
      [
       5.63619,
       55.2639
      ],
      [
       5.63617,
       55.26381
      ],
      [
       5.63613,
       55.26373
      ],
      [
       5.63605,
       55.26365
      ],
      [
       5.63596,
       55.26358
      ],
      [
       5.63583,
       55.26352
      ],
      [
       5.6357,
       55.26348
      ],
      [
       5.63555,
       55.26346
      ],
      [
       5.63539,
       55.26345
      ],
      [
       5.63524,
       55.26346
      ],
      [
       5.63509,
       55.26349
      ],
      [
       5.63496,
       55.26353
      ],
      [
       5.63484,
       55.26358
      ],
      [
       5.63474,
       55.26365
      ],
      [
       5.63467,
       55.26373
      ],
      [
       5.63462,
       55.26382
      ],
      [
       5.63461,
       55.2639
      ],
      [
       5.63611,
       55.3926
      ]
     ]
    ]
   },
   "properties": {
    "event_id": "S3:HE419_MarLitter_transect21",
    "source_id": "S3_SE_NORTH_SEA",
    "target_keys": [
     "litter-visual"
    ],
    "sample_ids": [
     "MPL-0107"
    ],
    "date": "2014-04-09",
    "time": "2014-04-09T15:27:00Z",
    "footprint_kind": "strip",
    "footprint_label": "полоса по концам трансекты",
    "footprint_radius_m": 50.0,
    "footprint_area_km2": 1.4389,
    "geometry_approximate": false,
    "candidates": 2,
    "candidate_passes": 1,
    "accepted": 0,
    "accepted_passes": 0,
    "best_scene_id": "LC08_L2SP_198021_20140410_02_T2",
    "best_platform": "L8",
    "best_sync": "time_known",
    "best_shift_hours": 19.1,
    "best_shift_days": 1,
    "best_time_uncertainty_hours": 0.0,
    "best_coverage_fraction": 1.0,
    "decision": "rejected",
    "reason_code": "time_shift",
    "reason": "сдвиг по времени больше допустимого",
    "detail": ""
   }
  },
  {
   "type": "Feature",
   "id": "S3:HE419_MarLitter_transect22",
   "geometry": {
    "type": "Polygon",
    "coordinates": [
     [
      [
       5.72679,
       55.45749
      ],
      [
       5.72691,
       55.45755
      ],
      [
       5.72704,
       55.4576
      ],
      [
       5.72718,
       55.45763
      ],
      [
       5.72733,
       55.45765
      ],
      [
       5.72749,
       55.45765
      ],
      [
       5.72764,
       55.45763
      ],
      [
       5.72778,
       55.45759
      ],
      [
       5.72791,
       55.45754
      ],
      [
       5.72802,
       55.45748
      ],
      [
       5.7281,
       55.45741
      ],
      [
       5.72816,
       55.45732
      ],
      [
       5.72819,
       55.45724
      ],
      [
       5.72819,
       55.45715
      ],
      [
       5.72816,
       55.45706
      ],
      [
       5.72809,
       55.45698
      ],
      [
       5.72801,
       55.45691
      ],
      [
       5.64721,
       55.40261
      ],
      [
       5.64709,
       55.40255
      ],
      [
       5.64696,
       55.4025
      ],
      [
       5.64682,
       55.40247
      ],
      [
       5.64667,
       55.40245
      ],
      [
       5.64651,
       55.40245
      ],
      [
       5.64636,
       55.40247
      ],
      [
       5.64622,
       55.40251
      ],
      [
       5.64609,
       55.40256
      ],
      [
       5.64598,
       55.40262
      ],
      [
       5.6459,
       55.40269
      ],
      [
       5.64584,
       55.40278
      ],
      [
       5.64581,
       55.40286
      ],
      [
       5.64581,
       55.40295
      ],
      [
       5.64584,
       55.40304
      ],
      [
       5.64591,
       55.40312
      ],
      [
       5.64599,
       55.40319
      ],
      [
       5.72679,
       55.45749
      ]
     ]
    ]
   },
   "properties": {
    "event_id": "S3:HE419_MarLitter_transect22",
    "source_id": "S3_SE_NORTH_SEA",
    "target_keys": [
     "litter-visual"
    ],
    "sample_ids": [
     "MPL-0109"
    ],
    "date": "2014-04-09",
    "time": "2014-04-09T17:18:00Z",
    "footprint_kind": "strip",
    "footprint_label": "полоса по концам трансекты",
    "footprint_radius_m": 50.0,
    "footprint_area_km2": 0.798,
    "geometry_approximate": false,
    "candidates": 2,
    "candidate_passes": 1,
    "accepted": 0,
    "accepted_passes": 0,
    "best_scene_id": "LC08_L2SP_198021_20140410_02_T2",
    "best_platform": "L8",
    "best_sync": "time_known",
    "best_shift_hours": 17.25,
    "best_shift_days": 1,
    "best_time_uncertainty_hours": 0.0,
    "best_coverage_fraction": 1.0,
    "decision": "rejected",
    "reason_code": "time_shift",
    "reason": "сдвиг по времени больше допустимого",
    "detail": ""
   }
  },
  {
   "type": "Feature",
   "id": "S3:HE419_MarLitter_transect23",
   "geometry": {
    "type": "Polygon",
    "coordinates": [
     [
      [
       6.40041,
       55.14439
      ],
      [
       6.40043,
       55.14448
      ],
      [
       6.40047,
       55.14456
      ],
      [
       6.40053,
       55.14464
      ],
      [
       6.40063,
       55.14471
      ],
      [
       6.40075,
       55.14477
      ],
      [
       6.40088,
       55.14481
      ],
      [
       6.40103,
       55.14484
      ],
      [
       6.40118,
       55.14485
      ],
      [
       6.40133,
       55.14484
      ],
      [
       6.40148,
       55.14482
      ],
      [
       6.40162,
       55.14478
      ],
      [
       6.40174,
       55.14473
      ],
      [
       6.40184,
       55.14466
      ],
      [
       6.40192,
       55.14458
      ],
      [
       6.40197,
       55.1445
      ],
      [
       6.40199,
       55.14441
      ],
      [
       6.40529,
       55.07651
      ],
      [
       6.40527,
       55.07642
      ],
      [
       6.40523,
       55.07634
      ],
      [
       6.40517,
       55.07626
      ],
      [
       6.40507,
       55.07619
      ],
      [
       6.40495,
       55.07613
      ],
      [
       6.40482,
       55.07609
      ],
      [
       6.40467,
       55.07606
      ],
      [
       6.40452,
       55.07605
      ],
      [
       6.40437,
       55.07606
      ],
      [
       6.40422,
       55.07608
      ],
      [
       6.40408,
       55.07612
      ],
      [
       6.40396,
       55.07617
      ],
      [
       6.40386,
       55.07624
      ],
      [
       6.40378,
       55.07632
      ],
      [
       6.40373,
       55.0764
      ],
      [
       6.40371,
       55.07649
      ],
      [
       6.40041,
       55.14439
      ]
     ]
    ]
   },
   "properties": {
    "event_id": "S3:HE419_MarLitter_transect23",
    "source_id": "S3_SE_NORTH_SEA",
    "target_keys": [
     "litter-visual"
    ],
    "sample_ids": [
     "MPL-0114"
    ],
    "date": "2014-04-10",
    "time": "2014-04-10T09:42:30Z",
    "footprint_kind": "strip",
    "footprint_label": "полоса по концам трансекты",
    "footprint_radius_m": 50.0,
    "footprint_area_km2": 0.7631,
    "geometry_approximate": false,
    "candidates": 2,
    "candidate_passes": 1,
    "accepted": 0,
    "accepted_passes": 0,
    "best_scene_id": "LC08_L2SP_198022_20140410_02_T1",
    "best_platform": "L8",
    "best_sync": "time_known",
    "best_shift_hours": 0.85,
    "best_shift_days": 0,
    "best_time_uncertainty_hours": 0.0,
    "best_coverage_fraction": 1.0,
    "decision": "rejected",
    "reason_code": "tile_cloud",
    "reason": "облачность тайла выше порога",
    "detail": ""
   }
  },
  {
   "type": "Feature",
   "id": "S3:HE419_MarLitter_transect24",
   "geometry": {
    "type": "Polygon",
    "coordinates": [
     [
      [
       6.26425,
       55.20868
      ],
      [
       6.26415,
       55.20875
      ],
      [
       6.26407,
       55.20882
      ],
      [
       6.26403,
       55.20891
      ],
      [
       6.26401,
       55.209
      ],
      [
       6.26403,
       55.20908
      ],
      [
       6.26407,
       55.20917
      ],
      [
       6.26414,
       55.20925
      ],
      [
       6.26424,
       55.20932
      ],
      [
       6.26436,
       55.20937
      ],
      [
       6.26449,
       55.20941
      ],
      [
       6.26464,
       55.20944
      ],
      [
       6.26479,
       55.20945
      ],
      [
       6.26495,
       55.20944
      ],
      [
       6.2651,
       55.20942
      ],
      [
       6.26523,
       55.20938
      ],
      [
       6.26535,
       55.20932
      ],
      [
       6.37235,
       55.14922
      ],
      [
       6.37245,
       55.14915
      ],
      [
       6.37253,
       55.14908
      ],
      [
       6.37257,
       55.14899
      ],
      [
       6.37259,
       55.1489
      ],
      [
       6.37257,
       55.14882
      ],
      [
       6.37253,
       55.14873
      ],
      [
       6.37246,
       55.14865
      ],
      [
       6.37236,
       55.14858
      ],
      [
       6.37224,
       55.14853
      ],
      [
       6.37211,
       55.14849
      ],
      [
       6.37196,
       55.14846
      ],
      [
       6.37181,
       55.14845
      ],
      [
       6.37165,
       55.14846
      ],
      [
       6.3715,
       55.14848
      ],
      [
       6.37137,
       55.14852
      ],
      [
       6.37125,
       55.14858
      ],
      [
       6.26425,
       55.20868
      ]
     ]
    ]
   },
   "properties": {
    "event_id": "S3:HE419_MarLitter_transect24",
    "source_id": "S3_SE_NORTH_SEA",
    "target_keys": [
     "litter-visual"
    ],
    "sample_ids": [
     "MPL-0123"
    ],
    "date": "2014-04-10",
    "time": "2014-04-10T12:34:00Z",
    "footprint_kind": "strip",
    "footprint_label": "полоса по концам трансекты",
    "footprint_radius_m": 50.0,
    "footprint_area_km2": 0.9608,
    "geometry_approximate": false,
    "candidates": 2,
    "candidate_passes": 1,
    "accepted": 0,
    "accepted_passes": 0,
    "best_scene_id": "LC08_L2SP_198022_20140410_02_T1",
    "best_platform": "L8",
    "best_sync": "time_known",
    "best_shift_hours": -2.02,
    "best_shift_days": 0,
    "best_time_uncertainty_hours": 0.0,
    "best_coverage_fraction": 1.0,
    "decision": "rejected",
    "reason_code": "tile_cloud",
    "reason": "облачность тайла выше порога",
    "detail": ""
   }
  },
  {
   "type": "Feature",
   "id": "S3:HE419_MarLitter_transect25",
   "geometry": {
    "type": "Polygon",
    "coordinates": [
     [
      [
       6.41107,
       55.29298
      ],
      [
       6.4112,
       55.29302
      ],
      [
       6.41135,
       55.29304
      ],
      [
       6.41151,
       55.29305
      ],
      [
       6.41166,
       55.29304
      ],
      [
       6.41181,
       55.29301
      ],
      [
       6.41194,
       55.29297
      ],
      [
       6.41206,
       55.29292
      ],
      [
       6.41216,
       55.29285
      ],
      [
       6.41223,
       55.29277
      ],
      [
       6.41228,
       55.29268
      ],
      [
       6.41229,
       55.2926
      ],
      [
       6.41227,
       55.29251
      ],
      [
       6.41223,
       55.29242
      ],
      [
       6.41215,
       55.29235
      ],
      [
       6.41205,
       55.29228
      ],
      [
       6.41193,
       55.29222
      ],
      [
       6.25143,
       55.23212
      ],
      [
       6.2513,
       55.23208
      ],
      [
       6.25115,
       55.23206
      ],
      [
       6.25099,
       55.23205
      ],
      [
       6.25084,
       55.23206
      ],
      [
       6.25069,
       55.23209
      ],
      [
       6.25056,
       55.23213
      ],
      [
       6.25044,
       55.23218
      ],
      [
       6.25034,
       55.23225
      ],
      [
       6.25027,
       55.23233
      ],
      [
       6.25022,
       55.23242
      ],
      [
       6.25021,
       55.2325
      ],
      [
       6.25023,
       55.23259
      ],
      [
       6.25027,
       55.23268
      ],
      [
       6.25035,
       55.23275
      ],
      [
       6.25045,
       55.23282
      ],
      [
       6.25057,
       55.23288
      ],
      [
       6.41107,
       55.29298
      ]
     ]
    ]
   },
   "properties": {
    "event_id": "S3:HE419_MarLitter_transect25",
    "source_id": "S3_SE_NORTH_SEA",
    "target_keys": [
     "litter-visual"
    ],
    "sample_ids": [
     "MPL-0132"
    ],
    "date": "2014-04-10",
    "time": "2014-04-10T14:50:00Z",
    "footprint_kind": "strip",
    "footprint_label": "полоса по концам трансекты",
    "footprint_radius_m": 50.0,
    "footprint_area_km2": 1.2247,
    "geometry_approximate": false,
    "candidates": 2,
    "candidate_passes": 1,
    "accepted": 0,
    "accepted_passes": 0,
    "best_scene_id": "LC08_L2SP_198022_20140410_02_T1",
    "best_platform": "L8",
    "best_sync": "time_known",
    "best_shift_hours": -4.29,
    "best_shift_days": 0,
    "best_time_uncertainty_hours": 0.0,
    "best_coverage_fraction": 1.0,
    "decision": "rejected",
    "reason_code": "tile_cloud",
    "reason": "облачность тайла выше порога",
    "detail": ""
   }
  },
  {
   "type": "Feature",
   "id": "S3:HE419_MarLitter_transect26",
   "geometry": {
    "type": "Polygon",
    "coordinates": [
     [
      [
       6.38061,
       55.36736
      ],
      [
       6.38061,
       55.36745
      ],
      [
       6.38065,
       55.36754
      ],
      [
       6.38071,
       55.36762
      ],
      [
       6.3808,
       55.36769
      ],
      [
       6.38091,
       55.36775
      ],
      [
       6.38104,
       55.3678
      ],
      [
       6.38118,
       55.36783
      ],
      [
       6.38134,
       55.36785
      ],
      [
       6.38149,
       55.36785
      ],
      [
       6.38164,
       55.36783
      ],
      [
       6.38178,
       55.36779
      ],
      [
       6.38191,
       55.36774
      ],
      [
       6.38202,
       55.36768
      ],
      [
       6.3821,
       55.36761
      ],
      [
       6.38216,
       55.36752
      ],
      [
       6.38219,
       55.36744
      ],
      [
       6.39459,
       55.28194
      ],
      [
       6.39459,
       55.28185
      ],
      [
       6.39455,
       55.28176
      ],
      [
       6.39449,
       55.28168
      ],
      [
       6.3944,
       55.28161
      ],
      [
       6.39429,
       55.28155
      ],
      [
       6.39416,
       55.2815
      ],
      [
       6.39402,
       55.28147
      ],
      [
       6.39386,
       55.28145
      ],
      [
       6.39371,
       55.28145
      ],
      [
       6.39356,
       55.28147
      ],
      [
       6.39342,
       55.28151
      ],
      [
       6.39329,
       55.28156
      ],
      [
       6.39318,
       55.28162
      ],
      [
       6.3931,
       55.28169
      ],
      [
       6.39304,
       55.28178
      ],
      [
       6.39301,
       55.28186
      ],
      [
       6.38061,
       55.36736
      ]
     ]
    ]
   },
   "properties": {
    "event_id": "S3:HE419_MarLitter_transect26",
    "source_id": "S3_SE_NORTH_SEA",
    "target_keys": [
     "litter-visual"
    ],
    "sample_ids": [
     "MPL-0138"
    ],
    "date": "2014-04-10",
    "time": "2014-04-10T16:28:30Z",
    "footprint_kind": "strip",
    "footprint_label": "полоса по концам трансекты",
    "footprint_radius_m": 50.0,
    "footprint_area_km2": 0.9618,
    "geometry_approximate": false,
    "candidates": 2,
    "candidate_passes": 1,
    "accepted": 0,
    "accepted_passes": 0,
    "best_scene_id": "LC08_L2SP_198022_20140410_02_T1",
    "best_platform": "L8",
    "best_sync": "time_known",
    "best_shift_hours": -5.93,
    "best_shift_days": 0,
    "best_time_uncertainty_hours": 0.0,
    "best_coverage_fraction": 1.0,
    "decision": "rejected",
    "reason_code": "tile_cloud",
    "reason": "облачность тайла выше порога",
    "detail": ""
   }
  },
  {
   "type": "Feature",
   "id": "S3:HE419_MarLitter_transect27",
   "geometry": {
    "type": "Polygon",
    "coordinates": [
     [
      [
       6.58475,
       55.32973
      ],
      [
       6.58489,
       55.32969
      ],
      [
       6.58502,
       55.32964
      ],
      [
       6.58513,
       55.32958
      ],
      [
       6.58521,
       55.3295
      ],
      [
       6.58526,
       55.32942
      ],
      [
       6.58529,
       55.32933
      ],
      [
       6.58528,
       55.32924
      ],
      [
       6.58525,
       55.32916
      ],
      [
       6.58519,
       55.32908
      ],
      [
       6.5851,
       55.32901
      ],
      [
       6.58498,
       55.32894
      ],
      [
       6.58485,
       55.3289
      ],
      [
       6.58471,
       55.32887
      ],
      [
       6.58456,
       55.32885
      ],
      [
       6.5844,
       55.32885
      ],
      [
       6.58425,
       55.32887
      ],
      [
       6.38095,
       55.36747
      ],
      [
       6.38081,
       55.36751
      ],
      [
       6.38068,
       55.36756
      ],
      [
       6.38057,
       55.36762
      ],
      [
       6.38049,
       55.3677
      ],
      [
       6.38044,
       55.36778
      ],
      [
       6.38041,
       55.36787
      ],
      [
       6.38042,
       55.36796
      ],
      [
       6.38045,
       55.36804
      ],
      [
       6.38051,
       55.36812
      ],
      [
       6.3806,
       55.36819
      ],
      [
       6.38072,
       55.36826
      ],
      [
       6.38085,
       55.3683
      ],
      [
       6.38099,
       55.36833
      ],
      [
       6.38114,
       55.36835
      ],
      [
       6.3813,
       55.36835
      ],
      [
       6.38145,
       55.36833
      ],
      [
       6.58475,
       55.32973
      ]
     ]
    ]
   },
   "properties": {
    "event_id": "S3:HE419_MarLitter_transect27",
    "source_id": "S3_SE_NORTH_SEA",
    "target_keys": [
     "litter-visual"
    ],
    "sample_ids": [
     "MPL-0141"
    ],
    "date": "2014-04-10",
    "time": "2014-04-10T18:49:30Z",
    "footprint_kind": "strip",
    "footprint_label": "полоса по концам трансекты",
    "footprint_radius_m": 50.0,
    "footprint_area_km2": 1.3629,
    "geometry_approximate": false,
    "candidates": 2,
    "candidate_passes": 1,
    "accepted": 0,
    "accepted_passes": 0,
    "best_scene_id": "LC08_L2SP_198022_20140410_02_T1",
    "best_platform": "L8",
    "best_sync": "time_known",
    "best_shift_hours": -8.28,
    "best_shift_days": 0,
    "best_time_uncertainty_hours": 0.0,
    "best_coverage_fraction": 1.0,
    "decision": "rejected",
    "reason_code": "tile_cloud",
    "reason": "облачность тайла выше порога",
    "detail": ""
   }
  },
  {
   "type": "Feature",
   "id": "S3:HE419_MarLitter_transect28",
   "geometry": {
    "type": "Polygon",
    "coordinates": [
     [
      [
       8.14668,
       54.90313
      ],
      [
       8.14668,
       54.90304
      ],
      [
       8.14664,
       54.90295
      ],
      [
       8.14658,
       54.90287
      ],
      [
       8.14649,
       54.9028
      ],
      [
       8.14637,
       54.90274
      ],
      [
       8.14624,
       54.9027
      ],
      [
       8.1461,
       54.90267
      ],
      [
       8.14595,
       54.90265
      ],
      [
       8.14579,
       54.90265
      ],
      [
       8.14564,
       54.90267
      ],
      [
       8.14551,
       54.90271
      ],
      [
       8.14538,
       54.90276
      ],
      [
       8.14528,
       54.90283
      ],
      [
       8.1452,
       54.9029
      ],
      [
       8.14514,
       54.90299
      ],
      [
       8.14512,
       54.90307
      ],
      [
       8.13412,
       55.00727
      ],
      [
       8.13412,
       55.00736
      ],
      [
       8.13416,
       55.00745
      ],
      [
       8.13422,
       55.00753
      ],
      [
       8.13431,
       55.0076
      ],
      [
       8.13443,
       55.00766
      ],
      [
       8.13456,
       55.0077
      ],
      [
       8.1347,
       55.00773
      ],
      [
       8.13485,
       55.00775
      ],
      [
       8.13501,
       55.00775
      ],
      [
       8.13516,
       55.00773
      ],
      [
       8.13529,
       55.00769
      ],
      [
       8.13542,
       55.00764
      ],
      [
       8.13552,
       55.00757
      ],
      [
       8.1356,
       55.0075
      ],
      [
       8.13566,
       55.00741
      ],
      [
       8.13568,
       55.00733
      ],
      [
       8.14668,
       54.90313
      ]
     ]
    ]
   },
   "properties": {
    "event_id": "S3:HE419_MarLitter_transect28",
    "source_id": "S3_SE_NORTH_SEA",
    "target_keys": [
     "litter-visual"
    ],
    "sample_ids": [
     "MPL-0171"
    ],
    "date": "2014-04-11",
    "time": "2014-04-11T08:50:30Z",
    "footprint_kind": "strip",
    "footprint_label": "полоса по концам трансекты",
    "footprint_radius_m": 50.0,
    "footprint_area_km2": 1.1686,
    "geometry_approximate": false,
    "candidates": 2,
    "candidate_passes": 1,
    "accepted": 0,
    "accepted_passes": 0,
    "best_scene_id": "LC08_L2SP_198021_20140410_02_T2",
    "best_platform": "L8",
    "best_sync": "time_known",
    "best_shift_hours": -22.3,
    "best_shift_days": -1,
    "best_time_uncertainty_hours": 0.0,
    "best_coverage_fraction": 0.3331,
    "decision": "rejected",
    "reason_code": "time_shift",
    "reason": "сдвиг по времени больше допустимого",
    "detail": ""
   }
  },
  {
   "type": "Feature",
   "id": "S3:HE419_MarLitter_transect29",
   "geometry": {
    "type": "Polygon",
    "coordinates": [
     [
      [
       8.12798,
       54.68178
      ],
      [
       8.12796,
       54.68169
      ],
      [
       8.1279,
       54.68161
      ],
      [
       8.12783,
       54.68153
      ],
      [
       8.12772,
       54.68147
      ],
      [
       8.1276,
       54.68141
      ],
      [
       8.12746,
       54.68138
      ],
      [
       8.12731,
       54.68136
      ],
      [
       8.12716,
       54.68135
      ],
      [
       8.12701,
       54.68136
      ],
      [
       8.12687,
       54.68139
      ],
      [
       8.12673,
       54.68144
      ],
      [
       8.12662,
       54.6815
      ],
      [
       8.12653,
       54.68157
      ],
      [
       8.12647,
       54.68165
      ],
      [
       8.12643,
       54.68173
      ],
      [
       8.12642,
       54.68182
      ],
      [
       8.14452,
       54.88922
      ],
      [
       8.14454,
       54.88931
      ],
      [
       8.1446,
       54.88939
      ],
      [
       8.14467,
       54.88947
      ],
      [
       8.14478,
       54.88953
      ],
      [
       8.1449,
       54.88959
      ],
      [
       8.14504,
       54.88962
      ],
      [
       8.14519,
       54.88964
      ],
      [
       8.14534,
       54.88965
      ],
      [
       8.14549,
       54.88964
      ],
      [
       8.14563,
       54.88961
      ],
      [
       8.14577,
       54.88956
      ],
      [
       8.14588,
       54.8895
      ],
      [
       8.14597,
       54.88943
      ],
      [
       8.14603,
       54.88935
      ],
      [
       8.14607,
       54.88927
      ],
      [
       8.14608,
       54.88918
      ],
      [
       8.12798,
       54.68178
      ]
     ]
    ]
   },
   "properties": {
    "event_id": "S3:HE419_MarLitter_transect29",
    "source_id": "S3_SE_NORTH_SEA",
    "target_keys": [
     "litter-visual"
    ],
    "sample_ids": [
     "MPL-0166"
    ],
    "date": "2014-04-11",
    "time": "2014-04-11T10:41:30Z",
    "footprint_kind": "strip",
    "footprint_label": "полоса по концам трансекты",
    "footprint_radius_m": 50.0,
    "footprint_area_km2": 2.3169,
    "geometry_approximate": false,
    "candidates": 1,
    "candidate_passes": 1,
    "accepted": 0,
    "accepted_passes": 0,
    "best_scene_id": "LC08_L2SP_196022_20140412_02_T1",
    "best_platform": "L8",
    "best_sync": "time_known",
    "best_shift_hours": 23.66,
    "best_shift_days": 1,
    "best_time_uncertainty_hours": 0.0,
    "best_coverage_fraction": 0.9977,
    "decision": "rejected",
    "reason_code": "time_shift",
    "reason": "сдвиг по времени больше допустимого",
    "detail": ""
   }
  },
  {
   "type": "Feature",
   "id": "S3:HE419_MarLitter_transect30",
   "geometry": {
    "type": "Polygon",
    "coordinates": [
     [
      [
       7.93678,
       54.502
      ],
      [
       7.93667,
       54.50194
      ],
      [
       7.93654,
       54.5019
      ],
      [
       7.9364,
       54.50187
      ],
      [
       7.93625,
       54.50185
      ],
      [
       7.9361,
       54.50185
      ],
      [
       7.93595,
       54.50187
      ],
      [
       7.93581,
       54.50191
      ],
      [
       7.93569,
       54.50196
      ],
      [
       7.93559,
       54.50203
      ],
      [
       7.93551,
       54.5021
      ],
      [
       7.93545,
       54.50218
      ],
      [
       7.93543,
       54.50227
      ],
      [
       7.93543,
       54.50236
      ],
      [
       7.93547,
       54.50244
      ],
      [
       7.93553,
       54.50252
      ],
      [
       7.93562,
       54.5026
      ],
      [
       8.09082,
       54.6055
      ],
      [
       8.09093,
       54.60556
      ],
      [
       8.09106,
       54.6056
      ],
      [
       8.0912,
       54.60563
      ],
      [
       8.09135,
       54.60565
      ],
      [
       8.0915,
       54.60565
      ],
      [
       8.09165,
       54.60563
      ],
      [
       8.09179,
       54.60559
      ],
      [
       8.09191,
       54.60554
      ],
      [
       8.09201,
       54.60547
      ],
      [
       8.09209,
       54.6054
      ],
      [
       8.09215,
       54.60532
      ],
      [
       8.09217,
       54.60523
      ],
      [
       8.09217,
       54.60514
      ],
      [
       8.09213,
       54.60506
      ],
      [
       8.09207,
       54.60498
      ],
      [
       8.09198,
       54.6049
      ],
      [
       7.93678,
       54.502
      ]
     ]
    ]
   },
   "properties": {
    "event_id": "S3:HE419_MarLitter_transect30",
    "source_id": "S3_SE_NORTH_SEA",
    "target_keys": [
     "litter-visual"
    ],
    "sample_ids": [
     "MPL-0158"
    ],
    "date": "2014-04-11",
    "time": "2014-04-11T13:07:30Z",
    "footprint_kind": "strip",
    "footprint_label": "полоса по концам трансекты",
    "footprint_radius_m": 50.0,
    "footprint_area_km2": 1.5279,
    "geometry_approximate": false,
    "candidates": 1,
    "candidate_passes": 1,
    "accepted": 0,
    "accepted_passes": 0,
    "best_scene_id": "LC08_L2SP_196022_20140412_02_T1",
    "best_platform": "L8",
    "best_sync": "time_known",
    "best_shift_hours": 21.23,
    "best_shift_days": 1,
    "best_time_uncertainty_hours": 0.0,
    "best_coverage_fraction": 0.7407,
    "decision": "rejected",
    "reason_code": "time_shift",
    "reason": "сдвиг по времени больше допустимого",
    "detail": ""
   }
  },
  {
   "type": "Feature",
   "id": "S3:HE419_MarLitter_transect31",
   "geometry": {
    "type": "Polygon",
    "coordinates": [
     [
      [
       7.71749,
       54.35321
      ],
      [
       7.71738,
       54.35315
      ],
      [
       7.71726,
       54.3531
      ],
      [
       7.71712,
       54.35307
      ],
      [
       7.71697,
       54.35305
      ],
      [
       7.71682,
       54.35305
      ],
      [
       7.71667,
       54.35307
      ],
      [
       7.71653,
       54.35311
      ],
      [
       7.7164,
       54.35315
      ],
      [
       7.7163,
       54.35322
      ],
      [
       7.71622,
       54.35329
      ],
      [
       7.71616,
       54.35337
      ],
      [
       7.71613,
       54.35346
      ],
      [
       7.71613,
       54.35355
      ],
      [
       7.71616,
       54.35363
      ],
      [
       7.71622,
       54.35372
      ],
      [
       7.71631,
       54.35379
      ],
      [
       7.87851,
       54.46679
      ],
      [
       7.87862,
       54.46685
      ],
      [
       7.87874,
       54.4669
      ],
      [
       7.87888,
       54.46693
      ],
      [
       7.87903,
       54.46695
      ],
      [
       7.87918,
       54.46695
      ],
      [
       7.87933,
       54.46693
      ],
      [
       7.87947,
       54.46689
      ],
      [
       7.8796,
       54.46685
      ],
      [
       7.8797,
       54.46678
      ],
      [
       7.87978,
       54.46671
      ],
      [
       7.87984,
       54.46663
      ],
      [
       7.87987,
       54.46654
      ],
      [
       7.87987,
       54.46645
      ],
      [
       7.87984,
       54.46637
      ],
      [
       7.87978,
       54.46628
      ],
      [
       7.87969,
       54.46621
      ],
      [
       7.71749,
       54.35321
      ]
     ]
    ]
   },
   "properties": {
    "event_id": "S3:HE419_MarLitter_transect31",
    "source_id": "S3_SE_NORTH_SEA",
    "target_keys": [
     "litter-visual"
    ],
    "sample_ids": [
     "MPL-0148"
    ],
    "date": "2014-04-11",
    "time": "2014-04-11T14:49:00Z",
    "footprint_kind": "strip",
    "footprint_label": "полоса по концам трансекты",
    "footprint_radius_m": 50.0,
    "footprint_area_km2": 1.645,
    "geometry_approximate": false,
    "candidates": 1,
    "candidate_passes": 1,
    "accepted": 0,
    "accepted_passes": 0,
    "best_scene_id": "LC08_L2SP_198022_20140410_02_T1",
    "best_platform": "L8",
    "best_sync": "time_known",
    "best_shift_hours": -28.27,
    "best_shift_days": -1,
    "best_time_uncertainty_hours": 0.0,
    "best_coverage_fraction": 0.8667,
    "decision": "rejected",
    "reason_code": "time_shift",
    "reason": "сдвиг по времени больше допустимого",
    "detail": ""
   }
  },
  {
   "type": "Feature",
   "id": "S3:HE419_MarLitter_transect32",
   "geometry": {
    "type": "Polygon",
    "coordinates": [
     [
      [
       8.17706,
       54.41605
      ],
      [
       8.17721,
       54.41604
      ],
      [
       8.17736,
       54.41602
      ],
      [
       8.1775,
       54.41599
      ],
      [
       8.17762,
       54.41593
      ],
      [
       8.17772,
       54.41587
      ],
      [
       8.1778,
       54.41579
      ],
      [
       8.17785,
       54.41571
      ],
      [
       8.17787,
       54.41562
      ],
      [
       8.17786,
       54.41553
      ],
      [
       8.17783,
       54.41545
      ],
      [
       8.17776,
       54.41537
      ],
      [
       8.17767,
       54.4153
      ],
      [
       8.17756,
       54.41524
      ],
      [
       8.17743,
       54.41519
      ],
      [
       8.17729,
       54.41516
      ],
      [
       8.17714,
       54.41515
      ],
      [
       7.71254,
       54.40165
      ],
      [
       7.71239,
       54.40166
      ],
      [
       7.71224,
       54.40168
      ],
      [
       7.7121,
       54.40171
      ],
      [
       7.71198,
       54.40177
      ],
      [
       7.71188,
       54.40183
      ],
      [
       7.7118,
       54.40191
      ],
      [
       7.71175,
       54.40199
      ],
      [
       7.71173,
       54.40208
      ],
      [
       7.71174,
       54.40217
      ],
      [
       7.71177,
       54.40225
      ],
      [
       7.71184,
       54.40233
      ],
      [
       7.71193,
       54.4024
      ],
      [
       7.71204,
       54.40246
      ],
      [
       7.71217,
       54.40251
      ],
      [
       7.71231,
       54.40254
      ],
      [
       7.71246,
       54.40255
      ],
      [
       8.17706,
       54.41605
      ]
     ]
    ]
   },
   "properties": {
    "event_id": "S3:HE419_MarLitter_transect32",
    "source_id": "S3_SE_NORTH_SEA",
    "target_keys": [
     "litter-visual"
    ],
    "sample_ids": [
     "MPL-0146"
    ],
    "date": "2014-04-11",
    "time": "2014-04-11T18:34:00Z",
    "footprint_kind": "strip",
    "footprint_label": "полоса по концам трансекты",
    "footprint_radius_m": 50.0,
    "footprint_area_km2": 3.0182,
    "geometry_approximate": false,
    "candidates": 2,
    "candidate_passes": 2,
    "accepted": 0,
    "accepted_passes": 0,
    "best_scene_id": "LC08_L2SP_196022_20140412_02_T1",
    "best_platform": "L8",
    "best_sync": "time_known",
    "best_shift_hours": 15.78,
    "best_shift_days": 1,
    "best_time_uncertainty_hours": 0.0,
    "best_coverage_fraction": 0.5539,
    "decision": "rejected",
    "reason_code": "time_shift",
    "reason": "сдвиг по времени больше допустимого",
    "detail": ""
   }
  },
  {
   "type": "Feature",
   "id": "S3:HE419_MarLitter_transect33",
   "geometry": {
    "type": "Polygon",
    "coordinates": [
     [
      [
       7.36412,
       53.85626
      ],
      [
       7.36397,
       53.85625
      ],
      [
       7.36382,
       53.85626
      ],
      [
       7.36368,
       53.85629
      ],
      [
       7.36355,
       53.85634
      ],
      [
       7.36344,
       53.8564
      ],
      [
       7.36335,
       53.85647
      ],
      [
       7.36328,
       53.85655
      ],
      [
       7.36325,
       53.85663
      ],
      [
       7.36324,
       53.85672
      ],
      [
       7.36326,
       53.85681
      ],
      [
       7.36331,
       53.85689
      ],
      [
       7.36338,
       53.85697
      ],
      [
       7.36348,
       53.85703
      ],
      [
       7.3636,
       53.85708
      ],
      [
       7.36374,
       53.85712
      ],
      [
       7.36388,
       53.85714
      ],
      [
       7.53228,
       53.87244
      ],
      [
       7.53243,
       53.87245
      ],
      [
       7.53258,
       53.87244
      ],
      [
       7.53272,
       53.87241
      ],
      [
       7.53285,
       53.87236
      ],
      [
       7.53296,
       53.8723
      ],
      [
       7.53305,
       53.87223
      ],
      [
       7.53312,
       53.87215
      ],
      [
       7.53315,
       53.87207
      ],
      [
       7.53316,
       53.87198
      ],
      [
       7.53314,
       53.87189
      ],
      [
       7.53309,
       53.87181
      ],
      [
       7.53302,
       53.87173
      ],
      [
       7.53292,
       53.87167
      ],
      [
       7.5328,
       53.87162
      ],
      [
       7.53266,
       53.87158
      ],
      [
       7.53252,
       53.87156
      ],
      [
       7.36412,
       53.85626
      ]
     ]
    ]
   },
   "properties": {
    "event_id": "S3:HE419_MarLitter_transect33",
    "source_id": "S3_SE_NORTH_SEA",
    "target_keys": [
     "litter-visual"
    ],
    "sample_ids": [
     "MPL-0192"
    ],
    "date": "2014-04-12",
    "time": "2014-04-12T08:26:00Z",
    "footprint_kind": "strip",
    "footprint_label": "полоса по концам трансекты",
    "footprint_radius_m": 50.0,
    "footprint_area_km2": 1.1251,
    "geometry_approximate": false,
    "candidates": 2,
    "candidate_passes": 2,
    "accepted": 0,
    "accepted_passes": 0,
    "best_scene_id": "LE07_L2SP_197023_20140411_02_T1",
    "best_platform": "LANDSAT-7",
    "best_sync": "time_known",
    "best_shift_hours": -22.03,
    "best_shift_days": -1,
    "best_time_uncertainty_hours": 0.0,
    "best_coverage_fraction": 1.0,
    "decision": "rejected",
    "reason_code": "time_shift",
    "reason": "сдвиг по времени больше допустимого",
    "detail": ""
   }
  },
  {
   "type": "Feature",
   "id": "S3:HE419_MarLitter_transect34",
   "geometry": {
    "type": "Polygon",
    "coordinates": [
     [
      [
       7.10439,
       53.82236
      ],
      [
       7.10425,
       53.82235
      ],
      [
       7.1041,
       53.82235
      ],
      [
       7.10395,
       53.82238
      ],
      [
       7.10381,
       53.82241
      ],
      [
       7.10369,
       53.82246
      ],
      [
       7.10359,
       53.82253
      ],
      [
       7.10351,
       53.8226
      ],
      [
       7.10346,
       53.82269
      ],
      [
       7.10344,
       53.82277
      ],
      [
       7.10345,
       53.82286
      ],
      [
       7.10348,
       53.82295
      ],
      [
       7.10354,
       53.82303
      ],
      [
       7.10363,
       53.8231
      ],
      [
       7.10374,
       53.82316
      ],
      [
       7.10387,
       53.8232
      ],
      [
       7.10401,
       53.82324
      ],
      [
       7.33371,
       53.85864
      ],
      [
       7.33385,
       53.85865
      ],
      [
       7.334,
       53.85865
      ],
      [
       7.33415,
       53.85862
      ],
      [
       7.33429,
       53.85859
      ],
      [
       7.33441,
       53.85854
      ],
      [
       7.33451,
       53.85847
      ],
      [
       7.33459,
       53.8584
      ],
      [
       7.33464,
       53.85831
      ],
      [
       7.33466,
       53.85823
      ],
      [
       7.33465,
       53.85814
      ],
      [
       7.33462,
       53.85805
      ],
      [
       7.33456,
       53.85797
      ],
      [
       7.33447,
       53.8579
      ],
      [
       7.33436,
       53.85784
      ],
      [
       7.33423,
       53.8578
      ],
      [
       7.33409,
       53.85776
      ],
      [
       7.10439,
       53.82236
      ]
     ]
    ]
   },
   "properties": {
    "event_id": "S3:HE419_MarLitter_transect34",
    "source_id": "S3_SE_NORTH_SEA",
    "target_keys": [
     "litter-visual"
    ],
    "sample_ids": [
     "MPL-0183"
    ],
    "date": "2014-04-12",
    "time": "2014-04-12T10:00:00Z",
    "footprint_kind": "strip",
    "footprint_label": "полоса по концам трансекты",
    "footprint_radius_m": 50.0,
    "footprint_area_km2": 1.5654,
    "geometry_approximate": false,
    "candidates": 2,
    "candidate_passes": 2,
    "accepted": 0,
    "accepted_passes": 0,
    "best_scene_id": "LE07_L2SP_197023_20140411_02_T1",
    "best_platform": "LANDSAT-7",
    "best_sync": "time_known",
    "best_shift_hours": -23.6,
    "best_shift_days": -1,
    "best_time_uncertainty_hours": 0.0,
    "best_coverage_fraction": 1.0,
    "decision": "rejected",
    "reason_code": "time_shift",
    "reason": "сдвиг по времени больше допустимого",
    "detail": ""
   }
  },
  {
   "type": "Feature",
   "id": "S3:HE419_MarLitter_transect35",
   "geometry": {
    "type": "Polygon",
    "coordinates": [
     [
      [
       6.9106,
       53.87002
      ],
      [
       6.91048,
       53.87007
      ],
      [
       6.91038,
       53.87013
      ],
      [
       6.91031,
       53.87021
      ],
      [
       6.91026,
       53.87029
      ],
      [
       6.91024,
       53.87038
      ],
      [
       6.91025,
       53.87047
      ],
      [
       6.91028,
       53.87055
      ],
      [
       6.91035,
       53.87063
      ],
      [
       6.91044,
       53.8707
      ],
      [
       6.91055,
       53.87076
      ],
      [
       6.91068,
       53.87081
      ],
      [
       6.91082,
       53.87084
      ],
      [
       6.91097,
       53.87085
      ],
      [
       6.91112,
       53.87084
      ],
      [
       6.91126,
       53.87082
      ],
      [
       6.9114,
       53.87078
      ],
      [
       7.0705,
       53.81368
      ],
      [
       7.07062,
       53.81363
      ],
      [
       7.07072,
       53.81357
      ],
      [
       7.07079,
       53.81349
      ],
      [
       7.07084,
       53.81341
      ],
      [
       7.07086,
       53.81332
      ],
      [
       7.07085,
       53.81323
      ],
      [
       7.07082,
       53.81315
      ],
      [
       7.07075,
       53.81307
      ],
      [
       7.07066,
       53.813
      ],
      [
       7.07055,
       53.81294
      ],
      [
       7.07042,
       53.81289
      ],
      [
       7.07028,
       53.81286
      ],
      [
       7.07013,
       53.81285
      ],
      [
       7.06998,
       53.81286
      ],
      [
       7.06984,
       53.81288
      ],
      [
       7.0697,
       53.81292
      ],
      [
       6.9106,
       53.87002
      ]
     ]
    ]
   },
   "properties": {
    "event_id": "S3:HE419_MarLitter_transect35",
    "source_id": "S3_SE_NORTH_SEA",
    "target_keys": [
     "litter-visual"
    ],
    "sample_ids": [
     "MPL-0185"
    ],
    "date": "2014-04-12",
    "time": "2014-04-12T12:21:00Z",
    "footprint_kind": "strip",
    "footprint_label": "полоса по концам трансекты",
    "footprint_radius_m": 50.0,
    "footprint_area_km2": 1.2295,
    "geometry_approximate": false,
    "candidates": 2,
    "candidate_passes": 2,
    "accepted": 0,
    "accepted_passes": 0,
    "best_scene_id": "LE07_L2SP_197023_20140411_02_T1",
    "best_platform": "LANDSAT-7",
    "best_sync": "time_known",
    "best_shift_hours": -25.95,
    "best_shift_days": -1,
    "best_time_uncertainty_hours": 0.0,
    "best_coverage_fraction": 1.0,
    "decision": "rejected",
    "reason_code": "time_shift",
    "reason": "сдвиг по времени больше допустимого",
    "detail": ""
   }
  },
  {
   "type": "Feature",
   "id": "S3:HE419_MarLitter_transect36",
   "geometry": {
    "type": "Polygon",
    "coordinates": [
     [
      [
       6.70942,
       53.84286
      ],
      [
       6.70927,
       53.84285
      ],
      [
       6.70912,
       53.84286
      ],
      [
       6.70898,
       53.84289
      ],
      [
       6.70885,
       53.84294
      ],
      [
       6.70874,
       53.84299
      ],
      [
       6.70865,
       53.84306
      ],
      [
       6.70859,
       53.84314
      ],
      [
       6.70855,
       53.84323
      ],
      [
       6.70854,
       53.84332
      ],
      [
       6.70856,
       53.8434
      ],
      [
       6.70861,
       53.84349
      ],
      [
       6.70868,
       53.84356
      ],
      [
       6.70878,
       53.84363
      ],
      [
       6.7089,
       53.84368
      ],
      [
       6.70904,
       53.84372
      ],
      [
       6.70918,
       53.84374
      ],
      [
       6.86118,
       53.85804
      ],
      [
       6.86133,
       53.85805
      ],
      [
       6.86148,
       53.85804
      ],
      [
       6.86162,
       53.85801
      ],
      [
       6.86175,
       53.85796
      ],
      [
       6.86186,
       53.85791
      ],
      [
       6.86195,
       53.85784
      ],
      [
       6.86201,
       53.85776
      ],
      [
       6.86205,
       53.85767
      ],
      [
       6.86206,
       53.85758
      ],
      [
       6.86204,
       53.8575
      ],
      [
       6.86199,
       53.85741
      ],
      [
       6.86192,
       53.85734
      ],
      [
       6.86182,
       53.85727
      ],
      [
       6.8617,
       53.85722
      ],
      [
       6.86156,
       53.85718
      ],
      [
       6.86142,
       53.85716
      ],
      [
       6.70942,
       53.84286
      ]
     ]
    ]
   },
   "properties": {
    "event_id": "S3:HE419_MarLitter_transect36",
    "source_id": "S3_SE_NORTH_SEA",
    "target_keys": [
     "litter-visual"
    ],
    "sample_ids": [
     "MPL-0188"
    ],
    "date": "2014-04-12",
    "time": "2014-04-12T13:56:30Z",
    "footprint_kind": "strip",
    "footprint_label": "полоса по концам трансекты",
    "footprint_radius_m": 50.0,
    "footprint_area_km2": 1.0174,
    "geometry_approximate": false,
    "candidates": 2,
    "candidate_passes": 2,
    "accepted": 0,
    "accepted_passes": 0,
    "best_scene_id": "LE07_L2SP_197023_20140411_02_T1",
    "best_platform": "LANDSAT-7",
    "best_sync": "time_known",
    "best_shift_hours": -27.54,
    "best_shift_days": -1,
    "best_time_uncertainty_hours": 0.0,
    "best_coverage_fraction": 1.0,
    "decision": "rejected",
    "reason_code": "time_shift",
    "reason": "сдвиг по времени больше допустимого",
    "detail": ""
   }
  },
  {
   "type": "Feature",
   "id": "S3:HE419_MarLitter_transect37",
   "geometry": {
    "type": "Polygon",
    "coordinates": [
     [
      [
       6.49011,
       53.72993
      ],
      [
       6.49001,
       53.72987
      ],
      [
       6.48989,
       53.72982
      ],
      [
       6.48976,
       53.72978
      ],
      [
       6.48962,
       53.72976
      ],
      [
       6.48947,
       53.72975
      ],
      [
       6.48932,
       53.72976
      ],
      [
       6.48918,
       53.72979
      ],
      [
       6.48905,
       53.72984
      ],
      [
       6.48894,
       53.7299
      ],
      [
       6.48885,
       53.72997
      ],
      [
       6.48878,
       53.73005
      ],
      [
       6.48875,
       53.73013
      ],
      [
       6.48874,
       53.73022
      ],
      [
       6.48876,
       53.73031
      ],
      [
       6.48881,
       53.73039
      ],
      [
       6.48889,
       53.73047
      ],
      [
       6.58819,
       53.81037
      ],
      [
       6.58829,
       53.81043
      ],
      [
       6.58841,
       53.81048
      ],
      [
       6.58854,
       53.81052
      ],
      [
       6.58868,
       53.81054
      ],
      [
       6.58883,
       53.81055
      ],
      [
       6.58898,
       53.81054
      ],
      [
       6.58912,
       53.81051
      ],
      [
       6.58925,
       53.81046
      ],
      [
       6.58936,
       53.8104
      ],
      [
       6.58945,
       53.81033
      ],
      [
       6.58952,
       53.81025
      ],
      [
       6.58955,
       53.81017
      ],
      [
       6.58956,
       53.81008
      ],
      [
       6.58954,
       53.80999
      ],
      [
       6.58949,
       53.80991
      ],
      [
       6.58941,
       53.80983
      ],
      [
       6.49011,
       53.72993
      ]
     ]
    ]
   },
   "properties": {
    "event_id": "S3:HE419_MarLitter_transect37",
    "source_id": "S3_SE_NORTH_SEA",
    "target_keys": [
     "litter-visual"
    ],
    "sample_ids": [
     "MPL-0179"
    ],
    "date": "2014-04-12",
    "time": "2014-04-12T16:08:30Z",
    "footprint_kind": "strip",
    "footprint_label": "полоса по концам трансекты",
    "footprint_radius_m": 50.0,
    "footprint_area_km2": 1.1102,
    "geometry_approximate": false,
    "candidates": 3,
    "candidate_passes": 2,
    "accepted": 0,
    "accepted_passes": 0,
    "best_scene_id": "LE07_L2SP_197023_20140411_02_T1",
    "best_platform": "LANDSAT-7",
    "best_sync": "time_known",
    "best_shift_hours": -29.74,
    "best_shift_days": -1,
    "best_time_uncertainty_hours": 0.0,
    "best_coverage_fraction": 1.0,
    "decision": "rejected",
    "reason_code": "time_shift",
    "reason": "сдвиг по времени больше допустимого",
    "detail": ""
   }
  },
  {
   "type": "Feature",
   "id": "S3:HE419_MarLitter_transect38",
   "geometry": {
    "type": "Polygon",
    "coordinates": [
     [
      [
       6.42035,
       53.68354
      ],
      [
       6.42023,
       53.68349
      ],
      [
       6.42009,
       53.68346
      ],
      [
       6.41994,
       53.68345
      ],
      [
       6.41979,
       53.68346
      ],
      [
       6.41965,
       53.68348
      ],
      [
       6.41951,
       53.68351
      ],
      [
       6.41939,
       53.68357
      ],
      [
       6.41929,
       53.68363
      ],
      [
       6.41921,
       53.68371
      ],
      [
       6.41916,
       53.68379
      ],
      [
       6.41914,
       53.68388
      ],
      [
       6.41915,
       53.68397
      ],
      [
       6.41918,
       53.68405
      ],
      [
       6.41925,
       53.68413
      ],
      [
       6.41934,
       53.6842
      ],
      [
       6.41945,
       53.68426
      ],
      [
       6.49295,
       53.71666
      ],
      [
       6.49307,
       53.71671
      ],
      [
       6.49321,
       53.71674
      ],
      [
       6.49336,
       53.71675
      ],
      [
       6.49351,
       53.71674
      ],
      [
       6.49365,
       53.71672
      ],
      [
       6.49379,
       53.71669
      ],
      [
       6.49391,
       53.71663
      ],
      [
       6.49401,
       53.71657
      ],
      [
       6.49409,
       53.71649
      ],
      [
       6.49414,
       53.71641
      ],
      [
       6.49416,
       53.71632
      ],
      [
       6.49415,
       53.71623
      ],
      [
       6.49412,
       53.71615
      ],
      [
       6.49405,
       53.71607
      ],
      [
       6.49396,
       53.716
      ],
      [
       6.49385,
       53.71594
      ],
      [
       6.42035,
       53.68354
      ]
     ]
    ]
   },
   "properties": {
    "event_id": "S3:HE419_MarLitter_transect38",
    "source_id": "S3_SE_NORTH_SEA",
    "target_keys": [
     "litter-visual"
    ],
    "sample_ids": [
     "MPL-0176"
    ],
    "date": "2014-04-12",
    "time": "2014-04-12T17:35:30Z",
    "footprint_kind": "strip",
    "footprint_label": "полоса по концам трансекты",
    "footprint_radius_m": 50.0,
    "footprint_area_km2": 0.611,
    "geometry_approximate": false,
    "candidates": 3,
    "candidate_passes": 2,
    "accepted": 0,
    "accepted_passes": 0,
    "best_scene_id": "LE07_L2SP_197023_20140411_02_T1",
    "best_platform": "LANDSAT-7",
    "best_sync": "time_known",
    "best_shift_hours": -31.19,
    "best_shift_days": -1,
    "best_time_uncertainty_hours": 0.0,
    "best_coverage_fraction": 1.0,
    "decision": "rejected",
    "reason_code": "time_shift",
    "reason": "сдвиг по времени больше допустимого",
    "detail": ""
   }
  },
  {
   "type": "Feature",
   "id": "S3:HE460_MarLitter_transect01",
   "geometry": {
    "type": "Polygon",
    "coordinates": [
     [
      [
       8.01233,
       54.238
      ],
      [
       8.01056,
       54.22747
      ],
      [
       8.0053,
       54.21735
      ],
      [
       7.99677,
       54.20802
      ],
      [
       7.98529,
       54.19985
      ],
      [
       7.9713,
       54.19313
      ],
      [
       7.95533,
       54.18815
      ],
      [
       7.93801,
       54.18508
      ],
      [
       7.92,
       54.18404
      ],
      [
       7.90199,
       54.18508
      ],
      [
       7.88467,
       54.18815
      ],
      [
       7.8687,
       54.19313
      ],
      [
       7.85471,
       54.19985
      ],
      [
       7.84323,
       54.20802
      ],
      [
       7.8347,
       54.21735
      ],
      [
       7.82944,
       54.22747
      ],
      [
       7.82767,
       54.238
      ],
      [
       7.82944,
       54.24853
      ],
      [
       7.8347,
       54.25865
      ],
      [
       7.84323,
       54.26798
      ],
      [
       7.85471,
       54.27615
      ],
      [
       7.8687,
       54.28287
      ],
      [
       7.88467,
       54.28785
      ],
      [
       7.90199,
       54.29092
      ],
      [
       7.92,
       54.29196
      ],
      [
       7.93801,
       54.29092
      ],
      [
       7.95533,
       54.28785
      ],
      [
       7.9713,
       54.28287
      ],
      [
       7.98529,
       54.27615
      ],
      [
       7.99677,
       54.26798
      ],
      [
       8.0053,
       54.25865
      ],
      [
       8.01056,
       54.24853
      ],
      [
       8.01233,
       54.238
      ]
     ]
    ]
   },
   "properties": {
    "event_id": "S3:HE460_MarLitter_transect01",
    "source_id": "S3_SE_NORTH_SEA",
    "target_keys": [
     "litter-visual"
    ],
    "sample_ids": [
     "MPL-0779"
    ],
    "date": "2016-04-08",
    "time": "2016-04-08T16:38:30Z",
    "footprint_kind": "point",
    "footprint_label": "только центр наблюдения: протяжённость неизвестна, круг неопределённости",
    "footprint_radius_m": 6000.0,
    "footprint_area_km2": 112.372,
    "geometry_approximate": false,
    "candidates": 3,
    "candidate_passes": 3,
    "accepted": 0,
    "accepted_passes": 0,
    "best_scene_id": "LC08_L2SP_197022_20160408_02_T1",
    "best_platform": "L8",
    "best_sync": "time_known",
    "best_shift_hours": -6.2,
    "best_shift_days": 0,
    "best_time_uncertainty_hours": 0.0,
    "best_coverage_fraction": 1.0,
    "decision": "rejected",
    "reason_code": "tile_cloud",
    "reason": "облачность тайла выше порога",
    "detail": ""
   }
  },
  {
   "type": "Feature",
   "id": "S3:HE460_MarLitter_transect02",
   "geometry": {
    "type": "Polygon",
    "coordinates": [
     [
      [
       7.1928,
       54.44106
      ],
      [
       7.19266,
       54.4411
      ],
      [
       7.19253,
       54.44114
      ],
      [
       7.19242,
       54.4412
      ],
      [
       7.19233,
       54.44127
      ],
      [
       7.19227,
       54.44135
      ],
      [
       7.19223,
       54.44144
      ],
      [
       7.19223,
       54.44153
      ],
      [
       7.19225,
       54.44161
      ],
      [
       7.1923,
       54.4417
      ],
      [
       7.19238,
       54.44177
      ],
      [
       7.19249,
       54.44184
      ],
      [
       7.19261,
       54.44189
      ],
      [
       7.19275,
       54.44192
      ],
      [
       7.19289,
       54.44195
      ],
      [
       7.19305,
       54.44195
      ],
      [
       7.1932,
       54.44194
      ],
      [
       7.5163,
       54.39284
      ],
      [
       7.51644,
       54.3928
      ],
      [
       7.51657,
       54.39276
      ],
      [
       7.51668,
       54.3927
      ],
      [
       7.51677,
       54.39263
      ],
      [
       7.51683,
       54.39255
      ],
      [
       7.51687,
       54.39246
      ],
      [
       7.51687,
       54.39237
      ],
      [
       7.51685,
       54.39229
      ],
      [
       7.5168,
       54.3922
      ],
      [
       7.51672,
       54.39213
      ],
      [
       7.51661,
       54.39206
      ],
      [
       7.51649,
       54.39201
      ],
      [
       7.51635,
       54.39198
      ],
      [
       7.51621,
       54.39195
      ],
      [
       7.51605,
       54.39195
      ],
      [
       7.5159,
       54.39196
      ],
      [
       7.1928,
       54.44106
      ]
     ]
    ]
   },
   "properties": {
    "event_id": "S3:HE460_MarLitter_transect02",
    "source_id": "S3_SE_NORTH_SEA",
    "target_keys": [
     "litter-visual"
    ],
    "sample_ids": [
     "MPL-0787"
    ],
    "date": "2016-04-09",
    "time": "2016-04-09T15:28:00Z",
    "footprint_kind": "strip",
    "footprint_label": "полоса по концам трансекты",
    "footprint_radius_m": 50.0,
    "footprint_area_km2": 2.1685,
    "geometry_approximate": false,
    "candidates": 2,
    "candidate_passes": 2,
    "accepted": 0,
    "accepted_passes": 0,
    "best_scene_id": "LC08_L2SP_197022_20160408_02_T1",
    "best_platform": "L8",
    "best_sync": "time_known",
    "best_shift_hours": -29.03,
    "best_shift_days": -1,
    "best_time_uncertainty_hours": 0.0,
    "best_coverage_fraction": 1.0,
    "decision": "rejected",
    "reason_code": "time_shift",
    "reason": "сдвиг по времени больше допустимого",
    "detail": ""
   }
  },
  {
   "type": "Feature",
   "id": "S3:HE460_MarLitter_transect03",
   "geometry": {
    "type": "Polygon",
    "coordinates": [
     [
      [
       6.5593,
       54.9339
      ],
      [
       6.55924,
       54.93399
      ],
      [
       6.55922,
       54.93407
      ],
      [
       6.55923,
       54.93416
      ],
      [
       6.55926,
       54.93425
      ],
      [
       6.55933,
       54.93433
      ],
      [
       6.55942,
       54.9344
      ],
      [
       6.55953,
       54.93446
      ],
      [
       6.55966,
       54.9345
      ],
      [
       6.5598,
       54.93454
      ],
      [
       6.55996,
       54.93455
      ],
      [
       6.56011,
       54.93455
      ],
      [
       6.56026,
       54.93452
      ],
      [
       6.5604,
       54.93449
      ],
      [
       6.56052,
       54.93444
      ],
      [
       6.56062,
       54.93437
      ],
      [
       6.5607,
       54.9343
      ],
      [
       6.7166,
       54.7485
      ],
      [
       6.71666,
       54.74841
      ],
      [
       6.71668,
       54.74833
      ],
      [
       6.71667,
       54.74824
      ],
      [
       6.71664,
       54.74815
      ],
      [
       6.71657,
       54.74807
      ],
      [
       6.71648,
       54.748
      ],
      [
       6.71637,
       54.74794
      ],
      [
       6.71624,
       54.7479
      ],
      [
       6.7161,
       54.74786
      ],
      [
       6.71594,
       54.74785
      ],
      [
       6.71579,
       54.74785
      ],
      [
       6.71564,
       54.74788
      ],
      [
       6.7155,
       54.74791
      ],
      [
       6.71538,
       54.74796
      ],
      [
       6.71528,
       54.74803
      ],
      [
       6.7152,
       54.7481
      ],
      [
       6.5593,
       54.9339
      ]
     ]
    ]
   },
   "properties": {
    "event_id": "S3:HE460_MarLitter_transect03",
    "source_id": "S3_SE_NORTH_SEA",
    "target_keys": [
     "litter-visual"
    ],
    "sample_ids": [
     "MPL-0798"
    ],
    "date": "2016-04-10",
    "time": "2016-04-10T16:46:30Z",
    "footprint_kind": "strip",
    "footprint_label": "полоса по концам трансекты",
    "footprint_radius_m": 50.0,
    "footprint_area_km2": 2.3023,
    "geometry_approximate": false,
    "candidates": 2,
    "candidate_passes": 2,
    "accepted": 0,
    "accepted_passes": 0,
    "best_scene_id": "LC08_L2SP_197022_20160408_02_T1",
    "best_platform": "L8",
    "best_sync": "time_known",
    "best_shift_hours": -54.34,
    "best_shift_days": -2,
    "best_time_uncertainty_hours": 0.0,
    "best_coverage_fraction": 0.5951,
    "decision": "rejected",
    "reason_code": "time_shift",
    "reason": "сдвиг по времени больше допустимого",
    "detail": ""
   }
  },
  {
   "type": "Feature",
   "id": "S4:DOORS3:T1",
   "geometry": {
    "type": "Polygon",
    "coordinates": [
     [
      [
       29.69722,
       43.60877
      ],
      [
       29.69579,
       43.59824
      ],
      [
       29.69155,
       43.58812
      ],
      [
       29.68466,
       43.57879
      ],
      [
       29.6754,
       43.57062
      ],
      [
       29.6641,
       43.5639
      ],
      [
       29.65122,
       43.55892
      ],
      [
       29.63724,
       43.55585
      ],
      [
       29.6227,
       43.55481
      ],
      [
       29.60816,
       43.55585
      ],
      [
       29.59418,
       43.55892
      ],
      [
       29.5813,
       43.5639
      ],
      [
       29.57,
       43.57062
      ],
      [
       29.56074,
       43.57879
      ],
      [
       29.55385,
       43.58812
      ],
      [
       29.54961,
       43.59824
      ],
      [
       29.54818,
       43.60877
      ],
      [
       29.54961,
       43.6193
      ],
      [
       29.55385,
       43.62942
      ],
      [
       29.56074,
       43.63875
      ],
      [
       29.57,
       43.64692
      ],
      [
       29.5813,
       43.65364
      ],
      [
       29.59418,
       43.65862
      ],
      [
       29.60816,
       43.66169
      ],
      [
       29.6227,
       43.66273
      ],
      [
       29.63724,
       43.66169
      ],
      [
       29.65122,
       43.65862
      ],
      [
       29.6641,
       43.65364
      ],
      [
       29.6754,
       43.64692
      ],
      [
       29.68466,
       43.63875
      ],
      [
       29.69155,
       43.62942
      ],
      [
       29.69579,
       43.6193
      ],
      [
       29.69722,
       43.60877
      ]
     ]
    ]
   },
   "properties": {
    "event_id": "S4:DOORS3:T1",
    "source_id": "S4_BLACK_SEA_DOORS3",
    "target_keys": [
     "litter-visual"
    ],
    "sample_ids": [
     "MPL-0904"
    ],
    "date": "2024-06-02",
    "time": null,
    "footprint_kind": "point",
    "footprint_label": "только центр наблюдения: протяжённость неизвестна, круг неопределённости",
    "footprint_radius_m": 6000.0,
    "footprint_area_km2": 112.372,
    "geometry_approximate": false,
    "candidates": 7,
    "candidate_passes": 4,
    "accepted": 1,
    "accepted_passes": 1,
    "best_scene_id": "S2A_T35TQJ_20240602T084613_L2A",
    "best_platform": "S2A",
    "best_sync": "daylight_bounded",
    "best_shift_hours": null,
    "best_shift_days": 0,
    "best_time_uncertainty_hours": 8.63,
    "best_coverage_fraction": 1.0,
    "decision": "accepted",
    "reason_code": "accepted",
    "reason": "пара принята",
    "detail": ""
   }
  },
  {
   "type": "Feature",
   "id": "S4:DOORS3:T10",
   "geometry": {
    "type": "Polygon",
    "coordinates": [
     [
      [
       34.14373,
       42.88389
      ],
      [
       34.14232,
       42.87336
      ],
      [
       34.13813,
       42.86324
      ],
      [
       34.13132,
       42.85391
      ],
      [
       34.12216,
       42.84574
      ],
      [
       34.111,
       42.83902
      ],
      [
       34.09827,
       42.83404
      ],
      [
       34.08446,
       42.83097
      ],
      [
       34.07009,
       42.82993
      ],
      [
       34.05572,
       42.83097
      ],
      [
       34.04191,
       42.83404
      ],
      [
       34.02918,
       42.83902
      ],
      [
       34.01802,
       42.84574
      ],
      [
       34.00886,
       42.85391
      ],
      [
       34.00205,
       42.86324
      ],
      [
       33.99786,
       42.87336
      ],
      [
       33.99645,
       42.88389
      ],
      [
       33.99786,
       42.89442
      ],
      [
       34.00205,
       42.90454
      ],
      [
       34.00886,
       42.91387
      ],
      [
       34.01802,
       42.92204
      ],
      [
       34.02918,
       42.92876
      ],
      [
       34.04191,
       42.93374
      ],
      [
       34.05572,
       42.93681
      ],
      [
       34.07009,
       42.93785
      ],
      [
       34.08446,
       42.93681
      ],
      [
       34.09827,
       42.93374
      ],
      [
       34.111,
       42.92876
      ],
      [
       34.12216,
       42.92204
      ],
      [
       34.13132,
       42.91387
      ],
      [
       34.13813,
       42.90454
      ],
      [
       34.14232,
       42.89442
      ],
      [
       34.14373,
       42.88389
      ]
     ]
    ]
   },
   "properties": {
    "event_id": "S4:DOORS3:T10",
    "source_id": "S4_BLACK_SEA_DOORS3",
    "target_keys": [
     "litter-visual"
    ],
    "sample_ids": [
     "MPL-0905"
    ],
    "date": "2024-06-03",
    "time": null,
    "footprint_kind": "point",
    "footprint_label": "только центр наблюдения: протяжённость неизвестна, круг неопределённости",
    "footprint_radius_m": 6000.0,
    "footprint_area_km2": 112.372,
    "geometry_approximate": false,
    "candidates": 4,
    "candidate_passes": 4,
    "accepted": 0,
    "accepted_passes": 0,
    "best_scene_id": "S2B_T36TWN_20240604T084755_L2A",
    "best_platform": "S2B",
    "best_sync": "daylight_bounded",
    "best_shift_hours": null,
    "best_shift_days": 1,
    "best_time_uncertainty_hours": 30.7,
    "best_coverage_fraction": 1.0,
    "decision": "rejected",
    "reason_code": "time_shift",
    "reason": "сдвиг по времени больше допустимого",
    "detail": ""
   }
  },
  {
   "type": "Feature",
   "id": "S4:DOORS3:T11",
   "geometry": {
    "type": "Polygon",
    "coordinates": [
     [
      [
       36.75124,
       42.49278
      ],
      [
       36.74983,
       42.48225
      ],
      [
       36.74567,
       42.47213
      ],
      [
       36.73891,
       42.4628
      ],
      [
       36.72981,
       42.45463
      ],
      [
       36.71872,
       42.44791
      ],
      [
       36.70606,
       42.44293
      ],
      [
       36.69234,
       42.43986
      ],
      [
       36.67806,
       42.43882
      ],
      [
       36.66378,
       42.43986
      ],
      [
       36.65006,
       42.44293
      ],
      [
       36.6374,
       42.44791
      ],
      [
       36.62631,
       42.45463
      ],
      [
       36.61721,
       42.4628
      ],
      [
       36.61045,
       42.47213
      ],
      [
       36.60629,
       42.48225
      ],
      [
       36.60488,
       42.49278
      ],
      [
       36.60629,
       42.50331
      ],
      [
       36.61045,
       42.51343
      ],
      [
       36.61721,
       42.52276
      ],
      [
       36.62631,
       42.53093
      ],
      [
       36.6374,
       42.53765
      ],
      [
       36.65006,
       42.54263
      ],
      [
       36.66378,
       42.5457
      ],
      [
       36.67806,
       42.54674
      ],
      [
       36.69234,
       42.5457
      ],
      [
       36.70606,
       42.54263
      ],
      [
       36.71872,
       42.53765
      ],
      [
       36.72981,
       42.53093
      ],
      [
       36.73891,
       42.52276
      ],
      [
       36.74567,
       42.51343
      ],
      [
       36.74983,
       42.50331
      ],
      [
       36.75124,
       42.49278
      ]
     ]
    ]
   },
   "properties": {
    "event_id": "S4:DOORS3:T11",
    "source_id": "S4_BLACK_SEA_DOORS3",
    "target_keys": [
     "litter-visual"
    ],
    "sample_ids": [
     "MPL-0919"
    ],
    "date": "2024-06-04",
    "time": null,
    "footprint_kind": "point",
    "footprint_label": "только центр наблюдения: протяжённость неизвестна, круг неопределённости",
    "footprint_radius_m": 6000.0,
    "footprint_area_km2": 112.372,
    "geometry_approximate": false,
    "candidates": 9,
    "candidate_passes": 5,
    "accepted": 0,
    "accepted_passes": 0,
    "best_scene_id": "S2A_T36TYN_20240603T082744_L2A",
    "best_platform": "S2A",
    "best_sync": "daylight_bounded",
    "best_shift_hours": null,
    "best_shift_days": -1,
    "best_time_uncertainty_hours": 32.62,
    "best_coverage_fraction": 1.0,
    "decision": "rejected",
    "reason_code": "time_shift",
    "reason": "сдвиг по времени больше допустимого",
    "detail": ""
   }
  },
  {
   "type": "Feature",
   "id": "S4:DOORS3:T12",
   "geometry": {
    "type": "Polygon",
    "coordinates": [
     [
      [
       37.11005,
       42.43722
      ],
      [
       37.10865,
       42.42669
      ],
      [
       37.10449,
       42.41657
      ],
      [
       37.09773,
       42.40724
      ],
      [
       37.08864,
       42.39907
      ],
      [
       37.07756,
       42.39235
      ],
      [
       37.06492,
       42.38737
      ],
      [
       37.0512,
       42.3843
      ],
      [
       37.03694,
       42.38326
      ],
      [
       37.02268,
       42.3843
      ],
      [
       37.00896,
       42.38737
      ],
      [
       36.99632,
       42.39235
      ],
      [
       36.98524,
       42.39907
      ],
      [
       36.97615,
       42.40724
      ],
      [
       36.96939,
       42.41657
      ],
      [
       36.96523,
       42.42669
      ],
      [
       36.96383,
       42.43722
      ],
      [
       36.96523,
       42.44775
      ],
      [
       36.96939,
       42.45787
      ],
      [
       36.97615,
       42.4672
      ],
      [
       36.98524,
       42.47537
      ],
      [
       36.99632,
       42.48209
      ],
      [
       37.00896,
       42.48707
      ],
      [
       37.02268,
       42.49014
      ],
      [
       37.03694,
       42.49118
      ],
      [
       37.0512,
       42.49014
      ],
      [
       37.06492,
       42.48707
      ],
      [
       37.07756,
       42.48209
      ],
      [
       37.08864,
       42.47537
      ],
      [
       37.09773,
       42.4672
      ],
      [
       37.10449,
       42.45787
      ],
      [
       37.10865,
       42.44775
      ],
      [
       37.11005,
       42.43722
      ]
     ]
    ]
   },
   "properties": {
    "event_id": "S4:DOORS3:T12",
    "source_id": "S4_BLACK_SEA_DOORS3",
    "target_keys": [
     "litter-visual"
    ],
    "sample_ids": [
     "MPL-0918"
    ],
    "date": "2024-06-04",
    "time": null,
    "footprint_kind": "point",
    "footprint_label": "только центр наблюдения: протяжённость неизвестна, круг неопределённости",
    "footprint_radius_m": 6000.0,
    "footprint_area_km2": 112.372,
    "geometry_approximate": false,
    "candidates": 8,
    "candidate_passes": 4,
    "accepted": 0,
    "accepted_passes": 0,
    "best_scene_id": "S2A_T37TCH_20240603T082744_L2A",
    "best_platform": "S2A",
    "best_sync": "daylight_bounded",
    "best_shift_hours": null,
    "best_shift_days": -1,
    "best_time_uncertainty_hours": 32.6,
    "best_coverage_fraction": 1.0,
    "decision": "rejected",
    "reason_code": "time_shift",
    "reason": "сдвиг по времени больше допустимого",
    "detail": ""
   }
  },
  {
   "type": "Feature",
   "id": "S4:DOORS3:T13",
   "geometry": {
    "type": "Polygon",
    "coordinates": [
     [
      [
       37.40305,
       42.39014
      ],
      [
       37.40165,
       42.37961
      ],
      [
       37.39749,
       42.36949
      ],
      [
       37.39074,
       42.36016
      ],
      [
       37.38165,
       42.35199
      ],
      [
       37.37058,
       42.34527
      ],
      [
       37.35795,
       42.34029
      ],
      [
       37.34424,
       42.33722
      ],
      [
       37.32999,
       42.33618
      ],
      [
       37.31574,
       42.33722
      ],
      [
       37.30203,
       42.34029
      ],
      [
       37.2894,
       42.34527
      ],
      [
       37.27833,
       42.35199
      ],
      [
       37.26924,
       42.36016
      ],
      [
       37.26249,
       42.36949
      ],
      [
       37.25833,
       42.37961
      ],
      [
       37.25693,
       42.39014
      ],
      [
       37.25833,
       42.40067
      ],
      [
       37.26249,
       42.41079
      ],
      [
       37.26924,
       42.42012
      ],
      [
       37.27833,
       42.42829
      ],
      [
       37.2894,
       42.43501
      ],
      [
       37.30203,
       42.43999
      ],
      [
       37.31574,
       42.44306
      ],
      [
       37.32999,
       42.4441
      ],
      [
       37.34424,
       42.44306
      ],
      [
       37.35795,
       42.43999
      ],
      [
       37.37058,
       42.43501
      ],
      [
       37.38165,
       42.42829
      ],
      [
       37.39074,
       42.42012
      ],
      [
       37.39749,
       42.41079
      ],
      [
       37.40165,
       42.40067
      ],
      [
       37.40305,
       42.39014
      ]
     ]
    ]
   },
   "properties": {
    "event_id": "S4:DOORS3:T13",
    "source_id": "S4_BLACK_SEA_DOORS3",
    "target_keys": [
     "litter-visual"
    ],
    "sample_ids": [
     "MPL-0917"
    ],
    "date": "2024-06-04",
    "time": null,
    "footprint_kind": "point",
    "footprint_label": "только центр наблюдения: протяжённость неизвестна, круг неопределённости",
    "footprint_radius_m": 6000.0,
    "footprint_area_km2": 112.372,
    "geometry_approximate": false,
    "candidates": 8,
    "candidate_passes": 4,
    "accepted": 0,
    "accepted_passes": 0,
    "best_scene_id": "S2A_T37TCG_20240603T082744_L2A",
    "best_platform": "S2A",
    "best_sync": "daylight_bounded",
    "best_shift_hours": null,
    "best_shift_days": -1,
    "best_time_uncertainty_hours": 32.57,
    "best_coverage_fraction": 0.9815,
    "decision": "rejected",
    "reason_code": "time_shift",
    "reason": "сдвиг по времени больше допустимого",
    "detail": ""
   }
  },
  {
   "type": "Feature",
   "id": "S4:DOORS3:T14",
   "geometry": {
    "type": "Polygon",
    "coordinates": [
     [
      [
       37.73894,
       42.33851
      ],
      [
       37.73754,
       42.32798
      ],
      [
       37.73338,
       42.31786
      ],
      [
       37.72664,
       42.30853
      ],
      [
       37.71756,
       42.30036
      ],
      [
       37.7065,
       42.29364
      ],
      [
       37.69388,
       42.28866
      ],
      [
       37.68018,
       42.28559
      ],
      [
       37.66594,
       42.28455
      ],
      [
       37.6517,
       42.28559
      ],
      [
       37.638,
       42.28866
      ],
      [
       37.62538,
       42.29364
      ],
      [
       37.61432,
       42.30036
      ],
      [
       37.60524,
       42.30853
      ],
      [
       37.5985,
       42.31786
      ],
      [
       37.59434,
       42.32798
      ],
      [
       37.59294,
       42.33851
      ],
      [
       37.59434,
       42.34904
      ],
      [
       37.5985,
       42.35916
      ],
      [
       37.60524,
       42.36849
      ],
      [
       37.61432,
       42.37666
      ],
      [
       37.62538,
       42.38338
      ],
      [
       37.638,
       42.38836
      ],
      [
       37.6517,
       42.39143
      ],
      [
       37.66594,
       42.39247
      ],
      [
       37.68018,
       42.39143
      ],
      [
       37.69388,
       42.38836
      ],
      [
       37.7065,
       42.38338
      ],
      [
       37.71756,
       42.37666
      ],
      [
       37.72664,
       42.36849
      ],
      [
       37.73338,
       42.35916
      ],
      [
       37.73754,
       42.34904
      ],
      [
       37.73894,
       42.33851
      ]
     ]
    ]
   },
   "properties": {
    "event_id": "S4:DOORS3:T14",
    "source_id": "S4_BLACK_SEA_DOORS3",
    "target_keys": [
     "litter-visual"
    ],
    "sample_ids": [
     "MPL-0916"
    ],
    "date": "2024-06-04",
    "time": null,
    "footprint_kind": "point",
    "footprint_label": "только центр наблюдения: протяжённость неизвестна, круг неопределённости",
    "footprint_radius_m": 6000.0,
    "footprint_area_km2": 112.372,
    "geometry_approximate": false,
    "candidates": 8,
    "candidate_passes": 4,
    "accepted": 0,
    "accepted_passes": 0,
    "best_scene_id": "S2A_T37TCG_20240603T082744_L2A",
    "best_platform": "S2A",
    "best_sync": "daylight_bounded",
    "best_shift_hours": null,
    "best_shift_days": -1,
    "best_time_uncertainty_hours": 32.54,
    "best_coverage_fraction": 1.0,
    "decision": "rejected",
    "reason_code": "time_shift",
    "reason": "сдвиг по времени больше допустимого",
    "detail": ""
   }
  },
  {
   "type": "Feature",
   "id": "S4:DOORS3:T15",
   "geometry": {
    "type": "Polygon",
    "coordinates": [
     [
      [
       37.9527,
       42.30189
      ],
      [
       37.95129,
       42.29136
      ],
      [
       37.94714,
       42.28124
      ],
      [
       37.9404,
       42.27191
      ],
      [
       37.93133,
       42.26374
      ],
      [
       37.92027,
       42.25702
      ],
      [
       37.90766,
       42.25204
      ],
      [
       37.89397,
       42.24897
      ],
      [
       37.87974,
       42.24793
      ],
      [
       37.86551,
       42.24897
      ],
      [
       37.85182,
       42.25204
      ],
      [
       37.83921,
       42.25702
      ],
      [
       37.82815,
       42.26374
      ],
      [
       37.81908,
       42.27191
      ],
      [
       37.81234,
       42.28124
      ],
      [
       37.80819,
       42.29136
      ],
      [
       37.80678,
       42.30189
      ],
      [
       37.80819,
       42.31242
      ],
      [
       37.81234,
       42.32254
      ],
      [
       37.81908,
       42.33187
      ],
      [
       37.82815,
       42.34004
      ],
      [
       37.83921,
       42.34676
      ],
      [
       37.85182,
       42.35174
      ],
      [
       37.86551,
       42.35481
      ],
      [
       37.87974,
       42.35585
      ],
      [
       37.89397,
       42.35481
      ],
      [
       37.90766,
       42.35174
      ],
      [
       37.92027,
       42.34676
      ],
      [
       37.93133,
       42.34004
      ],
      [
       37.9404,
       42.33187
      ],
      [
       37.94714,
       42.32254
      ],
      [
       37.95129,
       42.31242
      ],
      [
       37.9527,
       42.30189
      ]
     ]
    ]
   },
   "properties": {
    "event_id": "S4:DOORS3:T15",
    "source_id": "S4_BLACK_SEA_DOORS3",
    "target_keys": [
     "litter-visual"
    ],
    "sample_ids": [
     "MPL-0915"
    ],
    "date": "2024-06-04",
    "time": null,
    "footprint_kind": "point",
    "footprint_label": "только центр наблюдения: протяжённость неизвестна, круг неопределённости",
    "footprint_radius_m": 6000.0,
    "footprint_area_km2": 112.372,
    "geometry_approximate": false,
    "candidates": 4,
    "candidate_passes": 2,
    "accepted": 0,
    "accepted_passes": 0,
    "best_scene_id": "S2A_T37TDG_20240603T082744_L2A",
    "best_platform": "S2A",
    "best_sync": "daylight_bounded",
    "best_shift_hours": null,
    "best_shift_days": -1,
    "best_time_uncertainty_hours": 32.53,
    "best_coverage_fraction": 1.0,
    "decision": "rejected",
    "reason_code": "time_shift",
    "reason": "сдвиг по времени больше допустимого",
    "detail": ""
   }
  },
  {
   "type": "Feature",
   "id": "S4:DOORS3:T16",
   "geometry": {
    "type": "Polygon",
    "coordinates": [
     [
      [
       38.21005,
       42.26162
      ],
      [
       38.20865,
       42.25109
      ],
      [
       38.2045,
       42.24097
      ],
      [
       38.19776,
       42.23164
      ],
      [
       38.1887,
       42.22347
      ],
      [
       38.17765,
       42.21675
      ],
      [
       38.16504,
       42.21177
      ],
      [
       38.15136,
       42.2087
      ],
      [
       38.13714,
       42.20766
      ],
      [
       38.12292,
       42.2087
      ],
      [
       38.10924,
       42.21177
      ],
      [
       38.09663,
       42.21675
      ],
      [
       38.08558,
       42.22347
      ],
      [
       38.07652,
       42.23164
      ],
      [
       38.06978,
       42.24097
      ],
      [
       38.06563,
       42.25109
      ],
      [
       38.06423,
       42.26162
      ],
      [
       38.06563,
       42.27215
      ],
      [
       38.06978,
       42.28227
      ],
      [
       38.07652,
       42.2916
      ],
      [
       38.08558,
       42.29977
      ],
      [
       38.09663,
       42.30649
      ],
      [
       38.10924,
       42.31147
      ],
      [
       38.12292,
       42.31454
      ],
      [
       38.13714,
       42.31558
      ],
      [
       38.15136,
       42.31454
      ],
      [
       38.16504,
       42.31147
      ],
      [
       38.17765,
       42.30649
      ],
      [
       38.1887,
       42.29977
      ],
      [
       38.19776,
       42.2916
      ],
      [
       38.2045,
       42.28227
      ],
      [
       38.20865,
       42.27215
      ],
      [
       38.21005,
       42.26162
      ]
     ]
    ]
   },
   "properties": {
    "event_id": "S4:DOORS3:T16",
    "source_id": "S4_BLACK_SEA_DOORS3",
    "target_keys": [
     "litter-visual"
    ],
    "sample_ids": [
     "MPL-0914"
    ],
    "date": "2024-06-04",
    "time": null,
    "footprint_kind": "point",
    "footprint_label": "только центр наблюдения: протяжённость неизвестна, круг неопределённости",
    "footprint_radius_m": 6000.0,
    "footprint_area_km2": 112.372,
    "geometry_approximate": false,
    "candidates": 3,
    "candidate_passes": 2,
    "accepted": 0,
    "accepted_passes": 0,
    "best_scene_id": "S2A_T37TDG_20240603T082744_L2A",
    "best_platform": "S2A",
    "best_sync": "daylight_bounded",
    "best_shift_hours": null,
    "best_shift_days": -1,
    "best_time_uncertainty_hours": 32.51,
    "best_coverage_fraction": 1.0,
    "decision": "rejected",
    "reason_code": "time_shift",
    "reason": "сдвиг по времени больше допустимого",
    "detail": ""
   }
  },
  {
   "type": "Feature",
   "id": "S4:DOORS3:T17",
   "geometry": {
    "type": "Polygon",
    "coordinates": [
     [
      [
       38.48869,
       42.21806
      ],
      [
       38.48729,
       42.20753
      ],
      [
       38.48314,
       42.19741
      ],
      [
       38.47641,
       42.18808
      ],
      [
       38.46735,
       42.17991
      ],
      [
       38.45631,
       42.17319
      ],
      [
       38.44371,
       42.16821
      ],
      [
       38.43004,
       42.16514
      ],
      [
       38.41583,
       42.1641
      ],
      [
       38.40162,
       42.16514
      ],
      [
       38.38795,
       42.16821
      ],
      [
       38.37535,
       42.17319
      ],
      [
       38.36431,
       42.17991
      ],
      [
       38.35525,
       42.18808
      ],
      [
       38.34852,
       42.19741
      ],
      [
       38.34437,
       42.20753
      ],
      [
       38.34297,
       42.21806
      ],
      [
       38.34437,
       42.22859
      ],
      [
       38.34852,
       42.23871
      ],
      [
       38.35525,
       42.24804
      ],
      [
       38.36431,
       42.25621
      ],
      [
       38.37535,
       42.26293
      ],
      [
       38.38795,
       42.26791
      ],
      [
       38.40162,
       42.27098
      ],
      [
       38.41583,
       42.27202
      ],
      [
       38.43004,
       42.27098
      ],
      [
       38.44371,
       42.26791
      ],
      [
       38.45631,
       42.26293
      ],
      [
       38.46735,
       42.25621
      ],
      [
       38.47641,
       42.24804
      ],
      [
       38.48314,
       42.23871
      ],
      [
       38.48729,
       42.22859
      ],
      [
       38.48869,
       42.21806
      ]
     ]
    ]
   },
   "properties": {
    "event_id": "S4:DOORS3:T17",
    "source_id": "S4_BLACK_SEA_DOORS3",
    "target_keys": [
     "litter-visual"
    ],
    "sample_ids": [
     "MPL-0913"
    ],
    "date": "2024-06-04",
    "time": null,
    "footprint_kind": "point",
    "footprint_label": "только центр наблюдения: протяжённость неизвестна, круг неопределённости",
    "footprint_radius_m": 6000.0,
    "footprint_area_km2": 112.372,
    "geometry_approximate": false,
    "candidates": 1,
    "candidate_passes": 1,
    "accepted": 0,
    "accepted_passes": 0,
    "best_scene_id": "S2A_T37TDG_20240603T082744_L2A",
    "best_platform": "S2A",
    "best_sync": "daylight_bounded",
    "best_shift_hours": null,
    "best_shift_days": -1,
    "best_time_uncertainty_hours": 32.49,
    "best_coverage_fraction": 1.0,
    "decision": "rejected",
    "reason_code": "time_shift",
    "reason": "сдвиг по времени больше допустимого",
    "detail": ""
   }
  },
  {
   "type": "Feature",
   "id": "S4:DOORS3:T18",
   "geometry": {
    "type": "Polygon",
    "coordinates": [
     [
      [
       41.14138,
       41.80211
      ],
      [
       41.13999,
       41.79158
      ],
      [
       41.13587,
       41.78146
      ],
      [
       41.12919,
       41.77213
      ],
      [
       41.12018,
       41.76396
      ],
      [
       41.10921,
       41.75724
      ],
      [
       41.0967,
       41.75226
      ],
      [
       41.08312,
       41.74919
      ],
      [
       41.069,
       41.74815
      ],
      [
       41.05488,
       41.74919
      ],
      [
       41.0413,
       41.75226
      ],
      [
       41.02879,
       41.75724
      ],
      [
       41.01782,
       41.76396
      ],
      [
       41.00881,
       41.77213
      ],
      [
       41.00213,
       41.78146
      ],
      [
       40.99801,
       41.79158
      ],
      [
       40.99662,
       41.80211
      ],
      [
       40.99801,
       41.81264
      ],
      [
       41.00213,
       41.82276
      ],
      [
       41.00881,
       41.83209
      ],
      [
       41.01782,
       41.84026
      ],
      [
       41.02879,
       41.84698
      ],
      [
       41.0413,
       41.85196
      ],
      [
       41.05488,
       41.85503
      ],
      [
       41.069,
       41.85607
      ],
      [
       41.08312,
       41.85503
      ],
      [
       41.0967,
       41.85196
      ],
      [
       41.10921,
       41.84698
      ],
      [
       41.12018,
       41.84026
      ],
      [
       41.12919,
       41.83209
      ],
      [
       41.13587,
       41.82276
      ],
      [
       41.13999,
       41.81264
      ],
      [
       41.14138,
       41.80211
      ]
     ]
    ]
   },
   "properties": {
    "event_id": "S4:DOORS3:T18",
    "source_id": "S4_BLACK_SEA_DOORS3",
    "target_keys": [
     "litter-visual"
    ],
    "sample_ids": [
     "MPL-0921"
    ],
    "date": "2024-06-05",
    "time": null,
    "footprint_kind": "point",
    "footprint_label": "только центр наблюдения: протяжённость неизвестна, круг неопределённости",
    "footprint_radius_m": 6000.0,
    "footprint_area_km2": 112.372,
    "geometry_approximate": false,
    "candidates": 2,
    "candidate_passes": 2,
    "accepted": 1,
    "accepted_passes": 1,
    "best_scene_id": "S2B_T37TFG_20240605T081237_L2A",
    "best_platform": "S2B",
    "best_sync": "daylight_bounded",
    "best_shift_hours": null,
    "best_shift_days": 0,
    "best_time_uncertainty_hours": 8.47,
    "best_coverage_fraction": 1.0,
    "decision": "accepted",
    "reason_code": "accepted",
    "reason": "пара принята",
    "detail": ""
   }
  },
  {
   "type": "Feature",
   "id": "S4:DOORS3:T19",
   "geometry": {
    "type": "Polygon",
    "coordinates": [
     [
      [
       41.32011,
       41.77479
      ],
      [
       41.31872,
       41.76426
      ],
      [
       41.31461,
       41.75414
      ],
      [
       41.30792,
       41.74481
      ],
      [
       41.29892,
       41.73664
      ],
      [
       41.28796,
       41.72992
      ],
      [
       41.27545,
       41.72494
      ],
      [
       41.26188,
       41.72187
      ],
      [
       41.24776,
       41.72083
      ],
      [
       41.23364,
       41.72187
      ],
      [
       41.22007,
       41.72494
      ],
      [
       41.20756,
       41.72992
      ],
      [
       41.1966,
       41.73664
      ],
      [
       41.1876,
       41.74481
      ],
      [
       41.18091,
       41.75414
      ],
      [
       41.1768,
       41.76426
      ],
      [
       41.17541,
       41.77479
      ],
      [
       41.1768,
       41.78532
      ],
      [
       41.18091,
       41.79544
      ],
      [
       41.1876,
       41.80477
      ],
      [
       41.1966,
       41.81294
      ],
      [
       41.20756,
       41.81966
      ],
      [
       41.22007,
       41.82464
      ],
      [
       41.23364,
       41.82771
      ],
      [
       41.24776,
       41.82875
      ],
      [
       41.26188,
       41.82771
      ],
      [
       41.27545,
       41.82464
      ],
      [
       41.28796,
       41.81966
      ],
      [
       41.29892,
       41.81294
      ],
      [
       41.30792,
       41.80477
      ],
      [
       41.31461,
       41.79544
      ],
      [
       41.31872,
       41.78532
      ],
      [
       41.32011,
       41.77479
      ]
     ]
    ]
   },
   "properties": {
    "event_id": "S4:DOORS3:T19",
    "source_id": "S4_BLACK_SEA_DOORS3",
    "target_keys": [
     "litter-visual"
    ],
    "sample_ids": [
     "MPL-0920"
    ],
    "date": "2024-06-05",
    "time": null,
    "footprint_kind": "point",
    "footprint_label": "только центр наблюдения: протяжённость неизвестна, круг неопределённости",
    "footprint_radius_m": 6000.0,
    "footprint_area_km2": 112.372,
    "geometry_approximate": false,
    "candidates": 4,
    "candidate_passes": 4,
    "accepted": 1,
    "accepted_passes": 1,
    "best_scene_id": "S2B_T37TFG_20240605T081237_L2A",
    "best_platform": "S2B",
    "best_sync": "daylight_bounded",
    "best_shift_hours": null,
    "best_shift_days": 0,
    "best_time_uncertainty_hours": 8.46,
    "best_coverage_fraction": 1.0,
    "decision": "accepted",
    "reason_code": "accepted",
    "reason": "пара принята",
    "detail": ""
   }
  },
  {
   "type": "Feature",
   "id": "S4:DOORS3:T2",
   "geometry": {
    "type": "Polygon",
    "coordinates": [
     [
      [
       29.90501,
       43.55139
      ],
      [
       29.90358,
       43.54086
      ],
      [
       29.89934,
       43.53074
      ],
      [
       29.89246,
       43.52141
      ],
      [
       29.88321,
       43.51324
      ],
      [
       29.87192,
       43.50652
      ],
      [
       29.85905,
       43.50154
      ],
      [
       29.84508,
       43.49847
      ],
      [
       29.83056,
       43.49743
      ],
      [
       29.81604,
       43.49847
      ],
      [
       29.80207,
       43.50154
      ],
      [
       29.7892,
       43.50652
      ],
      [
       29.77791,
       43.51324
      ],
      [
       29.76866,
       43.52141
      ],
      [
       29.76178,
       43.53074
      ],
      [
       29.75754,
       43.54086
      ],
      [
       29.75611,
       43.55139
      ],
      [
       29.75754,
       43.56192
      ],
      [
       29.76178,
       43.57204
      ],
      [
       29.76866,
       43.58137
      ],
      [
       29.77791,
       43.58954
      ],
      [
       29.7892,
       43.59626
      ],
      [
       29.80207,
       43.60124
      ],
      [
       29.81604,
       43.60431
      ],
      [
       29.83056,
       43.60535
      ],
      [
       29.84508,
       43.60431
      ],
      [
       29.85905,
       43.60124
      ],
      [
       29.87192,
       43.59626
      ],
      [
       29.88321,
       43.58954
      ],
      [
       29.89246,
       43.58137
      ],
      [
       29.89934,
       43.57204
      ],
      [
       29.90358,
       43.56192
      ],
      [
       29.90501,
       43.55139
      ]
     ]
    ]
   },
   "properties": {
    "event_id": "S4:DOORS3:T2",
    "source_id": "S4_BLACK_SEA_DOORS3",
    "target_keys": [
     "litter-visual"
    ],
    "sample_ids": [
     "MPL-0903"
    ],
    "date": "2024-06-02",
    "time": null,
    "footprint_kind": "point",
    "footprint_label": "только центр наблюдения: протяжённость неизвестна, круг неопределённости",
    "footprint_radius_m": 6000.0,
    "footprint_area_km2": 112.372,
    "geometry_approximate": false,
    "candidates": 4,
    "candidate_passes": 4,
    "accepted": 1,
    "accepted_passes": 1,
    "best_scene_id": "S2A_T35TQJ_20240602T084613_L2A",
    "best_platform": "S2A",
    "best_sync": "daylight_bounded",
    "best_shift_hours": null,
    "best_shift_days": 0,
    "best_time_uncertainty_hours": 8.62,
    "best_coverage_fraction": 1.0,
    "decision": "accepted",
    "reason_code": "accepted",
    "reason": "пара принята",
    "detail": ""
   }
  },
  {
   "type": "Feature",
   "id": "S4:DOORS3:T20",
   "geometry": {
    "type": "Polygon",
    "coordinates": [
     [
      [
       41.70827,
       41.72292
      ],
      [
       41.70688,
       41.71239
      ],
      [
       41.70276,
       41.70227
      ],
      [
       41.69608,
       41.69294
      ],
      [
       41.68709,
       41.68477
      ],
      [
       41.67614,
       41.67805
      ],
      [
       41.66364,
       41.67307
      ],
      [
       41.65007,
       41.67
      ],
      [
       41.63597,
       41.66896
      ],
      [
       41.62187,
       41.67
      ],
      [
       41.6083,
       41.67307
      ],
      [
       41.5958,
       41.67805
      ],
      [
       41.58485,
       41.68477
      ],
      [
       41.57586,
       41.69294
      ],
      [
       41.56918,
       41.70227
      ],
      [
       41.56506,
       41.71239
      ],
      [
       41.56367,
       41.72292
      ],
      [
       41.56506,
       41.73345
      ],
      [
       41.56918,
       41.74357
      ],
      [
       41.57586,
       41.7529
      ],
      [
       41.58485,
       41.76107
      ],
      [
       41.5958,
       41.76779
      ],
      [
       41.6083,
       41.77277
      ],
      [
       41.62187,
       41.77584
      ],
      [
       41.63597,
       41.77688
      ],
      [
       41.65007,
       41.77584
      ],
      [
       41.66364,
       41.77277
      ],
      [
       41.67614,
       41.76779
      ],
      [
       41.68709,
       41.76107
      ],
      [
       41.69608,
       41.7529
      ],
      [
       41.70276,
       41.74357
      ],
      [
       41.70688,
       41.73345
      ],
      [
       41.70827,
       41.72292
      ]
     ]
    ]
   },
   "properties": {
    "event_id": "S4:DOORS3:T20",
    "source_id": "S4_BLACK_SEA_DOORS3",
    "target_keys": [
     "litter-visual"
    ],
    "sample_ids": [
     "MPL-0923"
    ],
    "date": "2024-06-07",
    "time": null,
    "footprint_kind": "point",
    "footprint_label": "только центр наблюдения: протяжённость неизвестна, круг неопределённости",
    "footprint_radius_m": 6000.0,
    "footprint_area_km2": 112.372,
    "geometry_approximate": false,
    "candidates": 7,
    "candidate_passes": 4,
    "accepted": 0,
    "accepted_passes": 0,
    "best_scene_id": "S2A_T38TKM_20240607T080029_L2A",
    "best_platform": "S2A",
    "best_sync": "daylight_bounded",
    "best_shift_hours": null,
    "best_shift_days": 0,
    "best_time_uncertainty_hours": 8.61,
    "best_coverage_fraction": 1.0,
    "decision": "rejected",
    "reason_code": "footprint_cloud",
    "reason": "облака или тени над полосой",
    "detail": ""
   }
  },
  {
   "type": "Feature",
   "id": "S4:DOORS3:T21",
   "geometry": {
    "type": "Polygon",
    "coordinates": [
     [
      [
       41.62126,
       41.5955
      ],
      [
       41.61988,
       41.58497
      ],
      [
       41.61577,
       41.57485
      ],
      [
       41.6091,
       41.56552
      ],
      [
       41.60013,
       41.55735
      ],
      [
       41.5892,
       41.55063
      ],
      [
       41.57672,
       41.54565
      ],
      [
       41.56319,
       41.54258
      ],
      [
       41.54911,
       41.54154
      ],
      [
       41.53503,
       41.54258
      ],
      [
       41.5215,
       41.54565
      ],
      [
       41.50902,
       41.55063
      ],
      [
       41.49809,
       41.55735
      ],
      [
       41.48912,
       41.56552
      ],
      [
       41.48245,
       41.57485
      ],
      [
       41.47834,
       41.58497
      ],
      [
       41.47696,
       41.5955
      ],
      [
       41.47834,
       41.60603
      ],
      [
       41.48245,
       41.61615
      ],
      [
       41.48912,
       41.62548
      ],
      [
       41.49809,
       41.63365
      ],
      [
       41.50902,
       41.64037
      ],
      [
       41.5215,
       41.64535
      ],
      [
       41.53503,
       41.64842
      ],
      [
       41.54911,
       41.64946
      ],
      [
       41.56319,
       41.64842
      ],
      [
       41.57672,
       41.64535
      ],
      [
       41.5892,
       41.64037
      ],
      [
       41.60013,
       41.63365
      ],
      [
       41.6091,
       41.62548
      ],
      [
       41.61577,
       41.61615
      ],
      [
       41.61988,
       41.60603
      ],
      [
       41.62126,
       41.5955
      ]
     ]
    ]
   },
   "properties": {
    "event_id": "S4:DOORS3:T21",
    "source_id": "S4_BLACK_SEA_DOORS3",
    "target_keys": [
     "litter-visual"
    ],
    "sample_ids": [
     "MPL-0922"
    ],
    "date": "2024-06-07",
    "time": null,
    "footprint_kind": "point",
    "footprint_label": "только центр наблюдения: протяжённость неизвестна, круг неопределённости",
    "footprint_radius_m": 6000.0,
    "footprint_area_km2": 112.372,
    "geometry_approximate": false,
    "candidates": 10,
    "candidate_passes": 4,
    "accepted": 0,
    "accepted_passes": 0,
    "best_scene_id": "S2A_T38TKM_20240607T080029_L2A",
    "best_platform": "S2A",
    "best_sync": "daylight_bounded",
    "best_shift_hours": null,
    "best_shift_days": 0,
    "best_time_uncertainty_hours": 8.61,
    "best_coverage_fraction": 1.0,
    "decision": "rejected",
    "reason_code": "footprint_cloud",
    "reason": "облака или тени над полосой",
    "detail": ""
   }
  },
  {
   "type": "Feature",
   "id": "S4:DOORS3:T22",
   "geometry": {
    "type": "Polygon",
    "coordinates": [
     [
      [
       41.64978,
       42.17581
      ],
      [
       41.64838,
       42.16528
      ],
      [
       41.64424,
       42.15516
      ],
      [
       41.63751,
       42.14583
      ],
      [
       41.62846,
       42.13766
      ],
      [
       41.61742,
       42.13094
      ],
      [
       41.60483,
       42.12596
      ],
      [
       41.59117,
       42.12289
      ],
      [
       41.57697,
       42.12185
      ],
      [
       41.56277,
       42.12289
      ],
      [
       41.54911,
       42.12596
      ],
      [
       41.53652,
       42.13094
      ],
      [
       41.52548,
       42.13766
      ],
      [
       41.51643,
       42.14583
      ],
      [
       41.5097,
       42.15516
      ],
      [
       41.50556,
       42.16528
      ],
      [
       41.50416,
       42.17581
      ],
      [
       41.50556,
       42.18634
      ],
      [
       41.5097,
       42.19646
      ],
      [
       41.51643,
       42.20579
      ],
      [
       41.52548,
       42.21396
      ],
      [
       41.53652,
       42.22068
      ],
      [
       41.54911,
       42.22566
      ],
      [
       41.56277,
       42.22873
      ],
      [
       41.57697,
       42.22977
      ],
      [
       41.59117,
       42.22873
      ],
      [
       41.60483,
       42.22566
      ],
      [
       41.61742,
       42.22068
      ],
      [
       41.62846,
       42.21396
      ],
      [
       41.63751,
       42.20579
      ],
      [
       41.64424,
       42.19646
      ],
      [
       41.64838,
       42.18634
      ],
      [
       41.64978,
       42.17581
      ]
     ]
    ]
   },
   "properties": {
    "event_id": "S4:DOORS3:T22",
    "source_id": "S4_BLACK_SEA_DOORS3",
    "target_keys": [
     "litter-visual"
    ],
    "sample_ids": [
     "MPL-0924"
    ],
    "date": "2024-06-09",
    "time": null,
    "footprint_kind": "point",
    "footprint_label": "только центр наблюдения: протяжённость неизвестна, круг неопределённости",
    "footprint_radius_m": 6000.0,
    "footprint_area_km2": 112.372,
    "geometry_approximate": false,
    "candidates": 10,
    "candidate_passes": 4,
    "accepted": 0,
    "accepted_passes": 0,
    "best_scene_id": "LC09_L2SP_172031_20240610_02_T1",
    "best_platform": "L9",
    "best_sync": "daylight_bounded",
    "best_shift_hours": null,
    "best_shift_days": 1,
    "best_time_uncertainty_hours": 30.31,
    "best_coverage_fraction": 1.0,
    "decision": "rejected",
    "reason_code": "time_shift",
    "reason": "сдвиг по времени больше допустимого",
    "detail": ""
   }
  },
  {
   "type": "Feature",
   "id": "S4:DOORS3:T23",
   "geometry": {
    "type": "Polygon",
    "coordinates": [
     [
      [
       41.62107,
       42.34066
      ],
      [
       41.61967,
       42.33013
      ],
      [
       41.61551,
       42.32001
      ],
      [
       41.60877,
       42.31068
      ],
      [
       41.59969,
       42.30251
      ],
      [
       41.58863,
       42.29579
      ],
      [
       41.57601,
       42.29081
      ],
      [
       41.56231,
       42.28774
      ],
      [
       41.54807,
       42.2867
      ],
      [
       41.53383,
       42.28774
      ],
      [
       41.52013,
       42.29081
      ],
      [
       41.50751,
       42.29579
      ],
      [
       41.49645,
       42.30251
      ],
      [
       41.48737,
       42.31068
      ],
      [
       41.48063,
       42.32001
      ],
      [
       41.47647,
       42.33013
      ],
      [
       41.47507,
       42.34066
      ],
      [
       41.47647,
       42.35119
      ],
      [
       41.48063,
       42.36131
      ],
      [
       41.48737,
       42.37064
      ],
      [
       41.49645,
       42.37881
      ],
      [
       41.50751,
       42.38553
      ],
      [
       41.52013,
       42.39051
      ],
      [
       41.53383,
       42.39358
      ],
      [
       41.54807,
       42.39462
      ],
      [
       41.56231,
       42.39358
      ],
      [
       41.57601,
       42.39051
      ],
      [
       41.58863,
       42.38553
      ],
      [
       41.59969,
       42.37881
      ],
      [
       41.60877,
       42.37064
      ],
      [
       41.61551,
       42.36131
      ],
      [
       41.61967,
       42.35119
      ],
      [
       41.62107,
       42.34066
      ]
     ]
    ]
   },
   "properties": {
    "event_id": "S4:DOORS3:T23",
    "source_id": "S4_BLACK_SEA_DOORS3",
    "target_keys": [
     "litter-visual"
    ],
    "sample_ids": [
     "MPL-0926"
    ],
    "date": "2024-06-10",
    "time": null,
    "footprint_kind": "point",
    "footprint_label": "только центр наблюдения: протяжённость неизвестна, круг неопределённости",
    "footprint_radius_m": 6000.0,
    "footprint_area_km2": 112.372,
    "geometry_approximate": false,
    "candidates": 15,
    "candidate_passes": 4,
    "accepted": 0,
    "accepted_passes": 0,
    "best_scene_id": "S2A_T37TGG_20240610T081009_L2A",
    "best_platform": "S2A",
    "best_sync": "daylight_bounded",
    "best_shift_hours": null,
    "best_shift_days": 0,
    "best_time_uncertainty_hours": 8.52,
    "best_coverage_fraction": 1.0,
    "decision": "rejected",
    "reason_code": "tile_cloud",
    "reason": "облачность тайла выше порога",
    "detail": ""
   }
  },
  {
   "type": "Feature",
   "id": "S4:DOORS3:T24",
   "geometry": {
    "type": "Polygon",
    "coordinates": [
     [
      [
       41.64762,
       42.19727
      ],
      [
       41.64622,
       42.18674
      ],
      [
       41.64207,
       42.17662
      ],
      [
       41.63534,
       42.16729
      ],
      [
       41.62628,
       42.15912
      ],
      [
       41.61525,
       42.1524
      ],
      [
       41.60265,
       42.14742
      ],
      [
       41.58899,
       42.14435
      ],
      [
       41.57478,
       42.14331
      ],
      [
       41.56057,
       42.14435
      ],
      [
       41.54691,
       42.14742
      ],
      [
       41.53431,
       42.1524
      ],
      [
       41.52328,
       42.15912
      ],
      [
       41.51422,
       42.16729
      ],
      [
       41.50749,
       42.17662
      ],
      [
       41.50334,
       42.18674
      ],
      [
       41.50194,
       42.19727
      ],
      [
       41.50334,
       42.2078
      ],
      [
       41.50749,
       42.21792
      ],
      [
       41.51422,
       42.22725
      ],
      [
       41.52328,
       42.23542
      ],
      [
       41.53431,
       42.24214
      ],
      [
       41.54691,
       42.24712
      ],
      [
       41.56057,
       42.25019
      ],
      [
       41.57478,
       42.25123
      ],
      [
       41.58899,
       42.25019
      ],
      [
       41.60265,
       42.24712
      ],
      [
       41.61525,
       42.24214
      ],
      [
       41.62628,
       42.23542
      ],
      [
       41.63534,
       42.22725
      ],
      [
       41.64207,
       42.21792
      ],
      [
       41.64622,
       42.2078
      ],
      [
       41.64762,
       42.19727
      ]
     ]
    ]
   },
   "properties": {
    "event_id": "S4:DOORS3:T24",
    "source_id": "S4_BLACK_SEA_DOORS3",
    "target_keys": [
     "litter-visual"
    ],
    "sample_ids": [
     "MPL-0925"
    ],
    "date": "2024-06-10",
    "time": null,
    "footprint_kind": "point",
    "footprint_label": "только центр наблюдения: протяжённость неизвестна, круг неопределённости",
    "footprint_radius_m": 6000.0,
    "footprint_area_km2": 112.372,
    "geometry_approximate": false,
    "candidates": 10,
    "candidate_passes": 4,
    "accepted": 0,
    "accepted_passes": 0,
    "best_scene_id": "S2A_T37TGG_20240610T081009_L2A",
    "best_platform": "S2A",
    "best_sync": "daylight_bounded",
    "best_shift_hours": null,
    "best_shift_days": 0,
    "best_time_uncertainty_hours": 8.51,
    "best_coverage_fraction": 1.0,
    "decision": "rejected",
    "reason_code": "tile_cloud",
    "reason": "облачность тайла выше порога",
    "detail": ""
   }
  },
  {
   "type": "Feature",
   "id": "S4:DOORS3:T25",
   "geometry": {
    "type": "Polygon",
    "coordinates": [
     [
      [
       41.75057,
       42.037
      ],
      [
       41.74918,
       42.02647
      ],
      [
       41.74504,
       42.01635
      ],
      [
       41.73833,
       42.00702
      ],
      [
       41.72929,
       41.99885
      ],
      [
       41.71828,
       41.99213
      ],
      [
       41.70572,
       41.98715
      ],
      [
       41.69209,
       41.98408
      ],
      [
       41.67792,
       41.98304
      ],
      [
       41.66375,
       41.98408
      ],
      [
       41.65012,
       41.98715
      ],
      [
       41.63756,
       41.99213
      ],
      [
       41.62655,
       41.99885
      ],
      [
       41.61751,
       42.00702
      ],
      [
       41.6108,
       42.01635
      ],
      [
       41.60666,
       42.02647
      ],
      [
       41.60527,
       42.037
      ],
      [
       41.60666,
       42.04753
      ],
      [
       41.6108,
       42.05765
      ],
      [
       41.61751,
       42.06698
      ],
      [
       41.62655,
       42.07515
      ],
      [
       41.63756,
       42.08187
      ],
      [
       41.65012,
       42.08685
      ],
      [
       41.66375,
       42.08992
      ],
      [
       41.67792,
       42.09096
      ],
      [
       41.69209,
       42.08992
      ],
      [
       41.70572,
       42.08685
      ],
      [
       41.71828,
       42.08187
      ],
      [
       41.72929,
       42.07515
      ],
      [
       41.73833,
       42.06698
      ],
      [
       41.74504,
       42.05765
      ],
      [
       41.74918,
       42.04753
      ],
      [
       41.75057,
       42.037
      ]
     ]
    ]
   },
   "properties": {
    "event_id": "S4:DOORS3:T25",
    "source_id": "S4_BLACK_SEA_DOORS3",
    "target_keys": [
     "litter-visual"
    ],
    "sample_ids": [
     "MPL-0927"
    ],
    "date": "2024-06-11",
    "time": null,
    "footprint_kind": "point",
    "footprint_label": "только центр наблюдения: протяжённость неизвестна, круг неопределённости",
    "footprint_radius_m": 6000.0,
    "footprint_area_km2": 112.372,
    "geometry_approximate": false,
    "candidates": 5,
    "candidate_passes": 3,
    "accepted": 0,
    "accepted_passes": 0,
    "best_scene_id": "S2B_T37TGG_20240612T080747_L2A",
    "best_platform": "S2B",
    "best_sync": "daylight_bounded",
    "best_shift_hours": null,
    "best_shift_days": 1,
    "best_time_uncertainty_hours": 30.53,
    "best_coverage_fraction": 1.0,
    "decision": "rejected",
    "reason_code": "time_shift",
    "reason": "сдвиг по времени больше допустимого",
    "detail": ""
   }
  },
  {
   "type": "Feature",
   "id": "S4:DOORS3:T26",
   "geometry": {
    "type": "Polygon",
    "coordinates": [
     [
      [
       41.08681,
       41.75572
      ],
      [
       41.08542,
       41.74519
      ],
      [
       41.08131,
       41.73507
      ],
      [
       41.07462,
       41.72574
      ],
      [
       41.06563,
       41.71757
      ],
      [
       41.05467,
       41.71085
      ],
      [
       41.04216,
       41.70587
      ],
      [
       41.02859,
       41.7028
      ],
      [
       41.01448,
       41.70176
      ],
      [
       41.00037,
       41.7028
      ],
      [
       40.9868,
       41.70587
      ],
      [
       40.97429,
       41.71085
      ],
      [
       40.96333,
       41.71757
      ],
      [
       40.95434,
       41.72574
      ],
      [
       40.94765,
       41.73507
      ],
      [
       40.94354,
       41.74519
      ],
      [
       40.94215,
       41.75572
      ],
      [
       40.94354,
       41.76625
      ],
      [
       40.94765,
       41.77637
      ],
      [
       40.95434,
       41.7857
      ],
      [
       40.96333,
       41.79387
      ],
      [
       40.97429,
       41.80059
      ],
      [
       40.9868,
       41.80557
      ],
      [
       41.00037,
       41.80864
      ],
      [
       41.01448,
       41.80968
      ],
      [
       41.02859,
       41.80864
      ],
      [
       41.04216,
       41.80557
      ],
      [
       41.05467,
       41.80059
      ],
      [
       41.06563,
       41.79387
      ],
      [
       41.07462,
       41.7857
      ],
      [
       41.08131,
       41.77637
      ],
      [
       41.08542,
       41.76625
      ],
      [
       41.08681,
       41.75572
      ]
     ]
    ]
   },
   "properties": {
    "event_id": "S4:DOORS3:T26",
    "source_id": "S4_BLACK_SEA_DOORS3",
    "target_keys": [
     "litter-visual"
    ],
    "sample_ids": [
     "MPL-0928"
    ],
    "date": "2024-06-14",
    "time": null,
    "footprint_kind": "point",
    "footprint_label": "только центр наблюдения: протяжённость неизвестна, круг неопределённости",
    "footprint_radius_m": 6000.0,
    "footprint_area_km2": 112.372,
    "geometry_approximate": false,
    "candidates": 2,
    "candidate_passes": 2,
    "accepted": 0,
    "accepted_passes": 0,
    "best_scene_id": "S2B_T37TFG_20240615T081238_L2A",
    "best_platform": "S2B",
    "best_sync": "daylight_bounded",
    "best_shift_hours": null,
    "best_shift_days": 1,
    "best_time_uncertainty_hours": 30.64,
    "best_coverage_fraction": 1.0,
    "decision": "rejected",
    "reason_code": "time_shift",
    "reason": "сдвиг по времени больше допустимого",
    "detail": ""
   }
  },
  {
   "type": "Feature",
   "id": "S4:DOORS3:T27",
   "geometry": {
    "type": "Polygon",
    "coordinates": [
     [
      [
       40.78785,
       41.78824
      ],
      [
       40.78646,
       41.77771
      ],
      [
       40.78234,
       41.76759
      ],
      [
       40.77565,
       41.75826
      ],
      [
       40.76665,
       41.75009
      ],
      [
       40.75569,
       41.74337
      ],
      [
       40.74317,
       41.73839
      ],
      [
       40.7296,
       41.73532
      ],
      [
       40.71548,
       41.73428
      ],
      [
       40.70136,
       41.73532
      ],
      [
       40.68779,
       41.73839
      ],
      [
       40.67527,
       41.74337
      ],
      [
       40.66431,
       41.75009
      ],
      [
       40.65531,
       41.75826
      ],
      [
       40.64862,
       41.76759
      ],
      [
       40.6445,
       41.77771
      ],
      [
       40.64311,
       41.78824
      ],
      [
       40.6445,
       41.79877
      ],
      [
       40.64862,
       41.80889
      ],
      [
       40.65531,
       41.81822
      ],
      [
       40.66431,
       41.82639
      ],
      [
       40.67527,
       41.83311
      ],
      [
       40.68779,
       41.83809
      ],
      [
       40.70136,
       41.84116
      ],
      [
       40.71548,
       41.8422
      ],
      [
       40.7296,
       41.84116
      ],
      [
       40.74317,
       41.83809
      ],
      [
       40.75569,
       41.83311
      ],
      [
       40.76665,
       41.82639
      ],
      [
       40.77565,
       41.81822
      ],
      [
       40.78234,
       41.80889
      ],
      [
       40.78646,
       41.79877
      ],
      [
       40.78785,
       41.78824
      ]
     ]
    ]
   },
   "properties": {
    "event_id": "S4:DOORS3:T27",
    "source_id": "S4_BLACK_SEA_DOORS3",
    "target_keys": [
     "litter-visual"
    ],
    "sample_ids": [
     "MPL-0929"
    ],
    "date": "2024-06-14",
    "time": null,
    "footprint_kind": "point",
    "footprint_label": "только центр наблюдения: протяжённость неизвестна, круг неопределённости",
    "footprint_radius_m": 6000.0,
    "footprint_area_km2": 112.372,
    "geometry_approximate": false,
    "candidates": 2,
    "candidate_passes": 2,
    "accepted": 0,
    "accepted_passes": 0,
    "best_scene_id": "S2B_T37TFG_20240615T081238_L2A",
    "best_platform": "S2B",
    "best_sync": "daylight_bounded",
    "best_shift_hours": null,
    "best_shift_days": 1,
    "best_time_uncertainty_hours": 30.62,
    "best_coverage_fraction": 1.0,
    "decision": "rejected",
    "reason_code": "time_shift",
    "reason": "сдвиг по времени больше допустимого",
    "detail": ""
   }
  },
  {
   "type": "Feature",
   "id": "S4:DOORS3:T28",
   "geometry": {
    "type": "Polygon",
    "coordinates": [
     [
      [
       40.45717,
       41.83251
      ],
      [
       40.45578,
       41.82198
      ],
      [
       40.45166,
       41.81186
      ],
      [
       40.44496,
       41.80253
      ],
      [
       40.43596,
       41.79436
      ],
      [
       40.42498,
       41.78764
      ],
      [
       40.41246,
       41.78266
      ],
      [
       40.39888,
       41.77959
      ],
      [
       40.38475,
       41.77855
      ],
      [
       40.37062,
       41.77959
      ],
      [
       40.35704,
       41.78266
      ],
      [
       40.34452,
       41.78764
      ],
      [
       40.33354,
       41.79436
      ],
      [
       40.32454,
       41.80253
      ],
      [
       40.31784,
       41.81186
      ],
      [
       40.31372,
       41.82198
      ],
      [
       40.31233,
       41.83251
      ],
      [
       40.31372,
       41.84304
      ],
      [
       40.31784,
       41.85316
      ],
      [
       40.32454,
       41.86249
      ],
      [
       40.33354,
       41.87066
      ],
      [
       40.34452,
       41.87738
      ],
      [
       40.35704,
       41.88236
      ],
      [
       40.37062,
       41.88543
      ],
      [
       40.38475,
       41.88647
      ],
      [
       40.39888,
       41.88543
      ],
      [
       40.41246,
       41.88236
      ],
      [
       40.42498,
       41.87738
      ],
      [
       40.43596,
       41.87066
      ],
      [
       40.44496,
       41.86249
      ],
      [
       40.45166,
       41.85316
      ],
      [
       40.45578,
       41.84304
      ],
      [
       40.45717,
       41.83251
      ]
     ]
    ]
   },
   "properties": {
    "event_id": "S4:DOORS3:T28",
    "source_id": "S4_BLACK_SEA_DOORS3",
    "target_keys": [
     "litter-visual"
    ],
    "sample_ids": [
     "MPL-0930"
    ],
    "date": "2024-06-14",
    "time": null,
    "footprint_kind": "point",
    "footprint_label": "только центр наблюдения: протяжённость неизвестна, круг неопределённости",
    "footprint_radius_m": 6000.0,
    "footprint_area_km2": 112.372,
    "geometry_approximate": false,
    "candidates": 3,
    "candidate_passes": 2,
    "accepted": 0,
    "accepted_passes": 0,
    "best_scene_id": "S2B_T37TFG_20240615T081238_L2A",
    "best_platform": "S2B",
    "best_sync": "daylight_bounded",
    "best_shift_hours": null,
    "best_shift_days": 1,
    "best_time_uncertainty_hours": 30.6,
    "best_coverage_fraction": 1.0,
    "decision": "rejected",
    "reason_code": "time_shift",
    "reason": "сдвиг по времени больше допустимого",
    "detail": ""
   }
  },
  {
   "type": "Feature",
   "id": "S4:DOORS3:T29",
   "geometry": {
    "type": "Polygon",
    "coordinates": [
     [
      [
       38.65997,
       42.0533
      ],
      [
       38.65857,
       42.04277
      ],
      [
       38.65444,
       42.03265
      ],
      [
       38.64772,
       42.02332
      ],
      [
       38.63869,
       42.01515
      ],
      [
       38.62767,
       42.00843
      ],
      [
       38.61511,
       42.00345
      ],
      [
       38.60148,
       42.00038
      ],
      [
       38.5873,
       41.99934
      ],
      [
       38.57312,
       42.00038
      ],
      [
       38.55949,
       42.00345
      ],
      [
       38.54693,
       42.00843
      ],
      [
       38.53591,
       42.01515
      ],
      [
       38.52688,
       42.02332
      ],
      [
       38.52016,
       42.03265
      ],
      [
       38.51603,
       42.04277
      ],
      [
       38.51463,
       42.0533
      ],
      [
       38.51603,
       42.06383
      ],
      [
       38.52016,
       42.07395
      ],
      [
       38.52688,
       42.08328
      ],
      [
       38.53591,
       42.09145
      ],
      [
       38.54693,
       42.09817
      ],
      [
       38.55949,
       42.10315
      ],
      [
       38.57312,
       42.10622
      ],
      [
       38.5873,
       42.10726
      ],
      [
       38.60148,
       42.10622
      ],
      [
       38.61511,
       42.10315
      ],
      [
       38.62767,
       42.09817
      ],
      [
       38.63869,
       42.09145
      ],
      [
       38.64772,
       42.08328
      ],
      [
       38.65444,
       42.07395
      ],
      [
       38.65857,
       42.06383
      ],
      [
       38.65997,
       42.0533
      ]
     ]
    ]
   },
   "properties": {
    "event_id": "S4:DOORS3:T29",
    "source_id": "S4_BLACK_SEA_DOORS3",
    "target_keys": [
     "litter-visual"
    ],
    "sample_ids": [
     "MPL-0931"
    ],
    "date": "2024-06-15",
    "time": null,
    "footprint_kind": "point",
    "footprint_label": "только центр наблюдения: протяжённость неизвестна, круг неопределённости",
    "footprint_radius_m": 6000.0,
    "footprint_area_km2": 112.372,
    "geometry_approximate": false,
    "candidates": 3,
    "candidate_passes": 3,
    "accepted": 0,
    "accepted_passes": 0,
    "best_scene_id": "LC08_L2SP_174031_20240616_02_T2",
    "best_platform": "L8",
    "best_sync": "daylight_bounded",
    "best_shift_hours": null,
    "best_shift_days": 1,
    "best_time_uncertainty_hours": 30.31,
    "best_coverage_fraction": 1.0,
    "decision": "rejected",
    "reason_code": "time_shift",
    "reason": "сдвиг по времени больше допустимого",
    "detail": ""
   }
  },
  {
   "type": "Feature",
   "id": "S4:DOORS3:T3",
   "geometry": {
    "type": "Polygon",
    "coordinates": [
     [
      [
       32.52519,
       43.13
      ],
      [
       32.52377,
       43.11947
      ],
      [
       32.51956,
       43.10935
      ],
      [
       32.51273,
       43.10002
      ],
      [
       32.50353,
       43.09185
      ],
      [
       32.49233,
       43.08513
      ],
      [
       32.47954,
       43.08015
      ],
      [
       32.46567,
       43.07708
      ],
      [
       32.45125,
       43.07604
      ],
      [
       32.43683,
       43.07708
      ],
      [
       32.42296,
       43.08015
      ],
      [
       32.41017,
       43.08513
      ],
      [
       32.39897,
       43.09185
      ],
      [
       32.38977,
       43.10002
      ],
      [
       32.38294,
       43.10935
      ],
      [
       32.37873,
       43.11947
      ],
      [
       32.37731,
       43.13
      ],
      [
       32.37873,
       43.14053
      ],
      [
       32.38294,
       43.15065
      ],
      [
       32.38977,
       43.15998
      ],
      [
       32.39897,
       43.16815
      ],
      [
       32.41017,
       43.17487
      ],
      [
       32.42296,
       43.17985
      ],
      [
       32.43683,
       43.18292
      ],
      [
       32.45125,
       43.18396
      ],
      [
       32.46567,
       43.18292
      ],
      [
       32.47954,
       43.17985
      ],
      [
       32.49233,
       43.17487
      ],
      [
       32.50353,
       43.16815
      ],
      [
       32.51273,
       43.15998
      ],
      [
       32.51956,
       43.15065
      ],
      [
       32.52377,
       43.14053
      ],
      [
       32.52519,
       43.13
      ]
     ]
    ]
   },
   "properties": {
    "event_id": "S4:DOORS3:T3",
    "source_id": "S4_BLACK_SEA_DOORS3",
    "target_keys": [
     "litter-visual"
    ],
    "sample_ids": [
     "MPL-0912"
    ],
    "date": "2024-06-03",
    "time": null,
    "footprint_kind": "point",
    "footprint_label": "только центр наблюдения: протяжённость неизвестна, круг неопределённости",
    "footprint_radius_m": 6000.0,
    "footprint_area_km2": 112.372,
    "geometry_approximate": false,
    "candidates": 3,
    "candidate_passes": 3,
    "accepted": 0,
    "accepted_passes": 0,
    "best_scene_id": "LC09_L2SP_178030_20240604_02_T2",
    "best_platform": "L9",
    "best_sync": "daylight_bounded",
    "best_shift_hours": null,
    "best_shift_days": 1,
    "best_time_uncertainty_hours": 30.33,
    "best_coverage_fraction": 1.0,
    "decision": "rejected",
    "reason_code": "time_shift",
    "reason": "сдвиг по времени больше допустимого",
    "detail": ""
   }
  },
  {
   "type": "Feature",
   "id": "S4:DOORS3:T30",
   "geometry": {
    "type": "Polygon",
    "coordinates": [
     [
      [
       31.58197,
       42.51907
      ],
      [
       31.58056,
       42.50854
      ],
      [
       31.5764,
       42.49842
      ],
      [
       31.56963,
       42.48909
      ],
      [
       31.56053,
       42.48092
      ],
      [
       31.54943,
       42.4742
      ],
      [
       31.53678,
       42.46922
      ],
      [
       31.52304,
       42.46615
      ],
      [
       31.50876,
       42.46511
      ],
      [
       31.49448,
       42.46615
      ],
      [
       31.48074,
       42.46922
      ],
      [
       31.46809,
       42.4742
      ],
      [
       31.45699,
       42.48092
      ],
      [
       31.44789,
       42.48909
      ],
      [
       31.44112,
       42.49842
      ],
      [
       31.43696,
       42.50854
      ],
      [
       31.43555,
       42.51907
      ],
      [
       31.43696,
       42.5296
      ],
      [
       31.44112,
       42.53972
      ],
      [
       31.44789,
       42.54905
      ],
      [
       31.45699,
       42.55722
      ],
      [
       31.46809,
       42.56394
      ],
      [
       31.48074,
       42.56892
      ],
      [
       31.49448,
       42.57199
      ],
      [
       31.50876,
       42.57303
      ],
      [
       31.52304,
       42.57199
      ],
      [
       31.53678,
       42.56892
      ],
      [
       31.54943,
       42.56394
      ],
      [
       31.56053,
       42.55722
      ],
      [
       31.56963,
       42.54905
      ],
      [
       31.5764,
       42.53972
      ],
      [
       31.58056,
       42.5296
      ],
      [
       31.58197,
       42.51907
      ]
     ]
    ]
   },
   "properties": {
    "event_id": "S4:DOORS3:T30",
    "source_id": "S4_BLACK_SEA_DOORS3",
    "target_keys": [
     "litter-visual"
    ],
    "sample_ids": [
     "MPL-0934"
    ],
    "date": "2024-06-17",
    "time": null,
    "footprint_kind": "point",
    "footprint_label": "только центр наблюдения: протяжённость неизвестна, круг неопределённости",
    "footprint_radius_m": 6000.0,
    "footprint_area_km2": 112.372,
    "geometry_approximate": false,
    "candidates": 7,
    "candidate_passes": 5,
    "accepted": 1,
    "accepted_passes": 1,
    "best_scene_id": "S2B_T36TUN_20240617T085403_L2A",
    "best_platform": "S2B",
    "best_sync": "daylight_bounded",
    "best_shift_hours": null,
    "best_shift_days": 0,
    "best_time_uncertainty_hours": 8.59,
    "best_coverage_fraction": 1.0,
    "decision": "accepted",
    "reason_code": "accepted",
    "reason": "пара принята",
    "detail": ""
   }
  },
  {
   "type": "Feature",
   "id": "S4:DOORS3:T31",
   "geometry": {
    "type": "Polygon",
    "coordinates": [
     [
      [
       31.33745,
       42.49174
      ],
      [
       31.33604,
       42.48121
      ],
      [
       31.33188,
       42.47109
      ],
      [
       31.32511,
       42.46176
      ],
      [
       31.31601,
       42.45359
      ],
      [
       31.30493,
       42.44687
      ],
      [
       31.29227,
       42.44189
      ],
      [
       31.27855,
       42.43882
      ],
      [
       31.26427,
       42.43778
      ],
      [
       31.24999,
       42.43882
      ],
      [
       31.23627,
       42.44189
      ],
      [
       31.22361,
       42.44687
      ],
      [
       31.21253,
       42.45359
      ],
      [
       31.20343,
       42.46176
      ],
      [
       31.19666,
       42.47109
      ],
      [
       31.1925,
       42.48121
      ],
      [
       31.19109,
       42.49174
      ],
      [
       31.1925,
       42.50227
      ],
      [
       31.19666,
       42.51239
      ],
      [
       31.20343,
       42.52172
      ],
      [
       31.21253,
       42.52989
      ],
      [
       31.22361,
       42.53661
      ],
      [
       31.23627,
       42.54159
      ],
      [
       31.24999,
       42.54466
      ],
      [
       31.26427,
       42.5457
      ],
      [
       31.27855,
       42.54466
      ],
      [
       31.29227,
       42.54159
      ],
      [
       31.30493,
       42.53661
      ],
      [
       31.31601,
       42.52989
      ],
      [
       31.32511,
       42.52172
      ],
      [
       31.33188,
       42.51239
      ],
      [
       31.33604,
       42.50227
      ],
      [
       31.33745,
       42.49174
      ]
     ]
    ]
   },
   "properties": {
    "event_id": "S4:DOORS3:T31",
    "source_id": "S4_BLACK_SEA_DOORS3",
    "target_keys": [
     "litter-visual"
    ],
    "sample_ids": [
     "MPL-0933"
    ],
    "date": "2024-06-17",
    "time": null,
    "footprint_kind": "point",
    "footprint_label": "только центр наблюдения: протяжённость неизвестна, круг неопределённости",
    "footprint_radius_m": 6000.0,
    "footprint_area_km2": 112.372,
    "geometry_approximate": false,
    "candidates": 5,
    "candidate_passes": 3,
    "accepted": 1,
    "accepted_passes": 1,
    "best_scene_id": "S2B_T36TUN_20240617T085403_L2A",
    "best_platform": "S2B",
    "best_sync": "daylight_bounded",
    "best_shift_hours": null,
    "best_shift_days": 0,
    "best_time_uncertainty_hours": 8.6,
    "best_coverage_fraction": 1.0,
    "decision": "accepted",
    "reason_code": "accepted",
    "reason": "пара принята",
    "detail": ""
   }
  },
  {
   "type": "Feature",
   "id": "S4:DOORS3:T32",
   "geometry": {
    "type": "Polygon",
    "coordinates": [
     [
      [
       31.0298,
       42.46465
      ],
      [
       31.02839,
       42.45412
      ],
      [
       31.02423,
       42.444
      ],
      [
       31.01747,
       42.43467
      ],
      [
       31.00837,
       42.4265
      ],
      [
       30.99729,
       42.41978
      ],
      [
       30.98464,
       42.4148
      ],
      [
       30.97092,
       42.41173
      ],
      [
       30.95665,
       42.41069
      ],
      [
       30.94238,
       42.41173
      ],
      [
       30.92866,
       42.4148
      ],
      [
       30.91601,
       42.41978
      ],
      [
       30.90493,
       42.4265
      ],
      [
       30.89583,
       42.43467
      ],
      [
       30.88907,
       42.444
      ],
      [
       30.88491,
       42.45412
      ],
      [
       30.8835,
       42.46465
      ],
      [
       30.88491,
       42.47518
      ],
      [
       30.88907,
       42.4853
      ],
      [
       30.89583,
       42.49463
      ],
      [
       30.90493,
       42.5028
      ],
      [
       30.91601,
       42.50952
      ],
      [
       30.92866,
       42.5145
      ],
      [
       30.94238,
       42.51757
      ],
      [
       30.95665,
       42.51861
      ],
      [
       30.97092,
       42.51757
      ],
      [
       30.98464,
       42.5145
      ],
      [
       30.99729,
       42.50952
      ],
      [
       31.00837,
       42.5028
      ],
      [
       31.01747,
       42.49463
      ],
      [
       31.02423,
       42.4853
      ],
      [
       31.02839,
       42.47518
      ],
      [
       31.0298,
       42.46465
      ]
     ]
    ]
   },
   "properties": {
    "event_id": "S4:DOORS3:T32",
    "source_id": "S4_BLACK_SEA_DOORS3",
    "target_keys": [
     "litter-visual"
    ],
    "sample_ids": [
     "MPL-0932"
    ],
    "date": "2024-06-17",
    "time": null,
    "footprint_kind": "point",
    "footprint_label": "только центр наблюдения: протяжённость неизвестна, круг неопределённости",
    "footprint_radius_m": 6000.0,
    "footprint_area_km2": 112.372,
    "geometry_approximate": false,
    "candidates": 4,
    "candidate_passes": 2,
    "accepted": 1,
    "accepted_passes": 1,
    "best_scene_id": "S2B_T36TUN_20240617T085403_L2A",
    "best_platform": "S2B",
    "best_sync": "daylight_bounded",
    "best_shift_hours": null,
    "best_shift_days": 0,
    "best_time_uncertainty_hours": 8.62,
    "best_coverage_fraction": 1.0,
    "decision": "accepted",
    "reason_code": "accepted",
    "reason": "пара принята",
    "detail": ""
   }
  },
  {
   "type": "Feature",
   "id": "S4:DOORS3:T33",
   "geometry": {
    "type": "Polygon",
    "coordinates": [
     [
      [
       29.28896,
       43.35643
      ],
      [
       29.28754,
       43.3459
      ],
      [
       29.28331,
       43.33578
      ],
      [
       29.27645,
       43.32645
      ],
      [
       29.26723,
       43.31828
      ],
      [
       29.25598,
       43.31156
      ],
      [
       29.24315,
       43.30658
      ],
      [
       29.22923,
       43.30351
      ],
      [
       29.21475,
       43.30247
      ],
      [
       29.20027,
       43.30351
      ],
      [
       29.18635,
       43.30658
      ],
      [
       29.17352,
       43.31156
      ],
      [
       29.16227,
       43.31828
      ],
      [
       29.15305,
       43.32645
      ],
      [
       29.14619,
       43.33578
      ],
      [
       29.14196,
       43.3459
      ],
      [
       29.14054,
       43.35643
      ],
      [
       29.14196,
       43.36696
      ],
      [
       29.14619,
       43.37708
      ],
      [
       29.15305,
       43.38641
      ],
      [
       29.16227,
       43.39458
      ],
      [
       29.17352,
       43.4013
      ],
      [
       29.18635,
       43.40628
      ],
      [
       29.20027,
       43.40935
      ],
      [
       29.21475,
       43.41039
      ],
      [
       29.22923,
       43.40935
      ],
      [
       29.24315,
       43.40628
      ],
      [
       29.25598,
       43.4013
      ],
      [
       29.26723,
       43.39458
      ],
      [
       29.27645,
       43.38641
      ],
      [
       29.28331,
       43.37708
      ],
      [
       29.28754,
       43.36696
      ],
      [
       29.28896,
       43.35643
      ]
     ]
    ]
   },
   "properties": {
    "event_id": "S4:DOORS3:T33",
    "source_id": "S4_BLACK_SEA_DOORS3",
    "target_keys": [
     "litter-visual"
    ],
    "sample_ids": [
     "MPL-0935"
    ],
    "date": "2024-06-18",
    "time": null,
    "footprint_kind": "point",
    "footprint_label": "только центр наблюдения: протяжённость неизвестна, круг неопределённости",
    "footprint_radius_m": 6000.0,
    "footprint_area_km2": 112.372,
    "geometry_approximate": false,
    "candidates": 8,
    "candidate_passes": 5,
    "accepted": 0,
    "accepted_passes": 0,
    "best_scene_id": "LC09_L2SP_180030_20240618_02_T1",
    "best_platform": "L9",
    "best_sync": "daylight_bounded",
    "best_shift_hours": null,
    "best_shift_days": 0,
    "best_time_uncertainty_hours": 9.04,
    "best_coverage_fraction": 1.0,
    "decision": "candidate",
    "reason_code": "quality_unverified",
    "reason": "маску качества не прочитать без ключей (requester pays)",
    "detail": ""
   }
  },
  {
   "type": "Feature",
   "id": "S4:DOORS3:T4",
   "geometry": {
    "type": "Polygon",
    "coordinates": [
     [
      [
       32.66957,
       43.11612
      ],
      [
       32.66815,
       43.10559
      ],
      [
       32.66394,
       43.09547
      ],
      [
       32.65711,
       43.08614
      ],
      [
       32.64792,
       43.07797
      ],
      [
       32.63672,
       43.07125
      ],
      [
       32.62394,
       43.06627
      ],
      [
       32.61007,
       43.0632
      ],
      [
       32.59565,
       43.06216
      ],
      [
       32.58123,
       43.0632
      ],
      [
       32.56736,
       43.06627
      ],
      [
       32.55458,
       43.07125
      ],
      [
       32.54338,
       43.07797
      ],
      [
       32.53419,
       43.08614
      ],
      [
       32.52736,
       43.09547
      ],
      [
       32.52315,
       43.10559
      ],
      [
       32.52173,
       43.11612
      ],
      [
       32.52315,
       43.12665
      ],
      [
       32.52736,
       43.13677
      ],
      [
       32.53419,
       43.1461
      ],
      [
       32.54338,
       43.15427
      ],
      [
       32.55458,
       43.16099
      ],
      [
       32.56736,
       43.16597
      ],
      [
       32.58123,
       43.16904
      ],
      [
       32.59565,
       43.17008
      ],
      [
       32.61007,
       43.16904
      ],
      [
       32.62394,
       43.16597
      ],
      [
       32.63672,
       43.16099
      ],
      [
       32.64792,
       43.15427
      ],
      [
       32.65711,
       43.1461
      ],
      [
       32.66394,
       43.13677
      ],
      [
       32.66815,
       43.12665
      ],
      [
       32.66957,
       43.11612
      ]
     ]
    ]
   },
   "properties": {
    "event_id": "S4:DOORS3:T4",
    "source_id": "S4_BLACK_SEA_DOORS3",
    "target_keys": [
     "litter-visual"
    ],
    "sample_ids": [
     "MPL-0911"
    ],
    "date": "2024-06-03",
    "time": null,
    "footprint_kind": "point",
    "footprint_label": "только центр наблюдения: протяжённость неизвестна, круг неопределённости",
    "footprint_radius_m": 6000.0,
    "footprint_area_km2": 112.372,
    "geometry_approximate": false,
    "candidates": 3,
    "candidate_passes": 3,
    "accepted": 0,
    "accepted_passes": 0,
    "best_scene_id": "LC09_L2SP_178030_20240604_02_T2",
    "best_platform": "L9",
    "best_sync": "daylight_bounded",
    "best_shift_hours": null,
    "best_shift_days": 1,
    "best_time_uncertainty_hours": 30.34,
    "best_coverage_fraction": 1.0,
    "decision": "rejected",
    "reason_code": "time_shift",
    "reason": "сдвиг по времени больше допустимого",
    "detail": ""
   }
  },
  {
   "type": "Feature",
   "id": "S4:DOORS3:T5",
   "geometry": {
    "type": "Polygon",
    "coordinates": [
     [
      [
       32.90747,
       43.08425
      ],
      [
       32.90605,
       43.07372
      ],
      [
       32.90185,
       43.0636
      ],
      [
       32.89502,
       43.05427
      ],
      [
       32.88583,
       43.0461
      ],
      [
       32.87464,
       43.03938
      ],
      [
       32.86186,
       43.0344
      ],
      [
       32.848,
       43.03133
      ],
      [
       32.83359,
       43.03029
      ],
      [
       32.81918,
       43.03133
      ],
      [
       32.80532,
       43.0344
      ],
      [
       32.79254,
       43.03938
      ],
      [
       32.78135,
       43.0461
      ],
      [
       32.77216,
       43.05427
      ],
      [
       32.76533,
       43.0636
      ],
      [
       32.76113,
       43.07372
      ],
      [
       32.75971,
       43.08425
      ],
      [
       32.76113,
       43.09478
      ],
      [
       32.76533,
       43.1049
      ],
      [
       32.77216,
       43.11423
      ],
      [
       32.78135,
       43.1224
      ],
      [
       32.79254,
       43.12912
      ],
      [
       32.80532,
       43.1341
      ],
      [
       32.81918,
       43.13717
      ],
      [
       32.83359,
       43.13821
      ],
      [
       32.848,
       43.13717
      ],
      [
       32.86186,
       43.1341
      ],
      [
       32.87464,
       43.12912
      ],
      [
       32.88583,
       43.1224
      ],
      [
       32.89502,
       43.11423
      ],
      [
       32.90185,
       43.1049
      ],
      [
       32.90605,
       43.09478
      ],
      [
       32.90747,
       43.08425
      ]
     ]
    ]
   },
   "properties": {
    "event_id": "S4:DOORS3:T5",
    "source_id": "S4_BLACK_SEA_DOORS3",
    "target_keys": [
     "litter-visual"
    ],
    "sample_ids": [
     "MPL-0910"
    ],
    "date": "2024-06-03",
    "time": null,
    "footprint_kind": "point",
    "footprint_label": "только центр наблюдения: протяжённость неизвестна, круг неопределённости",
    "footprint_radius_m": 6000.0,
    "footprint_area_km2": 112.372,
    "geometry_approximate": false,
    "candidates": 3,
    "candidate_passes": 3,
    "accepted": 0,
    "accepted_passes": 0,
    "best_scene_id": "LC09_L2SP_178030_20240604_02_T2",
    "best_platform": "L9",
    "best_sync": "daylight_bounded",
    "best_shift_hours": null,
    "best_shift_days": 1,
    "best_time_uncertainty_hours": 30.36,
    "best_coverage_fraction": 1.0,
    "decision": "rejected",
    "reason_code": "time_shift",
    "reason": "сдвиг по времени больше допустимого",
    "detail": ""
   }
  },
  {
   "type": "Feature",
   "id": "S4:DOORS3:T6",
   "geometry": {
    "type": "Polygon",
    "coordinates": [
     [
      [
       33.26525,
       43.02454
      ],
      [
       33.26383,
       43.01401
      ],
      [
       33.25963,
       43.00389
      ],
      [
       33.25281,
       42.99456
      ],
      [
       33.24363,
       42.98639
      ],
      [
       33.23245,
       42.97967
      ],
      [
       33.21969,
       42.97469
      ],
      [
       33.20584,
       42.97162
      ],
      [
       33.19144,
       42.97058
      ],
      [
       33.17704,
       42.97162
      ],
      [
       33.16319,
       42.97469
      ],
      [
       33.15043,
       42.97967
      ],
      [
       33.13925,
       42.98639
      ],
      [
       33.13007,
       42.99456
      ],
      [
       33.12325,
       43.00389
      ],
      [
       33.11905,
       43.01401
      ],
      [
       33.11763,
       43.02454
      ],
      [
       33.11905,
       43.03507
      ],
      [
       33.12325,
       43.04519
      ],
      [
       33.13007,
       43.05452
      ],
      [
       33.13925,
       43.06269
      ],
      [
       33.15043,
       43.06941
      ],
      [
       33.16319,
       43.07439
      ],
      [
       33.17704,
       43.07746
      ],
      [
       33.19144,
       43.0785
      ],
      [
       33.20584,
       43.07746
      ],
      [
       33.21969,
       43.07439
      ],
      [
       33.23245,
       43.06941
      ],
      [
       33.24363,
       43.06269
      ],
      [
       33.25281,
       43.05452
      ],
      [
       33.25963,
       43.04519
      ],
      [
       33.26383,
       43.03507
      ],
      [
       33.26525,
       43.02454
      ]
     ]
    ]
   },
   "properties": {
    "event_id": "S4:DOORS3:T6",
    "source_id": "S4_BLACK_SEA_DOORS3",
    "target_keys": [
     "litter-visual"
    ],
    "sample_ids": [
     "MPL-0909"
    ],
    "date": "2024-06-03",
    "time": null,
    "footprint_kind": "point",
    "footprint_label": "только центр наблюдения: протяжённость неизвестна, круг неопределённости",
    "footprint_radius_m": 6000.0,
    "footprint_area_km2": 112.372,
    "geometry_approximate": false,
    "candidates": 4,
    "candidate_passes": 3,
    "accepted": 0,
    "accepted_passes": 0,
    "best_scene_id": "LC09_L2SP_178030_20240604_02_T2",
    "best_platform": "L9",
    "best_sync": "daylight_bounded",
    "best_shift_hours": null,
    "best_shift_days": 1,
    "best_time_uncertainty_hours": 30.38,
    "best_coverage_fraction": 1.0,
    "decision": "rejected",
    "reason_code": "time_shift",
    "reason": "сдвиг по времени больше допустимого",
    "detail": ""
   }
  },
  {
   "type": "Feature",
   "id": "S4:DOORS3:T7",
   "geometry": {
    "type": "Polygon",
    "coordinates": [
     [
      [
       33.49613,
       42.98847
      ],
      [
       33.49471,
       42.97794
      ],
      [
       33.49051,
       42.96782
      ],
      [
       33.48369,
       42.95849
      ],
      [
       33.47452,
       42.95032
      ],
      [
       33.46334,
       42.9436
      ],
      [
       33.45059,
       42.93862
      ],
      [
       33.43675,
       42.93555
      ],
      [
       33.42236,
       42.93451
      ],
      [
       33.40797,
       42.93555
      ],
      [
       33.39413,
       42.93862
      ],
      [
       33.38138,
       42.9436
      ],
      [
       33.3702,
       42.95032
      ],
      [
       33.36103,
       42.95849
      ],
      [
       33.35421,
       42.96782
      ],
      [
       33.35001,
       42.97794
      ],
      [
       33.34859,
       42.98847
      ],
      [
       33.35001,
       42.999
      ],
      [
       33.35421,
       43.00912
      ],
      [
       33.36103,
       43.01845
      ],
      [
       33.3702,
       43.02662
      ],
      [
       33.38138,
       43.03334
      ],
      [
       33.39413,
       43.03832
      ],
      [
       33.40797,
       43.04139
      ],
      [
       33.42236,
       43.04243
      ],
      [
       33.43675,
       43.04139
      ],
      [
       33.45059,
       43.03832
      ],
      [
       33.46334,
       43.03334
      ],
      [
       33.47452,
       43.02662
      ],
      [
       33.48369,
       43.01845
      ],
      [
       33.49051,
       43.00912
      ],
      [
       33.49471,
       42.999
      ],
      [
       33.49613,
       42.98847
      ]
     ]
    ]
   },
   "properties": {
    "event_id": "S4:DOORS3:T7",
    "source_id": "S4_BLACK_SEA_DOORS3",
    "target_keys": [
     "litter-visual"
    ],
    "sample_ids": [
     "MPL-0908"
    ],
    "date": "2024-06-03",
    "time": null,
    "footprint_kind": "point",
    "footprint_label": "только центр наблюдения: протяжённость неизвестна, круг неопределённости",
    "footprint_radius_m": 6000.0,
    "footprint_area_km2": 112.372,
    "geometry_approximate": false,
    "candidates": 3,
    "candidate_passes": 3,
    "accepted": 0,
    "accepted_passes": 0,
    "best_scene_id": "LC09_L2SP_178030_20240604_02_T2",
    "best_platform": "L9",
    "best_sync": "daylight_bounded",
    "best_shift_hours": null,
    "best_shift_days": 1,
    "best_time_uncertainty_hours": 30.39,
    "best_coverage_fraction": 1.0,
    "decision": "rejected",
    "reason_code": "time_shift",
    "reason": "сдвиг по времени больше допустимого",
    "detail": ""
   }
  },
  {
   "type": "Feature",
   "id": "S4:DOORS3:T8",
   "geometry": {
    "type": "Polygon",
    "coordinates": [
     [
      [
       33.66236,
       42.97347
      ],
      [
       33.66094,
       42.96294
      ],
      [
       33.65674,
       42.95282
      ],
      [
       33.64993,
       42.94349
      ],
      [
       33.64076,
       42.93532
      ],
      [
       33.62958,
       42.9286
      ],
      [
       33.61683,
       42.92362
      ],
      [
       33.603,
       42.92055
      ],
      [
       33.58861,
       42.91951
      ],
      [
       33.57422,
       42.92055
      ],
      [
       33.56039,
       42.92362
      ],
      [
       33.54764,
       42.9286
      ],
      [
       33.53646,
       42.93532
      ],
      [
       33.52729,
       42.94349
      ],
      [
       33.52048,
       42.95282
      ],
      [
       33.51628,
       42.96294
      ],
      [
       33.51486,
       42.97347
      ],
      [
       33.51628,
       42.984
      ],
      [
       33.52048,
       42.99412
      ],
      [
       33.52729,
       43.00345
      ],
      [
       33.53646,
       43.01162
      ],
      [
       33.54764,
       43.01834
      ],
      [
       33.56039,
       43.02332
      ],
      [
       33.57422,
       43.02639
      ],
      [
       33.58861,
       43.02743
      ],
      [
       33.603,
       43.02639
      ],
      [
       33.61683,
       43.02332
      ],
      [
       33.62958,
       43.01834
      ],
      [
       33.64076,
       43.01162
      ],
      [
       33.64993,
       43.00345
      ],
      [
       33.65674,
       42.99412
      ],
      [
       33.66094,
       42.984
      ],
      [
       33.66236,
       42.97347
      ]
     ]
    ]
   },
   "properties": {
    "event_id": "S4:DOORS3:T8",
    "source_id": "S4_BLACK_SEA_DOORS3",
    "target_keys": [
     "litter-visual"
    ],
    "sample_ids": [
     "MPL-0907"
    ],
    "date": "2024-06-03",
    "time": null,
    "footprint_kind": "point",
    "footprint_label": "только центр наблюдения: протяжённость неизвестна, круг неопределённости",
    "footprint_radius_m": 6000.0,
    "footprint_area_km2": 112.372,
    "geometry_approximate": false,
    "candidates": 3,
    "candidate_passes": 3,
    "accepted": 0,
    "accepted_passes": 0,
    "best_scene_id": "LC09_L2SP_178030_20240604_02_T2",
    "best_platform": "L9",
    "best_sync": "daylight_bounded",
    "best_shift_hours": null,
    "best_shift_days": 1,
    "best_time_uncertainty_hours": 30.4,
    "best_coverage_fraction": 1.0,
    "decision": "rejected",
    "reason_code": "time_shift",
    "reason": "сдвиг по времени больше допустимого",
    "detail": ""
   }
  },
  {
   "type": "Feature",
   "id": "S4:DOORS3:T9",
   "geometry": {
    "type": "Polygon",
    "coordinates": [
     [
      [
       33.91695,
       42.92725
      ],
      [
       33.91554,
       42.91672
      ],
      [
       33.91134,
       42.9066
      ],
      [
       33.90453,
       42.89727
      ],
      [
       33.89537,
       42.8891
      ],
      [
       33.8842,
       42.88238
      ],
      [
       33.87146,
       42.8774
      ],
      [
       33.85764,
       42.87433
      ],
      [
       33.84326,
       42.87329
      ],
      [
       33.82888,
       42.87433
      ],
      [
       33.81506,
       42.8774
      ],
      [
       33.80232,
       42.88238
      ],
      [
       33.79115,
       42.8891
      ],
      [
       33.78199,
       42.89727
      ],
      [
       33.77518,
       42.9066
      ],
      [
       33.77098,
       42.91672
      ],
      [
       33.76957,
       42.92725
      ],
      [
       33.77098,
       42.93778
      ],
      [
       33.77518,
       42.9479
      ],
      [
       33.78199,
       42.95723
      ],
      [
       33.79115,
       42.9654
      ],
      [
       33.80232,
       42.97212
      ],
      [
       33.81506,
       42.9771
      ],
      [
       33.82888,
       42.98017
      ],
      [
       33.84326,
       42.98121
      ],
      [
       33.85764,
       42.98017
      ],
      [
       33.87146,
       42.9771
      ],
      [
       33.8842,
       42.97212
      ],
      [
       33.89537,
       42.9654
      ],
      [
       33.90453,
       42.95723
      ],
      [
       33.91134,
       42.9479
      ],
      [
       33.91554,
       42.93778
      ],
      [
       33.91695,
       42.92725
      ]
     ]
    ]
   },
   "properties": {
    "event_id": "S4:DOORS3:T9",
    "source_id": "S4_BLACK_SEA_DOORS3",
    "target_keys": [
     "litter-visual"
    ],
    "sample_ids": [
     "MPL-0906"
    ],
    "date": "2024-06-03",
    "time": null,
    "footprint_kind": "point",
    "footprint_label": "только центр наблюдения: протяжённость неизвестна, круг неопределённости",
    "footprint_radius_m": 6000.0,
    "footprint_area_km2": 112.372,
    "geometry_approximate": false,
    "candidates": 2,
    "candidate_passes": 2,
    "accepted": 0,
    "accepted_passes": 0,
    "best_scene_id": "S2B_T36TWN_20240604T084755_L2A",
    "best_platform": "S2B",
    "best_sync": "daylight_bounded",
    "best_shift_hours": null,
    "best_shift_days": 1,
    "best_time_uncertainty_hours": 30.69,
    "best_coverage_fraction": 1.0,
    "decision": "rejected",
    "reason_code": "time_shift",
    "reason": "сдвиг по времени больше допустимого",
    "detail": ""
   }
  }
 ]
}
