sample_id,event_id,source_id,record_type,measurement_profile,target_scope,material,size_class,date_utc,time_start_utc,time_end_utc,latitude,longitude,position_role,published_items_km2,items,area_km2,recomputed_items_km2,concentration_check,target_key,decision,reason_code,reason,quality_flags
MPL-0001,S3:HE419_MarLitter_transect01,S3_SE_NORTH_SEA,transect_density,S3_visual_GT2,all_litter,mixed (predominantly plastic),>2 cm (macro),2014-04-03,14:39:00,16:00:00,54.084,7.659,published_transect_center,15.9,4,0.251,15.9363,match,litter-visual,accepted,accepted,принята,all_litter_not_plastic
MPL-0002,S3:HE419_MarLitter_transect01,S3_SE_NORTH_SEA,transect_density,S3_visual_GT2,fisheries_litter_category,plastic (fishing gear),>2 cm (macro),2014-04-03,14:39:00,16:00:00,54.084,7.659,published_transect_center,0,0,0.251,0,match,,rejected,category,"отдельная категория, а не суммарная величина: fisheries_litter_category",zero_only_for_defined_scope
MPL-0003,S3:HE419_MarLitter_transect01,S3_SE_NORTH_SEA,item_observation,S3_visual_GT2,object_context,plastic,>2 cm (macro),2014-04-03,14:39:00,16:00:00,54.085,7.666,sighting_position,,,0.251,,missing,,rejected,item_observation,"объектная запись: своей плотности нет, числитель трансекты по ней не восстановить",object_time_is_parent_interval;source_object_row_not_reconstructed
MPL-0004,S3:HE419_MarLitter_transect01,S3_SE_NORTH_SEA,item_observation,S3_visual_GT2,object_context,plastic,>2 cm (macro),2014-04-03,14:39:00,16:00:00,54.099,7.715,sighting_position,,,0.251,,missing,,rejected,item_observation,"объектная запись: своей плотности нет, числитель трансекты по ней не восстановить",object_time_is_parent_interval;source_object_row_not_reconstructed
MPL-0005,S3:HE419_MarLitter_transect01,S3_SE_NORTH_SEA,item_observation,S3_visual_GT2,object_context,plastic,>2 cm (macro),2014-04-03,14:39:00,16:00:00,54.126,7.824,sighting_position,,,0.251,,missing,,rejected,item_observation,"объектная запись: своей плотности нет, числитель трансекты по ней не восстановить",object_time_is_parent_interval;source_object_row_not_reconstructed
MPL-0006,S3:HE419_MarLitter_transect01,S3_SE_NORTH_SEA,item_observation,S3_visual_GT2,object_context,plastic,>2 cm (macro),2014-04-03,14:39:00,16:00:00,54.127,7.826,sighting_position,,,0.251,,missing,,rejected,item_observation,"объектная запись: своей плотности нет, числитель трансекты по ней не восстановить",object_time_is_parent_interval;source_object_row_not_reconstructed
MPL-0007,S3:HE419_MarLitter_transect02,S3_SE_NORTH_SEA,item_observation,S3_visual_GT2,object_context,plastic,>2 cm (macro),2014-04-05,15:23:00,16:09:00,54.895,6.884,sighting_position,,,0.165,,missing,,rejected,item_observation,"объектная запись: своей плотности нет, числитель трансекты по ней не восстановить",object_time_is_parent_interval;source_object_row_not_reconstructed
MPL-0008,S3:HE419_MarLitter_transect02,S3_SE_NORTH_SEA,transect_density,S3_visual_GT2,all_litter,mixed (predominantly plastic),>2 cm (macro),2014-04-05,15:23:00,16:09:00,54.897,6.887,published_transect_center,36.4,6,0.165,36.3636,match,litter-visual,accepted,accepted,принята,all_litter_not_plastic
MPL-0009,S3:HE419_MarLitter_transect02,S3_SE_NORTH_SEA,transect_density,S3_visual_GT2,fisheries_litter_category,plastic (fishing gear),>2 cm (macro),2014-04-05,15:23:00,16:09:00,54.897,6.887,published_transect_center,0,0,0.165,0,match,,rejected,category,"отдельная категория, а не суммарная величина: fisheries_litter_category",zero_only_for_defined_scope
MPL-0010,S3:HE419_MarLitter_transect02,S3_SE_NORTH_SEA,item_observation,S3_visual_GT2,object_context,plastic,>2 cm (macro),2014-04-05,15:23:00,16:09:00,54.897,6.898,sighting_position,,,0.165,,missing,,rejected,item_observation,"объектная запись: своей плотности нет, числитель трансекты по ней не восстановить",object_time_is_parent_interval;source_object_row_not_reconstructed
MPL-0011,S3:HE419_MarLitter_transect02,S3_SE_NORTH_SEA,item_observation,S3_visual_GT2,object_context,plastic,>2 cm (macro),2014-04-05,15:23:00,16:09:00,54.903,6.944,sighting_position,,,0.165,,missing,,rejected,item_observation,"объектная запись: своей плотности нет, числитель трансекты по ней не восстановить",object_time_is_parent_interval;source_object_row_not_reconstructed
MPL-0012,S3:HE419_MarLitter_transect02,S3_SE_NORTH_SEA,item_observation,S3_visual_GT2,object_context,plastic,>2 cm (macro),2014-04-05,15:23:00,16:09:00,54.904,6.956,sighting_position,,,0.165,,missing,,rejected,item_observation,"объектная запись: своей плотности нет, числитель трансекты по ней не восстановить",object_time_is_parent_interval;source_object_row_not_reconstructed
MPL-0013,S3:HE419_MarLitter_transect02,S3_SE_NORTH_SEA,item_observation,S3_visual_GT2,object_context,plastic,>2 cm (macro),2014-04-05,15:23:00,16:09:00,54.906,6.965,sighting_position,,,0.165,,missing,,rejected,item_observation,"объектная запись: своей плотности нет, числитель трансекты по ней не восстановить",object_time_is_parent_interval;source_object_row_not_reconstructed
MPL-0014,S3:HE419_MarLitter_transect02,S3_SE_NORTH_SEA,item_observation,S3_visual_GT2,object_context,plastic,>2 cm (macro),2014-04-05,15:23:00,16:09:00,54.906,6.969,sighting_position,,,0.165,,missing,,rejected,item_observation,"объектная запись: своей плотности нет, числитель трансекты по ней не восстановить",object_time_is_parent_interval;source_object_row_not_reconstructed
MPL-0015,S3:HE419_MarLitter_transect04,S3_SE_NORTH_SEA,item_observation,S3_visual_GT2,object_context,plastic,>2 cm (macro),2014-04-06,09:37:00,10:31:00,54.553,5.426,sighting_position,,,0.17,,missing,,rejected,item_observation,"объектная запись: своей плотности нет, числитель трансекты по ней не восстановить",object_time_is_parent_interval;source_object_row_not_reconstructed
MPL-0016,S3:HE419_MarLitter_transect04,S3_SE_NORTH_SEA,item_observation,S3_visual_GT2,object_context,plastic,>2 cm (macro),2014-04-06,09:37:00,10:31:00,54.579,5.472,sighting_position,,,0.17,,missing,,rejected,item_observation,"объектная запись: своей плотности нет, числитель трансекты по ней не восстановить",object_time_is_parent_interval;source_object_row_not_reconstructed
MPL-0017,S3:HE419_MarLitter_transect03,S3_SE_NORTH_SEA,item_observation,S3_visual_GT2,object_context,plastic,>2 cm (macro),2014-04-06,07:47:00,08:24:00,54.607,5.517,sighting_position,,,0.109,,missing,,rejected,item_observation,"объектная запись: своей плотности нет, числитель трансекты по ней не восстановить",object_time_is_parent_interval;source_object_row_not_reconstructed
MPL-0018,S3:HE419_MarLitter_transect03,S3_SE_NORTH_SEA,transect_density,S3_visual_GT2,all_litter,mixed (predominantly plastic),>2 cm (macro),2014-04-06,07:47:00,08:24:00,54.611,5.524,published_transect_center,27.6,3,0.109,27.5229,match,litter-visual,accepted,accepted,принята,all_litter_not_plastic
MPL-0019,S3:HE419_MarLitter_transect03,S3_SE_NORTH_SEA,transect_density,S3_visual_GT2,fisheries_litter_category,plastic (fishing gear),>2 cm (macro),2014-04-06,07:47:00,08:24:00,54.611,5.524,published_transect_center,0,0,0.109,0,match,,rejected,category,"отдельная категория, а не суммарная величина: fisheries_litter_category",zero_only_for_defined_scope
MPL-0020,S3:HE419_MarLitter_transect04,S3_SE_NORTH_SEA,transect_density,S3_visual_GT2,all_litter,mixed (predominantly plastic),>2 cm (macro),2014-04-06,09:37:00,10:31:00,54.621,5.481,published_transect_center,29.5,5,0.17,29.4118,match,litter-visual,accepted,accepted,принята,all_litter_not_plastic
MPL-0021,S3:HE419_MarLitter_transect04,S3_SE_NORTH_SEA,transect_density,S3_visual_GT2,fisheries_litter_category,plastic (fishing gear),>2 cm (macro),2014-04-06,09:37:00,10:31:00,54.621,5.481,published_transect_center,0,0,0.17,0,match,,rejected,category,"отдельная категория, а не суммарная величина: fisheries_litter_category",zero_only_for_defined_scope
MPL-0022,S3:HE419_MarLitter_transect04,S3_SE_NORTH_SEA,item_observation,S3_visual_GT2,object_context,plastic,>2 cm (macro),2014-04-06,09:37:00,10:31:00,54.643,5.509,sighting_position,,,0.17,,missing,,rejected,item_observation,"объектная запись: своей плотности нет, числитель трансекты по ней не восстановить",object_time_is_parent_interval;source_object_row_not_reconstructed
MPL-0023,S3:HE419_MarLitter_transect04,S3_SE_NORTH_SEA,item_observation,S3_visual_GT2,object_context,plastic,>2 cm (macro),2014-04-06,09:37:00,10:31:00,54.648,5.511,sighting_position,,,0.17,,missing,,rejected,item_observation,"объектная запись: своей плотности нет, числитель трансекты по ней не восстановить",object_time_is_parent_interval;source_object_row_not_reconstructed
MPL-0024,S3:HE419_MarLitter_transect05,S3_SE_NORTH_SEA,item_observation,S3_visual_GT2,object_context,plastic,>2 cm (macro),2014-04-06,12:23:00,13:23:00,54.696,5.549,sighting_position,,,0.211,,missing,,rejected,item_observation,"объектная запись: своей плотности нет, числитель трансекты по ней не восстановить",object_time_is_parent_interval;source_object_row_not_reconstructed
MPL-0025,S3:HE419_MarLitter_transect05,S3_SE_NORTH_SEA,item_observation,S3_visual_GT2,object_context,plastic,>2 cm (macro),2014-04-06,12:23:00,13:23:00,54.743,5.604,sighting_position,,,0.211,,missing,,rejected,item_observation,"объектная запись: своей плотности нет, числитель трансекты по ней не восстановить",object_time_is_parent_interval;source_object_row_not_reconstructed
MPL-0026,S3:HE419_MarLitter_transect05,S3_SE_NORTH_SEA,item_observation,S3_visual_GT2,object_context,plastic,>2 cm (macro),2014-04-06,12:23:00,13:23:00,54.75,5.612,sighting_position,,,0.211,,missing,,rejected,item_observation,"объектная запись: своей плотности нет, числитель трансекты по ней не восстановить",object_time_is_parent_interval;source_object_row_not_reconstructed
MPL-0027,S3:HE419_MarLitter_transect05,S3_SE_NORTH_SEA,transect_density,S3_visual_GT2,all_litter,mixed (predominantly plastic),>2 cm (macro),2014-04-06,12:23:00,13:23:00,54.756,5.625,published_transect_center,52.2,11,0.211,52.1327,match,litter-visual,accepted,accepted,принята,all_litter_not_plastic
MPL-0028,S3:HE419_MarLitter_transect05,S3_SE_NORTH_SEA,transect_density,S3_visual_GT2,fisheries_litter_category,plastic (fishing gear),>2 cm (macro),2014-04-06,12:23:00,13:23:00,54.756,5.625,published_transect_center,4.745,1,0.211,4.73934,match,,rejected,category,"отдельная категория, а не суммарная величина: fisheries_litter_category",
MPL-0029,S3:HE419_MarLitter_transect05,S3_SE_NORTH_SEA,item_observation,S3_visual_GT2,object_context,plastic,>2 cm (macro),2014-04-06,12:23:00,13:23:00,54.78,5.65,sighting_position,,,0.211,,missing,,rejected,item_observation,"объектная запись: своей плотности нет, числитель трансекты по ней не восстановить",object_time_is_parent_interval;source_object_row_not_reconstructed
MPL-0030,S3:HE419_MarLitter_transect05,S3_SE_NORTH_SEA,item_observation,S3_visual_GT2,object_context,plastic,>2 cm (macro),2014-04-06,12:23:00,13:23:00,54.789,5.66,sighting_position,,,0.211,,missing,,rejected,item_observation,"объектная запись: своей плотности нет, числитель трансекты по ней не восстановить",object_time_is_parent_interval;source_object_row_not_reconstructed
MPL-0031,S3:HE419_MarLitter_transect05,S3_SE_NORTH_SEA,item_observation,S3_visual_GT2,object_context,plastic,>2 cm (macro),2014-04-06,12:23:00,13:23:00,54.825,5.704,sighting_position,,,0.211,,missing,,rejected,item_observation,"объектная запись: своей плотности нет, числитель трансекты по ней не восстановить",object_time_is_parent_interval;source_object_row_not_reconstructed
MPL-0032,S3:HE419_MarLitter_transect05,S3_SE_NORTH_SEA,item_observation,S3_visual_GT2,object_context,plastic,>2 cm (macro),2014-04-06,12:23:00,13:23:00,54.827,5.706,sighting_position,,,0.211,,missing,,rejected,item_observation,"объектная запись: своей плотности нет, числитель трансекты по ней не восстановить",object_time_is_parent_interval;source_object_row_not_reconstructed
MPL-0033,S3:HE419_MarLitter_transect05,S3_SE_NORTH_SEA,item_observation,S3_visual_GT2,object_context,plastic,>2 cm (macro),2014-04-06,12:23:00,13:23:00,54.832,5.712,sighting_position,,,0.211,,missing,,rejected,item_observation,"объектная запись: своей плотности нет, числитель трансекты по ней не восстановить",object_time_is_parent_interval;source_object_row_not_reconstructed
MPL-0034,S3:HE419_MarLitter_transect06,S3_SE_NORTH_SEA,item_observation,S3_visual_GT2,object_context,plastic,>2 cm (macro),2014-04-06,14:39:00,15:26:00,54.879,5.776,sighting_position,,,0.165,,missing,,rejected,item_observation,"объектная запись: своей плотности нет, числитель трансекты по ней не восстановить",object_time_is_parent_interval;source_object_row_not_reconstructed
MPL-0035,S3:HE419_MarLitter_transect06,S3_SE_NORTH_SEA,transect_density,S3_visual_GT2,all_litter,mixed (predominantly plastic),>2 cm (macro),2014-04-06,14:39:00,15:26:00,54.913,5.829,published_transect_center,30.3,5,0.165,30.303,match,litter-visual,accepted,accepted,принята,all_litter_not_plastic
MPL-0036,S3:HE419_MarLitter_transect06,S3_SE_NORTH_SEA,transect_density,S3_visual_GT2,fisheries_litter_category,plastic (fishing gear),>2 cm (macro),2014-04-06,14:39:00,15:26:00,54.913,5.829,published_transect_center,0,0,0.165,0,match,,rejected,category,"отдельная категория, а не суммарная величина: fisheries_litter_category",zero_only_for_defined_scope
MPL-0037,S3:HE419_MarLitter_transect06,S3_SE_NORTH_SEA,item_observation,S3_visual_GT2,object_context,plastic,>2 cm (macro),2014-04-06,14:39:00,15:26:00,54.927,5.84,sighting_position,,,0.165,,missing,,rejected,item_observation,"объектная запись: своей плотности нет, числитель трансекты по ней не восстановить",object_time_is_parent_interval;source_object_row_not_reconstructed
MPL-0038,S3:HE419_MarLitter_transect06,S3_SE_NORTH_SEA,item_observation,S3_visual_GT2,object_context,plastic,>2 cm (macro),2014-04-06,14:39:00,15:26:00,54.947,5.876,sighting_position,,,0.165,,missing,,rejected,item_observation,"объектная запись: своей плотности нет, числитель трансекты по ней не восстановить",object_time_is_parent_interval;source_object_row_not_reconstructed
MPL-0039,S3:HE419_MarLitter_transect08,S3_SE_NORTH_SEA,transect_density,S3_visual_GT2,all_litter,mixed (predominantly plastic),>2 cm (macro),2014-04-06,18:58:00,19:41:00,54.954,5.616,published_transect_center,26.2,3,0.115,26.087,match,litter-visual,accepted,accepted,принята,all_litter_not_plastic
MPL-0040,S3:HE419_MarLitter_transect08,S3_SE_NORTH_SEA,transect_density,S3_visual_GT2,fisheries_litter_category,plastic (fishing gear),>2 cm (macro),2014-04-06,18:58:00,19:41:00,54.954,5.616,published_transect_center,0,0,0.115,0,match,,rejected,category,"отдельная категория, а не суммарная величина: fisheries_litter_category",zero_only_for_defined_scope
MPL-0041,S3:HE419_MarLitter_transect08,S3_SE_NORTH_SEA,item_observation,S3_visual_GT2,object_context,plastic,>2 cm (macro),2014-04-06,18:58:00,19:41:00,54.972,5.686,sighting_position,,,0.115,,missing,,rejected,item_observation,"объектная запись: своей плотности нет, числитель трансекты по ней не восстановить",object_time_is_parent_interval;source_object_row_not_reconstructed
MPL-0042,S3:HE419_MarLitter_transect07,S3_SE_NORTH_SEA,item_observation,S3_visual_GT2,object_context,plastic,>2 cm (macro),2014-04-06,16:23:00,17:08:00,54.986,5.908,sighting_position,,,0.131,,missing,,rejected,item_observation,"объектная запись: своей плотности нет, числитель трансекты по ней не восстановить",object_time_is_parent_interval;source_object_row_not_reconstructed
MPL-0043,S3:HE419_MarLitter_transect07,S3_SE_NORTH_SEA,transect_density,S3_visual_GT2,all_litter,mixed (predominantly plastic),>2 cm (macro),2014-04-06,16:23:00,17:08:00,54.993,5.823,published_transect_center,30.5,4,0.131,30.5344,match,litter-visual,accepted,accepted,принята,all_litter_not_plastic
MPL-0044,S3:HE419_MarLitter_transect07,S3_SE_NORTH_SEA,transect_density,S3_visual_GT2,fisheries_litter_category,plastic (fishing gear),>2 cm (macro),2014-04-06,16:23:00,17:08:00,54.993,5.823,published_transect_center,0,0,0.131,0,match,,rejected,category,"отдельная категория, а не суммарная величина: fisheries_litter_category",zero_only_for_defined_scope
MPL-0045,S3:HE419_MarLitter_transect07,S3_SE_NORTH_SEA,item_observation,S3_visual_GT2,object_context,plastic,>2 cm (macro),2014-04-06,16:23:00,17:08:00,54.996,5.798,sighting_position,,,0.131,,missing,,rejected,item_observation,"объектная запись: своей плотности нет, числитель трансекты по ней не восстановить",object_time_is_parent_interval;source_object_row_not_reconstructed
MPL-0046,S3:HE419_MarLitter_transect14,S3_SE_NORTH_SEA,item_observation,S3_visual_GT2,object_context,plastic,>2 cm (macro),2014-04-07,18:23:00,19:27:00,54.932,5.065,sighting_position,,,0.204,,missing,,rejected,item_observation,"объектная запись: своей плотности нет, числитель трансекты по ней не восстановить",object_time_is_parent_interval;source_object_row_not_reconstructed
MPL-0047,S3:HE419_MarLitter_transect14,S3_SE_NORTH_SEA,item_observation,S3_visual_GT2,object_context,plastic,>2 cm (macro),2014-04-07,18:23:00,19:27:00,54.938,5.061,sighting_position,,,0.204,,missing,,rejected,item_observation,"объектная запись: своей плотности нет, числитель трансекты по ней не восстановить",object_time_is_parent_interval;source_object_row_not_reconstructed
MPL-0048,S3:HE419_MarLitter_transect13,S3_SE_NORTH_SEA,item_observation,S3_visual_GT2,object_context,plastic,>2 cm (macro),2014-04-07,16:21:00,16:58:00,54.942,5.086,sighting_position,,,0.104,,missing,,rejected,item_observation,"объектная запись: своей плотности нет, числитель трансекты по ней не восстановить",object_time_is_parent_interval;source_object_row_not_reconstructed
MPL-0049,S3:HE419_MarLitter_transect13,S3_SE_NORTH_SEA,item_observation,S3_visual_GT2,object_context,plastic,>2 cm (macro),2014-04-07,16:21:00,16:58:00,54.947,5.094,sighting_position,,,0.104,,missing,,rejected,item_observation,"объектная запись: своей плотности нет, числитель трансекты по ней не восстановить",object_time_is_parent_interval;source_object_row_not_reconstructed
MPL-0050,S3:HE419_MarLitter_transect13,S3_SE_NORTH_SEA,item_observation,S3_visual_GT2,object_context,plastic,>2 cm (macro),2014-04-07,16:21:00,16:58:00,54.962,5.119,sighting_position,,,0.104,,missing,,rejected,item_observation,"объектная запись: своей плотности нет, числитель трансекты по ней не восстановить",object_time_is_parent_interval;source_object_row_not_reconstructed
MPL-0051,S3:HE419_MarLitter_transect13,S3_SE_NORTH_SEA,transect_density,S3_visual_GT2,all_litter,mixed (predominantly plastic),>2 cm (macro),2014-04-07,16:21:00,16:58:00,54.971,5.131,published_transect_center,76.9,8,0.104,76.9231,match,litter-visual,accepted,accepted,принята,all_litter_not_plastic
MPL-0052,S3:HE419_MarLitter_transect13,S3_SE_NORTH_SEA,transect_density,S3_visual_GT2,fisheries_litter_category,plastic (fishing gear),>2 cm (macro),2014-04-07,16:21:00,16:58:00,54.971,5.131,published_transect_center,0,0,0.104,0,match,,rejected,category,"отдельная категория, а не суммарная величина: fisheries_litter_category",zero_only_for_defined_scope
MPL-0053,S3:HE419_MarLitter_transect13,S3_SE_NORTH_SEA,item_observation,S3_visual_GT2,object_context,plastic,>2 cm (macro),2014-04-07,16:21:00,16:58:00,54.974,5.136,sighting_position,,,0.104,,missing,,rejected,item_observation,"объектная запись: своей плотности нет, числитель трансекты по ней не восстановить",object_time_is_parent_interval;source_object_row_not_reconstructed
MPL-0054,S3:HE419_MarLitter_transect09,S3_SE_NORTH_SEA,item_observation,S3_visual_GT2,object_context,plastic,>2 cm (macro),2014-04-07,07:54:00,08:40:00,54.993,5.385,sighting_position,,,0.152,,missing,,rejected,item_observation,"объектная запись: своей плотности нет, числитель трансекты по ней не восстановить",object_time_is_parent_interval;source_object_row_not_reconstructed
MPL-0055,S3:HE419_MarLitter_transect13,S3_SE_NORTH_SEA,item_observation,S3_visual_GT2,object_context,plastic,>2 cm (macro),2014-04-07,16:21:00,16:58:00,55.003,5.183,sighting_position,,,0.104,,missing,,rejected,item_observation,"объектная запись: своей плотности нет, числитель трансекты по ней не восстановить",object_time_is_parent_interval;source_object_row_not_reconstructed
MPL-0056,S3:HE419_MarLitter_transect14,S3_SE_NORTH_SEA,transect_density,S3_visual_GT2,all_litter,mixed (predominantly plastic),>2 cm (macro),2014-04-07,18:23:00,19:27:00,55.005,5.002,published_transect_center,34.2,7,0.204,34.3137,match,litter-visual,accepted,accepted,принята,all_litter_not_plastic
MPL-0057,S3:HE419_MarLitter_transect14,S3_SE_NORTH_SEA,transect_density,S3_visual_GT2,fisheries_litter_category,plastic (fishing gear),>2 cm (macro),2014-04-07,18:23:00,19:27:00,55.005,5.002,published_transect_center,0,0,0.204,0,match,,rejected,category,"отдельная категория, а не суммарная величина: fisheries_litter_category",zero_only_for_defined_scope
MPL-0058,S3:HE419_MarLitter_transect14,S3_SE_NORTH_SEA,item_observation,S3_visual_GT2,object_context,plastic,>2 cm (macro),2014-04-07,18:23:00,19:27:00,55.008,5.007,sighting_position,,,0.204,,missing,,rejected,item_observation,"объектная запись: своей плотности нет, числитель трансекты по ней не восстановить",object_time_is_parent_interval;source_object_row_not_reconstructed
MPL-0059,S3:HE419_MarLitter_transect14,S3_SE_NORTH_SEA,item_observation,S3_visual_GT2,object_context,plastic,>2 cm (macro),2014-04-07,18:23:00,19:27:00,55.016,5,sighting_position,,,0.204,,missing,,rejected,item_observation,"объектная запись: своей плотности нет, числитель трансекты по ней не восстановить",object_time_is_parent_interval;source_object_row_not_reconstructed
MPL-0060,S3:HE419_MarLitter_transect09,S3_SE_NORTH_SEA,transect_density,S3_visual_GT2,all_litter,mixed (predominantly plastic),>2 cm (macro),2014-04-07,07:54:00,08:40:00,55.019,5.413,published_transect_center,46,7,0.152,46.0526,match,litter-visual,accepted,accepted,принята,all_litter_not_plastic
MPL-0061,S3:HE419_MarLitter_transect09,S3_SE_NORTH_SEA,transect_density,S3_visual_GT2,fisheries_litter_category,plastic (fishing gear),>2 cm (macro),2014-04-07,07:54:00,08:40:00,55.019,5.413,published_transect_center,0,0,0.152,0,match,,rejected,category,"отдельная категория, а не суммарная величина: fisheries_litter_category",zero_only_for_defined_scope
MPL-0062,S3:HE419_MarLitter_transect14,S3_SE_NORTH_SEA,item_observation,S3_visual_GT2,object_context,plastic,>2 cm (macro),2014-04-07,18:23:00,19:27:00,55.036,4.998,sighting_position,,,0.204,,missing,,rejected,item_observation,"объектная запись: своей плотности нет, числитель трансекты по ней не восстановить",object_time_is_parent_interval;source_object_row_not_reconstructed
MPL-0063,S3:HE419_MarLitter_transect09,S3_SE_NORTH_SEA,item_observation,S3_visual_GT2,object_context,plastic,>2 cm (macro),2014-04-07,07:54:00,08:40:00,55.037,5.431,sighting_position,,,0.152,,missing,,rejected,item_observation,"объектная запись: своей плотности нет, числитель трансекты по ней не восстановить",object_time_is_parent_interval;source_object_row_not_reconstructed
MPL-0064,S3:HE419_MarLitter_transect14,S3_SE_NORTH_SEA,item_observation,S3_visual_GT2,object_context,plastic,>2 cm (macro),2014-04-07,18:23:00,19:27:00,55.044,4.974,sighting_position,,,0.204,,missing,,rejected,item_observation,"объектная запись: своей плотности нет, числитель трансекты по ней не восстановить",object_time_is_parent_interval;source_object_row_not_reconstructed
MPL-0065,S3:HE419_MarLitter_transect09,S3_SE_NORTH_SEA,item_observation,S3_visual_GT2,object_context,plastic,>2 cm (macro),2014-04-07,07:54:00,08:40:00,55.047,5.441,sighting_position,,,0.152,,missing,,rejected,item_observation,"объектная запись: своей плотности нет, числитель трансекты по ней не восстановить",object_time_is_parent_interval;source_object_row_not_reconstructed
MPL-0066,S3:HE419_MarLitter_transect09,S3_SE_NORTH_SEA,item_observation,S3_visual_GT2,object_context,plastic,>2 cm (macro),2014-04-07,07:54:00,08:40:00,55.051,5.446,sighting_position,,,0.152,,missing,,rejected,item_observation,"объектная запись: своей плотности нет, числитель трансекты по ней не восстановить",object_time_is_parent_interval;source_object_row_not_reconstructed
MPL-0067,S3:HE419_MarLitter_transect12,S3_SE_NORTH_SEA,transect_density,S3_visual_GT2,all_litter,mixed (predominantly plastic),>2 cm (macro),2014-04-07,14:45:00,15:28:00,55.053,5.283,published_transect_center,48,6,0.125,48,match,litter-visual,accepted,accepted,принята,all_litter_not_plastic
MPL-0068,S3:HE419_MarLitter_transect12,S3_SE_NORTH_SEA,transect_density,S3_visual_GT2,fisheries_litter_category,plastic (fishing gear),>2 cm (macro),2014-04-07,14:45:00,15:28:00,55.053,5.283,published_transect_center,0,0,0.125,0,match,,rejected,category,"отдельная категория, а не суммарная величина: fisheries_litter_category",zero_only_for_defined_scope
MPL-0069,S3:HE419_MarLitter_transect12,S3_SE_NORTH_SEA,item_observation,S3_visual_GT2,object_context,plastic,>2 cm (macro),2014-04-07,14:45:00,15:28:00,55.057,5.292,sighting_position,,,0.125,,missing,,rejected,item_observation,"объектная запись: своей плотности нет, числитель трансекты по ней не восстановить",object_time_is_parent_interval;source_object_row_not_reconstructed
MPL-0070,S3:HE419_MarLitter_transect12,S3_SE_NORTH_SEA,item_observation,S3_visual_GT2,object_context,expanded polystyrene (EPS),>2 cm (macro),2014-04-07,14:45:00,15:28:00,55.061,5.303,sighting_position,,,0.125,,missing,,rejected,item_observation,"объектная запись: своей плотности нет, числитель трансекты по ней не восстановить",object_time_is_parent_interval;source_object_row_not_reconstructed
MPL-0071,S3:HE419_MarLitter_transect10,S3_SE_NORTH_SEA,item_observation,S3_visual_GT2,object_context,plastic,>2 cm (macro),2014-04-07,09:53:00,10:43:00,55.076,5.477,sighting_position,,,0.15,,missing,,rejected,item_observation,"объектная запись: своей плотности нет, числитель трансекты по ней не восстановить",object_time_is_parent_interval;source_object_row_not_reconstructed
MPL-0072,S3:HE419_MarLitter_transect10,S3_SE_NORTH_SEA,item_observation,S3_visual_GT2,object_context,plastic,>2 cm (macro),2014-04-07,09:53:00,10:43:00,55.086,5.523,sighting_position,,,0.15,,missing,,rejected,item_observation,"объектная запись: своей плотности нет, числитель трансекты по ней не восстановить",object_time_is_parent_interval;source_object_row_not_reconstructed
MPL-0073,S3:HE419_MarLitter_transect10,S3_SE_NORTH_SEA,transect_density,S3_visual_GT2,all_litter,mixed (predominantly plastic),>2 cm (macro),2014-04-07,09:53:00,10:43:00,55.104,5.584,published_transect_center,33.4,5,0.15,33.3333,match,litter-visual,accepted,accepted,принята,all_litter_not_plastic
MPL-0074,S3:HE419_MarLitter_transect10,S3_SE_NORTH_SEA,transect_density,S3_visual_GT2,fisheries_litter_category,plastic (fishing gear),>2 cm (macro),2014-04-07,09:53:00,10:43:00,55.104,5.584,published_transect_center,0,0,0.15,0,match,,rejected,category,"отдельная категория, а не суммарная величина: fisheries_litter_category",zero_only_for_defined_scope
MPL-0075,S3:HE419_MarLitter_transect11,S3_SE_NORTH_SEA,item_observation,S3_visual_GT2,object_context,plastic,>2 cm (macro),2014-04-07,12:21:00,13:14:00,55.109,5.426,sighting_position,,,0.161,,missing,,rejected,item_observation,"объектная запись: своей плотности нет, числитель трансекты по ней не восстановить",object_time_is_parent_interval;source_object_row_not_reconstructed
MPL-0076,S3:HE419_MarLitter_transect11,S3_SE_NORTH_SEA,transect_density,S3_visual_GT2,all_litter,mixed (predominantly plastic),>2 cm (macro),2014-04-07,12:21:00,13:14:00,55.111,5.545,published_transect_center,31.1,5,0.161,31.0559,match,litter-visual,accepted,accepted,принята,all_litter_not_plastic
MPL-0077,S3:HE419_MarLitter_transect11,S3_SE_NORTH_SEA,transect_density,S3_visual_GT2,fisheries_litter_category,plastic (fishing gear),>2 cm (macro),2014-04-07,12:21:00,13:14:00,55.111,5.545,published_transect_center,0,0,0.161,0,match,,rejected,category,"отдельная категория, а не суммарная величина: fisheries_litter_category",zero_only_for_defined_scope
MPL-0078,S3:HE419_MarLitter_transect11,S3_SE_NORTH_SEA,item_observation,S3_visual_GT2,object_context,plastic,>2 cm (macro),2014-04-07,12:21:00,13:14:00,55.112,5.604,sighting_position,,,0.161,,missing,,rejected,item_observation,"объектная запись: своей плотности нет, числитель трансекты по ней не восстановить",object_time_is_parent_interval;source_object_row_not_reconstructed
MPL-0079,S3:HE419_MarLitter_transect11,S3_SE_NORTH_SEA,item_observation,S3_visual_GT2,object_context,plastic,>2 cm (macro),2014-04-07,12:21:00,13:14:00,55.112,5.596,sighting_position,,,0.161,,missing,,rejected,item_observation,"объектная запись: своей плотности нет, числитель трансекты по ней не восстановить",object_time_is_parent_interval;source_object_row_not_reconstructed
MPL-0080,S3:HE419_MarLitter_transect11,S3_SE_NORTH_SEA,item_observation,S3_visual_GT2,object_context,plastic,>2 cm (macro),2014-04-07,12:21:00,13:14:00,55.112,5.592,sighting_position,,,0.161,,missing,,rejected,item_observation,"объектная запись: своей плотности нет, числитель трансекты по ней не восстановить",object_time_is_parent_interval;source_object_row_not_reconstructed
MPL-0081,S3:HE419_MarLitter_transect10,S3_SE_NORTH_SEA,item_observation,S3_visual_GT2,object_context,plastic,>2 cm (macro),2014-04-07,09:53:00,10:43:00,55.121,5.644,sighting_position,,,0.15,,missing,,rejected,item_observation,"объектная запись: своей плотности нет, числитель трансекты по ней не восстановить",object_time_is_parent_interval;source_object_row_not_reconstructed
MPL-0082,S3:HE419_MarLitter_transect18,S3_SE_NORTH_SEA,item_observation,S3_visual_GT2,object_context,plastic,>2 cm (macro),2014-04-08,15:06:00,15:52:00,55.738,3.782,sighting_position,,,0.132,,missing,,rejected,item_observation,"объектная запись: своей плотности нет, числитель трансекты по ней не восстановить",object_time_is_parent_interval;source_object_row_not_reconstructed
MPL-0083,S3:HE419_MarLitter_transect18,S3_SE_NORTH_SEA,item_observation,S3_visual_GT2,object_context,plastic,>2 cm (macro),2014-04-08,15:06:00,15:52:00,55.743,3.765,sighting_position,,,0.132,,missing,,rejected,item_observation,"объектная запись: своей плотности нет, числитель трансекты по ней не восстановить",object_time_is_parent_interval;source_object_row_not_reconstructed
MPL-0084,S3:HE419_MarLitter_transect15,S3_SE_NORTH_SEA,item_observation,S3_visual_GT2,object_context,plastic,>2 cm (macro),2014-04-08,08:50:00,09:18:00,55.761,3.455,sighting_position,,,0.052,,missing,,rejected,item_observation,"объектная запись: своей плотности нет, числитель трансекты по ней не восстановить",object_time_is_parent_interval;source_object_row_not_reconstructed
MPL-0085,S3:HE419_MarLitter_transect18,S3_SE_NORTH_SEA,transect_density,S3_visual_GT2,all_litter,mixed (predominantly plastic),>2 cm (macro),2014-04-08,15:06:00,15:52:00,55.767,3.719,published_transect_center,30.4,4,0.132,30.303,match,litter-visual,accepted,accepted,принята,all_litter_not_plastic
MPL-0086,S3:HE419_MarLitter_transect18,S3_SE_NORTH_SEA,transect_density,S3_visual_GT2,fisheries_litter_category,plastic (fishing gear),>2 cm (macro),2014-04-08,15:06:00,15:52:00,55.767,3.719,published_transect_center,7.598,1,0.132,7.57576,match,,rejected,category,"отдельная категория, а не суммарная величина: fisheries_litter_category",
MPL-0087,S3:HE419_MarLitter_transect15,S3_SE_NORTH_SEA,transect_density,S3_visual_GT2,all_litter,mixed (predominantly plastic),>2 cm (macro),2014-04-08,08:50:00,09:18:00,55.772,3.431,published_transect_center,19.1,1,0.052,19.2308,rounding,litter-visual,accepted,accepted,принята,all_litter_not_plastic
MPL-0088,S3:HE419_MarLitter_transect15,S3_SE_NORTH_SEA,transect_density,S3_visual_GT2,fisheries_litter_category,plastic (fishing gear),>2 cm (macro),2014-04-08,08:50:00,09:18:00,55.772,3.431,published_transect_center,0,0,0.052,0,match,,rejected,category,"отдельная категория, а не суммарная величина: fisheries_litter_category",zero_only_for_defined_scope
MPL-0089,S3:HE419_MarLitter_transect18,S3_SE_NORTH_SEA,item_observation,S3_visual_GT2,object_context,plastic,>2 cm (macro),2014-04-08,15:06:00,15:52:00,55.802,3.636,sighting_position,,,0.132,,missing,,rejected,item_observation,"объектная запись: своей плотности нет, числитель трансекты по ней не восстановить",object_time_is_parent_interval;source_object_row_not_reconstructed
MPL-0090,S3:HE419_MarLitter_transect18,S3_SE_NORTH_SEA,item_observation,S3_visual_GT2,object_context,plastic,>2 cm (macro),2014-04-08,15:06:00,15:52:00,55.802,3.643,sighting_position,,,0.132,,missing,,rejected,item_observation,"объектная запись: своей плотности нет, числитель трансекты по ней не восстановить",object_time_is_parent_interval;source_object_row_not_reconstructed
MPL-0091,S3:HE419_MarLitter_transect16,S3_SE_NORTH_SEA,item_observation,S3_visual_GT2,object_context,plastic,>2 cm (macro),2014-04-08,12:16:00,12:44:00,55.866,3.422,sighting_position,,,0.059,,missing,,rejected,item_observation,"объектная запись: своей плотности нет, числитель трансекты по ней не восстановить",object_time_is_parent_interval;source_object_row_not_reconstructed
MPL-0092,S3:HE419_MarLitter_transect16,S3_SE_NORTH_SEA,transect_density,S3_visual_GT2,all_litter,mixed (predominantly plastic),>2 cm (macro),2014-04-08,12:16:00,12:44:00,55.878,3.419,published_transect_center,16.8,1,0.059,16.9492,rounding,litter-visual,accepted,accepted,принята,all_litter_not_plastic
MPL-0093,S3:HE419_MarLitter_transect16,S3_SE_NORTH_SEA,transect_density,S3_visual_GT2,fisheries_litter_category,plastic (fishing gear),>2 cm (macro),2014-04-08,12:16:00,12:44:00,55.878,3.419,published_transect_center,0,0,0.059,0,match,,rejected,category,"отдельная категория, а не суммарная величина: fisheries_litter_category",zero_only_for_defined_scope
MPL-0094,S3:HE419_MarLitter_transect17,S3_SE_NORTH_SEA,transect_density,S3_visual_GT2,all_litter,mixed (predominantly plastic),>2 cm (macro),2014-04-08,13:36:00,14:05:00,55.878,3.541,published_transect_center,8.3,1,0.121,8.26446,match,litter-visual,accepted,accepted,принята,all_litter_not_plastic
MPL-0095,S3:HE419_MarLitter_transect17,S3_SE_NORTH_SEA,transect_density,S3_visual_GT2,fisheries_litter_category,plastic (fishing gear),>2 cm (macro),2014-04-08,13:36:00,14:05:00,55.878,3.541,published_transect_center,0,0,0.121,0,match,,rejected,category,"отдельная категория, а не суммарная величина: fisheries_litter_category",zero_only_for_defined_scope
MPL-0096,S3:HE419_MarLitter_transect20,S3_SE_NORTH_SEA,transect_density,S3_visual_GT2,all_litter,mixed (predominantly plastic),>2 cm (macro),2014-04-09,13:01:00,16:52:00,55.232,5.467,published_transect_center,23.6,4,0.17,23.5294,match,litter-visual,accepted,accepted,принята,all_litter_not_plastic
MPL-0097,S3:HE419_MarLitter_transect20,S3_SE_NORTH_SEA,transect_density,S3_visual_GT2,fisheries_litter_category,plastic (fishing gear),>2 cm (macro),2014-04-09,13:01:00,16:52:00,55.232,5.467,published_transect_center,0,0,0.17,0,match,,rejected,category,"отдельная категория, а не суммарная величина: fisheries_litter_category",zero_only_for_defined_scope
MPL-0098,S3:HE419_MarLitter_transect20,S3_SE_NORTH_SEA,item_observation,S3_visual_GT2,object_context,plastic,>2 cm (macro),2014-04-09,13:01:00,16:52:00,55.232,5.438,sighting_position,,,0.17,,missing,,rejected,item_observation,"объектная запись: своей плотности нет, числитель трансекты по ней не восстановить",object_time_is_parent_interval;source_object_row_not_reconstructed
MPL-0099,S3:HE419_MarLitter_transect20,S3_SE_NORTH_SEA,item_observation,S3_visual_GT2,object_context,plastic,>2 cm (macro),2014-04-09,13:01:00,16:52:00,55.232,5.438,sighting_position,,,0.17,,missing,,rejected,item_observation,"объектная запись: своей плотности нет, числитель трансекты по ней не восстановить",object_time_is_parent_interval;source_object_row_not_reconstructed
MPL-0100,S3:HE419_MarLitter_transect20,S3_SE_NORTH_SEA,item_observation,S3_visual_GT2,object_context,plastic,>2 cm (macro),2014-04-09,13:01:00,16:52:00,55.234,5.477,sighting_position,,,0.17,,missing,,rejected,item_observation,"объектная запись: своей плотности нет, числитель трансекты по ней не восстановить",object_time_is_parent_interval;source_object_row_not_reconstructed
MPL-0101,S3:HE419_MarLitter_transect19,S3_SE_NORTH_SEA,transect_density,S3_visual_GT2,all_litter,mixed (predominantly plastic),>2 cm (macro),2014-04-09,08:47:00,09:24:00,55.264,4.997,published_transect_center,8.1,1,0.123,8.13008,match,litter-visual,accepted,accepted,принята,all_litter_not_plastic
MPL-0102,S3:HE419_MarLitter_transect19,S3_SE_NORTH_SEA,transect_density,S3_visual_GT2,fisheries_litter_category,plastic (fishing gear),>2 cm (macro),2014-04-09,08:47:00,09:24:00,55.264,4.997,published_transect_center,0,0,0.123,0,match,,rejected,category,"отдельная категория, а не суммарная величина: fisheries_litter_category",zero_only_for_defined_scope
MPL-0103,S3:HE419_MarLitter_transect19,S3_SE_NORTH_SEA,item_observation,S3_visual_GT2,object_context,plastic,>2 cm (macro),2014-04-09,08:47:00,09:24:00,55.266,4.975,sighting_position,,,0.123,,missing,,rejected,item_observation,"объектная запись: своей плотности нет, числитель трансекты по ней не восстановить",object_time_is_parent_interval;source_object_row_not_reconstructed
MPL-0104,S3:HE419_MarLitter_transect21,S3_SE_NORTH_SEA,item_observation,S3_visual_GT2,object_context,plastic,>2 cm (macro),2014-04-09,15:03:00,15:51:00,55.293,5.639,sighting_position,,,0.143,,missing,,rejected,item_observation,"объектная запись: своей плотности нет, числитель трансекты по ней не восстановить",object_time_is_parent_interval;source_object_row_not_reconstructed
MPL-0105,S3:HE419_MarLitter_transect21,S3_SE_NORTH_SEA,item_observation,S3_visual_GT2,object_context,plastic,>2 cm (macro),2014-04-09,15:03:00,15:51:00,55.298,5.64,sighting_position,,,0.143,,missing,,rejected,item_observation,"объектная запись: своей плотности нет, числитель трансекты по ней не восстановить",object_time_is_parent_interval;source_object_row_not_reconstructed
MPL-0106,S3:HE419_MarLitter_transect21,S3_SE_NORTH_SEA,item_observation,S3_visual_GT2,object_context,plastic,>2 cm (macro),2014-04-09,15:03:00,15:51:00,55.311,5.64,sighting_position,,,0.143,,missing,,rejected,item_observation,"объектная запись: своей плотности нет, числитель трансекты по ней не восстановить",object_time_is_parent_interval;source_object_row_not_reconstructed
MPL-0107,S3:HE419_MarLitter_transect21,S3_SE_NORTH_SEA,transect_density,S3_visual_GT2,all_litter,mixed (predominantly plastic),>2 cm (macro),2014-04-09,15:03:00,15:51:00,55.328,5.636,published_transect_center,20.9,3,0.143,20.979,match,litter-visual,accepted,accepted,принята,all_litter_not_plastic
MPL-0108,S3:HE419_MarLitter_transect21,S3_SE_NORTH_SEA,transect_density,S3_visual_GT2,fisheries_litter_category,plastic (fishing gear),>2 cm (macro),2014-04-09,15:03:00,15:51:00,55.328,5.636,published_transect_center,0,0,0.143,0,match,,rejected,category,"отдельная категория, а не суммарная величина: fisheries_litter_category",zero_only_for_defined_scope
MPL-0109,S3:HE419_MarLitter_transect22,S3_SE_NORTH_SEA,transect_density,S3_visual_GT2,all_litter,mixed (predominantly plastic),>2 cm (macro),2014-04-09,17:06:00,17:30:00,55.43,5.687,published_transect_center,12.7,1,0.079,12.6582,match,litter-visual,accepted,accepted,принята,all_litter_not_plastic
MPL-0110,S3:HE419_MarLitter_transect22,S3_SE_NORTH_SEA,transect_density,S3_visual_GT2,fisheries_litter_category,plastic (fishing gear),>2 cm (macro),2014-04-09,17:06:00,17:30:00,55.43,5.687,published_transect_center,0,0,0.079,0,match,,rejected,category,"отдельная категория, а не суммарная величина: fisheries_litter_category",zero_only_for_defined_scope
MPL-0111,S3:HE419_MarLitter_transect23,S3_SE_NORTH_SEA,item_observation,S3_visual_GT2,object_context,plastic,>2 cm (macro),2014-04-10,09:31:00,09:54:00,55.078,6.404,sighting_position,,,0.075,,missing,,rejected,item_observation,"объектная запись: своей плотности нет, числитель трансекты по ней не восстановить",object_time_is_parent_interval;source_object_row_not_reconstructed
MPL-0112,S3:HE419_MarLitter_transect23,S3_SE_NORTH_SEA,item_observation,S3_visual_GT2,object_context,plastic,>2 cm (macro),2014-04-10,09:31:00,09:54:00,55.087,6.403,sighting_position,,,0.075,,missing,,rejected,item_observation,"объектная запись: своей плотности нет, числитель трансекты по ней не восстановить",object_time_is_parent_interval;source_object_row_not_reconstructed
MPL-0113,S3:HE419_MarLitter_transect23,S3_SE_NORTH_SEA,item_observation,S3_visual_GT2,object_context,plastic,>2 cm (macro),2014-04-10,09:31:00,09:54:00,55.107,6.401,sighting_position,,,0.075,,missing,,rejected,item_observation,"объектная запись: своей плотности нет, числитель трансекты по ней не восстановить",object_time_is_parent_interval;source_object_row_not_reconstructed
MPL-0114,S3:HE419_MarLitter_transect23,S3_SE_NORTH_SEA,transect_density,S3_visual_GT2,all_litter,mixed (predominantly plastic),>2 cm (macro),2014-04-10,09:31:00,09:54:00,55.11,6.403,published_transect_center,145.7,11,0.075,146.667,rounding,litter-visual,accepted,accepted,принята,all_litter_not_plastic
MPL-0115,S3:HE419_MarLitter_transect23,S3_SE_NORTH_SEA,transect_density,S3_visual_GT2,fisheries_litter_category,plastic (fishing gear),>2 cm (macro),2014-04-10,09:31:00,09:54:00,55.11,6.403,published_transect_center,13.247,1,0.075,13.3333,rounding,,rejected,category,"отдельная категория, а не суммарная величина: fisheries_litter_category",
MPL-0116,S3:HE419_MarLitter_transect23,S3_SE_NORTH_SEA,item_observation,S3_visual_GT2,object_context,plastic,>2 cm (macro),2014-04-10,09:31:00,09:54:00,55.11,6.401,sighting_position,,,0.075,,missing,,rejected,item_observation,"объектная запись: своей плотности нет, числитель трансекты по ней не восстановить",object_time_is_parent_interval;source_object_row_not_reconstructed
MPL-0117,S3:HE419_MarLitter_transect23,S3_SE_NORTH_SEA,item_observation,S3_visual_GT2,object_context,plastic,>2 cm (macro),2014-04-10,09:31:00,09:54:00,55.113,6.401,sighting_position,,,0.075,,missing,,rejected,item_observation,"объектная запись: своей плотности нет, числитель трансекты по ней не восстановить",object_time_is_parent_interval;source_object_row_not_reconstructed
MPL-0118,S3:HE419_MarLitter_transect23,S3_SE_NORTH_SEA,item_observation,S3_visual_GT2,object_context,plastic,>2 cm (macro),2014-04-10,09:31:00,09:54:00,55.123,6.401,sighting_position,,,0.075,,missing,,rejected,item_observation,"объектная запись: своей плотности нет, числитель трансекты по ней не восстановить",object_time_is_parent_interval;source_object_row_not_reconstructed
MPL-0119,S3:HE419_MarLitter_transect23,S3_SE_NORTH_SEA,item_observation,S3_visual_GT2,object_context,plastic,>2 cm (macro),2014-04-10,09:31:00,09:54:00,55.135,6.402,sighting_position,,,0.075,,missing,,rejected,item_observation,"объектная запись: своей плотности нет, числитель трансекты по ней не восстановить",object_time_is_parent_interval;source_object_row_not_reconstructed
MPL-0120,S3:HE419_MarLitter_transect23,S3_SE_NORTH_SEA,item_observation,S3_visual_GT2,object_context,plastic,>2 cm (macro),2014-04-10,09:31:00,09:54:00,55.137,6.401,sighting_position,,,0.075,,missing,,rejected,item_observation,"объектная запись: своей плотности нет, числитель трансекты по ней не восстановить",object_time_is_parent_interval;source_object_row_not_reconstructed
MPL-0121,S3:HE419_MarLitter_transect23,S3_SE_NORTH_SEA,item_observation,S3_visual_GT2,object_context,plastic,>2 cm (macro),2014-04-10,09:31:00,09:54:00,55.138,6.401,sighting_position,,,0.075,,missing,,rejected,item_observation,"объектная запись: своей плотности нет, числитель трансекты по ней не восстановить",object_time_is_parent_interval;source_object_row_not_reconstructed
MPL-0122,S3:HE419_MarLitter_transect24,S3_SE_NORTH_SEA,item_observation,S3_visual_GT2,object_context,plastic,>2 cm (macro),2014-04-10,12:15:00,12:53:00,55.176,6.321,sighting_position,,,0.096,,missing,,rejected,item_observation,"объектная запись: своей плотности нет, числитель трансекты по ней не восстановить",object_time_is_parent_interval;source_object_row_not_reconstructed
MPL-0123,S3:HE419_MarLitter_transect24,S3_SE_NORTH_SEA,transect_density,S3_visual_GT2,all_litter,mixed (predominantly plastic),>2 cm (macro),2014-04-10,12:15:00,12:53:00,55.179,6.318,published_transect_center,31.2,3,0.096,31.25,match,litter-visual,accepted,accepted,принята,all_litter_not_plastic
MPL-0124,S3:HE419_MarLitter_transect24,S3_SE_NORTH_SEA,transect_density,S3_visual_GT2,fisheries_litter_category,plastic (fishing gear),>2 cm (macro),2014-04-10,12:15:00,12:53:00,55.179,6.318,published_transect_center,0,0,0.096,0,match,,rejected,category,"отдельная категория, а не суммарная величина: fisheries_litter_category",zero_only_for_defined_scope
MPL-0125,S3:HE419_MarLitter_transect24,S3_SE_NORTH_SEA,item_observation,S3_visual_GT2,object_context,plastic,>2 cm (macro),2014-04-10,12:15:00,12:53:00,55.196,6.289,sighting_position,,,0.096,,missing,,rejected,item_observation,"объектная запись: своей плотности нет, числитель трансекты по ней не восстановить",object_time_is_parent_interval;source_object_row_not_reconstructed
MPL-0126,S3:HE419_MarLitter_transect24,S3_SE_NORTH_SEA,item_observation,S3_visual_GT2,object_context,plastic,>2 cm (macro),2014-04-10,12:15:00,12:53:00,55.197,6.287,sighting_position,,,0.096,,missing,,rejected,item_observation,"объектная запись: своей плотности нет, числитель трансекты по ней не восстановить",object_time_is_parent_interval;source_object_row_not_reconstructed
MPL-0127,S3:HE419_MarLitter_transect25,S3_SE_NORTH_SEA,item_observation,S3_visual_GT2,object_context,plastic,>2 cm (macro),2014-04-10,14:27:00,15:13:00,55.238,6.269,sighting_position,,,0.123,,missing,,rejected,item_observation,"объектная запись: своей плотности нет, числитель трансекты по ней не восстановить",object_time_is_parent_interval;source_object_row_not_reconstructed
MPL-0128,S3:HE419_MarLitter_transect25,S3_SE_NORTH_SEA,item_observation,S3_visual_GT2,object_context,plastic,>2 cm (macro),2014-04-10,14:27:00,15:13:00,55.241,6.282,sighting_position,,,0.123,,missing,,rejected,item_observation,"объектная запись: своей плотности нет, числитель трансекты по ней не восстановить",object_time_is_parent_interval;source_object_row_not_reconstructed
MPL-0129,S3:HE419_MarLitter_transect25,S3_SE_NORTH_SEA,item_observation,S3_visual_GT2,object_context,plastic,>2 cm (macro),2014-04-10,14:27:00,15:13:00,55.245,6.295,sighting_position,,,0.123,,missing,,rejected,item_observation,"объектная запись: своей плотности нет, числитель трансекты по ней не восстановить",object_time_is_parent_interval;source_object_row_not_reconstructed
MPL-0130,S3:HE419_MarLitter_transect25,S3_SE_NORTH_SEA,item_observation,S3_visual_GT2,object_context,plastic,>2 cm (macro),2014-04-10,14:27:00,15:13:00,55.249,6.314,sighting_position,,,0.123,,missing,,rejected,item_observation,"объектная запись: своей плотности нет, числитель трансекты по ней не восстановить",object_time_is_parent_interval;source_object_row_not_reconstructed
MPL-0131,S3:HE419_MarLitter_transect25,S3_SE_NORTH_SEA,item_observation,S3_visual_GT2,object_context,plastic,>2 cm (macro),2014-04-10,14:27:00,15:13:00,55.26,6.338,sighting_position,,,0.123,,missing,,rejected,item_observation,"объектная запись: своей плотности нет, числитель трансекты по ней не восстановить",object_time_is_parent_interval;source_object_row_not_reconstructed
MPL-0132,S3:HE419_MarLitter_transect25,S3_SE_NORTH_SEA,transect_density,S3_visual_GT2,all_litter,mixed (predominantly plastic),>2 cm (macro),2014-04-10,14:27:00,15:13:00,55.263,6.331,published_transect_center,65.1,8,0.123,65.0406,match,litter-visual,accepted,accepted,принята,all_litter_not_plastic
MPL-0133,S3:HE419_MarLitter_transect25,S3_SE_NORTH_SEA,transect_density,S3_visual_GT2,fisheries_litter_category,plastic (fishing gear),>2 cm (macro),2014-04-10,14:27:00,15:13:00,55.263,6.331,published_transect_center,0,0,0.123,0,match,,rejected,category,"отдельная категория, а не суммарная величина: fisheries_litter_category",zero_only_for_defined_scope
MPL-0134,S3:HE419_MarLitter_transect25,S3_SE_NORTH_SEA,item_observation,S3_visual_GT2,object_context,plastic,>2 cm (macro),2014-04-10,14:27:00,15:13:00,55.273,6.364,sighting_position,,,0.123,,missing,,rejected,item_observation,"объектная запись: своей плотности нет, числитель трансекты по ней не восстановить",object_time_is_parent_interval;source_object_row_not_reconstructed
MPL-0135,S3:HE419_MarLitter_transect25,S3_SE_NORTH_SEA,item_observation,S3_visual_GT2,object_context,plastic,>2 cm (macro),2014-04-10,14:27:00,15:13:00,55.283,6.388,sighting_position,,,0.123,,missing,,rejected,item_observation,"объектная запись: своей плотности нет, числитель трансекты по ней не восстановить",object_time_is_parent_interval;source_object_row_not_reconstructed
MPL-0136,S3:HE419_MarLitter_transect26,S3_SE_NORTH_SEA,item_observation,S3_visual_GT2,object_context,plastic,>2 cm (macro),2014-04-10,16:07:00,16:50:00,55.308,6.392,sighting_position,,,0.095,,missing,,rejected,item_observation,"объектная запись: своей плотности нет, числитель трансекты по ней не восстановить",object_time_is_parent_interval;source_object_row_not_reconstructed
MPL-0137,S3:HE419_MarLitter_transect26,S3_SE_NORTH_SEA,item_observation,S3_visual_GT2,object_context,plastic,>2 cm (macro),2014-04-10,16:07:00,16:50:00,55.313,6.393,sighting_position,,,0.095,,missing,,rejected,item_observation,"объектная запись: своей плотности нет, числитель трансекты по ней не восстановить",object_time_is_parent_interval;source_object_row_not_reconstructed
MPL-0138,S3:HE419_MarLitter_transect26,S3_SE_NORTH_SEA,transect_density,S3_visual_GT2,all_litter,mixed (predominantly plastic),>2 cm (macro),2014-04-10,16:07:00,16:50:00,55.325,6.388,published_transect_center,31.4,3,0.095,31.5789,rounding,litter-visual,accepted,accepted,принята,all_litter_not_plastic
MPL-0139,S3:HE419_MarLitter_transect26,S3_SE_NORTH_SEA,transect_density,S3_visual_GT2,fisheries_litter_category,plastic (fishing gear),>2 cm (macro),2014-04-10,16:07:00,16:50:00,55.325,6.388,published_transect_center,0,0,0.095,0,match,,rejected,category,"отдельная категория, а не суммарная величина: fisheries_litter_category",zero_only_for_defined_scope
MPL-0140,S3:HE419_MarLitter_transect27,S3_SE_NORTH_SEA,item_observation,S3_visual_GT2,object_context,plastic,>2 cm (macro),2014-04-10,18:19:00,19:20:00,55.329,6.585,sighting_position,,,0.144,,missing,,rejected,item_observation,"объектная запись: своей плотности нет, числитель трансекты по ней не восстановить",object_time_is_parent_interval;source_object_row_not_reconstructed
MPL-0141,S3:HE419_MarLitter_transect27,S3_SE_NORTH_SEA,transect_density,S3_visual_GT2,all_litter,mixed (predominantly plastic),>2 cm (macro),2014-04-10,18:19:00,19:20:00,55.349,6.483,published_transect_center,13.9,2,0.144,13.8889,match,litter-visual,accepted,accepted,принята,all_litter_not_plastic
MPL-0142,S3:HE419_MarLitter_transect27,S3_SE_NORTH_SEA,transect_density,S3_visual_GT2,fisheries_litter_category,plastic (fishing gear),>2 cm (macro),2014-04-10,18:19:00,19:20:00,55.349,6.483,published_transect_center,0,0,0.144,0,match,,rejected,category,"отдельная категория, а не суммарная величина: fisheries_litter_category",zero_only_for_defined_scope
MPL-0143,S3:HE419_MarLitter_transect32,S3_SE_NORTH_SEA,item_observation,S3_visual_GT2,object_context,plastic,>2 cm (macro),2014-04-11,18:12:00,18:56:00,54.396,7.985,sighting_position,,,0.305,,missing,,rejected,item_observation,"объектная запись: своей плотности нет, числитель трансекты по ней не восстановить",object_time_is_parent_interval;source_object_row_not_reconstructed
MPL-0144,S3:HE419_MarLitter_transect32,S3_SE_NORTH_SEA,item_observation,S3_visual_GT2,object_context,plastic,>2 cm (macro),2014-04-11,18:12:00,18:56:00,54.4,8,sighting_position,,,0.305,,missing,,rejected,item_observation,"объектная запись: своей плотности нет, числитель трансекты по ней не восстановить",object_time_is_parent_interval;source_object_row_not_reconstructed
MPL-0145,S3:HE419_MarLitter_transect32,S3_SE_NORTH_SEA,item_observation,S3_visual_GT2,object_context,plastic,>2 cm (macro),2014-04-11,18:12:00,18:56:00,54.407,8.023,sighting_position,,,0.305,,missing,,rejected,item_observation,"объектная запись: своей плотности нет, числитель трансекты по ней не восстановить",object_time_is_parent_interval;source_object_row_not_reconstructed
MPL-0146,S3:HE419_MarLitter_transect32,S3_SE_NORTH_SEA,transect_density,S3_visual_GT2,all_litter,mixed (predominantly plastic),>2 cm (macro),2014-04-11,18:12:00,18:56:00,54.409,7.945,published_transect_center,19.7,6,0.305,19.6721,match,litter-visual,accepted,accepted,принята,all_litter_not_plastic
MPL-0147,S3:HE419_MarLitter_transect32,S3_SE_NORTH_SEA,transect_density,S3_visual_GT2,fisheries_litter_category,plastic (fishing gear),>2 cm (macro),2014-04-11,18:12:00,18:56:00,54.409,7.945,published_transect_center,0,0,0.305,0,match,,rejected,category,"отдельная категория, а не суммарная величина: fisheries_litter_category",zero_only_for_defined_scope
MPL-0148,S3:HE419_MarLitter_transect31,S3_SE_NORTH_SEA,transect_density,S3_visual_GT2,all_litter,mixed (predominantly plastic),>2 cm (macro),2014-04-11,14:26:00,15:12:00,54.41,7.798,published_transect_center,6.1,1,0.165,6.06061,rounding,litter-visual,accepted,accepted,принята,all_litter_not_plastic
MPL-0149,S3:HE419_MarLitter_transect31,S3_SE_NORTH_SEA,transect_density,S3_visual_GT2,fisheries_litter_category,plastic (fishing gear),>2 cm (macro),2014-04-11,14:26:00,15:12:00,54.41,7.798,published_transect_center,0,0,0.165,0,match,,rejected,category,"отдельная категория, а не суммарная величина: fisheries_litter_category",zero_only_for_defined_scope
MPL-0150,S3:HE419_MarLitter_transect32,S3_SE_NORTH_SEA,item_observation,S3_visual_GT2,object_context,plastic,>2 cm (macro),2014-04-11,18:12:00,18:56:00,54.413,8.072,sighting_position,,,0.305,,missing,,rejected,item_observation,"объектная запись: своей плотности нет, числитель трансекты по ней не восстановить",object_time_is_parent_interval;source_object_row_not_reconstructed
MPL-0151,S3:HE419_MarLitter_transect32,S3_SE_NORTH_SEA,item_observation,S3_visual_GT2,object_context,plastic,>2 cm (macro),2014-04-11,18:12:00,18:56:00,54.413,8.076,sighting_position,,,0.305,,missing,,rejected,item_observation,"объектная запись: своей плотности нет, числитель трансекты по ней не восстановить",object_time_is_parent_interval;source_object_row_not_reconstructed
MPL-0152,S3:HE419_MarLitter_transect31,S3_SE_NORTH_SEA,item_observation,S3_visual_GT2,object_context,plastic,>2 cm (macro),2014-04-11,14:26:00,15:12:00,54.419,7.833,sighting_position,,,0.165,,missing,,rejected,item_observation,"объектная запись: своей плотности нет, числитель трансекты по ней не восстановить",object_time_is_parent_interval;source_object_row_not_reconstructed
MPL-0153,S3:HE419_MarLitter_transect30,S3_SE_NORTH_SEA,item_observation,S3_visual_GT2,object_context,plastic,>2 cm (macro),2014-04-11,12:45:00,13:30:00,54.512,7.954,sighting_position,,,0.154,,missing,,rejected,item_observation,"объектная запись: своей плотности нет, числитель трансекты по ней не восстановить",object_time_is_parent_interval;source_object_row_not_reconstructed
MPL-0154,S3:HE419_MarLitter_transect30,S3_SE_NORTH_SEA,item_observation,S3_visual_GT2,object_context,plastic,>2 cm (macro),2014-04-11,12:45:00,13:30:00,54.523,7.978,sighting_position,,,0.154,,missing,,rejected,item_observation,"объектная запись: своей плотности нет, числитель трансекты по ней не восстановить",object_time_is_parent_interval;source_object_row_not_reconstructed
MPL-0155,S3:HE419_MarLitter_transect30,S3_SE_NORTH_SEA,item_observation,S3_visual_GT2,object_context,plastic,>2 cm (macro),2014-04-11,12:45:00,13:30:00,54.528,7.988,sighting_position,,,0.154,,missing,,rejected,item_observation,"объектная запись: своей плотности нет, числитель трансекты по ней не восстановить",object_time_is_parent_interval;source_object_row_not_reconstructed
MPL-0156,S3:HE419_MarLitter_transect30,S3_SE_NORTH_SEA,item_observation,S3_visual_GT2,object_context,plastic,>2 cm (macro),2014-04-11,12:45:00,13:30:00,54.529,7.989,sighting_position,,,0.154,,missing,,rejected,item_observation,"объектная запись: своей плотности нет, числитель трансекты по ней не восстановить",object_time_is_parent_interval;source_object_row_not_reconstructed
MPL-0157,S3:HE419_MarLitter_transect30,S3_SE_NORTH_SEA,item_observation,S3_visual_GT2,object_context,plastic,>2 cm (macro),2014-04-11,12:45:00,13:30:00,54.541,8.014,sighting_position,,,0.154,,missing,,rejected,item_observation,"объектная запись: своей плотности нет, числитель трансекты по ней не восстановить",object_time_is_parent_interval;source_object_row_not_reconstructed
MPL-0158,S3:HE419_MarLitter_transect30,S3_SE_NORTH_SEA,transect_density,S3_visual_GT2,all_litter,mixed (predominantly plastic),>2 cm (macro),2014-04-11,12:45:00,13:30:00,54.554,8.014,published_transect_center,195.1,30,0.154,194.805,match,litter-visual,accepted,accepted,принята,all_litter_not_plastic
MPL-0159,S3:HE419_MarLitter_transect30,S3_SE_NORTH_SEA,transect_density,S3_visual_GT2,fisheries_litter_category,plastic (fishing gear),>2 cm (macro),2014-04-11,12:45:00,13:30:00,54.554,8.014,published_transect_center,0,0,0.154,0,match,,rejected,category,"отдельная категория, а не суммарная величина: fisheries_litter_category",zero_only_for_defined_scope
MPL-0160,S3:HE419_MarLitter_transect30,S3_SE_NORTH_SEA,item_observation,S3_visual_GT2,object_context,plastic,>2 cm (macro),2014-04-11,12:45:00,13:30:00,54.571,8.058,sighting_position,,,0.154,,missing,,rejected,item_observation,"объектная запись: своей плотности нет, числитель трансекты по ней не восстановить",object_time_is_parent_interval;source_object_row_not_reconstructed
MPL-0161,S3:HE419_MarLitter_transect30,S3_SE_NORTH_SEA,item_observation,S3_visual_GT2,object_context,plastic,>2 cm (macro),2014-04-11,12:45:00,13:30:00,54.577,8.064,sighting_position,,,0.154,,missing,,rejected,item_observation,"объектная запись: своей плотности нет, числитель трансекты по ней не восстановить",object_time_is_parent_interval;source_object_row_not_reconstructed
MPL-0162,S3:HE419_MarLitter_transect29,S3_SE_NORTH_SEA,item_observation,S3_visual_GT2,object_context,plastic,>2 cm (macro),2014-04-11,10:06:00,11:17:00,54.687,8.129,sighting_position,,,0.231,,missing,,rejected,item_observation,"объектная запись: своей плотности нет, числитель трансекты по ней не восстановить",object_time_is_parent_interval;source_object_row_not_reconstructed
MPL-0163,S3:HE419_MarLitter_transect29,S3_SE_NORTH_SEA,item_observation,S3_visual_GT2,object_context,plastic,>2 cm (macro),2014-04-11,10:06:00,11:17:00,54.698,8.131,sighting_position,,,0.231,,missing,,rejected,item_observation,"объектная запись: своей плотности нет, числитель трансекты по ней не восстановить",object_time_is_parent_interval;source_object_row_not_reconstructed
MPL-0164,S3:HE419_MarLitter_transect29,S3_SE_NORTH_SEA,item_observation,S3_visual_GT2,object_context,plastic,>2 cm (macro),2014-04-11,10:06:00,11:17:00,54.703,8.132,sighting_position,,,0.231,,missing,,rejected,item_observation,"объектная запись: своей плотности нет, числитель трансекты по ней не восстановить",object_time_is_parent_interval;source_object_row_not_reconstructed
MPL-0165,S3:HE419_MarLitter_transect29,S3_SE_NORTH_SEA,item_observation,S3_visual_GT2,object_context,plastic,>2 cm (macro),2014-04-11,10:06:00,11:17:00,54.717,8.136,sighting_position,,,0.231,,missing,,rejected,item_observation,"объектная запись: своей плотности нет, числитель трансекты по ней не восстановить",object_time_is_parent_interval;source_object_row_not_reconstructed
MPL-0166,S3:HE419_MarLitter_transect29,S3_SE_NORTH_SEA,transect_density,S3_visual_GT2,all_litter,mixed (predominantly plastic),>2 cm (macro),2014-04-11,10:06:00,11:17:00,54.785,8.136,published_transect_center,17.3,4,0.231,17.316,match,litter-visual,accepted,accepted,принята,all_litter_not_plastic
MPL-0167,S3:HE419_MarLitter_transect29,S3_SE_NORTH_SEA,transect_density,S3_visual_GT2,fisheries_litter_category,plastic (fishing gear),>2 cm (macro),2014-04-11,10:06:00,11:17:00,54.785,8.136,published_transect_center,0,0,0.231,0,match,,rejected,category,"отдельная категория, а не суммарная величина: fisheries_litter_category",zero_only_for_defined_scope
MPL-0168,S3:HE419_MarLitter_transect28,S3_SE_NORTH_SEA,item_observation,S3_visual_GT2,object_context,plastic,>2 cm (macro),2014-04-11,08:31:00,09:10:00,54.907,8.144,sighting_position,,,0.116,,missing,,rejected,item_observation,"объектная запись: своей плотности нет, числитель трансекты по ней не восстановить",object_time_is_parent_interval;source_object_row_not_reconstructed
MPL-0169,S3:HE419_MarLitter_transect28,S3_SE_NORTH_SEA,item_observation,S3_visual_GT2,object_context,plastic,>2 cm (macro),2014-04-11,08:31:00,09:10:00,54.95,8.141,sighting_position,,,0.116,,missing,,rejected,item_observation,"объектная запись: своей плотности нет, числитель трансекты по ней не восстановить",object_time_is_parent_interval;source_object_row_not_reconstructed
MPL-0170,S3:HE419_MarLitter_transect28,S3_SE_NORTH_SEA,item_observation,S3_visual_GT2,object_context,plastic,>2 cm (macro),2014-04-11,08:31:00,09:10:00,54.95,8.141,sighting_position,,,0.116,,missing,,rejected,item_observation,"объектная запись: своей плотности нет, числитель трансекты по ней не восстановить",object_time_is_parent_interval;source_object_row_not_reconstructed
MPL-0171,S3:HE419_MarLitter_transect28,S3_SE_NORTH_SEA,transect_density,S3_visual_GT2,all_litter,mixed (predominantly plastic),>2 cm (macro),2014-04-11,08:31:00,09:10:00,54.955,8.14,published_transect_center,43.1,5,0.116,43.1034,match,litter-visual,accepted,accepted,принята,all_litter_not_plastic
MPL-0172,S3:HE419_MarLitter_transect28,S3_SE_NORTH_SEA,transect_density,S3_visual_GT2,fisheries_litter_category,plastic (fishing gear),>2 cm (macro),2014-04-11,08:31:00,09:10:00,54.955,8.14,published_transect_center,0,0,0.116,0,match,,rejected,category,"отдельная категория, а не суммарная величина: fisheries_litter_category",zero_only_for_defined_scope
MPL-0173,S3:HE419_MarLitter_transect28,S3_SE_NORTH_SEA,item_observation,S3_visual_GT2,object_context,plastic,>2 cm (macro),2014-04-11,08:31:00,09:10:00,54.985,8.137,sighting_position,,,0.116,,missing,,rejected,item_observation,"объектная запись: своей плотности нет, числитель трансекты по ней не восстановить",object_time_is_parent_interval;source_object_row_not_reconstructed
MPL-0174,S3:HE419_MarLitter_transect28,S3_SE_NORTH_SEA,item_observation,S3_visual_GT2,object_context,plastic,>2 cm (macro),2014-04-11,08:31:00,09:10:00,54.988,8.137,sighting_position,,,0.116,,missing,,rejected,item_observation,"объектная запись: своей плотности нет, числитель трансекты по ней не восстановить",object_time_is_parent_interval;source_object_row_not_reconstructed
MPL-0175,S3:HE419_MarLitter_transect38,S3_SE_NORTH_SEA,item_observation,S3_visual_GT2,object_context,plastic,>2 cm (macro),2014-04-12,17:21:00,17:50:00,53.692,6.446,sighting_position,,,0.062,,missing,,rejected,item_observation,"объектная запись: своей плотности нет, числитель трансекты по ней не восстановить",object_time_is_parent_interval;source_object_row_not_reconstructed
MPL-0176,S3:HE419_MarLitter_transect38,S3_SE_NORTH_SEA,transect_density,S3_visual_GT2,all_litter,mixed (predominantly plastic),>2 cm (macro),2014-04-12,17:21:00,17:50:00,53.7,6.457,published_transect_center,32.1,2,0.062,32.2581,match,litter-visual,accepted,accepted,принята,all_litter_not_plastic
MPL-0177,S3:HE419_MarLitter_transect38,S3_SE_NORTH_SEA,transect_density,S3_visual_GT2,fisheries_litter_category,plastic (fishing gear),>2 cm (macro),2014-04-12,17:21:00,17:50:00,53.7,6.457,published_transect_center,0,0,0.062,0,match,,rejected,category,"отдельная категория, а не суммарная величина: fisheries_litter_category",zero_only_for_defined_scope
MPL-0178,S3:HE419_MarLitter_transect38,S3_SE_NORTH_SEA,item_observation,S3_visual_GT2,object_context,plastic,>2 cm (macro),2014-04-12,17:21:00,17:50:00,53.716,6.488,sighting_position,,,0.062,,missing,,rejected,item_observation,"объектная запись: своей плотности нет, числитель трансекты по ней не восстановить",object_time_is_parent_interval;source_object_row_not_reconstructed
MPL-0179,S3:HE419_MarLitter_transect37,S3_SE_NORTH_SEA,transect_density,S3_visual_GT2,all_litter,mixed (predominantly plastic),>2 cm (macro),2014-04-12,15:46:00,16:31:00,53.77,6.539,published_transect_center,9.1,1,0.11,9.09091,match,litter-visual,accepted,accepted,принята,all_litter_not_plastic
MPL-0180,S3:HE419_MarLitter_transect37,S3_SE_NORTH_SEA,transect_density,S3_visual_GT2,fisheries_litter_category,plastic (fishing gear),>2 cm (macro),2014-04-12,15:46:00,16:31:00,53.77,6.539,published_transect_center,0,0,0.11,0,match,,rejected,category,"отдельная категория, а не суммарная величина: fisheries_litter_category",zero_only_for_defined_scope
MPL-0181,S3:HE419_MarLitter_transect37,S3_SE_NORTH_SEA,item_observation,S3_visual_GT2,object_context,plastic,>2 cm (macro),2014-04-12,15:46:00,16:31:00,53.779,6.545,sighting_position,,,0.11,,missing,,rejected,item_observation,"объектная запись: своей плотности нет, числитель трансекты по ней не восстановить",object_time_is_parent_interval;source_object_row_not_reconstructed
MPL-0182,S3:HE419_MarLitter_transect35,S3_SE_NORTH_SEA,item_observation,S3_visual_GT2,object_context,plastic,>2 cm (macro),2014-04-12,12:00:00,12:42:00,53.836,7.008,sighting_position,,,0.123,,missing,,rejected,item_observation,"объектная запись: своей плотности нет, числитель трансекты по ней не восстановить",object_time_is_parent_interval;source_object_row_not_reconstructed
MPL-0183,S3:HE419_MarLitter_transect34,S3_SE_NORTH_SEA,transect_density,S3_visual_GT2,all_litter,mixed (predominantly plastic),>2 cm (macro),2014-04-12,09:32:00,10:28:00,53.84,7.219,published_transect_center,6.4,1,0.156,6.41026,match,litter-visual,accepted,accepted,принята,all_litter_not_plastic
MPL-0184,S3:HE419_MarLitter_transect34,S3_SE_NORTH_SEA,transect_density,S3_visual_GT2,fisheries_litter_category,plastic (fishing gear),>2 cm (macro),2014-04-12,09:32:00,10:28:00,53.84,7.219,published_transect_center,0,0,0.156,0,match,,rejected,category,"отдельная категория, а не суммарная величина: fisheries_litter_category",zero_only_for_defined_scope
MPL-0185,S3:HE419_MarLitter_transect35,S3_SE_NORTH_SEA,transect_density,S3_visual_GT2,all_litter,mixed (predominantly plastic),>2 cm (macro),2014-04-12,12:00:00,12:42:00,53.842,6.991,published_transect_center,16.2,2,0.123,16.2602,match,litter-visual,accepted,accepted,принята,all_litter_not_plastic
MPL-0186,S3:HE419_MarLitter_transect35,S3_SE_NORTH_SEA,transect_density,S3_visual_GT2,fisheries_litter_category,plastic (fishing gear),>2 cm (macro),2014-04-12,12:00:00,12:42:00,53.842,6.991,published_transect_center,0,0,0.123,0,match,,rejected,category,"отдельная категория, а не суммарная величина: fisheries_litter_category",zero_only_for_defined_scope
MPL-0187,S3:HE419_MarLitter_transect34,S3_SE_NORTH_SEA,item_observation,S3_visual_GT2,object_context,plastic,>2 cm (macro),2014-04-12,09:32:00,10:28:00,53.848,7.289,sighting_position,,,0.156,,missing,,rejected,item_observation,"объектная запись: своей плотности нет, числитель трансекты по ней не восстановить",object_time_is_parent_interval;source_object_row_not_reconstructed
MPL-0188,S3:HE419_MarLitter_transect36,S3_SE_NORTH_SEA,transect_density,S3_visual_GT2,all_litter,mixed (predominantly plastic),>2 cm (macro),2014-04-12,13:42:00,14:11:00,53.85,6.785,published_transect_center,9.9,1,0.101,9.90099,match,litter-visual,accepted,accepted,принята,all_litter_not_plastic
MPL-0189,S3:HE419_MarLitter_transect36,S3_SE_NORTH_SEA,transect_density,S3_visual_GT2,fisheries_litter_category,plastic (fishing gear),>2 cm (macro),2014-04-12,13:42:00,14:11:00,53.85,6.785,published_transect_center,9.915,1,0.101,9.90099,match,,rejected,category,"отдельная категория, а не суммарная величина: fisheries_litter_category",
MPL-0190,S3:HE419_MarLitter_transect36,S3_SE_NORTH_SEA,item_observation,S3_visual_GT2,object_context,plastic,>2 cm (macro),2014-04-12,13:42:00,14:11:00,53.856,6.848,sighting_position,,,0.101,,missing,,rejected,item_observation,"объектная запись: своей плотности нет, числитель трансекты по ней не восстановить",object_time_is_parent_interval;source_object_row_not_reconstructed
MPL-0191,S3:HE419_MarLitter_transect33,S3_SE_NORTH_SEA,item_observation,S3_visual_GT2,object_context,plastic,>2 cm (macro),2014-04-12,08:06:00,08:46:00,53.858,7.375,sighting_position,,,0.112,,missing,,rejected,item_observation,"объектная запись: своей плотности нет, числитель трансекты по ней не восстановить",object_time_is_parent_interval;source_object_row_not_reconstructed
MPL-0192,S3:HE419_MarLitter_transect33,S3_SE_NORTH_SEA,transect_density,S3_visual_GT2,all_litter,mixed (predominantly plastic),>2 cm (macro),2014-04-12,08:06:00,08:46:00,53.864,7.448,published_transect_center,17.9,2,0.112,17.8571,match,litter-visual,accepted,accepted,принята,all_litter_not_plastic
MPL-0193,S3:HE419_MarLitter_transect33,S3_SE_NORTH_SEA,transect_density,S3_visual_GT2,fisheries_litter_category,plastic (fishing gear),>2 cm (macro),2014-04-12,08:06:00,08:46:00,53.864,7.448,published_transect_center,8.951,1,0.112,8.92857,match,,rejected,category,"отдельная категория, а не суммарная величина: fisheries_litter_category",
MPL-0194,S3:HE419_MarLitter_transect33,S3_SE_NORTH_SEA,item_observation,S3_visual_GT2,object_context,plastic,>2 cm (macro),2014-04-12,08:06:00,08:46:00,53.865,7.453,sighting_position,,,0.112,,missing,,rejected,item_observation,"объектная запись: своей плотности нет, числитель трансекты по ней не восстановить",object_time_is_parent_interval;source_object_row_not_reconstructed
MPL-0195,S3:HE419_MarLitter_transect35,S3_SE_NORTH_SEA,item_observation,S3_visual_GT2,object_context,plastic,>2 cm (macro),2014-04-12,12:00:00,12:42:00,53.87,6.921,sighting_position,,,0.123,,missing,,rejected,item_observation,"объектная запись: своей плотности нет, числитель трансекты по ней не восстановить",object_time_is_parent_interval;source_object_row_not_reconstructed
MPL-0196,S2:MSM41_litter-T1,S2_SARGASSO_MSM41,item_observation,S2_visual_GT2,object_context,plastic,>2 cm (macro),2015-04-01,16:17:00,17:17:00,32.18655,-64.776983,observer_at_sighting,,,0.1968,,missing,,rejected,item_observation,"объектная запись: своей плотности нет, числитель трансекты по ней не восстановить",author_area_replaces_endpoint_distance;object_time_is_parent_interval
MPL-0197,S2:MSM41_litter-T1,S2_SARGASSO_MSM41,transect_density,S2_visual_GT2,total_plastic,plastic (all polymers),>2 cm (macro),2015-04-01,16:17:00,17:17:00,32.232809,-64.714325,transect_midpoint_arithmetic,20.3252,4,0.1968,20.3252,match,plastic-visual,accepted,accepted,принята,author_area_replaces_endpoint_distance
MPL-0198,S2:MSM41_litter-T1,S2_SARGASSO_MSM41,transect_density,S2_visual_GT2,plastic_category,plastic,>2 cm (macro),2015-04-01,16:17:00,17:17:00,32.232809,-64.714325,transect_midpoint_arithmetic,20.3252,4,0.1968,20.3252,match,,rejected,category,"отдельная категория, а не суммарная величина: plastic_category",author_area_replaces_endpoint_distance
MPL-0199,S2:MSM41_litter-T1,S2_SARGASSO_MSM41,item_observation,S2_visual_GT2,object_context,plastic,>2 cm (macro),2015-04-01,16:17:00,17:17:00,32.235117,-64.711017,observer_at_sighting,,,0.1968,,missing,,rejected,item_observation,"объектная запись: своей плотности нет, числитель трансекты по ней не восстановить",author_area_replaces_endpoint_distance;object_time_is_parent_interval
MPL-0200,S2:MSM41_litter-T5,S2_SARGASSO_MSM41,transect_density,S2_visual_GT2,total_plastic,plastic (all polymers),>2 cm (macro),2015-04-02,16:56:00,17:29:00,30.068492,-69.829333,transect_midpoint_arithmetic,15.5352,2,0.12874,15.5352,match,plastic-visual,accepted,accepted,принята,author_area_replaces_endpoint_distance
MPL-0201,S2:MSM41_litter-T5,S2_SARGASSO_MSM41,transect_density,S2_visual_GT2,plastic_category,plastic,>2 cm (macro),2015-04-02,16:56:00,17:29:00,30.068492,-69.829333,transect_midpoint_arithmetic,15.5352,2,0.12874,15.5352,match,,rejected,category,"отдельная категория, а не суммарная величина: plastic_category",author_area_replaces_endpoint_distance
MPL-0202,S2:MSM41_litter-T5,S2_SARGASSO_MSM41,item_observation,S2_visual_GT2,object_context,plastic,>2 cm (macro),2015-04-02,16:56:00,17:29:00,30.085333,-69.78735,observer_at_sighting,,,0.12874,,missing,,rejected,item_observation,"объектная запись: своей плотности нет, числитель трансекты по ней не восстановить",author_area_replaces_endpoint_distance;object_time_is_parent_interval
MPL-0203,S2:MSM41_litter-T4,S2_SARGASSO_MSM41,transect_density,S2_visual_GT2,total_plastic,plastic (all polymers),>2 cm (macro),2015-04-02,12:43:00,13:43:00,30.436175,-68.913542,transect_midpoint_arithmetic,28.6123,7,0.24465,28.6123,match,plastic-visual,accepted,accepted,принята,author_area_replaces_endpoint_distance
MPL-0204,S2:MSM41_litter-T4,S2_SARGASSO_MSM41,transect_density,S2_visual_GT2,plastic_category,expanded polystyrene (EPS),>2 cm (macro),2015-04-02,12:43:00,13:43:00,30.436175,-68.913542,transect_midpoint_arithmetic,8.17494,2,0.24465,8.17494,match,,rejected,category,"отдельная категория, а не суммарная величина: plastic_category",author_area_replaces_endpoint_distance
MPL-0205,S2:MSM41_litter-T4,S2_SARGASSO_MSM41,transect_density,S2_visual_GT2,plastic_category,plastic,>2 cm (macro),2015-04-02,12:43:00,13:43:00,30.436175,-68.913542,transect_midpoint_arithmetic,20.4374,5,0.24465,20.4374,match,,rejected,category,"отдельная категория, а не суммарная величина: plastic_category",author_area_replaces_endpoint_distance
MPL-0206,S2:MSM41_litter-T4,S2_SARGASSO_MSM41,item_observation,S2_visual_GT2,object_context,plastic,>2 cm (macro),2015-04-02,12:43:00,13:43:00,30.4612,-68.851583,observer_at_sighting,,,0.24465,,missing,,rejected,item_observation,"объектная запись: своей плотности нет, числитель трансекты по ней не восстановить",author_area_replaces_endpoint_distance;object_time_is_parent_interval
MPL-0207,S2:MSM41_litter-T4,S2_SARGASSO_MSM41,item_observation,S2_visual_GT2,object_context,expanded polystyrene (EPS),>2 cm (macro),2015-04-02,12:43:00,13:43:00,30.475333,-68.816867,observer_at_sighting,,,0.24465,,missing,,rejected,item_observation,"объектная запись: своей плотности нет, числитель трансекты по ней не восстановить",author_area_replaces_endpoint_distance;object_time_is_parent_interval
MPL-0208,S2:MSM41_litter-T3,S2_SARGASSO_MSM41,item_observation,S2_visual_GT2,object_context,plastic,>2 cm (macro),2015-04-02,10:36:00,11:26:00,30.629933,-68.430317,observer_at_sighting,,,0.19281,,missing,,rejected,item_observation,"объектная запись: своей плотности нет, числитель трансекты по ней не восстановить",author_area_replaces_endpoint_distance;object_time_is_parent_interval
MPL-0209,S2:MSM41_litter-T3,S2_SARGASSO_MSM41,transect_density,S2_visual_GT2,total_plastic,plastic (all polymers),>2 cm (macro),2015-04-02,10:36:00,11:26:00,30.634591,-68.419933,transect_midpoint_arithmetic,20.7458,4,0.19281,20.7458,match,plastic-visual,accepted,accepted,принята,author_area_replaces_endpoint_distance
MPL-0210,S2:MSM41_litter-T3,S2_SARGASSO_MSM41,transect_density,S2_visual_GT2,plastic_category,plastic,>2 cm (macro),2015-04-02,10:36:00,11:26:00,30.634591,-68.419933,transect_midpoint_arithmetic,20.7458,4,0.19281,20.7458,match,,rejected,category,"отдельная категория, а не суммарная величина: plastic_category",author_area_replaces_endpoint_distance
MPL-0211,S2:MSM41_litter-T2,S2_SARGASSO_MSM41,item_observation,S2_visual_GT2,object_context,plastic,>2 cm (macro),2015-04-02,08:18:00,09:18:00,30.795233,-68.016967,observer_at_sighting,,,0.22799,,missing,,rejected,item_observation,"объектная запись: своей плотности нет, числитель трансекты по ней не восстановить",author_area_replaces_endpoint_distance;object_time_is_parent_interval
MPL-0212,S2:MSM41_litter-T2,S2_SARGASSO_MSM41,item_observation,S2_visual_GT2,object_context,plastic,>2 cm (macro),2015-04-02,08:18:00,09:18:00,30.801783,-68.000583,observer_at_sighting,,,0.22799,,missing,,rejected,item_observation,"объектная запись: своей плотности нет, числитель трансекты по ней не восстановить",author_area_replaces_endpoint_distance;object_time_is_parent_interval
MPL-0213,S2:MSM41_litter-T2,S2_SARGASSO_MSM41,item_observation,S2_visual_GT2,object_context,plastic,>2 cm (macro),2015-04-02,08:18:00,09:18:00,30.8226,-67.947,observer_at_sighting,,,0.22799,,missing,,rejected,item_observation,"объектная запись: своей плотности нет, числитель трансекты по ней не восстановить",author_area_replaces_endpoint_distance;object_time_is_parent_interval
MPL-0214,S2:MSM41_litter-T2,S2_SARGASSO_MSM41,transect_density,S2_visual_GT2,total_plastic,plastic (all polymers),>2 cm (macro),2015-04-02,08:18:00,09:18:00,30.827925,-67.935275,transect_midpoint_arithmetic,43.8616,10,0.22799,43.8616,match,plastic-visual,accepted,accepted,принята,author_area_replaces_endpoint_distance
MPL-0215,S2:MSM41_litter-T2,S2_SARGASSO_MSM41,transect_density,S2_visual_GT2,plastic_category,plastic,>2 cm (macro),2015-04-02,08:18:00,09:18:00,30.827925,-67.935275,transect_midpoint_arithmetic,43.8616,10,0.22799,43.8616,match,,rejected,category,"отдельная категория, а не суммарная величина: plastic_category",author_area_replaces_endpoint_distance
MPL-0216,S2:MSM41_litter-T8,S2_SARGASSO_MSM41,transect_density,S2_visual_GT2,total_plastic,plastic (all polymers),>2 cm (macro),2015-04-03,11:51:00,12:40:00,29.095284,-69.993191,transect_midpoint_arithmetic,15.3759,3,0.19511,15.3759,match,plastic-visual,accepted,accepted,принята,author_area_replaces_endpoint_distance
MPL-0217,S2:MSM41_litter-T8,S2_SARGASSO_MSM41,transect_density,S2_visual_GT2,plastic_category,plastic,>2 cm (macro),2015-04-03,11:51:00,12:40:00,29.095284,-69.993191,transect_midpoint_arithmetic,15.3759,3,0.19511,15.3759,match,,rejected,category,"отдельная категория, а не суммарная величина: plastic_category",author_area_replaces_endpoint_distance
MPL-0218,S2:MSM41_litter-T8,S2_SARGASSO_MSM41,item_observation,S2_visual_GT2,object_context,plastic,>2 cm (macro),2015-04-03,11:51:00,12:40:00,29.152283,-69.983367,observer_at_sighting,,,0.19511,,missing,,rejected,item_observation,"объектная запись: своей плотности нет, числитель трансекты по ней не восстановить",author_area_replaces_endpoint_distance;object_time_is_parent_interval
MPL-0219,S2:MSM41_litter-T7,S2_SARGASSO_MSM41,item_observation,S2_visual_GT2,object_context,plastic,>2 cm (macro),2015-04-03,10:11:00,11:12:00,29.3738,-69.950733,observer_at_sighting,,,0.23755,,missing,,rejected,item_observation,"объектная запись: своей плотности нет, числитель трансекты по ней не восстановить",author_area_replaces_endpoint_distance;object_time_is_parent_interval
MPL-0220,S2:MSM41_litter-T7,S2_SARGASSO_MSM41,transect_density,S2_visual_GT2,total_plastic,plastic (all polymers),>2 cm (macro),2015-04-03,10:11:00,11:12:00,29.4284,-69.942583,transect_midpoint_arithmetic,37.8868,9,0.23755,37.8868,match,plastic-visual,accepted,accepted,принята,author_area_replaces_endpoint_distance
MPL-0221,S2:MSM41_litter-T7,S2_SARGASSO_MSM41,transect_density,S2_visual_GT2,plastic_category,plastic,>2 cm (macro),2015-04-03,10:11:00,11:12:00,29.4284,-69.942583,transect_midpoint_arithmetic,37.8868,9,0.23755,37.8868,match,,rejected,category,"отдельная категория, а не суммарная величина: plastic_category",author_area_replaces_endpoint_distance
MPL-0222,S2:MSM41_litter-T7,S2_SARGASSO_MSM41,item_observation,S2_visual_GT2,object_context,plastic,>2 cm (macro),2015-04-03,10:11:00,11:12:00,29.486833,-69.93405,observer_at_sighting,,,0.23755,,missing,,rejected,item_observation,"объектная запись: своей плотности нет, числитель трансекты по ней не восстановить",author_area_replaces_endpoint_distance;object_time_is_parent_interval
MPL-0223,S2:MSM41_litter-T6,S2_SARGASSO_MSM41,item_observation,S2_visual_GT2,object_context,plastic,>2 cm (macro),2015-04-03,08:13:00,09:13:00,29.765283,-69.893183,observer_at_sighting,,,0.24064,,missing,,rejected,item_observation,"объектная запись: своей плотности нет, числитель трансекты по ней не восстановить",author_area_replaces_endpoint_distance;object_time_is_parent_interval
MPL-0224,S2:MSM41_litter-T6,S2_SARGASSO_MSM41,item_observation,S2_visual_GT2,object_context,plastic,>2 cm (macro),2015-04-03,08:13:00,09:13:00,29.784067,-69.890333,observer_at_sighting,,,0.24064,,missing,,rejected,item_observation,"объектная запись: своей плотности нет, числитель трансекты по ней не восстановить",author_area_replaces_endpoint_distance;object_time_is_parent_interval
MPL-0225,S2:MSM41_litter-T6,S2_SARGASSO_MSM41,item_observation,S2_visual_GT2,object_context,plastic,>2 cm (macro),2015-04-03,08:13:00,09:13:00,29.830917,-69.8835,observer_at_sighting,,,0.24064,,missing,,rejected,item_observation,"объектная запись: своей плотности нет, числитель трансекты по ней не восстановить",author_area_replaces_endpoint_distance;object_time_is_parent_interval
MPL-0226,S2:MSM41_litter-T6,S2_SARGASSO_MSM41,transect_density,S2_visual_GT2,total_plastic,plastic (all polymers),>2 cm (macro),2015-04-03,08:13:00,09:13:00,29.847233,-69.880942,transect_midpoint_arithmetic,33.2447,8,0.24064,33.2447,match,plastic-visual,accepted,accepted,принята,author_area_replaces_endpoint_distance
MPL-0227,S2:MSM41_litter-T6,S2_SARGASSO_MSM41,transect_density,S2_visual_GT2,plastic_category,plastic,>2 cm (macro),2015-04-03,08:13:00,09:13:00,29.847233,-69.880942,transect_midpoint_arithmetic,33.2447,8,0.24064,33.2447,match,,rejected,category,"отдельная категория, а не суммарная величина: plastic_category",author_area_replaces_endpoint_distance
MPL-0228,S2:MSM41_litter-T10,S2_SARGASSO_MSM41,item_observation,S2_visual_GT2,object_context,plastic,>2 cm (macro),2015-04-04,16:08:00,17:08:00,27.366533,-69.867717,observer_at_sighting,,,0.23885,,missing,,rejected,item_observation,"объектная запись: своей плотности нет, числитель трансекты по ней не восстановить",author_area_replaces_endpoint_distance;object_time_is_parent_interval
MPL-0229,S2:MSM41_litter-T10,S2_SARGASSO_MSM41,transect_density,S2_visual_GT2,total_plastic,plastic (all polymers),>2 cm (macro),2015-04-04,16:08:00,17:08:00,27.447242,-69.835292,transect_midpoint_arithmetic,16.7469,4,0.23885,16.7469,match,plastic-visual,accepted,accepted,принята,author_area_replaces_endpoint_distance
MPL-0230,S2:MSM41_litter-T10,S2_SARGASSO_MSM41,transect_density,S2_visual_GT2,plastic_category,plastic,>2 cm (macro),2015-04-04,16:08:00,17:08:00,27.447242,-69.835292,transect_midpoint_arithmetic,16.7469,4,0.23885,16.7469,match,,rejected,category,"отдельная категория, а не суммарная величина: plastic_category",author_area_replaces_endpoint_distance
MPL-0231,S2:MSM41_litter-T10,S2_SARGASSO_MSM41,item_observation,S2_visual_GT2,object_context,plastic,>2 cm (macro),2015-04-04,16:08:00,17:08:00,27.533783,-69.800483,observer_at_sighting,,,0.23885,,missing,,rejected,item_observation,"объектная запись: своей плотности нет, числитель трансекты по ней не восстановить",author_area_replaces_endpoint_distance;object_time_is_parent_interval
MPL-0232,S2:MSM41_litter-T12,S2_SARGASSO_MSM41,item_observation,S2_visual_GT2,object_context,plastic,>2 cm (macro),2015-04-05,14:27:00,15:27:00,25.865183,-69.953067,observer_at_sighting,,,0.09169,,missing,,rejected,item_observation,"объектная запись: своей плотности нет, числитель трансекты по ней не восстановить",author_area_replaces_endpoint_distance;object_time_is_parent_interval
MPL-0233,S2:MSM41_litter-T12,S2_SARGASSO_MSM41,transect_density,S2_visual_GT2,total_plastic,plastic (all polymers),>2 cm (macro),2015-04-05,14:27:00,15:27:00,25.890125,-69.949392,transect_midpoint_arithmetic,21.8126,2,0.09169,21.8126,match,plastic-visual,accepted,accepted,принята,author_area_replaces_endpoint_distance
MPL-0234,S2:MSM41_litter-T12,S2_SARGASSO_MSM41,transect_density,S2_visual_GT2,plastic_category,plastic,>2 cm (macro),2015-04-05,14:27:00,15:27:00,25.890125,-69.949392,transect_midpoint_arithmetic,21.8126,2,0.09169,21.8126,match,,rejected,category,"отдельная категория, а не суммарная величина: plastic_category",author_area_replaces_endpoint_distance
MPL-0235,S2:MSM41_litter-T11,S2_SARGASSO_MSM41,transect_density,S2_visual_GT2,total_plastic,plastic (all polymers),>2 cm (macro),2015-04-05,08:17:00,08:44:00,26.059658,-70.001758,transect_midpoint_arithmetic,19.333,2,0.10345,19.333,match,plastic-visual,accepted,accepted,принята,author_area_replaces_endpoint_distance
MPL-0236,S2:MSM41_litter-T11,S2_SARGASSO_MSM41,transect_density,S2_visual_GT2,plastic_category,plastic,>2 cm (macro),2015-04-05,08:17:00,08:44:00,26.059658,-70.001758,transect_midpoint_arithmetic,19.333,2,0.10345,19.333,match,,rejected,category,"отдельная категория, а не суммарная величина: plastic_category",author_area_replaces_endpoint_distance
MPL-0237,S2:MSM41_litter-T16,S2_SARGASSO_MSM41,transect_density,S2_visual_GT2,total_plastic,plastic (all polymers),>2 cm (macro),2015-04-06,18:12:00,19:12:00,24.22615,-68.922984,transect_midpoint_arithmetic,8.63782,2,0.23154,8.63782,match,plastic-visual,accepted,accepted,принята,author_area_replaces_endpoint_distance
MPL-0238,S2:MSM41_litter-T16,S2_SARGASSO_MSM41,transect_density,S2_visual_GT2,plastic_category,plastic,>2 cm (macro),2015-04-06,18:12:00,19:12:00,24.22615,-68.922984,transect_midpoint_arithmetic,8.63782,2,0.23154,8.63782,match,,rejected,category,"отдельная категория, а не суммарная величина: plastic_category",author_area_replaces_endpoint_distance
MPL-0239,S2:MSM41_litter-T16,S2_SARGASSO_MSM41,item_observation,S2_visual_GT2,object_context,plastic,>2 cm (macro),2015-04-06,18:12:00,19:12:00,24.226883,-69.925817,observer_at_sighting,,,0.23154,,missing,,rejected,item_observation,"объектная запись: своей плотности нет, числитель трансекты по ней не восстановить",author_area_replaces_endpoint_distance;object_time_is_parent_interval
MPL-0240,S2:MSM41_litter-T15,S2_SARGASSO_MSM41,item_observation,S2_visual_GT2,object_context,plastic,>2 cm (macro),2015-04-06,15:47:00,16:47:00,24.367617,-69.393917,observer_at_sighting,,,0.23024,,missing,,rejected,item_observation,"объектная запись: своей плотности нет, числитель трансекты по ней не восстановить",author_area_replaces_endpoint_distance;object_time_is_parent_interval
MPL-0241,S2:MSM41_litter-T15,S2_SARGASSO_MSM41,transect_density,S2_visual_GT2,total_plastic,plastic (all polymers),>2 cm (macro),2015-04-06,15:47:00,16:47:00,24.381,-69.437308,transect_midpoint_arithmetic,21.7165,5,0.23024,21.7165,match,plastic-visual,accepted,accepted,принята,author_area_replaces_endpoint_distance
MPL-0242,S2:MSM41_litter-T15,S2_SARGASSO_MSM41,transect_density,S2_visual_GT2,plastic_category,plastic,>2 cm (macro),2015-04-06,15:47:00,16:47:00,24.381,-69.437308,transect_midpoint_arithmetic,21.7165,5,0.23024,21.7165,match,,rejected,category,"отдельная категория, а не суммарная величина: plastic_category",author_area_replaces_endpoint_distance
MPL-0243,S2:MSM41_litter-T14,S2_SARGASSO_MSM41,item_observation,S2_visual_GT2,object_context,plastic,>2 cm (macro),2015-04-06,13:50:00,14:50:00,24.470583,-69.73675,observer_at_sighting,,,0.14255,,missing,,rejected,item_observation,"объектная запись: своей плотности нет, числитель трансекты по ней не восстановить",author_area_replaces_endpoint_distance;object_time_is_parent_interval
MPL-0244,S2:MSM41_litter-T14,S2_SARGASSO_MSM41,item_observation,S2_visual_GT2,object_context,plastic,>2 cm (macro),2015-04-06,13:50:00,14:50:00,24.480717,-69.7692,observer_at_sighting,,,0.14255,,missing,,rejected,item_observation,"объектная запись: своей плотности нет, числитель трансекты по ней не восстановить",author_area_replaces_endpoint_distance;object_time_is_parent_interval
MPL-0245,S2:MSM41_litter-T14,S2_SARGASSO_MSM41,item_observation,S2_visual_GT2,object_context,plastic,>2 cm (macro),2015-04-06,13:50:00,14:50:00,24.507483,-69.857617,observer_at_sighting,,,0.14255,,missing,,rejected,item_observation,"объектная запись: своей плотности нет, числитель трансекты по ней не восстановить",author_area_replaces_endpoint_distance;object_time_is_parent_interval
MPL-0246,S2:MSM41_litter-T14,S2_SARGASSO_MSM41,transect_density,S2_visual_GT2,total_plastic,plastic (all polymers),>2 cm (macro),2015-04-06,13:50:00,14:50:00,24.508533,-69.861,transect_midpoint_arithmetic,98.2112,14,0.14255,98.2112,match,plastic-visual,accepted,accepted,принята,author_area_replaces_endpoint_distance
MPL-0247,S2:MSM41_litter-T14,S2_SARGASSO_MSM41,transect_density,S2_visual_GT2,plastic_category,plastic,>2 cm (macro),2015-04-06,13:50:00,14:50:00,24.508533,-69.861,transect_midpoint_arithmetic,98.2112,14,0.14255,98.2112,match,,rejected,category,"отдельная категория, а не суммарная величина: plastic_category",author_area_replaces_endpoint_distance
MPL-0248,S2:MSM41_litter-T14,S2_SARGASSO_MSM41,item_observation,S2_visual_GT2,object_context,plastic,>2 cm (macro),2015-04-06,13:50:00,14:50:00,24.527083,-69.9228,observer_at_sighting,,,0.14255,,missing,,rejected,item_observation,"объектная запись: своей плотности нет, числитель трансекты по ней не восстановить",author_area_replaces_endpoint_distance;object_time_is_parent_interval
MPL-0249,S2:MSM41_litter-T13,S2_SARGASSO_MSM41,transect_density,S2_visual_GT2,total_plastic,plastic (all polymers),>2 cm (macro),2015-04-06,08:16:00,09:16:00,24.820067,-69.977716,transect_midpoint_arithmetic,17.5285,4,0.2282,17.5285,match,plastic-visual,accepted,accepted,принята,author_area_replaces_endpoint_distance
MPL-0250,S2:MSM41_litter-T13,S2_SARGASSO_MSM41,transect_density,S2_visual_GT2,plastic_category,plastic,>2 cm (macro),2015-04-06,08:16:00,09:16:00,24.820067,-69.977716,transect_midpoint_arithmetic,13.1464,3,0.2282,13.1464,match,,rejected,category,"отдельная категория, а не суммарная величина: plastic_category",author_area_replaces_endpoint_distance
MPL-0251,S2:MSM41_litter-T13,S2_SARGASSO_MSM41,transect_density,S2_visual_GT2,plastic_category,expanded polystyrene (EPS),>2 cm (macro),2015-04-06,08:16:00,09:16:00,24.820067,-69.977716,transect_midpoint_arithmetic,4.38212,1,0.2282,4.38212,match,,rejected,category,"отдельная категория, а не суммарная величина: plastic_category",author_area_replaces_endpoint_distance
MPL-0252,S2:MSM41_litter-T13,S2_SARGASSO_MSM41,item_observation,S2_visual_GT2,object_context,expanded polystyrene (EPS),>2 cm (macro),2015-04-06,08:16:00,09:16:00,24.889433,-69.971967,observer_at_sighting,,,0.2282,,missing,,rejected,item_observation,"объектная запись: своей плотности нет, числитель трансекты по ней не восстановить",author_area_replaces_endpoint_distance;object_time_is_parent_interval
MPL-0253,S2:MSM41_litter-T17,S2_SARGASSO_MSM41,item_observation,S2_visual_GT2,object_context,plastic,>2 cm (macro),2015-04-07,09:51:00,10:51:00,23.61815,-67.00475,observer_at_sighting,,,0.22844,,missing,,rejected,item_observation,"объектная запись: своей плотности нет, числитель трансекты по ней не восстановить",author_area_replaces_endpoint_distance;object_time_is_parent_interval
MPL-0254,S2:MSM41_litter-T17,S2_SARGASSO_MSM41,transect_density,S2_visual_GT2,total_plastic,plastic (all polymers),>2 cm (macro),2015-04-07,09:51:00,10:51:00,23.631092,-67.0049,transect_midpoint_arithmetic,30.6426,7,0.22844,30.6426,match,plastic-visual,accepted,accepted,принята,author_area_replaces_endpoint_distance
MPL-0255,S2:MSM41_litter-T17,S2_SARGASSO_MSM41,transect_density,S2_visual_GT2,plastic_category,plastic,>2 cm (macro),2015-04-07,09:51:00,10:51:00,23.631092,-67.0049,transect_midpoint_arithmetic,30.6426,7,0.22844,30.6426,match,,rejected,category,"отдельная категория, а не суммарная величина: plastic_category",author_area_replaces_endpoint_distance
MPL-0256,S2:MSM41_litter-T17,S2_SARGASSO_MSM41,item_observation,S2_visual_GT2,object_context,plastic,>2 cm (macro),2015-04-07,09:51:00,10:51:00,23.7069,-67.00485,observer_at_sighting,,,0.22844,,missing,,rejected,item_observation,"объектная запись: своей плотности нет, числитель трансекты по ней не восстановить",author_area_replaces_endpoint_distance;object_time_is_parent_interval
MPL-0257,S2:MSM41_litter-T18,S2_SARGASSO_MSM41,item_observation,S2_visual_GT2,object_context,plastic,>2 cm (macro),2015-04-07,16:12:00,17:24:00,24.109433,-66.952183,observer_at_sighting,,,0.22,,missing,,rejected,item_observation,"объектная запись: своей плотности нет, числитель трансекты по ней не восстановить",author_area_replaces_endpoint_distance;interrupted_transect_summary_area;summary_area_rounded_differs_from_segment_sum;object_time_is_parent_interval
MPL-0258,S2:MSM41_litter-T18,S2_SARGASSO_MSM41,item_observation,S2_visual_GT2,object_context,plastic,>2 cm (macro),2015-04-07,16:12:00,17:24:00,24.1372,-66.970833,observer_at_sighting,,,0.22,,missing,,rejected,item_observation,"объектная запись: своей плотности нет, числитель трансекты по ней не восстановить",author_area_replaces_endpoint_distance;interrupted_transect_summary_area;summary_area_rounded_differs_from_segment_sum;object_row_match_ambiguous_or_unresolved;object_time_is_parent_interval
MPL-0259,S2:MSM41_litter-T18,S2_SARGASSO_MSM41,item_observation,S2_visual_GT2,object_context,plastic,>2 cm (macro),2015-04-07,16:12:00,17:24:00,24.168817,-66.972017,observer_at_sighting,,,0.22,,missing,,rejected,item_observation,"объектная запись: своей плотности нет, числитель трансекты по ней не восстановить",author_area_replaces_endpoint_distance;interrupted_transect_summary_area;summary_area_rounded_differs_from_segment_sum;object_time_is_parent_interval
MPL-0260,S2:MSM41_litter-T18,S2_SARGASSO_MSM41,transect_density,S2_visual_GT2,total_plastic,plastic (all polymers),>2 cm (macro),2015-04-07,16:12:00,17:24:00,24.171909,-66.964783,transect_midpoint_arithmetic,63.6364,14,0.22,63.6364,match,plastic-visual,accepted,accepted,принята,author_area_replaces_endpoint_distance;interrupted_transect_summary_area;summary_area_rounded_differs_from_segment_sum
MPL-0261,S2:MSM41_litter-T18,S2_SARGASSO_MSM41,transect_density,S2_visual_GT2,plastic_category,plastic,>2 cm (macro),2015-04-07,16:12:00,17:24:00,24.171909,-66.964783,transect_midpoint_arithmetic,63.6364,14,0.22,63.6364,match,,rejected,category,"отдельная категория, а не суммарная величина: plastic_category",author_area_replaces_endpoint_distance;interrupted_transect_summary_area;summary_area_rounded_differs_from_segment_sum
MPL-0262,S2:MSM41_litter-T18,S2_SARGASSO_MSM41,item_observation,S2_visual_GT2,object_context,plastic,>2 cm (macro),2015-04-07,16:12:00,17:24:00,24.196383,-66.973133,observer_at_sighting,,,0.22,,missing,,rejected,item_observation,"объектная запись: своей плотности нет, числитель трансекты по ней не восстановить",author_area_replaces_endpoint_distance;interrupted_transect_summary_area;summary_area_rounded_differs_from_segment_sum;object_time_is_parent_interval
MPL-0263,S2:MSM41_litter-T19,S2_SARGASSO_MSM41,item_observation,S2_visual_GT2,object_context,plastic,>2 cm (macro),2015-04-08,08:15:00,09:15:00,25.27395,-66.900483,observer_at_sighting,,,0.23233,,missing,,rejected,item_observation,"объектная запись: своей плотности нет, числитель трансекты по ней не восстановить",author_area_replaces_endpoint_distance;object_time_is_parent_interval
MPL-0264,S2:MSM41_litter-T19,S2_SARGASSO_MSM41,transect_density,S2_visual_GT2,total_plastic,plastic (all polymers),>2 cm (macro),2015-04-08,08:15:00,09:15:00,25.320633,-66.907584,transect_midpoint_arithmetic,12.9127,3,0.23233,12.9127,match,plastic-visual,accepted,accepted,принята,author_area_replaces_endpoint_distance
MPL-0265,S2:MSM41_litter-T19,S2_SARGASSO_MSM41,transect_density,S2_visual_GT2,plastic_category,plastic,>2 cm (macro),2015-04-08,08:15:00,09:15:00,25.320633,-66.907584,transect_midpoint_arithmetic,12.9127,3,0.23233,12.9127,match,,rejected,category,"отдельная категория, а не суммарная величина: plastic_category",author_area_replaces_endpoint_distance
MPL-0266,S2:MSM41_litter-T20,S2_SARGASSO_MSM41,item_observation,S2_visual_GT2,object_context,plastic,>2 cm (macro),2015-04-08,10:11:00,11:11:00,25.646183,-66.954333,observer_at_sighting,,,0.2278,,missing,,rejected,item_observation,"объектная запись: своей плотности нет, числитель трансекты по ней не восстановить",author_area_replaces_endpoint_distance;object_time_is_parent_interval
MPL-0267,S2:MSM41_litter-T20,S2_SARGASSO_MSM41,transect_density,S2_visual_GT2,total_plastic,plastic (all polymers),>2 cm (macro),2015-04-08,10:11:00,11:11:00,25.718666,-66.96495,transect_midpoint_arithmetic,30.7287,7,0.2278,30.7287,match,plastic-visual,accepted,accepted,принята,author_area_replaces_endpoint_distance
MPL-0268,S2:MSM41_litter-T20,S2_SARGASSO_MSM41,transect_density,S2_visual_GT2,plastic_category,plastic,>2 cm (macro),2015-04-08,10:11:00,11:11:00,25.718666,-66.96495,transect_midpoint_arithmetic,30.7287,7,0.2278,30.7287,match,,rejected,category,"отдельная категория, а не суммарная величина: plastic_category",author_area_replaces_endpoint_distance
MPL-0269,S2:MSM41_litter-T20,S2_SARGASSO_MSM41,item_observation,S2_visual_GT2,object_context,plastic,>2 cm (macro),2015-04-08,10:11:00,11:11:00,25.726617,-66.9659,observer_at_sighting,,,0.2278,,missing,,rejected,item_observation,"объектная запись: своей плотности нет, числитель трансекты по ней не восстановить",author_area_replaces_endpoint_distance;object_time_is_parent_interval
MPL-0270,S2:MSM41_litter-T21,S2_SARGASSO_MSM41,item_observation,S2_visual_GT2,object_context,plastic,>2 cm (macro),2015-04-08,17:54:00,18:54:00,26.065183,-66.93525,observer_at_sighting,,,0.2422,,missing,,rejected,item_observation,"объектная запись: своей плотности нет, числитель трансекты по ней не восстановить",author_area_replaces_endpoint_distance;object_time_is_parent_interval
MPL-0271,S2:MSM41_litter-T21,S2_SARGASSO_MSM41,transect_density,S2_visual_GT2,total_plastic,plastic (all polymers),>2 cm (macro),2015-04-08,17:54:00,18:54:00,26.122325,-66.939225,transect_midpoint_arithmetic,33.0306,8,0.2422,33.0306,match,plastic-visual,accepted,accepted,принята,author_area_replaces_endpoint_distance
MPL-0272,S2:MSM41_litter-T21,S2_SARGASSO_MSM41,transect_density,S2_visual_GT2,plastic_category,plastic,>2 cm (macro),2015-04-08,17:54:00,18:54:00,26.122325,-66.939225,transect_midpoint_arithmetic,33.0306,8,0.2422,33.0306,match,,rejected,category,"отдельная категория, а не суммарная величина: plastic_category",author_area_replaces_endpoint_distance
MPL-0273,S2:MSM41_litter-T21,S2_SARGASSO_MSM41,item_observation,S2_visual_GT2,object_context,plastic,>2 cm (macro),2015-04-08,17:54:00,18:54:00,26.199067,-66.944767,observer_at_sighting,,,0.2422,,missing,,rejected,item_observation,"объектная запись: своей плотности нет, числитель трансекты по ней не восстановить",author_area_replaces_endpoint_distance;object_time_is_parent_interval
MPL-0274,S2:MSM41_litter-T21,S2_SARGASSO_MSM41,item_observation,S2_visual_GT2,object_context,plastic,>2 cm (macro),2015-04-08,17:54:00,18:54:00,26.221883,-66.9365,observer_at_sighting,,,0.2422,,missing,,rejected,item_observation,"объектная запись: своей плотности нет, числитель трансекты по ней не восстановить",author_area_replaces_endpoint_distance;object_time_is_parent_interval
MPL-0275,S2:MSM41_litter-T22,S2_SARGASSO_MSM41,item_observation,S2_visual_GT2,object_context,plastic,>2 cm (macro),2015-04-09,08:05:00,09:11:00,27.63815,-66.969967,observer_at_sighting,,,0.24,,missing,,rejected,item_observation,"объектная запись: своей плотности нет, числитель трансекты по ней не восстановить",author_area_replaces_endpoint_distance;interrupted_transect_summary_area;summary_area_rounded_differs_from_segment_sum;companion_count_differs_sum_float_items;object_time_is_parent_interval
MPL-0276,S2:MSM41_litter-T22,S2_SARGASSO_MSM41,item_observation,S2_visual_GT2,object_context,plastic,>2 cm (macro),2015-04-09,08:05:00,09:11:00,27.70865,-66.976767,observer_at_sighting,,,0.24,,missing,,rejected,item_observation,"объектная запись: своей плотности нет, числитель трансекты по ней не восстановить",author_area_replaces_endpoint_distance;interrupted_transect_summary_area;summary_area_rounded_differs_from_segment_sum;companion_count_differs_sum_float_items;object_time_is_parent_interval
MPL-0277,S2:MSM41_litter-T22,S2_SARGASSO_MSM41,transect_density,S2_visual_GT2,total_plastic,plastic (all polymers),>2 cm (macro),2015-04-09,08:05:00,09:11:00,27.715733,-66.977675,transect_midpoint_arithmetic,41.6667,10,0.24,41.6667,match,plastic-visual,accepted,accepted,принята,author_area_replaces_endpoint_distance;interrupted_transect_summary_area;summary_area_rounded_differs_from_segment_sum;companion_count_differs_sum_float_items
MPL-0278,S2:MSM41_litter-T22,S2_SARGASSO_MSM41,transect_density,S2_visual_GT2,plastic_category,plastic,>2 cm (macro),2015-04-09,08:05:00,09:11:00,27.715733,-66.977675,transect_midpoint_arithmetic,41.6667,10,0.24,41.6667,match,,rejected,category,"отдельная категория, а не суммарная величина: plastic_category",author_area_replaces_endpoint_distance;interrupted_transect_summary_area;summary_area_rounded_differs_from_segment_sum;companion_count_differs_sum_float_items
MPL-0279,S2:MSM41_litter-T22,S2_SARGASSO_MSM41,item_observation,S2_visual_GT2,object_context,plastic,>2 cm (macro),2015-04-09,08:05:00,09:11:00,27.735467,-66.979483,observer_at_sighting,,,0.24,,missing,,rejected,item_observation,"объектная запись: своей плотности нет, числитель трансекты по ней не восстановить",author_area_replaces_endpoint_distance;interrupted_transect_summary_area;summary_area_rounded_differs_from_segment_sum;companion_count_differs_sum_float_items;object_time_is_parent_interval
MPL-0280,S2:MSM41_litter-T23,S2_SARGASSO_MSM41,item_observation,S2_visual_GT2,object_context,plastic,>2 cm (macro),2015-04-09,15:36:00,16:36:00,28.128833,-66.913417,observer_at_sighting,,,0.24491,,missing,,rejected,item_observation,"объектная запись: своей плотности нет, числитель трансекты по ней не восстановить",author_area_replaces_endpoint_distance;companion_count_differs_sum_float_items;object_time_is_parent_interval
MPL-0281,S2:MSM41_litter-T23,S2_SARGASSO_MSM41,item_observation,S2_visual_GT2,object_context,plastic,>2 cm (macro),2015-04-09,15:36:00,16:36:00,28.136133,-66.91405,observer_at_sighting,,,0.24491,,missing,,rejected,item_observation,"объектная запись: своей плотности нет, числитель трансекты по ней не восстановить",author_area_replaces_endpoint_distance;companion_count_differs_sum_float_items;object_row_match_ambiguous_or_unresolved;object_time_is_parent_interval
MPL-0282,S2:MSM41_litter-T23,S2_SARGASSO_MSM41,item_observation,S2_visual_GT2,object_context,plastic,>2 cm (macro),2015-04-09,15:36:00,16:36:00,28.193067,-66.920067,observer_at_sighting,,,0.24491,,missing,,rejected,item_observation,"объектная запись: своей плотности нет, числитель трансекты по ней не восстановить",author_area_replaces_endpoint_distance;companion_count_differs_sum_float_items;object_time_is_parent_interval
MPL-0283,S2:MSM41_litter-T23,S2_SARGASSO_MSM41,transect_density,S2_visual_GT2,total_plastic,plastic (all polymers),>2 cm (macro),2015-04-09,15:36:00,16:36:00,28.200058,-66.920958,transect_midpoint_arithmetic,73.4964,18,0.24491,73.4964,match,plastic-visual,accepted,accepted,принята,author_area_replaces_endpoint_distance;companion_count_differs_sum_float_items
MPL-0284,S2:MSM41_litter-T23,S2_SARGASSO_MSM41,transect_density,S2_visual_GT2,plastic_category,plastic,>2 cm (macro),2015-04-09,15:36:00,16:36:00,28.200058,-66.920958,transect_midpoint_arithmetic,73.4964,18,0.24491,73.4964,match,,rejected,category,"отдельная категория, а не суммарная величина: plastic_category",author_area_replaces_endpoint_distance;companion_count_differs_sum_float_items
MPL-0285,S2:MSM41_litter-T23,S2_SARGASSO_MSM41,item_observation,S2_visual_GT2,object_context,plastic,>2 cm (macro),2015-04-09,15:36:00,16:36:00,28.268817,-66.927883,observer_at_sighting,,,0.24491,,missing,,rejected,item_observation,"объектная запись: своей плотности нет, числитель трансекты по ней не восстановить",author_area_replaces_endpoint_distance;companion_count_differs_sum_float_items;object_time_is_parent_interval
MPL-0286,S2:MSM41_litter-T23,S2_SARGASSO_MSM41,item_observation,S2_visual_GT2,object_context,plastic,>2 cm (macro),2015-04-09,15:36:00,16:36:00,28.27935,-66.929183,observer_at_sighting,,,0.24491,,missing,,rejected,item_observation,"объектная запись: своей плотности нет, числитель трансекты по ней не восстановить",author_area_replaces_endpoint_distance;companion_count_differs_sum_float_items;object_time_is_parent_interval
MPL-0287,S2:MSM41_litter-T24,S2_SARGASSO_MSM41,item_observation,S2_visual_GT2,object_context,plastic,>2 cm (macro),2015-04-09,18:27:00,19:27:00,28.78705,-66.982717,observer_at_sighting,,,0.235,,missing,,rejected,item_observation,"объектная запись: своей плотности нет, числитель трансекты по ней не восстановить",author_area_replaces_endpoint_distance;object_time_is_parent_interval
MPL-0288,S2:MSM41_litter-T24,S2_SARGASSO_MSM41,item_observation,S2_visual_GT2,object_context,plastic,>2 cm (macro),2015-04-09,18:27:00,19:27:00,28.8132,-66.985667,observer_at_sighting,,,0.235,,missing,,rejected,item_observation,"объектная запись: своей плотности нет, числитель трансекты по ней не восстановить",author_area_replaces_endpoint_distance;object_time_is_parent_interval
MPL-0289,S2:MSM41_litter-T24,S2_SARGASSO_MSM41,transect_density,S2_visual_GT2,total_plastic,plastic (all polymers),>2 cm (macro),2015-04-09,18:27:00,19:27:00,28.813958,-66.986041,transect_midpoint_arithmetic,97.8723,23,0.235,97.8723,match,plastic-visual,accepted,accepted,принята,author_area_replaces_endpoint_distance
MPL-0290,S2:MSM41_litter-T24,S2_SARGASSO_MSM41,transect_density,S2_visual_GT2,plastic_category,plastic,>2 cm (macro),2015-04-09,18:27:00,19:27:00,28.813958,-66.986041,transect_midpoint_arithmetic,97.8723,23,0.235,97.8723,match,,rejected,category,"отдельная категория, а не суммарная величина: plastic_category",author_area_replaces_endpoint_distance
MPL-0291,S2:MSM41_litter-T24,S2_SARGASSO_MSM41,item_observation,S2_visual_GT2,object_context,plastic,>2 cm (macro),2015-04-09,18:27:00,19:27:00,28.8403,-66.98865,observer_at_sighting,,,0.235,,missing,,rejected,item_observation,"объектная запись: своей плотности нет, числитель трансекты по ней не восстановить",author_area_replaces_endpoint_distance;object_time_is_parent_interval
MPL-0292,S2:MSM41_litter-T24,S2_SARGASSO_MSM41,item_observation,S2_visual_GT2,object_context,plastic,>2 cm (macro),2015-04-09,18:27:00,19:27:00,28.855883,-66.990333,observer_at_sighting,,,0.235,,missing,,rejected,item_observation,"объектная запись: своей плотности нет, числитель трансекты по ней не восстановить",author_area_replaces_endpoint_distance;object_time_is_parent_interval
MPL-0293,S2:MSM41_litter-T24,S2_SARGASSO_MSM41,item_observation,S2_visual_GT2,object_context,plastic,>2 cm (macro),2015-04-09,18:27:00,19:27:00,28.861367,-66.99085,observer_at_sighting,,,0.235,,missing,,rejected,item_observation,"объектная запись: своей плотности нет, числитель трансекты по ней не восстановить",author_area_replaces_endpoint_distance;object_time_is_parent_interval
MPL-0294,S2:MSM41_litter-T24,S2_SARGASSO_MSM41,item_observation,S2_visual_GT2,object_context,plastic,>2 cm (macro),2015-04-09,18:27:00,19:27:00,28.9089,-66.996,observer_at_sighting,,,0.235,,missing,,rejected,item_observation,"объектная запись: своей плотности нет, числитель трансекты по ней не восстановить",author_area_replaces_endpoint_distance;object_time_is_parent_interval
MPL-0295,S2:MSM41_litter-T25,S2_SARGASSO_MSM41,item_observation,S2_visual_GT2,object_context,plastic,>2 cm (macro),2015-04-10,14:44:00,15:44:00,30.246633,-66.90105,observer_at_sighting,,,0.23959,,missing,,rejected,item_observation,"объектная запись: своей плотности нет, числитель трансекты по ней не восстановить",author_area_replaces_endpoint_distance;companion_count_differs_sum_float_items;object_time_is_parent_interval
MPL-0296,S2:MSM41_litter-T25,S2_SARGASSO_MSM41,item_observation,S2_visual_GT2,object_context,plastic,>2 cm (macro),2015-04-10,14:44:00,15:44:00,30.34445,-66.914417,observer_at_sighting,,,0.23959,,missing,,rejected,item_observation,"объектная запись: своей плотности нет, числитель трансекты по ней не восстановить",author_area_replaces_endpoint_distance;companion_count_differs_sum_float_items;object_time_is_parent_interval
MPL-0297,S2:MSM41_litter-T25,S2_SARGASSO_MSM41,transect_density,S2_visual_GT2,total_plastic,plastic (all polymers),>2 cm (macro),2015-04-10,14:44:00,15:44:00,30.345483,-66.914183,transect_midpoint_arithmetic,91.8235,22,0.23959,91.8235,match,plastic-visual,accepted,accepted,принята,author_area_replaces_endpoint_distance;companion_count_differs_sum_float_items
MPL-0298,S2:MSM41_litter-T25,S2_SARGASSO_MSM41,transect_density,S2_visual_GT2,plastic_category,plastic,>2 cm (macro),2015-04-10,14:44:00,15:44:00,30.345483,-66.914183,transect_midpoint_arithmetic,91.8235,22,0.23959,91.8235,match,,rejected,category,"отдельная категория, а не суммарная величина: plastic_category",author_area_replaces_endpoint_distance;companion_count_differs_sum_float_items
MPL-0299,S2:MSM41_litter-T25,S2_SARGASSO_MSM41,item_observation,S2_visual_GT2,object_context,plastic,>2 cm (macro),2015-04-10,14:44:00,15:44:00,30.373,-66.918117,observer_at_sighting,,,0.23959,,missing,,rejected,item_observation,"объектная запись: своей плотности нет, числитель трансекты по ней не восстановить",author_area_replaces_endpoint_distance;companion_count_differs_sum_float_items;object_time_is_parent_interval
MPL-0300,S2:MSM41_litter-T25,S2_SARGASSO_MSM41,item_observation,S2_visual_GT2,object_context,plastic,>2 cm (macro),2015-04-10,14:44:00,15:44:00,30.388217,-66.9201,observer_at_sighting,,,0.23959,,missing,,rejected,item_observation,"объектная запись: своей плотности нет, числитель трансекты по ней не восстановить",author_area_replaces_endpoint_distance;companion_count_differs_sum_float_items;object_time_is_parent_interval
MPL-0301,S2:MSM41_litter-T25,S2_SARGASSO_MSM41,item_observation,S2_visual_GT2,object_context,plastic,>2 cm (macro),2015-04-10,14:44:00,15:44:00,30.4436,-66.92725,observer_at_sighting,,,0.23959,,missing,,rejected,item_observation,"объектная запись: своей плотности нет, числитель трансекты по ней не восстановить",author_area_replaces_endpoint_distance;companion_count_differs_sum_float_items;object_row_match_ambiguous_or_unresolved;object_time_is_parent_interval
MPL-0302,S2:MSM41_litter-T26,S2_SARGASSO_MSM41,transect_density,S2_visual_GT2,total_plastic,plastic (all polymers),>2 cm (macro),2015-04-10,18:37:00,19:05:00,30.926767,-66.995858,transect_midpoint_arithmetic,32.6931,4,0.12235,32.6931,match,plastic-visual,accepted,accepted,принята,author_area_replaces_endpoint_distance
MPL-0303,S2:MSM41_litter-T26,S2_SARGASSO_MSM41,transect_density,S2_visual_GT2,plastic_category,plastic,>2 cm (macro),2015-04-10,18:37:00,19:05:00,30.926767,-66.995858,transect_midpoint_arithmetic,32.6931,4,0.12235,32.6931,match,,rejected,category,"отдельная категория, а не суммарная величина: plastic_category",author_area_replaces_endpoint_distance
MPL-0304,S2:MSM41_litter-T26,S2_SARGASSO_MSM41,item_observation,S2_visual_GT2,object_context,plastic,>2 cm (macro),2015-04-10,18:37:00,19:05:00,30.9567,-66.999767,observer_at_sighting,,,0.12235,,missing,,rejected,item_observation,"объектная запись: своей плотности нет, числитель трансекты по ней не восстановить",author_area_replaces_endpoint_distance;object_time_is_parent_interval
MPL-0305,S2:MSM41_litter-T27,S2_SARGASSO_MSM41,item_observation,S2_visual_GT2,object_context,plastic,>2 cm (macro),2015-04-11,08:01:00,09:02:00,30.99705,-66.561567,observer_at_sighting,,,0.22925,,missing,,rejected,item_observation,"объектная запись: своей плотности нет, числитель трансекты по ней не восстановить",author_area_replaces_endpoint_distance;object_time_is_parent_interval
MPL-0306,S2:MSM41_litter-T27,S2_SARGASSO_MSM41,item_observation,S2_visual_GT2,object_context,plastic,>2 cm (macro),2015-04-11,08:01:00,09:02:00,30.997117,-66.4958,observer_at_sighting,,,0.22925,,missing,,rejected,item_observation,"объектная запись: своей плотности нет, числитель трансекты по ней не восстановить",author_area_replaces_endpoint_distance;object_row_match_ambiguous_or_unresolved;object_time_is_parent_interval
MPL-0307,S2:MSM41_litter-T29,S2_SARGASSO_MSM41,item_observation,S2_visual_GT2,object_context,plastic,>2 cm (macro),2015-04-11,15:03:00,16:01:00,30.99715,-65.80935,observer_at_sighting,,,0.23251,,missing,,rejected,item_observation,"объектная запись: своей плотности нет, числитель трансекты по ней не восстановить",author_area_replaces_endpoint_distance;object_time_is_parent_interval
MPL-0308,S2:MSM41_litter-T29,S2_SARGASSO_MSM41,item_observation,S2_visual_GT2,object_context,plastic,>2 cm (macro),2015-04-11,15:03:00,16:01:00,30.997167,-65.873717,observer_at_sighting,,,0.23251,,missing,,rejected,item_observation,"объектная запись: своей плотности нет, числитель трансекты по ней не восстановить",author_area_replaces_endpoint_distance;object_time_is_parent_interval
MPL-0309,S2:MSM41_litter-T27,S2_SARGASSO_MSM41,transect_density,S2_visual_GT2,total_plastic,plastic (all polymers),>2 cm (macro),2015-04-11,08:01:00,09:02:00,30.997183,-66.595009,transect_midpoint_arithmetic,61.0687,14,0.22925,61.0687,match,plastic-visual,accepted,accepted,принята,author_area_replaces_endpoint_distance
MPL-0310,S2:MSM41_litter-T27,S2_SARGASSO_MSM41,transect_density,S2_visual_GT2,plastic_category,plastic,>2 cm (macro),2015-04-11,08:01:00,09:02:00,30.997183,-66.595009,transect_midpoint_arithmetic,61.0687,14,0.22925,61.0687,match,,rejected,category,"отдельная категория, а не суммарная величина: plastic_category",author_area_replaces_endpoint_distance
MPL-0311,S2:MSM41_litter-T29,S2_SARGASSO_MSM41,transect_density,S2_visual_GT2,total_plastic,plastic (all polymers),>2 cm (macro),2015-04-11,15:03:00,16:01:00,30.997183,-64.883,transect_midpoint_arithmetic,60.2125,14,0.23251,60.2125,match,plastic-visual,accepted,accepted,принята,author_area_replaces_endpoint_distance
MPL-0312,S2:MSM41_litter-T29,S2_SARGASSO_MSM41,transect_density,S2_visual_GT2,plastic_category,plastic,>2 cm (macro),2015-04-11,15:03:00,16:01:00,30.997183,-64.883,transect_midpoint_arithmetic,55.9116,13,0.23251,55.9116,match,,rejected,category,"отдельная категория, а не суммарная величина: plastic_category",author_area_replaces_endpoint_distance
MPL-0313,S2:MSM41_litter-T29,S2_SARGASSO_MSM41,transect_density,S2_visual_GT2,plastic_category,expanded polystyrene (EPS),>2 cm (macro),2015-04-11,15:03:00,16:01:00,30.997183,-64.883,transect_midpoint_arithmetic,4.30089,1,0.23251,4.30089,match,,rejected,category,"отдельная категория, а не суммарная величина: plastic_category",author_area_replaces_endpoint_distance
MPL-0314,S2:MSM41_litter-T29,S2_SARGASSO_MSM41,item_observation,S2_visual_GT2,object_context,expanded polystyrene (EPS),>2 cm (macro),2015-04-11,15:03:00,16:01:00,30.997183,-65.940717,observer_at_sighting,,,0.23251,,missing,,rejected,item_observation,"объектная запись: своей плотности нет, числитель трансекты по ней не восстановить",author_area_replaces_endpoint_distance;object_time_is_parent_interval
MPL-0315,S2:MSM41_litter-T27,S2_SARGASSO_MSM41,item_observation,S2_visual_GT2,object_context,plastic,>2 cm (macro),2015-04-11,08:01:00,09:02:00,30.9972,-66.485167,observer_at_sighting,,,0.22925,,missing,,rejected,item_observation,"объектная запись: своей плотности нет, числитель трансекты по ней не восстановить",author_area_replaces_endpoint_distance;object_time_is_parent_interval
MPL-0316,S2:MSM41_litter-T29,S2_SARGASSO_MSM41,item_observation,S2_visual_GT2,object_context,plastic,>2 cm (macro),2015-04-11,15:03:00,16:01:00,30.997233,-65.947333,observer_at_sighting,,,0.23251,,missing,,rejected,item_observation,"объектная запись: своей плотности нет, числитель трансекты по ней не восстановить",author_area_replaces_endpoint_distance;object_time_is_parent_interval
MPL-0317,S2:MSM41_litter-T28,S2_SARGASSO_MSM41,item_observation,S2_visual_GT2,object_context,plastic,>2 cm (macro),2015-04-11,10:35:00,11:35:00,30.997267,-65.997267,observer_at_sighting,,,0.23783,,missing,,rejected,item_observation,"объектная запись: своей плотности нет, числитель трансекты по ней не восстановить",author_area_replaces_endpoint_distance;object_row_match_ambiguous_or_unresolved;object_time_is_parent_interval
MPL-0318,S2:MSM41_litter-T27,S2_SARGASSO_MSM41,item_observation,S2_visual_GT2,object_context,plastic,>2 cm (macro),2015-04-11,08:01:00,09:02:00,30.997283,-66.704,observer_at_sighting,,,0.22925,,missing,,rejected,item_observation,"объектная запись: своей плотности нет, числитель трансекты по ней не восстановить",author_area_replaces_endpoint_distance;object_time_is_parent_interval
MPL-0319,S2:MSM41_litter-T28,S2_SARGASSO_MSM41,item_observation,S2_visual_GT2,object_context,plastic,>2 cm (macro),2015-04-11,10:35:00,11:35:00,30.997283,-66.035417,observer_at_sighting,,,0.23783,,missing,,rejected,item_observation,"объектная запись: своей плотности нет, числитель трансекты по ней не восстановить",author_area_replaces_endpoint_distance;object_time_is_parent_interval
MPL-0320,S2:MSM41_litter-T28,S2_SARGASSO_MSM41,transect_density,S2_visual_GT2,total_plastic,plastic (all polymers),>2 cm (macro),2015-04-11,10:35:00,11:35:00,30.997284,-65.979391,transect_midpoint_arithmetic,54.6609,13,0.23783,54.6609,match,plastic-visual,accepted,accepted,принята,author_area_replaces_endpoint_distance
MPL-0321,S2:MSM41_litter-T28,S2_SARGASSO_MSM41,transect_density,S2_visual_GT2,plastic_category,plastic,>2 cm (macro),2015-04-11,10:35:00,11:35:00,30.997284,-65.979391,transect_midpoint_arithmetic,50.4562,12,0.23783,50.4562,match,,rejected,category,"отдельная категория, а не суммарная величина: plastic_category",author_area_replaces_endpoint_distance
MPL-0322,S2:MSM41_litter-T28,S2_SARGASSO_MSM41,transect_density,S2_visual_GT2,plastic_category,expanded polystyrene (EPS),>2 cm (macro),2015-04-11,10:35:00,11:35:00,30.997284,-65.979391,transect_midpoint_arithmetic,4.20468,1,0.23783,4.20468,match,,rejected,category,"отдельная категория, а не суммарная величина: plastic_category",author_area_replaces_endpoint_distance
MPL-0323,S2:MSM41_litter-T28,S2_SARGASSO_MSM41,item_observation,S2_visual_GT2,object_context,plastic,>2 cm (macro),2015-04-11,10:35:00,11:35:00,30.9973,-65.870217,observer_at_sighting,,,0.23783,,missing,,rejected,item_observation,"объектная запись: своей плотности нет, числитель трансекты по ней не восстановить",author_area_replaces_endpoint_distance;object_time_is_parent_interval
MPL-0324,S2:MSM41_litter-T28,S2_SARGASSO_MSM41,item_observation,S2_visual_GT2,object_context,plastic,>2 cm (macro),2015-04-11,10:35:00,11:35:00,30.997317,-65.93575,observer_at_sighting,,,0.23783,,missing,,rejected,item_observation,"объектная запись: своей плотности нет, числитель трансекты по ней не восстановить",author_area_replaces_endpoint_distance;object_row_match_ambiguous_or_unresolved;object_time_is_parent_interval
MPL-0325,S2:MSM41_litter-T27,S2_SARGASSO_MSM41,item_observation,S2_visual_GT2,object_context,plastic,>2 cm (macro),2015-04-11,08:01:00,09:02:00,30.998883,-66.63565,observer_at_sighting,,,0.22925,,missing,,rejected,item_observation,"объектная запись: своей плотности нет, числитель трансекты по ней не восстановить",author_area_replaces_endpoint_distance;object_time_is_parent_interval
MPL-0326,S2:MSM41_litter-T32,S2_SARGASSO_MSM41,item_observation,S2_visual_GT2,object_context,plastic,>2 cm (macro),2015-04-12,16:31:00,17:31:00,29.758,-64.058533,observer_at_sighting,,,0.23162,,missing,,rejected,item_observation,"объектная запись: своей плотности нет, числитель трансекты по ней не восстановить",author_area_replaces_endpoint_distance;object_time_is_parent_interval
MPL-0327,S2:MSM41_litter-T32,S2_SARGASSO_MSM41,item_observation,S2_visual_GT2,object_context,plastic,>2 cm (macro),2015-04-12,16:31:00,17:31:00,29.786833,-64.054267,observer_at_sighting,,,0.23162,,missing,,rejected,item_observation,"объектная запись: своей плотности нет, числитель трансекты по ней не восстановить",author_area_replaces_endpoint_distance;object_row_match_ambiguous_or_unresolved;object_time_is_parent_interval
MPL-0328,S2:MSM41_litter-T32,S2_SARGASSO_MSM41,item_observation,S2_visual_GT2,object_context,expanded polystyrene (EPS),>2 cm (macro),2015-04-12,16:31:00,17:31:00,29.804283,-64.055417,observer_at_sighting,,,0.23162,,missing,,rejected,item_observation,"объектная запись: своей плотности нет, числитель трансекты по ней не восстановить",author_area_replaces_endpoint_distance;object_time_is_parent_interval
MPL-0329,S2:MSM41_litter-T32,S2_SARGASSO_MSM41,transect_density,S2_visual_GT2,total_plastic,plastic (all polymers),>2 cm (macro),2015-04-12,16:31:00,17:31:00,29.8256,-64.056933,transect_midpoint_arithmetic,69.0787,16,0.23162,69.0787,match,plastic-visual,accepted,accepted,принята,author_area_replaces_endpoint_distance
MPL-0330,S2:MSM41_litter-T32,S2_SARGASSO_MSM41,transect_density,S2_visual_GT2,plastic_category,plastic,>2 cm (macro),2015-04-12,16:31:00,17:31:00,29.8256,-64.056933,transect_midpoint_arithmetic,64.7612,15,0.23162,64.7612,match,,rejected,category,"отдельная категория, а не суммарная величина: plastic_category",author_area_replaces_endpoint_distance
MPL-0331,S2:MSM41_litter-T32,S2_SARGASSO_MSM41,transect_density,S2_visual_GT2,plastic_category,expanded polystyrene (EPS),>2 cm (macro),2015-04-12,16:31:00,17:31:00,29.8256,-64.056933,transect_midpoint_arithmetic,4.31742,1,0.23162,4.31742,match,,rejected,category,"отдельная категория, а не суммарная величина: plastic_category",author_area_replaces_endpoint_distance
MPL-0332,S2:MSM41_litter-T32,S2_SARGASSO_MSM41,item_observation,S2_visual_GT2,object_context,plastic,>2 cm (macro),2015-04-12,16:31:00,17:31:00,29.906567,-64.062283,observer_at_sighting,,,0.23162,,missing,,rejected,item_observation,"объектная запись: своей плотности нет, числитель трансекты по ней не восстановить",author_area_replaces_endpoint_distance;object_time_is_parent_interval
MPL-0333,S2:MSM41_litter-T32,S2_SARGASSO_MSM41,item_observation,S2_visual_GT2,object_context,plastic,>2 cm (macro),2015-04-12,16:31:00,17:31:00,29.9225,-64.063367,observer_at_sighting,,,0.23162,,missing,,rejected,item_observation,"объектная запись: своей плотности нет, числитель трансекты по ней не восстановить",author_area_replaces_endpoint_distance;object_row_match_ambiguous_or_unresolved;object_time_is_parent_interval
MPL-0334,S2:MSM41_litter-T31,S2_SARGASSO_MSM41,item_observation,S2_visual_GT2,object_context,plastic,>2 cm (macro),2015-04-12,09:58:00,10:58:00,30.09385,-64.017433,observer_at_sighting,,,0.2205,,missing,,rejected,item_observation,"объектная запись: своей плотности нет, числитель трансекты по ней не восстановить",author_area_replaces_endpoint_distance;object_time_is_parent_interval
MPL-0335,S2:MSM41_litter-T31,S2_SARGASSO_MSM41,item_observation,S2_visual_GT2,object_context,plastic,>2 cm (macro),2015-04-12,09:58:00,10:58:00,30.164717,-64.025783,observer_at_sighting,,,0.2205,,missing,,rejected,item_observation,"объектная запись: своей плотности нет, числитель трансекты по ней не восстановить",author_area_replaces_endpoint_distance;object_time_is_parent_interval
MPL-0336,S2:MSM41_litter-T31,S2_SARGASSO_MSM41,transect_density,S2_visual_GT2,total_plastic,plastic (all polymers),>2 cm (macro),2015-04-12,09:58:00,10:58:00,30.177558,-64.0276,transect_midpoint_arithmetic,77.0975,17,0.2205,77.0975,match,plastic-visual,accepted,accepted,принята,author_area_replaces_endpoint_distance
MPL-0337,S2:MSM41_litter-T31,S2_SARGASSO_MSM41,transect_density,S2_visual_GT2,plastic_category,plastic,>2 cm (macro),2015-04-12,09:58:00,10:58:00,30.177558,-64.0276,transect_midpoint_arithmetic,77.0975,17,0.2205,77.0975,match,,rejected,category,"отдельная категория, а не суммарная величина: plastic_category",author_area_replaces_endpoint_distance
MPL-0338,S2:MSM41_litter-T31,S2_SARGASSO_MSM41,item_observation,S2_visual_GT2,object_context,plastic,>2 cm (macro),2015-04-12,09:58:00,10:58:00,30.202583,-64.030533,observer_at_sighting,,,0.2205,,missing,,rejected,item_observation,"объектная запись: своей плотности нет, числитель трансекты по ней не восстановить",author_area_replaces_endpoint_distance;object_time_is_parent_interval
MPL-0339,S2:MSM41_litter-T31,S2_SARGASSO_MSM41,item_observation,S2_visual_GT2,object_context,plastic,>2 cm (macro),2015-04-12,09:58:00,10:58:00,30.228333,-64.03375,observer_at_sighting,,,0.2205,,missing,,rejected,item_observation,"объектная запись: своей плотности нет, числитель трансекты по ней не восстановить",author_area_replaces_endpoint_distance;object_time_is_parent_interval
MPL-0340,S2:MSM41_litter-T31,S2_SARGASSO_MSM41,item_observation,S2_visual_GT2,object_context,plastic,>2 cm (macro),2015-04-12,09:58:00,10:58:00,30.251433,-64.038033,observer_at_sighting,,,0.2205,,missing,,rejected,item_observation,"объектная запись: своей плотности нет, числитель трансекты по ней не восстановить",author_area_replaces_endpoint_distance;object_row_match_ambiguous_or_unresolved;object_time_is_parent_interval
MPL-0341,S2:MSM41_litter-T30,S2_SARGASSO_MSM41,item_observation,S2_visual_GT2,object_context,plastic,>2 cm (macro),2015-04-12,07:59:00,08:59:00,30.534983,-64.0712,observer_at_sighting,,,0.21932,,missing,,rejected,item_observation,"объектная запись: своей плотности нет, числитель трансекты по ней не восстановить",author_area_replaces_endpoint_distance;object_time_is_parent_interval
MPL-0342,S2:MSM41_litter-T30,S2_SARGASSO_MSM41,transect_density,S2_visual_GT2,total_plastic,plastic (all polymers),>2 cm (macro),2015-04-12,07:59:00,08:59:00,30.562475,-64.074683,transect_midpoint_arithmetic,22.7977,5,0.21932,22.7977,match,plastic-visual,accepted,accepted,принята,author_area_replaces_endpoint_distance
MPL-0343,S2:MSM41_litter-T30,S2_SARGASSO_MSM41,transect_density,S2_visual_GT2,plastic_category,plastic,>2 cm (macro),2015-04-12,07:59:00,08:59:00,30.562475,-64.074683,transect_midpoint_arithmetic,22.7977,5,0.21932,22.7977,match,,rejected,category,"отдельная категория, а не суммарная величина: plastic_category",author_area_replaces_endpoint_distance
MPL-0344,S2:MSM41_litter-T30,S2_SARGASSO_MSM41,item_observation,S2_visual_GT2,object_context,plastic,>2 cm (macro),2015-04-12,07:59:00,08:59:00,30.636233,-64.083483,observer_at_sighting,,,0.21932,,missing,,rejected,item_observation,"объектная запись: своей плотности нет, числитель трансекты по ней не восстановить",author_area_replaces_endpoint_distance;object_time_is_parent_interval
MPL-0345,S2:MSM41_litter-T34,S2_SARGASSO_MSM41,item_observation,S2_visual_GT2,object_context,plastic,>2 cm (macro),2015-04-13,16:38:00,17:38:00,27.185617,-63.984733,observer_at_sighting,,,0.22885,,missing,,rejected,item_observation,"объектная запись: своей плотности нет, числитель трансекты по ней не восстановить",author_area_replaces_endpoint_distance;companion_count_differs_sum_float_items;object_time_is_parent_interval
MPL-0346,S2:MSM41_litter-T34,S2_SARGASSO_MSM41,transect_density,S2_visual_GT2,total_plastic,plastic (all polymers),>2 cm (macro),2015-04-13,16:38:00,17:38:00,27.259541,-63.976334,transect_midpoint_arithmetic,65.5451,15,0.22885,65.5451,match,plastic-visual,accepted,accepted,принята,author_area_replaces_endpoint_distance;companion_count_differs_sum_float_items
MPL-0347,S2:MSM41_litter-T34,S2_SARGASSO_MSM41,transect_density,S2_visual_GT2,plastic_category,plastic,>2 cm (macro),2015-04-13,16:38:00,17:38:00,27.259541,-63.976334,transect_midpoint_arithmetic,65.5451,15,0.22885,65.5451,match,,rejected,category,"отдельная категория, а не суммарная величина: plastic_category",author_area_replaces_endpoint_distance;companion_count_differs_sum_float_items
MPL-0348,S2:MSM41_litter-T34,S2_SARGASSO_MSM41,item_observation,S2_visual_GT2,object_context,plastic,>2 cm (macro),2015-04-13,16:38:00,17:38:00,27.338267,-63.967217,observer_at_sighting,,,0.22885,,missing,,rejected,item_observation,"объектная запись: своей плотности нет, числитель трансекты по ней не восстановить",author_area_replaces_endpoint_distance;companion_count_differs_sum_float_items;object_time_is_parent_interval
MPL-0349,S2:MSM41_litter-T34,S2_SARGASSO_MSM41,item_observation,S2_visual_GT2,object_context,plastic,>2 cm (macro),2015-04-13,16:38:00,17:38:00,27.3491,-63.9661,observer_at_sighting,,,0.22885,,missing,,rejected,item_observation,"объектная запись: своей плотности нет, числитель трансекты по ней не восстановить",author_area_replaces_endpoint_distance;companion_count_differs_sum_float_items;object_time_is_parent_interval
MPL-0350,S2:MSM41_litter-T33,S2_SARGASSO_MSM41,item_observation,S2_visual_GT2,object_context,plastic,>2 cm (macro),2015-04-13,14:19:00,15:19:00,27.659167,-63.931367,observer_at_sighting,,,0.22352,,missing,,rejected,item_observation,"объектная запись: своей плотности нет, числитель трансекты по ней не восстановить",author_area_replaces_endpoint_distance;object_time_is_parent_interval
MPL-0351,S2:MSM41_litter-T33,S2_SARGASSO_MSM41,transect_density,S2_visual_GT2,total_plastic,plastic (all polymers),>2 cm (macro),2015-04-13,14:19:00,15:19:00,27.730984,-63.923333,transect_midpoint_arithmetic,22.3694,5,0.22352,22.3694,match,plastic-visual,accepted,accepted,принята,author_area_replaces_endpoint_distance
MPL-0352,S2:MSM41_litter-T33,S2_SARGASSO_MSM41,transect_density,S2_visual_GT2,plastic_category,plastic,>2 cm (macro),2015-04-13,14:19:00,15:19:00,27.730984,-63.923333,transect_midpoint_arithmetic,22.3694,5,0.22352,22.3694,match,,rejected,category,"отдельная категория, а не суммарная величина: plastic_category",author_area_replaces_endpoint_distance
MPL-0353,S2:MSM41_litter-T33,S2_SARGASSO_MSM41,item_observation,S2_visual_GT2,object_context,plastic,>2 cm (macro),2015-04-13,14:19:00,15:19:00,27.826117,-63.912667,observer_at_sighting,,,0.22352,,missing,,rejected,item_observation,"объектная запись: своей плотности нет, числитель трансекты по ней не восстановить",author_area_replaces_endpoint_distance;object_time_is_parent_interval
MPL-0354,S2:MSM41_litter-T37,S2_SARGASSO_MSM41,transect_density,S2_visual_GT2,total_plastic,plastic (all polymers),>2 cm (macro),2015-04-14,17:53:00,18:53:00,25.165816,-63.981233,transect_midpoint_arithmetic,4.33952,1,0.23044,4.33952,match,plastic-visual,accepted,accepted,принята,author_area_replaces_endpoint_distance
MPL-0355,S2:MSM41_litter-T37,S2_SARGASSO_MSM41,transect_density,S2_visual_GT2,plastic_category,plastic,>2 cm (macro),2015-04-14,17:53:00,18:53:00,25.165816,-63.981233,transect_midpoint_arithmetic,4.33952,1,0.23044,4.33952,match,,rejected,category,"отдельная категория, а не суммарная величина: plastic_category",author_area_replaces_endpoint_distance
MPL-0356,S2:MSM41_litter-T35,S2_SARGASSO_MSM41,item_observation,S2_visual_GT2,object_context,plastic,>2 cm (macro),2015-04-14,12:11:00,13:16:00,25.764833,-63.891517,observer_at_sighting,,,0.18,,missing,,rejected,item_observation,"объектная запись: своей плотности нет, числитель трансекты по ней не восстановить",author_area_replaces_endpoint_distance;interrupted_transect_summary_area;summary_area_rounded_differs_from_segment_sum;object_time_is_parent_interval
MPL-0357,S2:MSM41_litter-T35,S2_SARGASSO_MSM41,item_observation,S2_visual_GT2,object_context,plastic,>2 cm (macro),2015-04-14,12:11:00,13:16:00,25.7955,-63.887967,observer_at_sighting,,,0.18,,missing,,rejected,item_observation,"объектная запись: своей плотности нет, числитель трансекты по ней не восстановить",author_area_replaces_endpoint_distance;interrupted_transect_summary_area;summary_area_rounded_differs_from_segment_sum;object_time_is_parent_interval
MPL-0358,S2:MSM41_litter-T35,S2_SARGASSO_MSM41,transect_density,S2_visual_GT2,total_plastic,plastic (all polymers),>2 cm (macro),2015-04-14,12:11:00,13:16:00,25.851208,-63.881492,transect_midpoint_arithmetic,50,9,0.18,50,match,plastic-visual,accepted,accepted,принята,author_area_replaces_endpoint_distance;interrupted_transect_summary_area;summary_area_rounded_differs_from_segment_sum
MPL-0359,S2:MSM41_litter-T35,S2_SARGASSO_MSM41,transect_density,S2_visual_GT2,plastic_category,plastic,>2 cm (macro),2015-04-14,12:11:00,13:16:00,25.851208,-63.881492,transect_midpoint_arithmetic,50,9,0.18,50,match,,rejected,category,"отдельная категория, а не суммарная величина: plastic_category",author_area_replaces_endpoint_distance;interrupted_transect_summary_area;summary_area_rounded_differs_from_segment_sum
MPL-0360,S2:MSM41_litter-T35,S2_SARGASSO_MSM41,item_observation,S2_visual_GT2,object_context,plastic,>2 cm (macro),2015-04-14,12:11:00,13:16:00,25.890383,-63.8766,observer_at_sighting,,,0.18,,missing,,rejected,item_observation,"объектная запись: своей плотности нет, числитель трансекты по ней не восстановить",author_area_replaces_endpoint_distance;interrupted_transect_summary_area;summary_area_rounded_differs_from_segment_sum;object_time_is_parent_interval
MPL-0361,S2:MSM41_litter-T38,S2_SARGASSO_MSM41,transect_density,S2_visual_GT2,total_plastic,plastic (all polymers),>2 cm (macro),2015-04-15,13:34:00,14:28:00,23.766883,-63.959259,transect_midpoint_arithmetic,9.82753,2,0.20351,9.82753,match,plastic-visual,accepted,accepted,принята,author_area_replaces_endpoint_distance
MPL-0362,S2:MSM41_litter-T38,S2_SARGASSO_MSM41,transect_density,S2_visual_GT2,plastic_category,plastic,>2 cm (macro),2015-04-15,13:34:00,14:28:00,23.766883,-63.959259,transect_midpoint_arithmetic,9.82753,2,0.20351,9.82753,match,,rejected,category,"отдельная категория, а не суммарная величина: plastic_category",author_area_replaces_endpoint_distance
MPL-0363,S2:MSM41_litter-T38,S2_SARGASSO_MSM41,item_observation,S2_visual_GT2,object_context,plastic,>2 cm (macro),2015-04-15,13:34:00,14:28:00,23.81195,-63.951583,observer_at_sighting,,,0.20351,,missing,,rejected,item_observation,"объектная запись: своей плотности нет, числитель трансекты по ней не восстановить",author_area_replaces_endpoint_distance;object_time_is_parent_interval
MPL-0364,S2:MSM41_litter-T40,S2_SARGASSO_MSM41,transect_density,S2_visual_GT2,total_plastic,plastic (all polymers),>2 cm (macro),2015-04-16,11:56:00,12:56:00,22.869767,-63.919325,transect_midpoint_arithmetic,11.7647,3,0.255,11.7647,match,plastic-visual,accepted,accepted,принята,author_area_replaces_endpoint_distance
MPL-0365,S2:MSM41_litter-T40,S2_SARGASSO_MSM41,transect_density,S2_visual_GT2,plastic_category,plastic,>2 cm (macro),2015-04-16,11:56:00,12:56:00,22.869767,-63.919325,transect_midpoint_arithmetic,11.7647,3,0.255,11.7647,match,,rejected,category,"отдельная категория, а не суммарная величина: plastic_category",author_area_replaces_endpoint_distance
MPL-0366,S2:MSM41_litter-T40,S2_SARGASSO_MSM41,item_observation,S2_visual_GT2,object_context,plastic,>2 cm (macro),2015-04-16,11:56:00,12:56:00,22.88675,-63.915333,observer_at_sighting,,,0.255,,missing,,rejected,item_observation,"объектная запись: своей плотности нет, числитель трансекты по ней не восстановить",author_area_replaces_endpoint_distance;object_time_is_parent_interval
MPL-0367,S2:MSM41_litter-T39,S2_SARGASSO_MSM41,transect_density,S2_visual_GT2,total_plastic,plastic (all polymers),>2 cm (macro),2015-04-16,07:57:00,08:28:00,22.9506,-63.977467,transect_midpoint_arithmetic,17.2325,2,0.11606,17.2325,match,plastic-visual,accepted,accepted,принята,author_area_replaces_endpoint_distance
MPL-0368,S2:MSM41_litter-T39,S2_SARGASSO_MSM41,transect_density,S2_visual_GT2,plastic_category,plastic,>2 cm (macro),2015-04-16,07:57:00,08:28:00,22.9506,-63.977467,transect_midpoint_arithmetic,17.2325,2,0.11606,17.2325,match,,rejected,category,"отдельная категория, а не суммарная величина: plastic_category",author_area_replaces_endpoint_distance
MPL-0369,S2:MSM41_litter-T41,S2_SARGASSO_MSM41,item_observation,S2_visual_GT2,object_context,plastic,>2 cm (macro),2015-04-17,13:45:00,14:45:00,22.55555,-60.918283,observer_at_sighting,,,0.13203,,missing,,rejected,item_observation,"объектная запись: своей плотности нет, числитель трансекты по ней не восстановить",author_area_replaces_endpoint_distance;object_time_is_parent_interval
MPL-0370,S2:MSM41_litter-T41,S2_SARGASSO_MSM41,item_observation,S2_visual_GT2,object_context,plastic,>2 cm (macro),2015-04-17,13:45:00,14:45:00,22.56175,-60.919517,observer_at_sighting,,,0.13203,,missing,,rejected,item_observation,"объектная запись: своей плотности нет, числитель трансекты по ней не восстановить",author_area_replaces_endpoint_distance;object_time_is_parent_interval
MPL-0371,S2:MSM41_litter-T41,S2_SARGASSO_MSM41,transect_density,S2_visual_GT2,total_plastic,plastic (all polymers),>2 cm (macro),2015-04-17,13:45:00,14:45:00,22.574592,-60.9221,transect_midpoint_arithmetic,75.7404,10,0.13203,75.7404,match,plastic-visual,accepted,accepted,принята,author_area_replaces_endpoint_distance
MPL-0372,S2:MSM41_litter-T41,S2_SARGASSO_MSM41,transect_density,S2_visual_GT2,plastic_category,plastic,>2 cm (macro),2015-04-17,13:45:00,14:45:00,22.574592,-60.9221,transect_midpoint_arithmetic,75.7404,10,0.13203,75.7404,match,,rejected,category,"отдельная категория, а не суммарная величина: plastic_category",author_area_replaces_endpoint_distance
MPL-0373,S2:MSM41_litter-T41,S2_SARGASSO_MSM41,item_observation,S2_visual_GT2,object_context,plastic,>2 cm (macro),2015-04-17,13:45:00,14:45:00,22.612283,-60.929433,observer_at_sighting,,,0.13203,,missing,,rejected,item_observation,"объектная запись: своей плотности нет, числитель трансекты по ней не восстановить",author_area_replaces_endpoint_distance;object_time_is_parent_interval
MPL-0374,S2:MSM41_litter-T42,S2_SARGASSO_MSM41,item_observation,S2_visual_GT2,object_context,plastic,>2 cm (macro),2015-04-17,15:45:00,16:45:00,22.778367,-60.945083,observer_at_sighting,,,0.13162,,missing,,rejected,item_observation,"объектная запись: своей плотности нет, числитель трансекты по ней не восстановить",author_area_replaces_endpoint_distance;object_time_is_parent_interval
MPL-0375,S2:MSM41_litter-T42,S2_SARGASSO_MSM41,transect_density,S2_visual_GT2,total_plastic,plastic (all polymers),>2 cm (macro),2015-04-17,15:45:00,16:45:00,22.803591,-60.966867,transect_midpoint_arithmetic,22.7929,3,0.13162,22.7929,match,plastic-visual,accepted,accepted,принята,author_area_replaces_endpoint_distance
MPL-0376,S2:MSM41_litter-T42,S2_SARGASSO_MSM41,transect_density,S2_visual_GT2,plastic_category,plastic,>2 cm (macro),2015-04-17,15:45:00,16:45:00,22.803591,-60.966867,transect_midpoint_arithmetic,22.7929,3,0.13162,22.7929,match,,rejected,category,"отдельная категория, а не суммарная величина: plastic_category",author_area_replaces_endpoint_distance
MPL-0377,S2:MSM41_litter-T43,S2_SARGASSO_MSM41,item_observation,S2_visual_GT2,object_context,plastic,>2 cm (macro),2015-04-18,08:00:00,09:00:00,23.747133,-60.976783,observer_at_sighting,,,0.21153,,missing,,rejected,item_observation,"объектная запись: своей плотности нет, числитель трансекты по ней не восстановить",author_area_replaces_endpoint_distance;object_time_is_parent_interval
MPL-0378,S2:MSM41_litter-T43,S2_SARGASSO_MSM41,transect_density,S2_visual_GT2,total_plastic,plastic (all polymers),>2 cm (macro),2015-04-18,08:00:00,09:00:00,23.794441,-60.9819,transect_midpoint_arithmetic,18.9098,4,0.21153,18.9098,match,plastic-visual,accepted,accepted,принята,author_area_replaces_endpoint_distance
MPL-0379,S2:MSM41_litter-T43,S2_SARGASSO_MSM41,transect_density,S2_visual_GT2,plastic_category,plastic,>2 cm (macro),2015-04-18,08:00:00,09:00:00,23.794441,-60.9819,transect_midpoint_arithmetic,18.9098,4,0.21153,18.9098,match,,rejected,category,"отдельная категория, а не суммарная величина: plastic_category",author_area_replaces_endpoint_distance
MPL-0380,S2:MSM41_litter-T43,S2_SARGASSO_MSM41,item_observation,S2_visual_GT2,object_context,plastic,>2 cm (macro),2015-04-18,08:00:00,09:00:00,23.81565,-60.984367,observer_at_sighting,,,0.21153,,missing,,rejected,item_observation,"объектная запись: своей плотности нет, числитель трансекты по ней не восстановить",author_area_replaces_endpoint_distance;object_time_is_parent_interval
MPL-0381,S2:MSM41_litter-T44,S2_SARGASSO_MSM41,item_observation,S2_visual_GT2,object_context,plastic,>2 cm (macro),2015-04-18,15:30:00,16:30:00,24.205467,-60.995417,observer_at_sighting,,,0.21612,,missing,,rejected,item_observation,"объектная запись: своей плотности нет, числитель трансекты по ней не восстановить",author_area_replaces_endpoint_distance;object_time_is_parent_interval
MPL-0382,S2:MSM41_litter-T44,S2_SARGASSO_MSM41,transect_density,S2_visual_GT2,total_plastic,plastic (all polymers),>2 cm (macro),2015-04-18,15:30:00,16:30:00,24.233258,-60.98995,transect_midpoint_arithmetic,27.7624,6,0.21612,27.7624,match,plastic-visual,accepted,accepted,принята,author_area_replaces_endpoint_distance
MPL-0383,S2:MSM41_litter-T44,S2_SARGASSO_MSM41,transect_density,S2_visual_GT2,plastic_category,plastic,>2 cm (macro),2015-04-18,15:30:00,16:30:00,24.233258,-60.98995,transect_midpoint_arithmetic,27.7624,6,0.21612,27.7624,match,,rejected,category,"отдельная категория, а не суммарная величина: plastic_category",author_area_replaces_endpoint_distance
MPL-0384,S2:MSM41_litter-T45,S2_SARGASSO_MSM41,item_observation,S2_visual_GT2,object_context,plastic,>2 cm (macro),2015-04-18,17:55:00,18:55:00,24.61515,-60.984317,observer_at_sighting,,,0.22287,,missing,,rejected,item_observation,"объектная запись: своей плотности нет, числитель трансекты по ней не восстановить",author_area_replaces_endpoint_distance;object_time_is_parent_interval
MPL-0385,S2:MSM41_litter-T45,S2_SARGASSO_MSM41,transect_density,S2_visual_GT2,total_plastic,plastic (all polymers),>2 cm (macro),2015-04-18,17:55:00,18:55:00,24.643975,-60.984025,transect_midpoint_arithmetic,13.4608,3,0.22287,13.4608,match,plastic-visual,accepted,accepted,принята,author_area_replaces_endpoint_distance
MPL-0386,S2:MSM41_litter-T45,S2_SARGASSO_MSM41,transect_density,S2_visual_GT2,plastic_category,plastic,>2 cm (macro),2015-04-18,17:55:00,18:55:00,24.643975,-60.984025,transect_midpoint_arithmetic,13.4608,3,0.22287,13.4608,match,,rejected,category,"отдельная категория, а не суммарная величина: plastic_category",author_area_replaces_endpoint_distance
MPL-0387,S2:MSM41_litter-T46,S2_SARGASSO_MSM41,item_observation,S2_visual_GT2,object_context,plastic,>2 cm (macro),2015-04-19,12:41:00,13:41:00,26.160283,-60.998917,observer_at_sighting,,,0.22558,,missing,,rejected,item_observation,"объектная запись: своей плотности нет, числитель трансекты по ней не восстановить",author_area_replaces_endpoint_distance;object_time_is_parent_interval
MPL-0388,S2:MSM41_litter-T46,S2_SARGASSO_MSM41,item_observation,S2_visual_GT2,object_context,plastic,>2 cm (macro),2015-04-19,12:41:00,13:41:00,26.1995,-61.5992,observer_at_sighting,,,0.22558,,missing,,rejected,item_observation,"объектная запись: своей плотности нет, числитель трансекты по ней не восстановить",author_area_replaces_endpoint_distance;object_row_match_ambiguous_or_unresolved;object_time_is_parent_interval
MPL-0389,S2:MSM41_litter-T46,S2_SARGASSO_MSM41,transect_density,S2_visual_GT2,total_plastic,plastic (all polymers),>2 cm (macro),2015-04-19,12:41:00,13:41:00,26.212167,-60.998959,transect_midpoint_arithmetic,93.0934,21,0.22558,93.0934,match,plastic-visual,accepted,accepted,принята,author_area_replaces_endpoint_distance
MPL-0390,S2:MSM41_litter-T46,S2_SARGASSO_MSM41,transect_density,S2_visual_GT2,plastic_category,plastic,>2 cm (macro),2015-04-19,12:41:00,13:41:00,26.212167,-60.998959,transect_midpoint_arithmetic,93.0934,21,0.22558,93.0934,match,,rejected,category,"отдельная категория, а не суммарная величина: plastic_category",author_area_replaces_endpoint_distance
MPL-0391,S2:MSM41_litter-T46,S2_SARGASSO_MSM41,item_observation,S2_visual_GT2,object_context,plastic,>2 cm (macro),2015-04-19,12:41:00,13:41:00,26.23025,-60.9994,observer_at_sighting,,,0.22558,,missing,,rejected,item_observation,"объектная запись: своей плотности нет, числитель трансекты по ней не восстановить",author_area_replaces_endpoint_distance;object_time_is_parent_interval
MPL-0392,S2:MSM41_litter-T46,S2_SARGASSO_MSM41,item_observation,S2_visual_GT2,object_context,plastic,>2 cm (macro),2015-04-19,12:41:00,13:41:00,26.239617,-60.999433,observer_at_sighting,,,0.22558,,missing,,rejected,item_observation,"объектная запись: своей плотности нет, числитель трансекты по ней не восстановить",author_area_replaces_endpoint_distance;object_row_match_ambiguous_or_unresolved;object_time_is_parent_interval
MPL-0393,S2:MSM41_litter-T46,S2_SARGASSO_MSM41,item_observation,S2_visual_GT2,object_context,plastic,>2 cm (macro),2015-04-19,12:41:00,13:41:00,26.239617,-60.999433,observer_at_sighting,,,0.22558,,missing,,rejected,item_observation,"объектная запись: своей плотности нет, числитель трансекты по ней не восстановить",author_area_replaces_endpoint_distance;object_row_match_ambiguous_or_unresolved;object_time_is_parent_interval
MPL-0394,S2:MSM41_litter-T46,S2_SARGASSO_MSM41,item_observation,S2_visual_GT2,object_context,plastic,>2 cm (macro),2015-04-19,12:41:00,13:41:00,26.270767,-60.99955,observer_at_sighting,,,0.22558,,missing,,rejected,item_observation,"объектная запись: своей плотности нет, числитель трансекты по ней не восстановить",author_area_replaces_endpoint_distance;object_time_is_parent_interval
MPL-0395,S2:MSM41_litter-T46,S2_SARGASSO_MSM41,item_observation,S2_visual_GT2,object_context,plastic,>2 cm (macro),2015-04-19,12:41:00,13:41:00,26.285433,-60.999733,observer_at_sighting,,,0.22558,,missing,,rejected,item_observation,"объектная запись: своей плотности нет, числитель трансекты по ней не восстановить",author_area_replaces_endpoint_distance;object_time_is_parent_interval
MPL-0396,S2:MSM41_litter-T47,S2_SARGASSO_MSM41,item_observation,S2_visual_GT2,object_context,plastic,>2 cm (macro),2015-04-19,14:37:00,15:07:00,26.533567,-61.001417,observer_at_sighting,,,0.1091,,missing,,rejected,item_observation,"объектная запись: своей плотности нет, числитель трансекты по ней не восстановить",author_area_replaces_endpoint_distance;object_time_is_parent_interval
MPL-0397,S2:MSM41_litter-T47,S2_SARGASSO_MSM41,transect_density,S2_visual_GT2,total_plastic,plastic (all polymers),>2 cm (macro),2015-04-19,14:37:00,15:07:00,26.550025,-61.001358,transect_midpoint_arithmetic,27.4977,3,0.1091,27.4977,match,plastic-visual,accepted,accepted,принята,author_area_replaces_endpoint_distance
MPL-0398,S2:MSM41_litter-T47,S2_SARGASSO_MSM41,transect_density,S2_visual_GT2,plastic_category,plastic,>2 cm (macro),2015-04-19,14:37:00,15:07:00,26.550025,-61.001358,transect_midpoint_arithmetic,27.4977,3,0.1091,27.4977,match,,rejected,category,"отдельная категория, а не суммарная величина: plastic_category",author_area_replaces_endpoint_distance
MPL-0399,S2:MSM41_litter-T48,S2_SARGASSO_MSM41,item_observation,S2_visual_GT2,object_context,plastic,>2 cm (macro),2015-04-20,07:51:00,08:36:00,27.8396,-60.997333,observer_at_sighting,,,0.16924,,missing,,rejected,item_observation,"объектная запись: своей плотности нет, числитель трансекты по ней не восстановить",author_area_replaces_endpoint_distance;object_time_is_parent_interval
MPL-0400,S2:MSM41_litter-T48,S2_SARGASSO_MSM41,item_observation,S2_visual_GT2,object_context,expanded polystyrene (EPS),>2 cm (macro),2015-04-20,07:51:00,08:36:00,27.903583,-61.000617,observer_at_sighting,,,0.16924,,missing,,rejected,item_observation,"объектная запись: своей плотности нет, числитель трансекты по ней не восстановить",author_area_replaces_endpoint_distance;object_time_is_parent_interval
MPL-0401,S2:MSM41_litter-T48,S2_SARGASSO_MSM41,transect_density,S2_visual_GT2,total_plastic,plastic (all polymers),>2 cm (macro),2015-04-20,07:51:00,08:36:00,27.904742,-61.000667,transect_midpoint_arithmetic,124.084,21,0.16924,124.084,match,plastic-visual,accepted,accepted,принята,author_area_replaces_endpoint_distance
MPL-0402,S2:MSM41_litter-T48,S2_SARGASSO_MSM41,transect_density,S2_visual_GT2,plastic_category,plastic,>2 cm (macro),2015-04-20,07:51:00,08:36:00,27.904742,-61.000667,transect_midpoint_arithmetic,118.175,20,0.16924,118.175,match,,rejected,category,"отдельная категория, а не суммарная величина: plastic_category",author_area_replaces_endpoint_distance
MPL-0403,S2:MSM41_litter-T48,S2_SARGASSO_MSM41,transect_density,S2_visual_GT2,plastic_category,expanded polystyrene (EPS),>2 cm (macro),2015-04-20,07:51:00,08:36:00,27.904742,-61.000667,transect_midpoint_arithmetic,5.90877,1,0.16924,5.90877,match,,rejected,category,"отдельная категория, а не суммарная величина: plastic_category",author_area_replaces_endpoint_distance
MPL-0404,S2:MSM41_litter-T48,S2_SARGASSO_MSM41,item_observation,S2_visual_GT2,object_context,plastic,>2 cm (macro),2015-04-20,07:51:00,08:36:00,27.92625,-61.00165,observer_at_sighting,,,0.16924,,missing,,rejected,item_observation,"объектная запись: своей плотности нет, числитель трансекты по ней не восстановить",author_area_replaces_endpoint_distance;object_row_match_ambiguous_or_unresolved;object_time_is_parent_interval
MPL-0405,S2:MSM41_litter-T48,S2_SARGASSO_MSM41,item_observation,S2_visual_GT2,object_context,plastic,>2 cm (macro),2015-04-20,07:51:00,08:36:00,27.939733,-61.00245,observer_at_sighting,,,0.16924,,missing,,rejected,item_observation,"объектная запись: своей плотности нет, числитель трансекты по ней не восстановить",author_area_replaces_endpoint_distance;object_time_is_parent_interval
MPL-0406,S2:MSM41_litter-T49,S2_SARGASSO_MSM41,item_observation,S2_visual_GT2,object_context,plastic,>2 cm (macro),2015-04-20,14:42:00,16:33:00,28.088467,-60.86255,observer_at_sighting,,,0.23,,missing,,rejected,item_observation,"объектная запись: своей плотности нет, числитель трансекты по ней не восстановить",author_area_replaces_endpoint_distance;interrupted_transect_summary_area;summary_area_rounded_differs_from_segment_sum;object_time_is_parent_interval
MPL-0407,S2:MSM41_litter-T49,S2_SARGASSO_MSM41,item_observation,S2_visual_GT2,object_context,plastic,>2 cm (macro),2015-04-20,14:42:00,16:33:00,28.140817,-60.85185,observer_at_sighting,,,0.23,,missing,,rejected,item_observation,"объектная запись: своей плотности нет, числитель трансекты по ней не восстановить",author_area_replaces_endpoint_distance;interrupted_transect_summary_area;summary_area_rounded_differs_from_segment_sum;object_time_is_parent_interval
MPL-0408,S2:MSM41_litter-T49,S2_SARGASSO_MSM41,item_observation,S2_visual_GT2,object_context,plastic,>2 cm (macro),2015-04-20,14:42:00,16:33:00,28.161817,-60.847617,observer_at_sighting,,,0.23,,missing,,rejected,item_observation,"объектная запись: своей плотности нет, числитель трансекты по ней не восстановить",author_area_replaces_endpoint_distance;interrupted_transect_summary_area;summary_area_rounded_differs_from_segment_sum;object_time_is_parent_interval
MPL-0409,S2:MSM41_litter-T49,S2_SARGASSO_MSM41,transect_density,S2_visual_GT2,total_plastic,plastic (all polymers),>2 cm (macro),2015-04-20,14:42:00,16:33:00,28.179233,-60.865483,transect_midpoint_arithmetic,69.5652,16,0.23,69.5652,match,plastic-visual,accepted,accepted,принята,author_area_replaces_endpoint_distance;interrupted_transect_summary_area;summary_area_rounded_differs_from_segment_sum
MPL-0410,S2:MSM41_litter-T49,S2_SARGASSO_MSM41,transect_density,S2_visual_GT2,plastic_category,plastic,>2 cm (macro),2015-04-20,14:42:00,16:33:00,28.179233,-60.865483,transect_midpoint_arithmetic,69.5652,16,0.23,69.5652,match,,rejected,category,"отдельная категория, а не суммарная величина: plastic_category",author_area_replaces_endpoint_distance;interrupted_transect_summary_area;summary_area_rounded_differs_from_segment_sum
MPL-0411,S2:MSM41_litter-T49,S2_SARGASSO_MSM41,item_observation,S2_visual_GT2,object_context,plastic,>2 cm (macro),2015-04-20,14:42:00,16:33:00,28.2441,-60.896583,observer_at_sighting,,,0.23,,missing,,rejected,item_observation,"объектная запись: своей плотности нет, числитель трансекты по ней не восстановить",author_area_replaces_endpoint_distance;interrupted_transect_summary_area;summary_area_rounded_differs_from_segment_sum;object_time_is_parent_interval
MPL-0412,S2:MSM41_litter-T49,S2_SARGASSO_MSM41,item_observation,S2_visual_GT2,object_context,plastic,>2 cm (macro),2015-04-20,14:42:00,16:33:00,28.273667,-60.86885,observer_at_sighting,,,0.23,,missing,,rejected,item_observation,"объектная запись: своей плотности нет, числитель трансекты по ней не восстановить",author_area_replaces_endpoint_distance;interrupted_transect_summary_area;summary_area_rounded_differs_from_segment_sum;object_time_is_parent_interval
MPL-0413,S2:MSM41_litter-T50,S2_SARGASSO_MSM41,item_observation,S2_visual_GT2,object_context,plastic,>2 cm (macro),2015-04-20,17:56:00,18:56:00,28.612683,-60.9323,observer_at_sighting,,,0.24457,,missing,,rejected,item_observation,"объектная запись: своей плотности нет, числитель трансекты по ней не восстановить",author_area_replaces_endpoint_distance;companion_count_differs_sum_float_items;object_time_is_parent_interval
MPL-0414,S2:MSM41_litter-T50,S2_SARGASSO_MSM41,item_observation,S2_visual_GT2,object_context,plastic,>2 cm (macro),2015-04-20,17:56:00,18:56:00,28.620967,-60.9338,observer_at_sighting,,,0.24457,,missing,,rejected,item_observation,"объектная запись: своей плотности нет, числитель трансекты по ней не восстановить",author_area_replaces_endpoint_distance;companion_count_differs_sum_float_items;object_row_match_ambiguous_or_unresolved;object_time_is_parent_interval
MPL-0415,S2:MSM41_litter-T50,S2_SARGASSO_MSM41,item_observation,S2_visual_GT2,object_context,plastic,>2 cm (macro),2015-04-20,17:56:00,18:56:00,28.641183,-60.9377,observer_at_sighting,,,0.24457,,missing,,rejected,item_observation,"объектная запись: своей плотности нет, числитель трансекты по ней не восстановить",author_area_replaces_endpoint_distance;companion_count_differs_sum_float_items;object_time_is_parent_interval
MPL-0416,S2:MSM41_litter-T50,S2_SARGASSO_MSM41,item_observation,S2_visual_GT2,object_context,plastic,>2 cm (macro),2015-04-20,17:56:00,18:56:00,28.671433,-60.943467,observer_at_sighting,,,0.24457,,missing,,rejected,item_observation,"объектная запись: своей плотности нет, числитель трансекты по ней не восстановить",author_area_replaces_endpoint_distance;companion_count_differs_sum_float_items;object_row_match_ambiguous_or_unresolved;object_time_is_parent_interval
MPL-0417,S2:MSM41_litter-T50,S2_SARGASSO_MSM41,transect_density,S2_visual_GT2,total_plastic,plastic (all polymers),>2 cm (macro),2015-04-20,17:56:00,18:56:00,28.682917,-60.945758,transect_midpoint_arithmetic,81.7762,20,0.24457,81.7762,match,plastic-visual,accepted,accepted,принята,author_area_replaces_endpoint_distance;companion_count_differs_sum_float_items
MPL-0418,S2:MSM41_litter-T50,S2_SARGASSO_MSM41,transect_density,S2_visual_GT2,plastic_category,plastic,>2 cm (macro),2015-04-20,17:56:00,18:56:00,28.682917,-60.945758,transect_midpoint_arithmetic,81.7762,20,0.24457,81.7762,match,,rejected,category,"отдельная категория, а не суммарная величина: plastic_category",author_area_replaces_endpoint_distance;companion_count_differs_sum_float_items
MPL-0419,S2:MSM41_litter-T50,S2_SARGASSO_MSM41,item_observation,S2_visual_GT2,object_context,plastic,>2 cm (macro),2015-04-20,17:56:00,18:56:00,28.733,-60.955167,observer_at_sighting,,,0.24457,,missing,,rejected,item_observation,"объектная запись: своей плотности нет, числитель трансекты по ней не восстановить",author_area_replaces_endpoint_distance;companion_count_differs_sum_float_items;object_time_is_parent_interval
MPL-0420,S2:MSM41_litter-T50,S2_SARGASSO_MSM41,item_observation,S2_visual_GT2,object_context,plastic,>2 cm (macro),2015-04-20,17:56:00,18:56:00,28.791517,-60.96605,observer_at_sighting,,,0.24457,,missing,,rejected,item_observation,"объектная запись: своей плотности нет, числитель трансекты по ней не восстановить",author_area_replaces_endpoint_distance;companion_count_differs_sum_float_items;object_time_is_parent_interval
MPL-0421,S2:MSM41_litter-T51,S2_SARGASSO_MSM41,transect_density,S2_visual_GT2,total_plastic,plastic (all polymers),>2 cm (macro),2015-04-21,12:47:00,13:47:00,30.016675,-60.941008,transect_midpoint_arithmetic,12.9088,3,0.2324,12.9088,match,plastic-visual,accepted,accepted,принята,author_area_replaces_endpoint_distance
MPL-0422,S2:MSM41_litter-T51,S2_SARGASSO_MSM41,transect_density,S2_visual_GT2,plastic_category,plastic,>2 cm (macro),2015-04-21,12:47:00,13:47:00,30.016675,-60.941008,transect_midpoint_arithmetic,12.9088,3,0.2324,12.9088,match,,rejected,category,"отдельная категория, а не суммарная величина: plastic_category",author_area_replaces_endpoint_distance
MPL-0423,S2:MSM41_litter-T51,S2_SARGASSO_MSM41,item_observation,S2_visual_GT2,object_context,plastic,>2 cm (macro),2015-04-21,12:47:00,13:47:00,30.121083,-60.947767,observer_at_sighting,,,0.2324,,missing,,rejected,item_observation,"объектная запись: своей плотности нет, числитель трансекты по ней не восстановить",author_area_replaces_endpoint_distance;object_time_is_parent_interval
MPL-0424,S2:MSM41_litter-T52,S2_SARGASSO_MSM41,item_observation,S2_visual_GT2,object_context,plastic,>2 cm (macro),2015-04-21,15:06:00,16:06:00,30.42735,-60.968083,observer_at_sighting,,,0.22736,,missing,,rejected,item_observation,"объектная запись: своей плотности нет, числитель трансекты по ней не восстановить",author_area_replaces_endpoint_distance;object_time_is_parent_interval
MPL-0425,S2:MSM41_litter-T52,S2_SARGASSO_MSM41,transect_density,S2_visual_GT2,total_plastic,plastic (all polymers),>2 cm (macro),2015-04-21,15:06:00,16:06:00,30.498241,-60.972559,transect_midpoint_arithmetic,30.7882,7,0.22736,30.7882,match,plastic-visual,accepted,accepted,принята,author_area_replaces_endpoint_distance
MPL-0426,S2:MSM41_litter-T52,S2_SARGASSO_MSM41,transect_density,S2_visual_GT2,plastic_category,plastic,>2 cm (macro),2015-04-21,15:06:00,16:06:00,30.498241,-60.972559,transect_midpoint_arithmetic,30.7882,7,0.22736,30.7882,match,,rejected,category,"отдельная категория, а не суммарная величина: plastic_category",author_area_replaces_endpoint_distance
MPL-0427,S2:MSM41_litter-T52,S2_SARGASSO_MSM41,item_observation,S2_visual_GT2,object_context,plastic,>2 cm (macro),2015-04-21,15:06:00,16:06:00,30.592383,-60.9782,observer_at_sighting,,,0.22736,,missing,,rejected,item_observation,"объектная запись: своей плотности нет, числитель трансекты по ней не восстановить",author_area_replaces_endpoint_distance;object_time_is_parent_interval
MPL-0428,S2:MSM41_litter-T53,S2_SARGASSO_MSM41,item_observation,S2_visual_GT2,object_context,plastic,>2 cm (macro),2015-04-22,08:02:00,09:02:00,30.903833,-59.923033,observer_at_sighting,,,0.23406,,missing,,rejected,item_observation,"объектная запись: своей плотности нет, числитель трансекты по ней не восстановить",author_area_replaces_endpoint_distance;object_time_is_parent_interval
MPL-0429,S2:MSM41_litter-T53,S2_SARGASSO_MSM41,item_observation,S2_visual_GT2,object_context,plastic,>2 cm (macro),2015-04-22,08:02:00,09:02:00,30.905233,-59.8968,observer_at_sighting,,,0.23406,,missing,,rejected,item_observation,"объектная запись: своей плотности нет, числитель трансекты по ней не восстановить",author_area_replaces_endpoint_distance;object_time_is_parent_interval
MPL-0430,S2:MSM41_litter-T53,S2_SARGASSO_MSM41,transect_density,S2_visual_GT2,total_plastic,plastic (all polymers),>2 cm (macro),2015-04-22,08:02:00,09:02:00,30.908859,-59.816992,transect_midpoint_arithmetic,128.172,30,0.23406,128.172,match,plastic-visual,accepted,accepted,принята,author_area_replaces_endpoint_distance
MPL-0431,S2:MSM41_litter-T53,S2_SARGASSO_MSM41,transect_density,S2_visual_GT2,plastic_category,plastic,>2 cm (macro),2015-04-22,08:02:00,09:02:00,30.908859,-59.816992,transect_midpoint_arithmetic,123.9,29,0.23406,123.9,match,,rejected,category,"отдельная категория, а не суммарная величина: plastic_category",author_area_replaces_endpoint_distance
MPL-0432,S2:MSM41_litter-T53,S2_SARGASSO_MSM41,transect_density,S2_visual_GT2,plastic_category,expanded polystyrene (EPS),>2 cm (macro),2015-04-22,08:02:00,09:02:00,30.908859,-59.816992,transect_midpoint_arithmetic,4.27241,1,0.23406,4.27241,match,,rejected,category,"отдельная категория, а не суммарная величина: plastic_category",author_area_replaces_endpoint_distance
MPL-0433,S2:MSM41_litter-T53,S2_SARGASSO_MSM41,item_observation,S2_visual_GT2,object_context,plastic,>2 cm (macro),2015-04-22,08:02:00,09:02:00,30.908933,-59.820983,observer_at_sighting,,,0.23406,,missing,,rejected,item_observation,"объектная запись: своей плотности нет, числитель трансекты по ней не восстановить",author_area_replaces_endpoint_distance;object_time_is_parent_interval
MPL-0434,S2:MSM41_litter-T53,S2_SARGASSO_MSM41,item_observation,S2_visual_GT2,object_context,plastic,>2 cm (macro),2015-04-22,08:02:00,09:02:00,30.9095,-59.81185,observer_at_sighting,,,0.23406,,missing,,rejected,item_observation,"объектная запись: своей плотности нет, числитель трансекты по ней не восстановить",author_area_replaces_endpoint_distance;object_time_is_parent_interval
MPL-0435,S2:MSM41_litter-T53,S2_SARGASSO_MSM41,item_observation,S2_visual_GT2,object_context,plastic,>2 cm (macro),2015-04-22,08:02:00,09:02:00,30.91095,-59.77745,observer_at_sighting,,,0.23406,,missing,,rejected,item_observation,"объектная запись: своей плотности нет, числитель трансекты по ней не восстановить",author_area_replaces_endpoint_distance;object_time_is_parent_interval
MPL-0436,S2:MSM41_litter-T53,S2_SARGASSO_MSM41,item_observation,S2_visual_GT2,object_context,plastic,>2 cm (macro),2015-04-22,08:02:00,09:02:00,30.9118,-59.761567,observer_at_sighting,,,0.23406,,missing,,rejected,item_observation,"объектная запись: своей плотности нет, числитель трансекты по ней не восстановить",author_area_replaces_endpoint_distance;object_time_is_parent_interval
MPL-0437,S2:MSM41_litter-T53,S2_SARGASSO_MSM41,item_observation,S2_visual_GT2,object_context,plastic,>2 cm (macro),2015-04-22,08:02:00,09:02:00,30.9137,-59.722533,observer_at_sighting,,,0.23406,,missing,,rejected,item_observation,"объектная запись: своей плотности нет, числитель трансекты по ней не восстановить",author_area_replaces_endpoint_distance;object_row_match_ambiguous_or_unresolved;object_time_is_parent_interval
MPL-0438,S2:MSM41_litter-T53,S2_SARGASSO_MSM41,item_observation,S2_visual_GT2,object_context,plastic,>2 cm (macro),2015-04-22,08:02:00,09:02:00,30.914133,-59.713483,observer_at_sighting,,,0.23406,,missing,,rejected,item_observation,"объектная запись: своей плотности нет, числитель трансекты по ней не восстановить",author_area_replaces_endpoint_distance;object_time_is_parent_interval
MPL-0439,S2:MSM41_litter-T53,S2_SARGASSO_MSM41,item_observation,S2_visual_GT2,object_context,expanded polystyrene (EPS),>2 cm (macro),2015-04-22,08:02:00,09:02:00,30.914567,-59.704867,observer_at_sighting,,,0.23406,,missing,,rejected,item_observation,"объектная запись: своей плотности нет, числитель трансекты по ней не восстановить",author_area_replaces_endpoint_distance;object_time_is_parent_interval
MPL-0440,S2:MSM41_litter-T54,S2_SARGASSO_MSM41,item_observation,S2_visual_GT2,object_context,plastic,>2 cm (macro),2015-04-22,10:02:00,11:02:00,30.925783,-59.476233,observer_at_sighting,,,0.18244,,missing,,rejected,item_observation,"объектная запись: своей плотности нет, числитель трансекты по ней не восстановить",author_area_replaces_endpoint_distance;object_time_is_parent_interval
MPL-0441,S2:MSM41_litter-T54,S2_SARGASSO_MSM41,item_observation,S2_visual_GT2,object_context,plastic,>2 cm (macro),2015-04-22,10:02:00,11:02:00,30.9286,-59.418667,observer_at_sighting,,,0.18244,,missing,,rejected,item_observation,"объектная запись: своей плотности нет, числитель трансекты по ней не восстановить",author_area_replaces_endpoint_distance;object_time_is_parent_interval
MPL-0442,S2:MSM41_litter-T54,S2_SARGASSO_MSM41,item_observation,S2_visual_GT2,object_context,plastic,>2 cm (macro),2015-04-22,10:02:00,11:02:00,30.930983,-59.386583,observer_at_sighting,,,0.18244,,missing,,rejected,item_observation,"объектная запись: своей плотности нет, числитель трансекты по ней не восстановить",author_area_replaces_endpoint_distance;object_row_match_ambiguous_or_unresolved;object_time_is_parent_interval
MPL-0443,S2:MSM41_litter-T54,S2_SARGASSO_MSM41,transect_density,S2_visual_GT2,total_plastic,plastic (all polymers),>2 cm (macro),2015-04-22,10:02:00,11:02:00,30.931417,-59.3956,transect_midpoint_arithmetic,98.6626,18,0.18244,98.6626,match,plastic-visual,accepted,accepted,принята,author_area_replaces_endpoint_distance
MPL-0444,S2:MSM41_litter-T54,S2_SARGASSO_MSM41,transect_density,S2_visual_GT2,plastic_category,plastic,>2 cm (macro),2015-04-22,10:02:00,11:02:00,30.931417,-59.3956,transect_midpoint_arithmetic,98.6626,18,0.18244,98.6626,match,,rejected,category,"отдельная категория, а не суммарная величина: plastic_category",author_area_replaces_endpoint_distance
MPL-0445,S2:MSM41_litter-T54,S2_SARGASSO_MSM41,item_observation,S2_visual_GT2,object_context,plastic,>2 cm (macro),2015-04-22,10:02:00,11:02:00,30.932767,-59.33375,observer_at_sighting,,,0.18244,,missing,,rejected,item_observation,"объектная запись: своей плотности нет, числитель трансекты по ней не восстановить",author_area_replaces_endpoint_distance;object_time_is_parent_interval
MPL-0446,S2:MSM41_litter-T54,S2_SARGASSO_MSM41,item_observation,S2_visual_GT2,object_context,plastic,>2 cm (macro),2015-04-22,10:02:00,11:02:00,30.933817,-59.30495,observer_at_sighting,,,0.18244,,missing,,rejected,item_observation,"объектная запись: своей плотности нет, числитель трансекты по ней не восстановить",author_area_replaces_endpoint_distance;object_row_match_ambiguous_or_unresolved;object_time_is_parent_interval
MPL-0447,S2:MSM41_litter-T54,S2_SARGASSO_MSM41,item_observation,S2_visual_GT2,object_context,plastic,>2 cm (macro),2015-04-22,10:02:00,11:02:00,30.934167,-59.305867,observer_at_sighting,,,0.18244,,missing,,rejected,item_observation,"объектная запись: своей плотности нет, числитель трансекты по ней не восстановить",author_area_replaces_endpoint_distance;object_time_is_parent_interval
MPL-0448,S2:MSM41_litter-T55,S2_SARGASSO_MSM41,item_observation,S2_visual_GT2,object_context,plastic,>2 cm (macro),2015-04-22,12:02:00,12:56:00,30.944317,-59.094183,observer_at_sighting,,,0.16633,,missing,,rejected,item_observation,"объектная запись: своей плотности нет, числитель трансекты по ней не восстановить",author_area_replaces_endpoint_distance;companion_count_differs_sum_float_items;object_time_is_parent_interval
MPL-0449,S2:MSM41_litter-T55,S2_SARGASSO_MSM41,item_observation,S2_visual_GT2,object_context,plastic,>2 cm (macro),2015-04-22,12:02:00,12:56:00,30.944933,-59.083067,observer_at_sighting,,,0.16633,,missing,,rejected,item_observation,"объектная запись: своей плотности нет, числитель трансекты по ней не восстановить",author_area_replaces_endpoint_distance;companion_count_differs_sum_float_items;object_time_is_parent_interval
MPL-0450,S2:MSM41_litter-T55,S2_SARGASSO_MSM41,item_observation,S2_visual_GT2,object_context,plastic,>2 cm (macro),2015-04-22,12:02:00,12:56:00,30.945533,-59.071417,observer_at_sighting,,,0.16633,,missing,,rejected,item_observation,"объектная запись: своей плотности нет, числитель трансекты по ней не восстановить",author_area_replaces_endpoint_distance;companion_count_differs_sum_float_items;object_row_match_ambiguous_or_unresolved;object_time_is_parent_interval
MPL-0451,S2:MSM41_litter-T55,S2_SARGASSO_MSM41,item_observation,S2_visual_GT2,object_context,plastic,>2 cm (macro),2015-04-22,12:02:00,12:56:00,30.945917,-59.0615,observer_at_sighting,,,0.16633,,missing,,rejected,item_observation,"объектная запись: своей плотности нет, числитель трансекты по ней не восстановить",author_area_replaces_endpoint_distance;companion_count_differs_sum_float_items;object_time_is_parent_interval
MPL-0452,S2:MSM41_litter-T55,S2_SARGASSO_MSM41,item_observation,S2_visual_GT2,object_context,plastic,>2 cm (macro),2015-04-22,12:02:00,12:56:00,30.946267,-59.055867,observer_at_sighting,,,0.16633,,missing,,rejected,item_observation,"объектная запись: своей плотности нет, числитель трансекты по ней не восстановить",author_area_replaces_endpoint_distance;companion_count_differs_sum_float_items;object_time_is_parent_interval
MPL-0453,S2:MSM41_litter-T55,S2_SARGASSO_MSM41,item_observation,S2_visual_GT2,object_context,plastic,>2 cm (macro),2015-04-22,12:02:00,12:56:00,30.946533,-59.048733,observer_at_sighting,,,0.16633,,missing,,rejected,item_observation,"объектная запись: своей плотности нет, числитель трансекты по ней не восстановить",author_area_replaces_endpoint_distance;companion_count_differs_sum_float_items;object_time_is_parent_interval
MPL-0454,S2:MSM41_litter-T55,S2_SARGASSO_MSM41,item_observation,S2_visual_GT2,object_context,plastic,>2 cm (macro),2015-04-22,12:02:00,12:56:00,30.94685,-59.042467,observer_at_sighting,,,0.16633,,missing,,rejected,item_observation,"объектная запись: своей плотности нет, числитель трансекты по ней не восстановить",author_area_replaces_endpoint_distance;companion_count_differs_sum_float_items;object_time_is_parent_interval
MPL-0455,S2:MSM41_litter-T55,S2_SARGASSO_MSM41,transect_density,S2_visual_GT2,total_plastic,plastic (all polymers),>2 cm (macro),2015-04-22,12:02:00,12:56:00,30.948067,-59.019942,transect_midpoint_arithmetic,162.328,27,0.16633,162.328,match,plastic-visual,accepted,accepted,принята,author_area_replaces_endpoint_distance;companion_count_differs_sum_float_items
MPL-0456,S2:MSM41_litter-T55,S2_SARGASSO_MSM41,transect_density,S2_visual_GT2,plastic_category,plastic,>2 cm (macro),2015-04-22,12:02:00,12:56:00,30.948067,-59.019942,transect_midpoint_arithmetic,162.328,27,0.16633,162.328,match,,rejected,category,"отдельная категория, а не суммарная величина: plastic_category",author_area_replaces_endpoint_distance;companion_count_differs_sum_float_items
MPL-0457,S2:MSM41_litter-T55,S2_SARGASSO_MSM41,item_observation,S2_visual_GT2,object_context,plastic,>2 cm (macro),2015-04-22,12:02:00,12:56:00,30.94825,-59.025817,observer_at_sighting,,,0.16633,,missing,,rejected,item_observation,"объектная запись: своей плотности нет, числитель трансекты по ней не восстановить",author_area_replaces_endpoint_distance;companion_count_differs_sum_float_items;object_time_is_parent_interval
MPL-0458,S2:MSM41_litter-T56,S2_SARGASSO_MSM41,item_observation,S2_visual_GT2,object_context,plastic,>2 cm (macro),2015-04-22,15:05:00,15:37:00,30.972083,-58.525483,observer_at_sighting,,,0.09663,,missing,,rejected,item_observation,"объектная запись: своей плотности нет, числитель трансекты по ней не восстановить",author_area_replaces_endpoint_distance;object_time_is_parent_interval
MPL-0459,S2:MSM41_litter-T56,S2_SARGASSO_MSM41,item_observation,S2_visual_GT2,object_context,plastic,>2 cm (macro),2015-04-22,15:05:00,15:37:00,30.973533,-58.49245,observer_at_sighting,,,0.09663,,missing,,rejected,item_observation,"объектная запись: своей плотности нет, числитель трансекты по ней не восстановить",author_area_replaces_endpoint_distance;object_time_is_parent_interval
MPL-0460,S2:MSM41_litter-T56,S2_SARGASSO_MSM41,transect_density,S2_visual_GT2,total_plastic,plastic (all polymers),>2 cm (macro),2015-04-22,15:05:00,15:37:00,30.974725,-58.474867,transect_midpoint_arithmetic,124.185,12,0.09663,124.185,match,plastic-visual,accepted,accepted,принята,author_area_replaces_endpoint_distance
MPL-0461,S2:MSM41_litter-T56,S2_SARGASSO_MSM41,transect_density,S2_visual_GT2,plastic_category,plastic,>2 cm (macro),2015-04-22,15:05:00,15:37:00,30.974725,-58.474867,transect_midpoint_arithmetic,124.185,12,0.09663,124.185,match,,rejected,category,"отдельная категория, а не суммарная величина: plastic_category",author_area_replaces_endpoint_distance
MPL-0462,S2:MSM41_litter-T56,S2_SARGASSO_MSM41,item_observation,S2_visual_GT2,object_context,plastic,>2 cm (macro),2015-04-22,15:05:00,15:37:00,30.97475,-58.469617,observer_at_sighting,,,0.09663,,missing,,rejected,item_observation,"объектная запись: своей плотности нет, числитель трансекты по ней не восстановить",author_area_replaces_endpoint_distance;object_row_match_ambiguous_or_unresolved;object_time_is_parent_interval
MPL-0463,S2:MSM41_litter-T56,S2_SARGASSO_MSM41,item_observation,S2_visual_GT2,object_context,plastic,>2 cm (macro),2015-04-22,15:05:00,15:37:00,30.976817,-58.428467,observer_at_sighting,,,0.09663,,missing,,rejected,item_observation,"объектная запись: своей плотности нет, числитель трансекты по ней не восстановить",author_area_replaces_endpoint_distance;object_time_is_parent_interval
MPL-0464,S2:MSM41_litter-T58,S2_SARGASSO_MSM41,item_observation,S2_visual_GT2,object_context,plastic,>2 cm (macro),2015-04-23,17:52:00,18:52:00,29.078683,-58.01725,observer_at_sighting,,,0.24697,,missing,,rejected,item_observation,"объектная запись: своей плотности нет, числитель трансекты по ней не восстановить",author_area_replaces_endpoint_distance;object_time_is_parent_interval
MPL-0465,S2:MSM41_litter-T58,S2_SARGASSO_MSM41,item_observation,S2_visual_GT2,object_context,plastic,>2 cm (macro),2015-04-23,17:52:00,18:52:00,29.091317,-58.019233,observer_at_sighting,,,0.24697,,missing,,rejected,item_observation,"объектная запись: своей плотности нет, числитель трансекты по ней не восстановить",author_area_replaces_endpoint_distance;object_time_is_parent_interval
MPL-0466,S2:MSM41_litter-T58,S2_SARGASSO_MSM41,item_observation,S2_visual_GT2,object_context,plastic,>2 cm (macro),2015-04-23,17:52:00,18:52:00,29.097783,-58.020167,observer_at_sighting,,,0.24697,,missing,,rejected,item_observation,"объектная запись: своей плотности нет, числитель трансекты по ней не восстановить",author_area_replaces_endpoint_distance;object_time_is_parent_interval
MPL-0467,S2:MSM41_litter-T58,S2_SARGASSO_MSM41,item_observation,S2_visual_GT2,object_context,plastic,>2 cm (macro),2015-04-23,17:52:00,18:52:00,29.115783,-58.02275,observer_at_sighting,,,0.24697,,missing,,rejected,item_observation,"объектная запись: своей плотности нет, числитель трансекты по ней не восстановить",author_area_replaces_endpoint_distance;object_time_is_parent_interval
MPL-0468,S2:MSM41_litter-T58,S2_SARGASSO_MSM41,item_observation,S2_visual_GT2,object_context,plastic,>2 cm (macro),2015-04-23,17:52:00,18:52:00,29.124467,-58.02415,observer_at_sighting,,,0.24697,,missing,,rejected,item_observation,"объектная запись: своей плотности нет, числитель трансекты по ней не восстановить",author_area_replaces_endpoint_distance;object_time_is_parent_interval
MPL-0469,S2:MSM41_litter-T58,S2_SARGASSO_MSM41,item_observation,S2_visual_GT2,object_context,plastic,>2 cm (macro),2015-04-23,17:52:00,18:52:00,29.128,-58.024683,observer_at_sighting,,,0.24697,,missing,,rejected,item_observation,"объектная запись: своей плотности нет, числитель трансекты по ней не восстановить",author_area_replaces_endpoint_distance;object_time_is_parent_interval
MPL-0470,S2:MSM41_litter-T58,S2_SARGASSO_MSM41,item_observation,S2_visual_GT2,object_context,plastic,>2 cm (macro),2015-04-23,17:52:00,18:52:00,29.132583,-58.025333,observer_at_sighting,,,0.24697,,missing,,rejected,item_observation,"объектная запись: своей плотности нет, числитель трансекты по ней не восстановить",author_area_replaces_endpoint_distance;object_time_is_parent_interval
MPL-0471,S2:MSM41_litter-T58,S2_SARGASSO_MSM41,item_observation,S2_visual_GT2,object_context,plastic,>2 cm (macro),2015-04-23,17:52:00,18:52:00,29.138067,-58.026083,observer_at_sighting,,,0.24697,,missing,,rejected,item_observation,"объектная запись: своей плотности нет, числитель трансекты по ней не восстановить",author_area_replaces_endpoint_distance;object_time_is_parent_interval
MPL-0472,S2:MSM41_litter-T58,S2_SARGASSO_MSM41,transect_density,S2_visual_GT2,total_plastic,plastic (all polymers),>2 cm (macro),2015-04-23,17:52:00,18:52:00,29.141217,-58.026608,transect_midpoint_arithmetic,222.699,55,0.24697,222.699,match,plastic-visual,accepted,accepted,принята,author_area_replaces_endpoint_distance
MPL-0473,S2:MSM41_litter-T58,S2_SARGASSO_MSM41,transect_density,S2_visual_GT2,plastic_category,plastic,>2 cm (macro),2015-04-23,17:52:00,18:52:00,29.141217,-58.026608,transect_midpoint_arithmetic,222.699,55,0.24697,222.699,match,,rejected,category,"отдельная категория, а не суммарная величина: plastic_category",author_area_replaces_endpoint_distance
MPL-0474,S2:MSM41_litter-T58,S2_SARGASSO_MSM41,item_observation,S2_visual_GT2,object_context,plastic,>2 cm (macro),2015-04-23,17:52:00,18:52:00,29.141567,-58.026583,observer_at_sighting,,,0.24697,,missing,,rejected,item_observation,"объектная запись: своей плотности нет, числитель трансекты по ней не восстановить",author_area_replaces_endpoint_distance;object_time_is_parent_interval
MPL-0475,S2:MSM41_litter-T58,S2_SARGASSO_MSM41,item_observation,S2_visual_GT2,object_context,plastic,>2 cm (macro),2015-04-23,17:52:00,18:52:00,29.153467,-58.028367,observer_at_sighting,,,0.24697,,missing,,rejected,item_observation,"объектная запись: своей плотности нет, числитель трансекты по ней не восстановить",author_area_replaces_endpoint_distance;object_time_is_parent_interval
MPL-0476,S2:MSM41_litter-T58,S2_SARGASSO_MSM41,item_observation,S2_visual_GT2,object_context,plastic,>2 cm (macro),2015-04-23,17:52:00,18:52:00,29.166883,-58.0303,observer_at_sighting,,,0.24697,,missing,,rejected,item_observation,"объектная запись: своей плотности нет, числитель трансекты по ней не восстановить",author_area_replaces_endpoint_distance;object_time_is_parent_interval
MPL-0477,S2:MSM41_litter-T58,S2_SARGASSO_MSM41,item_observation,S2_visual_GT2,object_context,plastic,>2 cm (macro),2015-04-23,17:52:00,18:52:00,29.204667,-58.036017,observer_at_sighting,,,0.24697,,missing,,rejected,item_observation,"объектная запись: своей плотности нет, числитель трансекты по ней не восстановить",author_area_replaces_endpoint_distance;object_time_is_parent_interval
MPL-0478,S2:MSM41_litter-T58,S2_SARGASSO_MSM41,item_observation,S2_visual_GT2,object_context,plastic,>2 cm (macro),2015-04-23,17:52:00,18:52:00,29.226567,-58.0393,observer_at_sighting,,,0.24697,,missing,,rejected,item_observation,"объектная запись: своей плотности нет, числитель трансекты по ней не восстановить",author_area_replaces_endpoint_distance;object_time_is_parent_interval
MPL-0479,S2:MSM41_litter-T57,S2_SARGASSO_MSM41,item_observation,S2_visual_GT2,object_context,plastic,>2 cm (macro),2015-04-23,14:55:00,15:56:00,29.672783,-58.105783,observer_at_sighting,,,0.24348,,missing,,rejected,item_observation,"объектная запись: своей плотности нет, числитель трансекты по ней не восстановить",author_area_replaces_endpoint_distance;object_row_match_ambiguous_or_unresolved;object_time_is_parent_interval
MPL-0480,S2:MSM41_litter-T57,S2_SARGASSO_MSM41,item_observation,S2_visual_GT2,object_context,plastic,>2 cm (macro),2015-04-23,14:55:00,15:56:00,29.680083,-58.106867,observer_at_sighting,,,0.24348,,missing,,rejected,item_observation,"объектная запись: своей плотности нет, числитель трансекты по ней не восстановить",author_area_replaces_endpoint_distance;object_row_match_ambiguous_or_unresolved;object_time_is_parent_interval
MPL-0481,S2:MSM41_litter-T57,S2_SARGASSO_MSM41,item_observation,S2_visual_GT2,object_context,plastic,>2 cm (macro),2015-04-23,14:55:00,15:56:00,29.710633,-58.111367,observer_at_sighting,,,0.24348,,missing,,rejected,item_observation,"объектная запись: своей плотности нет, числитель трансекты по ней не восстановить",author_area_replaces_endpoint_distance;object_time_is_parent_interval
MPL-0482,S2:MSM41_litter-T57,S2_SARGASSO_MSM41,item_observation,S2_visual_GT2,object_context,plastic,>2 cm (macro),2015-04-23,14:55:00,15:56:00,29.741833,-58.116067,observer_at_sighting,,,0.24348,,missing,,rejected,item_observation,"объектная запись: своей плотности нет, числитель трансекты по ней не восстановить",author_area_replaces_endpoint_distance;object_time_is_parent_interval
MPL-0483,S2:MSM41_litter-T57,S2_SARGASSO_MSM41,item_observation,S2_visual_GT2,object_context,plastic,>2 cm (macro),2015-04-23,14:55:00,15:56:00,29.7587,-58.118533,observer_at_sighting,,,0.24348,,missing,,rejected,item_observation,"объектная запись: своей плотности нет, числитель трансекты по ней не восстановить",author_area_replaces_endpoint_distance;object_row_match_ambiguous_or_unresolved;object_time_is_parent_interval
MPL-0484,S2:MSM41_litter-T57,S2_SARGASSO_MSM41,transect_density,S2_visual_GT2,total_plastic,plastic (all polymers),>2 cm (macro),2015-04-23,14:55:00,15:56:00,29.777392,-58.121583,transect_midpoint_arithmetic,135.535,33,0.24348,135.535,match,plastic-visual,accepted,accepted,принята,author_area_replaces_endpoint_distance
MPL-0485,S2:MSM41_litter-T57,S2_SARGASSO_MSM41,transect_density,S2_visual_GT2,plastic_category,plastic,>2 cm (macro),2015-04-23,14:55:00,15:56:00,29.777392,-58.121583,transect_midpoint_arithmetic,135.535,33,0.24348,135.535,match,,rejected,category,"отдельная категория, а не суммарная величина: plastic_category",author_area_replaces_endpoint_distance
MPL-0486,S2:MSM41_litter-T57,S2_SARGASSO_MSM41,item_observation,S2_visual_GT2,object_context,plastic,>2 cm (macro),2015-04-23,14:55:00,15:56:00,29.802817,-58.12515,observer_at_sighting,,,0.24348,,missing,,rejected,item_observation,"объектная запись: своей плотности нет, числитель трансекты по ней не восстановить",author_area_replaces_endpoint_distance;object_time_is_parent_interval
MPL-0487,S2:MSM41_litter-T57,S2_SARGASSO_MSM41,item_observation,S2_visual_GT2,object_context,plastic,>2 cm (macro),2015-04-23,14:55:00,15:56:00,29.8265,-58.128883,observer_at_sighting,,,0.24348,,missing,,rejected,item_observation,"объектная запись: своей плотности нет, числитель трансекты по ней не восстановить",author_area_replaces_endpoint_distance;object_time_is_parent_interval
MPL-0488,S2:MSM41_litter-T57,S2_SARGASSO_MSM41,item_observation,S2_visual_GT2,object_context,plastic,>2 cm (macro),2015-04-23,14:55:00,15:56:00,29.849383,-58.13225,observer_at_sighting,,,0.24348,,missing,,rejected,item_observation,"объектная запись: своей плотности нет, числитель трансекты по ней не восстановить",author_area_replaces_endpoint_distance;object_time_is_parent_interval
MPL-0489,S2:MSM41_litter-T60,S2_SARGASSO_MSM41,item_observation,S2_visual_GT2,object_context,plastic,>2 cm (macro),2015-04-24,15:33:00,16:33:00,27.298917,-58.0561,observer_at_sighting,,,0.23834,,missing,,rejected,item_observation,"объектная запись: своей плотности нет, числитель трансекты по ней не восстановить",author_area_replaces_endpoint_distance;companion_count_differs_sum_float_items;object_time_is_parent_interval
MPL-0490,S2:MSM41_litter-T60,S2_SARGASSO_MSM41,item_observation,S2_visual_GT2,object_context,plastic,>2 cm (macro),2015-04-24,15:33:00,16:33:00,27.31215,-58.05805,observer_at_sighting,,,0.23834,,missing,,rejected,item_observation,"объектная запись: своей плотности нет, числитель трансекты по ней не восстановить",author_area_replaces_endpoint_distance;companion_count_differs_sum_float_items;object_time_is_parent_interval
MPL-0491,S2:MSM41_litter-T60,S2_SARGASSO_MSM41,item_observation,S2_visual_GT2,object_context,plastic,>2 cm (macro),2015-04-24,15:33:00,16:33:00,27.319867,-58.059283,observer_at_sighting,,,0.23834,,missing,,rejected,item_observation,"объектная запись: своей плотности нет, числитель трансекты по ней не восстановить",author_area_replaces_endpoint_distance;companion_count_differs_sum_float_items;object_time_is_parent_interval
MPL-0492,S2:MSM41_litter-T60,S2_SARGASSO_MSM41,item_observation,S2_visual_GT2,object_context,plastic,>2 cm (macro),2015-04-24,15:33:00,16:33:00,27.347883,-58.063867,observer_at_sighting,,,0.23834,,missing,,rejected,item_observation,"объектная запись: своей плотности нет, числитель трансекты по ней не восстановить",author_area_replaces_endpoint_distance;companion_count_differs_sum_float_items;object_time_is_parent_interval
MPL-0493,S2:MSM41_litter-T60,S2_SARGASSO_MSM41,item_observation,S2_visual_GT2,object_context,plastic,>2 cm (macro),2015-04-24,15:33:00,16:33:00,27.38275,-58.069667,observer_at_sighting,,,0.23834,,missing,,rejected,item_observation,"объектная запись: своей плотности нет, числитель трансекты по ней не восстановить",author_area_replaces_endpoint_distance;companion_count_differs_sum_float_items;object_time_is_parent_interval
MPL-0494,S2:MSM41_litter-T60,S2_SARGASSO_MSM41,transect_density,S2_visual_GT2,total_plastic,plastic (all polymers),>2 cm (macro),2015-04-24,15:33:00,16:33:00,27.39835,-58.072358,transect_midpoint_arithmetic,100.696,24,0.23834,100.696,match,plastic-visual,accepted,accepted,принята,author_area_replaces_endpoint_distance;companion_count_differs_sum_float_items
MPL-0495,S2:MSM41_litter-T60,S2_SARGASSO_MSM41,transect_density,S2_visual_GT2,plastic_category,plastic,>2 cm (macro),2015-04-24,15:33:00,16:33:00,27.39835,-58.072358,transect_midpoint_arithmetic,100.696,24,0.23834,100.696,match,,rejected,category,"отдельная категория, а не суммарная величина: plastic_category",author_area_replaces_endpoint_distance;companion_count_differs_sum_float_items
MPL-0496,S2:MSM41_litter-T60,S2_SARGASSO_MSM41,item_observation,S2_visual_GT2,object_context,plastic,>2 cm (macro),2015-04-24,15:33:00,16:33:00,27.398817,-58.072267,observer_at_sighting,,,0.23834,,missing,,rejected,item_observation,"объектная запись: своей плотности нет, числитель трансекты по ней не восстановить",author_area_replaces_endpoint_distance;companion_count_differs_sum_float_items;object_row_match_ambiguous_or_unresolved;object_time_is_parent_interval
MPL-0497,S2:MSM41_litter-T60,S2_SARGASSO_MSM41,item_observation,S2_visual_GT2,object_context,plastic,>2 cm (macro),2015-04-24,15:33:00,16:33:00,27.472817,-58.0846,observer_at_sighting,,,0.23834,,missing,,rejected,item_observation,"объектная запись: своей плотности нет, числитель трансекты по ней не восстановить",author_area_replaces_endpoint_distance;companion_count_differs_sum_float_items;object_time_is_parent_interval
MPL-0498,S2:MSM41_litter-T59,S2_SARGASSO_MSM41,item_observation,S2_visual_GT2,object_context,plastic,>2 cm (macro),2015-04-24,11:58:00,13:01:00,27.843017,-58.141617,observer_at_sighting,,,0.24508,,missing,,rejected,item_observation,"объектная запись: своей плотности нет, числитель трансекты по ней не восстановить",author_area_replaces_endpoint_distance;object_time_is_parent_interval
MPL-0499,S2:MSM41_litter-T59,S2_SARGASSO_MSM41,transect_density,S2_visual_GT2,total_plastic,plastic (all polymers),>2 cm (macro),2015-04-24,11:58:00,13:01:00,27.844375,-58.141791,transect_midpoint_arithmetic,81.606,20,0.24508,81.606,match,plastic-visual,accepted,accepted,принята,author_area_replaces_endpoint_distance
MPL-0500,S2:MSM41_litter-T59,S2_SARGASSO_MSM41,transect_density,S2_visual_GT2,plastic_category,plastic,>2 cm (macro),2015-04-24,11:58:00,13:01:00,27.844375,-58.141791,transect_midpoint_arithmetic,81.606,20,0.24508,81.606,match,,rejected,category,"отдельная категория, а не суммарная величина: plastic_category",author_area_replaces_endpoint_distance
MPL-0501,S2:MSM41_litter-T59,S2_SARGASSO_MSM41,item_observation,S2_visual_GT2,object_context,plastic,>2 cm (macro),2015-04-24,11:58:00,13:01:00,27.88505,-58.148383,observer_at_sighting,,,0.24508,,missing,,rejected,item_observation,"объектная запись: своей плотности нет, числитель трансекты по ней не восстановить",author_area_replaces_endpoint_distance;object_row_match_ambiguous_or_unresolved;object_time_is_parent_interval
MPL-0502,S2:MSM41_litter-T59,S2_SARGASSO_MSM41,item_observation,S2_visual_GT2,object_context,plastic,>2 cm (macro),2015-04-24,11:58:00,13:01:00,27.88915,-58.14905,observer_at_sighting,,,0.24508,,missing,,rejected,item_observation,"объектная запись: своей плотности нет, числитель трансекты по ней не восстановить",author_area_replaces_endpoint_distance;object_row_match_ambiguous_or_unresolved;object_time_is_parent_interval
MPL-0503,S2:MSM41_litter-T62,S2_SARGASSO_MSM41,item_observation,S2_visual_GT2,object_context,plastic,>2 cm (macro),2015-04-25,12:14:00,13:14:00,25.397817,-58.0403,observer_at_sighting,,,0.23831,,missing,,rejected,item_observation,"объектная запись: своей плотности нет, числитель трансекты по ней не восстановить",author_area_replaces_endpoint_distance;object_time_is_parent_interval
MPL-0504,S2:MSM41_litter-T62,S2_SARGASSO_MSM41,transect_density,S2_visual_GT2,total_plastic,plastic (all polymers),>2 cm (macro),2015-04-25,12:14:00,13:14:00,25.412333,-58.039733,transect_midpoint_arithmetic,16.7849,4,0.23831,16.7849,match,plastic-visual,accepted,accepted,принята,author_area_replaces_endpoint_distance
MPL-0505,S2:MSM41_litter-T62,S2_SARGASSO_MSM41,transect_density,S2_visual_GT2,plastic_category,plastic,>2 cm (macro),2015-04-25,12:14:00,13:14:00,25.412333,-58.039733,transect_midpoint_arithmetic,16.7849,4,0.23831,16.7849,match,,rejected,category,"отдельная категория, а не суммарная величина: plastic_category",author_area_replaces_endpoint_distance
MPL-0506,S2:MSM41_litter-T61,S2_SARGASSO_MSM41,item_observation,S2_visual_GT2,object_context,plastic,>2 cm (macro),2015-04-25,10:16:00,11:16:00,25.7693,-58.07335,observer_at_sighting,,,0.23075,,missing,,rejected,item_observation,"объектная запись: своей плотности нет, числитель трансекты по ней не восстановить",author_area_replaces_endpoint_distance;object_time_is_parent_interval
MPL-0507,S2:MSM41_litter-T61,S2_SARGASSO_MSM41,transect_density,S2_visual_GT2,total_plastic,plastic (all polymers),>2 cm (macro),2015-04-25,10:16:00,11:16:00,25.825333,-58.078383,transect_midpoint_arithmetic,95.3413,22,0.23075,95.3413,match,plastic-visual,accepted,accepted,принята,author_area_replaces_endpoint_distance
MPL-0508,S2:MSM41_litter-T61,S2_SARGASSO_MSM41,transect_density,S2_visual_GT2,plastic_category,plastic,>2 cm (macro),2015-04-25,10:16:00,11:16:00,25.825333,-58.078383,transect_midpoint_arithmetic,95.3413,22,0.23075,95.3413,match,,rejected,category,"отдельная категория, а не суммарная величина: plastic_category",author_area_replaces_endpoint_distance
MPL-0509,S2:MSM41_litter-T61,S2_SARGASSO_MSM41,item_observation,S2_visual_GT2,object_context,plastic,>2 cm (macro),2015-04-25,10:16:00,11:16:00,25.84575,-58.080133,observer_at_sighting,,,0.23075,,missing,,rejected,item_observation,"объектная запись: своей плотности нет, числитель трансекты по ней не восстановить",author_area_replaces_endpoint_distance;object_time_is_parent_interval
MPL-0510,S2:MSM41_litter-T61,S2_SARGASSO_MSM41,item_observation,S2_visual_GT2,object_context,plastic,>2 cm (macro),2015-04-25,10:16:00,11:16:00,25.8721,-58.082267,observer_at_sighting,,,0.23075,,missing,,rejected,item_observation,"объектная запись: своей плотности нет, числитель трансекты по ней не восстановить",author_area_replaces_endpoint_distance;object_row_match_ambiguous_or_unresolved;object_time_is_parent_interval
MPL-0511,S2:MSM41_litter-T61,S2_SARGASSO_MSM41,item_observation,S2_visual_GT2,object_context,plastic,>2 cm (macro),2015-04-25,10:16:00,11:16:00,25.89465,-58.084517,observer_at_sighting,,,0.23075,,missing,,rejected,item_observation,"объектная запись: своей плотности нет, числитель трансекты по ней не восстановить",author_area_replaces_endpoint_distance;object_time_is_parent_interval
MPL-0512,S2:MSM41_litter-T61,S2_SARGASSO_MSM41,item_observation,S2_visual_GT2,object_context,plastic,>2 cm (macro),2015-04-25,10:16:00,11:16:00,25.9013,-58.085083,observer_at_sighting,,,0.23075,,missing,,rejected,item_observation,"объектная запись: своей плотности нет, числитель трансекты по ней не восстановить",author_area_replaces_endpoint_distance;object_row_match_ambiguous_or_unresolved;object_time_is_parent_interval
MPL-0513,S2:MSM41_litter-T65,S2_SARGASSO_MSM41,transect_density,S2_visual_GT2,total_plastic,plastic (all polymers),>2 cm (macro),2015-04-26,14:49:00,15:49:00,23.101966,-58.011775,transect_midpoint_arithmetic,42.9316,7,0.16305,42.9316,match,plastic-visual,accepted,accepted,принята,author_area_replaces_endpoint_distance
MPL-0514,S2:MSM41_litter-T65,S2_SARGASSO_MSM41,transect_density,S2_visual_GT2,plastic_category,plastic,>2 cm (macro),2015-04-26,14:49:00,15:49:00,23.101966,-58.011775,transect_midpoint_arithmetic,42.9316,7,0.16305,42.9316,match,,rejected,category,"отдельная категория, а не суммарная величина: plastic_category",author_area_replaces_endpoint_distance
MPL-0515,S2:MSM41_litter-T65,S2_SARGASSO_MSM41,item_observation,S2_visual_GT2,object_context,plastic,>2 cm (macro),2015-04-26,14:49:00,15:49:00,23.1177,-58.013483,observer_at_sighting,,,0.16305,,missing,,rejected,item_observation,"объектная запись: своей плотности нет, числитель трансекты по ней не восстановить",author_area_replaces_endpoint_distance;object_time_is_parent_interval
MPL-0516,S2:MSM41_litter-T65,S2_SARGASSO_MSM41,item_observation,S2_visual_GT2,object_context,plastic,>2 cm (macro),2015-04-26,14:49:00,15:49:00,23.168633,-58.019,observer_at_sighting,,,0.16305,,missing,,rejected,item_observation,"объектная запись: своей плотности нет, числитель трансекты по ней не восстановить",author_area_replaces_endpoint_distance;object_row_match_ambiguous_or_unresolved;object_time_is_parent_interval
MPL-0517,S2:MSM41_litter-T64,S2_SARGASSO_MSM41,item_observation,S2_visual_GT2,object_context,plastic,>2 cm (macro),2015-04-26,12:43:00,13:43:00,23.37165,-58.040133,observer_at_sighting,,,0.16237,,missing,,rejected,item_observation,"объектная запись: своей плотности нет, числитель трансекты по ней не восстановить",author_area_replaces_endpoint_distance;object_time_is_parent_interval
MPL-0518,S2:MSM41_litter-T64,S2_SARGASSO_MSM41,transect_density,S2_visual_GT2,total_plastic,plastic (all polymers),>2 cm (macro),2015-04-26,12:43:00,13:43:00,23.408234,-58.043683,transect_midpoint_arithmetic,61.5877,10,0.16237,61.5877,match,plastic-visual,accepted,accepted,принята,author_area_replaces_endpoint_distance
MPL-0519,S2:MSM41_litter-T64,S2_SARGASSO_MSM41,transect_density,S2_visual_GT2,plastic_category,plastic,>2 cm (macro),2015-04-26,12:43:00,13:43:00,23.408234,-58.043683,transect_midpoint_arithmetic,61.5877,10,0.16237,61.5877,match,,rejected,category,"отдельная категория, а не суммарная величина: plastic_category",author_area_replaces_endpoint_distance
MPL-0520,S2:MSM41_litter-T64,S2_SARGASSO_MSM41,item_observation,S2_visual_GT2,object_context,plastic,>2 cm (macro),2015-04-26,12:43:00,13:43:00,23.44585,-58.04745,observer_at_sighting,,,0.16237,,missing,,rejected,item_observation,"объектная запись: своей плотности нет, числитель трансекты по ней не восстановить",author_area_replaces_endpoint_distance;object_time_is_parent_interval
MPL-0521,S2:MSM41_litter-T64,S2_SARGASSO_MSM41,item_observation,S2_visual_GT2,object_context,plastic,>2 cm (macro),2015-04-26,12:43:00,13:43:00,23.4648,-58.049433,observer_at_sighting,,,0.16237,,missing,,rejected,item_observation,"объектная запись: своей плотности нет, числитель трансекты по ней не восстановить",author_area_replaces_endpoint_distance;object_time_is_parent_interval
MPL-0522,S2:MSM41_litter-T63,S2_SARGASSO_MSM41,item_observation,S2_visual_GT2,object_context,plastic,>2 cm (macro),2015-04-26,10:10:00,11:10:00,23.733167,-58.075533,observer_at_sighting,,,0.16624,,missing,,rejected,item_observation,"объектная запись: своей плотности нет, числитель трансекты по ней не восстановить",author_area_replaces_endpoint_distance;object_time_is_parent_interval
MPL-0523,S2:MSM41_litter-T63,S2_SARGASSO_MSM41,transect_density,S2_visual_GT2,total_plastic,plastic (all polymers),>2 cm (macro),2015-04-26,10:10:00,11:10:00,23.77935,-58.079925,transect_midpoint_arithmetic,36.0924,6,0.16624,36.0924,match,plastic-visual,accepted,accepted,принята,author_area_replaces_endpoint_distance
MPL-0524,S2:MSM41_litter-T63,S2_SARGASSO_MSM41,transect_density,S2_visual_GT2,plastic_category,plastic,>2 cm (macro),2015-04-26,10:10:00,11:10:00,23.77935,-58.079925,transect_midpoint_arithmetic,36.0924,6,0.16624,36.0924,match,,rejected,category,"отдельная категория, а не суммарная величина: plastic_category",author_area_replaces_endpoint_distance
MPL-0525,S2:MSM41_litter-T63,S2_SARGASSO_MSM41,item_observation,S2_visual_GT2,object_context,plastic,>2 cm (macro),2015-04-26,10:10:00,11:10:00,23.839117,-58.085583,observer_at_sighting,,,0.16624,,missing,,rejected,item_observation,"объектная запись: своей плотности нет, числитель трансекты по ней не восстановить",author_area_replaces_endpoint_distance;object_time_is_parent_interval
MPL-0526,S1:0.1,S1_GPGP2018,transect_density,S1_trawl_5_to_50,total_plastic,plastic,5-50 cm (macroplastic),2015-07-25,21:30:00,23:03:00,33.1895665,-128.790017,transect_midpoint_arithmetic,91.015,,0.054936,,published_only,plastic-trawl,accepted,accepted,принята,
MPL-0527,S1:0.1,S1_GPGP2018,transect_density,S1_trawl_GT5_H,plastic_category,plastic,>5 cm (macro+mega),2015-07-25,21:30:00,23:03:00,33.1895665,-128.790017,transect_midpoint_arithmetic,36.406,2,0.054936,36.406,match,,rejected,category,"отдельная категория, а не суммарная величина: plastic_category",start_coordinate_corrected_to_midpoint;category_dictionary_corrected
MPL-0528,S1:2.3,S1_GPGP2018,transect_density,S1_trawl_GT5_N,plastic_category,plastic,>5 cm (macro+mega),2015-07-27,20:54:00,00:28:00,29.054015,-134.546025,transect_midpoint_arithmetic,8.5649,1,0.116756,8.5649,match,,rejected,category,"отдельная категория, а не суммарная величина: plastic_category",start_coordinate_corrected_to_midpoint
MPL-0529,S1:2.4,S1_GPGP2018,transect_density,S1_trawl_GT5_N,plastic_category,plastic,>5 cm (macro+mega),2015-07-27,21:01:00,00:08:00,29.055215,-134.5443415,transect_midpoint_arithmetic,40.45,4,0.098887,40.45,match,,rejected,category,"отдельная категория, а не суммарная величина: plastic_category",start_coordinate_corrected_to_midpoint
MPL-0530,S1:2.3,S1_GPGP2018,transect_density,S1_trawl_5_to_50,total_plastic,plastic,5-50 cm (macroplastic),2015-07-27,20:54:00,00:28:00,29.054015,-134.546025,transect_midpoint_arithmetic,61.818,,0.116756,,published_only,plastic-trawl,accepted,accepted,принята,
MPL-0531,S1:1.3,S1_GPGP2018,transect_density,S1_trawl_5_to_50,total_plastic,plastic,5-50 cm (macroplastic),2015-07-27,15:34:00,19:13:00,29.07234,-134.05625,transect_midpoint_arithmetic,152.893,,0.117729,,published_only,plastic-trawl,accepted,accepted,принята,
MPL-0532,S1:1.3,S1_GPGP2018,transect_density,S1_trawl_GT5_H,plastic_category,plastic,>5 cm (macro+mega),2015-07-27,15:34:00,19:13:00,29.07234,-134.05625,transect_midpoint_arithmetic,110.423,13,0.117729,110.423,match,,rejected,category,"отдельная категория, а не суммарная величина: plastic_category",start_coordinate_corrected_to_midpoint;category_dictionary_corrected
MPL-0533,S1:1.3,S1_GPGP2018,transect_density,S1_trawl_GT5_N,plastic_category,plastic,>5 cm (macro+mega),2015-07-27,15:34:00,19:13:00,29.07234,-134.05625,transect_midpoint_arithmetic,50.9643,6,0.117729,50.9643,match,,rejected,category,"отдельная категория, а не суммарная величина: plastic_category",start_coordinate_corrected_to_midpoint
MPL-0534,S1:1.4,S1_GPGP2018,transect_density,S1_trawl_GT5_N,plastic_category,plastic,>5 cm (macro+mega),2015-07-27,15:05:00,18:49:00,29.073635,-134.0370835,transect_midpoint_arithmetic,8.00369,1,0.124942,8.00369,match,,rejected,category,"отдельная категория, а не суммарная величина: plastic_category",start_coordinate_corrected_to_midpoint
MPL-0535,S1:4.3,S1_GPGP2018,transect_density,S1_trawl_5_to_50,total_plastic,plastic,5-50 cm (macroplastic),2015-07-28,09:12:00,12:06:00,28.988125,-135.6992415,transect_midpoint_arithmetic,255.766,,0.093836,,published_only,plastic-trawl,accepted,accepted,принята,
MPL-0536,S1:4.3,S1_GPGP2018,transect_density,S1_trawl_GT5_H,plastic_category,plastic,>5 cm (macro+mega),2015-07-28,09:12:00,12:06:00,28.988125,-135.6992415,transect_midpoint_arithmetic,245.109,23,0.093836,245.109,match,,rejected,category,"отдельная категория, а не суммарная величина: plastic_category",start_coordinate_corrected_to_midpoint;category_dictionary_corrected
MPL-0537,S1:6.4,S1_GPGP2018,transect_density,S1_trawl_GT5_H,plastic_category,plastic,>5 cm (macro+mega),2015-07-28,20:44:00,00:08:00,29.0074,-136.8627915,transect_midpoint_arithmetic,249.852,28,0.112066,249.852,match,,rejected,category,"отдельная категория, а не суммарная величина: plastic_category",start_coordinate_corrected_to_midpoint;category_dictionary_corrected
MPL-0538,S1:6.4,S1_GPGP2018,transect_density,S1_trawl_GT5_N,plastic_category,plastic,>5 cm (macro+mega),2015-07-28,20:44:00,00:08:00,29.0074,-136.8627915,transect_midpoint_arithmetic,107.079,12,0.112066,107.079,match,,rejected,category,"отдельная категория, а не суммарная величина: plastic_category",start_coordinate_corrected_to_midpoint
MPL-0539,S1:4.4,S1_GPGP2018,transect_density,S1_trawl_GT5_H,plastic_category,plastic,>5 cm (macro+mega),2015-07-28,08:57:00,12:28:00,28.987135,-135.700825,transect_midpoint_arithmetic,405.009,45,0.111109,405.009,match,,rejected,category,"отдельная категория, а не суммарная величина: plastic_category",start_coordinate_corrected_to_midpoint;category_dictionary_corrected
MPL-0540,S1:6.3,S1_GPGP2018,transect_density,S1_trawl_GT5_H,plastic_category,plastic,>5 cm (macro+mega),2015-07-28,21:00:00,00:28:00,29.00841,-136.8621665,transect_midpoint_arithmetic,276.48,26,0.094039,276.48,match,,rejected,category,"отдельная категория, а не суммарная величина: plastic_category",start_coordinate_corrected_to_midpoint;category_dictionary_corrected
MPL-0541,S1:5.4,S1_GPGP2018,transect_density,S1_trawl_GT5_H,plastic_category,plastic,>5 cm (macro+mega),2015-07-28,14:48:00,18:19:00,29.009515,-136.2696085,transect_midpoint_arithmetic,210.38,23,0.109326,210.38,match,,rejected,category,"отдельная категория, а не суммарная величина: plastic_category",start_coordinate_corrected_to_midpoint;category_dictionary_corrected
MPL-0542,S1:5.3,S1_GPGP2018,transect_density,S1_trawl_GT5_H,plastic_category,plastic,>5 cm (macro+mega),2015-07-28,15:03:00,17:58:00,29.00875,-136.26805,transect_midpoint_arithmetic,227.416,21,0.092342,227.416,match,,rejected,category,"отдельная категория, а не суммарная величина: plastic_category",start_coordinate_corrected_to_midpoint;category_dictionary_corrected
MPL-0543,S1:3.3,S1_GPGP2018,transect_density,S1_trawl_5_to_50,total_plastic,plastic,5-50 cm (macroplastic),2015-07-28,02:42:00,06:21:00,29.00679,-135.1118335,transect_midpoint_arithmetic,177.809,,0.116222,,published_only,plastic-trawl,accepted,accepted,принята,
MPL-0544,S1:6.4,S1_GPGP2018,transect_density,S1_trawl_5_to_50,total_plastic,plastic,5-50 cm (macroplastic),2015-07-28,20:44:00,00:08:00,29.0074,-136.8627915,transect_midpoint_arithmetic,348.008,,0.112066,,published_only,plastic-trawl,accepted,accepted,принята,
MPL-0545,S1:6.3,S1_GPGP2018,transect_density,S1_trawl_5_to_50,total_plastic,plastic,5-50 cm (macroplastic),2015-07-28,21:00:00,00:28:00,29.00841,-136.8621665,transect_midpoint_arithmetic,340.283,,0.094039,,published_only,plastic-trawl,accepted,accepted,принята,
MPL-0546,S1:5.3,S1_GPGP2018,transect_density,S1_trawl_5_to_50,total_plastic,plastic,5-50 cm (macroplastic),2015-07-28,15:03:00,17:58:00,29.00875,-136.26805,transect_midpoint_arithmetic,346.539,,0.092342,,published_only,plastic-trawl,accepted,accepted,принята,
MPL-0547,S1:3.4,S1_GPGP2018,transect_density,S1_trawl_GT5_N,plastic_category,plastic,>5 cm (macro+mega),2015-07-28,02:57:00,05:59:00,29.00825,-135.1098335,transect_midpoint_arithmetic,60.1605,6,0.099733,60.1605,match,,rejected,category,"отдельная категория, а не суммарная величина: plastic_category",start_coordinate_corrected_to_midpoint
MPL-0548,S1:3.3,S1_GPGP2018,transect_density,S1_trawl_GT5_N,plastic_category,plastic,>5 cm (macro+mega),2015-07-28,02:42:00,06:21:00,29.00679,-135.1118335,transect_midpoint_arithmetic,51.6255,6,0.116222,51.6255,match,,rejected,category,"отдельная категория, а не суммарная величина: plastic_category",start_coordinate_corrected_to_midpoint
MPL-0549,S1:9.3,S1_GPGP2018,transect_density,S1_trawl_GT5_N,plastic_category,plastic,>5 cm (macro+mega),2015-07-29,14:33:00,17:16:00,28.9996,-138.5808165,transect_midpoint_arithmetic,168.293,14,0.083188,168.293,match,,rejected,category,"отдельная категория, а не суммарная величина: plastic_category",start_coordinate_corrected_to_midpoint
MPL-0550,S1:9.4,S1_GPGP2018,transect_density,S1_trawl_GT5_H,plastic_category,plastic,>5 cm (macro+mega),2015-07-29,14:14:00,17:32:00,28.999935,-138.5806,transect_midpoint_arithmetic,373.926,36,0.096276,373.926,match,,rejected,category,"отдельная категория, а не суммарная величина: plastic_category",start_coordinate_corrected_to_midpoint;category_dictionary_corrected
MPL-0551,S1:9.4,S1_GPGP2018,transect_density,S1_trawl_5_to_50,total_plastic,plastic,5-50 cm (macroplastic),2015-07-29,14:14:00,17:32:00,28.999935,-138.5806,transect_midpoint_arithmetic,415.473,,0.096276,,published_only,plastic-trawl,accepted,accepted,принята,
MPL-0552,S1:10.3,S1_GPGP2018,transect_density,S1_trawl_GT5_H,plastic_category,plastic,>5 cm (macro+mega),2015-07-29,20:22:00,23:05:00,29.0056,-139.1793335,transect_midpoint_arithmetic,325.875,27,0.082854,325.875,match,,rejected,category,"отдельная категория, а не суммарная величина: plastic_category",start_coordinate_corrected_to_midpoint;category_dictionary_corrected
MPL-0553,S1:10.4,S1_GPGP2018,transect_density,S1_trawl_GT5_H,plastic_category,plastic,>5 cm (macro+mega),2015-07-29,20:40:00,23:27:00,29.000435,-139.1930835,transect_midpoint_arithmetic,350.089,29,0.082836,350.089,match,,rejected,category,"отдельная категория, а не суммарная величина: plastic_category",start_coordinate_corrected_to_midpoint;category_dictionary_corrected
MPL-0554,S1:10.4,S1_GPGP2018,transect_density,S1_trawl_5_to_50,total_plastic,plastic,5-50 cm (macroplastic),2015-07-29,20:40:00,23:27:00,29.000435,-139.1930835,transect_midpoint_arithmetic,422.521,,0.082836,,published_only,plastic-trawl,accepted,accepted,принята,
MPL-0555,S1:8.4,S1_GPGP2018,transect_density,S1_trawl_5_to_50,total_plastic,plastic,5-50 cm (macroplastic),2015-07-29,08:36:00,12:09:00,29.00169,-138.0501585,transect_midpoint_arithmetic,257.163,,0.116657,,published_only,plastic-trawl,accepted,accepted,принята,
MPL-0556,S1:8.4,S1_GPGP2018,transect_density,S1_trawl_GT5_N,plastic_category,plastic,>5 cm (macro+mega),2015-07-29,08:36:00,12:09:00,29.00169,-138.0501585,transect_midpoint_arithmetic,120.009,14,0.116657,120.009,match,,rejected,category,"отдельная категория, а не суммарная величина: plastic_category",start_coordinate_corrected_to_midpoint
MPL-0557,S1:8.3,S1_GPGP2018,transect_density,S1_trawl_GT5_N,plastic_category,plastic,>5 cm (macro+mega),2015-07-29,09:00:00,11:46:00,29.0021,-138.051075,transect_midpoint_arithmetic,186.715,17,0.091048,186.715,match,,rejected,category,"отдельная категория, а не суммарная величина: plastic_category",start_coordinate_corrected_to_midpoint
MPL-0558,S1:11.4,S1_GPGP2018,transect_density,S1_trawl_GT5_H,plastic_category,plastic,>5 cm (macro+mega),2015-07-29,02:13:00,05:26:00,29.0174845,-139.833862,transect_midpoint_arithmetic,75.7576,8,0.1056,75.7576,match,,rejected,category,"отдельная категория, а не суммарная величина: plastic_category",start_coordinate_corrected_to_midpoint;category_dictionary_corrected
MPL-0559,S1:7.4,S1_GPGP2018,transect_density,S1_trawl_5_to_50,total_plastic,plastic,5-50 cm (macroplastic),2015-07-29,02:40:00,06:21:00,29.007175,-137.46765,transect_midpoint_arithmetic,346.455,,0.112569,,published_only,plastic-trawl,accepted,accepted,принята,
MPL-0560,S1:7.4,S1_GPGP2018,transect_density,S1_trawl_GT5_N,plastic_category,plastic,>5 cm (macro+mega),2015-07-29,02:40:00,06:21:00,29.007175,-137.46765,transect_midpoint_arithmetic,44.4173,5,0.112569,44.4173,match,,rejected,category,"отдельная категория, а не суммарная величина: plastic_category",start_coordinate_corrected_to_midpoint
MPL-0561,S1:11.3,S1_GPGP2018,transect_density,S1_trawl_GT5_H,plastic_category,plastic,>5 cm (macro+mega),2015-07-29,02:32:00,05:09:00,29.0198465,-139.8271595,transect_midpoint_arithmetic,123.824,10,0.08076,123.824,match,,rejected,category,"отдельная категория, а не суммарная величина: plastic_category",start_coordinate_corrected_to_midpoint;category_dictionary_corrected
MPL-0562,S1:7.3,S1_GPGP2018,transect_density,S1_trawl_GT5_N,plastic_category,plastic,>5 cm (macro+mega),2015-07-29,03:04:00,06:00:00,29.00869,-137.4724085,transect_midpoint_arithmetic,10.8878,1,0.091846,10.8878,match,,rejected,category,"отдельная категория, а не суммарная величина: plastic_category",start_coordinate_corrected_to_midpoint
MPL-0563,S1:11.4,S1_GPGP2018,transect_density,S1_trawl_5_to_50,total_plastic,plastic,5-50 cm (macroplastic),2015-07-29,02:13:00,05:26:00,29.0174845,-139.833862,transect_midpoint_arithmetic,66.2879,,0.1056,,published_only,plastic-trawl,accepted,accepted,принята,
MPL-0564,S1:12.3,S1_GPGP2018,transect_density,S1_trawl_GT5_N,plastic_category,plastic,>5 cm (macro+mega),2015-07-30,08:30:00,11:39:00,28.99819,-140.4820415,transect_midpoint_arithmetic,9.61303,1,0.104025,9.61303,match,,rejected,category,"отдельная категория, а не суммарная величина: plastic_category",start_coordinate_corrected_to_midpoint
MPL-0565,S1:12.4,S1_GPGP2018,transect_density,S1_trawl_GT5_N,plastic_category,plastic,>5 cm (macro+mega),2015-07-30,08:14:00,11:59:00,28.998435,-140.4815335,transect_midpoint_arithmetic,98.2772,12,0.122104,98.2772,match,,rejected,category,"отдельная категория, а не суммарная величина: plastic_category",start_coordinate_corrected_to_midpoint
MPL-0566,S1:12.3,S1_GPGP2018,transect_density,S1_trawl_5_to_50,total_plastic,plastic,5-50 cm (macroplastic),2015-07-30,08:30:00,11:39:00,28.99819,-140.4820415,transect_midpoint_arithmetic,86.5173,,0.104025,,published_only,plastic-trawl,accepted,accepted,принята,
MPL-0567,S1:14.3,S1_GPGP2018,transect_density,S1_trawl_GT5_H,plastic_category,plastic,>5 cm (macro+mega),2015-07-30,20:32:00,22:53:00,29.00124,-141.6246665,transect_midpoint_arithmetic,87.5444,7,0.079959,87.5444,match,,rejected,category,"отдельная категория, а не суммарная величина: plastic_category",start_coordinate_corrected_to_midpoint;category_dictionary_corrected
MPL-0568,S1:14.4,S1_GPGP2018,transect_density,S1_trawl_GT5_H,plastic_category,plastic,>5 cm (macro+mega),2015-07-30,20:15:00,23:15:00,29.001325,-141.6263585,transect_midpoint_arithmetic,224.96,22,0.097795,224.96,match,,rejected,category,"отдельная категория, а не суммарная величина: plastic_category",start_coordinate_corrected_to_midpoint;category_dictionary_corrected
MPL-0569,S1:13.3,S1_GPGP2018,transect_density,S1_trawl_5_to_50,total_plastic,plastic,5-50 cm (macroplastic),2015-07-30,14:47:00,17:47:00,28.99935,-141.0904165,transect_midpoint_arithmetic,58.417,,0.10271,,published_only,plastic-trawl,accepted,accepted,принята,
MPL-0570,S1:14.3,S1_GPGP2018,transect_density,S1_trawl_5_to_50,total_plastic,plastic,5-50 cm (macroplastic),2015-07-30,20:32:00,22:53:00,29.00124,-141.6246665,transect_midpoint_arithmetic,225.114,,0.079959,,published_only,plastic-trawl,accepted,accepted,принята,
MPL-0571,S1:13.3,S1_GPGP2018,transect_density,S1_trawl_GT5_H,plastic_category,plastic,>5 cm (macro+mega),2015-07-30,14:47:00,17:47:00,28.99935,-141.0904165,transect_midpoint_arithmetic,48.6808,5,0.10271,48.6808,match,,rejected,category,"отдельная категория, а не суммарная величина: plastic_category",start_coordinate_corrected_to_midpoint;category_dictionary_corrected
MPL-0572,S1:13.4,S1_GPGP2018,transect_density,S1_trawl_GT5_H,plastic_category,plastic,>5 cm (macro+mega),2015-07-30,14:23:00,18:09:00,28.99955,-141.0908415,transect_midpoint_arithmetic,209.091,26,0.124348,209.091,match,,rejected,category,"отдельная категория, а не суммарная величина: plastic_category",start_coordinate_corrected_to_midpoint;category_dictionary_corrected
MPL-0573,S1:17.4,S1_GPGP2018,transect_density,S1_trawl_5_to_50,total_plastic,plastic,5-50 cm (macroplastic),2015-07-31,14:41:00,17:42:00,28.987515,-143.5660835,transect_midpoint_arithmetic,150.661,,0.099561,,published_only,plastic-trawl,accepted,accepted,принята,
MPL-0574,S1:17.3,S1_GPGP2018,transect_density,S1_trawl_5_to_50,total_plastic,plastic,5-50 cm (macroplastic),2015-07-31,14:16:00,17:20:00,28.98866,-143.5482335,transect_midpoint_arithmetic,201.055,,0.099475,,published_only,plastic-trawl,accepted,accepted,принята,
MPL-0575,S1:17.4,S1_GPGP2018,transect_density,S1_trawl_GT5_N,plastic_category,plastic,>5 cm (macro+mega),2015-07-31,14:41:00,17:42:00,28.987515,-143.5660835,transect_midpoint_arithmetic,20.0882,2,0.099561,20.0882,match,,rejected,category,"отдельная категория, а не суммарная величина: plastic_category",start_coordinate_corrected_to_midpoint
MPL-0576,S1:17.3,S1_GPGP2018,transect_density,S1_trawl_GT5_N,plastic_category,plastic,>5 cm (macro+mega),2015-07-31,14:16:00,17:20:00,28.98866,-143.5482335,transect_midpoint_arithmetic,10.0528,1,0.099475,10.0528,match,,rejected,category,"отдельная категория, а не суммарная величина: plastic_category",start_coordinate_corrected_to_midpoint
MPL-0577,S1:15.3,S1_GPGP2018,transect_density,S1_trawl_5_to_50,total_plastic,plastic,5-50 cm (macroplastic),2015-07-31,02:39:00,05:38:00,29.00566,-142.3245335,transect_midpoint_arithmetic,141.837,,0.091655,,published_only,plastic-trawl,accepted,accepted,принята,
MPL-0578,S1:15.4,S1_GPGP2018,transect_density,S1_trawl_GT5_H,plastic_category,plastic,>5 cm (macro+mega),2015-07-31,02:22:00,05:56:00,29.00525,-142.3221835,transect_midpoint_arithmetic,84.8384,9,0.106084,84.8384,match,,rejected,category,"отдельная категория, а не суммарная величина: plastic_category",start_coordinate_corrected_to_midpoint;category_dictionary_corrected
MPL-0579,S1:15.4,S1_GPGP2018,transect_density,S1_trawl_GT5_N,plastic_category,plastic,>5 cm (macro+mega),2015-07-31,02:22:00,05:56:00,29.00525,-142.3221835,transect_midpoint_arithmetic,433.619,46,0.106084,433.619,match,,rejected,category,"отдельная категория, а не суммарная величина: plastic_category",start_coordinate_corrected_to_midpoint
MPL-0580,S1:15.3,S1_GPGP2018,transect_density,S1_trawl_GT5_H,plastic_category,plastic,>5 cm (macro+mega),2015-07-31,02:39:00,05:38:00,29.00566,-142.3245335,transect_midpoint_arithmetic,21.821,2,0.091655,21.821,match,,rejected,category,"отдельная категория, а не суммарная величина: plastic_category",start_coordinate_corrected_to_midpoint;category_dictionary_corrected
MPL-0581,S1:16.3,S1_GPGP2018,transect_density,S1_trawl_5_to_50,total_plastic,plastic,5-50 cm (macroplastic),2015-07-31,08:46:00,11:38:00,29.00719,-142.9808085,transect_midpoint_arithmetic,315.828,,0.091822,,published_only,plastic-trawl,accepted,accepted,принята,
MPL-0582,S1:16.4,S1_GPGP2018,transect_density,S1_trawl_GT5_N,plastic_category,plastic,>5 cm (macro+mega),2015-07-31,08:30:00,11:53:00,29.005857,-142.9653,transect_midpoint_arithmetic,16.38,2,0.1221,16.38,match,,rejected,category,"отдельная категория, а не суммарная величина: plastic_category",start_coordinate_corrected_to_midpoint
MPL-0583,S1:16.3,S1_GPGP2018,transect_density,S1_trawl_GT5_N,plastic_category,plastic,>5 cm (macro+mega),2015-07-31,08:46:00,11:38:00,29.00719,-142.9808085,transect_midpoint_arithmetic,185.141,17,0.091822,185.141,match,,rejected,category,"отдельная категория, а не суммарная величина: plastic_category",start_coordinate_corrected_to_midpoint
MPL-0584,S1:20.3,S1_GPGP2018,transect_density,S1_trawl_GT5_N,plastic_category,plastic,>5 cm (macro+mega),2015-08-01,20:41:00,23:59:00,30.002485,-141.7690665,transect_midpoint_arithmetic,180.899,14,0.077391,180.899,match,,rejected,category,"отдельная категория, а не суммарная величина: plastic_category",start_coordinate_corrected_to_midpoint
MPL-0585,S1:20.4,S1_GPGP2018,transect_density,S1_trawl_GT5_N,plastic_category,plastic,>5 cm (macro+mega),2015-08-01,20:18:00,00:19:00,30.006425,-141.7679665,transect_midpoint_arithmetic,289.274,25,0.086423,289.274,match,,rejected,category,"отдельная категория, а не суммарная величина: plastic_category",start_coordinate_corrected_to_midpoint
MPL-0586,S1:18.4,S1_GPGP2018,transect_density,S1_trawl_GT5_H,plastic_category,plastic,>5 cm (macro+mega),2015-08-01,08:07:00,11:02:00,30.023565,-142.7086915,transect_midpoint_arithmetic,1038.92,118,0.11358,1038.92,match,,rejected,category,"отдельная категория, а не суммарная величина: plastic_category",start_coordinate_corrected_to_midpoint;category_dictionary_corrected
MPL-0587,S1:18.4,S1_GPGP2018,transect_density,S1_trawl_GT5_F,plastic_category,foamed plastic (including EPS),>5 cm (macro+mega),2015-08-01,08:07:00,11:02:00,30.023565,-142.7086915,transect_midpoint_arithmetic,8.80437,1,0.11358,8.80437,match,,rejected,category,"отдельная категория, а не суммарная величина: plastic_category",start_coordinate_corrected_to_midpoint;category_dictionary_corrected
MPL-0588,S1:20.4,S1_GPGP2018,transect_density,S1_trawl_5_to_50,total_plastic,plastic,5-50 cm (macroplastic),2015-08-01,20:18:00,00:19:00,30.006425,-141.7679665,transect_midpoint_arithmetic,659.544,,0.086423,,published_only,plastic-trawl,accepted,accepted,принята,
MPL-0589,S1:18.3,S1_GPGP2018,transect_density,S1_trawl_GT5_N,plastic_category,plastic,>5 cm (macro+mega),2015-08-01,08:36:00,11:43:00,30.025135,-142.7147915,transect_midpoint_arithmetic,149.79,15,0.10014,149.79,match,,rejected,category,"отдельная категория, а не суммарная величина: plastic_category",start_coordinate_corrected_to_midpoint
MPL-0590,S1:19.4,S1_GPGP2018,transect_density,S1_trawl_5_to_50,total_plastic,plastic,5-50 cm (macroplastic),2015-08-01,14:08:00,17:41:00,30.010985,-142.26325,transect_midpoint_arithmetic,2109.26,,0.080123,,published_only,plastic-trawl,accepted,accepted,принята,
MPL-0591,S1:19.4,S1_GPGP2018,transect_density,S1_trawl_GT5_N,plastic_category,plastic,>5 cm (macro+mega),2015-08-01,14:08:00,17:41:00,30.010985,-142.26325,transect_midpoint_arithmetic,661.484,53,0.080123,661.484,match,,rejected,category,"отдельная категория, а не суммарная величина: plastic_category",start_coordinate_corrected_to_midpoint
MPL-0592,S1:19.3,S1_GPGP2018,transect_density,S1_trawl_GT5_N,plastic_category,plastic,>5 cm (macro+mega),2015-08-01,14:21:00,17:25:00,30.014325,-142.2643585,transect_midpoint_arithmetic,435.788,32,0.07343,435.788,match,,rejected,category,"отдельная категория, а не суммарная величина: plastic_category",start_coordinate_corrected_to_midpoint
MPL-0593,S1:18.4,S1_GPGP2018,transect_density,S1_trawl_5_to_50,total_plastic,plastic,5-50 cm (macroplastic),2015-08-01,08:07:00,11:02:00,30.023565,-142.7086915,transect_midpoint_arithmetic,1162.18,,0.11358,,published_only,plastic-trawl,accepted,accepted,принята,
MPL-0594,S1:24.4,S1_GPGP2018,transect_density,S1_trawl_GT5_H,plastic_category,plastic,>5 cm (macro+mega),2015-08-02,20:18:00,23:59:00,29.9806,-139.8215915,transect_midpoint_arithmetic,158.049,15,0.094907,158.049,match,,rejected,category,"отдельная категория, а не суммарная величина: plastic_category",start_coordinate_corrected_to_midpoint;category_dictionary_corrected
MPL-0595,S1:24.3,S1_GPGP2018,transect_density,S1_trawl_GT5_H,plastic_category,plastic,>5 cm (macro+mega),2015-08-02,20:33:00,23:46:00,29.98286,-139.8207585,transect_midpoint_arithmetic,186.691,16,0.085703,186.691,match,,rejected,category,"отдельная категория, а не суммарная величина: plastic_category",start_coordinate_corrected_to_midpoint;category_dictionary_corrected
MPL-0596,S1:24.4,S1_GPGP2018,transect_density,S1_trawl_5_to_50,total_plastic,plastic,5-50 cm (macroplastic),2015-08-02,20:18:00,23:59:00,29.9806,-139.8215915,transect_midpoint_arithmetic,495.22,,0.094907,,published_only,plastic-trawl,accepted,accepted,принята,
MPL-0597,S1:21.4,S1_GPGP2018,transect_density,S1_trawl_5_to_50,total_plastic,plastic,5-50 cm (macroplastic),2015-08-02,02:15:00,06:06:00,29.998635,-141.3439415,transect_midpoint_arithmetic,844.062,,0.095964,,published_only,plastic-trawl,accepted,accepted,принята,
MPL-0598,S1:21.4,S1_GPGP2018,transect_density,S1_trawl_GT5_H,plastic_category,plastic,>5 cm (macro+mega),2015-08-02,02:15:00,06:06:00,29.998635,-141.3439415,transect_midpoint_arithmetic,427.241,41,0.095964,427.241,match,,rejected,category,"отдельная категория, а не суммарная величина: plastic_category",start_coordinate_corrected_to_midpoint;category_dictionary_corrected
MPL-0599,S1:22.4,S1_GPGP2018,transect_density,S1_trawl_5_to_50,total_plastic,plastic,5-50 cm (macroplastic),2015-08-02,08:34:00,12:08:00,29.999935,-140.8015085,transect_midpoint_arithmetic,724.646,,0.096599,,published_only,plastic-trawl,accepted,accepted,принята,
MPL-0600,S1:22.3,S1_GPGP2018,transect_density,S1_trawl_GT5_H,plastic_category,plastic,>5 cm (macro+mega),2015-08-02,08:45:00,11:51:00,30.001735,-140.802275,transect_midpoint_arithmetic,419.034,37,0.088298,419.034,match,,rejected,category,"отдельная категория, а не суммарная величина: plastic_category",start_coordinate_corrected_to_midpoint;category_dictionary_corrected
MPL-0601,S1:22.4,S1_GPGP2018,transect_density,S1_trawl_GT5_H,plastic_category,plastic,>5 cm (macro+mega),2015-08-02,08:34:00,12:08:00,29.999935,-140.8015085,transect_midpoint_arithmetic,434.787,42,0.096599,434.787,match,,rejected,category,"отдельная категория, а не суммарная величина: plastic_category",start_coordinate_corrected_to_midpoint;category_dictionary_corrected
MPL-0602,S1:21.3,S1_GPGP2018,transect_density,S1_trawl_GT5_H,plastic_category,plastic,>5 cm (macro+mega),2015-08-02,02:36:00,05:48:00,30.00219,-141.342125,transect_midpoint_arithmetic,359.361,30,0.083481,359.361,match,,rejected,category,"отдельная категория, а не суммарная величина: plastic_category",start_coordinate_corrected_to_midpoint;category_dictionary_corrected
MPL-0603,S1:27.3,S1_GPGP2018,transect_density,S1_trawl_5_to_50,total_plastic,plastic,5-50 cm (macroplastic),2015-08-03,14:09:00,18:08:00,29.985215,-138.2296,transect_midpoint_arithmetic,423.878,,0.115599,,published_only,plastic-trawl,accepted,accepted,принята,
MPL-0604,S1:28.4,S1_GPGP2018,transect_density,S1_trawl_GT5_N,plastic_category,plastic,>5 cm (macro+mega),2015-08-03,20:37:00,00:06:00,30.00015,-137.7417335,transect_midpoint_arithmetic,145.378,13,0.089422,145.378,match,,rejected,category,"отдельная категория, а не суммарная величина: plastic_category",start_coordinate_corrected_to_midpoint
MPL-0605,S1:28.3,S1_GPGP2018,transect_density,S1_trawl_GT5_N,plastic_category,plastic,>5 cm (macro+mega),2015-08-03,20:48:00,23:46:00,30.003565,-137.7446665,transect_midpoint_arithmetic,237.764,19,0.079911,237.764,match,,rejected,category,"отдельная категория, а не суммарная величина: plastic_category",start_coordinate_corrected_to_midpoint
MPL-0606,S1:26.3,S1_GPGP2018,transect_density,S1_trawl_5_to_50,total_plastic,plastic,5-50 cm (macroplastic),2015-08-03,08:47:00,11:43:00,30.00074,-138.767875,transect_midpoint_arithmetic,529.964,,0.092459,,published_only,plastic-trawl,accepted,accepted,принята,
MPL-0607,S1:25.3,S1_GPGP2018,transect_density,S1_trawl_5_to_50,total_plastic,plastic,5-50 cm (macroplastic),2015-08-03,02:28:00,05:42:00,30.00105,-139.342975,transect_midpoint_arithmetic,1719.44,,0.084912,,published_only,plastic-trawl,accepted,accepted,принята,
MPL-0608,S1:26.4,S1_GPGP2018,transect_density,S1_trawl_GT5_N,plastic_category,plastic,>5 cm (macro+mega),2015-08-03,08:33:00,11:58:00,29.999025,-138.7680585,transect_midpoint_arithmetic,559.332,57,0.101907,559.332,match,,rejected,category,"отдельная категория, а не суммарная величина: plastic_category",start_coordinate_corrected_to_midpoint
MPL-0609,S1:26.3,S1_GPGP2018,transect_density,S1_trawl_GT5_N,plastic_category,plastic,>5 cm (macro+mega),2015-08-03,08:47:00,11:43:00,30.00074,-138.767875,transect_midpoint_arithmetic,367.73,34,0.092459,367.73,match,,rejected,category,"отдельная категория, а не суммарная величина: plastic_category",start_coordinate_corrected_to_midpoint
MPL-0610,S1:28.3,S1_GPGP2018,transect_density,S1_trawl_5_to_50,total_plastic,plastic,5-50 cm (macroplastic),2015-08-03,20:48:00,23:46:00,30.003565,-137.7446665,transect_midpoint_arithmetic,505.189,,0.079911,,published_only,plastic-trawl,accepted,accepted,принята,
MPL-0611,S1:27.3,S1_GPGP2018,transect_density,S1_trawl_GT5_N,plastic_category,plastic,>5 cm (macro+mega),2015-08-03,14:09:00,18:08:00,29.985215,-138.2296,transect_midpoint_arithmetic,121.108,14,0.115599,121.108,match,,rejected,category,"отдельная категория, а не суммарная величина: plastic_category",start_coordinate_corrected_to_midpoint
MPL-0612,S1:25.4,S1_GPGP2018,transect_density,S1_trawl_GT5_N,plastic_category,plastic,>5 cm (macro+mega),2015-08-03,02:06:00,06:00:00,29.9968,-139.3427335,transect_midpoint_arithmetic,1745.15,165,0.094548,1745.15,match,,rejected,category,"отдельная категория, а не суммарная величина: plastic_category",start_coordinate_corrected_to_midpoint
MPL-0613,S1:27.4,S1_GPGP2018,transect_density,S1_trawl_GT5_N,plastic_category,plastic,>5 cm (macro+mega),2015-08-03,14:22:00,17:54:00,29.989615,-138.227975,transect_midpoint_arithmetic,64.0944,7,0.109214,64.0944,match,,rejected,category,"отдельная категория, а не суммарная величина: plastic_category",start_coordinate_corrected_to_midpoint
MPL-0614,S1:27.4,S1_GPGP2018,transect_density,S1_trawl_GT5_F,plastic_category,foamed plastic (including EPS),>5 cm (macro+mega),2015-08-03,14:22:00,17:54:00,29.989615,-138.227975,transect_midpoint_arithmetic,9.15635,1,0.109214,9.15635,match,,rejected,category,"отдельная категория, а не суммарная величина: plastic_category",start_coordinate_corrected_to_midpoint;category_dictionary_corrected
MPL-0615,S1:25.3,S1_GPGP2018,transect_density,S1_trawl_GT5_H,plastic_category,plastic,>5 cm (macro+mega),2015-08-03,02:28:00,05:42:00,30.00105,-139.342975,transect_midpoint_arithmetic,847.941,72,0.084912,847.941,match,,rejected,category,"отдельная категория, а не суммарная величина: plastic_category",start_coordinate_corrected_to_midpoint;category_dictionary_corrected
MPL-0616,S1:25.3,S1_GPGP2018,transect_density,S1_trawl_GT5_N,plastic_category,plastic,>5 cm (macro+mega),2015-08-03,02:28:00,05:42:00,30.00105,-139.342975,transect_midpoint_arithmetic,1012.82,86,0.084912,1012.82,match,,rejected,category,"отдельная категория, а не суммарная величина: plastic_category",start_coordinate_corrected_to_midpoint
MPL-0617,S1:29.4,S1_GPGP2018,transect_density,S1_trawl_GT5_N,plastic_category,plastic,>5 cm (macro+mega),2015-08-04,02:06:00,05:28:00,30.00011,-137.2937665,transect_midpoint_arithmetic,247.33,22,0.08895,247.33,match,,rejected,category,"отдельная категория, а не суммарная величина: plastic_category",start_coordinate_corrected_to_midpoint
MPL-0618,S1:31.4,S1_GPGP2018,transect_density,S1_trawl_5_to_50,total_plastic,plastic,5-50 cm (macroplastic),2015-08-04,14:38:00,18:02:00,29.996715,-136.0622665,transect_midpoint_arithmetic,246.226,,0.097471,,published_only,plastic-trawl,accepted,accepted,принята,
MPL-0619,S1:31.4,S1_GPGP2018,transect_density,S1_trawl_GT5_H,plastic_category,plastic,>5 cm (macro+mega),2015-08-04,14:38:00,18:02:00,29.996715,-136.0622665,transect_midpoint_arithmetic,225.707,22,0.097471,225.707,match,,rejected,category,"отдельная категория, а не суммарная величина: plastic_category",start_coordinate_corrected_to_midpoint;category_dictionary_corrected
MPL-0620,S1:29.3,S1_GPGP2018,transect_density,S1_trawl_GT5_N,plastic_category,plastic,>5 cm (macro+mega),2015-08-04,02:21:00,05:10:00,30.002915,-137.2931585,transect_midpoint_arithmetic,278.841,22,0.078898,278.841,match,,rejected,category,"отдельная категория, а не суммарная величина: plastic_category",start_coordinate_corrected_to_midpoint
MPL-0621,S1:30.4,S1_GPGP2018,transect_density,S1_trawl_5_to_50,total_plastic,plastic,5-50 cm (macroplastic),2015-08-04,08:34:00,11:53:00,30.00139,-136.6523,transect_midpoint_arithmetic,720.647,,0.09436,,published_only,plastic-trawl,accepted,accepted,принята,
MPL-0622,S1:29.3,S1_GPGP2018,transect_density,S1_trawl_5_to_50,total_plastic,plastic,5-50 cm (macroplastic),2015-08-04,02:21:00,05:10:00,30.002915,-137.2931585,transect_midpoint_arithmetic,646.405,,0.078898,,published_only,plastic-trawl,accepted,accepted,принята,
MPL-0623,S1:30.3,S1_GPGP2018,transect_density,S1_trawl_5_to_50,total_plastic,plastic,5-50 cm (macroplastic),2015-08-04,08:50:00,11:39:00,30.00491,-136.6517,transect_midpoint_arithmetic,490.394,,0.085645,,published_only,plastic-trawl,accepted,accepted,принята,
MPL-0624,S1:30.4,S1_GPGP2018,transect_density,S1_trawl_GT5_N,plastic_category,plastic,>5 cm (macro+mega),2015-08-04,08:34:00,11:53:00,30.00139,-136.6523,transect_midpoint_arithmetic,148.369,14,0.09436,148.369,match,,rejected,category,"отдельная категория, а не суммарная величина: plastic_category",start_coordinate_corrected_to_midpoint
MPL-0625,S1:30.3,S1_GPGP2018,transect_density,S1_trawl_GT5_H,plastic_category,plastic,>5 cm (macro+mega),2015-08-04,08:50:00,11:39:00,30.00491,-136.6517,transect_midpoint_arithmetic,338.606,29,0.085645,338.606,match,,rejected,category,"отдельная категория, а не суммарная величина: plastic_category",start_coordinate_corrected_to_midpoint;category_dictionary_corrected
MPL-0626,S1:30.3,S1_GPGP2018,transect_density,S1_trawl_GT5_N,plastic_category,plastic,>5 cm (macro+mega),2015-08-04,08:50:00,11:39:00,30.00491,-136.6517,transect_midpoint_arithmetic,186.817,16,0.085645,186.817,match,,rejected,category,"отдельная категория, а не суммарная величина: plastic_category",start_coordinate_corrected_to_midpoint
MPL-0627,S1:32.4,S1_GPGP2018,transect_density,S1_trawl_5_to_50,total_plastic,plastic,5-50 cm (macroplastic),2015-08-04,20:38:00,00:04:00,30.015125,-135.476125,transect_midpoint_arithmetic,949.556,,0.098994,,published_only,plastic-trawl,accepted,accepted,принята,
MPL-0628,S1:32.3,S1_GPGP2018,transect_density,S1_trawl_GT5_H,plastic_category,plastic,>5 cm (macro+mega),2015-08-04,20:48:00,23:49:00,30.0171,-135.4764415,transect_midpoint_arithmetic,604.356,55,0.091006,604.356,match,,rejected,category,"отдельная категория, а не суммарная величина: plastic_category",start_coordinate_corrected_to_midpoint;category_dictionary_corrected
MPL-0629,S1:32.4,S1_GPGP2018,transect_density,S1_trawl_GT5_H,plastic_category,plastic,>5 cm (macro+mega),2015-08-04,20:38:00,00:04:00,30.015125,-135.476125,transect_midpoint_arithmetic,676.811,67,0.098994,676.811,match,,rejected,category,"отдельная категория, а не суммарная величина: plastic_category",start_coordinate_corrected_to_midpoint;category_dictionary_corrected
MPL-0630,S1:33.4,S1_GPGP2018,transect_density,S1_trawl_GT5_N,plastic_category,plastic,>5 cm (macro+mega),2015-08-05,02:36:00,06:03:00,30.00406,-134.8896165,transect_midpoint_arithmetic,181.048,18,0.099421,181.048,match,,rejected,category,"отдельная категория, а не суммарная величина: plastic_category",start_coordinate_corrected_to_midpoint
MPL-0631,S1:34.4,S1_GPGP2018,transect_density,S1_trawl_5_to_50,total_plastic,plastic,5-50 cm (macroplastic),2015-08-05,08:35:00,12:04:00,30.000825,-134.268275,transect_midpoint_arithmetic,373.241,,0.10449,,published_only,plastic-trawl,accepted,accepted,принята,
MPL-0632,S1:34.3,S1_GPGP2018,transect_density,S1_trawl_GT5_N,plastic_category,plastic,>5 cm (macro+mega),2015-08-05,08:50:00,11:47:00,30.001865,-134.2685665,transect_midpoint_arithmetic,85.8507,8,0.093185,85.8507,match,,rejected,category,"отдельная категория, а не суммарная величина: plastic_category",start_coordinate_corrected_to_midpoint
MPL-0633,S1:34.4,S1_GPGP2018,transect_density,S1_trawl_GT5_N,plastic_category,plastic,>5 cm (macro+mega),2015-08-05,08:35:00,12:04:00,30.000825,-134.268275,transect_midpoint_arithmetic,277.538,29,0.10449,277.538,match,,rejected,category,"отдельная категория, а не суммарная величина: plastic_category",start_coordinate_corrected_to_midpoint
MPL-0634,S1:33.4,S1_GPGP2018,transect_density,S1_trawl_5_to_50,total_plastic,plastic,5-50 cm (macroplastic),2015-08-05,02:36:00,06:03:00,30.00406,-134.8896165,transect_midpoint_arithmetic,633.667,,0.099421,,published_only,plastic-trawl,accepted,accepted,принята,
MPL-0635,S1:33.3,S1_GPGP2018,transect_density,S1_trawl_GT5_H,plastic_category,plastic,>5 cm (macro+mega),2015-08-05,02:47:00,05:41:00,30.0146,-134.8929085,transect_midpoint_arithmetic,159.384,14,0.087838,159.384,match,,rejected,category,"отдельная категория, а не суммарная величина: plastic_category",start_coordinate_corrected_to_midpoint;category_dictionary_corrected
MPL-0636,S1:33.3,S1_GPGP2018,transect_density,S1_trawl_GT5_N,plastic_category,plastic,>5 cm (macro+mega),2015-08-05,02:47:00,05:41:00,30.0146,-134.8929085,transect_midpoint_arithmetic,56.923,5,0.087838,56.923,match,,rejected,category,"отдельная категория, а не суммарная величина: plastic_category",start_coordinate_corrected_to_midpoint
MPL-0637,S1:35.4,S1_GPGP2018,transect_density,S1_trawl_5_to_50,total_plastic,plastic,5-50 cm (macroplastic),2015-08-05,20:42:00,00:05:00,30.998235,-134.2625085,transect_midpoint_arithmetic,828.098,,0.10023,,published_only,plastic-trawl,accepted,accepted,принята,
MPL-0638,S1:35.3,S1_GPGP2018,transect_density,S1_trawl_GT5_N,plastic_category,plastic,>5 cm (macro+mega),2015-08-05,20:56:00,23:47:00,30.999485,-134.2638335,transect_midpoint_arithmetic,412.845,36,0.0872,412.845,match,,rejected,category,"отдельная категория, а не суммарная величина: plastic_category",start_coordinate_corrected_to_midpoint
MPL-0639,S1:35.4,S1_GPGP2018,transect_density,S1_trawl_GT5_N,plastic_category,plastic,>5 cm (macro+mega),2015-08-05,20:42:00,00:05:00,30.998235,-134.2625085,transect_midpoint_arithmetic,429.015,43,0.10023,429.015,match,,rejected,category,"отдельная категория, а не суммарная величина: plastic_category",start_coordinate_corrected_to_midpoint
MPL-0640,S1:39.3,S1_GPGP2018,transect_density,S1_trawl_5_to_50,total_plastic,plastic,5-50 cm (macroplastic),2015-08-06,20:51:00,23:48:00,30.97964,-136.3260415,transect_midpoint_arithmetic,721.014,,0.080442,,published_only,plastic-trawl,accepted,accepted,принята,
MPL-0641,S1:39.3,S1_GPGP2018,transect_density,S1_trawl_GT5_N,plastic_category,plastic,>5 cm (macro+mega),2015-08-06,20:51:00,23:48:00,30.97964,-136.3260415,transect_midpoint_arithmetic,136.744,11,0.080442,136.744,match,,rejected,category,"отдельная категория, а не суммарная величина: plastic_category",start_coordinate_corrected_to_midpoint
MPL-0642,S1:38.3,S1_GPGP2018,transect_density,S1_trawl_5_to_50,total_plastic,plastic,5-50 cm (macroplastic),2015-08-06,14:52:00,17:40:00,30.991785,-135.9519665,transect_midpoint_arithmetic,846.36,,0.08507,,published_only,plastic-trawl,accepted,accepted,принята,
MPL-0643,S1:39.4,S1_GPGP2018,transect_density,S1_trawl_GT5_N,plastic_category,plastic,>5 cm (macro+mega),2015-08-06,20:38:00,00:13:00,30.97775,-136.3294165,transect_midpoint_arithmetic,53.5582,5,0.093356,53.5582,match,,rejected,category,"отдельная категория, а не суммарная величина: plastic_category",start_coordinate_corrected_to_midpoint
MPL-0644,S1:36.4,S1_GPGP2018,transect_density,S1_trawl_GT5_H,plastic_category,plastic,>5 cm (macro+mega),2015-08-06,02:35:00,06:01:00,30.997735,-134.849,transect_midpoint_arithmetic,194.954,21,0.107718,194.954,match,,rejected,category,"отдельная категория, а не суммарная величина: plastic_category",start_coordinate_corrected_to_midpoint;category_dictionary_corrected
MPL-0645,S1:36.3,S1_GPGP2018,transect_density,S1_trawl_GT5_N,plastic_category,plastic,>5 cm (macro+mega),2015-08-06,02:47:00,05:45:00,30.997975,-134.8475585,transect_midpoint_arithmetic,112.372,11,0.097889,112.372,match,,rejected,category,"отдельная категория, а не суммарная величина: plastic_category",start_coordinate_corrected_to_midpoint
MPL-0646,S1:38.3,S1_GPGP2018,transect_density,S1_trawl_GT5_H,plastic_category,plastic,>5 cm (macro+mega),2015-08-06,14:52:00,17:40:00,30.991785,-135.9519665,transect_midpoint_arithmetic,764.075,65,0.08507,764.075,match,,rejected,category,"отдельная категория, а не суммарная величина: plastic_category",start_coordinate_corrected_to_midpoint;category_dictionary_corrected
MPL-0647,S1:36.3,S1_GPGP2018,transect_density,S1_trawl_5_to_50,total_plastic,plastic,5-50 cm (macroplastic),2015-08-06,02:47:00,05:45:00,30.997975,-134.8475585,transect_midpoint_arithmetic,347.331,,0.097889,,published_only,plastic-trawl,accepted,accepted,принята,
MPL-0648,S1:37.3,S1_GPGP2018,transect_density,S1_trawl_5_to_50,total_plastic,plastic,5-50 cm (macroplastic),2015-08-06,08:54:00,11:47:00,31.000565,-135.4216585,transect_midpoint_arithmetic,1104.54,,0.088725,,published_only,plastic-trawl,accepted,accepted,принята,
MPL-0649,S1:37.4,S1_GPGP2018,transect_density,S1_trawl_GT5_N,plastic_category,plastic,>5 cm (macro+mega),2015-08-06,08:37:00,12:02:00,30.998365,-135.4204835,transect_midpoint_arithmetic,147.937,15,0.101394,147.937,match,,rejected,category,"отдельная категория, а не суммарная величина: plastic_category",start_coordinate_corrected_to_midpoint
MPL-0650,S1:37.3,S1_GPGP2018,transect_density,S1_trawl_GT5_H,plastic_category,plastic,>5 cm (macro+mega),2015-08-06,08:54:00,11:47:00,31.000565,-135.4216585,transect_midpoint_arithmetic,890.393,79,0.088725,890.393,match,,rejected,category,"отдельная категория, а не суммарная величина: plastic_category",start_coordinate_corrected_to_midpoint;category_dictionary_corrected
MPL-0651,S1:37.3,S1_GPGP2018,transect_density,S1_trawl_GT5_F,plastic_category,foamed plastic (including EPS),>5 cm (macro+mega),2015-08-06,08:54:00,11:47:00,31.000565,-135.4216585,transect_midpoint_arithmetic,22.5416,2,0.088725,22.5416,match,,rejected,category,"отдельная категория, а не суммарная величина: plastic_category",start_coordinate_corrected_to_midpoint;category_dictionary_corrected
MPL-0652,S1:38.4,S1_GPGP2018,transect_density,S1_trawl_GT5_H,plastic_category,plastic,>5 cm (macro+mega),2015-08-06,14:35:00,17:57:00,30.993515,-135.95175,transect_midpoint_arithmetic,303.184,30,0.09895,303.184,match,,rejected,category,"отдельная категория, а не суммарная величина: plastic_category",start_coordinate_corrected_to_midpoint;category_dictionary_corrected
MPL-0653,S1:38.4,S1_GPGP2018,transect_density,S1_trawl_GT5_N,plastic_category,plastic,>5 cm (macro+mega),2015-08-06,14:35:00,17:57:00,30.993515,-135.95175,transect_midpoint_arithmetic,50.5307,5,0.09895,50.5307,match,,rejected,category,"отдельная категория, а не суммарная величина: plastic_category",start_coordinate_corrected_to_midpoint
MPL-0654,S1:41.3,S1_GPGP2018,transect_density,S1_trawl_5_to_50,total_plastic,plastic,5-50 cm (macroplastic),2015-08-07,10:02:00,11:40:00,30.965825,-137.3956835,transect_midpoint_arithmetic,2209.12,,0.046172,,published_only,plastic-trawl,accepted,accepted,принята,
MPL-0655,S1:41.3,S1_GPGP2018,transect_density,S1_trawl_GT5_N,plastic_category,plastic,>5 cm (macro+mega),2015-08-07,10:02:00,11:40:00,30.965825,-137.3956835,transect_midpoint_arithmetic,324.871,15,0.046172,324.871,match,,rejected,category,"отдельная категория, а не суммарная величина: plastic_category",start_coordinate_corrected_to_midpoint
MPL-0656,S1:42.3,S1_GPGP2018,transect_density,S1_trawl_5_to_50,total_plastic,plastic,5-50 cm (macroplastic),2015-08-07,15:15:00,17:49:00,30.988835,-137.914525,transect_midpoint_arithmetic,1706.7,,0.082615,,published_only,plastic-trawl,accepted,accepted,принята,
MPL-0657,S1:41.4,S1_GPGP2018,transect_density,S1_trawl_GT5_H,plastic_category,plastic,>5 cm (macro+mega),2015-08-07,08:41:00,11:59:00,30.974315,-137.3824165,transect_midpoint_arithmetic,806.858,64,0.07932,806.858,match,,rejected,category,"отдельная категория, а не суммарная величина: plastic_category",start_coordinate_corrected_to_midpoint;category_dictionary_corrected
MPL-0658,S1:42.4,S1_GPGP2018,transect_density,S1_trawl_5_to_50,total_plastic,plastic,5-50 cm (macroplastic),2015-08-07,14:58:00,18:09:00,30.98994,-137.91355,transect_midpoint_arithmetic,1197.87,,0.095169,,published_only,plastic-trawl,accepted,accepted,принята,
MPL-0659,S1:42.3,S1_GPGP2018,transect_density,S1_trawl_GT5_N,plastic_category,plastic,>5 cm (macro+mega),2015-08-07,15:15:00,17:49:00,30.988835,-137.914525,transect_midpoint_arithmetic,738.36,61,0.082615,738.36,match,,rejected,category,"отдельная категория, а не суммарная величина: plastic_category",start_coordinate_corrected_to_midpoint
MPL-0660,S1:43.4,S1_GPGP2018,transect_density,S1_trawl_5_to_50,total_plastic,plastic,5-50 cm (macroplastic),2015-08-07,20:37:00,00:13:00,31.001675,-138.493,transect_midpoint_arithmetic,351.925,,0.105136,,published_only,plastic-trawl,accepted,accepted,принята,
MPL-0661,S1:42.4,S1_GPGP2018,transect_density,S1_trawl_GT5_H,plastic_category,plastic,>5 cm (macro+mega),2015-08-07,14:58:00,18:09:00,30.98994,-137.91355,transect_midpoint_arithmetic,598.936,57,0.095169,598.936,match,,rejected,category,"отдельная категория, а не суммарная величина: plastic_category",start_coordinate_corrected_to_midpoint;category_dictionary_corrected
MPL-0662,S1:43.3,S1_GPGP2018,transect_density,S1_trawl_GT5_H,plastic_category,plastic,>5 cm (macro+mega),2015-08-07,20:49:00,23:49:00,31.000735,-138.4904415,transect_midpoint_arithmetic,518.755,48,0.092529,518.755,match,,rejected,category,"отдельная категория, а не суммарная величина: plastic_category",start_coordinate_corrected_to_midpoint;category_dictionary_corrected
MPL-0663,S1:43.4,S1_GPGP2018,transect_density,S1_trawl_GT5_H,plastic_category,plastic,>5 cm (macro+mega),2015-08-07,20:37:00,00:13:00,31.001675,-138.493,transect_midpoint_arithmetic,266.322,28,0.105136,266.322,match,,rejected,category,"отдельная категория, а не суммарная величина: plastic_category",start_coordinate_corrected_to_midpoint;category_dictionary_corrected
MPL-0664,S1:45.3,S1_GPGP2018,transect_density,S1_trawl_GT5_H,plastic_category,plastic,>5 cm (macro+mega),2015-08-08,08:50:00,11:45:00,30.987815,-139.5539665,transect_midpoint_arithmetic,1258.41,101,0.08026,1258.41,match,,rejected,category,"отдельная категория, а не суммарная величина: plastic_category",start_coordinate_corrected_to_midpoint;category_dictionary_corrected
MPL-0665,S1:45.3,S1_GPGP2018,transect_density,S1_trawl_GT5_N,plastic_category,plastic,>5 cm (macro+mega),2015-08-08,08:50:00,11:45:00,30.987815,-139.5539665,transect_midpoint_arithmetic,498.38,40,0.08026,498.38,match,,rejected,category,"отдельная категория, а не суммарная величина: plastic_category",start_coordinate_corrected_to_midpoint
MPL-0666,S1:45.4,S1_GPGP2018,transect_density,S1_trawl_5_to_50,total_plastic,plastic,5-50 cm (macroplastic),2015-08-08,08:36:00,12:02:00,30.987735,-139.5542835,transect_midpoint_arithmetic,1035.86,,0.086885,,published_only,plastic-trawl,accepted,accepted,принята,
MPL-0667,S1:45.4,S1_GPGP2018,transect_density,S1_trawl_GT5_N,plastic_category,plastic,>5 cm (macro+mega),2015-08-08,08:36:00,12:02:00,30.987735,-139.5542835,transect_midpoint_arithmetic,368.304,32,0.086885,368.304,match,,rejected,category,"отдельная категория, а не суммарная величина: plastic_category",start_coordinate_corrected_to_midpoint
MPL-0668,S1:44.4,S1_GPGP2018,transect_density,S1_trawl_5_to_50,total_plastic,plastic,5-50 cm (macroplastic),2015-08-08,02:42:00,06:01:00,30.99416,-139.0254165,transect_midpoint_arithmetic,729.39,,0.08089,,published_only,plastic-trawl,accepted,accepted,принята,
MPL-0669,S1:47.4,S1_GPGP2018,transect_density,S1_trawl_5_to_50,total_plastic,plastic,5-50 cm (macroplastic),2015-08-08,20:35:00,23:55:00,30.99445,-140.6223835,transect_midpoint_arithmetic,1077.95,,0.095552,,published_only,plastic-trawl,accepted,accepted,принята,
MPL-0670,S1:47.3,S1_GPGP2018,transect_density,S1_trawl_GT5_N,plastic_category,plastic,>5 cm (macro+mega),2015-08-08,20:50:00,23:40:00,30.992565,-140.6230165,transect_midpoint_arithmetic,709.297,61,0.086001,709.297,match,,rejected,category,"отдельная категория, а не суммарная величина: plastic_category",start_coordinate_corrected_to_midpoint
MPL-0671,S1:46.4,S1_GPGP2018,transect_density,S1_trawl_5_to_50,total_plastic,plastic,5-50 cm (macroplastic),2015-08-08,14:40:00,18:12:00,30.999525,-140.084,transect_midpoint_arithmetic,747.327,,0.095005,,published_only,plastic-trawl,accepted,accepted,принята,
MPL-0672,S1:44.3,S1_GPGP2018,transect_density,S1_trawl_GT5_H,plastic_category,plastic,>5 cm (macro+mega),2015-08-08,02:57:00,05:42:00,30.99631,-139.0275335,transect_midpoint_arithmetic,1045.12,75,0.071762,1045.12,match,,rejected,category,"отдельная категория, а не суммарная величина: plastic_category",start_coordinate_corrected_to_midpoint;category_dictionary_corrected
MPL-0673,S1:46.3,S1_GPGP2018,transect_density,S1_trawl_GT5_H,plastic_category,plastic,>5 cm (macro+mega),2015-08-08,14:55:00,17:46:00,30.99986,-140.0808415,transect_midpoint_arithmetic,1425.12,118,0.0828,1425.12,match,,rejected,category,"отдельная категория, а не суммарная величина: plastic_category",start_coordinate_corrected_to_midpoint;category_dictionary_corrected
MPL-0674,S1:44.4,S1_GPGP2018,transect_density,S1_trawl_GT5_H,plastic_category,plastic,>5 cm (macro+mega),2015-08-08,02:42:00,06:01:00,30.99416,-139.0254165,transect_midpoint_arithmetic,581.039,47,0.08089,581.039,match,,rejected,category,"отдельная категория, а не суммарная величина: plastic_category",start_coordinate_corrected_to_midpoint;category_dictionary_corrected
MPL-0675,S1:47.4,S1_GPGP2018,transect_density,S1_trawl_GT5_N,plastic_category,plastic,>5 cm (macro+mega),2015-08-08,20:35:00,23:55:00,30.99445,-140.6223835,transect_midpoint_arithmetic,491.878,47,0.095552,491.878,match,,rejected,category,"отдельная категория, а не суммарная величина: plastic_category",start_coordinate_corrected_to_midpoint
MPL-0676,S1:46.4,S1_GPGP2018,transect_density,S1_trawl_GT5_N,plastic_category,plastic,>5 cm (macro+mega),2015-08-08,14:40:00,18:12:00,30.999525,-140.084,transect_midpoint_arithmetic,221.04,21,0.095005,221.04,match,,rejected,category,"отдельная категория, а не суммарная величина: plastic_category",start_coordinate_corrected_to_midpoint
MPL-0677,S1:48.4,S1_GPGP2018,transect_density,S1_trawl_5_to_50,total_plastic,plastic,5-50 cm (macroplastic),2015-08-09,02:42:00,06:02:00,30.97485,-141.2498415,transect_midpoint_arithmetic,1380.79,,0.094873,,published_only,plastic-trawl,accepted,accepted,принята,
MPL-0678,S1:48.3,S1_GPGP2018,transect_density,S1_trawl_GT5_N,plastic_category,plastic,>5 cm (macro+mega),2015-08-09,02:56:00,05:45:00,30.97391,-141.2490585,transect_midpoint_arithmetic,751.439,64,0.08517,751.439,match,,rejected,category,"отдельная категория, а не суммарная величина: plastic_category",start_coordinate_corrected_to_midpoint
MPL-0679,S1:48.4,S1_GPGP2018,transect_density,S1_trawl_GT5_H,plastic_category,plastic,>5 cm (macro+mega),2015-08-09,02:42:00,06:02:00,30.97485,-141.2498415,transect_midpoint_arithmetic,1285.93,122,0.094873,1285.93,match,,rejected,category,"отдельная категория, а не суммарная величина: plastic_category",start_coordinate_corrected_to_midpoint;category_dictionary_corrected
MPL-0680,S1:51.3,S1_GPGP2018,transect_density,S1_trawl_5_to_50,total_plastic,plastic,5-50 cm (macroplastic),2015-08-09,21:10:00,23:46:00,30.9897265,-142.8742845,transect_midpoint_arithmetic,680.967,,0.05874,,published_only,plastic-trawl,accepted,accepted,принята,
MPL-0681,S1:49.3,S1_GPGP2018,transect_density,S1_trawl_GT5_H,plastic_category,plastic,>5 cm (macro+mega),2015-08-09,08:48:00,11:46:00,30.991625,-141.8085085,transect_midpoint_arithmetic,1324.75,107,0.08077,1324.75,match,,rejected,category,"отдельная категория, а не суммарная величина: plastic_category",start_coordinate_corrected_to_midpoint;category_dictionary_corrected
MPL-0682,S1:49.3,S1_GPGP2018,transect_density,S1_trawl_GT5_F,plastic_category,foamed plastic (including EPS),>5 cm (macro+mega),2015-08-09,08:48:00,11:46:00,30.991625,-141.8085085,transect_midpoint_arithmetic,24.7618,2,0.08077,24.7618,match,,rejected,category,"отдельная категория, а не суммарная величина: plastic_category",start_coordinate_corrected_to_midpoint;category_dictionary_corrected
MPL-0683,S1:51.3,S1_GPGP2018,transect_density,S1_trawl_GT5_N,plastic_category,plastic,>5 cm (macro+mega),2015-08-09,21:10:00,23:46:00,30.9897265,-142.8742845,transect_midpoint_arithmetic,374.532,22,0.05874,374.532,match,,rejected,category,"отдельная категория, а не суммарная величина: plastic_category",start_coordinate_corrected_to_midpoint
MPL-0684,S1:49.3,S1_GPGP2018,transect_density,S1_trawl_5_to_50,total_plastic,plastic,5-50 cm (macroplastic),2015-08-09,08:48:00,11:46:00,30.991625,-141.8085085,transect_midpoint_arithmetic,1819.99,,0.08077,,published_only,plastic-trawl,accepted,accepted,принята,
MPL-0685,S1:49.4,S1_GPGP2018,transect_density,S1_trawl_GT5_N,plastic_category,plastic,>5 cm (macro+mega),2015-08-09,08:36:00,12:03:00,30.994,-141.809975,transect_midpoint_arithmetic,22.6712,2,0.088218,22.6712,match,,rejected,category,"отдельная категория, а не суммарная величина: plastic_category",start_coordinate_corrected_to_midpoint
MPL-0686,S1:51.4,S1_GPGP2018,transect_density,S1_trawl_GT5_N,plastic_category,plastic,>5 cm (macro+mega),2015-08-09,20:59:00,23:59:00,30.9950975,-142.875435,transect_midpoint_arithmetic,450.45,30,0.0666,450.45,match,,rejected,category,"отдельная категория, а не суммарная величина: plastic_category",start_coordinate_corrected_to_midpoint
MPL-0687,S1:50.3,S1_GPGP2018,transect_density,S1_trawl_5_to_50,total_plastic,plastic,5-50 cm (macroplastic),2015-08-09,14:47:00,17:41:00,30.996965,-142.37745,transect_midpoint_arithmetic,280.886,,0.085444,,published_only,plastic-trawl,accepted,accepted,принята,
MPL-0688,S1:50.3,S1_GPGP2018,transect_density,S1_trawl_GT5_N,plastic_category,plastic,>5 cm (macro+mega),2015-08-09,14:47:00,17:41:00,30.996965,-142.37745,transect_midpoint_arithmetic,58.5179,5,0.085444,58.5179,match,,rejected,category,"отдельная категория, а не суммарная величина: plastic_category",start_coordinate_corrected_to_midpoint
MPL-0689,S1:50.4,S1_GPGP2018,transect_density,S1_trawl_GT5_H,plastic_category,plastic,>5 cm (macro+mega),2015-08-09,14:33:00,17:56:00,30.995315,-142.3763085,transect_midpoint_arithmetic,343.477,33,0.096076,343.477,match,,rejected,category,"отдельная категория, а не суммарная величина: plastic_category",start_coordinate_corrected_to_midpoint;category_dictionary_corrected
MPL-0690,S1:50.4,S1_GPGP2018,transect_density,S1_trawl_GT5_N,plastic_category,plastic,>5 cm (macro+mega),2015-08-09,14:33:00,17:56:00,30.995315,-142.3763085,transect_midpoint_arithmetic,93.6754,9,0.096076,93.6754,match,,rejected,category,"отдельная категория, а не суммарная величина: plastic_category",start_coordinate_corrected_to_midpoint
MPL-0691,S1:52.3,S1_GPGP2018,transect_density,S1_trawl_5_to_50,total_plastic,plastic,5-50 cm (macroplastic),2015-08-10,02:48:00,05:46:00,31.00401,-143.3006915,transect_midpoint_arithmetic,559.439,,0.087588,,published_only,plastic-trawl,accepted,accepted,принята,
MPL-0692,S1:53.4,S1_GPGP2018,transect_density,S1_trawl_GT5_N,plastic_category,plastic,>5 cm (macro+mega),2015-08-10,08:38:00,12:02:00,31.01014,-143.8406,transect_midpoint_arithmetic,74.31,7,0.0942,74.31,match,,rejected,category,"отдельная категория, а не суммарная величина: plastic_category",start_coordinate_corrected_to_midpoint
MPL-0693,S1:52.3,S1_GPGP2018,transect_density,S1_trawl_GT5_N,plastic_category,plastic,>5 cm (macro+mega),2015-08-10,02:48:00,05:46:00,31.00401,-143.3006915,transect_midpoint_arithmetic,319.68,28,0.087588,319.68,match,,rejected,category,"отдельная категория, а не суммарная величина: plastic_category",start_coordinate_corrected_to_midpoint
MPL-0694,S1:53.3,S1_GPGP2018,transect_density,S1_trawl_5_to_50,total_plastic,plastic,5-50 cm (macroplastic),2015-08-10,08:51:00,11:44:00,31.00916,-143.842775,transect_midpoint_arithmetic,349.269,,0.09162,,published_only,plastic-trawl,accepted,accepted,принята,
MPL-0695,S1:52.4,S1_GPGP2018,transect_density,S1_trawl_GT5_H,plastic_category,plastic,>5 cm (macro+mega),2015-08-10,02:35:00,06:02:00,31.00771,-143.2989915,transect_midpoint_arithmetic,311.823,30,0.096208,311.823,match,,rejected,category,"отдельная категория, а не суммарная величина: plastic_category",start_coordinate_corrected_to_midpoint;category_dictionary_corrected
MPL-0696,S1:53.3,S1_GPGP2018,transect_density,S1_trawl_GT5_N,plastic_category,plastic,>5 cm (macro+mega),2015-08-10,08:51:00,11:44:00,31.00916,-143.842775,transect_midpoint_arithmetic,120.061,11,0.09162,120.061,match,,rejected,category,"отдельная категория, а не суммарная величина: plastic_category",start_coordinate_corrected_to_midpoint
MPL-0697,S1:53.3,S1_GPGP2018,transect_density,S1_trawl_GT5_F,plastic_category,foamed plastic (including EPS),>5 cm (macro+mega),2015-08-10,08:51:00,11:44:00,31.00916,-143.842775,transect_midpoint_arithmetic,10.9146,1,0.09162,10.9146,match,,rejected,category,"отдельная категория, а не суммарная величина: plastic_category",start_coordinate_corrected_to_midpoint;category_dictionary_corrected
MPL-0698,S1:54.4,S1_GPGP2018,transect_density,S1_trawl_GT5_N,plastic_category,plastic,>5 cm (macro+mega),2015-08-10,20:36:00,00:05:00,32.023415,-143.6277915,transect_midpoint_arithmetic,320.927,28,0.087247,320.927,match,,rejected,category,"отдельная категория, а не суммарная величина: plastic_category",start_coordinate_corrected_to_midpoint
MPL-0699,S1:54.4,S1_GPGP2018,transect_density,S1_trawl_5_to_50,total_plastic,plastic,5-50 cm (macroplastic),2015-08-10,20:36:00,00:05:00,32.023415,-143.6277915,transect_midpoint_arithmetic,741.63,,0.087247,,published_only,plastic-trawl,accepted,accepted,принята,
MPL-0700,S1:54.3,S1_GPGP2018,transect_density,S1_trawl_GT5_N,plastic_category,plastic,>5 cm (macro+mega),2015-08-10,20:54:00,23:48:00,32.028835,-143.6377665,transect_midpoint_arithmetic,347.159,31,0.089296,347.159,match,,rejected,category,"отдельная категория, а не суммарная величина: plastic_category",start_coordinate_corrected_to_midpoint
MPL-0701,S1:54.3,S1_GPGP2018,transect_density,S1_trawl_5_to_50,total_plastic,plastic,5-50 cm (macroplastic),2015-08-10,20:54:00,23:48:00,32.028835,-143.6377665,transect_midpoint_arithmetic,439.781,,0.089296,,published_only,plastic-trawl,accepted,accepted,принята,
MPL-0702,S1:58.4,S1_GPGP2018,transect_density,S1_trawl_GT5_H,plastic_category,plastic,>5 cm (macro+mega),2015-08-11,20:41:00,23:58:00,32.01739,-141.4973835,transect_midpoint_arithmetic,830.048,79,0.095175,830.048,match,,rejected,category,"отдельная категория, а не суммарная величина: plastic_category",start_coordinate_corrected_to_midpoint;category_dictionary_corrected
MPL-0703,S1:58.4,S1_GPGP2018,transect_density,S1_trawl_GT5_N,plastic_category,plastic,>5 cm (macro+mega),2015-08-11,20:41:00,23:58:00,32.01739,-141.4973835,transect_midpoint_arithmetic,1323.87,126,0.095175,1323.87,match,,rejected,category,"отдельная категория, а не суммарная величина: plastic_category",start_coordinate_corrected_to_midpoint
MPL-0704,S1:58.3,S1_GPGP2018,transect_density,S1_trawl_GT5_H,plastic_category,plastic,>5 cm (macro+mega),2015-08-11,20:52:00,23:43:00,32.01814,-141.497875,transect_midpoint_arithmetic,637.298,55,0.086302,637.298,match,,rejected,category,"отдельная категория, а не суммарная величина: plastic_category",start_coordinate_corrected_to_midpoint;category_dictionary_corrected
MPL-0705,S1:57.4,S1_GPGP2018,transect_density,S1_trawl_5_to_50,total_plastic,plastic,5-50 cm (macroplastic),2015-08-11,14:36:00,17:59:00,32.003635,-142.0377085,transect_midpoint_arithmetic,1292.56,,0.081234,,published_only,plastic-trawl,accepted,accepted,принята,
MPL-0706,S1:57.4,S1_GPGP2018,transect_density,S1_trawl_GT5_H,plastic_category,plastic,>5 cm (macro+mega),2015-08-11,14:36:00,17:59:00,32.003635,-142.0377085,transect_midpoint_arithmetic,1021.74,83,0.081234,1021.74,match,,rejected,category,"отдельная категория, а не суммарная величина: plastic_category",start_coordinate_corrected_to_midpoint;category_dictionary_corrected
MPL-0707,S1:56.3,S1_GPGP2018,transect_density,S1_trawl_GT5_H,plastic_category,plastic,>5 cm (macro+mega),2015-08-11,08:51:00,11:46:00,32.004615,-142.5758085,transect_midpoint_arithmetic,466.984,37,0.079232,466.984,match,,rejected,category,"отдельная категория, а не суммарная величина: plastic_category",start_coordinate_corrected_to_midpoint;category_dictionary_corrected
MPL-0708,S1:55.3,S1_GPGP2018,transect_density,S1_trawl_GT5_H,plastic_category,plastic,>5 cm (macro+mega),2015-08-11,02:48:00,05:43:00,32.00919,-143.1054165,transect_midpoint_arithmetic,301.921,21,0.069555,301.921,match,,rejected,category,"отдельная категория, а не суммарная величина: plastic_category",start_coordinate_corrected_to_midpoint;category_dictionary_corrected
MPL-0709,S1:57.3,S1_GPGP2018,transect_density,S1_trawl_GT5_H,plastic_category,plastic,>5 cm (macro+mega),2015-08-11,14:54:00,17:44:00,32.005335,-142.0441585,transect_midpoint_arithmetic,790.641,65,0.082212,790.641,match,,rejected,category,"отдельная категория, а не суммарная величина: plastic_category",start_coordinate_corrected_to_midpoint;category_dictionary_corrected
MPL-0710,S1:58.4,S1_GPGP2018,transect_density,S1_trawl_5_to_50,total_plastic,plastic,5-50 cm (macroplastic),2015-08-11,20:41:00,23:58:00,32.01739,-141.4973835,transect_midpoint_arithmetic,1849.22,,0.095175,,published_only,plastic-trawl,accepted,accepted,принята,
MPL-0711,S1:56.4,S1_GPGP2018,transect_density,S1_trawl_5_to_50,total_plastic,plastic,5-50 cm (macroplastic),2015-08-11,08:35:00,11:59:00,32.01915,-142.5771415,transect_midpoint_arithmetic,961.751,,0.086301,,published_only,plastic-trawl,accepted,accepted,принята,
MPL-0712,S1:55.4,S1_GPGP2018,transect_density,S1_trawl_GT5_H,plastic_category,plastic,>5 cm (macro+mega),2015-08-11,02:34:00,06:00:00,32.021825,-143.1047085,transect_midpoint_arithmetic,526.391,41,0.077889,526.391,match,,rejected,category,"отдельная категория, а не суммарная величина: plastic_category",start_coordinate_corrected_to_midpoint;category_dictionary_corrected
MPL-0713,S1:55.4,S1_GPGP2018,transect_density,S1_trawl_GT5_N,plastic_category,plastic,>5 cm (macro+mega),2015-08-11,02:34:00,06:00:00,32.021825,-143.1047085,transect_midpoint_arithmetic,513.553,40,0.077889,513.553,match,,rejected,category,"отдельная категория, а не суммарная величина: plastic_category",start_coordinate_corrected_to_midpoint
MPL-0714,S1:56.4,S1_GPGP2018,transect_density,S1_trawl_GT5_H,plastic_category,plastic,>5 cm (macro+mega),2015-08-11,08:35:00,11:59:00,32.01915,-142.5771415,transect_midpoint_arithmetic,695.241,60,0.086301,695.241,match,,rejected,category,"отдельная категория, а не суммарная величина: plastic_category",start_coordinate_corrected_to_midpoint;category_dictionary_corrected
MPL-0715,S1:55.4,S1_GPGP2018,transect_density,S1_trawl_5_to_50,total_plastic,plastic,5-50 cm (macroplastic),2015-08-11,02:34:00,06:00:00,32.021825,-143.1047085,transect_midpoint_arithmetic,937.233,,0.077889,,published_only,plastic-trawl,accepted,accepted,принята,
MPL-0716,S1:61.3,S1_GPGP2018,transect_density,S1_trawl_5_to_50,total_plastic,plastic,5-50 cm (macroplastic),2015-08-12,14:48:00,17:44:00,31.99739,-139.8349335,transect_midpoint_arithmetic,969.285,,0.075313,,published_only,plastic-trawl,accepted,accepted,принята,
MPL-0717,S1:62.4,S1_GPGP2018,transect_density,S1_trawl_GT5_H,plastic_category,plastic,>5 cm (macro+mega),2015-08-12,20:41:00,00:09:00,32.005985,-139.3014665,transect_midpoint_arithmetic,447.856,37,0.082616,447.856,match,,rejected,category,"отдельная категория, а не суммарная величина: plastic_category",start_coordinate_corrected_to_midpoint;category_dictionary_corrected
MPL-0718,S1:61.4,S1_GPGP2018,transect_density,S1_trawl_GT5_N,plastic_category,plastic,>5 cm (macro+mega),2015-08-12,14:36:00,17:59:00,31.99671,-139.83325,transect_midpoint_arithmetic,250.962,20,0.079693,250.962,match,,rejected,category,"отдельная категория, а не суммарная величина: plastic_category",start_coordinate_corrected_to_midpoint
MPL-0719,S1:60.3,S1_GPGP2018,transect_density,S1_trawl_GT5_N,plastic_category,plastic,>5 cm (macro+mega),2015-08-12,08:56:00,12:00:00,32.00044,-140.333725,transect_midpoint_arithmetic,955.551,82,0.085814,955.551,match,,rejected,category,"отдельная категория, а не суммарная величина: plastic_category",start_coordinate_corrected_to_midpoint
MPL-0720,S1:60.4,S1_GPGP2018,transect_density,S1_trawl_GT5_N,plastic_category,plastic,>5 cm (macro+mega),2015-08-12,08:37:00,12:21:00,32.00135,-140.3389585,transect_midpoint_arithmetic,619.286,61,0.098501,619.286,match,,rejected,category,"отдельная категория, а не суммарная величина: plastic_category",start_coordinate_corrected_to_midpoint
MPL-0721,S1:60.4,S1_GPGP2018,transect_density,S1_trawl_5_to_50,total_plastic,plastic,5-50 cm (macroplastic),2015-08-12,08:37:00,12:21:00,32.00135,-140.3389585,transect_midpoint_arithmetic,1390.86,,0.098501,,published_only,plastic-trawl,accepted,accepted,принята,
MPL-0722,S1:62.3,S1_GPGP2018,transect_density,S1_trawl_GT5_N,plastic_category,plastic,>5 cm (macro+mega),2015-08-12,20:52:00,23:46:00,32.007425,-139.3066335,transect_midpoint_arithmetic,543.62,40,0.073581,543.62,match,,rejected,category,"отдельная категория, а не суммарная величина: plastic_category",start_coordinate_corrected_to_midpoint
MPL-0723,S1:61.3,S1_GPGP2018,transect_density,S1_trawl_GT5_N,plastic_category,plastic,>5 cm (macro+mega),2015-08-12,14:48:00,17:44:00,31.99739,-139.8349335,transect_midpoint_arithmetic,185.89,14,0.075313,185.89,match,,rejected,category,"отдельная категория, а не суммарная величина: plastic_category",start_coordinate_corrected_to_midpoint
MPL-0724,S1:62.3,S1_GPGP2018,transect_density,S1_trawl_5_to_50,total_plastic,plastic,5-50 cm (macroplastic),2015-08-12,20:52:00,23:46:00,32.007425,-139.3066335,transect_midpoint_arithmetic,883.383,,0.073581,,published_only,plastic-trawl,accepted,accepted,принята,
MPL-0725,S1:66.4,S1_GPGP2018,transect_density,S1_trawl_5_to_50,total_plastic,plastic,5-50 cm (macroplastic),2015-08-13,20:33:00,23:55:00,31.994635,-137.2262165,transect_midpoint_arithmetic,940.428,,0.078688,,published_only,plastic-trawl,accepted,accepted,принята,
MPL-0726,S1:65.3,S1_GPGP2018,transect_density,S1_trawl_5_to_50,total_plastic,plastic,5-50 cm (macroplastic),2015-08-13,14:45:00,17:43:00,31.9947,-137.7624415,transect_midpoint_arithmetic,254.926,,0.078454,,published_only,plastic-trawl,accepted,accepted,принята,
MPL-0727,S1:66.3,S1_GPGP2018,transect_density,S1_trawl_5_to_50,total_plastic,plastic,5-50 cm (macroplastic),2015-08-13,20:41:00,23:42:00,31.99716,-137.2263335,transect_midpoint_arithmetic,942.477,,0.074272,,published_only,plastic-trawl,accepted,accepted,принята,
MPL-0728,S1:63.4,S1_GPGP2018,transect_density,S1_trawl_GT5_H,plastic_category,plastic,>5 cm (macro+mega),2015-08-13,02:32:00,06:20:00,32.012185,-138.7815415,transect_midpoint_arithmetic,677.478,60,0.088564,677.478,match,,rejected,category,"отдельная категория, а не суммарная величина: plastic_category",start_coordinate_corrected_to_midpoint;category_dictionary_corrected
MPL-0729,S1:66.4,S1_GPGP2018,transect_density,S1_trawl_GT5_N,plastic_category,plastic,>5 cm (macro+mega),2015-08-13,20:33:00,23:55:00,31.994635,-137.2262165,transect_midpoint_arithmetic,292.295,23,0.078688,292.295,match,,rejected,category,"отдельная категория, а не суммарная величина: plastic_category",start_coordinate_corrected_to_midpoint
MPL-0730,S1:64.4,S1_GPGP2018,transect_density,S1_trawl_GT5_H,plastic_category,plastic,>5 cm (macro+mega),2015-08-13,08:49:00,12:10:00,32.005185,-138.2688915,transect_midpoint_arithmetic,602.838,52,0.086259,602.838,match,,rejected,category,"отдельная категория, а не суммарная величина: plastic_category",start_coordinate_corrected_to_midpoint;category_dictionary_corrected
MPL-0731,S1:65.4,S1_GPGP2018,transect_density,S1_trawl_GT5_N,plastic_category,plastic,>5 cm (macro+mega),2015-08-13,14:36:00,17:59:00,31.992725,-137.7626085,transect_midpoint_arithmetic,514.11,42,0.081695,514.11,match,,rejected,category,"отдельная категория, а не суммарная величина: plastic_category",start_coordinate_corrected_to_midpoint
MPL-0732,S1:66.3,S1_GPGP2018,transect_density,S1_trawl_GT5_N,plastic_category,plastic,>5 cm (macro+mega),2015-08-13,20:41:00,23:42:00,31.99716,-137.2263335,transect_midpoint_arithmetic,511.63,38,0.074272,511.63,match,,rejected,category,"отдельная категория, а не суммарная величина: plastic_category",start_coordinate_corrected_to_midpoint
MPL-0733,S1:65.3,S1_GPGP2018,transect_density,S1_trawl_GT5_H,plastic_category,plastic,>5 cm (macro+mega),2015-08-13,14:45:00,17:43:00,31.9947,-137.7624415,transect_midpoint_arithmetic,280.418,22,0.078454,280.418,match,,rejected,category,"отдельная категория, а не суммарная величина: plastic_category",start_coordinate_corrected_to_midpoint;category_dictionary_corrected
MPL-0734,S1:65.3,S1_GPGP2018,transect_density,S1_trawl_GT5_N,plastic_category,plastic,>5 cm (macro+mega),2015-08-13,14:45:00,17:43:00,31.9947,-137.7624415,transect_midpoint_arithmetic,12.7463,1,0.078454,12.7463,match,,rejected,category,"отдельная категория, а не суммарная величина: plastic_category",start_coordinate_corrected_to_midpoint
MPL-0735,S1:64.3,S1_GPGP2018,transect_density,S1_trawl_GT5_H,plastic_category,plastic,>5 cm (macro+mega),2015-08-13,08:35:00,11:50:00,32.007085,-138.2743415,transect_midpoint_arithmetic,320.571,27,0.084225,320.571,match,,rejected,category,"отдельная категория, а не суммарная величина: plastic_category",start_coordinate_corrected_to_midpoint;category_dictionary_corrected
MPL-0736,S1:64.3,S1_GPGP2018,transect_density,S1_trawl_5_to_50,total_plastic,plastic,5-50 cm (macroplastic),2015-08-13,08:35:00,11:50:00,32.007085,-138.2743415,transect_midpoint_arithmetic,926.093,,0.084225,,published_only,plastic-trawl,accepted,accepted,принята,
MPL-0737,S1:63.3,S1_GPGP2018,transect_density,S1_trawl_GT5_H,plastic_category,plastic,>5 cm (macro+mega),2015-08-13,02:50:00,05:58:00,32.0156,-138.781625,transect_midpoint_arithmetic,276.354,21,0.075989,276.354,match,,rejected,category,"отдельная категория, а не суммарная величина: plastic_category",start_coordinate_corrected_to_midpoint;category_dictionary_corrected
MPL-0738,S1:63.3,S1_GPGP2018,transect_density,S1_trawl_5_to_50,total_plastic,plastic,5-50 cm (macroplastic),2015-08-13,02:50:00,05:58:00,32.0156,-138.781625,transect_midpoint_arithmetic,473.75,,0.075989,,published_only,plastic-trawl,accepted,accepted,принята,
MPL-0739,S1:69.4,S1_GPGP2018,transect_density,S1_trawl_5_to_50,total_plastic,plastic,5-50 cm (macroplastic),2015-08-14,14:35:00,17:59:00,31.99764,-135.6463915,transect_midpoint_arithmetic,1171.22,,0.077697,,published_only,plastic-trawl,accepted,accepted,принята,
MPL-0740,S1:68.3,S1_GPGP2018,transect_density,S1_trawl_GT5_N,plastic_category,plastic,>5 cm (macro+mega),2015-08-14,08:47:00,11:53:00,32.002585,-136.1649835,transect_midpoint_arithmetic,96.8299,9,0.092946,96.8299,match,,rejected,category,"отдельная категория, а не суммарная величина: plastic_category",start_coordinate_corrected_to_midpoint
MPL-0741,S1:68.4,S1_GPGP2018,transect_density,S1_trawl_GT5_N,plastic_category,plastic,>5 cm (macro+mega),2015-08-14,08:35:00,12:07:00,32.001165,-136.1661665,transect_midpoint_arithmetic,160.224,16,0.09986,160.224,match,,rejected,category,"отдельная категория, а не суммарная величина: plastic_category",start_coordinate_corrected_to_midpoint
MPL-0742,S1:68.4,S1_GPGP2018,transect_density,S1_trawl_5_to_50,total_plastic,plastic,5-50 cm (macroplastic),2015-08-14,08:35:00,12:07:00,32.001165,-136.1661665,transect_midpoint_arithmetic,470.658,,0.09986,,published_only,plastic-trawl,accepted,accepted,принята,
MPL-0743,S1:69.4,S1_GPGP2018,transect_density,S1_trawl_GT5_N,plastic_category,plastic,>5 cm (macro+mega),2015-08-14,14:35:00,17:59:00,31.99764,-135.6463915,transect_midpoint_arithmetic,360.376,28,0.077697,360.376,match,,rejected,category,"отдельная категория, а не суммарная величина: plastic_category",start_coordinate_corrected_to_midpoint
MPL-0744,S1:70.4,S1_GPGP2018,transect_density,S1_trawl_GT5_N,plastic_category,plastic,>5 cm (macro+mega),2015-08-14,20:35:00,00:07:00,32.00864,-135.113225,transect_midpoint_arithmetic,218.182,18,0.0825,218.182,match,,rejected,category,"отдельная категория, а не суммарная величина: plastic_category",start_coordinate_corrected_to_midpoint
MPL-0745,S1:69.3,S1_GPGP2018,transect_density,S1_trawl_GT5_N,plastic_category,plastic,>5 cm (macro+mega),2015-08-14,14:43:00,17:45:00,31.99859,-135.6470415,transect_midpoint_arithmetic,123.129,9,0.073094,123.129,match,,rejected,category,"отдельная категория, а не суммарная величина: plastic_category",start_coordinate_corrected_to_midpoint
MPL-0746,S1:70.3,S1_GPGP2018,transect_density,S1_trawl_GT5_N,plastic_category,plastic,>5 cm (macro+mega),2015-08-14,20:43:00,23:51:00,32.006465,-135.1148415,transect_midpoint_arithmetic,217.51,16,0.07356,217.51,match,,rejected,category,"отдельная категория, а не суммарная величина: plastic_category",start_coordinate_corrected_to_midpoint
MPL-0747,S1:70.4,S1_GPGP2018,transect_density,S1_trawl_5_to_50,total_plastic,plastic,5-50 cm (macroplastic),2015-08-14,20:35:00,00:07:00,32.00864,-135.113225,transect_midpoint_arithmetic,727.273,,0.0825,,published_only,plastic-trawl,accepted,accepted,принята,
MPL-0748,S1:67.4,S1_GPGP2018,transect_density,S1_trawl_GT5_H,plastic_category,plastic,>5 cm (macro+mega),2015-08-14,02:31:00,06:06:00,32.01855,-136.6982335,transect_midpoint_arithmetic,1121.3,81,0.072237,1121.3,match,,rejected,category,"отдельная категория, а не суммарная величина: plastic_category",start_coordinate_corrected_to_midpoint;category_dictionary_corrected
MPL-0749,S1:67.4,S1_GPGP2018,transect_density,S1_trawl_GT5_N,plastic_category,plastic,>5 cm (macro+mega),2015-08-14,02:31:00,06:06:00,32.01855,-136.6982335,transect_midpoint_arithmetic,332.238,24,0.072237,332.238,match,,rejected,category,"отдельная категория, а не суммарная величина: plastic_category",start_coordinate_corrected_to_midpoint
MPL-0750,S1:67.3,S1_GPGP2018,transect_density,S1_trawl_GT5_N,plastic_category,plastic,>5 cm (macro+mega),2015-08-14,02:44:00,05:51:00,32.020115,-136.699625,transect_midpoint_arithmetic,229.496,15,0.065361,229.496,match,,rejected,category,"отдельная категория, а не суммарная величина: plastic_category",start_coordinate_corrected_to_midpoint
MPL-0751,S1:67.4,S1_GPGP2018,transect_density,S1_trawl_5_to_50,total_plastic,plastic,5-50 cm (macroplastic),2015-08-14,02:31:00,06:06:00,32.01855,-136.6982335,transect_midpoint_arithmetic,1425.85,,0.072237,,published_only,plastic-trawl,accepted,accepted,принята,
MPL-0752,S1:71.4,S1_GPGP2018,transect_density,S1_trawl_GT5_H,plastic_category,plastic,>5 cm (macro+mega),2015-08-15,02:33:00,06:01:00,32.008585,-134.5978585,transect_midpoint_arithmetic,240.122,19,0.079126,240.122,match,,rejected,category,"отдельная категория, а не суммарная величина: plastic_category",start_coordinate_corrected_to_midpoint;category_dictionary_corrected
MPL-0753,S1:71.4,S1_GPGP2018,transect_density,S1_trawl_5_to_50,total_plastic,plastic,5-50 cm (macroplastic),2015-08-15,02:33:00,06:01:00,32.008585,-134.5978585,transect_midpoint_arithmetic,290.675,,0.079126,,published_only,plastic-trawl,accepted,accepted,принята,
MPL-0754,S1:71.3,S1_GPGP2018,transect_density,S1_trawl_GT5_H,plastic_category,plastic,>5 cm (macro+mega),2015-08-15,02:53:00,05:44:00,32.012615,-134.598725,transect_midpoint_arithmetic,171.067,12,0.070148,171.067,match,,rejected,category,"отдельная категория, а не суммарная величина: plastic_category",start_coordinate_corrected_to_midpoint;category_dictionary_corrected
MPL-0755,S1:72.4,S1_GPGP2018,transect_density,S1_trawl_5_to_50,total_plastic,plastic,5-50 cm (macroplastic),2015-08-15,14:34:00,18:04:00,32.996175,-134.1399,transect_midpoint_arithmetic,71.7479,,0.1003,,published_only,plastic-trawl,accepted,accepted,принята,
MPL-0756,S1:73.3,S1_GPGP2018,transect_density,S1_trawl_5_to_50,total_plastic,plastic,5-50 cm (macroplastic),2015-08-15,20:46:00,23:45:00,32.99759,-134.7286085,transect_midpoint_arithmetic,1417.51,,0.079379,,published_only,plastic-trawl,accepted,accepted,принята,
MPL-0757,S1:72.3,S1_GPGP2018,transect_density,S1_trawl_GT5_H,plastic_category,plastic,>5 cm (macro+mega),2015-08-15,14:43:00,17:45:00,32.9963,-134.135725,transect_midpoint_arithmetic,164.468,15,0.091203,164.468,match,,rejected,category,"отдельная категория, а не суммарная величина: plastic_category",start_coordinate_corrected_to_midpoint;category_dictionary_corrected
MPL-0758,S1:72.4,S1_GPGP2018,transect_density,S1_trawl_GT5_H,plastic_category,plastic,>5 cm (macro+mega),2015-08-15,14:34:00,18:04:00,32.996175,-134.1399,transect_midpoint_arithmetic,69.7904,7,0.1003,69.7904,match,,rejected,category,"отдельная категория, а не суммарная величина: plastic_category",start_coordinate_corrected_to_midpoint;category_dictionary_corrected
MPL-0759,S1:73.3,S1_GPGP2018,transect_density,S1_trawl_GT5_H,plastic_category,plastic,>5 cm (macro+mega),2015-08-15,20:46:00,23:45:00,32.99759,-134.7286085,transect_midpoint_arithmetic,1096.01,87,0.079379,1096.01,match,,rejected,category,"отдельная категория, а не суммарная величина: plastic_category",start_coordinate_corrected_to_midpoint;category_dictionary_corrected
MPL-0760,S1:73.4,S1_GPGP2018,transect_density,S1_trawl_GT5_H,plastic_category,plastic,>5 cm (macro+mega),2015-08-15,20:37:00,00:05:00,32.995785,-134.73065,transect_midpoint_arithmetic,600.009,53,0.088332,600.009,match,,rejected,category,"отдельная категория, а не суммарная величина: plastic_category",start_coordinate_corrected_to_midpoint;category_dictionary_corrected
MPL-0761,S1:73.4,S1_GPGP2018,transect_density,S1_trawl_GT5_N,plastic_category,plastic,>5 cm (macro+mega),2015-08-15,20:37:00,00:05:00,32.995785,-134.73065,transect_midpoint_arithmetic,384.912,34,0.088332,384.912,match,,rejected,category,"отдельная категория, а не суммарная величина: plastic_category",start_coordinate_corrected_to_midpoint
MPL-0762,S1:74.3,S1_GPGP2018,transect_density,S1_trawl_5_to_50,total_plastic,plastic,5-50 cm (macroplastic),2015-08-16,02:59:00,05:44:00,32.987775,-135.2962085,transect_midpoint_arithmetic,1026.32,,0.075025,,published_only,plastic-trawl,accepted,accepted,принята,
MPL-0763,S1:75.3,S1_GPGP2018,transect_density,S1_trawl_5_to_50,total_plastic,plastic,5-50 cm (macroplastic),2015-08-16,14:45:00,17:42:00,32.996535,-136.8875415,transect_midpoint_arithmetic,1518.94,,0.084688,,published_only,plastic-trawl,accepted,accepted,принята,
MPL-0764,S1:74.3,S1_GPGP2018,transect_density,S1_trawl_GT5_N,plastic_category,plastic,>5 cm (macro+mega),2015-08-16,02:59:00,05:44:00,32.987775,-135.2962085,transect_midpoint_arithmetic,239.92,18,0.075025,239.92,match,,rejected,category,"отдельная категория, а не суммарная величина: plastic_category",start_coordinate_corrected_to_midpoint
MPL-0765,S1:75.3,S1_GPGP2018,transect_density,S1_trawl_GT5_N,plastic_category,plastic,>5 cm (macro+mega),2015-08-16,14:45:00,17:42:00,32.996535,-136.8875415,transect_midpoint_arithmetic,791.138,67,0.084688,791.138,match,,rejected,category,"отдельная категория, а не суммарная величина: plastic_category",start_coordinate_corrected_to_midpoint
MPL-0766,S1:75.4,S1_GPGP2018,transect_density,S1_trawl_GT5_N,plastic_category,plastic,>5 cm (macro+mega),2015-08-16,14:32:00,17:59:00,32.994515,-136.89025,transect_midpoint_arithmetic,189.915,18,0.094779,189.915,match,,rejected,category,"отдельная категория, а не суммарная величина: plastic_category",start_coordinate_corrected_to_midpoint
MPL-0767,S1:74.4,S1_GPGP2018,transect_density,S1_trawl_GT5_N,plastic_category,plastic,>5 cm (macro+mega),2015-08-16,02:35:00,06:02:00,32.991835,-135.2950665,transect_midpoint_arithmetic,76.2923,7,0.091752,76.2923,match,,rejected,category,"отдельная категория, а не суммарная величина: plastic_category",start_coordinate_corrected_to_midpoint
MPL-0768,S1:77.3,S1_GPGP2018,transect_density,S1_trawl_5_to_50,total_plastic,plastic,5-50 cm (macroplastic),2015-08-17,02:46:00,05:43:00,32.98329,-138.0048415,transect_midpoint_arithmetic,376.349,,0.079713,,published_only,plastic-trawl,accepted,accepted,принята,
MPL-0769,S1:78.3,S1_GPGP2018,transect_density,S1_trawl_GT5_N,plastic_category,plastic,>5 cm (macro+mega),2015-08-17,15:40:00,18:12:00,32.9915,-139.571725,transect_midpoint_arithmetic,680.96,56,0.082237,680.96,match,,rejected,category,"отдельная категория, а не суммарная величина: plastic_category",start_coordinate_corrected_to_midpoint
MPL-0770,S1:78.3,S1_GPGP2018,transect_density,S1_trawl_5_to_50,total_plastic,plastic,5-50 cm (macroplastic),2015-08-17,15:40:00,18:12:00,32.9915,-139.571725,transect_midpoint_arithmetic,748.005,,0.082237,,published_only,plastic-trawl,accepted,accepted,принята,
MPL-0771,S1:78.4,S1_GPGP2018,transect_density,S1_trawl_GT5_N,plastic_category,plastic,>5 cm (macro+mega),2015-08-17,15:32:00,18:31:00,32.993075,-139.5776835,transect_midpoint_arithmetic,296.427,28,0.094458,296.427,match,,rejected,category,"отдельная категория, а не суммарная величина: plastic_category",start_coordinate_corrected_to_midpoint
MPL-0772,S1:77.3,S1_GPGP2018,transect_density,S1_trawl_GT5_N,plastic_category,plastic,>5 cm (macro+mega),2015-08-17,02:46:00,05:43:00,32.98329,-138.0048415,transect_midpoint_arithmetic,62.7249,5,0.079713,62.7249,match,,rejected,category,"отдельная категория, а не суммарная величина: plastic_category",start_coordinate_corrected_to_midpoint
MPL-0773,S1:77.4,S1_GPGP2018,transect_density,S1_trawl_GT5_H,plastic_category,plastic,>5 cm (macro+mega),2015-08-17,02:35:00,06:01:00,32.984485,-138.008775,transect_midpoint_arithmetic,155.727,14,0.089901,155.727,match,,rejected,category,"отдельная категория, а не суммарная величина: plastic_category",start_coordinate_corrected_to_midpoint;category_dictionary_corrected
MPL-0774,S1:77.4,S1_GPGP2018,transect_density,S1_trawl_GT5_F,plastic_category,foamed plastic (including EPS),>5 cm (macro+mega),2015-08-17,02:35:00,06:01:00,32.984485,-138.008775,transect_midpoint_arithmetic,22.2467,2,0.089901,22.2467,match,,rejected,category,"отдельная категория, а не суммарная величина: plastic_category",start_coordinate_corrected_to_midpoint;category_dictionary_corrected
MPL-0775,S1:79.4,S1_GPGP2018,transect_density,S1_trawl_GT5_N,plastic_category,plastic,>5 cm (macro+mega),2015-08-18,20:39:00,00:02:00,33.786985,-138.3120665,transect_midpoint_arithmetic,328.346,27,0.08223,328.346,match,,rejected,category,"отдельная категория, а не суммарная величина: plastic_category",start_coordinate_corrected_to_midpoint
MPL-0776,S1:79.3,S1_GPGP2018,transect_density,S1_trawl_GT5_N,plastic_category,plastic,>5 cm (macro+mega),2015-08-18,20:50:00,23:48:00,33.7888,-138.313375,transect_midpoint_arithmetic,120.834,9,0.074483,120.834,match,,rejected,category,"отдельная категория, а не суммарная величина: plastic_category",start_coordinate_corrected_to_midpoint
MPL-0777,S1:79.4,S1_GPGP2018,transect_density,S1_trawl_5_to_50,total_plastic,plastic,5-50 cm (macroplastic),2015-08-18,20:39:00,00:02:00,33.786985,-138.3120665,transect_midpoint_arithmetic,552.016,,0.08223,,published_only,plastic-trawl,accepted,accepted,принята,
MPL-0778,S1:79.3,S1_GPGP2018,transect_density,S1_trawl_5_to_50,total_plastic,plastic,5-50 cm (macroplastic),2015-08-18,20:50:00,23:48:00,33.7888,-138.313375,transect_midpoint_arithmetic,361.51,,0.074483,,published_only,plastic-trawl,accepted,accepted,принята,
MPL-0779,S3:HE460_MarLitter_transect01,S3_SE_NORTH_SEA,transect_density,S3_visual_GT2,all_litter,mixed (predominantly plastic),>2 cm (macro),2016-04-08,16:17:00,17:00:00,54.238,7.92,published_transect_center,19.9,3,0.151,19.8676,match,litter-visual,accepted,accepted,принята,all_litter_not_plastic
MPL-0780,S3:HE460_MarLitter_transect01,S3_SE_NORTH_SEA,transect_density,S3_visual_GT2,fisheries_litter_category,plastic (fishing gear),>2 cm (macro),2016-04-08,16:17:00,17:00:00,54.238,7.92,published_transect_center,0,0,0.151,0,match,,rejected,category,"отдельная категория, а не суммарная величина: fisheries_litter_category",zero_only_for_defined_scope
MPL-0781,S3:HE460_MarLitter_transect01,S3_SE_NORTH_SEA,item_observation,S3_visual_GT2,object_context,plastic,>2 cm (macro),2016-04-08,16:17:00,17:00:00,54.267,7.833,sighting_position,,,0.151,,missing,,rejected,item_observation,"объектная запись: своей плотности нет, числитель трансекты по ней не восстановить",object_time_is_parent_interval;source_object_row_not_reconstructed
MPL-0782,S3:HE460_MarLitter_transect01,S3_SE_NORTH_SEA,item_observation,S3_visual_GT2,object_context,plastic,>2 cm (macro),2016-04-08,16:17:00,17:00:00,54.277,7.804,sighting_position,,,0.151,,missing,,rejected,item_observation,"объектная запись: своей плотности нет, числитель трансекты по ней не восстановить",object_time_is_parent_interval;source_object_row_not_reconstructed
MPL-0783,S3:HE460_MarLitter_transect01,S3_SE_NORTH_SEA,item_observation,S3_visual_GT2,object_context,plastic,>2 cm (macro),2016-04-08,16:17:00,17:00:00,54.303,7.73,sighting_position,,,0.151,,missing,,rejected,item_observation,"объектная запись: своей плотности нет, числитель трансекты по ней не восстановить",object_time_is_parent_interval;source_object_row_not_reconstructed
MPL-0784,S3:HE460_MarLitter_transect02,S3_SE_NORTH_SEA,item_observation,S3_visual_GT2,object_context,plastic,>2 cm (macro),2016-04-09,14:58:00,15:58:00,54.398,7.482,sighting_position,,,0.217,,missing,,rejected,item_observation,"объектная запись: своей плотности нет, числитель трансекты по ней не восстановить",object_time_is_parent_interval;source_object_row_not_reconstructed
MPL-0785,S3:HE460_MarLitter_transect02,S3_SE_NORTH_SEA,item_observation,S3_visual_GT2,object_context,plastic,>2 cm (macro),2016-04-09,14:58:00,15:58:00,54.4,7.465,sighting_position,,,0.217,,missing,,rejected,item_observation,"объектная запись: своей плотности нет, числитель трансекты по ней не восстановить",object_time_is_parent_interval;source_object_row_not_reconstructed
MPL-0786,S3:HE460_MarLitter_transect02,S3_SE_NORTH_SEA,item_observation,S3_visual_GT2,object_context,expanded polystyrene (EPS),>2 cm (macro),2016-04-09,14:58:00,15:58:00,54.412,7.386,sighting_position,,,0.217,,missing,,rejected,item_observation,"объектная запись: своей плотности нет, числитель трансекты по ней не восстановить",object_time_is_parent_interval;source_object_row_not_reconstructed
MPL-0787,S3:HE460_MarLitter_transect02,S3_SE_NORTH_SEA,transect_density,S3_visual_GT2,all_litter,mixed (predominantly plastic),>2 cm (macro),2016-04-09,14:58:00,15:58:00,54.417,7.354,published_transect_center,32.3,7,0.217,32.2581,match,litter-visual,accepted,accepted,принята,all_litter_not_plastic
MPL-0788,S3:HE460_MarLitter_transect02,S3_SE_NORTH_SEA,transect_density,S3_visual_GT2,fisheries_litter_category,plastic (fishing gear),>2 cm (macro),2016-04-09,14:58:00,15:58:00,54.417,7.354,published_transect_center,0,0,0.217,0,match,,rejected,category,"отдельная категория, а не суммарная величина: fisheries_litter_category",zero_only_for_defined_scope
MPL-0789,S3:HE460_MarLitter_transect02,S3_SE_NORTH_SEA,item_observation,S3_visual_GT2,object_context,plastic,>2 cm (macro),2016-04-09,14:58:00,15:58:00,54.418,7.341,sighting_position,,,0.217,,missing,,rejected,item_observation,"объектная запись: своей плотности нет, числитель трансекты по ней не восстановить",object_time_is_parent_interval;source_object_row_not_reconstructed
MPL-0790,S3:HE460_MarLitter_transect02,S3_SE_NORTH_SEA,item_observation,S3_visual_GT2,object_context,plastic,>2 cm (macro),2016-04-09,14:58:00,15:58:00,54.418,7.338,sighting_position,,,0.217,,missing,,rejected,item_observation,"объектная запись: своей плотности нет, числитель трансекты по ней не восстановить",object_time_is_parent_interval;source_object_row_not_reconstructed
MPL-0791,S3:HE460_MarLitter_transect02,S3_SE_NORTH_SEA,item_observation,S3_visual_GT2,object_context,plastic,>2 cm (macro),2016-04-09,14:58:00,15:58:00,54.419,7.335,sighting_position,,,0.217,,missing,,rejected,item_observation,"объектная запись: своей плотности нет, числитель трансекты по ней не восстановить",object_time_is_parent_interval;source_object_row_not_reconstructed
MPL-0792,S3:HE460_MarLitter_transect02,S3_SE_NORTH_SEA,item_observation,S3_visual_GT2,object_context,plastic,>2 cm (macro),2016-04-09,14:58:00,15:58:00,54.439,7.207,sighting_position,,,0.217,,missing,,rejected,item_observation,"объектная запись: своей плотности нет, числитель трансекты по ней не восстановить",object_time_is_parent_interval;source_object_row_not_reconstructed
MPL-0793,S3:HE460_MarLitter_transect03,S3_SE_NORTH_SEA,item_observation,S3_visual_GT2,object_context,plastic,>2 cm (macro),2016-04-10,16:15:00,17:18:00,54.75,6.715,sighting_position,,,0.229,,missing,,rejected,item_observation,"объектная запись: своей плотности нет, числитель трансекты по ней не восстановить",object_time_is_parent_interval;source_object_row_not_reconstructed
MPL-0794,S3:HE460_MarLitter_transect03,S3_SE_NORTH_SEA,item_observation,S3_visual_GT2,object_context,plastic,>2 cm (macro),2016-04-10,16:15:00,17:18:00,54.764,6.703,sighting_position,,,0.229,,missing,,rejected,item_observation,"объектная запись: своей плотности нет, числитель трансекты по ней не восстановить",object_time_is_parent_interval;source_object_row_not_reconstructed
MPL-0795,S3:HE460_MarLitter_transect03,S3_SE_NORTH_SEA,item_observation,S3_visual_GT2,object_context,plastic,>2 cm (macro),2016-04-10,16:15:00,17:18:00,54.798,6.675,sighting_position,,,0.229,,missing,,rejected,item_observation,"объектная запись: своей плотности нет, числитель трансекты по ней не восстановить",object_time_is_parent_interval;source_object_row_not_reconstructed
MPL-0796,S3:HE460_MarLitter_transect03,S3_SE_NORTH_SEA,item_observation,S3_visual_GT2,object_context,plastic,>2 cm (macro),2016-04-10,16:15:00,17:18:00,54.805,6.669,sighting_position,,,0.229,,missing,,rejected,item_observation,"объектная запись: своей плотности нет, числитель трансекты по ней не восстановить",object_time_is_parent_interval;source_object_row_not_reconstructed
MPL-0797,S3:HE460_MarLitter_transect03,S3_SE_NORTH_SEA,item_observation,S3_visual_GT2,object_context,plastic,>2 cm (macro),2016-04-10,16:15:00,17:18:00,54.833,6.646,sighting_position,,,0.229,,missing,,rejected,item_observation,"объектная запись: своей плотности нет, числитель трансекты по ней не восстановить",object_time_is_parent_interval;source_object_row_not_reconstructed
MPL-0798,S3:HE460_MarLitter_transect03,S3_SE_NORTH_SEA,transect_density,S3_visual_GT2,all_litter,mixed (predominantly plastic),>2 cm (macro),2016-04-10,16:15:00,17:18:00,54.841,6.638,published_transect_center,52.3,12,0.229,52.4017,match,litter-visual,accepted,accepted,принята,all_litter_not_plastic
MPL-0799,S3:HE460_MarLitter_transect03,S3_SE_NORTH_SEA,transect_density,S3_visual_GT2,fisheries_litter_category,plastic (fishing gear),>2 cm (macro),2016-04-10,16:15:00,17:18:00,54.841,6.638,published_transect_center,4.361,1,0.229,4.36681,match,,rejected,category,"отдельная категория, а не суммарная величина: fisheries_litter_category",
MPL-0800,S3:HE460_MarLitter_transect03,S3_SE_NORTH_SEA,item_observation,S3_visual_GT2,object_context,plastic,>2 cm (macro),2016-04-10,16:15:00,17:18:00,54.847,6.634,sighting_position,,,0.229,,missing,,rejected,item_observation,"объектная запись: своей плотности нет, числитель трансекты по ней не восстановить",object_time_is_parent_interval;source_object_row_not_reconstructed
MPL-0801,S3:HE460_MarLitter_transect03,S3_SE_NORTH_SEA,item_observation,S3_visual_GT2,object_context,plastic,>2 cm (macro),2016-04-10,16:15:00,17:18:00,54.857,6.626,sighting_position,,,0.229,,missing,,rejected,item_observation,"объектная запись: своей плотности нет, числитель трансекты по ней не восстановить",object_time_is_parent_interval;source_object_row_not_reconstructed
MPL-0802,S3:HE460_MarLitter_transect03,S3_SE_NORTH_SEA,item_observation,S3_visual_GT2,object_context,plastic,>2 cm (macro),2016-04-10,16:15:00,17:18:00,54.899,6.591,sighting_position,,,0.229,,missing,,rejected,item_observation,"объектная запись: своей плотности нет, числитель трансекты по ней не восстановить",object_time_is_parent_interval;source_object_row_not_reconstructed
MPL-0803,S3:HE460_MarLitter_transect03,S3_SE_NORTH_SEA,item_observation,S3_visual_GT2,object_context,plastic,>2 cm (macro),2016-04-10,16:15:00,17:18:00,54.907,6.585,sighting_position,,,0.229,,missing,,rejected,item_observation,"объектная запись: своей плотности нет, числитель трансекты по ней не восстановить",object_time_is_parent_interval;source_object_row_not_reconstructed
MPL-0804,S3:HE460_MarLitter_transect03,S3_SE_NORTH_SEA,item_observation,S3_visual_GT2,object_context,plastic,>2 cm (macro),2016-04-10,16:15:00,17:18:00,54.909,6.582,sighting_position,,,0.229,,missing,,rejected,item_observation,"объектная запись: своей плотности нет, числитель трансекты по ней не восстановить",object_time_is_parent_interval;source_object_row_not_reconstructed
MPL-0805,S3:HE460_MarLitter_transect03,S3_SE_NORTH_SEA,item_observation,S3_visual_GT2,object_context,plastic,>2 cm (macro),2016-04-10,16:15:00,17:18:00,54.93,6.564,sighting_position,,,0.229,,missing,,rejected,item_observation,"объектная запись: своей плотности нет, числитель трансекты по ней не восстановить",object_time_is_parent_interval;source_object_row_not_reconstructed
MPL-0806,S1:458,S1_GPGP2018,transect_density,S1_aerial_GT50,plastic_category,plastic,>50 cm (megaplastic),2016-10-02,,,33.49555192,-136.5600457,mosaic_center,0.187157,2,10.6862,0.187157,match,,rejected,category,"отдельная категория, а не суммарная величина: plastic_category",source_total_vs_object_count_conflict
MPL-0807,S1:458,S1_GPGP2018,transect_density,S1_aerial_GT50,plastic_category,plastic,>50 cm (megaplastic),2016-10-02,,,33.49555192,-136.5600457,mosaic_center,0.187157,2,10.6862,0.187157,match,,rejected,category,"отдельная категория, а не суммарная величина: plastic_category",source_total_vs_object_count_conflict
MPL-0808,S1:458,S1_GPGP2018,transect_density,S1_aerial_GT50,plastic_category,plastic,>50 cm (megaplastic),2016-10-02,,,33.49555192,-136.5600457,mosaic_center,0,0,10.6862,0,match,,rejected,category,"отдельная категория, а не суммарная величина: plastic_category",source_total_vs_object_count_conflict;size_filter_corrected;zero_only_for_defined_scope
MPL-0809,S1:461,S1_GPGP2018,transect_density,S1_aerial_GT50,total_plastic,plastic,>50 cm (megaplastic),2016-10-02,,,33.49622084,-135.3724492,mosaic_center,,,10.6772,,missing,,rejected,profile_not_targeted,профиль измерения не входит ни в одну целевую величину: S1_aerial_GT50,source_total_vs_object_count_conflict
MPL-0810,S1:461,S1_GPGP2018,transect_density,S1_aerial_GT50,plastic_category,plastic,>50 cm (megaplastic),2016-10-02,,,33.49622084,-135.3724492,mosaic_center,0.093657,1,10.6772,0.093657,match,,rejected,category,"отдельная категория, а не суммарная величина: plastic_category",source_total_vs_object_count_conflict
MPL-0811,S1:461,S1_GPGP2018,transect_density,S1_aerial_GT50,plastic_category,plastic,>50 cm (megaplastic),2016-10-02,,,33.49622084,-135.3724492,mosaic_center,0.093657,1,10.6772,0.093657,match,,rejected,category,"отдельная категория, а не суммарная величина: plastic_category",source_total_vs_object_count_conflict
MPL-0812,S1:457,S1_GPGP2018,transect_density,S1_aerial_GT50,total_plastic,plastic,>50 cm (megaplastic),2016-10-02,,,33.49671682,-136.9623122,mosaic_center,,,10.7514,,missing,,rejected,profile_not_targeted,профиль измерения не входит ни в одну целевую величину: S1_aerial_GT50,source_total_vs_object_count_conflict
MPL-0813,S1:457,S1_GPGP2018,transect_density,S1_aerial_GT50,plastic_category,plastic,>50 cm (megaplastic),2016-10-02,,,33.49671682,-136.9623122,mosaic_center,0.744092,8,10.7514,0.744092,match,,rejected,category,"отдельная категория, а не суммарная величина: plastic_category",source_total_vs_object_count_conflict
MPL-0814,S1:457,S1_GPGP2018,transect_density,S1_aerial_GT50,plastic_category,plastic,>50 cm (megaplastic),2016-10-02,,,33.49671682,-136.9623122,mosaic_center,0.372046,4,10.7514,0.372046,match,,rejected,category,"отдельная категория, а не суммарная величина: plastic_category",source_total_vs_object_count_conflict
MPL-0815,S1:459,S1_GPGP2018,transect_density,S1_aerial_GT50,total_plastic,plastic,>50 cm (megaplastic),2016-10-02,,,33.49675184,-136.1707262,mosaic_center,0,0,10.6667,0,match,,rejected,profile_not_targeted,профиль измерения не входит ни в одну целевую величину: S1_aerial_GT50,zero_only_for_defined_scope
MPL-0816,S1:462,S1_GPGP2018,transect_density,S1_aerial_GT50,plastic_category,plastic,>50 cm (megaplastic),2016-10-02,,,33.49692284,-135.0601644,mosaic_center,0,0,7.3941,0,match,,rejected,category,"отдельная категория, а не суммарная величина: plastic_category",source_total_vs_object_count_conflict;size_filter_corrected;zero_only_for_defined_scope
MPL-0817,S1:462,S1_GPGP2018,transect_density,S1_aerial_GT50,plastic_category,plastic,>50 cm (megaplastic),2016-10-02,,,33.49692284,-135.0601644,mosaic_center,0.135243,1,7.3941,0.135243,match,,rejected,category,"отдельная категория, а не суммарная величина: plastic_category",source_total_vs_object_count_conflict
MPL-0818,S1:455,S1_GPGP2018,transect_density,S1_aerial_GT50,plastic_category,plastic,>50 cm (megaplastic),2016-10-02,,,33.49714847,-137.8789428,mosaic_center,0.192892,2,10.3685,0.192892,match,,rejected,category,"отдельная категория, а не суммарная величина: plastic_category",source_total_vs_object_count_conflict;size_filter_corrected
MPL-0819,S1:455,S1_GPGP2018,transect_density,S1_aerial_GT50,plastic_category,plastic,>50 cm (megaplastic),2016-10-02,,,33.49714847,-137.8789428,mosaic_center,0.868012,9,10.3685,0.868012,match,,rejected,category,"отдельная категория, а не суммарная величина: plastic_category",source_total_vs_object_count_conflict
MPL-0820,S1:455,S1_GPGP2018,transect_density,S1_aerial_GT50,plastic_category,plastic,>50 cm (megaplastic),2016-10-02,,,33.49714847,-137.8789428,mosaic_center,0.096446,1,10.3685,0.096446,match,,rejected,category,"отдельная категория, а не суммарная величина: plastic_category",source_total_vs_object_count_conflict
MPL-0821,S1:453,S1_GPGP2018,transect_density,S1_aerial_GT50,plastic_category,plastic,>50 cm (megaplastic),2016-10-02,,,33.49731449,-138.6496094,mosaic_center,0.752833,8,10.6265,0.752833,match,,rejected,category,"отдельная категория, а не суммарная величина: plastic_category",source_total_vs_object_count_conflict;size_filter_corrected
MPL-0822,S1:453,S1_GPGP2018,transect_density,S1_aerial_GT50,plastic_category,plastic,>50 cm (megaplastic),2016-10-02,,,33.49731449,-138.6496094,mosaic_center,0.564625,6,10.6265,0.564625,match,,rejected,category,"отдельная категория, а не суммарная величина: plastic_category",source_total_vs_object_count_conflict;size_filter_corrected
MPL-0823,S1:453,S1_GPGP2018,transect_density,S1_aerial_GT50,plastic_category,plastic,>50 cm (megaplastic),2016-10-02,,,33.49731449,-138.6496094,mosaic_center,0.564625,6,10.6265,0.564625,match,,rejected,category,"отдельная категория, а не суммарная величина: plastic_category",source_total_vs_object_count_conflict
MPL-0824,S1:460,S1_GPGP2018,transect_density,S1_aerial_GT50,plastic_category,plastic,>50 cm (megaplastic),2016-10-02,,,33.49765517,-135.7647745,mosaic_center,0.186391,2,10.7301,0.186391,match,,rejected,category,"отдельная категория, а не суммарная величина: plastic_category",source_total_vs_object_count_conflict
MPL-0825,S1:451,S1_GPGP2018,transect_density,S1_aerial_GT50,plastic_category,plastic,>50 cm (megaplastic),2016-10-02,,,33.49772243,-139.4681504,mosaic_center,0.464921,5,10.7545,0.464921,match,,rejected,category,"отдельная категория, а не суммарная величина: plastic_category",source_total_vs_object_count_conflict
MPL-0826,S1:451,S1_GPGP2018,transect_density,S1_aerial_GT50,plastic_category,plastic,>50 cm (megaplastic),2016-10-02,,,33.49772243,-139.4681504,mosaic_center,0.278952,3,10.7545,0.278952,match,,rejected,category,"отдельная категория, а не суммарная величина: plastic_category",source_total_vs_object_count_conflict
MPL-0827,S1:451,S1_GPGP2018,transect_density,S1_aerial_GT50,plastic_category,plastic,>50 cm (megaplastic),2016-10-02,,,33.49772243,-139.4681504,mosaic_center,0.278952,3,10.7545,0.278952,match,,rejected,category,"отдельная категория, а не суммарная величина: plastic_category",source_total_vs_object_count_conflict
MPL-0828,S1:450,S1_GPGP2018,transect_density,S1_aerial_GT50,total_plastic,plastic,>50 cm (megaplastic),2016-10-02,,,33.49782254,-139.8681355,mosaic_center,,,10.7191,,missing,,rejected,profile_not_targeted,профиль измерения не входит ни в одну целевую величину: S1_aerial_GT50,source_total_vs_object_count_conflict
MPL-0829,S1:450,S1_GPGP2018,transect_density,S1_aerial_GT50,plastic_category,plastic,>50 cm (megaplastic),2016-10-02,,,33.49782254,-139.8681355,mosaic_center,0.373165,4,10.7191,0.373165,match,,rejected,category,"отдельная категория, а не суммарная величина: plastic_category",source_total_vs_object_count_conflict
MPL-0830,S1:450,S1_GPGP2018,transect_density,S1_aerial_GT50,plastic_category,plastic,>50 cm (megaplastic),2016-10-02,,,33.49782254,-139.8681355,mosaic_center,0.279874,3,10.7191,0.279874,match,,rejected,category,"отдельная категория, а не суммарная величина: plastic_category",source_total_vs_object_count_conflict
MPL-0831,S1:450,S1_GPGP2018,transect_density,S1_aerial_GT50,plastic_category,plastic,>50 cm (megaplastic),2016-10-02,,,33.49782254,-139.8681355,mosaic_center,0.279874,3,10.7191,0.279874,match,,rejected,category,"отдельная категория, а не суммарная величина: plastic_category",source_total_vs_object_count_conflict
MPL-0832,S1:452,S1_GPGP2018,transect_density,S1_aerial_GT50,total_plastic,plastic,>50 cm (megaplastic),2016-10-02,,,33.49785508,-139.0757409,mosaic_center,,,10.5293,,missing,,rejected,profile_not_targeted,профиль измерения не входит ни в одну целевую величину: S1_aerial_GT50,source_total_vs_object_count_conflict
MPL-0833,S1:452,S1_GPGP2018,transect_density,S1_aerial_GT50,plastic_category,plastic,>50 cm (megaplastic),2016-10-02,,,33.49785508,-139.0757409,mosaic_center,1.51957,16,10.5293,1.51957,match,,rejected,category,"отдельная категория, а не суммарная величина: plastic_category",source_total_vs_object_count_conflict;size_filter_corrected
MPL-0834,S1:452,S1_GPGP2018,transect_density,S1_aerial_GT50,plastic_category,plastic,>50 cm (megaplastic),2016-10-02,,,33.49785508,-139.0757409,mosaic_center,0.474865,5,10.5293,0.474865,match,,rejected,category,"отдельная категория, а не суммарная величина: plastic_category",source_total_vs_object_count_conflict
MPL-0835,S1:452,S1_GPGP2018,transect_density,S1_aerial_GT50,plastic_category,plastic,>50 cm (megaplastic),2016-10-02,,,33.49785508,-139.0757409,mosaic_center,0.379892,4,10.5293,0.379892,match,,rejected,category,"отдельная категория, а не суммарная величина: plastic_category",source_total_vs_object_count_conflict;size_filter_corrected
MPL-0836,S1:449,S1_GPGP2018,transect_density,S1_aerial_GT50,plastic_category,plastic,>50 cm (megaplastic),2016-10-02,,,33.49795999,-140.3813425,mosaic_center,0.636935,7,10.9901,0.636935,match,,rejected,category,"отдельная категория, а не суммарная величина: plastic_category",source_total_vs_object_count_conflict;size_filter_corrected
MPL-0837,S1:449,S1_GPGP2018,transect_density,S1_aerial_GT50,plastic_category,plastic,>50 cm (megaplastic),2016-10-02,,,33.49795999,-140.3813425,mosaic_center,0.545944,6,10.9901,0.545944,match,,rejected,category,"отдельная категория, а не суммарная величина: plastic_category",source_total_vs_object_count_conflict
MPL-0838,S1:449,S1_GPGP2018,transect_density,S1_aerial_GT50,plastic_category,plastic,>50 cm (megaplastic),2016-10-02,,,33.49795999,-140.3813425,mosaic_center,0.363963,4,10.9901,0.363963,match,,rejected,category,"отдельная категория, а не суммарная величина: plastic_category",source_total_vs_object_count_conflict;size_filter_corrected
MPL-0839,S1:447,S1_GPGP2018,transect_density,S1_aerial_GT50,plastic_category,plastic,>50 cm (megaplastic),2016-10-02,,,33.49799408,-141.1880803,mosaic_center,0.540637,6,11.098,0.540637,match,,rejected,category,"отдельная категория, а не суммарная величина: plastic_category",
MPL-0840,S1:447,S1_GPGP2018,transect_density,S1_aerial_GT50,plastic_category,plastic,>50 cm (megaplastic),2016-10-02,,,33.49799408,-141.1880803,mosaic_center,0.991168,11,11.098,0.991168,match,,rejected,category,"отдельная категория, а не суммарная величина: plastic_category",size_filter_corrected
MPL-0841,S1:448,S1_GPGP2018,transect_density,S1_aerial_GT50,total_plastic,plastic,>50 cm (megaplastic),2016-10-02,,,33.49808549,-140.7865538,mosaic_center,,,10.952,,missing,,rejected,profile_not_targeted,профиль измерения не входит ни в одну целевую величину: S1_aerial_GT50,source_total_vs_object_count_conflict
MPL-0842,S1:448,S1_GPGP2018,transect_density,S1_aerial_GT50,plastic_category,plastic,>50 cm (megaplastic),2016-10-02,,,33.49808549,-140.7865538,mosaic_center,0.547847,6,10.952,0.547847,match,,rejected,category,"отдельная категория, а не суммарная величина: plastic_category",source_total_vs_object_count_conflict
MPL-0843,S1:448,S1_GPGP2018,transect_density,S1_aerial_GT50,plastic_category,plastic,>50 cm (megaplastic),2016-10-02,,,33.49808549,-140.7865538,mosaic_center,0.456539,5,10.952,0.456539,match,,rejected,category,"отдельная категория, а не суммарная величина: plastic_category",source_total_vs_object_count_conflict;size_filter_corrected
MPL-0844,S1:448,S1_GPGP2018,transect_density,S1_aerial_GT50,plastic_category,plastic,>50 cm (megaplastic),2016-10-02,,,33.49808549,-140.7865538,mosaic_center,0.091308,1,10.952,0.091308,match,,rejected,category,"отдельная категория, а не суммарная величина: plastic_category",source_total_vs_object_count_conflict
MPL-0845,S1:456,S1_GPGP2018,transect_density,S1_aerial_GT50,total_plastic,plastic,>50 cm (megaplastic),2016-10-02,,,33.49815916,-137.3529596,mosaic_center,,,10.6452,,missing,,rejected,profile_not_targeted,профиль измерения не входит ни в одну целевую величину: S1_aerial_GT50,source_total_vs_object_count_conflict
MPL-0846,S1:456,S1_GPGP2018,transect_density,S1_aerial_GT50,plastic_category,plastic,>50 cm (megaplastic),2016-10-02,,,33.49815916,-137.3529596,mosaic_center,0.845449,9,10.6452,0.845449,match,,rejected,category,"отдельная категория, а не суммарная величина: plastic_category",source_total_vs_object_count_conflict;size_filter_corrected
MPL-0847,S1:456,S1_GPGP2018,transect_density,S1_aerial_GT50,plastic_category,plastic,>50 cm (megaplastic),2016-10-02,,,33.49815916,-137.3529596,mosaic_center,0.187878,2,10.6452,0.187878,match,,rejected,category,"отдельная категория, а не суммарная величина: plastic_category",source_total_vs_object_count_conflict;size_filter_corrected
MPL-0848,S1:454,S1_GPGP2018,transect_density,S1_aerial_GT50,total_plastic,plastic,>50 cm (megaplastic),2016-10-02,,,33.49819128,-138.2703464,mosaic_center,,,10.7923,,missing,,rejected,profile_not_targeted,профиль измерения не входит ни в одну целевую величину: S1_aerial_GT50,source_total_vs_object_count_conflict
MPL-0849,S1:454,S1_GPGP2018,transect_density,S1_aerial_GT50,plastic_category,plastic,>50 cm (megaplastic),2016-10-02,,,33.49819128,-138.2703464,mosaic_center,0.277975,3,10.7923,0.277975,match,,rejected,category,"отдельная категория, а не суммарная величина: plastic_category",source_total_vs_object_count_conflict
MPL-0850,S1:454,S1_GPGP2018,transect_density,S1_aerial_GT50,plastic_category,plastic,>50 cm (megaplastic),2016-10-02,,,33.49819128,-138.2703464,mosaic_center,0.277975,3,10.7923,0.277975,match,,rejected,category,"отдельная категория, а не суммарная величина: plastic_category",source_total_vs_object_count_conflict
MPL-0851,S1:454,S1_GPGP2018,transect_density,S1_aerial_GT50,plastic_category,plastic,>50 cm (megaplastic),2016-10-02,,,33.49819128,-138.2703464,mosaic_center,0.092658,1,10.7923,0.092658,match,,rejected,category,"отдельная категория, а не суммарная величина: plastic_category",source_total_vs_object_count_conflict
MPL-0852,S1:463,S1_GPGP2018,transect_density,S1_aerial_GT50,total_plastic,plastic,>50 cm (megaplastic),2016-10-06,,,30.23318968,-143.5611729,mosaic_center,,,10.3181,,missing,,rejected,profile_not_targeted,профиль измерения не входит ни в одну целевую величину: S1_aerial_GT50,source_total_vs_object_count_conflict
MPL-0853,S1:463,S1_GPGP2018,transect_density,S1_aerial_GT50,plastic_category,plastic,>50 cm (megaplastic),2016-10-06,,,30.23318968,-143.5611729,mosaic_center,1.25993,13,10.3181,1.25993,match,,rejected,category,"отдельная категория, а не суммарная величина: plastic_category",source_total_vs_object_count_conflict
MPL-0854,S1:463,S1_GPGP2018,transect_density,S1_aerial_GT50,plastic_category,plastic,>50 cm (megaplastic),2016-10-06,,,30.23318968,-143.5611729,mosaic_center,0.290752,3,10.3181,0.290752,match,,rejected,category,"отдельная категория, а не суммарная величина: plastic_category",source_total_vs_object_count_conflict
MPL-0855,S1:463,S1_GPGP2018,transect_density,S1_aerial_GT50,plastic_category,plastic,>50 cm (megaplastic),2016-10-06,,,30.23318968,-143.5611729,mosaic_center,0.77534,8,10.3181,0.77534,match,,rejected,category,"отдельная категория, а не суммарная величина: plastic_category",source_total_vs_object_count_conflict
MPL-0856,S1:464,S1_GPGP2018,transect_density,S1_aerial_GT50,plastic_category,plastic,>50 cm (megaplastic),2016-10-06,,,30.38681784,-143.2532282,mosaic_center,1.44866,13,8.97382,1.44866,match,,rejected,category,"отдельная категория, а не суммарная величина: plastic_category",source_total_vs_object_count_conflict;size_filter_corrected
MPL-0857,S1:464,S1_GPGP2018,transect_density,S1_aerial_GT50,plastic_category,plastic,>50 cm (megaplastic),2016-10-06,,,30.38681784,-143.2532282,mosaic_center,1.00292,9,8.97382,1.00292,match,,rejected,category,"отдельная категория, а не суммарная величина: plastic_category",source_total_vs_object_count_conflict;size_filter_corrected
MPL-0858,S1:464,S1_GPGP2018,transect_density,S1_aerial_GT50,plastic_category,plastic,>50 cm (megaplastic),2016-10-06,,,30.38681784,-143.2532282,mosaic_center,1.11435,10,8.97382,1.11435,match,,rejected,category,"отдельная категория, а не суммарная величина: plastic_category",source_total_vs_object_count_conflict
MPL-0859,S1:465,S1_GPGP2018,transect_density,S1_aerial_GT50,total_plastic,plastic,>50 cm (megaplastic),2016-10-06,,,30.58268547,-142.8671268,mosaic_center,,,10.685,,missing,,rejected,profile_not_targeted,профиль измерения не входит ни в одну целевую величину: S1_aerial_GT50,source_total_vs_object_count_conflict
MPL-0860,S1:465,S1_GPGP2018,transect_density,S1_aerial_GT50,plastic_category,plastic,>50 cm (megaplastic),2016-10-06,,,30.58268547,-142.8671268,mosaic_center,0.748714,8,10.685,0.748714,match,,rejected,category,"отдельная категория, а не суммарная величина: plastic_category",source_total_vs_object_count_conflict;size_filter_corrected
MPL-0861,S1:465,S1_GPGP2018,transect_density,S1_aerial_GT50,plastic_category,plastic,>50 cm (megaplastic),2016-10-06,,,30.58268547,-142.8671268,mosaic_center,0.748714,8,10.685,0.748714,match,,rejected,category,"отдельная категория, а не суммарная величина: plastic_category",source_total_vs_object_count_conflict;size_filter_corrected
MPL-0862,S1:466,S1_GPGP2018,transect_density,S1_aerial_GT50,plastic_category,plastic,>50 cm (megaplastic),2016-10-06,,,30.74667654,-142.5368304,mosaic_center,0.094392,1,10.5941,0.094392,match,,rejected,category,"отдельная категория, а не суммарная величина: plastic_category",source_total_vs_object_count_conflict;size_filter_corrected
MPL-0863,S1:466,S1_GPGP2018,transect_density,S1_aerial_GT50,plastic_category,plastic,>50 cm (megaplastic),2016-10-06,,,30.74667654,-142.5368304,mosaic_center,1.51027,16,10.5941,1.51027,match,,rejected,category,"отдельная категория, а не суммарная величина: plastic_category",source_total_vs_object_count_conflict;size_filter_corrected
MPL-0864,S1:466,S1_GPGP2018,transect_density,S1_aerial_GT50,plastic_category,plastic,>50 cm (megaplastic),2016-10-06,,,30.74667654,-142.5368304,mosaic_center,0.471959,5,10.5941,0.471959,match,,rejected,category,"отдельная категория, а не суммарная величина: plastic_category",source_total_vs_object_count_conflict
MPL-0865,S1:467,S1_GPGP2018,transect_density,S1_aerial_GT50,total_plastic,plastic,>50 cm (megaplastic),2016-10-06,,,30.90977434,-142.213408,mosaic_center,,,10.5935,,missing,,rejected,profile_not_targeted,профиль измерения не входит ни в одну целевую величину: S1_aerial_GT50,source_total_vs_object_count_conflict
MPL-0866,S1:467,S1_GPGP2018,transect_density,S1_aerial_GT50,plastic_category,plastic,>50 cm (megaplastic),2016-10-06,,,30.90977434,-142.213408,mosaic_center,0.283193,3,10.5935,0.283193,match,,rejected,category,"отдельная категория, а не суммарная величина: plastic_category",source_total_vs_object_count_conflict;size_filter_corrected
MPL-0867,S1:467,S1_GPGP2018,transect_density,S1_aerial_GT50,plastic_category,plastic,>50 cm (megaplastic),2016-10-06,,,30.90977434,-142.213408,mosaic_center,0.943975,10,10.5935,0.943975,match,,rejected,category,"отдельная категория, а не суммарная величина: plastic_category",source_total_vs_object_count_conflict
MPL-0868,S1:467,S1_GPGP2018,transect_density,S1_aerial_GT50,plastic_category,plastic,>50 cm (megaplastic),2016-10-06,,,30.90977434,-142.213408,mosaic_center,0.094398,1,10.5935,0.094398,match,,rejected,category,"отдельная категория, а не суммарная величина: plastic_category",source_total_vs_object_count_conflict
MPL-0869,S1:468,S1_GPGP2018,transect_density,S1_aerial_GT50,total_plastic,plastic,>50 cm (megaplastic),2016-10-06,,,31.11562742,-141.8027885,mosaic_center,,,10.5607,,missing,,rejected,profile_not_targeted,профиль измерения не входит ни в одну целевую величину: S1_aerial_GT50,source_total_vs_object_count_conflict
MPL-0870,S1:468,S1_GPGP2018,transect_density,S1_aerial_GT50,plastic_category,plastic,>50 cm (megaplastic),2016-10-06,,,31.11562742,-141.8027885,mosaic_center,0.662835,7,10.5607,0.662835,match,,rejected,category,"отдельная категория, а не суммарная величина: plastic_category",source_total_vs_object_count_conflict;size_filter_corrected
MPL-0871,S1:468,S1_GPGP2018,transect_density,S1_aerial_GT50,plastic_category,plastic,>50 cm (megaplastic),2016-10-06,,,31.11562742,-141.8027885,mosaic_center,5.1133,54,10.5607,5.1133,match,,rejected,category,"отдельная категория, а не суммарная величина: plastic_category",source_total_vs_object_count_conflict;size_filter_corrected
MPL-0872,S1:468,S1_GPGP2018,transect_density,S1_aerial_GT50,plastic_category,plastic,>50 cm (megaplastic),2016-10-06,,,31.11562742,-141.8027885,mosaic_center,0.946907,10,10.5607,0.946907,match,,rejected,category,"отдельная категория, а не суммарная величина: plastic_category",source_total_vs_object_count_conflict
MPL-0873,S1:468,S1_GPGP2018,transect_density,S1_aerial_GT50,plastic_category,plastic,>50 cm (megaplastic),2016-10-06,,,31.11562742,-141.8027885,mosaic_center,0.284072,3,10.5607,0.284072,match,,rejected,category,"отдельная категория, а не суммарная величина: plastic_category",source_total_vs_object_count_conflict
MPL-0874,S1:469,S1_GPGP2018,transect_density,S1_aerial_GT50,plastic_category,plastic,>50 cm (megaplastic),2016-10-06,,,31.30275286,-141.4250874,mosaic_center,1.65051,15,9.08811,1.65051,match,,rejected,category,"отдельная категория, а не суммарная величина: plastic_category",source_total_vs_object_count_conflict;size_filter_corrected
MPL-0875,S1:469,S1_GPGP2018,transect_density,S1_aerial_GT50,plastic_category,plastic,>50 cm (megaplastic),2016-10-06,,,31.30275286,-141.4250874,mosaic_center,0.880271,8,9.08811,0.880271,match,,rejected,category,"отдельная категория, а не суммарная величина: plastic_category",source_total_vs_object_count_conflict;size_filter_corrected
MPL-0876,S1:469,S1_GPGP2018,transect_density,S1_aerial_GT50,plastic_category,plastic,>50 cm (megaplastic),2016-10-06,,,31.30275286,-141.4250874,mosaic_center,0.110034,1,9.08811,0.110034,match,,rejected,category,"отдельная категория, а не суммарная величина: plastic_category",source_total_vs_object_count_conflict
MPL-0877,S1:470,S1_GPGP2018,transect_density,S1_aerial_GT50,total_plastic,plastic,>50 cm (megaplastic),2016-10-06,,,31.49799962,-141.0369151,mosaic_center,,,2.95864,,missing,,rejected,profile_not_targeted,профиль измерения не входит ни в одну целевую величину: S1_aerial_GT50,source_total_vs_object_count_conflict
MPL-0878,S1:470,S1_GPGP2018,transect_density,S1_aerial_GT50,plastic_category,plastic,>50 cm (megaplastic),2016-10-06,,,31.49799962,-141.0369151,mosaic_center,0.337993,1,2.95864,0.337993,match,,rejected,category,"отдельная категория, а не суммарная величина: plastic_category",source_total_vs_object_count_conflict
MPL-0879,S1:470,S1_GPGP2018,transect_density,S1_aerial_GT50,plastic_category,plastic,>50 cm (megaplastic),2016-10-06,,,31.49799962,-141.0369151,mosaic_center,0.337993,1,2.95864,0.337993,match,,rejected,category,"отдельная категория, а не суммарная величина: plastic_category",source_total_vs_object_count_conflict
MPL-0880,S1:471,S1_GPGP2018,transect_density,S1_aerial_GT50,plastic_category,plastic,>50 cm (megaplastic),2016-10-06,,,31.92996577,-140.1632373,mosaic_center,0.191201,2,10.4602,0.191201,match,,rejected,category,"отдельная категория, а не суммарная величина: plastic_category",source_total_vs_object_count_conflict
MPL-0881,S1:471,S1_GPGP2018,transect_density,S1_aerial_GT50,plastic_category,plastic,>50 cm (megaplastic),2016-10-06,,,31.92996577,-140.1632373,mosaic_center,0.286801,3,10.4602,0.286801,match,,rejected,category,"отдельная категория, а не суммарная величина: plastic_category",source_total_vs_object_count_conflict
MPL-0882,S1:471,S1_GPGP2018,transect_density,S1_aerial_GT50,plastic_category,plastic,>50 cm (megaplastic),2016-10-06,,,31.92996577,-140.1632373,mosaic_center,0.0956,1,10.4602,0.0956,match,,rejected,category,"отдельная категория, а не суммарная величина: plastic_category",source_total_vs_object_count_conflict
MPL-0883,S1:472,S1_GPGP2018,transect_density,S1_aerial_GT50,total_plastic,plastic,>50 cm (megaplastic),2016-10-06,,,32.111467,-139.7963323,mosaic_center,,,10.5587,,missing,,rejected,profile_not_targeted,профиль измерения не входит ни в одну целевую величину: S1_aerial_GT50,source_total_vs_object_count_conflict
MPL-0884,S1:472,S1_GPGP2018,transect_density,S1_aerial_GT50,plastic_category,plastic,>50 cm (megaplastic),2016-10-06,,,32.111467,-139.7963323,mosaic_center,1.79946,19,10.5587,1.79946,match,,rejected,category,"отдельная категория, а не суммарная величина: plastic_category",source_total_vs_object_count_conflict;size_filter_corrected
MPL-0885,S1:472,S1_GPGP2018,transect_density,S1_aerial_GT50,plastic_category,plastic,>50 cm (megaplastic),2016-10-06,,,32.111467,-139.7963323,mosaic_center,2.93596,31,10.5587,2.93596,match,,rejected,category,"отдельная категория, а не суммарная величина: plastic_category",source_total_vs_object_count_conflict;size_filter_corrected
MPL-0886,S1:472,S1_GPGP2018,transect_density,S1_aerial_GT50,plastic_category,plastic,>50 cm (megaplastic),2016-10-06,,,32.111467,-139.7963323,mosaic_center,0.189417,2,10.5587,0.189417,match,,rejected,category,"отдельная категория, а не суммарная величина: plastic_category",source_total_vs_object_count_conflict
MPL-0887,S1:473,S1_GPGP2018,transect_density,S1_aerial_GT50,plastic_category,plastic,>50 cm (megaplastic),2016-10-06,,,32.28112714,-139.4525212,mosaic_center,0.283424,3,10.5848,0.283424,match,,rejected,category,"отдельная категория, а не суммарная величина: plastic_category",source_total_vs_object_count_conflict
MPL-0888,S1:473,S1_GPGP2018,transect_density,S1_aerial_GT50,plastic_category,plastic,>50 cm (megaplastic),2016-10-06,,,32.28112714,-139.4525212,mosaic_center,0.377899,4,10.5848,0.377899,match,,rejected,category,"отдельная категория, а не суммарная величина: plastic_category",source_total_vs_object_count_conflict
MPL-0889,S1:473,S1_GPGP2018,transect_density,S1_aerial_GT50,plastic_category,plastic,>50 cm (megaplastic),2016-10-06,,,32.28112714,-139.4525212,mosaic_center,0.283424,3,10.5848,0.283424,match,,rejected,category,"отдельная категория, а не суммарная величина: plastic_category",source_total_vs_object_count_conflict
MPL-0890,S1:474,S1_GPGP2018,transect_density,S1_aerial_GT50,total_plastic,plastic,>50 cm (megaplastic),2016-10-06,,,32.4514417,-139.1051593,mosaic_center,,,10.6395,,missing,,rejected,profile_not_targeted,профиль измерения не входит ни в одну целевую величину: S1_aerial_GT50,source_total_vs_object_count_conflict
MPL-0891,S1:474,S1_GPGP2018,transect_density,S1_aerial_GT50,plastic_category,plastic,>50 cm (megaplastic),2016-10-06,,,32.4514417,-139.1051593,mosaic_center,0.187979,2,10.6395,0.187979,match,,rejected,category,"отдельная категория, а не суммарная величина: plastic_category",source_total_vs_object_count_conflict
MPL-0892,S1:474,S1_GPGP2018,transect_density,S1_aerial_GT50,plastic_category,plastic,>50 cm (megaplastic),2016-10-06,,,32.4514417,-139.1051593,mosaic_center,0.657927,7,10.6395,0.657927,match,,rejected,category,"отдельная категория, а не суммарная величина: plastic_category",source_total_vs_object_count_conflict;size_filter_corrected
MPL-0893,S1:475,S1_GPGP2018,transect_density,S1_aerial_GT50,plastic_category,plastic,>50 cm (megaplastic),2016-10-06,,,32.61532021,-138.7708699,mosaic_center,1.41022,15,10.6366,1.41022,match,,rejected,category,"отдельная категория, а не суммарная величина: plastic_category",source_total_vs_object_count_conflict
MPL-0894,S1:475,S1_GPGP2018,transect_density,S1_aerial_GT50,plastic_category,plastic,>50 cm (megaplastic),2016-10-06,,,32.61532021,-138.7708699,mosaic_center,1.59825,17,10.6366,1.59825,match,,rejected,category,"отдельная категория, а не суммарная величина: plastic_category",source_total_vs_object_count_conflict
MPL-0895,S1:475,S1_GPGP2018,transect_density,S1_aerial_GT50,plastic_category,plastic,>50 cm (megaplastic),2016-10-06,,,32.61532021,-138.7708699,mosaic_center,0.282045,3,10.6366,0.282045,match,,rejected,category,"отдельная категория, а не суммарная величина: plastic_category",source_total_vs_object_count_conflict
MPL-0896,S1:476,S1_GPGP2018,transect_density,S1_aerial_GT50,total_plastic,plastic,>50 cm (megaplastic),2016-10-06,,,32.78551367,-138.424217,mosaic_center,,,10.7205,,missing,,rejected,profile_not_targeted,профиль измерения не входит ни в одну целевую величину: S1_aerial_GT50,source_total_vs_object_count_conflict
MPL-0897,S1:476,S1_GPGP2018,transect_density,S1_aerial_GT50,plastic_category,plastic,>50 cm (megaplastic),2016-10-06,,,32.78551367,-138.424217,mosaic_center,0.279839,3,10.7205,0.279839,match,,rejected,category,"отдельная категория, а не суммарная величина: plastic_category",source_total_vs_object_count_conflict
MPL-0898,S1:476,S1_GPGP2018,transect_density,S1_aerial_GT50,plastic_category,plastic,>50 cm (megaplastic),2016-10-06,,,32.78551367,-138.424217,mosaic_center,2.05215,22,10.7205,2.05215,match,,rejected,category,"отдельная категория, а не суммарная величина: plastic_category",source_total_vs_object_count_conflict;size_filter_corrected
MPL-0899,S1:476,S1_GPGP2018,transect_density,S1_aerial_GT50,plastic_category,plastic,>50 cm (megaplastic),2016-10-06,,,32.78551367,-138.424217,mosaic_center,1.39919,15,10.7205,1.39919,match,,rejected,category,"отдельная категория, а не суммарная величина: plastic_category",source_total_vs_object_count_conflict
MPL-0900,S1:476,S1_GPGP2018,transect_density,S1_aerial_GT50,plastic_category,plastic,>50 cm (megaplastic),2016-10-06,,,32.78551367,-138.424217,mosaic_center,0.373118,4,10.7205,0.373118,match,,rejected,category,"отдельная категория, а не суммарная величина: plastic_category",source_total_vs_object_count_conflict;size_filter_corrected
MPL-0901,S1:477,S1_GPGP2018,transect_density,S1_aerial_GT50,plastic_category,plastic,>50 cm (megaplastic),2016-10-06,,,32.91726452,-138.1558311,mosaic_center,1.52323,8,5.25198,1.52323,match,,rejected,category,"отдельная категория, а не суммарная величина: plastic_category",source_total_vs_object_count_conflict
MPL-0902,S1:477,S1_GPGP2018,transect_density,S1_aerial_GT50,plastic_category,plastic,>50 cm (megaplastic),2016-10-06,,,32.91726452,-138.1558311,mosaic_center,0.380808,2,5.25198,0.380808,match,,rejected,category,"отдельная категория, а не суммарная величина: plastic_category",source_total_vs_object_count_conflict
MPL-0903,S4:DOORS3:T2,S4_BLACK_SEA_DOORS3,transect_density,S4_visual_GT2_5,all_litter,mixed (predominantly plastic),>2.5 cm (macro),2024-06-02,,,43.55139,29.83056,reported_transect_center,439.84,,,,published_only,litter-visual,accepted,accepted,принята,all_litter_not_plastic;numerator_area_unavailable;source_not_revalidated_in_repair
MPL-0904,S4:DOORS3:T1,S4_BLACK_SEA_DOORS3,transect_density,S4_visual_GT2_5,all_litter,mixed (predominantly plastic),>2.5 cm (macro),2024-06-02,,,43.60877,29.6227,reported_transect_center,192.54,,,,published_only,litter-visual,accepted,accepted,принята,all_litter_not_plastic;numerator_area_unavailable;source_not_revalidated_in_repair
MPL-0905,S4:DOORS3:T10,S4_BLACK_SEA_DOORS3,transect_density,S4_visual_GT2_5,all_litter,mixed (predominantly plastic),>2.5 cm (macro),2024-06-03,,,42.88389,34.07009,reported_transect_center,256.07,,,,published_only,litter-visual,accepted,accepted,принята,all_litter_not_plastic;numerator_area_unavailable;source_not_revalidated_in_repair
MPL-0906,S4:DOORS3:T9,S4_BLACK_SEA_DOORS3,transect_density,S4_visual_GT2_5,all_litter,mixed (predominantly plastic),>2.5 cm (macro),2024-06-03,,,42.92725,33.84326,reported_transect_center,164.29,,,,published_only,litter-visual,accepted,accepted,принята,all_litter_not_plastic;numerator_area_unavailable;source_not_revalidated_in_repair
MPL-0907,S4:DOORS3:T8,S4_BLACK_SEA_DOORS3,transect_density,S4_visual_GT2_5,all_litter,mixed (predominantly plastic),>2.5 cm (macro),2024-06-03,,,42.97347,33.58861,reported_transect_center,217.98,,,,published_only,litter-visual,accepted,accepted,принята,all_litter_not_plastic;numerator_area_unavailable;source_not_revalidated_in_repair
MPL-0908,S4:DOORS3:T7,S4_BLACK_SEA_DOORS3,transect_density,S4_visual_GT2_5,all_litter,mixed (predominantly plastic),>2.5 cm (macro),2024-06-03,,,42.98847,33.42236,reported_transect_center,131.17,,,,published_only,litter-visual,accepted,accepted,принята,all_litter_not_plastic;numerator_area_unavailable;source_not_revalidated_in_repair
MPL-0909,S4:DOORS3:T6,S4_BLACK_SEA_DOORS3,transect_density,S4_visual_GT2_5,all_litter,mixed (predominantly plastic),>2.5 cm (macro),2024-06-03,,,43.02454,33.19144,reported_transect_center,268.24,,,,published_only,litter-visual,accepted,accepted,принята,all_litter_not_plastic;numerator_area_unavailable;source_not_revalidated_in_repair
MPL-0910,S4:DOORS3:T5,S4_BLACK_SEA_DOORS3,transect_density,S4_visual_GT2_5,all_litter,mixed (predominantly plastic),>2.5 cm (macro),2024-06-03,,,43.08425,32.83359,reported_transect_center,389.72,,,,published_only,litter-visual,accepted,accepted,принята,all_litter_not_plastic;numerator_area_unavailable;source_not_revalidated_in_repair
MPL-0911,S4:DOORS3:T4,S4_BLACK_SEA_DOORS3,transect_density,S4_visual_GT2_5,all_litter,mixed (predominantly plastic),>2.5 cm (macro),2024-06-03,,,43.11612,32.59565,reported_transect_center,269.64,,,,published_only,litter-visual,accepted,accepted,принята,all_litter_not_plastic;numerator_area_unavailable;source_not_revalidated_in_repair
MPL-0912,S4:DOORS3:T3,S4_BLACK_SEA_DOORS3,transect_density,S4_visual_GT2_5,all_litter,mixed (predominantly plastic),>2.5 cm (macro),2024-06-03,,,43.13,32.45125,reported_transect_center,686.06,,,,published_only,litter-visual,accepted,accepted,принята,all_litter_not_plastic;numerator_area_unavailable;source_not_revalidated_in_repair
MPL-0913,S4:DOORS3:T17,S4_BLACK_SEA_DOORS3,transect_density,S4_visual_GT2_5,all_litter,mixed (predominantly plastic),>2.5 cm (macro),2024-06-04,,,42.21806,38.41583,reported_transect_center,89.61,,,,published_only,litter-visual,accepted,accepted,принята,all_litter_not_plastic;numerator_area_unavailable;source_not_revalidated_in_repair
MPL-0914,S4:DOORS3:T16,S4_BLACK_SEA_DOORS3,transect_density,S4_visual_GT2_5,all_litter,mixed (predominantly plastic),>2.5 cm (macro),2024-06-04,,,42.26162,38.13714,reported_transect_center,64.91,,,,published_only,litter-visual,accepted,accepted,принята,all_litter_not_plastic;numerator_area_unavailable;source_not_revalidated_in_repair
MPL-0915,S4:DOORS3:T15,S4_BLACK_SEA_DOORS3,transect_density,S4_visual_GT2_5,all_litter,mixed (predominantly plastic),>2.5 cm (macro),2024-06-04,,,42.30189,37.87974,reported_transect_center,127.14,,,,published_only,litter-visual,accepted,accepted,принята,all_litter_not_plastic;numerator_area_unavailable;source_not_revalidated_in_repair
MPL-0916,S4:DOORS3:T14,S4_BLACK_SEA_DOORS3,transect_density,S4_visual_GT2_5,all_litter,mixed (predominantly plastic),>2.5 cm (macro),2024-06-04,,,42.33851,37.66594,reported_transect_center,89.39,,,,published_only,litter-visual,accepted,accepted,принята,all_litter_not_plastic;numerator_area_unavailable;source_not_revalidated_in_repair
MPL-0917,S4:DOORS3:T13,S4_BLACK_SEA_DOORS3,transect_density,S4_visual_GT2_5,all_litter,mixed (predominantly plastic),>2.5 cm (macro),2024-06-04,,,42.39014,37.32999,reported_transect_center,263.57,,,,published_only,litter-visual,accepted,accepted,принята,all_litter_not_plastic;numerator_area_unavailable;source_not_revalidated_in_repair
MPL-0918,S4:DOORS3:T12,S4_BLACK_SEA_DOORS3,transect_density,S4_visual_GT2_5,all_litter,mixed (predominantly plastic),>2.5 cm (macro),2024-06-04,,,42.43722,37.03694,reported_transect_center,48.97,,,,published_only,litter-visual,accepted,accepted,принята,all_litter_not_plastic;numerator_area_unavailable;source_not_revalidated_in_repair
MPL-0919,S4:DOORS3:T11,S4_BLACK_SEA_DOORS3,transect_density,S4_visual_GT2_5,all_litter,mixed (predominantly plastic),>2.5 cm (macro),2024-06-04,,,42.49278,36.67806,reported_transect_center,62.52,,,,published_only,litter-visual,accepted,accepted,принята,all_litter_not_plastic;numerator_area_unavailable;source_not_revalidated_in_repair
MPL-0920,S4:DOORS3:T19,S4_BLACK_SEA_DOORS3,transect_density,S4_visual_GT2_5,all_litter,mixed (predominantly plastic),>2.5 cm (macro),2024-06-05,,,41.77479,41.24776,reported_transect_center,544.69,,,,published_only,litter-visual,accepted,accepted,принята,all_litter_not_plastic;numerator_area_unavailable;source_not_revalidated_in_repair
MPL-0921,S4:DOORS3:T18,S4_BLACK_SEA_DOORS3,transect_density,S4_visual_GT2_5,all_litter,mixed (predominantly plastic),>2.5 cm (macro),2024-06-05,,,41.80211,41.069,reported_transect_center,348.74,,,,published_only,litter-visual,accepted,accepted,принята,all_litter_not_plastic;numerator_area_unavailable;source_not_revalidated_in_repair
MPL-0922,S4:DOORS3:T21,S4_BLACK_SEA_DOORS3,transect_density,S4_visual_GT2_5,all_litter,mixed (predominantly plastic),>2.5 cm (macro),2024-06-07,,,41.5955,41.54911,reported_transect_center,67.34,,,,published_only,litter-visual,accepted,accepted,принята,all_litter_not_plastic;numerator_area_unavailable;source_not_revalidated_in_repair
MPL-0923,S4:DOORS3:T20,S4_BLACK_SEA_DOORS3,transect_density,S4_visual_GT2_5,all_litter,mixed (predominantly plastic),>2.5 cm (macro),2024-06-07,,,41.72292,41.63597,reported_transect_center,224.92,,,,published_only,litter-visual,accepted,accepted,принята,all_litter_not_plastic;numerator_area_unavailable;source_not_revalidated_in_repair
MPL-0924,S4:DOORS3:T22,S4_BLACK_SEA_DOORS3,transect_density,S4_visual_GT2_5,all_litter,mixed (predominantly plastic),>2.5 cm (macro),2024-06-09,,,42.17581,41.57697,reported_transect_center,814.08,,,,published_only,litter-visual,accepted,accepted,принята,all_litter_not_plastic;numerator_area_unavailable;source_not_revalidated_in_repair
MPL-0925,S4:DOORS3:T24,S4_BLACK_SEA_DOORS3,transect_density,S4_visual_GT2_5,all_litter,mixed (predominantly plastic),>2.5 cm (macro),2024-06-10,,,42.19727,41.57478,reported_transect_center,600.49,,,,published_only,litter-visual,accepted,accepted,принята,all_litter_not_plastic;numerator_area_unavailable;source_not_revalidated_in_repair
MPL-0926,S4:DOORS3:T23,S4_BLACK_SEA_DOORS3,transect_density,S4_visual_GT2_5,all_litter,mixed (predominantly plastic),>2.5 cm (macro),2024-06-10,,,42.34066,41.54807,reported_transect_center,102.37,,,,published_only,litter-visual,accepted,accepted,принята,all_litter_not_plastic;numerator_area_unavailable;source_not_revalidated_in_repair
MPL-0927,S4:DOORS3:T25,S4_BLACK_SEA_DOORS3,transect_density,S4_visual_GT2_5,all_litter,mixed (predominantly plastic),>2.5 cm (macro),2024-06-11,,,42.037,41.67792,reported_transect_center,976.01,,,,published_only,litter-visual,accepted,accepted,принята,all_litter_not_plastic;numerator_area_unavailable;source_not_revalidated_in_repair
MPL-0928,S4:DOORS3:T26,S4_BLACK_SEA_DOORS3,transect_density,S4_visual_GT2_5,all_litter,mixed (predominantly plastic),>2.5 cm (macro),2024-06-14,,,41.75572,41.01448,reported_transect_center,85.69,,,,published_only,litter-visual,accepted,accepted,принята,all_litter_not_plastic;numerator_area_unavailable;source_not_revalidated_in_repair
MPL-0929,S4:DOORS3:T27,S4_BLACK_SEA_DOORS3,transect_density,S4_visual_GT2_5,all_litter,mixed (predominantly plastic),>2.5 cm (macro),2024-06-14,,,41.78824,40.71548,reported_transect_center,144.3,,,,published_only,litter-visual,accepted,accepted,принята,all_litter_not_plastic;numerator_area_unavailable;source_not_revalidated_in_repair
MPL-0930,S4:DOORS3:T28,S4_BLACK_SEA_DOORS3,transect_density,S4_visual_GT2_5,all_litter,mixed (predominantly plastic),>2.5 cm (macro),2024-06-14,,,41.83251,40.38475,reported_transect_center,356.56,,,,published_only,litter-visual,accepted,accepted,принята,all_litter_not_plastic;numerator_area_unavailable;source_not_revalidated_in_repair
MPL-0931,S4:DOORS3:T29,S4_BLACK_SEA_DOORS3,transect_density,S4_visual_GT2_5,all_litter,mixed (predominantly plastic),>2.5 cm (macro),2024-06-15,,,42.0533,38.5873,reported_transect_center,85.96,,,,published_only,litter-visual,accepted,accepted,принята,all_litter_not_plastic;numerator_area_unavailable;source_not_revalidated_in_repair
MPL-0932,S4:DOORS3:T32,S4_BLACK_SEA_DOORS3,transect_density,S4_visual_GT2_5,all_litter,mixed (predominantly plastic),>2.5 cm (macro),2024-06-17,,,42.46465,30.95665,reported_transect_center,198.51,,,,published_only,litter-visual,accepted,accepted,принята,all_litter_not_plastic;numerator_area_unavailable;source_not_revalidated_in_repair
MPL-0933,S4:DOORS3:T31,S4_BLACK_SEA_DOORS3,transect_density,S4_visual_GT2_5,all_litter,mixed (predominantly plastic),>2.5 cm (macro),2024-06-17,,,42.49174,31.26427,reported_transect_center,345.29,,,,published_only,litter-visual,accepted,accepted,принята,all_litter_not_plastic;numerator_area_unavailable;source_not_revalidated_in_repair
MPL-0934,S4:DOORS3:T30,S4_BLACK_SEA_DOORS3,transect_density,S4_visual_GT2_5,all_litter,mixed (predominantly plastic),>2.5 cm (macro),2024-06-17,,,42.51907,31.50876,reported_transect_center,587.41,,,,published_only,litter-visual,accepted,accepted,принята,all_litter_not_plastic;numerator_area_unavailable;source_not_revalidated_in_repair
MPL-0935,S4:DOORS3:T33,S4_BLACK_SEA_DOORS3,transect_density,S4_visual_GT2_5,all_litter,mixed (predominantly plastic),>2.5 cm (macro),2024-06-18,,,43.35643,29.21475,reported_transect_center,340.86,,,,published_only,litter-visual,accepted,accepted,принята,all_litter_not_plastic;numerator_area_unavailable;source_not_revalidated_in_repair
