sample_id,event_id,date,latitude,longitude,repetition,outer_fold,survey_day_group,concentration,median_baseline,median_lower,median_upper,nested_selected,nested_prediction,nested_lower,nested_upper,service_model,service_prediction,service_lower,service_upper
MPL-0526,S1:0.1,2015-07-25,33.1895665,-128.790017,0,1,S1_trawl_5_to_50:2015-07-25,91.014999,633.666764,220.66543604631133,1816.1615228369503,ensemble|spatial_season,548.7713477033029,241.49520038167296,1245.4103795860078,median,633.666764,220.66543604631133,1816.1615228369503
MPL-0530,S1:2.3,2015-07-27,29.054015,-134.546025,0,1,S1_trawl_5_to_50:2015-07-27,61.817996,633.666764,220.66543604631133,1816.1615228369503,ensemble|spatial_season,288.25614465895785,126.58618115282101,654.7851051497983,median,633.666764,220.66543604631133,1816.1615228369503
MPL-0531,S1:1.3,2015-07-27,29.07234,-134.05625,0,1,S1_trawl_5_to_50:2015-07-27,152.892947,633.666764,220.66543604631133,1816.1615228369503,ensemble|spatial_season,299.0832343261519,131.36183432093318,679.3316680041106,median,633.666764,220.66543604631133,1816.1615228369503
MPL-0535,S1:4.3,2015-07-28,28.988125,-135.6992415,0,3,S1_trawl_5_to_50:2015-07-28,255.766117,633.666764,186.0351826075117,2152.6156765302317,tweedie_glm|all,204.47411964924004,80.80986441084166,515.0699647857521,median,633.666764,186.0351826075117,2152.6156765302317
MPL-0543,S1:3.3,2015-07-28,29.00679,-135.1118335,0,3,S1_trawl_5_to_50:2015-07-28,177.80932,633.666764,186.0351826075117,2152.6156765302317,tweedie_glm|all,206.07788028008224,81.44840438843407,519.0979790860268,median,633.666764,186.0351826075117,2152.6156765302317
MPL-0544,S1:6.4,2015-07-28,29.0074,-136.8627915,0,3,S1_trawl_5_to_50:2015-07-28,348.007734,633.666764,186.0351826075117,2152.6156765302317,tweedie_glm|all,230.25005273744708,91.07259528229596,579.8089445845645,median,633.666764,186.0351826075117,2152.6156765302317
MPL-0545,S1:6.3,2015-07-28,29.00841,-136.8621665,0,3,S1_trawl_5_to_50:2015-07-28,340.282743,633.666764,186.0351826075117,2152.6156765302317,tweedie_glm|all,230.2418703257186,91.06933744138045,579.7883935928395,median,633.666764,186.0351826075117,2152.6156765302317
MPL-0546,S1:5.3,2015-07-28,29.00875,-136.26805,0,3,S1_trawl_5_to_50:2015-07-28,346.539186,633.666764,186.0351826075117,2152.6156765302317,tweedie_glm|all,222.5109762816299,87.99126904716549,560.3714362460657,median,633.666764,186.0351826075117,2152.6156765302317
MPL-0551,S1:9.4,2015-07-29,28.999935,-138.5806,0,0,S1_trawl_5_to_50:2015-07-29,415.473402,552.015861,189.68437836082967,1602.8363768785493,catboost|all,179.56633544659323,68.74534259965174,466.4749636511848,median,552.015861,189.68437836082967,1602.8363768785493
MPL-0554,S1:10.4,2015-07-29,29.000435,-139.1930835,0,0,S1_trawl_5_to_50:2015-07-29,422.521177,552.015861,189.68437836082967,1602.8363768785493,catboost|all,228.07002907286642,87.48032285467022,592.0479967351769,median,552.015861,189.68437836082967,1602.8363768785493
MPL-0555,S1:8.4,2015-07-29,29.00169,-138.0501585,0,0,S1_trawl_5_to_50:2015-07-29,257.163107,552.015861,189.68437836082967,1602.8363768785493,catboost|all,226.97376225084014,87.05688010774983,589.209830409703,median,552.015861,189.68437836082967,1602.8363768785493
MPL-0559,S1:7.4,2015-07-29,29.007175,-137.46765,0,0,S1_trawl_5_to_50:2015-07-29,346.454898,552.015861,189.68437836082967,1602.8363768785493,catboost|all,257.8129762375531,98.96879901382655,669.0506290935407,median,552.015861,189.68437836082967,1602.8363768785493
MPL-0563,S1:11.4,2015-07-29,29.0174845,-139.833862,0,0,S1_trawl_5_to_50:2015-07-29,66.287879,552.015861,189.68437836082967,1602.8363768785493,catboost|all,295.23229869155307,113.42234295902662,765.9269175820417,median,552.015861,189.68437836082967,1602.8363768785493
MPL-0566,S1:12.3,2015-07-30,28.99819,-140.4820415,0,4,S1_trawl_5_to_50:2015-07-30,86.517306,722.8298035,254.8443977098038,2046.844663103101,catboost|spatial_weather_no_season,512.5775762854504,202.96968408425192,1292.142792505811,median,722.8298035,254.8443977098038,2046.844663103101
MPL-0569,S1:13.3,2015-07-30,28.99935,-141.0904165,0,4,S1_trawl_5_to_50:2015-07-30,58.416996,722.8298035,254.8443977098038,2046.844663103101,catboost|spatial_weather_no_season,796.7649597004544,315.83600358974144,2007.701421919065,median,722.8298035,254.8443977098038,2046.844663103101
MPL-0570,S1:14.3,2015-07-30,29.00124,-141.6246665,0,4,S1_trawl_5_to_50:2015-07-30,225.114268,722.8298035,254.8443977098038,2046.844663103101,catboost|spatial_weather_no_season,562.0387737102125,222.6134249308153,1416.681701352151,median,722.8298035,254.8443977098038,2046.844663103101
MPL-0573,S1:17.4,2015-07-31,28.987515,-143.5660835,0,4,S1_trawl_5_to_50:2015-07-31,150.661497,722.8298035,254.8443977098038,2046.844663103101,catboost|spatial_weather_no_season,717.6810027723401,284.4274482796971,1808.5750316196759,median,722.8298035,254.8443977098038,2046.844663103101
MPL-0574,S1:17.3,2015-07-31,28.98866,-143.5482335,0,4,S1_trawl_5_to_50:2015-07-31,201.055457,722.8298035,254.8443977098038,2046.844663103101,catboost|spatial_weather_no_season,717.6810027723401,284.4274482796971,1808.5750316196759,median,722.8298035,254.8443977098038,2046.844663103101
MPL-0577,S1:15.3,2015-07-31,29.00566,-142.3245335,0,4,S1_trawl_5_to_50:2015-07-31,141.836664,722.8298035,254.8443977098038,2046.844663103101,catboost|spatial_weather_no_season,650.453143748977,257.7275964952132,1639.3012444336491,median,722.8298035,254.8443977098038,2046.844663103101
MPL-0581,S1:16.3,2015-07-31,29.00719,-142.9808085,0,4,S1_trawl_5_to_50:2015-07-31,315.828009,722.8298035,254.8443977098038,2046.844663103101,catboost|spatial_weather_no_season,700.0117067015467,277.41000650660123,1764.085311044535,median,722.8298035,254.8443977098038,2046.844663103101
MPL-0588,S1:20.4,2015-08-01,30.006425,-141.7679665,0,3,S1_trawl_5_to_50:2015-08-01,659.544272,633.666764,186.0351826075117,2152.6156765302317,tweedie_glm|all,353.1708478939725,140.0137154690852,888.5375111609989,median,633.666764,186.0351826075117,2152.6156765302317
MPL-0590,S1:19.4,2015-08-01,30.010985,-142.26325,0,3,S1_trawl_5_to_50:2015-08-01,2109.259348,633.666764,186.0351826075117,2152.6156765302317,tweedie_glm|all,311.1875602721186,123.29799928191561,783.0920477538008,median,633.666764,186.0351826075117,2152.6156765302317
MPL-0593,S1:18.4,2015-08-01,30.023565,-142.7086915,0,3,S1_trawl_5_to_50:2015-08-01,1162.176439,633.666764,186.0351826075117,2152.6156765302317,tweedie_glm|all,282.20391281906615,111.75811157092996,710.2965543554437,median,633.666764,186.0351826075117,2152.6156765302317
MPL-0596,S1:24.4,2015-08-02,29.9806,-139.8215915,0,0,S1_trawl_5_to_50:2015-08-02,495.219971,552.015861,189.68437836082967,1602.8363768785493,catboost|all,914.4189071716664,352.58864178627965,2368.9623703237535,median,552.015861,189.68437836082967,1602.8363768785493
MPL-0597,S1:21.4,2015-08-02,29.998635,-141.3439415,0,0,S1_trawl_5_to_50:2015-08-02,844.062324,552.015861,189.68437836082967,1602.8363768785493,catboost|all,467.4319148337307,179.93596629673328,1211.7409675693493,median,552.015861,189.68437836082967,1602.8363768785493
MPL-0599,S1:22.4,2015-08-02,29.999935,-140.8015085,0,0,S1_trawl_5_to_50:2015-08-02,724.645668,552.015861,189.68437836082967,1602.8363768785493,catboost|all,594.7330272032542,229.10714581682308,1541.3155958106138,median,552.015861,189.68437836082967,1602.8363768785493
MPL-0603,S1:27.3,2015-08-03,29.985215,-138.2296,0,3,S1_trawl_5_to_50:2015-08-03,423.877587,633.666764,186.0351826075117,2152.6156765302317,tweedie_glm|all,390.07865890447715,154.7086221542909,981.2353787125189,median,633.666764,186.0351826075117,2152.6156765302317
MPL-0606,S1:26.3,2015-08-03,30.00074,-138.767875,0,3,S1_trawl_5_to_50:2015-08-03,529.96366,633.666764,186.0351826075117,2152.6156765302317,tweedie_glm|all,388.13047385418014,153.93294901801409,976.3423060860523,median,633.666764,186.0351826075117,2152.6156765302317
MPL-0607,S1:25.3,2015-08-03,30.00105,-139.342975,0,3,S1_trawl_5_to_50:2015-08-03,1719.436293,633.666764,186.0351826075117,2152.6156765302317,tweedie_glm|all,381.87058586778505,151.4405641460494,960.6199359003746,median,633.666764,186.0351826075117,2152.6156765302317
MPL-0610,S1:28.3,2015-08-03,30.003565,-137.7446665,0,3,S1_trawl_5_to_50:2015-08-03,505.188842,633.666764,186.0351826075117,2152.6156765302317,tweedie_glm|all,443.675323903673,176.0482239685855,1115.8490666357754,median,633.666764,186.0351826075117,2152.6156765302317
MPL-0618,S1:31.4,2015-08-04,29.996715,-136.0622665,0,4,S1_trawl_5_to_50:2015-08-04,246.22585,722.8298035,254.8443977098038,2046.844663103101,catboost|spatial_weather_no_season,505.701077125725,200.23865098237982,1274.8283774365505,median,722.8298035,254.8443977098038,2046.844663103101
MPL-0621,S1:30.4,2015-08-04,30.00139,-136.6523,0,4,S1_trawl_5_to_50:2015-08-04,720.647461,722.8298035,254.8443977098038,2046.844663103101,catboost|spatial_weather_no_season,844.925706923318,334.963264688947,2128.9659124822692,median,722.8298035,254.8443977098038,2046.844663103101
MPL-0622,S1:29.3,2015-08-04,30.002915,-137.2931585,0,4,S1_trawl_5_to_50:2015-08-04,646.404545,722.8298035,254.8443977098038,2046.844663103101,catboost|spatial_weather_no_season,850.8319818935661,337.3089688151074,2143.8373890828925,median,722.8298035,254.8443977098038,2046.844663103101
MPL-0623,S1:30.3,2015-08-04,30.00491,-136.6517,0,4,S1_trawl_5_to_50:2015-08-04,490.394472,722.8298035,254.8443977098038,2046.844663103101,catboost|spatial_weather_no_season,844.2626644310234,334.69993432965464,2127.296430285953,median,722.8298035,254.8443977098038,2046.844663103101
MPL-0627,S1:32.4,2015-08-04,30.015125,-135.476125,0,4,S1_trawl_5_to_50:2015-08-04,949.556256,722.8298035,254.8443977098038,2046.844663103101,catboost|spatial_weather_no_season,513.803660320912,203.45662896837757,1295.229963376726,median,722.8298035,254.8443977098038,2046.844663103101
MPL-0631,S1:34.4,2015-08-05,30.000825,-134.268275,0,4,S1_trawl_5_to_50:2015-08-05,373.240546,722.8298035,254.8443977098038,2046.844663103101,catboost|spatial_weather_no_season,223.82652458779359,88.29088284112396,565.0932510675743,median,722.8298035,254.8443977098038,2046.844663103101
MPL-0634,S1:33.4,2015-08-05,30.00406,-134.8896165,0,4,S1_trawl_5_to_50:2015-08-05,633.666764,722.8298035,254.8443977098038,2046.844663103101,catboost|spatial_weather_no_season,406.11787239340134,160.68872562103596,1024.0866990602722,median,722.8298035,254.8443977098038,2046.844663103101
MPL-0637,S1:35.4,2015-08-05,30.998235,-134.2625085,0,4,S1_trawl_5_to_50:2015-08-05,828.098322,722.8298035,254.8443977098038,2046.844663103101,catboost|spatial_weather_no_season,335.9776494198675,132.8322151694211,847.4798377191076,median,722.8298035,254.8443977098038,2046.844663103101
MPL-0640,S1:39.3,2015-08-06,30.97964,-136.3260415,0,0,S1_trawl_5_to_50:2015-08-06,721.013939,552.015861,189.68437836082967,1602.8363768785493,catboost|all,750.8429866404581,289.40599707963713,1945.4745296063302,median,552.015861,189.68437836082967,1602.8363768785493
MPL-0642,S1:38.3,2015-08-06,30.991785,-135.9519665,0,0,S1_trawl_5_to_50:2015-08-06,846.359613,552.015861,189.68437836082967,1602.8363768785493,catboost|all,727.0252303967683,280.20617827031947,1883.8118464337801,median,552.015861,189.68437836082967,1602.8363768785493
MPL-0647,S1:36.3,2015-08-06,30.997975,-134.8475585,0,0,S1_trawl_5_to_50:2015-08-06,347.331302,552.015861,189.68437836082967,1602.8363768785493,catboost|all,803.8894104460212,309.8956470072096,2082.808407369306,median,552.015861,189.68437836082967,1602.8363768785493
MPL-0648,S1:37.3,2015-08-06,31.000565,-135.4216585,0,0,S1_trawl_5_to_50:2015-08-06,1104.538559,552.015861,189.68437836082967,1602.8363768785493,catboost|all,556.4110366696398,214.30493834965046,1442.102356047872,median,552.015861,189.68437836082967,1602.8363768785493
MPL-0654,S1:41.3,2015-08-07,30.965825,-137.3956835,0,3,S1_trawl_5_to_50:2015-08-07,2209.120417,633.666764,186.0351826075117,2152.6156765302317,tweedie_glm|all,653.2846604716789,259.50453191212694,1642.3050656982143,median,633.666764,186.0351826075117,2152.6156765302317
MPL-0656,S1:42.3,2015-08-07,30.988835,-137.914525,0,3,S1_trawl_5_to_50:2015-08-07,1706.702091,633.666764,186.0351826075117,2152.6156765302317,tweedie_glm|all,622.405247789588,247.20984210437513,1564.7481575938982,median,633.666764,186.0351826075117,2152.6156765302317
MPL-0658,S1:42.4,2015-08-07,30.98994,-137.91355,0,3,S1_trawl_5_to_50:2015-08-07,1197.871844,633.666764,186.0351826075117,2152.6156765302317,tweedie_glm|all,622.3723456068672,247.1967420452931,1564.6655202850866,median,633.666764,186.0351826075117,2152.6156765302317
MPL-0660,S1:43.4,2015-08-07,31.001675,-138.493,0,3,S1_trawl_5_to_50:2015-08-07,351.925224,633.666764,186.0351826075117,2152.6156765302317,tweedie_glm|all,614.28236457315,243.9757025655548,1544.3466780176768,median,633.666764,186.0351826075117,2152.6156765302317
MPL-0666,S1:45.4,2015-08-08,30.987735,-139.5542835,0,2,S1_trawl_5_to_50:2015-08-08,1035.855936,559.439481,171.48450796949479,1819.9891169999994,random_forest|all,1404.3753425627008,510.10886802190186,3863.303628945435,median,559.439481,171.48450796949479,1819.9891169999994
MPL-0668,S1:44.4,2015-08-08,30.99416,-139.0254165,0,2,S1_trawl_5_to_50:2015-08-08,729.389849,559.439481,171.48450796949479,1819.9891169999994,random_forest|all,776.0919038264556,281.6138692525155,2135.7381175941714,median,559.439481,171.48450796949479,1819.9891169999994
MPL-0669,S1:47.4,2015-08-08,30.99445,-140.6223835,0,2,S1_trawl_5_to_50:2015-08-08,1077.945907,559.439481,171.48450796949479,1819.9891169999994,random_forest|all,1390.4663029232543,505.05040905361943,3825.058506289559,median,559.439481,171.48450796949479,1819.9891169999994
MPL-0671,S1:46.4,2015-08-08,30.999525,-140.084,0,2,S1_trawl_5_to_50:2015-08-08,747.327276,559.439481,171.48450796949479,1819.9891169999994,random_forest|all,1481.1450134062918,538.0285691685948,4074.394081900781,median,559.439481,171.48450796949479,1819.9891169999994
MPL-0677,S1:48.4,2015-08-09,30.97485,-141.2498415,0,1,S1_trawl_5_to_50:2015-08-09,1380.789998,633.666764,220.66543604631133,1816.1615228369503,ensemble|spatial_season,1035.5656818926998,456.2122643157265,2349.0428504159877,median,633.666764,220.66543604631133,1816.1615228369503
MPL-0680,S1:51.3,2015-08-09,30.9897265,-142.8742845,0,1,S1_trawl_5_to_50:2015-08-09,680.966974,633.666764,220.66543604631133,1816.1615228369503,ensemble|spatial_season,1071.8285605098251,472.2072303200693,2431.255989552596,median,633.666764,220.66543604631133,1816.1615228369503
MPL-0684,S1:49.3,2015-08-09,30.991625,-141.8085085,0,1,S1_trawl_5_to_50:2015-08-09,1819.989117,633.666764,220.66543604631133,1816.1615228369503,ensemble|spatial_season,1054.7907958050855,464.6921493988982,2392.6289369394576,median,633.666764,220.66543604631133,1816.1615228369503
MPL-0687,S1:50.3,2015-08-09,30.996965,-142.37745,0,1,S1_trawl_5_to_50:2015-08-09,280.885892,633.666764,220.66543604631133,1816.1615228369503,ensemble|spatial_season,965.7497116862248,425.41757529494333,2190.7600474111646,median,633.666764,220.66543604631133,1816.1615228369503
MPL-0691,S1:52.3,2015-08-10,31.00401,-143.3006915,0,1,S1_trawl_5_to_50:2015-08-10,559.439481,633.666764,220.66543604631133,1816.1615228369503,ensemble|spatial_season,932.9595012564457,410.9543467510329,2116.419944386111,median,633.666764,220.66543604631133,1816.1615228369503
MPL-0694,S1:53.3,2015-08-10,31.00916,-143.842775,0,1,S1_trawl_5_to_50:2015-08-10,349.268718,633.666764,220.66543604631133,1816.1615228369503,ensemble|spatial_season,930.7736109903307,409.9901861044145,2111.46421810517,median,633.666764,220.66543604631133,1816.1615228369503
MPL-0699,S1:54.4,2015-08-10,32.023415,-143.6277915,0,1,S1_trawl_5_to_50:2015-08-10,741.629573,633.666764,220.66543604631133,1816.1615228369503,ensemble|spatial_season,1079.249271140675,475.4803850941764,2448.0798032941357,median,633.666764,220.66543604631133,1816.1615228369503
MPL-0701,S1:54.3,2015-08-10,32.028835,-143.6377665,0,1,S1_trawl_5_to_50:2015-08-10,439.780685,633.666764,220.66543604631133,1816.1615228369503,ensemble|spatial_season,1080.0649265266152,475.84015741967545,2449.9290108664254,median,633.666764,220.66543604631133,1816.1615228369503
MPL-0705,S1:57.4,2015-08-11,32.003635,-142.0377085,0,0,S1_trawl_5_to_50:2015-08-11,1292.557215,552.015861,189.68437836082967,1602.8363768785493,catboost|all,886.0077638659235,341.6145866358226,2295.407694966956,median,552.015861,189.68437836082967,1602.8363768785493
MPL-0710,S1:58.4,2015-08-11,32.01739,-141.4973835,0,0,S1_trawl_5_to_50:2015-08-11,1849.2198,552.015861,189.68437836082967,1602.8363768785493,catboost|all,964.5679461544107,371.9591512239556,2498.7950997614853,median,552.015861,189.68437836082967,1602.8363768785493
MPL-0711,S1:56.4,2015-08-11,32.01915,-142.5771415,0,0,S1_trawl_5_to_50:2015-08-11,961.750609,552.015861,189.68437836082967,1602.8363768785493,catboost|all,866.4218991239303,334.04937331318314,2244.701114553198,median,552.015861,189.68437836082967,1602.8363768785493
MPL-0715,S1:55.4,2015-08-11,32.021825,-143.1047085,0,0,S1_trawl_5_to_50:2015-08-11,937.233371,552.015861,189.68437836082967,1602.8363768785493,catboost|all,694.1285104462754,267.49952950504866,1798.6442933289084,median,552.015861,189.68437836082967,1602.8363768785493
MPL-0716,S1:61.3,2015-08-12,31.99739,-139.8349335,0,1,S1_trawl_5_to_50:2015-08-12,969.284957,633.666764,220.66543604631133,1816.1615228369503,ensemble|spatial_season,829.6495302715017,365.385998709478,1882.2014448439058,median,633.666764,220.66543604631133,1816.1615228369503
MPL-0721,S1:60.4,2015-08-12,32.00135,-140.3389585,0,1,S1_trawl_5_to_50:2015-08-12,1390.855413,633.666764,220.66543604631133,1816.1615228369503,ensemble|spatial_season,912.2238977587606,401.80820927731406,2069.409361651191,median,633.666764,220.66543604631133,1816.1615228369503
MPL-0724,S1:62.3,2015-08-12,32.007425,-139.3066335,0,1,S1_trawl_5_to_50:2015-08-12,883.382867,633.666764,220.66543604631133,1816.1615228369503,ensemble|spatial_season,789.2621301502968,347.5717733479704,1790.6374247729113,median,633.666764,220.66543604631133,1816.1615228369503
MPL-0725,S1:66.4,2015-08-13,31.994635,-137.2262165,0,2,S1_trawl_5_to_50:2015-08-13,940.427881,559.439481,171.48450796949479,1819.9891169999994,random_forest|all,1191.438285562956,432.6676216395681,3277.7992322334458,median,559.439481,171.48450796949479,1819.9891169999994
MPL-0726,S1:65.3,2015-08-13,31.9947,-137.7624415,0,2,S1_trawl_5_to_50:2015-08-13,254.925782,559.439481,171.48450796949479,1819.9891169999994,random_forest|all,1131.4735164549938,410.85955063408306,3112.916536589858,median,559.439481,171.48450796949479,1819.9891169999994
MPL-0727,S1:66.3,2015-08-13,31.99716,-137.2263335,0,2,S1_trawl_5_to_50:2015-08-13,942.476591,559.439481,171.48450796949479,1819.9891169999994,random_forest|all,1191.438285562956,432.6676216395681,3277.7992322334458,median,559.439481,171.48450796949479,1819.9891169999994
MPL-0736,S1:64.3,2015-08-13,32.007085,-138.2743415,0,2,S1_trawl_5_to_50:2015-08-13,926.093191,559.439481,171.48450796949479,1819.9891169999994,random_forest|all,1037.566759321123,376.7074100032544,2854.7049319140597,median,559.439481,171.48450796949479,1819.9891169999994
MPL-0738,S1:63.3,2015-08-13,32.0156,-138.781625,0,2,S1_trawl_5_to_50:2015-08-13,473.750303,559.439481,171.48450796949479,1819.9891169999994,random_forest|all,1049.855846926546,381.1767225525811,2888.4957381078475,median,559.439481,171.48450796949479,1819.9891169999994
MPL-0739,S1:69.4,2015-08-14,31.99764,-135.6463915,0,3,S1_trawl_5_to_50:2015-08-14,1171.220722,633.666764,186.0351826075117,2152.6156765302317,tweedie_glm|all,864.7205874980717,343.688099901799,2173.348739720141,median,633.666764,186.0351826075117,2152.6156765302317
MPL-0742,S1:68.4,2015-08-14,32.001165,-136.1661665,0,3,S1_trawl_5_to_50:2015-08-14,470.658241,633.666764,186.0351826075117,2152.6156765302317,tweedie_glm|all,879.380537708479,349.52498359805435,2210.1687538501956,median,633.666764,186.0351826075117,2152.6156765302317
MPL-0747,S1:70.4,2015-08-14,32.00864,-135.113225,0,3,S1_trawl_5_to_50:2015-08-14,727.272727,633.666764,186.0351826075117,2152.6156765302317,tweedie_glm|all,840.4079084796882,334.00796608565844,2112.2848771457034,median,633.666764,186.0351826075117,2152.6156765302317
MPL-0751,S1:67.4,2015-08-14,32.01855,-136.6982335,0,3,S1_trawl_5_to_50:2015-08-14,1425.853627,633.666764,186.0351826075117,2152.6156765302317,tweedie_glm|all,869.7352463919699,345.6846947278372,2185.943585451586,median,633.666764,186.0351826075117,2152.6156765302317
MPL-0753,S1:71.4,2015-08-15,32.008585,-134.5978585,0,2,S1_trawl_5_to_50:2015-08-15,290.674527,559.439481,171.48450796949479,1819.9891169999994,random_forest|all,712.1757611987871,258.3687572049512,1959.9904903062866,median,559.439481,171.48450796949479,1819.9891169999994
MPL-0755,S1:72.4,2015-08-15,32.996175,-134.1399,0,2,S1_trawl_5_to_50:2015-08-15,71.74788,559.439481,171.48450796949479,1819.9891169999994,random_forest|all,1083.333349723718,393.3518675410091,2980.547470929089,median,559.439481,171.48450796949479,1819.9891169999994
MPL-0756,S1:73.3,2015-08-15,32.99759,-134.7286085,0,2,S1_trawl_5_to_50:2015-08-15,1417.506452,559.439481,171.48450796949479,1819.9891169999994,random_forest|all,1159.0732708828841,420.8970678838153,3188.806462906063,median,559.439481,171.48450796949479,1819.9891169999994
MPL-0762,S1:74.3,2015-08-16,32.987775,-135.2962085,0,0,S1_trawl_5_to_50:2015-08-16,1026.323987,552.015861,189.68437836082967,1602.8363768785493,catboost|all,1181.3222722469357,455.6824249775572,3059.958510763475,median,552.015861,189.68437836082967,1602.8363768785493
MPL-0763,S1:75.3,2015-08-16,32.996535,-136.8875415,0,0,S1_trawl_5_to_50:2015-08-16,1518.942464,552.015861,189.68437836082967,1602.8363768785493,catboost|all,878.2092390421376,338.6023375127423,2275.217801321967,median,552.015861,189.68437836082967,1602.8363768785493
MPL-0768,S1:77.3,2015-08-17,32.98329,-138.0048415,0,2,S1_trawl_5_to_50:2015-08-17,376.349309,559.439481,171.48450796949479,1819.9891169999994,random_forest|all,1391.3810429639814,505.3830829896071,3827.5737299112234,median,559.439481,171.48450796949479,1819.9891169999994
MPL-0770,S1:78.3,2015-08-17,32.9915,-139.571725,0,2,S1_trawl_5_to_50:2015-08-17,748.005286,559.439481,171.48450796949479,1819.9891169999994,random_forest|all,1397.4172910292232,507.5783541191683,3844.171356607305,median,559.439481,171.48450796949479,1819.9891169999994
MPL-0777,S1:79.4,2015-08-18,33.786985,-138.3120665,0,2,S1_trawl_5_to_50:2015-08-18,552.015861,559.439481,171.48450796949479,1819.9891169999994,random_forest|all,1394.4727107352446,506.50746504400445,3836.0747634971694,median,559.439481,171.48450796949479,1819.9891169999994
MPL-0778,S1:79.3,2015-08-18,33.7888,-138.313375,0,2,S1_trawl_5_to_50:2015-08-18,361.510331,559.439481,171.48450796949479,1819.9891169999994,random_forest|all,1394.4727107352446,506.50746504400445,3836.0747634971694,median,559.439481,171.48450796949479,1819.9891169999994
MPL-0526,S1:0.1,2015-07-25,33.1895665,-128.790017,1,1,S1_trawl_5_to_50:2015-07-25,91.014999,633.666764,225.98888216291675,1773.5446274198077,ensemble|spatial,661.5408480115582,338.6037815240043,1291.566217354819,median,633.666764,225.98888216291675,1773.5446274198077
MPL-0530,S1:2.3,2015-07-27,29.054015,-134.546025,1,0,S1_trawl_5_to_50:2015-07-27,61.817996,517.576251,157.9445751566133,1690.9188832726002,ensemble|all,253.19346565419195,113.56967965942405,562.9739778741185,median,517.576251,157.9445751566133,1690.9188832726002
MPL-0531,S1:1.3,2015-07-27,29.07234,-134.05625,1,0,S1_trawl_5_to_50:2015-07-27,152.892947,517.576251,157.9445751566133,1690.9188832726002,ensemble|all,266.6847461011349,119.65044839603857,592.9068130109144,median,517.576251,157.9445751566133,1690.9188832726002
MPL-0535,S1:4.3,2015-07-28,28.988125,-135.6992415,1,2,S1_trawl_5_to_50:2015-07-28,255.766117,609.4918765,172.00493715544224,2153.2756952515515,random_forest|spatial_weather_no_season,190.96940207979745,66.4118011763594,545.6735896651672,median,609.4918765,172.00493715544224,2153.2756952515515
MPL-0543,S1:3.3,2015-07-28,29.00679,-135.1118335,1,2,S1_trawl_5_to_50:2015-07-28,177.80932,609.4918765,172.00493715544224,2153.2756952515515,random_forest|spatial_weather_no_season,210.968918027507,73.43481306306626,602.6264532791063,median,609.4918765,172.00493715544224,2153.2756952515515
MPL-0544,S1:6.4,2015-07-28,29.0074,-136.8627915,1,2,S1_trawl_5_to_50:2015-07-28,348.007734,609.4918765,172.00493715544224,2153.2756952515515,random_forest|spatial_weather_no_season,222.17792409710697,77.37095747130058,634.5464755235873,median,609.4918765,172.00493715544224,2153.2756952515515
MPL-0545,S1:6.3,2015-07-28,29.00841,-136.8621665,1,2,S1_trawl_5_to_50:2015-07-28,340.282743,609.4918765,172.00493715544224,2153.2756952515515,random_forest|spatial_weather_no_season,222.17792409710697,77.37095747130058,634.5464755235873,median,609.4918765,172.00493715544224,2153.2756952515515
MPL-0546,S1:5.3,2015-07-28,29.00875,-136.26805,1,2,S1_trawl_5_to_50:2015-07-28,346.539186,609.4918765,172.00493715544224,2153.2756952515515,random_forest|spatial_weather_no_season,220.60434149135227,76.81837963022558,630.0653652924631,median,609.4918765,172.00493715544224,2153.2756952515515
MPL-0551,S1:9.4,2015-07-29,28.999935,-138.5806,1,3,S1_trawl_5_to_50:2015-07-29,415.473402,725.9591975000001,275.33264487794514,1911.440258599439,catboost|all,421.94244197816016,194.36746281383054,914.6095219238624,median,725.9591975000001,275.33264487794514,1911.440258599439
MPL-0554,S1:10.4,2015-07-29,29.000435,-139.1930835,1,3,S1_trawl_5_to_50:2015-07-29,422.521177,725.9591975000001,275.33264487794514,1911.440258599439,catboost|all,375.71561450909644,173.0141600941427,814.5350928808866,median,725.9591975000001,275.33264487794514,1911.440258599439
MPL-0555,S1:8.4,2015-07-29,29.00169,-138.0501585,1,3,S1_trawl_5_to_50:2015-07-29,257.163107,725.9591975000001,275.33264487794514,1911.440258599439,catboost|all,378.9455891095869,174.50616439548338,821.5275230705577,median,725.9591975000001,275.33264487794514,1911.440258599439
MPL-0559,S1:7.4,2015-07-29,29.007175,-137.46765,1,3,S1_trawl_5_to_50:2015-07-29,346.454898,725.9591975000001,275.33264487794514,1911.440258599439,catboost|all,355.074469878499,163.47951032668954,769.8499851891914,median,725.9591975000001,275.33264487794514,1911.440258599439
MPL-0563,S1:11.4,2015-07-29,29.0174845,-139.833862,1,3,S1_trawl_5_to_50:2015-07-29,66.287879,725.9591975000001,275.33264487794514,1911.440258599439,catboost|all,426.88722173437674,196.65157757570424,925.3142585008599,median,725.9591975000001,275.33264487794514,1911.440258599439
MPL-0566,S1:12.3,2015-07-30,28.99819,-140.4820415,1,3,S1_trawl_5_to_50:2015-07-30,86.517306,725.9591975000001,275.33264487794514,1911.440258599439,catboost|all,564.9273808499462,260.4157047384704,1224.1513378513098,median,725.9591975000001,275.33264487794514,1911.440258599439
MPL-0569,S1:13.3,2015-07-30,28.99935,-141.0904165,1,3,S1_trawl_5_to_50:2015-07-30,58.416996,725.9591975000001,275.33264487794514,1911.440258599439,catboost|all,587.849865164511,271.0041611274313,1273.7752176549113,median,725.9591975000001,275.33264487794514,1911.440258599439
MPL-0570,S1:14.3,2015-07-30,29.00124,-141.6246665,1,3,S1_trawl_5_to_50:2015-07-30,225.114268,725.9591975000001,275.33264487794514,1911.440258599439,catboost|all,586.6188638931326,270.4355315191447,1271.1102770537675,median,725.9591975000001,275.33264487794514,1911.440258599439
MPL-0573,S1:17.4,2015-07-31,28.987515,-143.5660835,1,3,S1_trawl_5_to_50:2015-07-31,150.661497,725.9591975000001,275.33264487794514,1911.440258599439,catboost|all,610.9459668652199,281.672815635249,1323.7749541145192,median,725.9591975000001,275.33264487794514,1911.440258599439
MPL-0574,S1:17.3,2015-07-31,28.98866,-143.5482335,1,3,S1_trawl_5_to_50:2015-07-31,201.055457,725.9591975000001,275.33264487794514,1911.440258599439,catboost|all,610.9459668652199,281.672815635249,1323.7749541145192,median,725.9591975000001,275.33264487794514,1911.440258599439
MPL-0577,S1:15.3,2015-07-31,29.00566,-142.3245335,1,3,S1_trawl_5_to_50:2015-07-31,141.836664,725.9591975000001,275.33264487794514,1911.440258599439,catboost|all,633.9028497091479,292.2771615466109,1373.4733017839553,median,725.9591975000001,275.33264487794514,1911.440258599439
MPL-0581,S1:16.3,2015-07-31,29.00719,-142.9808085,1,3,S1_trawl_5_to_50:2015-07-31,315.828009,725.9591975000001,275.33264487794514,1911.440258599439,catboost|all,606.9191657276988,279.81273765912096,1315.0575091421874,median,725.9591975000001,275.33264487794514,1911.440258599439
MPL-0588,S1:20.4,2015-08-01,30.006425,-141.7679665,1,0,S1_trawl_5_to_50:2015-08-01,659.544272,517.576251,157.9445751566133,1690.9188832726002,ensemble|all,306.2771153575377,137.49545889223538,680.7496138694195,median,517.576251,157.9445751566133,1690.9188832726002
MPL-0590,S1:19.4,2015-08-01,30.010985,-142.26325,1,0,S1_trawl_5_to_50:2015-08-01,2109.259348,517.576251,157.9445751566133,1690.9188832726002,ensemble|all,323.3217580082447,145.1777934612029,718.5662229330032,median,517.576251,157.9445751566133,1690.9188832726002
MPL-0593,S1:18.4,2015-08-01,30.023565,-142.7086915,1,0,S1_trawl_5_to_50:2015-08-01,1162.176439,517.576251,157.9445751566133,1690.9188832726002,ensemble|all,308.6564734299353,138.56787942613107,686.028648219982,median,517.576251,157.9445751566133,1690.9188832726002
MPL-0596,S1:24.4,2015-08-02,29.9806,-139.8215915,1,0,S1_trawl_5_to_50:2015-08-02,495.219971,517.576251,157.9445751566133,1690.9188832726002,ensemble|all,854.0515336481008,384.38748449038513,1896.0858022562727,median,517.576251,157.9445751566133,1690.9188832726002
MPL-0597,S1:21.4,2015-08-02,29.998635,-141.3439415,1,0,S1_trawl_5_to_50:2015-08-02,844.062324,517.576251,157.9445751566133,1690.9188832726002,ensemble|all,381.767157334272,171.520212063967,848.2378659923982,median,517.576251,157.9445751566133,1690.9188832726002
MPL-0599,S1:22.4,2015-08-02,29.999935,-140.8015085,1,0,S1_trawl_5_to_50:2015-08-02,724.645668,517.576251,157.9445751566133,1690.9188832726002,ensemble|all,483.0919486574661,217.18916289077163,1073.045161776889,median,517.576251,157.9445751566133,1690.9188832726002
MPL-0603,S1:27.3,2015-08-03,29.985215,-138.2296,1,4,S1_trawl_5_to_50:2015-08-03,423.877587,495.219971,159.44522741985102,1533.693574741854,catboost|spatial_weather_no_season,423.4302050268997,155.41194163267951,1150.708731819354,median,495.219971,159.44522741985102,1533.693574741854
MPL-0606,S1:26.3,2015-08-03,30.00074,-138.767875,1,4,S1_trawl_5_to_50:2015-08-03,529.96366,495.219971,159.44522741985102,1533.693574741854,catboost|spatial_weather_no_season,545.6739908082156,200.46148725908736,1482.422247557644,median,495.219971,159.44522741985102,1533.693574741854
MPL-0607,S1:25.3,2015-08-03,30.00105,-139.342975,1,4,S1_trawl_5_to_50:2015-08-03,1719.436293,495.219971,159.44522741985102,1533.693574741854,catboost|spatial_weather_no_season,554.6825055389806,203.78132468718997,1506.8672209673186,median,495.219971,159.44522741985102,1533.693574741854
MPL-0610,S1:28.3,2015-08-03,30.003565,-137.7446665,1,4,S1_trawl_5_to_50:2015-08-03,505.188842,495.219971,159.44522741985102,1533.693574741854,catboost|spatial_weather_no_season,580.8391838223788,213.42064061831778,1577.8444379928364,median,495.219971,159.44522741985102,1533.693574741854
MPL-0618,S1:31.4,2015-08-04,29.996715,-136.0622665,1,2,S1_trawl_5_to_50:2015-08-04,246.22585,609.4918765,172.00493715544224,2153.2756952515515,random_forest|spatial_weather_no_season,550.0636784188208,192.5110216660524,1568.2707064331237,median,609.4918765,172.00493715544224,2153.2756952515515
MPL-0621,S1:30.4,2015-08-04,30.00139,-136.6523,1,2,S1_trawl_5_to_50:2015-08-04,720.647461,609.4918765,172.00493715544224,2153.2756952515515,random_forest|spatial_weather_no_season,608.4188778999766,213.00298060540078,1734.449514255475,median,609.4918765,172.00493715544224,2153.2756952515515
MPL-0622,S1:29.3,2015-08-04,30.002915,-137.2931585,1,2,S1_trawl_5_to_50:2015-08-04,646.404545,609.4918765,172.00493715544224,2153.2756952515515,random_forest|spatial_weather_no_season,604.6597041145706,211.68291254734726,1723.7444695703389,median,609.4918765,172.00493715544224,2153.2756952515515
MPL-0623,S1:30.3,2015-08-04,30.00491,-136.6517,1,2,S1_trawl_5_to_50:2015-08-04,490.394472,609.4918765,172.00493715544224,2153.2756952515515,random_forest|spatial_weather_no_season,607.7311690598973,212.76148539266168,1732.4911174683955,median,609.4918765,172.00493715544224,2153.2756952515515
MPL-0627,S1:32.4,2015-08-04,30.015125,-135.476125,1,2,S1_trawl_5_to_50:2015-08-04,949.556256,609.4918765,172.00493715544224,2153.2756952515515,random_forest|spatial_weather_no_season,604.4705665058475,211.61649515615846,1723.2058601128883,median,609.4918765,172.00493715544224,2153.2756952515515
MPL-0631,S1:34.4,2015-08-05,30.000825,-134.268275,1,2,S1_trawl_5_to_50:2015-08-05,373.240546,609.4918765,172.00493715544224,2153.2756952515515,random_forest|spatial_weather_no_season,251.68307782832136,87.73196050333462,718.5686588982109,median,609.4918765,172.00493715544224,2153.2756952515515
MPL-0634,S1:33.4,2015-08-05,30.00406,-134.8896165,1,2,S1_trawl_5_to_50:2015-08-05,633.666764,609.4918765,172.00493715544224,2153.2756952515515,random_forest|spatial_weather_no_season,433.6333951753176,151.6254689691925,1236.7107797110493,median,609.4918765,172.00493715544224,2153.2756952515515
MPL-0637,S1:35.4,2015-08-05,30.998235,-134.2625085,1,2,S1_trawl_5_to_50:2015-08-05,828.098322,609.4918765,172.00493715544224,2153.2756952515515,random_forest|spatial_weather_no_season,239.19454034209983,83.34649700298613,683.0048995527354,median,609.4918765,172.00493715544224,2153.2756952515515
MPL-0640,S1:39.3,2015-08-06,30.97964,-136.3260415,1,0,S1_trawl_5_to_50:2015-08-06,721.013939,517.576251,157.9445751566133,1690.9188832726002,ensemble|all,675.8967319684209,304.08983204798636,1500.8172932012417,median,517.576251,157.9445751566133,1690.9188832726002
MPL-0642,S1:38.3,2015-08-06,30.991785,-135.9519665,1,0,S1_trawl_5_to_50:2015-08-06,846.359613,517.576251,157.9445751566133,1690.9188832726002,ensemble|all,624.911500940504,281.10984878525045,1387.6973769136882,median,517.576251,157.9445751566133,1690.9188832726002
MPL-0647,S1:36.3,2015-08-06,30.997975,-134.8475585,1,0,S1_trawl_5_to_50:2015-08-06,347.331302,517.576251,157.9445751566133,1690.9188832726002,ensemble|all,630.847729455939,283.7854163795951,1400.8679688516183,median,517.576251,157.9445751566133,1690.9188832726002
MPL-0648,S1:37.3,2015-08-06,31.000565,-135.4216585,1,0,S1_trawl_5_to_50:2015-08-06,1104.538559,517.576251,157.9445751566133,1690.9188832726002,ensemble|all,640.6794652776354,288.2167609095927,1422.6814452385877,median,517.576251,157.9445751566133,1690.9188832726002
MPL-0654,S1:41.3,2015-08-07,30.965825,-137.3956835,1,1,S1_trawl_5_to_50:2015-08-07,2209.120417,633.666764,225.98888216291675,1773.5446274198077,ensemble|spatial,756.648280699022,387.3537474900861,1477.1135007866453,median,633.666764,225.98888216291675,1773.5446274198077
MPL-0656,S1:42.3,2015-08-07,30.988835,-137.914525,1,1,S1_trawl_5_to_50:2015-08-07,1706.702091,633.666764,225.98888216291675,1773.5446274198077,ensemble|spatial,635.5928295671256,325.3034013086094,1240.9436298581638,median,633.666764,225.98888216291675,1773.5446274198077
MPL-0658,S1:42.4,2015-08-07,30.98994,-137.91355,1,1,S1_trawl_5_to_50:2015-08-07,1197.871844,633.666764,225.98888216291675,1773.5446274198077,ensemble|spatial,634.290600106963,324.6359072961112,1238.4030803773248,median,633.666764,225.98888216291675,1773.5446274198077
MPL-0660,S1:43.4,2015-08-07,31.001675,-138.493,1,1,S1_trawl_5_to_50:2015-08-07,351.925224,633.666764,225.98888216291675,1773.5446274198077,ensemble|spatial,676.3034671571456,346.17077350961046,1320.366951444695,median,633.666764,225.98888216291675,1773.5446274198077
MPL-0666,S1:45.4,2015-08-08,30.987735,-139.5542835,1,4,S1_trawl_5_to_50:2015-08-08,1035.855936,495.219971,159.44522741985102,1533.693574741854,catboost|spatial_weather_no_season,524.934844968314,192.81865215875155,1426.145726538656,median,495.219971,159.44522741985102,1533.693574741854
MPL-0668,S1:44.4,2015-08-08,30.99416,-139.0254165,1,4,S1_trawl_5_to_50:2015-08-08,729.389849,495.219971,159.44522741985102,1533.693574741854,catboost|spatial_weather_no_season,645.0504663821711,237.08392202701296,1752.0843811673462,median,495.219971,159.44522741985102,1533.693574741854
MPL-0669,S1:47.4,2015-08-08,30.99445,-140.6223835,1,4,S1_trawl_5_to_50:2015-08-08,1077.945907,495.219971,159.44522741985102,1533.693574741854,catboost|spatial_weather_no_season,450.354483804457,165.33413536625315,1223.7688642010396,median,495.219971,159.44522741985102,1533.693574741854
MPL-0671,S1:46.4,2015-08-08,30.999525,-140.084,1,4,S1_trawl_5_to_50:2015-08-08,747.327276,495.219971,159.44522741985102,1533.693574741854,catboost|spatial_weather_no_season,595.012733092048,218.64390780062143,1616.3049440110528,median,495.219971,159.44522741985102,1533.693574741854
MPL-0677,S1:48.4,2015-08-09,30.97485,-141.2498415,1,4,S1_trawl_5_to_50:2015-08-09,1380.789998,495.219971,159.44522741985102,1533.693574741854,catboost|spatial_weather_no_season,589.5666986788856,216.63692336202064,1601.5269067433462,median,495.219971,159.44522741985102,1533.693574741854
MPL-0680,S1:51.3,2015-08-09,30.9897265,-142.8742845,1,4,S1_trawl_5_to_50:2015-08-09,680.966974,495.219971,159.44522741985102,1533.693574741854,catboost|spatial_weather_no_season,828.9114236176755,304.8407615993183,2250.9986134269816,median,495.219971,159.44522741985102,1533.693574741854
MPL-0684,S1:49.3,2015-08-09,30.991625,-141.8085085,1,4,S1_trawl_5_to_50:2015-08-09,1819.989117,495.219971,159.44522741985102,1533.693574741854,catboost|spatial_weather_no_season,591.1499727125309,217.22039495006038,1605.8231856316422,median,495.219971,159.44522741985102,1533.693574741854
MPL-0687,S1:50.3,2015-08-09,30.996965,-142.37745,1,4,S1_trawl_5_to_50:2015-08-09,280.885892,495.219971,159.44522741985102,1533.693574741854,catboost|spatial_weather_no_season,858.0781839892701,315.5893595238394,2330.143811391201,median,495.219971,159.44522741985102,1533.693574741854
MPL-0691,S1:52.3,2015-08-10,31.00401,-143.3006915,1,3,S1_trawl_5_to_50:2015-08-10,559.439481,725.9591975000001,275.33264487794514,1911.440258599439,catboost|all,796.6055107214798,367.4335017955743,1725.7011486003648,median,725.9591975000001,275.33264487794514,1911.440258599439
MPL-0694,S1:53.3,2015-08-10,31.00916,-143.842775,1,3,S1_trawl_5_to_50:2015-08-10,349.268718,725.9591975000001,275.33264487794514,1911.440258599439,catboost|all,805.0573583004925,371.3376169982907,1743.9981823172902,median,725.9591975000001,275.33264487794514,1911.440258599439
MPL-0699,S1:54.4,2015-08-10,32.023415,-143.6277915,1,3,S1_trawl_5_to_50:2015-08-10,741.629573,725.9591975000001,275.33264487794514,1911.440258599439,catboost|all,880.0865370986751,405.9954305538361,1906.4255570882792,median,725.9591975000001,275.33264487794514,1911.440258599439
MPL-0701,S1:54.3,2015-08-10,32.028835,-143.6377665,1,3,S1_trawl_5_to_50:2015-08-10,439.780685,725.9591975000001,275.33264487794514,1911.440258599439,catboost|all,880.0865370986751,405.9954305538361,1906.4255570882792,median,725.9591975000001,275.33264487794514,1911.440258599439
MPL-0705,S1:57.4,2015-08-11,32.003635,-142.0377085,1,2,S1_trawl_5_to_50:2015-08-11,1292.557215,609.4918765,172.00493715544224,2153.2756952515515,random_forest|spatial_weather_no_season,740.8261509830578,259.4989985680464,2111.5073083096327,median,609.4918765,172.00493715544224,2153.2756952515515
MPL-0710,S1:58.4,2015-08-11,32.01739,-141.4973835,1,2,S1_trawl_5_to_50:2015-08-11,1849.2198,609.4918765,172.00493715544224,2153.2756952515515,random_forest|spatial_weather_no_season,959.077553856066,336.1399633131519,2733.024469718775,median,609.4918765,172.00493715544224,2153.2756952515515
MPL-0711,S1:56.4,2015-08-11,32.01915,-142.5771415,1,2,S1_trawl_5_to_50:2015-08-11,961.750609,609.4918765,172.00493715544224,2153.2756952515515,random_forest|spatial_weather_no_season,725.4370095230743,254.094961606239,2067.6834639227172,median,609.4918765,172.00493715544224,2153.2756952515515
MPL-0715,S1:55.4,2015-08-11,32.021825,-143.1047085,1,2,S1_trawl_5_to_50:2015-08-11,937.233371,609.4918765,172.00493715544224,2153.2756952515515,random_forest|spatial_weather_no_season,690.5111528977167,241.8304294608299,1968.2246793108932,median,609.4918765,172.00493715544224,2153.2756952515515
MPL-0716,S1:61.3,2015-08-12,31.99739,-139.8349335,1,0,S1_trawl_5_to_50:2015-08-12,969.284957,517.576251,157.9445751566133,1690.9188832726002,ensemble|all,676.9072525476987,304.54529229657754,1503.0593150775799,median,517.576251,157.9445751566133,1690.9188832726002
MPL-0721,S1:60.4,2015-08-12,32.00135,-140.3389585,1,0,S1_trawl_5_to_50:2015-08-12,1390.855413,517.576251,157.9445751566133,1690.9188832726002,ensemble|all,750.015456203213,337.4965070405592,1665.2630299713487,median,517.576251,157.9445751566133,1690.9188832726002
MPL-0724,S1:62.3,2015-08-12,32.007425,-139.3066335,1,0,S1_trawl_5_to_50:2015-08-12,883.382867,517.576251,157.9445751566133,1690.9188832726002,ensemble|all,637.9134616170638,286.97007208337567,1416.5445680248001,median,517.576251,157.9445751566133,1690.9188832726002
MPL-0725,S1:66.4,2015-08-13,31.994635,-137.2262165,1,3,S1_trawl_5_to_50:2015-08-13,940.427881,725.9591975000001,275.33264487794514,1911.440258599439,catboost|all,944.3418578147556,435.6765354386418,2045.529079559909,median,725.9591975000001,275.33264487794514,1911.440258599439
MPL-0726,S1:65.3,2015-08-13,31.9947,-137.7624415,1,3,S1_trawl_5_to_50:2015-08-13,254.925782,725.9591975000001,275.33264487794514,1911.440258599439,catboost|all,920.739777759936,424.77415714841305,1994.4339727781733,median,725.9591975000001,275.33264487794514,1911.440258599439
MPL-0727,S1:66.3,2015-08-13,31.99716,-137.2263335,1,3,S1_trawl_5_to_50:2015-08-13,942.476591,725.9591975000001,275.33264487794514,1911.440258599439,catboost|all,944.3418578147556,435.6765354386418,2045.529079559909,median,725.9591975000001,275.33264487794514,1911.440258599439
MPL-0736,S1:64.3,2015-08-13,32.007085,-138.2743415,1,3,S1_trawl_5_to_50:2015-08-13,926.093191,725.9591975000001,275.33264487794514,1911.440258599439,catboost|all,969.5748737808211,447.33228293320434,2100.154927884158,median,725.9591975000001,275.33264487794514,1911.440258599439
MPL-0738,S1:63.3,2015-08-13,32.0156,-138.781625,1,3,S1_trawl_5_to_50:2015-08-13,473.750303,725.9591975000001,275.33264487794514,1911.440258599439,catboost|all,942.6767478170495,434.9073803875756,2041.9243560381467,median,725.9591975000001,275.33264487794514,1911.440258599439
MPL-0739,S1:69.4,2015-08-14,31.99764,-135.6463915,1,4,S1_trawl_5_to_50:2015-08-14,1171.220722,495.219971,159.44522741985102,1533.693574741854,catboost|spatial_weather_no_season,821.9528081143974,302.2763574898746,2232.1161254664676,median,495.219971,159.44522741985102,1533.693574741854
MPL-0742,S1:68.4,2015-08-14,32.001165,-136.1661665,1,4,S1_trawl_5_to_50:2015-08-14,470.658241,495.219971,159.44522741985102,1533.693574741854,catboost|spatial_weather_no_season,832.2532830677886,306.0723109072253,2260.0668858157583,median,495.219971,159.44522741985102,1533.693574741854
MPL-0747,S1:70.4,2015-08-14,32.00864,-135.113225,1,4,S1_trawl_5_to_50:2015-08-14,727.272727,495.219971,159.44522741985102,1533.693574741854,catboost|spatial_weather_no_season,677.4321552280232,249.0172923803412,1839.953419122507,median,495.219971,159.44522741985102,1533.693574741854
MPL-0751,S1:67.4,2015-08-14,32.01855,-136.6982335,1,4,S1_trawl_5_to_50:2015-08-14,1425.853627,495.219971,159.44522741985102,1533.693574741854,catboost|spatial_weather_no_season,899.296496211913,330.779221529907,2441.991388532101,median,495.219971,159.44522741985102,1533.693574741854
MPL-0753,S1:71.4,2015-08-15,32.008585,-134.5978585,1,1,S1_trawl_5_to_50:2015-08-15,290.674527,633.666764,225.98888216291675,1773.5446274198077,ensemble|spatial,700.2034790930687,358.4213908960976,1366.994035820649,median,633.666764,225.98888216291675,1773.5446274198077
MPL-0755,S1:72.4,2015-08-15,32.996175,-134.1399,1,1,S1_trawl_5_to_50:2015-08-15,71.74788,633.666764,225.98888216291675,1773.5446274198077,ensemble|spatial,690.4379522274461,353.4157978642219,1347.9422442834812,median,633.666764,225.98888216291675,1773.5446274198077
MPL-0756,S1:73.3,2015-08-15,32.99759,-134.7286085,1,1,S1_trawl_5_to_50:2015-08-15,1417.506452,633.666764,225.98888216291675,1773.5446274198077,ensemble|spatial,660.827643587546,338.23820871423555,1290.1748103988361,median,633.666764,225.98888216291675,1773.5446274198077
MPL-0762,S1:74.3,2015-08-16,32.987775,-135.2962085,1,1,S1_trawl_5_to_50:2015-08-16,1026.323987,633.666764,225.98888216291675,1773.5446274198077,ensemble|spatial,776.5923822935845,397.576652750856,1516.022908461648,median,633.666764,225.98888216291675,1773.5446274198077
MPL-0763,S1:75.3,2015-08-16,32.996535,-136.8875415,1,1,S1_trawl_5_to_50:2015-08-16,1518.942464,633.666764,225.98888216291675,1773.5446274198077,ensemble|spatial,758.747891484843,388.42996152991986,1481.209679881853,median,633.666764,225.98888216291675,1773.5446274198077
MPL-0768,S1:77.3,2015-08-17,32.98329,-138.0048415,1,2,S1_trawl_5_to_50:2015-08-17,376.349309,609.4918765,172.00493715544224,2153.2756952515515,random_forest|spatial_weather_no_season,721.5245835919712,252.72107766365573,2056.542001247504,median,609.4918765,172.00493715544224,2153.2756952515515
MPL-0770,S1:78.3,2015-08-17,32.9915,-139.571725,1,2,S1_trawl_5_to_50:2015-08-17,748.005286,609.4918765,172.00493715544224,2153.2756952515515,random_forest|spatial_weather_no_season,675.3699751815585,236.51346722247644,1925.1069642783189,median,609.4918765,172.00493715544224,2153.2756952515515
MPL-0777,S1:79.4,2015-08-18,33.786985,-138.3120665,1,1,S1_trawl_5_to_50:2015-08-18,552.015861,633.666764,225.98888216291675,1773.5446274198077,ensemble|spatial,665.2518077981101,340.50593741428474,1298.8060143702864,median,633.666764,225.98888216291675,1773.5446274198077
MPL-0778,S1:79.3,2015-08-18,33.7888,-138.313375,1,1,S1_trawl_5_to_50:2015-08-18,361.510331,633.666764,225.98888216291675,1773.5446274198077,ensemble|spatial,665.3940926719033,340.57886949287104,1299.083601211396,median,633.666764,225.98888216291675,1773.5446274198077
MPL-0526,S1:0.1,2015-07-25,33.1895665,-128.790017,2,1,S1_trawl_5_to_50:2015-07-25,91.014999,721.013939,260.9450491439605,1989.12781426457,tweedie_glm|spatial_season,1106.5102902045212,448.23949709600276,2729.345507992549,median,721.013939,260.9450491439605,1989.12781426457
MPL-0530,S1:2.3,2015-07-27,29.054015,-134.546025,2,0,S1_trawl_5_to_50:2015-07-27,61.817996,517.576251,137.13853267261103,1945.751010730365,random_forest|spatial_geography_no_season,276.7392318375992,110.16686690381354,692.9035258453746,median,517.576251,137.13853267261103,1945.751010730365
MPL-0531,S1:1.3,2015-07-27,29.07234,-134.05625,2,0,S1_trawl_5_to_50:2015-07-27,152.892947,517.576251,137.13853267261103,1945.751010730365,random_forest|spatial_geography_no_season,270.73683181129593,107.76436870284755,677.9071333147664,median,517.576251,137.13853267261103,1945.751010730365
MPL-0535,S1:4.3,2015-07-28,28.988125,-135.6992415,2,1,S1_trawl_5_to_50:2015-07-28,255.766117,721.013939,260.9450491439605,1989.12781426457,tweedie_glm|spatial_season,354.6701363582749,143.27050890890752,875.8337122660791,median,721.013939,260.9450491439605,1989.12781426457
MPL-0543,S1:3.3,2015-07-28,29.00679,-135.1118335,2,1,S1_trawl_5_to_50:2015-07-28,177.80932,721.013939,260.9450491439605,1989.12781426457,tweedie_glm|spatial_season,343.62512664482375,138.79032064070196,848.6044459345798,median,721.013939,260.9450491439605,1989.12781426457
MPL-0544,S1:6.4,2015-07-28,29.0074,-136.8627915,2,1,S1_trawl_5_to_50:2015-07-28,348.007734,721.013939,260.9450491439605,1989.12781426457,tweedie_glm|spatial_season,386.25678749749176,156.08300500779995,953.7042944297557,median,721.013939,260.9450491439605,1989.12781426457
MPL-0545,S1:6.3,2015-07-28,29.00841,-136.8621665,2,1,S1_trawl_5_to_50:2015-07-28,340.282743,721.013939,260.9450491439605,1989.12781426457,tweedie_glm|spatial_season,386.3978003570719,156.14020406651952,954.0519334820783,median,721.013939,260.9450491439605,1989.12781426457
MPL-0546,S1:5.3,2015-07-28,29.00875,-136.26805,2,1,S1_trawl_5_to_50:2015-07-28,346.539186,721.013939,260.9450491439605,1989.12781426457,tweedie_glm|spatial_season,371.4465742990347,150.0755369165276,917.1926706223129,median,721.013939,260.9450491439605,1989.12781426457
MPL-0551,S1:9.4,2015-07-29,28.999935,-138.5806,2,2,S1_trawl_5_to_50:2015-07-29,415.473402,670.255623,235.32017804250003,1905.6679584512015,random_forest|spatial_weather_no_season,176.88423921164585,74.79337209171672,416.4877259929198,median,670.255623,235.32017804250003,1905.6679584512015
MPL-0554,S1:10.4,2015-07-29,29.000435,-139.1930835,2,2,S1_trawl_5_to_50:2015-07-29,422.521177,670.255623,235.32017804250003,1905.6679584512015,random_forest|spatial_weather_no_season,143.22467048712122,60.45161686882014,337.48996392595757,median,670.255623,235.32017804250003,1905.6679584512015
MPL-0555,S1:8.4,2015-07-29,29.00169,-138.0501585,2,2,S1_trawl_5_to_50:2015-07-29,257.163107,670.255623,235.32017804250003,1905.6679584512015,random_forest|spatial_weather_no_season,174.18661659617626,73.64396214082136,410.15650555253274,median,670.255623,235.32017804250003,1905.6679584512015
MPL-0559,S1:7.4,2015-07-29,29.007175,-137.46765,2,2,S1_trawl_5_to_50:2015-07-29,346.454898,670.255623,235.32017804250003,1905.6679584512015,random_forest|spatial_weather_no_season,171.6790440682517,72.5755292178246,404.271325633923,median,670.255623,235.32017804250003,1905.6679584512015
MPL-0563,S1:11.4,2015-07-29,29.0174845,-139.833862,2,2,S1_trawl_5_to_50:2015-07-29,66.287879,670.255623,235.32017804250003,1905.6679584512015,random_forest|spatial_weather_no_season,204.02246776702736,86.35649799833959,480.18014403554423,median,670.255623,235.32017804250003,1905.6679584512015
MPL-0566,S1:12.3,2015-07-30,28.99819,-140.4820415,2,3,S1_trawl_5_to_50:2015-07-30,86.517306,517.576251,177.5926027939266,1504.7808884252415,catboost|spatial_geography_no_season,289.8185580253539,146.4265109476853,572.6785951744998,median,517.576251,177.5926027939266,1504.7808884252415
MPL-0569,S1:13.3,2015-07-30,28.99935,-141.0904165,2,3,S1_trawl_5_to_50:2015-07-30,58.416996,517.576251,177.5926027939266,1504.7808884252415,catboost|spatial_geography_no_season,273.4467609330555,138.12705117575908,540.3830304754516,median,517.576251,177.5926027939266,1504.7808884252415
MPL-0570,S1:14.3,2015-07-30,29.00124,-141.6246665,2,3,S1_trawl_5_to_50:2015-07-30,225.114268,517.576251,177.5926027939266,1504.7808884252415,catboost|spatial_geography_no_season,261.89078445098596,132.26890613538484,517.5873175776343,median,517.576251,177.5926027939266,1504.7808884252415
MPL-0573,S1:17.4,2015-07-31,28.987515,-143.5660835,2,1,S1_trawl_5_to_50:2015-07-31,150.661497,721.013939,260.9450491439605,1989.12781426457,tweedie_glm|spatial_season,619.4573924250449,250.67618703664704,1528.6138277827217,median,721.013939,260.9450491439605,1989.12781426457
MPL-0574,S1:17.3,2015-07-31,28.98866,-143.5482335,2,1,S1_trawl_5_to_50:2015-07-31,201.055457,721.013939,260.9450491439605,1989.12781426457,tweedie_glm|spatial_season,619.006144872229,250.49314745183634,1527.501367032046,median,721.013939,260.9450491439605,1989.12781426457
MPL-0577,S1:15.3,2015-07-31,29.00566,-142.3245335,2,1,S1_trawl_5_to_50:2015-07-31,141.836664,721.013939,260.9450491439605,1989.12781426457,tweedie_glm|spatial_season,574.441114958047,232.41623042109836,1417.6351831094823,median,721.013939,260.9450491439605,1989.12781426457
MPL-0581,S1:16.3,2015-07-31,29.00719,-142.9808085,2,1,S1_trawl_5_to_50:2015-07-31,315.828009,721.013939,260.9450491439605,1989.12781426457,tweedie_glm|spatial_season,600.4959566717353,242.98485817282062,1481.8681935506672,median,721.013939,260.9450491439605,1989.12781426457
MPL-0588,S1:20.4,2015-08-01,30.006425,-141.7679665,2,3,S1_trawl_5_to_50:2015-08-01,659.544272,517.576251,177.5926027939266,1504.7808884252415,catboost|spatial_geography_no_season,724.5637939234341,366.8146928944325,1430.2718584182915,median,517.576251,177.5926027939266,1504.7808884252415
MPL-0590,S1:19.4,2015-08-01,30.010985,-142.26325,2,3,S1_trawl_5_to_50:2015-08-01,2109.259348,517.576251,177.5926027939266,1504.7808884252415,catboost|spatial_geography_no_season,503.04312140146334,254.5178020961095,993.2926330298089,median,517.576251,177.5926027939266,1504.7808884252415
MPL-0593,S1:18.4,2015-08-01,30.023565,-142.7086915,2,3,S1_trawl_5_to_50:2015-08-01,1162.176439,517.576251,177.5926027939266,1504.7808884252415,catboost|spatial_geography_no_season,545.5148116307885,276.04824756381043,1077.0737361027484,median,517.576251,177.5926027939266,1504.7808884252415
MPL-0596,S1:24.4,2015-08-02,29.9806,-139.8215915,2,0,S1_trawl_5_to_50:2015-08-02,495.219971,517.576251,137.13853267261103,1945.751010730365,random_forest|spatial_geography_no_season,367.29740619547044,146.4133433172727,919.1540129130075,median,517.576251,137.13853267261103,1945.751010730365
MPL-0597,S1:21.4,2015-08-02,29.998635,-141.3439415,2,0,S1_trawl_5_to_50:2015-08-02,844.062324,517.576251,137.13853267261103,1945.751010730365,random_forest|spatial_geography_no_season,277.58040527544813,110.50355184021838,695.0051130446657,median,517.576251,137.13853267261103,1945.751010730365
MPL-0599,S1:22.4,2015-08-02,29.999935,-140.8015085,2,0,S1_trawl_5_to_50:2015-08-02,724.645668,517.576251,137.13853267261103,1945.751010730365,random_forest|spatial_geography_no_season,643.5233160725003,256.9744936290867,1609.276656103704,median,517.576251,137.13853267261103,1945.751010730365
MPL-0603,S1:27.3,2015-08-03,29.985215,-138.2296,2,2,S1_trawl_5_to_50:2015-08-03,423.877587,670.255623,235.32017804250003,1905.6679584512015,random_forest|spatial_weather_no_season,589.9484284942304,250.79281945595835,1385.9340908702256,median,670.255623,235.32017804250003,1905.6679584512015
MPL-0606,S1:26.3,2015-08-03,30.00074,-138.767875,2,2,S1_trawl_5_to_50:2015-08-03,529.96366,670.255623,235.32017804250003,1905.6679584512015,random_forest|spatial_weather_no_season,589.8884033535592,250.76724379033496,1385.7932140865812,median,670.255623,235.32017804250003,1905.6679584512015
MPL-0607,S1:25.3,2015-08-03,30.00105,-139.342975,2,2,S1_trawl_5_to_50:2015-08-03,1719.436293,670.255623,235.32017804250003,1905.6679584512015,random_forest|spatial_weather_no_season,588.8125283698665,250.3088322226515,1383.2681753176314,median,670.255623,235.32017804250003,1905.6679584512015
MPL-0610,S1:28.3,2015-08-03,30.003565,-137.7446665,2,2,S1_trawl_5_to_50:2015-08-03,505.188842,670.255623,235.32017804250003,1905.6679584512015,random_forest|spatial_weather_no_season,607.0361082055666,258.0735817780461,1426.0382427433622,median,670.255623,235.32017804250003,1905.6679584512015
MPL-0618,S1:31.4,2015-08-04,29.996715,-136.0622665,2,2,S1_trawl_5_to_50:2015-08-04,246.22585,670.255623,235.32017804250003,1905.6679584512015,random_forest|spatial_weather_no_season,598.8615253534422,254.59053458650448,1406.8527993280316,median,670.255623,235.32017804250003,1905.6679584512015
MPL-0621,S1:30.4,2015-08-04,30.00139,-136.6523,2,2,S1_trawl_5_to_50:2015-08-04,720.647461,670.255623,235.32017804250003,1905.6679584512015,random_forest|spatial_weather_no_season,658.2013997127441,279.87422018519936,1546.1212883002047,median,670.255623,235.32017804250003,1905.6679584512015
MPL-0622,S1:29.3,2015-08-04,30.002915,-137.2931585,2,2,S1_trawl_5_to_50:2015-08-04,646.404545,670.255623,235.32017804250003,1905.6679584512015,random_forest|spatial_weather_no_season,695.3676161879666,295.7100968600083,1633.3490228581825,median,670.255623,235.32017804250003,1905.6679584512015
MPL-0623,S1:30.3,2015-08-04,30.00491,-136.6517,2,2,S1_trawl_5_to_50:2015-08-04,490.394472,670.255623,235.32017804250003,1905.6679584512015,random_forest|spatial_weather_no_season,669.4478868842006,284.6661522343155,1572.5163774628454,median,670.255623,235.32017804250003,1905.6679584512015
MPL-0627,S1:32.4,2015-08-04,30.015125,-135.476125,2,2,S1_trawl_5_to_50:2015-08-04,949.556256,670.255623,235.32017804250003,1905.6679584512015,random_forest|spatial_weather_no_season,615.4818733942186,261.6721750338608,1445.860141066154,median,670.255623,235.32017804250003,1905.6679584512015
MPL-0631,S1:34.4,2015-08-05,30.000825,-134.268275,2,3,S1_trawl_5_to_50:2015-08-05,373.240546,517.576251,177.5926027939266,1504.7808884252415,catboost|spatial_geography_no_season,141.2991273434042,71.13660640360338,279.70410644772,median,517.576251,177.5926027939266,1504.7808884252415
MPL-0634,S1:33.4,2015-08-05,30.00406,-134.8896165,2,3,S1_trawl_5_to_50:2015-08-05,633.666764,517.576251,177.5926027939266,1504.7808884252415,catboost|spatial_geography_no_season,559.6970372726954,283.2377338815194,1105.050077564381,median,517.576251,177.5926027939266,1504.7808884252415
MPL-0637,S1:35.4,2015-08-05,30.998235,-134.2625085,2,3,S1_trawl_5_to_50:2015-08-05,828.098322,517.576251,177.5926027939266,1504.7808884252415,catboost|spatial_geography_no_season,145.59253390349815,73.31309044070314,288.1734264960401,median,517.576251,177.5926027939266,1504.7808884252415
MPL-0640,S1:39.3,2015-08-06,30.97964,-136.3260415,2,0,S1_trawl_5_to_50:2015-08-06,721.013939,517.576251,137.13853267261103,1945.751010730365,random_forest|spatial_geography_no_season,1077.8823499832265,430.82941715482366,2694.4789990326326,median,517.576251,137.13853267261103,1945.751010730365
MPL-0642,S1:38.3,2015-08-06,30.991785,-135.9519665,2,0,S1_trawl_5_to_50:2015-08-06,846.359613,517.576251,137.13853267261103,1945.751010730365,random_forest|spatial_geography_no_season,997.0461364718421,398.47421645461134,2492.517852958974,median,517.576251,137.13853267261103,1945.751010730365
MPL-0647,S1:36.3,2015-08-06,30.997975,-134.8475585,2,0,S1_trawl_5_to_50:2015-08-06,347.331302,517.576251,137.13853267261103,1945.751010730365,random_forest|spatial_geography_no_season,714.2359463856664,285.27766675458435,1785.9450481470635,median,517.576251,137.13853267261103,1945.751010730365
MPL-0648,S1:37.3,2015-08-06,31.000565,-135.4216585,2,0,S1_trawl_5_to_50:2015-08-06,1104.538559,517.576251,137.13853267261103,1945.751010730365,random_forest|spatial_geography_no_season,724.2818231772799,289.2985918534138,1811.043660538938,median,517.576251,137.13853267261103,1945.751010730365
MPL-0654,S1:41.3,2015-08-07,30.965825,-137.3956835,2,3,S1_trawl_5_to_50:2015-08-07,2209.120417,517.576251,177.5926027939266,1504.7808884252415,catboost|spatial_geography_no_season,519.9629360069242,263.09507188969434,1026.6692357451952,median,517.576251,177.5926027939266,1504.7808884252415
MPL-0656,S1:42.3,2015-08-07,30.988835,-137.914525,2,3,S1_trawl_5_to_50:2015-08-07,1706.702091,517.576251,177.5926027939266,1504.7808884252415,catboost|spatial_geography_no_season,583.1736127661388,295.13886439223654,1151.3607701832907,median,517.576251,177.5926027939266,1504.7808884252415
MPL-0658,S1:42.4,2015-08-07,30.98994,-137.91355,2,3,S1_trawl_5_to_50:2015-08-07,1197.871844,517.576251,177.5926027939266,1504.7808884252415,catboost|spatial_geography_no_season,583.1736127661388,295.13886439223654,1151.3607701832907,median,517.576251,177.5926027939266,1504.7808884252415
MPL-0660,S1:43.4,2015-08-07,31.001675,-138.493,2,3,S1_trawl_5_to_50:2015-08-07,351.925224,517.576251,177.5926027939266,1504.7808884252415,catboost|spatial_geography_no_season,683.1174537930252,345.80403470787854,1348.5133958821261,median,517.576251,177.5926027939266,1504.7808884252415
MPL-0666,S1:45.4,2015-08-08,30.987735,-139.5542835,2,3,S1_trawl_5_to_50:2015-08-08,1035.855936,517.576251,177.5926027939266,1504.7808884252415,catboost|spatial_geography_no_season,852.9170793216274,431.8816444789955,1683.465921937607,median,517.576251,177.5926027939266,1504.7808884252415
MPL-0668,S1:44.4,2015-08-08,30.99416,-139.0254165,2,3,S1_trawl_5_to_50:2015-08-08,729.389849,517.576251,177.5926027939266,1504.7808884252415,catboost|spatial_geography_no_season,767.1428780913141,388.3995802580206,1514.2648104331233,median,517.576251,177.5926027939266,1504.7808884252415
MPL-0669,S1:47.4,2015-08-08,30.99445,-140.6223835,2,3,S1_trawl_5_to_50:2015-08-08,1077.945907,517.576251,177.5926027939266,1504.7808884252415,catboost|spatial_geography_no_season,1270.3075856243938,643.4720823957534,2506.824654340334,median,517.576251,177.5926027939266,1504.7808884252415
MPL-0671,S1:46.4,2015-08-08,30.999525,-140.084,2,3,S1_trawl_5_to_50:2015-08-08,747.327276,517.576251,177.5926027939266,1504.7808884252415,catboost|spatial_geography_no_season,1055.321544803596,534.4878342244118,2082.735866067576,median,517.576251,177.5926027939266,1504.7808884252415
MPL-0677,S1:48.4,2015-08-09,30.97485,-141.2498415,2,4,S1_trawl_5_to_50:2015-08-09,1380.789998,633.666764,212.73276750698997,1883.6052761332367,random_forest|all,873.1473112275113,405.7702020484207,1877.538589794066,median,633.666764,212.73276750698997,1883.6052761332367
MPL-0680,S1:51.3,2015-08-09,30.9897265,-142.8742845,2,4,S1_trawl_5_to_50:2015-08-09,680.966974,633.666764,212.73276750698997,1883.6052761332367,random_forest|all,762.480010630795,354.272977672513,1639.7150649383523,median,633.666764,212.73276750698997,1883.6052761332367
MPL-0684,S1:49.3,2015-08-09,30.991625,-141.8085085,2,4,S1_trawl_5_to_50:2015-08-09,1819.989117,633.666764,212.73276750698997,1883.6052761332367,random_forest|all,897.512069112404,417.1079449670387,1929.8983434990657,median,633.666764,212.73276750698997,1883.6052761332367
MPL-0687,S1:50.3,2015-08-09,30.996965,-142.37745,2,4,S1_trawl_5_to_50:2015-08-09,280.885892,633.666764,212.73276750698997,1883.6052761332367,random_forest|all,811.821748882403,377.23335126199726,1745.7502356729099,median,633.666764,212.73276750698997,1883.6052761332367
MPL-0691,S1:52.3,2015-08-10,31.00401,-143.3006915,2,1,S1_trawl_5_to_50:2015-08-10,559.439481,721.013939,260.9450491439605,1989.12781426457,tweedie_glm|spatial_season,995.2297070271882,403.1007442868499,2455.0054471440717,median,721.013939,260.9450491439605,1989.12781426457
MPL-0694,S1:53.3,2015-08-10,31.00916,-143.842775,2,1,S1_trawl_5_to_50:2015-08-10,349.268718,721.013939,260.9450491439605,1989.12781426457,tweedie_glm|spatial_season,1033.9878563919592,418.8222158460768,2550.555926405682,median,721.013939,260.9450491439605,1989.12781426457
MPL-0699,S1:54.4,2015-08-10,32.023415,-143.6277915,2,1,S1_trawl_5_to_50:2015-08-10,741.629573,721.013939,260.9450491439605,1989.12781426457,tweedie_glm|spatial_season,1533.378742230104,621.3901850943139,3781.70445291626,median,721.013939,260.9450491439605,1989.12781426457
MPL-0701,S1:54.3,2015-08-10,32.028835,-143.6377665,2,1,S1_trawl_5_to_50:2015-08-10,439.780685,721.013939,260.9450491439605,1989.12781426457,tweedie_glm|spatial_season,1537.7507480732816,623.1636022116639,3792.4827604592383,median,721.013939,260.9450491439605,1989.12781426457
MPL-0705,S1:57.4,2015-08-11,32.003635,-142.0377085,2,0,S1_trawl_5_to_50:2015-08-11,1292.557215,517.576251,137.13853267261103,1945.751010730365,random_forest|spatial_geography_no_season,879.5867932984804,351.4603787523542,2199.0575022832163,median,517.576251,137.13853267261103,1945.751010730365
MPL-0710,S1:58.4,2015-08-11,32.01739,-141.4973835,2,0,S1_trawl_5_to_50:2015-08-11,1849.2198,517.576251,137.13853267261103,1945.751010730365,random_forest|spatial_geography_no_season,823.7187597928871,329.0988484643839,2059.4768417654873,median,517.576251,137.13853267261103,1945.751010730365
MPL-0711,S1:56.4,2015-08-11,32.01915,-142.5771415,2,0,S1_trawl_5_to_50:2015-08-11,961.750609,517.576251,137.13853267261103,1945.751010730365,random_forest|spatial_geography_no_season,672.619610039621,268.6204675069451,1681.970819039332,median,517.576251,137.13853267261103,1945.751010730365
MPL-0715,S1:55.4,2015-08-11,32.021825,-143.1047085,2,0,S1_trawl_5_to_50:2015-08-11,937.233371,517.576251,137.13853267261103,1945.751010730365,random_forest|spatial_geography_no_season,625.5759082051696,249.79093123332618,1564.4368633364809,median,517.576251,137.13853267261103,1945.751010730365
MPL-0716,S1:61.3,2015-08-12,31.99739,-139.8349335,2,2,S1_trawl_5_to_50:2015-08-12,969.284957,670.255623,235.32017804250003,1905.6679584512015,random_forest|spatial_weather_no_season,558.0033896505132,237.181595514497,1310.9602669793355,median,670.255623,235.32017804250003,1905.6679584512015
MPL-0721,S1:60.4,2015-08-12,32.00135,-140.3389585,2,2,S1_trawl_5_to_50:2015-08-12,1390.855413,670.255623,235.32017804250003,1905.6679584512015,random_forest|spatial_weather_no_season,574.5704301480491,244.24052254734266,1349.842497886367,median,670.255623,235.32017804250003,1905.6679584512015
MPL-0724,S1:62.3,2015-08-12,32.007425,-139.3066335,2,2,S1_trawl_5_to_50:2015-08-12,883.382867,670.255623,235.32017804250003,1905.6679584512015,random_forest|spatial_weather_no_season,549.2387745953849,233.44714589120224,1290.3900398204514,median,670.255623,235.32017804250003,1905.6679584512015
MPL-0725,S1:66.4,2015-08-13,31.994635,-137.2262165,2,4,S1_trawl_5_to_50:2015-08-13,940.427881,633.666764,212.73276750698997,1883.6052761332367,random_forest|all,931.2957906425477,432.82864908207705,2002.4994071711747,median,633.666764,212.73276750698997,1883.6052761332367
MPL-0726,S1:65.3,2015-08-13,31.9947,-137.7624415,2,4,S1_trawl_5_to_50:2015-08-13,254.925782,633.666764,212.73276750698997,1883.6052761332367,random_forest|all,913.2425937012105,424.42788816554963,1963.7031691826014,median,633.666764,212.73276750698997,1883.6052761332367
MPL-0727,S1:66.3,2015-08-13,31.99716,-137.2263335,2,4,S1_trawl_5_to_50:2015-08-13,942.476591,633.666764,212.73276750698997,1883.6052761332367,random_forest|all,931.2957906425477,432.82864908207705,2002.4994071711747,median,633.666764,212.73276750698997,1883.6052761332367
MPL-0736,S1:64.3,2015-08-13,32.007085,-138.2743415,2,4,S1_trawl_5_to_50:2015-08-13,926.093191,633.666764,212.73276750698997,1883.6052761332367,random_forest|all,889.3198571753306,413.2958326810815,1912.293317364565,median,633.666764,212.73276750698997,1883.6052761332367
MPL-0738,S1:63.3,2015-08-13,32.0156,-138.781625,2,4,S1_trawl_5_to_50:2015-08-13,473.750303,633.666764,212.73276750698997,1883.6052761332367,random_forest|all,925.4059461507617,430.0879059565354,1989.8421581885416,median,633.666764,212.73276750698997,1883.6052761332367
MPL-0739,S1:69.4,2015-08-14,31.99764,-135.6463915,2,1,S1_trawl_5_to_50:2015-08-14,1171.220722,721.013939,260.9450491439605,1989.12781426457,tweedie_glm|spatial_season,652.1892242933641,263.95320289610163,1609.3076244006556,median,721.013939,260.9450491439605,1989.12781426457
MPL-0742,S1:68.4,2015-08-14,32.001165,-136.1661665,2,1,S1_trawl_5_to_50:2015-08-14,470.658241,721.013939,260.9450491439605,1989.12781426457,tweedie_glm|spatial_season,676.1387292076996,273.66784269545514,1668.3503472898726,median,721.013939,260.9450491439605,1989.12781426457
MPL-0747,S1:70.4,2015-08-14,32.00864,-135.113225,2,1,S1_trawl_5_to_50:2015-08-14,727.272727,721.013939,260.9450491439605,1989.12781426457,tweedie_glm|spatial_season,632.2133898060259,255.85040338395677,1560.0611926127997,median,721.013939,260.9450491439605,1989.12781426457
MPL-0751,S1:67.4,2015-08-14,32.01855,-136.6982335,2,1,S1_trawl_5_to_50:2015-08-14,1425.853627,721.013939,260.9450491439605,1989.12781426457,tweedie_glm|spatial_season,705.4681980477285,285.5647577384334,1740.6562971374283,median,721.013939,260.9450491439605,1989.12781426457
MPL-0753,S1:71.4,2015-08-15,32.008585,-134.5978585,2,4,S1_trawl_5_to_50:2015-08-15,290.674527,633.666764,212.73276750698997,1883.6052761332367,random_forest|all,710.4689875196149,330.0704958848941,1527.9436132000608,median,633.666764,212.73276750698997,1883.6052761332367
MPL-0755,S1:72.4,2015-08-15,32.996175,-134.1399,2,4,S1_trawl_5_to_50:2015-08-15,71.74788,633.666764,212.73276750698997,1883.6052761332367,random_forest|all,947.3152679322632,440.2830517098187,2036.9251908926876,median,633.666764,212.73276750698997,1883.6052761332367
MPL-0756,S1:73.3,2015-08-15,32.99759,-134.7286085,2,4,S1_trawl_5_to_50:2015-08-15,1417.506452,633.666764,212.73276750698997,1883.6052761332367,random_forest|all,1084.6800013046366,504.2034912404794,2332.1213771675384,median,633.666764,212.73276750698997,1883.6052761332367
MPL-0762,S1:74.3,2015-08-16,32.987775,-135.2962085,2,0,S1_trawl_5_to_50:2015-08-16,1026.323987,517.576251,137.13853267261103,1945.751010730365,random_forest|spatial_geography_no_season,550.4827599857532,219.7344283825607,1376.8241880528146,median,517.576251,137.13853267261103,1945.751010730365
MPL-0763,S1:75.3,2015-08-16,32.996535,-136.8875415,2,0,S1_trawl_5_to_50:2015-08-16,1518.942464,517.576251,137.13853267261103,1945.751010730365,random_forest|spatial_geography_no_season,639.197711012047,255.24314311424462,1598.469567083532,median,517.576251,137.13853267261103,1945.751010730365
MPL-0768,S1:77.3,2015-08-17,32.98329,-138.0048415,2,2,S1_trawl_5_to_50:2015-08-17,376.349309,670.255623,235.32017804250003,1905.6679584512015,random_forest|spatial_weather_no_season,757.8329165160285,322.32547195770087,1779.9527709080544,median,670.255623,235.32017804250003,1905.6679584512015
MPL-0770,S1:78.3,2015-08-17,32.9915,-139.571725,2,2,S1_trawl_5_to_50:2015-08-17,748.005286,670.255623,235.32017804250003,1905.6679584512015,random_forest|spatial_weather_no_season,722.3887952594214,307.2233500228304,1696.7667300939934,median,670.255623,235.32017804250003,1905.6679584512015
MPL-0777,S1:79.4,2015-08-18,33.786985,-138.3120665,2,4,S1_trawl_5_to_50:2015-08-18,552.015861,633.666764,212.73276750698997,1883.6052761332367,random_forest|all,805.8135724402922,374.437544292268,1732.8386918680703,median,633.666764,212.73276750698997,1883.6052761332367
MPL-0778,S1:79.3,2015-08-18,33.7888,-138.313375,2,4,S1_trawl_5_to_50:2015-08-18,361.510331,633.666764,212.73276750698997,1883.6052761332367,random_forest|all,805.8135724402922,374.437544292268,1732.8386918680703,median,633.666764,212.73276750698997,1883.6052761332367
MPL-0526,S1:0.1,2015-07-25,33.1895665,-128.790017,3,1,S1_trawl_5_to_50:2015-07-25,91.014999,633.666764,170.80427914972597,2343.5393986676736,ensemble|spatial,396.2236659582095,171.02994676097688,916.204497054878,median,633.666764,170.80427914972597,2343.5393986676736
MPL-0530,S1:2.3,2015-07-27,29.054015,-134.546025,3,3,S1_trawl_5_to_50:2015-07-27,61.817996,505.188842,154.31752062253796,1648.6989054312796,random_forest|all,237.12495494256333,89.09553093959262,628.3707753874769,median,505.188842,154.31752062253796,1648.6989054312796
MPL-0531,S1:1.3,2015-07-27,29.07234,-134.05625,3,3,S1_trawl_5_to_50:2015-07-27,152.892947,505.188842,154.31752062253796,1648.6989054312796,random_forest|all,245.81158022508168,92.38215042510832,651.3297638348562,median,505.188842,154.31752062253796,1648.6989054312796
MPL-0535,S1:4.3,2015-07-28,28.988125,-135.6992415,3,2,S1_trawl_5_to_50:2015-07-28,255.766117,725.9591975000001,282.104592880848,1865.694105709068,catboost|spatial_geography_no_season,181.95895861423568,68.82298370431418,478.41206120553306,median,725.9591975000001,282.104592880848,1865.694105709068
MPL-0543,S1:3.3,2015-07-28,29.00679,-135.1118335,3,2,S1_trawl_5_to_50:2015-07-28,177.80932,725.9591975000001,282.104592880848,1865.694105709068,catboost|spatial_geography_no_season,146.8165049718883,55.41150067782347,386.3273867839835,median,725.9591975000001,282.104592880848,1865.694105709068
MPL-0544,S1:6.4,2015-07-28,29.0074,-136.8627915,3,2,S1_trawl_5_to_50:2015-07-28,348.007734,725.9591975000001,282.104592880848,1865.694105709068,catboost|spatial_geography_no_season,193.28671765779777,73.14601844989723,508.0944793448062,median,725.9591975000001,282.104592880848,1865.694105709068
MPL-0545,S1:6.3,2015-07-28,29.00841,-136.8621665,3,2,S1_trawl_5_to_50:2015-07-28,340.282743,725.9591975000001,282.104592880848,1865.694105709068,catboost|spatial_geography_no_season,193.28671765779777,73.14601844989723,508.0944793448062,median,725.9591975000001,282.104592880848,1865.694105709068
MPL-0546,S1:5.3,2015-07-28,29.00875,-136.26805,3,2,S1_trawl_5_to_50:2015-07-28,346.539186,725.9591975000001,282.104592880848,1865.694105709068,catboost|spatial_geography_no_season,196.7309043505982,74.46043012532152,517.119370249731,median,725.9591975000001,282.104592880848,1865.694105709068
MPL-0551,S1:9.4,2015-07-29,28.999935,-138.5806,3,2,S1_trawl_5_to_50:2015-07-29,415.473402,725.9591975000001,282.104592880848,1865.694105709068,catboost|spatial_geography_no_season,220.91013798506987,83.6879981483894,580.4768375356772,median,725.9591975000001,282.104592880848,1865.694105709068
MPL-0554,S1:10.4,2015-07-29,29.000435,-139.1930835,3,2,S1_trawl_5_to_50:2015-07-29,422.521177,725.9591975000001,282.104592880848,1865.694105709068,catboost|spatial_geography_no_season,300.6693547230275,114.12666337005493,789.4719629239123,median,725.9591975000001,282.104592880848,1865.694105709068
MPL-0555,S1:8.4,2015-07-29,29.00169,-138.0501585,3,2,S1_trawl_5_to_50:2015-07-29,257.163107,725.9591975000001,282.104592880848,1865.694105709068,catboost|spatial_geography_no_season,225.36032844797847,85.38633300187924,592.1377859731822,median,725.9591975000001,282.104592880848,1865.694105709068
MPL-0559,S1:7.4,2015-07-29,29.007175,-137.46765,3,2,S1_trawl_5_to_50:2015-07-29,346.454898,725.9591975000001,282.104592880848,1865.694105709068,catboost|spatial_geography_no_season,201.34991226441238,76.22319111138701,529.2226753923633,median,725.9591975000001,282.104592880848,1865.694105709068
MPL-0563,S1:11.4,2015-07-29,29.0174845,-139.833862,3,2,S1_trawl_5_to_50:2015-07-29,66.287879,725.9591975000001,282.104592880848,1865.694105709068,catboost|spatial_geography_no_season,310.7552653583822,117.97576908900683,815.9003337643112,median,725.9591975000001,282.104592880848,1865.694105709068
MPL-0566,S1:12.3,2015-07-30,28.99819,-140.4820415,3,2,S1_trawl_5_to_50:2015-07-30,86.517306,725.9591975000001,282.104592880848,1865.694105709068,catboost|spatial_geography_no_season,276.92474215637895,105.06496063156243,727.2533443915152,median,725.9591975000001,282.104592880848,1865.694105709068
MPL-0569,S1:13.3,2015-07-30,28.99935,-141.0904165,3,2,S1_trawl_5_to_50:2015-07-30,58.416996,725.9591975000001,282.104592880848,1865.694105709068,catboost|spatial_geography_no_season,238.61806313162091,90.44590810978029,626.877368881513,median,725.9591975000001,282.104592880848,1865.694105709068
MPL-0570,S1:14.3,2015-07-30,29.00124,-141.6246665,3,2,S1_trawl_5_to_50:2015-07-30,225.114268,725.9591975000001,282.104592880848,1865.694105709068,catboost|spatial_geography_no_season,239.57297979234545,90.81033481479521,629.3795615484636,median,725.9591975000001,282.104592880848,1865.694105709068
MPL-0573,S1:17.4,2015-07-31,28.987515,-143.5660835,3,0,S1_trawl_5_to_50:2015-07-31,150.661497,552.015861,174.5159378416967,1741.4431437867825,ensemble|spatial,356.892944485093,127.26919370666185,997.5824032318482,median,552.015861,174.5159378416967,1741.4431437867825
MPL-0574,S1:17.3,2015-07-31,28.98866,-143.5482335,3,0,S1_trawl_5_to_50:2015-07-31,201.055457,552.015861,174.5159378416967,1741.4431437867825,ensemble|spatial,356.92427994603156,127.2804243675926,997.6698345164616,median,552.015861,174.5159378416967,1741.4431437867825
MPL-0577,S1:15.3,2015-07-31,29.00566,-142.3245335,3,0,S1_trawl_5_to_50:2015-07-31,141.836664,552.015861,174.5159378416967,1741.4431437867825,ensemble|spatial,288.3906736217333,102.71791046367944,806.4493749907119,median,552.015861,174.5159378416967,1741.4431437867825
MPL-0581,S1:16.3,2015-07-31,29.00719,-142.9808085,3,0,S1_trawl_5_to_50:2015-07-31,315.828009,552.015861,174.5159378416967,1741.4431437867825,ensemble|spatial,362.2598787221501,129.19270837179286,1012.5570658258213,median,552.015861,174.5159378416967,1741.4431437867825
MPL-0588,S1:20.4,2015-08-01,30.006425,-141.7679665,3,3,S1_trawl_5_to_50:2015-08-01,659.544272,505.188842,154.31752062253796,1648.6989054312796,random_forest|all,401.80019211572755,151.40106682640547,1063.611935776525,median,505.188842,154.31752062253796,1648.6989054312796
MPL-0590,S1:19.4,2015-08-01,30.010985,-142.26325,3,3,S1_trawl_5_to_50:2015-08-01,2109.259348,505.188842,154.31752062253796,1648.6989054312796,random_forest|all,422.38996289990473,159.19128911189586,1118.031263673568,median,505.188842,154.31752062253796,1648.6989054312796
MPL-0593,S1:18.4,2015-08-01,30.023565,-142.7086915,3,3,S1_trawl_5_to_50:2015-08-01,1162.176439,505.188842,154.31752062253796,1648.6989054312796,random_forest|all,414.41995401504954,156.1758043121297,1096.966311985005,median,505.188842,154.31752062253796,1648.6989054312796
MPL-0596,S1:24.4,2015-08-02,29.9806,-139.8215915,3,1,S1_trawl_5_to_50:2015-08-02,495.219971,633.666764,170.80427914972597,2343.5393986676736,ensemble|spatial,461.4489030217959,199.27774522095422,1066.8120410738838,median,633.666764,170.80427914972597,2343.5393986676736
MPL-0597,S1:21.4,2015-08-02,29.998635,-141.3439415,3,1,S1_trawl_5_to_50:2015-08-02,844.062324,633.666764,170.80427914972597,2343.5393986676736,ensemble|spatial,468.2987227641787,202.24427069914256,1082.6285344254904,median,633.666764,170.80427914972597,2343.5393986676736
MPL-0599,S1:22.4,2015-08-02,29.999935,-140.8015085,3,1,S1_trawl_5_to_50:2015-08-02,724.645668,633.666764,170.80427914972597,2343.5393986676736,ensemble|spatial,533.5360164963857,230.49729067092463,1233.2639177492156,median,633.666764,170.80427914972597,2343.5393986676736
MPL-0603,S1:27.3,2015-08-03,29.985215,-138.2296,3,2,S1_trawl_5_to_50:2015-08-03,423.877587,725.9591975000001,282.104592880848,1865.694105709068,catboost|spatial_geography_no_season,339.5732755181744,128.97364243185046,891.4129063936626,median,725.9591975000001,282.104592880848,1865.694105709068
MPL-0606,S1:26.3,2015-08-03,30.00074,-138.767875,3,2,S1_trawl_5_to_50:2015-08-03,529.96366,725.9591975000001,282.104592880848,1865.694105709068,catboost|spatial_geography_no_season,733.8171380389991,279.42969550962295,1924.460231216123,median,725.9591975000001,282.104592880848,1865.694105709068
MPL-0607,S1:25.3,2015-08-03,30.00105,-139.342975,3,2,S1_trawl_5_to_50:2015-08-03,1719.436293,725.9591975000001,282.104592880848,1865.694105709068,catboost|spatial_geography_no_season,705.4083449165653,268.5879924617319,1850.0199405064234,median,725.9591975000001,282.104592880848,1865.694105709068
MPL-0610,S1:28.3,2015-08-03,30.003565,-137.7446665,3,2,S1_trawl_5_to_50:2015-08-03,505.188842,725.9591975000001,282.104592880848,1865.694105709068,catboost|spatial_geography_no_season,720.6398361275864,274.40081611723764,1889.931408367945,median,725.9591975000001,282.104592880848,1865.694105709068
MPL-0618,S1:31.4,2015-08-04,29.996715,-136.0622665,3,0,S1_trawl_5_to_50:2015-08-04,246.22585,552.015861,174.5159378416967,1741.4431437867825,ensemble|spatial,492.3568894096604,175.81960873872364,1375.5499316743533,median,552.015861,174.5159378416967,1741.4431437867825
MPL-0621,S1:30.4,2015-08-04,30.00139,-136.6523,3,0,S1_trawl_5_to_50:2015-08-04,720.647461,552.015861,174.5159378416967,1741.4431437867825,ensemble|spatial,675.7126154101747,241.53448660373056,1887.1437038827914,median,552.015861,174.5159378416967,1741.4431437867825
MPL-0622,S1:29.3,2015-08-04,30.002915,-137.2931585,3,0,S1_trawl_5_to_50:2015-08-04,646.404545,552.015861,174.5159378416967,1741.4431437867825,ensemble|spatial,708.0901211232017,253.13861743681488,1977.4824712817503,median,552.015861,174.5159378416967,1741.4431437867825
MPL-0623,S1:30.3,2015-08-04,30.00491,-136.6517,3,0,S1_trawl_5_to_50:2015-08-04,490.394472,552.015861,174.5159378416967,1741.4431437867825,ensemble|spatial,677.9039162316536,242.31985103706475,1893.257807204008,median,552.015861,174.5159378416967,1741.4431437867825
MPL-0627,S1:32.4,2015-08-04,30.015125,-135.476125,3,0,S1_trawl_5_to_50:2015-08-04,949.556256,552.015861,174.5159378416967,1741.4431437867825,ensemble|spatial,519.8819955543205,185.6846346529545,1452.3496760300043,median,552.015861,174.5159378416967,1741.4431437867825
MPL-0631,S1:34.4,2015-08-05,30.000825,-134.268275,3,0,S1_trawl_5_to_50:2015-08-05,373.240546,552.015861,174.5159378416967,1741.4431437867825,ensemble|spatial,224.08970934791193,79.67237975664008,627.038709248034,median,552.015861,174.5159378416967,1741.4431437867825
MPL-0634,S1:33.4,2015-08-05,30.00406,-134.8896165,3,0,S1_trawl_5_to_50:2015-08-05,633.666764,552.015861,174.5159378416967,1741.4431437867825,ensemble|spatial,372.69294374883856,132.93192944190324,1041.6670980518368,median,552.015861,174.5159378416967,1741.4431437867825
MPL-0637,S1:35.4,2015-08-05,30.998235,-134.2625085,3,0,S1_trawl_5_to_50:2015-08-05,828.098322,552.015861,174.5159378416967,1741.4431437867825,ensemble|spatial,297.66714573458273,106.0426074623013,832.3323155703025,median,552.015861,174.5159378416967,1741.4431437867825
MPL-0640,S1:39.3,2015-08-06,30.97964,-136.3260415,3,0,S1_trawl_5_to_50:2015-08-06,721.013939,552.015861,174.5159378416967,1741.4431437867825,ensemble|spatial,981.2851244984748,351.0519832843907,2739.743161874314,median,552.015861,174.5159378416967,1741.4431437867825
MPL-0642,S1:38.3,2015-08-06,30.991785,-135.9519665,3,0,S1_trawl_5_to_50:2015-08-06,846.359613,552.015861,174.5159378416967,1741.4431437867825,ensemble|spatial,849.7122763598101,303.89614128052983,2372.6324576289576,median,552.015861,174.5159378416967,1741.4431437867825
MPL-0647,S1:36.3,2015-08-06,30.997975,-134.8475585,3,0,S1_trawl_5_to_50:2015-08-06,347.331302,552.015861,174.5159378416967,1741.4431437867825,ensemble|spatial,519.8397459615359,185.66949235611844,1452.2317924546262,median,552.015861,174.5159378416967,1741.4431437867825
MPL-0648,S1:37.3,2015-08-06,31.000565,-135.4216585,3,0,S1_trawl_5_to_50:2015-08-06,1104.538559,552.015861,174.5159378416967,1741.4431437867825,ensemble|spatial,638.9446584026821,228.35681358092884,1784.554827973849,median,552.015861,174.5159378416967,1741.4431437867825
MPL-0654,S1:41.3,2015-08-07,30.965825,-137.3956835,3,2,S1_trawl_5_to_50:2015-08-07,2209.120417,725.9591975000001,282.104592880848,1865.694105709068,catboost|spatial_geography_no_season,511.4830799344341,194.5799159004096,1341.8725848968093,median,725.9591975000001,282.104592880848,1865.694105709068
MPL-0656,S1:42.3,2015-08-07,30.988835,-137.914525,3,2,S1_trawl_5_to_50:2015-08-07,1706.702091,725.9591975000001,282.104592880848,1865.694105709068,catboost|spatial_geography_no_season,750.3600037457409,285.7429815679456,1967.8079273704136,median,725.9591975000001,282.104592880848,1865.694105709068
MPL-0658,S1:42.4,2015-08-07,30.98994,-137.91355,3,2,S1_trawl_5_to_50:2015-08-07,1197.871844,725.9591975000001,282.104592880848,1865.694105709068,catboost|spatial_geography_no_season,750.3600037457409,285.7429815679456,1967.8079273704136,median,725.9591975000001,282.104592880848,1865.694105709068
MPL-0660,S1:43.4,2015-08-07,31.001675,-138.493,3,2,S1_trawl_5_to_50:2015-08-07,351.925224,725.9591975000001,282.104592880848,1865.694105709068,catboost|spatial_geography_no_season,769.9596798071394,293.2228441153179,2019.1654622554242,median,725.9591975000001,282.104592880848,1865.694105709068
MPL-0666,S1:45.4,2015-08-08,30.987735,-139.5542835,3,4,S1_trawl_5_to_50:2015-08-08,1035.855936,552.015861,176.76103873296492,1719.4362929999998,ensemble|all,872.8172386121768,400.51299921064657,1900.6982463753898,median,552.015861,176.76103873296492,1719.4362929999998
MPL-0668,S1:44.4,2015-08-08,30.99416,-139.0254165,3,4,S1_trawl_5_to_50:2015-08-08,729.389849,552.015861,176.76103873296492,1719.4362929999998,ensemble|all,711.8294425379729,326.5402163656587,1550.3387021205874,median,552.015861,176.76103873296492,1719.4362929999998
MPL-0669,S1:47.4,2015-08-08,30.99445,-140.6223835,3,4,S1_trawl_5_to_50:2015-08-08,1077.945907,552.015861,176.76103873296492,1719.4362929999998,ensemble|all,1149.7673347568941,527.7696597811706,2503.427843480142,median,552.015861,176.76103873296492,1719.4362929999998
MPL-0671,S1:46.4,2015-08-08,30.999525,-140.084,3,4,S1_trawl_5_to_50:2015-08-08,747.327276,552.015861,176.76103873296492,1719.4362929999998,ensemble|all,949.880945378036,435.92324138324676,2068.4128548083613,median,552.015861,176.76103873296492,1719.4362929999998
MPL-0677,S1:48.4,2015-08-09,30.97485,-141.2498415,3,3,S1_trawl_5_to_50:2015-08-09,1380.789998,505.188842,154.31752062253796,1648.6989054312796,random_forest|all,824.2810009233849,311.24837384425035,2180.2402802931215,median,505.188842,154.31752062253796,1648.6989054312796
MPL-0680,S1:51.3,2015-08-09,30.9897265,-142.8742845,3,3,S1_trawl_5_to_50:2015-08-09,680.966974,505.188842,154.31752062253796,1648.6989054312796,random_forest|all,702.0370597184547,264.99688882176264,1857.1461968480432,median,505.188842,154.31752062253796,1648.6989054312796
MPL-0684,S1:49.3,2015-08-09,30.991625,-141.8085085,3,3,S1_trawl_5_to_50:2015-08-09,1819.989117,505.188842,154.31752062253796,1648.6989054312796,random_forest|all,752.5819601604032,284.1207544523288,1990.7377525533452,median,505.188842,154.31752062253796,1648.6989054312796
MPL-0687,S1:50.3,2015-08-09,30.996965,-142.37745,3,3,S1_trawl_5_to_50:2015-08-09,280.885892,505.188842,154.31752062253796,1648.6989054312796,random_forest|all,723.6665569648437,273.18049578072214,1914.313550250733,median,505.188842,154.31752062253796,1648.6989054312796
MPL-0691,S1:52.3,2015-08-10,31.00401,-143.3006915,3,4,S1_trawl_5_to_50:2015-08-10,559.439481,552.015861,176.76103873296492,1719.4362929999998,ensemble|all,757.8543293502801,347.68833467434507,1650.5031789391046,median,552.015861,176.76103873296492,1719.4362929999998
MPL-0694,S1:53.3,2015-08-10,31.00916,-143.842775,3,4,S1_trawl_5_to_50:2015-08-10,349.268718,552.015861,176.76103873296492,1719.4362929999998,ensemble|all,751.0615176198138,344.5670844970145,1635.7199066654855,median,552.015861,176.76103873296492,1719.4362929999998
MPL-0699,S1:54.4,2015-08-10,32.023415,-143.6277915,3,4,S1_trawl_5_to_50:2015-08-10,741.629573,552.015861,176.76103873296492,1719.4362929999998,ensemble|all,974.0235066506685,447.0165819090037,2120.9545813919367,median,552.015861,176.76103873296492,1719.4362929999998
MPL-0701,S1:54.3,2015-08-10,32.028835,-143.6377665,3,4,S1_trawl_5_to_50:2015-08-10,439.780685,552.015861,176.76103873296492,1719.4362929999998,ensemble|all,973.5167229863863,446.78371830777735,2119.8516624255085,median,552.015861,176.76103873296492,1719.4362929999998
MPL-0705,S1:57.4,2015-08-11,32.003635,-142.0377085,3,0,S1_trawl_5_to_50:2015-08-11,1292.557215,552.015861,174.5159378416967,1741.4431437867825,ensemble|spatial,925.1678809408809,330.9395063689014,2583.1664737948345,median,552.015861,174.5159378416967,1741.4431437867825
MPL-0710,S1:58.4,2015-08-11,32.01739,-141.4973835,3,0,S1_trawl_5_to_50:2015-08-11,1849.2198,552.015861,174.5159378416967,1741.4431437867825,ensemble|spatial,921.491230742756,329.6217912149091,2572.907992181097,median,552.015861,174.5159378416967,1741.4431437867825
MPL-0711,S1:56.4,2015-08-11,32.01915,-142.5771415,3,0,S1_trawl_5_to_50:2015-08-11,961.750609,552.015861,174.5159378416967,1741.4431437867825,ensemble|spatial,670.1907919123788,239.55545947070956,1871.7368738135813,median,552.015861,174.5159378416967,1741.4431437867825
MPL-0715,S1:55.4,2015-08-11,32.021825,-143.1047085,3,0,S1_trawl_5_to_50:2015-08-11,937.233371,552.015861,174.5159378416967,1741.4431437867825,ensemble|spatial,666.1521176005753,238.1079945077884,1860.4682831294203,median,552.015861,174.5159378416967,1741.4431437867825
MPL-0716,S1:61.3,2015-08-12,31.99739,-139.8349335,3,3,S1_trawl_5_to_50:2015-08-12,969.284957,505.188842,154.31752062253796,1648.6989054312796,random_forest|all,597.5924501101506,225.47985223604084,1581.0962341296206,median,505.188842,154.31752062253796,1648.6989054312796
MPL-0721,S1:60.4,2015-08-12,32.00135,-140.3389585,3,3,S1_trawl_5_to_50:2015-08-12,1390.855413,505.188842,154.31752062253796,1648.6989054312796,random_forest|all,611.6892232139372,230.81342282979472,1618.3543913896672,median,505.188842,154.31752062253796,1648.6989054312796
MPL-0724,S1:62.3,2015-08-12,32.007425,-139.3066335,3,3,S1_trawl_5_to_50:2015-08-12,883.382867,505.188842,154.31752062253796,1648.6989054312796,random_forest|all,600.1018691801889,226.42930099717373,1587.728697435548,median,505.188842,154.31752062253796,1648.6989054312796
MPL-0725,S1:66.4,2015-08-13,31.994635,-137.2262165,3,4,S1_trawl_5_to_50:2015-08-13,940.427881,552.015861,176.76103873296492,1719.4362929999998,ensemble|all,993.1803690280509,455.81902815145213,2162.6458756115185,median,552.015861,176.76103873296492,1719.4362929999998
MPL-0726,S1:65.3,2015-08-13,31.9947,-137.7624415,3,4,S1_trawl_5_to_50:2015-08-13,254.925782,552.015861,176.76103873296492,1719.4362929999998,ensemble|all,970.0321232544177,445.18256874513713,2112.268088988425,median,552.015861,176.76103873296492,1719.4362929999998
MPL-0727,S1:66.3,2015-08-13,31.99716,-137.2263335,3,4,S1_trawl_5_to_50:2015-08-13,942.476591,552.015861,176.76103873296492,1719.4362929999998,ensemble|all,993.3281001923937,455.8869096033749,2162.9673845996126,median,552.015861,176.76103873296492,1719.4362929999998
MPL-0736,S1:64.3,2015-08-13,32.007085,-138.2743415,3,4,S1_trawl_5_to_50:2015-08-13,926.093191,552.015861,176.76103873296492,1719.4362929999998,ensemble|all,910.05592487296,417.62391891621144,1981.7412164956957,median,552.015861,176.76103873296492,1719.4362929999998
MPL-0738,S1:63.3,2015-08-13,32.0156,-138.781625,3,4,S1_trawl_5_to_50:2015-08-13,473.750303,552.015861,176.76103873296492,1719.4362929999998,ensemble|all,921.6570087923083,422.95453702801467,2006.988785404404,median,552.015861,176.76103873296492,1719.4362929999998
MPL-0739,S1:69.4,2015-08-14,31.99764,-135.6463915,3,3,S1_trawl_5_to_50:2015-08-14,1171.220722,505.188842,154.31752062253796,1648.6989054312796,random_forest|all,735.2998723747326,277.5820072841867,1945.0607213803396,median,505.188842,154.31752062253796,1648.6989054312796
MPL-0742,S1:68.4,2015-08-14,32.001165,-136.1661665,3,3,S1_trawl_5_to_50:2015-08-14,470.658241,505.188842,154.31752062253796,1648.6989054312796,random_forest|all,771.7890300148534,291.3878263001657,2041.5025640370156,median,505.188842,154.31752062253796,1648.6989054312796
MPL-0747,S1:70.4,2015-08-14,32.00864,-135.113225,3,3,S1_trawl_5_to_50:2015-08-14,727.272727,505.188842,154.31752062253796,1648.6989054312796,random_forest|all,557.552723221224,210.33066111659582,1475.2701397395351,median,505.188842,154.31752062253796,1648.6989054312796
MPL-0751,S1:67.4,2015-08-14,32.01855,-136.6982335,3,3,S1_trawl_5_to_50:2015-08-14,1425.853627,505.188842,154.31752062253796,1648.6989054312796,random_forest|all,735.0210174036339,277.47650138841726,1944.3237000571298,median,505.188842,154.31752062253796,1648.6989054312796
MPL-0753,S1:71.4,2015-08-15,32.008585,-134.5978585,3,4,S1_trawl_5_to_50:2015-08-15,290.674527,552.015861,176.76103873296492,1719.4362929999998,ensemble|all,744.2998423318745,341.46014130044756,1621.004396980581,median,552.015861,176.76103873296492,1719.4362929999998
MPL-0755,S1:72.4,2015-08-15,32.996175,-134.1399,3,4,S1_trawl_5_to_50:2015-08-15,71.74788,552.015861,176.76103873296492,1719.4362929999998,ensemble|all,784.3309922441401,359.85417880954094,1708.124637031525,median,552.015861,176.76103873296492,1719.4362929999998
MPL-0756,S1:73.3,2015-08-15,32.99759,-134.7286085,3,4,S1_trawl_5_to_50:2015-08-15,1417.506452,552.015861,176.76103873296492,1719.4362929999998,ensemble|all,879.950227812593,403.7905585910783,1916.2218506881065,median,552.015861,176.76103873296492,1719.4362929999998
MPL-0762,S1:74.3,2015-08-16,32.987775,-135.2962085,3,1,S1_trawl_5_to_50:2015-08-16,1026.323987,633.666764,170.80427914972597,2343.5393986676736,ensemble|spatial,834.7127254005183,360.93114353173337,1928.6923513715983,median,633.666764,170.80427914972597,2343.5393986676736
MPL-0763,S1:75.3,2015-08-16,32.996535,-136.8875415,3,1,S1_trawl_5_to_50:2015-08-16,1518.942464,633.666764,170.80427914972597,2343.5393986676736,ensemble|spatial,869.7160396350724,376.09040719167257,2009.5163303515815,median,633.666764,170.80427914972597,2343.5393986676736
MPL-0768,S1:77.3,2015-08-17,32.98329,-138.0048415,3,1,S1_trawl_5_to_50:2015-08-17,376.349309,633.666764,170.80427914972597,2343.5393986676736,ensemble|spatial,799.9876529892724,345.892381065838,1848.5108433053044,median,633.666764,170.80427914972597,2343.5393986676736
MPL-0770,S1:78.3,2015-08-17,32.9915,-139.571725,3,1,S1_trawl_5_to_50:2015-08-17,748.005286,633.666764,170.80427914972597,2343.5393986676736,ensemble|spatial,939.9051231813495,406.48795230404795,2171.585583998666,median,633.666764,170.80427914972597,2343.5393986676736
MPL-0777,S1:79.4,2015-08-18,33.786985,-138.3120665,3,1,S1_trawl_5_to_50:2015-08-18,552.015861,633.666764,170.80427914972597,2343.5393986676736,ensemble|spatial,902.7621958399319,390.4020632680126,2085.8211572766313,median,633.666764,170.80427914972597,2343.5393986676736
MPL-0778,S1:79.3,2015-08-18,33.7888,-138.313375,3,1,S1_trawl_5_to_50:2015-08-18,361.510331,633.666764,170.80427914972597,2343.5393986676736,ensemble|spatial,902.8863911396605,390.45584986894124,2086.10792892995,median,633.666764,170.80427914972597,2343.5393986676736
MPL-0526,S1:0.1,2015-07-25,33.1895665,-128.790017,4,1,S1_trawl_5_to_50:2015-07-25,91.014999,540.9897605,210.12477733418692,1390.3710375256885,gp_matern|spatial,501.5700213091996,238.657009335425,1052.908779964879,median,540.9897605,210.12477733418692,1390.3710375256885
MPL-0530,S1:2.3,2015-07-27,29.054015,-134.546025,4,3,S1_trawl_5_to_50:2015-07-27,61.817996,659.544272,265.3607407008013,1637.0744929753732,catboost|spatial_geography_no_season,248.89966523095384,117.04503407111213,528.0340519104095,median,659.544272,265.3607407008013,1637.0744929753732
MPL-0531,S1:1.3,2015-07-27,29.07234,-134.05625,4,3,S1_trawl_5_to_50:2015-07-27,152.892947,659.544272,265.3607407008013,1637.0744929753732,catboost|spatial_geography_no_season,273.01521234519095,128.4364882297751,579.0863235974905,median,659.544272,265.3607407008013,1637.0744929753732
MPL-0535,S1:4.3,2015-07-28,28.988125,-135.6992415,4,3,S1_trawl_5_to_50:2015-07-28,255.766117,659.544272,265.3607407008013,1637.0744929753732,catboost|spatial_geography_no_season,295.82341797071985,139.2103938597735,627.3709718691392,median,659.544272,265.3607407008013,1637.0744929753732
MPL-0543,S1:3.3,2015-07-28,29.00679,-135.1118335,4,3,S1_trawl_5_to_50:2015-07-28,177.80932,659.544272,265.3607407008013,1637.0744929753732,catboost|spatial_geography_no_season,256.5665368040758,120.666632024161,544.2647104431327,median,659.544272,265.3607407008013,1637.0744929753732
MPL-0544,S1:6.4,2015-07-28,29.0074,-136.8627915,4,3,S1_trawl_5_to_50:2015-07-28,348.007734,659.544272,265.3607407008013,1637.0744929753732,catboost|spatial_geography_no_season,333.69484251408466,157.09970794273335,707.5442412461881,median,659.544272,265.3607407008013,1637.0744929753732
MPL-0545,S1:6.3,2015-07-28,29.00841,-136.8621665,4,3,S1_trawl_5_to_50:2015-07-28,340.282743,659.544272,265.3607407008013,1637.0744929753732,catboost|spatial_geography_no_season,333.69484251408466,157.09970794273335,707.5442412461881,median,659.544272,265.3607407008013,1637.0744929753732
MPL-0546,S1:5.3,2015-07-28,29.00875,-136.26805,4,3,S1_trawl_5_to_50:2015-07-28,346.539186,659.544272,265.3607407008013,1637.0744929753732,catboost|spatial_geography_no_season,304.1867436834406,143.1609756574463,645.076013951361,median,659.544272,265.3607407008013,1637.0744929753732
MPL-0551,S1:9.4,2015-07-29,28.999935,-138.5806,4,0,S1_trawl_5_to_50:2015-07-29,415.473402,646.404545,220.12261495390075,1894.476159116682,random_forest|spatial_weather_no_season,166.1148006379804,73.11529536028598,375.80962420122205,median,646.404545,220.12261495390075,1894.476159116682
MPL-0554,S1:10.4,2015-07-29,29.000435,-139.1930835,4,0,S1_trawl_5_to_50:2015-07-29,422.521177,646.404545,220.12261495390075,1894.476159116682,random_forest|spatial_weather_no_season,139.21870943861128,61.186898021041664,315.1644510709808,median,646.404545,220.12261495390075,1894.476159116682
MPL-0555,S1:8.4,2015-07-29,29.00169,-138.0501585,4,0,S1_trawl_5_to_50:2015-07-29,257.163107,646.404545,220.12261495390075,1894.476159116682,random_forest|spatial_weather_no_season,160.10818593089832,70.45136600494885,362.265939130501,median,646.404545,220.12261495390075,1894.476159116682
MPL-0559,S1:7.4,2015-07-29,29.007175,-137.46765,4,0,S1_trawl_5_to_50:2015-07-29,346.454898,646.404545,220.12261495390075,1894.476159116682,random_forest|spatial_weather_no_season,172.3127862530729,75.86409757737088,389.78481144682615,median,646.404545,220.12261495390075,1894.476159116682
MPL-0563,S1:11.4,2015-07-29,29.0174845,-139.833862,4,0,S1_trawl_5_to_50:2015-07-29,66.287879,646.404545,220.12261495390075,1894.476159116682,random_forest|spatial_weather_no_season,198.8692525649547,87.64187152029285,449.6642000640565,median,646.404545,220.12261495390075,1894.476159116682
MPL-0566,S1:12.3,2015-07-30,28.99819,-140.4820415,4,3,S1_trawl_5_to_50:2015-07-30,86.517306,659.544272,265.3607407008013,1637.0744929753732,catboost|spatial_geography_no_season,271.6911248840409,127.81102941085216,576.2832491955756,median,659.544272,265.3607407008013,1637.0744929753732
MPL-0569,S1:13.3,2015-07-30,28.99935,-141.0904165,4,3,S1_trawl_5_to_50:2015-07-30,58.416996,659.544272,265.3607407008013,1637.0744929753732,catboost|spatial_geography_no_season,236.91704392962387,111.38480664155765,502.66701232797567,median,659.544272,265.3607407008013,1637.0744929753732
MPL-0570,S1:14.3,2015-07-30,29.00124,-141.6246665,4,3,S1_trawl_5_to_50:2015-07-30,225.114268,659.544272,265.3607407008013,1637.0744929753732,catboost|spatial_geography_no_season,284.67667665877366,133.94501082400794,603.77347838548,median,659.544272,265.3607407008013,1637.0744929753732
MPL-0573,S1:17.4,2015-07-31,28.987515,-143.5660835,4,4,S1_trawl_5_to_50:2015-07-31,150.661497,680.966974,206.64384927906048,2238.7916203223517,catboost|spatial_geography_no_season,128.90677841406654,42.86807440806956,383.69368226513893,median,680.966974,206.64384927906048,2238.7916203223517
MPL-0574,S1:17.3,2015-07-31,28.98866,-143.5482335,4,4,S1_trawl_5_to_50:2015-07-31,201.055457,680.966974,206.64384927906048,2238.7916203223517,catboost|spatial_geography_no_season,128.90677841406654,42.86807440806956,383.69368226513893,median,680.966974,206.64384927906048,2238.7916203223517
MPL-0577,S1:15.3,2015-07-31,29.00566,-142.3245335,4,4,S1_trawl_5_to_50:2015-07-31,141.836664,680.966974,206.64384927906048,2238.7916203223517,catboost|spatial_geography_no_season,173.65377682387964,57.97863815034537,516.2032233278505,median,680.966974,206.64384927906048,2238.7916203223517
MPL-0581,S1:16.3,2015-07-31,29.00719,-142.9808085,4,4,S1_trawl_5_to_50:2015-07-31,315.828009,680.966974,206.64384927906048,2238.7916203223517,catboost|spatial_geography_no_season,197.66754091455974,66.08781923241364,587.3153196008021,median,680.966974,206.64384927906048,2238.7916203223517
MPL-0588,S1:20.4,2015-08-01,30.006425,-141.7679665,4,0,S1_trawl_5_to_50:2015-08-01,659.544272,646.404545,220.12261495390075,1894.476159116682,random_forest|spatial_weather_no_season,831.0457553192947,368.0117013773737,1875.092645194651,median,646.404545,220.12261495390075,1894.476159116682
MPL-0590,S1:19.4,2015-08-01,30.010985,-142.26325,4,0,S1_trawl_5_to_50:2015-08-01,2109.259348,646.404545,220.12261495390075,1894.476159116682,random_forest|spatial_weather_no_season,830.0720971255915,367.5798846601782,1872.8972455252672,median,646.404545,220.12261495390075,1894.476159116682
MPL-0593,S1:18.4,2015-08-01,30.023565,-142.7086915,4,0,S1_trawl_5_to_50:2015-08-01,1162.176439,646.404545,220.12261495390075,1894.476159116682,random_forest|spatial_weather_no_season,796.3677779445333,352.63204304779526,1796.9009136857865,median,646.404545,220.12261495390075,1894.476159116682
MPL-0596,S1:24.4,2015-08-02,29.9806,-139.8215915,4,2,S1_trawl_5_to_50:2015-08-02,495.219971,505.188842,141.7499879879811,1793.9363595524385,ensemble|spatial,611.2429541393485,218.33966780389545,1707.9541469918252,median,505.188842,141.7499879879811,1793.9363595524385
MPL-0597,S1:21.4,2015-08-02,29.998635,-141.3439415,4,2,S1_trawl_5_to_50:2015-08-02,844.062324,505.188842,141.7499879879811,1793.9363595524385,ensemble|spatial,653.7796202174684,233.5786805911892,1826.6867700492792,median,505.188842,141.7499879879811,1793.9363595524385
MPL-0599,S1:22.4,2015-08-02,29.999935,-140.8015085,4,2,S1_trawl_5_to_50:2015-08-02,724.645668,505.188842,141.7499879879811,1793.9363595524385,ensemble|spatial,580.7399864427416,207.41179879965057,1622.811193874541,median,505.188842,141.7499879879811,1793.9363595524385
MPL-0603,S1:27.3,2015-08-03,29.985215,-138.2296,4,4,S1_trawl_5_to_50:2015-08-03,423.877587,680.966974,206.64384927906048,2238.7916203223517,catboost|spatial_geography_no_season,399.7050361560563,134.31363456457393,1185.6101041296197,median,680.966974,206.64384927906048,2238.7916203223517
MPL-0606,S1:26.3,2015-08-03,30.00074,-138.767875,4,4,S1_trawl_5_to_50:2015-08-03,529.96366,680.966974,206.64384927906048,2238.7916203223517,catboost|spatial_geography_no_season,642.014661205921,216.1389002762506,1903.1629758635563,median,680.966974,206.64384927906048,2238.7916203223517
MPL-0607,S1:25.3,2015-08-03,30.00105,-139.342975,4,4,S1_trawl_5_to_50:2015-08-03,1719.436293,680.966974,206.64384927906048,2238.7916203223517,catboost|spatial_geography_no_season,638.0784245159712,214.80967692000584,1891.5065757510279,median,680.966974,206.64384927906048,2238.7916203223517
MPL-0610,S1:28.3,2015-08-03,30.003565,-137.7446665,4,4,S1_trawl_5_to_50:2015-08-03,505.188842,680.966974,206.64384927906048,2238.7916203223517,catboost|spatial_geography_no_season,729.4470901910131,245.6638592292852,2162.0771254274277,median,680.966974,206.64384927906048,2238.7916203223517
MPL-0618,S1:31.4,2015-08-04,29.996715,-136.0622665,4,2,S1_trawl_5_to_50:2015-08-04,246.22585,505.188842,141.7499879879811,1793.9363595524385,ensemble|spatial,528.1994789054316,188.5888505050775,1476.1548417942447,median,505.188842,141.7499879879811,1793.9363595524385
MPL-0621,S1:30.4,2015-08-04,30.00139,-136.6523,4,2,S1_trawl_5_to_50:2015-08-04,720.647461,505.188842,141.7499879879811,1793.9363595524385,ensemble|spatial,588.7412458402789,210.2782974116855,1645.145114315978,median,505.188842,141.7499879879811,1793.9363595524385
MPL-0622,S1:29.3,2015-08-04,30.002915,-137.2931585,4,2,S1_trawl_5_to_50:2015-08-04,646.404545,505.188842,141.7499879879811,1793.9363595524385,ensemble|spatial,634.2479021724293,226.5813268141082,1772.1678730570447,median,505.188842,141.7499879879811,1793.9363595524385
MPL-0623,S1:30.3,2015-08-04,30.00491,-136.6517,4,2,S1_trawl_5_to_50:2015-08-04,490.394472,505.188842,141.7499879879811,1793.9363595524385,ensemble|spatial,600.7819452044333,214.59194933826876,1678.7543261034448,median,505.188842,141.7499879879811,1793.9363595524385
MPL-0627,S1:32.4,2015-08-04,30.015125,-135.476125,4,2,S1_trawl_5_to_50:2015-08-04,949.556256,505.188842,141.7499879879811,1793.9363595524385,ensemble|spatial,637.1075688335274,227.6058193480514,1780.1500624255896,median,505.188842,141.7499879879811,1793.9363595524385
MPL-0631,S1:34.4,2015-08-05,30.000825,-134.268275,4,4,S1_trawl_5_to_50:2015-08-05,373.240546,680.966974,206.64384927906048,2238.7916203223517,catboost|spatial_geography_no_season,169.05427197598692,56.42543651321058,502.5826834443011,median,680.966974,206.64384927906048,2238.7916203223517
MPL-0634,S1:33.4,2015-08-05,30.00406,-134.8896165,4,4,S1_trawl_5_to_50:2015-08-05,633.666764,680.966974,206.64384927906048,2238.7916203223517,catboost|spatial_geography_no_season,467.16800433666043,157.09512867955317,1385.3885757595676,median,680.966974,206.64384927906048,2238.7916203223517
MPL-0637,S1:35.4,2015-08-05,30.998235,-134.2625085,4,4,S1_trawl_5_to_50:2015-08-05,828.098322,680.966974,206.64384927906048,2238.7916203223517,catboost|spatial_geography_no_season,186.83123260124844,62.42851842301378,555.2256981191515,median,680.966974,206.64384927906048,2238.7916203223517
MPL-0640,S1:39.3,2015-08-06,30.97964,-136.3260415,4,3,S1_trawl_5_to_50:2015-08-06,721.013939,659.544272,265.3607407008013,1637.0744929753732,catboost|spatial_geography_no_season,880.5060188319087,415.39674839393905,1865.135756904945,median,659.544272,265.3607407008013,1637.0744929753732
MPL-0642,S1:38.3,2015-08-06,30.991785,-135.9519665,4,3,S1_trawl_5_to_50:2015-08-06,846.359613,659.544272,265.3607407008013,1637.0744929753732,catboost|spatial_geography_no_season,771.1485369898113,363.7395856760499,1633.6275166991165,median,659.544272,265.3607407008013,1637.0744929753732
MPL-0647,S1:36.3,2015-08-06,30.997975,-134.8475585,4,3,S1_trawl_5_to_50:2015-08-06,347.331302,659.544272,265.3607407008013,1637.0744929753732,catboost|spatial_geography_no_season,866.1486831162425,408.614777789217,1834.7414805409603,median,659.544272,265.3607407008013,1637.0744929753732
MPL-0648,S1:37.3,2015-08-06,31.000565,-135.4216585,4,3,S1_trawl_5_to_50:2015-08-06,1104.538559,659.544272,265.3607407008013,1637.0744929753732,catboost|spatial_geography_no_season,749.2852826766718,353.4120464297897,1587.3433169722443,median,659.544272,265.3607407008013,1637.0744929753732
MPL-0654,S1:41.3,2015-08-07,30.965825,-137.3956835,4,1,S1_trawl_5_to_50:2015-08-07,2209.120417,540.9897605,210.12477733418692,1390.3710375256885,gp_matern|spatial,873.0168045368353,415.7862080960307,1831.8470562940772,median,540.9897605,210.12477733418692,1390.3710375256885
MPL-0656,S1:42.3,2015-08-07,30.988835,-137.914525,4,1,S1_trawl_5_to_50:2015-08-07,1706.702091,540.9897605,210.12477733418692,1390.3710375256885,gp_matern|spatial,819.654535726823,390.3397206174381,1719.9443139235418,median,540.9897605,210.12477733418692,1390.3710375256885
MPL-0658,S1:42.4,2015-08-07,30.98994,-137.91355,4,1,S1_trawl_5_to_50:2015-08-07,1197.871844,540.9897605,210.12477733418692,1390.3710375256885,gp_matern|spatial,811.7509744244906,386.57080527329975,1703.3702400704692,median,540.9897605,210.12477733418692,1390.3710375256885
MPL-0660,S1:43.4,2015-08-07,31.001675,-138.493,4,1,S1_trawl_5_to_50:2015-08-07,351.925224,540.9897605,210.12477733418692,1390.3710375256885,gp_matern|spatial,713.8693373672426,339.89468172560544,1498.1086599562377,median,540.9897605,210.12477733418692,1390.3710375256885
MPL-0666,S1:45.4,2015-08-08,30.987735,-139.5542835,4,3,S1_trawl_5_to_50:2015-08-08,1035.855936,659.544272,265.3607407008013,1637.0744929753732,catboost|spatial_geography_no_season,1228.1237048739338,579.6008162730554,2601.0374748707286,median,659.544272,265.3607407008013,1637.0744929753732
MPL-0668,S1:44.4,2015-08-08,30.99416,-139.0254165,4,3,S1_trawl_5_to_50:2015-08-08,729.389849,659.544272,265.3607407008013,1637.0744929753732,catboost|spatial_geography_no_season,892.1576763208475,420.90063854119296,1889.8021507840594,median,659.544272,265.3607407008013,1637.0744929753732
MPL-0669,S1:47.4,2015-08-08,30.99445,-140.6223835,4,3,S1_trawl_5_to_50:2015-08-08,1077.945907,659.544272,265.3607407008013,1637.0744929753732,catboost|spatial_geography_no_season,1162.0220396909278,548.3763914164883,2461.1011858906213,median,659.544272,265.3607407008013,1637.0744929753732
MPL-0671,S1:46.4,2015-08-08,30.999525,-140.084,4,3,S1_trawl_5_to_50:2015-08-08,747.327276,659.544272,265.3607407008013,1637.0744929753732,catboost|spatial_geography_no_season,838.4952876918935,395.55215122654295,1776.1996340886903,median,659.544272,265.3607407008013,1637.0744929753732
MPL-0677,S1:48.4,2015-08-09,30.97485,-141.2498415,4,0,S1_trawl_5_to_50:2015-08-09,1380.789998,646.404545,220.12261495390075,1894.476159116682,random_forest|spatial_weather_no_season,837.6301962919292,370.9318962709807,1889.9392100650377,median,646.404545,220.12261495390075,1894.476159116682
MPL-0680,S1:51.3,2015-08-09,30.9897265,-142.8742845,4,0,S1_trawl_5_to_50:2015-08-09,680.966974,646.404545,220.12261495390075,1894.476159116682,random_forest|spatial_weather_no_season,810.5144857786595,358.90609792204464,1828.7988403943207,median,646.404545,220.12261495390075,1894.476159116682
MPL-0684,S1:49.3,2015-08-09,30.991625,-141.8085085,4,0,S1_trawl_5_to_50:2015-08-09,1819.989117,646.404545,220.12261495390075,1894.476159116682,random_forest|spatial_weather_no_season,832.3822583298276,368.6044395130589,1878.1061855586408,median,646.404545,220.12261495390075,1894.476159116682
MPL-0687,S1:50.3,2015-08-09,30.996965,-142.37745,4,0,S1_trawl_5_to_50:2015-08-09,280.885892,646.404545,220.12261495390075,1894.476159116682,random_forest|spatial_weather_no_season,823.3178395712031,364.5843762332055,1857.6677790680098,median,646.404545,220.12261495390075,1894.476159116682
MPL-0691,S1:52.3,2015-08-10,31.00401,-143.3006915,4,0,S1_trawl_5_to_50:2015-08-10,559.439481,646.404545,220.12261495390075,1894.476159116682,random_forest|spatial_weather_no_season,894.2900581120844,396.0605047355944,2017.695585671745,median,646.404545,220.12261495390075,1894.476159116682
MPL-0694,S1:53.3,2015-08-10,31.00916,-143.842775,4,0,S1_trawl_5_to_50:2015-08-10,349.268718,646.404545,220.12261495390075,1894.476159116682,random_forest|spatial_weather_no_season,912.3350713890734,404.06345530429684,2058.38339217153,median,646.404545,220.12261495390075,1894.476159116682
MPL-0699,S1:54.4,2015-08-10,32.023415,-143.6277915,4,0,S1_trawl_5_to_50:2015-08-10,741.629573,646.404545,220.12261495390075,1894.476159116682,random_forest|spatial_weather_no_season,848.2099709977088,375.6240188368495,1913.7944336346989,median,646.404545,220.12261495390075,1894.476159116682
MPL-0701,S1:54.3,2015-08-10,32.028835,-143.6377665,4,0,S1_trawl_5_to_50:2015-08-10,439.780685,646.404545,220.12261495390075,1894.476159116682,random_forest|spatial_weather_no_season,848.2099709977088,375.6240188368495,1913.7944336346989,median,646.404545,220.12261495390075,1894.476159116682
MPL-0705,S1:57.4,2015-08-11,32.003635,-142.0377085,4,2,S1_trawl_5_to_50:2015-08-11,1292.557215,505.188842,141.7499879879811,1793.9363595524385,ensemble|spatial,866.0859340014263,309.6386760933082,2419.2975186428234,median,505.188842,141.7499879879811,1793.9363595524385
MPL-0710,S1:58.4,2015-08-11,32.01739,-141.4973835,4,2,S1_trawl_5_to_50:2015-08-11,1849.2198,505.188842,141.7499879879811,1793.9363595524385,ensemble|spatial,872.4188439240502,311.9074786156876,2436.9745741346387,median,505.188842,141.7499879879811,1793.9363595524385
MPL-0711,S1:56.4,2015-08-11,32.01915,-142.5771415,4,2,S1_trawl_5_to_50:2015-08-11,961.750609,505.188842,141.7499879879811,1793.9363595524385,ensemble|spatial,656.7896188792777,234.6570304555817,1835.088581226951,median,505.188842,141.7499879879811,1793.9363595524385
MPL-0715,S1:55.4,2015-08-11,32.021825,-143.1047085,4,2,S1_trawl_5_to_50:2015-08-11,937.233371,505.188842,141.7499879879811,1793.9363595524385,ensemble|spatial,672.6202908886413,240.32846254993282,1879.2767460676555,median,505.188842,141.7499879879811,1793.9363595524385
MPL-0716,S1:61.3,2015-08-12,31.99739,-139.8349335,4,1,S1_trawl_5_to_50:2015-08-12,969.284957,540.9897605,210.12477733418692,1390.3710375256885,gp_matern|spatial,784.277254843291,373.4696070502177,1645.75678710427,median,540.9897605,210.12477733418692,1390.3710375256885
MPL-0721,S1:60.4,2015-08-12,32.00135,-140.3389585,4,1,S1_trawl_5_to_50:2015-08-12,1390.855413,540.9897605,210.12477733418692,1390.3710375256885,gp_matern|spatial,817.325824617001,389.229244630963,1715.060916624495,median,540.9897605,210.12477733418692,1390.3710375256885
MPL-0724,S1:62.3,2015-08-12,32.007425,-139.3066335,4,1,S1_trawl_5_to_50:2015-08-12,883.382867,540.9897605,210.12477733418692,1390.3710375256885,gp_matern|spatial,828.1584152976304,394.39490548576606,1737.7772784129295,median,540.9897605,210.12477733418692,1390.3710375256885
MPL-0725,S1:66.4,2015-08-13,31.994635,-137.2262165,4,4,S1_trawl_5_to_50:2015-08-13,940.427881,680.966974,206.64384927906048,2238.7916203223517,catboost|spatial_geography_no_season,889.3609276096643,299.6649837618425,2635.630882304124,median,680.966974,206.64384927906048,2238.7916203223517
MPL-0726,S1:65.3,2015-08-13,31.9947,-137.7624415,4,4,S1_trawl_5_to_50:2015-08-13,254.925782,680.966974,206.64384927906048,2238.7916203223517,catboost|spatial_geography_no_season,889.0075256752958,299.54564385870503,2634.5843511445373,median,680.966974,206.64384927906048,2238.7916203223517
MPL-0727,S1:66.3,2015-08-13,31.99716,-137.2263335,4,4,S1_trawl_5_to_50:2015-08-13,942.476591,680.966974,206.64384927906048,2238.7916203223517,catboost|spatial_geography_no_season,889.3609276096643,299.6649837618425,2635.630882304124,median,680.966974,206.64384927906048,2238.7916203223517
MPL-0736,S1:64.3,2015-08-13,32.007085,-138.2743415,4,4,S1_trawl_5_to_50:2015-08-13,926.093191,680.966974,206.64384927906048,2238.7916203223517,catboost|spatial_geography_no_season,670.2360423276912,225.66894683781055,1986.7351123977812,median,680.966974,206.64384927906048,2238.7916203223517
MPL-0738,S1:63.3,2015-08-13,32.0156,-138.781625,4,4,S1_trawl_5_to_50:2015-08-13,473.750303,680.966974,206.64384927906048,2238.7916203223517,catboost|spatial_geography_no_season,738.0093898979451,248.5552526210192,2187.4327122807827,median,680.966974,206.64384927906048,2238.7916203223517
MPL-0739,S1:69.4,2015-08-14,31.99764,-135.6463915,4,2,S1_trawl_5_to_50:2015-08-14,1171.220722,505.188842,141.7499879879811,1793.9363595524385,ensemble|spatial,724.1578257063508,258.79208992191104,2023.1334997583056,median,505.188842,141.7499879879811,1793.9363595524385
MPL-0742,S1:68.4,2015-08-14,32.001165,-136.1661665,4,2,S1_trawl_5_to_50:2015-08-14,470.658241,505.188842,141.7499879879811,1793.9363595524385,ensemble|spatial,796.3692537660615,284.6622621062967,2224.6973047943648,median,505.188842,141.7499879879811,1793.9363595524385
MPL-0747,S1:70.4,2015-08-14,32.00864,-135.113225,4,2,S1_trawl_5_to_50:2015-08-14,727.272727,505.188842,141.7499879879811,1793.9363595524385,ensemble|spatial,603.5712992496232,215.59125196073737,1686.540251822519,median,505.188842,141.7499879879811,1793.9363595524385
MPL-0751,S1:67.4,2015-08-14,32.01855,-136.6982335,4,2,S1_trawl_5_to_50:2015-08-14,1425.853627,505.188842,141.7499879879811,1793.9363595524385,ensemble|spatial,788.9165917325672,281.99230175211136,2203.8946845238343,median,505.188842,141.7499879879811,1793.9363595524385
MPL-0753,S1:71.4,2015-08-15,32.008585,-134.5978585,4,1,S1_trawl_5_to_50:2015-08-15,290.674527,540.9897605,210.12477733418692,1390.3710375256885,gp_matern|spatial,757.5366087204112,360.71798437918795,1589.6806175440129,median,540.9897605,210.12477733418692,1390.3710375256885
MPL-0755,S1:72.4,2015-08-15,32.996175,-134.1399,4,1,S1_trawl_5_to_50:2015-08-15,71.74788,540.9897605,210.12477733418692,1390.3710375256885,gp_matern|spatial,509.7656510572745,242.56520129229395,1070.0953326492927,median,540.9897605,210.12477733418692,1390.3710375256885
MPL-0756,S1:73.3,2015-08-15,32.99759,-134.7286085,4,1,S1_trawl_5_to_50:2015-08-15,1417.506452,540.9897605,210.12477733418692,1390.3710375256885,gp_matern|spatial,513.1880594796884,244.19722097604554,1077.272255529833,median,540.9897605,210.12477733418692,1390.3710375256885
MPL-0762,S1:74.3,2015-08-16,32.987775,-135.2962085,4,1,S1_trawl_5_to_50:2015-08-16,1026.323987,540.9897605,210.12477733418692,1390.3710375256885,gp_matern|spatial,505.77878684736027,240.66401357185362,1061.73472414262,median,540.9897605,210.12477733418692,1390.3710375256885
MPL-0763,S1:75.3,2015-08-16,32.996535,-136.8875415,4,1,S1_trawl_5_to_50:2015-08-16,1518.942464,540.9897605,210.12477733418692,1390.3710375256885,gp_matern|spatial,522.7408226621766,248.75257954924655,1097.304769535987,median,540.9897605,210.12477733418692,1390.3710375256885
MPL-0768,S1:77.3,2015-08-17,32.98329,-138.0048415,4,0,S1_trawl_5_to_50:2015-08-17,376.349309,646.404545,220.12261495390075,1894.476159116682,random_forest|spatial_weather_no_season,698.8817440801218,309.397056285518,1577.0898877019638,median,646.404545,220.12261495390075,1894.476159116682
MPL-0770,S1:78.3,2015-08-17,32.9915,-139.571725,4,0,S1_trawl_5_to_50:2015-08-17,748.005286,646.404545,220.12261495390075,1894.476159116682,random_forest|spatial_weather_no_season,686.4971431611383,303.90449457628824,1549.1651509320975,median,646.404545,220.12261495390075,1894.476159116682
MPL-0777,S1:79.4,2015-08-18,33.786985,-138.3120665,4,2,S1_trawl_5_to_50:2015-08-18,552.015861,505.188842,141.7499879879811,1793.9363595524385,ensemble|spatial,765.6625707712195,273.6614108887991,2138.985721035648,median,505.188842,141.7499879879811,1793.9363595524385
MPL-0778,S1:79.3,2015-08-18,33.7888,-138.313375,4,2,S1_trawl_5_to_50:2015-08-18,361.510331,505.188842,141.7499879879811,1793.9363595524385,ensemble|spatial,765.7878023710011,273.7062758518157,2139.3352800797084,median,505.188842,141.7499879879811,1793.9363595524385
MPL-0526,S1:0.1,2015-07-25,33.1895665,-128.790017,5,3,S1_trawl_5_to_50:2015-07-25,91.014999,596.5531225,211.89170088825043,1676.2365137752859,random_forest|spatial_weather_no_season,438.4410719734245,178.34482247834217,1075.743967674185,median,596.5531225,211.89170088825043,1676.2365137752859
MPL-0530,S1:2.3,2015-07-27,29.054015,-134.546025,5,4,S1_trawl_5_to_50:2015-07-27,61.817996,670.255623,234.97767694622758,1908.4353213409797,random_forest|spatial_weather_no_season,285.64174936723697,123.51056269298773,658.8917449510267,median,670.255623,234.97767694622758,1908.4353213409797
MPL-0531,S1:1.3,2015-07-27,29.07234,-134.05625,5,4,S1_trawl_5_to_50:2015-07-27,152.892947,670.255623,234.97767694622758,1908.4353213409797,random_forest|spatial_weather_no_season,283.21267902103875,122.45543057670099,653.2996653851576,median,670.255623,234.97767694622758,1908.4353213409797
MPL-0535,S1:4.3,2015-07-28,28.988125,-135.6992415,5,3,S1_trawl_5_to_50:2015-07-28,255.766117,596.5531225,211.89170088825043,1676.2365137752859,random_forest|spatial_weather_no_season,187.73162850693717,76.0252089970144,461.4411678034033,median,596.5531225,211.89170088825043,1676.2365137752859
MPL-0543,S1:3.3,2015-07-28,29.00679,-135.1118335,5,3,S1_trawl_5_to_50:2015-07-28,177.80932,596.5531225,211.89170088825043,1676.2365137752859,random_forest|spatial_weather_no_season,206.34149348845065,83.62027269114559,507.04013689404735,median,596.5531225,211.89170088825043,1676.2365137752859
MPL-0544,S1:6.4,2015-07-28,29.0074,-136.8627915,5,3,S1_trawl_5_to_50:2015-07-28,348.007734,596.5531225,211.89170088825043,1676.2365137752859,random_forest|spatial_weather_no_season,220.4131468403768,89.3632000899086,541.5193169894504,median,596.5531225,211.89170088825043,1676.2365137752859
MPL-0545,S1:6.3,2015-07-28,29.00841,-136.8621665,5,3,S1_trawl_5_to_50:2015-07-28,340.282743,596.5531225,211.89170088825043,1676.2365137752859,random_forest|spatial_weather_no_season,220.4131468403768,89.3632000899086,541.5193169894504,median,596.5531225,211.89170088825043,1676.2365137752859
MPL-0546,S1:5.3,2015-07-28,29.00875,-136.26805,5,3,S1_trawl_5_to_50:2015-07-28,346.539186,596.5531225,211.89170088825043,1676.2365137752859,random_forest|spatial_weather_no_season,217.04501172655006,87.9885957741134,533.2665172458164,median,596.5531225,211.89170088825043,1676.2365137752859
MPL-0551,S1:9.4,2015-07-29,28.999935,-138.5806,5,4,S1_trawl_5_to_50:2015-07-29,415.473402,670.255623,234.97767694622758,1908.4353213409797,random_forest|spatial_weather_no_season,158.47204635771394,68.27097769125852,366.1282608838666,median,670.255623,234.97767694622758,1908.4353213409797
MPL-0554,S1:10.4,2015-07-29,29.000435,-139.1930835,5,4,S1_trawl_5_to_50:2015-07-29,422.521177,670.255623,234.97767694622758,1908.4353213409797,random_forest|spatial_weather_no_season,167.7036797089385,72.28098623214171,387.3808476209191,median,670.255623,234.97767694622758,1908.4353213409797
MPL-0555,S1:8.4,2015-07-29,29.00169,-138.0501585,5,4,S1_trawl_5_to_50:2015-07-29,257.163107,670.255623,234.97767694622758,1908.4353213409797,random_forest|spatial_weather_no_season,162.69015235240465,70.10322561765788,375.83896538301724,median,670.255623,234.97767694622758,1908.4353213409797
MPL-0559,S1:7.4,2015-07-29,29.007175,-137.46765,5,4,S1_trawl_5_to_50:2015-07-29,346.454898,670.255623,234.97767694622758,1908.4353213409797,random_forest|spatial_weather_no_season,292.78787853303214,126.61467633126304,675.3431922899852,median,670.255623,234.97767694622758,1908.4353213409797
MPL-0563,S1:11.4,2015-07-29,29.0174845,-139.833862,5,4,S1_trawl_5_to_50:2015-07-29,66.287879,670.255623,234.97767694622758,1908.4353213409797,random_forest|spatial_weather_no_season,332.5464564908571,143.88488530929837,766.8733250891236,median,670.255623,234.97767694622758,1908.4353213409797
MPL-0566,S1:12.3,2015-07-30,28.99819,-140.4820415,5,1,S1_trawl_5_to_50:2015-07-30,86.517306,500.2044065,177.80932000000004,1403.8812281989406,catboost|spatial_geography_no_season,258.2348750205228,122.7908626434366,541.873027878275,median,500.2044065,177.80932000000004,1403.8812281989406
MPL-0569,S1:13.3,2015-07-30,28.99935,-141.0904165,5,1,S1_trawl_5_to_50:2015-07-30,58.416996,500.2044065,177.80932000000004,1403.8812281989406,catboost|spatial_geography_no_season,253.99385563151301,120.76567429402374,532.9917574210499,median,500.2044065,177.80932000000004,1403.8812281989406
MPL-0570,S1:14.3,2015-07-30,29.00124,-141.6246665,5,1,S1_trawl_5_to_50:2015-07-30,225.114268,500.2044065,177.80932000000004,1403.8812281989406,catboost|spatial_geography_no_season,217.37629581462505,103.27991232904374,456.30961513701465,median,500.2044065,177.80932000000004,1403.8812281989406
MPL-0573,S1:17.4,2015-07-31,28.987515,-143.5660835,5,0,S1_trawl_5_to_50:2015-07-31,150.661497,659.544272,218.0113161475072,1991.220050301616,ensemble|all,399.5765335543586,166.51038573094502,956.9200628918577,median,659.544272,218.0113161475072,1991.220050301616
MPL-0574,S1:17.3,2015-07-31,28.98866,-143.5482335,5,0,S1_trawl_5_to_50:2015-07-31,201.055457,659.544272,218.0113161475072,1991.220050301616,ensemble|all,400.3673704211855,166.84109254354078,958.8112333368315,median,659.544272,218.0113161475072,1991.220050301616
MPL-0577,S1:15.3,2015-07-31,29.00566,-142.3245335,5,0,S1_trawl_5_to_50:2015-07-31,141.836664,659.544272,218.0113161475072,1991.220050301616,ensemble|all,340.75344867546727,141.9121459126605,816.2532777791591,median,659.544272,218.0113161475072,1991.220050301616
MPL-0581,S1:16.3,2015-07-31,29.00719,-142.9808085,5,0,S1_trawl_5_to_50:2015-07-31,315.828009,659.544272,218.0113161475072,1991.220050301616,ensemble|all,383.9907923672995,159.99284588660797,919.6490474241035,median,659.544272,218.0113161475072,1991.220050301616
MPL-0588,S1:20.4,2015-08-01,30.006425,-141.7679665,5,1,S1_trawl_5_to_50:2015-08-01,659.544272,500.2044065,177.80932000000004,1403.8812281989406,catboost|spatial_geography_no_season,638.3809118619898,304.319701413156,1337.9504462415093,median,500.2044065,177.80932000000004,1403.8812281989406
MPL-0590,S1:19.4,2015-08-01,30.010985,-142.26325,5,1,S1_trawl_5_to_50:2015-08-01,2109.259348,500.2044065,177.80932000000004,1403.8812281989406,catboost|spatial_geography_no_season,514.5397337072511,245.18257230064378,1078.610203708349,median,500.2044065,177.80932000000004,1403.8812281989406
MPL-0593,S1:18.4,2015-08-01,30.023565,-142.7086915,5,1,S1_trawl_5_to_50:2015-08-01,1162.176439,500.2044065,177.80932000000004,1403.8812281989406,catboost|spatial_geography_no_season,509.71785479218903,242.88000961338776,1068.5125345329539,median,500.2044065,177.80932000000004,1403.8812281989406
MPL-0596,S1:24.4,2015-08-02,29.9806,-139.8215915,5,2,S1_trawl_5_to_50:2015-08-02,495.219971,646.404545,176.11893307978156,2365.390975818844,random_forest|spatial_weather_no_season,334.32352424853406,121.85019080380025,914.2762822650735,median,646.404545,176.11893307978156,2365.390975818844
MPL-0597,S1:21.4,2015-08-02,29.998635,-141.3439415,5,2,S1_trawl_5_to_50:2015-08-02,844.062324,646.404545,176.11893307978156,2365.390975818844,random_forest|spatial_weather_no_season,319.970127913642,116.59163495873783,875.0982279823681,median,646.404545,176.11893307978156,2365.390975818844
MPL-0599,S1:22.4,2015-08-02,29.999935,-140.8015085,5,2,S1_trawl_5_to_50:2015-08-02,724.645668,646.404545,176.11893307978156,2365.390975818844,random_forest|spatial_weather_no_season,835.4267611199523,305.4359633797449,2282.0535913653052,median,646.404545,176.11893307978156,2365.390975818844
MPL-0603,S1:27.3,2015-08-03,29.985215,-138.2296,5,0,S1_trawl_5_to_50:2015-08-03,423.877587,659.544272,218.0113161475072,1991.220050301616,ensemble|all,460.57654154450165,192.01895653351545,1102.7926405284911,median,659.544272,218.0113161475072,1991.220050301616
MPL-0606,S1:26.3,2015-08-03,30.00074,-138.767875,5,0,S1_trawl_5_to_50:2015-08-03,529.96366,659.544272,218.0113161475072,1991.220050301616,ensemble|all,462.03462277083105,192.62868707984148,1106.2794280535454,median,659.544272,218.0113161475072,1991.220050301616
MPL-0607,S1:25.3,2015-08-03,30.00105,-139.342975,5,0,S1_trawl_5_to_50:2015-08-03,1719.436293,659.544272,218.0113161475072,1991.220050301616,ensemble|all,441.58921605368516,184.07896516970763,1057.3872348075818,median,659.544272,218.0113161475072,1991.220050301616
MPL-0610,S1:28.3,2015-08-03,30.003565,-137.7446665,5,0,S1_trawl_5_to_50:2015-08-03,505.188842,659.544272,218.0113161475072,1991.220050301616,ensemble|all,592.8976885327764,247.35211890249664,1419.2192677206463,median,659.544272,218.0113161475072,1991.220050301616
MPL-0618,S1:31.4,2015-08-04,29.996715,-136.0622665,5,3,S1_trawl_5_to_50:2015-08-04,246.22585,596.5531225,211.89170088825043,1676.2365137752859,random_forest|spatial_weather_no_season,556.4658961981569,226.51314924298802,1364.9352281749148,median,596.5531225,211.89170088825043,1676.2365137752859
MPL-0621,S1:30.4,2015-08-04,30.00139,-136.6523,5,3,S1_trawl_5_to_50:2015-08-04,720.647461,596.5531225,211.89170088825043,1676.2365137752859,random_forest|spatial_weather_no_season,586.0007122977507,238.5669072736722,1437.3031452856012,median,596.5531225,211.89170088825043,1676.2365137752859
MPL-0622,S1:29.3,2015-08-04,30.002915,-137.2931585,5,3,S1_trawl_5_to_50:2015-08-04,646.404545,596.5531225,211.89170088825043,1676.2365137752859,random_forest|spatial_weather_no_season,578.694463116602,235.58507866013085,1419.400950352393,median,596.5531225,211.89170088825043,1676.2365137752859
MPL-0623,S1:30.3,2015-08-04,30.00491,-136.6517,5,3,S1_trawl_5_to_50:2015-08-04,490.394472,596.5531225,211.89170088825043,1676.2365137752859,random_forest|spatial_weather_no_season,592.7448845160854,241.3193408680763,1453.8281066881323,median,596.5531225,211.89170088825043,1676.2365137752859
MPL-0627,S1:32.4,2015-08-04,30.015125,-135.476125,5,3,S1_trawl_5_to_50:2015-08-04,949.556256,596.5531225,211.89170088825043,1676.2365137752859,random_forest|spatial_weather_no_season,613.1056470867545,249.62898141296637,1503.717226466495,median,596.5531225,211.89170088825043,1676.2365137752859
MPL-0631,S1:34.4,2015-08-05,30.000825,-134.268275,5,2,S1_trawl_5_to_50:2015-08-05,373.240546,646.404545,176.11893307978156,2365.390975818844,random_forest|spatial_weather_no_season,266.8695794412671,97.13754945657456,730.1585829009537,median,646.404545,176.11893307978156,2365.390975818844
MPL-0634,S1:33.4,2015-08-05,30.00406,-134.8896165,5,2,S1_trawl_5_to_50:2015-08-05,633.666764,646.404545,176.11893307978156,2365.390975818844,random_forest|spatial_weather_no_season,414.45008086189006,151.20561044058798,1132.98428079314,median,646.404545,176.11893307978156,2365.390975818844
MPL-0637,S1:35.4,2015-08-05,30.998235,-134.2625085,5,2,S1_trawl_5_to_50:2015-08-05,828.098322,646.404545,176.11893307978156,2365.390975818844,random_forest|spatial_weather_no_season,263.34912508950435,95.8477846248368,720.5493901722708,median,646.404545,176.11893307978156,2365.390975818844
MPL-0640,S1:39.3,2015-08-06,30.97964,-136.3260415,5,3,S1_trawl_5_to_50:2015-08-06,721.013939,596.5531225,211.89170088825043,1676.2365137752859,random_forest|spatial_weather_no_season,718.3782404016175,292.59286386278575,1761.662232162393,median,596.5531225,211.89170088825043,1676.2365137752859
MPL-0642,S1:38.3,2015-08-06,30.991785,-135.9519665,5,3,S1_trawl_5_to_50:2015-08-06,846.359613,596.5531225,211.89170088825043,1676.2365137752859,random_forest|spatial_weather_no_season,658.6753457560844,268.2269005413285,1615.3747416154172,median,596.5531225,211.89170088825043,1676.2365137752859
MPL-0647,S1:36.3,2015-08-06,30.997975,-134.8475585,5,3,S1_trawl_5_to_50:2015-08-06,347.331302,596.5531225,211.89170088825043,1676.2365137752859,random_forest|spatial_weather_no_season,524.6558148589606,213.53080927831402,1286.9923243871776,median,596.5531225,211.89170088825043,1676.2365137752859
MPL-0648,S1:37.3,2015-08-06,31.000565,-135.4216585,5,3,S1_trawl_5_to_50:2015-08-06,1104.538559,596.5531225,211.89170088825043,1676.2365137752859,random_forest|spatial_weather_no_season,531.6291903099584,216.37678536497725,1304.078892826195,median,596.5531225,211.89170088825043,1676.2365137752859
MPL-0654,S1:41.3,2015-08-07,30.965825,-137.3956835,5,1,S1_trawl_5_to_50:2015-08-07,2209.120417,500.2044065,177.80932000000004,1403.8812281989406,catboost|spatial_geography_no_season,548.7267957204593,261.5077133432009,1150.2025535721682,median,500.2044065,177.80932000000004,1403.8812281989406
MPL-0656,S1:42.3,2015-08-07,30.988835,-137.914525,5,1,S1_trawl_5_to_50:2015-08-07,1706.702091,500.2044065,177.80932000000004,1403.8812281989406,catboost|spatial_geography_no_season,579.3952789028531,276.1526487085282,1214.4265216024805,median,500.2044065,177.80932000000004,1403.8812281989406
MPL-0658,S1:42.4,2015-08-07,30.98994,-137.91355,5,1,S1_trawl_5_to_50:2015-08-07,1197.871844,500.2044065,177.80932000000004,1403.8812281989406,catboost|spatial_geography_no_season,579.3952789028531,276.1526487085282,1214.4265216024805,median,500.2044065,177.80932000000004,1403.8812281989406
MPL-0660,S1:43.4,2015-08-07,31.001675,-138.493,5,1,S1_trawl_5_to_50:2015-08-07,351.925224,500.2044065,177.80932000000004,1403.8812281989406,catboost|spatial_geography_no_season,668.7987303101446,318.84493836335577,1401.6494882824159,median,500.2044065,177.80932000000004,1403.8812281989406
MPL-0666,S1:45.4,2015-08-08,30.987735,-139.5542835,5,1,S1_trawl_5_to_50:2015-08-08,1035.855936,500.2044065,177.80932000000004,1403.8812281989406,catboost|spatial_geography_no_season,724.692330614482,345.53547140746724,1518.6982766980623,median,500.2044065,177.80932000000004,1403.8812281989406
MPL-0668,S1:44.4,2015-08-08,30.99416,-139.0254165,5,1,S1_trawl_5_to_50:2015-08-08,729.389849,500.2044065,177.80932000000004,1403.8812281989406,catboost|spatial_geography_no_season,708.00030740512,337.5646304772583,1483.7429136113503,median,500.2044065,177.80932000000004,1403.8812281989406
MPL-0669,S1:47.4,2015-08-08,30.99445,-140.6223835,5,1,S1_trawl_5_to_50:2015-08-08,1077.945907,500.2044065,177.80932000000004,1403.8812281989406,catboost|spatial_geography_no_season,1268.7157915072632,605.3197057503727,2657.957272727442,median,500.2044065,177.80932000000004,1403.8812281989406
MPL-0671,S1:46.4,2015-08-08,30.999525,-140.084,5,1,S1_trawl_5_to_50:2015-08-08,747.327276,500.2044065,177.80932000000004,1403.8812281989406,catboost|spatial_geography_no_season,960.5852453379396,458.17998886592903,2012.6900702822281,median,500.2044065,177.80932000000004,1403.8812281989406
MPL-0677,S1:48.4,2015-08-09,30.97485,-141.2498415,5,2,S1_trawl_5_to_50:2015-08-09,1380.789998,646.404545,176.11893307978156,2365.390975818844,random_forest|spatial_weather_no_season,809.0369617446697,295.76771270812014,2210.0217900890325,median,646.404545,176.11893307978156,2365.390975818844
MPL-0680,S1:51.3,2015-08-09,30.9897265,-142.8742845,5,2,S1_trawl_5_to_50:2015-08-09,680.966974,646.404545,176.11893307978156,2365.390975818844,random_forest|spatial_weather_no_season,853.0388502344521,311.8883842560273,2330.126351794999,median,646.404545,176.11893307978156,2365.390975818844
MPL-0684,S1:49.3,2015-08-09,30.991625,-141.8085085,5,2,S1_trawl_5_to_50:2015-08-09,1819.989117,646.404545,176.11893307978156,2365.390975818844,random_forest|spatial_weather_no_season,815.7484118816894,298.22654088532835,2228.340907853839,median,646.404545,176.11893307978156,2365.390975818844
MPL-0687,S1:50.3,2015-08-09,30.996965,-142.37745,5,2,S1_trawl_5_to_50:2015-08-09,280.885892,646.404545,176.11893307978156,2365.390975818844,random_forest|spatial_weather_no_season,844.0846853593906,308.6079079880555,2305.685672436159,median,646.404545,176.11893307978156,2365.390975818844
MPL-0691,S1:52.3,2015-08-10,31.00401,-143.3006915,5,2,S1_trawl_5_to_50:2015-08-10,559.439481,646.404545,176.11893307978156,2365.390975818844,random_forest|spatial_weather_no_season,995.8073526115714,364.1935059951222,2719.817544421946,median,646.404545,176.11893307978156,2365.390975818844
MPL-0694,S1:53.3,2015-08-10,31.00916,-143.842775,5,2,S1_trawl_5_to_50:2015-08-10,349.268718,646.404545,176.11893307978156,2365.390975818844,random_forest|spatial_weather_no_season,984.6601259656667,360.10957265506937,2689.3908328308207,median,646.404545,176.11893307978156,2365.390975818844
MPL-0699,S1:54.4,2015-08-10,32.023415,-143.6277915,5,2,S1_trawl_5_to_50:2015-08-10,741.629573,646.404545,176.11893307978156,2365.390975818844,random_forest|spatial_weather_no_season,888.1394797847641,324.7479623224719,2425.934642585125,median,646.404545,176.11893307978156,2365.390975818844
MPL-0701,S1:54.3,2015-08-10,32.028835,-143.6377665,5,2,S1_trawl_5_to_50:2015-08-10,439.780685,646.404545,176.11893307978156,2365.390975818844,random_forest|spatial_weather_no_season,888.1394797847641,324.7479623224719,2425.934642585125,median,646.404545,176.11893307978156,2365.390975818844
MPL-0705,S1:57.4,2015-08-11,32.003635,-142.0377085,5,3,S1_trawl_5_to_50:2015-08-11,1292.557215,596.5531225,211.89170088825043,1676.2365137752859,random_forest|spatial_weather_no_season,745.5654969104919,303.688535167156,1828.2780227895184,median,596.5531225,211.89170088825043,1676.2365137752859
MPL-0710,S1:58.4,2015-08-11,32.01739,-141.4973835,5,3,S1_trawl_5_to_50:2015-08-11,1849.2198,596.5531225,211.89170088825043,1676.2365137752859,random_forest|spatial_weather_no_season,927.9417763165931,378.1199971774384,2275.1469461141382,median,596.5531225,211.89170088825043,1676.2365137752859
MPL-0711,S1:56.4,2015-08-11,32.01915,-142.5771415,5,3,S1_trawl_5_to_50:2015-08-11,961.750609,596.5531225,211.89170088825043,1676.2365137752859,random_forest|spatial_weather_no_season,709.6725621330371,289.03989982913134,1740.3310750220037,median,596.5531225,211.89170088825043,1676.2365137752859
MPL-0715,S1:55.4,2015-08-11,32.021825,-143.1047085,5,3,S1_trawl_5_to_50:2015-08-11,937.233371,596.5531225,211.89170088825043,1676.2365137752859,random_forest|spatial_weather_no_season,687.7034122171183,280.0738437570925,1686.50099140996,median,596.5531225,211.89170088825043,1676.2365137752859
MPL-0716,S1:61.3,2015-08-12,31.99739,-139.8349335,5,1,S1_trawl_5_to_50:2015-08-12,969.284957,500.2044065,177.80932000000004,1403.8812281989406,catboost|spatial_geography_no_season,719.0239205061702,342.82866979727055,1506.827856259796,median,500.2044065,177.80932000000004,1403.8812281989406
MPL-0721,S1:60.4,2015-08-12,32.00135,-140.3389585,5,1,S1_trawl_5_to_50:2015-08-12,1390.855413,500.2044065,177.80932000000004,1403.8812281989406,catboost|spatial_geography_no_season,758.1317345760516,361.50358782065183,1588.7249290827963,median,500.2044065,177.80932000000004,1403.8812281989406
MPL-0724,S1:62.3,2015-08-12,32.007425,-139.3066335,5,1,S1_trawl_5_to_50:2015-08-12,883.382867,500.2044065,177.80932000000004,1403.8812281989406,catboost|spatial_geography_no_season,726.3329641545054,346.3189132232537,1522.1339861003587,median,500.2044065,177.80932000000004,1403.8812281989406
MPL-0725,S1:66.4,2015-08-13,31.994635,-137.2262165,5,0,S1_trawl_5_to_50:2015-08-13,940.427881,659.544272,218.0113161475072,1991.220050301616,ensemble|all,857.2143856400016,357.8822877436337,2051.2939049184406,median,659.544272,218.0113161475072,1991.220050301616
MPL-0726,S1:65.3,2015-08-13,31.9947,-137.7624415,5,0,S1_trawl_5_to_50:2015-08-13,254.925782,659.544272,218.0113161475072,1991.220050301616,ensemble|all,812.7379417762967,339.28342923975947,1944.9350088416068,median,659.544272,218.0113161475072,1991.220050301616
MPL-0727,S1:66.3,2015-08-13,31.99716,-137.2263335,5,0,S1_trawl_5_to_50:2015-08-13,942.476591,659.544272,218.0113161475072,1991.220050301616,ensemble|all,857.1459252598991,357.8536594448751,2051.13019195445,median,659.544272,218.0113161475072,1991.220050301616
MPL-0736,S1:64.3,2015-08-13,32.007085,-138.2743415,5,0,S1_trawl_5_to_50:2015-08-13,926.093191,659.544272,218.0113161475072,1991.220050301616,ensemble|all,808.2793082016215,337.4189480049259,1934.272840200904,median,659.544272,218.0113161475072,1991.220050301616
MPL-0738,S1:63.3,2015-08-13,32.0156,-138.781625,5,0,S1_trawl_5_to_50:2015-08-13,473.750303,659.544272,218.0113161475072,1991.220050301616,ensemble|all,821.440619637554,342.9226562121841,1965.746187295354,median,659.544272,218.0113161475072,1991.220050301616
MPL-0739,S1:69.4,2015-08-14,31.99764,-135.6463915,5,0,S1_trawl_5_to_50:2015-08-14,1171.220722,659.544272,218.0113161475072,1991.220050301616,ensemble|all,818.7716396092852,341.80656019408616,1959.3637127808067,median,659.544272,218.0113161475072,1991.220050301616
MPL-0742,S1:68.4,2015-08-14,32.001165,-136.1661665,5,0,S1_trawl_5_to_50:2015-08-14,470.658241,659.544272,218.0113161475072,1991.220050301616,ensemble|all,857.6956754823096,358.0835502749608,2052.44483902814,median,659.544272,218.0113161475072,1991.220050301616
MPL-0747,S1:70.4,2015-08-14,32.00864,-135.113225,5,0,S1_trawl_5_to_50:2015-08-14,727.272727,659.544272,218.0113161475072,1991.220050301616,ensemble|all,789.3515755084026,329.5038767541956,1889.0099419202486,median,659.544272,218.0113161475072,1991.220050301616
MPL-0751,S1:67.4,2015-08-14,32.01855,-136.6982335,5,0,S1_trawl_5_to_50:2015-08-14,1425.853627,659.544272,218.0113161475072,1991.220050301616,ensemble|all,901.6720973651094,376.47331296847346,2157.6080058316043,median,659.544272,218.0113161475072,1991.220050301616
MPL-0753,S1:71.4,2015-08-15,32.008585,-134.5978585,5,0,S1_trawl_5_to_50:2015-08-15,290.674527,659.544272,218.0113161475072,1991.220050301616,ensemble|all,739.9547404372677,308.8474423314567,1770.884651509099,median,659.544272,218.0113161475072,1991.220050301616
MPL-0755,S1:72.4,2015-08-15,32.996175,-134.1399,5,0,S1_trawl_5_to_50:2015-08-15,71.74788,659.544272,218.0113161475072,1991.220050301616,ensemble|all,840.2766833874566,350.799393964149,2010.7898727350384,median,659.544272,218.0113161475072,1991.220050301616
MPL-0756,S1:73.3,2015-08-15,32.99759,-134.7286085,5,0,S1_trawl_5_to_50:2015-08-15,1417.506452,659.544272,218.0113161475072,1991.220050301616,ensemble|all,905.3837387463831,378.0254220597259,2166.4838521370125,median,659.544272,218.0113161475072,1991.220050301616
MPL-0762,S1:74.3,2015-08-16,32.987775,-135.2962085,5,4,S1_trawl_5_to_50:2015-08-16,1026.323987,670.255623,234.97767694622758,1908.4353213409797,random_forest|spatial_weather_no_season,740.9430486504789,321.28294265420385,1707.062744206132,median,670.255623,234.97767694622758,1908.4353213409797
MPL-0763,S1:75.3,2015-08-16,32.996535,-136.8875415,5,4,S1_trawl_5_to_50:2015-08-16,1518.942464,670.255623,234.97767694622758,1908.4353213409797,random_forest|spatial_weather_no_season,734.5974623032109,318.5265663466373,1692.4542649574537,median,670.255623,234.97767694622758,1908.4353213409797
MPL-0768,S1:77.3,2015-08-17,32.98329,-138.0048415,5,4,S1_trawl_5_to_50:2015-08-17,376.349309,670.255623,234.97767694622758,1908.4353213409797,random_forest|spatial_weather_no_season,572.1693856516883,247.97155729556425,1318.5207846908015,median,670.255623,234.97767694622758,1908.4353213409797
MPL-0770,S1:78.3,2015-08-17,32.9915,-139.571725,5,4,S1_trawl_5_to_50:2015-08-17,748.005286,670.255623,234.97767694622758,1908.4353213409797,random_forest|spatial_weather_no_season,586.2325161952496,254.08025674729836,1350.8961932778293,median,670.255623,234.97767694622758,1908.4353213409797
MPL-0777,S1:79.4,2015-08-18,33.786985,-138.3120665,5,2,S1_trawl_5_to_50:2015-08-18,552.015861,646.404545,176.11893307978156,2365.390975818844,random_forest|spatial_weather_no_season,655.8864130250323,239.6589915139303,1791.992469977655,median,646.404545,176.11893307978156,2365.390975818844
MPL-0778,S1:79.3,2015-08-18,33.7888,-138.313375,5,2,S1_trawl_5_to_50:2015-08-18,361.510331,646.404545,176.11893307978156,2365.390975818844,random_forest|spatial_weather_no_season,655.8864130250323,239.6589915139303,1791.992469977655,median,646.404545,176.11893307978156,2365.390975818844
MPL-0526,S1:0.1,2015-07-25,33.1895665,-128.790017,6,0,S1_trawl_5_to_50:2015-07-25,91.014999,680.966974,267.06441733038486,1733.9522113317826,catboost|all,224.94484799568377,100.82500049203432,500.36090438601394,median,680.966974,267.06441733038486,1733.9522113317826
MPL-0530,S1:2.3,2015-07-27,29.054015,-134.546025,6,4,S1_trawl_5_to_50:2015-07-27,61.817996,720.647461,263.0249512735725,1971.4463746918354,ensemble|spatial,321.5631408389218,132.97798340528058,775.5975959880674,median,720.647461,263.0249512735725,1971.4463746918354
MPL-0531,S1:1.3,2015-07-27,29.07234,-134.05625,6,4,S1_trawl_5_to_50:2015-07-27,152.892947,720.647461,263.0249512735725,1971.4463746918354,ensemble|spatial,320.5886321828945,132.5732170571915,773.2513853281263,median,720.647461,263.0249512735725,1971.4463746918354
MPL-0535,S1:4.3,2015-07-28,28.988125,-135.6992415,6,1,S1_trawl_5_to_50:2015-07-28,255.766117,646.404545,179.6835550671154,2318.705546699968,random_forest|spatial_geography_no_season,186.03195731617996,73.88364018776129,466.13745445348314,median,646.404545,179.6835550671154,2318.705546699968
MPL-0543,S1:3.3,2015-07-28,29.00679,-135.1118335,6,1,S1_trawl_5_to_50:2015-07-28,177.80932,646.404545,179.6835550671154,2318.705546699968,random_forest|spatial_geography_no_season,216.08436342995589,85.91598802014849,541.1973784025179,median,646.404545,179.6835550671154,2318.705546699968
MPL-0544,S1:6.4,2015-07-28,29.0074,-136.8627915,6,1,S1_trawl_5_to_50:2015-07-28,348.007734,646.404545,179.6835550671154,2318.705546699968,random_forest|spatial_geography_no_season,244.3959313120945,97.25134104141553,611.90932486251,median,646.404545,179.6835550671154,2318.705546699968
MPL-0545,S1:6.3,2015-07-28,29.00841,-136.8621665,6,1,S1_trawl_5_to_50:2015-07-28,340.282743,646.404545,179.6835550671154,2318.705546699968,random_forest|spatial_geography_no_season,244.3959313120945,97.25134104141553,611.90932486251,median,646.404545,179.6835550671154,2318.705546699968
MPL-0546,S1:5.3,2015-07-28,29.00875,-136.26805,6,1,S1_trawl_5_to_50:2015-07-28,346.539186,646.404545,179.6835550671154,2318.705546699968,random_forest|spatial_geography_no_season,237.0158220197474,94.29650136201136,593.4765098618764,median,646.404545,179.6835550671154,2318.705546699968
MPL-0551,S1:9.4,2015-07-29,28.999935,-138.5806,6,4,S1_trawl_5_to_50:2015-07-29,415.473402,720.647461,263.0249512735725,1971.4463746918354,ensemble|spatial,214.53176876962596,88.5220441629683,517.9106636617627,median,720.647461,263.0249512735725,1971.4463746918354
MPL-0554,S1:10.4,2015-07-29,29.000435,-139.1930835,6,4,S1_trawl_5_to_50:2015-07-29,422.521177,720.647461,263.0249512735725,1971.4463746918354,ensemble|spatial,227.24417987317725,93.80219861410325,548.516850954439,median,720.647461,263.0249512735725,1971.4463746918354
MPL-0555,S1:8.4,2015-07-29,29.00169,-138.0501585,6,4,S1_trawl_5_to_50:2015-07-29,257.163107,720.647461,263.0249512735725,1971.4463746918354,ensemble|spatial,256.6924161167747,106.03364978517708,619.4159295453395,median,720.647461,263.0249512735725,1971.4463746918354
MPL-0559,S1:7.4,2015-07-29,29.007175,-137.46765,6,4,S1_trawl_5_to_50:2015-07-29,346.454898,720.647461,263.0249512735725,1971.4463746918354,ensemble|spatial,335.03211033784646,138.57237762936927,808.0252605566143,median,720.647461,263.0249512735725,1971.4463746918354
MPL-0563,S1:11.4,2015-07-29,29.0174845,-139.833862,6,4,S1_trawl_5_to_50:2015-07-29,66.287879,720.647461,263.0249512735725,1971.4463746918354,ensemble|spatial,271.8352556534589,112.32329310548386,655.8735754810682,median,720.647461,263.0249512735725,1971.4463746918354
MPL-0566,S1:12.3,2015-07-30,28.99819,-140.4820415,6,0,S1_trawl_5_to_50:2015-07-30,86.517306,680.966974,267.06441733038486,1733.9522113317826,catboost|all,466.3202414612941,209.6039780895685,1035.961457520822,median,680.966974,267.06441733038486,1733.9522113317826
MPL-0569,S1:13.3,2015-07-30,28.99935,-141.0904165,6,0,S1_trawl_5_to_50:2015-07-30,58.416996,680.966974,267.06441733038486,1733.9522113317826,catboost|all,559.1894545178137,251.4567034296727,1242.033837841366,median,680.966974,267.06441733038486,1733.9522113317826
MPL-0570,S1:14.3,2015-07-30,29.00124,-141.6246665,6,0,S1_trawl_5_to_50:2015-07-30,225.114268,680.966974,267.06441733038486,1733.9522113317826,catboost|all,526.4744270945447,236.7132484979855,1169.440743192637,median,680.966974,267.06441733038486,1733.9522113317826
MPL-0573,S1:17.4,2015-07-31,28.987515,-143.5660835,6,0,S1_trawl_5_to_50:2015-07-31,150.661497,680.966974,267.06441733038486,1733.9522113317826,catboost|all,564.7202851341532,253.9492445751158,1254.3064887312275,median,680.966974,267.06441733038486,1733.9522113317826
MPL-0574,S1:17.3,2015-07-31,28.98866,-143.5482335,6,0,S1_trawl_5_to_50:2015-07-31,201.055457,680.966974,267.06441733038486,1733.9522113317826,catboost|all,564.9732677974616,254.06325452065948,1254.8678452657778,median,680.966974,267.06441733038486,1733.9522113317826
MPL-0577,S1:15.3,2015-07-31,29.00566,-142.3245335,6,0,S1_trawl_5_to_50:2015-07-31,141.836664,680.966974,267.06441733038486,1733.9522113317826,catboost|all,569.0149731289796,255.88470188279774,1263.8361977564275,median,680.966974,267.06441733038486,1733.9522113317826
MPL-0581,S1:16.3,2015-07-31,29.00719,-142.9808085,6,0,S1_trawl_5_to_50:2015-07-31,315.828009,680.966974,267.06441733038486,1733.9522113317826,catboost|all,582.6693118044808,262.0382081684462,1294.134527848349,median,680.966974,267.06441733038486,1733.9522113317826
MPL-0588,S1:20.4,2015-08-01,30.006425,-141.7679665,6,2,S1_trawl_5_to_50:2015-08-01,659.544272,495.219971,143.19040704872035,1706.702091,ensemble|spatial_season,477.82071146989927,241.7446755658909,943.4873433292149,median,495.219971,143.19040704872035,1706.702091
MPL-0590,S1:19.4,2015-08-01,30.010985,-142.26325,6,2,S1_trawl_5_to_50:2015-08-01,2109.259348,495.219971,143.19040704872035,1706.702091,ensemble|spatial_season,405.226895668047,204.94225277424763,800.293996453425,median,495.219971,143.19040704872035,1706.702091
MPL-0593,S1:18.4,2015-08-01,30.023565,-142.7086915,6,2,S1_trawl_5_to_50:2015-08-01,1162.176439,495.219971,143.19040704872035,1706.702091,ensemble|spatial_season,367.0575010004405,185.59175873088992,725.00379011414,median,495.219971,143.19040704872035,1706.702091
MPL-0596,S1:24.4,2015-08-02,29.9806,-139.8215915,6,1,S1_trawl_5_to_50:2015-08-02,495.219971,646.404545,179.6835550671154,2318.705546699968,random_forest|spatial_geography_no_season,358.13036370764036,142.7882024135578,895.9763580869485,median,646.404545,179.6835550671154,2318.705546699968
MPL-0597,S1:21.4,2015-08-02,29.998635,-141.3439415,6,1,S1_trawl_5_to_50:2015-08-02,844.062324,646.404545,179.6835550671154,2318.705546699968,random_forest|spatial_geography_no_season,294.3101848810814,117.2359525384869,736.5768826838978,median,646.404545,179.6835550671154,2318.705546699968
MPL-0599,S1:22.4,2015-08-02,29.999935,-140.8015085,6,1,S1_trawl_5_to_50:2015-08-02,724.645668,646.404545,179.6835550671154,2318.705546699968,random_forest|spatial_geography_no_season,885.8074764855714,354.0589585751893,2213.9208782297746,median,646.404545,179.6835550671154,2318.705546699968
MPL-0603,S1:27.3,2015-08-03,29.985215,-138.2296,6,4,S1_trawl_5_to_50:2015-08-03,423.877587,720.647461,263.0249512735725,1971.4463746918354,ensemble|spatial,527.6378791634021,218.57200942969885,1271.739672111325,median,720.647461,263.0249512735725,1971.4463746918354
MPL-0606,S1:26.3,2015-08-03,30.00074,-138.767875,6,4,S1_trawl_5_to_50:2015-08-03,529.96366,720.647461,263.0249512735725,1971.4463746918354,ensemble|spatial,635.2169228683387,263.25542643379316,1530.7451694619015,median,720.647461,263.0249512735725,1971.4463746918354
MPL-0607,S1:25.3,2015-08-03,30.00105,-139.342975,6,4,S1_trawl_5_to_50:2015-08-03,1719.436293,720.647461,263.0249512735725,1971.4463746918354,ensemble|spatial,635.1871903292842,263.2430768962308,1530.6735859006421,median,720.647461,263.0249512735725,1971.4463746918354
MPL-0610,S1:28.3,2015-08-03,30.003565,-137.7446665,6,4,S1_trawl_5_to_50:2015-08-03,505.188842,720.647461,263.0249512735725,1971.4463746918354,ensemble|spatial,710.25270315991,294.4218594631846,1711.4000528313024,median,720.647461,263.0249512735725,1971.4463746918354
MPL-0618,S1:31.4,2015-08-04,29.996715,-136.0622665,6,2,S1_trawl_5_to_50:2015-08-04,246.22585,495.219971,143.19040704872035,1706.702091,ensemble|spatial_season,603.7535472965021,305.5880404069355,1191.8934099395135,median,495.219971,143.19040704872035,1706.702091
MPL-0621,S1:30.4,2015-08-04,30.00139,-136.6523,6,2,S1_trawl_5_to_50:2015-08-04,720.647461,495.219971,143.19040704872035,1706.702091,ensemble|spatial_season,663.1837094026533,335.71696982395986,1309.121079037098,median,495.219971,143.19040704872035,1706.702091
MPL-0622,S1:29.3,2015-08-04,30.002915,-137.2931585,6,2,S1_trawl_5_to_50:2015-08-04,646.404545,495.219971,143.19040704872035,1706.702091,ensemble|spatial_season,702.9431143634408,355.8735412226178,1387.5476254755038,median,495.219971,143.19040704872035,1706.702091
MPL-0623,S1:30.3,2015-08-04,30.00491,-136.6517,6,2,S1_trawl_5_to_50:2015-08-04,490.394472,495.219971,143.19040704872035,1706.702091,ensemble|spatial_season,669.8114346696839,339.07698533946734,1322.194453851143,median,495.219971,143.19040704872035,1706.702091
MPL-0627,S1:32.4,2015-08-04,30.015125,-135.476125,6,2,S1_trawl_5_to_50:2015-08-04,949.556256,495.219971,143.19040704872035,1706.702091,ensemble|spatial_season,638.1372590728889,323.0193309922735,1259.7162501207251,median,495.219971,143.19040704872035,1706.702091
MPL-0631,S1:34.4,2015-08-05,30.000825,-134.268275,6,3,S1_trawl_5_to_50:2015-08-05,373.240546,500.2044065,140.3443305559829,1776.2616425921744,ensemble|spatial,278.9826317691494,110.03873938873579,704.9722987122756,median,500.2044065,140.3443305559829,1776.2616425921744
MPL-0634,S1:33.4,2015-08-05,30.00406,-134.8896165,6,3,S1_trawl_5_to_50:2015-08-05,633.666764,500.2044065,140.3443305559829,1776.2616425921744,ensemble|spatial,446.7667412955388,176.58049554535717,1128.037589374313,median,500.2044065,140.3443305559829,1776.2616425921744
MPL-0637,S1:35.4,2015-08-05,30.998235,-134.2625085,6,3,S1_trawl_5_to_50:2015-08-05,828.098322,500.2044065,140.3443305559829,1776.2616425921744,ensemble|spatial,325.65871632847364,128.55007902548422,822.6653945411776,median,500.2044065,140.3443305559829,1776.2616425921744
MPL-0640,S1:39.3,2015-08-06,30.97964,-136.3260415,6,3,S1_trawl_5_to_50:2015-08-06,721.013939,500.2044065,140.3443305559829,1776.2616425921744,ensemble|spatial,869.4566706786064,344.21573996904795,2193.844347470422,median,500.2044065,140.3443305559829,1776.2616425921744
MPL-0642,S1:38.3,2015-08-06,30.991785,-135.9519665,6,3,S1_trawl_5_to_50:2015-08-06,846.359613,500.2044065,140.3443305559829,1776.2616425921744,ensemble|spatial,797.5834949961688,315.7114474948518,2012.6171380122362,median,500.2044065,140.3443305559829,1776.2616425921744
MPL-0647,S1:36.3,2015-08-06,30.997975,-134.8475585,6,3,S1_trawl_5_to_50:2015-08-06,347.331302,500.2044065,140.3443305559829,1776.2616425921744,ensemble|spatial,530.5200777205222,209.7963591061324,1339.2204583514135,median,500.2044065,140.3443305559829,1776.2616425921744
MPL-0648,S1:37.3,2015-08-06,31.000565,-135.4216585,6,3,S1_trawl_5_to_50:2015-08-06,1104.538559,500.2044065,140.3443305559829,1776.2616425921744,ensemble|spatial,612.2192138768116,242.1975442461553,1545.223690018365,median,500.2044065,140.3443305559829,1776.2616425921744
MPL-0654,S1:41.3,2015-08-07,30.965825,-137.3956835,6,1,S1_trawl_5_to_50:2015-08-07,2209.120417,646.404545,179.6835550671154,2318.705546699968,random_forest|spatial_geography_no_season,598.3355353535597,238.96127306353483,1495.9210629351487,median,646.404545,179.6835550671154,2318.705546699968
MPL-0656,S1:42.3,2015-08-07,30.988835,-137.914525,6,1,S1_trawl_5_to_50:2015-08-07,1706.702091,646.404545,179.6835550671154,2318.705546699968,random_forest|spatial_geography_no_season,600.8895838398801,239.98386006212132,1502.3001423479438,median,646.404545,179.6835550671154,2318.705546699968
MPL-0658,S1:42.4,2015-08-07,30.98994,-137.91355,6,1,S1_trawl_5_to_50:2015-08-07,1197.871844,646.404545,179.6835550671154,2318.705546699968,random_forest|spatial_geography_no_season,600.1197027009151,239.67561593622506,1500.3772607150484,median,646.404545,179.6835550671154,2318.705546699968
MPL-0660,S1:43.4,2015-08-07,31.001675,-138.493,6,1,S1_trawl_5_to_50:2015-08-07,351.925224,646.404545,179.6835550671154,2318.705546699968,random_forest|spatial_geography_no_season,633.864506095295,253.18632154959613,1584.6594432087895,median,646.404545,179.6835550671154,2318.705546699968
MPL-0666,S1:45.4,2015-08-08,30.987735,-139.5542835,6,3,S1_trawl_5_to_50:2015-08-08,1035.855936,500.2044065,140.3443305559829,1776.2616425921744,ensemble|spatial,967.2741641549028,383.00932904684964,2440.4897921802644,median,500.2044065,140.3443305559829,1776.2616425921744
MPL-0668,S1:44.4,2015-08-08,30.99416,-139.0254165,6,3,S1_trawl_5_to_50:2015-08-08,729.389849,500.2044065,140.3443305559829,1776.2616425921744,ensemble|spatial,835.7073016995267,330.831026199759,2108.745784578511,median,500.2044065,140.3443305559829,1776.2616425921744
MPL-0669,S1:47.4,2015-08-08,30.99445,-140.6223835,6,3,S1_trawl_5_to_50:2015-08-08,1077.945907,500.2044065,140.3443305559829,1776.2616425921744,ensemble|spatial,852.4962638076744,337.489386314293,2151.0789182360836,median,500.2044065,140.3443305559829,1776.2616425921744
MPL-0671,S1:46.4,2015-08-08,30.999525,-140.084,6,3,S1_trawl_5_to_50:2015-08-08,747.327276,500.2044065,140.3443305559829,1776.2616425921744,ensemble|spatial,773.9399605991533,306.3346220912551,1953.0002959871692,median,500.2044065,140.3443305559829,1776.2616425921744
MPL-0677,S1:48.4,2015-08-09,30.97485,-141.2498415,6,1,S1_trawl_5_to_50:2015-08-09,1380.789998,646.404545,179.6835550671154,2318.705546699968,random_forest|spatial_geography_no_season,1184.720630852815,473.73746389706577,2960.496661520771,median,646.404545,179.6835550671154,2318.705546699968
MPL-0680,S1:51.3,2015-08-09,30.9897265,-142.8742845,6,1,S1_trawl_5_to_50:2015-08-09,680.966974,646.404545,179.6835550671154,2318.705546699968,random_forest|spatial_geography_no_season,1139.2985328956502,455.5514165027827,2847.0488661807644,median,646.404545,179.6835550671154,2318.705546699968
MPL-0684,S1:49.3,2015-08-09,30.991625,-141.8085085,6,1,S1_trawl_5_to_50:2015-08-09,1819.989117,646.404545,179.6835550671154,2318.705546699968,random_forest|spatial_geography_no_season,1089.1161824517303,435.4594646869443,2721.7117003763337,median,646.404545,179.6835550671154,2318.705546699968
MPL-0687,S1:50.3,2015-08-09,30.996965,-142.37745,6,1,S1_trawl_5_to_50:2015-08-09,280.885892,646.404545,179.6835550671154,2318.705546699968,random_forest|spatial_geography_no_season,1093.7178817202114,437.3018877531301,2733.205062865208,median,646.404545,179.6835550671154,2318.705546699968
MPL-0691,S1:52.3,2015-08-10,31.00401,-143.3006915,6,1,S1_trawl_5_to_50:2015-08-10,559.439481,646.404545,179.6835550671154,2318.705546699968,random_forest|spatial_geography_no_season,1131.6699186137023,452.49708068115154,2827.9953765642695,median,646.404545,179.6835550671154,2318.705546699968
MPL-0694,S1:53.3,2015-08-10,31.00916,-143.842775,6,1,S1_trawl_5_to_50:2015-08-10,349.268718,646.404545,179.6835550671154,2318.705546699968,random_forest|spatial_geography_no_season,1108.8977582917616,443.3795892945675,2771.11884509957,median,646.404545,179.6835550671154,2318.705546699968
MPL-0699,S1:54.4,2015-08-10,32.023415,-143.6277915,6,1,S1_trawl_5_to_50:2015-08-10,741.629573,646.404545,179.6835550671154,2318.705546699968,random_forest|spatial_geography_no_season,1091.6160548667526,436.4603607323478,2727.9554677686506,median,646.404545,179.6835550671154,2318.705546699968
MPL-0701,S1:54.3,2015-08-10,32.028835,-143.6377665,6,1,S1_trawl_5_to_50:2015-08-10,439.780685,646.404545,179.6835550671154,2318.705546699968,random_forest|spatial_geography_no_season,1091.6160548667526,436.4603607323478,2727.9554677686506,median,646.404545,179.6835550671154,2318.705546699968
MPL-0705,S1:57.4,2015-08-11,32.003635,-142.0377085,6,2,S1_trawl_5_to_50:2015-08-11,1292.557215,495.219971,143.19040704872035,1706.702091,ensemble|spatial_season,669.7560607389547,339.0489127717448,1322.0852272127138,median,495.219971,143.19040704872035,1706.702091
MPL-0710,S1:58.4,2015-08-11,32.01739,-141.4973835,6,2,S1_trawl_5_to_50:2015-08-11,1849.2198,495.219971,143.19040704872035,1706.702091,ensemble|spatial_season,735.7164384727815,372.4884238656754,1452.1939306135482,median,495.219971,143.19040704872035,1706.702091
MPL-0711,S1:56.4,2015-08-11,32.01915,-142.5771415,6,2,S1_trawl_5_to_50:2015-08-11,961.750609,495.219971,143.19040704872035,1706.702091,ensemble|spatial_season,563.9102674503105,285.388947493736,1113.3014179266165,median,495.219971,143.19040704872035,1706.702091
MPL-0715,S1:55.4,2015-08-11,32.021825,-143.1047085,6,2,S1_trawl_5_to_50:2015-08-11,937.233371,495.219971,143.19040704872035,1706.702091,ensemble|spatial_season,586.4904831211225,296.83629510406104,1157.841529496261,median,495.219971,143.19040704872035,1706.702091
MPL-0716,S1:61.3,2015-08-12,31.99739,-139.8349335,6,2,S1_trawl_5_to_50:2015-08-12,969.284957,495.219971,143.19040704872035,1706.702091,ensemble|spatial_season,669.103975148218,338.71832910781217,1320.798970013589,median,495.219971,143.19040704872035,1706.702091
MPL-0721,S1:60.4,2015-08-12,32.00135,-140.3389585,6,2,S1_trawl_5_to_50:2015-08-12,1390.855413,495.219971,143.19040704872035,1706.702091,ensemble|spatial_season,709.8596929713292,359.3799948700461,1401.1907716423398,median,495.219971,143.19040704872035,1706.702091
MPL-0724,S1:62.3,2015-08-12,32.007425,-139.3066335,6,2,S1_trawl_5_to_50:2015-08-12,883.382867,495.219971,143.19040704872035,1706.702091,ensemble|spatial_season,675.3621247186446,341.8909831946676,1333.1433463539192,median,495.219971,143.19040704872035,1706.702091
MPL-0725,S1:66.4,2015-08-13,31.994635,-137.2262165,6,4,S1_trawl_5_to_50:2015-08-13,940.427881,720.647461,263.0249512735725,1971.4463746918354,ensemble|spatial,961.185846303036,398.64801624113215,2315.5424703804774,median,720.647461,263.0249512735725,1971.4463746918354
MPL-0726,S1:65.3,2015-08-13,31.9947,-137.7624415,6,4,S1_trawl_5_to_50:2015-08-13,254.925782,720.647461,263.0249512735725,1971.4463746918354,ensemble|spatial,974.1473101552275,404.03161581912684,2346.748272884505,median,720.647461,263.0249512735725,1971.4463746918354
MPL-0727,S1:66.3,2015-08-13,31.99716,-137.2263335,6,4,S1_trawl_5_to_50:2015-08-13,942.476591,720.647461,263.0249512735725,1971.4463746918354,ensemble|spatial,961.2239658401012,398.6638493542742,2315.6342463371725,median,720.647461,263.0249512735725,1971.4463746918354
MPL-0736,S1:64.3,2015-08-13,32.007085,-138.2743415,6,4,S1_trawl_5_to_50:2015-08-13,926.093191,720.647461,263.0249512735725,1971.4463746918354,ensemble|spatial,770.0967972861276,319.27836051564145,1855.479687942843,median,720.647461,263.0249512735725,1971.4463746918354
MPL-0738,S1:63.3,2015-08-13,32.0156,-138.781625,6,4,S1_trawl_5_to_50:2015-08-13,473.750303,720.647461,263.0249512735725,1971.4463746918354,ensemble|spatial,845.7712058669268,350.71005054282193,2037.672122046821,median,720.647461,263.0249512735725,1971.4463746918354
MPL-0739,S1:69.4,2015-08-14,31.99764,-135.6463915,6,3,S1_trawl_5_to_50:2015-08-14,1171.220722,500.2044065,140.3443305559829,1776.2616425921744,ensemble|spatial,666.9231582503687,263.8926650629338,1683.1589223361716,median,500.2044065,140.3443305559829,1776.2616425921744
MPL-0742,S1:68.4,2015-08-14,32.001165,-136.1661665,6,3,S1_trawl_5_to_50:2015-08-14,470.658241,500.2044065,140.3443305559829,1776.2616425921744,ensemble|spatial,736.0716364833221,291.3163656157858,1857.5158451999594,median,500.2044065,140.3443305559829,1776.2616425921744
MPL-0747,S1:70.4,2015-08-14,32.00864,-135.113225,6,3,S1_trawl_5_to_50:2015-08-14,727.272727,500.2044065,140.3443305559829,1776.2616425921744,ensemble|spatial,558.1319016031346,220.7469744952935,1408.8432869350054,median,500.2044065,140.3443305559829,1776.2616425921744
MPL-0751,S1:67.4,2015-08-14,32.01855,-136.6982335,6,3,S1_trawl_5_to_50:2015-08-14,1425.853627,500.2044065,140.3443305559829,1776.2616425921744,ensemble|spatial,779.8486141195751,308.67794401178554,1967.8988833807828,median,500.2044065,140.3443305559829,1776.2616425921744
MPL-0753,S1:71.4,2015-08-15,32.008585,-134.5978585,6,2,S1_trawl_5_to_50:2015-08-15,290.674527,495.219971,143.19040704872035,1706.702091,ensemble|spatial_season,762.709603987522,386.17297645166764,1505.438710077658,median,495.219971,143.19040704872035,1706.702091
MPL-0755,S1:72.4,2015-08-15,32.996175,-134.1399,6,2,S1_trawl_5_to_50:2015-08-15,71.74788,495.219971,143.19040704872035,1706.702091,ensemble|spatial_season,813.7579453938808,412.052627803471,1606.1330017014354,median,495.219971,143.19040704872035,1706.702091
MPL-0756,S1:73.3,2015-08-15,32.99759,-134.7286085,6,2,S1_trawl_5_to_50:2015-08-15,1417.506452,495.219971,143.19040704872035,1706.702091,ensemble|spatial_season,825.1025746249313,417.80394197209336,1628.5106024752135,median,495.219971,143.19040704872035,1706.702091
MPL-0762,S1:74.3,2015-08-16,32.987775,-135.2962085,6,0,S1_trawl_5_to_50:2015-08-16,1026.323987,680.966974,267.06441733038486,1733.9522113317826,catboost|all,960.6347288493913,432.3732661172124,2132.8218668041513,median,680.966974,267.06441733038486,1733.9522113317826
MPL-0763,S1:75.3,2015-08-16,32.996535,-136.8875415,6,0,S1_trawl_5_to_50:2015-08-16,1518.942464,680.966974,267.06441733038486,1733.9522113317826,catboost|all,781.5116874132376,351.64912505284315,1735.3563310884663,median,680.966974,267.06441733038486,1733.9522113317826
MPL-0768,S1:77.3,2015-08-17,32.98329,-138.0048415,6,0,S1_trawl_5_to_50:2015-08-17,376.349309,680.966974,267.06441733038486,1733.9522113317826,catboost|all,392.92209420159384,176.52614317927146,873.0944489706465,median,680.966974,267.06441733038486,1733.9522113317826
MPL-0770,S1:78.3,2015-08-17,32.9915,-139.571725,6,0,S1_trawl_5_to_50:2015-08-17,748.005286,680.966974,267.06441733038486,1733.9522113317826,catboost|all,416.8214874152307,187.29671726992026,926.1260693070165,median,680.966974,267.06441733038486,1733.9522113317826
MPL-0777,S1:79.4,2015-08-18,33.786985,-138.3120665,6,3,S1_trawl_5_to_50:2015-08-18,552.015861,500.2044065,140.3443305559829,1776.2616425921744,ensemble|spatial,749.1668504468488,296.50981651432113,1890.5352444589198,median,500.2044065,140.3443305559829,1776.2616425921744
MPL-0778,S1:79.3,2015-08-18,33.7888,-138.313375,6,3,S1_trawl_5_to_50:2015-08-18,361.510331,500.2044065,140.3443305559829,1776.2616425921744,ensemble|spatial,749.2824168878153,296.5556491855818,1890.826643627031,median,500.2044065,140.3443305559829,1776.2616425921744
MPL-0526,S1:0.1,2015-07-25,33.1895665,-128.790017,7,4,S1_trawl_5_to_50:2015-07-25,91.014999,659.544272,229.70348470425537,1890.25333685938,gp_matern|spatial,544.3148262827863,208.00644751465887,1421.77074846205,median,659.544272,229.70348470425537,1890.25333685938
MPL-0530,S1:2.3,2015-07-27,29.054015,-134.546025,7,3,S1_trawl_5_to_50:2015-07-27,61.817996,529.96366,187.36401654216905,1495.6893009391836,catboost|all,228.48799616461181,107.56648338077322,484.0920720987048,median,529.96366,187.36401654216905,1495.6893009391836
MPL-0531,S1:1.3,2015-07-27,29.07234,-134.05625,7,3,S1_trawl_5_to_50:2015-07-27,152.892947,529.96366,187.36401654216905,1495.6893009391836,catboost|all,220.68724886379044,103.87609557685185,467.6028406996059,median,529.96366,187.36401654216905,1495.6893009391836
MPL-0535,S1:4.3,2015-07-28,28.988125,-135.6992415,7,4,S1_trawl_5_to_50:2015-07-28,255.766117,659.544272,229.70348470425537,1890.25333685938,gp_matern|spatial,223.174584438268,84.92088690473285,583.8897295926533,median,659.544272,229.70348470425537,1890.25333685938
MPL-0543,S1:3.3,2015-07-28,29.00679,-135.1118335,7,4,S1_trawl_5_to_50:2015-07-28,177.80932,659.544272,229.70348470425537,1890.25333685938,gp_matern|spatial,194.8004878140648,74.04575780309526,509.8594029900582,median,659.544272,229.70348470425537,1890.25333685938
MPL-0544,S1:6.4,2015-07-28,29.0074,-136.8627915,7,4,S1_trawl_5_to_50:2015-07-28,348.007734,659.544272,229.70348470425537,1890.25333685938,gp_matern|spatial,189.57359990785474,72.04241364265648,496.22202718434465,median,659.544272,229.70348470425537,1890.25333685938
MPL-0545,S1:6.3,2015-07-28,29.00841,-136.8621665,7,4,S1_trawl_5_to_50:2015-07-28,340.282743,659.544272,229.70348470425537,1890.25333685938,gp_matern|spatial,187.96330112752312,71.42522369788912,492.0206266529169,median,659.544272,229.70348470425537,1890.25333685938
MPL-0546,S1:5.3,2015-07-28,29.00875,-136.26805,7,4,S1_trawl_5_to_50:2015-07-28,346.539186,659.544272,229.70348470425537,1890.25333685938,gp_matern|spatial,188.77797901617464,71.73747072138652,494.14618754641646,median,659.544272,229.70348470425537,1890.25333685938
MPL-0551,S1:9.4,2015-07-29,28.999935,-138.5806,7,2,S1_trawl_5_to_50:2015-07-29,415.473402,700.9904565,217.74320376220209,2251.8270252126135,ensemble|spatial,246.71094470011099,108.50595999976164,559.3413012803595,median,700.9904565,217.74320376220209,2251.8270252126135
MPL-0554,S1:10.4,2015-07-29,29.000435,-139.1930835,7,2,S1_trawl_5_to_50:2015-07-29,422.521177,700.9904565,217.74320376220209,2251.8270252126135,ensemble|spatial,263.44191352913106,115.90224523683906,597.1880458264435,median,700.9904565,217.74320376220209,2251.8270252126135
MPL-0555,S1:8.4,2015-07-29,29.00169,-138.0501585,7,2,S1_trawl_5_to_50:2015-07-29,257.163107,700.9904565,217.74320376220209,2251.8270252126135,ensemble|spatial,258.4215869822654,113.6829017246161,585.8316791809218,median,700.9904565,217.74320376220209,2251.8270252126135
MPL-0559,S1:7.4,2015-07-29,29.007175,-137.46765,7,2,S1_trawl_5_to_50:2015-07-29,346.454898,700.9904565,217.74320376220209,2251.8270252126135,ensemble|spatial,292.5262934458185,128.75962199760525,662.9791609876207,median,700.9904565,217.74320376220209,2251.8270252126135
MPL-0563,S1:11.4,2015-07-29,29.0174845,-139.833862,7,2,S1_trawl_5_to_50:2015-07-29,66.287879,700.9904565,217.74320376220209,2251.8270252126135,ensemble|spatial,258.8017824706432,113.8509753315082,586.6917107590842,median,700.9904565,217.74320376220209,2251.8270252126135
MPL-0566,S1:12.3,2015-07-30,28.99819,-140.4820415,7,1,S1_trawl_5_to_50:2015-07-30,86.517306,640.0356545,208.28074675197442,1962.518941507057,ensemble|spatial,274.1806988728539,119.67897718385402,626.4864006908708,median,640.0356545,208.28074675197442,1962.518941507057
MPL-0569,S1:13.3,2015-07-30,28.99935,-141.0904165,7,1,S1_trawl_5_to_50:2015-07-30,58.416996,640.0356545,208.28074675197442,1962.518941507057,ensemble|spatial,298.07284441648153,130.1567457873307,680.9669528275609,median,640.0356545,208.28074675197442,1962.518941507057
MPL-0570,S1:14.3,2015-07-30,29.00124,-141.6246665,7,1,S1_trawl_5_to_50:2015-07-30,225.114268,640.0356545,208.28074675197442,1962.518941507057,ensemble|spatial,295.5382077974384,129.0451948828823,675.18729598514,median,640.0356545,208.28074675197442,1962.518941507057
MPL-0573,S1:17.4,2015-07-31,28.987515,-143.5660835,7,0,S1_trawl_5_to_50:2015-07-31,150.661497,540.9897605,192.09600708656748,1520.2789995970984,catboost|all,279.892259709814,114.60916236654369,681.4758518250343,median,540.9897605,192.09600708656748,1520.2789995970984
MPL-0574,S1:17.3,2015-07-31,28.98866,-143.5482335,7,0,S1_trawl_5_to_50:2015-07-31,201.055457,540.9897605,192.09600708656748,1520.2789995970984,catboost|all,279.892259709814,114.60916236654369,681.4758518250343,median,540.9897605,192.09600708656748,1520.2789995970984
MPL-0577,S1:15.3,2015-07-31,29.00566,-142.3245335,7,0,S1_trawl_5_to_50:2015-07-31,141.836664,540.9897605,192.09600708656748,1520.2789995970984,catboost|all,381.62213853174256,156.47897426667643,928.6460151352605,median,540.9897605,192.09600708656748,1520.2789995970984
MPL-0581,S1:16.3,2015-07-31,29.00719,-142.9808085,7,0,S1_trawl_5_to_50:2015-07-31,315.828009,540.9897605,192.09600708656748,1520.2789995970984,catboost|all,367.5456246075567,150.6853864138202,894.444713749952,median,540.9897605,192.09600708656748,1520.2789995970984
MPL-0588,S1:20.4,2015-08-01,30.006425,-141.7679665,7,3,S1_trawl_5_to_50:2015-08-01,659.544272,529.96366,187.36401654216905,1495.6893009391836,catboost|all,302.48610204370937,142.57360473961396,640.5093798106195,median,529.96366,187.36401654216905,1495.6893009391836
MPL-0590,S1:19.4,2015-08-01,30.010985,-142.26325,7,3,S1_trawl_5_to_50:2015-08-01,2109.259348,529.96366,187.36401654216905,1495.6893009391836,catboost|all,345.6650361613786,163.00075174351602,731.7810758130947,median,529.96366,187.36401654216905,1495.6893009391836
MPL-0593,S1:18.4,2015-08-01,30.023565,-142.7086915,7,3,S1_trawl_5_to_50:2015-08-01,1162.176439,529.96366,187.36401654216905,1495.6893009391836,catboost|all,360.14760346875903,169.85218375375425,762.3943484106157,median,529.96366,187.36401654216905,1495.6893009391836
MPL-0596,S1:24.4,2015-08-02,29.9806,-139.8215915,7,3,S1_trawl_5_to_50:2015-08-02,495.219971,529.96366,187.36401654216905,1495.6893009391836,catboost|all,979.0704585529571,462.6530229413553,2070.6744121167876,median,529.96366,187.36401654216905,1495.6893009391836
MPL-0597,S1:21.4,2015-08-02,29.998635,-141.3439415,7,3,S1_trawl_5_to_50:2015-08-02,844.062324,529.96366,187.36401654216905,1495.6893009391836,catboost|all,332.1403054263981,156.6024543200836,703.1924796056368,median,529.96366,187.36401654216905,1495.6893009391836
MPL-0599,S1:22.4,2015-08-02,29.999935,-140.8015085,7,3,S1_trawl_5_to_50:2015-08-02,724.645668,529.96366,187.36401654216905,1495.6893009391836,catboost|all,382.612916811139,180.48010376870732,809.8815616057879,median,529.96366,187.36401654216905,1495.6893009391836
MPL-0603,S1:27.3,2015-08-03,29.985215,-138.2296,7,4,S1_trawl_5_to_50:2015-08-03,423.877587,659.544272,229.70348470425537,1890.25333685938,gp_matern|spatial,578.5730470945261,221.13682410618296,1511.1532338009342,median,659.544272,229.70348470425537,1890.25333685938
MPL-0606,S1:26.3,2015-08-03,30.00074,-138.767875,7,4,S1_trawl_5_to_50:2015-08-03,529.96366,659.544272,229.70348470425537,1890.25333685938,gp_matern|spatial,655.4399539060038,250.59811573036487,1711.7052475461378,median,659.544272,229.70348470425537,1890.25333685938
MPL-0607,S1:25.3,2015-08-03,30.00105,-139.342975,7,4,S1_trawl_5_to_50:2015-08-03,1719.436293,659.544272,229.70348470425537,1890.25333685938,gp_matern|spatial,666.1555382683202,254.7051491588856,1739.6630789649282,median,659.544272,229.70348470425537,1890.25333685938
MPL-0610,S1:28.3,2015-08-03,30.003565,-137.7446665,7,4,S1_trawl_5_to_50:2015-08-03,505.188842,659.544272,229.70348470425537,1890.25333685938,gp_matern|spatial,655.0713902740883,250.45685389100714,1710.7436350442172,median,659.544272,229.70348470425537,1890.25333685938
MPL-0618,S1:31.4,2015-08-04,29.996715,-136.0622665,7,2,S1_trawl_5_to_50:2015-08-04,246.22585,700.9904565,217.74320376220209,2251.8270252126135,ensemble|spatial,608.3034538638326,268.35571913185464,1377.291502727148,median,700.9904565,217.74320376220209,2251.8270252126135
MPL-0621,S1:30.4,2015-08-04,30.00139,-136.6523,7,2,S1_trawl_5_to_50:2015-08-04,720.647461,700.9904565,217.74320376220209,2251.8270252126135,ensemble|spatial,657.6793667090105,290.1834052016876,1488.9836336060155,median,700.9904565,217.74320376220209,2251.8270252126135
MPL-0622,S1:29.3,2015-08-04,30.002915,-137.2931585,7,2,S1_trawl_5_to_50:2015-08-04,646.404545,700.9904565,217.74320376220209,2251.8270252126135,ensemble|spatial,698.5942703889006,308.2707198788341,1581.5363078429398,median,700.9904565,217.74320376220209,2251.8270252126135
MPL-0623,S1:30.3,2015-08-04,30.00491,-136.6517,7,2,S1_trawl_5_to_50:2015-08-04,490.394472,700.9904565,217.74320376220209,2251.8270252126135,ensemble|spatial,664.0550060354957,293.0018939281515,1503.4058225045399,median,700.9904565,217.74320376220209,2251.8270252126135
MPL-0627,S1:32.4,2015-08-04,30.015125,-135.476125,7,2,S1_trawl_5_to_50:2015-08-04,949.556256,700.9904565,217.74320376220209,2251.8270252126135,ensemble|spatial,713.4735381716596,314.848420773791,1615.194361513454,median,700.9904565,217.74320376220209,2251.8270252126135
MPL-0631,S1:34.4,2015-08-05,30.000825,-134.268275,7,2,S1_trawl_5_to_50:2015-08-05,373.240546,700.9904565,217.74320376220209,2251.8270252126135,ensemble|spatial,285.543302205693,125.6726402724109,647.1830951211797,median,700.9904565,217.74320376220209,2251.8270252126135
MPL-0634,S1:33.4,2015-08-05,30.00406,-134.8896165,7,2,S1_trawl_5_to_50:2015-08-05,633.666764,700.9904565,217.74320376220209,2251.8270252126135,ensemble|spatial,459.70709526645726,202.66549732766993,1041.155055293306,median,700.9904565,217.74320376220209,2251.8270252126135
MPL-0637,S1:35.4,2015-08-05,30.998235,-134.2625085,7,2,S1_trawl_5_to_50:2015-08-05,828.098322,700.9904565,217.74320376220209,2251.8270252126135,ensemble|spatial,346.98555205554874,152.8345105825791,786.1702128528643,median,700.9904565,217.74320376220209,2251.8270252126135
MPL-0640,S1:39.3,2015-08-06,30.97964,-136.3260415,7,3,S1_trawl_5_to_50:2015-08-06,721.013939,529.96366,187.36401654216905,1495.6893009391836,catboost|all,572.1566066166889,270.1496821044909,1210.5392987322882,median,529.96366,187.36401654216905,1495.6893009391836
MPL-0642,S1:38.3,2015-08-06,30.991785,-135.9519665,7,3,S1_trawl_5_to_50:2015-08-06,846.359613,529.96366,187.36401654216905,1495.6893009391836,catboost|all,698.5950474288843,329.96534615901396,1477.805065445952,median,529.96366,187.36401654216905,1495.6893009391836
MPL-0647,S1:36.3,2015-08-06,30.997975,-134.8475585,7,3,S1_trawl_5_to_50:2015-08-06,347.331302,529.96366,187.36401654216905,1495.6893009391836,catboost|all,741.8972607003558,350.4508142273122,1569.3373491094987,median,529.96366,187.36401654216905,1495.6893009391836
MPL-0648,S1:37.3,2015-08-06,31.000565,-135.4216585,7,3,S1_trawl_5_to_50:2015-08-06,1104.538559,529.96366,187.36401654216905,1495.6893009391836,catboost|all,630.6034687929011,297.7998006168359,1334.0843640715195,median,529.96366,187.36401654216905,1495.6893009391836
MPL-0654,S1:41.3,2015-08-07,30.965825,-137.3956835,7,3,S1_trawl_5_to_50:2015-08-07,2209.120417,529.96366,187.36401654216905,1495.6893009391836,catboost|all,733.3520824353527,346.40825004270124,1551.2745384165603,median,529.96366,187.36401654216905,1495.6893009391836
MPL-0656,S1:42.3,2015-08-07,30.988835,-137.914525,7,3,S1_trawl_5_to_50:2015-08-07,1706.702091,529.96366,187.36401654216905,1495.6893009391836,catboost|all,881.5377862211291,416.5121378982854,1864.5097023738288,median,529.96366,187.36401654216905,1495.6893009391836
MPL-0658,S1:42.4,2015-08-07,30.98994,-137.91355,7,3,S1_trawl_5_to_50:2015-08-07,1197.871844,529.96366,187.36401654216905,1495.6893009391836,catboost|all,881.5377862211291,416.5121378982854,1864.5097023738288,median,529.96366,187.36401654216905,1495.6893009391836
MPL-0660,S1:43.4,2015-08-07,31.001675,-138.493,7,3,S1_trawl_5_to_50:2015-08-07,351.925224,529.96366,187.36401654216905,1495.6893009391836,catboost|all,864.6180898438512,408.50774565881574,1828.7448226759495,median,529.96366,187.36401654216905,1495.6893009391836
MPL-0666,S1:45.4,2015-08-08,30.987735,-139.5542835,7,4,S1_trawl_5_to_50:2015-08-08,1035.855936,659.544272,229.70348470425537,1890.25333685938,gp_matern|spatial,825.2353136290973,315.67671478865276,2154.715155575544,median,659.544272,229.70348470425537,1890.25333685938
MPL-0668,S1:44.4,2015-08-08,30.99416,-139.0254165,7,4,S1_trawl_5_to_50:2015-08-08,729.389849,659.544272,229.70348470425537,1890.25333685938,gp_matern|spatial,757.3562901661547,289.66026911182695,1977.6132607388136,median,659.544272,229.70348470425537,1890.25333685938
MPL-0669,S1:47.4,2015-08-08,30.99445,-140.6223835,7,4,S1_trawl_5_to_50:2015-08-08,1077.945907,659.544272,229.70348470425537,1890.25333685938,gp_matern|spatial,741.5509007615101,283.6024321856446,1936.3757138592082,median,659.544272,229.70348470425537,1890.25333685938
MPL-0671,S1:46.4,2015-08-08,30.999525,-140.084,7,4,S1_trawl_5_to_50:2015-08-08,747.327276,659.544272,229.70348470425537,1890.25333685938,gp_matern|spatial,693.4891585426437,265.18148795604213,1810.9787181177683,median,659.544272,229.70348470425537,1890.25333685938
MPL-0677,S1:48.4,2015-08-09,30.97485,-141.2498415,7,1,S1_trawl_5_to_50:2015-08-09,1380.789998,640.0356545,208.28074675197442,1962.518941507057,ensemble|spatial,1125.7546709431556,493.13204408415646,2568.3053176611943,median,640.0356545,208.28074675197442,1962.518941507057
MPL-0680,S1:51.3,2015-08-09,30.9897265,-142.8742845,7,1,S1_trawl_5_to_50:2015-08-09,680.966974,640.0356545,208.28074675197442,1962.518941507057,ensemble|spatial,902.5453854161993,395.24484347137695,2059.3277921669182,median,640.0356545,208.28074675197442,1962.518941507057
MPL-0684,S1:49.3,2015-08-09,30.991625,-141.8085085,7,1,S1_trawl_5_to_50:2015-08-09,1819.989117,640.0356545,208.28074675197442,1962.518941507057,ensemble|spatial,1048.0870464628501,459.071335898683,2391.2021329720856,median,640.0356545,208.28074675197442,1962.518941507057
MPL-0687,S1:50.3,2015-08-09,30.996965,-142.37745,7,1,S1_trawl_5_to_50:2015-08-09,280.885892,640.0356545,208.28074675197442,1962.518941507057,ensemble|spatial,922.6729610706196,404.07168072091963,2105.224107038409,median,640.0356545,208.28074675197442,1962.518941507057
MPL-0691,S1:52.3,2015-08-10,31.00401,-143.3006915,7,0,S1_trawl_5_to_50:2015-08-10,559.439481,540.9897605,192.09600708656748,1520.2789995970984,catboost|all,501.9469942946287,206.0020754051463,1220.9958595821527,median,540.9897605,192.09600708656748,1520.2789995970984
MPL-0694,S1:53.3,2015-08-10,31.00916,-143.842775,7,0,S1_trawl_5_to_50:2015-08-10,349.268718,540.9897605,192.09600708656748,1520.2789995970984,catboost|all,507.381846219655,208.23894259147457,1234.200763130962,median,540.9897605,192.09600708656748,1520.2789995970984
MPL-0699,S1:54.4,2015-08-10,32.023415,-143.6277915,7,0,S1_trawl_5_to_50:2015-08-10,741.629573,540.9897605,192.09600708656748,1520.2789995970984,catboost|all,584.3999883628157,239.93793959978234,1421.3295299379838,median,540.9897605,192.09600708656748,1520.2789995970984
MPL-0701,S1:54.3,2015-08-10,32.028835,-143.6377665,7,0,S1_trawl_5_to_50:2015-08-10,439.780685,540.9897605,192.09600708656748,1520.2789995970984,catboost|all,584.3999883628157,239.93793959978234,1421.3295299379838,median,540.9897605,192.09600708656748,1520.2789995970984
MPL-0705,S1:57.4,2015-08-11,32.003635,-142.0377085,7,0,S1_trawl_5_to_50:2015-08-11,1292.557215,540.9897605,192.09600708656748,1520.2789995970984,catboost|all,762.6336871077677,313.2950646365563,1854.3788261362934,median,540.9897605,192.09600708656748,1520.2789995970984
MPL-0710,S1:58.4,2015-08-11,32.01739,-141.4973835,7,0,S1_trawl_5_to_50:2015-08-11,1849.2198,540.9897605,192.09600708656748,1520.2789995970984,catboost|all,619.6033876706349,254.42689529630613,1506.8622176473607,median,540.9897605,192.09600708656748,1520.2789995970984
MPL-0711,S1:56.4,2015-08-11,32.01915,-142.5771415,7,0,S1_trawl_5_to_50:2015-08-11,961.750609,540.9897605,192.09600708656748,1520.2789995970984,catboost|all,479.3855054531321,196.71625589056742,1166.1788584606245,median,540.9897605,192.09600708656748,1520.2789995970984
MPL-0715,S1:55.4,2015-08-11,32.021825,-143.1047085,7,0,S1_trawl_5_to_50:2015-08-11,937.233371,540.9897605,192.09600708656748,1520.2789995970984,catboost|all,547.8640685603935,224.90054736614488,1332.5592554735715,median,540.9897605,192.09600708656748,1520.2789995970984
MPL-0716,S1:61.3,2015-08-12,31.99739,-139.8349335,7,0,S1_trawl_5_to_50:2015-08-12,969.284957,540.9897605,192.09600708656748,1520.2789995970984,catboost|all,620.854122274204,254.9416705343666,1509.9010915731133,median,540.9897605,192.09600708656748,1520.2789995970984
MPL-0721,S1:60.4,2015-08-12,32.00135,-140.3389585,7,0,S1_trawl_5_to_50:2015-08-12,1390.855413,540.9897605,192.09600708656748,1520.2789995970984,catboost|all,645.1010874678559,264.92119556244944,1568.813246154393,median,540.9897605,192.09600708656748,1520.2789995970984
MPL-0724,S1:62.3,2015-08-12,32.007425,-139.3066335,7,0,S1_trawl_5_to_50:2015-08-12,883.382867,540.9897605,192.09600708656748,1520.2789995970984,catboost|all,636.4427774900655,261.35762294896296,1547.7763992026034,median,540.9897605,192.09600708656748,1520.2789995970984
MPL-0725,S1:66.4,2015-08-13,31.994635,-137.2262165,7,1,S1_trawl_5_to_50:2015-08-13,940.427881,640.0356545,208.28074675197442,1962.518941507057,ensemble|spatial,1017.4800774377409,445.64881850637596,2321.4099676483957,median,640.0356545,208.28074675197442,1962.518941507057
MPL-0726,S1:65.3,2015-08-13,31.9947,-137.7624415,7,1,S1_trawl_5_to_50:2015-08-13,254.925782,640.0356545,208.28074675197442,1962.518941507057,ensemble|spatial,990.5675142941926,433.8464624295789,2260.0420466805313,median,640.0356545,208.28074675197442,1962.518941507057
MPL-0727,S1:66.3,2015-08-13,31.99716,-137.2263335,7,1,S1_trawl_5_to_50:2015-08-13,942.476591,640.0356545,208.28074675197442,1962.518941507057,ensemble|spatial,1019.4725293280142,446.52259728952134,2325.9532967056234,median,640.0356545,208.28074675197442,1962.518941507057
MPL-0736,S1:64.3,2015-08-13,32.007085,-138.2743415,7,1,S1_trawl_5_to_50:2015-08-13,926.093191,640.0356545,208.28074675197442,1962.518941507057,ensemble|spatial,896.1761428819054,392.45164730019627,2044.804196982585,median,640.0356545,208.28074675197442,1962.518941507057
MPL-0738,S1:63.3,2015-08-13,32.0156,-138.781625,7,1,S1_trawl_5_to_50:2015-08-13,473.750303,640.0356545,208.28074675197442,1962.518941507057,ensemble|spatial,911.0752345722052,398.9855617553834,2078.7781546642213,median,640.0356545,208.28074675197442,1962.518941507057
MPL-0739,S1:69.4,2015-08-14,31.99764,-135.6463915,7,0,S1_trawl_5_to_50:2015-08-14,1171.220722,540.9897605,192.09600708656748,1520.2789995970984,catboost|all,648.1065330178811,266.1581717715327,1576.1154908441763,median,540.9897605,192.09600708656748,1520.2789995970984
MPL-0742,S1:68.4,2015-08-14,32.001165,-136.1661665,7,0,S1_trawl_5_to_50:2015-08-14,470.658241,540.9897605,192.09600708656748,1520.2789995970984,catboost|all,647.4229796628041,265.87683603485226,1574.4546808996233,median,540.9897605,192.09600708656748,1520.2789995970984
MPL-0747,S1:70.4,2015-08-14,32.00864,-135.113225,7,0,S1_trawl_5_to_50:2015-08-14,727.272727,540.9897605,192.09600708656748,1520.2789995970984,catboost|all,523.9558276245795,215.06043389665146,1274.4700894881341,median,540.9897605,192.09600708656748,1520.2789995970984
MPL-0751,S1:67.4,2015-08-14,32.01855,-136.6982335,7,0,S1_trawl_5_to_50:2015-08-14,1425.853627,540.9897605,192.09600708656748,1520.2789995970984,catboost|all,810.2539722619241,332.8945412615635,1970.0804645805454,median,540.9897605,192.09600708656748,1520.2789995970984
MPL-0753,S1:71.4,2015-08-15,32.008585,-134.5978585,7,1,S1_trawl_5_to_50:2015-08-15,290.674527,640.0356545,208.28074675197442,1962.518941507057,ensemble|spatial,648.9894955618901,284.0493069679317,1481.1518032609365,median,640.0356545,208.28074675197442,1962.518941507057
MPL-0755,S1:72.4,2015-08-15,32.996175,-134.1399,7,1,S1_trawl_5_to_50:2015-08-15,71.74788,640.0356545,208.28074675197442,1962.518941507057,ensemble|spatial,732.843859390564,320.8231755593579,1672.3624265226686,median,640.0356545,208.28074675197442,1962.518941507057
MPL-0756,S1:73.3,2015-08-15,32.99759,-134.7286085,7,1,S1_trawl_5_to_50:2015-08-15,1417.506452,640.0356545,208.28074675197442,1962.518941507057,ensemble|spatial,770.2299259898568,337.21862878921803,1757.6127673440599,median,640.0356545,208.28074675197442,1962.518941507057
MPL-0762,S1:74.3,2015-08-16,32.987775,-135.2962085,7,2,S1_trawl_5_to_50:2015-08-16,1026.323987,700.9904565,217.74320376220209,2251.8270252126135,ensemble|spatial,687.6673982329569,303.4402606244807,1556.8188785416303,median,700.9904565,217.74320376220209,2251.8270252126135
MPL-0763,S1:75.3,2015-08-16,32.996535,-136.8875415,7,2,S1_trawl_5_to_50:2015-08-16,1518.942464,700.9904565,217.74320376220209,2251.8270252126135,ensemble|spatial,775.8275495494787,342.4133549111605,1756.2439542869859,median,700.9904565,217.74320376220209,2251.8270252126135
MPL-0768,S1:77.3,2015-08-17,32.98329,-138.0048415,7,1,S1_trawl_5_to_50:2015-08-17,376.349309,640.0356545,208.28074675197442,1962.518941507057,ensemble|spatial,956.970782105596,419.1128008979137,2183.4324129295164,median,640.0356545,208.28074675197442,1962.518941507057
MPL-0770,S1:78.3,2015-08-17,32.9915,-139.571725,7,1,S1_trawl_5_to_50:2015-08-17,748.005286,640.0356545,208.28074675197442,1962.518941507057,ensemble|spatial,1003.1642898548539,439.37070884912,2288.766101053699,median,640.0356545,208.28074675197442,1962.518941507057
MPL-0777,S1:79.4,2015-08-18,33.786985,-138.3120665,7,2,S1_trawl_5_to_50:2015-08-18,552.015861,700.9904565,217.74320376220209,2251.8270252126135,ensemble|spatial,704.5313569888933,310.8953369239994,1594.9664565805406,median,700.9904565,217.74320376220209,2251.8270252126135
MPL-0778,S1:79.3,2015-08-18,33.7888,-138.313375,7,2,S1_trawl_5_to_50:2015-08-18,361.510331,700.9904565,217.74320376220209,2251.8270252126135,ensemble|spatial,704.6739585680443,310.95837702439275,1595.2890323735596,median,700.9904565,217.74320376220209,2251.8270252126135
MPL-0526,S1:0.1,2015-07-25,33.1895665,-128.790017,8,1,S1_trawl_5_to_50:2015-07-25,91.014999,633.666764,223.72925443173798,1791.3874768542148,random_forest|spatial_geography_no_season,405.7013457151443,183.89452262955854,893.5964556121814,median,633.666764,223.72925443173798,1791.3874768542148
MPL-0530,S1:2.3,2015-07-27,29.054015,-134.546025,8,0,S1_trawl_5_to_50:2015-07-27,61.817996,555.727671,206.42510016386413,1493.2535855700671,catboost|spatial_geography_no_season,282.0076726521426,110.907930586331,714.7074781058038,median,555.727671,206.42510016386413,1493.2535855700671
MPL-0531,S1:1.3,2015-07-27,29.07234,-134.05625,8,0,S1_trawl_5_to_50:2015-07-27,152.892947,555.727671,206.42510016386413,1493.2535855700671,catboost|spatial_geography_no_season,329.21533953687833,129.57495914909757,834.0925106623664,median,555.727671,206.42510016386413,1493.2535855700671
MPL-0535,S1:4.3,2015-07-28,28.988125,-135.6992415,8,4,S1_trawl_5_to_50:2015-07-28,255.766117,659.544272,196.41853516934856,2209.1204170000005,random_forest|spatial_geography_no_season,180.6820287022644,71.74171630935561,452.7748245173737,median,659.544272,196.41853516934856,2209.1204170000005
MPL-0543,S1:3.3,2015-07-28,29.00679,-135.1118335,8,4,S1_trawl_5_to_50:2015-07-28,177.80932,659.544272,196.41853516934856,2209.1204170000005,random_forest|spatial_geography_no_season,208.7125131316128,82.96454093839422,522.7846556708389,median,659.544272,196.41853516934856,2209.1204170000005
MPL-0544,S1:6.4,2015-07-28,29.0074,-136.8627915,8,4,S1_trawl_5_to_50:2015-07-28,348.007734,659.544272,196.41853516934856,2209.1204170000005,random_forest|spatial_geography_no_season,232.1209531142328,92.33679482956347,581.2503213242436,median,659.544272,196.41853516934856,2209.1204170000005
MPL-0545,S1:6.3,2015-07-28,29.00841,-136.8621665,8,4,S1_trawl_5_to_50:2015-07-28,340.282743,659.544272,196.41853516934856,2209.1204170000005,random_forest|spatial_geography_no_season,232.1209531142328,92.33679482956347,581.2503213242436,median,659.544272,196.41853516934856,2209.1204170000005
MPL-0546,S1:5.3,2015-07-28,29.00875,-136.26805,8,4,S1_trawl_5_to_50:2015-07-28,346.539186,659.544272,196.41853516934856,2209.1204170000005,random_forest|spatial_geography_no_season,224.14015512348874,89.14144883132856,561.3172259398162,median,659.544272,196.41853516934856,2209.1204170000005
MPL-0551,S1:9.4,2015-07-29,28.999935,-138.5806,8,2,S1_trawl_5_to_50:2015-07-29,415.473402,722.8298035,217.71212158647336,2394.521476516335,ensemble|all,237.01043956589277,104.01557995594061,538.4339522394356,median,722.8298035,217.71212158647336,2394.521476516335
MPL-0554,S1:10.4,2015-07-29,29.000435,-139.1930835,8,2,S1_trawl_5_to_50:2015-07-29,422.521177,722.8298035,217.71212158647336,2394.521476516335,ensemble|all,229.44779417556992,100.67877005333966,521.2937473823381,median,722.8298035,217.71212158647336,2394.521476516335
MPL-0555,S1:8.4,2015-07-29,29.00169,-138.0501585,8,2,S1_trawl_5_to_50:2015-07-29,257.163107,722.8298035,217.71212158647336,2394.521476516335,ensemble|all,254.54336832562757,111.75150399938997,578.1711044099302,median,722.8298035,217.71212158647336,2394.521476516335
MPL-0559,S1:7.4,2015-07-29,29.007175,-137.46765,8,2,S1_trawl_5_to_50:2015-07-29,346.454898,722.8298035,217.71212158647336,2394.521476516335,ensemble|all,256.5680673460253,112.64484692271343,582.7599425998035,median,722.8298035,217.71212158647336,2394.521476516335
MPL-0563,S1:11.4,2015-07-29,29.0174845,-139.833862,8,2,S1_trawl_5_to_50:2015-07-29,66.287879,722.8298035,217.71212158647336,2394.521476516335,ensemble|all,244.94305983991836,107.51563113086574,556.4126791971144,median,722.8298035,217.71212158647336,2394.521476516335
MPL-0566,S1:12.3,2015-07-30,28.99819,-140.4820415,8,1,S1_trawl_5_to_50:2015-07-30,86.517306,633.666764,223.72925443173798,1791.3874768542148,random_forest|spatial_geography_no_season,254.3019789142139,115.06535856113709,560.5723868477158,median,633.666764,223.72925443173798,1791.3874768542148
MPL-0569,S1:13.3,2015-07-30,28.99935,-141.0904165,8,1,S1_trawl_5_to_50:2015-07-30,58.416996,633.666764,223.72925443173798,1791.3874768542148,random_forest|spatial_geography_no_season,242.6118527511799,109.75079464546377,534.8583203925872,median,633.666764,223.72925443173798,1791.3874768542148
MPL-0570,S1:14.3,2015-07-30,29.00124,-141.6246665,8,1,S1_trawl_5_to_50:2015-07-30,225.114268,633.666764,223.72925443173798,1791.3874768542148,random_forest|spatial_geography_no_season,242.39368176505383,109.6516097749036,534.3784228142731,median,633.666764,223.72925443173798,1791.3874768542148
MPL-0573,S1:17.4,2015-07-31,28.987515,-143.5660835,8,0,S1_trawl_5_to_50:2015-07-31,150.661497,555.727671,206.42510016386413,1493.2535855700671,catboost|spatial_geography_no_season,164.6517401284442,64.50261786924924,417.9221728871357,median,555.727671,206.42510016386413,1493.2535855700671
MPL-0574,S1:17.3,2015-07-31,28.98866,-143.5482335,8,0,S1_trawl_5_to_50:2015-07-31,201.055457,555.727671,206.42510016386413,1493.2535855700671,catboost|spatial_geography_no_season,164.6517401284442,64.50261786924924,417.9221728871357,median,555.727671,206.42510016386413,1493.2535855700671
MPL-0577,S1:15.3,2015-07-31,29.00566,-142.3245335,8,0,S1_trawl_5_to_50:2015-07-31,141.836664,555.727671,206.42510016386413,1493.2535855700671,catboost|spatial_geography_no_season,190.85314304673742,74.86327258778358,484.1837686585523,median,555.727671,206.42510016386413,1493.2535855700671
MPL-0581,S1:16.3,2015-07-31,29.00719,-142.9808085,8,0,S1_trawl_5_to_50:2015-07-31,315.828009,555.727671,206.42510016386413,1493.2535855700671,catboost|spatial_geography_no_season,205.69479745704902,80.73201394016718,521.7173201321843,median,555.727671,206.42510016386413,1493.2535855700671
MPL-0588,S1:20.4,2015-08-01,30.006425,-141.7679665,8,0,S1_trawl_5_to_50:2015-08-01,659.544272,555.727671,206.42510016386413,1493.2535855700671,catboost|spatial_geography_no_season,609.3091297482948,240.33067166707144,1542.4309749403642,median,555.727671,206.42510016386413,1493.2535855700671
MPL-0590,S1:19.4,2015-08-01,30.010985,-142.26325,8,0,S1_trawl_5_to_50:2015-08-01,2109.259348,555.727671,206.42510016386413,1493.2535855700671,catboost|spatial_geography_no_season,694.2257418011105,273.90870945728096,1757.1794080555026,median,555.727671,206.42510016386413,1493.2535855700671
MPL-0593,S1:18.4,2015-08-01,30.023565,-142.7086915,8,0,S1_trawl_5_to_50:2015-08-01,1162.176439,555.727671,206.42510016386413,1493.2535855700671,catboost|spatial_geography_no_season,645.4647388594237,254.6274550609548,1633.8660924896742,median,555.727671,206.42510016386413,1493.2535855700671
MPL-0596,S1:24.4,2015-08-02,29.9806,-139.8215915,8,1,S1_trawl_5_to_50:2015-08-02,495.219971,633.666764,223.72925443173798,1791.3874768542148,random_forest|spatial_geography_no_season,364.4268004188512,165.13029322704432,802.8073241817433,median,633.666764,223.72925443173798,1791.3874768542148
MPL-0597,S1:21.4,2015-08-02,29.998635,-141.3439415,8,1,S1_trawl_5_to_50:2015-08-02,844.062324,633.666764,223.72925443173798,1791.3874768542148,random_forest|spatial_geography_no_season,324.74524717126184,147.09026970066228,715.5222014190979,median,633.666764,223.72925443173798,1791.3874768542148
MPL-0599,S1:22.4,2015-08-02,29.999935,-140.8015085,8,1,S1_trawl_5_to_50:2015-08-02,724.645668,633.666764,223.72925443173798,1791.3874768542148,random_forest|spatial_geography_no_season,663.7726360370564,301.2188652489819,1461.260329975034,median,633.666764,223.72925443173798,1791.3874768542148
MPL-0603,S1:27.3,2015-08-03,29.985215,-138.2296,8,2,S1_trawl_5_to_50:2015-08-03,423.877587,722.8298035,217.71212158647336,2394.521476516335,ensemble|all,580.2537893195009,255.4622959325131,1316.3709077578567,median,722.8298035,217.71212158647336,2394.521476516335
MPL-0606,S1:26.3,2015-08-03,30.00074,-138.767875,8,2,S1_trawl_5_to_50:2015-08-03,529.96366,722.8298035,217.71212158647336,2394.521476516335,ensemble|all,544.0826585411673,239.50277632792339,1234.3915791691031,median,722.8298035,217.71212158647336,2394.521476516335
MPL-0607,S1:25.3,2015-08-03,30.00105,-139.342975,8,2,S1_trawl_5_to_50:2015-08-03,1719.436293,722.8298035,217.71212158647336,2394.521476516335,ensemble|all,497.2960961630634,218.8594886164987,1128.3531200941584,median,722.8298035,217.71212158647336,2394.521476516335
MPL-0610,S1:28.3,2015-08-03,30.003565,-137.7446665,8,2,S1_trawl_5_to_50:2015-08-03,505.188842,722.8298035,217.71212158647336,2394.521476516335,ensemble|all,629.2472929076054,277.0793359361464,1427.4112441514683,median,722.8298035,217.71212158647336,2394.521476516335
MPL-0618,S1:31.4,2015-08-04,29.996715,-136.0622665,8,2,S1_trawl_5_to_50:2015-08-04,246.22585,722.8298035,217.71212158647336,2394.521476516335,ensemble|all,580.7941684205796,255.7007233930873,1317.5956390542406,median,722.8298035,217.71212158647336,2394.521476516335
MPL-0621,S1:30.4,2015-08-04,30.00139,-136.6523,8,2,S1_trawl_5_to_50:2015-08-04,720.647461,722.8298035,217.71212158647336,2394.521476516335,ensemble|all,668.5162443438371,294.40568396045586,1516.4115657851773,median,722.8298035,217.71212158647336,2394.521476516335
MPL-0622,S1:29.3,2015-08-04,30.002915,-137.2931585,8,2,S1_trawl_5_to_50:2015-08-04,646.404545,722.8298035,217.71212158647336,2394.521476516335,ensemble|all,735.1875601615166,323.82257386574474,1667.5174225624287,median,722.8298035,217.71212158647336,2394.521476516335
MPL-0623,S1:30.3,2015-08-04,30.00491,-136.6517,8,2,S1_trawl_5_to_50:2015-08-04,490.394472,722.8298035,217.71212158647336,2394.521476516335,ensemble|all,673.3782809526197,296.5509242918026,1527.431030429636,median,722.8298035,217.71212158647336,2394.521476516335
MPL-0627,S1:32.4,2015-08-04,30.015125,-135.476125,8,2,S1_trawl_5_to_50:2015-08-04,949.556256,722.8298035,217.71212158647336,2394.521476516335,ensemble|all,599.2907761744262,263.8618443675729,1359.5169020117748,median,722.8298035,217.71212158647336,2394.521476516335
MPL-0631,S1:34.4,2015-08-05,30.000825,-134.268275,8,3,S1_trawl_5_to_50:2015-08-05,373.240546,500.2044065,152.3146069061232,1637.4991760689475,ensemble|spatial,262.9723854564631,120.08144387592027,574.49214853254,median,500.2044065,152.3146069061232,1637.4991760689475
MPL-0634,S1:33.4,2015-08-05,30.00406,-134.8896165,8,3,S1_trawl_5_to_50:2015-08-05,633.666764,500.2044065,152.3146069061232,1637.4991760689475,ensemble|spatial,457.27272339685493,209.2050293703661,998.0906955872163,median,500.2044065,152.3146069061232,1637.4991760689475
MPL-0637,S1:35.4,2015-08-05,30.998235,-134.2625085,8,3,S1_trawl_5_to_50:2015-08-05,828.098322,500.2044065,152.3146069061232,1637.4991760689475,ensemble|spatial,346.11602384064525,158.21858374093293,755.755468965795,median,500.2044065,152.3146069061232,1637.4991760689475
MPL-0640,S1:39.3,2015-08-06,30.97964,-136.3260415,8,3,S1_trawl_5_to_50:2015-08-06,721.013939,500.2044065,152.3146069061232,1637.4991760689475,ensemble|spatial,629.4493136661945,288.1806772033578,1373.4567615860074,median,500.2044065,152.3146069061232,1637.4991760689475
MPL-0642,S1:38.3,2015-08-06,30.991785,-135.9519665,8,3,S1_trawl_5_to_50:2015-08-06,846.359613,500.2044065,152.3146069061232,1637.4991760689475,ensemble|spatial,620.7294516003533,284.1809653111264,1354.4463937155167,median,500.2044065,152.3146069061232,1637.4991760689475
MPL-0647,S1:36.3,2015-08-06,30.997975,-134.8475585,8,3,S1_trawl_5_to_50:2015-08-06,347.331302,500.2044065,152.3146069061232,1637.4991760689475,ensemble|spatial,560.4655234130895,256.53851541648714,1223.0636452832223,median,500.2044065,152.3146069061232,1637.4991760689475
MPL-0648,S1:37.3,2015-08-06,31.000565,-135.4216585,8,3,S1_trawl_5_to_50:2015-08-06,1104.538559,500.2044065,152.3146069061232,1637.4991760689475,ensemble|spatial,654.0022988423384,299.4428813594887,1426.9852780915232,median,500.2044065,152.3146069061232,1637.4991760689475
MPL-0654,S1:41.3,2015-08-07,30.965825,-137.3956835,8,3,S1_trawl_5_to_50:2015-08-07,2209.120417,500.2044065,152.3146069061232,1637.4991760689475,ensemble|spatial,674.6212070443255,308.90056448768627,1471.9370246957674,median,500.2044065,152.3146069061232,1637.4991760689475
MPL-0656,S1:42.3,2015-08-07,30.988835,-137.914525,8,3,S1_trawl_5_to_50:2015-08-07,1706.702091,500.2044065,152.3146069061232,1637.4991760689475,ensemble|spatial,619.844514485387,283.7750536721713,1352.517122361138,median,500.2044065,152.3146069061232,1637.4991760689475
MPL-0658,S1:42.4,2015-08-07,30.98994,-137.91355,8,3,S1_trawl_5_to_50:2015-08-07,1197.871844,500.2044065,152.3146069061232,1637.4991760689475,ensemble|spatial,619.8220006891078,283.76472682318706,1352.468039526318,median,500.2044065,152.3146069061232,1637.4991760689475
MPL-0660,S1:43.4,2015-08-07,31.001675,-138.493,8,3,S1_trawl_5_to_50:2015-08-07,351.925224,500.2044065,152.3146069061232,1637.4991760689475,ensemble|spatial,645.7042517565494,295.63665170118446,1408.89451856845,median,500.2044065,152.3146069061232,1637.4991760689475
MPL-0666,S1:45.4,2015-08-08,30.987735,-139.5542835,8,0,S1_trawl_5_to_50:2015-08-08,1035.855936,555.727671,206.42510016386413,1493.2535855700671,catboost|spatial_geography_no_season,986.1909779951662,389.35867263119906,2495.5399653251184,median,555.727671,206.42510016386413,1493.2535855700671
MPL-0668,S1:44.4,2015-08-08,30.99416,-139.0254165,8,0,S1_trawl_5_to_50:2015-08-08,729.389849,555.727671,206.42510016386413,1493.2535855700671,catboost|spatial_geography_no_season,861.3728511685414,340.002631708596,2179.8832697457815,median,555.727671,206.42510016386413,1493.2535855700671
MPL-0669,S1:47.4,2015-08-08,30.99445,-140.6223835,8,0,S1_trawl_5_to_50:2015-08-08,1077.945907,555.727671,206.42510016386413,1493.2535855700671,catboost|spatial_geography_no_season,1212.5968179540814,478.8848991996377,3068.105193775985,median,555.727671,206.42510016386413,1493.2535855700671
MPL-0671,S1:46.4,2015-08-08,30.999525,-140.084,8,0,S1_trawl_5_to_50:2015-08-08,747.327276,555.727671,206.42510016386413,1493.2535855700671,catboost|spatial_geography_no_season,1131.332613709937,446.7511098840204,2862.593455755578,median,555.727671,206.42510016386413,1493.2535855700671
MPL-0677,S1:48.4,2015-08-09,30.97485,-141.2498415,8,2,S1_trawl_5_to_50:2015-08-09,1380.789998,722.8298035,217.71212158647336,2394.521476516335,ensemble|all,848.6427191400236,373.881551702399,1924.655575499565,median,722.8298035,217.71212158647336,2394.521476516335
MPL-0680,S1:51.3,2015-08-09,30.9897265,-142.8742845,8,2,S1_trawl_5_to_50:2015-08-09,680.966974,722.8298035,217.71212158647336,2394.521476516335,ensemble|all,625.6544631392802,275.4940983201334,1419.268347708833,median,722.8298035,217.71212158647336,2394.521476516335
MPL-0684,S1:49.3,2015-08-09,30.991625,-141.8085085,8,2,S1_trawl_5_to_50:2015-08-09,1819.989117,722.8298035,217.71212158647336,2394.521476516335,ensemble|all,835.8983595565775,368.2584525002645,1895.7713791954125,median,722.8298035,217.71212158647336,2394.521476516335
MPL-0687,S1:50.3,2015-08-09,30.996965,-142.37745,8,2,S1_trawl_5_to_50:2015-08-09,280.885892,722.8298035,217.71212158647336,2394.521476516335,ensemble|all,742.1186871760949,326.88074360196225,1683.2263353553587,median,722.8298035,217.71212158647336,2394.521476516335
MPL-0691,S1:52.3,2015-08-10,31.00401,-143.3006915,8,3,S1_trawl_5_to_50:2015-08-10,559.439481,500.2044065,152.3146069061232,1637.4991760689475,ensemble|spatial,731.2687944201972,334.88423569517755,1595.4357069982839,median,500.2044065,152.3146069061232,1637.4991760689475
MPL-0694,S1:53.3,2015-08-10,31.00916,-143.842775,8,3,S1_trawl_5_to_50:2015-08-10,349.268718,500.2044065,152.3146069061232,1637.4991760689475,ensemble|spatial,745.5396666524831,341.43013939743787,1626.5479572747283,median,500.2044065,152.3146069061232,1637.4991760689475
MPL-0699,S1:54.4,2015-08-10,32.023415,-143.6277915,8,3,S1_trawl_5_to_50:2015-08-10,741.629573,500.2044065,152.3146069061232,1637.4991760689475,ensemble|spatial,800.1282265703369,366.46935568717004,1745.5577073972627,median,500.2044065,152.3146069061232,1637.4991760689475
MPL-0701,S1:54.3,2015-08-10,32.028835,-143.6377665,8,3,S1_trawl_5_to_50:2015-08-10,439.780685,500.2044065,152.3146069061232,1637.4991760689475,ensemble|spatial,800.4572899230789,366.6202936945975,1746.2751058309866,median,500.2044065,152.3146069061232,1637.4991760689475
MPL-0705,S1:57.4,2015-08-11,32.003635,-142.0377085,8,3,S1_trawl_5_to_50:2015-08-11,1292.557215,500.2044065,152.3146069061232,1637.4991760689475,ensemble|spatial,964.226260906657,441.73945221747175,2103.3115314833467,median,500.2044065,152.3146069061232,1637.4991760689475
MPL-0710,S1:58.4,2015-08-11,32.01739,-141.4973835,8,3,S1_trawl_5_to_50:2015-08-11,1849.2198,500.2044065,152.3146069061232,1637.4991760689475,ensemble|spatial,942.4802620746542,431.7647841000097,2055.9025891874508,median,500.2044065,152.3146069061232,1637.4991760689475
MPL-0711,S1:56.4,2015-08-11,32.01915,-142.5771415,8,3,S1_trawl_5_to_50:2015-08-11,961.750609,500.2044065,152.3146069061232,1637.4991760689475,ensemble|spatial,792.4301499321843,362.938326360738,1728.7749569728278,median,500.2044065,152.3146069061232,1637.4991760689475
MPL-0715,S1:55.4,2015-08-11,32.021825,-143.1047085,8,3,S1_trawl_5_to_50:2015-08-11,937.233371,500.2044065,152.3146069061232,1637.4991760689475,ensemble|spatial,799.765712291538,366.3030740807562,1744.767381845524,median,500.2044065,152.3146069061232,1637.4991760689475
MPL-0716,S1:61.3,2015-08-12,31.99739,-139.8349335,8,1,S1_trawl_5_to_50:2015-08-12,969.284957,633.666764,223.72925443173798,1791.3874768542148,random_forest|spatial_geography_no_season,554.4304933957338,251.5097519648563,1220.7470041979407,median,633.666764,223.72925443173798,1791.3874768542148
MPL-0721,S1:60.4,2015-08-12,32.00135,-140.3389585,8,1,S1_trawl_5_to_50:2015-08-12,1390.855413,633.666764,223.72925443173798,1791.3874768542148,random_forest|spatial_geography_no_season,638.5129902850953,289.73532777779843,1405.6982085367863,median,633.666764,223.72925443173798,1791.3874768542148
MPL-0724,S1:62.3,2015-08-12,32.007425,-139.3066335,8,1,S1_trawl_5_to_50:2015-08-12,883.382867,633.666764,223.72925443173798,1791.3874768542148,random_forest|spatial_geography_no_season,585.1170230750365,265.4604588311827,1288.246315364149,median,633.666764,223.72925443173798,1791.3874768542148
MPL-0725,S1:66.4,2015-08-13,31.994635,-137.2262165,8,4,S1_trawl_5_to_50:2015-08-13,940.427881,659.544272,196.41853516934856,2209.1204170000005,random_forest|spatial_geography_no_season,913.6680224544315,365.2141064907115,2283.504000453953,median,659.544272,196.41853516934856,2209.1204170000005
MPL-0726,S1:65.3,2015-08-13,31.9947,-137.7624415,8,4,S1_trawl_5_to_50:2015-08-13,254.925782,659.544272,196.41853516934856,2209.1204170000005,random_forest|spatial_geography_no_season,911.7911751005603,364.4626557349794,2278.8163266937454,median,659.544272,196.41853516934856,2209.1204170000005
MPL-0727,S1:66.3,2015-08-13,31.99716,-137.2263335,8,4,S1_trawl_5_to_50:2015-08-13,942.476591,659.544272,196.41853516934856,2209.1204170000005,random_forest|spatial_geography_no_season,916.0463966066288,366.1663581751099,2289.444303527729,median,659.544272,196.41853516934856,2209.1204170000005
MPL-0736,S1:64.3,2015-08-13,32.007085,-138.2743415,8,4,S1_trawl_5_to_50:2015-08-13,926.093191,659.544272,196.41853516934856,2209.1204170000005,random_forest|spatial_geography_no_season,754.0993410232813,301.32611581033234,1884.9601767632257,median,659.544272,196.41853516934856,2209.1204170000005
MPL-0738,S1:63.3,2015-08-13,32.0156,-138.781625,8,4,S1_trawl_5_to_50:2015-08-13,473.750303,659.544272,196.41853516934856,2209.1204170000005,random_forest|spatial_geography_no_season,758.5333574681997,303.10140403587184,1896.0347175341087,median,659.544272,196.41853516934856,2209.1204170000005
MPL-0739,S1:69.4,2015-08-14,31.99764,-135.6463915,8,4,S1_trawl_5_to_50:2015-08-14,1171.220722,659.544272,196.41853516934856,2209.1204170000005,random_forest|spatial_geography_no_season,854.572600171788,341.55352501454246,2135.905390576957,median,659.544272,196.41853516934856,2209.1204170000005
MPL-0742,S1:68.4,2015-08-14,32.001165,-136.1661665,8,4,S1_trawl_5_to_50:2015-08-14,470.658241,659.544272,196.41853516934856,2209.1204170000005,random_forest|spatial_geography_no_season,910.1196387030191,363.7934072281281,2274.641444120678,median,659.544272,196.41853516934856,2209.1204170000005
MPL-0747,S1:70.4,2015-08-14,32.00864,-135.113225,8,4,S1_trawl_5_to_50:2015-08-14,727.272727,659.544272,196.41853516934856,2209.1204170000005,random_forest|spatial_geography_no_season,813.7166932499011,325.1956672115362,2033.8623755005501,median,659.544272,196.41853516934856,2209.1204170000005
MPL-0751,S1:67.4,2015-08-14,32.01855,-136.6982335,8,4,S1_trawl_5_to_50:2015-08-14,1425.853627,659.544272,196.41853516934856,2209.1204170000005,random_forest|spatial_geography_no_season,923.3824599587401,369.1035657954698,2307.767089133057,median,659.544272,196.41853516934856,2209.1204170000005
MPL-0753,S1:71.4,2015-08-15,32.008585,-134.5978585,8,2,S1_trawl_5_to_50:2015-08-15,290.674527,722.8298035,217.71212158647336,2394.521476516335,ensemble|all,720.9246790247338,317.52946866769645,1635.191603762342,median,722.8298035,217.71212158647336,2394.521476516335
MPL-0755,S1:72.4,2015-08-15,32.996175,-134.1399,8,2,S1_trawl_5_to_50:2015-08-15,71.74788,722.8298035,217.71212158647336,2394.521476516335,ensemble|all,680.9113460233518,299.87468268950835,1544.504193569007,median,722.8298035,217.71212158647336,2394.521476516335
MPL-0756,S1:73.3,2015-08-15,32.99759,-134.7286085,8,2,S1_trawl_5_to_50:2015-08-15,1417.506452,722.8298035,217.71212158647336,2394.521476516335,ensemble|all,763.2040780695295,336.1840941495701,1731.0148935585373,median,722.8298035,217.71212158647336,2394.521476516335
MPL-0762,S1:74.3,2015-08-16,32.987775,-135.2962085,8,0,S1_trawl_5_to_50:2015-08-16,1026.323987,555.727671,206.42510016386413,1493.2535855700671,catboost|spatial_geography_no_season,660.69049909594,260.64808094612823,1672.3710219108455,median,555.727671,206.42510016386413,1493.2535855700671
MPL-0763,S1:75.3,2015-08-16,32.996535,-136.8875415,8,0,S1_trawl_5_to_50:2015-08-16,1518.942464,555.727671,206.42510016386413,1493.2535855700671,catboost|spatial_geography_no_season,760.4236477988823,300.0849279319818,1924.5894853638483,median,555.727671,206.42510016386413,1493.2535855700671
MPL-0768,S1:77.3,2015-08-17,32.98329,-138.0048415,8,1,S1_trawl_5_to_50:2015-08-17,376.349309,633.666764,223.72925443173798,1791.3874768542148,random_forest|spatial_geography_no_season,681.0627911441176,309.0793137289094,1499.2924428232552,median,633.666764,223.72925443173798,1791.3874768542148
MPL-0770,S1:78.3,2015-08-17,32.9915,-139.571725,8,1,S1_trawl_5_to_50:2015-08-17,748.005286,633.666764,223.72925443173798,1791.3874768542148,random_forest|spatial_geography_no_season,593.5242424861558,269.28254802768515,1306.739169557971,median,633.666764,223.72925443173798,1791.3874768542148
MPL-0777,S1:79.4,2015-08-18,33.786985,-138.3120665,8,4,S1_trawl_5_to_50:2015-08-18,552.015861,659.544272,196.41853516934856,2209.1204170000005,random_forest|spatial_geography_no_season,774.9831144472621,309.68754557158604,1937.1201547666492,median,659.544272,196.41853516934856,2209.1204170000005
MPL-0778,S1:79.3,2015-08-18,33.7888,-138.313375,8,4,S1_trawl_5_to_50:2015-08-18,361.510331,659.544272,196.41853516934856,2209.1204170000005,random_forest|spatial_geography_no_season,774.9831144472621,309.68754557158604,1937.1201547666492,median,659.544272,196.41853516934856,2209.1204170000005
MPL-0526,S1:0.1,2015-07-25,33.1895665,-128.790017,9,3,S1_trawl_5_to_50:2015-07-25,91.014999,700.9904565,276.35028385180254,1775.7805901377506,random_forest|spatial_weather_no_season,413.341365732131,159.2185028734252,1070.5289699866696,median,700.9904565,276.35028385180254,1775.7805901377506
MPL-0530,S1:2.3,2015-07-27,29.054015,-134.546025,9,3,S1_trawl_5_to_50:2015-07-27,61.817996,700.9904565,276.35028385180254,1775.7805901377506,random_forest|spatial_weather_no_season,255.72486325191923,98.27097954105534,662.9166422696504,median,700.9904565,276.35028385180254,1775.7805901377506
MPL-0531,S1:1.3,2015-07-27,29.07234,-134.05625,9,3,S1_trawl_5_to_50:2015-07-27,152.892947,700.9904565,276.35028385180254,1775.7805901377506,random_forest|spatial_weather_no_season,261.57268800943257,100.53223029997825,678.0397126587454,median,700.9904565,276.35028385180254,1775.7805901377506
MPL-0535,S1:4.3,2015-07-28,28.988125,-135.6992415,9,3,S1_trawl_5_to_50:2015-07-28,255.766117,700.9904565,276.35028385180254,1775.7805901377506,random_forest|spatial_weather_no_season,216.8305594367148,83.23123781368727,562.3320114500519,median,700.9904565,276.35028385180254,1775.7805901377506
MPL-0543,S1:3.3,2015-07-28,29.00679,-135.1118335,9,3,S1_trawl_5_to_50:2015-07-28,177.80932,700.9904565,276.35028385180254,1775.7805901377506,random_forest|spatial_weather_no_season,264.83658907509675,101.79432331196531,686.4804932234613,median,700.9904565,276.35028385180254,1775.7805901377506
MPL-0544,S1:6.4,2015-07-28,29.0074,-136.8627915,9,3,S1_trawl_5_to_50:2015-07-28,348.007734,700.9904565,276.35028385180254,1775.7805901377506,random_forest|spatial_weather_no_season,272.2191917387473,104.64904563492098,705.5726555858273,median,700.9904565,276.35028385180254,1775.7805901377506
MPL-0545,S1:6.3,2015-07-28,29.00841,-136.8621665,9,3,S1_trawl_5_to_50:2015-07-28,340.282743,700.9904565,276.35028385180254,1775.7805901377506,random_forest|spatial_weather_no_season,272.2191917387473,104.64904563492098,705.5726555858273,median,700.9904565,276.35028385180254,1775.7805901377506
MPL-0546,S1:5.3,2015-07-28,29.00875,-136.26805,9,3,S1_trawl_5_to_50:2015-07-28,346.539186,700.9904565,276.35028385180254,1775.7805901377506,random_forest|spatial_weather_no_season,271.18711434141835,104.2499594969551,702.903598325391,median,700.9904565,276.35028385180254,1775.7805901377506
MPL-0551,S1:9.4,2015-07-29,28.999935,-138.5806,9,4,S1_trawl_5_to_50:2015-07-29,415.473402,722.8298035,256.33855310699096,2034.9544969424778,random_forest|spatial_weather_no_season,184.56588105835726,81.2281054075914,417.77039538096113,median,722.8298035,256.33855310699096,2034.9544969424778
MPL-0554,S1:10.4,2015-07-29,29.000435,-139.1930835,9,4,S1_trawl_5_to_50:2015-07-29,422.521177,722.8298035,256.33855310699096,2034.9544969424778,random_forest|spatial_weather_no_season,155.19848511088813,68.21480082949633,351.49638023286764,median,722.8298035,256.33855310699096,2034.9544969424778
MPL-0555,S1:8.4,2015-07-29,29.00169,-138.0501585,9,4,S1_trawl_5_to_50:2015-07-29,257.163107,722.8298035,256.33855310699096,2034.9544969424778,random_forest|spatial_weather_no_season,175.87019034147363,77.37486380530106,398.14664871562064,median,722.8298035,256.33855310699096,2034.9544969424778
MPL-0559,S1:7.4,2015-07-29,29.007175,-137.46765,9,4,S1_trawl_5_to_50:2015-07-29,346.454898,722.8298035,256.33855310699096,2034.9544969424778,random_forest|spatial_weather_no_season,186.81524965404427,82.22484746454586,422.8465924210686,median,722.8298035,256.33855310699096,2034.9544969424778
MPL-0563,S1:11.4,2015-07-29,29.0174845,-139.833862,9,4,S1_trawl_5_to_50:2015-07-29,66.287879,722.8298035,256.33855310699096,2034.9544969424778,random_forest|spatial_weather_no_season,202.65157413393098,89.24225255633334,458.5847562796379,median,722.8298035,256.33855310699096,2034.9544969424778
MPL-0566,S1:12.3,2015-07-30,28.99819,-140.4820415,9,2,S1_trawl_5_to_50:2015-07-30,86.517306,555.727671,181.7087807867414,1695.3919211898988,catboost|spatial_weather_no_season,391.7982720331712,159.64135964870795,959.4654918860813,median,555.727671,181.7087807867414,1695.3919211898988
MPL-0569,S1:13.3,2015-07-30,28.99935,-141.0904165,9,2,S1_trawl_5_to_50:2015-07-30,58.416996,555.727671,181.7087807867414,1695.3919211898988,catboost|spatial_weather_no_season,338.75256010527534,137.94743710795078,829.7587710913132,median,555.727671,181.7087807867414,1695.3919211898988
MPL-0570,S1:14.3,2015-07-30,29.00124,-141.6246665,9,2,S1_trawl_5_to_50:2015-07-30,225.114268,555.727671,181.7087807867414,1695.3919211898988,catboost|spatial_weather_no_season,240.09120075549578,97.59823997757258,588.5132316251085,median,555.727671,181.7087807867414,1695.3919211898988
MPL-0573,S1:17.4,2015-07-31,28.987515,-143.5660835,9,4,S1_trawl_5_to_50:2015-07-31,150.661497,722.8298035,256.33855310699096,2034.9544969424778,random_forest|spatial_weather_no_season,188.63038282575482,83.02917076428702,426.94284132011745,median,722.8298035,256.33855310699096,2034.9544969424778
MPL-0574,S1:17.3,2015-07-31,28.98866,-143.5482335,9,4,S1_trawl_5_to_50:2015-07-31,201.055457,722.8298035,256.33855310699096,2034.9544969424778,random_forest|spatial_weather_no_season,188.63038282575482,83.02917076428702,426.94284132011745,median,722.8298035,256.33855310699096,2034.9544969424778
MPL-0577,S1:15.3,2015-07-31,29.00566,-142.3245335,9,4,S1_trawl_5_to_50:2015-07-31,141.836664,722.8298035,256.33855310699096,2034.9544969424778,random_forest|spatial_weather_no_season,196.60580812313646,86.56324776315745,444.9411499858441,median,722.8298035,256.33855310699096,2034.9544969424778
MPL-0581,S1:16.3,2015-07-31,29.00719,-142.9808085,9,4,S1_trawl_5_to_50:2015-07-31,315.828009,722.8298035,256.33855310699096,2034.9544969424778,random_forest|spatial_weather_no_season,205.12022619497455,90.33616368230331,464.1558148910866,median,722.8298035,256.33855310699096,2034.9544969424778
MPL-0588,S1:20.4,2015-08-01,30.006425,-141.7679665,9,0,S1_trawl_5_to_50:2015-08-01,659.544272,492.80722149999997,153.64640277891695,1575.7943361356586,catboost|all,483.09623404584534,203.23702347202658,1146.4372267742513,median,492.80722149999997,153.64640277891695,1575.7943361356586
MPL-0590,S1:19.4,2015-08-01,30.010985,-142.26325,9,0,S1_trawl_5_to_50:2015-08-01,2109.259348,492.80722149999997,153.64640277891695,1575.7943361356586,catboost|all,438.45809372404995,184.40448508093726,1040.632925197408,median,492.80722149999997,153.64640277891695,1575.7943361356586
MPL-0593,S1:18.4,2015-08-01,30.023565,-142.7086915,9,0,S1_trawl_5_to_50:2015-08-01,1162.176439,492.80722149999997,153.64640277891695,1575.7943361356586,catboost|all,389.88762289532303,163.91292226131276,925.5079512122641,median,492.80722149999997,153.64640277891695,1575.7943361356586
MPL-0596,S1:24.4,2015-08-02,29.9806,-139.8215915,9,2,S1_trawl_5_to_50:2015-08-02,495.219971,555.727671,181.7087807867414,1695.3919211898988,catboost|spatial_weather_no_season,464.1859563912813,189.24550219474824,1136.4669651961146,median,555.727671,181.7087807867414,1695.3919211898988
MPL-0597,S1:21.4,2015-08-02,29.998635,-141.3439415,9,2,S1_trawl_5_to_50:2015-08-02,844.062324,555.727671,181.7087807867414,1695.3919211898988,catboost|spatial_weather_no_season,391.0281186328901,159.32639265886132,957.5823222870911,median,555.727671,181.7087807867414,1695.3919211898988
MPL-0599,S1:22.4,2015-08-02,29.999935,-140.8015085,9,2,S1_trawl_5_to_50:2015-08-02,724.645668,555.727671,181.7087807867414,1695.3919211898988,catboost|spatial_weather_no_season,487.04429773961857,198.5937995141445,1192.3598996359503,median,555.727671,181.7087807867414,1695.3919211898988
MPL-0603,S1:27.3,2015-08-03,29.985215,-138.2296,9,0,S1_trawl_5_to_50:2015-08-03,423.877587,492.80722149999997,153.64640277891695,1575.7943361356586,catboost|all,425.2197191472368,178.8193017454271,1009.2544455830041,median,492.80722149999997,153.64640277891695,1575.7943361356586
MPL-0606,S1:26.3,2015-08-03,30.00074,-138.767875,9,0,S1_trawl_5_to_50:2015-08-03,529.96366,492.80722149999997,153.64640277891695,1575.7943361356586,catboost|all,569.8687699917394,239.84578680115942,1352.1112870200839,median,492.80722149999997,153.64640277891695,1575.7943361356586
MPL-0607,S1:25.3,2015-08-03,30.00105,-139.342975,9,0,S1_trawl_5_to_50:2015-08-03,1719.436293,492.80722149999997,153.64640277891695,1575.7943361356586,catboost|all,600.8811953548095,252.92972549216353,1425.61900893881,median,492.80722149999997,153.64640277891695,1575.7943361356586
MPL-0610,S1:28.3,2015-08-03,30.003565,-137.7446665,9,0,S1_trawl_5_to_50:2015-08-03,505.188842,492.80722149999997,153.64640277891695,1575.7943361356586,catboost|all,666.2275469745374,280.4989222984038,1580.5072960376406,median,492.80722149999997,153.64640277891695,1575.7943361356586
MPL-0618,S1:31.4,2015-08-04,29.996715,-136.0622665,9,3,S1_trawl_5_to_50:2015-08-04,246.22585,700.9904565,276.35028385180254,1775.7805901377506,random_forest|spatial_weather_no_season,562.5288663752959,216.9066797665064,1456.3430405093886,median,700.9904565,276.35028385180254,1775.7805901377506
MPL-0621,S1:30.4,2015-08-04,30.00139,-136.6523,9,3,S1_trawl_5_to_50:2015-08-04,720.647461,700.9904565,276.35028385180254,1775.7805901377506,random_forest|spatial_weather_no_season,615.2831284455959,237.30582305301112,1592.7709349309662,median,700.9904565,276.35028385180254,1775.7805901377506
MPL-0622,S1:29.3,2015-08-04,30.002915,-137.2931585,9,3,S1_trawl_5_to_50:2015-08-04,646.404545,700.9904565,276.35028385180254,1775.7805901377506,random_forest|spatial_weather_no_season,619.6839125212128,239.00752868604314,1604.1518107441914,median,700.9904565,276.35028385180254,1775.7805901377506
MPL-0623,S1:30.3,2015-08-04,30.00491,-136.6517,9,3,S1_trawl_5_to_50:2015-08-04,490.394472,700.9904565,276.35028385180254,1775.7805901377506,random_forest|spatial_weather_no_season,619.2664178617023,238.8460908600461,1603.0721270353495,median,700.9904565,276.35028385180254,1775.7805901377506
MPL-0627,S1:32.4,2015-08-04,30.015125,-135.476125,9,3,S1_trawl_5_to_50:2015-08-04,949.556256,700.9904565,276.35028385180254,1775.7805901377506,random_forest|spatial_weather_no_season,622.4278349942299,240.0685551414894,1611.2478737115948,median,700.9904565,276.35028385180254,1775.7805901377506
MPL-0631,S1:34.4,2015-08-05,30.000825,-134.268275,9,2,S1_trawl_5_to_50:2015-08-05,373.240546,555.727671,181.7087807867414,1695.3919211898988,catboost|spatial_weather_no_season,217.9123609597279,88.52783607334625,534.2818060039034,median,555.727671,181.7087807867414,1695.3919211898988
MPL-0634,S1:33.4,2015-08-05,30.00406,-134.8896165,9,2,S1_trawl_5_to_50:2015-08-05,633.666764,555.727671,181.7087807867414,1695.3919211898988,catboost|spatial_weather_no_season,469.82762834577863,191.5527573890529,1150.2619119019357,median,555.727671,181.7087807867414,1695.3919211898988
MPL-0637,S1:35.4,2015-08-05,30.998235,-134.2625085,9,2,S1_trawl_5_to_50:2015-08-05,828.098322,555.727671,181.7087807867414,1695.3919211898988,catboost|spatial_weather_no_season,272.3170000664467,110.77751439311884,667.311358781841,median,555.727671,181.7087807867414,1695.3919211898988
MPL-0640,S1:39.3,2015-08-06,30.97964,-136.3260415,9,1,S1_trawl_5_to_50:2015-08-06,721.013939,500.2044065,149.19751036138157,1671.5034688697936,ensemble|spatial_season,985.5444440673973,385.5582460495337,2516.7834131509767,median,500.2044065,149.19751036138157,1671.5034688697936
MPL-0642,S1:38.3,2015-08-06,30.991785,-135.9519665,9,1,S1_trawl_5_to_50:2015-08-06,846.359613,500.2044065,149.19751036138157,1671.5034688697936,ensemble|spatial_season,839.2320398350446,328.22857712740574,2143.3760651802536,median,500.2044065,149.19751036138157,1671.5034688697936
MPL-0647,S1:36.3,2015-08-06,30.997975,-134.8475585,9,1,S1_trawl_5_to_50:2015-08-06,347.331302,500.2044065,149.19751036138157,1671.5034688697936,ensemble|spatial_season,695.8794764157592,272.0586642407667,1777.5225969658072,median,500.2044065,149.19751036138157,1671.5034688697936
MPL-0648,S1:37.3,2015-08-06,31.000565,-135.4216585,9,1,S1_trawl_5_to_50:2015-08-06,1104.538559,500.2044065,149.19751036138157,1671.5034688697936,ensemble|spatial_season,658.846135271239,257.54787003958637,1683.0089309794982,median,500.2044065,149.19751036138157,1671.5034688697936
MPL-0654,S1:41.3,2015-08-07,30.965825,-137.3956835,9,3,S1_trawl_5_to_50:2015-08-07,2209.120417,700.9904565,276.35028385180254,1775.7805901377506,random_forest|spatial_weather_no_season,949.614779943654,366.5859796976864,2457.3866353948683,median,700.9904565,276.35028385180254,1775.7805901377506
MPL-0656,S1:42.3,2015-08-07,30.988835,-137.914525,9,3,S1_trawl_5_to_50:2015-08-07,1706.702091,700.9904565,276.35028385180254,1775.7805901377506,random_forest|spatial_weather_no_season,907.4721380318676,350.2901628841597,2348.4014714335967,median,700.9904565,276.35028385180254,1775.7805901377506
MPL-0658,S1:42.4,2015-08-07,30.98994,-137.91355,9,3,S1_trawl_5_to_50:2015-08-07,1197.871844,700.9904565,276.35028385180254,1775.7805901377506,random_forest|spatial_weather_no_season,907.4721380318676,350.2901628841597,2348.4014714335967,median,700.9904565,276.35028385180254,1775.7805901377506
MPL-0660,S1:43.4,2015-08-07,31.001675,-138.493,9,3,S1_trawl_5_to_50:2015-08-07,351.925224,700.9904565,276.35028385180254,1775.7805901377506,random_forest|spatial_weather_no_season,912.7376502899868,352.32624366351143,2362.0186223941946,median,700.9904565,276.35028385180254,1775.7805901377506
MPL-0666,S1:45.4,2015-08-08,30.987735,-139.5542835,9,1,S1_trawl_5_to_50:2015-08-08,1035.855936,500.2044065,149.19751036138157,1671.5034688697936,ensemble|spatial_season,1030.3607547146296,403.11864542371694,2631.1601797171206,median,500.2044065,149.19751036138157,1671.5034688697936
MPL-0668,S1:44.4,2015-08-08,30.99416,-139.0254165,9,1,S1_trawl_5_to_50:2015-08-08,729.389849,500.2044065,149.19751036138157,1671.5034688697936,ensemble|spatial_season,841.6123862759188,329.16126956788105,2149.4510036408838,median,500.2044065,149.19751036138157,1671.5034688697936
MPL-0669,S1:47.4,2015-08-08,30.99445,-140.6223835,9,1,S1_trawl_5_to_50:2015-08-08,1077.945907,500.2044065,149.19751036138157,1671.5034688697936,ensemble|spatial_season,861.1243786130885,336.80666413691984,2199.2480208553443,median,500.2044065,149.19751036138157,1671.5034688697936
MPL-0671,S1:46.4,2015-08-08,30.999525,-140.084,9,1,S1_trawl_5_to_50:2015-08-08,747.327276,500.2044065,149.19751036138157,1671.5034688697936,ensemble|spatial_season,756.9494068354658,295.9877282899035,1933.3806110448131,median,500.2044065,149.19751036138157,1671.5034688697936
MPL-0677,S1:48.4,2015-08-09,30.97485,-141.2498415,9,0,S1_trawl_5_to_50:2015-08-09,1380.789998,492.80722149999997,153.64640277891695,1575.7943361356586,catboost|all,848.484700342314,357.3920189441301,2012.5053739245386,median,492.80722149999997,153.64640277891695,1575.7943361356586
MPL-0680,S1:51.3,2015-08-09,30.9897265,-142.8742845,9,0,S1_trawl_5_to_50:2015-08-09,680.966974,492.80722149999997,153.64640277891695,1575.7943361356586,catboost|all,899.9229161643578,379.09346455217633,2134.4276686298344,median,492.80722149999997,153.64640277891695,1575.7943361356586
MPL-0684,S1:49.3,2015-08-09,30.991625,-141.8085085,9,0,S1_trawl_5_to_50:2015-08-09,1819.989117,492.80722149999997,153.64640277891695,1575.7943361356586,catboost|all,852.8572217357273,359.2367570182006,2022.8694161723743,median,492.80722149999997,153.64640277891695,1575.7943361356586
MPL-0687,S1:50.3,2015-08-09,30.996965,-142.37745,9,0,S1_trawl_5_to_50:2015-08-09,280.885892,492.80722149999997,153.64640277891695,1575.7943361356586,catboost|all,934.7797113814034,393.7993176496189,2217.0475727423236,median,492.80722149999997,153.64640277891695,1575.7943361356586
MPL-0691,S1:52.3,2015-08-10,31.00401,-143.3006915,9,0,S1_trawl_5_to_50:2015-08-10,559.439481,492.80722149999997,153.64640277891695,1575.7943361356586,catboost|all,844.205803884662,355.58678061589086,2002.363247752664,median,492.80722149999997,153.64640277891695,1575.7943361356586
MPL-0694,S1:53.3,2015-08-10,31.00916,-143.842775,9,0,S1_trawl_5_to_50:2015-08-10,349.268718,492.80722149999997,153.64640277891695,1575.7943361356586,catboost|all,971.7704934325012,409.4054857845753,2304.7255949780897,median,492.80722149999997,153.64640277891695,1575.7943361356586
MPL-0699,S1:54.4,2015-08-10,32.023415,-143.6277915,9,0,S1_trawl_5_to_50:2015-08-10,741.629573,492.80722149999997,153.64640277891695,1575.7943361356586,catboost|all,936.8624436884422,394.67800873862734,2221.9842039623786,median,492.80722149999997,153.64640277891695,1575.7943361356586
MPL-0701,S1:54.3,2015-08-10,32.028835,-143.6377665,9,0,S1_trawl_5_to_50:2015-08-10,439.780685,492.80722149999997,153.64640277891695,1575.7943361356586,catboost|all,936.8624436884422,394.67800873862734,2221.9842039623786,median,492.80722149999997,153.64640277891695,1575.7943361356586
MPL-0705,S1:57.4,2015-08-11,32.003635,-142.0377085,9,0,S1_trawl_5_to_50:2015-08-11,1292.557215,492.80722149999997,153.64640277891695,1575.7943361356586,catboost|all,1072.8026150159283,452.03027469237105,2544.198677501239,median,492.80722149999997,153.64640277891695,1575.7943361356586
MPL-0710,S1:58.4,2015-08-11,32.01739,-141.4973835,9,0,S1_trawl_5_to_50:2015-08-11,1849.2198,492.80722149999997,153.64640277891695,1575.7943361356586,catboost|all,1169.5547491386078,492.84936498488304,2773.5270478841085,median,492.80722149999997,153.64640277891695,1575.7943361356586
MPL-0711,S1:56.4,2015-08-11,32.01915,-142.5771415,9,0,S1_trawl_5_to_50:2015-08-11,961.750609,492.80722149999997,153.64640277891695,1575.7943361356586,catboost|all,989.1248374092179,416.72716959213545,2345.8600201701774,median,492.80722149999997,153.64640277891695,1575.7943361356586
MPL-0715,S1:55.4,2015-08-11,32.021825,-143.1047085,9,0,S1_trawl_5_to_50:2015-08-11,937.233371,492.80722149999997,153.64640277891695,1575.7943361356586,catboost|all,996.5596827106119,419.86388202148254,2363.4825870776476,median,492.80722149999997,153.64640277891695,1575.7943361356586
MPL-0716,S1:61.3,2015-08-12,31.99739,-139.8349335,9,2,S1_trawl_5_to_50:2015-08-12,969.284957,555.727671,181.7087807867414,1695.3919211898988,catboost|spatial_weather_no_season,904.9446097365292,369.5010541955851,2214.2045901532338,median,555.727671,181.7087807867414,1695.3919211898988
MPL-0721,S1:60.4,2015-08-12,32.00135,-140.3389585,9,2,S1_trawl_5_to_50:2015-08-12,1390.855413,555.727671,181.7087807867414,1695.3919211898988,catboost|spatial_weather_no_season,925.0568479112616,377.7262871357514,2263.3827869702327,median,555.727671,181.7087807867414,1695.3919211898988
MPL-0724,S1:62.3,2015-08-12,32.007425,-139.3066335,9,2,S1_trawl_5_to_50:2015-08-12,883.382867,555.727671,181.7087807867414,1695.3919211898988,catboost|spatial_weather_no_season,911.7336347776799,372.27753843940445,2230.805030480591,median,555.727671,181.7087807867414,1695.3919211898988
MPL-0725,S1:66.4,2015-08-13,31.994635,-137.2262165,9,2,S1_trawl_5_to_50:2015-08-13,940.427881,555.727671,181.7087807867414,1695.3919211898988,catboost|spatial_weather_no_season,1020.0100442447995,416.5589695787183,2495.561171947816,median,555.727671,181.7087807867414,1695.3919211898988
MPL-0726,S1:65.3,2015-08-13,31.9947,-137.7624415,9,2,S1_trawl_5_to_50:2015-08-13,254.925782,555.727671,181.7087807867414,1695.3919211898988,catboost|spatial_weather_no_season,956.6792107996828,390.6587762309984,2340.705398826485,median,555.727671,181.7087807867414,1695.3919211898988
MPL-0727,S1:66.3,2015-08-13,31.99716,-137.2263335,9,2,S1_trawl_5_to_50:2015-08-13,942.476591,555.727671,181.7087807867414,1695.3919211898988,catboost|spatial_weather_no_season,1020.0100442447995,416.5589695787183,2495.561171947816,median,555.727671,181.7087807867414,1695.3919211898988
MPL-0736,S1:64.3,2015-08-13,32.007085,-138.2743415,9,2,S1_trawl_5_to_50:2015-08-13,926.093191,555.727671,181.7087807867414,1695.3919211898988,catboost|spatial_weather_no_season,874.285331300679,356.96243443972384,2139.2369005263445,median,555.727671,181.7087807867414,1695.3919211898988
MPL-0738,S1:63.3,2015-08-13,32.0156,-138.781625,9,2,S1_trawl_5_to_50:2015-08-13,473.750303,555.727671,181.7087807867414,1695.3919211898988,catboost|spatial_weather_no_season,869.75987522535,355.111674218177,2128.1713111262143,median,555.727671,181.7087807867414,1695.3919211898988
MPL-0739,S1:69.4,2015-08-14,31.99764,-135.6463915,9,1,S1_trawl_5_to_50:2015-08-14,1171.220722,500.2044065,149.19751036138157,1671.5034688697936,ensemble|spatial_season,740.8266194828683,289.6703277531833,1892.2332640456573,median,500.2044065,149.19751036138157,1671.5034688697936
MPL-0742,S1:68.4,2015-08-14,32.001165,-136.1661665,9,1,S1_trawl_5_to_50:2015-08-14,470.658241,500.2044065,149.19751036138157,1671.5034688697936,ensemble|spatial_season,772.6814632664484,302.152028517109,1973.5307644158834,median,500.2044065,149.19751036138157,1671.5034688697936
MPL-0747,S1:70.4,2015-08-14,32.00864,-135.113225,9,1,S1_trawl_5_to_50:2015-08-14,727.272727,500.2044065,149.19751036138157,1671.5034688697936,ensemble|spatial_season,726.7383308178883,284.15010594369113,1856.2782092747582,median,500.2044065,149.19751036138157,1671.5034688697936
MPL-0751,S1:67.4,2015-08-14,32.01855,-136.6982335,9,1,S1_trawl_5_to_50:2015-08-14,1425.853627,500.2044065,149.19751036138157,1671.5034688697936,ensemble|spatial_season,773.0109601336951,302.2811354537986,1974.3716811652785,median,500.2044065,149.19751036138157,1671.5034688697936
MPL-0753,S1:71.4,2015-08-15,32.008585,-134.5978585,9,1,S1_trawl_5_to_50:2015-08-15,290.674527,500.2044065,149.19751036138157,1671.5034688697936,ensemble|spatial_season,676.6650121120003,264.5298502428694,1728.4849080836623,median,500.2044065,149.19751036138157,1671.5034688697936
MPL-0755,S1:72.4,2015-08-15,32.996175,-134.1399,9,1,S1_trawl_5_to_50:2015-08-15,71.74788,500.2044065,149.19751036138157,1671.5034688697936,ensemble|spatial_season,607.371734001207,237.37862739567962,1551.6398938327943,median,500.2044065,149.19751036138157,1671.5034688697936
MPL-0756,S1:73.3,2015-08-15,32.99759,-134.7286085,9,1,S1_trawl_5_to_50:2015-08-15,1417.506452,500.2044065,149.19751036138157,1671.5034688697936,ensemble|spatial_season,600.1449010975906,234.5469335287542,1533.1961226233386,median,500.2044065,149.19751036138157,1671.5034688697936
MPL-0762,S1:74.3,2015-08-16,32.987775,-135.2962085,9,1,S1_trawl_5_to_50:2015-08-16,1026.323987,500.2044065,149.19751036138157,1671.5034688697936,ensemble|spatial_season,588.8165999196408,230.1081591173198,1504.284897207657,median,500.2044065,149.19751036138157,1671.5034688697936
MPL-0763,S1:75.3,2015-08-16,32.996535,-136.8875415,9,1,S1_trawl_5_to_50:2015-08-16,1518.942464,500.2044065,149.19751036138157,1671.5034688697936,ensemble|spatial_season,615.9610937058512,240.74420088005982,1573.5610019227443,median,500.2044065,149.19751036138157,1671.5034688697936
MPL-0768,S1:77.3,2015-08-17,32.98329,-138.0048415,9,4,S1_trawl_5_to_50:2015-08-17,376.349309,722.8298035,256.33855310699096,2034.9544969424778,random_forest|spatial_weather_no_season,1061.6578806863563,469.88583163521196,2397.122210352731,median,722.8298035,256.33855310699096,2034.9544969424778
MPL-0770,S1:78.3,2015-08-17,32.9915,-139.571725,9,4,S1_trawl_5_to_50:2015-08-17,748.005286,722.8298035,256.33855310699096,2034.9544969424778,random_forest|spatial_weather_no_season,1062.720999113382,470.3569215445188,2399.5213718876166,median,722.8298035,256.33855310699096,2034.9544969424778
MPL-0777,S1:79.4,2015-08-18,33.786985,-138.3120665,9,4,S1_trawl_5_to_50:2015-08-18,552.015861,722.8298035,256.33855310699096,2034.9544969424778,random_forest|spatial_weather_no_season,997.5116733398572,441.46131162592013,2252.362125904692,median,722.8298035,256.33855310699096,2034.9544969424778
MPL-0778,S1:79.3,2015-08-18,33.7888,-138.313375,9,4,S1_trawl_5_to_50:2015-08-18,361.510331,722.8298035,256.33855310699096,2034.9544969424778,random_forest|spatial_weather_no_season,997.5116733398572,441.46131162592013,2252.362125904692,median,722.8298035,256.33855310699096,2034.9544969424778
