sample_id,event_id,measurement_profile,target_scope,concentration_items_km2,density_numerator_items,sampled_area_km2,recomputed,absolute_difference,relative_difference,check,calculation_method
MPL-0001,S3:HE419_MarLitter_transect01,S3_visual_GT2,all_litter,15.9,4.0,0.251,15.936254980079681,0.036254980079680976,0.00228018742639503,match,"published concentration, source rounding retained"
MPL-0002,S3:HE419_MarLitter_transect01,S3_visual_GT2,fisheries_litter_category,0.0,0.0,0.251,0.0,0.0,0.0,match,"published concentration, source rounding retained"
MPL-0008,S3:HE419_MarLitter_transect02,S3_visual_GT2,all_litter,36.4,6.0,0.165,36.36363636363636,0.03636363636363882,0.0009990009990010664,match,"published concentration, source rounding retained"
MPL-0009,S3:HE419_MarLitter_transect02,S3_visual_GT2,fisheries_litter_category,0.0,0.0,0.165,0.0,0.0,0.0,match,"published concentration, source rounding retained"
MPL-0018,S3:HE419_MarLitter_transect03,S3_visual_GT2,all_litter,27.6,3.0,0.109,27.522935779816514,0.07706422018348746,0.0027921818907060674,match,"published concentration, source rounding retained"
MPL-0019,S3:HE419_MarLitter_transect03,S3_visual_GT2,fisheries_litter_category,0.0,0.0,0.109,0.0,0.0,0.0,match,"published concentration, source rounding retained"
MPL-0020,S3:HE419_MarLitter_transect04,S3_visual_GT2,all_litter,29.5,5.0,0.17,29.41176470588235,0.08823529411764852,0.002991026919242323,match,"published concentration, source rounding retained"
MPL-0021,S3:HE419_MarLitter_transect04,S3_visual_GT2,fisheries_litter_category,0.0,0.0,0.17,0.0,0.0,0.0,match,"published concentration, source rounding retained"
MPL-0027,S3:HE419_MarLitter_transect05,S3_visual_GT2,all_litter,52.2,11.0,0.211,52.13270142180095,0.0672985781990505,0.0012892447930852584,match,"published concentration, source rounding retained"
MPL-0028,S3:HE419_MarLitter_transect05,S3_visual_GT2,fisheries_litter_category,4.745,1.0,0.211,4.739336492890995,0.005663507109004762,0.0011935736794530583,match,"published concentration, source rounding retained"
MPL-0035,S3:HE419_MarLitter_transect06,S3_visual_GT2,all_litter,30.3,5.0,0.165,30.3030303030303,0.0030303030303002743,0.00010001000100000905,match,"published concentration, source rounding retained"
MPL-0036,S3:HE419_MarLitter_transect06,S3_visual_GT2,fisheries_litter_category,0.0,0.0,0.165,0.0,0.0,0.0,match,"published concentration, source rounding retained"
MPL-0039,S3:HE419_MarLitter_transect08,S3_visual_GT2,all_litter,26.2,3.0,0.115,26.08695652173913,0.11304347826087024,0.004314636574842376,match,"published concentration, source rounding retained"
MPL-0040,S3:HE419_MarLitter_transect08,S3_visual_GT2,fisheries_litter_category,0.0,0.0,0.115,0.0,0.0,0.0,match,"published concentration, source rounding retained"
MPL-0043,S3:HE419_MarLitter_transect07,S3_visual_GT2,all_litter,30.5,4.0,0.131,30.534351145038165,0.0343511450381655,0.0011262670504316556,match,"published concentration, source rounding retained"
MPL-0044,S3:HE419_MarLitter_transect07,S3_visual_GT2,fisheries_litter_category,0.0,0.0,0.131,0.0,0.0,0.0,match,"published concentration, source rounding retained"
MPL-0051,S3:HE419_MarLitter_transect13,S3_visual_GT2,all_litter,76.9,8.0,0.104,76.92307692307692,0.023076923076914113,0.00030009002700798584,match,"published concentration, source rounding retained"
MPL-0052,S3:HE419_MarLitter_transect13,S3_visual_GT2,fisheries_litter_category,0.0,0.0,0.104,0.0,0.0,0.0,match,"published concentration, source rounding retained"
MPL-0056,S3:HE419_MarLitter_transect14,S3_visual_GT2,all_litter,34.2,7.0,0.204,34.31372549019608,0.11372549019607447,0.00332530673087937,match,"published concentration, source rounding retained"
MPL-0057,S3:HE419_MarLitter_transect14,S3_visual_GT2,fisheries_litter_category,0.0,0.0,0.204,0.0,0.0,0.0,match,"published concentration, source rounding retained"
MPL-0060,S3:HE419_MarLitter_transect09,S3_visual_GT2,all_litter,46.0,7.0,0.152,46.05263157894737,0.05263157894736992,0.001144164759725433,match,"published concentration, source rounding retained"
MPL-0061,S3:HE419_MarLitter_transect09,S3_visual_GT2,fisheries_litter_category,0.0,0.0,0.152,0.0,0.0,0.0,match,"published concentration, source rounding retained"
MPL-0067,S3:HE419_MarLitter_transect12,S3_visual_GT2,all_litter,48.0,6.0,0.125,48.0,0.0,0.0,match,"published concentration, source rounding retained"
MPL-0068,S3:HE419_MarLitter_transect12,S3_visual_GT2,fisheries_litter_category,0.0,0.0,0.125,0.0,0.0,0.0,match,"published concentration, source rounding retained"
MPL-0073,S3:HE419_MarLitter_transect10,S3_visual_GT2,all_litter,33.4,5.0,0.15,33.333333333333336,0.06666666666666288,0.0019960079840318228,match,"published concentration, source rounding retained"
MPL-0074,S3:HE419_MarLitter_transect10,S3_visual_GT2,fisheries_litter_category,0.0,0.0,0.15,0.0,0.0,0.0,match,"published concentration, source rounding retained"
MPL-0076,S3:HE419_MarLitter_transect11,S3_visual_GT2,all_litter,31.1,5.0,0.161,31.055900621118013,0.044099378881988116,0.0014179864592279137,match,"published concentration, source rounding retained"
MPL-0077,S3:HE419_MarLitter_transect11,S3_visual_GT2,fisheries_litter_category,0.0,0.0,0.161,0.0,0.0,0.0,match,"published concentration, source rounding retained"
MPL-0085,S3:HE419_MarLitter_transect18,S3_visual_GT2,all_litter,30.4,4.0,0.132,30.3030303030303,0.0969696969696976,0.003189792663476895,match,"published concentration, source rounding retained"
MPL-0086,S3:HE419_MarLitter_transect18,S3_visual_GT2,fisheries_litter_category,7.598,1.0,0.132,7.575757575757575,0.02224242424242462,0.0029274051385133745,match,"published concentration, source rounding retained"
MPL-0087,S3:HE419_MarLitter_transect15,S3_visual_GT2,all_litter,19.1,1.0,0.052,19.23076923076923,0.13076923076922853,0.006846556584776362,rounding,"published concentration, source rounding retained"
MPL-0088,S3:HE419_MarLitter_transect15,S3_visual_GT2,fisheries_litter_category,0.0,0.0,0.052,0.0,0.0,0.0,match,"published concentration, source rounding retained"
MPL-0092,S3:HE419_MarLitter_transect16,S3_visual_GT2,all_litter,16.8,1.0,0.059,16.949152542372882,0.14915254237288167,0.008878127522195337,rounding,"published concentration, source rounding retained"
MPL-0093,S3:HE419_MarLitter_transect16,S3_visual_GT2,fisheries_litter_category,0.0,0.0,0.059,0.0,0.0,0.0,match,"published concentration, source rounding retained"
MPL-0094,S3:HE419_MarLitter_transect17,S3_visual_GT2,all_litter,8.3,1.0,0.121,8.264462809917356,0.03553719008264444,0.004281589166583668,match,"published concentration, source rounding retained"
MPL-0095,S3:HE419_MarLitter_transect17,S3_visual_GT2,fisheries_litter_category,0.0,0.0,0.121,0.0,0.0,0.0,match,"published concentration, source rounding retained"
MPL-0096,S3:HE419_MarLitter_transect20,S3_visual_GT2,all_litter,23.6,4.0,0.17,23.52941176470588,0.07058823529412095,0.002991026919242413,match,"published concentration, source rounding retained"
MPL-0097,S3:HE419_MarLitter_transect20,S3_visual_GT2,fisheries_litter_category,0.0,0.0,0.17,0.0,0.0,0.0,match,"published concentration, source rounding retained"
MPL-0101,S3:HE419_MarLitter_transect19,S3_visual_GT2,all_litter,8.1,1.0,0.123,8.130081300813009,0.030081300813009193,0.0037137408411122464,match,"published concentration, source rounding retained"
MPL-0102,S3:HE419_MarLitter_transect19,S3_visual_GT2,fisheries_litter_category,0.0,0.0,0.123,0.0,0.0,0.0,match,"published concentration, source rounding retained"
MPL-0107,S3:HE419_MarLitter_transect21,S3_visual_GT2,all_litter,20.9,3.0,0.143,20.97902097902098,0.07902097902098149,0.003780908087128301,match,"published concentration, source rounding retained"
MPL-0108,S3:HE419_MarLitter_transect21,S3_visual_GT2,fisheries_litter_category,0.0,0.0,0.143,0.0,0.0,0.0,match,"published concentration, source rounding retained"
MPL-0109,S3:HE419_MarLitter_transect22,S3_visual_GT2,all_litter,12.7,1.0,0.079,12.658227848101266,0.04177215189873351,0.0032891458187979143,match,"published concentration, source rounding retained"
MPL-0110,S3:HE419_MarLitter_transect22,S3_visual_GT2,fisheries_litter_category,0.0,0.0,0.079,0.0,0.0,0.0,match,"published concentration, source rounding retained"
MPL-0114,S3:HE419_MarLitter_transect23,S3_visual_GT2,all_litter,145.7,11.0,0.075,146.66666666666669,0.966666666666697,0.0066346373827501515,rounding,"published concentration, source rounding retained"
MPL-0115,S3:HE419_MarLitter_transect23,S3_visual_GT2,fisheries_litter_category,13.247,1.0,0.075,13.333333333333334,0.08633333333333404,0.006517198862635618,rounding,"published concentration, source rounding retained"
MPL-0123,S3:HE419_MarLitter_transect24,S3_visual_GT2,all_litter,31.2,3.0,0.096,31.25,0.05000000000000071,0.0016025641025641253,match,"published concentration, source rounding retained"
MPL-0124,S3:HE419_MarLitter_transect24,S3_visual_GT2,fisheries_litter_category,0.0,0.0,0.096,0.0,0.0,0.0,match,"published concentration, source rounding retained"
MPL-0132,S3:HE419_MarLitter_transect25,S3_visual_GT2,all_litter,65.1,8.0,0.123,65.04065040650407,0.059349593495923614,0.0009116681028559695,match,"published concentration, source rounding retained"
MPL-0133,S3:HE419_MarLitter_transect25,S3_visual_GT2,fisheries_litter_category,0.0,0.0,0.123,0.0,0.0,0.0,match,"published concentration, source rounding retained"
MPL-0138,S3:HE419_MarLitter_transect26,S3_visual_GT2,all_litter,31.4,3.0,0.095,31.57894736842105,0.17894736842105274,0.005698960777740534,rounding,"published concentration, source rounding retained"
MPL-0139,S3:HE419_MarLitter_transect26,S3_visual_GT2,fisheries_litter_category,0.0,0.0,0.095,0.0,0.0,0.0,match,"published concentration, source rounding retained"
MPL-0141,S3:HE419_MarLitter_transect27,S3_visual_GT2,all_litter,13.9,2.0,0.144,13.88888888888889,0.011111111111111072,0.0007993605115907246,match,"published concentration, source rounding retained"
MPL-0142,S3:HE419_MarLitter_transect27,S3_visual_GT2,fisheries_litter_category,0.0,0.0,0.144,0.0,0.0,0.0,match,"published concentration, source rounding retained"
MPL-0146,S3:HE419_MarLitter_transect32,S3_visual_GT2,all_litter,19.7,6.0,0.305,19.672131147540984,0.02786885245901516,0.0014146625613713278,match,"published concentration, source rounding retained"
MPL-0147,S3:HE419_MarLitter_transect32,S3_visual_GT2,fisheries_litter_category,0.0,0.0,0.305,0.0,0.0,0.0,match,"published concentration, source rounding retained"
MPL-0148,S3:HE419_MarLitter_transect31,S3_visual_GT2,all_litter,6.1,1.0,0.165,6.0606060606060606,0.03939393939393909,0.006458022851465425,rounding,"published concentration, source rounding retained"
MPL-0149,S3:HE419_MarLitter_transect31,S3_visual_GT2,fisheries_litter_category,0.0,0.0,0.165,0.0,0.0,0.0,match,"published concentration, source rounding retained"
MPL-0158,S3:HE419_MarLitter_transect30,S3_visual_GT2,all_litter,195.1,30.0,0.154,194.80519480519482,0.2948051948051784,0.001511046616120853,match,"published concentration, source rounding retained"
MPL-0159,S3:HE419_MarLitter_transect30,S3_visual_GT2,fisheries_litter_category,0.0,0.0,0.154,0.0,0.0,0.0,match,"published concentration, source rounding retained"
MPL-0166,S3:HE419_MarLitter_transect29,S3_visual_GT2,all_litter,17.3,4.0,0.231,17.316017316017316,0.016017316017315153,0.0009258564171858469,match,"published concentration, source rounding retained"
MPL-0167,S3:HE419_MarLitter_transect29,S3_visual_GT2,fisheries_litter_category,0.0,0.0,0.231,0.0,0.0,0.0,match,"published concentration, source rounding retained"
MPL-0171,S3:HE419_MarLitter_transect28,S3_visual_GT2,all_litter,43.1,5.0,0.116,43.103448275862064,0.003448275862062644,8.00064005118943e-05,match,"published concentration, source rounding retained"
MPL-0172,S3:HE419_MarLitter_transect28,S3_visual_GT2,fisheries_litter_category,0.0,0.0,0.116,0.0,0.0,0.0,match,"published concentration, source rounding retained"
MPL-0176,S3:HE419_MarLitter_transect38,S3_visual_GT2,all_litter,32.1,2.0,0.062,32.25806451612903,0.1580645161290306,0.00492412822831871,match,"published concentration, source rounding retained"
MPL-0177,S3:HE419_MarLitter_transect38,S3_visual_GT2,fisheries_litter_category,0.0,0.0,0.062,0.0,0.0,0.0,match,"published concentration, source rounding retained"
MPL-0179,S3:HE419_MarLitter_transect37,S3_visual_GT2,all_litter,9.1,1.0,0.11,9.090909090909092,0.009090909090907928,0.0009990009990008713,match,"published concentration, source rounding retained"
MPL-0180,S3:HE419_MarLitter_transect37,S3_visual_GT2,fisheries_litter_category,0.0,0.0,0.11,0.0,0.0,0.0,match,"published concentration, source rounding retained"
MPL-0183,S3:HE419_MarLitter_transect34,S3_visual_GT2,all_litter,6.4,1.0,0.156,6.410256410256411,0.01025641025641022,0.0016025641025640969,match,"published concentration, source rounding retained"
MPL-0184,S3:HE419_MarLitter_transect34,S3_visual_GT2,fisheries_litter_category,0.0,0.0,0.156,0.0,0.0,0.0,match,"published concentration, source rounding retained"
MPL-0185,S3:HE419_MarLitter_transect35,S3_visual_GT2,all_litter,16.2,2.0,0.123,16.260162601626018,0.060162601626018386,0.0037137408411122464,match,"published concentration, source rounding retained"
MPL-0186,S3:HE419_MarLitter_transect35,S3_visual_GT2,fisheries_litter_category,0.0,0.0,0.123,0.0,0.0,0.0,match,"published concentration, source rounding retained"
MPL-0188,S3:HE419_MarLitter_transect36,S3_visual_GT2,all_litter,9.9,1.0,0.101,9.900990099009901,0.0009900990099005469,0.00010001000100005524,match,"published concentration, source rounding retained"
MPL-0189,S3:HE419_MarLitter_transect36,S3_visual_GT2,fisheries_litter_category,9.915,1.0,0.101,9.900990099009901,0.014009900990098245,0.0014130006041450575,match,"published concentration, source rounding retained"
MPL-0192,S3:HE419_MarLitter_transect33,S3_visual_GT2,all_litter,17.9,2.0,0.112,17.857142857142858,0.04285714285714093,0.002394253790901728,match,"published concentration, source rounding retained"
MPL-0193,S3:HE419_MarLitter_transect33,S3_visual_GT2,fisheries_litter_category,8.951,1.0,0.112,8.928571428571429,0.022428571428571686,0.0025057056673636114,match,"published concentration, source rounding retained"
MPL-0197,S2:MSM41_litter-T1,S2_visual_GT2,total_plastic,20.325203252,4.0,0.1968,20.32520325203252,3.2517988302060985e-11,1.5998850244639602e-12,match,sum Float items for selected material(s) / author-published area; summary area for interrupted transects
MPL-0198,S2:MSM41_litter-T1,S2_visual_GT2,plastic_category,20.325203252,4.0,0.1968,20.32520325203252,3.2517988302060985e-11,1.5998850244639602e-12,match,sum Float items for selected material(s) / author-published area; summary area for interrupted transects
MPL-0200,S2:MSM41_litter-T5,S2_visual_GT2,total_plastic,15.535187199,2.0,0.12874,15.53518719900575,5.750067089138611e-12,3.7013181852798935e-13,match,sum Float items for selected material(s) / author-published area; summary area for interrupted transects
MPL-0201,S2:MSM41_litter-T5,S2_visual_GT2,plastic_category,15.535187199,2.0,0.12874,15.53518719900575,5.750067089138611e-12,3.7013181852798935e-13,match,sum Float items for selected material(s) / author-published area; summary area for interrupted transects
MPL-0203,S2:MSM41_litter-T4,S2_visual_GT2,total_plastic,28.6123032904,7.0,0.24465,28.61230329041488,1.4878764886816498e-11,5.20012832794507e-13,match,sum Float items for selected material(s) / author-published area; summary area for interrupted transects
MPL-0204,S2:MSM41_litter-T4,S2_visual_GT2,plastic_category,8.17494379726,2.0,0.24465,8.174943797261394,1.3944401189291966e-12,1.7057488754804309e-13,match,sum Float items for selected material(s) / author-published area; summary area for interrupted transects
MPL-0205,S2:MSM41_litter-T4,S2_visual_GT2,plastic_category,20.4373594932,5.0,0.24465,20.437359493153483,4.651568019653496e-11,2.2760122320112756e-12,match,sum Float items for selected material(s) / author-published area; summary area for interrupted transects
MPL-0209,S2:MSM41_litter-T3,S2_visual_GT2,total_plastic,20.7458119392,4.0,0.19281,20.74581193921477,1.4772183476452483e-11,7.120561740242078e-13,match,sum Float items for selected material(s) / author-published area; summary area for interrupted transects
MPL-0210,S2:MSM41_litter-T3,S2_visual_GT2,plastic_category,20.7458119392,4.0,0.19281,20.74581193921477,1.4772183476452483e-11,7.120561740242078e-13,match,sum Float items for selected material(s) / author-published area; summary area for interrupted transects
MPL-0214,S2:MSM41_litter-T2,S2_visual_GT2,total_plastic,43.861572876,10.0,0.22799,43.861572876003336,3.339550858072471e-12,7.613842001320005e-14,match,sum Float items for selected material(s) / author-published area; summary area for interrupted transects
MPL-0215,S2:MSM41_litter-T2,S2_visual_GT2,plastic_category,43.861572876,10.0,0.22799,43.861572876003336,3.339550858072471e-12,7.613842001320005e-14,match,sum Float items for selected material(s) / author-published area; summary area for interrupted transects
MPL-0216,S2:MSM41_litter-T8,S2_visual_GT2,total_plastic,15.3759417764,3.0,0.19511,15.375941776433805,3.3805847010626167e-11,2.198619603419258e-12,match,sum Float items for selected material(s) / author-published area; summary area for interrupted transects
MPL-0217,S2:MSM41_litter-T8,S2_visual_GT2,plastic_category,15.3759417764,3.0,0.19511,15.375941776433805,3.3805847010626167e-11,2.198619603419258e-12,match,sum Float items for selected material(s) / author-published area; summary area for interrupted transects
MPL-0220,S2:MSM41_litter-T7,S2_visual_GT2,total_plastic,37.886760682,9.0,0.23755,37.88676068196169,3.83124643121846e-11,1.0112362108166944e-12,match,sum Float items for selected material(s) / author-published area; summary area for interrupted transects
MPL-0221,S2:MSM41_litter-T7,S2_visual_GT2,plastic_category,37.886760682,9.0,0.23755,37.88676068196169,3.83124643121846e-11,1.0112362108166944e-12,match,sum Float items for selected material(s) / author-published area; summary area for interrupted transects
MPL-0226,S2:MSM41_litter-T6,S2_visual_GT2,total_plastic,33.2446808511,8.0,0.24064,33.24468085106383,3.61666252501891e-11,1.0878920875245045e-12,match,sum Float items for selected material(s) / author-published area; summary area for interrupted transects
MPL-0227,S2:MSM41_litter-T6,S2_visual_GT2,plastic_category,33.2446808511,8.0,0.24064,33.24468085106383,3.61666252501891e-11,1.0878920875245045e-12,match,sum Float items for selected material(s) / author-published area; summary area for interrupted transects
MPL-0229,S2:MSM41_litter-T10,S2_visual_GT2,total_plastic,16.746912288,4.0,0.23885,16.74691228804689,4.688871513280901e-11,2.7998424023756975e-12,match,sum Float items for selected material(s) / author-published area; summary area for interrupted transects
MPL-0230,S2:MSM41_litter-T10,S2_visual_GT2,plastic_category,16.746912288,4.0,0.23885,16.74691228804689,4.688871513280901e-11,2.7998424023756975e-12,match,sum Float items for selected material(s) / author-published area; summary area for interrupted transects
MPL-0233,S2:MSM41_litter-T12,S2_visual_GT2,total_plastic,21.8126295125,2.0,0.09169,21.81262951248773,1.226752033289813e-11,5.624044696613984e-13,match,sum Float items for selected material(s) / author-published area; summary area for interrupted transects
MPL-0234,S2:MSM41_litter-T12,S2_visual_GT2,plastic_category,21.8126295125,2.0,0.09169,21.81262951248773,1.226752033289813e-11,5.624044696613984e-13,match,sum Float items for selected material(s) / author-published area; summary area for interrupted transects
MPL-0235,S2:MSM41_litter-T11,S2_visual_GT2,total_plastic,19.3330111165,2.0,0.10345,19.33301111648139,1.8609114249557024e-11,9.625564345574106e-13,match,sum Float items for selected material(s) / author-published area; summary area for interrupted transects
MPL-0236,S2:MSM41_litter-T11,S2_visual_GT2,plastic_category,19.3330111165,2.0,0.10345,19.33301111648139,1.8609114249557024e-11,9.625564345574106e-13,match,sum Float items for selected material(s) / author-published area; summary area for interrupted transects
MPL-0237,S2:MSM41_litter-T16,S2_visual_GT2,total_plastic,8.63781636002,2.0,0.23154,8.637816360024186,4.18509671362699e-12,4.845086465368314e-13,match,sum Float items for selected material(s) / author-published area; summary area for interrupted transects
MPL-0238,S2:MSM41_litter-T16,S2_visual_GT2,plastic_category,8.63781636002,2.0,0.23154,8.637816360024186,4.18509671362699e-12,4.845086465368314e-13,match,sum Float items for selected material(s) / author-published area; summary area for interrupted transects
MPL-0241,S2:MSM41_litter-T15,S2_visual_GT2,total_plastic,21.7164697707,5.0,0.23024,21.716469770674077,2.5924151714207255e-11,1.1937553381343907e-12,match,sum Float items for selected material(s) / author-published area; summary area for interrupted transects
MPL-0242,S2:MSM41_litter-T15,S2_visual_GT2,plastic_category,21.7164697707,5.0,0.23024,21.716469770674077,2.5924151714207255e-11,1.1937553381343907e-12,match,sum Float items for selected material(s) / author-published area; summary area for interrupted transects
MPL-0246,S2:MSM41_litter-T14,S2_visual_GT2,total_plastic,98.2111539811,14.0,0.14255,98.21115398105927,4.072830961376894e-11,4.147014668171683e-13,match,sum Float items for selected material(s) / author-published area; summary area for interrupted transects
MPL-0247,S2:MSM41_litter-T14,S2_visual_GT2,plastic_category,98.2111539811,14.0,0.14255,98.21115398105927,4.072830961376894e-11,4.147014668171683e-13,match,sum Float items for selected material(s) / author-published area; summary area for interrupted transects
MPL-0249,S2:MSM41_litter-T13,S2_visual_GT2,total_plastic,17.5284837862,4.0,0.2282,17.5284837861525,4.74997818855627e-11,2.7098625565640083e-12,match,sum Float items for selected material(s) / author-published area; summary area for interrupted transects
MPL-0250,S2:MSM41_litter-T13,S2_visual_GT2,plastic_category,13.1463628396,3.0,0.2282,13.146362839614374,1.4374279544426827e-11,1.093403530680596e-12,match,sum Float items for selected material(s) / author-published area; summary area for interrupted transects
MPL-0251,S2:MSM41_litter-T13,S2_visual_GT2,plastic_category,4.38212094654,1.0,0.2282,4.382120946538125,1.8749446439869644e-12,4.2786236775764217e-13,match,sum Float items for selected material(s) / author-published area; summary area for interrupted transects
MPL-0254,S2:MSM41_litter-T17,S2_visual_GT2,total_plastic,30.6426195062,7.0,0.22844,30.642619506216075,1.6076029396572267e-11,5.246297364792707e-13,match,sum Float items for selected material(s) / author-published area; summary area for interrupted transects
MPL-0255,S2:MSM41_litter-T17,S2_visual_GT2,plastic_category,30.6426195062,7.0,0.22844,30.642619506216075,1.6076029396572267e-11,5.246297364792707e-13,match,sum Float items for selected material(s) / author-published area; summary area for interrupted transects
MPL-0260,S2:MSM41_litter-T18,S2_visual_GT2,total_plastic,63.6363636364,14.0,0.22,63.63636363636363,3.636557721620193e-11,5.714590705399895e-13,match,sum Float items for selected material(s) / author-published area; summary area for interrupted transects
MPL-0261,S2:MSM41_litter-T18,S2_visual_GT2,plastic_category,63.6363636364,14.0,0.22,63.63636363636363,3.636557721620193e-11,5.714590705399895e-13,match,sum Float items for selected material(s) / author-published area; summary area for interrupted transects
MPL-0264,S2:MSM41_litter-T19,S2_visual_GT2,total_plastic,12.9126673266,3.0,0.23233,12.91266732664744,4.744116210986249e-11,3.674001731008282e-12,match,sum Float items for selected material(s) / author-published area; summary area for interrupted transects
MPL-0265,S2:MSM41_litter-T19,S2_visual_GT2,plastic_category,12.9126673266,3.0,0.23233,12.91266732664744,4.744116210986249e-11,3.674001731008282e-12,match,sum Float items for selected material(s) / author-published area; summary area for interrupted transects
MPL-0267,S2:MSM41_litter-T20,S2_visual_GT2,total_plastic,30.7287093942,7.0,0.2278,30.728709394205442,5.4427573559223674e-12,1.7712287509704784e-13,match,sum Float items for selected material(s) / author-published area; summary area for interrupted transects
MPL-0268,S2:MSM41_litter-T20,S2_visual_GT2,plastic_category,30.7287093942,7.0,0.2278,30.728709394205442,5.4427573559223674e-12,1.7712287509704784e-13,match,sum Float items for selected material(s) / author-published area; summary area for interrupted transects
MPL-0271,S2:MSM41_litter-T21,S2_visual_GT2,total_plastic,33.0305532618,8.0,0.2422,33.03055326176713,3.2869706956262235e-11,9.951303780998489e-13,match,sum Float items for selected material(s) / author-published area; summary area for interrupted transects
MPL-0272,S2:MSM41_litter-T21,S2_visual_GT2,plastic_category,33.0305532618,8.0,0.2422,33.03055326176713,3.2869706956262235e-11,9.951303780998489e-13,match,sum Float items for selected material(s) / author-published area; summary area for interrupted transects
MPL-0277,S2:MSM41_litter-T22,S2_visual_GT2,total_plastic,41.6666666667,10.0,0.24,41.66666666666667,3.33315597345063e-11,7.999574336275111e-13,match,sum Float items for selected material(s) / author-published area; summary area for interrupted transects
MPL-0278,S2:MSM41_litter-T22,S2_visual_GT2,plastic_category,41.6666666667,10.0,0.24,41.66666666666667,3.33315597345063e-11,7.999574336275111e-13,match,sum Float items for selected material(s) / author-published area; summary area for interrupted transects
MPL-0283,S2:MSM41_litter-T23,S2_visual_GT2,total_plastic,73.4963864277,18.0,0.24491,73.4963864276673,3.269917669967981e-11,4.449086314175011e-13,match,sum Float items for selected material(s) / author-published area; summary area for interrupted transects
MPL-0284,S2:MSM41_litter-T23,S2_visual_GT2,plastic_category,73.4963864277,18.0,0.24491,73.4963864276673,3.269917669967981e-11,4.449086314175011e-13,match,sum Float items for selected material(s) / author-published area; summary area for interrupted transects
MPL-0289,S2:MSM41_litter-T24,S2_visual_GT2,total_plastic,97.8723404255,23.0,0.235,97.87234042553192,3.19175796903437e-11,3.2611440118405283e-13,match,sum Float items for selected material(s) / author-published area; summary area for interrupted transects
MPL-0290,S2:MSM41_litter-T24,S2_visual_GT2,plastic_category,97.8723404255,23.0,0.235,97.87234042553192,3.19175796903437e-11,3.2611440118405283e-13,match,sum Float items for selected material(s) / author-published area; summary area for interrupted transects
MPL-0297,S2:MSM41_litter-T25,S2_visual_GT2,total_plastic,91.8235318669,22.0,0.23959,91.82353186693936,3.936406756110955e-11,4.286925884986491e-13,match,sum Float items for selected material(s) / author-published area; summary area for interrupted transects
MPL-0298,S2:MSM41_litter-T25,S2_visual_GT2,plastic_category,91.8235318669,22.0,0.23959,91.82353186693936,3.936406756110955e-11,4.286925884986491e-13,match,sum Float items for selected material(s) / author-published area; summary area for interrupted transects
MPL-0302,S2:MSM41_litter-T26,S2_visual_GT2,total_plastic,32.693093584,4.0,0.12235,32.693093583980385,1.9618084934336366e-11,6.000681729286535e-13,match,sum Float items for selected material(s) / author-published area; summary area for interrupted transects
MPL-0303,S2:MSM41_litter-T26,S2_visual_GT2,plastic_category,32.693093584,4.0,0.12235,32.693093583980385,1.9618084934336366e-11,6.000681729286535e-13,match,sum Float items for selected material(s) / author-published area; summary area for interrupted transects
MPL-0309,S2:MSM41_litter-T27,S2_visual_GT2,total_plastic,61.0687022901,14.0,0.22925,61.06870229007633,2.3668178528168937e-11,3.875664233986162e-13,match,sum Float items for selected material(s) / author-published area; summary area for interrupted transects
MPL-0310,S2:MSM41_litter-T27,S2_visual_GT2,plastic_category,61.0687022901,14.0,0.22925,61.06870229007633,2.3668178528168937e-11,3.875664233986162e-13,match,sum Float items for selected material(s) / author-published area; summary area for interrupted transects
MPL-0311,S2:MSM41_litter-T29,S2_visual_GT2,total_plastic,60.21246398,14.0,0.23251,60.21246398004387,4.3868908505828585e-11,7.285685654784025e-13,match,sum Float items for selected material(s) / author-published area; summary area for interrupted transects
MPL-0312,S2:MSM41_litter-T29,S2_visual_GT2,plastic_category,55.9115736958,13.0,0.23251,55.911573695755024,4.497735517361434e-11,8.044372962622045e-13,match,sum Float items for selected material(s) / author-published area; summary area for interrupted transects
MPL-0313,S2:MSM41_litter-T29,S2_visual_GT2,plastic_category,4.30089028429,1.0,0.23251,4.3008902842888475,1.1528555887707626e-12,2.6805045294501815e-13,match,sum Float items for selected material(s) / author-published area; summary area for interrupted transects
MPL-0320,S2:MSM41_litter-T28,S2_visual_GT2,total_plastic,54.6608922339,13.0,0.23783,54.660892233948616,4.8615333980706055e-11,8.893988369724312e-13,match,sum Float items for selected material(s) / author-published area; summary area for interrupted transects
MPL-0321,S2:MSM41_litter-T28,S2_visual_GT2,plastic_category,50.456208216,12.0,0.23783,50.45620821595257,4.742872761198669e-11,9.39997857329016e-13,match,sum Float items for selected material(s) / author-published area; summary area for interrupted transects
MPL-0322,S2:MSM41_litter-T28,S2_visual_GT2,plastic_category,4.204684018,1.0,0.23783,4.204684017996048,3.952393967665557e-12,9.39997857329016e-13,match,sum Float items for selected material(s) / author-published area; summary area for interrupted transects
MPL-0329,S2:MSM41_litter-T32,S2_visual_GT2,total_plastic,69.0786633279,16.0,0.23162,69.0786633278646,3.539923909556819e-11,5.124482349569565e-13,match,sum Float items for selected material(s) / author-published area; summary area for interrupted transects
MPL-0330,S2:MSM41_litter-T32,S2_visual_GT2,plastic_category,64.7612468699,15.0,0.23162,64.76124686987308,2.6929569685307797e-11,4.1582846203389314e-13,match,sum Float items for selected material(s) / author-published area; summary area for interrupted transects
MPL-0331,S2:MSM41_litter-T32,S2_visual_GT2,plastic_category,4.31741645799,1.0,0.23162,4.317416457991538,1.5374368445009168e-12,3.5610112192342915e-13,match,sum Float items for selected material(s) / author-published area; summary area for interrupted transects
MPL-0336,S2:MSM41_litter-T31,S2_visual_GT2,total_plastic,77.0975056689,17.0,0.2205,77.09750566893425,3.424815986363683e-11,4.4421877940795733e-13,match,sum Float items for selected material(s) / author-published area; summary area for interrupted transects
MPL-0337,S2:MSM41_litter-T31,S2_visual_GT2,plastic_category,77.0975056689,17.0,0.2205,77.09750566893425,3.424815986363683e-11,4.4421877940795733e-13,match,sum Float items for selected material(s) / author-published area; summary area for interrupted transects
MPL-0342,S2:MSM41_litter-T30,S2_visual_GT2,total_plastic,22.7977384643,5.0,0.21932,22.797738464344338,4.433786671143025e-11,1.9448361854339587e-12,match,sum Float items for selected material(s) / author-published area; summary area for interrupted transects
MPL-0343,S2:MSM41_litter-T30,S2_visual_GT2,plastic_category,22.7977384643,5.0,0.21932,22.797738464344338,4.433786671143025e-11,1.9448361854339587e-12,match,sum Float items for selected material(s) / author-published area; summary area for interrupted transects
MPL-0346,S2:MSM41_litter-T34,S2_visual_GT2,total_plastic,65.5451168888,15.0,0.22885,65.54511688879178,8.213874025386758e-12,1.2531633804730162e-13,match,sum Float items for selected material(s) / author-published area; summary area for interrupted transects
MPL-0347,S2:MSM41_litter-T34,S2_visual_GT2,plastic_category,65.5451168888,15.0,0.22885,65.54511688879178,8.213874025386758e-12,1.2531633804730162e-13,match,sum Float items for selected material(s) / author-published area; summary area for interrupted transects
MPL-0351,S2:MSM41_litter-T33,S2_visual_GT2,total_plastic,22.3693629205,5.0,0.22352,22.369362920544024,4.402522790769581e-11,1.9681037883895066e-12,match,sum Float items for selected material(s) / author-published area; summary area for interrupted transects
MPL-0352,S2:MSM41_litter-T33,S2_visual_GT2,plastic_category,22.3693629205,5.0,0.22352,22.369362920544024,4.402522790769581e-11,1.9681037883895066e-12,match,sum Float items for selected material(s) / author-published area; summary area for interrupted transects
MPL-0354,S2:MSM41_litter-T37,S2_visual_GT2,total_plastic,4.33952438813,1.0,0.23044,4.339524388127061,2.9389823907877144e-12,6.772591021326622e-13,match,sum Float items for selected material(s) / author-published area; summary area for interrupted transects
MPL-0355,S2:MSM41_litter-T37,S2_visual_GT2,plastic_category,4.33952438813,1.0,0.23044,4.339524388127061,2.9389823907877144e-12,6.772591021326622e-13,match,sum Float items for selected material(s) / author-published area; summary area for interrupted transects
MPL-0358,S2:MSM41_litter-T35,S2_visual_GT2,total_plastic,50.0,9.0,0.18,50.0,0.0,0.0,match,sum Float items for selected material(s) / author-published area; summary area for interrupted transects
MPL-0359,S2:MSM41_litter-T35,S2_visual_GT2,plastic_category,50.0,9.0,0.18,50.0,0.0,0.0,match,sum Float items for selected material(s) / author-published area; summary area for interrupted transects
MPL-0361,S2:MSM41_litter-T38,S2_visual_GT2,total_plastic,9.82752690285,2.0,0.20351,9.827526902854897,4.8974158062264905e-12,4.983365453628249e-13,match,sum Float items for selected material(s) / author-published area; summary area for interrupted transects
MPL-0362,S2:MSM41_litter-T38,S2_visual_GT2,plastic_category,9.82752690285,2.0,0.20351,9.827526902854897,4.8974158062264905e-12,4.983365453628249e-13,match,sum Float items for selected material(s) / author-published area; summary area for interrupted transects
MPL-0364,S2:MSM41_litter-T40,S2_visual_GT2,total_plastic,11.7647058824,3.0,0.255,11.76470588235294,4.7059245389391435e-11,4.000035858082272e-12,match,sum Float items for selected material(s) / author-published area; summary area for interrupted transects
MPL-0365,S2:MSM41_litter-T40,S2_visual_GT2,plastic_category,11.7647058824,3.0,0.255,11.76470588235294,4.7059245389391435e-11,4.000035858082272e-12,match,sum Float items for selected material(s) / author-published area; summary area for interrupted transects
MPL-0367,S2:MSM41_litter-T39,S2_visual_GT2,total_plastic,17.2324659659,2.0,0.11606,17.23246596587972,2.028244239227206e-11,1.1769901320221623e-12,match,sum Float items for selected material(s) / author-published area; summary area for interrupted transects
MPL-0368,S2:MSM41_litter-T39,S2_visual_GT2,plastic_category,17.2324659659,2.0,0.11606,17.23246596587972,2.028244239227206e-11,1.1769901320221623e-12,match,sum Float items for selected material(s) / author-published area; summary area for interrupted transects
MPL-0371,S2:MSM41_litter-T41,S2_visual_GT2,total_plastic,75.7403620389,10.0,0.13203,75.74036203893054,3.0539126782969106e-11,4.032080909157037e-13,match,sum Float items for selected material(s) / author-published area; summary area for interrupted transects
MPL-0372,S2:MSM41_litter-T41,S2_visual_GT2,plastic_category,75.7403620389,10.0,0.13203,75.74036203893054,3.0539126782969106e-11,4.032080909157037e-13,match,sum Float items for selected material(s) / author-published area; summary area for interrupted transects
MPL-0375,S2:MSM41_litter-T42,S2_visual_GT2,total_plastic,22.7928886188,3.0,0.13162,22.79288861875095,4.9048765049519716e-11,2.1519328186012976e-12,match,sum Float items for selected material(s) / author-published area; summary area for interrupted transects
MPL-0376,S2:MSM41_litter-T42,S2_visual_GT2,plastic_category,22.7928886188,3.0,0.13162,22.79288861875095,4.9048765049519716e-11,2.1519328186012976e-12,match,sum Float items for selected material(s) / author-published area; summary area for interrupted transects
MPL-0378,S2:MSM41_litter-T43,S2_visual_GT2,total_plastic,18.909847303,4.0,0.21153,18.909847302983028,1.6971313243629993e-11,8.974854726054576e-13,match,sum Float items for selected material(s) / author-published area; summary area for interrupted transects
MPL-0379,S2:MSM41_litter-T43,S2_visual_GT2,plastic_category,18.909847303,4.0,0.21153,18.909847302983028,1.6971313243629993e-11,8.974854726054576e-13,match,sum Float items for selected material(s) / author-published area; summary area for interrupted transects
MPL-0382,S2:MSM41_litter-T44,S2_visual_GT2,total_plastic,27.7623542476,6.0,0.21612,27.7623542476402,4.019895527562767e-11,1.4479663690302053e-12,match,sum Float items for selected material(s) / author-published area; summary area for interrupted transects
MPL-0383,S2:MSM41_litter-T44,S2_visual_GT2,plastic_category,27.7623542476,6.0,0.21612,27.7623542476402,4.019895527562767e-11,1.4479663690302053e-12,match,sum Float items for selected material(s) / author-published area; summary area for interrupted transects
MPL-0385,S2:MSM41_litter-T45,S2_visual_GT2,total_plastic,13.4607618791,3.0,0.22287,13.460761879122357,2.2357227180691552e-11,1.6609184072563343e-12,match,sum Float items for selected material(s) / author-published area; summary area for interrupted transects
MPL-0386,S2:MSM41_litter-T45,S2_visual_GT2,plastic_category,13.4607618791,3.0,0.22287,13.460761879122357,2.2357227180691552e-11,1.6609184072563343e-12,match,sum Float items for selected material(s) / author-published area; summary area for interrupted transects
MPL-0389,S2:MSM41_litter-T46,S2_visual_GT2,total_plastic,93.0933593404,21.0,0.22558,93.09335934036706,3.2940761229838245e-11,3.5384651991544196e-13,match,sum Float items for selected material(s) / author-published area; summary area for interrupted transects
MPL-0390,S2:MSM41_litter-T46,S2_visual_GT2,plastic_category,93.0933593404,21.0,0.22558,93.09335934036706,3.2940761229838245e-11,3.5384651991544196e-13,match,sum Float items for selected material(s) / author-published area; summary area for interrupted transects
MPL-0397,S2:MSM41_litter-T47,S2_visual_GT2,total_plastic,27.4977085243,3.0,0.1091,27.497708524289642,1.035616037370346e-11,3.76619032256874e-13,match,sum Float items for selected material(s) / author-published area; summary area for interrupted transects
MPL-0398,S2:MSM41_litter-T47,S2_visual_GT2,plastic_category,27.4977085243,3.0,0.1091,27.497708524289642,1.035616037370346e-11,3.76619032256874e-13,match,sum Float items for selected material(s) / author-published area; summary area for interrupted transects
MPL-0401,S2:MSM41_litter-T48,S2_visual_GT2,total_plastic,124.084140865,21.0,0.16924,124.08414086504372,4.3726799958676565e-11,3.523963630956681e-13,match,sum Float items for selected material(s) / author-published area; summary area for interrupted transects
MPL-0402,S2:MSM41_litter-T48,S2_visual_GT2,plastic_category,118.175372252,20.0,0.16924,118.17537225242259,4.22588186665962e-10,3.575941235580158e-12,match,sum Float items for selected material(s) / author-published area; summary area for interrupted transects
MPL-0403,S2:MSM41_litter-T48,S2_visual_GT2,plastic_category,5.90876861262,1.0,0.16924,5.90876861262113,1.1297629498585593e-12,1.9120108163409913e-13,match,sum Float items for selected material(s) / author-published area; summary area for interrupted transects
MPL-0409,S2:MSM41_litter-T49,S2_visual_GT2,total_plastic,69.5652173913,16.0,0.23,69.56521739130434,4.348521542851813e-12,6.250999717849872e-14,match,sum Float items for selected material(s) / author-published area; summary area for interrupted transects
MPL-0410,S2:MSM41_litter-T49,S2_visual_GT2,plastic_category,69.5652173913,16.0,0.23,69.56521739130434,4.348521542851813e-12,6.250999717849872e-14,match,sum Float items for selected material(s) / author-published area; summary area for interrupted transects
MPL-0417,S2:MSM41_litter-T50,S2_visual_GT2,total_plastic,81.7761785992,20.0,0.24457,81.77617859917406,2.5934809855243657e-11,3.171438223147465e-13,match,sum Float items for selected material(s) / author-published area; summary area for interrupted transects
MPL-0418,S2:MSM41_litter-T50,S2_visual_GT2,plastic_category,81.7761785992,20.0,0.24457,81.77617859917406,2.5934809855243657e-11,3.171438223147465e-13,match,sum Float items for selected material(s) / author-published area; summary area for interrupted transects
MPL-0421,S2:MSM41_litter-T51,S2_visual_GT2,total_plastic,12.908777969,3.0,0.2324,12.908777969018933,1.893241119432787e-11,1.4666307871894165e-12,match,sum Float items for selected material(s) / author-published area; summary area for interrupted transects
MPL-0422,S2:MSM41_litter-T51,S2_visual_GT2,plastic_category,12.908777969,3.0,0.2324,12.908777969018933,1.893241119432787e-11,1.4666307871894165e-12,match,sum Float items for selected material(s) / author-published area; summary area for interrupted transects
MPL-0425,S2:MSM41_litter-T52,S2_visual_GT2,total_plastic,30.7881773399,7.0,0.22736,30.788177339901477,1.4779288903810084e-12,4.8003130359577456e-14,match,sum Float items for selected material(s) / author-published area; summary area for interrupted transects
MPL-0426,S2:MSM41_litter-T52,S2_visual_GT2,plastic_category,30.7881773399,7.0,0.22736,30.788177339901477,1.4779288903810084e-12,4.8003130359577456e-14,match,sum Float items for selected material(s) / author-published area; summary area for interrupted transects
MPL-0430,S2:MSM41_litter-T53,S2_visual_GT2,total_plastic,128.172263522,30.0,0.23406,128.1722635221738,1.737987531669205e-10,1.3559778722101525e-12,match,sum Float items for selected material(s) / author-published area; summary area for interrupted transects
MPL-0431,S2:MSM41_litter-T53,S2_visual_GT2,plastic_category,123.899854738,29.0,0.23406,123.89985473810135,1.0135181582882069e-10,8.180140004452818e-13,match,sum Float items for selected material(s) / author-published area; summary area for interrupted transects
MPL-0432,S2:MSM41_litter-T53,S2_visual_GT2,plastic_category,4.27240878407,1.0,0.23406,4.27240878407246,2.460254222569347e-12,5.75847103334913e-13,match,sum Float items for selected material(s) / author-published area; summary area for interrupted transects
MPL-0443,S2:MSM41_litter-T54,S2_visual_GT2,total_plastic,98.6625739969,18.0,0.18244,98.6625739969305,3.05107050735387e-11,3.0924294631211787e-13,match,sum Float items for selected material(s) / author-published area; summary area for interrupted transects
MPL-0444,S2:MSM41_litter-T54,S2_visual_GT2,plastic_category,98.6625739969,18.0,0.18244,98.6625739969305,3.05107050735387e-11,3.0924294631211787e-13,match,sum Float items for selected material(s) / author-published area; summary area for interrupted transects
MPL-0455,S2:MSM41_litter-T55,S2_visual_GT2,total_plastic,162.327902363,27.0,0.16633,162.3279023627728,2.2720314518664964e-10,1.399655523660835e-12,match,sum Float items for selected material(s) / author-published area; summary area for interrupted transects
MPL-0456,S2:MSM41_litter-T55,S2_visual_GT2,plastic_category,162.327902363,27.0,0.16633,162.3279023627728,2.2720314518664964e-10,1.399655523660835e-12,match,sum Float items for selected material(s) / author-published area; summary area for interrupted transects
MPL-0460,S2:MSM41_litter-T56,S2_visual_GT2,total_plastic,124.185035703,12.0,0.09663,124.18503570319777,1.9777246507146629e-10,1.5925627749905185e-12,match,sum Float items for selected material(s) / author-published area; summary area for interrupted transects
MPL-0461,S2:MSM41_litter-T56,S2_visual_GT2,plastic_category,124.185035703,12.0,0.09663,124.18503570319777,1.9777246507146629e-10,1.5925627749905185e-12,match,sum Float items for selected material(s) / author-published area; summary area for interrupted transects
MPL-0472,S2:MSM41_litter-T58,S2_visual_GT2,total_plastic,222.699113253,55.0,0.24697,222.69911325262177,3.7823610909981653e-10,1.6984176702586007e-12,match,sum Float items for selected material(s) / author-published area; summary area for interrupted transects
MPL-0473,S2:MSM41_litter-T58,S2_visual_GT2,plastic_category,222.699113253,55.0,0.24697,222.69911325262177,3.7823610909981653e-10,1.6984176702586007e-12,match,sum Float items for selected material(s) / author-published area; summary area for interrupted transects
MPL-0484,S2:MSM41_litter-T57,S2_visual_GT2,total_plastic,135.53474618,33.0,0.24348,135.53474618038442,3.844036200462142e-10,2.8361998002762935e-12,match,sum Float items for selected material(s) / author-published area; summary area for interrupted transects
MPL-0485,S2:MSM41_litter-T57,S2_visual_GT2,plastic_category,135.53474618,33.0,0.24348,135.53474618038442,3.844036200462142e-10,2.8361998002762935e-12,match,sum Float items for selected material(s) / author-published area; summary area for interrupted transects
MPL-0494,S2:MSM41_litter-T60,S2_visual_GT2,total_plastic,100.696484014,24.0,0.23834,100.69648401443317,4.331610625740723e-10,4.301650318931187e-12,match,sum Float items for selected material(s) / author-published area; summary area for interrupted transects
MPL-0495,S2:MSM41_litter-T60,S2_visual_GT2,plastic_category,100.696484014,24.0,0.23834,100.69648401443317,4.331610625740723e-10,4.301650318931187e-12,match,sum Float items for selected material(s) / author-published area; summary area for interrupted transects
MPL-0499,S2:MSM41_litter-T59,S2_visual_GT2,total_plastic,81.6060062021,20.0,0.24508,81.60600620205648,4.352784799266374e-11,5.333902493018169e-13,match,sum Float items for selected material(s) / author-published area; summary area for interrupted transects
MPL-0500,S2:MSM41_litter-T59,S2_visual_GT2,plastic_category,81.6060062021,20.0,0.24508,81.60600620205648,4.352784799266374e-11,5.333902493018169e-13,match,sum Float items for selected material(s) / author-published area; summary area for interrupted transects
MPL-0504,S2:MSM41_litter-T62,S2_visual_GT2,total_plastic,16.7848600562,4.0,0.23831,16.78486005622928,2.928146614067373e-11,1.7445165489990324e-12,match,sum Float items for selected material(s) / author-published area; summary area for interrupted transects
MPL-0505,S2:MSM41_litter-T62,S2_visual_GT2,plastic_category,16.7848600562,4.0,0.23831,16.78486005622928,2.928146614067373e-11,1.7445165489990324e-12,match,sum Float items for selected material(s) / author-published area; summary area for interrupted transects
MPL-0507,S2:MSM41_litter-T61,S2_visual_GT2,total_plastic,95.3412784399,22.0,0.23075,95.34127843986998,3.001332515850663e-11,3.147988536510557e-13,match,sum Float items for selected material(s) / author-published area; summary area for interrupted transects
MPL-0508,S2:MSM41_litter-T61,S2_visual_GT2,plastic_category,95.3412784399,22.0,0.23075,95.34127843986998,3.001332515850663e-11,3.147988536510557e-13,match,sum Float items for selected material(s) / author-published area; summary area for interrupted transects
MPL-0513,S2:MSM41_litter-T65,S2_visual_GT2,total_plastic,42.9316160687,7.0,0.16305,42.93161606869059,9.414691248821327e-12,2.1929505830285438e-13,match,sum Float items for selected material(s) / author-published area; summary area for interrupted transects
MPL-0514,S2:MSM41_litter-T65,S2_visual_GT2,plastic_category,42.9316160687,7.0,0.16305,42.93161606869059,9.414691248821327e-12,2.1929505830285438e-13,match,sum Float items for selected material(s) / author-published area; summary area for interrupted transects
MPL-0518,S2:MSM41_litter-T64,S2_visual_GT2,total_plastic,61.5877317238,10.0,0.16237,61.58773172384062,4.062172820340493e-11,6.595750008391208e-13,match,sum Float items for selected material(s) / author-published area; summary area for interrupted transects
MPL-0519,S2:MSM41_litter-T64,S2_visual_GT2,plastic_category,61.5877317238,10.0,0.16237,61.58773172384062,4.062172820340493e-11,6.595750008391208e-13,match,sum Float items for selected material(s) / author-published area; summary area for interrupted transects
MPL-0523,S2:MSM41_litter-T63,S2_visual_GT2,total_plastic,36.0923965351,6.0,0.16624,36.092396535129936,2.993516545757302e-11,8.294036509451777e-13,match,sum Float items for selected material(s) / author-published area; summary area for interrupted transects
MPL-0524,S2:MSM41_litter-T63,S2_visual_GT2,plastic_category,36.0923965351,6.0,0.16624,36.092396535129936,2.993516545757302e-11,8.294036509451777e-13,match,sum Float items for selected material(s) / author-published area; summary area for interrupted transects
MPL-0526,S1:0.1,S1_trawl_5_to_50,total_plastic,91.014999,,0.054936,,,,published_only,"published midpoint estimate, not forced to raw count/area"
MPL-0527,S1:0.1,S1_trawl_GT5_H,plastic_category,36.4059997088,2.0,0.054936,36.405999708752006,4.799716180059477e-11,1.3183860403369988e-12,match,"sum Number of particles / area for source size bins 5-10,10-50,50-100,>100; mass uses same rows"
MPL-0528,S1:2.3,S1_trawl_GT5_N,plastic_category,8.56489916701,1.0,0.116755606867,8.56489916701929,9.29034627006331e-12,1.0847000167669882e-12,match,"sum Number of particles / area for source size bins 5-10,10-50,50-100,>100; mass uses same rows"
MPL-0529,S1:2.4,S1_trawl_GT5_N,plastic_category,40.4500182792,4.0,0.0988874707643,40.45001827920212,2.1174173525650986e-12,5.234651163690341e-14,match,"sum Number of particles / area for source size bins 5-10,10-50,50-100,>100; mass uses same rows"
MPL-0530,S1:2.3,S1_trawl_5_to_50,total_plastic,61.817996,,0.116755606867,,,,published_only,"published midpoint estimate, not forced to raw count/area"
MPL-0531,S1:1.3,S1_trawl_5_to_50,total_plastic,152.892947,,0.117729433728,,,,published_only,"published midpoint estimate, not forced to raw count/area"
MPL-0532,S1:1.3,S1_trawl_GT5_H,plastic_category,110.422683507,13.0,0.117729433728,110.4226835069552,4.480682491703192e-11,4.05775548048436e-13,match,"sum Number of particles / area for source size bins 5-10,10-50,50-100,>100; mass uses same rows"
MPL-0533,S1:1.3,S1_trawl_GT5_N,plastic_category,50.9643154649,6.0,0.117729433728,50.96431546474855,1.5144507869990775e-10,2.9715905593632586e-12,match,"sum Number of particles / area for source size bins 5-10,10-50,50-100,>100; mass uses same rows"
MPL-0534,S1:1.4,S1_trawl_GT5_N,plastic_category,8.00369165878,1.0,0.124942344437,8.003691658789327,9.327649763690715e-12,1.1654184295641051e-12,match,"sum Number of particles / area for source size bins 5-10,10-50,50-100,>100; mass uses same rows"
MPL-0535,S1:4.3,S1_trawl_5_to_50,total_plastic,255.766117,,0.0938357287671,,,,published_only,"published midpoint estimate, not forced to raw count/area"
MPL-0536,S1:4.3,S1_trawl_GT5_H,plastic_category,245.109195636,23.0,0.0938357287671,245.10919563576823,2.3177904040494468e-10,9.456154421441972e-13,match,"sum Number of particles / area for source size bins 5-10,10-50,50-100,>100; mass uses same rows"
MPL-0537,S1:6.4,S1_trawl_GT5_H,plastic_category,249.851706741,28.0,0.112066474811,249.8517067412174,2.1742607714259066e-10,8.702204999062815e-13,match,"sum Number of particles / area for source size bins 5-10,10-50,50-100,>100; mass uses same rows"
MPL-0538,S1:6.4,S1_trawl_GT5_N,plastic_category,107.079302889,12.0,0.112066474811,107.07930288909317,9.316636351286434e-11,8.700688274879971e-13,match,"sum Number of particles / area for source size bins 5-10,10-50,50-100,>100; mass uses same rows"
MPL-0539,S1:4.4,S1_trawl_GT5_H,plastic_category,405.00852076,45.0,0.111108773503,405.0085207608288,8.287770469905809e-10,2.0463200266388905e-12,match,"sum Number of particles / area for source size bins 5-10,10-50,50-100,>100; mass uses same rows"
MPL-0540,S1:6.3,S1_trawl_GT5_H,plastic_category,276.479729078,26.0,0.094039444001,276.47972907755087,4.491198524192441e-10,1.6244223542787803e-12,match,"sum Number of particles / area for source size bins 5-10,10-50,50-100,>100; mass uses same rows"
MPL-0541,S1:5.4,S1_trawl_GT5_H,plastic_category,210.379941,23.0,0.109326012217,210.37994100020362,2.036131263594143e-10,9.678352669535842e-13,match,"sum Number of particles / area for source size bins 5-10,10-50,50-100,>100; mass uses same rows"
MPL-0542,S1:5.3,S1_trawl_GT5_H,plastic_category,227.416340908,21.0,0.0923416493124,227.41634090761292,3.870752607326722e-10,1.702055618286732e-12,match,"sum Number of particles / area for source size bins 5-10,10-50,50-100,>100; mass uses same rows"
MPL-0543,S1:3.3,S1_trawl_5_to_50,total_plastic,177.80932,,0.116221575079,,,,published_only,"published midpoint estimate, not forced to raw count/area"
MPL-0544,S1:6.4,S1_trawl_5_to_50,total_plastic,348.007734,,0.112066474811,,,,published_only,"published midpoint estimate, not forced to raw count/area"
MPL-0545,S1:6.3,S1_trawl_5_to_50,total_plastic,340.282743,,0.094039444001,,,,published_only,"published midpoint estimate, not forced to raw count/area"
MPL-0546,S1:5.3,S1_trawl_5_to_50,total_plastic,346.539186,,0.0923416493124,,,,published_only,"published midpoint estimate, not forced to raw count/area"
MPL-0547,S1:3.4,S1_trawl_GT5_N,plastic_category,60.1605342804,6.0,0.0997331568239,60.16053428043264,3.2642333280819e-11,5.425871573659496e-13,match,"sum Number of particles / area for source size bins 5-10,10-50,50-100,>100; mass uses same rows"
MPL-0548,S1:3.3,S1_trawl_GT5_N,plastic_category,51.6255264646,6.0,0.116221575079,51.62552646461368,1.3677947663381929e-11,2.649454368811328e-13,match,"sum Number of particles / area for source size bins 5-10,10-50,50-100,>100; mass uses same rows"
MPL-0549,S1:9.3,S1_trawl_GT5_N,plastic_category,168.292868436,14.0,0.0831883140985,168.29286843610214,1.02147623692872e-10,6.069634717273695e-13,match,"sum Number of particles / area for source size bins 5-10,10-50,50-100,>100; mass uses same rows"
MPL-0550,S1:9.4,S1_trawl_GT5_H,plastic_category,373.926061406,36.0,0.096275717891,373.92606140582546,1.745092959026806e-10,4.666946594909911e-13,match,"sum Number of particles / area for source size bins 5-10,10-50,50-100,>100; mass uses same rows"
MPL-0551,S1:9.4,S1_trawl_5_to_50,total_plastic,415.473402,,0.096275717891,,,,published_only,"published midpoint estimate, not forced to raw count/area"
MPL-0552,S1:10.3,S1_trawl_GT5_H,plastic_category,325.875118444,27.0,0.0828538248912,325.8751184445041,5.040874384576455e-10,1.5468730502180711e-12,match,"sum Number of particles / area for source size bins 5-10,10-50,50-100,>100; mass uses same rows"
MPL-0553,S1:10.4,S1_trawl_GT5_H,plastic_category,350.08897502,29.0,0.0828360847363,350.0889750199863,1.3699263945454732e-11,3.913080651760632e-14,match,"sum Number of particles / area for source size bins 5-10,10-50,50-100,>100; mass uses same rows"
MPL-0554,S1:10.4,S1_trawl_5_to_50,total_plastic,422.521177,,0.0828360847363,,,,published_only,"published midpoint estimate, not forced to raw count/area"
MPL-0555,S1:8.4,S1_trawl_5_to_50,total_plastic,257.163107,,0.116657479935,,,,published_only,"published midpoint estimate, not forced to raw count/area"
MPL-0556,S1:8.4,S1_trawl_GT5_N,plastic_category,120.009449954,14.0,0.116657479935,120.00944995383591,1.6409273939643754e-10,1.3673318181137802e-12,match,"sum Number of particles / area for source size bins 5-10,10-50,50-100,>100; mass uses same rows"
MPL-0557,S1:8.3,S1_trawl_GT5_N,plastic_category,186.715251353,17.0,0.0910477311135,186.71525135324703,2.4701307665964123e-10,1.3229400108973604e-12,match,"sum Number of particles / area for source size bins 5-10,10-50,50-100,>100; mass uses same rows"
MPL-0558,S1:11.4,S1_trawl_GT5_H,plastic_category,75.7575757576,8.0,0.1056,75.75757575757576,2.4229507289419416e-11,3.1982949622023396e-13,match,"sum Number of particles / area for source size bins 5-10,10-50,50-100,>100; mass uses same rows"
MPL-0559,S1:7.4,S1_trawl_5_to_50,total_plastic,346.454898,,0.112568764933,,,,published_only,"published midpoint estimate, not forced to raw count/area"
MPL-0560,S1:7.4,S1_trawl_GT5_N,plastic_category,44.4172946462,5.0,0.112568764933,44.4172946463076,1.0760459190350957e-10,2.4225832023453816e-12,match,"sum Number of particles / area for source size bins 5-10,10-50,50-100,>100; mass uses same rows"
MPL-0561,S1:11.3,S1_trawl_GT5_H,plastic_category,123.823675087,10.0,0.08076,123.82367508667657,3.234248424632824e-10,2.6119790277266464e-12,match,"sum Number of particles / area for source size bins 5-10,10-50,50-100,>100; mass uses same rows"
MPL-0562,S1:7.3,S1_trawl_GT5_N,plastic_category,10.8877703966,1.0,0.0918461690112,10.887770396586241,1.375966007799434e-11,1.2637720650585326e-12,match,"sum Number of particles / area for source size bins 5-10,10-50,50-100,>100; mass uses same rows"
MPL-0563,S1:11.4,S1_trawl_5_to_50,total_plastic,66.287879,,0.1056,,,,published_only,"published midpoint estimate, not forced to raw count/area"
MPL-0564,S1:12.3,S1_trawl_GT5_N,plastic_category,9.61303392529,1.0,0.104025431281,9.613033925317142,2.7140956149196427e-11,2.8233496688068385e-12,match,"sum Number of particles / area for source size bins 5-10,10-50,50-100,>100; mass uses same rows"
MPL-0565,S1:12.4,S1_trawl_GT5_N,plastic_category,98.2771890402,12.0,0.122103614452,98.27718904027452,7.452172212651931e-11,7.582809689035409e-13,match,"sum Number of particles / area for source size bins 5-10,10-50,50-100,>100; mass uses same rows"
MPL-0566,S1:12.3,S1_trawl_5_to_50,total_plastic,86.517306,,0.104025431281,,,,published_only,"published midpoint estimate, not forced to raw count/area"
MPL-0567,S1:14.3,S1_trawl_GT5_H,plastic_category,87.5444372706,7.0,0.0799593922611,87.54443727063541,3.5413449950283393e-11,4.0451970512781253e-13,match,"sum Number of particles / area for source size bins 5-10,10-50,50-100,>100; mass uses same rows"
MPL-0568,S1:14.4,S1_trawl_GT5_H,plastic_category,224.960370587,22.0,0.0977950024826,224.96037058656768,4.3232262214587536e-10,1.9217723593617623e-12,match,"sum Number of particles / area for source size bins 5-10,10-50,50-100,>100; mass uses same rows"
MPL-0569,S1:13.3,S1_trawl_5_to_50,total_plastic,58.416996,,0.102709833137,,,,published_only,"published midpoint estimate, not forced to raw count/area"
MPL-0570,S1:14.3,S1_trawl_5_to_50,total_plastic,225.114268,,0.0799593922611,,,,published_only,"published midpoint estimate, not forced to raw count/area"
MPL-0571,S1:13.3,S1_trawl_GT5_H,plastic_category,48.6808307181,5.0,0.102709833137,48.68083071784107,2.589288783383381e-10,5.318908377667965e-12,match,"sum Number of particles / area for source size bins 5-10,10-50,50-100,>100; mass uses same rows"
MPL-0572,S1:13.4,S1_trawl_GT5_H,plastic_category,209.090831982,26.0,0.124347871944,209.09083198230434,3.043396645807661e-10,1.4555380630316962e-12,match,"sum Number of particles / area for source size bins 5-10,10-50,50-100,>100; mass uses same rows"
MPL-0573,S1:17.4,S1_trawl_5_to_50,total_plastic,150.661497,,0.0995609382713,,,,published_only,"published midpoint estimate, not forced to raw count/area"
MPL-0574,S1:17.3,S1_trawl_5_to_50,total_plastic,201.055457,,0.0994750423174,,,,published_only,"published midpoint estimate, not forced to raw count/area"
MPL-0575,S1:17.4,S1_trawl_GT5_N,plastic_category,20.0881995964,2.0,0.0995609382713,20.088199596412718,1.2718714970105793e-11,6.331435980148819e-13,match,"sum Number of particles / area for source size bins 5-10,10-50,50-100,>100; mass uses same rows"
MPL-0576,S1:17.3,S1_trawl_GT5_N,plastic_category,10.0527728031,1.0,0.0994750423174,10.05277280314443,4.4430237267079065e-11,4.419699732334346e-12,match,"sum Number of particles / area for source size bins 5-10,10-50,50-100,>100; mass uses same rows"
MPL-0577,S1:15.3,S1_trawl_5_to_50,total_plastic,141.836664,,0.0916547218599,,,,published_only,"published midpoint estimate, not forced to raw count/area"
MPL-0578,S1:15.4,S1_trawl_GT5_H,plastic_category,84.8384061011,9.0,0.106084029788,84.83840610114211,4.210676252114354e-11,4.963172277301611e-13,match,"sum Number of particles / area for source size bins 5-10,10-50,50-100,>100; mass uses same rows"
MPL-0579,S1:15.4,S1_trawl_GT5_N,plastic_category,433.618520072,46.0,0.106084029788,433.6185200725041,5.040874384576455e-10,1.1625136268947749e-12,match,"sum Number of particles / area for source size bins 5-10,10-50,50-100,>100; mass uses same rows"
MPL-0580,S1:15.3,S1_trawl_GT5_H,plastic_category,21.8210252501,2.0,0.0916547218599,21.821025250146146,4.6146197973939707e-11,2.114758470101135e-12,match,"sum Number of particles / area for source size bins 5-10,10-50,50-100,>100; mass uses same rows"
MPL-0581,S1:16.3,S1_trawl_5_to_50,total_plastic,315.828009,,0.0918221284278,,,,published_only,"published midpoint estimate, not forced to raw count/area"
MPL-0582,S1:16.4,S1_trawl_GT5_N,plastic_category,16.38001638,2.0,0.1221,16.38001638001638,1.637801005927031e-11,9.998775141194522e-13,match,"sum Number of particles / area for source size bins 5-10,10-50,50-100,>100; mass uses same rows"
MPL-0583,S1:16.3,S1_trawl_GT5_N,plastic_category,185.140556978,17.0,0.0918221284278,185.14055697769135,3.086597644141875e-10,1.6671645016756923e-12,match,"sum Number of particles / area for source size bins 5-10,10-50,50-100,>100; mass uses same rows"
MPL-0584,S1:20.3,S1_trawl_GT5_N,plastic_category,180.899347925,14.0,0.0773911026247,180.89934792493557,6.443201527872588e-11,3.56176050482167e-13,match,"sum Number of particles / area for source size bins 5-10,10-50,50-100,>100; mass uses same rows"
MPL-0585,S1:20.4,S1_trawl_GT5_N,plastic_category,289.273803712,25.0,0.0864233113376,289.27380371183835,1.61662683240138e-10,5.58856976213058e-13,match,"sum Number of particles / area for source size bins 5-10,10-50,50-100,>100; mass uses same rows"
MPL-0586,S1:18.4,S1_trawl_GT5_H,plastic_category,1038.91530199,118.0,0.11358,1038.915301989787,2.1304913389030844e-10,2.0506881887505314e-13,match,"sum Number of particles / area for source size bins 5-10,10-50,50-100,>100; mass uses same rows"
MPL-0587,S1:18.4,S1_trawl_GT5_F,plastic_category,8.80436696602,1.0,0.11358,8.804366966015143,4.856559598920285e-12,5.516080392450617e-13,match,"sum Number of particles / area for source size bins 5-10,10-50,50-100,>100; mass uses same rows"
MPL-0588,S1:20.4,S1_trawl_5_to_50,total_plastic,659.544272,,0.0864233113376,,,,published_only,"published midpoint estimate, not forced to raw count/area"
MPL-0589,S1:18.3,S1_trawl_GT5_N,plastic_category,149.790293589,15.0,0.10014,149.79029358897543,2.4556356947869062e-11,1.63938238983947e-13,match,"sum Number of particles / area for source size bins 5-10,10-50,50-100,>100; mass uses same rows"
MPL-0590,S1:19.4,S1_trawl_5_to_50,total_plastic,2109.259348,,0.0801229115041,,,,published_only,"published midpoint estimate, not forced to raw count/area"
MPL-0591,S1:19.4,S1_trawl_GT5_N,plastic_category,661.483700543,53.0,0.0801229115041,661.4837005428581,1.4199486031429842e-10,2.1466116277353077e-13,match,"sum Number of particles / area for source size bins 5-10,10-50,50-100,>100; mass uses same rows"
MPL-0592,S1:19.3,S1_trawl_GT5_N,plastic_category,435.788286081,32.0,0.0734301518009,435.78828608124695,2.4692781153135e-10,5.666233338944166e-13,match,"sum Number of particles / area for source size bins 5-10,10-50,50-100,>100; mass uses same rows"
MPL-0593,S1:18.4,S1_trawl_5_to_50,total_plastic,1162.176439,,0.11358,,,,published_only,"published midpoint estimate, not forced to raw count/area"
MPL-0594,S1:24.4,S1_trawl_GT5_H,plastic_category,158.048926935,15.0,0.0949073194668,158.04892693494756,5.2438053899095394e-11,3.317836755744715e-13,match,"sum Number of particles / area for source size bins 5-10,10-50,50-100,>100; mass uses same rows"
MPL-0595,S1:24.3,S1_trawl_GT5_H,plastic_category,186.691317383,16.0,0.0857029680024,186.69131738298657,1.3443468560581096e-11,7.200907224304181e-14,match,"sum Number of particles / area for source size bins 5-10,10-50,50-100,>100; mass uses same rows"
MPL-0596,S1:24.4,S1_trawl_5_to_50,total_plastic,495.219971,,0.0949073194668,,,,published_only,"published midpoint estimate, not forced to raw count/area"
MPL-0597,S1:21.4,S1_trawl_5_to_50,total_plastic,844.062324,,0.0959644775884,,,,published_only,"published midpoint estimate, not forced to raw count/area"
MPL-0598,S1:21.4,S1_trawl_GT5_H,plastic_category,427.241423392,41.0,0.0959644775884,427.2414233926492,6.492086868092883e-10,1.5195359140390051e-12,match,"sum Number of particles / area for source size bins 5-10,10-50,50-100,>100; mass uses same rows"
MPL-0599,S1:22.4,S1_trawl_5_to_50,total_plastic,724.645668,,0.0965989353742,,,,published_only,"published midpoint estimate, not forced to raw count/area"
MPL-0600,S1:22.3,S1_trawl_GT5_H,plastic_category,419.034257149,37.0,0.0882982700549,419.0342571490361,3.609557097661309e-11,8.613990469943426e-14,match,"sum Number of particles / area for source size bins 5-10,10-50,50-100,>100; mass uses same rows"
MPL-0601,S1:22.4,S1_trawl_GT5_H,plastic_category,434.787400475,42.0,0.0965989353742,434.78740047499025,9.777068044058979e-12,2.248700866993305e-14,match,"sum Number of particles / area for source size bins 5-10,10-50,50-100,>100; mass uses same rows"
MPL-0602,S1:21.3,S1_trawl_GT5_H,plastic_category,359.361384471,30.0,0.0834814237043,359.3613844711508,1.5080559023772366e-10,4.196488458539247e-13,match,"sum Number of particles / area for source size bins 5-10,10-50,50-100,>100; mass uses same rows"
MPL-0603,S1:27.3,S1_trawl_5_to_50,total_plastic,423.877587,,0.1155994125,,,,published_only,"published midpoint estimate, not forced to raw count/area"
MPL-0604,S1:28.4,S1_trawl_GT5_N,plastic_category,145.37779521,13.0,0.0894221843251,145.37779520949385,5.061338015366346e-10,3.4815069303088424e-12,match,"sum Number of particles / area for source size bins 5-10,10-50,50-100,>100; mass uses same rows"
MPL-0605,S1:28.3,S1_trawl_GT5_N,plastic_category,237.763624594,19.0,0.0799112985952,237.7636245938977,1.0228973224002402e-10,4.302160703290579e-13,match,"sum Number of particles / area for source size bins 5-10,10-50,50-100,>100; mass uses same rows"
MPL-0606,S1:26.3,S1_trawl_5_to_50,total_plastic,529.96366,,0.0924591697007,,,,published_only,"published midpoint estimate, not forced to raw count/area"
MPL-0607,S1:25.3,S1_trawl_5_to_50,total_plastic,1719.436293,,0.0849115495185,,,,published_only,"published midpoint estimate, not forced to raw count/area"
MPL-0608,S1:26.4,S1_trawl_GT5_N,plastic_category,559.331551301,57.0,0.101907356857,559.3315513028604,1.8603714124765247e-09,3.326061989797139e-12,match,"sum Number of particles / area for source size bins 5-10,10-50,50-100,>100; mass uses same rows"
MPL-0609,S1:26.3,S1_trawl_GT5_N,plastic_category,367.729886717,34.0,0.0924591697007,367.72988671714825,1.482476363889873e-10,4.0314274619478153e-13,match,"sum Number of particles / area for source size bins 5-10,10-50,50-100,>100; mass uses same rows"
MPL-0610,S1:28.3,S1_trawl_5_to_50,total_plastic,505.188842,,0.0799112985952,,,,published_only,"published midpoint estimate, not forced to raw count/area"
MPL-0611,S1:27.3,S1_trawl_GT5_N,plastic_category,121.107881928,14.0,0.1155994125,121.10788192803315,3.3153924050566275e-11,2.7375529587972365e-13,match,"sum Number of particles / area for source size bins 5-10,10-50,50-100,>100; mass uses same rows"
MPL-0612,S1:25.4,S1_trawl_GT5_N,plastic_category,1745.14809941,165.0,0.0945478495815,1745.1480994051633,4.836692824028432e-09,2.77150851876905e-12,match,"sum Number of particles / area for source size bins 5-10,10-50,50-100,>100; mass uses same rows"
MPL-0613,S1:27.4,S1_trawl_GT5_N,plastic_category,64.0944258459,7.0,0.109213865443,64.09442584607888,1.7887202830024762e-10,2.7907579471934644e-12,match,"sum Number of particles / area for source size bins 5-10,10-50,50-100,>100; mass uses same rows"
MPL-0614,S1:27.4,S1_trawl_GT5_F,plastic_category,9.15634654941,1.0,0.109213865443,9.156346549439839,2.983924218824541e-11,3.2588589812787434e-12,match,"sum Number of particles / area for source size bins 5-10,10-50,50-100,>100; mass uses same rows"
MPL-0615,S1:25.3,S1_trawl_GT5_H,plastic_category,847.941185955,72.0,0.0849115495185,847.9411859550754,7.537437340943143e-11,8.889103944696409e-14,match,"sum Number of particles / area for source size bins 5-10,10-50,50-100,>100; mass uses same rows"
MPL-0616,S1:25.3,S1_trawl_GT5_N,plastic_category,1012.81863878,86.0,0.0849115495185,1012.8186387796734,3.2662228477420285e-10,3.22488422179551e-13,match,"sum Number of particles / area for source size bins 5-10,10-50,50-100,>100; mass uses same rows"
MPL-0617,S1:29.4,S1_trawl_GT5_N,plastic_category,247.329929939,22.0,0.0889500110457,247.32992993892967,7.034373084024992e-11,2.8441252887428174e-13,match,"sum Number of particles / area for source size bins 5-10,10-50,50-100,>100; mass uses same rows"
MPL-0618,S1:31.4,S1_trawl_5_to_50,total_plastic,246.22585,,0.0974714880863,,,,published_only,"published midpoint estimate, not forced to raw count/area"
MPL-0619,S1:31.4,S1_trawl_GT5_H,plastic_category,225.707029121,22.0,0.0974714880863,225.70702912139274,3.927311809093226e-10,1.740004210054008e-12,match,"sum Number of particles / area for source size bins 5-10,10-50,50-100,>100; mass uses same rows"
MPL-0620,S1:29.3,S1_trawl_GT5_N,plastic_category,278.841176152,22.0,0.0788979601349,278.8411761518844,1.156195139628835e-10,4.1464290015710514e-13,match,"sum Number of particles / area for source size bins 5-10,10-50,50-100,>100; mass uses same rows"
MPL-0621,S1:30.4,S1_trawl_5_to_50,total_plastic,720.647461,,0.0943595915487,,,,published_only,"published midpoint estimate, not forced to raw count/area"
MPL-0622,S1:29.3,S1_trawl_5_to_50,total_plastic,646.404545,,0.0788979601349,,,,published_only,"published midpoint estimate, not forced to raw count/area"
MPL-0623,S1:30.3,S1_trawl_5_to_50,total_plastic,490.394472,,0.0856453373134,,,,published_only,"published midpoint estimate, not forced to raw count/area"
MPL-0624,S1:30.4,S1_trawl_GT5_N,plastic_category,148.368594758,14.0,0.0943595915487,148.36859475779366,2.063416104647331e-10,1.3907364344947211e-12,match,"sum Number of particles / area for source size bins 5-10,10-50,50-100,>100; mass uses same rows"
MPL-0625,S1:30.3,S1_trawl_GT5_H,plastic_category,338.60570709,29.0,0.0856453373134,338.60570709040434,4.043272383569274e-10,1.1940945763488236e-12,match,"sum Number of particles / area for source size bins 5-10,10-50,50-100,>100; mass uses same rows"
MPL-0626,S1:30.3,S1_trawl_GT5_N,plastic_category,186.816941843,16.0,0.0856453373134,186.81694184298172,1.8275159163749777e-11,9.782388568970435e-14,match,"sum Number of particles / area for source size bins 5-10,10-50,50-100,>100; mass uses same rows"
MPL-0627,S1:32.4,S1_trawl_5_to_50,total_plastic,949.556256,,0.0989936082412,,,,published_only,"published midpoint estimate, not forced to raw count/area"
MPL-0628,S1:32.3,S1_trawl_GT5_H,plastic_category,604.355869511,55.0,0.0910059830221,604.3558695107303,2.6977886591339484e-10,4.4639074347317894e-13,match,"sum Number of particles / area for source size bins 5-10,10-50,50-100,>100; mass uses same rows"
MPL-0629,S1:32.4,S1_trawl_GT5_H,plastic_category,676.811373889,67.0,0.0989936082412,676.8113738894444,4.4440184865379706e-10,6.566110821989243e-13,match,"sum Number of particles / area for source size bins 5-10,10-50,50-100,>100; mass uses same rows"
MPL-0630,S1:33.4,S1_trawl_GT5_N,plastic_category,181.047646899,18.0,0.0994213418858,181.04764689935126,3.5126390685036313e-10,1.9401738319544176e-12,match,"sum Number of particles / area for source size bins 5-10,10-50,50-100,>100; mass uses same rows"
MPL-0631,S1:34.4,S1_trawl_5_to_50,total_plastic,373.240546,,0.104490255215,,,,published_only,"published midpoint estimate, not forced to raw count/area"
MPL-0632,S1:34.3,S1_trawl_GT5_N,plastic_category,85.8507352704,8.0,0.0931849910755,85.85073527042857,2.857802883227123e-11,3.3288042021143284e-13,match,"sum Number of particles / area for source size bins 5-10,10-50,50-100,>100; mass uses same rows"
MPL-0633,S1:34.4,S1_trawl_GT5_N,plastic_category,277.53784255,29.0,0.104490255215,277.5378425512443,1.2443024388630874e-09,4.483361358690822e-12,match,"sum Number of particles / area for source size bins 5-10,10-50,50-100,>100; mass uses same rows"
MPL-0634,S1:33.4,S1_trawl_5_to_50,total_plastic,633.666764,,0.0994213418858,,,,published_only,"published midpoint estimate, not forced to raw count/area"
MPL-0635,S1:33.3,S1_trawl_GT5_H,plastic_category,159.384293865,14.0,0.0878380150297,159.38429386486348,1.3650947039423045e-10,8.564800651553237e-13,match,"sum Number of particles / area for source size bins 5-10,10-50,50-100,>100; mass uses same rows"
MPL-0636,S1:33.3,S1_trawl_GT5_N,plastic_category,56.9229620946,5.0,0.0878380150297,56.922962094594105,5.8975047068088315e-12,1.0360502141486939e-13,match,"sum Number of particles / area for source size bins 5-10,10-50,50-100,>100; mass uses same rows"
MPL-0637,S1:35.4,S1_trawl_5_to_50,total_plastic,828.098322,,0.100229643984,,,,published_only,"published midpoint estimate, not forced to raw count/area"
MPL-0638,S1:35.3,S1_trawl_GT5_N,plastic_category,412.845281887,36.0,0.0871997369945,412.8452818873829,3.828972694464028e-10,9.274594775463746e-13,match,"sum Number of particles / area for source size bins 5-10,10-50,50-100,>100; mass uses same rows"
MPL-0639,S1:35.4,S1_trawl_GT5_N,plastic_category,429.014793335,43.0,0.100229643984,429.0147933366324,1.6324293028446846e-09,3.805065298925457e-12,match,"sum Number of particles / area for source size bins 5-10,10-50,50-100,>100; mass uses same rows"
MPL-0640,S1:39.3,S1_trawl_5_to_50,total_plastic,721.013939,,0.0804422728289,,,,published_only,"published midpoint estimate, not forced to raw count/area"
MPL-0641,S1:39.3,S1_trawl_GT5_N,plastic_category,136.744022927,11.0,0.0804422728289,136.7440229268124,1.8761170395009685e-10,1.371991988638891e-12,match,"sum Number of particles / area for source size bins 5-10,10-50,50-100,>100; mass uses same rows"
MPL-0642,S1:38.3,S1_trawl_5_to_50,total_plastic,846.359613,,0.0850702218273,,,,published_only,"published midpoint estimate, not forced to raw count/area"
MPL-0643,S1:39.4,S1_trawl_GT5_N,plastic_category,53.5582396306,5.0,0.0933563170576,53.558239630587025,1.297451035497943e-11,2.422505004732561e-13,match,"sum Number of particles / area for source size bins 5-10,10-50,50-100,>100; mass uses same rows"
MPL-0644,S1:36.4,S1_trawl_GT5_H,plastic_category,194.953742703,21.0,0.10771786019,194.9537427030094,9.407585821463726e-12,4.825547686866214e-14,match,"sum Number of particles / area for source size bins 5-10,10-50,50-100,>100; mass uses same rows"
MPL-0645,S1:36.3,S1_trawl_GT5_N,plastic_category,112.371891763,11.0,0.0978892481693,112.37189176257068,4.2930992094625253e-10,3.820438672080884e-12,match,"sum Number of particles / area for source size bins 5-10,10-50,50-100,>100; mass uses same rows"
MPL-0646,S1:38.3,S1_trawl_GT5_H,plastic_category,764.074650375,65.0,0.0850702218273,764.0746503747891,2.1088908397359774e-10,2.760058639166939e-13,match,"sum Number of particles / area for source size bins 5-10,10-50,50-100,>100; mass uses same rows"
MPL-0647,S1:36.3,S1_trawl_5_to_50,total_plastic,347.331302,,0.0978892481693,,,,published_only,"published midpoint estimate, not forced to raw count/area"
MPL-0648,S1:37.3,S1_trawl_5_to_50,total_plastic,1104.538559,,0.0887248337411,,,,published_only,"published midpoint estimate, not forced to raw count/area"
MPL-0649,S1:37.4,S1_trawl_GT5_N,plastic_category,147.937149755,15.0,0.101394409889,147.937149754321,6.789946382923517e-10,4.5897507111421345e-12,match,"sum Number of particles / area for source size bins 5-10,10-50,50-100,>100; mass uses same rows"
MPL-0650,S1:37.3,S1_trawl_GT5_H,plastic_category,890.393328102,79.0,0.0887248337411,890.3933281016094,3.906279744114727e-10,4.387139504337389e-13,match,"sum Number of particles / area for source size bins 5-10,10-50,50-100,>100; mass uses same rows"
MPL-0651,S1:37.3,S1_trawl_GT5_F,plastic_category,22.5416032431,2.0,0.0887248337411,22.54160324307872,2.1280754936015e-11,9.440657217906208e-13,match,"sum Number of particles / area for source size bins 5-10,10-50,50-100,>100; mass uses same rows"
MPL-0652,S1:38.4,S1_trawl_GT5_H,plastic_category,303.183992148,30.0,0.0989498152177,303.18399214790696,9.305267667514272e-11,3.0691817208383097e-13,match,"sum Number of particles / area for source size bins 5-10,10-50,50-100,>100; mass uses same rows"
MPL-0653,S1:38.4,S1_trawl_GT5_N,plastic_category,50.530665358,5.0,0.0989498152177,50.530665357984496,1.5504042494285386e-11,3.0682442798728733e-13,match,"sum Number of particles / area for source size bins 5-10,10-50,50-100,>100; mass uses same rows"
MPL-0654,S1:41.3,S1_trawl_5_to_50,total_plastic,2209.120417,,0.0461722227511,,,,published_only,"published midpoint estimate, not forced to raw count/area"
MPL-0655,S1:41.3,S1_trawl_GT5_N,plastic_category,324.87064963,15.0,0.0461722227511,324.8706496297634,2.3658230929868296e-10,7.282354055933648e-13,match,"sum Number of particles / area for source size bins 5-10,10-50,50-100,>100; mass uses same rows"
MPL-0656,S1:42.3,S1_trawl_5_to_50,total_plastic,1706.702091,,0.0826154727685,,,,published_only,"published midpoint estimate, not forced to raw count/area"
MPL-0657,S1:41.4,S1_trawl_GT5_H,plastic_category,806.858295512,64.0,0.07932,806.8582955118508,1.4927081792848185e-10,1.8500251997007796e-13,match,"sum Number of particles / area for source size bins 5-10,10-50,50-100,>100; mass uses same rows"
MPL-0658,S1:42.4,S1_trawl_5_to_50,total_plastic,1197.871844,,0.0951687782769,,,,published_only,"published midpoint estimate, not forced to raw count/area"
MPL-0659,S1:42.3,S1_trawl_GT5_N,plastic_category,738.360478441,61.0,0.0826154727685,738.3604784412535,2.5340796128148213e-10,3.432035823701405e-13,match,"sum Number of particles / area for source size bins 5-10,10-50,50-100,>100; mass uses same rows"
MPL-0660,S1:43.4,S1_trawl_5_to_50,total_plastic,351.925224,,0.105135970673,,,,published_only,"published midpoint estimate, not forced to raw count/area"
MPL-0661,S1:42.4,S1_trawl_GT5_H,plastic_category,598.93592239,57.0,0.0951687782769,598.9359223899528,4.718003765447065e-11,7.877309723918872e-14,match,"sum Number of particles / area for source size bins 5-10,10-50,50-100,>100; mass uses same rows"
MPL-0662,S1:43.3,S1_trawl_GT5_H,plastic_category,518.755269294,48.0,0.0925291806006,518.7552692938118,1.8815171642927453e-10,3.6269841978731054e-13,match,"sum Number of particles / area for source size bins 5-10,10-50,50-100,>100; mass uses same rows"
MPL-0663,S1:43.4,S1_trawl_GT5_H,plastic_category,266.321790922,28.0,0.105135970673,266.3217909224163,4.163211997365579e-10,1.5632261945042625e-12,match,"sum Number of particles / area for source size bins 5-10,10-50,50-100,>100; mass uses same rows"
MPL-0664,S1:45.3,S1_trawl_GT5_H,plastic_category,1258.41068422,101.0,0.0802599670099,1258.4106842149802,5.019728632760234e-09,3.988943113488909e-12,match,"sum Number of particles / area for source size bins 5-10,10-50,50-100,>100; mass uses same rows"
MPL-0665,S1:45.3,S1_trawl_GT5_N,plastic_category,498.380468996,40.0,0.0802599670099,498.38046899603177,3.177547114319168e-11,6.37574566419189e-14,match,"sum Number of particles / area for source size bins 5-10,10-50,50-100,>100; mass uses same rows"
MPL-0666,S1:45.4,S1_trawl_5_to_50,total_plastic,1035.855936,,0.0868846688758,,,,published_only,"published midpoint estimate, not forced to raw count/area"
MPL-0667,S1:45.4,S1_trawl_GT5_N,plastic_category,368.30433279,32.0,0.0868846688758,368.3043327902118,2.1179857867537066e-10,5.750640430182887e-13,match,"sum Number of particles / area for source size bins 5-10,10-50,50-100,>100; mass uses same rows"
MPL-0668,S1:44.4,S1_trawl_5_to_50,total_plastic,729.389849,,0.0808895272387,,,,published_only,"published midpoint estimate, not forced to raw count/area"
MPL-0669,S1:47.4,S1_trawl_5_to_50,total_plastic,1077.945907,,0.0955521044845,,,,published_only,"published midpoint estimate, not forced to raw count/area"
MPL-0670,S1:47.3,S1_trawl_GT5_N,plastic_category,709.296592603,61.0,0.0860006951057,709.2965926034359,4.3587533582467586e-10,6.145177354159932e-13,match,"sum Number of particles / area for source size bins 5-10,10-50,50-100,>100; mass uses same rows"
MPL-0671,S1:46.4,S1_trawl_5_to_50,total_plastic,747.327276,,0.0950052303421,,,,published_only,"published midpoint estimate, not forced to raw count/area"
MPL-0672,S1:44.3,S1_trawl_GT5_H,plastic_category,1045.11696847,75.0,0.0717623024622,1045.1169684738784,3.878312782035209e-09,3.710888732112798e-12,match,"sum Number of particles / area for source size bins 5-10,10-50,50-100,>100; mass uses same rows"
MPL-0673,S1:46.3,S1_trawl_GT5_H,plastic_category,1425.1197968,118.0,0.0828000567142,1425.1197968052031,5.2032191888429224e-09,3.651074948594752e-12,match,"sum Number of particles / area for source size bins 5-10,10-50,50-100,>100; mass uses same rows"
MPL-0674,S1:44.4,S1_trawl_GT5_H,plastic_category,581.039370663,47.0,0.0808895272387,581.0393706629773,2.2737367544323206e-11,3.913223215559134e-14,match,"sum Number of particles / area for source size bins 5-10,10-50,50-100,>100; mass uses same rows"
MPL-0675,S1:47.4,S1_trawl_GT5_N,plastic_category,491.878229721,47.0,0.0955521044845,491.8782297215036,5.035758476878982e-10,1.023781532216893e-12,match,"sum Number of particles / area for source size bins 5-10,10-50,50-100,>100; mass uses same rows"
MPL-0676,S1:46.4,S1_trawl_GT5_N,plastic_category,221.040461924,21.0,0.0950052303421,221.0404619238547,1.4529177860822529e-10,6.573085187370841e-13,match,"sum Number of particles / area for source size bins 5-10,10-50,50-100,>100; mass uses same rows"
MPL-0677,S1:48.4,S1_trawl_5_to_50,total_plastic,1380.789998,,0.0948732249263,,,,published_only,"published midpoint estimate, not forced to raw count/area"
MPL-0678,S1:48.3,S1_trawl_GT5_N,plastic_category,751.438946628,64.0,0.085169926695,751.438946627122,8.780034477240406e-10,1.1684295200082253e-12,match,"sum Number of particles / area for source size bins 5-10,10-50,50-100,>100; mass uses same rows"
MPL-0679,S1:48.4,S1_trawl_GT5_H,plastic_category,1285.92656247,122.0,0.0948732249263,1285.9265624708423,8.424194675171748e-10,6.551069805254357e-13,match,"sum Number of particles / area for source size bins 5-10,10-50,50-100,>100; mass uses same rows"
MPL-0680,S1:51.3,S1_trawl_5_to_50,total_plastic,680.966974,,0.05874,,,,published_only,"published midpoint estimate, not forced to raw count/area"
MPL-0681,S1:49.3,S1_trawl_GT5_H,plastic_category,1324.75398297,107.0,0.080769713755,1324.7539829664956,3.5042830859310925e-09,2.645233100620502e-12,match,"sum Number of particles / area for source size bins 5-10,10-50,50-100,>100; mass uses same rows"
MPL-0682,S1:49.3,S1_trawl_GT5_F,plastic_category,24.761756691,2.0,0.080769713755,24.761756690962535,3.746336574295128e-11,1.512952663676235e-12,match,"sum Number of particles / area for source size bins 5-10,10-50,50-100,>100; mass uses same rows"
MPL-0683,S1:51.3,S1_trawl_GT5_N,plastic_category,374.531835206,22.0,0.05874,374.5318352059925,7.503331289626658e-12,2.0033894543302778e-14,match,"sum Number of particles / area for source size bins 5-10,10-50,50-100,>100; mass uses same rows"
MPL-0684,S1:49.3,S1_trawl_5_to_50,total_plastic,1819.989117,,0.080769713755,,,,published_only,"published midpoint estimate, not forced to raw count/area"
MPL-0685,S1:49.4,S1_trawl_GT5_N,plastic_category,22.6711860936,2.0,0.0882177046999,22.67118609358091,1.908873059619509e-11,8.419819994148333e-13,match,"sum Number of particles / area for source size bins 5-10,10-50,50-100,>100; mass uses same rows"
MPL-0686,S1:51.4,S1_trawl_GT5_N,plastic_category,450.45045045,30.0,0.0666,450.45045045045043,4.504272510530427e-10,9.999484973387547e-13,match,"sum Number of particles / area for source size bins 5-10,10-50,50-100,>100; mass uses same rows"
MPL-0687,S1:50.3,S1_trawl_5_to_50,total_plastic,280.885892,,0.0854439495032,,,,published_only,"published midpoint estimate, not forced to raw count/area"
MPL-0688,S1:50.3,S1_trawl_GT5_N,plastic_category,58.5178942344,5.0,0.0854439495032,58.517894234427246,2.724220848904224e-11,4.65536377298891e-13,match,"sum Number of particles / area for source size bins 5-10,10-50,50-100,>100; mass uses same rows"
MPL-0689,S1:50.4,S1_trawl_GT5_H,plastic_category,343.476528276,33.0,0.0960764340015,343.4765282762762,2.7620217224466614e-10,8.041369628108164e-13,match,"sum Number of particles / area for source size bins 5-10,10-50,50-100,>100; mass uses same rows"
MPL-0690,S1:50.4,S1_trawl_GT5_N,plastic_category,93.6754168027,9.0,0.0960764340015,93.67541680262079,7.921130418253597e-11,8.455932931621914e-13,match,"sum Number of particles / area for source size bins 5-10,10-50,50-100,>100; mass uses same rows"
MPL-0691,S1:52.3,S1_trawl_5_to_50,total_plastic,559.439481,,0.0875876688592,,,,published_only,"published midpoint estimate, not forced to raw count/area"
MPL-0692,S1:53.4,S1_trawl_GT5_N,plastic_category,74.3099787686,7.0,0.0942,74.3099787685775,2.2509993868879974e-11,3.029202032068359e-13,match,"sum Number of particles / area for source size bins 5-10,10-50,50-100,>100; mass uses same rows"
MPL-0693,S1:52.3,S1_trawl_GT5_N,plastic_category,319.679703372,28.0,0.0875876688592,319.679703372525,5.250058165984228e-10,1.6422869861947164e-12,match,"sum Number of particles / area for source size bins 5-10,10-50,50-100,>100; mass uses same rows"
MPL-0694,S1:53.3,S1_trawl_5_to_50,total_plastic,349.268718,,0.09162,,,,published_only,"published midpoint estimate, not forced to raw count/area"
MPL-0695,S1:52.4,S1_trawl_GT5_H,plastic_category,311.82279041,30.0,0.0962084905999,311.8227904100512,5.121592039358802e-11,1.642468798584183e-13,match,"sum Number of particles / area for source size bins 5-10,10-50,50-100,>100; mass uses same rows"
MPL-0696,S1:53.3,S1_trawl_GT5_N,plastic_category,120.061122026,11.0,0.09162,120.06112202575858,2.4142821075656684e-10,2.010877515406561e-12,match,"sum Number of particles / area for source size bins 5-10,10-50,50-100,>100; mass uses same rows"
MPL-0697,S1:53.3,S1_trawl_GT5_F,plastic_category,10.9146474569,1.0,0.09162,10.914647456887144,1.2855494446739613e-11,1.177820401208896e-12,match,"sum Number of particles / area for source size bins 5-10,10-50,50-100,>100; mass uses same rows"
MPL-0698,S1:54.4,S1_trawl_GT5_N,plastic_category,320.927335893,28.0,0.0872471642906,320.9273358929869,1.3130829756846651e-11,4.0915273609551865e-14,match,"sum Number of particles / area for source size bins 5-10,10-50,50-100,>100; mass uses same rows"
MPL-0699,S1:54.4,S1_trawl_5_to_50,total_plastic,741.629573,,0.0872471642906,,,,published_only,"published midpoint estimate, not forced to raw count/area"
MPL-0700,S1:54.3,S1_trawl_GT5_N,plastic_category,347.159381754,31.0,0.0892961608682,347.1593817538876,1.1237943908781745e-10,3.2371137003421226e-13,match,"sum Number of particles / area for source size bins 5-10,10-50,50-100,>100; mass uses same rows"
MPL-0701,S1:54.3,S1_trawl_5_to_50,total_plastic,439.780685,,0.0892961608682,,,,published_only,"published midpoint estimate, not forced to raw count/area"
MPL-0702,S1:58.4,S1_trawl_GT5_H,plastic_category,830.047523747,79.0,0.0951752733908,830.0475237472388,2.3874235921539366e-10,2.8762492795311653e-13,match,"sum Number of particles / area for source size bins 5-10,10-50,50-100,>100; mass uses same rows"
MPL-0703,S1:58.4,S1_trawl_GT5_N,plastic_category,1323.87326572,126.0,0.0951752733908,1323.873265723444,3.444029061938636e-09,2.6014794248946258e-12,match,"sum Number of particles / area for source size bins 5-10,10-50,50-100,>100; mass uses same rows"
MPL-0704,S1:58.3,S1_trawl_GT5_H,plastic_category,637.297768029,55.0,0.0863018870599,637.2977680294043,4.042703949380666e-10,6.343508721023331e-13,match,"sum Number of particles / area for source size bins 5-10,10-50,50-100,>100; mass uses same rows"
MPL-0705,S1:57.4,S1_trawl_5_to_50,total_plastic,1292.557215,,0.0812343150245,,,,published_only,"published midpoint estimate, not forced to raw count/area"
MPL-0706,S1:57.4,S1_trawl_GT5_H,plastic_category,1021.73570338,83.0,0.0812343150245,1021.7357033781534,1.8466153051122092e-09,1.8073316798105695e-12,match,"sum Number of particles / area for source size bins 5-10,10-50,50-100,>100; mass uses same rows"
MPL-0707,S1:56.3,S1_trawl_GT5_H,plastic_category,466.984042602,37.0,0.0792318294087,466.98404260166234,3.376499080331996e-10,7.230437814359559e-13,match,"sum Number of particles / area for source size bins 5-10,10-50,50-100,>100; mass uses same rows"
MPL-0708,S1:55.3,S1_trawl_GT5_H,plastic_category,301.920605002,21.0,0.0695547095894,301.9206050024305,4.304752110328991e-10,1.425789442327222e-12,match,"sum Number of particles / area for source size bins 5-10,10-50,50-100,>100; mass uses same rows"
MPL-0709,S1:57.3,S1_trawl_GT5_H,plastic_category,790.640782186,65.0,0.0822117976514,790.640782185756,2.43971953750588e-10,3.0857496760544417e-13,match,"sum Number of particles / area for source size bins 5-10,10-50,50-100,>100; mass uses same rows"
MPL-0710,S1:58.4,S1_trawl_5_to_50,total_plastic,1849.2198,,0.0951752733908,,,,published_only,"published midpoint estimate, not forced to raw count/area"
MPL-0711,S1:56.4,S1_trawl_5_to_50,total_plastic,961.750609,,0.0863009590258,,,,published_only,"published midpoint estimate, not forced to raw count/area"
MPL-0712,S1:55.4,S1_trawl_GT5_H,plastic_category,526.391345122,41.0,0.0778888186137,526.3913451216274,3.7255176721373573e-10,7.077467566025248e-13,match,"sum Number of particles / area for source size bins 5-10,10-50,50-100,>100; mass uses same rows"
MPL-0713,S1:55.4,S1_trawl_GT5_N,plastic_category,513.552531826,40.0,0.0778888186137,513.552531825978,2.1941559680271894e-11,4.272505405095745e-14,match,"sum Number of particles / area for source size bins 5-10,10-50,50-100,>100; mass uses same rows"
MPL-0714,S1:56.4,S1_trawl_GT5_H,plastic_category,695.241404931,60.0,0.0863009590258,695.2414049311176,1.1755219020415097e-10,1.690811125033866e-13,match,"sum Number of particles / area for source size bins 5-10,10-50,50-100,>100; mass uses same rows"
MPL-0715,S1:55.4,S1_trawl_5_to_50,total_plastic,937.233371,,0.0778888186137,,,,published_only,"published midpoint estimate, not forced to raw count/area"
MPL-0716,S1:61.3,S1_trawl_5_to_50,total_plastic,969.284957,,0.0753132496527,,,,published_only,"published midpoint estimate, not forced to raw count/area"
MPL-0717,S1:62.4,S1_trawl_GT5_H,plastic_category,447.85555377,37.0,0.0826159231219,447.85555377026304,2.630713424878195e-10,5.874022109881483e-13,match,"sum Number of particles / area for source size bins 5-10,10-50,50-100,>100; mass uses same rows"
MPL-0718,S1:61.4,S1_trawl_GT5_N,plastic_category,250.962024956,20.0,0.0796933321026,250.96202495650823,5.082370080344845e-10,2.025155033410299e-12,match,"sum Number of particles / area for source size bins 5-10,10-50,50-100,>100; mass uses same rows"
MPL-0719,S1:60.3,S1_trawl_GT5_N,plastic_category,955.551273518,82.0,0.0858143380397,955.5512735187052,7.051994543871842e-10,7.380027361492499e-13,match,"sum Number of particles / area for source size bins 5-10,10-50,50-100,>100; mass uses same rows"
MPL-0720,S1:60.4,S1_trawl_GT5_N,plastic_category,619.285987046,61.0,0.0985005333173,619.2859870463905,3.9051428757375106e-10,6.305879605584295e-13,match,"sum Number of particles / area for source size bins 5-10,10-50,50-100,>100; mass uses same rows"
MPL-0721,S1:60.4,S1_trawl_5_to_50,total_plastic,1390.855413,,0.0985005333173,,,,published_only,"published midpoint estimate, not forced to raw count/area"
MPL-0722,S1:62.3,S1_trawl_GT5_N,plastic_category,543.620225996,40.0,0.0735807795354,543.6202259960544,5.434230843093246e-11,9.996373540253874e-14,match,"sum Number of particles / area for source size bins 5-10,10-50,50-100,>100; mass uses same rows"
MPL-0723,S1:61.3,S1_trawl_GT5_N,plastic_category,185.89026585,14.0,0.0753132496527,185.89026585042723,4.2723513615783304e-10,2.2983190335667224e-12,match,"sum Number of particles / area for source size bins 5-10,10-50,50-100,>100; mass uses same rows"
MPL-0724,S1:62.3,S1_trawl_5_to_50,total_plastic,883.382867,,0.0735807795354,,,,published_only,"published midpoint estimate, not forced to raw count/area"
MPL-0725,S1:66.4,S1_trawl_5_to_50,total_plastic,940.427881,,0.0786875861942,,,,published_only,"published midpoint estimate, not forced to raw count/area"
MPL-0726,S1:65.3,S1_trawl_5_to_50,total_plastic,254.925782,,0.0784542067393,,,,published_only,"published midpoint estimate, not forced to raw count/area"
MPL-0727,S1:66.3,S1_trawl_5_to_50,total_plastic,942.476591,,0.0742724018474,,,,published_only,"published midpoint estimate, not forced to raw count/area"
MPL-0728,S1:63.4,S1_trawl_GT5_H,plastic_category,677.478314032,60.0,0.0885637204281,677.4783140316547,3.452669261605479e-10,5.096353920256103e-13,match,"sum Number of particles / area for source size bins 5-10,10-50,50-100,>100; mass uses same rows"
MPL-0729,S1:66.4,S1_trawl_GT5_N,plastic_category,292.295152417,23.0,0.0786875861942,292.29515241751454,5.145466275280342e-10,1.7603666132442773e-12,match,"sum Number of particles / area for source size bins 5-10,10-50,50-100,>100; mass uses same rows"
MPL-0730,S1:64.4,S1_trawl_GT5_H,plastic_category,602.837865336,52.0,0.0862586824586,602.8378653355561,4.439471013029106e-10,7.364286930706824e-13,match,"sum Number of particles / area for source size bins 5-10,10-50,50-100,>100; mass uses same rows"
MPL-0731,S1:65.4,S1_trawl_GT5_N,plastic_category,514.109509655,42.0,0.0816946568995,514.1095096545665,4.334879122325219e-10,8.431820538068236e-13,match,"sum Number of particles / area for source size bins 5-10,10-50,50-100,>100; mass uses same rows"
MPL-0732,S1:66.3,S1_trawl_GT5_N,plastic_category,511.63014868,38.0,0.0742724018474,511.63014867991967,8.031975085032173e-11,1.569879160904528e-13,match,"sum Number of particles / area for source size bins 5-10,10-50,50-100,>100; mass uses same rows"
MPL-0733,S1:65.3,S1_trawl_GT5_H,plastic_category,280.418360141,22.0,0.0784542067393,280.41836014103194,3.1946001399774104e-11,1.139226453778241e-13,match,"sum Number of particles / area for source size bins 5-10,10-50,50-100,>100; mass uses same rows"
MPL-0734,S1:65.3,S1_trawl_GT5_N,plastic_category,12.7462890973,1.0,0.0784542067393,12.746289097319632,1.9632295789051568e-11,1.5402361926037128e-12,match,"sum Number of particles / area for source size bins 5-10,10-50,50-100,>100; mass uses same rows"
MPL-0735,S1:64.3,S1_trawl_GT5_H,plastic_category,320.57072016,27.0,0.0842247850538,320.5707201597878,2.1219648260739632e-10,6.619334495099457e-13,match,"sum Number of particles / area for source size bins 5-10,10-50,50-100,>100; mass uses same rows"
MPL-0736,S1:64.3,S1_trawl_5_to_50,total_plastic,926.093191,,0.0842247850538,,,,published_only,"published midpoint estimate, not forced to raw count/area"
MPL-0737,S1:63.3,S1_trawl_GT5_H,plastic_category,276.354342781,21.0,0.0759893974839,276.35434278116634,1.6632384358672425e-10,6.018499362556766e-13,match,"sum Number of particles / area for source size bins 5-10,10-50,50-100,>100; mass uses same rows"
MPL-0738,S1:63.3,S1_trawl_5_to_50,total_plastic,473.750303,,0.0759893974839,,,,published_only,"published midpoint estimate, not forced to raw count/area"
MPL-0739,S1:69.4,S1_trawl_5_to_50,total_plastic,1171.220722,,0.0776967127663,,,,published_only,"published midpoint estimate, not forced to raw count/area"
MPL-0740,S1:68.3,S1_trawl_GT5_N,plastic_category,96.8299183124,9.0,0.0929464793202,96.82991831239848,1.5205614545266144e-12,1.5703425976472107e-14,match,"sum Number of particles / area for source size bins 5-10,10-50,50-100,>100; mass uses same rows"
MPL-0741,S1:68.4,S1_trawl_GT5_N,plastic_category,160.224081971,16.0,0.0998601446371,160.22408197129414,2.9413627089525107e-10,1.8357806596669327e-12,match,"sum Number of particles / area for source size bins 5-10,10-50,50-100,>100; mass uses same rows"
MPL-0742,S1:68.4,S1_trawl_5_to_50,total_plastic,470.658241,,0.0998601446371,,,,published_only,"published midpoint estimate, not forced to raw count/area"
MPL-0743,S1:69.4,S1_trawl_GT5_N,plastic_category,360.375606678,28.0,0.0776967127663,360.3756066774637,5.363176569517236e-10,1.4882185337003956e-12,match,"sum Number of particles / area for source size bins 5-10,10-50,50-100,>100; mass uses same rows"
MPL-0744,S1:70.4,S1_trawl_GT5_N,plastic_category,218.181818182,18.0,0.0825,218.18181818181816,1.8184209693572484e-10,8.334429442880443e-13,match,"sum Number of particles / area for source size bins 5-10,10-50,50-100,>100; mass uses same rows"
MPL-0745,S1:69.3,S1_trawl_GT5_N,plastic_category,123.129288,9.0,0.0730939011035,123.12928799977604,2.2396307031158358e-10,1.8189260569068147e-12,match,"sum Number of particles / area for source size bins 5-10,10-50,50-100,>100; mass uses same rows"
MPL-0746,S1:70.3,S1_trawl_GT5_N,plastic_category,217.509516041,16.0,0.07356,217.5095160413268,3.267928150307853e-10,1.5024299671062926e-12,match,"sum Number of particles / area for source size bins 5-10,10-50,50-100,>100; mass uses same rows"
MPL-0747,S1:70.4,S1_trawl_5_to_50,total_plastic,727.272727,,0.0825,,,,published_only,"published midpoint estimate, not forced to raw count/area"
MPL-0748,S1:67.4,S1_trawl_GT5_H,plastic_category,1121.30236649,81.0,0.0722374289227,1121.302366487554,2.4458586267428473e-09,2.1812659099249836e-12,match,"sum Number of particles / area for source size bins 5-10,10-50,50-100,>100; mass uses same rows"
MPL-0749,S1:67.4,S1_trawl_GT5_N,plastic_category,332.237738219,24.0,0.0722374289227,332.23773821853456,4.65433913632296e-10,1.4009062189241655e-12,match,"sum Number of particles / area for source size bins 5-10,10-50,50-100,>100; mass uses same rows"
MPL-0750,S1:67.3,S1_trawl_GT5_N,plastic_category,229.495838797,15.0,0.0653606622179,229.49583879662748,3.725233455043053e-10,1.623224836916629e-12,match,"sum Number of particles / area for source size bins 5-10,10-50,50-100,>100; mass uses same rows"
MPL-0751,S1:67.4,S1_trawl_5_to_50,total_plastic,1425.853627,,0.0722374289227,,,,published_only,"published midpoint estimate, not forced to raw count/area"
MPL-0752,S1:71.4,S1_trawl_GT5_H,plastic_category,240.122435031,19.0,0.0791263007039,240.12243503080288,1.971329766092822e-10,8.20968588727797e-13,match,"sum Number of particles / area for source size bins 5-10,10-50,50-100,>100; mass uses same rows"
MPL-0753,S1:71.4,S1_trawl_5_to_50,total_plastic,290.674527,,0.0791263007039,,,,published_only,"published midpoint estimate, not forced to raw count/area"
MPL-0754,S1:71.3,S1_trawl_GT5_H,plastic_category,171.067475703,12.0,0.0701477586587,171.06747570346943,4.694129529525526e-10,2.744022211256143e-12,match,"sum Number of particles / area for source size bins 5-10,10-50,50-100,>100; mass uses same rows"
MPL-0755,S1:72.4,S1_trawl_5_to_50,total_plastic,71.74788,,0.100300374385,,,,published_only,"published midpoint estimate, not forced to raw count/area"
MPL-0756,S1:73.3,S1_trawl_5_to_50,total_plastic,1417.506452,,0.0793791684937,,,,published_only,"published midpoint estimate, not forced to raw count/area"
MPL-0757,S1:72.3,S1_trawl_GT5_H,plastic_category,164.468432099,15.0,0.0912029123676,164.46843209942028,4.2027181734738406e-10,2.555334248546894e-12,match,"sum Number of particles / area for source size bins 5-10,10-50,50-100,>100; mass uses same rows"
MPL-0758,S1:72.4,S1_trawl_GT5_H,plastic_category,69.7903676125,7.0,0.100300374385,69.79036761249473,5.272227099339943e-12,7.554376455807127e-14,match,"sum Number of particles / area for source size bins 5-10,10-50,50-100,>100; mass uses same rows"
MPL-0759,S1:73.3,S1_trawl_GT5_H,plastic_category,1096.0054338,87.0,0.0793791684937,1096.005433804775,4.7750745579833165e-09,4.356798251836657e-12,match,"sum Number of particles / area for source size bins 5-10,10-50,50-100,>100; mass uses same rows"
MPL-0760,S1:73.4,S1_trawl_GT5_H,plastic_category,600.009456161,53.0,0.0883319411983,600.0094561605764,4.2359715735074133e-10,7.05984135751817e-13,match,"sum Number of particles / area for source size bins 5-10,10-50,50-100,>100; mass uses same rows"
MPL-0761,S1:73.4,S1_trawl_GT5_N,plastic_category,384.911726594,34.0,0.0883319411983,384.9117265935773,4.226876626489684e-10,1.0981418165386631e-12,match,"sum Number of particles / area for source size bins 5-10,10-50,50-100,>100; mass uses same rows"
MPL-0762,S1:74.3,S1_trawl_5_to_50,total_plastic,1026.323987,,0.0750250417502,,,,published_only,"published midpoint estimate, not forced to raw count/area"
MPL-0763,S1:75.3,S1_trawl_5_to_50,total_plastic,1518.942464,,0.0846880921327,,,,published_only,"published midpoint estimate, not forced to raw count/area"
MPL-0764,S1:74.3,S1_trawl_GT5_N,plastic_category,239.919893146,18.0,0.0750250417502,239.91989314623763,2.376339125476079e-10,9.904719005647398e-13,match,"sum Number of particles / area for source size bins 5-10,10-50,50-100,>100; mass uses same rows"
MPL-0765,S1:75.3,S1_trawl_GT5_N,plastic_category,791.138379821,67.0,0.0846880921327,791.1383798210489,4.899902705801651e-11,6.193483758063014e-14,match,"sum Number of particles / area for source size bins 5-10,10-50,50-100,>100; mass uses same rows"
MPL-0766,S1:75.4,S1_trawl_GT5_N,plastic_category,189.915254629,18.0,0.0947791162706,189.91525462855057,4.4943249122297857e-10,2.366489685628183e-12,match,"sum Number of particles / area for source size bins 5-10,10-50,50-100,>100; mass uses same rows"
MPL-0767,S1:74.4,S1_trawl_GT5_N,plastic_category,76.2922566173,7.0,0.0917524308543,76.2922566173291,2.9103830456733704e-11,3.814781702253926e-13,match,"sum Number of particles / area for source size bins 5-10,10-50,50-100,>100; mass uses same rows"
MPL-0768,S1:77.3,S1_trawl_5_to_50,total_plastic,376.349309,,0.0797131795915,,,,published_only,"published midpoint estimate, not forced to raw count/area"
MPL-0769,S1:78.3,S1_trawl_GT5_N,plastic_category,680.959857705,56.0,0.0822368592896,680.9598577055822,5.821902959723957e-10,8.549553830302396e-13,match,"sum Number of particles / area for source size bins 5-10,10-50,50-100,>100; mass uses same rows"
MPL-0770,S1:78.3,S1_trawl_5_to_50,total_plastic,748.005286,,0.0822368592896,,,,published_only,"published midpoint estimate, not forced to raw count/area"
MPL-0771,S1:78.4,S1_trawl_GT5_N,plastic_category,296.426825683,28.0,0.0944583876156,296.42682568271726,2.8273916541365907e-10,9.538244885974706e-13,match,"sum Number of particles / area for source size bins 5-10,10-50,50-100,>100; mass uses same rows"
MPL-0772,S1:77.3,S1_trawl_GT5_N,plastic_category,62.7248847132,5.0,0.0797131795915,62.72488471320697,6.970424237806583e-12,1.1112693581945647e-13,match,"sum Number of particles / area for source size bins 5-10,10-50,50-100,>100; mass uses same rows"
MPL-0773,S1:77.4,S1_trawl_GT5_H,plastic_category,155.727120238,14.0,0.0899008469339,155.727120238295,2.949889221781632e-10,1.8942681385703878e-12,match,"sum Number of particles / area for source size bins 5-10,10-50,50-100,>100; mass uses same rows"
MPL-0774,S1:77.4,S1_trawl_GT5_F,plastic_category,22.2467314626,2.0,0.0899008469339,22.24673146261357,1.3571366253017914e-11,6.100386600986019e-13,match,"sum Number of particles / area for source size bins 5-10,10-50,50-100,>100; mass uses same rows"
MPL-0775,S1:79.4,S1_trawl_GT5_N,plastic_category,328.34558035,27.0,0.0822304352969,328.345580350076,7.599965101690032e-11,2.3146238464939437e-13,match,"sum Number of particles / area for source size bins 5-10,10-50,50-100,>100; mass uses same rows"
MPL-0776,S1:79.3,S1_trawl_GT5_N,plastic_category,120.83352382,9.0,0.0744826412031,120.83352382011685,1.1685585832310608e-10,9.670814408854014e-13,match,"sum Number of particles / area for source size bins 5-10,10-50,50-100,>100; mass uses same rows"
MPL-0777,S1:79.4,S1_trawl_5_to_50,total_plastic,552.015861,,0.0822304352969,,,,published_only,"published midpoint estimate, not forced to raw count/area"
MPL-0778,S1:79.3,S1_trawl_5_to_50,total_plastic,361.510331,,0.0744826412031,,,,published_only,"published midpoint estimate, not forced to raw count/area"
MPL-0779,S3:HE460_MarLitter_transect01,S3_visual_GT2,all_litter,19.9,3.0,0.151,19.867549668874172,0.03245033112582618,0.0016306699058204113,match,"published concentration, source rounding retained"
MPL-0780,S3:HE460_MarLitter_transect01,S3_visual_GT2,fisheries_litter_category,0.0,0.0,0.151,0.0,0.0,0.0,match,"published concentration, source rounding retained"
MPL-0787,S3:HE460_MarLitter_transect02,S3_visual_GT2,all_litter,32.3,7.0,0.217,32.25806451612903,0.04193548387096513,0.0012983121941475273,match,"published concentration, source rounding retained"
MPL-0788,S3:HE460_MarLitter_transect02,S3_visual_GT2,fisheries_litter_category,0.0,0.0,0.217,0.0,0.0,0.0,match,"published concentration, source rounding retained"
MPL-0798,S3:HE460_MarLitter_transect03,S3_visual_GT2,all_litter,52.3,12.0,0.229,52.40174672489083,0.10174672489083036,0.0019454440705703705,match,"published concentration, source rounding retained"
MPL-0799,S3:HE460_MarLitter_transect03,S3_visual_GT2,fisheries_litter_category,4.361,1.0,0.229,4.366812227074235,0.005812227074235565,0.0013327739220902466,match,"published concentration, source rounding retained"
MPL-0806,S1:458,S1_aerial_GT50,plastic_category,0.187157320794,2.0,10.686197,0.18715732079429193,2.919331443251849e-13,1.559827545546612e-12,match,count objects with <50cm?=no in category / published sampling area; sum Mid weight kg *1000 / same area
MPL-0807,S1:458,S1_aerial_GT50,plastic_category,0.187157320794,2.0,10.686197,0.18715732079429193,2.919331443251849e-13,1.559827545546612e-12,match,count objects with <50cm?=no in category / published sampling area; sum Mid weight kg *1000 / same area
MPL-0808,S1:458,S1_aerial_GT50,plastic_category,0.0,0.0,10.686197,0.0,0.0,0.0,match,count objects with <50cm?=no in category / published sampling area; sum Mid weight kg *1000 / same area
MPL-0809,S1:461,S1_aerial_GT50,total_plastic,,,10.677234,,,,missing,published_midpoint_estimate; crosschecked against filtered object table
MPL-0810,S1:461,S1_aerial_GT50,plastic_category,0.0936572149678,1.0,10.677234,0.09365721496784654,4.654610030740969e-14,4.969836047699322e-13,match,count objects with <50cm?=no in category / published sampling area; sum Mid weight kg *1000 / same area
MPL-0811,S1:461,S1_aerial_GT50,plastic_category,0.0936572149678,1.0,10.677234,0.09365721496784654,4.654610030740969e-14,4.969836047699322e-13,match,count objects with <50cm?=no in category / published sampling area; sum Mid weight kg *1000 / same area
MPL-0812,S1:457,S1_aerial_GT50,total_plastic,,,10.751352,,,,missing,published_midpoint_estimate; crosschecked against filtered object table
MPL-0813,S1:457,S1_aerial_GT50,plastic_category,0.744092463906,8.0,10.751352,0.7440924639059348,6.52811138479592e-14,8.77325292414278e-14,match,count objects with <50cm?=no in category / published sampling area; sum Mid weight kg *1000 / same area
MPL-0814,S1:457,S1_aerial_GT50,plastic_category,0.372046231953,4.0,10.751352,0.3720462319529674,3.26405569239796e-14,8.77325292414278e-14,match,count objects with <50cm?=no in category / published sampling area; sum Mid weight kg *1000 / same area
MPL-0815,S1:459,S1_aerial_GT50,total_plastic,0.0,0.0,10.6667,0.0,0.0,0.0,match,published_midpoint_estimate; crosschecked against filtered object table
MPL-0816,S1:462,S1_aerial_GT50,plastic_category,0.0,0.0,7.394098,0.0,0.0,0.0,match,count objects with <50cm?=no in category / published sampling area; sum Mid weight kg *1000 / same area
MPL-0817,S1:462,S1_aerial_GT50,plastic_category,0.135243000566,1.0,7.394098,0.1352430005661272,1.272038030464273e-13,9.405573856988668e-13,match,count objects with <50cm?=no in category / published sampling area; sum Mid weight kg *1000 / same area
MPL-0818,S1:455,S1_aerial_GT50,plastic_category,0.19289159743,2.0,10.368518,0.1928915974298352,1.648126080056045e-13,8.544312463657971e-13,match,count objects with <50cm?=no in category / published sampling area; sum Mid weight kg *1000 / same area
MPL-0819,S1:455,S1_aerial_GT50,plastic_category,0.868012188434,9.0,10.368518,0.8680121884342584,2.5845992013273644e-13,2.977607037972931e-13,match,count objects with <50cm?=no in category / published sampling area; sum Mid weight kg *1000 / same area
MPL-0820,S1:455,S1_aerial_GT50,plastic_category,0.0964457987149,1.0,10.368518,0.0964457987149176,1.759703494030873e-14,1.824551735252533e-13,match,count objects with <50cm?=no in category / published sampling area; sum Mid weight kg *1000 / same area
MPL-0821,S1:453,S1_aerial_GT50,plastic_category,0.752832697707,8.0,10.626531,0.7528326977072762,2.7622348852673895e-13,3.669121829698266e-13,match,count objects with <50cm?=no in category / published sampling area; sum Mid weight kg *1000 / same area
MPL-0822,S1:453,S1_aerial_GT50,plastic_category,0.56462452328,6.0,10.626531,0.5646245232804572,4.571898415406395e-13,8.097236706701045e-13,match,count objects with <50cm?=no in category / published sampling area; sum Mid weight kg *1000 / same area
MPL-0823,S1:453,S1_aerial_GT50,plastic_category,0.56462452328,6.0,10.626531,0.5646245232804572,4.571898415406395e-13,8.097236706701045e-13,match,count objects with <50cm?=no in category / published sampling area; sum Mid weight kg *1000 / same area
MPL-0824,S1:460,S1_aerial_GT50,plastic_category,0.186391396397,2.0,10.730109,0.186391396396812,1.8801626922027026e-13,1.008717531252405e-12,match,count objects with <50cm?=no in category / published sampling area; sum Mid weight kg *1000 / same area
MPL-0825,S1:451,S1_aerial_GT50,plastic_category,0.464920666402,5.0,10.754523,0.4649206664024057,4.056754931980322e-13,8.725692844276776e-13,match,count objects with <50cm?=no in category / published sampling area; sum Mid weight kg *1000 / same area
MPL-0826,S1:451,S1_aerial_GT50,plastic_category,0.278952399841,3.0,10.754523,0.27895239984144343,4.434230760352875e-13,1.5896012233199432e-12,match,count objects with <50cm?=no in category / published sampling area; sum Mid weight kg *1000 / same area
MPL-0827,S1:451,S1_aerial_GT50,plastic_category,0.278952399841,3.0,10.754523,0.27895239984144343,4.434230760352875e-13,1.5896012233199432e-12,match,count objects with <50cm?=no in category / published sampling area; sum Mid weight kg *1000 / same area
MPL-0828,S1:450,S1_aerial_GT50,total_plastic,,,10.71912,,,,missing,published_midpoint_estimate; crosschecked against filtered object table
MPL-0829,S1:450,S1_aerial_GT50,plastic_category,0.373164961303,4.0,10.71912,0.37316496130279353,2.0644597142904786e-13,5.532297853158278e-13,match,count objects with <50cm?=no in category / published sampling area; sum Mid weight kg *1000 / same area
MPL-0830,S1:450,S1_aerial_GT50,plastic_category,0.279873720977,3.0,10.71912,0.2798737209770951,9.514611321037592e-14,3.399608683453172e-13,match,count objects with <50cm?=no in category / published sampling area; sum Mid weight kg *1000 / same area
MPL-0831,S1:450,S1_aerial_GT50,plastic_category,0.279873720977,3.0,10.71912,0.2798737209770951,9.514611321037592e-14,3.399608683453172e-13,match,count objects with <50cm?=no in category / published sampling area; sum Mid weight kg *1000 / same area
MPL-0832,S1:452,S1_aerial_GT50,total_plastic,,,10.529308,,,,missing,published_midpoint_estimate; crosschecked against filtered object table
MPL-0833,S1:452,S1_aerial_GT50,plastic_category,1.51956804759,16.0,10.529308,1.519568047586793,3.206990228932227e-12,2.1104617420841668e-12,match,count objects with <50cm?=no in category / published sampling area; sum Mid weight kg *1000 / same area
MPL-0834,S1:452,S1_aerial_GT50,plastic_category,0.474865014871,5.0,10.529308,0.4748650148708728,1.2723155862204294e-13,2.679320536102374e-13,match,count objects with <50cm?=no in category / published sampling area; sum Mid weight kg *1000 / same area
MPL-0835,S1:452,S1_aerial_GT50,plastic_category,0.379892011897,4.0,10.529308,0.37989201189669825,3.0175861809311755e-13,7.943273578885709e-13,match,count objects with <50cm?=no in category / published sampling area; sum Mid weight kg *1000 / same area
MPL-0836,S1:449,S1_aerial_GT50,plastic_category,0.636935024984,7.0,10.990132,0.6369350249842314,2.313704783318826e-13,3.632560139673505e-13,match,count objects with <50cm?=no in category / published sampling area; sum Mid weight kg *1000 / same area
MPL-0837,S1:449,S1_aerial_GT50,plastic_category,0.545944307129,6.0,10.990132,0.5459443071293412,3.411715354673106e-13,6.24920034905128e-13,match,count objects with <50cm?=no in category / published sampling area; sum Mid weight kg *1000 / same area
MPL-0838,S1:449,S1_aerial_GT50,plastic_category,0.36396287142,4.0,10.990132,0.3639628714195608,4.3920422854171193e-13,1.2067281116564391e-12,match,count objects with <50cm?=no in category / published sampling area; sum Mid weight kg *1000 / same area
MPL-0839,S1:447,S1_aerial_GT50,plastic_category,0.540636881059,6.0,11.098022,0.5406368810586246,3.7536640462576543e-13,6.943041027657924e-13,match,count objects with <50cm?=no in category / published sampling area; sum Mid weight kg *1000 / same area
MPL-0840,S1:447,S1_aerial_GT50,plastic_category,0.991167615274,11.0,11.098022,0.9911676152741452,1.4521717162097048e-13,1.4651121503886748e-13,match,count objects with <50cm?=no in category / published sampling area; sum Mid weight kg *1000 / same area
MPL-0841,S1:448,S1_aerial_GT50,total_plastic,,,10.951955,,,,missing,published_midpoint_estimate; crosschecked against filtered object table
MPL-0842,S1:448,S1_aerial_GT50,plastic_category,0.547847393456,6.0,10.951955,0.5478473934562368,2.368105711525459e-13,4.322564531313503e-13,match,count objects with <50cm?=no in category / published sampling area; sum Mid weight kg *1000 / same area
MPL-0843,S1:448,S1_aerial_GT50,plastic_category,0.456539494547,5.0,10.951955,0.456539494546864,1.3600232051658168e-13,2.9789825883854715e-13,match,count objects with <50cm?=no in category / published sampling area; sum Mid weight kg *1000 / same area
MPL-0844,S1:448,S1_aerial_GT50,plastic_category,0.0913078989094,1.0,10.951955,0.0913078989093728,2.7200464103316335e-14,2.9789825883854715e-13,match,count objects with <50cm?=no in category / published sampling area; sum Mid weight kg *1000 / same area
MPL-0845,S1:456,S1_aerial_GT50,total_plastic,,,10.645233,,,,missing,published_midpoint_estimate; crosschecked against filtered object table
MPL-0846,S1:456,S1_aerial_GT50,plastic_category,0.845448850204,9.0,10.645233,0.8454488502036546,3.453903829608862e-13,4.0852901139737346e-13,match,count objects with <50cm?=no in category / published sampling area; sum Mid weight kg *1000 / same area
MPL-0847,S1:456,S1_aerial_GT50,plastic_category,0.187877522267,2.0,10.645233,0.1878775222674788,4.788114349452144e-13,2.5485296440345694e-12,match,count objects with <50cm?=no in category / published sampling area; sum Mid weight kg *1000 / same area
MPL-0848,S1:454,S1_aerial_GT50,total_plastic,,,10.792321,,,,missing,published_midpoint_estimate; crosschecked against filtered object table
MPL-0849,S1:454,S1_aerial_GT50,plastic_category,0.277975423452,3.0,10.792321,0.27797542345154486,4.551359289450829e-13,1.6373243479334946e-12,match,count objects with <50cm?=no in category / published sampling area; sum Mid weight kg *1000 / same area
MPL-0850,S1:454,S1_aerial_GT50,plastic_category,0.277975423452,3.0,10.792321,0.27797542345154486,4.551359289450829e-13,1.6373243479334946e-12,match,count objects with <50cm?=no in category / published sampling area; sum Mid weight kg *1000 / same area
MPL-0851,S1:454,S1_aerial_GT50,plastic_category,0.0926584744838,1.0,10.792321,0.09265847448384829,4.8280823783386495e-14,5.21062148415013e-13,match,count objects with <50cm?=no in category / published sampling area; sum Mid weight kg *1000 / same area
MPL-0852,S1:463,S1_aerial_GT50,total_plastic,,,10.318057,,,,missing,published_midpoint_estimate; crosschecked against filtered object table
MPL-0853,S1:463,S1_aerial_GT50,plastic_category,1.25992713551,13.0,10.318057,1.2599271355062296,3.770317391627032e-12,2.992488442675586e-12,match,count objects with <50cm?=no in category / published sampling area; sum Mid weight kg *1000 / same area
MPL-0854,S1:463,S1_aerial_GT50,plastic_category,0.290752415886,3.0,10.318057,0.290752415886053,5.3013149425851225e-14,1.823308991751833e-13,match,count objects with <50cm?=no in category / published sampling area; sum Mid weight kg *1000 / same area
MPL-0855,S1:463,S1_aerial_GT50,plastic_category,0.775339775696,8.0,10.318057,0.7753397756961413,1.4133139103478243e-13,1.8228316857330497e-13,match,count objects with <50cm?=no in category / published sampling area; sum Mid weight kg *1000 / same area
MPL-0856,S1:464,S1_aerial_GT50,plastic_category,1.44865923802,13.0,8.973815,1.4486592380163843,3.61577434659921e-12,2.4959453898497078e-12,match,count objects with <50cm?=no in category / published sampling area; sum Mid weight kg *1000 / same area
MPL-0857,S1:464,S1_aerial_GT50,plastic_category,1.00291793401,9.0,8.973815,1.002917934011343,1.3429257705865894e-12,1.339018602665848e-12,match,count objects with <50cm?=no in category / published sampling area; sum Mid weight kg *1000 / same area
MPL-0858,S1:464,S1_aerial_GT50,plastic_category,1.11435326001,10.0,8.973815,1.1143532600126034,2.603472992745992e-12,2.3363084994453456e-12,match,count objects with <50cm?=no in category / published sampling area; sum Mid weight kg *1000 / same area
MPL-0859,S1:465,S1_aerial_GT50,total_plastic,,,10.68499,,,,missing,published_midpoint_estimate; crosschecked against filtered object table
MPL-0860,S1:465,S1_aerial_GT50,plastic_category,0.74871384999,8.0,10.68499,0.7487138499895647,4.353184479555239e-13,5.814216579021987e-13,match,count objects with <50cm?=no in category / published sampling area; sum Mid weight kg *1000 / same area
MPL-0861,S1:465,S1_aerial_GT50,plastic_category,0.74871384999,8.0,10.68499,0.7487138499895647,4.353184479555239e-13,5.814216579021987e-13,match,count objects with <50cm?=no in category / published sampling area; sum Mid weight kg *1000 / same area
MPL-0862,S1:466,S1_aerial_GT50,plastic_category,0.0943918231007,1.0,10.594138,0.0943918231006619,3.81084053202585e-14,4.037257049225897e-13,match,count objects with <50cm?=no in category / published sampling area; sum Mid weight kg *1000 / same area
MPL-0863,S1:466,S1_aerial_GT50,plastic_category,1.51026916961,16.0,10.594138,1.5102691696105903,5.904166044956582e-13,3.909346865950543e-13,match,count objects with <50cm?=no in category / published sampling area; sum Mid weight kg *1000 / same area
MPL-0864,S1:466,S1_aerial_GT50,plastic_category,0.471959115503,5.0,10.594138,0.4719591155033095,3.094746681142624e-13,6.55723468301769e-13,match,count objects with <50cm?=no in category / published sampling area; sum Mid weight kg *1000 / same area
MPL-0865,S1:467,S1_aerial_GT50,total_plastic,,,10.593497,,,,missing,published_midpoint_estimate; crosschecked against filtered object table
MPL-0866,S1:467,S1_aerial_GT50,plastic_category,0.283192603915,3.0,10.593497,0.2831926039154021,4.0206726836800044e-13,1.4197661337535515e-12,match,count objects with <50cm?=no in category / published sampling area; sum Mid weight kg *1000 / same area
MPL-0867,S1:467,S1_aerial_GT50,plastic_category,0.943975346385,10.0,10.593497,0.9439753463846736,3.26405569239796e-13,3.4577764185238756e-13,match,count objects with <50cm?=no in category / published sampling area; sum Mid weight kg *1000 / same area
MPL-0868,S1:467,S1_aerial_GT50,plastic_category,0.0943975346385,1.0,10.593497,0.09439753463846737,3.262667913617179e-14,3.456306275488789e-13,match,count objects with <50cm?=no in category / published sampling area; sum Mid weight kg *1000 / same area
MPL-0869,S1:468,S1_aerial_GT50,total_plastic,,,10.560696,,,,missing,published_midpoint_estimate; crosschecked against filtered object table
MPL-0870,S1:468,S1_aerial_GT50,plastic_category,0.66283510102,7.0,10.560696,0.662835101019857,1.4299672557172016e-13,2.1573499253686245e-13,match,count objects with <50cm?=no in category / published sampling area; sum Mid weight kg *1000 / same area
MPL-0871,S1:468,S1_aerial_GT50,plastic_category,5.11329935072,54.0,10.560696,5.113299350724612,4.61142235508305e-12,9.018486966607419e-13,match,count objects with <50cm?=no in category / published sampling area; sum Mid weight kg *1000 / same area
MPL-0872,S1:468,S1_aerial_GT50,plastic_category,0.946907287171,10.0,10.560696,0.9469072871712243,2.2426505097428162e-13,2.368395026764453e-13,match,count objects with <50cm?=no in category / published sampling area; sum Mid weight kg *1000 / same area
MPL-0873,S1:468,S1_aerial_GT50,plastic_category,0.284072186151,3.0,10.560696,0.2840721861513673,3.6731728769723304e-13,1.2930420703066779e-12,match,count objects with <50cm?=no in category / published sampling area; sum Mid weight kg *1000 / same area
MPL-0874,S1:469,S1_aerial_GT50,plastic_category,1.6505085547,15.0,9.088108,1.6505085546958729,4.127143071741557e-12,2.5005281311563484e-12,match,count objects with <50cm?=no in category / published sampling area; sum Mid weight kg *1000 / same area
MPL-0875,S1:469,S1_aerial_GT50,plastic_category,0.880271229171,8.0,9.088108,0.8802712291711322,1.3222756223285614e-13,1.5021229576863728e-13,match,count objects with <50cm?=no in category / published sampling area; sum Mid weight kg *1000 / same area
MPL-0876,S1:469,S1_aerial_GT50,plastic_category,0.110033903646,1.0,9.088108,0.11003390364639153,3.9152014963406145e-13,3.5581774040631716e-12,match,count objects with <50cm?=no in category / published sampling area; sum Mid weight kg *1000 / same area
MPL-0877,S1:470,S1_aerial_GT50,total_plastic,,,2.958641,,,,missing,published_midpoint_estimate; crosschecked against filtered object table
MPL-0878,S1:470,S1_aerial_GT50,plastic_category,0.33799301774,1.0,2.958641,0.3379930177402395,2.3947510641164627e-13,7.085208683093616e-13,match,count objects with <50cm?=no in category / published sampling area; sum Mid weight kg *1000 / same area
MPL-0879,S1:470,S1_aerial_GT50,plastic_category,0.33799301774,1.0,2.958641,0.3379930177402395,2.3947510641164627e-13,7.085208683093616e-13,match,count objects with <50cm?=no in category / published sampling area; sum Mid weight kg *1000 / same area
MPL-0880,S1:471,S1_aerial_GT50,plastic_category,0.191200951339,2.0,10.460199,0.1912009513394535,4.534983499837608e-13,2.371841493506518e-12,match,count objects with <50cm?=no in category / published sampling area; sum Mid weight kg *1000 / same area
MPL-0881,S1:471,S1_aerial_GT50,plastic_category,0.286801427009,3.0,10.460199,0.28680142700918027,1.8024470804789416e-13,6.28465171626353e-13,match,count objects with <50cm?=no in category / published sampling area; sum Mid weight kg *1000 / same area
MPL-0882,S1:471,S1_aerial_GT50,plastic_category,0.0956004756697,1.0,10.460199,0.09560047566972675,2.6756374893466273e-14,2.7987700590433933e-13,match,count objects with <50cm?=no in category / published sampling area; sum Mid weight kg *1000 / same area
MPL-0883,S1:472,S1_aerial_GT50,total_plastic,,,10.558738,,,,missing,published_midpoint_estimate; crosschecked against filtered object table
MPL-0884,S1:472,S1_aerial_GT50,plastic_category,1.79945747304,19.0,10.558738,1.7994574730427064,2.7065016894312066e-12,1.5040653808054979e-12,match,count objects with <50cm?=no in category / published sampling area; sum Mid weight kg *1000 / same area
MPL-0885,S1:472,S1_aerial_GT50,plastic_category,2.9359569297,31.0,10.558738,2.9359569297012578,1.2576606422953773e-12,4.2836481338433216e-13,match,count objects with <50cm?=no in category / published sampling area; sum Mid weight kg *1000 / same area
MPL-0886,S1:472,S1_aerial_GT50,plastic_category,0.18941657611,2.0,10.558738,0.18941657610975857,2.414457522803559e-13,1.2746812197689656e-12,match,count objects with <50cm?=no in category / published sampling area; sum Mid weight kg *1000 / same area
MPL-0887,S1:473,S1_aerial_GT50,plastic_category,0.283424244809,3.0,10.584839,0.28342424480901407,1.404432126150823e-14,4.95522931391163e-14,match,count objects with <50cm?=no in category / published sampling area; sum Mid weight kg *1000 / same area
MPL-0888,S1:473,S1_aerial_GT50,plastic_category,0.377898993079,4.0,10.584839,0.37789899307868546,3.1452618287630685e-13,8.323022517568735e-13,match,count objects with <50cm?=no in category / published sampling area; sum Mid weight kg *1000 / same area
MPL-0889,S1:473,S1_aerial_GT50,plastic_category,0.283424244809,3.0,10.584839,0.28342424480901407,1.404432126150823e-14,4.95522931391163e-14,match,count objects with <50cm?=no in category / published sampling area; sum Mid weight kg *1000 / same area
MPL-0890,S1:474,S1_aerial_GT50,total_plastic,,,10.639472,,,,missing,published_midpoint_estimate; crosschecked against filtered object table
MPL-0891,S1:474,S1_aerial_GT50,plastic_category,0.187979253106,2.0,10.639472,0.18797925310579322,2.067790383364354e-13,1.1000098942825056e-12,match,count objects with <50cm?=no in category / published sampling area; sum Mid weight kg *1000 / same area
MPL-0892,S1:474,S1_aerial_GT50,plastic_category,0.65792738587,7.0,10.639472,0.6579273858702763,2.7633451082920146e-13,4.200076129431743e-13,match,count objects with <50cm?=no in category / published sampling area; sum Mid weight kg *1000 / same area
MPL-0893,S1:475,S1_aerial_GT50,plastic_category,1.41022440901,15.0,10.636605,1.4102244090102058,2.0583534876550402e-13,1.4595928665708156e-13,match,count objects with <50cm?=no in category / published sampling area; sum Mid weight kg *1000 / same area
MPL-0894,S1:475,S1_aerial_GT50,plastic_category,1.59825433021,17.0,10.636605,1.5982543302115666,1.5665246877460959e-12,9.801473133129349e-13,match,count objects with <50cm?=no in category / published sampling area; sum Mid weight kg *1000 / same area
MPL-0895,S1:475,S1_aerial_GT50,plastic_category,0.282044881802,3.0,10.636605,0.2820448818020412,4.118927421359331e-14,1.4603801334891386e-13,match,count objects with <50cm?=no in category / published sampling area; sum Mid weight kg *1000 / same area
MPL-0896,S1:476,S1_aerial_GT50,total_plastic,,,10.720459,,,,missing,published_midpoint_estimate; crosschecked against filtered object table
MPL-0897,S1:476,S1_aerial_GT50,plastic_category,0.279838764366,3.0,10.720459,0.27983876436633914,3.3911762287175407e-13,1.2118321907261691e-12,match,count objects with <50cm?=no in category / published sampling area; sum Mid weight kg *1000 / same area
MPL-0898,S1:476,S1_aerial_GT50,plastic_category,2.05215093869,22.0,10.720459,2.0521509386864873,3.5127456499139953e-12,1.711738441693949e-12,match,count objects with <50cm?=no in category / published sampling area; sum Mid weight kg *1000 / same area
MPL-0899,S1:476,S1_aerial_GT50,plastic_category,1.39919382183,15.0,10.720459,1.399193821831696,1.6959766924173891e-12,1.2121099064025511e-12,match,count objects with <50cm?=no in category / published sampling area; sum Mid weight kg *1000 / same area
MPL-0900,S1:476,S1_aerial_GT50,plastic_category,0.373118352488,4.0,10.720459,0.3731183524884522,4.5219383792982626e-13,1.2119313748963056e-12,match,count objects with <50cm?=no in category / published sampling area; sum Mid weight kg *1000 / same area
MPL-0901,S1:477,S1_aerial_GT50,plastic_category,1.52323388647,8.0,5.251984,1.5232338864703319,3.319566843629218e-13,2.1792889937093695e-13,match,count objects with <50cm?=no in category / published sampling area; sum Mid weight kg *1000 / same area
MPL-0902,S1:477,S1_aerial_GT50,plastic_category,0.380808471618,2.0,5.251984,0.38080847161758297,4.1705527920044005e-13,1.0951838267369225e-12,match,count objects with <50cm?=no in category / published sampling area; sum Mid weight kg *1000 / same area
MPL-0903,S4:DOORS3:T2,S4_visual_GT2_5,all_litter,439.84,,,,,,published_only,retained reported all-litter density; numerator/area not reconstructed
MPL-0904,S4:DOORS3:T1,S4_visual_GT2_5,all_litter,192.54,,,,,,published_only,retained reported all-litter density; numerator/area not reconstructed
MPL-0905,S4:DOORS3:T10,S4_visual_GT2_5,all_litter,256.07,,,,,,published_only,retained reported all-litter density; numerator/area not reconstructed
MPL-0906,S4:DOORS3:T9,S4_visual_GT2_5,all_litter,164.29,,,,,,published_only,retained reported all-litter density; numerator/area not reconstructed
MPL-0907,S4:DOORS3:T8,S4_visual_GT2_5,all_litter,217.98,,,,,,published_only,retained reported all-litter density; numerator/area not reconstructed
MPL-0908,S4:DOORS3:T7,S4_visual_GT2_5,all_litter,131.17,,,,,,published_only,retained reported all-litter density; numerator/area not reconstructed
MPL-0909,S4:DOORS3:T6,S4_visual_GT2_5,all_litter,268.24,,,,,,published_only,retained reported all-litter density; numerator/area not reconstructed
MPL-0910,S4:DOORS3:T5,S4_visual_GT2_5,all_litter,389.72,,,,,,published_only,retained reported all-litter density; numerator/area not reconstructed
MPL-0911,S4:DOORS3:T4,S4_visual_GT2_5,all_litter,269.64,,,,,,published_only,retained reported all-litter density; numerator/area not reconstructed
MPL-0912,S4:DOORS3:T3,S4_visual_GT2_5,all_litter,686.06,,,,,,published_only,retained reported all-litter density; numerator/area not reconstructed
MPL-0913,S4:DOORS3:T17,S4_visual_GT2_5,all_litter,89.61,,,,,,published_only,retained reported all-litter density; numerator/area not reconstructed
MPL-0914,S4:DOORS3:T16,S4_visual_GT2_5,all_litter,64.91,,,,,,published_only,retained reported all-litter density; numerator/area not reconstructed
MPL-0915,S4:DOORS3:T15,S4_visual_GT2_5,all_litter,127.14,,,,,,published_only,retained reported all-litter density; numerator/area not reconstructed
MPL-0916,S4:DOORS3:T14,S4_visual_GT2_5,all_litter,89.39,,,,,,published_only,retained reported all-litter density; numerator/area not reconstructed
MPL-0917,S4:DOORS3:T13,S4_visual_GT2_5,all_litter,263.57,,,,,,published_only,retained reported all-litter density; numerator/area not reconstructed
MPL-0918,S4:DOORS3:T12,S4_visual_GT2_5,all_litter,48.97,,,,,,published_only,retained reported all-litter density; numerator/area not reconstructed
MPL-0919,S4:DOORS3:T11,S4_visual_GT2_5,all_litter,62.52,,,,,,published_only,retained reported all-litter density; numerator/area not reconstructed
MPL-0920,S4:DOORS3:T19,S4_visual_GT2_5,all_litter,544.69,,,,,,published_only,retained reported all-litter density; numerator/area not reconstructed
MPL-0921,S4:DOORS3:T18,S4_visual_GT2_5,all_litter,348.74,,,,,,published_only,retained reported all-litter density; numerator/area not reconstructed
MPL-0922,S4:DOORS3:T21,S4_visual_GT2_5,all_litter,67.34,,,,,,published_only,retained reported all-litter density; numerator/area not reconstructed
MPL-0923,S4:DOORS3:T20,S4_visual_GT2_5,all_litter,224.92,,,,,,published_only,retained reported all-litter density; numerator/area not reconstructed
MPL-0924,S4:DOORS3:T22,S4_visual_GT2_5,all_litter,814.08,,,,,,published_only,retained reported all-litter density; numerator/area not reconstructed
MPL-0925,S4:DOORS3:T24,S4_visual_GT2_5,all_litter,600.49,,,,,,published_only,retained reported all-litter density; numerator/area not reconstructed
MPL-0926,S4:DOORS3:T23,S4_visual_GT2_5,all_litter,102.37,,,,,,published_only,retained reported all-litter density; numerator/area not reconstructed
MPL-0927,S4:DOORS3:T25,S4_visual_GT2_5,all_litter,976.01,,,,,,published_only,retained reported all-litter density; numerator/area not reconstructed
MPL-0928,S4:DOORS3:T26,S4_visual_GT2_5,all_litter,85.69,,,,,,published_only,retained reported all-litter density; numerator/area not reconstructed
MPL-0929,S4:DOORS3:T27,S4_visual_GT2_5,all_litter,144.3,,,,,,published_only,retained reported all-litter density; numerator/area not reconstructed
MPL-0930,S4:DOORS3:T28,S4_visual_GT2_5,all_litter,356.56,,,,,,published_only,retained reported all-litter density; numerator/area not reconstructed
MPL-0931,S4:DOORS3:T29,S4_visual_GT2_5,all_litter,85.96,,,,,,published_only,retained reported all-litter density; numerator/area not reconstructed
MPL-0932,S4:DOORS3:T32,S4_visual_GT2_5,all_litter,198.51,,,,,,published_only,retained reported all-litter density; numerator/area not reconstructed
MPL-0933,S4:DOORS3:T31,S4_visual_GT2_5,all_litter,345.29,,,,,,published_only,retained reported all-litter density; numerator/area not reconstructed
MPL-0934,S4:DOORS3:T30,S4_visual_GT2_5,all_litter,587.41,,,,,,published_only,retained reported all-litter density; numerator/area not reconstructed
MPL-0935,S4:DOORS3:T33,S4_visual_GT2_5,all_litter,340.86,,,,,,published_only,retained reported all-litter density; numerator/area not reconstructed
