measurement_profile,model,fold,event_id,sample_id,group,y_true,y_pred,train_p10,train_p90,interval_covered,error,abs_error
S1_trawl_5_to_50,train_mean,0,S1:3.3,MPL-0543,G050,177.80932,701.3035967424241,151.777222,1421.6800395,True,523.4942767424241,523.4942767424241
S1_trawl_5_to_50,train_mean,0,S1:6.4,MPL-0544,G051,348.007734,701.3035967424241,151.777222,1421.6800395,True,353.2958627424241,353.2958627424241
S1_trawl_5_to_50,train_mean,0,S1:6.3,MPL-0545,G051,340.282743,701.3035967424241,151.777222,1421.6800395,True,361.02085374242415,361.02085374242415
S1_trawl_5_to_50,train_mean,0,S1:7.4,MPL-0559,G056,346.454898,701.3035967424241,151.777222,1421.6800395,True,354.8486987424241,354.8486987424241
S1_trawl_5_to_50,train_mean,0,S1:15.3,MPL-0577,G062,141.836664,701.3035967424241,151.777222,1421.6800395,False,559.4669327424241,559.4669327424241
S1_trawl_5_to_50,train_mean,0,S1:32.4,MPL-0627,G071,949.556256,701.3035967424241,151.777222,1421.6800395,True,-248.25265925757583,248.25265925757583
S1_trawl_5_to_50,train_mean,0,S1:37.3,MPL-0648,G077,1104.538559,701.3035967424241,151.777222,1421.6800395,True,-403.23496225757594,403.23496225757594
S1_trawl_5_to_50,train_mean,0,S1:46.4,MPL-0671,G083,747.327276,701.3035967424241,151.777222,1421.6800395,True,-46.02367925757585,46.02367925757585
S1_trawl_5_to_50,train_mean,0,S1:58.4,MPL-0710,G090,1849.2198,701.3035967424241,151.777222,1421.6800395,False,-1147.916203257576,1147.916203257576
S1_trawl_5_to_50,train_mean,0,S1:61.3,MPL-0716,G091,969.284957,701.3035967424241,151.777222,1421.6800395,True,-267.98136025757583,267.98136025757583
S1_trawl_5_to_50,train_mean,0,S1:60.4,MPL-0721,G091,1390.855413,701.3035967424241,151.777222,1421.6800395,True,-689.5518162575759,689.5518162575759
S1_trawl_5_to_50,train_mean,0,S1:62.3,MPL-0724,G091,883.382867,701.3035967424241,151.777222,1421.6800395,True,-182.0792702575759,182.0792702575759
S1_trawl_5_to_50,train_mean,0,S1:65.3,MPL-0726,G091,254.925782,701.3035967424241,151.777222,1421.6800395,True,446.3778147424241,446.3778147424241
S1_trawl_5_to_50,train_mean,0,S1:64.3,MPL-0736,G091,926.093191,701.3035967424241,151.777222,1421.6800395,True,-224.7895942575759,224.7895942575759
S1_trawl_5_to_50,train_mean,0,S1:63.3,MPL-0738,G091,473.750303,701.3035967424241,151.777222,1421.6800395,True,227.55329374242416,227.55329374242416
S1_trawl_5_to_50,train_mean,0,S1:69.4,MPL-0739,G093,1171.220722,701.3035967424241,151.777222,1421.6800395,True,-469.9171252575759,469.9171252575759
S1_trawl_5_to_50,train_mean,0,S1:68.4,MPL-0742,G093,470.658241,701.3035967424241,151.777222,1421.6800395,True,230.64535574242416,230.64535574242416
S1_trawl_5_to_50,train_median,0,S1:3.3,MPL-0543,G050,177.80932,596.5531225,151.777222,1421.6800395,True,418.74380249999996,418.74380249999996
S1_trawl_5_to_50,train_median,0,S1:6.4,MPL-0544,G051,348.007734,596.5531225,151.777222,1421.6800395,True,248.54538849999994,248.54538849999994
S1_trawl_5_to_50,train_median,0,S1:6.3,MPL-0545,G051,340.282743,596.5531225,151.777222,1421.6800395,True,256.2703795,256.2703795
S1_trawl_5_to_50,train_median,0,S1:7.4,MPL-0559,G056,346.454898,596.5531225,151.777222,1421.6800395,True,250.09822449999996,250.09822449999996
S1_trawl_5_to_50,train_median,0,S1:15.3,MPL-0577,G062,141.836664,596.5531225,151.777222,1421.6800395,False,454.71645849999993,454.71645849999993
S1_trawl_5_to_50,train_median,0,S1:32.4,MPL-0627,G071,949.556256,596.5531225,151.777222,1421.6800395,True,-353.0031335,353.0031335
S1_trawl_5_to_50,train_median,0,S1:37.3,MPL-0648,G077,1104.538559,596.5531225,151.777222,1421.6800395,True,-507.9854365000001,507.9854365000001
S1_trawl_5_to_50,train_median,0,S1:46.4,MPL-0671,G083,747.327276,596.5531225,151.777222,1421.6800395,True,-150.7741535,150.7741535
S1_trawl_5_to_50,train_median,0,S1:58.4,MPL-0710,G090,1849.2198,596.5531225,151.777222,1421.6800395,False,-1252.6666775,1252.6666775
S1_trawl_5_to_50,train_median,0,S1:61.3,MPL-0716,G091,969.284957,596.5531225,151.777222,1421.6800395,True,-372.7318345,372.7318345
S1_trawl_5_to_50,train_median,0,S1:60.4,MPL-0721,G091,1390.855413,596.5531225,151.777222,1421.6800395,True,-794.3022905,794.3022905
S1_trawl_5_to_50,train_median,0,S1:62.3,MPL-0724,G091,883.382867,596.5531225,151.777222,1421.6800395,True,-286.82974450000006,286.82974450000006
S1_trawl_5_to_50,train_median,0,S1:65.3,MPL-0726,G091,254.925782,596.5531225,151.777222,1421.6800395,True,341.62734049999995,341.62734049999995
S1_trawl_5_to_50,train_median,0,S1:64.3,MPL-0736,G091,926.093191,596.5531225,151.777222,1421.6800395,True,-329.5400685000001,329.5400685000001
S1_trawl_5_to_50,train_median,0,S1:63.3,MPL-0738,G091,473.750303,596.5531225,151.777222,1421.6800395,True,122.8028195,122.8028195
S1_trawl_5_to_50,train_median,0,S1:69.4,MPL-0739,G093,1171.220722,596.5531225,151.777222,1421.6800395,True,-574.6675995,574.6675995
S1_trawl_5_to_50,train_median,0,S1:68.4,MPL-0742,G093,470.658241,596.5531225,151.777222,1421.6800395,True,125.8948815,125.8948815
S1_trawl_5_to_50,spatial_knn_log1p,0,S1:3.3,MPL-0543,G050,177.80932,186.71933039387426,151.777222,1421.6800395,True,8.910010393874245,8.910010393874245
S1_trawl_5_to_50,spatial_knn_log1p,0,S1:6.4,MPL-0544,G051,348.007734,376.33974066384826,151.777222,1421.6800395,True,28.332006663848233,28.332006663848233
S1_trawl_5_to_50,spatial_knn_log1p,0,S1:6.3,MPL-0545,G051,340.282743,376.39147438742185,151.777222,1421.6800395,True,36.10873138742187,36.10873138742187
S1_trawl_5_to_50,spatial_knn_log1p,0,S1:7.4,MPL-0559,G056,346.454898,382.8076411589176,151.777222,1421.6800395,True,36.352743158917576,36.352743158917576
S1_trawl_5_to_50,spatial_knn_log1p,0,S1:15.3,MPL-0577,G062,141.836664,444.5250563557235,151.777222,1421.6800395,False,302.6883923557235,302.6883923557235
S1_trawl_5_to_50,spatial_knn_log1p,0,S1:32.4,MPL-0627,G071,949.556256,418.0273853253545,151.777222,1421.6800395,True,-531.5288706746455,531.5288706746455
S1_trawl_5_to_50,spatial_knn_log1p,0,S1:37.3,MPL-0648,G077,1104.538559,632.2977627648027,151.777222,1421.6800395,True,-472.2407962351974,472.2407962351974
S1_trawl_5_to_50,spatial_knn_log1p,0,S1:46.4,MPL-0671,G083,747.327276,940.2415410166192,151.777222,1421.6800395,True,192.9142650166192,192.9142650166192
S1_trawl_5_to_50,spatial_knn_log1p,0,S1:58.4,MPL-0710,G090,1849.2198,1275.0394760967783,151.777222,1421.6800395,False,-574.1803239032217,574.1803239032217
S1_trawl_5_to_50,spatial_knn_log1p,0,S1:61.3,MPL-0716,G091,969.284957,765.6450892744538,151.777222,1421.6800395,True,-203.6398677255462,203.6398677255462
S1_trawl_5_to_50,spatial_knn_log1p,0,S1:60.4,MPL-0721,G091,1390.855413,1071.8615361541938,151.777222,1421.6800395,True,-318.9938768458062,318.9938768458062
S1_trawl_5_to_50,spatial_knn_log1p,0,S1:62.3,MPL-0724,G091,883.382867,624.5467800285375,151.777222,1421.6800395,True,-258.8360869714626,258.8360869714626
S1_trawl_5_to_50,spatial_knn_log1p,0,S1:65.3,MPL-0726,G091,254.925782,915.4102383614832,151.777222,1421.6800395,True,660.4844563614831,660.4844563614831
S1_trawl_5_to_50,spatial_knn_log1p,0,S1:64.3,MPL-0736,G091,926.093191,684.1631801286223,151.777222,1421.6800395,True,-241.9300108713777,241.9300108713777
S1_trawl_5_to_50,spatial_knn_log1p,0,S1:63.3,MPL-0738,G091,473.750303,588.144789135932,151.777222,1421.6800395,True,114.39448613593203,114.39448613593203
S1_trawl_5_to_50,spatial_knn_log1p,0,S1:69.4,MPL-0739,G093,1171.220722,750.8568043249379,151.777222,1421.6800395,True,-420.3639176750621,420.3639176750621
S1_trawl_5_to_50,spatial_knn_log1p,0,S1:68.4,MPL-0742,G093,470.658241,1020.4822480029129,151.777222,1421.6800395,True,549.8240070029129,549.8240070029129
S1_trawl_5_to_50,train_mean,1,S1:2.3,MPL-0530,G048,61.817996,747.7747487878787,164.2354085,1472.3980455,False,685.9567527878787,685.9567527878787
S1_trawl_5_to_50,train_mean,1,S1:1.3,MPL-0531,G048,152.892947,747.7747487878787,164.2354085,1472.3980455,False,594.8818017878787,594.8818017878787
S1_trawl_5_to_50,train_mean,1,S1:4.3,MPL-0535,G049,255.766117,747.7747487878787,164.2354085,1472.3980455,True,492.0086317878787,492.0086317878787
S1_trawl_5_to_50,train_mean,1,S1:8.4,MPL-0555,G055,257.163107,747.7747487878787,164.2354085,1472.3980455,True,490.6116417878787,490.6116417878787
S1_trawl_5_to_50,train_mean,1,S1:14.3,MPL-0570,G060,225.114268,747.7747487878787,164.2354085,1472.3980455,True,522.6604807878787,522.6604807878787
S1_trawl_5_to_50,train_mean,1,S1:31.4,MPL-0618,G069,246.22585,747.7747487878787,164.2354085,1472.3980455,True,501.54889878787867,501.54889878787867
S1_trawl_5_to_50,train_mean,1,S1:39.3,MPL-0640,G075,721.013939,747.7747487878787,164.2354085,1472.3980455,True,26.760809787878657,26.760809787878657
S1_trawl_5_to_50,train_mean,1,S1:38.3,MPL-0642,G075,846.359613,747.7747487878787,164.2354085,1472.3980455,True,-98.58486421212126,98.58486421212126
S1_trawl_5_to_50,train_mean,1,S1:36.3,MPL-0647,G076,347.331302,747.7747487878787,164.2354085,1472.3980455,True,400.4434467878787,400.4434467878787
S1_trawl_5_to_50,train_mean,1,S1:47.4,MPL-0669,G082,1077.945907,747.7747487878787,164.2354085,1472.3980455,True,-330.1711582121213,330.1711582121213
S1_trawl_5_to_50,train_mean,1,S1:54.4,MPL-0699,G088,741.629573,747.7747487878787,164.2354085,1472.3980455,True,6.145175787878657,6.145175787878657
S1_trawl_5_to_50,train_mean,1,S1:54.3,MPL-0701,G088,439.780685,747.7747487878787,164.2354085,1472.3980455,True,307.9940637878787,307.9940637878787
S1_trawl_5_to_50,train_mean,1,S1:57.4,MPL-0705,G089,1292.557215,747.7747487878787,164.2354085,1472.3980455,True,-544.7824662121213,544.7824662121213
S1_trawl_5_to_50,train_mean,1,S1:56.4,MPL-0711,G088,961.750609,747.7747487878787,164.2354085,1472.3980455,True,-213.97586021212135,213.97586021212135
S1_trawl_5_to_50,train_mean,1,S1:55.4,MPL-0715,G088,937.233371,747.7747487878787,164.2354085,1472.3980455,True,-189.45862221212133,189.45862221212133
S1_trawl_5_to_50,train_mean,1,S1:79.4,MPL-0777,G101,552.015861,747.7747487878787,164.2354085,1472.3980455,True,195.75888778787873,195.75888778787873
S1_trawl_5_to_50,train_mean,1,S1:79.3,MPL-0778,G101,361.510331,747.7747487878787,164.2354085,1472.3980455,True,386.2644177878787,386.2644177878787
S1_trawl_5_to_50,train_median,1,S1:2.3,MPL-0530,G048,61.817996,652.9744085,164.2354085,1472.3980455,False,591.1564125,591.1564125
S1_trawl_5_to_50,train_median,1,S1:1.3,MPL-0531,G048,152.892947,652.9744085,164.2354085,1472.3980455,False,500.0814615,500.0814615
S1_trawl_5_to_50,train_median,1,S1:4.3,MPL-0535,G049,255.766117,652.9744085,164.2354085,1472.3980455,True,397.2082915,397.2082915
S1_trawl_5_to_50,train_median,1,S1:8.4,MPL-0555,G055,257.163107,652.9744085,164.2354085,1472.3980455,True,395.81130149999996,395.81130149999996
S1_trawl_5_to_50,train_median,1,S1:14.3,MPL-0570,G060,225.114268,652.9744085,164.2354085,1472.3980455,True,427.86014049999994,427.86014049999994
S1_trawl_5_to_50,train_median,1,S1:31.4,MPL-0618,G069,246.22585,652.9744085,164.2354085,1472.3980455,True,406.74855849999994,406.74855849999994
S1_trawl_5_to_50,train_median,1,S1:39.3,MPL-0640,G075,721.013939,652.9744085,164.2354085,1472.3980455,True,-68.03953050000007,68.03953050000007
S1_trawl_5_to_50,train_median,1,S1:38.3,MPL-0642,G075,846.359613,652.9744085,164.2354085,1472.3980455,True,-193.3852045,193.3852045
S1_trawl_5_to_50,train_median,1,S1:36.3,MPL-0647,G076,347.331302,652.9744085,164.2354085,1472.3980455,True,305.6431065,305.6431065
S1_trawl_5_to_50,train_median,1,S1:47.4,MPL-0669,G082,1077.945907,652.9744085,164.2354085,1472.3980455,True,-424.97149850000005,424.97149850000005
S1_trawl_5_to_50,train_median,1,S1:54.4,MPL-0699,G088,741.629573,652.9744085,164.2354085,1472.3980455,True,-88.65516450000007,88.65516450000007
S1_trawl_5_to_50,train_median,1,S1:54.3,MPL-0701,G088,439.780685,652.9744085,164.2354085,1472.3980455,True,213.19372349999998,213.19372349999998
S1_trawl_5_to_50,train_median,1,S1:57.4,MPL-0705,G089,1292.557215,652.9744085,164.2354085,1472.3980455,True,-639.5828065000001,639.5828065000001
S1_trawl_5_to_50,train_median,1,S1:56.4,MPL-0711,G088,961.750609,652.9744085,164.2354085,1472.3980455,True,-308.7762005000001,308.7762005000001
S1_trawl_5_to_50,train_median,1,S1:55.4,MPL-0715,G088,937.233371,652.9744085,164.2354085,1472.3980455,True,-284.25896250000005,284.25896250000005
S1_trawl_5_to_50,train_median,1,S1:79.4,MPL-0777,G101,552.015861,652.9744085,164.2354085,1472.3980455,True,100.95854750000001,100.95854750000001
S1_trawl_5_to_50,train_median,1,S1:79.3,MPL-0778,G101,361.510331,652.9744085,164.2354085,1472.3980455,True,291.4640775,291.4640775
S1_trawl_5_to_50,spatial_knn_log1p,1,S1:2.3,MPL-0530,G048,61.817996,355.76085352694315,164.2354085,1472.3980455,False,293.94285752694316,293.94285752694316
S1_trawl_5_to_50,spatial_knn_log1p,1,S1:1.3,MPL-0531,G048,152.892947,437.8661240526149,164.2354085,1472.3980455,False,284.9731770526149,284.9731770526149
S1_trawl_5_to_50,spatial_knn_log1p,1,S1:4.3,MPL-0535,G049,255.766117,329.59383137139446,164.2354085,1472.3980455,True,73.82771437139445,73.82771437139445
S1_trawl_5_to_50,spatial_knn_log1p,1,S1:8.4,MPL-0555,G055,257.163107,407.8708803737067,164.2354085,1472.3980455,True,150.7077733737067,150.7077733737067
S1_trawl_5_to_50,spatial_knn_log1p,1,S1:14.3,MPL-0570,G060,225.114268,161.66927513805527,164.2354085,1472.3980455,True,-63.44499286194474,63.44499286194474
S1_trawl_5_to_50,spatial_knn_log1p,1,S1:31.4,MPL-0618,G069,246.22585,629.3003670334008,164.2354085,1472.3980455,True,383.07451703340075,383.07451703340075
S1_trawl_5_to_50,spatial_knn_log1p,1,S1:39.3,MPL-0640,G075,721.013939,866.4586061593403,164.2354085,1472.3980455,True,145.44466715934027,145.44466715934027
S1_trawl_5_to_50,spatial_knn_log1p,1,S1:38.3,MPL-0642,G075,846.359613,841.171295572052,164.2354085,1472.3980455,True,-5.188317427947936,5.188317427947936
S1_trawl_5_to_50,spatial_knn_log1p,1,S1:36.3,MPL-0647,G076,347.331302,735.9448248288578,164.2354085,1472.3980455,True,388.6135228288578,388.6135228288578
S1_trawl_5_to_50,spatial_knn_log1p,1,S1:47.4,MPL-0669,G082,1077.945907,1039.6961514090165,164.2354085,1472.3980455,True,-38.24975559098357,38.24975559098357
S1_trawl_5_to_50,spatial_knn_log1p,1,S1:54.4,MPL-0699,G088,741.629573,545.7727749024708,164.2354085,1472.3980455,True,-195.85679809752924,195.85679809752924
S1_trawl_5_to_50,spatial_knn_log1p,1,S1:54.3,MPL-0701,G088,439.780685,545.76343583207,164.2354085,1472.3980455,True,105.98275083206994,105.98275083206994
S1_trawl_5_to_50,spatial_knn_log1p,1,S1:57.4,MPL-0705,G089,1292.557215,1123.0076012535394,164.2354085,1472.3980455,True,-169.54961374646064,169.54961374646064
S1_trawl_5_to_50,spatial_knn_log1p,1,S1:56.4,MPL-0711,G088,961.750609,822.316513298031,164.2354085,1472.3980455,True,-139.434095701969,139.434095701969
S1_trawl_5_to_50,spatial_knn_log1p,1,S1:55.4,MPL-0715,G088,937.233371,571.9041178749277,164.2354085,1472.3980455,True,-365.32925312507234,365.32925312507234
S1_trawl_5_to_50,spatial_knn_log1p,1,S1:79.4,MPL-0777,G101,552.015861,663.7135128683414,164.2354085,1472.3980455,True,111.69765186834138,111.69765186834138
S1_trawl_5_to_50,spatial_knn_log1p,1,S1:79.3,MPL-0778,G101,361.510331,663.8576050777157,164.2354085,1472.3980455,True,302.34727407771567,302.34727407771567
S1_trawl_5_to_50,train_mean,2,S1:0.1,MPL-0526,G047,91.014999,712.7910234393938,165.3511335,1421.6800395,False,621.7760244393938,621.7760244393938
S1_trawl_5_to_50,train_mean,2,S1:10.4,MPL-0554,G054,422.521177,712.7910234393938,165.3511335,1421.6800395,True,290.2698464393938,290.2698464393938
S1_trawl_5_to_50,train_mean,2,S1:13.3,MPL-0569,G059,58.416996,712.7910234393938,165.3511335,1421.6800395,False,654.3740274393938,654.3740274393938
S1_trawl_5_to_50,train_mean,2,S1:20.4,MPL-0588,G064,659.544272,712.7910234393938,165.3511335,1421.6800395,True,53.24675143939385,53.24675143939385
S1_trawl_5_to_50,train_mean,2,S1:19.4,MPL-0590,G064,2109.259348,712.7910234393938,165.3511335,1421.6800395,False,-1396.468324560606,1396.468324560606
S1_trawl_5_to_50,train_mean,2,S1:18.4,MPL-0593,G064,1162.176439,712.7910234393938,165.3511335,1421.6800395,True,-449.38541556060625,449.38541556060625
S1_trawl_5_to_50,train_mean,2,S1:21.4,MPL-0597,G064,844.062324,712.7910234393938,165.3511335,1421.6800395,True,-131.27130056060616,131.27130056060616
S1_trawl_5_to_50,train_mean,2,S1:26.3,MPL-0606,G068,529.96366,712.7910234393938,165.3511335,1421.6800395,True,182.82736343939382,182.82736343939382
S1_trawl_5_to_50,train_mean,2,S1:30.4,MPL-0621,G070,720.647461,712.7910234393938,165.3511335,1421.6800395,True,-7.856437560606196,7.856437560606196
S1_trawl_5_to_50,train_mean,2,S1:30.3,MPL-0623,G070,490.394472,712.7910234393938,165.3511335,1421.6800395,True,222.39655143939382,222.39655143939382
S1_trawl_5_to_50,train_mean,2,S1:35.4,MPL-0637,G074,828.098322,712.7910234393938,165.3511335,1421.6800395,True,-115.30729856060623,115.30729856060623
S1_trawl_5_to_50,train_mean,2,S1:44.4,MPL-0668,G081,729.389849,712.7910234393938,165.3511335,1421.6800395,True,-16.5988255606062,16.5988255606062
S1_trawl_5_to_50,train_mean,2,S1:53.3,MPL-0694,G087,349.268718,712.7910234393938,165.3511335,1421.6800395,True,363.52230543939385,363.52230543939385
S1_trawl_5_to_50,train_mean,2,S1:70.4,MPL-0747,G094,727.272727,712.7910234393938,165.3511335,1421.6800395,True,-14.481703560606206,14.481703560606206
S1_trawl_5_to_50,train_mean,2,S1:71.4,MPL-0753,G094,290.674527,712.7910234393938,165.3511335,1421.6800395,True,422.1164964393938,422.1164964393938
S1_trawl_5_to_50,train_mean,2,S1:74.3,MPL-0762,G097,1026.323987,712.7910234393938,165.3511335,1421.6800395,True,-313.53296356060616,313.53296356060616
S1_trawl_5_to_50,train_mean,2,S1:78.3,MPL-0770,G100,748.005286,712.7910234393938,165.3511335,1421.6800395,True,-35.21426256060613,35.21426256060613
S1_trawl_5_to_50,train_median,2,S1:0.1,MPL-0526,G047,91.014999,555.727671,165.3511335,1421.6800395,False,464.712672,464.712672
S1_trawl_5_to_50,train_median,2,S1:10.4,MPL-0554,G054,422.521177,555.727671,165.3511335,1421.6800395,True,133.20649399999996,133.20649399999996
S1_trawl_5_to_50,train_median,2,S1:13.3,MPL-0569,G059,58.416996,555.727671,165.3511335,1421.6800395,False,497.310675,497.310675
S1_trawl_5_to_50,train_median,2,S1:20.4,MPL-0588,G064,659.544272,555.727671,165.3511335,1421.6800395,True,-103.81660099999999,103.81660099999999
S1_trawl_5_to_50,train_median,2,S1:19.4,MPL-0590,G064,2109.259348,555.727671,165.3511335,1421.6800395,False,-1553.531677,1553.531677
S1_trawl_5_to_50,train_median,2,S1:18.4,MPL-0593,G064,1162.176439,555.727671,165.3511335,1421.6800395,True,-606.4487680000001,606.4487680000001
S1_trawl_5_to_50,train_median,2,S1:21.4,MPL-0597,G064,844.062324,555.727671,165.3511335,1421.6800395,True,-288.334653,288.334653
S1_trawl_5_to_50,train_median,2,S1:26.3,MPL-0606,G068,529.96366,555.727671,165.3511335,1421.6800395,True,25.764010999999982,25.764010999999982
S1_trawl_5_to_50,train_median,2,S1:30.4,MPL-0621,G070,720.647461,555.727671,165.3511335,1421.6800395,True,-164.91979000000003,164.91979000000003
S1_trawl_5_to_50,train_median,2,S1:30.3,MPL-0623,G070,490.394472,555.727671,165.3511335,1421.6800395,True,65.33319899999998,65.33319899999998
S1_trawl_5_to_50,train_median,2,S1:35.4,MPL-0637,G074,828.098322,555.727671,165.3511335,1421.6800395,True,-272.37065100000007,272.37065100000007
S1_trawl_5_to_50,train_median,2,S1:44.4,MPL-0668,G081,729.389849,555.727671,165.3511335,1421.6800395,True,-173.66217800000004,173.66217800000004
S1_trawl_5_to_50,train_median,2,S1:53.3,MPL-0694,G087,349.268718,555.727671,165.3511335,1421.6800395,True,206.458953,206.458953
S1_trawl_5_to_50,train_median,2,S1:70.4,MPL-0747,G094,727.272727,555.727671,165.3511335,1421.6800395,True,-171.54505600000005,171.54505600000005
S1_trawl_5_to_50,train_median,2,S1:71.4,MPL-0753,G094,290.674527,555.727671,165.3511335,1421.6800395,True,265.053144,265.053144
S1_trawl_5_to_50,train_median,2,S1:74.3,MPL-0762,G097,1026.323987,555.727671,165.3511335,1421.6800395,True,-470.596316,470.596316
S1_trawl_5_to_50,train_median,2,S1:78.3,MPL-0770,G100,748.005286,555.727671,165.3511335,1421.6800395,True,-192.27761499999997,192.27761499999997
S1_trawl_5_to_50,spatial_knn_log1p,2,S1:0.1,MPL-0526,G047,91.014999,407.5415859175931,165.3511335,1421.6800395,False,316.52658691759314,316.52658691759314
S1_trawl_5_to_50,spatial_knn_log1p,2,S1:10.4,MPL-0554,G054,422.521177,297.85697711696474,165.3511335,1421.6800395,True,-124.66419988303528,124.66419988303528
S1_trawl_5_to_50,spatial_knn_log1p,2,S1:13.3,MPL-0569,G059,58.416996,163.24001421193407,165.3511335,1421.6800395,False,104.82301821193407,104.82301821193407
S1_trawl_5_to_50,spatial_knn_log1p,2,S1:20.4,MPL-0588,G064,659.544272,585.0128371369854,165.3511335,1421.6800395,True,-74.53143486301462,74.53143486301462
S1_trawl_5_to_50,spatial_knn_log1p,2,S1:19.4,MPL-0590,G064,2109.259348,402.7804927537733,165.3511335,1421.6800395,False,-1706.4788552462269,1706.4788552462269
S1_trawl_5_to_50,spatial_knn_log1p,2,S1:18.4,MPL-0593,G064,1162.176439,346.36703442898903,165.3511335,1421.6800395,True,-815.8094045710111,815.8094045710111
S1_trawl_5_to_50,spatial_knn_log1p,2,S1:21.4,MPL-0597,G064,844.062324,818.5719676836933,165.3511335,1421.6800395,True,-25.490356316306702,25.490356316306702
S1_trawl_5_to_50,spatial_knn_log1p,2,S1:26.3,MPL-0606,G068,529.96366,651.2924248129165,165.3511335,1421.6800395,True,121.32876481291646,121.32876481291646
S1_trawl_5_to_50,spatial_knn_log1p,2,S1:30.4,MPL-0621,G070,720.647461,392.15671578236527,165.3511335,1421.6800395,True,-328.49074521763475,328.49074521763475
S1_trawl_5_to_50,spatial_knn_log1p,2,S1:30.3,MPL-0623,G070,490.394472,392.1031635457679,165.3511335,1421.6800395,True,-98.29130845423208,98.29130845423208
S1_trawl_5_to_50,spatial_knn_log1p,2,S1:35.4,MPL-0637,G074,828.098322,540.5568726204523,165.3511335,1421.6800395,True,-287.54144937954777,287.54144937954777
S1_trawl_5_to_50,spatial_knn_log1p,2,S1:44.4,MPL-0668,G081,729.389849,791.2614028613705,165.3511335,1421.6800395,True,61.871553861370444,61.871553861370444
S1_trawl_5_to_50,spatial_knn_log1p,2,S1:53.3,MPL-0694,G087,349.268718,628.1843706916982,165.3511335,1421.6800395,True,278.9156526916982,278.9156526916982
S1_trawl_5_to_50,spatial_knn_log1p,2,S1:70.4,MPL-0747,G094,727.272727,840.0415082659821,165.3511335,1421.6800395,True,112.76878126598206,112.76878126598206
S1_trawl_5_to_50,spatial_knn_log1p,2,S1:71.4,MPL-0753,G094,290.674527,551.4331613777332,165.3511335,1421.6800395,True,260.7586343777332,260.7586343777332
S1_trawl_5_to_50,spatial_knn_log1p,2,S1:74.3,MPL-0762,G097,1026.323987,687.6718018764275,165.3511335,1421.6800395,True,-338.6521851235725,338.6521851235725
S1_trawl_5_to_50,spatial_knn_log1p,2,S1:78.3,MPL-0770,G100,748.005286,753.9758993553435,165.3511335,1421.6800395,True,5.970613355343517,5.970613355343517
S1_trawl_5_to_50,train_mean,3,S1:9.4,MPL-0551,G053,415.473402,622.1511857014925,152.00036699999998,1165.7941522,True,206.6777837014925,206.6777837014925
S1_trawl_5_to_50,train_mean,3,S1:12.3,MPL-0566,G058,86.517306,622.1511857014925,152.00036699999998,1165.7941522,False,535.6338797014926,535.6338797014926
S1_trawl_5_to_50,train_mean,3,S1:24.4,MPL-0596,G065,495.219971,622.1511857014925,152.00036699999998,1165.7941522,True,126.93121470149254,126.93121470149254
S1_trawl_5_to_50,train_mean,3,S1:22.4,MPL-0599,G066,724.645668,622.1511857014925,152.00036699999998,1165.7941522,True,-102.49448229850748,102.49448229850748
S1_trawl_5_to_50,train_mean,3,S1:25.3,MPL-0607,G065,1719.436293,622.1511857014925,152.00036699999998,1165.7941522,False,-1097.2851072985075,1097.2851072985075
S1_trawl_5_to_50,train_mean,3,S1:33.4,MPL-0634,G073,633.666764,622.1511857014925,152.00036699999998,1165.7941522,True,-11.515578298507421,11.515578298507421
S1_trawl_5_to_50,train_mean,3,S1:41.3,MPL-0654,G078,2209.120417,622.1511857014925,152.00036699999998,1165.7941522,False,-1586.9692312985076,1586.9692312985076
S1_trawl_5_to_50,train_mean,3,S1:42.3,MPL-0656,G078,1706.702091,622.1511857014925,152.00036699999998,1165.7941522,False,-1084.5509052985076,1084.5509052985076
S1_trawl_5_to_50,train_mean,3,S1:42.4,MPL-0658,G078,1197.871844,622.1511857014925,152.00036699999998,1165.7941522,False,-575.7206582985075,575.7206582985075
S1_trawl_5_to_50,train_mean,3,S1:45.4,MPL-0666,G080,1035.855936,622.1511857014925,152.00036699999998,1165.7941522,True,-413.7047502985074,413.7047502985074
S1_trawl_5_to_50,train_mean,3,S1:49.3,MPL-0684,G086,1819.989117,622.1511857014925,152.00036699999998,1165.7941522,False,-1197.8379312985076,1197.8379312985076
S1_trawl_5_to_50,train_mean,3,S1:66.4,MPL-0725,G092,940.427881,622.1511857014925,152.00036699999998,1165.7941522,True,-318.27669529850743,318.27669529850743
S1_trawl_5_to_50,train_mean,3,S1:66.3,MPL-0727,G092,942.476591,622.1511857014925,152.00036699999998,1165.7941522,True,-320.32540529850746,320.32540529850746
S1_trawl_5_to_50,train_mean,3,S1:67.4,MPL-0751,G092,1425.853627,622.1511857014925,152.00036699999998,1165.7941522,False,-803.7024412985074,803.7024412985074
S1_trawl_5_to_50,train_mean,3,S1:73.3,MPL-0756,G096,1417.506452,622.1511857014925,152.00036699999998,1165.7941522,False,-795.3552662985076,795.3552662985076
S1_trawl_5_to_50,train_mean,3,S1:77.3,MPL-0768,G099,376.349309,622.1511857014925,152.00036699999998,1165.7941522,True,245.80187670149252,245.80187670149252
S1_trawl_5_to_50,train_median,3,S1:9.4,MPL-0551,G053,415.473402,505.188842,152.00036699999998,1165.7941522,True,89.71544,89.71544
S1_trawl_5_to_50,train_median,3,S1:12.3,MPL-0566,G058,86.517306,505.188842,152.00036699999998,1165.7941522,False,418.671536,418.671536
S1_trawl_5_to_50,train_median,3,S1:24.4,MPL-0596,G065,495.219971,505.188842,152.00036699999998,1165.7941522,True,9.968871000000036,9.968871000000036
S1_trawl_5_to_50,train_median,3,S1:22.4,MPL-0599,G066,724.645668,505.188842,152.00036699999998,1165.7941522,True,-219.45682599999998,219.45682599999998
S1_trawl_5_to_50,train_median,3,S1:25.3,MPL-0607,G065,1719.436293,505.188842,152.00036699999998,1165.7941522,False,-1214.247451,1214.247451
S1_trawl_5_to_50,train_median,3,S1:33.4,MPL-0634,G073,633.666764,505.188842,152.00036699999998,1165.7941522,True,-128.47792199999992,128.47792199999992
S1_trawl_5_to_50,train_median,3,S1:41.3,MPL-0654,G078,2209.120417,505.188842,152.00036699999998,1165.7941522,False,-1703.931575,1703.931575
S1_trawl_5_to_50,train_median,3,S1:42.3,MPL-0656,G078,1706.702091,505.188842,152.00036699999998,1165.7941522,False,-1201.513249,1201.513249
S1_trawl_5_to_50,train_median,3,S1:42.4,MPL-0658,G078,1197.871844,505.188842,152.00036699999998,1165.7941522,False,-692.683002,692.683002
S1_trawl_5_to_50,train_median,3,S1:45.4,MPL-0666,G080,1035.855936,505.188842,152.00036699999998,1165.7941522,True,-530.6670939999999,530.6670939999999
S1_trawl_5_to_50,train_median,3,S1:49.3,MPL-0684,G086,1819.989117,505.188842,152.00036699999998,1165.7941522,False,-1314.800275,1314.800275
S1_trawl_5_to_50,train_median,3,S1:66.4,MPL-0725,G092,940.427881,505.188842,152.00036699999998,1165.7941522,True,-435.23903899999993,435.23903899999993
S1_trawl_5_to_50,train_median,3,S1:66.3,MPL-0727,G092,942.476591,505.188842,152.00036699999998,1165.7941522,True,-437.28774899999996,437.28774899999996
S1_trawl_5_to_50,train_median,3,S1:67.4,MPL-0751,G092,1425.853627,505.188842,152.00036699999998,1165.7941522,False,-920.6647849999999,920.6647849999999
S1_trawl_5_to_50,train_median,3,S1:73.3,MPL-0756,G096,1417.506452,505.188842,152.00036699999998,1165.7941522,False,-912.3176100000001,912.3176100000001
S1_trawl_5_to_50,train_median,3,S1:77.3,MPL-0768,G099,376.349309,505.188842,152.00036699999998,1165.7941522,True,128.83953300000002,128.83953300000002
S1_trawl_5_to_50,spatial_knn_log1p,3,S1:9.4,MPL-0551,G053,415.473402,363.86537436316974,152.00036699999998,1165.7941522,True,-51.608027636830286,51.608027636830286
S1_trawl_5_to_50,spatial_knn_log1p,3,S1:12.3,MPL-0566,G058,86.517306,138.93104782617496,152.00036699999998,1165.7941522,False,52.413741826174956,52.413741826174956
S1_trawl_5_to_50,spatial_knn_log1p,3,S1:24.4,MPL-0596,G065,495.219971,367.2178270562871,152.00036699999998,1165.7941522,True,-128.0021439437129,128.0021439437129
S1_trawl_5_to_50,spatial_knn_log1p,3,S1:22.4,MPL-0599,G066,724.645668,597.1902232293321,152.00036699999998,1165.7941522,True,-127.4554447706679,127.4554447706679
S1_trawl_5_to_50,spatial_knn_log1p,3,S1:25.3,MPL-0607,G065,1719.436293,373.5853968784978,152.00036699999998,1165.7941522,False,-1345.850896121502,1345.850896121502
S1_trawl_5_to_50,spatial_knn_log1p,3,S1:33.4,MPL-0634,G073,633.666764,349.99961910926567,152.00036699999998,1165.7941522,True,-283.6671448907343,283.6671448907343
S1_trawl_5_to_50,spatial_knn_log1p,3,S1:41.3,MPL-0654,G078,2209.120417,469.30069622619453,152.00036699999998,1165.7941522,False,-1739.8197207738056,1739.8197207738056
S1_trawl_5_to_50,spatial_knn_log1p,3,S1:42.3,MPL-0656,G078,1706.702091,414.85488586266155,152.00036699999998,1165.7941522,False,-1291.8472051373385,1291.8472051373385
S1_trawl_5_to_50,spatial_knn_log1p,3,S1:42.4,MPL-0658,G078,1197.871844,414.80224666831685,152.00036699999998,1165.7941522,False,-783.0695973316831,783.0695973316831
S1_trawl_5_to_50,spatial_knn_log1p,3,S1:45.4,MPL-0666,G080,1035.855936,724.9452684074583,152.00036699999998,1165.7941522,True,-310.9106675925416,310.9106675925416
S1_trawl_5_to_50,spatial_knn_log1p,3,S1:49.3,MPL-0684,G086,1819.989117,688.6399322095739,152.00036699999998,1165.7941522,False,-1131.349184790426,1131.349184790426
S1_trawl_5_to_50,spatial_knn_log1p,3,S1:66.4,MPL-0725,G092,940.427881,542.258154667364,152.00036699999998,1165.7941522,True,-398.16972633263595,398.16972633263595
S1_trawl_5_to_50,spatial_knn_log1p,3,S1:66.3,MPL-0727,G092,942.476591,542.4048116160585,152.00036699999998,1165.7941522,True,-400.0717793839415,400.0717793839415
S1_trawl_5_to_50,spatial_knn_log1p,3,S1:67.4,MPL-0751,G092,1425.853627,636.0828472183757,152.00036699999998,1165.7941522,False,-789.7707797816242,789.7707797816242
S1_trawl_5_to_50,spatial_knn_log1p,3,S1:73.3,MPL-0756,G096,1417.506452,378.47349412124464,152.00036699999998,1165.7941522,False,-1039.0329578787555,1039.0329578787555
S1_trawl_5_to_50,spatial_knn_log1p,3,S1:77.3,MPL-0768,G099,376.349309,586.8845312681925,152.00036699999998,1165.7941522,True,210.5352222681925,210.5352222681925
S1_trawl_5_to_50,train_mean,4,S1:5.3,MPL-0546,G052,346.539186,760.5591141791045,206.19228880000003,1420.8453220000001,True,414.01992817910457,414.01992817910457
S1_trawl_5_to_50,train_mean,4,S1:11.4,MPL-0563,G057,66.287879,760.5591141791045,206.19228880000003,1420.8453220000001,False,694.2712351791046,694.2712351791046
S1_trawl_5_to_50,train_mean,4,S1:17.4,MPL-0573,G061,150.661497,760.5591141791045,206.19228880000003,1420.8453220000001,False,609.8976171791046,609.8976171791046
S1_trawl_5_to_50,train_mean,4,S1:17.3,MPL-0574,G061,201.055457,760.5591141791045,206.19228880000003,1420.8453220000001,False,559.5036571791045,559.5036571791045
S1_trawl_5_to_50,train_mean,4,S1:16.3,MPL-0581,G063,315.828009,760.5591141791045,206.19228880000003,1420.8453220000001,True,444.73110517910453,444.73110517910453
S1_trawl_5_to_50,train_mean,4,S1:27.3,MPL-0603,G067,423.877587,760.5591141791045,206.19228880000003,1420.8453220000001,True,336.68152717910453,336.68152717910453
S1_trawl_5_to_50,train_mean,4,S1:28.3,MPL-0610,G067,505.188842,760.5591141791045,206.19228880000003,1420.8453220000001,True,255.37027217910452,255.37027217910452
S1_trawl_5_to_50,train_mean,4,S1:29.3,MPL-0622,G067,646.404545,760.5591141791045,206.19228880000003,1420.8453220000001,True,114.15456917910456,114.15456917910456
S1_trawl_5_to_50,train_mean,4,S1:34.4,MPL-0631,G072,373.240546,760.5591141791045,206.19228880000003,1420.8453220000001,True,387.31856817910455,387.31856817910455
S1_trawl_5_to_50,train_mean,4,S1:43.4,MPL-0660,G079,351.925224,760.5591141791045,206.19228880000003,1420.8453220000001,True,408.6338901791045,408.6338901791045
S1_trawl_5_to_50,train_mean,4,S1:48.4,MPL-0677,G084,1380.789998,760.5591141791045,206.19228880000003,1420.8453220000001,True,-620.2308838208954,620.2308838208954
S1_trawl_5_to_50,train_mean,4,S1:51.3,MPL-0680,G085,680.966974,760.5591141791045,206.19228880000003,1420.8453220000001,True,79.59214017910449,79.59214017910449
S1_trawl_5_to_50,train_mean,4,S1:50.3,MPL-0687,G085,280.885892,760.5591141791045,206.19228880000003,1420.8453220000001,True,479.6732221791045,479.6732221791045
S1_trawl_5_to_50,train_mean,4,S1:52.3,MPL-0691,G085,559.439481,760.5591141791045,206.19228880000003,1420.8453220000001,True,201.11963317910454,201.11963317910454
S1_trawl_5_to_50,train_mean,4,S1:72.4,MPL-0755,G095,71.74788,760.5591141791045,206.19228880000003,1420.8453220000001,False,688.8112341791045,688.8112341791045
S1_trawl_5_to_50,train_mean,4,S1:75.3,MPL-0763,G098,1518.942464,760.5591141791045,206.19228880000003,1420.8453220000001,False,-758.3833498208954,758.3833498208954
S1_trawl_5_to_50,train_median,4,S1:5.3,MPL-0546,G052,346.539186,724.645668,206.19228880000003,1420.8453220000001,True,378.106482,378.106482
S1_trawl_5_to_50,train_median,4,S1:11.4,MPL-0563,G057,66.287879,724.645668,206.19228880000003,1420.8453220000001,False,658.357789,658.357789
S1_trawl_5_to_50,train_median,4,S1:17.4,MPL-0573,G061,150.661497,724.645668,206.19228880000003,1420.8453220000001,False,573.9841710000001,573.9841710000001
S1_trawl_5_to_50,train_median,4,S1:17.3,MPL-0574,G061,201.055457,724.645668,206.19228880000003,1420.8453220000001,False,523.590211,523.590211
S1_trawl_5_to_50,train_median,4,S1:16.3,MPL-0581,G063,315.828009,724.645668,206.19228880000003,1420.8453220000001,True,408.817659,408.817659
S1_trawl_5_to_50,train_median,4,S1:27.3,MPL-0603,G067,423.877587,724.645668,206.19228880000003,1420.8453220000001,True,300.768081,300.768081
S1_trawl_5_to_50,train_median,4,S1:28.3,MPL-0610,G067,505.188842,724.645668,206.19228880000003,1420.8453220000001,True,219.45682599999998,219.45682599999998
S1_trawl_5_to_50,train_median,4,S1:29.3,MPL-0622,G067,646.404545,724.645668,206.19228880000003,1420.8453220000001,True,78.24112300000002,78.24112300000002
S1_trawl_5_to_50,train_median,4,S1:34.4,MPL-0631,G072,373.240546,724.645668,206.19228880000003,1420.8453220000001,True,351.405122,351.405122
S1_trawl_5_to_50,train_median,4,S1:43.4,MPL-0660,G079,351.925224,724.645668,206.19228880000003,1420.8453220000001,True,372.720444,372.720444
S1_trawl_5_to_50,train_median,4,S1:48.4,MPL-0677,G084,1380.789998,724.645668,206.19228880000003,1420.8453220000001,True,-656.14433,656.14433
S1_trawl_5_to_50,train_median,4,S1:51.3,MPL-0680,G085,680.966974,724.645668,206.19228880000003,1420.8453220000001,True,43.67869399999995,43.67869399999995
S1_trawl_5_to_50,train_median,4,S1:50.3,MPL-0687,G085,280.885892,724.645668,206.19228880000003,1420.8453220000001,True,443.759776,443.759776
S1_trawl_5_to_50,train_median,4,S1:52.3,MPL-0691,G085,559.439481,724.645668,206.19228880000003,1420.8453220000001,True,165.206187,165.206187
S1_trawl_5_to_50,train_median,4,S1:72.4,MPL-0755,G095,71.74788,724.645668,206.19228880000003,1420.8453220000001,False,652.897788,652.897788
S1_trawl_5_to_50,train_median,4,S1:75.3,MPL-0763,G098,1518.942464,724.645668,206.19228880000003,1420.8453220000001,False,-794.296796,794.296796
S1_trawl_5_to_50,spatial_knn_log1p,4,S1:5.3,MPL-0546,G052,346.539186,281.2593246189434,206.19228880000003,1420.8453220000001,True,-65.27986138105655,65.27986138105655
S1_trawl_5_to_50,spatial_knn_log1p,4,S1:11.4,MPL-0563,G057,66.287879,343.7256453139491,206.19228880000003,1420.8453220000001,False,277.43776631394906,277.43776631394906
S1_trawl_5_to_50,spatial_knn_log1p,4,S1:17.4,MPL-0573,G061,150.661497,518.3339376322501,206.19228880000003,1420.8453220000001,False,367.67244063225013,367.67244063225013
S1_trawl_5_to_50,spatial_knn_log1p,4,S1:17.3,MPL-0574,G061,201.055457,517.0709931762757,206.19228880000003,1420.8453220000001,False,316.0155361762757,316.0155361762757
S1_trawl_5_to_50,spatial_knn_log1p,4,S1:16.3,MPL-0581,G063,315.828009,440.36626335155097,206.19228880000003,1420.8453220000001,True,124.53825435155096,124.53825435155096
S1_trawl_5_to_50,spatial_knn_log1p,4,S1:27.3,MPL-0603,G067,423.877587,664.6945415600852,206.19228880000003,1420.8453220000001,True,240.8169545600852,240.8169545600852
S1_trawl_5_to_50,spatial_knn_log1p,4,S1:28.3,MPL-0610,G067,505.188842,811.3658623262484,206.19228880000003,1420.8453220000001,True,306.17702032624834,306.17702032624834
S1_trawl_5_to_50,spatial_knn_log1p,4,S1:29.3,MPL-0622,G067,646.404545,622.1201690132451,206.19228880000003,1420.8453220000001,True,-24.284375986754867,24.284375986754867
S1_trawl_5_to_50,spatial_knn_log1p,4,S1:34.4,MPL-0631,G072,373.240546,367.26806345664477,206.19228880000003,1420.8453220000001,True,-5.972482543355227,5.972482543355227
S1_trawl_5_to_50,spatial_knn_log1p,4,S1:43.4,MPL-0660,G079,351.925224,1214.818315185052,206.19228880000003,1420.8453220000001,True,862.8930911850518,862.8930911850518
S1_trawl_5_to_50,spatial_knn_log1p,4,S1:48.4,MPL-0677,G084,1380.789998,1093.4058819625393,206.19228880000003,1420.8453220000001,True,-287.38411603746067,287.38411603746067
S1_trawl_5_to_50,spatial_knn_log1p,4,S1:51.3,MPL-0680,G085,680.966974,899.1267430991825,206.19228880000003,1420.8453220000001,True,218.15976909918243,218.15976909918243
S1_trawl_5_to_50,spatial_knn_log1p,4,S1:50.3,MPL-0687,G085,280.885892,1479.5383386246297,206.19228880000003,1420.8453220000001,True,1198.6524466246296,1198.6524466246296
S1_trawl_5_to_50,spatial_knn_log1p,4,S1:52.3,MPL-0691,G085,559.439481,577.6847911923477,206.19228880000003,1420.8453220000001,True,18.245310192347688,18.245310192347688
S1_trawl_5_to_50,spatial_knn_log1p,4,S1:72.4,MPL-0755,G095,71.74788,897.996069353724,206.19228880000003,1420.8453220000001,False,826.248189353724,826.248189353724
S1_trawl_5_to_50,spatial_knn_log1p,4,S1:75.3,MPL-0763,G098,1518.942464,742.4710648883957,206.19228880000003,1420.8453220000001,False,-776.4713991116042,776.4713991116042
S2_visual_GT2,train_mean,0,S2:MSM41_litter-T5,MPL-0200,G007,15.535187199,54.477964247182,12.91227839084,103.03524969910004,True,38.942777048182,38.942777048182
S2_visual_GT2,train_mean,0,S2:MSM41_litter-T3,MPL-0209,G009,20.7458119392,54.477964247182,12.91227839084,103.03524969910004,True,33.732152307982005,33.732152307982005
S2_visual_GT2,train_mean,0,S2:MSM41_litter-T8,MPL-0216,G007,15.3759417764,54.477964247182,12.91227839084,103.03524969910004,True,39.102022470782,39.102022470782
S2_visual_GT2,train_mean,0,S2:MSM41_litter-T7,MPL-0220,G007,37.886760682,54.477964247182,12.91227839084,103.03524969910004,True,16.591203565182,16.591203565182
S2_visual_GT2,train_mean,0,S2:MSM41_litter-T6,MPL-0226,G007,33.2446808511,54.477964247182,12.91227839084,103.03524969910004,True,21.233283396082,21.233283396082
S2_visual_GT2,train_mean,0,S2:MSM41_litter-T18,MPL-0260,G016,63.6363636364,54.477964247182,12.91227839084,103.03524969910004,True,-9.158399389217998,9.158399389217998
S2_visual_GT2,train_mean,0,S2:MSM41_litter-T26,MPL-0302,G022,32.693093584,54.477964247182,12.91227839084,103.03524969910004,True,21.784870663181998,21.784870663181998
S2_visual_GT2,train_mean,0,S2:MSM41_litter-T27,MPL-0309,G022,61.0687022901,54.477964247182,12.91227839084,103.03524969910004,True,-6.590738042917998,6.590738042917998
S2_visual_GT2,train_mean,0,S2:MSM41_litter-T29,MPL-0311,G023,60.21246398,54.477964247182,12.91227839084,103.03524969910004,True,-5.734499732818001,5.734499732818001
S2_visual_GT2,train_mean,0,S2:MSM41_litter-T35,MPL-0358,G029,50.0,54.477964247182,12.91227839084,103.03524969910004,True,4.477964247182001,4.477964247182001
S2_visual_GT2,train_mean,0,S2:MSM41_litter-T46,MPL-0389,G034,93.0933593404,54.477964247182,12.91227839084,103.03524969910004,True,-38.615395093218,38.615395093218
S2_visual_GT2,train_mean,0,S2:MSM41_litter-T47,MPL-0397,G034,27.4977085243,54.477964247182,12.91227839084,103.03524969910004,True,26.980255722882003,26.980255722882003
S2_visual_GT2,train_mean,0,S2:MSM41_litter-T56,MPL-0460,G040,124.185035703,54.477964247182,12.91227839084,103.03524969910004,False,-69.707071455818,69.707071455818
S2_visual_GT2,train_median,0,S2:MSM41_litter-T5,MPL-0200,G007,15.535187199,34.56147489845,12.91227839084,103.03524969910004,True,19.026287699450002,19.026287699450002
S2_visual_GT2,train_median,0,S2:MSM41_litter-T3,MPL-0209,G009,20.7458119392,34.56147489845,12.91227839084,103.03524969910004,True,13.815662959250002,13.815662959250002
S2_visual_GT2,train_median,0,S2:MSM41_litter-T8,MPL-0216,G007,15.3759417764,34.56147489845,12.91227839084,103.03524969910004,True,19.185533122050003,19.185533122050003
S2_visual_GT2,train_median,0,S2:MSM41_litter-T7,MPL-0220,G007,37.886760682,34.56147489845,12.91227839084,103.03524969910004,True,-3.325285783550001,3.325285783550001
S2_visual_GT2,train_median,0,S2:MSM41_litter-T6,MPL-0226,G007,33.2446808511,34.56147489845,12.91227839084,103.03524969910004,True,1.316794047350001,1.316794047350001
S2_visual_GT2,train_median,0,S2:MSM41_litter-T18,MPL-0260,G016,63.6363636364,34.56147489845,12.91227839084,103.03524969910004,True,-29.074888737949998,29.074888737949998
S2_visual_GT2,train_median,0,S2:MSM41_litter-T26,MPL-0302,G022,32.693093584,34.56147489845,12.91227839084,103.03524969910004,True,1.8683813144499979,1.8683813144499979
S2_visual_GT2,train_median,0,S2:MSM41_litter-T27,MPL-0309,G022,61.0687022901,34.56147489845,12.91227839084,103.03524969910004,True,-26.507227391649998,26.507227391649998
S2_visual_GT2,train_median,0,S2:MSM41_litter-T29,MPL-0311,G023,60.21246398,34.56147489845,12.91227839084,103.03524969910004,True,-25.65098908155,25.65098908155
S2_visual_GT2,train_median,0,S2:MSM41_litter-T35,MPL-0358,G029,50.0,34.56147489845,12.91227839084,103.03524969910004,True,-15.438525101549999,15.438525101549999
S2_visual_GT2,train_median,0,S2:MSM41_litter-T46,MPL-0389,G034,93.0933593404,34.56147489845,12.91227839084,103.03524969910004,True,-58.53188444195,58.53188444195
S2_visual_GT2,train_median,0,S2:MSM41_litter-T47,MPL-0397,G034,27.4977085243,34.56147489845,12.91227839084,103.03524969910004,True,7.063766374150003,7.063766374150003
S2_visual_GT2,train_median,0,S2:MSM41_litter-T56,MPL-0460,G040,124.185035703,34.56147489845,12.91227839084,103.03524969910004,False,-89.62356080455,89.62356080455
S2_visual_GT2,spatial_knn_log1p,0,S2:MSM41_litter-T5,MPL-0200,G007,15.535187199,39.95789651735033,12.91227839084,103.03524969910004,True,24.42270931835033,24.42270931835033
S2_visual_GT2,spatial_knn_log1p,0,S2:MSM41_litter-T3,MPL-0209,G009,20.7458119392,44.78009175026112,12.91227839084,103.03524969910004,True,24.034279811061122,24.034279811061122
S2_visual_GT2,spatial_knn_log1p,0,S2:MSM41_litter-T8,MPL-0216,G007,15.3759417764,37.85594471244054,12.91227839084,103.03524969910004,True,22.480002936040542,22.480002936040542
S2_visual_GT2,spatial_knn_log1p,0,S2:MSM41_litter-T7,MPL-0220,G007,37.886760682,40.029865562011054,12.91227839084,103.03524969910004,True,2.1431048800110517,2.1431048800110517
S2_visual_GT2,spatial_knn_log1p,0,S2:MSM41_litter-T6,MPL-0226,G007,33.2446808511,40.22764179971284,12.91227839084,103.03524969910004,True,6.982960948612842,6.982960948612842
S2_visual_GT2,spatial_knn_log1p,0,S2:MSM41_litter-T18,MPL-0260,G016,63.6363636364,22.384219097080752,12.91227839084,103.03524969910004,True,-41.25214453931925,41.25214453931925
S2_visual_GT2,spatial_knn_log1p,0,S2:MSM41_litter-T26,MPL-0302,G022,32.693093584,60.50736657765695,12.91227839084,103.03524969910004,True,27.81427299365695,27.81427299365695
S2_visual_GT2,spatial_knn_log1p,0,S2:MSM41_litter-T27,MPL-0309,G022,61.0687022901,52.10997940902788,12.91227839084,103.03524969910004,True,-8.95872288107212,8.95872288107212
S2_visual_GT2,spatial_knn_log1p,0,S2:MSM41_litter-T29,MPL-0311,G023,60.21246398,40.97985812242605,12.91227839084,103.03524969910004,True,-19.23260585757395,19.23260585757395
S2_visual_GT2,spatial_knn_log1p,0,S2:MSM41_litter-T35,MPL-0358,G029,50.0,13.738273413731624,12.91227839084,103.03524969910004,True,-36.261726586268374,36.261726586268374
S2_visual_GT2,spatial_knn_log1p,0,S2:MSM41_litter-T46,MPL-0389,G034,93.0933593404,36.91182436400714,12.91227839084,103.03524969910004,True,-56.18153497639286,56.18153497639286
S2_visual_GT2,spatial_knn_log1p,0,S2:MSM41_litter-T47,MPL-0397,G034,27.4977085243,53.408923947354594,12.91227839084,103.03524969910004,True,25.911215423054596,25.911215423054596
S2_visual_GT2,spatial_knn_log1p,0,S2:MSM41_litter-T56,MPL-0460,G040,124.185035703,140.49011712264289,12.91227839084,103.03524969910004,False,16.30508141964289,16.30508141964289
S2_visual_GT2,train_mean,1,S2:MSM41_litter-T4,MPL-0203,G008,28.6123032904,58.288757010685416,15.184423786670001,124.0942303488,True,29.676453720285416,29.676453720285416
S2_visual_GT2,train_mean,1,S2:MSM41_litter-T12,MPL-0233,G012,21.8126295125,58.288757010685416,15.184423786670001,124.0942303488,True,36.47612749818542,36.47612749818542
S2_visual_GT2,train_mean,1,S2:MSM41_litter-T11,MPL-0235,G012,19.3330111165,58.288757010685416,15.184423786670001,124.0942303488,True,38.95574589418541,38.95574589418541
S2_visual_GT2,train_mean,1,S2:MSM41_litter-T17,MPL-0254,G015,30.6426195062,58.288757010685416,15.184423786670001,124.0942303488,True,27.646137504485417,27.646137504485417
S2_visual_GT2,train_mean,1,S2:MSM41_litter-T19,MPL-0264,G017,12.9126673266,58.288757010685416,15.184423786670001,124.0942303488,False,45.376089684085414,45.376089684085414
S2_visual_GT2,train_mean,1,S2:MSM41_litter-T20,MPL-0267,G017,30.7287093942,58.288757010685416,15.184423786670001,124.0942303488,True,27.560047616485416,27.560047616485416
S2_visual_GT2,train_mean,1,S2:MSM41_litter-T21,MPL-0271,G017,33.0305532618,58.288757010685416,15.184423786670001,124.0942303488,True,25.258203748885414,25.258203748885414
S2_visual_GT2,train_mean,1,S2:MSM41_litter-T25,MPL-0297,G021,91.8235318669,58.288757010685416,15.184423786670001,124.0942303488,True,-33.53477485621458,33.53477485621458
S2_visual_GT2,train_mean,1,S2:MSM41_litter-T37,MPL-0354,G028,4.33952438813,58.288757010685416,15.184423786670001,124.0942303488,False,53.949232622555414,53.949232622555414
S2_visual_GT2,train_mean,1,S2:MSM41_litter-T52,MPL-0425,G038,30.7881773399,58.288757010685416,15.184423786670001,124.0942303488,True,27.500579670785417,27.500579670785417
S2_visual_GT2,train_mean,1,S2:MSM41_litter-T65,MPL-0513,G046,42.9316160687,58.288757010685416,15.184423786670001,124.0942303488,True,15.357140941985413,15.357140941985413
S2_visual_GT2,train_mean,1,S2:MSM41_litter-T64,MPL-0518,G046,61.5877317238,58.288757010685416,15.184423786670001,124.0942303488,True,-3.298974713114582,3.298974713114582
S2_visual_GT2,train_mean,1,S2:MSM41_litter-T63,MPL-0523,G046,36.0923965351,58.288757010685416,15.184423786670001,124.0942303488,True,22.196360475585415,22.196360475585415
S2_visual_GT2,train_median,1,S2:MSM41_litter-T4,MPL-0203,G008,28.6123032904,46.930786438,15.184423786670001,124.0942303488,True,18.3184831476,18.3184831476
S2_visual_GT2,train_median,1,S2:MSM41_litter-T12,MPL-0233,G012,21.8126295125,46.930786438,15.184423786670001,124.0942303488,True,25.1181569255,25.1181569255
S2_visual_GT2,train_median,1,S2:MSM41_litter-T11,MPL-0235,G012,19.3330111165,46.930786438,15.184423786670001,124.0942303488,True,27.5977753215,27.5977753215
S2_visual_GT2,train_median,1,S2:MSM41_litter-T17,MPL-0254,G015,30.6426195062,46.930786438,15.184423786670001,124.0942303488,True,16.2881669318,16.2881669318
S2_visual_GT2,train_median,1,S2:MSM41_litter-T19,MPL-0264,G017,12.9126673266,46.930786438,15.184423786670001,124.0942303488,False,34.0181191114,34.0181191114
S2_visual_GT2,train_median,1,S2:MSM41_litter-T20,MPL-0267,G017,30.7287093942,46.930786438,15.184423786670001,124.0942303488,True,16.2020770438,16.2020770438
S2_visual_GT2,train_median,1,S2:MSM41_litter-T21,MPL-0271,G017,33.0305532618,46.930786438,15.184423786670001,124.0942303488,True,13.900233176199997,13.900233176199997
S2_visual_GT2,train_median,1,S2:MSM41_litter-T25,MPL-0297,G021,91.8235318669,46.930786438,15.184423786670001,124.0942303488,True,-44.8927454289,44.8927454289
S2_visual_GT2,train_median,1,S2:MSM41_litter-T37,MPL-0354,G028,4.33952438813,46.930786438,15.184423786670001,124.0942303488,False,42.59126204987,42.59126204987
S2_visual_GT2,train_median,1,S2:MSM41_litter-T52,MPL-0425,G038,30.7881773399,46.930786438,15.184423786670001,124.0942303488,True,16.1426090981,16.1426090981
S2_visual_GT2,train_median,1,S2:MSM41_litter-T65,MPL-0513,G046,42.9316160687,46.930786438,15.184423786670001,124.0942303488,True,3.9991703692999963,3.9991703692999963
S2_visual_GT2,train_median,1,S2:MSM41_litter-T64,MPL-0518,G046,61.5877317238,46.930786438,15.184423786670001,124.0942303488,True,-14.6569452858,14.6569452858
S2_visual_GT2,train_median,1,S2:MSM41_litter-T63,MPL-0523,G046,36.0923965351,46.930786438,15.184423786670001,124.0942303488,True,10.838389902899998,10.838389902899998
S2_visual_GT2,spatial_knn_log1p,1,S2:MSM41_litter-T4,MPL-0203,G008,28.6123032904,26.119965938674937,15.184423786670001,124.0942303488,True,-2.4923373517250624,2.4923373517250624
S2_visual_GT2,spatial_knn_log1p,1,S2:MSM41_litter-T12,MPL-0233,G012,21.8126295125,23.53982156526054,15.184423786670001,124.0942303488,True,1.7271920527605396,1.7271920527605396
S2_visual_GT2,spatial_knn_log1p,1,S2:MSM41_litter-T11,MPL-0235,G012,19.3330111165,23.12238282593017,15.184423786670001,124.0942303488,True,3.7893717094301707,3.7893717094301707
S2_visual_GT2,spatial_knn_log1p,1,S2:MSM41_litter-T17,MPL-0254,G015,30.6426195062,36.13554473124436,15.184423786670001,124.0942303488,True,5.49292522504436,5.49292522504436
S2_visual_GT2,spatial_knn_log1p,1,S2:MSM41_litter-T19,MPL-0264,G017,12.9126673266,33.61881843364789,15.184423786670001,124.0942303488,False,20.706151107047887,20.706151107047887
S2_visual_GT2,spatial_knn_log1p,1,S2:MSM41_litter-T20,MPL-0267,G017,30.7287093942,35.178922293799715,15.184423786670001,124.0942303488,True,4.450212899599716,4.450212899599716
S2_visual_GT2,spatial_knn_log1p,1,S2:MSM41_litter-T21,MPL-0271,G017,33.0305532618,45.87753376951253,15.184423786670001,124.0942303488,True,12.84698050771253,12.84698050771253
S2_visual_GT2,spatial_knn_log1p,1,S2:MSM41_litter-T25,MPL-0297,G021,91.8235318669,41.13384563533861,15.184423786670001,124.0942303488,True,-50.68968623156139,50.68968623156139
S2_visual_GT2,spatial_knn_log1p,1,S2:MSM41_litter-T37,MPL-0354,G028,4.33952438813,27.529842586621292,15.184423786670001,124.0942303488,False,23.19031819849129,23.19031819849129
S2_visual_GT2,spatial_knn_log1p,1,S2:MSM41_litter-T52,MPL-0425,G038,30.7881773399,45.73456684972113,15.184423786670001,124.0942303488,True,14.946389509821135,14.946389509821135
S2_visual_GT2,spatial_knn_log1p,1,S2:MSM41_litter-T65,MPL-0513,G046,42.9316160687,34.45281200856091,15.184423786670001,124.0942303488,True,-8.47880406013909,8.47880406013909
S2_visual_GT2,spatial_knn_log1p,1,S2:MSM41_litter-T64,MPL-0518,G046,61.5877317238,34.284892333573445,15.184423786670001,124.0942303488,True,-27.302839390226552,27.302839390226552
S2_visual_GT2,spatial_knn_log1p,1,S2:MSM41_litter-T63,MPL-0523,G046,36.0923965351,26.62808697518673,15.184423786670001,124.0942303488,True,-9.464309559913271,9.464309559913271
S2_visual_GT2,train_mean,2,S2:MSM41_litter-T1,MPL-0197,G006,20.325203252,49.76076966603959,15.184423786670001,93.31815125035,True,29.43556641403959,29.43556641403959
S2_visual_GT2,train_mean,2,S2:MSM41_litter-T16,MPL-0237,G013,8.63781636002,49.76076966603959,15.184423786670001,93.31815125035,False,41.122953306019596,41.122953306019596
S2_visual_GT2,train_mean,2,S2:MSM41_litter-T15,MPL-0241,G014,21.7164697707,49.76076966603959,15.184423786670001,93.31815125035,True,28.04429989533959,28.04429989533959
S2_visual_GT2,train_mean,2,S2:MSM41_litter-T14,MPL-0246,G014,98.2111539811,49.76076966603959,15.184423786670001,93.31815125035,False,-48.450384315060404,48.450384315060404
S2_visual_GT2,train_mean,2,S2:MSM41_litter-T13,MPL-0249,G014,17.5284837862,49.76076966603959,15.184423786670001,93.31815125035,True,32.232285879839594,32.232285879839594
S2_visual_GT2,train_mean,2,S2:MSM41_litter-T24,MPL-0289,G020,97.8723404255,49.76076966603959,15.184423786670001,93.31815125035,False,-48.111570759460406,48.111570759460406
S2_visual_GT2,train_mean,2,S2:MSM41_litter-T33,MPL-0351,G027,22.3693629205,49.76076966603959,15.184423786670001,93.31815125035,True,27.391406745539594,27.391406745539594
S2_visual_GT2,train_mean,2,S2:MSM41_litter-T51,MPL-0421,G037,12.908777969,49.76076966603959,15.184423786670001,93.31815125035,False,36.851991697039594,36.851991697039594
S2_visual_GT2,train_mean,2,S2:MSM41_litter-T53,MPL-0430,G039,128.172263522,49.76076966603959,15.184423786670001,93.31815125035,False,-78.41149385596042,78.41149385596042
S2_visual_GT2,train_mean,2,S2:MSM41_litter-T54,MPL-0443,G039,98.6625739969,49.76076966603959,15.184423786670001,93.31815125035,False,-48.9018043308604,48.9018043308604
S2_visual_GT2,train_mean,2,S2:MSM41_litter-T55,MPL-0455,G039,162.327902363,49.76076966603959,15.184423786670001,93.31815125035,False,-112.5671326969604,112.5671326969604
S2_visual_GT2,train_mean,2,S2:MSM41_litter-T60,MPL-0494,G043,100.696484014,49.76076966603959,15.184423786670001,93.31815125035,False,-50.93571434796041,50.93571434796041
S2_visual_GT2,train_mean,2,S2:MSM41_litter-T59,MPL-0499,G044,81.6060062021,49.76076966603959,15.184423786670001,93.31815125035,True,-31.845236536060412,31.845236536060412
S2_visual_GT2,train_median,2,S2:MSM41_litter-T1,MPL-0197,G006,20.325203252,34.668538693100004,15.184423786670001,93.31815125035,True,14.343335441100002,14.343335441100002
S2_visual_GT2,train_median,2,S2:MSM41_litter-T16,MPL-0237,G013,8.63781636002,34.668538693100004,15.184423786670001,93.31815125035,False,26.030722333080003,26.030722333080003
S2_visual_GT2,train_median,2,S2:MSM41_litter-T15,MPL-0241,G014,21.7164697707,34.668538693100004,15.184423786670001,93.31815125035,True,12.952068922400002,12.952068922400002
S2_visual_GT2,train_median,2,S2:MSM41_litter-T14,MPL-0246,G014,98.2111539811,34.668538693100004,15.184423786670001,93.31815125035,False,-63.54261528799999,63.54261528799999
S2_visual_GT2,train_median,2,S2:MSM41_litter-T13,MPL-0249,G014,17.5284837862,34.668538693100004,15.184423786670001,93.31815125035,True,17.140054906900005,17.140054906900005
S2_visual_GT2,train_median,2,S2:MSM41_litter-T24,MPL-0289,G020,97.8723404255,34.668538693100004,15.184423786670001,93.31815125035,False,-63.203801732399995,63.203801732399995
S2_visual_GT2,train_median,2,S2:MSM41_litter-T33,MPL-0351,G027,22.3693629205,34.668538693100004,15.184423786670001,93.31815125035,True,12.299175772600005,12.299175772600005
S2_visual_GT2,train_median,2,S2:MSM41_litter-T51,MPL-0421,G037,12.908777969,34.668538693100004,15.184423786670001,93.31815125035,False,21.759760724100005,21.759760724100005
S2_visual_GT2,train_median,2,S2:MSM41_litter-T53,MPL-0430,G039,128.172263522,34.668538693100004,15.184423786670001,93.31815125035,False,-93.5037248289,93.5037248289
S2_visual_GT2,train_median,2,S2:MSM41_litter-T54,MPL-0443,G039,98.6625739969,34.668538693100004,15.184423786670001,93.31815125035,False,-63.99403530379999,63.99403530379999
S2_visual_GT2,train_median,2,S2:MSM41_litter-T55,MPL-0455,G039,162.327902363,34.668538693100004,15.184423786670001,93.31815125035,False,-127.65936366989999,127.65936366989999
S2_visual_GT2,train_median,2,S2:MSM41_litter-T60,MPL-0494,G043,100.696484014,34.668538693100004,15.184423786670001,93.31815125035,False,-66.0279453209,66.0279453209
S2_visual_GT2,train_median,2,S2:MSM41_litter-T59,MPL-0499,G044,81.6060062021,34.668538693100004,15.184423786670001,93.31815125035,True,-46.937467509,46.937467509
S2_visual_GT2,spatial_knn_log1p,2,S2:MSM41_litter-T1,MPL-0197,G006,20.325203252,51.0989021819216,15.184423786670001,93.31815125035,True,30.7736989299216,30.7736989299216
S2_visual_GT2,spatial_knn_log1p,2,S2:MSM41_litter-T16,MPL-0237,G013,8.63781636002,26.404842284619757,15.184423786670001,93.31815125035,False,17.767025924599757,17.767025924599757
S2_visual_GT2,spatial_knn_log1p,2,S2:MSM41_litter-T15,MPL-0241,G014,21.7164697707,25.11598086386512,15.184423786670001,93.31815125035,True,3.399511093165117,3.399511093165117
S2_visual_GT2,spatial_knn_log1p,2,S2:MSM41_litter-T14,MPL-0246,G014,98.2111539811,24.351857169432396,15.184423786670001,93.31815125035,False,-73.8592968116676,73.8592968116676
S2_visual_GT2,spatial_knn_log1p,2,S2:MSM41_litter-T13,MPL-0249,G014,17.5284837862,21.86410080433891,15.184423786670001,93.31815125035,True,4.335617018138912,4.335617018138912
S2_visual_GT2,spatial_knn_log1p,2,S2:MSM41_litter-T24,MPL-0289,G020,97.8723404255,57.82397854561032,15.184423786670001,93.31815125035,False,-40.048361879889676,40.048361879889676
S2_visual_GT2,spatial_knn_log1p,2,S2:MSM41_litter-T33,MPL-0351,G027,22.3693629205,50.09810465789358,15.184423786670001,93.31815125035,True,27.72874173739358,27.72874173739358
S2_visual_GT2,spatial_knn_log1p,2,S2:MSM41_litter-T51,MPL-0421,G037,12.908777969,54.61143065459602,15.184423786670001,93.31815125035,False,41.70265268559602,41.70265268559602
S2_visual_GT2,spatial_knn_log1p,2,S2:MSM41_litter-T53,MPL-0430,G039,128.172263522,86.10963449900933,15.184423786670001,93.31815125035,False,-42.06262902299068,42.06262902299068
S2_visual_GT2,spatial_knn_log1p,2,S2:MSM41_litter-T54,MPL-0443,G039,98.6625739969,98.33548088747379,15.184423786670001,93.31815125035,False,-0.32709310942620107,0.32709310942620107
S2_visual_GT2,spatial_knn_log1p,2,S2:MSM41_litter-T55,MPL-0455,G039,162.327902363,108.2180511422999,15.184423786670001,93.31815125035,False,-54.109851220700094,54.109851220700094
S2_visual_GT2,spatial_knn_log1p,2,S2:MSM41_litter-T60,MPL-0494,G043,100.696484014,83.1425696045019,15.184423786670001,93.31815125035,False,-17.553914409498105,17.553914409498105
S2_visual_GT2,spatial_knn_log1p,2,S2:MSM41_litter-T59,MPL-0499,G044,81.6060062021,95.54577290497545,15.184423786670001,93.31815125035,True,13.939766702875446,13.939766702875446
S2_visual_GT2,train_mean,3,S2:MSM41_litter-T10,MPL-0229,G011,16.746912288,53.23885546858431,12.9126673266,100.696484014,True,36.491943180584315,36.491943180584315
S2_visual_GT2,train_mean,3,S2:MSM41_litter-T23,MPL-0283,G019,73.4963864277,53.23885546858431,12.9126673266,100.696484014,True,-20.25753095911569,20.25753095911569
S2_visual_GT2,train_mean,3,S2:MSM41_litter-T34,MPL-0346,G026,65.5451168888,53.23885546858431,12.9126673266,100.696484014,True,-12.306261420215684,12.306261420215684
S2_visual_GT2,train_mean,3,S2:MSM41_litter-T41,MPL-0371,G032,75.7403620389,53.23885546858431,12.9126673266,100.696484014,True,-22.50150657031569,22.50150657031569
S2_visual_GT2,train_mean,3,S2:MSM41_litter-T42,MPL-0375,G032,22.7928886188,53.23885546858431,12.9126673266,100.696484014,True,30.445966849784313,30.445966849784313
S2_visual_GT2,train_mean,3,S2:MSM41_litter-T43,MPL-0378,G033,18.909847303,53.23885546858431,12.9126673266,100.696484014,True,34.32900816558431,34.32900816558431
S2_visual_GT2,train_mean,3,S2:MSM41_litter-T44,MPL-0382,G033,27.7623542476,53.23885546858431,12.9126673266,100.696484014,True,25.47650122098431,25.47650122098431
S2_visual_GT2,train_mean,3,S2:MSM41_litter-T45,MPL-0385,G033,13.4607618791,53.23885546858431,12.9126673266,100.696484014,True,39.778093589484314,39.778093589484314
S2_visual_GT2,train_mean,3,S2:MSM41_litter-T50,MPL-0417,G036,81.7761785992,53.23885546858431,12.9126673266,100.696484014,True,-28.537323130615682,28.537323130615682
S2_visual_GT2,train_mean,3,S2:MSM41_litter-T57,MPL-0484,G042,135.53474618,53.23885546858431,12.9126673266,100.696484014,False,-82.2958907114157,82.2958907114157
S2_visual_GT2,train_mean,3,S2:MSM41_litter-T62,MPL-0504,G045,16.7848600562,53.23885546858431,12.9126673266,100.696484014,True,36.453995412384316,36.453995412384316
S2_visual_GT2,train_mean,3,S2:MSM41_litter-T61,MPL-0507,G045,95.3412784399,53.23885546858431,12.9126673266,100.696484014,True,-42.10242297131568,42.10242297131568
S2_visual_GT2,train_median,3,S2:MSM41_litter-T10,MPL-0229,G011,16.746912288,36.0923965351,12.9126673266,100.696484014,True,19.3454842471,19.3454842471
S2_visual_GT2,train_median,3,S2:MSM41_litter-T23,MPL-0283,G019,73.4963864277,36.0923965351,12.9126673266,100.696484014,True,-37.4039898926,37.4039898926
S2_visual_GT2,train_median,3,S2:MSM41_litter-T34,MPL-0346,G026,65.5451168888,36.0923965351,12.9126673266,100.696484014,True,-29.452720353699995,29.452720353699995
S2_visual_GT2,train_median,3,S2:MSM41_litter-T41,MPL-0371,G032,75.7403620389,36.0923965351,12.9126673266,100.696484014,True,-39.6479655038,39.6479655038
S2_visual_GT2,train_median,3,S2:MSM41_litter-T42,MPL-0375,G032,22.7928886188,36.0923965351,12.9126673266,100.696484014,True,13.299507916300001,13.299507916300001
S2_visual_GT2,train_median,3,S2:MSM41_litter-T43,MPL-0378,G033,18.909847303,36.0923965351,12.9126673266,100.696484014,True,17.1825492321,17.1825492321
S2_visual_GT2,train_median,3,S2:MSM41_litter-T44,MPL-0382,G033,27.7623542476,36.0923965351,12.9126673266,100.696484014,True,8.3300422875,8.3300422875
S2_visual_GT2,train_median,3,S2:MSM41_litter-T45,MPL-0385,G033,13.4607618791,36.0923965351,12.9126673266,100.696484014,True,22.631634656000003,22.631634656000003
S2_visual_GT2,train_median,3,S2:MSM41_litter-T50,MPL-0417,G036,81.7761785992,36.0923965351,12.9126673266,100.696484014,True,-45.683782064099994,45.683782064099994
S2_visual_GT2,train_median,3,S2:MSM41_litter-T57,MPL-0484,G042,135.53474618,36.0923965351,12.9126673266,100.696484014,False,-99.44234964490002,99.44234964490002
S2_visual_GT2,train_median,3,S2:MSM41_litter-T62,MPL-0504,G045,16.7848600562,36.0923965351,12.9126673266,100.696484014,True,19.3075364789,19.3075364789
S2_visual_GT2,train_median,3,S2:MSM41_litter-T61,MPL-0507,G045,95.3412784399,36.0923965351,12.9126673266,100.696484014,True,-59.248881904799994,59.248881904799994
S2_visual_GT2,spatial_knn_log1p,3,S2:MSM41_litter-T10,MPL-0229,G011,16.746912288,23.07478872330809,12.9126673266,100.696484014,True,6.327876435308088,6.327876435308088
S2_visual_GT2,spatial_knn_log1p,3,S2:MSM41_litter-T23,MPL-0283,G019,73.4963864277,56.4722216963323,12.9126673266,100.696484014,True,-17.024164731367705,17.024164731367705
S2_visual_GT2,spatial_knn_log1p,3,S2:MSM41_litter-T34,MPL-0346,G026,65.5451168888,25.426101739405304,12.9126673266,100.696484014,True,-40.11901514939469,40.11901514939469
S2_visual_GT2,spatial_knn_log1p,3,S2:MSM41_litter-T41,MPL-0371,G032,75.7403620389,28.924236208716067,12.9126673266,100.696484014,True,-46.816125830183935,46.816125830183935
S2_visual_GT2,spatial_knn_log1p,3,S2:MSM41_litter-T42,MPL-0375,G032,22.7928886188,28.80270445418795,12.9126673266,100.696484014,True,6.0098158353879505,6.0098158353879505
S2_visual_GT2,spatial_knn_log1p,3,S2:MSM41_litter-T43,MPL-0378,G033,18.909847303,36.68223582707892,12.9126673266,100.696484014,True,17.77238852407892,17.77238852407892
S2_visual_GT2,spatial_knn_log1p,3,S2:MSM41_litter-T44,MPL-0382,G033,27.7623542476,37.87040549830061,12.9126673266,100.696484014,True,10.108051250700612,10.108051250700612
S2_visual_GT2,spatial_knn_log1p,3,S2:MSM41_litter-T45,MPL-0385,G033,13.4607618791,26.395505242634467,12.9126673266,100.696484014,True,12.934743363534468,12.934743363534468
S2_visual_GT2,spatial_knn_log1p,3,S2:MSM41_litter-T50,MPL-0417,G036,81.7761785992,52.94562219236576,12.9126673266,100.696484014,True,-28.830556406834233,28.830556406834233
S2_visual_GT2,spatial_knn_log1p,3,S2:MSM41_litter-T57,MPL-0484,G042,135.53474618,156.2268676498073,12.9126673266,100.696484014,False,20.69212146980729,20.69212146980729
S2_visual_GT2,spatial_knn_log1p,3,S2:MSM41_litter-T62,MPL-0504,G045,16.7848600562,58.72606944866947,12.9126673266,100.696484014,True,41.941209392469474,41.941209392469474
S2_visual_GT2,spatial_knn_log1p,3,S2:MSM41_litter-T61,MPL-0507,G045,95.3412784399,71.18886437931143,12.9126673266,100.696484014,True,-24.15241406058857,24.15241406058857
S2_visual_GT2,train_mean,4,S2:MSM41_litter-T2,MPL-0214,G010,43.861572876,50.87719828170293,15.3759417764,98.6625739969,True,7.015625405702934,7.015625405702934
S2_visual_GT2,train_mean,4,S2:MSM41_litter-T22,MPL-0277,G018,41.6666666667,50.87719828170293,15.3759417764,98.6625739969,True,9.210531615002928,9.210531615002928
S2_visual_GT2,train_mean,4,S2:MSM41_litter-T28,MPL-0320,G024,54.6608922339,50.87719828170293,15.3759417764,98.6625739969,True,-3.783693952197069,3.783693952197069
S2_visual_GT2,train_mean,4,S2:MSM41_litter-T32,MPL-0329,G025,69.0786633279,50.87719828170293,15.3759417764,98.6625739969,True,-18.20146504619707,18.20146504619707
S2_visual_GT2,train_mean,4,S2:MSM41_litter-T31,MPL-0336,G025,77.0975056689,50.87719828170293,15.3759417764,98.6625739969,True,-26.220307387197067,26.220307387197067
S2_visual_GT2,train_mean,4,S2:MSM41_litter-T30,MPL-0342,G025,22.7977384643,50.87719828170293,15.3759417764,98.6625739969,True,28.07945981740293,28.07945981740293
S2_visual_GT2,train_mean,4,S2:MSM41_litter-T38,MPL-0361,G030,9.82752690285,50.87719828170293,15.3759417764,98.6625739969,False,41.049671378852935,41.049671378852935
S2_visual_GT2,train_mean,4,S2:MSM41_litter-T40,MPL-0364,G031,11.7647058824,50.87719828170293,15.3759417764,98.6625739969,False,39.11249239930293,39.11249239930293
S2_visual_GT2,train_mean,4,S2:MSM41_litter-T39,MPL-0367,G031,17.2324659659,50.87719828170293,15.3759417764,98.6625739969,True,33.644732315802926,33.644732315802926
S2_visual_GT2,train_mean,4,S2:MSM41_litter-T48,MPL-0401,G035,124.084140865,50.87719828170293,15.3759417764,98.6625739969,False,-73.20694258329706,73.20694258329706
S2_visual_GT2,train_mean,4,S2:MSM41_litter-T49,MPL-0409,G035,69.5652173913,50.87719828170293,15.3759417764,98.6625739969,True,-18.688019109597064,18.688019109597064
S2_visual_GT2,train_mean,4,S2:MSM41_litter-T58,MPL-0472,G041,222.699113253,50.87719828170293,15.3759417764,98.6625739969,False,-171.82191497129708,171.82191497129708
S2_visual_GT2,train_median,4,S2:MSM41_litter-T2,MPL-0214,G010,43.861572876,33.0305532618,15.3759417764,98.6625739969,True,-10.831019614199995,10.831019614199995
S2_visual_GT2,train_median,4,S2:MSM41_litter-T22,MPL-0277,G018,41.6666666667,33.0305532618,15.3759417764,98.6625739969,True,-8.636113404900001,8.636113404900001
S2_visual_GT2,train_median,4,S2:MSM41_litter-T28,MPL-0320,G024,54.6608922339,33.0305532618,15.3759417764,98.6625739969,True,-21.6303389721,21.6303389721
S2_visual_GT2,train_median,4,S2:MSM41_litter-T32,MPL-0329,G025,69.0786633279,33.0305532618,15.3759417764,98.6625739969,True,-36.0481100661,36.0481100661
S2_visual_GT2,train_median,4,S2:MSM41_litter-T31,MPL-0336,G025,77.0975056689,33.0305532618,15.3759417764,98.6625739969,True,-44.0669524071,44.0669524071
S2_visual_GT2,train_median,4,S2:MSM41_litter-T30,MPL-0342,G025,22.7977384643,33.0305532618,15.3759417764,98.6625739969,True,10.232814797500001,10.232814797500001
S2_visual_GT2,train_median,4,S2:MSM41_litter-T38,MPL-0361,G030,9.82752690285,33.0305532618,15.3759417764,98.6625739969,False,23.20302635895,23.20302635895
S2_visual_GT2,train_median,4,S2:MSM41_litter-T40,MPL-0364,G031,11.7647058824,33.0305532618,15.3759417764,98.6625739969,False,21.2658473794,21.2658473794
S2_visual_GT2,train_median,4,S2:MSM41_litter-T39,MPL-0367,G031,17.2324659659,33.0305532618,15.3759417764,98.6625739969,True,15.7980872959,15.7980872959
S2_visual_GT2,train_median,4,S2:MSM41_litter-T48,MPL-0401,G035,124.084140865,33.0305532618,15.3759417764,98.6625739969,False,-91.05358760319999,91.05358760319999
S2_visual_GT2,train_median,4,S2:MSM41_litter-T49,MPL-0409,G035,69.5652173913,33.0305532618,15.3759417764,98.6625739969,True,-36.534664129499994,36.534664129499994
S2_visual_GT2,train_median,4,S2:MSM41_litter-T58,MPL-0472,G041,222.699113253,33.0305532618,15.3759417764,98.6625739969,False,-189.6685599912,189.6685599912
S2_visual_GT2,spatial_knn_log1p,4,S2:MSM41_litter-T2,MPL-0214,G010,43.861572876,35.13529769474956,15.3759417764,98.6625739969,True,-8.726275181250436,8.726275181250436
S2_visual_GT2,spatial_knn_log1p,4,S2:MSM41_litter-T22,MPL-0277,G018,41.6666666667,54.083085909965824,15.3759417764,98.6625739969,True,12.416419243265821,12.416419243265821
S2_visual_GT2,spatial_knn_log1p,4,S2:MSM41_litter-T28,MPL-0320,G024,54.6608922339,51.26440561299151,15.3759417764,98.6625739969,True,-3.3964866209084903,3.3964866209084903
S2_visual_GT2,spatial_knn_log1p,4,S2:MSM41_litter-T32,MPL-0329,G025,69.0786633279,44.49084372027213,15.3759417764,98.6625739969,True,-24.58781960762787,24.58781960762787
S2_visual_GT2,spatial_knn_log1p,4,S2:MSM41_litter-T31,MPL-0336,G025,77.0975056689,45.551905725540976,15.3759417764,98.6625739969,True,-31.545599943359022,31.545599943359022
S2_visual_GT2,spatial_knn_log1p,4,S2:MSM41_litter-T30,MPL-0342,G025,22.7977384643,48.28429588124364,15.3759417764,98.6625739969,True,25.486557416943636,25.486557416943636
S2_visual_GT2,spatial_knn_log1p,4,S2:MSM41_litter-T38,MPL-0361,G030,9.82752690285,19.51302054820867,15.3759417764,98.6625739969,False,9.685493645358669,9.685493645358669
S2_visual_GT2,spatial_knn_log1p,4,S2:MSM41_litter-T40,MPL-0364,G031,11.7647058824,20.420200117526562,15.3759417764,98.6625739969,False,8.655494235126563,8.655494235126563
S2_visual_GT2,spatial_knn_log1p,4,S2:MSM41_litter-T39,MPL-0367,G031,17.2324659659,20.083636867629565,15.3759417764,98.6625739969,True,2.8511709017295637,2.8511709017295637
S2_visual_GT2,spatial_knn_log1p,4,S2:MSM41_litter-T48,MPL-0401,G035,124.084140865,51.928149264274566,15.3759417764,98.6625739969,False,-72.15599160072543,72.15599160072543
S2_visual_GT2,spatial_knn_log1p,4,S2:MSM41_litter-T49,MPL-0409,G035,69.5652173913,49.95503918595489,15.3759417764,98.6625739969,True,-19.610178205345107,19.610178205345107
S2_visual_GT2,spatial_knn_log1p,4,S2:MSM41_litter-T58,MPL-0472,G041,222.699113253,118.87354481926286,15.3759417764,98.6625739969,False,-103.82556843373715,103.82556843373715
S3_visual_GT2,train_mean,0,S3:HE419_MarLitter_transect03,MPL-0018,G002,27.6,30.214999999999993,8.110000000000001,44.02000000000002,True,2.6149999999999913,2.6149999999999913
S3_visual_GT2,train_mean,0,S3:HE419_MarLitter_transect04,MPL-0020,G002,29.5,30.214999999999993,8.110000000000001,44.02000000000002,True,0.7149999999999928,0.7149999999999928
S3_visual_GT2,train_mean,0,S3:HE419_MarLitter_transect05,MPL-0027,G002,52.2,30.214999999999993,8.110000000000001,44.02000000000002,False,-21.98500000000001,21.98500000000001
S3_visual_GT2,train_mean,0,S3:HE419_MarLitter_transect06,MPL-0035,G002,30.3,30.214999999999993,8.110000000000001,44.02000000000002,True,-0.08500000000000796,0.08500000000000796
S3_visual_GT2,train_mean,0,S3:HE419_MarLitter_transect08,MPL-0039,G002,26.2,30.214999999999993,8.110000000000001,44.02000000000002,True,4.0149999999999935,4.0149999999999935
S3_visual_GT2,train_mean,0,S3:HE419_MarLitter_transect07,MPL-0043,G002,30.5,30.214999999999993,8.110000000000001,44.02000000000002,True,-0.28500000000000725,0.28500000000000725
S3_visual_GT2,train_mean,0,S3:HE419_MarLitter_transect13,MPL-0051,G002,76.9,30.214999999999993,8.110000000000001,44.02000000000002,False,-46.68500000000002,46.68500000000002
S3_visual_GT2,train_mean,0,S3:HE419_MarLitter_transect14,MPL-0056,G002,34.2,30.214999999999993,8.110000000000001,44.02000000000002,True,-3.98500000000001,3.98500000000001
S3_visual_GT2,train_mean,0,S3:HE419_MarLitter_transect09,MPL-0060,G002,46.0,30.214999999999993,8.110000000000001,44.02000000000002,False,-15.785000000000007,15.785000000000007
S3_visual_GT2,train_mean,0,S3:HE419_MarLitter_transect12,MPL-0067,G002,48.0,30.214999999999993,8.110000000000001,44.02000000000002,False,-17.785000000000007,17.785000000000007
S3_visual_GT2,train_mean,0,S3:HE419_MarLitter_transect10,MPL-0073,G002,33.4,30.214999999999993,8.110000000000001,44.02000000000002,True,-3.185000000000006,3.185000000000006
S3_visual_GT2,train_mean,0,S3:HE419_MarLitter_transect11,MPL-0076,G002,31.1,30.214999999999993,8.110000000000001,44.02000000000002,True,-0.8850000000000087,0.8850000000000087
S3_visual_GT2,train_mean,0,S3:HE419_MarLitter_transect20,MPL-0096,G002,23.6,30.214999999999993,8.110000000000001,44.02000000000002,True,6.614999999999991,6.614999999999991
S3_visual_GT2,train_mean,0,S3:HE419_MarLitter_transect19,MPL-0101,G002,8.1,30.214999999999993,8.110000000000001,44.02000000000002,False,22.114999999999995,22.114999999999995
S3_visual_GT2,train_mean,0,S3:HE419_MarLitter_transect21,MPL-0107,G002,20.9,30.214999999999993,8.110000000000001,44.02000000000002,True,9.314999999999994,9.314999999999994
S3_visual_GT2,train_mean,0,S3:HE419_MarLitter_transect22,MPL-0109,G002,12.7,30.214999999999993,8.110000000000001,44.02000000000002,True,17.514999999999993,17.514999999999993
S3_visual_GT2,train_mean,0,S3:HE419_MarLitter_transect23,MPL-0114,G002,145.7,30.214999999999993,8.110000000000001,44.02000000000002,False,-115.485,115.485
S3_visual_GT2,train_mean,0,S3:HE419_MarLitter_transect24,MPL-0123,G002,31.2,30.214999999999993,8.110000000000001,44.02000000000002,True,-0.9850000000000065,0.9850000000000065
S3_visual_GT2,train_mean,0,S3:HE419_MarLitter_transect25,MPL-0132,G002,65.1,30.214999999999993,8.110000000000001,44.02000000000002,False,-34.885000000000005,34.885000000000005
S3_visual_GT2,train_mean,0,S3:HE419_MarLitter_transect26,MPL-0138,G002,31.4,30.214999999999993,8.110000000000001,44.02000000000002,True,-1.1850000000000058,1.1850000000000058
S3_visual_GT2,train_mean,0,S3:HE419_MarLitter_transect27,MPL-0141,G002,13.9,30.214999999999993,8.110000000000001,44.02000000000002,True,16.31499999999999,16.31499999999999
S3_visual_GT2,train_median,0,S3:HE419_MarLitter_transect03,MPL-0018,G002,27.6,18.5,8.110000000000001,44.02000000000002,True,-9.100000000000001,9.100000000000001
S3_visual_GT2,train_median,0,S3:HE419_MarLitter_transect04,MPL-0020,G002,29.5,18.5,8.110000000000001,44.02000000000002,True,-11.0,11.0
S3_visual_GT2,train_median,0,S3:HE419_MarLitter_transect05,MPL-0027,G002,52.2,18.5,8.110000000000001,44.02000000000002,False,-33.7,33.7
S3_visual_GT2,train_median,0,S3:HE419_MarLitter_transect06,MPL-0035,G002,30.3,18.5,8.110000000000001,44.02000000000002,True,-11.8,11.8
S3_visual_GT2,train_median,0,S3:HE419_MarLitter_transect08,MPL-0039,G002,26.2,18.5,8.110000000000001,44.02000000000002,True,-7.699999999999999,7.699999999999999
S3_visual_GT2,train_median,0,S3:HE419_MarLitter_transect07,MPL-0043,G002,30.5,18.5,8.110000000000001,44.02000000000002,True,-12.0,12.0
S3_visual_GT2,train_median,0,S3:HE419_MarLitter_transect13,MPL-0051,G002,76.9,18.5,8.110000000000001,44.02000000000002,False,-58.400000000000006,58.400000000000006
S3_visual_GT2,train_median,0,S3:HE419_MarLitter_transect14,MPL-0056,G002,34.2,18.5,8.110000000000001,44.02000000000002,True,-15.700000000000003,15.700000000000003
S3_visual_GT2,train_median,0,S3:HE419_MarLitter_transect09,MPL-0060,G002,46.0,18.5,8.110000000000001,44.02000000000002,False,-27.5,27.5
S3_visual_GT2,train_median,0,S3:HE419_MarLitter_transect12,MPL-0067,G002,48.0,18.5,8.110000000000001,44.02000000000002,False,-29.5,29.5
S3_visual_GT2,train_median,0,S3:HE419_MarLitter_transect10,MPL-0073,G002,33.4,18.5,8.110000000000001,44.02000000000002,True,-14.899999999999999,14.899999999999999
S3_visual_GT2,train_median,0,S3:HE419_MarLitter_transect11,MPL-0076,G002,31.1,18.5,8.110000000000001,44.02000000000002,True,-12.600000000000001,12.600000000000001
S3_visual_GT2,train_median,0,S3:HE419_MarLitter_transect20,MPL-0096,G002,23.6,18.5,8.110000000000001,44.02000000000002,True,-5.100000000000001,5.100000000000001
S3_visual_GT2,train_median,0,S3:HE419_MarLitter_transect19,MPL-0101,G002,8.1,18.5,8.110000000000001,44.02000000000002,False,10.4,10.4
S3_visual_GT2,train_median,0,S3:HE419_MarLitter_transect21,MPL-0107,G002,20.9,18.5,8.110000000000001,44.02000000000002,True,-2.3999999999999986,2.3999999999999986
S3_visual_GT2,train_median,0,S3:HE419_MarLitter_transect22,MPL-0109,G002,12.7,18.5,8.110000000000001,44.02000000000002,True,5.800000000000001,5.800000000000001
S3_visual_GT2,train_median,0,S3:HE419_MarLitter_transect23,MPL-0114,G002,145.7,18.5,8.110000000000001,44.02000000000002,False,-127.19999999999999,127.19999999999999
S3_visual_GT2,train_median,0,S3:HE419_MarLitter_transect24,MPL-0123,G002,31.2,18.5,8.110000000000001,44.02000000000002,True,-12.7,12.7
S3_visual_GT2,train_median,0,S3:HE419_MarLitter_transect25,MPL-0132,G002,65.1,18.5,8.110000000000001,44.02000000000002,False,-46.599999999999994,46.599999999999994
S3_visual_GT2,train_median,0,S3:HE419_MarLitter_transect26,MPL-0138,G002,31.4,18.5,8.110000000000001,44.02000000000002,True,-12.899999999999999,12.899999999999999
S3_visual_GT2,train_median,0,S3:HE419_MarLitter_transect27,MPL-0141,G002,13.9,18.5,8.110000000000001,44.02000000000002,True,4.6,4.6
S3_visual_GT2,spatial_knn_log1p,0,S3:HE419_MarLitter_transect03,MPL-0018,G002,27.6,24.874832634984653,8.110000000000001,44.02000000000002,True,-2.7251673650153485,2.7251673650153485
S3_visual_GT2,spatial_knn_log1p,0,S3:HE419_MarLitter_transect04,MPL-0020,G002,29.5,24.84166100022855,8.110000000000001,44.02000000000002,True,-4.658338999771448,4.658338999771448
S3_visual_GT2,spatial_knn_log1p,0,S3:HE419_MarLitter_transect05,MPL-0027,G002,52.2,26.528218572661448,8.110000000000001,44.02000000000002,False,-25.671781427338555,25.671781427338555
S3_visual_GT2,spatial_knn_log1p,0,S3:HE419_MarLitter_transect06,MPL-0035,G002,30.3,28.750613460815764,8.110000000000001,44.02000000000002,True,-1.549386539184237,1.549386539184237
S3_visual_GT2,spatial_knn_log1p,0,S3:HE419_MarLitter_transect08,MPL-0039,G002,26.2,27.57749905441144,8.110000000000001,44.02000000000002,True,1.377499054411441,1.377499054411441
S3_visual_GT2,spatial_knn_log1p,0,S3:HE419_MarLitter_transect07,MPL-0043,G002,30.5,27.584320240746315,8.110000000000001,44.02000000000002,True,-2.9156797592536847,2.9156797592536847
S3_visual_GT2,spatial_knn_log1p,0,S3:HE419_MarLitter_transect13,MPL-0051,G002,76.9,26.97951866439596,8.110000000000001,44.02000000000002,False,-49.920481335604045,49.920481335604045
S3_visual_GT2,spatial_knn_log1p,0,S3:HE419_MarLitter_transect14,MPL-0056,G002,34.2,26.112130168576236,8.110000000000001,44.02000000000002,True,-8.087869831423767,8.087869831423767
S3_visual_GT2,spatial_knn_log1p,0,S3:HE419_MarLitter_transect09,MPL-0060,G002,46.0,34.86267214464551,8.110000000000001,44.02000000000002,False,-11.137327855354492,11.137327855354492
S3_visual_GT2,spatial_knn_log1p,0,S3:HE419_MarLitter_transect12,MPL-0067,G002,48.0,27.546746777738512,8.110000000000001,44.02000000000002,False,-20.453253222261488,20.453253222261488
S3_visual_GT2,spatial_knn_log1p,0,S3:HE419_MarLitter_transect10,MPL-0073,G002,33.4,35.37037322994324,8.110000000000001,44.02000000000002,True,1.9703732299432417,1.9703732299432417
S3_visual_GT2,spatial_knn_log1p,0,S3:HE419_MarLitter_transect11,MPL-0076,G002,31.1,35.16408039584482,8.110000000000001,44.02000000000002,True,4.064080395844819,4.064080395844819
S3_visual_GT2,spatial_knn_log1p,0,S3:HE419_MarLitter_transect20,MPL-0096,G002,23.6,27.749975188996242,8.110000000000001,44.02000000000002,True,4.14997518899624,4.14997518899624
S3_visual_GT2,spatial_knn_log1p,0,S3:HE419_MarLitter_transect19,MPL-0101,G002,8.1,21.62600946178681,8.110000000000001,44.02000000000002,False,13.526009461786812,13.526009461786812
S3_visual_GT2,spatial_knn_log1p,0,S3:HE419_MarLitter_transect21,MPL-0107,G002,20.9,28.19641509370423,8.110000000000001,44.02000000000002,True,7.29641509370423,7.29641509370423
S3_visual_GT2,spatial_knn_log1p,0,S3:HE419_MarLitter_transect22,MPL-0109,G002,12.7,27.770742511602496,8.110000000000001,44.02000000000002,True,15.070742511602496,15.070742511602496
S3_visual_GT2,spatial_knn_log1p,0,S3:HE419_MarLitter_transect23,MPL-0114,G002,145.7,38.589295072889406,8.110000000000001,44.02000000000002,False,-107.11070492711059,107.11070492711059
S3_visual_GT2,spatial_knn_log1p,0,S3:HE419_MarLitter_transect24,MPL-0123,G002,31.2,37.942213875820244,8.110000000000001,44.02000000000002,True,6.742213875820244,6.742213875820244
S3_visual_GT2,spatial_knn_log1p,0,S3:HE419_MarLitter_transect25,MPL-0132,G002,65.1,37.4133857681434,8.110000000000001,44.02000000000002,False,-27.686614231856595,27.686614231856595
S3_visual_GT2,spatial_knn_log1p,0,S3:HE419_MarLitter_transect26,MPL-0138,G002,31.4,37.07141686722104,8.110000000000001,44.02000000000002,True,5.6714168672210405,5.6714168672210405
S3_visual_GT2,spatial_knn_log1p,0,S3:HE419_MarLitter_transect27,MPL-0141,G002,13.9,36.89850163173256,8.110000000000001,44.02000000000002,True,22.99850163173256,22.99850163173256
S3_visual_GT2,train_mean,1,S3:HE419_MarLitter_transect38,MPL-0176,G005,32.1,38.03428571428571,13.18,59.98000000000001,True,5.934285714285707,5.934285714285707
S3_visual_GT2,train_mean,1,S3:HE419_MarLitter_transect37,MPL-0179,G005,9.1,38.03428571428571,13.18,59.98000000000001,False,28.934285714285707,28.934285714285707
S3_visual_GT2,train_mean,1,S3:HE419_MarLitter_transect34,MPL-0183,G005,6.4,38.03428571428571,13.18,59.98000000000001,False,31.63428571428571,31.63428571428571
S3_visual_GT2,train_mean,1,S3:HE419_MarLitter_transect35,MPL-0185,G005,16.2,38.03428571428571,13.18,59.98000000000001,True,21.83428571428571,21.83428571428571
S3_visual_GT2,train_mean,1,S3:HE419_MarLitter_transect36,MPL-0188,G005,9.9,38.03428571428571,13.18,59.98000000000001,False,28.13428571428571,28.13428571428571
S3_visual_GT2,train_mean,1,S3:HE419_MarLitter_transect33,MPL-0192,G005,17.9,38.03428571428571,13.18,59.98000000000001,True,20.13428571428571,20.13428571428571
S3_visual_GT2,train_median,1,S3:HE419_MarLitter_transect38,MPL-0176,G005,32.1,30.4,13.18,59.98000000000001,True,-1.7000000000000028,1.7000000000000028
S3_visual_GT2,train_median,1,S3:HE419_MarLitter_transect37,MPL-0179,G005,9.1,30.4,13.18,59.98000000000001,False,21.299999999999997,21.299999999999997
S3_visual_GT2,train_median,1,S3:HE419_MarLitter_transect34,MPL-0183,G005,6.4,30.4,13.18,59.98000000000001,False,24.0,24.0
S3_visual_GT2,train_median,1,S3:HE419_MarLitter_transect35,MPL-0185,G005,16.2,30.4,13.18,59.98000000000001,True,14.2,14.2
S3_visual_GT2,train_median,1,S3:HE419_MarLitter_transect36,MPL-0188,G005,9.9,30.4,13.18,59.98000000000001,False,20.5,20.5
S3_visual_GT2,train_median,1,S3:HE419_MarLitter_transect33,MPL-0192,G005,17.9,30.4,13.18,59.98000000000001,True,12.5,12.5
S3_visual_GT2,spatial_knn_log1p,1,S3:HE419_MarLitter_transect38,MPL-0176,G005,32.1,18.13020835332378,13.18,59.98000000000001,True,-13.96979164667622,13.96979164667622
S3_visual_GT2,spatial_knn_log1p,1,S3:HE419_MarLitter_transect37,MPL-0179,G005,9.1,18.096733687957897,13.18,59.98000000000001,False,8.996733687957898,8.996733687957898
S3_visual_GT2,spatial_knn_log1p,1,S3:HE419_MarLitter_transect34,MPL-0183,G005,6.4,16.87162366466912,13.18,59.98000000000001,False,10.471623664669119,10.471623664669119
S3_visual_GT2,spatial_knn_log1p,1,S3:HE419_MarLitter_transect35,MPL-0185,G005,16.2,17.011970145540985,13.18,59.98000000000001,True,0.811970145540986,0.811970145540986
S3_visual_GT2,spatial_knn_log1p,1,S3:HE419_MarLitter_transect36,MPL-0188,G005,9.9,17.09396728115791,13.18,59.98000000000001,False,7.193967281157908,7.193967281157908
S3_visual_GT2,spatial_knn_log1p,1,S3:HE419_MarLitter_transect33,MPL-0192,G005,17.9,16.697335684014227,13.18,59.98000000000001,True,-1.2026643159857713,1.2026643159857713
S3_visual_GT2,train_mean,2,S3:HE419_MarLitter_transect32,MPL-0146,G004,19.7,31.708333333333332,9.5,52.25,True,12.008333333333333,12.008333333333333
S3_visual_GT2,train_mean,2,S3:HE419_MarLitter_transect31,MPL-0148,G004,6.1,31.708333333333332,9.5,52.25,False,25.608333333333334,25.608333333333334
S3_visual_GT2,train_mean,2,S3:HE419_MarLitter_transect30,MPL-0158,G004,195.1,31.708333333333332,9.5,52.25,False,-163.39166666666665,163.39166666666665
S3_visual_GT2,train_mean,2,S3:HE419_MarLitter_transect29,MPL-0166,G004,17.3,31.708333333333332,9.5,52.25,True,14.408333333333331,14.408333333333331
S3_visual_GT2,train_mean,2,S3:HE419_MarLitter_transect28,MPL-0171,G004,43.1,31.708333333333332,9.5,52.25,True,-11.39166666666667,11.39166666666667
S3_visual_GT2,train_median,2,S3:HE419_MarLitter_transect32,MPL-0146,G004,19.7,29.9,9.5,52.25,True,10.2,10.2
S3_visual_GT2,train_median,2,S3:HE419_MarLitter_transect31,MPL-0148,G004,6.1,29.9,9.5,52.25,False,23.799999999999997,23.799999999999997
S3_visual_GT2,train_median,2,S3:HE419_MarLitter_transect30,MPL-0158,G004,195.1,29.9,9.5,52.25,False,-165.2,165.2
S3_visual_GT2,train_median,2,S3:HE419_MarLitter_transect29,MPL-0166,G004,17.3,29.9,9.5,52.25,True,12.599999999999998,12.599999999999998
S3_visual_GT2,train_median,2,S3:HE419_MarLitter_transect28,MPL-0171,G004,43.1,29.9,9.5,52.25,True,-13.200000000000003,13.200000000000003
S3_visual_GT2,spatial_knn_log1p,2,S3:HE419_MarLitter_transect32,MPL-0146,G004,19.7,18.70773249132666,9.5,52.25,True,-0.9922675086733399,0.9922675086733399
S3_visual_GT2,spatial_knn_log1p,2,S3:HE419_MarLitter_transect31,MPL-0148,G004,6.1,19.14532659602386,9.5,52.25,False,13.04532659602386,13.04532659602386
S3_visual_GT2,spatial_knn_log1p,2,S3:HE419_MarLitter_transect30,MPL-0158,G004,195.1,22.95544628631046,9.5,52.25,False,-172.14455371368953,172.14455371368953
S3_visual_GT2,spatial_knn_log1p,2,S3:HE419_MarLitter_transect29,MPL-0166,G004,17.3,27.96086276119006,9.5,52.25,True,10.66086276119006,10.66086276119006
S3_visual_GT2,spatial_knn_log1p,2,S3:HE419_MarLitter_transect28,MPL-0171,G004,43.1,28.950407527351743,9.5,52.25,True,-14.149592472648258,14.149592472648258
S3_visual_GT2,train_mean,3,S3:HE419_MarLitter_transect01,MPL-0001,G000,15.9,37.00833333333334,9.5,58.699999999999996,True,21.10833333333334,21.10833333333334
S3_visual_GT2,train_mean,3,S3:HE419_MarLitter_transect18,MPL-0085,G003,30.4,37.00833333333334,9.5,58.699999999999996,True,6.608333333333341,6.608333333333341
S3_visual_GT2,train_mean,3,S3:HE419_MarLitter_transect15,MPL-0087,G003,19.1,37.00833333333334,9.5,58.699999999999996,True,17.90833333333334,17.90833333333334
S3_visual_GT2,train_mean,3,S3:HE419_MarLitter_transect16,MPL-0092,G003,16.8,37.00833333333334,9.5,58.699999999999996,True,20.20833333333334,20.20833333333334
S3_visual_GT2,train_mean,3,S3:HE419_MarLitter_transect17,MPL-0094,G003,8.3,37.00833333333334,9.5,58.699999999999996,False,28.70833333333334,28.70833333333334
S3_visual_GT2,train_median,3,S3:HE419_MarLitter_transect01,MPL-0001,G000,15.9,30.4,9.5,58.699999999999996,True,14.499999999999998,14.499999999999998
S3_visual_GT2,train_median,3,S3:HE419_MarLitter_transect18,MPL-0085,G003,30.4,30.4,9.5,58.699999999999996,True,0.0,0.0
S3_visual_GT2,train_median,3,S3:HE419_MarLitter_transect15,MPL-0087,G003,19.1,30.4,9.5,58.699999999999996,True,11.299999999999997,11.299999999999997
S3_visual_GT2,train_median,3,S3:HE419_MarLitter_transect16,MPL-0092,G003,16.8,30.4,9.5,58.699999999999996,True,13.599999999999998,13.599999999999998
S3_visual_GT2,train_median,3,S3:HE419_MarLitter_transect17,MPL-0094,G003,8.3,30.4,9.5,58.699999999999996,False,22.099999999999998,22.099999999999998
S3_visual_GT2,spatial_knn_log1p,3,S3:HE419_MarLitter_transect01,MPL-0001,G000,15.9,13.24115256737185,9.5,58.699999999999996,True,-2.65884743262815,2.65884743262815
S3_visual_GT2,spatial_knn_log1p,3,S3:HE419_MarLitter_transect18,MPL-0085,G003,30.4,28.350952538556076,9.5,58.699999999999996,True,-2.049047461443923,2.049047461443923
S3_visual_GT2,spatial_knn_log1p,3,S3:HE419_MarLitter_transect15,MPL-0087,G003,19.1,28.702280061157644,9.5,58.699999999999996,True,9.602280061157643,9.602280061157643
S3_visual_GT2,spatial_knn_log1p,3,S3:HE419_MarLitter_transect16,MPL-0092,G003,16.8,28.703158817377414,9.5,58.699999999999996,True,11.903158817377413,11.903158817377413
S3_visual_GT2,spatial_knn_log1p,3,S3:HE419_MarLitter_transect17,MPL-0094,G003,8.3,28.581372148635452,9.5,58.699999999999996,False,20.28137214863545,20.28137214863545
S3_visual_GT2,train_mean,4,S3:HE419_MarLitter_transect02,MPL-0008,G001,36.4,34.64594594594595,8.78,57.35999999999998,True,-1.754054054054052,1.754054054054052
S3_visual_GT2,train_mean,4,S3:HE460_MarLitter_transect01,MPL-0779,G102,19.9,34.64594594594595,8.78,57.35999999999998,True,14.745945945945948,14.745945945945948
S3_visual_GT2,train_mean,4,S3:HE460_MarLitter_transect02,MPL-0787,G102,32.3,34.64594594594595,8.78,57.35999999999998,True,2.3459459459459495,2.3459459459459495
S3_visual_GT2,train_mean,4,S3:HE460_MarLitter_transect03,MPL-0798,G103,52.3,34.64594594594595,8.78,57.35999999999998,True,-17.65405405405405,17.65405405405405
S3_visual_GT2,train_median,4,S3:HE419_MarLitter_transect02,MPL-0008,G001,36.4,27.6,8.78,57.35999999999998,True,-8.799999999999997,8.799999999999997
S3_visual_GT2,train_median,4,S3:HE460_MarLitter_transect01,MPL-0779,G102,19.9,27.6,8.78,57.35999999999998,True,7.700000000000003,7.700000000000003
S3_visual_GT2,train_median,4,S3:HE460_MarLitter_transect02,MPL-0787,G102,32.3,27.6,8.78,57.35999999999998,True,-4.699999999999996,4.699999999999996
S3_visual_GT2,train_median,4,S3:HE460_MarLitter_transect03,MPL-0798,G103,52.3,27.6,8.78,57.35999999999998,True,-24.699999999999996,24.699999999999996
S3_visual_GT2,spatial_knn_log1p,4,S3:HE419_MarLitter_transect02,MPL-0008,G001,36.4,46.39247998944162,8.78,57.35999999999998,True,9.99247998944162,9.99247998944162
S3_visual_GT2,spatial_knn_log1p,4,S3:HE460_MarLitter_transect01,MPL-0779,G102,19.9,19.83016757530898,8.78,57.35999999999998,True,-0.06983242469101825,0.06983242469101825
S3_visual_GT2,spatial_knn_log1p,4,S3:HE460_MarLitter_transect02,MPL-0787,G102,32.3,20.758317290338574,8.78,57.35999999999998,True,-11.541682709661423,11.541682709661423
S3_visual_GT2,spatial_knn_log1p,4,S3:HE460_MarLitter_transect03,MPL-0798,G103,52.3,53.73906085955242,8.78,57.35999999999998,True,1.43906085955242,1.43906085955242
S4_visual_GT2_5,train_mean,0,S4:DOORS3:T10,MPL-0905,G105,256.07,288.0684,65.882,595.258,True,31.998400000000004,31.998400000000004
S4_visual_GT2_5,train_mean,0,S4:DOORS3:T9,MPL-0906,G105,164.29,288.0684,65.882,595.258,True,123.7784,123.7784
S4_visual_GT2_5,train_mean,0,S4:DOORS3:T8,MPL-0907,G105,217.98,288.0684,65.882,595.258,True,70.08840000000001,70.08840000000001
S4_visual_GT2_5,train_mean,0,S4:DOORS3:T7,MPL-0908,G105,131.17,288.0684,65.882,595.258,True,156.8984,156.8984
S4_visual_GT2_5,train_mean,0,S4:DOORS3:T6,MPL-0909,G105,268.24,288.0684,65.882,595.258,True,19.828399999999988,19.828399999999988
S4_visual_GT2_5,train_mean,0,S4:DOORS3:T5,MPL-0910,G105,389.72,288.0684,65.882,595.258,True,-101.65160000000003,101.65160000000003
S4_visual_GT2_5,train_mean,0,S4:DOORS3:T4,MPL-0911,G105,269.64,288.0684,65.882,595.258,True,18.42840000000001,18.42840000000001
S4_visual_GT2_5,train_mean,0,S4:DOORS3:T3,MPL-0912,G105,686.06,288.0684,65.882,595.258,False,-397.99159999999995,397.99159999999995
S4_visual_GT2_5,train_median,0,S4:DOORS3:T10,MPL-0905,G105,256.07,198.51,65.882,595.258,True,-57.56,57.56
S4_visual_GT2_5,train_median,0,S4:DOORS3:T9,MPL-0906,G105,164.29,198.51,65.882,595.258,True,34.22,34.22
S4_visual_GT2_5,train_median,0,S4:DOORS3:T8,MPL-0907,G105,217.98,198.51,65.882,595.258,True,-19.47,19.47
S4_visual_GT2_5,train_median,0,S4:DOORS3:T7,MPL-0908,G105,131.17,198.51,65.882,595.258,True,67.34,67.34
S4_visual_GT2_5,train_median,0,S4:DOORS3:T6,MPL-0909,G105,268.24,198.51,65.882,595.258,True,-69.73000000000002,69.73000000000002
S4_visual_GT2_5,train_median,0,S4:DOORS3:T5,MPL-0910,G105,389.72,198.51,65.882,595.258,True,-191.21000000000004,191.21000000000004
S4_visual_GT2_5,train_median,0,S4:DOORS3:T4,MPL-0911,G105,269.64,198.51,65.882,595.258,True,-71.13,71.13
S4_visual_GT2_5,train_median,0,S4:DOORS3:T3,MPL-0912,G105,686.06,198.51,65.882,595.258,False,-487.54999999999995,487.54999999999995
S4_visual_GT2_5,spatial_knn_log1p,0,S4:DOORS3:T10,MPL-0905,G105,256.07,169.1637909531662,65.882,595.258,True,-86.9062090468338,86.9062090468338
S4_visual_GT2_5,spatial_knn_log1p,0,S4:DOORS3:T9,MPL-0906,G105,164.29,181.37960660336145,65.882,595.258,True,17.08960660336146,17.08960660336146
S4_visual_GT2_5,spatial_knn_log1p,0,S4:DOORS3:T8,MPL-0907,G105,217.98,195.47987430065507,65.882,595.258,True,-22.50012569934492,22.50012569934492
S4_visual_GT2_5,spatial_knn_log1p,0,S4:DOORS3:T7,MPL-0908,G105,131.17,280.26004343672076,65.882,595.258,True,149.09004343672078,149.09004343672078
S4_visual_GT2_5,spatial_knn_log1p,0,S4:DOORS3:T6,MPL-0909,G105,268.24,290.9250696973397,65.882,595.258,True,22.685069697339713,22.685069697339713
S4_visual_GT2_5,spatial_knn_log1p,0,S4:DOORS3:T5,MPL-0910,G105,389.72,342.1986985308695,65.882,595.258,True,-47.52130146913055,47.52130146913055
S4_visual_GT2_5,spatial_knn_log1p,0,S4:DOORS3:T4,MPL-0911,G105,269.64,343.7258419934271,65.882,595.258,True,74.0858419934271,74.0858419934271
S4_visual_GT2_5,spatial_knn_log1p,0,S4:DOORS3:T3,MPL-0912,G105,686.06,344.63679421004247,65.882,595.258,False,-341.4232057899575,341.4232057899575
S4_visual_GT2_5,train_mean,1,S4:DOORS3:T17,MPL-0913,G106,89.61,339.9526923076923,94.16499999999999,643.275,False,250.3426923076923,250.3426923076923
S4_visual_GT2_5,train_mean,1,S4:DOORS3:T16,MPL-0914,G106,64.91,339.9526923076923,94.16499999999999,643.275,False,275.0426923076923,275.0426923076923
S4_visual_GT2_5,train_mean,1,S4:DOORS3:T15,MPL-0915,G106,127.14,339.9526923076923,94.16499999999999,643.275,True,212.81269230769232,212.81269230769232
S4_visual_GT2_5,train_mean,1,S4:DOORS3:T14,MPL-0916,G106,89.39,339.9526923076923,94.16499999999999,643.275,False,250.56269230769232,250.56269230769232
S4_visual_GT2_5,train_mean,1,S4:DOORS3:T13,MPL-0917,G106,263.57,339.9526923076923,94.16499999999999,643.275,True,76.38269230769231,76.38269230769231
S4_visual_GT2_5,train_mean,1,S4:DOORS3:T12,MPL-0918,G106,48.97,339.9526923076923,94.16499999999999,643.275,False,290.98269230769233,290.98269230769233
S4_visual_GT2_5,train_mean,1,S4:DOORS3:T11,MPL-0919,G106,62.52,339.9526923076923,94.16499999999999,643.275,False,277.4326923076923,277.4326923076923
S4_visual_GT2_5,train_median,1,S4:DOORS3:T17,MPL-0913,G106,89.61,268.94,94.16499999999999,643.275,False,179.32999999999998,179.32999999999998
S4_visual_GT2_5,train_median,1,S4:DOORS3:T16,MPL-0914,G106,64.91,268.94,94.16499999999999,643.275,False,204.03,204.03
S4_visual_GT2_5,train_median,1,S4:DOORS3:T15,MPL-0915,G106,127.14,268.94,94.16499999999999,643.275,True,141.8,141.8
S4_visual_GT2_5,train_median,1,S4:DOORS3:T14,MPL-0916,G106,89.39,268.94,94.16499999999999,643.275,False,179.55,179.55
S4_visual_GT2_5,train_median,1,S4:DOORS3:T13,MPL-0917,G106,263.57,268.94,94.16499999999999,643.275,True,5.3700000000000045,5.3700000000000045
S4_visual_GT2_5,train_median,1,S4:DOORS3:T12,MPL-0918,G106,48.97,268.94,94.16499999999999,643.275,False,219.97,219.97
S4_visual_GT2_5,train_median,1,S4:DOORS3:T11,MPL-0919,G106,62.52,268.94,94.16499999999999,643.275,False,206.42,206.42
S4_visual_GT2_5,spatial_knn_log1p,1,S4:DOORS3:T17,MPL-0913,G106,89.61,113.17882887819245,94.16499999999999,643.275,False,23.56882887819245,23.56882887819245
S4_visual_GT2_5,spatial_knn_log1p,1,S4:DOORS3:T16,MPL-0914,G106,64.91,125.65037115774356,94.16499999999999,643.275,False,60.74037115774357,60.74037115774357
S4_visual_GT2_5,spatial_knn_log1p,1,S4:DOORS3:T15,MPL-0915,G106,127.14,133.69399440750337,94.16499999999999,643.275,True,6.553994407503367,6.553994407503367
S4_visual_GT2_5,spatial_knn_log1p,1,S4:DOORS3:T14,MPL-0916,G106,89.39,138.53503520873093,94.16499999999999,643.275,False,49.14503520873093,49.14503520873093
S4_visual_GT2_5,spatial_knn_log1p,1,S4:DOORS3:T13,MPL-0917,G106,263.57,152.856101957909,94.16499999999999,643.275,True,-110.71389804209099,110.71389804209099
S4_visual_GT2_5,spatial_knn_log1p,1,S4:DOORS3:T12,MPL-0918,G106,48.97,169.60812484231778,94.16499999999999,643.275,False,120.63812484231778,120.63812484231778
S4_visual_GT2_5,spatial_knn_log1p,1,S4:DOORS3:T11,MPL-0919,G106,62.52,152.87904094099272,94.16499999999999,643.275,False,90.35904094099271,90.35904094099271
S4_visual_GT2_5,train_mean,2,S4:DOORS3:T2,MPL-0903,G104,439.84,239.24259259259256,66.368,451.70800000000037,True,-200.59740740740742,200.59740740740742
S4_visual_GT2_5,train_mean,2,S4:DOORS3:T1,MPL-0904,G104,192.54,239.24259259259256,66.368,451.70800000000037,True,46.702592592592566,46.702592592592566
S4_visual_GT2_5,train_mean,2,S4:DOORS3:T22,MPL-0924,G108,814.08,239.24259259259256,66.368,451.70800000000037,False,-574.8374074074075,574.8374074074075
S4_visual_GT2_5,train_mean,2,S4:DOORS3:T24,MPL-0925,G108,600.49,239.24259259259256,66.368,451.70800000000037,False,-361.2474074074074,361.2474074074074
S4_visual_GT2_5,train_mean,2,S4:DOORS3:T23,MPL-0926,G108,102.37,239.24259259259256,66.368,451.70800000000037,True,136.87259259259255,136.87259259259255
S4_visual_GT2_5,train_mean,2,S4:DOORS3:T25,MPL-0927,G108,976.01,239.24259259259256,66.368,451.70800000000037,False,-736.7674074074074,736.7674074074074
S4_visual_GT2_5,train_median,2,S4:DOORS3:T2,MPL-0903,G104,439.84,217.98,66.368,451.70800000000037,True,-221.85999999999999,221.85999999999999
S4_visual_GT2_5,train_median,2,S4:DOORS3:T1,MPL-0904,G104,192.54,217.98,66.368,451.70800000000037,True,25.439999999999998,25.439999999999998
S4_visual_GT2_5,train_median,2,S4:DOORS3:T22,MPL-0924,G108,814.08,217.98,66.368,451.70800000000037,False,-596.1,596.1
S4_visual_GT2_5,train_median,2,S4:DOORS3:T24,MPL-0925,G108,600.49,217.98,66.368,451.70800000000037,False,-382.51,382.51
S4_visual_GT2_5,train_median,2,S4:DOORS3:T23,MPL-0926,G108,102.37,217.98,66.368,451.70800000000037,True,115.60999999999999,115.60999999999999
S4_visual_GT2_5,train_median,2,S4:DOORS3:T25,MPL-0927,G108,976.01,217.98,66.368,451.70800000000037,False,-758.03,758.03
S4_visual_GT2_5,spatial_knn_log1p,2,S4:DOORS3:T2,MPL-0903,G104,439.84,364.7398247221738,66.368,451.70800000000037,True,-75.10017527782617,75.10017527782617
S4_visual_GT2_5,spatial_knn_log1p,2,S4:DOORS3:T1,MPL-0904,G104,192.54,361.70253043268997,66.368,451.70800000000037,True,169.16253043268998,169.16253043268998
S4_visual_GT2_5,spatial_knn_log1p,2,S4:DOORS3:T22,MPL-0924,G108,814.08,203.13572062709832,66.368,451.70800000000037,False,-610.9442793729017,610.9442793729017
S4_visual_GT2_5,spatial_knn_log1p,2,S4:DOORS3:T24,MPL-0925,G108,600.49,202.89118633423078,66.368,451.70800000000037,False,-397.5988136657692,397.5988136657692
S4_visual_GT2_5,spatial_knn_log1p,2,S4:DOORS3:T23,MPL-0926,G108,102.37,201.3450461605155,66.368,451.70800000000037,True,98.97504616051549,98.97504616051549
S4_visual_GT2_5,spatial_knn_log1p,2,S4:DOORS3:T25,MPL-0927,G108,976.01,200.0284601797981,66.368,451.70800000000037,False,-775.9815398202019,775.9815398202019
S4_visual_GT2_5,train_mean,3,S4:DOORS3:T19,MPL-0920,G107,544.69,295.27296296296294,77.378,634.7180000000002,True,-249.41703703703712,249.41703703703712
S4_visual_GT2_5,train_mean,3,S4:DOORS3:T18,MPL-0921,G107,348.74,295.27296296296294,77.378,634.7180000000002,True,-53.46703703703707,53.46703703703707
S4_visual_GT2_5,train_mean,3,S4:DOORS3:T21,MPL-0922,G107,67.34,295.27296296296294,77.378,634.7180000000002,False,227.93296296296293,227.93296296296293
S4_visual_GT2_5,train_mean,3,S4:DOORS3:T20,MPL-0923,G107,224.92,295.27296296296294,77.378,634.7180000000002,True,70.35296296296295,70.35296296296295
S4_visual_GT2_5,train_mean,3,S4:DOORS3:T29,MPL-0931,G110,85.96,295.27296296296294,77.378,634.7180000000002,True,209.31296296296296,209.31296296296296
S4_visual_GT2_5,train_mean,3,S4:DOORS3:T33,MPL-0935,G112,340.86,295.27296296296294,77.378,634.7180000000002,True,-45.58703703703708,45.58703703703708
S4_visual_GT2_5,train_median,3,S4:DOORS3:T19,MPL-0920,G107,544.69,217.98,77.378,634.7180000000002,True,-326.71000000000004,326.71000000000004
S4_visual_GT2_5,train_median,3,S4:DOORS3:T18,MPL-0921,G107,348.74,217.98,77.378,634.7180000000002,True,-130.76000000000002,130.76000000000002
S4_visual_GT2_5,train_median,3,S4:DOORS3:T21,MPL-0922,G107,67.34,217.98,77.378,634.7180000000002,False,150.64,150.64
S4_visual_GT2_5,train_median,3,S4:DOORS3:T20,MPL-0923,G107,224.92,217.98,77.378,634.7180000000002,True,-6.939999999999998,6.939999999999998
S4_visual_GT2_5,train_median,3,S4:DOORS3:T29,MPL-0931,G110,85.96,217.98,77.378,634.7180000000002,True,132.01999999999998,132.01999999999998
S4_visual_GT2_5,train_median,3,S4:DOORS3:T33,MPL-0935,G112,340.86,217.98,77.378,634.7180000000002,True,-122.88000000000002,122.88000000000002
S4_visual_GT2_5,spatial_knn_log1p,3,S4:DOORS3:T19,MPL-0920,G107,544.69,252.28348105496627,77.378,634.7180000000002,True,-292.4065189450338,292.4065189450338
S4_visual_GT2_5,spatial_knn_log1p,3,S4:DOORS3:T18,MPL-0921,G107,348.74,146.40121897952812,77.378,634.7180000000002,True,-202.33878102047188,202.33878102047188
S4_visual_GT2_5,spatial_knn_log1p,3,S4:DOORS3:T21,MPL-0922,G107,67.34,350.2833612191199,77.378,634.7180000000002,False,282.9433612191199,282.9433612191199
S4_visual_GT2_5,spatial_knn_log1p,3,S4:DOORS3:T20,MPL-0923,G107,224.92,391.319709989649,77.378,634.7180000000002,True,166.39970998964904,166.39970998964904
S4_visual_GT2_5,spatial_knn_log1p,3,S4:DOORS3:T29,MPL-0931,G110,85.96,96.74989707462143,77.378,634.7180000000002,True,10.789897074621436,10.789897074621436
S4_visual_GT2_5,spatial_knn_log1p,3,S4:DOORS3:T33,MPL-0935,G112,340.86,291.6618333458972,77.378,634.7180000000002,True,-49.198166654102806,49.198166654102806
S4_visual_GT2_5,train_mean,4,S4:DOORS3:T26,MPL-0928,G109,85.69,291.3748148148148,66.368,634.7180000000002,True,205.68481481481479,205.68481481481479
S4_visual_GT2_5,train_mean,4,S4:DOORS3:T27,MPL-0929,G109,144.3,291.3748148148148,66.368,634.7180000000002,True,147.07481481481477,147.07481481481477
S4_visual_GT2_5,train_mean,4,S4:DOORS3:T28,MPL-0930,G109,356.56,291.3748148148148,66.368,634.7180000000002,True,-65.18518518518522,65.18518518518522
S4_visual_GT2_5,train_mean,4,S4:DOORS3:T32,MPL-0932,G111,198.51,291.3748148148148,66.368,634.7180000000002,True,92.86481481481479,92.86481481481479
S4_visual_GT2_5,train_mean,4,S4:DOORS3:T31,MPL-0933,G111,345.29,291.3748148148148,66.368,634.7180000000002,True,-53.91518518518524,53.91518518518524
S4_visual_GT2_5,train_mean,4,S4:DOORS3:T30,MPL-0934,G111,587.41,291.3748148148148,66.368,634.7180000000002,True,-296.0351851851852,296.0351851851852
S4_visual_GT2_5,train_median,4,S4:DOORS3:T26,MPL-0928,G109,85.69,224.92,66.368,634.7180000000002,True,139.23,139.23
S4_visual_GT2_5,train_median,4,S4:DOORS3:T27,MPL-0929,G109,144.3,224.92,66.368,634.7180000000002,True,80.61999999999998,80.61999999999998
S4_visual_GT2_5,train_median,4,S4:DOORS3:T28,MPL-0930,G109,356.56,224.92,66.368,634.7180000000002,True,-131.64000000000001,131.64000000000001
S4_visual_GT2_5,train_median,4,S4:DOORS3:T32,MPL-0932,G111,198.51,224.92,66.368,634.7180000000002,True,26.409999999999997,26.409999999999997
S4_visual_GT2_5,train_median,4,S4:DOORS3:T31,MPL-0933,G111,345.29,224.92,66.368,634.7180000000002,True,-120.37000000000003,120.37000000000003
S4_visual_GT2_5,train_median,4,S4:DOORS3:T30,MPL-0934,G111,587.41,224.92,66.368,634.7180000000002,True,-362.49,362.49
S4_visual_GT2_5,spatial_knn_log1p,4,S4:DOORS3:T26,MPL-0928,G109,85.69,343.98461711475875,66.368,634.7180000000002,True,258.29461711475875,258.29461711475875
S4_visual_GT2_5,spatial_knn_log1p,4,S4:DOORS3:T27,MPL-0929,G109,144.3,320.68732969358365,66.368,634.7180000000002,True,176.38732969358364,176.38732969358364
S4_visual_GT2_5,spatial_knn_log1p,4,S4:DOORS3:T28,MPL-0930,G109,356.56,314.28822702697397,66.368,634.7180000000002,True,-42.27177297302603,42.27177297302603
S4_visual_GT2_5,spatial_knn_log1p,4,S4:DOORS3:T32,MPL-0932,G111,198.51,367.69103832539054,66.368,634.7180000000002,True,169.18103832539055,169.18103832539055
S4_visual_GT2_5,spatial_knn_log1p,4,S4:DOORS3:T31,MPL-0933,G111,345.29,393.8294175520041,66.368,634.7180000000002,True,48.53941755200407,48.53941755200407
S4_visual_GT2_5,spatial_knn_log1p,4,S4:DOORS3:T30,MPL-0934,G111,587.41,327.1981056794316,66.368,634.7180000000002,True,-260.2118943205684,260.2118943205684
