patch_index,patch_id,scene_id,date,tile,crop,image_path,label_path,confidence_path,original_split,longitude,latitude,crs,resolution_x,resolution_y,bands,dtype,nodata,scales,offsets,left,bottom,right,top,pixels,annotated_pixels,valid_image_pixels,usable_pixels,invalid_annotated_pixels,labelled_without_confidence,confidence_without_label,negative_band_values,above_one_band_values,nonfinite_band_values,image_sha256,label_sha256,confidence_sha256,class_0,class_1,class_2,class_3,class_4,class_5,class_6,class_7,class_8,class_9,class_10,class_11,class_12,class_13,class_14,class_15
0,1-12-19_48MYU_0,1-12-19_48MYU,2019-12-01,48MYU,0,patches/S2_1-12-19_48MYU/S2_1-12-19_48MYU_0.tif,patches/S2_1-12-19_48MYU/S2_1-12-19_48MYU_0_cl.tif,patches/S2_1-12-19_48MYU/S2_1-12-19_48MYU_0_conf.tif,train,106.87921970868769,-5.970694295632106,EPSG:32748,10.0,10.0,11,float32,,"(1.0, 1.0, 1.0, 1.0, 1.0, 1.0, 1.0, 1.0, 1.0, 1.0, 1.0)","(0.0, 0.0, 0.0, 0.0, 0.0, 0.0, 0.0, 0.0, 0.0, 0.0, 0.0)",706740.0,9338400.0,709300.0,9340960.0,65536,529,65536,529,0,0,0,0,0,0,3f5a17491e58014e0adaa68036008a7226c4dbba7fbf2c5a9d282bd2b0705f43,18f37e0d9d6e7e91881973cad17446f360ea42556b8888d9b836c281d9d5cb8a,3dc6966a1579b4185e60161fab1ab76ac14f38e0137c7f6af30f90e4251fbc33,65007,0,0,0,0,96,0,83,0,0,0,0,0,0,350,0
1,1-12-19_48MYU_1,1-12-19_48MYU,2019-12-01,48MYU,1,patches/S2_1-12-19_48MYU/S2_1-12-19_48MYU_1.tif,patches/S2_1-12-19_48MYU/S2_1-12-19_48MYU_1_cl.tif,patches/S2_1-12-19_48MYU/S2_1-12-19_48MYU_1_conf.tif,train,106.90233774934143,-5.9706148140941675,EPSG:32748,10.0,10.0,11,float32,,"(1.0, 1.0, 1.0, 1.0, 1.0, 1.0, 1.0, 1.0, 1.0, 1.0, 1.0)","(0.0, 0.0, 0.0, 0.0, 0.0, 0.0, 0.0, 0.0, 0.0, 0.0, 0.0)",709300.0,9338400.0,711860.0,9340960.0,65536,34,65536,34,0,0,0,0,0,0,41833a9ba5e8325cbab0745ad7c15b9553ae78b511cb8c5a95be948a15ca6f3f,e48f58b149a4ac947586886b14e7046f4f89d9dc43e2946ea79a940ab7f7ebf4,51538d7a21f510fc17f6bcc7945c1ce12b270bd591ff8336817a307cafe45435,65502,0,0,0,0,0,0,34,0,0,0,0,0,0,0,0
2,1-12-19_48MYU_2,1-12-19_48MYU,2019-12-01,48MYU,2,patches/S2_1-12-19_48MYU/S2_1-12-19_48MYU_2.tif,patches/S2_1-12-19_48MYU/S2_1-12-19_48MYU_2_cl.tif,patches/S2_1-12-19_48MYU/S2_1-12-19_48MYU_2_conf.tif,train,106.90241777738264,-5.993760562759735,EPSG:32748,10.0,10.0,11,float32,,"(1.0, 1.0, 1.0, 1.0, 1.0, 1.0, 1.0, 1.0, 1.0, 1.0, 1.0)","(0.0, 0.0, 0.0, 0.0, 0.0, 0.0, 0.0, 0.0, 0.0, 0.0, 0.0)",709300.0,9335840.0,711860.0,9338400.0,65536,33,65536,33,0,0,0,0,0,0,c3b5961c0455101885beca49c568200ac45c7093f534eb38f4c0376e2c9235b9,07dec4e047d246a605b420d2c55d7feafaed5727ae54293e946f4a7c3b753493,e5e3b1771f58ee1fe5c12f075d1f51493f1028215ce725e9c1e34257a9e1fdac,65503,7,0,0,0,8,0,18,0,0,0,0,0,0,0,0
3,1-12-19_48MYU_3,1-12-19_48MYU,2019-12-01,48MYU,3,patches/S2_1-12-19_48MYU/S2_1-12-19_48MYU_3.tif,patches/S2_1-12-19_48MYU/S2_1-12-19_48MYU_3_cl.tif,patches/S2_1-12-19_48MYU/S2_1-12-19_48MYU_3_conf.tif,train,106.90249812069858,-6.016906290854227,EPSG:32748,10.0,10.0,11,float32,,"(1.0, 1.0, 1.0, 1.0, 1.0, 1.0, 1.0, 1.0, 1.0, 1.0, 1.0)","(0.0, 0.0, 0.0, 0.0, 0.0, 0.0, 0.0, 0.0, 0.0, 0.0, 0.0)",709300.0,9333280.0,711860.0,9335840.0,65536,408,65536,408,0,0,0,0,0,0,e67e38e191c8845710d017e52b8e47a6ebcc193e5b300aa7c6d91edff4ccd9e7,48e8cabac03d297a6baa31ded1f738c72b0b453bffa8c835690f7cfc5674ba62,5d81ea8b86a7f383bdc6c5069093cc1ba93fbdce743fb8df4e96c5e6e4aadda5,65128,4,0,0,0,75,0,68,0,0,0,0,0,0,261,0
4,11-1-19_19QDA_0,11-1-19_19QDA,2019-01-11,19QDA,0,patches/S2_11-1-19_19QDA/S2_11-1-19_19QDA_0.tif,patches/S2_11-1-19_19QDA/S2_11-1-19_19QDA_0_cl.tif,patches/S2_11-1-19_19QDA/S2_11-1-19_19QDA_0_conf.tif,train,-69.91072559973789,18.427633974320905,EPSG:32619,10.0,10.0,11,float32,,"(1.0, 1.0, 1.0, 1.0, 1.0, 1.0, 1.0, 1.0, 1.0, 1.0, 1.0)","(0.0, 0.0, 0.0, 0.0, 0.0, 0.0, 0.0, 0.0, 0.0, 0.0, 0.0)",402540.0,2036460.0,405100.0,2039020.0,65536,20,65536,20,0,0,0,0,0,0,9117741b1bd6fba7ca851abc4e25ab0b75fb8577fd705eab215a371c91850d7c,f056a4cc48638a4c34754df423d94071cb6cef70496519c9b93eb8f3b1756953,7ba0f92ba876fb1bf296cf2440f04743e7949e546c27bf2e1459c9c20f1a3d6f,65516,0,0,0,0,11,0,9,0,0,0,0,0,0,0,0
5,11-1-19_19QDA_1,11-1-19_19QDA,2019-01-11,19QDA,1,patches/S2_11-1-19_19QDA/S2_11-1-19_19QDA_1.tif,patches/S2_11-1-19_19QDA/S2_11-1-19_19QDA_1_cl.tif,patches/S2_11-1-19_19QDA/S2_11-1-19_19QDA_1_conf.tif,train,-69.88672466685989,18.474018771781587,EPSG:32619,10.0,10.0,11,float32,,"(1.0, 1.0, 1.0, 1.0, 1.0, 1.0, 1.0, 1.0, 1.0, 1.0, 1.0)","(0.0, 0.0, 0.0, 0.0, 0.0, 0.0, 0.0, 0.0, 0.0, 0.0, 0.0)",405100.0,2041580.0,407660.0,2044140.0,65536,48,65536,48,0,0,0,0,4,0,cda4626ab4c4927fe980b3a028874a2897850e91d865e99de5d8100a9e595e62,3a6f7a7712b946cc7210adcefd17c9e38487d07941fdae50e049b415b3f93aad,2694b1e299b0815d39f9332e9e930fbf20c8994048c7bc4f1871c7873785437c,65488,0,0,0,3,0,0,0,0,0,5,40,0,0,0,0
6,11-1-19_19QDA_2,11-1-19_19QDA,2019-01-11,19QDA,2,patches/S2_11-1-19_19QDA/S2_11-1-19_19QDA_2.tif,patches/S2_11-1-19_19QDA/S2_11-1-19_19QDA_2_cl.tif,patches/S2_11-1-19_19QDA/S2_11-1-19_19QDA_2_conf.tif,train,-69.88648720217337,18.427748680813725,EPSG:32619,10.0,10.0,11,float32,,"(1.0, 1.0, 1.0, 1.0, 1.0, 1.0, 1.0, 1.0, 1.0, 1.0, 1.0)","(0.0, 0.0, 0.0, 0.0, 0.0, 0.0, 0.0, 0.0, 0.0, 0.0, 0.0)",405100.0,2036460.0,407660.0,2039020.0,65536,30,65536,30,0,0,0,0,0,0,a721383b58d0a8bc9fbf0fe5958711fef6b21e1de4b68702592b4050a68b6104,71a3521618b51ac8295a006e3776cdbdcd3f72dad0bfecc246a576def2d74bf1,6327ab36aaf632a2f0dc099c864dc99ce55e0adf43d02cf8a27352397872f34d,65506,0,0,10,0,0,0,20,0,0,0,0,0,0,0,0
7,11-1-19_19QDA_3,11-1-19_19QDA,2019-01-11,19QDA,3,patches/S2_11-1-19_19QDA/S2_11-1-19_19QDA_3.tif,patches/S2_11-1-19_19QDA/S2_11-1-19_19QDA_3_cl.tif,patches/S2_11-1-19_19QDA/S2_11-1-19_19QDA_3_conf.tif,train,-69.86224862922613,18.427860294180228,EPSG:32619,10.0,10.0,11,float32,,"(1.0, 1.0, 1.0, 1.0, 1.0, 1.0, 1.0, 1.0, 1.0, 1.0, 1.0)","(0.0, 0.0, 0.0, 0.0, 0.0, 0.0, 0.0, 0.0, 0.0, 0.0, 0.0)",407660.0,2036460.0,410220.0,2039020.0,65536,5,65536,5,0,0,0,0,0,0,bc762ee61d3763e1465c74463d08cb5e8e1d46efbff5a196a7a27ecbe662f292,e1b4a1be9c70fdc3b027c4bc3efb7cb4f5f42510e4555d1005541fe66f0c87b5,eeeddf7746a9dbd8f6da209c5c17aee5a531f2adc88096b432d177be78c38f01,65531,0,0,5,0,0,0,0,0,0,0,0,0,0,0,0
8,11-1-19_19QDA_4,11-1-19_19QDA,2019-01-11,19QDA,4,patches/S2_11-1-19_19QDA/S2_11-1-19_19QDA_4.tif,patches/S2_11-1-19_19QDA/S2_11-1-19_19QDA_4_cl.tif,patches/S2_11-1-19_19QDA/S2_11-1-19_19QDA_4_conf.tif,train,-69.8380098856897,18.427968814324537,EPSG:32619,10.0,10.0,11,float32,,"(1.0, 1.0, 1.0, 1.0, 1.0, 1.0, 1.0, 1.0, 1.0, 1.0, 1.0)","(0.0, 0.0, 0.0, 0.0, 0.0, 0.0, 0.0, 0.0, 0.0, 0.0, 0.0)",410220.0,2036460.0,412780.0,2039020.0,65536,87,65536,87,0,0,0,0,0,0,d85fc84fbb669f8faa4a4da1e55139223bb3783ab6c582217e856c96340cc5b5,e41c0e967e689307f07df6ad1557c69837aa2e201b269aeb3986567e1d169e83,954fc1abf5f866ece7588e9aaf4a4140e6f0fa155bdce8e2b57bf823b030adec,65449,0,0,6,0,0,0,81,0,0,0,0,0,0,0,0
9,11-6-18_16PCC_0,11-6-18_16PCC,2018-06-11,16PCC,0,patches/S2_11-6-18_16PCC/S2_11-6-18_16PCC_0.tif,patches/S2_11-6-18_16PCC/S2_11-6-18_16PCC_0_cl.tif,patches/S2_11-6-18_16PCC/S2_11-6-18_16PCC_0_conf.tif,val,-88.63251170603634,16.005951331741358,EPSG:32616,10.0,10.0,11,float32,,"(1.0, 1.0, 1.0, 1.0, 1.0, 1.0, 1.0, 1.0, 1.0, 1.0, 1.0)","(0.0, 0.0, 0.0, 0.0, 0.0, 0.0, 0.0, 0.0, 0.0, 0.0, 0.0)",324040.0,1769000.0,326600.0,1771560.0,65536,134,65536,134,0,0,0,0,0,0,58a787b6551d7351da8aff2252adfe9cf238555d0e4a8b53b1b984f74b4d4aa8,c803799691e92c43a5ca7c095015e9def102dec895e6ccf406b9c5672a8a997e,b7d8bb999b346755642bc4ef404d7a4eb271d71c0386e35bb3b7779096abd53f,65402,0,0,0,0,65,0,42,0,0,0,0,0,0,27,0
10,11-6-18_16PCC_1,11-6-18_16PCC,2018-06-11,16PCC,1,patches/S2_11-6-18_16PCC/S2_11-6-18_16PCC_1.tif,patches/S2_11-6-18_16PCC/S2_11-6-18_16PCC_1_cl.tif,patches/S2_11-6-18_16PCC/S2_11-6-18_16PCC_1_conf.tif,val,-88.63046269017276,15.751474265016585,EPSG:32616,10.0,10.0,11,float32,,"(1.0, 1.0, 1.0, 1.0, 1.0, 1.0, 1.0, 1.0, 1.0, 1.0, 1.0)","(0.0, 0.0, 0.0, 0.0, 0.0, 0.0, 0.0, 0.0, 0.0, 0.0, 0.0)",324040.0,1740840.0,326600.0,1743400.0,65536,31,65536,31,0,0,0,0,0,0,4610320fc35725eb2c358ab6e1392462dba00f05ef63e969bb482eaedc7a3e12,cf72e12e400eb3821b345c981de186fd9e1cce65d5574b26dd4378367fbefce2,eb8089bf6fc6c2e1144916db609d9794a9474c3130389b7e1283555509243abb,65505,0,0,0,0,4,0,0,0,0,12,0,0,0,15,0
11,11-6-18_16PCC_10,11-6-18_16PCC,2018-06-11,16PCC,10,patches/S2_11-6-18_16PCC/S2_11-6-18_16PCC_10.tif,patches/S2_11-6-18_16PCC/S2_11-6-18_16PCC_10_cl.tif,patches/S2_11-6-18_16PCC/S2_11-6-18_16PCC_10_conf.tif,val,-88.46457314125573,15.93775102404086,EPSG:32616,10.0,10.0,11,float32,,"(1.0, 1.0, 1.0, 1.0, 1.0, 1.0, 1.0, 1.0, 1.0, 1.0, 1.0)","(0.0, 0.0, 0.0, 0.0, 0.0, 0.0, 0.0, 0.0, 0.0, 0.0, 0.0)",341960.0,1761320.0,344520.0,1763880.0,65536,11,65536,11,0,0,0,0,0,0,da5a28bacba08a34e4499b936627477e891d07a569c75c54112703ba4c1005d3,5a817603be1e0dc150f5fb190f08b1dc77b3022ae836f51d2545d3908f413dfa,f3149ecd218a0aa9f5c7f10a4bbb597726d1a77bdf56a7a07f87ea19985b7226,65525,2,0,0,0,0,0,0,0,0,9,0,0,0,0,0
12,11-6-18_16PCC_11,11-6-18_16PCC,2018-06-11,16PCC,11,patches/S2_11-6-18_16PCC/S2_11-6-18_16PCC_11.tif,patches/S2_11-6-18_16PCC/S2_11-6-18_16PCC_11_cl.tif,patches/S2_11-6-18_16PCC/S2_11-6-18_16PCC_11_conf.tif,val,-88.44115776911899,16.007320588753714,EPSG:32616,10.0,10.0,11,float32,,"(1.0, 1.0, 1.0, 1.0, 1.0, 1.0, 1.0, 1.0, 1.0, 1.0, 1.0)","(0.0, 0.0, 0.0, 0.0, 0.0, 0.0, 0.0, 0.0, 0.0, 0.0, 0.0)",344520.0,1769000.0,347080.0,1771560.0,65536,1997,65536,1997,0,0,0,0,0,0,301839d39e6184c3cefa6cc05cbb6bd5158fde5f8d75e47e02fbe3ef0ed4450f,9ec0a0687f9b56d28a13028c05072eb9ceddf3f4b38b61a78b7a2c27e23d8613,0c8559617de0abb3f859210ee28888216c00759565424e0a3be167ba8ed6c04d,63539,0,0,0,0,0,1564,6,0,0,0,0,0,427,0,0
13,11-6-18_16PCC_12,11-6-18_16PCC,2018-06-11,16PCC,12,patches/S2_11-6-18_16PCC/S2_11-6-18_16PCC_12.tif,patches/S2_11-6-18_16PCC/S2_11-6-18_16PCC_12_cl.tif,patches/S2_11-6-18_16PCC/S2_11-6-18_16PCC_12_conf.tif,val,-88.39315616109099,15.984499703038972,EPSG:32616,10.0,10.0,11,float32,,"(1.0, 1.0, 1.0, 1.0, 1.0, 1.0, 1.0, 1.0, 1.0, 1.0, 1.0)","(0.0, 0.0, 0.0, 0.0, 0.0, 0.0, 0.0, 0.0, 0.0, 0.0, 0.0)",349640.0,1766440.0,352200.0,1769000.0,65536,2426,65536,2426,0,0,0,0,0,0,29a0a7c85d72136c2b975100af5791a47273aac01be3858bd8197598b2e010bd,80387ad4241b3f0bac7737811fce5f34887adfe6675d48464a600632ce13f3ef,414c792557ae598bd622c241db502665062d7c17f9a145c0c1242bb90b125022,63110,0,0,0,0,0,2248,0,0,0,0,0,0,178,0,0
14,11-6-18_16PCC_13,11-6-18_16PCC,2018-06-11,16PCC,13,patches/S2_11-6-18_16PCC/S2_11-6-18_16PCC_13.tif,patches/S2_11-6-18_16PCC/S2_11-6-18_16PCC_13_cl.tif,patches/S2_11-6-18_16PCC/S2_11-6-18_16PCC_13_conf.tif,val,-88.39299610800119,15.961363069400441,EPSG:32616,10.0,10.0,11,float32,,"(1.0, 1.0, 1.0, 1.0, 1.0, 1.0, 1.0, 1.0, 1.0, 1.0, 1.0)","(0.0, 0.0, 0.0, 0.0, 0.0, 0.0, 0.0, 0.0, 0.0, 0.0, 0.0)",349640.0,1763880.0,352200.0,1766440.0,65536,172,65536,172,0,0,0,0,0,0,6a794237f626eab461dfa2facd7ce6ed0fc337c4694867c1ee6855d8a1265d20,cfe23749fd22b87c668db127cf0d6f8c34f4b80b16d9cb50a6943ed2a4228252,ee05091545713832e11e7b3960d05d7702dc602e63017ae30da5b8431c19c813,65364,3,0,0,0,0,167,1,0,0,0,0,0,0,0,1
15,11-6-18_16PCC_14,11-6-18_16PCC,2018-06-11,16PCC,14,patches/S2_11-6-18_16PCC/S2_11-6-18_16PCC_14.tif,patches/S2_11-6-18_16PCC/S2_11-6-18_16PCC_14_cl.tif,patches/S2_11-6-18_16PCC/S2_11-6-18_16PCC_14_conf.tif,val,-88.36923786876959,15.98465332406219,EPSG:32616,10.0,10.0,11,float32,,"(1.0, 1.0, 1.0, 1.0, 1.0, 1.0, 1.0, 1.0, 1.0, 1.0, 1.0)","(0.0, 0.0, 0.0, 0.0, 0.0, 0.0, 0.0, 0.0, 0.0, 0.0, 0.0)",352200.0,1766440.0,354760.0,1769000.0,65536,820,65536,820,0,0,0,0,0,0,e6ab71d17118725d7f233e02070f0ec996e4f3b2e389c64d1f72d513b73c6955,d7a13962debf4b3a67def4e2aa34337080fbd2da7373900165854d276ee32e78,5dd20ad052aaf11ef21f644b31d670b37d6a246462f00fb7f4d99dc72459c4a4,64716,0,0,0,0,0,761,16,0,0,0,0,43,0,0,0
16,11-6-18_16PCC_15,11-6-18_16PCC,2018-06-11,16PCC,15,patches/S2_11-6-18_16PCC/S2_11-6-18_16PCC_15.tif,patches/S2_11-6-18_16PCC/S2_11-6-18_16PCC_15_cl.tif,patches/S2_11-6-18_16PCC/S2_11-6-18_16PCC_15_conf.tif,val,-88.36908056142813,15.961516456561286,EPSG:32616,10.0,10.0,11,float32,,"(1.0, 1.0, 1.0, 1.0, 1.0, 1.0, 1.0, 1.0, 1.0, 1.0, 1.0)","(0.0, 0.0, 0.0, 0.0, 0.0, 0.0, 0.0, 0.0, 0.0, 0.0, 0.0)",352200.0,1763880.0,354760.0,1766440.0,65536,24,65536,24,0,0,0,0,0,0,7eb63a620dafa4857ebd8db42d5c4265ea3e0b0fd7206c75f6d2f29cf3d97ff1,6a9a4e6fa5dd3d811d4687f470f2cc38148d8764ccaaf04c1ee1b0adabb518c4,e8f7b6e8fcc93d79e3dffa62038c6e0969269abb50523f10d43693a9340c455c,65512,12,0,0,3,0,0,9,0,0,0,0,0,0,0,0
17,11-6-18_16PCC_16,11-6-18_16PCC,2018-06-11,16PCC,16,patches/S2_11-6-18_16PCC/S2_11-6-18_16PCC_16.tif,patches/S2_11-6-18_16PCC/S2_11-6-18_16PCC_16_cl.tif,patches/S2_11-6-18_16PCC/S2_11-6-18_16PCC_16_conf.tif,val,-88.34531931831404,15.984804286696178,EPSG:32616,10.0,10.0,11,float32,,"(1.0, 1.0, 1.0, 1.0, 1.0, 1.0, 1.0, 1.0, 1.0, 1.0, 1.0)","(0.0, 0.0, 0.0, 0.0, 0.0, 0.0, 0.0, 0.0, 0.0, 0.0, 0.0)",354760.0,1766440.0,357320.0,1769000.0,65536,671,65536,671,0,0,0,0,0,0,a53886f5f9494f9c98171b83de22b0d1dcd53149581995e533e467238b452688,cf195369fbcb9a32a36a6b3119ee9cfaca779824c990c82623f5bc437bada8e0,fd8dd3c75dc863c4b36545516b54a664824b3e1ac9f2ee6d65037d2066de711f,64865,0,0,0,0,0,612,12,0,0,0,0,41,6,0,0
18,11-6-18_16PCC_17,11-6-18_16PCC,2018-06-11,16PCC,17,patches/S2_11-6-18_16PCC/S2_11-6-18_16PCC_17.tif,patches/S2_11-6-18_16PCC/S2_11-6-18_16PCC_17_cl.tif,patches/S2_11-6-18_16PCC/S2_11-6-18_16PCC_17_conf.tif,val,-88.34516475686019,15.961667189379513,EPSG:32616,10.0,10.0,11,float32,,"(1.0, 1.0, 1.0, 1.0, 1.0, 1.0, 1.0, 1.0, 1.0, 1.0, 1.0)","(0.0, 0.0, 0.0, 0.0, 0.0, 0.0, 0.0, 0.0, 0.0, 0.0, 0.0)",354760.0,1763880.0,357320.0,1766440.0,65536,131,65536,131,0,0,0,0,0,0,4469e0b6fc6b569100440f8c53f360fbd9ed827a9faf9f93812a1acca288c9bd,a5a428a06deef1f9d0dd7413a6bb4bc2485b347cb3efb481ec23af610ed22c97,5787d5d8c6c5926c8b73cd479edaa209bc50ce57a700ddc4157fddff942b7e1a,65405,0,0,0,0,0,0,8,0,0,0,0,123,0,0,0
19,11-6-18_16PCC_18,11-6-18_16PCC,2018-06-11,16PCC,18,patches/S2_11-6-18_16PCC/S2_11-6-18_16PCC_18.tif,patches/S2_11-6-18_16PCC/S2_11-6-18_16PCC_18_cl.tif,patches/S2_11-6-18_16PCC/S2_11-6-18_16PCC_18_conf.tif,val,-88.3442427067023,15.822843534890216,EPSG:32616,10.0,10.0,11,float32,,"(1.0, 1.0, 1.0, 1.0, 1.0, 1.0, 1.0, 1.0, 1.0, 1.0, 1.0)","(0.0, 0.0, 0.0, 0.0, 0.0, 0.0, 0.0, 0.0, 0.0, 0.0, 0.0)",354760.0,1748520.0,357320.0,1751080.0,65536,185,65536,185,0,0,0,0,0,0,4d066b5f5e2bf06691ca550af8b71facb4a86624370bf35c7ba5bee87a4a743d,9de0e490e2781c3180843a6468e64a08d68ea6859e40d68af115d06bf64cb83f,2d2e61c4b995069ec0de0e7b0ce47ff7f1e97dc949a73f4bd0ea5958d7d3eace,65351,0,0,0,0,0,0,185,0,0,0,0,0,0,0,0
20,11-6-18_16PCC_19,11-6-18_16PCC,2018-06-11,16PCC,19,patches/S2_11-6-18_16PCC/S2_11-6-18_16PCC_19.tif,patches/S2_11-6-18_16PCC/S2_11-6-18_16PCC_19_cl.tif,patches/S2_11-6-18_16PCC/S2_11-6-18_16PCC_19_conf.tif,val,-88.32034303031035,15.822990259669812,EPSG:32616,10.0,10.0,11,float32,,"(1.0, 1.0, 1.0, 1.0, 1.0, 1.0, 1.0, 1.0, 1.0, 1.0, 1.0)","(0.0, 0.0, 0.0, 0.0, 0.0, 0.0, 0.0, 0.0, 0.0, 0.0, 0.0)",357320.0,1748520.0,359880.0,1751080.0,65536,6,65536,6,0,0,0,0,0,0,e2dda2d69364073e18db818ff719428beb954151e5d76422e666d77454f0221f,52b27cce75b396e44fb017c99c0a630b9a64256da1066f32e3b03c48e24e23ae,905785a8b6376a6668b107bfd35745240fe4c209011a183e1de71190acb89e12,65530,0,0,0,0,0,0,6,0,0,0,0,0,0,0,0
21,11-6-18_16PCC_2,11-6-18_16PCC,2018-06-11,16PCC,2,patches/S2_11-6-18_16PCC/S2_11-6-18_16PCC_2.tif,patches/S2_11-6-18_16PCC/S2_11-6-18_16PCC_2_cl.tif,patches/S2_11-6-18_16PCC/S2_11-6-18_16PCC_2_conf.tif,val,-88.60840843272793,15.98299750847483,EPSG:32616,10.0,10.0,11,float32,,"(1.0, 1.0, 1.0, 1.0, 1.0, 1.0, 1.0, 1.0, 1.0, 1.0, 1.0)","(0.0, 0.0, 0.0, 0.0, 0.0, 0.0, 0.0, 0.0, 0.0, 0.0, 0.0)",326600.0,1766440.0,329160.0,1769000.0,65536,81,65536,81,0,0,0,0,0,0,f5732beb237bc5cb1e812e544d0d716bb72d095a057506539d0d7f938a894926,a1f335545a3865948961b8c4276cc450c65dd370f28d1e84e1148ac5df247e0a,6e53224145c2e28c6cf993a2b3bb83cf74dec1f150561f199329d4b6806acd75,65455,0,0,0,0,0,22,32,0,0,0,0,0,27,0,0
22,11-6-18_16PCC_20,11-6-18_16PCC,2018-06-11,16PCC,20,patches/S2_11-6-18_16PCC/S2_11-6-18_16PCC_20.tif,patches/S2_11-6-18_16PCC/S2_11-6-18_16PCC_20_cl.tif,patches/S2_11-6-18_16PCC/S2_11-6-18_16PCC_20_conf.tif,val,-88.32019295499707,15.799852580692509,EPSG:32616,10.0,10.0,11,float32,,"(1.0, 1.0, 1.0, 1.0, 1.0, 1.0, 1.0, 1.0, 1.0, 1.0, 1.0)","(0.0, 0.0, 0.0, 0.0, 0.0, 0.0, 0.0, 0.0, 0.0, 0.0, 0.0)",357320.0,1745960.0,359880.0,1748520.0,65536,4,65536,4,0,0,0,0,0,0,cdb6aa247526d68325755a54f03e43c160bbdcbe67d81576bff7ef5901f12e96,2116fd88e822d7325a39a922264af05ce564a6f86c47914b5b05d763f53fddf1,420b6944c166d9da7c542c9c31d9026e16bcb2f579e9b9cabada351661637533,65532,0,0,0,0,0,0,0,0,0,4,0,0,0,0,0
23,11-6-18_16PCC_21,11-6-18_16PCC,2018-06-11,16PCC,21,patches/S2_11-6-18_16PCC/S2_11-6-18_16PCC_21.tif,patches/S2_11-6-18_16PCC/S2_11-6-18_16PCC_21_cl.tif,patches/S2_11-6-18_16PCC/S2_11-6-18_16PCC_21_conf.tif,val,-88.2973323917508,15.961960691480902,EPSG:32616,10.0,10.0,11,float32,,"(1.0, 1.0, 1.0, 1.0, 1.0, 1.0, 1.0, 1.0, 1.0, 1.0, 1.0)","(0.0, 0.0, 0.0, 0.0, 0.0, 0.0, 0.0, 0.0, 0.0, 0.0, 0.0)",359880.0,1763880.0,362440.0,1766440.0,65536,194,65536,194,0,0,0,0,0,0,8cd002a2fd309fd4622616819c3491e2c81179e9183647c2b63aadcf4653f200,07f84f725c2fadbd69649da513d5d8ad37180a2e9fd25c2feba1470a4723d719,04757eb90594ab7d14f11eba89b85ed358f0607a622d4841e780c88e1a5d18f2,65342,0,0,0,0,0,174,4,0,0,0,0,16,0,0,0
24,11-6-18_16PCC_22,11-6-18_16PCC,2018-06-11,16PCC,22,patches/S2_11-6-18_16PCC/S2_11-6-18_16PCC_22.tif,patches/S2_11-6-18_16PCC/S2_11-6-18_16PCC_22_cl.tif,patches/S2_11-6-18_16PCC/S2_11-6-18_16PCC_22_conf.tif,val,-88.2967385582119,15.86941000298846,EPSG:32616,10.0,10.0,11,float32,,"(1.0, 1.0, 1.0, 1.0, 1.0, 1.0, 1.0, 1.0, 1.0, 1.0, 1.0)","(0.0, 0.0, 0.0, 0.0, 0.0, 0.0, 0.0, 0.0, 0.0, 0.0, 0.0)",359880.0,1753640.0,362440.0,1756200.0,65536,5928,65536,5928,0,0,0,0,0,0,f2ec470b3addc701f9701232fa3155d34dc46e359190bf253dd82c620ed1b3f2,fe585315688ba3b9c9fd9ea638b12ae89b11006bf550e451a2693a7d1863e961,9604999d549866b47d05f14d85b9bd1916c9c9ced7f4a4da5f0259634f37ef8c,59608,0,0,0,0,0,0,5928,0,0,0,0,0,0,0,0
25,11-6-18_16PCC_23,11-6-18_16PCC,2018-06-11,16PCC,23,patches/S2_11-6-18_16PCC/S2_11-6-18_16PCC_23.tif,patches/S2_11-6-18_16PCC/S2_11-6-18_16PCC_23_cl.tif,patches/S2_11-6-18_16PCC/S2_11-6-18_16PCC_23_conf.tif,val,-88.29629574510379,15.7999964537599,EPSG:32616,10.0,10.0,11,float32,,"(1.0, 1.0, 1.0, 1.0, 1.0, 1.0, 1.0, 1.0, 1.0, 1.0, 1.0)","(0.0, 0.0, 0.0, 0.0, 0.0, 0.0, 0.0, 0.0, 0.0, 0.0, 0.0)",359880.0,1745960.0,362440.0,1748520.0,65536,198,65536,198,0,0,0,0,0,0,eb575f0295c3bf8ad95b879e3bf8f599dd908e2768339fa97a4b8bc6882a32a5,bbca410813c9ab960b28829ab0c9dad105ee94682dc44688c052c35806a344f9,fe5ce9a7692a27abe6e3bcbe0fb7d82d4b384e2c1c1a3b83eaefb25e5f3f2acf,65338,0,0,0,0,0,0,0,0,0,198,0,0,0,0,0
26,11-6-18_16PCC_24,11-6-18_16PCC,2018-06-11,16PCC,24,patches/S2_11-6-18_16PCC/S2_11-6-18_16PCC_24.tif,patches/S2_11-6-18_16PCC/S2_11-6-18_16PCC_24_cl.tif,patches/S2_11-6-18_16PCC/S2_11-6-18_16PCC_24_conf.tif,val,-88.27370872628704,16.008378934469096,EPSG:32616,10.0,10.0,11,float32,,"(1.0, 1.0, 1.0, 1.0, 1.0, 1.0, 1.0, 1.0, 1.0, 1.0, 1.0)","(0.0, 0.0, 0.0, 0.0, 0.0, 0.0, 0.0, 0.0, 0.0, 0.0, 0.0)",362440.0,1769000.0,365000.0,1771560.0,65536,40,65536,40,0,0,0,0,0,0,2d50cb52f696188882cb7ffd157267c96276956fcfe754e9ab4156224623eb55,380e00808ba45e2ec636b781ac313129d81a04657b723e18add69681b822aeca,f48a7c8734bece08a4ac9984f0a5247ca1d7ee792ecf13180dacae272681e485,65496,0,0,0,0,0,0,0,0,0,0,0,40,0,0,0
27,11-6-18_16PCC_25,11-6-18_16PCC,2018-06-11,16PCC,25,patches/S2_11-6-18_16PCC/S2_11-6-18_16PCC_25.tif,patches/S2_11-6-18_16PCC/S2_11-6-18_16PCC_25_cl.tif,patches/S2_11-6-18_16PCC/S2_11-6-18_16PCC_25_conf.tif,val,-88.27326975721834,15.938965647089185,EPSG:32616,10.0,10.0,11,float32,,"(1.0, 1.0, 1.0, 1.0, 1.0, 1.0, 1.0, 1.0, 1.0, 1.0, 1.0)","(0.0, 0.0, 0.0, 0.0, 0.0, 0.0, 0.0, 0.0, 0.0, 0.0, 0.0)",362440.0,1761320.0,365000.0,1763880.0,65536,20,65536,20,0,0,0,0,0,0,3518f52507890e1468e2b628984a89e0decdfc71a561a8ad9c8140752caa9201,8825c783733031e99e970eb01f639daae76e789da68a6e950f26cc1a760f267d,876cb11b86d0096b9232dbc87b06017a47899d454ce4a97bfb446ee3c47caf5d,65516,4,0,0,0,0,0,2,0,0,0,0,14,0,0,0
28,11-6-18_16PCC_26,11-6-18_16PCC,2018-06-11,16PCC,26,patches/S2_11-6-18_16PCC/S2_11-6-18_16PCC_26.tif,patches/S2_11-6-18_16PCC/S2_11-6-18_16PCC_26_cl.tif,patches/S2_11-6-18_16PCC/S2_11-6-18_16PCC_26_conf.tif,val,-88.27210971714206,15.75386131365117,EPSG:32616,10.0,10.0,11,float32,,"(1.0, 1.0, 1.0, 1.0, 1.0, 1.0, 1.0, 1.0, 1.0, 1.0, 1.0)","(0.0, 0.0, 0.0, 0.0, 0.0, 0.0, 0.0, 0.0, 0.0, 0.0, 0.0)",362440.0,1740840.0,365000.0,1743400.0,65536,8677,65536,8677,0,0,0,0,0,0,6f30c8a720ebc5085b9801f5ba65dd62b46b9de70a95d1f90ce3694faabc3ee9,6d15bbc118010ce232a0fda08b9cb16768284910d7b3f70f89db73e1e11bc8e3,13d505d8797f2751f11c83c07fc6977a7c392a0cb8137d03760716a903acc949,56859,0,0,0,0,0,0,0,8677,0,0,0,0,0,0,0
29,11-6-18_16PCC_27,11-6-18_16PCC,2018-06-11,16PCC,27,patches/S2_11-6-18_16PCC/S2_11-6-18_16PCC_27.tif,patches/S2_11-6-18_16PCC/S2_11-6-18_16PCC_27_cl.tif,patches/S2_11-6-18_16PCC/S2_11-6-18_16PCC_27_conf.tif,val,-88.24935570761745,15.939105547705722,EPSG:32616,10.0,10.0,11,float32,,"(1.0, 1.0, 1.0, 1.0, 1.0, 1.0, 1.0, 1.0, 1.0, 1.0, 1.0)","(0.0, 0.0, 0.0, 0.0, 0.0, 0.0, 0.0, 0.0, 0.0, 0.0, 0.0)",365000.0,1761320.0,367560.0,1763880.0,65536,4,65536,4,0,0,0,0,0,0,21f043825f5fec37260cb34fbd0930618545cf2f2a6140be292ebd75f136f330,d9ef15619cd6955903fe4fa26ef119367b8958077e9c1e3c8723eb733fe555f4,7c7746b5ba02fbc8023719548cdf9a7b3ebb982a2f4808d8817dd13864c49df7,65532,1,0,0,0,0,0,2,0,0,0,0,0,0,0,1
30,11-6-18_16PCC_28,11-6-18_16PCC,2018-06-11,16PCC,28,patches/S2_11-6-18_16PCC/S2_11-6-18_16PCC_28.tif,patches/S2_11-6-18_16PCC/S2_11-6-18_16PCC_28_cl.tif,patches/S2_11-6-18_16PCC/S2_11-6-18_16PCC_28_conf.tif,val,-88.24821744102861,15.753999507317952,EPSG:32616,10.0,10.0,11,float32,,"(1.0, 1.0, 1.0, 1.0, 1.0, 1.0, 1.0, 1.0, 1.0, 1.0, 1.0)","(0.0, 0.0, 0.0, 0.0, 0.0, 0.0, 0.0, 0.0, 0.0, 0.0, 0.0)",365000.0,1740840.0,367560.0,1743400.0,65536,2163,65536,2163,0,0,0,0,0,0,8001ac0e79ecd89776b05a468733c953e6cd99e34dcc7c169b21fb29303d2ac9,c04d79e7ee45fc04e85bb6acc5fc36a988782b3bf75a1dd3f01c45c694fb98f1,4b79bc152e91ac426a90cca7f83c04b30f95f5bfc29c97abef635e1a3044224f,63373,0,0,0,0,0,0,0,0,0,2163,0,0,0,0,0
31,11-6-18_16PCC_29,11-6-18_16PCC,2018-06-11,16PCC,29,patches/S2_11-6-18_16PCC/S2_11-6-18_16PCC_29.tif,patches/S2_11-6-18_16PCC/S2_11-6-18_16PCC_29_cl.tif,patches/S2_11-6-18_16PCC/S2_11-6-18_16PCC_29_conf.tif,val,-88.24807621357516,15.730861025226375,EPSG:32616,10.0,10.0,11,float32,,"(1.0, 1.0, 1.0, 1.0, 1.0, 1.0, 1.0, 1.0, 1.0, 1.0, 1.0)","(0.0, 0.0, 0.0, 0.0, 0.0, 0.0, 0.0, 0.0, 0.0, 0.0, 0.0)",365000.0,1738280.0,367560.0,1740840.0,65536,18,65536,18,0,0,0,0,0,0,307fdf87c9bc7a44f652cba950705948dbf67497129fcbc995c910b4a858d03b,0a40712772a8a8c9526a74bd84522658f2e4315673c58b8e5997f94e0b34a414,85701a4e1a054f0192ea30d6d6eb722e37c71df656835c6c44e8628a5551b706,65518,0,0,0,0,0,0,0,0,0,18,0,0,0,0,0
32,11-6-18_16PCC_3,11-6-18_16PCC,2018-06-11,16PCC,3,patches/S2_11-6-18_16PCC/S2_11-6-18_16PCC_3.tif,patches/S2_11-6-18_16PCC/S2_11-6-18_16PCC_3_cl.tif,patches/S2_11-6-18_16PCC/S2_11-6-18_16PCC_3_conf.tif,val,-88.60748767037974,15.867325258075821,EPSG:32616,10.0,10.0,11,float32,,"(1.0, 1.0, 1.0, 1.0, 1.0, 1.0, 1.0, 1.0, 1.0, 1.0, 1.0)","(0.0, 0.0, 0.0, 0.0, 0.0, 0.0, 0.0, 0.0, 0.0, 0.0, 0.0)",326600.0,1753640.0,329160.0,1756200.0,65536,177,65536,177,0,0,0,0,0,0,ba4349db89fd4524f7aac990ed57b8d61cee1015783dc3b5a3fc8a121a977f9d,2d76ecf0623f6ab8dfe6c158af9062b97ac74904e06fc2c9c6f99f082c72735d,360e720c800edd45e47d2180dec08baaf493d2ac4191250ada9098b0aa5cedb0,65359,0,0,0,0,0,124,40,0,0,0,0,0,13,0,0
33,11-6-18_16PCC_30,11-6-18_16PCC,2018-06-11,16PCC,30,patches/S2_11-6-18_16PCC/S2_11-6-18_16PCC_30.tif,patches/S2_11-6-18_16PCC/S2_11-6-18_16PCC_30_cl.tif,patches/S2_11-6-18_16PCC/S2_11-6-18_16PCC_30_conf.tif,val,-88.22544142266482,15.939242797411975,EPSG:32616,10.0,10.0,11,float32,,"(1.0, 1.0, 1.0, 1.0, 1.0, 1.0, 1.0, 1.0, 1.0, 1.0, 1.0)","(0.0, 0.0, 0.0, 0.0, 0.0, 0.0, 0.0, 0.0, 0.0, 0.0, 0.0)",367560.0,1761320.0,370120.0,1763880.0,65536,8,65536,8,0,0,0,0,0,0,7750f37f4eb74530803bcafecb56e27df85ac3ab2f6f556d0321514171e543bc,ed5fc4676d0c3d949db374daa20663a4a6f584e27c7614133af2b407878e34de,bf38d7c5185023e3fb05f08ffdae653ac5c09550787dd5143680f2714c553c0e,65528,3,0,0,1,0,0,1,0,0,0,0,0,0,0,3
34,11-6-18_16PCC_31,11-6-18_16PCC,2018-06-11,16PCC,31,patches/S2_11-6-18_16PCC/S2_11-6-18_16PCC_31.tif,patches/S2_11-6-18_16PCC/S2_11-6-18_16PCC_31_cl.tif,patches/S2_11-6-18_16PCC/S2_11-6-18_16PCC_31_conf.tif,val,-88.22530105447785,15.91610451008703,EPSG:32616,10.0,10.0,11,float32,,"(1.0, 1.0, 1.0, 1.0, 1.0, 1.0, 1.0, 1.0, 1.0, 1.0, 1.0)","(0.0, 0.0, 0.0, 0.0, 0.0, 0.0, 0.0, 0.0, 0.0, 0.0, 0.0)",367560.0,1758760.0,370120.0,1761320.0,65536,2,65536,2,0,0,0,0,0,0,e2117afe56189b5bbde383ba2c5804a2e6e75e7be5e0805913584971b0f08b9c,28eb38503d8ce93baf6ba1a89c79d9a326813767bb54ee5de08a1ea121dc035f,26f9612632b3585363a61772ebb46d83d4f5b8121c7983b26dabbdd9ee101b8b,65534,0,0,0,0,0,0,0,0,0,0,0,2,0,0,0
35,11-6-18_16PCC_32,11-6-18_16PCC,2018-06-11,16PCC,32,patches/S2_11-6-18_16PCC/S2_11-6-18_16PCC_32.tif,patches/S2_11-6-18_16PCC/S2_11-6-18_16PCC_32_cl.tif,patches/S2_11-6-18_16PCC/S2_11-6-18_16PCC_32_conf.tif,val,-88.22446368627031,15.777273723374963,EPSG:32616,10.0,10.0,11,float32,,"(1.0, 1.0, 1.0, 1.0, 1.0, 1.0, 1.0, 1.0, 1.0, 1.0, 1.0)","(0.0, 0.0, 0.0, 0.0, 0.0, 0.0, 0.0, 0.0, 0.0, 0.0, 0.0)",367560.0,1743400.0,370120.0,1745960.0,65536,8,65536,8,0,0,0,0,0,0,4bae1485b990c7862bc6c1075459bd4ca78a08f19b9e711b9e005d811c0e8bbb,978aaf3aca0f04862f97936603c7aa38973c2cec686f2e6156766d3e2c26a22f,33354ae7ab2af261524c0898ecdd9c4c960b67f09cf130651e16ec4b783c844a,65528,0,0,0,0,0,0,0,0,5,0,0,0,0,0,3
36,11-6-18_16PCC_33,11-6-18_16PCC,2018-06-11,16PCC,33,patches/S2_11-6-18_16PCC/S2_11-6-18_16PCC_33.tif,patches/S2_11-6-18_16PCC/S2_11-6-18_16PCC_33_cl.tif,patches/S2_11-6-18_16PCC/S2_11-6-18_16PCC_33_conf.tif,val,-88.22418640473234,15.730996391204913,EPSG:32616,10.0,10.0,11,float32,,"(1.0, 1.0, 1.0, 1.0, 1.0, 1.0, 1.0, 1.0, 1.0, 1.0, 1.0)","(0.0, 0.0, 0.0, 0.0, 0.0, 0.0, 0.0, 0.0, 0.0, 0.0, 0.0)",367560.0,1738280.0,370120.0,1740840.0,65536,43,65536,43,0,0,0,0,0,0,7f1063882e5e44331084f8879b9b558bcadb6162771d5a63af7a29f656971f19,befb12cfabd1f7ed243d205b00738991010bbba7a3d64450abdb3e5e8156f373,3722a31b51b2d03605abfff893d06b3cd00a15e557441d876dd82501ab8297fd,65493,0,0,0,0,0,0,0,0,43,0,0,0,0,0,0
37,11-6-18_16PCC_34,11-6-18_16PCC,2018-06-11,16PCC,34,patches/S2_11-6-18_16PCC/S2_11-6-18_16PCC_34.tif,patches/S2_11-6-18_16PCC/S2_11-6-18_16PCC_34_cl.tif,patches/S2_11-6-18_16PCC/S2_11-6-18_16PCC_34_conf.tif,val,-88.22404810863561,15.707857649807083,EPSG:32616,10.0,10.0,11,float32,,"(1.0, 1.0, 1.0, 1.0, 1.0, 1.0, 1.0, 1.0, 1.0, 1.0, 1.0)","(0.0, 0.0, 0.0, 0.0, 0.0, 0.0, 0.0, 0.0, 0.0, 0.0, 0.0)",367560.0,1735720.0,370120.0,1738280.0,65536,30,65536,30,0,0,0,0,0,0,95c9bd21d102feb9f6405adc222d04903e24e921f57e3f8686dd17e823758075,6757b9bcf23c259bf15e0232744cdd6376a36188c242cda9ab1727e826afcde9,b05ac61ab3404d832ee87300eae5845ef1d5fa4c601033ef37725b21d0e80980,65506,0,0,0,0,0,0,0,0,30,0,0,0,0,0,0
38,11-6-18_16PCC_35,11-6-18_16PCC,2018-06-11,16PCC,35,patches/S2_11-6-18_16PCC/S2_11-6-18_16PCC_35.tif,patches/S2_11-6-18_16PCC/S2_11-6-18_16PCC_35_cl.tif,patches/S2_11-6-18_16PCC/S2_11-6-18_16PCC_35_conf.tif,val,-88.20138927634122,15.916238903326077,EPSG:32616,10.0,10.0,11,float32,,"(1.0, 1.0, 1.0, 1.0, 1.0, 1.0, 1.0, 1.0, 1.0, 1.0, 1.0)","(0.0, 0.0, 0.0, 0.0, 0.0, 0.0, 0.0, 0.0, 0.0, 0.0, 0.0)",370120.0,1758760.0,372680.0,1761320.0,65536,27,65536,27,0,0,0,0,0,0,3c9849daaaeeb78060d002844bcc666cc6ddafe08abbda6ada1aed3194cb39b7,e265bda04e3d5cbc1f939cb0a0bba0c5d7fe62e9b9bfd08d6ed1be016e52fb9a,efb00a4a57807bf124fb31c1000bbe1f573bc00d5cb738f94cad6dd9a0542ea0,65509,7,0,0,0,0,0,3,0,0,0,0,16,0,0,1
39,11-6-18_16PCC_36,11-6-18_16PCC,2018-06-11,16PCC,36,patches/S2_11-6-18_16PCC/S2_11-6-18_16PCC_36.tif,patches/S2_11-6-18_16PCC/S2_11-6-18_16PCC_36_cl.tif,patches/S2_11-6-18_16PCC/S2_11-6-18_16PCC_36_conf.tif,val,-88.20016076731021,15.70799019610554,EPSG:32616,10.0,10.0,11,float32,,"(1.0, 1.0, 1.0, 1.0, 1.0, 1.0, 1.0, 1.0, 1.0, 1.0, 1.0)","(0.0, 0.0, 0.0, 0.0, 0.0, 0.0, 0.0, 0.0, 0.0, 0.0, 0.0)",370120.0,1735720.0,372680.0,1738280.0,65536,22,65536,22,0,0,0,0,0,0,463b13416ac14ad1f144080411dc7f7b432cdcb18fcd998551055840343192e5,bacdeb467b8dfd8c83fbd64c9a819ea7796649dfb87d32e7cd8dda6e2bbb4553,7d41e8a3bcf058e73a7aaa2495dc4208edce7a84e3abba25ca46f45a2b64ed8c,65514,0,0,0,0,0,0,0,0,22,0,0,0,0,0,0
40,11-6-18_16PCC_37,11-6-18_16PCC,2018-06-11,16PCC,37,patches/S2_11-6-18_16PCC/S2_11-6-18_16PCC_37.tif,patches/S2_11-6-18_16PCC/S2_11-6-18_16PCC_37_cl.tif,patches/S2_11-6-18_16PCC/S2_11-6-18_16PCC_37_conf.tif,val,-88.153565045888,15.916499748411606,EPSG:32616,10.0,10.0,11,float32,,"(1.0, 1.0, 1.0, 1.0, 1.0, 1.0, 1.0, 1.0, 1.0, 1.0, 1.0)","(0.0, 0.0, 0.0, 0.0, 0.0, 0.0, 0.0, 0.0, 0.0, 0.0, 0.0)",375240.0,1758760.0,377800.0,1761320.0,65536,2,65536,2,0,0,0,0,0,0,320073b8d0107b5a3038ad7ff81f36d35d2716268cddf52ce87773824041aac7,d7ec8b3eab5010daf5aa7649f71c7c95b39861d0561717da31159938c5ae2fae,4b4619577be8cecbae46be6fb765651a98a05f4c848a4f1ff9c57cc52158c5a1,65534,1,0,0,0,0,0,1,0,0,0,0,0,0,0,0
41,11-6-18_16PCC_38,11-6-18_16PCC,2018-06-11,16PCC,38,patches/S2_11-6-18_16PCC/S2_11-6-18_16PCC_38.tif,patches/S2_11-6-18_16PCC/S2_11-6-18_16PCC_38_cl.tif,patches/S2_11-6-18_16PCC/S2_11-6-18_16PCC_38_conf.tif,val,-88.15238541371511,15.70824745644024,EPSG:32616,10.0,10.0,11,float32,,"(1.0, 1.0, 1.0, 1.0, 1.0, 1.0, 1.0, 1.0, 1.0, 1.0, 1.0)","(0.0, 0.0, 0.0, 0.0, 0.0, 0.0, 0.0, 0.0, 0.0, 0.0, 0.0)",375240.0,1735720.0,377800.0,1738280.0,65536,873,65536,873,0,0,0,0,0,0,0d2dc9b35a05cc98b9ea2ce8fee38a7e45824e5cee756bee47c271126c9fab2c,4499aca0fa2896830cbb33ad947fe7b64545a8e91e812bbde9dd725c8efcc026,d0b705b3ba7e5545c45e43cd9a696773b506da2210cd0e6015f86fc8f91266e3,64663,0,0,0,0,0,0,873,0,0,0,0,0,0,0,0
42,11-6-18_16PCC_39,11-6-18_16PCC,2018-06-11,16PCC,39,patches/S2_11-6-18_16PCC/S2_11-6-18_16PCC_39.tif,patches/S2_11-6-18_16PCC/S2_11-6-18_16PCC_39_cl.tif,patches/S2_11-6-18_16PCC/S2_11-6-18_16PCC_39_conf.tif,val,-88.12978201937214,15.93976528484827,EPSG:32616,10.0,10.0,11,float32,,"(1.0, 1.0, 1.0, 1.0, 1.0, 1.0, 1.0, 1.0, 1.0, 1.0, 1.0)","(0.0, 0.0, 0.0, 0.0, 0.0, 0.0, 0.0, 0.0, 0.0, 0.0, 0.0)",377800.0,1761320.0,380360.0,1763880.0,65536,19,65536,19,0,0,0,0,0,0,e26a363ee1dd446bfefe4f129f8c390024d3d79960d0365af41aaa92cf8d695c,5a9f87427c48910ef83a1a740be92c6b526136df66c669e24af0af6ca9b92017,dca72cc5f063b778d01f8b0b87453c80faa3a9acb4c27d68345f20245078853f,65517,10,0,0,0,0,0,1,0,0,0,0,0,0,0,8
43,11-6-18_16PCC_4,11-6-18_16PCC,2018-06-11,16PCC,4,patches/S2_11-6-18_16PCC/S2_11-6-18_16PCC_4.tif,patches/S2_11-6-18_16PCC/S2_11-6-18_16PCC_4_cl.tif,patches/S2_11-6-18_16PCC/S2_11-6-18_16PCC_4_conf.tif,val,-88.60730442562826,15.844190653440107,EPSG:32616,10.0,10.0,11,float32,,"(1.0, 1.0, 1.0, 1.0, 1.0, 1.0, 1.0, 1.0, 1.0, 1.0, 1.0)","(0.0, 0.0, 0.0, 0.0, 0.0, 0.0, 0.0, 0.0, 0.0, 0.0, 0.0)",326600.0,1751080.0,329160.0,1753640.0,65536,65,65536,65,0,0,0,0,0,0,9ac8da1d5c489785090587ec89427512922b8d53bcf8cf1660de5d6448e4e43e,f8d763a61276bc61ddd58ee0fc03094c68de3e0e2c6c3c97778f40a5408cfff2,10d735409f3c07dd4011ef2364677042c19af5272382476127a6130d61d9a4e7,65471,0,0,0,0,10,0,24,0,0,0,0,0,0,31,0
44,11-6-18_16PCC_40,11-6-18_16PCC,2018-06-11,16PCC,40,patches/S2_11-6-18_16PCC/S2_11-6-18_16PCC_40.tif,patches/S2_11-6-18_16PCC/S2_11-6-18_16PCC_40_cl.tif,patches/S2_11-6-18_16PCC/S2_11-6-18_16PCC_40_conf.tif,val,-88.1296526025709,15.916626200037705,EPSG:32616,10.0,10.0,11,float32,,"(1.0, 1.0, 1.0, 1.0, 1.0, 1.0, 1.0, 1.0, 1.0, 1.0, 1.0)","(0.0, 0.0, 0.0, 0.0, 0.0, 0.0, 0.0, 0.0, 0.0, 0.0, 0.0)",377800.0,1758760.0,380360.0,1761320.0,65536,64,65536,64,0,0,0,0,0,0,2f197e410b8b5bcb856def05c1372252b1bfda46925a7d72318f99c15dc6060d,af444fe27c09ff4a75e604e80c6b32b1f650fa588c0061ed85cae3c49eb80671,3bacaf964bd183b1852cd0bad8edb23fcf0a6bf5a864cbd7cbba7c934e3794e3,65472,0,0,0,0,0,0,1,0,0,0,0,63,0,0,0
45,11-6-18_16PCC_41,11-6-18_16PCC,2018-06-11,16PCC,41,patches/S2_11-6-18_16PCC/S2_11-6-18_16PCC_41.tif,patches/S2_11-6-18_16PCC/S2_11-6-18_16PCC_41_cl.tif,patches/S2_11-6-18_16PCC/S2_11-6-18_16PCC_41_conf.tif,val,-88.12952339849666,15.893487064684448,EPSG:32616,10.0,10.0,11,float32,,"(1.0, 1.0, 1.0, 1.0, 1.0, 1.0, 1.0, 1.0, 1.0, 1.0, 1.0)","(0.0, 0.0, 0.0, 0.0, 0.0, 0.0, 0.0, 0.0, 0.0, 0.0, 0.0)",377800.0,1756200.0,380360.0,1758760.0,65536,6,65536,6,0,0,0,0,0,0,b062b5d18c5c8179b96186fddb9618a14c3ad5fef2e57e6d3e23028b87364c3d,5a1a95b8ac1cef5959de0bef6d85d969c7a8ba329687b6f19f42f28243774127,b3aa503dbab976f2fbf0ef12e5e1669e9bbdcbd1c8e4bd448eba3c17d2f32923,65530,0,0,0,0,0,0,0,0,0,0,0,6,0,0,0
46,11-6-18_16PCC_42,11-6-18_16PCC,2018-06-11,16PCC,42,patches/S2_11-6-18_16PCC/S2_11-6-18_16PCC_42.tif,patches/S2_11-6-18_16PCC/S2_11-6-18_16PCC_42_cl.tif,patches/S2_11-6-18_16PCC/S2_11-6-18_16PCC_42_conf.tif,val,-88.12888056503671,15.777790632092143,EPSG:32616,10.0,10.0,11,float32,,"(1.0, 1.0, 1.0, 1.0, 1.0, 1.0, 1.0, 1.0, 1.0, 1.0, 1.0)","(0.0, 0.0, 0.0, 0.0, 0.0, 0.0, 0.0, 0.0, 0.0, 0.0, 0.0)",377800.0,1743400.0,380360.0,1745960.0,65536,135,65536,135,0,0,0,0,0,0,14e4a684bf5f173812ac91b80da397187b06475d368bb6f15525752ee363f1f5,6bfbe4499f1157e7bb188aaca231d7efcf20cb43d87005769974df3e52c5afb4,e88f4ea9e5d07efde8edcb0af0a6183ab2cd35f74cd7e9838de67cd1f76e5d05,65401,0,0,0,0,0,109,26,0,0,0,0,0,0,0,0
47,11-6-18_16PCC_43,11-6-18_16PCC,2018-06-11,16PCC,43,patches/S2_11-6-18_16PCC/S2_11-6-18_16PCC_43.tif,patches/S2_11-6-18_16PCC/S2_11-6-18_16PCC_43_cl.tif,patches/S2_11-6-18_16PCC/S2_11-6-18_16PCC_43_conf.tif,val,-88.12862491675727,15.73151170757214,EPSG:32616,10.0,10.0,11,float32,,"(1.0, 1.0, 1.0, 1.0, 1.0, 1.0, 1.0, 1.0, 1.0, 1.0, 1.0)","(0.0, 0.0, 0.0, 0.0, 0.0, 0.0, 0.0, 0.0, 0.0, 0.0, 0.0)",377800.0,1738280.0,380360.0,1740840.0,65536,55,65536,55,0,0,0,0,0,0,f21a502e1fd1cebac65fdac4ac1d3265c8b470804d3e755bbd21585cc5324201,553a70ff2bfbb8347b8f6de115aa4e8c81a5b9eb422ad444ce52d171f20cd4ff,b7d6a884a9bda157ed5b2f9f5e61b61ba507a6157619325277be7e529292166c,65481,0,0,0,0,6,0,38,0,0,0,0,0,0,11,0
48,11-6-18_16PCC_44,11-6-18_16PCC,2018-06-11,16PCC,44,patches/S2_11-6-18_16PCC/S2_11-6-18_16PCC_44.tif,patches/S2_11-6-18_16PCC/S2_11-6-18_16PCC_44_cl.tif,patches/S2_11-6-18_16PCC/S2_11-6-18_16PCC_44_conf.tif,val,-88.12849741040176,15.70837217025941,EPSG:32616,10.0,10.0,11,float32,,"(1.0, 1.0, 1.0, 1.0, 1.0, 1.0, 1.0, 1.0, 1.0, 1.0, 1.0)","(0.0, 0.0, 0.0, 0.0, 0.0, 0.0, 0.0, 0.0, 0.0, 0.0, 0.0)",377800.0,1735720.0,380360.0,1738280.0,65536,1909,65536,1909,0,0,0,0,0,0,bc304fd4c731fcbd43cf97addf2aa3f68cc0751b0d027e34b5498a3b0ad1d22a,a3ff5a8bfe9152caca7d50cd9ce486b00914bf457f89f4ec4c46353ac2324eb2,3a080efc8df2999bcd35f219b6e4252d22bceddead13f86f7508a770f3c94cbb,63627,0,0,0,0,0,0,1909,0,0,0,0,0,0,0,0
49,11-6-18_16PCC_45,11-6-18_16PCC,2018-06-11,16PCC,45,patches/S2_11-6-18_16PCC/S2_11-6-18_16PCC_45.tif,patches/S2_11-6-18_16PCC/S2_11-6-18_16PCC_45_cl.tif,patches/S2_11-6-18_16PCC/S2_11-6-18_16PCC_45_conf.tif,val,-88.10624791165883,16.00930679683903,EPSG:32616,10.0,10.0,11,float32,,"(1.0, 1.0, 1.0, 1.0, 1.0, 1.0, 1.0, 1.0, 1.0, 1.0, 1.0)","(0.0, 0.0, 0.0, 0.0, 0.0, 0.0, 0.0, 0.0, 0.0, 0.0, 0.0)",380360.0,1769000.0,382920.0,1771560.0,65536,272,65536,272,0,0,0,0,0,0,6f4ccf6e06931c0d51b597d78f50e7a305d8dc359b780444df035b95ac638289,d1fb5b80d2559d73a741922191e4eec0b661508390830e802f941f35018583f4,d475c26f1047713ea6c85873f5a3ebf5ac4c2e6832277e305cf11ce0a03f159c,65264,0,0,0,0,0,0,8,0,0,0,0,264,0,0,0
50,11-6-18_16PCC_46,11-6-18_16PCC,2018-06-11,16PCC,46,patches/S2_11-6-18_16PCC/S2_11-6-18_16PCC_46.tif,patches/S2_11-6-18_16PCC/S2_11-6-18_16PCC_46_cl.tif,patches/S2_11-6-18_16PCC/S2_11-6-18_16PCC_46_conf.tif,val,-88.1061206076428,15.986167674672341,EPSG:32616,10.0,10.0,11,float32,,"(1.0, 1.0, 1.0, 1.0, 1.0, 1.0, 1.0, 1.0, 1.0, 1.0, 1.0)","(0.0, 0.0, 0.0, 0.0, 0.0, 0.0, 0.0, 0.0, 0.0, 0.0, 0.0)",380360.0,1766440.0,382920.0,1769000.0,65536,78,65536,78,0,0,0,0,0,0,47d25ee0bfb8f2b205291a383fc8edad6c3f8850c413d69ab37c8e0ea48a597e,bde45b7041408c5a26d5fb7fa21ee75bccbfdb225d6dc0813ec4eafcd4f75e99,a2b12ed1cc5c8602be4b7100cd4e2c5fd6b347455e774928ef7d8ac8e4798f68,65458,0,0,0,0,0,0,1,0,0,0,0,77,0,0,0
51,11-6-18_16PCC_47,11-6-18_16PCC,2018-06-11,16PCC,47,patches/S2_11-6-18_16PCC/S2_11-6-18_16PCC_47.tif,patches/S2_11-6-18_16PCC/S2_11-6-18_16PCC_47_cl.tif,patches/S2_11-6-18_16PCC/S2_11-6-18_16PCC_47_conf.tif,val,-88.10586662518926,15.939889278308296,EPSG:32616,10.0,10.0,11,float32,,"(1.0, 1.0, 1.0, 1.0, 1.0, 1.0, 1.0, 1.0, 1.0, 1.0, 1.0)","(0.0, 0.0, 0.0, 0.0, 0.0, 0.0, 0.0, 0.0, 0.0, 0.0, 0.0)",380360.0,1761320.0,382920.0,1763880.0,65536,15,65536,15,0,0,0,0,0,0,fd665343ea62df292eed9a95e69989afbc19752d281731d70425e02c53425c60,5d97159c0daf4017a138ac523923e1afb7c1a24d1821c20c4d9a8764fd86e215,47be10f469bcee0f768ede6cf16caf7c5e236e238ac40655b6031854c8421c93,65521,0,0,0,0,0,0,0,0,0,0,0,15,0,0,0
52,11-6-18_16PCC_48,11-6-18_16PCC,2018-06-11,16PCC,48,patches/S2_11-6-18_16PCC/S2_11-6-18_16PCC_48.tif,patches/S2_11-6-18_16PCC/S2_11-6-18_16PCC_48_cl.tif,patches/S2_11-6-18_16PCC/S2_11-6-18_16PCC_48_conf.tif,val,-88.10573994652685,15.916750004242832,EPSG:32616,10.0,10.0,11,float32,,"(1.0, 1.0, 1.0, 1.0, 1.0, 1.0, 1.0, 1.0, 1.0, 1.0, 1.0)","(0.0, 0.0, 0.0, 0.0, 0.0, 0.0, 0.0, 0.0, 0.0, 0.0, 0.0)",380360.0,1758760.0,382920.0,1761320.0,65536,101,65536,101,0,0,0,0,0,0,1ebd9a6cd9ba1a81f47f2470583c5ccf4bfa371a9fd1be6d2635c958f0998b40,bef2e1d6d7208866553c19569166a3e50f639fe078fa94d02a98dee5ec6b6431,5e912ae9c29332be918a95a454b20f2033fcc184981f48cddbf03ee4e0297469,65435,0,0,0,0,0,0,2,0,0,0,0,99,0,0,0
53,11-6-18_16PCC_49,11-6-18_16PCC,2018-06-11,16PCC,49,patches/S2_11-6-18_16PCC/S2_11-6-18_16PCC_49.tif,patches/S2_11-6-18_16PCC/S2_11-6-18_16PCC_49_cl.tif,patches/S2_11-6-18_16PCC/S2_11-6-18_16PCC_49_conf.tif,val,-88.10561347609114,15.893610679676387,EPSG:32616,10.0,10.0,11,float32,,"(1.0, 1.0, 1.0, 1.0, 1.0, 1.0, 1.0, 1.0, 1.0, 1.0, 1.0)","(0.0, 0.0, 0.0, 0.0, 0.0, 0.0, 0.0, 0.0, 0.0, 0.0, 0.0)",380360.0,1756200.0,382920.0,1758760.0,65536,29,65536,29,0,0,0,0,0,0,7db84834a74ccf89ffb570396181554238b0613f715a9e2e42de2a9018e2bcff,c4ffcf00bb25b2791cbbf75af24d7961f220726f80f8233843f7a92592ca8951,45bc40a1d0147c74d1d6af06e89ff4334154ee03aac695643d593c5e8e98705e,65507,0,0,0,0,0,0,0,0,0,0,0,29,0,0,0
54,11-6-18_16PCC_5,11-6-18_16PCC,2018-06-11,16PCC,5,patches/S2_11-6-18_16PCC/S2_11-6-18_16PCC_5.tif,patches/S2_11-6-18_16PCC/S2_11-6-18_16PCC_5_cl.tif,patches/S2_11-6-18_16PCC/S2_11-6-18_16PCC_5_conf.tif,val,-88.60712148307084,15.821055997444267,EPSG:32616,10.0,10.0,11,float32,,"(1.0, 1.0, 1.0, 1.0, 1.0, 1.0, 1.0, 1.0, 1.0, 1.0, 1.0)","(0.0, 0.0, 0.0, 0.0, 0.0, 0.0, 0.0, 0.0, 0.0, 0.0, 0.0)",326600.0,1748520.0,329160.0,1751080.0,65536,118,65536,118,0,0,0,0,0,0,4c7adc28a52358c0b377f08296d18d160edc67458b1d1c382d83f045197870dc,c78990ee44ea69ad2c83a9831432af9e5ab5d5e2f3849e9fca634234dce4fe1e,6f897d2a14c059fb0e3cebfefe682e7c7bb1a2785ff49813f39f97f2364c4a0a,65418,0,0,0,0,33,56,29,0,0,0,0,0,0,0,0
55,11-6-18_16PCC_50,11-6-18_16PCC,2018-06-11,16PCC,50,patches/S2_11-6-18_16PCC/S2_11-6-18_16PCC_50.tif,patches/S2_11-6-18_16PCC/S2_11-6-18_16PCC_50_cl.tif,patches/S2_11-6-18_16PCC/S2_11-6-18_16PCC_50_conf.tif,val,-88.08232406735696,16.00942869459603,EPSG:32616,10.0,10.0,11,float32,,"(1.0, 1.0, 1.0, 1.0, 1.0, 1.0, 1.0, 1.0, 1.0, 1.0, 1.0)","(0.0, 0.0, 0.0, 0.0, 0.0, 0.0, 0.0, 0.0, 0.0, 0.0, 0.0)",382920.0,1769000.0,385480.0,1771560.0,65536,79,65536,79,0,0,0,0,0,0,c130209ea710d0748710b9c14c308519f772f162e154aac0d796798ca580e539,53aca94169ad6fa203c98deeffc2d8ca65e29b2965eec656cfa608b560a925c1,79cb28552ca53789c2eaed56bf97925ad01447f36c37228f566b98b1dc3c13b5,65457,0,0,0,0,0,0,2,0,0,0,0,77,0,0,0
56,11-6-18_16PCC_51,11-6-18_16PCC,2018-06-11,16PCC,51,patches/S2_11-6-18_16PCC/S2_11-6-18_16PCC_51.tif,patches/S2_11-6-18_16PCC/S2_11-6-18_16PCC_51_cl.tif,patches/S2_11-6-18_16PCC/S2_11-6-18_16PCC_51_conf.tif,val,-88.08195102266761,15.940010620195789,EPSG:32616,10.0,10.0,11,float32,,"(1.0, 1.0, 1.0, 1.0, 1.0, 1.0, 1.0, 1.0, 1.0, 1.0, 1.0)","(0.0, 0.0, 0.0, 0.0, 0.0, 0.0, 0.0, 0.0, 0.0, 0.0, 0.0)",382920.0,1761320.0,385480.0,1763880.0,65536,58,65536,58,0,0,0,0,0,0,b30d377acf01aef9bff8da821fc5cbfe46c1b3f8f26c3ce23dec4a683647c3f2,f39bbd4a848c9391d59e4c7c888283aa0050cfee63219e66bfa36fa041b01c61,27dc96605cb833aef595b5d5746cb35438cacc8b2611ae9066ca9a77d723b17e,65478,0,0,0,0,0,0,0,0,0,0,0,58,0,0,0
57,11-6-18_16PCC_52,11-6-18_16PCC,2018-06-11,16PCC,52,patches/S2_11-6-18_16PCC/S2_11-6-18_16PCC_52.tif,patches/S2_11-6-18_16PCC/S2_11-6-18_16PCC_52_cl.tif,patches/S2_11-6-18_16PCC/S2_11-6-18_16PCC_52_conf.tif,val,-88.08182708225615,15.91687116092238,EPSG:32616,10.0,10.0,11,float32,,"(1.0, 1.0, 1.0, 1.0, 1.0, 1.0, 1.0, 1.0, 1.0, 1.0, 1.0)","(0.0, 0.0, 0.0, 0.0, 0.0, 0.0, 0.0, 0.0, 0.0, 0.0, 0.0)",382920.0,1758760.0,385480.0,1761320.0,65536,4,65536,4,0,0,0,0,0,0,cbbf9b1d06e57f80a98dae7c2f1ef36fb083bff48cb5b124943ebc87ec741d17,5f6f14ff32dc2465987f4c083cc7b51c196f15b1e4a27c1b442c51ca1c31b851,4beae22549be55920bd98586d9d8005e72b48cb740ab95dfe90aad593fc3eb12,65532,0,0,0,0,0,0,0,0,0,0,0,4,0,0,0
58,11-6-18_16PCC_6,11-6-18_16PCC,2018-06-11,16PCC,6,patches/S2_11-6-18_16PCC/S2_11-6-18_16PCC_6.tif,patches/S2_11-6-18_16PCC/S2_11-6-18_16PCC_6_cl.tif,patches/S2_11-6-18_16PCC/S2_11-6-18_16PCC_6_conf.tif,val,-88.60657446694805,15.751651721976112,EPSG:32616,10.0,10.0,11,float32,,"(1.0, 1.0, 1.0, 1.0, 1.0, 1.0, 1.0, 1.0, 1.0, 1.0, 1.0)","(0.0, 0.0, 0.0, 0.0, 0.0, 0.0, 0.0, 0.0, 0.0, 0.0, 0.0)",326600.0,1740840.0,329160.0,1743400.0,65536,120,65536,120,0,0,0,0,0,0,a51ba4a1705530e58bf8b361e283e212f83aa6353a0e90163298927c45623856,e7e4582d5d79b32ce344501a7b3897076deb4c4ea52a90d232f9ad9c358be2ef,1879b5fc44ad14d2de2fcc43137165f07f0855a947886cd58d90dd747919da3f,65416,0,0,0,0,43,0,0,0,0,28,0,0,0,49,0
59,11-6-18_16PCC_7,11-6-18_16PCC,2018-06-11,16PCC,7,patches/S2_11-6-18_16PCC/S2_11-6-18_16PCC_7.tif,patches/S2_11-6-18_16PCC/S2_11-6-18_16PCC_7_cl.tif,patches/S2_11-6-18_16PCC/S2_11-6-18_16PCC_7_conf.tif,val,-88.58449266630133,15.983175048890153,EPSG:32616,10.0,10.0,11,float32,,"(1.0, 1.0, 1.0, 1.0, 1.0, 1.0, 1.0, 1.0, 1.0, 1.0, 1.0)","(0.0, 0.0, 0.0, 0.0, 0.0, 0.0, 0.0, 0.0, 0.0, 0.0, 0.0)",329160.0,1766440.0,331720.0,1769000.0,65536,643,65536,643,0,0,0,0,0,0,ef6787fe546dd4abdeaa29a5cfbddcecd03d5ca03793c8659b11865846eaa813,30f6618723a9483a58cddb4b05c069bb39b061c6e16df8726d81782c31b29d17,6a64313c21abd0c38f89000c63098094d167340e408bb39a29a9a7ee937530f8,64893,0,0,0,0,0,394,52,0,0,0,0,0,197,0,0
60,11-6-18_16PCC_8,11-6-18_16PCC,2018-06-11,16PCC,8,patches/S2_11-6-18_16PCC/S2_11-6-18_16PCC_8.tif,patches/S2_11-6-18_16PCC/S2_11-6-18_16PCC_8_cl.tif,patches/S2_11-6-18_16PCC/S2_11-6-18_16PCC_8_conf.tif,val,-88.5835855809074,15.867501447728435,EPSG:32616,10.0,10.0,11,float32,,"(1.0, 1.0, 1.0, 1.0, 1.0, 1.0, 1.0, 1.0, 1.0, 1.0, 1.0)","(0.0, 0.0, 0.0, 0.0, 0.0, 0.0, 0.0, 0.0, 0.0, 0.0, 0.0)",329160.0,1753640.0,331720.0,1756200.0,65536,97,65536,97,0,0,0,0,0,0,97aa1720b117359363ce14716f77efb0b29c9353d1160ae1037c6623cdd7ce86,6a6ed6e05cb22d0a75058b16ecc213590ca884543bd48d874e2195c0d9b9eeb2,a94f0c142261a1940d3b5e020cf10aecffb720d300d8ac2fc169a2c3c62af72b,65439,0,0,0,0,0,74,23,0,0,0,0,0,0,0,0
61,11-6-18_16PCC_9,11-6-18_16PCC,2018-06-11,16PCC,9,patches/S2_11-6-18_16PCC/S2_11-6-18_16PCC_9.tif,patches/S2_11-6-18_16PCC/S2_11-6-18_16PCC_9_cl.tif,patches/S2_11-6-18_16PCC/S2_11-6-18_16PCC_9_conf.tif,val,-88.46490944420243,15.984022890943331,EPSG:32616,10.0,10.0,11,float32,,"(1.0, 1.0, 1.0, 1.0, 1.0, 1.0, 1.0, 1.0, 1.0, 1.0, 1.0)","(0.0, 0.0, 0.0, 0.0, 0.0, 0.0, 0.0, 0.0, 0.0, 0.0, 0.0)",341960.0,1766440.0,344520.0,1769000.0,65536,238,65536,238,0,0,0,0,0,0,4161bf6de770270204aecebec0036cd501b73585ae9889cfbe001dc024a12736,a82c9ec70f7623977ffa4dc18afec635a1c24c129bee7c01b9700763e0b6212a,48d8c1bab01e51089aa0479d4b7d3a7562665702174eee9c911c60505c2186b0,65298,0,0,0,0,0,80,8,0,0,0,0,0,150,0,0
62,12-1-17_16PCC_0,12-1-17_16PCC,2017-01-12,16PCC,0,patches/S2_12-1-17_16PCC/S2_12-1-17_16PCC_0.tif,patches/S2_12-1-17_16PCC/S2_12-1-17_16PCC_0_cl.tif,patches/S2_12-1-17_16PCC/S2_12-1-17_16PCC_0_conf.tif,train,-88.39125482250365,15.898468510021244,EPSG:32616,10.0,10.0,11,float32,,"(1.0, 1.0, 1.0, 1.0, 1.0, 1.0, 1.0, 1.0, 1.0, 1.0, 1.0)","(0.0, 0.0, 0.0, 0.0, 0.0, 0.0, 0.0, 0.0, 0.0, 0.0, 0.0)",349780.0,1756920.0,352340.0,1759480.0,65536,1,65536,1,0,0,0,0,0,0,08130e1051f4da1e68e0ea1d031f320e2233a0092edada0fb4e1b78fa66db772,02a1ad75de9f304420fb9cd7dae7fc7999ef746f6a1ba7b98477cb535bf0d2d6,85b0e9d430db46cd86525461a064f48f60ffb45494c30d67f5531c82f374229f,65535,1,0,0,0,0,0,0,0,0,0,0,0,0,0,0
63,12-1-17_16PCC_1,12-1-17_16PCC,2017-01-12,16PCC,1,patches/S2_12-1-17_16PCC/S2_12-1-17_16PCC_1.tif,patches/S2_12-1-17_16PCC/S2_12-1-17_16PCC_1_cl.tif,patches/S2_12-1-17_16PCC/S2_12-1-17_16PCC_1_conf.tif,train,-88.39109589410153,15.875331673459195,EPSG:32616,10.0,10.0,11,float32,,"(1.0, 1.0, 1.0, 1.0, 1.0, 1.0, 1.0, 1.0, 1.0, 1.0, 1.0)","(0.0, 0.0, 0.0, 0.0, 0.0, 0.0, 0.0, 0.0, 0.0, 0.0, 0.0)",349780.0,1754360.0,352340.0,1756920.0,65536,5,65536,5,0,0,0,0,0,0,130c150fd85597cf1ef1c83e007c6bc6cf332d0b9d23701cd322eb5eea9bc039,5c9b3d8223cb0750c299a9a54cea0655e297d2767e6339aa7f7399934c3880dd,c4fe8636a94a383d9660379f7c49764fc9c397a665f6f0e9cc4acc2a00f1c8cb,65531,0,0,0,0,0,0,1,0,4,0,0,0,0,0,0
64,12-1-17_16PCC_10,12-1-17_16PCC,2017-01-12,16PCC,10,patches/S2_12-1-17_16PCC/S2_12-1-17_16PCC_10.tif,patches/S2_12-1-17_16PCC/S2_12-1-17_16PCC_10_cl.tif,patches/S2_12-1-17_16PCC/S2_12-1-17_16PCC_10_conf.tif,train,-88.2714213765217,15.852929133068331,EPSG:32616,10.0,10.0,11,float32,,"(1.0, 1.0, 1.0, 1.0, 1.0, 1.0, 1.0, 1.0, 1.0, 1.0, 1.0)","(0.0, 0.0, 0.0, 0.0, 0.0, 0.0, 0.0, 0.0, 0.0, 0.0, 0.0)",362580.0,1751800.0,365140.0,1754360.0,65536,13,65536,13,0,0,0,0,0,0,03e1739bd37c63f91c26365c1ffa5fb509fb7106a71e2bda52d75443ea0d8224,90650f0d2a1f32fd31d018045c58031de51a971f4b95835003f8ef8c20e7949d,f571878a0d786ee517cb3f04058c2883cedcbcb27b172c7f82bba0720851d615,65523,4,0,0,0,0,0,1,0,2,0,0,0,0,0,6
65,12-1-17_16PCC_11,12-1-17_16PCC,2017-01-12,16PCC,11,patches/S2_12-1-17_16PCC/S2_12-1-17_16PCC_11.tif,patches/S2_12-1-17_16PCC/S2_12-1-17_16PCC_11_cl.tif,patches/S2_12-1-17_16PCC/S2_12-1-17_16PCC_11_conf.tif,train,-88.2712765729857,15.829791068371343,EPSG:32616,10.0,10.0,11,float32,,"(1.0, 1.0, 1.0, 1.0, 1.0, 1.0, 1.0, 1.0, 1.0, 1.0, 1.0)","(0.0, 0.0, 0.0, 0.0, 0.0, 0.0, 0.0, 0.0, 0.0, 0.0, 0.0)",362580.0,1749240.0,365140.0,1751800.0,65536,12,65536,12,0,0,0,0,0,0,609ab3979191d1e86287422a4c61e916545c679a2f8ad2f55171159314c749b2,01229060e1074d1881612bb1761340ec2307b34d506168d06781f5151c904932,99797db5110f5bc0720f7fee74e3ebcb6afe972f1f9c6397d4cb418209ec1a5c,65524,2,0,0,0,0,0,0,0,5,0,0,0,0,0,5
66,12-1-17_16PCC_12,12-1-17_16PCC,2017-01-12,16PCC,12,patches/S2_12-1-17_16PCC/S2_12-1-17_16PCC_12.tif,patches/S2_12-1-17_16PCC/S2_12-1-17_16PCC_12_cl.tif,patches/S2_12-1-17_16PCC/S2_12-1-17_16PCC_12_conf.tif,train,-88.27113200845045,15.806652953112971,EPSG:32616,10.0,10.0,11,float32,,"(1.0, 1.0, 1.0, 1.0, 1.0, 1.0, 1.0, 1.0, 1.0, 1.0, 1.0)","(0.0, 0.0, 0.0, 0.0, 0.0, 0.0, 0.0, 0.0, 0.0, 0.0, 0.0)",362580.0,1746680.0,365140.0,1749240.0,65536,2396,65536,2396,0,0,0,0,0,0,b284ec495bf49d233e8ea3bd172f671bba33128934b228675a6acfc004eaf366,b2429f55bde4b18329d9e6859f76bbbd422af67118ab49d8514ab7ee55e6a677,af2bc142b59ca911236175ecba7be04e92fd652c70ac0df335783d64e0adf23c,63140,0,0,0,0,0,0,0,0,0,2396,0,0,0,0,0
67,12-1-17_16PCC_13,12-1-17_16PCC,2017-01-12,16PCC,13,patches/S2_12-1-17_16PCC/S2_12-1-17_16PCC_13.tif,patches/S2_12-1-17_16PCC/S2_12-1-17_16PCC_13_cl.tif,patches/S2_12-1-17_16PCC/S2_12-1-17_16PCC_13_conf.tif,train,-88.27084359587133,15.760376571178831,EPSG:32616,10.0,10.0,11,float32,,"(1.0, 1.0, 1.0, 1.0, 1.0, 1.0, 1.0, 1.0, 1.0, 1.0, 1.0)","(0.0, 0.0, 0.0, 0.0, 0.0, 0.0, 0.0, 0.0, 0.0, 0.0, 0.0)",362580.0,1741560.0,365140.0,1744120.0,65536,53,65536,53,0,0,0,0,0,0,25ea6df1a620e06b7202420ddbae97a9cb48770b3136a9d06ba146ed1fe47c8e,1c10be2b10b88fa4a25d39498b1b877b2809a12f4a26dd72912916b74dca8f86,0a2087b10ad6228e0117596d34af142948e6f60f9ad73dfd179b9fb455e6b730,65483,0,0,0,0,0,0,0,53,0,0,0,0,0,0,0
68,12-1-17_16PCC_14,12-1-17_16PCC,2017-01-12,16PCC,14,patches/S2_12-1-17_16PCC/S2_12-1-17_16PCC_14.tif,patches/S2_12-1-17_16PCC/S2_12-1-17_16PCC_14_cl.tif,patches/S2_12-1-17_16PCC/S2_12-1-17_16PCC_14_conf.tif,train,-88.24751747098684,15.853068095701174,EPSG:32616,10.0,10.0,11,float32,,"(1.0, 1.0, 1.0, 1.0, 1.0, 1.0, 1.0, 1.0, 1.0, 1.0, 1.0)","(0.0, 0.0, 0.0, 0.0, 0.0, 0.0, 0.0, 0.0, 0.0, 0.0, 0.0)",365140.0,1751800.0,367700.0,1754360.0,65536,35,65536,35,0,0,0,0,0,0,b43a1535ba981836d35def67583b79034fef5996dd22f594c20a38c4d3645588,ddeca8a9e6f91068900f0d6a2fd4c22383211bb4ecfcc3116c5abe91483dd337,ecbb872aad1576c0913c88fa2e30a2465c47f3ea2876774de8b687586aef3db9,65501,11,0,0,0,0,0,3,0,0,15,0,0,0,0,6
69,12-1-17_16PCC_15,12-1-17_16PCC,2017-01-12,16PCC,15,patches/S2_12-1-17_16PCC/S2_12-1-17_16PCC_15.tif,patches/S2_12-1-17_16PCC/S2_12-1-17_16PCC_15_cl.tif,patches/S2_12-1-17_16PCC/S2_12-1-17_16PCC_15_conf.tif,train,-88.24680940068231,15.73737620204958,EPSG:32616,10.0,10.0,11,float32,,"(1.0, 1.0, 1.0, 1.0, 1.0, 1.0, 1.0, 1.0, 1.0, 1.0, 1.0)","(0.0, 0.0, 0.0, 0.0, 0.0, 0.0, 0.0, 0.0, 0.0, 0.0, 0.0)",365140.0,1739000.0,367700.0,1741560.0,65536,250,65536,250,0,0,0,0,0,0,06dd2556648b385698f751025a4cac8d40eb231a809ac014baf798c36a2d7938,f4b1f663d21de966079d17889c1c7bbe04e12121d1eae5df93e7b638eec9a9e4,bf5ccf7ae708ce9db77c21e6819665ae66ead780622bb802da093c1035db284c,65286,0,0,0,0,0,0,0,0,0,250,0,0,0,0,0
70,12-1-17_16PCC_16,12-1-17_16PCC,2017-01-12,16PCC,16,patches/S2_12-1-17_16PCC/S2_12-1-17_16PCC_16.tif,patches/S2_12-1-17_16PCC/S2_12-1-17_16PCC_16_cl.tif,patches/S2_12-1-17_16PCC/S2_12-1-17_16PCC_16_conf.tif,train,-88.22361333081564,15.853204422458388,EPSG:32616,10.0,10.0,11,float32,,"(1.0, 1.0, 1.0, 1.0, 1.0, 1.0, 1.0, 1.0, 1.0, 1.0, 1.0)","(0.0, 0.0, 0.0, 0.0, 0.0, 0.0, 0.0, 0.0, 0.0, 0.0, 0.0)",367700.0,1751800.0,370260.0,1754360.0,65536,3,65536,3,0,0,0,0,0,0,5fe778cb7208de651793f37416fe8c61216639a0b5c6b8f3bfa995ee6cfec36a,6429db71b9692fca25cdabb702344b10c270c9406b06bffa8110b1c87681de67,530da075c76bfdc444c6cb1734d501633077453733ad22640221123c5765da90,65533,0,0,0,0,0,0,0,0,0,0,0,0,0,0,3
71,12-1-17_16PCC_17,12-1-17_16PCC,2017-01-12,16PCC,17,patches/S2_12-1-17_16PCC/S2_12-1-17_16PCC_17.tif,patches/S2_12-1-17_16PCC/S2_12-1-17_16PCC_17_cl.tif,patches/S2_12-1-17_16PCC/S2_12-1-17_16PCC_17_conf.tif,train,-88.22305726243823,15.760650172196037,EPSG:32616,10.0,10.0,11,float32,,"(1.0, 1.0, 1.0, 1.0, 1.0, 1.0, 1.0, 1.0, 1.0, 1.0, 1.0)","(0.0, 0.0, 0.0, 0.0, 0.0, 0.0, 0.0, 0.0, 0.0, 0.0, 0.0)",367700.0,1741560.0,370260.0,1744120.0,65536,88,65536,88,0,0,0,0,0,0,1c42862ba8ccc279db31619a5f7216031e121b103a95a84a542e51de0452458e,d56790cf78e8cf92c0b19259ba1d6fffe63a30f0c9441b9ddb559659b860f367,1bb79737096acf2e608143aa9f00c3abb97ac0b0a50195d2e882cffbaf4ce087,65448,0,0,0,0,0,0,0,0,0,88,0,0,0,0,0
72,12-1-17_16PCC_18,12-1-17_16PCC,2017-01-12,16PCC,18,patches/S2_12-1-17_16PCC/S2_12-1-17_16PCC_18.tif,patches/S2_12-1-17_16PCC/S2_12-1-17_16PCC_18_cl.tif,patches/S2_12-1-17_16PCC/S2_12-1-17_16PCC_18_conf.tif,train,-88.22278060665437,15.714372745183324,EPSG:32616,10.0,10.0,11,float32,,"(1.0, 1.0, 1.0, 1.0, 1.0, 1.0, 1.0, 1.0, 1.0, 1.0, 1.0)","(0.0, 0.0, 0.0, 0.0, 0.0, 0.0, 0.0, 0.0, 0.0, 0.0, 0.0)",367700.0,1736440.0,370260.0,1739000.0,65536,43,65536,43,0,0,0,0,0,0,b304945bc959b4d4d8debf568945b679fc391522eb50120bee379a47d6d5d75d,c3ab0c1d6715feb7d136c47165b7c5fa01023279ecbf41bcc3a253e5f875de2b,a8b8680126d4e74697197be7ebdf90c41d98917a30e3836f3d8a2464a7ff9ed6,65493,0,0,0,0,0,0,0,0,43,0,0,0,0,0,0
73,12-1-17_16PCC_19,12-1-17_16PCC,2017-01-12,16PCC,19,patches/S2_12-1-17_16PCC/S2_12-1-17_16PCC_19.tif,patches/S2_12-1-17_16PCC/S2_12-1-17_16PCC_19_cl.tif,patches/S2_12-1-17_16PCC/S2_12-1-17_16PCC_19_conf.tif,train,-88.2001202380386,15.92275388595934,EPSG:32616,10.0,10.0,11,float32,,"(1.0, 1.0, 1.0, 1.0, 1.0, 1.0, 1.0, 1.0, 1.0, 1.0, 1.0)","(0.0, 0.0, 0.0, 0.0, 0.0, 0.0, 0.0, 0.0, 0.0, 0.0, 0.0)",370260.0,1759480.0,372820.0,1762040.0,65536,221,65536,221,0,0,0,0,0,0,4194eea3272fbabd52509a1aea4fe34ceb88f7dcc8a102930fc2798b050be273,a38470d83f023b74964ef031bc607b33ee9e6fdaaa7873dae532e94175c8f0e8,cfd368758ea6c7821ddfa5a0111e91e412bf8f33571a4126939e8cdb1c230da8,65315,0,0,0,0,0,0,221,0,0,0,0,0,0,0,0
74,12-1-17_16PCC_2,12-1-17_16PCC,2017-01-12,16PCC,2,patches/S2_12-1-17_16PCC/S2_12-1-17_16PCC_2.tif,patches/S2_12-1-17_16PCC/S2_12-1-17_16PCC_2_cl.tif,patches/S2_12-1-17_16PCC/S2_12-1-17_16PCC_2_conf.tif,train,-88.34343832807545,15.89877108077671,EPSG:32616,10.0,10.0,11,float32,,"(1.0, 1.0, 1.0, 1.0, 1.0, 1.0, 1.0, 1.0, 1.0, 1.0, 1.0)","(0.0, 0.0, 0.0, 0.0, 0.0, 0.0, 0.0, 0.0, 0.0, 0.0, 0.0)",354900.0,1756920.0,357460.0,1759480.0,65536,12,65536,12,0,0,0,0,0,0,083b8c3c16557ccb2616b647019c294aeddb43428552131fd9a350486429d6bc,3414e4adb4f0f502c88de8159b813f5e56616822ac0829f52e589063a18fe86a,ad6ac35242a45cb572e22ad70488c393d3035c721c81cccfa5cbb97f5f571334,65524,8,0,0,0,0,0,4,0,0,0,0,0,0,0,0
75,12-1-17_16PCC_20,12-1-17_16PCC,2017-01-12,16PCC,20,patches/S2_12-1-17_16PCC/S2_12-1-17_16PCC_20.tif,patches/S2_12-1-17_16PCC/S2_12-1-17_16PCC_20_cl.tif,patches/S2_12-1-17_16PCC/S2_12-1-17_16PCC_20_conf.tif,train,-88.19984582720102,15.876476754715183,EPSG:32616,10.0,10.0,11,float32,,"(1.0, 1.0, 1.0, 1.0, 1.0, 1.0, 1.0, 1.0, 1.0, 1.0, 1.0)","(0.0, 0.0, 0.0, 0.0, 0.0, 0.0, 0.0, 0.0, 0.0, 0.0, 0.0)",370260.0,1754360.0,372820.0,1756920.0,65536,5,65536,5,0,0,0,0,0,0,8c8db3b390ee888ecfde28befe89b37af4c004c9b45cb1b793e22bcb445e395f,8286a30867b9dbd84429a3971c348ca714a636e0287a8a9f04c83460726ae30c,6daccf6690d30382dd5c7a6a4f064cb18e58daad48f8eab008fa0f4bd144d1d6,65531,4,0,0,0,0,0,1,0,0,0,0,0,0,0,0
76,12-1-17_16PCC_21,12-1-17_16PCC,2017-01-12,16PCC,21,patches/S2_12-1-17_16PCC/S2_12-1-17_16PCC_21.tif,patches/S2_12-1-17_16PCC/S2_12-1-17_16PCC_21_cl.tif,patches/S2_12-1-17_16PCC/S2_12-1-17_16PCC_21_conf.tif,train,-88.19970896050073,15.853338113224842,EPSG:32616,10.0,10.0,11,float32,,"(1.0, 1.0, 1.0, 1.0, 1.0, 1.0, 1.0, 1.0, 1.0, 1.0, 1.0)","(0.0, 0.0, 0.0, 0.0, 0.0, 0.0, 0.0, 0.0, 0.0, 0.0, 0.0)",370260.0,1751800.0,372820.0,1754360.0,65536,9,65536,9,0,0,0,0,0,0,f2c1a4e964521c12abea16aa2f0fa97b48741389bdc3d96ccda94c842c96e4ac,2c31c7656d3bc81b52d0074fb3199f5eaf231b096135bb1fa738eb58482caf08,c9c3598fe5268bf5e7cad81350ca39f5f05909b277492f15e2d0e8668acf91b5,65527,6,0,0,0,0,0,1,0,0,0,0,0,0,0,2
77,12-1-17_16PCC_22,12-1-17_16PCC,2017-01-12,16PCC,22,patches/S2_12-1-17_16PCC/S2_12-1-17_16PCC_22.tif,patches/S2_12-1-17_16PCC/S2_12-1-17_16PCC_22_cl.tif,patches/S2_12-1-17_16PCC/S2_12-1-17_16PCC_22_conf.tif,train,-88.19943590393208,15.807060678839528,EPSG:32616,10.0,10.0,11,float32,,"(1.0, 1.0, 1.0, 1.0, 1.0, 1.0, 1.0, 1.0, 1.0, 1.0, 1.0)","(0.0, 0.0, 0.0, 0.0, 0.0, 0.0, 0.0, 0.0, 0.0, 0.0, 0.0)",370260.0,1746680.0,372820.0,1749240.0,65536,24,65536,24,0,0,0,0,0,0,b79a9cd0801bafc8f0536c1f89ed6af55fc6668afd1d9aff35ed4d9e15826066,fe7db1b38744f5bc1ae822306b2b8e7e12f3da51bb1ea26904dc43e8af423790,ed6e0ba134f9347cc0bb7cd765f2b2ac3708a8a2f8d109117f448d28c71e604c,65512,0,0,0,0,0,0,0,0,0,24,0,0,0,0,0
78,12-1-17_16PCC_23,12-1-17_16PCC,2017-01-12,16PCC,23,patches/S2_12-1-17_16PCC/S2_12-1-17_16PCC_23.tif,patches/S2_12-1-17_16PCC/S2_12-1-17_16PCC_23_cl.tif,patches/S2_12-1-17_16PCC/S2_12-1-17_16PCC_23_conf.tif,train,-88.19889249474782,15.714505206310887,EPSG:32616,10.0,10.0,11,float32,,"(1.0, 1.0, 1.0, 1.0, 1.0, 1.0, 1.0, 1.0, 1.0, 1.0, 1.0)","(0.0, 0.0, 0.0, 0.0, 0.0, 0.0, 0.0, 0.0, 0.0, 0.0, 0.0)",370260.0,1736440.0,372820.0,1739000.0,65536,44,65536,44,0,0,0,0,0,0,72fc0f1794fa8467aeebb62ef439347c7a42bd8e532c03b7eb3f5cd89e9f0871,37d68be62a6237931d43e21029cbe4d2851319fcfc03f461a28e842608c55c08,e1a6a1161ab3b130e94795cad029ca1830280332cf7759cb024c71e38d7e7e7f,65492,0,0,0,0,0,0,0,0,44,0,0,0,0,0,0
79,12-1-17_16PCC_24,12-1-17_16PCC,2017-01-12,16PCC,24,patches/S2_12-1-17_16PCC/S2_12-1-17_16PCC_24.tif,patches/S2_12-1-17_16PCC/S2_12-1-17_16PCC_24_cl.tif,patches/S2_12-1-17_16PCC/S2_12-1-17_16PCC_24_conf.tif,train,-88.15203096285956,15.876736625888528,EPSG:32616,10.0,10.0,11,float32,,"(1.0, 1.0, 1.0, 1.0, 1.0, 1.0, 1.0, 1.0, 1.0, 1.0, 1.0)","(0.0, 0.0, 0.0, 0.0, 0.0, 0.0, 0.0, 0.0, 0.0, 0.0, 0.0)",375380.0,1754360.0,377940.0,1756920.0,65536,739,65536,739,0,0,0,0,0,0,489bb7d4cee96a2a9aa68b51c59ba6da103397abd064c7e6779631fa9af38627,713f8940749d5c441c552af7e6a34bc61e9261b24687685e7ac14583a6aa669c,3fd11bdc1062209e2797c95beb47a196948110c6605811bb3a4ec5d5f8094655,64797,0,0,0,0,0,691,9,0,0,39,0,0,0,0,0
80,12-1-17_16PCC_25,12-1-17_16PCC,2017-01-12,16PCC,25,patches/S2_12-1-17_16PCC/S2_12-1-17_16PCC_25.tif,patches/S2_12-1-17_16PCC/S2_12-1-17_16PCC_25_cl.tif,patches/S2_12-1-17_16PCC/S2_12-1-17_16PCC_25_conf.tif,train,-88.15124571782167,15.737901633854609,EPSG:32616,10.0,10.0,11,float32,,"(1.0, 1.0, 1.0, 1.0, 1.0, 1.0, 1.0, 1.0, 1.0, 1.0, 1.0)","(0.0, 0.0, 0.0, 0.0, 0.0, 0.0, 0.0, 0.0, 0.0, 0.0, 0.0)",375380.0,1739000.0,377940.0,1741560.0,65536,2077,65536,2077,0,0,0,0,0,0,f9457257188223079674b5074bd00ee809ae0b7163ce8732761b607d720c5d2d,46ed6b59d7d608300457193c8748172e32cd8d1ddf78b5ace315a99a6784e06e,177be9c41cd426e2eeb1c22b81d25dd348e4f7453196d35b9ebc8a3f80baaeaf,63459,0,0,0,0,6,1837,21,0,0,0,0,0,203,10,0
81,12-1-17_16PCC_26,12-1-17_16PCC,2017-01-12,16PCC,26,patches/S2_12-1-17_16PCC/S2_12-1-17_16PCC_26.tif,patches/S2_12-1-17_16PCC/S2_12-1-17_16PCC_26_cl.tif,patches/S2_12-1-17_16PCC/S2_12-1-17_16PCC_26_conf.tif,train,-88.12735424568672,15.738026451789759,EPSG:32616,10.0,10.0,11,float32,,"(1.0, 1.0, 1.0, 1.0, 1.0, 1.0, 1.0, 1.0, 1.0, 1.0, 1.0)","(0.0, 0.0, 0.0, 0.0, 0.0, 0.0, 0.0, 0.0, 0.0, 0.0, 0.0)",377940.0,1739000.0,380500.0,1741560.0,65536,559,65536,559,0,0,0,0,0,0,6e24a61d8f39e521a39d5ff73096e682cdbe929b727cfc86bdb4c5fcb0ac3ca6,c05728379f590589840984260302dff48e1dcb6cd040a10ca091513bab62be8f,5a05ddf53345a4053828cdc503a3ef429c9550b9d528dd207dd99348923ad3b8,64977,0,0,0,0,0,520,21,0,0,0,0,0,18,0,0
82,12-1-17_16PCC_27,12-1-17_16PCC,2017-01-12,16PCC,27,patches/S2_12-1-17_16PCC/S2_12-1-17_16PCC_27.tif,patches/S2_12-1-17_16PCC/S2_12-1-17_16PCC_27_cl.tif,patches/S2_12-1-17_16PCC/S2_12-1-17_16PCC_27_conf.tif,train,-88.08030705173279,15.87710662963559,EPSG:32616,10.0,10.0,11,float32,,"(1.0, 1.0, 1.0, 1.0, 1.0, 1.0, 1.0, 1.0, 1.0, 1.0, 1.0)","(0.0, 0.0, 0.0, 0.0, 0.0, 0.0, 0.0, 0.0, 0.0, 0.0, 0.0)",383060.0,1754360.0,385620.0,1756920.0,65536,1989,65536,1989,0,0,0,0,0,0,2743ce18a76e0ae0b56b628308f0c1ac27ecf67c11fc337c952d9f1f1fb8bc14,ef6c51116c1c98fb06d966cbc405da9d13e600e66aa8654dd4ab2a444136911e,dfb7b456b39d82d7dc414aa96aee2e2e4dc75b91653cf9f7c40e8b3805102fdb,63547,0,0,0,0,0,1979,10,0,0,0,0,0,0,0,0
83,12-1-17_16PCC_3,12-1-17_16PCC,2017-01-12,16PCC,3,patches/S2_12-1-17_16PCC/S2_12-1-17_16PCC_3.tif,patches/S2_12-1-17_16PCC/S2_12-1-17_16PCC_3_cl.tif,patches/S2_12-1-17_16PCC/S2_12-1-17_16PCC_3_conf.tif,train,-88.34313164038578,15.85249643110067,EPSG:32616,10.0,10.0,11,float32,,"(1.0, 1.0, 1.0, 1.0, 1.0, 1.0, 1.0, 1.0, 1.0, 1.0, 1.0)","(0.0, 0.0, 0.0, 0.0, 0.0, 0.0, 0.0, 0.0, 0.0, 0.0, 0.0)",354900.0,1751800.0,357460.0,1754360.0,65536,72,65536,72,0,0,0,0,0,0,164e9c7f2581da3e237e6142c77f07b1864211447324298671afc5bf901d3426,42d823dce8e28ad15742ccf7fccc1de2b6555ba54d2ba63a73d05f6de31d2b9f,95cb96a0111a68e64019d27e97be2c9ba392b5706492a2198294468f8937e028,65464,0,0,0,0,0,0,72,0,0,0,0,0,0,0,0
84,12-1-17_16PCC_4,12-1-17_16PCC,2017-01-12,16PCC,4,patches/S2_12-1-17_16PCC/S2_12-1-17_16PCC_4.tif,patches/S2_12-1-17_16PCC/S2_12-1-17_16PCC_4_cl.tif,patches/S2_12-1-17_16PCC/S2_12-1-17_16PCC_4_conf.tif,train,-88.3195296992999,15.898918400999207,EPSG:32616,10.0,10.0,11,float32,,"(1.0, 1.0, 1.0, 1.0, 1.0, 1.0, 1.0, 1.0, 1.0, 1.0, 1.0)","(0.0, 0.0, 0.0, 0.0, 0.0, 0.0, 0.0, 0.0, 0.0, 0.0, 0.0)",357460.0,1756920.0,360020.0,1759480.0,65536,5,65536,5,0,0,0,0,0,0,a15aa3df0249f3dc839a16f61b856dd36181cfdaa4da855479f5d3443d2a0335,a4698b57bbfa42dfbf3025db6981265cbc1e947b6a7acf5710ab3adb7e411664,36575ef212be0c065cbe80fda645341f24a42d9822a6e1099fd289310a7424aa,65531,4,0,0,0,0,0,1,0,0,0,0,0,0,0,0
85,12-1-17_16PCC_5,12-1-17_16PCC,2017-01-12,16PCC,5,patches/S2_12-1-17_16PCC/S2_12-1-17_16PCC_5.tif,patches/S2_12-1-17_16PCC/S2_12-1-17_16PCC_5_cl.tif,patches/S2_12-1-17_16PCC/S2_12-1-17_16PCC_5_conf.tif,train,-88.31937895838362,15.875780876218831,EPSG:32616,10.0,10.0,11,float32,,"(1.0, 1.0, 1.0, 1.0, 1.0, 1.0, 1.0, 1.0, 1.0, 1.0, 1.0)","(0.0, 0.0, 0.0, 0.0, 0.0, 0.0, 0.0, 0.0, 0.0, 0.0, 0.0)",357460.0,1754360.0,360020.0,1756920.0,65536,2,65536,2,0,0,0,0,0,0,922e0472bca65610f727b8a20164e4d024879d119ef810dd322cbe1b4395a3b1,a64860f9dd443788619c35380f8c92a6c83ee07c3c0623e456fe4ba597188c5a,06fd9d4eb158aaeaaa486c5bad1466c7889ac699d543448e4c499f6916e19a30,65534,1,0,0,0,0,0,1,0,0,0,0,0,0,0,0
86,12-1-17_16PCC_6,12-1-17_16PCC,2017-01-12,16PCC,6,patches/S2_12-1-17_16PCC/S2_12-1-17_16PCC_6.tif,patches/S2_12-1-17_16PCC/S2_12-1-17_16PCC_6_cl.tif,patches/S2_12-1-17_16PCC/S2_12-1-17_16PCC_6_conf.tif,train,-88.31892822457776,15.806367997398544,EPSG:32616,10.0,10.0,11,float32,,"(1.0, 1.0, 1.0, 1.0, 1.0, 1.0, 1.0, 1.0, 1.0, 1.0, 1.0)","(0.0, 0.0, 0.0, 0.0, 0.0, 0.0, 0.0, 0.0, 0.0, 0.0, 0.0)",357460.0,1746680.0,360020.0,1749240.0,65536,32,65536,32,0,0,0,0,0,0,55ea3955b38709c4f2b187f1de658b9bbc0727939736cf9e62b42733796d9442,f7f353103e0dab180db6af91b04ac70bc6c79986d394d0d906d589133b6def4a,a2507c386901c0847cc7393f9229cc3c2846d699be899447df1a9f668e8c7c21,65504,0,0,0,0,0,0,0,0,0,32,0,0,0,0,0
87,12-1-17_16PCC_7,12-1-17_16PCC,2017-01-12,16PCC,7,patches/S2_12-1-17_16PCC/S2_12-1-17_16PCC_7.tif,patches/S2_12-1-17_16PCC/S2_12-1-17_16PCC_7_cl.tif,patches/S2_12-1-17_16PCC/S2_12-1-17_16PCC_7_conf.tif,train,-88.29576907751218,15.922200772908427,EPSG:32616,10.0,10.0,11,float32,,"(1.0, 1.0, 1.0, 1.0, 1.0, 1.0, 1.0, 1.0, 1.0, 1.0, 1.0)","(0.0, 0.0, 0.0, 0.0, 0.0, 0.0, 0.0, 0.0, 0.0, 0.0, 0.0)",360020.0,1759480.0,362580.0,1762040.0,65536,91,65536,91,0,0,0,0,0,0,58cf57be100989f3026454f196e1a90da11659eeb49686a3f3eebf5129f147e8,44aae64a7bbec25c1839f64396b9bb988d5ca365671241d022d967dd9dd2d3ea,bac5ffa39f913cae14e2e682e755d203ec718bb55f3332f812a642f71f2ae4e3,65445,0,0,0,0,0,0,91,0,0,0,0,0,0,0,0
88,12-1-17_16PCC_8,12-1-17_16PCC,2017-01-12,16PCC,8,patches/S2_12-1-17_16PCC/S2_12-1-17_16PCC_8.tif,patches/S2_12-1-17_16PCC/S2_12-1-17_16PCC_8_cl.tif,patches/S2_12-1-17_16PCC/S2_12-1-17_16PCC_8_conf.tif,train,-88.2951775188158,15.829649687159781,EPSG:32616,10.0,10.0,11,float32,,"(1.0, 1.0, 1.0, 1.0, 1.0, 1.0, 1.0, 1.0, 1.0, 1.0, 1.0)","(0.0, 0.0, 0.0, 0.0, 0.0, 0.0, 0.0, 0.0, 0.0, 0.0, 0.0)",360020.0,1749240.0,362580.0,1751800.0,65536,11,65536,11,0,0,0,0,0,0,9d01f818922eddcb955f2ce2cb51120da226f66bb40f43e377b9226a8d27925c,9e9c66c8c1e16c83aeb07cefc67291531d13bf8b58ed34c4e7b8cdf1d68c46ba,89865ac13ca0f85a91160a51e201fe7693e3b4db78a122aae1620f384d6a79ed,65525,5,0,0,0,0,0,2,0,3,0,0,0,0,0,1
89,12-1-17_16PCC_9,12-1-17_16PCC,2017-01-12,16PCC,9,patches/S2_12-1-17_16PCC/S2_12-1-17_16PCC_9.tif,patches/S2_12-1-17_16PCC/S2_12-1-17_16PCC_9_cl.tif,patches/S2_12-1-17_16PCC/S2_12-1-17_16PCC_9_conf.tif,train,-88.29503023819424,15.806511789033387,EPSG:32616,10.0,10.0,11,float32,,"(1.0, 1.0, 1.0, 1.0, 1.0, 1.0, 1.0, 1.0, 1.0, 1.0, 1.0)","(0.0, 0.0, 0.0, 0.0, 0.0, 0.0, 0.0, 0.0, 0.0, 0.0, 0.0)",360020.0,1746680.0,362580.0,1749240.0,65536,12,65536,12,0,0,0,0,0,0,6cd206d4dba004c219d9305417f9579cddaf261fce2c3f8c3e0fe9f4d421e052,12286bbbb461224d0f5c0248403a2d5f408e5d001ee3cedb973b7324a5866ca1,5eba5577aa11d4624a0e9804635795ff8f509936fa1e1cca48784cdd8914a095,65524,0,0,0,0,0,0,0,0,0,12,0,0,0,0,0
90,12-1-17_16PEC_0,12-1-17_16PEC,2017-01-12,16PEC,0,patches/S2_12-1-17_16PEC/S2_12-1-17_16PEC_0.tif,patches/S2_12-1-17_16PEC/S2_12-1-17_16PEC_0_cl.tif,patches/S2_12-1-17_16PEC/S2_12-1-17_16PEC_0_conf.tif,val,-86.9843057328367,15.898426521526604,EPSG:32616,10.0,10.0,11,float32,,"(1.0, 1.0, 1.0, 1.0, 1.0, 1.0, 1.0, 1.0, 1.0, 1.0, 1.0)","(0.0, 0.0, 0.0, 0.0, 0.0, 0.0, 0.0, 0.0, 0.0, 0.0, 0.0)",500400.0,1756420.0,502960.0,1758980.0,65536,33,65536,33,0,0,0,0,0,0,faf75ff42d5547fff3c6cb980831919bd72d6c7dcd0c623aba04413011dc88d0,c998fe9a7e83eea0a90fc75ff950e21269904daa6003f68b316d892318e6661f,52d5cbea9906a2f6587ae817f5040a0f4fb1a8c9a1debb610545a62b296c3da9,65503,0,0,0,0,0,0,33,0,0,0,0,0,0,0,0
91,12-1-17_16PEC_1,12-1-17_16PEC,2017-01-12,16PEC,1,patches/S2_12-1-17_16PEC/S2_12-1-17_16PEC_1.tif,patches/S2_12-1-17_16PEC/S2_12-1-17_16PEC_1_cl.tif,patches/S2_12-1-17_16PEC/S2_12-1-17_16PEC_1_conf.tif,val,-86.96033115481855,16.199286934418147,EPSG:32616,10.0,10.0,11,float32,,"(1.0, 1.0, 1.0, 1.0, 1.0, 1.0, 1.0, 1.0, 1.0, 1.0, 1.0)","(0.0, 0.0, 0.0, 0.0, 0.0, 0.0, 0.0, 0.0, 0.0, 0.0, 0.0)",502960.0,1789700.0,505520.0,1792260.0,65536,234,65536,234,0,0,0,0,0,0,29cd03b29c589143d5f813c65099bb74dd717181fca92c4913a1111f67bddc64,6b459315f2b06a1ff0cdd83e051e933d1138547ca59079ea1b2c60e7768e15d7,a485c93c9c734cffc4563b73997ca8810d5e06c63407cc776aa0b18ad4d8dfd6,65302,0,0,0,0,0,0,234,0,0,0,0,0,0,0,0
92,12-1-17_16PEC_10,12-1-17_16PEC,2017-01-12,16PEC,10,patches/S2_12-1-17_16PEC/S2_12-1-17_16PEC_10.tif,patches/S2_12-1-17_16PEC/S2_12-1-17_16PEC_10_cl.tif,patches/S2_12-1-17_16PEC/S2_12-1-17_16PEC_10_conf.tif,val,-86.88854298333159,16.083545849606548,EPSG:32616,10.0,10.0,11,float32,,"(1.0, 1.0, 1.0, 1.0, 1.0, 1.0, 1.0, 1.0, 1.0, 1.0, 1.0)","(0.0, 0.0, 0.0, 0.0, 0.0, 0.0, 0.0, 0.0, 0.0, 0.0, 0.0)",510640.0,1776900.0,513200.0,1779460.0,65536,80,65536,80,0,0,0,0,0,0,80290dbf534bf936635ee643e07f2adc58c81bcd2b3bb65546276a5bd1447e8d,bc03d57227b0a3585a572b367eba9b768eeb0b162ca26b5c8cd50d742cb18751,a77d38afc2f008e62c4b3bf044d3e1bd8cca1633070b122284248159b46a2f2d,65456,0,0,0,0,14,0,45,0,0,0,0,0,0,21,0
93,12-1-17_16PEC_11,12-1-17_16PEC,2017-01-12,16PEC,11,patches/S2_12-1-17_16PEC/S2_12-1-17_16PEC_11.tif,patches/S2_12-1-17_16PEC/S2_12-1-17_16PEC_11_cl.tif,patches/S2_12-1-17_16PEC/S2_12-1-17_16PEC_11_conf.tif,val,-86.81681653394675,15.990923354253757,EPSG:32616,10.0,10.0,11,float32,,"(1.0, 1.0, 1.0, 1.0, 1.0, 1.0, 1.0, 1.0, 1.0, 1.0, 1.0)","(0.0, 0.0, 0.0, 0.0, 0.0, 0.0, 0.0, 0.0, 0.0, 0.0, 0.0)",518320.0,1766660.0,520880.0,1769220.0,65536,42,65536,42,0,0,0,0,0,0,fc8a6f20f6dfe3f2967d76f0c86a2222965fe8790fc4cd0def7e56cde4a3aaf8,c16bd9397e56dbf624414ecbec9a98b7a8138d9469aa260ef7d96dfb65bd88e6,4127bb6a4456b4030855eb3cdf147fd8684bacdb1be4ca50d8d7a02e7872a71c,65494,0,0,0,0,0,0,42,0,0,0,0,0,0,0,0
94,12-1-17_16PEC_12,12-1-17_16PEC,2017-01-12,16PEC,12,patches/S2_12-1-17_16PEC/S2_12-1-17_16PEC_12.tif,patches/S2_12-1-17_16PEC/S2_12-1-17_16PEC_12_cl.tif,patches/S2_12-1-17_16PEC/S2_12-1-17_16PEC_12_conf.tif,val,-86.76899133415895,15.967733951015898,EPSG:32616,10.0,10.0,11,float32,,"(1.0, 1.0, 1.0, 1.0, 1.0, 1.0, 1.0, 1.0, 1.0, 1.0, 1.0)","(0.0, 0.0, 0.0, 0.0, 0.0, 0.0, 0.0, 0.0, 0.0, 0.0, 0.0)",523440.0,1764100.0,526000.0,1766660.0,65536,17,65536,17,0,0,0,0,0,0,c47d6c23ade27cf182bb2ddf79f90710c73c6b81a3c95ece9774d9aa4c8ec4b1,2798da5fbf3a3d40ed4a7edeba8b67a2c07d87a980b38521d0c42055e6b0c189,8e781116e812daa47070f0ad40d9b1953857a1870ccc1ad48beef22565e4f27e,65519,0,2,15,0,0,0,0,0,0,0,0,0,0,0,0
95,12-1-17_16PEC_13,12-1-17_16PEC,2017-01-12,16PEC,13,patches/S2_12-1-17_16PEC/S2_12-1-17_16PEC_13.tif,patches/S2_12-1-17_16PEC/S2_12-1-17_16PEC_13_cl.tif,patches/S2_12-1-17_16PEC/S2_12-1-17_16PEC_13_conf.tif,val,-86.74527206885499,15.805702677836848,EPSG:32616,10.0,10.0,11,float32,,"(1.0, 1.0, 1.0, 1.0, 1.0, 1.0, 1.0, 1.0, 1.0, 1.0, 1.0)","(0.0, 0.0, 0.0, 0.0, 0.0, 0.0, 0.0, 0.0, 0.0, 0.0, 0.0)",526000.0,1746180.0,528560.0,1748740.0,65536,167,65536,167,0,0,0,0,0,0,a040fc8b328d3f349baa01140d1e74f74ddfd5c09fef39767dc2ec26f2fe185b,fc7d3672d49c9748d1f6a20df46ac0a543a178d4647988c39c3b9eef3d9c0fef,f233d5541d68025557435e06614c05c54da3ef5ec4fdd4c3f792ecb4d349f4ea,65369,0,0,0,0,0,0,0,0,0,167,0,0,0,0,0
96,12-1-17_16PEC_14,12-1-17_16PEC,2017-01-12,16PEC,14,patches/S2_12-1-17_16PEC/S2_12-1-17_16PEC_14.tif,patches/S2_12-1-17_16PEC/S2_12-1-17_16PEC_14_cl.tif,patches/S2_12-1-17_16PEC/S2_12-1-17_16PEC_14_conf.tif,val,-86.72091975281911,16.129678816378437,EPSG:32616,10.0,10.0,11,float32,,"(1.0, 1.0, 1.0, 1.0, 1.0, 1.0, 1.0, 1.0, 1.0, 1.0, 1.0)","(0.0, 0.0, 0.0, 0.0, 0.0, 0.0, 0.0, 0.0, 0.0, 0.0, 0.0)",528560.0,1782020.0,531120.0,1784580.0,65536,144,65536,144,0,0,0,0,0,0,d4cd44fbd81bf63872b3644a0bbc5f16b89fef1e2d52dbe2325e240655d71fce,d1c266a4301386ea6c8b1bd9dfdee3f0b95b0ed56d661b947a48d384e6989ac1,6e12953ac5a6b84e48cabf72361b85d3a8572c5311d6d92deacc223bbb8f60f4,65392,0,0,0,0,0,0,144,0,0,0,0,0,0,0,0
97,12-1-17_16PEC_15,12-1-17_16PEC,2017-01-12,16PEC,15,patches/S2_12-1-17_16PEC/S2_12-1-17_16PEC_15.tif,patches/S2_12-1-17_16PEC/S2_12-1-17_16PEC_15_cl.tif,patches/S2_12-1-17_16PEC/S2_12-1-17_16PEC_15_conf.tif,val,-86.67322420709287,16.013896200282797,EPSG:32616,10.0,10.0,11,float32,,"(1.0, 1.0, 1.0, 1.0, 1.0, 1.0, 1.0, 1.0, 1.0, 1.0, 1.0)","(0.0, 0.0, 0.0, 0.0, 0.0, 0.0, 0.0, 0.0, 0.0, 0.0, 0.0)",533680.0,1769220.0,536240.0,1771780.0,65536,75,65536,75,0,0,0,0,0,0,26b3c5528d49a06fdca93cbac2b5acb14005a284f477cf8f32b8d9543854d4f3,708307b70ea39585dba70a5af817a46458492028888a92685ecdb6e0908d3471,6562aa095061b5fd64d4c84f13858d3270eb97758eaf41394ccaf9191c583ac9,65461,0,19,40,0,0,0,16,0,0,0,0,0,0,0,0
98,12-1-17_16PEC_16,12-1-17_16PEC,2017-01-12,16PEC,16,patches/S2_12-1-17_16PEC/S2_12-1-17_16PEC_16.tif,patches/S2_12-1-17_16PEC/S2_12-1-17_16PEC_16_cl.tif,patches/S2_12-1-17_16PEC/S2_12-1-17_16PEC_16_conf.tif,val,-86.67326182502164,15.990753128534047,EPSG:32616,10.0,10.0,11,float32,,"(1.0, 1.0, 1.0, 1.0, 1.0, 1.0, 1.0, 1.0, 1.0, 1.0, 1.0)","(0.0, 0.0, 0.0, 0.0, 0.0, 0.0, 0.0, 0.0, 0.0, 0.0, 0.0)",533680.0,1766660.0,536240.0,1769220.0,65536,15,65536,15,0,0,0,0,0,0,f3e995bf011ef08bfa5927575269a9b245a2e0a4401c0e190e2a72556f1873e3,d62de08a790db799de0e8c645c24ccec464b2c9902ed5b3e92928eefda68bf6d,e33233345d79f94bec1a8f23fd2bca5ac6a0557dcffd7507687d0e735e030368,65521,0,0,15,0,0,0,0,0,0,0,0,0,0,0,0
99,12-1-17_16PEC_17,12-1-17_16PEC,2017-01-12,16PEC,17,patches/S2_12-1-17_16PEC/S2_12-1-17_16PEC_17.tif,patches/S2_12-1-17_16PEC/S2_12-1-17_16PEC_17_cl.tif,patches/S2_12-1-17_16PEC/S2_12-1-17_16PEC_17_conf.tif,val,-86.64929585718137,16.013858454041777,EPSG:32616,10.0,10.0,11,float32,,"(1.0, 1.0, 1.0, 1.0, 1.0, 1.0, 1.0, 1.0, 1.0, 1.0, 1.0)","(0.0, 0.0, 0.0, 0.0, 0.0, 0.0, 0.0, 0.0, 0.0, 0.0, 0.0)",536240.0,1769220.0,538800.0,1771780.0,65536,23,65536,23,0,0,0,0,0,0,55429a07e9b0525808380da0017d35273b72f08210443514b3333226fd72df69,9518da676559b408544448a8c6c80d8c7c884c4e12784468c67bca714b470f1b,02a088b672fb8a8028e215a1686fd2d96498c1853f1735ed2b5caf6438ec16ce,65513,0,14,9,0,0,0,0,0,0,0,0,0,0,0,0
100,12-1-17_16PEC_18,12-1-17_16PEC,2017-01-12,16PEC,18,patches/S2_12-1-17_16PEC/S2_12-1-17_16PEC_18.tif,patches/S2_12-1-17_16PEC/S2_12-1-17_16PEC_18_cl.tif,patches/S2_12-1-17_16PEC/S2_12-1-17_16PEC_18_conf.tif,val,-86.64933622957224,15.990715439676626,EPSG:32616,10.0,10.0,11,float32,,"(1.0, 1.0, 1.0, 1.0, 1.0, 1.0, 1.0, 1.0, 1.0, 1.0, 1.0)","(0.0, 0.0, 0.0, 0.0, 0.0, 0.0, 0.0, 0.0, 0.0, 0.0, 0.0)",536240.0,1766660.0,538800.0,1769220.0,65536,1,65536,1,0,0,0,0,0,0,8171db91ff4765576b99a426f675e465ab8250755317fe07ccd388eafa626246,08a0a83db1c8b6d1606ffc8511c8eb93f6f66c7b2f35eed4e5e3765e933edcb9,18bbaeea869e139e125b5828e701892cbc3f30f928bfc0f214adaa12da3dbce0,65535,0,0,1,0,0,0,0,0,0,0,0,0,0,0,0
101,12-1-17_16PEC_19,12-1-17_16PEC,2017-01-12,16PEC,19,patches/S2_12-1-17_16PEC/S2_12-1-17_16PEC_19.tif,patches/S2_12-1-17_16PEC/S2_12-1-17_16PEC_19_cl.tif,patches/S2_12-1-17_16PEC/S2_12-1-17_16PEC_19_conf.tif,val,-86.64965683067065,15.805569535881679,EPSG:32616,10.0,10.0,11,float32,,"(1.0, 1.0, 1.0, 1.0, 1.0, 1.0, 1.0, 1.0, 1.0, 1.0, 1.0)","(0.0, 0.0, 0.0, 0.0, 0.0, 0.0, 0.0, 0.0, 0.0, 0.0, 0.0)",536240.0,1746180.0,538800.0,1748740.0,65536,20,65536,20,0,0,0,0,0,0,b9fd8a649f1622e34253c05ce502288aeea8b0bdce7ce0299310a8bc323afcaa,6643f05b419a5b0298d05bf11c84ef4c598ddb066e1d814128b55bf41ca8b485,3b303df525eb6f735b796937f6bb4cd146155935d7f7646e7fa1d23dd1e1c043,65516,0,0,0,0,0,0,0,0,20,0,0,0,0,0,0
102,12-1-17_16PEC_2,12-1-17_16PEC,2017-01-12,16PEC,2,patches/S2_12-1-17_16PEC/S2_12-1-17_16PEC_2.tif,patches/S2_12-1-17_16PEC/S2_12-1-17_16PEC_2_cl.tif,patches/S2_12-1-17_16PEC/S2_12-1-17_16PEC_2_conf.tif,val,-86.96039970478296,15.852136027882452,EPSG:32616,10.0,10.0,11,float32,,"(1.0, 1.0, 1.0, 1.0, 1.0, 1.0, 1.0, 1.0, 1.0, 1.0, 1.0)","(0.0, 0.0, 0.0, 0.0, 0.0, 0.0, 0.0, 0.0, 0.0, 0.0, 0.0)",502960.0,1751300.0,505520.0,1753860.0,65536,7,65536,7,0,0,0,0,0,0,3572d15a09b5b083d4baa99cebb876f8c3ac4304e0f81241d6f14c2a622ab55e,13dafecd17efc1c7bac753e2196051a2a36e68164cf5c6bda26fa8c44952d0d4,dedcce0bd726b46719afa80308d0c3e23cb91286972b01083319a89d50094cf2,65529,3,0,0,0,0,0,4,0,0,0,0,0,0,0,0
103,12-1-17_16PEC_20,12-1-17_16PEC,2017-01-12,16PEC,20,patches/S2_12-1-17_16PEC/S2_12-1-17_16PEC_20.tif,patches/S2_12-1-17_16PEC/S2_12-1-17_16PEC_20_cl.tif,patches/S2_12-1-17_16PEC/S2_12-1-17_16PEC_20_conf.tif,val,-86.64969660908645,15.782426075265839,EPSG:32616,10.0,10.0,11,float32,,"(1.0, 1.0, 1.0, 1.0, 1.0, 1.0, 1.0, 1.0, 1.0, 1.0, 1.0)","(0.0, 0.0, 0.0, 0.0, 0.0, 0.0, 0.0, 0.0, 0.0, 0.0, 0.0)",536240.0,1743620.0,538800.0,1746180.0,65536,48,65536,48,0,0,0,2,0,0,2864b586649b2f24fa621a9255ef331074aa74d7feae7fd0d9326176836b34c2,a568531eb22a2a3a35a7ee27a9d45faa7f5a6d07030626bd898196860ac688dd,3df681bcd01c5115b6358958ca5a5a694bfa0cb71ade1fcb439206a58caa8c13,65488,0,0,0,0,0,0,0,0,48,0,0,0,0,0,0
104,12-1-17_16PEC_21,12-1-17_16PEC,2017-01-12,16PEC,21,patches/S2_12-1-17_16PEC/S2_12-1-17_16PEC_21.tif,patches/S2_12-1-17_16PEC/S2_12-1-17_16PEC_21_cl.tif,patches/S2_12-1-17_16PEC/S2_12-1-17_16PEC_21_conf.tif,val,-86.60111608394304,16.175773773206384,EPSG:32616,10.0,10.0,11,float32,,"(1.0, 1.0, 1.0, 1.0, 1.0, 1.0, 1.0, 1.0, 1.0, 1.0, 1.0)","(0.0, 0.0, 0.0, 0.0, 0.0, 0.0, 0.0, 0.0, 0.0, 0.0, 0.0)",541360.0,1787140.0,543920.0,1789700.0,65536,5,65536,5,0,0,0,0,0,0,787493ad844a7b6b53561de2b0cf6a2b3d256796bb38ab20f0de2edf9d842a55,12d17ce90225daac2a5db21cac5c95546fcbf7028971442f56420df8c30d6008,881fc06066a571fbc53d18e681591a1a9aa457ada24b66b9d6848081544f2d4a,65531,0,0,5,0,0,0,0,0,0,0,0,0,0,0,0
105,12-1-17_16PEC_22,12-1-17_16PEC,2017-01-12,16PEC,22,patches/S2_12-1-17_16PEC/S2_12-1-17_16PEC_22.tif,patches/S2_12-1-17_16PEC/S2_12-1-17_16PEC_22_cl.tif,patches/S2_12-1-17_16PEC/S2_12-1-17_16PEC_22_conf.tif,val,-86.57721773362009,16.15258507423234,EPSG:32616,10.0,10.0,11,float32,,"(1.0, 1.0, 1.0, 1.0, 1.0, 1.0, 1.0, 1.0, 1.0, 1.0, 1.0)","(0.0, 0.0, 0.0, 0.0, 0.0, 0.0, 0.0, 0.0, 0.0, 0.0, 0.0)",543920.0,1784580.0,546480.0,1787140.0,65536,5,65536,5,0,0,0,0,0,0,f449a48e289bcb3be9f62c367446b9bc864885513ed9c4e8d4bd93e36de31f25,72b4b9e6b799ba907e5fbaf0e25d0e3631cb0570715f288ef6e92eeafd7369b7,bc8b12456076aed95803748a54c52e8306a0c48b8e8aeeb03f111b06b346f0d1,65531,0,0,5,0,0,0,0,0,0,0,0,0,0,0,0
106,12-1-17_16PEC_23,12-1-17_16PEC,2017-01-12,16PEC,23,patches/S2_12-1-17_16PEC/S2_12-1-17_16PEC_23.tif,patches/S2_12-1-17_16PEC/S2_12-1-17_16PEC_23_cl.tif,patches/S2_12-1-17_16PEC/S2_12-1-17_16PEC_23_conf.tif,val,-86.57726684813827,16.129442556998992,EPSG:32616,10.0,10.0,11,float32,,"(1.0, 1.0, 1.0, 1.0, 1.0, 1.0, 1.0, 1.0, 1.0, 1.0, 1.0)","(0.0, 0.0, 0.0, 0.0, 0.0, 0.0, 0.0, 0.0, 0.0, 0.0, 0.0)",543920.0,1782020.0,546480.0,1784580.0,65536,79,65536,79,0,0,0,0,0,0,7247649ffa408ea2c382a924724c0cacf629897ab45d8d27ec13116d3a47924d,ac1855eb290fcfcf9a96476ceff2c91d22f995e7e962b7de5bb12234ce8fa476,019b5ec5dcb4c4f2c60d64a6e2e8656090f26c6d1ea01648fe08237970530b2e,65457,0,0,0,0,6,0,12,0,0,0,0,0,0,61,0
107,12-1-17_16PEC_24,12-1-17_16PEC,2017-01-12,16PEC,24,patches/S2_12-1-17_16PEC/S2_12-1-17_16PEC_24.tif,patches/S2_12-1-17_16PEC/S2_12-1-17_16PEC_24_cl.tif,patches/S2_12-1-17_16PEC/S2_12-1-17_16PEC_24_conf.tif,val,-86.57760841398638,15.967443532378525,EPSG:32616,10.0,10.0,11,float32,,"(1.0, 1.0, 1.0, 1.0, 1.0, 1.0, 1.0, 1.0, 1.0, 1.0, 1.0)","(0.0, 0.0, 0.0, 0.0, 0.0, 0.0, 0.0, 0.0, 0.0, 0.0, 0.0)",543920.0,1764100.0,546480.0,1766660.0,65536,195,65536,195,0,0,0,0,0,0,bb2f982540364a6782c729784a81860eaeadd1e9f39cd9e6a90404e139fae866,6501837514c00585e88bc07bb8a1875d6991d2faa06b8385c1b4dc6907a2fdf5,53d7e24813d2c537c0caeaf13eddd1245a6df9f6cc7a1e2095ead13b427ebc95,65341,0,0,0,0,0,0,195,0,0,0,0,0,0,0,0
108,12-1-17_16PEC_25,12-1-17_16PEC,2017-01-12,16PEC,25,patches/S2_12-1-17_16PEC/S2_12-1-17_16PEC_25.tif,patches/S2_12-1-17_16PEC/S2_12-1-17_16PEC_25_cl.tif,patches/S2_12-1-17_16PEC/S2_12-1-17_16PEC_25_conf.tif,val,-86.5531690093141,16.19882095730299,EPSG:32616,10.0,10.0,11,float32,,"(1.0, 1.0, 1.0, 1.0, 1.0, 1.0, 1.0, 1.0, 1.0, 1.0, 1.0)","(0.0, 0.0, 0.0, 0.0, 0.0, 0.0, 0.0, 0.0, 0.0, 0.0, 0.0)",546480.0,1789700.0,549040.0,1792260.0,65536,307,65536,307,0,0,0,0,0,0,e4ea8b512322eed9f7e40f909565949075723465f0d2381636f10b4aded1b871,a72d44868b4c6f669d79f8c507b0d39affa07472ec4f4478d9351697449c5b07,fd594cb775b23f435bc42eb15ec0837df20cfb19bd10bdd0bbab35d9b212dcf3,65229,0,0,0,0,74,0,37,0,0,0,0,0,0,196,0
109,12-1-17_16PEC_26,12-1-17_16PEC,2017-01-12,16PEC,26,patches/S2_12-1-17_16PEC/S2_12-1-17_16PEC_26.tif,patches/S2_12-1-17_16PEC/S2_12-1-17_16PEC_26_cl.tif,patches/S2_12-1-17_16PEC/S2_12-1-17_16PEC_26_conf.tif,val,-86.55337676221068,16.10625128398145,EPSG:32616,10.0,10.0,11,float32,,"(1.0, 1.0, 1.0, 1.0, 1.0, 1.0, 1.0, 1.0, 1.0, 1.0, 1.0)","(0.0, 0.0, 0.0, 0.0, 0.0, 0.0, 0.0, 0.0, 0.0, 0.0, 0.0)",546480.0,1779460.0,549040.0,1782020.0,65536,94,65536,94,0,0,0,44,0,0,ccaf1a2aabfbdd4aef8134b4280520efdad4c45ec74e115c1ff11bd9a5ac0e2e,26a06cdd737b76a68486136a5d6c2e2136f9ed4b9955cde7153bd167f38bb268,2b20f0034ff27fb4bd98f4d2ab4c05787e469b4f219d24989424443ef8ef73d1,65442,0,0,0,0,76,0,18,0,0,0,0,0,0,0,0
110,12-1-17_16PEC_27,12-1-17_16PEC,2017-01-12,16PEC,27,patches/S2_12-1-17_16PEC/S2_12-1-17_16PEC_27.tif,patches/S2_12-1-17_16PEC/S2_12-1-17_16PEC_27_cl.tif,patches/S2_12-1-17_16PEC/S2_12-1-17_16PEC_27_conf.tif,val,-86.55342848927747,16.083108739932317,EPSG:32616,10.0,10.0,11,float32,,"(1.0, 1.0, 1.0, 1.0, 1.0, 1.0, 1.0, 1.0, 1.0, 1.0, 1.0)","(0.0, 0.0, 0.0, 0.0, 0.0, 0.0, 0.0, 0.0, 0.0, 0.0, 0.0)",546480.0,1776900.0,549040.0,1779460.0,65536,415,65536,415,0,0,0,4,0,0,71c6e1a779494848c8bd7234b91034993c23e492a44a0f13904a2abe23b5dd71,ca9d2d424078bf84c96806a668450fe51875ee692efff4c5819604c825890233,cb5b22965a92906f4d3170dec35bc794e47f2bdb887bb60d8b3344ec461ab764,65121,0,0,0,0,34,0,17,0,0,0,0,0,0,364,0
111,12-1-17_16PEC_28,12-1-17_16PEC,2017-01-12,16PEC,28,patches/S2_12-1-17_16PEC/S2_12-1-17_16PEC_28.tif,patches/S2_12-1-17_16PEC/S2_12-1-17_16PEC_28_cl.tif,patches/S2_12-1-17_16PEC/S2_12-1-17_16PEC_28_conf.tif,val,-86.52921883862848,16.198769258436077,EPSG:32616,10.0,10.0,11,float32,,"(1.0, 1.0, 1.0, 1.0, 1.0, 1.0, 1.0, 1.0, 1.0, 1.0, 1.0)","(0.0, 0.0, 0.0, 0.0, 0.0, 0.0, 0.0, 0.0, 0.0, 0.0, 0.0)",549040.0,1789700.0,551600.0,1792260.0,65536,26,65536,26,0,0,0,0,0,0,4c8a34410662ff9e06990755e445659ce04c732778a381ec1c7665ef663671ab,9b70b196b6cf0bd2f7694c2af7dd8e768226a713f6b71bd2a244297015ba26d5,76e20156190794957dfd7896d7189d7fb6411677448621da24d10cf9ef46cc5d,65510,0,3,23,0,0,0,0,0,0,0,0,0,0,0,0
112,12-1-17_16PEC_29,12-1-17_16PEC,2017-01-12,16PEC,29,patches/S2_12-1-17_16PEC/S2_12-1-17_16PEC_29.tif,patches/S2_12-1-17_16PEC/S2_12-1-17_16PEC_29_cl.tif,patches/S2_12-1-17_16PEC/S2_12-1-17_16PEC_29_conf.tif,val,-86.52943772611786,16.10619989616314,EPSG:32616,10.0,10.0,11,float32,,"(1.0, 1.0, 1.0, 1.0, 1.0, 1.0, 1.0, 1.0, 1.0, 1.0, 1.0)","(0.0, 0.0, 0.0, 0.0, 0.0, 0.0, 0.0, 0.0, 0.0, 0.0, 0.0)",549040.0,1779460.0,551600.0,1782020.0,65536,54,65536,54,0,0,0,0,0,0,e62573a8c562f8bb70d835921651455d25f0316f9c20e7653227514052ef8efd,db5c6c1a588df5599074ff8b446d49c1d7d40fcb1030664d8fe9584134c36a21,ee4ad3799decfbc64fd84ed7d7ddb4ef31acfaddfff1f3dd58932cf91cd03f5e,65482,0,0,0,0,0,0,54,0,0,0,0,0,0,0,0
113,12-1-17_16PEC_3,12-1-17_16PEC,2017-01-12,16PEC,3,patches/S2_12-1-17_16PEC/S2_12-1-17_16PEC_3.tif,patches/S2_12-1-17_16PEC/S2_12-1-17_16PEC_3_cl.tif,patches/S2_12-1-17_16PEC/S2_12-1-17_16PEC_3_conf.tif,val,-86.9604042150276,15.828992236831736,EPSG:32616,10.0,10.0,11,float32,,"(1.0, 1.0, 1.0, 1.0, 1.0, 1.0, 1.0, 1.0, 1.0, 1.0, 1.0)","(0.0, 0.0, 0.0, 0.0, 0.0, 0.0, 0.0, 0.0, 0.0, 0.0, 0.0)",502960.0,1748740.0,505520.0,1751300.0,65536,1,65536,1,0,0,0,0,0,0,33aedddfca840c4f6b82e3cfb8b66979d160d047582b95c0c093636c8f31ab3e,59f6b1cdbd0cbcf52e2901afbaced6050ce47c832ce5b25a9de2040f10432e68,a9b86861b659d9116626c29230ffe732fab9072fe7513ddedb0dd4b6f4e80d83,65535,0,0,0,0,0,0,1,0,0,0,0,0,0,0,0
114,12-1-17_16PEC_30,12-1-17_16PEC,2017-01-12,16PEC,30,patches/S2_12-1-17_16PEC/S2_12-1-17_16PEC_30.tif,patches/S2_12-1-17_16PEC/S2_12-1-17_16PEC_30_cl.tif,patches/S2_12-1-17_16PEC/S2_12-1-17_16PEC_30_conf.tif,val,-86.52970933466227,15.990487063393171,EPSG:32616,10.0,10.0,11,float32,,"(1.0, 1.0, 1.0, 1.0, 1.0, 1.0, 1.0, 1.0, 1.0, 1.0, 1.0)","(0.0, 0.0, 0.0, 0.0, 0.0, 0.0, 0.0, 0.0, 0.0, 0.0, 0.0)",549040.0,1766660.0,551600.0,1769220.0,65536,27,65536,27,0,0,0,0,0,0,72465302e6c49c4c06752350f53959ce468f61567dce00c21f6af131a51e0f54,8eba193cbacf04dd35bd8f97f280e28e6108d2088ef60ae975d9bbbdc086f83d,e379ff8dc384861e972de260b71f642903a26dc5218c52c2d93f0fcd59f982ae,65509,0,0,0,0,4,0,11,0,0,0,0,0,0,12,0
115,12-1-17_16PEC_31,12-1-17_16PEC,2017-01-12,16PEC,31,patches/S2_12-1-17_16PEC/S2_12-1-17_16PEC_31.tif,patches/S2_12-1-17_16PEC/S2_12-1-17_16PEC_31_cl.tif,patches/S2_12-1-17_16PEC/S2_12-1-17_16PEC_31_conf.tif,val,-86.50532640292681,16.17557267793826,EPSG:32616,10.0,10.0,11,float32,,"(1.0, 1.0, 1.0, 1.0, 1.0, 1.0, 1.0, 1.0, 1.0, 1.0, 1.0)","(0.0, 0.0, 0.0, 0.0, 0.0, 0.0, 0.0, 0.0, 0.0, 0.0, 0.0)",551600.0,1787140.0,554160.0,1789700.0,65536,4,65536,4,0,0,0,0,0,0,4c1cfec8999c3e7fef6e8897eef7f8285629ae8ddf2568537d4315052ab41080,8628cd3dc4d7a661f8848f78d371f1a45b32cff28da849bd49bf81d957cf402b,5ddeb98838d7d26f91de12b4c462202f40b064918a0c2a47cfd71bc2f4ba77f9,65532,0,0,4,0,0,0,0,0,0,0,0,0,0,0,0
116,12-1-17_16PEC_32,12-1-17_16PEC,2017-01-12,16PEC,32,patches/S2_12-1-17_16PEC/S2_12-1-17_16PEC_32.tif,patches/S2_12-1-17_16PEC/S2_12-1-17_16PEC_32_cl.tif,patches/S2_12-1-17_16PEC/S2_12-1-17_16PEC_32_conf.tif,val,-86.50584100884747,15.967290767124993,EPSG:32616,10.0,10.0,11,float32,,"(1.0, 1.0, 1.0, 1.0, 1.0, 1.0, 1.0, 1.0, 1.0, 1.0, 1.0)","(0.0, 0.0, 0.0, 0.0, 0.0, 0.0, 0.0, 0.0, 0.0, 0.0, 0.0)",551600.0,1764100.0,554160.0,1766660.0,65536,255,65536,255,0,0,0,0,0,0,096b73be2d0e634f3e7ea4410c4023d5c8a5a556f99d2657d6952bf13bb55efd,80db2269c20c555848b43862b77287b19c86984fb34ddcecf0566c4948d07346,926821f418901f7cfd89dcb70de8fbf63cec198682050642593f29eb85825283,65281,0,0,0,0,0,0,28,0,0,0,227,0,0,0,0
117,12-1-17_16PEC_33,12-1-17_16PEC,2017-01-12,16PEC,33,patches/S2_12-1-17_16PEC/S2_12-1-17_16PEC_33.tif,patches/S2_12-1-17_16PEC/S2_12-1-17_16PEC_33_cl.tif,patches/S2_12-1-17_16PEC/S2_12-1-17_16PEC_33_conf.tif,val,-86.50623603891935,15.805290930153584,EPSG:32616,10.0,10.0,11,float32,,"(1.0, 1.0, 1.0, 1.0, 1.0, 1.0, 1.0, 1.0, 1.0, 1.0, 1.0)","(0.0, 0.0, 0.0, 0.0, 0.0, 0.0, 0.0, 0.0, 0.0, 0.0, 0.0)",551600.0,1746180.0,554160.0,1748740.0,65536,11,65536,11,0,0,0,0,0,0,3d2151cd6fc03dc8283915a350f76f448bd6624fa99c5b8c903e6587a904a682,b8ff085cc01bb8ffbcb2f2bbdb33f45120f187fa529c14de2585e608e8d1afad,6d419d72a842ed752f486fdad3a03b9bbe54ebf480dafa52b7f98048f285ed35,65525,0,0,0,0,0,0,0,11,0,0,0,0,0,0,0
118,12-1-17_16PEC_34,12-1-17_16PEC,2017-01-12,16PEC,34,patches/S2_12-1-17_16PEC/S2_12-1-17_16PEC_34.tif,patches/S2_12-1-17_16PEC/S2_12-1-17_16PEC_34_cl.tif,patches/S2_12-1-17_16PEC/S2_12-1-17_16PEC_34_conf.tif,val,-86.38658161996555,15.851271424500723,EPSG:32616,10.0,10.0,11,float32,,"(1.0, 1.0, 1.0, 1.0, 1.0, 1.0, 1.0, 1.0, 1.0, 1.0, 1.0)","(0.0, 0.0, 0.0, 0.0, 0.0, 0.0, 0.0, 0.0, 0.0, 0.0, 0.0)",564400.0,1751300.0,566960.0,1753860.0,65536,391,65536,391,0,0,0,0,0,0,7604087a6a4a5230de14ec6e59e932d0adb364e946b2a2adba52065d848a53b8,6dada495109493de0e5588289e41f5e94cee7eb91e3ea7a8401a50a1d182cf38,239d6797184c97732a02ebe0198a1e2badc4081af9abf19489b2b91354527296,65145,0,0,0,0,0,0,0,0,0,391,0,0,0,0,0
119,12-1-17_16PEC_35,12-1-17_16PEC,2017-01-12,16PEC,35,patches/S2_12-1-17_16PEC/S2_12-1-17_16PEC_35.tif,patches/S2_12-1-17_16PEC/S2_12-1-17_16PEC_35_cl.tif,patches/S2_12-1-17_16PEC/S2_12-1-17_16PEC_35_conf.tif,val,-86.38665147945673,15.828128959937175,EPSG:32616,10.0,10.0,11,float32,,"(1.0, 1.0, 1.0, 1.0, 1.0, 1.0, 1.0, 1.0, 1.0, 1.0, 1.0)","(0.0, 0.0, 0.0, 0.0, 0.0, 0.0, 0.0, 0.0, 0.0, 0.0, 0.0)",564400.0,1748740.0,566960.0,1751300.0,65536,2735,65536,2735,0,0,0,4,0,0,2a0fa6d4ac384df9bea42ab94fe3128c62ba1f2494c1412a686032219534827b,bb01e5786520181e3a33010a593c0d381496bd27bad117526199e2dd8a0f79e3,1da751486cf00b5e51b5a1ee7dbd4155162eb347e408b5bfc2a6ed087c56dee2,62801,0,0,0,0,0,0,0,0,0,2735,0,0,0,0,0
120,12-1-17_16PEC_36,12-1-17_16PEC,2017-01-12,16PEC,36,patches/S2_12-1-17_16PEC/S2_12-1-17_16PEC_36.tif,patches/S2_12-1-17_16PEC/S2_12-1-17_16PEC_36_cl.tif,patches/S2_12-1-17_16PEC/S2_12-1-17_16PEC_36_conf.tif,val,-86.36164478057708,16.175190204404437,EPSG:32616,10.0,10.0,11,float32,,"(1.0, 1.0, 1.0, 1.0, 1.0, 1.0, 1.0, 1.0, 1.0, 1.0, 1.0)","(0.0, 0.0, 0.0, 0.0, 0.0, 0.0, 0.0, 0.0, 0.0, 0.0, 0.0)",566960.0,1787140.0,569520.0,1789700.0,65536,1085,65536,1085,0,0,0,0,0,0,c4db51af88822f8d894e17e3afa303454e51847fd12b104deff649ae9e0d9e7b,6be95eb4eee78890fdfbea761f3a7f216d39af7c32d2124caf207e8a622bbd42,acfcd0d0fffa7abca4a6dad9bc6f198538aaf6a6b2e117316d58b5f9bceabdf8,64451,0,0,0,0,0,955,42,0,0,0,0,0,88,0,0
121,12-1-17_16PEC_37,12-1-17_16PEC,2017-01-12,16PEC,37,patches/S2_12-1-17_16PEC/S2_12-1-17_16PEC_37.tif,patches/S2_12-1-17_16PEC/S2_12-1-17_16PEC_37_cl.tif,patches/S2_12-1-17_16PEC/S2_12-1-17_16PEC_37_conf.tif,val,-86.36216211107846,16.013197544272995,EPSG:32616,10.0,10.0,11,float32,,"(1.0, 1.0, 1.0, 1.0, 1.0, 1.0, 1.0, 1.0, 1.0, 1.0, 1.0)","(0.0, 0.0, 0.0, 0.0, 0.0, 0.0, 0.0, 0.0, 0.0, 0.0, 0.0)",566960.0,1769220.0,569520.0,1771780.0,65536,224,65536,224,0,0,0,0,0,0,a85dfa2b007218b1930ad0d4c1b1aabc69b82b079c177fefcd72464284c6522f,8f364e751ca7c7683a20096d623b4ca8db9d727d0374a26c643b7334c79eda0f,bc2f3a1d28069850e3f889aaa42f2ea5379c1889e6fd9cf8a0f4db3722d39a76,65312,0,0,0,0,0,187,37,0,0,0,0,0,0,0,0
122,12-1-17_16PEC_38,12-1-17_16PEC,2017-01-12,16PEC,38,patches/S2_12-1-17_16PEC/S2_12-1-17_16PEC_38.tif,patches/S2_12-1-17_16PEC/S2_12-1-17_16PEC_38_cl.tif,patches/S2_12-1-17_16PEC/S2_12-1-17_16PEC_38_conf.tif,val,-86.33777529160893,16.15197548212532,EPSG:32616,10.0,10.0,11,float32,,"(1.0, 1.0, 1.0, 1.0, 1.0, 1.0, 1.0, 1.0, 1.0, 1.0, 1.0)","(0.0, 0.0, 0.0, 0.0, 0.0, 0.0, 0.0, 0.0, 0.0, 0.0, 0.0)",569520.0,1784580.0,572080.0,1787140.0,65536,204,65536,204,0,0,0,0,0,0,771b26f373404b486d328cbb028e25ff6f31f08afdd8b5f478968afe685eab06,b0887fa25f7678c532419d913ad067b28062237a6c29be3b9524bf39437702f6,b79e6b4efec63b9a51e2d2f6fd289ad5b23e1b6b2dfe8cd22829dfb360d42aa3,65332,0,0,0,0,0,182,22,0,0,0,0,0,0,0,0
123,12-1-17_16PEC_39,12-1-17_16PEC,2017-01-12,16PEC,39,patches/S2_12-1-17_16PEC/S2_12-1-17_16PEC_39.tif,patches/S2_12-1-17_16PEC/S2_12-1-17_16PEC_39_cl.tif,patches/S2_12-1-17_16PEC/S2_12-1-17_16PEC_39_conf.tif,val,-86.24235290691,16.059091555553564,EPSG:32616,10.0,10.0,11,float32,,"(1.0, 1.0, 1.0, 1.0, 1.0, 1.0, 1.0, 1.0, 1.0, 1.0, 1.0)","(0.0, 0.0, 0.0, 0.0, 0.0, 0.0, 0.0, 0.0, 0.0, 0.0, 0.0)",579760.0,1774340.0,582320.0,1776900.0,65536,512,65536,512,0,0,0,0,0,0,c0347fb20b2dfd87b874fda79d436a1ebfb76484783854e4f961f1f77fa76a8f,89cb0d9419d5b844f84282ba4cf552ab1cc536d59e4df709646995d597ed0679,d3e62744dbb4389bb06471d5bf83f5f8d833cdaf7b75fe7c5b786e121f1713f2,65024,0,0,0,0,0,490,6,0,0,0,0,0,16,0,0
124,12-1-17_16PEC_4,12-1-17_16PEC,2017-01-12,16PEC,4,patches/S2_12-1-17_16PEC/S2_12-1-17_16PEC_4.tif,patches/S2_12-1-17_16PEC/S2_12-1-17_16PEC_4_cl.tif,patches/S2_12-1-17_16PEC/S2_12-1-17_16PEC_4_conf.tif,val,-86.96040871782587,15.805848396485269,EPSG:32616,10.0,10.0,11,float32,,"(1.0, 1.0, 1.0, 1.0, 1.0, 1.0, 1.0, 1.0, 1.0, 1.0, 1.0)","(0.0, 0.0, 0.0, 0.0, 0.0, 0.0, 0.0, 0.0, 0.0, 0.0, 0.0)",502960.0,1746180.0,505520.0,1748740.0,65536,28,65536,28,0,0,0,0,0,0,7617f754385c4806dcffd7ceed9c4fea617e9d76a97bdbdd9d8cfbd52e946471,7cae38b10014971114a905d687c4c5d26e5a4cb432d52a3c682b048f2051a9f6,8f11e92303f0b3ed7304427df18ea6814072e43e1241779b555b79e411b95ac9,65508,0,0,0,0,0,0,0,0,0,28,0,0,0,0,0
125,12-1-17_16PEC_5,12-1-17_16PEC,2017-01-12,16PEC,5,patches/S2_12-1-17_16PEC/S2_12-1-17_16PEC_5.tif,patches/S2_12-1-17_16PEC/S2_12-1-17_16PEC_5_cl.tif,patches/S2_12-1-17_16PEC/S2_12-1-17_16PEC_5_conf.tif,val,-86.93645375477303,15.967848509339419,EPSG:32616,10.0,10.0,11,float32,,"(1.0, 1.0, 1.0, 1.0, 1.0, 1.0, 1.0, 1.0, 1.0, 1.0, 1.0)","(0.0, 0.0, 0.0, 0.0, 0.0, 0.0, 0.0, 0.0, 0.0, 0.0, 0.0)",505520.0,1764100.0,508080.0,1766660.0,65536,15,65536,15,0,0,0,0,0,0,85b18375e714b52156e3b500739bab7a115384a5e68f7251753db08dbf9c3363,d01e03f7092d99f1a48cfb8f96b47a81b157f52ebb44410cd726960b311529ad,ccfe2dcf0631f006e45a2f1bbb0746a996fd32c2768be2a1abf78998869486c1,65521,0,0,15,0,0,0,0,0,0,0,0,0,0,0,0
126,12-1-17_16PEC_6,12-1-17_16PEC,2017-01-12,16PEC,6,patches/S2_12-1-17_16PEC/S2_12-1-17_16PEC_6.tif,patches/S2_12-1-17_16PEC/S2_12-1-17_16PEC_6_cl.tif,patches/S2_12-1-17_16PEC/S2_12-1-17_16PEC_6_conf.tif,val,-86.93651176556396,15.782698844642791,EPSG:32616,10.0,10.0,11,float32,,"(1.0, 1.0, 1.0, 1.0, 1.0, 1.0, 1.0, 1.0, 1.0, 1.0, 1.0)","(0.0, 0.0, 0.0, 0.0, 0.0, 0.0, 0.0, 0.0, 0.0, 0.0, 0.0)",505520.0,1743620.0,508080.0,1746180.0,65536,16,65536,16,0,0,0,0,0,0,bfaf4c56ece256236ac7595db0d01b3394a2452d11f50244a2d914c5e0efd6eb,8e35df53f6d8ea6629e6e82efaef41e5287fdd0d7e556f074868ac1a30821d86,9076738a3040f38e58785c9a456f4d4bdac00e33c303f38dd5c821b204a93799,65520,0,0,0,0,0,0,0,0,0,16,0,0,0,0,0
127,12-1-17_16PEC_7,12-1-17_16PEC,2017-01-12,16PEC,7,patches/S2_12-1-17_16PEC/S2_12-1-17_16PEC_7.tif,patches/S2_12-1-17_16PEC/S2_12-1-17_16PEC_7_cl.tif,patches/S2_12-1-17_16PEC/S2_12-1-17_16PEC_7_conf.tif,val,-86.91248003782766,16.0835569826894,EPSG:32616,10.0,10.0,11,float32,,"(1.0, 1.0, 1.0, 1.0, 1.0, 1.0, 1.0, 1.0, 1.0, 1.0, 1.0)","(0.0, 0.0, 0.0, 0.0, 0.0, 0.0, 0.0, 0.0, 0.0, 0.0, 0.0)",508080.0,1776900.0,510640.0,1779460.0,65536,79,65536,79,0,0,0,0,0,0,a6fa77ec9f71dccb25d76b908eb7f18bbc47925b4a088a3d04a7251564230229,ba0dd67484183c0f15ebe1523672ff2d6a38a0a03e7ad9fb27d9b5b64a0c7732,d9a144a2636830585d82b208aff66fed8bbc258338094836e90f6c91a195bdd8,65457,0,0,6,0,0,0,32,0,0,0,41,0,0,0,0
128,12-1-17_16PEC_8,12-1-17_16PEC,2017-01-12,16PEC,8,patches/S2_12-1-17_16PEC/S2_12-1-17_16PEC_8.tif,patches/S2_12-1-17_16PEC/S2_12-1-17_16PEC_8_cl.tif,patches/S2_12-1-17_16PEC/S2_12-1-17_16PEC_8_conf.tif,val,-86.91253047980248,15.967840118871111,EPSG:32616,10.0,10.0,11,float32,,"(1.0, 1.0, 1.0, 1.0, 1.0, 1.0, 1.0, 1.0, 1.0, 1.0, 1.0)","(0.0, 0.0, 0.0, 0.0, 0.0, 0.0, 0.0, 0.0, 0.0, 0.0, 0.0)",508080.0,1764100.0,510640.0,1766660.0,65536,4,65536,4,0,0,0,0,0,0,620ee15332ae052844448e190a069b5419b7e5556efd6d1a084cddc65a9ae938,cf457c03313aa460a86e9231148c5248e86ebeda7058a974d59d2c2067af8faf,070d33f8bb54f7a383872093d836f4f5047021a7907a13b0757ba3cdd2ee1f4d,65532,0,0,4,0,0,0,0,0,0,0,0,0,0,0,0
129,12-1-17_16PEC_9,12-1-17_16PEC,2017-01-12,16PEC,9,patches/S2_12-1-17_16PEC/S2_12-1-17_16PEC_9.tif,patches/S2_12-1-17_16PEC/S2_12-1-17_16PEC_9_cl.tif,patches/S2_12-1-17_16PEC/S2_12-1-17_16PEC_9_conf.tif,val,-86.91255054109106,15.92155302508806,EPSG:32616,10.0,10.0,11,float32,,"(1.0, 1.0, 1.0, 1.0, 1.0, 1.0, 1.0, 1.0, 1.0, 1.0, 1.0)","(0.0, 0.0, 0.0, 0.0, 0.0, 0.0, 0.0, 0.0, 0.0, 0.0, 0.0)",508080.0,1758980.0,510640.0,1761540.0,65536,4,65536,4,0,0,0,0,0,0,240d230b7fd8875df749fabd306b3244120b2c9720cb78a349056d85c0e4a9c1,a322addfbc00645929d84167578b616fa2473490e26d335a9897a321abd89ed5,2cb01af8a9a5c66aa4185a2a70e95689625219974435375e99147bedf6e7f95f,65532,0,0,4,0,0,0,0,0,0,0,0,0,0,0,0
130,12-1-19_16PEC_0,12-1-19_16PEC,2019-01-12,16PEC,0,patches/S2_12-1-19_16PEC/S2_12-1-19_16PEC_0.tif,patches/S2_12-1-19_16PEC/S2_12-1-19_16PEC_0_cl.tif,patches/S2_12-1-19_16PEC/S2_12-1-19_16PEC_0_conf.tif,train,-86.98823168284791,15.857382836189242,EPSG:32616,10.0,10.0,11,float32,,"(1.0, 1.0, 1.0, 1.0, 1.0, 1.0, 1.0, 1.0, 1.0, 1.0, 1.0)","(0.0, 0.0, 0.0, 0.0, 0.0, 0.0, 0.0, 0.0, 0.0, 0.0, 0.0)",499980.0,1751880.0,502540.0,1754440.0,65536,2,65536,2,0,0,0,780,0,0,86ad0202277cb620ba0c7a277577d4654f9d920f5193dda65cbf8e43df9e4cbc,e1d35a0895a0e4d5bada0a0c509343a51954dda4a35f691b1379a07f29ca0df7,70eb2f180aa79ef12029cba27df452f5a693353f6b0a8bc8b09fd0d2b8172315,65534,0,0,2,0,0,0,0,0,0,0,0,0,0,0,0
131,12-1-19_16PEC_1,12-1-19_16PEC,2019-01-12,16PEC,1,patches/S2_12-1-19_16PEC/S2_12-1-19_16PEC_1.tif,patches/S2_12-1-19_16PEC/S2_12-1-19_16PEC_1_cl.tif,patches/S2_12-1-19_16PEC/S2_12-1-19_16PEC_1_conf.tif,train,-86.98823302365847,15.83423905125462,EPSG:32616,10.0,10.0,11,float32,,"(1.0, 1.0, 1.0, 1.0, 1.0, 1.0, 1.0, 1.0, 1.0, 1.0, 1.0)","(0.0, 0.0, 0.0, 0.0, 0.0, 0.0, 0.0, 0.0, 0.0, 0.0, 0.0)",499980.0,1749320.0,502540.0,1751880.0,65536,129,65536,129,0,0,0,1228,0,0,18779df479b94e52d9c5743547bef51fc59badb4df4c3f532c04fedca6b3ce9a,4e1368a39990641487d9dde7e00b55bd74d3cf35731b50d4099b8d82d65e7ecb,b40d5d2635559630b00d6ba03c69cd3ede3dcad4d2890c8060847b560962cf4c,65407,0,4,125,0,0,0,0,0,0,0,0,0,0,0,0
132,12-1-19_16PEC_10,12-1-19_16PEC,2019-01-12,16PEC,10,patches/S2_12-1-19_16PEC/S2_12-1-19_16PEC_10.tif,patches/S2_12-1-19_16PEC/S2_12-1-19_16PEC_10_cl.tif,patches/S2_12-1-19_16PEC/S2_12-1-19_16PEC_10_conf.tif,train,-86.89261527814928,15.811068989844784,EPSG:32616,10.0,10.0,11,float32,,"(1.0, 1.0, 1.0, 1.0, 1.0, 1.0, 1.0, 1.0, 1.0, 1.0, 1.0)","(0.0, 0.0, 0.0, 0.0, 0.0, 0.0, 0.0, 0.0, 0.0, 0.0, 0.0)",510220.0,1746760.0,512780.0,1749320.0,65536,3,65536,3,0,0,0,1580,0,0,ca5239e016f0c4301dc9478cdaad5e6ba23d83625ec0291f2374bd208731ad4c,22b3bcd1832b681fdbc5941d0e32de4fe0a19d49938ae8ae54379884ae766137,d0e1cebc6fb16114975716edbb8279bf42b8b205e598a431c8634cdeda08aa41,65533,2,0,0,0,0,0,1,0,0,0,0,0,0,0,0
133,12-1-19_16PEC_11,12-1-19_16PEC,2019-01-12,16PEC,11,patches/S2_12-1-19_16PEC/S2_12-1-19_16PEC_11.tif,patches/S2_12-1-19_16PEC/S2_12-1-19_16PEC_11_cl.tif,patches/S2_12-1-19_16PEC/S2_12-1-19_16PEC_11_conf.tif,train,-86.8686054684194,15.97306123361139,EPSG:32616,10.0,10.0,11,float32,,"(1.0, 1.0, 1.0, 1.0, 1.0, 1.0, 1.0, 1.0, 1.0, 1.0, 1.0)","(0.0, 0.0, 0.0, 0.0, 0.0, 0.0, 0.0, 0.0, 0.0, 0.0, 0.0)",512780.0,1764680.0,515340.0,1767240.0,65536,20,65536,20,0,0,0,0,0,0,70fd107fa1fb3b2634d58f4fa3c971e360c7a1919848a4bd5c1385fdbe24262f,ecb458e6d8bf47823fd2a7fe70ab318d53549ccc4006143d5b4c210fa72e2645,bc6a410da5b3293b35e13206717cbff9829454db1241856ca4e0840eaac7c017,65516,0,0,20,0,0,0,0,0,0,0,0,0,0,0,0
134,12-1-19_16PEC_12,12-1-19_16PEC,2019-01-12,16PEC,12,patches/S2_12-1-19_16PEC/S2_12-1-19_16PEC_12.tif,patches/S2_12-1-19_16PEC/S2_12-1-19_16PEC_12_cl.tif,patches/S2_12-1-19_16PEC/S2_12-1-19_16PEC_12_conf.tif,train,-86.84468162927335,15.97304529873932,EPSG:32616,10.0,10.0,11,float32,,"(1.0, 1.0, 1.0, 1.0, 1.0, 1.0, 1.0, 1.0, 1.0, 1.0, 1.0)","(0.0, 0.0, 0.0, 0.0, 0.0, 0.0, 0.0, 0.0, 0.0, 0.0, 0.0)",515340.0,1764680.0,517900.0,1767240.0,65536,7,65536,7,0,0,0,0,0,0,503e1ddc219ec4b6e7a448aaa57b0dd12e392b10951333527da2ef7edd629a86,2004ac881817b2f44900e1fa71e51845b1faa65f46794b7c0ae0ebc3bbbf78fa,ca2fa204913d37b74efd9ca461fa94d968847bb897e838761ab08b2eaf67c0f9,65529,0,0,7,0,0,0,0,0,0,0,0,0,0,0,0
135,12-1-19_16PEC_13,12-1-19_16PEC,2019-01-12,16PEC,13,patches/S2_12-1-19_16PEC/S2_12-1-19_16PEC_13.tif,patches/S2_12-1-19_16PEC/S2_12-1-19_16PEC_13_cl.tif,patches/S2_12-1-19_16PEC/S2_12-1-19_16PEC_13_conf.tif,train,-86.84469946128745,15.9499018462209,EPSG:32616,10.0,10.0,11,float32,,"(1.0, 1.0, 1.0, 1.0, 1.0, 1.0, 1.0, 1.0, 1.0, 1.0, 1.0)","(0.0, 0.0, 0.0, 0.0, 0.0, 0.0, 0.0, 0.0, 0.0, 0.0, 0.0)",515340.0,1762120.0,517900.0,1764680.0,65536,296,65536,296,0,0,0,0,0,0,9469d0f820df048cd4c18088a9c10e75aeac5eb7e54a0ee46bbc6bd6308d242c,83e761f35983b1e9b6b641f4a484213f4c2fca808c76560c677a15c4586c034b,e22ecbd558f97a2ec4eef4483ceb6cb4e12e711de58318383e6b673c4ec7df2e,65240,0,0,0,0,0,0,296,0,0,0,0,0,0,0,0
136,12-1-19_16PEC_14,12-1-19_16PEC,2019-01-12,16PEC,14,patches/S2_12-1-19_16PEC/S2_12-1-19_16PEC_14.tif,patches/S2_12-1-19_16PEC/S2_12-1-19_16PEC_14_cl.tif,patches/S2_12-1-19_16PEC/S2_12-1-19_16PEC_14_conf.tif,train,-86.84482346670097,15.787896292002404,EPSG:32616,10.0,10.0,11,float32,,"(1.0, 1.0, 1.0, 1.0, 1.0, 1.0, 1.0, 1.0, 1.0, 1.0, 1.0)","(0.0, 0.0, 0.0, 0.0, 0.0, 0.0, 0.0, 0.0, 0.0, 0.0, 0.0)",515340.0,1744200.0,517900.0,1746760.0,65536,1008,65536,1008,0,0,0,732,0,0,ca4d76d9c419adc6d725985409a37f73375509da38142f2af01043a691991bd7,58bbe3fab67715bbafc3336a82a9ae6933042a04144e93d2cbd284b53561b20c,8221b6dfda951e1c6292d84d28ab09fe3bce4e6fd7ba63216ade54f5642db691,64528,0,0,0,0,0,0,0,0,0,1008,0,0,0,0,0
137,12-1-19_16PEC_15,12-1-19_16PEC,2019-01-12,16PEC,15,patches/S2_12-1-19_16PEC/S2_12-1-19_16PEC_15.tif,patches/S2_12-1-19_16PEC/S2_12-1-19_16PEC_15_cl.tif,patches/S2_12-1-19_16PEC/S2_12-1-19_16PEC_15_conf.tif,train,-86.82077839807302,15.949883280441226,EPSG:32616,10.0,10.0,11,float32,,"(1.0, 1.0, 1.0, 1.0, 1.0, 1.0, 1.0, 1.0, 1.0, 1.0, 1.0)","(0.0, 0.0, 0.0, 0.0, 0.0, 0.0, 0.0, 0.0, 0.0, 0.0, 0.0)",517900.0,1762120.0,520460.0,1764680.0,65536,266,65536,266,0,0,0,0,0,0,3d8c9380d4b8ce6baa4a63d9a19d96a22709278f644665d35f7024ba5ee6fcb3,e019ec7716161a3bb2c9b86e4707f661c86a767842d027fe86cdc7b36e066f5b,25edde283760ca691abf2ddc2a1292dd5fe4edd36d294cca94f08b3c86f162fe,65270,0,0,0,0,0,0,266,0,0,0,0,0,0,0,0
138,12-1-19_16PEC_16,12-1-19_16PEC,2019-01-12,16PEC,16,patches/S2_12-1-19_16PEC/S2_12-1-19_16PEC_16.tif,patches/S2_12-1-19_16PEC/S2_12-1-19_16PEC_16_cl.tif,patches/S2_12-1-19_16PEC/S2_12-1-19_16PEC_16_conf.tif,train,-86.79692711485848,15.880431586365557,EPSG:32616,10.0,10.0,11,float32,,"(1.0, 1.0, 1.0, 1.0, 1.0, 1.0, 1.0, 1.0, 1.0, 1.0, 1.0)","(0.0, 0.0, 0.0, 0.0, 0.0, 0.0, 0.0, 0.0, 0.0, 0.0, 0.0)",520460.0,1754440.0,523020.0,1757000.0,65536,2,65536,2,0,0,0,28,0,0,eae08f6d6c14f34965634c53cf9b998337325e2d4052b8ce252dee6f41be336f,953455c94c088d1a6aa14dc40eb1b06d710b06d70120792c8c24f1cc7b51a065,dfa655b04b8dcc6ce681cba68f869c6904c371868ff305479b95a08ed93cb875,65534,1,0,0,0,0,0,1,0,0,0,0,0,0,0,0
139,12-1-19_16PEC_17,12-1-19_16PEC,2019-01-12,16PEC,17,patches/S2_12-1-19_16PEC/S2_12-1-19_16PEC_17.tif,patches/S2_12-1-19_16PEC/S2_12-1-19_16PEC_17_cl.tif,patches/S2_12-1-19_16PEC/S2_12-1-19_16PEC_17_conf.tif,train,-86.77291030559472,15.972981538744742,EPSG:32616,10.0,10.0,11,float32,,"(1.0, 1.0, 1.0, 1.0, 1.0, 1.0, 1.0, 1.0, 1.0, 1.0, 1.0)","(0.0, 0.0, 0.0, 0.0, 0.0, 0.0, 0.0, 0.0, 0.0, 0.0, 0.0)",523020.0,1764680.0,525580.0,1767240.0,65536,2,65536,2,0,0,0,4,0,0,c1bef92440366d08a06b978e80aa01462bea44fcf6324183894da7e625398db9,fabadc457ac0472311551213dfbe134a23add4727e80ba022e1749d3e7c2645f,fabadc457ac0472311551213dfbe134a23add4727e80ba022e1749d3e7c2645f,65534,0,0,2,0,0,0,0,0,0,0,0,0,0,0,0
140,12-1-19_16PEC_18,12-1-19_16PEC,2019-01-12,16PEC,18,patches/S2_12-1-19_16PEC/S2_12-1-19_16PEC_18.tif,patches/S2_12-1-19_16PEC/S2_12-1-19_16PEC_18_cl.tif,patches/S2_12-1-19_16PEC/S2_12-1-19_16PEC_18_conf.tif,train,-86.7729363774885,15.949838183381274,EPSG:32616,10.0,10.0,11,float32,,"(1.0, 1.0, 1.0, 1.0, 1.0, 1.0, 1.0, 1.0, 1.0, 1.0, 1.0)","(0.0, 0.0, 0.0, 0.0, 0.0, 0.0, 0.0, 0.0, 0.0, 0.0, 0.0)",523020.0,1762120.0,525580.0,1764680.0,65536,2,65536,2,0,0,0,0,0,0,8567cbe09fa4d6ed35919471a8cd3d625832dbb711a52e06a5ded6454da3ef47,d5519688c8fceb0f8b79c86109a0eae5cd9ba738da6767bd0292065594a54c02,d5519688c8fceb0f8b79c86109a0eae5cd9ba738da6767bd0292065594a54c02,65534,0,0,2,0,0,0,0,0,0,0,0,0,0,0,0
141,12-1-19_16PEC_19,12-1-19_16PEC,2019-01-12,16PEC,19,patches/S2_12-1-19_16PEC/S2_12-1-19_16PEC_19.tif,patches/S2_12-1-19_16PEC/S2_12-1-19_16PEC_19_cl.tif,patches/S2_12-1-19_16PEC/S2_12-1-19_16PEC_19_conf.tif,train,-86.74904420030883,15.926668287584384,EPSG:32616,10.0,10.0,11,float32,,"(1.0, 1.0, 1.0, 1.0, 1.0, 1.0, 1.0, 1.0, 1.0, 1.0, 1.0)","(0.0, 0.0, 0.0, 0.0, 0.0, 0.0, 0.0, 0.0, 0.0, 0.0, 0.0)",525580.0,1759560.0,528140.0,1762120.0,65536,6,65536,6,0,0,0,0,0,0,beb4ee945087a7a21ea3a7c813ff0a1d331530041f5dead44794c3e5fe00da6a,c12b1b492e4ed5dbbbce0b4d03ce362784e42d9b9cec5126d708916fc62c87c4,81ddee94252d6d99431691f1d4122fdcb2356ba3e45c2cb40723e7bc607157f6,65530,5,0,0,0,0,0,1,0,0,0,0,0,0,0,0
142,12-1-19_16PEC_2,12-1-19_16PEC,2019-01-12,16PEC,2,patches/S2_12-1-19_16PEC/S2_12-1-19_16PEC_2.tif,patches/S2_12-1-19_16PEC/S2_12-1-19_16PEC_2_cl.tif,patches/S2_12-1-19_16PEC/S2_12-1-19_16PEC_2_conf.tif,train,-86.98823436225591,15.811095217010758,EPSG:32616,10.0,10.0,11,float32,,"(1.0, 1.0, 1.0, 1.0, 1.0, 1.0, 1.0, 1.0, 1.0, 1.0, 1.0)","(0.0, 0.0, 0.0, 0.0, 0.0, 0.0, 0.0, 0.0, 0.0, 0.0, 0.0)",499980.0,1746760.0,502540.0,1749320.0,65536,28,65536,28,0,0,0,1060,0,0,c5b4c68bfa78b45cf94ed1a7db577529dd3ca3631024a234486925918ef83a9b,8911963fdb2aa9096f1922524a5ed3a296fba034c75bd84b78a66304649a6ccf,15f0b025d7f1eb6608abba5200870163fdd331116c77f7fca42addf9ea095d4f,65508,0,10,16,0,0,0,0,0,2,0,0,0,0,0,0
143,12-1-19_16PEC_20,12-1-19_16PEC,2019-01-12,16PEC,20,patches/S2_12-1-19_16PEC/S2_12-1-19_16PEC_20.tif,patches/S2_12-1-19_16PEC/S2_12-1-19_16PEC_20_cl.tif,patches/S2_12-1-19_16PEC/S2_12-1-19_16PEC_20_conf.tif,train,-86.74915881247453,15.834094333851416,EPSG:32616,10.0,10.0,11,float32,,"(1.0, 1.0, 1.0, 1.0, 1.0, 1.0, 1.0, 1.0, 1.0, 1.0, 1.0)","(0.0, 0.0, 0.0, 0.0, 0.0, 0.0, 0.0, 0.0, 0.0, 0.0, 0.0)",525580.0,1749320.0,528140.0,1751880.0,65536,15,65536,15,0,0,0,260,0,0,56c2d9211f55eaec79dac304f252d4722d1fc4750883e64108980d01854df40d,c5df39f5b3651a20283a7cac62c8d3bf64d8d948cddf7be08512d5346c55e7c6,3046392457b768dae7aa872ad73f3306311ec1910e4bbfa345b9f2bb75267071,65521,0,0,0,0,3,0,4,0,0,0,0,0,0,8,0
144,12-1-19_16PEC_21,12-1-19_16PEC,2019-01-12,16PEC,21,patches/S2_12-1-19_16PEC/S2_12-1-19_16PEC_21.tif,patches/S2_12-1-19_16PEC/S2_12-1-19_16PEC_21_cl.tif,patches/S2_12-1-19_16PEC/S2_12-1-19_16PEC_21_conf.tif,train,-86.72522027038598,15.857208888193565,EPSG:32616,10.0,10.0,11,float32,,"(1.0, 1.0, 1.0, 1.0, 1.0, 1.0, 1.0, 1.0, 1.0, 1.0, 1.0)","(0.0, 0.0, 0.0, 0.0, 0.0, 0.0, 0.0, 0.0, 0.0, 0.0, 0.0)",528140.0,1751880.0,530700.0,1754440.0,65536,41,65536,41,0,0,0,0,0,0,bf4b348b359780c0ffe0d868111767723b1469efb3047a0e862681973bf56942,a6bf1b39615c82452af5c0b4e2991012dba83f024a5d3c3c07ab85946f585e85,dd44384d6ca3527b636bbc024042f8c752eae4ca507993d08903eec1ad69d461,65495,0,0,0,0,7,0,0,0,0,0,0,0,0,34,0
145,12-1-19_16PEC_22,12-1-19_16PEC,2019-01-12,16PEC,22,patches/S2_12-1-19_16PEC/S2_12-1-19_16PEC_22.tif,patches/S2_12-1-19_16PEC/S2_12-1-19_16PEC_22_cl.tif,patches/S2_12-1-19_16PEC/S2_12-1-19_16PEC_22_conf.tif,train,-86.70131036221102,15.857177241015199,EPSG:32616,10.0,10.0,11,float32,,"(1.0, 1.0, 1.0, 1.0, 1.0, 1.0, 1.0, 1.0, 1.0, 1.0, 1.0)","(0.0, 0.0, 0.0, 0.0, 0.0, 0.0, 0.0, 0.0, 0.0, 0.0, 0.0)",530700.0,1751880.0,533260.0,1754440.0,65536,75,65536,75,0,0,0,0,0,0,d4de3ce1afc3f4bac5e5adee520a6357f293f9adf50b0f398670d4f2de3bdee2,0518a78ada87c783a7d5d19f59aafd7b2745498da67b1af109ee7bf42829b6f0,810cc1923a7808ea0423d1676dfc0b2f7c7262d803ac3eff420dc4abdd484b77,65461,0,0,0,0,0,0,75,0,0,0,0,0,0,0,0
146,12-1-19_16PEC_23,12-1-19_16PEC,2019-01-12,16PEC,23,patches/S2_12-1-19_16PEC/S2_12-1-19_16PEC_23.tif,patches/S2_12-1-19_16PEC/S2_12-1-19_16PEC_23_cl.tif,patches/S2_12-1-19_16PEC/S2_12-1-19_16PEC_23_conf.tif,train,-86.7014122845346,15.787746684143317,EPSG:32616,10.0,10.0,11,float32,,"(1.0, 1.0, 1.0, 1.0, 1.0, 1.0, 1.0, 1.0, 1.0, 1.0, 1.0)","(0.0, 0.0, 0.0, 0.0, 0.0, 0.0, 0.0, 0.0, 0.0, 0.0, 0.0)",530700.0,1744200.0,533260.0,1746760.0,65536,1767,65536,1767,0,0,0,129,0,0,d525a46b9210d64ddba9b8e22b25fc871a7d7f83c9e39d07cdd9e9f882678e92,c38c283bc2d93420af335cdbdd7fd26802a459661bb2d504a7585780fc12a9fc,b12ffc696525ae1ea1f17e9f8b153594d2a3dfb1ae1b02734fbaf929b6990840,63769,0,0,0,0,0,0,0,0,0,1767,0,0,0,0,0
147,12-1-19_16PEC_24,12-1-19_16PEC,2019-01-12,16PEC,24,patches/S2_12-1-19_16PEC/S2_12-1-19_16PEC_24.tif,patches/S2_12-1-19_16PEC/S2_12-1-19_16PEC_24_cl.tif,patches/S2_12-1-19_16PEC/S2_12-1-19_16PEC_24_conf.tif,train,-86.67725288593095,15.949716127839903,EPSG:32616,10.0,10.0,11,float32,,"(1.0, 1.0, 1.0, 1.0, 1.0, 1.0, 1.0, 1.0, 1.0, 1.0, 1.0)","(0.0, 0.0, 0.0, 0.0, 0.0, 0.0, 0.0, 0.0, 0.0, 0.0, 0.0)",533260.0,1762120.0,535820.0,1764680.0,65536,4,65536,4,0,0,0,0,0,0,3547efd5fd0d19f648ca7d4a2fe46b38ef25b5ab41ffcfe8cac3f2daeba7a8af,566c99d2888f9dc4bff0a5a1b7c4438c9a54a53f1f72c7f621692de3fb2d936c,59f8648a5f0a43d9dfb8029932115868e6d78fbffd6a11acefd3efb1d6bf23de,65532,0,0,4,0,0,0,0,0,0,0,0,0,0,0,0
148,12-1-19_16PEC_25,12-1-19_16PEC,2019-01-12,16PEC,25,patches/S2_12-1-19_16PEC/S2_12-1-19_16PEC_25.tif,patches/S2_12-1-19_16PEC/S2_12-1-19_16PEC_25_cl.tif,patches/S2_12-1-19_16PEC/S2_12-1-19_16PEC_25_conf.tif,train,-86.65329234930985,15.972822088705733,EPSG:32616,10.0,10.0,11,float32,,"(1.0, 1.0, 1.0, 1.0, 1.0, 1.0, 1.0, 1.0, 1.0, 1.0, 1.0)","(0.0, 0.0, 0.0, 0.0, 0.0, 0.0, 0.0, 0.0, 0.0, 0.0, 0.0)",535820.0,1764680.0,538380.0,1767240.0,65536,1447,65536,1447,0,0,0,0,0,0,1df1075f3bfc63e0d59edceb6218d2102b6bea08dbb32af496a581965bead27c,0425e360455441c40c99b824653bc73b92d5402452075842cbddc611edfa6738,8b1d1766891f2d113ad6069ad8c7beb583fcc72da0dde0d632adb1e7c46eae99,64089,0,0,0,0,0,0,1447,0,0,0,0,0,0,0,0
149,12-1-19_16PEC_26,12-1-19_16PEC,2019-01-12,16PEC,26,patches/S2_12-1-19_16PEC/S2_12-1-19_16PEC_26.tif,patches/S2_12-1-19_16PEC/S2_12-1-19_16PEC_26_cl.tif,patches/S2_12-1-19_16PEC/S2_12-1-19_16PEC_26_conf.tif,train,-86.62936893612593,15.97278222142329,EPSG:32616,10.0,10.0,11,float32,,"(1.0, 1.0, 1.0, 1.0, 1.0, 1.0, 1.0, 1.0, 1.0, 1.0, 1.0)","(0.0, 0.0, 0.0, 0.0, 0.0, 0.0, 0.0, 0.0, 0.0, 0.0, 0.0)",538380.0,1764680.0,540940.0,1767240.0,65536,15,65536,15,0,0,0,0,0,0,5074bec79ae1f684e5443469298bde98c9afeb7f3f4d8843c2174abd2c93bb97,11e39d835c4ee0634f24a9a5d02929cdac5b25988993636838082635fbedc80a,7d5e935010a94063b12a350bc146e8d3b50b32150e083a0b94fcd82f5efcb3dc,65521,0,0,0,0,0,0,0,0,0,0,15,0,0,0,0
150,12-1-19_16PEC_27,12-1-19_16PEC,2019-01-12,16PEC,27,patches/S2_12-1-19_16PEC/S2_12-1-19_16PEC_27.tif,patches/S2_12-1-19_16PEC/S2_12-1-19_16PEC_27_cl.tif,patches/S2_12-1-19_16PEC/S2_12-1-19_16PEC_27_conf.tif,train,-86.62941148708988,15.949639169771245,EPSG:32616,10.0,10.0,11,float32,,"(1.0, 1.0, 1.0, 1.0, 1.0, 1.0, 1.0, 1.0, 1.0, 1.0, 1.0)","(0.0, 0.0, 0.0, 0.0, 0.0, 0.0, 0.0, 0.0, 0.0, 0.0, 0.0)",538380.0,1762120.0,540940.0,1764680.0,65536,37,65536,37,0,0,0,0,0,0,87544688530b279a225bbd6903f14a6062e37318abf1c7eead705ddc91570421,f46634a6a2664034713ea6f0d6274bb060edbad942e7a6ca8c438aedaf0df557,2c30e1ef63d7ccba0a9ff44844cdad110fd05b8a3663d3e5cadd13d27e5dac52,65499,0,0,0,0,0,0,0,0,0,0,37,0,0,0,0
151,12-1-19_16PEC_28,12-1-19_16PEC,2019-01-12,16PEC,28,patches/S2_12-1-19_16PEC/S2_12-1-19_16PEC_28.tif,patches/S2_12-1-19_16PEC/S2_12-1-19_16PEC_28_cl.tif,patches/S2_12-1-19_16PEC/S2_12-1-19_16PEC_28_conf.tif,train,-86.62958099287566,15.857066466424344,EPSG:32616,10.0,10.0,11,float32,,"(1.0, 1.0, 1.0, 1.0, 1.0, 1.0, 1.0, 1.0, 1.0, 1.0, 1.0)","(0.0, 0.0, 0.0, 0.0, 0.0, 0.0, 0.0, 0.0, 0.0, 0.0, 0.0)",538380.0,1751880.0,540940.0,1754440.0,65536,35,65536,35,0,0,0,0,0,0,8f80de92b8e805f77965287a89bde14f5dbd0c374652631fdae69471233791d3,65a24ca4dcf4dd6181f6d9c91696a50cb5a13484e775411efcc244c40d3721ce,82250e31e67361f6d2f5b3f95c752e95a8e35ac1f6ac41ecdacf2e96585532a1,65501,0,0,0,0,12,0,0,0,0,0,0,0,0,23,0
152,12-1-19_16PEC_29,12-1-19_16PEC,2019-01-12,16PEC,29,patches/S2_12-1-19_16PEC/S2_12-1-19_16PEC_29.tif,patches/S2_12-1-19_16PEC/S2_12-1-19_16PEC_29_cl.tif,patches/S2_12-1-19_16PEC/S2_12-1-19_16PEC_29_conf.tif,train,-86.58166621851173,15.903265606597854,EPSG:32616,10.0,10.0,11,float32,,"(1.0, 1.0, 1.0, 1.0, 1.0, 1.0, 1.0, 1.0, 1.0, 1.0, 1.0)","(0.0, 0.0, 0.0, 0.0, 0.0, 0.0, 0.0, 0.0, 0.0, 0.0, 0.0)",543500.0,1757000.0,546060.0,1759560.0,65536,96,65536,96,0,0,0,0,0,0,59bc4e1f5281e1463c547677206641176848fe2b18215529a147c855742a1cd0,8bfb71c86d54102864e27d5a3cb896443d7b83b1ab0f0f8965e9a156a9bf9635,2b3ddb1e0dfcf5333379836937307740742e79bbee9b04f9b2619ab81fe7af32,65440,0,0,0,0,0,0,0,0,0,0,96,0,0,0,0
153,12-1-19_16PEC_3,12-1-19_16PEC,2019-01-12,16PEC,3,patches/S2_12-1-19_16PEC/S2_12-1-19_16PEC_3.tif,patches/S2_12-1-19_16PEC/S2_12-1-19_16PEC_3_cl.tif,patches/S2_12-1-19_16PEC/S2_12-1-19_16PEC_3_conf.tif,train,-86.98823569864145,15.78795133352211,EPSG:32616,10.0,10.0,11,float32,,"(1.0, 1.0, 1.0, 1.0, 1.0, 1.0, 1.0, 1.0, 1.0, 1.0, 1.0)","(0.0, 0.0, 0.0, 0.0, 0.0, 0.0, 0.0, 0.0, 0.0, 0.0, 0.0)",499980.0,1744200.0,502540.0,1746760.0,65536,72,65536,72,0,0,0,1096,0,0,778947229e041c7dd9120f3e2b0ae9def04b82d91fed8c4e69471970df5ca6fb,3b9b794dd8f610dbdadf94d61a965eb77d5a7e729cde9920fc7c3b20109ee9ee,f54156e7ead3d48cc0cfc32a264a64168899eed71b2caeba2d1abe94e3399be5,65464,0,0,0,0,0,0,0,0,0,72,0,0,0,0,0
154,12-1-19_16PEC_30,12-1-19_16PEC,2019-01-12,16PEC,30,patches/S2_12-1-19_16PEC/S2_12-1-19_16PEC_30.tif,patches/S2_12-1-19_16PEC/S2_12-1-19_16PEC_30_cl.tif,patches/S2_12-1-19_16PEC/S2_12-1-19_16PEC_30_conf.tif,train,-86.5577512539186,15.903217981031489,EPSG:32616,10.0,10.0,11,float32,,"(1.0, 1.0, 1.0, 1.0, 1.0, 1.0, 1.0, 1.0, 1.0, 1.0, 1.0)","(0.0, 0.0, 0.0, 0.0, 0.0, 0.0, 0.0, 0.0, 0.0, 0.0, 0.0)",546060.0,1757000.0,548620.0,1759560.0,65536,69,65536,69,0,0,0,0,0,0,5fbbde7ac84158662124de5ff93b8a5e564bfe943d490d0fb806bcd32a9154c5,917748c15997f49af5c8ee2aadbf1c6cc5623a2c8cb2deea3e92a6c897af3a40,a75227f5028aa8ceaf0f77822809703b8072fb2918383b5896c115a0eb387913,65467,0,0,0,0,0,0,0,0,0,0,69,0,0,0,0
155,12-1-19_16PEC_31,12-1-19_16PEC,2019-01-12,16PEC,31,patches/S2_12-1-19_16PEC/S2_12-1-19_16PEC_31.tif,patches/S2_12-1-19_16PEC/S2_12-1-19_16PEC_31_cl.tif,patches/S2_12-1-19_16PEC/S2_12-1-19_16PEC_31_conf.tif,train,-86.5340489376,15.81059574191743,EPSG:32616,10.0,10.0,11,float32,,"(1.0, 1.0, 1.0, 1.0, 1.0, 1.0, 1.0, 1.0, 1.0, 1.0, 1.0)","(0.0, 0.0, 0.0, 0.0, 0.0, 0.0, 0.0, 0.0, 0.0, 0.0, 0.0)",548620.0,1746760.0,551180.0,1749320.0,65536,1023,65536,1023,0,0,0,0,0,0,42ba60ac00a30feecc95c846ea70b87cd3f97027bd4c06c28ef067668151ea5e,c96bb9a0a8d0c1e7a5d2038b21a9147c0eea6f477755d17af51d66a06bdb765f,8e59dff1e9bd1206caec442d7ed71a2afd16250e6c5b1db1d82e3ec07ba75f39,64513,0,0,0,0,0,0,0,0,0,1023,0,0,0,0,0
156,12-1-19_16PEC_32,12-1-19_16PEC,2019-01-12,16PEC,32,patches/S2_12-1-19_16PEC/S2_12-1-19_16PEC_32.tif,patches/S2_12-1-19_16PEC/S2_12-1-19_16PEC_32_cl.tif,patches/S2_12-1-19_16PEC/S2_12-1-19_16PEC_32_conf.tif,train,-86.50980929115529,15.94940031335394,EPSG:32616,10.0,10.0,11,float32,,"(1.0, 1.0, 1.0, 1.0, 1.0, 1.0, 1.0, 1.0, 1.0, 1.0, 1.0)","(0.0, 0.0, 0.0, 0.0, 0.0, 0.0, 0.0, 0.0, 0.0, 0.0, 0.0)",551180.0,1762120.0,553740.0,1764680.0,65536,202,65536,202,0,0,0,12,0,0,cb86ccc5c748071717deba03f973bd219a2ce3dfe4bc0dd9eb55537b04cd9380,273cbf51c754d680e9c58cb930e759b4cb98cdc5fd066d345b2be09a6d941684,3552dae71ce0abb27fda3d1219862d4fa3207bba6cd80e2968d163025c9ec86b,65334,0,0,0,0,0,0,0,0,0,0,202,0,0,0,0
157,12-1-19_16PEC_33,12-1-19_16PEC,2019-01-12,16PEC,33,patches/S2_12-1-19_16PEC/S2_12-1-19_16PEC_33.tif,patches/S2_12-1-19_16PEC/S2_12-1-19_16PEC_33_cl.tif,patches/S2_12-1-19_16PEC/S2_12-1-19_16PEC_33_conf.tif,train,-86.4860068778217,15.903059223994012,EPSG:32616,10.0,10.0,11,float32,,"(1.0, 1.0, 1.0, 1.0, 1.0, 1.0, 1.0, 1.0, 1.0, 1.0, 1.0)","(0.0, 0.0, 0.0, 0.0, 0.0, 0.0, 0.0, 0.0, 0.0, 0.0, 0.0)",553740.0,1757000.0,556300.0,1759560.0,65536,30,65536,30,0,0,0,0,0,0,5469d5bf2846209dcc2692f37111fb1fb223d0c8c8e7dd6f49d3b9cea3e8d959,12b50b30dcf8dbd822f59c1c63a3a88fc0ae0dd38312f68ab0c6a30aae0e9a12,e2c9ce32857aecb0cdfa02302596e1568387babbb91036aff03beb4d11201824,65506,0,0,0,0,8,0,5,0,0,0,0,0,0,17,0
158,12-1-19_16PEC_34,12-1-19_16PEC,2019-01-12,16PEC,34,patches/S2_12-1-19_16PEC/S2_12-1-19_16PEC_34.tif,patches/S2_12-1-19_16PEC/S2_12-1-19_16PEC_34_cl.tif,patches/S2_12-1-19_16PEC/S2_12-1-19_16PEC_34_conf.tif,train,-86.6570313367648,16.081672702306733,EPSG:32616,10.0,10.0,11,float32,,"(1.0, 1.0, 1.0, 1.0, 1.0, 1.0, 1.0, 1.0, 1.0, 1.0, 1.0)","(0.0, 0.0, 0.0, 0.0, 0.0, 0.0, 0.0, 0.0, 0.0, 0.0, 0.0)",535400.0,1776720.0,537960.0,1779280.0,65536,212,65536,212,0,0,0,0,0,0,03ada12d5133bc45f6f0e273ece4bee6dcb23ffda4b7014d1ebddedd387c2c8b,589f71c45b3cecdd9d1bdac16400c93f8851ed80ee8f7551f263ea22741cffe1,966c6a20d9734a093b4d3575059f11987e7093d6219983d308728574441853f3,65324,0,0,0,0,0,0,212,0,0,0,0,0,0,0,0
159,12-1-19_16PEC_35,12-1-19_16PEC,2019-01-12,16PEC,35,patches/S2_12-1-19_16PEC/S2_12-1-19_16PEC_35.tif,patches/S2_12-1-19_16PEC/S2_12-1-19_16PEC_35_cl.tif,patches/S2_12-1-19_16PEC/S2_12-1-19_16PEC_35_conf.tif,train,-86.65715011717101,16.01224389050372,EPSG:32616,10.0,10.0,11,float32,,"(1.0, 1.0, 1.0, 1.0, 1.0, 1.0, 1.0, 1.0, 1.0, 1.0, 1.0)","(0.0, 0.0, 0.0, 0.0, 0.0, 0.0, 0.0, 0.0, 0.0, 0.0, 0.0)",535400.0,1769040.0,537960.0,1771600.0,65536,8,65536,8,0,0,0,0,0,0,8fbac42a117fc92527555f347dc242fd76a5ee055074b685e00ae996686f01d2,3134001f4adc59319eff67ef97dbc7446d6b87b0c0ef5473ac6d9ec6c100dda9,1ed71855dd49a11413a34371a8962f4791278ed3fedee1b0d3c52ed2e98cd0ec,65528,0,0,8,0,0,0,0,0,0,0,0,0,0,0,0
160,12-1-19_16PEC_36,12-1-19_16PEC,2019-01-12,16PEC,36,patches/S2_12-1-19_16PEC/S2_12-1-19_16PEC_36.tif,patches/S2_12-1-19_16PEC/S2_12-1-19_16PEC_36_cl.tif,patches/S2_12-1-19_16PEC/S2_12-1-19_16PEC_36_conf.tif,train,-86.63275302940347,16.26677379634649,EPSG:32616,10.0,10.0,11,float32,,"(1.0, 1.0, 1.0, 1.0, 1.0, 1.0, 1.0, 1.0, 1.0, 1.0, 1.0)","(0.0, 0.0, 0.0, 0.0, 0.0, 0.0, 0.0, 0.0, 0.0, 0.0, 0.0)",537960.0,1797200.0,540520.0,1799760.0,65536,343,65536,343,0,0,0,0,0,0,957736d7c153c494b3fee6f61f133c7cd73e91be7a4fb57039f0e8086122bf04,0ba9c7e756c3c7085470f5508164c82b767ace9dbd895e53e1d82b8c95f32515,2bf9536d31aeeb480505bbe1566e411faf785eb21d82333fd040bbac6cc972d1,65193,0,0,0,0,0,316,3,0,0,0,0,0,24,0,0
161,12-1-19_16PEC_37,12-1-19_16PEC,2019-01-12,16PEC,37,patches/S2_12-1-19_16PEC/S2_12-1-19_16PEC_37.tif,patches/S2_12-1-19_16PEC/S2_12-1-19_16PEC_37_cl.tif,patches/S2_12-1-19_16PEC/S2_12-1-19_16PEC_37_conf.tif,train,-86.63322200504228,16.01220435710968,EPSG:32616,10.0,10.0,11,float32,,"(1.0, 1.0, 1.0, 1.0, 1.0, 1.0, 1.0, 1.0, 1.0, 1.0, 1.0)","(0.0, 0.0, 0.0, 0.0, 0.0, 0.0, 0.0, 0.0, 0.0, 0.0, 0.0)",537960.0,1769040.0,540520.0,1771600.0,65536,15,65536,15,0,0,0,0,0,0,515923cc374acc1196a61cae19d616ed36399ccd000db5ed20da7a7c0f7fceab,4f03aefbc1b65d4bce0c1f89cf83013e36d79fcf0dbee8ad5f1de6060563278e,d29c8bab7590f885e3da884397a29be0a7d8ad099b0ef26617b1c845b3e52f94,65521,0,3,12,0,0,0,0,0,0,0,0,0,0,0,0
162,12-1-19_16PEC_38,12-1-19_16PEC,2019-01-12,16PEC,38,patches/S2_12-1-19_16PEC/S2_12-1-19_16PEC_38.tif,patches/S2_12-1-19_16PEC/S2_12-1-19_16PEC_38_cl.tif,patches/S2_12-1-19_16PEC/S2_12-1-19_16PEC_38_conf.tif,train,-86.60879439306,16.266730890329427,EPSG:32616,10.0,10.0,11,float32,,"(1.0, 1.0, 1.0, 1.0, 1.0, 1.0, 1.0, 1.0, 1.0, 1.0, 1.0)","(0.0, 0.0, 0.0, 0.0, 0.0, 0.0, 0.0, 0.0, 0.0, 0.0, 0.0)",540520.0,1797200.0,543080.0,1799760.0,65536,257,65536,257,0,0,0,12,0,0,fea6c7f577007253b98d795ba6e52235ba1dc085810d6153f0008c3b66a90b5c,c9a36ca9d3a46fc67d5d4329ff5e74a116689c946aa208080056a99910223b90,a409a66a7d7b163bbb78793b3e826c9e06430dd48f3b3f7d25d18671eb28cf9f,65279,0,0,0,0,11,44,14,0,0,0,161,0,0,27,0
163,12-1-19_16PEC_39,12-1-19_16PEC,2019-01-12,16PEC,39,patches/S2_12-1-19_16PEC/S2_12-1-19_16PEC_39.tif,patches/S2_12-1-19_16PEC/S2_12-1-19_16PEC_39_cl.tif,patches/S2_12-1-19_16PEC/S2_12-1-19_16PEC_39_conf.tif,train,-86.60911333553898,16.104733309428976,EPSG:32616,10.0,10.0,11,float32,,"(1.0, 1.0, 1.0, 1.0, 1.0, 1.0, 1.0, 1.0, 1.0, 1.0, 1.0)","(0.0, 0.0, 0.0, 0.0, 0.0, 0.0, 0.0, 0.0, 0.0, 0.0, 0.0)",540520.0,1779280.0,543080.0,1781840.0,65536,197,65536,197,0,0,0,92,0,0,5415a313f92ecf81018218484d46e290b58a95a6d37c374078961732decc3257,6076493ac92254b1074a3f0462477448777698c3aa45a491af362e94fa03f630,f71fde21e919ef692a968b71e7214b2d1072809dbc181ed5096b6c75a8eb5590,65339,0,0,0,0,98,0,10,0,0,0,0,0,0,89,0
164,12-1-19_16PEC_4,12-1-19_16PEC,2019-01-12,16PEC,4,patches/S2_12-1-19_16PEC/S2_12-1-19_16PEC_4.tif,patches/S2_12-1-19_16PEC/S2_12-1-19_16PEC_4_cl.tif,patches/S2_12-1-19_16PEC/S2_12-1-19_16PEC_4_conf.tif,train,-86.96432957667625,15.811092606623385,EPSG:32616,10.0,10.0,11,float32,,"(1.0, 1.0, 1.0, 1.0, 1.0, 1.0, 1.0, 1.0, 1.0, 1.0, 1.0)","(0.0, 0.0, 0.0, 0.0, 0.0, 0.0, 0.0, 0.0, 0.0, 0.0, 0.0)",502540.0,1746760.0,505100.0,1749320.0,65536,10,65536,10,0,0,0,1088,0,0,0241d90e19e82824cbbf06610eb0d55f5564bf30e897a29d95bb23e8097a0074,36221d95962b090fd8f22a18bf06badac8803e41b77b8b22120222e164796e24,654107693a190ac775a7c932784d1570a94cdf03446459957b4273eef9f2f4f6,65526,4,0,0,0,0,0,2,0,4,0,0,0,0,0,0
165,12-1-19_16PEC_40,12-1-19_16PEC,2019-01-12,16PEC,40,patches/S2_12-1-19_16PEC/S2_12-1-19_16PEC_40.tif,patches/S2_12-1-19_16PEC/S2_12-1-19_16PEC_40_cl.tif,patches/S2_12-1-19_16PEC/S2_12-1-19_16PEC_40_conf.tif,train,-86.60915860290486,16.08159059663098,EPSG:32616,10.0,10.0,11,float32,,"(1.0, 1.0, 1.0, 1.0, 1.0, 1.0, 1.0, 1.0, 1.0, 1.0, 1.0)","(0.0, 0.0, 0.0, 0.0, 0.0, 0.0, 0.0, 0.0, 0.0, 0.0, 0.0)",540520.0,1776720.0,543080.0,1779280.0,65536,3,65536,3,0,0,0,0,0,0,9e425de61dd5ff094431d49acc51503a47e9aa8c41bd3f77feb680c5a5c556f8,40871d6e255c09b647dceb954c17120aec681fc8eb6f66d336b0e068873a21a8,b7d3a58241de10d6d5756efada5f21b05e653c392b43dca2a3dbd915e4d03dd7,65533,0,0,0,0,0,0,2,0,0,0,0,0,0,1,0
166,12-1-19_16PEC_41,12-1-19_16PEC,2019-01-12,16PEC,41,patches/S2_12-1-19_16PEC/S2_12-1-19_16PEC_41.tif,patches/S2_12-1-19_16PEC/S2_12-1-19_16PEC_41_cl.tif,patches/S2_12-1-19_16PEC/S2_12-1-19_16PEC_41_conf.tif,train,-86.60920379643018,16.058447833715473,EPSG:32616,10.0,10.0,11,float32,,"(1.0, 1.0, 1.0, 1.0, 1.0, 1.0, 1.0, 1.0, 1.0, 1.0, 1.0)","(0.0, 0.0, 0.0, 0.0, 0.0, 0.0, 0.0, 0.0, 0.0, 0.0, 0.0)",540520.0,1774160.0,543080.0,1776720.0,65536,69,65536,69,0,0,0,8,0,0,cfb4adde223af7fcf2b2e97bbee20ad8be112f11e54de8ddfd5e6f6baf82fb74,2d8381352bf4dadfd5126b78948d18c841d6e3c66de047bc663754ffb362e18b,48993c275eabd9f0e5c195320c7982329c0348294e1cca5bc352a01cf68de67b,65467,0,56,13,0,0,0,0,0,0,0,0,0,0,0,0
167,12-1-19_16PEC_42,12-1-19_16PEC,2019-01-12,16PEC,42,patches/S2_12-1-19_16PEC/S2_12-1-19_16PEC_42.tif,patches/S2_12-1-19_16PEC/S2_12-1-19_16PEC_42_cl.tif,patches/S2_12-1-19_16PEC/S2_12-1-19_16PEC_42_conf.tif,train,-86.60924891615505,16.03530502074677,EPSG:32616,10.0,10.0,11,float32,,"(1.0, 1.0, 1.0, 1.0, 1.0, 1.0, 1.0, 1.0, 1.0, 1.0, 1.0)","(0.0, 0.0, 0.0, 0.0, 0.0, 0.0, 0.0, 0.0, 0.0, 0.0, 0.0)",540520.0,1771600.0,543080.0,1774160.0,65536,1,65536,1,0,0,0,0,0,0,fa45664e110f173a7840fe2f8c71b1ab65bf0d257b1d3426be755bd2d805ab59,021d198ed65aacfce117f970f0f562c17570253ed224b2a8fbae60cc082bb4a7,a87047d3feba14a3004ae8eae62408c31765709a5be43f566e307ba658aaf3fe,65535,0,0,1,0,0,0,0,0,0,0,0,0,0,0,0
168,12-1-19_16PEC_43,12-1-19_16PEC,2019-01-12,16PEC,43,patches/S2_12-1-19_16PEC/S2_12-1-19_16PEC_43.tif,patches/S2_12-1-19_16PEC/S2_12-1-19_16PEC_43_cl.tif,patches/S2_12-1-19_16PEC/S2_12-1-19_16PEC_43_conf.tif,train,-86.58527030559455,16.058402832034155,EPSG:32616,10.0,10.0,11,float32,,"(1.0, 1.0, 1.0, 1.0, 1.0, 1.0, 1.0, 1.0, 1.0, 1.0, 1.0)","(0.0, 0.0, 0.0, 0.0, 0.0, 0.0, 0.0, 0.0, 0.0, 0.0, 0.0)",543080.0,1774160.0,545640.0,1776720.0,65536,7,65536,7,0,0,0,0,0,0,c8286c98eea8f43b985cffdb5d1d1df8f10fc1b25aa7e89b9007a42b377106f4,c4dde6ee1799ac7047fca95a63c31a3e136aa013c6a91ac28b21b48117aa008c,7b591fdc9f90fdbfe3dff7b10a5b5d71037e88af95cfb170a8f96af2e4854ebf,65529,0,0,7,0,0,0,0,0,0,0,0,0,0,0,0
169,12-1-19_16PEC_44,12-1-19_16PEC,2019-01-12,16PEC,44,patches/S2_12-1-19_16PEC/S2_12-1-19_16PEC_44.tif,patches/S2_12-1-19_16PEC/S2_12-1-19_16PEC_44_cl.tif,patches/S2_12-1-19_16PEC/S2_12-1-19_16PEC_44_conf.tif,train,-86.56108242042711,16.174067765979544,EPSG:32616,10.0,10.0,11,float32,,"(1.0, 1.0, 1.0, 1.0, 1.0, 1.0, 1.0, 1.0, 1.0, 1.0, 1.0)","(0.0, 0.0, 0.0, 0.0, 0.0, 0.0, 0.0, 0.0, 0.0, 0.0, 0.0)",545640.0,1786960.0,548200.0,1789520.0,65536,71,65536,71,0,0,0,8,0,0,e40be769f18dddd055749bb324350f18aac05cd501ede4b6f2862915f574a557,a9f68b94b75e5e57c78651583a193bf1e233fcba10a4bf1dde40cfd582778ea1,888bb2fc9f0a7389c7c6cb31d6ff41937ea7e83314586fe14577ba05caa68429,65465,0,0,0,0,24,0,7,0,0,0,0,0,0,40,0
170,12-1-19_16PEC_45,12-1-19_16PEC,2019-01-12,16PEC,45,patches/S2_12-1-19_16PEC/S2_12-1-19_16PEC_45.tif,patches/S2_12-1-19_16PEC/S2_12-1-19_16PEC_45_cl.tif,patches/S2_12-1-19_16PEC/S2_12-1-19_16PEC_45_conf.tif,train,-86.53702725296168,16.22030157291432,EPSG:32616,10.0,10.0,11,float32,,"(1.0, 1.0, 1.0, 1.0, 1.0, 1.0, 1.0, 1.0, 1.0, 1.0, 1.0)","(0.0, 0.0, 0.0, 0.0, 0.0, 0.0, 0.0, 0.0, 0.0, 0.0, 0.0)",548200.0,1792080.0,550760.0,1794640.0,65536,364,65536,364,0,0,0,0,0,0,e9a2f050f5af98cedb4d3982fc024c21c2e4378e37f8ea7aa8daa8daad1ece67,3da17325a28ec0c074ba123cc64b8832ec8fa27f3b091f3912a478b6ecdb2eae,5886a553b1373cf84f43ada723bd85c8fe30fddcb5b601f285ee874d3e2ddf39,65172,0,0,3,0,0,357,4,0,0,0,0,0,0,0,0
171,12-1-19_16PEC_46,12-1-19_16PEC,2019-01-12,16PEC,46,patches/S2_12-1-19_16PEC/S2_12-1-19_16PEC_46.tif,patches/S2_12-1-19_16PEC/S2_12-1-19_16PEC_46_cl.tif,patches/S2_12-1-19_16PEC/S2_12-1-19_16PEC_46_conf.tif,train,-86.53735006722323,16.081447352801536,EPSG:32616,10.0,10.0,11,float32,,"(1.0, 1.0, 1.0, 1.0, 1.0, 1.0, 1.0, 1.0, 1.0, 1.0, 1.0)","(0.0, 0.0, 0.0, 0.0, 0.0, 0.0, 0.0, 0.0, 0.0, 0.0, 0.0)",548200.0,1776720.0,550760.0,1779280.0,65536,144,65536,144,0,0,0,0,0,0,2b289e3a360f9bc2ebf7d0e939152956e7165f51f16b119f127e7ca0e6d690bb,3fcea4333d6f3eb446d63d1dd9c4e9fe06715bd350ad911b3b93be89fce9ba17,893284efcc249b7924a23c1b5611b472a3cc99bec20cfd106e23a38f1101209d,65392,0,0,0,0,0,0,144,0,0,0,0,0,0,0,0
172,12-1-19_16PEC_47,12-1-19_16PEC,2019-01-12,16PEC,47,patches/S2_12-1-19_16PEC/S2_12-1-19_16PEC_47.tif,patches/S2_12-1-19_16PEC/S2_12-1-19_16PEC_47_cl.tif,patches/S2_12-1-19_16PEC/S2_12-1-19_16PEC_47_conf.tif,train,-86.51341405744532,16.081394248933503,EPSG:32616,10.0,10.0,11,float32,,"(1.0, 1.0, 1.0, 1.0, 1.0, 1.0, 1.0, 1.0, 1.0, 1.0, 1.0)","(0.0, 0.0, 0.0, 0.0, 0.0, 0.0, 0.0, 0.0, 0.0, 0.0, 0.0)",550760.0,1776720.0,553320.0,1779280.0,65536,13,65536,13,0,0,0,16,0,0,c3693f1968a7fbcd6c39d9ad13e0227482d702a2643b6b146773579089a5f501,5ee957db787cbca00a5748f233b1861d94175ee8854428a2e055483267c3e1e5,80ee8573b582d2af0026adef00c9b071ae425890cd6a6cb9f4c089ba096668ba,65523,0,3,10,0,0,0,0,0,0,0,0,0,0,0,0
173,12-1-19_16PEC_48,12-1-19_16PEC,2019-01-12,16PEC,48,patches/S2_12-1-19_16PEC/S2_12-1-19_16PEC_48.tif,patches/S2_12-1-19_16PEC/S2_12-1-19_16PEC_48_cl.tif,patches/S2_12-1-19_16PEC/S2_12-1-19_16PEC_48_conf.tif,train,-86.46560411659841,16.058137715043344,EPSG:32616,10.0,10.0,11,float32,,"(1.0, 1.0, 1.0, 1.0, 1.0, 1.0, 1.0, 1.0, 1.0, 1.0, 1.0)","(0.0, 0.0, 0.0, 0.0, 0.0, 0.0, 0.0, 0.0, 0.0, 0.0, 0.0)",555880.0,1774160.0,558440.0,1776720.0,65536,12,65536,12,0,0,0,0,0,0,520bd52cd9ed9172bdc6dccd79232517330764b4cf1c7aba869dddd0e0fe6de2,ace42dc83d4200782eb69e45e8adc45ca12c3761aa4eb6853301fbba5af93af9,141d0a945ff00c0375371a744b3e59c1b532f664300330c83ac2ed519d07bcfc,65524,0,3,9,0,0,0,0,0,0,0,0,0,0,0,0
174,12-1-19_16PEC_49,12-1-19_16PEC,2019-01-12,16PEC,49,patches/S2_12-1-19_16PEC/S2_12-1-19_16PEC_49.tif,patches/S2_12-1-19_16PEC/S2_12-1-19_16PEC_49_cl.tif,patches/S2_12-1-19_16PEC/S2_12-1-19_16PEC_49_conf.tif,train,-86.44167116346942,16.05807667024233,EPSG:32616,10.0,10.0,11,float32,,"(1.0, 1.0, 1.0, 1.0, 1.0, 1.0, 1.0, 1.0, 1.0, 1.0, 1.0)","(0.0, 0.0, 0.0, 0.0, 0.0, 0.0, 0.0, 0.0, 0.0, 0.0, 0.0)",558440.0,1774160.0,561000.0,1776720.0,65536,31,65536,31,0,0,0,0,0,0,3335e4eb198de8d92c0c48e52aab8fead144580c15dd2ddb218727e937874984,a91203af964b288b1b094357acb0f7b7836db150597745fa52cb40859b92b2fc,5586237cad8e555d6d7074bf647751522b57e8fc1a8cebe16c83447f1e4fef25,65505,0,0,15,0,0,0,16,0,0,0,0,0,0,0,0
175,12-1-19_16PEC_5,12-1-19_16PEC,2019-01-12,16PEC,5,patches/S2_12-1-19_16PEC/S2_12-1-19_16PEC_5.tif,patches/S2_12-1-19_16PEC/S2_12-1-19_16PEC_5_cl.tif,patches/S2_12-1-19_16PEC/S2_12-1-19_16PEC_5_conf.tif,train,-86.96433362825658,15.787948727149017,EPSG:32616,10.0,10.0,11,float32,,"(1.0, 1.0, 1.0, 1.0, 1.0, 1.0, 1.0, 1.0, 1.0, 1.0, 1.0)","(0.0, 0.0, 0.0, 0.0, 0.0, 0.0, 0.0, 0.0, 0.0, 0.0, 0.0)",502540.0,1744200.0,505100.0,1746760.0,65536,442,65536,442,0,0,0,892,0,0,488bf8e8d1a2a7a7b71a3eac29d84a957add98c3a3341b7bdc5da78805f5cbc0,aca3b983028925cb02aa8ebd7f728fbfaff2302228de7986fafe0705cf79dca1,dc160a5245776d922e62bba4c2e8e84aacb9226f8bd4817bde96344cc7229005,65094,0,0,0,0,0,0,0,0,0,442,0,0,0,0,0
176,12-1-19_16PEC_50,12-1-19_16PEC,2019-01-12,16PEC,50,patches/S2_12-1-19_16PEC/S2_12-1-19_16PEC_50.tif,patches/S2_12-1-19_16PEC/S2_12-1-19_16PEC_50_cl.tif,patches/S2_12-1-19_16PEC/S2_12-1-19_16PEC_50_conf.tif,train,-86.41767098282162,16.08115505505012,EPSG:32616,10.0,10.0,11,float32,,"(1.0, 1.0, 1.0, 1.0, 1.0, 1.0, 1.0, 1.0, 1.0, 1.0, 1.0)","(0.0, 0.0, 0.0, 0.0, 0.0, 0.0, 0.0, 0.0, 0.0, 0.0, 0.0)",561000.0,1776720.0,563560.0,1779280.0,65536,15,65536,15,0,0,0,12,0,0,3eae97a52eb613fbbe1e7b88fa73dcdea9a0b6b6198fa244dae30f2d20398b5c,1646092bc03b864f1d719a40d12c9842d039b524dd4ae996cf2bd0d8ce0ac1f6,2d4bd87dee186eb7eec81a8d0ec47748d91a21575edca509db9320bcf270bb22,65521,0,15,0,0,0,0,0,0,0,0,0,0,0,0,0
177,12-1-19_16PEC_51,12-1-19_16PEC,2019-01-12,16PEC,51,patches/S2_12-1-19_16PEC/S2_12-1-19_16PEC_51.tif,patches/S2_12-1-19_16PEC/S2_12-1-19_16PEC_51_cl.tif,patches/S2_12-1-19_16PEC/S2_12-1-19_16PEC_51_conf.tif,train,-86.3937354778943,16.081088562229425,EPSG:32616,10.0,10.0,11,float32,,"(1.0, 1.0, 1.0, 1.0, 1.0, 1.0, 1.0, 1.0, 1.0, 1.0, 1.0)","(0.0, 0.0, 0.0, 0.0, 0.0, 0.0, 0.0, 0.0, 0.0, 0.0, 0.0)",563560.0,1776720.0,566120.0,1779280.0,65536,8,65536,8,0,0,0,8,0,0,ffd92dfba712af2ac3c2506cb81d9942ebb80bef086b88975a6725846c754562,80b858ef0ff54741ce3a56d3a9611d4a483f084e8a2f3e41bcc23b66cc100655,fbe323675c9699e8372f3789998fcedb18c381ae3c4e21b52a863d9cf92347d2,65528,0,8,0,0,0,0,0,0,0,0,0,0,0,0,0
178,12-1-19_16PEC_52,12-1-19_16PEC,2019-01-12,16PEC,52,patches/S2_12-1-19_16PEC/S2_12-1-19_16PEC_52.tif,patches/S2_12-1-19_16PEC/S2_12-1-19_16PEC_52_cl.tif,patches/S2_12-1-19_16PEC/S2_12-1-19_16PEC_52_conf.tif,train,-86.36980008750072,16.081019391777904,EPSG:32616,10.0,10.0,11,float32,,"(1.0, 1.0, 1.0, 1.0, 1.0, 1.0, 1.0, 1.0, 1.0, 1.0, 1.0)","(0.0, 0.0, 0.0, 0.0, 0.0, 0.0, 0.0, 0.0, 0.0, 0.0, 0.0)",566120.0,1776720.0,568680.0,1779280.0,65536,82,65536,82,0,0,0,28,0,0,9e004ba1754322187b30dcc2d4431a6bcef99663469ebd90159f998580d1b30e,458d84fe2f2c0e4d4b9cd50c5a87d6b9ba1562276249330e2c004d9dead6fac9,70155a7d12c919d4e54cbca2a6fb4d3cc0d7d4f3608682fc280d8e17deb4992b,65454,0,40,42,0,0,0,0,0,0,0,0,0,0,0,0
179,12-1-19_16PEC_53,12-1-19_16PEC,2019-01-12,16PEC,53,patches/S2_12-1-19_16PEC/S2_12-1-19_16PEC_53.tif,patches/S2_12-1-19_16PEC/S2_12-1-19_16PEC_53_cl.tif,patches/S2_12-1-19_16PEC/S2_12-1-19_16PEC_53_conf.tif,train,-86.36987295476267,16.057877493942694,EPSG:32616,10.0,10.0,11,float32,,"(1.0, 1.0, 1.0, 1.0, 1.0, 1.0, 1.0, 1.0, 1.0, 1.0, 1.0)","(0.0, 0.0, 0.0, 0.0, 0.0, 0.0, 0.0, 0.0, 0.0, 0.0, 0.0)",566120.0,1774160.0,568680.0,1776720.0,65536,4,65536,4,0,0,0,0,0,0,b2f34682f0f7ac6ee82edd2a693e39b915ff762c0a3bcd61e7fc6eb3ee7dce17,71ccce5710e6133106dc44d245601cc429c55d730146b047c1e3d06450b74df5,af00d6b34ad8d54fcbb0f75e93696337afe07145858b00dda8bac097e55b8b6a,65532,0,0,4,0,0,0,0,0,0,0,0,0,0,0,0
180,12-1-19_16PEC_54,12-1-19_16PEC,2019-01-12,16PEC,54,patches/S2_12-1-19_16PEC/S2_12-1-19_16PEC_54.tif,patches/S2_12-1-19_16PEC/S2_12-1-19_16PEC_54_cl.tif,patches/S2_12-1-19_16PEC/S2_12-1-19_16PEC_54_conf.tif,train,-86.3220080697107,16.057731342063068,EPSG:32616,10.0,10.0,11,float32,,"(1.0, 1.0, 1.0, 1.0, 1.0, 1.0, 1.0, 1.0, 1.0, 1.0, 1.0)","(0.0, 0.0, 0.0, 0.0, 0.0, 0.0, 0.0, 0.0, 0.0, 0.0, 0.0)",571240.0,1774160.0,573800.0,1776720.0,65536,28,65536,28,0,0,0,36,0,0,3ff2c4c224cae5f3fcf8bd17f24cc36a2ce154541caf009498101a2f681393d8,d7d422ef537b67fd3eb2b58ef8fcabd89f28bd3a1586bdb034334fd97af4a60b,c04d289138ae11ac86817ff820afab10a0c21ad77f85102387f1b059b08ee9c0,65508,0,0,28,0,0,0,0,0,0,0,0,0,0,0,0
181,12-1-19_16PEC_55,12-1-19_16PEC,2019-01-12,16PEC,55,patches/S2_12-1-19_16PEC/S2_12-1-19_16PEC_55.tif,patches/S2_12-1-19_16PEC/S2_12-1-19_16PEC_55_cl.tif,patches/S2_12-1-19_16PEC/S2_12-1-19_16PEC_55_conf.tif,train,-86.29807581696554,16.057654256001342,EPSG:32616,10.0,10.0,11,float32,,"(1.0, 1.0, 1.0, 1.0, 1.0, 1.0, 1.0, 1.0, 1.0, 1.0, 1.0)","(0.0, 0.0, 0.0, 0.0, 0.0, 0.0, 0.0, 0.0, 0.0, 0.0, 0.0)",573800.0,1774160.0,576360.0,1776720.0,65536,23,65536,23,0,0,0,8,0,0,ea0cb610f85c8e3cc84a8a0cd5c43a70d286ef3d4b2e5dc516ede851ab33bcbc,8df40849ac0f55af0854078a1a2f4ffd7e9a95e3e383f6c3b30b2e84288b5fcd,f03cc9cd95bd83a7554c617e60aad7286c0751fba4bf04504fd4be7260bd2f9c,65513,0,0,23,0,0,0,0,0,0,0,0,0,0,0,0
182,12-1-19_16PEC_56,12-1-19_16PEC,2019-01-12,16PEC,56,patches/S2_12-1-19_16PEC/S2_12-1-19_16PEC_56.tif,patches/S2_12-1-19_16PEC/S2_12-1-19_16PEC_56_cl.tif,patches/S2_12-1-19_16PEC/S2_12-1-19_16PEC_56_conf.tif,train,-86.27414369676514,16.057574496611192,EPSG:32616,10.0,10.0,11,float32,,"(1.0, 1.0, 1.0, 1.0, 1.0, 1.0, 1.0, 1.0, 1.0, 1.0, 1.0)","(0.0, 0.0, 0.0, 0.0, 0.0, 0.0, 0.0, 0.0, 0.0, 0.0, 0.0)",576360.0,1774160.0,578920.0,1776720.0,65536,24,65536,24,0,0,0,4,0,0,fb25737ae59e8392c58a3616a4550528bfb9f2448295b7e6a42591e3fac7d3f0,722abbe9337fb8173e2da44ca2a76e619f8506f8b380cfc0eba16226dff2571a,88a780c84b3d5ec2c5046aef110b1a4c03c3fb60b1f6ab21854995f37db37a7e,65512,0,0,24,0,0,0,0,0,0,0,0,0,0,0,0
183,12-1-19_16PEC_57,12-1-19_16PEC,2019-01-12,16PEC,57,patches/S2_12-1-19_16PEC/S2_12-1-19_16PEC_57.tif,patches/S2_12-1-19_16PEC/S2_12-1-19_16PEC_57_cl.tif,patches/S2_12-1-19_16PEC/S2_12-1-19_16PEC_57_conf.tif,train,-86.27422749478707,16.034433008006477,EPSG:32616,10.0,10.0,11,float32,,"(1.0, 1.0, 1.0, 1.0, 1.0, 1.0, 1.0, 1.0, 1.0, 1.0, 1.0)","(0.0, 0.0, 0.0, 0.0, 0.0, 0.0, 0.0, 0.0, 0.0, 0.0, 0.0)",576360.0,1771600.0,578920.0,1774160.0,65536,82,65536,82,0,0,0,20,0,0,850b5434a1f6ccd1c6bd57766e5e9f0da0bd4d5ac5e2e349fea01852d8f2343e,95796eb0d34662a743e1d2f2054e1d5e16689d596c9c7674175fface411e4748,a65964c2f58d20568e034121013638fd2350c221b6d7e42981dcfb5c11c01b9b,65454,0,24,58,0,0,0,0,0,0,0,0,0,0,0,0
184,12-1-19_16PEC_58,12-1-19_16PEC,2019-01-12,16PEC,58,patches/S2_12-1-19_16PEC/S2_12-1-19_16PEC_58.tif,patches/S2_12-1-19_16PEC/S2_12-1-19_16PEC_58_cl.tif,patches/S2_12-1-19_16PEC/S2_12-1-19_16PEC_58_conf.tif,train,-86.2254693859491,16.265675793021128,EPSG:32616,10.0,10.0,11,float32,,"(1.0, 1.0, 1.0, 1.0, 1.0, 1.0, 1.0, 1.0, 1.0, 1.0, 1.0)","(0.0, 0.0, 0.0, 0.0, 0.0, 0.0, 0.0, 0.0, 0.0, 0.0, 0.0)",581480.0,1797200.0,584040.0,1799760.0,65536,18,65536,18,0,0,0,16,0,0,5f556c64fa3b153ea45f73cf46846753aa9ffb2a6b12306039ada0004200cf5a,0a70f4a9859682f7209fa529d2bc6f1f9d68d3d8bee51c671b885aed47eb9781,696a334819e75b268e8aaac2ffcf4c1fbebc546dfde93ec8a0ff77e44037427d,65518,0,18,0,0,0,0,0,0,0,0,0,0,0,0,0
185,12-1-19_16PEC_59,12-1-19_16PEC,2019-01-12,16PEC,59,patches/S2_12-1-19_16PEC/S2_12-1-19_16PEC_59.tif,patches/S2_12-1-19_16PEC/S2_12-1-19_16PEC_59_cl.tif,patches/S2_12-1-19_16PEC/S2_12-1-19_16PEC_59_conf.tif,train,-86.15359957067864,16.265400729506467,EPSG:32616,10.0,10.0,11,float32,,"(1.0, 1.0, 1.0, 1.0, 1.0, 1.0, 1.0, 1.0, 1.0, 1.0, 1.0)","(0.0, 0.0, 0.0, 0.0, 0.0, 0.0, 0.0, 0.0, 0.0, 0.0, 0.0)",589160.0,1797200.0,591720.0,1799760.0,65536,17,65536,17,0,0,0,0,0,0,24e1bb99ca14b4bab6b3c8100e4aab086afe5821e2545428594cb65fc2921bdd,f9426408dbad1a28862217e244a6e855a93170317dd81ab3a031fc65e0df16c4,3eaab06f3d44f8e82afb2690d36f6436c45b0c7eaea25c317ace4362fafdf54f,65519,0,0,17,0,0,0,0,0,0,0,0,0,0,0,0
186,12-1-19_16PEC_6,12-1-19_16PEC,2019-01-12,16PEC,6,patches/S2_12-1-19_16PEC/S2_12-1-19_16PEC_6.tif,patches/S2_12-1-19_16PEC/S2_12-1-19_16PEC_6_cl.tif,patches/S2_12-1-19_16PEC/S2_12-1-19_16PEC_6_conf.tif,train,-86.96433767313452,15.76480479849346,EPSG:32616,10.0,10.0,11,float32,,"(1.0, 1.0, 1.0, 1.0, 1.0, 1.0, 1.0, 1.0, 1.0, 1.0, 1.0)","(0.0, 0.0, 0.0, 0.0, 0.0, 0.0, 0.0, 0.0, 0.0, 0.0, 0.0)",502540.0,1741640.0,505100.0,1744200.0,65536,4,65536,4,0,0,0,236,0,0,00cca766584fe2d91c5ee520519c7dfb2170be4d999e92bd98ae444729970664,58fa5796f9e36cbbca6978527386ed4e22fb6c74f1e24ba741aea385f67358a4,34479502e147737bebe5d009862a74f88dd2aecbccaed1ac3349f97ea9402f67,65532,0,0,0,0,0,0,0,0,4,0,0,0,0,0,0
187,12-1-19_16PEC_7,12-1-19_16PEC,2019-01-12,16PEC,7,patches/S2_12-1-19_16PEC/S2_12-1-19_16PEC_7.tif,patches/S2_12-1-19_16PEC/S2_12-1-19_16PEC_7_cl.tif,patches/S2_12-1-19_16PEC/S2_12-1-19_16PEC_7_conf.tif,train,-86.94040443026368,15.880518683796858,EPSG:32616,10.0,10.0,11,float32,,"(1.0, 1.0, 1.0, 1.0, 1.0, 1.0, 1.0, 1.0, 1.0, 1.0, 1.0)","(0.0, 0.0, 0.0, 0.0, 0.0, 0.0, 0.0, 0.0, 0.0, 0.0, 0.0)",505100.0,1754440.0,507660.0,1757000.0,65536,22,65536,22,0,0,0,384,0,0,ef6e625cb22dfa93f3a49d551445560098e1fb19a1d6a7aadce39268dc9391be,5288101e538fb88363d85984dcdf965204e6077c3d8937c76a88504330d49690,b6cd181a7b038023075fee888f9088c01ae1f14a9535181871b11dcd3c021e26,65514,0,0,22,0,0,0,0,0,0,0,0,0,0,0,0
188,12-1-19_16PEC_8,12-1-19_16PEC,2019-01-12,16PEC,8,patches/S2_12-1-19_16PEC/S2_12-1-19_16PEC_8.tif,patches/S2_12-1-19_16PEC/S2_12-1-19_16PEC_8_cl.tif,patches/S2_12-1-19_16PEC/S2_12-1-19_16PEC_8_conf.tif,train,-86.94042479780255,15.811087365296613,EPSG:32616,10.0,10.0,11,float32,,"(1.0, 1.0, 1.0, 1.0, 1.0, 1.0, 1.0, 1.0, 1.0, 1.0, 1.0)","(0.0, 0.0, 0.0, 0.0, 0.0, 0.0, 0.0, 0.0, 0.0, 0.0, 0.0)",505100.0,1746760.0,507660.0,1749320.0,65536,9,65536,9,0,0,0,1164,0,0,35c63f4dfc028b3e8b23f06c5b105d26c030842f08ce2edb69d05323b2f37e4f,b87f3d8fa82151d1228d3bc69982f5a5721b7e156f67f8b7f83148ec5bc90bf9,441575672d0d64fb1ff11e207437b586c77347bbff2507f322f8baf2a7786060,65527,4,0,0,0,0,0,2,0,3,0,0,0,0,0,0
189,12-1-19_16PEC_9,12-1-19_16PEC,2019-01-12,16PEC,9,patches/S2_12-1-19_16PEC/S2_12-1-19_16PEC_9.tif,patches/S2_12-1-19_16PEC/S2_12-1-19_16PEC_9_cl.tif,patches/S2_12-1-19_16PEC/S2_12-1-19_16PEC_9_conf.tif,train,-86.91652003012888,15.811079493034862,EPSG:32616,10.0,10.0,11,float32,,"(1.0, 1.0, 1.0, 1.0, 1.0, 1.0, 1.0, 1.0, 1.0, 1.0, 1.0)","(0.0, 0.0, 0.0, 0.0, 0.0, 0.0, 0.0, 0.0, 0.0, 0.0, 0.0)",507660.0,1746760.0,510220.0,1749320.0,65536,10,65536,10,0,0,0,1128,0,0,b1759d524ea9577c8b8f1d5017afd71928ee5a721adf52e248a327c6535de974,bfee03814955fb8ba35e1654cdf11b8dd77418aba1deed8eea3f48a8ba2b73a6,f78d05ee9d025651646a7d75fcf698e6e91b9c7e66ceb43e183f6931b4c9a5ea,65526,5,0,0,0,0,0,2,0,0,0,0,0,0,0,3
190,12-12-20_16PCC_0,12-12-20_16PCC,2020-12-12,16PCC,0,patches/S2_12-12-20_16PCC/S2_12-12-20_16PCC_0.tif,patches/S2_12-12-20_16PCC/S2_12-12-20_16PCC_0_cl.tif,patches/S2_12-12-20_16PCC/S2_12-12-20_16PCC_0_conf.tif,test,-88.3228965067561,16.013504596733796,EPSG:32616,10.0,10.0,11,float32,,"(1.0, 1.0, 1.0, 1.0, 1.0, 1.0, 1.0, 1.0, 1.0, 1.0, 1.0)","(0.0, 0.0, 0.0, 0.0, 0.0, 0.0, 0.0, 0.0, 0.0, 0.0, 0.0)",357180.0,1769600.0,359740.0,1772160.0,65536,13,65536,13,0,0,0,20,0,0,974122cb187729561f9859f75180ce1e9ef85db1e6c785fd0b91d83d3aeb91cd,9620c39833421f3056979a9449493152d6d6f915440b801513b6dd426ed59821,193a0fd6023dff82f142449e52a04b025d55ee74982b7b635f1f84607d69e20a,65523,2,0,0,0,0,0,11,0,0,0,0,0,0,0,0
191,12-12-20_16PCC_1,12-12-20_16PCC,2020-12-12,16PCC,1,patches/S2_12-12-20_16PCC/S2_12-12-20_16PCC_1.tif,patches/S2_12-12-20_16PCC/S2_12-12-20_16PCC_1_cl.tif,patches/S2_12-12-20_16PCC/S2_12-12-20_16PCC_1_conf.tif,test,-88.29748985826178,15.782273673660658,EPSG:32616,10.0,10.0,11,float32,,"(1.0, 1.0, 1.0, 1.0, 1.0, 1.0, 1.0, 1.0, 1.0, 1.0, 1.0)","(0.0, 0.0, 0.0, 0.0, 0.0, 0.0, 0.0, 0.0, 0.0, 0.0, 0.0)",359740.0,1744000.0,362300.0,1746560.0,65536,99,65536,99,0,0,0,12,0,0,64508192098f330fbd6609f55d75c88abfa02d96f3ea18bcd7fa0eed531d6148,fd41fca14b3b88059a0416d276fd1aed2a599862d47aa0b0bf0d3b43c2581b02,3375dd3fca32a53484a7013099cc6e832ecf23927007f5727be85e641ba78ef6,65437,0,0,0,0,0,0,0,0,0,99,0,0,0,0,0
192,12-12-20_16PCC_10,12-12-20_16PCC,2020-12-12,16PCC,10,patches/S2_12-12-20_16PCC/S2_12-12-20_16PCC_10.tif,patches/S2_12-12-20_16PCC/S2_12-12-20_16PCC_10_cl.tif,patches/S2_12-12-20_16PCC/S2_12-12-20_16PCC_10_conf.tif,test,-88.17761072140898,15.713536332938268,EPSG:32616,10.0,10.0,11,float32,,"(1.0, 1.0, 1.0, 1.0, 1.0, 1.0, 1.0, 1.0, 1.0, 1.0, 1.0)","(0.0, 0.0, 0.0, 0.0, 0.0, 0.0, 0.0, 0.0, 0.0, 0.0, 0.0)",372540.0,1736320.0,375100.0,1738880.0,65536,39,65536,39,0,0,0,208,0,0,1f54ba3935d4b9da5fe0d4aa2b7ec7a8c799faa5c8b99f6a779e25a2c34ce746,1283c95f653222ccabc876065b8eb74473d01ef660e503745e5868da24bc3da7,9c55cfc9aac131526fde01a7922e43af7af2f5aa54a7d241cfd7cbb204c975d5,65497,0,0,0,0,0,0,0,0,0,39,0,0,0,0,0
193,12-12-20_16PCC_11,12-12-20_16PCC,2020-12-12,16PCC,11,patches/S2_12-12-20_16PCC/S2_12-12-20_16PCC_11.tif,patches/S2_12-12-20_16PCC/S2_12-12-20_16PCC_11_cl.tif,patches/S2_12-12-20_16PCC/S2_12-12-20_16PCC_11_conf.tif,test,-88.15398333544155,15.759942440609255,EPSG:32616,10.0,10.0,11,float32,,"(1.0, 1.0, 1.0, 1.0, 1.0, 1.0, 1.0, 1.0, 1.0, 1.0, 1.0)","(0.0, 0.0, 0.0, 0.0, 0.0, 0.0, 0.0, 0.0, 0.0, 0.0, 0.0)",375100.0,1741440.0,377660.0,1744000.0,65536,3,65536,3,0,0,0,76,0,0,988a905f035a1798e1e80df398ae01d93d293a2af60dd4205488d6ea22061355,770193ad60a475ad2138bc9137bc391904e1171ad143849b816fa7194a334fbe,f5fe3fb4c8ef90fd04c98bf5acc95c3b0504b16a72a1e761e9f2dd5ae961ea67,65533,2,0,0,0,0,0,1,0,0,0,0,0,0,0,0
194,12-12-20_16PCC_12,12-12-20_16PCC,2020-12-12,16PCC,12,patches/S2_12-12-20_16PCC/S2_12-12-20_16PCC_12.tif,patches/S2_12-12-20_16PCC/S2_12-12-20_16PCC_12_cl.tif,patches/S2_12-12-20_16PCC/S2_12-12-20_16PCC_12_conf.tif,test,-88.15385271663992,15.736803168683478,EPSG:32616,10.0,10.0,11,float32,,"(1.0, 1.0, 1.0, 1.0, 1.0, 1.0, 1.0, 1.0, 1.0, 1.0, 1.0)","(0.0, 0.0, 0.0, 0.0, 0.0, 0.0, 0.0, 0.0, 0.0, 0.0, 0.0)",375100.0,1738880.0,377660.0,1741440.0,65536,3,65536,3,0,0,0,92,0,0,eb416e0ac01f3fd6c4ba2c2015d86191ffe753c296a0a09fe68a62d42dc0b617,4307e54b7bb9515b29f54446486fefdb42d5a70eedb6496156a1cf1b559b9278,bae2efcc12ff4f9e3e930fefab7e51bea7483bdbb3df11eb76ab0303f64ca498,65533,2,0,0,0,0,0,1,0,0,0,0,0,0,0,0
195,12-12-20_16PCC_13,12-12-20_16PCC,2020-12-12,16PCC,13,patches/S2_12-12-20_16PCC/S2_12-12-20_16PCC_13.tif,patches/S2_12-12-20_16PCC/S2_12-12-20_16PCC_13_cl.tif,patches/S2_12-12-20_16PCC/S2_12-12-20_16PCC_13_conf.tif,test,-88.13112028437168,15.945181640719735,EPSG:32616,10.0,10.0,11,float32,,"(1.0, 1.0, 1.0, 1.0, 1.0, 1.0, 1.0, 1.0, 1.0, 1.0, 1.0)","(0.0, 0.0, 0.0, 0.0, 0.0, 0.0, 0.0, 0.0, 0.0, 0.0, 0.0)",377660.0,1761920.0,380220.0,1764480.0,65536,3,65536,3,0,0,0,140,0,0,e9616446d5cf9bdd12f0d1102c4ee69398b7b43089c029df029676e97c7cae42,eb78252e090d72a34bcec0cc5909f40b74eec4905748f58c11267c9e9fc854a8,328659d5effe56bc6e0a014ed31c7657ab6968aa5e073b75624f943b3da7699d,65533,2,0,0,0,0,0,1,0,0,0,0,0,0,0,0
196,12-12-20_16PCC_14,12-12-20_16PCC,2020-12-12,16PCC,14,patches/S2_12-12-20_16PCC/S2_12-12-20_16PCC_14.tif,patches/S2_12-12-20_16PCC/S2_12-12-20_16PCC_14_cl.tif,patches/S2_12-12-20_16PCC/S2_12-12-20_16PCC_14_conf.tif,test,-88.13099066789961,15.922042578231801,EPSG:32616,10.0,10.0,11,float32,,"(1.0, 1.0, 1.0, 1.0, 1.0, 1.0, 1.0, 1.0, 1.0, 1.0, 1.0)","(0.0, 0.0, 0.0, 0.0, 0.0, 0.0, 0.0, 0.0, 0.0, 0.0, 0.0)",377660.0,1759360.0,380220.0,1761920.0,65536,3,65536,3,0,0,0,132,0,0,531ae805f5997d0557ac38abdfc87555bf5031fa7e4e19f076be2486773c18d7,6f85b0a4b545232bee9d083963b4aed6091a59e029af2570fe7ecb22001d3101,4e9e5a617de6a5ce4feba4dcdfe2990b6bc8f9ff40ba3470b24f464bef50796e,65533,2,0,0,0,0,0,1,0,0,0,0,0,0,0,0
197,12-12-20_16PCC_15,12-12-20_16PCC,2020-12-12,16PCC,15,patches/S2_12-12-20_16PCC/S2_12-12-20_16PCC_15.tif,patches/S2_12-12-20_16PCC/S2_12-12-20_16PCC_15_cl.tif,patches/S2_12-12-20_16PCC/S2_12-12-20_16PCC_15_conf.tif,test,-88.1308612644275,15.898903465183373,EPSG:32616,10.0,10.0,11,float32,,"(1.0, 1.0, 1.0, 1.0, 1.0, 1.0, 1.0, 1.0, 1.0, 1.0, 1.0)","(0.0, 0.0, 0.0, 0.0, 0.0, 0.0, 0.0, 0.0, 0.0, 0.0, 0.0)",377660.0,1756800.0,380220.0,1759360.0,65536,2,65536,2,0,0,0,156,0,0,8d78d5d0042ab7c3e2dd863539f1e64c58f112b2b9558bc03cc6c27ef9fff844,2349835617e6a059bf9135ab29e275341875c8f13013c8ae6d64d26a0852af0c,4d950186628e4d53cc87db98eb76db5ce57427ca352bdb0205c6e8d865c3a927,65534,2,0,0,0,0,0,0,0,0,0,0,0,0,0,0
198,12-12-20_16PCC_16,12-12-20_16PCC,2020-12-12,16PCC,16,patches/S2_12-12-20_16PCC/S2_12-12-20_16PCC_16.tif,patches/S2_12-12-20_16PCC/S2_12-12-20_16PCC_16_cl.tif,patches/S2_12-12-20_16PCC/S2_12-12-20_16PCC_16_conf.tif,test,-88.13021743806617,15.783207143848204,EPSG:32616,10.0,10.0,11,float32,,"(1.0, 1.0, 1.0, 1.0, 1.0, 1.0, 1.0, 1.0, 1.0, 1.0, 1.0)","(0.0, 0.0, 0.0, 0.0, 0.0, 0.0, 0.0, 0.0, 0.0, 0.0, 0.0)",377660.0,1744000.0,380220.0,1746560.0,65536,9,65536,9,0,0,0,96,0,0,3c084a5bfad675dc9fe89ffe4629c00e30fe8de47befc547b13d925272e9f8af,fc7afe66c21ea0664620d8e8fe34a3373b6fbc364b253fba62c718fd4acfd006,64bacd1e521854de8c8299faed42083ab42ba9e1b50142376d81c52860f6e0f0,65527,5,0,0,0,0,0,4,0,0,0,0,0,0,0,0
199,12-12-20_16PCC_17,12-12-20_16PCC,2020-12-12,16PCC,17,patches/S2_12-12-20_16PCC/S2_12-12-20_16PCC_17.tif,patches/S2_12-12-20_16PCC/S2_12-12-20_16PCC_17_cl.tif,patches/S2_12-12-20_16PCC/S2_12-12-20_16PCC_17_conf.tif,test,-88.1072042593111,15.945305823599172,EPSG:32616,10.0,10.0,11,float32,,"(1.0, 1.0, 1.0, 1.0, 1.0, 1.0, 1.0, 1.0, 1.0, 1.0, 1.0)","(0.0, 0.0, 0.0, 0.0, 0.0, 0.0, 0.0, 0.0, 0.0, 0.0, 0.0)",380220.0,1761920.0,382780.0,1764480.0,65536,1,65536,1,0,0,0,192,0,0,c40dfce019076f6377f8ab172bc8c2da1323f63704f646b1efdc4a20ba957023,d7bf6ab3b131052105777af0d08c3184dd6af2c75c3877c79396319e434fa7a6,d90413691d424d603dd827fa1e638e17b74f046bc101512c9d2c8c4b11dec5d5,65535,1,0,0,0,0,0,0,0,0,0,0,0,0,0,0
200,12-12-20_16PCC_18,12-12-20_16PCC,2020-12-12,16PCC,18,patches/S2_12-12-20_16PCC/S2_12-12-20_16PCC_18.tif,patches/S2_12-12-20_16PCC/S2_12-12-20_16PCC_18_cl.tif,patches/S2_12-12-20_16PCC/S2_12-12-20_16PCC_18_conf.tif,test,-88.10707738202677,15.922166571625226,EPSG:32616,10.0,10.0,11,float32,,"(1.0, 1.0, 1.0, 1.0, 1.0, 1.0, 1.0, 1.0, 1.0, 1.0, 1.0)","(0.0, 0.0, 0.0, 0.0, 0.0, 0.0, 0.0, 0.0, 0.0, 0.0, 0.0)",380220.0,1759360.0,382780.0,1761920.0,65536,2,65536,2,0,0,0,160,0,0,97c16456c55301fd399e9ad4e7400d1eb4b1a2f8b37d639e8596c48044316743,2f0db918de4952151ef2ca95f3096a8834da677e7d8b8c5aed882d0701e306ef,b5ee953590f298e5e6e056295d3aef7f94b9c052e867fac3a8ee559fedc917ef,65534,2,0,0,0,0,0,0,0,0,0,0,0,0,0,0
201,12-12-20_16PCC_19,12-12-20_16PCC,2020-12-12,16PCC,19,patches/S2_12-12-20_16PCC/S2_12-12-20_16PCC_19.tif,patches/S2_12-12-20_16PCC/S2_12-12-20_16PCC_19_cl.tif,patches/S2_12-12-20_16PCC/S2_12-12-20_16PCC_19_conf.tif,test,-88.10695071324153,15.899027269132562,EPSG:32616,10.0,10.0,11,float32,,"(1.0, 1.0, 1.0, 1.0, 1.0, 1.0, 1.0, 1.0, 1.0, 1.0, 1.0)","(0.0, 0.0, 0.0, 0.0, 0.0, 0.0, 0.0, 0.0, 0.0, 0.0, 0.0)",380220.0,1756800.0,382780.0,1759360.0,65536,2,65536,2,0,0,0,168,0,0,34e0b33d5b083ccc31ce983fc66ba1f12d4ba8350af737ea211096ba9e67931f,b24ab607f82f5655f21679f9fbbc70772a706068b807c486c896f1ccb1b702d4,3ce8513b5caccd57ff54e36522485c11eac1c340839190cbe82b6b7ffa91105b,65534,0,0,0,0,0,0,2,0,0,0,0,0,0,0,0
202,12-12-20_16PCC_2,12-12-20_16PCC,2020-12-12,16PCC,2,patches/S2_12-12-20_16PCC/S2_12-12-20_16PCC_2.tif,patches/S2_12-12-20_16PCC/S2_12-12-20_16PCC_2_cl.tif,patches/S2_12-12-20_16PCC/S2_12-12-20_16PCC_2_conf.tif,test,-88.27345012169474,15.759276702411354,EPSG:32616,10.0,10.0,11,float32,,"(1.0, 1.0, 1.0, 1.0, 1.0, 1.0, 1.0, 1.0, 1.0, 1.0, 1.0)","(0.0, 0.0, 0.0, 0.0, 0.0, 0.0, 0.0, 0.0, 0.0, 0.0, 0.0)",362300.0,1741440.0,364860.0,1744000.0,65536,7,65536,7,0,0,0,12,0,0,9591fc43ad46304b4cbffb531731cfdf6772689d02094a154196e4f14856432c,038fa9fe06d53a627f153af84562e206c3e19a6775f80e0654457a5b3d95520e,9186ca61e952e01b3ff6aaaeb7f3e7faffec327bdc0f1d6c23d07385bec61d89,65529,0,0,0,0,0,0,0,7,0,0,0,0,0,0,0
203,12-12-20_16PCC_20,12-12-20_16PCC,2020-12-12,16PCC,20,patches/S2_12-12-20_16PCC/S2_12-12-20_16PCC_20.tif,patches/S2_12-12-20_16PCC/S2_12-12-20_16PCC_20_cl.tif,patches/S2_12-12-20_16PCC/S2_12-12-20_16PCC_20_conf.tif,test,-88.10644612085295,15.806469555295651,EPSG:32616,10.0,10.0,11,float32,,"(1.0, 1.0, 1.0, 1.0, 1.0, 1.0, 1.0, 1.0, 1.0, 1.0, 1.0)","(0.0, 0.0, 0.0, 0.0, 0.0, 0.0, 0.0, 0.0, 0.0, 0.0, 0.0)",380220.0,1746560.0,382780.0,1749120.0,65536,2,65536,2,0,0,0,32,0,0,77a87862f8fa9644f394d10ab60054c6929af58af25020380a968224a5ba207c,9db1ae898f4d5ff05f7de54fa71599aa9514e1eae313adfae9647969217a08d0,69404b55dd19de8e4d27d92677f1ab44edfc5c2b5896a513ae75391dca1e1607,65534,0,0,0,0,0,0,2,0,0,0,0,0,0,0,0
204,12-12-20_16PCC_21,12-12-20_16PCC,2020-12-12,16PCC,21,patches/S2_12-12-20_16PCC/S2_12-12-20_16PCC_21.tif,patches/S2_12-12-20_16PCC/S2_12-12-20_16PCC_21_cl.tif,patches/S2_12-12-20_16PCC/S2_12-12-20_16PCC_21_conf.tif,test,-88.10619507274914,15.760190396982923,EPSG:32616,10.0,10.0,11,float32,,"(1.0, 1.0, 1.0, 1.0, 1.0, 1.0, 1.0, 1.0, 1.0, 1.0, 1.0)","(0.0, 0.0, 0.0, 0.0, 0.0, 0.0, 0.0, 0.0, 0.0, 0.0, 0.0)",380220.0,1741440.0,382780.0,1744000.0,65536,11,65536,11,0,0,0,104,0,0,bbcf0bf79f339a7e2012bfb0d9052b0003e85ed2904da196b5867f65b05c86e4,1fe40d5822c8fa176f0ac7c632a3870edbd66a3a7fa9fe5eda700a03d98b3489,ea5a983bf38a2941a7054173ea3a813da74041f7c71765600032a343c98dfa87,65525,0,0,0,0,0,0,11,0,0,0,0,0,0,0,0
205,12-12-20_16PCC_22,12-12-20_16PCC,2020-12-12,16PCC,22,patches/S2_12-12-20_16PCC/S2_12-12-20_16PCC_22.tif,patches/S2_12-12-20_16PCC/S2_12-12-20_16PCC_22_cl.tif,patches/S2_12-12-20_16PCC/S2_12-12-20_16PCC_22_conf.tif,test,-88.08291622357066,15.876008890357168,EPSG:32616,10.0,10.0,11,float32,,"(1.0, 1.0, 1.0, 1.0, 1.0, 1.0, 1.0, 1.0, 1.0, 1.0, 1.0)","(0.0, 0.0, 0.0, 0.0, 0.0, 0.0, 0.0, 0.0, 0.0, 0.0, 0.0)",382780.0,1754240.0,385340.0,1756800.0,65536,3,65536,3,0,0,0,124,0,0,832af4275cc2f856db9f87a0ff6a8ee741908483bc9db8c88db747aeb02cc916,527932750e0a255240e6c02555230acb080fa059e2b4da4da64f88ca0d896179,8486ef363bc8229811a37df95bcbd9e00aa947cfaf6e3d51210e34e135f844ee,65533,2,0,0,0,0,0,1,0,0,0,0,0,0,0,0
206,12-12-20_16PCC_23,12-12-20_16PCC,2020-12-12,16PCC,23,patches/S2_12-12-20_16PCC/S2_12-12-20_16PCC_23.tif,patches/S2_12-12-20_16PCC/S2_12-12-20_16PCC_23_cl.tif,patches/S2_12-12-20_16PCC/S2_12-12-20_16PCC_23_conf.tif,test,-88.08279269725162,15.852869301708761,EPSG:32616,10.0,10.0,11,float32,,"(1.0, 1.0, 1.0, 1.0, 1.0, 1.0, 1.0, 1.0, 1.0, 1.0, 1.0)","(0.0, 0.0, 0.0, 0.0, 0.0, 0.0, 0.0, 0.0, 0.0, 0.0, 0.0)",382780.0,1751680.0,385340.0,1754240.0,65536,1,65536,1,0,0,0,92,0,0,aa7ef61cf61c61873e040773c1af93f79492b60bc5ebfd22be0e574c55a62154,3a037f07a35034027c89f73aa1ec430adea9aa5f357559202649991e40e29a92,941d47829ba5166efa00bcbdeb7a1b22c4cc8894c7db3c9afb1354140eed9538,65535,0,0,0,0,0,0,1,0,0,0,0,0,0,0,0
207,12-12-20_16PCC_24,12-12-20_16PCC,2020-12-12,16PCC,24,patches/S2_12-12-20_16PCC/S2_12-12-20_16PCC_24.tif,patches/S2_12-12-20_16PCC/S2_12-12-20_16PCC_24_cl.tif,patches/S2_12-12-20_16PCC/S2_12-12-20_16PCC_24_conf.tif,test,-88.08266937460222,15.829729662780478,EPSG:32616,10.0,10.0,11,float32,,"(1.0, 1.0, 1.0, 1.0, 1.0, 1.0, 1.0, 1.0, 1.0, 1.0, 1.0)","(0.0, 0.0, 0.0, 0.0, 0.0, 0.0, 0.0, 0.0, 0.0, 0.0, 0.0)",382780.0,1749120.0,385340.0,1751680.0,65536,3,65536,3,0,0,0,52,0,0,57955402e4f86e938d2f6dc1b9fa4cad3f98a13ba3ede31d67a126a77d13a054,385dcb847f58ef63c04a118fd119a42bfed116962ec7e911e261c6b523e6202f,9aa8e65ecbf307be44e32c80c213dccfcba164bde2bf15c1fac693c9946684c7,65533,2,0,0,0,0,0,1,0,0,0,0,0,0,0,0
208,12-12-20_16PCC_25,12-12-20_16PCC,2020-12-12,16PCC,25,patches/S2_12-12-20_16PCC/S2_12-12-20_16PCC_25.tif,patches/S2_12-12-20_16PCC/S2_12-12-20_16PCC_25_cl.tif,patches/S2_12-12-20_16PCC/S2_12-12-20_16PCC_25_conf.tif,test,-88.05949318603794,15.968685800009533,EPSG:32616,10.0,10.0,11,float32,,"(1.0, 1.0, 1.0, 1.0, 1.0, 1.0, 1.0, 1.0, 1.0, 1.0, 1.0)","(0.0, 0.0, 0.0, 0.0, 0.0, 0.0, 0.0, 0.0, 0.0, 0.0, 0.0)",385340.0,1764480.0,387900.0,1767040.0,65536,1053,65536,1053,0,0,0,196,0,0,b6feffc7de46bcd19c2d456d2c3c0e729b2de0be770bfb9ad8e910ec549760e4,95f409d9889e1833f5b2c7e6233abb530c18fa6cccc6509d3678b14580a8f6f0,cb1cad26e021e713ffb1645227af9cc1f7ded4745b7586bb5785b21fcb219435,64483,0,0,0,0,0,0,1053,0,0,0,0,0,0,0,0
209,12-12-20_16PCC_26,12-12-20_16PCC,2020-12-12,16PCC,26,patches/S2_12-12-20_16PCC/S2_12-12-20_16PCC_26.tif,patches/S2_12-12-20_16PCC/S2_12-12-20_16PCC_26_cl.tif,patches/S2_12-12-20_16PCC/S2_12-12-20_16PCC_26_conf.tif,test,-88.03557380463272,15.968802202419832,EPSG:32616,10.0,10.0,11,float32,,"(1.0, 1.0, 1.0, 1.0, 1.0, 1.0, 1.0, 1.0, 1.0, 1.0, 1.0)","(0.0, 0.0, 0.0, 0.0, 0.0, 0.0, 0.0, 0.0, 0.0, 0.0, 0.0)",387900.0,1764480.0,390460.0,1767040.0,65536,2268,65536,2268,0,0,0,220,0,0,c142cd389477d8732a0b82974eebd24a2ac24b0a2bdfa5e8e2b87597931251e5,1ce3bf1e7afe8803aec7ed074c071d2e4d1c879b9c91b3969ee11206bbe681b7,3435b5369b3a11f6451532e6ddc53a49d4fa8e39bd457bd992cdfe3a478a6698,63268,0,0,0,0,0,0,2268,0,0,0,0,0,0,0,0
210,12-12-20_16PCC_27,12-12-20_16PCC,2020-12-12,16PCC,27,patches/S2_12-12-20_16PCC/S2_12-12-20_16PCC_27.tif,patches/S2_12-12-20_16PCC/S2_12-12-20_16PCC_27_cl.tif,patches/S2_12-12-20_16PCC/S2_12-12-20_16PCC_27_conf.tif,test,-88.03462842831433,15.783682827628555,EPSG:32616,10.0,10.0,11,float32,,"(1.0, 1.0, 1.0, 1.0, 1.0, 1.0, 1.0, 1.0, 1.0, 1.0, 1.0)","(0.0, 0.0, 0.0, 0.0, 0.0, 0.0, 0.0, 0.0, 0.0, 0.0, 0.0)",387900.0,1744000.0,390460.0,1746560.0,65536,18,65536,18,0,0,0,44,0,0,75bc5270f8e9a8bff6f157f7b030f62a24e1bba9bc66b485479a16748002f44e,d40fa7a6bc31b72e7cc4448c922276ce00e3a46a77871410fa2abca727596c6d,1880fd23afa47329ac76bed508e3e270550e6c1714e34a6c36fbc45438903658,65518,0,0,0,0,0,0,0,0,0,18,0,0,0,0,0
211,12-12-20_16PCC_3,12-12-20_16PCC,2020-12-12,16PCC,3,patches/S2_12-12-20_16PCC/S2_12-12-20_16PCC_3.tif,patches/S2_12-12-20_16PCC/S2_12-12-20_16PCC_3_cl.tif,patches/S2_12-12-20_16PCC/S2_12-12-20_16PCC_3_conf.tif,test,-88.25098445119028,15.990796898440971,EPSG:32616,10.0,10.0,11,float32,,"(1.0, 1.0, 1.0, 1.0, 1.0, 1.0, 1.0, 1.0, 1.0, 1.0, 1.0)","(0.0, 0.0, 0.0, 0.0, 0.0, 0.0, 0.0, 0.0, 0.0, 0.0, 0.0)",364860.0,1767040.0,367420.0,1769600.0,65536,14,65536,14,0,0,0,12,0,0,d7cdf9511887033228ff5815b4370705fb775572a7744da079602efaa0d3219e,4e6f08b742914d6555786d38abbb50a133e3f88281525c6e86cc519d833c1063,1e76a8e965c2aec3d04a624a01151c6c36ab8e1248cfcddc29ba0be8bd58effb,65522,1,0,0,0,0,0,13,0,0,0,0,0,0,0,0
212,12-12-20_16PCC_4,12-12-20_16PCC,2020-12-12,16PCC,4,patches/S2_12-12-20_16PCC/S2_12-12-20_16PCC_4.tif,patches/S2_12-12-20_16PCC/S2_12-12-20_16PCC_4_cl.tif,patches/S2_12-12-20_16PCC/S2_12-12-20_16PCC_4_conf.tif,test,-88.24969888950294,15.78255349773412,EPSG:32616,10.0,10.0,11,float32,,"(1.0, 1.0, 1.0, 1.0, 1.0, 1.0, 1.0, 1.0, 1.0, 1.0, 1.0)","(0.0, 0.0, 0.0, 0.0, 0.0, 0.0, 0.0, 0.0, 0.0, 0.0, 0.0)",364860.0,1744000.0,367420.0,1746560.0,65536,176,65536,176,0,0,0,76,0,0,6797336891dc2d7c016be1c30718fb36bf890394ed1d14253eea030504fad5b5,5309b83b9a384b668fa265880260002dd4fc19420dbb0d5dbb9e8f02753aea52,8a72f5a9b3bfd4449f6295939b11e88b21308c54167263a757f8a84db3bfaab0,65360,0,0,0,0,0,0,0,0,0,176,0,0,0,0,0
213,12-12-20_16PCC_5,12-12-20_16PCC,2020-12-12,16PCC,5,patches/S2_12-12-20_16PCC/S2_12-12-20_16PCC_5.tif,patches/S2_12-12-20_16PCC/S2_12-12-20_16PCC_5_cl.tif,patches/S2_12-12-20_16PCC/S2_12-12-20_16PCC_5_conf.tif,test,-88.24955722471765,15.759415089295306,EPSG:32616,10.0,10.0,11,float32,,"(1.0, 1.0, 1.0, 1.0, 1.0, 1.0, 1.0, 1.0, 1.0, 1.0, 1.0)","(0.0, 0.0, 0.0, 0.0, 0.0, 0.0, 0.0, 0.0, 0.0, 0.0, 0.0)",364860.0,1741440.0,367420.0,1744000.0,65536,5413,65536,5413,0,0,0,236,0,0,5bdc5bd393ff092aba3d81a5c13638aa7bbf378e2bd0d6a87fe5b2f3d7279d02,ad8b7917e9f1a6c19f1db9ea0266c47c4e2a6765befb0e0eeecd539521c29db1,d8ca2638215a9839a59ebe18f56863e8ebf09c6c58d4c90ed507724e1db49175,60123,0,0,0,0,0,0,0,5413,0,0,0,0,0,0,0
214,12-12-20_16PCC_6,12-12-20_16PCC,2020-12-12,16PCC,6,patches/S2_12-12-20_16PCC/S2_12-12-20_16PCC_6.tif,patches/S2_12-12-20_16PCC/S2_12-12-20_16PCC_6_cl.tif,patches/S2_12-12-20_16PCC/S2_12-12-20_16PCC_6_conf.tif,test,-88.24941579455219,15.736276630539782,EPSG:32616,10.0,10.0,11,float32,,"(1.0, 1.0, 1.0, 1.0, 1.0, 1.0, 1.0, 1.0, 1.0, 1.0, 1.0)","(0.0, 0.0, 0.0, 0.0, 0.0, 0.0, 0.0, 0.0, 0.0, 0.0, 0.0)",364860.0,1738880.0,367420.0,1741440.0,65536,91,65536,91,0,0,0,116,0,0,c29d4747eeafc3c49c13da6242011baf75b832f241fb9e720d9335416bfa4572,a22d98e03626fb8459d3c07194b6ef1306d6d39695ffd3024ec2fbc7948a2d35,e87332d261e9d01746244fb64b7c3c05e569b7461aa839db410ea8eb34928c3f,65445,0,0,0,0,0,0,0,43,48,0,0,0,0,0,0
215,12-12-20_16PCC_7,12-12-20_16PCC,2020-12-12,16PCC,7,patches/S2_12-12-20_16PCC/S2_12-12-20_16PCC_7.tif,patches/S2_12-12-20_16PCC/S2_12-12-20_16PCC_7_cl.tif,patches/S2_12-12-20_16PCC/S2_12-12-20_16PCC_7_conf.tif,test,-88.22706404604257,15.990934761856186,EPSG:32616,10.0,10.0,11,float32,,"(1.0, 1.0, 1.0, 1.0, 1.0, 1.0, 1.0, 1.0, 1.0, 1.0, 1.0)","(0.0, 0.0, 0.0, 0.0, 0.0, 0.0, 0.0, 0.0, 0.0, 0.0, 0.0)",367420.0,1767040.0,369980.0,1769600.0,65536,2,65536,2,0,0,0,28,0,0,50de237e2627740d8023dd3b824149b76f3ccc77f03728d9b4e897d286b00aec,1244908c48eaaa7d8c59ebf730975441a8961974c03f1954f86c4fcec52acf94,eb7fddc009acb1dd2b92c9ca11a5a88a76aa2249449b3e287e7e7786ffda483c,65534,1,0,0,0,0,0,1,0,0,0,0,0,0,0,0
216,12-12-20_16PCC_8,12-12-20_16PCC,2020-12-12,16PCC,8,patches/S2_12-12-20_16PCC/S2_12-12-20_16PCC_8.tif,patches/S2_12-12-20_16PCC/S2_12-12-20_16PCC_8_cl.tif,patches/S2_12-12-20_16PCC/S2_12-12-20_16PCC_8_conf.tif,test,-88.22552536561489,15.736412188563541,EPSG:32616,10.0,10.0,11,float32,,"(1.0, 1.0, 1.0, 1.0, 1.0, 1.0, 1.0, 1.0, 1.0, 1.0, 1.0)","(0.0, 0.0, 0.0, 0.0, 0.0, 0.0, 0.0, 0.0, 0.0, 0.0, 0.0)",367420.0,1738880.0,369980.0,1741440.0,65536,18,65536,18,0,0,0,696,0,0,e969ee12e688135ed57a4a2c2aa405340e19bc6a811fe71e0182a27c2b4778d7,22b3e3f5419c7c7b7edbccb3486c7319f67818f0df870b97be55eecba0ff3980,28e11445afa85de1eb3a33f3831ca4ce4375370264f4d794e98a221eabeca644,65518,0,0,0,0,0,0,0,0,0,18,0,0,0,0,0
217,12-12-20_16PCC_9,12-12-20_16PCC,2020-12-12,16PCC,9,patches/S2_12-12-20_16PCC/S2_12-12-20_16PCC_9.tif,patches/S2_12-12-20_16PCC/S2_12-12-20_16PCC_9_cl.tif,patches/S2_12-12-20_16PCC/S2_12-12-20_16PCC_9_conf.tif,test,-88.20314340951983,15.991069965207837,EPSG:32616,10.0,10.0,11,float32,,"(1.0, 1.0, 1.0, 1.0, 1.0, 1.0, 1.0, 1.0, 1.0, 1.0, 1.0)","(0.0, 0.0, 0.0, 0.0, 0.0, 0.0, 0.0, 0.0, 0.0, 0.0, 0.0)",369980.0,1767040.0,372540.0,1769600.0,65536,2,65536,2,0,0,0,84,0,0,e327bbf6f5432c76543bb8a96320b47fd059d6ccf505c2c7a6ff1919dffec97a,c0c646aa82f371748bba1ee20bf2b01cf0184de4154d028334ebe118cac47f38,74fd6105ee57e2732af538417cd40f3e6e91bb9d253d0298b47d39b2796fd9de,65534,1,0,0,0,0,0,1,0,0,0,0,0,0,0,0
218,13-12-18_16PCC_0,13-12-18_16PCC,2018-12-13,16PCC,0,patches/S2_13-12-18_16PCC/S2_13-12-18_16PCC_0.tif,patches/S2_13-12-18_16PCC/S2_13-12-18_16PCC_0_cl.tif,patches/S2_13-12-18_16PCC/S2_13-12-18_16PCC_0_conf.tif,train,-88.4081003847335,16.010432050317746,EPSG:32616,10.0,10.0,11,float32,,"(1.0, 1.0, 1.0, 1.0, 1.0, 1.0, 1.0, 1.0, 1.0, 1.0, 1.0)","(0.0, 0.0, 0.0, 0.0, 0.0, 0.0, 0.0, 0.0, 0.0, 0.0, 0.0)",348060.0,1769320.0,350620.0,1771880.0,65536,31,65536,31,0,0,0,528,0,0,59dc6e2c1a8c215ccca2a0037e50eba8c4f93cc60ae1f369fcb9a1227885339d,7593e7f562e8245b4ad41877e98e2ba7cde4cde209f3018e96d56b9ecfbd8f76,64d6f6146f3794df1decc16ad5b1fcecf9c12183484f8b0dd5039c5a67753192,65505,0,27,4,0,0,0,0,0,0,0,0,0,0,0,0
219,13-12-18_16PCC_1,13-12-18_16PCC,2018-12-13,16PCC,1,patches/S2_13-12-18_16PCC/S2_13-12-18_16PCC_1.tif,patches/S2_13-12-18_16PCC/S2_13-12-18_16PCC_1_cl.tif,patches/S2_13-12-18_16PCC/S2_13-12-18_16PCC_1_conf.tif,train,-88.40697163003941,15.848475968316187,EPSG:32616,10.0,10.0,11,float32,,"(1.0, 1.0, 1.0, 1.0, 1.0, 1.0, 1.0, 1.0, 1.0, 1.0, 1.0)","(0.0, 0.0, 0.0, 0.0, 0.0, 0.0, 0.0, 0.0, 0.0, 0.0, 0.0)",348060.0,1751400.0,350620.0,1753960.0,65536,8,65536,8,0,0,0,156,0,0,55d87107478b40ba09bb624224d780d8deef7f60101c60e5a0701eb09246745c,def1949dcef315665bf6ed73e1c009a90e5943991b752140d16701af3a749de9,2e18cc9891696380d5d44b17855d2acee253ffb6c8a5815a72eb7782fe8b2376,65528,0,0,0,0,0,0,0,0,6,2,0,0,0,0,0
220,13-12-18_16PCC_10,13-12-18_16PCC,2018-12-13,16PCC,10,patches/S2_13-12-18_16PCC/S2_13-12-18_16PCC_10.tif,patches/S2_13-12-18_16PCC/S2_13-12-18_16PCC_10_cl.tif,patches/S2_13-12-18_16PCC/S2_13-12-18_16PCC_10_conf.tif,train,-88.28687382891387,15.756666978870523,EPSG:32616,10.0,10.0,11,float32,,"(1.0, 1.0, 1.0, 1.0, 1.0, 1.0, 1.0, 1.0, 1.0, 1.0, 1.0)","(0.0, 0.0, 0.0, 0.0, 0.0, 0.0, 0.0, 0.0, 0.0, 0.0, 0.0)",360860.0,1741160.0,363420.0,1743720.0,65536,499,65536,499,0,0,0,68,0,0,d85d307c45a0f3fb34697c72337a85b6f27d5c922ba1f9d2aae4ae3fa2929288,90475bb071be665871686bd5e621cf2e6f2e9f820e0add840feb17aeed5a9126,cb5af286999510f153eb07c297c68dcacf15d35a555217fb68a11214e1aebff5,65037,0,0,0,0,0,0,0,0,0,499,0,0,0,0,0
221,13-12-18_16PCC_11,13-12-18_16PCC,2018-12-13,16PCC,11,patches/S2_13-12-18_16PCC/S2_13-12-18_16PCC_11.tif,patches/S2_13-12-18_16PCC/S2_13-12-18_16PCC_11_cl.tif,patches/S2_13-12-18_16PCC/S2_13-12-18_16PCC_11_conf.tif,train,-88.26369954326168,15.872497782833154,EPSG:32616,10.0,10.0,11,float32,,"(1.0, 1.0, 1.0, 1.0, 1.0, 1.0, 1.0, 1.0, 1.0, 1.0, 1.0)","(0.0, 0.0, 0.0, 0.0, 0.0, 0.0, 0.0, 0.0, 0.0, 0.0, 0.0)",363420.0,1753960.0,365980.0,1756520.0,65536,48,65536,48,0,0,0,2320,0,0,01e88f480e71d06ddbe3f186947492a3762398081954dadd4e89203bbdb4702f,0859579d450cc8766037ee873ce267822ebd59b9dc663bdeaad234bb8ff83ce3,5c152933b4825103569b1e468f04d1ffb4241e6ec0bfc6aacda911bd6f273e62,65488,15,0,0,0,0,0,29,0,0,0,0,0,0,0,4
222,13-12-18_16PCC_12,13-12-18_16PCC,2018-12-13,16PCC,12,patches/S2_13-12-18_16PCC/S2_13-12-18_16PCC_12.tif,patches/S2_13-12-18_16PCC/S2_13-12-18_16PCC_12_cl.tif,patches/S2_13-12-18_16PCC/S2_13-12-18_16PCC_12_conf.tif,train,-88.26355543192994,15.849359690454914,EPSG:32616,10.0,10.0,11,float32,,"(1.0, 1.0, 1.0, 1.0, 1.0, 1.0, 1.0, 1.0, 1.0, 1.0, 1.0)","(0.0, 0.0, 0.0, 0.0, 0.0, 0.0, 0.0, 0.0, 0.0, 0.0, 0.0)",363420.0,1751400.0,365980.0,1753960.0,65536,3,65536,3,0,0,0,2537,0,0,db2fd1abf3e169b0b833277f47d625f07e7eadfd62527f0ced710ee3fdd8bcb0,c971e64d02b8fcd0cf36e2ff3f4f9fa38c7e930dc0a256e2d51f08263f87c724,1a4a326198fe83e028f03bcdfcd57a4ad0d9c9f40ab3ae88591ad1c00dfa7d9a,65533,3,0,0,0,0,0,0,0,0,0,0,0,0,0,0
223,13-12-18_16PCC_13,13-12-18_16PCC,2018-12-13,16PCC,13,patches/S2_13-12-18_16PCC/S2_13-12-18_16PCC_13.tif,patches/S2_13-12-18_16PCC/S2_13-12-18_16PCC_13_cl.tif,patches/S2_13-12-18_16PCC/S2_13-12-18_16PCC_13_conf.tif,train,-88.26341155823303,15.82622154747449,EPSG:32616,10.0,10.0,11,float32,,"(1.0, 1.0, 1.0, 1.0, 1.0, 1.0, 1.0, 1.0, 1.0, 1.0, 1.0)","(0.0, 0.0, 0.0, 0.0, 0.0, 0.0, 0.0, 0.0, 0.0, 0.0, 0.0)",363420.0,1748840.0,365980.0,1751400.0,65536,15,65536,15,0,0,0,2272,0,0,a3be7f7aed983dba27d3d9b1b4496ca890783a208f46f9e420e77463edba5396,1bdc40e91be38828099f831af994b88353e5bd1ce5ba74a9821ad8ff70aed2ea,5d63ce5a6974cb7299c39fa137c203f2ffea8e3959484270fc493a836f5ca47e,65521,0,0,0,0,0,0,0,0,15,0,0,0,0,0,0
224,13-12-18_16PCC_14,13-12-18_16PCC,2018-12-13,16PCC,14,patches/S2_13-12-18_16PCC/S2_13-12-18_16PCC_14.tif,patches/S2_13-12-18_16PCC/S2_13-12-18_16PCC_14_cl.tif,patches/S2_13-12-18_16PCC/S2_13-12-18_16PCC_14_conf.tif,train,-88.26298136168056,15.756806815586577,EPSG:32616,10.0,10.0,11,float32,,"(1.0, 1.0, 1.0, 1.0, 1.0, 1.0, 1.0, 1.0, 1.0, 1.0, 1.0)","(0.0, 0.0, 0.0, 0.0, 0.0, 0.0, 0.0, 0.0, 0.0, 0.0, 0.0)",363420.0,1741160.0,365980.0,1743720.0,65536,94,65536,94,0,0,0,1032,0,0,647c5988715c77b46a8a49066c76a80d4841a222d781cde11fa79d7a88a61165,ca7e90556dca9f52c0dd3bab6cbd5b141ba49f9865db7543ef2a0b61534f82b1,b97d64b4027b88dffbb79932d5cde14868305580399a9247487dc81d858cb434,65442,0,0,0,0,0,0,0,90,4,0,0,0,0,0,0
225,13-12-18_16PCC_15,13-12-18_16PCC,2018-12-13,16PCC,15,patches/S2_13-12-18_16PCC/S2_13-12-18_16PCC_15.tif,patches/S2_13-12-18_16PCC/S2_13-12-18_16PCC_15_cl.tif,patches/S2_13-12-18_16PCC/S2_13-12-18_16PCC_15_conf.tif,train,-88.23979326111822,15.872636059333612,EPSG:32616,10.0,10.0,11,float32,,"(1.0, 1.0, 1.0, 1.0, 1.0, 1.0, 1.0, 1.0, 1.0, 1.0, 1.0)","(0.0, 0.0, 0.0, 0.0, 0.0, 0.0, 0.0, 0.0, 0.0, 0.0, 0.0)",365980.0,1753960.0,368540.0,1756520.0,65536,5,65536,5,0,0,0,2164,0,0,6821d4b396a65fee12e59e75ddb919f8fa8e8298c4e78fed988a6aadd12c0406,de1af5059fa7a46c93ffc14fc991368599ff9c6d975df372d9ae8f9b1553035c,7caa30b53dcb91d62196387e8dce83e1467837dc8c941d74217a4604b0c54786,65531,3,0,0,0,0,0,2,0,0,0,0,0,0,0,0
226,13-12-18_16PCC_16,13-12-18_16PCC,2018-12-13,16PCC,16,patches/S2_13-12-18_16PCC/S2_13-12-18_16PCC_16.tif,patches/S2_13-12-18_16PCC/S2_13-12-18_16PCC_16_cl.tif,patches/S2_13-12-18_16PCC/S2_13-12-18_16PCC_16_conf.tif,train,-88.21588674570707,15.872771696508767,EPSG:32616,10.0,10.0,11,float32,,"(1.0, 1.0, 1.0, 1.0, 1.0, 1.0, 1.0, 1.0, 1.0, 1.0, 1.0)","(0.0, 0.0, 0.0, 0.0, 0.0, 0.0, 0.0, 0.0, 0.0, 0.0, 0.0)",368540.0,1753960.0,371100.0,1756520.0,65536,2,65536,2,0,0,0,2176,0,0,b77967411409069beea85f4b89ee5e4b3e5a64e7a8827a4865e31fc62f5a2af5,d8ed13d6ba35658c5042d62dd24c4aba367faa3cdcfad8db8ccc85a7362e85cd,7ffbe40f8c50766a93fb0eba31c00f6e57e002609e133a08d321393229a13c72,65534,1,0,0,0,0,0,1,0,0,0,0,0,0,0,0
227,13-12-18_16PCC_17,13-12-18_16PCC,2018-12-13,16PCC,17,patches/S2_13-12-18_16PCC/S2_13-12-18_16PCC_17.tif,patches/S2_13-12-18_16PCC/S2_13-12-18_16PCC_17_cl.tif,patches/S2_13-12-18_16PCC/S2_13-12-18_16PCC_17_conf.tif,train,-88.2153334685806,15.78021734557477,EPSG:32616,10.0,10.0,11,float32,,"(1.0, 1.0, 1.0, 1.0, 1.0, 1.0, 1.0, 1.0, 1.0, 1.0, 1.0)","(0.0, 0.0, 0.0, 0.0, 0.0, 0.0, 0.0, 0.0, 0.0, 0.0, 0.0)",368540.0,1743720.0,371100.0,1746280.0,65536,20,65536,20,0,0,0,1225,0,0,e5dfb0ee3fdb59537913ace0123a954b7493ae7d12681fbdfd1cf0109836b475,b97b97cddb1c2e185a74f0972187b58d13496ddc7b32885556538f144d654ba0,6e25e8935db596e83ef140cc2318089c75d67958d71cf09ff1cbffbaede6684f,65516,0,0,0,2,0,0,18,0,0,0,0,0,0,0,0
228,13-12-18_16PCC_18,13-12-18_16PCC,2018-12-13,16PCC,18,patches/S2_13-12-18_16PCC/S2_13-12-18_16PCC_18.tif,patches/S2_13-12-18_16PCC/S2_13-12-18_16PCC_18_cl.tif,patches/S2_13-12-18_16PCC/S2_13-12-18_16PCC_18_conf.tif,train,-88.19321354469965,16.0811508545432,EPSG:32616,10.0,10.0,11,float32,,"(1.0, 1.0, 1.0, 1.0, 1.0, 1.0, 1.0, 1.0, 1.0, 1.0, 1.0)","(0.0, 0.0, 0.0, 0.0, 0.0, 0.0, 0.0, 0.0, 0.0, 0.0, 0.0)",371100.0,1777000.0,373660.0,1779560.0,65536,7415,65536,7415,0,0,0,1103,0,0,a02d74caaa188e7357edc589ae766ca4bc1fd6179574be4d1d1f26f04d9ecc16,ff0a7c6b329ecb9ce4ddcd097225452b637f9a72f232dcd082f5c8d1573ed7e1,5a587043e904e77b54a49bdab3474c2bca0a03390e48af486a5d243b8b9656d9,58121,0,0,0,0,0,0,7415,0,0,0,0,0,0,0,0
229,13-12-18_16PCC_19,13-12-18_16PCC,2018-12-13,16PCC,19,patches/S2_13-12-18_16PCC/S2_13-12-18_16PCC_19.tif,patches/S2_13-12-18_16PCC/S2_13-12-18_16PCC_19_cl.tif,patches/S2_13-12-18_16PCC/S2_13-12-18_16PCC_19_conf.tif,train,-88.19198000152291,15.872904694244058,EPSG:32616,10.0,10.0,11,float32,,"(1.0, 1.0, 1.0, 1.0, 1.0, 1.0, 1.0, 1.0, 1.0, 1.0, 1.0)","(0.0, 0.0, 0.0, 0.0, 0.0, 0.0, 0.0, 0.0, 0.0, 0.0, 0.0)",371100.0,1753960.0,373660.0,1756520.0,65536,40,65536,40,0,0,0,1508,0,0,08a24291d79ed3ced3ef80515f8d162a54f627047e2e31d58fdbfe0a24f08508,44ad75875df9631653a2649d3275239e11e55059df7b2e2b535affea44d92e86,85f59d1e95dbbd04d46a1fb8d9e460d421bd16eb6f65c7da4b60f3b697e26627,65496,1,0,0,0,0,0,1,0,0,37,0,0,0,0,1
230,13-12-18_16PCC_2,13-12-18_16PCC,2018-12-13,16PCC,2,patches/S2_13-12-18_16PCC/S2_13-12-18_16PCC_2.tif,patches/S2_13-12-18_16PCC/S2_13-12-18_16PCC_2_cl.tif,patches/S2_13-12-18_16PCC/S2_13-12-18_16PCC_2_conf.tif,train,-88.38433871633576,16.03372419264265,EPSG:32616,10.0,10.0,11,float32,,"(1.0, 1.0, 1.0, 1.0, 1.0, 1.0, 1.0, 1.0, 1.0, 1.0, 1.0)","(0.0, 0.0, 0.0, 0.0, 0.0, 0.0, 0.0, 0.0, 0.0, 0.0, 0.0)",350620.0,1771880.0,353180.0,1774440.0,65536,206,65536,206,0,0,0,1530,0,0,964174bcb54f1a54829c2761977eba03c9c970f4e07800bbd20c6920d90c7a4a,9c43b96ae4d17abd6e6f74e6c09f6a59e5e7b7a073ab14b1df23821cfea54eec,b50474e6fddaeebb5d22f2a088ae8fe7fd4a187d788f27f9c8281192a841dbb6,65330,0,5,17,0,0,0,184,0,0,0,0,0,0,0,0
231,13-12-18_16PCC_20,13-12-18_16PCC,2018-12-13,16PCC,20,patches/S2_13-12-18_16PCC/S2_13-12-18_16PCC_20.tif,patches/S2_13-12-18_16PCC/S2_13-12-18_16PCC_20_cl.tif,patches/S2_13-12-18_16PCC/S2_13-12-18_16PCC_20_conf.tif,train,-88.19157286182237,15.803488395520697,EPSG:32616,10.0,10.0,11,float32,,"(1.0, 1.0, 1.0, 1.0, 1.0, 1.0, 1.0, 1.0, 1.0, 1.0, 1.0)","(0.0, 0.0, 0.0, 0.0, 0.0, 0.0, 0.0, 0.0, 0.0, 0.0, 0.0)",371100.0,1746280.0,373660.0,1748840.0,65536,3,65536,3,0,0,0,1400,0,0,630a853ef302ea91a3913fe6813666cbe172b7d494689cd90fadad3a245f5bb9,d3ff633562e58ee2ca5ed584d86357b6b549bb1d00fe4284cfd7e6d5df861767,caa18c0979f86b307d46ea3ac09afab38d2e10a175b8ec93f409f86a8fabecbd,65533,2,0,0,0,0,0,0,0,0,1,0,0,0,0,0
232,13-12-18_16PCC_21,13-12-18_16PCC,2018-12-13,16PCC,21,patches/S2_13-12-18_16PCC/S2_13-12-18_16PCC_21.tif,patches/S2_13-12-18_16PCC/S2_13-12-18_16PCC_21_cl.tif,patches/S2_13-12-18_16PCC/S2_13-12-18_16PCC_21_conf.tif,train,-88.19116773738632,15.734071643804171,EPSG:32616,10.0,10.0,11,float32,,"(1.0, 1.0, 1.0, 1.0, 1.0, 1.0, 1.0, 1.0, 1.0, 1.0, 1.0)","(0.0, 0.0, 0.0, 0.0, 0.0, 0.0, 0.0, 0.0, 0.0, 0.0, 0.0)",371100.0,1738600.0,373660.0,1741160.0,65536,1,65536,1,0,0,0,1948,0,0,bfc92fc43a1f13846fc3e13efc896db4e6e70cc80691d0881502de10e0a09b09,53817e4a451e7e9f6ddb4ac5caf1e241b14729703fcabcd734ae32678654c2f2,df6980a5203037df3c47fc7b726ae1a5d38adc8ef58eaa172c4f55605b92ece0,65535,0,0,0,0,0,0,1,0,0,0,0,0,0,0,0
233,13-12-18_16PCC_22,13-12-18_16PCC,2018-12-13,16PCC,22,patches/S2_13-12-18_16PCC/S2_13-12-18_16PCC_22.tif,patches/S2_13-12-18_16PCC/S2_13-12-18_16PCC_22_cl.tif,patches/S2_13-12-18_16PCC/S2_13-12-18_16PCC_22_conf.tif,train,-88.16928184952957,16.08128301218473,EPSG:32616,10.0,10.0,11,float32,,"(1.0, 1.0, 1.0, 1.0, 1.0, 1.0, 1.0, 1.0, 1.0, 1.0, 1.0)","(0.0, 0.0, 0.0, 0.0, 0.0, 0.0, 0.0, 0.0, 0.0, 0.0, 0.0)",373660.0,1777000.0,376220.0,1779560.0,65536,3134,65536,3134,0,0,0,1436,0,0,71824f0e20b409ce0422a0134c0ab1edfbf71308a435e1ca28055a4fb44f271b,5230cb0ecb9073d25a086206f2f500e6efc71fa808f2d79c6cb55b21ffe8e168,cf0cd15dfc84b6eb5e129f2ac6dc9a9d5f3bb0235c777d05d6616838193c779e,62402,0,0,0,0,0,0,3134,0,0,0,0,0,0,0,0
234,13-12-18_16PCC_23,13-12-18_16PCC,2018-12-13,16PCC,23,patches/S2_13-12-18_16PCC/S2_13-12-18_16PCC_23.tif,patches/S2_13-12-18_16PCC/S2_13-12-18_16PCC_23_cl.tif,patches/S2_13-12-18_16PCC/S2_13-12-18_16PCC_23_conf.tif,train,-88.1674091662986,15.757339971288944,EPSG:32616,10.0,10.0,11,float32,,"(1.0, 1.0, 1.0, 1.0, 1.0, 1.0, 1.0, 1.0, 1.0, 1.0, 1.0)","(0.0, 0.0, 0.0, 0.0, 0.0, 0.0, 0.0, 0.0, 0.0, 0.0, 0.0)",373660.0,1741160.0,376220.0,1743720.0,65536,159,65536,159,0,0,0,784,0,0,e12e1bef95c64432e1ca53045db5cb47cfc51794be8a433741db97e187c414ea,fa183d4d9b5a688857f56927163e07a9a8182f3e9fa95b6258e97bd22a717f5b,a8afdcbe0c233cd495f59eac37c544d0d230f950040f067a4984dddb81a0fb92,65377,0,0,0,0,0,0,83,0,0,76,0,0,0,0,0
235,13-12-18_16PCC_24,13-12-18_16PCC,2018-12-13,16PCC,24,patches/S2_13-12-18_16PCC/S2_13-12-18_16PCC_24.tif,patches/S2_13-12-18_16PCC/S2_13-12-18_16PCC_24_cl.tif,patches/S2_13-12-18_16PCC/S2_13-12-18_16PCC_24_conf.tif,train,-88.16727705100277,15.734200804327324,EPSG:32616,10.0,10.0,11,float32,,"(1.0, 1.0, 1.0, 1.0, 1.0, 1.0, 1.0, 1.0, 1.0, 1.0, 1.0)","(0.0, 0.0, 0.0, 0.0, 0.0, 0.0, 0.0, 0.0, 0.0, 0.0, 0.0)",373660.0,1738600.0,376220.0,1741160.0,65536,359,65536,359,0,0,0,1476,0,0,3d0db19437ce987e3ca5d782576edf803da94993429aeae7818b2995e8e36c95,1bd6970f7941c6a6278c01633dba64cec287d08f2db0cc3c620a58ccaf8bf4c2,b362a2f58b1bb4c4c4044d98bd73d598af9e362fa72f40451c746f4512f874cf,65177,0,0,0,0,0,0,0,0,0,359,0,0,0,0,0
236,13-12-18_16PCC_25,13-12-18_16PCC,2018-12-13,16PCC,25,patches/S2_13-12-18_16PCC/S2_13-12-18_16PCC_25.tif,patches/S2_13-12-18_16PCC/S2_13-12-18_16PCC_25_cl.tif,patches/S2_13-12-18_16PCC/S2_13-12-18_16PCC_25_conf.tif,train,-88.16714515478638,15.71106158727598,EPSG:32616,10.0,10.0,11,float32,,"(1.0, 1.0, 1.0, 1.0, 1.0, 1.0, 1.0, 1.0, 1.0, 1.0, 1.0)","(0.0, 0.0, 0.0, 0.0, 0.0, 0.0, 0.0, 0.0, 0.0, 0.0, 0.0)",373660.0,1736040.0,376220.0,1738600.0,65536,39,65536,39,0,0,0,956,0,0,b7c8c0019d65c5f4bfcbe68c2137beb3b258e198ce308d90c77f3fb208ab3f10,211fd9b6d7190669ee81af20d57bb604dec0331ac491928e7e703276c115dae6,6e314dcd524255c4e5d89abfad62860c7ef21ae9d39c4055ced6799973b3ec43,65497,0,0,0,0,0,0,0,0,0,39,0,0,0,0,0
237,13-12-18_16PCC_26,13-12-18_16PCC,2018-12-13,16PCC,26,patches/S2_13-12-18_16PCC/S2_13-12-18_16PCC_26.tif,patches/S2_13-12-18_16PCC/S2_13-12-18_16PCC_26_cl.tif,patches/S2_13-12-18_16PCC/S2_13-12-18_16PCC_26_conf.tif,train,-88.14325694742286,15.711187936968294,EPSG:32616,10.0,10.0,11,float32,,"(1.0, 1.0, 1.0, 1.0, 1.0, 1.0, 1.0, 1.0, 1.0, 1.0, 1.0)","(0.0, 0.0, 0.0, 0.0, 0.0, 0.0, 0.0, 0.0, 0.0, 0.0, 0.0)",376220.0,1736040.0,378780.0,1738600.0,65536,86,65536,86,0,0,0,1652,0,0,b32c7a5ffc3731edef9f24e238a0e64f709d659bf5474c2b5ae4881ea183b70f,f7e7370064bd66aeb089a20e53608ed2e9389fa890ee18e2b0121af5fc710b95,22548dad94c32fcf1fbe0b8bb8bd8bf722286ec20dfd3ad5dfa6dd6f3f46c82d,65450,0,0,0,0,0,0,0,0,0,86,0,0,0,0,0
238,13-12-18_16PCC_27,13-12-18_16PCC,2018-12-13,16PCC,27,patches/S2_13-12-18_16PCC/S2_13-12-18_16PCC_27.tif,patches/S2_13-12-18_16PCC/S2_13-12-18_16PCC_27_cl.tif,patches/S2_13-12-18_16PCC/S2_13-12-18_16PCC_27_conf.tif,train,-88.11974865574878,15.780730336648736,EPSG:32616,10.0,10.0,11,float32,,"(1.0, 1.0, 1.0, 1.0, 1.0, 1.0, 1.0, 1.0, 1.0, 1.0, 1.0)","(0.0, 0.0, 0.0, 0.0, 0.0, 0.0, 0.0, 0.0, 0.0, 0.0, 0.0)",378780.0,1743720.0,381340.0,1746280.0,65536,2,65536,2,0,0,0,888,0,0,0a4db2a22ed0edc7bc8ae50a6be81fae9e55a0ecd62f39480ac85d9062e1db0c,e84047f7e0c6396f9a324c5af42b9fb5d124d9d2c62bfeb5b30dc764b7f0363b,c805a2e799e74d970807dd1affef5a9110e08fafdc29b3c5722ce2f9cd7aa456,65534,0,0,0,0,0,0,0,0,0,2,0,0,0,0,0
239,13-12-18_16PCC_28,13-12-18_16PCC,2018-12-13,16PCC,28,patches/S2_13-12-18_16PCC/S2_13-12-18_16PCC_28.tif,patches/S2_13-12-18_16PCC/S2_13-12-18_16PCC_28_cl.tif,patches/S2_13-12-18_16PCC/S2_13-12-18_16PCC_28_conf.tif,train,-88.09585191547322,15.780852025422393,EPSG:32616,10.0,10.0,11,float32,,"(1.0, 1.0, 1.0, 1.0, 1.0, 1.0, 1.0, 1.0, 1.0, 1.0, 1.0)","(0.0, 0.0, 0.0, 0.0, 0.0, 0.0, 0.0, 0.0, 0.0, 0.0, 0.0)",381340.0,1743720.0,383900.0,1746280.0,65536,6,65536,6,0,0,0,348,0,0,9c5378b172f24aa355e79c0706c265d4be4b4c8e7e077ce2030943ac9c009af2,d24a0d3075292b2c8d80bd82cca4b967128086c4082307a36180050c02858e51,57d1e676cefde131b42246c2d10a714b8d0b91296d87887ab4090a0e20e6cfe0,65530,0,0,0,0,0,0,0,0,0,6,0,0,0,0,0
240,13-12-18_16PCC_29,13-12-18_16PCC,2018-12-13,16PCC,29,patches/S2_13-12-18_16PCC/S2_13-12-18_16PCC_29.tif,patches/S2_13-12-18_16PCC/S2_13-12-18_16PCC_29_cl.tif,patches/S2_13-12-18_16PCC/S2_13-12-18_16PCC_29_conf.tif,train,-88.00060421670727,15.85073344296665,EPSG:32616,10.0,10.0,11,float32,,"(1.0, 1.0, 1.0, 1.0, 1.0, 1.0, 1.0, 1.0, 1.0, 1.0, 1.0)","(0.0, 0.0, 0.0, 0.0, 0.0, 0.0, 0.0, 0.0, 0.0, 0.0, 0.0)",391580.0,1751400.0,394140.0,1753960.0,65536,2552,65536,2552,0,0,0,216,0,0,b32a2dda07b1688baa1436845e9894c8af436d5b5982374ed3b95f8b8bc0bfde,9d41326530a62b025407b16dc526ece59bb4d20efeaf28c6efb7b0e0b706486f,482a560ef69ca7ac6c3565a04758d0680db7098e68b39a85db2360fa175164eb,62984,0,0,0,0,0,0,0,0,0,2552,0,0,0,0,0
241,13-12-18_16PCC_3,13-12-18_16PCC,2018-12-13,16PCC,3,patches/S2_13-12-18_16PCC/S2_13-12-18_16PCC_3.tif,patches/S2_13-12-18_16PCC/S2_13-12-18_16PCC_3_cl.tif,patches/S2_13-12-18_16PCC/S2_13-12-18_16PCC_3_conf.tif,train,-88.33664427462074,16.057164744213402,EPSG:32616,10.0,10.0,11,float32,,"(1.0, 1.0, 1.0, 1.0, 1.0, 1.0, 1.0, 1.0, 1.0, 1.0, 1.0)","(0.0, 0.0, 0.0, 0.0, 0.0, 0.0, 0.0, 0.0, 0.0, 0.0, 0.0)",355740.0,1774440.0,358300.0,1777000.0,65536,62,65536,62,0,0,0,2338,0,0,7d8e0cafdc1044cba60508be49820a5f2716e734677071ea2eade45c04a24afe,76eca13303f7c1429b2787a6b6721accd675822fd6c8d755277bd09a8fe56c6d,a4ac774a1162904ee907b370b2d2ce811173be763015c90e1dc8d074c9543611,65474,0,32,15,0,0,0,15,0,0,0,0,0,0,0,0
242,13-12-18_16PCC_30,13-12-18_16PCC,2018-12-13,16PCC,30,patches/S2_13-12-18_16PCC/S2_13-12-18_16PCC_30.tif,patches/S2_13-12-18_16PCC/S2_13-12-18_16PCC_30_cl.tif,patches/S2_13-12-18_16PCC/S2_13-12-18_16PCC_30_conf.tif,train,-87.95377689609023,16.05921191645018,EPSG:32616,10.0,10.0,11,float32,,"(1.0, 1.0, 1.0, 1.0, 1.0, 1.0, 1.0, 1.0, 1.0, 1.0, 1.0)","(0.0, 0.0, 0.0, 0.0, 0.0, 0.0, 0.0, 0.0, 0.0, 0.0, 0.0)",396700.0,1774440.0,399260.0,1777000.0,65536,4,65536,4,0,0,0,28,0,0,4d4d9704a684da4d81d4cf6f516533fcfab63dc78dbb732db461584a608abaf5,54e04bee2c536b392a17509b6f78a8fe694b4e5ed94afdcb22a0c8a8753274ee,6e0b2ed0c049a2d3c9df4d13cade364bdaf5c66bb97cfd7d13465c34f95663ce,65532,0,0,4,0,0,0,0,0,0,0,0,0,0,0,0
243,13-12-18_16PCC_31,13-12-18_16PCC,2018-12-13,16PCC,31,patches/S2_13-12-18_16PCC/S2_13-12-18_16PCC_31.tif,patches/S2_13-12-18_16PCC/S2_13-12-18_16PCC_31_cl.tif,patches/S2_13-12-18_16PCC/S2_13-12-18_16PCC_31_conf.tif,train,-87.95366677554951,16.036071788354594,EPSG:32616,10.0,10.0,11,float32,,"(1.0, 1.0, 1.0, 1.0, 1.0, 1.0, 1.0, 1.0, 1.0, 1.0, 1.0)","(0.0, 0.0, 0.0, 0.0, 0.0, 0.0, 0.0, 0.0, 0.0, 0.0, 0.0)",396700.0,1771880.0,399260.0,1774440.0,65536,124,65536,124,0,0,0,52,0,0,bfbbd5fa1a0a83a4a637b53b6af62955a1e000679a0777164732790f953b4659,a40ac85130aac9ff8777dfc78cc305ba5fbf62e4b8de07ad7c69fac859ae5585,675c916d672ebc53dee8c944dddf51d2ea71efa59fba68a85a56b86c53fb196c,65412,0,0,35,0,0,0,89,0,0,0,0,0,0,0,0
244,13-12-18_16PCC_32,13-12-18_16PCC,2018-12-13,16PCC,32,patches/S2_13-12-18_16PCC/S2_13-12-18_16PCC_32.tif,patches/S2_13-12-18_16PCC/S2_13-12-18_16PCC_32_cl.tif,patches/S2_13-12-18_16PCC/S2_13-12-18_16PCC_32_conf.tif,train,-87.92941758064399,15.96675569519407,EPSG:32616,10.0,10.0,11,float32,,"(1.0, 1.0, 1.0, 1.0, 1.0, 1.0, 1.0, 1.0, 1.0, 1.0, 1.0)","(0.0, 0.0, 0.0, 0.0, 0.0, 0.0, 0.0, 0.0, 0.0, 0.0, 0.0)",399260.0,1764200.0,401820.0,1766760.0,65536,436,65536,436,0,0,0,28,0,0,a075afbf8b1f4ac6f0615d962f5ce600b091086a964504d707c0deb825e6a112,be9c57a9248adc19a9c46304ecdfd46924483a6740dc1020dc9162c808d52c78,a2ea92788308fc8495627b0aa011b41506307c89a28f4059a429e7047533ea81,65100,0,0,0,0,70,0,32,0,0,0,0,0,0,334,0
245,13-12-18_16PCC_4,13-12-18_16PCC,2018-12-13,16PCC,4,patches/S2_13-12-18_16PCC/S2_13-12-18_16PCC_4.tif,patches/S2_13-12-18_16PCC/S2_13-12-18_16PCC_4_cl.tif,patches/S2_13-12-18_16PCC/S2_13-12-18_16PCC_4_conf.tif,train,-88.33526466097683,15.8489296859889,EPSG:32616,10.0,10.0,11,float32,,"(1.0, 1.0, 1.0, 1.0, 1.0, 1.0, 1.0, 1.0, 1.0, 1.0, 1.0)","(0.0, 0.0, 0.0, 0.0, 0.0, 0.0, 0.0, 0.0, 0.0, 0.0, 0.0)",355740.0,1751400.0,358300.0,1753960.0,65536,616,65536,616,0,0,0,1128,0,0,948e16d0ca7e8bc6c066944d76d7b0bae329471c5b03b2a7e39c06873ca9c29a,c159b667fe0bbebd415efd0add280da68a366b0bcc00212fc6c47428c452b4ca,1174f2f964fba7b6d5afa01964ab68ff02913a926d2bd752322011728fa2b48b,64920,0,0,0,0,0,0,0,0,0,616,0,0,0,0,0
246,13-12-18_16PCC_5,13-12-18_16PCC,2018-12-13,16PCC,5,patches/S2_13-12-18_16PCC/S2_13-12-18_16PCC_5.tif,patches/S2_13-12-18_16PCC/S2_13-12-18_16PCC_5_cl.tif,patches/S2_13-12-18_16PCC/S2_13-12-18_16PCC_5_conf.tif,train,-88.31286854966196,16.08044992885866,EPSG:32616,10.0,10.0,11,float32,,"(1.0, 1.0, 1.0, 1.0, 1.0, 1.0, 1.0, 1.0, 1.0, 1.0, 1.0)","(0.0, 0.0, 0.0, 0.0, 0.0, 0.0, 0.0, 0.0, 0.0, 0.0, 0.0)",358300.0,1777000.0,360860.0,1779560.0,65536,93,65536,93,0,0,0,1508,0,0,6e2b38056c24554503505cec0c35b24471e3a6cea4b9de4db84a58acf92546f0,49363bc9a437b6a409c06df00c18ac39c3993e01a0b05a797e9951f89ca4c9ca,87c74c7fd60578a4b8dd1012629b9c313baa19ea339c082c64c042fbdaed4f4d,65443,0,0,0,0,0,0,6,0,0,0,87,0,0,0,0
247,13-12-18_16PCC_6,13-12-18_16PCC,2018-12-13,16PCC,6,patches/S2_13-12-18_16PCC/S2_13-12-18_16PCC_6.tif,patches/S2_13-12-18_16PCC/S2_13-12-18_16PCC_6_cl.tif,patches/S2_13-12-18_16PCC/S2_13-12-18_16PCC_6_conf.tif,train,-88.28893802650947,16.080595465267766,EPSG:32616,10.0,10.0,11,float32,,"(1.0, 1.0, 1.0, 1.0, 1.0, 1.0, 1.0, 1.0, 1.0, 1.0, 1.0)","(0.0, 0.0, 0.0, 0.0, 0.0, 0.0, 0.0, 0.0, 0.0, 0.0, 0.0)",360860.0,1777000.0,363420.0,1779560.0,65536,432,65536,432,0,0,0,1157,0,0,8bbdf6e1d85901b05eb9a43b12b257417595deaff0e0639fd4d436c822004010,21fa2348dcb9f085912dfe5fde46e9736e3dbc97db1c45964e7ad15111ab738c,d15b7a9d2a5720c266b9b7d2fdbcb8bc73a78f0f07dc584189b2e174dd28b9d7,65104,0,0,0,0,0,0,80,0,0,0,352,0,0,0,0
248,13-12-18_16PCC_7,13-12-18_16PCC,2018-12-13,16PCC,7,patches/S2_13-12-18_16PCC/S2_13-12-18_16PCC_7.tif,patches/S2_13-12-18_16PCC/S2_13-12-18_16PCC_7_cl.tif,patches/S2_13-12-18_16PCC/S2_13-12-18_16PCC_7_conf.tif,train,-88.28834340279673,15.98804548747355,EPSG:32616,10.0,10.0,11,float32,,"(1.0, 1.0, 1.0, 1.0, 1.0, 1.0, 1.0, 1.0, 1.0, 1.0, 1.0)","(0.0, 0.0, 0.0, 0.0, 0.0, 0.0, 0.0, 0.0, 0.0, 0.0, 0.0)",360860.0,1766760.0,363420.0,1769320.0,65536,3,65536,3,0,0,0,1449,0,0,a5b04202f4d4c09384282cd441bddfb9cff9bb7720ca758390f875c967da2b02,8d56dd72b6491b1645211ca0ee01fadc9f39f97046e48db90310f5e559fcdec9,df143a4c6cba4a42ed13a574444e2e503a72edfa03c96ce38263a0c032985b75,65533,0,0,3,0,0,0,0,0,0,0,0,0,0,0,0
249,13-12-18_16PCC_8,13-12-18_16PCC,2018-12-13,16PCC,8,patches/S2_13-12-18_16PCC/S2_13-12-18_16PCC_8.tif,patches/S2_13-12-18_16PCC/S2_13-12-18_16PCC_8_cl.tif,patches/S2_13-12-18_16PCC/S2_13-12-18_16PCC_8_conf.tif,train,-88.28745875190272,15.849218990639088,EPSG:32616,10.0,10.0,11,float32,,"(1.0, 1.0, 1.0, 1.0, 1.0, 1.0, 1.0, 1.0, 1.0, 1.0, 1.0)","(0.0, 0.0, 0.0, 0.0, 0.0, 0.0, 0.0, 0.0, 0.0, 0.0, 0.0)",360860.0,1751400.0,363420.0,1753960.0,65536,6,65536,6,0,0,0,2252,0,0,a4463c8b25fd41c6ea84fdf39307dfee9785b248d56e51ecc686e0a5bc2ca685,f54a8ddf6e25e3bde7407241f01b32ccc0306d0e750fd6f847982be96279a9a2,e3a038de2b23829ec4ba4b9e83844da6089c5707fae7f3d6c8e48b7f9c7d5a6f,65530,3,0,0,0,0,0,3,0,0,0,0,0,0,0,0
250,13-12-18_16PCC_9,13-12-18_16PCC,2018-12-13,16PCC,9,patches/S2_13-12-18_16PCC/S2_13-12-18_16PCC_9.tif,patches/S2_13-12-18_16PCC/S2_13-12-18_16PCC_9_cl.tif,patches/S2_13-12-18_16PCC/S2_13-12-18_16PCC_9_conf.tif,train,-88.28701969692396,15.779805057553405,EPSG:32616,10.0,10.0,11,float32,,"(1.0, 1.0, 1.0, 1.0, 1.0, 1.0, 1.0, 1.0, 1.0, 1.0, 1.0)","(0.0, 0.0, 0.0, 0.0, 0.0, 0.0, 0.0, 0.0, 0.0, 0.0, 0.0)",360860.0,1743720.0,363420.0,1746280.0,65536,757,65536,757,0,0,0,1004,0,0,fbee38ec1a728e4b3e50be0599ac79a2944a212c28f896ad8d028316cbebab7f,d7fc0821532aeb8544faec30b9381def6d1dbcd891844c847575e496c42f9a2d,c6fb4875ea71ab178dac29b80b49b1ba9c0d0aad08abb54c6677ad64ec2236ec,64779,0,0,0,0,0,0,0,0,0,757,0,0,0,0,0
251,14-11-18_48PZC_0,14-11-18_48PZC,2018-11-14,48PZC,0,patches/S2_14-11-18_48PZC/S2_14-11-18_48PZC_0.tif,patches/S2_14-11-18_48PZC/S2_14-11-18_48PZC_0_cl.tif,patches/S2_14-11-18_48PZC/S2_14-11-18_48PZC_0_conf.tif,test,108.39464359249111,15.911310378302296,EPSG:32648,10.0,10.0,11,float32,,"(1.0, 1.0, 1.0, 1.0, 1.0, 1.0, 1.0, 1.0, 1.0, 1.0, 1.0)","(0.0, 0.0, 0.0, 0.0, 0.0, 0.0, 0.0, 0.0, 0.0, 0.0, 0.0)",862260.0,1760800.0,864820.0,1763360.0,65536,410,65536,410,0,0,0,0,0,0,ca1f2b2d1b8ec2583425cbb971acf5518a22f3630759cb87f689e04c0d274f48,79d372d90e25a005aa48bc4a8da25a1b016be52786dc7ca1f0e726b7bda8fd46,9d7efb1016112ec1d01b68730c2d247f6fbc0b57ba351a97ad344dbcfca1eaf6,65126,0,0,0,0,0,0,0,0,0,410,0,0,0,0,0
252,14-11-18_48PZC_1,14-11-18_48PZC,2018-11-14,48PZC,1,patches/S2_14-11-18_48PZC/S2_14-11-18_48PZC_1.tif,patches/S2_14-11-18_48PZC/S2_14-11-18_48PZC_1_cl.tif,patches/S2_14-11-18_48PZC/S2_14-11-18_48PZC_1_conf.tif,test,108.41851766288346,15.910933363724226,EPSG:32648,10.0,10.0,11,float32,,"(1.0, 1.0, 1.0, 1.0, 1.0, 1.0, 1.0, 1.0, 1.0, 1.0, 1.0)","(0.0, 0.0, 0.0, 0.0, 0.0, 0.0, 0.0, 0.0, 0.0, 0.0, 0.0)",864820.0,1760800.0,867380.0,1763360.0,65536,12,65536,12,0,0,0,0,0,0,5d9515be719dcb7c163d29e463289b6fb9ca93c19c046d49aee6b12383ff67a5,4cb22996d278458e2b4d4400fcfe317344246f1d3d3efcd1192d876cfaf74508,0afc59c5a715ae727423df599cdab0c5b63dccebbd7d29cabf22dbec9d1b2ca7,65524,0,0,0,0,4,0,8,0,0,0,0,0,0,0,0
253,14-11-18_48PZC_10,14-11-18_48PZC,2018-11-14,48PZC,10,patches/S2_14-11-18_48PZC/S2_14-11-18_48PZC_10.tif,patches/S2_14-11-18_48PZC/S2_14-11-18_48PZC_10_cl.tif,patches/S2_14-11-18_48PZC/S2_14-11-18_48PZC_10_conf.tif,test,108.56134151237856,15.885517331894457,EPSG:32648,10.0,10.0,11,float32,,"(1.0, 1.0, 1.0, 1.0, 1.0, 1.0, 1.0, 1.0, 1.0, 1.0, 1.0)","(0.0, 0.0, 0.0, 0.0, 0.0, 0.0, 0.0, 0.0, 0.0, 0.0, 0.0)",880180.0,1758240.0,882740.0,1760800.0,65536,8,65536,8,0,0,0,0,0,0,02f6ab981887312fcd92fbaa13095b85edb9d3578e8b9415543f8c2efc804ee9,9ccf48087ea60d5d8b0853f397b26f149b81445e860c9e92a013d6c92d648476,4c836bca68dc24ffeffede1b6be044892432de713d610a06ffff56275bd394e8,65528,0,0,0,0,0,0,8,0,0,0,0,0,0,0,0
254,14-11-18_48PZC_11,14-11-18_48PZC,2018-11-14,48PZC,11,patches/S2_14-11-18_48PZC/S2_14-11-18_48PZC_11.tif,patches/S2_14-11-18_48PZC/S2_14-11-18_48PZC_11_cl.tif,patches/S2_14-11-18_48PZC/S2_14-11-18_48PZC_11_conf.tif,test,108.56093525301867,15.862418553032088,EPSG:32648,10.0,10.0,11,float32,,"(1.0, 1.0, 1.0, 1.0, 1.0, 1.0, 1.0, 1.0, 1.0, 1.0, 1.0)","(0.0, 0.0, 0.0, 0.0, 0.0, 0.0, 0.0, 0.0, 0.0, 0.0, 0.0)",880180.0,1755680.0,882740.0,1758240.0,65536,15,65536,15,0,0,0,0,0,0,a778cdcbd2703c8057d3e1a0c8f035feeeb67012f037cee792f123c5cf64f2fb,3caf127272253e944638b748649491cad9a2a38f1110541d6e4a63c5a2cbe878,d528d8ec6c3f0044eb990c084ec36ead9e1ad08ab50acc947a51290bd6a74ad2,65521,0,0,0,0,0,0,15,0,0,0,0,0,0,0,0
255,14-11-18_48PZC_12,14-11-18_48PZC,2018-11-14,48PZC,12,patches/S2_14-11-18_48PZC/S2_14-11-18_48PZC_12.tif,patches/S2_14-11-18_48PZC/S2_14-11-18_48PZC_12_cl.tif,patches/S2_14-11-18_48PZC/S2_14-11-18_48PZC_12_conf.tif,test,108.56052966201071,15.839319714849358,EPSG:32648,10.0,10.0,11,float32,,"(1.0, 1.0, 1.0, 1.0, 1.0, 1.0, 1.0, 1.0, 1.0, 1.0, 1.0)","(0.0, 0.0, 0.0, 0.0, 0.0, 0.0, 0.0, 0.0, 0.0, 0.0, 0.0)",880180.0,1753120.0,882740.0,1755680.0,65536,277,65536,277,0,0,0,0,0,0,2f5c721083f2a6ad7c5ebb9e709c768cebdbfb2c287564634a7a2f838c50715f,7f71d28ace94d84bb5957effe89188315202b7640be3c58223c06bc28995532c,cae267b29597a6cfd434fd563f4576a2935d6ce0f6c8388017cdc634792a5ceb,65259,0,0,0,0,0,247,30,0,0,0,0,0,0,0,0
256,14-11-18_48PZC_13,14-11-18_48PZC,2018-11-14,48PZC,13,patches/S2_14-11-18_48PZC/S2_14-11-18_48PZC_13.tif,patches/S2_14-11-18_48PZC/S2_14-11-18_48PZC_13_cl.tif,patches/S2_14-11-18_48PZC/S2_14-11-18_48PZC_13_conf.tif,test,108.61031346917444,15.954017421040012,EPSG:32648,10.0,10.0,11,float32,,"(1.0, 1.0, 1.0, 1.0, 1.0, 1.0, 1.0, 1.0, 1.0, 1.0, 1.0)","(0.0, 0.0, 0.0, 0.0, 0.0, 0.0, 0.0, 0.0, 0.0, 0.0, 0.0)",885300.0,1765920.0,887860.0,1768480.0,65536,550,65536,550,0,0,0,0,0,0,cdf2c0b4c4d19bdec3e5374a2a09498842621a41e4d4a06d896330d8f24a7b6b,4c1e585605ec6a893340e94c915f3e7fcbf99a1a0393cb3d1c314a0dc256a33b,4e885986f5b947044b2fdcff2b89c85af36121d095ae6932cd5557c25e4a91c7,64986,0,0,0,0,0,251,38,0,0,0,0,0,261,0,0
257,14-11-18_48PZC_14,14-11-18_48PZC,2018-11-14,48PZC,14,patches/S2_14-11-18_48PZC/S2_14-11-18_48PZC_14.tif,patches/S2_14-11-18_48PZC/S2_14-11-18_48PZC_14_cl.tif,patches/S2_14-11-18_48PZC/S2_14-11-18_48PZC_14_conf.tif,test,108.60989975939945,15.930920032263401,EPSG:32648,10.0,10.0,11,float32,,"(1.0, 1.0, 1.0, 1.0, 1.0, 1.0, 1.0, 1.0, 1.0, 1.0, 1.0)","(0.0, 0.0, 0.0, 0.0, 0.0, 0.0, 0.0, 0.0, 0.0, 0.0, 0.0)",885300.0,1763360.0,887860.0,1765920.0,65536,159,65536,159,0,0,0,0,0,0,a91a250393fc94fd7831ccf9ba6b4c2c531c238600feb8e6f5cba72089889a47,5226a6a93fd13dc706c2ed19dae3d476632281048d4494280adfb4af2c2e1f9a,cf9442d90d23448754f3044793eb1a88aaa684120eec60007f9f630aca0e9ca3,65377,0,0,0,0,0,145,14,0,0,0,0,0,0,0,0
258,14-11-18_48PZC_15,14-11-18_48PZC,2018-11-14,48PZC,15,patches/S2_14-11-18_48PZC/S2_14-11-18_48PZC_15.tif,patches/S2_14-11-18_48PZC/S2_14-11-18_48PZC_15_cl.tif,patches/S2_14-11-18_48PZC/S2_14-11-18_48PZC_15_conf.tif,test,108.60948672796718,15.90782258365472,EPSG:32648,10.0,10.0,11,float32,,"(1.0, 1.0, 1.0, 1.0, 1.0, 1.0, 1.0, 1.0, 1.0, 1.0, 1.0)","(0.0, 0.0, 0.0, 0.0, 0.0, 0.0, 0.0, 0.0, 0.0, 0.0, 0.0)",885300.0,1760800.0,887860.0,1763360.0,65536,140,65536,140,0,0,0,0,0,0,37bfb01f1d913c4ea9ddc5ac8e2ee3b02d83071a3548b903f9c9a155b07a785d,d15b8282e0ca0c8f5fe4bc108fe64db2830e742a5933590d372764c1441d2d7f,0ebcb828ae2e64020ffb6087b4e085c9658a43907306824e35b8de02c699d18b,65396,0,0,0,0,55,0,48,0,0,0,0,0,0,37,0
259,14-11-18_48PZC_16,14-11-18_48PZC,2018-11-14,48PZC,16,patches/S2_14-11-18_48PZC/S2_14-11-18_48PZC_16.tif,patches/S2_14-11-18_48PZC/S2_14-11-18_48PZC_16_cl.tif,patches/S2_14-11-18_48PZC/S2_14-11-18_48PZC_16_conf.tif,test,108.60866269867567,15.861627507270084,EPSG:32648,10.0,10.0,11,float32,,"(1.0, 1.0, 1.0, 1.0, 1.0, 1.0, 1.0, 1.0, 1.0, 1.0, 1.0)","(0.0, 0.0, 0.0, 0.0, 0.0, 0.0, 0.0, 0.0, 0.0, 0.0, 0.0)",885300.0,1755680.0,887860.0,1758240.0,65536,61,65536,61,0,0,0,0,0,0,ec722ce21d5d3c33422e162255f1f2401baf4fb9ca0633afe0547c9d7173b02b,ce9e5f240613edadbf78e323e61986e474ad49edfe23a72b97058853af53d327,d1e3de1d46d586d7ae40600a7f47e77be073da25fb542556502ec914780fad72,65475,0,0,0,0,0,0,61,0,0,0,0,0,0,0,0
260,14-11-18_48PZC_2,14-11-18_48PZC,2018-11-14,48PZC,2,patches/S2_14-11-18_48PZC/S2_14-11-18_48PZC_2.tif,patches/S2_14-11-18_48PZC/S2_14-11-18_48PZC_2_cl.tif,patches/S2_14-11-18_48PZC/S2_14-11-18_48PZC_2_conf.tif,test,108.4181270194937,15.887831107204116,EPSG:32648,10.0,10.0,11,float32,,"(1.0, 1.0, 1.0, 1.0, 1.0, 1.0, 1.0, 1.0, 1.0, 1.0, 1.0)","(0.0, 0.0, 0.0, 0.0, 0.0, 0.0, 0.0, 0.0, 0.0, 0.0, 0.0)",864820.0,1758240.0,867380.0,1760800.0,65536,42,65536,42,0,0,0,0,0,0,280c147cc1d07471e1b609c59cba4bd51d83a4733aaa8d7b663593575b31440b,1d5f85a5e226ce7058d0cf7b1e8680c6de138c008c121082cba4d4bb493fcda6,817f36182e1d334531a8d3f09f18d85f0c257d1457478352c8af09c9dda713d1,65494,0,0,0,0,0,0,0,0,42,0,0,0,0,0,0
261,14-11-18_48PZC_3,14-11-18_48PZC,2018-11-14,48PZC,3,patches/S2_14-11-18_48PZC/S2_14-11-18_48PZC_3.tif,patches/S2_14-11-18_48PZC/S2_14-11-18_48PZC_3_cl.tif,patches/S2_14-11-18_48PZC/S2_14-11-18_48PZC_3_conf.tif,test,108.41773701807996,15.864728792057255,EPSG:32648,10.0,10.0,11,float32,,"(1.0, 1.0, 1.0, 1.0, 1.0, 1.0, 1.0, 1.0, 1.0, 1.0, 1.0)","(0.0, 0.0, 0.0, 0.0, 0.0, 0.0, 0.0, 0.0, 0.0, 0.0, 0.0)",864820.0,1755680.0,867380.0,1758240.0,65536,273,65536,273,0,0,0,0,0,0,55772c8e5865db5c2bba9e565420af9fe784207c64a3d3ac6c7c074ab7a5b19b,e1135a1d118f978e0241e011bf093df4a4c9f60f0d73de902bed28a08851fd19,12a4e923e9011c3098f99c120eb3aa1958498686ecf4ca142b232764d76e29d5,65263,0,0,0,0,0,0,0,0,0,273,0,0,0,0,0
262,14-11-18_48PZC_4,14-11-18_48PZC,2018-11-14,48PZC,4,patches/S2_14-11-18_48PZC/S2_14-11-18_48PZC_4.tif,patches/S2_14-11-18_48PZC/S2_14-11-18_48PZC_4_cl.tif,patches/S2_14-11-18_48PZC/S2_14-11-18_48PZC_4_conf.tif,test,108.4423910909556,15.910553718852702,EPSG:32648,10.0,10.0,11,float32,,"(1.0, 1.0, 1.0, 1.0, 1.0, 1.0, 1.0, 1.0, 1.0, 1.0, 1.0)","(0.0, 0.0, 0.0, 0.0, 0.0, 0.0, 0.0, 0.0, 0.0, 0.0, 0.0)",867380.0,1760800.0,869940.0,1763360.0,65536,24,65536,24,0,0,0,0,0,0,7b4eaa5fea37bc70025469a7778e9820e160a9964a3ccf390070229653a47787,348c5586adc93daf718e91b87c0f8b7e06201b68c2ecc376e1a9ba4d432ed1de,428bddee916bce0313af3e851d8b2ab4ecad90f4c7b76208026d4161e0cbe08b,65512,0,0,0,0,5,0,8,0,0,0,0,0,0,11,0
263,14-11-18_48PZC_5,14-11-18_48PZC,2018-11-14,48PZC,5,patches/S2_14-11-18_48PZC/S2_14-11-18_48PZC_5.tif,patches/S2_14-11-18_48PZC/S2_14-11-18_48PZC_5_cl.tif,patches/S2_14-11-18_48PZC/S2_14-11-18_48PZC_5_conf.tif,test,108.46666059650563,15.933272478590032,EPSG:32648,10.0,10.0,11,float32,,"(1.0, 1.0, 1.0, 1.0, 1.0, 1.0, 1.0, 1.0, 1.0, 1.0, 1.0)","(0.0, 0.0, 0.0, 0.0, 0.0, 0.0, 0.0, 0.0, 0.0, 0.0, 0.0)",869940.0,1763360.0,872500.0,1765920.0,65536,19,65536,19,0,0,0,0,0,0,cc95fc2cfe4d7a88af1c99c842badf37ba1ec512d0112fa856e29428030347ae,3fddb2394511929428ec7364b1aca0cac6b9bbd13f71db84cb51ab1f56c23821,9524de215cfabc0f831cc8888fa676634e0a09fde6b3071889e65b46362d943f,65517,2,0,0,0,0,0,17,0,0,0,0,0,0,0,0
264,14-11-18_48PZC_6,14-11-18_48PZC,2018-11-14,48PZC,6,patches/S2_14-11-18_48PZC/S2_14-11-18_48PZC_6.tif,patches/S2_14-11-18_48PZC/S2_14-11-18_48PZC_6_cl.tif,patches/S2_14-11-18_48PZC/S2_14-11-18_48PZC_6_conf.tif,test,108.49053544530949,15.932886986458303,EPSG:32648,10.0,10.0,11,float32,,"(1.0, 1.0, 1.0, 1.0, 1.0, 1.0, 1.0, 1.0, 1.0, 1.0, 1.0)","(0.0, 0.0, 0.0, 0.0, 0.0, 0.0, 0.0, 0.0, 0.0, 0.0, 0.0)",872500.0,1763360.0,875060.0,1765920.0,65536,15,65536,15,0,0,0,0,0,0,7d00dba8651b2684aa5718a9d8c4e3af1b8ce01b3b6504ce9a5898843bc4f563,6d2ed5311b431fe3e2e706fbcefe73f20e5b0d5e5eb9a98b392c5512d5ef1597,d11f52fe9063878066b5f2f3905ddc0b73a1c320d7382563f61e79ba041d4773,65521,2,0,0,0,0,0,13,0,0,0,0,0,0,0,0
265,14-11-18_48PZC_7,14-11-18_48PZC,2018-11-14,48PZC,7,patches/S2_14-11-18_48PZC/S2_14-11-18_48PZC_7.tif,patches/S2_14-11-18_48PZC/S2_14-11-18_48PZC_7_cl.tif,patches/S2_14-11-18_48PZC/S2_14-11-18_48PZC_7_conf.tif,test,108.5132051339551,15.863199117495897,EPSG:32648,10.0,10.0,11,float32,,"(1.0, 1.0, 1.0, 1.0, 1.0, 1.0, 1.0, 1.0, 1.0, 1.0, 1.0)","(0.0, 0.0, 0.0, 0.0, 0.0, 0.0, 0.0, 0.0, 0.0, 0.0, 0.0)",875060.0,1755680.0,877620.0,1758240.0,65536,57,65536,57,0,0,0,0,0,0,3629a715484f0a57cdb66882b5084050567ecf777deeea17efca24e4906b96d0,c322f7abc805cde1d26b7211b682fd1df25590a1adf5a7994f9086966a883240,142538c6e09d07e8fe9fd630c0ff03c70b0e64f5969695c6c42c04b6502bb748,65479,9,0,0,0,8,0,40,0,0,0,0,0,0,0,0
266,14-11-18_48PZC_8,14-11-18_48PZC,2018-11-14,48PZC,8,patches/S2_14-11-18_48PZC/S2_14-11-18_48PZC_8.tif,patches/S2_14-11-18_48PZC/S2_14-11-18_48PZC_8_cl.tif,patches/S2_14-11-18_48PZC/S2_14-11-18_48PZC_8_conf.tif,test,108.53950179990463,16.001405524506257,EPSG:32648,10.0,10.0,11,float32,,"(1.0, 1.0, 1.0, 1.0, 1.0, 1.0, 1.0, 1.0, 1.0, 1.0, 1.0)","(0.0, 0.0, 0.0, 0.0, 0.0, 0.0, 0.0, 0.0, 0.0, 0.0, 0.0)",877620.0,1771040.0,880180.0,1773600.0,65536,103,65536,103,0,0,0,0,0,0,469bcabab5772bb9f55efc6123ae7e84c5bd0597199275eaff228e030017eb60,3bed6cbcdd74a1750661a8601b1903fc9391ca64332cf8ab66943e878ec4edfe,b009e8bd4562595e0e91d8d58798b2dd692c7c3ce43d914c9925267ee7a1ec05,65433,0,0,0,0,37,0,52,0,0,0,0,0,0,14,0
267,14-11-18_48PZC_9,14-11-18_48PZC,2018-11-14,48PZC,9,patches/S2_14-11-18_48PZC/S2_14-11-18_48PZC_9.tif,patches/S2_14-11-18_48PZC/S2_14-11-18_48PZC_9_cl.tif,patches/S2_14-11-18_48PZC/S2_14-11-18_48PZC_9_conf.tif,test,108.537070525437,15.862810145591252,EPSG:32648,10.0,10.0,11,float32,,"(1.0, 1.0, 1.0, 1.0, 1.0, 1.0, 1.0, 1.0, 1.0, 1.0, 1.0)","(0.0, 0.0, 0.0, 0.0, 0.0, 0.0, 0.0, 0.0, 0.0, 0.0, 0.0)",877620.0,1755680.0,880180.0,1758240.0,65536,98,65536,98,0,0,0,0,0,0,76cf8dadf0e71553bd46957937229f1268d2327ac734be7079f4c2606e705a6f,ed519fe09d315f286617d7b50aaea919d27b6a0c4a1ddc7962d4925ded189955,ba5d430b23433d45c97bc71b7d74f545be94beb67fcdccde97626e23d87e730f,65438,0,0,0,0,0,0,98,0,0,0,0,0,0,0,0
268,14-12-20_18QYF_0,14-12-20_18QYF,2020-12-14,18QYF,0,patches/S2_14-12-20_18QYF/S2_14-12-20_18QYF_0.tif,patches/S2_14-12-20_18QYF/S2_14-12-20_18QYF_0_cl.tif,patches/S2_14-12-20_18QYF/S2_14-12-20_18QYF_0_conf.tif,train,-72.39122024868774,18.574810824658886,EPSG:32618,10.0,10.0,11,float32,,"(1.0, 1.0, 1.0, 1.0, 1.0, 1.0, 1.0, 1.0, 1.0, 1.0, 1.0)","(0.0, 0.0, 0.0, 0.0, 0.0, 0.0, 0.0, 0.0, 0.0, 0.0, 0.0)",774060.0,2054500.0,776620.0,2057060.0,65536,204,65536,204,0,0,0,12,0,0,420236e9a2c6be3c834b9236d8fcf21c0e9d78ca42c09ebc17792acf22a080e7,8f0b57c19e15f3ccca0a54d67f592b2350707c2acb622bb3aa21f87a8f2d718d,cfe28ab6e4806daa079786083cb8dc82822efe5a743589f7fc3cb80526731c8d,65332,27,0,0,0,32,0,76,0,0,0,67,0,0,0,2
269,14-12-20_18QYF_1,14-12-20_18QYF,2020-12-14,18QYF,1,patches/S2_14-12-20_18QYF/S2_14-12-20_18QYF_1.tif,patches/S2_14-12-20_18QYF/S2_14-12-20_18QYF_1_cl.tif,patches/S2_14-12-20_18QYF/S2_14-12-20_18QYF_1_conf.tif,train,-72.39157176378987,18.551697375335486,EPSG:32618,10.0,10.0,11,float32,,"(1.0, 1.0, 1.0, 1.0, 1.0, 1.0, 1.0, 1.0, 1.0, 1.0, 1.0)","(0.0, 0.0, 0.0, 0.0, 0.0, 0.0, 0.0, 0.0, 0.0, 0.0, 0.0)",774060.0,2051940.0,776620.0,2054500.0,65536,39,65536,39,0,0,0,0,0,0,4415ae58d325eff91fae94475590b86ba1c88d2180645e45228fcc99fa3f3b7e,3fdc267e7bc829667135924b1d90babe71bdec1af03c782d523118202c331945,1588a8ae06e757d58e0ead4581413c2b5adccfb70997f852010a41a25b317345,65497,0,0,0,0,0,0,33,0,0,0,6,0,0,0,0
270,14-12-20_18QYF_2,14-12-20_18QYF,2020-12-14,18QYF,2,patches/S2_14-12-20_18QYF/S2_14-12-20_18QYF_2.tif,patches/S2_14-12-20_18QYF/S2_14-12-20_18QYF_2_cl.tif,patches/S2_14-12-20_18QYF/S2_14-12-20_18QYF_2_conf.tif,train,-72.36698368282508,18.57447380190896,EPSG:32618,10.0,10.0,11,float32,,"(1.0, 1.0, 1.0, 1.0, 1.0, 1.0, 1.0, 1.0, 1.0, 1.0, 1.0)","(0.0, 0.0, 0.0, 0.0, 0.0, 0.0, 0.0, 0.0, 0.0, 0.0, 0.0)",776620.0,2054500.0,779180.0,2057060.0,65536,77,65536,77,0,0,0,0,0,0,d2e1a14baa690976a8c06c4f11967dbd8a6b7fb784327c5f85344977fe09af69,1a1627205ee5739000bc35cdb5db69a3319244ccb28f6dd4cc745e8c3f5565d3,89e621f8fc10b94bcd96b7f36590424dc42943efa7681e77cbbed3e417f224e4,65459,0,0,0,0,4,0,8,0,0,0,57,0,0,8,0
271,14-12-20_18QYF_3,14-12-20_18QYF,2020-12-14,18QYF,3,patches/S2_14-12-20_18QYF/S2_14-12-20_18QYF_3.tif,patches/S2_14-12-20_18QYF/S2_14-12-20_18QYF_3_cl.tif,patches/S2_14-12-20_18QYF/S2_14-12-20_18QYF_3_conf.tif,train,-72.36733845448143,18.551360801689878,EPSG:32618,10.0,10.0,11,float32,,"(1.0, 1.0, 1.0, 1.0, 1.0, 1.0, 1.0, 1.0, 1.0, 1.0, 1.0)","(0.0, 0.0, 0.0, 0.0, 0.0, 0.0, 0.0, 0.0, 0.0, 0.0, 0.0)",776620.0,2051940.0,779180.0,2054500.0,65536,104,65536,104,0,0,0,0,0,0,fe6c4c2da5845dd3fdf49db0bb494a665c8a38fc3249aa8db90d5e1cd64b2a98,c8d378650fa93b8e083ff3170de4b863e22536f3f5f0616c23ea245d843f6ad0,4341c2589e1bcd9d8b227b55e6935d9b04f8847d21e4ceb20868956b4610359d,65432,23,0,0,0,40,0,37,0,0,0,0,0,0,0,4
272,14-3-20_18QYF_0,14-3-20_18QYF,2020-03-14,18QYF,0,patches/S2_14-3-20_18QYF/S2_14-3-20_18QYF_0.tif,patches/S2_14-3-20_18QYF/S2_14-3-20_18QYF_0_cl.tif,patches/S2_14-3-20_18QYF/S2_14-3-20_18QYF_0_conf.tif,val,-72.49884957940323,18.58421727002578,EPSG:32618,10.0,10.0,11,float32,,"(1.0, 1.0, 1.0, 1.0, 1.0, 1.0, 1.0, 1.0, 1.0, 1.0, 1.0)","(0.0, 0.0, 0.0, 0.0, 0.0, 0.0, 0.0, 0.0, 0.0, 0.0, 0.0)",762680.0,2055380.0,765240.0,2057940.0,65536,15,65536,15,0,0,0,0,0,0,903a3ee096aecd599555fc7fddc6b1eba0db9b0155d706459e68ab056e6f22d2,4562855424073fde233e7ef9b6f658d6e78c6ebca4ede84a1f9f6350d7a0e4c7,5a123d8e7b9230eef4a549de99655c6850087838e2f23290ed9f8a3e80248c47,65521,15,0,0,0,0,0,0,0,0,0,0,0,0,0,0
273,14-3-20_18QYF_1,14-3-20_18QYF,2020-03-14,18QYF,1,patches/S2_14-3-20_18QYF/S2_14-3-20_18QYF_1.tif,patches/S2_14-3-20_18QYF/S2_14-3-20_18QYF_1_cl.tif,patches/S2_14-3-20_18QYF/S2_14-3-20_18QYF_1_conf.tif,val,-72.49918678465605,18.56110189589452,EPSG:32618,10.0,10.0,11,float32,,"(1.0, 1.0, 1.0, 1.0, 1.0, 1.0, 1.0, 1.0, 1.0, 1.0, 1.0)","(0.0, 0.0, 0.0, 0.0, 0.0, 0.0, 0.0, 0.0, 0.0, 0.0, 0.0)",762680.0,2052820.0,765240.0,2055380.0,65536,28,65536,28,0,0,0,0,0,0,734f5e2171ba5c9fe3e24485efd13f9912a347cb7f883bce8e75e1f7815eb599,2eae74697b64c25a8ed531c48302e1813f3297d007d394090bbeade20cd6c7d7,8ec9a22407af8b70a65d8b158da9a0ba9a7ed66bbc80aa8ce934f4bc13bd4e35,65508,20,0,0,0,0,0,5,0,0,0,0,0,0,0,3
274,14-3-20_18QYF_2,14-3-20_18QYF,2020-03-14,18QYF,2,patches/S2_14-3-20_18QYF/S2_14-3-20_18QYF_2.tif,patches/S2_14-3-20_18QYF/S2_14-3-20_18QYF_2_cl.tif,patches/S2_14-3-20_18QYF/S2_14-3-20_18QYF_2_conf.tif,val,-72.4749500954313,18.560778977174987,EPSG:32618,10.0,10.0,11,float32,,"(1.0, 1.0, 1.0, 1.0, 1.0, 1.0, 1.0, 1.0, 1.0, 1.0, 1.0)","(0.0, 0.0, 0.0, 0.0, 0.0, 0.0, 0.0, 0.0, 0.0, 0.0, 0.0)",765240.0,2052820.0,767800.0,2055380.0,65536,55,65536,55,0,0,0,4,0,0,ed8520ad5aa01cb9337dc898948d8edb9f0c32cd5356656e924f7716d27e339b,1e07435926fc2928b6c7c4217693cff8beefc4eee5f91330e0c8e2d46488fc80,b4adc04cf4539ae03dff5c3f219f8b26a1bba204afebadc30cf2c08bc24f7c1f,65481,31,0,0,0,0,0,24,0,0,0,0,0,0,0,0
275,14-3-20_18QYF_3,14-3-20_18QYF,2020-03-14,18QYF,3,patches/S2_14-3-20_18QYF/S2_14-3-20_18QYF_3.tif,patches/S2_14-3-20_18QYF/S2_14-3-20_18QYF_3_cl.tif,patches/S2_14-3-20_18QYF/S2_14-3-20_18QYF_3_conf.tif,val,-72.42647822292061,18.56012381910645,EPSG:32618,10.0,10.0,11,float32,,"(1.0, 1.0, 1.0, 1.0, 1.0, 1.0, 1.0, 1.0, 1.0, 1.0, 1.0)","(0.0, 0.0, 0.0, 0.0, 0.0, 0.0, 0.0, 0.0, 0.0, 0.0, 0.0)",770360.0,2052820.0,772920.0,2055380.0,65536,118,65536,118,0,0,0,0,0,0,1d9596b13508d3643300a838512a549e9beead44a3d9e3b9a17e97ec55cbab44,2470b58ab603f5d614218850e886818c614cde83c02d03bdc121518941f1cea5,40143bec5dc0d2f6adb836a5703609f052b41869e9fe6bfa1135077e0a36bcfe,65418,45,0,0,0,26,0,45,0,0,0,0,0,0,0,2
276,14-3-20_18QYF_4,14-3-20_18QYF,2020-03-14,18QYF,4,patches/S2_14-3-20_18QYF/S2_14-3-20_18QYF_4.tif,patches/S2_14-3-20_18QYF/S2_14-3-20_18QYF_4_cl.tif,patches/S2_14-3-20_18QYF/S2_14-3-20_18QYF_4_conf.tif,val,-72.4018928074144,18.582905206668034,EPSG:32618,10.0,10.0,11,float32,,"(1.0, 1.0, 1.0, 1.0, 1.0, 1.0, 1.0, 1.0, 1.0, 1.0, 1.0)","(0.0, 0.0, 0.0, 0.0, 0.0, 0.0, 0.0, 0.0, 0.0, 0.0, 0.0)",772920.0,2055380.0,775480.0,2057940.0,65536,229,65536,229,0,0,0,4,0,0,187b116a96f6d9c9fda5ab29afc1c096233ebd025d99720b6630c5d3befabe97,ff2ad84f2bf0c0629f158858c978efc4e423d1c42d308a390661a5d40cfeef0a,6f9ab1e638870346163a0f3e7dcdf91dc17a689c6a32018552825381c8b341fb,65307,99,0,0,0,0,0,75,0,0,0,53,0,0,0,2
277,14-3-20_18QYF_5,14-3-20_18QYF,2020-03-14,18QYF,5,patches/S2_14-3-20_18QYF/S2_14-3-20_18QYF_5.tif,patches/S2_14-3-20_18QYF/S2_14-3-20_18QYF_5_cl.tif,patches/S2_14-3-20_18QYF/S2_14-3-20_18QYF_5_conf.tif,val,-72.40224304920758,18.559791580319633,EPSG:32618,10.0,10.0,11,float32,,"(1.0, 1.0, 1.0, 1.0, 1.0, 1.0, 1.0, 1.0, 1.0, 1.0, 1.0)","(0.0, 0.0, 0.0, 0.0, 0.0, 0.0, 0.0, 0.0, 0.0, 0.0, 0.0)",772920.0,2052820.0,775480.0,2055380.0,65536,32,65536,32,0,0,0,0,0,0,f9007f0e0bbaecf1b297e476a3a55a3ddf7a06e1545b50d562c6acdf959e133d,e6b358129a71723713c4b9e988ff55fff2c5fb52c1d92b8bc5c3f2ef88dd9259,2686dc5fffa96569f0418449ddba76ed0109c69073c1973d211b308bc4af65d8,65504,21,0,0,0,0,0,11,0,0,0,0,0,0,0,0
278,14-3-20_18QYF_6,14-3-20_18QYF,2020-03-14,18QYF,6,patches/S2_14-3-20_18QYF/S2_14-3-20_18QYF_6.tif,patches/S2_14-3-20_18QYF/S2_14-3-20_18QYF_6_cl.tif,patches/S2_14-3-20_18QYF/S2_14-3-20_18QYF_6_conf.tif,val,-72.37765489010121,18.582569414458384,EPSG:32618,10.0,10.0,11,float32,,"(1.0, 1.0, 1.0, 1.0, 1.0, 1.0, 1.0, 1.0, 1.0, 1.0, 1.0)","(0.0, 0.0, 0.0, 0.0, 0.0, 0.0, 0.0, 0.0, 0.0, 0.0, 0.0)",775480.0,2055380.0,778040.0,2057940.0,65536,60,65536,60,0,0,0,16,0,0,aa0b8dbc8d133527e748599f0f0679f88841af5011d53984be16cb5799ad7ea3,025d6f01fcda9e570534f95409544735ac127a780b7519464172782948aafebc,dc9426f12fb315e802db137b0240e6a95bf55475e6cb5616b117694d0e112e93,65476,0,0,0,0,0,0,12,0,0,0,48,0,0,0,0
279,14-3-20_18QYF_7,14-3-20_18QYF,2020-03-14,18QYF,7,patches/S2_14-3-20_18QYF/S2_14-3-20_18QYF_7.tif,patches/S2_14-3-20_18QYF/S2_14-3-20_18QYF_7_cl.tif,patches/S2_14-3-20_18QYF/S2_14-3-20_18QYF_7_conf.tif,val,-72.37800839023716,18.559456235410316,EPSG:32618,10.0,10.0,11,float32,,"(1.0, 1.0, 1.0, 1.0, 1.0, 1.0, 1.0, 1.0, 1.0, 1.0, 1.0)","(0.0, 0.0, 0.0, 0.0, 0.0, 0.0, 0.0, 0.0, 0.0, 0.0, 0.0)",775480.0,2052820.0,778040.0,2055380.0,65536,91,65536,91,0,0,0,20,0,0,5990e8ffa26c05a2c8db0e83e597ae36d8651567b14ce499001fe3f062ca876a,b3d63dacc39229e75a64d45b6d32bed2563c2753cdba9d948e96f03e4757d317,e04037e817fa1c658c8a6e1e6408fb5c6d60eb8888bf2972a603275739537ef8,65445,0,0,0,0,37,0,35,0,0,0,19,0,0,0,0
280,14-9-18_16PCC_0,14-9-18_16PCC,2018-09-14,16PCC,0,patches/S2_14-9-18_16PCC/S2_14-9-18_16PCC_0.tif,patches/S2_14-9-18_16PCC/S2_14-9-18_16PCC_0_cl.tif,patches/S2_14-9-18_16PCC/S2_14-9-18_16PCC_0_conf.tif,test,-88.36274506402407,15.964087357954893,EPSG:32616,10.0,10.0,11,float32,,"(1.0, 1.0, 1.0, 1.0, 1.0, 1.0, 1.0, 1.0, 1.0, 1.0, 1.0)","(0.0, 0.0, 0.0, 0.0, 0.0, 0.0, 0.0, 0.0, 0.0, 0.0, 0.0)",352880.0,1764160.0,355440.0,1766720.0,65536,2221,65536,2221,0,0,0,0,0,0,f8ec243925e997b3336e159057208cb3fb254f223ecf03bc182da221673e4903,7bb382d0aab6fc1f8406d1f448ba4ec76e627e7c31cec41291ddf710d57e4f01,6e626d858e3bcc66cf62b2a04c51207641c9a2d5b2a90d6968c7f94a348c3f97,63315,0,0,0,0,0,2221,0,0,0,0,0,0,0,0,0
281,14-9-18_16PCC_1,14-9-18_16PCC,2018-09-14,16PCC,1,patches/S2_14-9-18_16PCC/S2_14-9-18_16PCC_1.tif,patches/S2_14-9-18_16PCC/S2_14-9-18_16PCC_1_cl.tif,patches/S2_14-9-18_16PCC/S2_14-9-18_16PCC_1_conf.tif,test,-88.36165600456695,15.80212746647429,EPSG:32616,10.0,10.0,11,float32,,"(1.0, 1.0, 1.0, 1.0, 1.0, 1.0, 1.0, 1.0, 1.0, 1.0, 1.0)","(0.0, 0.0, 0.0, 0.0, 0.0, 0.0, 0.0, 0.0, 0.0, 0.0, 0.0)",352880.0,1746240.0,355440.0,1748800.0,65536,8,65536,8,0,0,0,0,0,0,d75befbe449e7d2dd620dd51ce072f1a13302f00d2ac7c9a118506bf6ae85743,1488b6784b587af4ec4d79b1d4299fedff4233009c4503320007a1ff30425c26,ceca9f1c54d926017dd61caecbda87f5ca3eca01a827236af2e3cd1f0914ca25,65528,0,0,0,0,0,0,0,0,8,0,0,0,0,0,0
282,14-9-18_16PCC_10,14-9-18_16PCC,2018-09-14,16PCC,10,patches/S2_14-9-18_16PCC/S2_14-9-18_16PCC_10.tif,patches/S2_14-9-18_16PCC/S2_14-9-18_16PCC_10_cl.tif,patches/S2_14-9-18_16PCC/S2_14-9-18_16PCC_10_conf.tif,test,-88.28967142946667,15.75628888784012,EPSG:32616,10.0,10.0,11,float32,,"(1.0, 1.0, 1.0, 1.0, 1.0, 1.0, 1.0, 1.0, 1.0, 1.0, 1.0)","(0.0, 0.0, 0.0, 0.0, 0.0, 0.0, 0.0, 0.0, 0.0, 0.0, 0.0)",360560.0,1741120.0,363120.0,1743680.0,65536,11516,65536,11516,0,0,0,0,0,0,fe70e3d23265793f46b9aa3aa0f40f931083844dbe916b2aa12579b079100bb8,14a4160ac66326994f959479804a1234e81b4496635dfe4162b46dfb3c198170,1c93d8292fb762d75f9d4195477e0a49e1dffe61a29cb51fa214648bfe61f622,54020,0,0,0,0,0,0,0,11516,0,0,0,0,0,0,0
283,14-9-18_16PCC_11,14-9-18_16PCC,2018-09-14,16PCC,11,patches/S2_14-9-18_16PCC/S2_14-9-18_16PCC_11.tif,patches/S2_14-9-18_16PCC/S2_14-9-18_16PCC_11_cl.tif,patches/S2_14-9-18_16PCC/S2_14-9-18_16PCC_11_conf.tif,test,-88.2679561824645,16.103497756660808,EPSG:32616,10.0,10.0,11,float32,,"(1.0, 1.0, 1.0, 1.0, 1.0, 1.0, 1.0, 1.0, 1.0, 1.0, 1.0)","(0.0, 0.0, 0.0, 0.0, 0.0, 0.0, 0.0, 0.0, 0.0, 0.0, 0.0)",363120.0,1779520.0,365680.0,1782080.0,65536,484,65536,484,0,0,0,0,0,0,dbaa3c633695a117e50a2ceff48e5f5bf2b572854b879f26d5ebe9755937ce98,4bc3ac25c895f045a5eef3c2ee808987a38c17d67d43d52b97ec7ee1e2f66b75,c6ce3cb8730a3aee03df3f16aecb7e891cb3bc62c0e1be10e9744546f237e8e4,65052,0,0,0,0,0,392,42,0,0,0,50,0,0,0,0
284,14-9-18_16PCC_12,14-9-18_16PCC,2018-09-14,16PCC,12,patches/S2_14-9-18_16PCC/S2_14-9-18_16PCC_12.tif,patches/S2_14-9-18_16PCC/S2_14-9-18_16PCC_12_cl.tif,patches/S2_14-9-18_16PCC/S2_14-9-18_16PCC_12_conf.tif,test,-88.26780936692506,16.080360198307,EPSG:32616,10.0,10.0,11,float32,,"(1.0, 1.0, 1.0, 1.0, 1.0, 1.0, 1.0, 1.0, 1.0, 1.0, 1.0)","(0.0, 0.0, 0.0, 0.0, 0.0, 0.0, 0.0, 0.0, 0.0, 0.0, 0.0)",363120.0,1776960.0,365680.0,1779520.0,65536,32,65536,32,0,0,0,0,0,0,3f542c9c7cc65e1addcb03d6c1600b34bf7648f5c900e610d90314f06c0c59af,3e008a58b8b1c9ef4f2daf9e0139672d924a057eb721d989bb839cde6dfca06a,89a8aa2b91fb5bb3731de5f66b31d05d5f237600d283e5e63b0a2e9c41b157f0,65504,0,0,0,0,0,0,32,0,0,0,0,0,0,0,0
285,14-9-18_16PCC_13,14-9-18_16PCC,2018-09-14,16PCC,13,patches/S2_14-9-18_16PCC/S2_14-9-18_16PCC_13.tif,patches/S2_14-9-18_16PCC/S2_14-9-18_16PCC_13_cl.tif,patches/S2_14-9-18_16PCC/S2_14-9-18_16PCC_13_conf.tif,test,-88.26751645405835,16.03408492785171,EPSG:32616,10.0,10.0,11,float32,,"(1.0, 1.0, 1.0, 1.0, 1.0, 1.0, 1.0, 1.0, 1.0, 1.0, 1.0)","(0.0, 0.0, 0.0, 0.0, 0.0, 0.0, 0.0, 0.0, 0.0, 0.0, 0.0)",363120.0,1771840.0,365680.0,1774400.0,65536,3,65536,3,0,0,0,0,0,0,1ee92d678292946940506db07e8c4bf44dd26598a0f0f515e1e5564311ccb25f,89fc086c34d66c1a4b546d9728f318877a29958e7ac967a1dee51d2373af5c2d,522b8be3f9b64947a20f572c01ee35ef36987b7690f2425992a6ff0eecce2c06,65533,0,3,0,0,0,0,0,0,0,0,0,0,0,0,0
286,14-9-18_16PCC_14,14-9-18_16PCC,2018-09-14,16PCC,14,patches/S2_14-9-18_16PCC/S2_14-9-18_16PCC_14.tif,patches/S2_14-9-18_16PCC/S2_14-9-18_16PCC_14_cl.tif,patches/S2_14-9-18_16PCC/S2_14-9-18_16PCC_14_conf.tif,test,-88.26722449794295,15.987809452841846,EPSG:32616,10.0,10.0,11,float32,,"(1.0, 1.0, 1.0, 1.0, 1.0, 1.0, 1.0, 1.0, 1.0, 1.0, 1.0)","(0.0, 0.0, 0.0, 0.0, 0.0, 0.0, 0.0, 0.0, 0.0, 0.0, 0.0)",363120.0,1766720.0,365680.0,1769280.0,65536,79,65536,79,0,0,0,0,0,0,98dbd04cdd9e41edfe139148ac3c8ee0ac60ea1f46cc21a14ae3ab0e92be582c,0eb320342fbf19e6f11b9dbd85df0b346b6536c377e5d4d6e07ab48e533ef6c9,a6000ded8de0ec3ca02ffc1cb7aa39e495a1af612eaf76c775fe0fb23b9faf47,65457,0,71,8,0,0,0,0,0,0,0,0,0,0,0,0
287,14-9-18_16PCC_15,14-9-18_16PCC,2018-09-14,16PCC,15,patches/S2_14-9-18_16PCC/S2_14-9-18_16PCC_15.tif,patches/S2_14-9-18_16PCC/S2_14-9-18_16PCC_15_cl.tif,patches/S2_14-9-18_16PCC/S2_14-9-18_16PCC_15_conf.tif,test,-88.26693349754441,15.941533773808668,EPSG:32616,10.0,10.0,11,float32,,"(1.0, 1.0, 1.0, 1.0, 1.0, 1.0, 1.0, 1.0, 1.0, 1.0, 1.0)","(0.0, 0.0, 0.0, 0.0, 0.0, 0.0, 0.0, 0.0, 0.0, 0.0, 0.0)",363120.0,1761600.0,365680.0,1764160.0,65536,123,65536,123,0,0,0,0,0,0,00d5ab3fb3bcdae4df147a633c9115bd36b0f7f9db7cf726af634be1427aac62,2b7c519b3520da3a0283200520fd1178cc672be2b212cd684c9f166d8e7d3b6a,a84733747dab55782c1315bd6e5edfda3ddd32f00073c46551cb3b61c95b6bcb,65413,0,121,2,0,0,0,0,0,0,0,0,0,0,0,0
288,14-9-18_16PCC_16,14-9-18_16PCC,2018-09-14,16PCC,16,patches/S2_14-9-18_16PCC/S2_14-9-18_16PCC_16.tif,patches/S2_14-9-18_16PCC/S2_14-9-18_16PCC_16_cl.tif,patches/S2_14-9-18_16PCC/S2_14-9-18_16PCC_16_conf.tif,test,-88.26606622036456,15.802705517889247,EPSG:32616,10.0,10.0,11,float32,,"(1.0, 1.0, 1.0, 1.0, 1.0, 1.0, 1.0, 1.0, 1.0, 1.0, 1.0)","(0.0, 0.0, 0.0, 0.0, 0.0, 0.0, 0.0, 0.0, 0.0, 0.0, 0.0)",363120.0,1746240.0,365680.0,1748800.0,65536,1455,65536,1455,0,0,0,0,0,0,f706900ac07c5726182d1878d76f28b95be12f9164d41fc3e1b82c1dc15e90f6,c862b565dfd1184d464f02de23d0ad3fb3808ed8d6e3207a1ac13ef2ed2fa444,0e09a0ec863ec654dcec590a1984e71a74bf195086fc59d8b29faf2eb6069514,64081,0,0,0,0,0,0,0,0,0,1455,0,0,0,0,0
289,14-9-18_16PCC_17,14-9-18_16PCC,2018-09-14,16PCC,17,patches/S2_14-9-18_16PCC/S2_14-9-18_16PCC_17.tif,patches/S2_14-9-18_16PCC/S2_14-9-18_16PCC_17_cl.tif,patches/S2_14-9-18_16PCC/S2_14-9-18_16PCC_17_conf.tif,test,-88.26592250757736,15.7795672981906,EPSG:32616,10.0,10.0,11,float32,,"(1.0, 1.0, 1.0, 1.0, 1.0, 1.0, 1.0, 1.0, 1.0, 1.0, 1.0)","(0.0, 0.0, 0.0, 0.0, 0.0, 0.0, 0.0, 0.0, 0.0, 0.0, 0.0)",363120.0,1743680.0,365680.0,1746240.0,65536,15692,65536,15692,0,0,0,0,0,0,19e8bb3ac58754f9a2d6948f1448e69585d27f227b1cc4a02839a6211f9d70c4,fae82c88d33de263aa390669a2894374bcec0da91dddde167b3df8363b97effa,a0c38da129729f5b5362627ecf4b6ebd6850586631c0c8aff800bf42b3c06855,49844,0,0,0,0,0,0,0,15620,0,72,0,0,0,0,0
290,14-9-18_16PCC_18,14-9-18_16PCC,2018-09-14,16PCC,18,patches/S2_14-9-18_16PCC/S2_14-9-18_16PCC_18.tif,patches/S2_14-9-18_16PCC/S2_14-9-18_16PCC_18_cl.tif,patches/S2_14-9-18_16PCC/S2_14-9-18_16PCC_18_conf.tif,test,-88.26577903256772,15.75642902808532,EPSG:32616,10.0,10.0,11,float32,,"(1.0, 1.0, 1.0, 1.0, 1.0, 1.0, 1.0, 1.0, 1.0, 1.0, 1.0)","(0.0, 0.0, 0.0, 0.0, 0.0, 0.0, 0.0, 0.0, 0.0, 0.0, 0.0)",363120.0,1741120.0,365680.0,1743680.0,65536,21776,65536,21776,0,0,0,0,0,0,3b681e47387ff721c8f4f5409e93b0ef854e421b5da7ead21174a8bb21ee6ae5,174d1198dcc4dba63de6c08a31978376cc838a3d059f0bffdf179b05ff411b44,631e05c17e84c2e508612e73c6784d9e8d0fd6780163cac0696f43e102c9e2db,43760,0,0,0,0,0,0,0,21776,0,0,0,0,0,0,0
291,14-9-18_16PCC_19,14-9-18_16PCC,2018-09-14,16PCC,19,patches/S2_14-9-18_16PCC/S2_14-9-18_16PCC_19.tif,patches/S2_14-9-18_16PCC/S2_14-9-18_16PCC_19_cl.tif,patches/S2_14-9-18_16PCC/S2_14-9-18_16PCC_19_conf.tif,test,-88.24330459631594,15.987949097629675,EPSG:32616,10.0,10.0,11,float32,,"(1.0, 1.0, 1.0, 1.0, 1.0, 1.0, 1.0, 1.0, 1.0, 1.0, 1.0)","(0.0, 0.0, 0.0, 0.0, 0.0, 0.0, 0.0, 0.0, 0.0, 0.0, 0.0)",365680.0,1766720.0,368240.0,1769280.0,65536,104,65536,104,0,0,0,0,0,0,b4610fb29f49ca6ec44c8b20a2cdb971c238d0d0710f49c82071252ede1d65b9,9bf20f0e0f6d76f993c800b8970a64257230d26b41247d5b00da1b0647354068,576216826a2f92f82e53ecd3160b2b5f3b4a9ecf6b871cd675fbc4a8c4766b71,65432,0,92,12,0,0,0,0,0,0,0,0,0,0,0,0
292,14-9-18_16PCC_2,14-9-18_16PCC,2018-09-14,16PCC,2,patches/S2_14-9-18_16PCC/S2_14-9-18_16PCC_2.tif,patches/S2_14-9-18_16PCC/S2_14-9-18_16PCC_2_cl.tif,patches/S2_14-9-18_16PCC/S2_14-9-18_16PCC_2_conf.tif,test,-88.33775893107683,15.80227591941368,EPSG:32616,10.0,10.0,11,float32,,"(1.0, 1.0, 1.0, 1.0, 1.0, 1.0, 1.0, 1.0, 1.0, 1.0, 1.0)","(0.0, 0.0, 0.0, 0.0, 0.0, 0.0, 0.0, 0.0, 0.0, 0.0, 0.0)",355440.0,1746240.0,358000.0,1748800.0,65536,60,65536,60,0,0,0,0,0,0,5005c7a1f4090e9dd0e9f055d74f8a2811a069b664b3232f823ccfcce1f94f0f,fe4fbc7ab7aa20f46f42656ee740e6ebc67f1a5e56617c8399cad4f22ef4b2b5,93f70f91687f23808437d7b86f8003e09137bcf9170ca97827fac339800b95f0,65476,0,0,0,0,0,0,0,0,60,0,0,0,0,0,0
293,14-9-18_16PCC_20,14-9-18_16PCC,2018-09-14,16PCC,20,patches/S2_14-9-18_16PCC/S2_14-9-18_16PCC_20.tif,patches/S2_14-9-18_16PCC/S2_14-9-18_16PCC_20_cl.tif,patches/S2_14-9-18_16PCC/S2_14-9-18_16PCC_20_conf.tif,test,-88.24273451097895,15.895396686124524,EPSG:32616,10.0,10.0,11,float32,,"(1.0, 1.0, 1.0, 1.0, 1.0, 1.0, 1.0, 1.0, 1.0, 1.0, 1.0)","(0.0, 0.0, 0.0, 0.0, 0.0, 0.0, 0.0, 0.0, 0.0, 0.0, 0.0)",365680.0,1756480.0,368240.0,1759040.0,65536,4,65536,4,0,0,0,0,0,0,f35d02b951f2da8fbdaf6e7739031f62c02445e073101bbdd51b548398c71535,5f0be9bf83b8fecb1f4517fc46bd82ce18780fa59edf2b63a14e62b46f793989,d823a7de7c247b229574ca6ba4be8085441c409d2a0b8325472abc93e60c9da3,65532,3,0,0,0,0,0,1,0,0,0,0,0,0,0,0
294,14-9-18_16PCC_21,14-9-18_16PCC,2018-09-14,16PCC,21,patches/S2_14-9-18_16PCC/S2_14-9-18_16PCC_21.tif,patches/S2_14-9-18_16PCC/S2_14-9-18_16PCC_21_cl.tif,patches/S2_14-9-18_16PCC/S2_14-9-18_16PCC_21_conf.tif,test,-88.24216816833558,15.8028434635306,EPSG:32616,10.0,10.0,11,float32,,"(1.0, 1.0, 1.0, 1.0, 1.0, 1.0, 1.0, 1.0, 1.0, 1.0, 1.0)","(0.0, 0.0, 0.0, 0.0, 0.0, 0.0, 0.0, 0.0, 0.0, 0.0, 0.0)",365680.0,1746240.0,368240.0,1748800.0,65536,1182,65536,1182,0,0,0,0,0,0,c73738e9b557e8387f766af711e39681e8cca55ff9aa87fbdba6109550096e70,c16aa2e239e6202efb52b94a6acea23de468856e71b31e0303a6cec3c587f7d3,37e39cd40c9eeed21fdac34a2dd9a77bcfef406537f96ac5da33fbacdfbc853b,64354,0,0,0,0,0,0,0,0,0,1182,0,0,0,0,0
295,14-9-18_16PCC_22,14-9-18_16PCC,2018-09-14,16PCC,22,patches/S2_14-9-18_16PCC/S2_14-9-18_16PCC_22.tif,patches/S2_14-9-18_16PCC/S2_14-9-18_16PCC_22_cl.tif,patches/S2_14-9-18_16PCC/S2_14-9-18_16PCC_22_conf.tif,test,-88.2420271665304,15.779705031648382,EPSG:32616,10.0,10.0,11,float32,,"(1.0, 1.0, 1.0, 1.0, 1.0, 1.0, 1.0, 1.0, 1.0, 1.0, 1.0)","(0.0, 0.0, 0.0, 0.0, 0.0, 0.0, 0.0, 0.0, 0.0, 0.0, 0.0)",365680.0,1743680.0,368240.0,1746240.0,65536,64,65536,64,0,0,0,0,0,0,543ad76a4394dedaffd5561eef26177e25b29743e42bdbdbf3c1c598a726db78,f852a66ad5e4f45ffb91eb9045d84fda3f086ee94400534aa6ca66cd565746d6,0b196f958d8025ce7f009b6f26192b96a798f74ba4fb54a78de4d00718a38f96,65472,0,0,0,0,0,0,0,0,0,64,0,0,0,0,0
296,14-9-18_16PCC_23,14-9-18_16PCC,2018-09-14,16PCC,23,patches/S2_14-9-18_16PCC/S2_14-9-18_16PCC_23.tif,patches/S2_14-9-18_16PCC/S2_14-9-18_16PCC_23_cl.tif,patches/S2_14-9-18_16PCC/S2_14-9-18_16PCC_23_conf.tif,test,-88.21882533620766,15.89553283767235,EPSG:32616,10.0,10.0,11,float32,,"(1.0, 1.0, 1.0, 1.0, 1.0, 1.0, 1.0, 1.0, 1.0, 1.0, 1.0)","(0.0, 0.0, 0.0, 0.0, 0.0, 0.0, 0.0, 0.0, 0.0, 0.0, 0.0)",368240.0,1756480.0,370800.0,1759040.0,65536,5,65536,5,0,0,0,0,0,0,d16dbfa6aed459d97e07b8e2fba85b6f260e0e55b573a305e1f050be9521151b,3f791ef2c6acbb9090a22e1fda051ba536ec9a64eaa56d3eef111bcba6aaa146,fc560bcf5e5301675459fda3d83a4ca60aa2e5c3e8888de0c9c8882b5f559cb8,65531,3,0,0,0,0,0,2,0,0,0,0,0,0,0,0
297,14-9-18_16PCC_24,14-9-18_16PCC,2018-09-14,16PCC,24,patches/S2_14-9-18_16PCC/S2_14-9-18_16PCC_24.tif,patches/S2_14-9-18_16PCC/S2_14-9-18_16PCC_24_cl.tif,patches/S2_14-9-18_16PCC/S2_14-9-18_16PCC_24_conf.tif,test,-88.21868612905413,15.872394399571712,EPSG:32616,10.0,10.0,11,float32,,"(1.0, 1.0, 1.0, 1.0, 1.0, 1.0, 1.0, 1.0, 1.0, 1.0, 1.0)","(0.0, 0.0, 0.0, 0.0, 0.0, 0.0, 0.0, 0.0, 0.0, 0.0, 0.0)",368240.0,1753920.0,370800.0,1756480.0,65536,2,65536,2,0,0,0,0,0,0,d6da2d31df27be05498f81acb2bc959c40ca0654e310629606a4f3e4534455ee,74078eb24476a12f2ec220e3247e8a9ddd5ef11b746af7f8210011aacb6eec02,d34a1b040c6c8e3bba719ca67798cc6ab5ae4fa933e100fd81b29747d57a48a0,65534,2,0,0,0,0,0,0,0,0,0,0,0,0,0,0
298,14-9-18_16PCC_25,14-9-18_16PCC,2018-09-14,16PCC,25,patches/S2_14-9-18_16PCC/S2_14-9-18_16PCC_25.tif,patches/S2_14-9-18_16PCC/S2_14-9-18_16PCC_25_cl.tif,patches/S2_14-9-18_16PCC/S2_14-9-18_16PCC_25_conf.tif,test,-88.21813159219076,15.779840142025654,EPSG:32616,10.0,10.0,11,float32,,"(1.0, 1.0, 1.0, 1.0, 1.0, 1.0, 1.0, 1.0, 1.0, 1.0, 1.0)","(0.0, 0.0, 0.0, 0.0, 0.0, 0.0, 0.0, 0.0, 0.0, 0.0, 0.0)",368240.0,1743680.0,370800.0,1746240.0,65536,15,65536,15,0,0,0,0,0,0,79019b89abed56dea70ad5c654321c91dc571cd36fa3d21c6e7e37eef061d92e,75db950c9bb74da20af204025dcf120dd63ce9b1a73f12f09a2396767d51302f,5a07f854b0b458a6f87d90655cc7c828a87b44396855e2b25d98e2d9c41fdcf6,65521,0,0,0,0,0,0,0,0,0,15,0,0,0,0,0
299,14-9-18_16PCC_26,14-9-18_16PCC,2018-09-14,16PCC,26,patches/S2_14-9-18_16PCC/S2_14-9-18_16PCC_26.tif,patches/S2_14-9-18_16PCC/S2_14-9-18_16PCC_26_cl.tif,patches/S2_14-9-18_16PCC/S2_14-9-18_16PCC_26_conf.tif,test,-88.1947794540559,15.872527703430668,EPSG:32616,10.0,10.0,11,float32,,"(1.0, 1.0, 1.0, 1.0, 1.0, 1.0, 1.0, 1.0, 1.0, 1.0, 1.0)","(0.0, 0.0, 0.0, 0.0, 0.0, 0.0, 0.0, 0.0, 0.0, 0.0, 0.0)",370800.0,1753920.0,373360.0,1756480.0,65536,4,65536,4,0,0,0,0,0,0,f4dd3f2a3896eb3e65a8cff9beb97300af31749e67b99e570de1fc63876d61de,4a11354619e73d1c96b9098c6b28b40e1f89a69df6be5c8072e33bc00d9d271b,9c5a2af7b70d6709a1e0a114f2ab3fa8e3596414a0799c79e5b594435c59e249,65532,2,0,0,0,0,0,1,0,0,0,0,0,0,0,1
300,14-9-18_16PCC_27,14-9-18_16PCC,2018-09-14,16PCC,27,patches/S2_14-9-18_16PCC/S2_14-9-18_16PCC_27.tif,patches/S2_14-9-18_16PCC/S2_14-9-18_16PCC_27_cl.tif,patches/S2_14-9-18_16PCC/S2_14-9-18_16PCC_27_conf.tif,test,-88.19437136851323,15.803111473335452,EPSG:32616,10.0,10.0,11,float32,,"(1.0, 1.0, 1.0, 1.0, 1.0, 1.0, 1.0, 1.0, 1.0, 1.0, 1.0)","(0.0, 0.0, 0.0, 0.0, 0.0, 0.0, 0.0, 0.0, 0.0, 0.0, 0.0)",370800.0,1746240.0,373360.0,1748800.0,65536,145,65536,145,0,0,0,0,0,0,9ec26f9759c13e861590956306c0e56b023c7e9a93e3d81bd3138863ae0b5609,75931a2a5365cc143b7fad4a0c61224f18146f208ad90f2a1a8ac20440e31db0,2a23cc5b70eb01a67fea8fb8db21cd47364b621109ed44386d67f6628dede9b7,65391,0,0,0,0,0,0,0,0,0,145,0,0,0,0,0
301,14-9-18_16PCC_28,14-9-18_16PCC,2018-09-14,16PCC,28,patches/S2_14-9-18_16PCC/S2_14-9-18_16PCC_28.tif,patches/S2_14-9-18_16PCC/S2_14-9-18_16PCC_28_cl.tif,patches/S2_14-9-18_16PCC/S2_14-9-18_16PCC_28_conf.tif,test,-88.17087255425474,15.872658367813669,EPSG:32616,10.0,10.0,11,float32,,"(1.0, 1.0, 1.0, 1.0, 1.0, 1.0, 1.0, 1.0, 1.0, 1.0, 1.0)","(0.0, 0.0, 0.0, 0.0, 0.0, 0.0, 0.0, 0.0, 0.0, 0.0, 0.0)",373360.0,1753920.0,375920.0,1756480.0,65536,3,65536,3,0,0,0,0,0,0,4f004066bd828f88302e4efe19b8c603ad1593e8144a27a04273fbb939eafa7e,1dd4e234cbad29c5c92fde40f434307b873df053ae89b091d6e746dca2d1e6f8,a156b48041cc3e28ef2b701be9d16381027d485f905b6fb5ed1cbb639be30dbe,65533,2,0,0,0,0,0,0,0,0,0,0,0,0,0,1
302,14-9-18_16PCC_29,14-9-18_16PCC,2018-09-14,16PCC,29,patches/S2_14-9-18_16PCC/S2_14-9-18_16PCC_29.tif,patches/S2_14-9-18_16PCC/S2_14-9-18_16PCC_29_cl.tif,patches/S2_14-9-18_16PCC/S2_14-9-18_16PCC_29_conf.tif,test,-88.17073902591771,15.849519474703534,EPSG:32616,10.0,10.0,11,float32,,"(1.0, 1.0, 1.0, 1.0, 1.0, 1.0, 1.0, 1.0, 1.0, 1.0, 1.0)","(0.0, 0.0, 0.0, 0.0, 0.0, 0.0, 0.0, 0.0, 0.0, 0.0, 0.0)",373360.0,1751360.0,375920.0,1753920.0,65536,23,65536,23,0,0,0,0,0,0,58f6cc61ab2f0738a7fb3a8826de132bdfa945f3e95d4581c0ee4a83157ef6ae,ff18b6b3c2f9f5f76d012f1e4341ac81c6c3de9510af7b183b16874765a44e38,1f28318f4485baf9449ebf1478b336da4ccc5cf2bcf4004f10babee39ded00aa,65513,0,0,0,0,0,0,0,0,0,23,0,0,0,0,0
303,14-9-18_16PCC_3,14-9-18_16PCC,2018-09-14,16PCC,3,patches/S2_14-9-18_16PCC/S2_14-9-18_16PCC_3.tif,patches/S2_14-9-18_16PCC/S2_14-9-18_16PCC_3_cl.tif,patches/S2_14-9-18_16PCC/S2_14-9-18_16PCC_3_conf.tif,test,-88.31536655007068,16.033796785509953,EPSG:32616,10.0,10.0,11,float32,,"(1.0, 1.0, 1.0, 1.0, 1.0, 1.0, 1.0, 1.0, 1.0, 1.0, 1.0)","(0.0, 0.0, 0.0, 0.0, 0.0, 0.0, 0.0, 0.0, 0.0, 0.0, 0.0)",358000.0,1771840.0,360560.0,1774400.0,65536,15,65536,15,0,0,0,0,0,0,8a1718f2afde40c0dcec00fbec871a503b05cf1ccde49dbf15ea7de67a093e18,ca6b5bf845fb902fa3ca68d6744da552a2bd3e13f4eedecab2c3caa1a7be3201,df98e9433d4c1c4fea115f0f8cefed95c4879053f4085ed3ea236e8f5dd9b8e4,65521,0,0,15,0,0,0,0,0,0,0,0,0,0,0,0
304,14-9-18_16PCC_30,14-9-18_16PCC,2018-09-14,16PCC,30,patches/S2_14-9-18_16PCC/S2_14-9-18_16PCC_30.tif,patches/S2_14-9-18_16PCC/S2_14-9-18_16PCC_30_cl.tif,patches/S2_14-9-18_16PCC/S2_14-9-18_16PCC_30_conf.tif,test,-88.17060571777041,15.826380531167764,EPSG:32616,10.0,10.0,11,float32,,"(1.0, 1.0, 1.0, 1.0, 1.0, 1.0, 1.0, 1.0, 1.0, 1.0, 1.0)","(0.0, 0.0, 0.0, 0.0, 0.0, 0.0, 0.0, 0.0, 0.0, 0.0, 0.0)",373360.0,1748800.0,375920.0,1751360.0,65536,79,65536,79,0,0,0,0,0,0,1b1f8ad35e9b2707937be45ac6d321672bb6bb213c166411cd025ac0c075427a,a54dfb3f1cb0b388c308588a47b924d175168c4f54d3f7317641b3a27cd5e51c,2a0506b2fb9cee26588ae5e822d1759d4a2371c5e86883293b5f27e934ed9bf0,65457,1,0,0,0,0,0,1,0,0,75,0,0,0,0,2
305,14-9-18_16PCC_31,14-9-18_16PCC,2018-09-14,16PCC,31,patches/S2_14-9-18_16PCC/S2_14-9-18_16PCC_31.tif,patches/S2_14-9-18_16PCC/S2_14-9-18_16PCC_31_cl.tif,patches/S2_14-9-18_16PCC/S2_14-9-18_16PCC_31_conf.tif,test,-88.170472629695,15.803241537272687,EPSG:32616,10.0,10.0,11,float32,,"(1.0, 1.0, 1.0, 1.0, 1.0, 1.0, 1.0, 1.0, 1.0, 1.0, 1.0)","(0.0, 0.0, 0.0, 0.0, 0.0, 0.0, 0.0, 0.0, 0.0, 0.0, 0.0)",373360.0,1746240.0,375920.0,1748800.0,65536,8,65536,8,0,0,0,0,0,0,1d65c54049cddbb1da583f236cefa255c165402dfd24196c495bed7d3f354b69,a479b8b8d637a9f6732452795d29eebb3db9c992f406468fcb45715bdac54841,5cb208e1505d5680f668d98311e05f70eebdf3c309368f45c412b431fa32bcc1,65528,3,0,0,0,0,0,2,0,0,0,0,0,0,0,3
306,14-9-18_16PCC_32,14-9-18_16PCC,2018-09-14,16PCC,32,patches/S2_14-9-18_16PCC/S2_14-9-18_16PCC_32.tif,patches/S2_14-9-18_16PCC/S2_14-9-18_16PCC_32_cl.tif,patches/S2_14-9-18_16PCC/S2_14-9-18_16PCC_32_conf.tif,test,-88.14670404304384,15.826508163710297,EPSG:32616,10.0,10.0,11,float32,,"(1.0, 1.0, 1.0, 1.0, 1.0, 1.0, 1.0, 1.0, 1.0, 1.0, 1.0)","(0.0, 0.0, 0.0, 0.0, 0.0, 0.0, 0.0, 0.0, 0.0, 0.0, 0.0)",375920.0,1748800.0,378480.0,1751360.0,65536,5,65536,5,0,0,0,0,0,0,f5394df7f55ed229be24050f3cacb99ebb53d3d558967b41bea68857780528b9,5a4e0537552ab5208688c7c183ccd993dc85566fb48367dec3532ee85dff0ade,1806842a5db6b6657caee7ebd775b4142a3b818bcdcc24fe4635c55b09fdbef6,65531,3,0,0,0,0,0,1,0,0,0,0,0,0,0,1
307,14-9-18_16PCC_33,14-9-18_16PCC,2018-09-14,16PCC,33,patches/S2_14-9-18_16PCC/S2_14-9-18_16PCC_33.tif,patches/S2_14-9-18_16PCC/S2_14-9-18_16PCC_33_cl.tif,patches/S2_14-9-18_16PCC/S2_14-9-18_16PCC_33_conf.tif,test,-88.12370166198083,15.988607427108366,EPSG:32616,10.0,10.0,11,float32,,"(1.0, 1.0, 1.0, 1.0, 1.0, 1.0, 1.0, 1.0, 1.0, 1.0, 1.0)","(0.0, 0.0, 0.0, 0.0, 0.0, 0.0, 0.0, 0.0, 0.0, 0.0, 0.0)",378480.0,1766720.0,381040.0,1769280.0,65536,37,65536,37,0,0,0,0,0,0,33e95d09f9f0a861057e3f2c334e1416d3a3224ac4147cec7132d27729ab34c1,27abb280cd19786c5fd591ed54313dc45ffedb7682266da4593c88b8e0737411,54708973ce2aca72adce7424232c5299ffb08f0ddac49450febd76eaf56b06dd,65499,0,0,0,0,0,0,37,0,0,0,0,0,0,0,0
308,14-9-18_16PCC_34,14-9-18_16PCC,2018-09-14,16PCC,34,patches/S2_14-9-18_16PCC/S2_14-9-18_16PCC_34.tif,patches/S2_14-9-18_16PCC/S2_14-9-18_16PCC_34_cl.tif,patches/S2_14-9-18_16PCC/S2_14-9-18_16PCC_34_conf.tif,test,-88.12254705160991,15.78035435048168,EPSG:32616,10.0,10.0,11,float32,,"(1.0, 1.0, 1.0, 1.0, 1.0, 1.0, 1.0, 1.0, 1.0, 1.0, 1.0)","(0.0, 0.0, 0.0, 0.0, 0.0, 0.0, 0.0, 0.0, 0.0, 0.0, 0.0)",378480.0,1743680.0,381040.0,1746240.0,65536,1722,65536,1722,0,0,0,0,0,0,cff0b344a67539fea8bc349e1af02734441693186a8b4ebaa29bafe167f80110,8174228e02e42dd5b96f6d05ea823b711723e259f62639d178aeb594cee38d5c,2462f81103f41070ea617f60defa1cd866a3a6077dcf85ec1523e645a22f7742,63814,0,0,0,0,0,1722,0,0,0,0,0,0,0,0,0
309,14-9-18_16PCC_35,14-9-18_16PCC,2018-09-14,16PCC,35,patches/S2_14-9-18_16PCC/S2_14-9-18_16PCC_35.tif,patches/S2_14-9-18_16PCC/S2_14-9-18_16PCC_35_cl.tif,patches/S2_14-9-18_16PCC/S2_14-9-18_16PCC_35_conf.tif,test,-88.12216598112873,15.710935753337653,EPSG:32616,10.0,10.0,11,float32,,"(1.0, 1.0, 1.0, 1.0, 1.0, 1.0, 1.0, 1.0, 1.0, 1.0, 1.0)","(0.0, 0.0, 0.0, 0.0, 0.0, 0.0, 0.0, 0.0, 0.0, 0.0, 0.0)",378480.0,1736000.0,381040.0,1738560.0,65536,483,65536,483,0,0,0,0,0,0,1e981e197e9919a98ce48e66dc26ef16d03fd8620f304626c65c2240c582d870,d4c861c07eea023b68b337a1210c563e4880586d42f0fb3aaac80bb017e7d336,68e71e632aded546f3bf563869f3f847f1ff3c5c360e56cc047f0571efbf4eab,65053,0,0,0,0,0,380,0,0,0,0,0,0,103,0,0
310,14-9-18_16PCC_36,14-9-18_16PCC,2018-09-14,16PCC,36,patches/S2_14-9-18_16PCC/S2_14-9-18_16PCC_36.tif,patches/S2_14-9-18_16PCC/S2_14-9-18_16PCC_36_cl.tif,patches/S2_14-9-18_16PCC/S2_14-9-18_16PCC_36_conf.tif,test,-88.09978042142443,15.988731113332996,EPSG:32616,10.0,10.0,11,float32,,"(1.0, 1.0, 1.0, 1.0, 1.0, 1.0, 1.0, 1.0, 1.0, 1.0, 1.0)","(0.0, 0.0, 0.0, 0.0, 0.0, 0.0, 0.0, 0.0, 0.0, 0.0, 0.0)",381040.0,1766720.0,383600.0,1769280.0,65536,905,65536,905,0,0,0,0,0,0,6d0a1a2555432937f04bb46925d5e46df327d30b184af28f8baf38ebd8009047,6cc167837f54697a206950a30bcf87d9bb495acf5d0e8048e4a7971af17f60e2,65db0081a33654c331ad5e2280ca0b79db8ca5beac8ea8878c73567db57fe158,64631,0,0,0,0,0,0,905,0,0,0,0,0,0,0,0
311,14-9-18_16PCC_37,14-9-18_16PCC,2018-09-14,16PCC,37,patches/S2_14-9-18_16PCC/S2_14-9-18_16PCC_37.tif,patches/S2_14-9-18_16PCC/S2_14-9-18_16PCC_37_cl.tif,patches/S2_14-9-18_16PCC/S2_14-9-18_16PCC_37_conf.tif,test,-87.98085097370188,16.128149162792532,EPSG:32616,10.0,10.0,11,float32,,"(1.0, 1.0, 1.0, 1.0, 1.0, 1.0, 1.0, 1.0, 1.0, 1.0, 1.0)","(0.0, 0.0, 0.0, 0.0, 0.0, 0.0, 0.0, 0.0, 0.0, 0.0, 0.0)",393840.0,1782080.0,396400.0,1784640.0,65536,4237,65536,4237,0,0,0,0,0,0,77b56a6b5b833ee8ec4dc3722559d5b6945e56c67bd8f37324cbf568bfce9ecb,c58cb2ed9850d5da07e015462d43a357bb222ef0336717a660faf22368b7500e,7789167ae921159176acb586e68a993daebc29545df0a323e4e5db99f0d5f2ae,61299,0,0,0,0,0,4237,0,0,0,0,0,0,0,0,0
312,14-9-18_16PCC_38,14-9-18_16PCC,2018-09-14,16PCC,38,patches/S2_14-9-18_16PCC/S2_14-9-18_16PCC_38.tif,patches/S2_14-9-18_16PCC/S2_14-9-18_16PCC_38_cl.tif,patches/S2_14-9-18_16PCC/S2_14-9-18_16PCC_38_conf.tif,test,-87.97949807667116,15.850468299911968,EPSG:32616,10.0,10.0,11,float32,,"(1.0, 1.0, 1.0, 1.0, 1.0, 1.0, 1.0, 1.0, 1.0, 1.0, 1.0)","(0.0, 0.0, 0.0, 0.0, 0.0, 0.0, 0.0, 0.0, 0.0, 0.0, 0.0)",393840.0,1751360.0,396400.0,1753920.0,65536,47,65536,47,0,0,0,0,0,0,90229acd36823fe234653961057601122331fe2afcf31f5696cb1608136096de,c8ce51c46e17e8cb8f1592d086f91c87f4d655421ca23a1771434684abb4f0d4,3bbe21b8b0b8d5281da609cf6890912598775645c0722b97ca2f5b6af2991d6e,65489,0,0,0,0,43,0,4,0,0,0,0,0,0,0,0
313,14-9-18_16PCC_39,14-9-18_16PCC,2018-09-14,16PCC,39,patches/S2_14-9-18_16PCC/S2_14-9-18_16PCC_39.tif,patches/S2_14-9-18_16PCC/S2_14-9-18_16PCC_39_cl.tif,patches/S2_14-9-18_16PCC/S2_14-9-18_16PCC_39_conf.tif,test,-87.97938653517954,15.827327900750879,EPSG:32616,10.0,10.0,11,float32,,"(1.0, 1.0, 1.0, 1.0, 1.0, 1.0, 1.0, 1.0, 1.0, 1.0, 1.0)","(0.0, 0.0, 0.0, 0.0, 0.0, 0.0, 0.0, 0.0, 0.0, 0.0, 0.0)",393840.0,1748800.0,396400.0,1751360.0,65536,569,65536,569,0,0,0,0,0,0,7cac616503aee64ea5697e06033b810b5073a2bc23e8018d7397ddf990e9e83b,1b2c8a48674538d35989929573c18e69019208b221581a62f4c210c6c89b0ab6,9bf85ac1d6d05abbe24411aea5368489f179e00c5dc18cf9759a1ef164b8f773,64967,0,0,0,0,165,0,404,0,0,0,0,0,0,0,0
314,14-9-18_16PCC_4,14-9-18_16PCC,2018-09-14,16PCC,4,patches/S2_14-9-18_16PCC/S2_14-9-18_16PCC_4.tif,patches/S2_14-9-18_16PCC/S2_14-9-18_16PCC_4_cl.tif,patches/S2_14-9-18_16PCC/S2_14-9-18_16PCC_4_conf.tif,test,-88.31506357990337,15.987522185304824,EPSG:32616,10.0,10.0,11,float32,,"(1.0, 1.0, 1.0, 1.0, 1.0, 1.0, 1.0, 1.0, 1.0, 1.0, 1.0)","(0.0, 0.0, 0.0, 0.0, 0.0, 0.0, 0.0, 0.0, 0.0, 0.0, 0.0)",358000.0,1766720.0,360560.0,1769280.0,65536,4,65536,4,0,0,0,0,0,0,10a55d22c9d0a0cc20e43eba79b144c460704c440faffaf0185c56f281745a4a,f55195af2ba6e2a99a024a5d8c6b8e7435f4250592ef8a35ee52cfe00f0a5097,6fcf2b2036fabf5966d8c4767a9c017ec5f2d3fc556a4f7862fa7f36e3443aef,65532,0,0,4,0,0,0,0,0,0,0,0,0,0,0,0
315,14-9-18_16PCC_40,14-9-18_16PCC,2018-09-14,16PCC,40,patches/S2_14-9-18_16PCC/S2_14-9-18_16PCC_40.tif,patches/S2_14-9-18_16PCC/S2_14-9-18_16PCC_40_cl.tif,patches/S2_14-9-18_16PCC/S2_14-9-18_16PCC_40_conf.tif,test,-87.95691197189419,16.1282578712867,EPSG:32616,10.0,10.0,11,float32,,"(1.0, 1.0, 1.0, 1.0, 1.0, 1.0, 1.0, 1.0, 1.0, 1.0, 1.0)","(0.0, 0.0, 0.0, 0.0, 0.0, 0.0, 0.0, 0.0, 0.0, 0.0, 0.0)",396400.0,1782080.0,398960.0,1784640.0,65536,530,65536,530,0,0,0,0,0,0,47cd782a8d5594f5a92a06f6bd2ff896d50cc7d257408efafcad3f7e46c227f2,751e328d8dafaf3a9142872efed779bf1b876b306b4b1e24e6bea26eeb3e61d3,5a4a1f2f3454ca2e2c4c426c8285ec34398cea405fa04a61716e4e903a3df492,65006,0,0,0,0,0,530,0,0,0,0,0,0,0,0,0
316,14-9-18_16PCC_41,14-9-18_16PCC,2018-09-14,16PCC,41,patches/S2_14-9-18_16PCC/S2_14-9-18_16PCC_41.tif,patches/S2_14-9-18_16PCC/S2_14-9-18_16PCC_41_cl.tif,patches/S2_14-9-18_16PCC/S2_14-9-18_16PCC_41_conf.tif,test,-87.95548326155598,15.827434477604626,EPSG:32616,10.0,10.0,11,float32,,"(1.0, 1.0, 1.0, 1.0, 1.0, 1.0, 1.0, 1.0, 1.0, 1.0, 1.0)","(0.0, 0.0, 0.0, 0.0, 0.0, 0.0, 0.0, 0.0, 0.0, 0.0, 0.0)",396400.0,1748800.0,398960.0,1751360.0,65536,104,65536,104,0,0,0,0,0,0,2a4a5ee944e4b76f91e8f5ca90de4ba39dd7ecf583ec13132363363ebf405ed4,344e149ec8115e12aca97a212a5608e56292ccb3e63526da15ce4f68609e55cc,57a1bee451a4291e48e26bb66998f96a6e2c46c2c8ce1ceca8d3b85aca18e4c2,65432,0,0,0,0,53,0,51,0,0,0,0,0,0,0,0
317,14-9-18_16PCC_42,14-9-18_16PCC,2018-09-14,16PCC,42,patches/S2_14-9-18_16PCC/S2_14-9-18_16PCC_42.tif,patches/S2_14-9-18_16PCC/S2_14-9-18_16PCC_42_cl.tif,patches/S2_14-9-18_16PCC/S2_14-9-18_16PCC_42_conf.tif,test,-87.88458228682299,16.012865250036775,EPSG:32616,10.0,10.0,11,float32,,"(1.0, 1.0, 1.0, 1.0, 1.0, 1.0, 1.0, 1.0, 1.0, 1.0, 1.0)","(0.0, 0.0, 0.0, 0.0, 0.0, 0.0, 0.0, 0.0, 0.0, 0.0, 0.0)",404080.0,1769280.0,406640.0,1771840.0,65536,559,65536,559,0,0,0,0,0,0,c3e11183348d981f79fc865b8c55cc9b0fa5dd6d4e5e04500b7167880151a5f6,309a78b0ffc9727c4b4b26903767c7e8edebff2283fe02ad0e5e64483134749c,c0708914ea5caa891ad26ce0585cdcc2b823a5578b92f10cde5f77835819803c,64977,0,0,0,0,41,0,13,0,0,0,0,0,0,505,0
318,14-9-18_16PCC_43,14-9-18_16PCC,2018-09-14,16PCC,43,patches/S2_14-9-18_16PCC/S2_14-9-18_16PCC_43.tif,patches/S2_14-9-18_16PCC/S2_14-9-18_16PCC_43_cl.tif,patches/S2_14-9-18_16PCC/S2_14-9-18_16PCC_43_conf.tif,test,-87.86075565279161,16.036103254514884,EPSG:32616,10.0,10.0,11,float32,,"(1.0, 1.0, 1.0, 1.0, 1.0, 1.0, 1.0, 1.0, 1.0, 1.0, 1.0)","(0.0, 0.0, 0.0, 0.0, 0.0, 0.0, 0.0, 0.0, 0.0, 0.0, 0.0)",406640.0,1771840.0,409200.0,1774400.0,65536,5,65536,5,0,0,0,0,0,0,260669e1fbb9ff8033ef0730cf38024eedcb1bae6bad2b325792921a1584a7e3,937ba7b0f7f291db3c9ab64c7af029b5f31818931a55f1b4f3676928b677ebac,6148548dbca50158d9f175b57d76198933e6ae6861e66c5ba6c18b5f765e67f6,65531,0,5,0,0,0,0,0,0,0,0,0,0,0,0,0
319,14-9-18_16PCC_5,14-9-18_16PCC,2018-09-14,16PCC,5,patches/S2_14-9-18_16PCC/S2_14-9-18_16PCC_5.tif,patches/S2_14-9-18_16PCC/S2_14-9-18_16PCC_5_cl.tif,patches/S2_14-9-18_16PCC/S2_14-9-18_16PCC_5_conf.tif,test,-88.31491246679893,15.964384808514941,EPSG:32616,10.0,10.0,11,float32,,"(1.0, 1.0, 1.0, 1.0, 1.0, 1.0, 1.0, 1.0, 1.0, 1.0, 1.0)","(0.0, 0.0, 0.0, 0.0, 0.0, 0.0, 0.0, 0.0, 0.0, 0.0, 0.0)",358000.0,1764160.0,360560.0,1766720.0,65536,2,65536,2,0,0,0,0,0,0,152984948192832d917a02b352bdf666cbd6712b5e024633a87c7f6086b8fc18,75d9a900bf33a5a0a91b3f0ddfecc8d28b8db22e11f273febbc6e00c03671878,522526972cf339e945665e8069c68411672e948ac710d420099a253349a6db2f,65534,0,0,0,0,0,2,0,0,0,0,0,0,0,0,0
320,14-9-18_16PCC_6,14-9-18_16PCC,2018-09-14,16PCC,6,patches/S2_14-9-18_16PCC/S2_14-9-18_16PCC_6.tif,patches/S2_14-9-18_16PCC/S2_14-9-18_16PCC_6_cl.tif,patches/S2_14-9-18_16PCC/S2_14-9-18_16PCC_6_conf.tif,test,-88.31476160150216,15.941247380689001,EPSG:32616,10.0,10.0,11,float32,,"(1.0, 1.0, 1.0, 1.0, 1.0, 1.0, 1.0, 1.0, 1.0, 1.0, 1.0)","(0.0, 0.0, 0.0, 0.0, 0.0, 0.0, 0.0, 0.0, 0.0, 0.0, 0.0)",358000.0,1761600.0,360560.0,1764160.0,65536,168,65536,168,0,0,0,0,0,0,0e70a03e5b859f5ecb7f1db414730576f0cde06034dce911c1e43b4260422295,887ffbac3e10110ea99a1725f30681e9111052fb6f4d26845c0e3cedce5f92bd,f839b94380eb592f58f3766c72eb882f38f00ed10dfef5aea1eba025e806386d,65368,0,0,0,0,0,168,0,0,0,0,0,0,0,0,0
321,14-9-18_16PCC_7,14-9-18_16PCC,2018-09-14,16PCC,7,patches/S2_14-9-18_16PCC/S2_14-9-18_16PCC_7.tif,patches/S2_14-9-18_16PCC/S2_14-9-18_16PCC_7_cl.tif,patches/S2_14-9-18_16PCC/S2_14-9-18_16PCC_7_conf.tif,test,-88.29188964689637,16.103354368767057,EPSG:32616,10.0,10.0,11,float32,,"(1.0, 1.0, 1.0, 1.0, 1.0, 1.0, 1.0, 1.0, 1.0, 1.0, 1.0)","(0.0, 0.0, 0.0, 0.0, 0.0, 0.0, 0.0, 0.0, 0.0, 0.0, 0.0)",360560.0,1779520.0,363120.0,1782080.0,65536,42,65536,42,0,0,0,0,0,0,6907a6accdfd232458bebed186c9a80de14b44b47c49b91d02dcc339ffcfc5ed,37db502e388c6eb5884019d5e857686c132d603a39d275b42842e5f3ad6db9cf,7a09327cb0f7a5d3dc9b3a4ffae4fa39ba48409b59c389884e6b9969744cc773,65494,0,0,0,0,0,0,42,0,0,0,0,0,0,0,0
322,14-9-18_16PCC_8,14-9-18_16PCC,2018-09-14,16PCC,8,patches/S2_14-9-18_16PCC/S2_14-9-18_16PCC_8.tif,patches/S2_14-9-18_16PCC/S2_14-9-18_16PCC_8_cl.tif,patches/S2_14-9-18_16PCC/S2_14-9-18_16PCC_8_conf.tif,test,-88.29084767110973,15.941391902822028,EPSG:32616,10.0,10.0,11,float32,,"(1.0, 1.0, 1.0, 1.0, 1.0, 1.0, 1.0, 1.0, 1.0, 1.0, 1.0)","(0.0, 0.0, 0.0, 0.0, 0.0, 0.0, 0.0, 0.0, 0.0, 0.0, 0.0)",360560.0,1761600.0,363120.0,1764160.0,65536,98,65536,98,0,0,0,0,0,0,63701525919f8eba9b2fa140a7185627e15d9c8d9e30b293a991600d57a48a49,f4b60c3cd13335db9170b60a29faf7c321739db88efed942651cb5c716eefa45,916b975639c07d1b50601d80917b350579c1702bc48b6076c5aaa25cd6cf4187,65438,0,74,21,0,0,0,0,0,0,0,0,0,0,0,3
323,14-9-18_16PCC_9,14-9-18_16PCC,2018-09-14,16PCC,9,patches/S2_14-9-18_16PCC/S2_14-9-18_16PCC_9.tif,patches/S2_14-9-18_16PCC/S2_14-9-18_16PCC_9_cl.tif,patches/S2_14-9-18_16PCC/S2_14-9-18_16PCC_9_conf.tif,test,-88.28981761084677,15.779426941768563,EPSG:32616,10.0,10.0,11,float32,,"(1.0, 1.0, 1.0, 1.0, 1.0, 1.0, 1.0, 1.0, 1.0, 1.0, 1.0)","(0.0, 0.0, 0.0, 0.0, 0.0, 0.0, 0.0, 0.0, 0.0, 0.0, 0.0)",360560.0,1743680.0,363120.0,1746240.0,65536,17216,65536,17216,0,0,0,0,0,0,49ebe45b7f62d214482e80cbd8c19e9b107978c6981d25126f2421303c57e1a0,d6314b49bb143e1fb4c7dfa0a7c2b8bec33c0ba3dea9a7a8859039560739620e,e5ec89811cf511ef734c7b26ea06ff4a0d3b3df9c5ee52cdc251daeb5f51fa41,48320,0,0,0,0,0,0,0,17216,0,0,0,0,0,0,0
324,15-10-20_18QYF_0,15-10-20_18QYF,2020-10-15,18QYF,0,patches/S2_15-10-20_18QYF/S2_15-10-20_18QYF_0.tif,patches/S2_15-10-20_18QYF/S2_15-10-20_18QYF_0_cl.tif,patches/S2_15-10-20_18QYF/S2_15-10-20_18QYF_0_conf.tif,train,-72.53070348015524,18.73907258764708,EPSG:32618,10.0,10.0,11,float32,,"(1.0, 1.0, 1.0, 1.0, 1.0, 1.0, 1.0, 1.0, 1.0, 1.0, 1.0)","(0.0, 0.0, 0.0, 0.0, 0.0, 0.0, 0.0, 0.0, 0.0, 0.0, 0.0)",759080.0,2072480.0,761640.0,2075040.0,65536,32,65536,32,0,0,0,0,0,0,3a1edba9a44a5078950f3fa49f81ca5fa609d2e4ecebc6f2d4fbbeb8a6b94019,365fe2c5fd9a4c3a97cbd6942a74bc931259555bb4f8d6f945b81e20c3a0eabd,ebb73c386a1d44ac98cda67896784a484ad5fab5f2f02a92e54b15a0f9f88046,65504,0,0,0,31,0,0,0,0,0,0,0,0,0,0,1
325,15-10-20_18QYF_1,15-10-20_18QYF,2020-10-15,18QYF,1,patches/S2_15-10-20_18QYF/S2_15-10-20_18QYF_1.tif,patches/S2_15-10-20_18QYF/S2_15-10-20_18QYF_1_cl.tif,patches/S2_15-10-20_18QYF/S2_15-10-20_18QYF_1_conf.tif,train,-72.5313747776337,18.692841415091426,EPSG:32618,10.0,10.0,11,float32,,"(1.0, 1.0, 1.0, 1.0, 1.0, 1.0, 1.0, 1.0, 1.0, 1.0, 1.0)","(0.0, 0.0, 0.0, 0.0, 0.0, 0.0, 0.0, 0.0, 0.0, 0.0, 0.0)",759080.0,2067360.0,761640.0,2069920.0,65536,32,65536,32,0,0,0,0,0,0,db9e66b53988f1ce5579b7eaf96ff7bb2cd494809a3b32ac502b954b66f5c155,bfd8411fa059e0283f1c61edd0cbc232d348f75880577914538f623203fa0725,615534c595693aebd0eb043568728dedad4e0f92bc696c2d37b9d9f3d56a9b9a,65504,2,0,0,29,0,0,1,0,0,0,0,0,0,0,0
326,15-10-20_18QYF_10,15-10-20_18QYF,2020-10-15,18QYF,10,patches/S2_15-10-20_18QYF/S2_15-10-20_18QYF_10.tif,patches/S2_15-10-20_18QYF/S2_15-10-20_18QYF_10_cl.tif,patches/S2_15-10-20_18QYF/S2_15-10-20_18QYF_10_conf.tif,train,-72.31741192533521,18.15549102760402,EPSG:32618,10.0,10.0,11,float32,,"(1.0, 1.0, 1.0, 1.0, 1.0, 1.0, 1.0, 1.0, 1.0, 1.0, 1.0)","(0.0, 0.0, 0.0, 0.0, 0.0, 0.0, 0.0, 0.0, 0.0, 0.0, 0.0)",782540.0,2008180.0,785100.0,2010740.0,65536,69,65536,69,0,0,0,4,0,0,833c28c118e3078f0e734c2a0e4c6dbd7f8e8408541b089d8853dff333f1e61c,37a33afe3f01e54256e0b9819c42aaebd8cc1cea3ad79a41baa384ded9a5382c,182d5ff20e831334122ae58bed8cdde348302f5d911352adf3625bf3ddce4744,65467,0,4,53,0,0,0,12,0,0,0,0,0,0,0,0
327,15-10-20_18QYF_2,15-10-20_18QYF,2020-10-15,18QYF,2,patches/S2_15-10-20_18QYF/S2_15-10-20_18QYF_2.tif,patches/S2_15-10-20_18QYF/S2_15-10-20_18QYF_2_cl.tif,patches/S2_15-10-20_18QYF/S2_15-10-20_18QYF_2_conf.tif,train,-72.50711881313327,18.69252045121262,EPSG:32618,10.0,10.0,11,float32,,"(1.0, 1.0, 1.0, 1.0, 1.0, 1.0, 1.0, 1.0, 1.0, 1.0, 1.0)","(0.0, 0.0, 0.0, 0.0, 0.0, 0.0, 0.0, 0.0, 0.0, 0.0, 0.0)",761640.0,2067360.0,764200.0,2069920.0,65536,21,65536,21,0,0,0,0,0,0,bc23095485d6c6affe925637563c90ad8c40f05aedcd3167a4dd95c958d140e7,acd2d149a2bd3b66caf8e38371ef7f6d67383c8906e1def38e25575eb15d96ab,b5c50f5251d2eca27adc1d97e3444a7bf912c3afb0071f9157e13d0b705fbafa,65515,1,0,0,19,0,0,1,0,0,0,0,0,0,0,0
328,15-10-20_18QYF_3,15-10-20_18QYF,2020-10-15,18QYF,3,patches/S2_15-10-20_18QYF/S2_15-10-20_18QYF_3.tif,patches/S2_15-10-20_18QYF/S2_15-10-20_18QYF_3_cl.tif,patches/S2_15-10-20_18QYF/S2_15-10-20_18QYF_3_conf.tif,train,-72.4828633440347,18.692196356428358,EPSG:32618,10.0,10.0,11,float32,,"(1.0, 1.0, 1.0, 1.0, 1.0, 1.0, 1.0, 1.0, 1.0, 1.0, 1.0)","(0.0, 0.0, 0.0, 0.0, 0.0, 0.0, 0.0, 0.0, 0.0, 0.0, 0.0)",764200.0,2067360.0,766760.0,2069920.0,65536,89,65536,89,0,0,0,0,0,0,91648044d6c35aa545b23bbd06648378cc47a6e811e14a964ff4ffabae24bf52,7968b7ebd071a5f701ed3d08729d0543051f43b72918f94f995ab1da3ef2dab7,d78b026ebd6f6f8067223a503136a516f5e4391bfde93f4257dd2a0914e89e69,65447,0,0,0,0,73,0,16,0,0,0,0,0,0,0,0
329,15-10-20_18QYF_4,15-10-20_18QYF,2020-10-15,18QYF,4,patches/S2_15-10-20_18QYF/S2_15-10-20_18QYF_4.tif,patches/S2_15-10-20_18QYF/S2_15-10-20_18QYF_4_cl.tif,patches/S2_15-10-20_18QYF/S2_15-10-20_18QYF_4_conf.tif,train,-72.45964113899772,18.622525767276375,EPSG:32618,10.0,10.0,11,float32,,"(1.0, 1.0, 1.0, 1.0, 1.0, 1.0, 1.0, 1.0, 1.0, 1.0, 1.0)","(0.0, 0.0, 0.0, 0.0, 0.0, 0.0, 0.0, 0.0, 0.0, 0.0, 0.0)",766760.0,2059680.0,769320.0,2062240.0,65536,11,65536,11,0,0,0,0,0,0,c94c9fab3c8db11a5918052b7f75206e2b2bec1a48adac386c0870cc6a96ac0d,f0a6df42b175cf8347c14d5b9469b3b4d7a24f42986c480e3e1b7157d579b7fc,d16f2f801884481805496bf4d19133a6c5d8fc38a47efd70a15c9c1bc417a7ac,65525,0,0,0,11,0,0,0,0,0,0,0,0,0,0,0
330,15-10-20_18QYF_5,15-10-20_18QYF,2020-10-15,18QYF,5,patches/S2_15-10-20_18QYF/S2_15-10-20_18QYF_5.tif,patches/S2_15-10-20_18QYF/S2_15-10-20_18QYF_5_cl.tif,patches/S2_15-10-20_18QYF/S2_15-10-20_18QYF_5_conf.tif,train,-72.41045127917313,18.66809177768444,EPSG:32618,10.0,10.0,11,float32,,"(1.0, 1.0, 1.0, 1.0, 1.0, 1.0, 1.0, 1.0, 1.0, 1.0, 1.0)","(0.0, 0.0, 0.0, 0.0, 0.0, 0.0, 0.0, 0.0, 0.0, 0.0, 0.0)",771880.0,2064800.0,774440.0,2067360.0,65536,13,65536,13,0,0,0,0,0,0,0a18cf4331340bba12ff060ce2ad989ed83abda70a4bbdbc94e89e1b5a3ae7f1,b4e5f8965c54b12883cefbefd8b2c82287ec7ec98f2df21d434f1f406218ab3f,1953b46a9292d59960decf696be0f41d5f9c2981c6448a9e41d89f3a07989d7e,65523,8,0,0,0,0,0,4,0,0,0,0,0,0,0,1
331,15-10-20_18QYF_6,15-10-20_18QYF,2020-10-15,18QYF,6,patches/S2_15-10-20_18QYF/S2_15-10-20_18QYF_6.tif,patches/S2_15-10-20_18QYF/S2_15-10-20_18QYF_6_cl.tif,patches/S2_15-10-20_18QYF/S2_15-10-20_18QYF_6_conf.tif,train,-72.41080208685989,18.644978202734553,EPSG:32618,10.0,10.0,11,float32,,"(1.0, 1.0, 1.0, 1.0, 1.0, 1.0, 1.0, 1.0, 1.0, 1.0, 1.0)","(0.0, 0.0, 0.0, 0.0, 0.0, 0.0, 0.0, 0.0, 0.0, 0.0, 0.0)",771880.0,2062240.0,774440.0,2064800.0,65536,5,65536,5,0,0,0,0,0,0,579d5e2fac3d993010d5c67bbf5958e39d61f9cfae6dc2ba814b20c019a9806b,8ef9a0efe0cc602ac13657692d092e394c0852d7dfce6a1dd63d170a61333a3d,34f08ee552fd6d0b75eee6f9de293d07a4dc4ecc320e14d7d4389fe8cbe50b0d,65531,4,0,0,0,0,0,1,0,0,0,0,0,0,0,0
332,15-10-20_18QYF_7,15-10-20_18QYF,2020-10-15,18QYF,7,patches/S2_15-10-20_18QYF/S2_15-10-20_18QYF_7.tif,patches/S2_15-10-20_18QYF/S2_15-10-20_18QYF_7_cl.tif,patches/S2_15-10-20_18QYF/S2_15-10-20_18QYF_7_conf.tif,train,-72.41115238057256,18.621864564660513,EPSG:32618,10.0,10.0,11,float32,,"(1.0, 1.0, 1.0, 1.0, 1.0, 1.0, 1.0, 1.0, 1.0, 1.0, 1.0)","(0.0, 0.0, 0.0, 0.0, 0.0, 0.0, 0.0, 0.0, 0.0, 0.0, 0.0)",771880.0,2059680.0,774440.0,2062240.0,65536,1,65536,1,0,0,0,0,0,0,7c80aba1c35ba50143eee01afcf5af0e680aa3f01ce1a5cb66b7c1118006d7fa,f91f71bbd7f80560a9710f12ce324c1915be45fe211959593ce60b843f831b72,6f1c52db4d642d0baff08b47cbcea079238f556883d57f63c8e774a314bedf24,65535,0,0,0,0,0,0,1,0,0,0,0,0,0,0,0
333,15-10-20_18QYF_8,15-10-20_18QYF,2020-10-15,18QYF,8,patches/S2_15-10-20_18QYF/S2_15-10-20_18QYF_8.tif,patches/S2_15-10-20_18QYF/S2_15-10-20_18QYF_8_cl.tif,patches/S2_15-10-20_18QYF/S2_15-10-20_18QYF_8_conf.tif,train,-72.38620112062668,18.667755608250875,EPSG:32618,10.0,10.0,11,float32,,"(1.0, 1.0, 1.0, 1.0, 1.0, 1.0, 1.0, 1.0, 1.0, 1.0, 1.0)","(0.0, 0.0, 0.0, 0.0, 0.0, 0.0, 0.0, 0.0, 0.0, 0.0, 0.0)",774440.0,2064800.0,777000.0,2067360.0,65536,100,65536,100,0,0,0,0,0,0,90b3962427b52623cced0891984b66a8d07eab2dc8deef5c5102d7712f1bec9c,04e827b4b40bd51580c58f4610283be8f5f8ce6445034ed31b5192c1003022b1,40221d480816cbfb7ab72e1931b6ac9353546cf9ae7ed46824dccbd3939250ec,65436,14,0,0,0,68,0,18,0,0,0,0,0,0,0,0
334,15-10-20_18QYF_9,15-10-20_18QYF,2020-10-15,18QYF,9,patches/S2_15-10-20_18QYF/S2_15-10-20_18QYF_9.tif,patches/S2_15-10-20_18QYF/S2_15-10-20_18QYF_9_cl.tif,patches/S2_15-10-20_18QYF/S2_15-10-20_18QYF_9_conf.tif,train,-72.38655520442036,18.644642479346306,EPSG:32618,10.0,10.0,11,float32,,"(1.0, 1.0, 1.0, 1.0, 1.0, 1.0, 1.0, 1.0, 1.0, 1.0, 1.0)","(0.0, 0.0, 0.0, 0.0, 0.0, 0.0, 0.0, 0.0, 0.0, 0.0, 0.0)",774440.0,2062240.0,777000.0,2064800.0,65536,7,65536,7,0,0,0,0,0,0,f8ab4473894f93f615bbcaab4ed5aa79cbd33e66a589b47bb5a48662460c3716,48ad7f21c360dc72aa83ded703dccd5240d21c46ec9ab20e94490f2f522cd931,7b5d8beabe044a7f45554abcd4d3a12c9f284a3d341582ea18ce97a4d97d5240,65529,6,0,0,0,0,0,1,0,0,0,0,0,0,0,0
335,15-11-20_16PCC_0,15-11-20_16PCC,2020-11-15,16PCC,0,patches/S2_15-11-20_16PCC/S2_15-11-20_16PCC_0.tif,patches/S2_15-11-20_16PCC/S2_15-11-20_16PCC_0_cl.tif,patches/S2_15-11-20_16PCC/S2_15-11-20_16PCC_0_conf.tif,test,-88.84372544468296,16.012374816364005,EPSG:32616,10.0,10.0,11,float32,,"(1.0, 1.0, 1.0, 1.0, 1.0, 1.0, 1.0, 1.0, 1.0, 1.0, 1.0)","(0.0, 0.0, 0.0, 0.0, 0.0, 0.0, 0.0, 0.0, 0.0, 0.0, 0.0)",301440.0,1769900.0,304000.0,1772460.0,65536,83,65536,83,0,0,0,0,0,0,2764f37019ef8b8369e7218a3fd8423cbd8adc060cca9b941f580a9348247c03,cd6f2009bc8e232995ce9f7d4da6cc2b77e6b2c89faa35d3136e0e35513bf863,250324bd1452dd2ebe2cc222b346cb18096d36c7df388ee0f40fcac9133bd870,65453,0,0,0,0,0,0,0,0,0,0,83,0,0,0,0
336,15-11-20_16PCC_1,15-11-20_16PCC,2020-11-15,16PCC,1,patches/S2_15-11-20_16PCC/S2_15-11-20_16PCC_1.tif,patches/S2_15-11-20_16PCC/S2_15-11-20_16PCC_1_cl.tif,patches/S2_15-11-20_16PCC/S2_15-11-20_16PCC_1_conf.tif,test,-88.84287876544697,15.919848883865471,EPSG:32616,10.0,10.0,11,float32,,"(1.0, 1.0, 1.0, 1.0, 1.0, 1.0, 1.0, 1.0, 1.0, 1.0, 1.0)","(0.0, 0.0, 0.0, 0.0, 0.0, 0.0, 0.0, 0.0, 0.0, 0.0, 0.0)",301440.0,1759660.0,304000.0,1762220.0,65536,3,65536,3,0,0,0,0,0,0,57ec83707f492acb94e9726978ef1cd6a8b1d2866211af37705155d4d1bce30f,fb8b18eef1e7dac61b43b64f96f6eb41e8afbd5f926348de50e9b592db6d43c4,6c76d49e0864dbd0487d196dcf484a156522d3eb319c4daaed72c737121cc82f,65533,2,0,0,0,0,0,1,0,0,0,0,0,0,0,0
337,15-11-20_16PCC_10,15-11-20_16PCC,2020-11-15,16PCC,10,patches/S2_15-11-20_16PCC/S2_15-11-20_16PCC_10.tif,patches/S2_15-11-20_16PCC/S2_15-11-20_16PCC_10_cl.tif,patches/S2_15-11-20_16PCC/S2_15-11-20_16PCC_10_conf.tif,test,-88.65219544797459,15.990799053073065,EPSG:32616,10.0,10.0,11,float32,,"(1.0, 1.0, 1.0, 1.0, 1.0, 1.0, 1.0, 1.0, 1.0, 1.0, 1.0)","(0.0, 0.0, 0.0, 0.0, 0.0, 0.0, 0.0, 0.0, 0.0, 0.0, 0.0)",321920.0,1767340.0,324480.0,1769900.0,65536,10,65536,10,0,0,0,0,0,0,f3cd83686c40dd10133285d5348dbb98854844ad1cb3fa3f33f46b4d8b08f0c4,600c8b64734d7aabf79135267f48d5cdb53644fb8a124c758cfbc735e66810c2,42f5a06c1b36e215de7c385025e144ea71191d6a3998b7ba79760e1f2ecd53c5,65526,0,0,0,0,0,0,10,0,0,0,0,0,0,0,0
338,15-11-20_16PCC_11,15-11-20_16PCC,2020-11-15,16PCC,11,patches/S2_15-11-20_16PCC/S2_15-11-20_16PCC_11.tif,patches/S2_15-11-20_16PCC/S2_15-11-20_16PCC_11_cl.tif,patches/S2_15-11-20_16PCC/S2_15-11-20_16PCC_11_conf.tif,test,-88.62771877780081,15.92157908788162,EPSG:32616,10.0,10.0,11,float32,,"(1.0, 1.0, 1.0, 1.0, 1.0, 1.0, 1.0, 1.0, 1.0, 1.0, 1.0)","(0.0, 0.0, 0.0, 0.0, 0.0, 0.0, 0.0, 0.0, 0.0, 0.0, 0.0)",324480.0,1759660.0,327040.0,1762220.0,65536,186,65536,186,0,0,0,0,0,0,46af072ff7a08c2ae84f41619e5982b072e7fe24a2d9c298942732a0f724a3f4,ed49c113ca5bb4f80f8c551ccff125ffe031566b848b29ca045be0898992709c,d88f2efe076f5937a20912d17dbcad85cc98fecb69d0f6026978cf1c49d5c8d7,65350,0,0,0,0,0,0,186,0,0,0,0,0,0,0,0
339,15-11-20_16PCC_12,15-11-20_16PCC,2020-11-15,16PCC,12,patches/S2_15-11-20_16PCC/S2_15-11-20_16PCC_12.tif,patches/S2_15-11-20_16PCC/S2_15-11-20_16PCC_12_cl.tif,patches/S2_15-11-20_16PCC/S2_15-11-20_16PCC_12_conf.tif,test,-88.62679074549706,15.805907288644983,EPSG:32616,10.0,10.0,11,float32,,"(1.0, 1.0, 1.0, 1.0, 1.0, 1.0, 1.0, 1.0, 1.0, 1.0, 1.0)","(0.0, 0.0, 0.0, 0.0, 0.0, 0.0, 0.0, 0.0, 0.0, 0.0, 0.0)",324480.0,1746860.0,327040.0,1749420.0,65536,50,65536,50,0,0,0,0,0,0,57297b907a998103480e0fc3da52d6daa177c51e78db3a494a22e9c1474e428e,752a9162abf1741241a5aef8f2c760a776ba4bf0c8134f6fa11b378a23936f21,c8bab8132208e2cf180a787883e18858946d39705a2d3a9c5afdf78452f0f741,65486,0,0,0,0,42,0,8,0,0,0,0,0,0,0,0
340,15-11-20_16PCC_13,15-11-20_16PCC,2020-11-15,16PCC,13,patches/S2_15-11-20_16PCC/S2_15-11-20_16PCC_13.tif,patches/S2_15-11-20_16PCC/S2_15-11-20_16PCC_13_cl.tif,patches/S2_15-11-20_16PCC/S2_15-11-20_16PCC_13_conf.tif,test,-88.60362703388563,15.898623573786683,EPSG:32616,10.0,10.0,11,float32,,"(1.0, 1.0, 1.0, 1.0, 1.0, 1.0, 1.0, 1.0, 1.0, 1.0, 1.0)","(0.0, 0.0, 0.0, 0.0, 0.0, 0.0, 0.0, 0.0, 0.0, 0.0, 0.0)",327040.0,1757100.0,329600.0,1759660.0,65536,63,65536,63,0,0,0,0,0,0,f3d5cf04aa0d75768a04e4593023832fde42e49bd9dabc1954a1e2825a76c532,5868c7423cf273cd671bae52e2e5e0b1a9eb7919a174e4ffe13fe2c0d032f697,61a46dd9d2ef960545191b87fa3ae06244f75788c278e6362cb1f71204aa17c8,65473,0,0,0,0,17,0,31,0,0,0,0,0,0,15,0
341,15-11-20_16PCC_14,15-11-20_16PCC,2020-11-15,16PCC,14,patches/S2_15-11-20_16PCC/S2_15-11-20_16PCC_14.tif,patches/S2_15-11-20_16PCC/S2_15-11-20_16PCC_14_cl.tif,patches/S2_15-11-20_16PCC/S2_15-11-20_16PCC_14_conf.tif,test,-88.60307838489834,15.829219674086003,EPSG:32616,10.0,10.0,11,float32,,"(1.0, 1.0, 1.0, 1.0, 1.0, 1.0, 1.0, 1.0, 1.0, 1.0, 1.0)","(0.0, 0.0, 0.0, 0.0, 0.0, 0.0, 0.0, 0.0, 0.0, 0.0, 0.0)",327040.0,1749420.0,329600.0,1751980.0,65536,51,65536,51,0,0,0,0,0,0,713ef716523e0c5e4ce4bc66311bcb86c56ffdbe8d3e072a55e79858f74168af,7b857a6efae8669698c92a191e1f7bbdb794427fb0a054d0479c7ea6486a06dd,31812c359080f169a806fe199b8cfbbc184d8620abd443850a568831ba47e061,65485,0,0,0,0,41,0,10,0,0,0,0,0,0,0,0
342,15-11-20_16PCC_15,15-11-20_16PCC,2020-11-15,16PCC,15,patches/S2_15-11-20_16PCC/S2_15-11-20_16PCC_15.tif,patches/S2_15-11-20_16PCC/S2_15-11-20_16PCC_15_cl.tif,patches/S2_15-11-20_16PCC/S2_15-11-20_16PCC_15_conf.tif,test,-88.60253244777634,15.759815312633194,EPSG:32616,10.0,10.0,11,float32,,"(1.0, 1.0, 1.0, 1.0, 1.0, 1.0, 1.0, 1.0, 1.0, 1.0, 1.0)","(0.0, 0.0, 0.0, 0.0, 0.0, 0.0, 0.0, 0.0, 0.0, 0.0, 0.0)",327040.0,1741740.0,329600.0,1744300.0,65536,65,65536,65,0,0,0,0,0,0,5f2419c76d85d4d204bbcdc0b727db980cd40418da3c05d59018e44f5c0e2e29,bc3fa5f6ec9eba68e5ac5e5f96934c8744215751161d430a79cc9eae4eac00ad,80ce611c395228df091d891b16a5c52bd57ecb911e60bacb39116da16e38fe58,65471,0,0,0,0,8,0,11,0,0,0,0,0,0,46,0
343,15-11-20_16PCC_16,15-11-20_16PCC,2020-11-15,16PCC,16,patches/S2_15-11-20_16PCC/S2_15-11-20_16PCC_16.tif,patches/S2_15-11-20_16PCC/S2_15-11-20_16PCC_16_cl.tif,patches/S2_15-11-20_16PCC/S2_15-11-20_16PCC_16_conf.tif,test,-88.58044600789054,15.991338563787043,EPSG:32616,10.0,10.0,11,float32,,"(1.0, 1.0, 1.0, 1.0, 1.0, 1.0, 1.0, 1.0, 1.0, 1.0, 1.0)","(0.0, 0.0, 0.0, 0.0, 0.0, 0.0, 0.0, 0.0, 0.0, 0.0, 0.0)",329600.0,1767340.0,332160.0,1769900.0,65536,7,65536,7,0,0,0,0,0,0,bd9aba8fb1f69161738250537ddb2dd5b496f8bb1e22ec8d438391700238a109,cf8f35983288699480a39437654e60e02d42d42761d5f0c0b79f7186b3d4d7f4,5e6359f7d23606ab4af25c9ab6e007f88be7b06463ef7aba81db2696a3dba95c,65529,1,0,0,0,0,0,6,0,0,0,0,0,0,0,0
344,15-11-20_16PCC_17,15-11-20_16PCC,2020-11-15,16PCC,17,patches/S2_15-11-20_16PCC/S2_15-11-20_16PCC_17.tif,patches/S2_15-11-20_16PCC/S2_15-11-20_16PCC_17_cl.tif,patches/S2_15-11-20_16PCC/S2_15-11-20_16PCC_17_conf.tif,test,-88.5802643611162,15.968203918820556,EPSG:32616,10.0,10.0,11,float32,,"(1.0, 1.0, 1.0, 1.0, 1.0, 1.0, 1.0, 1.0, 1.0, 1.0, 1.0)","(0.0, 0.0, 0.0, 0.0, 0.0, 0.0, 0.0, 0.0, 0.0, 0.0, 0.0)",329600.0,1764780.0,332160.0,1767340.0,65536,1,65536,1,0,0,0,0,0,0,ba6cf21ef8a6441a62e3ac8529c890c3b204f8c2b8941d4defc8ef1618764cb9,5ec2e856c16e479719d31f2fef6a11ab11f1f102ea6974c4ae642e622c8889c2,552aa1a25a215249ed52457bb4ba9813c9f27570202f7bc7e0dcd16d513c11b4,65535,1,0,0,0,0,0,0,0,0,0,0,0,0,0,0
345,15-11-20_16PCC_18,15-11-20_16PCC,2020-11-15,16PCC,18,patches/S2_15-11-20_16PCC/S2_15-11-20_16PCC_18.tif,patches/S2_15-11-20_16PCC/S2_15-11-20_16PCC_18_cl.tif,patches/S2_15-11-20_16PCC/S2_15-11-20_16PCC_18_conf.tif,test,-88.5797212068924,15.898799674270672,EPSG:32616,10.0,10.0,11,float32,,"(1.0, 1.0, 1.0, 1.0, 1.0, 1.0, 1.0, 1.0, 1.0, 1.0, 1.0)","(0.0, 0.0, 0.0, 0.0, 0.0, 0.0, 0.0, 0.0, 0.0, 0.0, 0.0)",329600.0,1757100.0,332160.0,1759660.0,65536,184,65536,184,0,0,0,0,0,0,ee9eeecf6bd73008faf3049e11875068d0908c7a3eb26548b7cc47702179dd30,0432bc7fc457dc8aa3805ba79432ce20000ddeb6de9e84fdd56bb515b0d9e304,66463668a8db4e2307d7a383ecef15c95e2b58538166165b9115d2d3e3e5eec2,65352,2,0,0,0,0,0,182,0,0,0,0,0,0,0,0
346,15-11-20_16PCC_19,15-11-20_16PCC,2020-11-15,16PCC,19,patches/S2_15-11-20_16PCC/S2_15-11-20_16PCC_19.tif,patches/S2_15-11-20_16PCC/S2_15-11-20_16PCC_19_cl.tif,patches/S2_15-11-20_16PCC/S2_15-11-20_16PCC_19_conf.tif,test,-88.57882189392456,15.783124905252304,EPSG:32616,10.0,10.0,11,float32,,"(1.0, 1.0, 1.0, 1.0, 1.0, 1.0, 1.0, 1.0, 1.0, 1.0, 1.0)","(0.0, 0.0, 0.0, 0.0, 0.0, 0.0, 0.0, 0.0, 0.0, 0.0, 0.0)",329600.0,1744300.0,332160.0,1746860.0,65536,21,65536,21,0,0,0,0,0,0,be881d59761991cb0fda1ef6950fd1b09470872a6f9b8481c9c8f68a9e0d1b23,8f158aa204f5e868c460571f31e7ec61c73719babc9a4eff9991b3340efc7c4d,ea4fc62112aa00e50e25c9e98db404e4bca5ba89d641486d22051b2d25783be7,65515,0,0,0,0,0,0,21,0,0,0,0,0,0,0,0
347,15-11-20_16PCC_2,15-11-20_16PCC,2020-11-15,16PCC,2,patches/S2_15-11-20_16PCC/S2_15-11-20_16PCC_2.tif,patches/S2_15-11-20_16PCC/S2_15-11-20_16PCC_2_cl.tif,patches/S2_15-11-20_16PCC/S2_15-11-20_16PCC_2_conf.tif,test,-88.81959969700793,15.989447167603316,EPSG:32616,10.0,10.0,11,float32,,"(1.0, 1.0, 1.0, 1.0, 1.0, 1.0, 1.0, 1.0, 1.0, 1.0, 1.0)","(0.0, 0.0, 0.0, 0.0, 0.0, 0.0, 0.0, 0.0, 0.0, 0.0, 0.0)",304000.0,1767340.0,306560.0,1769900.0,65536,133,65536,133,0,0,0,0,0,0,0376a424229d5da92a308eee533d7e4b87ebd772a430cf7c84c50b45cdde086d,0810c1ae72d8314d1c88f8ab97eab583c0d909bab7f86fc16efefcbb41cf1a59,0da8b4eda8a09ba6f06867b1fbc4a3451b2209fcedf9552ae7260e9edbe6f5f8,65403,0,0,0,0,0,0,0,0,0,0,0,0,133,0,0
348,15-11-20_16PCC_20,15-11-20_16PCC,2020-11-15,16PCC,20,patches/S2_15-11-20_16PCC/S2_15-11-20_16PCC_20.tif,patches/S2_15-11-20_16PCC/S2_15-11-20_16PCC_20_cl.tif,patches/S2_15-11-20_16PCC/S2_15-11-20_16PCC_20_conf.tif,test,-88.55635002533927,15.968378173197218,EPSG:32616,10.0,10.0,11,float32,,"(1.0, 1.0, 1.0, 1.0, 1.0, 1.0, 1.0, 1.0, 1.0, 1.0, 1.0)","(0.0, 0.0, 0.0, 0.0, 0.0, 0.0, 0.0, 0.0, 0.0, 0.0, 0.0)",332160.0,1764780.0,334720.0,1767340.0,65536,32,65536,32,0,0,0,0,0,0,1acbc090091c4688581355e1e80dd732f9a13d0ee7bd9daae24c923598da3489,af53fb168a9b49c56e282c0d366d7fc267f1f983a4a3dc476c605451e151cdbd,1d421c81a22cefb12104c9ce70ab4f491d5bd4d3f07dc88f7090448f72ab2f30,65504,0,0,0,0,0,32,0,0,0,0,0,0,0,0,0
349,15-11-20_16PCC_21,15-11-20_16PCC,2020-11-15,16PCC,21,patches/S2_15-11-20_16PCC/S2_15-11-20_16PCC_21.tif,patches/S2_15-11-20_16PCC/S2_15-11-20_16PCC_21_cl.tif,patches/S2_15-11-20_16PCC/S2_15-11-20_16PCC_21_conf.tif,test,-88.53278799382086,16.01482006533275,EPSG:32616,10.0,10.0,11,float32,,"(1.0, 1.0, 1.0, 1.0, 1.0, 1.0, 1.0, 1.0, 1.0, 1.0, 1.0)","(0.0, 0.0, 0.0, 0.0, 0.0, 0.0, 0.0, 0.0, 0.0, 0.0, 0.0)",334720.0,1769900.0,337280.0,1772460.0,65536,2958,65536,2958,0,0,0,0,0,0,ddf0475b4490d20807483be68f2d2e85238ccbefdc5b8a1991781a4613e79032,6f7877103333a706e65220ce622ba4413cdbe647098b6505a9e79f8162e65872,4fbad9d5dd59a2b4bd1a49dc8ee1fd8cabd0fcc37e100ebbcb69e6a7ffedbc4a,62578,0,0,0,0,0,2958,0,0,0,0,0,0,0,0,0
350,15-11-20_16PCC_22,15-11-20_16PCC,2020-11-15,16PCC,22,patches/S2_15-11-20_16PCC/S2_15-11-20_16PCC_22.tif,patches/S2_15-11-20_16PCC/S2_15-11-20_16PCC_22_cl.tif,patches/S2_15-11-20_16PCC/S2_15-11-20_16PCC_22_conf.tif,test,-88.53261155057531,15.99168494491049,EPSG:32616,10.0,10.0,11,float32,,"(1.0, 1.0, 1.0, 1.0, 1.0, 1.0, 1.0, 1.0, 1.0, 1.0, 1.0)","(0.0, 0.0, 0.0, 0.0, 0.0, 0.0, 0.0, 0.0, 0.0, 0.0, 0.0)",334720.0,1767340.0,337280.0,1769900.0,65536,5031,65536,5031,0,0,0,0,0,0,182fdcbe8016a0e55cce82d9fbc429ce9098111b2156d108c3d5f01428a76f3b,eac38864a8ce7bd7ba7fe32f4bf846a6a61c8fec74e1e9978c684e879f7d8051,4e8c91ebc0a92a21f8657e59801c986a2c08dba80ebae2664955a916c2dc6f60,60505,0,0,0,0,6,4967,34,0,0,0,0,0,0,24,0
351,15-11-20_16PCC_23,15-11-20_16PCC,2020-11-15,16PCC,23,patches/S2_15-11-20_16PCC/S2_15-11-20_16PCC_23.tif,patches/S2_15-11-20_16PCC/S2_15-11-20_16PCC_23_cl.tif,patches/S2_15-11-20_16PCC/S2_15-11-20_16PCC_23_conf.tif,test,-88.53243539627333,15.968549772883744,EPSG:32616,10.0,10.0,11,float32,,"(1.0, 1.0, 1.0, 1.0, 1.0, 1.0, 1.0, 1.0, 1.0, 1.0, 1.0)","(0.0, 0.0, 0.0, 0.0, 0.0, 0.0, 0.0, 0.0, 0.0, 0.0, 0.0)",334720.0,1764780.0,337280.0,1767340.0,65536,45,65536,45,0,0,0,0,0,0,a03684efe8e70e82ef49cb42714fc8c4c4b8ed13bf6f1bf4ee6d493f6625699f,dc35cb83b98251a42e71f7484e25de1d9ffd0db9edb343c26c555d7fa9839673,7f37f90ebc15487691318f2c043365a727a5125fa8faa4d3ea4a00fa3690c7cd,65491,0,0,0,0,0,21,24,0,0,0,0,0,0,0,0
352,15-11-20_16PCC_3,15-11-20_16PCC,2020-11-15,16PCC,3,patches/S2_15-11-20_16PCC/S2_15-11-20_16PCC_3.tif,patches/S2_15-11-20_16PCC/S2_15-11-20_16PCC_3_cl.tif,patches/S2_15-11-20_16PCC/S2_15-11-20_16PCC_3_conf.tif,test,-88.79568579718858,15.98964826640546,EPSG:32616,10.0,10.0,11,float32,,"(1.0, 1.0, 1.0, 1.0, 1.0, 1.0, 1.0, 1.0, 1.0, 1.0, 1.0)","(0.0, 0.0, 0.0, 0.0, 0.0, 0.0, 0.0, 0.0, 0.0, 0.0, 0.0)",306560.0,1767340.0,309120.0,1769900.0,65536,560,65536,560,0,0,0,0,0,0,54f064344298d6686304eefb32daf2344f9acc5e56630b4248f1073e01c04509,899ede53f985b655d5efad9cb7322dbeb7542deb603acc147aae8fd1039b79ed,f883a9ba580efc5a5968d3357e41e613df47b458e3920a9446441f10bd3761da,64976,0,0,0,0,0,10,0,0,0,0,0,0,550,0,0
353,15-11-20_16PCC_4,15-11-20_16PCC,2020-11-15,16PCC,4,patches/S2_15-11-20_16PCC/S2_15-11-20_16PCC_4.tif,patches/S2_15-11-20_16PCC/S2_15-11-20_16PCC_4_cl.tif,patches/S2_15-11-20_16PCC/S2_15-11-20_16PCC_4_conf.tif,test,-88.74705550072852,15.89751148868111,EPSG:32616,10.0,10.0,11,float32,,"(1.0, 1.0, 1.0, 1.0, 1.0, 1.0, 1.0, 1.0, 1.0, 1.0, 1.0)","(0.0, 0.0, 0.0, 0.0, 0.0, 0.0, 0.0, 0.0, 0.0, 0.0, 0.0)",311680.0,1757100.0,314240.0,1759660.0,65536,398,65536,398,0,0,0,0,0,0,23944dd6f1f410a50d8b54c150ffe3f886a7590b0ea2dd873cf70c3fc64ea28b,161d65a8047fabe451bb8051d84d6ed3bac8c835ab473ec706371f984e4fd6a0,10d6d0e6a26bdc75b0946d9de1fdef59c32b5f802c119a42923ee180a9aa0fe9,65138,0,0,0,0,0,0,398,0,0,0,0,0,0,0,0
354,15-11-20_16PCC_5,15-11-20_16PCC,2020-11-15,16PCC,5,patches/S2_15-11-20_16PCC/S2_15-11-20_16PCC_5.tif,patches/S2_15-11-20_16PCC/S2_15-11-20_16PCC_5_cl.tif,patches/S2_15-11-20_16PCC/S2_15-11-20_16PCC_5_conf.tif,test,-88.72295472980244,15.874570266041633,EPSG:32616,10.0,10.0,11,float32,,"(1.0, 1.0, 1.0, 1.0, 1.0, 1.0, 1.0, 1.0, 1.0, 1.0, 1.0)","(0.0, 0.0, 0.0, 0.0, 0.0, 0.0, 0.0, 0.0, 0.0, 0.0, 0.0)",314240.0,1754540.0,316800.0,1757100.0,65536,122,65536,122,0,0,0,0,0,0,7e8caae17f4a02f2359339d8eadab19637dd1cd6108f114276263f8944dd34ab,a453db192d21641b034e89aa2dcbc60a03cfb5ab81056a36a9a0ed95e847e938,36005328494c6af5dc90570e2233cf0841ea7f62996cdb248b1367ec759bd6a6,65414,0,0,0,0,0,0,0,0,0,122,0,0,0,0,0
355,15-11-20_16PCC_6,15-11-20_16PCC,2020-11-15,16PCC,6,patches/S2_15-11-20_16PCC/S2_15-11-20_16PCC_6.tif,patches/S2_15-11-20_16PCC/S2_15-11-20_16PCC_6_cl.tif,patches/S2_15-11-20_16PCC/S2_15-11-20_16PCC_6_conf.tif,test,-88.72256205761825,15.828303762049085,EPSG:32616,10.0,10.0,11,float32,,"(1.0, 1.0, 1.0, 1.0, 1.0, 1.0, 1.0, 1.0, 1.0, 1.0, 1.0)","(0.0, 0.0, 0.0, 0.0, 0.0, 0.0, 0.0, 0.0, 0.0, 0.0, 0.0)",314240.0,1749420.0,316800.0,1751980.0,65536,552,65536,552,0,0,0,0,0,0,ebec42afeb8185ec83fed27d651a746a48d266cd21101c392959c9a59e2248c4,e461ac154ac43e8d5630a9ab31f2043f5a2f4f5829c9314d996d40b63d9791e6,d7e7aef56c3ecb4bf54beedadccd6425cbea7eadae475fe4dbf4020740c0ef8d,64984,0,0,0,0,0,0,0,0,0,552,0,0,0,0,0
356,15-11-20_16PCC_7,15-11-20_16PCC,2020-11-15,16PCC,7,patches/S2_15-11-20_16PCC/S2_15-11-20_16PCC_7.tif,patches/S2_15-11-20_16PCC/S2_15-11-20_16PCC_7_cl.tif,patches/S2_15-11-20_16PCC/S2_15-11-20_16PCC_7_conf.tif,test,-88.6996364283306,15.944159523320979,EPSG:32616,10.0,10.0,11,float32,,"(1.0, 1.0, 1.0, 1.0, 1.0, 1.0, 1.0, 1.0, 1.0, 1.0, 1.0)","(0.0, 0.0, 0.0, 0.0, 0.0, 0.0, 0.0, 0.0, 0.0, 0.0, 0.0)",316800.0,1762220.0,319360.0,1764780.0,65536,147,65536,147,0,0,0,0,0,0,fc587fcb0fab00cd8642dc98df568378ac740fcaa394d66a6512848031678776,47ee9551f3048a66fb8ae5a0d702bea6fedb39d32192795faa5f7de6b2eef28c,814777aa0ca52a11361c946068a12ca3e0f82f4c2045c4388c9aeebd7eab6e90,65389,0,0,0,0,0,15,15,0,0,117,0,0,0,0,0
357,15-11-20_16PCC_8,15-11-20_16PCC,2020-11-15,16PCC,8,patches/S2_15-11-20_16PCC/S2_15-11-20_16PCC_8.tif,patches/S2_15-11-20_16PCC/S2_15-11-20_16PCC_8_cl.tif,patches/S2_15-11-20_16PCC/S2_15-11-20_16PCC_8_conf.tif,test,-88.6994416936408,15.92102616293373,EPSG:32616,10.0,10.0,11,float32,,"(1.0, 1.0, 1.0, 1.0, 1.0, 1.0, 1.0, 1.0, 1.0, 1.0, 1.0)","(0.0, 0.0, 0.0, 0.0, 0.0, 0.0, 0.0, 0.0, 0.0, 0.0, 0.0)",316800.0,1759660.0,319360.0,1762220.0,65536,4,65536,4,0,0,0,0,0,0,b50c16e0ea74f81cf74afbafb27e75014b4918ac5cfcf71a06447d5c80c39d83,a2540c4df4f750322f8ae778a61900e503870bcadee082f436ca00c86f4e8836,99e1bf9b102220ea9395416be04898e0cf2000dea6c940055176f1c9a1d71b3f,65532,0,0,0,0,0,0,0,0,0,4,0,0,0,0,0
358,15-11-20_16PCC_9,15-11-20_16PCC,2020-11-15,16PCC,9,patches/S2_15-11-20_16PCC/S2_15-11-20_16PCC_9.tif,patches/S2_15-11-20_16PCC/S2_15-11-20_16PCC_9_cl.tif,patches/S2_15-11-20_16PCC/S2_15-11-20_16PCC_9_conf.tif,test,-88.67591868131687,15.96748035739038,EPSG:32616,10.0,10.0,11,float32,,"(1.0, 1.0, 1.0, 1.0, 1.0, 1.0, 1.0, 1.0, 1.0, 1.0, 1.0)","(0.0, 0.0, 0.0, 0.0, 0.0, 0.0, 0.0, 0.0, 0.0, 0.0, 0.0)",319360.0,1764780.0,321920.0,1767340.0,65536,105,65536,105,0,0,0,0,0,0,8bc32615db9870ef1ab59d69c5d5a2e2364b5a8566fa75090bb16c66d940cb4f,16cbbfc463d72a380470bda31adaf352a6e089cc0cd17debee5270a07220adf1,fc41bb826d9db1c978d104476318440e03143b1fefbb839eca156c9f0a217b40,65431,0,0,0,0,0,105,0,0,0,0,0,0,0,0,0
359,15-9-20_18QYF_0,15-9-20_18QYF,2020-09-15,18QYF,0,patches/S2_15-9-20_18QYF/S2_15-9-20_18QYF_0.tif,patches/S2_15-9-20_18QYF/S2_15-9-20_18QYF_0_cl.tif,patches/S2_15-9-20_18QYF/S2_15-9-20_18QYF_0_conf.tif,train,-72.70183013950644,18.646776569985168,EPSG:32618,10.0,10.0,11,float32,,"(1.0, 1.0, 1.0, 1.0, 1.0, 1.0, 1.0, 1.0, 1.0, 1.0, 1.0)","(0.0, 0.0, 0.0, 0.0, 0.0, 0.0, 0.0, 0.0, 0.0, 0.0, 0.0)",741160.0,2062020.0,743720.0,2064580.0,65536,35,65536,35,0,0,0,0,0,0,7c24c69531475f0cdfbe970203930a8156215e0d87384b362d50c61cf6b372b3,6d7a655a82b5bc9a29984aea7324ab68d900b1c42a7bcc63024d0d019ae45d51,5d91d1d8ded673ac73735a1969e9bdd48c9f4f1e6ef10857553da6dc772d868a,65501,0,0,0,14,0,0,21,0,0,0,0,0,0,0,0
360,15-9-20_18QYF_1,15-9-20_18QYF,2020-09-15,18QYF,1,patches/S2_15-9-20_18QYF/S2_15-9-20_18QYF_1.tif,patches/S2_15-9-20_18QYF/S2_15-9-20_18QYF_1_cl.tif,patches/S2_15-9-20_18QYF/S2_15-9-20_18QYF_1_conf.tif,train,-72.65141076108179,18.784882962691547,EPSG:32618,10.0,10.0,11,float32,,"(1.0, 1.0, 1.0, 1.0, 1.0, 1.0, 1.0, 1.0, 1.0, 1.0, 1.0)","(0.0, 0.0, 0.0, 0.0, 0.0, 0.0, 0.0, 0.0, 0.0, 0.0, 0.0)",746280.0,2077380.0,748840.0,2079940.0,65536,38,65536,38,0,0,0,0,0,0,6bbbd2096e6ec172c7ad3212ad57113e03f995d85839a2e763c23ea85dacca4e,53fd06baddc6c5f3fda7063e56d6a151dc87afbfad1a15ccde5af58e6233b15e,a93d1b7d7a8908f9fbc1acfa4c4c68cd4789d6aa292c498bec17244aea3309e2,65498,1,0,0,0,0,0,22,0,0,0,15,0,0,0,0
361,15-9-20_18QYF_2,15-9-20_18QYF,2020-09-15,18QYF,2,patches/S2_15-9-20_18QYF/S2_15-9-20_18QYF_2.tif,patches/S2_15-9-20_18QYF/S2_15-9-20_18QYF_2_cl.tif,patches/S2_15-9-20_18QYF/S2_15-9-20_18QYF_2_conf.tif,train,-72.62713949167045,18.78457607247046,EPSG:32618,10.0,10.0,11,float32,,"(1.0, 1.0, 1.0, 1.0, 1.0, 1.0, 1.0, 1.0, 1.0, 1.0, 1.0)","(0.0, 0.0, 0.0, 0.0, 0.0, 0.0, 0.0, 0.0, 0.0, 0.0, 0.0)",748840.0,2077380.0,751400.0,2079940.0,65536,2,65536,2,0,0,0,0,0,0,fc812c0065d248a84fe0bd486f706eb58092c66b4841bd4db7ab35476529725d,4e83522d8ce4e90f5565373fa1646a7d50ce2197cbbaa973c463d025ec499b2b,68ee7d0800dd001fa7d859f2e241431e734c3256eecdfe033007cd1f5148b59f,65534,1,0,0,0,0,0,1,0,0,0,0,0,0,0,0
362,15-9-20_18QYF_3,15-9-20_18QYF,2020-09-15,18QYF,3,patches/S2_15-9-20_18QYF/S2_15-9-20_18QYF_3.tif,patches/S2_15-9-20_18QYF/S2_15-9-20_18QYF_3_cl.tif,patches/S2_15-9-20_18QYF/S2_15-9-20_18QYF_3_conf.tif,train,-72.60319562369759,18.761149346507214,EPSG:32618,10.0,10.0,11,float32,,"(1.0, 1.0, 1.0, 1.0, 1.0, 1.0, 1.0, 1.0, 1.0, 1.0, 1.0)","(0.0, 0.0, 0.0, 0.0, 0.0, 0.0, 0.0, 0.0, 0.0, 0.0, 0.0)",751400.0,2074820.0,753960.0,2077380.0,65536,8,65536,8,0,0,0,0,0,0,8850a54efc4af0fa2f4843c899b52a0149e6e61e9e1c2267b7128a25280dbda9,363afa3641bc2b44fc1482b16b1537ca04bac52351717ff98d4e8e70b453265c,0652f4f97d359ebb140c34cb1d311fe9670c25e9cd2738bb32197af3a98d1147,65528,5,0,0,0,0,0,3,0,0,0,0,0,0,0,0
363,15-9-20_18QYF_4,15-9-20_18QYF,2020-09-15,18QYF,4,patches/S2_15-9-20_18QYF/S2_15-9-20_18QYF_4.tif,patches/S2_15-9-20_18QYF/S2_15-9-20_18QYF_4_cl.tif,patches/S2_15-9-20_18QYF/S2_15-9-20_18QYF_4_conf.tif,train,-72.60352207555819,18.7380325967085,EPSG:32618,10.0,10.0,11,float32,,"(1.0, 1.0, 1.0, 1.0, 1.0, 1.0, 1.0, 1.0, 1.0, 1.0, 1.0)","(0.0, 0.0, 0.0, 0.0, 0.0, 0.0, 0.0, 0.0, 0.0, 0.0, 0.0)",751400.0,2072260.0,753960.0,2074820.0,65536,27,65536,27,0,0,0,0,0,0,e4e2bca7c8e409688b82fbd56d67b1df34fe7b6401e7b2383aab1471d679456d,2194bfc0e587d6b0d0bc15e1b308f84942d9121113c722366438b90760a0f4b1,d16a5e0c2de56ebf83095bcd57a1df47a219b2c53fbe7c15ae848798fc105fbb,65509,23,0,0,0,0,0,3,0,0,0,0,0,0,0,1
364,15-9-20_18QYF_5,15-9-20_18QYF,2020-09-15,18QYF,5,patches/S2_15-9-20_18QYF/S2_15-9-20_18QYF_5.tif,patches/S2_15-9-20_18QYF/S2_15-9-20_18QYF_5_cl.tif,patches/S2_15-9-20_18QYF/S2_15-9-20_18QYF_5_conf.tif,train,-72.57892860638745,18.760836572929623,EPSG:32618,10.0,10.0,11,float32,,"(1.0, 1.0, 1.0, 1.0, 1.0, 1.0, 1.0, 1.0, 1.0, 1.0, 1.0)","(0.0, 0.0, 0.0, 0.0, 0.0, 0.0, 0.0, 0.0, 0.0, 0.0, 0.0)",753960.0,2074820.0,756520.0,2077380.0,65536,36,65536,36,0,0,0,0,0,0,c0b13e844217e56af4eb576c95d8aecc93afd9415c18d5891979f3851b4fa51c,03a5fa9d0498dcc884cc85529cd54cd5a850f0979d48d925cf73ae29936bbfcf,2514a78fe7f420672323a8913c040b1cd7b011b68acb0b9314446fb50d7e3a6c,65500,27,0,0,3,0,0,6,0,0,0,0,0,0,0,0
365,15-9-20_18QYF_6,15-9-20_18QYF,2020-09-15,18QYF,6,patches/S2_15-9-20_18QYF/S2_15-9-20_18QYF_6.tif,patches/S2_15-9-20_18QYF/S2_15-9-20_18QYF_6_cl.tif,patches/S2_15-9-20_18QYF/S2_15-9-20_18QYF_6_conf.tif,train,-72.55432853788679,18.783636511802598,EPSG:32618,10.0,10.0,11,float32,,"(1.0, 1.0, 1.0, 1.0, 1.0, 1.0, 1.0, 1.0, 1.0, 1.0, 1.0)","(0.0, 0.0, 0.0, 0.0, 0.0, 0.0, 0.0, 0.0, 0.0, 0.0, 0.0)",756520.0,2077380.0,759080.0,2079940.0,65536,128,65536,128,0,0,0,0,0,0,ba960f5518334af5226885b54028533c3d8248a7f1db787e7b9c323efee76a92,3be7f52b9754cfa65c871242e69112f448981d1da478265134803a746b1623f9,2e31112dd2bda7cec01dfff2c59ace3049d8c7937e19cedd41001d86d402efc9,65408,53,0,0,0,0,0,26,0,0,0,49,0,0,0,0
366,15-9-20_18QYF_7,15-9-20_18QYF,2020-09-15,18QYF,7,patches/S2_15-9-20_18QYF/S2_15-9-20_18QYF_7.tif,patches/S2_15-9-20_18QYF/S2_15-9-20_18QYF_7_cl.tif,patches/S2_15-9-20_18QYF/S2_15-9-20_18QYF_7_conf.tif,train,-72.55466207094122,18.760520655529337,EPSG:32618,10.0,10.0,11,float32,,"(1.0, 1.0, 1.0, 1.0, 1.0, 1.0, 1.0, 1.0, 1.0, 1.0, 1.0)","(0.0, 0.0, 0.0, 0.0, 0.0, 0.0, 0.0, 0.0, 0.0, 0.0, 0.0)",756520.0,2074820.0,759080.0,2077380.0,65536,54,65536,54,0,0,0,0,0,0,6be1007567553df0d605bcb9a7b46aaf6d1e7d15f2689228a9ded04d54f72081,08c344fb6a70faf88e6e36469055b177c55b9301f6e3384d159ed35530696a8d,0930d98fa8ffd68e210bee8ea930d52aaace290e059c12d6f70fead803b13714,65482,48,0,0,0,0,0,6,0,0,0,0,0,0,0,0
367,15-9-20_18QYF_8,15-9-20_18QYF,2020-09-15,18QYF,8,patches/S2_15-9-20_18QYF/S2_15-9-20_18QYF_8.tif,patches/S2_15-9-20_18QYF/S2_15-9-20_18QYF_8_cl.tif,patches/S2_15-9-20_18QYF/S2_15-9-20_18QYF_8_conf.tif,train,-72.53039602217369,18.76020159457789,EPSG:32618,10.0,10.0,11,float32,,"(1.0, 1.0, 1.0, 1.0, 1.0, 1.0, 1.0, 1.0, 1.0, 1.0, 1.0)","(0.0, 0.0, 0.0, 0.0, 0.0, 0.0, 0.0, 0.0, 0.0, 0.0, 0.0)",759080.0,2074820.0,761640.0,2077380.0,65536,7,65536,7,0,0,0,0,0,0,df0527a74df8f25942282684afa45b373f60f34971ba1cb253a9ae307b01a58e,fa5a4b91683dc01c66a96affcc142615c42a4948ddc8855cb89556498df9a9ff,45e1136607344e704c2a3167ca780fa794d3ae91c472e625ff01c708cc44bc1f,65529,4,0,0,0,0,0,2,0,0,0,0,0,0,0,1
368,16-2-18_16PEC_0,16-2-18_16PEC,2018-02-16,16PEC,0,patches/S2_16-2-18_16PEC/S2_16-2-18_16PEC_0.tif,patches/S2_16-2-18_16PEC/S2_16-2-18_16PEC_0_cl.tif,patches/S2_16-2-18_16PEC/S2_16-2-18_16PEC_0_conf.tif,test,-86.96750278512233,15.821399348148416,EPSG:32616,10.0,10.0,11,float32,,"(1.0, 1.0, 1.0, 1.0, 1.0, 1.0, 1.0, 1.0, 1.0, 1.0, 1.0)","(0.0, 0.0, 0.0, 0.0, 0.0, 0.0, 0.0, 0.0, 0.0, 0.0, 0.0)",502200.0,1747900.0,504760.0,1750460.0,65536,204,65536,204,0,0,0,0,0,0,99576f6059f5d2e61fae022167a66b74fc59693a1c318b4655cff4ca99de240e,6c94e705c5e18e64b64c629c49c7eb9a1fdf1a2a443e842364904c14968c9545,c201605a6bd051213270335a302ae22ec283cec4b437fbd347aaeaa69f3898ad,65332,0,0,0,0,0,0,204,0,0,0,0,0,0,0,0
369,16-2-18_16PEC_1,16-2-18_16PEC,2018-02-16,16PEC,1,patches/S2_16-2-18_16PEC/S2_16-2-18_16PEC_1.tif,patches/S2_16-2-18_16PEC/S2_16-2-18_16PEC_1_cl.tif,patches/S2_16-2-18_16PEC/S2_16-2-18_16PEC_1_conf.tif,test,-86.96750647881107,15.798255489829582,EPSG:32616,10.0,10.0,11,float32,,"(1.0, 1.0, 1.0, 1.0, 1.0, 1.0, 1.0, 1.0, 1.0, 1.0, 1.0)","(0.0, 0.0, 0.0, 0.0, 0.0, 0.0, 0.0, 0.0, 0.0, 0.0, 0.0)",502200.0,1745340.0,504760.0,1747900.0,65536,41,65536,41,0,0,0,0,0,0,f8ffab1eb22bd4a5ba3709ba626e9b916b95c71dc71be28be1bf670b7d59c852,78a2d0e8fc20128ac39dc24766532d785c98e710b07b47221646f81c13aa531e,c6ec4aa0de76b9a19f0f0e3eb99418ffaabde462b1da6a0ad64909ff3195c8ca,65495,1,0,0,0,0,0,2,0,0,35,0,0,0,0,3
370,16-2-18_16PEC_10,16-2-18_16PEC,2018-02-16,16PEC,10,patches/S2_16-2-18_16PEC/S2_16-2-18_16PEC_10.tif,patches/S2_16-2-18_16PEC/S2_16-2-18_16PEC_10_cl.tif,patches/S2_16-2-18_16PEC/S2_16-2-18_16PEC_10_conf.tif,test,-86.75232143472718,15.844404108726032,EPSG:32616,10.0,10.0,11,float32,,"(1.0, 1.0, 1.0, 1.0, 1.0, 1.0, 1.0, 1.0, 1.0, 1.0, 1.0)","(0.0, 0.0, 0.0, 0.0, 0.0, 0.0, 0.0, 0.0, 0.0, 0.0, 0.0)",525240.0,1750460.0,527800.0,1753020.0,65536,422,65536,422,0,0,0,0,0,0,4c389388d3aca3cc835210480b54a0c5888afe38fee87df169822d5be60d0704,3ba79ce8c08838a94c6aa683bd46e182ff90bb0d93cb3cc31641ebb511dbb6ac,4a97c8eae47aad278ea609d089c7a4595a2e22de4b921f7a4073d5dcb4eb11d5,65114,0,0,0,0,0,0,0,0,0,422,0,0,0,0,0
371,16-2-18_16PEC_11,16-2-18_16PEC,2018-02-16,16PEC,11,patches/S2_16-2-18_16PEC/S2_16-2-18_16PEC_11.tif,patches/S2_16-2-18_16PEC/S2_16-2-18_16PEC_11_cl.tif,patches/S2_16-2-18_16PEC/S2_16-2-18_16PEC_11_conf.tif,test,-86.68041353029183,15.96002681415082,EPSG:32616,10.0,10.0,11,float32,,"(1.0, 1.0, 1.0, 1.0, 1.0, 1.0, 1.0, 1.0, 1.0, 1.0, 1.0)","(0.0, 0.0, 0.0, 0.0, 0.0, 0.0, 0.0, 0.0, 0.0, 0.0, 0.0)",532920.0,1763260.0,535480.0,1765820.0,65536,24,65536,24,0,0,0,0,0,0,b63095896ba58857a9868fa832cd872bd342cb481d607047649b7cc7f697f1a0,c108c1be6bf768d9a9fe28ac9cfee7da42ede4ba08717e9f2e16bfe9a93601c3,8f4e16d5f137b057fb85a58f2bac58fbff6bed386b1cc88f922e15e08a28fc23,65512,0,0,0,0,6,0,10,0,0,0,0,0,0,8,0
372,16-2-18_16PEC_12,16-2-18_16PEC,2018-02-16,16PEC,12,patches/S2_16-2-18_16PEC/S2_16-2-18_16PEC_12.tif,patches/S2_16-2-18_16PEC/S2_16-2-18_16PEC_12_cl.tif,patches/S2_16-2-18_16PEC/S2_16-2-18_16PEC_12_conf.tif,test,-86.60891608528851,15.821049487786127,EPSG:32616,10.0,10.0,11,float32,,"(1.0, 1.0, 1.0, 1.0, 1.0, 1.0, 1.0, 1.0, 1.0, 1.0, 1.0)","(0.0, 0.0, 0.0, 0.0, 0.0, 0.0, 0.0, 0.0, 0.0, 0.0, 0.0)",540600.0,1747900.0,543160.0,1750460.0,65536,41,65536,41,0,0,0,0,0,0,3435c7929d1c79f46d23d8e0d846c1cadda04f4742bce538453d6f2acbe10e7e,2ab93fdc26f7b479d9b619850321f0a7d145282641b70ef8c265753733c27114,b58349ee9b843b2068c231116f9c9b5026f49eb914f5a51493894177be591c36,65495,0,0,0,0,0,0,0,0,0,41,0,0,0,0,0
373,16-2-18_16PEC_13,16-2-18_16PEC,2018-02-16,16PEC,13,patches/S2_16-2-18_16PEC/S2_16-2-18_16PEC_13.tif,patches/S2_16-2-18_16PEC/S2_16-2-18_16PEC_13_cl.tif,patches/S2_16-2-18_16PEC/S2_16-2-18_16PEC_13_conf.tif,test,-86.56110544427804,15.820958086095452,EPSG:32616,10.0,10.0,11,float32,,"(1.0, 1.0, 1.0, 1.0, 1.0, 1.0, 1.0, 1.0, 1.0, 1.0, 1.0)","(0.0, 0.0, 0.0, 0.0, 0.0, 0.0, 0.0, 0.0, 0.0, 0.0, 0.0)",545720.0,1747900.0,548280.0,1750460.0,65536,1169,65536,1169,0,0,0,0,0,0,e6e417fbc463e933da8a3ae2c6dc2ffcb3b6f8edb1e30d0354fdfd908a13be43,75a1c239a927a4fdb1b5207ae0907680ca8408f38a67cc459ae9c74e5a2d2a6e,5fa18cb80ef05265a69dbc055255b83012927b2f463eb3c6f450712784aadde6,64367,0,0,0,0,0,0,0,0,0,1169,0,0,0,0,0
374,16-2-18_16PEC_14,16-2-18_16PEC,2018-02-16,16PEC,14,patches/S2_16-2-18_16PEC/S2_16-2-18_16PEC_14.tif,patches/S2_16-2-18_16PEC/S2_16-2-18_16PEC_14_cl.tif,patches/S2_16-2-18_16PEC/S2_16-2-18_16PEC_14_conf.tif,test,-86.5372002453101,15.820908436676717,EPSG:32616,10.0,10.0,11,float32,,"(1.0, 1.0, 1.0, 1.0, 1.0, 1.0, 1.0, 1.0, 1.0, 1.0, 1.0)","(0.0, 0.0, 0.0, 0.0, 0.0, 0.0, 0.0, 0.0, 0.0, 0.0, 0.0)",548280.0,1747900.0,550840.0,1750460.0,65536,983,65536,983,0,0,0,0,0,0,20b17485c3066d710f67a46655ee0a52d4bed14b9dfc2993a65cc99bc1fbc3bc,a40acacb37cb9212fb5636a65bbb34a442867fd6316e5fb8ea78c2d02c37a3f4,7d1bb0d2687d971342d2b0a532ca85ace9e0986f38db899aceb65ff6297e5bbe,64553,0,0,0,0,4,0,0,0,0,962,0,0,0,17,0
375,16-2-18_16PEC_15,16-2-18_16PEC,2018-02-16,16PEC,15,patches/S2_16-2-18_16PEC/S2_16-2-18_16PEC_15.tif,patches/S2_16-2-18_16PEC/S2_16-2-18_16PEC_15_cl.tif,patches/S2_16-2-18_16PEC/S2_16-2-18_16PEC_15_conf.tif,test,-86.51296130757098,15.959713254969685,EPSG:32616,10.0,10.0,11,float32,,"(1.0, 1.0, 1.0, 1.0, 1.0, 1.0, 1.0, 1.0, 1.0, 1.0, 1.0)","(0.0, 0.0, 0.0, 0.0, 0.0, 0.0, 0.0, 0.0, 0.0, 0.0, 0.0)",550840.0,1763260.0,553400.0,1765820.0,65536,320,65536,320,0,0,0,0,0,0,59cd6dfd6df73bbd1f3cc0aa1b16736d904d6df39766cea5b395d06e1a230e28,427267ded41d77860edc757e3aac07b453fa6be46a9bb51c485c86d79f861443,bdbdff37c49dd96e3c915b3700d9ceaccba038ca9e4a56c5085b9309a5d72c9a,65216,0,0,0,0,15,0,14,0,0,0,279,0,0,12,0
376,16-2-18_16PEC_16,16-2-18_16PEC,2018-02-16,16PEC,16,patches/S2_16-2-18_16PEC/S2_16-2-18_16PEC_16.tif,patches/S2_16-2-18_16PEC/S2_16-2-18_16PEC_16_cl.tif,patches/S2_16-2-18_16PEC/S2_16-2-18_16PEC_16_conf.tif,test,-86.51329513335948,15.820856154930912,EPSG:32616,10.0,10.0,11,float32,,"(1.0, 1.0, 1.0, 1.0, 1.0, 1.0, 1.0, 1.0, 1.0, 1.0, 1.0)","(0.0, 0.0, 0.0, 0.0, 0.0, 0.0, 0.0, 0.0, 0.0, 0.0, 0.0)",550840.0,1747900.0,553400.0,1750460.0,65536,2,65536,2,0,0,0,0,0,0,1eac2ad1eb9497ce62c134df89a39add3dec99044b4622ba7d67f18fd3cb726f,f0891877f76286a9f5c515213d7e72a148217bacd6547d70a4a062ab589193ca,2aacf1c3d4b144100428c0f124d989bdc7ed3e91eba0c5e7f8e97a888a76e355,65534,0,0,0,0,2,0,0,0,0,0,0,0,0,0,0
377,16-2-18_16PEC_17,16-2-18_16PEC,2018-02-16,16PEC,17,patches/S2_16-2-18_16PEC/S2_16-2-18_16PEC_17.tif,patches/S2_16-2-18_16PEC/S2_16-2-18_16PEC_17_cl.tif,patches/S2_16-2-18_16PEC/S2_16-2-18_16PEC_17_conf.tif,test,-86.4890398926252,15.959657834168015,EPSG:32616,10.0,10.0,11,float32,,"(1.0, 1.0, 1.0, 1.0, 1.0, 1.0, 1.0, 1.0, 1.0, 1.0, 1.0)","(0.0, 0.0, 0.0, 0.0, 0.0, 0.0, 0.0, 0.0, 0.0, 0.0, 0.0)",553400.0,1763260.0,555960.0,1765820.0,65536,107,65536,107,0,0,0,0,0,0,e75d99928864468e075be55d8d838c92fec0e6a240e392937c1af2b9a5eee396,4e0184cc366ed6d4826090c722638e39f95b753c246638065c51f29d097e0688,bc71e1fd9c92af5cfcc1ed7336738c3c6e6bbd77f31a10ab2a833d09a513c1c2,65429,0,0,0,0,21,0,19,0,0,0,0,0,0,67,0
378,16-2-18_16PEC_18,16-2-18_16PEC,2018-02-16,16PEC,18,patches/S2_16-2-18_16PEC/S2_16-2-18_16PEC_18.tif,patches/S2_16-2-18_16PEC/S2_16-2-18_16PEC_18_cl.tif,patches/S2_16-2-18_16PEC/S2_16-2-18_16PEC_18_conf.tif,test,-86.48921543549396,15.890229761049724,EPSG:32616,10.0,10.0,11,float32,,"(1.0, 1.0, 1.0, 1.0, 1.0, 1.0, 1.0, 1.0, 1.0, 1.0, 1.0)","(0.0, 0.0, 0.0, 0.0, 0.0, 0.0, 0.0, 0.0, 0.0, 0.0, 0.0)",553400.0,1755580.0,555960.0,1758140.0,65536,119,65536,119,0,0,0,0,0,0,24f65fd490df02d7f406e2cf20c972bcbbc388d062b0366c74e7ab9037390aaf,b9aef14f2b4a4e4711d5bb75f5e1748d8507f1e7d7f33c2628332468f18ba668,9e1acd0a204e015d9be17ed99aca9ab7ec8de050edb632e48b6778cfd713e04b,65417,0,0,0,0,0,115,4,0,0,0,0,0,0,0,0
379,16-2-18_16PEC_19,16-2-18_16PEC,2018-02-16,16PEC,19,patches/S2_16-2-18_16PEC/S2_16-2-18_16PEC_19.tif,patches/S2_16-2-18_16PEC/S2_16-2-18_16PEC_19_cl.tif,patches/S2_16-2-18_16PEC/S2_16-2-18_16PEC_19_conf.tif,test,-86.4893901129204,15.82080124090219,EPSG:32616,10.0,10.0,11,float32,,"(1.0, 1.0, 1.0, 1.0, 1.0, 1.0, 1.0, 1.0, 1.0, 1.0, 1.0)","(0.0, 0.0, 0.0, 0.0, 0.0, 0.0, 0.0, 0.0, 0.0, 0.0, 0.0)",553400.0,1747900.0,555960.0,1750460.0,65536,15733,65536,15733,0,0,0,0,0,0,02aec3e53fae4de0b36c40388746c5f4ffd50f6e28e57b293136e656f4dfbe90,6e8f2a44b64cbb3d324288f43a9ce90d918befca7fbb8312f738e9e67c18d42f,3d997f0205bc9558d4b36480d210ba7cc65b5fec51094f37332a559da7e676f1,49803,0,0,0,0,0,0,0,0,0,15733,0,0,0,0,0
380,16-2-18_16PEC_2,16-2-18_16PEC,2018-02-16,16PEC,2,patches/S2_16-2-18_16PEC/S2_16-2-18_16PEC_2.tif,patches/S2_16-2-18_16PEC/S2_16-2-18_16PEC_2_cl.tif,patches/S2_16-2-18_16PEC/S2_16-2-18_16PEC_2_conf.tif,test,-86.94356458093745,15.937112966442763,EPSG:32616,10.0,10.0,11,float32,,"(1.0, 1.0, 1.0, 1.0, 1.0, 1.0, 1.0, 1.0, 1.0, 1.0, 1.0)","(0.0, 0.0, 0.0, 0.0, 0.0, 0.0, 0.0, 0.0, 0.0, 0.0, 0.0)",504760.0,1760700.0,507320.0,1763260.0,65536,1136,65536,1136,0,0,0,0,0,0,0b8a608920822993d7a2e7bccbe1f1f3e2c604d359ccacd1666f37b2951ddd49,0665e728939633bfb4581a4453fa4d999102418c0e20ca3e6a881368c90f5fd6,389672eca147e42ffa191c9d06b8ffa23c11eaaec86f45050293e3f07c40fd32,64400,0,0,0,0,0,1091,21,0,0,0,0,0,24,0,0
381,16-2-18_16PEC_20,16-2-18_16PEC,2018-02-16,16PEC,20,patches/S2_16-2-18_16PEC/S2_16-2-18_16PEC_20.tif,patches/S2_16-2-18_16PEC/S2_16-2-18_16PEC_20_cl.tif,patches/S2_16-2-18_16PEC/S2_16-2-18_16PEC_20_conf.tif,test,-86.46548518848697,15.82074369463694,EPSG:32616,10.0,10.0,11,float32,,"(1.0, 1.0, 1.0, 1.0, 1.0, 1.0, 1.0, 1.0, 1.0, 1.0, 1.0)","(0.0, 0.0, 0.0, 0.0, 0.0, 0.0, 0.0, 0.0, 0.0, 0.0, 0.0)",555960.0,1747900.0,558520.0,1750460.0,65536,117,65536,117,0,0,0,0,0,0,5a619e044db7826ea03b24391cd9807e7ee523d61afd70d96f2f6bcbae6eadb9,e6da9f1b2536bb3bd8130d75f8d6c8d9f33b1a4b119aea3f06f10f84dd482817,17a297345a14047f3591886aea8f1dc5d691fe6b67a63f639144216349e9a432,65419,0,0,0,0,0,0,0,0,0,117,0,0,0,0,0
382,16-2-18_16PEC_21,16-2-18_16PEC,2018-02-16,16PEC,21,patches/S2_16-2-18_16PEC/S2_16-2-18_16PEC_21.tif,patches/S2_16-2-18_16PEC/S2_16-2-18_16PEC_21_cl.tif,patches/S2_16-2-18_16PEC/S2_16-2-18_16PEC_21_conf.tif,test,-86.41760935269133,15.84376331767997,EPSG:32616,10.0,10.0,11,float32,,"(1.0, 1.0, 1.0, 1.0, 1.0, 1.0, 1.0, 1.0, 1.0, 1.0, 1.0)","(0.0, 0.0, 0.0, 0.0, 0.0, 0.0, 0.0, 0.0, 0.0, 0.0, 0.0)",561080.0,1750460.0,563640.0,1753020.0,65536,62,65536,62,0,0,0,0,0,0,d335c713cfaea2ae2f49999fdd2929cb847b628f2269bcc901c3e9c8fd3a023f,2b38870a2218a831eeb0360a26524d1c90fb9cad7949e628123a603b4319375e,3e585d9d76b82d709f5e7a3a2c8c9566c15f83677c00875ead1d126cbd2c4347,65474,0,0,0,0,0,0,0,0,0,62,0,0,0,0,0
383,16-2-18_16PEC_22,16-2-18_16PEC,2018-02-16,16PEC,22,patches/S2_16-2-18_16PEC/S2_16-2-18_16PEC_22.tif,patches/S2_16-2-18_16PEC/S2_16-2-18_16PEC_22_cl.tif,patches/S2_16-2-18_16PEC/S2_16-2-18_16PEC_22_conf.tif,test,-86.41767564561304,15.820620705593539,EPSG:32616,10.0,10.0,11,float32,,"(1.0, 1.0, 1.0, 1.0, 1.0, 1.0, 1.0, 1.0, 1.0, 1.0, 1.0)","(0.0, 0.0, 0.0, 0.0, 0.0, 0.0, 0.0, 0.0, 0.0, 0.0, 0.0)",561080.0,1747900.0,563640.0,1750460.0,65536,358,65536,358,0,0,0,0,0,0,671c0447babf9146f173e8bb659b5a186341610e3760172c42f0c91251667bde,16377c55a0dd87517359969ce9875ff71386adb9159595fc3a620c99392b64f3,98f3351f219fb636acd7c79571e101eff7612bbba73783c808be6e2199e189cb,65178,0,0,0,0,0,0,0,0,0,358,0,0,0,0,0
384,16-2-18_16PEC_23,16-2-18_16PEC,2018-02-16,16PEC,23,patches/S2_16-2-18_16PEC/S2_16-2-18_16PEC_23.tif,patches/S2_16-2-18_16PEC/S2_16-2-18_16PEC_23_cl.tif,patches/S2_16-2-18_16PEC/S2_16-2-18_16PEC_23_conf.tif,test,-86.39342482577632,15.936267323465781,EPSG:32616,10.0,10.0,11,float32,,"(1.0, 1.0, 1.0, 1.0, 1.0, 1.0, 1.0, 1.0, 1.0, 1.0, 1.0)","(0.0, 0.0, 0.0, 0.0, 0.0, 0.0, 0.0, 0.0, 0.0, 0.0, 0.0)",563640.0,1760700.0,566200.0,1763260.0,65536,1618,65536,1618,0,0,0,0,0,0,b20d0a6b3abd6763631c39e61d2aee91696d21ce9a8cedeb645e986e3ee1d344,9fe9100fb5a2f0191d48bb4f74a4aa6a409d6944e3f375fbd44e876d02ddbcd2,944fb753ccd65d76d76df25a4220135ca0ecc946539402c0ead7ccd004127535,63918,0,0,0,0,0,0,1618,0,0,0,0,0,0,0,0
385,16-2-18_16PEC_24,16-2-18_16PEC,2018-02-16,16PEC,24,patches/S2_16-2-18_16PEC/S2_16-2-18_16PEC_24.tif,patches/S2_16-2-18_16PEC/S2_16-2-18_16PEC_24_cl.tif,patches/S2_16-2-18_16PEC/S2_16-2-18_16PEC_24_conf.tif,test,-86.36957889017597,15.913056517436045,EPSG:32616,10.0,10.0,11,float32,,"(1.0, 1.0, 1.0, 1.0, 1.0, 1.0, 1.0, 1.0, 1.0, 1.0, 1.0)","(0.0, 0.0, 0.0, 0.0, 0.0, 0.0, 0.0, 0.0, 0.0, 0.0, 0.0)",566200.0,1758140.0,568760.0,1760700.0,65536,18,65536,18,0,0,0,0,0,0,866d3ba22be9a4f6e042b981c979a48f7fdaa00d6f5d552d0dce98443ee36bdd,4c00d4911ef81e2e46d39abc5712a571ba702ca003c8c8022c6a12be58ca6ff5,c52dd07aca9dee31a29c869ff881c692b01815a0729c9451f254bbdcd9940419,65518,0,0,0,0,9,0,9,0,0,0,0,0,0,0,0
386,16-2-18_16PEC_25,16-2-18_16PEC,2018-02-16,16PEC,25,patches/S2_16-2-18_16PEC/S2_16-2-18_16PEC_25.tif,patches/S2_16-2-18_16PEC/S2_16-2-18_16PEC_25_cl.tif,patches/S2_16-2-18_16PEC/S2_16-2-18_16PEC_25_conf.tif,test,-86.36972295263583,15.866771952248804,EPSG:32616,10.0,10.0,11,float32,,"(1.0, 1.0, 1.0, 1.0, 1.0, 1.0, 1.0, 1.0, 1.0, 1.0, 1.0)","(0.0, 0.0, 0.0, 0.0, 0.0, 0.0, 0.0, 0.0, 0.0, 0.0, 0.0)",566200.0,1753020.0,568760.0,1755580.0,65536,7,65536,7,0,0,0,0,0,0,d376e47dd8c4a00d5236d51aedfbf580dcd6db9fe613694283a5ce5e44226437,23813311d68d4fd58d2289c7cee42fb472dc2ff75db3d30baf90afb0f3a4f822,2f873f62e4514bf80eb2ed75aa97a741eec9872702228ab5f6bf96c5884ebc87,65529,0,0,0,0,0,7,0,0,0,0,0,0,0,0,0
387,16-2-18_16PEC_26,16-2-18_16PEC,2018-02-16,16PEC,26,patches/S2_16-2-18_16PEC/S2_16-2-18_16PEC_26.tif,patches/S2_16-2-18_16PEC/S2_16-2-18_16PEC_26_cl.tif,patches/S2_16-2-18_16PEC/S2_16-2-18_16PEC_26_conf.tif,test,-86.29767241912312,15.959118837162052,EPSG:32616,10.0,10.0,11,float32,,"(1.0, 1.0, 1.0, 1.0, 1.0, 1.0, 1.0, 1.0, 1.0, 1.0, 1.0)","(0.0, 0.0, 0.0, 0.0, 0.0, 0.0, 0.0, 0.0, 0.0, 0.0, 0.0)",573880.0,1763260.0,576440.0,1765820.0,65536,74,65536,74,0,0,0,0,0,0,9ff1ef43e6afbae70c4f05313255d3e455a85b2c81e80d0e362d80eea305ff10,43c42b5cb5eb659b15026388d88f10063d8ddec6df26c588e58a70eaaede367d,6b6ee56f7a1969448308d7a70cfa9cd9ab2ee506542a2ce42269bfb9f88472be,65462,0,0,0,0,0,0,74,0,0,0,0,0,0,0,0
388,16-2-18_16PEC_27,16-2-18_16PEC,2018-02-16,16PEC,27,patches/S2_16-2-18_16PEC/S2_16-2-18_16PEC_27.tif,patches/S2_16-2-18_16PEC/S2_16-2-18_16PEC_27_cl.tif,patches/S2_16-2-18_16PEC/S2_16-2-18_16PEC_27_conf.tif,test,-86.29791369586177,15.889693229169701,EPSG:32616,10.0,10.0,11,float32,,"(1.0, 1.0, 1.0, 1.0, 1.0, 1.0, 1.0, 1.0, 1.0, 1.0, 1.0)","(0.0, 0.0, 0.0, 0.0, 0.0, 0.0, 0.0, 0.0, 0.0, 0.0, 0.0)",573880.0,1755580.0,576440.0,1758140.0,65536,343,65536,343,0,0,0,0,0,0,1b6e238ba83b507cab117ff1c0cb76c392d00e6d4c518f4d673e13894435e654,aa882920a0ea6af483a85a55dd085fb9d6659395c24a5ddddfec3124cb10b181,ab8a1cf56b091ed8b3e96035f21c6a2406135bba2c6681a829ffaa2973475c33,65193,0,0,0,0,0,284,12,0,0,0,0,0,47,0,0
389,16-2-18_16PEC_28,16-2-18_16PEC,2018-02-16,16PEC,28,patches/S2_16-2-18_16PEC/S2_16-2-18_16PEC_28.tif,patches/S2_16-2-18_16PEC/S2_16-2-18_16PEC_28_cl.tif,patches/S2_16-2-18_16PEC/S2_16-2-18_16PEC_28_conf.tif,test,-86.27400152590302,15.889614264381338,EPSG:32616,10.0,10.0,11,float32,,"(1.0, 1.0, 1.0, 1.0, 1.0, 1.0, 1.0, 1.0, 1.0, 1.0, 1.0)","(0.0, 0.0, 0.0, 0.0, 0.0, 0.0, 0.0, 0.0, 0.0, 0.0, 0.0)",576440.0,1755580.0,579000.0,1758140.0,65536,4,65536,4,0,0,0,0,0,0,d88b8ee834384f4db2ef31a3ee9f349e56b87b2f4fd6ea7d9ea88c38b94da2d0,145ed4a93bd7e9704da5a321588545861b6f18dd6b424064d32becddd3d24a97,580f63f3b420cf88c033e8deee24344b5eda8873b7b0347c550acf5efb08cbaf,65532,0,0,0,0,0,0,4,0,0,0,0,0,0,0,0
390,16-2-18_16PEC_3,16-2-18_16PEC,2018-02-16,16PEC,3,patches/S2_16-2-18_16PEC/S2_16-2-18_16PEC_3.tif,patches/S2_16-2-18_16PEC/S2_16-2-18_16PEC_3_cl.tif,patches/S2_16-2-18_16PEC/S2_16-2-18_16PEC_3_conf.tif,test,-86.94359679454426,15.821394452892537,EPSG:32616,10.0,10.0,11,float32,,"(1.0, 1.0, 1.0, 1.0, 1.0, 1.0, 1.0, 1.0, 1.0, 1.0, 1.0)","(0.0, 0.0, 0.0, 0.0, 0.0, 0.0, 0.0, 0.0, 0.0, 0.0, 0.0)",504760.0,1747900.0,507320.0,1750460.0,65536,12,65536,12,0,0,0,0,0,0,b13da145e06906e38a40ccf64d7a6bc61fb60797a07702a2bf9098dea90be83a,02d986e53a8baeacd585ff04d0bf952ab892aaaa6e72a42ce0fea20d9e46e680,90579ce8196efb21ce7475b9a624484b43debe30a2c13f6821a285819a3c76a9,65524,4,0,0,0,0,0,1,0,1,0,0,0,0,0,6
391,16-2-18_16PEC_4,16-2-18_16PEC,2018-02-16,16PEC,4,patches/S2_16-2-18_16PEC/S2_16-2-18_16PEC_4.tif,patches/S2_16-2-18_16PEC/S2_16-2-18_16PEC_4_cl.tif,patches/S2_16-2-18_16PEC/S2_16-2-18_16PEC_4_conf.tif,test,-86.91969081457187,15.821386924899006,EPSG:32616,10.0,10.0,11,float32,,"(1.0, 1.0, 1.0, 1.0, 1.0, 1.0, 1.0, 1.0, 1.0, 1.0, 1.0)","(0.0, 0.0, 0.0, 0.0, 0.0, 0.0, 0.0, 0.0, 0.0, 0.0, 0.0)",507320.0,1747900.0,509880.0,1750460.0,65536,2,65536,2,0,0,0,0,0,0,6f898ad03ee28cc35ffc232d602986af89dc7188c56ff7e54589e433243b169a,798eec81b14f7c137824cfcfa03ccc4954f3632ad23d6af8aa2eb4d6c994c6be,1049d1fa10a9b109f6c66a346e38ed6b474473a6bd36a60ff0b120e462bf248b,65534,0,0,0,0,0,0,2,0,0,0,0,0,0,0,0
392,16-2-18_16PEC_5,16-2-18_16PEC,2018-02-16,16PEC,5,patches/S2_16-2-18_16PEC/S2_16-2-18_16PEC_5.tif,patches/S2_16-2-18_16PEC/S2_16-2-18_16PEC_5_cl.tif,patches/S2_16-2-18_16PEC/S2_16-2-18_16PEC_5_conf.tif,test,-86.91969994264055,15.798243085673539,EPSG:32616,10.0,10.0,11,float32,,"(1.0, 1.0, 1.0, 1.0, 1.0, 1.0, 1.0, 1.0, 1.0, 1.0, 1.0)","(0.0, 0.0, 0.0, 0.0, 0.0, 0.0, 0.0, 0.0, 0.0, 0.0, 0.0)",507320.0,1745340.0,509880.0,1747900.0,65536,9,65536,9,0,0,0,0,0,0,16301f7335e19bf6e7b925de4463dfe5a3201c947fa0cd71b4fd89b43e9fbbc9,094aa3d44a67eaad1a99f1a749863c409f3b3e932488d881f2e02b334b3084ba,7945e805ddeb1441fa6f202d550563fcae825bc6eec5d0efdb22f65f5a053d39,65527,3,0,0,0,0,0,0,0,0,0,0,0,0,0,6
393,16-2-18_16PEC_6,16-2-18_16PEC,2018-02-16,16PEC,6,patches/S2_16-2-18_16PEC/S2_16-2-18_16PEC_6.tif,patches/S2_16-2-18_16PEC/S2_16-2-18_16PEC_6_cl.tif,patches/S2_16-2-18_16PEC/S2_16-2-18_16PEC_6_conf.tif,test,-86.84793833832241,15.867635957105836,EPSG:32616,10.0,10.0,11,float32,,"(1.0, 1.0, 1.0, 1.0, 1.0, 1.0, 1.0, 1.0, 1.0, 1.0, 1.0)","(0.0, 0.0, 0.0, 0.0, 0.0, 0.0, 0.0, 0.0, 0.0, 0.0, 0.0)",515000.0,1753020.0,517560.0,1755580.0,65536,2570,65536,2570,0,0,0,0,0,0,5340b18a14f7816e44b3a75204755167f26eb7ebec712b93d45a507029692802,04e15db231ccfbf449321fc34dead9a5871c35aa59fb1185c8a5d50ac82518c1,9f157fca1cbce6cd4c6f42c91de9487866777a5db9da1c7903d1b1d601036940,62966,0,0,0,0,0,0,2570,0,0,0,0,0,0,0,0
394,16-2-18_16PEC_7,16-2-18_16PEC,2018-02-16,16PEC,7,patches/S2_16-2-18_16PEC/S2_16-2-18_16PEC_7.tif,patches/S2_16-2-18_16PEC/S2_16-2-18_16PEC_7_cl.tif,patches/S2_16-2-18_16PEC/S2_16-2-18_16PEC_7_conf.tif,test,-86.84795567508179,15.844492275514419,EPSG:32616,10.0,10.0,11,float32,,"(1.0, 1.0, 1.0, 1.0, 1.0, 1.0, 1.0, 1.0, 1.0, 1.0, 1.0)","(0.0, 0.0, 0.0, 0.0, 0.0, 0.0, 0.0, 0.0, 0.0, 0.0, 0.0)",515000.0,1750460.0,517560.0,1753020.0,65536,28,65536,28,0,0,0,0,0,0,7aa5c24d99226b4f5279ce46d7c41747800dde684b7ff72a6f8cc4c0347e863c,efcbf9f0a5a7455038b47211d50d1655e21c541cf1137fcd2ab2909cfbcf88ad,6414234a292bebe51004474bddf8f26eb48388b463ff42cceab8df4fd91e8911,65508,0,0,0,0,0,0,0,0,0,28,0,0,0,0,0
395,16-2-18_16PEC_8,16-2-18_16PEC,2018-02-16,16PEC,8,patches/S2_16-2-18_16PEC/S2_16-2-18_16PEC_8.tif,patches/S2_16-2-18_16PEC/S2_16-2-18_16PEC_8_cl.tif,patches/S2_16-2-18_16PEC/S2_16-2-18_16PEC_8_conf.tif,test,-86.84797298323984,15.821348544567208,EPSG:32616,10.0,10.0,11,float32,,"(1.0, 1.0, 1.0, 1.0, 1.0, 1.0, 1.0, 1.0, 1.0, 1.0, 1.0)","(0.0, 0.0, 0.0, 0.0, 0.0, 0.0, 0.0, 0.0, 0.0, 0.0, 0.0)",515000.0,1747900.0,517560.0,1750460.0,65536,143,65536,143,0,0,0,0,0,0,545abb2b55b524198566e5376273b18788c366330c802cacf2560bfe6ce246fb,120aad6146506aec8a0572060908277f8cc86f965bb01a53c17102e734c8dd3d,361aa7376d762c068dd0d4d67ef9955536a4a4c448e2ad3888ad6f9d7ef53850,65393,0,0,0,0,0,0,0,0,0,143,0,0,0,0,0
396,16-2-18_16PEC_9,16-2-18_16PEC,2018-02-16,16PEC,9,patches/S2_16-2-18_16PEC/S2_16-2-18_16PEC_9.tif,patches/S2_16-2-18_16PEC/S2_16-2-18_16PEC_9_cl.tif,patches/S2_16-2-18_16PEC/S2_16-2-18_16PEC_9_conf.tif,test,-86.77610193927384,15.960147541160135,EPSG:32616,10.0,10.0,11,float32,,"(1.0, 1.0, 1.0, 1.0, 1.0, 1.0, 1.0, 1.0, 1.0, 1.0, 1.0)","(0.0, 0.0, 0.0, 0.0, 0.0, 0.0, 0.0, 0.0, 0.0, 0.0, 0.0)",522680.0,1763260.0,525240.0,1765820.0,65536,172,65536,172,0,0,0,0,0,0,ba60080493a1f531148381d0201f4c89d854ff6610258b6d4c966e262babe677,06b178cd0d26157e831123542a5c61f141b09802968bb71466036344bb8c8f93,ee221ca93437acd032f3a936d0cdeea6b0cb7f3c307ae34a91f793775acdbd30,65364,0,0,0,0,0,0,172,0,0,0,0,0,0,0,0
397,17-7-16_51PTS_0,17-7-16_51PTS,2016-07-17,51PTS,0,patches/S2_17-7-16_51PTS/S2_17-7-16_51PTS_0.tif,patches/S2_17-7-16_51PTS/S2_17-7-16_51PTS_0_cl.tif,patches/S2_17-7-16_51PTS/S2_17-7-16_51PTS_0_conf.tif,test,120.73687912609145,14.640305131736008,EPSG:32651,10.0,10.0,11,float32,,"(1.0, 1.0, 1.0, 1.0, 1.0, 1.0, 1.0, 1.0, 1.0, 1.0, 1.0)","(0.0, 0.0, 0.0, 0.0, 0.0, 0.0, 0.0, 0.0, 0.0, 0.0, 0.0)",254960.0,1618480.0,257520.0,1621040.0,65536,48,65536,48,0,0,0,0,0,0,224626a93f21cb8e301601bc3389af0ad55de4b2787ff7668bda19854c0a9761,970b74a91467d2f67ed448f2e0df17a154633b2db04be511ba2537f03ce40958,6e4697274f4dea7defe6c7a81c14674593c6bd6f22dbd1d8e7b392df3e0af366,65488,26,0,0,0,4,0,18,0,0,0,0,0,0,0,0
398,17-7-16_51PTS_1,17-7-16_51PTS,2016-07-17,51PTS,1,patches/S2_17-7-16_51PTS/S2_17-7-16_51PTS_1.tif,patches/S2_17-7-16_51PTS/S2_17-7-16_51PTS_1_cl.tif,patches/S2_17-7-16_51PTS/S2_17-7-16_51PTS_1_conf.tif,test,120.76110246034862,14.594277869660226,EPSG:32651,10.0,10.0,11,float32,,"(1.0, 1.0, 1.0, 1.0, 1.0, 1.0, 1.0, 1.0, 1.0, 1.0, 1.0)","(0.0, 0.0, 0.0, 0.0, 0.0, 0.0, 0.0, 0.0, 0.0, 0.0, 0.0)",257520.0,1613360.0,260080.0,1615920.0,65536,24,65536,24,0,0,0,0,0,0,b88b09faf4efe3540d79f9b164932cd729ae658b945b71ad7047ebfb18c0ea35,e30b20b736956225c831b47f0b245d1e657fa44513b78fa952e54907d04b095d,c5808319dfc9945292580d5c7fbe59860454464876b190dc62919d3f79bb8a71,65512,2,0,0,20,0,0,2,0,0,0,0,0,0,0,0
399,18-1-18_48PZC_0,18-1-18_48PZC,2018-01-18,48PZC,0,patches/S2_18-1-18_48PZC/S2_18-1-18_48PZC_0.tif,patches/S2_18-1-18_48PZC/S2_18-1-18_48PZC_0_cl.tif,patches/S2_18-1-18_48PZC/S2_18-1-18_48PZC_0_conf.tif,val,108.32520557447873,16.078496474381794,EPSG:32648,10.0,10.0,11,float32,,"(1.0, 1.0, 1.0, 1.0, 1.0, 1.0, 1.0, 1.0, 1.0, 1.0, 1.0)","(0.0, 0.0, 0.0, 0.0, 0.0, 0.0, 0.0, 0.0, 0.0, 0.0, 0.0)",854520.0,1779200.0,857080.0,1781760.0,65536,107,65536,107,0,0,0,0,0,0,83b623aa2a84b89482620de438aab56d038a5f01d84f5bbd0b2eb37e37539fd5,2db0174ade91a1940f6c4c03e2b5ac09b247763b070fd9a8a3969b8126cb21de,5f0f36a0f368d05e06935124cd410e6e3c414f585edfdf5d2d2cc64be7615228,65429,0,0,0,0,0,107,0,0,0,0,0,0,0,0,0
400,18-1-18_48PZC_1,18-1-18_48PZC,2018-01-18,48PZC,1,patches/S2_18-1-18_48PZC/S2_18-1-18_48PZC_1.tif,patches/S2_18-1-18_48PZC/S2_18-1-18_48PZC_1_cl.tif,patches/S2_18-1-18_48PZC/S2_18-1-18_48PZC_1_conf.tif,val,108.39610632585341,16.03116425179047,EPSG:32648,10.0,10.0,11,float32,,"(1.0, 1.0, 1.0, 1.0, 1.0, 1.0, 1.0, 1.0, 1.0, 1.0, 1.0)","(0.0, 0.0, 0.0, 0.0, 0.0, 0.0, 0.0, 0.0, 0.0, 0.0, 0.0)",862200.0,1774080.0,864760.0,1776640.0,65536,83,65536,83,0,0,0,0,0,0,4ebbc036b040bbd0ac66d1c0f5ab8ef6a0ed1488505bf149a63ea4274c3cd005,c521fb68edb0769f4a853bb6d41d8ea500b132c02ef8dae967b7059d595ed7dc,7b312aee27ef57ac1f1110d5ea6ed5b6936828b9ac9f3450068bf816d74b6367,65453,0,0,0,0,0,83,0,0,0,0,0,0,0,0,0
401,18-1-18_48PZC_10,18-1-18_48PZC,2018-01-18,48PZC,10,patches/S2_18-1-18_48PZC/S2_18-1-18_48PZC_10.tif,patches/S2_18-1-18_48PZC/S2_18-1-18_48PZC_10_cl.tif,patches/S2_18-1-18_48PZC/S2_18-1-18_48PZC_10_conf.tif,val,108.53942603338353,16.02884485301079,EPSG:32648,10.0,10.0,11,float32,,"(1.0, 1.0, 1.0, 1.0, 1.0, 1.0, 1.0, 1.0, 1.0, 1.0, 1.0)","(0.0, 0.0, 0.0, 0.0, 0.0, 0.0, 0.0, 0.0, 0.0, 0.0, 0.0)",877560.0,1774080.0,880120.0,1776640.0,65536,73,65536,73,0,0,0,0,0,0,05cf883a533f072c1e8c5b62f757176868649526d7615f846b71081f15c395dc,edd3d6b963058f6f8a437e7c89561ccb7838f3837af05692122d373be00b4e08,5818fee84c5af404a14e3d9a092df88d042030b419dd25a48bdbc044af5a080c,65463,0,0,0,0,24,0,0,0,0,14,0,0,0,35,0
402,18-1-18_48PZC_11,18-1-18_48PZC,2018-01-18,48PZC,11,patches/S2_18-1-18_48PZC/S2_18-1-18_48PZC_11.tif,patches/S2_18-1-18_48PZC/S2_18-1-18_48PZC_11_cl.tif,patches/S2_18-1-18_48PZC/S2_18-1-18_48PZC_11_conf.tif,val,108.50655484554554,15.802110414150292,EPSG:32648,10.0,10.0,11,float32,,"(1.0, 1.0, 1.0, 1.0, 1.0, 1.0, 1.0, 1.0, 1.0, 1.0, 1.0)","(0.0, 0.0, 0.0, 0.0, 0.0, 0.0, 0.0, 0.0, 0.0, 0.0, 0.0)",874460.0,1748900.0,877020.0,1751460.0,65536,31,65536,31,0,0,0,0,0,0,74e4e80eb28096fec953aa66178e3a703142b3f9f187db0b92764d8eb9c197f8,e921a335be714b0d2ad883bd620563c180c9970fa16f11c74d9aa60d36e3a133,68cba42998d56f5011da8fd0ea2d13eb41b51416d9151ff15039b0ac4b31c866,65505,0,0,0,0,31,0,0,0,0,0,0,0,0,0,0
403,18-1-18_48PZC_12,18-1-18_48PZC,2018-01-18,48PZC,12,patches/S2_18-1-18_48PZC/S2_18-1-18_48PZC_12.tif,patches/S2_18-1-18_48PZC/S2_18-1-18_48PZC_12_cl.tif,patches/S2_18-1-18_48PZC/S2_18-1-18_48PZC_12_conf.tif,val,108.53081439920186,15.824823304935482,EPSG:32648,10.0,10.0,11,float32,,"(1.0, 1.0, 1.0, 1.0, 1.0, 1.0, 1.0, 1.0, 1.0, 1.0, 1.0)","(0.0, 0.0, 0.0, 0.0, 0.0, 0.0, 0.0, 0.0, 0.0, 0.0, 0.0)",877020.0,1751460.0,879580.0,1754020.0,65536,31,65536,31,0,0,0,0,0,0,f8e2ae3ae1cd359ff85c252be02189190c40e2d8d8b2a3f4a6d28ef960c6f93b,7c0afbad809619d9ca48fc740fb4aa776741e56d364bd5af05f3fa1a6e52d67b,278a052239c27b074fa07685b2a541c1fc9bf99175ae03dfa46ea6904b601b80,65505,0,0,0,0,0,0,0,0,0,31,0,0,0,0,0
404,18-1-18_48PZC_13,18-1-18_48PZC,2018-01-18,48PZC,13,patches/S2_18-1-18_48PZC/S2_18-1-18_48PZC_13.tif,patches/S2_18-1-18_48PZC/S2_18-1-18_48PZC_13_cl.tif,patches/S2_18-1-18_48PZC/S2_18-1-18_48PZC_13_conf.tif,val,108.55427096913883,15.80133423625669,EPSG:32648,10.0,10.0,11,float32,,"(1.0, 1.0, 1.0, 1.0, 1.0, 1.0, 1.0, 1.0, 1.0, 1.0, 1.0)","(0.0, 0.0, 0.0, 0.0, 0.0, 0.0, 0.0, 0.0, 0.0, 0.0, 0.0)",879580.0,1748900.0,882140.0,1751460.0,65536,74,65536,74,0,0,0,0,0,0,41b08ab1e8bfe6e44fed8820461e933ce8d43e48657db160bf31700562b88c63,4d7a91da4489957e331fd7e617901ed5340acb3f87a4736bcd21f0afaa7cfda0,b9628577d616d96c24de9f4b57959c4d414fd4cbc510124b21d3f035b7ba09db,65462,3,0,0,0,0,66,3,0,0,2,0,0,0,0,0
405,18-1-18_48PZC_14,18-1-18_48PZC,2018-01-18,48PZC,14,patches/S2_18-1-18_48PZC/S2_18-1-18_48PZC_14.tif,patches/S2_18-1-18_48PZC/S2_18-1-18_48PZC_14_cl.tif,patches/S2_18-1-18_48PZC/S2_18-1-18_48PZC_14_conf.tif,val,108.55386777752953,15.778235100629866,EPSG:32648,10.0,10.0,11,float32,,"(1.0, 1.0, 1.0, 1.0, 1.0, 1.0, 1.0, 1.0, 1.0, 1.0, 1.0)","(0.0, 0.0, 0.0, 0.0, 0.0, 0.0, 0.0, 0.0, 0.0, 0.0, 0.0)",879580.0,1746340.0,882140.0,1748900.0,65536,1,65536,1,0,0,0,0,0,0,820f6d845dc83cc90b6927c690766f54ec486109c3cba10cfc1eda140e98cb6a,ba0e4baf6dcdea564f7accd22a7c0e1ecd1c431cfc9458268215e870034d5ab6,f0fa2cb15de9ad21d2def917d0dd4c7ce2a33e2c216e3315194915d90cebc130,65535,1,0,0,0,0,0,0,0,0,0,0,0,0,0,0
406,18-1-18_48PZC_15,18-1-18_48PZC,2018-01-18,48PZC,15,patches/S2_18-1-18_48PZC/S2_18-1-18_48PZC_15.tif,patches/S2_18-1-18_48PZC/S2_18-1-18_48PZC_15_cl.tif,patches/S2_18-1-18_48PZC/S2_18-1-18_48PZC_15_conf.tif,val,108.5777221497252,15.777843698829425,EPSG:32648,10.0,10.0,11,float32,,"(1.0, 1.0, 1.0, 1.0, 1.0, 1.0, 1.0, 1.0, 1.0, 1.0, 1.0)","(0.0, 0.0, 0.0, 0.0, 0.0, 0.0, 0.0, 0.0, 0.0, 0.0, 0.0)",882140.0,1746340.0,884700.0,1748900.0,65536,4,65536,4,0,0,0,0,0,0,7b27897e1eb91df73b1c44bb7e425d68dabc27ab543bab58f6bd181ad7a1c2d5,4f6c01ea6806eb82897b2929b5879f75e390e71f2c195f633b68747f9aaf4e3c,f1d347e2c3c54db897bb8b1cd47f5d8fdf4ae000c669e4f4afd6f918b0bc35e8,65532,0,0,0,0,0,0,2,0,0,2,0,0,0,0,0
407,18-1-18_48PZC_16,18-1-18_48PZC,2018-01-18,48PZC,16,patches/S2_18-1-18_48PZC/S2_18-1-18_48PZC_16.tif,patches/S2_18-1-18_48PZC/S2_18-1-18_48PZC_16_cl.tif,patches/S2_18-1-18_48PZC/S2_18-1-18_48PZC_16_conf.tif,val,108.57731693629415,15.754745106075212,EPSG:32648,10.0,10.0,11,float32,,"(1.0, 1.0, 1.0, 1.0, 1.0, 1.0, 1.0, 1.0, 1.0, 1.0, 1.0)","(0.0, 0.0, 0.0, 0.0, 0.0, 0.0, 0.0, 0.0, 0.0, 0.0, 0.0)",882140.0,1743780.0,884700.0,1746340.0,65536,15,65536,15,0,0,0,0,0,0,4e9d5ede167b46581310cf33346b414992bb46ecb580fc1321b654d31b6d9500,eaacf71260727f1c148c1885d1bb1fb4afa79f351a995a385aa3872e764a720d,6259c0f101c2de196abc239e1b4cb5b9f5c1ed29b430ef462ce5c97706ac1ea2,65521,3,0,0,0,0,0,1,0,0,10,0,0,0,0,1
408,18-1-18_48PZC_17,18-1-18_48PZC,2018-01-18,48PZC,17,patches/S2_18-1-18_48PZC/S2_18-1-18_48PZC_17.tif,patches/S2_18-1-18_48PZC/S2_18-1-18_48PZC_17_cl.tif,patches/S2_18-1-18_48PZC/S2_18-1-18_48PZC_17_conf.tif,val,108.57650851936747,15.708547743528653,EPSG:32648,10.0,10.0,11,float32,,"(1.0, 1.0, 1.0, 1.0, 1.0, 1.0, 1.0, 1.0, 1.0, 1.0, 1.0)","(0.0, 0.0, 0.0, 0.0, 0.0, 0.0, 0.0, 0.0, 0.0, 0.0, 0.0)",882140.0,1738660.0,884700.0,1741220.0,65536,3,65536,3,0,0,0,0,0,0,fa4aa587184a7a5f23a536c950cf615bb3247bf85ae12c7d19812c0970044965,9eb437229fd78c0eae3295cbbdbcef489ccca120e364ba5601b47861ef33644d,499b0af8b8bc5746fcfbbc0c16b664d0f8c4cc046eb21b4d9bb083c077c7e087,65533,2,0,0,0,0,0,1,0,0,0,0,0,0,0,0
409,18-1-18_48PZC_18,18-1-18_48PZC,2018-01-18,48PZC,18,patches/S2_18-1-18_48PZC/S2_18-1-18_48PZC_18.tif,patches/S2_18-1-18_48PZC/S2_18-1-18_48PZC_18_cl.tif,patches/S2_18-1-18_48PZC/S2_18-1-18_48PZC_18_conf.tif,val,108.60198442727015,15.800547619206187,EPSG:32648,10.0,10.0,11,float32,,"(1.0, 1.0, 1.0, 1.0, 1.0, 1.0, 1.0, 1.0, 1.0, 1.0, 1.0)","(0.0, 0.0, 0.0, 0.0, 0.0, 0.0, 0.0, 0.0, 0.0, 0.0, 0.0)",884700.0,1748900.0,887260.0,1751460.0,65536,391,65536,391,0,0,0,0,0,0,db7edc80215eaa31b01f5dcc4b10ba7bd5f5768577002009ca21b4e1929fc78b,748ea1d8a40143e7742194700f708134fe215f75bd143d244026e3ba0b66486c,d621b5f68e388a92e352c07070ebfa5c575b4f45389c664e6849da33a7d5f815,65145,0,0,0,0,0,391,0,0,0,0,0,0,0,0,0
410,18-1-18_48PZC_19,18-1-18_48PZC,2018-01-18,48PZC,19,patches/S2_18-1-18_48PZC/S2_18-1-18_48PZC_19.tif,patches/S2_18-1-18_48PZC/S2_18-1-18_48PZC_19_cl.tif,patches/S2_18-1-18_48PZC/S2_18-1-18_48PZC_19_conf.tif,val,108.60157585146752,15.77744969157389,EPSG:32648,10.0,10.0,11,float32,,"(1.0, 1.0, 1.0, 1.0, 1.0, 1.0, 1.0, 1.0, 1.0, 1.0, 1.0)","(0.0, 0.0, 0.0, 0.0, 0.0, 0.0, 0.0, 0.0, 0.0, 0.0, 0.0)",884700.0,1746340.0,887260.0,1748900.0,65536,491,65536,491,0,0,0,0,0,0,5b74bea02704fb30c6dbba24d3376ce2a691d0eed5dfdc77c15606f902c7c84c,cd8880108665f12d710ef3298491bcaf7bba05a87fa6b24a47220a5759e99721,bfea6ff56995bae730bacd5eeef6e861e0a777b145bdc6f70b8e839b0c6c91ce,65045,0,0,0,0,0,0,491,0,0,0,0,0,0,0,0
411,18-1-18_48PZC_2,18-1-18_48PZC,2018-01-18,48PZC,2,patches/S2_18-1-18_48PZC/S2_18-1-18_48PZC_2.tif,patches/S2_18-1-18_48PZC/S2_18-1-18_48PZC_2_cl.tif,patches/S2_18-1-18_48PZC/S2_18-1-18_48PZC_2_conf.tif,val,108.42078433109715,16.076988063937296,EPSG:32648,10.0,10.0,11,float32,,"(1.0, 1.0, 1.0, 1.0, 1.0, 1.0, 1.0, 1.0, 1.0, 1.0, 1.0)","(0.0, 0.0, 0.0, 0.0, 0.0, 0.0, 0.0, 0.0, 0.0, 0.0, 0.0)",864760.0,1779200.0,867320.0,1781760.0,65536,56,65536,56,0,0,0,0,0,0,c4181a3074ae4f1beaa643565d3bab69263e258b37e68c3996f146159022d0c7,2785ccf711eae509a021cd037c76de78baa635b8ef65322a3e87ddcf51e58f19,eda8ee001cca2260e09f28eae3d41fb2a4bac2363c449e01fc196e83a0fb3cab,65480,0,0,0,0,22,0,0,0,0,0,0,0,0,34,0
412,18-1-18_48PZC_20,18-1-18_48PZC,2018-01-18,48PZC,20,patches/S2_18-1-18_48PZC/S2_18-1-18_48PZC_20.tif,patches/S2_18-1-18_48PZC/S2_18-1-18_48PZC_20_cl.tif,patches/S2_18-1-18_48PZC/S2_18-1-18_48PZC_20_conf.tif,val,108.62707802739949,15.869441992561372,EPSG:32648,10.0,10.0,11,float32,,"(1.0, 1.0, 1.0, 1.0, 1.0, 1.0, 1.0, 1.0, 1.0, 1.0, 1.0)","(0.0, 0.0, 0.0, 0.0, 0.0, 0.0, 0.0, 0.0, 0.0, 0.0, 0.0)",887260.0,1756580.0,889820.0,1759140.0,65536,21,65536,21,0,0,0,0,0,0,5d51e427abd8eb9465ecaabab63cfcaa3248756764f05246ecc4f0ec78eaede7,bfc12d324b0eaa05da1f251c0a6dcdc056ab3e0ff9bc6321f42bf3421b7bb80f,00bb4f36fd616a259407feebb71db797cd0efb56c5dc5e053c1cc49a1bd6dd10,65515,0,0,0,0,0,0,21,0,0,0,0,0,0,0,0
413,18-1-18_48PZC_21,18-1-18_48PZC,2018-01-18,48PZC,21,patches/S2_18-1-18_48PZC/S2_18-1-18_48PZC_21.tif,patches/S2_18-1-18_48PZC/S2_18-1-18_48PZC_21_cl.tif,patches/S2_18-1-18_48PZC/S2_18-1-18_48PZC_21_conf.tif,val,108.67354953895075,15.799348126008356,EPSG:32648,10.0,10.0,11,float32,,"(1.0, 1.0, 1.0, 1.0, 1.0, 1.0, 1.0, 1.0, 1.0, 1.0, 1.0)","(0.0, 0.0, 0.0, 0.0, 0.0, 0.0, 0.0, 0.0, 0.0, 0.0, 0.0)",892380.0,1748900.0,894940.0,1751460.0,65536,19,65536,19,0,0,0,0,0,0,7980e0bc4695385918379777293227caa41d083f7b254dd3fec4a928bad03a46,a07fe80291be1adadf7009f978c9bf5ffccd5391bf70ca93d258a5bf39cfc240,bf23de16e83f855e88ae97f34464ae5bdab477bbb09e8125eb470afab1f732bb,65517,0,0,0,0,19,0,0,0,0,0,0,0,0,0,0
414,18-1-18_48PZC_22,18-1-18_48PZC,2018-01-18,48PZC,22,patches/S2_18-1-18_48PZC/S2_18-1-18_48PZC_22.tif,patches/S2_18-1-18_48PZC/S2_18-1-18_48PZC_22_cl.tif,patches/S2_18-1-18_48PZC/S2_18-1-18_48PZC_22_conf.tif,val,108.67230165506169,15.730059690302504,EPSG:32648,10.0,10.0,11,float32,,"(1.0, 1.0, 1.0, 1.0, 1.0, 1.0, 1.0, 1.0, 1.0, 1.0, 1.0)","(0.0, 0.0, 0.0, 0.0, 0.0, 0.0, 0.0, 0.0, 0.0, 0.0, 0.0)",892380.0,1741220.0,894940.0,1743780.0,65536,58,65536,58,0,0,0,0,0,0,179c2df3f6c4265ad49b09860ad1d58f32535b39b1b23ae585ec23380597df9f,84fccf1bcf454a67e68d606a1c5e248ec7f024139f7e859d3deae863b914de81,2c19428b317332da57992d5f064bcbc63ff5b9e6ddd2c3d0ece3620e59ca3945,65478,0,0,0,0,36,0,22,0,0,0,0,0,0,0,0
415,18-1-18_48PZC_23,18-1-18_48PZC,2018-01-18,48PZC,23,patches/S2_18-1-18_48PZC/S2_18-1-18_48PZC_23.tif,patches/S2_18-1-18_48PZC/S2_18-1-18_48PZC_23_cl.tif,patches/S2_18-1-18_48PZC/S2_18-1-18_48PZC_23_conf.tif,val,108.72252645403621,15.867819575057258,EPSG:32648,10.0,10.0,11,float32,,"(1.0, 1.0, 1.0, 1.0, 1.0, 1.0, 1.0, 1.0, 1.0, 1.0, 1.0)","(0.0, 0.0, 0.0, 0.0, 0.0, 0.0, 0.0, 0.0, 0.0, 0.0, 0.0)",897500.0,1756580.0,900060.0,1759140.0,65536,104,65536,104,0,0,0,0,0,0,a58dd9d7014323263aac69eaccec337f0c67335fb22807505bf14b9cd301110d,7a11c051202d5116c2fd2e1a3eb6a90083b774f6440e7463f47899eeb04a2815,4c89dd84884dde3f12fe4d30f77a8ab63ace9f4f1db3a15c1a6a2934581d96fb,65432,0,0,0,0,47,0,29,0,0,0,0,0,0,28,0
416,18-1-18_48PZC_24,18-1-18_48PZC,2018-01-18,48PZC,24,patches/S2_18-1-18_48PZC/S2_18-1-18_48PZC_24.tif,patches/S2_18-1-18_48PZC/S2_18-1-18_48PZC_24_cl.tif,patches/S2_18-1-18_48PZC/S2_18-1-18_48PZC_24_conf.tif,val,108.74595999884043,15.844313394338487,EPSG:32648,10.0,10.0,11,float32,,"(1.0, 1.0, 1.0, 1.0, 1.0, 1.0, 1.0, 1.0, 1.0, 1.0, 1.0)","(0.0, 0.0, 0.0, 0.0, 0.0, 0.0, 0.0, 0.0, 0.0, 0.0, 0.0)",900060.0,1754020.0,902620.0,1756580.0,65536,169,65536,169,0,0,0,0,0,0,fb46091a9975bbdd85143ff90b84f74388284a9d4d6de121bc53a4c907c5b1d3,832ae6668c2f5a6db532ac078ec269f45f853d2d8674dcad4047b5c0172463e9,2934dbdbaa539f706d4241f63a56603b6ae808997a9236c3f14158f387a32f56,65367,0,0,0,0,0,0,169,0,0,0,0,0,0,0,0
417,18-1-18_48PZC_25,18-1-18_48PZC,2018-01-18,48PZC,25,patches/S2_18-1-18_48PZC/S2_18-1-18_48PZC_25.tif,patches/S2_18-1-18_48PZC/S2_18-1-18_48PZC_25_cl.tif,patches/S2_18-1-18_48PZC/S2_18-1-18_48PZC_25_conf.tif,val,108.76683003774741,15.682243820811907,EPSG:32648,10.0,10.0,11,float32,,"(1.0, 1.0, 1.0, 1.0, 1.0, 1.0, 1.0, 1.0, 1.0, 1.0, 1.0)","(0.0, 0.0, 0.0, 0.0, 0.0, 0.0, 0.0, 0.0, 0.0, 0.0, 0.0)",902620.0,1736100.0,905180.0,1738660.0,65536,2379,65536,2379,0,0,0,0,0,0,3692e4720690d8ab3724e614b1c33a57b4ae9832a4310532cdb12ff561046423,a0e7e4c68bdcf4505f436652c399b79fbd78caa97be55ef8bb335818fa9a537b,ab35ecb38530e3a97b1d55373773e8348c15918646fe3f3e5bd5d28a7a9f21ed,63157,0,0,0,0,0,1937,6,0,0,0,0,0,436,0,0
418,18-1-18_48PZC_26,18-1-18_48PZC,2018-01-18,48PZC,26,patches/S2_18-1-18_48PZC/S2_18-1-18_48PZC_26.tif,patches/S2_18-1-18_48PZC/S2_18-1-18_48PZC_26_cl.tif,patches/S2_18-1-18_48PZC/S2_18-1-18_48PZC_26_conf.tif,val,108.79066750444765,15.6818315327174,EPSG:32648,10.0,10.0,11,float32,,"(1.0, 1.0, 1.0, 1.0, 1.0, 1.0, 1.0, 1.0, 1.0, 1.0, 1.0)","(0.0, 0.0, 0.0, 0.0, 0.0, 0.0, 0.0, 0.0, 0.0, 0.0, 0.0)",905180.0,1736100.0,907740.0,1738660.0,65536,567,65536,567,0,0,0,0,0,0,9c1e4db1bb8612a7562b4dbaf765c360a1353de6420f109c82659c172199533e,1c47eb7b0c737c5b9ba3d9d83cac2a49b7e2122b22b6f0c3ef36c4536f394ed1,949a3b5b12236352ae8d878291e7a1127e729dce9fa41162a6c13cf518e2c904,64969,0,0,0,0,0,561,6,0,0,0,0,0,0,0,0
419,18-1-18_48PZC_3,18-1-18_48PZC,2018-01-18,48PZC,3,patches/S2_18-1-18_48PZC/S2_18-1-18_48PZC_3.tif,patches/S2_18-1-18_48PZC/S2_18-1-18_48PZC_3_cl.tif,patches/S2_18-1-18_48PZC/S2_18-1-18_48PZC_3_conf.tif,val,108.418031426882,15.915273899207998,EPSG:32648,10.0,10.0,11,float32,,"(1.0, 1.0, 1.0, 1.0, 1.0, 1.0, 1.0, 1.0, 1.0, 1.0, 1.0)","(0.0, 0.0, 0.0, 0.0, 0.0, 0.0, 0.0, 0.0, 0.0, 0.0, 0.0)",864760.0,1761280.0,867320.0,1763840.0,65536,50,65536,50,0,0,0,0,0,0,a873a2b0fcb929b186527c250293f856d73847316421202a77cff5f582279987,1b97ea2dac6288bcca49bb3767c53a6e26acd04b6b78c13c9990e4e8915bce50,db2f787f53f6aa7b1c8f73365c57ee306783cac1c5f03bdd18346b2d4eff12c8,65486,0,0,0,0,0,0,0,0,0,50,0,0,0,0,0
420,18-1-18_48PZC_4,18-1-18_48PZC,2018-01-18,48PZC,4,patches/S2_18-1-18_48PZC/S2_18-1-18_48PZC_4.tif,patches/S2_18-1-18_48PZC/S2_18-1-18_48PZC_4_cl.tif,patches/S2_18-1-18_48PZC/S2_18-1-18_48PZC_4_conf.tif,val,108.4172506685334,15.86906932246381,EPSG:32648,10.0,10.0,11,float32,,"(1.0, 1.0, 1.0, 1.0, 1.0, 1.0, 1.0, 1.0, 1.0, 1.0, 1.0)","(0.0, 0.0, 0.0, 0.0, 0.0, 0.0, 0.0, 0.0, 0.0, 0.0, 0.0)",864760.0,1756160.0,867320.0,1758720.0,65536,109,65536,109,0,0,0,0,0,0,2d0203ed739ad1107fd1b9877fc12b698fbde656c2e7a035fd4669e4142424ae,df7ee1302434e4fccec2da15fa10eab26ca267df159594a2c633d55d2feda34d,98d58b78db00c215d383cc51d464c0dc972c65d5dd8a88c40e364b1eee03c6c6,65427,0,0,0,0,0,0,0,0,0,109,0,0,0,0,0
421,18-1-18_48PZC_5,18-1-18_48PZC,2018-01-18,48PZC,5,patches/S2_18-1-18_48PZC/S2_18-1-18_48PZC_5.tif,patches/S2_18-1-18_48PZC/S2_18-1-18_48PZC_5_cl.tif,patches/S2_18-1-18_48PZC/S2_18-1-18_48PZC_5_conf.tif,val,108.44151196364342,15.891792527689487,EPSG:32648,10.0,10.0,11,float32,,"(1.0, 1.0, 1.0, 1.0, 1.0, 1.0, 1.0, 1.0, 1.0, 1.0, 1.0)","(0.0, 0.0, 0.0, 0.0, 0.0, 0.0, 0.0, 0.0, 0.0, 0.0, 0.0)",867320.0,1758720.0,869880.0,1761280.0,65536,4,65536,4,0,0,0,0,0,0,ffcc11865969efe151854df11836bafcc52701156c144e7c6bf5803dc404c578,05e760fc206ff214f64923c0a654e0809c383bb0efb502a5e8a11219d2b8718e,8b7d48668930037fac17f1a755115abc9e97d31109654094d5e0d5401aa26d8f,65532,0,0,0,0,4,0,0,0,0,0,0,0,0,0,0
422,18-1-18_48PZC_6,18-1-18_48PZC,2018-01-18,48PZC,6,patches/S2_18-1-18_48PZC/S2_18-1-18_48PZC_6.tif,patches/S2_18-1-18_48PZC/S2_18-1-18_48PZC_6_cl.tif,patches/S2_18-1-18_48PZC/S2_18-1-18_48PZC_6_conf.tif,val,108.49205820116497,16.05272874037824,EPSG:32648,10.0,10.0,11,float32,,"(1.0, 1.0, 1.0, 1.0, 1.0, 1.0, 1.0, 1.0, 1.0, 1.0, 1.0)","(0.0, 0.0, 0.0, 0.0, 0.0, 0.0, 0.0, 0.0, 0.0, 0.0, 0.0)",872440.0,1776640.0,875000.0,1779200.0,65536,28,65536,28,0,0,0,0,0,0,4afd56ec25c3b5a4297535728dba20cc21874e168739c9a41b219b65094cf587,e28b8a2c88a399201d49cec801759b859867dd50465a8b98ab9b9a65fa2dc903,35ed9613cca140c7d20f632413047ca74347bcc0495f2c9d7dda475c571eb0d2,65508,0,0,0,0,6,0,0,0,0,10,0,0,0,12,0
423,18-1-18_48PZC_7,18-1-18_48PZC,2018-01-18,48PZC,7,patches/S2_18-1-18_48PZC/S2_18-1-18_48PZC_7.tif,patches/S2_18-1-18_48PZC/S2_18-1-18_48PZC_7_cl.tif,patches/S2_18-1-18_48PZC/S2_18-1-18_48PZC_7_conf.tif,val,108.51554105530037,16.02923804513662,EPSG:32648,10.0,10.0,11,float32,,"(1.0, 1.0, 1.0, 1.0, 1.0, 1.0, 1.0, 1.0, 1.0, 1.0, 1.0)","(0.0, 0.0, 0.0, 0.0, 0.0, 0.0, 0.0, 0.0, 0.0, 0.0, 0.0)",875000.0,1774080.0,877560.0,1776640.0,65536,2,65536,2,0,0,0,0,0,0,fb9187695f69e13df6bd86453c1ba63c13e5d5bf9ea3a86f0016fc3cac54424a,2639cf0e06ee339df4c6811eecacdefbe11e12a5c33d78f7a851c7f9bd1f3878,ff1b555b193658a3bb4377f52ce1966570d6c09dfa0ec7eecc1784e7cf544ec3,65534,0,0,0,0,0,0,0,0,2,0,0,0,0,0,0
424,18-1-18_48PZC_8,18-1-18_48PZC,2018-01-18,48PZC,8,patches/S2_18-1-18_48PZC/S2_18-1-18_48PZC_8.tif,patches/S2_18-1-18_48PZC/S2_18-1-18_48PZC_8_cl.tif,patches/S2_18-1-18_48PZC/S2_18-1-18_48PZC_8_conf.tif,val,108.51513618978373,16.006138424781742,EPSG:32648,10.0,10.0,11,float32,,"(1.0, 1.0, 1.0, 1.0, 1.0, 1.0, 1.0, 1.0, 1.0, 1.0, 1.0)","(0.0, 0.0, 0.0, 0.0, 0.0, 0.0, 0.0, 0.0, 0.0, 0.0, 0.0)",875000.0,1771520.0,877560.0,1774080.0,65536,13,65536,13,0,0,0,0,0,0,ad6428d4695e1f7b4130ec89e2544f55201cce4e0a23e985c99fb364ba62209b,74f2aa11b6b7164550be7bf7378a9b7f7eb78efc1ee6a32c396c0d96fe2f3f69,8e67a9ddae9da646ca9388dd0435bd26a7581949507f96f97db4550992c62c41,65523,0,0,0,0,0,0,9,0,4,0,0,0,0,0,0
425,18-1-18_48PZC_9,18-1-18_48PZC,2018-01-18,48PZC,9,patches/S2_18-1-18_48PZC/S2_18-1-18_48PZC_9.tif,patches/S2_18-1-18_48PZC/S2_18-1-18_48PZC_9_cl.tif,patches/S2_18-1-18_48PZC/S2_18-1-18_48PZC_9_conf.tif,val,108.51473198580608,15.983038744868086,EPSG:32648,10.0,10.0,11,float32,,"(1.0, 1.0, 1.0, 1.0, 1.0, 1.0, 1.0, 1.0, 1.0, 1.0, 1.0)","(0.0, 0.0, 0.0, 0.0, 0.0, 0.0, 0.0, 0.0, 0.0, 0.0, 0.0)",875000.0,1768960.0,877560.0,1771520.0,65536,19,65536,19,0,0,0,0,0,0,97f42a6eb5e744574b0d5917ce1d46b3e769e06f880c73ee689506ec30b500eb,0492b853090f2a452f7cdd061efc27e044e53fe99651d1055233d63a907afd18,77d8a2635d43108eb502cf8c91ce36844f6a7d7fd1e651d415d86fee32c4ada3,65517,0,0,0,0,0,0,19,0,0,0,0,0,0,0,0
426,18-5-19_51PTS_0,18-5-19_51PTS,2019-05-18,51PTS,0,patches/S2_18-5-19_51PTS/S2_18-5-19_51PTS_0.tif,patches/S2_18-5-19_51PTS/S2_18-5-19_51PTS_0_cl.tif,patches/S2_18-5-19_51PTS/S2_18-5-19_51PTS_0_conf.tif,test,120.84991010891274,14.583366215286858,EPSG:32651,10.0,10.0,11,float32,,"(1.0, 1.0, 1.0, 1.0, 1.0, 1.0, 1.0, 1.0, 1.0, 1.0, 1.0)","(0.0, 0.0, 0.0, 0.0, 0.0, 0.0, 0.0, 0.0, 0.0, 0.0, 0.0)",267080.0,1612060.0,269640.0,1614620.0,65536,5,65536,5,0,0,0,0,0,0,28186d787c9e9aa4cc80286996103f7d793cda755c221b1382dee71135df37fd,94d7f3af14aee9debcf40b83b01c9d1cc079c14039882f23c21f5fb1cd263938,a87428687a575d23ff32695e943f504d0446a9235722accd5cd9866d16d45141,65531,4,0,0,0,0,0,1,0,0,0,0,0,0,0,0
427,18-5-19_51PTS_1,18-5-19_51PTS,2019-05-18,51PTS,1,patches/S2_18-5-19_51PTS/S2_18-5-19_51PTS_1.tif,patches/S2_18-5-19_51PTS/S2_18-5-19_51PTS_1_cl.tif,patches/S2_18-5-19_51PTS/S2_18-5-19_51PTS_1_conf.tif,test,120.85013442472368,14.560236202669858,EPSG:32651,10.0,10.0,11,float32,,"(1.0, 1.0, 1.0, 1.0, 1.0, 1.0, 1.0, 1.0, 1.0, 1.0, 1.0)","(0.0, 0.0, 0.0, 0.0, 0.0, 0.0, 0.0, 0.0, 0.0, 0.0, 0.0)",267080.0,1609500.0,269640.0,1612060.0,65536,8,65536,8,0,0,0,0,0,0,95e23fba15062738bc584ed4bf6a86e03015b0328fab45edf6956a9fdfbce464,b00ea4216456e81781ec0a7ef5dba902e90125ad2bde40ef97ac0a0c693ee52a,acbcbe883c9ba23a4719df22db7bad49a2f536a43ba3b0153f5c753188ac68cc,65528,6,0,0,0,0,0,2,0,0,0,0,0,0,0,0
428,18-5-19_51PTS_2,18-5-19_51PTS,2019-05-18,51PTS,2,patches/S2_18-5-19_51PTS/S2_18-5-19_51PTS_2.tif,patches/S2_18-5-19_51PTS/S2_18-5-19_51PTS_2_cl.tif,patches/S2_18-5-19_51PTS/S2_18-5-19_51PTS_2_conf.tif,test,120.87366038045651,14.583583661405878,EPSG:32651,10.0,10.0,11,float32,,"(1.0, 1.0, 1.0, 1.0, 1.0, 1.0, 1.0, 1.0, 1.0, 1.0, 1.0)","(0.0, 0.0, 0.0, 0.0, 0.0, 0.0, 0.0, 0.0, 0.0, 0.0, 0.0)",269640.0,1612060.0,272200.0,1614620.0,65536,7,65536,7,0,0,0,0,0,0,8f4b3573689ae26d4be4c5f96b3e0fc16e37264c5c7456528a1afdf7206f1067,30b91c75041274eab146d1d00e5cd08eb7cd336bdec3e2c7955dda33d0a71d96,3582cb235b02000725015d4eba896e8ae01f70a24a63ee3c2d7e827a2c152ce1,65529,0,0,0,0,3,0,4,0,0,0,0,0,0,0,0
429,18-5-19_51PTS_3,18-5-19_51PTS,2019-05-18,51PTS,3,patches/S2_18-5-19_51PTS/S2_18-5-19_51PTS_3.tif,patches/S2_18-5-19_51PTS/S2_18-5-19_51PTS_3_cl.tif,patches/S2_18-5-19_51PTS/S2_18-5-19_51PTS_3_conf.tif,test,120.87388222301199,14.560453289158387,EPSG:32651,10.0,10.0,11,float32,,"(1.0, 1.0, 1.0, 1.0, 1.0, 1.0, 1.0, 1.0, 1.0, 1.0, 1.0)","(0.0, 0.0, 0.0, 0.0, 0.0, 0.0, 0.0, 0.0, 0.0, 0.0, 0.0)",269640.0,1609500.0,272200.0,1612060.0,65536,18,65536,18,0,0,0,0,0,0,f7bafa2659d3ad954371e7138cce3d5a0c5533cd5146cc51ac17339b6a120c5c,65b2c6fcf0130186d787d4181de28bf33c14a19a8f698757576a9e9bfa64abab,afd6f2399f68e8ae4ee058250e68ac67162743bf8b82c729920dd436a99fbe59,65518,0,0,0,0,10,0,8,0,0,0,0,0,0,0,0
430,18-9-20_16PCC_0,18-9-20_16PCC,2020-09-18,16PCC,0,patches/S2_18-9-20_16PCC/S2_18-9-20_16PCC_0.tif,patches/S2_18-9-20_16PCC/S2_18-9-20_16PCC_0_cl.tif,patches/S2_18-9-20_16PCC/S2_18-9-20_16PCC_0_conf.tif,val,-88.27685975542667,15.886159195112176,EPSG:32616,10.0,10.0,11,float32,,"(1.0, 1.0, 1.0, 1.0, 1.0, 1.0, 1.0, 1.0, 1.0, 1.0, 1.0)","(0.0, 0.0, 0.0, 0.0, 0.0, 0.0, 0.0, 0.0, 0.0, 0.0, 0.0)",362020.0,1755480.0,364580.0,1758040.0,65536,49,65536,49,0,0,0,0,0,0,8373094adf143a1419584473d9dbe34dd2040a43d5f6917df83e269df080f8c5,563a1ebe4131dadcf8f32e1d5e45b2532e88a41553ea7cd120902ae9fef42461,7b564545fec72bd55432aa5550cc84c6a2b58d00b9880cc45cf6f5222fd99c2e,65487,0,0,0,0,0,0,49,0,0,0,0,0,0,0,0
431,18-9-20_16PCC_1,18-9-20_16PCC,2020-09-18,16PCC,1,patches/S2_18-9-20_16PCC/S2_18-9-20_16PCC_1.tif,patches/S2_18-9-20_16PCC/S2_18-9-20_16PCC_1_cl.tif,patches/S2_18-9-20_16PCC/S2_18-9-20_16PCC_1_conf.tif,val,-88.27613343645042,15.770468965499793,EPSG:32616,10.0,10.0,11,float32,,"(1.0, 1.0, 1.0, 1.0, 1.0, 1.0, 1.0, 1.0, 1.0, 1.0, 1.0)","(0.0, 0.0, 0.0, 0.0, 0.0, 0.0, 0.0, 0.0, 0.0, 0.0, 0.0)",362020.0,1742680.0,364580.0,1745240.0,65536,32610,65536,32610,0,0,0,0,0,0,2ebc21b3a07c73ff9e71b19a677c9bd7d536036cd7deb8b72b58e92af82d5082,4bab1ead367a5a6780665e4389ec56733ec185325f7ba339087a5cde854f175c,e6089e1ded3630c6d2cc064ca7493ce2e4164d076edc520a3d923bd271ffe7a3,32926,0,0,0,0,0,0,0,32610,0,0,0,0,0,0,0
432,18-9-20_16PCC_10,18-9-20_16PCC,2020-09-18,16PCC,10,patches/S2_18-9-20_16PCC/S2_18-9-20_16PCC_10.tif,patches/S2_18-9-20_16PCC/S2_18-9-20_16PCC_10_cl.tif,patches/S2_18-9-20_16PCC/S2_18-9-20_16PCC_10_conf.tif,val,-88.22820570309267,15.74760527694009,EPSG:32616,10.0,10.0,11,float32,,"(1.0, 1.0, 1.0, 1.0, 1.0, 1.0, 1.0, 1.0, 1.0, 1.0, 1.0)","(0.0, 0.0, 0.0, 0.0, 0.0, 0.0, 0.0, 0.0, 0.0, 0.0, 0.0)",367140.0,1740120.0,369700.0,1742680.0,65536,1724,65536,1724,0,0,0,24,0,0,dbad3f70518f3cbc64e2977c07ab5f61c798608b5c8c16f4f3cf880a7e242713,f5bbf0ecb5fbf133c6bb55210d92ff4a15bf3a9265dea30b6079f582534c224c,dcda0a68ec37252e417e03ea1a5b072824b9c8159ec460772e064b88b981c35a,63812,0,0,0,0,0,0,0,0,0,1724,0,0,0,0,0
433,18-9-20_16PCC_11,18-9-20_16PCC,2020-09-18,16PCC,11,patches/S2_18-9-20_16PCC/S2_18-9-20_16PCC_11.tif,patches/S2_18-9-20_16PCC/S2_18-9-20_16PCC_11_cl.tif,patches/S2_18-9-20_16PCC/S2_18-9-20_16PCC_11_conf.tif,val,-88.22806679884658,15.724466605636641,EPSG:32616,10.0,10.0,11,float32,,"(1.0, 1.0, 1.0, 1.0, 1.0, 1.0, 1.0, 1.0, 1.0, 1.0, 1.0)","(0.0, 0.0, 0.0, 0.0, 0.0, 0.0, 0.0, 0.0, 0.0, 0.0, 0.0)",367140.0,1737560.0,369700.0,1740120.0,65536,147,65536,147,0,0,0,0,0,0,0fb176347a5289e778255c0c8b92769f3d39b0cbe06ad5d9112794eb32a92fd6,dc99607bef78e1111eb75952d7ab67a5233b874010861de2648681be37ea8535,c4f8ddef03f3eaf7dd28eb14387a87b48e9a383cf426d62280e37d958ebe0d06,65389,0,0,0,0,0,0,0,0,0,147,0,0,0,0,0
434,18-9-20_16PCC_12,18-9-20_16PCC,2020-09-18,16PCC,12,patches/S2_18-9-20_16PCC/S2_18-9-20_16PCC_12.tif,patches/S2_18-9-20_16PCC/S2_18-9-20_16PCC_12_cl.tif,patches/S2_18-9-20_16PCC/S2_18-9-20_16PCC_12_conf.tif,val,-88.20499817307065,15.863432236011372,EPSG:32616,10.0,10.0,11,float32,,"(1.0, 1.0, 1.0, 1.0, 1.0, 1.0, 1.0, 1.0, 1.0, 1.0, 1.0)","(0.0, 0.0, 0.0, 0.0, 0.0, 0.0, 0.0, 0.0, 0.0, 0.0, 0.0)",369700.0,1752920.0,372260.0,1755480.0,65536,25,65536,25,0,0,0,0,0,0,622eb8d057246643132c14291d36672a3c62170888bbab82e755976aa198a6c3,2fbaccd2850ef2df65d93c6cf43d85b17aaad094b3cf9612399cb2051f972e6c,f6c7ca13da478d01dece5caf0f0b1a14e90668a2360b17c02ad836c98397b611,65511,0,0,0,0,0,0,0,0,0,25,0,0,0,0,0
435,18-9-20_16PCC_13,18-9-20_16PCC,2020-09-18,16PCC,13,patches/S2_18-9-20_16PCC/S2_18-9-20_16PCC_13.tif,patches/S2_18-9-20_16PCC/S2_18-9-20_16PCC_13_cl.tif,patches/S2_18-9-20_16PCC/S2_18-9-20_16PCC_13_conf.tif,val,-88.15758344759955,15.933109809965684,EPSG:32616,10.0,10.0,11,float32,,"(1.0, 1.0, 1.0, 1.0, 1.0, 1.0, 1.0, 1.0, 1.0, 1.0, 1.0)","(0.0, 0.0, 0.0, 0.0, 0.0, 0.0, 0.0, 0.0, 0.0, 0.0, 0.0)",374820.0,1760600.0,377380.0,1763160.0,65536,9,65536,9,0,0,0,0,0,0,f90b2eb5ea7a64760275edcd1fa098cf5c2b861d5e9d1da33d1aadba1791fc35,c865794a2fb9336eca39531f7df5d0c86a1d911e325fe1ac45712e122a5d9393,c031c42157997ab53c31b453b72560bbca278c1456829df271157b278bbc6b11,65527,8,0,0,0,0,0,1,0,0,0,0,0,0,0,0
436,18-9-20_16PCC_14,18-9-20_16PCC,2020-09-18,16PCC,14,patches/S2_18-9-20_16PCC/S2_18-9-20_16PCC_14.tif,patches/S2_18-9-20_16PCC/S2_18-9-20_16PCC_14_cl.tif,patches/S2_18-9-20_16PCC/S2_18-9-20_16PCC_14_conf.tif,val,-88.1339293248202,15.979514818671687,EPSG:32616,10.0,10.0,11,float32,,"(1.0, 1.0, 1.0, 1.0, 1.0, 1.0, 1.0, 1.0, 1.0, 1.0, 1.0)","(0.0, 0.0, 0.0, 0.0, 0.0, 0.0, 0.0, 0.0, 0.0, 0.0, 0.0)",377380.0,1765720.0,379940.0,1768280.0,65536,36,65536,36,0,0,0,0,0,0,4e4876b3ac51013299fe81b27f0dcd765122d29ee6944aa1de536035aaf21532,74cef377728c8800b940ce2554d0ae71724c95dc82bddb64a87f6ce98f892eeb,b303564ffba6ceb4689ca494f1cca7fa6c129424e2bcfd001619572abfd5f4e2,65500,0,0,0,0,8,0,10,0,0,0,0,0,0,18,0
437,18-9-20_16PCC_15,18-9-20_16PCC,2020-09-18,16PCC,15,patches/S2_18-9-20_16PCC/S2_18-9-20_16PCC_15.tif,patches/S2_18-9-20_16PCC/S2_18-9-20_16PCC_15_cl.tif,patches/S2_18-9-20_16PCC/S2_18-9-20_16PCC_15_conf.tif,val,-88.13366907212637,15.933236835332591,EPSG:32616,10.0,10.0,11,float32,,"(1.0, 1.0, 1.0, 1.0, 1.0, 1.0, 1.0, 1.0, 1.0, 1.0, 1.0)","(0.0, 0.0, 0.0, 0.0, 0.0, 0.0, 0.0, 0.0, 0.0, 0.0, 0.0)",377380.0,1760600.0,379940.0,1763160.0,65536,53,65536,53,0,0,0,0,0,0,e19f8082bc5ff0ce9bc1b44d26fe632e340ed89d9bb1664124f9c3f259e3dd04,7d79f5becac9847d49167b70baaac279fe6e3c4fae6d61b5eb8048c57fe8bc43,672086eab15e79062d0d63360a9507f148a843bc9835041e1ecc1689b115b197,65483,41,0,0,6,0,0,6,0,0,0,0,0,0,0,0
438,18-9-20_16PCC_16,18-9-20_16PCC,2020-09-18,16PCC,16,patches/S2_18-9-20_16PCC/S2_18-9-20_16PCC_16.tif,patches/S2_18-9-20_16PCC/S2_18-9-20_16PCC_16_cl.tif,patches/S2_18-9-20_16PCC/S2_18-9-20_16PCC_16_conf.tif,val,-88.13289343552653,15.794401673100277,EPSG:32616,10.0,10.0,11,float32,,"(1.0, 1.0, 1.0, 1.0, 1.0, 1.0, 1.0, 1.0, 1.0, 1.0, 1.0)","(0.0, 0.0, 0.0, 0.0, 0.0, 0.0, 0.0, 0.0, 0.0, 0.0, 0.0)",377380.0,1745240.0,379940.0,1747800.0,65536,5,65536,5,0,0,0,0,0,0,82f89601f55d20ebb66781dc92f97395eedb8f5af8159967d230e5b96dad3f7d,976bd7d387481988565167d9d164ded44ea8ac5f41d48477d6192b48a815a3ed,b2ec750d0d818d3b2fc8b29c4b1eca847c31d0e93443629d3f61a6dab1f1a258,65531,1,0,0,0,0,0,2,0,0,0,0,0,0,0,2
439,18-9-20_16PCC_17,18-9-20_16PCC,2020-09-18,16PCC,17,patches/S2_18-9-20_16PCC/S2_18-9-20_16PCC_17.tif,patches/S2_18-9-20_16PCC/S2_18-9-20_16PCC_17_cl.tif,patches/S2_18-9-20_16PCC/S2_18-9-20_16PCC_17_conf.tif,val,-88.13276490844163,15.771262303308182,EPSG:32616,10.0,10.0,11,float32,,"(1.0, 1.0, 1.0, 1.0, 1.0, 1.0, 1.0, 1.0, 1.0, 1.0, 1.0)","(0.0, 0.0, 0.0, 0.0, 0.0, 0.0, 0.0, 0.0, 0.0, 0.0, 0.0)",377380.0,1742680.0,379940.0,1745240.0,65536,46,65536,46,0,0,0,0,0,0,55ef3f3d4b7903092419ef7e802681d36e7abe12fa276968c0d1a0f8b0167f4a,69ef1a4bb50b4261c5f34137a10d8eb639bf97d6eb6882d05f5c622054493506,b7d42eed8d08528b082d8a5fcf044f2984cc082adffe2d89654bc141ca45e6d2,65490,38,0,0,0,0,0,3,0,0,0,0,0,0,0,5
440,18-9-20_16PCC_18,18-9-20_16PCC,2020-09-18,16PCC,18,patches/S2_18-9-20_16PCC/S2_18-9-20_16PCC_18.tif,patches/S2_18-9-20_16PCC/S2_18-9-20_16PCC_18_cl.tif,patches/S2_18-9-20_16PCC/S2_18-9-20_16PCC_18_conf.tif,val,-88.1326365941051,15.748122883382228,EPSG:32616,10.0,10.0,11,float32,,"(1.0, 1.0, 1.0, 1.0, 1.0, 1.0, 1.0, 1.0, 1.0, 1.0, 1.0)","(0.0, 0.0, 0.0, 0.0, 0.0, 0.0, 0.0, 0.0, 0.0, 0.0, 0.0)",377380.0,1740120.0,379940.0,1742680.0,65536,29,65536,29,0,0,0,0,0,0,f6b862e32a70721733f0319c12695688a6f47ad57c516a402809c386faba18ae,a271f7f50a6b4913610f115fed1d300aa93c76bae9cd0e7ed23e1abc4706f787,6cea7e54e0f9fffa2ceaa6e0f66bb3158346f0b00d8d9bfa7ae3963e0c9a707d,65507,23,0,0,2,0,0,4,0,0,0,0,0,0,0,0
441,18-9-20_16PCC_19,18-9-20_16PCC,2020-09-18,16PCC,19,patches/S2_18-9-20_16PCC/S2_18-9-20_16PCC_19.tif,patches/S2_18-9-20_16PCC/S2_18-9-20_16PCC_19_cl.tif,patches/S2_18-9-20_16PCC/S2_18-9-20_16PCC_19_conf.tif,val,-88.13250849240362,15.724983413388726,EPSG:32616,10.0,10.0,11,float32,,"(1.0, 1.0, 1.0, 1.0, 1.0, 1.0, 1.0, 1.0, 1.0, 1.0, 1.0)","(0.0, 0.0, 0.0, 0.0, 0.0, 0.0, 0.0, 0.0, 0.0, 0.0, 0.0)",377380.0,1737560.0,379940.0,1740120.0,65536,8,65536,8,0,0,0,0,0,0,66b51a63437f67ef93964bd7fd48692a3c8cbdf5811173ca34b1420942de382b,20df08d495f16c69a86bedfcdeee3056f195cad0ed29ebc77a4efecfeb04db50,57e7b97cde572c3d86ea5e5e4edd312869c2a01481c7e46f017e954fe8fe83d1,65528,6,0,0,0,0,0,2,0,0,0,0,0,0,0,0
442,18-9-20_16PCC_2,18-9-20_16PCC,2020-09-18,16PCC,2,patches/S2_18-9-20_16PCC/S2_18-9-20_16PCC_2.tif,patches/S2_18-9-20_16PCC/S2_18-9-20_16PCC_2_cl.tif,patches/S2_18-9-20_16PCC/S2_18-9-20_16PCC_2_conf.tif,val,-88.27598889213145,15.747330768108204,EPSG:32616,10.0,10.0,11,float32,,"(1.0, 1.0, 1.0, 1.0, 1.0, 1.0, 1.0, 1.0, 1.0, 1.0, 1.0)","(0.0, 0.0, 0.0, 0.0, 0.0, 0.0, 0.0, 0.0, 0.0, 0.0, 0.0)",362020.0,1740120.0,364580.0,1742680.0,65536,12645,65536,12645,0,0,0,0,0,0,516b74a3dd16b68497ce888cd2d75131070b14e21ca615c858d09339976bb3d9,157c9a1a23e3e27468bb8bc556addd7dec7497623d232b36f475e82a07c26632,57bc96f2d559438c93e5b52a4a6a2cc0ccfe1fa576ef8a54c3cc5892c525d201,52891,0,0,0,0,0,0,0,12645,0,0,0,0,0,0,0
443,18-9-20_16PCC_20,18-9-20_16PCC,2020-09-18,16PCC,20,patches/S2_18-9-20_16PCC/S2_18-9-20_16PCC_20.tif,patches/S2_18-9-20_16PCC/S2_18-9-20_16PCC_20_cl.tif,patches/S2_18-9-20_16PCC/S2_18-9-20_16PCC_20_conf.tif,val,-88.11013694517136,16.0027786793082,EPSG:32616,10.0,10.0,11,float32,,"(1.0, 1.0, 1.0, 1.0, 1.0, 1.0, 1.0, 1.0, 1.0, 1.0, 1.0)","(0.0, 0.0, 0.0, 0.0, 0.0, 0.0, 0.0, 0.0, 0.0, 0.0, 0.0)",379940.0,1768280.0,382500.0,1770840.0,65536,316,65536,316,0,0,0,0,0,0,252c3e613ed706af78fd9a46234c9f6dba0434b329cdd473056b55593f862f52,f65bd1cb13e876351b6384f1cabe1fb16add01e1e49302c2ac359e6ee3793cec,eb65a769ea4b08af46a2be84a48e5e6b21029644074926446ff1a2c46199a1a1,65220,0,0,0,0,0,0,316,0,0,0,0,0,0,0,0
444,18-9-20_16PCC_21,18-9-20_16PCC,2020-09-18,16PCC,21,patches/S2_18-9-20_16PCC/S2_18-9-20_16PCC_21.tif,patches/S2_18-9-20_16PCC/S2_18-9-20_16PCC_21_cl.tif,patches/S2_18-9-20_16PCC/S2_18-9-20_16PCC_21_conf.tif,val,-88.11000924858222,15.979639573666415,EPSG:32616,10.0,10.0,11,float32,,"(1.0, 1.0, 1.0, 1.0, 1.0, 1.0, 1.0, 1.0, 1.0, 1.0, 1.0)","(0.0, 0.0, 0.0, 0.0, 0.0, 0.0, 0.0, 0.0, 0.0, 0.0, 0.0)",379940.0,1765720.0,382500.0,1768280.0,65536,25,65536,25,0,0,0,0,0,0,2d44e93e3cc01dba1d4bede9d91971bfa2afb807dcb83c8c87d80e1121f89dca,60d5a3e1aaef92ae79785e36b50a412608e07d6f5966b9c60c867f398aecb55c,8a51546d70a426bb701e91d7075a2ceb67cf0f2392cd9a4fe12ccba5f91c8cb3,65511,0,0,0,0,0,0,25,0,0,0,0,0,0,0,0
445,18-9-20_16PCC_22,18-9-20_16PCC,2020-09-18,16PCC,22,patches/S2_18-9-20_16PCC/S2_18-9-20_16PCC_22.tif,patches/S2_18-9-20_16PCC/S2_18-9-20_16PCC_22_cl.tif,patches/S2_18-9-20_16PCC/S2_18-9-20_16PCC_22_conf.tif,val,-88.10975448310535,15.933361210387382,EPSG:32616,10.0,10.0,11,float32,,"(1.0, 1.0, 1.0, 1.0, 1.0, 1.0, 1.0, 1.0, 1.0, 1.0, 1.0)","(0.0, 0.0, 0.0, 0.0, 0.0, 0.0, 0.0, 0.0, 0.0, 0.0, 0.0)",379940.0,1760600.0,382500.0,1763160.0,65536,32,65536,32,0,0,0,0,0,0,a5e668ad2d60ebd393ccbaf4505aff6229e4d1e3025d8ea0af255d920e169abe,1a7f45d64e2c594c7cac7d9423b0aa456217b51dba0dddaaa2108787d2831730,79d7127257ed15610806f64ecba0636975ceae2ecf5d64768d3c4d7400990b04,65504,23,0,0,0,0,0,4,0,0,0,0,0,0,0,5
446,18-9-20_16PCC_23,18-9-20_16PCC,2020-09-18,16PCC,23,patches/S2_18-9-20_16PCC/S2_18-9-20_16PCC_23.tif,patches/S2_18-9-20_16PCC/S2_18-9-20_16PCC_23_cl.tif,patches/S2_18-9-20_16PCC/S2_18-9-20_16PCC_23_conf.tif,val,-88.10912122575188,15.81766441862939,EPSG:32616,10.0,10.0,11,float32,,"(1.0, 1.0, 1.0, 1.0, 1.0, 1.0, 1.0, 1.0, 1.0, 1.0, 1.0)","(0.0, 0.0, 0.0, 0.0, 0.0, 0.0, 0.0, 0.0, 0.0, 0.0, 0.0)",379940.0,1747800.0,382500.0,1750360.0,65536,18,65536,18,0,0,0,0,0,0,d4852029726d46cdfad70996383f7cefdaff2fae3c7dda9fc0ae8a2906713cfb,fa7aecd4af7d5edf25ce667251bfb84a1e37319598ee9c951d16d4c1870751b8,0ec55cae0c7be5e27fc2aac712d8e6c8a6e11590691c2320049067bd8b2ec6fa,65518,15,0,0,0,0,0,3,0,0,0,0,0,0,0,0
447,18-9-20_16PCC_24,18-9-20_16PCC,2020-09-18,16PCC,24,patches/S2_18-9-20_16PCC/S2_18-9-20_16PCC_24.tif,patches/S2_18-9-20_16PCC/S2_18-9-20_16PCC_24_cl.tif,patches/S2_18-9-20_16PCC/S2_18-9-20_16PCC_24_conf.tif,val,-88.10899520018548,15.794524909338838,EPSG:32616,10.0,10.0,11,float32,,"(1.0, 1.0, 1.0, 1.0, 1.0, 1.0, 1.0, 1.0, 1.0, 1.0, 1.0)","(0.0, 0.0, 0.0, 0.0, 0.0, 0.0, 0.0, 0.0, 0.0, 0.0, 0.0)",379940.0,1745240.0,382500.0,1747800.0,65536,37,65536,37,0,0,0,0,0,0,5696b10479e014d2db95ec17f806632fde741c5239c6586e80b2873f0074dc40,093fa0737d2d5cdd6e715548daed57ded376a0261f5079ed832c310733cdf93f,a5fa954cb2341ade8922331317e51a89bbd2e276a7a2369c6be22760c53d0944,65499,28,0,0,2,0,0,4,0,0,0,0,0,0,0,3
448,18-9-20_16PCC_25,18-9-20_16PCC,2020-09-18,16PCC,25,patches/S2_18-9-20_16PCC/S2_18-9-20_16PCC_25.tif,patches/S2_18-9-20_16PCC/S2_18-9-20_16PCC_25_cl.tif,patches/S2_18-9-20_16PCC/S2_18-9-20_16PCC_25_conf.tif,val,-88.10886938299343,15.771385349889616,EPSG:32616,10.0,10.0,11,float32,,"(1.0, 1.0, 1.0, 1.0, 1.0, 1.0, 1.0, 1.0, 1.0, 1.0, 1.0)","(0.0, 0.0, 0.0, 0.0, 0.0, 0.0, 0.0, 0.0, 0.0, 0.0, 0.0)",379940.0,1742680.0,382500.0,1745240.0,65536,28,65536,28,0,0,0,0,0,0,0d8d5130abfc11f307afdae606319a28ee78e25c4b95cc522739dbbc03dfd278,f7f54ded56a5401a2cb3146d5da35ff2af74e5a264c65024307402176badf299,5e003888c6d077194fb7db04556dfe045392bf600e6d80d14e2123d52b603dfa,65508,0,0,0,0,4,0,14,0,0,0,0,0,0,10,0
449,18-9-20_16PCC_26,18-9-20_16PCC,2020-09-18,16PCC,26,patches/S2_18-9-20_16PCC/S2_18-9-20_16PCC_26.tif,patches/S2_18-9-20_16PCC/S2_18-9-20_16PCC_26_cl.tif,patches/S2_18-9-20_16PCC/S2_18-9-20_16PCC_26_conf.tif,val,-88.0858396850385,15.933482935024966,EPSG:32616,10.0,10.0,11,float32,,"(1.0, 1.0, 1.0, 1.0, 1.0, 1.0, 1.0, 1.0, 1.0, 1.0, 1.0)","(0.0, 0.0, 0.0, 0.0, 0.0, 0.0, 0.0, 0.0, 0.0, 0.0, 0.0)",382500.0,1760600.0,385060.0,1763160.0,65536,1,65536,1,0,0,0,0,0,0,d3499b2eb7986292e8c7693a1eb2bc4e2bf3fef0990963ef5e05b243ce2614da,e9fa4dbcc34bad74a220edd9a696a4108011f3affa84e3aadad99aeb7ec082fd,30dd414172fedd2f1a0f8b93c52375da9c77344fdeeb0952a559473c47bdf6f7,65535,0,0,0,0,0,0,1,0,0,0,0,0,0,0,0
450,18-9-20_16PCC_27,18-9-20_16PCC,2020-09-18,16PCC,27,patches/S2_18-9-20_16PCC/S2_18-9-20_16PCC_27.tif,patches/S2_18-9-20_16PCC/S2_18-9-20_16PCC_27_cl.tif,patches/S2_18-9-20_16PCC/S2_18-9-20_16PCC_27_conf.tif,val,-88.08571535289192,15.910343491659258,EPSG:32616,10.0,10.0,11,float32,,"(1.0, 1.0, 1.0, 1.0, 1.0, 1.0, 1.0, 1.0, 1.0, 1.0, 1.0)","(0.0, 0.0, 0.0, 0.0, 0.0, 0.0, 0.0, 0.0, 0.0, 0.0, 0.0)",382500.0,1758040.0,385060.0,1760600.0,65536,56,65536,56,0,0,0,0,0,0,48e193144598631e57f483dd9bd72011c19d2d543727cdca62ba1f5a955674df,4be0702e2689ddbf7198eb3f741492f791048a7a7d8024c0b0eb2ef3c010d4c1,02756d159406f783bb4c7c70ba79e74ae8f585fecb57629de953c342b74c967b,65480,45,0,0,1,0,0,9,0,0,0,0,0,0,0,1
451,18-9-20_16PCC_28,18-9-20_16PCC,2020-09-18,16PCC,28,patches/S2_18-9-20_16PCC/S2_18-9-20_16PCC_28.tif,patches/S2_18-9-20_16PCC/S2_18-9-20_16PCC_28_cl.tif,patches/S2_18-9-20_16PCC/S2_18-9-20_16PCC_28_conf.tif,val,-88.08534358261487,15.84092485913658,EPSG:32616,10.0,10.0,11,float32,,"(1.0, 1.0, 1.0, 1.0, 1.0, 1.0, 1.0, 1.0, 1.0, 1.0, 1.0)","(0.0, 0.0, 0.0, 0.0, 0.0, 0.0, 0.0, 0.0, 0.0, 0.0, 0.0)",382500.0,1750360.0,385060.0,1752920.0,65536,27,65536,27,0,0,0,0,0,0,ac83165abc9e97b40306e08c9c6de3f91c981419ef7ae5e7d3e7d0b4b920d7c3,3fb915c798f64ec6a068b6655b33925e25601b82b924be576f911eedf7d2fbec,68963c8373c8ad71ed8a11647faf0516a0fed97727e4c0c1671c59bf293eb395,65509,20,0,0,0,0,0,3,0,0,0,0,0,0,0,4
452,18-9-20_16PCC_29,18-9-20_16PCC,2020-09-18,16PCC,29,patches/S2_18-9-20_16PCC/S2_18-9-20_16PCC_29.tif,patches/S2_18-9-20_16PCC/S2_18-9-20_16PCC_29_cl.tif,patches/S2_18-9-20_16PCC/S2_18-9-20_16PCC_29_conf.tif,val,-88.08522006754467,15.817785214373835,EPSG:32616,10.0,10.0,11,float32,,"(1.0, 1.0, 1.0, 1.0, 1.0, 1.0, 1.0, 1.0, 1.0, 1.0, 1.0)","(0.0, 0.0, 0.0, 0.0, 0.0, 0.0, 0.0, 0.0, 0.0, 0.0, 0.0)",382500.0,1747800.0,385060.0,1750360.0,65536,11,65536,11,0,0,0,0,0,0,7d8f378d4dec8d12519f9ba6d197aa877b74cfca6c825337b3ae2e0d6e3109bd,92fb14afd19e29e6126847ab8e557b2a4959bbcc8fb5009029d9bed49c6954a2,f79a78c71f6613f52c5ffee037315bb1a04c1ef4458258378634b591770e452e,65525,8,0,0,3,0,0,0,0,0,0,0,0,0,0,0
453,18-9-20_16PCC_3,18-9-20_16PCC,2020-09-18,16PCC,3,patches/S2_18-9-20_16PCC/S2_18-9-20_16PCC_3.tif,patches/S2_18-9-20_16PCC/S2_18-9-20_16PCC_3_cl.tif,patches/S2_18-9-20_16PCC/S2_18-9-20_16PCC_3_conf.tif,val,-88.25309523551404,15.909437150188111,EPSG:32616,10.0,10.0,11,float32,,"(1.0, 1.0, 1.0, 1.0, 1.0, 1.0, 1.0, 1.0, 1.0, 1.0, 1.0)","(0.0, 0.0, 0.0, 0.0, 0.0, 0.0, 0.0, 0.0, 0.0, 0.0, 0.0)",364580.0,1758040.0,367140.0,1760600.0,65536,12,65536,12,0,0,0,0,0,0,7db30b406d772a337a402a34dab369af5d2044a7b5f6603453ff5a467010a600,af6dd53aaedd145804160b02636bb8daf69377633dd6fa5883b0c9f7c1c75842,3bf5f7b2ab0778ea4f7f88020fe6acb6aba4fdeb5c84e95ff540f06f79a27583,65524,6,0,0,0,0,0,6,0,0,0,0,0,0,0,0
454,18-9-20_16PCC_30,18-9-20_16PCC,2020-09-18,16PCC,30,patches/S2_18-9-20_16PCC/S2_18-9-20_16PCC_30.tif,patches/S2_18-9-20_16PCC/S2_18-9-20_16PCC_30_cl.tif,patches/S2_18-9-20_16PCC/S2_18-9-20_16PCC_30_conf.tif,val,-88.0627814551233,16.095577968438878,EPSG:32616,10.0,10.0,11,float32,,"(1.0, 1.0, 1.0, 1.0, 1.0, 1.0, 1.0, 1.0, 1.0, 1.0, 1.0)","(0.0, 0.0, 0.0, 0.0, 0.0, 0.0, 0.0, 0.0, 0.0, 0.0, 0.0)",385060.0,1778520.0,387620.0,1781080.0,65536,37,65536,37,0,0,0,0,0,0,49f1cbc29dfeb1cfd1ed70b484ffa18f861dc2b06444add7fd3d521e16cd20ee,3b21c3f5bdacdc4f3a9c1a80a070f590cd0e21dba80a7ab1529d83978c424ce7,144f253729ac8d6efeb3cc5945a0982fc4750a69826a17b13e4f3293666f627c,65499,0,0,0,0,0,0,37,0,0,0,0,0,0,0,0
455,18-9-20_16PCC_31,18-9-20_16PCC,2020-09-18,16PCC,31,patches/S2_18-9-20_16PCC/S2_18-9-20_16PCC_31.tif,patches/S2_18-9-20_16PCC/S2_18-9-20_16PCC_31_cl.tif,patches/S2_18-9-20_16PCC/S2_18-9-20_16PCC_31_conf.tif,val,-88.06168169222198,15.88732270837582,EPSG:32616,10.0,10.0,11,float32,,"(1.0, 1.0, 1.0, 1.0, 1.0, 1.0, 1.0, 1.0, 1.0, 1.0, 1.0)","(0.0, 0.0, 0.0, 0.0, 0.0, 0.0, 0.0, 0.0, 0.0, 0.0, 0.0)",385060.0,1755480.0,387620.0,1758040.0,65536,12,65536,12,0,0,0,0,0,0,83aa4e907965f8c2ea41cb6cfb210921dc1a71ec6d37ac0d16ca7582e53df67b,416cfcef6e36b9671ffc23ba07ece652982d3b9580180872422e301cf53ae645,40ad079f0d7457bb865e8660ca45f70e5b1651ad42ad2724ae936a7accf10956,65524,6,0,0,3,0,0,3,0,0,0,0,0,0,0,0
456,18-9-20_16PCC_32,18-9-20_16PCC,2020-09-18,16PCC,32,patches/S2_18-9-20_16PCC/S2_18-9-20_16PCC_32.tif,patches/S2_18-9-20_16PCC/S2_18-9-20_16PCC_32_cl.tif,patches/S2_18-9-20_16PCC/S2_18-9-20_16PCC_32_conf.tif,val,-88.06156049691197,15.8641829824461,EPSG:32616,10.0,10.0,11,float32,,"(1.0, 1.0, 1.0, 1.0, 1.0, 1.0, 1.0, 1.0, 1.0, 1.0, 1.0)","(0.0, 0.0, 0.0, 0.0, 0.0, 0.0, 0.0, 0.0, 0.0, 0.0, 0.0)",385060.0,1752920.0,387620.0,1755480.0,65536,5,65536,5,0,0,0,0,0,0,311d0ad54c0072b076fbdef46085f71f5e572496474ffcee83625e8648e04d7e,8d8f08c2a97e6f08b79b9874dfcd6dca5246fbc2fc1f48bfb30c84a2bbc8fdff,52248ead76aad339ee34351ad50609f18deef2b8a55261aecfd4d68eb6aca33c,65531,3,0,0,0,0,0,2,0,0,0,0,0,0,0,0
457,18-9-20_16PCC_33,18-9-20_16PCC,2020-09-18,16PCC,33,patches/S2_18-9-20_16PCC/S2_18-9-20_16PCC_33.tif,patches/S2_18-9-20_16PCC/S2_18-9-20_16PCC_33_cl.tif,patches/S2_18-9-20_16PCC/S2_18-9-20_16PCC_33_conf.tif,val,-88.06131870534193,15.817903379823562,EPSG:32616,10.0,10.0,11,float32,,"(1.0, 1.0, 1.0, 1.0, 1.0, 1.0, 1.0, 1.0, 1.0, 1.0, 1.0)","(0.0, 0.0, 0.0, 0.0, 0.0, 0.0, 0.0, 0.0, 0.0, 0.0, 0.0)",385060.0,1747800.0,387620.0,1750360.0,65536,3,65536,3,0,0,0,0,0,0,a7691fb08d1156fc15ef3802d0ea76aa4a5bec1c05b2dcb1673a1f6486da961c,787a96e27a34714be2fe8dec84019fa18f554f521f97ccf5218c9cbe8cadb065,13961ab417717e608794c3e3df257eccc15b6661f766d2265099687bc6359d63,65533,2,0,0,0,0,0,1,0,0,0,0,0,0,0,0
458,18-9-20_16PCC_34,18-9-20_16PCC,2020-09-18,16PCC,34,patches/S2_18-9-20_16PCC/S2_18-9-20_16PCC_34.tif,patches/S2_18-9-20_16PCC/S2_18-9-20_16PCC_34_cl.tif,patches/S2_18-9-20_16PCC/S2_18-9-20_16PCC_34_conf.tif,val,-88.06119810886813,15.794763503262695,EPSG:32616,10.0,10.0,11,float32,,"(1.0, 1.0, 1.0, 1.0, 1.0, 1.0, 1.0, 1.0, 1.0, 1.0, 1.0)","(0.0, 0.0, 0.0, 0.0, 0.0, 0.0, 0.0, 0.0, 0.0, 0.0, 0.0)",385060.0,1745240.0,387620.0,1747800.0,65536,48,65536,48,0,0,0,0,0,0,f67ca917acede9247e732b56ffea59023747f338e121b96b433623b5fc613ffa,94f94ceac501a693058f30160f909994e7c86f685ad1cf50fbba5301313c20a3,593c762d997988b0f5801ae3a3dcabb663963f7a12fb60e322dea1130e92f7e2,65488,0,0,0,0,13,0,6,0,0,0,0,0,0,29,0
459,18-9-20_16PCC_35,18-9-20_16PCC,2020-09-18,16PCC,35,patches/S2_18-9-20_16PCC/S2_18-9-20_16PCC_35.tif,patches/S2_18-9-20_16PCC/S2_18-9-20_16PCC_35_cl.tif,patches/S2_18-9-20_16PCC/S2_18-9-20_16PCC_35_conf.tif,val,-88.03789062189088,15.910578629693548,EPSG:32616,10.0,10.0,11,float32,,"(1.0, 1.0, 1.0, 1.0, 1.0, 1.0, 1.0, 1.0, 1.0, 1.0, 1.0)","(0.0, 0.0, 0.0, 0.0, 0.0, 0.0, 0.0, 0.0, 0.0, 0.0, 0.0)",387620.0,1758040.0,390180.0,1760600.0,65536,979,65536,979,0,0,0,0,0,0,0467be009721afae3522013409549d0ddc34fcab42840d334a40441905f83481,5ee6da8761a40a0595c29ff204ed577f4aaff7ef836c6c1407221046352cd4b8,3ecc2e5f06e47f400d2ca24be7e294020137a2872371b2a88e8a7022fa6554c0,64557,0,0,0,0,0,961,18,0,0,0,0,0,0,0,0
460,18-9-20_16PCC_36,18-9-20_16PCC,2020-09-18,16PCC,36,patches/S2_18-9-20_16PCC/S2_18-9-20_16PCC_36.tif,patches/S2_18-9-20_16PCC/S2_18-9-20_16PCC_36_cl.tif,patches/S2_18-9-20_16PCC/S2_18-9-20_16PCC_36_conf.tif,val,-88.03753522041508,15.841158918905508,EPSG:32616,10.0,10.0,11,float32,,"(1.0, 1.0, 1.0, 1.0, 1.0, 1.0, 1.0, 1.0, 1.0, 1.0, 1.0)","(0.0, 0.0, 0.0, 0.0, 0.0, 0.0, 0.0, 0.0, 0.0, 0.0, 0.0)",387620.0,1750360.0,390180.0,1752920.0,65536,268,65536,268,0,0,0,0,0,0,200661a6b96a3ab6c02a6c9bda39b123b895b00571782ced2ee4e04e1243c2b8,b18d3a73eb163b1bad62764375505fae94de45aa42b90efd9b561959bb960d5e,5414e57937000db63daabb18ece28576635e17a3d4f8e8d6dc52ec4f3c056f99,65268,17,0,0,3,0,239,8,0,0,0,0,0,0,0,1
461,18-9-20_16PCC_37,18-9-20_16PCC,2020-09-18,16PCC,37,patches/S2_18-9-20_16PCC/S2_18-9-20_16PCC_37.tif,patches/S2_18-9-20_16PCC/S2_18-9-20_16PCC_37_cl.tif,patches/S2_18-9-20_16PCC/S2_18-9-20_16PCC_37_conf.tif,val,-88.03741714363403,15.818018914878783,EPSG:32616,10.0,10.0,11,float32,,"(1.0, 1.0, 1.0, 1.0, 1.0, 1.0, 1.0, 1.0, 1.0, 1.0, 1.0)","(0.0, 0.0, 0.0, 0.0, 0.0, 0.0, 0.0, 0.0, 0.0, 0.0, 0.0)",387620.0,1747800.0,390180.0,1750360.0,65536,4,65536,4,0,0,0,0,0,0,96371c81567138986e5bd88dece9a6a3b30f38574a73cd31d5e411f949674808,b0331424aa7ec35ef71670539af1f4113722dd8adf8290d9ab94158abb58403a,0c948eb86aba241083905048f445d980f390e49a6d98a1696181e35e2016f2f8,65532,3,0,0,0,0,0,1,0,0,0,0,0,0,0,0
462,18-9-20_16PCC_38,18-9-20_16PCC,2020-09-18,16PCC,38,patches/S2_18-9-20_16PCC/S2_18-9-20_16PCC_38.tif,patches/S2_18-9-20_16PCC/S2_18-9-20_16PCC_38_cl.tif,patches/S2_18-9-20_16PCC/S2_18-9-20_16PCC_38_conf.tif,val,-88.03729926186757,15.79487886074655,EPSG:32616,10.0,10.0,11,float32,,"(1.0, 1.0, 1.0, 1.0, 1.0, 1.0, 1.0, 1.0, 1.0, 1.0, 1.0)","(0.0, 0.0, 0.0, 0.0, 0.0, 0.0, 0.0, 0.0, 0.0, 0.0, 0.0)",387620.0,1745240.0,390180.0,1747800.0,65536,5,65536,5,0,0,0,0,0,0,038930b25a07980b08c97eb595f8fc86508e3f351586383bc3f537aeb84d293b,e5d1543bb89c6b51fc70915cb839dc2639a929792436add094247f89f0970f12,285f5e8439340d04f6504f7baa7fbd20b18f41fd03994bc2092ccb8ead7b7199,65531,0,0,0,0,0,0,5,0,0,0,0,0,0,0,0
463,18-9-20_16PCC_39,18-9-20_16PCC,2020-09-18,16PCC,39,patches/S2_18-9-20_16PCC/S2_18-9-20_16PCC_39.tif,patches/S2_18-9-20_16PCC/S2_18-9-20_16PCC_39_cl.tif,patches/S2_18-9-20_16PCC/S2_18-9-20_16PCC_39_conf.tif,val,-88.01363074439024,15.841271997035301,EPSG:32616,10.0,10.0,11,float32,,"(1.0, 1.0, 1.0, 1.0, 1.0, 1.0, 1.0, 1.0, 1.0, 1.0, 1.0)","(0.0, 0.0, 0.0, 0.0, 0.0, 0.0, 0.0, 0.0, 0.0, 0.0, 0.0)",390180.0,1750360.0,392740.0,1752920.0,65536,443,65536,443,0,0,0,0,0,0,42a356e8e59e878c1ff5e7a89b320da744ba9141619ee9ba9ec6ed00a81fd8eb,05b3af1b7b38cf7905eeb4aabf0949de834b6f0272f0573e3438b044eae591b6,c38ba878f30eaa17ff8e46aadb4226b79f7905d0d701e1d0da45e05e475dd4a5,65093,58,0,0,0,0,353,12,0,0,0,0,0,20,0,0
464,18-9-20_16PCC_4,18-9-20_16PCC,2020-09-18,16PCC,4,patches/S2_18-9-20_16PCC/S2_18-9-20_16PCC_4.tif,patches/S2_18-9-20_16PCC/S2_18-9-20_16PCC_4_cl.tif,patches/S2_18-9-20_16PCC/S2_18-9-20_16PCC_4_conf.tif,val,-88.25295198297427,15.886299042065442,EPSG:32616,10.0,10.0,11,float32,,"(1.0, 1.0, 1.0, 1.0, 1.0, 1.0, 1.0, 1.0, 1.0, 1.0, 1.0)","(0.0, 0.0, 0.0, 0.0, 0.0, 0.0, 0.0, 0.0, 0.0, 0.0, 0.0)",364580.0,1755480.0,367140.0,1758040.0,65536,3,65536,3,0,0,0,0,0,0,a4e6b62806e457a7336c8e11cea62ecddf2edca5116ce666b90ecac7ec3e009b,e9ed527eadccede8f165c22b7395390aded1afe44319c65f2ee2185100c59573,bd7af90651bd167278582ab357c87b45ab3df134e902f3f1e980289c984d1a2e,65533,2,0,0,0,0,0,1,0,0,0,0,0,0,0,0
465,18-9-20_16PCC_40,18-9-20_16PCC,2020-09-18,16PCC,40,patches/S2_18-9-20_16PCC/S2_18-9-20_16PCC_40.tif,patches/S2_18-9-20_16PCC/S2_18-9-20_16PCC_40_cl.tif,patches/S2_18-9-20_16PCC/S2_18-9-20_16PCC_40_conf.tif,val,-87.99017849236019,15.933943327379609,EPSG:32616,10.0,10.0,11,float32,,"(1.0, 1.0, 1.0, 1.0, 1.0, 1.0, 1.0, 1.0, 1.0, 1.0, 1.0)","(0.0, 0.0, 0.0, 0.0, 0.0, 0.0, 0.0, 0.0, 0.0, 0.0, 0.0)",392740.0,1760600.0,395300.0,1763160.0,65536,281,65536,281,0,0,0,0,0,0,6fa3eed687fdd1f7c12e57d7f102846c0fba79dee67315c468b0822f1d02e414,d0318707c246aac9180587f224b62570639e78dd84d3927f5ac6bdf3bb5c271c,0781e3f9e79e8f7aa06a4c7c4b1a26539ea5fc86ba46c2cf01610ca2f5273b32,65255,0,0,0,0,0,152,10,0,0,0,0,0,119,0,0
466,18-9-20_16PCC_41,18-9-20_16PCC,2020-09-18,16PCC,41,patches/S2_18-9-20_16PCC/S2_18-9-20_16PCC_41.tif,patches/S2_18-9-20_16PCC/S2_18-9-20_16PCC_41_cl.tif,patches/S2_18-9-20_16PCC/S2_18-9-20_16PCC_41_conf.tif,val,-87.99006510915663,15.91080318104251,EPSG:32616,10.0,10.0,11,float32,,"(1.0, 1.0, 1.0, 1.0, 1.0, 1.0, 1.0, 1.0, 1.0, 1.0, 1.0)","(0.0, 0.0, 0.0, 0.0, 0.0, 0.0, 0.0, 0.0, 0.0, 0.0, 0.0)",392740.0,1758040.0,395300.0,1760600.0,65536,94,65536,94,0,0,0,0,0,0,2378582548ce4da0b1a28ebf92072908a870bfb536654604cecaecbedbb28a5b,e9e33d682c1cac3cedd1bee59968d1290c7c815802a50a2916b4e746c8b635da,a18e97f606202f44fd4b895633f6896ab53503a7c185326d8c717e78ff9fe58e,65442,0,0,0,0,0,94,0,0,0,0,0,0,0,0,0
467,18-9-20_16PCC_42,18-9-20_16PCC,2020-09-18,16PCC,42,patches/S2_18-9-20_16PCC/S2_18-9-20_16PCC_42.tif,patches/S2_18-9-20_16PCC/S2_18-9-20_16PCC_42_cl.tif,patches/S2_18-9-20_16PCC/S2_18-9-20_16PCC_42_conf.tif,val,-87.96582122495656,15.841490249308,EPSG:32616,10.0,10.0,11,float32,,"(1.0, 1.0, 1.0, 1.0, 1.0, 1.0, 1.0, 1.0, 1.0, 1.0, 1.0)","(0.0, 0.0, 0.0, 0.0, 0.0, 0.0, 0.0, 0.0, 0.0, 0.0, 0.0)",395300.0,1750360.0,397860.0,1752920.0,65536,251,65536,251,0,0,0,0,0,0,250b2411c7ecac51e5a1d957dac5f172c947f55596892450d48f6ff3b7aee54d,b85bd9aeabf86ce7a38fea48c702ba976c89556dd7477169b8ba9c97483a255c,70aa617cdca5be42ecbbfbc14de3deb07e10fb402e73cdbb12422277cb9a9612,65285,0,0,0,0,45,0,16,0,0,0,0,0,0,190,0
468,18-9-20_16PCC_43,18-9-20_16PCC,2020-09-18,16PCC,43,patches/S2_18-9-20_16PCC/S2_18-9-20_16PCC_43.tif,patches/S2_18-9-20_16PCC/S2_18-9-20_16PCC_43_cl.tif,patches/S2_18-9-20_16PCC/S2_18-9-20_16PCC_43_conf.tif,val,-87.96571130638611,15.818349736712861,EPSG:32616,10.0,10.0,11,float32,,"(1.0, 1.0, 1.0, 1.0, 1.0, 1.0, 1.0, 1.0, 1.0, 1.0, 1.0)","(0.0, 0.0, 0.0, 0.0, 0.0, 0.0, 0.0, 0.0, 0.0, 0.0, 0.0)",395300.0,1747800.0,397860.0,1750360.0,65536,358,65536,358,0,0,0,0,0,0,8e7b982b01c3cb7033e2a2ba941fa448d6a359a4121c296f22345ac6478df35a,74242344a11ce706601364a69036688637bc96b6e257929c7ae3e291e479c7a1,645f165f695fee7f848078df229456e5f1318299fee6a8dd05b1876fa4f8bd0c,65178,0,0,0,0,106,28,32,0,0,0,0,0,0,192,0
469,18-9-20_16PCC_44,18-9-20_16PCC,2020-09-18,16PCC,44,patches/S2_18-9-20_16PCC/S2_18-9-20_16PCC_44.tif,patches/S2_18-9-20_16PCC/S2_18-9-20_16PCC_44_cl.tif,patches/S2_18-9-20_16PCC/S2_18-9-20_16PCC_44_conf.tif,val,-87.94213112000364,15.887876621187473,EPSG:32616,10.0,10.0,11,float32,,"(1.0, 1.0, 1.0, 1.0, 1.0, 1.0, 1.0, 1.0, 1.0, 1.0, 1.0)","(0.0, 0.0, 0.0, 0.0, 0.0, 0.0, 0.0, 0.0, 0.0, 0.0, 0.0)",397860.0,1755480.0,400420.0,1758040.0,65536,89,65536,89,0,0,0,0,0,0,7a8225634297eb65cb36458722a4557ada4111847cf32ceddb04453ca0f9e39c,40c1aa7a31e5f39f3f8929d5221786acbabf911d97f2fb04690376ac95446486,bbfcc100357090b8ef78d66625a42738aae8514d39a55c2be404bfa8a136f109,65447,0,0,0,0,39,26,24,0,0,0,0,0,0,0,0
470,18-9-20_16PCC_45,18-9-20_16PCC,2020-09-18,16PCC,45,patches/S2_18-9-20_16PCC/S2_18-9-20_16PCC_45.tif,patches/S2_18-9-20_16PCC/S2_18-9-20_16PCC_45_cl.tif,patches/S2_18-9-20_16PCC/S2_18-9-20_16PCC_45_conf.tif,val,-87.91822045556067,15.88797947512647,EPSG:32616,10.0,10.0,11,float32,,"(1.0, 1.0, 1.0, 1.0, 1.0, 1.0, 1.0, 1.0, 1.0, 1.0, 1.0)","(0.0, 0.0, 0.0, 0.0, 0.0, 0.0, 0.0, 0.0, 0.0, 0.0, 0.0)",400420.0,1755480.0,402980.0,1758040.0,65536,49,65536,49,0,0,0,0,0,0,54729291e683a08a1ea4deb784b83d89e5f8ada59addb570ebc4e2e584453521,5f29a1b57ec7e56c19f96f18b376bd949aec4a73d4c12aed22897a05ba6ce12a,4cf58e92a2d99f120d0e1376c5952f87dc5da869f209e8f644ddaa3a03655c9a,65487,0,0,0,0,38,0,11,0,0,0,0,0,0,0,0
471,18-9-20_16PCC_46,18-9-20_16PCC,2020-09-18,16PCC,46,patches/S2_18-9-20_16PCC/S2_18-9-20_16PCC_46.tif,patches/S2_18-9-20_16PCC/S2_18-9-20_16PCC_46_cl.tif,patches/S2_18-9-20_16PCC/S2_18-9-20_16PCC_46_conf.tif,val,-87.87140130856577,16.119584831460386,EPSG:32616,10.0,10.0,11,float32,,"(1.0, 1.0, 1.0, 1.0, 1.0, 1.0, 1.0, 1.0, 1.0, 1.0, 1.0)","(0.0, 0.0, 0.0, 0.0, 0.0, 0.0, 0.0, 0.0, 0.0, 0.0, 0.0)",405540.0,1781080.0,408100.0,1783640.0,65536,277,65536,277,0,0,0,0,0,0,4af58fc3e4c8d606cf2adc72c6ae4d2de26af38f6cdddd0b55416c39f0f4659c,13086e2cf80c16739c74c08031e680a62fb0bd043a94024311f4f7505b00f198,55ae9be3f72d58c95552f71e02653fc70617d7c3c2890618b57a3b870dd6a1a7,65259,0,0,0,0,0,277,0,0,0,0,0,0,0,0,0
472,18-9-20_16PCC_47,18-9-20_16PCC,2020-09-18,16PCC,47,patches/S2_18-9-20_16PCC/S2_18-9-20_16PCC_47.tif,patches/S2_18-9-20_16PCC/S2_18-9-20_16PCC_47_cl.tif,patches/S2_18-9-20_16PCC/S2_18-9-20_16PCC_47_conf.tif,val,-88.71539367326068,15.885836281804659,EPSG:32616,10.0,10.0,11,float32,,"(1.0, 1.0, 1.0, 1.0, 1.0, 1.0, 1.0, 1.0, 1.0, 1.0, 1.0)","(0.0, 0.0, 0.0, 0.0, 0.0, 0.0, 0.0, 0.0, 0.0, 0.0, 0.0)",315060.0,1755780.0,317620.0,1758340.0,65536,22,20944,22,0,0,0,0,0,465626,535ff1b11bdb372853df7055ee00dab277f42a0545f94bf682ec03d3f90a7ef0,234ba7bb071cbc11c8be78cac013ba7bcb9e5d99843cf088f6aaa1692918a006,f765bff23c362306c7d27820aa17357dccfdbae9d35ffac424a453d2eb7ed55d,65514,7,0,0,0,0,0,15,0,0,0,0,0,0,0,0
473,18-9-20_16PCC_48,18-9-20_16PCC,2020-09-18,16PCC,48,patches/S2_18-9-20_16PCC/S2_18-9-20_16PCC_48.tif,patches/S2_18-9-20_16PCC/S2_18-9-20_16PCC_48_cl.tif,patches/S2_18-9-20_16PCC/S2_18-9-20_16PCC_48_conf.tif,val,-88.71519789103644,15.862702987528136,EPSG:32616,10.0,10.0,11,float32,,"(1.0, 1.0, 1.0, 1.0, 1.0, 1.0, 1.0, 1.0, 1.0, 1.0, 1.0)","(0.0, 0.0, 0.0, 0.0, 0.0, 0.0, 0.0, 0.0, 0.0, 0.0, 0.0)",315060.0,1753220.0,317620.0,1755780.0,65536,47,35672,47,0,0,0,28,0,302078,e0289165c8967fa456e00c6a971ea1f3284c9feae0a71fc832207ec6ea8feed3,b8ba6cda5a3f012ff678b4d3dbb2245c9b703581148f039422d0feacd9cd452f,7334507e35db64ea987b1b3ea22742020b0d470752686304e77f2498add33972,65489,2,0,0,0,11,0,1,0,0,0,0,0,0,33,0
474,18-9-20_16PCC_49,18-9-20_16PCC,2020-09-18,16PCC,49,patches/S2_18-9-20_16PCC/S2_18-9-20_16PCC_49.tif,patches/S2_18-9-20_16PCC/S2_18-9-20_16PCC_49_cl.tif,patches/S2_18-9-20_16PCC/S2_18-9-20_16PCC_49_conf.tif,val,-88.71461247906217,15.793302794801507,EPSG:32616,10.0,10.0,11,float32,,"(1.0, 1.0, 1.0, 1.0, 1.0, 1.0, 1.0, 1.0, 1.0, 1.0, 1.0)","(0.0, 0.0, 0.0, 0.0, 0.0, 0.0, 0.0, 0.0, 0.0, 0.0, 0.0)",315060.0,1745540.0,317620.0,1748100.0,65536,18,65536,18,0,0,0,0,0,0,587ab015eba0de1cdd1e5ee3078f6c166aaea37719582e9e6534710d2274815d,718afbc0f71d9603a6129460a87b81690cfb2742cbb23f5e18af9e226564084e,b6384dd579d75056538b75872e2d88ad1f0eec438ddd6dd58e1af223b4ee6542,65518,0,0,0,0,4,0,0,0,0,0,0,0,0,14,0
475,18-9-20_16PCC_5,18-9-20_16PCC,2020-09-18,16PCC,5,patches/S2_18-9-20_16PCC/S2_18-9-20_16PCC_5.tif,patches/S2_18-9-20_16PCC/S2_18-9-20_16PCC_5_cl.tif,patches/S2_18-9-20_16PCC/S2_18-9-20_16PCC_5_conf.tif,val,-88.25280896623532,15.863160883255688,EPSG:32616,10.0,10.0,11,float32,,"(1.0, 1.0, 1.0, 1.0, 1.0, 1.0, 1.0, 1.0, 1.0, 1.0, 1.0)","(0.0, 0.0, 0.0, 0.0, 0.0, 0.0, 0.0, 0.0, 0.0, 0.0, 0.0)",364580.0,1752920.0,367140.0,1755480.0,65536,3,65536,3,0,0,0,0,0,0,95b2237f1d85e1370d33794a1f5ce2a4c03fab227dc7c8193894b7d720cf6673,3af943364bc878715748a87b22f39e0d881fcac6119ef0767fcb0e1c603a40b7,22ef518a7cac7a2a5cb019e596d861f457a228d6cc9410d336754cb27ba49a91,65533,1,0,0,1,0,0,1,0,0,0,0,0,0,0,0
476,18-9-20_16PCC_50,18-9-20_16PCC,2020-09-18,16PCC,50,patches/S2_18-9-20_16PCC/S2_18-9-20_16PCC_50.tif,patches/S2_18-9-20_16PCC/S2_18-9-20_16PCC_50_cl.tif,patches/S2_18-9-20_16PCC/S2_18-9-20_16PCC_50_conf.tif,val,-88.69168407964122,15.90915812811175,EPSG:32616,10.0,10.0,11,float32,,"(1.0, 1.0, 1.0, 1.0, 1.0, 1.0, 1.0, 1.0, 1.0, 1.0, 1.0)","(0.0, 0.0, 0.0, 0.0, 0.0, 0.0, 0.0, 0.0, 0.0, 0.0, 0.0)",317620.0,1758340.0,320180.0,1760900.0,65536,85,65476,85,0,0,0,0,0,80,6f4735534467d921413ddf644752716835791fab17c500939c11cc5cd85d32d6,039c15251de141e4328f30be4073df8e28df0ac6c1e12e470550dd6c7def403a,ec9f9f68c33d24fa36bb1fe14bfabdc4cf6ee898cee86c93500651f2941fc9f3,65451,0,0,0,0,0,0,85,0,0,0,0,0,0,0,0
477,18-9-20_16PCC_51,18-9-20_16PCC,2020-09-18,16PCC,51,patches/S2_18-9-20_16PCC/S2_18-9-20_16PCC_51.tif,patches/S2_18-9-20_16PCC/S2_18-9-20_16PCC_51_cl.tif,patches/S2_18-9-20_16PCC/S2_18-9-20_16PCC_51_conf.tif,val,-88.69129764677291,15.86289101478692,EPSG:32616,10.0,10.0,11,float32,,"(1.0, 1.0, 1.0, 1.0, 1.0, 1.0, 1.0, 1.0, 1.0, 1.0, 1.0)","(0.0, 0.0, 0.0, 0.0, 0.0, 0.0, 0.0, 0.0, 0.0, 0.0, 0.0)",317620.0,1753220.0,320180.0,1755780.0,65536,142,65536,142,0,0,0,0,0,0,7aebc4599e16d929019c34434815320d5d8f1ed5322aa076f567d33f39e15177,dc40a7ceb8be23ce96d8746df5bca003e4092997f87a0696ca6296c99a50b684,b69c86676fcc11ac2fe7d493e2cab829e7f5e53aa5dbd096fb1a100fe1bf5abb,65394,0,0,0,0,0,0,142,0,0,0,0,0,0,0,0
478,18-9-20_16PCC_52,18-9-20_16PCC,2020-09-18,16PCC,52,patches/S2_18-9-20_16PCC/S2_18-9-20_16PCC_52.tif,patches/S2_18-9-20_16PCC/S2_18-9-20_16PCC_52_cl.tif,patches/S2_18-9-20_16PCC/S2_18-9-20_16PCC_52_conf.tif,val,-88.69110490753876,15.839757380642519,EPSG:32616,10.0,10.0,11,float32,,"(1.0, 1.0, 1.0, 1.0, 1.0, 1.0, 1.0, 1.0, 1.0, 1.0, 1.0)","(0.0, 0.0, 0.0, 0.0, 0.0, 0.0, 0.0, 0.0, 0.0, 0.0, 0.0)",317620.0,1750660.0,320180.0,1753220.0,65536,146,65536,146,0,0,0,180,0,0,746d3bc069f1497e1dd1e303a9b2f496d5537dbe5abe9e4956da4053259949b5,9a5ec4c4bceb2578c6670a2400b46d0732115b09b04c741542298e43b9d6f3e9,c002f5204306336589e7a91d236e08d4991a1b7b8007132c50eb7c173162abf2,65390,0,0,0,0,0,0,146,0,0,0,0,0,0,0,0
479,18-9-20_16PCC_53,18-9-20_16PCC,2020-09-18,16PCC,53,patches/S2_18-9-20_16PCC/S2_18-9-20_16PCC_53.tif,patches/S2_18-9-20_16PCC/S2_18-9-20_16PCC_53_cl.tif,patches/S2_18-9-20_16PCC/S2_18-9-20_16PCC_53_conf.tif,val,-88.666827968609,15.793674497199714,EPSG:32616,10.0,10.0,11,float32,,"(1.0, 1.0, 1.0, 1.0, 1.0, 1.0, 1.0, 1.0, 1.0, 1.0, 1.0)","(0.0, 0.0, 0.0, 0.0, 0.0, 0.0, 0.0, 0.0, 0.0, 0.0, 0.0)",320180.0,1745540.0,322740.0,1748100.0,65536,1,65536,1,0,0,0,300,0,0,77c38f950d4cbe0bff349f56483e71a99dd9f7a614ebd93dc53604e33ecf0f64,c2577b5361dbe83333c91a21288df7c0b4881100b63b8a74020f2a2ae851b777,b3d988bde739298f1f45977c59609ea9866c4382a34b2530b7609f2caf9f52e0,65535,0,0,0,0,0,0,1,0,0,0,0,0,0,0,0
480,18-9-20_16PCC_54,18-9-20_16PCC,2020-09-18,16PCC,54,patches/S2_18-9-20_16PCC/S2_18-9-20_16PCC_54.tif,patches/S2_18-9-20_16PCC/S2_18-9-20_16PCC_54_cl.tif,patches/S2_18-9-20_16PCC/S2_18-9-20_16PCC_54_conf.tif,val,-88.66663888972728,15.770540424622439,EPSG:32616,10.0,10.0,11,float32,,"(1.0, 1.0, 1.0, 1.0, 1.0, 1.0, 1.0, 1.0, 1.0, 1.0, 1.0)","(0.0, 0.0, 0.0, 0.0, 0.0, 0.0, 0.0, 0.0, 0.0, 0.0, 0.0)",320180.0,1742980.0,322740.0,1745540.0,65536,62,65536,62,0,0,0,144,0,0,4b8ac2df178999e141b6e03235f145badca7beea07a1aa30c38ce32d8ce0f17e,3701037f5a3b7764d3f21fe55afabba936aa0683ba0fac6090763fe45d313f7e,d300ef9c1d5382380639260ee3ad09b5399543884a87904597a9333331af79e1,65474,0,0,0,0,22,0,0,0,0,0,0,0,0,40,0
481,18-9-20_16PCC_55,18-9-20_16PCC,2020-09-18,16PCC,55,patches/S2_18-9-20_16PCC/S2_18-9-20_16PCC_55.tif,patches/S2_18-9-20_16PCC/S2_18-9-20_16PCC_55_cl.tif,patches/S2_18-9-20_16PCC/S2_18-9-20_16PCC_55_conf.tif,val,-88.64387173171748,15.909527404575728,EPSG:32616,10.0,10.0,11,float32,,"(1.0, 1.0, 1.0, 1.0, 1.0, 1.0, 1.0, 1.0, 1.0, 1.0, 1.0)","(0.0, 0.0, 0.0, 0.0, 0.0, 0.0, 0.0, 0.0, 0.0, 0.0, 0.0)",322740.0,1758340.0,325300.0,1760900.0,65536,27,65536,27,0,0,0,0,0,0,88cdcc8f42d84d66d954f505178fc4c57e3e19ff8c1f268c60bc5231c880b8a4,b493230b2cec8eb50efa46bbff8ee3f47f7dff99039ae1db007d205c9ce25d4e,c59d3e65f6270f8d0489525e49864b2645498515f06407dd118679973f42d9f2,65509,0,0,0,0,0,0,27,0,0,0,0,0,0,0,0
482,18-9-20_16PCC_56,18-9-20_16PCC,2020-09-18,16PCC,56,patches/S2_18-9-20_16PCC/S2_18-9-20_16PCC_56.tif,patches/S2_18-9-20_16PCC/S2_18-9-20_16PCC_56_cl.tif,patches/S2_18-9-20_16PCC/S2_18-9-20_16PCC_56_conf.tif,val,-88.64312192168838,15.816990714235246,EPSG:32616,10.0,10.0,11,float32,,"(1.0, 1.0, 1.0, 1.0, 1.0, 1.0, 1.0, 1.0, 1.0, 1.0, 1.0)","(0.0, 0.0, 0.0, 0.0, 0.0, 0.0, 0.0, 0.0, 0.0, 0.0, 0.0)",322740.0,1748100.0,325300.0,1750660.0,65536,11,65536,11,0,0,0,24,0,0,ce2f584b5ad606de5f5c4d4f699fb5665e98fa54491f0b7a9d922ec6399e5cc5,9a392af9be82cd43bf27f2f7e3b440be4b247c6fc0e1dfea5b63526995a929f4,aca9c56676d79c23d2edb5406384ce4504d07c816f4398ee2366aa47aeee8e0f,65525,2,0,0,4,0,0,4,0,0,0,0,0,0,0,1
483,18-9-20_16PCC_57,18-9-20_16PCC,2020-09-18,16PCC,57,patches/S2_18-9-20_16PCC/S2_18-9-20_16PCC_57.tif,patches/S2_18-9-20_16PCC/S2_18-9-20_16PCC_57_cl.tif,patches/S2_18-9-20_16PCC/S2_18-9-20_16PCC_57_conf.tif,val,-88.64293524151438,15.7938564130505,EPSG:32616,10.0,10.0,11,float32,,"(1.0, 1.0, 1.0, 1.0, 1.0, 1.0, 1.0, 1.0, 1.0, 1.0, 1.0)","(0.0, 0.0, 0.0, 0.0, 0.0, 0.0, 0.0, 0.0, 0.0, 0.0, 0.0)",322740.0,1745540.0,325300.0,1748100.0,65536,29,65536,29,0,0,0,304,0,0,6473e33576e8586dfd355fdb7492cab6f48c8b91127c9cbd6e5fc12f88ce4263,94fcca87995b1876e51e465476149c427324089081df37c7be6a35cf20cc80d6,247c2fb960ff8c166eb13348639882defea4dda5790f9838be58f4fdc5479c32,65507,7,0,0,8,0,0,4,0,0,0,0,0,0,0,10
484,18-9-20_16PCC_58,18-9-20_16PCC,2020-09-18,16PCC,58,patches/S2_18-9-20_16PCC/S2_18-9-20_16PCC_58.tif,patches/S2_18-9-20_16PCC/S2_18-9-20_16PCC_58_cl.tif,patches/S2_18-9-20_16PCC/S2_18-9-20_16PCC_58_conf.tif,val,-88.64237705195258,15.724453201948027,EPSG:32616,10.0,10.0,11,float32,,"(1.0, 1.0, 1.0, 1.0, 1.0, 1.0, 1.0, 1.0, 1.0, 1.0, 1.0)","(0.0, 0.0, 0.0, 0.0, 0.0, 0.0, 0.0, 0.0, 0.0, 0.0, 0.0)",322740.0,1737860.0,325300.0,1740420.0,65536,23,65536,23,0,0,0,0,0,0,b96af330a8453d6040b49288f55c6ff193d7dc18bdf3107a709747f9b4c7b0e3,c9d9c960252986396fa93de86fd6f9ae33d9f24c4118b774c82112df2ea45c00,48a92f11a4381f9e7398fd54d3becccf0501f527fee6e837aa18ad84ae5ec36b,65513,0,0,0,0,23,0,0,0,0,0,0,0,0,0,0
485,18-9-20_16PCC_59,18-9-20_16PCC,2020-09-18,16PCC,59,patches/S2_18-9-20_16PCC/S2_18-9-20_16PCC_59.tif,patches/S2_18-9-20_16PCC/S2_18-9-20_16PCC_59_cl.tif,patches/S2_18-9-20_16PCC/S2_18-9-20_16PCC_59_conf.tif,val,-88.62089560033738,16.025379159155158,EPSG:32616,10.0,10.0,11,float32,,"(1.0, 1.0, 1.0, 1.0, 1.0, 1.0, 1.0, 1.0, 1.0, 1.0, 1.0)","(0.0, 0.0, 0.0, 0.0, 0.0, 0.0, 0.0, 0.0, 0.0, 0.0, 0.0)",325300.0,1771140.0,327860.0,1773700.0,65536,181,65536,181,0,0,0,0,0,0,4431855caf4906e7e3fbf90511b5aa00b44d6ea6a7ee1deeb913b65deb4dbb2a,d6cea37f8c44f3c7207a014676975424ab8ce70dc89f1c613162da8e3b21ff80,b19268f4046eaef055611ad96ca057880dc93f1ca0647f9f85d1d87439244f7f,65355,0,0,0,0,0,0,4,0,0,0,0,0,0,177,0
486,18-9-20_16PCC_6,18-9-20_16PCC,2020-09-18,16PCC,6,patches/S2_18-9-20_16PCC/S2_18-9-20_16PCC_6.tif,patches/S2_18-9-20_16PCC/S2_18-9-20_16PCC_6_cl.tif,patches/S2_18-9-20_16PCC/S2_18-9-20_16PCC_6_conf.tif,val,-88.25223925476195,15.7706077424772,EPSG:32616,10.0,10.0,11,float32,,"(1.0, 1.0, 1.0, 1.0, 1.0, 1.0, 1.0, 1.0, 1.0, 1.0, 1.0)","(0.0, 0.0, 0.0, 0.0, 0.0, 0.0, 0.0, 0.0, 0.0, 0.0, 0.0)",364580.0,1742680.0,367140.0,1745240.0,65536,9234,65536,9234,0,0,0,192,0,0,782aa4c5a02417a4f558f80f51b819e64718369c2c2155a77bdee4a37dab9781,417d2f5c77291d5bf1ae2c43432f96bfed831167dfda34b334284b358104d498,0505d4d5d531e9c849883bffed071205f31729ad7059e9c8115f4cc8a1a6893e,56302,0,0,0,0,0,0,0,5396,0,3838,0,0,0,0,0
487,18-9-20_16PCC_60,18-9-20_16PCC,2020-09-18,16PCC,60,patches/S2_18-9-20_16PCC/S2_18-9-20_16PCC_60.tif,patches/S2_18-9-20_16PCC/S2_18-9-20_16PCC_60_cl.tif,patches/S2_18-9-20_16PCC/S2_18-9-20_16PCC_60_conf.tif,val,-88.62070888768277,16.002245046284944,EPSG:32616,10.0,10.0,11,float32,,"(1.0, 1.0, 1.0, 1.0, 1.0, 1.0, 1.0, 1.0, 1.0, 1.0, 1.0)","(0.0, 0.0, 0.0, 0.0, 0.0, 0.0, 0.0, 0.0, 0.0, 0.0, 0.0)",325300.0,1768580.0,327860.0,1771140.0,65536,408,65536,408,0,0,0,0,0,0,6637dc86b35346a47b127a8497ed404e799b305ea5ded15e59767d55249a48b8,b2995a9e4c89d094470da9c2211f226cd2e64e12c0624eaa9acec3c4bdf321cc,510535104a4f7520e83c89bf07dc1b25b6c7292e74c12c613a258785a9dcc1fe,65128,0,0,0,0,96,0,28,0,0,0,0,0,0,284,0
488,18-9-20_16PCC_61,18-9-20_16PCC,2020-09-18,16PCC,61,patches/S2_18-9-20_16PCC/S2_18-9-20_16PCC_61.tif,patches/S2_18-9-20_16PCC/S2_18-9-20_16PCC_61_cl.tif,patches/S2_18-9-20_16PCC/S2_18-9-20_16PCC_61_conf.tif,val,-88.61959502347919,15.86343928248646,EPSG:32616,10.0,10.0,11,float32,,"(1.0, 1.0, 1.0, 1.0, 1.0, 1.0, 1.0, 1.0, 1.0, 1.0, 1.0)","(0.0, 0.0, 0.0, 0.0, 0.0, 0.0, 0.0, 0.0, 0.0, 0.0, 0.0)",325300.0,1753220.0,327860.0,1755780.0,65536,126,65536,126,0,0,0,0,0,0,363bf504a13ad4d20762585eea8f52b709920ce0c1cd39d013e07f7d09c8304d,e515583fb9e68e46f06226b826c481592f2f5b8d503bbd6d1d919b4b7e6805d7,0a6926557ef044156f3827470edc406d84f9b2944205c8ae38a338bd4c4b15da,65410,0,0,0,0,79,0,23,0,0,0,0,0,0,24,0
489,18-9-20_16PCC_62,18-9-20_16PCC,2020-09-18,16PCC,62,patches/S2_18-9-20_16PCC/S2_18-9-20_16PCC_62.tif,patches/S2_18-9-20_16PCC/S2_18-9-20_16PCC_62_cl.tif,patches/S2_18-9-20_16PCC/S2_18-9-20_16PCC_62_conf.tif,val,-88.61922617403327,15.817170282249688,EPSG:32616,10.0,10.0,11,float32,,"(1.0, 1.0, 1.0, 1.0, 1.0, 1.0, 1.0, 1.0, 1.0, 1.0, 1.0)","(0.0, 0.0, 0.0, 0.0, 0.0, 0.0, 0.0, 0.0, 0.0, 0.0, 0.0)",325300.0,1748100.0,327860.0,1750660.0,65536,2,65536,2,0,0,0,0,0,0,53e61da4f88613ace7009af228bafe3f895fdb593908871dfb296d5732cedd5a,1ccbcda185a9dddcf11aec4c658616a6054b1cd92aae0a549135df2d44de6cb3,05a5afec7c3e7aa867301a82ed64990ae028338bbb179bab7818ed767c67253e,65534,0,0,0,0,0,0,2,0,0,0,0,0,0,0,0
490,18-9-20_16PCC_63,18-9-20_16PCC,2020-09-18,16PCC,63,patches/S2_18-9-20_16PCC/S2_18-9-20_16PCC_63.tif,patches/S2_18-9-20_16PCC/S2_18-9-20_16PCC_63_cl.tif,patches/S2_18-9-20_16PCC/S2_18-9-20_16PCC_63_conf.tif,val,-88.61904220581677,15.79403570513032,EPSG:32616,10.0,10.0,11,float32,,"(1.0, 1.0, 1.0, 1.0, 1.0, 1.0, 1.0, 1.0, 1.0, 1.0, 1.0)","(0.0, 0.0, 0.0, 0.0, 0.0, 0.0, 0.0, 0.0, 0.0, 0.0, 0.0)",325300.0,1745540.0,327860.0,1748100.0,65536,265,65536,265,0,0,0,200,0,0,2dcf74e6a270c5366ec67b81c678666250b665103cd03296f32b19faf1c8c825,add06886beb029e3ea386d414ecaeb3a3ff79361bc934988500b9930a794a283,3cbbadf2b732ca786e09d6b8ec3bb4407c113b85ab49a1aed66e0905b1f84d8f,65271,0,0,0,0,0,0,265,0,0,0,0,0,0,0,0
491,18-9-20_16PCC_64,18-9-20_16PCC,2020-09-18,16PCC,64,patches/S2_18-9-20_16PCC/S2_18-9-20_16PCC_64.tif,patches/S2_18-9-20_16PCC/S2_18-9-20_16PCC_64_cl.tif,patches/S2_18-9-20_16PCC/S2_18-9-20_16PCC_64_conf.tif,val,-88.61849212524398,15.724631666585331,EPSG:32616,10.0,10.0,11,float32,,"(1.0, 1.0, 1.0, 1.0, 1.0, 1.0, 1.0, 1.0, 1.0, 1.0, 1.0)","(0.0, 0.0, 0.0, 0.0, 0.0, 0.0, 0.0, 0.0, 0.0, 0.0, 0.0)",325300.0,1737860.0,327860.0,1740420.0,65536,20,65536,20,0,0,0,12,0,0,de7000095844fbcde6234e3ae7243a57e7643cf17ecce26b43059ca94549428e,54e5adbda2cb62b11f4233cee6486a7e38480e053df5597b941031550d6253af,2b7dccb08b3a4141e446320735f797073cd316189f0d0cfa09e0227350528f34,65516,0,0,0,0,13,0,0,0,0,7,0,0,0,0,0
492,18-9-20_16PCC_65,18-9-20_16PCC,2020-09-18,16PCC,65,patches/S2_18-9-20_16PCC/S2_18-9-20_16PCC_65.tif,patches/S2_18-9-20_16PCC/S2_18-9-20_16PCC_65_cl.tif,patches/S2_18-9-20_16PCC/S2_18-9-20_16PCC_65_conf.tif,val,-88.618309372539,15.701496884901852,EPSG:32616,10.0,10.0,11,float32,,"(1.0, 1.0, 1.0, 1.0, 1.0, 1.0, 1.0, 1.0, 1.0, 1.0, 1.0)","(0.0, 0.0, 0.0, 0.0, 0.0, 0.0, 0.0, 0.0, 0.0, 0.0, 0.0)",325300.0,1735300.0,327860.0,1737860.0,65536,11,65536,11,0,0,0,0,0,0,c9548caff74d6964ead82e152b9991a7cf56a91648b1c595ae66a39902f80f60,18af6a7f3f5dec14bdc34f9e974a1ce16749deacb68d3345c8035916c6f7aeb7,bc81d623971b37832d342fee75c53cbea6a6f3dd1d20bb62ca1d5ce72381ec9c,65525,0,0,0,0,0,0,0,0,0,11,0,0,0,0,0
493,18-9-20_16PCC_66,18-9-20_16PCC,2020-09-18,16PCC,66,patches/S2_18-9-20_16PCC/S2_18-9-20_16PCC_66.tif,patches/S2_18-9-20_16PCC/S2_18-9-20_16PCC_66_cl.tif,patches/S2_18-9-20_16PCC/S2_18-9-20_16PCC_66_conf.tif,val,-88.59605814607147,15.90988610517156,EPSG:32616,10.0,10.0,11,float32,,"(1.0, 1.0, 1.0, 1.0, 1.0, 1.0, 1.0, 1.0, 1.0, 1.0, 1.0)","(0.0, 0.0, 0.0, 0.0, 0.0, 0.0, 0.0, 0.0, 0.0, 0.0, 0.0)",327860.0,1758340.0,330420.0,1760900.0,65536,3,65536,3,0,0,0,0,0,0,b888c923971c68f5f4643086cedee0a064ae3f7a6b20212de82f1f22a48a2b6b,ebbd49b1472fa9ce6c38edbecea0e7aebbd7e53637f462e494a7f97472351b6f,bcd75dcbd0fd1ebc3b06f4ecad52a059059189383d6cbe256e24bf73d42ec1e2,65533,2,0,0,0,0,0,1,0,0,0,0,0,0,0,0
494,18-9-20_16PCC_67,18-9-20_16PCC,2020-09-18,16PCC,67,patches/S2_18-9-20_16PCC/S2_18-9-20_16PCC_67.tif,patches/S2_18-9-20_16PCC/S2_18-9-20_16PCC_67_cl.tif,patches/S2_18-9-20_16PCC/S2_18-9-20_16PCC_67_conf.tif,val,-88.59551167798983,15.840482020068446,EPSG:32616,10.0,10.0,11,float32,,"(1.0, 1.0, 1.0, 1.0, 1.0, 1.0, 1.0, 1.0, 1.0, 1.0, 1.0)","(0.0, 0.0, 0.0, 0.0, 0.0, 0.0, 0.0, 0.0, 0.0, 0.0, 0.0)",327860.0,1750660.0,330420.0,1753220.0,65536,30,65536,30,0,0,0,8,0,0,7b0030803e30ac9cdd84cb3108beba9891971bd00b93a27f1ac8380db3d3204d,7dd68c066f78164c359ffef9e4a0c891d9f21f86cc3d984b6317aeeabf0699e4,865c02213c381d147ad45818a2e8affe002fed3be1663820b7834f9bd0f110c9,65506,1,0,0,0,14,0,15,0,0,0,0,0,0,0,0
495,18-9-20_16PCC_68,18-9-20_16PCC,2020-09-18,16PCC,68,patches/S2_18-9-20_16PCC/S2_18-9-20_16PCC_68.tif,patches/S2_18-9-20_16PCC/S2_18-9-20_16PCC_68_cl.tif,patches/S2_18-9-20_16PCC/S2_18-9-20_16PCC_68_conf.tif,val,-88.59533012209485,15.817347222304047,EPSG:32616,10.0,10.0,11,float32,,"(1.0, 1.0, 1.0, 1.0, 1.0, 1.0, 1.0, 1.0, 1.0, 1.0, 1.0)","(0.0, 0.0, 0.0, 0.0, 0.0, 0.0, 0.0, 0.0, 0.0, 0.0, 0.0)",327860.0,1748100.0,330420.0,1750660.0,65536,186,65536,186,0,0,0,56,0,0,974cdb93f697a9be7b3afafa91892e49659f7004182f04d2ba8b9207402a3a11,251440dd5c109be4b0c7629d10250eab7cf5d391f4cfbeaa3b007369e8fa76ea,810be5d08cd5d58ded5be52ea8ad866e5a7919402c4cbb7f4d4b9f6c374a9a06,65350,0,0,0,0,163,0,23,0,0,0,0,0,0,0,0
496,18-9-20_16PCC_69,18-9-20_16PCC,2020-09-18,16PCC,69,patches/S2_18-9-20_16PCC/S2_18-9-20_16PCC_69.tif,patches/S2_18-9-20_16PCC/S2_18-9-20_16PCC_69_cl.tif,patches/S2_18-9-20_16PCC/S2_18-9-20_16PCC_69_conf.tif,val,-88.59514886599835,15.794212373287882,EPSG:32616,10.0,10.0,11,float32,,"(1.0, 1.0, 1.0, 1.0, 1.0, 1.0, 1.0, 1.0, 1.0, 1.0, 1.0)","(0.0, 0.0, 0.0, 0.0, 0.0, 0.0, 0.0, 0.0, 0.0, 0.0, 0.0)",327860.0,1745540.0,330420.0,1748100.0,65536,28,65536,28,0,0,0,4,0,0,21964a365f90612387bc78b31aeff94ab8e93fa9a64a474141dd58671478041d,fc3f0e58d5f4c3b5f32c9630fe0467c77db2ad9010fedfc713ad1aafb8317b80,732e766560ab81277d00e9492abdf299570e7496d5699e5dcc7d6421c86de81a,65508,0,0,0,0,12,0,0,0,0,16,0,0,0,0,0
497,18-9-20_16PCC_7,18-9-20_16PCC,2020-09-18,16PCC,7,patches/S2_18-9-20_16PCC/S2_18-9-20_16PCC_7.tif,patches/S2_18-9-20_16PCC/S2_18-9-20_16PCC_7_cl.tif,patches/S2_18-9-20_16PCC/S2_18-9-20_16PCC_7_conf.tif,val,-88.25209741513481,15.747469331230812,EPSG:32616,10.0,10.0,11,float32,,"(1.0, 1.0, 1.0, 1.0, 1.0, 1.0, 1.0, 1.0, 1.0, 1.0, 1.0)","(0.0, 0.0, 0.0, 0.0, 0.0, 0.0, 0.0, 0.0, 0.0, 0.0, 0.0)",364580.0,1740120.0,367140.0,1742680.0,65536,3978,65536,3978,0,0,0,12,0,0,eaf87356830e7a77be7a2b56475c5f04a65476ccbac5d293806e55d13eecd730,c7eee45c576a9594533c6ddae5e271735ca2b1f855815d20a69ccb9908134101,bae6fd33019e9b0313d4131f9ff0d64513ee1d8d3b8c01b1743d022bcc5755d3,61558,0,0,0,0,0,0,0,3842,9,127,0,0,0,0,0
498,18-9-20_16PCC_70,18-9-20_16PCC,2020-09-18,16PCC,70,patches/S2_18-9-20_16PCC/S2_18-9-20_16PCC_70.tif,patches/S2_18-9-20_16PCC/S2_18-9-20_16PCC_70_cl.tif,patches/S2_18-9-20_16PCC/S2_18-9-20_16PCC_70_conf.tif,val,-88.59478725256069,15.7479425217721,EPSG:32616,10.0,10.0,11,float32,,"(1.0, 1.0, 1.0, 1.0, 1.0, 1.0, 1.0, 1.0, 1.0, 1.0, 1.0)","(0.0, 0.0, 0.0, 0.0, 0.0, 0.0, 0.0, 0.0, 0.0, 0.0, 0.0)",327860.0,1740420.0,330420.0,1742980.0,65536,12,65536,12,0,0,0,0,0,0,247d0f003f2cb2aafa3ba1f7e0e4bcaf6336554b6320c88d03099bfaefde368c,8b14b9ddf8e6b78475721c0fd0fad5d60c9947457a28fee175a4c2ce7815fa4a,8dbd59a691563ae86e98b8968ac2ebafd9fe29efb62dca5cedf62f3c00f14c32,65524,0,0,0,0,12,0,0,0,0,0,0,0,0,0,0
499,18-9-20_16PCC_71,18-9-20_16PCC,2020-09-18,16PCC,71,patches/S2_18-9-20_16PCC/S2_18-9-20_16PCC_71.tif,patches/S2_18-9-20_16PCC/S2_18-9-20_16PCC_71_cl.tif,patches/S2_18-9-20_16PCC/S2_18-9-20_16PCC_71_conf.tif,val,-88.59442683639958,15.701672466065286,EPSG:32616,10.0,10.0,11,float32,,"(1.0, 1.0, 1.0, 1.0, 1.0, 1.0, 1.0, 1.0, 1.0, 1.0, 1.0)","(0.0, 0.0, 0.0, 0.0, 0.0, 0.0, 0.0, 0.0, 0.0, 0.0, 0.0)",327860.0,1735300.0,330420.0,1737860.0,65536,55,65536,55,0,0,0,0,0,0,9c8d61569a3f4884d7b578cff4d8f0d40bd1bf8e17aff3cbf3e1623a768614e2,fee6f690db0e5730be76359606c2f5ecaf893b434d914e19df469eaa15d3ac36,a4764fda21979137c64669819071cd41b05abdf95eaced095258567922f7adf0,65481,0,0,0,0,0,0,0,0,0,55,0,0,0,0,0
500,18-9-20_16PCC_72,18-9-20_16PCC,2020-09-18,16PCC,72,patches/S2_18-9-20_16PCC/S2_18-9-20_16PCC_72.tif,patches/S2_18-9-20_16PCC/S2_18-9-20_16PCC_72_cl.tif,patches/S2_18-9-20_16PCC/S2_18-9-20_16PCC_72_conf.tif,val,-88.57215090033826,15.910061489138887,EPSG:32616,10.0,10.0,11,float32,,"(1.0, 1.0, 1.0, 1.0, 1.0, 1.0, 1.0, 1.0, 1.0, 1.0, 1.0)","(0.0, 0.0, 0.0, 0.0, 0.0, 0.0, 0.0, 0.0, 0.0, 0.0, 0.0)",330420.0,1758340.0,332980.0,1760900.0,65536,8,65536,8,0,0,0,0,0,0,6b845a6d0c7ec7a494983068fa74fed99d715ad7ddec5149ca606aa5961047c7,df913efb265245fb8f727603415ff35f3f713707bfba2a79d74f631bb71df752,6e2c0950243ce3fe72f5410e4968f2722b519676c481dbf0fa175db03499581f,65528,4,0,0,0,0,0,4,0,0,0,0,0,0,0,0
501,18-9-20_16PCC_73,18-9-20_16PCC,2020-09-18,16PCC,73,patches/S2_18-9-20_16PCC/S2_18-9-20_16PCC_73.tif,patches/S2_18-9-20_16PCC/S2_18-9-20_16PCC_73_cl.tif,patches/S2_18-9-20_16PCC/S2_18-9-20_16PCC_73_conf.tif,val,-88.5719711743193,15.886926577443505,EPSG:32616,10.0,10.0,11,float32,,"(1.0, 1.0, 1.0, 1.0, 1.0, 1.0, 1.0, 1.0, 1.0, 1.0, 1.0)","(0.0, 0.0, 0.0, 0.0, 0.0, 0.0, 0.0, 0.0, 0.0, 0.0, 0.0)",330420.0,1755780.0,332980.0,1758340.0,65536,5,65536,5,0,0,0,0,0,0,c5a283f2313979e73876b7b72df18618a17a547acc05d5c07ee4d28631fae4d3,b9add70d96f2354419ca08e77838b5a20893dbdf9de112a1bce91e82145aa07b,dd746eb2540e0a4efcd38aa39c2ac5539765c4c27fca7f944cdc000a98c47297,65531,1,0,0,2,0,0,2,0,0,0,0,0,0,0,0
502,18-9-20_16PCC_74,18-9-20_16PCC,2020-09-18,16PCC,74,patches/S2_18-9-20_16PCC/S2_18-9-20_16PCC_74.tif,patches/S2_18-9-20_16PCC/S2_18-9-20_16PCC_74_cl.tif,patches/S2_18-9-20_16PCC/S2_18-9-20_16PCC_74_conf.tif,val,-88.57179174408866,15.863791614351536,EPSG:32616,10.0,10.0,11,float32,,"(1.0, 1.0, 1.0, 1.0, 1.0, 1.0, 1.0, 1.0, 1.0, 1.0, 1.0)","(0.0, 0.0, 0.0, 0.0, 0.0, 0.0, 0.0, 0.0, 0.0, 0.0, 0.0)",330420.0,1753220.0,332980.0,1755780.0,65536,14,65536,14,0,0,0,0,0,0,da8690af039fcf5d030dac0af7489bd06ba849f854cd2d2da759479e513c3662,e05fc12e9d5741e931754a2047b9cbe57b6c3010e3b5bc3e994c47518ebd2b57,8b358ea02242bb3c7edf204574d051f92a08bcaccafd857839c6ec0366f5ede3,65522,2,0,0,2,0,0,6,0,0,0,0,0,0,0,4
503,18-9-20_16PCC_75,18-9-20_16PCC,2020-09-18,16PCC,75,patches/S2_18-9-20_16PCC/S2_18-9-20_16PCC_75.tif,patches/S2_18-9-20_16PCC/S2_18-9-20_16PCC_75_cl.tif,patches/S2_18-9-20_16PCC/S2_18-9-20_16PCC_75_conf.tif,val,-88.50163606346149,16.072520176060042,EPSG:32616,10.0,10.0,11,float32,,"(1.0, 1.0, 1.0, 1.0, 1.0, 1.0, 1.0, 1.0, 1.0, 1.0, 1.0)","(0.0, 0.0, 0.0, 0.0, 0.0, 0.0, 0.0, 0.0, 0.0, 0.0, 0.0)",338100.0,1776260.0,340660.0,1778820.0,65536,642,65536,642,0,0,0,0,0,0,21d9b075080cbfde2afc59908442d37fdee13a635e2eeff30d6ffc1ba55e6e96,583d266d2effeb89330c494977cafd4ecb67312866a6b10645575893bdc32274,97e9232a4494abfc0fbcc704f28e3933a0c03b13cb2361d9945f922d9b595963,64894,0,0,0,0,0,0,642,0,0,0,0,0,0,0,0
504,18-9-20_16PCC_76,18-9-20_16PCC,2020-09-18,16PCC,76,patches/S2_18-9-20_16PCC/S2_18-9-20_16PCC_76.tif,patches/S2_18-9-20_16PCC/S2_18-9-20_16PCC_76_cl.tif,patches/S2_18-9-20_16PCC/S2_18-9-20_16PCC_76_conf.tif,val,-88.3585384551994,16.142889540734494,EPSG:32616,10.0,10.0,11,float32,,"(1.0, 1.0, 1.0, 1.0, 1.0, 1.0, 1.0, 1.0, 1.0, 1.0, 1.0)","(0.0, 0.0, 0.0, 0.0, 0.0, 0.0, 0.0, 0.0, 0.0, 0.0, 0.0)",353460.0,1783940.0,356020.0,1786500.0,65536,176,65536,176,0,0,0,0,0,0,b83a51f1072d044516df2524fbf5005c270e108dc6300bd8c4f78ed1a6936059,47495a65f25fe25a72cdfb8477f8ac5ecdddbd47fa682f36e2a2713ddb056ec3,24443782b297f942073c2b0814a33e1fcb3b7087d2364191ce47f7c6633bc9b6,65360,0,0,0,0,0,0,20,0,0,0,156,0,0,0,0
505,18-9-20_16PCC_77,18-9-20_16PCC,2020-09-18,16PCC,77,patches/S2_18-9-20_16PCC/S2_18-9-20_16PCC_77.tif,patches/S2_18-9-20_16PCC/S2_18-9-20_16PCC_77_cl.tif,patches/S2_18-9-20_16PCC/S2_18-9-20_16PCC_77_conf.tif,val,-88.35635385395027,15.818972053284849,EPSG:32616,10.0,10.0,11,float32,,"(1.0, 1.0, 1.0, 1.0, 1.0, 1.0, 1.0, 1.0, 1.0, 1.0, 1.0)","(0.0, 0.0, 0.0, 0.0, 0.0, 0.0, 0.0, 0.0, 0.0, 0.0, 0.0)",353460.0,1748100.0,356020.0,1750660.0,65536,533,65536,533,0,0,0,0,0,0,1dbb5815a702c92dcebf70273c4566b5b52e18a44023ccd15d174ab6c97f0673,72c7277c2a3a10207f2f133cb11575fd6e4d360adcbe345e354dac1bd3be6891,95ccff0e1c649fbd0bbe94820aec2f35c0ed891c393179cbef6f822bb8e048cc,65003,0,0,0,0,0,0,533,0,0,0,0,0,0,0,0
506,18-9-20_16PCC_78,18-9-20_16PCC,2020-09-18,16PCC,78,patches/S2_18-9-20_16PCC/S2_18-9-20_16PCC_78.tif,patches/S2_18-9-20_16PCC/S2_18-9-20_16PCC_78_cl.tif,patches/S2_18-9-20_16PCC/S2_18-9-20_16PCC_78_conf.tif,val,-88.33460088737677,16.143040753641852,EPSG:32616,10.0,10.0,11,float32,,"(1.0, 1.0, 1.0, 1.0, 1.0, 1.0, 1.0, 1.0, 1.0, 1.0, 1.0)","(0.0, 0.0, 0.0, 0.0, 0.0, 0.0, 0.0, 0.0, 0.0, 0.0, 0.0)",356020.0,1783940.0,358580.0,1786500.0,65536,207,65536,207,0,0,0,0,0,0,fbb6534084a957ece8b0d6451a223cb636ccae9a90c8ebf2589a46747ab5fbc6,654d9f15ef01b74f0941c714d0c455dd907c4eaf3b3aeace4e38678769a44535,b1f45bc50bc80e6840d8b927ce078af862e7e8c1a5ccd9f816de3ac1d9aeb218,65329,0,0,0,0,0,0,37,0,0,0,170,0,0,0,0
507,18-9-20_16PCC_8,18-9-20_16PCC,2020-09-18,16PCC,8,patches/S2_18-9-20_16PCC/S2_18-9-20_16PCC_8.tif,patches/S2_18-9-20_16PCC/S2_18-9-20_16PCC_8_cl.tif,patches/S2_18-9-20_16PCC/S2_18-9-20_16PCC_8_conf.tif,val,-88.22904397472105,15.88643624735589,EPSG:32616,10.0,10.0,11,float32,,"(1.0, 1.0, 1.0, 1.0, 1.0, 1.0, 1.0, 1.0, 1.0, 1.0, 1.0)","(0.0, 0.0, 0.0, 0.0, 0.0, 0.0, 0.0, 0.0, 0.0, 0.0, 0.0)",367140.0,1755480.0,369700.0,1758040.0,65536,4,65536,4,0,0,0,0,0,0,e589161dbea68ccaf21f7517cdee9d6ead17c8e6c0d57ce1753a9de05bbcb5d1,47694f6cf26b170e9fe2cb1bbe75b0cf56a1102bbb492ceadbbf3d018df3dbb5,23d6304414a57c393dc048e27812651901af2157b476352b9b5e686c5e342f03,65532,1,0,0,0,0,0,3,0,0,0,0,0,0,0,0
508,18-9-20_16PCC_9,18-9-20_16PCC,2020-09-18,16PCC,9,patches/S2_18-9-20_16PCC/S2_18-9-20_16PCC_9.tif,patches/S2_18-9-20_16PCC/S2_18-9-20_16PCC_9_cl.tif,patches/S2_18-9-20_16PCC/S2_18-9-20_16PCC_9_conf.tif,val,-88.22834483790268,15.7707438980019,EPSG:32616,10.0,10.0,11,float32,,"(1.0, 1.0, 1.0, 1.0, 1.0, 1.0, 1.0, 1.0, 1.0, 1.0, 1.0)","(0.0, 0.0, 0.0, 0.0, 0.0, 0.0, 0.0, 0.0, 0.0, 0.0, 0.0)",367140.0,1742680.0,369700.0,1745240.0,65536,7763,65536,7763,0,0,0,160,0,0,8c48fd9f8981bbaa7504e13dd3bb175a2556e0f43ee017f083b44e907b48fac3,1abeead067c5b67bb73799814441bacb142062f3bbab5a7ba6ab421f6d374b02,669ea253d518ccf7d5604b2a76059d7915c0060d44624b0410938f5acf9daf08,57773,0,0,0,0,0,0,0,0,0,7763,0,0,0,0,0
509,18-9-20_16PDC_0,18-9-20_16PDC,2020-09-18,16PDC,0,patches/S2_18-9-20_16PDC/S2_18-9-20_16PDC_0.tif,patches/S2_18-9-20_16PDC/S2_18-9-20_16PDC_0_cl.tif,patches/S2_18-9-20_16PDC/S2_18-9-20_16PDC_0_conf.tif,train,-87.92247209403298,16.00077380619973,EPSG:32616,10.0,10.0,11,float32,,"(1.0, 1.0, 1.0, 1.0, 1.0, 1.0, 1.0, 1.0, 1.0, 1.0, 1.0)","(0.0, 0.0, 0.0, 0.0, 0.0, 0.0, 0.0, 0.0, 0.0, 0.0, 0.0)",400020.0,1767960.0,402580.0,1770520.0,65536,31,65536,31,0,0,0,0,0,0,759af23b2df7362c3ab67f248c5b7ddebb7a6a4a72c8b5e04b86ecc05233d019,d51d836f6855ac8a3080d4ba996f47ec3a1e02d56783d6a1426c1d07229933d0,4e0fd358ff46dcad44a4eb41fceec6933ae600e9d7621f0098aced847d72bc06,65505,0,0,0,0,0,0,0,0,0,0,0,0,31,0,0
510,18-9-20_16PDC_1,18-9-20_16PDC,2020-09-18,16PDC,1,patches/S2_18-9-20_16PDC/S2_18-9-20_16PDC_1.tif,patches/S2_18-9-20_16PDC/S2_18-9-20_16PDC_1_cl.tif,patches/S2_18-9-20_16PDC/S2_18-9-20_16PDC_1_conf.tif,train,-87.92194334251973,15.885070992783044,EPSG:32616,10.0,10.0,11,float32,,"(1.0, 1.0, 1.0, 1.0, 1.0, 1.0, 1.0, 1.0, 1.0, 1.0, 1.0)","(0.0, 0.0, 0.0, 0.0, 0.0, 0.0, 0.0, 0.0, 0.0, 0.0, 0.0)",400020.0,1755160.0,402580.0,1757720.0,65536,174,65536,174,0,0,0,0,0,0,c8ad52e9fa3e54bdb52abd5b9dcf26cbd911035bdbd60c84cb43f1bf5d2d680e,e8e179e348404a64b9bd478919f8071a7ca114fb586a9677e33dceaf5e3c115d,48c19fd5d627be076a2e2c9d9f900dcae41faaddf7292b78ea5f86e2d4099196,65362,0,0,0,0,36,82,56,0,0,0,0,0,0,0,0
511,18-9-20_16PDC_10,18-9-20_16PDC,2020-09-18,16PDC,10,patches/S2_18-9-20_16PDC/S2_18-9-20_16PDC_10.tif,patches/S2_18-9-20_16PDC/S2_18-9-20_16PDC_10_cl.tif,patches/S2_18-9-20_16PDC/S2_18-9-20_16PDC_10_conf.tif,train,-87.73149669767518,16.117217400478218,EPSG:32616,10.0,10.0,11,float32,,"(1.0, 1.0, 1.0, 1.0, 1.0, 1.0, 1.0, 1.0, 1.0, 1.0, 1.0)","(0.0, 0.0, 0.0, 0.0, 0.0, 0.0, 0.0, 0.0, 0.0, 0.0, 0.0)",420500.0,1780760.0,423060.0,1783320.0,65536,17,65536,17,0,0,0,0,0,0,4cec1e886bfe2aaa97c6fefca80b97e193192769c86ce6559c4dca24d635c5d1,02b459847dbe34d6a6ec4739a2c5c7f92e430d5a5fc8d80de009374e8f4ff87b,c4ea8f8f157755b9061e8d5bafb78c2eb52d0d88dbfb38a6522776fbe864888f,65519,7,0,0,3,0,0,6,0,0,0,0,0,0,0,1
512,18-9-20_16PDC_11,18-9-20_16PDC,2020-09-18,16PDC,11,patches/S2_18-9-20_16PDC/S2_18-9-20_16PDC_11.tif,patches/S2_18-9-20_16PDC/S2_18-9-20_16PDC_11_cl.tif,patches/S2_18-9-20_16PDC/S2_18-9-20_16PDC_11_conf.tif,train,-87.70796950369028,16.233004584275363,EPSG:32616,10.0,10.0,11,float32,,"(1.0, 1.0, 1.0, 1.0, 1.0, 1.0, 1.0, 1.0, 1.0, 1.0, 1.0)","(0.0, 0.0, 0.0, 0.0, 0.0, 0.0, 0.0, 0.0, 0.0, 0.0, 0.0)",423060.0,1793560.0,425620.0,1796120.0,65536,51,65536,51,0,0,0,0,0,0,1efca1534bf0fc0c94eea4b47124282fca6852e724b31a38c1edeaa195da45fe,48970f63f5b6d0d6380d4f436f022bb9182adf83a23a138c58adf199a76dfd9c,86a41098212758348acc516c8a6e0a7175cd39ce642c10e035adbdd3701d4111,65485,0,0,0,0,0,0,51,0,0,0,0,0,0,0,0
513,18-9-20_16PDC_12,18-9-20_16PDC,2020-09-18,16PDC,12,patches/S2_18-9-20_16PDC/S2_18-9-20_16PDC_12.tif,patches/S2_18-9-20_16PDC/S2_18-9-20_16PDC_12_cl.tif,patches/S2_18-9-20_16PDC/S2_18-9-20_16PDC_12_conf.tif,train,-87.70780428664008,16.186722134505807,EPSG:32616,10.0,10.0,11,float32,,"(1.0, 1.0, 1.0, 1.0, 1.0, 1.0, 1.0, 1.0, 1.0, 1.0, 1.0)","(0.0, 0.0, 0.0, 0.0, 0.0, 0.0, 0.0, 0.0, 0.0, 0.0, 0.0)",423060.0,1788440.0,425620.0,1791000.0,65536,20,65536,20,0,0,0,0,0,0,32949a81da52b6fd7841f7350e37d45d70bbec8dfefb9224a0784a4439d32a56,c06ff62ad0c17cb9ba6a620e83a12bc35066ebc8a4cbc5f4cddeb1a2068c2945,4d66312b2b300c217688fcb7b620c7aa67fbe1096e6ed278819f026aa8f1aac6,65516,0,0,0,0,0,0,20,0,0,0,0,0,0,0,0
514,18-9-20_16PDC_13,18-9-20_16PDC,2020-09-18,16PDC,13,patches/S2_18-9-20_16PDC/S2_18-9-20_16PDC_13.tif,patches/S2_18-9-20_16PDC/S2_18-9-20_16PDC_13_cl.tif,patches/S2_18-9-20_16PDC/S2_18-9-20_16PDC_13_conf.tif,train,-87.70755746569274,16.117298079852148,EPSG:32616,10.0,10.0,11,float32,,"(1.0, 1.0, 1.0, 1.0, 1.0, 1.0, 1.0, 1.0, 1.0, 1.0, 1.0)","(0.0, 0.0, 0.0, 0.0, 0.0, 0.0, 0.0, 0.0, 0.0, 0.0, 0.0)",423060.0,1780760.0,425620.0,1783320.0,65536,67,65536,67,0,0,0,0,0,0,efc5b9806ea8271a024d10913e980782a35f5d203e2fb330c6bfd0576085facb,740378027948a312fac377b333e6db394b00887058cbc0ccf31513d2084851f1,9c242315c5d52dc5a410be6dbd13bd16723be0a7fe5ecb3d4b55066a6e69609b,65469,2,0,0,45,0,0,19,0,0,0,0,0,0,0,1
515,18-9-20_16PDC_14,18-9-20_16PDC,2020-09-18,16PDC,14,patches/S2_18-9-20_16PDC/S2_18-9-20_16PDC_14.tif,patches/S2_18-9-20_16PDC/S2_18-9-20_16PDC_14_cl.tif,patches/S2_18-9-20_16PDC/S2_18-9-20_16PDC_14_conf.tif,train,-87.70747545965216,16.094156627226447,EPSG:32616,10.0,10.0,11,float32,,"(1.0, 1.0, 1.0, 1.0, 1.0, 1.0, 1.0, 1.0, 1.0, 1.0, 1.0)","(0.0, 0.0, 0.0, 0.0, 0.0, 0.0, 0.0, 0.0, 0.0, 0.0, 0.0)",423060.0,1778200.0,425620.0,1780760.0,65536,12,65536,12,0,0,0,0,0,0,090dc0a61702e58b29e73f0ecef7df1ce56698a9cc0d448d249f64e51c7e7cd7,a68ad56a774054443ce9d6ce280a9c465a490a91fb00dba6d20d073e9af0a3ff,1b3f12dae3261920fb5ab8ce7b6f4df6797a2e8a0678ae5d629192e0da0412a9,65524,0,0,0,6,0,0,6,0,0,0,0,0,0,0,0
516,18-9-20_16PDC_15,18-9-20_16PDC,2020-09-18,16PDC,15,patches/S2_18-9-20_16PDC/S2_18-9-20_16PDC_15.tif,patches/S2_18-9-20_16PDC/S2_18-9-20_16PDC_15_cl.tif,patches/S2_18-9-20_16PDC/S2_18-9-20_16PDC_15_conf.tif,train,-87.70690515643265,15.932165050454312,EPSG:32616,10.0,10.0,11,float32,,"(1.0, 1.0, 1.0, 1.0, 1.0, 1.0, 1.0, 1.0, 1.0, 1.0, 1.0)","(0.0, 0.0, 0.0, 0.0, 0.0, 0.0, 0.0, 0.0, 0.0, 0.0, 0.0)",423060.0,1760280.0,425620.0,1762840.0,65536,2061,65536,2061,0,0,0,0,0,0,a682e056aee0d3d1d87dbe6b3460b45e01f414b837d000ff55f994ca76362fca,d9d7fb5f571bc5929c5dab3014aa01d597485c4eda69d01ee0df3f70bdcf1902,945fbfbac1dd9cf0e82cecb494de6891193b31d2e2e83d0773608e8f1fe4f65d,63475,0,0,0,0,0,0,0,2061,0,0,0,0,0,0,0
517,18-9-20_16PDC_16,18-9-20_16PDC,2020-09-18,16PDC,16,patches/S2_18-9-20_16PDC/S2_18-9-20_16PDC_16.tif,patches/S2_18-9-20_16PDC/S2_18-9-20_16PDC_16_cl.tif,patches/S2_18-9-20_16PDC/S2_18-9-20_16PDC_16_conf.tif,train,-87.70682421782985,15.909023196209322,EPSG:32616,10.0,10.0,11,float32,,"(1.0, 1.0, 1.0, 1.0, 1.0, 1.0, 1.0, 1.0, 1.0, 1.0, 1.0)","(0.0, 0.0, 0.0, 0.0, 0.0, 0.0, 0.0, 0.0, 0.0, 0.0, 0.0)",423060.0,1757720.0,425620.0,1760280.0,65536,131,65536,131,0,0,0,0,0,0,719fa41316bf5218ac0b98f00e0aa2b2815da11d17874a2305d32347dfa4f374,1ddc4ae81c5916b0d1d39ebb49adbc48620d189ab6a46809c97308a9b94f1739,39731217b7f02e24723583ff4a11d45934763c7592cf11aec9299d651ae9e74c,65405,0,0,0,0,0,0,0,131,0,0,0,0,0,0,0
518,18-9-20_16PDC_17,18-9-20_16PDC,2020-09-18,16PDC,17,patches/S2_18-9-20_16PDC/S2_18-9-20_16PDC_17.tif,patches/S2_18-9-20_16PDC/S2_18-9-20_16PDC_17_cl.tif,patches/S2_18-9-20_16PDC/S2_18-9-20_16PDC_17_conf.tif,train,-87.68385657162237,16.186800483916006,EPSG:32616,10.0,10.0,11,float32,,"(1.0, 1.0, 1.0, 1.0, 1.0, 1.0, 1.0, 1.0, 1.0, 1.0, 1.0)","(0.0, 0.0, 0.0, 0.0, 0.0, 0.0, 0.0, 0.0, 0.0, 0.0, 0.0)",425620.0,1788440.0,428180.0,1791000.0,65536,60,65536,60,0,0,0,0,0,0,a411e554f78167809333bfa4bfc16745048417db5a10e8357cd2d0754e038c5a,18aa3d02e54fc5862ee438d3ce01ba112f7ad3ee687401509cb38538324325dd,9669e22bda5f6360248015ede8f1aa8501298c9b160af72c37c3423c52103732,65476,0,0,0,0,0,0,60,0,0,0,0,0,0,0,0
519,18-9-20_16PDC_18,18-9-20_16PDC,2020-09-18,16PDC,18,patches/S2_18-9-20_16PDC/S2_18-9-20_16PDC_18.tif,patches/S2_18-9-20_16PDC/S2_18-9-20_16PDC_18_cl.tif,patches/S2_18-9-20_16PDC/S2_18-9-20_16PDC_18_conf.tif,train,-87.68369746118537,16.140517595497524,EPSG:32616,10.0,10.0,11,float32,,"(1.0, 1.0, 1.0, 1.0, 1.0, 1.0, 1.0, 1.0, 1.0, 1.0, 1.0)","(0.0, 0.0, 0.0, 0.0, 0.0, 0.0, 0.0, 0.0, 0.0, 0.0, 0.0)",425620.0,1783320.0,428180.0,1785880.0,65536,5,65536,5,0,0,0,0,0,0,1d9383409fcfeac772b90edb92da5067fede8563149b3f0b7301381a75bd15f6,109200646b28dd63214b869f5c0e9d7c4d9eb30c9297e414bd5f1cd4a8131077,1f1abe68a00496bddf0cd454ca3b887956a149a90a2bb1d24cb24b50014626bc,65531,4,0,0,0,0,0,1,0,0,0,0,0,0,0,0
520,18-9-20_16PDC_19,18-9-20_16PDC,2020-09-18,16PDC,19,patches/S2_18-9-20_16PDC/S2_18-9-20_16PDC_19.tif,patches/S2_18-9-20_16PDC/S2_18-9-20_16PDC_19_cl.tif,patches/S2_18-9-20_16PDC/S2_18-9-20_16PDC_19_conf.tif,train,-87.68353886795522,16.094234504949384,EPSG:32616,10.0,10.0,11,float32,,"(1.0, 1.0, 1.0, 1.0, 1.0, 1.0, 1.0, 1.0, 1.0, 1.0, 1.0)","(0.0, 0.0, 0.0, 0.0, 0.0, 0.0, 0.0, 0.0, 0.0, 0.0, 0.0)",425620.0,1778200.0,428180.0,1780760.0,65536,123,65536,123,0,0,0,0,0,0,9f21184f4fa700c262a76acb30dddbed4bd0eb5868419204b922f90e183bf281,92a3b917d58afa0031deac245cf64a84fd1c3ef7b07e0247d46480ebc95c65b5,e2ce1fb2a0853344403596f5fbf3760ffdc36d9e2381275ba1d363804063334f,65413,0,0,0,0,0,0,123,0,0,0,0,0,0,0,0
521,18-9-20_16PDC_2,18-9-20_16PDC,2020-09-18,16PDC,2,patches/S2_18-9-20_16PDC/S2_18-9-20_16PDC_2.tif,patches/S2_18-9-20_16PDC/S2_18-9-20_16PDC_2_cl.tif,patches/S2_18-9-20_16PDC/S2_18-9-20_16PDC_2_conf.tif,train,-87.85060121129615,15.977929030812813,EPSG:32616,10.0,10.0,11,float32,,"(1.0, 1.0, 1.0, 1.0, 1.0, 1.0, 1.0, 1.0, 1.0, 1.0, 1.0)","(0.0, 0.0, 0.0, 0.0, 0.0, 0.0, 0.0, 0.0, 0.0, 0.0, 0.0)",407700.0,1765400.0,410260.0,1767960.0,65536,820,65536,820,0,0,0,0,0,0,b9ac268f298451af55d6735d43d934216e31471f4981340e0e5569dd73c2892b,8db6a26fba2fe79a27266f669f56806496f40df82b66bc99773b62879143de87,a2d613824aa8c9a19feddd91a5cb8d8ccfd38907722d2d8d6d8cff4cae4a80b1,64716,0,0,0,0,0,802,18,0,0,0,0,0,0,0,0
522,18-9-20_16PDC_20,18-9-20_16PDC,2020-09-18,16PDC,20,patches/S2_18-9-20_16PDC/S2_18-9-20_16PDC_20.tif,patches/S2_18-9-20_16PDC/S2_18-9-20_16PDC_20_cl.tif,patches/S2_18-9-20_16PDC/S2_18-9-20_16PDC_20_conf.tif,train,-87.65975518758013,16.14059302111941,EPSG:32616,10.0,10.0,11,float32,,"(1.0, 1.0, 1.0, 1.0, 1.0, 1.0, 1.0, 1.0, 1.0, 1.0, 1.0)","(0.0, 0.0, 0.0, 0.0, 0.0, 0.0, 0.0, 0.0, 0.0, 0.0, 0.0)",428180.0,1783320.0,430740.0,1785880.0,65536,8,65536,8,0,0,0,0,0,0,83fc94c494a52e5062b186ca5dc1182a7196351d6e4038325f33c9dd00ef2e6d,e137bdfe247ff762ce7fc0803aea52de3bacd18ea1bbcb5046aac91823836c33,0d809f8da8d9b5c9462de7c500711ec566a85f9da61550b51d6ccef5512bf4e3,65528,4,0,0,0,0,0,1,0,0,0,0,0,0,0,3
523,18-9-20_16PDC_21,18-9-20_16PDC,2020-09-18,16PDC,21,patches/S2_18-9-20_16PDC/S2_18-9-20_16PDC_21.tif,patches/S2_18-9-20_16PDC/S2_18-9-20_16PDC_21_cl.tif,patches/S2_18-9-20_16PDC/S2_18-9-20_16PDC_21_conf.tif,train,-87.6591460148205,15.95545854122433,EPSG:32616,10.0,10.0,11,float32,,"(1.0, 1.0, 1.0, 1.0, 1.0, 1.0, 1.0, 1.0, 1.0, 1.0, 1.0)","(0.0, 0.0, 0.0, 0.0, 0.0, 0.0, 0.0, 0.0, 0.0, 0.0, 0.0)",428180.0,1762840.0,430740.0,1765400.0,65536,44,65536,44,0,0,0,0,0,0,dd085d074919aa36b4058d02fdf883a3a8777ec4309189b823fb075c5ee6d586,7a53d93ede81c2829f4e2e751da452a3fcdbc7deff26a95f797338fa19c4a7b8,d7d341372bb56b450fa26c7b575847f724254b6bc3df13b269ec0c32e017e787,65492,0,0,0,0,0,0,0,0,0,44,0,0,0,0,0
524,18-9-20_16PDC_22,18-9-20_16PDC,2020-09-18,16PDC,22,patches/S2_18-9-20_16PDC/S2_18-9-20_16PDC_22.tif,patches/S2_18-9-20_16PDC/S2_18-9-20_16PDC_22_cl.tif,patches/S2_18-9-20_16PDC/S2_18-9-20_16PDC_22_conf.tif,train,-87.63581278920024,16.140665758785566,EPSG:32616,10.0,10.0,11,float32,,"(1.0, 1.0, 1.0, 1.0, 1.0, 1.0, 1.0, 1.0, 1.0, 1.0, 1.0)","(0.0, 0.0, 0.0, 0.0, 0.0, 0.0, 0.0, 0.0, 0.0, 0.0, 0.0)",430740.0,1783320.0,433300.0,1785880.0,65536,2,65536,2,0,0,0,0,0,0,7647d28356013fa9192117750c898c636a78514a5c2c601b50590cfe7683db53,a1eec5f6c8eccf5832583301ca99c821a85af0896b2cc07a47e5d19ba376bc24,0b3dbba2fa50f2f0b60ddc69088e7b3f95d460f654293d390d9591b01626df84,65534,1,0,0,0,0,0,1,0,0,0,0,0,0,0,0
525,18-9-20_16PDC_23,18-9-20_16PDC,2020-09-18,16PDC,23,patches/S2_18-9-20_16PDC/S2_18-9-20_16PDC_23.tif,patches/S2_18-9-20_16PDC/S2_18-9-20_16PDC_23_cl.tif,patches/S2_18-9-20_16PDC/S2_18-9-20_16PDC_23_conf.tif,train,-87.63522571951869,15.955530401221603,EPSG:32616,10.0,10.0,11,float32,,"(1.0, 1.0, 1.0, 1.0, 1.0, 1.0, 1.0, 1.0, 1.0, 1.0, 1.0)","(0.0, 0.0, 0.0, 0.0, 0.0, 0.0, 0.0, 0.0, 0.0, 0.0, 0.0)",430740.0,1762840.0,433300.0,1765400.0,65536,57,65536,57,0,0,0,0,0,0,ea86f4b5bc38d816e62cdff12959134b3bd92587c634245545a5889f2b93c0ea,0ad23b06eb428862a42031331a67496abbedf26caa0914f1650a3fab9da6fa4d,f479866bf95954c6a326947e320259a85324472d4bd80b21ccdcfd11a6ee3768,65479,0,0,0,0,0,0,0,0,0,57,0,0,0,0,0
526,18-9-20_16PDC_24,18-9-20_16PDC,2020-09-18,16PDC,24,patches/S2_18-9-20_16PDC/S2_18-9-20_16PDC_24.tif,patches/S2_18-9-20_16PDC/S2_18-9-20_16PDC_24_cl.tif,patches/S2_18-9-20_16PDC/S2_18-9-20_16PDC_24_conf.tif,train,-87.63508015066543,15.90924606088726,EPSG:32616,10.0,10.0,11,float32,,"(1.0, 1.0, 1.0, 1.0, 1.0, 1.0, 1.0, 1.0, 1.0, 1.0, 1.0)","(0.0, 0.0, 0.0, 0.0, 0.0, 0.0, 0.0, 0.0, 0.0, 0.0, 0.0)",430740.0,1757720.0,433300.0,1760280.0,65536,115,65536,115,0,0,0,0,0,0,41c2f743052bdefec9184af8ef46cf34a2ac7e9b3399ad16401895452ba1a129,5ff69c618e42799a716b591685b72aaf7ce127d484e2c72aea4c11550099bec6,7ef6befcd6952ddad0c86c4e865906ae381cf5e8f23e28581cc14348fc1d7ffc,65421,0,0,0,0,0,0,0,115,0,0,0,0,0,0,0
527,18-9-20_16PDC_25,18-9-20_16PDC,2020-09-18,16PDC,25,patches/S2_18-9-20_16PDC/S2_18-9-20_16PDC_25.tif,patches/S2_18-9-20_16PDC/S2_18-9-20_16PDC_25_cl.tif,patches/S2_18-9-20_16PDC/S2_18-9-20_16PDC_25_conf.tif,train,-87.61187027057282,16.140735808434435,EPSG:32616,10.0,10.0,11,float32,,"(1.0, 1.0, 1.0, 1.0, 1.0, 1.0, 1.0, 1.0, 1.0, 1.0, 1.0)","(0.0, 0.0, 0.0, 0.0, 0.0, 0.0, 0.0, 0.0, 0.0, 0.0, 0.0)",433300.0,1783320.0,435860.0,1785880.0,65536,14,65536,14,0,0,0,0,0,0,dd91456c289c2a75d1dd6daea7db2cb114e17dce6ee908244a24ee9422ab2674,72794a90c349f4454909d8f2ad00b9edc773c5e10b40ffe96f3296614eef4da6,1050170720c6b6f2634cab11c7c1d2cfad3f5c7116fe219aeabfdb1183a78466,65522,11,0,0,0,0,0,3,0,0,0,0,0,0,0,0
528,18-9-20_16PDC_26,18-9-20_16PDC,2020-09-18,16PDC,26,patches/S2_18-9-20_16PDC/S2_18-9-20_16PDC_26.tif,patches/S2_18-9-20_16PDC/S2_18-9-20_16PDC_26_cl.tif,patches/S2_18-9-20_16PDC/S2_18-9-20_16PDC_26_conf.tif,train,-87.61158686377907,16.048168108637345,EPSG:32616,10.0,10.0,11,float32,,"(1.0, 1.0, 1.0, 1.0, 1.0, 1.0, 1.0, 1.0, 1.0, 1.0, 1.0)","(0.0, 0.0, 0.0, 0.0, 0.0, 0.0, 0.0, 0.0, 0.0, 0.0, 0.0)",433300.0,1773080.0,435860.0,1775640.0,65536,49,65536,49,0,0,0,0,0,0,1081d961ece0b49fc85eb6839e967c95563cfb6ad62d0a7ab68d1117db3ab587,028893ce614ed4860598a1ccdba06d42580a1d9cf1a54006616fe93361f1f1df,d54b365683f99ff7c485ea32256140c69e1d39cec9eadf39808eb7be5251baaf,65487,0,0,0,0,0,0,0,0,0,49,0,0,0,0,0
529,18-9-20_16PDC_27,18-9-20_16PDC,2020-09-18,16PDC,27,patches/S2_18-9-20_16PDC/S2_18-9-20_16PDC_27.tif,patches/S2_18-9-20_16PDC/S2_18-9-20_16PDC_27_cl.tif,patches/S2_18-9-20_16PDC/S2_18-9-20_16PDC_27_conf.tif,train,-87.61102558871329,15.863030303569886,EPSG:32616,10.0,10.0,11,float32,,"(1.0, 1.0, 1.0, 1.0, 1.0, 1.0, 1.0, 1.0, 1.0, 1.0, 1.0)","(0.0, 0.0, 0.0, 0.0, 0.0, 0.0, 0.0, 0.0, 0.0, 0.0, 0.0)",433300.0,1752600.0,435860.0,1755160.0,65536,95,65536,95,0,0,0,0,0,0,392869b2f8dde6d25def9f7e1ed0eddbfbcd1d631b7874ce23f1c139ac94f9d0,afc611867a111c90a1979eb45d1d9f2f3772c28a7dcb05d33c6fba3f64f88e29,4165661c3d2bac9dc3988404b2aa4164b6c505f278153e3297e355565656e692,65441,0,0,0,0,0,0,0,0,95,0,0,0,0,0,0
530,18-9-20_16PDC_28,18-9-20_16PDC,2020-09-18,16PDC,28,patches/S2_18-9-20_16PDC/S2_18-9-20_16PDC_28.tif,patches/S2_18-9-20_16PDC/S2_18-9-20_16PDC_28_cl.tif,patches/S2_18-9-20_16PDC/S2_18-9-20_16PDC_28_conf.tif,train,-87.58799599370705,16.16394507067275,EPSG:32616,10.0,10.0,11,float32,,"(1.0, 1.0, 1.0, 1.0, 1.0, 1.0, 1.0, 1.0, 1.0, 1.0, 1.0)","(0.0, 0.0, 0.0, 0.0, 0.0, 0.0, 0.0, 0.0, 0.0, 0.0, 0.0)",435860.0,1785880.0,438420.0,1788440.0,65536,1,65536,1,0,0,0,0,0,0,0a6e029f9c9069234e7cd259a9957ce8a1d8edbb27e503b36c59a06e386f84ca,718aafe19068be2e8294c4914be41d5d609f2d90be3bf3cd2c5f895cc6d422b7,a68ecb974f5062ad61c90b60456661f41461bc3d14f8aceda7e3f8c541ec9655,65535,0,0,0,0,0,0,1,0,0,0,0,0,0,0,0
531,18-9-20_16PDC_29,18-9-20_16PDC,2020-09-18,16PDC,29,patches/S2_18-9-20_16PDC/S2_18-9-20_16PDC_29.tif,patches/S2_18-9-20_16PDC/S2_18-9-20_16PDC_29_cl.tif,patches/S2_18-9-20_16PDC/S2_18-9-20_16PDC_29_conf.tif,train,-87.58792763622513,16.14080317000673,EPSG:32616,10.0,10.0,11,float32,,"(1.0, 1.0, 1.0, 1.0, 1.0, 1.0, 1.0, 1.0, 1.0, 1.0, 1.0)","(0.0, 0.0, 0.0, 0.0, 0.0, 0.0, 0.0, 0.0, 0.0, 0.0, 0.0)",435860.0,1783320.0,438420.0,1785880.0,65536,5,65536,5,0,0,0,0,0,0,9a2982cd6d1a2ffcbee6f944402bdc3d654fd01a25588815fbd9b12667a4f5ee,3e72ea2ff76c1189f4f919a988dc75416ad2897bf4f28b403d46bcda9ab7426b,4a05e99bac35217a6170d8986be260a57f6d8403b187e7242491ccc91f8ed90b,65531,5,0,0,0,0,0,0,0,0,0,0,0,0,0,0
532,18-9-20_16PDC_3,18-9-20_16PDC,2020-09-18,16PDC,3,patches/S2_18-9-20_16PDC/S2_18-9-20_16PDC_3.tif,patches/S2_18-9-20_16PDC/S2_18-9-20_16PDC_3_cl.tif,patches/S2_18-9-20_16PDC/S2_18-9-20_16PDC_3_conf.tif,train,-87.82706060364457,16.070586191370857,EPSG:32616,10.0,10.0,11,float32,,"(1.0, 1.0, 1.0, 1.0, 1.0, 1.0, 1.0, 1.0, 1.0, 1.0, 1.0)","(0.0, 0.0, 0.0, 0.0, 0.0, 0.0, 0.0, 0.0, 0.0, 0.0, 0.0)",410260.0,1775640.0,412820.0,1778200.0,65536,180,65536,180,0,0,0,0,0,0,96b370ce80d9b06e9b4e7346d4b7a22af6502be2330b15e8062327eeacb98a19,ae21f53975d041c262acc362ac9af7cc1923ef114886042e5c880052651da3d2,a36c1d411f3216fec51ca5f3d93a026c964dfd729bcc3b545426e9f15ff68223,65356,0,0,0,0,0,180,0,0,0,0,0,0,0,0,0
533,18-9-20_16PDC_4,18-9-20_16PDC,2020-09-18,16PDC,4,patches/S2_18-9-20_16PDC/S2_18-9-20_16PDC_4.tif,patches/S2_18-9-20_16PDC/S2_18-9-20_16PDC_4_cl.tif,patches/S2_18-9-20_16PDC/S2_18-9-20_16PDC_4_conf.tif,train,-87.82639494095984,15.908598810110778,EPSG:32616,10.0,10.0,11,float32,,"(1.0, 1.0, 1.0, 1.0, 1.0, 1.0, 1.0, 1.0, 1.0, 1.0, 1.0)","(0.0, 0.0, 0.0, 0.0, 0.0, 0.0, 0.0, 0.0, 0.0, 0.0, 0.0)",410260.0,1757720.0,412820.0,1760280.0,65536,372,65536,372,0,0,0,0,0,0,dfe24e686213df59802cbeb21e28307cfd976c3ea2c9502cfbcecfe2813b5b21,1fec08dd65e289843eb415229cca070fd668c953e88e6a4e88cfe60b2728520a,5075d077aa793d133d086429ceba15d6103bbc83537e1f55a3c8aa9a6dc4ddf1,65164,0,0,0,0,0,340,10,0,18,0,0,0,4,0,0
534,18-9-20_16PDC_5,18-9-20_16PDC,2020-09-18,16PDC,5,patches/S2_18-9-20_16PDC/S2_18-9-20_16PDC_5.tif,patches/S2_18-9-20_16PDC/S2_18-9-20_16PDC_5_cl.tif,patches/S2_18-9-20_16PDC/S2_18-9-20_16PDC_5_conf.tif,train,-87.80248108955826,15.908688981503062,EPSG:32616,10.0,10.0,11,float32,,"(1.0, 1.0, 1.0, 1.0, 1.0, 1.0, 1.0, 1.0, 1.0, 1.0, 1.0)","(0.0, 0.0, 0.0, 0.0, 0.0, 0.0, 0.0, 0.0, 0.0, 0.0, 0.0)",412820.0,1757720.0,415380.0,1760280.0,65536,8364,65536,8364,0,0,0,0,0,0,ecfd15cde3fb844f4b633c754bae5ff69a3d3fa5c67d89658c4cad89c8222b95,4558a55a139b0a3a61706b37c063e74cea846a21328dab1eb4eb309006b0327b,d60d61546188fa3745a7cb24bd602280dd71f4e5452281f12729395145503962,57172,0,0,0,0,0,0,0,8364,0,0,0,0,0,0,0
535,18-9-20_16PDC_6,18-9-20_16PDC,2020-09-18,16PDC,6,patches/S2_18-9-20_16PDC/S2_18-9-20_16PDC_6.tif,patches/S2_18-9-20_16PDC/S2_18-9-20_16PDC_6_cl.tif,patches/S2_18-9-20_16PDC/S2_18-9-20_16PDC_6_conf.tif,train,-87.77901431457339,16.02448338930696,EPSG:32616,10.0,10.0,11,float32,,"(1.0, 1.0, 1.0, 1.0, 1.0, 1.0, 1.0, 1.0, 1.0, 1.0, 1.0)","(0.0, 0.0, 0.0, 0.0, 0.0, 0.0, 0.0, 0.0, 0.0, 0.0, 0.0)",415380.0,1770520.0,417940.0,1773080.0,65536,38,65536,38,0,0,0,0,0,0,8ec939391100f3000cdee825d90729d04bdcab86753e0296172f881c6b79fa2e,b237194f952140bc88344a9c4fded6ddce95e09bf52ad009e3030fe3c1fa8e1f,5a65c7c5b6ad55d3907ac8abfad5213acf5850711d861f331db28554e4c0daea,65498,0,0,0,0,0,0,38,0,0,0,0,0,0,0,0
536,18-9-20_16PDC_7,18-9-20_16PDC,2020-09-18,16PDC,7,patches/S2_18-9-20_16PDC/S2_18-9-20_16PDC_7.tif,patches/S2_18-9-20_16PDC/S2_18-9-20_16PDC_7_cl.tif,patches/S2_18-9-20_16PDC/S2_18-9-20_16PDC_7_conf.tif,train,-87.77856708704255,15.908776505881894,EPSG:32616,10.0,10.0,11,float32,,"(1.0, 1.0, 1.0, 1.0, 1.0, 1.0, 1.0, 1.0, 1.0, 1.0, 1.0)","(0.0, 0.0, 0.0, 0.0, 0.0, 0.0, 0.0, 0.0, 0.0, 0.0, 0.0)",415380.0,1757720.0,417940.0,1760280.0,65536,17125,65536,17125,0,0,0,0,0,0,39820880851c53fea6b59157c60901fc79a8b48e31ece9e8af610d39deddd7f1,754838093d2824e200180bb1766739d7f7f24ebe57c18e44d1e351ad0138ad64,46c05b4727f84c5dd52f0272621d347c16bd8ddfd0a272d13ed1c3dd2e19b029,48411,0,0,0,0,0,0,0,17125,0,0,0,0,0,0,0
537,18-9-20_16PDC_8,18-9-20_16PDC,2020-09-18,16PDC,8,patches/S2_18-9-20_16PDC/S2_18-9-20_16PDC_8.tif,patches/S2_18-9-20_16PDC/S2_18-9-20_16PDC_8_cl.tif,patches/S2_18-9-20_16PDC/S2_18-9-20_16PDC_8_conf.tif,train,-87.75543579137774,16.11713403740382,EPSG:32616,10.0,10.0,11,float32,,"(1.0, 1.0, 1.0, 1.0, 1.0, 1.0, 1.0, 1.0, 1.0, 1.0, 1.0)","(0.0, 0.0, 0.0, 0.0, 0.0, 0.0, 0.0, 0.0, 0.0, 0.0, 0.0)",417940.0,1780760.0,420500.0,1783320.0,65536,2,65536,2,0,0,0,0,0,0,d8caf7c1657f9a7007a50b2fceba5def927a3db804532a07b137e16425747f42,a4f3a0226708be4e0ba82db6abda558a5eaa1c098cd4db15ed931182dde39e69,d0c4c9c014e51330d1f9ff5d450b8fd2709b6012810d20f174e787b924a174b7,65534,1,0,0,0,0,0,1,0,0,0,0,0,0,0,0
538,18-9-20_16PDC_9,18-9-20_16PDC,2020-09-18,16PDC,9,patches/S2_18-9-20_16PDC/S2_18-9-20_16PDC_9.tif,patches/S2_18-9-20_16PDC/S2_18-9-20_16PDC_9_cl.tif,patches/S2_18-9-20_16PDC/S2_18-9-20_16PDC_9_conf.tif,train,-87.75473935216813,15.93200298992527,EPSG:32616,10.0,10.0,11,float32,,"(1.0, 1.0, 1.0, 1.0, 1.0, 1.0, 1.0, 1.0, 1.0, 1.0, 1.0)","(0.0, 0.0, 0.0, 0.0, 0.0, 0.0, 0.0, 0.0, 0.0, 0.0, 0.0)",417940.0,1760280.0,420500.0,1762840.0,65536,3615,65536,3615,0,0,0,0,0,0,1b125af8e2104effd33043a9c82d3f610be11e963218d14f101f8974f48f23e3,8ad381f075299823468ff62956b0c9dbbdbc892934904c91c6c0c59578e8e9e5,f071421854938b46a176782ae5d694d9ade47c4831360d1c65f696c5fb082a77,61921,0,0,0,0,0,0,0,0,0,3615,0,0,0,0,0
539,19-3-20_18QYF_0,19-3-20_18QYF,2020-03-19,18QYF,0,patches/S2_19-3-20_18QYF/S2_19-3-20_18QYF_0.tif,patches/S2_19-3-20_18QYF/S2_19-3-20_18QYF_0_cl.tif,patches/S2_19-3-20_18QYF/S2_19-3-20_18QYF_0_conf.tif,train,-72.53541046127847,18.557604903105652,EPSG:32618,10.0,10.0,11,float32,,"(1.0, 1.0, 1.0, 1.0, 1.0, 1.0, 1.0, 1.0, 1.0, 1.0, 1.0)","(0.0, 0.0, 0.0, 0.0, 0.0, 0.0, 0.0, 0.0, 0.0, 0.0, 0.0)",758860.0,2052380.0,761420.0,2054940.0,65536,41,65536,41,0,0,0,0,0,0,4d6c0f15121748a20d331a0d38426e04d894930f64e1e2f5d0d7ac890a764493,e9b1120e000ba3aca0f8ea49ec0eb861c40324cadbcca0ad5199447b90404c2c,214f06b215dd3562abfc9f1e73dd4d108fdf12df2c65dde2cbabb9c065200477,65495,27,0,0,0,0,0,12,0,0,0,0,0,0,0,2
540,19-3-20_18QYF_1,19-3-20_18QYF,2020-03-19,18QYF,1,patches/S2_19-3-20_18QYF/S2_19-3-20_18QYF_1.tif,patches/S2_19-3-20_18QYF/S2_19-3-20_18QYF_1_cl.tif,patches/S2_19-3-20_18QYF/S2_19-3-20_18QYF_1_conf.tif,train,-72.50847563101512,18.742209703955286,EPSG:32618,10.0,10.0,11,float32,,"(1.0, 1.0, 1.0, 1.0, 1.0, 1.0, 1.0, 1.0, 1.0, 1.0, 1.0)","(0.0, 0.0, 0.0, 0.0, 0.0, 0.0, 0.0, 0.0, 0.0, 0.0, 0.0)",761420.0,2072860.0,763980.0,2075420.0,65536,145,65536,145,0,0,0,0,0,0,3e7a63a83021d44b6b2191bb79e7799bb4743ab9fae192b7f544a7edad19ad13,a34080467c9d8e01576e213451ea83ff87390fac44970898f965ea9d2dccccc8,357a0b206bf75835f3d2a39ea699583b5181911fffd42626e6db64b9280b8770,65391,88,0,0,0,0,0,52,0,0,0,0,0,0,0,5
541,19-3-20_18QYF_2,19-3-20_18QYF,2020-03-19,18QYF,2,patches/S2_19-3-20_18QYF/S2_19-3-20_18QYF_2.tif,patches/S2_19-3-20_18QYF/S2_19-3-20_18QYF_2_cl.tif,patches/S2_19-3-20_18QYF/S2_19-3-20_18QYF_2_conf.tif,train,-72.51083807812434,18.580402289381848,EPSG:32618,10.0,10.0,11,float32,,"(1.0, 1.0, 1.0, 1.0, 1.0, 1.0, 1.0, 1.0, 1.0, 1.0, 1.0)","(0.0, 0.0, 0.0, 0.0, 0.0, 0.0, 0.0, 0.0, 0.0, 0.0, 0.0)",761420.0,2054940.0,763980.0,2057500.0,65536,1,65536,1,0,0,0,0,0,0,8d8f171c0c2ecdd6e00f65a08f35e173a82cb94194a7915b971d24e05e330c58,32535fee641e72b558f504e59a6414565652a0fd715c338435dbc75a3d9657fa,6c2914aad93b9a58294fd58e24713678da8b9318a9ef6d07cfed4319266ea666,65535,0,0,0,0,0,0,1,0,0,0,0,0,0,0,0
542,19-3-20_18QYF_3,19-3-20_18QYF,2020-03-19,18QYF,3,patches/S2_19-3-20_18QYF/S2_19-3-20_18QYF_3.tif,patches/S2_19-3-20_18QYF/S2_19-3-20_18QYF_3_cl.tif,patches/S2_19-3-20_18QYF/S2_19-3-20_18QYF_3_conf.tif,train,-72.51117359412973,18.557286694040346,EPSG:32618,10.0,10.0,11,float32,,"(1.0, 1.0, 1.0, 1.0, 1.0, 1.0, 1.0, 1.0, 1.0, 1.0, 1.0)","(0.0, 0.0, 0.0, 0.0, 0.0, 0.0, 0.0, 0.0, 0.0, 0.0, 0.0)",761420.0,2052380.0,763980.0,2054940.0,65536,16,65536,16,0,0,0,0,0,0,20d685c9f11bec1ed10bc927cb4fa45f7c4c74f038fa3121a8753488f838ed12,d997ebc07eae6101430007206e9a711f5443072f65c8a9f0152891899ef969f1,1d6eabddb31bc0e2f5c562826157c96a111eae4abaa46c4b70cb1cda455de45c,65520,15,0,0,0,0,0,0,0,0,0,0,0,0,0,1
543,19-3-20_18QYF_4,19-3-20_18QYF,2020-03-19,18QYF,4,patches/S2_19-3-20_18QYF/S2_19-3-20_18QYF_4.tif,patches/S2_19-3-20_18QYF/S2_19-3-20_18QYF_4_cl.tif,patches/S2_19-3-20_18QYF/S2_19-3-20_18QYF_4_conf.tif,train,-72.43638659544276,18.69499826589102,EPSG:32618,10.0,10.0,11,float32,,"(1.0, 1.0, 1.0, 1.0, 1.0, 1.0, 1.0, 1.0, 1.0, 1.0, 1.0)","(0.0, 0.0, 0.0, 0.0, 0.0, 0.0, 0.0, 0.0, 0.0, 0.0, 0.0)",769100.0,2067740.0,771660.0,2070300.0,65536,68,65536,68,0,0,0,0,0,0,2981caa0dc4bbce39743cd1be4e0259e36e4e33dbbcca5b831e4dc9c7c9d4994,86c19cdcfe2a7e1976e026f6311f602b57edf76cbeb4a9a08807e27a6b161bed,48ce53876dee8024c4bd1bb4e9cf399bf1d2be47e1bdb34f303e72604d05338a,65468,0,0,0,0,30,0,38,0,0,0,0,0,0,0,0
544,19-3-20_18QYF_5,19-3-20_18QYF,2020-03-19,18QYF,5,patches/S2_19-3-20_18QYF/S2_19-3-20_18QYF_5.tif,patches/S2_19-3-20_18QYF/S2_19-3-20_18QYF_5_cl.tif,patches/S2_19-3-20_18QYF/S2_19-3-20_18QYF_5_conf.tif,train,-72.38929261939728,18.60187581228361,EPSG:32618,10.0,10.0,11,float32,,"(1.0, 1.0, 1.0, 1.0, 1.0, 1.0, 1.0, 1.0, 1.0, 1.0, 1.0)","(0.0, 0.0, 0.0, 0.0, 0.0, 0.0, 0.0, 0.0, 0.0, 0.0, 0.0)",774220.0,2057500.0,776780.0,2060060.0,65536,72,65536,72,0,0,0,0,0,0,2c073b7d2c514ae9a0bd36338bc573a1d9a242d2ddb2aa399dfba8c773eb543f,f0caefc06e70833b052880ad46a671b71845874fbf8954e15ac521e35030d8bf,3d03f4315195fa2086e8ec2ff92d6bfd1336d85b951752a0049495e03cbf8a56,65464,3,0,0,0,0,0,48,0,0,0,21,0,0,0,0
545,19-9-18_16PCC_0,19-9-18_16PCC,2018-09-19,16PCC,0,patches/S2_19-9-18_16PCC/S2_19-9-18_16PCC_0.tif,patches/S2_19-9-18_16PCC/S2_19-9-18_16PCC_0_cl.tif,patches/S2_19-9-18_16PCC/S2_19-9-18_16PCC_0_conf.tif,val,-88.38687142985023,15.994482301290796,EPSG:32616,10.0,10.0,11,float32,,"(1.0, 1.0, 1.0, 1.0, 1.0, 1.0, 1.0, 1.0, 1.0, 1.0, 1.0)","(0.0, 0.0, 0.0, 0.0, 0.0, 0.0, 0.0, 0.0, 0.0, 0.0, 0.0)",350320.0,1767540.0,352880.0,1770100.0,65536,1563,65536,1563,0,0,0,0,0,0,58b1172e07e411d5cc932faba32d9db22c38158ae5f80fd374d7a1d5c5b531d7,5bd3a962c9d207770481e125252e85d8f4ebcc9d27b3c7ff023622f10ba483db,1e7a134b4859abced9727187341b93fc7b74da2ef3c1cfb39cfbe65a348b9b10,63973,0,0,0,0,0,1390,36,0,0,0,0,0,137,0,0
546,19-9-18_16PCC_1,19-9-18_16PCC,2018-09-19,16PCC,1,patches/S2_19-9-18_16PCC/S2_19-9-18_16PCC_1.tif,patches/S2_19-9-18_16PCC/S2_19-9-18_16PCC_1_cl.tif,patches/S2_19-9-18_16PCC/S2_19-9-18_16PCC_1_conf.tif,val,-88.36279519894481,15.97149840928326,EPSG:32616,10.0,10.0,11,float32,,"(1.0, 1.0, 1.0, 1.0, 1.0, 1.0, 1.0, 1.0, 1.0, 1.0, 1.0)","(0.0, 0.0, 0.0, 0.0, 0.0, 0.0, 0.0, 0.0, 0.0, 0.0, 0.0)",352880.0,1764980.0,355440.0,1767540.0,65536,22,65536,22,0,0,0,0,0,0,8da690f2d85f81ff9a195cd194faec91b3ca0dcb0511c38a9912d4d89aff5463,a9d1d1649604d3cdb20155fb7cedd4924639282dcc025b19756788418b5c118e,904d43df472b6b1e788ce6d087eab4f0410d076b09046c4d2f0641fea2ac392a,65514,0,0,0,0,0,0,22,0,0,0,0,0,0,0,0
547,19-9-18_16PCC_10,19-9-18_16PCC,2018-09-19,16PCC,10,patches/S2_19-9-18_16PCC/S2_19-9-18_16PCC_10.tif,patches/S2_19-9-18_16PCC/S2_19-9-18_16PCC_10_cl.tif,patches/S2_19-9-18_16PCC/S2_19-9-18_16PCC_10_conf.tif,val,-88.24221338232789,15.810254981832967,EPSG:32616,10.0,10.0,11,float32,,"(1.0, 1.0, 1.0, 1.0, 1.0, 1.0, 1.0, 1.0, 1.0, 1.0, 1.0)","(0.0, 0.0, 0.0, 0.0, 0.0, 0.0, 0.0, 0.0, 0.0, 0.0, 0.0)",365680.0,1747060.0,368240.0,1749620.0,65536,11,65536,11,0,0,0,0,0,0,8ee74791aad4e3aa1878870706631bd40a8646df49ed75cf05c0d884158146c9,eb352fc519fdf9ca32e95b542eaa1c64e08510ba28397a0d2465bbfc204afeb1,4835e077e484d1c76008f45535461212a5fee57acce9807b6ed8ed7439082ae7,65525,0,0,0,0,0,0,11,0,0,0,0,0,0,0,0
548,19-9-18_16PCC_11,19-9-18_16PCC,2018-09-19,16PCC,11,patches/S2_19-9-18_16PCC/S2_19-9-18_16PCC_11.tif,patches/S2_19-9-18_16PCC/S2_19-9-18_16PCC_11_cl.tif,patches/S2_19-9-18_16PCC/S2_19-9-18_16PCC_11_conf.tif,val,-88.24207230576981,15.787116566095879,EPSG:32616,10.0,10.0,11,float32,,"(1.0, 1.0, 1.0, 1.0, 1.0, 1.0, 1.0, 1.0, 1.0, 1.0, 1.0)","(0.0, 0.0, 0.0, 0.0, 0.0, 0.0, 0.0, 0.0, 0.0, 0.0, 0.0)",365680.0,1744500.0,368240.0,1747060.0,65536,761,65536,761,0,0,0,0,0,0,62a6e752106c694495299db24d1ae1a6bb19b4901da9756b34b3ef35f4b1c2d6,3b201850acf7faacd5a114d3690af600d49e2733cf3c5545ac2331ee4a3f7085,1853a77d0e062544468728d28ab34dd7e4b22fbbea326408b20883e8f02997f0,64775,0,0,0,0,0,0,20,0,0,741,0,0,0,0,0
549,19-9-18_16PCC_12,19-9-18_16PCC,2018-09-19,16PCC,12,patches/S2_19-9-18_16PCC/S2_19-9-18_16PCC_12.tif,patches/S2_19-9-18_16PCC/S2_19-9-18_16PCC_12_cl.tif,patches/S2_19-9-18_16PCC/S2_19-9-18_16PCC_12_conf.tif,val,-88.24193146254433,15.76397809997715,EPSG:32616,10.0,10.0,11,float32,,"(1.0, 1.0, 1.0, 1.0, 1.0, 1.0, 1.0, 1.0, 1.0, 1.0, 1.0)","(0.0, 0.0, 0.0, 0.0, 0.0, 0.0, 0.0, 0.0, 0.0, 0.0, 0.0)",365680.0,1741940.0,368240.0,1744500.0,65536,1886,65536,1886,0,0,0,144,0,0,89f2e658bf12424bbba81e30d882c57c3c80be2e902a5aa4d2260c7c32577c86,9d612bd495d00dd702fd3ec314389997cafc8f5f45a2075343742e56526eaeee,7d6d947f2691b735844dab02fa015ecdfe7e3e658a8ed7c2ddcff0ce956aa8a5,63650,0,0,0,0,0,0,0,0,0,1886,0,0,0,0,0
550,19-9-18_16PCC_13,19-9-18_16PCC,2018-09-19,16PCC,13,patches/S2_19-9-18_16PCC/S2_19-9-18_16PCC_13.tif,patches/S2_19-9-18_16PCC/S2_19-9-18_16PCC_13_cl.tif,patches/S2_19-9-18_16PCC/S2_19-9-18_16PCC_13_conf.tif,val,-88.24179085252707,15.74083958354342,EPSG:32616,10.0,10.0,11,float32,,"(1.0, 1.0, 1.0, 1.0, 1.0, 1.0, 1.0, 1.0, 1.0, 1.0, 1.0)","(0.0, 0.0, 0.0, 0.0, 0.0, 0.0, 0.0, 0.0, 0.0, 0.0, 0.0)",365680.0,1739380.0,368240.0,1741940.0,65536,81,65536,81,0,0,0,0,0,0,55e2e0077f0c1a8a554c588dce87a0c599e94bb1988158b403c9771e452f157c,18e4e1cee47aa3b8aa310c035b02eb5920ec91e6196461e88ca101ec8694f3a5,2fab313e88cf752f642431fcfac6865cbb10b3376d8978c4267d9d0aec97916f,65455,0,0,0,2,0,0,0,0,0,79,0,0,0,0,0
551,19-9-18_16PCC_14,19-9-18_16PCC,2018-09-19,16PCC,14,patches/S2_19-9-18_16PCC/S2_19-9-18_16PCC_14.tif,patches/S2_19-9-18_16PCC/S2_19-9-18_16PCC_14_cl.tif,patches/S2_19-9-18_16PCC/S2_19-9-18_16PCC_14_conf.tif,val,-88.21914922426349,15.94922104961795,EPSG:32616,10.0,10.0,11,float32,,"(1.0, 1.0, 1.0, 1.0, 1.0, 1.0, 1.0, 1.0, 1.0, 1.0, 1.0)","(0.0, 0.0, 0.0, 0.0, 0.0, 0.0, 0.0, 0.0, 0.0, 0.0, 0.0)",368240.0,1762420.0,370800.0,1764980.0,65536,24,65536,24,0,0,0,0,0,0,0efe4702399057aa7e652b67c42d00d42ca38773c47937ad0c2bc98f8fe0710b,2bf60f1210f6fb236de244cc6d155186ba87be0e7cd8ad0dcbc6b3fc3f9ef7e9,a8d132255537ec8c9d901fc4becc83f6f5a243b00b0b72a2cea942fcef1da97c,65512,0,0,0,0,0,0,24,0,0,0,0,0,0,0,0
552,19-9-18_16PCC_15,19-9-18_16PCC,2018-09-19,16PCC,15,patches/S2_19-9-18_16PCC/S2_19-9-18_16PCC_15.tif,patches/S2_19-9-18_16PCC/S2_19-9-18_16PCC_15_cl.tif,patches/S2_19-9-18_16PCC/S2_19-9-18_16PCC_15_conf.tif,val,-88.2180377283496,15.764113068908257,EPSG:32616,10.0,10.0,11,float32,,"(1.0, 1.0, 1.0, 1.0, 1.0, 1.0, 1.0, 1.0, 1.0, 1.0, 1.0)","(0.0, 0.0, 0.0, 0.0, 0.0, 0.0, 0.0, 0.0, 0.0, 0.0, 0.0)",368240.0,1741940.0,370800.0,1744500.0,65536,25,65536,25,0,0,0,12,0,0,217e0a12ccc2a3c6b0ee9913b34fbf733ef6b7557813558c97d224a33c957e60,b645668d924583cb3dd801807b832209e530c3cb6ca55a36b54d60fc536e8d8b,3ea58d574b4a5f3390c7641042ec473d02d7c2cf5da19f53a201ee640f052e51,65511,10,0,0,3,0,0,12,0,0,0,0,0,0,0,0
553,19-9-18_16PCC_16,19-9-18_16PCC,2018-09-19,16PCC,16,patches/S2_19-9-18_16PCC/S2_19-9-18_16PCC_16.tif,patches/S2_19-9-18_16PCC/S2_19-9-18_16PCC_16_cl.tif,patches/S2_19-9-18_16PCC/S2_19-9-18_16PCC_16_conf.tif,val,-88.2178998219068,15.740974344407947,EPSG:32616,10.0,10.0,11,float32,,"(1.0, 1.0, 1.0, 1.0, 1.0, 1.0, 1.0, 1.0, 1.0, 1.0, 1.0)","(0.0, 0.0, 0.0, 0.0, 0.0, 0.0, 0.0, 0.0, 0.0, 0.0, 0.0)",368240.0,1739380.0,370800.0,1741940.0,65536,14,65536,14,0,0,0,16,0,0,4f1a8cdcd853443ae28ed136ee84ca92c4601909498d83ed964810a52dda7def,0370ff423c1c16e49105fdab78c6b615bd84602a872d15dea82abbe64b6fd358,49c877a9cf27b81fed8bd6a793b24ee348a479b4b6d79e8fdf9835220d070d69,65522,4,0,0,0,0,0,7,0,0,0,0,0,0,0,3
554,19-9-18_16PCC_17,19-9-18_16PCC,2018-09-19,16PCC,17,patches/S2_19-9-18_16PCC/S2_19-9-18_16PCC_17.tif,patches/S2_19-9-18_16PCC/S2_19-9-18_16PCC_17_cl.tif,patches/S2_19-9-18_16PCC/S2_19-9-18_16PCC_17_conf.tif,val,-88.21776214406697,15.717835569704626,EPSG:32616,10.0,10.0,11,float32,,"(1.0, 1.0, 1.0, 1.0, 1.0, 1.0, 1.0, 1.0, 1.0, 1.0, 1.0)","(0.0, 0.0, 0.0, 0.0, 0.0, 0.0, 0.0, 0.0, 0.0, 0.0, 0.0)",368240.0,1736820.0,370800.0,1739380.0,65536,12,65536,12,0,0,0,0,0,0,036042d858d0b8bd4fd8593b1d4f2fba31f6ec5f910493a165aa0507b2be6324,352d44a7d2cee80c51e74cdac2fc96831a6b718666811638831b9fcda8224b9c,b7996fc620c6511c9931991167e2179d37504189391df197b09458ad5eeedfd7,65524,0,0,0,0,0,0,12,0,0,0,0,0,0,0,0
555,19-9-18_16PCC_18,19-9-18_16PCC,2018-09-19,16PCC,18,patches/S2_19-9-18_16PCC/S2_19-9-18_16PCC_18.tif,patches/S2_19-9-18_16PCC/S2_19-9-18_16PCC_18_cl.tif,patches/S2_19-9-18_16PCC/S2_19-9-18_16PCC_18_conf.tif,val,-88.19550814597181,15.995631929327175,EPSG:32616,10.0,10.0,11,float32,,"(1.0, 1.0, 1.0, 1.0, 1.0, 1.0, 1.0, 1.0, 1.0, 1.0, 1.0)","(0.0, 0.0, 0.0, 0.0, 0.0, 0.0, 0.0, 0.0, 0.0, 0.0, 0.0)",370800.0,1767540.0,373360.0,1770100.0,65536,2,65536,2,0,0,0,0,0,0,1ea16a0e26bc5ac5b86c4b03d32e8dc887425807a92780237b1c8558054593be,e57c46638aeafa87a1e109b350d3480b04baa26b6fb4496e65d2a076c05004df,77416a39a9244713ff7fbd7d4f40c8001c95d2b8ca33c17713d220b2b61c6851,65534,0,0,2,0,0,0,0,0,0,0,0,0,0,0,0
556,19-9-18_16PCC_19,19-9-18_16PCC,2018-09-19,16PCC,19,patches/S2_19-9-18_16PCC/S2_19-9-18_16PCC_19.tif,patches/S2_19-9-18_16PCC/S2_19-9-18_16PCC_19_cl.tif,patches/S2_19-9-18_16PCC/S2_19-9-18_16PCC_19_conf.tif,val,-88.19468682002469,15.856800628585317,EPSG:32616,10.0,10.0,11,float32,,"(1.0, 1.0, 1.0, 1.0, 1.0, 1.0, 1.0, 1.0, 1.0, 1.0, 1.0)","(0.0, 0.0, 0.0, 0.0, 0.0, 0.0, 0.0, 0.0, 0.0, 0.0, 0.0)",370800.0,1752180.0,373360.0,1754740.0,65536,167,65536,167,0,0,0,0,0,0,3192efacdef175a901a8088af0c5a882b71f4e7878a5dcb828d32f9030759a91,3838bc9731fda05101d26873d5d9bec6b32333fb3b3688af3f6588e1de52582b,8002889f1e535329b5750b301e1b741d7341672dfe502f0ca96437690e149cd3,65369,0,28,52,0,0,0,87,0,0,0,0,0,0,0,0
557,19-9-18_16PCC_2,19-9-18_16PCC,2018-09-19,16PCC,2,patches/S2_19-9-18_16PCC/S2_19-9-18_16PCC_2.tif,patches/S2_19-9-18_16PCC/S2_19-9-18_16PCC_2_cl.tif,patches/S2_19-9-18_16PCC/S2_19-9-18_16PCC_2_conf.tif,val,-88.33765569659987,15.78654961535086,EPSG:32616,10.0,10.0,11,float32,,"(1.0, 1.0, 1.0, 1.0, 1.0, 1.0, 1.0, 1.0, 1.0, 1.0, 1.0)","(0.0, 0.0, 0.0, 0.0, 0.0, 0.0, 0.0, 0.0, 0.0, 0.0, 0.0)",355440.0,1744500.0,358000.0,1747060.0,65536,79,65536,79,0,0,0,0,0,0,9586579a0aacc22556f493ee2935664c9e1d0812cb0860fcbcd030ec659eec18,d491811693513ec4e047bf0394f956e40409cee2a18344a836507a8d68304891,ccaf21b7054df318916e2aef5b9bcc3ffa2008ecbcfdafa8465f6a08f27bd1a9,65457,0,0,0,0,0,0,79,0,0,0,0,0,0,0,0
558,19-9-18_16PCC_20,19-9-18_16PCC,2018-09-19,16PCC,20,patches/S2_19-9-18_16PCC/S2_19-9-18_16PCC_20.tif,patches/S2_19-9-18_16PCC/S2_19-9-18_16PCC_20_cl.tif,patches/S2_19-9-18_16PCC/S2_19-9-18_16PCC_20_conf.tif,val,-88.19455071959504,15.833661901356908,EPSG:32616,10.0,10.0,11,float32,,"(1.0, 1.0, 1.0, 1.0, 1.0, 1.0, 1.0, 1.0, 1.0, 1.0, 1.0)","(0.0, 0.0, 0.0, 0.0, 0.0, 0.0, 0.0, 0.0, 0.0, 0.0, 0.0)",370800.0,1749620.0,373360.0,1752180.0,65536,36,65536,36,0,0,0,0,0,0,bb04907c337566aca18aefc2d5f0b44aa87b01214315aba9d2bdf773a1a32090,12e89b10b56994c3954b95c49c68ba3c4f677c715bb8244b47af15f73e81085a,fc5dba87605f85734065ad6a38a9a4edf3051f418fd2e9f7a8dbc6c415be107d,65500,0,0,0,0,4,0,21,0,0,0,0,0,0,11,0
559,19-9-18_16PCC_21,19-9-18_16PCC,2018-09-19,16PCC,21,patches/S2_19-9-18_16PCC/S2_19-9-18_16PCC_21.tif,patches/S2_19-9-18_16PCC/S2_19-9-18_16PCC_21_cl.tif,patches/S2_19-9-18_16PCC/S2_19-9-18_16PCC_21_conf.tif,val,-88.19427919241775,15.787384295693233,EPSG:32616,10.0,10.0,11,float32,,"(1.0, 1.0, 1.0, 1.0, 1.0, 1.0, 1.0, 1.0, 1.0, 1.0, 1.0)","(0.0, 0.0, 0.0, 0.0, 0.0, 0.0, 0.0, 0.0, 0.0, 0.0, 0.0)",370800.0,1744500.0,373360.0,1747060.0,65536,13,65536,13,0,0,0,0,0,0,28307e2437c3b383a3035ab28878ca6033851c2af84f2fc9ffb317a6b2b8c898,73a3c30dd5e06bcbf602bd77fc26fbd6725e511c3155d2c740c4a6b3a54959ce,bb6a21240ebaf4232bb7957391a6bbf3a5e45507e39b4cbf5170240b1338969a,65523,9,0,0,1,0,0,3,0,0,0,0,0,0,0,0
560,19-9-18_16PCC_22,19-9-18_16PCC,2018-09-19,16PCC,22,patches/S2_19-9-18_16PCC/S2_19-9-18_16PCC_22.tif,patches/S2_19-9-18_16PCC/S2_19-9-18_16PCC_22_cl.tif,patches/S2_19-9-18_16PCC/S2_19-9-18_16PCC_22_conf.tif,val,-88.19414376543013,15.764245417390823,EPSG:32616,10.0,10.0,11,float32,,"(1.0, 1.0, 1.0, 1.0, 1.0, 1.0, 1.0, 1.0, 1.0, 1.0, 1.0)","(0.0, 0.0, 0.0, 0.0, 0.0, 0.0, 0.0, 0.0, 0.0, 0.0, 0.0)",370800.0,1741940.0,373360.0,1744500.0,65536,18,65536,18,0,0,0,0,0,0,a360313ed7190b129ccbb27792552143bdb9a5a3845a72cd0a8c0517eebf0e07,9c0170e8995f97a72f9ac11fbe1751e9b5999514a9e85eb97d42395969a9f7be,45abe501b81f40c00aef142d566e2f1e3eb174ddc59cb0933ad60466362ca69a,65518,15,0,0,0,0,0,3,0,0,0,0,0,0,0,0
561,19-9-18_16PCC_23,19-9-18_16PCC,2018-09-19,16PCC,23,patches/S2_19-9-18_16PCC/S2_19-9-18_16PCC_23.tif,patches/S2_19-9-18_16PCC/S2_19-9-18_16PCC_23_cl.tif,patches/S2_19-9-18_16PCC/S2_19-9-18_16PCC_23_conf.tif,val,-88.19373882943637,15.694828481399165,EPSG:32616,10.0,10.0,11,float32,,"(1.0, 1.0, 1.0, 1.0, 1.0, 1.0, 1.0, 1.0, 1.0, 1.0, 1.0)","(0.0, 0.0, 0.0, 0.0, 0.0, 0.0, 0.0, 0.0, 0.0, 0.0, 0.0)",370800.0,1734260.0,373360.0,1736820.0,65536,4,65536,4,0,0,0,0,0,0,afb8a4c227afce114d4b9a36fde6f794367ba7d9cf7761d757202890d80023cf,c2fd53ad80557701a414db1daa8027bd454f1a78a423e89b51ac32d4f55f770a,51f586a3d3e53edc9ea7380d37225eb02dd493416a24f084dfb9f00b01fc4eee,65532,0,0,0,0,0,0,0,0,4,0,0,0,0,0,0
562,19-9-18_16PCC_24,19-9-18_16PCC,2018-09-19,16PCC,24,patches/S2_19-9-18_16PCC/S2_19-9-18_16PCC_24.tif,patches/S2_19-9-18_16PCC/S2_19-9-18_16PCC_24_cl.tif,patches/S2_19-9-18_16PCC/S2_19-9-18_16PCC_24_conf.tif,val,-88.17078177273851,15.856931156895193,EPSG:32616,10.0,10.0,11,float32,,"(1.0, 1.0, 1.0, 1.0, 1.0, 1.0, 1.0, 1.0, 1.0, 1.0, 1.0)","(0.0, 0.0, 0.0, 0.0, 0.0, 0.0, 0.0, 0.0, 0.0, 0.0, 0.0)",373360.0,1752180.0,375920.0,1754740.0,65536,43,65536,43,0,0,0,0,0,0,aef113dad6afbbb52599a7d74562556a3fdcf078db69159052aa52c8558a6281,4c19d9745fe4f4fdcee5e7e5f432cbc5518567646e9e6eeacbbefbd0b7b9f1ff,91aa035aac43513650500a669647ca4120777cd34f1c89e1ef132fd935a4b49d,65493,0,37,0,0,0,0,6,0,0,0,0,0,0,0,0
563,19-9-18_16PCC_25,19-9-18_16PCC,2018-09-19,16PCC,25,patches/S2_19-9-18_16PCC/S2_19-9-18_16PCC_25.tif,patches/S2_19-9-18_16PCC/S2_19-9-18_16PCC_25_cl.tif,patches/S2_19-9-18_16PCC/S2_19-9-18_16PCC_25_conf.tif,val,-88.17064839407452,15.833792229504166,EPSG:32616,10.0,10.0,11,float32,,"(1.0, 1.0, 1.0, 1.0, 1.0, 1.0, 1.0, 1.0, 1.0, 1.0, 1.0)","(0.0, 0.0, 0.0, 0.0, 0.0, 0.0, 0.0, 0.0, 0.0, 0.0, 0.0)",373360.0,1749620.0,375920.0,1752180.0,65536,12,65536,12,0,0,0,0,0,0,668a6af3c8588dba8b3d6c55a3c6993c0fe0a84b4021c5767ffe944ebe882562,899c742ce9310b79874296646df923cc0513f4244515dfd0837c6c2a27bcb1f0,95169b8d37d03c1060bd4d9860efcc09358943527680fa9e4e7d5a49e6289c70,65524,0,0,0,0,0,0,12,0,0,0,0,0,0,0,0
564,19-9-18_16PCC_26,19-9-18_16PCC,2018-09-19,16PCC,26,patches/S2_19-9-18_16PCC/S2_19-9-18_16PCC_26.tif,patches/S2_19-9-18_16PCC/S2_19-9-18_16PCC_26_cl.tif,patches/S2_19-9-18_16PCC/S2_19-9-18_16PCC_26_conf.tif,val,-88.17038229695767,15.787514223646776,EPSG:32616,10.0,10.0,11,float32,,"(1.0, 1.0, 1.0, 1.0, 1.0, 1.0, 1.0, 1.0, 1.0, 1.0, 1.0)","(0.0, 0.0, 0.0, 0.0, 0.0, 0.0, 0.0, 0.0, 0.0, 0.0, 0.0)",373360.0,1744500.0,375920.0,1747060.0,65536,2,65536,2,0,0,0,0,0,0,b5a22b1b9e98cf0d11902b2609cf5b8a334b92dfaf4212ba14f33958df31c82c,e23d860da5372a6b79f227d41c9273ccdc12e793fb565b3264ae1d02e419ba51,5523f9260fd217be123186314bad1d572876705b7c3683565c1195f39d8fdaaf,65534,1,0,0,0,0,0,1,0,0,0,0,0,0,0,0
565,19-9-18_16PCC_27,19-9-18_16PCC,2018-09-19,16PCC,27,patches/S2_19-9-18_16PCC/S2_19-9-18_16PCC_27.tif,patches/S2_19-9-18_16PCC/S2_19-9-18_16PCC_27_cl.tif,patches/S2_19-9-18_16PCC/S2_19-9-18_16PCC_27_conf.tif,val,-88.16985274028067,15.694957609489267,EPSG:32616,10.0,10.0,11,float32,,"(1.0, 1.0, 1.0, 1.0, 1.0, 1.0, 1.0, 1.0, 1.0, 1.0, 1.0)","(0.0, 0.0, 0.0, 0.0, 0.0, 0.0, 0.0, 0.0, 0.0, 0.0, 0.0)",373360.0,1734260.0,375920.0,1736820.0,65536,13,65536,13,0,0,0,0,0,0,fbc598b87082178af2afe27217f949f3b0ad90869bc5234da5341679a096d137,c039c3e0bc01f02a2ba6c93430bf6b3f47cf8475ba079e6679c264caeea70d54,ce69a3590daa1bb769b0e8ee5756a94cb330bde18eb3cadc28e3c3cd941efce6,65523,0,0,0,0,0,0,0,0,13,0,0,0,0,0,0
566,19-9-18_16PCC_28,19-9-18_16PCC,2018-09-19,16PCC,28,patches/S2_19-9-18_16PCC/S2_19-9-18_16PCC_28.tif,patches/S2_19-9-18_16PCC/S2_19-9-18_16PCC_28_cl.tif,patches/S2_19-9-18_16PCC/S2_19-9-18_16PCC_28_conf.tif,val,-88.14753302745217,15.972753908538532,EPSG:32616,10.0,10.0,11,float32,,"(1.0, 1.0, 1.0, 1.0, 1.0, 1.0, 1.0, 1.0, 1.0, 1.0, 1.0)","(0.0, 0.0, 0.0, 0.0, 0.0, 0.0, 0.0, 0.0, 0.0, 0.0, 0.0)",375920.0,1764980.0,378480.0,1767540.0,65536,245,65536,245,0,0,0,0,0,0,5d6d0203f64319b9b31fdfa2a78b4101951133a5d2a53d92fdffba6d74b047fb,3249a89768f758f0302b02b440341b9b415bb66d1fce57eb5302821b19e2160d,c887f441c4b650295afbbcab5b52b69d9f84a531011ac500f19d988cf9741a7b,65291,0,0,0,0,0,0,245,0,0,0,0,0,0,0,0
567,19-9-18_16PCC_29,19-9-18_16PCC,2018-09-19,16PCC,29,patches/S2_19-9-18_16PCC/S2_19-9-18_16PCC_29.tif,patches/S2_19-9-18_16PCC/S2_19-9-18_16PCC_29_cl.tif,patches/S2_19-9-18_16PCC/S2_19-9-18_16PCC_29_conf.tif,val,-88.14622537635381,15.741362928102749,EPSG:32616,10.0,10.0,11,float32,,"(1.0, 1.0, 1.0, 1.0, 1.0, 1.0, 1.0, 1.0, 1.0, 1.0, 1.0)","(0.0, 0.0, 0.0, 0.0, 0.0, 0.0, 0.0, 0.0, 0.0, 0.0, 0.0)",375920.0,1739380.0,378480.0,1741940.0,65536,49,65536,49,0,0,0,0,0,0,ad31936655eea1c18e6ac57a7e602045dd47d740ccc467f00710fdebd182967f,e69a16737fdf25d896a7db93f8191b6bf1617e827750d36ff28a56e05cf5ac42,36429abe3a2a1fc0f9378e050917f1ac2e499e0012a7d4e7b6079120e13b1572,65487,0,0,0,0,0,0,49,0,0,0,0,0,0,0,0
568,19-9-18_16PCC_3,19-9-18_16PCC,2018-09-19,16PCC,3,patches/S2_19-9-18_16PCC/S2_19-9-18_16PCC_3.tif,patches/S2_19-9-18_16PCC/S2_19-9-18_16PCC_3_cl.tif,patches/S2_19-9-18_16PCC/S2_19-9-18_16PCC_3_conf.tif,val,-88.31376021459013,15.786695289185941,EPSG:32616,10.0,10.0,11,float32,,"(1.0, 1.0, 1.0, 1.0, 1.0, 1.0, 1.0, 1.0, 1.0, 1.0, 1.0)","(0.0, 0.0, 0.0, 0.0, 0.0, 0.0, 0.0, 0.0, 0.0, 0.0, 0.0)",358000.0,1744500.0,360560.0,1747060.0,65536,47,65536,47,0,0,0,0,0,0,ffe392694983e7fc75610fb4cf064a062ab69086552f4e60e673ef93688bc542,0b6cef597ce60c6ee68f969d55dad4c4052e1ebf734be9c6d40bae56f8b4c6ed,f06fd3ee29df387d0053260b8371f30c7cd8460faa87058226456c8ac3e99adc,65489,0,0,0,0,0,0,0,0,18,29,0,0,0,0,0
569,19-9-18_16PCC_30,19-9-18_16PCC,2018-09-19,16PCC,30,patches/S2_19-9-18_16PCC/S2_19-9-18_16PCC_30.tif,patches/S2_19-9-18_16PCC/S2_19-9-18_16PCC_30_cl.tif,patches/S2_19-9-18_16PCC/S2_19-9-18_16PCC_30_conf.tif,val,-88.09931637317626,15.903585776578838,EPSG:32616,10.0,10.0,11,float32,,"(1.0, 1.0, 1.0, 1.0, 1.0, 1.0, 1.0, 1.0, 1.0, 1.0, 1.0)","(0.0, 0.0, 0.0, 0.0, 0.0, 0.0, 0.0, 0.0, 0.0, 0.0, 0.0)",381040.0,1757300.0,383600.0,1759860.0,65536,1,65536,1,0,0,0,0,0,0,a36a07cf0f00c93ad728eb94e1a0ba94fae4b4d80110ce96d8dfe65fa6408eb6,681b1da667a8147862cf2b0c3c623e19e220bc665153d6345e30786dabc6f39f,633deffd31e10c06c5d9268fb2b04c819f9361feebb11909c2c2b7d0f187d40f,65535,1,0,0,0,0,0,0,0,0,0,0,0,0,0,0
570,19-9-18_16PCC_31,19-9-18_16PCC,2018-09-19,16PCC,31,patches/S2_19-9-18_16PCC/S2_19-9-18_16PCC_31.tif,patches/S2_19-9-18_16PCC/S2_19-9-18_16PCC_31_cl.tif,patches/S2_19-9-18_16PCC/S2_19-9-18_16PCC_31_conf.tif,val,-88.09919074690488,15.88044637366718,EPSG:32616,10.0,10.0,11,float32,,"(1.0, 1.0, 1.0, 1.0, 1.0, 1.0, 1.0, 1.0, 1.0, 1.0, 1.0)","(0.0, 0.0, 0.0, 0.0, 0.0, 0.0, 0.0, 0.0, 0.0, 0.0, 0.0)",381040.0,1754740.0,383600.0,1757300.0,65536,1,65536,1,0,0,0,0,0,0,c87888df64b0508280d84a75894b7ef7b7db62b9d658b440200298e2132cc3d8,0f599784a8c4201593a4662c55c37aa21b64aaa0be92b99fa1535f2e16a264ac,de714205558c676554696092c66ff895e01a9ced1d82fa23c0dc15723d625698,65535,1,0,0,0,0,0,0,0,0,0,0,0,0,0,0
571,19-9-18_16PCC_32,19-9-18_16PCC,2018-09-19,16PCC,32,patches/S2_19-9-18_16PCC/S2_19-9-18_16PCC_32.tif,patches/S2_19-9-18_16PCC/S2_19-9-18_16PCC_32_cl.tif,patches/S2_19-9-18_16PCC/S2_19-9-18_16PCC_32_conf.tif,val,-88.098815108787,15.811027862878097,EPSG:32616,10.0,10.0,11,float32,,"(1.0, 1.0, 1.0, 1.0, 1.0, 1.0, 1.0, 1.0, 1.0, 1.0, 1.0)","(0.0, 0.0, 0.0, 0.0, 0.0, 0.0, 0.0, 0.0, 0.0, 0.0, 0.0)",381040.0,1747060.0,383600.0,1749620.0,65536,125,65536,125,0,0,0,0,0,0,e4b31442c4330052b91d9814162ffce3a66908ae8afc3f9a094c8b3eca19106b,4079042f0e7564be5857dd4d5b86d17317aa35f8ccb2cca2d24b70a9fd24d736,cbf1ad5adc0b274a0ec4c98772e875f495550461be1f697566e9b1b7235ed596,65411,0,93,27,0,0,0,5,0,0,0,0,0,0,0,0
572,19-9-18_16PCC_33,19-9-18_16PCC,2018-09-19,16PCC,33,patches/S2_19-9-18_16PCC/S2_19-9-18_16PCC_33.tif,patches/S2_19-9-18_16PCC/S2_19-9-18_16PCC_33_cl.tif,patches/S2_19-9-18_16PCC/S2_19-9-18_16PCC_33_conf.tif,val,-88.0986903092774,15.787888258817308,EPSG:32616,10.0,10.0,11,float32,,"(1.0, 1.0, 1.0, 1.0, 1.0, 1.0, 1.0, 1.0, 1.0, 1.0, 1.0)","(0.0, 0.0, 0.0, 0.0, 0.0, 0.0, 0.0, 0.0, 0.0, 0.0, 0.0)",381040.0,1744500.0,383600.0,1747060.0,65536,412,65536,412,0,0,0,0,0,0,138958124618adbdd2fe9bce5bc610ae7b493a7f98e730e4a0f6d719e3c613fb,1837775b4c41b179878e04379a83ac6c7cc4510b78abe1c5e5538f8f219db7a5,8b1a81e88225bffb5938b8fc78d4514682b687ca2d51d9b80dcb52b95598b47f,65124,0,304,53,0,0,0,55,0,0,0,0,0,0,0,0
573,19-9-18_16PCC_34,19-9-18_16PCC,2018-09-19,16PCC,34,patches/S2_19-9-18_16PCC/S2_19-9-18_16PCC_34.tif,patches/S2_19-9-18_16PCC/S2_19-9-18_16PCC_34_cl.tif,patches/S2_19-9-18_16PCC/S2_19-9-18_16PCC_34_conf.tif,val,-88.09856571618202,15.764748604634534,EPSG:32616,10.0,10.0,11,float32,,"(1.0, 1.0, 1.0, 1.0, 1.0, 1.0, 1.0, 1.0, 1.0, 1.0, 1.0)","(0.0, 0.0, 0.0, 0.0, 0.0, 0.0, 0.0, 0.0, 0.0, 0.0, 0.0)",381040.0,1741940.0,383600.0,1744500.0,65536,461,65536,461,0,0,0,0,0,0,26e5b688bc210a21328df3461c769fda2fdb69c5ef54ce9f85303095202b0ceb,d36ab4c9a222ff49e0151562124e3a2b7718b0a984000510fc5ba8329a73c88d,4a09dba043cbb325d216ff68eb7381ff2b20efced36e914d0b62ea62089558af,65075,0,0,0,0,0,0,461,0,0,0,0,0,0,0,0
574,19-9-18_16PCC_35,19-9-18_16PCC,2018-09-19,16PCC,35,patches/S2_19-9-18_16PCC/S2_19-9-18_16PCC_35.tif,patches/S2_19-9-18_16PCC/S2_19-9-18_16PCC_35_cl.tif,patches/S2_19-9-18_16PCC/S2_19-9-18_16PCC_35_conf.tif,val,-88.07528211895462,15.880566538016065,EPSG:32616,10.0,10.0,11,float32,,"(1.0, 1.0, 1.0, 1.0, 1.0, 1.0, 1.0, 1.0, 1.0, 1.0, 1.0)","(0.0, 0.0, 0.0, 0.0, 0.0, 0.0, 0.0, 0.0, 0.0, 0.0, 0.0)",383600.0,1754740.0,386160.0,1757300.0,65536,12,65536,12,0,0,0,0,0,0,0047fef0f075f75d96c18e80e4698bdd307f07fc31908eef8ff495dbbf72f1b3,21f881c82dd89c0f47d7cac93b0d086346fe78220b36f21b8b61f61380834fcf,4cebf455d08f7698c5c17f0f5921419b48d7b2c588d488d0bd7482192facafb4,65524,7,0,0,0,0,0,5,0,0,0,0,0,0,0,0
575,19-9-18_16PCC_36,19-9-18_16PCC,2018-09-19,16PCC,36,patches/S2_19-9-18_16PCC/S2_19-9-18_16PCC_36.tif,patches/S2_19-9-18_16PCC/S2_19-9-18_16PCC_36_cl.tif,patches/S2_19-9-18_16PCC/S2_19-9-18_16PCC_36_conf.tif,val,-88.07503693581104,15.834287213082488,EPSG:32616,10.0,10.0,11,float32,,"(1.0, 1.0, 1.0, 1.0, 1.0, 1.0, 1.0, 1.0, 1.0, 1.0, 1.0)","(0.0, 0.0, 0.0, 0.0, 0.0, 0.0, 0.0, 0.0, 0.0, 0.0, 0.0)",383600.0,1749620.0,386160.0,1752180.0,65536,4,65536,4,0,0,0,0,0,0,5a3bef83941347049a89c63026365d9660ea0d0f38885cc330895245c45862c5,532083010e9bb6aa49f1a0d615ffd860055b325c56d3ac275f86a8de45a54358,42c5b980d5ca417a9f1a32e846753de60c997373750f080ce481fe34ea4d454f,65532,1,0,0,0,0,0,3,0,0,0,0,0,0,0,0
576,19-9-18_16PCC_37,19-9-18_16PCC,2018-09-19,16PCC,37,patches/S2_19-9-18_16PCC/S2_19-9-18_16PCC_37.tif,patches/S2_19-9-18_16PCC/S2_19-9-18_16PCC_37_cl.tif,patches/S2_19-9-18_16PCC/S2_19-9-18_16PCC_37_conf.tif,val,-88.07479256123979,15.788007687293241,EPSG:32616,10.0,10.0,11,float32,,"(1.0, 1.0, 1.0, 1.0, 1.0, 1.0, 1.0, 1.0, 1.0, 1.0, 1.0)","(0.0, 0.0, 0.0, 0.0, 0.0, 0.0, 0.0, 0.0, 0.0, 0.0, 0.0)",383600.0,1744500.0,386160.0,1747060.0,65536,658,65536,658,0,0,0,0,0,0,bb6a605d4cb24a1d82e4bec2b57e0ebd0a95a35e1306b6465f926c254efa8d5c,f51deaac6117c928243c2b9178ccc44ce9073752623d61ddc0de49b15f12d5f4,29b892742f964e779cd27c60594f48afbc9403e7a39a781fb834ea7160dca5f7,64878,0,640,18,0,0,0,0,0,0,0,0,0,0,0,0
577,19-9-18_16PCC_4,19-9-18_16PCC,2018-09-19,16PCC,4,patches/S2_19-9-18_16PCC/S2_19-9-18_16PCC_4.tif,patches/S2_19-9-18_16PCC/S2_19-9-18_16PCC_4_cl.tif,patches/S2_19-9-18_16PCC/S2_19-9-18_16PCC_4_conf.tif,val,-88.29001098706095,15.809976326301411,EPSG:32616,10.0,10.0,11,float32,,"(1.0, 1.0, 1.0, 1.0, 1.0, 1.0, 1.0, 1.0, 1.0, 1.0, 1.0)","(0.0, 0.0, 0.0, 0.0, 0.0, 0.0, 0.0, 0.0, 0.0, 0.0, 0.0)",360560.0,1747060.0,363120.0,1749620.0,65536,60,65536,60,0,0,0,0,0,0,1d21b57e06709b587dfff1f760cf61eca1b9af531ba293f3bd17bdd45156ff1b,3c431d7fe01ca785b8ce3569f825263a05f563768a34cf1ed6e42dd28a1bc8b3,80d19bf80cc6009539321a726db14618de41ef5d452d176c52516f4661ce3987,65476,0,0,0,0,0,0,60,0,0,0,0,0,0,0,0
578,19-9-18_16PCC_5,19-9-18_16PCC,2018-09-19,16PCC,5,patches/S2_19-9-18_16PCC/S2_19-9-18_16PCC_5.tif,patches/S2_19-9-18_16PCC/S2_19-9-18_16PCC_5_cl.tif,patches/S2_19-9-18_16PCC/S2_19-9-18_16PCC_5_conf.tif,val,-88.28986448579175,15.786838339001937,EPSG:32616,10.0,10.0,11,float32,,"(1.0, 1.0, 1.0, 1.0, 1.0, 1.0, 1.0, 1.0, 1.0, 1.0, 1.0)","(0.0, 0.0, 0.0, 0.0, 0.0, 0.0, 0.0, 0.0, 0.0, 0.0, 0.0)",360560.0,1744500.0,363120.0,1747060.0,65536,2,65536,2,0,0,0,0,0,0,117651cb028fd3e947c06046269b71890a79ad3edd7157c3f98f969c5219abe1,b459385858abafffb3cb4b3746836cedee3f87917bc4068a3d1d4846eb5a470f,9d58093236fd365735f08ef1ab656c870030651f9d09edcfb7253791bd23ad39,65534,0,0,0,0,0,0,0,0,0,2,0,0,0,0,0
579,19-9-18_16PCC_6,19-9-18_16PCC,2018-09-19,16PCC,6,patches/S2_19-9-18_16PCC/S2_19-9-18_16PCC_6.tif,patches/S2_19-9-18_16PCC/S2_19-9-18_16PCC_6_cl.tif,patches/S2_19-9-18_16PCC/S2_19-9-18_16PCC_6_conf.tif,val,-88.28971822682611,15.763700301227216,EPSG:32616,10.0,10.0,11,float32,,"(1.0, 1.0, 1.0, 1.0, 1.0, 1.0, 1.0, 1.0, 1.0, 1.0, 1.0)","(0.0, 0.0, 0.0, 0.0, 0.0, 0.0, 0.0, 0.0, 0.0, 0.0, 0.0)",360560.0,1741940.0,363120.0,1744500.0,65536,3095,65536,3095,0,0,0,0,0,0,64dac608f039063059ebddd302c27b0e3185265e55942a77f94f7ec3aa929f6b,90fdaab0c1abbb864570eb6b35bffb0115aa7e913535cd64f030d448ad516c2f,3f8428fac77dda5411f866d9d10b997c0cf435a49b55196a4220daabe78c9755,62441,0,0,0,0,0,0,20,3052,0,23,0,0,0,0,0
580,19-9-18_16PCC_7,19-9-18_16PCC,2018-09-19,16PCC,7,patches/S2_19-9-18_16PCC/S2_19-9-18_16PCC_7.tif,patches/S2_19-9-18_16PCC/S2_19-9-18_16PCC_7_cl.tif,patches/S2_19-9-18_16PCC/S2_19-9-18_16PCC_7_conf.tif,val,-88.26596851468987,15.786978764678095,EPSG:32616,10.0,10.0,11,float32,,"(1.0, 1.0, 1.0, 1.0, 1.0, 1.0, 1.0, 1.0, 1.0, 1.0, 1.0)","(0.0, 0.0, 0.0, 0.0, 0.0, 0.0, 0.0, 0.0, 0.0, 0.0, 0.0)",363120.0,1744500.0,365680.0,1747060.0,65536,24,65536,24,0,0,0,0,0,0,5e5579332c6a6c833ef2581e4841278e5e6cf17b6994c32856d2d6fce2fb0202,ff35a1a95f2ca2da1468adeaf1a5c2293bcbae91c46603fa67ee7bc398e4061c,18e32c251adc554e36fa2d967b636b0548fde490f05f68774c6823ac7858af90,65512,0,0,0,0,0,0,0,0,0,24,0,0,0,0,0
581,19-9-18_16PCC_8,19-9-18_16PCC,2018-09-19,16PCC,8,patches/S2_19-9-18_16PCC/S2_19-9-18_16PCC_8.tif,patches/S2_19-9-18_16PCC/S2_19-9-18_16PCC_8_cl.tif,patches/S2_19-9-18_16PCC/S2_19-9-18_16PCC_8_conf.tif,val,-88.2658249635309,15.763840510711425,EPSG:32616,10.0,10.0,11,float32,,"(1.0, 1.0, 1.0, 1.0, 1.0, 1.0, 1.0, 1.0, 1.0, 1.0, 1.0)","(0.0, 0.0, 0.0, 0.0, 0.0, 0.0, 0.0, 0.0, 0.0, 0.0, 0.0)",363120.0,1741940.0,365680.0,1744500.0,65536,21624,65536,21624,0,0,0,0,0,0,6e3be1ecb8207051d1034f7914796b04cc7dbcc706b6607e2651888616f8aa05,8bb953b8bf3de2cfff9e24e7d28a6ffa7cd03bbcc19b76ad9257a277a7642686,55e98a20be817c9b9fb0df3349052c2181deb0d76371b7a1b8ab269809978279,43912,0,0,0,0,0,0,0,20910,0,714,0,0,0,0,0
582,19-9-18_16PCC_9,19-9-18_16PCC,2018-09-19,16PCC,9,patches/S2_19-9-18_16PCC/S2_19-9-18_16PCC_9.tif,patches/S2_19-9-18_16PCC/S2_19-9-18_16PCC_9_cl.tif,patches/S2_19-9-18_16PCC/S2_19-9-18_16PCC_9_conf.tif,val,-88.26568165006336,15.740702206383476,EPSG:32616,10.0,10.0,11,float32,,"(1.0, 1.0, 1.0, 1.0, 1.0, 1.0, 1.0, 1.0, 1.0, 1.0, 1.0)","(0.0, 0.0, 0.0, 0.0, 0.0, 0.0, 0.0, 0.0, 0.0, 0.0, 0.0)",363120.0,1739380.0,365680.0,1741940.0,65536,2,65536,2,0,0,0,12,0,0,fbb35dffb17f7f56ac8c899ff8fb82160352d2df0da7ae074b3a6e5376e6be02,2aa68d05e059ea7e3dfe0702cd9094491faaf24731e4a370989f9fcb8da2d2bf,74f412e0230302dddfd60d051869658370fe01718ed6f90115c8177dddc2a411,65534,0,0,0,0,0,0,0,2,0,0,0,0,0,0,0
583,19-9-18_16PDC_0,19-9-18_16PDC,2018-09-19,16PDC,0,patches/S2_19-9-18_16PDC/S2_19-9-18_16PDC_0.tif,patches/S2_19-9-18_16PDC/S2_19-9-18_16PDC_0_cl.tif,patches/S2_19-9-18_16PDC/S2_19-9-18_16PDC_0_conf.tif,test,-87.85140154001574,15.990400476069164,EPSG:32616,10.0,10.0,11,float32,,"(1.0, 1.0, 1.0, 1.0, 1.0, 1.0, 1.0, 1.0, 1.0, 1.0, 1.0)","(0.0, 0.0, 0.0, 0.0, 0.0, 0.0, 0.0, 0.0, 0.0, 0.0, 0.0)",407620.0,1766780.0,410180.0,1769340.0,65536,2,65536,2,0,0,0,0,0,0,32e35e50fa056cbdac364c029dead27baaf830d97ff42d29c12a4f84e4d0f5f9,a02cf0a2360f0adc57c673bad274856e8821c434d856184e42da535d8756c3b3,d8c37fbf9b0c56b54655efc1644995b9393bfbc3b344b8a38b629a8178af90a7,65534,1,0,0,0,0,0,0,0,0,0,0,0,0,0,1
584,19-9-18_16PDC_1,19-9-18_16PDC,2018-09-19,16PDC,1,patches/S2_19-9-18_16PDC/S2_19-9-18_16PDC_1.tif,patches/S2_19-9-18_16PDC/S2_19-9-18_16PDC_1_cl.tif,patches/S2_19-9-18_16PDC/S2_19-9-18_16PDC_1_conf.tif,test,-87.85101107271228,15.897836449955154,EPSG:32616,10.0,10.0,11,float32,,"(1.0, 1.0, 1.0, 1.0, 1.0, 1.0, 1.0, 1.0, 1.0, 1.0, 1.0)","(0.0, 0.0, 0.0, 0.0, 0.0, 0.0, 0.0, 0.0, 0.0, 0.0, 0.0)",407620.0,1756540.0,410180.0,1759100.0,65536,10,65536,10,0,0,0,0,0,0,f20d62be15ae870ab790d01c54a01fb81c2a52c244e5466cd17c079f3283e792,2a5ce2904c9bbf9dec8541e1f51004b30518899bd9f6235ac8c105140fea196e,2ef6c2237ba178f31dd6e25e93d693d56b44eb87af3eccbd6a218860daaaa487,65526,0,0,0,0,0,0,0,0,10,0,0,0,0,0,0
585,19-9-18_16PDC_10,19-9-18_16PDC,2018-09-19,16PDC,10,patches/S2_19-9-18_16PDC/S2_19-9-18_16PDC_10.tif,patches/S2_19-9-18_16PDC/S2_19-9-18_16PDC_10_cl.tif,patches/S2_19-9-18_16PDC/S2_19-9-18_16PDC_10_conf.tif,test,-87.73161494253894,15.944557629701933,EPSG:32616,10.0,10.0,11,float32,,"(1.0, 1.0, 1.0, 1.0, 1.0, 1.0, 1.0, 1.0, 1.0, 1.0, 1.0)","(0.0, 0.0, 0.0, 0.0, 0.0, 0.0, 0.0, 0.0, 0.0, 0.0, 0.0)",420420.0,1761660.0,422980.0,1764220.0,65536,157,65536,157,0,0,0,0,0,0,6a48d625db63924977bcef25300f7f4e418c2ead310f1b206088ee91fe209047,fc48ad372455fdece1d056b11bc3611f9ba821dea7ad07a2199fef36a31433e2,74732b450d75ddbf3cf8398098d42ecdaff1c8d46e630aec944a1731294a4648,65379,0,0,0,0,0,0,154,3,0,0,0,0,0,0,0
586,19-9-18_16PDC_11,19-9-18_16PDC,2018-09-19,16PDC,11,patches/S2_19-9-18_16PDC/S2_19-9-18_16PDC_11.tif,patches/S2_19-9-18_16PDC/S2_19-9-18_16PDC_11_cl.tif,patches/S2_19-9-18_16PDC/S2_19-9-18_16PDC_11_conf.tif,test,-87.7315311062307,15.921415927994742,EPSG:32616,10.0,10.0,11,float32,,"(1.0, 1.0, 1.0, 1.0, 1.0, 1.0, 1.0, 1.0, 1.0, 1.0, 1.0)","(0.0, 0.0, 0.0, 0.0, 0.0, 0.0, 0.0, 0.0, 0.0, 0.0, 0.0)",420420.0,1759100.0,422980.0,1761660.0,65536,6943,65536,6943,0,0,0,0,0,0,29202e15a94cc718fc1c8a109c702e5406da78d3cc96ca44bb3a8fbe8134eb94,2ea6b4ead59a585308ba3fde64479531c091eca1ffd8681c6ef568814a58d188,13038bc4f96e3ca1db8c2b6141a884c87cac7fa2aee791a90e19acde028723d8,58593,0,0,0,0,0,0,0,6943,0,0,0,0,0,0,0
587,19-9-18_16PDC_12,19-9-18_16PDC,2018-09-19,16PDC,12,patches/S2_19-9-18_16PDC/S2_19-9-18_16PDC_12.tif,patches/S2_19-9-18_16PDC/S2_19-9-18_16PDC_12_cl.tif,patches/S2_19-9-18_16PDC/S2_19-9-18_16PDC_12_conf.tif,test,-87.70777753169531,15.967779256435575,EPSG:32616,10.0,10.0,11,float32,,"(1.0, 1.0, 1.0, 1.0, 1.0, 1.0, 1.0, 1.0, 1.0, 1.0, 1.0)","(0.0, 0.0, 0.0, 0.0, 0.0, 0.0, 0.0, 0.0, 0.0, 0.0, 0.0)",422980.0,1764220.0,425540.0,1766780.0,65536,574,65536,574,0,0,0,0,0,0,b1eb942d3195eda7b582b2eaa198a4bbaa914a90dd028ec3bea884df905a77c0,ed622e1b54e955c47708cca94d138c7af983a03eeeca52356aea99dd885c466c,de62ee2d3695a046771d8cca9225390fdc41c4d4a3ce3485bff527a08390d267,64962,0,0,0,0,0,0,0,0,0,574,0,0,0,0,0
588,19-9-18_16PDC_13,19-9-18_16PDC,2018-09-19,16PDC,13,patches/S2_19-9-18_16PDC/S2_19-9-18_16PDC_13.tif,patches/S2_19-9-18_16PDC/S2_19-9-18_16PDC_13_cl.tif,patches/S2_19-9-18_16PDC/S2_19-9-18_16PDC_13_conf.tif,test,-87.70769630231824,15.944637482876352,EPSG:32616,10.0,10.0,11,float32,,"(1.0, 1.0, 1.0, 1.0, 1.0, 1.0, 1.0, 1.0, 1.0, 1.0, 1.0)","(0.0, 0.0, 0.0, 0.0, 0.0, 0.0, 0.0, 0.0, 0.0, 0.0, 0.0)",422980.0,1761660.0,425540.0,1764220.0,65536,1599,65536,1599,0,0,0,0,0,0,265deff96d33e2255266ff2484819875e13ec1c98e018dc6ad4888cacd0c15e7,063fda27ae47c0ab97a15f640323c48350ff341c58cf40ff66b0d829f6b8d03b,2796cd79d764bbd14ddb2abedf5f664c817e8c6c91f266457ee10d329d2d4883,63937,0,0,0,0,0,0,0,1472,0,127,0,0,0,0,0
589,19-9-18_16PDC_14,19-9-18_16PDC,2018-09-19,16PDC,14,patches/S2_19-9-18_16PDC/S2_19-9-18_16PDC_14.tif,patches/S2_19-9-18_16PDC/S2_19-9-18_16PDC_14_cl.tif,patches/S2_19-9-18_16PDC/S2_19-9-18_16PDC_14_conf.tif,test,-87.70761520629817,15.92149565930604,EPSG:32616,10.0,10.0,11,float32,,"(1.0, 1.0, 1.0, 1.0, 1.0, 1.0, 1.0, 1.0, 1.0, 1.0, 1.0)","(0.0, 0.0, 0.0, 0.0, 0.0, 0.0, 0.0, 0.0, 0.0, 0.0, 0.0)",422980.0,1759100.0,425540.0,1761660.0,65536,10920,65536,10920,0,0,0,0,0,0,6213765fa79fb1f9aff837b2b8731a91767e46b4f4a2baafd9ce37cf427d9d76,5383148b4b55a72184a46d1e3129d26ec988a86ae519ae78f7222fc1e14f8e55,00bf0ea2f0c935fb54300456d3d08a6c8a290e4abdf8b0b27081f3a2475b29f1,54616,0,0,0,0,0,0,0,10920,0,0,0,0,0,0,0
590,19-9-18_16PDC_15,19-9-18_16PDC,2018-09-19,16PDC,15,patches/S2_19-9-18_16PDC/S2_19-9-18_16PDC_15.tif,patches/S2_19-9-18_16PDC/S2_19-9-18_16PDC_15_cl.tif,patches/S2_19-9-18_16PDC/S2_19-9-18_16PDC_15_conf.tif,test,-87.68385601325153,15.967856573923962,EPSG:32616,10.0,10.0,11,float32,,"(1.0, 1.0, 1.0, 1.0, 1.0, 1.0, 1.0, 1.0, 1.0, 1.0, 1.0)","(0.0, 0.0, 0.0, 0.0, 0.0, 0.0, 0.0, 0.0, 0.0, 0.0, 0.0)",425540.0,1764220.0,428100.0,1766780.0,65536,180,65536,180,0,0,0,0,0,0,38c8be294b782552ba8ea23e942e03a69e01b6d420d99f542ec6cfeedc01fd52,6f2fc6494828a30b68e66ec252f47507ea20f82739943c6ad8a16af5d2ca85f4,36083c3b5c17ef275a5aa100a1f0c5dda42ded80babb19527f13936de60a2c60,65356,0,0,0,0,0,0,0,0,0,180,0,0,0,0,0
591,19-9-18_16PDC_16,19-9-18_16PDC,2018-09-19,16PDC,16,patches/S2_19-9-18_16PDC/S2_19-9-18_16PDC_16.tif,patches/S2_19-9-18_16PDC/S2_19-9-18_16PDC_16_cl.tif,patches/S2_19-9-18_16PDC/S2_19-9-18_16PDC_16_conf.tif,test,-87.68377752874056,15.944714682525012,EPSG:32616,10.0,10.0,11,float32,,"(1.0, 1.0, 1.0, 1.0, 1.0, 1.0, 1.0, 1.0, 1.0, 1.0, 1.0)","(0.0, 0.0, 0.0, 0.0, 0.0, 0.0, 0.0, 0.0, 0.0, 0.0, 0.0)",425540.0,1761660.0,428100.0,1764220.0,65536,5281,65536,5281,0,0,0,0,0,0,35eb84dd8786123d918deaa37508f6dee7493df8e85d3a1ea72130d23e081b82,f6955bbdb42305c3e71a794725e7ac1f5f3c4e29b0cfee5a6b4ea2d0e3ed1d40,0163940854e87509b79fbae89977e6fd81dc76fc32dc40ada4b6f757b06c7785,60255,0,0,0,0,0,0,0,0,0,5281,0,0,0,0,0
592,19-9-18_16PDC_17,19-9-18_16PDC,2018-09-19,16PDC,17,patches/S2_19-9-18_16PDC/S2_19-9-18_16PDC_17.tif,patches/S2_19-9-18_16PDC/S2_19-9-18_16PDC_17_cl.tif,patches/S2_19-9-18_16PDC/S2_19-9-18_16PDC_17_conf.tif,test,-87.66039141834034,16.106782212111643,EPSG:32616,10.0,10.0,11,float32,,"(1.0, 1.0, 1.0, 1.0, 1.0, 1.0, 1.0, 1.0, 1.0, 1.0, 1.0)","(0.0, 0.0, 0.0, 0.0, 0.0, 0.0, 0.0, 0.0, 0.0, 0.0, 0.0)",428100.0,1779580.0,430660.0,1782140.0,65536,127,65536,127,0,0,0,0,0,0,999cd6adf6d2cea0998b51966edf8b2be206b6dd8581f94a530ff0d66368866f,045fc6e354b1f3d6e277bc5635b613ca15c7d7d703281ac9148eeb50b31ed974,bfc20ab2eb74383bf250f33a6e3405f87295b7694403a949c15b46005e84278b,65409,0,0,0,0,34,0,9,0,0,0,0,0,0,84,0
593,19-9-18_16PDC_18,19-9-18_16PDC,2018-09-19,16PDC,18,patches/S2_19-9-18_16PDC/S2_19-9-18_16PDC_18.tif,patches/S2_19-9-18_16PDC/S2_19-9-18_16PDC_18_cl.tif,patches/S2_19-9-18_16PDC/S2_19-9-18_16PDC_18_conf.tif,test,-87.6599343658874,15.967931233770889,EPSG:32616,10.0,10.0,11,float32,,"(1.0, 1.0, 1.0, 1.0, 1.0, 1.0, 1.0, 1.0, 1.0, 1.0, 1.0)","(0.0, 0.0, 0.0, 0.0, 0.0, 0.0, 0.0, 0.0, 0.0, 0.0, 0.0)",428100.0,1764220.0,430660.0,1766780.0,65536,1158,65536,1158,0,0,0,0,0,0,c4899399c81a4fa856c2d40873cbd9f679508d05c2b4dcb518473e58f0150b85,6636c94a0697ca09f9b2a142743b5d0cb0fbcfe7f00a4105c7f3abf3ad30a675,0f91765e10439201890bda6d7b560d7749ede501d2cda9ef03e22a2140566e34,64378,0,0,0,0,0,0,1158,0,0,0,0,0,0,0,0
594,19-9-18_16PDC_19,19-9-18_16PDC,2018-09-19,16PDC,19,patches/S2_19-9-18_16PDC/S2_19-9-18_16PDC_19.tif,patches/S2_19-9-18_16PDC/S2_19-9-18_16PDC_19_cl.tif,patches/S2_19-9-18_16PDC/S2_19-9-18_16PDC_19_conf.tif,test,-87.58850788171006,16.08385012749226,EPSG:32616,10.0,10.0,11,float32,,"(1.0, 1.0, 1.0, 1.0, 1.0, 1.0, 1.0, 1.0, 1.0, 1.0, 1.0)","(0.0, 0.0, 0.0, 0.0, 0.0, 0.0, 0.0, 0.0, 0.0, 0.0, 0.0)",435780.0,1777020.0,438340.0,1779580.0,65536,95,65536,95,0,0,0,0,0,0,9dfd5d871d9d778095da751ce40abdd84bc9bfb4d31f0b4d0bb90d487b4f9984,6169f8040f505dc45372c63710a601af8d0385ef69d89c8a65ba3f717ae98360,50d2d3ee386e647a2282d3d319dd0abbb1c0cefe99ef67d0e5a66ce328ce0a63,65441,5,0,0,0,0,89,1,0,0,0,0,0,0,0,0
595,19-9-18_16PDC_2,19-9-18_16PDC,2018-09-19,16PDC,2,patches/S2_19-9-18_16PDC/S2_19-9-18_16PDC_2.tif,patches/S2_19-9-18_16PDC/S2_19-9-18_16PDC_2_cl.tif,patches/S2_19-9-18_16PDC/S2_19-9-18_16PDC_2_conf.tif,test,-87.82709864214662,15.897929285515392,EPSG:32616,10.0,10.0,11,float32,,"(1.0, 1.0, 1.0, 1.0, 1.0, 1.0, 1.0, 1.0, 1.0, 1.0, 1.0)","(0.0, 0.0, 0.0, 0.0, 0.0, 0.0, 0.0, 0.0, 0.0, 0.0, 0.0)",410180.0,1756540.0,412740.0,1759100.0,65536,52,65536,52,0,0,0,0,0,0,349a58cdd235345a121ab2a7d37f47ef4c55da91c75d8930362af4a9be4c1b47,89dc1ddd6a8686a7c0b13900613104072c1dd1a04718eb38da26b47bfa36ddc4,2f94edad54bcc922d36dea71e9385b0db8a08e41324ce1ba1104c747480f0d07,65484,0,0,0,0,0,0,0,0,52,0,0,0,0,0,0
596,19-9-18_16PDC_20,19-9-18_16PDC,2018-09-19,16PDC,20,patches/S2_19-9-18_16PDC/S2_19-9-18_16PDC_20.tif,patches/S2_19-9-18_16PDC/S2_19-9-18_16PDC_20_cl.tif,patches/S2_19-9-18_16PDC/S2_19-9-18_16PDC_20_conf.tif,test,-87.56457197011949,16.083914644422077,EPSG:32616,10.0,10.0,11,float32,,"(1.0, 1.0, 1.0, 1.0, 1.0, 1.0, 1.0, 1.0, 1.0, 1.0, 1.0)","(0.0, 0.0, 0.0, 0.0, 0.0, 0.0, 0.0, 0.0, 0.0, 0.0, 0.0)",438340.0,1777020.0,440900.0,1779580.0,65536,11,65536,11,0,0,0,0,0,0,27b092c0395bf0d1adc9ff85fc9de7fb609ac904ff3d2f7c674b4fd6884ef8a7,395d49af9eee27d5b973981245c40d1a675e21b34931e7eeb19467251c3a1100,f2717bc165c1d3e329bfd0f807943a58e44dbd1942dc23c1a081e4024128cbc1,65525,5,0,0,0,0,0,3,0,0,0,0,0,0,0,3
597,19-9-18_16PDC_21,19-9-18_16PDC,2018-09-19,16PDC,21,patches/S2_19-9-18_16PDC/S2_19-9-18_16PDC_21.tif,patches/S2_19-9-18_16PDC/S2_19-9-18_16PDC_21_cl.tif,patches/S2_19-9-18_16PDC/S2_19-9-18_16PDC_21_conf.tif,test,-87.54076130599181,16.13026085871312,EPSG:32616,10.0,10.0,11,float32,,"(1.0, 1.0, 1.0, 1.0, 1.0, 1.0, 1.0, 1.0, 1.0, 1.0, 1.0)","(0.0, 0.0, 0.0, 0.0, 0.0, 0.0, 0.0, 0.0, 0.0, 0.0, 0.0)",440900.0,1782140.0,443460.0,1784700.0,65536,344,65536,344,0,0,0,0,0,0,baa9ae890aebf1fe270d4f71da00f280cbcd49059400ebd717ab96926da83f1d,8cdbc63f8843817e9cf15e21666eb3e10707790a845bfc69e26658fa34c1e810,003c75016a37acc5929b37039130d88956f9873554d89b2b112fdfd3e85b86d0,65192,0,0,0,0,0,232,72,0,0,0,0,0,40,0,0
598,19-9-18_16PDC_22,19-9-18_16PDC,2018-09-19,16PDC,22,patches/S2_19-9-18_16PDC/S2_19-9-18_16PDC_22.tif,patches/S2_19-9-18_16PDC/S2_19-9-18_16PDC_22_cl.tif,patches/S2_19-9-18_16PDC/S2_19-9-18_16PDC_22_conf.tif,test,-87.51658041713809,16.037750887968798,EPSG:32616,10.0,10.0,11,float32,,"(1.0, 1.0, 1.0, 1.0, 1.0, 1.0, 1.0, 1.0, 1.0, 1.0, 1.0)","(0.0, 0.0, 0.0, 0.0, 0.0, 0.0, 0.0, 0.0, 0.0, 0.0, 0.0)",443460.0,1771900.0,446020.0,1774460.0,65536,4,65536,4,0,0,0,0,0,0,f0ea5f534703222c5ee0a3f87c2e71bd3969f3084709f74fdf0b8b40b0944de9,ad1779bf401dbd21143b49d48903b8e84a1d2f14ee0ebb0674ee748a82ab47ec,ec9fbc80e099751fce4da3400938bd29f30197a98454522db69b99d96015adf5,65532,3,0,0,0,0,0,1,0,0,0,0,0,0,0,0
599,19-9-18_16PDC_23,19-9-18_16PDC,2018-09-19,16PDC,23,patches/S2_19-9-18_16PDC/S2_19-9-18_16PDC_23.tif,patches/S2_19-9-18_16PDC/S2_19-9-18_16PDC_23_cl.tif,patches/S2_19-9-18_16PDC/S2_19-9-18_16PDC_23_conf.tif,test,-87.5165208562718,16.014608434980886,EPSG:32616,10.0,10.0,11,float32,,"(1.0, 1.0, 1.0, 1.0, 1.0, 1.0, 1.0, 1.0, 1.0, 1.0, 1.0)","(0.0, 0.0, 0.0, 0.0, 0.0, 0.0, 0.0, 0.0, 0.0, 0.0, 0.0)",443460.0,1769340.0,446020.0,1771900.0,65536,4,65536,4,0,0,0,0,0,0,ddb7c903c23b93caf0e7de82b8f971faf2c639e912739bd2e5a2a3add2217bca,57d965e42c930846c3aa7a161df7f7f262f111d7f09205503a8d80a87dd3b0c3,7eda517f8f0b833878c5a60aefbb309374cd431a41f2cfbcfee3957049a526d5,65532,3,0,0,0,0,0,1,0,0,0,0,0,0,0,0
600,19-9-18_16PDC_24,19-9-18_16PDC,2018-09-19,16PDC,24,patches/S2_19-9-18_16PDC/S2_19-9-18_16PDC_24.tif,patches/S2_19-9-18_16PDC/S2_19-9-18_16PDC_24_cl.tif,patches/S2_19-9-18_16PDC/S2_19-9-18_16PDC_24_conf.tif,test,-87.51646139286757,15.991465931971268,EPSG:32616,10.0,10.0,11,float32,,"(1.0, 1.0, 1.0, 1.0, 1.0, 1.0, 1.0, 1.0, 1.0, 1.0, 1.0)","(0.0, 0.0, 0.0, 0.0, 0.0, 0.0, 0.0, 0.0, 0.0, 0.0, 0.0)",443460.0,1766780.0,446020.0,1769340.0,65536,4,65536,4,0,0,0,0,0,0,246ffc67f65a9d0987d447415e8a304f89e6b764887178f16d4d976ed9864a6e,ece9f921ee3593a3e2c2ccce606d1492e0f3dba01e0ec58fad22677451f14884,07abd8211ad54617ac3838a15a48582623344bf7b830dcb2be812f8c6f459927,65532,2,0,0,0,0,0,2,0,0,0,0,0,0,0,0
601,19-9-18_16PDC_25,19-9-18_16PDC,2018-09-19,16PDC,25,patches/S2_19-9-18_16PDC/S2_19-9-18_16PDC_25.tif,patches/S2_19-9-18_16PDC/S2_19-9-18_16PDC_25_cl.tif,patches/S2_19-9-18_16PDC/S2_19-9-18_16PDC_25_conf.tif,test,-87.44463448217431,15.968483568854504,EPSG:32616,10.0,10.0,11,float32,,"(1.0, 1.0, 1.0, 1.0, 1.0, 1.0, 1.0, 1.0, 1.0, 1.0, 1.0)","(0.0, 0.0, 0.0, 0.0, 0.0, 0.0, 0.0, 0.0, 0.0, 0.0, 0.0)",451140.0,1764220.0,453700.0,1766780.0,65536,124,65536,124,0,0,0,0,0,0,f672e744072a3e290ebcf27f9ab6cb8aa87334b484a85d586d36c53250146f52,c41ec55e8417a6cb4de755b5522c7c4dce73de9e4e01083d140ae820304d9871,231a5193174824ecb2a7ac25945a289f6c86f19c6808a1cff6d3215d6e852958,65412,0,0,0,0,0,0,124,0,0,0,0,0,0,0,0
602,19-9-18_16PDC_3,19-9-18_16PDC,2018-09-19,16PDC,3,patches/S2_19-9-18_16PDC/S2_19-9-18_16PDC_3.tif,patches/S2_19-9-18_16PDC/S2_19-9-18_16PDC_3_cl.tif,patches/S2_19-9-18_16PDC/S2_19-9-18_16PDC_3_conf.tif,test,-87.80401865825286,16.106289925344214,EPSG:32616,10.0,10.0,11,float32,,"(1.0, 1.0, 1.0, 1.0, 1.0, 1.0, 1.0, 1.0, 1.0, 1.0, 1.0)","(0.0, 0.0, 0.0, 0.0, 0.0, 0.0, 0.0, 0.0, 0.0, 0.0, 0.0)",412740.0,1779580.0,415300.0,1782140.0,65536,1246,65536,1246,0,0,0,0,0,0,72b860e3eef2a32ebc24b8dd5b73598809f3d468b4c5c7be57d254a2f4577795,e84ea266967544b43dc5cf0e071b695c14645cb0b99ba75483329319f8985531,062b2cf54a7b345004c40dd1e869e04a25d803afb47ff36893e3d7ec69446810,64290,0,0,0,0,0,0,1246,0,0,0,0,0,0,0,0
603,19-9-18_16PDC_4,19-9-18_16PDC,2018-09-19,16PDC,4,patches/S2_19-9-18_16PDC/S2_19-9-18_16PDC_4.tif,patches/S2_19-9-18_16PDC/S2_19-9-18_16PDC_4_cl.tif,patches/S2_19-9-18_16PDC/S2_19-9-18_16PDC_4_conf.tif,test,-87.80392554015351,16.083148965758024,EPSG:32616,10.0,10.0,11,float32,,"(1.0, 1.0, 1.0, 1.0, 1.0, 1.0, 1.0, 1.0, 1.0, 1.0, 1.0)","(0.0, 0.0, 0.0, 0.0, 0.0, 0.0, 0.0, 0.0, 0.0, 0.0, 0.0)",412740.0,1777020.0,415300.0,1779580.0,65536,888,65536,888,0,0,0,0,0,0,5f82f7eb20032d654e4bcc79ecec0c585fe9bde9d7bfb64ae4c20aed154ffab6,c93a1c8b1bfba43c156d04cb6a2c3c97c5a4e900db76ddd88bef2188df47337f,a8323dbab9ad5b78bed74151e5c68e28e9a3f6616e40c9b921bfb3c0a48f30c1,64648,0,0,0,0,0,0,888,0,0,0,0,0,0,0,0
604,19-9-18_16PDC_5,19-9-18_16PDC,2018-09-19,16PDC,5,patches/S2_19-9-18_16PDC/S2_19-9-18_16PDC_5.tif,patches/S2_19-9-18_16PDC/S2_19-9-18_16PDC_5_cl.tif,patches/S2_19-9-18_16PDC/S2_19-9-18_16PDC_5_conf.tif,test,-87.80364709676074,16.013725784171875,EPSG:32616,10.0,10.0,11,float32,,"(1.0, 1.0, 1.0, 1.0, 1.0, 1.0, 1.0, 1.0, 1.0, 1.0, 1.0)","(0.0, 0.0, 0.0, 0.0, 0.0, 0.0, 0.0, 0.0, 0.0, 0.0, 0.0)",412740.0,1769340.0,415300.0,1771900.0,65536,18,65536,18,0,0,0,0,0,0,a021edf71d8309e302bc16d79e47ad0151af518a72507515afa498eb46c63535,a9d5948e936bf1914edefb1625654d556b92b3779364434fbe135e4362f5b693,bfb376e425a0e32a95c549f5ad0ea781f0c646618b4f73b11726060d45d50d39,65518,0,0,0,0,0,0,18,0,0,0,0,0,0,0,0
605,19-9-18_16PDC_6,19-9-18_16PDC,2018-09-19,16PDC,6,patches/S2_19-9-18_16PDC/S2_19-9-18_16PDC_6.tif,patches/S2_19-9-18_16PDC/S2_19-9-18_16PDC_6_cl.tif,patches/S2_19-9-18_16PDC/S2_19-9-18_16PDC_6_conf.tif,test,-87.77963087890751,15.99067270436548,EPSG:32616,10.0,10.0,11,float32,,"(1.0, 1.0, 1.0, 1.0, 1.0, 1.0, 1.0, 1.0, 1.0, 1.0, 1.0)","(0.0, 0.0, 0.0, 0.0, 0.0, 0.0, 0.0, 0.0, 0.0, 0.0, 0.0)",415300.0,1766780.0,417860.0,1769340.0,65536,3,65536,3,0,0,0,0,0,0,5f821287de66461d9c184b40be9c652ea879aaa74487f9b69b5263f606d5cb1d,acf14c561d2e4d23e247c1bc1cccd52db5d6b3e4025d881b5cdb35b5103c3721,6af199e6b8fe966c62a2e10614d4186c767252d67fed6356a0f61ce3d79a3518,65533,2,0,0,0,0,0,1,0,0,0,0,0,0,0,0
606,19-9-18_16PDC_7,19-9-18_16PDC,2018-09-19,16PDC,7,patches/S2_19-9-18_16PDC/S2_19-9-18_16PDC_7.tif,patches/S2_19-9-18_16PDC/S2_19-9-18_16PDC_7_cl.tif,patches/S2_19-9-18_16PDC/S2_19-9-18_16PDC_7_conf.tif,test,-87.77927331836209,15.898107021352422,EPSG:32616,10.0,10.0,11,float32,,"(1.0, 1.0, 1.0, 1.0, 1.0, 1.0, 1.0, 1.0, 1.0, 1.0, 1.0)","(0.0, 0.0, 0.0, 0.0, 0.0, 0.0, 0.0, 0.0, 0.0, 0.0, 0.0)",415300.0,1756540.0,417860.0,1759100.0,65536,79,65536,79,0,0,0,0,0,0,8fd4744cd5b152ae487028b52689c6f5e50f0c0383b5eadfc0b551530fe506a8,4fbb2da552f760b400919086662b497550c0635c6b12673c769a394011a4fa6b,70ad1ea3345f5924f60b7aa14d73fdd653f6a84ef11a44a181a859854dbe29f0,65457,0,0,0,0,6,0,0,0,0,73,0,0,0,0,0
607,19-9-18_16PDC_8,19-9-18_16PDC,2018-09-19,16PDC,8,patches/S2_19-9-18_16PDC/S2_19-9-18_16PDC_8.tif,patches/S2_19-9-18_16PDC/S2_19-9-18_16PDC_8_cl.tif,patches/S2_19-9-18_16PDC/S2_19-9-18_16PDC_8_conf.tif,test,-87.75536043414454,15.898191921479004,EPSG:32616,10.0,10.0,11,float32,,"(1.0, 1.0, 1.0, 1.0, 1.0, 1.0, 1.0, 1.0, 1.0, 1.0, 1.0)","(0.0, 0.0, 0.0, 0.0, 0.0, 0.0, 0.0, 0.0, 0.0, 0.0, 0.0)",417860.0,1756540.0,420420.0,1759100.0,65536,2,65536,2,0,0,0,0,0,0,5a279fbc5054aebed5a494c2a5a7f6047f5f4579e527270f0d3e049d2d8bdbaa,7cf113fe2e762a9cb94d03c217d32432fc5ada95fb79b31e41189193f1b79e7a,c6b8e5d506114c7dca9148d88fbf23a7ad160a776041ad6de470e3b238d6b030,65534,1,0,0,0,0,0,1,0,0,0,0,0,0,0,0
608,19-9-18_16PDC_9,19-9-18_16PDC,2018-09-19,16PDC,9,patches/S2_19-9-18_16PDC/S2_19-9-18_16PDC_9.tif,patches/S2_19-9-18_16PDC/S2_19-9-18_16PDC_9_cl.tif,patches/S2_19-9-18_16PDC/S2_19-9-18_16PDC_9_conf.tif,test,-87.73195166714646,16.03712393550066,EPSG:32616,10.0,10.0,11,float32,,"(1.0, 1.0, 1.0, 1.0, 1.0, 1.0, 1.0, 1.0, 1.0, 1.0, 1.0)","(0.0, 0.0, 0.0, 0.0, 0.0, 0.0, 0.0, 0.0, 0.0, 0.0, 0.0)",420420.0,1771900.0,422980.0,1774460.0,65536,23,65536,23,0,0,0,0,0,0,9e347c3bebaa5b8003d8792eb3cbb5b140bdc1c0caa22ee39021692682339b78,94946f3729d4a84c5f6abdb43f2925f4a6b14d77527d8b28177f7bf3b3e56704,002eaad362a9824c677fb1a858d314c8b2ac95338fb2060923ae81d2383d9917,65513,0,0,0,0,0,0,23,0,0,0,0,0,0,0,0
609,20-10-20_18QYF_0,20-10-20_18QYF,2020-10-20,18QYF,0,patches/S2_20-10-20_18QYF/S2_20-10-20_18QYF_0.tif,patches/S2_20-10-20_18QYF/S2_20-10-20_18QYF_0_cl.tif,patches/S2_20-10-20_18QYF/S2_20-10-20_18QYF_0_conf.tif,train,-72.63187668621116,18.757721612688922,EPSG:32618,10.0,10.0,11,float32,,"(1.0, 1.0, 1.0, 1.0, 1.0, 1.0, 1.0, 1.0, 1.0, 1.0, 1.0)","(0.0, 0.0, 0.0, 0.0, 0.0, 0.0, 0.0, 0.0, 0.0, 0.0, 0.0)",748380.0,2074400.0,750940.0,2076960.0,65536,404,65536,404,0,0,0,0,0,0,6e6561fffe829f45121f71c01ed37ba239e8491268e4f02b79da52d33eb08c8a,9596ae304318618727903b3702b33459366d4d92a7c3385725cf27e58b9ba20f,dccb1d84bfc36fb68f8a33c96d5f2fcf3cb7a27ea38a48e7f95f64fc79c79b4f,65132,0,0,0,0,0,404,0,0,0,0,0,0,0,0,0
610,20-10-20_18QYF_1,20-10-20_18QYF,2020-10-20,18QYF,1,patches/S2_20-10-20_18QYF/S2_20-10-20_18QYF_1.tif,patches/S2_20-10-20_18QYF/S2_20-10-20_18QYF_1_cl.tif,patches/S2_20-10-20_18QYF/S2_20-10-20_18QYF_1_conf.tif,train,-72.63219917047046,18.734604370435523,EPSG:32618,10.0,10.0,11,float32,,"(1.0, 1.0, 1.0, 1.0, 1.0, 1.0, 1.0, 1.0, 1.0, 1.0, 1.0)","(0.0, 0.0, 0.0, 0.0, 0.0, 0.0, 0.0, 0.0, 0.0, 0.0, 0.0)",748380.0,2071840.0,750940.0,2074400.0,65536,4083,65536,4083,0,0,0,0,0,0,4302820ca3d7e66112eef6896cfc0769668c57c9d98af0e8d999c654e963d8a9,31c34de20221de31296ea2be74d5699b007f6cf2100dabe4e96a658f0430be9a,53740abfc9adadd05c2c24fcdca27674ac1658b1c5ee70add7653a4a918d677a,61453,0,0,0,0,0,4075,8,0,0,0,0,0,0,0,0
611,20-10-20_18QYF_2,20-10-20_18QYF,2020-10-20,18QYF,2,patches/S2_20-10-20_18QYF/S2_20-10-20_18QYF_2.tif,patches/S2_20-10-20_18QYF/S2_20-10-20_18QYF_2_cl.tif,patches/S2_20-10-20_18QYF/S2_20-10-20_18QYF_2_conf.tif,train,-72.60826073463717,18.711178884969726,EPSG:32618,10.0,10.0,11,float32,,"(1.0, 1.0, 1.0, 1.0, 1.0, 1.0, 1.0, 1.0, 1.0, 1.0, 1.0)","(0.0, 0.0, 0.0, 0.0, 0.0, 0.0, 0.0, 0.0, 0.0, 0.0, 0.0)",750940.0,2069280.0,753500.0,2071840.0,65536,76,65536,76,0,0,0,0,0,0,c92e0fee94980b35a36298f67294e8c71b044fef5b4602f6be5ae1b4290fae6d,5190de36bf203be3bbb0a71ede5b9cd5cbdb5636d971583ae7f758e740c365b4,25f878abbb3cd316083efb9b3d1e1bb350bb5ccd16ad753c62b87f821a42f0df,65460,28,0,0,0,0,0,43,0,0,0,0,0,0,0,5
612,20-10-20_18QYF_3,20-10-20_18QYF,2020-10-20,18QYF,3,patches/S2_20-10-20_18QYF/S2_20-10-20_18QYF_3.tif,patches/S2_20-10-20_18QYF/S2_20-10-20_18QYF_3_cl.tif,patches/S2_20-10-20_18QYF/S2_20-10-20_18QYF_3_conf.tif,train,-72.58432887801429,18.687751022530733,EPSG:32618,10.0,10.0,11,float32,,"(1.0, 1.0, 1.0, 1.0, 1.0, 1.0, 1.0, 1.0, 1.0, 1.0, 1.0)","(0.0, 0.0, 0.0, 0.0, 0.0, 0.0, 0.0, 0.0, 0.0, 0.0, 0.0)",753500.0,2066720.0,756060.0,2069280.0,65536,81,65536,81,0,0,0,0,0,0,768f612e98a18915974b280836018835df539a83378983dda8882e7c8fc70206,f3c27261f28a553cacf8bf53666731a00b6da542da6bae5a7248e8cf0f6bcbc8,cd8c98b7bc2d9b42266cd493460de43eca0530d1dfd3861a52df25329f480792,65455,0,0,0,0,61,0,20,0,0,0,0,0,0,0,0
613,20-4-18_30VWH_0,20-4-18_30VWH,2018-04-20,30VWH,0,patches/S2_20-4-18_30VWH/S2_20-4-18_30VWH_0.tif,patches/S2_20-4-18_30VWH/S2_20-4-18_30VWH_0_cl.tif,patches/S2_20-4-18_30VWH/S2_20-4-18_30VWH_0_conf.tif,train,-2.5839988308884134,56.39463094099861,EPSG:32630,10.0,10.0,11,float32,,"(1.0, 1.0, 1.0, 1.0, 1.0, 1.0, 1.0, 1.0, 1.0, 1.0, 1.0)","(0.0, 0.0, 0.0, 0.0, 0.0, 0.0, 0.0, 0.0, 0.0, 0.0, 0.0)",524400.0,6248800.0,526960.0,6251360.0,65536,583,65536,583,0,0,0,0,0,0,d7edb9817785f51e4ea3226253904e2a4be0c302de2842f2a98adc885409ccc2,3db26489fb7a69803b1aa6625c5ebb7999fd151606a65b53e55bf2c2cc4bb97a,a290a8a645f9785b2710f4383476f2602069e574d8061d281df6db123c22a9f8,64953,0,0,0,0,0,0,583,0,0,0,0,0,0,0,0
614,20-4-18_30VWH_1,20-4-18_30VWH,2018-04-20,30VWH,1,patches/S2_20-4-18_30VWH/S2_20-4-18_30VWH_1.tif,patches/S2_20-4-18_30VWH/S2_20-4-18_30VWH_1_cl.tif,patches/S2_20-4-18_30VWH/S2_20-4-18_30VWH_1_conf.tif,train,-2.5849989821774533,56.30263275221889,EPSG:32630,10.0,10.0,11,float32,,"(1.0, 1.0, 1.0, 1.0, 1.0, 1.0, 1.0, 1.0, 1.0, 1.0, 1.0)","(0.0, 0.0, 0.0, 0.0, 0.0, 0.0, 0.0, 0.0, 0.0, 0.0, 0.0)",524400.0,6238560.0,526960.0,6241120.0,65536,1093,65536,1093,0,0,0,4,0,0,ea8526a6994f0e6634fdf3d487cb0bd894f622a5e429a98c3a0c39138594a1c3,519d886e286d94257548e0b02a28b7aef5a947b0c663e7512f2d8fad7a9c94b5,4fb760f657111225c099268315bbb75665556e101bd2b18bf0ebb495e47a1b5b,64443,0,0,0,0,0,430,0,0,0,0,0,0,663,0,0
615,20-4-18_30VWH_2,20-4-18_30VWH,2018-04-20,30VWH,2,patches/S2_20-4-18_30VWH/S2_20-4-18_30VWH_2.tif,patches/S2_20-4-18_30VWH/S2_20-4-18_30VWH_2_cl.tif,patches/S2_20-4-18_30VWH/S2_20-4-18_30VWH_2_conf.tif,train,-2.5433552234782395,56.32548679352321,EPSG:32630,10.0,10.0,11,float32,,"(1.0, 1.0, 1.0, 1.0, 1.0, 1.0, 1.0, 1.0, 1.0, 1.0, 1.0)","(0.0, 0.0, 0.0, 0.0, 0.0, 0.0, 0.0, 0.0, 0.0, 0.0, 0.0)",526960.0,6241120.0,529520.0,6243680.0,65536,1312,65536,1312,0,0,0,0,0,0,fa58d08a187b2e53c7b65b57b2a6784fbc661035b84d74d47922ce3f6aaea9b2,adc6c5c944c98e1e55f139d3b5935ff17ff392279fd5d43ac3226ae4aefe225e,5f4a7ffa45a9b7d22df354336e51a0ea6c750b018e15f8887df8d7172d3d60de,64224,0,0,0,0,0,0,0,0,0,0,0,0,1312,0,0
616,20-4-18_30VWH_3,20-4-18_30VWH,2018-04-20,30VWH,3,patches/S2_20-4-18_30VWH/S2_20-4-18_30VWH_3.tif,patches/S2_20-4-18_30VWH/S2_20-4-18_30VWH_3_cl.tif,patches/S2_20-4-18_30VWH/S2_20-4-18_30VWH_3_conf.tif,train,-2.5436295781346567,56.30248724222561,EPSG:32630,10.0,10.0,11,float32,,"(1.0, 1.0, 1.0, 1.0, 1.0, 1.0, 1.0, 1.0, 1.0, 1.0, 1.0)","(0.0, 0.0, 0.0, 0.0, 0.0, 0.0, 0.0, 0.0, 0.0, 0.0, 0.0)",526960.0,6238560.0,529520.0,6241120.0,65536,3091,65536,3091,0,0,0,0,766,0,158ffaa7cf45b1cd61659f026374ae55301ff8bad7d11fcbdaea2100878c2b9a,5e0b6d26ae904b343796d5e412b1d631b04e279d5e6f38f1c41d8ea0b664ce10,71628473450b7ec84146768ec7344f39251de7ca22854c824b1f4e413d45631f,62445,0,0,0,0,0,3075,16,0,0,0,0,0,0,0,0
617,20-4-18_30VWH_4,20-4-18_30VWH,2018-04-20,30VWH,4,patches/S2_20-4-18_30VWH/S2_20-4-18_30VWH_4.tif,patches/S2_20-4-18_30VWH/S2_20-4-18_30VWH_4_cl.tif,patches/S2_20-4-18_30VWH/S2_20-4-18_30VWH_4_conf.tif,train,-2.4625053390006,56.18715714802929,EPSG:32630,10.0,10.0,11,float32,,"(1.0, 1.0, 1.0, 1.0, 1.0, 1.0, 1.0, 1.0, 1.0, 1.0, 1.0)","(0.0, 0.0, 0.0, 0.0, 0.0, 0.0, 0.0, 0.0, 0.0, 0.0, 0.0)",532080.0,6225760.0,534640.0,6228320.0,65536,26,65536,26,0,0,0,0,0,0,bdec64089b266dc9025398440151540f12fc1ea4e1a4bec8cba27bafc40b75a2,dfd1d08a1ea70b1756af38e72c916c6f011ef0dcd1eb51af54ae9861eadc9fbc,b7e4a5e9cfbd7016e98f2dc4f2c853342dc993184b3814a7ac61fdb7ee67cd38,65510,22,0,0,0,0,0,4,0,0,0,0,0,0,0,0
618,20-4-18_30VWH_5,20-4-18_30VWH,2018-04-20,30VWH,5,patches/S2_20-4-18_30VWH/S2_20-4-18_30VWH_5.tif,patches/S2_20-4-18_30VWH/S2_20-4-18_30VWH_5_cl.tif,patches/S2_20-4-18_30VWH/S2_20-4-18_30VWH_5_conf.tif,train,-2.4628265870578105,56.164157360742394,EPSG:32630,10.0,10.0,11,float32,,"(1.0, 1.0, 1.0, 1.0, 1.0, 1.0, 1.0, 1.0, 1.0, 1.0, 1.0)","(0.0, 0.0, 0.0, 0.0, 0.0, 0.0, 0.0, 0.0, 0.0, 0.0, 0.0)",532080.0,6223200.0,534640.0,6225760.0,65536,6,65536,6,0,0,0,12,0,0,9e6af5cd999e633c1a5e4381f996fe66c014c7d8f66718d3be44439a404f9eaa,2f8f1ab5673745813d1c0c7c94d7e2d8d9b0d2d48d416d6a6377d5fec3ee1448,d6036cefb1b5dc51368c401e9e15bf403c826f1828ce3b1eb580ed9561751572,65530,5,0,0,0,0,0,1,0,0,0,0,0,0,0,0
619,20-4-18_30VWH_6,20-4-18_30VWH,2018-04-20,30VWH,6,patches/S2_20-4-18_30VWH/S2_20-4-18_30VWH_6.tif,patches/S2_20-4-18_30VWH/S2_20-4-18_30VWH_6_cl.tif,patches/S2_20-4-18_30VWH/S2_20-4-18_30VWH_6_conf.tif,train,-2.419174974879049,56.32496692014487,EPSG:32630,10.0,10.0,11,float32,,"(1.0, 1.0, 1.0, 1.0, 1.0, 1.0, 1.0, 1.0, 1.0, 1.0, 1.0)","(0.0, 0.0, 0.0, 0.0, 0.0, 0.0, 0.0, 0.0, 0.0, 0.0, 0.0)",534640.0,6241120.0,537200.0,6243680.0,65536,20,65536,20,0,0,0,0,0,0,684690bee5ce7d0d07bddfdab1650ae04ff44e1f7180af81b7ac2cdacd941bc1,d14446b20ff57ff18744debfb07c0bfd87f86896f9c1a8d7e75573374538efa8,63a670780d8def5f1e597d1e4ec6d4e9bc314b097123ac224edc12a0deab7668,65516,0,0,0,0,13,0,7,0,0,0,0,0,0,0,0
620,20-4-18_30VWH_7,20-4-18_30VWH,2018-04-20,30VWH,7,patches/S2_20-4-18_30VWH/S2_20-4-18_30VWH_7.tif,patches/S2_20-4-18_30VWH/S2_20-4-18_30VWH_7_cl.tif,patches/S2_20-4-18_30VWH/S2_20-4-18_30VWH_7_conf.tif,train,-2.4202203002366347,56.25596935219601,EPSG:32630,10.0,10.0,11,float32,,"(1.0, 1.0, 1.0, 1.0, 1.0, 1.0, 1.0, 1.0, 1.0, 1.0, 1.0)","(0.0, 0.0, 0.0, 0.0, 0.0, 0.0, 0.0, 0.0, 0.0, 0.0, 0.0)",534640.0,6233440.0,537200.0,6236000.0,65536,34,65536,34,0,0,0,12,0,0,713622f95c689aaf2f2e7f829eb7ab6980d736d9057e7306fcb780b808ce54a0,3736f6bcd72db1587f0883993793d65f76fb0290d77d367ff1ab3ddf6aed3ee2,099fb7ffc534fc8aa9ff9df300fbdc7383b7882f64e30161e4c9b86fc8de1afc,65502,0,0,0,0,23,0,11,0,0,0,0,0,0,0,0
621,20-4-18_30VWH_8,20-4-18_30VWH,2018-04-20,30VWH,8,patches/S2_20-4-18_30VWH/S2_20-4-18_30VWH_8.tif,patches/S2_20-4-18_30VWH/S2_20-4-18_30VWH_8_cl.tif,patches/S2_20-4-18_30VWH/S2_20-4-18_30VWH_8_conf.tif,train,-2.420567720256308,56.23296998801136,EPSG:32630,10.0,10.0,11,float32,,"(1.0, 1.0, 1.0, 1.0, 1.0, 1.0, 1.0, 1.0, 1.0, 1.0, 1.0)","(0.0, 0.0, 0.0, 0.0, 0.0, 0.0, 0.0, 0.0, 0.0, 0.0, 0.0)",534640.0,6230880.0,537200.0,6233440.0,65536,2564,65536,2564,0,0,0,36,0,0,5c913807a98489168f9442ed8882186668ea76bee433df7a4390153283e7a39b,59bf9ee23e7962afebd01075f942350d25537a4522a811b188a1cdaff4ed1149,3e905de584cc69f6e196c37770db730560e1cea0f53f0c3b58977c4de2d6359b,62972,0,0,0,0,0,0,2564,0,0,0,0,0,0,0,0
622,20-4-18_30VWH_9,20-4-18_30VWH,2018-04-20,30VWH,9,patches/S2_20-4-18_30VWH/S2_20-4-18_30VWH_9.tif,patches/S2_20-4-18_30VWH/S2_20-4-18_30VWH_9_cl.tif,patches/S2_20-4-18_30VWH/S2_20-4-18_30VWH_9_conf.tif,train,-2.3383782140460587,56.20955661175154,EPSG:32630,10.0,10.0,11,float32,,"(1.0, 1.0, 1.0, 1.0, 1.0, 1.0, 1.0, 1.0, 1.0, 1.0, 1.0)","(0.0, 0.0, 0.0, 0.0, 0.0, 0.0, 0.0, 0.0, 0.0, 0.0, 0.0)",539760.0,6228320.0,542320.0,6230880.0,65536,21207,65536,21207,0,0,0,20,0,0,d128321b6a4ed7f8a992d245b82a8bf40cb6f7b099f9827dd6a1b1de914a509b,6955e85b5c7d264e6b4f83ca83cd05471fdc0e70d7cecf2ab08759a258b1ccf8,77984d9a0a6bd30a3f5fc9bfef72fe4088c27ae909dce4a2ca1d82a7cb373ae6,44329,0,0,0,0,0,0,21207,0,0,0,0,0,0,0,0
623,21-2-17_16PCC_0,21-2-17_16PCC,2017-02-21,16PCC,0,patches/S2_21-2-17_16PCC/S2_21-2-17_16PCC_0.tif,patches/S2_21-2-17_16PCC/S2_21-2-17_16PCC_0_cl.tif,patches/S2_21-2-17_16PCC/S2_21-2-17_16PCC_0_conf.tif,train,-88.70576800947,15.80710884439162,EPSG:32616,10.0,10.0,11,float32,,"(1.0, 1.0, 1.0, 1.0, 1.0, 1.0, 1.0, 1.0, 1.0, 1.0, 1.0)","(0.0, 0.0, 0.0, 0.0, 0.0, 0.0, 0.0, 0.0, 0.0, 0.0, 0.0)",316020.0,1747060.0,318580.0,1749620.0,65536,219,65180,219,0,0,0,0,0,616,d04ae98a6d5d3566af3233388a2136cc3e5ad14353701f72144262abb46fc50d,268465508fb512e62548aa0de9a60d2de3ec8b0fbc751fc00d281ff19209fdaf,7e498d915d32069ad53a9375776eb7b504ec12d06ff8ba68055a12d0ef324673,65317,0,0,0,0,0,0,0,0,0,219,0,0,0,0,0
624,21-2-17_16PCC_1,21-2-17_16PCC,2017-02-21,16PCC,1,patches/S2_21-2-17_16PCC/S2_21-2-17_16PCC_1.tif,patches/S2_21-2-17_16PCC/S2_21-2-17_16PCC_1_cl.tif,patches/S2_21-2-17_16PCC/S2_21-2-17_16PCC_1_conf.tif,train,-88.65930651370952,15.969416507284098,EPSG:32616,10.0,10.0,11,float32,,"(1.0, 1.0, 1.0, 1.0, 1.0, 1.0, 1.0, 1.0, 1.0, 1.0, 1.0)","(0.0, 0.0, 0.0, 0.0, 0.0, 0.0, 0.0, 0.0, 0.0, 0.0, 0.0)",321140.0,1764980.0,323700.0,1767540.0,65536,2,65536,2,0,0,0,0,0,0,31949fe8a30b9c5091dcf0cba08d82552e00fb5d50a641763a41b7d3bbfe82f1,116986255a45fd100dbb1a573a624b1831886ce3d562a859ef903f8bb28b4728,84d83ab9df3062f9c37d045a916713763e8de652cd9519333e6f53d7b2e1d6eb,65534,0,0,2,0,0,0,0,0,0,0,0,0,0,0,0
625,21-2-17_16PCC_10,21-2-17_16PCC,2017-02-21,16PCC,10,patches/S2_21-2-17_16PCC/S2_21-2-17_16PCC_10.tif,patches/S2_21-2-17_16PCC/S2_21-2-17_16PCC_10_cl.tif,patches/S2_21-2-17_16PCC/S2_21-2-17_16PCC_10_conf.tif,train,-88.6103739604069,15.830973134464625,EPSG:32616,10.0,10.0,11,float32,,"(1.0, 1.0, 1.0, 1.0, 1.0, 1.0, 1.0, 1.0, 1.0, 1.0, 1.0)","(0.0, 0.0, 0.0, 0.0, 0.0, 0.0, 0.0, 0.0, 0.0, 0.0, 0.0)",326260.0,1749620.0,328820.0,1752180.0,65536,216,65536,216,0,0,0,0,0,0,5cdd07cdf0844eb19bd355d85200da74bba30957298054d57837268fbfba947c,e9a4e48be826a61ce8986c29515995efd6696039fea4acc74b50d58a19a9fe29,eca06b4a5412fa2dab5e9d7934698deb16cb299653e0106c58244bb9cf252fab,65320,0,0,0,0,100,96,20,0,0,0,0,0,0,0,0
626,21-2-17_16PCC_11,21-2-17_16PCC,2017-02-21,16PCC,11,patches/S2_21-2-17_16PCC/S2_21-2-17_16PCC_11.tif,patches/S2_21-2-17_16PCC/S2_21-2-17_16PCC_11_cl.tif,patches/S2_21-2-17_16PCC/S2_21-2-17_16PCC_11_conf.tif,train,-88.61019082956632,15.80783848535533,EPSG:32616,10.0,10.0,11,float32,,"(1.0, 1.0, 1.0, 1.0, 1.0, 1.0, 1.0, 1.0, 1.0, 1.0, 1.0)","(0.0, 0.0, 0.0, 0.0, 0.0, 0.0, 0.0, 0.0, 0.0, 0.0, 0.0)",326260.0,1747060.0,328820.0,1749620.0,65536,5,65536,5,0,0,0,0,0,0,8ab7c051db424e6f36a8168faee08cf0f6754f183e098e392ec4365658f438db,2580f45c0259a9c13732298c2a17b11e3755bbe9d7bf349ce7bce9ef2ba5815b,7db5e589718b30ede248f55d5d835d3921039e8e28b2fd282e75c099464177a0,65531,0,0,0,3,0,0,0,0,0,0,0,0,0,0,2
627,21-2-17_16PCC_12,21-2-17_16PCC,2017-02-21,16PCC,12,patches/S2_21-2-17_16PCC/S2_21-2-17_16PCC_12.tif,patches/S2_21-2-17_16PCC/S2_21-2-17_16PCC_12_cl.tif,patches/S2_21-2-17_16PCC/S2_21-2-17_16PCC_12_conf.tif,train,-88.58647618303951,15.831149249562984,EPSG:32616,10.0,10.0,11,float32,,"(1.0, 1.0, 1.0, 1.0, 1.0, 1.0, 1.0, 1.0, 1.0, 1.0, 1.0)","(0.0, 0.0, 0.0, 0.0, 0.0, 0.0, 0.0, 0.0, 0.0, 0.0, 0.0)",328820.0,1749620.0,331380.0,1752180.0,65536,135,65536,135,0,0,0,0,0,0,b5ec1231ad566e264359f3589d50ccf4d50a2441fc4e8d207f505cfd4a348076,920c94dbca4255bda233f3ded2ec3a1f4cb05b941045aca0dd70e9627182a293,95ecfaf732e7cb902d2cfabb24a5641f92cf905b4b0e2dab1485bde53a8f267e,65401,0,0,0,0,115,0,20,0,0,0,0,0,0,0,0
628,21-2-17_16PCC_13,21-2-17_16PCC,2017-02-21,16PCC,13,patches/S2_21-2-17_16PCC/S2_21-2-17_16PCC_13.tif,patches/S2_21-2-17_16PCC/S2_21-2-17_16PCC_13_cl.tif,patches/S2_21-2-17_16PCC/S2_21-2-17_16PCC_13_conf.tif,train,-88.29923813170218,15.763643706557446,EPSG:32616,10.0,10.0,11,float32,,"(1.0, 1.0, 1.0, 1.0, 1.0, 1.0, 1.0, 1.0, 1.0, 1.0, 1.0)","(0.0, 0.0, 0.0, 0.0, 0.0, 0.0, 0.0, 0.0, 0.0, 0.0, 0.0)",359540.0,1741940.0,362100.0,1744500.0,65536,538,65536,538,0,0,0,0,0,0,39ad2705e5de2fd6c50fd17d7463b71f951ebfb4919c42932cb84dd5ec156399,bafcaa3f8e2a21f5f4868ecad5753c3bc0b6940e46f338dded39ee6b0bcdca18,8b1e644ab5d5736449bd9bf5d51dcc77064c350c00648a8a4f3cb1053f80c498,64998,0,0,0,0,0,0,0,0,0,538,0,0,0,0,0
629,21-2-17_16PCC_14,21-2-17_16PCC,2017-02-21,16PCC,14,patches/S2_21-2-17_16PCC/S2_21-2-17_16PCC_14.tif,patches/S2_21-2-17_16PCC/S2_21-2-17_16PCC_14_cl.tif,patches/S2_21-2-17_16PCC/S2_21-2-17_16PCC_14_conf.tif,train,-88.27577957350324,15.833199313530708,EPSG:32616,10.0,10.0,11,float32,,"(1.0, 1.0, 1.0, 1.0, 1.0, 1.0, 1.0, 1.0, 1.0, 1.0, 1.0)","(0.0, 0.0, 0.0, 0.0, 0.0, 0.0, 0.0, 0.0, 0.0, 0.0, 0.0)",362100.0,1749620.0,364660.0,1752180.0,65536,395,65536,395,0,0,0,0,0,0,287dc48750b9ae63950c5dd04bcaac22c9c64513f3494fa5c44a5ea40cda188c,5b2189cff491ce5ae1320041b1fa150c5877e9f2379defe33351ab807e6d5dce,c57f311a4f62e64313d0691315b5e85b7008b9ac784f38298def27185ddd7cec,65141,0,0,0,0,0,326,49,0,0,0,0,0,20,0,0
630,21-2-17_16PCC_15,21-2-17_16PCC,2017-02-21,16PCC,15,patches/S2_21-2-17_16PCC/S2_21-2-17_16PCC_15.tif,patches/S2_21-2-17_16PCC/S2_21-2-17_16PCC_15_cl.tif,patches/S2_21-2-17_16PCC/S2_21-2-17_16PCC_15_conf.tif,train,-88.27548959442707,15.786923128313937,EPSG:32616,10.0,10.0,11,float32,,"(1.0, 1.0, 1.0, 1.0, 1.0, 1.0, 1.0, 1.0, 1.0, 1.0, 1.0)","(0.0, 0.0, 0.0, 0.0, 0.0, 0.0, 0.0, 0.0, 0.0, 0.0, 0.0)",362100.0,1744500.0,364660.0,1747060.0,65536,196,65536,196,0,0,0,0,0,0,a0a426d69fbb61d9ec5cb0334fd17b5ccd3f1cf50d580896657dd1c6a5d33087,7e4daa0ac0b52d18575387b3ff2894d78ccda820d9b4f25b4f35e25185adfc9e,d8307fd3aa33c514a9d41ba084ce387a78a1fd963f4ecac089af12ebf74bd3a8,65340,0,0,0,0,0,166,30,0,0,0,0,0,0,0,0
631,21-2-17_16PCC_16,21-2-17_16PCC,2017-02-21,16PCC,16,patches/S2_21-2-17_16PCC/S2_21-2-17_16PCC_16.tif,patches/S2_21-2-17_16PCC/S2_21-2-17_16PCC_16_cl.tif,patches/S2_21-2-17_16PCC/S2_21-2-17_16PCC_16_conf.tif,train,-88.27534496436107,15.76378496000211,EPSG:32616,10.0,10.0,11,float32,,"(1.0, 1.0, 1.0, 1.0, 1.0, 1.0, 1.0, 1.0, 1.0, 1.0, 1.0)","(0.0, 0.0, 0.0, 0.0, 0.0, 0.0, 0.0, 0.0, 0.0, 0.0, 0.0)",362100.0,1741940.0,364660.0,1744500.0,65536,570,65536,570,0,0,0,0,0,0,0f2d659a857c33ec293668f5ed84ff4fb3bba6c6e58d2e22b5316cb1b79a5eed,ac1f3c299ec925d8d6c3f0a6fb5f0897682157a6f8ec02ab8e60007bb7cff959,24b4750ed802b2c982808a9633c711fe2a393c0853dc3f5e77396eedef9de2be,64966,0,0,0,0,0,0,38,0,0,532,0,0,0,0,0
632,21-2-17_16PCC_17,21-2-17_16PCC,2017-02-21,16PCC,17,patches/S2_21-2-17_16PCC/S2_21-2-17_16PCC_17.tif,patches/S2_21-2-17_16PCC/S2_21-2-17_16PCC_17_cl.tif,patches/S2_21-2-17_16PCC/S2_21-2-17_16PCC_17_conf.tif,train,-88.22728017879169,15.717782271872943,EPSG:32616,10.0,10.0,11,float32,,"(1.0, 1.0, 1.0, 1.0, 1.0, 1.0, 1.0, 1.0, 1.0, 1.0, 1.0)","(0.0, 0.0, 0.0, 0.0, 0.0, 0.0, 0.0, 0.0, 0.0, 0.0, 0.0)",367220.0,1736820.0,369780.0,1739380.0,65536,37,65536,37,0,0,0,0,0,0,8ecc3e084dd5f26f5a68b5ebac5cfeed42fd158edef792d6ee03e725204596ba,4eb07374717946911e08a56a2706a756eac2df7ef54863d076758ef034791675,e5d514c424c34eba10522968dbc628d1e2d951c4c944d38527f8e85f263ffcbc,65499,0,0,0,0,0,0,0,0,0,37,0,0,0,0,0
633,21-2-17_16PCC_18,21-2-17_16PCC,2017-02-21,16PCC,18,patches/S2_21-2-17_16PCC/S2_21-2-17_16PCC_18.tif,patches/S2_21-2-17_16PCC/S2_21-2-17_16PCC_18_cl.tif,patches/S2_21-2-17_16PCC/S2_21-2-17_16PCC_18_conf.tif,train,-88.20490074930039,15.97244035941922,EPSG:32616,10.0,10.0,11,float32,,"(1.0, 1.0, 1.0, 1.0, 1.0, 1.0, 1.0, 1.0, 1.0, 1.0, 1.0)","(0.0, 0.0, 0.0, 0.0, 0.0, 0.0, 0.0, 0.0, 0.0, 0.0, 0.0)",369780.0,1764980.0,372340.0,1767540.0,65536,757,65536,757,0,0,0,0,0,0,10779292eed7ea467f9ad0436572594d4c6488ba3662bc63a9ceae5c7f9229dc,781292e2a4a9192394b5e0ab60ce1c2a4512477314b3e5083e789419dd731e51,07feef5320467a9dfffb60fd804365a4f4474c31009c11d7eb3cf46b37b26d59,64779,0,0,0,0,0,743,14,0,0,0,0,0,0,0,0
634,21-2-17_16PCC_19,21-2-17_16PCC,2017-02-21,16PCC,19,patches/S2_21-2-17_16PCC/S2_21-2-17_16PCC_19.tif,patches/S2_21-2-17_16PCC/S2_21-2-17_16PCC_19_cl.tif,patches/S2_21-2-17_16PCC/S2_21-2-17_16PCC_19_conf.tif,train,-88.0134293320556,15.950286768431202,EPSG:32616,10.0,10.0,11,float32,,"(1.0, 1.0, 1.0, 1.0, 1.0, 1.0, 1.0, 1.0, 1.0, 1.0, 1.0)","(0.0, 0.0, 0.0, 0.0, 0.0, 0.0, 0.0, 0.0, 0.0, 0.0, 0.0)",390260.0,1762420.0,392820.0,1764980.0,65536,3778,65536,3778,0,0,0,0,0,0,8001907128b5b292e3eeb4ad1f5a5a900bf5655867a61ee3d0415fa18e8fe3cd,e1509dea29f124606a39f5053b267d5f93fed8842328bc2cde8b09524853ba9b,d28fc3f1a4a7d7ceac917d8773c914d0a2d8e37f8df941681931380cac13db82,61758,0,0,0,0,0,0,3778,0,0,0,0,0,0,0,0
635,21-2-17_16PCC_2,21-2-17_16PCC,2017-02-21,16PCC,2,patches/S2_21-2-17_16PCC/S2_21-2-17_16PCC_2.tif,patches/S2_21-2-17_16PCC/S2_21-2-17_16PCC_2_cl.tif,patches/S2_21-2-17_16PCC/S2_21-2-17_16PCC_2_conf.tif,train,-88.65816860256271,15.830613013175997,EPSG:32616,10.0,10.0,11,float32,,"(1.0, 1.0, 1.0, 1.0, 1.0, 1.0, 1.0, 1.0, 1.0, 1.0, 1.0)","(0.0, 0.0, 0.0, 0.0, 0.0, 0.0, 0.0, 0.0, 0.0, 0.0, 0.0)",321140.0,1749620.0,323700.0,1752180.0,65536,57,65536,57,0,0,0,0,0,0,d3ef40152ef973e0aebbeb2adc8123a8d188f37c4a745236133efd6905c1d7b0,5f23832ad34f93e7b0fe747b2025325f01ede83a01f2a1ca45a90e0779715242,bed5a2d583768781a6e764e587a95c00f91450deb1bde790f45f7529a68c2ab7,65479,0,0,0,0,12,0,15,0,0,0,0,0,0,30,0
636,21-2-17_16PCC_20,21-2-17_16PCC,2017-02-21,16PCC,20,patches/S2_21-2-17_16PCC/S2_21-2-17_16PCC_20.tif,patches/S2_21-2-17_16PCC/S2_21-2-17_16PCC_20_cl.tif,patches/S2_21-2-17_16PCC/S2_21-2-17_16PCC_20_conf.tif,train,-87.98917205658198,15.880977429823531,EPSG:32616,10.0,10.0,11,float32,,"(1.0, 1.0, 1.0, 1.0, 1.0, 1.0, 1.0, 1.0, 1.0, 1.0, 1.0)","(0.0, 0.0, 0.0, 0.0, 0.0, 0.0, 0.0, 0.0, 0.0, 0.0, 0.0)",392820.0,1754740.0,395380.0,1757300.0,65536,4,65536,4,0,0,0,0,0,0,009e2a67455c719bafb12c2c480e17f425ec04bf3e5c60b87b8edbd6c29bc76b,d78ac47d13550cc8a8a2dd1ce2067e3a72567b09ed94300f06e41694f2fbfccf,e5d5d699d7d53688175c9712e541084e1edb83f7cb2880d9f640cafbc5e57234,65532,0,0,0,0,0,0,4,0,0,0,0,0,0,0,0
637,21-2-17_16PCC_21,21-2-17_16PCC,2017-02-21,16PCC,21,patches/S2_21-2-17_16PCC/S2_21-2-17_16PCC_21.tif,patches/S2_21-2-17_16PCC/S2_21-2-17_16PCC_21_cl.tif,patches/S2_21-2-17_16PCC/S2_21-2-17_16PCC_21_conf.tif,train,-87.98905918520926,15.857837163224328,EPSG:32616,10.0,10.0,11,float32,,"(1.0, 1.0, 1.0, 1.0, 1.0, 1.0, 1.0, 1.0, 1.0, 1.0, 1.0)","(0.0, 0.0, 0.0, 0.0, 0.0, 0.0, 0.0, 0.0, 0.0, 0.0, 0.0)",392820.0,1752180.0,395380.0,1754740.0,65536,119,65536,119,0,0,0,0,0,0,2063ff68f64915bc6bd9759994a05b5b79ee884476ef157457ca3ed822541a1c,eca251184f2ae41c3c80d0f9b2ded9e147cdb15c7798493219bc1c0889007a90,d20e2b03d05388d36a4512a89e602857b764152ff96110cf401c6aff5a256884,65417,0,0,0,0,101,0,18,0,0,0,0,0,0,0,0
638,21-2-17_16PCC_22,21-2-17_16PCC,2017-02-21,16PCC,22,patches/S2_21-2-17_16PCC/S2_21-2-17_16PCC_22.tif,patches/S2_21-2-17_16PCC/S2_21-2-17_16PCC_22_cl.tif,patches/S2_21-2-17_16PCC/S2_21-2-17_16PCC_22_conf.tif,train,-87.96570492905697,15.973646664940869,EPSG:32616,10.0,10.0,11,float32,,"(1.0, 1.0, 1.0, 1.0, 1.0, 1.0, 1.0, 1.0, 1.0, 1.0, 1.0)","(0.0, 0.0, 0.0, 0.0, 0.0, 0.0, 0.0, 0.0, 0.0, 0.0, 0.0)",395380.0,1764980.0,397940.0,1767540.0,65536,44,65536,44,0,0,0,0,0,0,8a35e9c260da948d24bed83e76f5c30ea0b609bb2eac3250eb79e73e3f148bc6,d46c626d2810e5e54062dbd4d30050786261708d7d591515ee39dcb9eacf532d,2cccf262a41f48c9c54f47e9c2f116c1974bcbfe6e832a4d089bce7f16115212,65492,0,0,0,0,36,0,8,0,0,0,0,0,0,0,0
639,21-2-17_16PCC_23,21-2-17_16PCC,2017-02-21,16PCC,23,patches/S2_21-2-17_16PCC/S2_21-2-17_16PCC_23.tif,patches/S2_21-2-17_16PCC/S2_21-2-17_16PCC_23_cl.tif,patches/S2_21-2-17_16PCC/S2_21-2-17_16PCC_23_conf.tif,train,-87.96559405763448,15.950506434005245,EPSG:32616,10.0,10.0,11,float32,,"(1.0, 1.0, 1.0, 1.0, 1.0, 1.0, 1.0, 1.0, 1.0, 1.0, 1.0)","(0.0, 0.0, 0.0, 0.0, 0.0, 0.0, 0.0, 0.0, 0.0, 0.0, 0.0)",395380.0,1762420.0,397940.0,1764980.0,65536,10,65536,10,0,0,0,0,0,0,ba4ed6bcede4ab85be5ea6e5fb04e1728f30c3748fed0fb932faea10bc35cadd,1dc89d69156837083ebd35917a1a98513d64d4992326747231f1f2e533a7767c,e31164c16111ecdb9b95220a08da84fac5bc80446a89b67248e7ed549160b66b,65526,0,0,0,0,0,0,10,0,0,0,0,0,0,0,0
640,21-2-17_16PCC_24,21-2-17_16PCC,2017-02-21,16PCC,24,patches/S2_21-2-17_16PCC/S2_21-2-17_16PCC_24.tif,patches/S2_21-2-17_16PCC/S2_21-2-17_16PCC_24_cl.tif,patches/S2_21-2-17_16PCC/S2_21-2-17_16PCC_24_conf.tif,train,-87.91775805537996,15.950715484054374,EPSG:32616,10.0,10.0,11,float32,,"(1.0, 1.0, 1.0, 1.0, 1.0, 1.0, 1.0, 1.0, 1.0, 1.0, 1.0)","(0.0, 0.0, 0.0, 0.0, 0.0, 0.0, 0.0, 0.0, 0.0, 0.0, 0.0)",400500.0,1762420.0,403060.0,1764980.0,65536,87,65536,87,0,0,0,0,0,0,ff0434ae04b2656d906dae960a6710fae61c1553b87cb87a3b15b26cf83983b8,f284b85d24eba383b0d66ae9cdc0b31628668143be31f35c42d4b7667b324272,dee1d5a2eab0d5dca25c2d06cb28300c1ab07a5606e0944ab5b6758922580c8e,65449,0,0,0,0,68,0,19,0,0,0,0,0,0,0,0
641,21-2-17_16PCC_3,21-2-17_16PCC,2017-02-21,16PCC,3,patches/S2_21-2-17_16PCC/S2_21-2-17_16PCC_3.tif,patches/S2_21-2-17_16PCC/S2_21-2-17_16PCC_3_cl.tif,patches/S2_21-2-17_16PCC/S2_21-2-17_16PCC_3_conf.tif,train,-88.65798004252389,15.807478917017123,EPSG:32616,10.0,10.0,11,float32,,"(1.0, 1.0, 1.0, 1.0, 1.0, 1.0, 1.0, 1.0, 1.0, 1.0, 1.0)","(0.0, 0.0, 0.0, 0.0, 0.0, 0.0, 0.0, 0.0, 0.0, 0.0, 0.0)",321140.0,1747060.0,323700.0,1749620.0,65536,108,65536,108,0,0,0,0,0,0,26f15b09dfe2708165594fe39ed939f89e2261a093eb449da45dcc0c6ee6a019,46b07f7196820f1d96c860cc290391141b7aaf6eb0f4ed82e34e056ca8fbf53d,e8007731a403a590225857d4cd29f5d2924c0f66d570caec618f872104e90f13,65428,0,0,0,0,0,0,0,0,0,108,0,0,0,0,0
642,21-2-17_16PCC_4,21-2-17_16PCC,2017-02-21,16PCC,4,patches/S2_21-2-17_16PCC/S2_21-2-17_16PCC_4.tif,patches/S2_21-2-17_16PCC/S2_21-2-17_16PCC_4_cl.tif,patches/S2_21-2-17_16PCC/S2_21-2-17_16PCC_4_conf.tif,train,-88.63501789064833,15.923331372989804,EPSG:32616,10.0,10.0,11,float32,,"(1.0, 1.0, 1.0, 1.0, 1.0, 1.0, 1.0, 1.0, 1.0, 1.0, 1.0)","(0.0, 0.0, 0.0, 0.0, 0.0, 0.0, 0.0, 0.0, 0.0, 0.0, 0.0)",323700.0,1759860.0,326260.0,1762420.0,65536,31,65536,31,0,0,0,0,0,0,632c556280d8c666c926faecdccf647fbb26c10e2ac273a5db29bb2987c3da8c,f5149c4e66db2fb29bc6657dbecb339530f4c27581c61a88d36323c940f0859d,b1e138b6d6710ff65a72c249819ff02ae3cd487a449019e66e517c235a684112,65505,0,0,0,0,4,0,11,0,0,0,0,0,0,16,0
643,21-2-17_16PCC_5,21-2-17_16PCC,2017-02-21,16PCC,5,patches/S2_21-2-17_16PCC/S2_21-2-17_16PCC_5.tif,patches/S2_21-2-17_16PCC/S2_21-2-17_16PCC_5_cl.tif,patches/S2_21-2-17_16PCC/S2_21-2-17_16PCC_5_conf.tif,train,-88.63445758778226,15.853928712215781,EPSG:32616,10.0,10.0,11,float32,,"(1.0, 1.0, 1.0, 1.0, 1.0, 1.0, 1.0, 1.0, 1.0, 1.0, 1.0)","(0.0, 0.0, 0.0, 0.0, 0.0, 0.0, 0.0, 0.0, 0.0, 0.0, 0.0)",323700.0,1752180.0,326260.0,1754740.0,65536,158,65536,158,0,0,0,0,0,0,b0bc8e6263f7bd6c8a4677c80c24c6ce5136e0a8909a6f068c1706b73135846c,8772421a09b054c372d2c7576661d7dcacc39d4a9acf43961def7b35ed54d986,166361e4c6fbef64a5b971ff6f4cbb203f693cbd612d5c46c680730c4fc58355,65378,0,0,0,0,96,34,28,0,0,0,0,0,0,0,0
644,21-2-17_16PCC_6,21-2-17_16PCC,2017-02-21,16PCC,6,patches/S2_21-2-17_16PCC/S2_21-2-17_16PCC_6.tif,patches/S2_21-2-17_16PCC/S2_21-2-17_16PCC_6_cl.tif,patches/S2_21-2-17_16PCC/S2_21-2-17_16PCC_6_conf.tif,train,-88.63427143507667,15.830794388952006,EPSG:32616,10.0,10.0,11,float32,,"(1.0, 1.0, 1.0, 1.0, 1.0, 1.0, 1.0, 1.0, 1.0, 1.0, 1.0)","(0.0, 0.0, 0.0, 0.0, 0.0, 0.0, 0.0, 0.0, 0.0, 0.0, 0.0)",323700.0,1749620.0,326260.0,1752180.0,65536,5,65536,5,0,0,0,0,0,0,57aa115bf474ae72728d6ae08d2c383bb033d163571d26e6a45fc9adf4002da1,edfe638ff729f593f3b5271e48a181f01122a28bf584611ea044025729c7d594,1f34df9a40c990118602001f4a16c9d62abb0dc27bbc1a5fecc4e801717b7a21,65531,1,0,0,0,0,0,0,0,0,0,0,0,0,0,4
645,21-2-17_16PCC_7,21-2-17_16PCC,2017-02-21,16PCC,7,patches/S2_21-2-17_16PCC/S2_21-2-17_16PCC_7.tif,patches/S2_21-2-17_16PCC/S2_21-2-17_16PCC_7_cl.tif,patches/S2_21-2-17_16PCC/S2_21-2-17_16PCC_7_conf.tif,train,-88.63408558955487,15.807660014298834,EPSG:32616,10.0,10.0,11,float32,,"(1.0, 1.0, 1.0, 1.0, 1.0, 1.0, 1.0, 1.0, 1.0, 1.0, 1.0)","(0.0, 0.0, 0.0, 0.0, 0.0, 0.0, 0.0, 0.0, 0.0, 0.0, 0.0)",323700.0,1747060.0,326260.0,1749620.0,65536,2,65536,2,0,0,0,0,0,0,834f00d1297dad4dcb99023c6228144fd9f2d732e2ab348f1fa71a70d9764d4b,33b20e19c5dc5dae5913d02b5c65690418f4da1e9817fb9563880f7930d8db76,1c278dce369f2abfcb7844c468cba70ea49fbef4d10fc8be3ebbb7824e7845f0,65534,2,0,0,0,0,0,0,0,0,0,0,0,0,0,0
646,21-2-17_16PCC_8,21-2-17_16PCC,2017-02-21,16PCC,8,patches/S2_21-2-17_16PCC/S2_21-2-17_16PCC_8.tif,patches/S2_21-2-17_16PCC/S2_21-2-17_16PCC_8_cl.tif,patches/S2_21-2-17_16PCC/S2_21-2-17_16PCC_8_conf.tif,train,-88.61110951236864,15.923511216929313,EPSG:32616,10.0,10.0,11,float32,,"(1.0, 1.0, 1.0, 1.0, 1.0, 1.0, 1.0, 1.0, 1.0, 1.0, 1.0)","(0.0, 0.0, 0.0, 0.0, 0.0, 0.0, 0.0, 0.0, 0.0, 0.0, 0.0)",326260.0,1759860.0,328820.0,1762420.0,65536,1,65536,1,0,0,0,0,0,0,3fd5c0d28954e67581ce9050debc7079c9bb9f6f96d375ae328edfaa0985b3ed,a30994482b76b8881b991a8befc2e02b95ade300e8e70126e4085fef72ad8690,a97bc34dbc11f6a829f34268d71be6699c522b9393070fed5b9341e7501ff0cf,65535,1,0,0,0,0,0,0,0,0,0,0,0,0,0,0
647,21-2-17_16PCC_9,21-2-17_16PCC,2017-02-21,16PCC,9,patches/S2_21-2-17_16PCC/S2_21-2-17_16PCC_9.tif,patches/S2_21-2-17_16PCC/S2_21-2-17_16PCC_9_cl.tif,patches/S2_21-2-17_16PCC/S2_21-2-17_16PCC_9_conf.tif,train,-88.61074113034321,15.877242278627419,EPSG:32616,10.0,10.0,11,float32,,"(1.0, 1.0, 1.0, 1.0, 1.0, 1.0, 1.0, 1.0, 1.0, 1.0, 1.0)","(0.0, 0.0, 0.0, 0.0, 0.0, 0.0, 0.0, 0.0, 0.0, 0.0, 0.0)",326260.0,1754740.0,328820.0,1757300.0,65536,198,65536,198,0,0,0,0,0,0,33e5a2b2590ff6ab5092979ac89c7b9cd5accb21714d95aa200ab6f3dc07524a,33a8b1f0c2d2af0bd6739f780166da5ab8cdd1b8d4b949b316383db2dc036a4f,5c1da0c76d6b96f028700ec2dc0c5fd5f7e3d01e9bc6f4285146ca9ab947a0df,65338,0,0,0,0,0,0,0,0,0,198,0,0,0,0,0
648,21-2-18_16PCC_0,21-2-18_16PCC,2018-02-21,16PCC,0,patches/S2_21-2-18_16PCC/S2_21-2-18_16PCC_0.tif,patches/S2_21-2-18_16PCC/S2_21-2-18_16PCC_0_cl.tif,patches/S2_21-2-18_16PCC/S2_21-2-18_16PCC_0_conf.tif,val,-88.3136985031597,15.777114792734546,EPSG:32616,10.0,10.0,11,float32,,"(1.0, 1.0, 1.0, 1.0, 1.0, 1.0, 1.0, 1.0, 1.0, 1.0, 1.0)","(0.0, 0.0, 0.0, 0.0, 0.0, 0.0, 0.0, 0.0, 0.0, 0.0, 0.0)",358000.0,1743440.0,360560.0,1746000.0,65536,287,65536,287,0,0,0,0,0,0,eb573211330c6df57e6ab5d475a92985fe7d70f5e8df43e2566549b11dff4656,cd2995bb9f06f690e352a5e3ae3c194ee3add551f5fa77b180fab0db1eeca406,d182d96903f7bf068143a32040dab6e6474e083c75a345d2e1337f432e99f3db,65249,0,0,0,0,0,0,0,287,0,0,0,0,0,0,0
649,21-2-18_16PCC_1,21-2-18_16PCC,2018-02-21,16PCC,1,patches/S2_21-2-18_16PCC/S2_21-2-18_16PCC_1.tif,patches/S2_21-2-18_16PCC/S2_21-2-18_16PCC_1_cl.tif,patches/S2_21-2-18_16PCC/S2_21-2-18_16PCC_1_conf.tif,val,-88.28980389605297,15.777257751355044,EPSG:32616,10.0,10.0,11,float32,,"(1.0, 1.0, 1.0, 1.0, 1.0, 1.0, 1.0, 1.0, 1.0, 1.0, 1.0)","(0.0, 0.0, 0.0, 0.0, 0.0, 0.0, 0.0, 0.0, 0.0, 0.0, 0.0)",360560.0,1743440.0,363120.0,1746000.0,65536,1252,65536,1252,0,0,0,0,0,0,92b4f5ec72b0a18d3bdda93dafe056151a7ca7d2eda2069cd78505bcdb5ba5b3,7f9c7ae6102e03ba24f8d3e061ca65efc4261b51b042b6e2ff827888223cce58,d21a4d50be9cb16fedfd1090a1d68467df6619d39493739f5f509f7257e4bb66,64284,0,0,0,0,0,0,0,0,0,1252,0,0,0,0,0
650,21-2-18_16PCC_10,21-2-18_16PCC,2018-02-21,16PCC,10,patches/S2_21-2-18_16PCC/S2_21-2-18_16PCC_10.tif,patches/S2_21-2-18_16PCC/S2_21-2-18_16PCC_10_cl.tif,patches/S2_21-2-18_16PCC/S2_21-2-18_16PCC_10_conf.tif,val,-88.14617169610766,15.731781786904588,EPSG:32616,10.0,10.0,11,float32,,"(1.0, 1.0, 1.0, 1.0, 1.0, 1.0, 1.0, 1.0, 1.0, 1.0, 1.0)","(0.0, 0.0, 0.0, 0.0, 0.0, 0.0, 0.0, 0.0, 0.0, 0.0, 0.0)",375920.0,1738320.0,378480.0,1740880.0,65536,160,65536,160,0,0,0,0,0,0,9f549e297e85de229a2137d997469a26493c95518a7f7b368aaaa920ea732118,97f7da288f0b880a1dc8e9c7f4e22fd21f40a367c4e3ea230d88da2f3f7f54ee,8196cddcf1362e9ef669b6b5aa7562ed13a59467b6cc189bea9cf01895970864,65376,0,0,0,0,0,0,160,0,0,0,0,0,0,0,0
651,21-2-18_16PCC_11,21-2-18_16PCC,2018-02-21,16PCC,11,patches/S2_21-2-18_16PCC/S2_21-2-18_16PCC_11.tif,patches/S2_21-2-18_16PCC/S2_21-2-18_16PCC_11_cl.tif,patches/S2_21-2-18_16PCC/S2_21-2-18_16PCC_11_conf.tif,val,-88.12215410322267,15.708766414924874,EPSG:32616,10.0,10.0,11,float32,,"(1.0, 1.0, 1.0, 1.0, 1.0, 1.0, 1.0, 1.0, 1.0, 1.0, 1.0)","(0.0, 0.0, 0.0, 0.0, 0.0, 0.0, 0.0, 0.0, 0.0, 0.0, 0.0)",378480.0,1735760.0,381040.0,1738320.0,65536,33,65536,33,0,0,0,0,0,0,ce250703cd7d210f2fe6b7045a422d159c3f1998b6b5bc91d475e73103bd2cc2,969710cee3c9f46e76e5aececa59af185bc7c220691afd659a292597e1f7bdbb,41d2178a1eefb42f502f763dc2ec23c31711ae52fb67856c4ef1e8f1cc12dd59,65503,0,0,0,0,0,0,0,0,0,33,0,0,0,0,0
652,21-2-18_16PCC_12,21-2-18_16PCC,2018-02-21,16PCC,12,patches/S2_21-2-18_16PCC/S2_21-2-18_16PCC_12.tif,patches/S2_21-2-18_16PCC/S2_21-2-18_16PCC_12_cl.tif,patches/S2_21-2-18_16PCC/S2_21-2-18_16PCC_12_conf.tif,val,-88.07474206901571,15.778426354172026,EPSG:32616,10.0,10.0,11,float32,,"(1.0, 1.0, 1.0, 1.0, 1.0, 1.0, 1.0, 1.0, 1.0, 1.0, 1.0)","(0.0, 0.0, 0.0, 0.0, 0.0, 0.0, 0.0, 0.0, 0.0, 0.0, 0.0)",383600.0,1743440.0,386160.0,1746000.0,65536,54,65536,54,0,0,0,0,0,0,d007003dc2510e093d2b080017023ec009aaa085beb51beb5f0e42173f6d45a7,d39bb2d32fd2ba9f41ebb84e96e52a2a0d3ec2487d1f9372d0c603bd6eeeb709,552cfcf107215ebc704fec7f3e3426c5a2969f00340ad6babfeb776d199c6c29,65482,0,0,0,0,0,0,54,0,0,0,0,0,0,0,0
653,21-2-18_16PCC_2,21-2-18_16PCC,2018-02-21,16PCC,2,patches/S2_21-2-18_16PCC/S2_21-2-18_16PCC_2.tif,patches/S2_21-2-18_16PCC/S2_21-2-18_16PCC_2_cl.tif,patches/S2_21-2-18_16PCC/S2_21-2-18_16PCC_2_conf.tif,val,-88.26590904669627,15.777398087508493,EPSG:32616,10.0,10.0,11,float32,,"(1.0, 1.0, 1.0, 1.0, 1.0, 1.0, 1.0, 1.0, 1.0, 1.0, 1.0)","(0.0, 0.0, 0.0, 0.0, 0.0, 0.0, 0.0, 0.0, 0.0, 0.0, 0.0)",363120.0,1743440.0,365680.0,1746000.0,65536,403,65536,403,0,0,0,0,0,0,2b2470cc63791e8743583002266b95a282e6a74261b807fe94eb04079659a83e,d5bb8cf7287c49f7398420cb3ab8bf1996ef039f6b8544aacf251fb19890ab4c,8d7bcc22ff2cb3ecd13f2acf33bbca7016373fe5ef82c85765f6e4d27261af7a,65133,0,0,0,0,0,0,0,0,0,403,0,0,0,0,0
654,21-2-18_16PCC_3,21-2-18_16PCC,2018-02-21,16PCC,3,patches/S2_21-2-18_16PCC/S2_21-2-18_16PCC_3.tif,patches/S2_21-2-18_16PCC/S2_21-2-18_16PCC_3_cl.tif,patches/S2_21-2-18_16PCC/S2_21-2-18_16PCC_3_conf.tif,val,-88.2421549395026,15.800674237682772,EPSG:32616,10.0,10.0,11,float32,,"(1.0, 1.0, 1.0, 1.0, 1.0, 1.0, 1.0, 1.0, 1.0, 1.0, 1.0)","(0.0, 0.0, 0.0, 0.0, 0.0, 0.0, 0.0, 0.0, 0.0, 0.0, 0.0)",365680.0,1746000.0,368240.0,1748560.0,65536,9,65536,9,0,0,0,0,0,0,0d6e7afc03a575749a50f0a1d4103b73bfea2e7f373aca18b703c3090da2174e,e12bea3ce763904ca0ea05089df3dd9a8ac6f36ed29e5e6f6a040ea0d014f65d,1e39024f476b8646638b5d2fefeff0176d4ecf8128428c5bcdf0850816551e7c,65527,5,0,0,0,0,0,2,0,0,0,0,0,0,0,2
655,21-2-18_16PCC_4,21-2-18_16PCC,2018-02-21,16PCC,4,patches/S2_21-2-18_16PCC/S2_21-2-18_16PCC_4.tif,patches/S2_21-2-18_16PCC/S2_21-2-18_16PCC_4_cl.tif,patches/S2_21-2-18_16PCC/S2_21-2-18_16PCC_4_conf.tif,val,-88.24173269943543,15.731258776868305,EPSG:32616,10.0,10.0,11,float32,,"(1.0, 1.0, 1.0, 1.0, 1.0, 1.0, 1.0, 1.0, 1.0, 1.0, 1.0)","(0.0, 0.0, 0.0, 0.0, 0.0, 0.0, 0.0, 0.0, 0.0, 0.0, 0.0)",365680.0,1738320.0,368240.0,1740880.0,65536,144,65536,144,0,0,0,0,0,0,3ab1a64f6158c397b8f729873ea68e5e99ac3d5202de019c74f70f223b0553e5,c98c8da0ac9b9628da6be8ba87b877cb0d051f2da5f1aea797b36284880fe629,048643322284fa34999f3c7473ea052da92239a87b40ba3ab5a2ba7f362802a2,65392,0,0,0,0,0,0,0,0,144,0,0,0,0,0,0
656,21-2-18_16PCC_5,21-2-18_16PCC,2018-02-21,16PCC,5,patches/S2_21-2-18_16PCC/S2_21-2-18_16PCC_5.tif,patches/S2_21-2-18_16PCC/S2_21-2-18_16PCC_5_cl.tif,patches/S2_21-2-18_16PCC/S2_21-2-18_16PCC_5_conf.tif,val,-88.21825690841318,15.800809536687595,EPSG:32616,10.0,10.0,11,float32,,"(1.0, 1.0, 1.0, 1.0, 1.0, 1.0, 1.0, 1.0, 1.0, 1.0, 1.0)","(0.0, 0.0, 0.0, 0.0, 0.0, 0.0, 0.0, 0.0, 0.0, 0.0, 0.0)",368240.0,1746000.0,370800.0,1748560.0,65536,73,65536,73,0,0,0,0,0,0,91cdfb77c452f5fb067954d8f03d084c927c1d5eeb3d6ddccce1a56f5344798d,b57897d739634b718b25dbc06e636ce25c6a7a3bc712a930f341b5c89dc87017,9f57f63d09d51db6927d0f02a58e497e7805ae3ab13b744c42af3b3fa10a064a,65463,0,0,0,0,13,0,32,0,0,0,0,0,0,28,0
657,21-2-18_16PCC_6,21-2-18_16PCC,2018-02-21,16PCC,6,patches/S2_21-2-18_16PCC/S2_21-2-18_16PCC_6.tif,patches/S2_21-2-18_16PCC/S2_21-2-18_16PCC_6_cl.tif,patches/S2_21-2-18_16PCC/S2_21-2-18_16PCC_6_conf.tif,val,-88.19490312765373,15.893497100237688,EPSG:32616,10.0,10.0,11,float32,,"(1.0, 1.0, 1.0, 1.0, 1.0, 1.0, 1.0, 1.0, 1.0, 1.0, 1.0)","(0.0, 0.0, 0.0, 0.0, 0.0, 0.0, 0.0, 0.0, 0.0, 0.0, 0.0)",370800.0,1756240.0,373360.0,1758800.0,65536,804,65536,804,0,0,0,0,0,0,57f1ee540a1bf1ec411ea0227ec3edab8328b4a8fe9d7678815a1e702776ecc8,661dd26b396046264ba536b452d3cf9ad78f55521999a786f1672f007b76d7a4,9161252f59be9f6c11196eb574d739fbc2f90fa193802a6ccc6d20e3b2067ecc,64732,0,0,0,0,0,0,804,0,0,0,0,0,0,0,0
658,21-2-18_16PCC_7,21-2-18_16PCC,2018-02-21,16PCC,7,patches/S2_21-2-18_16PCC/S2_21-2-18_16PCC_7.tif,patches/S2_21-2-18_16PCC/S2_21-2-18_16PCC_7_cl.tif,patches/S2_21-2-18_16PCC/S2_21-2-18_16PCC_7_conf.tif,val,-88.19422308997093,15.777803359993076,EPSG:32616,10.0,10.0,11,float32,,"(1.0, 1.0, 1.0, 1.0, 1.0, 1.0, 1.0, 1.0, 1.0, 1.0, 1.0)","(0.0, 0.0, 0.0, 0.0, 0.0, 0.0, 0.0, 0.0, 0.0, 0.0, 0.0)",370800.0,1743440.0,373360.0,1746000.0,65536,775,65536,775,0,0,0,0,0,0,0c260c66f961024a1be82daf5e4013c966b3e1ee27897572137ad0101308d7a5,77668bb35abeb6936740858701c7d766a3a289847f39042fe8dab3948bb3cebb,5759662b60253fc9bbbeaaafbfa07e2bfa0654cd230ca5690c8a258ccce656d0,64761,0,0,0,0,0,0,0,0,0,775,0,0,0,0,0
659,21-2-18_16PCC_8,21-2-18_16PCC,2018-02-21,16PCC,8,patches/S2_21-2-18_16PCC/S2_21-2-18_16PCC_8.tif,patches/S2_21-2-18_16PCC/S2_21-2-18_16PCC_8_cl.tif,patches/S2_21-2-18_16PCC/S2_21-2-18_16PCC_8_conf.tif,val,-88.17006228080767,15.731654956722023,EPSG:32616,10.0,10.0,11,float32,,"(1.0, 1.0, 1.0, 1.0, 1.0, 1.0, 1.0, 1.0, 1.0, 1.0, 1.0)","(0.0, 0.0, 0.0, 0.0, 0.0, 0.0, 0.0, 0.0, 0.0, 0.0, 0.0)",373360.0,1738320.0,375920.0,1740880.0,65536,233,65536,233,0,0,0,0,0,0,8ae3b8fd72c15ccf9bdd5a24d6e8c5287ab8884904483b470acf8dcb095f7071,a36b27bca5517be5d460f18ce81fc91eb0dd1c39ca4b20a78d5f15a3b4eb2941,d913d3c0c5102027d2375ac7f13dff61865d2032e37562d2dee972af8eae5b31,65303,0,0,0,0,0,0,0,0,0,233,0,0,0,0,0
660,21-2-18_16PCC_9,21-2-18_16PCC,2018-02-21,16PCC,9,patches/S2_21-2-18_16PCC/S2_21-2-18_16PCC_9.tif,patches/S2_21-2-18_16PCC/S2_21-2-18_16PCC_9_cl.tif,patches/S2_21-2-18_16PCC/S2_21-2-18_16PCC_9_conf.tif,val,-88.1463014020029,15.754921132108647,EPSG:32616,10.0,10.0,11,float32,,"(1.0, 1.0, 1.0, 1.0, 1.0, 1.0, 1.0, 1.0, 1.0, 1.0, 1.0)","(0.0, 0.0, 0.0, 0.0, 0.0, 0.0, 0.0, 0.0, 0.0, 0.0, 0.0)",375920.0,1740880.0,378480.0,1743440.0,65536,52,65536,52,0,0,0,0,0,0,36b4e9ca9736beebbdeff340a4c3f7174421544f0c8687a8d78d94e862890a24,9f923ab68a42a7a524e178be35187496b452e543994e082938c18c91f187e990,903c08827f3bcb47db325dace83d93fb4e04c76af529c99135322923d82774ad,65484,0,0,0,0,0,0,52,0,0,0,0,0,0,0,0
661,22-12-20_18QYF_0,22-12-20_18QYF,2020-12-22,18QYF,0,patches/S2_22-12-20_18QYF/S2_22-12-20_18QYF_0.tif,patches/S2_22-12-20_18QYF/S2_22-12-20_18QYF_0_cl.tif,patches/S2_22-12-20_18QYF/S2_22-12-20_18QYF_0_conf.tif,test,-72.82087771510677,18.850888995208003,EPSG:32618,10.0,10.0,11,float32,,"(1.0, 1.0, 1.0, 1.0, 1.0, 1.0, 1.0, 1.0, 1.0, 1.0, 1.0)","(0.0, 0.0, 0.0, 0.0, 0.0, 0.0, 0.0, 0.0, 0.0, 0.0, 0.0)",728320.0,2084460.0,730880.0,2087020.0,65536,114,65536,114,0,0,0,0,0,0,54f4324ba23809ac642e2b987b29b43f935fa7b9e6f6c82d20f539e4dd51ad04,bc3ca3ef2d47a95a04e71d45fcd4e61db09a63fe5d5eec107d19fe1a98ca0804,c7596231e82dd15b88dbc820067abc1cd72efc595132bb4ee31889277ed92104,65422,28,0,0,0,0,0,86,0,0,0,0,0,0,0,0
662,22-12-20_18QYF_1,22-12-20_18QYF,2020-12-22,18QYF,1,patches/S2_22-12-20_18QYF/S2_22-12-20_18QYF_1.tif,patches/S2_22-12-20_18QYF/S2_22-12-20_18QYF_1_cl.tif,patches/S2_22-12-20_18QYF/S2_22-12-20_18QYF_1_conf.tif,test,-72.7965941011418,18.85060316082337,EPSG:32618,10.0,10.0,11,float32,,"(1.0, 1.0, 1.0, 1.0, 1.0, 1.0, 1.0, 1.0, 1.0, 1.0, 1.0)","(0.0, 0.0, 0.0, 0.0, 0.0, 0.0, 0.0, 0.0, 0.0, 0.0, 0.0)",730880.0,2084460.0,733440.0,2087020.0,65536,10,65536,10,0,0,0,0,0,0,1a3a0b5c6e8822b8123303a3fe8f2a77c2b41b131572b5279c417ee588dcbb3d,78d8dd58f0186121bbe05124af81eb05969949a82e287965e838830a9c1b00de,a3ae3574f0818e6d2585ad85b0bb05a5c4fc8d03a9c74b3477ef9818c61eb8b5,65526,2,0,0,2,0,0,4,0,0,0,0,0,0,0,2
663,22-3-20_18QWF_0,22-3-20_18QWF,2020-03-22,18QWF,0,patches/S2_22-3-20_18QWF/S2_22-3-20_18QWF_0.tif,patches/S2_22-3-20_18QWF/S2_22-3-20_18QWF_0_cl.tif,patches/S2_22-3-20_18QWF/S2_22-3-20_18QWF_0_conf.tif,train,-74.29957088022614,18.121058991689686,EPSG:32618,10.0,10.0,11,float32,,"(1.0, 1.0, 1.0, 1.0, 1.0, 1.0, 1.0, 1.0, 1.0, 1.0, 1.0)","(0.0, 0.0, 0.0, 0.0, 0.0, 0.0, 0.0, 0.0, 0.0, 0.0, 0.0)",572820.0,2002440.0,575380.0,2005000.0,65536,126,65536,126,0,0,0,0,0,0,99bd9e50bda04421ccc628cacdfdce91f2fd957128c7db626c70ab738d11ec2e,940e032c935210549ee1f1bfc0c317e7f4f41091d85b328fb8bd07763e7ff014,8a6e9323b480b72028ee76596251993ec0dd2ca944a20e7aa9d9dd3624d9a559,65410,0,0,0,0,0,0,17,0,0,0,0,109,0,0,0
664,22-3-20_18QWF_1,22-3-20_18QWF,2020-03-22,18QWF,1,patches/S2_22-3-20_18QWF/S2_22-3-20_18QWF_1.tif,patches/S2_22-3-20_18QWF/S2_22-3-20_18QWF_1_cl.tif,patches/S2_22-3-20_18QWF/S2_22-3-20_18QWF_1_conf.tif,train,-74.29966281863516,18.097922074009062,EPSG:32618,10.0,10.0,11,float32,,"(1.0, 1.0, 1.0, 1.0, 1.0, 1.0, 1.0, 1.0, 1.0, 1.0, 1.0)","(0.0, 0.0, 0.0, 0.0, 0.0, 0.0, 0.0, 0.0, 0.0, 0.0, 0.0)",572820.0,1999880.0,575380.0,2002440.0,65536,325,65536,325,0,0,0,0,0,0,defb9a4310243472d897de3012a34d6eb3ff70cef7b989ca4f6686a85c9fa847,10246ae21fd9d377145211a41b4434ad370d7e318a43495cf6a6cfcd7cab611e,1589b3f61bf02c04f076f54d69ca88718730f124d4d2a72644d330c9f09531e0,65211,0,0,0,0,0,0,48,0,0,0,0,277,0,0,0
665,22-3-20_18QWF_2,22-3-20_18QWF,2020-03-22,18QWF,2,patches/S2_22-3-20_18QWF/S2_22-3-20_18QWF_2.tif,patches/S2_22-3-20_18QWF/S2_22-3-20_18QWF_2_cl.tif,patches/S2_22-3-20_18QWF/S2_22-3-20_18QWF_2_conf.tif,train,-74.27537391760524,18.12096949623023,EPSG:32618,10.0,10.0,11,float32,,"(1.0, 1.0, 1.0, 1.0, 1.0, 1.0, 1.0, 1.0, 1.0, 1.0, 1.0)","(0.0, 0.0, 0.0, 0.0, 0.0, 0.0, 0.0, 0.0, 0.0, 0.0, 0.0)",575380.0,2002440.0,577940.0,2005000.0,65536,74,65536,74,0,0,0,0,0,0,8687b6f07c1193d5e4332ff0ed981a203ebda77db5548160b01dc8bce5437c18,0a06f6aeea8c2c70c0935a0f1f91dc9dedb2cb674ab1f67104c2c0f59eee54b9,f00f5ba57bf23abefa496661000759576624520748e1c8298260b155bdfc9e95,65462,0,0,0,0,0,0,11,0,0,0,0,63,0,0,0
666,22-3-20_18QWF_3,22-3-20_18QWF,2020-03-22,18QWF,3,patches/S2_22-3-20_18QWF/S2_22-3-20_18QWF_3.tif,patches/S2_22-3-20_18QWF/S2_22-3-20_18QWF_3_cl.tif,patches/S2_22-3-20_18QWF/S2_22-3-20_18QWF_3_conf.tif,train,-74.2754690314445,18.097832700506594,EPSG:32618,10.0,10.0,11,float32,,"(1.0, 1.0, 1.0, 1.0, 1.0, 1.0, 1.0, 1.0, 1.0, 1.0, 1.0)","(0.0, 0.0, 0.0, 0.0, 0.0, 0.0, 0.0, 0.0, 0.0, 0.0, 0.0)",575380.0,1999880.0,577940.0,2002440.0,65536,558,65536,558,0,0,0,0,0,0,228c036fa273a603c181ae68d7f94f645915c14c08e21af8dd688721f34c0762,9c23d538e7334c15be1fc8a87e69974441ee4f1cadb91309655ec5b403338b73,27f84e6eaf980e47e0fa4042720d88cfe408f2e0c20823c7b488eb13f7d105e4,64978,0,0,0,0,0,0,38,0,0,0,0,520,0,0,0
667,22-3-20_18QWF_4,22-3-20_18QWF,2020-03-22,18QWF,4,patches/S2_22-3-20_18QWF/S2_22-3-20_18QWF_4.tif,patches/S2_22-3-20_18QWF/S2_22-3-20_18QWF_4_cl.tif,patches/S2_22-3-20_18QWF/S2_22-3-20_18QWF_4_conf.tif,train,-74.2269804244917,18.12078138962987,EPSG:32618,10.0,10.0,11,float32,,"(1.0, 1.0, 1.0, 1.0, 1.0, 1.0, 1.0, 1.0, 1.0, 1.0, 1.0)","(0.0, 0.0, 0.0, 0.0, 0.0, 0.0, 0.0, 0.0, 0.0, 0.0, 0.0)",580500.0,2002440.0,583060.0,2005000.0,65536,3,65536,3,0,0,0,0,0,0,62024427698e23cddd6693a6c77c0ed0f08e32b2835fc4281e904d28700eb985,5fc46c8901fb72a47677afc3a6488fb8b8eb8b58086f318a1665ff72a2dbe1ec,845c6027820eefe9ad80d023921e799541348af18c5d6c40e093ce569f91fc40,65533,0,0,0,0,0,0,0,0,0,0,0,3,0,0,0
668,22-3-20_18QWF_5,22-3-20_18QWF,2020-03-22,18QWF,5,patches/S2_22-3-20_18QWF/S2_22-3-20_18QWF_5.tif,patches/S2_22-3-20_18QWF/S2_22-3-20_18QWF_5_cl.tif,patches/S2_22-3-20_18QWF/S2_22-3-20_18QWF_5_conf.tif,train,-74.20278390351015,18.120682778650192,EPSG:32618,10.0,10.0,11,float32,,"(1.0, 1.0, 1.0, 1.0, 1.0, 1.0, 1.0, 1.0, 1.0, 1.0, 1.0)","(0.0, 0.0, 0.0, 0.0, 0.0, 0.0, 0.0, 0.0, 0.0, 0.0, 0.0)",583060.0,2002440.0,585620.0,2005000.0,65536,699,65536,699,0,0,0,0,0,0,001a27bdca21f09da410474b3050b88632781fc83bc99bac1ff920959cc809a4,f1660af7bbeda3e049023210e6728511fa932587311e23cd8335671911c5d029,5ac2e2e1d963f8fa2e3afbd004e43e50d44379b464a4866c6d0d1e5b1faf9e88,64837,0,0,0,0,0,0,210,0,0,0,0,489,0,0,0
669,23-1-21_18QYF_0,23-1-21_18QYF,2021-01-23,18QYF,0,patches/S2_23-1-21_18QYF/S2_23-1-21_18QYF_0.tif,patches/S2_23-1-21_18QYF/S2_23-1-21_18QYF_0_cl.tif,patches/S2_23-1-21_18QYF/S2_23-1-21_18QYF_0_conf.tif,train,-72.86414390998391,18.548425112646548,EPSG:32618,10.0,10.0,11,float32,,"(1.0, 1.0, 1.0, 1.0, 1.0, 1.0, 1.0, 1.0, 1.0, 1.0, 1.0)","(0.0, 0.0, 0.0, 0.0, 0.0, 0.0, 0.0, 0.0, 0.0, 0.0, 0.0)",724160.0,2050920.0,726720.0,2053480.0,65536,73,65536,73,0,0,0,0,0,0,a5badfdb3be96b7a708df88b47beb30ee59212056b9f077399ceefef780a01b8,d1d73db3d1d171fa72eebff58cf8dba33c0354321118ed5cb241fc72b8be711b,f2aa78c58dac21201a6b497ce3e21a8a86e4dc73d48a452c8fd62781834eddcb,65463,0,0,61,0,0,0,12,0,0,0,0,0,0,0,0
670,23-1-21_18QYF_1,23-1-21_18QYF,2021-01-23,18QYF,1,patches/S2_23-1-21_18QYF/S2_23-1-21_18QYF_1.tif,patches/S2_23-1-21_18QYF/S2_23-1-21_18QYF_1_cl.tif,patches/S2_23-1-21_18QYF/S2_23-1-21_18QYF_1_conf.tif,train,-72.81624925601763,18.50162877648502,EPSG:32618,10.0,10.0,11,float32,,"(1.0, 1.0, 1.0, 1.0, 1.0, 1.0, 1.0, 1.0, 1.0, 1.0, 1.0)","(0.0, 0.0, 0.0, 0.0, 0.0, 0.0, 0.0, 0.0, 0.0, 0.0, 0.0)",729280.0,2045800.0,731840.0,2048360.0,65536,72,65536,72,0,0,0,0,0,0,a4f3a21c0301233be38d9bf1292dc92634cc3cd96d2bdddeab6a954758e3da7b,b526273b2aee277dc1e8250ddec48a286c513d452055a62c8ae94fba0c69560c,a4104b43146ef1aeb9becae53da733a13e22e43b6ac428a4eb5fd47c34dc5938,65464,0,0,38,0,0,0,34,0,0,0,0,0,0,0,0
671,23-1-21_18QYF_2,23-1-21_18QYF,2021-01-23,18QYF,2,patches/S2_23-1-21_18QYF/S2_23-1-21_18QYF_2.tif,patches/S2_23-1-21_18QYF/S2_23-1-21_18QYF_2_cl.tif,patches/S2_23-1-21_18QYF/S2_23-1-21_18QYF_2_conf.tif,train,-72.79171868771725,18.524467855804282,EPSG:32618,10.0,10.0,11,float32,,"(1.0, 1.0, 1.0, 1.0, 1.0, 1.0, 1.0, 1.0, 1.0, 1.0, 1.0)","(0.0, 0.0, 0.0, 0.0, 0.0, 0.0, 0.0, 0.0, 0.0, 0.0, 0.0)",731840.0,2048360.0,734400.0,2050920.0,65536,67,65536,67,0,0,0,0,0,0,ab019d0844228bb9f8b5122cf84c8262a61bd09a8576586ebf41506ef07ac781,87d546e3372ef6d36359f3cfec339157dbcd2f498c4100c317c623389c8c8d96,0ea6e6290df90fb6ccd9e477770728b3c3e4f1629af8d0017a273a2632464e30,65469,0,0,48,0,0,0,19,0,0,0,0,0,0,0,0
672,23-9-20_16PCC_0,23-9-20_16PCC,2020-09-23,16PCC,0,patches/S2_23-9-20_16PCC/S2_23-9-20_16PCC_0.tif,patches/S2_23-9-20_16PCC/S2_23-9-20_16PCC_0_cl.tif,patches/S2_23-9-20_16PCC/S2_23-9-20_16PCC_0_conf.tif,train,-88.30008842019025,15.779908122057371,EPSG:32616,10.0,10.0,11,float32,,"(1.0, 1.0, 1.0, 1.0, 1.0, 1.0, 1.0, 1.0, 1.0, 1.0, 1.0)","(0.0, 0.0, 0.0, 0.0, 0.0, 0.0, 0.0, 0.0, 0.0, 0.0, 0.0)",359460.0,1743740.0,362020.0,1746300.0,65536,89,65536,89,0,0,0,0,0,0,a8ce617a659a23e55b98dfc415550ce8eadeffbd2ca8d9606724970b57a66985,5ef54cf03503e8076f9027b754f666acf36ff282b7c0c4a8cdaf777e3893a1d2,57a05cd782b46ba6ca2218c31ee0861e3e78016940a746a85c29a7ac03e47afd,65447,0,0,0,0,0,0,75,0,0,14,0,0,0,0,0
673,23-9-20_16PCC_1,23-9-20_16PCC,2020-09-23,16PCC,1,patches/S2_23-9-20_16PCC/S2_23-9-20_16PCC_1.tif,patches/S2_23-9-20_16PCC/S2_23-9-20_16PCC_1_cl.tif,patches/S2_23-9-20_16PCC/S2_23-9-20_16PCC_1_conf.tif,train,-88.27824359435691,16.103978756731923,EPSG:32616,10.0,10.0,11,float32,,"(1.0, 1.0, 1.0, 1.0, 1.0, 1.0, 1.0, 1.0, 1.0, 1.0, 1.0)","(0.0, 0.0, 0.0, 0.0, 0.0, 0.0, 0.0, 0.0, 0.0, 0.0, 0.0)",362020.0,1779580.0,364580.0,1782140.0,65536,563,65536,563,0,0,0,8,0,0,f864ab3cfe4f6531f31eb4c2fa4839e8a352d59afae8173fcb748fd7bcaef653,02552343a72ca9bedff6eefeab15ad5b1c72151b69291430438a18795cef3707,8bc24a6378609f814ead0da40334bd02fb9b2accce21ae223964a08dab1eca6a,64973,0,0,0,0,0,0,14,0,0,0,549,0,0,0,0
674,23-9-20_16PCC_10,23-9-20_16PCC,2020-09-23,16PCC,10,patches/S2_23-9-20_16PCC/S2_23-9-20_16PCC_10.tif,patches/S2_23-9-20_16PCC/S2_23-9-20_16PCC_10_cl.tif,patches/S2_23-9-20_16PCC/S2_23-9-20_16PCC_10_conf.tif,train,-88.22812428592474,15.734047467813634,EPSG:32616,10.0,10.0,11,float32,,"(1.0, 1.0, 1.0, 1.0, 1.0, 1.0, 1.0, 1.0, 1.0, 1.0, 1.0)","(0.0, 0.0, 0.0, 0.0, 0.0, 0.0, 0.0, 0.0, 0.0, 0.0, 0.0)",367140.0,1738620.0,369700.0,1741180.0,65536,570,65536,570,0,0,0,100,0,0,9eb7a4abf9772e6b57891878319b5bbbd011bd95485bb16b36faeaf0edd9f0c9,83e638289efffaa2480dabeaa956f5d3f08a5e0ab5b64333e211d5697e0021b9,8799888720f5b339aa22f7bafcddf4b73d8bf19cf0d1d51a256a9055edc2ce3d,64966,0,0,0,0,0,0,0,0,0,570,0,0,0,0,0
675,23-9-20_16PCC_11,23-9-20_16PCC,2020-09-23,16PCC,11,patches/S2_23-9-20_16PCC/S2_23-9-20_16PCC_11.tif,patches/S2_23-9-20_16PCC/S2_23-9-20_16PCC_11_cl.tif,patches/S2_23-9-20_16PCC/S2_23-9-20_16PCC_11_conf.tif,train,-88.2042339261619,15.73418067544389,EPSG:32616,10.0,10.0,11,float32,,"(1.0, 1.0, 1.0, 1.0, 1.0, 1.0, 1.0, 1.0, 1.0, 1.0, 1.0)","(0.0, 0.0, 0.0, 0.0, 0.0, 0.0, 0.0, 0.0, 0.0, 0.0, 0.0)",369700.0,1738620.0,372260.0,1741180.0,65536,23053,65536,23053,0,0,0,116,0,0,a20fb546ced9e8092ab51ecb452f7d57f634dfe51bd2c3c0a13be56e3463588b,f5aec48bd913d5d2b4ea6c9467e3e2902a2c89a880b219cf001ab648b648827d,088292bacfdf417172b85e5aa9113deb5806a3c7684571c6de049940a8d31376,42483,0,0,0,0,0,0,0,0,0,23053,0,0,0,0,0
676,23-9-20_16PCC_12,23-9-20_16PCC,2020-09-23,16PCC,12,patches/S2_23-9-20_16PCC/S2_23-9-20_16PCC_12.tif,patches/S2_23-9-20_16PCC/S2_23-9-20_16PCC_12_cl.tif,patches/S2_23-9-20_16PCC/S2_23-9-20_16PCC_12_conf.tif,train,-88.1818250951183,15.988838134578078,EPSG:32616,10.0,10.0,11,float32,,"(1.0, 1.0, 1.0, 1.0, 1.0, 1.0, 1.0, 1.0, 1.0, 1.0, 1.0)","(0.0, 0.0, 0.0, 0.0, 0.0, 0.0, 0.0, 0.0, 0.0, 0.0, 0.0)",372260.0,1766780.0,374820.0,1769340.0,65536,749,65536,749,0,0,0,0,0,0,22430dcfd012276ad31796bd98cc1494ba422eb5abeaffa9a73abd65f03ed794,f12a639154fb1759ee48065f76ad557334c8fc1723b34a406d078f5ae611aae0,11bf47c1999cec9f4b05a66ac7d1d304e3c007baaeef067678807a01c85239e6,64787,0,0,0,0,0,679,26,0,0,0,0,0,44,0,0
677,23-9-20_16PCC_13,23-9-20_16PCC,2020-09-23,16PCC,13,patches/S2_23-9-20_16PCC/S2_23-9-20_16PCC_13.tif,patches/S2_23-9-20_16PCC/S2_23-9-20_16PCC_13_cl.tif,patches/S2_23-9-20_16PCC/S2_23-9-20_16PCC_13_conf.tif,train,-88.1569774061369,15.826995966240014,EPSG:32616,10.0,10.0,11,float32,,"(1.0, 1.0, 1.0, 1.0, 1.0, 1.0, 1.0, 1.0, 1.0, 1.0, 1.0)","(0.0, 0.0, 0.0, 0.0, 0.0, 0.0, 0.0, 0.0, 0.0, 0.0, 0.0)",374820.0,1748860.0,377380.0,1751420.0,65536,3,65536,3,0,0,0,8,0,0,231f22416481a9264eed35e3bf83c528709af1c39cba5d4ecc499d18a47e8e6a,aaab8e846837093fe061121843a10d02e0795d44b7d3006b1a8e3e4b5f6c3562,a4a3c6d916b374d16d2716c102503dbbbecbcd2e24efc20cd8c1a785c19f1055,65533,0,0,0,0,0,0,0,0,0,0,0,0,0,3,0
678,23-9-20_16PCC_14,23-9-20_16PCC,2020-09-23,16PCC,14,patches/S2_23-9-20_16PCC/S2_23-9-20_16PCC_14.tif,patches/S2_23-9-20_16PCC/S2_23-9-20_16PCC_14_cl.tif,patches/S2_23-9-20_16PCC/S2_23-9-20_16PCC_14_conf.tif,train,-88.1563218577328,15.711299939062286,EPSG:32616,10.0,10.0,11,float32,,"(1.0, 1.0, 1.0, 1.0, 1.0, 1.0, 1.0, 1.0, 1.0, 1.0, 1.0)","(0.0, 0.0, 0.0, 0.0, 0.0, 0.0, 0.0, 0.0, 0.0, 0.0, 0.0)",374820.0,1736060.0,377380.0,1738620.0,65536,100,65536,100,0,0,0,68,0,0,2b68c8145f64619416b37bf22542a04626d8820915c5c66275700eebc2efad9e,4b36907d3457ebfb6f3dee17e583d4946fef362e69e3dc3773f500807c00cdb0,22176da0bacedf8aa289d64eb1468a7db1de8098e28db4de4023cdcea626262f,65436,0,0,0,0,0,0,17,0,0,83,0,0,0,0,0
679,23-9-20_16PCC_15,23-9-20_16PCC,2020-09-23,16PCC,15,patches/S2_23-9-20_16PCC/S2_23-9-20_16PCC_15.tif,patches/S2_23-9-20_16PCC/S2_23-9-20_16PCC_15_cl.tif,patches/S2_23-9-20_16PCC/S2_23-9-20_16PCC_15_conf.tif,train,-88.13256150872745,15.73456460625222,EPSG:32616,10.0,10.0,11,float32,,"(1.0, 1.0, 1.0, 1.0, 1.0, 1.0, 1.0, 1.0, 1.0, 1.0, 1.0)","(0.0, 0.0, 0.0, 0.0, 0.0, 0.0, 0.0, 0.0, 0.0, 0.0, 0.0)",377380.0,1738620.0,379940.0,1741180.0,65536,74,65536,74,0,0,0,0,0,0,39b2878e578ea6886b91ef6c51da6a817b82bc0ae10068727fc27aa46d64fef8,9b9174898f8cea8ac5b2c64db4e146076d918b7b734cdc3af4145843d88ccb9c,41071b308678157fb1089956ced066f417d797eb35f173b08a073741bb642d6f,65462,3,0,0,0,0,0,71,0,0,0,0,0,0,0,0
680,23-9-20_16PCC_16,23-9-20_16PCC,2020-09-23,16PCC,16,patches/S2_23-9-20_16PCC/S2_23-9-20_16PCC_16.tif,patches/S2_23-9-20_16PCC/S2_23-9-20_16PCC_16_cl.tif,patches/S2_23-9-20_16PCC/S2_23-9-20_16PCC_16_conf.tif,train,-88.13243353156423,15.711425106953072,EPSG:32616,10.0,10.0,11,float32,,"(1.0, 1.0, 1.0, 1.0, 1.0, 1.0, 1.0, 1.0, 1.0, 1.0, 1.0)","(0.0, 0.0, 0.0, 0.0, 0.0, 0.0, 0.0, 0.0, 0.0, 0.0, 0.0)",377380.0,1736060.0,379940.0,1738620.0,65536,74,65536,74,0,0,0,84,0,0,7d03158d2bacfb5084eaf252d2509b0d571440ec6c6a80f22654f850f6179841,551b1a14c2fa1dc758cccc95e61d5c52d2a8a1d4d7f6c024bd264c48d9207925,be58312058a22e3e8a367508b4a76df17f89f804927b9913304b027e4a4a39e1,65462,0,0,0,0,0,0,74,0,0,0,0,0,0,0,0
681,23-9-20_16PCC_17,23-9-20_16PCC,2020-09-23,16PCC,17,patches/S2_23-9-20_16PCC/S2_23-9-20_16PCC_17.tif,patches/S2_23-9-20_16PCC/S2_23-9-20_16PCC_17_cl.tif,patches/S2_23-9-20_16PCC/S2_23-9-20_16PCC_17_conf.tif,train,-88.11006209755854,15.989220615748708,EPSG:32616,10.0,10.0,11,float32,,"(1.0, 1.0, 1.0, 1.0, 1.0, 1.0, 1.0, 1.0, 1.0, 1.0, 1.0)","(0.0, 0.0, 0.0, 0.0, 0.0, 0.0, 0.0, 0.0, 0.0, 0.0, 0.0)",379940.0,1766780.0,382500.0,1769340.0,65536,1430,65536,1430,0,0,0,0,0,0,f045152298d2d8ed186c3c6599ecbc3be2f078afe78ff2446ac39a8169e635b1,4f16f8a2de7cc57b17283f5e479d7d6cc9e6f9d723a8b9af72e0c58aabf4af1e,911d8d9caa33ee575f5ecb23bb537d1fcd9f82faecbe4f5996ff0d35a3e2439f,64106,0,0,0,0,0,1424,6,0,0,0,0,0,0,0,0
682,23-9-20_16PCC_18,23-9-20_16PCC,2020-09-23,16PCC,18,patches/S2_23-9-20_16PCC/S2_23-9-20_16PCC_18.tif,patches/S2_23-9-20_16PCC/S2_23-9-20_16PCC_18_cl.tif,patches/S2_23-9-20_16PCC/S2_23-9-20_16PCC_18_conf.tif,train,-88.10904735736285,15.804106118492854,EPSG:32616,10.0,10.0,11,float32,,"(1.0, 1.0, 1.0, 1.0, 1.0, 1.0, 1.0, 1.0, 1.0, 1.0, 1.0)","(0.0, 0.0, 0.0, 0.0, 0.0, 0.0, 0.0, 0.0, 0.0, 0.0, 0.0)",379940.0,1746300.0,382500.0,1748860.0,65536,1,65536,1,0,0,0,0,0,0,a422059d1b12ac97edaeb1f9244c0e5e5fc4f5257fc83035dc3562636937633a,64b2af44f834a0863471c79b1c2777c1aa9b7a34bc8ef1f18118c56cca43cd69,6ab26d1992d8bdd7c8f5a0a8c9e9da04c1d97dd10d7ad52be69de891726187a5,65535,0,0,0,0,0,0,1,0,0,0,0,0,0,0,0
683,23-9-20_16PCC_19,23-9-20_16PCC,2020-09-23,16PCC,19,patches/S2_23-9-20_16PCC/S2_23-9-20_16PCC_19.tif,patches/S2_23-9-20_16PCC/S2_23-9-20_16PCC_19_cl.tif,patches/S2_23-9-20_16PCC/S2_23-9-20_16PCC_19_conf.tif,train,-88.10879575875495,15.75782699099612,EPSG:32616,10.0,10.0,11,float32,,"(1.0, 1.0, 1.0, 1.0, 1.0, 1.0, 1.0, 1.0, 1.0, 1.0, 1.0)","(0.0, 0.0, 0.0, 0.0, 0.0, 0.0, 0.0, 0.0, 0.0, 0.0, 0.0)",379940.0,1741180.0,382500.0,1743740.0,65536,10,65536,10,0,0,0,36,0,0,c79e630c02668653c09b0493c8b19e23390e9c4f660a24f19a6e57f5b3301d3a,bb8c6c4693c32fb3180985d4ef7a2aa5ebb636d39882a586b8ff846a19424075,6485596d2d19f097de9b2e0010110783326de762b9919d989d1a849718c8164e,65526,7,0,0,0,0,0,3,0,0,0,0,0,0,0,0
684,23-9-20_16PCC_2,23-9-20_16PCC,2020-09-23,16PCC,2,patches/S2_23-9-20_16PCC/S2_23-9-20_16PCC_2.tif,patches/S2_23-9-20_16PCC/S2_23-9-20_16PCC_2_cl.tif,patches/S2_23-9-20_16PCC/S2_23-9-20_16PCC_2_conf.tif,train,-88.27633824022837,15.803187736708251,EPSG:32616,10.0,10.0,11,float32,,"(1.0, 1.0, 1.0, 1.0, 1.0, 1.0, 1.0, 1.0, 1.0, 1.0, 1.0)","(0.0, 0.0, 0.0, 0.0, 0.0, 0.0, 0.0, 0.0, 0.0, 0.0, 0.0)",362020.0,1746300.0,364580.0,1748860.0,65536,64,65536,64,0,0,0,0,0,0,6c6faecb67cb9a6e6da08995f3e1b15a61ff774f1a123fdb34db39d691378cb1,317360923b157ba7b348d9ac8b8dbf8d3f513365aa06ec39ef79e226d41629ee,5b0b95dea09fac9d366e26a2670509b57d8995ac166bab5bf9e770028de9241e,65472,0,0,0,0,0,0,64,0,0,0,0,0,0,0,0
685,23-9-20_16PCC_20,23-9-20_16PCC,2020-09-23,16PCC,20,patches/S2_23-9-20_16PCC/S2_23-9-20_16PCC_20.tif,patches/S2_23-9-20_16PCC/S2_23-9-20_16PCC_20_cl.tif,patches/S2_23-9-20_16PCC/S2_23-9-20_16PCC_20_conf.tif,train,-88.08564259701785,15.896785200618165,EPSG:32616,10.0,10.0,11,float32,,"(1.0, 1.0, 1.0, 1.0, 1.0, 1.0, 1.0, 1.0, 1.0, 1.0, 1.0)","(0.0, 0.0, 0.0, 0.0, 0.0, 0.0, 0.0, 0.0, 0.0, 0.0, 0.0)",382500.0,1756540.0,385060.0,1759100.0,65536,72,65536,72,0,0,0,4,0,0,f599c94530150b32a7c581fa105ebfe0db8790f6d42cf63760102b93a6c97080,d65c7f664403cb80d5d89e831a061ec4894426a0d871b320fe0c7db0ce62576b,ec3817f245493e0ef0f9d513cf4477c8dfa89acd09929665bc9d9de69b8770aa,65464,0,0,0,0,0,0,72,0,0,0,0,0,0,0,0
686,23-9-20_16PCC_21,23-9-20_16PCC,2020-09-23,16PCC,21,patches/S2_23-9-20_16PCC/S2_23-9-20_16PCC_21.tif,patches/S2_23-9-20_16PCC/S2_23-9-20_16PCC_21_cl.tif,patches/S2_23-9-20_16PCC/S2_23-9-20_16PCC_21_conf.tif,train,-88.0855185890392,15.873645677275341,EPSG:32616,10.0,10.0,11,float32,,"(1.0, 1.0, 1.0, 1.0, 1.0, 1.0, 1.0, 1.0, 1.0, 1.0, 1.0)","(0.0, 0.0, 0.0, 0.0, 0.0, 0.0, 0.0, 0.0, 0.0, 0.0, 0.0)",382500.0,1753980.0,385060.0,1756540.0,65536,60,65536,60,0,0,0,0,0,0,8a9b73c61aff8c54d8fd2aa900e0081a066d5fe4d6bc9c79bfcc1325e41a3c93,62de5cbe993c566a95fe04ae0a1f0b5b4dc9f91bdc0199aa1432d1d8e3230530,735596db02dd7d0d4e650c17acda094ea00e8fa3445c34319bde573ef5d79c5b,65476,4,0,0,0,0,0,56,0,0,0,0,0,0,0,0
687,23-9-20_16PCC_22,23-9-20_16PCC,2020-09-23,16PCC,22,patches/S2_23-9-20_16PCC/S2_23-9-20_16PCC_22.tif,patches/S2_23-9-20_16PCC/S2_23-9-20_16PCC_22_cl.tif,patches/S2_23-9-20_16PCC/S2_23-9-20_16PCC_22_conf.tif,train,-88.08539478532009,15.850506103588907,EPSG:32616,10.0,10.0,11,float32,,"(1.0, 1.0, 1.0, 1.0, 1.0, 1.0, 1.0, 1.0, 1.0, 1.0, 1.0)","(0.0, 0.0, 0.0, 0.0, 0.0, 0.0, 0.0, 0.0, 0.0, 0.0, 0.0)",382500.0,1751420.0,385060.0,1753980.0,65536,1,65536,1,0,0,0,4,0,0,445ace4d0bfd7ade999383413df2a6a0a2d091d80d176596c62b13867390e591,b071d4ba9adfac9c52e51e133cbd4b1065151d9ca549bcf4ef72f8788ce219a1,b071d4ba9adfac9c52e51e133cbd4b1065151d9ca549bcf4ef72f8788ce219a1,65535,1,0,0,0,0,0,0,0,0,0,0,0,0,0,0
688,23-9-20_16PCC_23,23-9-20_16PCC,2020-09-23,16PCC,23,patches/S2_23-9-20_16PCC/S2_23-9-20_16PCC_23.tif,patches/S2_23-9-20_16PCC/S2_23-9-20_16PCC_23_cl.tif,patches/S2_23-9-20_16PCC/S2_23-9-20_16PCC_23_conf.tif,train,-88.08527118575101,15.827366479624898,EPSG:32616,10.0,10.0,11,float32,,"(1.0, 1.0, 1.0, 1.0, 1.0, 1.0, 1.0, 1.0, 1.0, 1.0, 1.0)","(0.0, 0.0, 0.0, 0.0, 0.0, 0.0, 0.0, 0.0, 0.0, 0.0, 0.0)",382500.0,1748860.0,385060.0,1751420.0,65536,3,65536,3,0,0,0,0,0,0,2f79a093e1c9d93a6231a1663787fcaf2323971fd79a2d58386245bd1a2db384,7639cfad7e0c492f410f6f2005e86d787f3dda0332468ced389e04ba093687c5,8bf9e52e268b1fc79633dd8e998f3600b32d4917c30d0291f4ec0ff9b5e1e003,65533,1,0,0,0,0,0,2,0,0,0,0,0,0,0,0
689,23-9-20_16PCC_24,23-9-20_16PCC,2020-09-23,16PCC,24,patches/S2_23-9-20_16PCC/S2_23-9-20_16PCC_24.tif,patches/S2_23-9-20_16PCC/S2_23-9-20_16PCC_24_cl.tif,patches/S2_23-9-20_16PCC/S2_23-9-20_16PCC_24_conf.tif,train,-88.08502459862613,15.781087081128353,EPSG:32616,10.0,10.0,11,float32,,"(1.0, 1.0, 1.0, 1.0, 1.0, 1.0, 1.0, 1.0, 1.0, 1.0, 1.0)","(0.0, 0.0, 0.0, 0.0, 0.0, 0.0, 0.0, 0.0, 0.0, 0.0, 0.0)",382500.0,1743740.0,385060.0,1746300.0,65536,8,65536,8,0,0,0,28,0,0,810c9dc6ffc1f9076179838d0b4c4fa30a929a1a4f05b2f5b6ee3b609b7729de,05afab7cf70aca5fb00701df30c4583e490fa12232e9002419fd071254bd1e3c,977b1c7fdc68b9b35281f69f383f31a8b5908dc64ea13cc28b98834d1638d379,65528,6,0,0,0,0,0,1,0,0,0,0,0,0,0,1
690,23-9-20_16PCC_25,23-9-20_16PCC,2020-09-23,16PCC,25,patches/S2_23-9-20_16PCC/S2_23-9-20_16PCC_25.tif,patches/S2_23-9-20_16PCC/S2_23-9-20_16PCC_25_cl.tif,patches/S2_23-9-20_16PCC/S2_23-9-20_16PCC_25_conf.tif,train,-88.06161065511152,15.873764281316541,EPSG:32616,10.0,10.0,11,float32,,"(1.0, 1.0, 1.0, 1.0, 1.0, 1.0, 1.0, 1.0, 1.0, 1.0, 1.0)","(0.0, 0.0, 0.0, 0.0, 0.0, 0.0, 0.0, 0.0, 0.0, 0.0, 0.0)",385060.0,1753980.0,387620.0,1756540.0,65536,18,65536,18,0,0,0,0,0,0,6b1d7d301b5907b5efd4ef2ee8b1b77411fdcc2f7552a715893e2458d4496af8,d96fc8fb586a9468afc25b1b7c60a1f077fe9f7673e9466142942aa7792f2490,d0ee5ff960b9d2f98d1115cdf68622bb2f38103fa3c22d7fff78c1c8279e450c,65518,17,0,0,0,0,0,1,0,0,0,0,0,0,0,0
691,23-9-20_16PCC_26,23-9-20_16PCC,2020-09-23,16PCC,26,patches/S2_23-9-20_16PCC/S2_23-9-20_16PCC_26.tif,patches/S2_23-9-20_16PCC/S2_23-9-20_16PCC_26_cl.tif,patches/S2_23-9-20_16PCC/S2_23-9-20_16PCC_26_conf.tif,train,-88.06148957683735,15.850624525920017,EPSG:32616,10.0,10.0,11,float32,,"(1.0, 1.0, 1.0, 1.0, 1.0, 1.0, 1.0, 1.0, 1.0, 1.0, 1.0)","(0.0, 0.0, 0.0, 0.0, 0.0, 0.0, 0.0, 0.0, 0.0, 0.0, 0.0)",385060.0,1751420.0,387620.0,1753980.0,65536,2,65536,2,0,0,0,0,0,0,dcfcc493292387316a516829cae8590fe12d25191f321958762c33de79c7849a,a63135360e4e2a1ac0693326a55bbc3a1c8709e883a763ca66337c23eb2f7125,ea2082447d1b2cbbe4c2545348c682c989c5040708458d26c0e116f166df2bb5,65534,1,0,0,0,0,0,1,0,0,0,0,0,0,0,0
692,23-9-20_16PCC_27,23-9-20_16PCC,2020-09-23,16PCC,27,patches/S2_23-9-20_16PCC/S2_23-9-20_16PCC_27.tif,patches/S2_23-9-20_16PCC/S2_23-9-20_16PCC_27_cl.tif,patches/S2_23-9-20_16PCC/S2_23-9-20_16PCC_27_conf.tif,train,-88.06112753952517,15.781204958568159,EPSG:32616,10.0,10.0,11,float32,,"(1.0, 1.0, 1.0, 1.0, 1.0, 1.0, 1.0, 1.0, 1.0, 1.0, 1.0)","(0.0, 0.0, 0.0, 0.0, 0.0, 0.0, 0.0, 0.0, 0.0, 0.0, 0.0)",385060.0,1743740.0,387620.0,1746300.0,65536,117,65536,117,0,0,0,232,0,0,829edb8613b49ac808f006dd08e0c0b60d5a4e545d5b24511c2703a5b1f1bdc0,ca12a185f8387d9a4932c7d862de90f146de38a29ab066d30a7177eb88b79ce7,55aaad177f3b2bec8933c476ef30f72240eeae8aa082f1fac4d667fcb9e221ba,65419,0,0,0,0,50,0,6,0,0,18,0,0,0,43,0
693,23-9-20_16PCC_28,23-9-20_16PCC,2020-09-23,16PCC,28,patches/S2_23-9-20_16PCC/S2_23-9-20_16PCC_28.tif,patches/S2_23-9-20_16PCC/S2_23-9-20_16PCC_28_cl.tif,patches/S2_23-9-20_16PCC/S2_23-9-20_16PCC_28_conf.tif,train,-88.03805875160842,15.943299742535249,EPSG:32616,10.0,10.0,11,float32,,"(1.0, 1.0, 1.0, 1.0, 1.0, 1.0, 1.0, 1.0, 1.0, 1.0, 1.0)","(0.0, 0.0, 0.0, 0.0, 0.0, 0.0, 0.0, 0.0, 0.0, 0.0, 0.0)",387620.0,1761660.0,390180.0,1764220.0,65536,2803,65536,2803,0,0,0,0,0,0,2fa9b6c085cb748a39cb250c5318de8d4d85a8b32a396934a7549145a7532cd8,6093f55397432e28b96f4aa29eb052d8274e0e4c7fdfa6113777fda582b5c944,d5adc15e9efe4316a72aecfefdb39f06bc9296157ed3ff6f046fbce2ab03683c,62733,0,0,0,0,0,0,2803,0,0,0,0,0,0,0,0
694,23-9-20_16PCC_29,23-9-20_16PCC,2020-09-23,16PCC,29,patches/S2_23-9-20_16PCC/S2_23-9-20_16PCC_29.tif,patches/S2_23-9-20_16PCC/S2_23-9-20_16PCC_29_cl.tif,patches/S2_23-9-20_16PCC/S2_23-9-20_16PCC_29_conf.tif,train,-88.03734804863647,15.80446029548461,EPSG:32616,10.0,10.0,11,float32,,"(1.0, 1.0, 1.0, 1.0, 1.0, 1.0, 1.0, 1.0, 1.0, 1.0, 1.0)","(0.0, 0.0, 0.0, 0.0, 0.0, 0.0, 0.0, 0.0, 0.0, 0.0, 0.0)",387620.0,1746300.0,390180.0,1748860.0,65536,328,65536,328,0,0,0,8,0,0,c92f7e9fc3b91fbc1e1bc98368541dc8758e8fbbef8d935ef8ca68b1abbbeb31,e327a6f2ad79d1924882ddc28a4616bcc28ce38ab22839b4c2eaf6bdd1dcbba6,28b60211ef690728926a8eeae7612374ae08280a03adbdc988d57656b26fb32b,65208,0,0,0,0,7,0,0,0,0,23,0,0,0,298,0
695,23-9-20_16PCC_3,23-9-20_16PCC,2020-09-23,16PCC,3,patches/S2_23-9-20_16PCC/S2_23-9-20_16PCC_3.tif,patches/S2_23-9-20_16PCC/S2_23-9-20_16PCC_3_cl.tif,patches/S2_23-9-20_16PCC/S2_23-9-20_16PCC_3_conf.tif,train,-88.27604871344984,15.756911434075356,EPSG:32616,10.0,10.0,11,float32,,"(1.0, 1.0, 1.0, 1.0, 1.0, 1.0, 1.0, 1.0, 1.0, 1.0, 1.0)","(0.0, 0.0, 0.0, 0.0, 0.0, 0.0, 0.0, 0.0, 0.0, 0.0, 0.0)",362020.0,1741180.0,364580.0,1743740.0,65536,19367,65536,19367,0,0,0,0,0,0,aff4f57d64997da6bdbcd3f795ba921da0d542dd16593978d9d901adec41c7cc,4ac5cb96a7a57ca20fd54a5454f0637cc5511da11bc20a8007ff447bfb0c019c,bcc066de23f1d9cf2e2bdbc38e4f8ad7936338234d7d61a184346796a213f570,46169,0,0,0,0,0,0,0,19326,0,41,0,0,0,0,0
696,23-9-20_16PCC_30,23-9-20_16PCC,2020-09-23,16PCC,30,patches/S2_23-9-20_16PCC/S2_23-9-20_16PCC_30.tif,patches/S2_23-9-20_16PCC/S2_23-9-20_16PCC_30_cl.tif,patches/S2_23-9-20_16PCC/S2_23-9-20_16PCC_30_conf.tif,train,-87.96575679751629,15.827931361277706,EPSG:32616,10.0,10.0,11,float32,,"(1.0, 1.0, 1.0, 1.0, 1.0, 1.0, 1.0, 1.0, 1.0, 1.0, 1.0)","(0.0, 0.0, 0.0, 0.0, 0.0, 0.0, 0.0, 0.0, 0.0, 0.0, 0.0)",395300.0,1748860.0,397860.0,1751420.0,65536,100,65536,100,0,0,0,0,0,0,625cc600fdd32d5752b5e80a188dbf2c71c40ee9f0468db6200318dee0eb6279,854b879637eace8fcce1622a4578ccd521c979d2b70e06c146e862ae937f1f23,7d842ad320ed3dacaad090d6134151c5251a07fa9647bc05388942573264d84d,65436,0,0,0,0,86,0,0,0,0,14,0,0,0,0,0
697,23-9-20_16PCC_31,23-9-20_16PCC,2020-09-23,16PCC,31,patches/S2_23-9-20_16PCC/S2_23-9-20_16PCC_31.tif,patches/S2_23-9-20_16PCC/S2_23-9-20_16PCC_31_cl.tif,patches/S2_23-9-20_16PCC/S2_23-9-20_16PCC_31_conf.tif,train,-87.94217570572482,15.89745825039474,EPSG:32616,10.0,10.0,11,float32,,"(1.0, 1.0, 1.0, 1.0, 1.0, 1.0, 1.0, 1.0, 1.0, 1.0, 1.0)","(0.0, 0.0, 0.0, 0.0, 0.0, 0.0, 0.0, 0.0, 0.0, 0.0, 0.0)",397860.0,1756540.0,400420.0,1759100.0,65536,354,65536,354,0,0,0,0,0,0,5c0d06433382ef0c8e3c847435da689c6b89fa66f629a6a33eb9953fbf2dc882,e7c7bcb831e4bf712f55a5e50e5f5bf641527ed130cda08b2a9157522398e352,b4f6960d1ea0dac07a96f09e85df08c2886542329a7266b343449f9af200035d,65182,0,0,0,0,76,0,0,0,0,24,0,0,0,254,0
698,23-9-20_16PCC_32,23-9-20_16PCC,2020-09-23,16PCC,32,patches/S2_23-9-20_16PCC/S2_23-9-20_16PCC_32.tif,patches/S2_23-9-20_16PCC/S2_23-9-20_16PCC_32_cl.tif,patches/S2_23-9-20_16PCC/S2_23-9-20_16PCC_32_conf.tif,train,-87.91857963640625,15.966983000280521,EPSG:32616,10.0,10.0,11,float32,,"(1.0, 1.0, 1.0, 1.0, 1.0, 1.0, 1.0, 1.0, 1.0, 1.0, 1.0)","(0.0, 0.0, 0.0, 0.0, 0.0, 0.0, 0.0, 0.0, 0.0, 0.0, 0.0)",400420.0,1764220.0,402980.0,1766780.0,65536,73,65536,73,0,0,0,0,0,0,29b2b28ce3c3ef2687d2ac91c797766221052bb17d7ed1223063e2427e49a2a1,cae2b5119b8f15831569a87b1aabe648e3fb1e1c9c614a44cf17858651c18fd6,4436604efe5bcce262785ed901f6f824a5bb7ef652f4db2746f74ee50184104d,65463,0,0,0,0,0,0,73,0,0,0,0,0,0,0,0
699,23-9-20_16PCC_33,23-9-20_16PCC,2020-09-23,16PCC,33,patches/S2_23-9-20_16PCC/S2_23-9-20_16PCC_33.tif,patches/S2_23-9-20_16PCC/S2_23-9-20_16PCC_33_cl.tif,patches/S2_23-9-20_16PCC/S2_23-9-20_16PCC_33_conf.tif,train,-87.91826391011834,15.897561169542028,EPSG:32616,10.0,10.0,11,float32,,"(1.0, 1.0, 1.0, 1.0, 1.0, 1.0, 1.0, 1.0, 1.0, 1.0, 1.0)","(0.0, 0.0, 0.0, 0.0, 0.0, 0.0, 0.0, 0.0, 0.0, 0.0, 0.0)",400420.0,1756540.0,402980.0,1759100.0,65536,47,65536,47,0,0,0,0,0,0,fd92d283f480cd9fdac716a3915546e40a7c06657f7ecb619449ab75dd126f42,ec4d66d37aba3551ca500cd0007d5e0a61af292d2e183c4685802993637adbd3,d6d4306b29d49156372806c303600b5027013e5cc88c9b7be7c3fceb66956757,65489,0,0,0,0,34,0,0,0,0,13,0,0,0,0,0
700,23-9-20_16PCC_34,23-9-20_16PCC,2020-09-23,16PCC,34,patches/S2_23-9-20_16PCC/S2_23-9-20_16PCC_34.tif,patches/S2_23-9-20_16PCC/S2_23-9-20_16PCC_34_cl.tif,patches/S2_23-9-20_16PCC/S2_23-9-20_16PCC_34_conf.tif,train,-88.69070688728638,15.791863364898488,EPSG:32616,10.0,10.0,11,float32,,"(1.0, 1.0, 1.0, 1.0, 1.0, 1.0, 1.0, 1.0, 1.0, 1.0, 1.0)","(0.0, 0.0, 0.0, 0.0, 0.0, 0.0, 0.0, 0.0, 0.0, 0.0, 0.0)",317620.0,1745360.0,320180.0,1747920.0,65536,54,65536,54,0,0,0,48,0,0,c0d635d4c7935b781fb15433d6672406e6ac3b18f61e9f309913dfacd7e7a95d,2de48976b4af0f92e0040116e4bc4093e1d4686ac170b33867f0602b7eb9435b,c1e352fba58c83e1a3e1dfc06c4ff221348d1a4510803876bd4a8ddba0be2c73,65482,0,0,0,0,4,0,0,0,0,18,0,0,0,32,0
701,23-9-20_16PCC_35,23-9-20_16PCC,2020-09-23,16PCC,35,patches/S2_23-9-20_16PCC/S2_23-9-20_16PCC_35.tif,patches/S2_23-9-20_16PCC/S2_23-9-20_16PCC_35_cl.tif,patches/S2_23-9-20_16PCC/S2_23-9-20_16PCC_35_conf.tif,train,-88.6668146637691,15.792047884399647,EPSG:32616,10.0,10.0,11,float32,,"(1.0, 1.0, 1.0, 1.0, 1.0, 1.0, 1.0, 1.0, 1.0, 1.0, 1.0)","(0.0, 0.0, 0.0, 0.0, 0.0, 0.0, 0.0, 0.0, 0.0, 0.0, 0.0)",320180.0,1745360.0,322740.0,1747920.0,65536,17,65536,17,0,0,0,256,0,0,e506ec7dcf3062192f03f2d0307ee02410bb9175187c197efb768af42587afac,be3d76a6e383cabb98d95461ca235f568554184e0cc6547e0ab48af8434a0544,1127e1046f95de2726d3adb24b9c3ef4d9bed7c110ede0baf0ea322eb0fa9bcd,65519,0,0,0,0,6,0,0,0,0,11,0,0,0,0,0
702,23-9-20_16PCC_36,23-9-20_16PCC,2020-09-23,16PCC,36,patches/S2_23-9-20_16PCC/S2_23-9-20_16PCC_36.tif,patches/S2_23-9-20_16PCC/S2_23-9-20_16PCC_36_cl.tif,patches/S2_23-9-20_16PCC/S2_23-9-20_16PCC_36_conf.tif,train,-88.66662560689488,15.768913808213362,EPSG:32616,10.0,10.0,11,float32,,"(1.0, 1.0, 1.0, 1.0, 1.0, 1.0, 1.0, 1.0, 1.0, 1.0, 1.0)","(0.0, 0.0, 0.0, 0.0, 0.0, 0.0, 0.0, 0.0, 0.0, 0.0, 0.0)",320180.0,1742800.0,322740.0,1745360.0,65536,20,65536,20,0,0,0,104,0,0,fee339673658559559667088737fe2717db9a1f4069236c99ed3201538efae54,2d45b9db7c66e651eae1ced3d2e88f3dfcb7a9a04e83984395b19729ec39b694,5efa6f8d461d2df2f57b30f7fcf51f861d314b5133243711bc3501f5b789c5ed,65516,0,0,0,0,8,0,0,0,0,12,0,0,0,0,0
703,23-9-20_16PCC_37,23-9-20_16PCC,2020-09-23,16PCC,37,patches/S2_23-9-20_16PCC/S2_23-9-20_16PCC_37.tif,patches/S2_23-9-20_16PCC/S2_23-9-20_16PCC_37_cl.tif,patches/S2_23-9-20_16PCC/S2_23-9-20_16PCC_37_conf.tif,train,-88.6431087856487,15.815364085361445,EPSG:32616,10.0,10.0,11,float32,,"(1.0, 1.0, 1.0, 1.0, 1.0, 1.0, 1.0, 1.0, 1.0, 1.0, 1.0)","(0.0, 0.0, 0.0, 0.0, 0.0, 0.0, 0.0, 0.0, 0.0, 0.0, 0.0)",322740.0,1747920.0,325300.0,1750480.0,65536,543,65536,543,0,0,0,48,0,0,0bdec36a4ec550191cad61958cc63a3c39e1fb7509757a2e83b2a0b45f60b7e3,542f6b2c874ed61146784ac1937b704bce7f3f0491d766f50f88717d4713b7da,52ab647d8ac197df713acb22a8032b591dcf3924ccbe2be2869856081ce0fa73,64993,0,0,0,0,0,0,543,0,0,0,0,0,0,0,0
704,23-9-20_16PCC_38,23-9-20_16PCC,2020-09-23,16PCC,38,patches/S2_23-9-20_16PCC/S2_23-9-20_16PCC_38.tif,patches/S2_23-9-20_16PCC/S2_23-9-20_16PCC_38_cl.tif,patches/S2_23-9-20_16PCC/S2_23-9-20_16PCC_38_conf.tif,train,-88.64273577730022,15.769095424474202,EPSG:32616,10.0,10.0,11,float32,,"(1.0, 1.0, 1.0, 1.0, 1.0, 1.0, 1.0, 1.0, 1.0, 1.0, 1.0)","(0.0, 0.0, 0.0, 0.0, 0.0, 0.0, 0.0, 0.0, 0.0, 0.0, 0.0)",322740.0,1742800.0,325300.0,1745360.0,65536,45,65536,45,0,0,0,140,0,0,c8a3d146c64235b470c725269ee41a0a88f4e641a9d49cbc6f359927e8d21394,f926b0d9111b04852919146b2f30a072722ff03f1c560230a85ef8d8c8a2fe95,80fc533f1e5a239401a7597b2052af24e0e1c241bd50124718f5985818f948ce,65491,0,0,0,0,8,0,0,0,0,20,0,0,0,17,0
705,23-9-20_16PCC_39,23-9-20_16PCC,2020-09-23,16PCC,39,patches/S2_23-9-20_16PCC/S2_23-9-20_16PCC_39.tif,patches/S2_23-9-20_16PCC/S2_23-9-20_16PCC_39_cl.tif,patches/S2_23-9-20_16PCC/S2_23-9-20_16PCC_39_conf.tif,train,-88.61939747992429,15.838678163390378,EPSG:32616,10.0,10.0,11,float32,,"(1.0, 1.0, 1.0, 1.0, 1.0, 1.0, 1.0, 1.0, 1.0, 1.0, 1.0)","(0.0, 0.0, 0.0, 0.0, 0.0, 0.0, 0.0, 0.0, 0.0, 0.0, 0.0)",325300.0,1750480.0,327860.0,1753040.0,65536,1,65536,1,0,0,0,0,0,0,2a03c66fa91ea8651317987c8e24dab7e7bcb08c9edbb3c4ce6ad36cc80949fb,1e3bdfeae1e83df99ea351d49a5c85c45d2f28939a1daba38661a1fda8d0214b,4b1a76a5ecd4ab4df08372b328e7d6e953f6ccd3bc4559d6e0e80a15c3119912,65535,0,0,0,0,0,0,1,0,0,0,0,0,0,0,0
706,23-9-20_16PCC_4,23-9-20_16PCC,2020-09-23,16PCC,4,patches/S2_23-9-20_16PCC/S2_23-9-20_16PCC_4.tif,patches/S2_23-9-20_16PCC/S2_23-9-20_16PCC_4_cl.tif,patches/S2_23-9-20_16PCC/S2_23-9-20_16PCC_4_conf.tif,train,-88.27590430949417,15.73377320718311,EPSG:32616,10.0,10.0,11,float32,,"(1.0, 1.0, 1.0, 1.0, 1.0, 1.0, 1.0, 1.0, 1.0, 1.0, 1.0)","(0.0, 0.0, 0.0, 0.0, 0.0, 0.0, 0.0, 0.0, 0.0, 0.0, 0.0)",362020.0,1738620.0,364580.0,1741180.0,65536,33,65536,33,0,0,0,0,0,0,a34773c331262721a9baa41b2f73eaa209ffcd4c61ca9bc54046db36e40b9937,913bbc59a8f7974018497baf2b9fdda10f051f8ebc54a71579eb1c14a20d1eae,31872987a362e8ed0103e445c78ebcddb562fbc495840dfee7326903ae1cc51e,65503,0,0,0,0,0,0,0,33,0,0,0,0,0,0,0
707,23-9-20_16PCC_40,23-9-20_16PCC,2020-09-23,16PCC,40,patches/S2_23-9-20_16PCC/S2_23-9-20_16PCC_40.tif,patches/S2_23-9-20_16PCC/S2_23-9-20_16PCC_40_cl.tif,patches/S2_23-9-20_16PCC/S2_23-9-20_16PCC_40_conf.tif,train,-88.6188456392787,15.769274421284553,EPSG:32616,10.0,10.0,11,float32,,"(1.0, 1.0, 1.0, 1.0, 1.0, 1.0, 1.0, 1.0, 1.0, 1.0, 1.0)","(0.0, 0.0, 0.0, 0.0, 0.0, 0.0, 0.0, 0.0, 0.0, 0.0, 0.0)",325300.0,1742800.0,327860.0,1745360.0,65536,3,65536,3,0,0,0,16,0,0,04fdaed51aadbe49452246436eaf06700c5792afcb6619160f31fcbd186e913a,a2f7bf62095c2d986fad7f92c25c5caa241d20e35f143104ab72589f0bb86c65,8673a5315557bd724eddeb367c63d95086ce20d00e0db606f30bf2b9200f9ee5,65533,2,0,0,0,0,0,1,0,0,0,0,0,0,0,0
708,23-9-20_16PCC_41,23-9-20_16PCC,2020-09-23,16PCC,41,patches/S2_23-9-20_16PCC/S2_23-9-20_16PCC_41.tif,patches/S2_23-9-20_16PCC/S2_23-9-20_16PCC_41_cl.tif,patches/S2_23-9-20_16PCC/S2_23-9-20_16PCC_41_conf.tif,train,-88.61866230050774,15.746139738151165,EPSG:32616,10.0,10.0,11,float32,,"(1.0, 1.0, 1.0, 1.0, 1.0, 1.0, 1.0, 1.0, 1.0, 1.0, 1.0)","(0.0, 0.0, 0.0, 0.0, 0.0, 0.0, 0.0, 0.0, 0.0, 0.0, 0.0)",325300.0,1740240.0,327860.0,1742800.0,65536,28,65536,28,0,0,0,0,0,0,3ac362c0242902bd8e92e04f65e1fd0045e453297a8febd09484094aa51c71b3,ed520616f341f2508ac593aeb7e295ff5f0785a33cf9fa9dda155a6239f99d57,3bab49aa2fbef46bbe9c74a30236e06f56d6ec5d1daa6b2c4820a34e64f05cc1,65508,0,0,0,0,4,0,0,0,0,12,0,0,0,12,0
709,23-9-20_16PCC_42,23-9-20_16PCC,2020-09-23,16PCC,42,patches/S2_23-9-20_16PCC/S2_23-9-20_16PCC_42.tif,patches/S2_23-9-20_16PCC/S2_23-9-20_16PCC_42_cl.tif,patches/S2_23-9-20_16PCC/S2_23-9-20_16PCC_42_conf.tif,train,-88.61847926552218,15.723005003915588,EPSG:32616,10.0,10.0,11,float32,,"(1.0, 1.0, 1.0, 1.0, 1.0, 1.0, 1.0, 1.0, 1.0, 1.0, 1.0)","(0.0, 0.0, 0.0, 0.0, 0.0, 0.0, 0.0, 0.0, 0.0, 0.0, 0.0)",325300.0,1737680.0,327860.0,1740240.0,65536,25,65536,25,0,0,0,8,0,0,74431d734d8e7a90c1ace6dc299b36d71329957940ecb0e7931a09e41d20c43c,ae14005cba2f0b391c470ed21c9ce16568f964fc1954332177d144b1f777102c,68ef5678087c259ad53b5b616b36e82c5f33307b1488498d9b8562126eb63320,65511,0,0,0,0,15,0,0,0,0,10,0,0,0,0,0
710,23-9-20_16PCC_43,23-9-20_16PCC,2020-09-23,16PCC,43,patches/S2_23-9-20_16PCC/S2_23-9-20_16PCC_43.tif,patches/S2_23-9-20_16PCC/S2_23-9-20_16PCC_43_cl.tif,patches/S2_23-9-20_16PCC/S2_23-9-20_16PCC_43_conf.tif,train,-88.59568073729666,15.861990106332481,EPSG:32616,10.0,10.0,11,float32,,"(1.0, 1.0, 1.0, 1.0, 1.0, 1.0, 1.0, 1.0, 1.0, 1.0, 1.0)","(0.0, 0.0, 0.0, 0.0, 0.0, 0.0, 0.0, 0.0, 0.0, 0.0, 0.0)",327860.0,1753040.0,330420.0,1755600.0,65536,32,65536,32,0,0,0,0,0,0,f8e4f3c9d1406af0bb1eddd7d11ba485673a5b00e71348451890683b6bf435f0,c69dbc03edec2523b6047ecab3279f4d82ac0aab6f58694b74401ae419bca67a,8805bbf4909b4b9527df54d47f31572ccc4bfbc877aab98a2eb1228e1f187652,65504,0,0,0,0,0,0,32,0,0,0,0,0,0,0,0
711,23-9-20_16PCC_44,23-9-20_16PCC,2020-09-23,16PCC,44,patches/S2_23-9-20_16PCC/S2_23-9-20_16PCC_44.tif,patches/S2_23-9-20_16PCC/S2_23-9-20_16PCC_44_cl.tif,patches/S2_23-9-20_16PCC/S2_23-9-20_16PCC_44_conf.tif,train,-88.59549890253888,15.838855356277191,EPSG:32616,10.0,10.0,11,float32,,"(1.0, 1.0, 1.0, 1.0, 1.0, 1.0, 1.0, 1.0, 1.0, 1.0, 1.0)","(0.0, 0.0, 0.0, 0.0, 0.0, 0.0, 0.0, 0.0, 0.0, 0.0, 0.0)",327860.0,1750480.0,330420.0,1753040.0,65536,22,65536,22,0,0,0,0,0,0,d4a5ff4e976d138cd0f0deeb0da22f9c68b50bd8daf3adf5717955ee810a106b,f8fb990cb22e528b01305c8d1085459a3d389becfaffa865760849fc52c22029,2ff0123fa0bdcc9f60940c97fdfc25d0fe6908935b9a1a636354dd35470ef224,65514,12,0,0,0,0,0,10,0,0,0,0,0,0,0,0
712,23-9-20_16PCC_45,23-9-20_16PCC,2020-09-23,16PCC,45,patches/S2_23-9-20_16PCC/S2_23-9-20_16PCC_45.tif,patches/S2_23-9-20_16PCC/S2_23-9-20_16PCC_45_cl.tif,patches/S2_23-9-20_16PCC/S2_23-9-20_16PCC_45_conf.tif,train,-88.59531736772873,15.815720554906937,EPSG:32616,10.0,10.0,11,float32,,"(1.0, 1.0, 1.0, 1.0, 1.0, 1.0, 1.0, 1.0, 1.0, 1.0, 1.0)","(0.0, 0.0, 0.0, 0.0, 0.0, 0.0, 0.0, 0.0, 0.0, 0.0, 0.0)",327860.0,1747920.0,330420.0,1750480.0,65536,75,65536,75,0,0,0,16,0,0,c26fbed0882929a55b74e1060894026a25f36e76994bff0a4cfae83a29b74499,3869202c87abe825d65c26b2e0f3a1d70cac70e6f1dd1510c02e0667343e590e,87e6a6443d8008ef773009761a194fab833b3ce1b8cd76c201e731898681d158,65461,3,0,0,0,53,0,17,0,0,0,0,0,0,0,2
713,23-9-20_16PCC_46,23-9-20_16PCC,2020-09-23,16PCC,46,patches/S2_23-9-20_16PCC/S2_23-9-20_16PCC_46.tif,patches/S2_23-9-20_16PCC/S2_23-9-20_16PCC_46_cl.tif,patches/S2_23-9-20_16PCC/S2_23-9-20_16PCC_46_conf.tif,train,-88.59513613270579,15.792585702289678,EPSG:32616,10.0,10.0,11,float32,,"(1.0, 1.0, 1.0, 1.0, 1.0, 1.0, 1.0, 1.0, 1.0, 1.0, 1.0)","(0.0, 0.0, 0.0, 0.0, 0.0, 0.0, 0.0, 0.0, 0.0, 0.0, 0.0)",327860.0,1745360.0,330420.0,1747920.0,65536,22,65536,22,0,0,0,0,0,0,c9c8fca85dea968c8e9ff03229889bf951c50a879cee2608287cabe7b6269915,b1adb91024be567bf570eac2899dad35d1c3884910ce4b2999c2e9330262851d,21c9faf0bcdd25d951555db373e0fde07a71ff58d920782dd3f14de3ed4e4d8a,65514,6,0,0,2,0,0,14,0,0,0,0,0,0,0,0
714,23-9-20_16PCC_47,23-9-20_16PCC,2020-09-23,16PCC,47,patches/S2_23-9-20_16PCC/S2_23-9-20_16PCC_47.tif,patches/S2_23-9-20_16PCC/S2_23-9-20_16PCC_47_cl.tif,patches/S2_23-9-20_16PCC/S2_23-9-20_16PCC_47_conf.tif,train,-88.5947745613815,15.746315843586082,EPSG:32616,10.0,10.0,11,float32,,"(1.0, 1.0, 1.0, 1.0, 1.0, 1.0, 1.0, 1.0, 1.0, 1.0, 1.0)","(0.0, 0.0, 0.0, 0.0, 0.0, 0.0, 0.0, 0.0, 0.0, 0.0, 0.0)",327860.0,1740240.0,330420.0,1742800.0,65536,6,65536,6,0,0,0,0,0,0,34e5144d606637e6e36966e11d7d82255fda846e9ff69f0411b8f4629e01ad70,70140b1f75780dd4f334f2a8704bbc430dd9db242c6dfa24648f74ed31ba0891,30c4bf5570b2f93ac7cf97960aa96bc76335a1834c3b1596626b054009821b50,65530,1,0,0,0,4,0,1,0,0,0,0,0,0,0,0
715,23-9-20_16PCC_48,23-9-20_16PCC,2020-09-23,16PCC,48,patches/S2_23-9-20_16PCC/S2_23-9-20_16PCC_48.tif,patches/S2_23-9-20_16PCC/S2_23-9-20_16PCC_48_cl.tif,patches/S2_23-9-20_16PCC/S2_23-9-20_16PCC_48_conf.tif,train,-88.59459422476088,15.723180837635786,EPSG:32616,10.0,10.0,11,float32,,"(1.0, 1.0, 1.0, 1.0, 1.0, 1.0, 1.0, 1.0, 1.0, 1.0, 1.0)","(0.0, 0.0, 0.0, 0.0, 0.0, 0.0, 0.0, 0.0, 0.0, 0.0, 0.0)",327860.0,1737680.0,330420.0,1740240.0,65536,131,65536,131,0,0,0,0,0,0,60095131a7a39ee66528b86bb32baa83b337ef886e7e839114834e21619ff07a,e4f6f784298679a8775a3bdecde528ed5a79ae38340a8d91bc6fae3c2ad971fa,fed0f8bcd553a2dd9e78477e2325e66e3f53b89789ca51bcdc3cc7f66f0d3e70,65405,0,0,0,0,0,0,0,0,0,131,0,0,0,0,0
716,23-9-20_16PCC_49,23-9-20_16PCC,2020-09-23,16PCC,49,patches/S2_23-9-20_16PCC/S2_23-9-20_16PCC_49.tif,patches/S2_23-9-20_16PCC/S2_23-9-20_16PCC_49_cl.tif,patches/S2_23-9-20_16PCC/S2_23-9-20_16PCC_49_conf.tif,train,-88.59441418728898,15.700045780710587,EPSG:32616,10.0,10.0,11,float32,,"(1.0, 1.0, 1.0, 1.0, 1.0, 1.0, 1.0, 1.0, 1.0, 1.0, 1.0)","(0.0, 0.0, 0.0, 0.0, 0.0, 0.0, 0.0, 0.0, 0.0, 0.0, 0.0)",327860.0,1735120.0,330420.0,1737680.0,65536,137,65536,137,0,0,0,0,0,0,5c2f14a0bf28d027cb05567b6b0d91cb55afe4ff7b46e6b96a37ed4d03907be3,9a19928f4d7d4c76537de8f200d8f8e54207a0b206c8baaff00fbe072e005825,e16ecbd2448916467e0f1d970938191b5ec136e49100595222f8542dde2dafaf,65399,0,0,0,0,0,0,0,0,0,137,0,0,0,0,0
717,23-9-20_16PCC_5,23-9-20_16PCC,2020-09-23,16PCC,5,patches/S2_23-9-20_16PCC/S2_23-9-20_16PCC_5.tif,patches/S2_23-9-20_16PCC/S2_23-9-20_16PCC_5_cl.tif,patches/S2_23-9-20_16PCC/S2_23-9-20_16PCC_5_conf.tif,train,-88.25244022628301,15.8033268161694,EPSG:32616,10.0,10.0,11,float32,,"(1.0, 1.0, 1.0, 1.0, 1.0, 1.0, 1.0, 1.0, 1.0, 1.0, 1.0)","(0.0, 0.0, 0.0, 0.0, 0.0, 0.0, 0.0, 0.0, 0.0, 0.0, 0.0)",364580.0,1746300.0,367140.0,1748860.0,65536,28,65536,28,0,0,0,8,0,0,aae262bb12a612a3aa571372d7cd124af0a3945748e7fcf275585f8155a33f82,d700932017869a749e531f12672897e5f550c2d0cadbd3f20afde82c71388758,6bdc3bc4bf3f758aed5b94cafaec2c80aef7ad46654f14b0495067bcdafc761d,65508,0,0,0,0,0,0,28,0,0,0,0,0,0,0,0
718,23-9-20_16PCC_50,23-9-20_16PCC,2020-09-23,16PCC,50,patches/S2_23-9-20_16PCC/S2_23-9-20_16PCC_50.tif,patches/S2_23-9-20_16PCC/S2_23-9-20_16PCC_50_cl.tif,patches/S2_23-9-20_16PCC/S2_23-9-20_16PCC_50_conf.tif,train,-88.57304122199206,16.024108620650992,EPSG:32616,10.0,10.0,11,float32,,"(1.0, 1.0, 1.0, 1.0, 1.0, 1.0, 1.0, 1.0, 1.0, 1.0, 1.0)","(0.0, 0.0, 0.0, 0.0, 0.0, 0.0, 0.0, 0.0, 0.0, 0.0, 0.0)",330420.0,1770960.0,332980.0,1773520.0,65536,946,65536,946,0,0,0,0,0,0,45bbdcb803c95d5714345788a28a64bc81d403ee62dcc5f0293c356ce268307f,27071d39bf02c951017a31d281517705b1ca311c7e2f70a3a4416cc33ac7326d,a86c1944b49a69b9236ce7c7cd6d9c5e469234f2bf22804b8f1fe05a9fd260c0,64590,0,0,0,0,0,0,946,0,0,0,0,0,0,0,0
719,23-9-20_16PCC_51,23-9-20_16PCC,2020-09-23,16PCC,51,patches/S2_23-9-20_16PCC/S2_23-9-20_16PCC_51.tif,patches/S2_23-9-20_16PCC/S2_23-9-20_16PCC_51_cl.tif,patches/S2_23-9-20_16PCC/S2_23-9-20_16PCC_51_conf.tif,train,-88.5717791390264,15.862164935326932,EPSG:32616,10.0,10.0,11,float32,,"(1.0, 1.0, 1.0, 1.0, 1.0, 1.0, 1.0, 1.0, 1.0, 1.0, 1.0)","(0.0, 0.0, 0.0, 0.0, 0.0, 0.0, 0.0, 0.0, 0.0, 0.0, 0.0)",330420.0,1753040.0,332980.0,1755600.0,65536,2,65536,2,0,0,0,0,0,0,144606f1543e0d8bb83a2dc58814ecd7646cbeab03e55bbdfca627d200ea548c,f87036e4abc21cc86fdbb16c01aa1ca90a130e5b70aa0bcd546b4c9eb1b1b419,15722659752028aa747fea1a30856e25d56c56b0f8da60afa6bf309d13458580,65534,1,0,0,0,0,0,1,0,0,0,0,0,0,0,0
720,23-9-20_16PCC_52,23-9-20_16PCC,2020-09-23,16PCC,52,patches/S2_23-9-20_16PCC/S2_23-9-20_16PCC_52.tif,patches/S2_23-9-20_16PCC/S2_23-9-20_16PCC_52_cl.tif,patches/S2_23-9-20_16PCC/S2_23-9-20_16PCC_52_conf.tif,train,-88.57160002520591,15.839029917299653,EPSG:32616,10.0,10.0,11,float32,,"(1.0, 1.0, 1.0, 1.0, 1.0, 1.0, 1.0, 1.0, 1.0, 1.0, 1.0)","(0.0, 0.0, 0.0, 0.0, 0.0, 0.0, 0.0, 0.0, 0.0, 0.0, 0.0)",330420.0,1750480.0,332980.0,1753040.0,65536,13,65536,13,0,0,0,0,0,0,cdbd4b7b61a289a07c5b90ec87a331ca43b2d4a1a7d10df8d11ac6255c9ef260,4bbded2c91d11196be627e63ad27d5d2a758622b5f9d0c609075e006a6353f5f,74cd91a04fdb64faf93fbc7424607bf8f9c83b6868423517ebf667be078106f9,65523,10,0,0,1,0,0,2,0,0,0,0,0,0,0,0
721,23-9-20_16PCC_53,23-9-20_16PCC,2020-09-23,16PCC,53,patches/S2_23-9-20_16PCC/S2_23-9-20_16PCC_53.tif,patches/S2_23-9-20_16PCC/S2_23-9-20_16PCC_53_cl.tif,patches/S2_23-9-20_16PCC/S2_23-9-20_16PCC_53_conf.tif,train,-88.54912015457587,16.02428266274602,EPSG:32616,10.0,10.0,11,float32,,"(1.0, 1.0, 1.0, 1.0, 1.0, 1.0, 1.0, 1.0, 1.0, 1.0, 1.0)","(0.0, 0.0, 0.0, 0.0, 0.0, 0.0, 0.0, 0.0, 0.0, 0.0, 0.0)",332980.0,1770960.0,335540.0,1773520.0,65536,1133,65536,1133,0,0,0,0,0,0,d6de04d5faedf27cc7609d96b0ca7918c907abd4c42628be8e4351661eee805c,f37f9141cc0b0ef04292436ccf966592d2899fec1bb2540e7abb2082f1ed5220,00748d23f4bb161cb44526e3d3fb3a0a718dd979fd06b7387e60b0562216b44d,64403,0,0,0,0,0,0,1133,0,0,0,0,0,0,0,0
722,23-9-20_16PCC_54,23-9-20_16PCC,2020-09-23,16PCC,54,patches/S2_23-9-20_16PCC/S2_23-9-20_16PCC_54.tif,patches/S2_23-9-20_16PCC/S2_23-9-20_16PCC_54_cl.tif,patches/S2_23-9-20_16PCC/S2_23-9-20_16PCC_54_conf.tif,train,-88.548053928991,15.88547235896284,EPSG:32616,10.0,10.0,11,float32,,"(1.0, 1.0, 1.0, 1.0, 1.0, 1.0, 1.0, 1.0, 1.0, 1.0, 1.0)","(0.0, 0.0, 0.0, 0.0, 0.0, 0.0, 0.0, 0.0, 0.0, 0.0, 0.0)",332980.0,1755600.0,335540.0,1758160.0,65536,10,65536,10,0,0,0,0,0,0,c81835dea496ba5b66e0c9a4c43e54dc6f0873ae606bb4eb95de82509102887b,a681968427c2522b000b7d561e3a816e9907517c477c7c2ba1a07d172b5c67b0,49ceb785085476e6cedc80d48eaa32677a8b1f3fd8e4a852993ce7a90a6a0cf9,65526,1,0,0,0,0,0,9,0,0,0,0,0,0,0,0
723,23-9-20_16PCC_55,23-9-20_16PCC,2020-09-23,16PCC,55,patches/S2_23-9-20_16PCC/S2_23-9-20_16PCC_55.tif,patches/S2_23-9-20_16PCC/S2_23-9-20_16PCC_55_cl.tif,patches/S2_23-9-20_16PCC/S2_23-9-20_16PCC_55_conf.tif,train,-88.33259574213749,15.84063074366527,EPSG:32616,10.0,10.0,11,float32,,"(1.0, 1.0, 1.0, 1.0, 1.0, 1.0, 1.0, 1.0, 1.0, 1.0, 1.0)","(0.0, 0.0, 0.0, 0.0, 0.0, 0.0, 0.0, 0.0, 0.0, 0.0, 0.0)",356020.0,1750480.0,358580.0,1753040.0,65536,69,65536,69,0,0,0,0,0,0,e6f592ab65a7579c5553fb0ba703a9e31f4414909c1f60fe668edd0b55f36cbc,e92026bed4a681538b9b8a25eced70099e7e37fcc8290fe6c1df5811b8d8cacf,298a6a361a6e3e65facf5ea5a7f0e91f1f00fc43dbb3947e4a603a4a3fad092e,65467,0,0,0,0,0,0,69,0,0,0,0,0,0,0,0
724,23-9-20_16PCC_6,23-9-20_16PCC,2020-09-23,16PCC,6,patches/S2_23-9-20_16PCC/S2_23-9-20_16PCC_6.tif,patches/S2_23-9-20_16PCC/S2_23-9-20_16PCC_6_cl.tif,patches/S2_23-9-20_16PCC/S2_23-9-20_16PCC_6_conf.tif,train,-88.25229805407288,15.780188476146316,EPSG:32616,10.0,10.0,11,float32,,"(1.0, 1.0, 1.0, 1.0, 1.0, 1.0, 1.0, 1.0, 1.0, 1.0, 1.0)","(0.0, 0.0, 0.0, 0.0, 0.0, 0.0, 0.0, 0.0, 0.0, 0.0, 0.0)",364580.0,1743740.0,367140.0,1746300.0,65536,114,65536,114,0,0,0,268,0,0,1320668bc03ec0bbc3506e2e1c01caeea16bdd280ca6db184ed353591d06565a,bf239348f2cb2af4b40a0a9d4cd817af8cab9fede08ca06e262cce8b438313f9,0875edc49c26de6131dcf9fe284de66a1c23ea0f73570b6491a2008864831fe7,65422,0,0,0,0,0,0,0,114,0,0,0,0,0,0,0
725,23-9-20_16PCC_7,23-9-20_16PCC,2020-09-23,16PCC,7,patches/S2_23-9-20_16PCC/S2_23-9-20_16PCC_7.tif,patches/S2_23-9-20_16PCC/S2_23-9-20_16PCC_7_cl.tif,patches/S2_23-9-20_16PCC/S2_23-9-20_16PCC_7_conf.tif,train,-88.25215611708552,15.757050085741566,EPSG:32616,10.0,10.0,11,float32,,"(1.0, 1.0, 1.0, 1.0, 1.0, 1.0, 1.0, 1.0, 1.0, 1.0, 1.0)","(0.0, 0.0, 0.0, 0.0, 0.0, 0.0, 0.0, 0.0, 0.0, 0.0, 0.0)",364580.0,1741180.0,367140.0,1743740.0,65536,50303,65536,50303,0,0,0,92,0,0,d176864e1227268e7ee2d2726b5d52a2d35869c7d103e716e10c6df8fe09666f,f83cc363f5e0121fa2ea96c0db8f4f63f639ee181211c75b0b6b0f61b701b5a9,abb7e43247dc53363a75d94eac4a01bce21b836e8745739f1141e30082617f4e,15233,0,0,0,0,0,0,0,50303,0,0,0,0,0,0,0
726,23-9-20_16PCC_8,23-9-20_16PCC,2020-09-23,16PCC,8,patches/S2_23-9-20_16PCC/S2_23-9-20_16PCC_8.tif,patches/S2_23-9-20_16PCC/S2_23-9-20_16PCC_8_cl.tif,patches/S2_23-9-20_16PCC/S2_23-9-20_16PCC_8_conf.tif,train,-88.22840251593767,15.780324718561117,EPSG:32616,10.0,10.0,11,float32,,"(1.0, 1.0, 1.0, 1.0, 1.0, 1.0, 1.0, 1.0, 1.0, 1.0, 1.0)","(0.0, 0.0, 0.0, 0.0, 0.0, 0.0, 0.0, 0.0, 0.0, 0.0, 0.0)",367140.0,1743740.0,369700.0,1746300.0,65536,2,65536,2,0,0,0,8,0,0,e4f3c6980b55850e0237dd86b2c1c3c11e2fca61d0847ac124e08cbca75b6e7c,c21ee4f3b274f544fabd5f81cc7f0cd61877f73756196a7999459abe538ca39e,6e6f08c3fe34f29fa6a31a06ed466e1d066f74524bba9a7862a620c4092f4a43,65534,1,0,0,0,0,0,1,0,0,0,0,0,0,0,0
727,23-9-20_16PCC_9,23-9-20_16PCC,2020-09-23,16PCC,9,patches/S2_23-9-20_16PCC/S2_23-9-20_16PCC_9.tif,patches/S2_23-9-20_16PCC/S2_23-9-20_16PCC_9_cl.tif,patches/S2_23-9-20_16PCC/S2_23-9-20_16PCC_9_conf.tif,train,-88.22826328562381,15.757186118321991,EPSG:32616,10.0,10.0,11,float32,,"(1.0, 1.0, 1.0, 1.0, 1.0, 1.0, 1.0, 1.0, 1.0, 1.0, 1.0)","(0.0, 0.0, 0.0, 0.0, 0.0, 0.0, 0.0, 0.0, 0.0, 0.0, 0.0)",367140.0,1741180.0,369700.0,1743740.0,65536,2271,65536,2271,0,0,0,220,0,0,5a02c7f563698d459b985dcd2a82d67777b08ce95c0f2ae26768305f39e54bac,d25b82c2df9988b8cbc64d17cc3b111059499af857c255fc3f96e02a25f9dc91,11981dbf43a1945dd1ced9b10dfb429db33d6499fd0db9b85f4b491e4104389c,63265,0,0,0,0,0,0,0,2271,0,0,0,0,0,0,0
728,24-10-18_16PDC_0,24-10-18_16PDC,2018-10-24,16PDC,0,patches/S2_24-10-18_16PDC/S2_24-10-18_16PDC_0.tif,patches/S2_24-10-18_16PDC/S2_24-10-18_16PDC_0_cl.tif,patches/S2_24-10-18_16PDC/S2_24-10-18_16PDC_0_conf.tif,train,-87.3761581821934,15.92992167454793,EPSG:32616,10.0,10.0,11,float32,,"(1.0, 1.0, 1.0, 1.0, 1.0, 1.0, 1.0, 1.0, 1.0, 1.0, 1.0)","(0.0, 0.0, 0.0, 0.0, 0.0, 0.0, 0.0, 0.0, 0.0, 0.0, 0.0)",458460.0,1759940.0,461020.0,1762500.0,65536,198,65536,198,0,0,0,16,0,0,a51cc87450d37b3167e62c27a4c235308ca24e9098b943f360e600406cfe9582,236091716432caa27a9bffbc157aad1c7178ab22d2d892d3e259ce4c7982f25b,99df90496434158ef095ea7d8a2b3c3b3e82984bce026f9bf7f4c0855c65318b,65338,0,0,0,0,0,168,30,0,0,0,0,0,0,0,0
729,24-10-18_16PDC_1,24-10-18_16PDC,2018-10-24,16PDC,1,patches/S2_24-10-18_16PDC/S2_24-10-18_16PDC_1.tif,patches/S2_24-10-18_16PDC/S2_24-10-18_16PDC_1_cl.tif,patches/S2_24-10-18_16PDC/S2_24-10-18_16PDC_1_conf.tif,train,-87.37602920442968,15.860492139114651,EPSG:32616,10.0,10.0,11,float32,,"(1.0, 1.0, 1.0, 1.0, 1.0, 1.0, 1.0, 1.0, 1.0, 1.0, 1.0)","(0.0, 0.0, 0.0, 0.0, 0.0, 0.0, 0.0, 0.0, 0.0, 0.0, 0.0)",458460.0,1752260.0,461020.0,1754820.0,65536,31,65536,31,0,0,0,0,0,0,d97e25dd01945e3c8e78a8c7585b0e0b484359476e5bfb71ca7c717089274952,1bd5b3c6c1424fc170dd1421ba327a29c8f54c58af391ffc3e013b61a69dff75,5113c557786a80d4038747e5f366a93d9dfd68df8fce46f8e7c8cd27fa041f50,65505,0,0,0,0,0,0,31,0,0,0,0,0,0,0,0
730,24-10-18_16PDC_10,24-10-18_16PDC,2018-10-24,16PDC,10,patches/S2_24-10-18_16PDC/S2_24-10-18_16PDC_10.tif,patches/S2_24-10-18_16PDC/S2_24-10-18_16PDC_10_cl.tif,patches/S2_24-10-18_16PDC/S2_24-10-18_16PDC_10_conf.tif,train,-87.25656598567697,15.930097040144638,EPSG:32616,10.0,10.0,11,float32,,"(1.0, 1.0, 1.0, 1.0, 1.0, 1.0, 1.0, 1.0, 1.0, 1.0, 1.0)","(0.0, 0.0, 0.0, 0.0, 0.0, 0.0, 0.0, 0.0, 0.0, 0.0, 0.0)",471260.0,1759940.0,473820.0,1762500.0,65536,283,65536,283,0,0,0,0,0,0,6ec948d4b1ac4b7e49958ff92de3a876de99f5c69fe2e5b2d986455f9a44f5e5,5350612d638e5740247dd5391c490fbd64d33e3fa988b04dde98ed97bd5ad150,cc313f318796fb486f44fcbc24491a90a1fb564b8962a6013972e67a0ebb38a7,65253,0,0,0,0,0,0,0,0,0,0,283,0,0,0,0
731,24-10-18_16PDC_11,24-10-18_16PDC,2018-10-24,16PDC,11,patches/S2_24-10-18_16PDC/S2_24-10-18_16PDC_11.tif,patches/S2_24-10-18_16PDC/S2_24-10-18_16PDC_11_cl.tif,patches/S2_24-10-18_16PDC/S2_24-10-18_16PDC_11_conf.tif,train,-87.25641960512694,15.814379561466279,EPSG:32616,10.0,10.0,11,float32,,"(1.0, 1.0, 1.0, 1.0, 1.0, 1.0, 1.0, 1.0, 1.0, 1.0, 1.0)","(0.0, 0.0, 0.0, 0.0, 0.0, 0.0, 0.0, 0.0, 0.0, 0.0, 0.0)",471260.0,1747140.0,473820.0,1749700.0,65536,20,65536,20,0,0,0,0,0,0,7cdd80893162f4482df76c480030cc1e3b1386721992f09c19280e6238fd0469,a12e8bca1f88f746302a581b7629c81559166964ca3e67e244c4d23942c066a3,2eae41a88d5b293e846f10baa48a5588c95d7d60a1dcf702db4e82e75b95f491,65516,0,0,0,0,0,0,8,0,12,0,0,0,0,0,0
732,24-10-18_16PDC_12,24-10-18_16PDC,2018-10-24,16PDC,12,patches/S2_24-10-18_16PDC/S2_24-10-18_16PDC_12.tif,patches/S2_24-10-18_16PDC/S2_24-10-18_16PDC_12_cl.tif,patches/S2_24-10-18_16PDC/S2_24-10-18_16PDC_12_conf.tif,train,-87.23251464893201,15.814406472704944,EPSG:32616,10.0,10.0,11,float32,,"(1.0, 1.0, 1.0, 1.0, 1.0, 1.0, 1.0, 1.0, 1.0, 1.0, 1.0)","(0.0, 0.0, 0.0, 0.0, 0.0, 0.0, 0.0, 0.0, 0.0, 0.0, 0.0)",473820.0,1747140.0,476380.0,1749700.0,65536,33,65536,33,0,0,0,0,0,0,4b04cc8f4b53626f470e17d431ff72f30120e12899109858588791cb6d647a2f,bf563bae187011e011c2b36656ff330f3fc4e4a990b1e69747cf304c41892dc5,ce8637d09fd18c661fe53927e3b546bdb27d4d644222de37315268bae8ac1f82,65503,0,0,0,0,0,0,0,0,33,0,0,0,0,0,0
733,24-10-18_16PDC_13,24-10-18_16PDC,2018-10-24,16PDC,13,patches/S2_24-10-18_16PDC/S2_24-10-18_16PDC_13.tif,patches/S2_24-10-18_16PDC/S2_24-10-18_16PDC_13_cl.tif,patches/S2_24-10-18_16PDC/S2_24-10-18_16PDC_13_conf.tif,train,-87.18481005165977,15.930170439851839,EPSG:32616,10.0,10.0,11,float32,,"(1.0, 1.0, 1.0, 1.0, 1.0, 1.0, 1.0, 1.0, 1.0, 1.0, 1.0)","(0.0, 0.0, 0.0, 0.0, 0.0, 0.0, 0.0, 0.0, 0.0, 0.0, 0.0)",478940.0,1759940.0,481500.0,1762500.0,65536,44,65536,44,0,0,0,0,0,0,27735e7efa43a2728db76d1f63f59e457e98fd7843d59db0f401781df990c94a,2b3f5fe25ffcc26181bc4a91797e71c75c254e7e843952232fbb21f2e3603f49,db553431f391f96a3e1755fd489a444645d61b4d06c6428d009917fb996c2400,65492,0,0,0,0,0,0,44,0,0,0,0,0,0,0,0
734,24-10-18_16PDC_14,24-10-18_16PDC,2018-10-24,16PDC,14,patches/S2_24-10-18_16PDC/S2_24-10-18_16PDC_14.tif,patches/S2_24-10-18_16PDC/S2_24-10-18_16PDC_14_cl.tif,patches/S2_24-10-18_16PDC/S2_24-10-18_16PDC_14_conf.tif,train,-87.18476777062591,15.883883372608796,EPSG:32616,10.0,10.0,11,float32,,"(1.0, 1.0, 1.0, 1.0, 1.0, 1.0, 1.0, 1.0, 1.0, 1.0, 1.0)","(0.0, 0.0, 0.0, 0.0, 0.0, 0.0, 0.0, 0.0, 0.0, 0.0, 0.0)",478940.0,1754820.0,481500.0,1757380.0,65536,48,65536,48,0,0,0,0,0,0,224ee61907c38a15aedab44485a858acb4d8e4aafb9e1fafa79be37e39277c4e,3317aa16ccff7f7de85775a95718b98aec57733acc22b82f86b9a985dba4a1a3,0193e4f8d7b263fd8e16d5f4c550144f421ae4f1e1e9b6c9b34911e817460350,65488,0,0,0,0,0,0,48,0,0,0,0,0,0,0,0
735,24-10-18_16PDC_15,24-10-18_16PDC,2018-10-24,16PDC,15,patches/S2_24-10-18_16PDC/S2_24-10-18_16PDC_15.tif,patches/S2_24-10-18_16PDC/S2_24-10-18_16PDC_15_cl.tif,patches/S2_24-10-18_16PDC/S2_24-10-18_16PDC_15_conf.tif,train,-87.18474668229119,15.860739764743936,EPSG:32616,10.0,10.0,11,float32,,"(1.0, 1.0, 1.0, 1.0, 1.0, 1.0, 1.0, 1.0, 1.0, 1.0, 1.0)","(0.0, 0.0, 0.0, 0.0, 0.0, 0.0, 0.0, 0.0, 0.0, 0.0, 0.0)",478940.0,1752260.0,481500.0,1754820.0,65536,71,65536,71,0,0,0,0,0,0,2902ce15a883bc64f5c2643f7e3b14c76e3b93798de3bd1610c58ee46b31c443,ffbe63e91f982be1494c84b616230e110d70d95e51aad3d13b23e6e51e2e35dd,fb1b23d27a87974cbd0b96cbb53219c1412afbac90fc80b560d0eb0bb0a3e4a1,65465,0,0,0,0,0,0,71,0,0,0,0,0,0,0,0
736,24-10-18_16PDC_16,24-10-18_16PDC,2018-10-24,16PDC,16,patches/S2_24-10-18_16PDC/S2_24-10-18_16PDC_16.tif,patches/S2_24-10-18_16PDC/S2_24-10-18_16PDC_16_cl.tif,patches/S2_24-10-18_16PDC/S2_24-10-18_16PDC_16_conf.tif,train,-87.06520872569746,15.907096123451549,EPSG:32616,10.0,10.0,11,float32,,"(1.0, 1.0, 1.0, 1.0, 1.0, 1.0, 1.0, 1.0, 1.0, 1.0, 1.0)","(0.0, 0.0, 0.0, 0.0, 0.0, 0.0, 0.0, 0.0, 0.0, 0.0, 0.0)",491740.0,1757380.0,494300.0,1759940.0,65536,1008,65536,1008,0,0,0,16,0,0,aec7ee689d2282af4689da81460e3f9d435026dfa84148ac48255117292982b4,5a1d1801bafad8315f1ce26764874989f7beb00d7ebdd28fca787d714a5a97d0,a2e69a61cdefbe280ad12745de8c4f96a61f6c2b87a9b16e1d553133ea8a3d22,64528,0,0,0,0,0,0,80,0,0,0,928,0,0,0,0
737,24-10-18_16PDC_17,24-10-18_16PDC,2018-10-24,16PDC,17,patches/S2_24-10-18_16PDC/S2_24-10-18_16PDC_17.tif,patches/S2_24-10-18_16PDC/S2_24-10-18_16PDC_17_cl.tif,patches/S2_24-10-18_16PDC/S2_24-10-18_16PDC_17_conf.tif,train,-87.06519382993397,15.860808745566903,EPSG:32616,10.0,10.0,11,float32,,"(1.0, 1.0, 1.0, 1.0, 1.0, 1.0, 1.0, 1.0, 1.0, 1.0, 1.0)","(0.0, 0.0, 0.0, 0.0, 0.0, 0.0, 0.0, 0.0, 0.0, 0.0, 0.0)",491740.0,1752260.0,494300.0,1754820.0,65536,34,65536,34,0,0,0,8,0,0,baa90b6ed23faea34a9627209bb0b51a2c753dae83325507c0ae0eb438c864a7,70c9e5e6d1a649af7be1b5ead4bfb52c22e94b87485caffeb69212ead7836920,45c45701f904fa34ce6e03e95769dda1118c16386f586af942fa13d5169fd077,65502,0,0,0,0,0,0,34,0,0,0,0,0,0,0,0
738,24-10-18_16PDC_18,24-10-18_16PDC,2018-10-24,16PDC,18,patches/S2_24-10-18_16PDC/S2_24-10-18_16PDC_18.tif,patches/S2_24-10-18_16PDC/S2_24-10-18_16PDC_18_cl.tif,patches/S2_24-10-18_16PDC/S2_24-10-18_16PDC_18_conf.tif,train,-87.06518640045664,15.837664982512752,EPSG:32616,10.0,10.0,11,float32,,"(1.0, 1.0, 1.0, 1.0, 1.0, 1.0, 1.0, 1.0, 1.0, 1.0, 1.0)","(0.0, 0.0, 0.0, 0.0, 0.0, 0.0, 0.0, 0.0, 0.0, 0.0, 0.0)",491740.0,1749700.0,494300.0,1752260.0,65536,12,65536,12,0,0,0,0,0,0,01406cfb38167013fea599d53471c94cff9abb8c2ce7f5099fe7997e7f07b746,a760c71725e78d19127a98a9f289345a8bc322d29d9b56b27274f750df67b643,eb877b20a201969b3df31d872beb1c2f42cdbcfe16d62d4aefa30c9122fb2684,65524,0,0,0,0,0,0,12,0,0,0,0,0,0,0,0
739,24-10-18_16PDC_19,24-10-18_16PDC,2018-10-24,16PDC,19,patches/S2_24-10-18_16PDC/S2_24-10-18_16PDC_19.tif,patches/S2_24-10-18_16PDC/S2_24-10-18_16PDC_19_cl.tif,patches/S2_24-10-18_16PDC/S2_24-10-18_16PDC_19_conf.tif,train,-87.0412926372305,15.907102018796124,EPSG:32616,10.0,10.0,11,float32,,"(1.0, 1.0, 1.0, 1.0, 1.0, 1.0, 1.0, 1.0, 1.0, 1.0, 1.0)","(0.0, 0.0, 0.0, 0.0, 0.0, 0.0, 0.0, 0.0, 0.0, 0.0, 0.0)",494300.0,1757380.0,496860.0,1759940.0,65536,75,65536,75,0,0,0,16,0,0,543f8387835c1879faff83017954884d588cd551913151de6116ed692dba0245,94c21b083d5c33b81460a061a1db80e9c579db7d6d056c7b6bb47369d362ff7b,6d07b5c295b9f68cbd2b3ca09a659fb8b598802812dbe62ea8b1320029e1816f,65461,0,0,0,0,0,0,0,0,0,0,75,0,0,0,0
740,24-10-18_16PDC_2,24-10-18_16PDC,2018-10-24,16PDC,2,patches/S2_24-10-18_16PDC/S2_24-10-18_16PDC_2.tif,patches/S2_24-10-18_16PDC/S2_24-10-18_16PDC_2_cl.tif,patches/S2_24-10-18_16PDC/S2_24-10-18_16PDC_2_conf.tif,train,-87.352159282275,15.88367562010687,EPSG:32616,10.0,10.0,11,float32,,"(1.0, 1.0, 1.0, 1.0, 1.0, 1.0, 1.0, 1.0, 1.0, 1.0, 1.0)","(0.0, 0.0, 0.0, 0.0, 0.0, 0.0, 0.0, 0.0, 0.0, 0.0, 0.0)",461020.0,1754820.0,463580.0,1757380.0,65536,1,65536,1,0,0,0,8,0,0,ecfa624dd9d562a9db4faf19dcbd618726c3dd49cb29f8ac7b5e1e21b204cd46,1a13531bafc32766bb5ac71de4bab41f15b6d8264ead7efce4309827950cfd6d,0ac234e1797dc4e1384bd09eabc23e6fc769d00de407b317c43991695059e18f,65535,0,0,0,0,0,0,1,0,0,0,0,0,0,0,0
741,24-10-18_16PDC_20,24-10-18_16PDC,2018-10-24,16PDC,20,patches/S2_24-10-18_16PDC/S2_24-10-18_16PDC_20.tif,patches/S2_24-10-18_16PDC/S2_24-10-18_16PDC_20_cl.tif,patches/S2_24-10-18_16PDC/S2_24-10-18_16PDC_20_conf.tif,train,-87.04126911406406,15.791383158784194,EPSG:32616,10.0,10.0,11,float32,,"(1.0, 1.0, 1.0, 1.0, 1.0, 1.0, 1.0, 1.0, 1.0, 1.0, 1.0)","(0.0, 0.0, 0.0, 0.0, 0.0, 0.0, 0.0, 0.0, 0.0, 0.0, 0.0)",494300.0,1744580.0,496860.0,1747140.0,65536,38,65536,38,0,0,0,0,0,0,4ed35d717d526a5d6584ece673804a3aabd959389c7cabc3cf983976a6d15416,ab1b2027c496efa68d8d1febdb826a7ca71ab8408043000f51be4e1c01ce719f,4c4b94c528e9a38762c086e0731f2ba0a5e63f0e21a092cb394d9642847e752e,65498,0,0,0,0,0,0,38,0,0,0,0,0,0,0,0
742,24-10-18_16PDC_21,24-10-18_16PDC,2018-10-24,16PDC,21,patches/S2_24-10-18_16PDC/S2_24-10-18_16PDC_21.tif,patches/S2_24-10-18_16PDC/S2_24-10-18_16PDC_21_cl.tif,patches/S2_24-10-18_16PDC/S2_24-10-18_16PDC_21_conf.tif,train,-86.99346193531713,15.86081845860249,EPSG:32616,10.0,10.0,11,float32,,"(1.0, 1.0, 1.0, 1.0, 1.0, 1.0, 1.0, 1.0, 1.0, 1.0, 1.0)","(0.0, 0.0, 0.0, 0.0, 0.0, 0.0, 0.0, 0.0, 0.0, 0.0, 0.0)",499420.0,1752260.0,501980.0,1754820.0,65536,36,65536,36,0,0,0,0,0,0,38674484a0e6952adddf3ab40a4383e9de6fe878126d2f82162f75ec30c300a8,bab37dabfe3055efa644f409bde034a5b998d013220ae2d879b1fe5bfe17d97d,922acb1e00ced52ea0e6fe735ed7e2b9d89214e5fd1447fd02404ac3f43bf084,65500,0,0,0,0,4,0,21,0,0,0,0,0,0,11,0
743,24-10-18_16PDC_3,24-10-18_16PDC,2018-10-24,16PDC,3,patches/S2_24-10-18_16PDC/S2_24-10-18_16PDC_3.tif,patches/S2_24-10-18_16PDC/S2_24-10-18_16PDC_3_cl.tif,patches/S2_24-10-18_16PDC/S2_24-10-18_16PDC_3_conf.tif,train,-87.35211908956568,15.860532330404624,EPSG:32616,10.0,10.0,11,float32,,"(1.0, 1.0, 1.0, 1.0, 1.0, 1.0, 1.0, 1.0, 1.0, 1.0, 1.0)","(0.0, 0.0, 0.0, 0.0, 0.0, 0.0, 0.0, 0.0, 0.0, 0.0, 0.0)",461020.0,1752260.0,463580.0,1754820.0,65536,102,65536,102,0,0,0,0,0,0,c624330edecad6c11a969e4ef54e8f8504ba54fea8d87098379c418d0756eeb3,71cbba7f9be2b10aaeced79550a8a69354af410c8ecec84c56b2c318f38c7754,cb4a6471a7b095007d5cb04700c1ca759592b4409e47506965da615c20567553,65434,3,0,0,0,0,0,11,0,0,88,0,0,0,0,0
744,24-10-18_16PDC_4,24-10-18_16PDC,2018-10-24,16PDC,4,patches/S2_24-10-18_16PDC/S2_24-10-18_16PDC_4.tif,patches/S2_24-10-18_16PDC/S2_24-10-18_16PDC_4_cl.tif,patches/S2_24-10-18_16PDC/S2_24-10-18_16PDC_4_conf.tif,train,-87.32828389743672,15.906856527366347,EPSG:32616,10.0,10.0,11,float32,,"(1.0, 1.0, 1.0, 1.0, 1.0, 1.0, 1.0, 1.0, 1.0, 1.0, 1.0)","(0.0, 0.0, 0.0, 0.0, 0.0, 0.0, 0.0, 0.0, 0.0, 0.0, 0.0)",463580.0,1757380.0,466140.0,1759940.0,65536,175,65536,175,0,0,0,56,0,0,67d81cb76333e775619c8f5ffd43c168a1283376045dbcbe0715017d06c76329,db872023bb892619b60a420e503ebfdcb2370c03a7573acb08d03596238363c0,526c86fb05a11724ef34f9c53166d2237aa22b3cfa942b1c169b9bb12925c3e6,65361,0,0,0,0,0,0,0,0,0,175,0,0,0,0,0
745,24-10-18_16PDC_5,24-10-18_16PDC,2018-10-24,16PDC,5,patches/S2_24-10-18_16PDC/S2_24-10-18_16PDC_5.tif,patches/S2_24-10-18_16PDC/S2_24-10-18_16PDC_5_cl.tif,patches/S2_24-10-18_16PDC/S2_24-10-18_16PDC_5_conf.tif,train,-87.32820890844589,15.86056988229926,EPSG:32616,10.0,10.0,11,float32,,"(1.0, 1.0, 1.0, 1.0, 1.0, 1.0, 1.0, 1.0, 1.0, 1.0, 1.0)","(0.0, 0.0, 0.0, 0.0, 0.0, 0.0, 0.0, 0.0, 0.0, 0.0, 0.0)",463580.0,1752260.0,466140.0,1754820.0,65536,62,65536,62,0,0,0,48,0,0,ef956aa4c490c887d61ea69c06b5f97a5cd1a97cf74de0a623facf1f5cee7dd4,4a89298be5b14c9f258d4e45ccd3038635a774f49bbd38636830c9e91abdf137,01eed8c13983521d8a0f1ade73a1433dd3de63b1a8990d5e0a299ec21ef62dd6,65474,3,0,0,0,0,0,0,0,0,59,0,0,0,0,0
746,24-10-18_16PDC_6,24-10-18_16PDC,2018-10-24,16PDC,6,patches/S2_24-10-18_16PDC/S2_24-10-18_16PDC_6.tif,patches/S2_24-10-18_16PDC/S2_24-10-18_16PDC_6_cl.tif,patches/S2_24-10-18_16PDC/S2_24-10-18_16PDC_6_conf.tif,train,-87.32817150660256,15.83742648553309,EPSG:32616,10.0,10.0,11,float32,,"(1.0, 1.0, 1.0, 1.0, 1.0, 1.0, 1.0, 1.0, 1.0, 1.0, 1.0)","(0.0, 0.0, 0.0, 0.0, 0.0, 0.0, 0.0, 0.0, 0.0, 0.0, 0.0)",463580.0,1749700.0,466140.0,1752260.0,65536,261,65536,261,0,0,0,4,0,0,139b6d808592e7c7b6333bfe28df5748a8ad4bc2e98bdd6a2a72cfd84f91d550,e1bb3069e01f461635c071756f5f6312cb059c12e59962762f39cde01190ddd6,034eab8931a0832eee03101c8a8b54159e13a3b2a0976b15d3424e485dfef2f1,65275,0,0,0,0,0,0,0,162,0,99,0,0,0,0,0
747,24-10-18_16PDC_7,24-10-18_16PDC,2018-10-24,16PDC,7,patches/S2_24-10-18_16PDC/S2_24-10-18_16PDC_7.tif,patches/S2_24-10-18_16PDC/S2_24-10-18_16PDC_7_cl.tif,patches/S2_24-10-18_16PDC/S2_24-10-18_16PDC_7_conf.tif,train,-87.30440304084122,15.930034848687226,EPSG:32616,10.0,10.0,11,float32,,"(1.0, 1.0, 1.0, 1.0, 1.0, 1.0, 1.0, 1.0, 1.0, 1.0, 1.0)","(0.0, 0.0, 0.0, 0.0, 0.0, 0.0, 0.0, 0.0, 0.0, 0.0, 0.0)",466140.0,1759940.0,468700.0,1762500.0,65536,56,65536,56,0,0,0,0,0,0,793bd6c78ca524d44f303f08b4412dd84f2687c1bb9171a1473635d119235737,2796c1ffc8544172f9622435402e915c527579bf3713b6bbf10ab76bb12bb567,c551391d777e30b15e7f21b48a235c65a66ee59ab1a3da858f0510866ba8fef1,65480,0,0,0,0,0,0,56,0,0,0,0,0,0,0,0
748,24-10-18_16PDC_8,24-10-18_16PDC,2018-10-24,16PDC,8,patches/S2_24-10-18_16PDC/S2_24-10-18_16PDC_8.tif,patches/S2_24-10-18_16PDC/S2_24-10-18_16PDC_8_cl.tif,patches/S2_24-10-18_16PDC/S2_24-10-18_16PDC_8_conf.tif,train,-87.30426398836912,15.837461344463721,EPSG:32616,10.0,10.0,11,float32,,"(1.0, 1.0, 1.0, 1.0, 1.0, 1.0, 1.0, 1.0, 1.0, 1.0, 1.0)","(0.0, 0.0, 0.0, 0.0, 0.0, 0.0, 0.0, 0.0, 0.0, 0.0, 0.0)",466140.0,1749700.0,468700.0,1752260.0,65536,178,65536,178,0,0,0,12,0,0,238971ff7e953478d3a85f371ed98768ce1fd495bd0809d3abf79117a19fb006,f517ee8f93bfc81360cf6dd1d807d10fb20726f14c8d0b804e1e2617686c363c,b5feb48359fb31aece1c0889c6c5b479d3cc915b433a706f6c31fd3606538985,65358,0,0,0,0,0,0,0,0,10,168,0,0,0,0,0
749,24-10-18_16PDC_9,24-10-18_16PDC,2018-10-24,16PDC,9,patches/S2_24-10-18_16PDC/S2_24-10-18_16PDC_9.tif,patches/S2_24-10-18_16PDC/S2_24-10-18_16PDC_9_cl.tif,patches/S2_24-10-18_16PDC/S2_24-10-18_16PDC_9_conf.tif,train,-87.28032451311317,15.81435001881299,EPSG:32616,10.0,10.0,11,float32,,"(1.0, 1.0, 1.0, 1.0, 1.0, 1.0, 1.0, 1.0, 1.0, 1.0, 1.0)","(0.0, 0.0, 0.0, 0.0, 0.0, 0.0, 0.0, 0.0, 0.0, 0.0, 0.0)",468700.0,1747140.0,471260.0,1749700.0,65536,12,65536,12,0,0,0,0,0,0,4f7143628049b465a1dcfa57f0656ff5d41e24f44f634fa0fe7083926c5059c4,959473ddfdd736aa70b16eee0d2f55ffa8dcdffddfd5e3332e67d90a62927d8b,08fec24611a1bcfad547877fe0b95fc7a7ba767b82cfbdbe4c6dfeda6784940a,65524,0,0,0,0,0,0,12,0,0,0,0,0,0,0,0
750,24-11-19_48PZC_0,24-11-19_48PZC,2019-11-24,48PZC,0,patches/S2_24-11-19_48PZC/S2_24-11-19_48PZC_0.tif,patches/S2_24-11-19_48PZC/S2_24-11-19_48PZC_0_cl.tif,patches/S2_24-11-19_48PZC/S2_24-11-19_48PZC_0_conf.tif,train,108.38258846737727,15.904458673994883,EPSG:32648,10.0,10.0,11,float32,,"(1.0, 1.0, 1.0, 1.0, 1.0, 1.0, 1.0, 1.0, 1.0, 1.0, 1.0)","(0.0, 0.0, 0.0, 0.0, 0.0, 0.0, 0.0, 0.0, 0.0, 0.0, 0.0)",860980.0,1760020.0,863540.0,1762580.0,65536,526,65536,526,0,0,0,0,0,0,0bb478ecdda4fd33b3794f38b1d2c255d0426d8bad9e0b40941ef3abc8bf6db5,dbddcffd5afa3d324084902db703e0df89c64a6750d20ec056c7f93903c06a35,e83856d78bfb4d0af1e4af580b83fcc2256e85f13e1d6698dcf16aac103cf17c,65010,0,0,0,0,0,0,526,0,0,0,0,0,0,0,0
751,24-11-19_48PZC_1,24-11-19_48PZC,2019-11-24,48PZC,1,patches/S2_24-11-19_48PZC/S2_24-11-19_48PZC_1.tif,patches/S2_24-11-19_48PZC/S2_24-11-19_48PZC_1_cl.tif,patches/S2_24-11-19_48PZC/S2_24-11-19_48PZC_1_conf.tif,train,108.40646202940484,15.904083149422716,EPSG:32648,10.0,10.0,11,float32,,"(1.0, 1.0, 1.0, 1.0, 1.0, 1.0, 1.0, 1.0, 1.0, 1.0, 1.0)","(0.0, 0.0, 0.0, 0.0, 0.0, 0.0, 0.0, 0.0, 0.0, 0.0, 0.0)",863540.0,1760020.0,866100.0,1762580.0,65536,2823,65536,2823,0,0,0,0,0,0,38dd8869b779644228de2a946372c6e2490d92d5020863481ee9c72ad84008fe,695e2b951ad8e238d8011c740e99711021f66255991309279353913b858e0fb9,36ff5bbb5fa98f24084c3cb95a12aa62a44dccb7dd0435db5ec1150c3cc1e85a,62713,0,0,0,0,0,0,0,0,0,2823,0,0,0,0,0
752,24-11-19_48PZC_2,24-11-19_48PZC,2019-11-24,48PZC,2,patches/S2_24-11-19_48PZC/S2_24-11-19_48PZC_2.tif,patches/S2_24-11-19_48PZC/S2_24-11-19_48PZC_2_cl.tif,patches/S2_24-11-19_48PZC/S2_24-11-19_48PZC_2_conf.tif,train,108.40607293859752,15.880980586814628,EPSG:32648,10.0,10.0,11,float32,,"(1.0, 1.0, 1.0, 1.0, 1.0, 1.0, 1.0, 1.0, 1.0, 1.0, 1.0)","(0.0, 0.0, 0.0, 0.0, 0.0, 0.0, 0.0, 0.0, 0.0, 0.0, 0.0)",863540.0,1757460.0,866100.0,1760020.0,65536,268,65536,268,0,0,0,0,0,0,d44f549698cd2663d6bc7be247939037c937170c9b82c67f25ada3e922d7e238,d57330fefae0ad27aaae5aecdfbebd90dc83173131e8893ffc467920cc4918f9,698797ae1452479e050b7eee7041d75cbef23d15e5830f661d79a4b65b3cb3c4,65268,0,0,0,0,0,0,0,0,0,268,0,0,0,0,0
753,24-11-19_48PZC_3,24-11-19_48PZC,2019-11-24,48PZC,3,patches/S2_24-11-19_48PZC/S2_24-11-19_48PZC_3.tif,patches/S2_24-11-19_48PZC/S2_24-11-19_48PZC_3_cl.tif,patches/S2_24-11-19_48PZC/S2_24-11-19_48PZC_3_conf.tif,train,108.40568448743295,15.85787796566745,EPSG:32648,10.0,10.0,11,float32,,"(1.0, 1.0, 1.0, 1.0, 1.0, 1.0, 1.0, 1.0, 1.0, 1.0, 1.0)","(0.0, 0.0, 0.0, 0.0, 0.0, 0.0, 0.0, 0.0, 0.0, 0.0, 0.0)",863540.0,1754900.0,866100.0,1757460.0,65536,106,65536,106,0,0,0,0,0,0,d0d34ce970946781ba71d2d66ce171c65718de69859e73c2fd5c8d64bd63265e,978a7d431b4d2a887860127172d163279a83ec7025d538ca1edcf16ee9af8488,f3daff8bacaa4cef36164b7773050bf2f586a94c934cbe818453401427dab949,65430,0,0,0,0,0,0,0,0,0,106,0,0,0,0,0
754,24-11-19_48PZC_4,24-11-19_48PZC,2019-11-24,48PZC,4,patches/S2_24-11-19_48PZC/S2_24-11-19_48PZC_4.tif,patches/S2_24-11-19_48PZC/S2_24-11-19_48PZC_4_cl.tif,patches/S2_24-11-19_48PZC/S2_24-11-19_48PZC_4_conf.tif,train,108.43033495144687,15.903704995620945,EPSG:32648,10.0,10.0,11,float32,,"(1.0, 1.0, 1.0, 1.0, 1.0, 1.0, 1.0, 1.0, 1.0, 1.0, 1.0)","(0.0, 0.0, 0.0, 0.0, 0.0, 0.0, 0.0, 0.0, 0.0, 0.0, 0.0)",866100.0,1760020.0,868660.0,1762580.0,65536,9,65536,9,0,0,0,0,0,0,5b17a5a4b0f1df1226674a212192c416fc8bbf9a7c72b4d2d2afe3d88f8d3522,1f5d7821c4d3b11512178b53c442e6479d46df8e932294e0a9433362ad4bb022,1040f83c97f2508827576cb4cbcdd75ef2f796394f9cecd2c6a075239295420c,65527,2,0,0,0,0,0,7,0,0,0,0,0,0,0,0
755,24-11-19_48PZC_5,24-11-19_48PZC,2019-11-24,48PZC,5,patches/S2_24-11-19_48PZC/S2_24-11-19_48PZC_5.tif,patches/S2_24-11-19_48PZC/S2_24-11-19_48PZC_5_cl.tif,patches/S2_24-11-19_48PZC/S2_24-11-19_48PZC_5_conf.tif,train,108.42955198632815,15.85750096661188,EPSG:32648,10.0,10.0,11,float32,,"(1.0, 1.0, 1.0, 1.0, 1.0, 1.0, 1.0, 1.0, 1.0, 1.0, 1.0)","(0.0, 0.0, 0.0, 0.0, 0.0, 0.0, 0.0, 0.0, 0.0, 0.0, 0.0)",866100.0,1754900.0,868660.0,1757460.0,65536,21,65536,21,0,0,0,0,0,0,7c7846a7904089da1a48e3aef954c440eb2254df5c97f8ecf723c11d503bdcae,c071ffed37518cd8f37bf41a58beae4f05429e96796ad533f2dfd36c9226aa56,479c71ff3f626983c67afa168e78447cb3056770ba9e07f3b8ed2b79ba743f6d,65515,0,0,0,0,0,0,0,0,0,21,0,0,0,0,0
756,24-11-19_48PZC_6,24-11-19_48PZC,2019-11-24,48PZC,6,patches/S2_24-11-19_48PZC/S2_24-11-19_48PZC_6.tif,patches/S2_24-11-19_48PZC/S2_24-11-19_48PZC_6_cl.tif,patches/S2_24-11-19_48PZC/S2_24-11-19_48PZC_6_conf.tif,train,108.45381271097831,15.880222809184733,EPSG:32648,10.0,10.0,11,float32,,"(1.0, 1.0, 1.0, 1.0, 1.0, 1.0, 1.0, 1.0, 1.0, 1.0, 1.0)","(0.0, 0.0, 0.0, 0.0, 0.0, 0.0, 0.0, 0.0, 0.0, 0.0, 0.0)",868660.0,1757460.0,871220.0,1760020.0,65536,192,65536,192,0,0,0,0,0,0,e8c8b0ddd88f17fd0f1f43126d71358d1365bf09792a9f3a141418022b95d15a,f83ae948a0a34ba90cf18dc6d77341972de1c3120222dc004054bec8f77490ee,fa86aa657e6244a704d3e041214700ed70d386b1baae18001c3916262829c134,65344,0,0,0,0,0,184,0,0,0,0,0,0,8,0,0
757,24-11-19_48PZC_7,24-11-19_48PZC,2019-11-24,48PZC,7,patches/S2_24-11-19_48PZC/S2_24-11-19_48PZC_7.tif,patches/S2_24-11-19_48PZC/S2_24-11-19_48PZC_7_cl.tif,patches/S2_24-11-19_48PZC/S2_24-11-19_48PZC_7_conf.tif,train,108.47768162656317,15.879839983341089,EPSG:32648,10.0,10.0,11,float32,,"(1.0, 1.0, 1.0, 1.0, 1.0, 1.0, 1.0, 1.0, 1.0, 1.0, 1.0)","(0.0, 0.0, 0.0, 0.0, 0.0, 0.0, 0.0, 0.0, 0.0, 0.0, 0.0)",871220.0,1757460.0,873780.0,1760020.0,65536,470,65536,470,0,0,0,0,0,0,682a9ee021dc4abea4595879bc202bff943a094d67f8fdbec1f4798879f5ae3b,2f426a07c25e75a9fc612ee6566421efcefd6ed49d873c5940a7a3204bd326de,cfc85034a2812e7fd1b1ea2880f083a485375c104dadbc0c568fd162d58e16d2,65066,0,0,0,0,0,93,317,0,0,0,0,0,60,0,0
758,24-11-19_48PZC_8,24-11-19_48PZC,2019-11-24,48PZC,8,patches/S2_24-11-19_48PZC/S2_24-11-19_48PZC_8.tif,patches/S2_24-11-19_48PZC/S2_24-11-19_48PZC_8_cl.tif,patches/S2_24-11-19_48PZC/S2_24-11-19_48PZC_8_conf.tif,train,108.4772850483999,15.856739106156827,EPSG:32648,10.0,10.0,11,float32,,"(1.0, 1.0, 1.0, 1.0, 1.0, 1.0, 1.0, 1.0, 1.0, 1.0, 1.0)","(0.0, 0.0, 0.0, 0.0, 0.0, 0.0, 0.0, 0.0, 0.0, 0.0, 0.0)",871220.0,1754900.0,873780.0,1757460.0,65536,43,65536,43,0,0,0,0,0,0,ced09cd8f377d2be0270bce9bc4deddb22c940afe12708f9d2d4626e2c2dcd6f,f50efdf934390065d334059df035d9583eb9c5d3c12a58add068de16b83dcd8f,68b88a66d99285ff3662ca83b63ad6c497328bed8dae79e507734cae55f2cc77,65493,0,0,0,0,0,43,0,0,0,0,0,0,0,0,0
759,24-3-20_18QYF_0,24-3-20_18QYF,2020-03-24,18QYF,0,patches/S2_24-3-20_18QYF/S2_24-3-20_18QYF_0.tif,patches/S2_24-3-20_18QYF/S2_24-3-20_18QYF_0_cl.tif,patches/S2_24-3-20_18QYF/S2_24-3-20_18QYF_0_conf.tif,val,-72.83210750829025,18.46025947065505,EPSG:32618,10.0,10.0,11,float32,,"(1.0, 1.0, 1.0, 1.0, 1.0, 1.0, 1.0, 1.0, 1.0, 1.0, 1.0)","(0.0, 0.0, 0.0, 0.0, 0.0, 0.0, 0.0, 0.0, 0.0, 0.0, 0.0)",727660.0,2041200.0,730220.0,2043760.0,65536,61,65536,61,0,0,0,0,0,0,d62cdce451f3e57680d881b3a990ac03ff38f611a0d7f1d71e5916f30232bbe1,e90639b94beb43f5837d9649faff02687b38bc314a8254af7450fdb03370c298,9cb8b71ed711cb446006c83eaf2a118d6bb17e7eac0eb6b52f0dd814c78acca1,65475,0,0,0,38,0,0,23,0,0,0,0,0,0,0,0
760,24-3-20_18QYF_1,24-3-20_18QYF,2020-03-24,18QYF,1,patches/S2_24-3-20_18QYF/S2_24-3-20_18QYF_1.tif,patches/S2_24-3-20_18QYF/S2_24-3-20_18QYF_1_cl.tif,patches/S2_24-3-20_18QYF/S2_24-3-20_18QYF_1_conf.tif,val,-72.83239771474587,18.437138283171887,EPSG:32618,10.0,10.0,11,float32,,"(1.0, 1.0, 1.0, 1.0, 1.0, 1.0, 1.0, 1.0, 1.0, 1.0, 1.0)","(0.0, 0.0, 0.0, 0.0, 0.0, 0.0, 0.0, 0.0, 0.0, 0.0, 0.0)",727660.0,2038640.0,730220.0,2041200.0,65536,33,65536,33,0,0,0,0,0,0,3d5aea9ccba35083c11b34bab332d87d84ed000dc84e99502beb650eaab3e52f,c62dcceb236ddbc514fc307e6329b3078a85ea19553e2b44b3e891f447ddc41b,e5603fc9ea25ae9d0548785811343d2a60c4e1565effa63c7ab2a7cc80e07683,65503,0,0,0,0,0,0,25,0,0,0,8,0,0,0,0
761,24-4-19_36JUN_0,24-4-19_36JUN,2019-04-24,36JUN,0,patches/S2_24-4-19_36JUN/S2_24-4-19_36JUN_0.tif,patches/S2_24-4-19_36JUN/S2_24-4-19_36JUN_0_cl.tif,patches/S2_24-4-19_36JUN/S2_24-4-19_36JUN_0_conf.tif,train,31.064604186402526,-29.862122270668895,EPSG:32736,10.0,10.0,11,float32,,"(1.0, 1.0, 1.0, 1.0, 1.0, 1.0, 1.0, 1.0, 1.0, 1.0, 1.0)","(0.0, 0.0, 0.0, 0.0, 0.0, 0.0, 0.0, 0.0, 0.0, 0.0, 0.0)",311780.0,6693640.0,314340.0,6696200.0,65536,6,65536,6,0,0,0,0,0,0,83d39ebb21be7d190bc7eb1395dba9dea2bfcb941cdbc395aa085342bdeb3a2e,1fc42e6c873131756da4c6aaa3e2aef2c1da113aedbf6893cf8b0cec6edc492a,0775988f5ed34248c503a564cb44379516c13487834231377ad3b7f56a908f30,65530,4,0,0,0,0,0,2,0,0,0,0,0,0,0,0
762,24-4-19_36JUN_1,24-4-19_36JUN,2019-04-24,36JUN,1,patches/S2_24-4-19_36JUN/S2_24-4-19_36JUN_1.tif,patches/S2_24-4-19_36JUN/S2_24-4-19_36JUN_1_cl.tif,patches/S2_24-4-19_36JUN/S2_24-4-19_36JUN_1_conf.tif,train,31.06415819939527,-29.88521248492835,EPSG:32736,10.0,10.0,11,float32,,"(1.0, 1.0, 1.0, 1.0, 1.0, 1.0, 1.0, 1.0, 1.0, 1.0, 1.0)","(0.0, 0.0, 0.0, 0.0, 0.0, 0.0, 0.0, 0.0, 0.0, 0.0, 0.0)",311780.0,6691080.0,314340.0,6693640.0,65536,1,65536,1,0,0,0,0,0,0,0e5bfaae48197d099d2d03aef8e5a904da49ccea8ce73a8192a33e0e706ee625,ae9836824e7466177d0f626d7484a89ad6a562f0aaa9606fe6f127a2439876cb,0c54888529cacdb914839d65a35b0fca6a5a4eb7c4c76cc63bb829222b057d46,65535,0,0,0,0,0,0,1,0,0,0,0,0,0,0,0
763,24-4-19_36JUN_10,24-4-19_36JUN,2019-04-24,36JUN,10,patches/S2_24-4-19_36JUN/S2_24-4-19_36JUN_10.tif,patches/S2_24-4-19_36JUN/S2_24-4-19_36JUN_10_cl.tif,patches/S2_24-4-19_36JUN/S2_24-4-19_36JUN_10_conf.tif,train,31.146210969447072,-29.7478062186646,EPSG:32736,10.0,10.0,11,float32,,"(1.0, 1.0, 1.0, 1.0, 1.0, 1.0, 1.0, 1.0, 1.0, 1.0, 1.0)","(0.0, 0.0, 0.0, 0.0, 0.0, 0.0, 0.0, 0.0, 0.0, 0.0, 0.0)",319460.0,6706440.0,322020.0,6709000.0,65536,121,65536,121,0,0,0,0,0,0,66c5aed745f7ac27c3c8ba6782e9c4a907a33470fd233a4275223c96556f4ec3,1e4128b18ae6c4a0de1bd88c785aa023be3329812409e57f9019fcc38e30febd,de8e0c03c305793f74a181e1572d29a50281125aa4432f30e5e658a4ba0d5dde,65415,0,0,0,0,121,0,0,0,0,0,0,0,0,0,0
764,24-4-19_36JUN_11,24-4-19_36JUN,2019-04-24,36JUN,11,patches/S2_24-4-19_36JUN/S2_24-4-19_36JUN_11.tif,patches/S2_24-4-19_36JUN/S2_24-4-19_36JUN_11_cl.tif,patches/S2_24-4-19_36JUN/S2_24-4-19_36JUN_11_conf.tif,train,31.144507119795147,-29.840172525946986,EPSG:32736,10.0,10.0,11,float32,,"(1.0, 1.0, 1.0, 1.0, 1.0, 1.0, 1.0, 1.0, 1.0, 1.0, 1.0)","(0.0, 0.0, 0.0, 0.0, 0.0, 0.0, 0.0, 0.0, 0.0, 0.0, 0.0)",319460.0,6696200.0,322020.0,6698760.0,65536,344,65536,344,0,0,0,0,0,0,14891b5e6f71cc5805b4f8a2cc47e4342c91943173d4ac28d4da15db858cbfba,c4e0ea2e23ecee1af4a7da0e601eace29741ec3c50abef674a078d15f6acfbaa,91feaca8c4f3240a1c5e37cca965eeffe7660178b81c4355075a2029992faa7c,65192,0,0,0,0,0,0,344,0,0,0,0,0,0,0,0
765,24-4-19_36JUN_12,24-4-19_36JUN,2019-04-24,36JUN,12,patches/S2_24-4-19_36JUN/S2_24-4-19_36JUN_12.tif,patches/S2_24-4-19_36JUN/S2_24-4-19_36JUN_12_cl.tif,patches/S2_24-4-19_36JUN/S2_24-4-19_36JUN_12_conf.tif,train,31.144079917620726,-29.863263886993618,EPSG:32736,10.0,10.0,11,float32,,"(1.0, 1.0, 1.0, 1.0, 1.0, 1.0, 1.0, 1.0, 1.0, 1.0, 1.0)","(0.0, 0.0, 0.0, 0.0, 0.0, 0.0, 0.0, 0.0, 0.0, 0.0, 0.0)",319460.0,6693640.0,322020.0,6696200.0,65536,223,65536,223,0,0,0,0,0,0,b420f9d452999eb294c0ba9762cb895d124f689525a805c72bb50073284dd5c1,4159d24c765e5b16204a099c4981e8be0de98eff8a07de793f21f4f075a27d71,5e6381ef670975c640013494881ec8ac0bc79f4815475ea08172d026c753c7d2,65313,0,0,0,0,0,0,223,0,0,0,0,0,0,0,0
766,24-4-19_36JUN_13,24-4-19_36JUN,2019-04-24,36JUN,13,patches/S2_24-4-19_36JUN/S2_24-4-19_36JUN_13.tif,patches/S2_24-4-19_36JUN/S2_24-4-19_36JUN_13_cl.tif,patches/S2_24-4-19_36JUN/S2_24-4-19_36JUN_13_conf.tif,train,31.173510358151944,-29.701990061593644,EPSG:32736,10.0,10.0,11,float32,,"(1.0, 1.0, 1.0, 1.0, 1.0, 1.0, 1.0, 1.0, 1.0, 1.0, 1.0)","(0.0, 0.0, 0.0, 0.0, 0.0, 0.0, 0.0, 0.0, 0.0, 0.0, 0.0)",322020.0,6711560.0,324580.0,6714120.0,65536,80,65536,80,0,0,0,0,0,0,67967fc16d20ed08291bbb2fcc03549ace07743827be8bd648cf756d21e741ab,7863bb9226fed53db1fa1dfa244fae6f47e79b35dc117328b213daf766f3d1fa,56eb312d70a6b89f5839b339c540bc4185253d30b6ff4e348f91c0ab35ce667f,65456,0,0,0,0,80,0,0,0,0,0,0,0,0,0,0
767,24-4-19_36JUN_14,24-4-19_36JUN,2019-04-24,36JUN,14,patches/S2_24-4-19_36JUN/S2_24-4-19_36JUN_14.tif,patches/S2_24-4-19_36JUN/S2_24-4-19_36JUN_14_cl.tif,patches/S2_24-4-19_36JUN/S2_24-4-19_36JUN_14_conf.tif,train,31.173092174673716,-29.725082282610675,EPSG:32736,10.0,10.0,11,float32,,"(1.0, 1.0, 1.0, 1.0, 1.0, 1.0, 1.0, 1.0, 1.0, 1.0, 1.0)","(0.0, 0.0, 0.0, 0.0, 0.0, 0.0, 0.0, 0.0, 0.0, 0.0, 0.0)",322020.0,6709000.0,324580.0,6711560.0,65536,96,65536,96,0,0,0,0,0,0,6f156421bb987e5ee0e3120e4f3164a89a2a381d6d407149995b2f106f5d1743,79bceaf19944f8c25be567d50e10a1e23d9c01e90f2a42d9574bc4b7a7129905,8e49c1f6b307c1ac980dc6e8676bfaecc0f614855bd3108b6e94ab2a6a893f76,65440,0,0,0,0,96,0,0,0,0,0,0,0,0,0,0
768,24-4-19_36JUN_15,24-4-19_36JUN,2019-04-24,36JUN,15,patches/S2_24-4-19_36JUN/S2_24-4-19_36JUN_15.tif,patches/S2_24-4-19_36JUN/S2_24-4-19_36JUN_15_cl.tif,patches/S2_24-4-19_36JUN/S2_24-4-19_36JUN_15_conf.tif,train,31.200372933255707,-29.679259652799427,EPSG:32736,10.0,10.0,11,float32,,"(1.0, 1.0, 1.0, 1.0, 1.0, 1.0, 1.0, 1.0, 1.0, 1.0, 1.0)","(0.0, 0.0, 0.0, 0.0, 0.0, 0.0, 0.0, 0.0, 0.0, 0.0, 0.0)",324580.0,6714120.0,327140.0,6716680.0,65536,11,65536,11,0,0,0,0,0,0,220e5a1fd70fa87aab75c70004419473e95172c1cb74e73af4e6623343ebf9f4,bd098a5f59cdde0094e7c8e1c8a2b53fe3147644139d15cf7e4451ec1b68bc28,ac84f13fb7a45469be265422e3c466befcdf0e3ce018c9cbede3c0f5211851fd,65525,11,0,0,0,0,0,0,0,0,0,0,0,0,0,0
769,24-4-19_36JUN_16,24-4-19_36JUN,2019-04-24,36JUN,16,patches/S2_24-4-19_36JUN/S2_24-4-19_36JUN_16.tif,patches/S2_24-4-19_36JUN/S2_24-4-19_36JUN_16_cl.tif,patches/S2_24-4-19_36JUN/S2_24-4-19_36JUN_16_conf.tif,train,31.1999612772709,-29.70235229720016,EPSG:32736,10.0,10.0,11,float32,,"(1.0, 1.0, 1.0, 1.0, 1.0, 1.0, 1.0, 1.0, 1.0, 1.0, 1.0)","(0.0, 0.0, 0.0, 0.0, 0.0, 0.0, 0.0, 0.0, 0.0, 0.0, 0.0)",324580.0,6711560.0,327140.0,6714120.0,65536,4,65536,4,0,0,0,0,0,0,efc7166df37f42dabd4f1078a287ba0bec9f65f98134a1c0a76a462a9f8f47f5,23ce83316947fa0274960eaa57101e661287f9d76bf20ed37638e688f92c2eb8,8f784ac085bbe5750acdea850d994eaa3ec60e0ce3fe4ecc1e87cc81c2e579d2,65532,3,0,0,0,0,0,1,0,0,0,0,0,0,0,0
770,24-4-19_36JUN_17,24-4-19_36JUN,2019-04-24,36JUN,17,patches/S2_24-4-19_36JUN/S2_24-4-19_36JUN_17.tif,patches/S2_24-4-19_36JUN/S2_24-4-19_36JUN_17_cl.tif,patches/S2_24-4-19_36JUN/S2_24-4-19_36JUN_17_conf.tif,train,31.197481256472248,-29.840906360683427,EPSG:32736,10.0,10.0,11,float32,,"(1.0, 1.0, 1.0, 1.0, 1.0, 1.0, 1.0, 1.0, 1.0, 1.0, 1.0)","(0.0, 0.0, 0.0, 0.0, 0.0, 0.0, 0.0, 0.0, 0.0, 0.0, 0.0)",324580.0,6696200.0,327140.0,6698760.0,65536,1452,65536,1452,0,0,0,0,0,0,a3655b37c2dc683c3bbf63902dcaf4528b1381d596978329b52ac17e2206b5bc,97fcc330418cd94a16747bf69782ad0f2757eed080eb335f68b2a29f5b28f516,f636a85c91b00432ae8da2af9765746212dc4aed5d6330d1ecf39696d66d53ab,64084,0,0,0,0,0,1452,0,0,0,0,0,0,0,0,0
771,24-4-19_36JUN_18,24-4-19_36JUN,2019-04-24,36JUN,18,patches/S2_24-4-19_36JUN/S2_24-4-19_36JUN_18.tif,patches/S2_24-4-19_36JUN/S2_24-4-19_36JUN_18_cl.tif,patches/S2_24-4-19_36JUN/S2_24-4-19_36JUN_18_conf.tif,train,31.1970662345357,-29.863998403689454,EPSG:32736,10.0,10.0,11,float32,,"(1.0, 1.0, 1.0, 1.0, 1.0, 1.0, 1.0, 1.0, 1.0, 1.0, 1.0)","(0.0, 0.0, 0.0, 0.0, 0.0, 0.0, 0.0, 0.0, 0.0, 0.0, 0.0)",324580.0,6693640.0,327140.0,6696200.0,65536,535,65536,535,0,0,0,0,0,0,2e5df5830296270cd587cff438432eaf22cd142fd0b83b037a729a6a337404f0,bd4e7e4acfbdf4ac5e15c09fe5482cb080bed596ec4e05aa3644a13ee2ede6c9,25bbd91f7ea1e0f10f75ab45f7d240f79475e762bc45ef2ec84e78f92929e372,65001,0,0,0,0,0,535,0,0,0,0,0,0,0,0,0
772,24-4-19_36JUN_19,24-4-19_36JUN,2019-04-24,36JUN,19,patches/S2_24-4-19_36JUN/S2_24-4-19_36JUN_19.tif,patches/S2_24-4-19_36JUN/S2_24-4-19_36JUN_19_cl.tif,patches/S2_24-4-19_36JUN/S2_24-4-19_36JUN_19_conf.tif,train,31.226818290377352,-29.67961627733452,EPSG:32736,10.0,10.0,11,float32,,"(1.0, 1.0, 1.0, 1.0, 1.0, 1.0, 1.0, 1.0, 1.0, 1.0, 1.0)","(0.0, 0.0, 0.0, 0.0, 0.0, 0.0, 0.0, 0.0, 0.0, 0.0, 0.0)",327140.0,6714120.0,329700.0,6716680.0,65536,92,65536,92,0,0,0,0,0,0,5019a6e2764d3f03c100d49b76f761254f20900b54662c2c5a7d8454fc930473,bb73faabe1bdf79b2dbd086aa62957c4e5d5cd22075ab4669203ae9afcb53498,ffe857eeec0fa4f841caae24bc033c5d0efb7dea12ca4cff8d1ce6c674624e78,65444,0,0,0,0,92,0,0,0,0,0,0,0,0,0,0
773,24-4-19_36JUN_2,24-4-19_36JUN,2019-04-24,36JUN,2,patches/S2_24-4-19_36JUN/S2_24-4-19_36JUN_2.tif,patches/S2_24-4-19_36JUN/S2_24-4-19_36JUN_2_cl.tif,patches/S2_24-4-19_36JUN/S2_24-4-19_36JUN_2_conf.tif,train,31.091534968647835,-29.83941746176321,EPSG:32736,10.0,10.0,11,float32,,"(1.0, 1.0, 1.0, 1.0, 1.0, 1.0, 1.0, 1.0, 1.0, 1.0, 1.0)","(0.0, 0.0, 0.0, 0.0, 0.0, 0.0, 0.0, 0.0, 0.0, 0.0, 0.0)",314340.0,6696200.0,316900.0,6698760.0,65536,11,65536,11,0,0,0,0,0,0,9b8564f371c15de6191f1b5a12b8cd2303c6dfe633ecbc3a4090051f8bcb4e2b,f5bc336ebe390c63cd9cafe63b97d71c5b41ba8d4c1c5d688d1ff1a18ca9be40,079bdcc3e6fcacd57400869704399337c3492ac6f65df65042a7d59563325b95,65525,10,0,0,0,0,0,1,0,0,0,0,0,0,0,0
774,24-4-19_36JUN_20,24-4-19_36JUN,2019-04-24,36JUN,20,patches/S2_24-4-19_36JUN/S2_24-4-19_36JUN_20.tif,patches/S2_24-4-19_36JUN/S2_24-4-19_36JUN_20_cl.tif,patches/S2_24-4-19_36JUN/S2_24-4-19_36JUN_20_conf.tif,train,31.304993348726367,-29.749936085404926,EPSG:32736,10.0,10.0,11,float32,,"(1.0, 1.0, 1.0, 1.0, 1.0, 1.0, 1.0, 1.0, 1.0, 1.0, 1.0)","(0.0, 0.0, 0.0, 0.0, 0.0, 0.0, 0.0, 0.0, 0.0, 0.0, 0.0)",334820.0,6706440.0,337380.0,6709000.0,65536,599,65536,599,0,0,0,0,0,0,88d0b3d000e6656b8803ede0868bf359a5501568f5e39ebd31f3a1476545a691,75d2e84a51f218bcbb3c98eef890becdbfbad59849665a6b86095bfeaa5d628a,38b8d6579295698246bf78e3bc47de9142d303d574a0790513a69b0af85030dd,64937,0,0,0,0,0,599,0,0,0,0,0,0,0,0,0
775,24-4-19_36JUN_3,24-4-19_36JUN,2019-04-24,36JUN,3,patches/S2_24-4-19_36JUN/S2_24-4-19_36JUN_3.tif,patches/S2_24-4-19_36JUN/S2_24-4-19_36JUN_3_cl.tif,patches/S2_24-4-19_36JUN/S2_24-4-19_36JUN_3_conf.tif,train,31.09109558815321,-29.862508121131984,EPSG:32736,10.0,10.0,11,float32,,"(1.0, 1.0, 1.0, 1.0, 1.0, 1.0, 1.0, 1.0, 1.0, 1.0, 1.0)","(0.0, 0.0, 0.0, 0.0, 0.0, 0.0, 0.0, 0.0, 0.0, 0.0, 0.0)",314340.0,6693640.0,316900.0,6696200.0,65536,264,65536,264,0,0,0,0,0,0,dfe6ce20d6d0b73f71ac046cadcdaf463a483661566006fce484779e61961d67,0f81a2c95dff9a8b7ce90248c603e9d3eb33ec464a24826cd5196170ab11917c,6d3fe4a2930e996fa35cf3df9458818b6cb71d77025c542da21f77ddfd22c87c,65272,13,0,0,0,16,193,24,0,0,0,0,0,0,18,0
776,24-4-19_36JUN_4,24-4-19_36JUN,2019-04-24,36JUN,4,patches/S2_24-4-19_36JUN/S2_24-4-19_36JUN_4.tif,patches/S2_24-4-19_36JUN/S2_24-4-19_36JUN_4_cl.tif,patches/S2_24-4-19_36JUN/S2_24-4-19_36JUN_4_conf.tif,train,31.090655696644564,-29.88559869378477,EPSG:32736,10.0,10.0,11,float32,,"(1.0, 1.0, 1.0, 1.0, 1.0, 1.0, 1.0, 1.0, 1.0, 1.0, 1.0)","(0.0, 0.0, 0.0, 0.0, 0.0, 0.0, 0.0, 0.0, 0.0, 0.0, 0.0)",314340.0,6691080.0,316900.0,6693640.0,65536,1,65536,1,0,0,0,0,0,0,1d8b3d63a7919b9c05c628b9b5a6dc449ab4bab99455f6503259331faf5ef4f8,890905a4ff2c1233dacbe45e1be8d1aa718ad37bb1d67335e9c4fc5bf29a5325,dfd8dca393d193e3dc04bfb6a9e4d31fc98cd32b213670e47360ba9b5793f75e,65535,1,0,0,0,0,0,0,0,0,0,0,0,0,0,0
777,24-4-19_36JUN_5,24-4-19_36JUN,2019-04-24,36JUN,5,patches/S2_24-4-19_36JUN/S2_24-4-19_36JUN_5.tif,patches/S2_24-4-19_36JUN/S2_24-4-19_36JUN_5_cl.tif,patches/S2_24-4-19_36JUN/S2_24-4-19_36JUN_5_conf.tif,train,31.120179708295176,-29.72434128723626,EPSG:32736,10.0,10.0,11,float32,,"(1.0, 1.0, 1.0, 1.0, 1.0, 1.0, 1.0, 1.0, 1.0, 1.0, 1.0)","(0.0, 0.0, 0.0, 0.0, 0.0, 0.0, 0.0, 0.0, 0.0, 0.0, 0.0)",316900.0,6709000.0,319460.0,6711560.0,65536,78,65536,78,0,0,0,0,0,0,d05128550d54f44ae94d657c1a6bbff50dc48979baad8b2ca53d27054a0d6d35,edf86c0ed68e7543395c91ddf8f54283a667e04508699fcdb812aaae314938f2,a00c4bb4bc596b48db9381738ef7e974bbfeda9cb82c60a07b95a6791e064b6c,65458,0,0,0,0,78,0,0,0,0,0,0,0,0,0,0
778,24-4-19_36JUN_6,24-4-19_36JUN,2019-04-24,36JUN,6,patches/S2_24-4-19_36JUN/S2_24-4-19_36JUN_6.tif,patches/S2_24-4-19_36JUN/S2_24-4-19_36JUN_6_cl.tif,patches/S2_24-4-19_36JUN/S2_24-4-19_36JUN_6_conf.tif,train,31.119748929133067,-29.747432732009123,EPSG:32736,10.0,10.0,11,float32,,"(1.0, 1.0, 1.0, 1.0, 1.0, 1.0, 1.0, 1.0, 1.0, 1.0, 1.0)","(0.0, 0.0, 0.0, 0.0, 0.0, 0.0, 0.0, 0.0, 0.0, 0.0, 0.0)",316900.0,6706440.0,319460.0,6709000.0,65536,300,65536,300,0,0,0,0,0,0,7089d259ee51405fe0487bd2463c36655eb084b4b5c0ebca06401db8cdf88e55,ddf568ee945dab660bd8e2450cf4850e213033a0ee916c9c76963f0633ce8ce7,5de813ef40fdf4e57fbd4e059d0f7f51c48af1bd5617111f94d94077ff3ee143,65236,0,0,0,0,0,0,0,0,0,300,0,0,0,0,0
779,24-4-19_36JUN_7,24-4-19_36JUN,2019-04-24,36JUN,7,patches/S2_24-4-19_36JUN/S2_24-4-19_36JUN_7.tif,patches/S2_24-4-19_36JUN/S2_24-4-19_36JUN_7_cl.tif,patches/S2_24-4-19_36JUN/S2_24-4-19_36JUN_7_conf.tif,train,31.11802079249541,-29.83979764735653,EPSG:32736,10.0,10.0,11,float32,,"(1.0, 1.0, 1.0, 1.0, 1.0, 1.0, 1.0, 1.0, 1.0, 1.0, 1.0)","(0.0, 0.0, 0.0, 0.0, 0.0, 0.0, 0.0, 0.0, 0.0, 0.0, 0.0)",316900.0,6696200.0,319460.0,6698760.0,65536,81,65536,81,0,0,0,0,0,0,04a961e4691243c1be0302386481664558cadbf164ae91a0cb381a758313c73e,dc58528feb51e9fe32d053c81c0247bc2a4c3431c5ac11819d6f85a20029fab5,f5792f7b26f6270e22d741b77d8b9199bc3d9ba13221b5d1399dbfcefc7a86c5,65455,0,0,0,0,0,81,0,0,0,0,0,0,0,0,0
780,24-4-19_36JUN_8,24-4-19_36JUN,2019-04-24,36JUN,8,patches/S2_24-4-19_36JUN/S2_24-4-19_36JUN_8.tif,patches/S2_24-4-19_36JUN/S2_24-4-19_36JUN_8_cl.tif,patches/S2_24-4-19_36JUN/S2_24-4-19_36JUN_8_conf.tif,train,31.117587500917775,-29.862888660028815,EPSG:32736,10.0,10.0,11,float32,,"(1.0, 1.0, 1.0, 1.0, 1.0, 1.0, 1.0, 1.0, 1.0, 1.0, 1.0)","(0.0, 0.0, 0.0, 0.0, 0.0, 0.0, 0.0, 0.0, 0.0, 0.0, 0.0)",316900.0,6693640.0,319460.0,6696200.0,65536,648,65536,648,0,0,0,0,0,0,c9b766fe91ce2771cc2296ed6b89fe2e29df5933fdb29a247772ef6dbf8f12c6,9907fb812d56c5f3b5816b22d7412142c54c112797d594fb89523e858b0ca8c6,05fd333f27bede04fc1d24411106aca79e13d6dac8c1a856b3d5ab5533a8e191,64888,4,0,0,0,0,640,4,0,0,0,0,0,0,0,0
781,24-4-19_36JUN_9,24-4-19_36JUN,2019-04-24,36JUN,9,patches/S2_24-4-19_36JUN/S2_24-4-19_36JUN_9.tif,patches/S2_24-4-19_36JUN/S2_24-4-19_36JUN_9_cl.tif,patches/S2_24-4-19_36JUN/S2_24-4-19_36JUN_9_conf.tif,train,31.147059925526378,-29.701622547802938,EPSG:32736,10.0,10.0,11,float32,,"(1.0, 1.0, 1.0, 1.0, 1.0, 1.0, 1.0, 1.0, 1.0, 1.0, 1.0)","(0.0, 0.0, 0.0, 0.0, 0.0, 0.0, 0.0, 0.0, 0.0, 0.0, 0.0)",319460.0,6711560.0,322020.0,6714120.0,65536,142,65536,142,0,0,0,0,0,0,06c7dc31f58d2b10e73e4cd3275c16ddb6d715870b91b84dcc9e108fbc2bec7b,6594655acf851afb6c36470335484468c5ab833cb424b6c78d00be726743e4ce,ce81d2f44477279b64e7c1789ccd474ccc343ab57e74f7e8029422ad1fd50acf,65394,0,0,0,0,142,0,0,0,0,0,0,0,0,0,0
782,24-8-20_16PCC_0,24-8-20_16PCC,2020-08-24,16PCC,0,patches/S2_24-8-20_16PCC/S2_24-8-20_16PCC_0.tif,patches/S2_24-8-20_16PCC/S2_24-8-20_16PCC_0_cl.tif,patches/S2_24-8-20_16PCC/S2_24-8-20_16PCC_0_conf.tif,train,-88.28155704725931,16.09582434381272,EPSG:32616,10.0,10.0,11,float32,,"(1.0, 1.0, 1.0, 1.0, 1.0, 1.0, 1.0, 1.0, 1.0, 1.0, 1.0)","(0.0, 0.0, 0.0, 0.0, 0.0, 0.0, 0.0, 0.0, 0.0, 0.0, 0.0)",361660.0,1778680.0,364220.0,1781240.0,65536,1925,65536,1925,0,0,0,0,0,0,63ead4616ca2d4ece2cdf827225f4df653a554269fff6495603863cf83fe2288,632b6e2cd3951d189ba340d121d9e8a04e87b8e7ca46a711b34f7f02ee604e0f,dc1313b4577d75c6f7f36b59d672d7f4418445c1956afbaf0c1e5312bc9dcf83,63611,0,0,0,0,0,0,42,0,0,0,1883,0,0,0,0
783,24-8-20_16PCC_1,24-8-20_16PCC,2020-08-24,16PCC,1,patches/S2_24-8-20_16PCC/S2_24-8-20_16PCC_1.tif,patches/S2_24-8-20_16PCC/S2_24-8-20_16PCC_1_cl.tif,patches/S2_24-8-20_16PCC/S2_24-8-20_16PCC_1_conf.tif,train,-88.28081788806715,15.980136571605218,EPSG:32616,10.0,10.0,11,float32,,"(1.0, 1.0, 1.0, 1.0, 1.0, 1.0, 1.0, 1.0, 1.0, 1.0, 1.0)","(0.0, 0.0, 0.0, 0.0, 0.0, 0.0, 0.0, 0.0, 0.0, 0.0, 0.0)",361660.0,1765880.0,364220.0,1768440.0,65536,414,65536,414,0,0,0,0,0,0,c5ae9bd028e40d5725c841983de6282f312084bfc2764d7256541d676ffba9c1,1376994b972173357fe06b1226ed9e2f8d672f892460170f8d2c37f78d0428ef,0393d54e0eb2f30323d367aa4240805b34b85126333139b6065e7500abeaaf48,65122,0,0,0,0,0,373,12,0,0,0,0,0,29,0,0
784,24-8-20_16PCC_10,24-8-20_16PCC,2020-08-24,16PCC,10,patches/S2_24-8-20_16PCC/S2_24-8-20_16PCC_10.tif,patches/S2_24-8-20_16PCC/S2_24-8-20_16PCC_10_cl.tif,patches/S2_24-8-20_16PCC/S2_24-8-20_16PCC_10_conf.tif,train,-88.18568776194475,16.073238648983224,EPSG:32616,10.0,10.0,11,float32,,"(1.0, 1.0, 1.0, 1.0, 1.0, 1.0, 1.0, 1.0, 1.0, 1.0, 1.0)","(0.0, 0.0, 0.0, 0.0, 0.0, 0.0, 0.0, 0.0, 0.0, 0.0, 0.0)",371900.0,1776120.0,374460.0,1778680.0,65536,43,65536,43,0,0,0,0,0,0,9dc7231fbeac8ff7f013cd71ea6520a11a1fc33e6951c87b76b0a29a3dab54ef,a1e79519fe3d724dab047b90463b34cc111a4d807981ec4f89c2373c056f97ca,425065c233150d20a995aa6332b149e36fb86f70b370f03ab1e189d725402e9d,65493,0,0,0,0,0,0,43,0,0,0,0,0,0,0,0
785,24-8-20_16PCC_11,24-8-20_16PCC,2020-08-24,16PCC,11,patches/S2_24-8-20_16PCC/S2_24-8-20_16PCC_11.tif,patches/S2_24-8-20_16PCC/S2_24-8-20_16PCC_11_cl.tif,patches/S2_24-8-20_16PCC/S2_24-8-20_16PCC_11_conf.tif,train,-88.16175694841779,16.073369901996053,EPSG:32616,10.0,10.0,11,float32,,"(1.0, 1.0, 1.0, 1.0, 1.0, 1.0, 1.0, 1.0, 1.0, 1.0, 1.0)","(0.0, 0.0, 0.0, 0.0, 0.0, 0.0, 0.0, 0.0, 0.0, 0.0, 0.0)",374460.0,1776120.0,377020.0,1778680.0,65536,61,65536,61,0,0,0,0,0,0,842f89f6f19a86527d1e7b6755eb7432345ef7a11b5fde7bffc0a1ee0928c21b,d3206d6e252ee90a20b7bababd42d5c9d5dff619c5f232c0dfe1fbf95ddf1c35,91ef966d6511c70743c3aa08ebbaf21faa54b57182d8806fa61a073dac3e83e5,65475,0,0,0,0,0,0,61,0,0,0,0,0,0,0,0
786,24-8-20_16PCC_12,24-8-20_16PCC,2020-08-24,16PCC,12,patches/S2_24-8-20_16PCC/S2_24-8-20_16PCC_12.tif,patches/S2_24-8-20_16PCC/S2_24-8-20_16PCC_12_cl.tif,patches/S2_24-8-20_16PCC/S2_24-8-20_16PCC_12_conf.tif,train,-88.15976609232837,15.72628650927419,EPSG:32616,10.0,10.0,11,float32,,"(1.0, 1.0, 1.0, 1.0, 1.0, 1.0, 1.0, 1.0, 1.0, 1.0, 1.0)","(0.0, 0.0, 0.0, 0.0, 0.0, 0.0, 0.0, 0.0, 0.0, 0.0, 0.0)",374460.0,1737720.0,377020.0,1740280.0,65536,73,65536,73,0,0,0,60,0,0,2e59851a0d92d9fc25e5992b90e0ae83414e46ed9980cb0dc6e92963469ae321,dd0d39c63297ce14d3dd8a324208e496b4e1eecaacd56f4661b20b9ac07436b2,380495161f1373ca88d9ad7602412f73d06e8e30b637b7f13b02e3ee0717928b,65463,20,0,0,0,0,0,50,0,0,3,0,0,0,0,0
787,24-8-20_16PCC_13,24-8-20_16PCC,2020-08-24,16PCC,13,patches/S2_24-8-20_16PCC/S2_24-8-20_16PCC_13.tif,patches/S2_24-8-20_16PCC/S2_24-8-20_16PCC_13_cl.tif,patches/S2_24-8-20_16PCC/S2_24-8-20_16PCC_13_conf.tif,train,-88.13600454214719,15.749551610183977,EPSG:32616,10.0,10.0,11,float32,,"(1.0, 1.0, 1.0, 1.0, 1.0, 1.0, 1.0, 1.0, 1.0, 1.0, 1.0)","(0.0, 0.0, 0.0, 0.0, 0.0, 0.0, 0.0, 0.0, 0.0, 0.0, 0.0)",377020.0,1740280.0,379580.0,1742840.0,65536,4,65536,4,0,0,0,0,0,0,3950ed20981b16b277bf41e0c7a8c2b042df6dc18b7c621369dabc187ba0fd88,ac8655979f3bc6c7c1ffc61fdd5f7d9a72499e2e0acea62245e74dd19cf51109,f3d61c33f40f54d6246e3eaa87a417d9e55b90dd3fa6bdca9e6b1fb40864131f,65532,2,0,0,0,0,0,2,0,0,0,0,0,0,0,0
788,24-8-20_16PCC_14,24-8-20_16PCC,2020-08-24,16PCC,14,patches/S2_24-8-20_16PCC/S2_24-8-20_16PCC_14.tif,patches/S2_24-8-20_16PCC/S2_24-8-20_16PCC_14_cl.tif,patches/S2_24-8-20_16PCC/S2_24-8-20_16PCC_14_conf.tif,train,-88.11274368508808,15.865372245466524,EPSG:32616,10.0,10.0,11,float32,,"(1.0, 1.0, 1.0, 1.0, 1.0, 1.0, 1.0, 1.0, 1.0, 1.0, 1.0)","(0.0, 0.0, 0.0, 0.0, 0.0, 0.0, 0.0, 0.0, 0.0, 0.0, 0.0)",379580.0,1753080.0,382140.0,1755640.0,65536,7,65536,7,0,0,0,0,0,0,cb2e2d242a4b8b78a962323a4a0cd908f967b885bf932ba9d430a516eebb7c0e,08992c39fc9fbb5e93829e5bbbd504d20bf595ffa625eabdff6f29f1954e9e9f,f97c2070f5fdc5e737a5434781d5945b09c40cc5dc26705a516aeefa5e9f3180,65529,2,0,0,0,0,0,5,0,0,0,0,0,0,0,0
789,24-8-20_16PCC_15,24-8-20_16PCC,2020-08-24,16PCC,15,patches/S2_24-8-20_16PCC/S2_24-8-20_16PCC_15.tif,patches/S2_24-8-20_16PCC/S2_24-8-20_16PCC_15_cl.tif,patches/S2_24-8-20_16PCC/S2_24-8-20_16PCC_15_conf.tif,train,-88.11261684637834,15.842232866281215,EPSG:32616,10.0,10.0,11,float32,,"(1.0, 1.0, 1.0, 1.0, 1.0, 1.0, 1.0, 1.0, 1.0, 1.0, 1.0)","(0.0, 0.0, 0.0, 0.0, 0.0, 0.0, 0.0, 0.0, 0.0, 0.0, 0.0)",379580.0,1750520.0,382140.0,1753080.0,65536,35,65536,35,0,0,0,0,0,0,1f70c13754519c4b590cae78438d34f95111ec6b7eb3b83e76d1852b6b20168f,75aeff0ef5bbcca3ce3f0eb419af68db59b3922cdae070438d5ca7662a1b8af1,bb0de053ad4e147dd39f73e65d9392f235e22357d8e92e2cfc1e236cbad7d02f,65501,11,0,0,0,0,0,24,0,0,0,0,0,0,0,0
790,24-8-20_16PCC_16,24-8-20_16PCC,2020-08-24,16PCC,16,patches/S2_24-8-20_16PCC/S2_24-8-20_16PCC_16.tif,patches/S2_24-8-20_16PCC/S2_24-8-20_16PCC_16_cl.tif,patches/S2_24-8-20_16PCC/S2_24-8-20_16PCC_16_conf.tif,train,-88.11249021690469,15.819093436795015,EPSG:32616,10.0,10.0,11,float32,,"(1.0, 1.0, 1.0, 1.0, 1.0, 1.0, 1.0, 1.0, 1.0, 1.0, 1.0)","(0.0, 0.0, 0.0, 0.0, 0.0, 0.0, 0.0, 0.0, 0.0, 0.0, 0.0)",379580.0,1747960.0,382140.0,1750520.0,65536,4436,65536,4436,0,0,0,0,0,0,746a22ba1b7e8f119970dd92428fc99a91042e8ec1f519ccf7baacc6481d7614,c5c02b895f7a6191f14daf8e258143b0b88df7c7d629895206be0f7fe735883a,bdc8b2ee92e576d66670133fca390c820b22f264a8dcc575ca136339c153a992,61100,4,0,0,0,0,0,4432,0,0,0,0,0,0,0,0
791,24-8-20_16PCC_17,24-8-20_16PCC,2020-08-24,16PCC,17,patches/S2_24-8-20_16PCC/S2_24-8-20_16PCC_17.tif,patches/S2_24-8-20_16PCC/S2_24-8-20_16PCC_17_cl.tif,patches/S2_24-8-20_16PCC/S2_24-8-20_16PCC_17_conf.tif,train,-88.1123637965552,15.795953957074047,EPSG:32616,10.0,10.0,11,float32,,"(1.0, 1.0, 1.0, 1.0, 1.0, 1.0, 1.0, 1.0, 1.0, 1.0, 1.0)","(0.0, 0.0, 0.0, 0.0, 0.0, 0.0, 0.0, 0.0, 0.0, 0.0, 0.0)",379580.0,1745400.0,382140.0,1747960.0,65536,2,65536,2,0,0,0,0,0,0,855084bc51a67dac73c1a8d38c99cf1e88dba20460a62889bfdabe6d303bc476,458481073f628090bec7e00f3937754d929f01dd782ca2a4c2a44111e954f2ab,458481073f628090bec7e00f3937754d929f01dd782ca2a4c2a44111e954f2ab,65534,2,0,0,0,0,0,0,0,0,0,0,0,0,0,0
792,24-8-20_16PCC_18,24-8-20_16PCC,2020-08-24,16PCC,18,patches/S2_24-8-20_16PCC/S2_24-8-20_16PCC_18.tif,patches/S2_24-8-20_16PCC/S2_24-8-20_16PCC_18_cl.tif,patches/S2_24-8-20_16PCC/S2_24-8-20_16PCC_18_conf.tif,train,-88.0882184146272,15.749795465894513,EPSG:32616,10.0,10.0,11,float32,,"(1.0, 1.0, 1.0, 1.0, 1.0, 1.0, 1.0, 1.0, 1.0, 1.0, 1.0)","(0.0, 0.0, 0.0, 0.0, 0.0, 0.0, 0.0, 0.0, 0.0, 0.0, 0.0)",382140.0,1740280.0,384700.0,1742840.0,65536,697,65536,697,0,0,0,0,0,0,169a45f6423c67bcd130b738969c8ba6330d2a2222da338839e76aaf2572e4ec,db7685aa75052c50d54d7c8509e2c6c5d8ba69f48ecdc9d2cfb3506ae91ed4cd,ce0ede31bb4d28b0a30fddcd63accbeecd7d916db54aeed61d6f497e66da18d7,64839,1,0,0,0,0,0,696,0,0,0,0,0,0,0,0
793,24-8-20_16PCC_19,24-8-20_16PCC,2020-08-24,16PCC,19,patches/S2_24-8-20_16PCC/S2_24-8-20_16PCC_19.tif,patches/S2_24-8-20_16PCC/S2_24-8-20_16PCC_19_cl.tif,patches/S2_24-8-20_16PCC/S2_24-8-20_16PCC_19_conf.tif,train,-88.0644456329263,15.773053414431153,EPSG:32616,10.0,10.0,11,float32,,"(1.0, 1.0, 1.0, 1.0, 1.0, 1.0, 1.0, 1.0, 1.0, 1.0, 1.0)","(0.0, 0.0, 0.0, 0.0, 0.0, 0.0, 0.0, 0.0, 0.0, 0.0, 0.0)",384700.0,1742840.0,387260.0,1745400.0,65536,141,65536,141,0,0,0,0,0,0,ae637c4a81d62124d1aa6dda541807ec4f2c91726b6925d7c6a9c55479690c07,f30bb378d4c93b77fedefddc7bc3f9eb39ef271e5355eaf0c1841245c93ebb19,985f10aeecd242784c38618d6cb1ed119e103566b34f09bfe9fcd6dbe2de62bd,65395,2,0,0,0,99,0,40,0,0,0,0,0,0,0,0
794,24-8-20_16PCC_2,24-8-20_16PCC,2020-08-24,16PCC,2,patches/S2_24-8-20_16PCC/S2_24-8-20_16PCC_2.tif,patches/S2_24-8-20_16PCC/S2_24-8-20_16PCC_2_cl.tif,patches/S2_24-8-20_16PCC/S2_24-8-20_16PCC_2_conf.tif,train,-88.28067078112056,15.95699886386407,EPSG:32616,10.0,10.0,11,float32,,"(1.0, 1.0, 1.0, 1.0, 1.0, 1.0, 1.0, 1.0, 1.0, 1.0, 1.0)","(0.0, 0.0, 0.0, 0.0, 0.0, 0.0, 0.0, 0.0, 0.0, 0.0, 0.0)",361660.0,1763320.0,364220.0,1765880.0,65536,1267,65536,1267,0,0,0,0,0,0,734e672a50b0c2a5b2b3aae3ce9e67705787cd07252574926df3ec2e167163d6,3d021693943298a06f092eeffa81cb8045b5b1cc9168ea379e66a21cb70f6b00,8c2622838ad18b49eb6224bb995cde4306fbbe3470c4b2124b42e83d0100d8e1,64269,0,0,0,0,0,1240,27,0,0,0,0,0,0,0,0
795,24-8-20_16PCC_20,24-8-20_16PCC,2020-08-24,16PCC,20,patches/S2_24-8-20_16PCC/S2_24-8-20_16PCC_20.tif,patches/S2_24-8-20_16PCC/S2_24-8-20_16PCC_20_cl.tif,patches/S2_24-8-20_16PCC/S2_24-8-20_16PCC_20_conf.tif,train,-88.06432504216596,15.749913466187925,EPSG:32616,10.0,10.0,11,float32,,"(1.0, 1.0, 1.0, 1.0, 1.0, 1.0, 1.0, 1.0, 1.0, 1.0, 1.0)","(0.0, 0.0, 0.0, 0.0, 0.0, 0.0, 0.0, 0.0, 0.0, 0.0, 0.0)",384700.0,1740280.0,387260.0,1742840.0,65536,3,65536,3,0,0,0,0,0,0,5554119b0c3f2f333b2d721df8fb42f2b4ff95165b58c29494c8195ab7ef023e,4d9aafa6c0f89f38bb02a4a42c1118311ccff3da41c673db8120f7e3fa45bdc1,01426090265144e551dd93477e253bf9d63eeb9f6172ef5d7edb1cb58197f3a7,65533,0,0,0,3,0,0,0,0,0,0,0,0,0,0,0
796,24-8-20_16PCC_21,24-8-20_16PCC,2020-08-24,16PCC,21,patches/S2_24-8-20_16PCC/S2_24-8-20_16PCC_21.tif,patches/S2_24-8-20_16PCC/S2_24-8-20_16PCC_21_cl.tif,patches/S2_24-8-20_16PCC/S2_24-8-20_16PCC_21_conf.tif,train,-87.97007882518719,16.028043610376756,EPSG:32616,10.0,10.0,11,float32,,"(1.0, 1.0, 1.0, 1.0, 1.0, 1.0, 1.0, 1.0, 1.0, 1.0, 1.0)","(0.0, 0.0, 0.0, 0.0, 0.0, 0.0, 0.0, 0.0, 0.0, 0.0, 0.0)",394940.0,1771000.0,397500.0,1773560.0,65536,69,65536,69,0,0,0,0,0,0,38d878e50ac14654730fa8a7ec036a50f0c285a4c45d82c221d559a008f1d672,733f41620d8897a88c1f875ac2f57b25e75a534e686ab7291ef789d442c342ab,6f9664e5931094113a57b70a3af30e8f1b6a5b12b499afdc74b3a47b9045672a,65467,0,30,39,0,0,0,0,0,0,0,0,0,0,0,0
797,24-8-20_16PCC_22,24-8-20_16PCC,2020-08-24,16PCC,22,patches/S2_24-8-20_16PCC/S2_24-8-20_16PCC_22.tif,patches/S2_24-8-20_16PCC/S2_24-8-20_16PCC_22_cl.tif,patches/S2_24-8-20_16PCC/S2_24-8-20_16PCC_22_conf.tif,train,-87.96952178706117,15.91234268549043,EPSG:32616,10.0,10.0,11,float32,,"(1.0, 1.0, 1.0, 1.0, 1.0, 1.0, 1.0, 1.0, 1.0, 1.0, 1.0)","(0.0, 0.0, 0.0, 0.0, 0.0, 0.0, 0.0, 0.0, 0.0, 0.0, 0.0)",394940.0,1758200.0,397500.0,1760760.0,65536,168,65536,168,0,0,0,0,0,0,247be2819a13019110224ddcec319146e15a062b27a0ebd20fdb1df0cce300d0,d5a69e221d65348933bda158ec31cfc890bde02c726d3207e7e7ad7490f13f5d,7253ed50fcdc03e120744ab6800a815b78c9484a5eca7b8c3ce830c729f9c7dc,65368,0,0,0,0,0,0,6,0,0,0,0,0,0,162,0
798,24-8-20_16PCC_23,24-8-20_16PCC,2020-08-24,16PCC,23,patches/S2_24-8-20_16PCC/S2_24-8-20_16PCC_23.tif,patches/S2_24-8-20_16PCC/S2_24-8-20_16PCC_23_cl.tif,patches/S2_24-8-20_16PCC/S2_24-8-20_16PCC_23_conf.tif,train,-87.96941092754149,15.88920234945271,EPSG:32616,10.0,10.0,11,float32,,"(1.0, 1.0, 1.0, 1.0, 1.0, 1.0, 1.0, 1.0, 1.0, 1.0, 1.0)","(0.0, 0.0, 0.0, 0.0, 0.0, 0.0, 0.0, 0.0, 0.0, 0.0, 0.0)",394940.0,1755640.0,397500.0,1758200.0,65536,2336,65536,2336,0,0,0,0,0,0,ceea1e8a1724f528ad107579fbf4edc7b48ed08b592a43cc1638abfb9bf923b2,94c676000faf30e798379dad7b180d0b463c61f6050224c6236b70920aeb0c9c,63b0d49bb4de9b87930e6bb5b3d1c3a30aee9b32c3c6f442654e5ee95e36ad82,63200,0,0,0,0,87,0,1003,0,0,0,0,0,0,1246,0
799,24-8-20_16PCC_24,24-8-20_16PCC,2020-08-24,16PCC,24,patches/S2_24-8-20_16PCC/S2_24-8-20_16PCC_24.tif,patches/S2_24-8-20_16PCC/S2_24-8-20_16PCC_24_cl.tif,patches/S2_24-8-20_16PCC/S2_24-8-20_16PCC_24_conf.tif,train,-87.96918975582176,15.842921526841716,EPSG:32616,10.0,10.0,11,float32,,"(1.0, 1.0, 1.0, 1.0, 1.0, 1.0, 1.0, 1.0, 1.0, 1.0, 1.0)","(0.0, 0.0, 0.0, 0.0, 0.0, 0.0, 0.0, 0.0, 0.0, 0.0, 0.0)",394940.0,1750520.0,397500.0,1753080.0,65536,99,65536,99,0,0,0,0,0,0,6ee4a7862165b0f4ea75dcb7b82b203fbfd1c6715d894dace3018f4b8e7c0425,76c243c09498984b9ad0596f21692775ee17c607bee21e94785fbe67d9902679,3ac6ad1ecaea568fc602bf08c5f8c219ab87956e1d1a789d70c07cbf6767314f,65437,0,0,0,0,67,0,32,0,0,0,0,0,0,0,0
800,24-8-20_16PCC_25,24-8-20_16PCC,2020-08-24,16PCC,25,patches/S2_24-8-20_16PCC/S2_24-8-20_16PCC_25.tif,patches/S2_24-8-20_16PCC/S2_24-8-20_16PCC_25_cl.tif,patches/S2_24-8-20_16PCC/S2_24-8-20_16PCC_25_conf.tif,train,-87.94560842120924,15.912448726332514,EPSG:32616,10.0,10.0,11,float32,,"(1.0, 1.0, 1.0, 1.0, 1.0, 1.0, 1.0, 1.0, 1.0, 1.0, 1.0)","(0.0, 0.0, 0.0, 0.0, 0.0, 0.0, 0.0, 0.0, 0.0, 0.0, 0.0)",397500.0,1758200.0,400060.0,1760760.0,65536,844,65536,844,0,0,0,0,0,0,8d5b0d80e4dd253ada28e398af28a8991ded2491d5c0160e465a3247443c5795,af6c3b0750a83f0bd56c2c01290fb25efe4c58791e2d80ac226d09bbb7f74e5d,d6d3f1cafe96a59eb41415b1d0ac3d761cbb7438d56e2b1e90eb3bd82af35f43,64692,0,0,0,0,0,0,0,0,0,0,0,0,0,844,0
801,24-8-20_16PCC_26,24-8-20_16PCC,2020-08-24,16PCC,26,patches/S2_24-8-20_16PCC/S2_24-8-20_16PCC_26.tif,patches/S2_24-8-20_16PCC/S2_24-8-20_16PCC_26_cl.tif,patches/S2_24-8-20_16PCC/S2_24-8-20_16PCC_26_conf.tif,train,-87.94550029504683,15.88930822818222,EPSG:32616,10.0,10.0,11,float32,,"(1.0, 1.0, 1.0, 1.0, 1.0, 1.0, 1.0, 1.0, 1.0, 1.0, 1.0)","(0.0, 0.0, 0.0, 0.0, 0.0, 0.0, 0.0, 0.0, 0.0, 0.0, 0.0)",397500.0,1755640.0,400060.0,1758200.0,65536,41,65536,41,0,0,0,0,0,0,f1717b3491f78fce53cd6fff153ca3b6b7b4de05924fb6fa5d55dbf9df0fcd7f,944a11b6fc43c96fb6fc998e87959337ace03e2a49fe687e3338ab6dc3726757,536b9878a5b55f17ae6f7c99586bd269826444b44e99ad7d2841c2c816e5b0c9,65495,0,0,0,0,0,0,16,0,0,0,0,0,0,25,0
802,24-8-20_16PCC_27,24-8-20_16PCC,2020-08-24,16PCC,27,patches/S2_24-8-20_16PCC/S2_24-8-20_16PCC_27.tif,patches/S2_24-8-20_16PCC/S2_24-8-20_16PCC_27_cl.tif,patches/S2_24-8-20_16PCC/S2_24-8-20_16PCC_27_conf.tif,train,-87.94517698402062,15.819886433005403,EPSG:32616,10.0,10.0,11,float32,,"(1.0, 1.0, 1.0, 1.0, 1.0, 1.0, 1.0, 1.0, 1.0, 1.0, 1.0)","(0.0, 0.0, 0.0, 0.0, 0.0, 0.0, 0.0, 0.0, 0.0, 0.0, 0.0)",397500.0,1747960.0,400060.0,1750520.0,65536,19,65536,19,0,0,0,0,0,0,3a3789ab4f962b0ffea6ffcfb640f1005094ea99e27836bde580c5d250a392e7,1aa01d4cda9617097b932d644a08df3bbe4edc56872e2f191459952c39832ce3,82051f5b6baaaf97a855d44a0cebf85f40efbb1065f08bd7b7b4e5deaeb627a3,65517,0,0,0,0,9,0,0,0,0,10,0,0,0,0,0
803,24-8-20_16PCC_28,24-8-20_16PCC,2020-08-24,16PCC,28,patches/S2_24-8-20_16PCC/S2_24-8-20_16PCC_28.tif,patches/S2_24-8-20_16PCC/S2_24-8-20_16PCC_28_cl.tif,patches/S2_24-8-20_16PCC/S2_24-8-20_16PCC_28_conf.tif,train,-87.89860852717304,16.09777753665014,EPSG:32616,10.0,10.0,11,float32,,"(1.0, 1.0, 1.0, 1.0, 1.0, 1.0, 1.0, 1.0, 1.0, 1.0, 1.0)","(0.0, 0.0, 0.0, 0.0, 0.0, 0.0, 0.0, 0.0, 0.0, 0.0, 0.0)",402620.0,1778680.0,405180.0,1781240.0,65536,234,65536,234,0,0,0,0,0,0,3ddc35ce17c17071d8c0bfec63d5a367dddb584e57e2121779d7122cb810631d,c76e6b27b0c1125997f631cebe22b1f5dd0d5c73cbcd264350bb40c351296ef4,e391dbfa07c404259173bd31d3a9b0a5e5de09e869690d8ef9359468241c976c,65302,0,106,0,0,0,0,128,0,0,0,0,0,0,0,0
804,24-8-20_16PCC_3,24-8-20_16PCC,2020-08-24,16PCC,3,patches/S2_24-8-20_16PCC/S2_24-8-20_16PCC_3.tif,patches/S2_24-8-20_16PCC/S2_24-8-20_16PCC_3_cl.tif,patches/S2_24-8-20_16PCC/S2_24-8-20_16PCC_3_conf.tif,train,-88.27964778236425,15.795033486951423,EPSG:32616,10.0,10.0,11,float32,,"(1.0, 1.0, 1.0, 1.0, 1.0, 1.0, 1.0, 1.0, 1.0, 1.0, 1.0)","(0.0, 0.0, 0.0, 0.0, 0.0, 0.0, 0.0, 0.0, 0.0, 0.0, 0.0)",361660.0,1745400.0,364220.0,1747960.0,65536,99,65536,99,0,0,0,0,0,0,6f3015589cccd272b743982cb316fa3f5cb068dc5c058bb5edb687e828dcbc0d,7350f3b940ec4d2f4ccf694ba7ae202fc70a9a370d1b75d536e34b6e19169c82,73ff12fe1cba50843d67a003b4e6b19c79795fc12024ce4dd03320263be45034,65437,0,0,0,0,0,0,15,0,0,84,0,0,0,0,0
805,24-8-20_16PCC_4,24-8-20_16PCC,2020-08-24,16PCC,4,patches/S2_24-8-20_16PCC/S2_24-8-20_16PCC_4.tif,patches/S2_24-8-20_16PCC/S2_24-8-20_16PCC_4_cl.tif,patches/S2_24-8-20_16PCC/S2_24-8-20_16PCC_4_conf.tif,train,-88.27950260240094,15.771895373517161,EPSG:32616,10.0,10.0,11,float32,,"(1.0, 1.0, 1.0, 1.0, 1.0, 1.0, 1.0, 1.0, 1.0, 1.0, 1.0)","(0.0, 0.0, 0.0, 0.0, 0.0, 0.0, 0.0, 0.0, 0.0, 0.0, 0.0)",361660.0,1742840.0,364220.0,1745400.0,65536,2234,65536,2234,0,0,0,0,0,0,5c4b8fa03e579cd1db00acc8a97f3646498c736f6995f47a144dde2a2c9b6cd4,2d83b6c8060996382f012dc482518c1693cc529875c30f829459d134811716e6,1e49d82450600f18bfbd09a83d315c6ee374fc91a707d87ce3a481e704b99c81,63302,0,0,0,0,0,0,0,2122,0,112,0,0,0,0,0
806,24-8-20_16PCC_5,24-8-20_16PCC,2020-08-24,16PCC,5,patches/S2_24-8-20_16PCC/S2_24-8-20_16PCC_5.tif,patches/S2_24-8-20_16PCC/S2_24-8-20_16PCC_5_cl.tif,patches/S2_24-8-20_16PCC/S2_24-8-20_16PCC_5_conf.tif,train,-88.25560828495198,15.772034532529988,EPSG:32616,10.0,10.0,11,float32,,"(1.0, 1.0, 1.0, 1.0, 1.0, 1.0, 1.0, 1.0, 1.0, 1.0, 1.0)","(0.0, 0.0, 0.0, 0.0, 0.0, 0.0, 0.0, 0.0, 0.0, 0.0, 0.0)",364220.0,1742840.0,366780.0,1745400.0,65536,151,65536,151,0,0,0,40,0,0,a0195e0357152f5d4eca90924ea4e5a71be2005ed25742c2e17d4d04096641ed,c049faad26356c6344ac8437966caacd2e9ccf28c35fd38042fdf1eb4fbe909c,ba8371d1c979bf53a88ab6e803b53ea45a9edb12a2960f0e884a3d7370bb3665,65385,0,0,0,0,0,0,0,151,0,0,0,0,0,0,0
807,24-8-20_16PCC_6,24-8-20_16PCC,2020-08-24,16PCC,6,patches/S2_24-8-20_16PCC/S2_24-8-20_16PCC_6.tif,patches/S2_24-8-20_16PCC/S2_24-8-20_16PCC_6_cl.tif,patches/S2_24-8-20_16PCC/S2_24-8-20_16PCC_6_conf.tif,train,-88.23185349265505,15.795309608193046,EPSG:32616,10.0,10.0,11,float32,,"(1.0, 1.0, 1.0, 1.0, 1.0, 1.0, 1.0, 1.0, 1.0, 1.0, 1.0)","(0.0, 0.0, 0.0, 0.0, 0.0, 0.0, 0.0, 0.0, 0.0, 0.0, 0.0)",366780.0,1745400.0,369340.0,1747960.0,65536,3,65536,3,0,0,0,0,0,0,2f0aa2575b67aa57f2ea36c42010e8f0f819b0e8d3a0b869b90b2336eed35527,d5845f073a92d059aa1468e35f5c5f888e70476ab6671ef80e6158718a4e126e,d560df3bb510926850a4fcb1b5c6b989a03bef00f494df290b16524669e33648,65533,0,0,0,0,0,0,2,0,0,1,0,0,0,0,0
808,24-8-20_16PCC_7,24-8-20_16PCC,2020-08-24,16PCC,7,patches/S2_24-8-20_16PCC/S2_24-8-20_16PCC_7.tif,patches/S2_24-8-20_16PCC/S2_24-8-20_16PCC_7_cl.tif,patches/S2_24-8-20_16PCC/S2_24-8-20_16PCC_7_conf.tif,train,-88.23171373169382,15.772171069853961,EPSG:32616,10.0,10.0,11,float32,,"(1.0, 1.0, 1.0, 1.0, 1.0, 1.0, 1.0, 1.0, 1.0, 1.0, 1.0)","(0.0, 0.0, 0.0, 0.0, 0.0, 0.0, 0.0, 0.0, 0.0, 0.0, 0.0)",366780.0,1742840.0,369340.0,1745400.0,65536,194,65536,194,0,0,0,100,0,0,086ee9e51b389c0373bf099389e22afe26a01d816d5c3ee8e48bc79892452a90,764bee3bcd56c6c96b91207059552b46c0a654a0ed06dc32bb05859707a762d7,1292b4e3f3565edc05b8b92796ae869c1185c42c3b372578471e9734022e6ad4,65342,0,0,0,0,0,0,0,0,0,194,0,0,0,0,0
809,24-8-20_16PCC_8,24-8-20_16PCC,2020-08-24,16PCC,8,patches/S2_24-8-20_16PCC/S2_24-8-20_16PCC_8.tif,patches/S2_24-8-20_16PCC/S2_24-8-20_16PCC_8_cl.tif,patches/S2_24-8-20_16PCC/S2_24-8-20_16PCC_8_conf.tif,train,-88.20795599838439,15.795443730104695,EPSG:32616,10.0,10.0,11,float32,,"(1.0, 1.0, 1.0, 1.0, 1.0, 1.0, 1.0, 1.0, 1.0, 1.0, 1.0)","(0.0, 0.0, 0.0, 0.0, 0.0, 0.0, 0.0, 0.0, 0.0, 0.0, 0.0)",369340.0,1745400.0,371900.0,1747960.0,65536,2,65536,2,0,0,0,0,0,0,f608ce6b6fa04dfe63cf54cc431ae38cc0938526b3ab0277503faadd7d87c87e,cda078bbd184bf30ec3a51ea7ef77c26466dcec0c22de3f5756dfaae89d07b9d,a5cea686f38607b1a0b906acbe0c0ae9625bb68b39a262b0280804756edb30ad,65534,0,0,0,0,0,0,2,0,0,0,0,0,0,0,0
810,24-8-20_16PCC_9,24-8-20_16PCC,2020-08-24,16PCC,9,patches/S2_24-8-20_16PCC/S2_24-8-20_16PCC_9.tif,patches/S2_24-8-20_16PCC/S2_24-8-20_16PCC_9_cl.tif,patches/S2_24-8-20_16PCC/S2_24-8-20_16PCC_9_conf.tif,train,-88.2078189471106,15.772304985373818,EPSG:32616,10.0,10.0,11,float32,,"(1.0, 1.0, 1.0, 1.0, 1.0, 1.0, 1.0, 1.0, 1.0, 1.0, 1.0)","(0.0, 0.0, 0.0, 0.0, 0.0, 0.0, 0.0, 0.0, 0.0, 0.0, 0.0)",369340.0,1742840.0,371900.0,1745400.0,65536,2,65536,2,0,0,0,0,0,0,58481a854a3e4ea5d3c47b5916c6dcc236940cabc8324f995d146e39fd77f082,0a2b8283ddb0df2d5345153726b2b19c6411371eed610ac414c3c19868a8c0b6,f5c4e5f5975aabdd6c2fd22b2449daddd2338456a43fdb8dee9cc2d04ee96939,65534,2,0,0,0,0,0,0,0,0,0,0,0,0,0,0
811,25-5-19_48MXU_0,25-5-19_48MXU,2019-05-25,48MXU,0,patches/S2_25-5-19_48MXU/S2_25-5-19_48MXU_0.tif,patches/S2_25-5-19_48MXU/S2_25-5-19_48MXU_0_cl.tif,patches/S2_25-5-19_48MXU/S2_25-5-19_48MXU_0_conf.tif,train,105.98802045976032,-5.842407447628257,EPSG:32748,10.0,10.0,11,float32,,"(1.0, 1.0, 1.0, 1.0, 1.0, 1.0, 1.0, 1.0, 1.0, 1.0, 1.0)","(0.0, 0.0, 0.0, 0.0, 0.0, 0.0, 0.0, 0.0, 0.0, 0.0, 0.0)",608100.0,9352840.0,610660.0,9355400.0,65536,12,65536,12,0,0,0,0,0,0,3a293fe4b56e415d22acaf424ea882bcedbd99c364e9b8927f0baef659552528,32580d2f90fbdad45b02798e7a2ecbe095c37b5fe5f8610b709cd21b1688ae47,e08d4886d44c6c7175a4b0f46f1445b0c50e0cbe8396bb36713b036820ed44c7,65524,0,0,0,0,0,0,12,0,0,0,0,0,0,0,0
812,25-5-19_48MXU_1,25-5-19_48MXU,2019-05-25,48MXU,1,patches/S2_25-5-19_48MXU/S2_25-5-19_48MXU_1.tif,patches/S2_25-5-19_48MXU/S2_25-5-19_48MXU_1_cl.tif,patches/S2_25-5-19_48MXU/S2_25-5-19_48MXU_1_conf.tif,train,105.98806113240437,-5.86556268527795,EPSG:32748,10.0,10.0,11,float32,,"(1.0, 1.0, 1.0, 1.0, 1.0, 1.0, 1.0, 1.0, 1.0, 1.0, 1.0)","(0.0, 0.0, 0.0, 0.0, 0.0, 0.0, 0.0, 0.0, 0.0, 0.0, 0.0)",608100.0,9350280.0,610660.0,9352840.0,65536,195,65536,195,0,0,0,0,0,0,c5316c33fff03262416c53914e28d188bcf38f655a1d557455935e11838fcffd,46899b52cefb2100d937036e43229ba26a13bbc39e35788bfe6b5618ed58076d,5ee1f9c24e3b07fa2d8907f387717bbd808954de9415866504a250078f1979cd,65341,5,0,0,0,0,190,0,0,0,0,0,0,0,0,0
813,25-5-19_48MXU_2,25-5-19_48MXU,2019-05-25,48MXU,2,patches/S2_25-5-19_48MXU/S2_25-5-19_48MXU_2.tif,patches/S2_25-5-19_48MXU/S2_25-5-19_48MXU_2_cl.tif,patches/S2_25-5-19_48MXU/S2_25-5-19_48MXU_2_conf.tif,train,105.98810196873237,-5.888717903538774,EPSG:32748,10.0,10.0,11,float32,,"(1.0, 1.0, 1.0, 1.0, 1.0, 1.0, 1.0, 1.0, 1.0, 1.0, 1.0)","(0.0, 0.0, 0.0, 0.0, 0.0, 0.0, 0.0, 0.0, 0.0, 0.0, 0.0)",608100.0,9347720.0,610660.0,9350280.0,65536,35,65536,35,0,0,0,0,0,0,558fd60fd9075eb7e89cf414e6e8d9e89ce432d28676ce5c8e5d8b436984364e,b87753bcf8e0145e59a4c016becbb45745728fd2f0de98c6b0d84bb2034175d5,4f9815f6c029c69054bae69c227ed98e655ecc0547ea3b582c5f7c3b885dbd35,65501,0,0,0,0,0,15,0,0,0,0,0,0,20,0,0
814,25-5-19_48MXU_3,25-5-19_48MXU,2019-05-25,48MXU,3,patches/S2_25-5-19_48MXU/S2_25-5-19_48MXU_3.tif,patches/S2_25-5-19_48MXU/S2_25-5-19_48MXU_3_cl.tif,patches/S2_25-5-19_48MXU/S2_25-5-19_48MXU_3_conf.tif,train,106.01114231379587,-5.842366322887043,EPSG:32748,10.0,10.0,11,float32,,"(1.0, 1.0, 1.0, 1.0, 1.0, 1.0, 1.0, 1.0, 1.0, 1.0, 1.0)","(0.0, 0.0, 0.0, 0.0, 0.0, 0.0, 0.0, 0.0, 0.0, 0.0, 0.0)",610660.0,9352840.0,613220.0,9355400.0,65536,8,65536,8,0,0,0,0,0,0,d5871119fac106e5fecd12bdefe90df9f7ef0c6cc8ee7a470bd336c8ab12059d,99cf34173dabc9c8390800b54ad6b0dde32cb63ec1d9e67384993da95d190a1e,4935f1b40d03822c0534a2d023b0e7b94d1a6eaad4c4aac5816dd18c37855a8b,65528,5,0,0,0,0,0,3,0,0,0,0,0,0,0,0
815,25-5-19_48MXU_4,25-5-19_48MXU,2019-05-25,48MXU,4,patches/S2_25-5-19_48MXU/S2_25-5-19_48MXU_4.tif,patches/S2_25-5-19_48MXU/S2_25-5-19_48MXU_4_cl.tif,patches/S2_25-5-19_48MXU/S2_25-5-19_48MXU_4_conf.tif,train,106.0342640003526,-5.84232424726718,EPSG:32748,10.0,10.0,11,float32,,"(1.0, 1.0, 1.0, 1.0, 1.0, 1.0, 1.0, 1.0, 1.0, 1.0, 1.0)","(0.0, 0.0, 0.0, 0.0, 0.0, 0.0, 0.0, 0.0, 0.0, 0.0, 0.0)",613220.0,9352840.0,615780.0,9355400.0,65536,4,65536,4,0,0,0,4,0,0,e5fe26b4b70930064ec431cc7250209b151fcd95760fb3d7614b25740575b3cb,046af7861021b27bf8e1282ec8ea15ef78408f7cff870cfd12e660c89c967352,408b957cb5604291d6a2a835c6ff294587a72244f3e02909101bdaf7b391500e,65532,3,0,0,0,0,0,1,0,0,0,0,0,0,0,0
816,26-2-18_16PCC_0,26-2-18_16PCC,2018-02-26,16PCC,0,patches/S2_26-2-18_16PCC/S2_26-2-18_16PCC_0.tif,patches/S2_26-2-18_16PCC/S2_26-2-18_16PCC_0_cl.tif,patches/S2_26-2-18_16PCC/S2_26-2-18_16PCC_0_conf.tif,train,-88.70576498094182,15.80674738262249,EPSG:32616,10.0,10.0,11,float32,,"(1.0, 1.0, 1.0, 1.0, 1.0, 1.0, 1.0, 1.0, 1.0, 1.0, 1.0)","(0.0, 0.0, 0.0, 0.0, 0.0, 0.0, 0.0, 0.0, 0.0, 0.0, 0.0)",316020.0,1747020.0,318580.0,1749580.0,65536,38,65536,38,0,0,0,0,0,0,37afbd136c5e3abb5d06d800df79ce9384c838f46dc0f263494c344b0786e775,dbe51f6da7770f0c0261120cc792e3e8e24adfa06fb2853ccd1ced190929f0e5,943e5fc6b2719918c77059f94accbf91f6543b7e78266b46242e2f0878c744f0,65498,0,0,0,0,6,0,0,0,0,8,0,0,0,24,0
817,26-2-18_16PCC_1,26-2-18_16PCC,2018-02-26,16PCC,1,patches/S2_26-2-18_16PCC/S2_26-2-18_16PCC_1.tif,patches/S2_26-2-18_16PCC/S2_26-2-18_16PCC_1_cl.tif,patches/S2_26-2-18_16PCC/S2_26-2-18_16PCC_1_conf.tif,train,-88.68302356021624,15.945735839967949,EPSG:32616,10.0,10.0,11,float32,,"(1.0, 1.0, 1.0, 1.0, 1.0, 1.0, 1.0, 1.0, 1.0, 1.0, 1.0)","(0.0, 0.0, 0.0, 0.0, 0.0, 0.0, 0.0, 0.0, 0.0, 0.0, 0.0)",318580.0,1762380.0,321140.0,1764940.0,65536,3,65536,3,0,0,0,0,0,0,cf766857677ce6d93a318e7a7f4eba13027b141bfd0be044abfbd5a76446b7a5,ef700babe9662b93e0e3823b264f35405eb081d1586e1c91b53b65f0273c329a,a55a1de96f3344bdf7f22a8e25b24a98083ef8ea95831465560f5adfe8e63e4b,65533,2,0,0,0,0,0,1,0,0,0,0,0,0,0,0
818,26-2-18_16PCC_10,26-2-18_16PCC,2018-02-26,16PCC,10,patches/S2_26-2-18_16PCC/S2_26-2-18_16PCC_10.tif,patches/S2_26-2-18_16PCC/S2_26-2-18_16PCC_10_cl.tif,patches/S2_26-2-18_16PCC/S2_26-2-18_16PCC_10_conf.tif,train,-88.2993831654934,15.78642012697916,EPSG:32616,10.0,10.0,11,float32,,"(1.0, 1.0, 1.0, 1.0, 1.0, 1.0, 1.0, 1.0, 1.0, 1.0, 1.0)","(0.0, 0.0, 0.0, 0.0, 0.0, 0.0, 0.0, 0.0, 0.0, 0.0, 0.0)",359540.0,1744460.0,362100.0,1747020.0,65536,1302,65536,1302,0,0,0,0,0,0,1b54ce0226b5f7752dc5eb35d7b76f4ad7dc07c32c74df0134ce9367e331c125,690a450089c9a40d240a978e046d4de6c356b20963dea92b7039630d5f83d92a,a90ce6c1855420cfffaa2ee64103732a6e92ddbdab4313cb0512efd8b79a29a2,64234,0,0,0,0,0,0,0,0,0,1302,0,0,0,0,0
819,26-2-18_16PCC_11,26-2-18_16PCC,2018-02-26,16PCC,11,patches/S2_26-2-18_16PCC/S2_26-2-18_16PCC_11.tif,patches/S2_26-2-18_16PCC/S2_26-2-18_16PCC_11_cl.tif,patches/S2_26-2-18_16PCC/S2_26-2-18_16PCC_11_conf.tif,train,-88.29923583148476,15.763282175680422,EPSG:32616,10.0,10.0,11,float32,,"(1.0, 1.0, 1.0, 1.0, 1.0, 1.0, 1.0, 1.0, 1.0, 1.0, 1.0)","(0.0, 0.0, 0.0, 0.0, 0.0, 0.0, 0.0, 0.0, 0.0, 0.0, 0.0)",359540.0,1741900.0,362100.0,1744460.0,65536,2815,65536,2815,0,0,0,0,0,0,ce372ca09ab991f93f79a6a81f856b866e5c2472569df1e0ff3904df483cff40,38fa5ba0b3865617ac6ddd00ffd3aa84d59732d89cb3961f637edb86b1c905f7,35c653e7bd3a7340892ef9e281086ecdf8f2970b7b81c7bc0ca3e848849d33fd,62721,0,0,0,0,0,0,0,0,0,2815,0,0,0,0,0
820,26-2-18_16PCC_12,26-2-18_16PCC,2018-02-26,16PCC,12,patches/S2_26-2-18_16PCC/S2_26-2-18_16PCC_12.tif,patches/S2_26-2-18_16PCC/S2_26-2-18_16PCC_12_cl.tif,patches/S2_26-2-18_16PCC/S2_26-2-18_16PCC_12_conf.tif,train,-88.27665297983029,15.97166512597259,EPSG:32616,10.0,10.0,11,float32,,"(1.0, 1.0, 1.0, 1.0, 1.0, 1.0, 1.0, 1.0, 1.0, 1.0, 1.0)","(0.0, 0.0, 0.0, 0.0, 0.0, 0.0, 0.0, 0.0, 0.0, 0.0, 0.0)",362100.0,1764940.0,364660.0,1767500.0,65536,389,65536,389,0,0,0,0,0,0,429b0cc04c18d5feffc16e07a7f83de930de16cf80d7f74c8cd108cc65e7b38c,870e9b3a69062207d444ad6355a12c349be9883ea1dcdb815968db4a942e214a,9ff2ca97ab7c2c0bdcaf151a47d69c516d5b4c6a4d6a822804a9967b15c8aace,65147,0,0,0,0,0,247,60,0,0,0,0,0,82,0,0
821,26-2-18_16PCC_13,26-2-18_16PCC,2018-02-26,16PCC,13,patches/S2_26-2-18_16PCC/S2_26-2-18_16PCC_13.tif,patches/S2_26-2-18_16PCC/S2_26-2-18_16PCC_13_cl.tif,patches/S2_26-2-18_16PCC/S2_26-2-18_16PCC_13_conf.tif,train,-88.27650643308222,15.948527362305084,EPSG:32616,10.0,10.0,11,float32,,"(1.0, 1.0, 1.0, 1.0, 1.0, 1.0, 1.0, 1.0, 1.0, 1.0, 1.0)","(0.0, 0.0, 0.0, 0.0, 0.0, 0.0, 0.0, 0.0, 0.0, 0.0, 0.0)",362100.0,1762380.0,364660.0,1764940.0,65536,78,65536,78,0,0,0,0,0,0,8455c3ccc92780c60e2729e228577ac83118f6ce670346dbd28b4c0cd376c838,4c75717917c41ffe3326501904fbebddd37caa37e680b6ab153e5b6842b83a60,8584a59b8d3a9d173545ee5d85abf043c8a2689e29591a19ea75168f42ec053d,65458,0,0,0,0,0,78,0,0,0,0,0,0,0,0,0
822,26-2-18_16PCC_14,26-2-18_16PCC,2018-02-26,16PCC,14,patches/S2_26-2-18_16PCC/S2_26-2-18_16PCC_14.tif,patches/S2_26-2-18_16PCC/S2_26-2-18_16PCC_14_cl.tif,patches/S2_26-2-18_16PCC/S2_26-2-18_16PCC_14_conf.tif,train,-88.27534270641678,15.763423425722317,EPSG:32616,10.0,10.0,11,float32,,"(1.0, 1.0, 1.0, 1.0, 1.0, 1.0, 1.0, 1.0, 1.0, 1.0, 1.0)","(0.0, 0.0, 0.0, 0.0, 0.0, 0.0, 0.0, 0.0, 0.0, 0.0, 0.0)",362100.0,1741900.0,364660.0,1744460.0,65536,203,65536,203,0,0,0,0,0,0,66b765ee8707e6a40487a3d8af00765186d8d922bf1d7e581c0cd26a95967682,184774e442359ee3b60773fbc97f12fa47cb316c229ab53d3910aa44221684ea,4cad4ecec69ad2a5aae56c80b852761418290d6fed86785634bef1b8992ace6d,65333,0,0,0,0,0,0,0,0,0,203,0,0,0,0,0
823,26-2-18_16PCC_15,26-2-18_16PCC,2018-02-26,16PCC,15,patches/S2_26-2-18_16PCC/S2_26-2-18_16PCC_15.tif,patches/S2_26-2-18_16PCC/S2_26-2-18_16PCC_15_cl.tif,patches/S2_26-2-18_16PCC/S2_26-2-18_16PCC_15_conf.tif,train,-88.2527350832899,15.971805681443588,EPSG:32616,10.0,10.0,11,float32,,"(1.0, 1.0, 1.0, 1.0, 1.0, 1.0, 1.0, 1.0, 1.0, 1.0, 1.0)","(0.0, 0.0, 0.0, 0.0, 0.0, 0.0, 0.0, 0.0, 0.0, 0.0, 0.0)",364660.0,1764940.0,367220.0,1767500.0,65536,15,65536,15,0,0,0,0,0,0,94cc6df76cba61df01a0cac6b23734191263779d9e79ac0a4209b07c71593c9f,0cc8a5e8b56db52fd79e0cbbdb1926ac4238eb3c76c0cb495e1a893ba427c156,d63db45086389864ea3716d19c21b07d380f70fe8e0427a0eb2f957df6b225ad,65521,0,0,0,0,0,0,15,0,0,0,0,0,0,0,0
824,26-2-18_16PCC_16,26-2-18_16PCC,2018-02-26,16PCC,16,patches/S2_26-2-18_16PCC/S2_26-2-18_16PCC_16.tif,patches/S2_26-2-18_16PCC/S2_26-2-18_16PCC_16_cl.tif,patches/S2_26-2-18_16PCC/S2_26-2-18_16PCC_16_conf.tif,train,-88.22825410274989,15.879390524074498,EPSG:32616,10.0,10.0,11,float32,,"(1.0, 1.0, 1.0, 1.0, 1.0, 1.0, 1.0, 1.0, 1.0, 1.0, 1.0)","(0.0, 0.0, 0.0, 0.0, 0.0, 0.0, 0.0, 0.0, 0.0, 0.0, 0.0)",367220.0,1754700.0,369780.0,1757260.0,65536,55,65536,55,0,0,0,0,0,0,26656a6e9f0443f91ada6e68191d42a5428ea17caf79dc379754846406fecee3,c653030ba296e546e598f10ca76dd41ed0a2cb973a8b889f8f4cee52227c2f93,d4ca412e40463e54aac31fc9023b2c1113a843bbf09aedbefbf5df8f68e20d33,65481,0,0,0,0,4,0,36,0,0,0,0,0,0,15,0
825,26-2-18_16PCC_17,26-2-18_16PCC,2018-02-26,16PCC,17,patches/S2_26-2-18_16PCC/S2_26-2-18_16PCC_17.tif,patches/S2_26-2-18_16PCC/S2_26-2-18_16PCC_17_cl.tif,patches/S2_26-2-18_16PCC/S2_26-2-18_16PCC_17_conf.tif,train,-88.17976785622083,15.763962223646011,EPSG:32616,10.0,10.0,11,float32,,"(1.0, 1.0, 1.0, 1.0, 1.0, 1.0, 1.0, 1.0, 1.0, 1.0, 1.0)","(0.0, 0.0, 0.0, 0.0, 0.0, 0.0, 0.0, 0.0, 0.0, 0.0, 0.0)",372340.0,1741900.0,374900.0,1744460.0,65536,201,65536,201,0,0,0,0,0,0,302bed52510d9262a5cbd2694830dddfd53265e086ff3034d4c22fda9b71b2b2,8968ca0e9544072ddb14c1d704ea42b36e167cf1c38cba35ced981cd0485e039,100efaaca48a7d814898af75839a18cbe55a51759be3959cbcd9d764113834ec,65335,0,0,0,0,0,0,201,0,0,0,0,0,0,0,0
826,26-2-18_16PCC_18,26-2-18_16PCC,2018-02-26,16PCC,18,patches/S2_26-2-18_16PCC/S2_26-2-18_16PCC_18.tif,patches/S2_26-2-18_16PCC/S2_26-2-18_16PCC_18_cl.tif,patches/S2_26-2-18_16PCC/S2_26-2-18_16PCC_18_conf.tif,train,-88.13301206644601,15.949329619462535,EPSG:32616,10.0,10.0,11,float32,,"(1.0, 1.0, 1.0, 1.0, 1.0, 1.0, 1.0, 1.0, 1.0, 1.0, 1.0)","(0.0, 0.0, 0.0, 0.0, 0.0, 0.0, 0.0, 0.0, 0.0, 0.0, 0.0)",377460.0,1762380.0,380020.0,1764940.0,65536,300,65536,300,0,0,0,0,0,0,099e30113f425b176f4c4f1514829cb6616c6e0ee75fe609a02aa448528b6d13,968756967faa0787d3d3202d907bd7002e9643b595ca3871446833c9a60b988e,b3c0f5e9497a260587e99ec055b7c1202cf517ddacf21f52512997381106ca14,65236,0,0,0,0,0,0,300,0,0,0,0,0,0,0,0
827,26-2-18_16PCC_19,26-2-18_16PCC,2018-02-26,16PCC,19,patches/S2_26-2-18_16PCC/S2_26-2-18_16PCC_19.tif,patches/S2_26-2-18_16PCC/S2_26-2-18_16PCC_19_cl.tif,patches/S2_26-2-18_16PCC/S2_26-2-18_16PCC_19_conf.tif,train,-88.03675223719289,15.83411202613896,EPSG:32616,10.0,10.0,11,float32,,"(1.0, 1.0, 1.0, 1.0, 1.0, 1.0, 1.0, 1.0, 1.0, 1.0, 1.0)","(0.0, 0.0, 0.0, 0.0, 0.0, 0.0, 0.0, 0.0, 0.0, 0.0, 0.0)",387700.0,1749580.0,390260.0,1752140.0,65536,126,65536,126,0,0,0,0,0,0,1eaaa7faede570ef5adab87569342927b5b5edfe309bf65f125814128fa8e1cc,b25f5964eb0b47713c8bd2d85762c522cd93d92914625d2c521ccbc06068e749,95e1f981e03b5700d988c83c7ab7656345cdb32f060da6d7e5fb8881cae91452,65410,0,0,0,0,0,0,0,0,0,126,0,0,0,0,0
828,26-2-18_16PCC_2,26-2-18_16PCC,2018-02-26,16PCC,2,patches/S2_26-2-18_16PCC/S2_26-2-18_16PCC_2.tif,patches/S2_26-2-18_16PCC/S2_26-2-18_16PCC_2_cl.tif,patches/S2_26-2-18_16PCC/S2_26-2-18_16PCC_2_conf.tif,train,-88.68168024436801,15.78379986154286,EPSG:32616,10.0,10.0,11,float32,,"(1.0, 1.0, 1.0, 1.0, 1.0, 1.0, 1.0, 1.0, 1.0, 1.0, 1.0)","(0.0, 0.0, 0.0, 0.0, 0.0, 0.0, 0.0, 0.0, 0.0, 0.0, 0.0)",318580.0,1744460.0,321140.0,1747020.0,65536,83,65536,83,0,0,0,0,0,0,23df9ca9dd12e9a586c84c191cebfbb5bcbb8cca80efaacc49720f05270858c0,2d4a9b481709b0f3f4733295ea6d8c699993db6e67c739152da5a0186810d4ba,63e0167eb11f352e8bacd5584159399bd0099873513eb11452a5c99b9d2eeae6,65453,0,0,0,0,8,0,0,0,0,22,0,0,0,53,0
829,26-2-18_16PCC_20,26-2-18_16PCC,2018-02-26,16PCC,20,patches/S2_26-2-18_16PCC/S2_26-2-18_16PCC_20.tif,patches/S2_26-2-18_16PCC/S2_26-2-18_16PCC_20_cl.tif,patches/S2_26-2-18_16PCC/S2_26-2-18_16PCC_20_conf.tif,train,-88.01273336967662,15.811084770875118,EPSG:32616,10.0,10.0,11,float32,,"(1.0, 1.0, 1.0, 1.0, 1.0, 1.0, 1.0, 1.0, 1.0, 1.0, 1.0)","(0.0, 0.0, 0.0, 0.0, 0.0, 0.0, 0.0, 0.0, 0.0, 0.0, 0.0)",390260.0,1747020.0,392820.0,1749580.0,65536,130,65536,130,0,0,0,0,0,0,a7936757e1ec41c99effac7d5b2c6bcf89a8b33d1da9d2a9c49a7b0cdcdf2f4e,ca99497826bf9a0b894de9f1c3ef4872bdcfcfea3074014820961521a61b43e6,40f5f27b191d6c3466a7f173a9f2ce68d88c7d2c53678c7a59b71aae162ff317,65406,0,0,0,0,0,0,0,0,0,130,0,0,0,0,0
830,26-2-18_16PCC_21,26-2-18_16PCC,2018-02-26,16PCC,21,patches/S2_26-2-18_16PCC/S2_26-2-18_16PCC_21.tif,patches/S2_26-2-18_16PCC/S2_26-2-18_16PCC_21_cl.tif,patches/S2_26-2-18_16PCC/S2_26-2-18_16PCC_21_conf.tif,train,-88.01261834554849,15.787944522615136,EPSG:32616,10.0,10.0,11,float32,,"(1.0, 1.0, 1.0, 1.0, 1.0, 1.0, 1.0, 1.0, 1.0, 1.0, 1.0)","(0.0, 0.0, 0.0, 0.0, 0.0, 0.0, 0.0, 0.0, 0.0, 0.0, 0.0)",390260.0,1744460.0,392820.0,1747020.0,65536,874,65536,874,0,0,0,0,4,0,da83c22f0baa5ca02e9a42b6d4af5cb00685b5f3f4af5d0ff29f14acbe460407,257bbcfbc2893d52a9f2975027edf843319ab4235c0f7b05ec0c64277bc77e4b,80defac8022f2528bad56dc1f20ad5490d281f26d95787e24c054d5b7d8dc879,64662,0,0,0,0,0,0,0,0,0,874,0,0,0,0,0
831,26-2-18_16PCC_22,26-2-18_16PCC,2018-02-26,16PCC,22,patches/S2_26-2-18_16PCC/S2_26-2-18_16PCC_22.tif,patches/S2_26-2-18_16PCC/S2_26-2-18_16PCC_22_cl.tif,patches/S2_26-2-18_16PCC/S2_26-2-18_16PCC_22_conf.tif,train,-87.98894474066725,15.834335278636775,EPSG:32616,10.0,10.0,11,float32,,"(1.0, 1.0, 1.0, 1.0, 1.0, 1.0, 1.0, 1.0, 1.0, 1.0, 1.0)","(0.0, 0.0, 0.0, 0.0, 0.0, 0.0, 0.0, 0.0, 0.0, 0.0, 0.0)",392820.0,1749580.0,395380.0,1752140.0,65536,100,65536,100,0,0,0,0,0,0,a519c98db20e0cec7adddcf810779aca0afe1134c005d23d335f2f038b95251d,c735852d6728068d6a2a9ac579b63a5728f30dcc194737cc83b997b13f46b222,b92c4a628bc8ef78a9a7aa756a4f8ce92faaa932c3e3ff320951fb47716ec142,65436,0,0,0,0,66,0,34,0,0,0,0,0,0,0,0
832,26-2-18_16PCC_23,26-2-18_16PCC,2018-02-26,16PCC,23,patches/S2_26-2-18_16PCC/S2_26-2-18_16PCC_23.tif,patches/S2_26-2-18_16PCC/S2_26-2-18_16PCC_23_cl.tif,patches/S2_26-2-18_16PCC/S2_26-2-18_16PCC_23_conf.tif,train,-87.96504071121565,15.834442954689573,EPSG:32616,10.0,10.0,11,float32,,"(1.0, 1.0, 1.0, 1.0, 1.0, 1.0, 1.0, 1.0, 1.0, 1.0, 1.0)","(0.0, 0.0, 0.0, 0.0, 0.0, 0.0, 0.0, 0.0, 0.0, 0.0, 0.0)",395380.0,1749580.0,397940.0,1752140.0,65536,83,65536,83,0,0,0,0,0,0,b7b7ee59c9871845e7b5003b75d293b8a6c106f5617b2b71b944b16ead1c75ff,30928cef909025e5a4415a1e6d75d7a39e3c754fb7d7732775277248d74a92ce,bdfea4a3f2d5ecd61e439510ecdf5d400a70b0c26553e4b2992b7ffc0b80392a,65453,0,0,0,0,61,0,22,0,0,0,0,0,0,0,0
833,26-2-18_16PCC_3,26-2-18_16PCC,2018-02-26,16PCC,3,patches/S2_26-2-18_16PCC/S2_26-2-18_16PCC_3.tif,patches/S2_26-2-18_16PCC/S2_26-2-18_16PCC_3_cl.tif,patches/S2_26-2-18_16PCC/S2_26-2-18_16PCC_3_conf.tif,train,-88.65892299293719,15.922787415992499,EPSG:32616,10.0,10.0,11,float32,,"(1.0, 1.0, 1.0, 1.0, 1.0, 1.0, 1.0, 1.0, 1.0, 1.0, 1.0)","(0.0, 0.0, 0.0, 0.0, 0.0, 0.0, 0.0, 0.0, 0.0, 0.0, 0.0)",321140.0,1759820.0,323700.0,1762380.0,65536,7,65536,7,0,0,0,0,0,0,8cfa0d92b5b47653ad96200a9495b4bfd44c6130d28a74f2fd9911868919c9d1,4d35ae5ae1503d3cf872ebad2c5cdc0917d8ec2dfe08879d58dbb4bfe13cc84f,0869a839f0a41772f66c60a07d0d55163e16e37d6fb61a5867a65fbf99e24c39,65529,5,0,0,0,0,0,2,0,0,0,0,0,0,0,0
834,26-2-18_16PCC_4,26-2-18_16PCC,2018-02-26,16PCC,4,patches/S2_26-2-18_16PCC/S2_26-2-18_16PCC_4.tif,patches/S2_26-2-18_16PCC/S2_26-2-18_16PCC_4_cl.tif,patches/S2_26-2-18_16PCC/S2_26-2-18_16PCC_4_conf.tif,train,-88.65835452075295,15.853385588831909,EPSG:32616,10.0,10.0,11,float32,,"(1.0, 1.0, 1.0, 1.0, 1.0, 1.0, 1.0, 1.0, 1.0, 1.0, 1.0)","(0.0, 0.0, 0.0, 0.0, 0.0, 0.0, 0.0, 0.0, 0.0, 0.0, 0.0)",321140.0,1752140.0,323700.0,1754700.0,65536,61,65536,61,0,0,0,0,0,0,baf1c7ff1d630ab370e4f2782cd3115c37be8bf9ba9626c5e972e31fb7085663,b59408de886f2a66535df11ff8e72cdc5e439fc28e10295b2b5efb69475ba909,a0757ac1854a2fe1b3f1057feeeff09014adfe65c66eb1bd8d80f3b063d2a0df,65475,0,0,0,0,9,0,0,0,0,10,0,0,0,42,0
835,26-2-18_16PCC_5,26-2-18_16PCC,2018-02-26,16PCC,5,patches/S2_26-2-18_16PCC/S2_26-2-18_16PCC_5.tif,patches/S2_26-2-18_16PCC/S2_26-2-18_16PCC_5_cl.tif,patches/S2_26-2-18_16PCC/S2_26-2-18_16PCC_5_conf.tif,train,-88.63482789479414,15.899835732507448,EPSG:32616,10.0,10.0,11,float32,,"(1.0, 1.0, 1.0, 1.0, 1.0, 1.0, 1.0, 1.0, 1.0, 1.0, 1.0)","(0.0, 0.0, 0.0, 0.0, 0.0, 0.0, 0.0, 0.0, 0.0, 0.0, 0.0)",323700.0,1757260.0,326260.0,1759820.0,65536,11,65536,11,0,0,0,0,0,0,519e42325662f9d09711f84deafa3e86fb9f7dc0ad8b557521c5459f34929769,d72900b667f66aa750b3e932ceb51c70b0b71640c20c3cffdc07cea7b4432f29,f8df0cca4f233cfedfbd2af0e8508380d1f1802019fd51891ca1eaa4869c4734,65525,7,0,0,0,0,0,4,0,0,0,0,0,0,0,0
836,26-2-18_16PCC_6,26-2-18_16PCC,2018-02-26,16PCC,6,patches/S2_26-2-18_16PCC/S2_26-2-18_16PCC_6.tif,patches/S2_26-2-18_16PCC/S2_26-2-18_16PCC_6_cl.tif,patches/S2_26-2-18_16PCC/S2_26-2-18_16PCC_6_conf.tif,train,-88.63464113203331,15.876701511421155,EPSG:32616,10.0,10.0,11,float32,,"(1.0, 1.0, 1.0, 1.0, 1.0, 1.0, 1.0, 1.0, 1.0, 1.0, 1.0)","(0.0, 0.0, 0.0, 0.0, 0.0, 0.0, 0.0, 0.0, 0.0, 0.0, 0.0)",323700.0,1754700.0,326260.0,1757260.0,65536,11,65536,11,0,0,0,0,0,0,5ba5c47c45bd4715c8139803686d31b5eafe53df2ec4b07409fd1e6b44cacbde,0fe53a6f08f6f941100b5e71b68a5ea02a42918825cbbd1ca3e9fd97d617bbaf,47b89587a198f4ad285dd601fe247e53bd4396d62495b31940912c391da9fef0,65525,4,0,0,0,0,0,7,0,0,0,0,0,0,0,0
837,26-2-18_16PCC_7,26-2-18_16PCC,2018-02-26,16PCC,7,patches/S2_26-2-18_16PCC/S2_26-2-18_16PCC_7.tif,patches/S2_26-2-18_16PCC/S2_26-2-18_16PCC_7_cl.tif,patches/S2_26-2-18_16PCC/S2_26-2-18_16PCC_7_conf.tif,train,-88.63445467678302,15.853567238810337,EPSG:32616,10.0,10.0,11,float32,,"(1.0, 1.0, 1.0, 1.0, 1.0, 1.0, 1.0, 1.0, 1.0, 1.0, 1.0)","(0.0, 0.0, 0.0, 0.0, 0.0, 0.0, 0.0, 0.0, 0.0, 0.0, 0.0)",323700.0,1752140.0,326260.0,1754700.0,65536,118,65536,118,0,0,0,0,0,0,a20e56b6aeabd9ab7502cf45ac00d6d85bceafb84d8a7e2a3ddb09528dd887c0,b821b9423099a7f5ecc9a61ff0cd70f7e8e666b4e349834c0ee8e1a075ae4b84,454200f53712d77191b2e3dd64da85c4ea30d3f542ea8dc5cac3d59d57671480,65418,0,0,0,0,90,0,28,0,0,0,0,0,0,0,0
838,26-2-18_16PCC_8,26-2-18_16PCC,2018-02-26,16PCC,8,patches/S2_26-2-18_16PCC/S2_26-2-18_16PCC_8.tif,patches/S2_26-2-18_16PCC/S2_26-2-18_16PCC_8_cl.tif,patches/S2_26-2-18_16PCC/S2_26-2-18_16PCC_8_conf.tif,train,-88.61000514696899,15.784342304885126,EPSG:32616,10.0,10.0,11,float32,,"(1.0, 1.0, 1.0, 1.0, 1.0, 1.0, 1.0, 1.0, 1.0, 1.0, 1.0)","(0.0, 0.0, 0.0, 0.0, 0.0, 0.0, 0.0, 0.0, 0.0, 0.0, 0.0)",326260.0,1744460.0,328820.0,1747020.0,65536,38,65536,38,0,0,0,0,0,0,27d2ddfd4d82ed954f773e3e13c336689349145a29b4e3b02d8d544fa6d3600a,365c44c75b501245b8554357e6c20630b789d047515e25b85c9f7d3a72a0c910,606e828e933e98819dacd265541b5b2e1bea4528a8850d8678bfb6d773b48d8f,65498,0,0,0,0,9,0,0,0,0,8,0,0,0,21,0
839,26-2-18_16PCC_9,26-2-18_16PCC,2018-02-26,16PCC,9,patches/S2_26-2-18_16PCC/S2_26-2-18_16PCC_9.tif,patches/S2_26-2-18_16PCC/S2_26-2-18_16PCC_9_cl.tif,patches/S2_26-2-18_16PCC/S2_26-2-18_16PCC_9_conf.tif,train,-88.32464033003151,15.994513317833016,EPSG:32616,10.0,10.0,11,float32,,"(1.0, 1.0, 1.0, 1.0, 1.0, 1.0, 1.0, 1.0, 1.0, 1.0, 1.0)","(0.0, 0.0, 0.0, 0.0, 0.0, 0.0, 0.0, 0.0, 0.0, 0.0, 0.0)",356980.0,1767500.0,359540.0,1770060.0,65536,466,65536,466,0,0,0,0,0,0,6954835382cc8c7f6e74417ff13992c58f6e16eac9640f8d1aaedb706d3763a1,8270184ccb66c88d63722aa3900fb7e2c888f961103deddff0cfd753f3ef0d6e,daf208a66c01eebb2139edb3ddd26b41ea37d9774d5570b319a2053dd864eb85,65070,0,0,27,0,0,346,74,0,0,0,0,0,19,0,0
840,27-1-19_16PCC_0,27-1-19_16PCC,2019-01-27,16PCC,0,patches/S2_27-1-19_16PCC/S2_27-1-19_16PCC_0.tif,patches/S2_27-1-19_16PCC/S2_27-1-19_16PCC_0_cl.tif,patches/S2_27-1-19_16PCC/S2_27-1-19_16PCC_0_conf.tif,test,-88.41030270898784,15.844115981072697,EPSG:32616,10.0,10.0,11,float32,,"(1.0, 1.0, 1.0, 1.0, 1.0, 1.0, 1.0, 1.0, 1.0, 1.0, 1.0)","(0.0, 0.0, 0.0, 0.0, 0.0, 0.0, 0.0, 0.0, 0.0, 0.0, 0.0)",347700.0,1750920.0,350260.0,1753480.0,65536,48,65536,48,0,0,0,0,0,0,0d8ee1be8e8ac32120352abd6656504dfe168611be9099c618483d540b6c7a97,58ccded00fd5512ee475b5aba5fe80c25eb1fd332ebc826e61a813206a7e8ffa,ba53df9ffdadb21a8eeec23160305bc1b91f1c143c3cae33a51aed282cbc7b1e,65488,0,0,0,0,0,0,24,0,24,0,0,0,0,0,0
841,27-1-19_16PCC_1,27-1-19_16PCC,2019-01-27,16PCC,1,patches/S2_27-1-19_16PCC/S2_27-1-19_16PCC_1.tif,patches/S2_27-1-19_16PCC/S2_27-1-19_16PCC_1_cl.tif,patches/S2_27-1-19_16PCC/S2_27-1-19_16PCC_1_conf.tif,test,-88.38640119169364,15.844270180990968,EPSG:32616,10.0,10.0,11,float32,,"(1.0, 1.0, 1.0, 1.0, 1.0, 1.0, 1.0, 1.0, 1.0, 1.0, 1.0)","(0.0, 0.0, 0.0, 0.0, 0.0, 0.0, 0.0, 0.0, 0.0, 0.0, 0.0)",350260.0,1750920.0,352820.0,1753480.0,65536,187,65536,187,0,0,0,0,0,0,54663dd14ee7a5d530c07869d5e63d8c8b6b2f6aac169eb19187019a32c51463,1b318e868d89c89823a40003e5a0c07d5fb6e05948d340163c4ec12cabe8c445,836c814b613bbbbc91c3e5e0a99ff48d3b0a4cde7f528bf387c7bcb112f996e4,65349,0,0,0,0,0,0,0,0,0,187,0,0,0,0,0
842,27-1-19_16PCC_10,27-1-19_16PCC,2019-01-27,16PCC,10,patches/S2_27-1-19_16PCC/S2_27-1-19_16PCC_10.tif,patches/S2_27-1-19_16PCC/S2_27-1-19_16PCC_10_cl.tif,patches/S2_27-1-19_16PCC/S2_27-1-19_16PCC_10_conf.tif,test,-88.2902062932048,15.7523087146781,EPSG:32616,10.0,10.0,11,float32,,"(1.0, 1.0, 1.0, 1.0, 1.0, 1.0, 1.0, 1.0, 1.0, 1.0, 1.0)","(0.0, 0.0, 0.0, 0.0, 0.0, 0.0, 0.0, 0.0, 0.0, 0.0, 0.0)",360500.0,1740680.0,363060.0,1743240.0,65536,96,65536,96,0,0,0,0,0,0,ab3a3143881213af1c93e34daf83d826ae878a700d8c3fa5e36873aac9528e0f,9235612abd5645bf71946744120d861e0d0c0fef680fc1a8ba7448bdab1ab1a9,cf2ccf06c6db234ef4e6c69f56604e11e8547deaf75309c675aefb1cb53e9af1,65440,0,0,0,0,0,0,0,0,0,96,0,0,0,0,0
843,27-1-19_16PCC_11,27-1-19_16PCC,2019-01-27,16PCC,11,patches/S2_27-1-19_16PCC/S2_27-1-19_16PCC_11.tif,patches/S2_27-1-19_16PCC/S2_27-1-19_16PCC_11_cl.tif,patches/S2_27-1-19_16PCC/S2_27-1-19_16PCC_11_conf.tif,test,-88.26717892250157,15.891277764310205,EPSG:32616,10.0,10.0,11,float32,,"(1.0, 1.0, 1.0, 1.0, 1.0, 1.0, 1.0, 1.0, 1.0, 1.0, 1.0)","(0.0, 0.0, 0.0, 0.0, 0.0, 0.0, 0.0, 0.0, 0.0, 0.0, 0.0)",363060.0,1756040.0,365620.0,1758600.0,65536,3,65536,3,0,0,0,0,0,0,4313db0958d68f9291a024c881b1547c8362d4ba415ca3c306d752cf6b66ce01,9a452faa94b13605fc0c8a68b264c8b331c75fb0fa071ff2d2938f11e40d31c4,90881ff887dc13369f87a8255644066c31e896fce1dba22c62c834bf5b9c6bbd,65533,2,0,0,0,0,0,1,0,0,0,0,0,0,0,0
844,27-1-19_16PCC_12,27-1-19_16PCC,2019-01-27,16PCC,12,patches/S2_27-1-19_16PCC/S2_27-1-19_16PCC_12.tif,patches/S2_27-1-19_16PCC/S2_27-1-19_16PCC_12_cl.tif,patches/S2_27-1-19_16PCC/S2_27-1-19_16PCC_12_conf.tif,test,-88.26631436663502,15.75244887913602,EPSG:32616,10.0,10.0,11,float32,,"(1.0, 1.0, 1.0, 1.0, 1.0, 1.0, 1.0, 1.0, 1.0, 1.0, 1.0)","(0.0, 0.0, 0.0, 0.0, 0.0, 0.0, 0.0, 0.0, 0.0, 0.0, 0.0)",363060.0,1740680.0,365620.0,1743240.0,65536,38,65536,38,0,0,0,0,0,0,95f27d865a201caf9d39faeda59dc33d8f1deb144b5ffd0432a1ad110e48f305,0274a498506cc32dd91ab9ab6aaae2fe16dc4c9935bb996defff668e58d34baf,21df8a9362d5f48e4f08cc4c527c1d16fc0509ad3a85fef3d960375a0b84d1f1,65498,0,0,0,0,0,0,0,0,0,38,0,0,0,0,0
845,27-1-19_16PCC_13,27-1-19_16PCC,2019-01-27,16PCC,13,patches/S2_27-1-19_16PCC/S2_27-1-19_16PCC_13.tif,patches/S2_27-1-19_16PCC/S2_27-1-19_16PCC_13_cl.tif,patches/S2_27-1-19_16PCC/S2_27-1-19_16PCC_13_conf.tif,test,-88.24412713484374,16.030244919220003,EPSG:32616,10.0,10.0,11,float32,,"(1.0, 1.0, 1.0, 1.0, 1.0, 1.0, 1.0, 1.0, 1.0, 1.0, 1.0)","(0.0, 0.0, 0.0, 0.0, 0.0, 0.0, 0.0, 0.0, 0.0, 0.0, 0.0)",365620.0,1771400.0,368180.0,1773960.0,65536,22,65536,22,0,0,0,0,0,0,53135398c70fca670ac637f7ed39c298cd866adf4d1a2686c41a3e1434bf5109,4298729e3c1dba45491dedd187b6adbd4ea60ee15856478f0a0be6a550058733,a57b0e350c863921b558b781f9d29d73b0d88f58e65d2abee294246d4a4d7ad4,65514,0,0,0,0,10,0,12,0,0,0,0,0,0,0,0
846,27-1-19_16PCC_14,27-1-19_16PCC,2019-01-27,16PCC,14,patches/S2_27-1-19_16PCC/S2_27-1-19_16PCC_14.tif,patches/S2_27-1-19_16PCC/S2_27-1-19_16PCC_14_cl.tif,patches/S2_27-1-19_16PCC/S2_27-1-19_16PCC_14_conf.tif,test,-88.24398376896553,16.007106990762562,EPSG:32616,10.0,10.0,11,float32,,"(1.0, 1.0, 1.0, 1.0, 1.0, 1.0, 1.0, 1.0, 1.0, 1.0, 1.0)","(0.0, 0.0, 0.0, 0.0, 0.0, 0.0, 0.0, 0.0, 0.0, 0.0, 0.0)",365620.0,1768840.0,368180.0,1771400.0,65536,170,65536,170,0,0,0,0,0,0,cc7135d7d3ebcd1632a88e1da23eae1262cd6dabfb3d7bf6ea3a096eb00a628e,93da0749c992cdea9bb2c89dd336b20e39524ba7b768f1d9a2605df38cb9f401,c932b61f357ffee13c0452ff3ff3720cb104a4fe7689967092fdb1bf2f603031,65366,0,0,0,0,0,0,170,0,0,0,0,0,0,0,0
847,27-1-19_16PCC_15,27-1-19_16PCC,2019-01-27,16PCC,15,patches/S2_27-1-19_16PCC/S2_27-1-19_16PCC_15.tif,patches/S2_27-1-19_16PCC/S2_27-1-19_16PCC_15_cl.tif,patches/S2_27-1-19_16PCC/S2_27-1-19_16PCC_15_conf.tif,test,-88.2432704565416,15.891416584580918,EPSG:32616,10.0,10.0,11,float32,,"(1.0, 1.0, 1.0, 1.0, 1.0, 1.0, 1.0, 1.0, 1.0, 1.0, 1.0)","(0.0, 0.0, 0.0, 0.0, 0.0, 0.0, 0.0, 0.0, 0.0, 0.0, 0.0)",365620.0,1756040.0,368180.0,1758600.0,65536,11,65536,11,0,0,0,0,0,0,9a62200d4fe0b95bf9667e0e113dbc6aff2b821aadc4f8d6b4fd641da3baabff,4ed2d202e4ffebac2f6528751b69bb5ea0d2bd373ed3e01d4ce7a7908fe70908,05bb3cc988c8bdb1dfba835d20bc2a7bdc6e1c1465032ed61dc43c2ac1f4245a,65525,7,0,0,0,0,0,4,0,0,0,0,0,0,0,0
848,27-1-19_16PCC_16,27-1-19_16PCC,2019-01-27,16PCC,16,patches/S2_27-1-19_16PCC/S2_27-1-19_16PCC_16.tif,patches/S2_27-1-19_16PCC/S2_27-1-19_16PCC_16_cl.tif,patches/S2_27-1-19_16PCC/S2_27-1-19_16PCC_16_conf.tif,test,-88.24256299417581,15.775724911332187,EPSG:32616,10.0,10.0,11,float32,,"(1.0, 1.0, 1.0, 1.0, 1.0, 1.0, 1.0, 1.0, 1.0, 1.0, 1.0)","(0.0, 0.0, 0.0, 0.0, 0.0, 0.0, 0.0, 0.0, 0.0, 0.0, 0.0)",365620.0,1743240.0,368180.0,1745800.0,65536,3,65536,3,0,0,0,88,0,0,70df4221e7d63c9f86b6264df0991683fd5760a7c5677fee640f678c1cde51ab,40bf2fe4fa030af2d74d173ca87ca0ead426f17cb3beedfab23ebc0a75c69db9,e1614e5e63707b53a10013fb7ccddc716897832d37ce4e93966ac5ea2487e6fc,65533,1,0,0,0,0,0,1,0,0,0,0,0,0,0,1
849,27-1-19_16PCC_17,27-1-19_16PCC,2019-01-27,16PCC,17,patches/S2_27-1-19_16PCC/S2_27-1-19_16PCC_17.tif,patches/S2_27-1-19_16PCC/S2_27-1-19_16PCC_17_cl.tif,patches/S2_27-1-19_16PCC/S2_27-1-19_16PCC_17_conf.tif,test,-88.21936175657983,15.891552762256746,EPSG:32616,10.0,10.0,11,float32,,"(1.0, 1.0, 1.0, 1.0, 1.0, 1.0, 1.0, 1.0, 1.0, 1.0, 1.0)","(0.0, 0.0, 0.0, 0.0, 0.0, 0.0, 0.0, 0.0, 0.0, 0.0, 0.0)",368180.0,1756040.0,370740.0,1758600.0,65536,7,65536,7,0,0,0,0,0,0,37c76c90592fa295d892c9dfe008525517f29ff49c48e47795b93a21f1fcf97c,e5b8827bfbc525054173c7068a04fc2edba8fe17e728316d897581beb1d928f8,2878adadcd0840dd734b6ea5fb944563e660a67307116bdce8e80d13196b9594,65529,5,0,0,0,0,0,2,0,0,0,0,0,0,0,0
850,27-1-19_16PCC_18,27-1-19_16PCC,2019-01-27,16PCC,18,patches/S2_27-1-19_16PCC/S2_27-1-19_16PCC_18.tif,patches/S2_27-1-19_16PCC/S2_27-1-19_16PCC_18_cl.tif,patches/S2_27-1-19_16PCC/S2_27-1-19_16PCC_18_conf.tif,test,-88.21839194754838,15.729582608864629,EPSG:32616,10.0,10.0,11,float32,,"(1.0, 1.0, 1.0, 1.0, 1.0, 1.0, 1.0, 1.0, 1.0, 1.0, 1.0)","(0.0, 0.0, 0.0, 0.0, 0.0, 0.0, 0.0, 0.0, 0.0, 0.0, 0.0)",368180.0,1738120.0,370740.0,1740680.0,65536,13,65536,13,0,0,0,8,0,0,e11837fde12536131ac6c0e71b4037a03493bab443ba2913bcba84d57f11754a,9e8fed7f0603394e02c4ac6efb73130de0624cdd6c8b609a7ae7ecc26aec8ee1,80aee742cdea75f3d795217723322bdf93a1b80abf6dbb64a767886b3c3ae52e,65523,0,0,0,0,0,0,0,0,0,13,0,0,0,0,0
851,27-1-19_16PCC_19,27-1-19_16PCC,2019-01-27,16PCC,19,patches/S2_27-1-19_16PCC/S2_27-1-19_16PCC_19.tif,patches/S2_27-1-19_16PCC/S2_27-1-19_16PCC_19_cl.tif,patches/S2_27-1-19_16PCC/S2_27-1-19_16PCC_19_conf.tif,test,-88.1954528271129,15.891686297222657,EPSG:32616,10.0,10.0,11,float32,,"(1.0, 1.0, 1.0, 1.0, 1.0, 1.0, 1.0, 1.0, 1.0, 1.0, 1.0)","(0.0, 0.0, 0.0, 0.0, 0.0, 0.0, 0.0, 0.0, 0.0, 0.0, 0.0)",370740.0,1756040.0,373300.0,1758600.0,65536,4,65536,4,0,0,0,0,0,0,8eadea01e287c3245def282d946dae80596a292d3fca892232013234d13a2a87,ca6e4c565d12e39136a019ebe49fc7bcf89169befbbea4c92d9e28d303de044a,022c94a43d5bedf4a0f9c535636bf59834cb93d63cd7ead80e70e87d4d1a1d82,65532,3,0,0,0,0,0,1,0,0,0,0,0,0,0,0
852,27-1-19_16PCC_2,27-1-19_16PCC,2019-01-27,16PCC,2,patches/S2_27-1-19_16PCC/S2_27-1-19_16PCC_2.tif,patches/S2_27-1-19_16PCC/S2_27-1-19_16PCC_2_cl.tif,patches/S2_27-1-19_16PCC/S2_27-1-19_16PCC_2_conf.tif,test,-88.38624338620122,15.82113318108141,EPSG:32616,10.0,10.0,11,float32,,"(1.0, 1.0, 1.0, 1.0, 1.0, 1.0, 1.0, 1.0, 1.0, 1.0, 1.0)","(0.0, 0.0, 0.0, 0.0, 0.0, 0.0, 0.0, 0.0, 0.0, 0.0, 0.0)",350260.0,1748360.0,352820.0,1750920.0,65536,18,65536,18,0,0,0,0,0,0,3b8ab40023b4b2ed977b604a4b94c3dfd5e63639554bb14f53893bd094271789,fa7e118db5bbfcdc2e45ba6a27901c940c277340ccf07128bc0bb823d1e0bc46,0882c82db44332ec35677aafb45cd275f6e2fc6bb6484740a8459ff9ba89e663,65518,0,0,0,0,0,0,0,0,18,0,0,0,0,0,0
853,27-1-19_16PCC_20,27-1-19_16PCC,2019-01-27,16PCC,20,patches/S2_27-1-19_16PCC/S2_27-1-19_16PCC_20.tif,patches/S2_27-1-19_16PCC/S2_27-1-19_16PCC_20_cl.tif,patches/S2_27-1-19_16PCC/S2_27-1-19_16PCC_20_conf.tif,test,-88.19477255847607,15.77599256097626,EPSG:32616,10.0,10.0,11,float32,,"(1.0, 1.0, 1.0, 1.0, 1.0, 1.0, 1.0, 1.0, 1.0, 1.0, 1.0)","(0.0, 0.0, 0.0, 0.0, 0.0, 0.0, 0.0, 0.0, 0.0, 0.0, 0.0)",370740.0,1743240.0,373300.0,1745800.0,65536,55,65536,55,0,0,0,0,0,0,493145f4e31386e2b3be84a2e2f1c8eb39238d12ec48f0c63109efe7de6b91f4,6c91c2a4f28853cc1e3d09e5d18a9f8dad2f6d0f3b7984eab6e56529825ea727,06c8d5d540a7b32363505133df05cae1861ac19dd0b91772ff1129db40e4cbdc,65481,0,0,0,0,8,0,23,0,0,0,0,0,0,24,0
854,27-1-19_16PCC_21,27-1-19_16PCC,2019-01-27,16PCC,21,patches/S2_27-1-19_16PCC/S2_27-1-19_16PCC_21.tif,patches/S2_27-1-19_16PCC/S2_27-1-19_16PCC_21_cl.tif,patches/S2_27-1-19_16PCC/S2_27-1-19_16PCC_21_conf.tif,test,-88.1720809778265,15.984372069844143,EPSG:32616,10.0,10.0,11,float32,,"(1.0, 1.0, 1.0, 1.0, 1.0, 1.0, 1.0, 1.0, 1.0, 1.0, 1.0)","(0.0, 0.0, 0.0, 0.0, 0.0, 0.0, 0.0, 0.0, 0.0, 0.0, 0.0)",373300.0,1766280.0,375860.0,1768840.0,65536,7,65536,7,0,0,0,0,0,0,6ff92ea97296a3b103d2b4fecbeed8ca09e82b5cae463d9e61809a58312d18ae,41e45053bcf554eb362b02733155aa80008dcbe6080f4768c46d683ccb74ec0e,84655c45d363dd52b5a19f9d17d12e36b542e727763b561fcd75417ee0dafa9f,65529,0,0,7,0,0,0,0,0,0,0,0,0,0,0,0
855,27-1-19_16PCC_22,27-1-19_16PCC,2019-01-27,16PCC,22,patches/S2_27-1-19_16PCC/S2_27-1-19_16PCC_22.tif,patches/S2_27-1-19_16PCC/S2_27-1-19_16PCC_22_cl.tif,patches/S2_27-1-19_16PCC/S2_27-1-19_16PCC_22_conf.tif,test,-88.14659196780859,15.70683168654035,EPSG:32616,10.0,10.0,11,float32,,"(1.0, 1.0, 1.0, 1.0, 1.0, 1.0, 1.0, 1.0, 1.0, 1.0, 1.0)","(0.0, 0.0, 0.0, 0.0, 0.0, 0.0, 0.0, 0.0, 0.0, 0.0, 0.0)",375860.0,1735560.0,378420.0,1738120.0,65536,78,65536,78,0,0,0,44,0,0,0a958772c20e43a28adb9caa0985095b85f2287c153edf95fdecb0dd12ad4e3b,9c6ce559495fc520ad5dfacbf1e86366ac489ea49e5ec26790f6517e68cb59a6,643b93719c8c253d450eaf9c35e6ac878c46e31c55ea69e10b86017046de4207,65458,0,0,0,0,0,0,78,0,0,0,0,0,0,0,0
856,27-1-19_16PCC_23,27-1-19_16PCC,2019-01-27,16PCC,23,patches/S2_27-1-19_16PCC/S2_27-1-19_16PCC_23.tif,patches/S2_27-1-19_16PCC/S2_27-1-19_16PCC_23_cl.tif,patches/S2_27-1-19_16PCC/S2_27-1-19_16PCC_23_conf.tif,test,-88.12449905623114,16.030905393731953,EPSG:32616,10.0,10.0,11,float32,,"(1.0, 1.0, 1.0, 1.0, 1.0, 1.0, 1.0, 1.0, 1.0, 1.0, 1.0)","(0.0, 0.0, 0.0, 0.0, 0.0, 0.0, 0.0, 0.0, 0.0, 0.0, 0.0)",378420.0,1771400.0,380980.0,1773960.0,65536,17,65536,17,0,0,0,0,0,0,c4bb6eaf61422bfc9a250535ce128c70bc3483dab9ab7d28829ffe0f4ada4b67,cc8c49ea5c32cde9ce2f44da45eb736d04f3297f879b98275f17ed65304941b0,f4e628f445c8f6027295587f7b5bfe7dcea42ca499a21974897bfdc62923211d,65519,0,0,0,0,4,0,13,0,0,0,0,0,0,0,0
857,27-1-19_16PCC_24,27-1-19_16PCC,2019-01-27,16PCC,24,patches/S2_27-1-19_16PCC/S2_27-1-19_16PCC_24.tif,patches/S2_27-1-19_16PCC/S2_27-1-19_16PCC_24_cl.tif,patches/S2_27-1-19_16PCC/S2_27-1-19_16PCC_24_conf.tif,test,-88.12424009211922,15.984627480132358,EPSG:32616,10.0,10.0,11,float32,,"(1.0, 1.0, 1.0, 1.0, 1.0, 1.0, 1.0, 1.0, 1.0, 1.0, 1.0)","(0.0, 0.0, 0.0, 0.0, 0.0, 0.0, 0.0, 0.0, 0.0, 0.0, 0.0)",378420.0,1766280.0,380980.0,1768840.0,65536,13,65536,13,0,0,0,0,0,0,e8a5dac8302a8760ffa045f5ee52ba202acfb31728408104f6a56a5d16366f9d,008d67593e7d059d315ea389c5dc0c82732a7cd9d4e3c4eb78016b62e66f1506,a409fe2e8a829d804dc273a6cc807cd43d033907a9136cf0c14b6d356a16eff3,65523,0,0,13,0,0,0,0,0,0,0,0,0,0,0,0
858,27-1-19_16PCC_25,27-1-19_16PCC,2019-01-27,16PCC,25,patches/S2_27-1-19_16PCC/S2_27-1-19_16PCC_25.tif,patches/S2_27-1-19_16PCC/S2_27-1-19_16PCC_25_cl.tif,patches/S2_27-1-19_16PCC/S2_27-1-19_16PCC_25_conf.tif,test,-88.1232127054478,15.799513801959458,EPSG:32616,10.0,10.0,11,float32,,"(1.0, 1.0, 1.0, 1.0, 1.0, 1.0, 1.0, 1.0, 1.0, 1.0, 1.0)","(0.0, 0.0, 0.0, 0.0, 0.0, 0.0, 0.0, 0.0, 0.0, 0.0, 0.0)",378420.0,1745800.0,380980.0,1748360.0,65536,1,65536,1,0,0,0,0,0,0,0a20684acfd2fb04a78577e0b13b89fc4d08535ae77eecc0cc797df3e8c12543,b7417e009fc3c88830dbf3b831797c484a3b1d290020ec44768fd6d4b7368b05,6cebf5f038b1fffd4f6ea8f27e7a776dca24e07ceff070ee82df76fddc85973c,65535,0,0,0,0,0,0,1,0,0,0,0,0,0,0,0
859,27-1-19_16PCC_26,27-1-19_16PCC,2019-01-27,16PCC,26,patches/S2_27-1-19_16PCC/S2_27-1-19_16PCC_26.tif,patches/S2_27-1-19_16PCC/S2_27-1-19_16PCC_26_cl.tif,patches/S2_27-1-19_16PCC/S2_27-1-19_16PCC_26_conf.tif,test,-88.09931379151631,15.799636012470645,EPSG:32616,10.0,10.0,11,float32,,"(1.0, 1.0, 1.0, 1.0, 1.0, 1.0, 1.0, 1.0, 1.0, 1.0, 1.0)","(0.0, 0.0, 0.0, 0.0, 0.0, 0.0, 0.0, 0.0, 0.0, 0.0, 0.0)",380980.0,1745800.0,383540.0,1748360.0,65536,14,65536,14,0,0,0,0,0,0,ce200a52dee6043d8b822e435a3f750376e565673c47a985edd471129599e125,90126a465b5261945016a5b3e5197a7ffb690a2f728bc0d8b53973f8571901c6,ce69e01b839dae163f98d2b2580b23156ae11271e755fd5ad7a5149d17393170,65522,3,0,0,0,0,0,9,0,0,0,0,0,0,0,2
860,27-1-19_16PCC_27,27-1-19_16PCC,2019-01-27,16PCC,27,patches/S2_27-1-19_16PCC/S2_27-1-19_16PCC_27.tif,patches/S2_27-1-19_16PCC/S2_27-1-19_16PCC_27_cl.tif,patches/S2_27-1-19_16PCC/S2_27-1-19_16PCC_27_conf.tif,test,-88.07565937819813,15.84603506221627,EPSG:32616,10.0,10.0,11,float32,,"(1.0, 1.0, 1.0, 1.0, 1.0, 1.0, 1.0, 1.0, 1.0, 1.0, 1.0)","(0.0, 0.0, 0.0, 0.0, 0.0, 0.0, 0.0, 0.0, 0.0, 0.0, 0.0)",383540.0,1750920.0,386100.0,1753480.0,65536,5,65536,5,0,0,0,0,0,0,d71d9a7f1a7010f5d32300af00d349c440f835756091ca00e46a0c516646be4b,dc0d4a69665e51d3851009371f0747f83fcbf2d9cd150238cc96f668c7c6d1a8,5be4104d0c0ce7e07e8a72cee98c44325189b1eee71c4c0de6c8a3f5f1a4c1d9,65531,4,0,0,0,0,0,1,0,0,0,0,0,0,0,0
861,27-1-19_16PCC_28,27-1-19_16PCC,2019-01-27,16PCC,28,patches/S2_27-1-19_16PCC/S2_27-1-19_16PCC_28.tif,patches/S2_27-1-19_16PCC/S2_27-1-19_16PCC_28_cl.tif,patches/S2_27-1-19_16PCC/S2_27-1-19_16PCC_28_conf.tif,test,-88.07553692350626,15.822895354152084,EPSG:32616,10.0,10.0,11,float32,,"(1.0, 1.0, 1.0, 1.0, 1.0, 1.0, 1.0, 1.0, 1.0, 1.0, 1.0)","(0.0, 0.0, 0.0, 0.0, 0.0, 0.0, 0.0, 0.0, 0.0, 0.0, 0.0)",383540.0,1748360.0,386100.0,1750920.0,65536,89,65536,89,0,0,0,0,0,0,2b46e12d0fcf6becc2f104f12710bed5b0d07fd03254a64a7d8b5d79ab12990b,e6884b5789ab399a4dfb459a4b0b4e6508cc57dd953d68948e7a4998e0a39dc9,099a8ad0a51787716d4143420b87eece6df922b06f8a66fa9b14119fbc13339b,65447,20,0,0,0,0,0,65,0,0,0,0,0,0,0,4
862,27-1-19_16PCC_29,27-1-19_16PCC,2019-01-27,16PCC,29,patches/S2_27-1-19_16PCC/S2_27-1-19_16PCC_29.tif,patches/S2_27-1-19_16PCC/S2_27-1-19_16PCC_29_cl.tif,patches/S2_27-1-19_16PCC/S2_27-1-19_16PCC_29_conf.tif,test,-88.07517077216899,15.753475929129667,EPSG:32616,10.0,10.0,11,float32,,"(1.0, 1.0, 1.0, 1.0, 1.0, 1.0, 1.0, 1.0, 1.0, 1.0, 1.0)","(0.0, 0.0, 0.0, 0.0, 0.0, 0.0, 0.0, 0.0, 0.0, 0.0, 0.0)",383540.0,1740680.0,386100.0,1743240.0,65536,109,65536,109,0,0,0,8,0,0,6ab4deb2efd719abbf23e5898e5f259c8a9dbd3e985ee4f6227fcb0991d75de3,2d8cae8d2a1b3130bda043d9d16b4b2a80ebbe517f710f8907dce0839ed6a472,cf28f028b9f6d9c23fc36032cbc22a008e41e1b925e5951253ae8dc27aa15309,65427,0,0,0,0,0,0,105,0,0,0,4,0,0,0,0
863,27-1-19_16PCC_3,27-1-19_16PCC,2019-01-27,16PCC,3,patches/S2_27-1-19_16PCC/S2_27-1-19_16PCC_3.tif,patches/S2_27-1-19_16PCC/S2_27-1-19_16PCC_3_cl.tif,patches/S2_27-1-19_16PCC/S2_27-1-19_16PCC_3_conf.tif,test,-88.36265475687887,15.86755892882586,EPSG:32616,10.0,10.0,11,float32,,"(1.0, 1.0, 1.0, 1.0, 1.0, 1.0, 1.0, 1.0, 1.0, 1.0, 1.0)","(0.0, 0.0, 0.0, 0.0, 0.0, 0.0, 0.0, 0.0, 0.0, 0.0, 0.0)",352820.0,1753480.0,355380.0,1756040.0,65536,7,65536,7,0,0,0,0,0,0,10e774a2b515351ba973f696bc86cd5b346174c84ff90b66c2645d111e9106ca,4777d71f14a9adde6dc5d2c6b9147b8be2507ba9bd25578f4f3c076ecd6ae180,5672fa16b8da02ad878cf02c7ba2819af1df2f275b9455b78e592106dc359723,65529,4,0,0,0,0,0,1,0,0,0,0,0,0,0,2
864,27-1-19_16PCC_30,27-1-19_16PCC,2019-01-27,16PCC,30,patches/S2_27-1-19_16PCC/S2_27-1-19_16PCC_30.tif,patches/S2_27-1-19_16PCC/S2_27-1-19_16PCC_30_cl.tif,patches/S2_27-1-19_16PCC/S2_27-1-19_16PCC_30_conf.tif,test,-88.07504912560982,15.730336020732544,EPSG:32616,10.0,10.0,11,float32,,"(1.0, 1.0, 1.0, 1.0, 1.0, 1.0, 1.0, 1.0, 1.0, 1.0, 1.0)","(0.0, 0.0, 0.0, 0.0, 0.0, 0.0, 0.0, 0.0, 0.0, 0.0, 0.0)",383540.0,1738120.0,386100.0,1740680.0,65536,88,65536,88,0,0,0,0,0,0,63f86e83e470a9cb9f03d8961d5cf1a3518155b0ad662f360421a7d2cfcbf8eb,6d90f7d3d180031075ed00b49b4acaeb5943b835f3a082384febb026f20a5646,992f3da1268efa91f6dce37f04a84abacc0c6b195dd4a64f1afcc898d4b080eb,65448,0,0,0,0,0,0,0,0,0,0,88,0,0,0,0
865,27-1-19_16PCC_4,27-1-19_16PCC,2019-01-27,16PCC,4,patches/S2_27-1-19_16PCC/S2_27-1-19_16PCC_4.tif,patches/S2_27-1-19_16PCC/S2_27-1-19_16PCC_4_cl.tif,patches/S2_27-1-19_16PCC/S2_27-1-19_16PCC_4_conf.tif,test,-88.33982539912373,16.02966853517016,EPSG:32616,10.0,10.0,11,float32,,"(1.0, 1.0, 1.0, 1.0, 1.0, 1.0, 1.0, 1.0, 1.0, 1.0, 1.0)","(0.0, 0.0, 0.0, 0.0, 0.0, 0.0, 0.0, 0.0, 0.0, 0.0, 0.0)",355380.0,1771400.0,357940.0,1773960.0,65536,265,65536,265,0,0,0,0,0,0,7f44bd3b14cfd966bf70821c63de3e521fc3e58171673577d56ef73c2967b86b,26a6aa45e4a701bc6ddbcf27ed41fc9b40ab0ab3bede4de72d32ae791ea89b45,2a12c79dfcbb28c871250c35ab20e7dbca52048e16a13ded8f137a9548ebd71e,65271,0,0,0,0,0,0,22,0,0,0,243,0,0,0,0
866,27-1-19_16PCC_5,27-1-19_16PCC,2019-01-27,16PCC,5,patches/S2_27-1-19_16PCC/S2_27-1-19_16PCC_5.tif,patches/S2_27-1-19_16PCC/S2_27-1-19_16PCC_5_cl.tif,patches/S2_27-1-19_16PCC/S2_27-1-19_16PCC_5_conf.tif,test,-88.33844501119535,15.821433218368574,EPSG:32616,10.0,10.0,11,float32,,"(1.0, 1.0, 1.0, 1.0, 1.0, 1.0, 1.0, 1.0, 1.0, 1.0, 1.0)","(0.0, 0.0, 0.0, 0.0, 0.0, 0.0, 0.0, 0.0, 0.0, 0.0, 0.0)",355380.0,1748360.0,357940.0,1750920.0,65536,75,65536,75,0,0,0,0,0,0,90974b7d5a62a835ab96adef982173c1fa14fad4b06a865c96353cb894dfeb60,2042636881df8b79c9b0e8a6b90c93c1558f91809c97e61f77886d2db80c85c3,1ad321faa18e1b7b80860e36bcc6be2b70b9aed5b2cbcfeb8ffd14b5491eab3d,65461,0,0,0,0,0,0,0,0,0,75,0,0,0,0,0
867,27-1-19_16PCC_6,27-1-19_16PCC,2019-01-27,16PCC,6,patches/S2_27-1-19_16PCC/S2_27-1-19_16PCC_6.tif,patches/S2_27-1-19_16PCC/S2_27-1-19_16PCC_6_cl.tif,patches/S2_27-1-19_16PCC/S2_27-1-19_16PCC_6_conf.tif,test,-88.31514552601912,15.91412972967921,EPSG:32616,10.0,10.0,11,float32,,"(1.0, 1.0, 1.0, 1.0, 1.0, 1.0, 1.0, 1.0, 1.0, 1.0, 1.0)","(0.0, 0.0, 0.0, 0.0, 0.0, 0.0, 0.0, 0.0, 0.0, 0.0, 0.0)",357940.0,1758600.0,360500.0,1761160.0,65536,3,65536,3,0,0,0,0,0,0,ca3a7bc0a40e3b85cad52ca10de2c23088a1bf94346d29e462e4586748e4fdfc,173d30d07a3a07e7b643464874eb6933bb755337d43d121a8c6acdad83c48c77,76c409ee680a88b5ff8079b3066ca9fa7ecbb9915d7f088a66ecbc3c12d29ff3,65533,1,0,0,0,0,0,2,0,0,0,0,0,0,0,0
868,27-1-19_16PCC_7,27-1-19_16PCC,2019-01-27,16PCC,7,patches/S2_27-1-19_16PCC/S2_27-1-19_16PCC_7.tif,patches/S2_27-1-19_16PCC/S2_27-1-19_16PCC_7_cl.tif,patches/S2_27-1-19_16PCC/S2_27-1-19_16PCC_7_conf.tif,test,-88.31454544407659,15.821579292096912,EPSG:32616,10.0,10.0,11,float32,,"(1.0, 1.0, 1.0, 1.0, 1.0, 1.0, 1.0, 1.0, 1.0, 1.0, 1.0)","(0.0, 0.0, 0.0, 0.0, 0.0, 0.0, 0.0, 0.0, 0.0, 0.0, 0.0)",357940.0,1748360.0,360500.0,1750920.0,65536,6,65536,6,0,0,0,0,0,0,2261de0f0e874d1908c89b06952cb7f020bd5ddf4779d1d5238b508a63c5fbe1,b4b2169e5959763a0399dc9006140cd44544f76e9770879db461d01c41a09823,79509eaf0b9f992c4808f152126f31eecaabc1f56c9ba845d213a1e4da3b4c24,65530,3,0,0,0,0,0,1,0,0,0,0,0,0,0,2
869,27-1-19_16PCC_8,27-1-19_16PCC,2019-01-27,16PCC,8,patches/S2_27-1-19_16PCC/S2_27-1-19_16PCC_8.tif,patches/S2_27-1-19_16PCC/S2_27-1-19_16PCC_8_cl.tif,patches/S2_27-1-19_16PCC/S2_27-1-19_16PCC_8_conf.tif,test,-88.2912348091445,15.914274055378245,EPSG:32616,10.0,10.0,11,float32,,"(1.0, 1.0, 1.0, 1.0, 1.0, 1.0, 1.0, 1.0, 1.0, 1.0, 1.0)","(0.0, 0.0, 0.0, 0.0, 0.0, 0.0, 0.0, 0.0, 0.0, 0.0, 0.0)",360500.0,1758600.0,363060.0,1761160.0,65536,1,65536,1,0,0,0,0,0,0,43c451d30963ca3c1a6e3f75e3775ad9c1979ab75ac4632d55be9ef808ef907a,763761d3b71c6066d104269be4e23c055610707823e76426640fdb406d8a9a51,a9a75e7ec89a6a6d662ca5483fd0eaf183ed836549e367895cea19ec74b6536b,65535,0,0,0,0,0,0,1,0,0,0,0,0,0,0,0
870,27-1-19_16PCC_9,27-1-19_16PCC,2019-01-27,16PCC,9,patches/S2_27-1-19_16PCC/S2_27-1-19_16PCC_9.tif,patches/S2_27-1-19_16PCC/S2_27-1-19_16PCC_9_cl.tif,patches/S2_27-1-19_16PCC/S2_27-1-19_16PCC_9_conf.tif,test,-88.29108714996333,15.891136301561863,EPSG:32616,10.0,10.0,11,float32,,"(1.0, 1.0, 1.0, 1.0, 1.0, 1.0, 1.0, 1.0, 1.0, 1.0, 1.0)","(0.0, 0.0, 0.0, 0.0, 0.0, 0.0, 0.0, 0.0, 0.0, 0.0, 0.0)",360500.0,1756040.0,363060.0,1758600.0,65536,1,65536,1,0,0,0,0,0,0,5fdd51b70d490e4727f2f3f7103e6d7fd98b4757d59ec1f34cc2703d0948af2e,aee47ff4a453822283d26fbe0b95b55e69a7ac2197adf74496daa93e06caccc0,aee47ff4a453822283d26fbe0b95b55e69a7ac2197adf74496daa93e06caccc0,65535,1,0,0,0,0,0,0,0,0,0,0,0,0,0,0
871,27-1-19_16QED_0,27-1-19_16QED,2019-01-27,16QED,0,patches/S2_27-1-19_16QED/S2_27-1-19_16QED_0.tif,patches/S2_27-1-19_16QED/S2_27-1-19_16QED_0_cl.tif,patches/S2_27-1-19_16QED/S2_27-1-19_16QED_0_conf.tif,test,-86.64629859794476,16.332788943560537,EPSG:32616,10.0,10.0,11,float32,,"(1.0, 1.0, 1.0, 1.0, 1.0, 1.0, 1.0, 1.0, 1.0, 1.0, 1.0)","(0.0, 0.0, 0.0, 0.0, 0.0, 0.0, 0.0, 0.0, 0.0, 0.0, 0.0)",536500.0,1804500.0,539060.0,1807060.0,65536,173,65536,173,0,0,0,0,0,0,c34fb28a614ee0d8fcfa8350f56fcb6616f7507d0621c29ae88c73e4c8614846,8c8f62c36e98c9c2518e07aa6ebf32eb0f8b3b8fe8da4a2e15dadb41cf80904e,d327198894fb67b4e64d59ac9839d4b8540d13226b9c4b50f578ae59c149c524,65363,0,0,164,0,0,9,0,0,0,0,0,0,0,0,0
872,27-1-19_16QED_1,27-1-19_16QED,2019-01-27,16QED,1,patches/S2_27-1-19_16QED/S2_27-1-19_16QED_1.tif,patches/S2_27-1-19_16QED/S2_27-1-19_16QED_1_cl.tif,patches/S2_27-1-19_16QED/S2_27-1-19_16QED_1_conf.tif,test,-86.64634017158284,16.30964662868631,EPSG:32616,10.0,10.0,11,float32,,"(1.0, 1.0, 1.0, 1.0, 1.0, 1.0, 1.0, 1.0, 1.0, 1.0, 1.0)","(0.0, 0.0, 0.0, 0.0, 0.0, 0.0, 0.0, 0.0, 0.0, 0.0, 0.0)",536500.0,1801940.0,539060.0,1804500.0,65536,62,65536,62,0,0,0,0,0,0,a49c4fb9950a8a93b89ed609ac4d46a4c72ccf93de09da17f56647899c5d4bb7,f30ca8d91269a90ff52d9fed45fb1c87d92c5946f72a18c56ef2284be2b18b50,67b1d7c1096a5aeb65944d99d17e14d24a1b35763ee318999e02fa45e33de995,65474,0,0,47,0,0,0,15,0,0,0,0,0,0,0,0
873,27-1-19_16QED_10,27-1-19_16QED,2019-01-27,16QED,10,patches/S2_27-1-19_16QED/S2_27-1-19_16QED_10.tif,patches/S2_27-1-19_16QED/S2_27-1-19_16QED_10_cl.tif,patches/S2_27-1-19_16QED/S2_27-1-19_16QED_10_conf.tif,test,-86.57434862150944,16.35579823181017,EPSG:32616,10.0,10.0,11,float32,,"(1.0, 1.0, 1.0, 1.0, 1.0, 1.0, 1.0, 1.0, 1.0, 1.0, 1.0)","(0.0, 0.0, 0.0, 0.0, 0.0, 0.0, 0.0, 0.0, 0.0, 0.0, 0.0)",544180.0,1807060.0,546740.0,1809620.0,65536,2612,65536,2612,0,0,0,4,0,0,b88f9a02166112528fbfeb3af4108e2d0bd43e8e7a3b9e88b272ff0366d75e45,e8fff4121af786330746638277b7ff7e3870ed93b5c7d6659810dafc54091dd7,e381265468799f16dabb53543bee5fcf0673de9bc1447d7fa6e4eb6f114c7e8d,62924,0,0,0,0,0,2576,28,0,0,0,0,0,8,0,0
874,27-1-19_16QED_11,27-1-19_16QED,2019-01-27,16QED,11,patches/S2_27-1-19_16QED/S2_27-1-19_16QED_11.tif,patches/S2_27-1-19_16QED/S2_27-1-19_16QED_11_cl.tif,patches/S2_27-1-19_16QED/S2_27-1-19_16QED_11_conf.tif,test,-86.5743987263867,16.33265616608872,EPSG:32616,10.0,10.0,11,float32,,"(1.0, 1.0, 1.0, 1.0, 1.0, 1.0, 1.0, 1.0, 1.0, 1.0, 1.0)","(0.0, 0.0, 0.0, 0.0, 0.0, 0.0, 0.0, 0.0, 0.0, 0.0, 0.0)",544180.0,1804500.0,546740.0,1807060.0,65536,1178,65536,1178,0,0,0,0,0,0,7a76f6deadc9d2f3e81224be5e7b59dcced99ec6b324ed940a80fbced4a5d8ce,d24e6c694838f3f7fcf99177c6c42f0d592a163e296d906ea6670e1a2eeb1006,062382ee3e6b9c31a29f62bc22821d7c3249bc67ec16f30c5c0310d17f309377,64358,0,0,0,0,0,535,16,0,0,0,0,0,627,0,0
875,27-1-19_16QED_12,27-1-19_16QED,2019-01-27,16QED,12,patches/S2_27-1-19_16QED/S2_27-1-19_16QED_12.tif,patches/S2_27-1-19_16QED/S2_27-1-19_16QED_12_cl.tif,patches/S2_27-1-19_16QED/S2_27-1-19_16QED_12_conf.tif,test,-86.57449869383457,16.286371882202637,EPSG:32616,10.0,10.0,11,float32,,"(1.0, 1.0, 1.0, 1.0, 1.0, 1.0, 1.0, 1.0, 1.0, 1.0, 1.0)","(0.0, 0.0, 0.0, 0.0, 0.0, 0.0, 0.0, 0.0, 0.0, 0.0, 0.0)",544180.0,1799380.0,546740.0,1801940.0,65536,169,65536,169,0,0,0,0,0,0,e039cf7fedcd48036d3e7078f5d534c8794dc4648102021f199e4347cc47b752,c04aeaa6e03d5457363b56a9f7a9a762359d13ab8ea5f7c7482887ad3df58992,b750db0d4eb85e4bf2ec62055e5543eb39ef5d06d1ee298bcc906e9eae42fec2,65367,0,100,69,0,0,0,0,0,0,0,0,0,0,0,0
876,27-1-19_16QED_13,27-1-19_16QED,2019-01-27,16QED,13,patches/S2_27-1-19_16QED/S2_27-1-19_16QED_13.tif,patches/S2_27-1-19_16QED/S2_27-1-19_16QED_13_cl.tif,patches/S2_27-1-19_16QED/S2_27-1-19_16QED_13_conf.tif,test,-86.55048509886278,16.30946442041865,EPSG:32616,10.0,10.0,11,float32,,"(1.0, 1.0, 1.0, 1.0, 1.0, 1.0, 1.0, 1.0, 1.0, 1.0, 1.0)","(0.0, 0.0, 0.0, 0.0, 0.0, 0.0, 0.0, 0.0, 0.0, 0.0, 0.0)",546740.0,1801940.0,549300.0,1804500.0,65536,77,65536,77,0,0,0,0,0,0,b9d285a1f45d28f45e6149c92f9e109d8fb02ab29617daef8c31fa7f90a2abbd,c51673eff82477ea1219c961b44e94b2396511fbc4390157a320a33b99844a66,e6bd2ce35e7f46790b0852143ed9469f834ce58233dc27dab0db0737c3f3f714,65459,0,0,36,0,0,0,6,0,0,0,35,0,0,0,0
877,27-1-19_16QED_14,27-1-19_16QED,2019-01-27,16QED,14,patches/S2_27-1-19_16QED/S2_27-1-19_16QED_14.tif,patches/S2_27-1-19_16QED/S2_27-1-19_16QED_14_cl.tif,patches/S2_27-1-19_16QED/S2_27-1-19_16QED_14_conf.tif,test,-86.55053785440379,16.286322327310028,EPSG:32616,10.0,10.0,11,float32,,"(1.0, 1.0, 1.0, 1.0, 1.0, 1.0, 1.0, 1.0, 1.0, 1.0, 1.0)","(0.0, 0.0, 0.0, 0.0, 0.0, 0.0, 0.0, 0.0, 0.0, 0.0, 0.0)",546740.0,1799380.0,549300.0,1801940.0,65536,81,65536,81,0,0,0,4,0,0,415872cad7555eb04b1b7fbcf4eebd1bb6a760c9f39812c2ff0f0564fe967d4b,8e18ff8d19f5b070a5fb2e296693760c767d998d2e65027710079af8efa9b1d0,6e48d040a4d704cd91380ce03fbaf56889818817d5a538f70d88da93a4cfc64b,65455,0,0,0,0,17,0,42,0,0,0,0,0,0,22,0
878,27-1-19_16QED_15,27-1-19_16QED,2019-01-27,16QED,15,patches/S2_27-1-19_16QED/S2_27-1-19_16QED_15.tif,patches/S2_27-1-19_16QED/S2_27-1-19_16QED_15_cl.tif,patches/S2_27-1-19_16QED/S2_27-1-19_16QED_15_conf.tif,test,-86.52641012762533,16.355695950507755,EPSG:32616,10.0,10.0,11,float32,,"(1.0, 1.0, 1.0, 1.0, 1.0, 1.0, 1.0, 1.0, 1.0, 1.0, 1.0)","(0.0, 0.0, 0.0, 0.0, 0.0, 0.0, 0.0, 0.0, 0.0, 0.0, 0.0)",549300.0,1807060.0,551860.0,1809620.0,65536,303,65536,303,0,0,0,8,0,0,73c33d2c0bdbd815cb66510376a08e8e82c74161345e23a16416bbce1410dacc,1211f2abe846945818958161cb32fa444547ea10c29c0b8dc86191a20dd3972b,bf68832db7eabd8ccf4a713da0ae602b3a9c73ce934774a88633edbedc7b655b,65233,0,0,0,0,0,0,6,0,0,0,297,0,0,0,0
879,27-1-19_16QED_16,27-1-19_16QED,2019-01-27,16QED,16,patches/S2_27-1-19_16QED/S2_27-1-19_16QED_16.tif,patches/S2_27-1-19_16QED/S2_27-1-19_16QED_16_cl.tif,patches/S2_27-1-19_16QED/S2_27-1-19_16QED_16_conf.tif,test,-86.52652153253067,16.309412073343253,EPSG:32616,10.0,10.0,11,float32,,"(1.0, 1.0, 1.0, 1.0, 1.0, 1.0, 1.0, 1.0, 1.0, 1.0, 1.0)","(0.0, 0.0, 0.0, 0.0, 0.0, 0.0, 0.0, 0.0, 0.0, 0.0, 0.0)",549300.0,1801940.0,551860.0,1804500.0,65536,100,65536,100,0,0,0,4,3,0,a4a68214e53db6656a1f2723976e3c09695e5c493542392c4e10f82623f31256,194e895068c5c38153d8e3ff4324adb629de31dbb547e85c07224501224a8a5d,33a5f9ce48ed6dcf844fc4114ead1e17441f1a62d786b0a033e504c1a2b3302d,65436,0,5,33,0,0,0,4,0,0,0,58,0,0,0,0
880,27-1-19_16QED_17,27-1-19_16QED,2019-01-27,16QED,17,patches/S2_27-1-19_16QED/S2_27-1-19_16QED_17.tif,patches/S2_27-1-19_16QED/S2_27-1-19_16QED_17_cl.tif,patches/S2_27-1-19_16QED/S2_27-1-19_16QED_17_conf.tif,test,-86.50255805602995,16.309357008349725,EPSG:32616,10.0,10.0,11,float32,,"(1.0, 1.0, 1.0, 1.0, 1.0, 1.0, 1.0, 1.0, 1.0, 1.0, 1.0)","(0.0, 0.0, 0.0, 0.0, 0.0, 0.0, 0.0, 0.0, 0.0, 0.0, 0.0)",551860.0,1801940.0,554420.0,1804500.0,65536,190,65536,190,0,0,0,12,0,0,5f53f1aedde4fb7b6e2d178b72139762b5c3622541abcfd58186f88df5970b83,204137b27ca92d0a7ed8fe97ed56288e86bceb575620c43391f20464d339952d,f71aaffcce6f6cbfb227de73e4bdf3ca907b2d1d0e72e3a4f8e345bebda05fce,65346,0,12,106,0,0,60,12,0,0,0,0,0,0,0,0
881,27-1-19_16QED_18,27-1-19_16QED,2019-01-27,16QED,18,patches/S2_27-1-19_16QED/S2_27-1-19_16QED_18.tif,patches/S2_27-1-19_16QED/S2_27-1-19_16QED_18_cl.tif,patches/S2_27-1-19_16QED/S2_27-1-19_16QED_18_conf.tif,test,-86.50261643580109,16.286215075875624,EPSG:32616,10.0,10.0,11,float32,,"(1.0, 1.0, 1.0, 1.0, 1.0, 1.0, 1.0, 1.0, 1.0, 1.0, 1.0)","(0.0, 0.0, 0.0, 0.0, 0.0, 0.0, 0.0, 0.0, 0.0, 0.0, 0.0)",551860.0,1799380.0,554420.0,1801940.0,65536,173,65536,173,0,0,0,4,0,0,b742d4788e60a6d522f8b726aba62392131de628d2c47210b506493ae03f8dcb,b29971f4d13c1221340e389fed085fdde76e6fe8adaf41de0d89e808fd4cb8d3,2f232c3311c97b9e2981b09586d64bd67b65a1143cac0026397425b83fd69740,65363,0,0,0,0,0,173,0,0,0,0,0,0,0,0,0
882,27-1-19_16QED_2,27-1-19_16QED,2019-01-27,16QED,2,patches/S2_27-1-19_16QED/S2_27-1-19_16QED_2.tif,patches/S2_27-1-19_16QED/S2_27-1-19_16QED_2_cl.tif,patches/S2_27-1-19_16QED/S2_27-1-19_16QED_2_conf.tif,test,-86.64638167812062,16.286504263085224,EPSG:32616,10.0,10.0,11,float32,,"(1.0, 1.0, 1.0, 1.0, 1.0, 1.0, 1.0, 1.0, 1.0, 1.0, 1.0)","(0.0, 0.0, 0.0, 0.0, 0.0, 0.0, 0.0, 0.0, 0.0, 0.0, 0.0)",536500.0,1799380.0,539060.0,1801940.0,65536,49,65536,49,0,0,0,0,0,0,e219a5c28f1efe9bf5591da2e2147bd42b8f0498f82d123ad7071311f066ce81,3c66f210aa6c6a0c997d82936ef7a00bee17f11944197f1bf83c157495c2fa55,b5ac3eecd37a3c703acca7c987e7c5de3c01a5492dc91e4ca1212a2a8fae8ca5,65487,0,0,33,0,0,0,16,0,0,0,0,0,0,0,0
883,27-1-19_16QED_3,27-1-19_16QED,2019-01-27,16QED,3,patches/S2_27-1-19_16QED/S2_27-1-19_16QED_3.tif,patches/S2_27-1-19_16QED/S2_27-1-19_16QED_3_cl.tif,patches/S2_27-1-19_16QED/S2_27-1-19_16QED_3_conf.tif,test,-86.64642311759503,16.263361846821233,EPSG:32616,10.0,10.0,11,float32,,"(1.0, 1.0, 1.0, 1.0, 1.0, 1.0, 1.0, 1.0, 1.0, 1.0, 1.0)","(0.0, 0.0, 0.0, 0.0, 0.0, 0.0, 0.0, 0.0, 0.0, 0.0, 0.0)",536500.0,1796820.0,539060.0,1799380.0,65536,296,65536,296,0,0,0,0,0,0,537c09dc80ad4e360e65b585f23e98c48a74eaae65b7bcd9023ac45ee1bde654,c629ef9e40664c4e57445f80338ba975422fa95992e744b0410559451a1a3e21,d6ae93215321f3e0f4ac64013ba811ff6c41125bd16b6c28150d126f6a208934,65240,0,0,0,0,0,72,47,0,0,0,0,0,177,0,0
884,27-1-19_16QED_4,27-1-19_16QED,2019-01-27,16QED,4,patches/S2_27-1-19_16QED/S2_27-1-19_16QED_4.tif,patches/S2_27-1-19_16QED/S2_27-1-19_16QED_4_cl.tif,patches/S2_27-1-19_16QED/S2_27-1-19_16QED_4_conf.tif,test,-86.62224290479783,16.379031759728512,EPSG:32616,10.0,10.0,11,float32,,"(1.0, 1.0, 1.0, 1.0, 1.0, 1.0, 1.0, 1.0, 1.0, 1.0, 1.0)","(0.0, 0.0, 0.0, 0.0, 0.0, 0.0, 0.0, 0.0, 0.0, 0.0, 0.0)",539060.0,1809620.0,541620.0,1812180.0,65536,21,65536,21,0,0,0,0,0,0,110811ab71bcabd19aa425992b5cb7ef8f38a079e327633c45f0ee5d5b744d23,fb43f0805e0d8b0fa8b6be5a75ebc08ce1ee8de97d13045a901ea5ff560140a4,9bfdd682ca2595c53ad174bc149b6e83cf9f4d92296288921ba42e976c61cc54,65515,0,0,21,0,0,0,0,0,0,0,0,0,0,0,0
885,27-1-19_16QED_5,27-1-19_16QED,2019-01-27,16QED,5,patches/S2_27-1-19_16QED/S2_27-1-19_16QED_5.tif,patches/S2_27-1-19_16QED/S2_27-1-19_16QED_5_cl.tif,patches/S2_27-1-19_16QED/S2_27-1-19_16QED_5_conf.tif,test,-86.62233190088965,16.33274740653828,EPSG:32616,10.0,10.0,11,float32,,"(1.0, 1.0, 1.0, 1.0, 1.0, 1.0, 1.0, 1.0, 1.0, 1.0, 1.0)","(0.0, 0.0, 0.0, 0.0, 0.0, 0.0, 0.0, 0.0, 0.0, 0.0, 0.0)",539060.0,1804500.0,541620.0,1807060.0,65536,167,65536,167,0,0,0,0,0,0,7089d7deb5b46eb7d1ebf716cdebb91eb30d8a776f2e0e26131a8d2405e9702a,9bc777045b38a9ebcf63b2c45b5694885d7bda59e472d4c354fd94e1d5e9d829,7c2a341875a94e3415b7dcd748a65ff5d59a7cc82065a6a2f24189d23244c54a,65369,0,0,119,0,0,0,48,0,0,0,0,0,0,0,0
886,27-1-19_16QED_6,27-1-19_16QED,2019-01-27,16QED,6,patches/S2_27-1-19_16QED/S2_27-1-19_16QED_6.tif,patches/S2_27-1-19_16QED/S2_27-1-19_16QED_6_cl.tif,patches/S2_27-1-19_16QED/S2_27-1-19_16QED_6_conf.tif,test,-86.6224648574797,16.263320495876634,EPSG:32616,10.0,10.0,11,float32,,"(1.0, 1.0, 1.0, 1.0, 1.0, 1.0, 1.0, 1.0, 1.0, 1.0, 1.0)","(0.0, 0.0, 0.0, 0.0, 0.0, 0.0, 0.0, 0.0, 0.0, 0.0, 0.0)",539060.0,1796820.0,541620.0,1799380.0,65536,139,65536,139,0,0,0,0,0,0,cee74c1f8f9c05b3671cf27b64149e113a30db0e722f6a30871add74aacc09e7,511a8d8f3cd7b063f8ed8754ec5e547c2c1d9b383e9169b77cdedeceac3e7873,d8be000af1354249fa28cd022cde35193bec091ba105ab33cf3d7d84fdfb1209,65397,0,0,0,0,0,124,15,0,0,0,0,0,0,0,0
887,27-1-19_16QED_7,27-1-19_16QED,2019-01-27,16QED,7,patches/S2_27-1-19_16QED/S2_27-1-19_16QED_7.tif,patches/S2_27-1-19_16QED/S2_27-1-19_16QED_7_cl.tif,patches/S2_27-1-19_16QED/S2_27-1-19_16QED_7_conf.tif,test,-86.59836527552069,16.332703147368505,EPSG:32616,10.0,10.0,11,float32,,"(1.0, 1.0, 1.0, 1.0, 1.0, 1.0, 1.0, 1.0, 1.0, 1.0, 1.0)","(0.0, 0.0, 0.0, 0.0, 0.0, 0.0, 0.0, 0.0, 0.0, 0.0, 0.0)",541620.0,1804500.0,544180.0,1807060.0,65536,990,65536,990,0,0,0,0,0,0,176853bb322c59c635bf7506e97a35f9d6afcb26507e8cb8b817b6011c977b92,945ad6bb7c6347cbe54204e27d32bb8c1103c702a4cb1b218f87d814b35f0f28,c585eb8e59482696cbae9e1dae60e9632d999ab39860eaaee66d478f4a42ad63,64546,0,0,0,0,0,35,10,0,0,0,0,0,945,0,0
888,27-1-19_16QED_8,27-1-19_16QED,2019-01-27,16QED,8,patches/S2_27-1-19_16QED/S2_27-1-19_16QED_8.tif,patches/S2_27-1-19_16QED/S2_27-1-19_16QED_8_cl.tif,patches/S2_27-1-19_16QED/S2_27-1-19_16QED_8_conf.tif,test,-86.59845961396013,16.286418723155442,EPSG:32616,10.0,10.0,11,float32,,"(1.0, 1.0, 1.0, 1.0, 1.0, 1.0, 1.0, 1.0, 1.0, 1.0, 1.0)","(0.0, 0.0, 0.0, 0.0, 0.0, 0.0, 0.0, 0.0, 0.0, 0.0, 0.0)",541620.0,1799380.0,544180.0,1801940.0,65536,808,65536,808,0,0,0,0,0,0,a5278e0b088d9f60118a9f953b6b894bb5ebf4f9176ca285d9adb3269db6914b,87f3d64f3f0353d65bfe2bac5cd74ab5b3b5bbce84f33b71d86c4fab102d0fbc,e2cf61a7313dd8fdfe7c0cadd13dbce1401ee516b5e55edd7a44c392c9abffdc,64728,0,0,0,0,8,0,59,0,0,0,717,0,0,24,0
889,27-1-19_16QED_9,27-1-19_16QED,2019-01-27,16QED,9,patches/S2_27-1-19_16QED/S2_27-1-19_16QED_9.tif,patches/S2_27-1-19_16QED/S2_27-1-19_16QED_9_cl.tif,patches/S2_27-1-19_16QED/S2_27-1-19_16QED_9_conf.tif,test,-86.5742984358039,16.37894024663194,EPSG:32616,10.0,10.0,11,float32,,"(1.0, 1.0, 1.0, 1.0, 1.0, 1.0, 1.0, 1.0, 1.0, 1.0, 1.0)","(0.0, 0.0, 0.0, 0.0, 0.0, 0.0, 0.0, 0.0, 0.0, 0.0, 0.0)",544180.0,1809620.0,546740.0,1812180.0,65536,26,65536,26,0,0,0,8,0,0,86f951fcc0ba8dffba1f0ec469cc69fcc3d1d92968136afe16cc915d81f7f6b7,3b937ec7aff567529ca4f5431dd36342eea0928c58f88cb76d7c7c10071052f4,dae16592ebdfc2f3d3259e9304be6e47e5c2d277e15033be00b7dba17622e8e6,65510,0,0,8,0,0,0,18,0,0,0,0,0,0,0,0
890,28-9-20_16PCC_0,28-9-20_16PCC,2020-09-28,16PCC,0,patches/S2_28-9-20_16PCC/S2_28-9-20_16PCC_0.tif,patches/S2_28-9-20_16PCC/S2_28-9-20_16PCC_0_cl.tif,patches/S2_28-9-20_16PCC/S2_28-9-20_16PCC_0_conf.tif,test,-88.70072642237223,15.806967639608084,EPSG:32616,10.0,10.0,11,float32,,"(1.0, 1.0, 1.0, 1.0, 1.0, 1.0, 1.0, 1.0, 1.0, 1.0, 1.0)","(0.0, 0.0, 0.0, 0.0, 0.0, 0.0, 0.0, 0.0, 0.0, 0.0, 0.0)",316560.0,1747040.0,319120.0,1749600.0,65536,18,65536,18,0,0,0,0,0,0,fc86bbefc3ead910c3aa00eb550148517bf88cb58e0877aa74f40c6029448b7d,c7e60099f1e148b4aa61b64a5b7144ea3c2c78453b41eea04457ec9f412a38e2,7f6388ed58521f09bcc1b8473580a2ad70d3dedb4d839686227de36451adfc87,65518,0,0,0,0,4,0,0,0,0,2,0,0,0,12,0
891,28-9-20_16PCC_1,28-9-20_16PCC,2020-09-28,16PCC,1,patches/S2_28-9-20_16PCC/S2_28-9-20_16PCC_1.tif,patches/S2_28-9-20_16PCC/S2_28-9-20_16PCC_1_cl.tif,patches/S2_28-9-20_16PCC/S2_28-9-20_16PCC_1_conf.tif,test,-88.67721426502669,15.853421129180276,EPSG:32616,10.0,10.0,11,float32,,"(1.0, 1.0, 1.0, 1.0, 1.0, 1.0, 1.0, 1.0, 1.0, 1.0, 1.0)","(0.0, 0.0, 0.0, 0.0, 0.0, 0.0, 0.0, 0.0, 0.0, 0.0, 0.0)",319120.0,1752160.0,321680.0,1754720.0,65536,1,65536,1,0,0,0,0,0,0,af55746c8b32512c35d356be338dd3511d93743135fca8c7dd87990c9e9f00d7,f15456100c3142e2f6570f2d98010e67146f63a477d1553f99e399a28055b690,072e1f612017ea52c4be9c51d912157a90f228373d774a6110847bafe37e6187,65535,0,0,0,0,0,0,1,0,0,0,0,0,0,0,0
892,28-9-20_16PCC_10,28-9-20_16PCC,2020-09-28,16PCC,10,patches/S2_28-9-20_16PCC/S2_28-9-20_16PCC_10.tif,patches/S2_28-9-20_16PCC/S2_28-9-20_16PCC_10_cl.tif,patches/S2_28-9-20_16PCC/S2_28-9-20_16PCC_10_conf.tif,test,-88.62885890333743,15.784382656550214,EPSG:32616,10.0,10.0,11,float32,,"(1.0, 1.0, 1.0, 1.0, 1.0, 1.0, 1.0, 1.0, 1.0, 1.0, 1.0)","(0.0, 0.0, 0.0, 0.0, 0.0, 0.0, 0.0, 0.0, 0.0, 0.0, 0.0)",324240.0,1744480.0,326800.0,1747040.0,65536,7,65536,7,0,0,0,0,0,0,e95bdf3c43bb2e47e87ffa0f3564af1a13b3808407b7dff0b28f04f800d0c21f,0f14a056f890de7e8ed4bb1748ab64cb5c8615c50ef2760dab3ce29393ba4441,eb7313c222dfea20e747ecc98d4aca1f0b13c18cbe6625d401085bc81fbb1466,65529,3,0,0,0,0,0,3,0,0,0,0,0,0,0,1
893,28-9-20_16PCC_11,28-9-20_16PCC,2020-09-28,16PCC,11,patches/S2_28-9-20_16PCC/S2_28-9-20_16PCC_11.tif,patches/S2_28-9-20_16PCC/S2_28-9-20_16PCC_11_cl.tif,patches/S2_28-9-20_16PCC/S2_28-9-20_16PCC_11_conf.tif,test,-88.60533162062853,15.830829762959441,EPSG:32616,10.0,10.0,11,float32,,"(1.0, 1.0, 1.0, 1.0, 1.0, 1.0, 1.0, 1.0, 1.0, 1.0, 1.0)","(0.0, 0.0, 0.0, 0.0, 0.0, 0.0, 0.0, 0.0, 0.0, 0.0, 0.0)",326800.0,1749600.0,329360.0,1752160.0,65536,113,65536,113,0,0,0,0,0,0,eff779324485004dc333bff9b3b519e22e128c369378c0ae16b30498bad7f52d,55d64f6bc28071681cc2150cf48f49d99813ee21bf3087cf256d435463974c27,e503977971ec29f2d1a9dccf8a21bd2d24f63cab3d47aeec281d2ffeaff75fa3,65423,0,0,0,0,59,0,54,0,0,0,0,0,0,0,0
894,28-9-20_16PCC_12,28-9-20_16PCC,2020-09-28,16PCC,12,patches/S2_28-9-20_16PCC/S2_28-9-20_16PCC_12.tif,patches/S2_28-9-20_16PCC/S2_28-9-20_16PCC_12_cl.tif,patches/S2_28-9-20_16PCC/S2_28-9-20_16PCC_12_conf.tif,test,-88.60514906479355,15.807695056072175,EPSG:32616,10.0,10.0,11,float32,,"(1.0, 1.0, 1.0, 1.0, 1.0, 1.0, 1.0, 1.0, 1.0, 1.0, 1.0)","(0.0, 0.0, 0.0, 0.0, 0.0, 0.0, 0.0, 0.0, 0.0, 0.0, 0.0)",326800.0,1747040.0,329360.0,1749600.0,65536,51,65536,51,0,0,0,0,0,0,68db931cc19a7e3d19179fe4fc4324f56fc90f7105a309dfd2fc1821d10dd254,792971c7e460494a609f52c1e70a0db48c2dd17244c568bbdfe3086ed3e6e624,f8b37768819bb9b74088a9a4a28682bc213327e9760127c1102a3aa61a1fac4a,65485,0,0,0,0,51,0,0,0,0,0,0,0,0,0,0
895,28-9-20_16PCC_13,28-9-20_16PCC,2020-09-28,16PCC,13,patches/S2_28-9-20_16PCC/S2_28-9-20_16PCC_13.tif,patches/S2_28-9-20_16PCC/S2_28-9-20_16PCC_13_cl.tif,patches/S2_28-9-20_16PCC/S2_28-9-20_16PCC_13_conf.tif,test,-88.60478485772903,15.761425488621184,EPSG:32616,10.0,10.0,11,float32,,"(1.0, 1.0, 1.0, 1.0, 1.0, 1.0, 1.0, 1.0, 1.0, 1.0, 1.0)","(0.0, 0.0, 0.0, 0.0, 0.0, 0.0, 0.0, 0.0, 0.0, 0.0, 0.0)",326800.0,1741920.0,329360.0,1744480.0,65536,51,65536,51,0,0,0,0,0,0,5841414562e7a7e8f5b7cd49ae52f57ee8dfc9f4d54e9d41607c645adcb97c9c,f4033e24e2b33339f5e9a823b844a211b75bea30bc82970d4430a10532dfe5b4,5022324da2180351be1fbeb20a49f9fd8805a0772e8d15fcfa2834386f60da1b,65485,0,0,0,0,8,0,43,0,0,0,0,0,0,0,0
896,28-9-20_16PCC_14,28-9-20_16PCC,2020-09-28,16PCC,14,patches/S2_28-9-20_16PCC/S2_28-9-20_16PCC_14.tif,patches/S2_28-9-20_16PCC/S2_28-9-20_16PCC_14_cl.tif,patches/S2_28-9-20_16PCC/S2_28-9-20_16PCC_14_conf.tif,test,-88.60442185573343,15.715155716721949,EPSG:32616,10.0,10.0,11,float32,,"(1.0, 1.0, 1.0, 1.0, 1.0, 1.0, 1.0, 1.0, 1.0, 1.0, 1.0)","(0.0, 0.0, 0.0, 0.0, 0.0, 0.0, 0.0, 0.0, 0.0, 0.0, 0.0)",326800.0,1736800.0,329360.0,1739360.0,65536,159,65536,159,0,0,0,0,0,0,27dd85377c2b876327198556efcbea7b4105e271d8960f08b05460bd1e8a00d5,05106b16595cccca52b6fbe177242612fff195d8bde41281c00f762fc945df98,917ebbf8bfdbd934ee1cdb0516cd7389c95b9e52e3c494a9805bb49a68bb5414,65377,0,0,0,0,0,0,0,0,0,159,0,0,0,0,0
897,28-9-20_16PCC_15,28-9-20_16PCC,2020-09-28,16PCC,15,patches/S2_28-9-20_16PCC/S2_28-9-20_16PCC_15.tif,patches/S2_28-9-20_16PCC/S2_28-9-20_16PCC_15_cl.tif,patches/S2_28-9-20_16PCC/S2_28-9-20_16PCC_15_conf.tif,test,-88.58089516938725,15.761600238222012,EPSG:32616,10.0,10.0,11,float32,,"(1.0, 1.0, 1.0, 1.0, 1.0, 1.0, 1.0, 1.0, 1.0, 1.0, 1.0)","(0.0, 0.0, 0.0, 0.0, 0.0, 0.0, 0.0, 0.0, 0.0, 0.0, 0.0)",329360.0,1741920.0,331920.0,1744480.0,65536,4,65536,4,0,0,0,0,4,0,afb20c96e2f05ad1f4f87c993baa5e435a080254bb52b59bbfa22a9183d9dbf3,f016752637fd80548f4f879fc9897de27a9272c763af3da717b9d32d3f036062,0721f3969bc0390a72867f71fa51574f88b46522c7f4d248d33f8a7139c4379d,65532,0,0,0,0,4,0,0,0,0,0,0,0,0,0,0
898,28-9-20_16PCC_2,28-9-20_16PCC,2020-09-28,16PCC,2,patches/S2_28-9-20_16PCC/S2_28-9-20_16PCC_2.tif,patches/S2_28-9-20_16PCC/S2_28-9-20_16PCC_2_cl.tif,patches/S2_28-9-20_16PCC/S2_28-9-20_16PCC_2_conf.tif,test,-88.67664216670904,15.784019507364428,EPSG:32616,10.0,10.0,11,float32,,"(1.0, 1.0, 1.0, 1.0, 1.0, 1.0, 1.0, 1.0, 1.0, 1.0, 1.0)","(0.0, 0.0, 0.0, 0.0, 0.0, 0.0, 0.0, 0.0, 0.0, 0.0, 0.0)",319120.0,1744480.0,321680.0,1747040.0,65536,19,65536,19,0,0,0,0,0,0,b519d6bbbc46b985b900c210c5a92c5897358e572ece3603165cd1d437e04115,0e63c641c0b0440be3455134526d22f805d09f8ed23651e4611819864c36b1f7,88b4e9c3c35ad16a2e49f744ae86a8c76d26ebb769ba39a74f741446b267f17e,65517,0,0,0,0,4,0,0,0,0,2,0,0,0,13,0
899,28-9-20_16PCC_3,28-9-20_16PCC,2020-09-28,16PCC,3,patches/S2_28-9-20_16PCC/S2_28-9-20_16PCC_3.tif,patches/S2_28-9-20_16PCC/S2_28-9-20_16PCC_3_cl.tif,patches/S2_28-9-20_16PCC/S2_28-9-20_16PCC_3_conf.tif,test,-88.6535032521242,15.876738912530731,EPSG:32616,10.0,10.0,11,float32,,"(1.0, 1.0, 1.0, 1.0, 1.0, 1.0, 1.0, 1.0, 1.0, 1.0, 1.0)","(0.0, 0.0, 0.0, 0.0, 0.0, 0.0, 0.0, 0.0, 0.0, 0.0, 0.0)",321680.0,1754720.0,324240.0,1757280.0,65536,114,65536,114,0,0,0,0,0,0,5fcdb7e37ba6b7f86d81504b12290ecdfee0c12a5d8efb877cd467cbd163a233,e58c007f2547e637b13251f36af1d38a4ea33b6c6553ad6829512743918c580d,ee87b02fc28aadc76253a495054811551ce7ba457e92b7a3ce5c9c2f5b134c46,65422,1,0,0,0,0,0,113,0,0,0,0,0,0,0,0
900,28-9-20_16PCC_4,28-9-20_16PCC,2020-09-28,16PCC,4,patches/S2_28-9-20_16PCC/S2_28-9-20_16PCC_4.tif,patches/S2_28-9-20_16PCC/S2_28-9-20_16PCC_4_cl.tif,patches/S2_28-9-20_16PCC/S2_28-9-20_16PCC_4_conf.tif,test,-88.65331464548133,15.853604859831405,EPSG:32616,10.0,10.0,11,float32,,"(1.0, 1.0, 1.0, 1.0, 1.0, 1.0, 1.0, 1.0, 1.0, 1.0, 1.0)","(0.0, 0.0, 0.0, 0.0, 0.0, 0.0, 0.0, 0.0, 0.0, 0.0, 0.0)",321680.0,1752160.0,324240.0,1754720.0,65536,20,65536,20,0,0,0,0,0,0,08bf330adb43ef00ae3fcf06eb198205184d0bbc8cbe7af524037d6163c70d65,89665fccabd9b088f7a5b75b5b48ec45c0a2b939f24d0f01eef5f92ab4377739,55ce27d008f03ea7a34ceb4a51c0ac034c5122eb4117d6063d52937860390b34,65516,11,0,0,1,0,0,6,0,0,0,0,0,0,0,2
901,28-9-20_16PCC_5,28-9-20_16PCC,2020-09-28,16PCC,5,patches/S2_28-9-20_16PCC/S2_28-9-20_16PCC_5.tif,patches/S2_28-9-20_16PCC/S2_28-9-20_16PCC_5_cl.tif,patches/S2_28-9-20_16PCC/S2_28-9-20_16PCC_5_conf.tif,test,-88.65312634972695,15.830470755626937,EPSG:32616,10.0,10.0,11,float32,,"(1.0, 1.0, 1.0, 1.0, 1.0, 1.0, 1.0, 1.0, 1.0, 1.0, 1.0)","(0.0, 0.0, 0.0, 0.0, 0.0, 0.0, 0.0, 0.0, 0.0, 0.0, 0.0)",321680.0,1749600.0,324240.0,1752160.0,65536,2,65536,2,0,0,0,0,0,0,16b752e91cc1cdb655026fa653126339e94832ecac4f2f5d10c934ad81a420bb,1108ae572a593da81148d03228707d3019940fd3bd81494682161ceec9219c5d,58e20fea11a0f95bb83f31060ef31f1b578c3b5a3820765bd128fcb7355aba83,65534,0,0,0,0,0,0,2,0,0,0,0,0,0,0,0
902,28-9-20_16PCC_6,28-9-20_16PCC,2020-09-28,16PCC,6,patches/S2_28-9-20_16PCC/S2_28-9-20_16PCC_6.tif,patches/S2_28-9-20_16PCC/S2_28-9-20_16PCC_6_cl.tif,patches/S2_28-9-20_16PCC/S2_28-9-20_16PCC_6_conf.tif,test,-88.65275069021834,15.784202392975406,EPSG:32616,10.0,10.0,11,float32,,"(1.0, 1.0, 1.0, 1.0, 1.0, 1.0, 1.0, 1.0, 1.0, 1.0, 1.0)","(0.0, 0.0, 0.0, 0.0, 0.0, 0.0, 0.0, 0.0, 0.0, 0.0, 0.0)",321680.0,1744480.0,324240.0,1747040.0,65536,22,65536,22,0,0,0,0,0,0,894b01621e06173c23720d4f2ec80529da2bbf769dd2f8f9ed902e38d8e605c5,82ed77d7586ded678f7dbd82c5240ecc9e2c57921a889b06abc7cbaca62740e3,caf6178b11cce901109a6fd04fa6e83fa8b5c28848e26f8ca1745c1f23ed041e,65514,0,0,0,0,0,0,22,0,0,0,0,0,0,0,0
903,28-9-20_16PCC_7,28-9-20_16PCC,2020-09-28,16PCC,7,patches/S2_28-9-20_16PCC/S2_28-9-20_16PCC_7.tif,patches/S2_28-9-20_16PCC/S2_28-9-20_16PCC_7_cl.tif,patches/S2_28-9-20_16PCC/S2_28-9-20_16PCC_7_conf.tif,test,-88.62960059819952,15.876920286795588,EPSG:32616,10.0,10.0,11,float32,,"(1.0, 1.0, 1.0, 1.0, 1.0, 1.0, 1.0, 1.0, 1.0, 1.0, 1.0)","(0.0, 0.0, 0.0, 0.0, 0.0, 0.0, 0.0, 0.0, 0.0, 0.0, 0.0)",324240.0,1754720.0,326800.0,1757280.0,65536,17,65536,17,0,0,0,0,0,0,6e70b9d56f3ad85d936c763803ca7a31b40714467db312b9358b32ec9ae5369d,7d3aa7107c1dd93b8a20f3c5599ed2a55410dc5132966e4f801617e33a12c9a7,fd9a8345a247c51fe3cf172a14e437e86bc7b808ab7326b40088cbc10f017ae1,65519,0,0,0,0,0,0,17,0,0,0,0,0,0,0,0
904,28-9-20_16PCC_8,28-9-20_16PCC,2020-09-28,16PCC,8,patches/S2_28-9-20_16PCC/S2_28-9-20_16PCC_8.tif,patches/S2_28-9-20_16PCC/S2_28-9-20_16PCC_8_cl.tif,patches/S2_28-9-20_16PCC/S2_28-9-20_16PCC_8_conf.tif,test,-88.62922913829584,15.830651574425115,EPSG:32616,10.0,10.0,11,float32,,"(1.0, 1.0, 1.0, 1.0, 1.0, 1.0, 1.0, 1.0, 1.0, 1.0, 1.0)","(0.0, 0.0, 0.0, 0.0, 0.0, 0.0, 0.0, 0.0, 0.0, 0.0, 0.0)",324240.0,1749600.0,326800.0,1752160.0,65536,18,65536,18,0,0,0,0,0,0,19fea248dfe1533e3a11abcecb8dc860b0852e73c0d7d4ad1b04e00c7021e83c,15ab1c537a3caf91a628871ddfb10c55f9aff9b4b516c0da4e127ae30b349821,36a6da0c0fc2b9b236867400c5c9efc98dc71608b43675b74c4982311b08ff41,65518,10,0,0,1,0,0,3,0,0,0,0,0,0,0,4
905,28-9-20_16PCC_9,28-9-20_16PCC,2020-09-28,16PCC,9,patches/S2_28-9-20_16PCC/S2_28-9-20_16PCC_9.tif,patches/S2_28-9-20_16PCC/S2_28-9-20_16PCC_9_cl.tif,patches/S2_28-9-20_16PCC/S2_28-9-20_16PCC_9_conf.tif,test,-88.62904386778035,15.807517141141663,EPSG:32616,10.0,10.0,11,float32,,"(1.0, 1.0, 1.0, 1.0, 1.0, 1.0, 1.0, 1.0, 1.0, 1.0, 1.0)","(0.0, 0.0, 0.0, 0.0, 0.0, 0.0, 0.0, 0.0, 0.0, 0.0, 0.0)",324240.0,1747040.0,326800.0,1749600.0,65536,14,65536,14,0,0,0,0,0,0,a37b183c7ae94a88f91ddbfa9bbe27fe230af3e724771d14d0a3520919027dce,804a18522c75d075057b259ead8939f65df06dba5f079283c53a3e0c678beb6b,c53f14edf908510199a6379a64757576de5585ffcbbc480fa5153ab2f9be6c6f,65522,5,0,0,1,0,0,3,0,0,0,0,0,0,0,5
906,28-9-20_16PDC_0,28-9-20_16PDC,2020-09-28,16PDC,0,patches/S2_28-9-20_16PDC/S2_28-9-20_16PDC_0.tif,patches/S2_28-9-20_16PDC/S2_28-9-20_16PDC_0_cl.tif,patches/S2_28-9-20_16PDC/S2_28-9-20_16PDC_0_conf.tif,val,-87.82756768526555,15.966809718943836,EPSG:32616,10.0,10.0,11,float32,,"(1.0, 1.0, 1.0, 1.0, 1.0, 1.0, 1.0, 1.0, 1.0, 1.0, 1.0)","(0.0, 0.0, 0.0, 0.0, 0.0, 0.0, 0.0, 0.0, 0.0, 0.0, 0.0)",410160.0,1764160.0,412720.0,1766720.0,65536,296,65536,296,0,0,0,0,0,0,1fc6a5e3dd72b20c93581909593a2fe0932d6a62b0a6ccc4177d4a4f4adfab2d,70a75ecd0e5d48b0425c3a92d50af9836e153cef8d74775a6f119e49310768ca,252f74513604152692b750e7639307a627858a4c408e34e8a3b677cccf45ed0f,65240,0,0,0,0,0,0,296,0,0,0,0,0,0,0,0
907,28-9-20_16PDC_1,28-9-20_16PDC,2020-09-28,16PDC,1,patches/S2_28-9-20_16PDC/S2_28-9-20_16PDC_1.tif,patches/S2_28-9-20_16PDC/S2_28-9-20_16PDC_1_cl.tif,patches/S2_28-9-20_16PDC/S2_28-9-20_16PDC_1_conf.tif,val,-87.82737790045316,15.920527421411444,EPSG:32616,10.0,10.0,11,float32,,"(1.0, 1.0, 1.0, 1.0, 1.0, 1.0, 1.0, 1.0, 1.0, 1.0, 1.0)","(0.0, 0.0, 0.0, 0.0, 0.0, 0.0, 0.0, 0.0, 0.0, 0.0, 0.0)",410160.0,1759040.0,412720.0,1761600.0,65536,58,65536,58,0,0,0,0,0,0,3f8c860ec1c4079ed870d300ce9eefdd0728f886617e95e075f7880ccfad0b61,bfb1814fbe009638c2db444ff623144657a4916390982a6213a664c0cde2bd0e,cea66eb563276c2d49343ac9171b80e1bc5143333d64c05d1f2ac6cd76e84a3b,65478,0,0,0,0,0,0,0,0,7,51,0,0,0,0,0
908,28-9-20_16PDC_10,28-9-20_16PDC,2020-09-28,16PDC,10,patches/S2_28-9-20_16PDC/S2_28-9-20_16PDC_10.tif,patches/S2_28-9-20_16PDC/S2_28-9-20_16PDC_10_cl.tif,patches/S2_28-9-20_16PDC/S2_28-9-20_16PDC_10_conf.tif,val,-87.70780015019834,15.920952659606483,EPSG:32616,10.0,10.0,11,float32,,"(1.0, 1.0, 1.0, 1.0, 1.0, 1.0, 1.0, 1.0, 1.0, 1.0, 1.0)","(0.0, 0.0, 0.0, 0.0, 0.0, 0.0, 0.0, 0.0, 0.0, 0.0, 0.0)",422960.0,1759040.0,425520.0,1761600.0,65536,15025,65536,15025,0,0,0,12,0,0,d2a77dff4f792fcbc8c426a18acc867a421df83e00de7705f7663e83d881442b,21ce6e6b210e41868316c126c7569a1432ad003edf40a459e25f3daa692fe436,73c794984307a0ab1341232e1a31d499c5c8ec19e200011b266cfb1198ea1499,50511,0,0,0,0,0,0,0,15025,0,0,0,0,0,0,0
909,28-9-20_16PDC_11,28-9-20_16PDC,2020-09-28,16PDC,11,patches/S2_28-9-20_16PDC/S2_28-9-20_16PDC_11.tif,patches/S2_28-9-20_16PDC/S2_28-9-20_16PDC_11_cl.tif,patches/S2_28-9-20_16PDC/S2_28-9-20_16PDC_11_conf.tif,val,-87.68404105916106,15.967313592695376,EPSG:32616,10.0,10.0,11,float32,,"(1.0, 1.0, 1.0, 1.0, 1.0, 1.0, 1.0, 1.0, 1.0, 1.0, 1.0)","(0.0, 0.0, 0.0, 0.0, 0.0, 0.0, 0.0, 0.0, 0.0, 0.0, 0.0)",425520.0,1764160.0,428080.0,1766720.0,65536,68,65536,68,0,0,0,0,0,0,60bc267ed72a44023640b8d6e7c06d4cb926a5e470b4bb79eb4b4a1b8c4e62dc,c595c4bf91515ae87aa515817ebcf75da52e61a80ca21ebfbe68e3e6d909d2fd,a69c3d28417667d4d43bf6b5e0eaeec0c347edb94e33ff5a7008d10a1e8e97dd,65468,0,0,0,0,0,0,0,0,0,68,0,0,0,0,0
910,28-9-20_16PDC_12,28-9-20_16PDC,2020-09-28,16PDC,12,patches/S2_28-9-20_16PDC/S2_28-9-20_16PDC_12.tif,patches/S2_28-9-20_16PDC/S2_28-9-20_16PDC_12_cl.tif,patches/S2_28-9-20_16PDC/S2_28-9-20_16PDC_12_conf.tif,val,-87.68396255622712,15.944171701029084,EPSG:32616,10.0,10.0,11,float32,,"(1.0, 1.0, 1.0, 1.0, 1.0, 1.0, 1.0, 1.0, 1.0, 1.0, 1.0)","(0.0, 0.0, 0.0, 0.0, 0.0, 0.0, 0.0, 0.0, 0.0, 0.0, 0.0)",425520.0,1761600.0,428080.0,1764160.0,65536,2875,65536,2875,0,0,0,20,0,0,16e7b1f247881fbe9bf5e5b4988d25e3bfca34a59107d01dd13ad323323b55c1,ca8994b2cf58c1e0ea91b65b2ec12f30d1e3502d86c406be56e13a537898689a,317555d46d22a92d46c8228805ddcee095b0b8287b05788bc1748b01698eecc3,62661,0,0,0,0,0,0,0,0,0,2875,0,0,0,0,0
911,28-9-20_16PDC_13,28-9-20_16PDC,2020-09-28,16PDC,13,patches/S2_28-9-20_16PDC/S2_28-9-20_16PDC_13.tif,patches/S2_28-9-20_16PDC/S2_28-9-20_16PDC_13_cl.tif,patches/S2_28-9-20_16PDC/S2_28-9-20_16PDC_13_conf.tif,val,-87.66103830047571,16.245088416127473,EPSG:32616,10.0,10.0,11,float32,,"(1.0, 1.0, 1.0, 1.0, 1.0, 1.0, 1.0, 1.0, 1.0, 1.0, 1.0)","(0.0, 0.0, 0.0, 0.0, 0.0, 0.0, 0.0, 0.0, 0.0, 0.0, 0.0)",428080.0,1794880.0,430640.0,1797440.0,65536,857,65536,857,0,0,0,0,0,0,f16eb803d64ac7b9a529bd3c13afa3fde86765e6ad053839fc700ec20f82d726,4a1d3f78735aa82358e11e342b8bc1469ed3c9006f1d71fe9adb479cfc587695,4809b204a689792c03c763ae6cdf40c93d06966b1aa00dfb9be498d8092ef13a,64679,0,0,0,0,0,672,73,0,0,0,0,0,112,0,0
912,28-9-20_16PDC_14,28-9-20_16PDC,2020-09-28,16PDC,14,patches/S2_28-9-20_16PDC/S2_28-9-20_16PDC_14.tif,patches/S2_28-9-20_16PDC/S2_28-9-20_16PDC_14_cl.tif,patches/S2_28-9-20_16PDC/S2_28-9-20_16PDC_14_conf.tif,val,-87.66096104456292,16.2219470151943,EPSG:32616,10.0,10.0,11,float32,,"(1.0, 1.0, 1.0, 1.0, 1.0, 1.0, 1.0, 1.0, 1.0, 1.0, 1.0)","(0.0, 0.0, 0.0, 0.0, 0.0, 0.0, 0.0, 0.0, 0.0, 0.0, 0.0)",428080.0,1792320.0,430640.0,1794880.0,65536,4,65536,4,0,0,0,0,0,0,13f8a62bc62ecd0cc96d2c3d9db37dd4d735c624c6bc3e9f1310a5cc67bbc66a,2215ccaa715cb59d482b3b6fa5f9b2e9d4c18c513bf0deb527e295f72cda0a4a,60d224bb824d4ad8c6b41cda116c2f5d490ecc79b0fc52d8a24cd4f53541bb24,65532,0,0,0,0,0,4,0,0,0,0,0,0,0,0,0
913,28-9-20_16PDC_15,28-9-20_16PDC,2020-09-28,16PDC,15,patches/S2_28-9-20_16PDC/S2_28-9-20_16PDC_15.tif,patches/S2_28-9-20_16PDC/S2_28-9-20_16PDC_15_cl.tif,patches/S2_28-9-20_16PDC/S2_28-9-20_16PDC_15_conf.tif,val,-87.66042375471629,16.059955791701135,EPSG:32616,10.0,10.0,11,float32,,"(1.0, 1.0, 1.0, 1.0, 1.0, 1.0, 1.0, 1.0, 1.0, 1.0, 1.0)","(0.0, 0.0, 0.0, 0.0, 0.0, 0.0, 0.0, 0.0, 0.0, 0.0, 0.0)",428080.0,1774400.0,430640.0,1776960.0,65536,677,65536,677,0,0,0,0,0,0,1ef0d53d5aedbb1a5d1706ff226a9b363a58d8e772493a64a2d00481ea3ea198,36ede43b802092ece665edea5e8050b96278a934adb31fac7326d7fb494aab54,9c56a67d632fa00193393abfdfef5e11b368f25c9d1b90491e17eb9129e19a3b,64859,0,0,0,0,0,0,677,0,0,0,0,0,0,0,0
914,28-9-20_16PDC_16,28-9-20_16PDC,2020-09-28,16PDC,16,patches/S2_28-9-20_16PDC/S2_28-9-20_16PDC_16.tif,patches/S2_28-9-20_16PDC/S2_28-9-20_16PDC_16_cl.tif,patches/S2_28-9-20_16PDC/S2_28-9-20_16PDC_16_conf.tif,val,-87.63708330289829,16.245161755605178,EPSG:32616,10.0,10.0,11,float32,,"(1.0, 1.0, 1.0, 1.0, 1.0, 1.0, 1.0, 1.0, 1.0, 1.0, 1.0)","(0.0, 0.0, 0.0, 0.0, 0.0, 0.0, 0.0, 0.0, 0.0, 0.0, 0.0)",430640.0,1794880.0,433200.0,1797440.0,65536,619,65536,619,0,0,0,0,0,0,891506a5f55a942bada0851799a38f8b7727a4f5a46ca60eccfebdfc85507781,de7afbfcbbb8bfb371a21305acc435c5819a7614f1f92f068c02f245d0840d7a,fef4b91517a73c35dcd4e603260b0aed47afb78dc0ba1040a8a0b1c140ac07c4,64917,0,0,0,0,0,562,36,0,0,0,0,0,21,0,0
915,28-9-20_16PDC_17,28-9-20_16PDC,2020-09-28,16PDC,17,patches/S2_28-9-20_16PDC/S2_28-9-20_16PDC_17.tif,patches/S2_28-9-20_16PDC/S2_28-9-20_16PDC_17_cl.tif,patches/S2_28-9-20_16PDC/S2_28-9-20_16PDC_17_conf.tif,val,-87.63686029455306,16.17573707054746,EPSG:32616,10.0,10.0,11,float32,,"(1.0, 1.0, 1.0, 1.0, 1.0, 1.0, 1.0, 1.0, 1.0, 1.0, 1.0)","(0.0, 0.0, 0.0, 0.0, 0.0, 0.0, 0.0, 0.0, 0.0, 0.0, 0.0)",430640.0,1787200.0,433200.0,1789760.0,65536,24,65536,24,0,0,0,0,0,0,24159e56b1b03825acdea55801c2dad20583633f2123543deb758002808e68d2,a608f9e08b2ccaf1bdfd0b7e149056af2bcbe28656ccbfb6881d56902aa53b3f,67fb3f6251a5c4f42da505dd85210ae85e9802fc0cabc086e48e0af816ed7bdf,65512,0,15,9,0,0,0,0,0,0,0,0,0,0,0,0
916,28-9-20_16PDC_18,28-9-20_16PDC,2020-09-28,16PDC,18,patches/S2_28-9-20_16PDC/S2_28-9-20_16PDC_18.tif,patches/S2_28-9-20_16PDC/S2_28-9-20_16PDC_18_cl.tif,patches/S2_28-9-20_16PDC/S2_28-9-20_16PDC_18_conf.tif,val,-87.63671222505313,16.129453694162603,EPSG:32616,10.0,10.0,11,float32,,"(1.0, 1.0, 1.0, 1.0, 1.0, 1.0, 1.0, 1.0, 1.0, 1.0, 1.0)","(0.0, 0.0, 0.0, 0.0, 0.0, 0.0, 0.0, 0.0, 0.0, 0.0, 0.0)",430640.0,1782080.0,433200.0,1784640.0,65536,23,65536,23,0,0,0,0,0,0,4318ecb58ff9b8226b26eb96ed671af187bb66a64eada16e7db6951aa079ad3a,09f1fad3a3230852a39e5f8de28b44bfdb16e53e70cf0101d09ac44bb5f069f8,7cc3632e1c6b2cfb307805f65c892b6c00e95768b35af4b9b5128ab1ad4829e6,65513,0,10,13,0,0,0,0,0,0,0,0,0,0,0,0
917,28-9-20_16PDC_19,28-9-20_16PDC,2020-09-28,16PDC,19,patches/S2_28-9-20_16PDC/S2_28-9-20_16PDC_19.tif,patches/S2_28-9-20_16PDC/S2_28-9-20_16PDC_19_cl.tif,patches/S2_28-9-20_16PDC/S2_28-9-20_16PDC_19_conf.tif,val,-87.63663837092489,16.10631193025985,EPSG:32616,10.0,10.0,11,float32,,"(1.0, 1.0, 1.0, 1.0, 1.0, 1.0, 1.0, 1.0, 1.0, 1.0, 1.0)","(0.0, 0.0, 0.0, 0.0, 0.0, 0.0, 0.0, 0.0, 0.0, 0.0, 0.0)",430640.0,1779520.0,433200.0,1782080.0,65536,30,65536,30,0,0,0,0,0,0,7b4bf12925b0cd9912cd2ee7082e153ffddb88c199b868e643019795bb02b784,ee4b90926cb9baac34fcef7deb03ffccf8d0269f23e276381170d658ec83dc75,9af9737037e9be8633a248b898a68c853319efd2460d844c819aea0e1cfd3cc6,65506,0,2,20,0,0,0,8,0,0,0,0,0,0,0,0
918,28-9-20_16PDC_2,28-9-20_16PDC,2020-09-28,16PDC,2,patches/S2_28-9-20_16PDC/S2_28-9-20_16PDC_2.tif,patches/S2_28-9-20_16PDC/S2_28-9-20_16PDC_2_cl.tif,patches/S2_28-9-20_16PDC/S2_28-9-20_16PDC_2_conf.tif,val,-87.80476549663972,16.24459154959626,EPSG:32616,10.0,10.0,11,float32,,"(1.0, 1.0, 1.0, 1.0, 1.0, 1.0, 1.0, 1.0, 1.0, 1.0, 1.0)","(0.0, 0.0, 0.0, 0.0, 0.0, 0.0, 0.0, 0.0, 0.0, 0.0, 0.0)",412720.0,1794880.0,415280.0,1797440.0,65536,1176,65536,1176,0,0,0,0,0,0,7b39a225aa1148531bcf3a3cd2644d7d65ade436f1e8c3901704af4dd35b5984,0bfe14a411ee4cd1acc4124afccf668a29029c1ee78b53fccfeeeccef860c97d,40e9ccb99d14e677d6e60eff941e17d00dd7329c8e91336b0e8b8480389e23da,64360,0,0,0,0,0,1170,6,0,0,0,0,0,0,0,0
919,28-9-20_16PDC_20,28-9-20_16PDC,2020-09-28,16PDC,20,patches/S2_28-9-20_16PDC/S2_28-9-20_16PDC_20.tif,patches/S2_28-9-20_16PDC/S2_28-9-20_16PDC_20_cl.tif,patches/S2_28-9-20_16PDC/S2_28-9-20_16PDC_20_conf.tif,val,-87.63649102358421,16.060028251356673,EPSG:32616,10.0,10.0,11,float32,,"(1.0, 1.0, 1.0, 1.0, 1.0, 1.0, 1.0, 1.0, 1.0, 1.0, 1.0)","(0.0, 0.0, 0.0, 0.0, 0.0, 0.0, 0.0, 0.0, 0.0, 0.0, 0.0)",430640.0,1774400.0,433200.0,1776960.0,65536,68,65536,68,0,0,0,0,0,0,46f4f7b2db1f66f7c3ea50eadb473c3a9fcca298ddaaab925218ac64e169d23e,4686587902349f6f2555d2c80f64ebfa17ae0db85be1c129e9a97c16e1d7638b,9dda0020c6eef6850e2bb2a917bc361b88fb9c1758a399dbfc4f1fd880468c80,65468,0,0,0,0,0,0,68,0,0,0,0,0,0,0,0
920,28-9-20_16PDC_21,28-9-20_16PDC,2020-09-28,16PDC,21,patches/S2_28-9-20_16PDC/S2_28-9-20_16PDC_21.tif,patches/S2_28-9-20_16PDC/S2_28-9-20_16PDC_21_cl.tif,patches/S2_28-9-20_16PDC/S2_28-9-20_16PDC_21_conf.tif,val,-87.63597909066607,15.898033795462666,EPSG:32616,10.0,10.0,11,float32,,"(1.0, 1.0, 1.0, 1.0, 1.0, 1.0, 1.0, 1.0, 1.0, 1.0, 1.0)","(0.0, 0.0, 0.0, 0.0, 0.0, 0.0, 0.0, 0.0, 0.0, 0.0, 0.0)",430640.0,1756480.0,433200.0,1759040.0,65536,12,65536,12,0,0,0,0,0,0,63b394068ac4172b5f5a3f9180d44d2e018c335c3e615d6c3374b9f83cc8468f,4f278463597eaa8e0f32a590ba69ccb74862f78cecb024cd75fc4b17115fbfe5,753ff8ccad6ba8d9e0eab6f200ac2e6497ce49a87c73f05c764d857820d7b4c8,65524,0,0,0,0,0,0,0,0,0,0,12,0,0,0,0
921,28-9-20_16PDC_22,28-9-20_16PDC,2020-09-28,16PDC,22,patches/S2_28-9-20_16PDC/S2_28-9-20_16PDC_22.tif,patches/S2_28-9-20_16PDC/S2_28-9-20_16PDC_22_cl.tif,patches/S2_28-9-20_16PDC/S2_28-9-20_16PDC_22_conf.tif,val,-87.61284225098822,16.15266561687552,EPSG:32616,10.0,10.0,11,float32,,"(1.0, 1.0, 1.0, 1.0, 1.0, 1.0, 1.0, 1.0, 1.0, 1.0, 1.0)","(0.0, 0.0, 0.0, 0.0, 0.0, 0.0, 0.0, 0.0, 0.0, 0.0, 0.0)",433200.0,1784640.0,435760.0,1787200.0,65536,20,65536,20,0,0,0,0,0,0,957619448d3113f4662c8aa48498b26f94f85641546ad3dc7db5d95f42a87653,713f2b21e3ec2aeb28ece6a4079a6e66d91e1db1d3d83ea6a94d71a4992a626b,9ddd251934888bda550b6aac6b733a4c01ba65dee98bc4d2a74d3a07e6605764,65516,0,0,20,0,0,0,0,0,0,0,0,0,0,0,0
922,28-9-20_16PDC_23,28-9-20_16PDC,2020-09-28,16PDC,23,patches/S2_28-9-20_16PDC/S2_28-9-20_16PDC_23.tif,patches/S2_28-9-20_16PDC/S2_28-9-20_16PDC_23_cl.tif,patches/S2_28-9-20_16PDC/S2_28-9-20_16PDC_23_conf.tif,val,-87.54100972776739,16.152860103435106,EPSG:32616,10.0,10.0,11,float32,,"(1.0, 1.0, 1.0, 1.0, 1.0, 1.0, 1.0, 1.0, 1.0, 1.0, 1.0)","(0.0, 0.0, 0.0, 0.0, 0.0, 0.0, 0.0, 0.0, 0.0, 0.0, 0.0)",440880.0,1784640.0,443440.0,1787200.0,65536,6,65536,6,0,0,0,0,0,0,d828f237036371406abcedb411a8c49feb619717efeccbb9b8895e69cdd7b2c6,e68a4118a31050e974de6e282fce2146f79ce41a9d509a04fb67576ae2115af2,37c254b9b7565d4da3fd43cdd8150c05da2f4bdc1167912d2a57fe2663cf650f,65530,0,0,6,0,0,0,0,0,0,0,0,0,0,0,0
923,28-9-20_16PDC_24,28-9-20_16PDC,2020-09-28,16PDC,24,patches/S2_28-9-20_16PDC/S2_28-9-20_16PDC_24.tif,patches/S2_28-9-20_16PDC/S2_28-9-20_16PDC_24_cl.tif,patches/S2_28-9-20_16PDC/S2_28-9-20_16PDC_24_conf.tif,val,-87.49312085968839,16.152976309575976,EPSG:32616,10.0,10.0,11,float32,,"(1.0, 1.0, 1.0, 1.0, 1.0, 1.0, 1.0, 1.0, 1.0, 1.0, 1.0)","(0.0, 0.0, 0.0, 0.0, 0.0, 0.0, 0.0, 0.0, 0.0, 0.0, 0.0)",446000.0,1784640.0,448560.0,1787200.0,65536,7,65536,7,0,0,0,0,0,0,fae3657220691ead5c82a43fb9b9175b5e9a039228ea0857b87c1616664e928a,0fdd8d008962a582cc438ab1a92bda51a7dd0e9f8245d02ae9053c8bbffd52e8,c1146271a9bb48183be56b0f3a5319ed9cd0eeafa0136a9d00063550b720a912,65529,0,0,7,0,0,0,0,0,0,0,0,0,0,0,0
924,28-9-20_16PDC_25,28-9-20_16PDC,2020-09-28,16PDC,25,patches/S2_28-9-20_16PDC/S2_28-9-20_16PDC_25.tif,patches/S2_28-9-20_16PDC/S2_28-9-20_16PDC_25_cl.tif,patches/S2_28-9-20_16PDC/S2_28-9-20_16PDC_25_conf.tif,val,-87.49306357267172,16.129834021550884,EPSG:32616,10.0,10.0,11,float32,,"(1.0, 1.0, 1.0, 1.0, 1.0, 1.0, 1.0, 1.0, 1.0, 1.0, 1.0)","(0.0, 0.0, 0.0, 0.0, 0.0, 0.0, 0.0, 0.0, 0.0, 0.0, 0.0)",446000.0,1782080.0,448560.0,1784640.0,65536,8,65536,8,0,0,0,0,0,0,fefd07193050698a6e1e41d69611a74104387599c557c1f215f52e13821193f4,7ed48e945aa92a63ea426ea9e2dd915eb8ee5dd527e7a632252fa9316332adc4,23f0663ea99b4bf93d736e219e0a69cf261836291e0516545ce088d50a4bc541,65528,0,0,8,0,0,0,0,0,0,0,0,0,0,0,0
925,28-9-20_16PDC_26,28-9-20_16PDC,2020-09-28,16PDC,26,patches/S2_28-9-20_16PDC/S2_28-9-20_16PDC_26.tif,patches/S2_28-9-20_16PDC/S2_28-9-20_16PDC_26_cl.tif,patches/S2_28-9-20_16PDC/S2_28-9-20_16PDC_26_conf.tif,val,-87.46912177788265,16.129888007442098,EPSG:32616,10.0,10.0,11,float32,,"(1.0, 1.0, 1.0, 1.0, 1.0, 1.0, 1.0, 1.0, 1.0, 1.0, 1.0)","(0.0, 0.0, 0.0, 0.0, 0.0, 0.0, 0.0, 0.0, 0.0, 0.0, 0.0)",448560.0,1782080.0,451120.0,1784640.0,65536,4,65536,4,0,0,0,0,0,0,f4c5ae37e7db99ab7ac98fa637918ebb895770d244e5de02aa3fc558f497a334,07aaa656f3c964b0e452183da06e6c0bb89cf6a3cfd07213d082375fde2d5363,11ed9acce0eda58d74d79b21baba7e4ea1df9954d375a5f4f31bffda02f695ec,65532,0,0,4,0,0,0,0,0,0,0,0,0,0,0,0
926,28-9-20_16PDC_27,28-9-20_16PDC,2020-09-28,16PDC,27,patches/S2_28-9-20_16PDC/S2_28-9-20_16PDC_27.tif,patches/S2_28-9-20_16PDC/S2_28-9-20_16PDC_27_cl.tif,patches/S2_28-9-20_16PDC/S2_28-9-20_16PDC_27_conf.tif,val,-87.39688380653195,15.921748283459888,EPSG:32616,10.0,10.0,11,float32,,"(1.0, 1.0, 1.0, 1.0, 1.0, 1.0, 1.0, 1.0, 1.0, 1.0, 1.0)","(0.0, 0.0, 0.0, 0.0, 0.0, 0.0, 0.0, 0.0, 0.0, 0.0, 0.0)",456240.0,1759040.0,458800.0,1761600.0,65536,177,65536,177,0,0,0,0,0,0,25de7a3247280a34923579c9157bae16c3466615f4ba50361562dedf12e83e18,2fd932c0ca49301ab35490ca7008f1231e095742dfbb316a5e3eb2d24157c0d1,9b58ac73e82f9d8ffe42f28645bc06664a49daa2968b471f1b4f76f758e41ba2,65359,0,0,0,0,0,0,177,0,0,0,0,0,0,0,0
927,28-9-20_16PDC_28,28-9-20_16PDC,2020-09-28,16PDC,28,patches/S2_28-9-20_16PDC/S2_28-9-20_16PDC_28.tif,patches/S2_28-9-20_16PDC/S2_28-9-20_16PDC_28_cl.tif,patches/S2_28-9-20_16PDC/S2_28-9-20_16PDC_28_conf.tif,val,-87.30152698404652,16.130190686730202,EPSG:32616,10.0,10.0,11,float32,,"(1.0, 1.0, 1.0, 1.0, 1.0, 1.0, 1.0, 1.0, 1.0, 1.0, 1.0)","(0.0, 0.0, 0.0, 0.0, 0.0, 0.0, 0.0, 0.0, 0.0, 0.0, 0.0)",466480.0,1782080.0,469040.0,1784640.0,65536,173,65536,173,0,0,0,0,0,0,27c08b4b23eaee19b081e6e3b0ae6ad5ea6d2a742813b821d555e37272db0f7e,b52c28c5ba54ea13007e9f8757c0559755ad042525db8e3e26006d61347820eb,50a0f9adb66e6c73ec027f96c505306937819b1f9e9b95c52fc4452552eb014b,65363,0,0,0,0,0,0,173,0,0,0,0,0,0,0,0
928,28-9-20_16PDC_29,28-9-20_16PDC,2020-09-28,16PDC,29,patches/S2_28-9-20_16PDC/S2_28-9-20_16PDC_29.tif,patches/S2_28-9-20_16PDC/S2_28-9-20_16PDC_29_cl.tif,patches/S2_28-9-20_16PDC/S2_28-9-20_16PDC_29_conf.tif,val,-87.27742413067406,16.014508048882057,EPSG:32616,10.0,10.0,11,float32,,"(1.0, 1.0, 1.0, 1.0, 1.0, 1.0, 1.0, 1.0, 1.0, 1.0, 1.0)","(0.0, 0.0, 0.0, 0.0, 0.0, 0.0, 0.0, 0.0, 0.0, 0.0, 0.0)",469040.0,1769280.0,471600.0,1771840.0,65536,235,65536,235,0,0,0,0,0,0,39cbba94ad2b7ce70c0ae40003a058eae5e7c5545e775cb142405cd584a04d60,867f67e2c40f98197767cf75adc1c713a0ec516ffba479932c54e68a97b1436f,986d91e7f1b7f265389bbb2efaaf03366ea4e8d62fe74f5c89db1e673601384d,65301,0,0,0,0,0,0,235,0,0,0,0,0,0,0,0
929,28-9-20_16PDC_3,28-9-20_16PDC,2020-09-28,16PDC,3,patches/S2_28-9-20_16PDC/S2_28-9-20_16PDC_3.tif,patches/S2_28-9-20_16PDC/S2_28-9-20_16PDC_3_cl.tif,patches/S2_28-9-20_16PDC/S2_28-9-20_16PDC_3_conf.tif,val,-87.75563168178022,15.920790511985995,EPSG:32616,10.0,10.0,11,float32,,"(1.0, 1.0, 1.0, 1.0, 1.0, 1.0, 1.0, 1.0, 1.0, 1.0, 1.0)","(0.0, 0.0, 0.0, 0.0, 0.0, 0.0, 0.0, 0.0, 0.0, 0.0, 0.0)",417840.0,1759040.0,420400.0,1761600.0,65536,877,65536,877,0,0,0,0,0,0,3ed960771c8f9679493b5d828852d9faa021369e7b08ae1a101254ca11c26c77,7faeb6fd4b24ce86c9564f94b8632cabadc92ebae5940e7d77518727b0a4601d,1d444578404047e664ddbc6590c0d62b348573db6ce2bde7d85ce57f1a862e88,64659,0,0,0,0,0,0,0,0,0,877,0,0,0,0,0
930,28-9-20_16PDC_4,28-9-20_16PDC,2020-09-28,16PDC,4,patches/S2_28-9-20_16PDC/S2_28-9-20_16PDC_4.tif,patches/S2_28-9-20_16PDC/S2_28-9-20_16PDC_4_cl.tif,patches/S2_28-9-20_16PDC/S2_28-9-20_16PDC_4_conf.tif,val,-87.73179983938573,15.944014612364182,EPSG:32616,10.0,10.0,11,float32,,"(1.0, 1.0, 1.0, 1.0, 1.0, 1.0, 1.0, 1.0, 1.0, 1.0, 1.0)","(0.0, 0.0, 0.0, 0.0, 0.0, 0.0, 0.0, 0.0, 0.0, 0.0, 0.0)",420400.0,1761600.0,422960.0,1764160.0,65536,6038,65536,6038,0,0,0,452,0,0,650ef12952752d3bdff7f397424b0c6bd468fe77baea70eb5fe6d06ce3148ea3,5daff8c11b37652dd7d053120d7dad5c39a7f25888cb9b56473464b5b2830877,477702b8d5250631ca81a958551635e9f355c12513bf6c39acde97787f5f97f5,59498,0,0,0,0,0,0,0,6038,0,0,0,0,0,0,0
931,28-9-20_16PDC_5,28-9-20_16PDC,2020-09-28,16PDC,5,patches/S2_28-9-20_16PDC/S2_28-9-20_16PDC_5.tif,patches/S2_28-9-20_16PDC/S2_28-9-20_16PDC_5_cl.tif,patches/S2_28-9-20_16PDC/S2_28-9-20_16PDC_5_conf.tif,val,-87.73171598490039,15.920872910453,EPSG:32616,10.0,10.0,11,float32,,"(1.0, 1.0, 1.0, 1.0, 1.0, 1.0, 1.0, 1.0, 1.0, 1.0, 1.0)","(0.0, 0.0, 0.0, 0.0, 0.0, 0.0, 0.0, 0.0, 0.0, 0.0, 0.0)",420400.0,1759040.0,422960.0,1761600.0,65536,11806,65536,11806,0,0,0,20,0,0,1da2607e942d5ecbf881dbca26c581864d2418e37537ab4f071e7b811bbacc6c,889c27f0794c854ca5e3525dfec4f0eb69439d261710fd717e3c53aa9077cf66,286c2034ef82187c7b2f68132d65860c3c79230d5030875ae667beca9ad5f2d1,53730,0,0,0,0,0,0,0,11806,0,0,0,0,0,0,0
932,28-9-20_16PDC_6,28-9-20_16PDC,2020-09-28,16PDC,6,patches/S2_28-9-20_16PDC/S2_28-9-20_16PDC_6.tif,patches/S2_28-9-20_16PDC/S2_28-9-20_16PDC_6_cl.tif,patches/S2_28-9-20_16PDC/S2_28-9-20_16PDC_6_conf.tif,val,-87.70886506127925,16.221792449758563,EPSG:32616,10.0,10.0,11,float32,,"(1.0, 1.0, 1.0, 1.0, 1.0, 1.0, 1.0, 1.0, 1.0, 1.0, 1.0)","(0.0, 0.0, 0.0, 0.0, 0.0, 0.0, 0.0, 0.0, 0.0, 0.0, 0.0)",422960.0,1792320.0,425520.0,1794880.0,65536,90,65536,90,0,0,0,0,0,0,5f02f10ced5398a91a9f767d5f5c7aa36cd43d272fb2f81155d096992a888b80,164ad978619dc1f995414dcc41b255a62db62e9377f7ba7a1f4456cdfc722892,eedcdb4787f9095f0a96843accf2df436c341af0c9e5507346dcb3b188730d7c,65446,0,0,0,0,0,0,90,0,0,0,0,0,0,0,0
933,28-9-20_16PDC_7,28-9-20_16PDC,2020-09-28,16PDC,7,patches/S2_28-9-20_16PDC/S2_28-9-20_16PDC_7.tif,patches/S2_28-9-20_16PDC/S2_28-9-20_16PDC_7_cl.tif,patches/S2_28-9-20_16PDC/S2_28-9-20_16PDC_7_conf.tif,val,-87.70845280359859,16.10608584613994,EPSG:32616,10.0,10.0,11,float32,,"(1.0, 1.0, 1.0, 1.0, 1.0, 1.0, 1.0, 1.0, 1.0, 1.0, 1.0)","(0.0, 0.0, 0.0, 0.0, 0.0, 0.0, 0.0, 0.0, 0.0, 0.0, 0.0)",422960.0,1779520.0,425520.0,1782080.0,65536,71,65536,71,0,0,0,0,0,0,8e272bca82ce9c31be3f9018a1f90975cc6a43462ecb8a76c02a96b8fa14d286,13e57f64bffcf018f02a8ff4d15dbb47a362ff8da079da5d5bb1fcc11c3d5cca,d90348412dba3da072ed289deb7564c7c9092ef94f8ba0d48b37c1b8d13f5ece,65465,0,0,0,0,0,0,71,0,0,0,0,0,0,0,0
934,28-9-20_16PDC_8,28-9-20_16PDC,2020-09-28,16PDC,8,patches/S2_28-9-20_16PDC/S2_28-9-20_16PDC_8.tif,patches/S2_28-9-20_16PDC/S2_28-9-20_16PDC_8_cl.tif,patches/S2_28-9-20_16PDC/S2_28-9-20_16PDC_8_conf.tif,val,-87.70796251219554,15.967236257207334,EPSG:32616,10.0,10.0,11,float32,,"(1.0, 1.0, 1.0, 1.0, 1.0, 1.0, 1.0, 1.0, 1.0, 1.0, 1.0)","(0.0, 0.0, 0.0, 0.0, 0.0, 0.0, 0.0, 0.0, 0.0, 0.0, 0.0)",422960.0,1764160.0,425520.0,1766720.0,65536,67,65536,67,0,0,0,36,0,0,b0db33ec1cf1dc240aeed738a5768e677930aa36dfec9f9446b707de378ffe5f,ce6309b0d582d9b5e61f84dc214afab93f18c763c1d8a45553895fbe671d4b6e,780a5c0e0d21e06b6c9127063e6fb289f80d135f0d99d90c1a53266a9bd27884,65469,0,0,0,0,0,0,0,0,0,67,0,0,0,0,0
935,28-9-20_16PDC_9,28-9-20_16PDC,2020-09-28,16PDC,9,patches/S2_28-9-20_16PDC/S2_28-9-20_16PDC_9.tif,patches/S2_28-9-20_16PDC/S2_28-9-20_16PDC_9_cl.tif,patches/S2_28-9-20_16PDC/S2_28-9-20_16PDC_9_conf.tif,val,-87.70788126450168,15.944094483411803,EPSG:32616,10.0,10.0,11,float32,,"(1.0, 1.0, 1.0, 1.0, 1.0, 1.0, 1.0, 1.0, 1.0, 1.0, 1.0)","(0.0, 0.0, 0.0, 0.0, 0.0, 0.0, 0.0, 0.0, 0.0, 0.0, 0.0)",422960.0,1761600.0,425520.0,1764160.0,65536,13157,65536,13157,0,0,0,444,0,0,f52d633bdb861c2a562c635d6f52d921443582b69f79415ceac5972f0bbcff1d,2a19244e2d3876e8b0da9fde42608ecb5ca16373288b7fe5132c187e18a0eab9,482fbaf2ab7e0447f14c8266fe3fb2db92d406560264657a526d095c4e0e5bad,52379,0,0,0,0,0,0,0,5264,0,7893,0,0,0,0,0
936,29-11-15_16PEC_0,29-11-15_16PEC,2015-11-29,16PEC,0,patches/S2_29-11-15_16PEC/S2_29-11-15_16PEC_0.tif,patches/S2_29-11-15_16PEC/S2_29-11-15_16PEC_0_cl.tif,patches/S2_29-11-15_16PEC/S2_29-11-15_16PEC_0_conf.tif,train,-86.76304804499497,16.09429197393304,EPSG:32616,10.0,10.0,11,float32,,"(1.0, 1.0, 1.0, 1.0, 1.0, 1.0, 1.0, 1.0, 1.0, 1.0, 1.0)","(0.0, 0.0, 0.0, 0.0, 0.0, 0.0, 0.0, 0.0, 0.0, 0.0, 0.0)",524060.0,1778100.0,526620.0,1780660.0,65536,3,65536,3,0,0,0,0,0,0,18117158b42671d19b828ca53e967b20bbcd03e6b832933c3e79ebf958ca6290,1a3217d44ce00e377ede95cf871814dc22005dd65b98e8458b9b49c7a16c9346,31f05948aab50c23abd4b3a0c5ad6b4411442bdcc087402bfd89781424e6507e,65533,2,0,0,0,0,0,1,0,0,0,0,0,0,0,0
937,29-11-15_16PEC_1,29-11-15_16PEC,2015-11-29,16PEC,1,patches/S2_29-11-15_16PEC/S2_29-11-15_16PEC_1.tif,patches/S2_29-11-15_16PEC/S2_29-11-15_16PEC_1_cl.tif,patches/S2_29-11-15_16PEC/S2_29-11-15_16PEC_1_conf.tif,train,-86.45192069050375,16.070578348142526,EPSG:32616,10.0,10.0,11,float32,,"(1.0, 1.0, 1.0, 1.0, 1.0, 1.0, 1.0, 1.0, 1.0, 1.0, 1.0)","(0.0, 0.0, 0.0, 0.0, 0.0, 0.0, 0.0, 0.0, 0.0, 0.0, 0.0)",557340.0,1775540.0,559900.0,1778100.0,65536,23,65536,23,0,0,0,0,0,0,bd0ca3cf3dfffdbe06e80f21e8c0e205172177e751e604099b9f972d15898029,32934351d662531f86e16be479e94e024f3f906a3eab3f6e2b2f4142718d5956,9474397cc1d86f5ec401eb0fd3c7ff005274002132c5f770cef7cb44b685b0d4,65513,0,0,0,0,4,0,10,0,0,0,0,0,0,9,0
938,29-11-15_16PEC_2,29-11-15_16PEC,2015-11-29,16PEC,2,patches/S2_29-11-15_16PEC/S2_29-11-15_16PEC_2.tif,patches/S2_29-11-15_16PEC/S2_29-11-15_16PEC_2_cl.tif,patches/S2_29-11-15_16PEC/S2_29-11-15_16PEC_2_conf.tif,train,-86.45198401943257,16.04743608478577,EPSG:32616,10.0,10.0,11,float32,,"(1.0, 1.0, 1.0, 1.0, 1.0, 1.0, 1.0, 1.0, 1.0, 1.0, 1.0)","(0.0, 0.0, 0.0, 0.0, 0.0, 0.0, 0.0, 0.0, 0.0, 0.0, 0.0)",557340.0,1772980.0,559900.0,1775540.0,65536,2,65536,2,0,0,0,0,0,0,8e50d520b61b11edc70b6376481bab752e7db073ac7504add73f14d0a3e5895d,e0387f0870715b66a26ad284ae09ba7c2d0b881d70ad9ff17ec98b5751f16fc7,5e98c9636ecefb16ea8ab0fb3e3102aca3cb599047d5fabca047ab348a9760c4,65534,1,0,0,0,0,0,1,0,0,0,0,0,0,0,0
939,29-11-15_16PEC_3,29-11-15_16PEC,2015-11-29,16PEC,3,patches/S2_29-11-15_16PEC/S2_29-11-15_16PEC_3.tif,patches/S2_29-11-15_16PEC/S2_29-11-15_16PEC_3_cl.tif,patches/S2_29-11-15_16PEC/S2_29-11-15_16PEC_3_conf.tif,train,-86.42798630578154,16.070515727341892,EPSG:32616,10.0,10.0,11,float32,,"(1.0, 1.0, 1.0, 1.0, 1.0, 1.0, 1.0, 1.0, 1.0, 1.0, 1.0)","(0.0, 0.0, 0.0, 0.0, 0.0, 0.0, 0.0, 0.0, 0.0, 0.0, 0.0)",559900.0,1775540.0,562460.0,1778100.0,65536,30,65536,30,0,0,0,0,0,0,e664316b9d55846894f8ff65d40d547fa98d4a30ef6d7c9ea50838fbcb80c645,28f7bfe79f32031da3cdf022c47a7cb2e679e575308afb9235619bf9101efbab,67bfa9236872f477560cfd5d4fc8a697edf08bdfabb94ae1a9e2ce8a570214ab,65506,21,0,0,2,0,0,4,0,0,0,0,0,0,0,3
940,29-11-15_16PEC_4,29-11-15_16PEC,2015-11-29,16PEC,4,patches/S2_29-11-15_16PEC/S2_29-11-15_16PEC_4.tif,patches/S2_29-11-15_16PEC/S2_29-11-15_16PEC_4_cl.tif,patches/S2_29-11-15_16PEC/S2_29-11-15_16PEC_4_conf.tif,train,-86.40405202910229,16.07045043070005,EPSG:32616,10.0,10.0,11,float32,,"(1.0, 1.0, 1.0, 1.0, 1.0, 1.0, 1.0, 1.0, 1.0, 1.0, 1.0)","(0.0, 0.0, 0.0, 0.0, 0.0, 0.0, 0.0, 0.0, 0.0, 0.0, 0.0)",562460.0,1775540.0,565020.0,1778100.0,65536,22,65536,22,0,0,0,0,0,0,377d979fbe3785e82f4fc00938325e15caebdc8524766f39e820d8c88a9d9103,78590b810ce1b4ad95eacfbc6930db62863cbaafa7b045151c9b3490bbe22ac3,b4a2513472aed549577bca368fd18e836b995eb420f63b6306278c55d7419bec,65514,5,0,0,14,0,0,3,0,0,0,0,0,0,0,0
941,29-11-15_16PEC_5,29-11-15_16PEC,2015-11-29,16PEC,5,patches/S2_29-11-15_16PEC/S2_29-11-15_16PEC_5.tif,patches/S2_29-11-15_16PEC/S2_29-11-15_16PEC_5_cl.tif,patches/S2_29-11-15_16PEC/S2_29-11-15_16PEC_5_conf.tif,train,-86.40412088834644,16.047308361187348,EPSG:32616,10.0,10.0,11,float32,,"(1.0, 1.0, 1.0, 1.0, 1.0, 1.0, 1.0, 1.0, 1.0, 1.0, 1.0)","(0.0, 0.0, 0.0, 0.0, 0.0, 0.0, 0.0, 0.0, 0.0, 0.0, 0.0)",562460.0,1772980.0,565020.0,1775540.0,65536,28,65536,28,0,0,0,0,0,0,32c15515d41545c7706dee9673d98e23c8757034202478b77051cb4be2ba9773,a420c31eb2a6c599096df35f172f540ab8ac4cc59151df2f880c7f5f7c5f5f47,5f0b205bbc5a5143d8f270e25bd1fccfc77cbbed1c658797d4b46cb458447018,65508,0,0,0,0,0,0,28,0,0,0,0,0,0,0,0
942,29-11-15_16PEC_6,29-11-15_16PEC,2015-11-29,16PEC,6,patches/S2_29-11-15_16PEC/S2_29-11-15_16PEC_6.tif,patches/S2_29-11-15_16PEC/S2_29-11-15_16PEC_6_cl.tif,patches/S2_29-11-15_16PEC/S2_29-11-15_16PEC_6_conf.tif,train,-86.38011786498595,16.070382458272224,EPSG:32616,10.0,10.0,11,float32,,"(1.0, 1.0, 1.0, 1.0, 1.0, 1.0, 1.0, 1.0, 1.0, 1.0, 1.0)","(0.0, 0.0, 0.0, 0.0, 0.0, 0.0, 0.0, 0.0, 0.0, 0.0, 0.0)",565020.0,1775540.0,567580.0,1778100.0,65536,8,65536,8,0,0,0,0,0,0,04d43cf0ece89037f9764214c0d26fb71f1995190e44d146dfa1d4f4467c7f08,bac0b375d86ff30a09c1a65277bd3f373f62b3c21cfb23726dd59942b44c7d4a,0b9df59c0d63d43d4d670e0428b0876d4017424dfedd72c46cfeeda55271eda9,65528,6,0,0,0,0,0,2,0,0,0,0,0,0,0,0
943,29-11-15_16PEC_7,29-11-15_16PEC,2015-11-29,16PEC,7,patches/S2_29-11-15_16PEC/S2_29-11-15_16PEC_7.tif,patches/S2_29-11-15_16PEC/S2_29-11-15_16PEC_7_cl.tif,patches/S2_29-11-15_16PEC/S2_29-11-15_16PEC_7_conf.tif,train,-86.33217261214608,16.0933801843079,EPSG:32616,10.0,10.0,11,float32,,"(1.0, 1.0, 1.0, 1.0, 1.0, 1.0, 1.0, 1.0, 1.0, 1.0, 1.0)","(0.0, 0.0, 0.0, 0.0, 0.0, 0.0, 0.0, 0.0, 0.0, 0.0, 0.0)",570140.0,1778100.0,572700.0,1780660.0,65536,2,65536,2,0,0,0,0,0,0,7b157fa191e0fdff95f7e2664804483806d791fc4c6bf827cc7a8bbf633f33ab,e4e39c9ab9a362d2a0eeb1fdea9c29b77752dd1919676113cdd79584d198c25b,3c0c1037ff8df8b464c6c55523deecde72b4351f53608db97582ec2073139a61,65534,1,0,0,0,0,0,1,0,0,0,0,0,0,0,0
944,29-11-15_16PEC_8,29-11-15_16PEC,2015-11-29,16PEC,8,patches/S2_29-11-15_16PEC/S2_29-11-15_16PEC_8.tif,patches/S2_29-11-15_16PEC/S2_29-11-15_16PEC_8_cl.tif,patches/S2_29-11-15_16PEC/S2_29-11-15_16PEC_8_conf.tif,train,-86.3322498925213,16.07023848629092,EPSG:32616,10.0,10.0,11,float32,,"(1.0, 1.0, 1.0, 1.0, 1.0, 1.0, 1.0, 1.0, 1.0, 1.0, 1.0)","(0.0, 0.0, 0.0, 0.0, 0.0, 0.0, 0.0, 0.0, 0.0, 0.0, 0.0)",570140.0,1775540.0,572700.0,1778100.0,65536,4,65536,4,0,0,0,0,0,0,cccaae22485ac5dca870c59235511bb11fd5776c5709cf00bd3a52e2aeae4e70,1e3f546439383b8f712988fb05704f63c7c7df61c29344ae35c3bb0b6076c0b7,1585389207457db2f2f6985dad9fe332e35e584fb11919a141d0ead307750245,65532,3,0,0,0,0,0,1,0,0,0,0,0,0,0,0
945,29-11-20_18QYF_0,29-11-20_18QYF,2020-11-29,18QYF,0,patches/S2_29-11-20_18QYF/S2_29-11-20_18QYF_0.tif,patches/S2_29-11-20_18QYF/S2_29-11-20_18QYF_0_cl.tif,patches/S2_29-11-20_18QYF/S2_29-11-20_18QYF_0_conf.tif,train,-72.75509740369759,18.87485587903711,EPSG:32618,10.0,10.0,11,float32,,"(1.0, 1.0, 1.0, 1.0, 1.0, 1.0, 1.0, 1.0, 1.0, 1.0, 1.0)","(0.0, 0.0, 0.0, 0.0, 0.0, 0.0, 0.0, 0.0, 0.0, 0.0, 0.0)",735220.0,2087200.0,737780.0,2089760.0,65536,59,65536,59,0,0,0,0,0,0,6f840749bb7a85536394fb3686df8600dd451c7db6e748449c0ef963eba6a147,764d1ba4932268e300049a3082f8179e51bd7aaa73faaf747ae3b0309d0adcea,4faa5f5c6ecf0a0307e403c6b11f8fc860b515cc5a7516cda0075e6c5c8da6aa,65477,25,0,0,0,0,0,31,0,0,0,0,0,0,0,3
946,29-11-20_18QYF_1,29-11-20_18QYF,2020-11-29,18QYF,1,patches/S2_29-11-20_18QYF/S2_29-11-20_18QYF_1.tif,patches/S2_29-11-20_18QYF/S2_29-11-20_18QYF_1_cl.tif,patches/S2_29-11-20_18QYF/S2_29-11-20_18QYF_1_conf.tif,train,-72.75540517045782,18.851736913194333,EPSG:32618,10.0,10.0,11,float32,,"(1.0, 1.0, 1.0, 1.0, 1.0, 1.0, 1.0, 1.0, 1.0, 1.0, 1.0)","(0.0, 0.0, 0.0, 0.0, 0.0, 0.0, 0.0, 0.0, 0.0, 0.0, 0.0)",735220.0,2084640.0,737780.0,2087200.0,65536,7,65536,7,0,0,0,4,0,0,6c838c5bd89a6f6f4c15a3230dcdbbb6d40f1706af61d20e29087eb223fda6d5,e82443461cfbb73c81379792a81bea7d7d82fb5de39e70471a33535729718354,1ebb3b47f0d251887573d8a76eb5ad7fbf61eac7ee708eec395024e8d8980cb0,65529,2,0,0,0,0,0,5,0,0,0,0,0,0,0,0
947,29-11-20_18QYF_2,29-11-20_18QYF,2020-11-29,18QYF,2,patches/S2_29-11-20_18QYF/S2_29-11-20_18QYF_2.tif,patches/S2_29-11-20_18QYF/S2_29-11-20_18QYF_2_cl.tif,patches/S2_29-11-20_18QYF/S2_29-11-20_18QYF_2_conf.tif,train,-72.70746777079259,18.804908425233343,EPSG:32618,10.0,10.0,11,float32,,"(1.0, 1.0, 1.0, 1.0, 1.0, 1.0, 1.0, 1.0, 1.0, 1.0, 1.0)","(0.0, 0.0, 0.0, 0.0, 0.0, 0.0, 0.0, 0.0, 0.0, 0.0, 0.0)",740340.0,2079520.0,742900.0,2082080.0,65536,18,65536,18,0,0,0,0,0,0,a099f53810a204917513ea6d7beb1f12c0092fe828eeb17015600eedc875acbd,dfb15798662e9675e65f5a2e662586fb1c41eba29e6be8f013a732c92ba75591,f76c80c18e2cde199b33a2e0e7dd97b8c346b808d89b6afea2fce425d26d9a09,65518,10,0,0,0,0,0,8,0,0,0,0,0,0,0,0
948,29-11-20_18QYF_3,29-11-20_18QYF,2020-11-29,18QYF,3,patches/S2_29-11-20_18QYF/S2_29-11-20_18QYF_3.tif,patches/S2_29-11-20_18QYF/S2_29-11-20_18QYF_3_cl.tif,patches/S2_29-11-20_18QYF/S2_29-11-20_18QYF_3_conf.tif,train,-72.65923766266225,18.78118786568059,EPSG:32618,10.0,10.0,11,float32,,"(1.0, 1.0, 1.0, 1.0, 1.0, 1.0, 1.0, 1.0, 1.0, 1.0, 1.0)","(0.0, 0.0, 0.0, 0.0, 0.0, 0.0, 0.0, 0.0, 0.0, 0.0, 0.0)",745460.0,2076960.0,748020.0,2079520.0,65536,6,65536,6,0,0,0,8,0,0,d143137c3d7c4503714fbc17925d08e891e9214d82ab1da58fd8053dd822d914,5ddcc1f2c88bdd72a551279dd23200af0a502f944e1a8fdbb47ab3e957f6561b,b8b76daa7cb7a0419b5ca6f99c578b89598a0b9d72b1606d2b1d949145eb2dfa,65530,3,0,0,0,0,0,3,0,0,0,0,0,0,0,0
949,29-11-20_18QYF_4,29-11-20_18QYF,2020-11-29,18QYF,4,patches/S2_29-11-20_18QYF/S2_29-11-20_18QYF_4.tif,patches/S2_29-11-20_18QYF/S2_29-11-20_18QYF_4_cl.tif,patches/S2_29-11-20_18QYF/S2_29-11-20_18QYF_4_conf.tif,train,-72.69539116028851,18.730515954040047,EPSG:32618,10.0,10.0,11,float32,,"(1.0, 1.0, 1.0, 1.0, 1.0, 1.0, 1.0, 1.0, 1.0, 1.0, 1.0)","(0.0, 0.0, 0.0, 0.0, 0.0, 0.0, 0.0, 0.0, 0.0, 0.0, 0.0)",741720.0,2071300.0,744280.0,2073860.0,65536,43,65536,43,0,0,0,4,0,0,a860bc4d3bb2a1dab6c0deebe028656bd32c350dd889dc901583d3ab8719e71d,913d53650bbcc5fe802d6228be38f438a269a8b2810409feb0a3d175f8438d5f,c54fd361a66fcff95a0dca83ede9e2e3f3e608da6426bd1cf8a016c54891f984,65493,0,0,0,0,6,0,37,0,0,0,0,0,0,0,0
950,29-11-20_18QYF_5,29-11-20_18QYF,2020-11-29,18QYF,5,patches/S2_29-11-20_18QYF/S2_29-11-20_18QYF_5.tif,patches/S2_29-11-20_18QYF/S2_29-11-20_18QYF_5_cl.tif,patches/S2_29-11-20_18QYF/S2_29-11-20_18QYF_5_conf.tif,train,-72.67112689869174,18.73021561710473,EPSG:32618,10.0,10.0,11,float32,,"(1.0, 1.0, 1.0, 1.0, 1.0, 1.0, 1.0, 1.0, 1.0, 1.0, 1.0)","(0.0, 0.0, 0.0, 0.0, 0.0, 0.0, 0.0, 0.0, 0.0, 0.0, 0.0)",744280.0,2071300.0,746840.0,2073860.0,65536,17,65536,17,0,0,0,0,0,0,3f602173730a3387c6e68aed6fa47b1107d50e9a7c1df4f04d409c5d1e36da8e,79e3cfe5f7bfe67003064bc0ddcfd6089d453ded217c63f7089c6509f518a756,f393b205f0798c746bc43ae4b0445c32fb492f4bf4131abe2bd3b23e83f3948b,65519,7,0,0,0,0,0,10,0,0,0,0,0,0,0,0
951,29-11-20_18QYF_6,29-11-20_18QYF,2020-11-29,18QYF,6,patches/S2_29-11-20_18QYF/S2_29-11-20_18QYF_6.tif,patches/S2_29-11-20_18QYF/S2_29-11-20_18QYF_6_cl.tif,patches/S2_29-11-20_18QYF/S2_29-11-20_18QYF_6_conf.tif,train,-72.4790801733744,18.589011188843546,EPSG:32618,10.0,10.0,11,float32,,"(1.0, 1.0, 1.0, 1.0, 1.0, 1.0, 1.0, 1.0, 1.0, 1.0, 1.0)","(0.0, 0.0, 0.0, 0.0, 0.0, 0.0, 0.0, 0.0, 0.0, 0.0, 0.0)",764760.0,2055940.0,767320.0,2058500.0,65536,6,65536,6,0,0,0,140,0,0,1c12aa454e79ff1981b63ba1a0a185ce529f2a7683f50bf1d5212d170aa46d3f,8df29245600e9606b62e6d90dd043b50b8ca9e6fc33036ca568eb18dd0a93f10,1efcb5e972cc4e8ae8a9c8a676cdf0998eb0c7b74b6ad1c6f790a5184b1dbd13,65530,4,0,0,0,0,0,2,0,0,0,0,0,0,0,0
952,29-11-20_18QYF_7,29-11-20_18QYF,2020-11-29,18QYF,7,patches/S2_29-11-20_18QYF/S2_29-11-20_18QYF_7.tif,patches/S2_29-11-20_18QYF/S2_29-11-20_18QYF_7_cl.tif,patches/S2_29-11-20_18QYF/S2_29-11-20_18QYF_7_conf.tif,train,-72.4794201363836,18.56589617805859,EPSG:32618,10.0,10.0,11,float32,,"(1.0, 1.0, 1.0, 1.0, 1.0, 1.0, 1.0, 1.0, 1.0, 1.0, 1.0)","(0.0, 0.0, 0.0, 0.0, 0.0, 0.0, 0.0, 0.0, 0.0, 0.0, 0.0)",764760.0,2053380.0,767320.0,2055940.0,65536,1,65536,1,0,0,0,1,0,0,795e35ddbfba17645bf154443a9f135d0fd66e4887348a920c2bf22f7068c8f3,b39d1cce65898f896fdcf1317bf38616874aceec695c3b02bcc471b2d41757ee,dc6e3f145b9ceafeafa9051ce3f866ed49f9f5e22f6c15aa7c25466395cb210c,65535,0,0,0,0,0,0,1,0,0,0,0,0,0,0,0
953,29-12-20_18QYF_0,29-12-20_18QYF,2020-12-29,18QYF,0,patches/S2_29-12-20_18QYF/S2_29-12-20_18QYF_0.tif,patches/S2_29-12-20_18QYF/S2_29-12-20_18QYF_0_cl.tif,patches/S2_29-12-20_18QYF/S2_29-12-20_18QYF_0_conf.tif,val,-72.62947288688673,18.766903521351054,EPSG:32618,10.0,10.0,11,float32,,"(1.0, 1.0, 1.0, 1.0, 1.0, 1.0, 1.0, 1.0, 1.0, 1.0, 1.0)","(0.0, 0.0, 0.0, 0.0, 0.0, 0.0, 0.0, 0.0, 0.0, 0.0, 0.0)",748620.0,2075420.0,751180.0,2077980.0,65536,1,65536,1,0,0,0,0,0,0,de0ac815dd17de79bba381f9b4dcc13365c46f5c1c6e0710e478121359525639,7dc4e1f5132d6736de1e35f6446c4741d01877db0aa33a20e8019797596d1259,a7651c4f11ccf3b4f1df9455c872cb0475489213eb4a7529f7c6c0930fb4a5a1,65535,0,0,0,0,0,0,1,0,0,0,0,0,0,0,0
954,29-12-20_18QYF_1,29-12-20_18QYF,2020-12-29,18QYF,1,patches/S2_29-12-20_18QYF/S2_29-12-20_18QYF_1.tif,patches/S2_29-12-20_18QYF/S2_29-12-20_18QYF_1_cl.tif,patches/S2_29-12-20_18QYF/S2_29-12-20_18QYF_1_conf.tif,val,-72.60520457815365,18.766594066248825,EPSG:32618,10.0,10.0,11,float32,,"(1.0, 1.0, 1.0, 1.0, 1.0, 1.0, 1.0, 1.0, 1.0, 1.0, 1.0)","(0.0, 0.0, 0.0, 0.0, 0.0, 0.0, 0.0, 0.0, 0.0, 0.0, 0.0)",751180.0,2075420.0,753740.0,2077980.0,65536,537,65536,537,0,0,0,4,0,0,911cb6dde1d41cc0fa4f0bbef3fab17c2bbd7fdc67c542beb08478fc565aebb5,dd6592097b9752281cef3af871852e221cb829f9d7b4db8f78be841bb5edf302,83ac6f10fb8bfb368be773592be7a12a44416ae6e5b50c39b100875990c6f083,64999,31,0,0,0,0,465,38,0,0,0,0,0,0,0,3
955,29-12-20_18QYF_10,29-12-20_18QYF,2020-12-29,18QYF,10,patches/S2_29-12-20_18QYF/S2_29-12-20_18QYF_10.tif,patches/S2_29-12-20_18QYF/S2_29-12-20_18QYF_10_cl.tif,patches/S2_29-12-20_18QYF/S2_29-12-20_18QYF_10_conf.tif,val,-72.50881460794737,18.719094547303566,EPSG:32618,10.0,10.0,11,float32,,"(1.0, 1.0, 1.0, 1.0, 1.0, 1.0, 1.0, 1.0, 1.0, 1.0, 1.0)","(0.0, 0.0, 0.0, 0.0, 0.0, 0.0, 0.0, 0.0, 0.0, 0.0, 0.0)",761420.0,2070300.0,763980.0,2072860.0,65536,1,65536,1,0,0,0,36,0,0,ab79f2ce097ef55295fcac4ef21c09e354befad7738891c00a4ad4a9ba298e18,3994213856eaa637eb4391b9809a871419fde234828f783b65420d19b46873c0,ed1529d9058adb7b95a081c89edb64798225b6fd49a3200f8a8fe31aa5dba9f9,65535,0,0,0,0,0,0,1,0,0,0,0,0,0,0,0
956,29-12-20_18QYF_11,29-12-20_18QYF,2020-12-29,18QYF,11,patches/S2_29-12-20_18QYF/S2_29-12-20_18QYF_11.tif,patches/S2_29-12-20_18QYF/S2_29-12-20_18QYF_11_cl.tif,patches/S2_29-12-20_18QYF/S2_29-12-20_18QYF_11_conf.tif,val,-72.50915308953483,18.695979327773866,EPSG:32618,10.0,10.0,11,float32,,"(1.0, 1.0, 1.0, 1.0, 1.0, 1.0, 1.0, 1.0, 1.0, 1.0, 1.0)","(0.0, 0.0, 0.0, 0.0, 0.0, 0.0, 0.0, 0.0, 0.0, 0.0, 0.0)",761420.0,2067740.0,763980.0,2070300.0,65536,229,65536,229,0,0,0,0,0,0,f602292dd6be76c9f8346d0cb51fef03bb1661bab6a18ba5d002b026f8b350fe,d0ae6467c30f58136e93e8c5f86c4a7575d3d7c0c797c94a47969ac5a08f7dba,7691d401c30255f47d7490ddd1bda0992feabf0b66f56111bb6177cf82cde706,65307,12,0,0,0,0,169,25,0,0,0,0,0,21,0,2
957,29-12-20_18QYF_12,29-12-20_18QYF,2020-12-29,18QYF,12,patches/S2_29-12-20_18QYF/S2_29-12-20_18QYF_12.tif,patches/S2_29-12-20_18QYF/S2_29-12-20_18QYF_12_cl.tif,patches/S2_29-12-20_18QYF/S2_29-12-20_18QYF_12_conf.tif,val,-72.4848970900629,18.695655438319516,EPSG:32618,10.0,10.0,11,float32,,"(1.0, 1.0, 1.0, 1.0, 1.0, 1.0, 1.0, 1.0, 1.0, 1.0, 1.0)","(0.0, 0.0, 0.0, 0.0, 0.0, 0.0, 0.0, 0.0, 0.0, 0.0, 0.0)",763980.0,2067740.0,766540.0,2070300.0,65536,588,65536,588,0,0,0,0,0,0,a9b1a51cc7049c65c4658d2ab5f4f7a1827340024606e997eae2a29ef05c9767,835d21356c2dd3ac39817fe182b2cded79b1608666abb6177c9475fa8f7b99b6,bef72f8b4a91e887bef87a1e3180300614a2429546aefeaacf906de3060c03b8,64948,0,0,0,0,0,574,14,0,0,0,0,0,0,0,0
958,29-12-20_18QYF_2,29-12-20_18QYF,2020-12-29,18QYF,2,patches/S2_29-12-20_18QYF/S2_29-12-20_18QYF_2.tif,patches/S2_29-12-20_18QYF/S2_29-12-20_18QYF_2_cl.tif,patches/S2_29-12-20_18QYF/S2_29-12-20_18QYF_2_conf.tif,val,-72.60553085831368,18.74347729578278,EPSG:32618,10.0,10.0,11,float32,,"(1.0, 1.0, 1.0, 1.0, 1.0, 1.0, 1.0, 1.0, 1.0, 1.0, 1.0)","(0.0, 0.0, 0.0, 0.0, 0.0, 0.0, 0.0, 0.0, 0.0, 0.0, 0.0)",751180.0,2072860.0,753740.0,2075420.0,65536,1,65536,1,0,0,0,0,0,0,082d4cf8e00592dafa8cc9e74988f43ba666fec0f39954a9021ff4d0163a15db,b6f541888bcbd2789036171dd7938a691d7eef9de73bb922b81adbc050e26016,e3e110ac69391c3dfdcf26d3b0657903af53a1cdb4b767af10f32fa843a226e4,65535,0,0,0,0,0,0,1,0,0,0,0,0,0,0,0
959,29-12-20_18QYF_3,29-12-20_18QYF,2020-12-29,18QYF,3,patches/S2_29-12-20_18QYF/S2_29-12-20_18QYF_3.tif,patches/S2_29-12-20_18QYF/S2_29-12-20_18QYF_3_cl.tif,patches/S2_29-12-20_18QYF/S2_29-12-20_18QYF_3_conf.tif,val,-72.58093674612539,18.766281466058526,EPSG:32618,10.0,10.0,11,float32,,"(1.0, 1.0, 1.0, 1.0, 1.0, 1.0, 1.0, 1.0, 1.0, 1.0, 1.0)","(0.0, 0.0, 0.0, 0.0, 0.0, 0.0, 0.0, 0.0, 0.0, 0.0, 0.0)",753740.0,2075420.0,756300.0,2077980.0,65536,467,65536,467,0,0,0,48,0,0,6174dc1f9007b8b680fda68a0cd00b4a0867838185fbfd9c41724e03c3b4a5f6,b2f071e1ba541da1003d001bd05c796c48aa31dd063c5410b8d17ed21458860a,be6c9a47d524adacf4e30e96560d10cd6f5963cf3f496b2dec3d96f1c9c524cb,65069,85,0,0,0,0,46,38,0,0,0,0,0,293,0,5
960,29-12-20_18QYF_4,29-12-20_18QYF,2020-12-29,18QYF,4,patches/S2_29-12-20_18QYF/S2_29-12-20_18QYF_4.tif,patches/S2_29-12-20_18QYF/S2_29-12-20_18QYF_4_cl.tif,patches/S2_29-12-20_18QYF/S2_29-12-20_18QYF_4_conf.tif,val,-72.55666939561806,18.765965721048882,EPSG:32618,10.0,10.0,11,float32,,"(1.0, 1.0, 1.0, 1.0, 1.0, 1.0, 1.0, 1.0, 1.0, 1.0, 1.0)","(0.0, 0.0, 0.0, 0.0, 0.0, 0.0, 0.0, 0.0, 0.0, 0.0, 0.0)",756300.0,2075420.0,758860.0,2077980.0,65536,32,65536,32,0,0,0,864,0,0,723512768ce85e3fbadd96fb83c179b1fb1077a3a6fd832c27439d6d2b00046e,b41bf9602266c5a613652174cbad7943faf2727bba0c82e1a68db297270a0cf8,ac3bb6493822f77416e33dd49e94b4a6be8cd05b0bdd1a72c109909688cd2c46,65504,28,0,0,0,0,0,4,0,0,0,0,0,0,0,0
961,29-12-20_18QYF_5,29-12-20_18QYF,2020-12-29,18QYF,5,patches/S2_29-12-20_18QYF/S2_29-12-20_18QYF_5.tif,patches/S2_29-12-20_18QYF/S2_29-12-20_18QYF_5_cl.tif,patches/S2_29-12-20_18QYF/S2_29-12-20_18QYF_5_conf.tif,val,-72.55700227260154,18.742849780658485,EPSG:32618,10.0,10.0,11,float32,,"(1.0, 1.0, 1.0, 1.0, 1.0, 1.0, 1.0, 1.0, 1.0, 1.0, 1.0)","(0.0, 0.0, 0.0, 0.0, 0.0, 0.0, 0.0, 0.0, 0.0, 0.0, 0.0)",756300.0,2072860.0,758860.0,2075420.0,65536,14,65536,14,0,0,0,132,0,0,ca0a1e28205f47afd39444069f9d18911f57fc101d272c86491e45bfdf2dd301,e7963af4810afc5506a4c0a733ef799534cd3465cfcb7e3ce3687c8587708b7d,5aaa5321af474bcaa44310105f844cdda6cca162c8fb4f22deed21da425b6302,65522,12,0,0,0,0,0,1,0,0,0,0,0,0,0,1
962,29-12-20_18QYF_6,29-12-20_18QYF,2020-12-29,18QYF,6,patches/S2_29-12-20_18QYF/S2_29-12-20_18QYF_6.tif,patches/S2_29-12-20_18QYF/S2_29-12-20_18QYF_6_cl.tif,patches/S2_29-12-20_18QYF/S2_29-12-20_18QYF_6_conf.tif,val,-72.55766656877788,18.696617711771676,EPSG:32618,10.0,10.0,11,float32,,"(1.0, 1.0, 1.0, 1.0, 1.0, 1.0, 1.0, 1.0, 1.0, 1.0, 1.0)","(0.0, 0.0, 0.0, 0.0, 0.0, 0.0, 0.0, 0.0, 0.0, 0.0, 0.0)",756300.0,2067740.0,758860.0,2070300.0,65536,4,65536,4,0,0,0,60,0,0,a0652f0e4093e9e72daeb5ec01daeec57016ef35d8e4b17f4ba7444f6c1f9b15,15feb941fa66a95fad2117416e18f11e856d4b7fea1676ef9895c4b0e9b0b51f,9d1ddc01ceb680ef7ac5f0b9f1b287789539bbdc63429591701f6aece8a68ddb,65532,3,0,0,0,0,0,1,0,0,0,0,0,0,0,0
963,29-12-20_18QYF_7,29-12-20_18QYF,2020-12-29,18QYF,7,patches/S2_29-12-20_18QYF/S2_29-12-20_18QYF_7.tif,patches/S2_29-12-20_18QYF/S2_29-12-20_18QYF_7_cl.tif,patches/S2_29-12-20_18QYF/S2_29-12-20_18QYF_7_conf.tif,val,-72.53273870638654,18.742531312367745,EPSG:32618,10.0,10.0,11,float32,,"(1.0, 1.0, 1.0, 1.0, 1.0, 1.0, 1.0, 1.0, 1.0, 1.0, 1.0)","(0.0, 0.0, 0.0, 0.0, 0.0, 0.0, 0.0, 0.0, 0.0, 0.0, 0.0)",758860.0,2072860.0,761420.0,2075420.0,65536,26,65536,26,0,0,0,704,0,0,142a7b0c4ab368d0ec2624fe670b7a13af11c1a1a0c41a7a8e9e034fa46549d3,92ee509b56f9a92d9ab5c888a879b92f197edf398cd8cda68c73fe2202c01b21,2e98479a550d32c013eca9f0f99875a38d14e5a0e6ec0f7a297385e2aae0d1ca,65510,20,0,0,0,0,0,6,0,0,0,0,0,0,0,0
964,29-12-20_18QYF_8,29-12-20_18QYF,2020-12-29,18QYF,8,patches/S2_29-12-20_18QYF/S2_29-12-20_18QYF_8.tif,patches/S2_29-12-20_18QYF/S2_29-12-20_18QYF_8_cl.tif,patches/S2_29-12-20_18QYF/S2_29-12-20_18QYF_8_conf.tif,val,-72.53307439048226,18.719415730408667,EPSG:32618,10.0,10.0,11,float32,,"(1.0, 1.0, 1.0, 1.0, 1.0, 1.0, 1.0, 1.0, 1.0, 1.0, 1.0)","(0.0, 0.0, 0.0, 0.0, 0.0, 0.0, 0.0, 0.0, 0.0, 0.0, 0.0)",758860.0,2070300.0,761420.0,2072860.0,65536,53,65536,53,0,0,0,52,0,0,fe4979c5fc04d0cbf9e9a2ff099cab8c4593f201e204dc8092365047fb54be93,3f5e5464b0694c501859f0d80e6e4a1a3aab7b335753ad4979bb52d892851ccd,24e3ce10cdc964aca90c4f0f24cdef282eb9e55fdb8efee0a45758010e1535a5,65483,43,0,0,0,0,0,8,0,0,0,0,0,0,0,2
965,29-12-20_18QYF_9,29-12-20_18QYF,2020-12-29,18QYF,9,patches/S2_29-12-20_18QYF/S2_29-12-20_18QYF_9.tif,patches/S2_29-12-20_18QYF/S2_29-12-20_18QYF_9_cl.tif,patches/S2_29-12-20_18QYF/S2_29-12-20_18QYF_9_conf.tif,val,-72.53340958404165,18.696300085683095,EPSG:32618,10.0,10.0,11,float32,,"(1.0, 1.0, 1.0, 1.0, 1.0, 1.0, 1.0, 1.0, 1.0, 1.0, 1.0)","(0.0, 0.0, 0.0, 0.0, 0.0, 0.0, 0.0, 0.0, 0.0, 0.0, 0.0)",758860.0,2067740.0,761420.0,2070300.0,65536,12,65536,12,0,0,0,4,0,0,9cbb1ce70b309e97b3ed86ea1423211f170705027c8ef46388df1b732d603be2,f1887988224cce3f84f831b7e106b0af94e4b41bcf4ae78c5a2e6e98b979f4f9,ed94ddb6cebaa2a5dc4f97dc63fa1df79f7057766b0dda31f1bfb225d76d84cf,65524,11,0,0,0,0,0,1,0,0,0,0,0,0,0,0
966,29-8-17_51RVQ_0,29-8-17_51RVQ,2017-08-29,51RVQ,0,patches/S2_29-8-17_51RVQ/S2_29-8-17_51RVQ_0.tif,patches/S2_29-8-17_51RVQ/S2_29-8-17_51RVQ_0_cl.tif,patches/S2_29-8-17_51RVQ/S2_29-8-17_51RVQ_0_conf.tif,val,122.65842617830641,30.849203408119354,EPSG:32651,10.0,10.0,11,float32,,"(1.0, 1.0, 1.0, 1.0, 1.0, 1.0, 1.0, 1.0, 1.0, 1.0, 1.0)","(0.0, 0.0, 0.0, 0.0, 0.0, 0.0, 0.0, 0.0, 0.0, 0.0, 0.0)",466060.0,3411660.0,468620.0,3414220.0,65536,42,65536,42,0,0,0,0,0,0,af497967ea6bc2c7caf7386b19a29c21c14c5e4a43cf6a044b9183831c40a3ff,5bb4fff0b501c31d02a03e7a932815bf45e7d4a55444fc0a7b826acea8d752e5,883ab20af64a82a39ead9bb9e727d430f376031f02472ee69b1be0bb1427e634,65494,0,0,0,0,0,0,42,0,0,0,0,0,0,0,0
967,29-8-17_51RVQ_1,29-8-17_51RVQ,2017-08-29,51RVQ,1,patches/S2_29-8-17_51RVQ/S2_29-8-17_51RVQ_1.tif,patches/S2_29-8-17_51RVQ/S2_29-8-17_51RVQ_1_cl.tif,patches/S2_29-8-17_51RVQ/S2_29-8-17_51RVQ_1_conf.tif,val,122.7119729502986,30.849333570243385,EPSG:32651,10.0,10.0,11,float32,,"(1.0, 1.0, 1.0, 1.0, 1.0, 1.0, 1.0, 1.0, 1.0, 1.0, 1.0)","(0.0, 0.0, 0.0, 0.0, 0.0, 0.0, 0.0, 0.0, 0.0, 0.0, 0.0)",471180.0,3411660.0,473740.0,3414220.0,65536,111,65536,111,0,0,0,0,0,0,ff7844e1b5f8822e3a49b6b28fb98f488f933e30f276badba4558c86b5fa99ee,287dd663a90dce561d6df8310eb83ac1e670de1fe56485fdc628aa1cf12d33a0,5c37aef289a70d729cbabdb4da65dbe02c6c433300d5046e711a004f8167376f,65425,0,0,0,0,0,111,0,0,0,0,0,0,0,0,0
968,29-8-17_51RVQ_2,29-8-17_51RVQ,2017-08-29,51RVQ,2,patches/S2_29-8-17_51RVQ/S2_29-8-17_51RVQ_2.tif,patches/S2_29-8-17_51RVQ/S2_29-8-17_51RVQ_2_cl.tif,patches/S2_29-8-17_51RVQ/S2_29-8-17_51RVQ_2_conf.tif,val,122.73868382221094,30.872490062040548,EPSG:32651,10.0,10.0,11,float32,,"(1.0, 1.0, 1.0, 1.0, 1.0, 1.0, 1.0, 1.0, 1.0, 1.0, 1.0)","(0.0, 0.0, 0.0, 0.0, 0.0, 0.0, 0.0, 0.0, 0.0, 0.0, 0.0)",473740.0,3414220.0,476300.0,3416780.0,65536,289,65536,289,0,0,0,0,0,0,41a16e08a347dc95918027a7a5640da074c835824d3495376a9329210d418827,3fd991f1aadd2a33597dcfbab9f0a0168dddf0477d379738346dc0104abee751,0106a51314578b9af1941ce2124261afd7404dbc9d7fc122774ec46754253995,65247,0,0,0,0,0,252,0,0,0,0,0,0,37,0,0
969,29-8-17_51RVQ_3,29-8-17_51RVQ,2017-08-29,51RVQ,3,patches/S2_29-8-17_51RVQ/S2_29-8-17_51RVQ_3.tif,patches/S2_29-8-17_51RVQ/S2_29-8-17_51RVQ_3_cl.tif,patches/S2_29-8-17_51RVQ/S2_29-8-17_51RVQ_3_conf.tif,val,122.73874645948756,30.849390348916792,EPSG:32651,10.0,10.0,11,float32,,"(1.0, 1.0, 1.0, 1.0, 1.0, 1.0, 1.0, 1.0, 1.0, 1.0, 1.0)","(0.0, 0.0, 0.0, 0.0, 0.0, 0.0, 0.0, 0.0, 0.0, 0.0, 0.0)",473740.0,3411660.0,476300.0,3414220.0,65536,84,65536,84,0,0,0,0,0,0,663a3288754df9cc3f5b236a53f8dba96074eaaf8dc7b8125d31515580789f84,4aec2986ae70837f24444c9364b7f402503ce738575aa4fa7bbaf1b706f9bab1,dbceeb5c77b4e3446f709307f37aa101020a802e097446052f9145a55f5d2583,65452,0,0,0,0,0,0,84,0,0,0,0,0,0,0,0
970,29-8-17_51RVQ_4,29-8-17_51RVQ,2017-08-29,51RVQ,4,patches/S2_29-8-17_51RVQ/S2_29-8-17_51RVQ_4.tif,patches/S2_29-8-17_51RVQ/S2_29-8-17_51RVQ_4_cl.tif,patches/S2_29-8-17_51RVQ/S2_29-8-17_51RVQ_4_conf.tif,val,123.03329015162393,30.94204889808611,EPSG:32651,10.0,10.0,11,float32,,"(1.0, 1.0, 1.0, 1.0, 1.0, 1.0, 1.0, 1.0, 1.0, 1.0, 1.0)","(0.0, 0.0, 0.0, 0.0, 0.0, 0.0, 0.0, 0.0, 0.0, 0.0, 0.0)",501900.0,3421900.0,504460.0,3424460.0,65536,17,65536,17,0,0,0,0,0,0,d12d451d71b982f441bc3fe18088145d05586b46647d3936156eb79989f0dc1a,2e2c3b6342ff6b90761a8e8f3bf4550a67ac5d4d21c5721aa9f9832f3027f424,f0911e68fc6d21350d07f6394b43dbaa13fbf11fda493bf0521f37017fc66deb,65519,17,0,0,0,0,0,0,0,0,0,0,0,0,0,0
971,29-8-17_51RVQ_5,29-8-17_51RVQ,2017-08-29,51RVQ,5,patches/S2_29-8-17_51RVQ/S2_29-8-17_51RVQ_5.tif,patches/S2_29-8-17_51RVQ/S2_29-8-17_51RVQ_5_cl.tif,patches/S2_29-8-17_51RVQ/S2_29-8-17_51RVQ_5_conf.tif,val,123.03328214998926,30.918949196399108,EPSG:32651,10.0,10.0,11,float32,,"(1.0, 1.0, 1.0, 1.0, 1.0, 1.0, 1.0, 1.0, 1.0, 1.0, 1.0)","(0.0, 0.0, 0.0, 0.0, 0.0, 0.0, 0.0, 0.0, 0.0, 0.0, 0.0)",501900.0,3419340.0,504460.0,3421900.0,65536,1,65536,1,0,0,0,0,0,0,74f1257374fc0ec33cca081f928204210f591b03bcd77af15454710d25157822,42068a58f4a9130490980e55aa6d44917595e77821ccdef1c3ef373d62a13135,d295910812f317bf97937544a01e6c13b59d8f8956ee5fbeb74a01784a96edc5,65535,0,0,0,0,0,0,1,0,0,0,0,0,0,0,0
972,29-8-17_51RVQ_6,29-8-17_51RVQ,2017-08-29,51RVQ,6,patches/S2_29-8-17_51RVQ/S2_29-8-17_51RVQ_6.tif,patches/S2_29-8-17_51RVQ/S2_29-8-17_51RVQ_6_cl.tif,patches/S2_29-8-17_51RVQ/S2_29-8-17_51RVQ_6_conf.tif,val,123.06006089112891,30.895839751084697,EPSG:32651,10.0,10.0,11,float32,,"(1.0, 1.0, 1.0, 1.0, 1.0, 1.0, 1.0, 1.0, 1.0, 1.0, 1.0)","(0.0, 0.0, 0.0, 0.0, 0.0, 0.0, 0.0, 0.0, 0.0, 0.0, 0.0)",504460.0,3416780.0,507020.0,3419340.0,65536,36,65536,36,0,0,0,0,0,0,0c93cd9a0d819a5abe56c4271ad76e88b13bd57f500e959258cb0131c0642608,5fafaa2bd0c585d810c64dadbd99caf993918c205606e7a5bad7dcecd6b5ca43,988e2a7e240c30e2a8f1eae94c4cf28dfb0279b5dbfbfe2c18c13e26cb51a7da,65500,0,0,0,0,0,0,36,0,0,0,0,0,0,0,0
973,3-1-21_18QYF_0,3-1-21_18QYF,2021-01-03,18QYF,0,patches/S2_3-1-21_18QYF/S2_3-1-21_18QYF_0.tif,patches/S2_3-1-21_18QYF/S2_3-1-21_18QYF_0_cl.tif,patches/S2_3-1-21_18QYF/S2_3-1-21_18QYF_0_conf.tif,train,-72.7020019770883,18.872039636282814,EPSG:32618,10.0,10.0,11,float32,,"(1.0, 1.0, 1.0, 1.0, 1.0, 1.0, 1.0, 1.0, 1.0, 1.0, 1.0)","(0.0, 0.0, 0.0, 0.0, 0.0, 0.0, 0.0, 0.0, 0.0, 0.0, 0.0)",740820.0,2086960.0,743380.0,2089520.0,65536,28,65536,28,0,0,0,100,0,0,527b122fb28191234689eab5f4240cbda7f2d57d216ba1ac4c5976dc60e072b8,494f6a4f76c3d261d7ae63662853bbf1e50736cbcd6c2a2560863902c267f7d7,1e3e2ed02cc695a85836e25b5dfb54ec1a4dd05253684fed8ffb58224fd764c9,65508,23,0,0,0,0,0,2,0,0,0,0,0,0,0,3
974,3-1-21_18QYF_1,3-1-21_18QYF,2021-01-03,18QYF,1,patches/S2_3-1-21_18QYF/S2_3-1-21_18QYF_1.tif,patches/S2_3-1-21_18QYF/S2_3-1-21_18QYF_1_cl.tif,patches/S2_3-1-21_18QYF/S2_3-1-21_18QYF_1_conf.tif,train,-72.70231696864491,18.848921517716096,EPSG:32618,10.0,10.0,11,float32,,"(1.0, 1.0, 1.0, 1.0, 1.0, 1.0, 1.0, 1.0, 1.0, 1.0, 1.0)","(0.0, 0.0, 0.0, 0.0, 0.0, 0.0, 0.0, 0.0, 0.0, 0.0, 0.0)",740820.0,2084400.0,743380.0,2086960.0,65536,99,65536,99,0,0,0,108,0,0,0695d1a5736b61e4785742a615f41fbad8e6965836674ae6a1b0bef979c42ae9,ea6162e1cdcf13ac7c05e0f0d997e3aa5ae0c80cabc0b0bca1444cac2c62189e,694a9c701368946fa04bcb8bd731bf4bcf2b0e32e1b5b43ae18bd936f6ed31cd,65437,72,0,0,7,0,0,14,0,0,0,0,0,0,0,6
975,3-1-21_18QYF_2,3-1-21_18QYF,2021-01-03,18QYF,2,patches/S2_3-1-21_18QYF/S2_3-1-21_18QYF_2.tif,patches/S2_3-1-21_18QYF/S2_3-1-21_18QYF_2_cl.tif,patches/S2_3-1-21_18QYF/S2_3-1-21_18QYF_2_conf.tif,train,-72.70263150198235,18.82580333676446,EPSG:32618,10.0,10.0,11,float32,,"(1.0, 1.0, 1.0, 1.0, 1.0, 1.0, 1.0, 1.0, 1.0, 1.0, 1.0)","(0.0, 0.0, 0.0, 0.0, 0.0, 0.0, 0.0, 0.0, 0.0, 0.0, 0.0)",740820.0,2081840.0,743380.0,2084400.0,65536,42,65536,42,0,0,0,36,0,0,7c4bed84c535e127146ffe86d4214300851af85aaa424e72c97c865928500492,bbe5a239a40295020aa5ce0ee08950b24458f643b8614d1b03a1223c1ee43795,109a9addaf82df8504998ff14f5a6b8026fe7fda1874c1a30c7ea36687074104,65494,12,0,0,0,0,0,29,0,0,0,0,0,0,0,1
976,3-1-21_18QYF_3,3-1-21_18QYF,2021-01-03,18QYF,3,patches/S2_3-1-21_18QYF/S2_3-1-21_18QYF_3.tif,patches/S2_3-1-21_18QYF/S2_3-1-21_18QYF_3_cl.tif,patches/S2_3-1-21_18QYF/S2_3-1-21_18QYF_3_conf.tif,train,-72.67867086137322,18.80238462519415,EPSG:32618,10.0,10.0,11,float32,,"(1.0, 1.0, 1.0, 1.0, 1.0, 1.0, 1.0, 1.0, 1.0, 1.0, 1.0)","(0.0, 0.0, 0.0, 0.0, 0.0, 0.0, 0.0, 0.0, 0.0, 0.0, 0.0)",743380.0,2079280.0,745940.0,2081840.0,65536,25,65536,25,0,0,0,64,0,0,c10ff7472755d5b216c449ee811ca244d35c36f7cab136ea69419b3055b0d7eb,a8e878a2de2803b5359776db702775d240427ad981eaaae0e78999b30dd539eb,9a8511ab8930d8b801bb21ffef410df22df97266cae333371c30eaec65ae32c1,65511,0,0,0,0,0,0,25,0,0,0,0,0,0,0,0
977,3-1-21_18QYF_4,3-1-21_18QYF,2021-01-03,18QYF,4,patches/S2_3-1-21_18QYF/S2_3-1-21_18QYF_4.tif,patches/S2_3-1-21_18QYF/S2_3-1-21_18QYF_4_cl.tif,patches/S2_3-1-21_18QYF/S2_3-1-21_18QYF_4_conf.tif,train,-72.6543966078226,18.80208100473613,EPSG:32618,10.0,10.0,11,float32,,"(1.0, 1.0, 1.0, 1.0, 1.0, 1.0, 1.0, 1.0, 1.0, 1.0, 1.0)","(0.0, 0.0, 0.0, 0.0, 0.0, 0.0, 0.0, 0.0, 0.0, 0.0, 0.0)",745940.0,2079280.0,748500.0,2081840.0,65536,360,65536,360,0,0,0,108,0,0,0ffcb0ca4a2ea2966b350022b49ccbaa277d2d6ec334d900b7793da0dd20cdbc,176565d9d68da9e56bbb52831f69af19a0226f7d52b880d2ad178dd25a1a563e,becf4976940f0d851935f7b429d4d06833db5f52078a54242b5907312d8e5c6e,65176,0,0,0,0,0,0,0,0,0,0,360,0,0,0,0
978,3-11-16_16PDC_0,3-11-16_16PDC,2016-11-03,16PDC,0,patches/S2_3-11-16_16PDC/S2_3-11-16_16PDC_0.tif,patches/S2_3-11-16_16PDC/S2_3-11-16_16PDC_0_cl.tif,patches/S2_3-11-16_16PDC/S2_3-11-16_16PDC_0_conf.tif,test,-87.43659066800923,15.878639929173133,EPSG:32616,10.0,10.0,11,float32,,"(1.0, 1.0, 1.0, 1.0, 1.0, 1.0, 1.0, 1.0, 1.0, 1.0, 1.0)","(0.0, 0.0, 0.0, 0.0, 0.0, 0.0, 0.0, 0.0, 0.0, 0.0, 0.0)",451980.0,1754280.0,454540.0,1756840.0,65536,124,65536,124,0,0,0,0,0,0,a821f602a1f2bc8cdb0224739a6830b70bddcbcb5f622864a4bad33c334eca51,2c55c94329dcaaadd113a6d5a42b1b591cc56adc060c8ee175d08b71c5cd8f96,af88e3ae76dfeac2dbb871b701e3be817246eef70dc5cfbf66bad2caddac2789,65412,0,0,0,0,0,0,124,0,0,0,0,0,0,0,0
979,3-11-16_16PDC_1,3-11-16_16PDC,2016-11-03,16PDC,1,patches/S2_3-11-16_16PDC/S2_3-11-16_16PDC_1.tif,patches/S2_3-11-16_16PDC/S2_3-11-16_16PDC_1_cl.tif,patches/S2_3-11-16_16PDC/S2_3-11-16_16PDC_1_conf.tif,test,-87.43654085576496,15.85549686479475,EPSG:32616,10.0,10.0,11,float32,,"(1.0, 1.0, 1.0, 1.0, 1.0, 1.0, 1.0, 1.0, 1.0, 1.0, 1.0)","(0.0, 0.0, 0.0, 0.0, 0.0, 0.0, 0.0, 0.0, 0.0, 0.0, 0.0)",451980.0,1751720.0,454540.0,1754280.0,65536,132,65536,132,0,0,0,0,0,0,9ca89a53552e2a8ff76556fe09e7ecb6fb1c3519b1b1397043846c4740bce6e7,8615fe643e74963637b450553f3af284839224eb2ea46fca79c66e8eead4b75c,45caf4e3c183f5033180868fac20f4978dcdb676b17d751ea592e056c39508da,65404,0,0,0,0,0,122,10,0,0,0,0,0,0,0,0
980,3-11-16_16PDC_10,3-11-16_16PDC,2016-11-03,16PDC,10,patches/S2_3-11-16_16PDC/S2_3-11-16_16PDC_10.tif,patches/S2_3-11-16_16PDC/S2_3-11-16_16PDC_10_cl.tif,patches/S2_3-11-16_16PDC/S2_3-11-16_16PDC_10_conf.tif,test,-87.2452641180616,15.855797841741511,EPSG:32616,10.0,10.0,11,float32,,"(1.0, 1.0, 1.0, 1.0, 1.0, 1.0, 1.0, 1.0, 1.0, 1.0, 1.0)","(0.0, 0.0, 0.0, 0.0, 0.0, 0.0, 0.0, 0.0, 0.0, 0.0, 0.0)",472460.0,1751720.0,475020.0,1754280.0,65536,21,65536,21,0,0,0,8,0,0,2db631f4ee6617b0188abf28b546f7f66fb9092ef4deda3279ee250907c7b54a,28bee39527584b7b87ab62f74a073fabf0b3a6d39c42f249256b6484dc37b1d8,a511e49fe6fda535501d575f45829b2b605e251dbcb2504dd6f8d4e73806cbe2,65515,2,0,0,0,0,0,19,0,0,0,0,0,0,0,0
981,3-11-16_16PDC_11,3-11-16_16PDC,2016-11-03,16PDC,11,patches/S2_3-11-16_16PDC/S2_3-11-16_16PDC_11.tif,patches/S2_3-11-16_16PDC/S2_3-11-16_16PDC_11_cl.tif,patches/S2_3-11-16_16PDC/S2_3-11-16_16PDC_11_conf.tif,test,-87.2452082824259,15.809510641268961,EPSG:32616,10.0,10.0,11,float32,,"(1.0, 1.0, 1.0, 1.0, 1.0, 1.0, 1.0, 1.0, 1.0, 1.0, 1.0)","(0.0, 0.0, 0.0, 0.0, 0.0, 0.0, 0.0, 0.0, 0.0, 0.0, 0.0)",472460.0,1746600.0,475020.0,1749160.0,65536,20,65536,20,0,0,0,0,0,0,7daa1f63a35f9471baa9d922f9f7b702346d3e62b8292229d7632d70f51b3b4c,0a5de90d3ae7f8883b575b560406620cc7302f84243a20fce3e1a47cc42d6ab5,2b7b386d66fd59e5568517cf31e43d7ed3f60bd19317e94595532104061e6aa0,65516,0,0,0,0,0,0,0,0,20,0,0,0,0,0,0
982,3-11-16_16PDC_12,3-11-16_16PDC,2016-11-03,16PDC,12,patches/S2_3-11-16_16PDC/S2_3-11-16_16PDC_12.tif,patches/S2_3-11-16_16PDC/S2_3-11-16_16PDC_12_cl.tif,patches/S2_3-11-16_16PDC/S2_3-11-16_16PDC_12_conf.tif,test,-87.19744438220619,15.855846699870424,EPSG:32616,10.0,10.0,11,float32,,"(1.0, 1.0, 1.0, 1.0, 1.0, 1.0, 1.0, 1.0, 1.0, 1.0, 1.0)","(0.0, 0.0, 0.0, 0.0, 0.0, 0.0, 0.0, 0.0, 0.0, 0.0, 0.0)",477580.0,1751720.0,480140.0,1754280.0,65536,1,65536,1,0,0,0,0,0,0,a0aa85982d7670f372e4d566406520ee846e88d889e3f649e79444a606d89a7b,a437ef2c11d63e517386d7cb5041415bad25c1f65c2770d5c9d9d6ff64c563d3,a79a219fa0afd3709124c6e6fbe7db4b44d9e1c0d4c946f7d1f51cefee0a7bff,65535,0,0,0,0,0,0,1,0,0,0,0,0,0,0,0
983,3-11-16_16PDC_13,3-11-16_16PDC,2016-11-03,16PDC,13,patches/S2_3-11-16_16PDC/S2_3-11-16_16PDC_13.tif,patches/S2_3-11-16_16PDC/S2_3-11-16_16PDC_13_cl.tif,patches/S2_3-11-16_16PDC/S2_3-11-16_16PDC_13_conf.tif,test,-87.1974218889313,15.832703049367128,EPSG:32616,10.0,10.0,11,float32,,"(1.0, 1.0, 1.0, 1.0, 1.0, 1.0, 1.0, 1.0, 1.0, 1.0, 1.0)","(0.0, 0.0, 0.0, 0.0, 0.0, 0.0, 0.0, 0.0, 0.0, 0.0, 0.0)",477580.0,1749160.0,480140.0,1751720.0,65536,1,65536,1,0,0,0,0,0,0,b67697948deba1cd7bd2ff3df7f6064e983420a561b336c5d64bfffdd7724fe4,5fc24759c2d4188faa85f563976863d7fb1c1bb27ea405bf8dd7908491263624,5fc24759c2d4188faa85f563976863d7fb1c1bb27ea405bf8dd7908491263624,65535,1,0,0,0,0,0,0,0,0,0,0,0,0,0,0
984,3-11-16_16PDC_14,3-11-16_16PDC,2016-11-03,16PDC,14,patches/S2_3-11-16_16PDC/S2_3-11-16_16PDC_14.tif,patches/S2_3-11-16_16PDC/S2_3-11-16_16PDC_14_cl.tif,patches/S2_3-11-16_16PDC/S2_3-11-16_16PDC_14_conf.tif,test,-87.19739943278572,15.80955934952847,EPSG:32616,10.0,10.0,11,float32,,"(1.0, 1.0, 1.0, 1.0, 1.0, 1.0, 1.0, 1.0, 1.0, 1.0, 1.0)","(0.0, 0.0, 0.0, 0.0, 0.0, 0.0, 0.0, 0.0, 0.0, 0.0, 0.0)",477580.0,1746600.0,480140.0,1749160.0,65536,10,65536,10,0,0,0,0,0,0,c0dea7ec104cdd959d4e695d964e08938168b6d8f3813da26dd00c31b52c0270,d4b35a661f86ca78fa355d22c882542ecbe37fb12bb759c7b13a8c0a10113247,50205f14d8a0c38f748b97d5d7ee9eb6b124359bf1bd36582b2b1cfb33bd94a9,65526,2,0,0,2,0,0,1,0,4,0,0,0,0,0,1
985,3-11-16_16PDC_15,3-11-16_16PDC,2016-11-03,16PDC,15,patches/S2_3-11-16_16PDC/S2_3-11-16_16PDC_15.tif,patches/S2_3-11-16_16PDC/S2_3-11-16_16PDC_15_cl.tif,patches/S2_3-11-16_16PDC/S2_3-11-16_16PDC_15_conf.tif,test,-87.17353445630546,15.855867170883728,EPSG:32616,10.0,10.0,11,float32,,"(1.0, 1.0, 1.0, 1.0, 1.0, 1.0, 1.0, 1.0, 1.0, 1.0, 1.0)","(0.0, 0.0, 0.0, 0.0, 0.0, 0.0, 0.0, 0.0, 0.0, 0.0, 0.0)",480140.0,1751720.0,482700.0,1754280.0,65536,9,65536,9,0,0,0,0,0,0,1411a2307de23731b7f0c690002942e1a45e8909f97e283028b4a70d752ed67e,07e464112aaab5114753a30213ac2f6d8788092c8df474436dc0444cb38bf8dd,24812067867381b2119b67773ec0960c6293c7ab98cb36d30f8a9ce52d2ddc8f,65527,1,0,0,0,0,0,8,0,0,0,0,0,0,0,0
986,3-11-16_16PDC_16,3-11-16_16PDC,2016-11-03,16PDC,16,patches/S2_3-11-16_16PDC/S2_3-11-16_16PDC_16.tif,patches/S2_3-11-16_16PDC/S2_3-11-16_16PDC_16_cl.tif,patches/S2_3-11-16_16PDC/S2_3-11-16_16PDC_16_conf.tif,test,-87.17349495005462,15.809579757748134,EPSG:32616,10.0,10.0,11,float32,,"(1.0, 1.0, 1.0, 1.0, 1.0, 1.0, 1.0, 1.0, 1.0, 1.0, 1.0)","(0.0, 0.0, 0.0, 0.0, 0.0, 0.0, 0.0, 0.0, 0.0, 0.0, 0.0)",480140.0,1746600.0,482700.0,1749160.0,65536,1,65536,1,0,0,0,0,0,0,ccb5c687c61f2cd945d346983693dbd3bae3a9fbafbdf3c24743a9b06058e12e,f930e690d39c5b8b219c005318b6ae5b2bf8f1836e5459e4f3c9cf19c5ea8d78,f1aefcd0e0b4516ffb856ef66a26882603538a5853411e400f3eac99d9a93264,65535,0,0,0,0,0,0,0,0,0,0,0,0,0,0,1
987,3-11-16_16PDC_17,3-11-16_16PDC,2016-11-03,16PDC,17,patches/S2_3-11-16_16PDC/S2_3-11-16_16PDC_17.tif,patches/S2_3-11-16_16PDC/S2_3-11-16_16PDC_17_cl.tif,patches/S2_3-11-16_16PDC/S2_3-11-16_16PDC_17_conf.tif,test,-87.1734752458614,15.786435977252108,EPSG:32616,10.0,10.0,11,float32,,"(1.0, 1.0, 1.0, 1.0, 1.0, 1.0, 1.0, 1.0, 1.0, 1.0, 1.0)","(0.0, 0.0, 0.0, 0.0, 0.0, 0.0, 0.0, 0.0, 0.0, 0.0, 0.0)",480140.0,1744040.0,482700.0,1746600.0,65536,22,65536,22,0,0,0,0,0,0,6a2f21d41ae48f6dc0bcd3324126d3dc214aabbb898d1208e68f6613a6c13005,2a3cdafc088dd5e2091cb02b6b464acd18f4e385b95df031b2d59b8d503f36ce,e45136529cee4be6a5c4ca6afe649381df4e6f0b339c8dd821ae7d3c3c01f444,65514,0,0,0,0,0,0,0,20,0,0,0,0,0,0,2
988,3-11-16_16PDC_18,3-11-16_16PDC,2016-11-03,16PDC,18,patches/S2_3-11-16_16PDC/S2_3-11-16_16PDC_18.tif,patches/S2_3-11-16_16PDC/S2_3-11-16_16PDC_18_cl.tif,patches/S2_3-11-16_16PDC/S2_3-11-16_16PDC_18_conf.tif,test,-87.14971014829433,15.971602807361984,EPSG:32616,10.0,10.0,11,float32,,"(1.0, 1.0, 1.0, 1.0, 1.0, 1.0, 1.0, 1.0, 1.0, 1.0, 1.0)","(0.0, 0.0, 0.0, 0.0, 0.0, 0.0, 0.0, 0.0, 0.0, 0.0, 0.0)",482700.0,1764520.0,485260.0,1767080.0,65536,816,65536,816,0,0,0,0,0,0,3b093c02d2552ba6992efd97c6f7123046786f246d29330adddf5b3c9d16ef36,54ca0b9b58fbb353eb46f96082eae059197cd4dbcdbfcde8d7b0976207aafeab,637bed409e2b8b5256e00e19bb186d8c8e56cae0bdd7945e856ceafc9038432d,64720,0,0,0,0,0,225,0,0,0,0,0,0,591,0,0
989,3-11-16_16PDC_19,3-11-16_16PDC,2016-11-03,16PDC,19,patches/S2_3-11-16_16PDC/S2_3-11-16_16PDC_19.tif,patches/S2_3-11-16_16PDC/S2_3-11-16_16PDC_19_cl.tif,patches/S2_3-11-16_16PDC/S2_3-11-16_16PDC_19_conf.tif,test,-87.14957344537504,15.786453727500549,EPSG:32616,10.0,10.0,11,float32,,"(1.0, 1.0, 1.0, 1.0, 1.0, 1.0, 1.0, 1.0, 1.0, 1.0, 1.0)","(0.0, 0.0, 0.0, 0.0, 0.0, 0.0, 0.0, 0.0, 0.0, 0.0, 0.0)",482700.0,1744040.0,485260.0,1746600.0,65536,325,65536,325,0,0,0,0,0,0,8a697b27d53fc4e7b1450f46bcd6e0e7c17b0f94075bdeea0a9c7f53b29d4a62,e18074ce52ca5bc87716b3e35850969cf97a9f0aab1743f6a4e84a0f5e91c417,810ea5e73a7cec56db82c43f0dd7639097feb436c7038fca33387696651102e4,65211,0,0,0,0,0,0,0,0,0,324,0,0,0,0,1
990,3-11-16_16PDC_2,3-11-16_16PDC,2016-11-03,16PDC,2,patches/S2_3-11-16_16PDC/S2_3-11-16_16PDC_2.tif,patches/S2_3-11-16_16PDC/S2_3-11-16_16PDC_2_cl.tif,patches/S2_3-11-16_16PDC/S2_3-11-16_16PDC_2_conf.tif,test,-87.41258449719787,15.832400535965387,EPSG:32616,10.0,10.0,11,float32,,"(1.0, 1.0, 1.0, 1.0, 1.0, 1.0, 1.0, 1.0, 1.0, 1.0, 1.0)","(0.0, 0.0, 0.0, 0.0, 0.0, 0.0, 0.0, 0.0, 0.0, 0.0, 0.0)",454540.0,1749160.0,457100.0,1751720.0,65536,18,65536,18,0,0,0,0,0,0,436054ad172ad995a8e096eba4c4c909c2f201e5cc46dab0c939b9d9a53d6d57,37e18f106891bd1e50ee015313edd2d79ce2ee303d0f453ea97b94e11ec028e5,bb504ba0913237175591533d14a06df7372d986f1ca0d1a5ab7ce5298216ea4a,65518,11,0,0,4,0,0,3,0,0,0,0,0,0,0,0
991,3-11-16_16PDC_20,3-11-16_16PDC,2016-11-03,16PDC,20,patches/S2_3-11-16_16PDC/S2_3-11-16_16PDC_20.tif,patches/S2_3-11-16_16PDC/S2_3-11-16_16PDC_20_cl.tif,patches/S2_3-11-16_16PDC/S2_3-11-16_16PDC_20_conf.tif,test,-87.12588822037198,16.133621117279525,EPSG:32616,10.0,10.0,11,float32,,"(1.0, 1.0, 1.0, 1.0, 1.0, 1.0, 1.0, 1.0, 1.0, 1.0, 1.0)","(0.0, 0.0, 0.0, 0.0, 0.0, 0.0, 0.0, 0.0, 0.0, 0.0, 0.0)",485260.0,1782440.0,487820.0,1785000.0,65536,297,65536,297,0,0,0,0,0,0,3a6b9f3758660c31064430379dddd6ab5140c29ecc6bce4b20b5ee7dc61788c1,1c7b611355469a7abab1d0692d6ede9c7401358297a6826f530e7998daa9d99f,81a69b242262cd3604c381157637c31f7d9d5d2f39834d5f778b6c1a745b6ffc,65239,0,0,0,0,0,0,297,0,0,0,0,0,0,0,0
992,3-11-16_16PDC_21,3-11-16_16PDC,2016-11-03,16PDC,21,patches/S2_3-11-16_16PDC/S2_3-11-16_16PDC_21.tif,patches/S2_3-11-16_16PDC/S2_3-11-16_16PDC_21_cl.tif,patches/S2_3-11-16_16PDC/S2_3-11-16_16PDC_21_conf.tif,test,-87.12570018932469,15.832756464159997,EPSG:32616,10.0,10.0,11,float32,,"(1.0, 1.0, 1.0, 1.0, 1.0, 1.0, 1.0, 1.0, 1.0, 1.0, 1.0)","(0.0, 0.0, 0.0, 0.0, 0.0, 0.0, 0.0, 0.0, 0.0, 0.0, 0.0)",485260.0,1749160.0,487820.0,1751720.0,65536,1,65536,1,0,0,0,0,0,0,a4902b8a546fcac0ae296314ec0d97ab845cfd6bb70bb73523332d2626187b32,22e32c9f857ed9778bfd03fc941d35c76d15f0467dba43fef0a4119f7bab1bb6,4594f184fdf559a7752a77da13ae533bd1ce44b5cbd4fa6db97855041f2ed0f8,65535,0,0,0,0,0,0,1,0,0,0,0,0,0,0,0
993,3-11-16_16PDC_22,3-11-16_16PDC,2016-11-03,16PDC,22,patches/S2_3-11-16_16PDC/S2_3-11-16_16PDC_22.tif,patches/S2_3-11-16_16PDC/S2_3-11-16_16PDC_22_cl.tif,patches/S2_3-11-16_16PDC/S2_3-11-16_16PDC_22_conf.tif,test,-87.12567161678183,15.786468851149277,EPSG:32616,10.0,10.0,11,float32,,"(1.0, 1.0, 1.0, 1.0, 1.0, 1.0, 1.0, 1.0, 1.0, 1.0, 1.0)","(0.0, 0.0, 0.0, 0.0, 0.0, 0.0, 0.0, 0.0, 0.0, 0.0, 0.0)",485260.0,1744040.0,487820.0,1746600.0,65536,63,65536,63,0,0,0,0,0,0,eef3304a2bd18ae469c2d06b698d51921b3552a2a7458d246a501524a81fc0c2,74559bc753918292e47c4a7ff8d29adc9457be5cf36678373fe40461b50f6ffe,7a8a3a9e637e7239aab67354e3a36cf3e3b8cb9bfb3818064815f8610f0ca083,65473,0,0,0,0,0,0,0,0,0,63,0,0,0,0,0
994,3-11-16_16PDC_23,3-11-16_16PDC,2016-11-03,16PDC,23,patches/S2_3-11-16_16PDC/S2_3-11-16_16PDC_23.tif,patches/S2_3-11-16_16PDC/S2_3-11-16_16PDC_23_cl.tif,patches/S2_3-11-16_16PDC/S2_3-11-16_16PDC_23_conf.tif,test,-87.10180450069414,15.855912751518135,EPSG:32616,10.0,10.0,11,float32,,"(1.0, 1.0, 1.0, 1.0, 1.0, 1.0, 1.0, 1.0, 1.0, 1.0, 1.0)","(0.0, 0.0, 0.0, 0.0, 0.0, 0.0, 0.0, 0.0, 0.0, 0.0, 0.0)",487820.0,1751720.0,490380.0,1754280.0,65536,13,65536,13,0,0,0,0,0,0,6e63bbb3a6258d9d6ba37cf33993434b059b4b4b9ee851872045b4eb67ed9542,abb938dd1346c0dbf8d2f5ab56129f5bf59bbedb1b1d404703a9bde903c9f0a3,c197ab07bb10506beb1af3c461c4c7471b5490bb326b362c61700d30a86e5de6,65523,4,0,0,3,0,0,0,0,0,0,0,0,0,0,6
995,3-11-16_16PDC_24,3-11-16_16PDC,2016-11-03,16PDC,24,patches/S2_3-11-16_16PDC/S2_3-11-16_16PDC_24.tif,patches/S2_3-11-16_16PDC/S2_3-11-16_16PDC_24_cl.tif,patches/S2_3-11-16_16PDC/S2_3-11-16_16PDC_24_conf.tif,test,-87.10179290284619,15.832768999698922,EPSG:32616,10.0,10.0,11,float32,,"(1.0, 1.0, 1.0, 1.0, 1.0, 1.0, 1.0, 1.0, 1.0, 1.0, 1.0)","(0.0, 0.0, 0.0, 0.0, 0.0, 0.0, 0.0, 0.0, 0.0, 0.0, 0.0)",487820.0,1749160.0,490380.0,1751720.0,65536,10,65536,10,0,0,0,0,0,0,480e929b7e94ad1b796520874076ae0f8a668869ecfbc98d16a8237e9cc6f85d,1c504360f23e7e0b4dcada4c9153c845ac65888c35801f0527266e076f21b70e,c5e4cd30fa804104fe97d79b5852953d62bec41158a27a542affcb1ebb624c9d,65526,8,0,0,1,0,0,0,0,0,0,0,0,0,0,1
996,3-11-16_16PDC_25,3-11-16_16PDC,2016-11-03,16PDC,25,patches/S2_3-11-16_16PDC/S2_3-11-16_16PDC_25.tif,patches/S2_3-11-16_16PDC/S2_3-11-16_16PDC_25_cl.tif,patches/S2_3-11-16_16PDC/S2_3-11-16_16PDC_25_conf.tif,test,-87.10178132414262,15.809625198566557,EPSG:32616,10.0,10.0,11,float32,,"(1.0, 1.0, 1.0, 1.0, 1.0, 1.0, 1.0, 1.0, 1.0, 1.0, 1.0)","(0.0, 0.0, 0.0, 0.0, 0.0, 0.0, 0.0, 0.0, 0.0, 0.0, 0.0)",487820.0,1746600.0,490380.0,1749160.0,65536,5,65536,5,0,0,0,0,0,0,8aaaa82deff8c1edaffe07e26299d0fadd73d610be3b284113e6c35b462cb6f8,38ce8bec650208c9a1787ef729637e246d6e5f3dbfda4211b28bae0b32d6a029,fa956f62d8fe56d63ad71bd51e70a3565f3f1107d69827097b339a99c7adfee0,65531,2,0,0,1,0,0,2,0,0,0,0,0,0,0,0
997,3-11-16_16PDC_26,3-11-16_16PDC,2016-11-03,16PDC,26,patches/S2_3-11-16_16PDC/S2_3-11-16_16PDC_26.tif,patches/S2_3-11-16_16PDC/S2_3-11-16_16PDC_26_cl.tif,patches/S2_3-11-16_16PDC/S2_3-11-16_16PDC_26_conf.tif,test,-87.07789447118283,15.855922667551638,EPSG:32616,10.0,10.0,11,float32,,"(1.0, 1.0, 1.0, 1.0, 1.0, 1.0, 1.0, 1.0, 1.0, 1.0, 1.0)","(0.0, 0.0, 0.0, 0.0, 0.0, 0.0, 0.0, 0.0, 0.0, 0.0, 0.0)",490380.0,1751720.0,492940.0,1754280.0,65536,1,65536,1,0,0,0,0,0,0,c1e4b97774674037d491ccb1e2a52ba5107e2077cdba57f1ebcfa24f29433051,49ca3baed0bc740a061cabde6f8bd4b5cbaff7386b3a2de13636963bceb8888f,02dec2d069d41590af787a8af71d0ddf8576557d0522fa50ca91f3ee1ded4a15,65535,0,0,0,0,0,0,1,0,0,0,0,0,0,0,0
998,3-11-16_16PDC_27,3-11-16_16PDC,2016-11-03,16PDC,27,patches/S2_3-11-16_16PDC/S2_3-11-16_16PDC_27.tif,patches/S2_3-11-16_16PDC/S2_3-11-16_16PDC_27_cl.tif,patches/S2_3-11-16_16PDC/S2_3-11-16_16PDC_27_conf.tif,test,-87.07788559722327,15.832778900522326,EPSG:32616,10.0,10.0,11,float32,,"(1.0, 1.0, 1.0, 1.0, 1.0, 1.0, 1.0, 1.0, 1.0, 1.0, 1.0)","(0.0, 0.0, 0.0, 0.0, 0.0, 0.0, 0.0, 0.0, 0.0, 0.0, 0.0)",490380.0,1749160.0,492940.0,1751720.0,65536,355,65536,355,0,0,0,0,0,0,fbb3daee6286f6bf440f20e7bea99b714e5d258135e852089eed8d444cd818da,e19de4adc194ae7a6dcf01f9ddbb34bd36d3ef73a061abe838735c0a826fabe2,14cc4845844c40cb6c806c822cb6199d2f6ec83290a4845811497588b70b957a,65181,5,0,0,3,0,0,346,0,0,0,0,0,0,0,1
999,3-11-16_16PDC_28,3-11-16_16PDC,2016-11-03,16PDC,28,patches/S2_3-11-16_16PDC/S2_3-11-16_16PDC_28.tif,patches/S2_3-11-16_16PDC/S2_3-11-16_16PDC_28_cl.tif,patches/S2_3-11-16_16PDC/S2_3-11-16_16PDC_28_conf.tif,test,-87.05402776216812,16.017935006142373,EPSG:32616,10.0,10.0,11,float32,,"(1.0, 1.0, 1.0, 1.0, 1.0, 1.0, 1.0, 1.0, 1.0, 1.0, 1.0)","(0.0, 0.0, 0.0, 0.0, 0.0, 0.0, 0.0, 0.0, 0.0, 0.0, 0.0)",492940.0,1769640.0,495500.0,1772200.0,65536,21,65536,21,0,0,0,0,0,0,e35601eba769420cce356ff114c0b1526a840bc14d85be529f8774f80bf72baa,ab8a4da533e8c846c15558df37b0f2356ed5cbc5c315e61f7cdc59507b52b0ab,959b92f43d0be5fecf930e33937feff9803b7835ed4f3962b2432d1e0984e1a9,65515,0,0,13,0,0,0,5,0,0,0,0,0,0,0,3
1000,3-11-16_16PDC_29,3-11-16_16PDC,2016-11-03,16PDC,29,patches/S2_3-11-16_16PDC/S2_3-11-16_16PDC_29.tif,patches/S2_3-11-16_16PDC/S2_3-11-16_16PDC_29_cl.tif,patches/S2_3-11-16_16PDC/S2_3-11-16_16PDC_29_conf.tif,test,-87.05399675761942,15.902217353017564,EPSG:32616,10.0,10.0,11,float32,,"(1.0, 1.0, 1.0, 1.0, 1.0, 1.0, 1.0, 1.0, 1.0, 1.0, 1.0)","(0.0, 0.0, 0.0, 0.0, 0.0, 0.0, 0.0, 0.0, 0.0, 0.0, 0.0)",492940.0,1756840.0,495500.0,1759400.0,65536,343,65536,343,0,0,0,0,0,0,5aa7a84364c4d1bda580a33ef38c2bf1961377113e85ebd63446221fe323a878,ab612d13c823dcefb47372110f17cf1c9ce8f0ffd980292be6b2987f6229212f,20c7116003534a24c4a6cceb1512a60c7ba1b6d73f0890e0a31813cb1f54fa1a,65193,0,0,0,0,0,0,10,0,0,0,333,0,0,0,0
1001,3-11-16_16PDC_3,3-11-16_16PDC,2016-11-03,16PDC,3,patches/S2_3-11-16_16PDC/S2_3-11-16_16PDC_3.tif,patches/S2_3-11-16_16PDC/S2_3-11-16_16PDC_3_cl.tif,patches/S2_3-11-16_16PDC/S2_3-11-16_16PDC_3_conf.tif,test,-87.41253756820389,15.809257300758931,EPSG:32616,10.0,10.0,11,float32,,"(1.0, 1.0, 1.0, 1.0, 1.0, 1.0, 1.0, 1.0, 1.0, 1.0, 1.0)","(0.0, 0.0, 0.0, 0.0, 0.0, 0.0, 0.0, 0.0, 0.0, 0.0, 0.0)",454540.0,1746600.0,457100.0,1749160.0,65536,39,65536,39,0,0,0,0,0,0,af6c5e5f607980f6453e0e7092707a3cad751dea090fc2e7ba02101a6ad4d607,b6227ba2348a8873ed94c7f2e210a367a2fbc4f83e5bff7297a8624344391af5,b8ad80d0ba2c55988a9cc641c083ab4c29b2dad48ac984cf66f69047927fcc05,65497,0,0,0,3,0,28,4,0,0,0,0,0,0,0,4
1002,3-11-16_16PDC_30,3-11-16_16PDC,2016-11-03,16PDC,30,patches/S2_3-11-16_16PDC/S2_3-11-16_16PDC_30.tif,patches/S2_3-11-16_16PDC/S2_3-11-16_16PDC_30_cl.tif,patches/S2_3-11-16_16PDC/S2_3-11-16_16PDC_30_conf.tif,test,-87.05398442701555,15.855929944813678,EPSG:32616,10.0,10.0,11,float32,,"(1.0, 1.0, 1.0, 1.0, 1.0, 1.0, 1.0, 1.0, 1.0, 1.0, 1.0)","(0.0, 0.0, 0.0, 0.0, 0.0, 0.0, 0.0, 0.0, 0.0, 0.0, 0.0)",492940.0,1751720.0,495500.0,1754280.0,65536,3,65536,3,0,0,0,0,0,0,533a9ef0779dc3a26abb2b93359dd2d945debc38e1c073b08549ab1a26141f67,190f04cf3667759c9229d8139c5c9273cfff022451ff1bdb71e877ccac0deeed,fe9ad7eed8c376e8eed98942f31549814350cb87d79cfd3f36521090942036b0,65533,2,0,0,0,0,0,1,0,0,0,0,0,0,0,0
1003,3-11-16_16PDC_31,3-11-16_16PDC,2016-11-03,16PDC,31,patches/S2_3-11-16_16PDC/S2_3-11-16_16PDC_31.tif,patches/S2_3-11-16_16PDC/S2_3-11-16_16PDC_31_cl.tif,patches/S2_3-11-16_16PDC/S2_3-11-16_16PDC_31_conf.tif,test,-87.05397827695225,15.832786166621846,EPSG:32616,10.0,10.0,11,float32,,"(1.0, 1.0, 1.0, 1.0, 1.0, 1.0, 1.0, 1.0, 1.0, 1.0, 1.0)","(0.0, 0.0, 0.0, 0.0, 0.0, 0.0, 0.0, 0.0, 0.0, 0.0, 0.0)",492940.0,1749160.0,495500.0,1751720.0,65536,921,65536,921,0,0,0,0,0,0,ae56295c40709040f8d764e0c9efb780e4668df593ea24a07f885712169fd1fe,393789be855a3a12eddf55d458ed0585a8b15e6510eb45b024c35d4f4226e3a0,04bddbfe58f0bfe1138ef43dfb99b567f299b44f73f2c6d84113ca68ec17711d,64615,2,0,0,0,0,0,919,0,0,0,0,0,0,0,0
1004,3-11-16_16PDC_32,3-11-16_16PDC,2016-11-03,16PDC,32,patches/S2_3-11-16_16PDC/S2_3-11-16_16PDC_32.tif,patches/S2_3-11-16_16PDC/S2_3-11-16_16PDC_32_cl.tif,patches/S2_3-11-16_16PDC/S2_3-11-16_16PDC_32_conf.tif,test,-87.03009851443213,16.01793969447518,EPSG:32616,10.0,10.0,11,float32,,"(1.0, 1.0, 1.0, 1.0, 1.0, 1.0, 1.0, 1.0, 1.0, 1.0, 1.0)","(0.0, 0.0, 0.0, 0.0, 0.0, 0.0, 0.0, 0.0, 0.0, 0.0, 0.0)",495500.0,1769640.0,498060.0,1772200.0,65536,61,65536,61,0,0,0,0,0,0,f666ce735d386de191a5e3f98334178e2666e69a9d0ed8898426a9f9cf62cb44,4040903dfcf93c904eb81a89963ee2ae339400256c2ab5a55f310221eafdda11,2bef149772ee9720858eeda52c7205202fd8db8f85afa941e4e4adc6d8c08f27,65475,0,0,0,0,0,0,61,0,0,0,0,0,0,0,0
1005,3-11-16_16PDC_33,3-11-16_16PDC,2016-11-03,16PDC,33,patches/S2_3-11-16_16PDC/S2_3-11-16_16PDC_33.tif,patches/S2_3-11-16_16PDC/S2_3-11-16_16PDC_33_cl.tif,patches/S2_3-11-16_16PDC/S2_3-11-16_16PDC_33_conf.tif,test,-87.030074372691,15.855934583298096,EPSG:32616,10.0,10.0,11,float32,,"(1.0, 1.0, 1.0, 1.0, 1.0, 1.0, 1.0, 1.0, 1.0, 1.0, 1.0)","(0.0, 0.0, 0.0, 0.0, 0.0, 0.0, 0.0, 0.0, 0.0, 0.0, 0.0)",495500.0,1751720.0,498060.0,1754280.0,65536,11,65536,11,0,0,0,0,0,0,a27880882ee0b245c06c1362a8f7b01f3b9ed0c00085381007b5ee9a08608818,34e7fa2e52268c0a25fdf0970e1f68d1aba7d565cd2e0b9ffa579f0512342882,59ac3d869fc776a191a677c3c876643ad8776acda671351823927870d60285cd,65525,6,0,0,0,0,0,1,0,0,0,0,0,0,0,4
1006,3-11-16_16PDC_34,3-11-16_16PDC,2016-11-03,16PDC,34,patches/S2_3-11-16_16PDC/S2_3-11-16_16PDC_34.tif,patches/S2_3-11-16_16PDC/S2_3-11-16_16PDC_34_cl.tif,patches/S2_3-11-16_16PDC/S2_3-11-16_16PDC_34_conf.tif,test,-87.0300675260233,15.809646963378775,EPSG:32616,10.0,10.0,11,float32,,"(1.0, 1.0, 1.0, 1.0, 1.0, 1.0, 1.0, 1.0, 1.0, 1.0, 1.0)","(0.0, 0.0, 0.0, 0.0, 0.0, 0.0, 0.0, 0.0, 0.0, 0.0, 0.0)",495500.0,1746600.0,498060.0,1749160.0,65536,60,65536,60,0,0,0,0,0,0,c678967b6647f9e42eec103bee4e470c42a1ba77eff10ae2317c25bc22ee3b8c,8a5cb86b5357ab1ca1c78e96e8a5263c349f8acdbb196d458da87d1ea6b7a743,c9e7d48f086518ae15ce0376e1b2a0fa603f046c78743dd0cd9f6c3bb8b56bab,65476,0,0,0,0,0,60,0,0,0,0,0,0,0,0,0
1007,3-11-16_16PDC_35,3-11-16_16PDC,2016-11-03,16PDC,35,patches/S2_3-11-16_16PDC/S2_3-11-16_16PDC_35.tif,patches/S2_3-11-16_16PDC/S2_3-11-16_16PDC_35_cl.tif,patches/S2_3-11-16_16PDC/S2_3-11-16_16PDC_35_conf.tif,test,-87.00617283043591,16.133658174271975,EPSG:32616,10.0,10.0,11,float32,,"(1.0, 1.0, 1.0, 1.0, 1.0, 1.0, 1.0, 1.0, 1.0, 1.0, 1.0)","(0.0, 0.0, 0.0, 0.0, 0.0, 0.0, 0.0, 0.0, 0.0, 0.0, 0.0)",498060.0,1782440.0,500620.0,1785000.0,65536,504,65536,504,0,0,0,0,0,0,e99bdb22d5888fca2d69ef0e2a109da578621643d87ee805f1d10d92bf66a805,b72e3bafa562ffbaa4d02ca6abe49366aeed8256103bf58daab5952dd6631945,5bb990412aa9a9c1b35135d2153dd1363707c64aa3dd8def9ddcc84133364c29,65032,0,0,0,0,0,0,504,0,0,0,0,0,0,0,0
1008,3-11-16_16PDC_36,3-11-16_16PDC,2016-11-03,16PDC,36,patches/S2_3-11-16_16PDC/S2_3-11-16_16PDC_36.tif,patches/S2_3-11-16_16PDC/S2_3-11-16_16PDC_36_cl.tif,patches/S2_3-11-16_16PDC/S2_3-11-16_16PDC_36_conf.tif,test,-87.0061699725692,16.041085107284754,EPSG:32616,10.0,10.0,11,float32,,"(1.0, 1.0, 1.0, 1.0, 1.0, 1.0, 1.0, 1.0, 1.0, 1.0, 1.0)","(0.0, 0.0, 0.0, 0.0, 0.0, 0.0, 0.0, 0.0, 0.0, 0.0, 0.0)",498060.0,1772200.0,500620.0,1774760.0,65536,34,65536,34,0,0,0,0,0,0,b0429fb22eb7c52e3268e924290abfab171565a66d7b40579940eef9914f8475,0c82674ea7373484ea2bcc9cfbe88f7b550ce8368bb3e859dc083f8ef2bed2fe,6998e4710b55b28b1edbef4e9dde7d29acc99c92000e66c70f9f1293d0a7109f,65502,0,7,27,0,0,0,0,0,0,0,0,0,0,0,0
1009,3-11-16_16PDC_37,3-11-16_16PDC,2016-11-03,16PDC,37,patches/S2_3-11-16_16PDC/S2_3-11-16_16PDC_37.tif,patches/S2_3-11-16_16PDC/S2_3-11-16_16PDC_37_cl.tif,patches/S2_3-11-16_16PDC/S2_3-11-16_16PDC_37_conf.tif,test,-87.0061692610162,16.01794171566826,EPSG:32616,10.0,10.0,11,float32,,"(1.0, 1.0, 1.0, 1.0, 1.0, 1.0, 1.0, 1.0, 1.0, 1.0, 1.0)","(0.0, 0.0, 0.0, 0.0, 0.0, 0.0, 0.0, 0.0, 0.0, 0.0, 0.0)",498060.0,1769640.0,500620.0,1772200.0,65536,22,65536,22,0,0,0,0,0,0,84cd7d27a9352ff2bad8798a5642532ddf3960caf8a4ab9a639ab15de8d71f40,91bbf6df42c013681dbac92d444f0887ee2581c745a772800a48e20192faec49,404a517946d6387df249dccd42468d1f28b5b076234a40a1c5767ef292183467,65514,0,3,17,0,0,0,1,0,0,0,0,0,0,0,1
1010,3-11-16_16PDC_38,3-11-16_16PDC,2016-11-03,16PDC,38,patches/S2_3-11-16_16PDC/S2_3-11-16_16PDC_38.tif,patches/S2_3-11-16_16PDC/S2_3-11-16_16PDC_38_cl.tif,patches/S2_3-11-16_16PDC/S2_3-11-16_16PDC_38_conf.tif,test,-87.00616290935335,15.80964895694768,EPSG:32616,10.0,10.0,11,float32,,"(1.0, 1.0, 1.0, 1.0, 1.0, 1.0, 1.0, 1.0, 1.0, 1.0, 1.0)","(0.0, 0.0, 0.0, 0.0, 0.0, 0.0, 0.0, 0.0, 0.0, 0.0, 0.0)",498060.0,1746600.0,500620.0,1749160.0,65536,1013,65536,1013,0,0,0,0,0,0,da0d69b62b2296e7739da6ecd18647b344de0fc4df669760e29615c7f76be5fd,77cce20ac3a636941f9373ca3f6656eecb7348e9902666d2c586ceeda9af33d3,44104ab096a0784ed79e5def589157e0a2216a5ecadf3a5cb803f93d56729874,64523,0,0,0,0,0,0,1013,0,0,0,0,0,0,0,0
1011,3-11-16_16PDC_39,3-11-16_16PDC,2016-11-03,16PDC,39,patches/S2_3-11-16_16PDC/S2_3-11-16_16PDC_39.tif,patches/S2_3-11-16_16PDC/S2_3-11-16_16PDC_39_cl.tif,patches/S2_3-11-16_16PDC/S2_3-11-16_16PDC_39_conf.tif,test,-86.98223385114427,16.087371091907272,EPSG:32616,10.0,10.0,11,float32,,"(1.0, 1.0, 1.0, 1.0, 1.0, 1.0, 1.0, 1.0, 1.0, 1.0, 1.0)","(0.0, 0.0, 0.0, 0.0, 0.0, 0.0, 0.0, 0.0, 0.0, 0.0, 0.0)",500620.0,1777320.0,503180.0,1779880.0,65536,122,65536,122,0,0,0,0,0,0,1e2d8cf633d8a84760add82275876b79573b49e57d6f1afde37c1a3ff79f4bce,fb47441ccd552157aea4b76c2ac9deec74a605e797e4e2d1d5e49b156244a86c,29c3f37342713ea3b7c18d392ec3fae9109b5ba013290e4c4361d838f2804aa5,65414,0,0,0,0,0,0,0,0,0,0,122,0,0,0,0
1012,3-11-16_16PDC_4,3-11-16_16PDC,2016-11-03,16PDC,4,patches/S2_3-11-16_16PDC/S2_3-11-16_16PDC_4.tif,patches/S2_3-11-16_16PDC/S2_3-11-16_16PDC_4_cl.tif,patches/S2_3-11-16_16PDC/S2_3-11-16_16PDC_4_conf.tif,test,-87.38867779115031,15.832444686627893,EPSG:32616,10.0,10.0,11,float32,,"(1.0, 1.0, 1.0, 1.0, 1.0, 1.0, 1.0, 1.0, 1.0, 1.0, 1.0)","(0.0, 0.0, 0.0, 0.0, 0.0, 0.0, 0.0, 0.0, 0.0, 0.0, 0.0)",457100.0,1749160.0,459660.0,1751720.0,65536,297,65536,297,0,0,0,0,0,0,ad545fc0904d03f0090a3bd94455b873fbc82b731e66bdb0f527f466500d0491,f4f09a64287608f9b2ac659d95d402390a69e9ee80a708e69958921428681179,4b0dd80c7a7f2ccfdd529f07b59080d9969bd5650b16efbc00cb17cc1df099cb,65239,8,0,0,1,0,266,22,0,0,0,0,0,0,0,0
1013,3-11-16_16PDC_40,3-11-16_16PDC,2016-11-03,16PDC,40,patches/S2_3-11-16_16PDC/S2_3-11-16_16PDC_40.tif,patches/S2_3-11-16_16PDC/S2_3-11-16_16PDC_40_cl.tif,patches/S2_3-11-16_16PDC/S2_3-11-16_16PDC_40_conf.tif,test,-86.98223795802608,16.041084460354394,EPSG:32616,10.0,10.0,11,float32,,"(1.0, 1.0, 1.0, 1.0, 1.0, 1.0, 1.0, 1.0, 1.0, 1.0, 1.0)","(0.0, 0.0, 0.0, 0.0, 0.0, 0.0, 0.0, 0.0, 0.0, 0.0, 0.0)",500620.0,1772200.0,503180.0,1774760.0,65536,109,65536,109,0,0,0,0,0,0,06de93a38d7dd223203f015cb0e58ca985f60fc3dc85d7efa46c62a166e91a37,ea272b90194bf71fc94fa4d96822e41444bab1ccce1f1b418cf942f576afb5d6,e95acbde7a29eca639190d9f0160d0686908de5c54c58903a639bc0452410e89,65427,0,0,0,0,0,0,24,0,0,0,85,0,0,0,0
1014,3-11-16_16PDC_41,3-11-16_16PDC,2016-11-03,16PDC,41,patches/S2_3-11-16_16PDC/S2_3-11-16_16PDC_41.tif,patches/S2_3-11-16_16PDC/S2_3-11-16_16PDC_41_cl.tif,patches/S2_3-11-16_16PDC/S2_3-11-16_16PDC_41_conf.tif,test,-86.98224613156424,15.948510599154334,EPSG:32616,10.0,10.0,11,float32,,"(1.0, 1.0, 1.0, 1.0, 1.0, 1.0, 1.0, 1.0, 1.0, 1.0, 1.0)","(0.0, 0.0, 0.0, 0.0, 0.0, 0.0, 0.0, 0.0, 0.0, 0.0, 0.0)",500620.0,1761960.0,503180.0,1764520.0,65536,265,65536,265,0,0,0,0,0,0,41eb43ef6c57839526a66ee62d2720906b2f86cf68fa39c888d4cbe3ff172578,524573f9f84b8560e5e8e403b43c230c2b9f9e758a30577410cecc0f1d04e3bf,10ae33ace71580fa454dfb5224e04966b79e0dbfdfb9cd647b6e18552d8424db,65271,0,0,0,0,7,179,34,0,0,0,0,0,0,45,0
1015,3-11-16_16PDC_42,3-11-16_16PDC,2016-11-03,16PDC,42,patches/S2_3-11-16_16PDC/S2_3-11-16_16PDC_42.tif,patches/S2_3-11-16_16PDC/S2_3-11-16_16PDC_42_cl.tif,patches/S2_3-11-16_16PDC/S2_3-11-16_16PDC_42_conf.tif,test,-86.98225425156498,15.855935943920633,EPSG:32616,10.0,10.0,11,float32,,"(1.0, 1.0, 1.0, 1.0, 1.0, 1.0, 1.0, 1.0, 1.0, 1.0, 1.0)","(0.0, 0.0, 0.0, 0.0, 0.0, 0.0, 0.0, 0.0, 0.0, 0.0, 0.0)",500620.0,1751720.0,503180.0,1754280.0,65536,10,65536,10,0,0,0,0,0,0,82d045e44a203bc754693527e72c8340ed9460d18afdbb945ce75f7d3fdea3d7,49a6f7e4bc957cb5cfe1a1a4544597025cfe8b571316a4f0422fb40de93085ac,de8a4a71538aba7564edccac005d69655e062fdd08cfce357f1ec1ad0bf2062d,65526,0,0,0,3,0,0,1,0,0,0,0,0,0,0,6
1016,3-11-16_16PDC_43,3-11-16_16PDC,2016-11-03,16PDC,43,patches/S2_3-11-16_16PDC/S2_3-11-16_16PDC_43.tif,patches/S2_3-11-16_16PDC/S2_3-11-16_16PDC_43_cl.tif,patches/S2_3-11-16_16PDC/S2_3-11-16_16PDC_43_conf.tif,test,-86.9583155557114,15.99479432121202,EPSG:32616,10.0,10.0,11,float32,,"(1.0, 1.0, 1.0, 1.0, 1.0, 1.0, 1.0, 1.0, 1.0, 1.0, 1.0)","(0.0, 0.0, 0.0, 0.0, 0.0, 0.0, 0.0, 0.0, 0.0, 0.0, 0.0)",503180.0,1767080.0,505740.0,1769640.0,65536,103,65536,103,0,0,0,0,0,0,cf96f3455d59ce10f6c30fcb771ba879011a83bda32f983fab56181c2c2e7dde,55e63ef5c45377fb0ff0557b5a847674b5649d7fdf7dc3d368aaeda495361a56,a2a3dcd7e1839cd2bf7c46633bdbe25d89af2f239f5c64d7aae354435e606f8a,65433,0,0,0,0,0,0,9,0,0,0,94,0,0,0,0
1017,3-11-16_16PDC_44,3-11-16_16PDC,2016-11-03,16PDC,44,patches/S2_3-11-16_16PDC/S2_3-11-16_16PDC_44.tif,patches/S2_3-11-16_16PDC/S2_3-11-16_16PDC_44_cl.tif,patches/S2_3-11-16_16PDC/S2_3-11-16_16PDC_44_conf.tif,test,-86.95834893931298,15.832788883691668,EPSG:32616,10.0,10.0,11,float32,,"(1.0, 1.0, 1.0, 1.0, 1.0, 1.0, 1.0, 1.0, 1.0, 1.0, 1.0)","(0.0, 0.0, 0.0, 0.0, 0.0, 0.0, 0.0, 0.0, 0.0, 0.0, 0.0)",503180.0,1749160.0,505740.0,1751720.0,65536,1066,65536,1066,0,0,0,0,0,0,8090c9fc575e2909d7338e7847d1785e4148748f60b50e41f42828434ec82f72,77cd7e77503402cc59acfacb4b717a1b5d9a4d5db4e3f6561c8bd7736e655b73,2c16713c2e37c4b65a5957397ea7030feec4d3f276063f655706feb19269d7aa,64470,0,0,0,0,0,0,1066,0,0,0,0,0,0,0,0
1018,3-11-16_16PDC_5,3-11-16_16PDC,2016-11-03,16PDC,5,patches/S2_3-11-16_16PDC/S2_3-11-16_16PDC_5.tif,patches/S2_3-11-16_16PDC/S2_3-11-16_16PDC_5_cl.tif,patches/S2_3-11-16_16PDC/S2_3-11-16_16PDC_5_conf.tif,test,-87.31699336450197,15.85570476461871,EPSG:32616,10.0,10.0,11,float32,,"(1.0, 1.0, 1.0, 1.0, 1.0, 1.0, 1.0, 1.0, 1.0, 1.0, 1.0)","(0.0, 0.0, 0.0, 0.0, 0.0, 0.0, 0.0, 0.0, 0.0, 0.0, 0.0)",464780.0,1751720.0,467340.0,1754280.0,65536,467,65536,467,0,0,0,0,0,0,534e908a7303b7071828435eef9260506e145fc1dab84980e5037b70db3d6a50,f1122e639713c938d044d97b143398387aa8ba7703e55956b569044afbd68777,749e99002ea8cb119e4a33660a290ff1dc2132e887c2d97799a339ec35571052,65069,0,0,0,0,0,467,0,0,0,0,0,0,0,0,0
1019,3-11-16_16PDC_6,3-11-16_16PDC,2016-11-03,16PDC,6,patches/S2_3-11-16_16PDC/S2_3-11-16_16PDC_6.tif,patches/S2_3-11-16_16PDC/S2_3-11-16_16PDC_6_cl.tif,patches/S2_3-11-16_16PDC/S2_3-11-16_16PDC_6_conf.tif,test,-87.29348863959888,16.13345636762547,EPSG:32616,10.0,10.0,11,float32,,"(1.0, 1.0, 1.0, 1.0, 1.0, 1.0, 1.0, 1.0, 1.0, 1.0, 1.0)","(0.0, 0.0, 0.0, 0.0, 0.0, 0.0, 0.0, 0.0, 0.0, 0.0, 0.0)",467340.0,1782440.0,469900.0,1785000.0,65536,58,65536,58,0,0,0,0,0,0,cf4115ef5d26f451d82fa22743f3b0c78e426614910b2ecf8d422742acb3cc00,5c8689566257c1e09a300e0abd4da08af33dabc521216a2c45f8a8a397a57c4d,c96add48bcfa44fabd01a938280626d3a74de525eaefc062d415777f9f63ea2a,65478,0,0,0,0,0,0,58,0,0,0,0,0,0,0,0
1020,3-11-16_16PDC_7,3-11-16_16PDC,2016-11-03,16PDC,7,patches/S2_3-11-16_16PDC/S2_3-11-16_16PDC_7.tif,patches/S2_3-11-16_16PDC/S2_3-11-16_16PDC_7_cl.tif,patches/S2_3-11-16_16PDC/S2_3-11-16_16PDC_7_conf.tif,test,-87.29308366933213,15.855738428950845,EPSG:32616,10.0,10.0,11,float32,,"(1.0, 1.0, 1.0, 1.0, 1.0, 1.0, 1.0, 1.0, 1.0, 1.0, 1.0)","(0.0, 0.0, 0.0, 0.0, 0.0, 0.0, 0.0, 0.0, 0.0, 0.0, 0.0)",467340.0,1751720.0,469900.0,1754280.0,65536,6617,65536,6617,0,0,0,0,0,0,6cda586110e8a60a54e204d6f3242abd9f6f3192754b40dc5e60e666ae62ac5f,9304653c008c84bb5ffff7533db547404038de309a20c0181b65e94cef935b1d,66f98739e175ea4c62abcb7afeb3fdb55bbf1aee2f9b312180b81ed7b73f3e13,58919,0,0,0,0,0,6617,0,0,0,0,0,0,0,0,0
1021,3-11-16_16PDC_8,3-11-16_16PDC,2016-11-03,16PDC,8,patches/S2_3-11-16_16PDC/S2_3-11-16_16PDC_8.tif,patches/S2_3-11-16_16PDC/S2_3-11-16_16PDC_8_cl.tif,patches/S2_3-11-16_16PDC/S2_3-11-16_16PDC_8_conf.tif,test,-87.26951457866429,16.110345030583737,EPSG:32616,10.0,10.0,11,float32,,"(1.0, 1.0, 1.0, 1.0, 1.0, 1.0, 1.0, 1.0, 1.0, 1.0, 1.0)","(0.0, 0.0, 0.0, 0.0, 0.0, 0.0, 0.0, 0.0, 0.0, 0.0, 0.0)",469900.0,1779880.0,472460.0,1782440.0,65536,25,65536,25,0,0,0,0,0,0,91cfabd6c82cbb20419a8ea03bd2cd9afeb890149aba4bd02cb35ebfe959a8f3,03cbf644f08bfb0df4acdcb6d3f1a182973f045c3ac9d7463337fcc5f674fccb,bfa59fbc0a8c8ef8b7b7ae3de453a9861fe878d6c5eaaf1d60fe8d2b8f9fed06,65511,0,0,0,0,0,17,8,0,0,0,0,0,0,0,0
1022,3-11-16_16PDC_9,3-11-16_16PDC,2016-11-03,16PDC,9,patches/S2_3-11-16_16PDC/S2_3-11-16_16PDC_9.tif,patches/S2_3-11-16_16PDC/S2_3-11-16_16PDC_9_cl.tif,patches/S2_3-11-16_16PDC/S2_3-11-16_16PDC_9_conf.tif,test,-87.26911264034759,15.809482341270263,EPSG:32616,10.0,10.0,11,float32,,"(1.0, 1.0, 1.0, 1.0, 1.0, 1.0, 1.0, 1.0, 1.0, 1.0, 1.0)","(0.0, 0.0, 0.0, 0.0, 0.0, 0.0, 0.0, 0.0, 0.0, 0.0, 0.0)",469900.0,1746600.0,472460.0,1749160.0,65536,166,65536,166,0,0,0,0,0,0,3e963e42da26321e2615768479ef4071403d3dbf132b7465b21023445394638e,05a7c465859f4b2d511723f48cc97015cd13c276367bf142087a8584ec11974d,10fb51e1de5817d09b23e7f55c3e568b9a881615925338b325f318bebf26c66b,65370,0,0,0,0,0,0,0,0,6,160,0,0,0,0,0
1023,3-11-18_16PDC_0,3-11-18_16PDC,2018-11-03,16PDC,0,patches/S2_3-11-18_16PDC/S2_3-11-18_16PDC_0.tif,patches/S2_3-11-18_16PDC/S2_3-11-18_16PDC_0_cl.tif,patches/S2_3-11-18_16PDC/S2_3-11-18_16PDC_0_conf.tif,train,-87.59409850958147,16.07732592291322,EPSG:32616,10.0,10.0,11,float32,,"(1.0, 1.0, 1.0, 1.0, 1.0, 1.0, 1.0, 1.0, 1.0, 1.0, 1.0)","(0.0, 0.0, 0.0, 0.0, 0.0, 0.0, 0.0, 0.0, 0.0, 0.0, 0.0)",435180.0,1776300.0,437740.0,1778860.0,65536,9,65536,9,0,0,0,0,0,0,01afc95e3ed5db6e37b7bf3f9b2d02e69e90dc2f9c109b2ecce6813fc859c0f1,7d0a839c3054ce806dc39ecd109e94b8a19c1b87d5f4bbf16bfc9558ab22845b,0dd316e2086b1e2fc9a2e5e189e7e581152dca0653c8500f6aef347128ab5009,65527,3,0,0,0,0,0,0,0,0,0,0,0,0,0,6
1024,3-11-18_16PDC_1,3-11-18_16PDC,2018-11-03,16PDC,1,patches/S2_3-11-18_16PDC/S2_3-11-18_16PDC_1.tif,patches/S2_3-11-18_16PDC/S2_3-11-18_16PDC_1_cl.tif,patches/S2_3-11-18_16PDC/S2_3-11-18_16PDC_1_conf.tif,train,-87.5701634025297,16.077391039792744,EPSG:32616,10.0,10.0,11,float32,,"(1.0, 1.0, 1.0, 1.0, 1.0, 1.0, 1.0, 1.0, 1.0, 1.0, 1.0)","(0.0, 0.0, 0.0, 0.0, 0.0, 0.0, 0.0, 0.0, 0.0, 0.0, 0.0)",437740.0,1776300.0,440300.0,1778860.0,65536,910,65536,910,0,0,0,0,0,0,50e9c33b462a67b564aed3681e5da176b4625439449069b8055412353afe9525,b7ab35e6a214b9af01b13ae93da1164c1fce3f3987bcae28dad03446780c57d0,e91a72b59dff350121a9cf08898ea7234a08935a9a84169eababfbf0d95948dc,64626,0,0,0,0,0,910,0,0,0,0,0,0,0,0,0
1025,3-11-18_16PDC_10,3-11-18_16PDC,2018-11-03,16PDC,10,patches/S2_3-11-18_16PDC/S2_3-11-18_16PDC_10.tif,patches/S2_3-11-18_16PDC/S2_3-11-18_16PDC_10_cl.tif,patches/S2_3-11-18_16PDC/S2_3-11-18_16PDC_10_conf.tif,train,-87.3543360500743,15.846425711580714,EPSG:32616,10.0,10.0,11,float32,,"(1.0, 1.0, 1.0, 1.0, 1.0, 1.0, 1.0, 1.0, 1.0, 1.0, 1.0)","(0.0, 0.0, 0.0, 0.0, 0.0, 0.0, 0.0, 0.0, 0.0, 0.0, 0.0)",460780.0,1750700.0,463340.0,1753260.0,65536,475,65536,475,0,0,0,0,0,0,46d7556160b84f2b58c2e5f6126ce0fe293f33ae640d530b4babbb1cc84c1c12,0de0d493bc0f4d8a76a94e7a7b1bdd071a318b80220a426a6f948c43ee5c20da,244e6c8992aea8d6847ea2ef2f04fb38c159841585ca33f9af71f951acf20b27,65061,0,0,0,0,0,0,0,0,19,456,0,0,0,0,0
1026,3-11-18_16PDC_11,3-11-18_16PDC,2018-11-03,16PDC,11,patches/S2_3-11-18_16PDC/S2_3-11-18_16PDC_11.tif,patches/S2_3-11-18_16PDC/S2_3-11-18_16PDC_11_cl.tif,patches/S2_3-11-18_16PDC/S2_3-11-18_16PDC_11_conf.tif,train,-87.33042753581755,15.84646347559683,EPSG:32616,10.0,10.0,11,float32,,"(1.0, 1.0, 1.0, 1.0, 1.0, 1.0, 1.0, 1.0, 1.0, 1.0, 1.0)","(0.0, 0.0, 0.0, 0.0, 0.0, 0.0, 0.0, 0.0, 0.0, 0.0, 0.0)",463340.0,1750700.0,465900.0,1753260.0,65536,1588,65536,1588,0,0,0,0,0,0,6a4e8e11ae67bd0d9b7aa016fa45a7e4ba3a1157fe93082478ae8b2eca741a48,1438acf7f7fadd5b74e40ba0240e19ff064026841318616362745d2c8ed66e96,f339f38d51dd074e9624cf15b65122f7548f9b7fc5a36f3ceca173f6a59dbe33,63948,0,0,0,0,0,58,30,0,0,1496,0,0,4,0,0
1027,3-11-18_16PDC_12,3-11-18_16PDC,2018-11-03,16PDC,12,patches/S2_3-11-18_16PDC/S2_3-11-18_16PDC_12.tif,patches/S2_3-11-18_16PDC/S2_3-11-18_16PDC_12_cl.tif,patches/S2_3-11-18_16PDC/S2_3-11-18_16PDC_12_conf.tif,train,-87.3066943124539,15.962215237920288,EPSG:32616,10.0,10.0,11,float32,,"(1.0, 1.0, 1.0, 1.0, 1.0, 1.0, 1.0, 1.0, 1.0, 1.0, 1.0)","(0.0, 0.0, 0.0, 0.0, 0.0, 0.0, 0.0, 0.0, 0.0, 0.0, 0.0)",465900.0,1763500.0,468460.0,1766060.0,65536,39,65536,39,0,0,0,0,0,0,e1c87ba3de8b1f299f9c0cea38016cf86ccb4803677975bd5f7fd6e93e785c5f,12affa160333002fed4fee7a076883b58808270d457fd6fcc7519c0386becdbf,25d79cb29f4eb688851afcceb04371049d6ff0ab08872d8f0bc3def26c4c985e,65497,0,0,0,0,0,18,17,0,0,0,0,0,4,0,0
1028,3-11-18_16PDC_13,3-11-18_16PDC,2018-11-03,16PDC,13,patches/S2_3-11-18_16PDC/S2_3-11-18_16PDC_13.tif,patches/S2_3-11-18_16PDC/S2_3-11-18_16PDC_13_cl.tif,patches/S2_3-11-18_16PDC/S2_3-11-18_16PDC_13_conf.tif,train,-87.30655391456658,15.869642028800058,EPSG:32616,10.0,10.0,11,float32,,"(1.0, 1.0, 1.0, 1.0, 1.0, 1.0, 1.0, 1.0, 1.0, 1.0, 1.0)","(0.0, 0.0, 0.0, 0.0, 0.0, 0.0, 0.0, 0.0, 0.0, 0.0, 0.0)",465900.0,1753260.0,468460.0,1755820.0,65536,208,65536,208,0,0,0,0,0,0,f5f9cc666b3fd4c125c2614d455bf98ec84a945b3fbc61338bd97fdea5a6f314,636f9b4e5a0865489859146eef1e47a52223c80c24853d7c839773e2dc1b612c,fca636b8e5176d50280c5c7b025beef1972296ea10ad0fc4dd7f23ee7fcd8a7b,65328,0,0,0,0,0,0,208,0,0,0,0,0,0,0,0
1029,3-11-18_16PDC_14,3-11-18_16PDC,2018-11-03,16PDC,14,patches/S2_3-11-18_16PDC/S2_3-11-18_16PDC_14.tif,patches/S2_3-11-18_16PDC/S2_3-11-18_16PDC_14_cl.tif,patches/S2_3-11-18_16PDC/S2_3-11-18_16PDC_14_conf.tif,train,-87.30648406189927,15.823355127093595,EPSG:32616,10.0,10.0,11,float32,,"(1.0, 1.0, 1.0, 1.0, 1.0, 1.0, 1.0, 1.0, 1.0, 1.0, 1.0)","(0.0, 0.0, 0.0, 0.0, 0.0, 0.0, 0.0, 0.0, 0.0, 0.0, 0.0)",465900.0,1748140.0,468460.0,1750700.0,65536,18,65536,18,0,0,0,0,0,0,648b082a15b88fb27e8ddd3aebe792f7412fd7f5bc3b405b8cbf2ea96e4b26fd,cad13a6956476e5973ee09a03b34736107a8c0b80abb4e5017cd07ba6a767013,c76becc56685cb9c1b813c90fff402f637c69700e6354aa5e3ad28341eb26546,65518,0,0,0,0,0,0,0,0,18,0,0,0,0,0,0
1030,3-11-18_16PDC_15,3-11-18_16PDC,2018-11-03,16PDC,15,patches/S2_3-11-18_16PDC/S2_3-11-18_16PDC_15.tif,patches/S2_3-11-18_16PDC/S2_3-11-18_16PDC_15_cl.tif,patches/S2_3-11-18_16PDC/S2_3-11-18_16PDC_15_conf.tif,train,-87.28277200121362,15.962247977467031,EPSG:32616,10.0,10.0,11,float32,,"(1.0, 1.0, 1.0, 1.0, 1.0, 1.0, 1.0, 1.0, 1.0, 1.0, 1.0)","(0.0, 0.0, 0.0, 0.0, 0.0, 0.0, 0.0, 0.0, 0.0, 0.0, 0.0)",468460.0,1763500.0,471020.0,1766060.0,65536,173,65536,173,0,0,0,0,0,0,ab185417c937e6ca9aa4a06d4fab37aa30b3a3809d20309654696f4a1ec941c8,179328000d8b0a696b9cdaba1787fc463af0e17abe36b854c6b1a0a008ebfdd7,f8f01498512addf4236d2e53cd4f282298b5cd096825396375e23f60a3843fd0,65363,0,0,0,0,0,0,173,0,0,0,0,0,0,0,0
1031,3-11-18_16PDC_16,3-11-18_16PDC,2018-11-03,16PDC,16,patches/S2_3-11-18_16PDC/S2_3-11-18_16PDC_16.tif,patches/S2_3-11-18_16PDC/S2_3-11-18_16PDC_16_cl.tif,patches/S2_3-11-18_16PDC/S2_3-11-18_16PDC_16_conf.tif,train,-87.25867218447327,15.823417374543448,EPSG:32616,10.0,10.0,11,float32,,"(1.0, 1.0, 1.0, 1.0, 1.0, 1.0, 1.0, 1.0, 1.0, 1.0, 1.0)","(0.0, 0.0, 0.0, 0.0, 0.0, 0.0, 0.0, 0.0, 0.0, 0.0, 0.0)",471020.0,1748140.0,473580.0,1750700.0,65536,559,65536,559,0,0,0,0,0,0,8e2a362ed25a0c64e5672a4fca9429b696e4a0bdcdf9a2f3283cb506fe3cdbfb,6d79d517f85768765345714890c9445dfdb279c013b36cd482b8eb6dc2d38c4d,217a8cb06d50a3ea88782160fe7c3304cded0f1e8512efbaf4e83b9e14ccf32f,64977,0,0,0,0,0,0,549,0,10,0,0,0,0,0,0
1032,3-11-18_16PDC_17,3-11-18_16PDC,2018-11-03,16PDC,17,patches/S2_3-11-18_16PDC/S2_3-11-18_16PDC_17.tif,patches/S2_3-11-18_16PDC/S2_3-11-18_16PDC_17_cl.tif,patches/S2_3-11-18_16PDC/S2_3-11-18_16PDC_17_conf.tif,train,-87.21105330142029,16.00861690964749,EPSG:32616,10.0,10.0,11,float32,,"(1.0, 1.0, 1.0, 1.0, 1.0, 1.0, 1.0, 1.0, 1.0, 1.0, 1.0)","(0.0, 0.0, 0.0, 0.0, 0.0, 0.0, 0.0, 0.0, 0.0, 0.0, 0.0)",476140.0,1768620.0,478700.0,1771180.0,65536,324,65536,324,0,0,0,0,0,0,5ed193fb26a0aada0479ea4908db9c57769595e08f914ca88998c125d090c15b,fab216ba1195f5046c8abbed0ce34fb58c9f601d98fb638103ac4b4cac403782,8368d1bd5f5827dbda282425f66d8f84648c61e87dcb47ffe8c210ba2da617a9,65212,0,0,0,0,0,239,9,0,0,0,0,0,76,0,0
1033,3-11-18_16PDC_18,3-11-18_16PDC,2018-11-03,16PDC,18,patches/S2_3-11-18_16PDC/S2_3-11-18_16PDC_18.tif,patches/S2_3-11-18_16PDC/S2_3-11-18_16PDC_18_cl.tif,patches/S2_3-11-18_16PDC/S2_3-11-18_16PDC_18_conf.tif,train,-87.16302934702092,15.80036651002952,EPSG:32616,10.0,10.0,11,float32,,"(1.0, 1.0, 1.0, 1.0, 1.0, 1.0, 1.0, 1.0, 1.0, 1.0, 1.0)","(0.0, 0.0, 0.0, 0.0, 0.0, 0.0, 0.0, 0.0, 0.0, 0.0, 0.0)",481260.0,1745580.0,483820.0,1748140.0,65536,332,65536,332,0,0,0,0,0,0,dc96be1af6bbab3cdfebf8bfde7a199a25860b5bf34f3f3e3614894694de81f1,ada0c90ce09c90278bd75734b2b8037c2e6b6b20917db12528d7fea064661766,e54bb3b4ba647168f45d6c934be1a4817380eeab58aa490da31e56201e81c5ae,65204,0,0,0,0,0,0,332,0,0,0,0,0,0,0,0
1034,3-11-18_16PDC_19,3-11-18_16PDC,2018-11-03,16PDC,19,patches/S2_3-11-18_16PDC/S2_3-11-18_16PDC_19.tif,patches/S2_3-11-18_16PDC/S2_3-11-18_16PDC_19_cl.tif,patches/S2_3-11-18_16PDC/S2_3-11-18_16PDC_19_conf.tif,train,-87.13912590106125,15.800383126524034,EPSG:32616,10.0,10.0,11,float32,,"(1.0, 1.0, 1.0, 1.0, 1.0, 1.0, 1.0, 1.0, 1.0, 1.0, 1.0)","(0.0, 0.0, 0.0, 0.0, 0.0, 0.0, 0.0, 0.0, 0.0, 0.0, 0.0)",483820.0,1745580.0,486380.0,1748140.0,65536,544,65536,544,0,0,0,0,0,0,a55c3f2eda3ec597737d9f16672ea767d708a3ccb035f2edff8219807492dcc1,038c18326a06cc0b370d5403f41a197941b4304e87027b136e737e0bf0a89ae5,d3b3268fd48e160b3479c2ce597eedbf22c5826a92718d5cd9c8c6974fee481c,64992,0,0,0,0,0,0,544,0,0,0,0,0,0,0,0
1035,3-11-18_16PDC_2,3-11-18_16PDC,2018-11-03,16PDC,2,patches/S2_3-11-18_16PDC/S2_3-11-18_16PDC_2.tif,patches/S2_3-11-18_16PDC/S2_3-11-18_16PDC_2_cl.tif,patches/S2_3-11-18_16PDC/S2_3-11-18_16PDC_2_conf.tif,train,-87.56950913922678,15.845967178339507,EPSG:32616,10.0,10.0,11,float32,,"(1.0, 1.0, 1.0, 1.0, 1.0, 1.0, 1.0, 1.0, 1.0, 1.0, 1.0)","(0.0, 0.0, 0.0, 0.0, 0.0, 0.0, 0.0, 0.0, 0.0, 0.0, 0.0)",437740.0,1750700.0,440300.0,1753260.0,65536,24,65536,24,0,0,0,0,0,0,e67f34fbc6658e37b15c4b2a0977f45a03787113865e334b3fdd0d11b1b9e983,6b7118b4fcae4e49f0734e521730da78aba4b1201f4300ac93a35129fe6ddecb,45078c9bc847801b6b9eba5742fa67aa8f26f494bea4cf9a5d062227e45f0593,65512,4,0,0,0,0,0,7,0,5,0,0,0,0,0,8
1036,3-11-18_16PDC_20,3-11-18_16PDC,2018-11-03,16PDC,20,patches/S2_3-11-18_16PDC/S2_3-11-18_16PDC_20.tif,patches/S2_3-11-18_16PDC/S2_3-11-18_16PDC_20_cl.tif,patches/S2_3-11-18_16PDC/S2_3-11-18_16PDC_20_conf.tif,train,-87.06744615844562,15.892992271163758,EPSG:32616,10.0,10.0,11,float32,,"(1.0, 1.0, 1.0, 1.0, 1.0, 1.0, 1.0, 1.0, 1.0, 1.0, 1.0)","(0.0, 0.0, 0.0, 0.0, 0.0, 0.0, 0.0, 0.0, 0.0, 0.0, 0.0)",491500.0,1755820.0,494060.0,1758380.0,65536,23,65536,23,0,0,0,0,0,0,1eea30e25578e2268810c9b14a39d1772a9d91809de22676093ea86126496cf0,441faac923d4a328dc72e482e7dec44735a44ab8c0d0cc513d975c67027d7262,4a22be521ca9e68e43b513fd4390f6c4946ef4e5f01c2365294df7ba6be122f5,65513,0,0,22,0,0,0,1,0,0,0,0,0,0,0,0
1037,3-11-18_16PDC_21,3-11-18_16PDC,2018-11-03,16PDC,21,patches/S2_3-11-18_16PDC/S2_3-11-18_16PDC_21.tif,patches/S2_3-11-18_16PDC/S2_3-11-18_16PDC_21_cl.tif,patches/S2_3-11-18_16PDC/S2_3-11-18_16PDC_21_conf.tif,train,-87.0435317374135,15.892998409006907,EPSG:32616,10.0,10.0,11,float32,,"(1.0, 1.0, 1.0, 1.0, 1.0, 1.0, 1.0, 1.0, 1.0, 1.0, 1.0)","(0.0, 0.0, 0.0, 0.0, 0.0, 0.0, 0.0, 0.0, 0.0, 0.0, 0.0)",494060.0,1755820.0,496620.0,1758380.0,65536,8,65536,8,0,0,0,0,0,0,844888d961023e88c278ebeb2f31ef07ab9ccbccc627d6bc933a7ac5cd0967ec,020b883cbbe8f151c3503efcd96ea214cf1a332aab06339f980d70819a8cca20,b5d812beae2e4376ed5d6c6851026969c59a97a1e556bea0554058f30ecda9f5,65528,0,0,8,0,0,0,0,0,0,0,0,0,0,0,0
1038,3-11-18_16PDC_22,3-11-18_16PDC,2018-11-03,16PDC,22,patches/S2_3-11-18_16PDC/S2_3-11-18_16PDC_22.tif,patches/S2_3-11-18_16PDC/S2_3-11-18_16PDC_22_cl.tif,patches/S2_3-11-18_16PDC/S2_3-11-18_16PDC_22_conf.tif,train,-87.04352180265668,15.846710954195382,EPSG:32616,10.0,10.0,11,float32,,"(1.0, 1.0, 1.0, 1.0, 1.0, 1.0, 1.0, 1.0, 1.0, 1.0, 1.0)","(0.0, 0.0, 0.0, 0.0, 0.0, 0.0, 0.0, 0.0, 0.0, 0.0, 0.0)",494060.0,1750700.0,496620.0,1753260.0,65536,717,65536,717,0,0,0,0,0,0,ea844059f87a4dc48b47c0fb0874169109a6cbfb747eaeaa0898c4247aa37f26,5d78b7aabfafe8788c5409eca8fd97d829d64b674e9b7fd824587d78b5f63a82,f5317304d8e145b6aa2318a0f3107f071817755e4ceb26b4415284bffbb0aec7,64819,0,0,0,0,0,0,717,0,0,0,0,0,0,0,0
1039,3-11-18_16PDC_23,3-11-18_16PDC,2018-11-03,16PDC,23,patches/S2_3-11-18_16PDC/S2_3-11-18_16PDC_23.tif,patches/S2_3-11-18_16PDC/S2_3-11-18_16PDC_23_cl.tif,patches/S2_3-11-18_16PDC/S2_3-11-18_16PDC_23_conf.tif,train,-86.97176247682964,16.078148817239327,EPSG:32616,10.0,10.0,11,float32,,"(1.0, 1.0, 1.0, 1.0, 1.0, 1.0, 1.0, 1.0, 1.0, 1.0, 1.0)","(0.0, 0.0, 0.0, 0.0, 0.0, 0.0, 0.0, 0.0, 0.0, 0.0, 0.0)",501740.0,1776300.0,504300.0,1778860.0,65536,319,65536,319,0,0,0,0,40510,0,2191c3964ffaa506912f56ccb041d64a272b83ff3fff6ff8756ecf302b494b23,7fcffdd68a6d0d75dfbb4fa4fcca35f3dbda83bc13b5eb7607665b9132ad4cd7,5ff77660d8e64173af5b66f73134076a0aa15e396506274d728b5ec83a6cfb2e,65217,0,0,0,0,0,0,0,0,0,0,319,0,0,0,0
1040,3-11-18_16PDC_24,3-11-18_16PDC,2018-11-03,16PDC,24,patches/S2_3-11-18_16PDC/S2_3-11-18_16PDC_24.tif,patches/S2_3-11-18_16PDC/S2_3-11-18_16PDC_24_cl.tif,patches/S2_3-11-18_16PDC/S2_3-11-18_16PDC_24_conf.tif,train,-86.97178521598153,15.916144608061602,EPSG:32616,10.0,10.0,11,float32,,"(1.0, 1.0, 1.0, 1.0, 1.0, 1.0, 1.0, 1.0, 1.0, 1.0, 1.0)","(0.0, 0.0, 0.0, 0.0, 0.0, 0.0, 0.0, 0.0, 0.0, 0.0, 0.0)",501740.0,1758380.0,504300.0,1760940.0,65536,8,65536,8,0,0,0,0,0,0,057f45167d36ba17619881dcec62da8ba211bc341394733c57bd6c7010b8288e,fc5c3b784b7bc01dbb4cd9445ce785f080b7b9920740cb6d6ab56845f6e7b291,996f47b04a8cf4f714f0b0e456be94b1545599341a2cb9e5e65951d54fe928f6,65528,0,0,8,0,0,0,0,0,0,0,0,0,0,0,0
1041,3-11-18_16PDC_25,3-11-18_16PDC,2018-11-03,16PDC,25,patches/S2_3-11-18_16PDC/S2_3-11-18_16PDC_25.tif,patches/S2_3-11-18_16PDC/S2_3-11-18_16PDC_25_cl.tif,patches/S2_3-11-18_16PDC/S2_3-11-18_16PDC_25_conf.tif,train,-86.94782603886621,16.078144319555005,EPSG:32616,10.0,10.0,11,float32,,"(1.0, 1.0, 1.0, 1.0, 1.0, 1.0, 1.0, 1.0, 1.0, 1.0, 1.0)","(0.0, 0.0, 0.0, 0.0, 0.0, 0.0, 0.0, 0.0, 0.0, 0.0, 0.0)",504300.0,1776300.0,506860.0,1778860.0,65536,158,65536,158,0,0,0,0,2948,0,172a1c938211e036f23814ef4ac9b382f10b97c45d0af2703d272daeb399f705,447b974e0e903180eddd8f8dea099ac643f5c753bf707039b9e6b4105f54600b,c2fb9b83bccb5eabb90bb13420c63ec8e5f3a5265084c17eec1d937ba3dcf4b6,65378,0,0,0,0,9,0,36,0,0,0,0,0,0,113,0
1042,3-11-18_16PDC_26,3-11-18_16PDC,2018-11-03,16PDC,26,patches/S2_3-11-18_16PDC/S2_3-11-18_16PDC_26.tif,patches/S2_3-11-18_16PDC/S2_3-11-18_16PDC_26_cl.tif,patches/S2_3-11-18_16PDC/S2_3-11-18_16PDC_26_conf.tif,train,-86.94786805356974,15.916140158037615,EPSG:32616,10.0,10.0,11,float32,,"(1.0, 1.0, 1.0, 1.0, 1.0, 1.0, 1.0, 1.0, 1.0, 1.0, 1.0)","(0.0, 0.0, 0.0, 0.0, 0.0, 0.0, 0.0, 0.0, 0.0, 0.0, 0.0)",504300.0,1758380.0,506860.0,1760940.0,65536,12,65536,12,0,0,0,0,0,0,101e2cfbc000b4587fe46b9fb866e7723d3f403289d018dca8b9d87d9b9ea425,b6fc9d6d7089ec4e9b435103d435d4743a988e7e230b5263cccc80e1e87c4484,ab2cfab3fe1a73fbd128db5b3500c6daba73160f2116d74c6d27794efa920362,65524,0,12,0,0,0,0,0,0,0,0,0,0,0,0,0
1043,3-11-18_16PDC_27,3-11-18_16PDC,2018-11-03,16PDC,27,patches/S2_3-11-18_16PDC/S2_3-11-18_16PDC_27.tif,patches/S2_3-11-18_16PDC/S2_3-11-18_16PDC_27_cl.tif,patches/S2_3-11-18_16PDC/S2_3-11-18_16PDC_27_conf.tif,train,-86.94787996931555,15.86985280793108,EPSG:32616,10.0,10.0,11,float32,,"(1.0, 1.0, 1.0, 1.0, 1.0, 1.0, 1.0, 1.0, 1.0, 1.0, 1.0)","(0.0, 0.0, 0.0, 0.0, 0.0, 0.0, 0.0, 0.0, 0.0, 0.0, 0.0)",504300.0,1753260.0,506860.0,1755820.0,65536,47,65536,47,0,0,0,0,0,0,90e913abeeed936a60e9540527fd1746a73f554b642832738f0cac2dc6893519,17f0ee63054f1ca88252ba322cbb43d7aa8cbd3de2d34334bd9c2839299c5ca4,626f4cef208c48f27824a636e2906aed23f92a5df89d538ad175bbb32b5dcb19,65489,0,0,44,0,0,0,3,0,0,0,0,0,0,0,0
1044,3-11-18_16PDC_28,3-11-18_16PDC,2018-11-03,16PDC,28,patches/S2_3-11-18_16PDC/S2_3-11-18_16PDC_28.tif,patches/S2_3-11-18_16PDC/S2_3-11-18_16PDC_28_cl.tif,patches/S2_3-11-18_16PDC/S2_3-11-18_16PDC_28_conf.tif,train,-86.94790368314155,15.777277515308883,EPSG:32616,10.0,10.0,11,float32,,"(1.0, 1.0, 1.0, 1.0, 1.0, 1.0, 1.0, 1.0, 1.0, 1.0, 1.0)","(0.0, 0.0, 0.0, 0.0, 0.0, 0.0, 0.0, 0.0, 0.0, 0.0, 0.0)",504300.0,1743020.0,506860.0,1745580.0,65536,1249,65536,1249,0,0,0,0,0,0,026704a8dc994d3c503cc9e53485f2f587c5795465d1a9b1e85af70fff3d55f4,b9d45f54b8fdba043abf8bd64efa0050cc8e9c4862fc17b4975b647ad1595540,3619249324b5ce4efcef910bd41e836eedf88b7d010cf6a89691646775429f77,64287,0,0,0,0,0,0,1249,0,0,0,0,0,0,0,0
1045,3-11-18_16PDC_3,3-11-18_16PDC,2018-11-03,16PDC,3,patches/S2_3-11-18_16PDC/S2_3-11-18_16PDC_3.tif,patches/S2_3-11-18_16PDC/S2_3-11-18_16PDC_3_cl.tif,patches/S2_3-11-18_16PDC/S2_3-11-18_16PDC_3_conf.tif,train,-87.54560138676487,15.846028673271686,EPSG:32616,10.0,10.0,11,float32,,"(1.0, 1.0, 1.0, 1.0, 1.0, 1.0, 1.0, 1.0, 1.0, 1.0, 1.0)","(0.0, 0.0, 0.0, 0.0, 0.0, 0.0, 0.0, 0.0, 0.0, 0.0, 0.0)",440300.0,1750700.0,442860.0,1753260.0,65536,1,65536,1,0,0,0,0,0,0,20a3b42377abedb8f95c95f28a5c128d425161e8148330805a9fe439bb59a1bd,2710c4483d1be62e72675b6a090fe2d562cf35e2f3f4ddb87a42f02070c59b11,ea7be0b2fe04e7d7ead6c6f3d2d384815fe045065b0357b181979eaea549a895,65535,0,0,0,0,0,0,0,0,0,0,0,0,0,0,1
1046,3-11-18_16PDC_4,3-11-18_16PDC,2018-11-03,16PDC,4,patches/S2_3-11-18_16PDC/S2_3-11-18_16PDC_4.tif,patches/S2_3-11-18_16PDC/S2_3-11-18_16PDC_4_cl.tif,patches/S2_3-11-18_16PDC/S2_3-11-18_16PDC_4_conf.tif,train,-87.42601266827478,15.823153432569006,EPSG:32616,10.0,10.0,11,float32,,"(1.0, 1.0, 1.0, 1.0, 1.0, 1.0, 1.0, 1.0, 1.0, 1.0, 1.0)","(0.0, 0.0, 0.0, 0.0, 0.0, 0.0, 0.0, 0.0, 0.0, 0.0, 0.0)",453100.0,1748140.0,455660.0,1750700.0,65536,16,65536,16,0,0,0,0,0,0,02281767955d53fd7e075b05086f33603f30dd085a31f900850c34522efc3b45,718aa8013169c457af50b1419720923164a295d75f9a4dfbbc73e52514e9022d,1e315bca115de6db1d3741d8839f69d91db83d2523aa29ddad4ea70f0a19ea6b,65520,5,0,0,2,0,0,2,0,0,0,0,0,0,0,7
1047,3-11-18_16PDC_5,3-11-18_16PDC,2018-11-03,16PDC,5,patches/S2_3-11-18_16PDC/S2_3-11-18_16PDC_5.tif,patches/S2_3-11-18_16PDC/S2_3-11-18_16PDC_5_cl.tif,patches/S2_3-11-18_16PDC/S2_3-11-18_16PDC_5_conf.tif,train,-87.40242917356235,15.985200645547286,EPSG:32616,10.0,10.0,11,float32,,"(1.0, 1.0, 1.0, 1.0, 1.0, 1.0, 1.0, 1.0, 1.0, 1.0, 1.0)","(0.0, 0.0, 0.0, 0.0, 0.0, 0.0, 0.0, 0.0, 0.0, 0.0, 0.0)",455660.0,1766060.0,458220.0,1768620.0,65536,286,65536,286,0,0,0,0,0,0,522b184036dde2e3ac65f99969a7b45811f04bb1b3b2d6391f648932c749be14,42775b432858cbf2ab66c9ff960b3355af0853b7add7b0ad78cbc7168b1cdbf4,9d793c49070cc95af9859cf98d6f331685abde80780b706f1f10b984986ba6b9,65250,0,0,0,0,0,0,286,0,0,0,0,0,0,0,0
1048,3-11-18_16PDC_6,3-11-18_16PDC,2018-11-03,16PDC,6,patches/S2_3-11-18_16PDC/S2_3-11-18_16PDC_6.tif,patches/S2_3-11-18_16PDC/S2_3-11-18_16PDC_6_cl.tif,patches/S2_3-11-18_16PDC/S2_3-11-18_16PDC_6_conf.tif,train,-87.40215287412332,15.846342272805279,EPSG:32616,10.0,10.0,11,float32,,"(1.0, 1.0, 1.0, 1.0, 1.0, 1.0, 1.0, 1.0, 1.0, 1.0, 1.0)","(0.0, 0.0, 0.0, 0.0, 0.0, 0.0, 0.0, 0.0, 0.0, 0.0, 0.0)",455660.0,1750700.0,458220.0,1753260.0,65536,5,65536,5,0,0,0,0,0,0,00215f4649b7a010af61e7a8de16acbe0fac83255c15d99cbe6fd8b92a01f917,dd4a03b0a2e7b25c6707696a62542489a21eb3cdada6bc515eee5992ea53621c,11664445cdb36de98d425758af8e5bec931fe2c2d539c20068d6ac82fad6a684,65531,3,0,0,0,0,0,2,0,0,0,0,0,0,0,0
1049,3-11-18_16PDC_7,3-11-18_16PDC,2018-11-03,16PDC,7,patches/S2_3-11-18_16PDC/S2_3-11-18_16PDC_7.tif,patches/S2_3-11-18_16PDC/S2_3-11-18_16PDC_7_cl.tif,patches/S2_3-11-18_16PDC/S2_3-11-18_16PDC_7_conf.tif,train,-87.40210708922935,15.823199037161428,EPSG:32616,10.0,10.0,11,float32,,"(1.0, 1.0, 1.0, 1.0, 1.0, 1.0, 1.0, 1.0, 1.0, 1.0, 1.0)","(0.0, 0.0, 0.0, 0.0, 0.0, 0.0, 0.0, 0.0, 0.0, 0.0, 0.0)",455660.0,1748140.0,458220.0,1750700.0,65536,18,65536,18,0,0,0,0,0,0,b740281f3fe4f206c7343e45f3afc5e635c5126323747c6bcd6ebabea38ff2f1,7e60d323094c456b620845420e9d41fca9da0fd910af048c9ae4a90a9a102e14,19f9ff3450867823ad71489adad09dfc956dbcdd915d148d7beb05da5579bbb7,65518,7,0,0,1,0,0,6,0,0,0,0,0,0,0,4
1050,3-11-18_16PDC_8,3-11-18_16PDC,2018-11-03,16PDC,8,patches/S2_3-11-18_16PDC/S2_3-11-18_16PDC_8.tif,patches/S2_3-11-18_16PDC/S2_3-11-18_16PDC_8_cl.tif,patches/S2_3-11-18_16PDC/S2_3-11-18_16PDC_8_conf.tif,train,-87.37824449767528,15.846385310638816,EPSG:32616,10.0,10.0,11,float32,,"(1.0, 1.0, 1.0, 1.0, 1.0, 1.0, 1.0, 1.0, 1.0, 1.0, 1.0)","(0.0, 0.0, 0.0, 0.0, 0.0, 0.0, 0.0, 0.0, 0.0, 0.0, 0.0)",458220.0,1750700.0,460780.0,1753260.0,65536,21,65536,21,0,0,0,0,0,0,d1693fa452c05447d3646f5fe76cf27e4c6d616b6d574aabf4585af8f3898600,afc7709d2cdcfe1c38375830f14e46e10c38714dca0cfa8976023a7293116709,e963ad03fc28431e42d128c41b00f4cd8f3419b8b2bd80c35c58dc8f1e6f1194,65515,0,0,0,0,0,0,6,0,15,0,0,0,0,0,0
1051,3-11-18_16PDC_9,3-11-18_16PDC,2018-11-03,16PDC,9,patches/S2_3-11-18_16PDC/S2_3-11-18_16PDC_9.tif,patches/S2_3-11-18_16PDC/S2_3-11-18_16PDC_9_cl.tif,patches/S2_3-11-18_16PDC/S2_3-11-18_16PDC_9_conf.tif,train,-87.37820143457431,15.82324200894528,EPSG:32616,10.0,10.0,11,float32,,"(1.0, 1.0, 1.0, 1.0, 1.0, 1.0, 1.0, 1.0, 1.0, 1.0, 1.0)","(0.0, 0.0, 0.0, 0.0, 0.0, 0.0, 0.0, 0.0, 0.0, 0.0, 0.0)",458220.0,1748140.0,460780.0,1750700.0,65536,20,65536,20,0,0,0,0,0,0,2871aa90974485c0b0e141f16986e2ff2965df7147ebdfdefa6fe4c2bfbdb08a,cc4f127fa40b2622bc6d2ec821772169f944efe070d42358801638aa354d1e31,ffd9be2a5c245520b65e67fc1af189d6f82fa873e1d14ac57a6baf52bab1eca6,65516,4,0,0,0,0,0,3,0,0,4,0,0,0,0,9
1052,30-8-17_16PCC_0,30-8-17_16PCC,2017-08-30,16PCC,0,patches/S2_30-8-17_16PCC/S2_30-8-17_16PCC_0.tif,patches/S2_30-8-17_16PCC/S2_30-8-17_16PCC_0_cl.tif,patches/S2_30-8-17_16PCC/S2_30-8-17_16PCC_0_conf.tif,train,-88.40685271282416,15.83130413887395,EPSG:32616,10.0,10.0,11,float32,,"(1.0, 1.0, 1.0, 1.0, 1.0, 1.0, 1.0, 1.0, 1.0, 1.0, 1.0)","(0.0, 0.0, 0.0, 0.0, 0.0, 0.0, 0.0, 0.0, 0.0, 0.0, 0.0)",348060.0,1749500.0,350620.0,1752060.0,65536,47,65536,47,0,0,0,0,0,0,6879985ed02bc4e9a04aa8502755b38aad5f46263c6dc70366a76d8eb3e7180c,3f2077f5d12b00528158cdcf0bae81d63fdd38635104a0ee0f224b8ca452dee3,cc1b43e712db229c87252566669a359ca17467ce0291b0db5503746b5331e3ec,65489,0,0,0,0,0,0,0,0,47,0,0,0,0,0,0
1053,30-8-17_16PCC_1,30-8-17_16PCC,2017-08-30,16PCC,1,patches/S2_30-8-17_16PCC/S2_30-8-17_16PCC_1.tif,patches/S2_30-8-17_16PCC/S2_30-8-17_16PCC_1_cl.tif,patches/S2_30-8-17_16PCC/S2_30-8-17_16PCC_1_conf.tif,train,-88.35905236122115,15.83160890455322,EPSG:32616,10.0,10.0,11,float32,,"(1.0, 1.0, 1.0, 1.0, 1.0, 1.0, 1.0, 1.0, 1.0, 1.0, 1.0)","(0.0, 0.0, 0.0, 0.0, 0.0, 0.0, 0.0, 0.0, 0.0, 0.0, 0.0)",353180.0,1749500.0,355740.0,1752060.0,65536,102,65536,102,0,0,0,0,0,0,9786fc8918dad7fc222d2808b7551712195f2fa4f2e0cc59c88a51544e6ca084,6d8795d5c985407533d490f03f10e32c49e9445a008c4b6ea80059126d57e6bf,6b756987cea02e1798282f25bd9b99e115998807be960a7ea3347f11083ce659,65434,0,0,0,0,0,0,57,0,0,0,0,45,0,0,0
1054,30-8-17_16PCC_10,30-8-17_16PCC,2017-08-30,16PCC,10,patches/S2_30-8-17_16PCC/S2_30-8-17_16PCC_10.tif,patches/S2_30-8-17_16PCC/S2_30-8-17_16PCC_10_cl.tif,patches/S2_30-8-17_16PCC/S2_30-8-17_16PCC_10_conf.tif,train,-88.23912484610467,15.762909434206568,EPSG:32616,10.0,10.0,11,float32,,"(1.0, 1.0, 1.0, 1.0, 1.0, 1.0, 1.0, 1.0, 1.0, 1.0, 1.0)","(0.0, 0.0, 0.0, 0.0, 0.0, 0.0, 0.0, 0.0, 0.0, 0.0, 0.0)",365980.0,1741820.0,368540.0,1744380.0,65536,1904,65536,1904,0,0,0,0,0,0,80a5a8153cc5260a7d04e0ba5389f7f09dc8223eb53021c37eae23d806b36022,02b0f61d3849a2acf2ecbc9c846ddff284e96aa14d599b1e87a8cd9a779f59b8,0047bde9f0e5d11ca1466cdc92f3465146f8fcaf854c464f462b29e6fa9718de,63632,0,0,0,0,0,0,0,0,0,1904,0,0,0,0,0
1055,30-8-17_16PCC_11,30-8-17_16PCC,2017-08-30,16PCC,11,patches/S2_30-8-17_16PCC/S2_30-8-17_16PCC_11.tif,patches/S2_30-8-17_16PCC/S2_30-8-17_16PCC_11_cl.tif,patches/S2_30-8-17_16PCC/S2_30-8-17_16PCC_11_conf.tif,train,-88.23884451406869,15.716632297202516,EPSG:32616,10.0,10.0,11,float32,,"(1.0, 1.0, 1.0, 1.0, 1.0, 1.0, 1.0, 1.0, 1.0, 1.0, 1.0)","(0.0, 0.0, 0.0, 0.0, 0.0, 0.0, 0.0, 0.0, 0.0, 0.0, 0.0)",365980.0,1736700.0,368540.0,1739260.0,65536,118,65536,118,0,0,0,0,0,0,10ee39f8d9081cf9f0a2b485955a82f4e3144a87927fac4146c5b90a612c380c,b9cc3dc081cac4302c7a49ab7a7d921dbaecdf90f0f3dbfa05cec4320e9d80ee,8cebf5b7aa32ad34d79081e0d199cce23ded616d604a75adbe691c0ab0fcced6,65418,0,0,0,0,0,0,0,0,0,118,0,0,0,0,0
1056,30-8-17_16PCC_12,30-8-17_16PCC,2017-08-30,16PCC,12,patches/S2_30-8-17_16PCC/S2_30-8-17_16PCC_12.tif,patches/S2_30-8-17_16PCC/S2_30-8-17_16PCC_12_cl.tif,patches/S2_30-8-17_16PCC/S2_30-8-17_16PCC_12_conf.tif,train,-88.2156453181016,15.832460037413892,EPSG:32616,10.0,10.0,11,float32,,"(1.0, 1.0, 1.0, 1.0, 1.0, 1.0, 1.0, 1.0, 1.0, 1.0, 1.0)","(0.0, 0.0, 0.0, 0.0, 0.0, 0.0, 0.0, 0.0, 0.0, 0.0, 0.0)",368540.0,1749500.0,371100.0,1752060.0,65536,108,65536,108,0,0,0,0,0,0,5300c9b23d08e5d462eaf11e85b692c347cc7e47b823cc1f059117614384bdbb,5be953db467adfcf72770899581aeea6dbaf647da6eb36d2657b00b0280de3e6,d4bdbfcb5d5fec1b3214220a848c20ebbcbf09ff17d7a3db94f5293466116ad7,65428,0,0,0,0,0,0,108,0,0,0,0,0,0,0,0
1057,30-8-17_16PCC_13,30-8-17_16PCC,2017-08-30,16PCC,13,patches/S2_30-8-17_16PCC/S2_30-8-17_16PCC_13.tif,patches/S2_30-8-17_16PCC/S2_30-8-17_16PCC_13_cl.tif,patches/S2_30-8-17_16PCC/S2_30-8-17_16PCC_13_conf.tif,train,-88.21550705423942,15.809321437423968,EPSG:32616,10.0,10.0,11,float32,,"(1.0, 1.0, 1.0, 1.0, 1.0, 1.0, 1.0, 1.0, 1.0, 1.0, 1.0)","(0.0, 0.0, 0.0, 0.0, 0.0, 0.0, 0.0, 0.0, 0.0, 0.0, 0.0)",368540.0,1746940.0,371100.0,1749500.0,65536,6,65536,6,0,0,0,0,0,0,d3f6ea16ad1b898b78990413a7a6f323ebb3909653e5bb059a07180d5f546e13,79ecacaf8bfe3a2f5bd121f16244d8f07ce189e9bc033a173248e18e017fcdd6,11fe4a199508e6d66b3c0801cb05756cbe7ab93c1a4711f512d0a5d7e5f69673,65530,3,0,0,0,0,0,3,0,0,0,0,0,0,0,0
1058,30-8-17_16PCC_14,30-8-17_16PCC,2017-08-30,16PCC,14,patches/S2_30-8-17_16PCC/S2_30-8-17_16PCC_14.tif,patches/S2_30-8-17_16PCC/S2_30-8-17_16PCC_14_cl.tif,patches/S2_30-8-17_16PCC/S2_30-8-17_16PCC_14_conf.tif,train,-88.19174331809661,15.832592680184671,EPSG:32616,10.0,10.0,11,float32,,"(1.0, 1.0, 1.0, 1.0, 1.0, 1.0, 1.0, 1.0, 1.0, 1.0, 1.0)","(0.0, 0.0, 0.0, 0.0, 0.0, 0.0, 0.0, 0.0, 0.0, 0.0, 0.0)",371100.0,1749500.0,373660.0,1752060.0,65536,28,65536,28,0,0,0,0,0,0,bad93bf10f05c4fd16f2d6654c405d4a0477800abd9225c25aeb07969a221bf3,93af384c7627dc9bd470c1498c16b225e0399c8d9a61b3c6dc42d2149370ad6e,462640a66a344d59c5b6a0a5cc9d2bff60369fe1ffd3242178ab1104da413c9e,65508,0,0,0,0,0,0,28,0,0,0,0,0,0,0,0
1059,30-8-17_16PCC_15,30-8-17_16PCC,2017-08-30,16PCC,15,patches/S2_30-8-17_16PCC/S2_30-8-17_16PCC_15.tif,patches/S2_30-8-17_16PCC/S2_30-8-17_16PCC_15_cl.tif,patches/S2_30-8-17_16PCC/S2_30-8-17_16PCC_15_conf.tif,train,-88.19160777119268,15.80945387650955,EPSG:32616,10.0,10.0,11,float32,,"(1.0, 1.0, 1.0, 1.0, 1.0, 1.0, 1.0, 1.0, 1.0, 1.0, 1.0)","(0.0, 0.0, 0.0, 0.0, 0.0, 0.0, 0.0, 0.0, 0.0, 0.0, 0.0)",371100.0,1746940.0,373660.0,1749500.0,65536,8,65536,8,0,0,0,0,0,0,df7485b10be65d29fd7b6983a04286bfe30ce2268047e660d6589eb5a7b69b65,0026037cb9ae4157db42f0f9754ced38296b5e4df12e5ae83e2e7e390c8a2f6e,4635b902bf811673dfbbe2f55378a50b44e8c9d56f593d70376a372ef10ca1c9,65528,4,0,0,0,0,0,3,0,1,0,0,0,0,0,0
1060,30-8-17_16PCC_16,30-8-17_16PCC,2017-08-30,16PCC,16,patches/S2_30-8-17_16PCC/S2_30-8-17_16PCC_16.tif,patches/S2_30-8-17_16PCC/S2_30-8-17_16PCC_16_cl.tif,patches/S2_30-8-17_16PCC/S2_30-8-17_16PCC_16_conf.tif,train,-88.1914724482377,15.786315022484713,EPSG:32616,10.0,10.0,11,float32,,"(1.0, 1.0, 1.0, 1.0, 1.0, 1.0, 1.0, 1.0, 1.0, 1.0, 1.0)","(0.0, 0.0, 0.0, 0.0, 0.0, 0.0, 0.0, 0.0, 0.0, 0.0, 0.0)",371100.0,1744380.0,373660.0,1746940.0,65536,30,65536,30,0,0,0,0,0,0,7e0b49e3eea3c2ace8411cf2123b3ab9ffeccaffa3708bae877f2cefefb462d3,c1643e9427c4149fe5237a76a152d75046bba158a5a048e08da84766a93623a5,e51eaedd5dceea36337ad78ab29a209ed02b0991df3c42627c1dac9b38bc806a,65506,0,0,0,0,4,0,0,0,0,0,0,0,0,26,0
1061,30-8-17_16PCC_17,30-8-17_16PCC,2017-08-30,16PCC,17,patches/S2_30-8-17_16PCC/S2_30-8-17_16PCC_17.tif,patches/S2_30-8-17_16PCC/S2_30-8-17_16PCC_17_cl.tif,patches/S2_30-8-17_16PCC/S2_30-8-17_16PCC_17_conf.tif,train,-88.19133734911213,15.763176118176592,EPSG:32616,10.0,10.0,11,float32,,"(1.0, 1.0, 1.0, 1.0, 1.0, 1.0, 1.0, 1.0, 1.0, 1.0, 1.0)","(0.0, 0.0, 0.0, 0.0, 0.0, 0.0, 0.0, 0.0, 0.0, 0.0, 0.0)",371100.0,1741820.0,373660.0,1744380.0,65536,20,65536,20,0,0,0,0,0,0,9dba9939a7ab10a495588dd09df6c1bd246829d56b4a0c91797f9694ac6aa52b,6bb2c08a2d7fbb7ce4e17e73f16e60657fedaed01cf85ece4cdc98a7486e1a16,39a0d3922f934dd12f969ed86624ca6066a75f887952b1bedc2f5cc83b9cba41,65516,0,0,0,0,0,0,0,0,0,20,0,0,0,0,0
1062,30-8-17_16PCC_18,30-8-17_16PCC,2017-08-30,16PCC,18,patches/S2_30-8-17_16PCC/S2_30-8-17_16PCC_18.tif,patches/S2_30-8-17_16PCC/S2_30-8-17_16PCC_18_cl.tif,patches/S2_30-8-17_16PCC/S2_30-8-17_16PCC_18_conf.tif,train,-88.16784109402289,15.832722690447655,EPSG:32616,10.0,10.0,11,float32,,"(1.0, 1.0, 1.0, 1.0, 1.0, 1.0, 1.0, 1.0, 1.0, 1.0, 1.0)","(0.0, 0.0, 0.0, 0.0, 0.0, 0.0, 0.0, 0.0, 0.0, 0.0, 0.0)",373660.0,1749500.0,376220.0,1752060.0,65536,52,65536,52,0,0,0,0,0,0,6c9818f5d2c53456fd11411af92f8c4f2fd5ef06778562172e657b5c18d86140,5112b32923e140a31587f8edbffbfa2fa252c9ff0033144ed353ebb2086229f9,b5fb4af7f571a9ed8d8c9c42df3d38c0d29f9cbbfbce407a6b29e2be205a8b13,65484,0,0,0,0,0,0,52,0,0,0,0,0,0,0,0
1063,30-8-17_16PCC_19,30-8-17_16PCC,2017-08-30,16PCC,19,patches/S2_30-8-17_16PCC/S2_30-8-17_16PCC_19.tif,patches/S2_30-8-17_16PCC/S2_30-8-17_16PCC_19_cl.tif,patches/S2_30-8-17_16PCC/S2_30-8-17_16PCC_19_conf.tif,train,-88.16731109101289,15.74016637560449,EPSG:32616,10.0,10.0,11,float32,,"(1.0, 1.0, 1.0, 1.0, 1.0, 1.0, 1.0, 1.0, 1.0, 1.0, 1.0)","(0.0, 0.0, 0.0, 0.0, 0.0, 0.0, 0.0, 0.0, 0.0, 0.0, 0.0)",373660.0,1739260.0,376220.0,1741820.0,65536,2,65536,2,0,0,0,0,0,0,4ba4cfcb3c0255c631655dd109eaae5ba281a4bf19d2ebe7f053bcfedce21806,c4d8b1f8c4322826c21ec67208f44a9773c58d2635e96a8516e79451f302da87,539fb4bdd48aa194365935322820bcae948ba749b5908303c5e112a5b8a8e2bf,65534,1,0,0,0,0,0,1,0,0,0,0,0,0,0,0
1064,30-8-17_16PCC_2,30-8-17_16PCC,2017-08-30,16PCC,2,patches/S2_30-8-17_16PCC/S2_30-8-17_16PCC_2.tif,patches/S2_30-8-17_16PCC/S2_30-8-17_16PCC_2_cl.tif,patches/S2_30-8-17_16PCC/S2_30-8-17_16PCC_2_conf.tif,train,-88.3351517999265,15.83175733994094,EPSG:32616,10.0,10.0,11,float32,,"(1.0, 1.0, 1.0, 1.0, 1.0, 1.0, 1.0, 1.0, 1.0, 1.0, 1.0)","(0.0, 0.0, 0.0, 0.0, 0.0, 0.0, 0.0, 0.0, 0.0, 0.0, 0.0)",355740.0,1749500.0,358300.0,1752060.0,65536,13,65536,13,0,0,0,0,0,0,7e1689dba91f73dcf19181a506c3045be5b107070f77abb5e53c4829560468f5,f01233608dd79c662e0601c39629c8269d674af1f2d168feaacd39463aa327bf,69206ff5bb4883ebe5e27f6a74f59d382b7f60913e7115656453624954f0b024,65523,0,0,0,0,0,13,0,0,0,0,0,0,0,0,0
1065,30-8-17_16PCC_20,30-8-17_16PCC,2017-08-30,16PCC,20,patches/S2_30-8-17_16PCC/S2_30-8-17_16PCC_20.tif,patches/S2_30-8-17_16PCC/S2_30-8-17_16PCC_20_cl.tif,patches/S2_30-8-17_16PCC/S2_30-8-17_16PCC_20_conf.tif,train,-88.14367864008197,15.786571619992399,EPSG:32616,10.0,10.0,11,float32,,"(1.0, 1.0, 1.0, 1.0, 1.0, 1.0, 1.0, 1.0, 1.0, 1.0, 1.0)","(0.0, 0.0, 0.0, 0.0, 0.0, 0.0, 0.0, 0.0, 0.0, 0.0, 0.0)",376220.0,1744380.0,378780.0,1746940.0,65536,20,65536,20,0,0,0,0,0,0,9380b3a07af705d78b32a764ee2ee9b4352c7a39201bac86ad3746da89c7ba90,bc6eb8f79ac93fff4291c1eb1ced03298f009336baa610c2af8fa6fb4445604a,98833f8ba986ead43b74f4b33ea856d2da7be0802dae49d09780e01dce4389c1,65516,0,0,0,0,0,0,0,0,0,20,0,0,0,0,0
1066,30-8-17_16PCC_21,30-8-17_16PCC,2017-08-30,16PCC,21,patches/S2_30-8-17_16PCC/S2_30-8-17_16PCC_21.tif,patches/S2_30-8-17_16PCC/S2_30-8-17_16PCC_21_cl.tif,patches/S2_30-8-17_16PCC/S2_30-8-17_16PCC_21_conf.tif,train,-88.14354895727978,15.763432320613513,EPSG:32616,10.0,10.0,11,float32,,"(1.0, 1.0, 1.0, 1.0, 1.0, 1.0, 1.0, 1.0, 1.0, 1.0, 1.0)","(0.0, 0.0, 0.0, 0.0, 0.0, 0.0, 0.0, 0.0, 0.0, 0.0, 0.0)",376220.0,1741820.0,378780.0,1744380.0,65536,347,65536,347,0,0,0,0,0,0,b0a09a2eea868fd90627d9a6337d796f0d56d74311c05b1a1d483fe5d7f42f99,35124e0909f00d277b10ff7ef233ddd32abe75fdfe8ee135edc92d859fbf4864,3a36bd08c0076190c41cd09bb728078834833f4da4f1fa687e8e815406952515,65189,0,0,0,0,0,0,0,0,0,347,0,0,0,0,0
1067,30-8-17_16PCC_22,30-8-17_16PCC,2017-08-30,16PCC,22,patches/S2_30-8-17_16PCC/S2_30-8-17_16PCC_22.tif,patches/S2_30-8-17_16PCC/S2_30-8-17_16PCC_22_cl.tif,patches/S2_30-8-17_16PCC/S2_30-8-17_16PCC_22_conf.tif,train,-88.14341948921974,15.740292971104006,EPSG:32616,10.0,10.0,11,float32,,"(1.0, 1.0, 1.0, 1.0, 1.0, 1.0, 1.0, 1.0, 1.0, 1.0, 1.0)","(0.0, 0.0, 0.0, 0.0, 0.0, 0.0, 0.0, 0.0, 0.0, 0.0, 0.0)",376220.0,1739260.0,378780.0,1741820.0,65536,3,65536,3,0,0,0,0,0,0,428ebcaad56fc24c5f0b21695d7340a9cb706103921abd8547ebb4f90471beb0,8791b544ae20a9ee7f9e21be680899d90a311f29c5d8675611d22a797f4bbadf,a9bb1bee4a0aec479c665880a90d0b0015fd3efa549b3e96fc1184e1224b6216,65533,0,0,0,0,0,0,0,0,0,3,0,0,0,0,0
1068,30-8-17_16PCC_3,30-8-17_16PCC,2017-08-30,16PCC,3,patches/S2_30-8-17_16PCC/S2_30-8-17_16PCC_3.tif,patches/S2_30-8-17_16PCC/S2_30-8-17_16PCC_3_cl.tif,patches/S2_30-8-17_16PCC/S2_30-8-17_16PCC_3_conf.tif,train,-88.3112509876221,15.831903143526207,EPSG:32616,10.0,10.0,11,float32,,"(1.0, 1.0, 1.0, 1.0, 1.0, 1.0, 1.0, 1.0, 1.0, 1.0, 1.0)","(0.0, 0.0, 0.0, 0.0, 0.0, 0.0, 0.0, 0.0, 0.0, 0.0, 0.0)",358300.0,1749500.0,360860.0,1752060.0,65536,549,65536,549,0,0,0,0,0,0,885ea87760b146be578e252e66bdb904de7bbf8f982ef55b41e38afff599f21e,dcb8f14dfa198516f3a8da4cdf48f23e55a4dfec8d86c45c1e1ea399e3dd54f2,ef4e2ceb238c37b92c997166a269c64c2ac455b23a5fa9f2908f14dca457e209,64987,0,0,0,0,0,521,28,0,0,0,0,0,0,0,0
1069,30-8-17_16PCC_4,30-8-17_16PCC,2017-08-30,16PCC,4,patches/S2_30-8-17_16PCC/S2_30-8-17_16PCC_4.tif,patches/S2_30-8-17_16PCC/S2_30-8-17_16PCC_4_cl.tif,patches/S2_30-8-17_16PCC/S2_30-8-17_16PCC_4_conf.tif,train,-88.28705734271061,15.785770335286669,EPSG:32616,10.0,10.0,11,float32,,"(1.0, 1.0, 1.0, 1.0, 1.0, 1.0, 1.0, 1.0, 1.0, 1.0, 1.0)","(0.0, 0.0, 0.0, 0.0, 0.0, 0.0, 0.0, 0.0, 0.0, 0.0, 0.0)",360860.0,1744380.0,363420.0,1746940.0,65536,44,65536,44,0,0,0,0,0,0,9dc72635dace1abcc794dd9344efaadf009bf0eb56aae6569858da9a29c9a0a3,14446b3f7b35105971754c5bea1c503ed198b7ef2cfa94bffc5c263ac0b220c0,50f648dd1b050d6e7ab8b4e1fed31b53a766e134bf4c39dc03ce0760768329e0,65492,0,0,0,0,0,0,43,0,1,0,0,0,0,0,0
1070,30-8-17_16PCC_5,30-8-17_16PCC,2017-08-30,16PCC,5,patches/S2_30-8-17_16PCC/S2_30-8-17_16PCC_5.tif,patches/S2_30-8-17_16PCC/S2_30-8-17_16PCC_5_cl.tif,patches/S2_30-8-17_16PCC/S2_30-8-17_16PCC_5_conf.tif,train,-88.26316147053672,15.785910443325786,EPSG:32616,10.0,10.0,11,float32,,"(1.0, 1.0, 1.0, 1.0, 1.0, 1.0, 1.0, 1.0, 1.0, 1.0, 1.0)","(0.0, 0.0, 0.0, 0.0, 0.0, 0.0, 0.0, 0.0, 0.0, 0.0, 0.0)",363420.0,1744380.0,365980.0,1746940.0,65536,78,65536,78,0,0,0,0,0,0,09c2a6b6e5673c3405be8fea523d6b814e5fd2744bfe96830479a2c4556b5d9f,0f2a70b738c68ebb6150eb96ea6d39f74319d6b7fd2405bacbb4ecb74a8b001c,45b634febc3ddee6cca52414ed1beac009731998e08bc7b78c25824d83cd05f8,65458,0,0,0,0,0,0,0,0,0,78,0,0,0,0,0
1071,30-8-17_16PCC_6,30-8-17_16PCC,2017-08-30,16PCC,6,patches/S2_30-8-17_16PCC/S2_30-8-17_16PCC_6.tif,patches/S2_30-8-17_16PCC/S2_30-8-17_16PCC_6_cl.tif,patches/S2_30-8-17_16PCC/S2_30-8-17_16PCC_6_conf.tif,train,-88.26301824782719,15.762772161926645,EPSG:32616,10.0,10.0,11,float32,,"(1.0, 1.0, 1.0, 1.0, 1.0, 1.0, 1.0, 1.0, 1.0, 1.0, 1.0)","(0.0, 0.0, 0.0, 0.0, 0.0, 0.0, 0.0, 0.0, 0.0, 0.0, 0.0)",363420.0,1741820.0,365980.0,1744380.0,65536,8094,65536,8094,0,0,0,0,0,0,fd4e34e0f13e09f6de25c19041a31c68eb2d254ec516e0da8d811d204f73e169,eb033ec86e431ae8d81a4a5d11ffff9c522371ba32876990b7912357daf4920b,86ac9a974b0b991799b202f938cb4e3bd55d1c43c814142b34269a17dee954c5,57442,0,0,0,0,0,0,0,8094,0,0,0,0,0,0,0
1072,30-8-17_16PCC_7,30-8-17_16PCC,2017-08-30,16PCC,7,patches/S2_30-8-17_16PCC/S2_30-8-17_16PCC_7.tif,patches/S2_30-8-17_16PCC/S2_30-8-17_16PCC_7_cl.tif,patches/S2_30-8-17_16PCC/S2_30-8-17_16PCC_7_conf.tif,train,-88.26287526227776,15.73963383017483,EPSG:32616,10.0,10.0,11,float32,,"(1.0, 1.0, 1.0, 1.0, 1.0, 1.0, 1.0, 1.0, 1.0, 1.0, 1.0)","(0.0, 0.0, 0.0, 0.0, 0.0, 0.0, 0.0, 0.0, 0.0, 0.0, 0.0)",363420.0,1739260.0,365980.0,1741820.0,65536,3668,65536,3668,0,0,0,0,0,0,a804795ba4b5e50d4f6591dd54a0149a0eebaba4077d8fd5ba89c98988cba081,27b2a1d7dcd97cc7a6f09a222c2d4cddd41da477c68f7924331b0116dbf4b923,329635d1d51707698e1bb5059e620135baeb0d68ff5f4db09a2385fe13c71bf5,61868,0,0,0,0,0,0,0,3668,0,0,0,0,0,0,0
1073,30-8-17_16PCC_8,30-8-17_16PCC,2017-08-30,16PCC,8,patches/S2_30-8-17_16PCC/S2_30-8-17_16PCC_8.tif,patches/S2_30-8-17_16PCC/S2_30-8-17_16PCC_8_cl.tif,patches/S2_30-8-17_16PCC/S2_30-8-17_16PCC_8_conf.tif,train,-88.23954708954705,15.832324762247316,EPSG:32616,10.0,10.0,11,float32,,"(1.0, 1.0, 1.0, 1.0, 1.0, 1.0, 1.0, 1.0, 1.0, 1.0, 1.0)","(0.0, 0.0, 0.0, 0.0, 0.0, 0.0, 0.0, 0.0, 0.0, 0.0, 0.0)",365980.0,1749500.0,368540.0,1752060.0,65536,57,65536,57,0,0,0,0,0,0,f55e8ef41c345dd40a7478bff8c6957bc2bc5521e071f67eee648116b03ce45b,6bd1c1a13d9041531f240d5c99dfcad4591d24ac9e91aab47aebf9b0dca060af,c2d1a6794d5a92e9a6ea97f57af4c3ed61b4dc8dda593384b5fd3539f2b2d619,65479,0,0,0,0,0,0,57,0,0,0,0,0,0,0,0
1074,30-8-17_16PCC_9,30-8-17_16PCC,2017-08-30,16PCC,9,patches/S2_30-8-17_16PCC/S2_30-8-17_16PCC_9.tif,patches/S2_30-8-17_16PCC/S2_30-8-17_16PCC_9_cl.tif,patches/S2_30-8-17_16PCC/S2_30-8-17_16PCC_9_conf.tif,train,-88.23940610884888,15.809186369984612,EPSG:32616,10.0,10.0,11,float32,,"(1.0, 1.0, 1.0, 1.0, 1.0, 1.0, 1.0, 1.0, 1.0, 1.0, 1.0)","(0.0, 0.0, 0.0, 0.0, 0.0, 0.0, 0.0, 0.0, 0.0, 0.0, 0.0)",365980.0,1746940.0,368540.0,1749500.0,65536,1,65536,1,0,0,0,0,0,0,29c97b67dfd3f474349ed20fda5cf6362e8a53e1fd69f336a9b9ecf8901f495f,5df6047b919a33e609467e626b242895ff536f6ea3450726bdbbdf84815f4786,b13c3efdaace16f89d57588a142538afcc5f4b89f5130d20dcb7d7988cc71e01,65535,0,0,0,0,0,0,1,0,0,0,0,0,0,0,0
1075,30-8-18_16PCC_0,30-8-18_16PCC,2018-08-30,16PCC,0,patches/S2_30-8-18_16PCC/S2_30-8-18_16PCC_0.tif,patches/S2_30-8-18_16PCC/S2_30-8-18_16PCC_0_cl.tif,patches/S2_30-8-18_16PCC/S2_30-8-18_16PCC_0_conf.tif,test,-88.70185701578119,15.80822398482792,EPSG:32616,10.0,10.0,11,float32,,"(1.0, 1.0, 1.0, 1.0, 1.0, 1.0, 1.0, 1.0, 1.0, 1.0, 1.0)","(0.0, 0.0, 0.0, 0.0, 0.0, 0.0, 0.0, 0.0, 0.0, 0.0, 0.0)",316440.0,1747180.0,319000.0,1749740.0,65536,19,65288,19,0,0,0,0,0,420,fce38254de28f0dede9a1150a50cdd8b158051584fc34d797c72c4caa812d1b3,e84851104d1ec32551eba41cef1b142c2fdab58cd3d64691e73f33dc64bdebef,5830f16b0fa23551aa6dfd556b5fd9ac022161e526e3f95cfbe85e48dc1251cb,65517,0,0,0,0,9,0,0,0,0,10,0,0,0,0,0
1076,30-8-18_16PCC_1,30-8-18_16PCC,2018-08-30,16PCC,1,patches/S2_30-8-18_16PCC/S2_30-8-18_16PCC_1.tif,patches/S2_30-8-18_16PCC/S2_30-8-18_16PCC_1_cl.tif,patches/S2_30-8-18_16PCC/S2_30-8-18_16PCC_1_conf.tif,test,-88.67911280896847,15.947212289813912,EPSG:32616,10.0,10.0,11,float32,,"(1.0, 1.0, 1.0, 1.0, 1.0, 1.0, 1.0, 1.0, 1.0, 1.0, 1.0)","(0.0, 0.0, 0.0, 0.0, 0.0, 0.0, 0.0, 0.0, 0.0, 0.0, 0.0)",319000.0,1762540.0,321560.0,1765100.0,65536,4,47012,4,0,0,0,0,0,180351,ff17016a1a01dd3d04d27371ee744b02e6c1a599d78b560325c91073f2738588,c3695d211ee4b58e9a4850b69f72478cb48a81b191d85c401a07dc509ffa5aae,e82e0829655e548caa3584e6d5bf5e3a6dafaf6c1df26ff0f264f908cd68187a,65532,4,0,0,0,0,0,0,0,0,0,0,0,0,0,0
1077,30-8-18_16PCC_10,30-8-18_16PCC,2018-08-30,16PCC,10,patches/S2_30-8-18_16PCC/S2_30-8-18_16PCC_10.tif,patches/S2_30-8-18_16PCC/S2_30-8-18_16PCC_10_cl.tif,patches/S2_30-8-18_16PCC/S2_30-8-18_16PCC_10_conf.tif,test,-88.63035947473386,15.831908319432175,EPSG:32616,10.0,10.0,11,float32,,"(1.0, 1.0, 1.0, 1.0, 1.0, 1.0, 1.0, 1.0, 1.0, 1.0, 1.0)","(0.0, 0.0, 0.0, 0.0, 0.0, 0.0, 0.0, 0.0, 0.0, 0.0, 0.0)",324120.0,1749740.0,326680.0,1752300.0,65536,239,65536,239,0,0,0,0,0,0,3e23918954697b8c0508d6327f1ffb8937b8e0d1241a44337285206324f0a43e,0bc702eb6288eeb842d58d5efd64629a87232f1616148da8709cf0d9e125e85f,bc0bb76f59490c23808db3fa35243042d660a35019738b91be79c4bf4122062e,65297,0,0,0,0,80,0,0,0,0,0,0,0,0,159,0
1078,30-8-18_16PCC_11,30-8-18_16PCC,2018-08-30,16PCC,11,patches/S2_30-8-18_16PCC/S2_30-8-18_16PCC_11.tif,patches/S2_30-8-18_16PCC/S2_30-8-18_16PCC_11_cl.tif,patches/S2_30-8-18_16PCC/S2_30-8-18_16PCC_11_conf.tif,test,-88.62961965376353,15.73937034161279,EPSG:32616,10.0,10.0,11,float32,,"(1.0, 1.0, 1.0, 1.0, 1.0, 1.0, 1.0, 1.0, 1.0, 1.0, 1.0)","(0.0, 0.0, 0.0, 0.0, 0.0, 0.0, 0.0, 0.0, 0.0, 0.0, 0.0)",324120.0,1739500.0,326680.0,1742060.0,65536,30,65536,30,0,0,0,0,2385,0,bea0c938540cb0653099532877cdf0739a1056ca100efe03ebff242456b7e666,1e38b737c28699d684cb4c62651cff5b4e2f1d6847976467dd2e0005c0ab8b45,841857abcd33d4c9a36ecceb7994c1f871040a22ce905f94ff7049735098c38c,65506,0,0,0,0,6,0,0,0,0,12,0,0,0,12,0
1079,30-8-18_16PCC_12,30-8-18_16PCC,2018-08-30,16PCC,12,patches/S2_30-8-18_16PCC/S2_30-8-18_16PCC_12.tif,patches/S2_30-8-18_16PCC/S2_30-8-18_16PCC_12_cl.tif,patches/S2_30-8-18_16PCC/S2_30-8-18_16PCC_12_conf.tif,test,-88.60701173399127,15.901490412073002,EPSG:32616,10.0,10.0,11,float32,,"(1.0, 1.0, 1.0, 1.0, 1.0, 1.0, 1.0, 1.0, 1.0, 1.0, 1.0)","(0.0, 0.0, 0.0, 0.0, 0.0, 0.0, 0.0, 0.0, 0.0, 0.0, 0.0)",326680.0,1757420.0,329240.0,1759980.0,65536,1,65536,1,0,0,0,0,0,0,a6df0e9fbddc7f1752e8781c7477b23fd1bc510d1f24ebfc74d583a1ca252bae,a35fd53b2619243fa3bab076375594c2fb6e20ffa1fbbb6ebe93fa01fcb1d3c2,2d1b95ac01579284d57a7349a52ecf94aad4babd154ada6600b713b43823651d,65535,0,0,0,0,0,0,1,0,0,0,0,0,0,0,0
1080,30-8-18_16PCC_13,30-8-18_16PCC,2018-08-30,16PCC,13,patches/S2_30-8-18_16PCC/S2_30-8-18_16PCC_13.tif,patches/S2_30-8-18_16PCC/S2_30-8-18_16PCC_13_cl.tif,patches/S2_30-8-18_16PCC/S2_30-8-18_16PCC_13_conf.tif,test,-88.60682812799959,15.878355874897384,EPSG:32616,10.0,10.0,11,float32,,"(1.0, 1.0, 1.0, 1.0, 1.0, 1.0, 1.0, 1.0, 1.0, 1.0, 1.0)","(0.0, 0.0, 0.0, 0.0, 0.0, 0.0, 0.0, 0.0, 0.0, 0.0, 0.0)",326680.0,1754860.0,329240.0,1757420.0,65536,4,65536,4,0,0,0,0,0,0,3a4a7c1e793c6200710120167db208e4ab393b65dca6732639fc992f2e0d7c1e,c0a3073e2a78c6790fe15428e01217c8579c58fc622c40cad020c4691d011bc8,53e171c7d422bef79cb45999fccb1878b1d1b0a2dd715f644aa45d4aa0caa5ca,65532,2,0,0,0,0,0,2,0,0,0,0,0,0,0,0
1081,30-8-18_16PCC_14,30-8-18_16PCC,2018-08-30,16PCC,14,patches/S2_30-8-18_16PCC/S2_30-8-18_16PCC_14.tif,patches/S2_30-8-18_16PCC/S2_30-8-18_16PCC_14_cl.tif,patches/S2_30-8-18_16PCC/S2_30-8-18_16PCC_14_conf.tif,test,-88.6066448243009,15.855221286263157,EPSG:32616,10.0,10.0,11,float32,,"(1.0, 1.0, 1.0, 1.0, 1.0, 1.0, 1.0, 1.0, 1.0, 1.0, 1.0)","(0.0, 0.0, 0.0, 0.0, 0.0, 0.0, 0.0, 0.0, 0.0, 0.0, 0.0)",326680.0,1752300.0,329240.0,1754860.0,65536,1,65536,1,0,0,0,0,0,0,915befa2af5e37240a427ef5e80fa49ff873acc3e25c3b21ebfce3a5eb016cc3,3b163204af3f62da4a9cec7f22606fada0aacd7f3df4772a105b6540db1bc6e9,187f29e4b6c7e3f9d2d655eceff0ec0ce98cb964509eeada645fe18934e85a26,65535,0,0,0,0,0,0,1,0,0,0,0,0,0,0,0
1082,30-8-18_16PCC_15,30-8-18_16PCC,2018-08-30,16PCC,15,patches/S2_30-8-18_16PCC/S2_30-8-18_16PCC_15.tif,patches/S2_30-8-18_16PCC/S2_30-8-18_16PCC_15_cl.tif,patches/S2_30-8-18_16PCC/S2_30-8-18_16PCC_15_conf.tif,test,-88.60646182273315,15.832086646238286,EPSG:32616,10.0,10.0,11,float32,,"(1.0, 1.0, 1.0, 1.0, 1.0, 1.0, 1.0, 1.0, 1.0, 1.0, 1.0)","(0.0, 0.0, 0.0, 0.0, 0.0, 0.0, 0.0, 0.0, 0.0, 0.0, 0.0)",326680.0,1749740.0,329240.0,1752300.0,65536,28,65536,28,0,0,0,0,0,0,d13d8c377c9f240081bb939cbaadd0235c23807096bfbca952bd12fb64e78564,3e967316bba4b4d35bb3c914c889a8bf781987f20fefed76a85a5c11f1f29551,6468a299ca0196cff7ec196b16a78b0077b3a714e4f452e814bd56ddb45f43c9,65508,2,0,0,0,4,0,0,0,0,0,0,0,0,22,0
1083,30-8-18_16PCC_16,30-8-18_16PCC,2018-08-30,16PCC,16,patches/S2_30-8-18_16PCC/S2_30-8-18_16PCC_16.tif,patches/S2_30-8-18_16PCC/S2_30-8-18_16PCC_16_cl.tif,patches/S2_30-8-18_16PCC/S2_30-8-18_16PCC_16_conf.tif,test,-88.60627912313461,15.808951954890727,EPSG:32616,10.0,10.0,11,float32,,"(1.0, 1.0, 1.0, 1.0, 1.0, 1.0, 1.0, 1.0, 1.0, 1.0, 1.0)","(0.0, 0.0, 0.0, 0.0, 0.0, 0.0, 0.0, 0.0, 0.0, 0.0, 0.0)",326680.0,1747180.0,329240.0,1749740.0,65536,40,65536,40,0,0,0,0,0,0,0c90fc526a6a204bde57818adb4217ee6475cdd06275a78e5d21963a2965887f,d415cac6411abf1517a93dbac468021feaa53ff069e2ada4650721d95ecb67a9,07cdc818332e3c60f241dcd21008fd0b9261e81987fc4e939c1dac0c76200756,65496,0,0,0,0,25,0,0,0,0,14,0,0,0,1,0
1084,30-8-18_16PCC_17,30-8-18_16PCC,2018-08-30,16PCC,17,patches/S2_30-8-18_16PCC/S2_30-8-18_16PCC_17.tif,patches/S2_30-8-18_16PCC/S2_30-8-18_16PCC_17_cl.tif,patches/S2_30-8-18_16PCC/S2_30-8-18_16PCC_17_conf.tif,test,-88.6060967253439,15.78581721228851,EPSG:32616,10.0,10.0,11,float32,,"(1.0, 1.0, 1.0, 1.0, 1.0, 1.0, 1.0, 1.0, 1.0, 1.0, 1.0)","(0.0, 0.0, 0.0, 0.0, 0.0, 0.0, 0.0, 0.0, 0.0, 0.0, 0.0)",326680.0,1744620.0,329240.0,1747180.0,65536,340,65536,340,0,0,0,0,0,0,e31d7faea7dcab2357b6475b3426a89cded818791a19f9a1509531b33d76b519,b93826b0b0dfbd7f38d786289ac254fbb4ab95d2885f4689e98253557f0b2e1d,3bb2e7f5aff88e6e61a4f2e1b58522a6256cfa960dae9cfaf3773c99dd9de0d1,65196,0,0,0,0,54,0,0,0,0,41,0,0,0,245,0
1085,30-8-18_16PCC_18,30-8-18_16PCC,2018-08-30,16PCC,18,patches/S2_30-8-18_16PCC/S2_30-8-18_16PCC_18.tif,patches/S2_30-8-18_16PCC/S2_30-8-18_16PCC_18_cl.tif,patches/S2_30-8-18_16PCC/S2_30-8-18_16PCC_18_conf.tif,test,-88.60573283454174,15.739547573592237,EPSG:32616,10.0,10.0,11,float32,,"(1.0, 1.0, 1.0, 1.0, 1.0, 1.0, 1.0, 1.0, 1.0, 1.0, 1.0)","(0.0, 0.0, 0.0, 0.0, 0.0, 0.0, 0.0, 0.0, 0.0, 0.0, 0.0)",326680.0,1739500.0,329240.0,1742060.0,65536,73,65536,73,0,0,0,0,0,0,950dc58ebb273088de654218be9f60cd9d076d0f28c1dbcddd98fe5a4e3d1a31,d00e5f7c14fd28e8ea83362eeb3826e86f60cffc49cc7fe9655bb2255fa1c30c,4eb02ccc3fb5eb9f0a5b81bd65bec6daf795131f7a7c9138381d5f1386630613,65463,0,0,0,0,18,0,0,0,0,14,0,0,0,41,0
1086,30-8-18_16PCC_19,30-8-18_16PCC,2018-08-30,16PCC,19,patches/S2_30-8-18_16PCC/S2_30-8-18_16PCC_19.tif,patches/S2_30-8-18_16PCC/S2_30-8-18_16PCC_19_cl.tif,patches/S2_30-8-18_16PCC/S2_30-8-18_16PCC_19_conf.tif,test,-88.58383209885362,15.994205630975788,EPSG:32616,10.0,10.0,11,float32,,"(1.0, 1.0, 1.0, 1.0, 1.0, 1.0, 1.0, 1.0, 1.0, 1.0, 1.0)","(0.0, 0.0, 0.0, 0.0, 0.0, 0.0, 0.0, 0.0, 0.0, 0.0, 0.0)",329240.0,1767660.0,331800.0,1770220.0,65536,44,65536,44,0,0,0,0,0,0,3572992d556293cc0a0ed38c632136396089d3b8bfa752d6ac32bf76a84af7cb,cba58196c166b235d931349a539ea3bca59f4a01a4338d8ff5dac10d2aabb80c,31facc24657f4d28f4c191e7b3d9d816bfffdb8058f879dfda8b06d6888bca33,65492,0,0,0,0,16,0,18,0,0,0,0,0,0,10,0
1087,30-8-18_16PCC_2,30-8-18_16PCC,2018-08-30,16PCC,2,patches/S2_30-8-18_16PCC/S2_30-8-18_16PCC_2.tif,patches/S2_30-8-18_16PCC/S2_30-8-18_16PCC_2_cl.tif,patches/S2_30-8-18_16PCC/S2_30-8-18_16PCC_2_conf.tif,test,-88.67892038628143,15.92407869017931,EPSG:32616,10.0,10.0,11,float32,,"(1.0, 1.0, 1.0, 1.0, 1.0, 1.0, 1.0, 1.0, 1.0, 1.0, 1.0)","(0.0, 0.0, 0.0, 0.0, 0.0, 0.0, 0.0, 0.0, 0.0, 0.0, 0.0)",319000.0,1759980.0,321560.0,1762540.0,65536,217,61312,217,0,0,0,0,0,30297,4b7835583ed3040d79a5768998b39a972321e9d23af8dd193a6be23ec40ad15a,94c020212e297887e4fbd9169b2e917edd2d59fe8e9792d5751802c32522503e,497fa854bf8e68a0086b815c6efa019aecd6fb3c55865827a5094e463e499909,65319,0,0,0,0,0,0,217,0,0,0,0,0,0,0,0
1088,30-8-18_16PCC_20,30-8-18_16PCC,2018-08-30,16PCC,20,patches/S2_30-8-18_16PCC/S2_30-8-18_16PCC_20.tif,patches/S2_30-8-18_16PCC/S2_30-8-18_16PCC_20_cl.tif,patches/S2_30-8-18_16PCC/S2_30-8-18_16PCC_20_conf.tif,test,-88.58256386876326,15.83226234241627,EPSG:32616,10.0,10.0,11,float32,,"(1.0, 1.0, 1.0, 1.0, 1.0, 1.0, 1.0, 1.0, 1.0, 1.0, 1.0)","(0.0, 0.0, 0.0, 0.0, 0.0, 0.0, 0.0, 0.0, 0.0, 0.0, 0.0)",329240.0,1749740.0,331800.0,1752300.0,65536,1,65536,1,0,0,0,0,0,0,95e533aaee858bb5405b8106758e1da1cdc22c8affea7e1d25aded1f638c59bb,fe461a3c0bc3d8d515ed70db6b6625c89315962302aba4e3f301f21f7193c89d,6f10ba8f6e02ec7c224c5850d729c9a472ebcd6875f8871fbfa3d77d8a131797,65535,0,0,0,0,0,0,1,0,0,0,0,0,0,0,0
1089,30-8-18_16PCC_21,30-8-18_16PCC,2018-08-30,16PCC,21,patches/S2_30-8-18_16PCC/S2_30-8-18_16PCC_21.tif,patches/S2_30-8-18_16PCC/S2_30-8-18_16PCC_21_cl.tif,patches/S2_30-8-18_16PCC/S2_30-8-18_16PCC_21_conf.tif,test,-88.58238388424431,15.809127381310832,EPSG:32616,10.0,10.0,11,float32,,"(1.0, 1.0, 1.0, 1.0, 1.0, 1.0, 1.0, 1.0, 1.0, 1.0, 1.0)","(0.0, 0.0, 0.0, 0.0, 0.0, 0.0, 0.0, 0.0, 0.0, 0.0, 0.0)",329240.0,1747180.0,331800.0,1749740.0,65536,30,65536,30,0,0,0,0,0,0,9090591178192c51b0603dadfd1eba6ec07b54945c4f3a4d163e28203db4556b,547a72c34cb32c077a957d16b7c9041be218575f0555e6b830a5fbd39d34a95a,9ce6f637aecf591f05e4e4dbcdfc39d09dae51f64d5e7ce060780b93a51c2c38,65506,3,0,0,0,10,0,1,0,0,16,0,0,0,0,0
1090,30-8-18_16PCC_22,30-8-18_16PCC,2018-08-30,16PCC,22,patches/S2_30-8-18_16PCC/S2_30-8-18_16PCC_22.tif,patches/S2_30-8-18_16PCC/S2_30-8-18_16PCC_22_cl.tif,patches/S2_30-8-18_16PCC/S2_30-8-18_16PCC_22_conf.tif,test,-88.56027424453771,16.040650136872827,EPSG:32616,10.0,10.0,11,float32,,"(1.0, 1.0, 1.0, 1.0, 1.0, 1.0, 1.0, 1.0, 1.0, 1.0, 1.0)","(0.0, 0.0, 0.0, 0.0, 0.0, 0.0, 0.0, 0.0, 0.0, 0.0, 0.0)",331800.0,1772780.0,334360.0,1775340.0,65536,394,65536,394,0,0,0,0,0,0,4a813deda4669e875a6f223459bf2980967062164ae084350ad377a6aabca226,779f8f5aa3005faaf6cb66bf600dd5de371577e7330cf799e67c8ce80f693646,1ddb391e164d86bb4c6e4f1393b6f9e5233d9158f61cd38268e0cb35cbf573e4,65142,0,41,93,0,0,256,4,0,0,0,0,0,0,0,0
1091,30-8-18_16PCC_23,30-8-18_16PCC,2018-08-30,16PCC,23,patches/S2_30-8-18_16PCC/S2_30-8-18_16PCC_23.tif,patches/S2_30-8-18_16PCC/S2_30-8-18_16PCC_23_cl.tif,patches/S2_30-8-18_16PCC/S2_30-8-18_16PCC_23_conf.tif,test,-88.53635105932021,16.040822929065648,EPSG:32616,10.0,10.0,11,float32,,"(1.0, 1.0, 1.0, 1.0, 1.0, 1.0, 1.0, 1.0, 1.0, 1.0, 1.0)","(0.0, 0.0, 0.0, 0.0, 0.0, 0.0, 0.0, 0.0, 0.0, 0.0, 0.0)",334360.0,1772780.0,336920.0,1775340.0,65536,237,65536,237,0,0,0,0,0,0,708c369048d42840b3c8b02575c6166bd68b6164223303336fbe02a84e5bdce4,d3f3bf3e3721347b650c554e385b17a62e619c34f5fe64518fe5aa2e659c6742,bcbe21f903a669bb8009f3f8efe693beab6e5a54f2532824705856a62ccb1faa,65299,0,226,11,0,0,0,0,0,0,0,0,0,0,0,0
1092,30-8-18_16PCC_24,30-8-18_16PCC,2018-08-30,16PCC,24,patches/S2_30-8-18_16PCC/S2_30-8-18_16PCC_24.tif,patches/S2_30-8-18_16PCC/S2_30-8-18_16PCC_24_cl.tif,patches/S2_30-8-18_16PCC/S2_30-8-18_16PCC_24_conf.tif,test,-88.34341588258306,15.81073715160595,EPSG:32616,10.0,10.0,11,float32,,"(1.0, 1.0, 1.0, 1.0, 1.0, 1.0, 1.0, 1.0, 1.0, 1.0, 1.0)","(0.0, 0.0, 0.0, 0.0, 0.0, 0.0, 0.0, 0.0, 0.0, 0.0, 0.0)",354840.0,1747180.0,357400.0,1749740.0,65536,517,65536,517,0,0,0,0,0,0,54f4788fca61d543b1bc875483d4316a504ac26cb7928ed813b29e80bd25727b,effe1f278de38d4213a8e7e77fa87b434451443d70be373f624b913e038502e7,46642d732e4fbd0af31ca2670192629b4760b71651cbaca67a5746375917f7e2,65019,0,0,0,0,0,0,495,0,22,0,0,0,0,0,0
1093,30-8-18_16PCC_25,30-8-18_16PCC,2018-08-30,16PCC,25,patches/S2_30-8-18_16PCC/S2_30-8-18_16PCC_25.tif,patches/S2_30-8-18_16PCC/S2_30-8-18_16PCC_25_cl.tif,patches/S2_30-8-18_16PCC/S2_30-8-18_16PCC_25_conf.tif,test,-88.31936775913196,15.787745963818738,EPSG:32616,10.0,10.0,11,float32,,"(1.0, 1.0, 1.0, 1.0, 1.0, 1.0, 1.0, 1.0, 1.0, 1.0, 1.0)","(0.0, 0.0, 0.0, 0.0, 0.0, 0.0, 0.0, 0.0, 0.0, 0.0, 0.0)",357400.0,1744620.0,359960.0,1747180.0,65536,31,65536,31,0,0,0,0,0,0,d1cc57e2991264ab26140c2b8d53f608a31f4c906e4d6a0cf540b82636f4ec9b,acdafe772a48417fae5e50512c5a1e85b7f43e2fa9d5e51aab1922f37d2ffcc2,1b9bed82408b863e243bd2a7ed40287ae0f8af1de89cb66a821d6343c5dd473a,65505,0,0,0,0,0,0,0,0,31,0,0,0,0,0,0
1094,30-8-18_16PCC_26,30-8-18_16PCC,2018-08-30,16PCC,26,patches/S2_30-8-18_16PCC/S2_30-8-18_16PCC_26.tif,patches/S2_30-8-18_16PCC/S2_30-8-18_16PCC_26_cl.tif,patches/S2_30-8-18_16PCC/S2_30-8-18_16PCC_26_conf.tif,test,-88.29606201562575,15.880441070076719,EPSG:32616,10.0,10.0,11,float32,,"(1.0, 1.0, 1.0, 1.0, 1.0, 1.0, 1.0, 1.0, 1.0, 1.0, 1.0)","(0.0, 0.0, 0.0, 0.0, 0.0, 0.0, 0.0, 0.0, 0.0, 0.0, 0.0)",359960.0,1754860.0,362520.0,1757420.0,65536,428,65536,428,0,0,0,0,0,0,5cf4f932c529a10a13a95873011c73ee73ce8959e912f364bb0edd63424da01b,1f2dd8b7875918baaeb311a4b95136b6e51cb80f87bfb79e3245938526dc8fc8,b924c3ebb82543f45942e526b37a116e5bd3f1c0acaea3531c736022fee0ed3c,65108,0,0,0,0,0,0,59,0,0,0,0,369,0,0,0
1095,30-8-18_16PCC_27,30-8-18_16PCC,2018-08-30,16PCC,27,patches/S2_30-8-18_16PCC/S2_30-8-18_16PCC_27.tif,patches/S2_30-8-18_16PCC/S2_30-8-18_16PCC_27_cl.tif,patches/S2_30-8-18_16PCC/S2_30-8-18_16PCC_27_conf.tif,test,-88.27215509704904,15.880582990015263,EPSG:32616,10.0,10.0,11,float32,,"(1.0, 1.0, 1.0, 1.0, 1.0, 1.0, 1.0, 1.0, 1.0, 1.0, 1.0)","(0.0, 0.0, 0.0, 0.0, 0.0, 0.0, 0.0, 0.0, 0.0, 0.0, 0.0)",362520.0,1754860.0,365080.0,1757420.0,65536,87,65536,87,0,0,0,0,0,0,78b2fbf08b3f4274da691fbed357b26a8256076157cd37163b3e7b8eb1dd35e1,4262c0b4840b7124e08b72a0ab1a87e0d995479b69ece5ba1cdcfe86a1e342bf,d96d096b7e55806d666554a402382821338d243666190e487cd6608d05d6ab16,65449,0,0,0,0,0,0,3,0,0,0,0,84,0,0,0
1096,30-8-18_16PCC_28,30-8-18_16PCC,2018-08-30,16PCC,28,patches/S2_30-8-18_16PCC/S2_30-8-18_16PCC_28.tif,patches/S2_30-8-18_16PCC/S2_30-8-18_16PCC_28_cl.tif,patches/S2_30-8-18_16PCC/S2_30-8-18_16PCC_28_conf.tif,test,-88.27143172198303,15.764892488621935,EPSG:32616,10.0,10.0,11,float32,,"(1.0, 1.0, 1.0, 1.0, 1.0, 1.0, 1.0, 1.0, 1.0, 1.0, 1.0)","(0.0, 0.0, 0.0, 0.0, 0.0, 0.0, 0.0, 0.0, 0.0, 0.0, 0.0)",362520.0,1742060.0,365080.0,1744620.0,65536,2088,65536,2088,0,0,0,0,0,0,e5b120e3843cd2ff24ec298f623dbd3c04d3bd56029ae993e7a80cc6d784c6de,a3cf40c3424cd5efde82308a7d238bd09bfe3afab6826ddf438c1fccf10ee15d,2a44af99179b79300cfb629d1626f71bc94b71a16e49cc673c8dccbf5034db33,63448,0,0,0,0,0,0,0,2088,0,0,0,0,0,0,0
1097,30-8-18_16PCC_29,30-8-18_16PCC,2018-08-30,16PCC,29,patches/S2_30-8-18_16PCC/S2_30-8-18_16PCC_29.tif,patches/S2_30-8-18_16PCC/S2_30-8-18_16PCC_29_cl.tif,patches/S2_30-8-18_16PCC/S2_30-8-18_16PCC_29_conf.tif,test,-88.24753814947032,15.76503070199984,EPSG:32616,10.0,10.0,11,float32,,"(1.0, 1.0, 1.0, 1.0, 1.0, 1.0, 1.0, 1.0, 1.0, 1.0, 1.0)","(0.0, 0.0, 0.0, 0.0, 0.0, 0.0, 0.0, 0.0, 0.0, 0.0, 0.0)",365080.0,1742060.0,367640.0,1744620.0,65536,702,65536,702,0,0,0,0,0,0,79e29bec8fe4cb7952aa3596eb7e19f0bc1368e58ba1b14bd20518b66a3b2118,e205f669a7f2a0b6acec10ec5d543b4e9e6d0b2181bb7451ee7efc2ed28271d3,ff154aa65d5a3096a302b813373f4f944d990304226a2a3e51500b43f41314c1,64834,0,0,0,0,0,0,0,0,0,702,0,0,0,0,0
1098,30-8-18_16PCC_3,30-8-18_16PCC,2018-08-30,16PCC,3,patches/S2_30-8-18_16PCC/S2_30-8-18_16PCC_3.tif,patches/S2_30-8-18_16PCC/S2_30-8-18_16PCC_3_cl.tif,patches/S2_30-8-18_16PCC/S2_30-8-18_16PCC_3_conf.tif,test,-88.6785364890516,15.877811335643335,EPSG:32616,10.0,10.0,11,float32,,"(1.0, 1.0, 1.0, 1.0, 1.0, 1.0, 1.0, 1.0, 1.0, 1.0, 1.0)","(0.0, 0.0, 0.0, 0.0, 0.0, 0.0, 0.0, 0.0, 0.0, 0.0, 0.0)",319000.0,1754860.0,321560.0,1757420.0,65536,47,65536,47,0,0,0,0,0,0,72181c1c5c36c6d0b9f98b531be383e44a18c22d9f8a899a9460c13ca40ba4da,185686ee311c5670549a36f9f55c8300a99e5eba5e2267712ecb0ebf043b873f,3473f65a4a485a306088df9927212f654a9954e2a29312281472cdc2e930b375,65489,0,0,0,0,11,0,0,0,0,22,0,0,0,14,0
1099,30-8-18_16PCC_30,30-8-18_16PCC,2018-08-30,16PCC,30,patches/S2_30-8-18_16PCC/S2_30-8-18_16PCC_30.tif,patches/S2_30-8-18_16PCC/S2_30-8-18_16PCC_30_cl.tif,patches/S2_30-8-18_16PCC/S2_30-8-18_16PCC_30_conf.tif,test,-88.2250425096938,15.996550255742388,EPSG:32616,10.0,10.0,11,float32,,"(1.0, 1.0, 1.0, 1.0, 1.0, 1.0, 1.0, 1.0, 1.0, 1.0, 1.0)","(0.0, 0.0, 0.0, 0.0, 0.0, 0.0, 0.0, 0.0, 0.0, 0.0, 0.0)",367640.0,1767660.0,370200.0,1770220.0,65536,580,65536,580,0,0,0,0,0,0,965ff671dac4e325a0a98694614eabc86f76eced3ed38a877d1b2cbe31bd99ab,116505a9fe2aa40812121d3633a30d49db8e58fa41327444edf6065df89cb0f1,82ea4c1d06d15001de6ecd47510b9c6681bd4ab5f4c815b0ca90a5487b86ca8c,64956,0,0,0,0,0,399,38,0,0,0,0,0,143,0,0
1100,30-8-18_16PCC_31,30-8-18_16PCC,2018-08-30,16PCC,31,patches/S2_30-8-18_16PCC/S2_30-8-18_16PCC_31.tif,patches/S2_30-8-18_16PCC/S2_30-8-18_16PCC_31_cl.tif,patches/S2_30-8-18_16PCC/S2_30-8-18_16PCC_31_conf.tif,test,-88.2236443426928,15.765166294880789,EPSG:32616,10.0,10.0,11,float32,,"(1.0, 1.0, 1.0, 1.0, 1.0, 1.0, 1.0, 1.0, 1.0, 1.0, 1.0)","(0.0, 0.0, 0.0, 0.0, 0.0, 0.0, 0.0, 0.0, 0.0, 0.0, 0.0)",367640.0,1742060.0,370200.0,1744620.0,65536,112,65536,112,0,0,0,0,0,0,25b4f4fcde9ce1faca67f1a068c6368704aa09e74293f4d0a31fb181027f9b74,f9b854508db774dafe1051d267a4880388239deaa385ed2eab3ace2064b3c6f5,3497e03bc2ea344df466fc15af24758499eaae827a0a0079eca13e13ca1c4ba5,65424,0,0,0,0,0,0,0,0,0,112,0,0,0,0,0
1101,30-8-18_16PCC_32,30-8-18_16PCC,2018-08-30,16PCC,32,patches/S2_30-8-18_16PCC/S2_30-8-18_16PCC_32.tif,patches/S2_30-8-18_16PCC/S2_30-8-18_16PCC_32_cl.tif,patches/S2_30-8-18_16PCC/S2_30-8-18_16PCC_32_conf.tif,test,-88.2011211873533,15.996685280245469,EPSG:32616,10.0,10.0,11,float32,,"(1.0, 1.0, 1.0, 1.0, 1.0, 1.0, 1.0, 1.0, 1.0, 1.0, 1.0)","(0.0, 0.0, 0.0, 0.0, 0.0, 0.0, 0.0, 0.0, 0.0, 0.0, 0.0)",370200.0,1767660.0,372760.0,1770220.0,65536,2,65536,2,0,0,0,0,0,0,0bbc69800da5f4689e2bc0c4b1ab51f6fea56adfb647fd5e25c04df1983812c0,84f658835a9519f932991ee4a2c5ef9364e8c632e7c11236a25871a5344c9cbe,0ce9f70a1d8358de5a15a477c57f98582cbab5e75f6a1a796fcacef62ac7ce16,65534,0,0,2,0,0,0,0,0,0,0,0,0,0,0,0
1102,30-8-18_16PCC_33,30-8-18_16PCC,2018-08-30,16PCC,33,patches/S2_30-8-18_16PCC/S2_30-8-18_16PCC_33.tif,patches/S2_30-8-18_16PCC/S2_30-8-18_16PCC_33_cl.tif,patches/S2_30-8-18_16PCC/S2_30-8-18_16PCC_33_conf.tif,test,-88.20057012356317,15.90413148212086,EPSG:32616,10.0,10.0,11,float32,,"(1.0, 1.0, 1.0, 1.0, 1.0, 1.0, 1.0, 1.0, 1.0, 1.0, 1.0)","(0.0, 0.0, 0.0, 0.0, 0.0, 0.0, 0.0, 0.0, 0.0, 0.0, 0.0)",370200.0,1757420.0,372760.0,1759980.0,65536,268,65536,268,0,0,0,0,0,0,a0852872596c49d1022b0d379e9b90443075b4369d0c59d098008b3c4a870614,4993d6de82f989b726c18359e29ffd2773d85b33fd62c17d5162cbf653c6c9e9,eafb819b137a9bf6250db642cdcb390ac3cfc3d2531d30899425953e3cafa618,65268,0,0,0,0,0,0,30,0,0,0,0,238,0,0,0
1103,30-8-18_16PCC_34,30-8-18_16PCC,2018-08-30,16PCC,34,patches/S2_30-8-18_16PCC/S2_30-8-18_16PCC_34.tif,patches/S2_30-8-18_16PCC/S2_30-8-18_16PCC_34_cl.tif,patches/S2_30-8-18_16PCC/S2_30-8-18_16PCC_34_conf.tif,test,-88.17665954347156,15.904263040209004,EPSG:32616,10.0,10.0,11,float32,,"(1.0, 1.0, 1.0, 1.0, 1.0, 1.0, 1.0, 1.0, 1.0, 1.0, 1.0)","(0.0, 0.0, 0.0, 0.0, 0.0, 0.0, 0.0, 0.0, 0.0, 0.0, 0.0)",372760.0,1757420.0,375320.0,1759980.0,65536,186,65536,186,0,0,0,0,0,0,ffd560ea7309b9dbe6c94316f8899f75f49c09bcf272f5c8abcfe63126104ea4,054bd81fc30ee386b0e0c47b10d7c55a33531cde5f29c2135fc12a4054beb2c8,24db6ed3b0f377c9665a5e21f062689fb37e5378071920c966f3a107b71ed6d5,65350,0,0,0,0,0,0,5,0,0,0,0,181,0,0,0
1104,30-8-18_16PCC_35,30-8-18_16PCC,2018-08-30,16PCC,35,patches/S2_30-8-18_16PCC/S2_30-8-18_16PCC_35.tif,patches/S2_30-8-18_16PCC/S2_30-8-18_16PCC_35_cl.tif,patches/S2_30-8-18_16PCC/S2_30-8-18_16PCC_35_conf.tif,test,-88.17598940808726,15.788568648155731,EPSG:32616,10.0,10.0,11,float32,,"(1.0, 1.0, 1.0, 1.0, 1.0, 1.0, 1.0, 1.0, 1.0, 1.0, 1.0)","(0.0, 0.0, 0.0, 0.0, 0.0, 0.0, 0.0, 0.0, 0.0, 0.0, 0.0)",372760.0,1744620.0,375320.0,1747180.0,65536,1017,65536,1017,0,0,0,0,0,0,a216aa57382b158628af961f540d2346c093f15a00d635d665eedd9581f11d5c,b3581370a6ce4cdcfd03fdde8bce8c52cdea47cf6e056cedb1416d32df0daf7e,17a6bee06f883563a02940f4a7014cfb9d8383090ede303d50d8d2a6129d929b,64519,4,0,0,0,0,0,860,0,0,0,0,152,0,0,1
1105,30-8-18_16PCC_36,30-8-18_16PCC,2018-08-30,16PCC,36,patches/S2_30-8-18_16PCC/S2_30-8-18_16PCC_36.tif,patches/S2_30-8-18_16PCC/S2_30-8-18_16PCC_36_cl.tif,patches/S2_30-8-18_16PCC/S2_30-8-18_16PCC_36_conf.tif,test,-88.17572290128163,15.74229053904204,EPSG:32616,10.0,10.0,11,float32,,"(1.0, 1.0, 1.0, 1.0, 1.0, 1.0, 1.0, 1.0, 1.0, 1.0, 1.0)","(0.0, 0.0, 0.0, 0.0, 0.0, 0.0, 0.0, 0.0, 0.0, 0.0, 0.0)",372760.0,1739500.0,375320.0,1742060.0,65536,33,65536,33,0,0,0,0,0,0,66d5f29ccc7ef8c6d1adf92bc82003e4bd1b61de83a9141980f84def210a5267,5bae82ca6a1a160efe1367197c7914c1ed695b582a6b4322e0853651cc09ae7c,fb858bff25ed3d0ea49573c1ca17da0ffab1747d72f0394cacd801b7c08e5180,65503,0,0,0,0,7,0,12,0,0,0,0,0,0,14,0
1106,30-8-18_16PCC_37,30-8-18_16PCC,2018-08-30,16PCC,37,patches/S2_30-8-18_16PCC/S2_30-8-18_16PCC_37.tif,patches/S2_30-8-18_16PCC/S2_30-8-18_16PCC_37_cl.tif,patches/S2_30-8-18_16PCC/S2_30-8-18_16PCC_37_conf.tif,test,-88.15327786765006,15.996947345635396,EPSG:32616,10.0,10.0,11,float32,,"(1.0, 1.0, 1.0, 1.0, 1.0, 1.0, 1.0, 1.0, 1.0, 1.0, 1.0)","(0.0, 0.0, 0.0, 0.0, 0.0, 0.0, 0.0, 0.0, 0.0, 0.0, 0.0)",375320.0,1767660.0,377880.0,1770220.0,65536,1,65536,1,0,0,0,0,0,0,3330c1d6c6cae62347a35403096855432881032c820fc27f451ab610179896d0,d24478e4bb2b12fbd71b4e2f9cd7d45e3cf8e707d751edce78ccf90420e6fc9b,fa9a51b957e84a4b6066677bc5eb8629ebe60b50322b7e0589cf09ac07dcf9f4,65535,1,0,0,0,0,0,0,0,0,0,0,0,0,0,0
1107,30-8-18_16PCC_38,30-8-18_16PCC,2018-08-30,16PCC,38,patches/S2_30-8-18_16PCC/S2_30-8-18_16PCC_38.tif,patches/S2_30-8-18_16PCC/S2_30-8-18_16PCC_38_cl.tif,patches/S2_30-8-18_16PCC/S2_30-8-18_16PCC_38_conf.tif,test,-88.1518311227273,15.74241807285758,EPSG:32616,10.0,10.0,11,float32,,"(1.0, 1.0, 1.0, 1.0, 1.0, 1.0, 1.0, 1.0, 1.0, 1.0, 1.0)","(0.0, 0.0, 0.0, 0.0, 0.0, 0.0, 0.0, 0.0, 0.0, 0.0, 0.0)",375320.0,1739500.0,377880.0,1742060.0,65536,461,65536,461,0,0,0,0,0,0,69b1e9a419904e8681b627472141b0105f1f9be505f0c11960a6d4d5c8872b73,55e6c49ddde7d0cc90e7647a6f9ce69d2972feee39b831f77bd18baa864023ea,3bb57d4676649dec10f967dec72c686aba60a454bc34d18e53b1d58386035954,65075,0,0,0,0,0,0,461,0,0,0,0,0,0,0,0
1108,30-8-18_16PCC_39,30-8-18_16PCC,2018-08-30,16PCC,39,patches/S2_30-8-18_16PCC/S2_30-8-18_16PCC_39.tif,patches/S2_30-8-18_16PCC/S2_30-8-18_16PCC_39_cl.tif,patches/S2_30-8-18_16PCC/S2_30-8-18_16PCC_39_conf.tif,test,-88.12961623480014,16.04335216458763,EPSG:32616,10.0,10.0,11,float32,,"(1.0, 1.0, 1.0, 1.0, 1.0, 1.0, 1.0, 1.0, 1.0, 1.0, 1.0)","(0.0, 0.0, 0.0, 0.0, 0.0, 0.0, 0.0, 0.0, 0.0, 0.0, 0.0)",377880.0,1772780.0,380440.0,1775340.0,65536,16,65536,16,0,0,0,0,0,0,3aca899aa2ca24a7199926936d6dffe317622ce814f81cd6a0b88f53df83edd6,4feff975a0e89511307bd058b0987fe21ac35c4b7e26b6a7bfabb042d300bb5c,3aaa1f96439d62530b4d0759403e6abc247ab6d1b151f69577b38dce7373f0d6,65520,0,0,0,0,0,0,16,0,0,0,0,0,0,0,0
1109,30-8-18_16PCC_4,30-8-18_16PCC,2018-08-30,16PCC,4,patches/S2_30-8-18_16PCC/S2_30-8-18_16PCC_4.tif,patches/S2_30-8-18_16PCC/S2_30-8-18_16PCC_4_cl.tif,patches/S2_30-8-18_16PCC/S2_30-8-18_16PCC_4_conf.tif,test,-88.65539213151521,15.970531117747344,EPSG:32616,10.0,10.0,11,float32,,"(1.0, 1.0, 1.0, 1.0, 1.0, 1.0, 1.0, 1.0, 1.0, 1.0, 1.0)","(0.0, 0.0, 0.0, 0.0, 0.0, 0.0, 0.0, 0.0, 0.0, 0.0, 0.0)",321560.0,1765100.0,324120.0,1767660.0,65536,1,65536,1,0,0,0,0,0,0,8bdd55c4de1e7b3680b2d90b13026922060da504cbdcd6df52cc6be6d50f226d,86bbccbea6359dd390438d55e5a3998d3c65c6930db33d13a8086c9c64050cd6,b23d4b2874e42aa0f4dde110b4f8d6093d5f04433a49548c9f9a280e9d48fc41,65535,0,0,0,0,0,0,1,0,0,0,0,0,0,0,0
1110,30-8-18_16PCC_40,30-8-18_16PCC,2018-08-30,16PCC,40,patches/S2_30-8-18_16PCC/S2_30-8-18_16PCC_40.tif,patches/S2_30-8-18_16PCC/S2_30-8-18_16PCC_40_cl.tif,patches/S2_30-8-18_16PCC/S2_30-8-18_16PCC_40_conf.tif,test,-88.12948595050167,16.020213300862608,EPSG:32616,10.0,10.0,11,float32,,"(1.0, 1.0, 1.0, 1.0, 1.0, 1.0, 1.0, 1.0, 1.0, 1.0, 1.0)","(0.0, 0.0, 0.0, 0.0, 0.0, 0.0, 0.0, 0.0, 0.0, 0.0, 0.0)",377880.0,1770220.0,380440.0,1772780.0,65536,4,65536,4,0,0,0,0,0,0,8eae18c33225de2a9c147fa3fc6e76327ca042cc7ccc3599f5a8d2750737997b,cab65c50814ce19a68da1c1a1a1e727dc65265880a587b465790d68b03d2320c,50fcdd5146c58bbcdde3548a0ad8e56aac3f661fec712d0036ba9710d61eea69,65532,4,0,0,0,0,0,0,0,0,0,0,0,0,0,0
1111,30-8-18_16PCC_41,30-8-18_16PCC,2018-08-30,16PCC,41,patches/S2_30-8-18_16PCC/S2_30-8-18_16PCC_41.tif,patches/S2_30-8-18_16PCC/S2_30-8-18_16PCC_41_cl.tif,patches/S2_30-8-18_16PCC/S2_30-8-18_16PCC_41_conf.tif,test,-88.12935587930369,15.997074386300714,EPSG:32616,10.0,10.0,11,float32,,"(1.0, 1.0, 1.0, 1.0, 1.0, 1.0, 1.0, 1.0, 1.0, 1.0, 1.0)","(0.0, 0.0, 0.0, 0.0, 0.0, 0.0, 0.0, 0.0, 0.0, 0.0, 0.0)",377880.0,1767660.0,380440.0,1770220.0,65536,36,65536,36,0,0,0,0,0,0,f96a68575622e14cf76bcfc774fbc592a5b54ce5d592be043c4c11041afba3f0,bb9cd183fc2c9e8429b70e44202de31e4fa7859e5936bf8166d842348801cdd3,8d6882b069c5537b38a34666178a3ad28e40b77d944dc44fd4b89e0587983fc4,65500,0,0,0,0,0,0,36,0,0,0,0,0,0,0,0
1112,30-8-18_16PCC_42,30-8-18_16PCC,2018-08-30,16PCC,42,patches/S2_30-8-18_16PCC/S2_30-8-18_16PCC_42.tif,patches/S2_30-8-18_16PCC/S2_30-8-18_16PCC_42_cl.tif,patches/S2_30-8-18_16PCC/S2_30-8-18_16PCC_42_conf.tif,test,-88.10556099536325,16.02033786930484,EPSG:32616,10.0,10.0,11,float32,,"(1.0, 1.0, 1.0, 1.0, 1.0, 1.0, 1.0, 1.0, 1.0, 1.0, 1.0)","(0.0, 0.0, 0.0, 0.0, 0.0, 0.0, 0.0, 0.0, 0.0, 0.0, 0.0)",380440.0,1770220.0,383000.0,1772780.0,65536,1,65536,1,0,0,0,0,0,0,2efa3b69a9435b6fcdf3ffb8871c3aae2ccb63dfcd397a008960ee912f922666,33291605e44e4dcfc1eccf5ae5f85c9370bca574716295105db1fbd22fe1c84b,4aa83e5cd2dbc8d50da32f9e6c4fdad9cedcbe384bed70af6259e2719057f8f9,65535,1,0,0,0,0,0,0,0,0,0,0,0,0,0,0
1113,30-8-18_16PCC_43,30-8-18_16PCC,2018-08-30,16PCC,43,patches/S2_30-8-18_16PCC/S2_30-8-18_16PCC_43.tif,patches/S2_30-8-18_16PCC/S2_30-8-18_16PCC_43_cl.tif,patches/S2_30-8-18_16PCC/S2_30-8-18_16PCC_43_conf.tif,test,-88.10543367797212,15.997198765469005,EPSG:32616,10.0,10.0,11,float32,,"(1.0, 1.0, 1.0, 1.0, 1.0, 1.0, 1.0, 1.0, 1.0, 1.0, 1.0)","(0.0, 0.0, 0.0, 0.0, 0.0, 0.0, 0.0, 0.0, 0.0, 0.0, 0.0)",380440.0,1767660.0,383000.0,1770220.0,65536,63,65536,63,0,0,0,0,0,0,82fe7164007a87015750f9adece1a2b7bdad7b52f8bdf60e5ea120b74037310a,db77105ca696aed9c2e178aa92c7a0d2c86a5f1a131c48be3bddcbdc49c247ea,9fd82e897af34c2d567a659b6d390461036e055efc673d07de051662e0f51037,65473,0,0,0,0,0,0,63,0,0,0,0,0,0,0,0
1114,30-8-18_16PCC_44,30-8-18_16PCC,2018-08-30,16PCC,44,patches/S2_30-8-18_16PCC/S2_30-8-18_16PCC_44.tif,patches/S2_30-8-18_16PCC/S2_30-8-18_16PCC_44_cl.tif,patches/S2_30-8-18_16PCC/S2_30-8-18_16PCC_44_conf.tif,test,-88.10417195176399,15.765804947902808,EPSG:32616,10.0,10.0,11,float32,,"(1.0, 1.0, 1.0, 1.0, 1.0, 1.0, 1.0, 1.0, 1.0, 1.0, 1.0)","(0.0, 0.0, 0.0, 0.0, 0.0, 0.0, 0.0, 0.0, 0.0, 0.0, 0.0)",380440.0,1742060.0,383000.0,1744620.0,65536,31,65536,31,0,0,0,0,0,0,4c3142226a3f75a48af20c14beff5788d4348220501bd70b306ee8f8d6e88dca,6429e51a8ad2ecf09e07cd7cf8da55adc919d7092f009c94bb436599a747fa6f,e76524e562ad334cd7f22aa9efc06ca8c6afc59ecff1c1e05368886da9a23c31,65505,1,0,0,0,0,0,30,0,0,0,0,0,0,0,0
1115,30-8-18_16PCC_45,30-8-18_16PCC,2018-08-30,16PCC,45,patches/S2_30-8-18_16PCC/S2_30-8-18_16PCC_45.tif,patches/S2_30-8-18_16PCC/S2_30-8-18_16PCC_45_cl.tif,patches/S2_30-8-18_16PCC/S2_30-8-18_16PCC_45_conf.tif,test,-88.08163583163557,16.02045977209483,EPSG:32616,10.0,10.0,11,float32,,"(1.0, 1.0, 1.0, 1.0, 1.0, 1.0, 1.0, 1.0, 1.0, 1.0, 1.0)","(0.0, 0.0, 0.0, 0.0, 0.0, 0.0, 0.0, 0.0, 0.0, 0.0, 0.0)",383000.0,1770220.0,385560.0,1772780.0,65536,18,65536,18,0,0,0,0,0,0,c343fe012efea2450175d71eb1a074dcbbc240317d36876da83f7d85f06fd8c8,4c1cb9cdca0f1c6986dbfb41f021ea8c534688e5b81cb0e96fc913a210e02e89,0b0acc36371e35fc9bf58caa70ec37006139252bced915092045acb0325eb1b5,65518,2,0,0,0,0,0,16,0,0,0,0,0,0,0,0
1116,30-8-18_16PCC_5,30-8-18_16PCC,2018-08-30,16PCC,5,patches/S2_30-8-18_16PCC/S2_30-8-18_16PCC_5.tif,patches/S2_30-8-18_16PCC/S2_30-8-18_16PCC_5_cl.tif,patches/S2_30-8-18_16PCC/S2_30-8-18_16PCC_5_conf.tif,test,-88.65520213409127,15.94739728771439,EPSG:32616,10.0,10.0,11,float32,,"(1.0, 1.0, 1.0, 1.0, 1.0, 1.0, 1.0, 1.0, 1.0, 1.0, 1.0)","(0.0, 0.0, 0.0, 0.0, 0.0, 0.0, 0.0, 0.0, 0.0, 0.0, 0.0)",321560.0,1762540.0,324120.0,1765100.0,65536,7,65536,7,0,0,0,0,0,0,6b51b01adf24b041aee4db2f83c9fd5b3c75a651d6d2ea062e385f3dbf16317c,0f4552a36428a2e2ece243abccde189bcb0873923252245ef1d142738eb51e92,5e9f9f94795a38025d4395d6f64bb16f765f80406244bf2ba5513acf59ab1bc1,65529,7,0,0,0,0,0,0,0,0,0,0,0,0,0,0
1117,30-8-18_16PCC_6,30-8-18_16PCC,2018-08-30,16PCC,6,patches/S2_30-8-18_16PCC/S2_30-8-18_16PCC_6.tif,patches/S2_30-8-18_16PCC/S2_30-8-18_16PCC_6_cl.tif,patches/S2_30-8-18_16PCC/S2_30-8-18_16PCC_6_conf.tif,test,-88.63110419899834,15.924445475129424,EPSG:32616,10.0,10.0,11,float32,,"(1.0, 1.0, 1.0, 1.0, 1.0, 1.0, 1.0, 1.0, 1.0, 1.0, 1.0)","(0.0, 0.0, 0.0, 0.0, 0.0, 0.0, 0.0, 0.0, 0.0, 0.0, 0.0)",324120.0,1759980.0,326680.0,1762540.0,65536,3,65536,3,0,0,0,0,0,0,936b9c5404082b8777896eeec37ea358c4f8fef008f585cf50b63d7cd52916d8,238904c92bc3b80a05bbfdfacc29ee5d91e34d131a83066d4cc8f0e53df35e5a,bd9e3776323257c72773fcfc34f5e2d912ede44a69893823af7c046600034130,65533,2,0,0,0,0,0,1,0,0,0,0,0,0,0,0
1118,30-8-18_16PCC_7,30-8-18_16PCC,2018-08-30,16PCC,7,patches/S2_30-8-18_16PCC/S2_30-8-18_16PCC_7.tif,patches/S2_30-8-18_16PCC/S2_30-8-18_16PCC_7_cl.tif,patches/S2_30-8-18_16PCC/S2_30-8-18_16PCC_7_conf.tif,test,-88.6309175576737,15.901311263517327,EPSG:32616,10.0,10.0,11,float32,,"(1.0, 1.0, 1.0, 1.0, 1.0, 1.0, 1.0, 1.0, 1.0, 1.0, 1.0)","(0.0, 0.0, 0.0, 0.0, 0.0, 0.0, 0.0, 0.0, 0.0, 0.0, 0.0)",324120.0,1757420.0,326680.0,1759980.0,65536,2,65536,2,0,0,0,0,0,0,fb01662dfdedb211b547e1a5d8ea883087ab4977995603b0b1584922276899d9,f33b087733aa9192d96aadd45bbaa75af0df07eafca0a661152ba5b7265def55,c3960510cec2f1781e6b102ee982b025cc3bbf82a11e0c4288064e382772eba0,65534,2,0,0,0,0,0,0,0,0,0,0,0,0,0,0
1119,30-8-18_16PCC_8,30-8-18_16PCC,2018-08-30,16PCC,8,patches/S2_30-8-18_16PCC/S2_30-8-18_16PCC_8.tif,patches/S2_30-8-18_16PCC/S2_30-8-18_16PCC_8_cl.tif,patches/S2_30-8-18_16PCC/S2_30-8-18_16PCC_8_conf.tif,test,-88.63073122329784,15.878177000318397,EPSG:32616,10.0,10.0,11,float32,,"(1.0, 1.0, 1.0, 1.0, 1.0, 1.0, 1.0, 1.0, 1.0, 1.0, 1.0)","(0.0, 0.0, 0.0, 0.0, 0.0, 0.0, 0.0, 0.0, 0.0, 0.0, 0.0)",324120.0,1754860.0,326680.0,1757420.0,65536,5,65536,5,0,0,0,0,0,0,17d87da2580a3ba371c6d730c83307cead5753b0354e14429cdc40275910772f,0148f0ab2759abc15bb7feddcac3910f5e7e23db38cd00d8a0b713cc79a87aad,2c19987d609765ebd3dbe2342612280a52352adbcea5e6ae9047d316aa9509b6,65531,4,0,0,0,0,0,1,0,0,0,0,0,0,0,0
1120,30-8-18_16PCC_9,30-8-18_16PCC,2018-08-30,16PCC,9,patches/S2_30-8-18_16PCC/S2_30-8-18_16PCC_9.tif,patches/S2_30-8-18_16PCC/S2_30-8-18_16PCC_9_cl.tif,patches/S2_30-8-18_16PCC/S2_30-8-18_16PCC_9_conf.tif,test,-88.63054519570606,15.85504268560066,EPSG:32616,10.0,10.0,11,float32,,"(1.0, 1.0, 1.0, 1.0, 1.0, 1.0, 1.0, 1.0, 1.0, 1.0, 1.0)","(0.0, 0.0, 0.0, 0.0, 0.0, 0.0, 0.0, 0.0, 0.0, 0.0, 0.0)",324120.0,1752300.0,326680.0,1754860.0,65536,109,65536,109,0,0,0,0,0,0,176619eee6cabf279059135a08f0cb3edba560f219d90d2cab69e495ee75bf77,a71f653eb32e21cda28d5d358bd4e552d91410d7198b15b0339c32396feddd10,d4148cd6537889630eef2abddc1132cd21b75ae573e23100eefec883ebfb0158,65427,0,0,0,0,84,0,25,0,0,0,0,0,0,0,0
1121,4-12-20_18QYF_0,4-12-20_18QYF,2020-12-04,18QYF,0,patches/S2_4-12-20_18QYF/S2_4-12-20_18QYF_0.tif,patches/S2_4-12-20_18QYF/S2_4-12-20_18QYF_0_cl.tif,patches/S2_4-12-20_18QYF/S2_4-12-20_18QYF_0_conf.tif,train,-72.72086502078776,18.78195020490671,EPSG:32618,10.0,10.0,11,float32,,"(1.0, 1.0, 1.0, 1.0, 1.0, 1.0, 1.0, 1.0, 1.0, 1.0, 1.0)","(0.0, 0.0, 0.0, 0.0, 0.0, 0.0, 0.0, 0.0, 0.0, 0.0, 0.0)",738960.0,2076960.0,741520.0,2079520.0,65536,2268,65536,2268,0,0,0,48,0,0,959009e3d8de4c999dbdbcb1272c38f18108f7fb79231ed6f6df32c1222682a3,0001b4751fb4a8114186a62524118f6e035f016226428f524293587857a50fa6,1a38249f693cb1001297db5b3daa6f16905b7744f1e3bb5b40cdd15f989172af,63268,0,0,0,0,0,2244,24,0,0,0,0,0,0,0,0
1122,4-12-20_18QYF_1,4-12-20_18QYF,2020-12-04,18QYF,1,patches/S2_4-12-20_18QYF/S2_4-12-20_18QYF_1.tif,patches/S2_4-12-20_18QYF/S2_4-12-20_18QYF_1_cl.tif,patches/S2_4-12-20_18QYF/S2_4-12-20_18QYF_1_conf.tif,train,-72.67168516750836,18.827586939533628,EPSG:32618,10.0,10.0,11,float32,,"(1.0, 1.0, 1.0, 1.0, 1.0, 1.0, 1.0, 1.0, 1.0, 1.0, 1.0)","(0.0, 0.0, 0.0, 0.0, 0.0, 0.0, 0.0, 0.0, 0.0, 0.0, 0.0)",744080.0,2082080.0,746640.0,2084640.0,65536,119,65536,119,0,0,0,68,0,0,bfcf1cd848b2a4fd4f7d5185ee9ab3019db457d6ebdf8a14fec46fa3267dce2a,1e8d52b82d86fb2f2fcd9da06ff4e4f0b9101b6c628092a3d3faacf8460edd94,e9ceab4d415e489c6acf73e56dc0e5bd3a8dd3eecdbb6bea853283a3877c65ee,65417,0,0,0,0,31,0,48,0,0,0,0,0,0,40,0
1123,4-12-20_18QYF_2,4-12-20_18QYF,2020-12-04,18QYF,2,patches/S2_4-12-20_18QYF/S2_4-12-20_18QYF_2.tif,patches/S2_4-12-20_18QYF/S2_4-12-20_18QYF_2_cl.tif,patches/S2_4-12-20_18QYF/S2_4-12-20_18QYF_2_conf.tif,train,-72.67200350378384,18.80446920764687,EPSG:32618,10.0,10.0,11,float32,,"(1.0, 1.0, 1.0, 1.0, 1.0, 1.0, 1.0, 1.0, 1.0, 1.0, 1.0)","(0.0, 0.0, 0.0, 0.0, 0.0, 0.0, 0.0, 0.0, 0.0, 0.0, 0.0)",744080.0,2079520.0,746640.0,2082080.0,65536,181,65536,181,0,0,0,32,0,0,473357290881e51f60f6db9994260773c8bb3c944fba7ecbb0a4ee7c5b66ddc6,50ddfe83a9d4f410c85edf2f52e749cbc5fbae6bf22d8e2c8bc1f7260f718b7d,6b9337e835591a8e1dd82de0ea05263bd0b25f24874593195be3de084756e4f1,65355,0,0,0,0,0,0,32,0,0,0,149,0,0,0,0
1124,4-12-20_18QYF_3,4-12-20_18QYF,2020-12-04,18QYF,3,patches/S2_4-12-20_18QYF/S2_4-12-20_18QYF_3.tif,patches/S2_4-12-20_18QYF/S2_4-12-20_18QYF_3_cl.tif,patches/S2_4-12-20_18QYF/S2_4-12-20_18QYF_3_conf.tif,train,-72.67232137624794,18.78135141337111,EPSG:32618,10.0,10.0,11,float32,,"(1.0, 1.0, 1.0, 1.0, 1.0, 1.0, 1.0, 1.0, 1.0, 1.0, 1.0)","(0.0, 0.0, 0.0, 0.0, 0.0, 0.0, 0.0, 0.0, 0.0, 0.0, 0.0)",744080.0,2076960.0,746640.0,2079520.0,65536,6,65536,6,0,0,0,24,0,0,adfddb6c64a4ec195e878fd56812c67b8dac015c04cda32baa77a5f0005f6e2f,c6a2d979278844a922dacdae99927a4040ce66818e6ff863248b15955bdb887c,e536af8bd5d709c4a5b8deac046396f56d90ee811108bbabe9c49af802ccafdf,65530,5,0,0,0,0,0,1,0,0,0,0,0,0,0,0
1125,4-12-20_18QYF_4,4-12-20_18QYF,2020-12-04,18QYF,4,patches/S2_4-12-20_18QYF/S2_4-12-20_18QYF_4.tif,patches/S2_4-12-20_18QYF/S2_4-12-20_18QYF_4_cl.tif,patches/S2_4-12-20_18QYF/S2_4-12-20_18QYF_4_conf.tif,train,-72.64772906728263,18.804164687660922,EPSG:32618,10.0,10.0,11,float32,,"(1.0, 1.0, 1.0, 1.0, 1.0, 1.0, 1.0, 1.0, 1.0, 1.0, 1.0)","(0.0, 0.0, 0.0, 0.0, 0.0, 0.0, 0.0, 0.0, 0.0, 0.0, 0.0)",746640.0,2079520.0,749200.0,2082080.0,65536,200,65536,200,0,0,0,228,0,0,511e900b5e0cec55c9dd65fbbc3aa070670bc96f14d6b3d84436ac0742e3d175,ed61b18da1572667abb72798ae1bbfce6cfbe0be4e5a60621930548de42e56e7,a9cf75dbaffba76481221019ff4546eda85ea871475980284a4b7533df632daf,65336,0,0,0,0,0,0,14,0,0,0,186,0,0,0,0
1126,4-12-20_18QYF_5,4-12-20_18QYF,2020-12-04,18QYF,5,patches/S2_4-12-20_18QYF/S2_4-12-20_18QYF_5.tif,patches/S2_4-12-20_18QYF/S2_4-12-20_18QYF_5_cl.tif,patches/S2_4-12-20_18QYF/S2_4-12-20_18QYF_5_conf.tif,train,-72.59918160500312,18.803546191313913,EPSG:32618,10.0,10.0,11,float32,,"(1.0, 1.0, 1.0, 1.0, 1.0, 1.0, 1.0, 1.0, 1.0, 1.0, 1.0)","(0.0, 0.0, 0.0, 0.0, 0.0, 0.0, 0.0, 0.0, 0.0, 0.0, 0.0)",751760.0,2079520.0,754320.0,2082080.0,65536,5,65536,5,0,0,0,264,0,0,e7aa756f41a0fb0015481126e35589c9bf822424c4f9be3731458037bd2c7950,357ce2ed29bfe8f687fadc033d0bdc692fa33ad3a2ce1b489ee71fc200ea99fc,36d92e251b1532864436dab5673edd53a034362f9aefb502d09d177d7892d015,65531,4,0,0,0,0,0,1,0,0,0,0,0,0,0,0
1127,4-12-20_18QYF_6,4-12-20_18QYF,2020-12-04,18QYF,6,patches/S2_4-12-20_18QYF/S2_4-12-20_18QYF_6.tif,patches/S2_4-12-20_18QYF/S2_4-12-20_18QYF_6_cl.tif,patches/S2_4-12-20_18QYF/S2_4-12-20_18QYF_6_conf.tif,train,-72.57490858886804,18.80323221548466,EPSG:32618,10.0,10.0,11,float32,,"(1.0, 1.0, 1.0, 1.0, 1.0, 1.0, 1.0, 1.0, 1.0, 1.0, 1.0)","(0.0, 0.0, 0.0, 0.0, 0.0, 0.0, 0.0, 0.0, 0.0, 0.0, 0.0)",754320.0,2079520.0,756880.0,2082080.0,65536,3,65536,3,0,0,0,192,0,0,9837a3b9733bc9ee951e1224bd5d98e56779ebd9c72d0962a8dc9a1ff358e50b,f0d09e3f9b00e9eef225796e495c0f650508e05b85fc17d4791e5e6534d9017f,b08da1238738e7a11bc1016c3ea70561b1e3142fd0883e45006d2a88c91ab0e8,65533,2,0,0,0,0,0,1,0,0,0,0,0,0,0,0
1128,4-12-20_18QYF_7,4-12-20_18QYF,2020-12-04,18QYF,7,patches/S2_4-12-20_18QYF/S2_4-12-20_18QYF_7.tif,patches/S2_4-12-20_18QYF/S2_4-12-20_18QYF_7_cl.tif,patches/S2_4-12-20_18QYF/S2_4-12-20_18QYF_7_conf.tif,train,-72.57523968795888,18.780116052583914,EPSG:32618,10.0,10.0,11,float32,,"(1.0, 1.0, 1.0, 1.0, 1.0, 1.0, 1.0, 1.0, 1.0, 1.0, 1.0)","(0.0, 0.0, 0.0, 0.0, 0.0, 0.0, 0.0, 0.0, 0.0, 0.0, 0.0)",754320.0,2076960.0,756880.0,2079520.0,65536,3,65536,3,0,0,0,804,0,0,3a6d2f68da861df00300104ffbfd8284f7dc5fd23438ebfbb675ebd151ad92b7,9b96c9172bfb755282a2846192eb3438ff0d1edeadd7e45ac084e1cfa1e15091,75af87b31593aa07e588508dd18e92ee9450a61c9f83aed3f0edebb81d1d4576,65533,2,0,0,0,0,0,1,0,0,0,0,0,0,0,0
1129,4-12-20_18QYF_8,4-12-20_18QYF,2020-12-04,18QYF,8,patches/S2_4-12-20_18QYF/S2_4-12-20_18QYF_8.tif,patches/S2_4-12-20_18QYF/S2_4-12-20_18QYF_8_cl.tif,patches/S2_4-12-20_18QYF/S2_4-12-20_18QYF_8_conf.tif,train,-72.55130437821201,18.75668353604476,EPSG:32618,10.0,10.0,11,float32,,"(1.0, 1.0, 1.0, 1.0, 1.0, 1.0, 1.0, 1.0, 1.0, 1.0, 1.0)","(0.0, 0.0, 0.0, 0.0, 0.0, 0.0, 0.0, 0.0, 0.0, 0.0, 0.0)",756880.0,2074400.0,759440.0,2076960.0,65536,28,65536,28,0,0,0,1108,0,0,41eef21c35c5cd4cba571fe6ccbfa91f1c5fefb842f96fab951dd50cfd3eaeaa,493881ad11d6939b28bb7f153362f83d078dd28acb763dda61dc27450cd62e25,967efcebbb5556782a56e0723bbedb299b756668b0cd2570c0a9c35b5910e947,65508,27,0,0,0,0,0,1,0,0,0,0,0,0,0,0
1130,4-3-18_50LLR_0,4-3-18_50LLR,2018-03-04,50LLR,0,patches/S2_4-3-18_50LLR/S2_4-3-18_50LLR_0.tif,patches/S2_4-3-18_50LLR/S2_4-3-18_50LLR_0_cl.tif,patches/S2_4-3-18_50LLR/S2_4-3-18_50LLR_0_conf.tif,test,115.1979076272821,-8.863848030696914,EPSG:32750,10.0,10.0,11,float32,,"(1.0, 1.0, 1.0, 1.0, 1.0, 1.0, 1.0, 1.0, 1.0, 1.0, 1.0)","(0.0, 0.0, 0.0, 0.0, 0.0, 0.0, 0.0, 0.0, 0.0, 0.0, 0.0)",300540.0,9018440.0,303100.0,9021000.0,65536,2,65536,2,0,0,0,8,0,0,90fe0df68aa97acd2eb31a5505217f41ebe227a7758ef4442c2194f9582b9c00,98186829c5fb52bc624a97788bd9799c000b9c1efd9c720bcd3aecd558ddf347,40d650548b1b66560a168406467e88c44661b8f97fca1713fe9f213d2f91a9da,65534,1,0,0,0,0,0,1,0,0,0,0,0,0,0,0
1131,4-3-18_50LLR_1,4-3-18_50LLR,2018-03-04,50LLR,1,patches/S2_4-3-18_50LLR/S2_4-3-18_50LLR_1.tif,patches/S2_4-3-18_50LLR/S2_4-3-18_50LLR_1_cl.tif,patches/S2_4-3-18_50LLR/S2_4-3-18_50LLR_1_conf.tif,test,115.2214006099983,-8.817670709024748,EPSG:32750,10.0,10.0,11,float32,,"(1.0, 1.0, 1.0, 1.0, 1.0, 1.0, 1.0, 1.0, 1.0, 1.0, 1.0)","(0.0, 0.0, 0.0, 0.0, 0.0, 0.0, 0.0, 0.0, 0.0, 0.0, 0.0)",303100.0,9023560.0,305660.0,9026120.0,65536,18,65536,18,0,0,0,0,0,0,d3c682aa1b87763f6353aab7f6c0bd94ec1e91b8cc1552094d299acbf2616f5b,27926196ab071c7c88d77d6f7ef92b6b3feee74f2d499e9967f90073a5ca73b2,8776d8c7a78dde9836d53dbb5520f6ba3e883d914469ea173e3ae9a949f3ffed,65518,0,0,0,0,0,0,0,0,0,0,18,0,0,0,0
1132,4-3-18_50LLR_10,4-3-18_50LLR,2018-03-04,50LLR,10,patches/S2_4-3-18_50LLR/S2_4-3-18_50LLR_10.tif,patches/S2_4-3-18_50LLR/S2_4-3-18_50LLR_10_cl.tif,patches/S2_4-3-18_50LLR/S2_4-3-18_50LLR_10_conf.tif,test,115.5005450650274,-8.842036736365168,EPSG:32750,10.0,10.0,11,float32,,"(1.0, 1.0, 1.0, 1.0, 1.0, 1.0, 1.0, 1.0, 1.0, 1.0, 1.0)","(0.0, 0.0, 0.0, 0.0, 0.0, 0.0, 0.0, 0.0, 0.0, 0.0, 0.0)",333820.0,9021000.0,336380.0,9023560.0,65536,9,65536,9,0,0,0,0,0,0,e6914fcfd8e2770d3dbd17c77982c677cb970544c50b7e11899c9ec9382bf2f7,0e351b668af640b347c87e88a4fccf22e262f49ed0f53095dd232c60ae3c8e7e,da3e9b22ce72475e9a376d3a3d8a5e1c94cc602f8b7ebe3db208ce84da3d5608,65527,7,0,0,0,0,0,2,0,0,0,0,0,0,0,0
1133,4-3-18_50LLR_11,4-3-18_50LLR,2018-03-04,50LLR,11,patches/S2_4-3-18_50LLR/S2_4-3-18_50LLR_11.tif,patches/S2_4-3-18_50LLR/S2_4-3-18_50LLR_11_cl.tif,patches/S2_4-3-18_50LLR/S2_4-3-18_50LLR_11_conf.tif,test,115.6049218556144,-8.888014541216677,EPSG:32750,10.0,10.0,11,float32,,"(1.0, 1.0, 1.0, 1.0, 1.0, 1.0, 1.0, 1.0, 1.0, 1.0, 1.0)","(0.0, 0.0, 0.0, 0.0, 0.0, 0.0, 0.0, 0.0, 0.0, 0.0, 0.0)",345320.0,9015960.0,347880.0,9018520.0,65536,173,65536,173,0,0,0,0,0,0,02c9ef9f480f16b0857785e92c79d1996b4be93dd6f8fb653de2e11389820427,58c647a46be0ccdcb7652d0a48bc03daca4cbb6922214b0f62e76f1aecce939c,344c483cf73bd3d0546003e56af57a23ae871bdff97ac8b2187d0355292e3097,65363,0,0,0,0,0,0,173,0,0,0,0,0,0,0,0
1134,4-3-18_50LLR_12,4-3-18_50LLR,2018-03-04,50LLR,12,patches/S2_4-3-18_50LLR/S2_4-3-18_50LLR_12.tif,patches/S2_4-3-18_50LLR/S2_4-3-18_50LLR_12_cl.tif,patches/S2_4-3-18_50LLR/S2_4-3-18_50LLR_12_conf.tif,test,115.65122105406655,-8.957633058175807,EPSG:32750,10.0,10.0,11,float32,,"(1.0, 1.0, 1.0, 1.0, 1.0, 1.0, 1.0, 1.0, 1.0, 1.0, 1.0)","(0.0, 0.0, 0.0, 0.0, 0.0, 0.0, 0.0, 0.0, 0.0, 0.0, 0.0)",350440.0,9008280.0,353000.0,9010840.0,65536,75,65536,75,0,0,0,0,0,0,35a098f7bca96160c62c44dac7023b6d38eed347f42df7d943c2e2ac19b01c66,c17651a2a5c13f97605e2355b049083e2a713dc97e2b5f96802f972d75e753f0,cbf8722391034c252349bd79cc155569ff848046346d4b5719281e7cc8729373,65461,0,0,0,0,0,0,14,0,0,0,0,61,0,0,0
1135,4-3-18_50LLR_13,4-3-18_50LLR,2018-03-04,50LLR,13,patches/S2_4-3-18_50LLR/S2_4-3-18_50LLR_13.tif,patches/S2_4-3-18_50LLR/S2_4-3-18_50LLR_13_cl.tif,patches/S2_4-3-18_50LLR/S2_4-3-18_50LLR_13_conf.tif,test,115.67491949207201,-8.841970578282572,EPSG:32750,10.0,10.0,11,float32,,"(1.0, 1.0, 1.0, 1.0, 1.0, 1.0, 1.0, 1.0, 1.0, 1.0, 1.0)","(0.0, 0.0, 0.0, 0.0, 0.0, 0.0, 0.0, 0.0, 0.0, 0.0, 0.0)",353000.0,9021080.0,355560.0,9023640.0,65536,195,65536,195,0,0,0,0,0,0,f77f4baeae3de4d22a454196ca0f0556761c18e07acc09fa5b23e50ec46a549c,d7c4b59cc67bdb1c221b7eef6e221c3ce84261b7144a6c098c0400f25556a54d,5481b1f39cbde6a32ab087d0d7322fd63036f59d8a70ec17816366fadc0cf406,65341,0,0,0,0,0,0,31,0,0,0,0,164,0,0,0
1136,4-3-18_50LLR_14,4-3-18_50LLR,2018-03-04,50LLR,14,patches/S2_4-3-18_50LLR/S2_4-3-18_50LLR_14.tif,patches/S2_4-3-18_50LLR/S2_4-3-18_50LLR_14_cl.tif,patches/S2_4-3-18_50LLR/S2_4-3-18_50LLR_14_conf.tif,test,115.67483662654125,-8.86511995993746,EPSG:32750,10.0,10.0,11,float32,,"(1.0, 1.0, 1.0, 1.0, 1.0, 1.0, 1.0, 1.0, 1.0, 1.0, 1.0)","(0.0, 0.0, 0.0, 0.0, 0.0, 0.0, 0.0, 0.0, 0.0, 0.0, 0.0)",353000.0,9018520.0,355560.0,9021080.0,65536,239,65536,239,0,0,0,0,0,0,ec71cc1f16490355e98dd9758e310bdd630438ce885f859acbd32f60b89e4755,b3bbbbbf0f7407ec14e2518d2e447abcf7199dacf4de3e5cb350258bd2fc8913,b9cdf33da40123725ea0efc23b950986a49fa56048a73b6d8068b28cd637393b,65297,0,0,0,0,0,0,6,0,0,0,0,233,0,0,0
1137,4-3-18_50LLR_15,4-3-18_50LLR,2018-03-04,50LLR,15,patches/S2_4-3-18_50LLR/S2_4-3-18_50LLR_15.tif,patches/S2_4-3-18_50LLR/S2_4-3-18_50LLR_15_cl.tif,patches/S2_4-3-18_50LLR/S2_4-3-18_50LLR_15_conf.tif,test,115.674586677646,-8.934567928342675,EPSG:32750,10.0,10.0,11,float32,,"(1.0, 1.0, 1.0, 1.0, 1.0, 1.0, 1.0, 1.0, 1.0, 1.0, 1.0)","(0.0, 0.0, 0.0, 0.0, 0.0, 0.0, 0.0, 0.0, 0.0, 0.0, 0.0)",353000.0,9010840.0,355560.0,9013400.0,65536,223,65536,223,0,0,0,0,0,0,2150431c9474e9d1d700901b70b521534649ce928bf1389f9636046d2a628404,a85b91dbdc6e7708267bac8480d4d63f6dd0663db05a6658b635771327f492a4,c9954d01f6941f824f64ac0caf124ef18f18e71fd823db69241e1f2e84a849da,65313,0,0,0,0,0,0,26,0,0,0,0,197,0,0,0
1138,4-3-18_50LLR_16,4-3-18_50LLR,2018-03-04,50LLR,16,patches/S2_4-3-18_50LLR/S2_4-3-18_50LLR_16.tif,patches/S2_4-3-18_50LLR/S2_4-3-18_50LLR_16_cl.tif,patches/S2_4-3-18_50LLR/S2_4-3-18_50LLR_16_conf.tif,test,115.69819426188086,-8.842052163442037,EPSG:32750,10.0,10.0,11,float32,,"(1.0, 1.0, 1.0, 1.0, 1.0, 1.0, 1.0, 1.0, 1.0, 1.0, 1.0)","(0.0, 0.0, 0.0, 0.0, 0.0, 0.0, 0.0, 0.0, 0.0, 0.0, 0.0)",355560.0,9021080.0,358120.0,9023640.0,65536,3,65536,3,0,0,0,0,0,0,26c3f7768a389160b7b1690b38bb0b81eb4da3bd5e1db8159ac27bc1e89d0d01,46ffcf2934329e921777e92ed67978642c9832b083934a3d1f19acd5a172c148,a03032fec17c09f725a8bc872021e0429c966d13c216f375c34baf8bad547d43,65533,0,0,0,0,0,0,0,0,0,0,0,3,0,0,0
1139,4-3-18_50LLR_17,4-3-18_50LLR,2018-03-04,50LLR,17,patches/S2_4-3-18_50LLR/S2_4-3-18_50LLR_17.tif,patches/S2_4-3-18_50LLR/S2_4-3-18_50LLR_17_cl.tif,patches/S2_4-3-18_50LLR/S2_4-3-18_50LLR_17_conf.tif,test,115.6981128508553,-8.865201762005482,EPSG:32750,10.0,10.0,11,float32,,"(1.0, 1.0, 1.0, 1.0, 1.0, 1.0, 1.0, 1.0, 1.0, 1.0, 1.0)","(0.0, 0.0, 0.0, 0.0, 0.0, 0.0, 0.0, 0.0, 0.0, 0.0, 0.0)",355560.0,9018520.0,358120.0,9021080.0,65536,14,65536,14,0,0,0,0,0,0,7fce035e26f07c84a9d3e0106c39aeb02e6cf98578c1b6dd195464c6c2cf02b5,93e4a5a7b0216c2bdc56ac32dc5b7492dd52c223cbed6b9f0770a6213dfc9610,ab5e8f963fd7565f7660f64c0057192a60dd82cae8ccbc2d9742f6a2b33dd35c,65522,0,0,0,0,0,0,0,0,0,0,0,14,0,0,0
1140,4-3-18_50LLR_18,4-3-18_50LLR,2018-03-04,50LLR,18,patches/S2_4-3-18_50LLR/S2_4-3-18_50LLR_18.tif,patches/S2_4-3-18_50LLR/S2_4-3-18_50LLR_18_cl.tif,patches/S2_4-3-18_50LLR/S2_4-3-18_50LLR_18_conf.tif,test,115.74482274989668,-8.819060949325989,EPSG:32750,10.0,10.0,11,float32,,"(1.0, 1.0, 1.0, 1.0, 1.0, 1.0, 1.0, 1.0, 1.0, 1.0, 1.0)","(0.0, 0.0, 0.0, 0.0, 0.0, 0.0, 0.0, 0.0, 0.0, 0.0, 0.0)",360680.0,9023640.0,363240.0,9026200.0,65536,136,65536,136,0,0,0,0,0,0,b48aaca4eaa278852933971813d1cae983e35e447b8623fefb87bffe67d00e6f,93c0a6bed057021dfc839f78b9c5e4a418afbb31181b254e53d92165cf73575c,500d618f2350183aff583d1b59ca67f93286cf3e3435c7f1847c67cc2476543e,65400,0,0,0,0,0,0,24,0,0,0,0,112,0,0,0
1141,4-3-18_50LLR_19,4-3-18_50LLR,2018-03-04,50LLR,19,patches/S2_4-3-18_50LLR/S2_4-3-18_50LLR_19.tif,patches/S2_4-3-18_50LLR/S2_4-3-18_50LLR_19_cl.tif,patches/S2_4-3-18_50LLR/S2_4-3-18_50LLR_19_conf.tif,test,115.7443498170471,-8.957960809950709,EPSG:32750,10.0,10.0,11,float32,,"(1.0, 1.0, 1.0, 1.0, 1.0, 1.0, 1.0, 1.0, 1.0, 1.0, 1.0)","(0.0, 0.0, 0.0, 0.0, 0.0, 0.0, 0.0, 0.0, 0.0, 0.0, 0.0)",360680.0,9008280.0,363240.0,9010840.0,65536,45,65536,45,0,0,0,0,0,0,2c9418e1fc3c83aa391261b006254f3ed96c6e96a8e006d661bceeee74e564b4,f1c7daca437d883351be2ced67e645dc6d4e022b824956ab060f6d01afbd03e8,5e6e32e3ff8510dae220c8251a58a114a152663a7db2f14d7a7b66c9cf279d0d,65491,0,0,0,0,0,0,45,0,0,0,0,0,0,0,0
1142,4-3-18_50LLR_2,4-3-18_50LLR,2018-03-04,50LLR,2,patches/S2_4-3-18_50LLR/S2_4-3-18_50LLR_2.tif,patches/S2_4-3-18_50LLR/S2_4-3-18_50LLR_2_cl.tif,patches/S2_4-3-18_50LLR/S2_4-3-18_50LLR_2_conf.tif,test,115.22128970104824,-8.840815124773645,EPSG:32750,10.0,10.0,11,float32,,"(1.0, 1.0, 1.0, 1.0, 1.0, 1.0, 1.0, 1.0, 1.0, 1.0, 1.0)","(0.0, 0.0, 0.0, 0.0, 0.0, 0.0, 0.0, 0.0, 0.0, 0.0, 0.0)",303100.0,9021000.0,305660.0,9023560.0,65536,3,65536,3,0,0,0,0,0,0,fd87d1fc9579b932ed53c399a5fc4ee95d16a6abcf80bdda31cfd23c2bccaa6a,bda3217bdcbc78db906a8dd7f25081b34a7e653295489be268d3f9455f654960,e470e8b65574071a39c9c572c64e286909100896f5b4f22e34d6c35f837e27b2,65533,1,0,0,1,0,0,1,0,0,0,0,0,0,0,0
1143,4-3-18_50LLR_20,4-3-18_50LLR,2018-03-04,50LLR,20,patches/S2_4-3-18_50LLR/S2_4-3-18_50LLR_20.tif,patches/S2_4-3-18_50LLR/S2_4-3-18_50LLR_20_cl.tif,patches/S2_4-3-18_50LLR/S2_4-3-18_50LLR_20_conf.tif,test,115.76794283627241,-8.86543847632914,EPSG:32750,10.0,10.0,11,float32,,"(1.0, 1.0, 1.0, 1.0, 1.0, 1.0, 1.0, 1.0, 1.0, 1.0, 1.0)","(0.0, 0.0, 0.0, 0.0, 0.0, 0.0, 0.0, 0.0, 0.0, 0.0, 0.0)",363240.0,9018520.0,365800.0,9021080.0,65536,63,65536,63,0,0,0,0,0,0,469182bf9728a6f090b8b125757adbd9d32f7cf644d927df97e096928d5ed485,ec982427ff502fb6ef7f05c98ddd5804454f99b90ef3c8e264ecfc3110d33464,edeab77651ee329d2162f0f6bfa770fb153bccdf724f91f53e46746df13f35c7,65473,0,0,0,0,0,0,6,0,0,0,0,57,0,0,0
1144,4-3-18_50LLR_21,4-3-18_50LLR,2018-03-04,50LLR,21,patches/S2_4-3-18_50LLR/S2_4-3-18_50LLR_21.tif,patches/S2_4-3-18_50LLR/S2_4-3-18_50LLR_21_cl.tif,patches/S2_4-3-18_50LLR/S2_4-3-18_50LLR_21_conf.tif,test,115.24313308016873,-8.911438558626719,EPSG:32750,10.0,10.0,11,float32,,"(1.0, 1.0, 1.0, 1.0, 1.0, 1.0, 1.0, 1.0, 1.0, 1.0, 1.0)","(0.0, 0.0, 0.0, 0.0, 0.0, 0.0, 0.0, 0.0, 0.0, 0.0, 0.0)",305540.0,9013200.0,308100.0,9015760.0,65536,6,65536,6,0,0,0,0,0,0,0090f16a633b770e8c7369a9158573dd188afeacf70b25b291f2c7ffa3f378bd,2a89d22f5103586e45a3fec4699179f53cec70eb9e89f62a216564bb665d683e,493fd2946f9c2d7d6dc0b2b9f5022c5687bc2654e385a2046b9a459517746965,65530,5,0,0,0,0,0,1,0,0,0,0,0,0,0,0
1145,4-3-18_50LLR_22,4-3-18_50LLR,2018-03-04,50LLR,22,patches/S2_4-3-18_50LLR/S2_4-3-18_50LLR_22.tif,patches/S2_4-3-18_50LLR/S2_4-3-18_50LLR_22_cl.tif,patches/S2_4-3-18_50LLR/S2_4-3-18_50LLR_22_conf.tif,test,115.3126373864454,-8.981198109175704,EPSG:32750,10.0,10.0,11,float32,,"(1.0, 1.0, 1.0, 1.0, 1.0, 1.0, 1.0, 1.0, 1.0, 1.0, 1.0)","(0.0, 0.0, 0.0, 0.0, 0.0, 0.0, 0.0, 0.0, 0.0, 0.0, 0.0)",313220.0,9005520.0,315780.0,9008080.0,65536,4,65536,4,0,0,0,0,0,0,ed0ff73ff682d848b89f7f74831a23dfa12a8addafcf2e56bee13a447c8540cb,873bd245b1ca6092139a4cce98e053ef35b820059d73563f630521d104abd009,24e3729ca62335cff26dec5d7cecea722b041e368a8869954626aac8e0be61ce,65532,3,0,0,0,0,0,1,0,0,0,0,0,0,0,0
1146,4-3-18_50LLR_23,4-3-18_50LLR,2018-03-04,50LLR,23,patches/S2_4-3-18_50LLR/S2_4-3-18_50LLR_23.tif,patches/S2_4-3-18_50LLR/S2_4-3-18_50LLR_23_cl.tif,patches/S2_4-3-18_50LLR/S2_4-3-18_50LLR_23_conf.tif,test,115.33549250469447,-9.073886082495738,EPSG:32750,10.0,10.0,11,float32,,"(1.0, 1.0, 1.0, 1.0, 1.0, 1.0, 1.0, 1.0, 1.0, 1.0, 1.0)","(0.0, 0.0, 0.0, 0.0, 0.0, 0.0, 0.0, 0.0, 0.0, 0.0, 0.0)",315780.0,8995280.0,318340.0,8997840.0,65536,240,65536,240,0,0,0,0,0,0,1713fe553f2cc39dbb6341f00fe01002018550bb88afaa8fdd27c55ff7300a38,219594e1df75a9a897a7d36b21d6f23fde2bcc022fcc160d61be887540b00c5e,e0b324a51c7080ffba27eb4f6284638a631a7033fe54668a2bc049b4b23fc280,65296,0,0,0,0,0,223,17,0,0,0,0,0,0,0,0
1147,4-3-18_50LLR_24,4-3-18_50LLR,2018-03-04,50LLR,24,patches/S2_4-3-18_50LLR/S2_4-3-18_50LLR_24.tif,patches/S2_4-3-18_50LLR/S2_4-3-18_50LLR_24_cl.tif,patches/S2_4-3-18_50LLR/S2_4-3-18_50LLR_24_conf.tif,test,115.35877843860013,-9.073991415133344,EPSG:32750,10.0,10.0,11,float32,,"(1.0, 1.0, 1.0, 1.0, 1.0, 1.0, 1.0, 1.0, 1.0, 1.0, 1.0)","(0.0, 0.0, 0.0, 0.0, 0.0, 0.0, 0.0, 0.0, 0.0, 0.0, 0.0)",318340.0,8995280.0,320900.0,8997840.0,65536,189,65536,189,0,0,0,0,0,0,f8d72801f48083474419e352f8ccc58c90c4b917758e12ba57a40bb740a0bde2,775694025dd2752a2341b3084c04b5122ec92cda3456f0c04582c6321861614a,df703c1be8fa60f593b4154dffbd730746157e2895a4c2cf8df82fe3f517c5c0,65347,0,0,0,0,0,179,10,0,0,0,0,0,0,0,0
1148,4-3-18_50LLR_25,4-3-18_50LLR,2018-03-04,50LLR,25,patches/S2_4-3-18_50LLR/S2_4-3-18_50LLR_25.tif,patches/S2_4-3-18_50LLR/S2_4-3-18_50LLR_25_cl.tif,patches/S2_4-3-18_50LLR/S2_4-3-18_50LLR_25_conf.tif,test,115.42903876537808,-8.98171197724743,EPSG:32750,10.0,10.0,11,float32,,"(1.0, 1.0, 1.0, 1.0, 1.0, 1.0, 1.0, 1.0, 1.0, 1.0, 1.0)","(0.0, 0.0, 0.0, 0.0, 0.0, 0.0, 0.0, 0.0, 0.0, 0.0, 0.0)",326020.0,9005520.0,328580.0,9008080.0,65536,2,65536,2,0,0,0,0,0,0,436c7c5db552be94a6174b9f72a7416a2b7556302b6a54176e4032fdfd648f92,fa8edbd11110d655a8b7d2cb03bfa2d4d62b18c776b7d2eae96c2bb91f90b87b,a4fa5f89ba7bc214bca6e1cf4b29065f59cbe6990f6558fc1c0d8839f368334e,65534,1,0,0,0,0,0,1,0,0,0,0,0,0,0,0
1149,4-3-18_50LLR_3,4-3-18_50LLR,2018-03-04,50LLR,3,patches/S2_4-3-18_50LLR/S2_4-3-18_50LLR_3.tif,patches/S2_4-3-18_50LLR/S2_4-3-18_50LLR_3_cl.tif,patches/S2_4-3-18_50LLR/S2_4-3-18_50LLR_3_conf.tif,test,115.2210669761624,-8.88710386648813,EPSG:32750,10.0,10.0,11,float32,,"(1.0, 1.0, 1.0, 1.0, 1.0, 1.0, 1.0, 1.0, 1.0, 1.0, 1.0)","(0.0, 0.0, 0.0, 0.0, 0.0, 0.0, 0.0, 0.0, 0.0, 0.0, 0.0)",303100.0,9015880.0,305660.0,9018440.0,65536,2,65536,2,0,0,0,0,0,0,18715a94a81f2dc5e7a00cfac3539d9f652adea68b63b4dc1f50eaf1d3207984,265f8939d7dff729c686b2a84eb04f6395237cf5a355bbb5291cabd7df1e7e90,60a8a8d1186fb67754728eb9eba20801674627bf899975dc6aba6e3afba5fe30,65534,1,0,0,0,0,0,1,0,0,0,0,0,0,0,0
1150,4-3-18_50LLR_4,4-3-18_50LLR,2018-03-04,50LLR,4,patches/S2_4-3-18_50LLR/S2_4-3-18_50LLR_4.tif,patches/S2_4-3-18_50LLR/S2_4-3-18_50LLR_4_cl.tif,patches/S2_4-3-18_50LLR/S2_4-3-18_50LLR_4_conf.tif,test,115.24466887271414,-8.8177801583873,EPSG:32750,10.0,10.0,11,float32,,"(1.0, 1.0, 1.0, 1.0, 1.0, 1.0, 1.0, 1.0, 1.0, 1.0, 1.0)","(0.0, 0.0, 0.0, 0.0, 0.0, 0.0, 0.0, 0.0, 0.0, 0.0, 0.0)",305660.0,9023560.0,308220.0,9026120.0,65536,51,65536,51,0,0,0,0,0,0,5602df7c9ba1c5ead897ae32da8dd808caa75545632b725a48854a605c596489,07a03664597f29dd60fe6e11ce939dc5579dcee497c71ad24d78b380094e59ad,6313957bd8d33b5c84a7517f9b9c0d585b8e49ae7fe03bef3ec82ec944211a4b,65485,3,0,0,0,0,0,7,0,41,0,0,0,0,0,0
1151,4-3-18_50LLR_5,4-3-18_50LLR,2018-03-04,50LLR,5,patches/S2_4-3-18_50LLR/S2_4-3-18_50LLR_5.tif,patches/S2_4-3-18_50LLR/S2_4-3-18_50LLR_5_cl.tif,patches/S2_4-3-18_50LLR/S2_4-3-18_50LLR_5_conf.tif,test,115.26782942307125,-8.841033163540459,EPSG:32750,10.0,10.0,11,float32,,"(1.0, 1.0, 1.0, 1.0, 1.0, 1.0, 1.0, 1.0, 1.0, 1.0, 1.0)","(0.0, 0.0, 0.0, 0.0, 0.0, 0.0, 0.0, 0.0, 0.0, 0.0, 0.0)",308220.0,9021000.0,310780.0,9023560.0,65536,7,65536,7,0,0,0,0,0,0,fd4e3854919f061998282f68116471697b487bf61234a5ea8f3448407a01dae2,5744b42f0617dbfac89f92192c097481c661c69121f32dc4c906e465bcd0053c,37fc8f01705b925eb031b9d4d75e1c83fed9233fca31cc5822be7befb727acad,65529,4,0,0,0,0,0,1,0,0,0,0,0,0,0,2
1152,4-3-18_50LLR_6,4-3-18_50LLR,2018-03-04,50LLR,6,patches/S2_4-3-18_50LLR/S2_4-3-18_50LLR_6.tif,patches/S2_4-3-18_50LLR/S2_4-3-18_50LLR_6_cl.tif,patches/S2_4-3-18_50LLR/S2_4-3-18_50LLR_6_conf.tif,test,115.29131255992404,-8.794849429350036,EPSG:32750,10.0,10.0,11,float32,,"(1.0, 1.0, 1.0, 1.0, 1.0, 1.0, 1.0, 1.0, 1.0, 1.0, 1.0)","(0.0, 0.0, 0.0, 0.0, 0.0, 0.0, 0.0, 0.0, 0.0, 0.0, 0.0)",310780.0,9026120.0,313340.0,9028680.0,65536,16,65536,16,0,0,0,0,0,0,23f6248a14f95b4be62079d3565479d64c8dc4392ea991e049b7c605173b829a,ff3b4097939107d31c81f730c9c5e8e88afa923c563575ec46948a2327f4fdeb,92a552d23e74d75619e22f552aa90ac7372edc3c96d1d8478ede8eb620a559bf,65520,0,0,0,0,0,0,16,0,0,0,0,0,0,0,0
1153,4-3-18_50LLR_7,4-3-18_50LLR,2018-03-04,50LLR,7,patches/S2_4-3-18_50LLR/S2_4-3-18_50LLR_7.tif,patches/S2_4-3-18_50LLR/S2_4-3-18_50LLR_7_cl.tif,patches/S2_4-3-18_50LLR/S2_4-3-18_50LLR_7_conf.tif,test,115.4081450428196,-8.679625522296776,EPSG:32750,10.0,10.0,11,float32,,"(1.0, 1.0, 1.0, 1.0, 1.0, 1.0, 1.0, 1.0, 1.0, 1.0, 1.0)","(0.0, 0.0, 0.0, 0.0, 0.0, 0.0, 0.0, 0.0, 0.0, 0.0, 0.0)",323580.0,9038920.0,326140.0,9041480.0,65536,133,65536,133,0,0,0,0,0,0,c0f9eac1eef629866b9425f57a6e4c11fe8ef1f2c56901032bd326a56b7299b7,feb56a03a6a8561bc545ab9f781833062ec9dfc128c449708166d8915f8d72f2,089b2761c8af43310d980ab110be775edf5968349944ef4c3e5a85cb9c8e51c8,65403,14,0,0,2,14,0,59,0,0,0,0,0,0,41,3
1154,4-3-18_50LLR_8,4-3-18_50LLR,2018-03-04,50LLR,8,patches/S2_4-3-18_50LLR/S2_4-3-18_50LLR_8.tif,patches/S2_4-3-18_50LLR/S2_4-3-18_50LLR_8_cl.tif,patches/S2_4-3-18_50LLR/S2_4-3-18_50LLR_8_conf.tif,test,115.43140696505124,-8.67972188760715,EPSG:32750,10.0,10.0,11,float32,,"(1.0, 1.0, 1.0, 1.0, 1.0, 1.0, 1.0, 1.0, 1.0, 1.0, 1.0)","(0.0, 0.0, 0.0, 0.0, 0.0, 0.0, 0.0, 0.0, 0.0, 0.0, 0.0)",326140.0,9038920.0,328700.0,9041480.0,65536,85,65536,85,0,0,0,0,0,0,cdeef637843b6725dbde2f122c615af03d78b7f013ebc2fabc215e93db5f40a4,494a058972be1ca4049f12f25221f43cb5506d27d3b0cdbe633753d623cee6bd,9148598421db12015e53465c4b4f8bc8be8162c6bd460e7f88e360ef2afb74b6,65451,0,0,0,0,13,0,41,0,0,0,0,0,0,31,0
1155,4-3-18_50LLR_9,4-3-18_50LLR,2018-03-04,50LLR,9,patches/S2_4-3-18_50LLR/S2_4-3-18_50LLR_9.tif,patches/S2_4-3-18_50LLR/S2_4-3-18_50LLR_9_cl.tif,patches/S2_4-3-18_50LLR/S2_4-3-18_50LLR_9_conf.tif,test,115.47708158439757,-8.88823761523995,EPSG:32750,10.0,10.0,11,float32,,"(1.0, 1.0, 1.0, 1.0, 1.0, 1.0, 1.0, 1.0, 1.0, 1.0, 1.0)","(0.0, 0.0, 0.0, 0.0, 0.0, 0.0, 0.0, 0.0, 0.0, 0.0, 0.0)",331260.0,9015880.0,333820.0,9018440.0,65536,2,65536,2,0,0,0,0,0,0,fe9fdcb84363a54de3b0e57659cf7f8159acf76ff157e1a3b434a51bc75a9ebf,85dc450cb268b2389b5aa147fca55491c8285a00832ee719d117634b2ed230a6,724de0d3a9696e875af2356758b29360d7f0d6cd11519b36122d5de90dff9d08,65534,1,0,0,0,0,0,1,0,0,0,0,0,0,0,0
1156,4-9-16_16PCC_0,4-9-16_16PCC,2016-09-04,16PCC,0,patches/S2_4-9-16_16PCC/S2_4-9-16_16PCC_0.tif,patches/S2_4-9-16_16PCC/S2_4-9-16_16PCC_0_cl.tif,patches/S2_4-9-16_16PCC/S2_4-9-16_16PCC_0_conf.tif,train,-88.41711493218298,15.990127514673606,EPSG:32616,10.0,10.0,11,float32,,"(1.0, 1.0, 1.0, 1.0, 1.0, 1.0, 1.0, 1.0, 1.0, 1.0, 1.0)","(0.0, 0.0, 0.0, 0.0, 0.0, 0.0, 0.0, 0.0, 0.0, 0.0, 0.0)",347080.0,1767080.0,349640.0,1769640.0,65536,620,65536,620,0,0,0,0,0,0,b63062a5a3d5ed0a643c5c21eefa415106afa785fc4fd6f14e0ff95e2571090a,e28ccc8e91baea2f9d46d4aa52e0ad92f77f686be62284d4390507ffe1fb4357,10bd6a2a3b88d6916a22ae9c5ade5ba6db8d69c95439391d8b9838bd0d4cf22d,64916,0,0,0,0,0,0,620,0,0,0,0,0,0,0,0
1157,4-9-16_16PCC_1,4-9-16_16PCC,2016-09-04,16PCC,1,patches/S2_4-9-16_16PCC/S2_4-9-16_16PCC_1.tif,patches/S2_4-9-16_16PCC/S2_4-9-16_16PCC_1_cl.tif,patches/S2_4-9-16_16PCC/S2_4-9-16_16PCC_1_conf.tif,train,-88.41695206671412,15.96699113176603,EPSG:32616,10.0,10.0,11,float32,,"(1.0, 1.0, 1.0, 1.0, 1.0, 1.0, 1.0, 1.0, 1.0, 1.0, 1.0)","(0.0, 0.0, 0.0, 0.0, 0.0, 0.0, 0.0, 0.0, 0.0, 0.0, 0.0)",347080.0,1764520.0,349640.0,1767080.0,65536,10,65536,10,0,0,0,0,0,0,205841ac23e6a2f0b88e3f0de37adddc7a9b2359b977a8402f8fb74e4c9011d4,a40236e1eb3fe3dd9412d9cc5d81fcb58cbc2d30afb9687180b7f962c75a5718,71ff1911ce7254658298d1fa3e7101b07baa86fa774c69f478783cb96d82ad95,65526,2,0,0,0,0,0,4,0,0,0,0,0,0,0,4
1158,4-9-16_16PCC_10,4-9-16_16PCC,2016-09-04,16PCC,10,patches/S2_4-9-16_16PCC/S2_4-9-16_16PCC_10.tif,patches/S2_4-9-16_16PCC/S2_4-9-16_16PCC_10_cl.tif,patches/S2_4-9-16_16PCC/S2_4-9-16_16PCC_10_conf.tif,train,-88.29633256242074,15.805780933588807,EPSG:32616,10.0,10.0,11,float32,,"(1.0, 1.0, 1.0, 1.0, 1.0, 1.0, 1.0, 1.0, 1.0, 1.0, 1.0)","(0.0, 0.0, 0.0, 0.0, 0.0, 0.0, 0.0, 0.0, 0.0, 0.0, 0.0)",359880.0,1746600.0,362440.0,1749160.0,65536,2793,65536,2793,0,0,0,0,0,0,b4433797cc4b28ea05fb871a0d24c992e5f39b915323d46be8c8099e3f1f2ed5,f2316fdc3b54828acf10d48efe3744fe36c5d39fcefe1b5fc029522b9c320f14,4c2f1d5c6864c79e8df58e471f11299ce60d74cc9fd9151ae6ab551eaafd886b,62743,0,0,0,0,0,0,0,0,0,2793,0,0,0,0,0
1159,4-9-16_16PCC_11,4-9-16_16PCC,2016-09-04,16PCC,11,patches/S2_4-9-16_16PCC/S2_4-9-16_16PCC_11.tif,patches/S2_4-9-16_16PCC/S2_4-9-16_16PCC_11_cl.tif,patches/S2_4-9-16_16PCC/S2_4-9-16_16PCC_11_conf.tif,train,-88.27243443067489,15.805922234574416,EPSG:32616,10.0,10.0,11,float32,,"(1.0, 1.0, 1.0, 1.0, 1.0, 1.0, 1.0, 1.0, 1.0, 1.0, 1.0)","(0.0, 0.0, 0.0, 0.0, 0.0, 0.0, 0.0, 0.0, 0.0, 0.0, 0.0)",362440.0,1746600.0,365000.0,1749160.0,65536,624,65536,624,0,0,0,0,0,0,9e9df5d00ee51826c33eb4c40c50819d345798cd1471ef4dfa401d842d650899,774c819b47b899e65f974fd76a4f70ce744a28a7826e861f00fd2a95ac3afd36,babb06625bdb706659750b76ecb74e80b0087d9d66f6f15ff3545e412d812459,64912,0,0,0,0,0,0,0,0,0,624,0,0,0,0,0
1160,4-9-16_16PCC_12,4-9-16_16PCC,2016-09-04,16PCC,12,patches/S2_4-9-16_16PCC/S2_4-9-16_16PCC_12.tif,patches/S2_4-9-16_16PCC/S2_4-9-16_16PCC_12_cl.tif,patches/S2_4-9-16_16PCC/S2_4-9-16_16PCC_12_conf.tif,train,-88.27214573669008,15.759645873020586,EPSG:32616,10.0,10.0,11,float32,,"(1.0, 1.0, 1.0, 1.0, 1.0, 1.0, 1.0, 1.0, 1.0, 1.0, 1.0)","(0.0, 0.0, 0.0, 0.0, 0.0, 0.0, 0.0, 0.0, 0.0, 0.0, 0.0)",362440.0,1741480.0,365000.0,1744040.0,65536,32673,65536,32673,0,0,0,0,0,0,9ddc16af3bd7d6f19ff59dd5ea9c08d6cfeceb7606de09c517bb0a69f09249d4,2e8060d4a15581c18d233e55a8a4517ff8946c252423208bb05b9c71881893b0,165400497c93dcdeb3ba8f395cfba4028dab7d4ca74afc49d3610d9651f95025,32863,0,0,0,0,0,0,0,32673,0,0,0,0,0,0,0
1161,4-9-16_16PCC_13,4-9-16_16PCC,2016-09-04,16PCC,13,patches/S2_4-9-16_16PCC/S2_4-9-16_16PCC_13.tif,patches/S2_4-9-16_16PCC/S2_4-9-16_16PCC_13_cl.tif,patches/S2_4-9-16_16PCC/S2_4-9-16_16PCC_13_conf.tif,train,-88.27200174805037,15.736507616667712,EPSG:32616,10.0,10.0,11,float32,,"(1.0, 1.0, 1.0, 1.0, 1.0, 1.0, 1.0, 1.0, 1.0, 1.0, 1.0)","(0.0, 0.0, 0.0, 0.0, 0.0, 0.0, 0.0, 0.0, 0.0, 0.0, 0.0)",362440.0,1738920.0,365000.0,1741480.0,65536,95,65536,95,0,0,0,0,0,0,d5999e1a2e9c554e1d2f8972c51e24690745d3f3482ae663361ce681305d2c6a,89f640b5b3db64638be8ed3f124719d9c009e2b874df15e85a8840781e6b6869,11685c50fdf6db8a13e34b54113be1a62bc811afd81f2504f7e6721c9500c291,65441,0,0,0,0,0,0,0,95,0,0,0,0,0,0,0
1162,4-9-16_16PCC_14,4-9-16_16PCC,2016-09-04,16PCC,14,patches/S2_4-9-16_16PCC/S2_4-9-16_16PCC_14.tif,patches/S2_4-9-16_16PCC/S2_4-9-16_16PCC_14_cl.tif,patches/S2_4-9-16_16PCC/S2_4-9-16_16PCC_14_conf.tif,train,-88.24953492075684,15.968028073514152,EPSG:32616,10.0,10.0,11,float32,,"(1.0, 1.0, 1.0, 1.0, 1.0, 1.0, 1.0, 1.0, 1.0, 1.0, 1.0)","(0.0, 0.0, 0.0, 0.0, 0.0, 0.0, 0.0, 0.0, 0.0, 0.0, 0.0)",365000.0,1764520.0,367560.0,1767080.0,65536,9,65536,9,0,0,0,0,0,0,5cd467753d84c2f4172fc35713100af8358185188978f457ef7cd88e3c7077a9,777285e52f4f8d4f9b4fb2d8f6a5a61c66004446fa0b21b6f8c668e9dd63da0b,ccb78327d33a7d4b76f41e804c2badd3ae136b99770e157aa6a4962196b6f88f,65527,7,0,0,0,0,0,1,0,0,0,0,0,0,0,1
1163,4-9-16_16PCC_15,4-9-16_16PCC,2016-09-04,16PCC,15,patches/S2_4-9-16_16PCC/S2_4-9-16_16PCC_15.tif,patches/S2_4-9-16_16PCC/S2_4-9-16_16PCC_15_cl.tif,patches/S2_4-9-16_16PCC/S2_4-9-16_16PCC_15_conf.tif,train,-88.24896273279742,15.875475711538945,EPSG:32616,10.0,10.0,11,float32,,"(1.0, 1.0, 1.0, 1.0, 1.0, 1.0, 1.0, 1.0, 1.0, 1.0, 1.0)","(0.0, 0.0, 0.0, 0.0, 0.0, 0.0, 0.0, 0.0, 0.0, 0.0, 0.0)",365000.0,1754280.0,367560.0,1756840.0,65536,2277,65536,2277,0,0,0,0,0,0,48df6b76a6db7d30204eff8dac3c1e9d90dba24df8603825984f752bf4d17190,7696a49b6fb74feca27c64a90a86ac9066fc37ada88768838ed6dafc5e8ce00c,73bc221e40f0c32bdc97f27d9d4c8f40e37b74494a7703eacf045be624d4a3f4,63259,0,0,0,0,0,0,2277,0,0,0,0,0,0,0,0
1164,4-9-16_16PCC_16,4-9-16_16PCC,2016-09-04,16PCC,16,patches/S2_4-9-16_16PCC/S2_4-9-16_16PCC_16.tif,patches/S2_4-9-16_16PCC/S2_4-9-16_16PCC_16_cl.tif,patches/S2_4-9-16_16PCC/S2_4-9-16_16PCC_16_conf.tif,train,-88.24867804934799,15.829199226395863,EPSG:32616,10.0,10.0,11,float32,,"(1.0, 1.0, 1.0, 1.0, 1.0, 1.0, 1.0, 1.0, 1.0, 1.0, 1.0)","(0.0, 0.0, 0.0, 0.0, 0.0, 0.0, 0.0, 0.0, 0.0, 0.0, 0.0)",365000.0,1749160.0,367560.0,1751720.0,65536,1160,65536,1160,0,0,0,0,0,0,e4f83e1dba7bb4e53465eee71f339c79ec29b738aa4e674c68baac184231f097,0f7f5f5d1af4a6d0aabbc411c7c7bca24d6e876bb9d78e78f188b0ca08756350,17625223a4ef2d435e2e3c7531677e246e497fb4d725500b3c40e07045fe5cca,64376,0,0,0,0,0,0,0,0,0,1160,0,0,0,0,0
1165,4-9-16_16PCC_17,4-9-16_16PCC,2016-09-04,16PCC,17,patches/S2_4-9-16_16PCC/S2_4-9-16_16PCC_17.tif,patches/S2_4-9-16_16PCC/S2_4-9-16_16PCC_17_cl.tif,patches/S2_4-9-16_16PCC/S2_4-9-16_16PCC_17_conf.tif,train,-88.24839430490832,15.78292253919226,EPSG:32616,10.0,10.0,11,float32,,"(1.0, 1.0, 1.0, 1.0, 1.0, 1.0, 1.0, 1.0, 1.0, 1.0, 1.0)","(0.0, 0.0, 0.0, 0.0, 0.0, 0.0, 0.0, 0.0, 0.0, 0.0, 0.0)",365000.0,1744040.0,367560.0,1746600.0,65536,1420,65536,1420,0,0,0,0,0,0,7537f2ccb6a8958f7f6b188a17f932b980ed0cdb7537cf157176ef989147cb7e,5ed52e37bfec394b80930714d64c828cc5ea96b99e9533b4e79d4d3232fe4f59,43a323e2139f9a79a7b0cbda18bd52788c949eb2f3d059a115cadc0d02b05664,64116,0,0,0,0,0,0,0,0,0,1420,0,0,0,0,0
1166,4-9-16_16PCC_18,4-9-16_16PCC,2016-09-04,16PCC,18,patches/S2_4-9-16_16PCC/S2_4-9-16_16PCC_18.tif,patches/S2_4-9-16_16PCC/S2_4-9-16_16PCC_18_cl.tif,patches/S2_4-9-16_16PCC/S2_4-9-16_16PCC_18_conf.tif,train,-88.24825278450358,15.759784119984298,EPSG:32616,10.0,10.0,11,float32,,"(1.0, 1.0, 1.0, 1.0, 1.0, 1.0, 1.0, 1.0, 1.0, 1.0, 1.0)","(0.0, 0.0, 0.0, 0.0, 0.0, 0.0, 0.0, 0.0, 0.0, 0.0, 0.0)",365000.0,1741480.0,367560.0,1744040.0,65536,2292,65536,2292,0,0,0,0,0,0,dcad1ac84c981848bb40d24f0338e6a77fbf3a2cfa07e5edab335ccf87792097,6f14bd8246df7e666417be329ba189f1749f0901c688e9ab987bb28b2238f574,e3986fa7997143c358734cfa3c4c0fbd635876e4818568457637e6f0d60efc93,63244,0,0,0,0,0,0,0,2292,0,0,0,0,0,0,0
1167,4-9-16_16PCC_19,4-9-16_16PCC,2016-09-04,16PCC,19,patches/S2_4-9-16_16PCC/S2_4-9-16_16PCC_19.tif,patches/S2_4-9-16_16PCC/S2_4-9-16_16PCC_19_cl.tif,patches/S2_4-9-16_16PCC/S2_4-9-16_16PCC_19_conf.tif,train,-88.22575809532111,15.991303758109941,EPSG:32616,10.0,10.0,11,float32,,"(1.0, 1.0, 1.0, 1.0, 1.0, 1.0, 1.0, 1.0, 1.0, 1.0, 1.0)","(0.0, 0.0, 0.0, 0.0, 0.0, 0.0, 0.0, 0.0, 0.0, 0.0, 0.0)",367560.0,1767080.0,370120.0,1769640.0,65536,55,65536,55,0,0,0,0,0,0,1d887e9e0c68030ff7e75324277456ccf287ce210845fee73b35ba9423e1db48,143f36800cc5f22acd9388e63ea9315bec154d234913c12b8cd2288519466a03,c223c2189a4a2d9287c4e5cf669b50b9839743c61197c60d97e13c559b989319,65481,0,0,0,0,0,0,0,0,0,0,0,55,0,0,0
1168,4-9-16_16PCC_2,4-9-16_16PCC,2016-09-04,16PCC,2,patches/S2_4-9-16_16PCC/S2_4-9-16_16PCC_2.tif,patches/S2_4-9-16_16PCC/S2_4-9-16_16PCC_2_cl.tif,patches/S2_4-9-16_16PCC/S2_4-9-16_16PCC_2_conf.tif,train,-88.39367814822003,16.05969340799518,EPSG:32616,10.0,10.0,11,float32,,"(1.0, 1.0, 1.0, 1.0, 1.0, 1.0, 1.0, 1.0, 1.0, 1.0, 1.0)","(0.0, 0.0, 0.0, 0.0, 0.0, 0.0, 0.0, 0.0, 0.0, 0.0, 0.0)",349640.0,1774760.0,352200.0,1777320.0,65536,64,65536,64,0,0,0,0,0,0,e15554e139ace5e76f2fa623af03c68bcb66f3952e8dd76e6b04799b5218e7e8,d984ecfc1631d7276e5c696478df1cf8412da4d4914962c4253ee5ee420b21c8,62e418a794955de0852ab2b98ec791b4ee92b82cc2b05a19d9a6cb50a3cb0205,65472,0,0,0,0,0,0,4,0,0,0,60,0,0,0,0
1169,4-9-16_16PCC_20,4-9-16_16PCC,2016-09-04,16PCC,20,patches/S2_4-9-16_16PCC/S2_4-9-16_16PCC_20.tif,patches/S2_4-9-16_16PCC/S2_4-9-16_16PCC_20_cl.tif,patches/S2_4-9-16_16PCC/S2_4-9-16_16PCC_20_conf.tif,train,-88.22561720754618,15.968165585144186,EPSG:32616,10.0,10.0,11,float32,,"(1.0, 1.0, 1.0, 1.0, 1.0, 1.0, 1.0, 1.0, 1.0, 1.0, 1.0)","(0.0, 0.0, 0.0, 0.0, 0.0, 0.0, 0.0, 0.0, 0.0, 0.0, 0.0)",367560.0,1764520.0,370120.0,1767080.0,65536,327,65536,327,0,0,0,0,0,0,87c9f94c92638ed4fb056eee84dc0e54a56662f272027453f7802c18f530e748,87365b22be18c9b2bf6e93404ba2bb7a67c826faa06d175b8c02138b7057a223,c15e554d830d56bf7ce9f19b556e2c1a0366ded29fc32f7b31b96bb4d550ad75,65209,153,0,0,1,0,0,2,0,0,0,0,157,0,0,14
1170,4-9-16_16PCC_21,4-9-16_16PCC,2016-09-04,16PCC,21,patches/S2_4-9-16_16PCC/S2_4-9-16_16PCC_21.tif,patches/S2_4-9-16_16PCC/S2_4-9-16_16PCC_21_cl.tif,patches/S2_4-9-16_16PCC/S2_4-9-16_16PCC_21_conf.tif,train,-88.22477672766854,15.829335481449428,EPSG:32616,10.0,10.0,11,float32,,"(1.0, 1.0, 1.0, 1.0, 1.0, 1.0, 1.0, 1.0, 1.0, 1.0, 1.0)","(0.0, 0.0, 0.0, 0.0, 0.0, 0.0, 0.0, 0.0, 0.0, 0.0, 0.0)",367560.0,1749160.0,370120.0,1751720.0,65536,2595,65536,2595,0,0,0,0,0,0,ef8e9b9738a8a93991b8a208387e517d245bf9f5491c1fa95f4f9b5922c95f7c,0b2c0db65e83d199d4351271a95b6f42314098d90ebeb17445142a2cda13dfe8,4af8bc75ed1c98c9bc204f26ad7f8bb0625850b3a41b870b7d3e024b8dffcf04,62941,0,0,0,0,0,0,0,0,0,2547,0,48,0,0,0
1171,4-9-16_16PCC_22,4-9-16_16PCC,2016-09-04,16PCC,22,patches/S2_4-9-16_16PCC/S2_4-9-16_16PCC_22.tif,patches/S2_4-9-16_16PCC/S2_4-9-16_16PCC_22_cl.tif,patches/S2_4-9-16_16PCC/S2_4-9-16_16PCC_22_conf.tif,train,-88.22449841112591,15.783058375754774,EPSG:32616,10.0,10.0,11,float32,,"(1.0, 1.0, 1.0, 1.0, 1.0, 1.0, 1.0, 1.0, 1.0, 1.0, 1.0)","(0.0, 0.0, 0.0, 0.0, 0.0, 0.0, 0.0, 0.0, 0.0, 0.0, 0.0)",367560.0,1744040.0,370120.0,1746600.0,65536,16578,65536,16578,0,0,0,0,0,0,94906d749cab347624d613c723b9d2222946bb280c7253338640de7e9bfeaad3,0e82e9983461ac56b3ee69ece9b6eb582f03a567089492b58a7421fa86b43d0e,20c555eb34fdbc69ea132fb604e69f60dbd0118f88354ea1a326e959970cd40f,48958,0,0,0,0,0,0,0,0,0,16578,0,0,0,0,0
1172,4-9-16_16PCC_23,4-9-16_16PCC,2016-09-04,16PCC,23,patches/S2_4-9-16_16PCC/S2_4-9-16_16PCC_23.tif,patches/S2_4-9-16_16PCC/S2_4-9-16_16PCC_23_cl.tif,patches/S2_4-9-16_16PCC/S2_4-9-16_16PCC_23_conf.tif,train,-88.20183740330602,15.991438819198018,EPSG:32616,10.0,10.0,11,float32,,"(1.0, 1.0, 1.0, 1.0, 1.0, 1.0, 1.0, 1.0, 1.0, 1.0, 1.0)","(0.0, 0.0, 0.0, 0.0, 0.0, 0.0, 0.0, 0.0, 0.0, 0.0, 0.0)",370120.0,1767080.0,372680.0,1769640.0,65536,394,65536,394,0,0,0,0,0,0,67ee026a9495cdc7bf5211a7f927a22c01904bbbf77c34bb799953da7a961726,c867bfee6f81fba18d5d1c38753b09cc4b1de8fc2a5a675729878e32ff8ccb2f,9c16dd54647fe3ee59b0426b4a6c396ffff23ee67698dab3fca9b2d8f24b0bd8,65142,72,0,0,0,0,0,16,0,0,0,0,306,0,0,0
1173,4-9-16_16PCC_24,4-9-16_16PCC,2016-09-04,16PCC,24,patches/S2_4-9-16_16PCC/S2_4-9-16_16PCC_24.tif,patches/S2_4-9-16_16PCC/S2_4-9-16_16PCC_24_cl.tif,patches/S2_4-9-16_16PCC/S2_4-9-16_16PCC_24_conf.tif,train,-88.20169926332973,15.968300440689152,EPSG:32616,10.0,10.0,11,float32,,"(1.0, 1.0, 1.0, 1.0, 1.0, 1.0, 1.0, 1.0, 1.0, 1.0, 1.0)","(0.0, 0.0, 0.0, 0.0, 0.0, 0.0, 0.0, 0.0, 0.0, 0.0, 0.0)",370120.0,1764520.0,372680.0,1767080.0,65536,303,65536,303,0,0,0,0,0,0,87bce7918d81a697349c41b6013b4e04df735078c67d59bf919efcff6af99ede,9c750e6d4bf66d8a48c46e4795ccd685def2c6b2365ac83e5ccbe93b73d1add3,3d0119020c4c68a522a8959b264e6d678bbf821f0a00d49d7b620cd7546bb7a1,65233,143,0,0,2,0,0,3,0,0,0,0,150,0,0,5
1174,4-9-16_16PCC_25,4-9-16_16PCC,2016-09-04,16PCC,25,patches/S2_4-9-16_16PCC/S2_4-9-16_16PCC_25.tif,patches/S2_4-9-16_16PCC/S2_4-9-16_16PCC_25_cl.tif,patches/S2_4-9-16_16PCC/S2_4-9-16_16PCC_25_conf.tif,train,-88.2015613498544,15.94516201135798,EPSG:32616,10.0,10.0,11,float32,,"(1.0, 1.0, 1.0, 1.0, 1.0, 1.0, 1.0, 1.0, 1.0, 1.0, 1.0)","(0.0, 0.0, 0.0, 0.0, 0.0, 0.0, 0.0, 0.0, 0.0, 0.0, 0.0)",370120.0,1761960.0,372680.0,1764520.0,65536,130,65536,130,0,0,0,0,0,0,54daa2bddc61c625437090356c1ef759df4914d11f4296863a8927eefb92675b,a87a41975f430f686c332886700b1d42dd27172f05c257f2b337a92504d276ef,fe1128b180a3181f664427bbec061c2be1eff04f1ada6021ed714038431bdc2f,65406,62,0,0,0,0,0,3,0,0,0,0,64,0,0,1
1175,4-9-16_16PCC_26,4-9-16_16PCC,2016-09-04,16PCC,26,patches/S2_4-9-16_16PCC/S2_4-9-16_16PCC_26.tif,patches/S2_4-9-16_16PCC/S2_4-9-16_16PCC_26_cl.tif,patches/S2_4-9-16_16PCC/S2_4-9-16_16PCC_26_conf.tif,train,-88.20046618148376,15.760052755062834,EPSG:32616,10.0,10.0,11,float32,,"(1.0, 1.0, 1.0, 1.0, 1.0, 1.0, 1.0, 1.0, 1.0, 1.0, 1.0)","(0.0, 0.0, 0.0, 0.0, 0.0, 0.0, 0.0, 0.0, 0.0, 0.0, 0.0)",370120.0,1741480.0,372680.0,1744040.0,65536,243,65536,243,0,0,0,0,0,0,c8351a981549852585992689ebc737266cada419bd5fe7838d969c4c84b337ea,2cf2e44ebd3345fcf7e0bf10aa3f090c8d57055bda4159706387b23bacb3d4b7,7dbaec08f82078ae123cf25608fdf0b791581bbf882bb6b50c57cd8f41541a4f,65293,0,0,0,0,0,0,0,0,0,243,0,0,0,0,0
1176,4-9-16_16PCC_27,4-9-16_16PCC,2016-09-04,16PCC,27,patches/S2_4-9-16_16PCC/S2_4-9-16_16PCC_27.tif,patches/S2_4-9-16_16PCC/S2_4-9-16_16PCC_27_cl.tif,patches/S2_4-9-16_16PCC/S2_4-9-16_16PCC_27_conf.tif,train,-88.20033030105074,15.736913871316194,EPSG:32616,10.0,10.0,11,float32,,"(1.0, 1.0, 1.0, 1.0, 1.0, 1.0, 1.0, 1.0, 1.0, 1.0, 1.0)","(0.0, 0.0, 0.0, 0.0, 0.0, 0.0, 0.0, 0.0, 0.0, 0.0, 0.0)",370120.0,1738920.0,372680.0,1741480.0,65536,1906,65536,1906,0,0,0,0,0,0,a5ae6b9cf008d355a36c7e1a4500b99e50e6970d0decd9e0502cab94224ce6d2,2da90e307c6f84083c6322bec6caa1df386c1c28704b76e37799ba7510ac1855,8694c6c72b1bfa58799d85783898401ab6dc985c80247cfbc48e0ed56d43fb63,63630,0,0,0,0,0,0,0,0,0,1906,0,0,0,0,0
1177,4-9-16_16PCC_28,4-9-16_16PCC,2016-09-04,16PCC,28,patches/S2_4-9-16_16PCC/S2_4-9-16_16PCC_28.tif,patches/S2_4-9-16_16PCC/S2_4-9-16_16PCC_28_cl.tif,patches/S2_4-9-16_16PCC/S2_4-9-16_16PCC_28_conf.tif,train,-88.17832399400885,16.060986654722207,EPSG:32616,10.0,10.0,11,float32,,"(1.0, 1.0, 1.0, 1.0, 1.0, 1.0, 1.0, 1.0, 1.0, 1.0, 1.0)","(0.0, 0.0, 0.0, 0.0, 0.0, 0.0, 0.0, 0.0, 0.0, 0.0, 0.0)",372680.0,1774760.0,375240.0,1777320.0,65536,333,65536,333,0,0,0,0,0,0,540538765a6cb2e55c4847c358015406e81659e575f66c07796dd6fc5f419ce5,e8b032dc779813b9ffbc95294b8b90adcf718fd75ae6803b40adb18389883326,4bc4908991717bbd0a5378828a82eca8faad778433f6858e318823bfedb2a2c4,65203,0,0,0,0,0,10,2,0,0,0,0,112,209,0,0
1178,4-9-16_16PCC_29,4-9-16_16PCC,2016-09-04,16PCC,29,patches/S2_4-9-16_16PCC/S2_4-9-16_16PCC_29.tif,patches/S2_4-9-16_16PCC/S2_4-9-16_16PCC_29_cl.tif,patches/S2_4-9-16_16PCC/S2_4-9-16_16PCC_29_conf.tif,train,-88.17764592255295,15.9452940092536,EPSG:32616,10.0,10.0,11,float32,,"(1.0, 1.0, 1.0, 1.0, 1.0, 1.0, 1.0, 1.0, 1.0, 1.0, 1.0)","(0.0, 0.0, 0.0, 0.0, 0.0, 0.0, 0.0, 0.0, 0.0, 0.0, 0.0)",372680.0,1761960.0,375240.0,1764520.0,65536,156,65536,156,0,0,0,0,0,0,b983d1bced59297cf662d603344f6e51c97d7258c9827ce7a38ea4f1b4ef97a2,5319c116c99ae690b15bc5fa9dbd06c1df7f287a89565e6e611e035d45e137a3,a7c9b8f421eda79dd103c4a6c44811f3a474bdc4e92da9fb4ab6ae03a969f195,65380,41,0,0,0,0,0,7,0,0,0,0,108,0,0,0
1179,4-9-16_16PCC_3,4-9-16_16PCC,2016-09-04,16PCC,3,patches/S2_4-9-16_16PCC/S2_4-9-16_16PCC_3.tif,patches/S2_4-9-16_16PCC/S2_4-9-16_16PCC_3_cl.tif,patches/S2_4-9-16_16PCC/S2_4-9-16_16PCC_3_conf.tif,train,-88.36975090109192,16.05984778942921,EPSG:32616,10.0,10.0,11,float32,,"(1.0, 1.0, 1.0, 1.0, 1.0, 1.0, 1.0, 1.0, 1.0, 1.0, 1.0)","(0.0, 0.0, 0.0, 0.0, 0.0, 0.0, 0.0, 0.0, 0.0, 0.0, 0.0)",352200.0,1774760.0,354760.0,1777320.0,65536,34,65536,34,0,0,0,0,0,0,284fceddc28cdbcd2e0ef9e2b684b735262fe2fd907244760de50f2ce1dbc0ee,83cfef0cac84f862614dfcacfb562de421a9b9a8c73e449d3bb6008794c0face,58417f0de59c3e6288615c59ce998e601c27628d7560876b17f231068db7f475,65502,0,0,0,0,0,0,6,0,0,0,28,0,0,0,0
1180,4-9-16_16PCC_30,4-9-16_16PCC,2016-09-04,16PCC,30,patches/S2_4-9-16_16PCC/S2_4-9-16_16PCC_30.tif,patches/S2_4-9-16_16PCC/S2_4-9-16_16PCC_30_cl.tif,patches/S2_4-9-16_16PCC/S2_4-9-16_16PCC_30_conf.tif,train,-88.17751097436971,15.922155327760558,EPSG:32616,10.0,10.0,11,float32,,"(1.0, 1.0, 1.0, 1.0, 1.0, 1.0, 1.0, 1.0, 1.0, 1.0, 1.0)","(0.0, 0.0, 0.0, 0.0, 0.0, 0.0, 0.0, 0.0, 0.0, 0.0, 0.0)",372680.0,1759400.0,375240.0,1761960.0,65536,54,65536,54,0,0,0,0,0,0,126400112bf5149b7eb24695749ffd5aabc98a9317c0c3a65527b70a6d3521dc,96898a56efc31d74cce8c7b792371731743ef08646cb7f49652de2612a89abfc,d93a5d9b0eff4fb5b7ec85cf180117ffbf7904cee5096693b04e09482fe276b0,65482,31,0,0,0,0,0,1,0,0,0,0,21,0,0,1
1181,4-9-16_16PCC_31,4-9-16_16PCC,2016-09-04,16PCC,31,patches/S2_4-9-16_16PCC/S2_4-9-16_16PCC_31.tif,patches/S2_4-9-16_16PCC/S2_4-9-16_16PCC_31_cl.tif,patches/S2_4-9-16_16PCC/S2_4-9-16_16PCC_31_conf.tif,train,-88.17657253961656,15.760183142950922,EPSG:32616,10.0,10.0,11,float32,,"(1.0, 1.0, 1.0, 1.0, 1.0, 1.0, 1.0, 1.0, 1.0, 1.0, 1.0)","(0.0, 0.0, 0.0, 0.0, 0.0, 0.0, 0.0, 0.0, 0.0, 0.0, 0.0)",372680.0,1741480.0,375240.0,1744040.0,65536,577,65536,577,0,0,0,0,0,0,8640eddcf5baabba61e9180ae2222cc0616c137fe441a46cd40021448a04152f,a59b84e34430419f5852dc8f3bbb4de3a1eeb7ee613ea88d452360c300ce1bd7,ee63f88d34b53c3330a71c9a5351740ad018bdfe2f0a742bc2250955e9d0263f,64959,0,0,0,0,0,0,0,0,0,577,0,0,0,0,0
1182,4-9-16_16PCC_32,4-9-16_16PCC,2016-09-04,16PCC,32,patches/S2_4-9-16_16PCC/S2_4-9-16_16PCC_32.tif,patches/S2_4-9-16_16PCC/S2_4-9-16_16PCC_32_cl.tif,patches/S2_4-9-16_16PCC/S2_4-9-16_16PCC_32_conf.tif,train,-88.15439458207594,16.061116987805903,EPSG:32616,10.0,10.0,11,float32,,"(1.0, 1.0, 1.0, 1.0, 1.0, 1.0, 1.0, 1.0, 1.0, 1.0, 1.0)","(0.0, 0.0, 0.0, 0.0, 0.0, 0.0, 0.0, 0.0, 0.0, 0.0, 0.0)",375240.0,1774760.0,377800.0,1777320.0,65536,261,65536,261,0,0,0,0,0,0,d0b550a375bfcd4dab605947a0a51e1849c276a6bcbe14c84f1dc84ced2aae4f,634c0b718f2a0d065e64e4530720cb4a2857ba0019d87347f07069aa278d9301,dbc0b4638741d28c389c6de40660bbd18ae8156d194e831f3a13e9562fa2c4c7,65275,0,0,0,0,0,168,0,0,0,0,0,0,93,0,0
1183,4-9-16_16PCC_33,4-9-16_16PCC,2016-09-04,16PCC,33,patches/S2_4-9-16_16PCC/S2_4-9-16_16PCC_33.tif,patches/S2_4-9-16_16PCC/S2_4-9-16_16PCC_33_cl.tif,patches/S2_4-9-16_16PCC/S2_4-9-16_16PCC_33_conf.tif,train,-88.15346607233052,15.899145546579724,EPSG:32616,10.0,10.0,11,float32,,"(1.0, 1.0, 1.0, 1.0, 1.0, 1.0, 1.0, 1.0, 1.0, 1.0, 1.0)","(0.0, 0.0, 0.0, 0.0, 0.0, 0.0, 0.0, 0.0, 0.0, 0.0, 0.0)",375240.0,1756840.0,377800.0,1759400.0,65536,16,65536,16,0,0,0,0,0,0,4600ae45fa1898962aab99ce69407359b7b93b8da3c6c0dd6fcfa99222362842,eb23664481e2a4c4711eb239993a38723ec44565704cc88d28d7bc0c7b311225,23d7cecd5b6ae77eb34119578d2a896dd6e22e3d92b36f78d04b66de05405b31,65520,14,0,0,0,0,0,1,0,0,0,0,0,0,0,1
1184,4-9-16_16PCC_34,4-9-16_16PCC,2016-09-04,16PCC,34,patches/S2_4-9-16_16PCC/S2_4-9-16_16PCC_34.tif,patches/S2_4-9-16_16PCC/S2_4-9-16_16PCC_34_cl.tif,patches/S2_4-9-16_16PCC/S2_4-9-16_16PCC_34_conf.tif,train,-88.15333429757574,15.876006566589984,EPSG:32616,10.0,10.0,11,float32,,"(1.0, 1.0, 1.0, 1.0, 1.0, 1.0, 1.0, 1.0, 1.0, 1.0, 1.0)","(0.0, 0.0, 0.0, 0.0, 0.0, 0.0, 0.0, 0.0, 0.0, 0.0, 0.0)",375240.0,1754280.0,377800.0,1756840.0,65536,2,65536,2,0,0,0,0,0,0,5cd738b94ee117f2523d6f0ae98f4fec7c4adfb332502d9958e7be6db1152d3b,6d8b7bd133b1db78cd8ad6877e701df0bd2b76434e41ba9f14268985a184bf19,5168c1269a116ff7ecf2ea9562cf1c39e312935c94a078be2a35418d1a0b89f7,65534,0,0,0,1,0,0,0,0,0,0,0,0,0,0,1
1185,4-9-16_16PCC_35,4-9-16_16PCC,2016-09-04,16PCC,35,patches/S2_4-9-16_16PCC/S2_4-9-16_16PCC_35.tif,patches/S2_4-9-16_16PCC/S2_4-9-16_16PCC_35_cl.tif,patches/S2_4-9-16_16PCC/S2_4-9-16_16PCC_35_conf.tif,train,-88.15267867682233,15.76031091092407,EPSG:32616,10.0,10.0,11,float32,,"(1.0, 1.0, 1.0, 1.0, 1.0, 1.0, 1.0, 1.0, 1.0, 1.0, 1.0)","(0.0, 0.0, 0.0, 0.0, 0.0, 0.0, 0.0, 0.0, 0.0, 0.0, 0.0)",375240.0,1741480.0,377800.0,1744040.0,65536,38,65536,38,0,0,0,0,0,0,abeec3033b93a96d1fa2b937599b0bf072b76f15cc744676332cabf46a3597ec,34132cb61a8d844f88806f5d00b578ff68e7bbd4f648c4e167d98d38cf8707a8,dc15a88d7cf67dce76e743c7a015b25a89ba9bc0700506f0d7e93129359c2674,65498,0,0,0,0,6,0,12,0,0,0,0,0,0,20,0
1186,4-9-16_16PCC_36,4-9-16_16PCC,2016-09-04,16PCC,36,patches/S2_4-9-16_16PCC/S2_4-9-16_16PCC_36.tif,patches/S2_4-9-16_16PCC/S2_4-9-16_16PCC_36_cl.tif,patches/S2_4-9-16_16PCC/S2_4-9-16_16PCC_36_conf.tif,train,-88.13046495218133,16.061244648269515,EPSG:32616,10.0,10.0,11,float32,,"(1.0, 1.0, 1.0, 1.0, 1.0, 1.0, 1.0, 1.0, 1.0, 1.0, 1.0)","(0.0, 0.0, 0.0, 0.0, 0.0, 0.0, 0.0, 0.0, 0.0, 0.0, 0.0)",377800.0,1774760.0,380360.0,1777320.0,65536,196,65536,196,0,0,0,0,0,0,f48e10d7d3364c8c6cf575268a40c6df3b5e7bcad271e8c9270ad26131ecab35,99480c46a6a752015fa31b3c9de8f13b8c13ad31092ebc6d27f7ccedf95c8c4a,dd0b45a43d6e7fab8da0e40dc6d3fefc01dda2e7a49cb6b15431ed84c5333d06,65340,0,0,0,0,56,0,39,0,0,0,0,51,0,50,0
1187,4-9-16_16PCC_37,4-9-16_16PCC,2016-09-04,16PCC,37,patches/S2_4-9-16_16PCC/S2_4-9-16_16PCC_37.tif,patches/S2_4-9-16_16PCC/S2_4-9-16_16PCC_37_cl.tif,patches/S2_4-9-16_16PCC/S2_4-9-16_16PCC_37_conf.tif,train,-88.13033441667913,16.038105829891265,EPSG:32616,10.0,10.0,11,float32,,"(1.0, 1.0, 1.0, 1.0, 1.0, 1.0, 1.0, 1.0, 1.0, 1.0, 1.0)","(0.0, 0.0, 0.0, 0.0, 0.0, 0.0, 0.0, 0.0, 0.0, 0.0, 0.0)",377800.0,1772200.0,380360.0,1774760.0,65536,74,65536,74,0,0,0,0,0,0,e2ab9d748d6fc24df9134c476db5c61a77b646631d05718af9951466af27f615,336c2ed5d260b029ae05780b213669a9fb8ccf4048c2f55ce17ac2086a4df162,aaf3c6505d5e6a97b524e6839638b57d611b3f9108cc549c49b6de4f4c3a891b,65462,0,0,0,0,0,0,2,0,0,0,0,72,0,0,0
1188,4-9-16_16PCC_38,4-9-16_16PCC,2016-09-04,16PCC,38,patches/S2_4-9-16_16PCC/S2_4-9-16_16PCC_38.tif,patches/S2_4-9-16_16PCC/S2_4-9-16_16PCC_38_cl.tif,patches/S2_4-9-16_16PCC/S2_4-9-16_16PCC_38_conf.tif,train,-88.12955567957832,15.899271853257524,EPSG:32616,10.0,10.0,11,float32,,"(1.0, 1.0, 1.0, 1.0, 1.0, 1.0, 1.0, 1.0, 1.0, 1.0, 1.0)","(0.0, 0.0, 0.0, 0.0, 0.0, 0.0, 0.0, 0.0, 0.0, 0.0, 0.0)",377800.0,1756840.0,380360.0,1759400.0,65536,31,65536,31,0,0,0,0,0,0,4892a77c1cd6dfb1b353ef804ba494757832a63438549fa9a8af748d702323a9,69b6aede995181992a3361d2aaba5cb0bff6cb9f5529a3ed61bd25b850a7e6ac,de35dc2771e9dd9b71b41f4e486faa701b560b0274a0c25cec651c8f1ec9e3c8,65505,0,0,0,0,6,0,13,0,0,0,0,0,0,12,0
1189,4-9-16_16PCC_39,4-9-16_16PCC,2016-09-04,16PCC,39,patches/S2_4-9-16_16PCC/S2_4-9-16_16PCC_39.tif,patches/S2_4-9-16_16PCC/S2_4-9-16_16PCC_39_cl.tif,patches/S2_4-9-16_16PCC/S2_4-9-16_16PCC_39_conf.tif,train,-88.12891258069057,15.783575483564555,EPSG:32616,10.0,10.0,11,float32,,"(1.0, 1.0, 1.0, 1.0, 1.0, 1.0, 1.0, 1.0, 1.0, 1.0, 1.0)","(0.0, 0.0, 0.0, 0.0, 0.0, 0.0, 0.0, 0.0, 0.0, 0.0, 0.0)",377800.0,1744040.0,380360.0,1746600.0,65536,49,65536,49,0,0,0,0,0,0,ed948da849e657ada5c290820283e92419b80fb7f6fec006fc37224348d6b3ae,5c93b07bb26bc3d4d8cd7ceef5ea58c8085671bbb4ef5882c46674ca9ed002b2,3259ab483f78ba0ed5dbf2eb29553ab32a544fe199fc826e4ff73a8730c74497,65487,32,0,0,0,0,0,12,0,0,0,0,0,0,0,5
1190,4-9-16_16PCC_4,4-9-16_16PCC,2016-09-04,16PCC,4,patches/S2_4-9-16_16PCC/S2_4-9-16_16PCC_4.tif,patches/S2_4-9-16_16PCC/S2_4-9-16_16PCC_4_cl.tif,patches/S2_4-9-16_16PCC/S2_4-9-16_16PCC_4_conf.tif,train,-88.36833687243008,15.85161563865785,EPSG:32616,10.0,10.0,11,float32,,"(1.0, 1.0, 1.0, 1.0, 1.0, 1.0, 1.0, 1.0, 1.0, 1.0, 1.0)","(0.0, 0.0, 0.0, 0.0, 0.0, 0.0, 0.0, 0.0, 0.0, 0.0, 0.0)",352200.0,1751720.0,354760.0,1754280.0,65536,1540,65536,1540,0,0,0,0,0,0,80dc847f58b7f0e344d1d46840bea6afde0ea28299a97d0bf0e5492b1221564d,c90c9169b7c9717b046c35c3e0410ba308e95224ac526f99837c8324430d990b,b3445fed4f95d4663ca0328bfc14763993db25f36ffb6f1a6d6af76c8a12bc65,63996,0,0,0,0,0,0,0,0,0,1507,0,33,0,0,0
1191,4-9-16_16PCC_40,4-9-16_16PCC,2016-09-04,16PCC,40,patches/S2_4-9-16_16PCC/S2_4-9-16_16PCC_40.tif,patches/S2_4-9-16_16PCC/S2_4-9-16_16PCC_40_cl.tif,patches/S2_4-9-16_16PCC/S2_4-9-16_16PCC_40_conf.tif,train,-88.10627977026411,16.015091569451283,EPSG:32616,10.0,10.0,11,float32,,"(1.0, 1.0, 1.0, 1.0, 1.0, 1.0, 1.0, 1.0, 1.0, 1.0, 1.0)","(0.0, 0.0, 0.0, 0.0, 0.0, 0.0, 0.0, 0.0, 0.0, 0.0, 0.0)",380360.0,1769640.0,382920.0,1772200.0,65536,65,65536,65,0,0,0,0,0,0,e782b40bce58e3180c5a3b44b6124edcc3e8b8c6909a7cc0173c0109729b4bce,4edcd454ea77e39c4137121a52166d3a3cb48f79620f9a28082b4fc915d57cee,95d6e52f231ea38332019e6fcd3694db8d1d255d87bd46f8dbfebbebd27bf7b1,65471,0,0,0,0,0,0,65,0,0,0,0,0,0,0,0
1192,4-9-16_16PCC_41,4-9-16_16PCC,2016-09-04,16PCC,41,patches/S2_4-9-16_16PCC/S2_4-9-16_16PCC_41.tif,patches/S2_4-9-16_16PCC/S2_4-9-16_16PCC_41_cl.tif,patches/S2_4-9-16_16PCC/S2_4-9-16_16PCC_41_conf.tif,train,-88.10526675514893,15.829977277262078,EPSG:32616,10.0,10.0,11,float32,,"(1.0, 1.0, 1.0, 1.0, 1.0, 1.0, 1.0, 1.0, 1.0, 1.0, 1.0)","(0.0, 0.0, 0.0, 0.0, 0.0, 0.0, 0.0, 0.0, 0.0, 0.0, 0.0)",380360.0,1749160.0,382920.0,1751720.0,65536,12,65536,12,0,0,0,0,0,0,05bf1a04c8959f59a891a08de98380c2f5317d34167f178059353839d0d8b15c,1cc2324d98cb3eaa7b3fd2c920c50b3cf81935ef485219e800d6b0e3592c5ec6,b09eca765ac392557c4db8af896ed67c8167986366a04a765616a3915003088e,65524,9,0,0,0,0,0,2,0,0,0,0,0,0,0,1
1193,4-9-16_16PCC_42,4-9-16_16PCC,2016-09-04,16PCC,42,patches/S2_4-9-16_16PCC/S2_4-9-16_16PCC_42.tif,patches/S2_4-9-16_16PCC/S2_4-9-16_16PCC_42_cl.tif,patches/S2_4-9-16_16PCC/S2_4-9-16_16PCC_42_conf.tif,train,-88.10514106456837,15.806837763905213,EPSG:32616,10.0,10.0,11,float32,,"(1.0, 1.0, 1.0, 1.0, 1.0, 1.0, 1.0, 1.0, 1.0, 1.0, 1.0)","(0.0, 0.0, 0.0, 0.0, 0.0, 0.0, 0.0, 0.0, 0.0, 0.0, 0.0)",380360.0,1746600.0,382920.0,1749160.0,65536,15,65536,15,0,0,0,0,0,0,98795618f0b615ac12a14f7915d5fd3e1f7539ed5757c88b37bb21e6a1459b2d,d14049980e72b6bd34218037d3863560316a8c94f9f54dabd4fcfefd327e5db8,2488b938c49364df25d96d2bf1e5e12f25ecf993cc41b6a3e5d9d8e1962ff4d2,65521,15,0,0,0,0,0,0,0,0,0,0,0,0,0,0
1194,4-9-16_16PCC_43,4-9-16_16PCC,2016-09-04,16PCC,43,patches/S2_4-9-16_16PCC/S2_4-9-16_16PCC_43.tif,patches/S2_4-9-16_16PCC/S2_4-9-16_16PCC_43_cl.tif,patches/S2_4-9-16_16PCC/S2_4-9-16_16PCC_43_conf.tif,train,-88.10501558168488,15.783698200361249,EPSG:32616,10.0,10.0,11,float32,,"(1.0, 1.0, 1.0, 1.0, 1.0, 1.0, 1.0, 1.0, 1.0, 1.0, 1.0)","(0.0, 0.0, 0.0, 0.0, 0.0, 0.0, 0.0, 0.0, 0.0, 0.0, 0.0)",380360.0,1744040.0,382920.0,1746600.0,65536,32,65536,32,0,0,0,0,0,0,90213c8635ae8e7522efb02486c4ffac5b665ed147cdc8ce5a1287511aae434a,d1c831e493fedb976f0ae20255862473cae9074619d7336f22f6aabf4f7fa08f,bcfc0622b7ef06ada0a9d5329a601c478a9640aad13dc69c590538c497f88452,65504,3,0,0,0,0,0,29,0,0,0,0,0,0,0,0
1195,4-9-16_16PCC_44,4-9-16_16PCC,2016-09-04,16PCC,44,patches/S2_4-9-16_16PCC/S2_4-9-16_16PCC_44.tif,patches/S2_4-9-16_16PCC/S2_4-9-16_16PCC_44_cl.tif,patches/S2_4-9-16_16PCC/S2_4-9-16_16PCC_44_conf.tif,train,-88.10489030638755,15.760558586696368,EPSG:32616,10.0,10.0,11,float32,,"(1.0, 1.0, 1.0, 1.0, 1.0, 1.0, 1.0, 1.0, 1.0, 1.0, 1.0)","(0.0, 0.0, 0.0, 0.0, 0.0, 0.0, 0.0, 0.0, 0.0, 0.0, 0.0)",380360.0,1741480.0,382920.0,1744040.0,65536,1296,65536,1296,0,0,0,0,0,0,c04589f5765b1ae6dad7f332f6ec94d2d6e8aaf6f3ff78c594c077ed876d7052,b77b7ab2ec4630fe9eac96dfa9a6fbf7006358166b2f004f4f2d035d53d4bfb8,21b7d739dfc2ae5b38f212ab02e813f949a035c4a4dae07fa0209842fb8e8c10,64240,0,0,0,0,0,0,1296,0,0,0,0,0,0,0,0
1196,4-9-16_16PCC_45,4-9-16_16PCC,2016-09-04,16PCC,45,patches/S2_4-9-16_16PCC/S2_4-9-16_16PCC_45.tif,patches/S2_4-9-16_16PCC/S2_4-9-16_16PCC_45_cl.tif,patches/S2_4-9-16_16PCC/S2_4-9-16_16PCC_45_conf.tif,train,-88.10476523856569,15.73741892297677,EPSG:32616,10.0,10.0,11,float32,,"(1.0, 1.0, 1.0, 1.0, 1.0, 1.0, 1.0, 1.0, 1.0, 1.0, 1.0)","(0.0, 0.0, 0.0, 0.0, 0.0, 0.0, 0.0, 0.0, 0.0, 0.0, 0.0)",380360.0,1738920.0,382920.0,1741480.0,65536,66,65536,66,0,0,0,0,0,0,0a99ef0151652dfd594b12940dda52045e5a61848c50e9762f063d1d618c70d5,fa436764c60aed968c33bfc26ea1ebab6afb43ce0633f237dad706a4e0dcc7a8,090da976f6272fbb2cb70f139bcd75265c14948dd7f3a071b00864db2972b2c0,65470,20,0,0,0,0,0,9,0,0,0,0,0,34,0,3
1197,4-9-16_16PCC_46,4-9-16_16PCC,2016-09-04,16PCC,46,patches/S2_4-9-16_16PCC/S2_4-9-16_16PCC_46.tif,patches/S2_4-9-16_16PCC/S2_4-9-16_16PCC_46_cl.tif,patches/S2_4-9-16_16PCC/S2_4-9-16_16PCC_46_conf.tif,train,-88.01011619850549,15.923003747170728,EPSG:32616,10.0,10.0,11,float32,,"(1.0, 1.0, 1.0, 1.0, 1.0, 1.0, 1.0, 1.0, 1.0, 1.0, 1.0)","(0.0, 0.0, 0.0, 0.0, 0.0, 0.0, 0.0, 0.0, 0.0, 0.0, 0.0)",390600.0,1759400.0,393160.0,1761960.0,65536,49,65536,49,0,0,0,0,0,0,95201a68a4ec15dfa10406da627da015ac6ce1c24656c717981c1415dce29c46,75a0f877a62835151e39d65ac1d1fd7e1c0efbf0af8727e2c3784ed741082a97,02f87e49ae635c7c0dd9fe6709368a5c46638388876653ce2aabc149b8cb83d2,65487,0,0,0,0,0,0,0,0,0,0,0,49,0,0,0
1198,4-9-16_16PCC_47,4-9-16_16PCC,2016-09-04,16PCC,47,patches/S2_4-9-16_16PCC/S2_4-9-16_16PCC_47.tif,patches/S2_4-9-16_16PCC/S2_4-9-16_16PCC_47_cl.tif,patches/S2_4-9-16_16PCC/S2_4-9-16_16PCC_47_conf.tif,train,-88.00954018728736,15.807303103004891,EPSG:32616,10.0,10.0,11,float32,,"(1.0, 1.0, 1.0, 1.0, 1.0, 1.0, 1.0, 1.0, 1.0, 1.0, 1.0)","(0.0, 0.0, 0.0, 0.0, 0.0, 0.0, 0.0, 0.0, 0.0, 0.0, 0.0)",390600.0,1746600.0,393160.0,1749160.0,65536,666,65536,666,0,0,0,0,0,0,02675e6b09d4b537d0851ac0727b5178255edbb6e56bdb29d75b406f917d25ea,94e51fd9ea46e60bd5d8c9e8c19e543c5f45acbf04bd6cfd589fa147bfbafd73,63df2131d4273e56c591122c3853605d9f70b18fcf038bd7182755a94bcb523f,64870,0,0,0,0,0,666,0,0,0,0,0,0,0,0,0
1199,4-9-16_16PCC_5,4-9-16_16PCC,2016-09-04,16PCC,5,patches/S2_4-9-16_16PCC/S2_4-9-16_16PCC_5.tif,patches/S2_4-9-16_16PCC/S2_4-9-16_16PCC_5_cl.tif,patches/S2_4-9-16_16PCC/S2_4-9-16_16PCC_5_conf.tif,train,-88.34582339537518,16.05999949931632,EPSG:32616,10.0,10.0,11,float32,,"(1.0, 1.0, 1.0, 1.0, 1.0, 1.0, 1.0, 1.0, 1.0, 1.0, 1.0)","(0.0, 0.0, 0.0, 0.0, 0.0, 0.0, 0.0, 0.0, 0.0, 0.0, 0.0)",354760.0,1774760.0,357320.0,1777320.0,65536,191,65536,191,0,0,0,0,0,0,936b5e6cd7ef6ab28aecbc0abfb08ae7af98f6236c6a880ceac8cea28df076b9,fc8944b7163c2669af55cf87d304900b406abbb675e6aa5372c68650f7031d54,91169f8f4d5431ea24f73fe4339283a45b902461b2a0c462a155aab95d5dd31f,65345,0,0,0,0,0,0,6,0,0,0,185,0,0,0,0
1200,4-9-16_16PCC_6,4-9-16_16PCC,2016-09-04,16PCC,6,patches/S2_4-9-16_16PCC/S2_4-9-16_16PCC_6.tif,patches/S2_4-9-16_16PCC/S2_4-9-16_16PCC_6_cl.tif,patches/S2_4-9-16_16PCC/S2_4-9-16_16PCC_6_conf.tif,train,-88.34566800912528,16.0368625685087,EPSG:32616,10.0,10.0,11,float32,,"(1.0, 1.0, 1.0, 1.0, 1.0, 1.0, 1.0, 1.0, 1.0, 1.0, 1.0)","(0.0, 0.0, 0.0, 0.0, 0.0, 0.0, 0.0, 0.0, 0.0, 0.0, 0.0)",354760.0,1772200.0,357320.0,1774760.0,65536,3,65536,3,0,0,0,0,0,0,02a06e2fc77ac1a20becefb5b5e79fb87f75e3d4d5a4a5fae9f344d196c7585b,a9f550ea400dd96e78ec7b87b41c6fb6a93b66120718342f29060d97506d7f82,44299a92691abd6a434813d60332440bcb996e31347587166fbcc3a23095e91d,65533,3,0,0,0,0,0,0,0,0,0,0,0,0,0,0
1201,4-9-16_16PCC_7,4-9-16_16PCC,2016-09-04,16PCC,7,patches/S2_4-9-16_16PCC/S2_4-9-16_16PCC_7.tif,patches/S2_4-9-16_16PCC/S2_4-9-16_16PCC_7_cl.tif,patches/S2_4-9-16_16PCC/S2_4-9-16_16PCC_7_conf.tif,train,-88.34535799830168,15.990588553034426,EPSG:32616,10.0,10.0,11,float32,,"(1.0, 1.0, 1.0, 1.0, 1.0, 1.0, 1.0, 1.0, 1.0, 1.0, 1.0)","(0.0, 0.0, 0.0, 0.0, 0.0, 0.0, 0.0, 0.0, 0.0, 0.0, 0.0)",354760.0,1767080.0,357320.0,1769640.0,65536,78,65536,78,0,0,0,0,0,0,fc6c7f46760f2b039a18639f4ffd111bd71a6df1c407936c75ac3530d014e1d4,187550b6c0d682447aac0fad3221d1bfa13cd6711d98e247f01cb5b195c79352,4eae54cde0d71146e687e15a8657d8b21647f47cf3ee83c46b9373726b1260ca,65458,0,0,0,0,0,0,2,0,0,0,0,75,0,0,1
1202,4-9-16_16PCC_8,4-9-16_16PCC,2016-09-04,16PCC,8,patches/S2_4-9-16_16PCC/S2_4-9-16_16PCC_8.tif,patches/S2_4-9-16_16PCC/S2_4-9-16_16PCC_8_cl.tif,patches/S2_4-9-16_16PCC/S2_4-9-16_16PCC_8_conf.tif,train,-88.32143850700713,15.990736913601642,EPSG:32616,10.0,10.0,11,float32,,"(1.0, 1.0, 1.0, 1.0, 1.0, 1.0, 1.0, 1.0, 1.0, 1.0, 1.0)","(0.0, 0.0, 0.0, 0.0, 0.0, 0.0, 0.0, 0.0, 0.0, 0.0, 0.0)",357320.0,1767080.0,359880.0,1769640.0,65536,78,65536,78,0,0,0,0,0,0,1e5c8f5420dc4d566d1b8f68c948e8d9d2b2ca0ab216e5527cc0519dc808225b,ec7e38f852b3c5163a8d0bfec67c38c365374c7561f42e4fb0f8a2acdaf2a270,8336580d125d4f0af62aaa03df9a5676c22876f35df5aa589b7d43b2fc4a58e7,65458,0,0,0,13,0,0,4,0,0,0,0,60,0,0,1
1203,4-9-16_16PCC_9,4-9-16_16PCC,2016-09-04,16PCC,9,patches/S2_4-9-16_16PCC/S2_4-9-16_16PCC_9.tif,patches/S2_4-9-16_16PCC/S2_4-9-16_16PCC_9_cl.tif,patches/S2_4-9-16_16PCC/S2_4-9-16_16PCC_9_conf.tif,train,-88.32008056130576,15.782499288266393,EPSG:32616,10.0,10.0,11,float32,,"(1.0, 1.0, 1.0, 1.0, 1.0, 1.0, 1.0, 1.0, 1.0, 1.0, 1.0)","(0.0, 0.0, 0.0, 0.0, 0.0, 0.0, 0.0, 0.0, 0.0, 0.0, 0.0)",357320.0,1744040.0,359880.0,1746600.0,65536,20,65536,20,0,0,0,0,0,0,63a78f88cce2625f13bc0cb8ea9579c9b185140e75b9e906d6b190810ec634e0,54df9ce23b2b1622e4f823056b91266784e7636dcb703b80004743762b4f0364,7d2918a22f505070bfe114433ace6aa6f0868b9541fb53a2e68802d610306654,65516,0,0,0,0,0,0,0,0,20,0,0,0,0,0,0
1204,4-9-19_16PCC_0,4-9-19_16PCC,2019-09-04,16PCC,0,patches/S2_4-9-19_16PCC/S2_4-9-19_16PCC_0.tif,patches/S2_4-9-19_16PCC/S2_4-9-19_16PCC_0_cl.tif,patches/S2_4-9-19_16PCC/S2_4-9-19_16PCC_0_conf.tif,train,-88.46590361861395,16.068972050471398,EPSG:32616,10.0,10.0,11,float32,,"(1.0, 1.0, 1.0, 1.0, 1.0, 1.0, 1.0, 1.0, 1.0, 1.0, 1.0)","(0.0, 0.0, 0.0, 0.0, 0.0, 0.0, 0.0, 0.0, 0.0, 0.0, 0.0)",341920.0,1775840.0,344480.0,1778400.0,65536,1776,65536,1776,0,0,0,0,0,0,eadb7e5c8526bc14e0246396263e80bab2d8391aff24634f3323bdb81bf7934b,40cb81f392dd921229eebe72748f6ee74643d985a428c8d0846baef8713e7f1c,4b86d740b0bcf1a239529ab757a189b367b9028c4b41700909404108fa11ae1c,63760,0,0,0,0,0,1776,0,0,0,0,0,0,0,0,0
1205,4-9-19_16PCC_1,4-9-19_16PCC,2019-09-04,16PCC,1,patches/S2_4-9-19_16PCC/S2_4-9-19_16PCC_1.tif,patches/S2_4-9-19_16PCC/S2_4-9-19_16PCC_1_cl.tif,patches/S2_4-9-19_16PCC/S2_4-9-19_16PCC_1_conf.tif,train,-88.41837658528064,16.115566711165194,EPSG:32616,10.0,10.0,11,float32,,"(1.0, 1.0, 1.0, 1.0, 1.0, 1.0, 1.0, 1.0, 1.0, 1.0, 1.0)","(0.0, 0.0, 0.0, 0.0, 0.0, 0.0, 0.0, 0.0, 0.0, 0.0, 0.0)",347040.0,1780960.0,349600.0,1783520.0,65536,621,65536,621,0,0,0,0,0,0,6e1d9228096393da72d3b11e043876ca1593faab756979be62389964393e744a,316abf03f187d9eaf42c27b5f2b0fb6329e36ab1101f6136f2b563ced580d6a8,df1a056f4f31198543bb8720d74b889359f8a0397bc8e6814adfafaa683d1780,64915,0,0,0,0,0,484,0,0,0,0,0,0,137,0,0
1206,4-9-19_16PCC_10,4-9-19_16PCC,2019-09-04,16PCC,10,patches/S2_4-9-19_16PCC/S2_4-9-19_16PCC_10.tif,patches/S2_4-9-19_16PCC/S2_4-9-19_16PCC_10_cl.tif,patches/S2_4-9-19_16PCC/S2_4-9-19_16PCC_10_conf.tif,train,-88.25083542455519,16.11661410187989,EPSG:32616,10.0,10.0,11,float32,,"(1.0, 1.0, 1.0, 1.0, 1.0, 1.0, 1.0, 1.0, 1.0, 1.0, 1.0)","(0.0, 0.0, 0.0, 0.0, 0.0, 0.0, 0.0, 0.0, 0.0, 0.0, 0.0)",364960.0,1780960.0,367520.0,1783520.0,65536,5470,65536,5470,0,0,0,0,0,0,c6a64d45d55b90263e27fa0fd6db99cfb4f6ed5c440e41f88ce82ce81433e271,1014307f4507ba8ae1abec7cb679678f1888621ad9152c723bfee5a8b20f4d2b,773b1c98d7cd343b14ea71ff41f8ff428c41cafbd690b351549cbe795db7e674,60066,0,0,0,0,0,5470,0,0,0,0,0,0,0,0,0
1207,4-9-19_16PCC_11,4-9-19_16PCC,2019-09-04,16PCC,11,patches/S2_4-9-19_16PCC/S2_4-9-19_16PCC_11.tif,patches/S2_4-9-19_16PCC/S2_4-9-19_16PCC_11_cl.tif,patches/S2_4-9-19_16PCC/S2_4-9-19_16PCC_11_conf.tif,train,-88.2506904666642,16.093476419021236,EPSG:32616,10.0,10.0,11,float32,,"(1.0, 1.0, 1.0, 1.0, 1.0, 1.0, 1.0, 1.0, 1.0, 1.0, 1.0)","(0.0, 0.0, 0.0, 0.0, 0.0, 0.0, 0.0, 0.0, 0.0, 0.0, 0.0)",364960.0,1778400.0,367520.0,1780960.0,65536,1752,65536,1752,0,0,0,0,0,0,7a00858eb2122638a21c87b26f765a2a5eb91149558ad1354805979dbd61ddee,e32938b23e80e42f77075f6a4d1b05143e73649b06f6677b9be47355b11b33e0,4afb18f472826154a0a9a56df5554a951669f0cf5253f73c96130e2f4ab46a41,63784,0,0,0,0,0,1752,0,0,0,0,0,0,0,0,0
1208,4-9-19_16PCC_12,4-9-19_16PCC,2019-09-04,16PCC,12,patches/S2_4-9-19_16PCC/S2_4-9-19_16PCC_12.tif,patches/S2_4-9-19_16PCC/S2_4-9-19_16PCC_12_cl.tif,patches/S2_4-9-19_16PCC/S2_4-9-19_16PCC_12_conf.tif,train,-88.22689999125706,16.116753002195523,EPSG:32616,10.0,10.0,11,float32,,"(1.0, 1.0, 1.0, 1.0, 1.0, 1.0, 1.0, 1.0, 1.0, 1.0, 1.0)","(0.0, 0.0, 0.0, 0.0, 0.0, 0.0, 0.0, 0.0, 0.0, 0.0, 0.0)",367520.0,1780960.0,370080.0,1783520.0,65536,261,65536,261,0,0,0,0,0,0,d6bc48d54daaba096ae7115afe680afe933bf38ba4ee7b9fd122cb1a18337377,20c4b780e2c099a53f0a1097da52c8626445d708b6f69381d9aac81e1c5ef420,51b7123b015d1b11d585555626cb7a431bff1f0f04233784d3b41f6c17e382cd,65275,0,0,0,0,0,261,0,0,0,0,0,0,0,0,0
1209,4-9-19_16PCC_13,4-9-19_16PCC,2019-09-04,16PCC,13,patches/S2_4-9-19_16PCC/S2_4-9-19_16PCC_13.tif,patches/S2_4-9-19_16PCC/S2_4-9-19_16PCC_13_cl.tif,patches/S2_4-9-19_16PCC/S2_4-9-19_16PCC_13_conf.tif,train,-88.22675780550384,16.09361510942964,EPSG:32616,10.0,10.0,11,float32,,"(1.0, 1.0, 1.0, 1.0, 1.0, 1.0, 1.0, 1.0, 1.0, 1.0, 1.0)","(0.0, 0.0, 0.0, 0.0, 0.0, 0.0, 0.0, 0.0, 0.0, 0.0, 0.0)",367520.0,1778400.0,370080.0,1780960.0,65536,3,65536,3,0,0,0,0,0,0,46dcead76d56c4f7c7545e85b205fff3041302bdf4d083d68461b8f695e887e0,08d72f0fc12fa8ea062392033241add9a88b36051d7ba040b6947cf08a60078c,60e5f7d6da62ef36f6ba0e43b7e3d78786b01668cf4b5e71895b6d2c10bd5749,65533,0,0,0,0,0,3,0,0,0,0,0,0,0,0,0
1210,4-9-19_16PCC_14,4-9-19_16PCC,2019-09-04,16PCC,14,patches/S2_4-9-19_16PCC/S2_4-9-19_16PCC_14.tif,patches/S2_4-9-19_16PCC/S2_4-9-19_16PCC_14_cl.tif,patches/S2_4-9-19_16PCC/S2_4-9-19_16PCC_14_conf.tif,train,-88.2026857263361,16.070612971994063,EPSG:32616,10.0,10.0,11,float32,,"(1.0, 1.0, 1.0, 1.0, 1.0, 1.0, 1.0, 1.0, 1.0, 1.0, 1.0)","(0.0, 0.0, 0.0, 0.0, 0.0, 0.0, 0.0, 0.0, 0.0, 0.0, 0.0)",370080.0,1775840.0,372640.0,1778400.0,65536,115,65536,115,0,0,0,0,0,0,e4b21ea9304518b63d303f76bfda7ce3e626796151eb65ee758a7eed603db38e,0a66b518a4c8d8fcf60323e90772a4899215d303eab195100f250a7de16cbc8c,ba17a5e15d493a3063beb11a2c066fbbe9c502ca01a0749060f2eecaf188089e,65421,0,98,16,0,0,0,0,0,0,0,0,0,0,0,1
1211,4-9-19_16PCC_15,4-9-19_16PCC,2019-09-04,16PCC,15,patches/S2_4-9-19_16PCC/S2_4-9-19_16PCC_15.tif,patches/S2_4-9-19_16PCC/S2_4-9-19_16PCC_15_cl.tif,patches/S2_4-9-19_16PCC/S2_4-9-19_16PCC_15_conf.tif,train,-88.20254676719854,16.047474771076534,EPSG:32616,10.0,10.0,11,float32,,"(1.0, 1.0, 1.0, 1.0, 1.0, 1.0, 1.0, 1.0, 1.0, 1.0, 1.0)","(0.0, 0.0, 0.0, 0.0, 0.0, 0.0, 0.0, 0.0, 0.0, 0.0, 0.0)",370080.0,1773280.0,372640.0,1775840.0,65536,312,65536,312,0,0,0,0,0,0,11a6330fa7d698a504b6eac235791cfa332c5cceffe4a227f20dc3d79a7e01e8,22e5c5911baf488476118c926952b371fd5e9dbd48c8456e44f9f91c3aeec3c8,9ea3a9f8de81aae4478426bff3f6f84bc7b566c6cc1e1572ebf5d6c3f1d3a0d0,65224,0,14,4,0,0,294,0,0,0,0,0,0,0,0,0
1212,4-9-19_16PCC_16,4-9-19_16PCC,2019-09-04,16PCC,16,patches/S2_4-9-19_16PCC/S2_4-9-19_16PCC_16.tif,patches/S2_4-9-19_16PCC/S2_4-9-19_16PCC_16_cl.tif,patches/S2_4-9-19_16PCC/S2_4-9-19_16PCC_16_conf.tif,train,-88.20103317116384,15.792951206285133,EPSG:32616,10.0,10.0,11,float32,,"(1.0, 1.0, 1.0, 1.0, 1.0, 1.0, 1.0, 1.0, 1.0, 1.0, 1.0)","(0.0, 0.0, 0.0, 0.0, 0.0, 0.0, 0.0, 0.0, 0.0, 0.0, 0.0)",370080.0,1745120.0,372640.0,1747680.0,65536,13,65536,13,0,0,0,0,0,0,c352ba10d8615117e041408b4594d2ebff3364f1597e3f2c628881149980e167,d0ddc8e0d790bc5ebb5c520417089ce10503e20300cba26b641915383d3acd83,b305dec0d429d51d5b7e9db9a166e3d28d2794039942bd0f8f67d5b8b2cfb403,65523,5,0,0,0,0,0,3,0,0,0,0,0,0,0,5
1213,4-9-19_16PCC_17,4-9-19_16PCC,2019-09-04,16PCC,17,patches/S2_4-9-19_16PCC/S2_4-9-19_16PCC_17.tif,patches/S2_4-9-19_16PCC/S2_4-9-19_16PCC_17_cl.tif,patches/S2_4-9-19_16PCC/S2_4-9-19_16PCC_17_conf.tif,train,-88.20089692785653,15.769812397146419,EPSG:32616,10.0,10.0,11,float32,,"(1.0, 1.0, 1.0, 1.0, 1.0, 1.0, 1.0, 1.0, 1.0, 1.0, 1.0)","(0.0, 0.0, 0.0, 0.0, 0.0, 0.0, 0.0, 0.0, 0.0, 0.0, 0.0)",370080.0,1742560.0,372640.0,1745120.0,65536,13,65536,13,0,0,0,0,0,0,1e33aae9b5f26eb4168c4fa347ef8fd60f7bdad95e747cecce6764342b1cbda6,eff13321af6cd4dc4d0cacae00d980c4eb57ba0d3b677eebce06e6fcf1a809cd,825f404d339a66318bde4a76b4ea0bd73e0870797e697b0f5a4d764b01be5f5e,65523,1,0,0,0,0,0,1,0,0,0,0,0,0,0,11
1214,4-9-19_16PCC_18,4-9-19_16PCC,2019-09-04,16PCC,18,patches/S2_4-9-19_16PCC/S2_4-9-19_16PCC_18.tif,patches/S2_4-9-19_16PCC/S2_4-9-19_16PCC_18_cl.tif,patches/S2_4-9-19_16PCC/S2_4-9-19_16PCC_18_conf.tif,train,-88.20076091008046,15.746673537754074,EPSG:32616,10.0,10.0,11,float32,,"(1.0, 1.0, 1.0, 1.0, 1.0, 1.0, 1.0, 1.0, 1.0, 1.0, 1.0)","(0.0, 0.0, 0.0, 0.0, 0.0, 0.0, 0.0, 0.0, 0.0, 0.0, 0.0)",370080.0,1740000.0,372640.0,1742560.0,65536,16,65536,16,0,0,0,0,0,0,1bf57ac00b230249c1742eb32b947e30f542f238cb759b91f0cf0051305b484e,8903dc1c4c4d577a1d8f9cff3ab49faf805175f832629f8eafc17264cdc3fc36,b7ea5c25757f7b5dd0a881607a25135c1ec8979f618e2c75e20d470d851b52bc,65520,1,0,0,0,0,15,0,0,0,0,0,0,0,0,0
1215,4-9-19_16PCC_19,4-9-19_16PCC,2019-09-04,16PCC,19,patches/S2_4-9-19_16PCC/S2_4-9-19_16PCC_19.tif,patches/S2_4-9-19_16PCC/S2_4-9-19_16PCC_19_cl.tif,patches/S2_4-9-19_16PCC/S2_4-9-19_16PCC_19_conf.tif,train,-88.17889179243431,16.093884456005213,EPSG:32616,10.0,10.0,11,float32,,"(1.0, 1.0, 1.0, 1.0, 1.0, 1.0, 1.0, 1.0, 1.0, 1.0, 1.0)","(0.0, 0.0, 0.0, 0.0, 0.0, 0.0, 0.0, 0.0, 0.0, 0.0, 0.0)",372640.0,1778400.0,375200.0,1780960.0,65536,10,65536,10,0,0,0,0,0,0,65bd7af8519664b9bf655ea82489a1ebb8f39854f89ecd5b62db0204722f6a9c,d237c6027a589594bacf330add1250b8b4484951ead37e1b43f60357e76aee00,58731ec539a74d9fcc7f86eb7e8c4a74b2d6059e72b421894e87ac1a3c0c30c7,65526,0,1,9,0,0,0,0,0,0,0,0,0,0,0,0
1216,4-9-19_16PCC_2,4-9-19_16PCC,2019-09-04,16PCC,2,patches/S2_4-9-19_16PCC/S2_4-9-19_16PCC_2.tif,patches/S2_4-9-19_16PCC/S2_4-9-19_16PCC_2_cl.tif,patches/S2_4-9-19_16PCC/S2_4-9-19_16PCC_2_conf.tif,train,-88.41821222616191,16.092430611122396,EPSG:32616,10.0,10.0,11,float32,,"(1.0, 1.0, 1.0, 1.0, 1.0, 1.0, 1.0, 1.0, 1.0, 1.0, 1.0)","(0.0, 0.0, 0.0, 0.0, 0.0, 0.0, 0.0, 0.0, 0.0, 0.0, 0.0)",347040.0,1778400.0,349600.0,1780960.0,65536,242,65536,242,0,0,0,0,0,0,509caa4a80044d9cd67c71077bfa06442965d1bc7a829be1520ad8a63736f03d,12ca7da8215ac5a3382038d5d55eb963d9b9d21dc51cd39df9de4233d293c040,4614ad37429cc1c09e61e2e1458badcea357ed47d64a84cb2df72263c68bfb02,65294,0,0,0,0,0,0,0,0,0,0,0,0,242,0,0
1217,4-9-19_16PCC_20,4-9-19_16PCC,2019-09-04,16PCC,20,patches/S2_4-9-19_16PCC/S2_4-9-19_16PCC_20.tif,patches/S2_4-9-19_16PCC/S2_4-9-19_16PCC_20_cl.tif,patches/S2_4-9-19_16PCC/S2_4-9-19_16PCC_20_conf.tif,train,-88.17861917826752,16.04760770181833,EPSG:32616,10.0,10.0,11,float32,,"(1.0, 1.0, 1.0, 1.0, 1.0, 1.0, 1.0, 1.0, 1.0, 1.0, 1.0)","(0.0, 0.0, 0.0, 0.0, 0.0, 0.0, 0.0, 0.0, 0.0, 0.0, 0.0)",372640.0,1773280.0,375200.0,1775840.0,65536,226,65536,226,0,0,0,0,0,0,bcffd9f32eb35acff9aeb5e92837e4c16910c69552990105a0cd5c415f21f635,d7cf01f5b2e62fa747d95158c531e0aa68e05135bee7c332654b42cebdf9e2d4,abb8ff23da11a1f972a80081422d1a794f79895a5207729f8763661a92287f66,65310,0,0,0,0,0,226,0,0,0,0,0,0,0,0,0
1218,4-9-19_16PCC_21,4-9-19_16PCC,2019-09-04,16PCC,21,patches/S2_4-9-19_16PCC/S2_4-9-19_16PCC_21.tif,patches/S2_4-9-19_16PCC/S2_4-9-19_16PCC_21_cl.tif,patches/S2_4-9-19_16PCC/S2_4-9-19_16PCC_21_conf.tif,train,-88.1784832049609,16.024469248184882,EPSG:32616,10.0,10.0,11,float32,,"(1.0, 1.0, 1.0, 1.0, 1.0, 1.0, 1.0, 1.0, 1.0, 1.0, 1.0)","(0.0, 0.0, 0.0, 0.0, 0.0, 0.0, 0.0, 0.0, 0.0, 0.0, 0.0)",372640.0,1770720.0,375200.0,1773280.0,65536,57,65536,57,0,0,0,0,0,0,5b67cf65433dee13216638c36a55230f7c2e8703fc8dcf87a3e45a090e6fdf18,d937d5cb1f55b42b2b6c0229ce6a5851c19795e516c2e0225f7f0eb1e78b7c0d,f82f00a47996e530daab89371f39c9004bef0b06e195439cc27cbdb6b96f42b0,65479,0,0,0,0,0,57,0,0,0,0,0,0,0,0,0
1219,4-9-19_16PCC_22,4-9-19_16PCC,2019-09-04,16PCC,22,patches/S2_4-9-19_16PCC/S2_4-9-19_16PCC_22.tif,patches/S2_4-9-19_16PCC/S2_4-9-19_16PCC_22_cl.tif,patches/S2_4-9-19_16PCC/S2_4-9-19_16PCC_22_conf.tif,train,-88.15495844956153,16.09401511194459,EPSG:32616,10.0,10.0,11,float32,,"(1.0, 1.0, 1.0, 1.0, 1.0, 1.0, 1.0, 1.0, 1.0, 1.0, 1.0)","(0.0, 0.0, 0.0, 0.0, 0.0, 0.0, 0.0, 0.0, 0.0, 0.0, 0.0)",375200.0,1778400.0,377760.0,1780960.0,65536,52,65536,52,0,0,0,0,0,0,0dbbd2ecf12c2c30b385b726dd11e1b82ee13dc5abbd706a181f1da32f2ddea2,49802688ab9ab83ac8f4e979b5b2e7bf45d17704a1d2979270fc132503c3967d,38e9e0c13d4f5b75f2bad8fcab1536fade9621f9203d9bbed66f6c3b06cb5ae6,65484,0,0,46,0,0,0,1,0,0,0,0,0,0,0,5
1220,4-9-19_16PCC_23,4-9-19_16PCC,2019-09-04,16PCC,23,patches/S2_4-9-19_16PCC/S2_4-9-19_16PCC_23.tif,patches/S2_4-9-19_16PCC/S2_4-9-19_16PCC_23_cl.tif,patches/S2_4-9-19_16PCC/S2_4-9-19_16PCC_23_conf.tif,train,-88.15455815251273,16.024599311144907,EPSG:32616,10.0,10.0,11,float32,,"(1.0, 1.0, 1.0, 1.0, 1.0, 1.0, 1.0, 1.0, 1.0, 1.0, 1.0)","(0.0, 0.0, 0.0, 0.0, 0.0, 0.0, 0.0, 0.0, 0.0, 0.0, 0.0)",375200.0,1770720.0,377760.0,1773280.0,65536,651,65536,651,0,0,0,0,0,0,87e25a2fe2b7742caa08a8cc86c0072b1208904884d8dfb0cfcc3c4a7ca5006c,3ffe81e854cff8dc86cd867d6697d0608577a43d4f7ff0f5c74c103bfd39257e,d90bb5dc0d98dee48fb7d562809083e7baf4805c71d921937d79a0c509325bad,64885,0,0,0,0,0,651,0,0,0,0,0,0,0,0,0
1221,4-9-19_16PCC_24,4-9-19_16PCC,2019-09-04,16PCC,24,patches/S2_4-9-19_16PCC/S2_4-9-19_16PCC_24.tif,patches/S2_4-9-19_16PCC/S2_4-9-19_16PCC_24_cl.tif,patches/S2_4-9-19_16PCC/S2_4-9-19_16PCC_24_conf.tif,train,-88.1305026402854,16.001587812213575,EPSG:32616,10.0,10.0,11,float32,,"(1.0, 1.0, 1.0, 1.0, 1.0, 1.0, 1.0, 1.0, 1.0, 1.0, 1.0)","(0.0, 0.0, 0.0, 0.0, 0.0, 0.0, 0.0, 0.0, 0.0, 0.0, 0.0)",377760.0,1768160.0,380320.0,1770720.0,65536,231,65536,231,0,0,0,0,0,0,5919d7aa3f40147315fa5633bf6a977b20717d5c5d6a4bd30fbf3e1064ea6a24,eed18dbed27d09e7918bde84f726925c6b57a2ccf8070245b76368b47bab2570,5919067788d49e279cb7226eda5ff46c749a20b12c47ed2424a46bd4a8629cb5,65305,0,0,0,0,0,231,0,0,0,0,0,0,0,0,0
1222,4-9-19_16PCC_25,4-9-19_16PCC,2019-09-04,16PCC,25,patches/S2_4-9-19_16PCC/S2_4-9-19_16PCC_25.tif,patches/S2_4-9-19_16PCC/S2_4-9-19_16PCC_25_cl.tif,patches/S2_4-9-19_16PCC/S2_4-9-19_16PCC_25_conf.tif,train,-88.1067073985902,16.02485143828127,EPSG:32616,10.0,10.0,11,float32,,"(1.0, 1.0, 1.0, 1.0, 1.0, 1.0, 1.0, 1.0, 1.0, 1.0, 1.0)","(0.0, 0.0, 0.0, 0.0, 0.0, 0.0, 0.0, 0.0, 0.0, 0.0, 0.0)",380320.0,1770720.0,382880.0,1773280.0,65536,79,65536,79,0,0,0,0,0,0,2b3c64aadb9e93bb8bed4bcc79afdeaa24e2c1f1caa059ef811b2bcbb9e1be65,f548c6ca9f960e887a9f2f6317af82c770f3a3adf1648806dd061cb66c7762f8,12de402c26c8a8e85ecababde27d7963d9a2ae9a03ab5bcd5aa53778c00c1c4e,65457,0,0,0,0,0,79,0,0,0,0,0,0,0,0,0
1223,4-9-19_16PCC_26,4-9-19_16PCC,2019-09-04,16PCC,26,patches/S2_4-9-19_16PCC/S2_4-9-19_16PCC_26.tif,patches/S2_4-9-19_16PCC/S2_4-9-19_16PCC_26_cl.tif,patches/S2_4-9-19_16PCC/S2_4-9-19_16PCC_26_conf.tif,train,-88.08228400107853,15.93241611605262,EPSG:32616,10.0,10.0,11,float32,,"(1.0, 1.0, 1.0, 1.0, 1.0, 1.0, 1.0, 1.0, 1.0, 1.0, 1.0)","(0.0, 0.0, 0.0, 0.0, 0.0, 0.0, 0.0, 0.0, 0.0, 0.0, 0.0)",382880.0,1760480.0,385440.0,1763040.0,65536,2109,65536,2109,0,0,0,0,0,0,11ec93e9e595994ba16905db740fff26a4f3fada991b4d1e093bcf08d47f84d4,d43c4becaf69929f9b8f383f638994e49e29539f3c33add75f929c1e804ec49e,4a287f98e8852e1306ea0d52c8a14904772928423ad64f596c7fa5d4958542f0,63427,0,0,0,0,0,0,2109,0,0,0,0,0,0,0,0
1224,4-9-19_16PCC_27,4-9-19_16PCC,2019-09-04,16PCC,27,patches/S2_4-9-19_16PCC/S2_4-9-19_16PCC_27.tif,patches/S2_4-9-19_16PCC/S2_4-9-19_16PCC_27_cl.tif,patches/S2_4-9-19_16PCC/S2_4-9-19_16PCC_27_conf.tif,train,-88.05849047569227,15.955674391950923,EPSG:32616,10.0,10.0,11,float32,,"(1.0, 1.0, 1.0, 1.0, 1.0, 1.0, 1.0, 1.0, 1.0, 1.0, 1.0)","(0.0, 0.0, 0.0, 0.0, 0.0, 0.0, 0.0, 0.0, 0.0, 0.0, 0.0)",385440.0,1763040.0,388000.0,1765600.0,65536,8,65536,8,0,0,0,0,0,0,4a76fa6291e6b22ebc13e32c6b9a438ba6bac558d7c29cdae73c8de312ba1723,5de063f96ff4fd076ec925108742fa0cb66a80c061f04a8d2dfb45df0ab0184a,e8694e5a19b2973625435495deb501448a606b0706950584ffcf80abcee8c9f0,65528,0,0,8,0,0,0,0,0,0,0,0,0,0,0,0
1225,4-9-19_16PCC_28,4-9-19_16PCC,2019-09-04,16PCC,28,patches/S2_4-9-19_16PCC/S2_4-9-19_16PCC_28.tif,patches/S2_4-9-19_16PCC/S2_4-9-19_16PCC_28_cl.tif,patches/S2_4-9-19_16PCC/S2_4-9-19_16PCC_28_conf.tif,train,-88.05836909689165,15.932534788229697,EPSG:32616,10.0,10.0,11,float32,,"(1.0, 1.0, 1.0, 1.0, 1.0, 1.0, 1.0, 1.0, 1.0, 1.0, 1.0)","(0.0, 0.0, 0.0, 0.0, 0.0, 0.0, 0.0, 0.0, 0.0, 0.0, 0.0)",385440.0,1760480.0,388000.0,1763040.0,65536,626,65536,626,0,0,0,0,0,0,5c010bac7df8e8e9d9bca121cd8345cca8bf4fc470ae96fd1078b7499fa9fd54,62284192e11e781522fab46354849da601a16f4263dcd455e64c2dadba36f199,01f37ddd8bae6cf0a8d440ee8ac312e27943663fe50ec6cf201bb5b71502c26a,64910,0,0,0,0,0,0,626,0,0,0,0,0,0,0,0
1226,4-9-19_16PCC_29,4-9-19_16PCC,2019-09-04,16PCC,29,patches/S2_4-9-19_16PCC/S2_4-9-19_16PCC_29.tif,patches/S2_4-9-19_16PCC/S2_4-9-19_16PCC_29_cl.tif,patches/S2_4-9-19_16PCC/S2_4-9-19_16PCC_29_conf.tif,train,-88.03552875691302,16.14090701505956,EPSG:32616,10.0,10.0,11,float32,,"(1.0, 1.0, 1.0, 1.0, 1.0, 1.0, 1.0, 1.0, 1.0, 1.0, 1.0)","(0.0, 0.0, 0.0, 0.0, 0.0, 0.0, 0.0, 0.0, 0.0, 0.0, 0.0)",388000.0,1783520.0,390560.0,1786080.0,65536,463,65536,463,0,0,0,0,0,0,14ded83b83912d0e34628e2ebf6c5fc70b96444d73c59837210b4b40a1a16655,70c2fe1ff8f44f9bfa1760709b6d86024cc3877dd3c22cf0dec43f13c8687307,e4077b53d576c8a0394160194b3ea7c0f1834b7669cbf7dff376a93bed355959,65073,0,0,0,0,0,458,5,0,0,0,0,0,0,0,0
1227,4-9-19_16PCC_3,4-9-19_16PCC,2019-09-04,16PCC,3,patches/S2_4-9-19_16PCC/S2_4-9-19_16PCC_3.tif,patches/S2_4-9-19_16PCC/S2_4-9-19_16PCC_3_cl.tif,patches/S2_4-9-19_16PCC/S2_4-9-19_16PCC_3_conf.tif,train,-88.39444290170877,16.115724382729212,EPSG:32616,10.0,10.0,11,float32,,"(1.0, 1.0, 1.0, 1.0, 1.0, 1.0, 1.0, 1.0, 1.0, 1.0, 1.0)","(0.0, 0.0, 0.0, 0.0, 0.0, 0.0, 0.0, 0.0, 0.0, 0.0, 0.0)",349600.0,1780960.0,352160.0,1783520.0,65536,471,65536,471,0,0,0,0,0,0,2539d786e9df5d26b8ba9cec16aba43525499ff6a72d929ba21dc384fc1259c5,9b19d4d766866eea45efcb3749ce92a96245a9b2edbe7ba9b8fb3bade00ef3c5,e7329fa0bdb5fcb57a44379bff34eecedb2c85a4a5d3ac531b45c500b1d36906,65065,0,0,0,0,0,471,0,0,0,0,0,0,0,0,0
1228,4-9-19_16PCC_30,4-9-19_16PCC,2019-09-04,16PCC,30,patches/S2_4-9-19_16PCC/S2_4-9-19_16PCC_30.tif,patches/S2_4-9-19_16PCC/S2_4-9-19_16PCC_30_cl.tif,patches/S2_4-9-19_16PCC/S2_4-9-19_16PCC_30_conf.tif,train,-88.01135396827502,16.094742797883697,EPSG:32616,10.0,10.0,11,float32,,"(1.0, 1.0, 1.0, 1.0, 1.0, 1.0, 1.0, 1.0, 1.0, 1.0, 1.0)","(0.0, 0.0, 0.0, 0.0, 0.0, 0.0, 0.0, 0.0, 0.0, 0.0, 0.0)",390560.0,1778400.0,393120.0,1780960.0,65536,37,65536,37,0,0,0,0,0,0,e8b08d062709fb1f40c4d147b6fabdf230075e9699f0ff4e30d75afcab536a81,da4147fb30f48c50c86230e0daa0b4274d289d3d3350d964d63956b3943f4bcb,6a649d4b6f520a32c9ca94290d1fc8b2072a7fc5d0024e0cb6e717474067f45a,65499,0,0,0,0,0,33,4,0,0,0,0,0,0,0,0
1229,4-9-19_16PCC_31,4-9-19_16PCC,2019-09-04,16PCC,31,patches/S2_4-9-19_16PCC/S2_4-9-19_16PCC_31.tif,patches/S2_4-9-19_16PCC/S2_4-9-19_16PCC_31_cl.tif,patches/S2_4-9-19_16PCC/S2_4-9-19_16PCC_31_conf.tif,train,-88.01053869491703,15.932764181148666,EPSG:32616,10.0,10.0,11,float32,,"(1.0, 1.0, 1.0, 1.0, 1.0, 1.0, 1.0, 1.0, 1.0, 1.0, 1.0)","(0.0, 0.0, 0.0, 0.0, 0.0, 0.0, 0.0, 0.0, 0.0, 0.0, 0.0)",390560.0,1760480.0,393120.0,1763040.0,65536,5,65536,5,0,0,0,0,0,0,ec9b7712c9c09765d37d61bfe3e6ccf808ce491bc30e30c1b23b408aa178111c,13e48663b6abd8cea3e3e97d3dbf6eae983aa377f555c3c86feb23e9789c15ee,310875156b2eac96dc62d8c2c3382a936c862ff27b97aea5100b7396e7e420f6,65531,0,0,5,0,0,0,0,0,0,0,0,0,0,0,0
1230,4-9-19_16PCC_32,4-9-19_16PCC,2019-09-04,16PCC,32,patches/S2_4-9-19_16PCC/S2_4-9-19_16PCC_32.tif,patches/S2_4-9-19_16PCC/S2_4-9-19_16PCC_32_cl.tif,patches/S2_4-9-19_16PCC/S2_4-9-19_16PCC_32_conf.tif,train,-87.93846972528395,15.863666741330187,EPSG:32616,10.0,10.0,11,float32,,"(1.0, 1.0, 1.0, 1.0, 1.0, 1.0, 1.0, 1.0, 1.0, 1.0, 1.0)","(0.0, 0.0, 0.0, 0.0, 0.0, 0.0, 0.0, 0.0, 0.0, 0.0, 0.0)",398240.0,1752800.0,400800.0,1755360.0,65536,18,65536,18,0,0,0,0,0,0,3aa59622165ae0f78f2e555eab1e03873e66222d9730debecfc529eb58a1e9d5,f3fa43f83e0752a138ad857416194a4b794d9dc1346f33b1f83321a27dc40fc5,998b7b43209331a640ca3e57b930d3761c013c80dd60c6cf26fa11d12a8a7c3a,65518,0,0,0,0,0,0,0,0,18,0,0,0,0,0,0
1231,4-9-19_16PCC_4,4-9-19_16PCC,2019-09-04,16PCC,4,patches/S2_4-9-19_16PCC/S2_4-9-19_16PCC_4.tif,patches/S2_4-9-19_16PCC/S2_4-9-19_16PCC_4_cl.tif,patches/S2_4-9-19_16PCC/S2_4-9-19_16PCC_4_conf.tif,train,-88.39428131377647,16.09258804441433,EPSG:32616,10.0,10.0,11,float32,,"(1.0, 1.0, 1.0, 1.0, 1.0, 1.0, 1.0, 1.0, 1.0, 1.0, 1.0)","(0.0, 0.0, 0.0, 0.0, 0.0, 0.0, 0.0, 0.0, 0.0, 0.0, 0.0)",349600.0,1778400.0,352160.0,1780960.0,65536,508,65536,508,0,0,0,0,0,0,e241a241bd7563e5e0e3599e88d46e6623b84d9b36f407c8c23b0f7e613ebf37,ec46e0c22d7c6da2d9991e4d0bdedd2ff66118923fe9070a407257ff389c4f98,da51e93793c577a1eb24677675dad3238ad52565e40ed8caa58b64e2804870e5,65028,0,0,0,0,0,256,0,0,0,0,0,0,252,0,0
1232,4-9-19_16PCC_5,4-9-19_16PCC,2019-09-04,16PCC,5,patches/S2_4-9-19_16PCC/S2_4-9-19_16PCC_5.tif,patches/S2_4-9-19_16PCC/S2_4-9-19_16PCC_5_cl.tif,patches/S2_4-9-19_16PCC/S2_4-9-19_16PCC_5_conf.tif,train,-88.34657474852834,16.11603168205119,EPSG:32616,10.0,10.0,11,float32,,"(1.0, 1.0, 1.0, 1.0, 1.0, 1.0, 1.0, 1.0, 1.0, 1.0, 1.0)","(0.0, 0.0, 0.0, 0.0, 0.0, 0.0, 0.0, 0.0, 0.0, 0.0, 0.0)",354720.0,1780960.0,357280.0,1783520.0,65536,4483,65536,4483,0,0,0,0,0,0,77faabe478e166dcfb00f80fd3588b575c480df5b0869d5ad7f2873cee6de02b,cf9be701796a89da378d6aaaca84036ee533c016a8ba5f2b39f695c50571a71a,9acc9f8b857607be7e7f524f9024c41907188056243cf13cccf7d97d449b5f3d,61053,0,0,0,0,0,4483,0,0,0,0,0,0,0,0,0
1233,4-9-19_16PCC_6,4-9-19_16PCC,2019-09-04,16PCC,6,patches/S2_4-9-19_16PCC/S2_4-9-19_16PCC_6.tif,patches/S2_4-9-19_16PCC/S2_4-9-19_16PCC_6_cl.tif,patches/S2_4-9-19_16PCC/S2_4-9-19_16PCC_6_conf.tif,train,-88.34641870339622,16.09289487934682,EPSG:32616,10.0,10.0,11,float32,,"(1.0, 1.0, 1.0, 1.0, 1.0, 1.0, 1.0, 1.0, 1.0, 1.0, 1.0)","(0.0, 0.0, 0.0, 0.0, 0.0, 0.0, 0.0, 0.0, 0.0, 0.0, 0.0)",354720.0,1778400.0,357280.0,1780960.0,65536,4605,65536,4605,0,0,0,0,0,0,b92403780168acd27592c80e34233ecfc833c39f88414534248b995f4ad927db,034d91f98d1dd4b7c3e8935137268a039ac1f9f36576e58d1395365c2199609d,3e082263f1d240903e557f72d676aed560f932eb7986c69f178946124eb71054,60931,0,0,0,0,0,4605,0,0,0,0,0,0,0,0,0
1234,4-9-19_16PCC_7,4-9-19_16PCC,2019-09-04,16PCC,7,patches/S2_4-9-19_16PCC/S2_4-9-19_16PCC_7.tif,patches/S2_4-9-19_16PCC/S2_4-9-19_16PCC_7_cl.tif,patches/S2_4-9-19_16PCC/S2_4-9-19_16PCC_7_conf.tif,train,-88.32279381144228,16.139318286883835,EPSG:32616,10.0,10.0,11,float32,,"(1.0, 1.0, 1.0, 1.0, 1.0, 1.0, 1.0, 1.0, 1.0, 1.0, 1.0)","(0.0, 0.0, 0.0, 0.0, 0.0, 0.0, 0.0, 0.0, 0.0, 0.0, 0.0)",357280.0,1783520.0,359840.0,1786080.0,65536,22,65536,22,0,0,0,0,0,0,89e1a39b8cfa6948ddb1eba6a1bdd81bb53a1c218a1e72bb80a3716bfae96dd3,ea752fab47f0bb30d3942a7cfc1c71cdbcd3ffcebba0c0c7d5170b8886f44429,e42758c1f4f2d6c85a5f93d6390f464e4a851a8b99a8cf67717860f476218877,65514,0,0,0,0,0,0,0,0,0,0,22,0,0,0,0
1235,4-9-19_16PCC_8,4-9-19_16PCC,2019-09-04,16PCC,8,patches/S2_4-9-19_16PCC/S2_4-9-19_16PCC_8.tif,patches/S2_4-9-19_16PCC/S2_4-9-19_16PCC_8_cl.tif,patches/S2_4-9-19_16PCC/S2_4-9-19_16PCC_8_conf.tif,train,-88.27257989686038,15.769405127506156,EPSG:32616,10.0,10.0,11,float32,,"(1.0, 1.0, 1.0, 1.0, 1.0, 1.0, 1.0, 1.0, 1.0, 1.0, 1.0)","(0.0, 0.0, 0.0, 0.0, 0.0, 0.0, 0.0, 0.0, 0.0, 0.0, 0.0)",362400.0,1742560.0,364960.0,1745120.0,65536,1083,65536,1083,0,0,0,0,0,0,6da442ba8949ad97526e35c0bb57ea8ca8867c4f96172760a5be22f0aa40b847,3d9ebac7d5b30311f0fcd9a9d77f89f294febc49c52d9d48826faf7456c24d05,c9b1020131468a490f5a39c3453091ecec2ba4a485f42de236b996e6a327b6f5,64453,0,0,0,0,0,0,0,1083,0,0,0,0,0,0,0
1236,4-9-19_16PCC_9,4-9-19_16PCC,2019-09-04,16PCC,9,patches/S2_4-9-19_16PCC/S2_4-9-19_16PCC_9.tif,patches/S2_4-9-19_16PCC/S2_4-9-19_16PCC_9_cl.tif,patches/S2_4-9-19_16PCC/S2_4-9-19_16PCC_9_conf.tif,train,-88.27243576521057,15.746266895754633,EPSG:32616,10.0,10.0,11,float32,,"(1.0, 1.0, 1.0, 1.0, 1.0, 1.0, 1.0, 1.0, 1.0, 1.0, 1.0)","(0.0, 0.0, 0.0, 0.0, 0.0, 0.0, 0.0, 0.0, 0.0, 0.0, 0.0)",362400.0,1740000.0,364960.0,1742560.0,65536,2418,65536,2418,0,0,0,0,0,0,c5071c1d58ce3e8c30a82d4486b2ba065177ff07b651fdb20ecbcc55ca1b5b1e,fef358f993e374dcfb112620460755f606cad97ef98ee62b96b2d49a35d0cd22,9a85833e6d837595572895e9080c906a8f267d633bdf347632e678b97e3ec469,63118,0,0,0,0,0,0,0,2418,0,0,0,0,0,0,0
1237,6-12-17_48MYU_0,6-12-17_48MYU,2017-12-06,48MYU,0,patches/S2_6-12-17_48MYU/S2_6-12-17_48MYU_0.tif,patches/S2_6-12-17_48MYU/S2_6-12-17_48MYU_0_cl.tif,patches/S2_6-12-17_48MYU/S2_6-12-17_48MYU_0_conf.tif,train,106.85962655168636,-5.998428297540805,EPSG:32748,10.0,10.0,11,float32,,"(1.0, 1.0, 1.0, 1.0, 1.0, 1.0, 1.0, 1.0, 1.0, 1.0, 1.0)","(0.0, 0.0, 0.0, 0.0, 0.0, 0.0, 0.0, 0.0, 0.0, 0.0, 0.0)",704560.0,9335340.0,707120.0,9337900.0,65536,98,65536,98,0,0,0,0,0,0,a621ddc7be8d2787a29c98573d5120602cbe03492999ab07e05a869694d23310,b90626d59ad0545a6fde58d469d8961d030d0b812e851f8a4f30b6d47a70112d,95a64b9f8c0a9fbdb0c071aff47e34cbf177937c9aca9d33ee92204f77336d99,65438,0,0,0,0,40,0,48,0,0,10,0,0,0,0,0
1238,6-12-17_48MYU_1,6-12-17_48MYU,2017-12-06,48MYU,1,patches/S2_6-12-17_48MYU/S2_6-12-17_48MYU_1.tif,patches/S2_6-12-17_48MYU/S2_6-12-17_48MYU_1_cl.tif,patches/S2_6-12-17_48MYU/S2_6-12-17_48MYU_1_conf.tif,train,106.88274601906355,-5.998349275348113,EPSG:32748,10.0,10.0,11,float32,,"(1.0, 1.0, 1.0, 1.0, 1.0, 1.0, 1.0, 1.0, 1.0, 1.0, 1.0)","(0.0, 0.0, 0.0, 0.0, 0.0, 0.0, 0.0, 0.0, 0.0, 0.0, 0.0)",707120.0,9335340.0,709680.0,9337900.0,65536,105,65536,105,0,0,0,0,0,0,16c5d59b7f07b34bf130b1231d49dd63fb2344197dd8af392949f606f44dfc09,d3b68ac9c082f85065c275a573ba3af71e48088d65f450d39e4b217b6e6404d4,e27929dc9dce491681f49314d985aedcc9e1ff23e02687d622306a477a3b4377,65431,13,0,0,0,4,0,40,0,0,0,48,0,0,0,0
1239,6-12-18_48MXU_0,6-12-18_48MXU,2018-12-06,48MXU,0,patches/S2_6-12-18_48MXU/S2_6-12-18_48MXU_0.tif,patches/S2_6-12-18_48MXU/S2_6-12-18_48MXU_0_cl.tif,patches/S2_6-12-18_48MXU/S2_6-12-18_48MXU_0_conf.tif,train,106.53128263787931,-5.88911869283714,EPSG:32748,10.0,10.0,11,float32,,"(1.0, 1.0, 1.0, 1.0, 1.0, 1.0, 1.0, 1.0, 1.0, 1.0, 1.0)","(0.0, 0.0, 0.0, 0.0, 0.0, 0.0, 0.0, 0.0, 0.0, 0.0, 0.0)",668240.0,9347540.0,670800.0,9350100.0,65536,89,65536,89,0,0,0,0,0,0,41e35e971737adca6dc1740ce3188185163f14113a7391eec9554265e59f3665,188c075b0709a281af807d195e255ee63cc28409bf977685fc84fe40d4b53873,2ceeda7b1224ed9980c817991654774e7cdfdc183285df41138d67fc89f4a558,65447,87,0,0,0,0,0,2,0,0,0,0,0,0,0,0
1240,6-12-18_48MXU_1,6-12-18_48MXU,2018-12-06,48MXU,1,patches/S2_6-12-18_48MXU/S2_6-12-18_48MXU_1.tif,patches/S2_6-12-18_48MXU/S2_6-12-18_48MXU_1_cl.tif,patches/S2_6-12-18_48MXU/S2_6-12-18_48MXU_1_conf.tif,train,106.5544015183608,-5.889054716190783,EPSG:32748,10.0,10.0,11,float32,,"(1.0, 1.0, 1.0, 1.0, 1.0, 1.0, 1.0, 1.0, 1.0, 1.0, 1.0)","(0.0, 0.0, 0.0, 0.0, 0.0, 0.0, 0.0, 0.0, 0.0, 0.0, 0.0)",670800.0,9347540.0,673360.0,9350100.0,65536,22,65536,22,0,0,0,0,0,0,e92f21fbdb58187c69524b97e05bf27166f95209305c479cc0724852f46ad86e,64445c4bd50bd42bab212cd92962631919fe0e1f5d405e035ca726edb3e8bd5e,56b8ce60cefc53faa963201eb9c1152ea3f6a1988e7373572f8f247b7ca8c607,65514,1,0,0,0,4,2,0,0,0,0,0,0,0,15,0
1241,6-12-18_48MXU_10,6-12-18_48MXU,2018-12-06,48MXU,10,patches/S2_6-12-18_48MXU/S2_6-12-18_48MXU_10.tif,patches/S2_6-12-18_48MXU/S2_6-12-18_48MXU_10_cl.tif,patches/S2_6-12-18_48MXU/S2_6-12-18_48MXU_10_conf.tif,train,105.91482582316033,-5.821184597062629,EPSG:32748,10.0,10.0,11,float32,,"(1.0, 1.0, 1.0, 1.0, 1.0, 1.0, 1.0, 1.0, 1.0, 1.0, 1.0)","(0.0, 0.0, 0.0, 0.0, 0.0, 0.0, 0.0, 0.0, 0.0, 0.0, 0.0)",600000.0,9355200.0,602560.0,9357760.0,65536,349,65536,349,0,0,0,0,0,0,fcd2da4f467964254cb08d688f2f4f8e413ad2d5db5d6b68fb7d4f57141011e3,0dea5128ad360f004ffe6768a02ddc1ecdeb709c259c47bde375856881283440,b2c2a37a26632df23f9b0f79877895393e15ce70f3c3f645388541f64690c5c2,65187,0,0,0,0,0,349,0,0,0,0,0,0,0,0,0
1242,6-12-18_48MXU_11,6-12-18_48MXU,2018-12-06,48MXU,11,patches/S2_6-12-18_48MXU/S2_6-12-18_48MXU_11.tif,patches/S2_6-12-18_48MXU/S2_6-12-18_48MXU_11_cl.tif,patches/S2_6-12-18_48MXU/S2_6-12-18_48MXU_11_conf.tif,train,105.93798577840931,-5.844302218902786,EPSG:32748,10.0,10.0,11,float32,,"(1.0, 1.0, 1.0, 1.0, 1.0, 1.0, 1.0, 1.0, 1.0, 1.0, 1.0)","(0.0, 0.0, 0.0, 0.0, 0.0, 0.0, 0.0, 0.0, 0.0, 0.0, 0.0)",602560.0,9352640.0,605120.0,9355200.0,65536,19,65536,19,0,0,0,0,0,0,77459d713a16a473a962de231f1d52212128d8d1aac07a25e8817adbed3272fe,9115a7a3ab67cd4b3bf3d76f4b669aa902c9da4fbd84f8c74def1b75ba4dea50,aefb721e4e4bfda27c56bf808e648adca1bca75e8f6840767cab32251ff297b4,65517,10,0,0,0,0,0,5,0,0,0,0,0,0,0,4
1243,6-12-18_48MXU_12,6-12-18_48MXU,2018-12-06,48MXU,12,patches/S2_6-12-18_48MXU/S2_6-12-18_48MXU_12.tif,patches/S2_6-12-18_48MXU/S2_6-12-18_48MXU_12_cl.tif,patches/S2_6-12-18_48MXU/S2_6-12-18_48MXU_12_conf.tif,train,105.96110805597203,-5.844263139858314,EPSG:32748,10.0,10.0,11,float32,,"(1.0, 1.0, 1.0, 1.0, 1.0, 1.0, 1.0, 1.0, 1.0, 1.0, 1.0)","(0.0, 0.0, 0.0, 0.0, 0.0, 0.0, 0.0, 0.0, 0.0, 0.0, 0.0)",605120.0,9352640.0,607680.0,9355200.0,65536,17,65536,17,0,0,0,0,0,0,7c998ee2097d21d5253e308aaaea7f840aea65c9f3f94305a5b71c87a524d5b4,79dc2e92afd4c22f72cecba66dd2d2e84d2ad8e22f4786dac0b0f3ace79ffea2,d1256a5be59bb221b2fc24ff37e93ca715ead6eda1d2ac1d45b8a565961f4026,65519,8,0,0,0,0,0,5,0,0,0,0,0,0,0,4
1244,6-12-18_48MXU_13,6-12-18_48MXU,2018-12-06,48MXU,13,patches/S2_6-12-18_48MXU/S2_6-12-18_48MXU_13.tif,patches/S2_6-12-18_48MXU/S2_6-12-18_48MXU_13_cl.tif,patches/S2_6-12-18_48MXU/S2_6-12-18_48MXU_13_conf.tif,train,105.96114763347865,-5.867418562225338,EPSG:32748,10.0,10.0,11,float32,,"(1.0, 1.0, 1.0, 1.0, 1.0, 1.0, 1.0, 1.0, 1.0, 1.0, 1.0)","(0.0, 0.0, 0.0, 0.0, 0.0, 0.0, 0.0, 0.0, 0.0, 0.0, 0.0)",605120.0,9350080.0,607680.0,9352640.0,65536,14,65536,14,0,0,0,0,0,0,a4185e3462f2082a3e0ac6ea5218e1995f9bed1b9b12fd95c61e3318fd985d61,fe3d803e7d3a2a5f10d2e1cae9ac594c994d8feaaffaa1ef703512608ad338e4,11da74ffbe13a6605a6d1922f501bc44846dc846bc19e8738ea39d0d8d5b2a04,65522,6,0,0,0,0,0,7,0,0,0,0,0,0,0,1
1245,6-12-18_48MXU_14,6-12-18_48MXU,2018-12-06,48MXU,14,patches/S2_6-12-18_48MXU/S2_6-12-18_48MXU_14.tif,patches/S2_6-12-18_48MXU/S2_6-12-18_48MXU_14_cl.tif,patches/S2_6-12-18_48MXU/S2_6-12-18_48MXU_14_conf.tif,train,105.96118737021443,-5.890573965212307,EPSG:32748,10.0,10.0,11,float32,,"(1.0, 1.0, 1.0, 1.0, 1.0, 1.0, 1.0, 1.0, 1.0, 1.0, 1.0)","(0.0, 0.0, 0.0, 0.0, 0.0, 0.0, 0.0, 0.0, 0.0, 0.0, 0.0)",605120.0,9347520.0,607680.0,9350080.0,65536,315,65536,315,0,0,0,0,0,0,e7d5d14ef0d432bfbb03ec3eeadd5173abb4684e3d7021129597a6907f63747d,614b462a0154bdf262c347931d0c6329341855b0abd18e396054fc44017ed335,ff6fedaf733e41207b2996f8b654aebc12b4074d53b6b83dce67ae3cd8794030,65221,0,0,0,0,0,315,0,0,0,0,0,0,0,0,0
1246,6-12-18_48MXU_15,6-12-18_48MXU,2018-12-06,48MXU,15,patches/S2_6-12-18_48MXU/S2_6-12-18_48MXU_15.tif,patches/S2_6-12-18_48MXU/S2_6-12-18_48MXU_15_cl.tif,patches/S2_6-12-18_48MXU/S2_6-12-18_48MXU_15_conf.tif,train,105.98423017433794,-5.844223109567503,EPSG:32748,10.0,10.0,11,float32,,"(1.0, 1.0, 1.0, 1.0, 1.0, 1.0, 1.0, 1.0, 1.0, 1.0, 1.0)","(0.0, 0.0, 0.0, 0.0, 0.0, 0.0, 0.0, 0.0, 0.0, 0.0, 0.0)",607680.0,9352640.0,610240.0,9355200.0,65536,3,65536,3,0,0,0,0,0,0,788bb18c03cf761aa7544550d66804509e3946701059e1e8c1fe1ae664eba1d6,47ad3707502968d0ff828b5b85490c7d43276e3068b2ec8dc5b17aed2b967893,8c0fe6cc1748a775042397cb135eac76fe115e803d83c8f4a3741ccb0dbfb486,65533,2,0,0,0,0,0,1,0,0,0,0,0,0,0,0
1247,6-12-18_48MXU_16,6-12-18_48MXU,2018-12-06,48MXU,16,patches/S2_6-12-18_48MXU/S2_6-12-18_48MXU_16.tif,patches/S2_6-12-18_48MXU/S2_6-12-18_48MXU_16_cl.tif,patches/S2_6-12-18_48MXU/S2_6-12-18_48MXU_16_conf.tif,train,105.98427070362095,-5.8673783722634925,EPSG:32748,10.0,10.0,11,float32,,"(1.0, 1.0, 1.0, 1.0, 1.0, 1.0, 1.0, 1.0, 1.0, 1.0, 1.0)","(0.0, 0.0, 0.0, 0.0, 0.0, 0.0, 0.0, 0.0, 0.0, 0.0, 0.0)",607680.0,9350080.0,610240.0,9352640.0,65536,65,65536,65,0,0,0,0,0,0,e37c45eae2be461ed1dd7c5bdeac8192d6d7365d5ecb405af060e4f643f98968,08efa2d5894f4d0163b0832af9536d7d2aa1242cca235e007720b0bd099f646b,7e0ed5613b95e0d1d7d8f3c0c8d5b3a816cdc511663762af283e17b24e36ac62,65471,1,0,0,0,0,0,1,0,0,0,0,0,63,0,0
1248,6-12-18_48MXU_17,6-12-18_48MXU,2018-12-06,48MXU,17,patches/S2_6-12-18_48MXU/S2_6-12-18_48MXU_17.tif,patches/S2_6-12-18_48MXU/S2_6-12-18_48MXU_17_cl.tif,patches/S2_6-12-18_48MXU/S2_6-12-18_48MXU_17_conf.tif,train,106.00739361070492,-5.867337227293666,EPSG:32748,10.0,10.0,11,float32,,"(1.0, 1.0, 1.0, 1.0, 1.0, 1.0, 1.0, 1.0, 1.0, 1.0, 1.0)","(0.0, 0.0, 0.0, 0.0, 0.0, 0.0, 0.0, 0.0, 0.0, 0.0, 0.0)",610240.0,9350080.0,612800.0,9352640.0,65536,828,65536,828,0,0,0,0,0,0,c401581568688fa156444b0f937375ed4d4c1db1202967a2c33b2e9bc809f486,ec627a330c2e125799f537fa47aec74f094fc8cfd0cdee826cecba31305ae5fe,1683d5d20969b6f9496778bebe8386fc693c68119cf4aefeda68fa66c2ff6324,64708,0,0,0,0,31,346,45,0,0,0,0,0,406,0,0
1249,6-12-18_48MXU_18,6-12-18_48MXU,2018-12-06,48MXU,18,patches/S2_6-12-18_48MXU/S2_6-12-18_48MXU_18.tif,patches/S2_6-12-18_48MXU/S2_6-12-18_48MXU_18_cl.tif,patches/S2_6-12-18_48MXU/S2_6-12-18_48MXU_18_conf.tif,train,106.00743525861854,-5.890492307118906,EPSG:32748,10.0,10.0,11,float32,,"(1.0, 1.0, 1.0, 1.0, 1.0, 1.0, 1.0, 1.0, 1.0, 1.0, 1.0)","(0.0, 0.0, 0.0, 0.0, 0.0, 0.0, 0.0, 0.0, 0.0, 0.0, 0.0)",610240.0,9347520.0,612800.0,9350080.0,65536,106,65536,106,0,0,0,0,1110,0,5ba2b8c9420eb733f0b3aa725a37e7bb5782fcaeb0fa30365638d039172d203e,c6a6cf2615ba445448f9c43e67020dcd21d68a6705901e95f27ef5bf42df3b06,5a31d8885643de78dfc3bff1e7cd2b6c37d0c7a8ae5ca2e7c5a528500dbadd17,65430,0,0,0,0,0,106,0,0,0,0,0,0,0,0,0
1250,6-12-18_48MXU_19,6-12-18_48MXU,2018-12-06,48MXU,19,patches/S2_6-12-18_48MXU/S2_6-12-18_48MXU_19.tif,patches/S2_6-12-18_48MXU/S2_6-12-18_48MXU_19_cl.tif,patches/S2_6-12-18_48MXU/S2_6-12-18_48MXU_19_conf.tif,train,106.03051635090159,-5.867295127349267,EPSG:32748,10.0,10.0,11,float32,,"(1.0, 1.0, 1.0, 1.0, 1.0, 1.0, 1.0, 1.0, 1.0, 1.0, 1.0)","(0.0, 0.0, 0.0, 0.0, 0.0, 0.0, 0.0, 0.0, 0.0, 0.0, 0.0)",612800.0,9350080.0,615360.0,9352640.0,65536,62,65536,62,0,0,0,0,0,0,2474c3b7ead0bb175a11f0cd271ff6f9987155d319089c10df56c4404a20a035,1e0b786932d2572f94af57b20e69e5d78c1b0d9529b508c03516a8e0e5398e0f,1c884f5cc9bccd3464aa496815b4f57346fc3c2d324d58173928ed7fe93869d3,65474,0,0,0,0,36,0,26,0,0,0,0,0,0,0,0
1251,6-12-18_48MXU_2,6-12-18_48MXU,2018-12-06,48MXU,2,patches/S2_6-12-18_48MXU/S2_6-12-18_48MXU_2.tif,patches/S2_6-12-18_48MXU/S2_6-12-18_48MXU_2_cl.tif,patches/S2_6-12-18_48MXU/S2_6-12-18_48MXU_2_conf.tif,train,106.55446601535044,-5.9122048027983185,EPSG:32748,10.0,10.0,11,float32,,"(1.0, 1.0, 1.0, 1.0, 1.0, 1.0, 1.0, 1.0, 1.0, 1.0, 1.0)","(0.0, 0.0, 0.0, 0.0, 0.0, 0.0, 0.0, 0.0, 0.0, 0.0, 0.0)",670800.0,9344980.0,673360.0,9347540.0,65536,45,65536,45,0,0,0,0,0,0,4b38b7569c649dfd276fc2484fccd57c509950ced8686f0e84fd75667fbdbaa4,6a08563aed9caf0881ac1a92392fc34db50d6edeb3e38954f9ea76c64d046001,1a2f3d5127a08ca1cc67bba0e4b444fb3d4ee508699ab22f282ff9298023e240,65491,0,0,0,0,0,45,0,0,0,0,0,0,0,0,0
1252,6-12-18_48MXU_20,6-12-18_48MXU,2018-12-06,48MXU,20,patches/S2_6-12-18_48MXU/S2_6-12-18_48MXU_20.tif,patches/S2_6-12-18_48MXU/S2_6-12-18_48MXU_20_cl.tif,patches/S2_6-12-18_48MXU/S2_6-12-18_48MXU_20_conf.tif,train,106.17457052127195,-5.820160832422538,EPSG:32748,10.0,10.0,11,float32,,"(1.0, 1.0, 1.0, 1.0, 1.0, 1.0, 1.0, 1.0, 1.0, 1.0, 1.0)","(0.0, 0.0, 0.0, 0.0, 0.0, 0.0, 0.0, 0.0, 0.0, 0.0, 0.0)",628760.0,9355260.0,631320.0,9357820.0,65536,6,65536,6,0,0,0,0,0,0,dd3530c1818a9505de3f7a24dcfb3c15ac7cbbcde046d7e2ce3eeb24b90f1177,9a6d2c969b1e7214cf837948fbdf192432d92eaf19d0a6896cf5ed63f3daf89b,8a1681d9f403138a630abc660cd28aef8a2678738fdcc48025077b17de8f1c32,65530,4,0,0,0,0,0,2,0,0,0,0,0,0,0,0
1253,6-12-18_48MXU_21,6-12-18_48MXU,2018-12-06,48MXU,21,patches/S2_6-12-18_48MXU/S2_6-12-18_48MXU_21.tif,patches/S2_6-12-18_48MXU/S2_6-12-18_48MXU_21_cl.tif,patches/S2_6-12-18_48MXU/S2_6-12-18_48MXU_21_conf.tif,train,106.19769001888884,-5.820112218851612,EPSG:32748,10.0,10.0,11,float32,,"(1.0, 1.0, 1.0, 1.0, 1.0, 1.0, 1.0, 1.0, 1.0, 1.0, 1.0)","(0.0, 0.0, 0.0, 0.0, 0.0, 0.0, 0.0, 0.0, 0.0, 0.0, 0.0)",631320.0,9355260.0,633880.0,9357820.0,65536,6,65536,6,0,0,0,0,0,0,a1042f723184771ff2754d8c931b61756d52bdec269a1cdcc3d4859cde514bac,2c06af4e8cf6cfe0f56888365600dd7f934c253b33b642b95569562dc16d3fa9,b3deea2fe0c40a095b87bcb838189f6153722dcd7dbf39bf8a1419e6dc52d3e9,65530,4,0,0,0,0,0,2,0,0,0,0,0,0,0,0
1254,6-12-18_48MXU_22,6-12-18_48MXU,2018-12-06,48MXU,22,patches/S2_6-12-18_48MXU/S2_6-12-18_48MXU_22.tif,patches/S2_6-12-18_48MXU/S2_6-12-18_48MXU_22_cl.tif,patches/S2_6-12-18_48MXU/S2_6-12-18_48MXU_22_conf.tif,train,106.19773913254636,-5.843265847717399,EPSG:32748,10.0,10.0,11,float32,,"(1.0, 1.0, 1.0, 1.0, 1.0, 1.0, 1.0, 1.0, 1.0, 1.0, 1.0)","(0.0, 0.0, 0.0, 0.0, 0.0, 0.0, 0.0, 0.0, 0.0, 0.0, 0.0)",631320.0,9352700.0,633880.0,9355260.0,65536,4031,65536,4031,0,0,0,0,0,0,26f68f75fcf04c80376ef99754866a29582fe669db5459b83b6b76440a4ede52,d99e45760222afc2ba604e3be0433b6d8a22c378032517ed5787fe8a6ce1b158,dff14fcda7c4f66568d5e4c4a09bedb774d5b7c96d3230e9c429d630cec38d0b,61505,0,0,0,0,0,4031,0,0,0,0,0,0,0,0,0
1255,6-12-18_48MXU_23,6-12-18_48MXU,2018-12-06,48MXU,23,patches/S2_6-12-18_48MXU/S2_6-12-18_48MXU_23.tif,patches/S2_6-12-18_48MXU/S2_6-12-18_48MXU_23_cl.tif,patches/S2_6-12-18_48MXU/S2_6-12-18_48MXU_23_conf.tif,train,106.26709926244222,-5.843113718377141,EPSG:32748,10.0,10.0,11,float32,,"(1.0, 1.0, 1.0, 1.0, 1.0, 1.0, 1.0, 1.0, 1.0, 1.0, 1.0)","(0.0, 0.0, 0.0, 0.0, 0.0, 0.0, 0.0, 0.0, 0.0, 0.0, 0.0)",639000.0,9352700.0,641560.0,9355260.0,65536,4,65536,4,0,0,0,0,0,0,eb8bacd9702c0762dcc6b7f402a71d16d37914e70c1153162274c3e80ca7adf0,44db3487576f501793f39fa46543ca49b8e352751155cf98e2a30f48fcb32acc,7924182484d8a723e8bec1be0f122bdff7bcd5441e6c2dcff55c520a158580e9,65532,3,0,0,0,0,0,1,0,0,0,0,0,0,0,0
1256,6-12-18_48MXU_24,6-12-18_48MXU,2018-12-06,48MXU,24,patches/S2_6-12-18_48MXU/S2_6-12-18_48MXU_24.tif,patches/S2_6-12-18_48MXU/S2_6-12-18_48MXU_24_cl.tif,patches/S2_6-12-18_48MXU/S2_6-12-18_48MXU_24_conf.tif,train,106.26715142827919,-5.86626672093622,EPSG:32748,10.0,10.0,11,float32,,"(1.0, 1.0, 1.0, 1.0, 1.0, 1.0, 1.0, 1.0, 1.0, 1.0, 1.0)","(0.0, 0.0, 0.0, 0.0, 0.0, 0.0, 0.0, 0.0, 0.0, 0.0, 0.0)",639000.0,9350140.0,641560.0,9352700.0,65536,4,65536,4,0,0,0,0,0,0,93414fd0dfa966ac982a5ed617d4315d9d4c3180ad4840c8b92c4b29d2b55aee,b84830397598ac586684ba4ca82fe7fd6248a843ea87c02ba563f64e86304150,ddea080fb9d2f78100319514060975d10cc3ec1ded6e045e049b05a7f51cb0b7,65532,2,0,0,0,0,0,2,0,0,0,0,0,0,0,0
1257,6-12-18_48MXU_25,6-12-18_48MXU,2018-12-06,48MXU,25,patches/S2_6-12-18_48MXU/S2_6-12-18_48MXU_25.tif,patches/S2_6-12-18_48MXU/S2_6-12-18_48MXU_25_cl.tif,patches/S2_6-12-18_48MXU/S2_6-12-18_48MXU_25_conf.tif,train,106.29027200816526,-5.866213899898764,EPSG:32748,10.0,10.0,11,float32,,"(1.0, 1.0, 1.0, 1.0, 1.0, 1.0, 1.0, 1.0, 1.0, 1.0, 1.0)","(0.0, 0.0, 0.0, 0.0, 0.0, 0.0, 0.0, 0.0, 0.0, 0.0, 0.0)",641560.0,9350140.0,644120.0,9352700.0,65536,10,65536,10,0,0,0,0,0,0,a67e81af2d7ffa67f281dca22985c642b5ddd292ac87a82971bab1a25157530c,8c701abc6f6269154bd9776043c91c8bdc42af59b6a66445c4b2c104ac9593db,9884bbdb0d85263586e640f3b3122937093de0b4041f0e31e06b5f5286de38b9,65526,3,0,0,0,0,0,7,0,0,0,0,0,0,0,0
1258,6-12-18_48MXU_26,6-12-18_48MXU,2018-12-06,48MXU,26,patches/S2_6-12-18_48MXU/S2_6-12-18_48MXU_26.tif,patches/S2_6-12-18_48MXU/S2_6-12-18_48MXU_26_cl.tif,patches/S2_6-12-18_48MXU/S2_6-12-18_48MXU_26_conf.tif,train,106.31339237433154,-5.866160124446976,EPSG:32748,10.0,10.0,11,float32,,"(1.0, 1.0, 1.0, 1.0, 1.0, 1.0, 1.0, 1.0, 1.0, 1.0, 1.0)","(0.0, 0.0, 0.0, 0.0, 0.0, 0.0, 0.0, 0.0, 0.0, 0.0, 0.0)",644120.0,9350140.0,646680.0,9352700.0,65536,10,65536,10,0,0,0,0,0,0,3958afb732887d07f92c21788a9e46d6f4e33c610b5b6de81d5ba118aedeb60b,84373650c989fc850853dea5b1e81de664669ef8110f794c5c3529c986c481c9,44344e4a42c5f08babf37d6de3d0f408045bd570567974cf0b3bd074dd060309,65526,5,0,0,0,0,0,5,0,0,0,0,0,0,0,0
1259,6-12-18_48MXU_27,6-12-18_48MXU,2018-12-06,48MXU,27,patches/S2_6-12-18_48MXU/S2_6-12-18_48MXU_27.tif,patches/S2_6-12-18_48MXU/S2_6-12-18_48MXU_27_cl.tif,patches/S2_6-12-18_48MXU/S2_6-12-18_48MXU_27_conf.tif,train,106.31344666004297,-5.889312683867435,EPSG:32748,10.0,10.0,11,float32,,"(1.0, 1.0, 1.0, 1.0, 1.0, 1.0, 1.0, 1.0, 1.0, 1.0, 1.0)","(0.0, 0.0, 0.0, 0.0, 0.0, 0.0, 0.0, 0.0, 0.0, 0.0, 0.0)",644120.0,9347580.0,646680.0,9350140.0,65536,6,65536,6,0,0,0,0,0,0,50ed52f257db331090ae62b6e81c8b1b3d50eab902e377388321540199c263b8,d6fd04c1fe61d4591deed0885e513a49ee1cb0a7e3f4374a560d23487da6cede,fb07832f7984c58590f91aff49909499defe30efe164240cf7a0632836e30266,65530,3,0,0,0,0,0,3,0,0,0,0,0,0,0,0
1260,6-12-18_48MXU_28,6-12-18_48MXU,2018-12-06,48MXU,28,patches/S2_6-12-18_48MXU/S2_6-12-18_48MXU_28.tif,patches/S2_6-12-18_48MXU/S2_6-12-18_48MXU_28_cl.tif,patches/S2_6-12-18_48MXU/S2_6-12-18_48MXU_28_conf.tif,train,106.33656776358734,-5.889257736571916,EPSG:32748,10.0,10.0,11,float32,,"(1.0, 1.0, 1.0, 1.0, 1.0, 1.0, 1.0, 1.0, 1.0, 1.0, 1.0)","(0.0, 0.0, 0.0, 0.0, 0.0, 0.0, 0.0, 0.0, 0.0, 0.0, 0.0)",646680.0,9347580.0,649240.0,9350140.0,65536,3,65536,3,0,0,0,0,0,0,227f2db3f8b9b38ccb01899ffbca45908a4ed8c0d59c6b84ee39fa5ee7f5c675,ff02256e5f3cb645adc4e3740c7b0c6b68adb8d4d86c83e0e0c068452513cb36,fbf8bde62c65243b34428cf704df54981b94fe7e5d919bf50c5c264c55e9616d,65533,2,0,0,0,0,0,1,0,0,0,0,0,0,0,0
1261,6-12-18_48MXU_29,6-12-18_48MXU,2018-12-06,48MXU,29,patches/S2_6-12-18_48MXU/S2_6-12-18_48MXU_29.tif,patches/S2_6-12-18_48MXU/S2_6-12-18_48MXU_29_cl.tif,patches/S2_6-12-18_48MXU/S2_6-12-18_48MXU_29_conf.tif,train,106.33662322564206,-5.912410058822949,EPSG:32748,10.0,10.0,11,float32,,"(1.0, 1.0, 1.0, 1.0, 1.0, 1.0, 1.0, 1.0, 1.0, 1.0, 1.0)","(0.0, 0.0, 0.0, 0.0, 0.0, 0.0, 0.0, 0.0, 0.0, 0.0, 0.0)",646680.0,9345020.0,649240.0,9347580.0,65536,125,65536,125,0,0,0,0,0,0,1e3d0ff11938d9987f6183542cf6a4b394a943929c057d07742d3416a8084a0f,4b478fb07ff6c539315251cac5b0abc98147f59fef917817dc2ca565750116c7,59ca56d4c8a8d466f58993e6cb039b2e7103817eb4ad1fd845e6d4fc43cab0d3,65411,0,0,0,0,0,0,23,0,0,102,0,0,0,0,0
1262,6-12-18_48MXU_3,6-12-18_48MXU,2018-12-06,48MXU,3,patches/S2_6-12-18_48MXU/S2_6-12-18_48MXU_3.tif,patches/S2_6-12-18_48MXU/S2_6-12-18_48MXU_3_cl.tif,patches/S2_6-12-18_48MXU/S2_6-12-18_48MXU_3_conf.tif,train,106.73956032193875,-5.957952142566446,EPSG:32748,10.0,10.0,11,float32,,"(1.0, 1.0, 1.0, 1.0, 1.0, 1.0, 1.0, 1.0, 1.0, 1.0, 1.0)","(0.0, 0.0, 0.0, 0.0, 0.0, 0.0, 0.0, 0.0, 0.0, 0.0, 0.0)",691280.0,9339860.0,693840.0,9342420.0,65536,16,65536,16,0,0,0,0,0,0,c35359ef1264db36c211dcd3b1a337312a72610bff19a0ff0985e564da18ed49,ffdcabc58e5c677ac64f0b12ab51c07a3951786d1b9a13ff4b54c8be57a8c4e4,1ef7e0ffe5e415a9a09c3c3cc94bcdbe670f1548b2fd898f8553014cebcd4100,65520,6,0,0,0,0,0,7,0,0,0,0,0,0,0,3
1263,6-12-18_48MXU_30,6-12-18_48MXU,2018-12-06,48MXU,30,patches/S2_6-12-18_48MXU/S2_6-12-18_48MXU_30.tif,patches/S2_6-12-18_48MXU/S2_6-12-18_48MXU_30_cl.tif,patches/S2_6-12-18_48MXU/S2_6-12-18_48MXU_30_conf.tif,train,106.35980171252845,-5.935506013304518,EPSG:32748,10.0,10.0,11,float32,,"(1.0, 1.0, 1.0, 1.0, 1.0, 1.0, 1.0, 1.0, 1.0, 1.0, 1.0)","(0.0, 0.0, 0.0, 0.0, 0.0, 0.0, 0.0, 0.0, 0.0, 0.0, 0.0)",649240.0,9342460.0,651800.0,9345020.0,65536,280,65536,280,0,0,0,0,0,0,c290c8fbf71142926c6cd34ff19a8d81796008ed935da4e823280b44d809a036,6df4ab5a12d9653da606173ece2dbab91e330644b2d731b7c0e2ef7f47109957,8b3b3baf9905a41dce78c4d10421635d406fb157601f60bf6ace9043168c27c7,65256,0,0,0,0,0,0,0,0,0,280,0,0,0,0,0
1264,6-12-18_48MXU_31,6-12-18_48MXU,2018-12-06,48MXU,31,patches/S2_6-12-18_48MXU/S2_6-12-18_48MXU_31.tif,patches/S2_6-12-18_48MXU/S2_6-12-18_48MXU_31_cl.tif,patches/S2_6-12-18_48MXU/S2_6-12-18_48MXU_31_conf.tif,train,106.40581375297968,-5.842783792931025,EPSG:32748,10.0,10.0,11,float32,,"(1.0, 1.0, 1.0, 1.0, 1.0, 1.0, 1.0, 1.0, 1.0, 1.0, 1.0)","(0.0, 0.0, 0.0, 0.0, 0.0, 0.0, 0.0, 0.0, 0.0, 0.0, 0.0)",654360.0,9352700.0,656920.0,9355260.0,65536,3,65536,3,0,0,0,0,0,0,1228344869291b45a661a3743cbfb49dbf15fc2c0fa352ce2c740cc9777ff1a3,a70013a18adde6d05b7f517b7ed3339b204a116d3e14af6d525c606e9338eb85,555f22e7789d66b25bc866a3852745ed4be11fee175face5e6b72ea8ab2be0b0,65533,2,0,0,0,0,0,1,0,0,0,0,0,0,0,0
1265,6-12-18_48MXU_32,6-12-18_48MXU,2018-12-06,48MXU,32,patches/S2_6-12-18_48MXU/S2_6-12-18_48MXU_32.tif,patches/S2_6-12-18_48MXU/S2_6-12-18_48MXU_32_cl.tif,patches/S2_6-12-18_48MXU/S2_6-12-18_48MXU_32_conf.tif,train,106.42893204223371,-5.842725478699495,EPSG:32748,10.0,10.0,11,float32,,"(1.0, 1.0, 1.0, 1.0, 1.0, 1.0, 1.0, 1.0, 1.0, 1.0, 1.0)","(0.0, 0.0, 0.0, 0.0, 0.0, 0.0, 0.0, 0.0, 0.0, 0.0, 0.0)",656920.0,9352700.0,659480.0,9355260.0,65536,4,65536,4,0,0,0,0,0,0,e6ef7db829d88a9288d8d5170beed3c881156d342df5d137979c001d32d8e8e3,b5f045679012f7b9845dfa5d41e268543db11c7fb5a544619a4b633ea95af779,8d227d1e500a603dbd11cb1d6e7660f5ab81395c1921bc7f9ee8eabc98a033b9,65532,3,0,0,0,0,0,1,0,0,0,0,0,0,0,0
1266,6-12-18_48MXU_33,6-12-18_48MXU,2018-12-06,48MXU,33,patches/S2_6-12-18_48MXU/S2_6-12-18_48MXU_33.tif,patches/S2_6-12-18_48MXU/S2_6-12-18_48MXU_33_cl.tif,patches/S2_6-12-18_48MXU/S2_6-12-18_48MXU_33_conf.tif,train,106.45199056124945,-5.819514977069136,EPSG:32748,10.0,10.0,11,float32,,"(1.0, 1.0, 1.0, 1.0, 1.0, 1.0, 1.0, 1.0, 1.0, 1.0, 1.0)","(0.0, 0.0, 0.0, 0.0, 0.0, 0.0, 0.0, 0.0, 0.0, 0.0, 0.0)",659480.0,9355260.0,662040.0,9357820.0,65536,114,65536,114,0,0,0,0,0,0,dc7ebf1c58a5779c3c342077971a983d09abe97d140cbec04bf9a51138313906,25e921ad426e98769d459e6196f5252b373ca94cdc390feed8a39b1231820f74,da4b1677fb510904c48680d523995eb9273e428c7c83f9fd94a68988b84c860f,65422,0,0,0,0,0,114,0,0,0,0,0,0,0,0,0
1267,6-12-18_48MXU_4,6-12-18_48MXU,2018-12-06,48MXU,4,patches/S2_6-12-18_48MXU/S2_6-12-18_48MXU_4.tif,patches/S2_6-12-18_48MXU/S2_6-12-18_48MXU_4_cl.tif,patches/S2_6-12-18_48MXU/S2_6-12-18_48MXU_4_conf.tif,train,106.8321899068123,-6.003945869214298,EPSG:32748,10.0,10.0,11,float32,,"(1.0, 1.0, 1.0, 1.0, 1.0, 1.0, 1.0, 1.0, 1.0, 1.0, 1.0)","(0.0, 0.0, 0.0, 0.0, 0.0, 0.0, 0.0, 0.0, 0.0, 0.0, 0.0)",701520.0,9334740.0,704080.0,9337300.0,65536,47,65536,47,0,0,0,0,0,0,022dfe6ce648711c1cbababd2f704db20c66f78a2a8a59c00e70e748660e4587,4cb2d19c46e425a559c0e6effe3b7f332eecce9f6a865bd6fb46a0d96b0a4e26,836a9dc35f73199ab843cceb08f5d9dedcf67b2342fc674beabf722531697b06,65489,10,0,0,0,0,0,13,0,0,0,24,0,0,0,0
1268,6-12-18_48MXU_5,6-12-18_48MXU,2018-12-06,48MXU,5,patches/S2_6-12-18_48MXU/S2_6-12-18_48MXU_5.tif,patches/S2_6-12-18_48MXU/S2_6-12-18_48MXU_5_cl.tif,patches/S2_6-12-18_48MXU/S2_6-12-18_48MXU_5_conf.tif,train,106.83226741746458,-6.027092519789211,EPSG:32748,10.0,10.0,11,float32,,"(1.0, 1.0, 1.0, 1.0, 1.0, 1.0, 1.0, 1.0, 1.0, 1.0, 1.0)","(0.0, 0.0, 0.0, 0.0, 0.0, 0.0, 0.0, 0.0, 0.0, 0.0, 0.0)",701520.0,9332180.0,704080.0,9334740.0,65536,26,65536,26,0,0,0,0,0,0,1e984a07ab789fb307ea64b8999c5ce167f27827d3c3a9ca357e9db245cdc375,bd87fe0d71ee00d81de44b3485843a9e9ba2682027ef3dd9fc4edae607c5aaa8,b9cbb1a8185d049babccea56fec658aa4580c617e1660d658007a92c24569669,65510,23,0,0,0,0,0,3,0,0,0,0,0,0,0,0
1269,6-12-18_48MXU_6,6-12-18_48MXU,2018-12-06,48MXU,6,patches/S2_6-12-18_48MXU/S2_6-12-18_48MXU_6.tif,patches/S2_6-12-18_48MXU/S2_6-12-18_48MXU_6_cl.tif,patches/S2_6-12-18_48MXU/S2_6-12-18_48MXU_6_conf.tif,train,106.83234523185486,-6.050239149756438,EPSG:32748,10.0,10.0,11,float32,,"(1.0, 1.0, 1.0, 1.0, 1.0, 1.0, 1.0, 1.0, 1.0, 1.0, 1.0)","(0.0, 0.0, 0.0, 0.0, 0.0, 0.0, 0.0, 0.0, 0.0, 0.0, 0.0)",701520.0,9329620.0,704080.0,9332180.0,65536,3,65536,3,0,0,0,0,0,0,795de2f89a47592369b91038d8a12d40161630f4cae75a7ca376a71944cad967,54e60041c8c1c20984409bcca963feb708f44cdafaf2924a39d4e2b88ff729cb,3b46eb0ebb7b605f39f210e39887c28511000325734ec16e8e33756bff61a9b6,65533,3,0,0,0,0,0,0,0,0,0,0,0,0,0,0
1270,6-12-18_48MXU_7,6-12-18_48MXU,2018-12-06,48MXU,7,patches/S2_6-12-18_48MXU/S2_6-12-18_48MXU_7.tif,patches/S2_6-12-18_48MXU/S2_6-12-18_48MXU_7_cl.tif,patches/S2_6-12-18_48MXU/S2_6-12-18_48MXU_7_conf.tif,train,106.85538845550894,-6.02701428192162,EPSG:32748,10.0,10.0,11,float32,,"(1.0, 1.0, 1.0, 1.0, 1.0, 1.0, 1.0, 1.0, 1.0, 1.0, 1.0)","(0.0, 0.0, 0.0, 0.0, 0.0, 0.0, 0.0, 0.0, 0.0, 0.0, 0.0)",704080.0,9332180.0,706640.0,9334740.0,65536,32,65536,32,0,0,0,0,0,0,8dac4afa1193634a8b61e7ca0f36102b51d9b8eaca9776beb942af3aebb2fbab,34ae354ef9a380913c1d84679a8d2b6ea3379df5d311f330f749b9cc78c0e783,4f1123b70ae2485452dac85edce5334102956a403cf9add58ea1986aef162d74,65504,0,0,0,0,0,0,11,0,0,0,21,0,0,0,0
1271,6-12-18_48MXU_8,6-12-18_48MXU,2018-12-06,48MXU,8,patches/S2_6-12-18_48MXU/S2_6-12-18_48MXU_8.tif,patches/S2_6-12-18_48MXU/S2_6-12-18_48MXU_8_cl.tif,patches/S2_6-12-18_48MXU/S2_6-12-18_48MXU_8_conf.tif,train,106.85546725045964,-6.050160609269714,EPSG:32748,10.0,10.0,11,float32,,"(1.0, 1.0, 1.0, 1.0, 1.0, 1.0, 1.0, 1.0, 1.0, 1.0, 1.0)","(0.0, 0.0, 0.0, 0.0, 0.0, 0.0, 0.0, 0.0, 0.0, 0.0, 0.0)",704080.0,9329620.0,706640.0,9332180.0,65536,11,65536,11,0,0,0,0,0,0,80d23a62c123a4e54d53e4f3b3241ef6813e460ef199cff42dd16bc19bf3b035,162f9e8786c2163be06c18b9ade2597e5585c6657d0ed45f222d57510f017cbd,f0561bb00e08ea2c35556436cf4cbb30c75aa4cd0d0e5691e7d4e5c737dd3c80,65525,7,0,0,0,0,0,4,0,0,0,0,0,0,0,0
1272,6-12-18_48MXU_9,6-12-18_48MXU,2018-12-06,48MXU,9,patches/S2_6-12-18_48MXU/S2_6-12-18_48MXU_9.tif,patches/S2_6-12-18_48MXU/S2_6-12-18_48MXU_9_cl.tif,patches/S2_6-12-18_48MXU/S2_6-12-18_48MXU_9_conf.tif,train,105.91478845235132,-5.7980288282510175,EPSG:32748,10.0,10.0,11,float32,,"(1.0, 1.0, 1.0, 1.0, 1.0, 1.0, 1.0, 1.0, 1.0, 1.0, 1.0)","(0.0, 0.0, 0.0, 0.0, 0.0, 0.0, 0.0, 0.0, 0.0, 0.0, 0.0)",600000.0,9357760.0,602560.0,9360320.0,65536,294,65536,294,0,0,0,0,0,0,6dad2abbb53fbd283d931612aef99fee3f0fbaabb46f08e7781d52f695f71f28,cd23c98b3d4dc7f431978b722400850ae1f8fc9a7cdb1ab12b940c019e9879aa,fbff4db1dd5ef26e7170db730220ef3e48462fb4b0e20ccc12cc76342e7464af,65242,0,0,0,0,0,294,0,0,0,0,0,0,0,0,0
1273,7-10-18_52SDD_0,7-10-18_52SDD,2018-10-07,52SDD,0,patches/S2_7-10-18_52SDD/S2_7-10-18_52SDD_0.tif,patches/S2_7-10-18_52SDD/S2_7-10-18_52SDD_0_cl.tif,patches/S2_7-10-18_52SDD/S2_7-10-18_52SDD_0_conf.tif,train,128.8921048731857,35.04681490537896,EPSG:32652,10.0,10.0,11,float32,,"(1.0, 1.0, 1.0, 1.0, 1.0, 1.0, 1.0, 1.0, 1.0, 1.0, 1.0)","(0.0, 0.0, 0.0, 0.0, 0.0, 0.0, 0.0, 0.0, 0.0, 0.0, 0.0)",488880.0,3876960.0,491440.0,3879520.0,65536,297,65536,297,0,0,0,12,0,0,a04a7e983bf8130f417727bf02b3b91d1104bbefece22aa9ee0d0c099048feb1,9c39585ef05cc989766ce6d84e4622e85326c268639541f50b07c3564174f7e5,c09bbb37dfb1989c4ecd7a1f511ca3a275e7a08712f5b20daf31e30a9b424c20,65239,0,0,0,0,0,0,0,294,0,3,0,0,0,0,0
1274,7-10-18_52SDD_1,7-10-18_52SDD,2018-10-07,52SDD,1,patches/S2_7-10-18_52SDD/S2_7-10-18_52SDD_1.tif,patches/S2_7-10-18_52SDD/S2_7-10-18_52SDD_1_cl.tif,patches/S2_7-10-18_52SDD/S2_7-10-18_52SDD_1_conf.tif,train,128.8921352104545,35.02373043015877,EPSG:32652,10.0,10.0,11,float32,,"(1.0, 1.0, 1.0, 1.0, 1.0, 1.0, 1.0, 1.0, 1.0, 1.0, 1.0)","(0.0, 0.0, 0.0, 0.0, 0.0, 0.0, 0.0, 0.0, 0.0, 0.0, 0.0)",488880.0,3874400.0,491440.0,3876960.0,65536,1297,65536,1297,0,0,0,0,0,0,25900cb414f423bffaef415c125614b0c493d527fa3e5a48f15389f9cc1ecb3f,544d16d463a98d95fb7697413b023d0240462e0c6410a9e07a800d25c51a9157,8e366f062b4d3f4ff4cc21f2173a089f811030f364355d73115eeaa0fd8da702,64239,0,0,0,0,0,0,0,1297,0,0,0,0,0,0,0
1275,7-10-18_52SDD_10,7-10-18_52SDD,2018-10-07,52SDD,10,patches/S2_7-10-18_52SDD/S2_7-10-18_52SDD_10.tif,patches/S2_7-10-18_52SDD/S2_7-10-18_52SDD_10_cl.tif,patches/S2_7-10-18_52SDD/S2_7-10-18_52SDD_10_conf.tif,train,129.03244715504107,35.023774027534444,EPSG:32652,10.0,10.0,11,float32,,"(1.0, 1.0, 1.0, 1.0, 1.0, 1.0, 1.0, 1.0, 1.0, 1.0, 1.0)","(0.0, 0.0, 0.0, 0.0, 0.0, 0.0, 0.0, 0.0, 0.0, 0.0, 0.0)",501680.0,3874400.0,504240.0,3876960.0,65536,24,65536,24,0,0,0,0,0,0,625c4d2182f53d3d46ebe30dd64156e9db6ea7b7144f6d71c463702f8870d512,f5e979b3ca7d320cce5249cf8d32676eae2584d5389c254de4831519e299f48e,01f4ed8f50189821152006e1f9e80dcdc988d6293ab3d0df34d1704d542cad0c,65512,0,0,0,0,18,0,0,0,0,6,0,0,0,0,0
1276,7-10-18_52SDD_11,7-10-18_52SDD,2018-10-07,52SDD,11,patches/S2_7-10-18_52SDD/S2_7-10-18_52SDD_11.tif,patches/S2_7-10-18_52SDD/S2_7-10-18_52SDD_11_cl.tif,patches/S2_7-10-18_52SDD/S2_7-10-18_52SDD_11_conf.tif,train,129.03241075514927,34.93143509840723,EPSG:32652,10.0,10.0,11,float32,,"(1.0, 1.0, 1.0, 1.0, 1.0, 1.0, 1.0, 1.0, 1.0, 1.0, 1.0)","(0.0, 0.0, 0.0, 0.0, 0.0, 0.0, 0.0, 0.0, 0.0, 0.0, 0.0)",501680.0,3864160.0,504240.0,3866720.0,65536,43,65536,43,0,0,0,0,0,0,09e441732c537b10d429708a1643a2b0cfff6e30d6964b1d0e59c8048fa0a3e1,ccc2d7649505d9536243e249d5251ac889c2cfa595e2efd1d66c36d3844f320f,7d693a33657f194cf26da50d77205ddfb4c54e53d8b877dc44a04418fde972dd,65493,1,0,0,30,0,0,8,0,4,0,0,0,0,0,0
1277,7-10-18_52SDD_12,7-10-18_52SDD,2018-10-07,52SDD,12,patches/S2_7-10-18_52SDD/S2_7-10-18_52SDD_12.tif,patches/S2_7-10-18_52SDD/S2_7-10-18_52SDD_12_cl.tif,patches/S2_7-10-18_52SDD/S2_7-10-18_52SDD_12_conf.tif,train,129.03240168101652,34.90835014635379,EPSG:32652,10.0,10.0,11,float32,,"(1.0, 1.0, 1.0, 1.0, 1.0, 1.0, 1.0, 1.0, 1.0, 1.0, 1.0)","(0.0, 0.0, 0.0, 0.0, 0.0, 0.0, 0.0, 0.0, 0.0, 0.0, 0.0)",501680.0,3861600.0,504240.0,3864160.0,65536,116,65536,116,0,0,0,0,0,0,a0c3dee1325c6f8886a94ced2f15b0388b17d916e2755047134f56b1f250caae,e1fad6345ed50abc6f4dd7d622b9a351c645021f2febfc6ea4bcde131c851d5d,2ffbefaf6ca7bd8d23a34f7d68b5cfa9172afb7dc5309b09e1662e6d113da79d,65420,0,0,0,0,14,0,65,0,0,0,0,0,0,37,0
1278,7-10-18_52SDD_13,7-10-18_52SDD,2018-10-07,52SDD,13,patches/S2_7-10-18_52SDD/S2_7-10-18_52SDD_13.tif,patches/S2_7-10-18_52SDD/S2_7-10-18_52SDD_13_cl.tif,patches/S2_7-10-18_52SDD/S2_7-10-18_52SDD_13_conf.tif,train,129.03239261719665,34.8852651064427,EPSG:32652,10.0,10.0,11,float32,,"(1.0, 1.0, 1.0, 1.0, 1.0, 1.0, 1.0, 1.0, 1.0, 1.0, 1.0)","(0.0, 0.0, 0.0, 0.0, 0.0, 0.0, 0.0, 0.0, 0.0, 0.0, 0.0)",501680.0,3859040.0,504240.0,3861600.0,65536,2260,65536,2260,0,0,0,0,0,0,050744a55ec0391d549d5bf6e219cba48cbef8a2434e561c208bf068a6a9863e,7e739a11aeec62668334a824d288a11d1ff97e7c2cdfb7addbe865d4d3ac42e7,4f57cbca3a039bbfd6314c0ec727b2037fb78921e6ee7bd7787eff2887e40cc9,63276,0,0,0,0,0,0,2260,0,0,0,0,0,0,0,0
1279,7-10-18_52SDD_14,7-10-18_52SDD,2018-10-07,52SDD,14,patches/S2_7-10-18_52SDD/S2_7-10-18_52SDD_14.tif,patches/S2_7-10-18_52SDD/S2_7-10-18_52SDD_14_cl.tif,patches/S2_7-10-18_52SDD/S2_7-10-18_52SDD_14_conf.tif,train,129.060526567228,35.04684778348698,EPSG:32652,10.0,10.0,11,float32,,"(1.0, 1.0, 1.0, 1.0, 1.0, 1.0, 1.0, 1.0, 1.0, 1.0, 1.0)","(0.0, 0.0, 0.0, 0.0, 0.0, 0.0, 0.0, 0.0, 0.0, 0.0, 0.0)",504240.0,3876960.0,506800.0,3879520.0,65536,51,65536,51,0,0,0,200,0,0,811ab5b556eae9353d370fa1bbd2575917020368cb9e064c10c8f4dc68bbd5af,cdb4c5b4c533312a8a6311066284ea9d1690ce748e46bd0f837d351f246928af,c56b0b46783ebf4d7a01bdba375829472447e87773e2bc2edace9d30b60d8531,65485,0,0,0,0,39,0,0,0,0,12,0,0,0,0,0
1280,7-10-18_52SDD_15,7-10-18_52SDD,2018-10-07,52SDD,15,patches/S2_7-10-18_52SDD/S2_7-10-18_52SDD_15.tif,patches/S2_7-10-18_52SDD/S2_7-10-18_52SDD_15_cl.tif,patches/S2_7-10-18_52SDD/S2_7-10-18_52SDD_15_conf.tif,train,129.06045860916518,34.95450924276102,EPSG:32652,10.0,10.0,11,float32,,"(1.0, 1.0, 1.0, 1.0, 1.0, 1.0, 1.0, 1.0, 1.0, 1.0, 1.0)","(0.0, 0.0, 0.0, 0.0, 0.0, 0.0, 0.0, 0.0, 0.0, 0.0, 0.0)",504240.0,3866720.0,506800.0,3869280.0,65536,45,65536,45,0,0,0,24,0,0,0cbe2b2bef4acbde4ec349fae33d0826e02ffcf28b37c9a9af4279d6d80e7709,546252440727e23670adec095f2964ae1f345bf40270d2c0685543653f61383f,06c70d14a516307b47d83a4991ccb3ee9b514d0151ef7daa1b5223b4d9fe93d3,65491,2,0,0,0,0,0,14,0,0,27,0,0,0,0,2
1281,7-10-18_52SDD_2,7-10-18_52SDD,2018-10-07,52SDD,2,patches/S2_7-10-18_52SDD/S2_7-10-18_52SDD_2.tif,patches/S2_7-10-18_52SDD/S2_7-10-18_52SDD_2_cl.tif,patches/S2_7-10-18_52SDD/S2_7-10-18_52SDD_2_conf.tif,train,128.89231651141893,34.88522173161477,EPSG:32652,10.0,10.0,11,float32,,"(1.0, 1.0, 1.0, 1.0, 1.0, 1.0, 1.0, 1.0, 1.0, 1.0, 1.0)","(0.0, 0.0, 0.0, 0.0, 0.0, 0.0, 0.0, 0.0, 0.0, 0.0, 0.0)",488880.0,3859040.0,491440.0,3861600.0,65536,229,65536,229,0,0,0,0,0,0,62c431ec086fc7fb96dc1b0a514bd7d19018fce90d94210861d09f567a07be05,712fff4a3b932089a4c96ff2c6407cca4de7316fef308d823941550021c15c81,a33c2403f1133ea297811d348689f14bd0e4871f001f9574bdc95a748ba6508d,65307,0,0,0,201,0,0,8,0,0,20,0,0,0,0,0
1282,7-10-18_52SDD_3,7-10-18_52SDD,2018-10-07,52SDD,3,patches/S2_7-10-18_52SDD/S2_7-10-18_52SDD_3.tif,patches/S2_7-10-18_52SDD/S2_7-10-18_52SDD_3_cl.tif,patches/S2_7-10-18_52SDD/S2_7-10-18_52SDD_3_conf.tif,train,128.92030940765605,34.90832833944926,EPSG:32652,10.0,10.0,11,float32,,"(1.0, 1.0, 1.0, 1.0, 1.0, 1.0, 1.0, 1.0, 1.0, 1.0, 1.0)","(0.0, 0.0, 0.0, 0.0, 0.0, 0.0, 0.0, 0.0, 0.0, 0.0, 0.0)",491440.0,3861600.0,494000.0,3864160.0,65536,24,65536,24,0,0,0,0,0,0,0d94cb610ebf65e670d053518edad363fe657922038b57c6b8a9f136d4ec764f,4f248f1c7c6cac0703b67489c949b9e074914e469ebeca530c1da7cb559af21b,1c1cf117f2e1d2aee4a85d5cbfc8494fff89add8464c22897aa38fc43de828ee,65512,0,0,0,2,0,0,22,0,0,0,0,0,0,0,0
1283,7-10-18_52SDD_4,7-10-18_52SDD,2018-10-07,52SDD,4,patches/S2_7-10-18_52SDD/S2_7-10-18_52SDD_4.tif,patches/S2_7-10-18_52SDD/S2_7-10-18_52SDD_4_cl.tif,patches/S2_7-10-18_52SDD/S2_7-10-18_52SDD_4_conf.tif,train,128.9483324602481,34.90834348313026,EPSG:32652,10.0,10.0,11,float32,,"(1.0, 1.0, 1.0, 1.0, 1.0, 1.0, 1.0, 1.0, 1.0, 1.0, 1.0)","(0.0, 0.0, 0.0, 0.0, 0.0, 0.0, 0.0, 0.0, 0.0, 0.0, 0.0)",494000.0,3861600.0,496560.0,3864160.0,65536,29,65536,29,0,0,0,0,0,0,5bef30c193d37d8bf9d89c3bfa3fd3585b08d3e77671e736d7b36e6b12ed1147,303776230610ddeb80938d2f6bbeff02e243283278ec749e89c73ec3c05a80fa,7bc361aed3f694a576cd3da33edd4594557f9feb04666b9ecdce719b42464833,65507,0,0,0,13,0,0,8,0,0,8,0,0,0,0,0
1284,7-10-18_52SDD_5,7-10-18_52SDD,2018-10-07,52SDD,5,patches/S2_7-10-18_52SDD/S2_7-10-18_52SDD_5.tif,patches/S2_7-10-18_52SDD/S2_7-10-18_52SDD_5_cl.tif,patches/S2_7-10-18_52SDD/S2_7-10-18_52SDD_5_conf.tif,train,128.94834691335996,34.88525844890444,EPSG:32652,10.0,10.0,11,float32,,"(1.0, 1.0, 1.0, 1.0, 1.0, 1.0, 1.0, 1.0, 1.0, 1.0, 1.0)","(0.0, 0.0, 0.0, 0.0, 0.0, 0.0, 0.0, 0.0, 0.0, 0.0, 0.0)",494000.0,3859040.0,496560.0,3861600.0,65536,19,65536,19,0,0,0,0,0,0,10dc0bb39fb71a57ef44b190f4256e794e9161efee6f2a40b83bae397bff67e7,855c6ed4601e1975c472891c267e702e87f7fa68859f78159d82e81d75a75544,e0511c05859053bb03344964eab420ce319c3a9b3b88ecae2f8929bed5fc4001,65517,0,0,0,0,0,0,19,0,0,0,0,0,0,0,0
1285,7-10-18_52SDD_6,7-10-18_52SDD,2018-10-07,52SDD,6,patches/S2_7-10-18_52SDD/S2_7-10-18_52SDD_6.tif,patches/S2_7-10-18_52SDD/S2_7-10-18_52SDD_6_cl.tif,patches/S2_7-10-18_52SDD/S2_7-10-18_52SDD_6_conf.tif,train,128.97635552928503,34.9083521655129,EPSG:32652,10.0,10.0,11,float32,,"(1.0, 1.0, 1.0, 1.0, 1.0, 1.0, 1.0, 1.0, 1.0, 1.0, 1.0)","(0.0, 0.0, 0.0, 0.0, 0.0, 0.0, 0.0, 0.0, 0.0, 0.0, 0.0)",496560.0,3861600.0,499120.0,3864160.0,65536,66,65536,66,0,0,0,4,0,0,95db5f5b7a8c3f298fcc68bbd086fd63e60cf7b7857416c7ca0a284db4fcfb38,dfaf06f025e88a58288627cc66cadafdefb4f174e6232e50614955909603f95d,12ef3d496f01b51945f050e55c2165079dca2287bdd9b6ca5d91afe444811397,65470,0,0,0,7,0,0,1,0,0,58,0,0,0,0,0
1286,7-10-18_52SDD_7,7-10-18_52SDD,2018-10-07,52SDD,7,patches/S2_7-10-18_52SDD/S2_7-10-18_52SDD_7.tif,patches/S2_7-10-18_52SDD/S2_7-10-18_52SDD_7_cl.tif,patches/S2_7-10-18_52SDD/S2_7-10-18_52SDD_7_conf.tif,train,129.0043798320821,34.93143934226151,EPSG:32652,10.0,10.0,11,float32,,"(1.0, 1.0, 1.0, 1.0, 1.0, 1.0, 1.0, 1.0, 1.0, 1.0, 1.0)","(0.0, 0.0, 0.0, 0.0, 0.0, 0.0, 0.0, 0.0, 0.0, 0.0, 0.0)",499120.0,3864160.0,501680.0,3866720.0,65536,202,65536,202,0,0,0,0,0,0,120c34c8807ae28ebaadb500ba24403bc146f29bc93cc69581ae34b20c60d3f1,cde5027a5296ce559755b3f1f71203c02b855fd5185fe68943a3a859725a71cf,c9594d4facce5c15b1a072fa949b8576b8ff6996e320a1301e3633cf46d4c89a,65334,1,0,0,2,0,0,0,0,0,199,0,0,0,0,0
1287,7-10-18_52SDD_8,7-10-18_52SDD,2018-10-07,52SDD,8,patches/S2_7-10-18_52SDD/S2_7-10-18_52SDD_8.tif,patches/S2_7-10-18_52SDD/S2_7-10-18_52SDD_8_cl.tif,patches/S2_7-10-18_52SDD/S2_7-10-18_52SDD_8_conf.tif,train,129.0043786058476,34.90835438658817,EPSG:32652,10.0,10.0,11,float32,,"(1.0, 1.0, 1.0, 1.0, 1.0, 1.0, 1.0, 1.0, 1.0, 1.0, 1.0)","(0.0, 0.0, 0.0, 0.0, 0.0, 0.0, 0.0, 0.0, 0.0, 0.0, 0.0)",499120.0,3861600.0,501680.0,3864160.0,65536,193,65536,193,0,0,0,0,0,0,5c3f627498ef658e61297c5a7dcc3d98fb5b080209f96112e2e3cec0df844dae,fe1c92125ef96201bd8bf3bcffa3e03d053cdd8eaef67b96f93a6edc1436aa65,26be438a2d1638d93d261b8562aa0e0bbe2769e7e4c8c31d7dee91b34b97ce5e,65343,0,0,0,73,0,0,11,0,0,109,0,0,0,0,0
1288,7-10-18_52SDD_9,7-10-18_52SDD,2018-10-07,52SDD,9,patches/S2_7-10-18_52SDD/S2_7-10-18_52SDD_9.tif,patches/S2_7-10-18_52SDD/S2_7-10-18_52SDD_9_cl.tif,patches/S2_7-10-18_52SDD/S2_7-10-18_52SDD_9_conf.tif,train,129.03245628091233,35.04685853991756,EPSG:32652,10.0,10.0,11,float32,,"(1.0, 1.0, 1.0, 1.0, 1.0, 1.0, 1.0, 1.0, 1.0, 1.0, 1.0)","(0.0, 0.0, 0.0, 0.0, 0.0, 0.0, 0.0, 0.0, 0.0, 0.0, 0.0)",501680.0,3876960.0,504240.0,3879520.0,65536,32,65536,32,0,0,0,0,0,0,7d1bdc63e1b5853ed1b754b113ddff4d1e5f441f6c16656796d14d609482d938,6d02cb111df0d600c8f1567321f79b69e2988c64e23cea962e5eecd36aacc9e5,c1af3fb2185f49b42cd5b8272faabd056304a9500aa26349c1fbdd22ba372895,65504,0,0,0,0,23,0,0,0,0,9,0,0,0,0,0
1289,7-3-20_18QYG_0,7-3-20_18QYG,2020-03-07,18QYG,0,patches/S2_7-3-20_18QYG/S2_7-3-20_18QYG_0.tif,patches/S2_7-3-20_18QYG/S2_7-3-20_18QYG_0_cl.tif,patches/S2_7-3-20_18QYG/S2_7-3-20_18QYG_0_conf.tif,val,-72.90640667457613,19.263407192978413,EPSG:32618,10.0,10.0,11,float32,,"(1.0, 1.0, 1.0, 1.0, 1.0, 1.0, 1.0, 1.0, 1.0, 1.0, 1.0)","(0.0, 0.0, 0.0, 0.0, 0.0, 0.0, 0.0, 0.0, 0.0, 0.0, 0.0)",718760.0,2130020.0,721320.0,2132580.0,65536,150,65536,150,0,0,0,0,0,0,41ebf2a8d9506a8879fc49e690164a7d05032c2398e10e00e45c5632a0d2e9ff,0fe2321d8c3f297a3022826a7866b14e32f256a355440933578beb0638ee02bf,ae38a22f055928d94dbc4d1333eac2183394c550ddcc359bfc7cd32256224c99,65386,0,0,0,0,0,0,44,0,0,0,0,0,106,0,0
1290,7-3-20_18QYG_1,7-3-20_18QYG,2020-03-07,18QYG,1,patches/S2_7-3-20_18QYG/S2_7-3-20_18QYG_1.tif,patches/S2_7-3-20_18QYG/S2_7-3-20_18QYG_1_cl.tif,patches/S2_7-3-20_18QYG/S2_7-3-20_18QYG_1_conf.tif,val,-72.88235839055771,19.240006776524385,EPSG:32618,10.0,10.0,11,float32,,"(1.0, 1.0, 1.0, 1.0, 1.0, 1.0, 1.0, 1.0, 1.0, 1.0, 1.0)","(0.0, 0.0, 0.0, 0.0, 0.0, 0.0, 0.0, 0.0, 0.0, 0.0, 0.0)",721320.0,2127460.0,723880.0,2130020.0,65536,392,65536,392,0,0,0,0,0,0,1177255938deeaa99a86d78ba99e9839442741993b8cae853bf50af3c4db1faf,aca9b859aefc34bc766d9335c25a8d4f6d97760fb79ccca645196fe19daaa190,d20d5dadfe804f58958f64a54a585fca8b9a138deb3c00696e495a8314561cd2,65144,0,0,0,0,0,373,19,0,0,0,0,0,0,0,0
1291,7-3-20_18QYG_10,7-3-20_18QYG,2020-03-07,18QYG,10,patches/S2_7-3-20_18QYG/S2_7-3-20_18QYG_10.tif,patches/S2_7-3-20_18QYG/S2_7-3-20_18QYG_10_cl.tif,patches/S2_7-3-20_18QYG/S2_7-3-20_18QYG_10_conf.tif,val,-72.78437463723095,19.285090929224975,EPSG:32618,10.0,10.0,11,float32,,"(1.0, 1.0, 1.0, 1.0, 1.0, 1.0, 1.0, 1.0, 1.0, 1.0, 1.0)","(0.0, 0.0, 0.0, 0.0, 0.0, 0.0, 0.0, 0.0, 0.0, 0.0, 0.0)",731560.0,2132580.0,734120.0,2135140.0,65536,197,65536,197,0,0,0,0,0,0,cac2ac2552a15ea8eda71a836415a3548db931ead894c3fc7183a8169853c69b,a36bb01ef8f8cec3975645956ad5838bbb26add5a5d3c6268e8353a9e7e733dc,d7b917a2599bc25e90c585d262e1dfcd9cef6ac5db78cd2a6b1a3f0ee655101d,65339,0,0,0,0,0,0,36,0,0,0,161,0,0,0,0
1292,7-3-20_18QYG_11,7-3-20_18QYG,2020-03-07,18QYG,11,patches/S2_7-3-20_18QYG/S2_7-3-20_18QYG_11.tif,patches/S2_7-3-20_18QYG/S2_7-3-20_18QYG_11_cl.tif,patches/S2_7-3-20_18QYG/S2_7-3-20_18QYG_11_conf.tif,val,-72.78499594355016,19.23885406175476,EPSG:32618,10.0,10.0,11,float32,,"(1.0, 1.0, 1.0, 1.0, 1.0, 1.0, 1.0, 1.0, 1.0, 1.0, 1.0)","(0.0, 0.0, 0.0, 0.0, 0.0, 0.0, 0.0, 0.0, 0.0, 0.0, 0.0)",731560.0,2127460.0,734120.0,2130020.0,65536,837,65536,837,0,0,0,0,0,0,9d623395127b56a5e31ea8f09550b2e585332d0263943d12657ce3a800f24f19,028ba9697d37390d9825d7bc44326ec788ec6d694efd41902ab0bfca2669375d,c2f87974d99ebf44309144290c3cb25e70819089514ed4df006ef1899a68fed1,64699,0,0,0,0,0,0,6,0,0,831,0,0,0,0,0
1293,7-3-20_18QYG_12,7-3-20_18QYG,2020-03-07,18QYG,12,patches/S2_7-3-20_18QYG/S2_7-3-20_18QYG_12.tif,patches/S2_7-3-20_18QYG/S2_7-3-20_18QYG_12_cl.tif,patches/S2_7-3-20_18QYG/S2_7-3-20_18QYG_12_conf.tif,val,-72.78561546790503,19.192616941726534,EPSG:32618,10.0,10.0,11,float32,,"(1.0, 1.0, 1.0, 1.0, 1.0, 1.0, 1.0, 1.0, 1.0, 1.0, 1.0)","(0.0, 0.0, 0.0, 0.0, 0.0, 0.0, 0.0, 0.0, 0.0, 0.0, 0.0)",731560.0,2122340.0,734120.0,2124900.0,65536,45,65536,45,0,0,0,0,0,0,f36aaf6d67d5c99cb9aca48c401ca3dbdaf98ee0eeb0504a208c8bd710f88366,931f3293a2ce4c4bebe2c59b0a8fda825bd58a1a75af307176667e447bc588f0,9e5a036b8934edbf79108c8e49fef0cc2fcd862dda7a864571da596bec9a5142,65491,23,0,0,5,0,0,14,0,0,0,0,0,0,0,3
1294,7-3-20_18QYG_13,7-3-20_18QYG,2020-03-07,18QYG,13,patches/S2_7-3-20_18QYG/S2_7-3-20_18QYG_13.tif,patches/S2_7-3-20_18QYG/S2_7-3-20_18QYG_13_cl.tif,patches/S2_7-3-20_18QYG/S2_7-3-20_18QYG_13_conf.tif,val,-72.78592456256035,19.1694982871697,EPSG:32618,10.0,10.0,11,float32,,"(1.0, 1.0, 1.0, 1.0, 1.0, 1.0, 1.0, 1.0, 1.0, 1.0, 1.0)","(0.0, 0.0, 0.0, 0.0, 0.0, 0.0, 0.0, 0.0, 0.0, 0.0, 0.0)",731560.0,2119780.0,734120.0,2122340.0,65536,16,65536,16,0,0,0,0,0,0,0ece3cc8cb9dbdc9945ce9088e45077bd41caaebf431ca41d68973437390f90f,ed22ae1a69e73bef3d1d8e5e5a47af87bbf6dbac5b9440c30c549e6416457ab0,7db57eb80670affc3eaddd34c38781e96bb08d267c29888ab79b7695d1437982,65520,7,0,0,0,0,0,6,0,0,0,0,0,0,0,3
1295,7-3-20_18QYG_14,7-3-20_18QYG,2020-03-07,18QYG,14,patches/S2_7-3-20_18QYG/S2_7-3-20_18QYG_14.tif,patches/S2_7-3-20_18QYG/S2_7-3-20_18QYG_14_cl.tif,patches/S2_7-3-20_18QYG/S2_7-3-20_18QYG_14_conf.tif,val,-72.78623321258101,19.146379569673268,EPSG:32618,10.0,10.0,11,float32,,"(1.0, 1.0, 1.0, 1.0, 1.0, 1.0, 1.0, 1.0, 1.0, 1.0, 1.0)","(0.0, 0.0, 0.0, 0.0, 0.0, 0.0, 0.0, 0.0, 0.0, 0.0, 0.0)",731560.0,2117220.0,734120.0,2119780.0,65536,1,65536,1,0,0,0,0,0,0,e9ed702114908fd9bb9d0b9e539e630ac36854ee1a6ccd8b97ee17e8f664c677,ca8dae6d93e47199e956c5424f4c3030841ec09d08f65626ae0134a440b9716c,3e7e9260b9dea46a37f507450ad2f7334cc0524905897eb9a761bf89c81ca7e4,65535,0,0,0,0,0,0,1,0,0,0,0,0,0,0,0
1296,7-3-20_18QYG_15,7-3-20_18QYG,2020-03-07,18QYG,15,patches/S2_7-3-20_18QYG/S2_7-3-20_18QYG_15.tif,patches/S2_7-3-20_18QYG/S2_7-3-20_18QYG_15_cl.tif,patches/S2_7-3-20_18QYG/S2_7-3-20_18QYG_15_conf.tif,val,-72.76002831363155,19.284793903748234,EPSG:32618,10.0,10.0,11,float32,,"(1.0, 1.0, 1.0, 1.0, 1.0, 1.0, 1.0, 1.0, 1.0, 1.0, 1.0)","(0.0, 0.0, 0.0, 0.0, 0.0, 0.0, 0.0, 0.0, 0.0, 0.0, 0.0)",734120.0,2132580.0,736680.0,2135140.0,65536,116,65536,116,0,0,0,0,0,0,7a8e1c93458041c0aa8f4dba38fe5b5dffea623ddda61d489bf0a68698985d6f,8537a7c436ae7aee64026d720024e2f4b0aa1062ca15b105705316115edec5d6,f5f0d0d29dbfd1429ac062b9398987066eb9466827d449a2e9c80aa472985c32,65420,0,0,0,0,0,0,0,0,0,0,116,0,0,0,0
1297,7-3-20_18QYG_16,7-3-20_18QYG,2020-03-07,18QYG,16,patches/S2_7-3-20_18QYG/S2_7-3-20_18QYG_16.tif,patches/S2_7-3-20_18QYG/S2_7-3-20_18QYG_16_cl.tif,patches/S2_7-3-20_18QYG/S2_7-3-20_18QYG_16_conf.tif,val,-72.7619072705173,19.146084843026053,EPSG:32618,10.0,10.0,11,float32,,"(1.0, 1.0, 1.0, 1.0, 1.0, 1.0, 1.0, 1.0, 1.0, 1.0, 1.0)","(0.0, 0.0, 0.0, 0.0, 0.0, 0.0, 0.0, 0.0, 0.0, 0.0, 0.0)",734120.0,2117220.0,736680.0,2119780.0,65536,34,65536,34,0,0,0,0,0,0,4a508151e54c9a3a85b7395a8a22a96981884d56ba19652be41c205b8b873bc4,271b97cb986416043298497bbfb2006fd1db4bb7d886a9dba5b344b03c4cf7eb,2a1935eda88336ff2c4b2ca8109de45fd74df043298c7fdeec8e59ee5dd1ea44,65502,3,0,0,0,0,0,31,0,0,0,0,0,0,0,0
1298,7-3-20_18QYG_17,7-3-20_18QYG,2020-03-07,18QYG,17,patches/S2_7-3-20_18QYG/S2_7-3-20_18QYG_17.tif,patches/S2_7-3-20_18QYG/S2_7-3-20_18QYG_17_cl.tif,patches/S2_7-3-20_18QYG/S2_7-3-20_18QYG_17_conf.tif,val,-72.73758177767374,19.145786901555162,EPSG:32618,10.0,10.0,11,float32,,"(1.0, 1.0, 1.0, 1.0, 1.0, 1.0, 1.0, 1.0, 1.0, 1.0, 1.0)","(0.0, 0.0, 0.0, 0.0, 0.0, 0.0, 0.0, 0.0, 0.0, 0.0, 0.0)",736680.0,2117220.0,739240.0,2119780.0,65536,17,65536,17,0,0,0,0,0,0,55d9754ebe8e1c9858a500042ad7948ad5b9712808d6997b3bf8e86c4ab61f01,e171117d26640fa020f0d8cbd409dbe6ab2c351cb4f85498c810827f31d30fbd,f48bffb77945ab42abfc0c4b83544496be8107745c2b9218c5324d28120a97f7,65519,3,0,0,0,0,0,14,0,0,0,0,0,0,0,0
1299,7-3-20_18QYG_2,7-3-20_18QYG,2020-03-07,18QYG,2,patches/S2_7-3-20_18QYG/S2_7-3-20_18QYG_2.tif,patches/S2_7-3-20_18QYG/S2_7-3-20_18QYG_2_cl.tif,patches/S2_7-3-20_18QYG/S2_7-3-20_18QYG_2_conf.tif,val,-72.8324591947192,19.331913382978318,EPSG:32618,10.0,10.0,11,float32,,"(1.0, 1.0, 1.0, 1.0, 1.0, 1.0, 1.0, 1.0, 1.0, 1.0, 1.0)","(0.0, 0.0, 0.0, 0.0, 0.0, 0.0, 0.0, 0.0, 0.0, 0.0, 0.0)",726440.0,2137700.0,729000.0,2140260.0,65536,6,65536,6,0,0,0,0,0,0,70aa65850045c3274fba243d4a43ea87f11e3ee0b8a7466ce26e6389830c84ac,a3493329bab3c96b1fa35718eb3607f2d51b8f1fd4e3059335b798d70b9e7142,3cc325bf44e0cd4f3a58232e6307ece53959f8c59da04a1434fc9d982fb7a9ca,65530,4,0,0,0,0,0,1,0,0,0,0,0,0,0,1
1300,7-3-20_18QYG_3,7-3-20_18QYG,2020-03-07,18QYG,3,patches/S2_7-3-20_18QYG/S2_7-3-20_18QYG_3.tif,patches/S2_7-3-20_18QYG/S2_7-3-20_18QYG_3_cl.tif,patches/S2_7-3-20_18QYG/S2_7-3-20_18QYG_3_conf.tif,val,-72.83337267467161,19.262556103100973,EPSG:32618,10.0,10.0,11,float32,,"(1.0, 1.0, 1.0, 1.0, 1.0, 1.0, 1.0, 1.0, 1.0, 1.0, 1.0)","(0.0, 0.0, 0.0, 0.0, 0.0, 0.0, 0.0, 0.0, 0.0, 0.0, 0.0)",726440.0,2130020.0,729000.0,2132580.0,65536,1,65536,1,0,0,0,0,0,0,e134f813fc823454d48c4a183d120c27033154017749c48501fb9df097176692,1579a0c81335a6d216a6862ee00ffb9395b21a8373feaccb811cb2cfe4921ac6,98d242b573b383300984c88b46e7126bd4368c28ee0ef92d7e58a78ac02f3dc7,65535,0,0,0,0,0,0,1,0,0,0,0,0,0,0,0
1301,7-3-20_18QYG_4,7-3-20_18QYG,2020-03-07,18QYG,4,patches/S2_7-3-20_18QYG/S2_7-3-20_18QYG_4.tif,patches/S2_7-3-20_18QYG/S2_7-3-20_18QYG_4_cl.tif,patches/S2_7-3-20_18QYG/S2_7-3-20_18QYG_4_conf.tif,val,-72.83367629560523,19.23943688371626,EPSG:32618,10.0,10.0,11,float32,,"(1.0, 1.0, 1.0, 1.0, 1.0, 1.0, 1.0, 1.0, 1.0, 1.0, 1.0)","(0.0, 0.0, 0.0, 0.0, 0.0, 0.0, 0.0, 0.0, 0.0, 0.0, 0.0)",726440.0,2127460.0,729000.0,2130020.0,65536,5,65536,5,0,0,0,0,0,0,339225ec459276f51907f99816f79cc8c2bd85c19eb2c9423258064244bb848f,662ebfc588372b8f38be66d8e83cf9d9fa631d45c80f5e7fbc15a7f9c1d94485,20fb4b044c43cd807c83af9e03afaf5001465acb7e2828d7088f68c401527a27,65531,2,0,0,0,0,0,2,0,0,0,0,0,0,0,1
1302,7-3-20_18QYG_5,7-3-20_18QYG,2020-03-07,18QYG,5,patches/S2_7-3-20_18QYG/S2_7-3-20_18QYG_5.tif,patches/S2_7-3-20_18QYG/S2_7-3-20_18QYG_5_cl.tif,patches/S2_7-3-20_18QYG/S2_7-3-20_18QYG_5_conf.tif,val,-72.8087214068946,19.28538471455465,EPSG:32618,10.0,10.0,11,float32,,"(1.0, 1.0, 1.0, 1.0, 1.0, 1.0, 1.0, 1.0, 1.0, 1.0, 1.0)","(0.0, 0.0, 0.0, 0.0, 0.0, 0.0, 0.0, 0.0, 0.0, 0.0, 0.0)",729000.0,2132580.0,731560.0,2135140.0,65536,10,65536,10,0,0,0,0,0,0,4c03ed251ee63c96f0f736d9317b02a9aeb30e8319fbd4e3a855edaca524e4db,fbe1c194251fe26360f3321c078276a7e86603555f5a87cd557cbf49efd1ad9c,991b33fcb49fea43448f5630f0e13a530a4ff81fe8198f152cf3f364323f629c,65526,3,0,0,0,0,0,7,0,0,0,0,0,0,0,0
1303,7-3-20_18QYG_6,7-3-20_18QYG,2020-03-07,18QYG,6,patches/S2_7-3-20_18QYG/S2_7-3-20_18QYG_6.tif,patches/S2_7-3-20_18QYG/S2_7-3-20_18QYG_6_cl.tif,patches/S2_7-3-20_18QYG/S2_7-3-20_18QYG_6_conf.tif,val,-72.80902887352981,19.262265933206564,EPSG:32618,10.0,10.0,11,float32,,"(1.0, 1.0, 1.0, 1.0, 1.0, 1.0, 1.0, 1.0, 1.0, 1.0, 1.0)","(0.0, 0.0, 0.0, 0.0, 0.0, 0.0, 0.0, 0.0, 0.0, 0.0, 0.0)",729000.0,2130020.0,731560.0,2132580.0,65536,13,65536,13,0,0,0,0,0,0,9ed20861c425ca69189e1bf6f0e129b9afc6b436947a2af20a50774a72c6e1ef,e89e383058a43cc1c9641e17f2c10ed974d80dea9eb6647bce8085c0806ad605,783bf94fb0b660ca7ddb3dde4eb42c9d514b736bf72eaefb308a432019fdd0d0,65523,9,0,0,0,0,0,3,0,0,0,0,0,0,0,1
1304,7-3-20_18QYG_7,7-3-20_18QYG,2020-03-07,18QYG,7,patches/S2_7-3-20_18QYG/S2_7-3-20_18QYG_7.tif,patches/S2_7-3-20_18QYG/S2_7-3-20_18QYG_7_cl.tif,patches/S2_7-3-20_18QYG/S2_7-3-20_18QYG_7_conf.tif,val,-72.80933589927372,19.239147088754994,EPSG:32618,10.0,10.0,11,float32,,"(1.0, 1.0, 1.0, 1.0, 1.0, 1.0, 1.0, 1.0, 1.0, 1.0, 1.0)","(0.0, 0.0, 0.0, 0.0, 0.0, 0.0, 0.0, 0.0, 0.0, 0.0, 0.0)",729000.0,2127460.0,731560.0,2130020.0,65536,13,65536,13,0,0,0,0,0,0,1f5f1c57e8da2c32b6d41164af2453b668724521fb21e43b84202a820eceeb1a,6a267f7fd877cedd4f70561b63f25cd9c6f9b401471297e997089cd09f61c478,cf55ae70fadd89de4d843b8bd96f83e703a2c98c7f76f49dcc3849877b1b53b7,65523,11,0,0,0,0,0,0,0,0,0,0,0,0,0,2
1305,7-3-20_18QYG_8,7-3-20_18QYG,2020-03-07,18QYG,8,patches/S2_7-3-20_18QYG/S2_7-3-20_18QYG_8.tif,patches/S2_7-3-20_18QYG/S2_7-3-20_18QYG_8_cl.tif,patches/S2_7-3-20_18QYG/S2_7-3-20_18QYG_8_conf.tif,val,-72.80964248440964,19.216028181266374,EPSG:32618,10.0,10.0,11,float32,,"(1.0, 1.0, 1.0, 1.0, 1.0, 1.0, 1.0, 1.0, 1.0, 1.0, 1.0)","(0.0, 0.0, 0.0, 0.0, 0.0, 0.0, 0.0, 0.0, 0.0, 0.0, 0.0)",729000.0,2124900.0,731560.0,2127460.0,65536,36,65536,36,0,0,0,0,0,0,c130198e0eb8f57393aa8dbcf17e9685661ef8672e6923f0eb82467a69b8c0c6,3fcacff3030a8bbd88faa74d56d16b431a313e18a6255d18af5a802cf6aab51f,d577f2c4ad3eb88ee08a8c9002c8d60e49d14e393cea571e47476db935a2048f,65500,20,0,0,2,0,0,13,0,0,0,0,0,0,0,1
1306,7-3-20_18QYG_9,7-3-20_18QYG,2020-03-07,18QYG,9,patches/S2_7-3-20_18QYG/S2_7-3-20_18QYG_9.tif,patches/S2_7-3-20_18QYG/S2_7-3-20_18QYG_9_cl.tif,patches/S2_7-3-20_18QYG/S2_7-3-20_18QYG_9_conf.tif,val,-72.80994862922036,19.192909210807116,EPSG:32618,10.0,10.0,11,float32,,"(1.0, 1.0, 1.0, 1.0, 1.0, 1.0, 1.0, 1.0, 1.0, 1.0, 1.0)","(0.0, 0.0, 0.0, 0.0, 0.0, 0.0, 0.0, 0.0, 0.0, 0.0, 0.0)",729000.0,2122340.0,731560.0,2124900.0,65536,32,65536,32,0,0,0,0,0,0,ec8a56454a1cddb3a78c7dbd3ebdff3b4614c4464093403c868815b0601a1307,304b48061a150aa6ef98da224ea1b0b1112b5684815003d5aa6e045da233a744,842bf7be915c69a79d1159ff97092485af87a4c5d039f0d918e3a56739d430e2,65504,5,0,0,0,0,0,24,0,0,0,0,0,0,0,3
1307,8-3-18_16PEC_0,8-3-18_16PEC,2018-03-08,16PEC,0,patches/S2_8-3-18_16PEC/S2_8-3-18_16PEC_0.tif,patches/S2_8-3-18_16PEC/S2_8-3-18_16PEC_0_cl.tif,patches/S2_8-3-18_16PEC/S2_8-3-18_16PEC_0_conf.tif,train,-86.81084639996455,16.176605939560115,EPSG:32616,10.0,10.0,11,float32,,"(1.0, 1.0, 1.0, 1.0, 1.0, 1.0, 1.0, 1.0, 1.0, 1.0, 1.0)","(0.0, 0.0, 0.0, 0.0, 0.0, 0.0, 0.0, 0.0, 0.0, 0.0, 0.0)",518940.0,1787200.0,521500.0,1789760.0,65536,400,65536,400,0,0,0,0,0,0,7e9d1ffa446add72a9b42f01a0a7e38be2786bfc3f7f12defd0892b487e8519f,b36483a5826f84b4806f740c0689cf83d4cfee0beded79d8050376409912270a,286870d0aa199d78c32ef63e2e187564e5736884e69001a83d4aa13962eec3ab,65136,0,0,0,0,0,0,400,0,0,0,0,0,0,0,0
1308,8-3-18_16PEC_1,8-3-18_16PEC,2018-03-08,16PEC,1,patches/S2_8-3-18_16PEC/S2_8-3-18_16PEC_1.tif,patches/S2_8-3-18_16PEC/S2_8-3-18_16PEC_1_cl.tif,patches/S2_8-3-18_16PEC/S2_8-3-18_16PEC_1_conf.tif,train,-86.78689828260366,16.1765833062239,EPSG:32616,10.0,10.0,11,float32,,"(1.0, 1.0, 1.0, 1.0, 1.0, 1.0, 1.0, 1.0, 1.0, 1.0, 1.0)","(0.0, 0.0, 0.0, 0.0, 0.0, 0.0, 0.0, 0.0, 0.0, 0.0, 0.0)",521500.0,1787200.0,524060.0,1789760.0,65536,644,65536,644,0,0,0,0,0,0,e173ad1044a279cee1ad4a5dfca5b9ca48bc6b13b66edab04b574a315a2260b8,ee7dfd69923ad1e876c1b0e7d2558f3774f633d47c9e48d269b636ee23642b67,a682f64b5b6d91c30e289515e19b26d1b8678501b5be261049c8d621b164fc56,64892,0,0,0,0,0,0,644,0,0,0,0,0,0,0,0
1309,8-3-18_16PEC_2,8-3-18_16PEC,2018-03-08,16PEC,2,patches/S2_8-3-18_16PEC/S2_8-3-18_16PEC_2.tif,patches/S2_8-3-18_16PEC/S2_8-3-18_16PEC_2_cl.tif,patches/S2_8-3-18_16PEC/S2_8-3-18_16PEC_2_conf.tif,train,-86.71498772089569,16.222784708287957,EPSG:32616,10.0,10.0,11,float32,,"(1.0, 1.0, 1.0, 1.0, 1.0, 1.0, 1.0, 1.0, 1.0, 1.0, 1.0)","(0.0, 0.0, 0.0, 0.0, 0.0, 0.0, 0.0, 0.0, 0.0, 0.0, 0.0)",529180.0,1792320.0,531740.0,1794880.0,65536,32,65536,32,0,0,0,0,0,0,58bc97d43e97e6fec0240ce7f046481a327ba3c40812605d239919c508b842e5,390447420049d29d53d46997c57299f4e3222619363ef1651ab8f35524733d94,27b71af997899c4325b9086ef67d7e756d57557616fdf98c9c1a94578475c093,65504,0,0,0,0,10,0,16,0,0,0,0,0,0,6,0
1310,8-3-18_16PEC_3,8-3-18_16PEC,2018-03-08,16PEC,3,patches/S2_8-3-18_16PEC/S2_8-3-18_16PEC_3.tif,patches/S2_8-3-18_16PEC/S2_8-3-18_16PEC_3_cl.tif,patches/S2_8-3-18_16PEC/S2_8-3-18_16PEC_3_conf.tif,train,-86.66700285516151,16.26900003834886,EPSG:32616,10.0,10.0,11,float32,,"(1.0, 1.0, 1.0, 1.0, 1.0, 1.0, 1.0, 1.0, 1.0, 1.0, 1.0)","(0.0, 0.0, 0.0, 0.0, 0.0, 0.0, 0.0, 0.0, 0.0, 0.0, 0.0)",534300.0,1797440.0,536860.0,1800000.0,65536,493,65536,493,0,0,0,0,0,0,608f8e5b4c0e218dd4000acb093c0a581e9a312c992816ed4f6956c046688f82,8ea73cffc517a6c8ee74f208cb1116ffb00afaf8041b38352e37d2c588faa241,feea514f0d75c5c7d86df587d3a30572ebb8d10c576c1234b8ecb4a5f6e79efa,65043,0,0,12,0,0,0,481,0,0,0,0,0,0,0,0
1311,8-3-18_16PEC_4,8-3-18_16PEC,2018-03-08,16PEC,4,patches/S2_8-3-18_16PEC/S2_8-3-18_16PEC_4.tif,patches/S2_8-3-18_16PEC/S2_8-3-18_16PEC_4_cl.tif,patches/S2_8-3-18_16PEC/S2_8-3-18_16PEC_4_conf.tif,train,-86.59512606996209,16.268874796815716,EPSG:32616,10.0,10.0,11,float32,,"(1.0, 1.0, 1.0, 1.0, 1.0, 1.0, 1.0, 1.0, 1.0, 1.0, 1.0)","(0.0, 0.0, 0.0, 0.0, 0.0, 0.0, 0.0, 0.0, 0.0, 0.0, 0.0)",541980.0,1797440.0,544540.0,1800000.0,65536,381,65536,381,0,0,0,4,0,0,8eaf56fe62410972f7a83392dcbc3baef03f4e7cf3f73b6d4e0898cb317c09a5,94c8894d951b891a6e48d4900c3ad69354375ed7b752ed89fabbcacc0cec8c4c,1103caadcc90bf80c29bfcf34eb4711f6f1a0696007d7001e8e0cbc3d75533da,65155,0,0,0,0,4,0,88,0,0,0,289,0,0,0,0
1312,8-3-18_16PEC_5,8-3-18_16PEC,2018-03-08,16PEC,5,patches/S2_8-3-18_16PEC/S2_8-3-18_16PEC_5.tif,patches/S2_8-3-18_16PEC/S2_8-3-18_16PEC_5_cl.tif,patches/S2_8-3-18_16PEC/S2_8-3-18_16PEC_5_conf.tif,train,-86.57121748490356,16.24568538156663,EPSG:32616,10.0,10.0,11,float32,,"(1.0, 1.0, 1.0, 1.0, 1.0, 1.0, 1.0, 1.0, 1.0, 1.0, 1.0)","(0.0, 0.0, 0.0, 0.0, 0.0, 0.0, 0.0, 0.0, 0.0, 0.0, 0.0)",544540.0,1794880.0,547100.0,1797440.0,65536,56,65536,56,0,0,0,0,0,0,f959f8a2f3d8a4768de638aab1e44871b6c207ce3e946aef3f1041d618745484,c3818756247411e419bede9c1fd929e7fcf77afd8070c88625ba6c6a9ae32686,ee4bcce33fbe8075268d317bd26270ac129a2debcd4ef16049d8979b9879e95d,65480,0,0,13,0,9,0,30,0,0,0,0,0,0,4,0
1313,8-3-18_16PEC_6,8-3-18_16PEC,2018-03-08,16PEC,6,patches/S2_8-3-18_16PEC/S2_8-3-18_16PEC_6.tif,patches/S2_8-3-18_16PEC/S2_8-3-18_16PEC_6_cl.tif,patches/S2_8-3-18_16PEC/S2_8-3-18_16PEC_6_conf.tif,train,-86.52324997558462,16.26872515724764,EPSG:32616,10.0,10.0,11,float32,,"(1.0, 1.0, 1.0, 1.0, 1.0, 1.0, 1.0, 1.0, 1.0, 1.0, 1.0)","(0.0, 0.0, 0.0, 0.0, 0.0, 0.0, 0.0, 0.0, 0.0, 0.0, 0.0)",549660.0,1797440.0,552220.0,1800000.0,65536,155,65536,155,0,0,0,0,0,0,3f5f375281202815caae031a14c7d75eb281515f09f2e63693747fe39f818a6a,18d1c246a304da0df43443e6eba5638202676ad73ec4eb8cae67655f8ecfebe4,2d2a0c40226be9e766bb10b851faae0953dd5dad22032b6e1dba05ad92d457cb,65381,0,0,0,0,0,131,10,0,0,0,0,0,14,0,0
1314,8-3-18_16PEC_7,8-3-18_16PEC,2018-03-08,16PEC,7,patches/S2_8-3-18_16PEC/S2_8-3-18_16PEC_7.tif,patches/S2_8-3-18_16PEC/S2_8-3-18_16PEC_7_cl.tif,patches/S2_8-3-18_16PEC/S2_8-3-18_16PEC_7_conf.tif,train,-86.52347265067674,16.17615648312895,EPSG:32616,10.0,10.0,11,float32,,"(1.0, 1.0, 1.0, 1.0, 1.0, 1.0, 1.0, 1.0, 1.0, 1.0, 1.0)","(0.0, 0.0, 0.0, 0.0, 0.0, 0.0, 0.0, 0.0, 0.0, 0.0, 0.0)",549660.0,1787200.0,552220.0,1789760.0,65536,46,65536,46,0,0,0,0,0,0,2e184f3a1dc533012dd5ce23ac718ce83c20ba3adfb57db16958cd5b88a34fc2,9c8f27b48bbbda423b9a3fb0233c4c931f296f1e09a8ca8a05efdd326c3ce3fe,8c93368f2be6ef4d97a2c1113295bbf120f23a00faf7fb817d728946c18c9bd1,65490,0,0,0,0,0,32,14,0,0,0,0,0,0,0,0
1315,8-3-18_16PEC_8,8-3-18_16PEC,2018-03-08,16PEC,8,patches/S2_8-3-18_16PEC/S2_8-3-18_16PEC_8.tif,patches/S2_8-3-18_16PEC/S2_8-3-18_16PEC_8_cl.tif,patches/S2_8-3-18_16PEC/S2_8-3-18_16PEC_8_conf.tif,train,-86.35584345861251,16.17571511088904,EPSG:32616,10.0,10.0,11,float32,,"(1.0, 1.0, 1.0, 1.0, 1.0, 1.0, 1.0, 1.0, 1.0, 1.0, 1.0)","(0.0, 0.0, 0.0, 0.0, 0.0, 0.0, 0.0, 0.0, 0.0, 0.0, 0.0)",567580.0,1787200.0,570140.0,1789760.0,65536,477,65536,477,0,0,0,0,0,0,3396287439518fd1e09d90699e332d3d89368f2f0dfe2a667386456fdd6d6b03,b003f3eb1699e32c92b05fe03615e18b65f1f2f83fea213e0a5888c43cf6b84d,fc685628299bfb9d9bdb41d7c30520f6d82fb1ab3441a9bc8e3303878ff30596,65059,0,0,0,0,0,0,477,0,0,0,0,0,0,0,0
1316,8-3-18_16QED_0,8-3-18_16QED,2018-03-08,16QED,0,patches/S2_8-3-18_16QED/S2_8-3-18_16QED_0.tif,patches/S2_8-3-18_16QED/S2_8-3-18_16QED_0_cl.tif,patches/S2_8-3-18_16QED/S2_8-3-18_16QED_0_conf.tif,train,-86.66814281983513,16.370069171560136,EPSG:32616,10.0,10.0,11,float32,,"(1.0, 1.0, 1.0, 1.0, 1.0, 1.0, 1.0, 1.0, 1.0, 1.0, 1.0)","(0.0, 0.0, 0.0, 0.0, 0.0, 0.0, 0.0, 0.0, 0.0, 0.0, 0.0)",534160.0,1808620.0,536720.0,1811180.0,65536,124,65536,124,0,0,0,0,4159,0,873272d73fc7abe0b5dc1e9b79eb0ea12ecac9df75e85dbcdede942fad75704a,ea0ec6bf2453a975670c2379548aaa395db4cc0677eb96ca4f17c155b5aa93be,b17b402b1ceec73866fe2f4f5a6397b6e86a7012c88281405f0f5b292f5d8eea,65412,0,0,0,0,0,89,22,0,0,0,0,0,13,0,0
1317,8-3-18_16QED_1,8-3-18_16QED,2018-03-08,16QED,1,patches/S2_8-3-18_16QED/S2_8-3-18_16QED_1.tif,patches/S2_8-3-18_16QED/S2_8-3-18_16QED_1_cl.tif,patches/S2_8-3-18_16QED/S2_8-3-18_16QED_1_conf.tif,train,-86.61993027635424,16.508840079267035,EPSG:32616,10.0,10.0,11,float32,,"(1.0, 1.0, 1.0, 1.0, 1.0, 1.0, 1.0, 1.0, 1.0, 1.0, 1.0)","(0.0, 0.0, 0.0, 0.0, 0.0, 0.0, 0.0, 0.0, 0.0, 0.0, 0.0)",539280.0,1823980.0,541840.0,1826540.0,65536,361,65536,361,0,0,0,0,0,0,5187a431026cfb65e1765cbf146f447ec63a9f50f56baf3aea28755cdf188cf0,7acf37474b5eb696e0850763a9d353579cbe6d3529754a7d75209c4ba1e2bbe4,f43448ccbc02f2ba5c251d0886454a8be561603d00f976cfb84a0e37706de4bd,65175,0,122,47,0,0,35,142,0,0,0,0,0,15,0,0
1318,8-3-18_16QED_10,8-3-18_16QED,2018-03-08,16QED,10,patches/S2_8-3-18_16QED/S2_8-3-18_16QED_10.tif,patches/S2_8-3-18_16QED/S2_8-3-18_16QED_10_cl.tif,patches/S2_8-3-18_16QED/S2_8-3-18_16QED_10_conf.tif,train,-86.40446297089285,16.369488528917937,EPSG:32616,10.0,10.0,11,float32,,"(1.0, 1.0, 1.0, 1.0, 1.0, 1.0, 1.0, 1.0, 1.0, 1.0, 1.0)","(0.0, 0.0, 0.0, 0.0, 0.0, 0.0, 0.0, 0.0, 0.0, 0.0, 0.0)",562320.0,1808620.0,564880.0,1811180.0,65536,199,65536,199,0,0,0,0,0,0,ed316243e936cfd7d07b81d3b479785627c349387185ffaf3ce35c893625208d,ed266a37cc3e74ae34d41f1225634446c7cefc43a151294512e085cef7c60330,3dde5bfbd2098a15ce78359e406108a7d5e9aba9baafd5c5c57e078d19a8b41f,65337,0,0,0,0,13,0,61,0,0,0,69,0,0,56,0
1319,8-3-18_16QED_11,8-3-18_16QED,2018-03-08,16QED,11,patches/S2_8-3-18_16QED/S2_8-3-18_16QED_11.tif,patches/S2_8-3-18_16QED/S2_8-3-18_16QED_11_cl.tif,patches/S2_8-3-18_16QED/S2_8-3-18_16QED_11_conf.tif,train,-86.40453313498514,16.34634710812991,EPSG:32616,10.0,10.0,11,float32,,"(1.0, 1.0, 1.0, 1.0, 1.0, 1.0, 1.0, 1.0, 1.0, 1.0, 1.0)","(0.0, 0.0, 0.0, 0.0, 0.0, 0.0, 0.0, 0.0, 0.0, 0.0, 0.0)",562320.0,1806060.0,564880.0,1808620.0,65536,50,65536,50,0,0,0,0,0,0,c9eedcb2d2b5608ef799405973b8a4a936eb66e7dfbc99fead1b02277aa189ee,bfaec9e2b66cb0adb82a8a17d40817accb0e4068e0fd7c53d8d7b9a44cdf4ad4,af65d2dd61011dc5339bfdae71fe8dfdfc9f2cc62bb457e2bd25f298c15e3537,65486,0,0,0,0,0,0,14,0,0,0,0,0,0,36,0
1320,8-3-18_16QED_12,8-3-18_16QED,2018-03-08,16QED,12,patches/S2_8-3-18_16QED/S2_8-3-18_16QED_12.tif,patches/S2_8-3-18_16QED/S2_8-3-18_16QED_12_cl.tif,patches/S2_8-3-18_16QED/S2_8-3-18_16QED_12_conf.tif,train,-86.35690030908471,16.25364092531618,EPSG:32616,10.0,10.0,11,float32,,"(1.0, 1.0, 1.0, 1.0, 1.0, 1.0, 1.0, 1.0, 1.0, 1.0, 1.0)","(0.0, 0.0, 0.0, 0.0, 0.0, 0.0, 0.0, 0.0, 0.0, 0.0, 0.0)",567440.0,1795820.0,570000.0,1798380.0,65536,79,65536,79,0,0,0,0,0,0,f8c6fca07ceb879c3d3e0480cf9903650eadcf71dd8ee14f309f3311fb9c21db,0ff57d639f6e884355079c630ba9c02122cd619b82a0edcb375229b8a5860c4d,61fac580a73dff80c64db245048d60b14e96c0876703314df8578721bd97a98b,65457,0,0,0,0,0,0,79,0,0,0,0,0,0,0,0
1321,8-3-18_16QED_13,8-3-18_16QED,2018-03-08,16QED,13,patches/S2_8-3-18_16QED/S2_8-3-18_16QED_13.tif,patches/S2_8-3-18_16QED/S2_8-3-18_16QED_13_cl.tif,patches/S2_8-3-18_16QED/S2_8-3-18_16QED_13_conf.tif,train,-86.33231573969374,16.438695866282046,EPSG:32616,10.0,10.0,11,float32,,"(1.0, 1.0, 1.0, 1.0, 1.0, 1.0, 1.0, 1.0, 1.0, 1.0, 1.0)","(0.0, 0.0, 0.0, 0.0, 0.0, 0.0, 0.0, 0.0, 0.0, 0.0, 0.0)",570000.0,1816300.0,572560.0,1818860.0,65536,583,65536,583,0,0,0,0,0,0,790d9633089db48dafd4084d57e2c6ea1a5c97e63f68875f181341cd0606bdb6,1e854a36ffd729f89f9183065d6906255ac77bd1a70dc2951a10fc6382040bd4,dd22377b08befcb6388c79f2b7b32a77f7fa1e43f1518d6e4676e40a5a741d3c,64953,0,0,0,0,0,0,35,0,0,0,548,0,0,0,0
1322,8-3-18_16QED_14,8-3-18_16QED,2018-03-08,16QED,14,patches/S2_8-3-18_16QED/S2_8-3-18_16QED_14.tif,patches/S2_8-3-18_16QED/S2_8-3-18_16QED_14_cl.tif,patches/S2_8-3-18_16QED/S2_8-3-18_16QED_14_conf.tif,train,-86.28494896695999,16.276551700442713,EPSG:32616,10.0,10.0,11,float32,,"(1.0, 1.0, 1.0, 1.0, 1.0, 1.0, 1.0, 1.0, 1.0, 1.0, 1.0)","(0.0, 0.0, 0.0, 0.0, 0.0, 0.0, 0.0, 0.0, 0.0, 0.0, 0.0)",575120.0,1798380.0,577680.0,1800940.0,65536,488,65536,488,0,0,0,0,0,0,9a4bcb904b0d5e6196bc284a4a11ef6e8f1ebf2ed26bd05019493b9835878f95,6babc37777f4d0de2c464af10b70ca0ce2ca718248a9fc7babd6015309ace822,2edba51bca631129a80ede5e71c85f526d83d99ebb0c8230f2d1854a1a4db501,65048,0,0,0,0,0,0,488,0,0,0,0,0,0,0,0
1323,8-3-18_16QED_15,8-3-18_16QED,2018-03-08,16QED,15,patches/S2_8-3-18_16QED/S2_8-3-18_16QED_15.tif,patches/S2_8-3-18_16QED/S2_8-3-18_16QED_15_cl.tif,patches/S2_8-3-18_16QED/S2_8-3-18_16QED_15_conf.tif,train,-86.26081705035217,16.32275113539675,EPSG:32616,10.0,10.0,11,float32,,"(1.0, 1.0, 1.0, 1.0, 1.0, 1.0, 1.0, 1.0, 1.0, 1.0, 1.0)","(0.0, 0.0, 0.0, 0.0, 0.0, 0.0, 0.0, 0.0, 0.0, 0.0, 0.0)",577680.0,1803500.0,580240.0,1806060.0,65536,139,65536,139,0,0,0,0,0,0,1fecec128c66a722d999df8ad013df6038d6bb65e406129a096bf62475715699,b4b77300b936a5fdf8f1054da96ed763f0939ced26b53f66ee48993b3556a1d8,51e67f4768980ce8b5cbb31b7e4f03cc93dff18bc7804d331091f25943913060,65397,0,0,0,0,0,0,139,0,0,0,0,0,0,0,0
1324,8-3-18_16QED_16,8-3-18_16QED,2018-03-08,16QED,16,patches/S2_8-3-18_16QED/S2_8-3-18_16QED_16.tif,patches/S2_8-3-18_16QED/S2_8-3-18_16QED_16_cl.tif,patches/S2_8-3-18_16QED/S2_8-3-18_16QED_16_conf.tif,train,-86.2609038748035,16.299610291821253,EPSG:32616,10.0,10.0,11,float32,,"(1.0, 1.0, 1.0, 1.0, 1.0, 1.0, 1.0, 1.0, 1.0, 1.0, 1.0)","(0.0, 0.0, 0.0, 0.0, 0.0, 0.0, 0.0, 0.0, 0.0, 0.0, 0.0)",577680.0,1800940.0,580240.0,1803500.0,65536,1,65536,1,0,0,0,0,0,0,febc85b8239ce9e56579fe23bb0f8e79af8215686c0e5cd169b98a769b446cb7,dcbcf1414384bdc487206736459eb07f5e7db7fe93ddc2f66fd224091a7b56d9,2d67e0e552e5fd7db93d30a100f68fe24ca01ea2706ecf85d570d24bf0e8bd26,65535,0,0,0,0,0,0,1,0,0,0,0,0,0,0,0
1325,8-3-18_16QED_17,8-3-18_16QED,2018-03-08,16QED,17,patches/S2_8-3-18_16QED/S2_8-3-18_16QED_17.tif,patches/S2_8-3-18_16QED/S2_8-3-18_16QED_17_cl.tif,patches/S2_8-3-18_16QED/S2_8-3-18_16QED_17_conf.tif,train,-86.16515837403003,16.276113068777406,EPSG:32616,10.0,10.0,11,float32,,"(1.0, 1.0, 1.0, 1.0, 1.0, 1.0, 1.0, 1.0, 1.0, 1.0, 1.0)","(0.0, 0.0, 0.0, 0.0, 0.0, 0.0, 0.0, 0.0, 0.0, 0.0, 0.0)",587920.0,1798380.0,590480.0,1800940.0,65536,251,65536,251,0,0,0,0,0,0,2e734ce4ea7d838e8f4de15ef4550f49421c84211b786c9f704a3e7ef6fff548,2f90f0d56464bf0a8f7602bab7fc3131a6a88f7c3dee50d1e0a24af24f5929cd,fdaea8a1053d353bfdfaa72b3cefff7a601ae38a2253ae935f43d0dc5cdffbef,65285,0,0,0,0,47,53,67,0,0,0,0,0,13,71,0
1326,8-3-18_16QED_18,8-3-18_16QED,2018-03-08,16QED,18,patches/S2_8-3-18_16QED/S2_8-3-18_16QED_18.tif,patches/S2_8-3-18_16QED/S2_8-3-18_16QED_18_cl.tif,patches/S2_8-3-18_16QED/S2_8-3-18_16QED_18_conf.tif,train,-86.1412007121142,16.276017208176093,EPSG:32616,10.0,10.0,11,float32,,"(1.0, 1.0, 1.0, 1.0, 1.0, 1.0, 1.0, 1.0, 1.0, 1.0, 1.0)","(0.0, 0.0, 0.0, 0.0, 0.0, 0.0, 0.0, 0.0, 0.0, 0.0, 0.0)",590480.0,1798380.0,593040.0,1800940.0,65536,20,65536,20,0,0,0,0,0,0,120d3ec5977341d334e7beda9498c77d68a9d03fed4d4975a0145ec4feb2afdf,6167a603342100b16ce1beebc03c434c37e272cf82f9b2bf9c6181a7c0104f3f,4e0a3a854bf8fa9705426f30b2c290b8a397141ff180ec81fcf862b120040707,65516,0,0,0,0,0,0,16,0,0,0,0,0,0,4,0
1327,8-3-18_16QED_2,8-3-18_16QED,2018-03-08,16QED,2,patches/S2_8-3-18_16QED/S2_8-3-18_16QED_2.tif,patches/S2_8-3-18_16QED/S2_8-3-18_16QED_2_cl.tif,patches/S2_8-3-18_16QED/S2_8-3-18_16QED_2_conf.tif,train,-86.61997545838845,16.48569822016193,EPSG:32616,10.0,10.0,11,float32,,"(1.0, 1.0, 1.0, 1.0, 1.0, 1.0, 1.0, 1.0, 1.0, 1.0, 1.0)","(0.0, 0.0, 0.0, 0.0, 0.0, 0.0, 0.0, 0.0, 0.0, 0.0, 0.0)",539280.0,1821420.0,541840.0,1823980.0,65536,98,65536,98,0,0,0,0,0,0,3166cf7cda6edd3dd61bf0794c4c25c419109bc97cde462f280436268a10945e,3e03e140e7c1878f37c8df1aa1093d6af20d219b9f45a5f0b53c2459f05cc635,b317f8fd19c0174643b9d0d966790ec6698b779ebc777519fba6758661bde4e9,65438,0,0,0,0,0,0,98,0,0,0,0,0,0,0,0
1328,8-3-18_16QED_3,8-3-18_16QED,2018-03-08,16QED,3,patches/S2_8-3-18_16QED/S2_8-3-18_16QED_3.tif,patches/S2_8-3-18_16QED/S2_8-3-18_16QED_3_cl.tif,patches/S2_8-3-18_16QED/S2_8-3-18_16QED_3_conf.tif,train,-86.59594207396793,16.50879507998721,EPSG:32616,10.0,10.0,11,float32,,"(1.0, 1.0, 1.0, 1.0, 1.0, 1.0, 1.0, 1.0, 1.0, 1.0, 1.0)","(0.0, 0.0, 0.0, 0.0, 0.0, 0.0, 0.0, 0.0, 0.0, 0.0, 0.0)",541840.0,1823980.0,544400.0,1826540.0,65536,364,65536,364,0,0,0,0,0,0,3b3f1be69ff90e2149d7ec13271edd2213105d78135c4a97bd5a50b3529fc714,66c9a7a59609719182d5ab1441ab16ab69aea5e6a2f13e64e45edde9ba1fd03b,097710d40cca0465913357754a6aa575a6197d697b8270e0540e57e1d5a16e50,65172,0,187,4,0,0,145,22,0,0,0,0,0,6,0,0
1329,8-3-18_16QED_4,8-3-18_16QED,2018-03-08,16QED,4,patches/S2_8-3-18_16QED/S2_8-3-18_16QED_4.tif,patches/S2_8-3-18_16QED/S2_8-3-18_16QED_4_cl.tif,patches/S2_8-3-18_16QED/S2_8-3-18_16QED_4_conf.tif,train,-86.5959901074949,16.485653287452514,EPSG:32616,10.0,10.0,11,float32,,"(1.0, 1.0, 1.0, 1.0, 1.0, 1.0, 1.0, 1.0, 1.0, 1.0, 1.0)","(0.0, 0.0, 0.0, 0.0, 0.0, 0.0, 0.0, 0.0, 0.0, 0.0, 0.0)",541840.0,1821420.0,544400.0,1823980.0,65536,52,65536,52,0,0,0,0,0,0,0550fd42e45b29a686c9447cfa344a242f7dafb7a90fda842b81874ba0a97833,c5af7423d21a97b1565c9de660dfee8e9a929ba7004edc17cad8db18610a73c7,1059a14aa217f9163aaa79dc7082f4fd52732ea01ce5cf3044e295f00c98eb97,65484,0,48,4,0,0,0,0,0,0,0,0,0,0,0,0
1330,8-3-18_16QED_5,8-3-18_16QED,2018-03-08,16QED,5,patches/S2_8-3-18_16QED/S2_8-3-18_16QED_5.tif,patches/S2_8-3-18_16QED/S2_8-3-18_16QED_5_cl.tif,patches/S2_8-3-18_16QED/S2_8-3-18_16QED_5_conf.tif,train,-86.57250920974427,16.254185578101136,EPSG:32616,10.0,10.0,11,float32,,"(1.0, 1.0, 1.0, 1.0, 1.0, 1.0, 1.0, 1.0, 1.0, 1.0, 1.0)","(0.0, 0.0, 0.0, 0.0, 0.0, 0.0, 0.0, 0.0, 0.0, 0.0, 0.0)",544400.0,1795820.0,546960.0,1798380.0,65536,45,65536,45,0,0,0,0,0,0,59a3aa2ab236ea041d98db54ed77c8d109afd031f62895781ce20fab919df564,fb91a22a7dabdcc1bdd65db284fde522ed9fd490196d1b40b828dc58028a4bfc,dd1588647cc8b50a56f63d8826b59849b4569ccb0e7fab9fe6d73ff4150a3e36,65491,0,0,0,0,5,0,32,0,0,0,0,0,0,8,0
1331,8-3-18_16QED_6,8-3-18_16QED,2018-03-08,16QED,6,patches/S2_8-3-18_16QED/S2_8-3-18_16QED_6.tif,patches/S2_8-3-18_16QED/S2_8-3-18_16QED_6_cl.tif,patches/S2_8-3-18_16QED/S2_8-3-18_16QED_6_conf.tif,train,-86.52448397893747,16.300367607149123,EPSG:32616,10.0,10.0,11,float32,,"(1.0, 1.0, 1.0, 1.0, 1.0, 1.0, 1.0, 1.0, 1.0, 1.0, 1.0)","(0.0, 0.0, 0.0, 0.0, 0.0, 0.0, 0.0, 0.0, 0.0, 0.0, 0.0)",549520.0,1800940.0,552080.0,1803500.0,65536,4267,65536,4267,0,0,0,0,0,0,4055a71d46d12f2fef6ed28230cab0ae1f15f36b1e4ebf670e385f11a97d8d75,1cf25548ed0a7943a6401f1d4dcd4643239c9e5cab99d0075b7520a3607479ae,541709bfa08f6575d1fe4e05d18c943ee0808d32df8eb9bba60ba52f5780e3d2,61269,0,0,0,0,0,0,81,0,0,0,4186,0,0,0,0
1332,8-3-18_16QED_7,8-3-18_16QED,2018-03-08,16QED,7,patches/S2_8-3-18_16QED/S2_8-3-18_16QED_7.tif,patches/S2_8-3-18_16QED/S2_8-3-18_16QED_7_cl.tif,patches/S2_8-3-18_16QED/S2_8-3-18_16QED_7_conf.tif,train,-86.50010886251927,16.46230453017362,EPSG:32616,10.0,10.0,11,float32,,"(1.0, 1.0, 1.0, 1.0, 1.0, 1.0, 1.0, 1.0, 1.0, 1.0, 1.0)","(0.0, 0.0, 0.0, 0.0, 0.0, 0.0, 0.0, 0.0, 0.0, 0.0, 0.0)",552080.0,1818860.0,554640.0,1821420.0,65536,22,65536,22,0,0,0,0,0,0,83568f34356fc0176ea6f428a94c73f68c993dc9259c1605ffad21c1e4d0b7ae,c652763d74f944aba5ffb6fce5bba9029bc42cb7128934ae9e9ae88f9ba571f4,255cc5c9a73e20de123df621a1e3d87be7e0d4b0b157b871d27bad4fbf233700,65514,0,0,0,0,0,0,22,0,0,0,0,0,0,0,0
1333,8-3-18_16QED_8,8-3-18_16QED,2018-03-08,16QED,8,patches/S2_8-3-18_16QED/S2_8-3-18_16QED_8.tif,patches/S2_8-3-18_16QED/S2_8-3-18_16QED_8_cl.tif,patches/S2_8-3-18_16QED/S2_8-3-18_16QED_8_conf.tif,train,-86.42829838525867,16.41583784334067,EPSG:32616,10.0,10.0,11,float32,,"(1.0, 1.0, 1.0, 1.0, 1.0, 1.0, 1.0, 1.0, 1.0, 1.0, 1.0)","(0.0, 0.0, 0.0, 0.0, 0.0, 0.0, 0.0, 0.0, 0.0, 0.0, 0.0)",559760.0,1813740.0,562320.0,1816300.0,65536,271,65536,271,0,0,0,0,12869,0,ea2c3f04c1eeeea7599b7c63006960d84437c269b6c127e639b3c3d6fb80b7a5,0d49bbe391ccf21c2bacd2a5340f5596f63ee93dcad702022484ae0471887101,c32df83ed9091995c1644578e1efcc83a40ac9e034dab9d9617653875b13de88,65265,0,0,0,0,0,192,42,0,0,0,0,0,37,0,0
1334,8-3-18_16QED_9,8-3-18_16QED,2018-03-08,16QED,9,patches/S2_8-3-18_16QED/S2_8-3-18_16QED_9.tif,patches/S2_8-3-18_16QED/S2_8-3-18_16QED_9_cl.tif,patches/S2_8-3-18_16QED/S2_8-3-18_16QED_9_conf.tif,train,-86.40425179968464,16.438912484556596,EPSG:32616,10.0,10.0,11,float32,,"(1.0, 1.0, 1.0, 1.0, 1.0, 1.0, 1.0, 1.0, 1.0, 1.0, 1.0)","(0.0, 0.0, 0.0, 0.0, 0.0, 0.0, 0.0, 0.0, 0.0, 0.0, 0.0)",562320.0,1816300.0,564880.0,1818860.0,65536,16,65536,16,0,0,0,0,0,0,d107d8b09531bfac09774960427aa07d69c1ab5ad3dffa5ae862418b5d93763a,48d4f4c105d55a6d2dc1ab307abbd403bde83b6a39f51b48ca16bb290a370efb,036f5b9c68e36c6b83f4e71d3d615299cc2cc8477bdf3b6ae3d4824aba8b6197,65520,0,0,0,0,0,0,16,0,0,0,0,0,0,0,0
1335,9-10-17_16PEC_0,9-10-17_16PEC,2017-10-09,16PEC,0,patches/S2_9-10-17_16PEC/S2_9-10-17_16PEC_0.tif,patches/S2_9-10-17_16PEC/S2_9-10-17_16PEC_0_cl.tif,patches/S2_9-10-17_16PEC/S2_9-10-17_16PEC_0_conf.tif,train,-86.86216025864492,15.831483416099656,EPSG:32616,10.0,10.0,11,float32,,"(1.0, 1.0, 1.0, 1.0, 1.0, 1.0, 1.0, 1.0, 1.0, 1.0, 1.0)","(0.0, 0.0, 0.0, 0.0, 0.0, 0.0, 0.0, 0.0, 0.0, 0.0, 0.0)",513480.0,1749020.0,516040.0,1751580.0,65536,282,65536,282,0,0,0,0,0,0,32dfb27c7df0ea94dfca5c4a7127b7dae5fc31e891288729fdd52881e990507a,e3839d763287150e5ee093ea6effa6cfb0011754f6c0f5c13cdeae97a882b2b4,9fcf9666e483208594e5a60b5d617e423750198c384b4657062be225f873757a,65254,0,0,0,0,0,0,282,0,0,0,0,0,0,0,0
1336,9-10-17_16PEC_1,9-10-17_16PEC,2017-10-09,16PEC,1,patches/S2_9-10-17_16PEC/S2_9-10-17_16PEC_1.tif,patches/S2_9-10-17_16PEC/S2_9-10-17_16PEC_1_cl.tif,patches/S2_9-10-17_16PEC/S2_9-10-17_16PEC_1_conf.tif,train,-86.83803002039153,16.109188018508256,EPSG:32616,10.0,10.0,11,float32,,"(1.0, 1.0, 1.0, 1.0, 1.0, 1.0, 1.0, 1.0, 1.0, 1.0, 1.0)","(0.0, 0.0, 0.0, 0.0, 0.0, 0.0, 0.0, 0.0, 0.0, 0.0, 0.0)",516040.0,1779740.0,518600.0,1782300.0,65536,284,65536,284,0,0,0,0,0,0,2bf955ef80ab56654868b1a848d99a6deca14bc37092c921ac15517036028aa3,0e4573ad4e843736113bf7db349936dd4678680e8bd78246371d44f3a8e97e5f,16b13e3ca4362f1f79145f4d86bd684b7e0eefb44e4ac6fa2dca7c86d8ad1699,65252,0,0,0,0,26,0,51,0,0,0,0,108,0,99,0
1337,9-10-17_16PEC_10,9-10-17_16PEC,2017-10-09,16PEC,10,patches/S2_9-10-17_16PEC/S2_9-10-17_16PEC_10.tif,patches/S2_9-10-17_16PEC/S2_9-10-17_16PEC_10_cl.tif,patches/S2_9-10-17_16PEC/S2_9-10-17_16PEC_10_conf.tif,train,-86.76629109375213,16.039692181968878,EPSG:32616,10.0,10.0,11,float32,,"(1.0, 1.0, 1.0, 1.0, 1.0, 1.0, 1.0, 1.0, 1.0, 1.0, 1.0)","(0.0, 0.0, 0.0, 0.0, 0.0, 0.0, 0.0, 0.0, 0.0, 0.0, 0.0)",523720.0,1772060.0,526280.0,1774620.0,65536,1651,65536,1651,0,0,0,0,0,0,66737911d119f419285e63fa346c2253efe924d54b9b4eba298973c1cf4941f1,381c63c6896a755fc2a1939b871eb3f3023d5afd9076b399b9f22dd07d85ade5,ced27af217999394a555ef12b04d21b7b38c6a47ff207bf4ec373f18e53adf0b,63885,0,0,0,0,0,1648,0,0,0,0,0,0,3,0,0
1338,9-10-17_16PEC_11,9-10-17_16PEC,2017-10-09,16PEC,11,patches/S2_9-10-17_16PEC/S2_9-10-17_16PEC_11.tif,patches/S2_9-10-17_16PEC/S2_9-10-17_16PEC_11_cl.tif,patches/S2_9-10-17_16PEC/S2_9-10-17_16PEC_11_conf.tif,train,-86.76639862915978,15.947119078531596,EPSG:32616,10.0,10.0,11,float32,,"(1.0, 1.0, 1.0, 1.0, 1.0, 1.0, 1.0, 1.0, 1.0, 1.0, 1.0)","(0.0, 0.0, 0.0, 0.0, 0.0, 0.0, 0.0, 0.0, 0.0, 0.0, 0.0)",523720.0,1761820.0,526280.0,1764380.0,65536,6,65536,6,0,0,0,0,0,0,5a0dfce5e40ea5f86e31c82b19bc225dddd7d6d4b513eafdf67f815a6d493388,2a5e339648c35b425a41fb1d354407908a4d06b1030468acdee485f22499fa17,fdcd4264181e36dd52d62e92c9941672be24af62d26e584e8b812a0065be9d53,65530,5,0,0,0,0,0,1,0,0,0,0,0,0,0,0
1339,9-10-17_16PEC_12,9-10-17_16PEC,2017-10-09,16PEC,12,patches/S2_9-10-17_16PEC/S2_9-10-17_16PEC_12.tif,patches/S2_9-10-17_16PEC/S2_9-10-17_16PEC_12_cl.tif,patches/S2_9-10-17_16PEC/S2_9-10-17_16PEC_12_conf.tif,train,-86.76655861198057,15.808257934682766,EPSG:32616,10.0,10.0,11,float32,,"(1.0, 1.0, 1.0, 1.0, 1.0, 1.0, 1.0, 1.0, 1.0, 1.0, 1.0)","(0.0, 0.0, 0.0, 0.0, 0.0, 0.0, 0.0, 0.0, 0.0, 0.0, 0.0)",523720.0,1746460.0,526280.0,1749020.0,65536,2327,65536,2327,0,0,0,0,0,0,328d1406889af54a3bcd0dc6e9d50472a9d6f7779a0bd351ad3f84f02ec09da4,d7624ff30a256a311ddc4c39612bd64bfe6dfc537007822171ef04aa5f6be33d,46f576b25120a8f0f2f0d6d1768d47750cf46ac6275cd9b59e6910a21be0c494,63209,0,0,0,0,0,0,0,0,0,0,2327,0,0,0,0
1340,9-10-17_16PEC_13,9-10-17_16PEC,2017-10-09,16PEC,13,patches/S2_9-10-17_16PEC/S2_9-10-17_16PEC_13.tif,patches/S2_9-10-17_16PEC/S2_9-10-17_16PEC_13_cl.tif,patches/S2_9-10-17_16PEC/S2_9-10-17_16PEC_13_conf.tif,train,-86.7424780148626,15.947091826153889,EPSG:32616,10.0,10.0,11,float32,,"(1.0, 1.0, 1.0, 1.0, 1.0, 1.0, 1.0, 1.0, 1.0, 1.0, 1.0)","(0.0, 0.0, 0.0, 0.0, 0.0, 0.0, 0.0, 0.0, 0.0, 0.0, 0.0)",526280.0,1761820.0,528840.0,1764380.0,65536,4,65536,4,0,0,0,0,0,0,5e00e79e44d4faeefd0f3323755ee1205038ced73fa9b08ebc4cebfa82e94e8a,505a1d27223b8a743943f2f35cb7a896cab675df301bba5f38c578f918fe0d8f,b8164e1e57468b14dc97eadea3fa75ab8e37d4c1b12a18a84e36569bd9af9fd2,65532,2,0,0,0,0,0,1,0,0,0,0,0,0,0,1
1341,9-10-17_16PEC_14,9-10-17_16PEC,2017-10-09,16PEC,14,patches/S2_9-10-17_16PEC/S2_9-10-17_16PEC_14.tif,patches/S2_9-10-17_16PEC/S2_9-10-17_16PEC_14_cl.tif,patches/S2_9-10-17_16PEC/S2_9-10-17_16PEC_14_conf.tif,train,-86.71839536898621,16.06277773738393,EPSG:32616,10.0,10.0,11,float32,,"(1.0, 1.0, 1.0, 1.0, 1.0, 1.0, 1.0, 1.0, 1.0, 1.0, 1.0)","(0.0, 0.0, 0.0, 0.0, 0.0, 0.0, 0.0, 0.0, 0.0, 0.0, 0.0)",528840.0,1774620.0,531400.0,1777180.0,65536,846,65536,846,0,0,0,0,0,0,304c1d096cbe4e5a5d4150807bfb584920609df44df566a14629902cda88dd85,721a5fa73e0556741092443d7812186b6c1ab5327addf126b188b979d0434f75,fbe1580a2a22aba536d5c2a5a2d24046f6745ab4c0622f5cc94a77b39dbf42df,64690,0,0,0,0,0,119,32,0,0,0,0,0,695,0,0
1342,9-10-17_16PEC_15,9-10-17_16PEC,2017-10-09,16PEC,15,patches/S2_9-10-17_16PEC/S2_9-10-17_16PEC_15.tif,patches/S2_9-10-17_16PEC/S2_9-10-17_16PEC_15_cl.tif,patches/S2_9-10-17_16PEC/S2_9-10-17_16PEC_15_conf.tif,train,-86.71842789126367,16.039634673492873,EPSG:32616,10.0,10.0,11,float32,,"(1.0, 1.0, 1.0, 1.0, 1.0, 1.0, 1.0, 1.0, 1.0, 1.0, 1.0)","(0.0, 0.0, 0.0, 0.0, 0.0, 0.0, 0.0, 0.0, 0.0, 0.0, 0.0)",528840.0,1772060.0,531400.0,1774620.0,65536,21,65536,21,0,0,0,0,0,0,78bd8de9b6ac0521bdce9c1f0e34adc29bba53d0703ec8b3cb4e9f179b101f83,e34421e8c720c1f23841f7017e99ad328525a1030b73cedf2e15769fb8d52907,18bc2d17f60a2d27ce6f8c820abef67ecb1938f454faebe7e0972a89fe6ef939,65515,0,0,0,0,0,0,21,0,0,0,0,0,0,0,0
1343,9-10-17_16PEC_16,9-10-17_16PEC,2017-10-09,16PEC,16,patches/S2_9-10-17_16PEC/S2_9-10-17_16PEC_16.tif,patches/S2_9-10-17_16PEC/S2_9-10-17_16PEC_16_cl.tif,patches/S2_9-10-17_16PEC/S2_9-10-17_16PEC_16_conf.tif,train,-86.71868615827022,15.8544883698326,EPSG:32616,10.0,10.0,11,float32,,"(1.0, 1.0, 1.0, 1.0, 1.0, 1.0, 1.0, 1.0, 1.0, 1.0, 1.0)","(0.0, 0.0, 0.0, 0.0, 0.0, 0.0, 0.0, 0.0, 0.0, 0.0, 0.0)",528840.0,1751580.0,531400.0,1754140.0,65536,296,65536,296,0,0,0,0,0,0,7d2f7dd060bb28cbc2b7c0f5e340096e2b58cc523925ed26f4cdc7db03de48ec,fb205abdb8e8bd550863937dc0ce72a9083ad723b5ad12139219b56b094e49ea,a0f65e38c78aa7de6f7c0af66619d7d879ba3c3119e65ca81556e786c0b6b4d9,65240,0,0,0,0,0,0,296,0,0,0,0,0,0,0,0
1344,9-10-17_16PEC_17,9-10-17_16PEC,2017-10-09,16PEC,17,patches/S2_9-10-17_16PEC/S2_9-10-17_16PEC_17.tif,patches/S2_9-10-17_16PEC/S2_9-10-17_16PEC_17_cl.tif,patches/S2_9-10-17_16PEC/S2_9-10-17_16PEC_17_conf.tif,train,-86.69446108116773,16.062744927162537,EPSG:32616,10.0,10.0,11,float32,,"(1.0, 1.0, 1.0, 1.0, 1.0, 1.0, 1.0, 1.0, 1.0, 1.0, 1.0)","(0.0, 0.0, 0.0, 0.0, 0.0, 0.0, 0.0, 0.0, 0.0, 0.0, 0.0)",531400.0,1774620.0,533960.0,1777180.0,65536,1712,65536,1712,0,0,0,0,0,0,bf9d3113b63e6719dd80c16891631940e513aec93f443362e248067574bd3b41,8fdf714e98aa221bc766504dd8a35ffce7a8175a8c9df32ae1dcffbea2d9b3aa,33d09d8cd8c732d1fa46f2b9e760b0d897bc3d7b0fd7ec1ae5df4ae1a85931c9,63824,0,0,0,0,0,1712,0,0,0,0,0,0,0,0,0
1345,9-10-17_16PEC_18,9-10-17_16PEC,2017-10-09,16PEC,18,patches/S2_9-10-17_16PEC/S2_9-10-17_16PEC_18.tif,patches/S2_9-10-17_16PEC/S2_9-10-17_16PEC_18_cl.tif,patches/S2_9-10-17_16PEC/S2_9-10-17_16PEC_18_conf.tif,train,-86.69449636749489,16.039601913014963,EPSG:32616,10.0,10.0,11,float32,,"(1.0, 1.0, 1.0, 1.0, 1.0, 1.0, 1.0, 1.0, 1.0, 1.0, 1.0)","(0.0, 0.0, 0.0, 0.0, 0.0, 0.0, 0.0, 0.0, 0.0, 0.0, 0.0)",531400.0,1772060.0,533960.0,1774620.0,65536,197,65536,197,0,0,0,0,0,0,d060f47541d0e4111f94600e146add9e79ca11f54083f7f55ecc6af7653c5716,9caa9f93e5f4fb46bdb1bf86788b56779847f12ac54d657fa82eb3b6e9fbd6a3,58eb6397e50cdf7028f9e40ce6cd245dac0d8398d743af986ce3affe07df3186,65339,0,0,0,0,0,179,18,0,0,0,0,0,0,0,0
1346,9-10-17_16PEC_19,9-10-17_16PEC,2017-10-09,16PEC,19,patches/S2_9-10-17_16PEC/S2_9-10-17_16PEC_19.tif,patches/S2_9-10-17_16PEC/S2_9-10-17_16PEC_19_cl.tif,patches/S2_9-10-17_16PEC/S2_9-10-17_16PEC_19_conf.tif,train,-86.69477658446739,15.854456006906016,EPSG:32616,10.0,10.0,11,float32,,"(1.0, 1.0, 1.0, 1.0, 1.0, 1.0, 1.0, 1.0, 1.0, 1.0, 1.0)","(0.0, 0.0, 0.0, 0.0, 0.0, 0.0, 0.0, 0.0, 0.0, 0.0, 0.0)",531400.0,1751580.0,533960.0,1754140.0,65536,22,65536,22,0,0,0,0,0,0,1a2854055175db02af8f68a77195490e82d759999fa451f7263dcb848a3d9523,8f080dcb966f144675293392f5cbc82f74bc075b72e3ce66514d05e326db88d0,e807da777ef437f6788ebd512071332c857c4225b826f58680787e0c19f2eee4,65514,0,0,0,0,0,0,22,0,0,0,0,0,0,0,0
1347,9-10-17_16PEC_2,9-10-17_16PEC,2017-10-09,16PEC,2,patches/S2_9-10-17_16PEC/S2_9-10-17_16PEC_2.tif,patches/S2_9-10-17_16PEC/S2_9-10-17_16PEC_2_cl.tif,patches/S2_9-10-17_16PEC/S2_9-10-17_16PEC_2_conf.tif,train,-86.83821627365946,15.87775425706728,EPSG:32616,10.0,10.0,11,float32,,"(1.0, 1.0, 1.0, 1.0, 1.0, 1.0, 1.0, 1.0, 1.0, 1.0, 1.0)","(0.0, 0.0, 0.0, 0.0, 0.0, 0.0, 0.0, 0.0, 0.0, 0.0, 0.0)",516040.0,1754140.0,518600.0,1756700.0,65536,1104,65536,1104,0,0,0,0,0,0,646d0373c73f46c8240c31bf53e8ff61da3925c3bf56d73dcaf0d1cc59e6667c,3777382be31e5f2aeb323432c91ecbe63ab024244be07887ec3a3279165e360a,9313527595b9e2eca263cf3602e433292a84f30701bc966f5c953e7dd6ccb8f5,64432,0,0,0,0,0,0,1104,0,0,0,0,0,0,0,0
1348,9-10-17_16PEC_20,9-10-17_16PEC,2017-10-09,16PEC,20,patches/S2_9-10-17_16PEC/S2_9-10-17_16PEC_20.tif,patches/S2_9-10-17_16PEC/S2_9-10-17_16PEC_20_cl.tif,patches/S2_9-10-17_16PEC/S2_9-10-17_16PEC_20_conf.tif,train,-86.69484606383494,15.808169034705015,EPSG:32616,10.0,10.0,11,float32,,"(1.0, 1.0, 1.0, 1.0, 1.0, 1.0, 1.0, 1.0, 1.0, 1.0, 1.0)","(0.0, 0.0, 0.0, 0.0, 0.0, 0.0, 0.0, 0.0, 0.0, 0.0, 0.0)",531400.0,1746460.0,533960.0,1749020.0,65536,110,65536,110,0,0,0,0,0,0,a9af7f00000b3f0ad7b3ce146006984d9a657ece5b8b82018c0d5487122fa05f,d90a9815daec84092b12f2d1b8d877f05c96f334f9c5954247725a3bf398212b,81ce8ec3778dd82fe2a9daefdf5e2b187520be88f58304317b94fa644c14cc24,65426,0,0,0,0,0,0,110,0,0,0,0,0,0,0,0
1349,9-10-17_16PEC_21,9-10-17_16PEC,2017-10-09,16PEC,21,patches/S2_9-10-17_16PEC/S2_9-10-17_16PEC_21.tif,patches/S2_9-10-17_16PEC/S2_9-10-17_16PEC_21_cl.tif,patches/S2_9-10-17_16PEC/S2_9-10-17_16PEC_21_conf.tif,train,-86.64683656923305,15.923813118853595,EPSG:32616,10.0,10.0,11,float32,,"(1.0, 1.0, 1.0, 1.0, 1.0, 1.0, 1.0, 1.0, 1.0, 1.0, 1.0)","(0.0, 0.0, 0.0, 0.0, 0.0, 0.0, 0.0, 0.0, 0.0, 0.0, 0.0)",536520.0,1759260.0,539080.0,1761820.0,65536,6,65536,6,0,0,0,0,0,0,5a7140ed9f58be63488316a1c73e841f0cc3d167f03d959e58c5d221fc9859fa,bdefaa43656825125036a8363972c82aadab58ec5fa93a7745940a2d6b91922b,4e02ab1d1eaba9aa9c874dba8af54c6f0f9ab560c5db59969afa91a672a7e2b6,65530,5,0,0,0,0,0,1,0,0,0,0,0,0,0,0
1350,9-10-17_16PEC_22,9-10-17_16PEC,2017-10-09,16PEC,22,patches/S2_9-10-17_16PEC/S2_9-10-17_16PEC_22.tif,patches/S2_9-10-17_16PEC/S2_9-10-17_16PEC_22_cl.tif,patches/S2_9-10-17_16PEC/S2_9-10-17_16PEC_22_conf.tif,train,-86.62296213556404,15.900629515863772,EPSG:32616,10.0,10.0,11,float32,,"(1.0, 1.0, 1.0, 1.0, 1.0, 1.0, 1.0, 1.0, 1.0, 1.0, 1.0)","(0.0, 0.0, 0.0, 0.0, 0.0, 0.0, 0.0, 0.0, 0.0, 0.0, 0.0)",539080.0,1756700.0,541640.0,1759260.0,65536,8,65536,8,0,0,0,0,0,0,9abb004c1c07e61a56cf5bc30faa79490e251e85b30ee439c3802d699be82fb8,24df2b2a9e5bbe86b322b6a2c57dc766a8564b14c3e5f63809912b60bdffc3cf,38800ce1e67b93deeecadbfbcea2f9cd4027822aadc0532c5e0a02136ef3d33c,65528,1,0,0,0,0,0,5,0,0,0,0,0,0,0,2
1351,9-10-17_16PEC_23,9-10-17_16PEC,2017-10-09,16PEC,23,patches/S2_9-10-17_16PEC/S2_9-10-17_16PEC_23.tif,patches/S2_9-10-17_16PEC/S2_9-10-17_16PEC_23_cl.tif,patches/S2_9-10-17_16PEC/S2_9-10-17_16PEC_23_conf.tif,train,-86.59881716077923,16.016301338882183,EPSG:32616,10.0,10.0,11,float32,,"(1.0, 1.0, 1.0, 1.0, 1.0, 1.0, 1.0, 1.0, 1.0, 1.0, 1.0)","(0.0, 0.0, 0.0, 0.0, 0.0, 0.0, 0.0, 0.0, 0.0, 0.0, 0.0)",541640.0,1769500.0,544200.0,1772060.0,65536,850,65536,850,0,0,0,0,0,0,8a2590943063ddc46718a08f3bfbc6c9ebdc58b8d78a7ad493fbc3c2163a5bc8,45c36188b00dc1165d881ae2d38ef306a0ae241287819b279b3487d73be57fbb,d815401ccd7f7e21f56b30dc86155c78fe287ed3a9920bd48e4b62d991b99c0b,64686,0,0,0,0,0,380,14,0,0,0,0,0,456,0,0
1352,9-10-17_16PEC_24,9-10-17_16PEC,2017-10-09,16PEC,24,patches/S2_9-10-17_16PEC/S2_9-10-17_16PEC_24.tif,patches/S2_9-10-17_16PEC/S2_9-10-17_16PEC_24_cl.tif,patches/S2_9-10-17_16PEC/S2_9-10-17_16PEC_24_conf.tif,train,-86.59886335152086,15.993158464311568,EPSG:32616,10.0,10.0,11,float32,,"(1.0, 1.0, 1.0, 1.0, 1.0, 1.0, 1.0, 1.0, 1.0, 1.0, 1.0)","(0.0, 0.0, 0.0, 0.0, 0.0, 0.0, 0.0, 0.0, 0.0, 0.0, 0.0)",541640.0,1766940.0,544200.0,1769500.0,65536,1229,65536,1229,0,0,0,0,0,0,fc79ddf890d27f4daa77e8e4ef14b6fb2e1641d8e464a98a679c9e072c86e3c0,1aa5f8061c6283412aa6862e11634697c8cd230e8b2f82e4aff0adb932bfc392,1fa5d403912efecf6039cf82351dcde3f0f387a766cc365b740c8db8ba648dbc,64307,0,0,0,0,0,979,15,0,0,0,0,0,235,0,0
1353,9-10-17_16PEC_25,9-10-17_16PEC,2017-10-09,16PEC,25,patches/S2_9-10-17_16PEC/S2_9-10-17_16PEC_25.tif,patches/S2_9-10-17_16PEC/S2_9-10-17_16PEC_25_cl.tif,patches/S2_9-10-17_16PEC/S2_9-10-17_16PEC_25_conf.tif,train,-86.59904735827509,15.900586467892396,EPSG:32616,10.0,10.0,11,float32,,"(1.0, 1.0, 1.0, 1.0, 1.0, 1.0, 1.0, 1.0, 1.0, 1.0, 1.0)","(0.0, 0.0, 0.0, 0.0, 0.0, 0.0, 0.0, 0.0, 0.0, 0.0, 0.0)",541640.0,1756700.0,544200.0,1759260.0,65536,7,65536,7,0,0,0,0,0,0,99dc36b2d10c90e0e4072c6755f48697e41061532b7e531c468752b9423e72de,0b9762e4efcbb50c169eba8f3f778e70476a06760a195b7adacf139dd2e61c64,825bc02e004182336f82f454371ee6583853aae7a970c108025f4d60f0d0203d,65529,0,0,0,1,0,0,1,0,0,0,0,0,0,0,5
1354,9-10-17_16PEC_26,9-10-17_16PEC,2017-10-09,16PEC,26,patches/S2_9-10-17_16PEC/S2_9-10-17_16PEC_26.tif,patches/S2_9-10-17_16PEC/S2_9-10-17_16PEC_26_cl.tif,patches/S2_9-10-17_16PEC/S2_9-10-17_16PEC_26_conf.tif,train,-86.5748887299069,16.016255294778436,EPSG:32616,10.0,10.0,11,float32,,"(1.0, 1.0, 1.0, 1.0, 1.0, 1.0, 1.0, 1.0, 1.0, 1.0, 1.0)","(0.0, 0.0, 0.0, 0.0, 0.0, 0.0, 0.0, 0.0, 0.0, 0.0, 0.0)",544200.0,1769500.0,546760.0,1772060.0,65536,6,65536,6,0,0,0,0,0,0,e339a7306ceb0c8c385608438758d518a6df35750ae875a79ea6a20d1ff37f77,a6aaeccdfb51690f14519fd8c96f5c3493e09eddd94315ef0d99e75dbbb9fbaa,236dc1e2e57b47c6bc8387b32e5bc655653d67932efe1b7655b616de931f5ebf,65530,0,0,0,0,0,0,6,0,0,0,0,0,0,0,0
1355,9-10-17_16PEC_27,9-10-17_16PEC,2017-10-09,16PEC,27,patches/S2_9-10-17_16PEC/S2_9-10-17_16PEC_27.tif,patches/S2_9-10-17_16PEC/S2_9-10-17_16PEC_27_cl.tif,patches/S2_9-10-17_16PEC/S2_9-10-17_16PEC_27_conf.tif,train,-86.57493767548505,15.9931124901962,EPSG:32616,10.0,10.0,11,float32,,"(1.0, 1.0, 1.0, 1.0, 1.0, 1.0, 1.0, 1.0, 1.0, 1.0, 1.0)","(0.0, 0.0, 0.0, 0.0, 0.0, 0.0, 0.0, 0.0, 0.0, 0.0, 0.0)",544200.0,1766940.0,546760.0,1769500.0,65536,2463,65536,2463,0,0,0,0,0,0,021b11e2b092964e370a67187fca7c6d70f487bb34ba7c49b15b00da0890a721,b5100a2d1ce5cf2a2f9d8248c8ad69f59446a9f0f226a0430c2f33855e29a8fa,58fd3ca1ff48568aadb4624f4cfb17bc8d2f0bdafe1068488381212b7017df0b,63073,0,0,0,0,0,2443,12,0,0,0,0,0,8,0,0
1356,9-10-17_16PEC_28,9-10-17_16PEC,2017-10-09,16PEC,28,patches/S2_9-10-17_16PEC/S2_9-10-17_16PEC_28.tif,patches/S2_9-10-17_16PEC/S2_9-10-17_16PEC_28_cl.tif,patches/S2_9-10-17_16PEC/S2_9-10-17_16PEC_28_conf.tif,train,-86.57513265648522,15.900540773575694,EPSG:32616,10.0,10.0,11,float32,,"(1.0, 1.0, 1.0, 1.0, 1.0, 1.0, 1.0, 1.0, 1.0, 1.0, 1.0)","(0.0, 0.0, 0.0, 0.0, 0.0, 0.0, 0.0, 0.0, 0.0, 0.0, 0.0)",544200.0,1756700.0,546760.0,1759260.0,65536,662,65536,662,0,0,0,0,0,0,0294830cac8f5acae1d4c47852dd9a5954b02b779052d806108e707223f1b96d,874eed167e24fe0aeff0f249528fc0ed2038a8a66c50aeab3aaa9562602241e4,d79d241356012a85af5d077af043cdfe43c8d04738beedd1afc3e9b7f13b1194,64874,1,0,0,169,0,0,461,0,0,0,21,0,0,0,10
1357,9-10-17_16PEC_29,9-10-17_16PEC,2017-10-09,16PEC,29,patches/S2_9-10-17_16PEC/S2_9-10-17_16PEC_29.tif,patches/S2_9-10-17_16PEC/S2_9-10-17_16PEC_29_cl.tif,patches/S2_9-10-17_16PEC/S2_9-10-17_16PEC_29_conf.tif,train,-86.55121803469717,15.900492432952289,EPSG:32616,10.0,10.0,11,float32,,"(1.0, 1.0, 1.0, 1.0, 1.0, 1.0, 1.0, 1.0, 1.0, 1.0, 1.0)","(0.0, 0.0, 0.0, 0.0, 0.0, 0.0, 0.0, 0.0, 0.0, 0.0, 0.0)",546760.0,1756700.0,549320.0,1759260.0,65536,2,65536,2,0,0,0,0,0,0,82dfaa82f4038ae1bb3fd2db261348740ed69c633241fab711e3957ff811f9f0,cf872cde0c26d5813236146980814aea931c03e932b59a8957f70dc0ac085d02,903010bcee96ccf136130f1c26bbe717e0c0f56a71197996b0bf8ff50e85011c,65534,0,0,0,1,0,0,1,0,0,0,0,0,0,0,0
1358,9-10-17_16PEC_3,9-10-17_16PEC,2017-10-09,16PEC,3,patches/S2_9-10-17_16PEC/S2_9-10-17_16PEC_3.tif,patches/S2_9-10-17_16PEC/S2_9-10-17_16PEC_3_cl.tif,patches/S2_9-10-17_16PEC/S2_9-10-17_16PEC_3_conf.tif,train,-86.83823473122989,15.854610607882426,EPSG:32616,10.0,10.0,11,float32,,"(1.0, 1.0, 1.0, 1.0, 1.0, 1.0, 1.0, 1.0, 1.0, 1.0, 1.0)","(0.0, 0.0, 0.0, 0.0, 0.0, 0.0, 0.0, 0.0, 0.0, 0.0, 0.0)",516040.0,1751580.0,518600.0,1754140.0,65536,417,65536,417,0,0,0,0,0,0,5bfa89ddea4dd2dc93e6a53e41b704170fa024238b8deec49b6a9a55c3e69a50,1189f1fa373b0b62a21931a051a861c16f20dc51829af29d4ccee195e0308be2,a9e4b303bc6e83f22adb18dc5e8207708c943082547b011d0cb82382fd440071,65119,0,0,0,0,0,0,417,0,0,0,0,0,0,0,0
1359,9-10-17_16PEC_30,9-10-17_16PEC,2017-10-09,16PEC,30,patches/S2_9-10-17_16PEC/S2_9-10-17_16PEC_30.tif,patches/S2_9-10-17_16PEC/S2_9-10-17_16PEC_30_cl.tif,patches/S2_9-10-17_16PEC/S2_9-10-17_16PEC_30_conf.tif,train,-86.52730349741356,15.900441446063022,EPSG:32616,10.0,10.0,11,float32,,"(1.0, 1.0, 1.0, 1.0, 1.0, 1.0, 1.0, 1.0, 1.0, 1.0, 1.0)","(0.0, 0.0, 0.0, 0.0, 0.0, 0.0, 0.0, 0.0, 0.0, 0.0, 0.0)",549320.0,1756700.0,551880.0,1759260.0,65536,65,65536,65,0,0,0,0,0,0,dd12d8e836a0d9917887e4538d41ac69b166fad418b48e228d864f2e0e2c10d0,2a521d18903f0eb0e6d1ac054fe141c0148a2466351190be2ff7870bf416bb2d,05453a25b2560827e691267d46ca5a79cf20f66565242bafd18e5f26007c91e0,65471,1,0,0,0,0,0,63,0,0,0,0,0,0,0,1
1360,9-10-17_16PEC_31,9-10-17_16PEC,2017-10-09,16PEC,31,patches/S2_9-10-17_16PEC/S2_9-10-17_16PEC_31.tif,patches/S2_9-10-17_16PEC/S2_9-10-17_16PEC_31_cl.tif,patches/S2_9-10-17_16PEC/S2_9-10-17_16PEC_31_conf.tif,train,-86.5035024392099,15.85410212456882,EPSG:32616,10.0,10.0,11,float32,,"(1.0, 1.0, 1.0, 1.0, 1.0, 1.0, 1.0, 1.0, 1.0, 1.0, 1.0)","(0.0, 0.0, 0.0, 0.0, 0.0, 0.0, 0.0, 0.0, 0.0, 0.0, 0.0)",551880.0,1751580.0,554440.0,1754140.0,65536,16,65536,16,0,0,0,0,0,0,88123b30633dd6350c949c3a44f4e40690e14ec0274985e781410467fc8e1d45,a14c34ad737f9f147d5538ea681c89b0587c263046b012a0cea173cda4768f95,544952c9b1764e572864ccf1b6c1e75adf49df3508a2cf3211ac755b83515835,65520,0,0,0,0,4,0,12,0,0,0,0,0,0,0,0
1361,9-10-17_16PEC_32,9-10-17_16PEC,2017-10-09,16PEC,32,patches/S2_9-10-17_16PEC/S2_9-10-17_16PEC_32.tif,patches/S2_9-10-17_16PEC/S2_9-10-17_16PEC_32_cl.tif,patches/S2_9-10-17_16PEC/S2_9-10-17_16PEC_32_conf.tif,train,-86.47929568445254,15.969759434989108,EPSG:32616,10.0,10.0,11,float32,,"(1.0, 1.0, 1.0, 1.0, 1.0, 1.0, 1.0, 1.0, 1.0, 1.0, 1.0)","(0.0, 0.0, 0.0, 0.0, 0.0, 0.0, 0.0, 0.0, 0.0, 0.0, 0.0)",554440.0,1764380.0,557000.0,1766940.0,65536,56,65536,56,0,0,0,0,0,0,0af87f3d597d17d26a9baf3999db7294327cf527d66296d5608f10e69207e4fc,ecb7120b4a5fb40c061bf55540a869c6af6b36ee915217329af73a3ef4a47e79,131282b01633ceca580d87e0c2985f0fa185f22ac5564783fe854d4508d2d302,65480,0,0,0,0,0,0,38,0,0,0,18,0,0,0,0
1362,9-10-17_16PEC_33,9-10-17_16PEC,2017-10-09,16PEC,33,patches/S2_9-10-17_16PEC/S2_9-10-17_16PEC_33.tif,patches/S2_9-10-17_16PEC/S2_9-10-17_16PEC_33_cl.tif,patches/S2_9-10-17_16PEC/S2_9-10-17_16PEC_33_conf.tif,train,-86.47971200233778,15.807760302975725,EPSG:32616,10.0,10.0,11,float32,,"(1.0, 1.0, 1.0, 1.0, 1.0, 1.0, 1.0, 1.0, 1.0, 1.0, 1.0)","(0.0, 0.0, 0.0, 0.0, 0.0, 0.0, 0.0, 0.0, 0.0, 0.0, 0.0)",554440.0,1746460.0,557000.0,1749020.0,65536,361,65536,361,0,0,0,0,0,0,b59db71725981cda13424bb78fde3ecc174630e489c85dc1398e1f26e1f5aace,65725718fa593195b6cb0770f784eea2249c1fd03053f9c9c2c340a1b6c85514,08de05be93643ad949f7e3646e97bb8d8ad8f8fb2efec581206c353146ea265e,65175,0,0,0,0,0,0,0,0,0,361,0,0,0,0,0
1363,9-10-17_16PEC_34,9-10-17_16PEC,2017-10-09,16PEC,34,patches/S2_9-10-17_16PEC/S2_9-10-17_16PEC_34.tif,patches/S2_9-10-17_16PEC/S2_9-10-17_16PEC_34_cl.tif,patches/S2_9-10-17_16PEC/S2_9-10-17_16PEC_34_conf.tif,train,-86.45543571814115,15.946557745239971,EPSG:32616,10.0,10.0,11,float32,,"(1.0, 1.0, 1.0, 1.0, 1.0, 1.0, 1.0, 1.0, 1.0, 1.0, 1.0)","(0.0, 0.0, 0.0, 0.0, 0.0, 0.0, 0.0, 0.0, 0.0, 0.0, 0.0)",557000.0,1761820.0,559560.0,1764380.0,65536,38,65536,38,0,0,0,0,0,0,a9c8bc431dde4df7e742ed9117977cd5d9b9914115f49f648dffc9e8e8eb339e,5089da3c978d43fa041e07a3d60a27a22b406e68113216e827308d672bcc8e72,9cbcf711746db04b065c6627b03883e5fd5ff3f2c7b8c69ebef3b757be0fa3ed,65498,0,0,0,6,0,0,31,0,0,0,0,0,0,0,1
1364,9-10-17_16PEC_35,9-10-17_16PEC,2017-10-09,16PEC,35,patches/S2_9-10-17_16PEC/S2_9-10-17_16PEC_35.tif,patches/S2_9-10-17_16PEC/S2_9-10-17_16PEC_35_cl.tif,patches/S2_9-10-17_16PEC/S2_9-10-17_16PEC_35_conf.tif,train,-86.4314508272177,15.969638384756696,EPSG:32616,10.0,10.0,11,float32,,"(1.0, 1.0, 1.0, 1.0, 1.0, 1.0, 1.0, 1.0, 1.0, 1.0, 1.0)","(0.0, 0.0, 0.0, 0.0, 0.0, 0.0, 0.0, 0.0, 0.0, 0.0, 0.0)",559560.0,1764380.0,562120.0,1766940.0,65536,15,65536,15,0,0,0,0,0,0,d4fbe474ca9bdce70ffea8c8a56fdb4f74b658a538d875eb0cb0833ee2f6a4a0,315990f09854ac5c67e2ac09d8f8dcc9c351c4e6ff55ae58b06e4eca77752425,75265a9ee28b4d559ab2067d5f348891fd97fd1dad0bbb6582a87299ae6948a1,65521,3,0,0,0,0,0,10,0,0,0,0,0,0,0,2
1365,9-10-17_16PEC_36,9-10-17_16PEC,2017-10-09,16PEC,36,patches/S2_9-10-17_16PEC/S2_9-10-17_16PEC_36.tif,patches/S2_9-10-17_16PEC/S2_9-10-17_16PEC_36_cl.tif,patches/S2_9-10-17_16PEC/S2_9-10-17_16PEC_36_conf.tif,train,-86.43151608638202,15.946495985273339,EPSG:32616,10.0,10.0,11,float32,,"(1.0, 1.0, 1.0, 1.0, 1.0, 1.0, 1.0, 1.0, 1.0, 1.0, 1.0)","(0.0, 0.0, 0.0, 0.0, 0.0, 0.0, 0.0, 0.0, 0.0, 0.0, 0.0)",559560.0,1761820.0,562120.0,1764380.0,65536,4,65536,4,0,0,0,0,0,0,91441f0a8dd30808f5543490007ff6aca929c702162d163cf7922b163a3fbb60,ec690375de7198ba5da7b6c16352ac11047bb6ae38a47c40a3cb24a9c1c04a05,1659f393ba045ba66e5df31eb500db85bd7d8b872ff7bed02d59f6394619a89d,65532,2,0,0,0,0,0,0,0,0,0,0,0,0,0,2
1366,9-10-17_16PEC_37,9-10-17_16PEC,2017-10-09,16PEC,37,patches/S2_9-10-17_16PEC/S2_9-10-17_16PEC_37.tif,patches/S2_9-10-17_16PEC/S2_9-10-17_16PEC_37_cl.tif,patches/S2_9-10-17_16PEC/S2_9-10-17_16PEC_37_conf.tif,train,-86.40786746446946,15.853861868178095,EPSG:32616,10.0,10.0,11,float32,,"(1.0, 1.0, 1.0, 1.0, 1.0, 1.0, 1.0, 1.0, 1.0, 1.0, 1.0)","(0.0, 0.0, 0.0, 0.0, 0.0, 0.0, 0.0, 0.0, 0.0, 0.0, 0.0)",562120.0,1751580.0,564680.0,1754140.0,65536,156,65536,156,0,0,0,0,0,0,deb754be27cfb6d37c858b2767f77f6a78585887f23ea593178f268574624e75,acfb2cfd044a16f961db80c0c28e56952147328765fa3d140a4db5cb5e2b8734,2081134603723e42a70e8c3abb6f1230e392e7fc28397255b9affb4f2314a66f,65380,0,0,0,0,0,0,156,0,0,0,0,0,0,0,0
1367,9-10-17_16PEC_38,9-10-17_16PEC,2017-10-09,16PEC,38,patches/S2_9-10-17_16PEC/S2_9-10-17_16PEC_38.tif,patches/S2_9-10-17_16PEC/S2_9-10-17_16PEC_38_cl.tif,patches/S2_9-10-17_16PEC/S2_9-10-17_16PEC_38_conf.tif,train,-86.38367714876539,15.946364503012694,EPSG:32616,10.0,10.0,11,float32,,"(1.0, 1.0, 1.0, 1.0, 1.0, 1.0, 1.0, 1.0, 1.0, 1.0, 1.0)","(0.0, 0.0, 0.0, 0.0, 0.0, 0.0, 0.0, 0.0, 0.0, 0.0, 0.0)",564680.0,1761820.0,567240.0,1764380.0,65536,84,65536,84,0,0,0,0,0,0,f487fd69485e115e87c939f294437d71c94870127e3ff32dfb238724cf25905f,469e79d98726b6ef0b61bdc47afa65110077a38e7d579efc009861cdc0b2a406,e6770fefc74e904c16c2e522dd5d10c62eac04fe541c4f6a4b54e03f5b1c4a7d,65452,6,0,0,0,0,0,78,0,0,0,0,0,0,0,0
1368,9-10-17_16PEC_39,9-10-17_16PEC,2017-10-09,16PEC,39,patches/S2_9-10-17_16PEC/S2_9-10-17_16PEC_39.tif,patches/S2_9-10-17_16PEC/S2_9-10-17_16PEC_39_cl.tif,patches/S2_9-10-17_16PEC/S2_9-10-17_16PEC_39_conf.tif,train,-86.35983122663241,15.92315263850236,EPSG:32616,10.0,10.0,11,float32,,"(1.0, 1.0, 1.0, 1.0, 1.0, 1.0, 1.0, 1.0, 1.0, 1.0, 1.0)","(0.0, 0.0, 0.0, 0.0, 0.0, 0.0, 0.0, 0.0, 0.0, 0.0, 0.0)",567240.0,1759260.0,569800.0,1761820.0,65536,180,65536,180,0,0,0,0,0,0,aaf5162ebd2f77bc989d68c70b1fe740f2acd1e2d39c8971108ea7ce117fe4f9,cb66cb807973ce979d61077ad29d09a34d7ef76ee35b025b877ebfb6c91610ec,3ecd76e543871bbf90aa6fc8faf9c1845181a2818e295156cdef7dc9981a0067,65356,11,0,0,0,0,0,168,0,0,0,0,0,0,0,1
1369,9-10-17_16PEC_4,9-10-17_16PEC,2017-10-09,16PEC,4,patches/S2_9-10-17_16PEC/S2_9-10-17_16PEC_4.tif,patches/S2_9-10-17_16PEC/S2_9-10-17_16PEC_4_cl.tif,patches/S2_9-10-17_16PEC/S2_9-10-17_16PEC_4_conf.tif,train,-86.83825315836475,15.831466909311219,EPSG:32616,10.0,10.0,11,float32,,"(1.0, 1.0, 1.0, 1.0, 1.0, 1.0, 1.0, 1.0, 1.0, 1.0, 1.0)","(0.0, 0.0, 0.0, 0.0, 0.0, 0.0, 0.0, 0.0, 0.0, 0.0, 0.0)",516040.0,1749020.0,518600.0,1751580.0,65536,96,65536,96,0,0,0,0,0,0,da76b6aff4fde30d3e61ca14ef22b6961308f71cb9c613bedab0c17ddc5920c7,568e1a859ba4602425cd4e214562b04703a1467ed78b0761ab8e68ea4822d134,efb3b32e1bf283313248ed0a10d5172ff91f5138af3309e7ba319881165a0d9c,65440,0,0,0,0,0,0,96,0,0,0,0,0,0,0,0
1370,9-10-17_16PEC_40,9-10-17_16PEC,2017-10-09,16PEC,40,patches/S2_9-10-17_16PEC/S2_9-10-17_16PEC_40.tif,patches/S2_9-10-17_16PEC/S2_9-10-17_16PEC_40_cl.tif,patches/S2_9-10-17_16PEC/S2_9-10-17_16PEC_40_conf.tif,train,-86.33591479120655,15.923080372806025,EPSG:32616,10.0,10.0,11,float32,,"(1.0, 1.0, 1.0, 1.0, 1.0, 1.0, 1.0, 1.0, 1.0, 1.0, 1.0)","(0.0, 0.0, 0.0, 0.0, 0.0, 0.0, 0.0, 0.0, 0.0, 0.0, 0.0)",569800.0,1759260.0,572360.0,1761820.0,65536,837,65536,837,0,0,0,0,0,0,23f09bf18f163bb056fb300fdc12a50777cda17909da74b405a9adb361006357,51ace6ea58b24cd433a0b707afd0cbad55d89767107dd0532c71d2d1e959e33b,21ec1611aa213a7d5a517aa3311305509e7230209dcdc82ddf5c5322f4c2882e,64699,13,0,0,0,0,0,819,0,0,0,0,0,0,0,5
1371,9-10-17_16PEC_41,9-10-17_16PEC,2017-10-09,16PEC,41,patches/S2_9-10-17_16PEC/S2_9-10-17_16PEC_41.tif,patches/S2_9-10-17_16PEC/S2_9-10-17_16PEC_41_cl.tif,patches/S2_9-10-17_16PEC/S2_9-10-17_16PEC_41_conf.tif,train,-86.33599078159227,15.89993829101874,EPSG:32616,10.0,10.0,11,float32,,"(1.0, 1.0, 1.0, 1.0, 1.0, 1.0, 1.0, 1.0, 1.0, 1.0, 1.0)","(0.0, 0.0, 0.0, 0.0, 0.0, 0.0, 0.0, 0.0, 0.0, 0.0, 0.0)",569800.0,1756700.0,572360.0,1759260.0,65536,177,65536,177,0,0,0,0,0,0,3991c1ab59a990d08ff6323badbd6c58ad484c10145262dc171393c2e246164c,a9525affca180828a9a2dbe36d409ab9db55f1dd7f8892b168a8a3750e55af02,f753029c43a57996aed9c678653aa0b44dba1e7b7515f940236ab8b4caca68a2,65359,2,0,0,0,0,0,175,0,0,0,0,0,0,0,0
1372,9-10-17_16PEC_42,9-10-17_16PEC,2017-10-09,16PEC,42,patches/S2_9-10-17_16PEC/S2_9-10-17_16PEC_42.tif,patches/S2_9-10-17_16PEC/S2_9-10-17_16PEC_42_cl.tif,patches/S2_9-10-17_16PEC/S2_9-10-17_16PEC_42_conf.tif,train,-86.31199848087176,15.923005457263367,EPSG:32616,10.0,10.0,11,float32,,"(1.0, 1.0, 1.0, 1.0, 1.0, 1.0, 1.0, 1.0, 1.0, 1.0, 1.0)","(0.0, 0.0, 0.0, 0.0, 0.0, 0.0, 0.0, 0.0, 0.0, 0.0, 0.0)",572360.0,1759260.0,574920.0,1761820.0,65536,13,65536,13,0,0,0,0,0,0,895b6f18ab74dfae2697d232497193f540213691c326a81bcaca51a1a57a5572,6dbfd6f262650c694a209d2f8db990dd2ddfdc725d68d4091196d59bcf2b294f,dac9f06896d9e4b095396c5793f5cc8d80df50cb33918809934355b4245fb98e,65523,4,0,0,0,0,0,9,0,0,0,0,0,0,0,0
1373,9-10-17_16PEC_43,9-10-17_16PEC,2017-10-09,16PEC,43,patches/S2_9-10-17_16PEC/S2_9-10-17_16PEC_43.tif,patches/S2_9-10-17_16PEC/S2_9-10-17_16PEC_43_cl.tif,patches/S2_9-10-17_16PEC/S2_9-10-17_16PEC_43_conf.tif,train,-86.26441843425563,15.853422348498244,EPSG:32616,10.0,10.0,11,float32,,"(1.0, 1.0, 1.0, 1.0, 1.0, 1.0, 1.0, 1.0, 1.0, 1.0, 1.0)","(0.0, 0.0, 0.0, 0.0, 0.0, 0.0, 0.0, 0.0, 0.0, 0.0, 0.0)",577480.0,1751580.0,580040.0,1754140.0,65536,9,65536,9,0,0,0,0,0,0,3f5737b07b87c34ad37dd12844bd1f9f27fc4cbf63851f79adfe8a6cb363ca48,ffc759965ecb2fcccb1e755da5d8dd6c1c1d5808b0f60033d570d90a035ddb6a,973abef8638756ce555b7bb29de845fdf5dac23a8e9e726a47d802cf4ef3a3ba,65527,2,0,0,0,0,0,7,0,0,0,0,0,0,0,0
1374,9-10-17_16PEC_44,9-10-17_16PEC,2017-10-09,16PEC,44,patches/S2_9-10-17_16PEC/S2_9-10-17_16PEC_44.tif,patches/S2_9-10-17_16PEC/S2_9-10-17_16PEC_44_cl.tif,patches/S2_9-10-17_16PEC/S2_9-10-17_16PEC_44_conf.tif,train,-86.19195464756437,16.038297053071684,EPSG:32616,10.0,10.0,11,float32,,"(1.0, 1.0, 1.0, 1.0, 1.0, 1.0, 1.0, 1.0, 1.0, 1.0, 1.0)","(0.0, 0.0, 0.0, 0.0, 0.0, 0.0, 0.0, 0.0, 0.0, 0.0, 0.0)",585160.0,1772060.0,587720.0,1774620.0,65536,901,65536,901,0,0,0,0,0,0,96c923dbfc370c82798ff6a5026e79309286ad95f6613d8d4ea4ebbd10b5d134,e754fd98b8e79a20e8f783bbcbe0516cd143d45ff7b50c4730c9ced414c79607,c442c86179d41a6b021d5ee5e756568cec98e3011320a5f1425db1ac6ba6122b,64635,0,0,0,0,0,0,901,0,0,0,0,0,0,0,0
1375,9-10-17_16PEC_45,9-10-17_16PEC,2017-10-09,16PEC,45,patches/S2_9-10-17_16PEC/S2_9-10-17_16PEC_45.tif,patches/S2_9-10-17_16PEC/S2_9-10-17_16PEC_45_cl.tif,patches/S2_9-10-17_16PEC/S2_9-10-17_16PEC_45_conf.tif,train,-86.14379935895114,16.107533469670035,EPSG:32616,10.0,10.0,11,float32,,"(1.0, 1.0, 1.0, 1.0, 1.0, 1.0, 1.0, 1.0, 1.0, 1.0, 1.0)","(0.0, 0.0, 0.0, 0.0, 0.0, 0.0, 0.0, 0.0, 0.0, 0.0, 0.0)",590280.0,1779740.0,592840.0,1782300.0,65536,147,65536,147,0,0,0,0,0,0,f79d7c3072a152a008276bd2e8db17bf071ccf14cbdfd31a8b0c501007bbf2c5,523770c106158d1301e7c98dfa954dfd61b3e692ec9188800b50653e5b6351ae,d902abffbd9a32e6e94d09e632ea2c4010c75c653fb5f179a9ddb6db0f535f2c,65389,0,0,0,0,0,20,121,0,0,0,0,0,6,0,0
1376,9-10-17_16PEC_5,9-10-17_16PEC,2017-10-09,16PEC,5,patches/S2_9-10-17_16PEC/S2_9-10-17_16PEC_5.tif,patches/S2_9-10-17_16PEC/S2_9-10-17_16PEC_5_cl.tif,patches/S2_9-10-17_16PEC/S2_9-10-17_16PEC_5_conf.tif,train,-86.81430375210833,15.877735056993394,EPSG:32616,10.0,10.0,11,float32,,"(1.0, 1.0, 1.0, 1.0, 1.0, 1.0, 1.0, 1.0, 1.0, 1.0, 1.0)","(0.0, 0.0, 0.0, 0.0, 0.0, 0.0, 0.0, 0.0, 0.0, 0.0, 0.0)",518600.0,1754140.0,521160.0,1756700.0,65536,304,65536,304,0,0,0,0,0,0,de08a4478e683a9c7c390c70b769c7e9f37ef5fc9ebb247b19b6dd8f22a42950,9504ddb810776d04fefb070bc8b3052ee14bb85f23585fa22fa1ec9be85d576e,ba35cd864bf54f0d04a5479be07c78479d39e542fe601e26051cd5b7d4bb1d37,65232,0,0,0,0,0,0,304,0,0,0,0,0,0,0,0
1377,9-10-17_16PEC_6,9-10-17_16PEC,2017-10-09,16PEC,6,patches/S2_9-10-17_16PEC/S2_9-10-17_16PEC_6.tif,patches/S2_9-10-17_16PEC/S2_9-10-17_16PEC_6_cl.tif,patches/S2_9-10-17_16PEC/S2_9-10-17_16PEC_6_conf.tif,train,-86.8143249377731,15.854591437222775,EPSG:32616,10.0,10.0,11,float32,,"(1.0, 1.0, 1.0, 1.0, 1.0, 1.0, 1.0, 1.0, 1.0, 1.0, 1.0)","(0.0, 0.0, 0.0, 0.0, 0.0, 0.0, 0.0, 0.0, 0.0, 0.0, 0.0)",518600.0,1751580.0,521160.0,1754140.0,65536,537,65536,537,0,0,0,0,0,0,fcfcfd35023437dec88b2311f75dd2749adf6066e5262a3bba311be8fcc8a3db,fdd65e1d1b54162e101397303bd1d6c41201bf28aed65671137358fceb675515,aefb3fda7e3e47b7ed54016cc0e03ef6572fe136cab614de9b34cc80c4d868a1,64999,0,0,0,0,0,0,537,0,0,0,0,0,0,0,0
1378,9-10-17_16PEC_7,9-10-17_16PEC,2017-10-09,16PEC,7,patches/S2_9-10-17_16PEC/S2_9-10-17_16PEC_7.tif,patches/S2_9-10-17_16PEC/S2_9-10-17_16PEC_7_cl.tif,patches/S2_9-10-17_16PEC/S2_9-10-17_16PEC_7_conf.tif,train,-86.81438828523807,15.785160281811983,EPSG:32616,10.0,10.0,11,float32,,"(1.0, 1.0, 1.0, 1.0, 1.0, 1.0, 1.0, 1.0, 1.0, 1.0, 1.0)","(0.0, 0.0, 0.0, 0.0, 0.0, 0.0, 0.0, 0.0, 0.0, 0.0, 0.0)",518600.0,1743900.0,521160.0,1746460.0,65536,4,65536,4,0,0,0,0,0,0,a8180b823d682a3cd2f17ab0904cdd2b5055416f63533ac15bc601f08c2a559f,7d85c20f6176dbedcce84dda61be20276b7ef1cb7c4f81a9720ed18dc322d1c9,e0c53ba69aa8a2e415633c2e55dc11a58ff6a31d36567ea69bd511c2537a61ce,65532,0,0,0,0,0,0,0,0,4,0,0,0,0,0,0
1379,9-10-17_16PEC_8,9-10-17_16PEC,2017-10-09,16PEC,8,patches/S2_9-10-17_16PEC/S2_9-10-17_16PEC_8.tif,patches/S2_9-10-17_16PEC/S2_9-10-17_16PEC_8_cl.tif,patches/S2_9-10-17_16PEC/S2_9-10-17_16PEC_8_conf.tif,train,-86.79022276343629,16.03971692991832,EPSG:32616,10.0,10.0,11,float32,,"(1.0, 1.0, 1.0, 1.0, 1.0, 1.0, 1.0, 1.0, 1.0, 1.0, 1.0)","(0.0, 0.0, 0.0, 0.0, 0.0, 0.0, 0.0, 0.0, 0.0, 0.0, 0.0)",521160.0,1772060.0,523720.0,1774620.0,65536,124,65536,124,0,0,0,0,0,0,bd6ecea551bdf802d4e2ff6a49f1d6b1a0c48f927d30cfec5b14c778e97c4344,b5bfc0af2c4152d8253f68cb3a479b24b631431dcfa2b26509d596fbabcc0325,9cfecc71b165925014b4bb68d06a4469e260a1b34257396eb0a52e348ba9bd5c,65412,0,0,0,0,0,7,0,0,0,0,0,0,117,0,0
1380,9-10-17_16PEC_9,9-10-17_16PEC,2017-10-09,16PEC,9,patches/S2_9-10-17_16PEC/S2_9-10-17_16PEC_9.tif,patches/S2_9-10-17_16PEC/S2_9-10-17_16PEC_9_cl.tif,patches/S2_9-10-17_16PEC/S2_9-10-17_16PEC_9_conf.tif,train,-86.79024695379856,16.016573691214262,EPSG:32616,10.0,10.0,11,float32,,"(1.0, 1.0, 1.0, 1.0, 1.0, 1.0, 1.0, 1.0, 1.0, 1.0, 1.0)","(0.0, 0.0, 0.0, 0.0, 0.0, 0.0, 0.0, 0.0, 0.0, 0.0, 0.0)",521160.0,1769500.0,523720.0,1772060.0,65536,2454,65536,2454,0,0,0,0,0,0,b426889f1f447099286f175695b9b04b732651534b3d32b698be7a6905180e94,dba5f5740cca00444acd3cd1c4b10d4b4c61c7c94212d28e88064ef5c73161a0,a871f29533521f6674ab51f80904acdf0cebfb5d45d7b6936eddd67d33a20508,63082,0,0,0,0,0,0,2454,0,0,0,0,0,0,0,0
