patch_index,patch_id,scene_id,date,tile,group,original_split,split,image_path,label_path,confidence_path,image_sha256
0,1-12-19_48MYU_0,1-12-19_48MYU,2019-12-01,48MYU,M000,train,train,patches/S2_1-12-19_48MYU/S2_1-12-19_48MYU_0.tif,patches/S2_1-12-19_48MYU/S2_1-12-19_48MYU_0_cl.tif,patches/S2_1-12-19_48MYU/S2_1-12-19_48MYU_0_conf.tif,3f5a17491e58014e0adaa68036008a7226c4dbba7fbf2c5a9d282bd2b0705f43
1,1-12-19_48MYU_1,1-12-19_48MYU,2019-12-01,48MYU,M000,train,train,patches/S2_1-12-19_48MYU/S2_1-12-19_48MYU_1.tif,patches/S2_1-12-19_48MYU/S2_1-12-19_48MYU_1_cl.tif,patches/S2_1-12-19_48MYU/S2_1-12-19_48MYU_1_conf.tif,41833a9ba5e8325cbab0745ad7c15b9553ae78b511cb8c5a95be948a15ca6f3f
2,1-12-19_48MYU_2,1-12-19_48MYU,2019-12-01,48MYU,M000,train,train,patches/S2_1-12-19_48MYU/S2_1-12-19_48MYU_2.tif,patches/S2_1-12-19_48MYU/S2_1-12-19_48MYU_2_cl.tif,patches/S2_1-12-19_48MYU/S2_1-12-19_48MYU_2_conf.tif,c3b5961c0455101885beca49c568200ac45c7093f534eb38f4c0376e2c9235b9
3,1-12-19_48MYU_3,1-12-19_48MYU,2019-12-01,48MYU,M000,train,train,patches/S2_1-12-19_48MYU/S2_1-12-19_48MYU_3.tif,patches/S2_1-12-19_48MYU/S2_1-12-19_48MYU_3_cl.tif,patches/S2_1-12-19_48MYU/S2_1-12-19_48MYU_3_conf.tif,e67e38e191c8845710d017e52b8e47a6ebcc193e5b300aa7c6d91edff4ccd9e7
4,11-1-19_19QDA_0,11-1-19_19QDA,2019-01-11,19QDA,M001,train,train,patches/S2_11-1-19_19QDA/S2_11-1-19_19QDA_0.tif,patches/S2_11-1-19_19QDA/S2_11-1-19_19QDA_0_cl.tif,patches/S2_11-1-19_19QDA/S2_11-1-19_19QDA_0_conf.tif,9117741b1bd6fba7ca851abc4e25ab0b75fb8577fd705eab215a371c91850d7c
5,11-1-19_19QDA_1,11-1-19_19QDA,2019-01-11,19QDA,M001,train,train,patches/S2_11-1-19_19QDA/S2_11-1-19_19QDA_1.tif,patches/S2_11-1-19_19QDA/S2_11-1-19_19QDA_1_cl.tif,patches/S2_11-1-19_19QDA/S2_11-1-19_19QDA_1_conf.tif,cda4626ab4c4927fe980b3a028874a2897850e91d865e99de5d8100a9e595e62
6,11-1-19_19QDA_2,11-1-19_19QDA,2019-01-11,19QDA,M001,train,train,patches/S2_11-1-19_19QDA/S2_11-1-19_19QDA_2.tif,patches/S2_11-1-19_19QDA/S2_11-1-19_19QDA_2_cl.tif,patches/S2_11-1-19_19QDA/S2_11-1-19_19QDA_2_conf.tif,a721383b58d0a8bc9fbf0fe5958711fef6b21e1de4b68702592b4050a68b6104
7,11-1-19_19QDA_3,11-1-19_19QDA,2019-01-11,19QDA,M001,train,train,patches/S2_11-1-19_19QDA/S2_11-1-19_19QDA_3.tif,patches/S2_11-1-19_19QDA/S2_11-1-19_19QDA_3_cl.tif,patches/S2_11-1-19_19QDA/S2_11-1-19_19QDA_3_conf.tif,bc762ee61d3763e1465c74463d08cb5e8e1d46efbff5a196a7a27ecbe662f292
8,11-1-19_19QDA_4,11-1-19_19QDA,2019-01-11,19QDA,M001,train,train,patches/S2_11-1-19_19QDA/S2_11-1-19_19QDA_4.tif,patches/S2_11-1-19_19QDA/S2_11-1-19_19QDA_4_cl.tif,patches/S2_11-1-19_19QDA/S2_11-1-19_19QDA_4_conf.tif,d85fc84fbb669f8faa4a4da1e55139223bb3783ab6c582217e856c96340cc5b5
9,11-6-18_16PCC_0,11-6-18_16PCC,2018-06-11,16PCC,M002,val,val,patches/S2_11-6-18_16PCC/S2_11-6-18_16PCC_0.tif,patches/S2_11-6-18_16PCC/S2_11-6-18_16PCC_0_cl.tif,patches/S2_11-6-18_16PCC/S2_11-6-18_16PCC_0_conf.tif,58a787b6551d7351da8aff2252adfe9cf238555d0e4a8b53b1b984f74b4d4aa8
10,11-6-18_16PCC_1,11-6-18_16PCC,2018-06-11,16PCC,M002,val,val,patches/S2_11-6-18_16PCC/S2_11-6-18_16PCC_1.tif,patches/S2_11-6-18_16PCC/S2_11-6-18_16PCC_1_cl.tif,patches/S2_11-6-18_16PCC/S2_11-6-18_16PCC_1_conf.tif,4610320fc35725eb2c358ab6e1392462dba00f05ef63e969bb482eaedc7a3e12
11,11-6-18_16PCC_10,11-6-18_16PCC,2018-06-11,16PCC,M002,val,val,patches/S2_11-6-18_16PCC/S2_11-6-18_16PCC_10.tif,patches/S2_11-6-18_16PCC/S2_11-6-18_16PCC_10_cl.tif,patches/S2_11-6-18_16PCC/S2_11-6-18_16PCC_10_conf.tif,da5a28bacba08a34e4499b936627477e891d07a569c75c54112703ba4c1005d3
12,11-6-18_16PCC_11,11-6-18_16PCC,2018-06-11,16PCC,M002,val,val,patches/S2_11-6-18_16PCC/S2_11-6-18_16PCC_11.tif,patches/S2_11-6-18_16PCC/S2_11-6-18_16PCC_11_cl.tif,patches/S2_11-6-18_16PCC/S2_11-6-18_16PCC_11_conf.tif,301839d39e6184c3cefa6cc05cbb6bd5158fde5f8d75e47e02fbe3ef0ed4450f
13,11-6-18_16PCC_12,11-6-18_16PCC,2018-06-11,16PCC,M002,val,val,patches/S2_11-6-18_16PCC/S2_11-6-18_16PCC_12.tif,patches/S2_11-6-18_16PCC/S2_11-6-18_16PCC_12_cl.tif,patches/S2_11-6-18_16PCC/S2_11-6-18_16PCC_12_conf.tif,29a0a7c85d72136c2b975100af5791a47273aac01be3858bd8197598b2e010bd
14,11-6-18_16PCC_13,11-6-18_16PCC,2018-06-11,16PCC,M002,val,val,patches/S2_11-6-18_16PCC/S2_11-6-18_16PCC_13.tif,patches/S2_11-6-18_16PCC/S2_11-6-18_16PCC_13_cl.tif,patches/S2_11-6-18_16PCC/S2_11-6-18_16PCC_13_conf.tif,6a794237f626eab461dfa2facd7ce6ed0fc337c4694867c1ee6855d8a1265d20
15,11-6-18_16PCC_14,11-6-18_16PCC,2018-06-11,16PCC,M002,val,val,patches/S2_11-6-18_16PCC/S2_11-6-18_16PCC_14.tif,patches/S2_11-6-18_16PCC/S2_11-6-18_16PCC_14_cl.tif,patches/S2_11-6-18_16PCC/S2_11-6-18_16PCC_14_conf.tif,e6ab71d17118725d7f233e02070f0ec996e4f3b2e389c64d1f72d513b73c6955
16,11-6-18_16PCC_15,11-6-18_16PCC,2018-06-11,16PCC,M002,val,val,patches/S2_11-6-18_16PCC/S2_11-6-18_16PCC_15.tif,patches/S2_11-6-18_16PCC/S2_11-6-18_16PCC_15_cl.tif,patches/S2_11-6-18_16PCC/S2_11-6-18_16PCC_15_conf.tif,7eb63a620dafa4857ebd8db42d5c4265ea3e0b0fd7206c75f6d2f29cf3d97ff1
17,11-6-18_16PCC_16,11-6-18_16PCC,2018-06-11,16PCC,M002,val,val,patches/S2_11-6-18_16PCC/S2_11-6-18_16PCC_16.tif,patches/S2_11-6-18_16PCC/S2_11-6-18_16PCC_16_cl.tif,patches/S2_11-6-18_16PCC/S2_11-6-18_16PCC_16_conf.tif,a53886f5f9494f9c98171b83de22b0d1dcd53149581995e533e467238b452688
18,11-6-18_16PCC_17,11-6-18_16PCC,2018-06-11,16PCC,M002,val,val,patches/S2_11-6-18_16PCC/S2_11-6-18_16PCC_17.tif,patches/S2_11-6-18_16PCC/S2_11-6-18_16PCC_17_cl.tif,patches/S2_11-6-18_16PCC/S2_11-6-18_16PCC_17_conf.tif,4469e0b6fc6b569100440f8c53f360fbd9ed827a9faf9f93812a1acca288c9bd
19,11-6-18_16PCC_18,11-6-18_16PCC,2018-06-11,16PCC,M002,val,val,patches/S2_11-6-18_16PCC/S2_11-6-18_16PCC_18.tif,patches/S2_11-6-18_16PCC/S2_11-6-18_16PCC_18_cl.tif,patches/S2_11-6-18_16PCC/S2_11-6-18_16PCC_18_conf.tif,4d066b5f5e2bf06691ca550af8b71facb4a86624370bf35c7ba5bee87a4a743d
20,11-6-18_16PCC_19,11-6-18_16PCC,2018-06-11,16PCC,M002,val,val,patches/S2_11-6-18_16PCC/S2_11-6-18_16PCC_19.tif,patches/S2_11-6-18_16PCC/S2_11-6-18_16PCC_19_cl.tif,patches/S2_11-6-18_16PCC/S2_11-6-18_16PCC_19_conf.tif,e2dda2d69364073e18db818ff719428beb954151e5d76422e666d77454f0221f
21,11-6-18_16PCC_2,11-6-18_16PCC,2018-06-11,16PCC,M002,val,val,patches/S2_11-6-18_16PCC/S2_11-6-18_16PCC_2.tif,patches/S2_11-6-18_16PCC/S2_11-6-18_16PCC_2_cl.tif,patches/S2_11-6-18_16PCC/S2_11-6-18_16PCC_2_conf.tif,f5732beb237bc5cb1e812e544d0d716bb72d095a057506539d0d7f938a894926
22,11-6-18_16PCC_20,11-6-18_16PCC,2018-06-11,16PCC,M002,val,val,patches/S2_11-6-18_16PCC/S2_11-6-18_16PCC_20.tif,patches/S2_11-6-18_16PCC/S2_11-6-18_16PCC_20_cl.tif,patches/S2_11-6-18_16PCC/S2_11-6-18_16PCC_20_conf.tif,cdb6aa247526d68325755a54f03e43c160bbdcbe67d81576bff7ef5901f12e96
23,11-6-18_16PCC_21,11-6-18_16PCC,2018-06-11,16PCC,M002,val,val,patches/S2_11-6-18_16PCC/S2_11-6-18_16PCC_21.tif,patches/S2_11-6-18_16PCC/S2_11-6-18_16PCC_21_cl.tif,patches/S2_11-6-18_16PCC/S2_11-6-18_16PCC_21_conf.tif,8cd002a2fd309fd4622616819c3491e2c81179e9183647c2b63aadcf4653f200
24,11-6-18_16PCC_22,11-6-18_16PCC,2018-06-11,16PCC,M002,val,val,patches/S2_11-6-18_16PCC/S2_11-6-18_16PCC_22.tif,patches/S2_11-6-18_16PCC/S2_11-6-18_16PCC_22_cl.tif,patches/S2_11-6-18_16PCC/S2_11-6-18_16PCC_22_conf.tif,f2ec470b3addc701f9701232fa3155d34dc46e359190bf253dd82c620ed1b3f2
25,11-6-18_16PCC_23,11-6-18_16PCC,2018-06-11,16PCC,M002,val,val,patches/S2_11-6-18_16PCC/S2_11-6-18_16PCC_23.tif,patches/S2_11-6-18_16PCC/S2_11-6-18_16PCC_23_cl.tif,patches/S2_11-6-18_16PCC/S2_11-6-18_16PCC_23_conf.tif,eb575f0295c3bf8ad95b879e3bf8f599dd908e2768339fa97a4b8bc6882a32a5
26,11-6-18_16PCC_24,11-6-18_16PCC,2018-06-11,16PCC,M002,val,val,patches/S2_11-6-18_16PCC/S2_11-6-18_16PCC_24.tif,patches/S2_11-6-18_16PCC/S2_11-6-18_16PCC_24_cl.tif,patches/S2_11-6-18_16PCC/S2_11-6-18_16PCC_24_conf.tif,2d50cb52f696188882cb7ffd157267c96276956fcfe754e9ab4156224623eb55
27,11-6-18_16PCC_25,11-6-18_16PCC,2018-06-11,16PCC,M002,val,val,patches/S2_11-6-18_16PCC/S2_11-6-18_16PCC_25.tif,patches/S2_11-6-18_16PCC/S2_11-6-18_16PCC_25_cl.tif,patches/S2_11-6-18_16PCC/S2_11-6-18_16PCC_25_conf.tif,3518f52507890e1468e2b628984a89e0decdfc71a561a8ad9c8140752caa9201
28,11-6-18_16PCC_26,11-6-18_16PCC,2018-06-11,16PCC,M002,val,val,patches/S2_11-6-18_16PCC/S2_11-6-18_16PCC_26.tif,patches/S2_11-6-18_16PCC/S2_11-6-18_16PCC_26_cl.tif,patches/S2_11-6-18_16PCC/S2_11-6-18_16PCC_26_conf.tif,6f30c8a720ebc5085b9801f5ba65dd62b46b9de70a95d1f90ce3694faabc3ee9
29,11-6-18_16PCC_27,11-6-18_16PCC,2018-06-11,16PCC,M002,val,val,patches/S2_11-6-18_16PCC/S2_11-6-18_16PCC_27.tif,patches/S2_11-6-18_16PCC/S2_11-6-18_16PCC_27_cl.tif,patches/S2_11-6-18_16PCC/S2_11-6-18_16PCC_27_conf.tif,21f043825f5fec37260cb34fbd0930618545cf2f2a6140be292ebd75f136f330
30,11-6-18_16PCC_28,11-6-18_16PCC,2018-06-11,16PCC,M002,val,val,patches/S2_11-6-18_16PCC/S2_11-6-18_16PCC_28.tif,patches/S2_11-6-18_16PCC/S2_11-6-18_16PCC_28_cl.tif,patches/S2_11-6-18_16PCC/S2_11-6-18_16PCC_28_conf.tif,8001ac0e79ecd89776b05a468733c953e6cd99e34dcc7c169b21fb29303d2ac9
31,11-6-18_16PCC_29,11-6-18_16PCC,2018-06-11,16PCC,M002,val,val,patches/S2_11-6-18_16PCC/S2_11-6-18_16PCC_29.tif,patches/S2_11-6-18_16PCC/S2_11-6-18_16PCC_29_cl.tif,patches/S2_11-6-18_16PCC/S2_11-6-18_16PCC_29_conf.tif,307fdf87c9bc7a44f652cba950705948dbf67497129fcbc995c910b4a858d03b
32,11-6-18_16PCC_3,11-6-18_16PCC,2018-06-11,16PCC,M002,val,val,patches/S2_11-6-18_16PCC/S2_11-6-18_16PCC_3.tif,patches/S2_11-6-18_16PCC/S2_11-6-18_16PCC_3_cl.tif,patches/S2_11-6-18_16PCC/S2_11-6-18_16PCC_3_conf.tif,ba4349db89fd4524f7aac990ed57b8d61cee1015783dc3b5a3fc8a121a977f9d
33,11-6-18_16PCC_30,11-6-18_16PCC,2018-06-11,16PCC,M002,val,val,patches/S2_11-6-18_16PCC/S2_11-6-18_16PCC_30.tif,patches/S2_11-6-18_16PCC/S2_11-6-18_16PCC_30_cl.tif,patches/S2_11-6-18_16PCC/S2_11-6-18_16PCC_30_conf.tif,7750f37f4eb74530803bcafecb56e27df85ac3ab2f6f556d0321514171e543bc
34,11-6-18_16PCC_31,11-6-18_16PCC,2018-06-11,16PCC,M002,val,val,patches/S2_11-6-18_16PCC/S2_11-6-18_16PCC_31.tif,patches/S2_11-6-18_16PCC/S2_11-6-18_16PCC_31_cl.tif,patches/S2_11-6-18_16PCC/S2_11-6-18_16PCC_31_conf.tif,e2117afe56189b5bbde383ba2c5804a2e6e75e7be5e0805913584971b0f08b9c
35,11-6-18_16PCC_32,11-6-18_16PCC,2018-06-11,16PCC,M002,val,val,patches/S2_11-6-18_16PCC/S2_11-6-18_16PCC_32.tif,patches/S2_11-6-18_16PCC/S2_11-6-18_16PCC_32_cl.tif,patches/S2_11-6-18_16PCC/S2_11-6-18_16PCC_32_conf.tif,4bae1485b990c7862bc6c1075459bd4ca78a08f19b9e711b9e005d811c0e8bbb
36,11-6-18_16PCC_33,11-6-18_16PCC,2018-06-11,16PCC,M002,val,val,patches/S2_11-6-18_16PCC/S2_11-6-18_16PCC_33.tif,patches/S2_11-6-18_16PCC/S2_11-6-18_16PCC_33_cl.tif,patches/S2_11-6-18_16PCC/S2_11-6-18_16PCC_33_conf.tif,7f1063882e5e44331084f8879b9b558bcadb6162771d5a63af7a29f656971f19
37,11-6-18_16PCC_34,11-6-18_16PCC,2018-06-11,16PCC,M002,val,val,patches/S2_11-6-18_16PCC/S2_11-6-18_16PCC_34.tif,patches/S2_11-6-18_16PCC/S2_11-6-18_16PCC_34_cl.tif,patches/S2_11-6-18_16PCC/S2_11-6-18_16PCC_34_conf.tif,95c9bd21d102feb9f6405adc222d04903e24e921f57e3f8686dd17e823758075
38,11-6-18_16PCC_35,11-6-18_16PCC,2018-06-11,16PCC,M002,val,val,patches/S2_11-6-18_16PCC/S2_11-6-18_16PCC_35.tif,patches/S2_11-6-18_16PCC/S2_11-6-18_16PCC_35_cl.tif,patches/S2_11-6-18_16PCC/S2_11-6-18_16PCC_35_conf.tif,3c9849daaaeeb78060d002844bcc666cc6ddafe08abbda6ada1aed3194cb39b7
39,11-6-18_16PCC_36,11-6-18_16PCC,2018-06-11,16PCC,M002,val,val,patches/S2_11-6-18_16PCC/S2_11-6-18_16PCC_36.tif,patches/S2_11-6-18_16PCC/S2_11-6-18_16PCC_36_cl.tif,patches/S2_11-6-18_16PCC/S2_11-6-18_16PCC_36_conf.tif,463b13416ac14ad1f144080411dc7f7b432cdcb18fcd998551055840343192e5
40,11-6-18_16PCC_37,11-6-18_16PCC,2018-06-11,16PCC,M002,val,val,patches/S2_11-6-18_16PCC/S2_11-6-18_16PCC_37.tif,patches/S2_11-6-18_16PCC/S2_11-6-18_16PCC_37_cl.tif,patches/S2_11-6-18_16PCC/S2_11-6-18_16PCC_37_conf.tif,320073b8d0107b5a3038ad7ff81f36d35d2716268cddf52ce87773824041aac7
41,11-6-18_16PCC_38,11-6-18_16PCC,2018-06-11,16PCC,M002,val,val,patches/S2_11-6-18_16PCC/S2_11-6-18_16PCC_38.tif,patches/S2_11-6-18_16PCC/S2_11-6-18_16PCC_38_cl.tif,patches/S2_11-6-18_16PCC/S2_11-6-18_16PCC_38_conf.tif,0d2dc9b35a05cc98b9ea2ce8fee38a7e45824e5cee756bee47c271126c9fab2c
42,11-6-18_16PCC_39,11-6-18_16PCC,2018-06-11,16PCC,M002,val,val,patches/S2_11-6-18_16PCC/S2_11-6-18_16PCC_39.tif,patches/S2_11-6-18_16PCC/S2_11-6-18_16PCC_39_cl.tif,patches/S2_11-6-18_16PCC/S2_11-6-18_16PCC_39_conf.tif,e26a363ee1dd446bfefe4f129f8c390024d3d79960d0365af41aaa92cf8d695c
43,11-6-18_16PCC_4,11-6-18_16PCC,2018-06-11,16PCC,M002,val,val,patches/S2_11-6-18_16PCC/S2_11-6-18_16PCC_4.tif,patches/S2_11-6-18_16PCC/S2_11-6-18_16PCC_4_cl.tif,patches/S2_11-6-18_16PCC/S2_11-6-18_16PCC_4_conf.tif,9ac8da1d5c489785090587ec89427512922b8d53bcf8cf1660de5d6448e4e43e
44,11-6-18_16PCC_40,11-6-18_16PCC,2018-06-11,16PCC,M002,val,val,patches/S2_11-6-18_16PCC/S2_11-6-18_16PCC_40.tif,patches/S2_11-6-18_16PCC/S2_11-6-18_16PCC_40_cl.tif,patches/S2_11-6-18_16PCC/S2_11-6-18_16PCC_40_conf.tif,2f197e410b8b5bcb856def05c1372252b1bfda46925a7d72318f99c15dc6060d
45,11-6-18_16PCC_41,11-6-18_16PCC,2018-06-11,16PCC,M002,val,val,patches/S2_11-6-18_16PCC/S2_11-6-18_16PCC_41.tif,patches/S2_11-6-18_16PCC/S2_11-6-18_16PCC_41_cl.tif,patches/S2_11-6-18_16PCC/S2_11-6-18_16PCC_41_conf.tif,b062b5d18c5c8179b96186fddb9618a14c3ad5fef2e57e6d3e23028b87364c3d
46,11-6-18_16PCC_42,11-6-18_16PCC,2018-06-11,16PCC,M002,val,val,patches/S2_11-6-18_16PCC/S2_11-6-18_16PCC_42.tif,patches/S2_11-6-18_16PCC/S2_11-6-18_16PCC_42_cl.tif,patches/S2_11-6-18_16PCC/S2_11-6-18_16PCC_42_conf.tif,14e4a684bf5f173812ac91b80da397187b06475d368bb6f15525752ee363f1f5
47,11-6-18_16PCC_43,11-6-18_16PCC,2018-06-11,16PCC,M002,val,val,patches/S2_11-6-18_16PCC/S2_11-6-18_16PCC_43.tif,patches/S2_11-6-18_16PCC/S2_11-6-18_16PCC_43_cl.tif,patches/S2_11-6-18_16PCC/S2_11-6-18_16PCC_43_conf.tif,f21a502e1fd1cebac65fdac4ac1d3265c8b470804d3e755bbd21585cc5324201
48,11-6-18_16PCC_44,11-6-18_16PCC,2018-06-11,16PCC,M002,val,val,patches/S2_11-6-18_16PCC/S2_11-6-18_16PCC_44.tif,patches/S2_11-6-18_16PCC/S2_11-6-18_16PCC_44_cl.tif,patches/S2_11-6-18_16PCC/S2_11-6-18_16PCC_44_conf.tif,bc304fd4c731fcbd43cf97addf2aa3f68cc0751b0d027e34b5498a3b0ad1d22a
49,11-6-18_16PCC_45,11-6-18_16PCC,2018-06-11,16PCC,M002,val,val,patches/S2_11-6-18_16PCC/S2_11-6-18_16PCC_45.tif,patches/S2_11-6-18_16PCC/S2_11-6-18_16PCC_45_cl.tif,patches/S2_11-6-18_16PCC/S2_11-6-18_16PCC_45_conf.tif,6f4ccf6e06931c0d51b597d78f50e7a305d8dc359b780444df035b95ac638289
50,11-6-18_16PCC_46,11-6-18_16PCC,2018-06-11,16PCC,M002,val,val,patches/S2_11-6-18_16PCC/S2_11-6-18_16PCC_46.tif,patches/S2_11-6-18_16PCC/S2_11-6-18_16PCC_46_cl.tif,patches/S2_11-6-18_16PCC/S2_11-6-18_16PCC_46_conf.tif,47d25ee0bfb8f2b205291a383fc8edad6c3f8850c413d69ab37c8e0ea48a597e
51,11-6-18_16PCC_47,11-6-18_16PCC,2018-06-11,16PCC,M002,val,val,patches/S2_11-6-18_16PCC/S2_11-6-18_16PCC_47.tif,patches/S2_11-6-18_16PCC/S2_11-6-18_16PCC_47_cl.tif,patches/S2_11-6-18_16PCC/S2_11-6-18_16PCC_47_conf.tif,fd665343ea62df292eed9a95e69989afbc19752d281731d70425e02c53425c60
52,11-6-18_16PCC_48,11-6-18_16PCC,2018-06-11,16PCC,M002,val,val,patches/S2_11-6-18_16PCC/S2_11-6-18_16PCC_48.tif,patches/S2_11-6-18_16PCC/S2_11-6-18_16PCC_48_cl.tif,patches/S2_11-6-18_16PCC/S2_11-6-18_16PCC_48_conf.tif,1ebd9a6cd9ba1a81f47f2470583c5ccf4bfa371a9fd1be6d2635c958f0998b40
53,11-6-18_16PCC_49,11-6-18_16PCC,2018-06-11,16PCC,M002,val,val,patches/S2_11-6-18_16PCC/S2_11-6-18_16PCC_49.tif,patches/S2_11-6-18_16PCC/S2_11-6-18_16PCC_49_cl.tif,patches/S2_11-6-18_16PCC/S2_11-6-18_16PCC_49_conf.tif,7db84834a74ccf89ffb570396181554238b0613f715a9e2e42de2a9018e2bcff
54,11-6-18_16PCC_5,11-6-18_16PCC,2018-06-11,16PCC,M002,val,val,patches/S2_11-6-18_16PCC/S2_11-6-18_16PCC_5.tif,patches/S2_11-6-18_16PCC/S2_11-6-18_16PCC_5_cl.tif,patches/S2_11-6-18_16PCC/S2_11-6-18_16PCC_5_conf.tif,4c7adc28a52358c0b377f08296d18d160edc67458b1d1c382d83f045197870dc
55,11-6-18_16PCC_50,11-6-18_16PCC,2018-06-11,16PCC,M002,val,val,patches/S2_11-6-18_16PCC/S2_11-6-18_16PCC_50.tif,patches/S2_11-6-18_16PCC/S2_11-6-18_16PCC_50_cl.tif,patches/S2_11-6-18_16PCC/S2_11-6-18_16PCC_50_conf.tif,c130209ea710d0748710b9c14c308519f772f162e154aac0d796798ca580e539
56,11-6-18_16PCC_51,11-6-18_16PCC,2018-06-11,16PCC,M002,val,val,patches/S2_11-6-18_16PCC/S2_11-6-18_16PCC_51.tif,patches/S2_11-6-18_16PCC/S2_11-6-18_16PCC_51_cl.tif,patches/S2_11-6-18_16PCC/S2_11-6-18_16PCC_51_conf.tif,b30d377acf01aef9bff8da821fc5cbfe46c1b3f8f26c3ce23dec4a683647c3f2
57,11-6-18_16PCC_52,11-6-18_16PCC,2018-06-11,16PCC,M002,val,val,patches/S2_11-6-18_16PCC/S2_11-6-18_16PCC_52.tif,patches/S2_11-6-18_16PCC/S2_11-6-18_16PCC_52_cl.tif,patches/S2_11-6-18_16PCC/S2_11-6-18_16PCC_52_conf.tif,cbbf9b1d06e57f80a98dae7c2f1ef36fb083bff48cb5b124943ebc87ec741d17
58,11-6-18_16PCC_6,11-6-18_16PCC,2018-06-11,16PCC,M002,val,val,patches/S2_11-6-18_16PCC/S2_11-6-18_16PCC_6.tif,patches/S2_11-6-18_16PCC/S2_11-6-18_16PCC_6_cl.tif,patches/S2_11-6-18_16PCC/S2_11-6-18_16PCC_6_conf.tif,a51ba4a1705530e58bf8b361e283e212f83aa6353a0e90163298927c45623856
59,11-6-18_16PCC_7,11-6-18_16PCC,2018-06-11,16PCC,M002,val,val,patches/S2_11-6-18_16PCC/S2_11-6-18_16PCC_7.tif,patches/S2_11-6-18_16PCC/S2_11-6-18_16PCC_7_cl.tif,patches/S2_11-6-18_16PCC/S2_11-6-18_16PCC_7_conf.tif,ef6787fe546dd4abdeaa29a5cfbddcecd03d5ca03793c8659b11865846eaa813
60,11-6-18_16PCC_8,11-6-18_16PCC,2018-06-11,16PCC,M002,val,val,patches/S2_11-6-18_16PCC/S2_11-6-18_16PCC_8.tif,patches/S2_11-6-18_16PCC/S2_11-6-18_16PCC_8_cl.tif,patches/S2_11-6-18_16PCC/S2_11-6-18_16PCC_8_conf.tif,97aa1720b117359363ce14716f77efb0b29c9353d1160ae1037c6623cdd7ce86
61,11-6-18_16PCC_9,11-6-18_16PCC,2018-06-11,16PCC,M002,val,val,patches/S2_11-6-18_16PCC/S2_11-6-18_16PCC_9.tif,patches/S2_11-6-18_16PCC/S2_11-6-18_16PCC_9_cl.tif,patches/S2_11-6-18_16PCC/S2_11-6-18_16PCC_9_conf.tif,4161bf6de770270204aecebec0036cd501b73585ae9889cfbe001dc024a12736
62,12-1-17_16PCC_0,12-1-17_16PCC,2017-01-12,16PCC,M003,train,train,patches/S2_12-1-17_16PCC/S2_12-1-17_16PCC_0.tif,patches/S2_12-1-17_16PCC/S2_12-1-17_16PCC_0_cl.tif,patches/S2_12-1-17_16PCC/S2_12-1-17_16PCC_0_conf.tif,08130e1051f4da1e68e0ea1d031f320e2233a0092edada0fb4e1b78fa66db772
63,12-1-17_16PCC_1,12-1-17_16PCC,2017-01-12,16PCC,M003,train,train,patches/S2_12-1-17_16PCC/S2_12-1-17_16PCC_1.tif,patches/S2_12-1-17_16PCC/S2_12-1-17_16PCC_1_cl.tif,patches/S2_12-1-17_16PCC/S2_12-1-17_16PCC_1_conf.tif,130c150fd85597cf1ef1c83e007c6bc6cf332d0b9d23701cd322eb5eea9bc039
64,12-1-17_16PCC_10,12-1-17_16PCC,2017-01-12,16PCC,M003,train,train,patches/S2_12-1-17_16PCC/S2_12-1-17_16PCC_10.tif,patches/S2_12-1-17_16PCC/S2_12-1-17_16PCC_10_cl.tif,patches/S2_12-1-17_16PCC/S2_12-1-17_16PCC_10_conf.tif,03e1739bd37c63f91c26365c1ffa5fb509fb7106a71e2bda52d75443ea0d8224
65,12-1-17_16PCC_11,12-1-17_16PCC,2017-01-12,16PCC,M003,train,train,patches/S2_12-1-17_16PCC/S2_12-1-17_16PCC_11.tif,patches/S2_12-1-17_16PCC/S2_12-1-17_16PCC_11_cl.tif,patches/S2_12-1-17_16PCC/S2_12-1-17_16PCC_11_conf.tif,609ab3979191d1e86287422a4c61e916545c679a2f8ad2f55171159314c749b2
66,12-1-17_16PCC_12,12-1-17_16PCC,2017-01-12,16PCC,M003,train,train,patches/S2_12-1-17_16PCC/S2_12-1-17_16PCC_12.tif,patches/S2_12-1-17_16PCC/S2_12-1-17_16PCC_12_cl.tif,patches/S2_12-1-17_16PCC/S2_12-1-17_16PCC_12_conf.tif,b284ec495bf49d233e8ea3bd172f671bba33128934b228675a6acfc004eaf366
67,12-1-17_16PCC_13,12-1-17_16PCC,2017-01-12,16PCC,M003,train,train,patches/S2_12-1-17_16PCC/S2_12-1-17_16PCC_13.tif,patches/S2_12-1-17_16PCC/S2_12-1-17_16PCC_13_cl.tif,patches/S2_12-1-17_16PCC/S2_12-1-17_16PCC_13_conf.tif,25ea6df1a620e06b7202420ddbae97a9cb48770b3136a9d06ba146ed1fe47c8e
68,12-1-17_16PCC_14,12-1-17_16PCC,2017-01-12,16PCC,M003,train,train,patches/S2_12-1-17_16PCC/S2_12-1-17_16PCC_14.tif,patches/S2_12-1-17_16PCC/S2_12-1-17_16PCC_14_cl.tif,patches/S2_12-1-17_16PCC/S2_12-1-17_16PCC_14_conf.tif,b43a1535ba981836d35def67583b79034fef5996dd22f594c20a38c4d3645588
69,12-1-17_16PCC_15,12-1-17_16PCC,2017-01-12,16PCC,M003,train,train,patches/S2_12-1-17_16PCC/S2_12-1-17_16PCC_15.tif,patches/S2_12-1-17_16PCC/S2_12-1-17_16PCC_15_cl.tif,patches/S2_12-1-17_16PCC/S2_12-1-17_16PCC_15_conf.tif,06dd2556648b385698f751025a4cac8d40eb231a809ac014baf798c36a2d7938
70,12-1-17_16PCC_16,12-1-17_16PCC,2017-01-12,16PCC,M003,train,train,patches/S2_12-1-17_16PCC/S2_12-1-17_16PCC_16.tif,patches/S2_12-1-17_16PCC/S2_12-1-17_16PCC_16_cl.tif,patches/S2_12-1-17_16PCC/S2_12-1-17_16PCC_16_conf.tif,5fe778cb7208de651793f37416fe8c61216639a0b5c6b8f3bfa995ee6cfec36a
71,12-1-17_16PCC_17,12-1-17_16PCC,2017-01-12,16PCC,M003,train,train,patches/S2_12-1-17_16PCC/S2_12-1-17_16PCC_17.tif,patches/S2_12-1-17_16PCC/S2_12-1-17_16PCC_17_cl.tif,patches/S2_12-1-17_16PCC/S2_12-1-17_16PCC_17_conf.tif,1c42862ba8ccc279db31619a5f7216031e121b103a95a84a542e51de0452458e
72,12-1-17_16PCC_18,12-1-17_16PCC,2017-01-12,16PCC,M003,train,train,patches/S2_12-1-17_16PCC/S2_12-1-17_16PCC_18.tif,patches/S2_12-1-17_16PCC/S2_12-1-17_16PCC_18_cl.tif,patches/S2_12-1-17_16PCC/S2_12-1-17_16PCC_18_conf.tif,b304945bc959b4d4d8debf568945b679fc391522eb50120bee379a47d6d5d75d
73,12-1-17_16PCC_19,12-1-17_16PCC,2017-01-12,16PCC,M003,train,train,patches/S2_12-1-17_16PCC/S2_12-1-17_16PCC_19.tif,patches/S2_12-1-17_16PCC/S2_12-1-17_16PCC_19_cl.tif,patches/S2_12-1-17_16PCC/S2_12-1-17_16PCC_19_conf.tif,4194eea3272fbabd52509a1aea4fe34ceb88f7dcc8a102930fc2798b050be273
74,12-1-17_16PCC_2,12-1-17_16PCC,2017-01-12,16PCC,M003,train,train,patches/S2_12-1-17_16PCC/S2_12-1-17_16PCC_2.tif,patches/S2_12-1-17_16PCC/S2_12-1-17_16PCC_2_cl.tif,patches/S2_12-1-17_16PCC/S2_12-1-17_16PCC_2_conf.tif,083b8c3c16557ccb2616b647019c294aeddb43428552131fd9a350486429d6bc
75,12-1-17_16PCC_20,12-1-17_16PCC,2017-01-12,16PCC,M003,train,train,patches/S2_12-1-17_16PCC/S2_12-1-17_16PCC_20.tif,patches/S2_12-1-17_16PCC/S2_12-1-17_16PCC_20_cl.tif,patches/S2_12-1-17_16PCC/S2_12-1-17_16PCC_20_conf.tif,8c8db3b390ee888ecfde28befe89b37af4c004c9b45cb1b793e22bcb445e395f
76,12-1-17_16PCC_21,12-1-17_16PCC,2017-01-12,16PCC,M003,train,train,patches/S2_12-1-17_16PCC/S2_12-1-17_16PCC_21.tif,patches/S2_12-1-17_16PCC/S2_12-1-17_16PCC_21_cl.tif,patches/S2_12-1-17_16PCC/S2_12-1-17_16PCC_21_conf.tif,f2c1a4e964521c12abea16aa2f0fa97b48741389bdc3d96ccda94c842c96e4ac
77,12-1-17_16PCC_22,12-1-17_16PCC,2017-01-12,16PCC,M003,train,train,patches/S2_12-1-17_16PCC/S2_12-1-17_16PCC_22.tif,patches/S2_12-1-17_16PCC/S2_12-1-17_16PCC_22_cl.tif,patches/S2_12-1-17_16PCC/S2_12-1-17_16PCC_22_conf.tif,b79a9cd0801bafc8f0536c1f89ed6af55fc6668afd1d9aff35ed4d9e15826066
78,12-1-17_16PCC_23,12-1-17_16PCC,2017-01-12,16PCC,M003,train,train,patches/S2_12-1-17_16PCC/S2_12-1-17_16PCC_23.tif,patches/S2_12-1-17_16PCC/S2_12-1-17_16PCC_23_cl.tif,patches/S2_12-1-17_16PCC/S2_12-1-17_16PCC_23_conf.tif,72fc0f1794fa8467aeebb62ef439347c7a42bd8e532c03b7eb3f5cd89e9f0871
79,12-1-17_16PCC_24,12-1-17_16PCC,2017-01-12,16PCC,M003,train,train,patches/S2_12-1-17_16PCC/S2_12-1-17_16PCC_24.tif,patches/S2_12-1-17_16PCC/S2_12-1-17_16PCC_24_cl.tif,patches/S2_12-1-17_16PCC/S2_12-1-17_16PCC_24_conf.tif,489bb7d4cee96a2a9aa68b51c59ba6da103397abd064c7e6779631fa9af38627
80,12-1-17_16PCC_25,12-1-17_16PCC,2017-01-12,16PCC,M003,train,train,patches/S2_12-1-17_16PCC/S2_12-1-17_16PCC_25.tif,patches/S2_12-1-17_16PCC/S2_12-1-17_16PCC_25_cl.tif,patches/S2_12-1-17_16PCC/S2_12-1-17_16PCC_25_conf.tif,f9457257188223079674b5074bd00ee809ae0b7163ce8732761b607d720c5d2d
81,12-1-17_16PCC_26,12-1-17_16PCC,2017-01-12,16PCC,M003,train,train,patches/S2_12-1-17_16PCC/S2_12-1-17_16PCC_26.tif,patches/S2_12-1-17_16PCC/S2_12-1-17_16PCC_26_cl.tif,patches/S2_12-1-17_16PCC/S2_12-1-17_16PCC_26_conf.tif,6e24a61d8f39e521a39d5ff73096e682cdbe929b727cfc86bdb4c5fcb0ac3ca6
82,12-1-17_16PCC_27,12-1-17_16PCC,2017-01-12,16PCC,M003,train,train,patches/S2_12-1-17_16PCC/S2_12-1-17_16PCC_27.tif,patches/S2_12-1-17_16PCC/S2_12-1-17_16PCC_27_cl.tif,patches/S2_12-1-17_16PCC/S2_12-1-17_16PCC_27_conf.tif,2743ce18a76e0ae0b56b628308f0c1ac27ecf67c11fc337c952d9f1f1fb8bc14
83,12-1-17_16PCC_3,12-1-17_16PCC,2017-01-12,16PCC,M003,train,train,patches/S2_12-1-17_16PCC/S2_12-1-17_16PCC_3.tif,patches/S2_12-1-17_16PCC/S2_12-1-17_16PCC_3_cl.tif,patches/S2_12-1-17_16PCC/S2_12-1-17_16PCC_3_conf.tif,164e9c7f2581da3e237e6142c77f07b1864211447324298671afc5bf901d3426
84,12-1-17_16PCC_4,12-1-17_16PCC,2017-01-12,16PCC,M003,train,train,patches/S2_12-1-17_16PCC/S2_12-1-17_16PCC_4.tif,patches/S2_12-1-17_16PCC/S2_12-1-17_16PCC_4_cl.tif,patches/S2_12-1-17_16PCC/S2_12-1-17_16PCC_4_conf.tif,a15aa3df0249f3dc839a16f61b856dd36181cfdaa4da855479f5d3443d2a0335
85,12-1-17_16PCC_5,12-1-17_16PCC,2017-01-12,16PCC,M003,train,train,patches/S2_12-1-17_16PCC/S2_12-1-17_16PCC_5.tif,patches/S2_12-1-17_16PCC/S2_12-1-17_16PCC_5_cl.tif,patches/S2_12-1-17_16PCC/S2_12-1-17_16PCC_5_conf.tif,922e0472bca65610f727b8a20164e4d024879d119ef810dd322cbe1b4395a3b1
86,12-1-17_16PCC_6,12-1-17_16PCC,2017-01-12,16PCC,M003,train,train,patches/S2_12-1-17_16PCC/S2_12-1-17_16PCC_6.tif,patches/S2_12-1-17_16PCC/S2_12-1-17_16PCC_6_cl.tif,patches/S2_12-1-17_16PCC/S2_12-1-17_16PCC_6_conf.tif,55ea3955b38709c4f2b187f1de658b9bbc0727939736cf9e62b42733796d9442
87,12-1-17_16PCC_7,12-1-17_16PCC,2017-01-12,16PCC,M003,train,train,patches/S2_12-1-17_16PCC/S2_12-1-17_16PCC_7.tif,patches/S2_12-1-17_16PCC/S2_12-1-17_16PCC_7_cl.tif,patches/S2_12-1-17_16PCC/S2_12-1-17_16PCC_7_conf.tif,58cf57be100989f3026454f196e1a90da11659eeb49686a3f3eebf5129f147e8
88,12-1-17_16PCC_8,12-1-17_16PCC,2017-01-12,16PCC,M003,train,train,patches/S2_12-1-17_16PCC/S2_12-1-17_16PCC_8.tif,patches/S2_12-1-17_16PCC/S2_12-1-17_16PCC_8_cl.tif,patches/S2_12-1-17_16PCC/S2_12-1-17_16PCC_8_conf.tif,9d01f818922eddcb955f2ce2cb51120da226f66bb40f43e377b9226a8d27925c
89,12-1-17_16PCC_9,12-1-17_16PCC,2017-01-12,16PCC,M003,train,train,patches/S2_12-1-17_16PCC/S2_12-1-17_16PCC_9.tif,patches/S2_12-1-17_16PCC/S2_12-1-17_16PCC_9_cl.tif,patches/S2_12-1-17_16PCC/S2_12-1-17_16PCC_9_conf.tif,6cd206d4dba004c219d9305417f9579cddaf261fce2c3f8c3e0fe9f4d421e052
90,12-1-17_16PEC_0,12-1-17_16PEC,2017-01-12,16PEC,M004,val,val,patches/S2_12-1-17_16PEC/S2_12-1-17_16PEC_0.tif,patches/S2_12-1-17_16PEC/S2_12-1-17_16PEC_0_cl.tif,patches/S2_12-1-17_16PEC/S2_12-1-17_16PEC_0_conf.tif,faf75ff42d5547fff3c6cb980831919bd72d6c7dcd0c623aba04413011dc88d0
91,12-1-17_16PEC_1,12-1-17_16PEC,2017-01-12,16PEC,M004,val,val,patches/S2_12-1-17_16PEC/S2_12-1-17_16PEC_1.tif,patches/S2_12-1-17_16PEC/S2_12-1-17_16PEC_1_cl.tif,patches/S2_12-1-17_16PEC/S2_12-1-17_16PEC_1_conf.tif,29cd03b29c589143d5f813c65099bb74dd717181fca92c4913a1111f67bddc64
92,12-1-17_16PEC_10,12-1-17_16PEC,2017-01-12,16PEC,M004,val,val,patches/S2_12-1-17_16PEC/S2_12-1-17_16PEC_10.tif,patches/S2_12-1-17_16PEC/S2_12-1-17_16PEC_10_cl.tif,patches/S2_12-1-17_16PEC/S2_12-1-17_16PEC_10_conf.tif,80290dbf534bf936635ee643e07f2adc58c81bcd2b3bb65546276a5bd1447e8d
93,12-1-17_16PEC_11,12-1-17_16PEC,2017-01-12,16PEC,M004,val,val,patches/S2_12-1-17_16PEC/S2_12-1-17_16PEC_11.tif,patches/S2_12-1-17_16PEC/S2_12-1-17_16PEC_11_cl.tif,patches/S2_12-1-17_16PEC/S2_12-1-17_16PEC_11_conf.tif,fc8a6f20f6dfe3f2967d76f0c86a2222965fe8790fc4cd0def7e56cde4a3aaf8
94,12-1-17_16PEC_12,12-1-17_16PEC,2017-01-12,16PEC,M004,val,val,patches/S2_12-1-17_16PEC/S2_12-1-17_16PEC_12.tif,patches/S2_12-1-17_16PEC/S2_12-1-17_16PEC_12_cl.tif,patches/S2_12-1-17_16PEC/S2_12-1-17_16PEC_12_conf.tif,c47d6c23ade27cf182bb2ddf79f90710c73c6b81a3c95ece9774d9aa4c8ec4b1
95,12-1-17_16PEC_13,12-1-17_16PEC,2017-01-12,16PEC,M004,val,val,patches/S2_12-1-17_16PEC/S2_12-1-17_16PEC_13.tif,patches/S2_12-1-17_16PEC/S2_12-1-17_16PEC_13_cl.tif,patches/S2_12-1-17_16PEC/S2_12-1-17_16PEC_13_conf.tif,a040fc8b328d3f349baa01140d1e74f74ddfd5c09fef39767dc2ec26f2fe185b
96,12-1-17_16PEC_14,12-1-17_16PEC,2017-01-12,16PEC,M004,val,val,patches/S2_12-1-17_16PEC/S2_12-1-17_16PEC_14.tif,patches/S2_12-1-17_16PEC/S2_12-1-17_16PEC_14_cl.tif,patches/S2_12-1-17_16PEC/S2_12-1-17_16PEC_14_conf.tif,d4cd44fbd81bf63872b3644a0bbc5f16b89fef1e2d52dbe2325e240655d71fce
97,12-1-17_16PEC_15,12-1-17_16PEC,2017-01-12,16PEC,M004,val,val,patches/S2_12-1-17_16PEC/S2_12-1-17_16PEC_15.tif,patches/S2_12-1-17_16PEC/S2_12-1-17_16PEC_15_cl.tif,patches/S2_12-1-17_16PEC/S2_12-1-17_16PEC_15_conf.tif,26b3c5528d49a06fdca93cbac2b5acb14005a284f477cf8f32b8d9543854d4f3
98,12-1-17_16PEC_16,12-1-17_16PEC,2017-01-12,16PEC,M004,val,val,patches/S2_12-1-17_16PEC/S2_12-1-17_16PEC_16.tif,patches/S2_12-1-17_16PEC/S2_12-1-17_16PEC_16_cl.tif,patches/S2_12-1-17_16PEC/S2_12-1-17_16PEC_16_conf.tif,f3e995bf011ef08bfa5927575269a9b245a2e0a4401c0e190e2a72556f1873e3
99,12-1-17_16PEC_17,12-1-17_16PEC,2017-01-12,16PEC,M004,val,val,patches/S2_12-1-17_16PEC/S2_12-1-17_16PEC_17.tif,patches/S2_12-1-17_16PEC/S2_12-1-17_16PEC_17_cl.tif,patches/S2_12-1-17_16PEC/S2_12-1-17_16PEC_17_conf.tif,55429a07e9b0525808380da0017d35273b72f08210443514b3333226fd72df69
100,12-1-17_16PEC_18,12-1-17_16PEC,2017-01-12,16PEC,M004,val,val,patches/S2_12-1-17_16PEC/S2_12-1-17_16PEC_18.tif,patches/S2_12-1-17_16PEC/S2_12-1-17_16PEC_18_cl.tif,patches/S2_12-1-17_16PEC/S2_12-1-17_16PEC_18_conf.tif,8171db91ff4765576b99a426f675e465ab8250755317fe07ccd388eafa626246
101,12-1-17_16PEC_19,12-1-17_16PEC,2017-01-12,16PEC,M004,val,val,patches/S2_12-1-17_16PEC/S2_12-1-17_16PEC_19.tif,patches/S2_12-1-17_16PEC/S2_12-1-17_16PEC_19_cl.tif,patches/S2_12-1-17_16PEC/S2_12-1-17_16PEC_19_conf.tif,b9fd8a649f1622e34253c05ce502288aeea8b0bdce7ce0299310a8bc323afcaa
102,12-1-17_16PEC_2,12-1-17_16PEC,2017-01-12,16PEC,M004,val,val,patches/S2_12-1-17_16PEC/S2_12-1-17_16PEC_2.tif,patches/S2_12-1-17_16PEC/S2_12-1-17_16PEC_2_cl.tif,patches/S2_12-1-17_16PEC/S2_12-1-17_16PEC_2_conf.tif,3572d15a09b5b083d4baa99cebb876f8c3ac4304e0f81241d6f14c2a622ab55e
103,12-1-17_16PEC_20,12-1-17_16PEC,2017-01-12,16PEC,M004,val,val,patches/S2_12-1-17_16PEC/S2_12-1-17_16PEC_20.tif,patches/S2_12-1-17_16PEC/S2_12-1-17_16PEC_20_cl.tif,patches/S2_12-1-17_16PEC/S2_12-1-17_16PEC_20_conf.tif,2864b586649b2f24fa621a9255ef331074aa74d7feae7fd0d9326176836b34c2
104,12-1-17_16PEC_21,12-1-17_16PEC,2017-01-12,16PEC,M004,val,val,patches/S2_12-1-17_16PEC/S2_12-1-17_16PEC_21.tif,patches/S2_12-1-17_16PEC/S2_12-1-17_16PEC_21_cl.tif,patches/S2_12-1-17_16PEC/S2_12-1-17_16PEC_21_conf.tif,787493ad844a7b6b53561de2b0cf6a2b3d256796bb38ab20f0de2edf9d842a55
105,12-1-17_16PEC_22,12-1-17_16PEC,2017-01-12,16PEC,M004,val,val,patches/S2_12-1-17_16PEC/S2_12-1-17_16PEC_22.tif,patches/S2_12-1-17_16PEC/S2_12-1-17_16PEC_22_cl.tif,patches/S2_12-1-17_16PEC/S2_12-1-17_16PEC_22_conf.tif,f449a48e289bcb3be9f62c367446b9bc864885513ed9c4e8d4bd93e36de31f25
106,12-1-17_16PEC_23,12-1-17_16PEC,2017-01-12,16PEC,M004,val,val,patches/S2_12-1-17_16PEC/S2_12-1-17_16PEC_23.tif,patches/S2_12-1-17_16PEC/S2_12-1-17_16PEC_23_cl.tif,patches/S2_12-1-17_16PEC/S2_12-1-17_16PEC_23_conf.tif,7247649ffa408ea2c382a924724c0cacf629897ab45d8d27ec13116d3a47924d
107,12-1-17_16PEC_24,12-1-17_16PEC,2017-01-12,16PEC,M004,val,val,patches/S2_12-1-17_16PEC/S2_12-1-17_16PEC_24.tif,patches/S2_12-1-17_16PEC/S2_12-1-17_16PEC_24_cl.tif,patches/S2_12-1-17_16PEC/S2_12-1-17_16PEC_24_conf.tif,bb2f982540364a6782c729784a81860eaeadd1e9f39cd9e6a90404e139fae866
108,12-1-17_16PEC_25,12-1-17_16PEC,2017-01-12,16PEC,M004,val,val,patches/S2_12-1-17_16PEC/S2_12-1-17_16PEC_25.tif,patches/S2_12-1-17_16PEC/S2_12-1-17_16PEC_25_cl.tif,patches/S2_12-1-17_16PEC/S2_12-1-17_16PEC_25_conf.tif,e4ea8b512322eed9f7e40f909565949075723465f0d2381636f10b4aded1b871
109,12-1-17_16PEC_26,12-1-17_16PEC,2017-01-12,16PEC,M004,val,val,patches/S2_12-1-17_16PEC/S2_12-1-17_16PEC_26.tif,patches/S2_12-1-17_16PEC/S2_12-1-17_16PEC_26_cl.tif,patches/S2_12-1-17_16PEC/S2_12-1-17_16PEC_26_conf.tif,ccaf1a2aabfbdd4aef8134b4280520efdad4c45ec74e115c1ff11bd9a5ac0e2e
110,12-1-17_16PEC_27,12-1-17_16PEC,2017-01-12,16PEC,M004,val,val,patches/S2_12-1-17_16PEC/S2_12-1-17_16PEC_27.tif,patches/S2_12-1-17_16PEC/S2_12-1-17_16PEC_27_cl.tif,patches/S2_12-1-17_16PEC/S2_12-1-17_16PEC_27_conf.tif,71c6e1a779494848c8bd7234b91034993c23e492a44a0f13904a2abe23b5dd71
111,12-1-17_16PEC_28,12-1-17_16PEC,2017-01-12,16PEC,M004,val,val,patches/S2_12-1-17_16PEC/S2_12-1-17_16PEC_28.tif,patches/S2_12-1-17_16PEC/S2_12-1-17_16PEC_28_cl.tif,patches/S2_12-1-17_16PEC/S2_12-1-17_16PEC_28_conf.tif,4c8a34410662ff9e06990755e445659ce04c732778a381ec1c7665ef663671ab
112,12-1-17_16PEC_29,12-1-17_16PEC,2017-01-12,16PEC,M004,val,val,patches/S2_12-1-17_16PEC/S2_12-1-17_16PEC_29.tif,patches/S2_12-1-17_16PEC/S2_12-1-17_16PEC_29_cl.tif,patches/S2_12-1-17_16PEC/S2_12-1-17_16PEC_29_conf.tif,e62573a8c562f8bb70d835921651455d25f0316f9c20e7653227514052ef8efd
113,12-1-17_16PEC_3,12-1-17_16PEC,2017-01-12,16PEC,M004,val,val,patches/S2_12-1-17_16PEC/S2_12-1-17_16PEC_3.tif,patches/S2_12-1-17_16PEC/S2_12-1-17_16PEC_3_cl.tif,patches/S2_12-1-17_16PEC/S2_12-1-17_16PEC_3_conf.tif,33aedddfca840c4f6b82e3cfb8b66979d160d047582b95c0c093636c8f31ab3e
114,12-1-17_16PEC_30,12-1-17_16PEC,2017-01-12,16PEC,M004,val,val,patches/S2_12-1-17_16PEC/S2_12-1-17_16PEC_30.tif,patches/S2_12-1-17_16PEC/S2_12-1-17_16PEC_30_cl.tif,patches/S2_12-1-17_16PEC/S2_12-1-17_16PEC_30_conf.tif,72465302e6c49c4c06752350f53959ce468f61567dce00c21f6af131a51e0f54
115,12-1-17_16PEC_31,12-1-17_16PEC,2017-01-12,16PEC,M004,val,val,patches/S2_12-1-17_16PEC/S2_12-1-17_16PEC_31.tif,patches/S2_12-1-17_16PEC/S2_12-1-17_16PEC_31_cl.tif,patches/S2_12-1-17_16PEC/S2_12-1-17_16PEC_31_conf.tif,4c1cfec8999c3e7fef6e8897eef7f8285629ae8ddf2568537d4315052ab41080
116,12-1-17_16PEC_32,12-1-17_16PEC,2017-01-12,16PEC,M004,val,val,patches/S2_12-1-17_16PEC/S2_12-1-17_16PEC_32.tif,patches/S2_12-1-17_16PEC/S2_12-1-17_16PEC_32_cl.tif,patches/S2_12-1-17_16PEC/S2_12-1-17_16PEC_32_conf.tif,096b73be2d0e634f3e7ea4410c4023d5c8a5a556f99d2657d6952bf13bb55efd
117,12-1-17_16PEC_33,12-1-17_16PEC,2017-01-12,16PEC,M004,val,val,patches/S2_12-1-17_16PEC/S2_12-1-17_16PEC_33.tif,patches/S2_12-1-17_16PEC/S2_12-1-17_16PEC_33_cl.tif,patches/S2_12-1-17_16PEC/S2_12-1-17_16PEC_33_conf.tif,3d2151cd6fc03dc8283915a350f76f448bd6624fa99c5b8c903e6587a904a682
118,12-1-17_16PEC_34,12-1-17_16PEC,2017-01-12,16PEC,M004,val,val,patches/S2_12-1-17_16PEC/S2_12-1-17_16PEC_34.tif,patches/S2_12-1-17_16PEC/S2_12-1-17_16PEC_34_cl.tif,patches/S2_12-1-17_16PEC/S2_12-1-17_16PEC_34_conf.tif,7604087a6a4a5230de14ec6e59e932d0adb364e946b2a2adba52065d848a53b8
119,12-1-17_16PEC_35,12-1-17_16PEC,2017-01-12,16PEC,M004,val,val,patches/S2_12-1-17_16PEC/S2_12-1-17_16PEC_35.tif,patches/S2_12-1-17_16PEC/S2_12-1-17_16PEC_35_cl.tif,patches/S2_12-1-17_16PEC/S2_12-1-17_16PEC_35_conf.tif,2a0fa6d4ac384df9bea42ab94fe3128c62ba1f2494c1412a686032219534827b
120,12-1-17_16PEC_36,12-1-17_16PEC,2017-01-12,16PEC,M004,val,val,patches/S2_12-1-17_16PEC/S2_12-1-17_16PEC_36.tif,patches/S2_12-1-17_16PEC/S2_12-1-17_16PEC_36_cl.tif,patches/S2_12-1-17_16PEC/S2_12-1-17_16PEC_36_conf.tif,c4db51af88822f8d894e17e3afa303454e51847fd12b104deff649ae9e0d9e7b
121,12-1-17_16PEC_37,12-1-17_16PEC,2017-01-12,16PEC,M004,val,val,patches/S2_12-1-17_16PEC/S2_12-1-17_16PEC_37.tif,patches/S2_12-1-17_16PEC/S2_12-1-17_16PEC_37_cl.tif,patches/S2_12-1-17_16PEC/S2_12-1-17_16PEC_37_conf.tif,a85dfa2b007218b1930ad0d4c1b1aabc69b82b079c177fefcd72464284c6522f
122,12-1-17_16PEC_38,12-1-17_16PEC,2017-01-12,16PEC,M004,val,val,patches/S2_12-1-17_16PEC/S2_12-1-17_16PEC_38.tif,patches/S2_12-1-17_16PEC/S2_12-1-17_16PEC_38_cl.tif,patches/S2_12-1-17_16PEC/S2_12-1-17_16PEC_38_conf.tif,771b26f373404b486d328cbb028e25ff6f31f08afdd8b5f478968afe685eab06
123,12-1-17_16PEC_39,12-1-17_16PEC,2017-01-12,16PEC,M004,val,val,patches/S2_12-1-17_16PEC/S2_12-1-17_16PEC_39.tif,patches/S2_12-1-17_16PEC/S2_12-1-17_16PEC_39_cl.tif,patches/S2_12-1-17_16PEC/S2_12-1-17_16PEC_39_conf.tif,c0347fb20b2dfd87b874fda79d436a1ebfb76484783854e4f961f1f77fa76a8f
124,12-1-17_16PEC_4,12-1-17_16PEC,2017-01-12,16PEC,M004,val,val,patches/S2_12-1-17_16PEC/S2_12-1-17_16PEC_4.tif,patches/S2_12-1-17_16PEC/S2_12-1-17_16PEC_4_cl.tif,patches/S2_12-1-17_16PEC/S2_12-1-17_16PEC_4_conf.tif,7617f754385c4806dcffd7ceed9c4fea617e9d76a97bdbdd9d8cfbd52e946471
125,12-1-17_16PEC_5,12-1-17_16PEC,2017-01-12,16PEC,M004,val,val,patches/S2_12-1-17_16PEC/S2_12-1-17_16PEC_5.tif,patches/S2_12-1-17_16PEC/S2_12-1-17_16PEC_5_cl.tif,patches/S2_12-1-17_16PEC/S2_12-1-17_16PEC_5_conf.tif,85b18375e714b52156e3b500739bab7a115384a5e68f7251753db08dbf9c3363
126,12-1-17_16PEC_6,12-1-17_16PEC,2017-01-12,16PEC,M004,val,val,patches/S2_12-1-17_16PEC/S2_12-1-17_16PEC_6.tif,patches/S2_12-1-17_16PEC/S2_12-1-17_16PEC_6_cl.tif,patches/S2_12-1-17_16PEC/S2_12-1-17_16PEC_6_conf.tif,bfaf4c56ece256236ac7595db0d01b3394a2452d11f50244a2d914c5e0efd6eb
127,12-1-17_16PEC_7,12-1-17_16PEC,2017-01-12,16PEC,M004,val,val,patches/S2_12-1-17_16PEC/S2_12-1-17_16PEC_7.tif,patches/S2_12-1-17_16PEC/S2_12-1-17_16PEC_7_cl.tif,patches/S2_12-1-17_16PEC/S2_12-1-17_16PEC_7_conf.tif,a6fa77ec9f71dccb25d76b908eb7f18bbc47925b4a088a3d04a7251564230229
128,12-1-17_16PEC_8,12-1-17_16PEC,2017-01-12,16PEC,M004,val,val,patches/S2_12-1-17_16PEC/S2_12-1-17_16PEC_8.tif,patches/S2_12-1-17_16PEC/S2_12-1-17_16PEC_8_cl.tif,patches/S2_12-1-17_16PEC/S2_12-1-17_16PEC_8_conf.tif,620ee15332ae052844448e190a069b5419b7e5556efd6d1a084cddc65a9ae938
129,12-1-17_16PEC_9,12-1-17_16PEC,2017-01-12,16PEC,M004,val,val,patches/S2_12-1-17_16PEC/S2_12-1-17_16PEC_9.tif,patches/S2_12-1-17_16PEC/S2_12-1-17_16PEC_9_cl.tif,patches/S2_12-1-17_16PEC/S2_12-1-17_16PEC_9_conf.tif,240d230b7fd8875df749fabd306b3244120b2c9720cb78a349056d85c0e4a9c1
130,12-1-19_16PEC_0,12-1-19_16PEC,2019-01-12,16PEC,M005,train,train,patches/S2_12-1-19_16PEC/S2_12-1-19_16PEC_0.tif,patches/S2_12-1-19_16PEC/S2_12-1-19_16PEC_0_cl.tif,patches/S2_12-1-19_16PEC/S2_12-1-19_16PEC_0_conf.tif,86ad0202277cb620ba0c7a277577d4654f9d920f5193dda65cbf8e43df9e4cbc
131,12-1-19_16PEC_1,12-1-19_16PEC,2019-01-12,16PEC,M005,train,train,patches/S2_12-1-19_16PEC/S2_12-1-19_16PEC_1.tif,patches/S2_12-1-19_16PEC/S2_12-1-19_16PEC_1_cl.tif,patches/S2_12-1-19_16PEC/S2_12-1-19_16PEC_1_conf.tif,18779df479b94e52d9c5743547bef51fc59badb4df4c3f532c04fedca6b3ce9a
132,12-1-19_16PEC_10,12-1-19_16PEC,2019-01-12,16PEC,M005,train,train,patches/S2_12-1-19_16PEC/S2_12-1-19_16PEC_10.tif,patches/S2_12-1-19_16PEC/S2_12-1-19_16PEC_10_cl.tif,patches/S2_12-1-19_16PEC/S2_12-1-19_16PEC_10_conf.tif,ca5239e016f0c4301dc9478cdaad5e6ba23d83625ec0291f2374bd208731ad4c
133,12-1-19_16PEC_11,12-1-19_16PEC,2019-01-12,16PEC,M005,train,train,patches/S2_12-1-19_16PEC/S2_12-1-19_16PEC_11.tif,patches/S2_12-1-19_16PEC/S2_12-1-19_16PEC_11_cl.tif,patches/S2_12-1-19_16PEC/S2_12-1-19_16PEC_11_conf.tif,70fd107fa1fb3b2634d58f4fa3c971e360c7a1919848a4bd5c1385fdbe24262f
134,12-1-19_16PEC_12,12-1-19_16PEC,2019-01-12,16PEC,M005,train,train,patches/S2_12-1-19_16PEC/S2_12-1-19_16PEC_12.tif,patches/S2_12-1-19_16PEC/S2_12-1-19_16PEC_12_cl.tif,patches/S2_12-1-19_16PEC/S2_12-1-19_16PEC_12_conf.tif,503e1ddc219ec4b6e7a448aaa57b0dd12e392b10951333527da2ef7edd629a86
135,12-1-19_16PEC_13,12-1-19_16PEC,2019-01-12,16PEC,M005,train,train,patches/S2_12-1-19_16PEC/S2_12-1-19_16PEC_13.tif,patches/S2_12-1-19_16PEC/S2_12-1-19_16PEC_13_cl.tif,patches/S2_12-1-19_16PEC/S2_12-1-19_16PEC_13_conf.tif,9469d0f820df048cd4c18088a9c10e75aeac5eb7e54a0ee46bbc6bd6308d242c
136,12-1-19_16PEC_14,12-1-19_16PEC,2019-01-12,16PEC,M005,train,train,patches/S2_12-1-19_16PEC/S2_12-1-19_16PEC_14.tif,patches/S2_12-1-19_16PEC/S2_12-1-19_16PEC_14_cl.tif,patches/S2_12-1-19_16PEC/S2_12-1-19_16PEC_14_conf.tif,ca4d76d9c419adc6d725985409a37f73375509da38142f2af01043a691991bd7
137,12-1-19_16PEC_15,12-1-19_16PEC,2019-01-12,16PEC,M005,train,train,patches/S2_12-1-19_16PEC/S2_12-1-19_16PEC_15.tif,patches/S2_12-1-19_16PEC/S2_12-1-19_16PEC_15_cl.tif,patches/S2_12-1-19_16PEC/S2_12-1-19_16PEC_15_conf.tif,3d8c9380d4b8ce6baa4a63d9a19d96a22709278f644665d35f7024ba5ee6fcb3
138,12-1-19_16PEC_16,12-1-19_16PEC,2019-01-12,16PEC,M005,train,train,patches/S2_12-1-19_16PEC/S2_12-1-19_16PEC_16.tif,patches/S2_12-1-19_16PEC/S2_12-1-19_16PEC_16_cl.tif,patches/S2_12-1-19_16PEC/S2_12-1-19_16PEC_16_conf.tif,eae08f6d6c14f34965634c53cf9b998337325e2d4052b8ce252dee6f41be336f
139,12-1-19_16PEC_17,12-1-19_16PEC,2019-01-12,16PEC,M005,train,train,patches/S2_12-1-19_16PEC/S2_12-1-19_16PEC_17.tif,patches/S2_12-1-19_16PEC/S2_12-1-19_16PEC_17_cl.tif,patches/S2_12-1-19_16PEC/S2_12-1-19_16PEC_17_conf.tif,c1bef92440366d08a06b978e80aa01462bea44fcf6324183894da7e625398db9
140,12-1-19_16PEC_18,12-1-19_16PEC,2019-01-12,16PEC,M005,train,train,patches/S2_12-1-19_16PEC/S2_12-1-19_16PEC_18.tif,patches/S2_12-1-19_16PEC/S2_12-1-19_16PEC_18_cl.tif,patches/S2_12-1-19_16PEC/S2_12-1-19_16PEC_18_conf.tif,8567cbe09fa4d6ed35919471a8cd3d625832dbb711a52e06a5ded6454da3ef47
141,12-1-19_16PEC_19,12-1-19_16PEC,2019-01-12,16PEC,M005,train,train,patches/S2_12-1-19_16PEC/S2_12-1-19_16PEC_19.tif,patches/S2_12-1-19_16PEC/S2_12-1-19_16PEC_19_cl.tif,patches/S2_12-1-19_16PEC/S2_12-1-19_16PEC_19_conf.tif,beb4ee945087a7a21ea3a7c813ff0a1d331530041f5dead44794c3e5fe00da6a
142,12-1-19_16PEC_2,12-1-19_16PEC,2019-01-12,16PEC,M005,train,train,patches/S2_12-1-19_16PEC/S2_12-1-19_16PEC_2.tif,patches/S2_12-1-19_16PEC/S2_12-1-19_16PEC_2_cl.tif,patches/S2_12-1-19_16PEC/S2_12-1-19_16PEC_2_conf.tif,c5b4c68bfa78b45cf94ed1a7db577529dd3ca3631024a234486925918ef83a9b
143,12-1-19_16PEC_20,12-1-19_16PEC,2019-01-12,16PEC,M005,train,train,patches/S2_12-1-19_16PEC/S2_12-1-19_16PEC_20.tif,patches/S2_12-1-19_16PEC/S2_12-1-19_16PEC_20_cl.tif,patches/S2_12-1-19_16PEC/S2_12-1-19_16PEC_20_conf.tif,56c2d9211f55eaec79dac304f252d4722d1fc4750883e64108980d01854df40d
144,12-1-19_16PEC_21,12-1-19_16PEC,2019-01-12,16PEC,M005,train,train,patches/S2_12-1-19_16PEC/S2_12-1-19_16PEC_21.tif,patches/S2_12-1-19_16PEC/S2_12-1-19_16PEC_21_cl.tif,patches/S2_12-1-19_16PEC/S2_12-1-19_16PEC_21_conf.tif,bf4b348b359780c0ffe0d868111767723b1469efb3047a0e862681973bf56942
145,12-1-19_16PEC_22,12-1-19_16PEC,2019-01-12,16PEC,M005,train,train,patches/S2_12-1-19_16PEC/S2_12-1-19_16PEC_22.tif,patches/S2_12-1-19_16PEC/S2_12-1-19_16PEC_22_cl.tif,patches/S2_12-1-19_16PEC/S2_12-1-19_16PEC_22_conf.tif,d4de3ce1afc3f4bac5e5adee520a6357f293f9adf50b0f398670d4f2de3bdee2
146,12-1-19_16PEC_23,12-1-19_16PEC,2019-01-12,16PEC,M005,train,train,patches/S2_12-1-19_16PEC/S2_12-1-19_16PEC_23.tif,patches/S2_12-1-19_16PEC/S2_12-1-19_16PEC_23_cl.tif,patches/S2_12-1-19_16PEC/S2_12-1-19_16PEC_23_conf.tif,d525a46b9210d64ddba9b8e22b25fc871a7d7f83c9e39d07cdd9e9f882678e92
147,12-1-19_16PEC_24,12-1-19_16PEC,2019-01-12,16PEC,M005,train,train,patches/S2_12-1-19_16PEC/S2_12-1-19_16PEC_24.tif,patches/S2_12-1-19_16PEC/S2_12-1-19_16PEC_24_cl.tif,patches/S2_12-1-19_16PEC/S2_12-1-19_16PEC_24_conf.tif,3547efd5fd0d19f648ca7d4a2fe46b38ef25b5ab41ffcfe8cac3f2daeba7a8af
148,12-1-19_16PEC_25,12-1-19_16PEC,2019-01-12,16PEC,M005,train,train,patches/S2_12-1-19_16PEC/S2_12-1-19_16PEC_25.tif,patches/S2_12-1-19_16PEC/S2_12-1-19_16PEC_25_cl.tif,patches/S2_12-1-19_16PEC/S2_12-1-19_16PEC_25_conf.tif,1df1075f3bfc63e0d59edceb6218d2102b6bea08dbb32af496a581965bead27c
149,12-1-19_16PEC_26,12-1-19_16PEC,2019-01-12,16PEC,M005,train,train,patches/S2_12-1-19_16PEC/S2_12-1-19_16PEC_26.tif,patches/S2_12-1-19_16PEC/S2_12-1-19_16PEC_26_cl.tif,patches/S2_12-1-19_16PEC/S2_12-1-19_16PEC_26_conf.tif,5074bec79ae1f684e5443469298bde98c9afeb7f3f4d8843c2174abd2c93bb97
150,12-1-19_16PEC_27,12-1-19_16PEC,2019-01-12,16PEC,M005,train,train,patches/S2_12-1-19_16PEC/S2_12-1-19_16PEC_27.tif,patches/S2_12-1-19_16PEC/S2_12-1-19_16PEC_27_cl.tif,patches/S2_12-1-19_16PEC/S2_12-1-19_16PEC_27_conf.tif,87544688530b279a225bbd6903f14a6062e37318abf1c7eead705ddc91570421
151,12-1-19_16PEC_28,12-1-19_16PEC,2019-01-12,16PEC,M005,train,train,patches/S2_12-1-19_16PEC/S2_12-1-19_16PEC_28.tif,patches/S2_12-1-19_16PEC/S2_12-1-19_16PEC_28_cl.tif,patches/S2_12-1-19_16PEC/S2_12-1-19_16PEC_28_conf.tif,8f80de92b8e805f77965287a89bde14f5dbd0c374652631fdae69471233791d3
152,12-1-19_16PEC_29,12-1-19_16PEC,2019-01-12,16PEC,M005,train,train,patches/S2_12-1-19_16PEC/S2_12-1-19_16PEC_29.tif,patches/S2_12-1-19_16PEC/S2_12-1-19_16PEC_29_cl.tif,patches/S2_12-1-19_16PEC/S2_12-1-19_16PEC_29_conf.tif,59bc4e1f5281e1463c547677206641176848fe2b18215529a147c855742a1cd0
153,12-1-19_16PEC_3,12-1-19_16PEC,2019-01-12,16PEC,M005,train,train,patches/S2_12-1-19_16PEC/S2_12-1-19_16PEC_3.tif,patches/S2_12-1-19_16PEC/S2_12-1-19_16PEC_3_cl.tif,patches/S2_12-1-19_16PEC/S2_12-1-19_16PEC_3_conf.tif,778947229e041c7dd9120f3e2b0ae9def04b82d91fed8c4e69471970df5ca6fb
154,12-1-19_16PEC_30,12-1-19_16PEC,2019-01-12,16PEC,M005,train,train,patches/S2_12-1-19_16PEC/S2_12-1-19_16PEC_30.tif,patches/S2_12-1-19_16PEC/S2_12-1-19_16PEC_30_cl.tif,patches/S2_12-1-19_16PEC/S2_12-1-19_16PEC_30_conf.tif,5fbbde7ac84158662124de5ff93b8a5e564bfe943d490d0fb806bcd32a9154c5
155,12-1-19_16PEC_31,12-1-19_16PEC,2019-01-12,16PEC,M005,train,train,patches/S2_12-1-19_16PEC/S2_12-1-19_16PEC_31.tif,patches/S2_12-1-19_16PEC/S2_12-1-19_16PEC_31_cl.tif,patches/S2_12-1-19_16PEC/S2_12-1-19_16PEC_31_conf.tif,42ba60ac00a30feecc95c846ea70b87cd3f97027bd4c06c28ef067668151ea5e
156,12-1-19_16PEC_32,12-1-19_16PEC,2019-01-12,16PEC,M005,train,train,patches/S2_12-1-19_16PEC/S2_12-1-19_16PEC_32.tif,patches/S2_12-1-19_16PEC/S2_12-1-19_16PEC_32_cl.tif,patches/S2_12-1-19_16PEC/S2_12-1-19_16PEC_32_conf.tif,cb86ccc5c748071717deba03f973bd219a2ce3dfe4bc0dd9eb55537b04cd9380
157,12-1-19_16PEC_33,12-1-19_16PEC,2019-01-12,16PEC,M005,train,train,patches/S2_12-1-19_16PEC/S2_12-1-19_16PEC_33.tif,patches/S2_12-1-19_16PEC/S2_12-1-19_16PEC_33_cl.tif,patches/S2_12-1-19_16PEC/S2_12-1-19_16PEC_33_conf.tif,5469d5bf2846209dcc2692f37111fb1fb223d0c8c8e7dd6f49d3b9cea3e8d959
158,12-1-19_16PEC_34,12-1-19_16PEC,2019-01-12,16PEC,M005,train,train,patches/S2_12-1-19_16PEC/S2_12-1-19_16PEC_34.tif,patches/S2_12-1-19_16PEC/S2_12-1-19_16PEC_34_cl.tif,patches/S2_12-1-19_16PEC/S2_12-1-19_16PEC_34_conf.tif,03ada12d5133bc45f6f0e273ece4bee6dcb23ffda4b7014d1ebddedd387c2c8b
159,12-1-19_16PEC_35,12-1-19_16PEC,2019-01-12,16PEC,M005,train,train,patches/S2_12-1-19_16PEC/S2_12-1-19_16PEC_35.tif,patches/S2_12-1-19_16PEC/S2_12-1-19_16PEC_35_cl.tif,patches/S2_12-1-19_16PEC/S2_12-1-19_16PEC_35_conf.tif,8fbac42a117fc92527555f347dc242fd76a5ee055074b685e00ae996686f01d2
160,12-1-19_16PEC_36,12-1-19_16PEC,2019-01-12,16PEC,M005,train,train,patches/S2_12-1-19_16PEC/S2_12-1-19_16PEC_36.tif,patches/S2_12-1-19_16PEC/S2_12-1-19_16PEC_36_cl.tif,patches/S2_12-1-19_16PEC/S2_12-1-19_16PEC_36_conf.tif,957736d7c153c494b3fee6f61f133c7cd73e91be7a4fb57039f0e8086122bf04
161,12-1-19_16PEC_37,12-1-19_16PEC,2019-01-12,16PEC,M005,train,train,patches/S2_12-1-19_16PEC/S2_12-1-19_16PEC_37.tif,patches/S2_12-1-19_16PEC/S2_12-1-19_16PEC_37_cl.tif,patches/S2_12-1-19_16PEC/S2_12-1-19_16PEC_37_conf.tif,515923cc374acc1196a61cae19d616ed36399ccd000db5ed20da7a7c0f7fceab
162,12-1-19_16PEC_38,12-1-19_16PEC,2019-01-12,16PEC,M005,train,train,patches/S2_12-1-19_16PEC/S2_12-1-19_16PEC_38.tif,patches/S2_12-1-19_16PEC/S2_12-1-19_16PEC_38_cl.tif,patches/S2_12-1-19_16PEC/S2_12-1-19_16PEC_38_conf.tif,fea6c7f577007253b98d795ba6e52235ba1dc085810d6153f0008c3b66a90b5c
163,12-1-19_16PEC_39,12-1-19_16PEC,2019-01-12,16PEC,M005,train,train,patches/S2_12-1-19_16PEC/S2_12-1-19_16PEC_39.tif,patches/S2_12-1-19_16PEC/S2_12-1-19_16PEC_39_cl.tif,patches/S2_12-1-19_16PEC/S2_12-1-19_16PEC_39_conf.tif,5415a313f92ecf81018218484d46e290b58a95a6d37c374078961732decc3257
164,12-1-19_16PEC_4,12-1-19_16PEC,2019-01-12,16PEC,M005,train,train,patches/S2_12-1-19_16PEC/S2_12-1-19_16PEC_4.tif,patches/S2_12-1-19_16PEC/S2_12-1-19_16PEC_4_cl.tif,patches/S2_12-1-19_16PEC/S2_12-1-19_16PEC_4_conf.tif,0241d90e19e82824cbbf06610eb0d55f5564bf30e897a29d95bb23e8097a0074
165,12-1-19_16PEC_40,12-1-19_16PEC,2019-01-12,16PEC,M005,train,train,patches/S2_12-1-19_16PEC/S2_12-1-19_16PEC_40.tif,patches/S2_12-1-19_16PEC/S2_12-1-19_16PEC_40_cl.tif,patches/S2_12-1-19_16PEC/S2_12-1-19_16PEC_40_conf.tif,9e425de61dd5ff094431d49acc51503a47e9aa8c41bd3f77feb680c5a5c556f8
166,12-1-19_16PEC_41,12-1-19_16PEC,2019-01-12,16PEC,M005,train,train,patches/S2_12-1-19_16PEC/S2_12-1-19_16PEC_41.tif,patches/S2_12-1-19_16PEC/S2_12-1-19_16PEC_41_cl.tif,patches/S2_12-1-19_16PEC/S2_12-1-19_16PEC_41_conf.tif,cfb4adde223af7fcf2b2e97bbee20ad8be112f11e54de8ddfd5e6f6baf82fb74
167,12-1-19_16PEC_42,12-1-19_16PEC,2019-01-12,16PEC,M005,train,train,patches/S2_12-1-19_16PEC/S2_12-1-19_16PEC_42.tif,patches/S2_12-1-19_16PEC/S2_12-1-19_16PEC_42_cl.tif,patches/S2_12-1-19_16PEC/S2_12-1-19_16PEC_42_conf.tif,fa45664e110f173a7840fe2f8c71b1ab65bf0d257b1d3426be755bd2d805ab59
168,12-1-19_16PEC_43,12-1-19_16PEC,2019-01-12,16PEC,M005,train,train,patches/S2_12-1-19_16PEC/S2_12-1-19_16PEC_43.tif,patches/S2_12-1-19_16PEC/S2_12-1-19_16PEC_43_cl.tif,patches/S2_12-1-19_16PEC/S2_12-1-19_16PEC_43_conf.tif,c8286c98eea8f43b985cffdb5d1d1df8f10fc1b25aa7e89b9007a42b377106f4
169,12-1-19_16PEC_44,12-1-19_16PEC,2019-01-12,16PEC,M005,train,train,patches/S2_12-1-19_16PEC/S2_12-1-19_16PEC_44.tif,patches/S2_12-1-19_16PEC/S2_12-1-19_16PEC_44_cl.tif,patches/S2_12-1-19_16PEC/S2_12-1-19_16PEC_44_conf.tif,e40be769f18dddd055749bb324350f18aac05cd501ede4b6f2862915f574a557
170,12-1-19_16PEC_45,12-1-19_16PEC,2019-01-12,16PEC,M005,train,train,patches/S2_12-1-19_16PEC/S2_12-1-19_16PEC_45.tif,patches/S2_12-1-19_16PEC/S2_12-1-19_16PEC_45_cl.tif,patches/S2_12-1-19_16PEC/S2_12-1-19_16PEC_45_conf.tif,e9a2f050f5af98cedb4d3982fc024c21c2e4378e37f8ea7aa8daa8daad1ece67
171,12-1-19_16PEC_46,12-1-19_16PEC,2019-01-12,16PEC,M005,train,train,patches/S2_12-1-19_16PEC/S2_12-1-19_16PEC_46.tif,patches/S2_12-1-19_16PEC/S2_12-1-19_16PEC_46_cl.tif,patches/S2_12-1-19_16PEC/S2_12-1-19_16PEC_46_conf.tif,2b289e3a360f9bc2ebf7d0e939152956e7165f51f16b119f127e7ca0e6d690bb
172,12-1-19_16PEC_47,12-1-19_16PEC,2019-01-12,16PEC,M005,train,train,patches/S2_12-1-19_16PEC/S2_12-1-19_16PEC_47.tif,patches/S2_12-1-19_16PEC/S2_12-1-19_16PEC_47_cl.tif,patches/S2_12-1-19_16PEC/S2_12-1-19_16PEC_47_conf.tif,c3693f1968a7fbcd6c39d9ad13e0227482d702a2643b6b146773579089a5f501
173,12-1-19_16PEC_48,12-1-19_16PEC,2019-01-12,16PEC,M005,train,train,patches/S2_12-1-19_16PEC/S2_12-1-19_16PEC_48.tif,patches/S2_12-1-19_16PEC/S2_12-1-19_16PEC_48_cl.tif,patches/S2_12-1-19_16PEC/S2_12-1-19_16PEC_48_conf.tif,520bd52cd9ed9172bdc6dccd79232517330764b4cf1c7aba869dddd0e0fe6de2
174,12-1-19_16PEC_49,12-1-19_16PEC,2019-01-12,16PEC,M005,train,train,patches/S2_12-1-19_16PEC/S2_12-1-19_16PEC_49.tif,patches/S2_12-1-19_16PEC/S2_12-1-19_16PEC_49_cl.tif,patches/S2_12-1-19_16PEC/S2_12-1-19_16PEC_49_conf.tif,3335e4eb198de8d92c0c48e52aab8fead144580c15dd2ddb218727e937874984
175,12-1-19_16PEC_5,12-1-19_16PEC,2019-01-12,16PEC,M005,train,train,patches/S2_12-1-19_16PEC/S2_12-1-19_16PEC_5.tif,patches/S2_12-1-19_16PEC/S2_12-1-19_16PEC_5_cl.tif,patches/S2_12-1-19_16PEC/S2_12-1-19_16PEC_5_conf.tif,488bf8e8d1a2a7a7b71a3eac29d84a957add98c3a3341b7bdc5da78805f5cbc0
176,12-1-19_16PEC_50,12-1-19_16PEC,2019-01-12,16PEC,M005,train,train,patches/S2_12-1-19_16PEC/S2_12-1-19_16PEC_50.tif,patches/S2_12-1-19_16PEC/S2_12-1-19_16PEC_50_cl.tif,patches/S2_12-1-19_16PEC/S2_12-1-19_16PEC_50_conf.tif,3eae97a52eb613fbbe1e7b88fa73dcdea9a0b6b6198fa244dae30f2d20398b5c
177,12-1-19_16PEC_51,12-1-19_16PEC,2019-01-12,16PEC,M005,train,train,patches/S2_12-1-19_16PEC/S2_12-1-19_16PEC_51.tif,patches/S2_12-1-19_16PEC/S2_12-1-19_16PEC_51_cl.tif,patches/S2_12-1-19_16PEC/S2_12-1-19_16PEC_51_conf.tif,ffd92dfba712af2ac3c2506cb81d9942ebb80bef086b88975a6725846c754562
178,12-1-19_16PEC_52,12-1-19_16PEC,2019-01-12,16PEC,M005,train,train,patches/S2_12-1-19_16PEC/S2_12-1-19_16PEC_52.tif,patches/S2_12-1-19_16PEC/S2_12-1-19_16PEC_52_cl.tif,patches/S2_12-1-19_16PEC/S2_12-1-19_16PEC_52_conf.tif,9e004ba1754322187b30dcc2d4431a6bcef99663469ebd90159f998580d1b30e
179,12-1-19_16PEC_53,12-1-19_16PEC,2019-01-12,16PEC,M005,train,train,patches/S2_12-1-19_16PEC/S2_12-1-19_16PEC_53.tif,patches/S2_12-1-19_16PEC/S2_12-1-19_16PEC_53_cl.tif,patches/S2_12-1-19_16PEC/S2_12-1-19_16PEC_53_conf.tif,b2f34682f0f7ac6ee82edd2a693e39b915ff762c0a3bcd61e7fc6eb3ee7dce17
180,12-1-19_16PEC_54,12-1-19_16PEC,2019-01-12,16PEC,M005,train,train,patches/S2_12-1-19_16PEC/S2_12-1-19_16PEC_54.tif,patches/S2_12-1-19_16PEC/S2_12-1-19_16PEC_54_cl.tif,patches/S2_12-1-19_16PEC/S2_12-1-19_16PEC_54_conf.tif,3ff2c4c224cae5f3fcf8bd17f24cc36a2ce154541caf009498101a2f681393d8
181,12-1-19_16PEC_55,12-1-19_16PEC,2019-01-12,16PEC,M005,train,train,patches/S2_12-1-19_16PEC/S2_12-1-19_16PEC_55.tif,patches/S2_12-1-19_16PEC/S2_12-1-19_16PEC_55_cl.tif,patches/S2_12-1-19_16PEC/S2_12-1-19_16PEC_55_conf.tif,ea0cb610f85c8e3cc84a8a0cd5c43a70d286ef3d4b2e5dc516ede851ab33bcbc
182,12-1-19_16PEC_56,12-1-19_16PEC,2019-01-12,16PEC,M005,train,train,patches/S2_12-1-19_16PEC/S2_12-1-19_16PEC_56.tif,patches/S2_12-1-19_16PEC/S2_12-1-19_16PEC_56_cl.tif,patches/S2_12-1-19_16PEC/S2_12-1-19_16PEC_56_conf.tif,fb25737ae59e8392c58a3616a4550528bfb9f2448295b7e6a42591e3fac7d3f0
183,12-1-19_16PEC_57,12-1-19_16PEC,2019-01-12,16PEC,M005,train,train,patches/S2_12-1-19_16PEC/S2_12-1-19_16PEC_57.tif,patches/S2_12-1-19_16PEC/S2_12-1-19_16PEC_57_cl.tif,patches/S2_12-1-19_16PEC/S2_12-1-19_16PEC_57_conf.tif,850b5434a1f6ccd1c6bd57766e5e9f0da0bd4d5ac5e2e349fea01852d8f2343e
184,12-1-19_16PEC_58,12-1-19_16PEC,2019-01-12,16PEC,M005,train,train,patches/S2_12-1-19_16PEC/S2_12-1-19_16PEC_58.tif,patches/S2_12-1-19_16PEC/S2_12-1-19_16PEC_58_cl.tif,patches/S2_12-1-19_16PEC/S2_12-1-19_16PEC_58_conf.tif,5f556c64fa3b153ea45f73cf46846753aa9ffb2a6b12306039ada0004200cf5a
185,12-1-19_16PEC_59,12-1-19_16PEC,2019-01-12,16PEC,M005,train,train,patches/S2_12-1-19_16PEC/S2_12-1-19_16PEC_59.tif,patches/S2_12-1-19_16PEC/S2_12-1-19_16PEC_59_cl.tif,patches/S2_12-1-19_16PEC/S2_12-1-19_16PEC_59_conf.tif,24e1bb99ca14b4bab6b3c8100e4aab086afe5821e2545428594cb65fc2921bdd
186,12-1-19_16PEC_6,12-1-19_16PEC,2019-01-12,16PEC,M005,train,train,patches/S2_12-1-19_16PEC/S2_12-1-19_16PEC_6.tif,patches/S2_12-1-19_16PEC/S2_12-1-19_16PEC_6_cl.tif,patches/S2_12-1-19_16PEC/S2_12-1-19_16PEC_6_conf.tif,00cca766584fe2d91c5ee520519c7dfb2170be4d999e92bd98ae444729970664
187,12-1-19_16PEC_7,12-1-19_16PEC,2019-01-12,16PEC,M005,train,train,patches/S2_12-1-19_16PEC/S2_12-1-19_16PEC_7.tif,patches/S2_12-1-19_16PEC/S2_12-1-19_16PEC_7_cl.tif,patches/S2_12-1-19_16PEC/S2_12-1-19_16PEC_7_conf.tif,ef6e625cb22dfa93f3a49d551445560098e1fb19a1d6a7aadce39268dc9391be
188,12-1-19_16PEC_8,12-1-19_16PEC,2019-01-12,16PEC,M005,train,train,patches/S2_12-1-19_16PEC/S2_12-1-19_16PEC_8.tif,patches/S2_12-1-19_16PEC/S2_12-1-19_16PEC_8_cl.tif,patches/S2_12-1-19_16PEC/S2_12-1-19_16PEC_8_conf.tif,35c63f4dfc028b3e8b23f06c5b105d26c030842f08ce2edb69d05323b2f37e4f
189,12-1-19_16PEC_9,12-1-19_16PEC,2019-01-12,16PEC,M005,train,train,patches/S2_12-1-19_16PEC/S2_12-1-19_16PEC_9.tif,patches/S2_12-1-19_16PEC/S2_12-1-19_16PEC_9_cl.tif,patches/S2_12-1-19_16PEC/S2_12-1-19_16PEC_9_conf.tif,b1759d524ea9577c8b8f1d5017afd71928ee5a721adf52e248a327c6535de974
190,12-12-20_16PCC_0,12-12-20_16PCC,2020-12-12,16PCC,M006,test,test,patches/S2_12-12-20_16PCC/S2_12-12-20_16PCC_0.tif,patches/S2_12-12-20_16PCC/S2_12-12-20_16PCC_0_cl.tif,patches/S2_12-12-20_16PCC/S2_12-12-20_16PCC_0_conf.tif,974122cb187729561f9859f75180ce1e9ef85db1e6c785fd0b91d83d3aeb91cd
191,12-12-20_16PCC_1,12-12-20_16PCC,2020-12-12,16PCC,M006,test,test,patches/S2_12-12-20_16PCC/S2_12-12-20_16PCC_1.tif,patches/S2_12-12-20_16PCC/S2_12-12-20_16PCC_1_cl.tif,patches/S2_12-12-20_16PCC/S2_12-12-20_16PCC_1_conf.tif,64508192098f330fbd6609f55d75c88abfa02d96f3ea18bcd7fa0eed531d6148
192,12-12-20_16PCC_10,12-12-20_16PCC,2020-12-12,16PCC,M006,test,test,patches/S2_12-12-20_16PCC/S2_12-12-20_16PCC_10.tif,patches/S2_12-12-20_16PCC/S2_12-12-20_16PCC_10_cl.tif,patches/S2_12-12-20_16PCC/S2_12-12-20_16PCC_10_conf.tif,1f54ba3935d4b9da5fe0d4aa2b7ec7a8c799faa5c8b99f6a779e25a2c34ce746
193,12-12-20_16PCC_11,12-12-20_16PCC,2020-12-12,16PCC,M006,test,test,patches/S2_12-12-20_16PCC/S2_12-12-20_16PCC_11.tif,patches/S2_12-12-20_16PCC/S2_12-12-20_16PCC_11_cl.tif,patches/S2_12-12-20_16PCC/S2_12-12-20_16PCC_11_conf.tif,988a905f035a1798e1e80df398ae01d93d293a2af60dd4205488d6ea22061355
194,12-12-20_16PCC_12,12-12-20_16PCC,2020-12-12,16PCC,M006,test,test,patches/S2_12-12-20_16PCC/S2_12-12-20_16PCC_12.tif,patches/S2_12-12-20_16PCC/S2_12-12-20_16PCC_12_cl.tif,patches/S2_12-12-20_16PCC/S2_12-12-20_16PCC_12_conf.tif,eb416e0ac01f3fd6c4ba2c2015d86191ffe753c296a0a09fe68a62d42dc0b617
195,12-12-20_16PCC_13,12-12-20_16PCC,2020-12-12,16PCC,M006,test,test,patches/S2_12-12-20_16PCC/S2_12-12-20_16PCC_13.tif,patches/S2_12-12-20_16PCC/S2_12-12-20_16PCC_13_cl.tif,patches/S2_12-12-20_16PCC/S2_12-12-20_16PCC_13_conf.tif,e9616446d5cf9bdd12f0d1102c4ee69398b7b43089c029df029676e97c7cae42
196,12-12-20_16PCC_14,12-12-20_16PCC,2020-12-12,16PCC,M006,test,test,patches/S2_12-12-20_16PCC/S2_12-12-20_16PCC_14.tif,patches/S2_12-12-20_16PCC/S2_12-12-20_16PCC_14_cl.tif,patches/S2_12-12-20_16PCC/S2_12-12-20_16PCC_14_conf.tif,531ae805f5997d0557ac38abdfc87555bf5031fa7e4e19f076be2486773c18d7
197,12-12-20_16PCC_15,12-12-20_16PCC,2020-12-12,16PCC,M006,test,test,patches/S2_12-12-20_16PCC/S2_12-12-20_16PCC_15.tif,patches/S2_12-12-20_16PCC/S2_12-12-20_16PCC_15_cl.tif,patches/S2_12-12-20_16PCC/S2_12-12-20_16PCC_15_conf.tif,8d78d5d0042ab7c3e2dd863539f1e64c58f112b2b9558bc03cc6c27ef9fff844
198,12-12-20_16PCC_16,12-12-20_16PCC,2020-12-12,16PCC,M006,test,test,patches/S2_12-12-20_16PCC/S2_12-12-20_16PCC_16.tif,patches/S2_12-12-20_16PCC/S2_12-12-20_16PCC_16_cl.tif,patches/S2_12-12-20_16PCC/S2_12-12-20_16PCC_16_conf.tif,3c084a5bfad675dc9fe89ffe4629c00e30fe8de47befc547b13d925272e9f8af
199,12-12-20_16PCC_17,12-12-20_16PCC,2020-12-12,16PCC,M006,test,test,patches/S2_12-12-20_16PCC/S2_12-12-20_16PCC_17.tif,patches/S2_12-12-20_16PCC/S2_12-12-20_16PCC_17_cl.tif,patches/S2_12-12-20_16PCC/S2_12-12-20_16PCC_17_conf.tif,c40dfce019076f6377f8ab172bc8c2da1323f63704f646b1efdc4a20ba957023
200,12-12-20_16PCC_18,12-12-20_16PCC,2020-12-12,16PCC,M006,test,test,patches/S2_12-12-20_16PCC/S2_12-12-20_16PCC_18.tif,patches/S2_12-12-20_16PCC/S2_12-12-20_16PCC_18_cl.tif,patches/S2_12-12-20_16PCC/S2_12-12-20_16PCC_18_conf.tif,97c16456c55301fd399e9ad4e7400d1eb4b1a2f8b37d639e8596c48044316743
201,12-12-20_16PCC_19,12-12-20_16PCC,2020-12-12,16PCC,M006,test,test,patches/S2_12-12-20_16PCC/S2_12-12-20_16PCC_19.tif,patches/S2_12-12-20_16PCC/S2_12-12-20_16PCC_19_cl.tif,patches/S2_12-12-20_16PCC/S2_12-12-20_16PCC_19_conf.tif,34e0b33d5b083ccc31ce983fc66ba1f12d4ba8350af737ea211096ba9e67931f
202,12-12-20_16PCC_2,12-12-20_16PCC,2020-12-12,16PCC,M006,test,test,patches/S2_12-12-20_16PCC/S2_12-12-20_16PCC_2.tif,patches/S2_12-12-20_16PCC/S2_12-12-20_16PCC_2_cl.tif,patches/S2_12-12-20_16PCC/S2_12-12-20_16PCC_2_conf.tif,9591fc43ad46304b4cbffb531731cfdf6772689d02094a154196e4f14856432c
203,12-12-20_16PCC_20,12-12-20_16PCC,2020-12-12,16PCC,M006,test,test,patches/S2_12-12-20_16PCC/S2_12-12-20_16PCC_20.tif,patches/S2_12-12-20_16PCC/S2_12-12-20_16PCC_20_cl.tif,patches/S2_12-12-20_16PCC/S2_12-12-20_16PCC_20_conf.tif,77a87862f8fa9644f394d10ab60054c6929af58af25020380a968224a5ba207c
204,12-12-20_16PCC_21,12-12-20_16PCC,2020-12-12,16PCC,M006,test,test,patches/S2_12-12-20_16PCC/S2_12-12-20_16PCC_21.tif,patches/S2_12-12-20_16PCC/S2_12-12-20_16PCC_21_cl.tif,patches/S2_12-12-20_16PCC/S2_12-12-20_16PCC_21_conf.tif,bbcf0bf79f339a7e2012bfb0d9052b0003e85ed2904da196b5867f65b05c86e4
205,12-12-20_16PCC_22,12-12-20_16PCC,2020-12-12,16PCC,M006,test,test,patches/S2_12-12-20_16PCC/S2_12-12-20_16PCC_22.tif,patches/S2_12-12-20_16PCC/S2_12-12-20_16PCC_22_cl.tif,patches/S2_12-12-20_16PCC/S2_12-12-20_16PCC_22_conf.tif,832af4275cc2f856db9f87a0ff6a8ee741908483bc9db8c88db747aeb02cc916
206,12-12-20_16PCC_23,12-12-20_16PCC,2020-12-12,16PCC,M006,test,test,patches/S2_12-12-20_16PCC/S2_12-12-20_16PCC_23.tif,patches/S2_12-12-20_16PCC/S2_12-12-20_16PCC_23_cl.tif,patches/S2_12-12-20_16PCC/S2_12-12-20_16PCC_23_conf.tif,aa7ef61cf61c61873e040773c1af93f79492b60bc5ebfd22be0e574c55a62154
207,12-12-20_16PCC_24,12-12-20_16PCC,2020-12-12,16PCC,M006,test,test,patches/S2_12-12-20_16PCC/S2_12-12-20_16PCC_24.tif,patches/S2_12-12-20_16PCC/S2_12-12-20_16PCC_24_cl.tif,patches/S2_12-12-20_16PCC/S2_12-12-20_16PCC_24_conf.tif,57955402e4f86e938d2f6dc1b9fa4cad3f98a13ba3ede31d67a126a77d13a054
208,12-12-20_16PCC_25,12-12-20_16PCC,2020-12-12,16PCC,M006,test,test,patches/S2_12-12-20_16PCC/S2_12-12-20_16PCC_25.tif,patches/S2_12-12-20_16PCC/S2_12-12-20_16PCC_25_cl.tif,patches/S2_12-12-20_16PCC/S2_12-12-20_16PCC_25_conf.tif,b6feffc7de46bcd19c2d456d2c3c0e729b2de0be770bfb9ad8e910ec549760e4
209,12-12-20_16PCC_26,12-12-20_16PCC,2020-12-12,16PCC,M006,test,test,patches/S2_12-12-20_16PCC/S2_12-12-20_16PCC_26.tif,patches/S2_12-12-20_16PCC/S2_12-12-20_16PCC_26_cl.tif,patches/S2_12-12-20_16PCC/S2_12-12-20_16PCC_26_conf.tif,c142cd389477d8732a0b82974eebd24a2ac24b0a2bdfa5e8e2b87597931251e5
210,12-12-20_16PCC_27,12-12-20_16PCC,2020-12-12,16PCC,M006,test,test,patches/S2_12-12-20_16PCC/S2_12-12-20_16PCC_27.tif,patches/S2_12-12-20_16PCC/S2_12-12-20_16PCC_27_cl.tif,patches/S2_12-12-20_16PCC/S2_12-12-20_16PCC_27_conf.tif,75bc5270f8e9a8bff6f157f7b030f62a24e1bba9bc66b485479a16748002f44e
211,12-12-20_16PCC_3,12-12-20_16PCC,2020-12-12,16PCC,M006,test,test,patches/S2_12-12-20_16PCC/S2_12-12-20_16PCC_3.tif,patches/S2_12-12-20_16PCC/S2_12-12-20_16PCC_3_cl.tif,patches/S2_12-12-20_16PCC/S2_12-12-20_16PCC_3_conf.tif,d7cdf9511887033228ff5815b4370705fb775572a7744da079602efaa0d3219e
212,12-12-20_16PCC_4,12-12-20_16PCC,2020-12-12,16PCC,M006,test,test,patches/S2_12-12-20_16PCC/S2_12-12-20_16PCC_4.tif,patches/S2_12-12-20_16PCC/S2_12-12-20_16PCC_4_cl.tif,patches/S2_12-12-20_16PCC/S2_12-12-20_16PCC_4_conf.tif,6797336891dc2d7c016be1c30718fb36bf890394ed1d14253eea030504fad5b5
213,12-12-20_16PCC_5,12-12-20_16PCC,2020-12-12,16PCC,M006,test,test,patches/S2_12-12-20_16PCC/S2_12-12-20_16PCC_5.tif,patches/S2_12-12-20_16PCC/S2_12-12-20_16PCC_5_cl.tif,patches/S2_12-12-20_16PCC/S2_12-12-20_16PCC_5_conf.tif,5bdc5bd393ff092aba3d81a5c13638aa7bbf378e2bd0d6a87fe5b2f3d7279d02
214,12-12-20_16PCC_6,12-12-20_16PCC,2020-12-12,16PCC,M006,test,test,patches/S2_12-12-20_16PCC/S2_12-12-20_16PCC_6.tif,patches/S2_12-12-20_16PCC/S2_12-12-20_16PCC_6_cl.tif,patches/S2_12-12-20_16PCC/S2_12-12-20_16PCC_6_conf.tif,c29d4747eeafc3c49c13da6242011baf75b832f241fb9e720d9335416bfa4572
215,12-12-20_16PCC_7,12-12-20_16PCC,2020-12-12,16PCC,M006,test,test,patches/S2_12-12-20_16PCC/S2_12-12-20_16PCC_7.tif,patches/S2_12-12-20_16PCC/S2_12-12-20_16PCC_7_cl.tif,patches/S2_12-12-20_16PCC/S2_12-12-20_16PCC_7_conf.tif,50de237e2627740d8023dd3b824149b76f3ccc77f03728d9b4e897d286b00aec
216,12-12-20_16PCC_8,12-12-20_16PCC,2020-12-12,16PCC,M006,test,test,patches/S2_12-12-20_16PCC/S2_12-12-20_16PCC_8.tif,patches/S2_12-12-20_16PCC/S2_12-12-20_16PCC_8_cl.tif,patches/S2_12-12-20_16PCC/S2_12-12-20_16PCC_8_conf.tif,e969ee12e688135ed57a4a2c2aa405340e19bc6a811fe71e0182a27c2b4778d7
217,12-12-20_16PCC_9,12-12-20_16PCC,2020-12-12,16PCC,M006,test,test,patches/S2_12-12-20_16PCC/S2_12-12-20_16PCC_9.tif,patches/S2_12-12-20_16PCC/S2_12-12-20_16PCC_9_cl.tif,patches/S2_12-12-20_16PCC/S2_12-12-20_16PCC_9_conf.tif,e327bbf6f5432c76543bb8a96320b47fd059d6ccf505c2c7a6ff1919dffec97a
218,13-12-18_16PCC_0,13-12-18_16PCC,2018-12-13,16PCC,M007,train,train,patches/S2_13-12-18_16PCC/S2_13-12-18_16PCC_0.tif,patches/S2_13-12-18_16PCC/S2_13-12-18_16PCC_0_cl.tif,patches/S2_13-12-18_16PCC/S2_13-12-18_16PCC_0_conf.tif,59dc6e2c1a8c215ccca2a0037e50eba8c4f93cc60ae1f369fcb9a1227885339d
219,13-12-18_16PCC_1,13-12-18_16PCC,2018-12-13,16PCC,M007,train,train,patches/S2_13-12-18_16PCC/S2_13-12-18_16PCC_1.tif,patches/S2_13-12-18_16PCC/S2_13-12-18_16PCC_1_cl.tif,patches/S2_13-12-18_16PCC/S2_13-12-18_16PCC_1_conf.tif,55d87107478b40ba09bb624224d780d8deef7f60101c60e5a0701eb09246745c
220,13-12-18_16PCC_10,13-12-18_16PCC,2018-12-13,16PCC,M007,train,train,patches/S2_13-12-18_16PCC/S2_13-12-18_16PCC_10.tif,patches/S2_13-12-18_16PCC/S2_13-12-18_16PCC_10_cl.tif,patches/S2_13-12-18_16PCC/S2_13-12-18_16PCC_10_conf.tif,d85d307c45a0f3fb34697c72337a85b6f27d5c922ba1f9d2aae4ae3fa2929288
221,13-12-18_16PCC_11,13-12-18_16PCC,2018-12-13,16PCC,M007,train,train,patches/S2_13-12-18_16PCC/S2_13-12-18_16PCC_11.tif,patches/S2_13-12-18_16PCC/S2_13-12-18_16PCC_11_cl.tif,patches/S2_13-12-18_16PCC/S2_13-12-18_16PCC_11_conf.tif,01e88f480e71d06ddbe3f186947492a3762398081954dadd4e89203bbdb4702f
222,13-12-18_16PCC_12,13-12-18_16PCC,2018-12-13,16PCC,M007,train,train,patches/S2_13-12-18_16PCC/S2_13-12-18_16PCC_12.tif,patches/S2_13-12-18_16PCC/S2_13-12-18_16PCC_12_cl.tif,patches/S2_13-12-18_16PCC/S2_13-12-18_16PCC_12_conf.tif,db2fd1abf3e169b0b833277f47d625f07e7eadfd62527f0ced710ee3fdd8bcb0
223,13-12-18_16PCC_13,13-12-18_16PCC,2018-12-13,16PCC,M007,train,train,patches/S2_13-12-18_16PCC/S2_13-12-18_16PCC_13.tif,patches/S2_13-12-18_16PCC/S2_13-12-18_16PCC_13_cl.tif,patches/S2_13-12-18_16PCC/S2_13-12-18_16PCC_13_conf.tif,a3be7f7aed983dba27d3d9b1b4496ca890783a208f46f9e420e77463edba5396
224,13-12-18_16PCC_14,13-12-18_16PCC,2018-12-13,16PCC,M007,train,train,patches/S2_13-12-18_16PCC/S2_13-12-18_16PCC_14.tif,patches/S2_13-12-18_16PCC/S2_13-12-18_16PCC_14_cl.tif,patches/S2_13-12-18_16PCC/S2_13-12-18_16PCC_14_conf.tif,647c5988715c77b46a8a49066c76a80d4841a222d781cde11fa79d7a88a61165
225,13-12-18_16PCC_15,13-12-18_16PCC,2018-12-13,16PCC,M007,train,train,patches/S2_13-12-18_16PCC/S2_13-12-18_16PCC_15.tif,patches/S2_13-12-18_16PCC/S2_13-12-18_16PCC_15_cl.tif,patches/S2_13-12-18_16PCC/S2_13-12-18_16PCC_15_conf.tif,6821d4b396a65fee12e59e75ddb919f8fa8e8298c4e78fed988a6aadd12c0406
226,13-12-18_16PCC_16,13-12-18_16PCC,2018-12-13,16PCC,M007,train,train,patches/S2_13-12-18_16PCC/S2_13-12-18_16PCC_16.tif,patches/S2_13-12-18_16PCC/S2_13-12-18_16PCC_16_cl.tif,patches/S2_13-12-18_16PCC/S2_13-12-18_16PCC_16_conf.tif,b77967411409069beea85f4b89ee5e4b3e5a64e7a8827a4865e31fc62f5a2af5
227,13-12-18_16PCC_17,13-12-18_16PCC,2018-12-13,16PCC,M007,train,train,patches/S2_13-12-18_16PCC/S2_13-12-18_16PCC_17.tif,patches/S2_13-12-18_16PCC/S2_13-12-18_16PCC_17_cl.tif,patches/S2_13-12-18_16PCC/S2_13-12-18_16PCC_17_conf.tif,e5dfb0ee3fdb59537913ace0123a954b7493ae7d12681fbdfd1cf0109836b475
228,13-12-18_16PCC_18,13-12-18_16PCC,2018-12-13,16PCC,M007,train,train,patches/S2_13-12-18_16PCC/S2_13-12-18_16PCC_18.tif,patches/S2_13-12-18_16PCC/S2_13-12-18_16PCC_18_cl.tif,patches/S2_13-12-18_16PCC/S2_13-12-18_16PCC_18_conf.tif,a02d74caaa188e7357edc589ae766ca4bc1fd6179574be4d1d1f26f04d9ecc16
229,13-12-18_16PCC_19,13-12-18_16PCC,2018-12-13,16PCC,M007,train,train,patches/S2_13-12-18_16PCC/S2_13-12-18_16PCC_19.tif,patches/S2_13-12-18_16PCC/S2_13-12-18_16PCC_19_cl.tif,patches/S2_13-12-18_16PCC/S2_13-12-18_16PCC_19_conf.tif,08a24291d79ed3ced3ef80515f8d162a54f627047e2e31d58fdbfe0a24f08508
230,13-12-18_16PCC_2,13-12-18_16PCC,2018-12-13,16PCC,M007,train,train,patches/S2_13-12-18_16PCC/S2_13-12-18_16PCC_2.tif,patches/S2_13-12-18_16PCC/S2_13-12-18_16PCC_2_cl.tif,patches/S2_13-12-18_16PCC/S2_13-12-18_16PCC_2_conf.tif,964174bcb54f1a54829c2761977eba03c9c970f4e07800bbd20c6920d90c7a4a
231,13-12-18_16PCC_20,13-12-18_16PCC,2018-12-13,16PCC,M007,train,train,patches/S2_13-12-18_16PCC/S2_13-12-18_16PCC_20.tif,patches/S2_13-12-18_16PCC/S2_13-12-18_16PCC_20_cl.tif,patches/S2_13-12-18_16PCC/S2_13-12-18_16PCC_20_conf.tif,630a853ef302ea91a3913fe6813666cbe172b7d494689cd90fadad3a245f5bb9
232,13-12-18_16PCC_21,13-12-18_16PCC,2018-12-13,16PCC,M007,train,train,patches/S2_13-12-18_16PCC/S2_13-12-18_16PCC_21.tif,patches/S2_13-12-18_16PCC/S2_13-12-18_16PCC_21_cl.tif,patches/S2_13-12-18_16PCC/S2_13-12-18_16PCC_21_conf.tif,bfc92fc43a1f13846fc3e13efc896db4e6e70cc80691d0881502de10e0a09b09
233,13-12-18_16PCC_22,13-12-18_16PCC,2018-12-13,16PCC,M007,train,train,patches/S2_13-12-18_16PCC/S2_13-12-18_16PCC_22.tif,patches/S2_13-12-18_16PCC/S2_13-12-18_16PCC_22_cl.tif,patches/S2_13-12-18_16PCC/S2_13-12-18_16PCC_22_conf.tif,71824f0e20b409ce0422a0134c0ab1edfbf71308a435e1ca28055a4fb44f271b
234,13-12-18_16PCC_23,13-12-18_16PCC,2018-12-13,16PCC,M007,train,train,patches/S2_13-12-18_16PCC/S2_13-12-18_16PCC_23.tif,patches/S2_13-12-18_16PCC/S2_13-12-18_16PCC_23_cl.tif,patches/S2_13-12-18_16PCC/S2_13-12-18_16PCC_23_conf.tif,e12e1bef95c64432e1ca53045db5cb47cfc51794be8a433741db97e187c414ea
235,13-12-18_16PCC_24,13-12-18_16PCC,2018-12-13,16PCC,M007,train,train,patches/S2_13-12-18_16PCC/S2_13-12-18_16PCC_24.tif,patches/S2_13-12-18_16PCC/S2_13-12-18_16PCC_24_cl.tif,patches/S2_13-12-18_16PCC/S2_13-12-18_16PCC_24_conf.tif,3d0db19437ce987e3ca5d782576edf803da94993429aeae7818b2995e8e36c95
236,13-12-18_16PCC_25,13-12-18_16PCC,2018-12-13,16PCC,M007,train,train,patches/S2_13-12-18_16PCC/S2_13-12-18_16PCC_25.tif,patches/S2_13-12-18_16PCC/S2_13-12-18_16PCC_25_cl.tif,patches/S2_13-12-18_16PCC/S2_13-12-18_16PCC_25_conf.tif,b7c8c0019d65c5f4bfcbe68c2137beb3b258e198ce308d90c77f3fb208ab3f10
237,13-12-18_16PCC_26,13-12-18_16PCC,2018-12-13,16PCC,M007,train,train,patches/S2_13-12-18_16PCC/S2_13-12-18_16PCC_26.tif,patches/S2_13-12-18_16PCC/S2_13-12-18_16PCC_26_cl.tif,patches/S2_13-12-18_16PCC/S2_13-12-18_16PCC_26_conf.tif,b32c7a5ffc3731edef9f24e238a0e64f709d659bf5474c2b5ae4881ea183b70f
238,13-12-18_16PCC_27,13-12-18_16PCC,2018-12-13,16PCC,M007,train,train,patches/S2_13-12-18_16PCC/S2_13-12-18_16PCC_27.tif,patches/S2_13-12-18_16PCC/S2_13-12-18_16PCC_27_cl.tif,patches/S2_13-12-18_16PCC/S2_13-12-18_16PCC_27_conf.tif,0a4db2a22ed0edc7bc8ae50a6be81fae9e55a0ecd62f39480ac85d9062e1db0c
239,13-12-18_16PCC_28,13-12-18_16PCC,2018-12-13,16PCC,M007,train,train,patches/S2_13-12-18_16PCC/S2_13-12-18_16PCC_28.tif,patches/S2_13-12-18_16PCC/S2_13-12-18_16PCC_28_cl.tif,patches/S2_13-12-18_16PCC/S2_13-12-18_16PCC_28_conf.tif,9c5378b172f24aa355e79c0706c265d4be4b4c8e7e077ce2030943ac9c009af2
240,13-12-18_16PCC_29,13-12-18_16PCC,2018-12-13,16PCC,M007,train,train,patches/S2_13-12-18_16PCC/S2_13-12-18_16PCC_29.tif,patches/S2_13-12-18_16PCC/S2_13-12-18_16PCC_29_cl.tif,patches/S2_13-12-18_16PCC/S2_13-12-18_16PCC_29_conf.tif,b32a2dda07b1688baa1436845e9894c8af436d5b5982374ed3b95f8b8bc0bfde
241,13-12-18_16PCC_3,13-12-18_16PCC,2018-12-13,16PCC,M007,train,train,patches/S2_13-12-18_16PCC/S2_13-12-18_16PCC_3.tif,patches/S2_13-12-18_16PCC/S2_13-12-18_16PCC_3_cl.tif,patches/S2_13-12-18_16PCC/S2_13-12-18_16PCC_3_conf.tif,7d8e0cafdc1044cba60508be49820a5f2716e734677071ea2eade45c04a24afe
242,13-12-18_16PCC_30,13-12-18_16PCC,2018-12-13,16PCC,M007,train,train,patches/S2_13-12-18_16PCC/S2_13-12-18_16PCC_30.tif,patches/S2_13-12-18_16PCC/S2_13-12-18_16PCC_30_cl.tif,patches/S2_13-12-18_16PCC/S2_13-12-18_16PCC_30_conf.tif,4d4d9704a684da4d81d4cf6f516533fcfab63dc78dbb732db461584a608abaf5
243,13-12-18_16PCC_31,13-12-18_16PCC,2018-12-13,16PCC,M007,train,train,patches/S2_13-12-18_16PCC/S2_13-12-18_16PCC_31.tif,patches/S2_13-12-18_16PCC/S2_13-12-18_16PCC_31_cl.tif,patches/S2_13-12-18_16PCC/S2_13-12-18_16PCC_31_conf.tif,bfbbd5fa1a0a83a4a637b53b6af62955a1e000679a0777164732790f953b4659
244,13-12-18_16PCC_32,13-12-18_16PCC,2018-12-13,16PCC,M007,train,train,patches/S2_13-12-18_16PCC/S2_13-12-18_16PCC_32.tif,patches/S2_13-12-18_16PCC/S2_13-12-18_16PCC_32_cl.tif,patches/S2_13-12-18_16PCC/S2_13-12-18_16PCC_32_conf.tif,a075afbf8b1f4ac6f0615d962f5ce600b091086a964504d707c0deb825e6a112
245,13-12-18_16PCC_4,13-12-18_16PCC,2018-12-13,16PCC,M007,train,train,patches/S2_13-12-18_16PCC/S2_13-12-18_16PCC_4.tif,patches/S2_13-12-18_16PCC/S2_13-12-18_16PCC_4_cl.tif,patches/S2_13-12-18_16PCC/S2_13-12-18_16PCC_4_conf.tif,948e16d0ca7e8bc6c066944d76d7b0bae329471c5b03b2a7e39c06873ca9c29a
246,13-12-18_16PCC_5,13-12-18_16PCC,2018-12-13,16PCC,M007,train,train,patches/S2_13-12-18_16PCC/S2_13-12-18_16PCC_5.tif,patches/S2_13-12-18_16PCC/S2_13-12-18_16PCC_5_cl.tif,patches/S2_13-12-18_16PCC/S2_13-12-18_16PCC_5_conf.tif,6e2b38056c24554503505cec0c35b24471e3a6cea4b9de4db84a58acf92546f0
247,13-12-18_16PCC_6,13-12-18_16PCC,2018-12-13,16PCC,M007,train,train,patches/S2_13-12-18_16PCC/S2_13-12-18_16PCC_6.tif,patches/S2_13-12-18_16PCC/S2_13-12-18_16PCC_6_cl.tif,patches/S2_13-12-18_16PCC/S2_13-12-18_16PCC_6_conf.tif,8bbdf6e1d85901b05eb9a43b12b257417595deaff0e0639fd4d436c822004010
248,13-12-18_16PCC_7,13-12-18_16PCC,2018-12-13,16PCC,M007,train,train,patches/S2_13-12-18_16PCC/S2_13-12-18_16PCC_7.tif,patches/S2_13-12-18_16PCC/S2_13-12-18_16PCC_7_cl.tif,patches/S2_13-12-18_16PCC/S2_13-12-18_16PCC_7_conf.tif,a5b04202f4d4c09384282cd441bddfb9cff9bb7720ca758390f875c967da2b02
249,13-12-18_16PCC_8,13-12-18_16PCC,2018-12-13,16PCC,M007,train,train,patches/S2_13-12-18_16PCC/S2_13-12-18_16PCC_8.tif,patches/S2_13-12-18_16PCC/S2_13-12-18_16PCC_8_cl.tif,patches/S2_13-12-18_16PCC/S2_13-12-18_16PCC_8_conf.tif,a4463c8b25fd41c6ea84fdf39307dfee9785b248d56e51ecc686e0a5bc2ca685
250,13-12-18_16PCC_9,13-12-18_16PCC,2018-12-13,16PCC,M007,train,train,patches/S2_13-12-18_16PCC/S2_13-12-18_16PCC_9.tif,patches/S2_13-12-18_16PCC/S2_13-12-18_16PCC_9_cl.tif,patches/S2_13-12-18_16PCC/S2_13-12-18_16PCC_9_conf.tif,fbee38ec1a728e4b3e50be0599ac79a2944a212c28f896ad8d028316cbebab7f
251,14-11-18_48PZC_0,14-11-18_48PZC,2018-11-14,48PZC,M008,test,test,patches/S2_14-11-18_48PZC/S2_14-11-18_48PZC_0.tif,patches/S2_14-11-18_48PZC/S2_14-11-18_48PZC_0_cl.tif,patches/S2_14-11-18_48PZC/S2_14-11-18_48PZC_0_conf.tif,ca1f2b2d1b8ec2583425cbb971acf5518a22f3630759cb87f689e04c0d274f48
252,14-11-18_48PZC_1,14-11-18_48PZC,2018-11-14,48PZC,M008,test,test,patches/S2_14-11-18_48PZC/S2_14-11-18_48PZC_1.tif,patches/S2_14-11-18_48PZC/S2_14-11-18_48PZC_1_cl.tif,patches/S2_14-11-18_48PZC/S2_14-11-18_48PZC_1_conf.tif,5d9515be719dcb7c163d29e463289b6fb9ca93c19c046d49aee6b12383ff67a5
253,14-11-18_48PZC_10,14-11-18_48PZC,2018-11-14,48PZC,M008,test,test,patches/S2_14-11-18_48PZC/S2_14-11-18_48PZC_10.tif,patches/S2_14-11-18_48PZC/S2_14-11-18_48PZC_10_cl.tif,patches/S2_14-11-18_48PZC/S2_14-11-18_48PZC_10_conf.tif,02f6ab981887312fcd92fbaa13095b85edb9d3578e8b9415543f8c2efc804ee9
254,14-11-18_48PZC_11,14-11-18_48PZC,2018-11-14,48PZC,M008,test,test,patches/S2_14-11-18_48PZC/S2_14-11-18_48PZC_11.tif,patches/S2_14-11-18_48PZC/S2_14-11-18_48PZC_11_cl.tif,patches/S2_14-11-18_48PZC/S2_14-11-18_48PZC_11_conf.tif,a778cdcbd2703c8057d3e1a0c8f035feeeb67012f037cee792f123c5cf64f2fb
255,14-11-18_48PZC_12,14-11-18_48PZC,2018-11-14,48PZC,M008,test,test,patches/S2_14-11-18_48PZC/S2_14-11-18_48PZC_12.tif,patches/S2_14-11-18_48PZC/S2_14-11-18_48PZC_12_cl.tif,patches/S2_14-11-18_48PZC/S2_14-11-18_48PZC_12_conf.tif,2f5c721083f2a6ad7c5ebb9e709c768cebdbfb2c287564634a7a2f838c50715f
256,14-11-18_48PZC_13,14-11-18_48PZC,2018-11-14,48PZC,M008,test,test,patches/S2_14-11-18_48PZC/S2_14-11-18_48PZC_13.tif,patches/S2_14-11-18_48PZC/S2_14-11-18_48PZC_13_cl.tif,patches/S2_14-11-18_48PZC/S2_14-11-18_48PZC_13_conf.tif,cdf2c0b4c4d19bdec3e5374a2a09498842621a41e4d4a06d896330d8f24a7b6b
257,14-11-18_48PZC_14,14-11-18_48PZC,2018-11-14,48PZC,M008,test,test,patches/S2_14-11-18_48PZC/S2_14-11-18_48PZC_14.tif,patches/S2_14-11-18_48PZC/S2_14-11-18_48PZC_14_cl.tif,patches/S2_14-11-18_48PZC/S2_14-11-18_48PZC_14_conf.tif,a91a250393fc94fd7831ccf9ba6b4c2c531c238600feb8e6f5cba72089889a47
258,14-11-18_48PZC_15,14-11-18_48PZC,2018-11-14,48PZC,M008,test,test,patches/S2_14-11-18_48PZC/S2_14-11-18_48PZC_15.tif,patches/S2_14-11-18_48PZC/S2_14-11-18_48PZC_15_cl.tif,patches/S2_14-11-18_48PZC/S2_14-11-18_48PZC_15_conf.tif,37bfb01f1d913c4ea9ddc5ac8e2ee3b02d83071a3548b903f9c9a155b07a785d
259,14-11-18_48PZC_16,14-11-18_48PZC,2018-11-14,48PZC,M008,test,test,patches/S2_14-11-18_48PZC/S2_14-11-18_48PZC_16.tif,patches/S2_14-11-18_48PZC/S2_14-11-18_48PZC_16_cl.tif,patches/S2_14-11-18_48PZC/S2_14-11-18_48PZC_16_conf.tif,ec722ce21d5d3c33422e162255f1f2401baf4fb9ca0633afe0547c9d7173b02b
260,14-11-18_48PZC_2,14-11-18_48PZC,2018-11-14,48PZC,M008,test,test,patches/S2_14-11-18_48PZC/S2_14-11-18_48PZC_2.tif,patches/S2_14-11-18_48PZC/S2_14-11-18_48PZC_2_cl.tif,patches/S2_14-11-18_48PZC/S2_14-11-18_48PZC_2_conf.tif,280c147cc1d07471e1b609c59cba4bd51d83a4733aaa8d7b663593575b31440b
261,14-11-18_48PZC_3,14-11-18_48PZC,2018-11-14,48PZC,M008,test,test,patches/S2_14-11-18_48PZC/S2_14-11-18_48PZC_3.tif,patches/S2_14-11-18_48PZC/S2_14-11-18_48PZC_3_cl.tif,patches/S2_14-11-18_48PZC/S2_14-11-18_48PZC_3_conf.tif,55772c8e5865db5c2bba9e565420af9fe784207c64a3d3ac6c7c074ab7a5b19b
262,14-11-18_48PZC_4,14-11-18_48PZC,2018-11-14,48PZC,M008,test,test,patches/S2_14-11-18_48PZC/S2_14-11-18_48PZC_4.tif,patches/S2_14-11-18_48PZC/S2_14-11-18_48PZC_4_cl.tif,patches/S2_14-11-18_48PZC/S2_14-11-18_48PZC_4_conf.tif,7b4eaa5fea37bc70025469a7778e9820e160a9964a3ccf390070229653a47787
263,14-11-18_48PZC_5,14-11-18_48PZC,2018-11-14,48PZC,M008,test,test,patches/S2_14-11-18_48PZC/S2_14-11-18_48PZC_5.tif,patches/S2_14-11-18_48PZC/S2_14-11-18_48PZC_5_cl.tif,patches/S2_14-11-18_48PZC/S2_14-11-18_48PZC_5_conf.tif,cc95fc2cfe4d7a88af1c99c842badf37ba1ec512d0112fa856e29428030347ae
264,14-11-18_48PZC_6,14-11-18_48PZC,2018-11-14,48PZC,M008,test,test,patches/S2_14-11-18_48PZC/S2_14-11-18_48PZC_6.tif,patches/S2_14-11-18_48PZC/S2_14-11-18_48PZC_6_cl.tif,patches/S2_14-11-18_48PZC/S2_14-11-18_48PZC_6_conf.tif,7d00dba8651b2684aa5718a9d8c4e3af1b8ce01b3b6504ce9a5898843bc4f563
265,14-11-18_48PZC_7,14-11-18_48PZC,2018-11-14,48PZC,M008,test,test,patches/S2_14-11-18_48PZC/S2_14-11-18_48PZC_7.tif,patches/S2_14-11-18_48PZC/S2_14-11-18_48PZC_7_cl.tif,patches/S2_14-11-18_48PZC/S2_14-11-18_48PZC_7_conf.tif,3629a715484f0a57cdb66882b5084050567ecf777deeea17efca24e4906b96d0
266,14-11-18_48PZC_8,14-11-18_48PZC,2018-11-14,48PZC,M008,test,test,patches/S2_14-11-18_48PZC/S2_14-11-18_48PZC_8.tif,patches/S2_14-11-18_48PZC/S2_14-11-18_48PZC_8_cl.tif,patches/S2_14-11-18_48PZC/S2_14-11-18_48PZC_8_conf.tif,469bcabab5772bb9f55efc6123ae7e84c5bd0597199275eaff228e030017eb60
267,14-11-18_48PZC_9,14-11-18_48PZC,2018-11-14,48PZC,M008,test,test,patches/S2_14-11-18_48PZC/S2_14-11-18_48PZC_9.tif,patches/S2_14-11-18_48PZC/S2_14-11-18_48PZC_9_cl.tif,patches/S2_14-11-18_48PZC/S2_14-11-18_48PZC_9_conf.tif,76cf8dadf0e71553bd46957937229f1268d2327ac734be7079f4c2606e705a6f
268,14-12-20_18QYF_0,14-12-20_18QYF,2020-12-14,18QYF,M009,train,train,patches/S2_14-12-20_18QYF/S2_14-12-20_18QYF_0.tif,patches/S2_14-12-20_18QYF/S2_14-12-20_18QYF_0_cl.tif,patches/S2_14-12-20_18QYF/S2_14-12-20_18QYF_0_conf.tif,420236e9a2c6be3c834b9236d8fcf21c0e9d78ca42c09ebc17792acf22a080e7
269,14-12-20_18QYF_1,14-12-20_18QYF,2020-12-14,18QYF,M009,train,train,patches/S2_14-12-20_18QYF/S2_14-12-20_18QYF_1.tif,patches/S2_14-12-20_18QYF/S2_14-12-20_18QYF_1_cl.tif,patches/S2_14-12-20_18QYF/S2_14-12-20_18QYF_1_conf.tif,4415ae58d325eff91fae94475590b86ba1c88d2180645e45228fcc99fa3f3b7e
270,14-12-20_18QYF_2,14-12-20_18QYF,2020-12-14,18QYF,M009,train,train,patches/S2_14-12-20_18QYF/S2_14-12-20_18QYF_2.tif,patches/S2_14-12-20_18QYF/S2_14-12-20_18QYF_2_cl.tif,patches/S2_14-12-20_18QYF/S2_14-12-20_18QYF_2_conf.tif,d2e1a14baa690976a8c06c4f11967dbd8a6b7fb784327c5f85344977fe09af69
271,14-12-20_18QYF_3,14-12-20_18QYF,2020-12-14,18QYF,M009,train,train,patches/S2_14-12-20_18QYF/S2_14-12-20_18QYF_3.tif,patches/S2_14-12-20_18QYF/S2_14-12-20_18QYF_3_cl.tif,patches/S2_14-12-20_18QYF/S2_14-12-20_18QYF_3_conf.tif,fe6c4c2da5845dd3fdf49db0bb494a665c8a38fc3249aa8db90d5e1cd64b2a98
272,14-3-20_18QYF_0,14-3-20_18QYF,2020-03-14,18QYF,M010,val,val,patches/S2_14-3-20_18QYF/S2_14-3-20_18QYF_0.tif,patches/S2_14-3-20_18QYF/S2_14-3-20_18QYF_0_cl.tif,patches/S2_14-3-20_18QYF/S2_14-3-20_18QYF_0_conf.tif,903a3ee096aecd599555fc7fddc6b1eba0db9b0155d706459e68ab056e6f22d2
273,14-3-20_18QYF_1,14-3-20_18QYF,2020-03-14,18QYF,M010,val,val,patches/S2_14-3-20_18QYF/S2_14-3-20_18QYF_1.tif,patches/S2_14-3-20_18QYF/S2_14-3-20_18QYF_1_cl.tif,patches/S2_14-3-20_18QYF/S2_14-3-20_18QYF_1_conf.tif,734f5e2171ba5c9fe3e24485efd13f9912a347cb7f883bce8e75e1f7815eb599
274,14-3-20_18QYF_2,14-3-20_18QYF,2020-03-14,18QYF,M010,val,val,patches/S2_14-3-20_18QYF/S2_14-3-20_18QYF_2.tif,patches/S2_14-3-20_18QYF/S2_14-3-20_18QYF_2_cl.tif,patches/S2_14-3-20_18QYF/S2_14-3-20_18QYF_2_conf.tif,ed8520ad5aa01cb9337dc898948d8edb9f0c32cd5356656e924f7716d27e339b
275,14-3-20_18QYF_3,14-3-20_18QYF,2020-03-14,18QYF,M010,val,val,patches/S2_14-3-20_18QYF/S2_14-3-20_18QYF_3.tif,patches/S2_14-3-20_18QYF/S2_14-3-20_18QYF_3_cl.tif,patches/S2_14-3-20_18QYF/S2_14-3-20_18QYF_3_conf.tif,1d9596b13508d3643300a838512a549e9beead44a3d9e3b9a17e97ec55cbab44
276,14-3-20_18QYF_4,14-3-20_18QYF,2020-03-14,18QYF,M010,val,val,patches/S2_14-3-20_18QYF/S2_14-3-20_18QYF_4.tif,patches/S2_14-3-20_18QYF/S2_14-3-20_18QYF_4_cl.tif,patches/S2_14-3-20_18QYF/S2_14-3-20_18QYF_4_conf.tif,187b116a96f6d9c9fda5ab29afc1c096233ebd025d99720b6630c5d3befabe97
277,14-3-20_18QYF_5,14-3-20_18QYF,2020-03-14,18QYF,M010,val,val,patches/S2_14-3-20_18QYF/S2_14-3-20_18QYF_5.tif,patches/S2_14-3-20_18QYF/S2_14-3-20_18QYF_5_cl.tif,patches/S2_14-3-20_18QYF/S2_14-3-20_18QYF_5_conf.tif,f9007f0e0bbaecf1b297e476a3a55a3ddf7a06e1545b50d562c6acdf959e133d
278,14-3-20_18QYF_6,14-3-20_18QYF,2020-03-14,18QYF,M010,val,val,patches/S2_14-3-20_18QYF/S2_14-3-20_18QYF_6.tif,patches/S2_14-3-20_18QYF/S2_14-3-20_18QYF_6_cl.tif,patches/S2_14-3-20_18QYF/S2_14-3-20_18QYF_6_conf.tif,aa0b8dbc8d133527e748599f0f0679f88841af5011d53984be16cb5799ad7ea3
279,14-3-20_18QYF_7,14-3-20_18QYF,2020-03-14,18QYF,M010,val,val,patches/S2_14-3-20_18QYF/S2_14-3-20_18QYF_7.tif,patches/S2_14-3-20_18QYF/S2_14-3-20_18QYF_7_cl.tif,patches/S2_14-3-20_18QYF/S2_14-3-20_18QYF_7_conf.tif,5990e8ffa26c05a2c8db0e83e597ae36d8651567b14ce499001fe3f062ca876a
280,14-9-18_16PCC_0,14-9-18_16PCC,2018-09-14,16PCC,M011,test,test,patches/S2_14-9-18_16PCC/S2_14-9-18_16PCC_0.tif,patches/S2_14-9-18_16PCC/S2_14-9-18_16PCC_0_cl.tif,patches/S2_14-9-18_16PCC/S2_14-9-18_16PCC_0_conf.tif,f8ec243925e997b3336e159057208cb3fb254f223ecf03bc182da221673e4903
281,14-9-18_16PCC_1,14-9-18_16PCC,2018-09-14,16PCC,M011,test,test,patches/S2_14-9-18_16PCC/S2_14-9-18_16PCC_1.tif,patches/S2_14-9-18_16PCC/S2_14-9-18_16PCC_1_cl.tif,patches/S2_14-9-18_16PCC/S2_14-9-18_16PCC_1_conf.tif,d75befbe449e7d2dd620dd51ce072f1a13302f00d2ac7c9a118506bf6ae85743
282,14-9-18_16PCC_10,14-9-18_16PCC,2018-09-14,16PCC,M011,test,test,patches/S2_14-9-18_16PCC/S2_14-9-18_16PCC_10.tif,patches/S2_14-9-18_16PCC/S2_14-9-18_16PCC_10_cl.tif,patches/S2_14-9-18_16PCC/S2_14-9-18_16PCC_10_conf.tif,fe70e3d23265793f46b9aa3aa0f40f931083844dbe916b2aa12579b079100bb8
283,14-9-18_16PCC_11,14-9-18_16PCC,2018-09-14,16PCC,M011,test,test,patches/S2_14-9-18_16PCC/S2_14-9-18_16PCC_11.tif,patches/S2_14-9-18_16PCC/S2_14-9-18_16PCC_11_cl.tif,patches/S2_14-9-18_16PCC/S2_14-9-18_16PCC_11_conf.tif,dbaa3c633695a117e50a2ceff48e5f5bf2b572854b879f26d5ebe9755937ce98
284,14-9-18_16PCC_12,14-9-18_16PCC,2018-09-14,16PCC,M011,test,test,patches/S2_14-9-18_16PCC/S2_14-9-18_16PCC_12.tif,patches/S2_14-9-18_16PCC/S2_14-9-18_16PCC_12_cl.tif,patches/S2_14-9-18_16PCC/S2_14-9-18_16PCC_12_conf.tif,3f542c9c7cc65e1addcb03d6c1600b34bf7648f5c900e610d90314f06c0c59af
285,14-9-18_16PCC_13,14-9-18_16PCC,2018-09-14,16PCC,M011,test,test,patches/S2_14-9-18_16PCC/S2_14-9-18_16PCC_13.tif,patches/S2_14-9-18_16PCC/S2_14-9-18_16PCC_13_cl.tif,patches/S2_14-9-18_16PCC/S2_14-9-18_16PCC_13_conf.tif,1ee92d678292946940506db07e8c4bf44dd26598a0f0f515e1e5564311ccb25f
286,14-9-18_16PCC_14,14-9-18_16PCC,2018-09-14,16PCC,M011,test,test,patches/S2_14-9-18_16PCC/S2_14-9-18_16PCC_14.tif,patches/S2_14-9-18_16PCC/S2_14-9-18_16PCC_14_cl.tif,patches/S2_14-9-18_16PCC/S2_14-9-18_16PCC_14_conf.tif,98dbd04cdd9e41edfe139148ac3c8ee0ac60ea1f46cc21a14ae3ab0e92be582c
287,14-9-18_16PCC_15,14-9-18_16PCC,2018-09-14,16PCC,M011,test,test,patches/S2_14-9-18_16PCC/S2_14-9-18_16PCC_15.tif,patches/S2_14-9-18_16PCC/S2_14-9-18_16PCC_15_cl.tif,patches/S2_14-9-18_16PCC/S2_14-9-18_16PCC_15_conf.tif,00d5ab3fb3bcdae4df147a633c9115bd36b0f7f9db7cf726af634be1427aac62
288,14-9-18_16PCC_16,14-9-18_16PCC,2018-09-14,16PCC,M011,test,test,patches/S2_14-9-18_16PCC/S2_14-9-18_16PCC_16.tif,patches/S2_14-9-18_16PCC/S2_14-9-18_16PCC_16_cl.tif,patches/S2_14-9-18_16PCC/S2_14-9-18_16PCC_16_conf.tif,f706900ac07c5726182d1878d76f28b95be12f9164d41fc3e1b82c1dc15e90f6
289,14-9-18_16PCC_17,14-9-18_16PCC,2018-09-14,16PCC,M011,test,test,patches/S2_14-9-18_16PCC/S2_14-9-18_16PCC_17.tif,patches/S2_14-9-18_16PCC/S2_14-9-18_16PCC_17_cl.tif,patches/S2_14-9-18_16PCC/S2_14-9-18_16PCC_17_conf.tif,19e8bb3ac58754f9a2d6948f1448e69585d27f227b1cc4a02839a6211f9d70c4
290,14-9-18_16PCC_18,14-9-18_16PCC,2018-09-14,16PCC,M011,test,test,patches/S2_14-9-18_16PCC/S2_14-9-18_16PCC_18.tif,patches/S2_14-9-18_16PCC/S2_14-9-18_16PCC_18_cl.tif,patches/S2_14-9-18_16PCC/S2_14-9-18_16PCC_18_conf.tif,3b681e47387ff721c8f4f5409e93b0ef854e421b5da7ead21174a8bb21ee6ae5
291,14-9-18_16PCC_19,14-9-18_16PCC,2018-09-14,16PCC,M011,test,test,patches/S2_14-9-18_16PCC/S2_14-9-18_16PCC_19.tif,patches/S2_14-9-18_16PCC/S2_14-9-18_16PCC_19_cl.tif,patches/S2_14-9-18_16PCC/S2_14-9-18_16PCC_19_conf.tif,b4610fb29f49ca6ec44c8b20a2cdb971c238d0d0710f49c82071252ede1d65b9
292,14-9-18_16PCC_2,14-9-18_16PCC,2018-09-14,16PCC,M011,test,test,patches/S2_14-9-18_16PCC/S2_14-9-18_16PCC_2.tif,patches/S2_14-9-18_16PCC/S2_14-9-18_16PCC_2_cl.tif,patches/S2_14-9-18_16PCC/S2_14-9-18_16PCC_2_conf.tif,5005c7a1f4090e9dd0e9f055d74f8a2811a069b664b3232f823ccfcce1f94f0f
293,14-9-18_16PCC_20,14-9-18_16PCC,2018-09-14,16PCC,M011,test,test,patches/S2_14-9-18_16PCC/S2_14-9-18_16PCC_20.tif,patches/S2_14-9-18_16PCC/S2_14-9-18_16PCC_20_cl.tif,patches/S2_14-9-18_16PCC/S2_14-9-18_16PCC_20_conf.tif,f35d02b951f2da8fbdaf6e7739031f62c02445e073101bbdd51b548398c71535
294,14-9-18_16PCC_21,14-9-18_16PCC,2018-09-14,16PCC,M011,test,test,patches/S2_14-9-18_16PCC/S2_14-9-18_16PCC_21.tif,patches/S2_14-9-18_16PCC/S2_14-9-18_16PCC_21_cl.tif,patches/S2_14-9-18_16PCC/S2_14-9-18_16PCC_21_conf.tif,c73738e9b557e8387f766af711e39681e8cca55ff9aa87fbdba6109550096e70
295,14-9-18_16PCC_22,14-9-18_16PCC,2018-09-14,16PCC,M011,test,test,patches/S2_14-9-18_16PCC/S2_14-9-18_16PCC_22.tif,patches/S2_14-9-18_16PCC/S2_14-9-18_16PCC_22_cl.tif,patches/S2_14-9-18_16PCC/S2_14-9-18_16PCC_22_conf.tif,543ad76a4394dedaffd5561eef26177e25b29743e42bdbdbf3c1c598a726db78
296,14-9-18_16PCC_23,14-9-18_16PCC,2018-09-14,16PCC,M011,test,test,patches/S2_14-9-18_16PCC/S2_14-9-18_16PCC_23.tif,patches/S2_14-9-18_16PCC/S2_14-9-18_16PCC_23_cl.tif,patches/S2_14-9-18_16PCC/S2_14-9-18_16PCC_23_conf.tif,d16dbfa6aed459d97e07b8e2fba85b6f260e0e55b573a305e1f050be9521151b
297,14-9-18_16PCC_24,14-9-18_16PCC,2018-09-14,16PCC,M011,test,test,patches/S2_14-9-18_16PCC/S2_14-9-18_16PCC_24.tif,patches/S2_14-9-18_16PCC/S2_14-9-18_16PCC_24_cl.tif,patches/S2_14-9-18_16PCC/S2_14-9-18_16PCC_24_conf.tif,d6da2d31df27be05498f81acb2bc959c40ca0654e310629606a4f3e4534455ee
298,14-9-18_16PCC_25,14-9-18_16PCC,2018-09-14,16PCC,M011,test,test,patches/S2_14-9-18_16PCC/S2_14-9-18_16PCC_25.tif,patches/S2_14-9-18_16PCC/S2_14-9-18_16PCC_25_cl.tif,patches/S2_14-9-18_16PCC/S2_14-9-18_16PCC_25_conf.tif,79019b89abed56dea70ad5c654321c91dc571cd36fa3d21c6e7e37eef061d92e
299,14-9-18_16PCC_26,14-9-18_16PCC,2018-09-14,16PCC,M011,test,test,patches/S2_14-9-18_16PCC/S2_14-9-18_16PCC_26.tif,patches/S2_14-9-18_16PCC/S2_14-9-18_16PCC_26_cl.tif,patches/S2_14-9-18_16PCC/S2_14-9-18_16PCC_26_conf.tif,f4dd3f2a3896eb3e65a8cff9beb97300af31749e67b99e570de1fc63876d61de
300,14-9-18_16PCC_27,14-9-18_16PCC,2018-09-14,16PCC,M011,test,test,patches/S2_14-9-18_16PCC/S2_14-9-18_16PCC_27.tif,patches/S2_14-9-18_16PCC/S2_14-9-18_16PCC_27_cl.tif,patches/S2_14-9-18_16PCC/S2_14-9-18_16PCC_27_conf.tif,9ec26f9759c13e861590956306c0e56b023c7e9a93e3d81bd3138863ae0b5609
301,14-9-18_16PCC_28,14-9-18_16PCC,2018-09-14,16PCC,M011,test,test,patches/S2_14-9-18_16PCC/S2_14-9-18_16PCC_28.tif,patches/S2_14-9-18_16PCC/S2_14-9-18_16PCC_28_cl.tif,patches/S2_14-9-18_16PCC/S2_14-9-18_16PCC_28_conf.tif,4f004066bd828f88302e4efe19b8c603ad1593e8144a27a04273fbb939eafa7e
302,14-9-18_16PCC_29,14-9-18_16PCC,2018-09-14,16PCC,M011,test,test,patches/S2_14-9-18_16PCC/S2_14-9-18_16PCC_29.tif,patches/S2_14-9-18_16PCC/S2_14-9-18_16PCC_29_cl.tif,patches/S2_14-9-18_16PCC/S2_14-9-18_16PCC_29_conf.tif,58f6cc61ab2f0738a7fb3a8826de132bdfa945f3e95d4581c0ee4a83157ef6ae
303,14-9-18_16PCC_3,14-9-18_16PCC,2018-09-14,16PCC,M011,test,test,patches/S2_14-9-18_16PCC/S2_14-9-18_16PCC_3.tif,patches/S2_14-9-18_16PCC/S2_14-9-18_16PCC_3_cl.tif,patches/S2_14-9-18_16PCC/S2_14-9-18_16PCC_3_conf.tif,8a1718f2afde40c0dcec00fbec871a503b05cf1ccde49dbf15ea7de67a093e18
304,14-9-18_16PCC_30,14-9-18_16PCC,2018-09-14,16PCC,M011,test,test,patches/S2_14-9-18_16PCC/S2_14-9-18_16PCC_30.tif,patches/S2_14-9-18_16PCC/S2_14-9-18_16PCC_30_cl.tif,patches/S2_14-9-18_16PCC/S2_14-9-18_16PCC_30_conf.tif,1b1f8ad35e9b2707937be45ac6d321672bb6bb213c166411cd025ac0c075427a
305,14-9-18_16PCC_31,14-9-18_16PCC,2018-09-14,16PCC,M011,test,test,patches/S2_14-9-18_16PCC/S2_14-9-18_16PCC_31.tif,patches/S2_14-9-18_16PCC/S2_14-9-18_16PCC_31_cl.tif,patches/S2_14-9-18_16PCC/S2_14-9-18_16PCC_31_conf.tif,1d65c54049cddbb1da583f236cefa255c165402dfd24196c495bed7d3f354b69
306,14-9-18_16PCC_32,14-9-18_16PCC,2018-09-14,16PCC,M011,test,test,patches/S2_14-9-18_16PCC/S2_14-9-18_16PCC_32.tif,patches/S2_14-9-18_16PCC/S2_14-9-18_16PCC_32_cl.tif,patches/S2_14-9-18_16PCC/S2_14-9-18_16PCC_32_conf.tif,f5394df7f55ed229be24050f3cacb99ebb53d3d558967b41bea68857780528b9
307,14-9-18_16PCC_33,14-9-18_16PCC,2018-09-14,16PCC,M011,test,test,patches/S2_14-9-18_16PCC/S2_14-9-18_16PCC_33.tif,patches/S2_14-9-18_16PCC/S2_14-9-18_16PCC_33_cl.tif,patches/S2_14-9-18_16PCC/S2_14-9-18_16PCC_33_conf.tif,33e95d09f9f0a861057e3f2c334e1416d3a3224ac4147cec7132d27729ab34c1
308,14-9-18_16PCC_34,14-9-18_16PCC,2018-09-14,16PCC,M011,test,test,patches/S2_14-9-18_16PCC/S2_14-9-18_16PCC_34.tif,patches/S2_14-9-18_16PCC/S2_14-9-18_16PCC_34_cl.tif,patches/S2_14-9-18_16PCC/S2_14-9-18_16PCC_34_conf.tif,cff0b344a67539fea8bc349e1af02734441693186a8b4ebaa29bafe167f80110
309,14-9-18_16PCC_35,14-9-18_16PCC,2018-09-14,16PCC,M011,test,test,patches/S2_14-9-18_16PCC/S2_14-9-18_16PCC_35.tif,patches/S2_14-9-18_16PCC/S2_14-9-18_16PCC_35_cl.tif,patches/S2_14-9-18_16PCC/S2_14-9-18_16PCC_35_conf.tif,1e981e197e9919a98ce48e66dc26ef16d03fd8620f304626c65c2240c582d870
310,14-9-18_16PCC_36,14-9-18_16PCC,2018-09-14,16PCC,M011,test,test,patches/S2_14-9-18_16PCC/S2_14-9-18_16PCC_36.tif,patches/S2_14-9-18_16PCC/S2_14-9-18_16PCC_36_cl.tif,patches/S2_14-9-18_16PCC/S2_14-9-18_16PCC_36_conf.tif,6d0a1a2555432937f04bb46925d5e46df327d30b184af28f8baf38ebd8009047
311,14-9-18_16PCC_37,14-9-18_16PCC,2018-09-14,16PCC,M011,test,test,patches/S2_14-9-18_16PCC/S2_14-9-18_16PCC_37.tif,patches/S2_14-9-18_16PCC/S2_14-9-18_16PCC_37_cl.tif,patches/S2_14-9-18_16PCC/S2_14-9-18_16PCC_37_conf.tif,77b56a6b5b833ee8ec4dc3722559d5b6945e56c67bd8f37324cbf568bfce9ecb
312,14-9-18_16PCC_38,14-9-18_16PCC,2018-09-14,16PCC,M011,test,test,patches/S2_14-9-18_16PCC/S2_14-9-18_16PCC_38.tif,patches/S2_14-9-18_16PCC/S2_14-9-18_16PCC_38_cl.tif,patches/S2_14-9-18_16PCC/S2_14-9-18_16PCC_38_conf.tif,90229acd36823fe234653961057601122331fe2afcf31f5696cb1608136096de
313,14-9-18_16PCC_39,14-9-18_16PCC,2018-09-14,16PCC,M011,test,test,patches/S2_14-9-18_16PCC/S2_14-9-18_16PCC_39.tif,patches/S2_14-9-18_16PCC/S2_14-9-18_16PCC_39_cl.tif,patches/S2_14-9-18_16PCC/S2_14-9-18_16PCC_39_conf.tif,7cac616503aee64ea5697e06033b810b5073a2bc23e8018d7397ddf990e9e83b
314,14-9-18_16PCC_4,14-9-18_16PCC,2018-09-14,16PCC,M011,test,test,patches/S2_14-9-18_16PCC/S2_14-9-18_16PCC_4.tif,patches/S2_14-9-18_16PCC/S2_14-9-18_16PCC_4_cl.tif,patches/S2_14-9-18_16PCC/S2_14-9-18_16PCC_4_conf.tif,10a55d22c9d0a0cc20e43eba79b144c460704c440faffaf0185c56f281745a4a
315,14-9-18_16PCC_40,14-9-18_16PCC,2018-09-14,16PCC,M011,test,test,patches/S2_14-9-18_16PCC/S2_14-9-18_16PCC_40.tif,patches/S2_14-9-18_16PCC/S2_14-9-18_16PCC_40_cl.tif,patches/S2_14-9-18_16PCC/S2_14-9-18_16PCC_40_conf.tif,47cd782a8d5594f5a92a06f6bd2ff896d50cc7d257408efafcad3f7e46c227f2
316,14-9-18_16PCC_41,14-9-18_16PCC,2018-09-14,16PCC,M011,test,test,patches/S2_14-9-18_16PCC/S2_14-9-18_16PCC_41.tif,patches/S2_14-9-18_16PCC/S2_14-9-18_16PCC_41_cl.tif,patches/S2_14-9-18_16PCC/S2_14-9-18_16PCC_41_conf.tif,2a4a5ee944e4b76f91e8f5ca90de4ba39dd7ecf583ec13132363363ebf405ed4
317,14-9-18_16PCC_42,14-9-18_16PCC,2018-09-14,16PCC,M011,test,test,patches/S2_14-9-18_16PCC/S2_14-9-18_16PCC_42.tif,patches/S2_14-9-18_16PCC/S2_14-9-18_16PCC_42_cl.tif,patches/S2_14-9-18_16PCC/S2_14-9-18_16PCC_42_conf.tif,c3e11183348d981f79fc865b8c55cc9b0fa5dd6d4e5e04500b7167880151a5f6
318,14-9-18_16PCC_43,14-9-18_16PCC,2018-09-14,16PCC,M011,test,test,patches/S2_14-9-18_16PCC/S2_14-9-18_16PCC_43.tif,patches/S2_14-9-18_16PCC/S2_14-9-18_16PCC_43_cl.tif,patches/S2_14-9-18_16PCC/S2_14-9-18_16PCC_43_conf.tif,260669e1fbb9ff8033ef0730cf38024eedcb1bae6bad2b325792921a1584a7e3
319,14-9-18_16PCC_5,14-9-18_16PCC,2018-09-14,16PCC,M011,test,test,patches/S2_14-9-18_16PCC/S2_14-9-18_16PCC_5.tif,patches/S2_14-9-18_16PCC/S2_14-9-18_16PCC_5_cl.tif,patches/S2_14-9-18_16PCC/S2_14-9-18_16PCC_5_conf.tif,152984948192832d917a02b352bdf666cbd6712b5e024633a87c7f6086b8fc18
320,14-9-18_16PCC_6,14-9-18_16PCC,2018-09-14,16PCC,M011,test,test,patches/S2_14-9-18_16PCC/S2_14-9-18_16PCC_6.tif,patches/S2_14-9-18_16PCC/S2_14-9-18_16PCC_6_cl.tif,patches/S2_14-9-18_16PCC/S2_14-9-18_16PCC_6_conf.tif,0e70a03e5b859f5ecb7f1db414730576f0cde06034dce911c1e43b4260422295
321,14-9-18_16PCC_7,14-9-18_16PCC,2018-09-14,16PCC,M011,test,test,patches/S2_14-9-18_16PCC/S2_14-9-18_16PCC_7.tif,patches/S2_14-9-18_16PCC/S2_14-9-18_16PCC_7_cl.tif,patches/S2_14-9-18_16PCC/S2_14-9-18_16PCC_7_conf.tif,6907a6accdfd232458bebed186c9a80de14b44b47c49b91d02dcc339ffcfc5ed
322,14-9-18_16PCC_8,14-9-18_16PCC,2018-09-14,16PCC,M011,test,test,patches/S2_14-9-18_16PCC/S2_14-9-18_16PCC_8.tif,patches/S2_14-9-18_16PCC/S2_14-9-18_16PCC_8_cl.tif,patches/S2_14-9-18_16PCC/S2_14-9-18_16PCC_8_conf.tif,63701525919f8eba9b2fa140a7185627e15d9c8d9e30b293a991600d57a48a49
323,14-9-18_16PCC_9,14-9-18_16PCC,2018-09-14,16PCC,M011,test,test,patches/S2_14-9-18_16PCC/S2_14-9-18_16PCC_9.tif,patches/S2_14-9-18_16PCC/S2_14-9-18_16PCC_9_cl.tif,patches/S2_14-9-18_16PCC/S2_14-9-18_16PCC_9_conf.tif,49ebe45b7f62d214482e80cbd8c19e9b107978c6981d25126f2421303c57e1a0
324,15-10-20_18QYF_0,15-10-20_18QYF,2020-10-15,18QYF,M012,train,train,patches/S2_15-10-20_18QYF/S2_15-10-20_18QYF_0.tif,patches/S2_15-10-20_18QYF/S2_15-10-20_18QYF_0_cl.tif,patches/S2_15-10-20_18QYF/S2_15-10-20_18QYF_0_conf.tif,3a1edba9a44a5078950f3fa49f81ca5fa609d2e4ecebc6f2d4fbbeb8a6b94019
325,15-10-20_18QYF_1,15-10-20_18QYF,2020-10-15,18QYF,M012,train,train,patches/S2_15-10-20_18QYF/S2_15-10-20_18QYF_1.tif,patches/S2_15-10-20_18QYF/S2_15-10-20_18QYF_1_cl.tif,patches/S2_15-10-20_18QYF/S2_15-10-20_18QYF_1_conf.tif,db9e66b53988f1ce5579b7eaf96ff7bb2cd494809a3b32ac502b954b66f5c155
326,15-10-20_18QYF_10,15-10-20_18QYF,2020-10-15,18QYF,M012,train,train,patches/S2_15-10-20_18QYF/S2_15-10-20_18QYF_10.tif,patches/S2_15-10-20_18QYF/S2_15-10-20_18QYF_10_cl.tif,patches/S2_15-10-20_18QYF/S2_15-10-20_18QYF_10_conf.tif,833c28c118e3078f0e734c2a0e4c6dbd7f8e8408541b089d8853dff333f1e61c
327,15-10-20_18QYF_2,15-10-20_18QYF,2020-10-15,18QYF,M012,train,train,patches/S2_15-10-20_18QYF/S2_15-10-20_18QYF_2.tif,patches/S2_15-10-20_18QYF/S2_15-10-20_18QYF_2_cl.tif,patches/S2_15-10-20_18QYF/S2_15-10-20_18QYF_2_conf.tif,bc23095485d6c6affe925637563c90ad8c40f05aedcd3167a4dd95c958d140e7
328,15-10-20_18QYF_3,15-10-20_18QYF,2020-10-15,18QYF,M012,train,train,patches/S2_15-10-20_18QYF/S2_15-10-20_18QYF_3.tif,patches/S2_15-10-20_18QYF/S2_15-10-20_18QYF_3_cl.tif,patches/S2_15-10-20_18QYF/S2_15-10-20_18QYF_3_conf.tif,91648044d6c35aa545b23bbd06648378cc47a6e811e14a964ff4ffabae24bf52
329,15-10-20_18QYF_4,15-10-20_18QYF,2020-10-15,18QYF,M012,train,train,patches/S2_15-10-20_18QYF/S2_15-10-20_18QYF_4.tif,patches/S2_15-10-20_18QYF/S2_15-10-20_18QYF_4_cl.tif,patches/S2_15-10-20_18QYF/S2_15-10-20_18QYF_4_conf.tif,c94c9fab3c8db11a5918052b7f75206e2b2bec1a48adac386c0870cc6a96ac0d
330,15-10-20_18QYF_5,15-10-20_18QYF,2020-10-15,18QYF,M012,train,train,patches/S2_15-10-20_18QYF/S2_15-10-20_18QYF_5.tif,patches/S2_15-10-20_18QYF/S2_15-10-20_18QYF_5_cl.tif,patches/S2_15-10-20_18QYF/S2_15-10-20_18QYF_5_conf.tif,0a18cf4331340bba12ff060ce2ad989ed83abda70a4bbdbc94e89e1b5a3ae7f1
331,15-10-20_18QYF_6,15-10-20_18QYF,2020-10-15,18QYF,M012,train,train,patches/S2_15-10-20_18QYF/S2_15-10-20_18QYF_6.tif,patches/S2_15-10-20_18QYF/S2_15-10-20_18QYF_6_cl.tif,patches/S2_15-10-20_18QYF/S2_15-10-20_18QYF_6_conf.tif,579d5e2fac3d993010d5c67bbf5958e39d61f9cfae6dc2ba814b20c019a9806b
332,15-10-20_18QYF_7,15-10-20_18QYF,2020-10-15,18QYF,M012,train,train,patches/S2_15-10-20_18QYF/S2_15-10-20_18QYF_7.tif,patches/S2_15-10-20_18QYF/S2_15-10-20_18QYF_7_cl.tif,patches/S2_15-10-20_18QYF/S2_15-10-20_18QYF_7_conf.tif,7c80aba1c35ba50143eee01afcf5af0e680aa3f01ce1a5cb66b7c1118006d7fa
333,15-10-20_18QYF_8,15-10-20_18QYF,2020-10-15,18QYF,M012,train,train,patches/S2_15-10-20_18QYF/S2_15-10-20_18QYF_8.tif,patches/S2_15-10-20_18QYF/S2_15-10-20_18QYF_8_cl.tif,patches/S2_15-10-20_18QYF/S2_15-10-20_18QYF_8_conf.tif,90b3962427b52623cced0891984b66a8d07eab2dc8deef5c5102d7712f1bec9c
334,15-10-20_18QYF_9,15-10-20_18QYF,2020-10-15,18QYF,M012,train,train,patches/S2_15-10-20_18QYF/S2_15-10-20_18QYF_9.tif,patches/S2_15-10-20_18QYF/S2_15-10-20_18QYF_9_cl.tif,patches/S2_15-10-20_18QYF/S2_15-10-20_18QYF_9_conf.tif,f8ab4473894f93f615bbcaab4ed5aa79cbd33e66a589b47bb5a48662460c3716
335,15-11-20_16PCC_0,15-11-20_16PCC,2020-11-15,16PCC,M013,test,test,patches/S2_15-11-20_16PCC/S2_15-11-20_16PCC_0.tif,patches/S2_15-11-20_16PCC/S2_15-11-20_16PCC_0_cl.tif,patches/S2_15-11-20_16PCC/S2_15-11-20_16PCC_0_conf.tif,2764f37019ef8b8369e7218a3fd8423cbd8adc060cca9b941f580a9348247c03
336,15-11-20_16PCC_1,15-11-20_16PCC,2020-11-15,16PCC,M013,test,test,patches/S2_15-11-20_16PCC/S2_15-11-20_16PCC_1.tif,patches/S2_15-11-20_16PCC/S2_15-11-20_16PCC_1_cl.tif,patches/S2_15-11-20_16PCC/S2_15-11-20_16PCC_1_conf.tif,57ec83707f492acb94e9726978ef1cd6a8b1d2866211af37705155d4d1bce30f
337,15-11-20_16PCC_10,15-11-20_16PCC,2020-11-15,16PCC,M013,test,test,patches/S2_15-11-20_16PCC/S2_15-11-20_16PCC_10.tif,patches/S2_15-11-20_16PCC/S2_15-11-20_16PCC_10_cl.tif,patches/S2_15-11-20_16PCC/S2_15-11-20_16PCC_10_conf.tif,f3cd83686c40dd10133285d5348dbb98854844ad1cb3fa3f33f46b4d8b08f0c4
338,15-11-20_16PCC_11,15-11-20_16PCC,2020-11-15,16PCC,M013,test,test,patches/S2_15-11-20_16PCC/S2_15-11-20_16PCC_11.tif,patches/S2_15-11-20_16PCC/S2_15-11-20_16PCC_11_cl.tif,patches/S2_15-11-20_16PCC/S2_15-11-20_16PCC_11_conf.tif,46af072ff7a08c2ae84f41619e5982b072e7fe24a2d9c298942732a0f724a3f4
339,15-11-20_16PCC_12,15-11-20_16PCC,2020-11-15,16PCC,M013,test,test,patches/S2_15-11-20_16PCC/S2_15-11-20_16PCC_12.tif,patches/S2_15-11-20_16PCC/S2_15-11-20_16PCC_12_cl.tif,patches/S2_15-11-20_16PCC/S2_15-11-20_16PCC_12_conf.tif,57297b907a998103480e0fc3da52d6daa177c51e78db3a494a22e9c1474e428e
340,15-11-20_16PCC_13,15-11-20_16PCC,2020-11-15,16PCC,M013,test,test,patches/S2_15-11-20_16PCC/S2_15-11-20_16PCC_13.tif,patches/S2_15-11-20_16PCC/S2_15-11-20_16PCC_13_cl.tif,patches/S2_15-11-20_16PCC/S2_15-11-20_16PCC_13_conf.tif,f3d5cf04aa0d75768a04e4593023832fde42e49bd9dabc1954a1e2825a76c532
341,15-11-20_16PCC_14,15-11-20_16PCC,2020-11-15,16PCC,M013,test,test,patches/S2_15-11-20_16PCC/S2_15-11-20_16PCC_14.tif,patches/S2_15-11-20_16PCC/S2_15-11-20_16PCC_14_cl.tif,patches/S2_15-11-20_16PCC/S2_15-11-20_16PCC_14_conf.tif,713ef716523e0c5e4ce4bc66311bcb86c56ffdbe8d3e072a55e79858f74168af
342,15-11-20_16PCC_15,15-11-20_16PCC,2020-11-15,16PCC,M013,test,test,patches/S2_15-11-20_16PCC/S2_15-11-20_16PCC_15.tif,patches/S2_15-11-20_16PCC/S2_15-11-20_16PCC_15_cl.tif,patches/S2_15-11-20_16PCC/S2_15-11-20_16PCC_15_conf.tif,5f2419c76d85d4d204bbcdc0b727db980cd40418da3c05d59018e44f5c0e2e29
343,15-11-20_16PCC_16,15-11-20_16PCC,2020-11-15,16PCC,M013,test,test,patches/S2_15-11-20_16PCC/S2_15-11-20_16PCC_16.tif,patches/S2_15-11-20_16PCC/S2_15-11-20_16PCC_16_cl.tif,patches/S2_15-11-20_16PCC/S2_15-11-20_16PCC_16_conf.tif,bd9aba8fb1f69161738250537ddb2dd5b496f8bb1e22ec8d438391700238a109
344,15-11-20_16PCC_17,15-11-20_16PCC,2020-11-15,16PCC,M013,test,test,patches/S2_15-11-20_16PCC/S2_15-11-20_16PCC_17.tif,patches/S2_15-11-20_16PCC/S2_15-11-20_16PCC_17_cl.tif,patches/S2_15-11-20_16PCC/S2_15-11-20_16PCC_17_conf.tif,ba6cf21ef8a6441a62e3ac8529c890c3b204f8c2b8941d4defc8ef1618764cb9
345,15-11-20_16PCC_18,15-11-20_16PCC,2020-11-15,16PCC,M013,test,test,patches/S2_15-11-20_16PCC/S2_15-11-20_16PCC_18.tif,patches/S2_15-11-20_16PCC/S2_15-11-20_16PCC_18_cl.tif,patches/S2_15-11-20_16PCC/S2_15-11-20_16PCC_18_conf.tif,ee9eeecf6bd73008faf3049e11875068d0908c7a3eb26548b7cc47702179dd30
346,15-11-20_16PCC_19,15-11-20_16PCC,2020-11-15,16PCC,M013,test,test,patches/S2_15-11-20_16PCC/S2_15-11-20_16PCC_19.tif,patches/S2_15-11-20_16PCC/S2_15-11-20_16PCC_19_cl.tif,patches/S2_15-11-20_16PCC/S2_15-11-20_16PCC_19_conf.tif,be881d59761991cb0fda1ef6950fd1b09470872a6f9b8481c9c8f68a9e0d1b23
347,15-11-20_16PCC_2,15-11-20_16PCC,2020-11-15,16PCC,M013,test,test,patches/S2_15-11-20_16PCC/S2_15-11-20_16PCC_2.tif,patches/S2_15-11-20_16PCC/S2_15-11-20_16PCC_2_cl.tif,patches/S2_15-11-20_16PCC/S2_15-11-20_16PCC_2_conf.tif,0376a424229d5da92a308eee533d7e4b87ebd772a430cf7c84c50b45cdde086d
348,15-11-20_16PCC_20,15-11-20_16PCC,2020-11-15,16PCC,M013,test,test,patches/S2_15-11-20_16PCC/S2_15-11-20_16PCC_20.tif,patches/S2_15-11-20_16PCC/S2_15-11-20_16PCC_20_cl.tif,patches/S2_15-11-20_16PCC/S2_15-11-20_16PCC_20_conf.tif,1acbc090091c4688581355e1e80dd732f9a13d0ee7bd9daae24c923598da3489
349,15-11-20_16PCC_21,15-11-20_16PCC,2020-11-15,16PCC,M013,test,test,patches/S2_15-11-20_16PCC/S2_15-11-20_16PCC_21.tif,patches/S2_15-11-20_16PCC/S2_15-11-20_16PCC_21_cl.tif,patches/S2_15-11-20_16PCC/S2_15-11-20_16PCC_21_conf.tif,ddf0475b4490d20807483be68f2d2e85238ccbefdc5b8a1991781a4613e79032
350,15-11-20_16PCC_22,15-11-20_16PCC,2020-11-15,16PCC,M013,test,test,patches/S2_15-11-20_16PCC/S2_15-11-20_16PCC_22.tif,patches/S2_15-11-20_16PCC/S2_15-11-20_16PCC_22_cl.tif,patches/S2_15-11-20_16PCC/S2_15-11-20_16PCC_22_conf.tif,182fdcbe8016a0e55cce82d9fbc429ce9098111b2156d108c3d5f01428a76f3b
351,15-11-20_16PCC_23,15-11-20_16PCC,2020-11-15,16PCC,M013,test,test,patches/S2_15-11-20_16PCC/S2_15-11-20_16PCC_23.tif,patches/S2_15-11-20_16PCC/S2_15-11-20_16PCC_23_cl.tif,patches/S2_15-11-20_16PCC/S2_15-11-20_16PCC_23_conf.tif,a03684efe8e70e82ef49cb42714fc8c4c4b8ed13bf6f1bf4ee6d493f6625699f
352,15-11-20_16PCC_3,15-11-20_16PCC,2020-11-15,16PCC,M013,test,test,patches/S2_15-11-20_16PCC/S2_15-11-20_16PCC_3.tif,patches/S2_15-11-20_16PCC/S2_15-11-20_16PCC_3_cl.tif,patches/S2_15-11-20_16PCC/S2_15-11-20_16PCC_3_conf.tif,54f064344298d6686304eefb32daf2344f9acc5e56630b4248f1073e01c04509
353,15-11-20_16PCC_4,15-11-20_16PCC,2020-11-15,16PCC,M013,test,test,patches/S2_15-11-20_16PCC/S2_15-11-20_16PCC_4.tif,patches/S2_15-11-20_16PCC/S2_15-11-20_16PCC_4_cl.tif,patches/S2_15-11-20_16PCC/S2_15-11-20_16PCC_4_conf.tif,23944dd6f1f410a50d8b54c150ffe3f886a7590b0ea2dd873cf70c3fc64ea28b
354,15-11-20_16PCC_5,15-11-20_16PCC,2020-11-15,16PCC,M013,test,test,patches/S2_15-11-20_16PCC/S2_15-11-20_16PCC_5.tif,patches/S2_15-11-20_16PCC/S2_15-11-20_16PCC_5_cl.tif,patches/S2_15-11-20_16PCC/S2_15-11-20_16PCC_5_conf.tif,7e8caae17f4a02f2359339d8eadab19637dd1cd6108f114276263f8944dd34ab
355,15-11-20_16PCC_6,15-11-20_16PCC,2020-11-15,16PCC,M013,test,test,patches/S2_15-11-20_16PCC/S2_15-11-20_16PCC_6.tif,patches/S2_15-11-20_16PCC/S2_15-11-20_16PCC_6_cl.tif,patches/S2_15-11-20_16PCC/S2_15-11-20_16PCC_6_conf.tif,ebec42afeb8185ec83fed27d651a746a48d266cd21101c392959c9a59e2248c4
356,15-11-20_16PCC_7,15-11-20_16PCC,2020-11-15,16PCC,M013,test,test,patches/S2_15-11-20_16PCC/S2_15-11-20_16PCC_7.tif,patches/S2_15-11-20_16PCC/S2_15-11-20_16PCC_7_cl.tif,patches/S2_15-11-20_16PCC/S2_15-11-20_16PCC_7_conf.tif,fc587fcb0fab00cd8642dc98df568378ac740fcaa394d66a6512848031678776
357,15-11-20_16PCC_8,15-11-20_16PCC,2020-11-15,16PCC,M013,test,test,patches/S2_15-11-20_16PCC/S2_15-11-20_16PCC_8.tif,patches/S2_15-11-20_16PCC/S2_15-11-20_16PCC_8_cl.tif,patches/S2_15-11-20_16PCC/S2_15-11-20_16PCC_8_conf.tif,b50c16e0ea74f81cf74afbafb27e75014b4918ac5cfcf71a06447d5c80c39d83
358,15-11-20_16PCC_9,15-11-20_16PCC,2020-11-15,16PCC,M013,test,test,patches/S2_15-11-20_16PCC/S2_15-11-20_16PCC_9.tif,patches/S2_15-11-20_16PCC/S2_15-11-20_16PCC_9_cl.tif,patches/S2_15-11-20_16PCC/S2_15-11-20_16PCC_9_conf.tif,8bc32615db9870ef1ab59d69c5d5a2e2364b5a8566fa75090bb16c66d940cb4f
359,15-9-20_18QYF_0,15-9-20_18QYF,2020-09-15,18QYF,M014,train,train,patches/S2_15-9-20_18QYF/S2_15-9-20_18QYF_0.tif,patches/S2_15-9-20_18QYF/S2_15-9-20_18QYF_0_cl.tif,patches/S2_15-9-20_18QYF/S2_15-9-20_18QYF_0_conf.tif,7c24c69531475f0cdfbe970203930a8156215e0d87384b362d50c61cf6b372b3
360,15-9-20_18QYF_1,15-9-20_18QYF,2020-09-15,18QYF,M014,train,train,patches/S2_15-9-20_18QYF/S2_15-9-20_18QYF_1.tif,patches/S2_15-9-20_18QYF/S2_15-9-20_18QYF_1_cl.tif,patches/S2_15-9-20_18QYF/S2_15-9-20_18QYF_1_conf.tif,6bbbd2096e6ec172c7ad3212ad57113e03f995d85839a2e763c23ea85dacca4e
361,15-9-20_18QYF_2,15-9-20_18QYF,2020-09-15,18QYF,M014,train,train,patches/S2_15-9-20_18QYF/S2_15-9-20_18QYF_2.tif,patches/S2_15-9-20_18QYF/S2_15-9-20_18QYF_2_cl.tif,patches/S2_15-9-20_18QYF/S2_15-9-20_18QYF_2_conf.tif,fc812c0065d248a84fe0bd486f706eb58092c66b4841bd4db7ab35476529725d
362,15-9-20_18QYF_3,15-9-20_18QYF,2020-09-15,18QYF,M014,train,train,patches/S2_15-9-20_18QYF/S2_15-9-20_18QYF_3.tif,patches/S2_15-9-20_18QYF/S2_15-9-20_18QYF_3_cl.tif,patches/S2_15-9-20_18QYF/S2_15-9-20_18QYF_3_conf.tif,8850a54efc4af0fa2f4843c899b52a0149e6e61e9e1c2267b7128a25280dbda9
363,15-9-20_18QYF_4,15-9-20_18QYF,2020-09-15,18QYF,M014,train,train,patches/S2_15-9-20_18QYF/S2_15-9-20_18QYF_4.tif,patches/S2_15-9-20_18QYF/S2_15-9-20_18QYF_4_cl.tif,patches/S2_15-9-20_18QYF/S2_15-9-20_18QYF_4_conf.tif,e4e2bca7c8e409688b82fbd56d67b1df34fe7b6401e7b2383aab1471d679456d
364,15-9-20_18QYF_5,15-9-20_18QYF,2020-09-15,18QYF,M014,train,train,patches/S2_15-9-20_18QYF/S2_15-9-20_18QYF_5.tif,patches/S2_15-9-20_18QYF/S2_15-9-20_18QYF_5_cl.tif,patches/S2_15-9-20_18QYF/S2_15-9-20_18QYF_5_conf.tif,c0b13e844217e56af4eb576c95d8aecc93afd9415c18d5891979f3851b4fa51c
365,15-9-20_18QYF_6,15-9-20_18QYF,2020-09-15,18QYF,M014,train,train,patches/S2_15-9-20_18QYF/S2_15-9-20_18QYF_6.tif,patches/S2_15-9-20_18QYF/S2_15-9-20_18QYF_6_cl.tif,patches/S2_15-9-20_18QYF/S2_15-9-20_18QYF_6_conf.tif,ba960f5518334af5226885b54028533c3d8248a7f1db787e7b9c323efee76a92
366,15-9-20_18QYF_7,15-9-20_18QYF,2020-09-15,18QYF,M014,train,train,patches/S2_15-9-20_18QYF/S2_15-9-20_18QYF_7.tif,patches/S2_15-9-20_18QYF/S2_15-9-20_18QYF_7_cl.tif,patches/S2_15-9-20_18QYF/S2_15-9-20_18QYF_7_conf.tif,6be1007567553df0d605bcb9a7b46aaf6d1e7d15f2689228a9ded04d54f72081
367,15-9-20_18QYF_8,15-9-20_18QYF,2020-09-15,18QYF,M014,train,train,patches/S2_15-9-20_18QYF/S2_15-9-20_18QYF_8.tif,patches/S2_15-9-20_18QYF/S2_15-9-20_18QYF_8_cl.tif,patches/S2_15-9-20_18QYF/S2_15-9-20_18QYF_8_conf.tif,df0527a74df8f25942282684afa45b373f60f34971ba1cb253a9ae307b01a58e
368,16-2-18_16PEC_0,16-2-18_16PEC,2018-02-16,16PEC,M015,test,test,patches/S2_16-2-18_16PEC/S2_16-2-18_16PEC_0.tif,patches/S2_16-2-18_16PEC/S2_16-2-18_16PEC_0_cl.tif,patches/S2_16-2-18_16PEC/S2_16-2-18_16PEC_0_conf.tif,99576f6059f5d2e61fae022167a66b74fc59693a1c318b4655cff4ca99de240e
369,16-2-18_16PEC_1,16-2-18_16PEC,2018-02-16,16PEC,M015,test,test,patches/S2_16-2-18_16PEC/S2_16-2-18_16PEC_1.tif,patches/S2_16-2-18_16PEC/S2_16-2-18_16PEC_1_cl.tif,patches/S2_16-2-18_16PEC/S2_16-2-18_16PEC_1_conf.tif,f8ffab1eb22bd4a5ba3709ba626e9b916b95c71dc71be28be1bf670b7d59c852
370,16-2-18_16PEC_10,16-2-18_16PEC,2018-02-16,16PEC,M015,test,test,patches/S2_16-2-18_16PEC/S2_16-2-18_16PEC_10.tif,patches/S2_16-2-18_16PEC/S2_16-2-18_16PEC_10_cl.tif,patches/S2_16-2-18_16PEC/S2_16-2-18_16PEC_10_conf.tif,4c389388d3aca3cc835210480b54a0c5888afe38fee87df169822d5be60d0704
371,16-2-18_16PEC_11,16-2-18_16PEC,2018-02-16,16PEC,M015,test,test,patches/S2_16-2-18_16PEC/S2_16-2-18_16PEC_11.tif,patches/S2_16-2-18_16PEC/S2_16-2-18_16PEC_11_cl.tif,patches/S2_16-2-18_16PEC/S2_16-2-18_16PEC_11_conf.tif,b63095896ba58857a9868fa832cd872bd342cb481d607047649b7cc7f697f1a0
372,16-2-18_16PEC_12,16-2-18_16PEC,2018-02-16,16PEC,M015,test,test,patches/S2_16-2-18_16PEC/S2_16-2-18_16PEC_12.tif,patches/S2_16-2-18_16PEC/S2_16-2-18_16PEC_12_cl.tif,patches/S2_16-2-18_16PEC/S2_16-2-18_16PEC_12_conf.tif,3435c7929d1c79f46d23d8e0d846c1cadda04f4742bce538453d6f2acbe10e7e
373,16-2-18_16PEC_13,16-2-18_16PEC,2018-02-16,16PEC,M015,test,test,patches/S2_16-2-18_16PEC/S2_16-2-18_16PEC_13.tif,patches/S2_16-2-18_16PEC/S2_16-2-18_16PEC_13_cl.tif,patches/S2_16-2-18_16PEC/S2_16-2-18_16PEC_13_conf.tif,e6e417fbc463e933da8a3ae2c6dc2ffcb3b6f8edb1e30d0354fdfd908a13be43
374,16-2-18_16PEC_14,16-2-18_16PEC,2018-02-16,16PEC,M015,test,test,patches/S2_16-2-18_16PEC/S2_16-2-18_16PEC_14.tif,patches/S2_16-2-18_16PEC/S2_16-2-18_16PEC_14_cl.tif,patches/S2_16-2-18_16PEC/S2_16-2-18_16PEC_14_conf.tif,20b17485c3066d710f67a46655ee0a52d4bed14b9dfc2993a65cc99bc1fbc3bc
375,16-2-18_16PEC_15,16-2-18_16PEC,2018-02-16,16PEC,M015,test,test,patches/S2_16-2-18_16PEC/S2_16-2-18_16PEC_15.tif,patches/S2_16-2-18_16PEC/S2_16-2-18_16PEC_15_cl.tif,patches/S2_16-2-18_16PEC/S2_16-2-18_16PEC_15_conf.tif,59cd6dfd6df73bbd1f3cc0aa1b16736d904d6df39766cea5b395d06e1a230e28
376,16-2-18_16PEC_16,16-2-18_16PEC,2018-02-16,16PEC,M015,test,test,patches/S2_16-2-18_16PEC/S2_16-2-18_16PEC_16.tif,patches/S2_16-2-18_16PEC/S2_16-2-18_16PEC_16_cl.tif,patches/S2_16-2-18_16PEC/S2_16-2-18_16PEC_16_conf.tif,1eac2ad1eb9497ce62c134df89a39add3dec99044b4622ba7d67f18fd3cb726f
377,16-2-18_16PEC_17,16-2-18_16PEC,2018-02-16,16PEC,M015,test,test,patches/S2_16-2-18_16PEC/S2_16-2-18_16PEC_17.tif,patches/S2_16-2-18_16PEC/S2_16-2-18_16PEC_17_cl.tif,patches/S2_16-2-18_16PEC/S2_16-2-18_16PEC_17_conf.tif,e75d99928864468e075be55d8d838c92fec0e6a240e392937c1af2b9a5eee396
378,16-2-18_16PEC_18,16-2-18_16PEC,2018-02-16,16PEC,M015,test,test,patches/S2_16-2-18_16PEC/S2_16-2-18_16PEC_18.tif,patches/S2_16-2-18_16PEC/S2_16-2-18_16PEC_18_cl.tif,patches/S2_16-2-18_16PEC/S2_16-2-18_16PEC_18_conf.tif,24f65fd490df02d7f406e2cf20c972bcbbc388d062b0366c74e7ab9037390aaf
379,16-2-18_16PEC_19,16-2-18_16PEC,2018-02-16,16PEC,M015,test,test,patches/S2_16-2-18_16PEC/S2_16-2-18_16PEC_19.tif,patches/S2_16-2-18_16PEC/S2_16-2-18_16PEC_19_cl.tif,patches/S2_16-2-18_16PEC/S2_16-2-18_16PEC_19_conf.tif,02aec3e53fae4de0b36c40388746c5f4ffd50f6e28e57b293136e656f4dfbe90
380,16-2-18_16PEC_2,16-2-18_16PEC,2018-02-16,16PEC,M015,test,test,patches/S2_16-2-18_16PEC/S2_16-2-18_16PEC_2.tif,patches/S2_16-2-18_16PEC/S2_16-2-18_16PEC_2_cl.tif,patches/S2_16-2-18_16PEC/S2_16-2-18_16PEC_2_conf.tif,0b8a608920822993d7a2e7bccbe1f1f3e2c604d359ccacd1666f37b2951ddd49
381,16-2-18_16PEC_20,16-2-18_16PEC,2018-02-16,16PEC,M015,test,test,patches/S2_16-2-18_16PEC/S2_16-2-18_16PEC_20.tif,patches/S2_16-2-18_16PEC/S2_16-2-18_16PEC_20_cl.tif,patches/S2_16-2-18_16PEC/S2_16-2-18_16PEC_20_conf.tif,5a619e044db7826ea03b24391cd9807e7ee523d61afd70d96f2f6bcbae6eadb9
382,16-2-18_16PEC_21,16-2-18_16PEC,2018-02-16,16PEC,M015,test,test,patches/S2_16-2-18_16PEC/S2_16-2-18_16PEC_21.tif,patches/S2_16-2-18_16PEC/S2_16-2-18_16PEC_21_cl.tif,patches/S2_16-2-18_16PEC/S2_16-2-18_16PEC_21_conf.tif,d335c713cfaea2ae2f49999fdd2929cb847b628f2269bcc901c3e9c8fd3a023f
383,16-2-18_16PEC_22,16-2-18_16PEC,2018-02-16,16PEC,M015,test,test,patches/S2_16-2-18_16PEC/S2_16-2-18_16PEC_22.tif,patches/S2_16-2-18_16PEC/S2_16-2-18_16PEC_22_cl.tif,patches/S2_16-2-18_16PEC/S2_16-2-18_16PEC_22_conf.tif,671c0447babf9146f173e8bb659b5a186341610e3760172c42f0c91251667bde
384,16-2-18_16PEC_23,16-2-18_16PEC,2018-02-16,16PEC,M015,test,test,patches/S2_16-2-18_16PEC/S2_16-2-18_16PEC_23.tif,patches/S2_16-2-18_16PEC/S2_16-2-18_16PEC_23_cl.tif,patches/S2_16-2-18_16PEC/S2_16-2-18_16PEC_23_conf.tif,b20d0a6b3abd6763631c39e61d2aee91696d21ce9a8cedeb645e986e3ee1d344
385,16-2-18_16PEC_24,16-2-18_16PEC,2018-02-16,16PEC,M015,test,test,patches/S2_16-2-18_16PEC/S2_16-2-18_16PEC_24.tif,patches/S2_16-2-18_16PEC/S2_16-2-18_16PEC_24_cl.tif,patches/S2_16-2-18_16PEC/S2_16-2-18_16PEC_24_conf.tif,866d3ba22be9a4f6e042b981c979a48f7fdaa00d6f5d552d0dce98443ee36bdd
386,16-2-18_16PEC_25,16-2-18_16PEC,2018-02-16,16PEC,M015,test,test,patches/S2_16-2-18_16PEC/S2_16-2-18_16PEC_25.tif,patches/S2_16-2-18_16PEC/S2_16-2-18_16PEC_25_cl.tif,patches/S2_16-2-18_16PEC/S2_16-2-18_16PEC_25_conf.tif,d376e47dd8c4a00d5236d51aedfbf580dcd6db9fe613694283a5ce5e44226437
387,16-2-18_16PEC_26,16-2-18_16PEC,2018-02-16,16PEC,M015,test,test,patches/S2_16-2-18_16PEC/S2_16-2-18_16PEC_26.tif,patches/S2_16-2-18_16PEC/S2_16-2-18_16PEC_26_cl.tif,patches/S2_16-2-18_16PEC/S2_16-2-18_16PEC_26_conf.tif,9ff1ef43e6afbae70c4f05313255d3e455a85b2c81e80d0e362d80eea305ff10
388,16-2-18_16PEC_27,16-2-18_16PEC,2018-02-16,16PEC,M015,test,test,patches/S2_16-2-18_16PEC/S2_16-2-18_16PEC_27.tif,patches/S2_16-2-18_16PEC/S2_16-2-18_16PEC_27_cl.tif,patches/S2_16-2-18_16PEC/S2_16-2-18_16PEC_27_conf.tif,1b6e238ba83b507cab117ff1c0cb76c392d00e6d4c518f4d673e13894435e654
389,16-2-18_16PEC_28,16-2-18_16PEC,2018-02-16,16PEC,M015,test,test,patches/S2_16-2-18_16PEC/S2_16-2-18_16PEC_28.tif,patches/S2_16-2-18_16PEC/S2_16-2-18_16PEC_28_cl.tif,patches/S2_16-2-18_16PEC/S2_16-2-18_16PEC_28_conf.tif,d88b8ee834384f4db2ef31a3ee9f349e56b87b2f4fd6ea7d9ea88c38b94da2d0
390,16-2-18_16PEC_3,16-2-18_16PEC,2018-02-16,16PEC,M015,test,test,patches/S2_16-2-18_16PEC/S2_16-2-18_16PEC_3.tif,patches/S2_16-2-18_16PEC/S2_16-2-18_16PEC_3_cl.tif,patches/S2_16-2-18_16PEC/S2_16-2-18_16PEC_3_conf.tif,b13da145e06906e38a40ccf64d7a6bc61fb60797a07702a2bf9098dea90be83a
391,16-2-18_16PEC_4,16-2-18_16PEC,2018-02-16,16PEC,M015,test,test,patches/S2_16-2-18_16PEC/S2_16-2-18_16PEC_4.tif,patches/S2_16-2-18_16PEC/S2_16-2-18_16PEC_4_cl.tif,patches/S2_16-2-18_16PEC/S2_16-2-18_16PEC_4_conf.tif,6f898ad03ee28cc35ffc232d602986af89dc7188c56ff7e54589e433243b169a
392,16-2-18_16PEC_5,16-2-18_16PEC,2018-02-16,16PEC,M015,test,test,patches/S2_16-2-18_16PEC/S2_16-2-18_16PEC_5.tif,patches/S2_16-2-18_16PEC/S2_16-2-18_16PEC_5_cl.tif,patches/S2_16-2-18_16PEC/S2_16-2-18_16PEC_5_conf.tif,16301f7335e19bf6e7b925de4463dfe5a3201c947fa0cd71b4fd89b43e9fbbc9
393,16-2-18_16PEC_6,16-2-18_16PEC,2018-02-16,16PEC,M015,test,test,patches/S2_16-2-18_16PEC/S2_16-2-18_16PEC_6.tif,patches/S2_16-2-18_16PEC/S2_16-2-18_16PEC_6_cl.tif,patches/S2_16-2-18_16PEC/S2_16-2-18_16PEC_6_conf.tif,5340b18a14f7816e44b3a75204755167f26eb7ebec712b93d45a507029692802
394,16-2-18_16PEC_7,16-2-18_16PEC,2018-02-16,16PEC,M015,test,test,patches/S2_16-2-18_16PEC/S2_16-2-18_16PEC_7.tif,patches/S2_16-2-18_16PEC/S2_16-2-18_16PEC_7_cl.tif,patches/S2_16-2-18_16PEC/S2_16-2-18_16PEC_7_conf.tif,7aa5c24d99226b4f5279ce46d7c41747800dde684b7ff72a6f8cc4c0347e863c
395,16-2-18_16PEC_8,16-2-18_16PEC,2018-02-16,16PEC,M015,test,test,patches/S2_16-2-18_16PEC/S2_16-2-18_16PEC_8.tif,patches/S2_16-2-18_16PEC/S2_16-2-18_16PEC_8_cl.tif,patches/S2_16-2-18_16PEC/S2_16-2-18_16PEC_8_conf.tif,545abb2b55b524198566e5376273b18788c366330c802cacf2560bfe6ce246fb
396,16-2-18_16PEC_9,16-2-18_16PEC,2018-02-16,16PEC,M015,test,test,patches/S2_16-2-18_16PEC/S2_16-2-18_16PEC_9.tif,patches/S2_16-2-18_16PEC/S2_16-2-18_16PEC_9_cl.tif,patches/S2_16-2-18_16PEC/S2_16-2-18_16PEC_9_conf.tif,ba60080493a1f531148381d0201f4c89d854ff6610258b6d4c966e262babe677
397,17-7-16_51PTS_0,17-7-16_51PTS,2016-07-17,51PTS,M016,test,test,patches/S2_17-7-16_51PTS/S2_17-7-16_51PTS_0.tif,patches/S2_17-7-16_51PTS/S2_17-7-16_51PTS_0_cl.tif,patches/S2_17-7-16_51PTS/S2_17-7-16_51PTS_0_conf.tif,224626a93f21cb8e301601bc3389af0ad55de4b2787ff7668bda19854c0a9761
398,17-7-16_51PTS_1,17-7-16_51PTS,2016-07-17,51PTS,M016,test,test,patches/S2_17-7-16_51PTS/S2_17-7-16_51PTS_1.tif,patches/S2_17-7-16_51PTS/S2_17-7-16_51PTS_1_cl.tif,patches/S2_17-7-16_51PTS/S2_17-7-16_51PTS_1_conf.tif,b88b09faf4efe3540d79f9b164932cd729ae658b945b71ad7047ebfb18c0ea35
399,18-1-18_48PZC_0,18-1-18_48PZC,2018-01-18,48PZC,M017,val,val,patches/S2_18-1-18_48PZC/S2_18-1-18_48PZC_0.tif,patches/S2_18-1-18_48PZC/S2_18-1-18_48PZC_0_cl.tif,patches/S2_18-1-18_48PZC/S2_18-1-18_48PZC_0_conf.tif,83b623aa2a84b89482620de438aab56d038a5f01d84f5bbd0b2eb37e37539fd5
400,18-1-18_48PZC_1,18-1-18_48PZC,2018-01-18,48PZC,M017,val,val,patches/S2_18-1-18_48PZC/S2_18-1-18_48PZC_1.tif,patches/S2_18-1-18_48PZC/S2_18-1-18_48PZC_1_cl.tif,patches/S2_18-1-18_48PZC/S2_18-1-18_48PZC_1_conf.tif,4ebbc036b040bbd0ac66d1c0f5ab8ef6a0ed1488505bf149a63ea4274c3cd005
401,18-1-18_48PZC_10,18-1-18_48PZC,2018-01-18,48PZC,M017,val,val,patches/S2_18-1-18_48PZC/S2_18-1-18_48PZC_10.tif,patches/S2_18-1-18_48PZC/S2_18-1-18_48PZC_10_cl.tif,patches/S2_18-1-18_48PZC/S2_18-1-18_48PZC_10_conf.tif,05cf883a533f072c1e8c5b62f757176868649526d7615f846b71081f15c395dc
402,18-1-18_48PZC_11,18-1-18_48PZC,2018-01-18,48PZC,M017,val,val,patches/S2_18-1-18_48PZC/S2_18-1-18_48PZC_11.tif,patches/S2_18-1-18_48PZC/S2_18-1-18_48PZC_11_cl.tif,patches/S2_18-1-18_48PZC/S2_18-1-18_48PZC_11_conf.tif,74e4e80eb28096fec953aa66178e3a703142b3f9f187db0b92764d8eb9c197f8
403,18-1-18_48PZC_12,18-1-18_48PZC,2018-01-18,48PZC,M017,val,val,patches/S2_18-1-18_48PZC/S2_18-1-18_48PZC_12.tif,patches/S2_18-1-18_48PZC/S2_18-1-18_48PZC_12_cl.tif,patches/S2_18-1-18_48PZC/S2_18-1-18_48PZC_12_conf.tif,f8e2ae3ae1cd359ff85c252be02189190c40e2d8d8b2a3f4a6d28ef960c6f93b
404,18-1-18_48PZC_13,18-1-18_48PZC,2018-01-18,48PZC,M017,val,val,patches/S2_18-1-18_48PZC/S2_18-1-18_48PZC_13.tif,patches/S2_18-1-18_48PZC/S2_18-1-18_48PZC_13_cl.tif,patches/S2_18-1-18_48PZC/S2_18-1-18_48PZC_13_conf.tif,41b08ab1e8bfe6e44fed8820461e933ce8d43e48657db160bf31700562b88c63
405,18-1-18_48PZC_14,18-1-18_48PZC,2018-01-18,48PZC,M017,val,val,patches/S2_18-1-18_48PZC/S2_18-1-18_48PZC_14.tif,patches/S2_18-1-18_48PZC/S2_18-1-18_48PZC_14_cl.tif,patches/S2_18-1-18_48PZC/S2_18-1-18_48PZC_14_conf.tif,820f6d845dc83cc90b6927c690766f54ec486109c3cba10cfc1eda140e98cb6a
406,18-1-18_48PZC_15,18-1-18_48PZC,2018-01-18,48PZC,M017,val,val,patches/S2_18-1-18_48PZC/S2_18-1-18_48PZC_15.tif,patches/S2_18-1-18_48PZC/S2_18-1-18_48PZC_15_cl.tif,patches/S2_18-1-18_48PZC/S2_18-1-18_48PZC_15_conf.tif,7b27897e1eb91df73b1c44bb7e425d68dabc27ab543bab58f6bd181ad7a1c2d5
407,18-1-18_48PZC_16,18-1-18_48PZC,2018-01-18,48PZC,M017,val,val,patches/S2_18-1-18_48PZC/S2_18-1-18_48PZC_16.tif,patches/S2_18-1-18_48PZC/S2_18-1-18_48PZC_16_cl.tif,patches/S2_18-1-18_48PZC/S2_18-1-18_48PZC_16_conf.tif,4e9d5ede167b46581310cf33346b414992bb46ecb580fc1321b654d31b6d9500
408,18-1-18_48PZC_17,18-1-18_48PZC,2018-01-18,48PZC,M017,val,val,patches/S2_18-1-18_48PZC/S2_18-1-18_48PZC_17.tif,patches/S2_18-1-18_48PZC/S2_18-1-18_48PZC_17_cl.tif,patches/S2_18-1-18_48PZC/S2_18-1-18_48PZC_17_conf.tif,fa4aa587184a7a5f23a536c950cf615bb3247bf85ae12c7d19812c0970044965
409,18-1-18_48PZC_18,18-1-18_48PZC,2018-01-18,48PZC,M017,val,val,patches/S2_18-1-18_48PZC/S2_18-1-18_48PZC_18.tif,patches/S2_18-1-18_48PZC/S2_18-1-18_48PZC_18_cl.tif,patches/S2_18-1-18_48PZC/S2_18-1-18_48PZC_18_conf.tif,db7edc80215eaa31b01f5dcc4b10ba7bd5f5768577002009ca21b4e1929fc78b
410,18-1-18_48PZC_19,18-1-18_48PZC,2018-01-18,48PZC,M017,val,val,patches/S2_18-1-18_48PZC/S2_18-1-18_48PZC_19.tif,patches/S2_18-1-18_48PZC/S2_18-1-18_48PZC_19_cl.tif,patches/S2_18-1-18_48PZC/S2_18-1-18_48PZC_19_conf.tif,5b74bea02704fb30c6dbba24d3376ce2a691d0eed5dfdc77c15606f902c7c84c
411,18-1-18_48PZC_2,18-1-18_48PZC,2018-01-18,48PZC,M017,val,val,patches/S2_18-1-18_48PZC/S2_18-1-18_48PZC_2.tif,patches/S2_18-1-18_48PZC/S2_18-1-18_48PZC_2_cl.tif,patches/S2_18-1-18_48PZC/S2_18-1-18_48PZC_2_conf.tif,c4181a3074ae4f1beaa643565d3bab69263e258b37e68c3996f146159022d0c7
412,18-1-18_48PZC_20,18-1-18_48PZC,2018-01-18,48PZC,M017,val,val,patches/S2_18-1-18_48PZC/S2_18-1-18_48PZC_20.tif,patches/S2_18-1-18_48PZC/S2_18-1-18_48PZC_20_cl.tif,patches/S2_18-1-18_48PZC/S2_18-1-18_48PZC_20_conf.tif,5d51e427abd8eb9465ecaabab63cfcaa3248756764f05246ecc4f0ec78eaede7
413,18-1-18_48PZC_21,18-1-18_48PZC,2018-01-18,48PZC,M017,val,val,patches/S2_18-1-18_48PZC/S2_18-1-18_48PZC_21.tif,patches/S2_18-1-18_48PZC/S2_18-1-18_48PZC_21_cl.tif,patches/S2_18-1-18_48PZC/S2_18-1-18_48PZC_21_conf.tif,7980e0bc4695385918379777293227caa41d083f7b254dd3fec4a928bad03a46
414,18-1-18_48PZC_22,18-1-18_48PZC,2018-01-18,48PZC,M017,val,val,patches/S2_18-1-18_48PZC/S2_18-1-18_48PZC_22.tif,patches/S2_18-1-18_48PZC/S2_18-1-18_48PZC_22_cl.tif,patches/S2_18-1-18_48PZC/S2_18-1-18_48PZC_22_conf.tif,179c2df3f6c4265ad49b09860ad1d58f32535b39b1b23ae585ec23380597df9f
415,18-1-18_48PZC_23,18-1-18_48PZC,2018-01-18,48PZC,M017,val,val,patches/S2_18-1-18_48PZC/S2_18-1-18_48PZC_23.tif,patches/S2_18-1-18_48PZC/S2_18-1-18_48PZC_23_cl.tif,patches/S2_18-1-18_48PZC/S2_18-1-18_48PZC_23_conf.tif,a58dd9d7014323263aac69eaccec337f0c67335fb22807505bf14b9cd301110d
416,18-1-18_48PZC_24,18-1-18_48PZC,2018-01-18,48PZC,M017,val,val,patches/S2_18-1-18_48PZC/S2_18-1-18_48PZC_24.tif,patches/S2_18-1-18_48PZC/S2_18-1-18_48PZC_24_cl.tif,patches/S2_18-1-18_48PZC/S2_18-1-18_48PZC_24_conf.tif,fb46091a9975bbdd85143ff90b84f74388284a9d4d6de121bc53a4c907c5b1d3
417,18-1-18_48PZC_25,18-1-18_48PZC,2018-01-18,48PZC,M017,val,val,patches/S2_18-1-18_48PZC/S2_18-1-18_48PZC_25.tif,patches/S2_18-1-18_48PZC/S2_18-1-18_48PZC_25_cl.tif,patches/S2_18-1-18_48PZC/S2_18-1-18_48PZC_25_conf.tif,3692e4720690d8ab3724e614b1c33a57b4ae9832a4310532cdb12ff561046423
418,18-1-18_48PZC_26,18-1-18_48PZC,2018-01-18,48PZC,M017,val,val,patches/S2_18-1-18_48PZC/S2_18-1-18_48PZC_26.tif,patches/S2_18-1-18_48PZC/S2_18-1-18_48PZC_26_cl.tif,patches/S2_18-1-18_48PZC/S2_18-1-18_48PZC_26_conf.tif,9c1e4db1bb8612a7562b4dbaf765c360a1353de6420f109c82659c172199533e
419,18-1-18_48PZC_3,18-1-18_48PZC,2018-01-18,48PZC,M017,val,val,patches/S2_18-1-18_48PZC/S2_18-1-18_48PZC_3.tif,patches/S2_18-1-18_48PZC/S2_18-1-18_48PZC_3_cl.tif,patches/S2_18-1-18_48PZC/S2_18-1-18_48PZC_3_conf.tif,a873a2b0fcb929b186527c250293f856d73847316421202a77cff5f582279987
420,18-1-18_48PZC_4,18-1-18_48PZC,2018-01-18,48PZC,M017,val,val,patches/S2_18-1-18_48PZC/S2_18-1-18_48PZC_4.tif,patches/S2_18-1-18_48PZC/S2_18-1-18_48PZC_4_cl.tif,patches/S2_18-1-18_48PZC/S2_18-1-18_48PZC_4_conf.tif,2d0203ed739ad1107fd1b9877fc12b698fbde656c2e7a035fd4669e4142424ae
421,18-1-18_48PZC_5,18-1-18_48PZC,2018-01-18,48PZC,M017,val,val,patches/S2_18-1-18_48PZC/S2_18-1-18_48PZC_5.tif,patches/S2_18-1-18_48PZC/S2_18-1-18_48PZC_5_cl.tif,patches/S2_18-1-18_48PZC/S2_18-1-18_48PZC_5_conf.tif,ffcc11865969efe151854df11836bafcc52701156c144e7c6bf5803dc404c578
422,18-1-18_48PZC_6,18-1-18_48PZC,2018-01-18,48PZC,M017,val,val,patches/S2_18-1-18_48PZC/S2_18-1-18_48PZC_6.tif,patches/S2_18-1-18_48PZC/S2_18-1-18_48PZC_6_cl.tif,patches/S2_18-1-18_48PZC/S2_18-1-18_48PZC_6_conf.tif,4afd56ec25c3b5a4297535728dba20cc21874e168739c9a41b219b65094cf587
423,18-1-18_48PZC_7,18-1-18_48PZC,2018-01-18,48PZC,M017,val,val,patches/S2_18-1-18_48PZC/S2_18-1-18_48PZC_7.tif,patches/S2_18-1-18_48PZC/S2_18-1-18_48PZC_7_cl.tif,patches/S2_18-1-18_48PZC/S2_18-1-18_48PZC_7_conf.tif,fb9187695f69e13df6bd86453c1ba63c13e5d5bf9ea3a86f0016fc3cac54424a
424,18-1-18_48PZC_8,18-1-18_48PZC,2018-01-18,48PZC,M017,val,val,patches/S2_18-1-18_48PZC/S2_18-1-18_48PZC_8.tif,patches/S2_18-1-18_48PZC/S2_18-1-18_48PZC_8_cl.tif,patches/S2_18-1-18_48PZC/S2_18-1-18_48PZC_8_conf.tif,ad6428d4695e1f7b4130ec89e2544f55201cce4e0a23e985c99fb364ba62209b
425,18-1-18_48PZC_9,18-1-18_48PZC,2018-01-18,48PZC,M017,val,val,patches/S2_18-1-18_48PZC/S2_18-1-18_48PZC_9.tif,patches/S2_18-1-18_48PZC/S2_18-1-18_48PZC_9_cl.tif,patches/S2_18-1-18_48PZC/S2_18-1-18_48PZC_9_conf.tif,97f42a6eb5e744574b0d5917ce1d46b3e769e06f880c73ee689506ec30b500eb
426,18-5-19_51PTS_0,18-5-19_51PTS,2019-05-18,51PTS,M018,test,test,patches/S2_18-5-19_51PTS/S2_18-5-19_51PTS_0.tif,patches/S2_18-5-19_51PTS/S2_18-5-19_51PTS_0_cl.tif,patches/S2_18-5-19_51PTS/S2_18-5-19_51PTS_0_conf.tif,28186d787c9e9aa4cc80286996103f7d793cda755c221b1382dee71135df37fd
427,18-5-19_51PTS_1,18-5-19_51PTS,2019-05-18,51PTS,M018,test,test,patches/S2_18-5-19_51PTS/S2_18-5-19_51PTS_1.tif,patches/S2_18-5-19_51PTS/S2_18-5-19_51PTS_1_cl.tif,patches/S2_18-5-19_51PTS/S2_18-5-19_51PTS_1_conf.tif,95e23fba15062738bc584ed4bf6a86e03015b0328fab45edf6956a9fdfbce464
428,18-5-19_51PTS_2,18-5-19_51PTS,2019-05-18,51PTS,M018,test,test,patches/S2_18-5-19_51PTS/S2_18-5-19_51PTS_2.tif,patches/S2_18-5-19_51PTS/S2_18-5-19_51PTS_2_cl.tif,patches/S2_18-5-19_51PTS/S2_18-5-19_51PTS_2_conf.tif,8f4b3573689ae26d4be4c5f96b3e0fc16e37264c5c7456528a1afdf7206f1067
429,18-5-19_51PTS_3,18-5-19_51PTS,2019-05-18,51PTS,M018,test,test,patches/S2_18-5-19_51PTS/S2_18-5-19_51PTS_3.tif,patches/S2_18-5-19_51PTS/S2_18-5-19_51PTS_3_cl.tif,patches/S2_18-5-19_51PTS/S2_18-5-19_51PTS_3_conf.tif,f7bafa2659d3ad954371e7138cce3d5a0c5533cd5146cc51ac17339b6a120c5c
430,18-9-20_16PCC_0,18-9-20_16PCC,2020-09-18,16PCC,M019,val,val,patches/S2_18-9-20_16PCC/S2_18-9-20_16PCC_0.tif,patches/S2_18-9-20_16PCC/S2_18-9-20_16PCC_0_cl.tif,patches/S2_18-9-20_16PCC/S2_18-9-20_16PCC_0_conf.tif,8373094adf143a1419584473d9dbe34dd2040a43d5f6917df83e269df080f8c5
431,18-9-20_16PCC_1,18-9-20_16PCC,2020-09-18,16PCC,M019,val,val,patches/S2_18-9-20_16PCC/S2_18-9-20_16PCC_1.tif,patches/S2_18-9-20_16PCC/S2_18-9-20_16PCC_1_cl.tif,patches/S2_18-9-20_16PCC/S2_18-9-20_16PCC_1_conf.tif,2ebc21b3a07c73ff9e71b19a677c9bd7d536036cd7deb8b72b58e92af82d5082
432,18-9-20_16PCC_10,18-9-20_16PCC,2020-09-18,16PCC,M019,val,val,patches/S2_18-9-20_16PCC/S2_18-9-20_16PCC_10.tif,patches/S2_18-9-20_16PCC/S2_18-9-20_16PCC_10_cl.tif,patches/S2_18-9-20_16PCC/S2_18-9-20_16PCC_10_conf.tif,dbad3f70518f3cbc64e2977c07ab5f61c798608b5c8c16f4f3cf880a7e242713
433,18-9-20_16PCC_11,18-9-20_16PCC,2020-09-18,16PCC,M019,val,val,patches/S2_18-9-20_16PCC/S2_18-9-20_16PCC_11.tif,patches/S2_18-9-20_16PCC/S2_18-9-20_16PCC_11_cl.tif,patches/S2_18-9-20_16PCC/S2_18-9-20_16PCC_11_conf.tif,0fb176347a5289e778255c0c8b92769f3d39b0cbe06ad5d9112794eb32a92fd6
434,18-9-20_16PCC_12,18-9-20_16PCC,2020-09-18,16PCC,M019,val,val,patches/S2_18-9-20_16PCC/S2_18-9-20_16PCC_12.tif,patches/S2_18-9-20_16PCC/S2_18-9-20_16PCC_12_cl.tif,patches/S2_18-9-20_16PCC/S2_18-9-20_16PCC_12_conf.tif,622eb8d057246643132c14291d36672a3c62170888bbab82e755976aa198a6c3
435,18-9-20_16PCC_13,18-9-20_16PCC,2020-09-18,16PCC,M019,val,val,patches/S2_18-9-20_16PCC/S2_18-9-20_16PCC_13.tif,patches/S2_18-9-20_16PCC/S2_18-9-20_16PCC_13_cl.tif,patches/S2_18-9-20_16PCC/S2_18-9-20_16PCC_13_conf.tif,f90b2eb5ea7a64760275edcd1fa098cf5c2b861d5e9d1da33d1aadba1791fc35
436,18-9-20_16PCC_14,18-9-20_16PCC,2020-09-18,16PCC,M019,val,val,patches/S2_18-9-20_16PCC/S2_18-9-20_16PCC_14.tif,patches/S2_18-9-20_16PCC/S2_18-9-20_16PCC_14_cl.tif,patches/S2_18-9-20_16PCC/S2_18-9-20_16PCC_14_conf.tif,4e4876b3ac51013299fe81b27f0dcd765122d29ee6944aa1de536035aaf21532
437,18-9-20_16PCC_15,18-9-20_16PCC,2020-09-18,16PCC,M019,val,val,patches/S2_18-9-20_16PCC/S2_18-9-20_16PCC_15.tif,patches/S2_18-9-20_16PCC/S2_18-9-20_16PCC_15_cl.tif,patches/S2_18-9-20_16PCC/S2_18-9-20_16PCC_15_conf.tif,e19f8082bc5ff0ce9bc1b44d26fe632e340ed89d9bb1664124f9c3f259e3dd04
438,18-9-20_16PCC_16,18-9-20_16PCC,2020-09-18,16PCC,M019,val,val,patches/S2_18-9-20_16PCC/S2_18-9-20_16PCC_16.tif,patches/S2_18-9-20_16PCC/S2_18-9-20_16PCC_16_cl.tif,patches/S2_18-9-20_16PCC/S2_18-9-20_16PCC_16_conf.tif,82f89601f55d20ebb66781dc92f97395eedb8f5af8159967d230e5b96dad3f7d
439,18-9-20_16PCC_17,18-9-20_16PCC,2020-09-18,16PCC,M019,val,val,patches/S2_18-9-20_16PCC/S2_18-9-20_16PCC_17.tif,patches/S2_18-9-20_16PCC/S2_18-9-20_16PCC_17_cl.tif,patches/S2_18-9-20_16PCC/S2_18-9-20_16PCC_17_conf.tif,55ef3f3d4b7903092419ef7e802681d36e7abe12fa276968c0d1a0f8b0167f4a
440,18-9-20_16PCC_18,18-9-20_16PCC,2020-09-18,16PCC,M019,val,val,patches/S2_18-9-20_16PCC/S2_18-9-20_16PCC_18.tif,patches/S2_18-9-20_16PCC/S2_18-9-20_16PCC_18_cl.tif,patches/S2_18-9-20_16PCC/S2_18-9-20_16PCC_18_conf.tif,f6b862e32a70721733f0319c12695688a6f47ad57c516a402809c386faba18ae
441,18-9-20_16PCC_19,18-9-20_16PCC,2020-09-18,16PCC,M019,val,val,patches/S2_18-9-20_16PCC/S2_18-9-20_16PCC_19.tif,patches/S2_18-9-20_16PCC/S2_18-9-20_16PCC_19_cl.tif,patches/S2_18-9-20_16PCC/S2_18-9-20_16PCC_19_conf.tif,66b51a63437f67ef93964bd7fd48692a3c8cbdf5811173ca34b1420942de382b
442,18-9-20_16PCC_2,18-9-20_16PCC,2020-09-18,16PCC,M019,val,val,patches/S2_18-9-20_16PCC/S2_18-9-20_16PCC_2.tif,patches/S2_18-9-20_16PCC/S2_18-9-20_16PCC_2_cl.tif,patches/S2_18-9-20_16PCC/S2_18-9-20_16PCC_2_conf.tif,516b74a3dd16b68497ce888cd2d75131070b14e21ca615c858d09339976bb3d9
443,18-9-20_16PCC_20,18-9-20_16PCC,2020-09-18,16PCC,M019,val,val,patches/S2_18-9-20_16PCC/S2_18-9-20_16PCC_20.tif,patches/S2_18-9-20_16PCC/S2_18-9-20_16PCC_20_cl.tif,patches/S2_18-9-20_16PCC/S2_18-9-20_16PCC_20_conf.tif,252c3e613ed706af78fd9a46234c9f6dba0434b329cdd473056b55593f862f52
444,18-9-20_16PCC_21,18-9-20_16PCC,2020-09-18,16PCC,M019,val,val,patches/S2_18-9-20_16PCC/S2_18-9-20_16PCC_21.tif,patches/S2_18-9-20_16PCC/S2_18-9-20_16PCC_21_cl.tif,patches/S2_18-9-20_16PCC/S2_18-9-20_16PCC_21_conf.tif,2d44e93e3cc01dba1d4bede9d91971bfa2afb807dcb83c8c87d80e1121f89dca
445,18-9-20_16PCC_22,18-9-20_16PCC,2020-09-18,16PCC,M019,val,val,patches/S2_18-9-20_16PCC/S2_18-9-20_16PCC_22.tif,patches/S2_18-9-20_16PCC/S2_18-9-20_16PCC_22_cl.tif,patches/S2_18-9-20_16PCC/S2_18-9-20_16PCC_22_conf.tif,a5e668ad2d60ebd393ccbaf4505aff6229e4d1e3025d8ea0af255d920e169abe
446,18-9-20_16PCC_23,18-9-20_16PCC,2020-09-18,16PCC,M019,val,val,patches/S2_18-9-20_16PCC/S2_18-9-20_16PCC_23.tif,patches/S2_18-9-20_16PCC/S2_18-9-20_16PCC_23_cl.tif,patches/S2_18-9-20_16PCC/S2_18-9-20_16PCC_23_conf.tif,d4852029726d46cdfad70996383f7cefdaff2fae3c7dda9fc0ae8a2906713cfb
447,18-9-20_16PCC_24,18-9-20_16PCC,2020-09-18,16PCC,M019,val,val,patches/S2_18-9-20_16PCC/S2_18-9-20_16PCC_24.tif,patches/S2_18-9-20_16PCC/S2_18-9-20_16PCC_24_cl.tif,patches/S2_18-9-20_16PCC/S2_18-9-20_16PCC_24_conf.tif,5696b10479e014d2db95ec17f806632fde741c5239c6586e80b2873f0074dc40
448,18-9-20_16PCC_25,18-9-20_16PCC,2020-09-18,16PCC,M019,val,val,patches/S2_18-9-20_16PCC/S2_18-9-20_16PCC_25.tif,patches/S2_18-9-20_16PCC/S2_18-9-20_16PCC_25_cl.tif,patches/S2_18-9-20_16PCC/S2_18-9-20_16PCC_25_conf.tif,0d8d5130abfc11f307afdae606319a28ee78e25c4b95cc522739dbbc03dfd278
449,18-9-20_16PCC_26,18-9-20_16PCC,2020-09-18,16PCC,M019,val,val,patches/S2_18-9-20_16PCC/S2_18-9-20_16PCC_26.tif,patches/S2_18-9-20_16PCC/S2_18-9-20_16PCC_26_cl.tif,patches/S2_18-9-20_16PCC/S2_18-9-20_16PCC_26_conf.tif,d3499b2eb7986292e8c7693a1eb2bc4e2bf3fef0990963ef5e05b243ce2614da
450,18-9-20_16PCC_27,18-9-20_16PCC,2020-09-18,16PCC,M019,val,val,patches/S2_18-9-20_16PCC/S2_18-9-20_16PCC_27.tif,patches/S2_18-9-20_16PCC/S2_18-9-20_16PCC_27_cl.tif,patches/S2_18-9-20_16PCC/S2_18-9-20_16PCC_27_conf.tif,48e193144598631e57f483dd9bd72011c19d2d543727cdca62ba1f5a955674df
451,18-9-20_16PCC_28,18-9-20_16PCC,2020-09-18,16PCC,M019,val,val,patches/S2_18-9-20_16PCC/S2_18-9-20_16PCC_28.tif,patches/S2_18-9-20_16PCC/S2_18-9-20_16PCC_28_cl.tif,patches/S2_18-9-20_16PCC/S2_18-9-20_16PCC_28_conf.tif,ac83165abc9e97b40306e08c9c6de3f91c981419ef7ae5e7d3e7d0b4b920d7c3
452,18-9-20_16PCC_29,18-9-20_16PCC,2020-09-18,16PCC,M019,val,val,patches/S2_18-9-20_16PCC/S2_18-9-20_16PCC_29.tif,patches/S2_18-9-20_16PCC/S2_18-9-20_16PCC_29_cl.tif,patches/S2_18-9-20_16PCC/S2_18-9-20_16PCC_29_conf.tif,7d8f378d4dec8d12519f9ba6d197aa877b74cfca6c825337b3ae2e0d6e3109bd
453,18-9-20_16PCC_3,18-9-20_16PCC,2020-09-18,16PCC,M019,val,val,patches/S2_18-9-20_16PCC/S2_18-9-20_16PCC_3.tif,patches/S2_18-9-20_16PCC/S2_18-9-20_16PCC_3_cl.tif,patches/S2_18-9-20_16PCC/S2_18-9-20_16PCC_3_conf.tif,7db30b406d772a337a402a34dab369af5d2044a7b5f6603453ff5a467010a600
454,18-9-20_16PCC_30,18-9-20_16PCC,2020-09-18,16PCC,M019,val,val,patches/S2_18-9-20_16PCC/S2_18-9-20_16PCC_30.tif,patches/S2_18-9-20_16PCC/S2_18-9-20_16PCC_30_cl.tif,patches/S2_18-9-20_16PCC/S2_18-9-20_16PCC_30_conf.tif,49f1cbc29dfeb1cfd1ed70b484ffa18f861dc2b06444add7fd3d521e16cd20ee
455,18-9-20_16PCC_31,18-9-20_16PCC,2020-09-18,16PCC,M019,val,val,patches/S2_18-9-20_16PCC/S2_18-9-20_16PCC_31.tif,patches/S2_18-9-20_16PCC/S2_18-9-20_16PCC_31_cl.tif,patches/S2_18-9-20_16PCC/S2_18-9-20_16PCC_31_conf.tif,83aa4e907965f8c2ea41cb6cfb210921dc1a71ec6d37ac0d16ca7582e53df67b
456,18-9-20_16PCC_32,18-9-20_16PCC,2020-09-18,16PCC,M019,val,val,patches/S2_18-9-20_16PCC/S2_18-9-20_16PCC_32.tif,patches/S2_18-9-20_16PCC/S2_18-9-20_16PCC_32_cl.tif,patches/S2_18-9-20_16PCC/S2_18-9-20_16PCC_32_conf.tif,311d0ad54c0072b076fbdef46085f71f5e572496474ffcee83625e8648e04d7e
457,18-9-20_16PCC_33,18-9-20_16PCC,2020-09-18,16PCC,M019,val,val,patches/S2_18-9-20_16PCC/S2_18-9-20_16PCC_33.tif,patches/S2_18-9-20_16PCC/S2_18-9-20_16PCC_33_cl.tif,patches/S2_18-9-20_16PCC/S2_18-9-20_16PCC_33_conf.tif,a7691fb08d1156fc15ef3802d0ea76aa4a5bec1c05b2dcb1673a1f6486da961c
458,18-9-20_16PCC_34,18-9-20_16PCC,2020-09-18,16PCC,M019,val,val,patches/S2_18-9-20_16PCC/S2_18-9-20_16PCC_34.tif,patches/S2_18-9-20_16PCC/S2_18-9-20_16PCC_34_cl.tif,patches/S2_18-9-20_16PCC/S2_18-9-20_16PCC_34_conf.tif,f67ca917acede9247e732b56ffea59023747f338e121b96b433623b5fc613ffa
459,18-9-20_16PCC_35,18-9-20_16PCC,2020-09-18,16PCC,M019,val,val,patches/S2_18-9-20_16PCC/S2_18-9-20_16PCC_35.tif,patches/S2_18-9-20_16PCC/S2_18-9-20_16PCC_35_cl.tif,patches/S2_18-9-20_16PCC/S2_18-9-20_16PCC_35_conf.tif,0467be009721afae3522013409549d0ddc34fcab42840d334a40441905f83481
460,18-9-20_16PCC_36,18-9-20_16PCC,2020-09-18,16PCC,M019,val,val,patches/S2_18-9-20_16PCC/S2_18-9-20_16PCC_36.tif,patches/S2_18-9-20_16PCC/S2_18-9-20_16PCC_36_cl.tif,patches/S2_18-9-20_16PCC/S2_18-9-20_16PCC_36_conf.tif,200661a6b96a3ab6c02a6c9bda39b123b895b00571782ced2ee4e04e1243c2b8
461,18-9-20_16PCC_37,18-9-20_16PCC,2020-09-18,16PCC,M019,val,val,patches/S2_18-9-20_16PCC/S2_18-9-20_16PCC_37.tif,patches/S2_18-9-20_16PCC/S2_18-9-20_16PCC_37_cl.tif,patches/S2_18-9-20_16PCC/S2_18-9-20_16PCC_37_conf.tif,96371c81567138986e5bd88dece9a6a3b30f38574a73cd31d5e411f949674808
462,18-9-20_16PCC_38,18-9-20_16PCC,2020-09-18,16PCC,M019,val,val,patches/S2_18-9-20_16PCC/S2_18-9-20_16PCC_38.tif,patches/S2_18-9-20_16PCC/S2_18-9-20_16PCC_38_cl.tif,patches/S2_18-9-20_16PCC/S2_18-9-20_16PCC_38_conf.tif,038930b25a07980b08c97eb595f8fc86508e3f351586383bc3f537aeb84d293b
463,18-9-20_16PCC_39,18-9-20_16PCC,2020-09-18,16PCC,M019,val,val,patches/S2_18-9-20_16PCC/S2_18-9-20_16PCC_39.tif,patches/S2_18-9-20_16PCC/S2_18-9-20_16PCC_39_cl.tif,patches/S2_18-9-20_16PCC/S2_18-9-20_16PCC_39_conf.tif,42a356e8e59e878c1ff5e7a89b320da744ba9141619ee9ba9ec6ed00a81fd8eb
464,18-9-20_16PCC_4,18-9-20_16PCC,2020-09-18,16PCC,M019,val,val,patches/S2_18-9-20_16PCC/S2_18-9-20_16PCC_4.tif,patches/S2_18-9-20_16PCC/S2_18-9-20_16PCC_4_cl.tif,patches/S2_18-9-20_16PCC/S2_18-9-20_16PCC_4_conf.tif,a4e6b62806e457a7336c8e11cea62ecddf2edca5116ce666b90ecac7ec3e009b
465,18-9-20_16PCC_40,18-9-20_16PCC,2020-09-18,16PCC,M019,val,val,patches/S2_18-9-20_16PCC/S2_18-9-20_16PCC_40.tif,patches/S2_18-9-20_16PCC/S2_18-9-20_16PCC_40_cl.tif,patches/S2_18-9-20_16PCC/S2_18-9-20_16PCC_40_conf.tif,6fa3eed687fdd1f7c12e57d7f102846c0fba79dee67315c468b0822f1d02e414
466,18-9-20_16PCC_41,18-9-20_16PCC,2020-09-18,16PCC,M019,val,val,patches/S2_18-9-20_16PCC/S2_18-9-20_16PCC_41.tif,patches/S2_18-9-20_16PCC/S2_18-9-20_16PCC_41_cl.tif,patches/S2_18-9-20_16PCC/S2_18-9-20_16PCC_41_conf.tif,2378582548ce4da0b1a28ebf92072908a870bfb536654604cecaecbedbb28a5b
467,18-9-20_16PCC_42,18-9-20_16PCC,2020-09-18,16PCC,M019,val,val,patches/S2_18-9-20_16PCC/S2_18-9-20_16PCC_42.tif,patches/S2_18-9-20_16PCC/S2_18-9-20_16PCC_42_cl.tif,patches/S2_18-9-20_16PCC/S2_18-9-20_16PCC_42_conf.tif,250b2411c7ecac51e5a1d957dac5f172c947f55596892450d48f6ff3b7aee54d
468,18-9-20_16PCC_43,18-9-20_16PCC,2020-09-18,16PCC,M019,val,val,patches/S2_18-9-20_16PCC/S2_18-9-20_16PCC_43.tif,patches/S2_18-9-20_16PCC/S2_18-9-20_16PCC_43_cl.tif,patches/S2_18-9-20_16PCC/S2_18-9-20_16PCC_43_conf.tif,8e7b982b01c3cb7033e2a2ba941fa448d6a359a4121c296f22345ac6478df35a
469,18-9-20_16PCC_44,18-9-20_16PCC,2020-09-18,16PCC,M019,val,val,patches/S2_18-9-20_16PCC/S2_18-9-20_16PCC_44.tif,patches/S2_18-9-20_16PCC/S2_18-9-20_16PCC_44_cl.tif,patches/S2_18-9-20_16PCC/S2_18-9-20_16PCC_44_conf.tif,7a8225634297eb65cb36458722a4557ada4111847cf32ceddb04453ca0f9e39c
470,18-9-20_16PCC_45,18-9-20_16PCC,2020-09-18,16PCC,M019,val,val,patches/S2_18-9-20_16PCC/S2_18-9-20_16PCC_45.tif,patches/S2_18-9-20_16PCC/S2_18-9-20_16PCC_45_cl.tif,patches/S2_18-9-20_16PCC/S2_18-9-20_16PCC_45_conf.tif,54729291e683a08a1ea4deb784b83d89e5f8ada59addb570ebc4e2e584453521
471,18-9-20_16PCC_46,18-9-20_16PCC,2020-09-18,16PCC,M019,val,val,patches/S2_18-9-20_16PCC/S2_18-9-20_16PCC_46.tif,patches/S2_18-9-20_16PCC/S2_18-9-20_16PCC_46_cl.tif,patches/S2_18-9-20_16PCC/S2_18-9-20_16PCC_46_conf.tif,4af58fc3e4c8d606cf2adc72c6ae4d2de26af38f6cdddd0b55416c39f0f4659c
472,18-9-20_16PCC_47,18-9-20_16PCC,2020-09-18,16PCC,M019,val,val,patches/S2_18-9-20_16PCC/S2_18-9-20_16PCC_47.tif,patches/S2_18-9-20_16PCC/S2_18-9-20_16PCC_47_cl.tif,patches/S2_18-9-20_16PCC/S2_18-9-20_16PCC_47_conf.tif,535ff1b11bdb372853df7055ee00dab277f42a0545f94bf682ec03d3f90a7ef0
473,18-9-20_16PCC_48,18-9-20_16PCC,2020-09-18,16PCC,M019,val,val,patches/S2_18-9-20_16PCC/S2_18-9-20_16PCC_48.tif,patches/S2_18-9-20_16PCC/S2_18-9-20_16PCC_48_cl.tif,patches/S2_18-9-20_16PCC/S2_18-9-20_16PCC_48_conf.tif,e0289165c8967fa456e00c6a971ea1f3284c9feae0a71fc832207ec6ea8feed3
474,18-9-20_16PCC_49,18-9-20_16PCC,2020-09-18,16PCC,M019,val,val,patches/S2_18-9-20_16PCC/S2_18-9-20_16PCC_49.tif,patches/S2_18-9-20_16PCC/S2_18-9-20_16PCC_49_cl.tif,patches/S2_18-9-20_16PCC/S2_18-9-20_16PCC_49_conf.tif,587ab015eba0de1cdd1e5ee3078f6c166aaea37719582e9e6534710d2274815d
475,18-9-20_16PCC_5,18-9-20_16PCC,2020-09-18,16PCC,M019,val,val,patches/S2_18-9-20_16PCC/S2_18-9-20_16PCC_5.tif,patches/S2_18-9-20_16PCC/S2_18-9-20_16PCC_5_cl.tif,patches/S2_18-9-20_16PCC/S2_18-9-20_16PCC_5_conf.tif,95b2237f1d85e1370d33794a1f5ce2a4c03fab227dc7c8193894b7d720cf6673
476,18-9-20_16PCC_50,18-9-20_16PCC,2020-09-18,16PCC,M019,val,val,patches/S2_18-9-20_16PCC/S2_18-9-20_16PCC_50.tif,patches/S2_18-9-20_16PCC/S2_18-9-20_16PCC_50_cl.tif,patches/S2_18-9-20_16PCC/S2_18-9-20_16PCC_50_conf.tif,6f4735534467d921413ddf644752716835791fab17c500939c11cc5cd85d32d6
477,18-9-20_16PCC_51,18-9-20_16PCC,2020-09-18,16PCC,M019,val,val,patches/S2_18-9-20_16PCC/S2_18-9-20_16PCC_51.tif,patches/S2_18-9-20_16PCC/S2_18-9-20_16PCC_51_cl.tif,patches/S2_18-9-20_16PCC/S2_18-9-20_16PCC_51_conf.tif,7aebc4599e16d929019c34434815320d5d8f1ed5322aa076f567d33f39e15177
478,18-9-20_16PCC_52,18-9-20_16PCC,2020-09-18,16PCC,M019,val,val,patches/S2_18-9-20_16PCC/S2_18-9-20_16PCC_52.tif,patches/S2_18-9-20_16PCC/S2_18-9-20_16PCC_52_cl.tif,patches/S2_18-9-20_16PCC/S2_18-9-20_16PCC_52_conf.tif,746d3bc069f1497e1dd1e303a9b2f496d5537dbe5abe9e4956da4053259949b5
479,18-9-20_16PCC_53,18-9-20_16PCC,2020-09-18,16PCC,M019,val,val,patches/S2_18-9-20_16PCC/S2_18-9-20_16PCC_53.tif,patches/S2_18-9-20_16PCC/S2_18-9-20_16PCC_53_cl.tif,patches/S2_18-9-20_16PCC/S2_18-9-20_16PCC_53_conf.tif,77c38f950d4cbe0bff349f56483e71a99dd9f7a614ebd93dc53604e33ecf0f64
480,18-9-20_16PCC_54,18-9-20_16PCC,2020-09-18,16PCC,M019,val,val,patches/S2_18-9-20_16PCC/S2_18-9-20_16PCC_54.tif,patches/S2_18-9-20_16PCC/S2_18-9-20_16PCC_54_cl.tif,patches/S2_18-9-20_16PCC/S2_18-9-20_16PCC_54_conf.tif,4b8ac2df178999e141b6e03235f145badca7beea07a1aa30c38ce32d8ce0f17e
481,18-9-20_16PCC_55,18-9-20_16PCC,2020-09-18,16PCC,M019,val,val,patches/S2_18-9-20_16PCC/S2_18-9-20_16PCC_55.tif,patches/S2_18-9-20_16PCC/S2_18-9-20_16PCC_55_cl.tif,patches/S2_18-9-20_16PCC/S2_18-9-20_16PCC_55_conf.tif,88cdcc8f42d84d66d954f505178fc4c57e3e19ff8c1f268c60bc5231c880b8a4
482,18-9-20_16PCC_56,18-9-20_16PCC,2020-09-18,16PCC,M019,val,val,patches/S2_18-9-20_16PCC/S2_18-9-20_16PCC_56.tif,patches/S2_18-9-20_16PCC/S2_18-9-20_16PCC_56_cl.tif,patches/S2_18-9-20_16PCC/S2_18-9-20_16PCC_56_conf.tif,ce2f584b5ad606de5f5c4d4f699fb5665e98fa54491f0b7a9d922ec6399e5cc5
483,18-9-20_16PCC_57,18-9-20_16PCC,2020-09-18,16PCC,M019,val,val,patches/S2_18-9-20_16PCC/S2_18-9-20_16PCC_57.tif,patches/S2_18-9-20_16PCC/S2_18-9-20_16PCC_57_cl.tif,patches/S2_18-9-20_16PCC/S2_18-9-20_16PCC_57_conf.tif,6473e33576e8586dfd355fdb7492cab6f48c8b91127c9cbd6e5fc12f88ce4263
484,18-9-20_16PCC_58,18-9-20_16PCC,2020-09-18,16PCC,M019,val,val,patches/S2_18-9-20_16PCC/S2_18-9-20_16PCC_58.tif,patches/S2_18-9-20_16PCC/S2_18-9-20_16PCC_58_cl.tif,patches/S2_18-9-20_16PCC/S2_18-9-20_16PCC_58_conf.tif,b96af330a8453d6040b49288f55c6ff193d7dc18bdf3107a709747f9b4c7b0e3
485,18-9-20_16PCC_59,18-9-20_16PCC,2020-09-18,16PCC,M019,val,val,patches/S2_18-9-20_16PCC/S2_18-9-20_16PCC_59.tif,patches/S2_18-9-20_16PCC/S2_18-9-20_16PCC_59_cl.tif,patches/S2_18-9-20_16PCC/S2_18-9-20_16PCC_59_conf.tif,4431855caf4906e7e3fbf90511b5aa00b44d6ea6a7ee1deeb913b65deb4dbb2a
486,18-9-20_16PCC_6,18-9-20_16PCC,2020-09-18,16PCC,M019,val,val,patches/S2_18-9-20_16PCC/S2_18-9-20_16PCC_6.tif,patches/S2_18-9-20_16PCC/S2_18-9-20_16PCC_6_cl.tif,patches/S2_18-9-20_16PCC/S2_18-9-20_16PCC_6_conf.tif,782aa4c5a02417a4f558f80f51b819e64718369c2c2155a77bdee4a37dab9781
487,18-9-20_16PCC_60,18-9-20_16PCC,2020-09-18,16PCC,M019,val,val,patches/S2_18-9-20_16PCC/S2_18-9-20_16PCC_60.tif,patches/S2_18-9-20_16PCC/S2_18-9-20_16PCC_60_cl.tif,patches/S2_18-9-20_16PCC/S2_18-9-20_16PCC_60_conf.tif,6637dc86b35346a47b127a8497ed404e799b305ea5ded15e59767d55249a48b8
488,18-9-20_16PCC_61,18-9-20_16PCC,2020-09-18,16PCC,M019,val,val,patches/S2_18-9-20_16PCC/S2_18-9-20_16PCC_61.tif,patches/S2_18-9-20_16PCC/S2_18-9-20_16PCC_61_cl.tif,patches/S2_18-9-20_16PCC/S2_18-9-20_16PCC_61_conf.tif,363bf504a13ad4d20762585eea8f52b709920ce0c1cd39d013e07f7d09c8304d
489,18-9-20_16PCC_62,18-9-20_16PCC,2020-09-18,16PCC,M019,val,val,patches/S2_18-9-20_16PCC/S2_18-9-20_16PCC_62.tif,patches/S2_18-9-20_16PCC/S2_18-9-20_16PCC_62_cl.tif,patches/S2_18-9-20_16PCC/S2_18-9-20_16PCC_62_conf.tif,53e61da4f88613ace7009af228bafe3f895fdb593908871dfb296d5732cedd5a
490,18-9-20_16PCC_63,18-9-20_16PCC,2020-09-18,16PCC,M019,val,val,patches/S2_18-9-20_16PCC/S2_18-9-20_16PCC_63.tif,patches/S2_18-9-20_16PCC/S2_18-9-20_16PCC_63_cl.tif,patches/S2_18-9-20_16PCC/S2_18-9-20_16PCC_63_conf.tif,2dcf74e6a270c5366ec67b81c678666250b665103cd03296f32b19faf1c8c825
491,18-9-20_16PCC_64,18-9-20_16PCC,2020-09-18,16PCC,M019,val,val,patches/S2_18-9-20_16PCC/S2_18-9-20_16PCC_64.tif,patches/S2_18-9-20_16PCC/S2_18-9-20_16PCC_64_cl.tif,patches/S2_18-9-20_16PCC/S2_18-9-20_16PCC_64_conf.tif,de7000095844fbcde6234e3ae7243a57e7643cf17ecce26b43059ca94549428e
492,18-9-20_16PCC_65,18-9-20_16PCC,2020-09-18,16PCC,M019,val,val,patches/S2_18-9-20_16PCC/S2_18-9-20_16PCC_65.tif,patches/S2_18-9-20_16PCC/S2_18-9-20_16PCC_65_cl.tif,patches/S2_18-9-20_16PCC/S2_18-9-20_16PCC_65_conf.tif,c9548caff74d6964ead82e152b9991a7cf56a91648b1c595ae66a39902f80f60
493,18-9-20_16PCC_66,18-9-20_16PCC,2020-09-18,16PCC,M019,val,val,patches/S2_18-9-20_16PCC/S2_18-9-20_16PCC_66.tif,patches/S2_18-9-20_16PCC/S2_18-9-20_16PCC_66_cl.tif,patches/S2_18-9-20_16PCC/S2_18-9-20_16PCC_66_conf.tif,b888c923971c68f5f4643086cedee0a064ae3f7a6b20212de82f1f22a48a2b6b
494,18-9-20_16PCC_67,18-9-20_16PCC,2020-09-18,16PCC,M019,val,val,patches/S2_18-9-20_16PCC/S2_18-9-20_16PCC_67.tif,patches/S2_18-9-20_16PCC/S2_18-9-20_16PCC_67_cl.tif,patches/S2_18-9-20_16PCC/S2_18-9-20_16PCC_67_conf.tif,7b0030803e30ac9cdd84cb3108beba9891971bd00b93a27f1ac8380db3d3204d
495,18-9-20_16PCC_68,18-9-20_16PCC,2020-09-18,16PCC,M019,val,val,patches/S2_18-9-20_16PCC/S2_18-9-20_16PCC_68.tif,patches/S2_18-9-20_16PCC/S2_18-9-20_16PCC_68_cl.tif,patches/S2_18-9-20_16PCC/S2_18-9-20_16PCC_68_conf.tif,974cdb93f697a9be7b3afafa91892e49659f7004182f04d2ba8b9207402a3a11
496,18-9-20_16PCC_69,18-9-20_16PCC,2020-09-18,16PCC,M019,val,val,patches/S2_18-9-20_16PCC/S2_18-9-20_16PCC_69.tif,patches/S2_18-9-20_16PCC/S2_18-9-20_16PCC_69_cl.tif,patches/S2_18-9-20_16PCC/S2_18-9-20_16PCC_69_conf.tif,21964a365f90612387bc78b31aeff94ab8e93fa9a64a474141dd58671478041d
497,18-9-20_16PCC_7,18-9-20_16PCC,2020-09-18,16PCC,M019,val,val,patches/S2_18-9-20_16PCC/S2_18-9-20_16PCC_7.tif,patches/S2_18-9-20_16PCC/S2_18-9-20_16PCC_7_cl.tif,patches/S2_18-9-20_16PCC/S2_18-9-20_16PCC_7_conf.tif,eaf87356830e7a77be7a2b56475c5f04a65476ccbac5d293806e55d13eecd730
498,18-9-20_16PCC_70,18-9-20_16PCC,2020-09-18,16PCC,M019,val,val,patches/S2_18-9-20_16PCC/S2_18-9-20_16PCC_70.tif,patches/S2_18-9-20_16PCC/S2_18-9-20_16PCC_70_cl.tif,patches/S2_18-9-20_16PCC/S2_18-9-20_16PCC_70_conf.tif,247d0f003f2cb2aafa3ba1f7e0e4bcaf6336554b6320c88d03099bfaefde368c
499,18-9-20_16PCC_71,18-9-20_16PCC,2020-09-18,16PCC,M019,val,val,patches/S2_18-9-20_16PCC/S2_18-9-20_16PCC_71.tif,patches/S2_18-9-20_16PCC/S2_18-9-20_16PCC_71_cl.tif,patches/S2_18-9-20_16PCC/S2_18-9-20_16PCC_71_conf.tif,9c8d61569a3f4884d7b578cff4d8f0d40bd1bf8e17aff3cbf3e1623a768614e2
500,18-9-20_16PCC_72,18-9-20_16PCC,2020-09-18,16PCC,M019,val,val,patches/S2_18-9-20_16PCC/S2_18-9-20_16PCC_72.tif,patches/S2_18-9-20_16PCC/S2_18-9-20_16PCC_72_cl.tif,patches/S2_18-9-20_16PCC/S2_18-9-20_16PCC_72_conf.tif,6b845a6d0c7ec7a494983068fa74fed99d715ad7ddec5149ca606aa5961047c7
501,18-9-20_16PCC_73,18-9-20_16PCC,2020-09-18,16PCC,M019,val,val,patches/S2_18-9-20_16PCC/S2_18-9-20_16PCC_73.tif,patches/S2_18-9-20_16PCC/S2_18-9-20_16PCC_73_cl.tif,patches/S2_18-9-20_16PCC/S2_18-9-20_16PCC_73_conf.tif,c5a283f2313979e73876b7b72df18618a17a547acc05d5c07ee4d28631fae4d3
502,18-9-20_16PCC_74,18-9-20_16PCC,2020-09-18,16PCC,M019,val,val,patches/S2_18-9-20_16PCC/S2_18-9-20_16PCC_74.tif,patches/S2_18-9-20_16PCC/S2_18-9-20_16PCC_74_cl.tif,patches/S2_18-9-20_16PCC/S2_18-9-20_16PCC_74_conf.tif,da8690af039fcf5d030dac0af7489bd06ba849f854cd2d2da759479e513c3662
503,18-9-20_16PCC_75,18-9-20_16PCC,2020-09-18,16PCC,M019,val,val,patches/S2_18-9-20_16PCC/S2_18-9-20_16PCC_75.tif,patches/S2_18-9-20_16PCC/S2_18-9-20_16PCC_75_cl.tif,patches/S2_18-9-20_16PCC/S2_18-9-20_16PCC_75_conf.tif,21d9b075080cbfde2afc59908442d37fdee13a635e2eeff30d6ffc1ba55e6e96
504,18-9-20_16PCC_76,18-9-20_16PCC,2020-09-18,16PCC,M019,val,val,patches/S2_18-9-20_16PCC/S2_18-9-20_16PCC_76.tif,patches/S2_18-9-20_16PCC/S2_18-9-20_16PCC_76_cl.tif,patches/S2_18-9-20_16PCC/S2_18-9-20_16PCC_76_conf.tif,b83a51f1072d044516df2524fbf5005c270e108dc6300bd8c4f78ed1a6936059
505,18-9-20_16PCC_77,18-9-20_16PCC,2020-09-18,16PCC,M019,val,val,patches/S2_18-9-20_16PCC/S2_18-9-20_16PCC_77.tif,patches/S2_18-9-20_16PCC/S2_18-9-20_16PCC_77_cl.tif,patches/S2_18-9-20_16PCC/S2_18-9-20_16PCC_77_conf.tif,1dbb5815a702c92dcebf70273c4566b5b52e18a44023ccd15d174ab6c97f0673
506,18-9-20_16PCC_78,18-9-20_16PCC,2020-09-18,16PCC,M019,val,val,patches/S2_18-9-20_16PCC/S2_18-9-20_16PCC_78.tif,patches/S2_18-9-20_16PCC/S2_18-9-20_16PCC_78_cl.tif,patches/S2_18-9-20_16PCC/S2_18-9-20_16PCC_78_conf.tif,fbb6534084a957ece8b0d6451a223cb636ccae9a90c8ebf2589a46747ab5fbc6
507,18-9-20_16PCC_8,18-9-20_16PCC,2020-09-18,16PCC,M019,val,val,patches/S2_18-9-20_16PCC/S2_18-9-20_16PCC_8.tif,patches/S2_18-9-20_16PCC/S2_18-9-20_16PCC_8_cl.tif,patches/S2_18-9-20_16PCC/S2_18-9-20_16PCC_8_conf.tif,e589161dbea68ccaf21f7517cdee9d6ead17c8e6c0d57ce1753a9de05bbcb5d1
508,18-9-20_16PCC_9,18-9-20_16PCC,2020-09-18,16PCC,M019,val,val,patches/S2_18-9-20_16PCC/S2_18-9-20_16PCC_9.tif,patches/S2_18-9-20_16PCC/S2_18-9-20_16PCC_9_cl.tif,patches/S2_18-9-20_16PCC/S2_18-9-20_16PCC_9_conf.tif,8c48fd9f8981bbaa7504e13dd3bb175a2556e0f43ee017f083b44e907b48fac3
509,18-9-20_16PDC_0,18-9-20_16PDC,2020-09-18,16PDC,M019,train,val,patches/S2_18-9-20_16PDC/S2_18-9-20_16PDC_0.tif,patches/S2_18-9-20_16PDC/S2_18-9-20_16PDC_0_cl.tif,patches/S2_18-9-20_16PDC/S2_18-9-20_16PDC_0_conf.tif,759af23b2df7362c3ab67f248c5b7ddebb7a6a4a72c8b5e04b86ecc05233d019
510,18-9-20_16PDC_1,18-9-20_16PDC,2020-09-18,16PDC,M019,train,val,patches/S2_18-9-20_16PDC/S2_18-9-20_16PDC_1.tif,patches/S2_18-9-20_16PDC/S2_18-9-20_16PDC_1_cl.tif,patches/S2_18-9-20_16PDC/S2_18-9-20_16PDC_1_conf.tif,c8ad52e9fa3e54bdb52abd5b9dcf26cbd911035bdbd60c84cb43f1bf5d2d680e
511,18-9-20_16PDC_10,18-9-20_16PDC,2020-09-18,16PDC,M019,train,val,patches/S2_18-9-20_16PDC/S2_18-9-20_16PDC_10.tif,patches/S2_18-9-20_16PDC/S2_18-9-20_16PDC_10_cl.tif,patches/S2_18-9-20_16PDC/S2_18-9-20_16PDC_10_conf.tif,4cec1e886bfe2aaa97c6fefca80b97e193192769c86ce6559c4dca24d635c5d1
512,18-9-20_16PDC_11,18-9-20_16PDC,2020-09-18,16PDC,M019,train,val,patches/S2_18-9-20_16PDC/S2_18-9-20_16PDC_11.tif,patches/S2_18-9-20_16PDC/S2_18-9-20_16PDC_11_cl.tif,patches/S2_18-9-20_16PDC/S2_18-9-20_16PDC_11_conf.tif,1efca1534bf0fc0c94eea4b47124282fca6852e724b31a38c1edeaa195da45fe
513,18-9-20_16PDC_12,18-9-20_16PDC,2020-09-18,16PDC,M019,train,val,patches/S2_18-9-20_16PDC/S2_18-9-20_16PDC_12.tif,patches/S2_18-9-20_16PDC/S2_18-9-20_16PDC_12_cl.tif,patches/S2_18-9-20_16PDC/S2_18-9-20_16PDC_12_conf.tif,32949a81da52b6fd7841f7350e37d45d70bbec8dfefb9224a0784a4439d32a56
514,18-9-20_16PDC_13,18-9-20_16PDC,2020-09-18,16PDC,M019,train,val,patches/S2_18-9-20_16PDC/S2_18-9-20_16PDC_13.tif,patches/S2_18-9-20_16PDC/S2_18-9-20_16PDC_13_cl.tif,patches/S2_18-9-20_16PDC/S2_18-9-20_16PDC_13_conf.tif,efc5b9806ea8271a024d10913e980782a35f5d203e2fb330c6bfd0576085facb
515,18-9-20_16PDC_14,18-9-20_16PDC,2020-09-18,16PDC,M019,train,val,patches/S2_18-9-20_16PDC/S2_18-9-20_16PDC_14.tif,patches/S2_18-9-20_16PDC/S2_18-9-20_16PDC_14_cl.tif,patches/S2_18-9-20_16PDC/S2_18-9-20_16PDC_14_conf.tif,090dc0a61702e58b29e73f0ecef7df1ce56698a9cc0d448d249f64e51c7e7cd7
516,18-9-20_16PDC_15,18-9-20_16PDC,2020-09-18,16PDC,M019,train,val,patches/S2_18-9-20_16PDC/S2_18-9-20_16PDC_15.tif,patches/S2_18-9-20_16PDC/S2_18-9-20_16PDC_15_cl.tif,patches/S2_18-9-20_16PDC/S2_18-9-20_16PDC_15_conf.tif,a682e056aee0d3d1d87dbe6b3460b45e01f414b837d000ff55f994ca76362fca
517,18-9-20_16PDC_16,18-9-20_16PDC,2020-09-18,16PDC,M019,train,val,patches/S2_18-9-20_16PDC/S2_18-9-20_16PDC_16.tif,patches/S2_18-9-20_16PDC/S2_18-9-20_16PDC_16_cl.tif,patches/S2_18-9-20_16PDC/S2_18-9-20_16PDC_16_conf.tif,719fa41316bf5218ac0b98f00e0aa2b2815da11d17874a2305d32347dfa4f374
518,18-9-20_16PDC_17,18-9-20_16PDC,2020-09-18,16PDC,M019,train,val,patches/S2_18-9-20_16PDC/S2_18-9-20_16PDC_17.tif,patches/S2_18-9-20_16PDC/S2_18-9-20_16PDC_17_cl.tif,patches/S2_18-9-20_16PDC/S2_18-9-20_16PDC_17_conf.tif,a411e554f78167809333bfa4bfc16745048417db5a10e8357cd2d0754e038c5a
519,18-9-20_16PDC_18,18-9-20_16PDC,2020-09-18,16PDC,M019,train,val,patches/S2_18-9-20_16PDC/S2_18-9-20_16PDC_18.tif,patches/S2_18-9-20_16PDC/S2_18-9-20_16PDC_18_cl.tif,patches/S2_18-9-20_16PDC/S2_18-9-20_16PDC_18_conf.tif,1d9383409fcfeac772b90edb92da5067fede8563149b3f0b7301381a75bd15f6
520,18-9-20_16PDC_19,18-9-20_16PDC,2020-09-18,16PDC,M019,train,val,patches/S2_18-9-20_16PDC/S2_18-9-20_16PDC_19.tif,patches/S2_18-9-20_16PDC/S2_18-9-20_16PDC_19_cl.tif,patches/S2_18-9-20_16PDC/S2_18-9-20_16PDC_19_conf.tif,9f21184f4fa700c262a76acb30dddbed4bd0eb5868419204b922f90e183bf281
521,18-9-20_16PDC_2,18-9-20_16PDC,2020-09-18,16PDC,M019,train,val,patches/S2_18-9-20_16PDC/S2_18-9-20_16PDC_2.tif,patches/S2_18-9-20_16PDC/S2_18-9-20_16PDC_2_cl.tif,patches/S2_18-9-20_16PDC/S2_18-9-20_16PDC_2_conf.tif,b9ac268f298451af55d6735d43d934216e31471f4981340e0e5569dd73c2892b
522,18-9-20_16PDC_20,18-9-20_16PDC,2020-09-18,16PDC,M019,train,val,patches/S2_18-9-20_16PDC/S2_18-9-20_16PDC_20.tif,patches/S2_18-9-20_16PDC/S2_18-9-20_16PDC_20_cl.tif,patches/S2_18-9-20_16PDC/S2_18-9-20_16PDC_20_conf.tif,83fc94c494a52e5062b186ca5dc1182a7196351d6e4038325f33c9dd00ef2e6d
523,18-9-20_16PDC_21,18-9-20_16PDC,2020-09-18,16PDC,M019,train,val,patches/S2_18-9-20_16PDC/S2_18-9-20_16PDC_21.tif,patches/S2_18-9-20_16PDC/S2_18-9-20_16PDC_21_cl.tif,patches/S2_18-9-20_16PDC/S2_18-9-20_16PDC_21_conf.tif,dd085d074919aa36b4058d02fdf883a3a8777ec4309189b823fb075c5ee6d586
524,18-9-20_16PDC_22,18-9-20_16PDC,2020-09-18,16PDC,M019,train,val,patches/S2_18-9-20_16PDC/S2_18-9-20_16PDC_22.tif,patches/S2_18-9-20_16PDC/S2_18-9-20_16PDC_22_cl.tif,patches/S2_18-9-20_16PDC/S2_18-9-20_16PDC_22_conf.tif,7647d28356013fa9192117750c898c636a78514a5c2c601b50590cfe7683db53
525,18-9-20_16PDC_23,18-9-20_16PDC,2020-09-18,16PDC,M019,train,val,patches/S2_18-9-20_16PDC/S2_18-9-20_16PDC_23.tif,patches/S2_18-9-20_16PDC/S2_18-9-20_16PDC_23_cl.tif,patches/S2_18-9-20_16PDC/S2_18-9-20_16PDC_23_conf.tif,ea86f4b5bc38d816e62cdff12959134b3bd92587c634245545a5889f2b93c0ea
526,18-9-20_16PDC_24,18-9-20_16PDC,2020-09-18,16PDC,M019,train,val,patches/S2_18-9-20_16PDC/S2_18-9-20_16PDC_24.tif,patches/S2_18-9-20_16PDC/S2_18-9-20_16PDC_24_cl.tif,patches/S2_18-9-20_16PDC/S2_18-9-20_16PDC_24_conf.tif,41c2f743052bdefec9184af8ef46cf34a2ac7e9b3399ad16401895452ba1a129
527,18-9-20_16PDC_25,18-9-20_16PDC,2020-09-18,16PDC,M019,train,val,patches/S2_18-9-20_16PDC/S2_18-9-20_16PDC_25.tif,patches/S2_18-9-20_16PDC/S2_18-9-20_16PDC_25_cl.tif,patches/S2_18-9-20_16PDC/S2_18-9-20_16PDC_25_conf.tif,dd91456c289c2a75d1dd6daea7db2cb114e17dce6ee908244a24ee9422ab2674
528,18-9-20_16PDC_26,18-9-20_16PDC,2020-09-18,16PDC,M019,train,val,patches/S2_18-9-20_16PDC/S2_18-9-20_16PDC_26.tif,patches/S2_18-9-20_16PDC/S2_18-9-20_16PDC_26_cl.tif,patches/S2_18-9-20_16PDC/S2_18-9-20_16PDC_26_conf.tif,1081d961ece0b49fc85eb6839e967c95563cfb6ad62d0a7ab68d1117db3ab587
529,18-9-20_16PDC_27,18-9-20_16PDC,2020-09-18,16PDC,M019,train,val,patches/S2_18-9-20_16PDC/S2_18-9-20_16PDC_27.tif,patches/S2_18-9-20_16PDC/S2_18-9-20_16PDC_27_cl.tif,patches/S2_18-9-20_16PDC/S2_18-9-20_16PDC_27_conf.tif,392869b2f8dde6d25def9f7e1ed0eddbfbcd1d631b7874ce23f1c139ac94f9d0
530,18-9-20_16PDC_28,18-9-20_16PDC,2020-09-18,16PDC,M019,train,val,patches/S2_18-9-20_16PDC/S2_18-9-20_16PDC_28.tif,patches/S2_18-9-20_16PDC/S2_18-9-20_16PDC_28_cl.tif,patches/S2_18-9-20_16PDC/S2_18-9-20_16PDC_28_conf.tif,0a6e029f9c9069234e7cd259a9957ce8a1d8edbb27e503b36c59a06e386f84ca
531,18-9-20_16PDC_29,18-9-20_16PDC,2020-09-18,16PDC,M019,train,val,patches/S2_18-9-20_16PDC/S2_18-9-20_16PDC_29.tif,patches/S2_18-9-20_16PDC/S2_18-9-20_16PDC_29_cl.tif,patches/S2_18-9-20_16PDC/S2_18-9-20_16PDC_29_conf.tif,9a2982cd6d1a2ffcbee6f944402bdc3d654fd01a25588815fbd9b12667a4f5ee
532,18-9-20_16PDC_3,18-9-20_16PDC,2020-09-18,16PDC,M019,train,val,patches/S2_18-9-20_16PDC/S2_18-9-20_16PDC_3.tif,patches/S2_18-9-20_16PDC/S2_18-9-20_16PDC_3_cl.tif,patches/S2_18-9-20_16PDC/S2_18-9-20_16PDC_3_conf.tif,96b370ce80d9b06e9b4e7346d4b7a22af6502be2330b15e8062327eeacb98a19
533,18-9-20_16PDC_4,18-9-20_16PDC,2020-09-18,16PDC,M019,train,val,patches/S2_18-9-20_16PDC/S2_18-9-20_16PDC_4.tif,patches/S2_18-9-20_16PDC/S2_18-9-20_16PDC_4_cl.tif,patches/S2_18-9-20_16PDC/S2_18-9-20_16PDC_4_conf.tif,dfe24e686213df59802cbeb21e28307cfd976c3ea2c9502cfbcecfe2813b5b21
534,18-9-20_16PDC_5,18-9-20_16PDC,2020-09-18,16PDC,M019,train,val,patches/S2_18-9-20_16PDC/S2_18-9-20_16PDC_5.tif,patches/S2_18-9-20_16PDC/S2_18-9-20_16PDC_5_cl.tif,patches/S2_18-9-20_16PDC/S2_18-9-20_16PDC_5_conf.tif,ecfd15cde3fb844f4b633c754bae5ff69a3d3fa5c67d89658c4cad89c8222b95
535,18-9-20_16PDC_6,18-9-20_16PDC,2020-09-18,16PDC,M019,train,val,patches/S2_18-9-20_16PDC/S2_18-9-20_16PDC_6.tif,patches/S2_18-9-20_16PDC/S2_18-9-20_16PDC_6_cl.tif,patches/S2_18-9-20_16PDC/S2_18-9-20_16PDC_6_conf.tif,8ec939391100f3000cdee825d90729d04bdcab86753e0296172f881c6b79fa2e
536,18-9-20_16PDC_7,18-9-20_16PDC,2020-09-18,16PDC,M019,train,val,patches/S2_18-9-20_16PDC/S2_18-9-20_16PDC_7.tif,patches/S2_18-9-20_16PDC/S2_18-9-20_16PDC_7_cl.tif,patches/S2_18-9-20_16PDC/S2_18-9-20_16PDC_7_conf.tif,39820880851c53fea6b59157c60901fc79a8b48e31ece9e8af610d39deddd7f1
537,18-9-20_16PDC_8,18-9-20_16PDC,2020-09-18,16PDC,M019,train,val,patches/S2_18-9-20_16PDC/S2_18-9-20_16PDC_8.tif,patches/S2_18-9-20_16PDC/S2_18-9-20_16PDC_8_cl.tif,patches/S2_18-9-20_16PDC/S2_18-9-20_16PDC_8_conf.tif,d8caf7c1657f9a7007a50b2fceba5def927a3db804532a07b137e16425747f42
538,18-9-20_16PDC_9,18-9-20_16PDC,2020-09-18,16PDC,M019,train,val,patches/S2_18-9-20_16PDC/S2_18-9-20_16PDC_9.tif,patches/S2_18-9-20_16PDC/S2_18-9-20_16PDC_9_cl.tif,patches/S2_18-9-20_16PDC/S2_18-9-20_16PDC_9_conf.tif,1b125af8e2104effd33043a9c82d3f610be11e963218d14f101f8974f48f23e3
539,19-3-20_18QYF_0,19-3-20_18QYF,2020-03-19,18QYF,M020,train,train,patches/S2_19-3-20_18QYF/S2_19-3-20_18QYF_0.tif,patches/S2_19-3-20_18QYF/S2_19-3-20_18QYF_0_cl.tif,patches/S2_19-3-20_18QYF/S2_19-3-20_18QYF_0_conf.tif,4d6c0f15121748a20d331a0d38426e04d894930f64e1e2f5d0d7ac890a764493
540,19-3-20_18QYF_1,19-3-20_18QYF,2020-03-19,18QYF,M020,train,train,patches/S2_19-3-20_18QYF/S2_19-3-20_18QYF_1.tif,patches/S2_19-3-20_18QYF/S2_19-3-20_18QYF_1_cl.tif,patches/S2_19-3-20_18QYF/S2_19-3-20_18QYF_1_conf.tif,3e7a63a83021d44b6b2191bb79e7799bb4743ab9fae192b7f544a7edad19ad13
541,19-3-20_18QYF_2,19-3-20_18QYF,2020-03-19,18QYF,M020,train,train,patches/S2_19-3-20_18QYF/S2_19-3-20_18QYF_2.tif,patches/S2_19-3-20_18QYF/S2_19-3-20_18QYF_2_cl.tif,patches/S2_19-3-20_18QYF/S2_19-3-20_18QYF_2_conf.tif,8d8f171c0c2ecdd6e00f65a08f35e173a82cb94194a7915b971d24e05e330c58
542,19-3-20_18QYF_3,19-3-20_18QYF,2020-03-19,18QYF,M020,train,train,patches/S2_19-3-20_18QYF/S2_19-3-20_18QYF_3.tif,patches/S2_19-3-20_18QYF/S2_19-3-20_18QYF_3_cl.tif,patches/S2_19-3-20_18QYF/S2_19-3-20_18QYF_3_conf.tif,20d685c9f11bec1ed10bc927cb4fa45f7c4c74f038fa3121a8753488f838ed12
543,19-3-20_18QYF_4,19-3-20_18QYF,2020-03-19,18QYF,M020,train,train,patches/S2_19-3-20_18QYF/S2_19-3-20_18QYF_4.tif,patches/S2_19-3-20_18QYF/S2_19-3-20_18QYF_4_cl.tif,patches/S2_19-3-20_18QYF/S2_19-3-20_18QYF_4_conf.tif,2981caa0dc4bbce39743cd1be4e0259e36e4e33dbbcca5b831e4dc9c7c9d4994
544,19-3-20_18QYF_5,19-3-20_18QYF,2020-03-19,18QYF,M020,train,train,patches/S2_19-3-20_18QYF/S2_19-3-20_18QYF_5.tif,patches/S2_19-3-20_18QYF/S2_19-3-20_18QYF_5_cl.tif,patches/S2_19-3-20_18QYF/S2_19-3-20_18QYF_5_conf.tif,2c073b7d2c514ae9a0bd36338bc573a1d9a242d2ddb2aa399dfba8c773eb543f
545,19-9-18_16PCC_0,19-9-18_16PCC,2018-09-19,16PCC,M021,val,test,patches/S2_19-9-18_16PCC/S2_19-9-18_16PCC_0.tif,patches/S2_19-9-18_16PCC/S2_19-9-18_16PCC_0_cl.tif,patches/S2_19-9-18_16PCC/S2_19-9-18_16PCC_0_conf.tif,58b1172e07e411d5cc932faba32d9db22c38158ae5f80fd374d7a1d5c5b531d7
546,19-9-18_16PCC_1,19-9-18_16PCC,2018-09-19,16PCC,M021,val,test,patches/S2_19-9-18_16PCC/S2_19-9-18_16PCC_1.tif,patches/S2_19-9-18_16PCC/S2_19-9-18_16PCC_1_cl.tif,patches/S2_19-9-18_16PCC/S2_19-9-18_16PCC_1_conf.tif,8da690f2d85f81ff9a195cd194faec91b3ca0dcb0511c38a9912d4d89aff5463
547,19-9-18_16PCC_10,19-9-18_16PCC,2018-09-19,16PCC,M021,val,test,patches/S2_19-9-18_16PCC/S2_19-9-18_16PCC_10.tif,patches/S2_19-9-18_16PCC/S2_19-9-18_16PCC_10_cl.tif,patches/S2_19-9-18_16PCC/S2_19-9-18_16PCC_10_conf.tif,8ee74791aad4e3aa1878870706631bd40a8646df49ed75cf05c0d884158146c9
548,19-9-18_16PCC_11,19-9-18_16PCC,2018-09-19,16PCC,M021,val,test,patches/S2_19-9-18_16PCC/S2_19-9-18_16PCC_11.tif,patches/S2_19-9-18_16PCC/S2_19-9-18_16PCC_11_cl.tif,patches/S2_19-9-18_16PCC/S2_19-9-18_16PCC_11_conf.tif,62a6e752106c694495299db24d1ae1a6bb19b4901da9756b34b3ef35f4b1c2d6
549,19-9-18_16PCC_12,19-9-18_16PCC,2018-09-19,16PCC,M021,val,test,patches/S2_19-9-18_16PCC/S2_19-9-18_16PCC_12.tif,patches/S2_19-9-18_16PCC/S2_19-9-18_16PCC_12_cl.tif,patches/S2_19-9-18_16PCC/S2_19-9-18_16PCC_12_conf.tif,89f2e658bf12424bbba81e30d882c57c3c80be2e902a5aa4d2260c7c32577c86
550,19-9-18_16PCC_13,19-9-18_16PCC,2018-09-19,16PCC,M021,val,test,patches/S2_19-9-18_16PCC/S2_19-9-18_16PCC_13.tif,patches/S2_19-9-18_16PCC/S2_19-9-18_16PCC_13_cl.tif,patches/S2_19-9-18_16PCC/S2_19-9-18_16PCC_13_conf.tif,55e2e0077f0c1a8a554c588dce87a0c599e94bb1988158b403c9771e452f157c
551,19-9-18_16PCC_14,19-9-18_16PCC,2018-09-19,16PCC,M021,val,test,patches/S2_19-9-18_16PCC/S2_19-9-18_16PCC_14.tif,patches/S2_19-9-18_16PCC/S2_19-9-18_16PCC_14_cl.tif,patches/S2_19-9-18_16PCC/S2_19-9-18_16PCC_14_conf.tif,0efe4702399057aa7e652b67c42d00d42ca38773c47937ad0c2bc98f8fe0710b
552,19-9-18_16PCC_15,19-9-18_16PCC,2018-09-19,16PCC,M021,val,test,patches/S2_19-9-18_16PCC/S2_19-9-18_16PCC_15.tif,patches/S2_19-9-18_16PCC/S2_19-9-18_16PCC_15_cl.tif,patches/S2_19-9-18_16PCC/S2_19-9-18_16PCC_15_conf.tif,217e0a12ccc2a3c6b0ee9913b34fbf733ef6b7557813558c97d224a33c957e60
553,19-9-18_16PCC_16,19-9-18_16PCC,2018-09-19,16PCC,M021,val,test,patches/S2_19-9-18_16PCC/S2_19-9-18_16PCC_16.tif,patches/S2_19-9-18_16PCC/S2_19-9-18_16PCC_16_cl.tif,patches/S2_19-9-18_16PCC/S2_19-9-18_16PCC_16_conf.tif,4f1a8cdcd853443ae28ed136ee84ca92c4601909498d83ed964810a52dda7def
554,19-9-18_16PCC_17,19-9-18_16PCC,2018-09-19,16PCC,M021,val,test,patches/S2_19-9-18_16PCC/S2_19-9-18_16PCC_17.tif,patches/S2_19-9-18_16PCC/S2_19-9-18_16PCC_17_cl.tif,patches/S2_19-9-18_16PCC/S2_19-9-18_16PCC_17_conf.tif,036042d858d0b8bd4fd8593b1d4f2fba31f6ec5f910493a165aa0507b2be6324
555,19-9-18_16PCC_18,19-9-18_16PCC,2018-09-19,16PCC,M021,val,test,patches/S2_19-9-18_16PCC/S2_19-9-18_16PCC_18.tif,patches/S2_19-9-18_16PCC/S2_19-9-18_16PCC_18_cl.tif,patches/S2_19-9-18_16PCC/S2_19-9-18_16PCC_18_conf.tif,1ea16a0e26bc5ac5b86c4b03d32e8dc887425807a92780237b1c8558054593be
556,19-9-18_16PCC_19,19-9-18_16PCC,2018-09-19,16PCC,M021,val,test,patches/S2_19-9-18_16PCC/S2_19-9-18_16PCC_19.tif,patches/S2_19-9-18_16PCC/S2_19-9-18_16PCC_19_cl.tif,patches/S2_19-9-18_16PCC/S2_19-9-18_16PCC_19_conf.tif,3192efacdef175a901a8088af0c5a882b71f4e7878a5dcb828d32f9030759a91
557,19-9-18_16PCC_2,19-9-18_16PCC,2018-09-19,16PCC,M021,val,test,patches/S2_19-9-18_16PCC/S2_19-9-18_16PCC_2.tif,patches/S2_19-9-18_16PCC/S2_19-9-18_16PCC_2_cl.tif,patches/S2_19-9-18_16PCC/S2_19-9-18_16PCC_2_conf.tif,9586579a0aacc22556f493ee2935664c9e1d0812cb0860fcbcd030ec659eec18
558,19-9-18_16PCC_20,19-9-18_16PCC,2018-09-19,16PCC,M021,val,test,patches/S2_19-9-18_16PCC/S2_19-9-18_16PCC_20.tif,patches/S2_19-9-18_16PCC/S2_19-9-18_16PCC_20_cl.tif,patches/S2_19-9-18_16PCC/S2_19-9-18_16PCC_20_conf.tif,bb04907c337566aca18aefc2d5f0b44aa87b01214315aba9d2bdf773a1a32090
559,19-9-18_16PCC_21,19-9-18_16PCC,2018-09-19,16PCC,M021,val,test,patches/S2_19-9-18_16PCC/S2_19-9-18_16PCC_21.tif,patches/S2_19-9-18_16PCC/S2_19-9-18_16PCC_21_cl.tif,patches/S2_19-9-18_16PCC/S2_19-9-18_16PCC_21_conf.tif,28307e2437c3b383a3035ab28878ca6033851c2af84f2fc9ffb317a6b2b8c898
560,19-9-18_16PCC_22,19-9-18_16PCC,2018-09-19,16PCC,M021,val,test,patches/S2_19-9-18_16PCC/S2_19-9-18_16PCC_22.tif,patches/S2_19-9-18_16PCC/S2_19-9-18_16PCC_22_cl.tif,patches/S2_19-9-18_16PCC/S2_19-9-18_16PCC_22_conf.tif,a360313ed7190b129ccbb27792552143bdb9a5a3845a72cd0a8c0517eebf0e07
561,19-9-18_16PCC_23,19-9-18_16PCC,2018-09-19,16PCC,M021,val,test,patches/S2_19-9-18_16PCC/S2_19-9-18_16PCC_23.tif,patches/S2_19-9-18_16PCC/S2_19-9-18_16PCC_23_cl.tif,patches/S2_19-9-18_16PCC/S2_19-9-18_16PCC_23_conf.tif,afb8a4c227afce114d4b9a36fde6f794367ba7d9cf7761d757202890d80023cf
562,19-9-18_16PCC_24,19-9-18_16PCC,2018-09-19,16PCC,M021,val,test,patches/S2_19-9-18_16PCC/S2_19-9-18_16PCC_24.tif,patches/S2_19-9-18_16PCC/S2_19-9-18_16PCC_24_cl.tif,patches/S2_19-9-18_16PCC/S2_19-9-18_16PCC_24_conf.tif,aef113dad6afbbb52599a7d74562556a3fdcf078db69159052aa52c8558a6281
563,19-9-18_16PCC_25,19-9-18_16PCC,2018-09-19,16PCC,M021,val,test,patches/S2_19-9-18_16PCC/S2_19-9-18_16PCC_25.tif,patches/S2_19-9-18_16PCC/S2_19-9-18_16PCC_25_cl.tif,patches/S2_19-9-18_16PCC/S2_19-9-18_16PCC_25_conf.tif,668a6af3c8588dba8b3d6c55a3c6993c0fe0a84b4021c5767ffe944ebe882562
564,19-9-18_16PCC_26,19-9-18_16PCC,2018-09-19,16PCC,M021,val,test,patches/S2_19-9-18_16PCC/S2_19-9-18_16PCC_26.tif,patches/S2_19-9-18_16PCC/S2_19-9-18_16PCC_26_cl.tif,patches/S2_19-9-18_16PCC/S2_19-9-18_16PCC_26_conf.tif,b5a22b1b9e98cf0d11902b2609cf5b8a334b92dfaf4212ba14f33958df31c82c
565,19-9-18_16PCC_27,19-9-18_16PCC,2018-09-19,16PCC,M021,val,test,patches/S2_19-9-18_16PCC/S2_19-9-18_16PCC_27.tif,patches/S2_19-9-18_16PCC/S2_19-9-18_16PCC_27_cl.tif,patches/S2_19-9-18_16PCC/S2_19-9-18_16PCC_27_conf.tif,fbc598b87082178af2afe27217f949f3b0ad90869bc5234da5341679a096d137
566,19-9-18_16PCC_28,19-9-18_16PCC,2018-09-19,16PCC,M021,val,test,patches/S2_19-9-18_16PCC/S2_19-9-18_16PCC_28.tif,patches/S2_19-9-18_16PCC/S2_19-9-18_16PCC_28_cl.tif,patches/S2_19-9-18_16PCC/S2_19-9-18_16PCC_28_conf.tif,5d6d0203f64319b9b31fdfa2a78b4101951133a5d2a53d92fdffba6d74b047fb
567,19-9-18_16PCC_29,19-9-18_16PCC,2018-09-19,16PCC,M021,val,test,patches/S2_19-9-18_16PCC/S2_19-9-18_16PCC_29.tif,patches/S2_19-9-18_16PCC/S2_19-9-18_16PCC_29_cl.tif,patches/S2_19-9-18_16PCC/S2_19-9-18_16PCC_29_conf.tif,ad31936655eea1c18e6ac57a7e602045dd47d740ccc467f00710fdebd182967f
568,19-9-18_16PCC_3,19-9-18_16PCC,2018-09-19,16PCC,M021,val,test,patches/S2_19-9-18_16PCC/S2_19-9-18_16PCC_3.tif,patches/S2_19-9-18_16PCC/S2_19-9-18_16PCC_3_cl.tif,patches/S2_19-9-18_16PCC/S2_19-9-18_16PCC_3_conf.tif,ffe392694983e7fc75610fb4cf064a062ab69086552f4e60e673ef93688bc542
569,19-9-18_16PCC_30,19-9-18_16PCC,2018-09-19,16PCC,M021,val,test,patches/S2_19-9-18_16PCC/S2_19-9-18_16PCC_30.tif,patches/S2_19-9-18_16PCC/S2_19-9-18_16PCC_30_cl.tif,patches/S2_19-9-18_16PCC/S2_19-9-18_16PCC_30_conf.tif,a36a07cf0f00c93ad728eb94e1a0ba94fae4b4d80110ce96d8dfe65fa6408eb6
570,19-9-18_16PCC_31,19-9-18_16PCC,2018-09-19,16PCC,M021,val,test,patches/S2_19-9-18_16PCC/S2_19-9-18_16PCC_31.tif,patches/S2_19-9-18_16PCC/S2_19-9-18_16PCC_31_cl.tif,patches/S2_19-9-18_16PCC/S2_19-9-18_16PCC_31_conf.tif,c87888df64b0508280d84a75894b7ef7b7db62b9d658b440200298e2132cc3d8
571,19-9-18_16PCC_32,19-9-18_16PCC,2018-09-19,16PCC,M021,val,test,patches/S2_19-9-18_16PCC/S2_19-9-18_16PCC_32.tif,patches/S2_19-9-18_16PCC/S2_19-9-18_16PCC_32_cl.tif,patches/S2_19-9-18_16PCC/S2_19-9-18_16PCC_32_conf.tif,e4b31442c4330052b91d9814162ffce3a66908ae8afc3f9a094c8b3eca19106b
572,19-9-18_16PCC_33,19-9-18_16PCC,2018-09-19,16PCC,M021,val,test,patches/S2_19-9-18_16PCC/S2_19-9-18_16PCC_33.tif,patches/S2_19-9-18_16PCC/S2_19-9-18_16PCC_33_cl.tif,patches/S2_19-9-18_16PCC/S2_19-9-18_16PCC_33_conf.tif,138958124618adbdd2fe9bce5bc610ae7b493a7f98e730e4a0f6d719e3c613fb
573,19-9-18_16PCC_34,19-9-18_16PCC,2018-09-19,16PCC,M021,val,test,patches/S2_19-9-18_16PCC/S2_19-9-18_16PCC_34.tif,patches/S2_19-9-18_16PCC/S2_19-9-18_16PCC_34_cl.tif,patches/S2_19-9-18_16PCC/S2_19-9-18_16PCC_34_conf.tif,26e5b688bc210a21328df3461c769fda2fdb69c5ef54ce9f85303095202b0ceb
574,19-9-18_16PCC_35,19-9-18_16PCC,2018-09-19,16PCC,M021,val,test,patches/S2_19-9-18_16PCC/S2_19-9-18_16PCC_35.tif,patches/S2_19-9-18_16PCC/S2_19-9-18_16PCC_35_cl.tif,patches/S2_19-9-18_16PCC/S2_19-9-18_16PCC_35_conf.tif,0047fef0f075f75d96c18e80e4698bdd307f07fc31908eef8ff495dbbf72f1b3
575,19-9-18_16PCC_36,19-9-18_16PCC,2018-09-19,16PCC,M021,val,test,patches/S2_19-9-18_16PCC/S2_19-9-18_16PCC_36.tif,patches/S2_19-9-18_16PCC/S2_19-9-18_16PCC_36_cl.tif,patches/S2_19-9-18_16PCC/S2_19-9-18_16PCC_36_conf.tif,5a3bef83941347049a89c63026365d9660ea0d0f38885cc330895245c45862c5
576,19-9-18_16PCC_37,19-9-18_16PCC,2018-09-19,16PCC,M021,val,test,patches/S2_19-9-18_16PCC/S2_19-9-18_16PCC_37.tif,patches/S2_19-9-18_16PCC/S2_19-9-18_16PCC_37_cl.tif,patches/S2_19-9-18_16PCC/S2_19-9-18_16PCC_37_conf.tif,bb6a605d4cb24a1d82e4bec2b57e0ebd0a95a35e1306b6465f926c254efa8d5c
577,19-9-18_16PCC_4,19-9-18_16PCC,2018-09-19,16PCC,M021,val,test,patches/S2_19-9-18_16PCC/S2_19-9-18_16PCC_4.tif,patches/S2_19-9-18_16PCC/S2_19-9-18_16PCC_4_cl.tif,patches/S2_19-9-18_16PCC/S2_19-9-18_16PCC_4_conf.tif,1d21b57e06709b587dfff1f760cf61eca1b9af531ba293f3bd17bdd45156ff1b
578,19-9-18_16PCC_5,19-9-18_16PCC,2018-09-19,16PCC,M021,val,test,patches/S2_19-9-18_16PCC/S2_19-9-18_16PCC_5.tif,patches/S2_19-9-18_16PCC/S2_19-9-18_16PCC_5_cl.tif,patches/S2_19-9-18_16PCC/S2_19-9-18_16PCC_5_conf.tif,117651cb028fd3e947c06046269b71890a79ad3edd7157c3f98f969c5219abe1
579,19-9-18_16PCC_6,19-9-18_16PCC,2018-09-19,16PCC,M021,val,test,patches/S2_19-9-18_16PCC/S2_19-9-18_16PCC_6.tif,patches/S2_19-9-18_16PCC/S2_19-9-18_16PCC_6_cl.tif,patches/S2_19-9-18_16PCC/S2_19-9-18_16PCC_6_conf.tif,64dac608f039063059ebddd302c27b0e3185265e55942a77f94f7ec3aa929f6b
580,19-9-18_16PCC_7,19-9-18_16PCC,2018-09-19,16PCC,M021,val,test,patches/S2_19-9-18_16PCC/S2_19-9-18_16PCC_7.tif,patches/S2_19-9-18_16PCC/S2_19-9-18_16PCC_7_cl.tif,patches/S2_19-9-18_16PCC/S2_19-9-18_16PCC_7_conf.tif,5e5579332c6a6c833ef2581e4841278e5e6cf17b6994c32856d2d6fce2fb0202
581,19-9-18_16PCC_8,19-9-18_16PCC,2018-09-19,16PCC,M021,val,test,patches/S2_19-9-18_16PCC/S2_19-9-18_16PCC_8.tif,patches/S2_19-9-18_16PCC/S2_19-9-18_16PCC_8_cl.tif,patches/S2_19-9-18_16PCC/S2_19-9-18_16PCC_8_conf.tif,6e3be1ecb8207051d1034f7914796b04cc7dbcc706b6607e2651888616f8aa05
582,19-9-18_16PCC_9,19-9-18_16PCC,2018-09-19,16PCC,M021,val,test,patches/S2_19-9-18_16PCC/S2_19-9-18_16PCC_9.tif,patches/S2_19-9-18_16PCC/S2_19-9-18_16PCC_9_cl.tif,patches/S2_19-9-18_16PCC/S2_19-9-18_16PCC_9_conf.tif,fbb35dffb17f7f56ac8c899ff8fb82160352d2df0da7ae074b3a6e5376e6be02
583,19-9-18_16PDC_0,19-9-18_16PDC,2018-09-19,16PDC,M021,test,test,patches/S2_19-9-18_16PDC/S2_19-9-18_16PDC_0.tif,patches/S2_19-9-18_16PDC/S2_19-9-18_16PDC_0_cl.tif,patches/S2_19-9-18_16PDC/S2_19-9-18_16PDC_0_conf.tif,32e35e50fa056cbdac364c029dead27baaf830d97ff42d29c12a4f84e4d0f5f9
584,19-9-18_16PDC_1,19-9-18_16PDC,2018-09-19,16PDC,M021,test,test,patches/S2_19-9-18_16PDC/S2_19-9-18_16PDC_1.tif,patches/S2_19-9-18_16PDC/S2_19-9-18_16PDC_1_cl.tif,patches/S2_19-9-18_16PDC/S2_19-9-18_16PDC_1_conf.tif,f20d62be15ae870ab790d01c54a01fb81c2a52c244e5466cd17c079f3283e792
585,19-9-18_16PDC_10,19-9-18_16PDC,2018-09-19,16PDC,M021,test,test,patches/S2_19-9-18_16PDC/S2_19-9-18_16PDC_10.tif,patches/S2_19-9-18_16PDC/S2_19-9-18_16PDC_10_cl.tif,patches/S2_19-9-18_16PDC/S2_19-9-18_16PDC_10_conf.tif,6a48d625db63924977bcef25300f7f4e418c2ead310f1b206088ee91fe209047
586,19-9-18_16PDC_11,19-9-18_16PDC,2018-09-19,16PDC,M021,test,test,patches/S2_19-9-18_16PDC/S2_19-9-18_16PDC_11.tif,patches/S2_19-9-18_16PDC/S2_19-9-18_16PDC_11_cl.tif,patches/S2_19-9-18_16PDC/S2_19-9-18_16PDC_11_conf.tif,29202e15a94cc718fc1c8a109c702e5406da78d3cc96ca44bb3a8fbe8134eb94
587,19-9-18_16PDC_12,19-9-18_16PDC,2018-09-19,16PDC,M021,test,test,patches/S2_19-9-18_16PDC/S2_19-9-18_16PDC_12.tif,patches/S2_19-9-18_16PDC/S2_19-9-18_16PDC_12_cl.tif,patches/S2_19-9-18_16PDC/S2_19-9-18_16PDC_12_conf.tif,b1eb942d3195eda7b582b2eaa198a4bbaa914a90dd028ec3bea884df905a77c0
588,19-9-18_16PDC_13,19-9-18_16PDC,2018-09-19,16PDC,M021,test,test,patches/S2_19-9-18_16PDC/S2_19-9-18_16PDC_13.tif,patches/S2_19-9-18_16PDC/S2_19-9-18_16PDC_13_cl.tif,patches/S2_19-9-18_16PDC/S2_19-9-18_16PDC_13_conf.tif,265deff96d33e2255266ff2484819875e13ec1c98e018dc6ad4888cacd0c15e7
589,19-9-18_16PDC_14,19-9-18_16PDC,2018-09-19,16PDC,M021,test,test,patches/S2_19-9-18_16PDC/S2_19-9-18_16PDC_14.tif,patches/S2_19-9-18_16PDC/S2_19-9-18_16PDC_14_cl.tif,patches/S2_19-9-18_16PDC/S2_19-9-18_16PDC_14_conf.tif,6213765fa79fb1f9aff837b2b8731a91767e46b4f4a2baafd9ce37cf427d9d76
590,19-9-18_16PDC_15,19-9-18_16PDC,2018-09-19,16PDC,M021,test,test,patches/S2_19-9-18_16PDC/S2_19-9-18_16PDC_15.tif,patches/S2_19-9-18_16PDC/S2_19-9-18_16PDC_15_cl.tif,patches/S2_19-9-18_16PDC/S2_19-9-18_16PDC_15_conf.tif,38c8be294b782552ba8ea23e942e03a69e01b6d420d99f542ec6cfeedc01fd52
591,19-9-18_16PDC_16,19-9-18_16PDC,2018-09-19,16PDC,M021,test,test,patches/S2_19-9-18_16PDC/S2_19-9-18_16PDC_16.tif,patches/S2_19-9-18_16PDC/S2_19-9-18_16PDC_16_cl.tif,patches/S2_19-9-18_16PDC/S2_19-9-18_16PDC_16_conf.tif,35eb84dd8786123d918deaa37508f6dee7493df8e85d3a1ea72130d23e081b82
592,19-9-18_16PDC_17,19-9-18_16PDC,2018-09-19,16PDC,M021,test,test,patches/S2_19-9-18_16PDC/S2_19-9-18_16PDC_17.tif,patches/S2_19-9-18_16PDC/S2_19-9-18_16PDC_17_cl.tif,patches/S2_19-9-18_16PDC/S2_19-9-18_16PDC_17_conf.tif,999cd6adf6d2cea0998b51966edf8b2be206b6dd8581f94a530ff0d66368866f
593,19-9-18_16PDC_18,19-9-18_16PDC,2018-09-19,16PDC,M021,test,test,patches/S2_19-9-18_16PDC/S2_19-9-18_16PDC_18.tif,patches/S2_19-9-18_16PDC/S2_19-9-18_16PDC_18_cl.tif,patches/S2_19-9-18_16PDC/S2_19-9-18_16PDC_18_conf.tif,c4899399c81a4fa856c2d40873cbd9f679508d05c2b4dcb518473e58f0150b85
594,19-9-18_16PDC_19,19-9-18_16PDC,2018-09-19,16PDC,M021,test,test,patches/S2_19-9-18_16PDC/S2_19-9-18_16PDC_19.tif,patches/S2_19-9-18_16PDC/S2_19-9-18_16PDC_19_cl.tif,patches/S2_19-9-18_16PDC/S2_19-9-18_16PDC_19_conf.tif,9dfd5d871d9d778095da751ce40abdd84bc9bfb4d31f0b4d0bb90d487b4f9984
595,19-9-18_16PDC_2,19-9-18_16PDC,2018-09-19,16PDC,M021,test,test,patches/S2_19-9-18_16PDC/S2_19-9-18_16PDC_2.tif,patches/S2_19-9-18_16PDC/S2_19-9-18_16PDC_2_cl.tif,patches/S2_19-9-18_16PDC/S2_19-9-18_16PDC_2_conf.tif,349a58cdd235345a121ab2a7d37f47ef4c55da91c75d8930362af4a9be4c1b47
596,19-9-18_16PDC_20,19-9-18_16PDC,2018-09-19,16PDC,M021,test,test,patches/S2_19-9-18_16PDC/S2_19-9-18_16PDC_20.tif,patches/S2_19-9-18_16PDC/S2_19-9-18_16PDC_20_cl.tif,patches/S2_19-9-18_16PDC/S2_19-9-18_16PDC_20_conf.tif,27b092c0395bf0d1adc9ff85fc9de7fb609ac904ff3d2f7c674b4fd6884ef8a7
597,19-9-18_16PDC_21,19-9-18_16PDC,2018-09-19,16PDC,M021,test,test,patches/S2_19-9-18_16PDC/S2_19-9-18_16PDC_21.tif,patches/S2_19-9-18_16PDC/S2_19-9-18_16PDC_21_cl.tif,patches/S2_19-9-18_16PDC/S2_19-9-18_16PDC_21_conf.tif,baa9ae890aebf1fe270d4f71da00f280cbcd49059400ebd717ab96926da83f1d
598,19-9-18_16PDC_22,19-9-18_16PDC,2018-09-19,16PDC,M021,test,test,patches/S2_19-9-18_16PDC/S2_19-9-18_16PDC_22.tif,patches/S2_19-9-18_16PDC/S2_19-9-18_16PDC_22_cl.tif,patches/S2_19-9-18_16PDC/S2_19-9-18_16PDC_22_conf.tif,f0ea5f534703222c5ee0a3f87c2e71bd3969f3084709f74fdf0b8b40b0944de9
599,19-9-18_16PDC_23,19-9-18_16PDC,2018-09-19,16PDC,M021,test,test,patches/S2_19-9-18_16PDC/S2_19-9-18_16PDC_23.tif,patches/S2_19-9-18_16PDC/S2_19-9-18_16PDC_23_cl.tif,patches/S2_19-9-18_16PDC/S2_19-9-18_16PDC_23_conf.tif,ddb7c903c23b93caf0e7de82b8f971faf2c639e912739bd2e5a2a3add2217bca
600,19-9-18_16PDC_24,19-9-18_16PDC,2018-09-19,16PDC,M021,test,test,patches/S2_19-9-18_16PDC/S2_19-9-18_16PDC_24.tif,patches/S2_19-9-18_16PDC/S2_19-9-18_16PDC_24_cl.tif,patches/S2_19-9-18_16PDC/S2_19-9-18_16PDC_24_conf.tif,246ffc67f65a9d0987d447415e8a304f89e6b764887178f16d4d976ed9864a6e
601,19-9-18_16PDC_25,19-9-18_16PDC,2018-09-19,16PDC,M021,test,test,patches/S2_19-9-18_16PDC/S2_19-9-18_16PDC_25.tif,patches/S2_19-9-18_16PDC/S2_19-9-18_16PDC_25_cl.tif,patches/S2_19-9-18_16PDC/S2_19-9-18_16PDC_25_conf.tif,f672e744072a3e290ebcf27f9ab6cb8aa87334b484a85d586d36c53250146f52
602,19-9-18_16PDC_3,19-9-18_16PDC,2018-09-19,16PDC,M021,test,test,patches/S2_19-9-18_16PDC/S2_19-9-18_16PDC_3.tif,patches/S2_19-9-18_16PDC/S2_19-9-18_16PDC_3_cl.tif,patches/S2_19-9-18_16PDC/S2_19-9-18_16PDC_3_conf.tif,72b860e3eef2a32ebc24b8dd5b73598809f3d468b4c5c7be57d254a2f4577795
603,19-9-18_16PDC_4,19-9-18_16PDC,2018-09-19,16PDC,M021,test,test,patches/S2_19-9-18_16PDC/S2_19-9-18_16PDC_4.tif,patches/S2_19-9-18_16PDC/S2_19-9-18_16PDC_4_cl.tif,patches/S2_19-9-18_16PDC/S2_19-9-18_16PDC_4_conf.tif,5f82f7eb20032d654e4bcc79ecec0c585fe9bde9d7bfb64ae4c20aed154ffab6
604,19-9-18_16PDC_5,19-9-18_16PDC,2018-09-19,16PDC,M021,test,test,patches/S2_19-9-18_16PDC/S2_19-9-18_16PDC_5.tif,patches/S2_19-9-18_16PDC/S2_19-9-18_16PDC_5_cl.tif,patches/S2_19-9-18_16PDC/S2_19-9-18_16PDC_5_conf.tif,a021edf71d8309e302bc16d79e47ad0151af518a72507515afa498eb46c63535
605,19-9-18_16PDC_6,19-9-18_16PDC,2018-09-19,16PDC,M021,test,test,patches/S2_19-9-18_16PDC/S2_19-9-18_16PDC_6.tif,patches/S2_19-9-18_16PDC/S2_19-9-18_16PDC_6_cl.tif,patches/S2_19-9-18_16PDC/S2_19-9-18_16PDC_6_conf.tif,5f821287de66461d9c184b40be9c652ea879aaa74487f9b69b5263f606d5cb1d
606,19-9-18_16PDC_7,19-9-18_16PDC,2018-09-19,16PDC,M021,test,test,patches/S2_19-9-18_16PDC/S2_19-9-18_16PDC_7.tif,patches/S2_19-9-18_16PDC/S2_19-9-18_16PDC_7_cl.tif,patches/S2_19-9-18_16PDC/S2_19-9-18_16PDC_7_conf.tif,8fd4744cd5b152ae487028b52689c6f5e50f0c0383b5eadfc0b551530fe506a8
607,19-9-18_16PDC_8,19-9-18_16PDC,2018-09-19,16PDC,M021,test,test,patches/S2_19-9-18_16PDC/S2_19-9-18_16PDC_8.tif,patches/S2_19-9-18_16PDC/S2_19-9-18_16PDC_8_cl.tif,patches/S2_19-9-18_16PDC/S2_19-9-18_16PDC_8_conf.tif,5a279fbc5054aebed5a494c2a5a7f6047f5f4579e527270f0d3e049d2d8bdbaa
608,19-9-18_16PDC_9,19-9-18_16PDC,2018-09-19,16PDC,M021,test,test,patches/S2_19-9-18_16PDC/S2_19-9-18_16PDC_9.tif,patches/S2_19-9-18_16PDC/S2_19-9-18_16PDC_9_cl.tif,patches/S2_19-9-18_16PDC/S2_19-9-18_16PDC_9_conf.tif,9e347c3bebaa5b8003d8792eb3cbb5b140bdc1c0caa22ee39021692682339b78
609,20-10-20_18QYF_0,20-10-20_18QYF,2020-10-20,18QYF,M022,train,train,patches/S2_20-10-20_18QYF/S2_20-10-20_18QYF_0.tif,patches/S2_20-10-20_18QYF/S2_20-10-20_18QYF_0_cl.tif,patches/S2_20-10-20_18QYF/S2_20-10-20_18QYF_0_conf.tif,6e6561fffe829f45121f71c01ed37ba239e8491268e4f02b79da52d33eb08c8a
610,20-10-20_18QYF_1,20-10-20_18QYF,2020-10-20,18QYF,M022,train,train,patches/S2_20-10-20_18QYF/S2_20-10-20_18QYF_1.tif,patches/S2_20-10-20_18QYF/S2_20-10-20_18QYF_1_cl.tif,patches/S2_20-10-20_18QYF/S2_20-10-20_18QYF_1_conf.tif,4302820ca3d7e66112eef6896cfc0769668c57c9d98af0e8d999c654e963d8a9
611,20-10-20_18QYF_2,20-10-20_18QYF,2020-10-20,18QYF,M022,train,train,patches/S2_20-10-20_18QYF/S2_20-10-20_18QYF_2.tif,patches/S2_20-10-20_18QYF/S2_20-10-20_18QYF_2_cl.tif,patches/S2_20-10-20_18QYF/S2_20-10-20_18QYF_2_conf.tif,c92e0fee94980b35a36298f67294e8c71b044fef5b4602f6be5ae1b4290fae6d
612,20-10-20_18QYF_3,20-10-20_18QYF,2020-10-20,18QYF,M022,train,train,patches/S2_20-10-20_18QYF/S2_20-10-20_18QYF_3.tif,patches/S2_20-10-20_18QYF/S2_20-10-20_18QYF_3_cl.tif,patches/S2_20-10-20_18QYF/S2_20-10-20_18QYF_3_conf.tif,768f612e98a18915974b280836018835df539a83378983dda8882e7c8fc70206
613,20-4-18_30VWH_0,20-4-18_30VWH,2018-04-20,30VWH,M023,train,train,patches/S2_20-4-18_30VWH/S2_20-4-18_30VWH_0.tif,patches/S2_20-4-18_30VWH/S2_20-4-18_30VWH_0_cl.tif,patches/S2_20-4-18_30VWH/S2_20-4-18_30VWH_0_conf.tif,d7edb9817785f51e4ea3226253904e2a4be0c302de2842f2a98adc885409ccc2
614,20-4-18_30VWH_1,20-4-18_30VWH,2018-04-20,30VWH,M023,train,train,patches/S2_20-4-18_30VWH/S2_20-4-18_30VWH_1.tif,patches/S2_20-4-18_30VWH/S2_20-4-18_30VWH_1_cl.tif,patches/S2_20-4-18_30VWH/S2_20-4-18_30VWH_1_conf.tif,ea8526a6994f0e6634fdf3d487cb0bd894f622a5e429a98c3a0c39138594a1c3
615,20-4-18_30VWH_2,20-4-18_30VWH,2018-04-20,30VWH,M023,train,train,patches/S2_20-4-18_30VWH/S2_20-4-18_30VWH_2.tif,patches/S2_20-4-18_30VWH/S2_20-4-18_30VWH_2_cl.tif,patches/S2_20-4-18_30VWH/S2_20-4-18_30VWH_2_conf.tif,fa58d08a187b2e53c7b65b57b2a6784fbc661035b84d74d47922ce3f6aaea9b2
616,20-4-18_30VWH_3,20-4-18_30VWH,2018-04-20,30VWH,M023,train,train,patches/S2_20-4-18_30VWH/S2_20-4-18_30VWH_3.tif,patches/S2_20-4-18_30VWH/S2_20-4-18_30VWH_3_cl.tif,patches/S2_20-4-18_30VWH/S2_20-4-18_30VWH_3_conf.tif,158ffaa7cf45b1cd61659f026374ae55301ff8bad7d11fcbdaea2100878c2b9a
617,20-4-18_30VWH_4,20-4-18_30VWH,2018-04-20,30VWH,M023,train,train,patches/S2_20-4-18_30VWH/S2_20-4-18_30VWH_4.tif,patches/S2_20-4-18_30VWH/S2_20-4-18_30VWH_4_cl.tif,patches/S2_20-4-18_30VWH/S2_20-4-18_30VWH_4_conf.tif,bdec64089b266dc9025398440151540f12fc1ea4e1a4bec8cba27bafc40b75a2
618,20-4-18_30VWH_5,20-4-18_30VWH,2018-04-20,30VWH,M023,train,train,patches/S2_20-4-18_30VWH/S2_20-4-18_30VWH_5.tif,patches/S2_20-4-18_30VWH/S2_20-4-18_30VWH_5_cl.tif,patches/S2_20-4-18_30VWH/S2_20-4-18_30VWH_5_conf.tif,9e6af5cd999e633c1a5e4381f996fe66c014c7d8f66718d3be44439a404f9eaa
619,20-4-18_30VWH_6,20-4-18_30VWH,2018-04-20,30VWH,M023,train,train,patches/S2_20-4-18_30VWH/S2_20-4-18_30VWH_6.tif,patches/S2_20-4-18_30VWH/S2_20-4-18_30VWH_6_cl.tif,patches/S2_20-4-18_30VWH/S2_20-4-18_30VWH_6_conf.tif,684690bee5ce7d0d07bddfdab1650ae04ff44e1f7180af81b7ac2cdacd941bc1
620,20-4-18_30VWH_7,20-4-18_30VWH,2018-04-20,30VWH,M023,train,train,patches/S2_20-4-18_30VWH/S2_20-4-18_30VWH_7.tif,patches/S2_20-4-18_30VWH/S2_20-4-18_30VWH_7_cl.tif,patches/S2_20-4-18_30VWH/S2_20-4-18_30VWH_7_conf.tif,713622f95c689aaf2f2e7f829eb7ab6980d736d9057e7306fcb780b808ce54a0
621,20-4-18_30VWH_8,20-4-18_30VWH,2018-04-20,30VWH,M023,train,train,patches/S2_20-4-18_30VWH/S2_20-4-18_30VWH_8.tif,patches/S2_20-4-18_30VWH/S2_20-4-18_30VWH_8_cl.tif,patches/S2_20-4-18_30VWH/S2_20-4-18_30VWH_8_conf.tif,5c913807a98489168f9442ed8882186668ea76bee433df7a4390153283e7a39b
622,20-4-18_30VWH_9,20-4-18_30VWH,2018-04-20,30VWH,M023,train,train,patches/S2_20-4-18_30VWH/S2_20-4-18_30VWH_9.tif,patches/S2_20-4-18_30VWH/S2_20-4-18_30VWH_9_cl.tif,patches/S2_20-4-18_30VWH/S2_20-4-18_30VWH_9_conf.tif,d128321b6a4ed7f8a992d245b82a8bf40cb6f7b099f9827dd6a1b1de914a509b
623,21-2-17_16PCC_0,21-2-17_16PCC,2017-02-21,16PCC,M024,train,train,patches/S2_21-2-17_16PCC/S2_21-2-17_16PCC_0.tif,patches/S2_21-2-17_16PCC/S2_21-2-17_16PCC_0_cl.tif,patches/S2_21-2-17_16PCC/S2_21-2-17_16PCC_0_conf.tif,d04ae98a6d5d3566af3233388a2136cc3e5ad14353701f72144262abb46fc50d
624,21-2-17_16PCC_1,21-2-17_16PCC,2017-02-21,16PCC,M024,train,train,patches/S2_21-2-17_16PCC/S2_21-2-17_16PCC_1.tif,patches/S2_21-2-17_16PCC/S2_21-2-17_16PCC_1_cl.tif,patches/S2_21-2-17_16PCC/S2_21-2-17_16PCC_1_conf.tif,31949fe8a30b9c5091dcf0cba08d82552e00fb5d50a641763a41b7d3bbfe82f1
625,21-2-17_16PCC_10,21-2-17_16PCC,2017-02-21,16PCC,M024,train,train,patches/S2_21-2-17_16PCC/S2_21-2-17_16PCC_10.tif,patches/S2_21-2-17_16PCC/S2_21-2-17_16PCC_10_cl.tif,patches/S2_21-2-17_16PCC/S2_21-2-17_16PCC_10_conf.tif,5cdd07cdf0844eb19bd355d85200da74bba30957298054d57837268fbfba947c
626,21-2-17_16PCC_11,21-2-17_16PCC,2017-02-21,16PCC,M024,train,train,patches/S2_21-2-17_16PCC/S2_21-2-17_16PCC_11.tif,patches/S2_21-2-17_16PCC/S2_21-2-17_16PCC_11_cl.tif,patches/S2_21-2-17_16PCC/S2_21-2-17_16PCC_11_conf.tif,8ab7c051db424e6f36a8168faee08cf0f6754f183e098e392ec4365658f438db
627,21-2-17_16PCC_12,21-2-17_16PCC,2017-02-21,16PCC,M024,train,train,patches/S2_21-2-17_16PCC/S2_21-2-17_16PCC_12.tif,patches/S2_21-2-17_16PCC/S2_21-2-17_16PCC_12_cl.tif,patches/S2_21-2-17_16PCC/S2_21-2-17_16PCC_12_conf.tif,b5ec1231ad566e264359f3589d50ccf4d50a2441fc4e8d207f505cfd4a348076
628,21-2-17_16PCC_13,21-2-17_16PCC,2017-02-21,16PCC,M024,train,train,patches/S2_21-2-17_16PCC/S2_21-2-17_16PCC_13.tif,patches/S2_21-2-17_16PCC/S2_21-2-17_16PCC_13_cl.tif,patches/S2_21-2-17_16PCC/S2_21-2-17_16PCC_13_conf.tif,39ad2705e5de2fd6c50fd17d7463b71f951ebfb4919c42932cb84dd5ec156399
629,21-2-17_16PCC_14,21-2-17_16PCC,2017-02-21,16PCC,M024,train,train,patches/S2_21-2-17_16PCC/S2_21-2-17_16PCC_14.tif,patches/S2_21-2-17_16PCC/S2_21-2-17_16PCC_14_cl.tif,patches/S2_21-2-17_16PCC/S2_21-2-17_16PCC_14_conf.tif,287dc48750b9ae63950c5dd04bcaac22c9c64513f3494fa5c44a5ea40cda188c
630,21-2-17_16PCC_15,21-2-17_16PCC,2017-02-21,16PCC,M024,train,train,patches/S2_21-2-17_16PCC/S2_21-2-17_16PCC_15.tif,patches/S2_21-2-17_16PCC/S2_21-2-17_16PCC_15_cl.tif,patches/S2_21-2-17_16PCC/S2_21-2-17_16PCC_15_conf.tif,a0a426d69fbb61d9ec5cb0334fd17b5ccd3f1cf50d580896657dd1c6a5d33087
631,21-2-17_16PCC_16,21-2-17_16PCC,2017-02-21,16PCC,M024,train,train,patches/S2_21-2-17_16PCC/S2_21-2-17_16PCC_16.tif,patches/S2_21-2-17_16PCC/S2_21-2-17_16PCC_16_cl.tif,patches/S2_21-2-17_16PCC/S2_21-2-17_16PCC_16_conf.tif,0f2d659a857c33ec293668f5ed84ff4fb3bba6c6e58d2e22b5316cb1b79a5eed
632,21-2-17_16PCC_17,21-2-17_16PCC,2017-02-21,16PCC,M024,train,train,patches/S2_21-2-17_16PCC/S2_21-2-17_16PCC_17.tif,patches/S2_21-2-17_16PCC/S2_21-2-17_16PCC_17_cl.tif,patches/S2_21-2-17_16PCC/S2_21-2-17_16PCC_17_conf.tif,8ecc3e084dd5f26f5a68b5ebac5cfeed42fd158edef792d6ee03e725204596ba
633,21-2-17_16PCC_18,21-2-17_16PCC,2017-02-21,16PCC,M024,train,train,patches/S2_21-2-17_16PCC/S2_21-2-17_16PCC_18.tif,patches/S2_21-2-17_16PCC/S2_21-2-17_16PCC_18_cl.tif,patches/S2_21-2-17_16PCC/S2_21-2-17_16PCC_18_conf.tif,10779292eed7ea467f9ad0436572594d4c6488ba3662bc63a9ceae5c7f9229dc
634,21-2-17_16PCC_19,21-2-17_16PCC,2017-02-21,16PCC,M024,train,train,patches/S2_21-2-17_16PCC/S2_21-2-17_16PCC_19.tif,patches/S2_21-2-17_16PCC/S2_21-2-17_16PCC_19_cl.tif,patches/S2_21-2-17_16PCC/S2_21-2-17_16PCC_19_conf.tif,8001907128b5b292e3eeb4ad1f5a5a900bf5655867a61ee3d0415fa18e8fe3cd
635,21-2-17_16PCC_2,21-2-17_16PCC,2017-02-21,16PCC,M024,train,train,patches/S2_21-2-17_16PCC/S2_21-2-17_16PCC_2.tif,patches/S2_21-2-17_16PCC/S2_21-2-17_16PCC_2_cl.tif,patches/S2_21-2-17_16PCC/S2_21-2-17_16PCC_2_conf.tif,d3ef40152ef973e0aebbeb2adc8123a8d188f37c4a745236133efd6905c1d7b0
636,21-2-17_16PCC_20,21-2-17_16PCC,2017-02-21,16PCC,M024,train,train,patches/S2_21-2-17_16PCC/S2_21-2-17_16PCC_20.tif,patches/S2_21-2-17_16PCC/S2_21-2-17_16PCC_20_cl.tif,patches/S2_21-2-17_16PCC/S2_21-2-17_16PCC_20_conf.tif,009e2a67455c719bafb12c2c480e17f425ec04bf3e5c60b87b8edbd6c29bc76b
637,21-2-17_16PCC_21,21-2-17_16PCC,2017-02-21,16PCC,M024,train,train,patches/S2_21-2-17_16PCC/S2_21-2-17_16PCC_21.tif,patches/S2_21-2-17_16PCC/S2_21-2-17_16PCC_21_cl.tif,patches/S2_21-2-17_16PCC/S2_21-2-17_16PCC_21_conf.tif,2063ff68f64915bc6bd9759994a05b5b79ee884476ef157457ca3ed822541a1c
638,21-2-17_16PCC_22,21-2-17_16PCC,2017-02-21,16PCC,M024,train,train,patches/S2_21-2-17_16PCC/S2_21-2-17_16PCC_22.tif,patches/S2_21-2-17_16PCC/S2_21-2-17_16PCC_22_cl.tif,patches/S2_21-2-17_16PCC/S2_21-2-17_16PCC_22_conf.tif,8a35e9c260da948d24bed83e76f5c30ea0b609bb2eac3250eb79e73e3f148bc6
639,21-2-17_16PCC_23,21-2-17_16PCC,2017-02-21,16PCC,M024,train,train,patches/S2_21-2-17_16PCC/S2_21-2-17_16PCC_23.tif,patches/S2_21-2-17_16PCC/S2_21-2-17_16PCC_23_cl.tif,patches/S2_21-2-17_16PCC/S2_21-2-17_16PCC_23_conf.tif,ba4ed6bcede4ab85be5ea6e5fb04e1728f30c3748fed0fb932faea10bc35cadd
640,21-2-17_16PCC_24,21-2-17_16PCC,2017-02-21,16PCC,M024,train,train,patches/S2_21-2-17_16PCC/S2_21-2-17_16PCC_24.tif,patches/S2_21-2-17_16PCC/S2_21-2-17_16PCC_24_cl.tif,patches/S2_21-2-17_16PCC/S2_21-2-17_16PCC_24_conf.tif,ff0434ae04b2656d906dae960a6710fae61c1553b87cb87a3b15b26cf83983b8
641,21-2-17_16PCC_3,21-2-17_16PCC,2017-02-21,16PCC,M024,train,train,patches/S2_21-2-17_16PCC/S2_21-2-17_16PCC_3.tif,patches/S2_21-2-17_16PCC/S2_21-2-17_16PCC_3_cl.tif,patches/S2_21-2-17_16PCC/S2_21-2-17_16PCC_3_conf.tif,26f15b09dfe2708165594fe39ed939f89e2261a093eb449da45dcc0c6ee6a019
642,21-2-17_16PCC_4,21-2-17_16PCC,2017-02-21,16PCC,M024,train,train,patches/S2_21-2-17_16PCC/S2_21-2-17_16PCC_4.tif,patches/S2_21-2-17_16PCC/S2_21-2-17_16PCC_4_cl.tif,patches/S2_21-2-17_16PCC/S2_21-2-17_16PCC_4_conf.tif,632c556280d8c666c926faecdccf647fbb26c10e2ac273a5db29bb2987c3da8c
643,21-2-17_16PCC_5,21-2-17_16PCC,2017-02-21,16PCC,M024,train,train,patches/S2_21-2-17_16PCC/S2_21-2-17_16PCC_5.tif,patches/S2_21-2-17_16PCC/S2_21-2-17_16PCC_5_cl.tif,patches/S2_21-2-17_16PCC/S2_21-2-17_16PCC_5_conf.tif,b0bc8e6263f7bd6c8a4677c80c24c6ce5136e0a8909a6f068c1706b73135846c
644,21-2-17_16PCC_6,21-2-17_16PCC,2017-02-21,16PCC,M024,train,train,patches/S2_21-2-17_16PCC/S2_21-2-17_16PCC_6.tif,patches/S2_21-2-17_16PCC/S2_21-2-17_16PCC_6_cl.tif,patches/S2_21-2-17_16PCC/S2_21-2-17_16PCC_6_conf.tif,57aa115bf474ae72728d6ae08d2c383bb033d163571d26e6a45fc9adf4002da1
645,21-2-17_16PCC_7,21-2-17_16PCC,2017-02-21,16PCC,M024,train,train,patches/S2_21-2-17_16PCC/S2_21-2-17_16PCC_7.tif,patches/S2_21-2-17_16PCC/S2_21-2-17_16PCC_7_cl.tif,patches/S2_21-2-17_16PCC/S2_21-2-17_16PCC_7_conf.tif,834f00d1297dad4dcb99023c6228144fd9f2d732e2ab348f1fa71a70d9764d4b
646,21-2-17_16PCC_8,21-2-17_16PCC,2017-02-21,16PCC,M024,train,train,patches/S2_21-2-17_16PCC/S2_21-2-17_16PCC_8.tif,patches/S2_21-2-17_16PCC/S2_21-2-17_16PCC_8_cl.tif,patches/S2_21-2-17_16PCC/S2_21-2-17_16PCC_8_conf.tif,3fd5c0d28954e67581ce9050debc7079c9bb9f6f96d375ae328edfaa0985b3ed
647,21-2-17_16PCC_9,21-2-17_16PCC,2017-02-21,16PCC,M024,train,train,patches/S2_21-2-17_16PCC/S2_21-2-17_16PCC_9.tif,patches/S2_21-2-17_16PCC/S2_21-2-17_16PCC_9_cl.tif,patches/S2_21-2-17_16PCC/S2_21-2-17_16PCC_9_conf.tif,33e5a2b2590ff6ab5092979ac89c7b9cd5accb21714d95aa200ab6f3dc07524a
648,21-2-18_16PCC_0,21-2-18_16PCC,2018-02-21,16PCC,M025,val,val,patches/S2_21-2-18_16PCC/S2_21-2-18_16PCC_0.tif,patches/S2_21-2-18_16PCC/S2_21-2-18_16PCC_0_cl.tif,patches/S2_21-2-18_16PCC/S2_21-2-18_16PCC_0_conf.tif,eb573211330c6df57e6ab5d475a92985fe7d70f5e8df43e2566549b11dff4656
649,21-2-18_16PCC_1,21-2-18_16PCC,2018-02-21,16PCC,M025,val,val,patches/S2_21-2-18_16PCC/S2_21-2-18_16PCC_1.tif,patches/S2_21-2-18_16PCC/S2_21-2-18_16PCC_1_cl.tif,patches/S2_21-2-18_16PCC/S2_21-2-18_16PCC_1_conf.tif,92b4f5ec72b0a18d3bdda93dafe056151a7ca7d2eda2069cd78505bcdb5ba5b3
650,21-2-18_16PCC_10,21-2-18_16PCC,2018-02-21,16PCC,M025,val,val,patches/S2_21-2-18_16PCC/S2_21-2-18_16PCC_10.tif,patches/S2_21-2-18_16PCC/S2_21-2-18_16PCC_10_cl.tif,patches/S2_21-2-18_16PCC/S2_21-2-18_16PCC_10_conf.tif,9f549e297e85de229a2137d997469a26493c95518a7f7b368aaaa920ea732118
651,21-2-18_16PCC_11,21-2-18_16PCC,2018-02-21,16PCC,M025,val,val,patches/S2_21-2-18_16PCC/S2_21-2-18_16PCC_11.tif,patches/S2_21-2-18_16PCC/S2_21-2-18_16PCC_11_cl.tif,patches/S2_21-2-18_16PCC/S2_21-2-18_16PCC_11_conf.tif,ce250703cd7d210f2fe6b7045a422d159c3f1998b6b5bc91d475e73103bd2cc2
652,21-2-18_16PCC_12,21-2-18_16PCC,2018-02-21,16PCC,M025,val,val,patches/S2_21-2-18_16PCC/S2_21-2-18_16PCC_12.tif,patches/S2_21-2-18_16PCC/S2_21-2-18_16PCC_12_cl.tif,patches/S2_21-2-18_16PCC/S2_21-2-18_16PCC_12_conf.tif,d007003dc2510e093d2b080017023ec009aaa085beb51beb5f0e42173f6d45a7
653,21-2-18_16PCC_2,21-2-18_16PCC,2018-02-21,16PCC,M025,val,val,patches/S2_21-2-18_16PCC/S2_21-2-18_16PCC_2.tif,patches/S2_21-2-18_16PCC/S2_21-2-18_16PCC_2_cl.tif,patches/S2_21-2-18_16PCC/S2_21-2-18_16PCC_2_conf.tif,2b2470cc63791e8743583002266b95a282e6a74261b807fe94eb04079659a83e
654,21-2-18_16PCC_3,21-2-18_16PCC,2018-02-21,16PCC,M025,val,val,patches/S2_21-2-18_16PCC/S2_21-2-18_16PCC_3.tif,patches/S2_21-2-18_16PCC/S2_21-2-18_16PCC_3_cl.tif,patches/S2_21-2-18_16PCC/S2_21-2-18_16PCC_3_conf.tif,0d6e7afc03a575749a50f0a1d4103b73bfea2e7f373aca18b703c3090da2174e
655,21-2-18_16PCC_4,21-2-18_16PCC,2018-02-21,16PCC,M025,val,val,patches/S2_21-2-18_16PCC/S2_21-2-18_16PCC_4.tif,patches/S2_21-2-18_16PCC/S2_21-2-18_16PCC_4_cl.tif,patches/S2_21-2-18_16PCC/S2_21-2-18_16PCC_4_conf.tif,3ab1a64f6158c397b8f729873ea68e5e99ac3d5202de019c74f70f223b0553e5
656,21-2-18_16PCC_5,21-2-18_16PCC,2018-02-21,16PCC,M025,val,val,patches/S2_21-2-18_16PCC/S2_21-2-18_16PCC_5.tif,patches/S2_21-2-18_16PCC/S2_21-2-18_16PCC_5_cl.tif,patches/S2_21-2-18_16PCC/S2_21-2-18_16PCC_5_conf.tif,91cdfb77c452f5fb067954d8f03d084c927c1d5eeb3d6ddccce1a56f5344798d
657,21-2-18_16PCC_6,21-2-18_16PCC,2018-02-21,16PCC,M025,val,val,patches/S2_21-2-18_16PCC/S2_21-2-18_16PCC_6.tif,patches/S2_21-2-18_16PCC/S2_21-2-18_16PCC_6_cl.tif,patches/S2_21-2-18_16PCC/S2_21-2-18_16PCC_6_conf.tif,57f1ee540a1bf1ec411ea0227ec3edab8328b4a8fe9d7678815a1e702776ecc8
658,21-2-18_16PCC_7,21-2-18_16PCC,2018-02-21,16PCC,M025,val,val,patches/S2_21-2-18_16PCC/S2_21-2-18_16PCC_7.tif,patches/S2_21-2-18_16PCC/S2_21-2-18_16PCC_7_cl.tif,patches/S2_21-2-18_16PCC/S2_21-2-18_16PCC_7_conf.tif,0c260c66f961024a1be82daf5e4013c966b3e1ee27897572137ad0101308d7a5
659,21-2-18_16PCC_8,21-2-18_16PCC,2018-02-21,16PCC,M025,val,val,patches/S2_21-2-18_16PCC/S2_21-2-18_16PCC_8.tif,patches/S2_21-2-18_16PCC/S2_21-2-18_16PCC_8_cl.tif,patches/S2_21-2-18_16PCC/S2_21-2-18_16PCC_8_conf.tif,8ae3b8fd72c15ccf9bdd5a24d6e8c5287ab8884904483b470acf8dcb095f7071
660,21-2-18_16PCC_9,21-2-18_16PCC,2018-02-21,16PCC,M025,val,val,patches/S2_21-2-18_16PCC/S2_21-2-18_16PCC_9.tif,patches/S2_21-2-18_16PCC/S2_21-2-18_16PCC_9_cl.tif,patches/S2_21-2-18_16PCC/S2_21-2-18_16PCC_9_conf.tif,36b4e9ca9736beebbdeff340a4c3f7174421544f0c8687a8d78d94e862890a24
661,22-12-20_18QYF_0,22-12-20_18QYF,2020-12-22,18QYF,M026,test,test,patches/S2_22-12-20_18QYF/S2_22-12-20_18QYF_0.tif,patches/S2_22-12-20_18QYF/S2_22-12-20_18QYF_0_cl.tif,patches/S2_22-12-20_18QYF/S2_22-12-20_18QYF_0_conf.tif,54f4324ba23809ac642e2b987b29b43f935fa7b9e6f6c82d20f539e4dd51ad04
662,22-12-20_18QYF_1,22-12-20_18QYF,2020-12-22,18QYF,M026,test,test,patches/S2_22-12-20_18QYF/S2_22-12-20_18QYF_1.tif,patches/S2_22-12-20_18QYF/S2_22-12-20_18QYF_1_cl.tif,patches/S2_22-12-20_18QYF/S2_22-12-20_18QYF_1_conf.tif,1a3a0b5c6e8822b8123303a3fe8f2a77c2b41b131572b5279c417ee588dcbb3d
663,22-3-20_18QWF_0,22-3-20_18QWF,2020-03-22,18QWF,M027,train,train,patches/S2_22-3-20_18QWF/S2_22-3-20_18QWF_0.tif,patches/S2_22-3-20_18QWF/S2_22-3-20_18QWF_0_cl.tif,patches/S2_22-3-20_18QWF/S2_22-3-20_18QWF_0_conf.tif,99bd9e50bda04421ccc628cacdfdce91f2fd957128c7db626c70ab738d11ec2e
664,22-3-20_18QWF_1,22-3-20_18QWF,2020-03-22,18QWF,M027,train,train,patches/S2_22-3-20_18QWF/S2_22-3-20_18QWF_1.tif,patches/S2_22-3-20_18QWF/S2_22-3-20_18QWF_1_cl.tif,patches/S2_22-3-20_18QWF/S2_22-3-20_18QWF_1_conf.tif,defb9a4310243472d897de3012a34d6eb3ff70cef7b989ca4f6686a85c9fa847
665,22-3-20_18QWF_2,22-3-20_18QWF,2020-03-22,18QWF,M027,train,train,patches/S2_22-3-20_18QWF/S2_22-3-20_18QWF_2.tif,patches/S2_22-3-20_18QWF/S2_22-3-20_18QWF_2_cl.tif,patches/S2_22-3-20_18QWF/S2_22-3-20_18QWF_2_conf.tif,8687b6f07c1193d5e4332ff0ed981a203ebda77db5548160b01dc8bce5437c18
666,22-3-20_18QWF_3,22-3-20_18QWF,2020-03-22,18QWF,M027,train,train,patches/S2_22-3-20_18QWF/S2_22-3-20_18QWF_3.tif,patches/S2_22-3-20_18QWF/S2_22-3-20_18QWF_3_cl.tif,patches/S2_22-3-20_18QWF/S2_22-3-20_18QWF_3_conf.tif,228c036fa273a603c181ae68d7f94f645915c14c08e21af8dd688721f34c0762
667,22-3-20_18QWF_4,22-3-20_18QWF,2020-03-22,18QWF,M027,train,train,patches/S2_22-3-20_18QWF/S2_22-3-20_18QWF_4.tif,patches/S2_22-3-20_18QWF/S2_22-3-20_18QWF_4_cl.tif,patches/S2_22-3-20_18QWF/S2_22-3-20_18QWF_4_conf.tif,62024427698e23cddd6693a6c77c0ed0f08e32b2835fc4281e904d28700eb985
668,22-3-20_18QWF_5,22-3-20_18QWF,2020-03-22,18QWF,M027,train,train,patches/S2_22-3-20_18QWF/S2_22-3-20_18QWF_5.tif,patches/S2_22-3-20_18QWF/S2_22-3-20_18QWF_5_cl.tif,patches/S2_22-3-20_18QWF/S2_22-3-20_18QWF_5_conf.tif,001a27bdca21f09da410474b3050b88632781fc83bc99bac1ff920959cc809a4
669,23-1-21_18QYF_0,23-1-21_18QYF,2021-01-23,18QYF,M028,train,train,patches/S2_23-1-21_18QYF/S2_23-1-21_18QYF_0.tif,patches/S2_23-1-21_18QYF/S2_23-1-21_18QYF_0_cl.tif,patches/S2_23-1-21_18QYF/S2_23-1-21_18QYF_0_conf.tif,a5badfdb3be96b7a708df88b47beb30ee59212056b9f077399ceefef780a01b8
670,23-1-21_18QYF_1,23-1-21_18QYF,2021-01-23,18QYF,M028,train,train,patches/S2_23-1-21_18QYF/S2_23-1-21_18QYF_1.tif,patches/S2_23-1-21_18QYF/S2_23-1-21_18QYF_1_cl.tif,patches/S2_23-1-21_18QYF/S2_23-1-21_18QYF_1_conf.tif,a4f3a21c0301233be38d9bf1292dc92634cc3cd96d2bdddeab6a954758e3da7b
671,23-1-21_18QYF_2,23-1-21_18QYF,2021-01-23,18QYF,M028,train,train,patches/S2_23-1-21_18QYF/S2_23-1-21_18QYF_2.tif,patches/S2_23-1-21_18QYF/S2_23-1-21_18QYF_2_cl.tif,patches/S2_23-1-21_18QYF/S2_23-1-21_18QYF_2_conf.tif,ab019d0844228bb9f8b5122cf84c8262a61bd09a8576586ebf41506ef07ac781
672,23-9-20_16PCC_0,23-9-20_16PCC,2020-09-23,16PCC,M029,train,train,patches/S2_23-9-20_16PCC/S2_23-9-20_16PCC_0.tif,patches/S2_23-9-20_16PCC/S2_23-9-20_16PCC_0_cl.tif,patches/S2_23-9-20_16PCC/S2_23-9-20_16PCC_0_conf.tif,a8ce617a659a23e55b98dfc415550ce8eadeffbd2ca8d9606724970b57a66985
673,23-9-20_16PCC_1,23-9-20_16PCC,2020-09-23,16PCC,M029,train,train,patches/S2_23-9-20_16PCC/S2_23-9-20_16PCC_1.tif,patches/S2_23-9-20_16PCC/S2_23-9-20_16PCC_1_cl.tif,patches/S2_23-9-20_16PCC/S2_23-9-20_16PCC_1_conf.tif,f864ab3cfe4f6531f31eb4c2fa4839e8a352d59afae8173fcb748fd7bcaef653
674,23-9-20_16PCC_10,23-9-20_16PCC,2020-09-23,16PCC,M029,train,train,patches/S2_23-9-20_16PCC/S2_23-9-20_16PCC_10.tif,patches/S2_23-9-20_16PCC/S2_23-9-20_16PCC_10_cl.tif,patches/S2_23-9-20_16PCC/S2_23-9-20_16PCC_10_conf.tif,9eb7a4abf9772e6b57891878319b5bbbd011bd95485bb16b36faeaf0edd9f0c9
675,23-9-20_16PCC_11,23-9-20_16PCC,2020-09-23,16PCC,M029,train,train,patches/S2_23-9-20_16PCC/S2_23-9-20_16PCC_11.tif,patches/S2_23-9-20_16PCC/S2_23-9-20_16PCC_11_cl.tif,patches/S2_23-9-20_16PCC/S2_23-9-20_16PCC_11_conf.tif,a20fb546ced9e8092ab51ecb452f7d57f634dfe51bd2c3c0a13be56e3463588b
676,23-9-20_16PCC_12,23-9-20_16PCC,2020-09-23,16PCC,M029,train,train,patches/S2_23-9-20_16PCC/S2_23-9-20_16PCC_12.tif,patches/S2_23-9-20_16PCC/S2_23-9-20_16PCC_12_cl.tif,patches/S2_23-9-20_16PCC/S2_23-9-20_16PCC_12_conf.tif,22430dcfd012276ad31796bd98cc1494ba422eb5abeaffa9a73abd65f03ed794
677,23-9-20_16PCC_13,23-9-20_16PCC,2020-09-23,16PCC,M029,train,train,patches/S2_23-9-20_16PCC/S2_23-9-20_16PCC_13.tif,patches/S2_23-9-20_16PCC/S2_23-9-20_16PCC_13_cl.tif,patches/S2_23-9-20_16PCC/S2_23-9-20_16PCC_13_conf.tif,231f22416481a9264eed35e3bf83c528709af1c39cba5d4ecc499d18a47e8e6a
678,23-9-20_16PCC_14,23-9-20_16PCC,2020-09-23,16PCC,M029,train,train,patches/S2_23-9-20_16PCC/S2_23-9-20_16PCC_14.tif,patches/S2_23-9-20_16PCC/S2_23-9-20_16PCC_14_cl.tif,patches/S2_23-9-20_16PCC/S2_23-9-20_16PCC_14_conf.tif,2b68c8145f64619416b37bf22542a04626d8820915c5c66275700eebc2efad9e
679,23-9-20_16PCC_15,23-9-20_16PCC,2020-09-23,16PCC,M029,train,train,patches/S2_23-9-20_16PCC/S2_23-9-20_16PCC_15.tif,patches/S2_23-9-20_16PCC/S2_23-9-20_16PCC_15_cl.tif,patches/S2_23-9-20_16PCC/S2_23-9-20_16PCC_15_conf.tif,39b2878e578ea6886b91ef6c51da6a817b82bc0ae10068727fc27aa46d64fef8
680,23-9-20_16PCC_16,23-9-20_16PCC,2020-09-23,16PCC,M029,train,train,patches/S2_23-9-20_16PCC/S2_23-9-20_16PCC_16.tif,patches/S2_23-9-20_16PCC/S2_23-9-20_16PCC_16_cl.tif,patches/S2_23-9-20_16PCC/S2_23-9-20_16PCC_16_conf.tif,7d03158d2bacfb5084eaf252d2509b0d571440ec6c6a80f22654f850f6179841
681,23-9-20_16PCC_17,23-9-20_16PCC,2020-09-23,16PCC,M029,train,train,patches/S2_23-9-20_16PCC/S2_23-9-20_16PCC_17.tif,patches/S2_23-9-20_16PCC/S2_23-9-20_16PCC_17_cl.tif,patches/S2_23-9-20_16PCC/S2_23-9-20_16PCC_17_conf.tif,f045152298d2d8ed186c3c6599ecbc3be2f078afe78ff2446ac39a8169e635b1
682,23-9-20_16PCC_18,23-9-20_16PCC,2020-09-23,16PCC,M029,train,train,patches/S2_23-9-20_16PCC/S2_23-9-20_16PCC_18.tif,patches/S2_23-9-20_16PCC/S2_23-9-20_16PCC_18_cl.tif,patches/S2_23-9-20_16PCC/S2_23-9-20_16PCC_18_conf.tif,a422059d1b12ac97edaeb1f9244c0e5e5fc4f5257fc83035dc3562636937633a
683,23-9-20_16PCC_19,23-9-20_16PCC,2020-09-23,16PCC,M029,train,train,patches/S2_23-9-20_16PCC/S2_23-9-20_16PCC_19.tif,patches/S2_23-9-20_16PCC/S2_23-9-20_16PCC_19_cl.tif,patches/S2_23-9-20_16PCC/S2_23-9-20_16PCC_19_conf.tif,c79e630c02668653c09b0493c8b19e23390e9c4f660a24f19a6e57f5b3301d3a
684,23-9-20_16PCC_2,23-9-20_16PCC,2020-09-23,16PCC,M029,train,train,patches/S2_23-9-20_16PCC/S2_23-9-20_16PCC_2.tif,patches/S2_23-9-20_16PCC/S2_23-9-20_16PCC_2_cl.tif,patches/S2_23-9-20_16PCC/S2_23-9-20_16PCC_2_conf.tif,6c6faecb67cb9a6e6da08995f3e1b15a61ff774f1a123fdb34db39d691378cb1
685,23-9-20_16PCC_20,23-9-20_16PCC,2020-09-23,16PCC,M029,train,train,patches/S2_23-9-20_16PCC/S2_23-9-20_16PCC_20.tif,patches/S2_23-9-20_16PCC/S2_23-9-20_16PCC_20_cl.tif,patches/S2_23-9-20_16PCC/S2_23-9-20_16PCC_20_conf.tif,f599c94530150b32a7c581fa105ebfe0db8790f6d42cf63760102b93a6c97080
686,23-9-20_16PCC_21,23-9-20_16PCC,2020-09-23,16PCC,M029,train,train,patches/S2_23-9-20_16PCC/S2_23-9-20_16PCC_21.tif,patches/S2_23-9-20_16PCC/S2_23-9-20_16PCC_21_cl.tif,patches/S2_23-9-20_16PCC/S2_23-9-20_16PCC_21_conf.tif,8a9b73c61aff8c54d8fd2aa900e0081a066d5fe4d6bc9c79bfcc1325e41a3c93
687,23-9-20_16PCC_22,23-9-20_16PCC,2020-09-23,16PCC,M029,train,train,patches/S2_23-9-20_16PCC/S2_23-9-20_16PCC_22.tif,patches/S2_23-9-20_16PCC/S2_23-9-20_16PCC_22_cl.tif,patches/S2_23-9-20_16PCC/S2_23-9-20_16PCC_22_conf.tif,445ace4d0bfd7ade999383413df2a6a0a2d091d80d176596c62b13867390e591
688,23-9-20_16PCC_23,23-9-20_16PCC,2020-09-23,16PCC,M029,train,train,patches/S2_23-9-20_16PCC/S2_23-9-20_16PCC_23.tif,patches/S2_23-9-20_16PCC/S2_23-9-20_16PCC_23_cl.tif,patches/S2_23-9-20_16PCC/S2_23-9-20_16PCC_23_conf.tif,2f79a093e1c9d93a6231a1663787fcaf2323971fd79a2d58386245bd1a2db384
689,23-9-20_16PCC_24,23-9-20_16PCC,2020-09-23,16PCC,M029,train,train,patches/S2_23-9-20_16PCC/S2_23-9-20_16PCC_24.tif,patches/S2_23-9-20_16PCC/S2_23-9-20_16PCC_24_cl.tif,patches/S2_23-9-20_16PCC/S2_23-9-20_16PCC_24_conf.tif,810c9dc6ffc1f9076179838d0b4c4fa30a929a1a4f05b2f5b6ee3b609b7729de
690,23-9-20_16PCC_25,23-9-20_16PCC,2020-09-23,16PCC,M029,train,train,patches/S2_23-9-20_16PCC/S2_23-9-20_16PCC_25.tif,patches/S2_23-9-20_16PCC/S2_23-9-20_16PCC_25_cl.tif,patches/S2_23-9-20_16PCC/S2_23-9-20_16PCC_25_conf.tif,6b1d7d301b5907b5efd4ef2ee8b1b77411fdcc2f7552a715893e2458d4496af8
691,23-9-20_16PCC_26,23-9-20_16PCC,2020-09-23,16PCC,M029,train,train,patches/S2_23-9-20_16PCC/S2_23-9-20_16PCC_26.tif,patches/S2_23-9-20_16PCC/S2_23-9-20_16PCC_26_cl.tif,patches/S2_23-9-20_16PCC/S2_23-9-20_16PCC_26_conf.tif,dcfcc493292387316a516829cae8590fe12d25191f321958762c33de79c7849a
692,23-9-20_16PCC_27,23-9-20_16PCC,2020-09-23,16PCC,M029,train,train,patches/S2_23-9-20_16PCC/S2_23-9-20_16PCC_27.tif,patches/S2_23-9-20_16PCC/S2_23-9-20_16PCC_27_cl.tif,patches/S2_23-9-20_16PCC/S2_23-9-20_16PCC_27_conf.tif,829edb8613b49ac808f006dd08e0c0b60d5a4e545d5b24511c2703a5b1f1bdc0
693,23-9-20_16PCC_28,23-9-20_16PCC,2020-09-23,16PCC,M029,train,train,patches/S2_23-9-20_16PCC/S2_23-9-20_16PCC_28.tif,patches/S2_23-9-20_16PCC/S2_23-9-20_16PCC_28_cl.tif,patches/S2_23-9-20_16PCC/S2_23-9-20_16PCC_28_conf.tif,2fa9b6c085cb748a39cb250c5318de8d4d85a8b32a396934a7549145a7532cd8
694,23-9-20_16PCC_29,23-9-20_16PCC,2020-09-23,16PCC,M029,train,train,patches/S2_23-9-20_16PCC/S2_23-9-20_16PCC_29.tif,patches/S2_23-9-20_16PCC/S2_23-9-20_16PCC_29_cl.tif,patches/S2_23-9-20_16PCC/S2_23-9-20_16PCC_29_conf.tif,c92f7e9fc3b91fbc1e1bc98368541dc8758e8fbbef8d935ef8ca68b1abbbeb31
695,23-9-20_16PCC_3,23-9-20_16PCC,2020-09-23,16PCC,M029,train,train,patches/S2_23-9-20_16PCC/S2_23-9-20_16PCC_3.tif,patches/S2_23-9-20_16PCC/S2_23-9-20_16PCC_3_cl.tif,patches/S2_23-9-20_16PCC/S2_23-9-20_16PCC_3_conf.tif,aff4f57d64997da6bdbcd3f795ba921da0d542dd16593978d9d901adec41c7cc
696,23-9-20_16PCC_30,23-9-20_16PCC,2020-09-23,16PCC,M029,train,train,patches/S2_23-9-20_16PCC/S2_23-9-20_16PCC_30.tif,patches/S2_23-9-20_16PCC/S2_23-9-20_16PCC_30_cl.tif,patches/S2_23-9-20_16PCC/S2_23-9-20_16PCC_30_conf.tif,625cc600fdd32d5752b5e80a188dbf2c71c40ee9f0468db6200318dee0eb6279
697,23-9-20_16PCC_31,23-9-20_16PCC,2020-09-23,16PCC,M029,train,train,patches/S2_23-9-20_16PCC/S2_23-9-20_16PCC_31.tif,patches/S2_23-9-20_16PCC/S2_23-9-20_16PCC_31_cl.tif,patches/S2_23-9-20_16PCC/S2_23-9-20_16PCC_31_conf.tif,5c0d06433382ef0c8e3c847435da689c6b89fa66f629a6a33eb9953fbf2dc882
698,23-9-20_16PCC_32,23-9-20_16PCC,2020-09-23,16PCC,M029,train,train,patches/S2_23-9-20_16PCC/S2_23-9-20_16PCC_32.tif,patches/S2_23-9-20_16PCC/S2_23-9-20_16PCC_32_cl.tif,patches/S2_23-9-20_16PCC/S2_23-9-20_16PCC_32_conf.tif,29b2b28ce3c3ef2687d2ac91c797766221052bb17d7ed1223063e2427e49a2a1
699,23-9-20_16PCC_33,23-9-20_16PCC,2020-09-23,16PCC,M029,train,train,patches/S2_23-9-20_16PCC/S2_23-9-20_16PCC_33.tif,patches/S2_23-9-20_16PCC/S2_23-9-20_16PCC_33_cl.tif,patches/S2_23-9-20_16PCC/S2_23-9-20_16PCC_33_conf.tif,fd92d283f480cd9fdac716a3915546e40a7c06657f7ecb619449ab75dd126f42
700,23-9-20_16PCC_34,23-9-20_16PCC,2020-09-23,16PCC,M029,train,train,patches/S2_23-9-20_16PCC/S2_23-9-20_16PCC_34.tif,patches/S2_23-9-20_16PCC/S2_23-9-20_16PCC_34_cl.tif,patches/S2_23-9-20_16PCC/S2_23-9-20_16PCC_34_conf.tif,c0d635d4c7935b781fb15433d6672406e6ac3b18f61e9f309913dfacd7e7a95d
701,23-9-20_16PCC_35,23-9-20_16PCC,2020-09-23,16PCC,M029,train,train,patches/S2_23-9-20_16PCC/S2_23-9-20_16PCC_35.tif,patches/S2_23-9-20_16PCC/S2_23-9-20_16PCC_35_cl.tif,patches/S2_23-9-20_16PCC/S2_23-9-20_16PCC_35_conf.tif,e506ec7dcf3062192f03f2d0307ee02410bb9175187c197efb768af42587afac
702,23-9-20_16PCC_36,23-9-20_16PCC,2020-09-23,16PCC,M029,train,train,patches/S2_23-9-20_16PCC/S2_23-9-20_16PCC_36.tif,patches/S2_23-9-20_16PCC/S2_23-9-20_16PCC_36_cl.tif,patches/S2_23-9-20_16PCC/S2_23-9-20_16PCC_36_conf.tif,fee339673658559559667088737fe2717db9a1f4069236c99ed3201538efae54
703,23-9-20_16PCC_37,23-9-20_16PCC,2020-09-23,16PCC,M029,train,train,patches/S2_23-9-20_16PCC/S2_23-9-20_16PCC_37.tif,patches/S2_23-9-20_16PCC/S2_23-9-20_16PCC_37_cl.tif,patches/S2_23-9-20_16PCC/S2_23-9-20_16PCC_37_conf.tif,0bdec36a4ec550191cad61958cc63a3c39e1fb7509757a2e83b2a0b45f60b7e3
704,23-9-20_16PCC_38,23-9-20_16PCC,2020-09-23,16PCC,M029,train,train,patches/S2_23-9-20_16PCC/S2_23-9-20_16PCC_38.tif,patches/S2_23-9-20_16PCC/S2_23-9-20_16PCC_38_cl.tif,patches/S2_23-9-20_16PCC/S2_23-9-20_16PCC_38_conf.tif,c8a3d146c64235b470c725269ee41a0a88f4e641a9d49cbc6f359927e8d21394
705,23-9-20_16PCC_39,23-9-20_16PCC,2020-09-23,16PCC,M029,train,train,patches/S2_23-9-20_16PCC/S2_23-9-20_16PCC_39.tif,patches/S2_23-9-20_16PCC/S2_23-9-20_16PCC_39_cl.tif,patches/S2_23-9-20_16PCC/S2_23-9-20_16PCC_39_conf.tif,2a03c66fa91ea8651317987c8e24dab7e7bcb08c9edbb3c4ce6ad36cc80949fb
706,23-9-20_16PCC_4,23-9-20_16PCC,2020-09-23,16PCC,M029,train,train,patches/S2_23-9-20_16PCC/S2_23-9-20_16PCC_4.tif,patches/S2_23-9-20_16PCC/S2_23-9-20_16PCC_4_cl.tif,patches/S2_23-9-20_16PCC/S2_23-9-20_16PCC_4_conf.tif,a34773c331262721a9baa41b2f73eaa209ffcd4c61ca9bc54046db36e40b9937
707,23-9-20_16PCC_40,23-9-20_16PCC,2020-09-23,16PCC,M029,train,train,patches/S2_23-9-20_16PCC/S2_23-9-20_16PCC_40.tif,patches/S2_23-9-20_16PCC/S2_23-9-20_16PCC_40_cl.tif,patches/S2_23-9-20_16PCC/S2_23-9-20_16PCC_40_conf.tif,04fdaed51aadbe49452246436eaf06700c5792afcb6619160f31fcbd186e913a
708,23-9-20_16PCC_41,23-9-20_16PCC,2020-09-23,16PCC,M029,train,train,patches/S2_23-9-20_16PCC/S2_23-9-20_16PCC_41.tif,patches/S2_23-9-20_16PCC/S2_23-9-20_16PCC_41_cl.tif,patches/S2_23-9-20_16PCC/S2_23-9-20_16PCC_41_conf.tif,3ac362c0242902bd8e92e04f65e1fd0045e453297a8febd09484094aa51c71b3
709,23-9-20_16PCC_42,23-9-20_16PCC,2020-09-23,16PCC,M029,train,train,patches/S2_23-9-20_16PCC/S2_23-9-20_16PCC_42.tif,patches/S2_23-9-20_16PCC/S2_23-9-20_16PCC_42_cl.tif,patches/S2_23-9-20_16PCC/S2_23-9-20_16PCC_42_conf.tif,74431d734d8e7a90c1ace6dc299b36d71329957940ecb0e7931a09e41d20c43c
710,23-9-20_16PCC_43,23-9-20_16PCC,2020-09-23,16PCC,M029,train,train,patches/S2_23-9-20_16PCC/S2_23-9-20_16PCC_43.tif,patches/S2_23-9-20_16PCC/S2_23-9-20_16PCC_43_cl.tif,patches/S2_23-9-20_16PCC/S2_23-9-20_16PCC_43_conf.tif,f8e4f3c9d1406af0bb1eddd7d11ba485673a5b00e71348451890683b6bf435f0
711,23-9-20_16PCC_44,23-9-20_16PCC,2020-09-23,16PCC,M029,train,train,patches/S2_23-9-20_16PCC/S2_23-9-20_16PCC_44.tif,patches/S2_23-9-20_16PCC/S2_23-9-20_16PCC_44_cl.tif,patches/S2_23-9-20_16PCC/S2_23-9-20_16PCC_44_conf.tif,d4a5ff4e976d138cd0f0deeb0da22f9c68b50bd8daf3adf5717955ee810a106b
712,23-9-20_16PCC_45,23-9-20_16PCC,2020-09-23,16PCC,M029,train,train,patches/S2_23-9-20_16PCC/S2_23-9-20_16PCC_45.tif,patches/S2_23-9-20_16PCC/S2_23-9-20_16PCC_45_cl.tif,patches/S2_23-9-20_16PCC/S2_23-9-20_16PCC_45_conf.tif,c26fbed0882929a55b74e1060894026a25f36e76994bff0a4cfae83a29b74499
713,23-9-20_16PCC_46,23-9-20_16PCC,2020-09-23,16PCC,M029,train,train,patches/S2_23-9-20_16PCC/S2_23-9-20_16PCC_46.tif,patches/S2_23-9-20_16PCC/S2_23-9-20_16PCC_46_cl.tif,patches/S2_23-9-20_16PCC/S2_23-9-20_16PCC_46_conf.tif,c9c8fca85dea968c8e9ff03229889bf951c50a879cee2608287cabe7b6269915
714,23-9-20_16PCC_47,23-9-20_16PCC,2020-09-23,16PCC,M029,train,train,patches/S2_23-9-20_16PCC/S2_23-9-20_16PCC_47.tif,patches/S2_23-9-20_16PCC/S2_23-9-20_16PCC_47_cl.tif,patches/S2_23-9-20_16PCC/S2_23-9-20_16PCC_47_conf.tif,34e5144d606637e6e36966e11d7d82255fda846e9ff69f0411b8f4629e01ad70
715,23-9-20_16PCC_48,23-9-20_16PCC,2020-09-23,16PCC,M029,train,train,patches/S2_23-9-20_16PCC/S2_23-9-20_16PCC_48.tif,patches/S2_23-9-20_16PCC/S2_23-9-20_16PCC_48_cl.tif,patches/S2_23-9-20_16PCC/S2_23-9-20_16PCC_48_conf.tif,60095131a7a39ee66528b86bb32baa83b337ef886e7e839114834e21619ff07a
716,23-9-20_16PCC_49,23-9-20_16PCC,2020-09-23,16PCC,M029,train,train,patches/S2_23-9-20_16PCC/S2_23-9-20_16PCC_49.tif,patches/S2_23-9-20_16PCC/S2_23-9-20_16PCC_49_cl.tif,patches/S2_23-9-20_16PCC/S2_23-9-20_16PCC_49_conf.tif,5c2f14a0bf28d027cb05567b6b0d91cb55afe4ff7b46e6b96a37ed4d03907be3
717,23-9-20_16PCC_5,23-9-20_16PCC,2020-09-23,16PCC,M029,train,train,patches/S2_23-9-20_16PCC/S2_23-9-20_16PCC_5.tif,patches/S2_23-9-20_16PCC/S2_23-9-20_16PCC_5_cl.tif,patches/S2_23-9-20_16PCC/S2_23-9-20_16PCC_5_conf.tif,aae262bb12a612a3aa571372d7cd124af0a3945748e7fcf275585f8155a33f82
718,23-9-20_16PCC_50,23-9-20_16PCC,2020-09-23,16PCC,M029,train,train,patches/S2_23-9-20_16PCC/S2_23-9-20_16PCC_50.tif,patches/S2_23-9-20_16PCC/S2_23-9-20_16PCC_50_cl.tif,patches/S2_23-9-20_16PCC/S2_23-9-20_16PCC_50_conf.tif,45bbdcb803c95d5714345788a28a64bc81d403ee62dcc5f0293c356ce268307f
719,23-9-20_16PCC_51,23-9-20_16PCC,2020-09-23,16PCC,M029,train,train,patches/S2_23-9-20_16PCC/S2_23-9-20_16PCC_51.tif,patches/S2_23-9-20_16PCC/S2_23-9-20_16PCC_51_cl.tif,patches/S2_23-9-20_16PCC/S2_23-9-20_16PCC_51_conf.tif,144606f1543e0d8bb83a2dc58814ecd7646cbeab03e55bbdfca627d200ea548c
720,23-9-20_16PCC_52,23-9-20_16PCC,2020-09-23,16PCC,M029,train,train,patches/S2_23-9-20_16PCC/S2_23-9-20_16PCC_52.tif,patches/S2_23-9-20_16PCC/S2_23-9-20_16PCC_52_cl.tif,patches/S2_23-9-20_16PCC/S2_23-9-20_16PCC_52_conf.tif,cdbd4b7b61a289a07c5b90ec87a331ca43b2d4a1a7d10df8d11ac6255c9ef260
721,23-9-20_16PCC_53,23-9-20_16PCC,2020-09-23,16PCC,M029,train,train,patches/S2_23-9-20_16PCC/S2_23-9-20_16PCC_53.tif,patches/S2_23-9-20_16PCC/S2_23-9-20_16PCC_53_cl.tif,patches/S2_23-9-20_16PCC/S2_23-9-20_16PCC_53_conf.tif,d6de04d5faedf27cc7609d96b0ca7918c907abd4c42628be8e4351661eee805c
722,23-9-20_16PCC_54,23-9-20_16PCC,2020-09-23,16PCC,M029,train,train,patches/S2_23-9-20_16PCC/S2_23-9-20_16PCC_54.tif,patches/S2_23-9-20_16PCC/S2_23-9-20_16PCC_54_cl.tif,patches/S2_23-9-20_16PCC/S2_23-9-20_16PCC_54_conf.tif,c81835dea496ba5b66e0c9a4c43e54dc6f0873ae606bb4eb95de82509102887b
723,23-9-20_16PCC_55,23-9-20_16PCC,2020-09-23,16PCC,M029,train,train,patches/S2_23-9-20_16PCC/S2_23-9-20_16PCC_55.tif,patches/S2_23-9-20_16PCC/S2_23-9-20_16PCC_55_cl.tif,patches/S2_23-9-20_16PCC/S2_23-9-20_16PCC_55_conf.tif,e6f592ab65a7579c5553fb0ba703a9e31f4414909c1f60fe668edd0b55f36cbc
724,23-9-20_16PCC_6,23-9-20_16PCC,2020-09-23,16PCC,M029,train,train,patches/S2_23-9-20_16PCC/S2_23-9-20_16PCC_6.tif,patches/S2_23-9-20_16PCC/S2_23-9-20_16PCC_6_cl.tif,patches/S2_23-9-20_16PCC/S2_23-9-20_16PCC_6_conf.tif,1320668bc03ec0bbc3506e2e1c01caeea16bdd280ca6db184ed353591d06565a
725,23-9-20_16PCC_7,23-9-20_16PCC,2020-09-23,16PCC,M029,train,train,patches/S2_23-9-20_16PCC/S2_23-9-20_16PCC_7.tif,patches/S2_23-9-20_16PCC/S2_23-9-20_16PCC_7_cl.tif,patches/S2_23-9-20_16PCC/S2_23-9-20_16PCC_7_conf.tif,d176864e1227268e7ee2d2726b5d52a2d35869c7d103e716e10c6df8fe09666f
726,23-9-20_16PCC_8,23-9-20_16PCC,2020-09-23,16PCC,M029,train,train,patches/S2_23-9-20_16PCC/S2_23-9-20_16PCC_8.tif,patches/S2_23-9-20_16PCC/S2_23-9-20_16PCC_8_cl.tif,patches/S2_23-9-20_16PCC/S2_23-9-20_16PCC_8_conf.tif,e4f3c6980b55850e0237dd86b2c1c3c11e2fca61d0847ac124e08cbca75b6e7c
727,23-9-20_16PCC_9,23-9-20_16PCC,2020-09-23,16PCC,M029,train,train,patches/S2_23-9-20_16PCC/S2_23-9-20_16PCC_9.tif,patches/S2_23-9-20_16PCC/S2_23-9-20_16PCC_9_cl.tif,patches/S2_23-9-20_16PCC/S2_23-9-20_16PCC_9_conf.tif,5a02c7f563698d459b985dcd2a82d67777b08ce95c0f2ae26768305f39e54bac
728,24-10-18_16PDC_0,24-10-18_16PDC,2018-10-24,16PDC,M030,train,train,patches/S2_24-10-18_16PDC/S2_24-10-18_16PDC_0.tif,patches/S2_24-10-18_16PDC/S2_24-10-18_16PDC_0_cl.tif,patches/S2_24-10-18_16PDC/S2_24-10-18_16PDC_0_conf.tif,a51cc87450d37b3167e62c27a4c235308ca24e9098b943f360e600406cfe9582
729,24-10-18_16PDC_1,24-10-18_16PDC,2018-10-24,16PDC,M030,train,train,patches/S2_24-10-18_16PDC/S2_24-10-18_16PDC_1.tif,patches/S2_24-10-18_16PDC/S2_24-10-18_16PDC_1_cl.tif,patches/S2_24-10-18_16PDC/S2_24-10-18_16PDC_1_conf.tif,d97e25dd01945e3c8e78a8c7585b0e0b484359476e5bfb71ca7c717089274952
730,24-10-18_16PDC_10,24-10-18_16PDC,2018-10-24,16PDC,M030,train,train,patches/S2_24-10-18_16PDC/S2_24-10-18_16PDC_10.tif,patches/S2_24-10-18_16PDC/S2_24-10-18_16PDC_10_cl.tif,patches/S2_24-10-18_16PDC/S2_24-10-18_16PDC_10_conf.tif,6ec948d4b1ac4b7e49958ff92de3a876de99f5c69fe2e5b2d986455f9a44f5e5
731,24-10-18_16PDC_11,24-10-18_16PDC,2018-10-24,16PDC,M030,train,train,patches/S2_24-10-18_16PDC/S2_24-10-18_16PDC_11.tif,patches/S2_24-10-18_16PDC/S2_24-10-18_16PDC_11_cl.tif,patches/S2_24-10-18_16PDC/S2_24-10-18_16PDC_11_conf.tif,7cdd80893162f4482df76c480030cc1e3b1386721992f09c19280e6238fd0469
732,24-10-18_16PDC_12,24-10-18_16PDC,2018-10-24,16PDC,M030,train,train,patches/S2_24-10-18_16PDC/S2_24-10-18_16PDC_12.tif,patches/S2_24-10-18_16PDC/S2_24-10-18_16PDC_12_cl.tif,patches/S2_24-10-18_16PDC/S2_24-10-18_16PDC_12_conf.tif,4b04cc8f4b53626f470e17d431ff72f30120e12899109858588791cb6d647a2f
733,24-10-18_16PDC_13,24-10-18_16PDC,2018-10-24,16PDC,M030,train,train,patches/S2_24-10-18_16PDC/S2_24-10-18_16PDC_13.tif,patches/S2_24-10-18_16PDC/S2_24-10-18_16PDC_13_cl.tif,patches/S2_24-10-18_16PDC/S2_24-10-18_16PDC_13_conf.tif,27735e7efa43a2728db76d1f63f59e457e98fd7843d59db0f401781df990c94a
734,24-10-18_16PDC_14,24-10-18_16PDC,2018-10-24,16PDC,M030,train,train,patches/S2_24-10-18_16PDC/S2_24-10-18_16PDC_14.tif,patches/S2_24-10-18_16PDC/S2_24-10-18_16PDC_14_cl.tif,patches/S2_24-10-18_16PDC/S2_24-10-18_16PDC_14_conf.tif,224ee61907c38a15aedab44485a858acb4d8e4aafb9e1fafa79be37e39277c4e
735,24-10-18_16PDC_15,24-10-18_16PDC,2018-10-24,16PDC,M030,train,train,patches/S2_24-10-18_16PDC/S2_24-10-18_16PDC_15.tif,patches/S2_24-10-18_16PDC/S2_24-10-18_16PDC_15_cl.tif,patches/S2_24-10-18_16PDC/S2_24-10-18_16PDC_15_conf.tif,2902ce15a883bc64f5c2643f7e3b14c76e3b93798de3bd1610c58ee46b31c443
736,24-10-18_16PDC_16,24-10-18_16PDC,2018-10-24,16PDC,M030,train,train,patches/S2_24-10-18_16PDC/S2_24-10-18_16PDC_16.tif,patches/S2_24-10-18_16PDC/S2_24-10-18_16PDC_16_cl.tif,patches/S2_24-10-18_16PDC/S2_24-10-18_16PDC_16_conf.tif,aec7ee689d2282af4689da81460e3f9d435026dfa84148ac48255117292982b4
737,24-10-18_16PDC_17,24-10-18_16PDC,2018-10-24,16PDC,M030,train,train,patches/S2_24-10-18_16PDC/S2_24-10-18_16PDC_17.tif,patches/S2_24-10-18_16PDC/S2_24-10-18_16PDC_17_cl.tif,patches/S2_24-10-18_16PDC/S2_24-10-18_16PDC_17_conf.tif,baa90b6ed23faea34a9627209bb0b51a2c753dae83325507c0ae0eb438c864a7
738,24-10-18_16PDC_18,24-10-18_16PDC,2018-10-24,16PDC,M030,train,train,patches/S2_24-10-18_16PDC/S2_24-10-18_16PDC_18.tif,patches/S2_24-10-18_16PDC/S2_24-10-18_16PDC_18_cl.tif,patches/S2_24-10-18_16PDC/S2_24-10-18_16PDC_18_conf.tif,01406cfb38167013fea599d53471c94cff9abb8c2ce7f5099fe7997e7f07b746
739,24-10-18_16PDC_19,24-10-18_16PDC,2018-10-24,16PDC,M030,train,train,patches/S2_24-10-18_16PDC/S2_24-10-18_16PDC_19.tif,patches/S2_24-10-18_16PDC/S2_24-10-18_16PDC_19_cl.tif,patches/S2_24-10-18_16PDC/S2_24-10-18_16PDC_19_conf.tif,543f8387835c1879faff83017954884d588cd551913151de6116ed692dba0245
740,24-10-18_16PDC_2,24-10-18_16PDC,2018-10-24,16PDC,M030,train,train,patches/S2_24-10-18_16PDC/S2_24-10-18_16PDC_2.tif,patches/S2_24-10-18_16PDC/S2_24-10-18_16PDC_2_cl.tif,patches/S2_24-10-18_16PDC/S2_24-10-18_16PDC_2_conf.tif,ecfa624dd9d562a9db4faf19dcbd618726c3dd49cb29f8ac7b5e1e21b204cd46
741,24-10-18_16PDC_20,24-10-18_16PDC,2018-10-24,16PDC,M030,train,train,patches/S2_24-10-18_16PDC/S2_24-10-18_16PDC_20.tif,patches/S2_24-10-18_16PDC/S2_24-10-18_16PDC_20_cl.tif,patches/S2_24-10-18_16PDC/S2_24-10-18_16PDC_20_conf.tif,4ed35d717d526a5d6584ece673804a3aabd959389c7cabc3cf983976a6d15416
742,24-10-18_16PDC_21,24-10-18_16PDC,2018-10-24,16PDC,M030,train,train,patches/S2_24-10-18_16PDC/S2_24-10-18_16PDC_21.tif,patches/S2_24-10-18_16PDC/S2_24-10-18_16PDC_21_cl.tif,patches/S2_24-10-18_16PDC/S2_24-10-18_16PDC_21_conf.tif,38674484a0e6952adddf3ab40a4383e9de6fe878126d2f82162f75ec30c300a8
743,24-10-18_16PDC_3,24-10-18_16PDC,2018-10-24,16PDC,M030,train,train,patches/S2_24-10-18_16PDC/S2_24-10-18_16PDC_3.tif,patches/S2_24-10-18_16PDC/S2_24-10-18_16PDC_3_cl.tif,patches/S2_24-10-18_16PDC/S2_24-10-18_16PDC_3_conf.tif,c624330edecad6c11a969e4ef54e8f8504ba54fea8d87098379c418d0756eeb3
744,24-10-18_16PDC_4,24-10-18_16PDC,2018-10-24,16PDC,M030,train,train,patches/S2_24-10-18_16PDC/S2_24-10-18_16PDC_4.tif,patches/S2_24-10-18_16PDC/S2_24-10-18_16PDC_4_cl.tif,patches/S2_24-10-18_16PDC/S2_24-10-18_16PDC_4_conf.tif,67d81cb76333e775619c8f5ffd43c168a1283376045dbcbe0715017d06c76329
745,24-10-18_16PDC_5,24-10-18_16PDC,2018-10-24,16PDC,M030,train,train,patches/S2_24-10-18_16PDC/S2_24-10-18_16PDC_5.tif,patches/S2_24-10-18_16PDC/S2_24-10-18_16PDC_5_cl.tif,patches/S2_24-10-18_16PDC/S2_24-10-18_16PDC_5_conf.tif,ef956aa4c490c887d61ea69c06b5f97a5cd1a97cf74de0a623facf1f5cee7dd4
746,24-10-18_16PDC_6,24-10-18_16PDC,2018-10-24,16PDC,M030,train,train,patches/S2_24-10-18_16PDC/S2_24-10-18_16PDC_6.tif,patches/S2_24-10-18_16PDC/S2_24-10-18_16PDC_6_cl.tif,patches/S2_24-10-18_16PDC/S2_24-10-18_16PDC_6_conf.tif,139b6d808592e7c7b6333bfe28df5748a8ad4bc2e98bdd6a2a72cfd84f91d550
747,24-10-18_16PDC_7,24-10-18_16PDC,2018-10-24,16PDC,M030,train,train,patches/S2_24-10-18_16PDC/S2_24-10-18_16PDC_7.tif,patches/S2_24-10-18_16PDC/S2_24-10-18_16PDC_7_cl.tif,patches/S2_24-10-18_16PDC/S2_24-10-18_16PDC_7_conf.tif,793bd6c78ca524d44f303f08b4412dd84f2687c1bb9171a1473635d119235737
748,24-10-18_16PDC_8,24-10-18_16PDC,2018-10-24,16PDC,M030,train,train,patches/S2_24-10-18_16PDC/S2_24-10-18_16PDC_8.tif,patches/S2_24-10-18_16PDC/S2_24-10-18_16PDC_8_cl.tif,patches/S2_24-10-18_16PDC/S2_24-10-18_16PDC_8_conf.tif,238971ff7e953478d3a85f371ed98768ce1fd495bd0809d3abf79117a19fb006
749,24-10-18_16PDC_9,24-10-18_16PDC,2018-10-24,16PDC,M030,train,train,patches/S2_24-10-18_16PDC/S2_24-10-18_16PDC_9.tif,patches/S2_24-10-18_16PDC/S2_24-10-18_16PDC_9_cl.tif,patches/S2_24-10-18_16PDC/S2_24-10-18_16PDC_9_conf.tif,4f7143628049b465a1dcfa57f0656ff5d41e24f44f634fa0fe7083926c5059c4
750,24-11-19_48PZC_0,24-11-19_48PZC,2019-11-24,48PZC,M031,train,train,patches/S2_24-11-19_48PZC/S2_24-11-19_48PZC_0.tif,patches/S2_24-11-19_48PZC/S2_24-11-19_48PZC_0_cl.tif,patches/S2_24-11-19_48PZC/S2_24-11-19_48PZC_0_conf.tif,0bb478ecdda4fd33b3794f38b1d2c255d0426d8bad9e0b40941ef3abc8bf6db5
751,24-11-19_48PZC_1,24-11-19_48PZC,2019-11-24,48PZC,M031,train,train,patches/S2_24-11-19_48PZC/S2_24-11-19_48PZC_1.tif,patches/S2_24-11-19_48PZC/S2_24-11-19_48PZC_1_cl.tif,patches/S2_24-11-19_48PZC/S2_24-11-19_48PZC_1_conf.tif,38dd8869b779644228de2a946372c6e2490d92d5020863481ee9c72ad84008fe
752,24-11-19_48PZC_2,24-11-19_48PZC,2019-11-24,48PZC,M031,train,train,patches/S2_24-11-19_48PZC/S2_24-11-19_48PZC_2.tif,patches/S2_24-11-19_48PZC/S2_24-11-19_48PZC_2_cl.tif,patches/S2_24-11-19_48PZC/S2_24-11-19_48PZC_2_conf.tif,d44f549698cd2663d6bc7be247939037c937170c9b82c67f25ada3e922d7e238
753,24-11-19_48PZC_3,24-11-19_48PZC,2019-11-24,48PZC,M031,train,train,patches/S2_24-11-19_48PZC/S2_24-11-19_48PZC_3.tif,patches/S2_24-11-19_48PZC/S2_24-11-19_48PZC_3_cl.tif,patches/S2_24-11-19_48PZC/S2_24-11-19_48PZC_3_conf.tif,d0d34ce970946781ba71d2d66ce171c65718de69859e73c2fd5c8d64bd63265e
754,24-11-19_48PZC_4,24-11-19_48PZC,2019-11-24,48PZC,M031,train,train,patches/S2_24-11-19_48PZC/S2_24-11-19_48PZC_4.tif,patches/S2_24-11-19_48PZC/S2_24-11-19_48PZC_4_cl.tif,patches/S2_24-11-19_48PZC/S2_24-11-19_48PZC_4_conf.tif,5b17a5a4b0f1df1226674a212192c416fc8bbf9a7c72b4d2d2afe3d88f8d3522
755,24-11-19_48PZC_5,24-11-19_48PZC,2019-11-24,48PZC,M031,train,train,patches/S2_24-11-19_48PZC/S2_24-11-19_48PZC_5.tif,patches/S2_24-11-19_48PZC/S2_24-11-19_48PZC_5_cl.tif,patches/S2_24-11-19_48PZC/S2_24-11-19_48PZC_5_conf.tif,7c7846a7904089da1a48e3aef954c440eb2254df5c97f8ecf723c11d503bdcae
756,24-11-19_48PZC_6,24-11-19_48PZC,2019-11-24,48PZC,M031,train,train,patches/S2_24-11-19_48PZC/S2_24-11-19_48PZC_6.tif,patches/S2_24-11-19_48PZC/S2_24-11-19_48PZC_6_cl.tif,patches/S2_24-11-19_48PZC/S2_24-11-19_48PZC_6_conf.tif,e8c8b0ddd88f17fd0f1f43126d71358d1365bf09792a9f3a141418022b95d15a
757,24-11-19_48PZC_7,24-11-19_48PZC,2019-11-24,48PZC,M031,train,train,patches/S2_24-11-19_48PZC/S2_24-11-19_48PZC_7.tif,patches/S2_24-11-19_48PZC/S2_24-11-19_48PZC_7_cl.tif,patches/S2_24-11-19_48PZC/S2_24-11-19_48PZC_7_conf.tif,682a9ee021dc4abea4595879bc202bff943a094d67f8fdbec1f4798879f5ae3b
758,24-11-19_48PZC_8,24-11-19_48PZC,2019-11-24,48PZC,M031,train,train,patches/S2_24-11-19_48PZC/S2_24-11-19_48PZC_8.tif,patches/S2_24-11-19_48PZC/S2_24-11-19_48PZC_8_cl.tif,patches/S2_24-11-19_48PZC/S2_24-11-19_48PZC_8_conf.tif,ced09cd8f377d2be0270bce9bc4deddb22c940afe12708f9d2d4626e2c2dcd6f
759,24-3-20_18QYF_0,24-3-20_18QYF,2020-03-24,18QYF,M032,val,val,patches/S2_24-3-20_18QYF/S2_24-3-20_18QYF_0.tif,patches/S2_24-3-20_18QYF/S2_24-3-20_18QYF_0_cl.tif,patches/S2_24-3-20_18QYF/S2_24-3-20_18QYF_0_conf.tif,d62cdce451f3e57680d881b3a990ac03ff38f611a0d7f1d71e5916f30232bbe1
760,24-3-20_18QYF_1,24-3-20_18QYF,2020-03-24,18QYF,M032,val,val,patches/S2_24-3-20_18QYF/S2_24-3-20_18QYF_1.tif,patches/S2_24-3-20_18QYF/S2_24-3-20_18QYF_1_cl.tif,patches/S2_24-3-20_18QYF/S2_24-3-20_18QYF_1_conf.tif,3d5aea9ccba35083c11b34bab332d87d84ed000dc84e99502beb650eaab3e52f
761,24-4-19_36JUN_0,24-4-19_36JUN,2019-04-24,36JUN,M033,train,train,patches/S2_24-4-19_36JUN/S2_24-4-19_36JUN_0.tif,patches/S2_24-4-19_36JUN/S2_24-4-19_36JUN_0_cl.tif,patches/S2_24-4-19_36JUN/S2_24-4-19_36JUN_0_conf.tif,83d39ebb21be7d190bc7eb1395dba9dea2bfcb941cdbc395aa085342bdeb3a2e
762,24-4-19_36JUN_1,24-4-19_36JUN,2019-04-24,36JUN,M033,train,train,patches/S2_24-4-19_36JUN/S2_24-4-19_36JUN_1.tif,patches/S2_24-4-19_36JUN/S2_24-4-19_36JUN_1_cl.tif,patches/S2_24-4-19_36JUN/S2_24-4-19_36JUN_1_conf.tif,0e5bfaae48197d099d2d03aef8e5a904da49ccea8ce73a8192a33e0e706ee625
763,24-4-19_36JUN_10,24-4-19_36JUN,2019-04-24,36JUN,M033,train,train,patches/S2_24-4-19_36JUN/S2_24-4-19_36JUN_10.tif,patches/S2_24-4-19_36JUN/S2_24-4-19_36JUN_10_cl.tif,patches/S2_24-4-19_36JUN/S2_24-4-19_36JUN_10_conf.tif,66c5aed745f7ac27c3c8ba6782e9c4a907a33470fd233a4275223c96556f4ec3
764,24-4-19_36JUN_11,24-4-19_36JUN,2019-04-24,36JUN,M033,train,train,patches/S2_24-4-19_36JUN/S2_24-4-19_36JUN_11.tif,patches/S2_24-4-19_36JUN/S2_24-4-19_36JUN_11_cl.tif,patches/S2_24-4-19_36JUN/S2_24-4-19_36JUN_11_conf.tif,14891b5e6f71cc5805b4f8a2cc47e4342c91943173d4ac28d4da15db858cbfba
765,24-4-19_36JUN_12,24-4-19_36JUN,2019-04-24,36JUN,M033,train,train,patches/S2_24-4-19_36JUN/S2_24-4-19_36JUN_12.tif,patches/S2_24-4-19_36JUN/S2_24-4-19_36JUN_12_cl.tif,patches/S2_24-4-19_36JUN/S2_24-4-19_36JUN_12_conf.tif,b420f9d452999eb294c0ba9762cb895d124f689525a805c72bb50073284dd5c1
766,24-4-19_36JUN_13,24-4-19_36JUN,2019-04-24,36JUN,M033,train,train,patches/S2_24-4-19_36JUN/S2_24-4-19_36JUN_13.tif,patches/S2_24-4-19_36JUN/S2_24-4-19_36JUN_13_cl.tif,patches/S2_24-4-19_36JUN/S2_24-4-19_36JUN_13_conf.tif,67967fc16d20ed08291bbb2fcc03549ace07743827be8bd648cf756d21e741ab
767,24-4-19_36JUN_14,24-4-19_36JUN,2019-04-24,36JUN,M033,train,train,patches/S2_24-4-19_36JUN/S2_24-4-19_36JUN_14.tif,patches/S2_24-4-19_36JUN/S2_24-4-19_36JUN_14_cl.tif,patches/S2_24-4-19_36JUN/S2_24-4-19_36JUN_14_conf.tif,6f156421bb987e5ee0e3120e4f3164a89a2a381d6d407149995b2f106f5d1743
768,24-4-19_36JUN_15,24-4-19_36JUN,2019-04-24,36JUN,M033,train,train,patches/S2_24-4-19_36JUN/S2_24-4-19_36JUN_15.tif,patches/S2_24-4-19_36JUN/S2_24-4-19_36JUN_15_cl.tif,patches/S2_24-4-19_36JUN/S2_24-4-19_36JUN_15_conf.tif,220e5a1fd70fa87aab75c70004419473e95172c1cb74e73af4e6623343ebf9f4
769,24-4-19_36JUN_16,24-4-19_36JUN,2019-04-24,36JUN,M033,train,train,patches/S2_24-4-19_36JUN/S2_24-4-19_36JUN_16.tif,patches/S2_24-4-19_36JUN/S2_24-4-19_36JUN_16_cl.tif,patches/S2_24-4-19_36JUN/S2_24-4-19_36JUN_16_conf.tif,efc7166df37f42dabd4f1078a287ba0bec9f65f98134a1c0a76a462a9f8f47f5
770,24-4-19_36JUN_17,24-4-19_36JUN,2019-04-24,36JUN,M033,train,train,patches/S2_24-4-19_36JUN/S2_24-4-19_36JUN_17.tif,patches/S2_24-4-19_36JUN/S2_24-4-19_36JUN_17_cl.tif,patches/S2_24-4-19_36JUN/S2_24-4-19_36JUN_17_conf.tif,a3655b37c2dc683c3bbf63902dcaf4528b1381d596978329b52ac17e2206b5bc
771,24-4-19_36JUN_18,24-4-19_36JUN,2019-04-24,36JUN,M033,train,train,patches/S2_24-4-19_36JUN/S2_24-4-19_36JUN_18.tif,patches/S2_24-4-19_36JUN/S2_24-4-19_36JUN_18_cl.tif,patches/S2_24-4-19_36JUN/S2_24-4-19_36JUN_18_conf.tif,2e5df5830296270cd587cff438432eaf22cd142fd0b83b037a729a6a337404f0
772,24-4-19_36JUN_19,24-4-19_36JUN,2019-04-24,36JUN,M033,train,train,patches/S2_24-4-19_36JUN/S2_24-4-19_36JUN_19.tif,patches/S2_24-4-19_36JUN/S2_24-4-19_36JUN_19_cl.tif,patches/S2_24-4-19_36JUN/S2_24-4-19_36JUN_19_conf.tif,5019a6e2764d3f03c100d49b76f761254f20900b54662c2c5a7d8454fc930473
773,24-4-19_36JUN_2,24-4-19_36JUN,2019-04-24,36JUN,M033,train,train,patches/S2_24-4-19_36JUN/S2_24-4-19_36JUN_2.tif,patches/S2_24-4-19_36JUN/S2_24-4-19_36JUN_2_cl.tif,patches/S2_24-4-19_36JUN/S2_24-4-19_36JUN_2_conf.tif,9b8564f371c15de6191f1b5a12b8cd2303c6dfe633ecbc3a4090051f8bcb4e2b
774,24-4-19_36JUN_20,24-4-19_36JUN,2019-04-24,36JUN,M033,train,train,patches/S2_24-4-19_36JUN/S2_24-4-19_36JUN_20.tif,patches/S2_24-4-19_36JUN/S2_24-4-19_36JUN_20_cl.tif,patches/S2_24-4-19_36JUN/S2_24-4-19_36JUN_20_conf.tif,88d0b3d000e6656b8803ede0868bf359a5501568f5e39ebd31f3a1476545a691
775,24-4-19_36JUN_3,24-4-19_36JUN,2019-04-24,36JUN,M033,train,train,patches/S2_24-4-19_36JUN/S2_24-4-19_36JUN_3.tif,patches/S2_24-4-19_36JUN/S2_24-4-19_36JUN_3_cl.tif,patches/S2_24-4-19_36JUN/S2_24-4-19_36JUN_3_conf.tif,dfe6ce20d6d0b73f71ac046cadcdaf463a483661566006fce484779e61961d67
776,24-4-19_36JUN_4,24-4-19_36JUN,2019-04-24,36JUN,M033,train,train,patches/S2_24-4-19_36JUN/S2_24-4-19_36JUN_4.tif,patches/S2_24-4-19_36JUN/S2_24-4-19_36JUN_4_cl.tif,patches/S2_24-4-19_36JUN/S2_24-4-19_36JUN_4_conf.tif,1d8b3d63a7919b9c05c628b9b5a6dc449ab4bab99455f6503259331faf5ef4f8
777,24-4-19_36JUN_5,24-4-19_36JUN,2019-04-24,36JUN,M033,train,train,patches/S2_24-4-19_36JUN/S2_24-4-19_36JUN_5.tif,patches/S2_24-4-19_36JUN/S2_24-4-19_36JUN_5_cl.tif,patches/S2_24-4-19_36JUN/S2_24-4-19_36JUN_5_conf.tif,d05128550d54f44ae94d657c1a6bbff50dc48979baad8b2ca53d27054a0d6d35
778,24-4-19_36JUN_6,24-4-19_36JUN,2019-04-24,36JUN,M033,train,train,patches/S2_24-4-19_36JUN/S2_24-4-19_36JUN_6.tif,patches/S2_24-4-19_36JUN/S2_24-4-19_36JUN_6_cl.tif,patches/S2_24-4-19_36JUN/S2_24-4-19_36JUN_6_conf.tif,7089d259ee51405fe0487bd2463c36655eb084b4b5c0ebca06401db8cdf88e55
779,24-4-19_36JUN_7,24-4-19_36JUN,2019-04-24,36JUN,M033,train,train,patches/S2_24-4-19_36JUN/S2_24-4-19_36JUN_7.tif,patches/S2_24-4-19_36JUN/S2_24-4-19_36JUN_7_cl.tif,patches/S2_24-4-19_36JUN/S2_24-4-19_36JUN_7_conf.tif,04a961e4691243c1be0302386481664558cadbf164ae91a0cb381a758313c73e
780,24-4-19_36JUN_8,24-4-19_36JUN,2019-04-24,36JUN,M033,train,train,patches/S2_24-4-19_36JUN/S2_24-4-19_36JUN_8.tif,patches/S2_24-4-19_36JUN/S2_24-4-19_36JUN_8_cl.tif,patches/S2_24-4-19_36JUN/S2_24-4-19_36JUN_8_conf.tif,c9b766fe91ce2771cc2296ed6b89fe2e29df5933fdb29a247772ef6dbf8f12c6
781,24-4-19_36JUN_9,24-4-19_36JUN,2019-04-24,36JUN,M033,train,train,patches/S2_24-4-19_36JUN/S2_24-4-19_36JUN_9.tif,patches/S2_24-4-19_36JUN/S2_24-4-19_36JUN_9_cl.tif,patches/S2_24-4-19_36JUN/S2_24-4-19_36JUN_9_conf.tif,06c7dc31f58d2b10e73e4cd3275c16ddb6d715870b91b84dcc9e108fbc2bec7b
782,24-8-20_16PCC_0,24-8-20_16PCC,2020-08-24,16PCC,M034,train,train,patches/S2_24-8-20_16PCC/S2_24-8-20_16PCC_0.tif,patches/S2_24-8-20_16PCC/S2_24-8-20_16PCC_0_cl.tif,patches/S2_24-8-20_16PCC/S2_24-8-20_16PCC_0_conf.tif,63ead4616ca2d4ece2cdf827225f4df653a554269fff6495603863cf83fe2288
783,24-8-20_16PCC_1,24-8-20_16PCC,2020-08-24,16PCC,M034,train,train,patches/S2_24-8-20_16PCC/S2_24-8-20_16PCC_1.tif,patches/S2_24-8-20_16PCC/S2_24-8-20_16PCC_1_cl.tif,patches/S2_24-8-20_16PCC/S2_24-8-20_16PCC_1_conf.tif,c5ae9bd028e40d5725c841983de6282f312084bfc2764d7256541d676ffba9c1
784,24-8-20_16PCC_10,24-8-20_16PCC,2020-08-24,16PCC,M034,train,train,patches/S2_24-8-20_16PCC/S2_24-8-20_16PCC_10.tif,patches/S2_24-8-20_16PCC/S2_24-8-20_16PCC_10_cl.tif,patches/S2_24-8-20_16PCC/S2_24-8-20_16PCC_10_conf.tif,9dc7231fbeac8ff7f013cd71ea6520a11a1fc33e6951c87b76b0a29a3dab54ef
785,24-8-20_16PCC_11,24-8-20_16PCC,2020-08-24,16PCC,M034,train,train,patches/S2_24-8-20_16PCC/S2_24-8-20_16PCC_11.tif,patches/S2_24-8-20_16PCC/S2_24-8-20_16PCC_11_cl.tif,patches/S2_24-8-20_16PCC/S2_24-8-20_16PCC_11_conf.tif,842f89f6f19a86527d1e7b6755eb7432345ef7a11b5fde7bffc0a1ee0928c21b
786,24-8-20_16PCC_12,24-8-20_16PCC,2020-08-24,16PCC,M034,train,train,patches/S2_24-8-20_16PCC/S2_24-8-20_16PCC_12.tif,patches/S2_24-8-20_16PCC/S2_24-8-20_16PCC_12_cl.tif,patches/S2_24-8-20_16PCC/S2_24-8-20_16PCC_12_conf.tif,2e59851a0d92d9fc25e5992b90e0ae83414e46ed9980cb0dc6e92963469ae321
787,24-8-20_16PCC_13,24-8-20_16PCC,2020-08-24,16PCC,M034,train,train,patches/S2_24-8-20_16PCC/S2_24-8-20_16PCC_13.tif,patches/S2_24-8-20_16PCC/S2_24-8-20_16PCC_13_cl.tif,patches/S2_24-8-20_16PCC/S2_24-8-20_16PCC_13_conf.tif,3950ed20981b16b277bf41e0c7a8c2b042df6dc18b7c621369dabc187ba0fd88
788,24-8-20_16PCC_14,24-8-20_16PCC,2020-08-24,16PCC,M034,train,train,patches/S2_24-8-20_16PCC/S2_24-8-20_16PCC_14.tif,patches/S2_24-8-20_16PCC/S2_24-8-20_16PCC_14_cl.tif,patches/S2_24-8-20_16PCC/S2_24-8-20_16PCC_14_conf.tif,cb2e2d242a4b8b78a962323a4a0cd908f967b885bf932ba9d430a516eebb7c0e
789,24-8-20_16PCC_15,24-8-20_16PCC,2020-08-24,16PCC,M034,train,train,patches/S2_24-8-20_16PCC/S2_24-8-20_16PCC_15.tif,patches/S2_24-8-20_16PCC/S2_24-8-20_16PCC_15_cl.tif,patches/S2_24-8-20_16PCC/S2_24-8-20_16PCC_15_conf.tif,1f70c13754519c4b590cae78438d34f95111ec6b7eb3b83e76d1852b6b20168f
790,24-8-20_16PCC_16,24-8-20_16PCC,2020-08-24,16PCC,M034,train,train,patches/S2_24-8-20_16PCC/S2_24-8-20_16PCC_16.tif,patches/S2_24-8-20_16PCC/S2_24-8-20_16PCC_16_cl.tif,patches/S2_24-8-20_16PCC/S2_24-8-20_16PCC_16_conf.tif,746a22ba1b7e8f119970dd92428fc99a91042e8ec1f519ccf7baacc6481d7614
791,24-8-20_16PCC_17,24-8-20_16PCC,2020-08-24,16PCC,M034,train,train,patches/S2_24-8-20_16PCC/S2_24-8-20_16PCC_17.tif,patches/S2_24-8-20_16PCC/S2_24-8-20_16PCC_17_cl.tif,patches/S2_24-8-20_16PCC/S2_24-8-20_16PCC_17_conf.tif,855084bc51a67dac73c1a8d38c99cf1e88dba20460a62889bfdabe6d303bc476
792,24-8-20_16PCC_18,24-8-20_16PCC,2020-08-24,16PCC,M034,train,train,patches/S2_24-8-20_16PCC/S2_24-8-20_16PCC_18.tif,patches/S2_24-8-20_16PCC/S2_24-8-20_16PCC_18_cl.tif,patches/S2_24-8-20_16PCC/S2_24-8-20_16PCC_18_conf.tif,169a45f6423c67bcd130b738969c8ba6330d2a2222da338839e76aaf2572e4ec
793,24-8-20_16PCC_19,24-8-20_16PCC,2020-08-24,16PCC,M034,train,train,patches/S2_24-8-20_16PCC/S2_24-8-20_16PCC_19.tif,patches/S2_24-8-20_16PCC/S2_24-8-20_16PCC_19_cl.tif,patches/S2_24-8-20_16PCC/S2_24-8-20_16PCC_19_conf.tif,ae637c4a81d62124d1aa6dda541807ec4f2c91726b6925d7c6a9c55479690c07
794,24-8-20_16PCC_2,24-8-20_16PCC,2020-08-24,16PCC,M034,train,train,patches/S2_24-8-20_16PCC/S2_24-8-20_16PCC_2.tif,patches/S2_24-8-20_16PCC/S2_24-8-20_16PCC_2_cl.tif,patches/S2_24-8-20_16PCC/S2_24-8-20_16PCC_2_conf.tif,734e672a50b0c2a5b2b3aae3ce9e67705787cd07252574926df3ec2e167163d6
795,24-8-20_16PCC_20,24-8-20_16PCC,2020-08-24,16PCC,M034,train,train,patches/S2_24-8-20_16PCC/S2_24-8-20_16PCC_20.tif,patches/S2_24-8-20_16PCC/S2_24-8-20_16PCC_20_cl.tif,patches/S2_24-8-20_16PCC/S2_24-8-20_16PCC_20_conf.tif,5554119b0c3f2f333b2d721df8fb42f2b4ff95165b58c29494c8195ab7ef023e
796,24-8-20_16PCC_21,24-8-20_16PCC,2020-08-24,16PCC,M034,train,train,patches/S2_24-8-20_16PCC/S2_24-8-20_16PCC_21.tif,patches/S2_24-8-20_16PCC/S2_24-8-20_16PCC_21_cl.tif,patches/S2_24-8-20_16PCC/S2_24-8-20_16PCC_21_conf.tif,38d878e50ac14654730fa8a7ec036a50f0c285a4c45d82c221d559a008f1d672
797,24-8-20_16PCC_22,24-8-20_16PCC,2020-08-24,16PCC,M034,train,train,patches/S2_24-8-20_16PCC/S2_24-8-20_16PCC_22.tif,patches/S2_24-8-20_16PCC/S2_24-8-20_16PCC_22_cl.tif,patches/S2_24-8-20_16PCC/S2_24-8-20_16PCC_22_conf.tif,247be2819a13019110224ddcec319146e15a062b27a0ebd20fdb1df0cce300d0
798,24-8-20_16PCC_23,24-8-20_16PCC,2020-08-24,16PCC,M034,train,train,patches/S2_24-8-20_16PCC/S2_24-8-20_16PCC_23.tif,patches/S2_24-8-20_16PCC/S2_24-8-20_16PCC_23_cl.tif,patches/S2_24-8-20_16PCC/S2_24-8-20_16PCC_23_conf.tif,ceea1e8a1724f528ad107579fbf4edc7b48ed08b592a43cc1638abfb9bf923b2
799,24-8-20_16PCC_24,24-8-20_16PCC,2020-08-24,16PCC,M034,train,train,patches/S2_24-8-20_16PCC/S2_24-8-20_16PCC_24.tif,patches/S2_24-8-20_16PCC/S2_24-8-20_16PCC_24_cl.tif,patches/S2_24-8-20_16PCC/S2_24-8-20_16PCC_24_conf.tif,6ee4a7862165b0f4ea75dcb7b82b203fbfd1c6715d894dace3018f4b8e7c0425
800,24-8-20_16PCC_25,24-8-20_16PCC,2020-08-24,16PCC,M034,train,train,patches/S2_24-8-20_16PCC/S2_24-8-20_16PCC_25.tif,patches/S2_24-8-20_16PCC/S2_24-8-20_16PCC_25_cl.tif,patches/S2_24-8-20_16PCC/S2_24-8-20_16PCC_25_conf.tif,8d5b0d80e4dd253ada28e398af28a8991ded2491d5c0160e465a3247443c5795
801,24-8-20_16PCC_26,24-8-20_16PCC,2020-08-24,16PCC,M034,train,train,patches/S2_24-8-20_16PCC/S2_24-8-20_16PCC_26.tif,patches/S2_24-8-20_16PCC/S2_24-8-20_16PCC_26_cl.tif,patches/S2_24-8-20_16PCC/S2_24-8-20_16PCC_26_conf.tif,f1717b3491f78fce53cd6fff153ca3b6b7b4de05924fb6fa5d55dbf9df0fcd7f
802,24-8-20_16PCC_27,24-8-20_16PCC,2020-08-24,16PCC,M034,train,train,patches/S2_24-8-20_16PCC/S2_24-8-20_16PCC_27.tif,patches/S2_24-8-20_16PCC/S2_24-8-20_16PCC_27_cl.tif,patches/S2_24-8-20_16PCC/S2_24-8-20_16PCC_27_conf.tif,3a3789ab4f962b0ffea6ffcfb640f1005094ea99e27836bde580c5d250a392e7
803,24-8-20_16PCC_28,24-8-20_16PCC,2020-08-24,16PCC,M034,train,train,patches/S2_24-8-20_16PCC/S2_24-8-20_16PCC_28.tif,patches/S2_24-8-20_16PCC/S2_24-8-20_16PCC_28_cl.tif,patches/S2_24-8-20_16PCC/S2_24-8-20_16PCC_28_conf.tif,3ddc35ce17c17071d8c0bfec63d5a367dddb584e57e2121779d7122cb810631d
804,24-8-20_16PCC_3,24-8-20_16PCC,2020-08-24,16PCC,M034,train,train,patches/S2_24-8-20_16PCC/S2_24-8-20_16PCC_3.tif,patches/S2_24-8-20_16PCC/S2_24-8-20_16PCC_3_cl.tif,patches/S2_24-8-20_16PCC/S2_24-8-20_16PCC_3_conf.tif,6f3015589cccd272b743982cb316fa3f5cb068dc5c058bb5edb687e828dcbc0d
805,24-8-20_16PCC_4,24-8-20_16PCC,2020-08-24,16PCC,M034,train,train,patches/S2_24-8-20_16PCC/S2_24-8-20_16PCC_4.tif,patches/S2_24-8-20_16PCC/S2_24-8-20_16PCC_4_cl.tif,patches/S2_24-8-20_16PCC/S2_24-8-20_16PCC_4_conf.tif,5c4b8fa03e579cd1db00acc8a97f3646498c736f6995f47a144dde2a2c9b6cd4
806,24-8-20_16PCC_5,24-8-20_16PCC,2020-08-24,16PCC,M034,train,train,patches/S2_24-8-20_16PCC/S2_24-8-20_16PCC_5.tif,patches/S2_24-8-20_16PCC/S2_24-8-20_16PCC_5_cl.tif,patches/S2_24-8-20_16PCC/S2_24-8-20_16PCC_5_conf.tif,a0195e0357152f5d4eca90924ea4e5a71be2005ed25742c2e17d4d04096641ed
807,24-8-20_16PCC_6,24-8-20_16PCC,2020-08-24,16PCC,M034,train,train,patches/S2_24-8-20_16PCC/S2_24-8-20_16PCC_6.tif,patches/S2_24-8-20_16PCC/S2_24-8-20_16PCC_6_cl.tif,patches/S2_24-8-20_16PCC/S2_24-8-20_16PCC_6_conf.tif,2f0aa2575b67aa57f2ea36c42010e8f0f819b0e8d3a0b869b90b2336eed35527
808,24-8-20_16PCC_7,24-8-20_16PCC,2020-08-24,16PCC,M034,train,train,patches/S2_24-8-20_16PCC/S2_24-8-20_16PCC_7.tif,patches/S2_24-8-20_16PCC/S2_24-8-20_16PCC_7_cl.tif,patches/S2_24-8-20_16PCC/S2_24-8-20_16PCC_7_conf.tif,086ee9e51b389c0373bf099389e22afe26a01d816d5c3ee8e48bc79892452a90
809,24-8-20_16PCC_8,24-8-20_16PCC,2020-08-24,16PCC,M034,train,train,patches/S2_24-8-20_16PCC/S2_24-8-20_16PCC_8.tif,patches/S2_24-8-20_16PCC/S2_24-8-20_16PCC_8_cl.tif,patches/S2_24-8-20_16PCC/S2_24-8-20_16PCC_8_conf.tif,f608ce6b6fa04dfe63cf54cc431ae38cc0938526b3ab0277503faadd7d87c87e
810,24-8-20_16PCC_9,24-8-20_16PCC,2020-08-24,16PCC,M034,train,train,patches/S2_24-8-20_16PCC/S2_24-8-20_16PCC_9.tif,patches/S2_24-8-20_16PCC/S2_24-8-20_16PCC_9_cl.tif,patches/S2_24-8-20_16PCC/S2_24-8-20_16PCC_9_conf.tif,58481a854a3e4ea5d3c47b5916c6dcc236940cabc8324f995d146e39fd77f082
811,25-5-19_48MXU_0,25-5-19_48MXU,2019-05-25,48MXU,M035,train,train,patches/S2_25-5-19_48MXU/S2_25-5-19_48MXU_0.tif,patches/S2_25-5-19_48MXU/S2_25-5-19_48MXU_0_cl.tif,patches/S2_25-5-19_48MXU/S2_25-5-19_48MXU_0_conf.tif,3a293fe4b56e415d22acaf424ea882bcedbd99c364e9b8927f0baef659552528
812,25-5-19_48MXU_1,25-5-19_48MXU,2019-05-25,48MXU,M035,train,train,patches/S2_25-5-19_48MXU/S2_25-5-19_48MXU_1.tif,patches/S2_25-5-19_48MXU/S2_25-5-19_48MXU_1_cl.tif,patches/S2_25-5-19_48MXU/S2_25-5-19_48MXU_1_conf.tif,c5316c33fff03262416c53914e28d188bcf38f655a1d557455935e11838fcffd
813,25-5-19_48MXU_2,25-5-19_48MXU,2019-05-25,48MXU,M035,train,train,patches/S2_25-5-19_48MXU/S2_25-5-19_48MXU_2.tif,patches/S2_25-5-19_48MXU/S2_25-5-19_48MXU_2_cl.tif,patches/S2_25-5-19_48MXU/S2_25-5-19_48MXU_2_conf.tif,558fd60fd9075eb7e89cf414e6e8d9e89ce432d28676ce5c8e5d8b436984364e
814,25-5-19_48MXU_3,25-5-19_48MXU,2019-05-25,48MXU,M035,train,train,patches/S2_25-5-19_48MXU/S2_25-5-19_48MXU_3.tif,patches/S2_25-5-19_48MXU/S2_25-5-19_48MXU_3_cl.tif,patches/S2_25-5-19_48MXU/S2_25-5-19_48MXU_3_conf.tif,d5871119fac106e5fecd12bdefe90df9f7ef0c6cc8ee7a470bd336c8ab12059d
815,25-5-19_48MXU_4,25-5-19_48MXU,2019-05-25,48MXU,M035,train,train,patches/S2_25-5-19_48MXU/S2_25-5-19_48MXU_4.tif,patches/S2_25-5-19_48MXU/S2_25-5-19_48MXU_4_cl.tif,patches/S2_25-5-19_48MXU/S2_25-5-19_48MXU_4_conf.tif,e5fe26b4b70930064ec431cc7250209b151fcd95760fb3d7614b25740575b3cb
816,26-2-18_16PCC_0,26-2-18_16PCC,2018-02-26,16PCC,M036,train,train,patches/S2_26-2-18_16PCC/S2_26-2-18_16PCC_0.tif,patches/S2_26-2-18_16PCC/S2_26-2-18_16PCC_0_cl.tif,patches/S2_26-2-18_16PCC/S2_26-2-18_16PCC_0_conf.tif,37afbd136c5e3abb5d06d800df79ce9384c838f46dc0f263494c344b0786e775
817,26-2-18_16PCC_1,26-2-18_16PCC,2018-02-26,16PCC,M036,train,train,patches/S2_26-2-18_16PCC/S2_26-2-18_16PCC_1.tif,patches/S2_26-2-18_16PCC/S2_26-2-18_16PCC_1_cl.tif,patches/S2_26-2-18_16PCC/S2_26-2-18_16PCC_1_conf.tif,cf766857677ce6d93a318e7a7f4eba13027b141bfd0be044abfbd5a76446b7a5
818,26-2-18_16PCC_10,26-2-18_16PCC,2018-02-26,16PCC,M036,train,train,patches/S2_26-2-18_16PCC/S2_26-2-18_16PCC_10.tif,patches/S2_26-2-18_16PCC/S2_26-2-18_16PCC_10_cl.tif,patches/S2_26-2-18_16PCC/S2_26-2-18_16PCC_10_conf.tif,1b54ce0226b5f7752dc5eb35d7b76f4ad7dc07c32c74df0134ce9367e331c125
819,26-2-18_16PCC_11,26-2-18_16PCC,2018-02-26,16PCC,M036,train,train,patches/S2_26-2-18_16PCC/S2_26-2-18_16PCC_11.tif,patches/S2_26-2-18_16PCC/S2_26-2-18_16PCC_11_cl.tif,patches/S2_26-2-18_16PCC/S2_26-2-18_16PCC_11_conf.tif,ce372ca09ab991f93f79a6a81f856b866e5c2472569df1e0ff3904df483cff40
820,26-2-18_16PCC_12,26-2-18_16PCC,2018-02-26,16PCC,M036,train,train,patches/S2_26-2-18_16PCC/S2_26-2-18_16PCC_12.tif,patches/S2_26-2-18_16PCC/S2_26-2-18_16PCC_12_cl.tif,patches/S2_26-2-18_16PCC/S2_26-2-18_16PCC_12_conf.tif,429b0cc04c18d5feffc16e07a7f83de930de16cf80d7f74c8cd108cc65e7b38c
821,26-2-18_16PCC_13,26-2-18_16PCC,2018-02-26,16PCC,M036,train,train,patches/S2_26-2-18_16PCC/S2_26-2-18_16PCC_13.tif,patches/S2_26-2-18_16PCC/S2_26-2-18_16PCC_13_cl.tif,patches/S2_26-2-18_16PCC/S2_26-2-18_16PCC_13_conf.tif,8455c3ccc92780c60e2729e228577ac83118f6ce670346dbd28b4c0cd376c838
822,26-2-18_16PCC_14,26-2-18_16PCC,2018-02-26,16PCC,M036,train,train,patches/S2_26-2-18_16PCC/S2_26-2-18_16PCC_14.tif,patches/S2_26-2-18_16PCC/S2_26-2-18_16PCC_14_cl.tif,patches/S2_26-2-18_16PCC/S2_26-2-18_16PCC_14_conf.tif,66b765ee8707e6a40487a3d8af00765186d8d922bf1d7e581c0cd26a95967682
823,26-2-18_16PCC_15,26-2-18_16PCC,2018-02-26,16PCC,M036,train,train,patches/S2_26-2-18_16PCC/S2_26-2-18_16PCC_15.tif,patches/S2_26-2-18_16PCC/S2_26-2-18_16PCC_15_cl.tif,patches/S2_26-2-18_16PCC/S2_26-2-18_16PCC_15_conf.tif,94cc6df76cba61df01a0cac6b23734191263779d9e79ac0a4209b07c71593c9f
824,26-2-18_16PCC_16,26-2-18_16PCC,2018-02-26,16PCC,M036,train,train,patches/S2_26-2-18_16PCC/S2_26-2-18_16PCC_16.tif,patches/S2_26-2-18_16PCC/S2_26-2-18_16PCC_16_cl.tif,patches/S2_26-2-18_16PCC/S2_26-2-18_16PCC_16_conf.tif,26656a6e9f0443f91ada6e68191d42a5428ea17caf79dc379754846406fecee3
825,26-2-18_16PCC_17,26-2-18_16PCC,2018-02-26,16PCC,M036,train,train,patches/S2_26-2-18_16PCC/S2_26-2-18_16PCC_17.tif,patches/S2_26-2-18_16PCC/S2_26-2-18_16PCC_17_cl.tif,patches/S2_26-2-18_16PCC/S2_26-2-18_16PCC_17_conf.tif,302bed52510d9262a5cbd2694830dddfd53265e086ff3034d4c22fda9b71b2b2
826,26-2-18_16PCC_18,26-2-18_16PCC,2018-02-26,16PCC,M036,train,train,patches/S2_26-2-18_16PCC/S2_26-2-18_16PCC_18.tif,patches/S2_26-2-18_16PCC/S2_26-2-18_16PCC_18_cl.tif,patches/S2_26-2-18_16PCC/S2_26-2-18_16PCC_18_conf.tif,099e30113f425b176f4c4f1514829cb6616c6e0ee75fe609a02aa448528b6d13
827,26-2-18_16PCC_19,26-2-18_16PCC,2018-02-26,16PCC,M036,train,train,patches/S2_26-2-18_16PCC/S2_26-2-18_16PCC_19.tif,patches/S2_26-2-18_16PCC/S2_26-2-18_16PCC_19_cl.tif,patches/S2_26-2-18_16PCC/S2_26-2-18_16PCC_19_conf.tif,1eaaa7faede570ef5adab87569342927b5b5edfe309bf65f125814128fa8e1cc
828,26-2-18_16PCC_2,26-2-18_16PCC,2018-02-26,16PCC,M036,train,train,patches/S2_26-2-18_16PCC/S2_26-2-18_16PCC_2.tif,patches/S2_26-2-18_16PCC/S2_26-2-18_16PCC_2_cl.tif,patches/S2_26-2-18_16PCC/S2_26-2-18_16PCC_2_conf.tif,23df9ca9dd12e9a586c84c191cebfbb5bcbb8cca80efaacc49720f05270858c0
829,26-2-18_16PCC_20,26-2-18_16PCC,2018-02-26,16PCC,M036,train,train,patches/S2_26-2-18_16PCC/S2_26-2-18_16PCC_20.tif,patches/S2_26-2-18_16PCC/S2_26-2-18_16PCC_20_cl.tif,patches/S2_26-2-18_16PCC/S2_26-2-18_16PCC_20_conf.tif,a7936757e1ec41c99effac7d5b2c6bcf89a8b33d1da9d2a9c49a7b0cdcdf2f4e
830,26-2-18_16PCC_21,26-2-18_16PCC,2018-02-26,16PCC,M036,train,train,patches/S2_26-2-18_16PCC/S2_26-2-18_16PCC_21.tif,patches/S2_26-2-18_16PCC/S2_26-2-18_16PCC_21_cl.tif,patches/S2_26-2-18_16PCC/S2_26-2-18_16PCC_21_conf.tif,da83c22f0baa5ca02e9a42b6d4af5cb00685b5f3f4af5d0ff29f14acbe460407
831,26-2-18_16PCC_22,26-2-18_16PCC,2018-02-26,16PCC,M036,train,train,patches/S2_26-2-18_16PCC/S2_26-2-18_16PCC_22.tif,patches/S2_26-2-18_16PCC/S2_26-2-18_16PCC_22_cl.tif,patches/S2_26-2-18_16PCC/S2_26-2-18_16PCC_22_conf.tif,a519c98db20e0cec7adddcf810779aca0afe1134c005d23d335f2f038b95251d
832,26-2-18_16PCC_23,26-2-18_16PCC,2018-02-26,16PCC,M036,train,train,patches/S2_26-2-18_16PCC/S2_26-2-18_16PCC_23.tif,patches/S2_26-2-18_16PCC/S2_26-2-18_16PCC_23_cl.tif,patches/S2_26-2-18_16PCC/S2_26-2-18_16PCC_23_conf.tif,b7b7ee59c9871845e7b5003b75d293b8a6c106f5617b2b71b944b16ead1c75ff
833,26-2-18_16PCC_3,26-2-18_16PCC,2018-02-26,16PCC,M036,train,train,patches/S2_26-2-18_16PCC/S2_26-2-18_16PCC_3.tif,patches/S2_26-2-18_16PCC/S2_26-2-18_16PCC_3_cl.tif,patches/S2_26-2-18_16PCC/S2_26-2-18_16PCC_3_conf.tif,8cfa0d92b5b47653ad96200a9495b4bfd44c6130d28a74f2fd9911868919c9d1
834,26-2-18_16PCC_4,26-2-18_16PCC,2018-02-26,16PCC,M036,train,train,patches/S2_26-2-18_16PCC/S2_26-2-18_16PCC_4.tif,patches/S2_26-2-18_16PCC/S2_26-2-18_16PCC_4_cl.tif,patches/S2_26-2-18_16PCC/S2_26-2-18_16PCC_4_conf.tif,baf1c7ff1d630ab370e4f2782cd3115c37be8bf9ba9626c5e972e31fb7085663
835,26-2-18_16PCC_5,26-2-18_16PCC,2018-02-26,16PCC,M036,train,train,patches/S2_26-2-18_16PCC/S2_26-2-18_16PCC_5.tif,patches/S2_26-2-18_16PCC/S2_26-2-18_16PCC_5_cl.tif,patches/S2_26-2-18_16PCC/S2_26-2-18_16PCC_5_conf.tif,519e42325662f9d09711f84deafa3e86fb9f7dc0ad8b557521c5459f34929769
836,26-2-18_16PCC_6,26-2-18_16PCC,2018-02-26,16PCC,M036,train,train,patches/S2_26-2-18_16PCC/S2_26-2-18_16PCC_6.tif,patches/S2_26-2-18_16PCC/S2_26-2-18_16PCC_6_cl.tif,patches/S2_26-2-18_16PCC/S2_26-2-18_16PCC_6_conf.tif,5ba5c47c45bd4715c8139803686d31b5eafe53df2ec4b07409fd1e6b44cacbde
837,26-2-18_16PCC_7,26-2-18_16PCC,2018-02-26,16PCC,M036,train,train,patches/S2_26-2-18_16PCC/S2_26-2-18_16PCC_7.tif,patches/S2_26-2-18_16PCC/S2_26-2-18_16PCC_7_cl.tif,patches/S2_26-2-18_16PCC/S2_26-2-18_16PCC_7_conf.tif,a20e56b6aeabd9ab7502cf45ac00d6d85bceafb84d8a7e2a3ddb09528dd887c0
838,26-2-18_16PCC_8,26-2-18_16PCC,2018-02-26,16PCC,M036,train,train,patches/S2_26-2-18_16PCC/S2_26-2-18_16PCC_8.tif,patches/S2_26-2-18_16PCC/S2_26-2-18_16PCC_8_cl.tif,patches/S2_26-2-18_16PCC/S2_26-2-18_16PCC_8_conf.tif,27d2ddfd4d82ed954f773e3e13c336689349145a29b4e3b02d8d544fa6d3600a
839,26-2-18_16PCC_9,26-2-18_16PCC,2018-02-26,16PCC,M036,train,train,patches/S2_26-2-18_16PCC/S2_26-2-18_16PCC_9.tif,patches/S2_26-2-18_16PCC/S2_26-2-18_16PCC_9_cl.tif,patches/S2_26-2-18_16PCC/S2_26-2-18_16PCC_9_conf.tif,6954835382cc8c7f6e74417ff13992c58f6e16eac9640f8d1aaedb706d3763a1
840,27-1-19_16PCC_0,27-1-19_16PCC,2019-01-27,16PCC,M037,test,test,patches/S2_27-1-19_16PCC/S2_27-1-19_16PCC_0.tif,patches/S2_27-1-19_16PCC/S2_27-1-19_16PCC_0_cl.tif,patches/S2_27-1-19_16PCC/S2_27-1-19_16PCC_0_conf.tif,0d8ee1be8e8ac32120352abd6656504dfe168611be9099c618483d540b6c7a97
841,27-1-19_16PCC_1,27-1-19_16PCC,2019-01-27,16PCC,M037,test,test,patches/S2_27-1-19_16PCC/S2_27-1-19_16PCC_1.tif,patches/S2_27-1-19_16PCC/S2_27-1-19_16PCC_1_cl.tif,patches/S2_27-1-19_16PCC/S2_27-1-19_16PCC_1_conf.tif,54663dd14ee7a5d530c07869d5e63d8c8b6b2f6aac169eb19187019a32c51463
842,27-1-19_16PCC_10,27-1-19_16PCC,2019-01-27,16PCC,M037,test,test,patches/S2_27-1-19_16PCC/S2_27-1-19_16PCC_10.tif,patches/S2_27-1-19_16PCC/S2_27-1-19_16PCC_10_cl.tif,patches/S2_27-1-19_16PCC/S2_27-1-19_16PCC_10_conf.tif,ab3a3143881213af1c93e34daf83d826ae878a700d8c3fa5e36873aac9528e0f
843,27-1-19_16PCC_11,27-1-19_16PCC,2019-01-27,16PCC,M037,test,test,patches/S2_27-1-19_16PCC/S2_27-1-19_16PCC_11.tif,patches/S2_27-1-19_16PCC/S2_27-1-19_16PCC_11_cl.tif,patches/S2_27-1-19_16PCC/S2_27-1-19_16PCC_11_conf.tif,4313db0958d68f9291a024c881b1547c8362d4ba415ca3c306d752cf6b66ce01
844,27-1-19_16PCC_12,27-1-19_16PCC,2019-01-27,16PCC,M037,test,test,patches/S2_27-1-19_16PCC/S2_27-1-19_16PCC_12.tif,patches/S2_27-1-19_16PCC/S2_27-1-19_16PCC_12_cl.tif,patches/S2_27-1-19_16PCC/S2_27-1-19_16PCC_12_conf.tif,95f27d865a201caf9d39faeda59dc33d8f1deb144b5ffd0432a1ad110e48f305
845,27-1-19_16PCC_13,27-1-19_16PCC,2019-01-27,16PCC,M037,test,test,patches/S2_27-1-19_16PCC/S2_27-1-19_16PCC_13.tif,patches/S2_27-1-19_16PCC/S2_27-1-19_16PCC_13_cl.tif,patches/S2_27-1-19_16PCC/S2_27-1-19_16PCC_13_conf.tif,53135398c70fca670ac637f7ed39c298cd866adf4d1a2686c41a3e1434bf5109
846,27-1-19_16PCC_14,27-1-19_16PCC,2019-01-27,16PCC,M037,test,test,patches/S2_27-1-19_16PCC/S2_27-1-19_16PCC_14.tif,patches/S2_27-1-19_16PCC/S2_27-1-19_16PCC_14_cl.tif,patches/S2_27-1-19_16PCC/S2_27-1-19_16PCC_14_conf.tif,cc7135d7d3ebcd1632a88e1da23eae1262cd6dabfb3d7bf6ea3a096eb00a628e
847,27-1-19_16PCC_15,27-1-19_16PCC,2019-01-27,16PCC,M037,test,test,patches/S2_27-1-19_16PCC/S2_27-1-19_16PCC_15.tif,patches/S2_27-1-19_16PCC/S2_27-1-19_16PCC_15_cl.tif,patches/S2_27-1-19_16PCC/S2_27-1-19_16PCC_15_conf.tif,9a62200d4fe0b95bf9667e0e113dbc6aff2b821aadc4f8d6b4fd641da3baabff
848,27-1-19_16PCC_16,27-1-19_16PCC,2019-01-27,16PCC,M037,test,test,patches/S2_27-1-19_16PCC/S2_27-1-19_16PCC_16.tif,patches/S2_27-1-19_16PCC/S2_27-1-19_16PCC_16_cl.tif,patches/S2_27-1-19_16PCC/S2_27-1-19_16PCC_16_conf.tif,70df4221e7d63c9f86b6264df0991683fd5760a7c5677fee640f678c1cde51ab
849,27-1-19_16PCC_17,27-1-19_16PCC,2019-01-27,16PCC,M037,test,test,patches/S2_27-1-19_16PCC/S2_27-1-19_16PCC_17.tif,patches/S2_27-1-19_16PCC/S2_27-1-19_16PCC_17_cl.tif,patches/S2_27-1-19_16PCC/S2_27-1-19_16PCC_17_conf.tif,37c76c90592fa295d892c9dfe008525517f29ff49c48e47795b93a21f1fcf97c
850,27-1-19_16PCC_18,27-1-19_16PCC,2019-01-27,16PCC,M037,test,test,patches/S2_27-1-19_16PCC/S2_27-1-19_16PCC_18.tif,patches/S2_27-1-19_16PCC/S2_27-1-19_16PCC_18_cl.tif,patches/S2_27-1-19_16PCC/S2_27-1-19_16PCC_18_conf.tif,e11837fde12536131ac6c0e71b4037a03493bab443ba2913bcba84d57f11754a
851,27-1-19_16PCC_19,27-1-19_16PCC,2019-01-27,16PCC,M037,test,test,patches/S2_27-1-19_16PCC/S2_27-1-19_16PCC_19.tif,patches/S2_27-1-19_16PCC/S2_27-1-19_16PCC_19_cl.tif,patches/S2_27-1-19_16PCC/S2_27-1-19_16PCC_19_conf.tif,8eadea01e287c3245def282d946dae80596a292d3fca892232013234d13a2a87
852,27-1-19_16PCC_2,27-1-19_16PCC,2019-01-27,16PCC,M037,test,test,patches/S2_27-1-19_16PCC/S2_27-1-19_16PCC_2.tif,patches/S2_27-1-19_16PCC/S2_27-1-19_16PCC_2_cl.tif,patches/S2_27-1-19_16PCC/S2_27-1-19_16PCC_2_conf.tif,3b8ab40023b4b2ed977b604a4b94c3dfd5e63639554bb14f53893bd094271789
853,27-1-19_16PCC_20,27-1-19_16PCC,2019-01-27,16PCC,M037,test,test,patches/S2_27-1-19_16PCC/S2_27-1-19_16PCC_20.tif,patches/S2_27-1-19_16PCC/S2_27-1-19_16PCC_20_cl.tif,patches/S2_27-1-19_16PCC/S2_27-1-19_16PCC_20_conf.tif,493145f4e31386e2b3be84a2e2f1c8eb39238d12ec48f0c63109efe7de6b91f4
854,27-1-19_16PCC_21,27-1-19_16PCC,2019-01-27,16PCC,M037,test,test,patches/S2_27-1-19_16PCC/S2_27-1-19_16PCC_21.tif,patches/S2_27-1-19_16PCC/S2_27-1-19_16PCC_21_cl.tif,patches/S2_27-1-19_16PCC/S2_27-1-19_16PCC_21_conf.tif,6ff92ea97296a3b103d2b4fecbeed8ca09e82b5cae463d9e61809a58312d18ae
855,27-1-19_16PCC_22,27-1-19_16PCC,2019-01-27,16PCC,M037,test,test,patches/S2_27-1-19_16PCC/S2_27-1-19_16PCC_22.tif,patches/S2_27-1-19_16PCC/S2_27-1-19_16PCC_22_cl.tif,patches/S2_27-1-19_16PCC/S2_27-1-19_16PCC_22_conf.tif,0a958772c20e43a28adb9caa0985095b85f2287c153edf95fdecb0dd12ad4e3b
856,27-1-19_16PCC_23,27-1-19_16PCC,2019-01-27,16PCC,M037,test,test,patches/S2_27-1-19_16PCC/S2_27-1-19_16PCC_23.tif,patches/S2_27-1-19_16PCC/S2_27-1-19_16PCC_23_cl.tif,patches/S2_27-1-19_16PCC/S2_27-1-19_16PCC_23_conf.tif,c4bb6eaf61422bfc9a250535ce128c70bc3483dab9ab7d28829ffe0f4ada4b67
857,27-1-19_16PCC_24,27-1-19_16PCC,2019-01-27,16PCC,M037,test,test,patches/S2_27-1-19_16PCC/S2_27-1-19_16PCC_24.tif,patches/S2_27-1-19_16PCC/S2_27-1-19_16PCC_24_cl.tif,patches/S2_27-1-19_16PCC/S2_27-1-19_16PCC_24_conf.tif,e8a5dac8302a8760ffa045f5ee52ba202acfb31728408104f6a56a5d16366f9d
858,27-1-19_16PCC_25,27-1-19_16PCC,2019-01-27,16PCC,M037,test,test,patches/S2_27-1-19_16PCC/S2_27-1-19_16PCC_25.tif,patches/S2_27-1-19_16PCC/S2_27-1-19_16PCC_25_cl.tif,patches/S2_27-1-19_16PCC/S2_27-1-19_16PCC_25_conf.tif,0a20684acfd2fb04a78577e0b13b89fc4d08535ae77eecc0cc797df3e8c12543
859,27-1-19_16PCC_26,27-1-19_16PCC,2019-01-27,16PCC,M037,test,test,patches/S2_27-1-19_16PCC/S2_27-1-19_16PCC_26.tif,patches/S2_27-1-19_16PCC/S2_27-1-19_16PCC_26_cl.tif,patches/S2_27-1-19_16PCC/S2_27-1-19_16PCC_26_conf.tif,ce200a52dee6043d8b822e435a3f750376e565673c47a985edd471129599e125
860,27-1-19_16PCC_27,27-1-19_16PCC,2019-01-27,16PCC,M037,test,test,patches/S2_27-1-19_16PCC/S2_27-1-19_16PCC_27.tif,patches/S2_27-1-19_16PCC/S2_27-1-19_16PCC_27_cl.tif,patches/S2_27-1-19_16PCC/S2_27-1-19_16PCC_27_conf.tif,d71d9a7f1a7010f5d32300af00d349c440f835756091ca00e46a0c516646be4b
861,27-1-19_16PCC_28,27-1-19_16PCC,2019-01-27,16PCC,M037,test,test,patches/S2_27-1-19_16PCC/S2_27-1-19_16PCC_28.tif,patches/S2_27-1-19_16PCC/S2_27-1-19_16PCC_28_cl.tif,patches/S2_27-1-19_16PCC/S2_27-1-19_16PCC_28_conf.tif,2b46e12d0fcf6becc2f104f12710bed5b0d07fd03254a64a7d8b5d79ab12990b
862,27-1-19_16PCC_29,27-1-19_16PCC,2019-01-27,16PCC,M037,test,test,patches/S2_27-1-19_16PCC/S2_27-1-19_16PCC_29.tif,patches/S2_27-1-19_16PCC/S2_27-1-19_16PCC_29_cl.tif,patches/S2_27-1-19_16PCC/S2_27-1-19_16PCC_29_conf.tif,6ab4deb2efd719abbf23e5898e5f259c8a9dbd3e985ee4f6227fcb0991d75de3
863,27-1-19_16PCC_3,27-1-19_16PCC,2019-01-27,16PCC,M037,test,test,patches/S2_27-1-19_16PCC/S2_27-1-19_16PCC_3.tif,patches/S2_27-1-19_16PCC/S2_27-1-19_16PCC_3_cl.tif,patches/S2_27-1-19_16PCC/S2_27-1-19_16PCC_3_conf.tif,10e774a2b515351ba973f696bc86cd5b346174c84ff90b66c2645d111e9106ca
864,27-1-19_16PCC_30,27-1-19_16PCC,2019-01-27,16PCC,M037,test,test,patches/S2_27-1-19_16PCC/S2_27-1-19_16PCC_30.tif,patches/S2_27-1-19_16PCC/S2_27-1-19_16PCC_30_cl.tif,patches/S2_27-1-19_16PCC/S2_27-1-19_16PCC_30_conf.tif,63f86e83e470a9cb9f03d8961d5cf1a3518155b0ad662f360421a7d2cfcbf8eb
865,27-1-19_16PCC_4,27-1-19_16PCC,2019-01-27,16PCC,M037,test,test,patches/S2_27-1-19_16PCC/S2_27-1-19_16PCC_4.tif,patches/S2_27-1-19_16PCC/S2_27-1-19_16PCC_4_cl.tif,patches/S2_27-1-19_16PCC/S2_27-1-19_16PCC_4_conf.tif,7f44bd3b14cfd966bf70821c63de3e521fc3e58171673577d56ef73c2967b86b
866,27-1-19_16PCC_5,27-1-19_16PCC,2019-01-27,16PCC,M037,test,test,patches/S2_27-1-19_16PCC/S2_27-1-19_16PCC_5.tif,patches/S2_27-1-19_16PCC/S2_27-1-19_16PCC_5_cl.tif,patches/S2_27-1-19_16PCC/S2_27-1-19_16PCC_5_conf.tif,90974b7d5a62a835ab96adef982173c1fa14fad4b06a865c96353cb894dfeb60
867,27-1-19_16PCC_6,27-1-19_16PCC,2019-01-27,16PCC,M037,test,test,patches/S2_27-1-19_16PCC/S2_27-1-19_16PCC_6.tif,patches/S2_27-1-19_16PCC/S2_27-1-19_16PCC_6_cl.tif,patches/S2_27-1-19_16PCC/S2_27-1-19_16PCC_6_conf.tif,ca3a7bc0a40e3b85cad52ca10de2c23088a1bf94346d29e462e4586748e4fdfc
868,27-1-19_16PCC_7,27-1-19_16PCC,2019-01-27,16PCC,M037,test,test,patches/S2_27-1-19_16PCC/S2_27-1-19_16PCC_7.tif,patches/S2_27-1-19_16PCC/S2_27-1-19_16PCC_7_cl.tif,patches/S2_27-1-19_16PCC/S2_27-1-19_16PCC_7_conf.tif,2261de0f0e874d1908c89b06952cb7f020bd5ddf4779d1d5238b508a63c5fbe1
869,27-1-19_16PCC_8,27-1-19_16PCC,2019-01-27,16PCC,M037,test,test,patches/S2_27-1-19_16PCC/S2_27-1-19_16PCC_8.tif,patches/S2_27-1-19_16PCC/S2_27-1-19_16PCC_8_cl.tif,patches/S2_27-1-19_16PCC/S2_27-1-19_16PCC_8_conf.tif,43c451d30963ca3c1a6e3f75e3775ad9c1979ab75ac4632d55be9ef808ef907a
870,27-1-19_16PCC_9,27-1-19_16PCC,2019-01-27,16PCC,M037,test,test,patches/S2_27-1-19_16PCC/S2_27-1-19_16PCC_9.tif,patches/S2_27-1-19_16PCC/S2_27-1-19_16PCC_9_cl.tif,patches/S2_27-1-19_16PCC/S2_27-1-19_16PCC_9_conf.tif,5fdd51b70d490e4727f2f3f7103e6d7fd98b4757d59ec1f34cc2703d0948af2e
871,27-1-19_16QED_0,27-1-19_16QED,2019-01-27,16QED,M038,test,test,patches/S2_27-1-19_16QED/S2_27-1-19_16QED_0.tif,patches/S2_27-1-19_16QED/S2_27-1-19_16QED_0_cl.tif,patches/S2_27-1-19_16QED/S2_27-1-19_16QED_0_conf.tif,c34fb28a614ee0d8fcfa8350f56fcb6616f7507d0621c29ae88c73e4c8614846
872,27-1-19_16QED_1,27-1-19_16QED,2019-01-27,16QED,M038,test,test,patches/S2_27-1-19_16QED/S2_27-1-19_16QED_1.tif,patches/S2_27-1-19_16QED/S2_27-1-19_16QED_1_cl.tif,patches/S2_27-1-19_16QED/S2_27-1-19_16QED_1_conf.tif,a49c4fb9950a8a93b89ed609ac4d46a4c72ccf93de09da17f56647899c5d4bb7
873,27-1-19_16QED_10,27-1-19_16QED,2019-01-27,16QED,M038,test,test,patches/S2_27-1-19_16QED/S2_27-1-19_16QED_10.tif,patches/S2_27-1-19_16QED/S2_27-1-19_16QED_10_cl.tif,patches/S2_27-1-19_16QED/S2_27-1-19_16QED_10_conf.tif,b88f9a02166112528fbfeb3af4108e2d0bd43e8e7a3b9e88b272ff0366d75e45
874,27-1-19_16QED_11,27-1-19_16QED,2019-01-27,16QED,M038,test,test,patches/S2_27-1-19_16QED/S2_27-1-19_16QED_11.tif,patches/S2_27-1-19_16QED/S2_27-1-19_16QED_11_cl.tif,patches/S2_27-1-19_16QED/S2_27-1-19_16QED_11_conf.tif,7a76f6deadc9d2f3e81224be5e7b59dcced99ec6b324ed940a80fbced4a5d8ce
875,27-1-19_16QED_12,27-1-19_16QED,2019-01-27,16QED,M038,test,test,patches/S2_27-1-19_16QED/S2_27-1-19_16QED_12.tif,patches/S2_27-1-19_16QED/S2_27-1-19_16QED_12_cl.tif,patches/S2_27-1-19_16QED/S2_27-1-19_16QED_12_conf.tif,e039cf7fedcd48036d3e7078f5d534c8794dc4648102021f199e4347cc47b752
876,27-1-19_16QED_13,27-1-19_16QED,2019-01-27,16QED,M038,test,test,patches/S2_27-1-19_16QED/S2_27-1-19_16QED_13.tif,patches/S2_27-1-19_16QED/S2_27-1-19_16QED_13_cl.tif,patches/S2_27-1-19_16QED/S2_27-1-19_16QED_13_conf.tif,b9d285a1f45d28f45e6149c92f9e109d8fb02ab29617daef8c31fa7f90a2abbd
877,27-1-19_16QED_14,27-1-19_16QED,2019-01-27,16QED,M038,test,test,patches/S2_27-1-19_16QED/S2_27-1-19_16QED_14.tif,patches/S2_27-1-19_16QED/S2_27-1-19_16QED_14_cl.tif,patches/S2_27-1-19_16QED/S2_27-1-19_16QED_14_conf.tif,415872cad7555eb04b1b7fbcf4eebd1bb6a760c9f39812c2ff0f0564fe967d4b
878,27-1-19_16QED_15,27-1-19_16QED,2019-01-27,16QED,M038,test,test,patches/S2_27-1-19_16QED/S2_27-1-19_16QED_15.tif,patches/S2_27-1-19_16QED/S2_27-1-19_16QED_15_cl.tif,patches/S2_27-1-19_16QED/S2_27-1-19_16QED_15_conf.tif,73c33d2c0bdbd815cb66510376a08e8e82c74161345e23a16416bbce1410dacc
879,27-1-19_16QED_16,27-1-19_16QED,2019-01-27,16QED,M038,test,test,patches/S2_27-1-19_16QED/S2_27-1-19_16QED_16.tif,patches/S2_27-1-19_16QED/S2_27-1-19_16QED_16_cl.tif,patches/S2_27-1-19_16QED/S2_27-1-19_16QED_16_conf.tif,a4a68214e53db6656a1f2723976e3c09695e5c493542392c4e10f82623f31256
880,27-1-19_16QED_17,27-1-19_16QED,2019-01-27,16QED,M038,test,test,patches/S2_27-1-19_16QED/S2_27-1-19_16QED_17.tif,patches/S2_27-1-19_16QED/S2_27-1-19_16QED_17_cl.tif,patches/S2_27-1-19_16QED/S2_27-1-19_16QED_17_conf.tif,5f53f1aedde4fb7b6e2d178b72139762b5c3622541abcfd58186f88df5970b83
881,27-1-19_16QED_18,27-1-19_16QED,2019-01-27,16QED,M038,test,test,patches/S2_27-1-19_16QED/S2_27-1-19_16QED_18.tif,patches/S2_27-1-19_16QED/S2_27-1-19_16QED_18_cl.tif,patches/S2_27-1-19_16QED/S2_27-1-19_16QED_18_conf.tif,b742d4788e60a6d522f8b726aba62392131de628d2c47210b506493ae03f8dcb
882,27-1-19_16QED_2,27-1-19_16QED,2019-01-27,16QED,M038,test,test,patches/S2_27-1-19_16QED/S2_27-1-19_16QED_2.tif,patches/S2_27-1-19_16QED/S2_27-1-19_16QED_2_cl.tif,patches/S2_27-1-19_16QED/S2_27-1-19_16QED_2_conf.tif,e219a5c28f1efe9bf5591da2e2147bd42b8f0498f82d123ad7071311f066ce81
883,27-1-19_16QED_3,27-1-19_16QED,2019-01-27,16QED,M038,test,test,patches/S2_27-1-19_16QED/S2_27-1-19_16QED_3.tif,patches/S2_27-1-19_16QED/S2_27-1-19_16QED_3_cl.tif,patches/S2_27-1-19_16QED/S2_27-1-19_16QED_3_conf.tif,537c09dc80ad4e360e65b585f23e98c48a74eaae65b7bcd9023ac45ee1bde654
884,27-1-19_16QED_4,27-1-19_16QED,2019-01-27,16QED,M038,test,test,patches/S2_27-1-19_16QED/S2_27-1-19_16QED_4.tif,patches/S2_27-1-19_16QED/S2_27-1-19_16QED_4_cl.tif,patches/S2_27-1-19_16QED/S2_27-1-19_16QED_4_conf.tif,110811ab71bcabd19aa425992b5cb7ef8f38a079e327633c45f0ee5d5b744d23
885,27-1-19_16QED_5,27-1-19_16QED,2019-01-27,16QED,M038,test,test,patches/S2_27-1-19_16QED/S2_27-1-19_16QED_5.tif,patches/S2_27-1-19_16QED/S2_27-1-19_16QED_5_cl.tif,patches/S2_27-1-19_16QED/S2_27-1-19_16QED_5_conf.tif,7089d7deb5b46eb7d1ebf716cdebb91eb30d8a776f2e0e26131a8d2405e9702a
886,27-1-19_16QED_6,27-1-19_16QED,2019-01-27,16QED,M038,test,test,patches/S2_27-1-19_16QED/S2_27-1-19_16QED_6.tif,patches/S2_27-1-19_16QED/S2_27-1-19_16QED_6_cl.tif,patches/S2_27-1-19_16QED/S2_27-1-19_16QED_6_conf.tif,cee74c1f8f9c05b3671cf27b64149e113a30db0e722f6a30871add74aacc09e7
887,27-1-19_16QED_7,27-1-19_16QED,2019-01-27,16QED,M038,test,test,patches/S2_27-1-19_16QED/S2_27-1-19_16QED_7.tif,patches/S2_27-1-19_16QED/S2_27-1-19_16QED_7_cl.tif,patches/S2_27-1-19_16QED/S2_27-1-19_16QED_7_conf.tif,176853bb322c59c635bf7506e97a35f9d6afcb26507e8cb8b817b6011c977b92
888,27-1-19_16QED_8,27-1-19_16QED,2019-01-27,16QED,M038,test,test,patches/S2_27-1-19_16QED/S2_27-1-19_16QED_8.tif,patches/S2_27-1-19_16QED/S2_27-1-19_16QED_8_cl.tif,patches/S2_27-1-19_16QED/S2_27-1-19_16QED_8_conf.tif,a5278e0b088d9f60118a9f953b6b894bb5ebf4f9176ca285d9adb3269db6914b
889,27-1-19_16QED_9,27-1-19_16QED,2019-01-27,16QED,M038,test,test,patches/S2_27-1-19_16QED/S2_27-1-19_16QED_9.tif,patches/S2_27-1-19_16QED/S2_27-1-19_16QED_9_cl.tif,patches/S2_27-1-19_16QED/S2_27-1-19_16QED_9_conf.tif,86f951fcc0ba8dffba1f0ec469cc69fcc3d1d92968136afe16cc915d81f7f6b7
890,28-9-20_16PCC_0,28-9-20_16PCC,2020-09-28,16PCC,M039,test,test,patches/S2_28-9-20_16PCC/S2_28-9-20_16PCC_0.tif,patches/S2_28-9-20_16PCC/S2_28-9-20_16PCC_0_cl.tif,patches/S2_28-9-20_16PCC/S2_28-9-20_16PCC_0_conf.tif,fc86bbefc3ead910c3aa00eb550148517bf88cb58e0877aa74f40c6029448b7d
891,28-9-20_16PCC_1,28-9-20_16PCC,2020-09-28,16PCC,M039,test,test,patches/S2_28-9-20_16PCC/S2_28-9-20_16PCC_1.tif,patches/S2_28-9-20_16PCC/S2_28-9-20_16PCC_1_cl.tif,patches/S2_28-9-20_16PCC/S2_28-9-20_16PCC_1_conf.tif,af55746c8b32512c35d356be338dd3511d93743135fca8c7dd87990c9e9f00d7
892,28-9-20_16PCC_10,28-9-20_16PCC,2020-09-28,16PCC,M039,test,test,patches/S2_28-9-20_16PCC/S2_28-9-20_16PCC_10.tif,patches/S2_28-9-20_16PCC/S2_28-9-20_16PCC_10_cl.tif,patches/S2_28-9-20_16PCC/S2_28-9-20_16PCC_10_conf.tif,e95bdf3c43bb2e47e87ffa0f3564af1a13b3808407b7dff0b28f04f800d0c21f
893,28-9-20_16PCC_11,28-9-20_16PCC,2020-09-28,16PCC,M039,test,test,patches/S2_28-9-20_16PCC/S2_28-9-20_16PCC_11.tif,patches/S2_28-9-20_16PCC/S2_28-9-20_16PCC_11_cl.tif,patches/S2_28-9-20_16PCC/S2_28-9-20_16PCC_11_conf.tif,eff779324485004dc333bff9b3b519e22e128c369378c0ae16b30498bad7f52d
894,28-9-20_16PCC_12,28-9-20_16PCC,2020-09-28,16PCC,M039,test,test,patches/S2_28-9-20_16PCC/S2_28-9-20_16PCC_12.tif,patches/S2_28-9-20_16PCC/S2_28-9-20_16PCC_12_cl.tif,patches/S2_28-9-20_16PCC/S2_28-9-20_16PCC_12_conf.tif,68db931cc19a7e3d19179fe4fc4324f56fc90f7105a309dfd2fc1821d10dd254
895,28-9-20_16PCC_13,28-9-20_16PCC,2020-09-28,16PCC,M039,test,test,patches/S2_28-9-20_16PCC/S2_28-9-20_16PCC_13.tif,patches/S2_28-9-20_16PCC/S2_28-9-20_16PCC_13_cl.tif,patches/S2_28-9-20_16PCC/S2_28-9-20_16PCC_13_conf.tif,5841414562e7a7e8f5b7cd49ae52f57ee8dfc9f4d54e9d41607c645adcb97c9c
896,28-9-20_16PCC_14,28-9-20_16PCC,2020-09-28,16PCC,M039,test,test,patches/S2_28-9-20_16PCC/S2_28-9-20_16PCC_14.tif,patches/S2_28-9-20_16PCC/S2_28-9-20_16PCC_14_cl.tif,patches/S2_28-9-20_16PCC/S2_28-9-20_16PCC_14_conf.tif,27dd85377c2b876327198556efcbea7b4105e271d8960f08b05460bd1e8a00d5
897,28-9-20_16PCC_15,28-9-20_16PCC,2020-09-28,16PCC,M039,test,test,patches/S2_28-9-20_16PCC/S2_28-9-20_16PCC_15.tif,patches/S2_28-9-20_16PCC/S2_28-9-20_16PCC_15_cl.tif,patches/S2_28-9-20_16PCC/S2_28-9-20_16PCC_15_conf.tif,afb20c96e2f05ad1f4f87c993baa5e435a080254bb52b59bbfa22a9183d9dbf3
898,28-9-20_16PCC_2,28-9-20_16PCC,2020-09-28,16PCC,M039,test,test,patches/S2_28-9-20_16PCC/S2_28-9-20_16PCC_2.tif,patches/S2_28-9-20_16PCC/S2_28-9-20_16PCC_2_cl.tif,patches/S2_28-9-20_16PCC/S2_28-9-20_16PCC_2_conf.tif,b519d6bbbc46b985b900c210c5a92c5897358e572ece3603165cd1d437e04115
899,28-9-20_16PCC_3,28-9-20_16PCC,2020-09-28,16PCC,M039,test,test,patches/S2_28-9-20_16PCC/S2_28-9-20_16PCC_3.tif,patches/S2_28-9-20_16PCC/S2_28-9-20_16PCC_3_cl.tif,patches/S2_28-9-20_16PCC/S2_28-9-20_16PCC_3_conf.tif,5fcdb7e37ba6b7f86d81504b12290ecdfee0c12a5d8efb877cd467cbd163a233
900,28-9-20_16PCC_4,28-9-20_16PCC,2020-09-28,16PCC,M039,test,test,patches/S2_28-9-20_16PCC/S2_28-9-20_16PCC_4.tif,patches/S2_28-9-20_16PCC/S2_28-9-20_16PCC_4_cl.tif,patches/S2_28-9-20_16PCC/S2_28-9-20_16PCC_4_conf.tif,08bf330adb43ef00ae3fcf06eb198205184d0bbc8cbe7af524037d6163c70d65
901,28-9-20_16PCC_5,28-9-20_16PCC,2020-09-28,16PCC,M039,test,test,patches/S2_28-9-20_16PCC/S2_28-9-20_16PCC_5.tif,patches/S2_28-9-20_16PCC/S2_28-9-20_16PCC_5_cl.tif,patches/S2_28-9-20_16PCC/S2_28-9-20_16PCC_5_conf.tif,16b752e91cc1cdb655026fa653126339e94832ecac4f2f5d10c934ad81a420bb
902,28-9-20_16PCC_6,28-9-20_16PCC,2020-09-28,16PCC,M039,test,test,patches/S2_28-9-20_16PCC/S2_28-9-20_16PCC_6.tif,patches/S2_28-9-20_16PCC/S2_28-9-20_16PCC_6_cl.tif,patches/S2_28-9-20_16PCC/S2_28-9-20_16PCC_6_conf.tif,894b01621e06173c23720d4f2ec80529da2bbf769dd2f8f9ed902e38d8e605c5
903,28-9-20_16PCC_7,28-9-20_16PCC,2020-09-28,16PCC,M039,test,test,patches/S2_28-9-20_16PCC/S2_28-9-20_16PCC_7.tif,patches/S2_28-9-20_16PCC/S2_28-9-20_16PCC_7_cl.tif,patches/S2_28-9-20_16PCC/S2_28-9-20_16PCC_7_conf.tif,6e70b9d56f3ad85d936c763803ca7a31b40714467db312b9358b32ec9ae5369d
904,28-9-20_16PCC_8,28-9-20_16PCC,2020-09-28,16PCC,M039,test,test,patches/S2_28-9-20_16PCC/S2_28-9-20_16PCC_8.tif,patches/S2_28-9-20_16PCC/S2_28-9-20_16PCC_8_cl.tif,patches/S2_28-9-20_16PCC/S2_28-9-20_16PCC_8_conf.tif,19fea248dfe1533e3a11abcecb8dc860b0852e73c0d7d4ad1b04e00c7021e83c
905,28-9-20_16PCC_9,28-9-20_16PCC,2020-09-28,16PCC,M039,test,test,patches/S2_28-9-20_16PCC/S2_28-9-20_16PCC_9.tif,patches/S2_28-9-20_16PCC/S2_28-9-20_16PCC_9_cl.tif,patches/S2_28-9-20_16PCC/S2_28-9-20_16PCC_9_conf.tif,a37b183c7ae94a88f91ddbfa9bbe27fe230af3e724771d14d0a3520919027dce
906,28-9-20_16PDC_0,28-9-20_16PDC,2020-09-28,16PDC,M039,val,test,patches/S2_28-9-20_16PDC/S2_28-9-20_16PDC_0.tif,patches/S2_28-9-20_16PDC/S2_28-9-20_16PDC_0_cl.tif,patches/S2_28-9-20_16PDC/S2_28-9-20_16PDC_0_conf.tif,1fc6a5e3dd72b20c93581909593a2fe0932d6a62b0a6ccc4177d4a4f4adfab2d
907,28-9-20_16PDC_1,28-9-20_16PDC,2020-09-28,16PDC,M039,val,test,patches/S2_28-9-20_16PDC/S2_28-9-20_16PDC_1.tif,patches/S2_28-9-20_16PDC/S2_28-9-20_16PDC_1_cl.tif,patches/S2_28-9-20_16PDC/S2_28-9-20_16PDC_1_conf.tif,3f8c860ec1c4079ed870d300ce9eefdd0728f886617e95e075f7880ccfad0b61
908,28-9-20_16PDC_10,28-9-20_16PDC,2020-09-28,16PDC,M039,val,test,patches/S2_28-9-20_16PDC/S2_28-9-20_16PDC_10.tif,patches/S2_28-9-20_16PDC/S2_28-9-20_16PDC_10_cl.tif,patches/S2_28-9-20_16PDC/S2_28-9-20_16PDC_10_conf.tif,d2a77dff4f792fcbc8c426a18acc867a421df83e00de7705f7663e83d881442b
909,28-9-20_16PDC_11,28-9-20_16PDC,2020-09-28,16PDC,M039,val,test,patches/S2_28-9-20_16PDC/S2_28-9-20_16PDC_11.tif,patches/S2_28-9-20_16PDC/S2_28-9-20_16PDC_11_cl.tif,patches/S2_28-9-20_16PDC/S2_28-9-20_16PDC_11_conf.tif,60bc267ed72a44023640b8d6e7c06d4cb926a5e470b4bb79eb4b4a1b8c4e62dc
910,28-9-20_16PDC_12,28-9-20_16PDC,2020-09-28,16PDC,M039,val,test,patches/S2_28-9-20_16PDC/S2_28-9-20_16PDC_12.tif,patches/S2_28-9-20_16PDC/S2_28-9-20_16PDC_12_cl.tif,patches/S2_28-9-20_16PDC/S2_28-9-20_16PDC_12_conf.tif,16e7b1f247881fbe9bf5e5b4988d25e3bfca34a59107d01dd13ad323323b55c1
911,28-9-20_16PDC_13,28-9-20_16PDC,2020-09-28,16PDC,M039,val,test,patches/S2_28-9-20_16PDC/S2_28-9-20_16PDC_13.tif,patches/S2_28-9-20_16PDC/S2_28-9-20_16PDC_13_cl.tif,patches/S2_28-9-20_16PDC/S2_28-9-20_16PDC_13_conf.tif,f16eb803d64ac7b9a529bd3c13afa3fde86765e6ad053839fc700ec20f82d726
912,28-9-20_16PDC_14,28-9-20_16PDC,2020-09-28,16PDC,M039,val,test,patches/S2_28-9-20_16PDC/S2_28-9-20_16PDC_14.tif,patches/S2_28-9-20_16PDC/S2_28-9-20_16PDC_14_cl.tif,patches/S2_28-9-20_16PDC/S2_28-9-20_16PDC_14_conf.tif,13f8a62bc62ecd0cc96d2c3d9db37dd4d735c624c6bc3e9f1310a5cc67bbc66a
913,28-9-20_16PDC_15,28-9-20_16PDC,2020-09-28,16PDC,M039,val,test,patches/S2_28-9-20_16PDC/S2_28-9-20_16PDC_15.tif,patches/S2_28-9-20_16PDC/S2_28-9-20_16PDC_15_cl.tif,patches/S2_28-9-20_16PDC/S2_28-9-20_16PDC_15_conf.tif,1ef0d53d5aedbb1a5d1706ff226a9b363a58d8e772493a64a2d00481ea3ea198
914,28-9-20_16PDC_16,28-9-20_16PDC,2020-09-28,16PDC,M039,val,test,patches/S2_28-9-20_16PDC/S2_28-9-20_16PDC_16.tif,patches/S2_28-9-20_16PDC/S2_28-9-20_16PDC_16_cl.tif,patches/S2_28-9-20_16PDC/S2_28-9-20_16PDC_16_conf.tif,891506a5f55a942bada0851799a38f8b7727a4f5a46ca60eccfebdfc85507781
915,28-9-20_16PDC_17,28-9-20_16PDC,2020-09-28,16PDC,M039,val,test,patches/S2_28-9-20_16PDC/S2_28-9-20_16PDC_17.tif,patches/S2_28-9-20_16PDC/S2_28-9-20_16PDC_17_cl.tif,patches/S2_28-9-20_16PDC/S2_28-9-20_16PDC_17_conf.tif,24159e56b1b03825acdea55801c2dad20583633f2123543deb758002808e68d2
916,28-9-20_16PDC_18,28-9-20_16PDC,2020-09-28,16PDC,M039,val,test,patches/S2_28-9-20_16PDC/S2_28-9-20_16PDC_18.tif,patches/S2_28-9-20_16PDC/S2_28-9-20_16PDC_18_cl.tif,patches/S2_28-9-20_16PDC/S2_28-9-20_16PDC_18_conf.tif,4318ecb58ff9b8226b26eb96ed671af187bb66a64eada16e7db6951aa079ad3a
917,28-9-20_16PDC_19,28-9-20_16PDC,2020-09-28,16PDC,M039,val,test,patches/S2_28-9-20_16PDC/S2_28-9-20_16PDC_19.tif,patches/S2_28-9-20_16PDC/S2_28-9-20_16PDC_19_cl.tif,patches/S2_28-9-20_16PDC/S2_28-9-20_16PDC_19_conf.tif,7b4bf12925b0cd9912cd2ee7082e153ffddb88c199b868e643019795bb02b784
918,28-9-20_16PDC_2,28-9-20_16PDC,2020-09-28,16PDC,M039,val,test,patches/S2_28-9-20_16PDC/S2_28-9-20_16PDC_2.tif,patches/S2_28-9-20_16PDC/S2_28-9-20_16PDC_2_cl.tif,patches/S2_28-9-20_16PDC/S2_28-9-20_16PDC_2_conf.tif,7b39a225aa1148531bcf3a3cd2644d7d65ade436f1e8c3901704af4dd35b5984
919,28-9-20_16PDC_20,28-9-20_16PDC,2020-09-28,16PDC,M039,val,test,patches/S2_28-9-20_16PDC/S2_28-9-20_16PDC_20.tif,patches/S2_28-9-20_16PDC/S2_28-9-20_16PDC_20_cl.tif,patches/S2_28-9-20_16PDC/S2_28-9-20_16PDC_20_conf.tif,46f4f7b2db1f66f7c3ea50eadb473c3a9fcca298ddaaab925218ac64e169d23e
920,28-9-20_16PDC_21,28-9-20_16PDC,2020-09-28,16PDC,M039,val,test,patches/S2_28-9-20_16PDC/S2_28-9-20_16PDC_21.tif,patches/S2_28-9-20_16PDC/S2_28-9-20_16PDC_21_cl.tif,patches/S2_28-9-20_16PDC/S2_28-9-20_16PDC_21_conf.tif,63b394068ac4172b5f5a3f9180d44d2e018c335c3e615d6c3374b9f83cc8468f
921,28-9-20_16PDC_22,28-9-20_16PDC,2020-09-28,16PDC,M039,val,test,patches/S2_28-9-20_16PDC/S2_28-9-20_16PDC_22.tif,patches/S2_28-9-20_16PDC/S2_28-9-20_16PDC_22_cl.tif,patches/S2_28-9-20_16PDC/S2_28-9-20_16PDC_22_conf.tif,957619448d3113f4662c8aa48498b26f94f85641546ad3dc7db5d95f42a87653
922,28-9-20_16PDC_23,28-9-20_16PDC,2020-09-28,16PDC,M039,val,test,patches/S2_28-9-20_16PDC/S2_28-9-20_16PDC_23.tif,patches/S2_28-9-20_16PDC/S2_28-9-20_16PDC_23_cl.tif,patches/S2_28-9-20_16PDC/S2_28-9-20_16PDC_23_conf.tif,d828f237036371406abcedb411a8c49feb619717efeccbb9b8895e69cdd7b2c6
923,28-9-20_16PDC_24,28-9-20_16PDC,2020-09-28,16PDC,M039,val,test,patches/S2_28-9-20_16PDC/S2_28-9-20_16PDC_24.tif,patches/S2_28-9-20_16PDC/S2_28-9-20_16PDC_24_cl.tif,patches/S2_28-9-20_16PDC/S2_28-9-20_16PDC_24_conf.tif,fae3657220691ead5c82a43fb9b9175b5e9a039228ea0857b87c1616664e928a
924,28-9-20_16PDC_25,28-9-20_16PDC,2020-09-28,16PDC,M039,val,test,patches/S2_28-9-20_16PDC/S2_28-9-20_16PDC_25.tif,patches/S2_28-9-20_16PDC/S2_28-9-20_16PDC_25_cl.tif,patches/S2_28-9-20_16PDC/S2_28-9-20_16PDC_25_conf.tif,fefd07193050698a6e1e41d69611a74104387599c557c1f215f52e13821193f4
925,28-9-20_16PDC_26,28-9-20_16PDC,2020-09-28,16PDC,M039,val,test,patches/S2_28-9-20_16PDC/S2_28-9-20_16PDC_26.tif,patches/S2_28-9-20_16PDC/S2_28-9-20_16PDC_26_cl.tif,patches/S2_28-9-20_16PDC/S2_28-9-20_16PDC_26_conf.tif,f4c5ae37e7db99ab7ac98fa637918ebb895770d244e5de02aa3fc558f497a334
926,28-9-20_16PDC_27,28-9-20_16PDC,2020-09-28,16PDC,M039,val,test,patches/S2_28-9-20_16PDC/S2_28-9-20_16PDC_27.tif,patches/S2_28-9-20_16PDC/S2_28-9-20_16PDC_27_cl.tif,patches/S2_28-9-20_16PDC/S2_28-9-20_16PDC_27_conf.tif,25de7a3247280a34923579c9157bae16c3466615f4ba50361562dedf12e83e18
927,28-9-20_16PDC_28,28-9-20_16PDC,2020-09-28,16PDC,M039,val,test,patches/S2_28-9-20_16PDC/S2_28-9-20_16PDC_28.tif,patches/S2_28-9-20_16PDC/S2_28-9-20_16PDC_28_cl.tif,patches/S2_28-9-20_16PDC/S2_28-9-20_16PDC_28_conf.tif,27c08b4b23eaee19b081e6e3b0ae6ad5ea6d2a742813b821d555e37272db0f7e
928,28-9-20_16PDC_29,28-9-20_16PDC,2020-09-28,16PDC,M039,val,test,patches/S2_28-9-20_16PDC/S2_28-9-20_16PDC_29.tif,patches/S2_28-9-20_16PDC/S2_28-9-20_16PDC_29_cl.tif,patches/S2_28-9-20_16PDC/S2_28-9-20_16PDC_29_conf.tif,39cbba94ad2b7ce70c0ae40003a058eae5e7c5545e775cb142405cd584a04d60
929,28-9-20_16PDC_3,28-9-20_16PDC,2020-09-28,16PDC,M039,val,test,patches/S2_28-9-20_16PDC/S2_28-9-20_16PDC_3.tif,patches/S2_28-9-20_16PDC/S2_28-9-20_16PDC_3_cl.tif,patches/S2_28-9-20_16PDC/S2_28-9-20_16PDC_3_conf.tif,3ed960771c8f9679493b5d828852d9faa021369e7b08ae1a101254ca11c26c77
930,28-9-20_16PDC_4,28-9-20_16PDC,2020-09-28,16PDC,M039,val,test,patches/S2_28-9-20_16PDC/S2_28-9-20_16PDC_4.tif,patches/S2_28-9-20_16PDC/S2_28-9-20_16PDC_4_cl.tif,patches/S2_28-9-20_16PDC/S2_28-9-20_16PDC_4_conf.tif,650ef12952752d3bdff7f397424b0c6bd468fe77baea70eb5fe6d06ce3148ea3
931,28-9-20_16PDC_5,28-9-20_16PDC,2020-09-28,16PDC,M039,val,test,patches/S2_28-9-20_16PDC/S2_28-9-20_16PDC_5.tif,patches/S2_28-9-20_16PDC/S2_28-9-20_16PDC_5_cl.tif,patches/S2_28-9-20_16PDC/S2_28-9-20_16PDC_5_conf.tif,1da2607e942d5ecbf881dbca26c581864d2418e37537ab4f071e7b811bbacc6c
932,28-9-20_16PDC_6,28-9-20_16PDC,2020-09-28,16PDC,M039,val,test,patches/S2_28-9-20_16PDC/S2_28-9-20_16PDC_6.tif,patches/S2_28-9-20_16PDC/S2_28-9-20_16PDC_6_cl.tif,patches/S2_28-9-20_16PDC/S2_28-9-20_16PDC_6_conf.tif,5f02f10ced5398a91a9f767d5f5c7aa36cd43d272fb2f81155d096992a888b80
933,28-9-20_16PDC_7,28-9-20_16PDC,2020-09-28,16PDC,M039,val,test,patches/S2_28-9-20_16PDC/S2_28-9-20_16PDC_7.tif,patches/S2_28-9-20_16PDC/S2_28-9-20_16PDC_7_cl.tif,patches/S2_28-9-20_16PDC/S2_28-9-20_16PDC_7_conf.tif,8e272bca82ce9c31be3f9018a1f90975cc6a43462ecb8a76c02a96b8fa14d286
934,28-9-20_16PDC_8,28-9-20_16PDC,2020-09-28,16PDC,M039,val,test,patches/S2_28-9-20_16PDC/S2_28-9-20_16PDC_8.tif,patches/S2_28-9-20_16PDC/S2_28-9-20_16PDC_8_cl.tif,patches/S2_28-9-20_16PDC/S2_28-9-20_16PDC_8_conf.tif,b0db33ec1cf1dc240aeed738a5768e677930aa36dfec9f9446b707de378ffe5f
935,28-9-20_16PDC_9,28-9-20_16PDC,2020-09-28,16PDC,M039,val,test,patches/S2_28-9-20_16PDC/S2_28-9-20_16PDC_9.tif,patches/S2_28-9-20_16PDC/S2_28-9-20_16PDC_9_cl.tif,patches/S2_28-9-20_16PDC/S2_28-9-20_16PDC_9_conf.tif,f52d633bdb861c2a562c635d6f52d921443582b69f79415ceac5972f0bbcff1d
936,29-11-15_16PEC_0,29-11-15_16PEC,2015-11-29,16PEC,M040,train,train,patches/S2_29-11-15_16PEC/S2_29-11-15_16PEC_0.tif,patches/S2_29-11-15_16PEC/S2_29-11-15_16PEC_0_cl.tif,patches/S2_29-11-15_16PEC/S2_29-11-15_16PEC_0_conf.tif,18117158b42671d19b828ca53e967b20bbcd03e6b832933c3e79ebf958ca6290
937,29-11-15_16PEC_1,29-11-15_16PEC,2015-11-29,16PEC,M040,train,train,patches/S2_29-11-15_16PEC/S2_29-11-15_16PEC_1.tif,patches/S2_29-11-15_16PEC/S2_29-11-15_16PEC_1_cl.tif,patches/S2_29-11-15_16PEC/S2_29-11-15_16PEC_1_conf.tif,bd0ca3cf3dfffdbe06e80f21e8c0e205172177e751e604099b9f972d15898029
938,29-11-15_16PEC_2,29-11-15_16PEC,2015-11-29,16PEC,M040,train,train,patches/S2_29-11-15_16PEC/S2_29-11-15_16PEC_2.tif,patches/S2_29-11-15_16PEC/S2_29-11-15_16PEC_2_cl.tif,patches/S2_29-11-15_16PEC/S2_29-11-15_16PEC_2_conf.tif,8e50d520b61b11edc70b6376481bab752e7db073ac7504add73f14d0a3e5895d
939,29-11-15_16PEC_3,29-11-15_16PEC,2015-11-29,16PEC,M040,train,train,patches/S2_29-11-15_16PEC/S2_29-11-15_16PEC_3.tif,patches/S2_29-11-15_16PEC/S2_29-11-15_16PEC_3_cl.tif,patches/S2_29-11-15_16PEC/S2_29-11-15_16PEC_3_conf.tif,e664316b9d55846894f8ff65d40d547fa98d4a30ef6d7c9ea50838fbcb80c645
940,29-11-15_16PEC_4,29-11-15_16PEC,2015-11-29,16PEC,M040,train,train,patches/S2_29-11-15_16PEC/S2_29-11-15_16PEC_4.tif,patches/S2_29-11-15_16PEC/S2_29-11-15_16PEC_4_cl.tif,patches/S2_29-11-15_16PEC/S2_29-11-15_16PEC_4_conf.tif,377d979fbe3785e82f4fc00938325e15caebdc8524766f39e820d8c88a9d9103
941,29-11-15_16PEC_5,29-11-15_16PEC,2015-11-29,16PEC,M040,train,train,patches/S2_29-11-15_16PEC/S2_29-11-15_16PEC_5.tif,patches/S2_29-11-15_16PEC/S2_29-11-15_16PEC_5_cl.tif,patches/S2_29-11-15_16PEC/S2_29-11-15_16PEC_5_conf.tif,32c15515d41545c7706dee9673d98e23c8757034202478b77051cb4be2ba9773
942,29-11-15_16PEC_6,29-11-15_16PEC,2015-11-29,16PEC,M040,train,train,patches/S2_29-11-15_16PEC/S2_29-11-15_16PEC_6.tif,patches/S2_29-11-15_16PEC/S2_29-11-15_16PEC_6_cl.tif,patches/S2_29-11-15_16PEC/S2_29-11-15_16PEC_6_conf.tif,04d43cf0ece89037f9764214c0d26fb71f1995190e44d146dfa1d4f4467c7f08
943,29-11-15_16PEC_7,29-11-15_16PEC,2015-11-29,16PEC,M040,train,train,patches/S2_29-11-15_16PEC/S2_29-11-15_16PEC_7.tif,patches/S2_29-11-15_16PEC/S2_29-11-15_16PEC_7_cl.tif,patches/S2_29-11-15_16PEC/S2_29-11-15_16PEC_7_conf.tif,7b157fa191e0fdff95f7e2664804483806d791fc4c6bf827cc7a8bbf633f33ab
944,29-11-15_16PEC_8,29-11-15_16PEC,2015-11-29,16PEC,M040,train,train,patches/S2_29-11-15_16PEC/S2_29-11-15_16PEC_8.tif,patches/S2_29-11-15_16PEC/S2_29-11-15_16PEC_8_cl.tif,patches/S2_29-11-15_16PEC/S2_29-11-15_16PEC_8_conf.tif,cccaae22485ac5dca870c59235511bb11fd5776c5709cf00bd3a52e2aeae4e70
945,29-11-20_18QYF_0,29-11-20_18QYF,2020-11-29,18QYF,M041,train,train,patches/S2_29-11-20_18QYF/S2_29-11-20_18QYF_0.tif,patches/S2_29-11-20_18QYF/S2_29-11-20_18QYF_0_cl.tif,patches/S2_29-11-20_18QYF/S2_29-11-20_18QYF_0_conf.tif,6f840749bb7a85536394fb3686df8600dd451c7db6e748449c0ef963eba6a147
946,29-11-20_18QYF_1,29-11-20_18QYF,2020-11-29,18QYF,M041,train,train,patches/S2_29-11-20_18QYF/S2_29-11-20_18QYF_1.tif,patches/S2_29-11-20_18QYF/S2_29-11-20_18QYF_1_cl.tif,patches/S2_29-11-20_18QYF/S2_29-11-20_18QYF_1_conf.tif,6c838c5bd89a6f6f4c15a3230dcdbbb6d40f1706af61d20e29087eb223fda6d5
947,29-11-20_18QYF_2,29-11-20_18QYF,2020-11-29,18QYF,M041,train,train,patches/S2_29-11-20_18QYF/S2_29-11-20_18QYF_2.tif,patches/S2_29-11-20_18QYF/S2_29-11-20_18QYF_2_cl.tif,patches/S2_29-11-20_18QYF/S2_29-11-20_18QYF_2_conf.tif,a099f53810a204917513ea6d7beb1f12c0092fe828eeb17015600eedc875acbd
948,29-11-20_18QYF_3,29-11-20_18QYF,2020-11-29,18QYF,M041,train,train,patches/S2_29-11-20_18QYF/S2_29-11-20_18QYF_3.tif,patches/S2_29-11-20_18QYF/S2_29-11-20_18QYF_3_cl.tif,patches/S2_29-11-20_18QYF/S2_29-11-20_18QYF_3_conf.tif,d143137c3d7c4503714fbc17925d08e891e9214d82ab1da58fd8053dd822d914
949,29-11-20_18QYF_4,29-11-20_18QYF,2020-11-29,18QYF,M041,train,train,patches/S2_29-11-20_18QYF/S2_29-11-20_18QYF_4.tif,patches/S2_29-11-20_18QYF/S2_29-11-20_18QYF_4_cl.tif,patches/S2_29-11-20_18QYF/S2_29-11-20_18QYF_4_conf.tif,a860bc4d3bb2a1dab6c0deebe028656bd32c350dd889dc901583d3ab8719e71d
950,29-11-20_18QYF_5,29-11-20_18QYF,2020-11-29,18QYF,M041,train,train,patches/S2_29-11-20_18QYF/S2_29-11-20_18QYF_5.tif,patches/S2_29-11-20_18QYF/S2_29-11-20_18QYF_5_cl.tif,patches/S2_29-11-20_18QYF/S2_29-11-20_18QYF_5_conf.tif,3f602173730a3387c6e68aed6fa47b1107d50e9a7c1df4f04d409c5d1e36da8e
951,29-11-20_18QYF_6,29-11-20_18QYF,2020-11-29,18QYF,M041,train,train,patches/S2_29-11-20_18QYF/S2_29-11-20_18QYF_6.tif,patches/S2_29-11-20_18QYF/S2_29-11-20_18QYF_6_cl.tif,patches/S2_29-11-20_18QYF/S2_29-11-20_18QYF_6_conf.tif,1c12aa454e79ff1981b63ba1a0a185ce529f2a7683f50bf1d5212d170aa46d3f
952,29-11-20_18QYF_7,29-11-20_18QYF,2020-11-29,18QYF,M041,train,train,patches/S2_29-11-20_18QYF/S2_29-11-20_18QYF_7.tif,patches/S2_29-11-20_18QYF/S2_29-11-20_18QYF_7_cl.tif,patches/S2_29-11-20_18QYF/S2_29-11-20_18QYF_7_conf.tif,795e35ddbfba17645bf154443a9f135d0fd66e4887348a920c2bf22f7068c8f3
953,29-12-20_18QYF_0,29-12-20_18QYF,2020-12-29,18QYF,M042,val,val,patches/S2_29-12-20_18QYF/S2_29-12-20_18QYF_0.tif,patches/S2_29-12-20_18QYF/S2_29-12-20_18QYF_0_cl.tif,patches/S2_29-12-20_18QYF/S2_29-12-20_18QYF_0_conf.tif,de0ac815dd17de79bba381f9b4dcc13365c46f5c1c6e0710e478121359525639
954,29-12-20_18QYF_1,29-12-20_18QYF,2020-12-29,18QYF,M042,val,val,patches/S2_29-12-20_18QYF/S2_29-12-20_18QYF_1.tif,patches/S2_29-12-20_18QYF/S2_29-12-20_18QYF_1_cl.tif,patches/S2_29-12-20_18QYF/S2_29-12-20_18QYF_1_conf.tif,911cb6dde1d41cc0fa4f0bbef3fab17c2bbd7fdc67c542beb08478fc565aebb5
955,29-12-20_18QYF_10,29-12-20_18QYF,2020-12-29,18QYF,M042,val,val,patches/S2_29-12-20_18QYF/S2_29-12-20_18QYF_10.tif,patches/S2_29-12-20_18QYF/S2_29-12-20_18QYF_10_cl.tif,patches/S2_29-12-20_18QYF/S2_29-12-20_18QYF_10_conf.tif,ab79f2ce097ef55295fcac4ef21c09e354befad7738891c00a4ad4a9ba298e18
956,29-12-20_18QYF_11,29-12-20_18QYF,2020-12-29,18QYF,M042,val,val,patches/S2_29-12-20_18QYF/S2_29-12-20_18QYF_11.tif,patches/S2_29-12-20_18QYF/S2_29-12-20_18QYF_11_cl.tif,patches/S2_29-12-20_18QYF/S2_29-12-20_18QYF_11_conf.tif,f602292dd6be76c9f8346d0cb51fef03bb1661bab6a18ba5d002b026f8b350fe
957,29-12-20_18QYF_12,29-12-20_18QYF,2020-12-29,18QYF,M042,val,val,patches/S2_29-12-20_18QYF/S2_29-12-20_18QYF_12.tif,patches/S2_29-12-20_18QYF/S2_29-12-20_18QYF_12_cl.tif,patches/S2_29-12-20_18QYF/S2_29-12-20_18QYF_12_conf.tif,a9b1a51cc7049c65c4658d2ab5f4f7a1827340024606e997eae2a29ef05c9767
958,29-12-20_18QYF_2,29-12-20_18QYF,2020-12-29,18QYF,M042,val,val,patches/S2_29-12-20_18QYF/S2_29-12-20_18QYF_2.tif,patches/S2_29-12-20_18QYF/S2_29-12-20_18QYF_2_cl.tif,patches/S2_29-12-20_18QYF/S2_29-12-20_18QYF_2_conf.tif,082d4cf8e00592dafa8cc9e74988f43ba666fec0f39954a9021ff4d0163a15db
959,29-12-20_18QYF_3,29-12-20_18QYF,2020-12-29,18QYF,M042,val,val,patches/S2_29-12-20_18QYF/S2_29-12-20_18QYF_3.tif,patches/S2_29-12-20_18QYF/S2_29-12-20_18QYF_3_cl.tif,patches/S2_29-12-20_18QYF/S2_29-12-20_18QYF_3_conf.tif,6174dc1f9007b8b680fda68a0cd00b4a0867838185fbfd9c41724e03c3b4a5f6
960,29-12-20_18QYF_4,29-12-20_18QYF,2020-12-29,18QYF,M042,val,val,patches/S2_29-12-20_18QYF/S2_29-12-20_18QYF_4.tif,patches/S2_29-12-20_18QYF/S2_29-12-20_18QYF_4_cl.tif,patches/S2_29-12-20_18QYF/S2_29-12-20_18QYF_4_conf.tif,723512768ce85e3fbadd96fb83c179b1fb1077a3a6fd832c27439d6d2b00046e
961,29-12-20_18QYF_5,29-12-20_18QYF,2020-12-29,18QYF,M042,val,val,patches/S2_29-12-20_18QYF/S2_29-12-20_18QYF_5.tif,patches/S2_29-12-20_18QYF/S2_29-12-20_18QYF_5_cl.tif,patches/S2_29-12-20_18QYF/S2_29-12-20_18QYF_5_conf.tif,ca0a1e28205f47afd39444069f9d18911f57fc101d272c86491e45bfdf2dd301
962,29-12-20_18QYF_6,29-12-20_18QYF,2020-12-29,18QYF,M042,val,val,patches/S2_29-12-20_18QYF/S2_29-12-20_18QYF_6.tif,patches/S2_29-12-20_18QYF/S2_29-12-20_18QYF_6_cl.tif,patches/S2_29-12-20_18QYF/S2_29-12-20_18QYF_6_conf.tif,a0652f0e4093e9e72daeb5ec01daeec57016ef35d8e4b17f4ba7444f6c1f9b15
963,29-12-20_18QYF_7,29-12-20_18QYF,2020-12-29,18QYF,M042,val,val,patches/S2_29-12-20_18QYF/S2_29-12-20_18QYF_7.tif,patches/S2_29-12-20_18QYF/S2_29-12-20_18QYF_7_cl.tif,patches/S2_29-12-20_18QYF/S2_29-12-20_18QYF_7_conf.tif,142a7b0c4ab368d0ec2624fe670b7a13af11c1a1a0c41a7a8e9e034fa46549d3
964,29-12-20_18QYF_8,29-12-20_18QYF,2020-12-29,18QYF,M042,val,val,patches/S2_29-12-20_18QYF/S2_29-12-20_18QYF_8.tif,patches/S2_29-12-20_18QYF/S2_29-12-20_18QYF_8_cl.tif,patches/S2_29-12-20_18QYF/S2_29-12-20_18QYF_8_conf.tif,fe4979c5fc04d0cbf9e9a2ff099cab8c4593f201e204dc8092365047fb54be93
965,29-12-20_18QYF_9,29-12-20_18QYF,2020-12-29,18QYF,M042,val,val,patches/S2_29-12-20_18QYF/S2_29-12-20_18QYF_9.tif,patches/S2_29-12-20_18QYF/S2_29-12-20_18QYF_9_cl.tif,patches/S2_29-12-20_18QYF/S2_29-12-20_18QYF_9_conf.tif,9cbb1ce70b309e97b3ed86ea1423211f170705027c8ef46388df1b732d603be2
966,29-8-17_51RVQ_0,29-8-17_51RVQ,2017-08-29,51RVQ,M043,val,val,patches/S2_29-8-17_51RVQ/S2_29-8-17_51RVQ_0.tif,patches/S2_29-8-17_51RVQ/S2_29-8-17_51RVQ_0_cl.tif,patches/S2_29-8-17_51RVQ/S2_29-8-17_51RVQ_0_conf.tif,af497967ea6bc2c7caf7386b19a29c21c14c5e4a43cf6a044b9183831c40a3ff
967,29-8-17_51RVQ_1,29-8-17_51RVQ,2017-08-29,51RVQ,M043,val,val,patches/S2_29-8-17_51RVQ/S2_29-8-17_51RVQ_1.tif,patches/S2_29-8-17_51RVQ/S2_29-8-17_51RVQ_1_cl.tif,patches/S2_29-8-17_51RVQ/S2_29-8-17_51RVQ_1_conf.tif,ff7844e1b5f8822e3a49b6b28fb98f488f933e30f276badba4558c86b5fa99ee
968,29-8-17_51RVQ_2,29-8-17_51RVQ,2017-08-29,51RVQ,M043,val,val,patches/S2_29-8-17_51RVQ/S2_29-8-17_51RVQ_2.tif,patches/S2_29-8-17_51RVQ/S2_29-8-17_51RVQ_2_cl.tif,patches/S2_29-8-17_51RVQ/S2_29-8-17_51RVQ_2_conf.tif,41a16e08a347dc95918027a7a5640da074c835824d3495376a9329210d418827
969,29-8-17_51RVQ_3,29-8-17_51RVQ,2017-08-29,51RVQ,M043,val,val,patches/S2_29-8-17_51RVQ/S2_29-8-17_51RVQ_3.tif,patches/S2_29-8-17_51RVQ/S2_29-8-17_51RVQ_3_cl.tif,patches/S2_29-8-17_51RVQ/S2_29-8-17_51RVQ_3_conf.tif,663a3288754df9cc3f5b236a53f8dba96074eaaf8dc7b8125d31515580789f84
970,29-8-17_51RVQ_4,29-8-17_51RVQ,2017-08-29,51RVQ,M043,val,val,patches/S2_29-8-17_51RVQ/S2_29-8-17_51RVQ_4.tif,patches/S2_29-8-17_51RVQ/S2_29-8-17_51RVQ_4_cl.tif,patches/S2_29-8-17_51RVQ/S2_29-8-17_51RVQ_4_conf.tif,d12d451d71b982f441bc3fe18088145d05586b46647d3936156eb79989f0dc1a
971,29-8-17_51RVQ_5,29-8-17_51RVQ,2017-08-29,51RVQ,M043,val,val,patches/S2_29-8-17_51RVQ/S2_29-8-17_51RVQ_5.tif,patches/S2_29-8-17_51RVQ/S2_29-8-17_51RVQ_5_cl.tif,patches/S2_29-8-17_51RVQ/S2_29-8-17_51RVQ_5_conf.tif,74f1257374fc0ec33cca081f928204210f591b03bcd77af15454710d25157822
972,29-8-17_51RVQ_6,29-8-17_51RVQ,2017-08-29,51RVQ,M043,val,val,patches/S2_29-8-17_51RVQ/S2_29-8-17_51RVQ_6.tif,patches/S2_29-8-17_51RVQ/S2_29-8-17_51RVQ_6_cl.tif,patches/S2_29-8-17_51RVQ/S2_29-8-17_51RVQ_6_conf.tif,0c93cd9a0d819a5abe56c4271ad76e88b13bd57f500e959258cb0131c0642608
973,3-1-21_18QYF_0,3-1-21_18QYF,2021-01-03,18QYF,M044,train,train,patches/S2_3-1-21_18QYF/S2_3-1-21_18QYF_0.tif,patches/S2_3-1-21_18QYF/S2_3-1-21_18QYF_0_cl.tif,patches/S2_3-1-21_18QYF/S2_3-1-21_18QYF_0_conf.tif,527b122fb28191234689eab5f4240cbda7f2d57d216ba1ac4c5976dc60e072b8
974,3-1-21_18QYF_1,3-1-21_18QYF,2021-01-03,18QYF,M044,train,train,patches/S2_3-1-21_18QYF/S2_3-1-21_18QYF_1.tif,patches/S2_3-1-21_18QYF/S2_3-1-21_18QYF_1_cl.tif,patches/S2_3-1-21_18QYF/S2_3-1-21_18QYF_1_conf.tif,0695d1a5736b61e4785742a615f41fbad8e6965836674ae6a1b0bef979c42ae9
975,3-1-21_18QYF_2,3-1-21_18QYF,2021-01-03,18QYF,M044,train,train,patches/S2_3-1-21_18QYF/S2_3-1-21_18QYF_2.tif,patches/S2_3-1-21_18QYF/S2_3-1-21_18QYF_2_cl.tif,patches/S2_3-1-21_18QYF/S2_3-1-21_18QYF_2_conf.tif,7c4bed84c535e127146ffe86d4214300851af85aaa424e72c97c865928500492
976,3-1-21_18QYF_3,3-1-21_18QYF,2021-01-03,18QYF,M044,train,train,patches/S2_3-1-21_18QYF/S2_3-1-21_18QYF_3.tif,patches/S2_3-1-21_18QYF/S2_3-1-21_18QYF_3_cl.tif,patches/S2_3-1-21_18QYF/S2_3-1-21_18QYF_3_conf.tif,c10ff7472755d5b216c449ee811ca244d35c36f7cab136ea69419b3055b0d7eb
977,3-1-21_18QYF_4,3-1-21_18QYF,2021-01-03,18QYF,M044,train,train,patches/S2_3-1-21_18QYF/S2_3-1-21_18QYF_4.tif,patches/S2_3-1-21_18QYF/S2_3-1-21_18QYF_4_cl.tif,patches/S2_3-1-21_18QYF/S2_3-1-21_18QYF_4_conf.tif,0ffcb0ca4a2ea2966b350022b49ccbaa277d2d6ec334d900b7793da0dd20cdbc
978,3-11-16_16PDC_0,3-11-16_16PDC,2016-11-03,16PDC,M045,test,test,patches/S2_3-11-16_16PDC/S2_3-11-16_16PDC_0.tif,patches/S2_3-11-16_16PDC/S2_3-11-16_16PDC_0_cl.tif,patches/S2_3-11-16_16PDC/S2_3-11-16_16PDC_0_conf.tif,a821f602a1f2bc8cdb0224739a6830b70bddcbcb5f622864a4bad33c334eca51
979,3-11-16_16PDC_1,3-11-16_16PDC,2016-11-03,16PDC,M045,test,test,patches/S2_3-11-16_16PDC/S2_3-11-16_16PDC_1.tif,patches/S2_3-11-16_16PDC/S2_3-11-16_16PDC_1_cl.tif,patches/S2_3-11-16_16PDC/S2_3-11-16_16PDC_1_conf.tif,9ca89a53552e2a8ff76556fe09e7ecb6fb1c3519b1b1397043846c4740bce6e7
980,3-11-16_16PDC_10,3-11-16_16PDC,2016-11-03,16PDC,M045,test,test,patches/S2_3-11-16_16PDC/S2_3-11-16_16PDC_10.tif,patches/S2_3-11-16_16PDC/S2_3-11-16_16PDC_10_cl.tif,patches/S2_3-11-16_16PDC/S2_3-11-16_16PDC_10_conf.tif,2db631f4ee6617b0188abf28b546f7f66fb9092ef4deda3279ee250907c7b54a
981,3-11-16_16PDC_11,3-11-16_16PDC,2016-11-03,16PDC,M045,test,test,patches/S2_3-11-16_16PDC/S2_3-11-16_16PDC_11.tif,patches/S2_3-11-16_16PDC/S2_3-11-16_16PDC_11_cl.tif,patches/S2_3-11-16_16PDC/S2_3-11-16_16PDC_11_conf.tif,7daa1f63a35f9471baa9d922f9f7b702346d3e62b8292229d7632d70f51b3b4c
982,3-11-16_16PDC_12,3-11-16_16PDC,2016-11-03,16PDC,M045,test,test,patches/S2_3-11-16_16PDC/S2_3-11-16_16PDC_12.tif,patches/S2_3-11-16_16PDC/S2_3-11-16_16PDC_12_cl.tif,patches/S2_3-11-16_16PDC/S2_3-11-16_16PDC_12_conf.tif,a0aa85982d7670f372e4d566406520ee846e88d889e3f649e79444a606d89a7b
983,3-11-16_16PDC_13,3-11-16_16PDC,2016-11-03,16PDC,M045,test,test,patches/S2_3-11-16_16PDC/S2_3-11-16_16PDC_13.tif,patches/S2_3-11-16_16PDC/S2_3-11-16_16PDC_13_cl.tif,patches/S2_3-11-16_16PDC/S2_3-11-16_16PDC_13_conf.tif,b67697948deba1cd7bd2ff3df7f6064e983420a561b336c5d64bfffdd7724fe4
984,3-11-16_16PDC_14,3-11-16_16PDC,2016-11-03,16PDC,M045,test,test,patches/S2_3-11-16_16PDC/S2_3-11-16_16PDC_14.tif,patches/S2_3-11-16_16PDC/S2_3-11-16_16PDC_14_cl.tif,patches/S2_3-11-16_16PDC/S2_3-11-16_16PDC_14_conf.tif,c0dea7ec104cdd959d4e695d964e08938168b6d8f3813da26dd00c31b52c0270
985,3-11-16_16PDC_15,3-11-16_16PDC,2016-11-03,16PDC,M045,test,test,patches/S2_3-11-16_16PDC/S2_3-11-16_16PDC_15.tif,patches/S2_3-11-16_16PDC/S2_3-11-16_16PDC_15_cl.tif,patches/S2_3-11-16_16PDC/S2_3-11-16_16PDC_15_conf.tif,1411a2307de23731b7f0c690002942e1a45e8909f97e283028b4a70d752ed67e
986,3-11-16_16PDC_16,3-11-16_16PDC,2016-11-03,16PDC,M045,test,test,patches/S2_3-11-16_16PDC/S2_3-11-16_16PDC_16.tif,patches/S2_3-11-16_16PDC/S2_3-11-16_16PDC_16_cl.tif,patches/S2_3-11-16_16PDC/S2_3-11-16_16PDC_16_conf.tif,ccb5c687c61f2cd945d346983693dbd3bae3a9fbafbdf3c24743a9b06058e12e
987,3-11-16_16PDC_17,3-11-16_16PDC,2016-11-03,16PDC,M045,test,test,patches/S2_3-11-16_16PDC/S2_3-11-16_16PDC_17.tif,patches/S2_3-11-16_16PDC/S2_3-11-16_16PDC_17_cl.tif,patches/S2_3-11-16_16PDC/S2_3-11-16_16PDC_17_conf.tif,6a2f21d41ae48f6dc0bcd3324126d3dc214aabbb898d1208e68f6613a6c13005
988,3-11-16_16PDC_18,3-11-16_16PDC,2016-11-03,16PDC,M045,test,test,patches/S2_3-11-16_16PDC/S2_3-11-16_16PDC_18.tif,patches/S2_3-11-16_16PDC/S2_3-11-16_16PDC_18_cl.tif,patches/S2_3-11-16_16PDC/S2_3-11-16_16PDC_18_conf.tif,3b093c02d2552ba6992efd97c6f7123046786f246d29330adddf5b3c9d16ef36
989,3-11-16_16PDC_19,3-11-16_16PDC,2016-11-03,16PDC,M045,test,test,patches/S2_3-11-16_16PDC/S2_3-11-16_16PDC_19.tif,patches/S2_3-11-16_16PDC/S2_3-11-16_16PDC_19_cl.tif,patches/S2_3-11-16_16PDC/S2_3-11-16_16PDC_19_conf.tif,8a697b27d53fc4e7b1450f46bcd6e0e7c17b0f94075bdeea0a9c7f53b29d4a62
990,3-11-16_16PDC_2,3-11-16_16PDC,2016-11-03,16PDC,M045,test,test,patches/S2_3-11-16_16PDC/S2_3-11-16_16PDC_2.tif,patches/S2_3-11-16_16PDC/S2_3-11-16_16PDC_2_cl.tif,patches/S2_3-11-16_16PDC/S2_3-11-16_16PDC_2_conf.tif,436054ad172ad995a8e096eba4c4c909c2f201e5cc46dab0c939b9d9a53d6d57
991,3-11-16_16PDC_20,3-11-16_16PDC,2016-11-03,16PDC,M045,test,test,patches/S2_3-11-16_16PDC/S2_3-11-16_16PDC_20.tif,patches/S2_3-11-16_16PDC/S2_3-11-16_16PDC_20_cl.tif,patches/S2_3-11-16_16PDC/S2_3-11-16_16PDC_20_conf.tif,3a6b9f3758660c31064430379dddd6ab5140c29ecc6bce4b20b5ee7dc61788c1
992,3-11-16_16PDC_21,3-11-16_16PDC,2016-11-03,16PDC,M045,test,test,patches/S2_3-11-16_16PDC/S2_3-11-16_16PDC_21.tif,patches/S2_3-11-16_16PDC/S2_3-11-16_16PDC_21_cl.tif,patches/S2_3-11-16_16PDC/S2_3-11-16_16PDC_21_conf.tif,a4902b8a546fcac0ae296314ec0d97ab845cfd6bb70bb73523332d2626187b32
993,3-11-16_16PDC_22,3-11-16_16PDC,2016-11-03,16PDC,M045,test,test,patches/S2_3-11-16_16PDC/S2_3-11-16_16PDC_22.tif,patches/S2_3-11-16_16PDC/S2_3-11-16_16PDC_22_cl.tif,patches/S2_3-11-16_16PDC/S2_3-11-16_16PDC_22_conf.tif,eef3304a2bd18ae469c2d06b698d51921b3552a2a7458d246a501524a81fc0c2
994,3-11-16_16PDC_23,3-11-16_16PDC,2016-11-03,16PDC,M045,test,test,patches/S2_3-11-16_16PDC/S2_3-11-16_16PDC_23.tif,patches/S2_3-11-16_16PDC/S2_3-11-16_16PDC_23_cl.tif,patches/S2_3-11-16_16PDC/S2_3-11-16_16PDC_23_conf.tif,6e63bbb3a6258d9d6ba37cf33993434b059b4b4b9ee851872045b4eb67ed9542
995,3-11-16_16PDC_24,3-11-16_16PDC,2016-11-03,16PDC,M045,test,test,patches/S2_3-11-16_16PDC/S2_3-11-16_16PDC_24.tif,patches/S2_3-11-16_16PDC/S2_3-11-16_16PDC_24_cl.tif,patches/S2_3-11-16_16PDC/S2_3-11-16_16PDC_24_conf.tif,480e929b7e94ad1b796520874076ae0f8a668869ecfbc98d16a8237e9cc6f85d
996,3-11-16_16PDC_25,3-11-16_16PDC,2016-11-03,16PDC,M045,test,test,patches/S2_3-11-16_16PDC/S2_3-11-16_16PDC_25.tif,patches/S2_3-11-16_16PDC/S2_3-11-16_16PDC_25_cl.tif,patches/S2_3-11-16_16PDC/S2_3-11-16_16PDC_25_conf.tif,8aaaa82deff8c1edaffe07e26299d0fadd73d610be3b284113e6c35b462cb6f8
997,3-11-16_16PDC_26,3-11-16_16PDC,2016-11-03,16PDC,M045,test,test,patches/S2_3-11-16_16PDC/S2_3-11-16_16PDC_26.tif,patches/S2_3-11-16_16PDC/S2_3-11-16_16PDC_26_cl.tif,patches/S2_3-11-16_16PDC/S2_3-11-16_16PDC_26_conf.tif,c1e4b97774674037d491ccb1e2a52ba5107e2077cdba57f1ebcfa24f29433051
998,3-11-16_16PDC_27,3-11-16_16PDC,2016-11-03,16PDC,M045,test,test,patches/S2_3-11-16_16PDC/S2_3-11-16_16PDC_27.tif,patches/S2_3-11-16_16PDC/S2_3-11-16_16PDC_27_cl.tif,patches/S2_3-11-16_16PDC/S2_3-11-16_16PDC_27_conf.tif,fbb3daee6286f6bf440f20e7bea99b714e5d258135e852089eed8d444cd818da
999,3-11-16_16PDC_28,3-11-16_16PDC,2016-11-03,16PDC,M045,test,test,patches/S2_3-11-16_16PDC/S2_3-11-16_16PDC_28.tif,patches/S2_3-11-16_16PDC/S2_3-11-16_16PDC_28_cl.tif,patches/S2_3-11-16_16PDC/S2_3-11-16_16PDC_28_conf.tif,e35601eba769420cce356ff114c0b1526a840bc14d85be529f8774f80bf72baa
1000,3-11-16_16PDC_29,3-11-16_16PDC,2016-11-03,16PDC,M045,test,test,patches/S2_3-11-16_16PDC/S2_3-11-16_16PDC_29.tif,patches/S2_3-11-16_16PDC/S2_3-11-16_16PDC_29_cl.tif,patches/S2_3-11-16_16PDC/S2_3-11-16_16PDC_29_conf.tif,5aa7a84364c4d1bda580a33ef38c2bf1961377113e85ebd63446221fe323a878
1001,3-11-16_16PDC_3,3-11-16_16PDC,2016-11-03,16PDC,M045,test,test,patches/S2_3-11-16_16PDC/S2_3-11-16_16PDC_3.tif,patches/S2_3-11-16_16PDC/S2_3-11-16_16PDC_3_cl.tif,patches/S2_3-11-16_16PDC/S2_3-11-16_16PDC_3_conf.tif,af6c5e5f607980f6453e0e7092707a3cad751dea090fc2e7ba02101a6ad4d607
1002,3-11-16_16PDC_30,3-11-16_16PDC,2016-11-03,16PDC,M045,test,test,patches/S2_3-11-16_16PDC/S2_3-11-16_16PDC_30.tif,patches/S2_3-11-16_16PDC/S2_3-11-16_16PDC_30_cl.tif,patches/S2_3-11-16_16PDC/S2_3-11-16_16PDC_30_conf.tif,533a9ef0779dc3a26abb2b93359dd2d945debc38e1c073b08549ab1a26141f67
1003,3-11-16_16PDC_31,3-11-16_16PDC,2016-11-03,16PDC,M045,test,test,patches/S2_3-11-16_16PDC/S2_3-11-16_16PDC_31.tif,patches/S2_3-11-16_16PDC/S2_3-11-16_16PDC_31_cl.tif,patches/S2_3-11-16_16PDC/S2_3-11-16_16PDC_31_conf.tif,ae56295c40709040f8d764e0c9efb780e4668df593ea24a07f885712169fd1fe
1004,3-11-16_16PDC_32,3-11-16_16PDC,2016-11-03,16PDC,M045,test,test,patches/S2_3-11-16_16PDC/S2_3-11-16_16PDC_32.tif,patches/S2_3-11-16_16PDC/S2_3-11-16_16PDC_32_cl.tif,patches/S2_3-11-16_16PDC/S2_3-11-16_16PDC_32_conf.tif,f666ce735d386de191a5e3f98334178e2666e69a9d0ed8898426a9f9cf62cb44
1005,3-11-16_16PDC_33,3-11-16_16PDC,2016-11-03,16PDC,M045,test,test,patches/S2_3-11-16_16PDC/S2_3-11-16_16PDC_33.tif,patches/S2_3-11-16_16PDC/S2_3-11-16_16PDC_33_cl.tif,patches/S2_3-11-16_16PDC/S2_3-11-16_16PDC_33_conf.tif,a27880882ee0b245c06c1362a8f7b01f3b9ed0c00085381007b5ee9a08608818
1006,3-11-16_16PDC_34,3-11-16_16PDC,2016-11-03,16PDC,M045,test,test,patches/S2_3-11-16_16PDC/S2_3-11-16_16PDC_34.tif,patches/S2_3-11-16_16PDC/S2_3-11-16_16PDC_34_cl.tif,patches/S2_3-11-16_16PDC/S2_3-11-16_16PDC_34_conf.tif,c678967b6647f9e42eec103bee4e470c42a1ba77eff10ae2317c25bc22ee3b8c
1007,3-11-16_16PDC_35,3-11-16_16PDC,2016-11-03,16PDC,M045,test,test,patches/S2_3-11-16_16PDC/S2_3-11-16_16PDC_35.tif,patches/S2_3-11-16_16PDC/S2_3-11-16_16PDC_35_cl.tif,patches/S2_3-11-16_16PDC/S2_3-11-16_16PDC_35_conf.tif,e99bdb22d5888fca2d69ef0e2a109da578621643d87ee805f1d10d92bf66a805
1008,3-11-16_16PDC_36,3-11-16_16PDC,2016-11-03,16PDC,M045,test,test,patches/S2_3-11-16_16PDC/S2_3-11-16_16PDC_36.tif,patches/S2_3-11-16_16PDC/S2_3-11-16_16PDC_36_cl.tif,patches/S2_3-11-16_16PDC/S2_3-11-16_16PDC_36_conf.tif,b0429fb22eb7c52e3268e924290abfab171565a66d7b40579940eef9914f8475
1009,3-11-16_16PDC_37,3-11-16_16PDC,2016-11-03,16PDC,M045,test,test,patches/S2_3-11-16_16PDC/S2_3-11-16_16PDC_37.tif,patches/S2_3-11-16_16PDC/S2_3-11-16_16PDC_37_cl.tif,patches/S2_3-11-16_16PDC/S2_3-11-16_16PDC_37_conf.tif,84cd7d27a9352ff2bad8798a5642532ddf3960caf8a4ab9a639ab15de8d71f40
1010,3-11-16_16PDC_38,3-11-16_16PDC,2016-11-03,16PDC,M045,test,test,patches/S2_3-11-16_16PDC/S2_3-11-16_16PDC_38.tif,patches/S2_3-11-16_16PDC/S2_3-11-16_16PDC_38_cl.tif,patches/S2_3-11-16_16PDC/S2_3-11-16_16PDC_38_conf.tif,da0d69b62b2296e7739da6ecd18647b344de0fc4df669760e29615c7f76be5fd
1011,3-11-16_16PDC_39,3-11-16_16PDC,2016-11-03,16PDC,M045,test,test,patches/S2_3-11-16_16PDC/S2_3-11-16_16PDC_39.tif,patches/S2_3-11-16_16PDC/S2_3-11-16_16PDC_39_cl.tif,patches/S2_3-11-16_16PDC/S2_3-11-16_16PDC_39_conf.tif,1e2d8cf633d8a84760add82275876b79573b49e57d6f1afde37c1a3ff79f4bce
1012,3-11-16_16PDC_4,3-11-16_16PDC,2016-11-03,16PDC,M045,test,test,patches/S2_3-11-16_16PDC/S2_3-11-16_16PDC_4.tif,patches/S2_3-11-16_16PDC/S2_3-11-16_16PDC_4_cl.tif,patches/S2_3-11-16_16PDC/S2_3-11-16_16PDC_4_conf.tif,ad545fc0904d03f0090a3bd94455b873fbc82b731e66bdb0f527f466500d0491
1013,3-11-16_16PDC_40,3-11-16_16PDC,2016-11-03,16PDC,M045,test,test,patches/S2_3-11-16_16PDC/S2_3-11-16_16PDC_40.tif,patches/S2_3-11-16_16PDC/S2_3-11-16_16PDC_40_cl.tif,patches/S2_3-11-16_16PDC/S2_3-11-16_16PDC_40_conf.tif,06de93a38d7dd223203f015cb0e58ca985f60fc3dc85d7efa46c62a166e91a37
1014,3-11-16_16PDC_41,3-11-16_16PDC,2016-11-03,16PDC,M045,test,test,patches/S2_3-11-16_16PDC/S2_3-11-16_16PDC_41.tif,patches/S2_3-11-16_16PDC/S2_3-11-16_16PDC_41_cl.tif,patches/S2_3-11-16_16PDC/S2_3-11-16_16PDC_41_conf.tif,41eb43ef6c57839526a66ee62d2720906b2f86cf68fa39c888d4cbe3ff172578
1015,3-11-16_16PDC_42,3-11-16_16PDC,2016-11-03,16PDC,M045,test,test,patches/S2_3-11-16_16PDC/S2_3-11-16_16PDC_42.tif,patches/S2_3-11-16_16PDC/S2_3-11-16_16PDC_42_cl.tif,patches/S2_3-11-16_16PDC/S2_3-11-16_16PDC_42_conf.tif,82d045e44a203bc754693527e72c8340ed9460d18afdbb945ce75f7d3fdea3d7
1016,3-11-16_16PDC_43,3-11-16_16PDC,2016-11-03,16PDC,M045,test,test,patches/S2_3-11-16_16PDC/S2_3-11-16_16PDC_43.tif,patches/S2_3-11-16_16PDC/S2_3-11-16_16PDC_43_cl.tif,patches/S2_3-11-16_16PDC/S2_3-11-16_16PDC_43_conf.tif,cf96f3455d59ce10f6c30fcb771ba879011a83bda32f983fab56181c2c2e7dde
1017,3-11-16_16PDC_44,3-11-16_16PDC,2016-11-03,16PDC,M045,test,test,patches/S2_3-11-16_16PDC/S2_3-11-16_16PDC_44.tif,patches/S2_3-11-16_16PDC/S2_3-11-16_16PDC_44_cl.tif,patches/S2_3-11-16_16PDC/S2_3-11-16_16PDC_44_conf.tif,8090c9fc575e2909d7338e7847d1785e4148748f60b50e41f42828434ec82f72
1018,3-11-16_16PDC_5,3-11-16_16PDC,2016-11-03,16PDC,M045,test,test,patches/S2_3-11-16_16PDC/S2_3-11-16_16PDC_5.tif,patches/S2_3-11-16_16PDC/S2_3-11-16_16PDC_5_cl.tif,patches/S2_3-11-16_16PDC/S2_3-11-16_16PDC_5_conf.tif,534e908a7303b7071828435eef9260506e145fc1dab84980e5037b70db3d6a50
1019,3-11-16_16PDC_6,3-11-16_16PDC,2016-11-03,16PDC,M045,test,test,patches/S2_3-11-16_16PDC/S2_3-11-16_16PDC_6.tif,patches/S2_3-11-16_16PDC/S2_3-11-16_16PDC_6_cl.tif,patches/S2_3-11-16_16PDC/S2_3-11-16_16PDC_6_conf.tif,cf4115ef5d26f451d82fa22743f3b0c78e426614910b2ecf8d422742acb3cc00
1020,3-11-16_16PDC_7,3-11-16_16PDC,2016-11-03,16PDC,M045,test,test,patches/S2_3-11-16_16PDC/S2_3-11-16_16PDC_7.tif,patches/S2_3-11-16_16PDC/S2_3-11-16_16PDC_7_cl.tif,patches/S2_3-11-16_16PDC/S2_3-11-16_16PDC_7_conf.tif,6cda586110e8a60a54e204d6f3242abd9f6f3192754b40dc5e60e666ae62ac5f
1021,3-11-16_16PDC_8,3-11-16_16PDC,2016-11-03,16PDC,M045,test,test,patches/S2_3-11-16_16PDC/S2_3-11-16_16PDC_8.tif,patches/S2_3-11-16_16PDC/S2_3-11-16_16PDC_8_cl.tif,patches/S2_3-11-16_16PDC/S2_3-11-16_16PDC_8_conf.tif,91cfabd6c82cbb20419a8ea03bd2cd9afeb890149aba4bd02cb35ebfe959a8f3
1022,3-11-16_16PDC_9,3-11-16_16PDC,2016-11-03,16PDC,M045,test,test,patches/S2_3-11-16_16PDC/S2_3-11-16_16PDC_9.tif,patches/S2_3-11-16_16PDC/S2_3-11-16_16PDC_9_cl.tif,patches/S2_3-11-16_16PDC/S2_3-11-16_16PDC_9_conf.tif,3e963e42da26321e2615768479ef4071403d3dbf132b7465b21023445394638e
1023,3-11-18_16PDC_0,3-11-18_16PDC,2018-11-03,16PDC,M046,train,train,patches/S2_3-11-18_16PDC/S2_3-11-18_16PDC_0.tif,patches/S2_3-11-18_16PDC/S2_3-11-18_16PDC_0_cl.tif,patches/S2_3-11-18_16PDC/S2_3-11-18_16PDC_0_conf.tif,01afc95e3ed5db6e37b7bf3f9b2d02e69e90dc2f9c109b2ecce6813fc859c0f1
1024,3-11-18_16PDC_1,3-11-18_16PDC,2018-11-03,16PDC,M046,train,train,patches/S2_3-11-18_16PDC/S2_3-11-18_16PDC_1.tif,patches/S2_3-11-18_16PDC/S2_3-11-18_16PDC_1_cl.tif,patches/S2_3-11-18_16PDC/S2_3-11-18_16PDC_1_conf.tif,50e9c33b462a67b564aed3681e5da176b4625439449069b8055412353afe9525
1025,3-11-18_16PDC_10,3-11-18_16PDC,2018-11-03,16PDC,M046,train,train,patches/S2_3-11-18_16PDC/S2_3-11-18_16PDC_10.tif,patches/S2_3-11-18_16PDC/S2_3-11-18_16PDC_10_cl.tif,patches/S2_3-11-18_16PDC/S2_3-11-18_16PDC_10_conf.tif,46d7556160b84f2b58c2e5f6126ce0fe293f33ae640d530b4babbb1cc84c1c12
1026,3-11-18_16PDC_11,3-11-18_16PDC,2018-11-03,16PDC,M046,train,train,patches/S2_3-11-18_16PDC/S2_3-11-18_16PDC_11.tif,patches/S2_3-11-18_16PDC/S2_3-11-18_16PDC_11_cl.tif,patches/S2_3-11-18_16PDC/S2_3-11-18_16PDC_11_conf.tif,6a4e8e11ae67bd0d9b7aa016fa45a7e4ba3a1157fe93082478ae8b2eca741a48
1027,3-11-18_16PDC_12,3-11-18_16PDC,2018-11-03,16PDC,M046,train,train,patches/S2_3-11-18_16PDC/S2_3-11-18_16PDC_12.tif,patches/S2_3-11-18_16PDC/S2_3-11-18_16PDC_12_cl.tif,patches/S2_3-11-18_16PDC/S2_3-11-18_16PDC_12_conf.tif,e1c87ba3de8b1f299f9c0cea38016cf86ccb4803677975bd5f7fd6e93e785c5f
1028,3-11-18_16PDC_13,3-11-18_16PDC,2018-11-03,16PDC,M046,train,train,patches/S2_3-11-18_16PDC/S2_3-11-18_16PDC_13.tif,patches/S2_3-11-18_16PDC/S2_3-11-18_16PDC_13_cl.tif,patches/S2_3-11-18_16PDC/S2_3-11-18_16PDC_13_conf.tif,f5f9cc666b3fd4c125c2614d455bf98ec84a945b3fbc61338bd97fdea5a6f314
1029,3-11-18_16PDC_14,3-11-18_16PDC,2018-11-03,16PDC,M046,train,train,patches/S2_3-11-18_16PDC/S2_3-11-18_16PDC_14.tif,patches/S2_3-11-18_16PDC/S2_3-11-18_16PDC_14_cl.tif,patches/S2_3-11-18_16PDC/S2_3-11-18_16PDC_14_conf.tif,648b082a15b88fb27e8ddd3aebe792f7412fd7f5bc3b405b8cbf2ea96e4b26fd
1030,3-11-18_16PDC_15,3-11-18_16PDC,2018-11-03,16PDC,M046,train,train,patches/S2_3-11-18_16PDC/S2_3-11-18_16PDC_15.tif,patches/S2_3-11-18_16PDC/S2_3-11-18_16PDC_15_cl.tif,patches/S2_3-11-18_16PDC/S2_3-11-18_16PDC_15_conf.tif,ab185417c937e6ca9aa4a06d4fab37aa30b3a3809d20309654696f4a1ec941c8
1031,3-11-18_16PDC_16,3-11-18_16PDC,2018-11-03,16PDC,M046,train,train,patches/S2_3-11-18_16PDC/S2_3-11-18_16PDC_16.tif,patches/S2_3-11-18_16PDC/S2_3-11-18_16PDC_16_cl.tif,patches/S2_3-11-18_16PDC/S2_3-11-18_16PDC_16_conf.tif,8e2a362ed25a0c64e5672a4fca9429b696e4a0bdcdf9a2f3283cb506fe3cdbfb
1032,3-11-18_16PDC_17,3-11-18_16PDC,2018-11-03,16PDC,M046,train,train,patches/S2_3-11-18_16PDC/S2_3-11-18_16PDC_17.tif,patches/S2_3-11-18_16PDC/S2_3-11-18_16PDC_17_cl.tif,patches/S2_3-11-18_16PDC/S2_3-11-18_16PDC_17_conf.tif,5ed193fb26a0aada0479ea4908db9c57769595e08f914ca88998c125d090c15b
1033,3-11-18_16PDC_18,3-11-18_16PDC,2018-11-03,16PDC,M046,train,train,patches/S2_3-11-18_16PDC/S2_3-11-18_16PDC_18.tif,patches/S2_3-11-18_16PDC/S2_3-11-18_16PDC_18_cl.tif,patches/S2_3-11-18_16PDC/S2_3-11-18_16PDC_18_conf.tif,dc96be1af6bbab3cdfebf8bfde7a199a25860b5bf34f3f3e3614894694de81f1
1034,3-11-18_16PDC_19,3-11-18_16PDC,2018-11-03,16PDC,M046,train,train,patches/S2_3-11-18_16PDC/S2_3-11-18_16PDC_19.tif,patches/S2_3-11-18_16PDC/S2_3-11-18_16PDC_19_cl.tif,patches/S2_3-11-18_16PDC/S2_3-11-18_16PDC_19_conf.tif,a55c3f2eda3ec597737d9f16672ea767d708a3ccb035f2edff8219807492dcc1
1035,3-11-18_16PDC_2,3-11-18_16PDC,2018-11-03,16PDC,M046,train,train,patches/S2_3-11-18_16PDC/S2_3-11-18_16PDC_2.tif,patches/S2_3-11-18_16PDC/S2_3-11-18_16PDC_2_cl.tif,patches/S2_3-11-18_16PDC/S2_3-11-18_16PDC_2_conf.tif,e67f34fbc6658e37b15c4b2a0977f45a03787113865e334b3fdd0d11b1b9e983
1036,3-11-18_16PDC_20,3-11-18_16PDC,2018-11-03,16PDC,M046,train,train,patches/S2_3-11-18_16PDC/S2_3-11-18_16PDC_20.tif,patches/S2_3-11-18_16PDC/S2_3-11-18_16PDC_20_cl.tif,patches/S2_3-11-18_16PDC/S2_3-11-18_16PDC_20_conf.tif,1eea30e25578e2268810c9b14a39d1772a9d91809de22676093ea86126496cf0
1037,3-11-18_16PDC_21,3-11-18_16PDC,2018-11-03,16PDC,M046,train,train,patches/S2_3-11-18_16PDC/S2_3-11-18_16PDC_21.tif,patches/S2_3-11-18_16PDC/S2_3-11-18_16PDC_21_cl.tif,patches/S2_3-11-18_16PDC/S2_3-11-18_16PDC_21_conf.tif,844888d961023e88c278ebeb2f31ef07ab9ccbccc627d6bc933a7ac5cd0967ec
1038,3-11-18_16PDC_22,3-11-18_16PDC,2018-11-03,16PDC,M046,train,train,patches/S2_3-11-18_16PDC/S2_3-11-18_16PDC_22.tif,patches/S2_3-11-18_16PDC/S2_3-11-18_16PDC_22_cl.tif,patches/S2_3-11-18_16PDC/S2_3-11-18_16PDC_22_conf.tif,ea844059f87a4dc48b47c0fb0874169109a6cbfb747eaeaa0898c4247aa37f26
1039,3-11-18_16PDC_23,3-11-18_16PDC,2018-11-03,16PDC,M046,train,train,patches/S2_3-11-18_16PDC/S2_3-11-18_16PDC_23.tif,patches/S2_3-11-18_16PDC/S2_3-11-18_16PDC_23_cl.tif,patches/S2_3-11-18_16PDC/S2_3-11-18_16PDC_23_conf.tif,2191c3964ffaa506912f56ccb041d64a272b83ff3fff6ff8756ecf302b494b23
1040,3-11-18_16PDC_24,3-11-18_16PDC,2018-11-03,16PDC,M046,train,train,patches/S2_3-11-18_16PDC/S2_3-11-18_16PDC_24.tif,patches/S2_3-11-18_16PDC/S2_3-11-18_16PDC_24_cl.tif,patches/S2_3-11-18_16PDC/S2_3-11-18_16PDC_24_conf.tif,057f45167d36ba17619881dcec62da8ba211bc341394733c57bd6c7010b8288e
1041,3-11-18_16PDC_25,3-11-18_16PDC,2018-11-03,16PDC,M046,train,train,patches/S2_3-11-18_16PDC/S2_3-11-18_16PDC_25.tif,patches/S2_3-11-18_16PDC/S2_3-11-18_16PDC_25_cl.tif,patches/S2_3-11-18_16PDC/S2_3-11-18_16PDC_25_conf.tif,172a1c938211e036f23814ef4ac9b382f10b97c45d0af2703d272daeb399f705
1042,3-11-18_16PDC_26,3-11-18_16PDC,2018-11-03,16PDC,M046,train,train,patches/S2_3-11-18_16PDC/S2_3-11-18_16PDC_26.tif,patches/S2_3-11-18_16PDC/S2_3-11-18_16PDC_26_cl.tif,patches/S2_3-11-18_16PDC/S2_3-11-18_16PDC_26_conf.tif,101e2cfbc000b4587fe46b9fb866e7723d3f403289d018dca8b9d87d9b9ea425
1043,3-11-18_16PDC_27,3-11-18_16PDC,2018-11-03,16PDC,M046,train,train,patches/S2_3-11-18_16PDC/S2_3-11-18_16PDC_27.tif,patches/S2_3-11-18_16PDC/S2_3-11-18_16PDC_27_cl.tif,patches/S2_3-11-18_16PDC/S2_3-11-18_16PDC_27_conf.tif,90e913abeeed936a60e9540527fd1746a73f554b642832738f0cac2dc6893519
1044,3-11-18_16PDC_28,3-11-18_16PDC,2018-11-03,16PDC,M046,train,train,patches/S2_3-11-18_16PDC/S2_3-11-18_16PDC_28.tif,patches/S2_3-11-18_16PDC/S2_3-11-18_16PDC_28_cl.tif,patches/S2_3-11-18_16PDC/S2_3-11-18_16PDC_28_conf.tif,026704a8dc994d3c503cc9e53485f2f587c5795465d1a9b1e85af70fff3d55f4
1045,3-11-18_16PDC_3,3-11-18_16PDC,2018-11-03,16PDC,M046,train,train,patches/S2_3-11-18_16PDC/S2_3-11-18_16PDC_3.tif,patches/S2_3-11-18_16PDC/S2_3-11-18_16PDC_3_cl.tif,patches/S2_3-11-18_16PDC/S2_3-11-18_16PDC_3_conf.tif,20a3b42377abedb8f95c95f28a5c128d425161e8148330805a9fe439bb59a1bd
1046,3-11-18_16PDC_4,3-11-18_16PDC,2018-11-03,16PDC,M046,train,train,patches/S2_3-11-18_16PDC/S2_3-11-18_16PDC_4.tif,patches/S2_3-11-18_16PDC/S2_3-11-18_16PDC_4_cl.tif,patches/S2_3-11-18_16PDC/S2_3-11-18_16PDC_4_conf.tif,02281767955d53fd7e075b05086f33603f30dd085a31f900850c34522efc3b45
1047,3-11-18_16PDC_5,3-11-18_16PDC,2018-11-03,16PDC,M046,train,train,patches/S2_3-11-18_16PDC/S2_3-11-18_16PDC_5.tif,patches/S2_3-11-18_16PDC/S2_3-11-18_16PDC_5_cl.tif,patches/S2_3-11-18_16PDC/S2_3-11-18_16PDC_5_conf.tif,522b184036dde2e3ac65f99969a7b45811f04bb1b3b2d6391f648932c749be14
1048,3-11-18_16PDC_6,3-11-18_16PDC,2018-11-03,16PDC,M046,train,train,patches/S2_3-11-18_16PDC/S2_3-11-18_16PDC_6.tif,patches/S2_3-11-18_16PDC/S2_3-11-18_16PDC_6_cl.tif,patches/S2_3-11-18_16PDC/S2_3-11-18_16PDC_6_conf.tif,00215f4649b7a010af61e7a8de16acbe0fac83255c15d99cbe6fd8b92a01f917
1049,3-11-18_16PDC_7,3-11-18_16PDC,2018-11-03,16PDC,M046,train,train,patches/S2_3-11-18_16PDC/S2_3-11-18_16PDC_7.tif,patches/S2_3-11-18_16PDC/S2_3-11-18_16PDC_7_cl.tif,patches/S2_3-11-18_16PDC/S2_3-11-18_16PDC_7_conf.tif,b740281f3fe4f206c7343e45f3afc5e635c5126323747c6bcd6ebabea38ff2f1
1050,3-11-18_16PDC_8,3-11-18_16PDC,2018-11-03,16PDC,M046,train,train,patches/S2_3-11-18_16PDC/S2_3-11-18_16PDC_8.tif,patches/S2_3-11-18_16PDC/S2_3-11-18_16PDC_8_cl.tif,patches/S2_3-11-18_16PDC/S2_3-11-18_16PDC_8_conf.tif,d1693fa452c05447d3646f5fe76cf27e4c6d616b6d574aabf4585af8f3898600
1051,3-11-18_16PDC_9,3-11-18_16PDC,2018-11-03,16PDC,M046,train,train,patches/S2_3-11-18_16PDC/S2_3-11-18_16PDC_9.tif,patches/S2_3-11-18_16PDC/S2_3-11-18_16PDC_9_cl.tif,patches/S2_3-11-18_16PDC/S2_3-11-18_16PDC_9_conf.tif,2871aa90974485c0b0e141f16986e2ff2965df7147ebdfdefa6fe4c2bfbdb08a
1052,30-8-17_16PCC_0,30-8-17_16PCC,2017-08-30,16PCC,M047,train,train,patches/S2_30-8-17_16PCC/S2_30-8-17_16PCC_0.tif,patches/S2_30-8-17_16PCC/S2_30-8-17_16PCC_0_cl.tif,patches/S2_30-8-17_16PCC/S2_30-8-17_16PCC_0_conf.tif,6879985ed02bc4e9a04aa8502755b38aad5f46263c6dc70366a76d8eb3e7180c
1053,30-8-17_16PCC_1,30-8-17_16PCC,2017-08-30,16PCC,M047,train,train,patches/S2_30-8-17_16PCC/S2_30-8-17_16PCC_1.tif,patches/S2_30-8-17_16PCC/S2_30-8-17_16PCC_1_cl.tif,patches/S2_30-8-17_16PCC/S2_30-8-17_16PCC_1_conf.tif,9786fc8918dad7fc222d2808b7551712195f2fa4f2e0cc59c88a51544e6ca084
1054,30-8-17_16PCC_10,30-8-17_16PCC,2017-08-30,16PCC,M047,train,train,patches/S2_30-8-17_16PCC/S2_30-8-17_16PCC_10.tif,patches/S2_30-8-17_16PCC/S2_30-8-17_16PCC_10_cl.tif,patches/S2_30-8-17_16PCC/S2_30-8-17_16PCC_10_conf.tif,80a5a8153cc5260a7d04e0ba5389f7f09dc8223eb53021c37eae23d806b36022
1055,30-8-17_16PCC_11,30-8-17_16PCC,2017-08-30,16PCC,M047,train,train,patches/S2_30-8-17_16PCC/S2_30-8-17_16PCC_11.tif,patches/S2_30-8-17_16PCC/S2_30-8-17_16PCC_11_cl.tif,patches/S2_30-8-17_16PCC/S2_30-8-17_16PCC_11_conf.tif,10ee39f8d9081cf9f0a2b485955a82f4e3144a87927fac4146c5b90a612c380c
1056,30-8-17_16PCC_12,30-8-17_16PCC,2017-08-30,16PCC,M047,train,train,patches/S2_30-8-17_16PCC/S2_30-8-17_16PCC_12.tif,patches/S2_30-8-17_16PCC/S2_30-8-17_16PCC_12_cl.tif,patches/S2_30-8-17_16PCC/S2_30-8-17_16PCC_12_conf.tif,5300c9b23d08e5d462eaf11e85b692c347cc7e47b823cc1f059117614384bdbb
1057,30-8-17_16PCC_13,30-8-17_16PCC,2017-08-30,16PCC,M047,train,train,patches/S2_30-8-17_16PCC/S2_30-8-17_16PCC_13.tif,patches/S2_30-8-17_16PCC/S2_30-8-17_16PCC_13_cl.tif,patches/S2_30-8-17_16PCC/S2_30-8-17_16PCC_13_conf.tif,d3f6ea16ad1b898b78990413a7a6f323ebb3909653e5bb059a07180d5f546e13
1058,30-8-17_16PCC_14,30-8-17_16PCC,2017-08-30,16PCC,M047,train,train,patches/S2_30-8-17_16PCC/S2_30-8-17_16PCC_14.tif,patches/S2_30-8-17_16PCC/S2_30-8-17_16PCC_14_cl.tif,patches/S2_30-8-17_16PCC/S2_30-8-17_16PCC_14_conf.tif,bad93bf10f05c4fd16f2d6654c405d4a0477800abd9225c25aeb07969a221bf3
1059,30-8-17_16PCC_15,30-8-17_16PCC,2017-08-30,16PCC,M047,train,train,patches/S2_30-8-17_16PCC/S2_30-8-17_16PCC_15.tif,patches/S2_30-8-17_16PCC/S2_30-8-17_16PCC_15_cl.tif,patches/S2_30-8-17_16PCC/S2_30-8-17_16PCC_15_conf.tif,df7485b10be65d29fd7b6983a04286bfe30ce2268047e660d6589eb5a7b69b65
1060,30-8-17_16PCC_16,30-8-17_16PCC,2017-08-30,16PCC,M047,train,train,patches/S2_30-8-17_16PCC/S2_30-8-17_16PCC_16.tif,patches/S2_30-8-17_16PCC/S2_30-8-17_16PCC_16_cl.tif,patches/S2_30-8-17_16PCC/S2_30-8-17_16PCC_16_conf.tif,7e0b49e3eea3c2ace8411cf2123b3ab9ffeccaffa3708bae877f2cefefb462d3
1061,30-8-17_16PCC_17,30-8-17_16PCC,2017-08-30,16PCC,M047,train,train,patches/S2_30-8-17_16PCC/S2_30-8-17_16PCC_17.tif,patches/S2_30-8-17_16PCC/S2_30-8-17_16PCC_17_cl.tif,patches/S2_30-8-17_16PCC/S2_30-8-17_16PCC_17_conf.tif,9dba9939a7ab10a495588dd09df6c1bd246829d56b4a0c91797f9694ac6aa52b
1062,30-8-17_16PCC_18,30-8-17_16PCC,2017-08-30,16PCC,M047,train,train,patches/S2_30-8-17_16PCC/S2_30-8-17_16PCC_18.tif,patches/S2_30-8-17_16PCC/S2_30-8-17_16PCC_18_cl.tif,patches/S2_30-8-17_16PCC/S2_30-8-17_16PCC_18_conf.tif,6c9818f5d2c53456fd11411af92f8c4f2fd5ef06778562172e657b5c18d86140
1063,30-8-17_16PCC_19,30-8-17_16PCC,2017-08-30,16PCC,M047,train,train,patches/S2_30-8-17_16PCC/S2_30-8-17_16PCC_19.tif,patches/S2_30-8-17_16PCC/S2_30-8-17_16PCC_19_cl.tif,patches/S2_30-8-17_16PCC/S2_30-8-17_16PCC_19_conf.tif,4ba4cfcb3c0255c631655dd109eaae5ba281a4bf19d2ebe7f053bcfedce21806
1064,30-8-17_16PCC_2,30-8-17_16PCC,2017-08-30,16PCC,M047,train,train,patches/S2_30-8-17_16PCC/S2_30-8-17_16PCC_2.tif,patches/S2_30-8-17_16PCC/S2_30-8-17_16PCC_2_cl.tif,patches/S2_30-8-17_16PCC/S2_30-8-17_16PCC_2_conf.tif,7e1689dba91f73dcf19181a506c3045be5b107070f77abb5e53c4829560468f5
1065,30-8-17_16PCC_20,30-8-17_16PCC,2017-08-30,16PCC,M047,train,train,patches/S2_30-8-17_16PCC/S2_30-8-17_16PCC_20.tif,patches/S2_30-8-17_16PCC/S2_30-8-17_16PCC_20_cl.tif,patches/S2_30-8-17_16PCC/S2_30-8-17_16PCC_20_conf.tif,9380b3a07af705d78b32a764ee2ee9b4352c7a39201bac86ad3746da89c7ba90
1066,30-8-17_16PCC_21,30-8-17_16PCC,2017-08-30,16PCC,M047,train,train,patches/S2_30-8-17_16PCC/S2_30-8-17_16PCC_21.tif,patches/S2_30-8-17_16PCC/S2_30-8-17_16PCC_21_cl.tif,patches/S2_30-8-17_16PCC/S2_30-8-17_16PCC_21_conf.tif,b0a09a2eea868fd90627d9a6337d796f0d56d74311c05b1a1d483fe5d7f42f99
1067,30-8-17_16PCC_22,30-8-17_16PCC,2017-08-30,16PCC,M047,train,train,patches/S2_30-8-17_16PCC/S2_30-8-17_16PCC_22.tif,patches/S2_30-8-17_16PCC/S2_30-8-17_16PCC_22_cl.tif,patches/S2_30-8-17_16PCC/S2_30-8-17_16PCC_22_conf.tif,428ebcaad56fc24c5f0b21695d7340a9cb706103921abd8547ebb4f90471beb0
1068,30-8-17_16PCC_3,30-8-17_16PCC,2017-08-30,16PCC,M047,train,train,patches/S2_30-8-17_16PCC/S2_30-8-17_16PCC_3.tif,patches/S2_30-8-17_16PCC/S2_30-8-17_16PCC_3_cl.tif,patches/S2_30-8-17_16PCC/S2_30-8-17_16PCC_3_conf.tif,885ea87760b146be578e252e66bdb904de7bbf8f982ef55b41e38afff599f21e
1069,30-8-17_16PCC_4,30-8-17_16PCC,2017-08-30,16PCC,M047,train,train,patches/S2_30-8-17_16PCC/S2_30-8-17_16PCC_4.tif,patches/S2_30-8-17_16PCC/S2_30-8-17_16PCC_4_cl.tif,patches/S2_30-8-17_16PCC/S2_30-8-17_16PCC_4_conf.tif,9dc72635dace1abcc794dd9344efaadf009bf0eb56aae6569858da9a29c9a0a3
1070,30-8-17_16PCC_5,30-8-17_16PCC,2017-08-30,16PCC,M047,train,train,patches/S2_30-8-17_16PCC/S2_30-8-17_16PCC_5.tif,patches/S2_30-8-17_16PCC/S2_30-8-17_16PCC_5_cl.tif,patches/S2_30-8-17_16PCC/S2_30-8-17_16PCC_5_conf.tif,09c2a6b6e5673c3405be8fea523d6b814e5fd2744bfe96830479a2c4556b5d9f
1071,30-8-17_16PCC_6,30-8-17_16PCC,2017-08-30,16PCC,M047,train,train,patches/S2_30-8-17_16PCC/S2_30-8-17_16PCC_6.tif,patches/S2_30-8-17_16PCC/S2_30-8-17_16PCC_6_cl.tif,patches/S2_30-8-17_16PCC/S2_30-8-17_16PCC_6_conf.tif,fd4e34e0f13e09f6de25c19041a31c68eb2d254ec516e0da8d811d204f73e169
1072,30-8-17_16PCC_7,30-8-17_16PCC,2017-08-30,16PCC,M047,train,train,patches/S2_30-8-17_16PCC/S2_30-8-17_16PCC_7.tif,patches/S2_30-8-17_16PCC/S2_30-8-17_16PCC_7_cl.tif,patches/S2_30-8-17_16PCC/S2_30-8-17_16PCC_7_conf.tif,a804795ba4b5e50d4f6591dd54a0149a0eebaba4077d8fd5ba89c98988cba081
1073,30-8-17_16PCC_8,30-8-17_16PCC,2017-08-30,16PCC,M047,train,train,patches/S2_30-8-17_16PCC/S2_30-8-17_16PCC_8.tif,patches/S2_30-8-17_16PCC/S2_30-8-17_16PCC_8_cl.tif,patches/S2_30-8-17_16PCC/S2_30-8-17_16PCC_8_conf.tif,f55e8ef41c345dd40a7478bff8c6957bc2bc5521e071f67eee648116b03ce45b
1074,30-8-17_16PCC_9,30-8-17_16PCC,2017-08-30,16PCC,M047,train,train,patches/S2_30-8-17_16PCC/S2_30-8-17_16PCC_9.tif,patches/S2_30-8-17_16PCC/S2_30-8-17_16PCC_9_cl.tif,patches/S2_30-8-17_16PCC/S2_30-8-17_16PCC_9_conf.tif,29c97b67dfd3f474349ed20fda5cf6362e8a53e1fd69f336a9b9ecf8901f495f
1075,30-8-18_16PCC_0,30-8-18_16PCC,2018-08-30,16PCC,M048,test,test,patches/S2_30-8-18_16PCC/S2_30-8-18_16PCC_0.tif,patches/S2_30-8-18_16PCC/S2_30-8-18_16PCC_0_cl.tif,patches/S2_30-8-18_16PCC/S2_30-8-18_16PCC_0_conf.tif,fce38254de28f0dede9a1150a50cdd8b158051584fc34d797c72c4caa812d1b3
1076,30-8-18_16PCC_1,30-8-18_16PCC,2018-08-30,16PCC,M048,test,test,patches/S2_30-8-18_16PCC/S2_30-8-18_16PCC_1.tif,patches/S2_30-8-18_16PCC/S2_30-8-18_16PCC_1_cl.tif,patches/S2_30-8-18_16PCC/S2_30-8-18_16PCC_1_conf.tif,ff17016a1a01dd3d04d27371ee744b02e6c1a599d78b560325c91073f2738588
1077,30-8-18_16PCC_10,30-8-18_16PCC,2018-08-30,16PCC,M048,test,test,patches/S2_30-8-18_16PCC/S2_30-8-18_16PCC_10.tif,patches/S2_30-8-18_16PCC/S2_30-8-18_16PCC_10_cl.tif,patches/S2_30-8-18_16PCC/S2_30-8-18_16PCC_10_conf.tif,3e23918954697b8c0508d6327f1ffb8937b8e0d1241a44337285206324f0a43e
1078,30-8-18_16PCC_11,30-8-18_16PCC,2018-08-30,16PCC,M048,test,test,patches/S2_30-8-18_16PCC/S2_30-8-18_16PCC_11.tif,patches/S2_30-8-18_16PCC/S2_30-8-18_16PCC_11_cl.tif,patches/S2_30-8-18_16PCC/S2_30-8-18_16PCC_11_conf.tif,bea0c938540cb0653099532877cdf0739a1056ca100efe03ebff242456b7e666
1079,30-8-18_16PCC_12,30-8-18_16PCC,2018-08-30,16PCC,M048,test,test,patches/S2_30-8-18_16PCC/S2_30-8-18_16PCC_12.tif,patches/S2_30-8-18_16PCC/S2_30-8-18_16PCC_12_cl.tif,patches/S2_30-8-18_16PCC/S2_30-8-18_16PCC_12_conf.tif,a6df0e9fbddc7f1752e8781c7477b23fd1bc510d1f24ebfc74d583a1ca252bae
1080,30-8-18_16PCC_13,30-8-18_16PCC,2018-08-30,16PCC,M048,test,test,patches/S2_30-8-18_16PCC/S2_30-8-18_16PCC_13.tif,patches/S2_30-8-18_16PCC/S2_30-8-18_16PCC_13_cl.tif,patches/S2_30-8-18_16PCC/S2_30-8-18_16PCC_13_conf.tif,3a4a7c1e793c6200710120167db208e4ab393b65dca6732639fc992f2e0d7c1e
1081,30-8-18_16PCC_14,30-8-18_16PCC,2018-08-30,16PCC,M048,test,test,patches/S2_30-8-18_16PCC/S2_30-8-18_16PCC_14.tif,patches/S2_30-8-18_16PCC/S2_30-8-18_16PCC_14_cl.tif,patches/S2_30-8-18_16PCC/S2_30-8-18_16PCC_14_conf.tif,915befa2af5e37240a427ef5e80fa49ff873acc3e25c3b21ebfce3a5eb016cc3
1082,30-8-18_16PCC_15,30-8-18_16PCC,2018-08-30,16PCC,M048,test,test,patches/S2_30-8-18_16PCC/S2_30-8-18_16PCC_15.tif,patches/S2_30-8-18_16PCC/S2_30-8-18_16PCC_15_cl.tif,patches/S2_30-8-18_16PCC/S2_30-8-18_16PCC_15_conf.tif,d13d8c377c9f240081bb939cbaadd0235c23807096bfbca952bd12fb64e78564
1083,30-8-18_16PCC_16,30-8-18_16PCC,2018-08-30,16PCC,M048,test,test,patches/S2_30-8-18_16PCC/S2_30-8-18_16PCC_16.tif,patches/S2_30-8-18_16PCC/S2_30-8-18_16PCC_16_cl.tif,patches/S2_30-8-18_16PCC/S2_30-8-18_16PCC_16_conf.tif,0c90fc526a6a204bde57818adb4217ee6475cdd06275a78e5d21963a2965887f
1084,30-8-18_16PCC_17,30-8-18_16PCC,2018-08-30,16PCC,M048,test,test,patches/S2_30-8-18_16PCC/S2_30-8-18_16PCC_17.tif,patches/S2_30-8-18_16PCC/S2_30-8-18_16PCC_17_cl.tif,patches/S2_30-8-18_16PCC/S2_30-8-18_16PCC_17_conf.tif,e31d7faea7dcab2357b6475b3426a89cded818791a19f9a1509531b33d76b519
1085,30-8-18_16PCC_18,30-8-18_16PCC,2018-08-30,16PCC,M048,test,test,patches/S2_30-8-18_16PCC/S2_30-8-18_16PCC_18.tif,patches/S2_30-8-18_16PCC/S2_30-8-18_16PCC_18_cl.tif,patches/S2_30-8-18_16PCC/S2_30-8-18_16PCC_18_conf.tif,950dc58ebb273088de654218be9f60cd9d076d0f28c1dbcddd98fe5a4e3d1a31
1086,30-8-18_16PCC_19,30-8-18_16PCC,2018-08-30,16PCC,M048,test,test,patches/S2_30-8-18_16PCC/S2_30-8-18_16PCC_19.tif,patches/S2_30-8-18_16PCC/S2_30-8-18_16PCC_19_cl.tif,patches/S2_30-8-18_16PCC/S2_30-8-18_16PCC_19_conf.tif,3572992d556293cc0a0ed38c632136396089d3b8bfa752d6ac32bf76a84af7cb
1087,30-8-18_16PCC_2,30-8-18_16PCC,2018-08-30,16PCC,M048,test,test,patches/S2_30-8-18_16PCC/S2_30-8-18_16PCC_2.tif,patches/S2_30-8-18_16PCC/S2_30-8-18_16PCC_2_cl.tif,patches/S2_30-8-18_16PCC/S2_30-8-18_16PCC_2_conf.tif,4b7835583ed3040d79a5768998b39a972321e9d23af8dd193a6be23ec40ad15a
1088,30-8-18_16PCC_20,30-8-18_16PCC,2018-08-30,16PCC,M048,test,test,patches/S2_30-8-18_16PCC/S2_30-8-18_16PCC_20.tif,patches/S2_30-8-18_16PCC/S2_30-8-18_16PCC_20_cl.tif,patches/S2_30-8-18_16PCC/S2_30-8-18_16PCC_20_conf.tif,95e533aaee858bb5405b8106758e1da1cdc22c8affea7e1d25aded1f638c59bb
1089,30-8-18_16PCC_21,30-8-18_16PCC,2018-08-30,16PCC,M048,test,test,patches/S2_30-8-18_16PCC/S2_30-8-18_16PCC_21.tif,patches/S2_30-8-18_16PCC/S2_30-8-18_16PCC_21_cl.tif,patches/S2_30-8-18_16PCC/S2_30-8-18_16PCC_21_conf.tif,9090591178192c51b0603dadfd1eba6ec07b54945c4f3a4d163e28203db4556b
1090,30-8-18_16PCC_22,30-8-18_16PCC,2018-08-30,16PCC,M048,test,test,patches/S2_30-8-18_16PCC/S2_30-8-18_16PCC_22.tif,patches/S2_30-8-18_16PCC/S2_30-8-18_16PCC_22_cl.tif,patches/S2_30-8-18_16PCC/S2_30-8-18_16PCC_22_conf.tif,4a813deda4669e875a6f223459bf2980967062164ae084350ad377a6aabca226
1091,30-8-18_16PCC_23,30-8-18_16PCC,2018-08-30,16PCC,M048,test,test,patches/S2_30-8-18_16PCC/S2_30-8-18_16PCC_23.tif,patches/S2_30-8-18_16PCC/S2_30-8-18_16PCC_23_cl.tif,patches/S2_30-8-18_16PCC/S2_30-8-18_16PCC_23_conf.tif,708c369048d42840b3c8b02575c6166bd68b6164223303336fbe02a84e5bdce4
1092,30-8-18_16PCC_24,30-8-18_16PCC,2018-08-30,16PCC,M048,test,test,patches/S2_30-8-18_16PCC/S2_30-8-18_16PCC_24.tif,patches/S2_30-8-18_16PCC/S2_30-8-18_16PCC_24_cl.tif,patches/S2_30-8-18_16PCC/S2_30-8-18_16PCC_24_conf.tif,54f4788fca61d543b1bc875483d4316a504ac26cb7928ed813b29e80bd25727b
1093,30-8-18_16PCC_25,30-8-18_16PCC,2018-08-30,16PCC,M048,test,test,patches/S2_30-8-18_16PCC/S2_30-8-18_16PCC_25.tif,patches/S2_30-8-18_16PCC/S2_30-8-18_16PCC_25_cl.tif,patches/S2_30-8-18_16PCC/S2_30-8-18_16PCC_25_conf.tif,d1cc57e2991264ab26140c2b8d53f608a31f4c906e4d6a0cf540b82636f4ec9b
1094,30-8-18_16PCC_26,30-8-18_16PCC,2018-08-30,16PCC,M048,test,test,patches/S2_30-8-18_16PCC/S2_30-8-18_16PCC_26.tif,patches/S2_30-8-18_16PCC/S2_30-8-18_16PCC_26_cl.tif,patches/S2_30-8-18_16PCC/S2_30-8-18_16PCC_26_conf.tif,5cf4f932c529a10a13a95873011c73ee73ce8959e912f364bb0edd63424da01b
1095,30-8-18_16PCC_27,30-8-18_16PCC,2018-08-30,16PCC,M048,test,test,patches/S2_30-8-18_16PCC/S2_30-8-18_16PCC_27.tif,patches/S2_30-8-18_16PCC/S2_30-8-18_16PCC_27_cl.tif,patches/S2_30-8-18_16PCC/S2_30-8-18_16PCC_27_conf.tif,78b2fbf08b3f4274da691fbed357b26a8256076157cd37163b3e7b8eb1dd35e1
1096,30-8-18_16PCC_28,30-8-18_16PCC,2018-08-30,16PCC,M048,test,test,patches/S2_30-8-18_16PCC/S2_30-8-18_16PCC_28.tif,patches/S2_30-8-18_16PCC/S2_30-8-18_16PCC_28_cl.tif,patches/S2_30-8-18_16PCC/S2_30-8-18_16PCC_28_conf.tif,e5b120e3843cd2ff24ec298f623dbd3c04d3bd56029ae993e7a80cc6d784c6de
1097,30-8-18_16PCC_29,30-8-18_16PCC,2018-08-30,16PCC,M048,test,test,patches/S2_30-8-18_16PCC/S2_30-8-18_16PCC_29.tif,patches/S2_30-8-18_16PCC/S2_30-8-18_16PCC_29_cl.tif,patches/S2_30-8-18_16PCC/S2_30-8-18_16PCC_29_conf.tif,79e29bec8fe4cb7952aa3596eb7e19f0bc1368e58ba1b14bd20518b66a3b2118
1098,30-8-18_16PCC_3,30-8-18_16PCC,2018-08-30,16PCC,M048,test,test,patches/S2_30-8-18_16PCC/S2_30-8-18_16PCC_3.tif,patches/S2_30-8-18_16PCC/S2_30-8-18_16PCC_3_cl.tif,patches/S2_30-8-18_16PCC/S2_30-8-18_16PCC_3_conf.tif,72181c1c5c36c6d0b9f98b531be383e44a18c22d9f8a899a9460c13ca40ba4da
1099,30-8-18_16PCC_30,30-8-18_16PCC,2018-08-30,16PCC,M048,test,test,patches/S2_30-8-18_16PCC/S2_30-8-18_16PCC_30.tif,patches/S2_30-8-18_16PCC/S2_30-8-18_16PCC_30_cl.tif,patches/S2_30-8-18_16PCC/S2_30-8-18_16PCC_30_conf.tif,965ff671dac4e325a0a98694614eabc86f76eced3ed38a877d1b2cbe31bd99ab
1100,30-8-18_16PCC_31,30-8-18_16PCC,2018-08-30,16PCC,M048,test,test,patches/S2_30-8-18_16PCC/S2_30-8-18_16PCC_31.tif,patches/S2_30-8-18_16PCC/S2_30-8-18_16PCC_31_cl.tif,patches/S2_30-8-18_16PCC/S2_30-8-18_16PCC_31_conf.tif,25b4f4fcde9ce1faca67f1a068c6368704aa09e74293f4d0a31fb181027f9b74
1101,30-8-18_16PCC_32,30-8-18_16PCC,2018-08-30,16PCC,M048,test,test,patches/S2_30-8-18_16PCC/S2_30-8-18_16PCC_32.tif,patches/S2_30-8-18_16PCC/S2_30-8-18_16PCC_32_cl.tif,patches/S2_30-8-18_16PCC/S2_30-8-18_16PCC_32_conf.tif,0bbc69800da5f4689e2bc0c4b1ab51f6fea56adfb647fd5e25c04df1983812c0
1102,30-8-18_16PCC_33,30-8-18_16PCC,2018-08-30,16PCC,M048,test,test,patches/S2_30-8-18_16PCC/S2_30-8-18_16PCC_33.tif,patches/S2_30-8-18_16PCC/S2_30-8-18_16PCC_33_cl.tif,patches/S2_30-8-18_16PCC/S2_30-8-18_16PCC_33_conf.tif,a0852872596c49d1022b0d379e9b90443075b4369d0c59d098008b3c4a870614
1103,30-8-18_16PCC_34,30-8-18_16PCC,2018-08-30,16PCC,M048,test,test,patches/S2_30-8-18_16PCC/S2_30-8-18_16PCC_34.tif,patches/S2_30-8-18_16PCC/S2_30-8-18_16PCC_34_cl.tif,patches/S2_30-8-18_16PCC/S2_30-8-18_16PCC_34_conf.tif,ffd560ea7309b9dbe6c94316f8899f75f49c09bcf272f5c8abcfe63126104ea4
1104,30-8-18_16PCC_35,30-8-18_16PCC,2018-08-30,16PCC,M048,test,test,patches/S2_30-8-18_16PCC/S2_30-8-18_16PCC_35.tif,patches/S2_30-8-18_16PCC/S2_30-8-18_16PCC_35_cl.tif,patches/S2_30-8-18_16PCC/S2_30-8-18_16PCC_35_conf.tif,a216aa57382b158628af961f540d2346c093f15a00d635d665eedd9581f11d5c
1105,30-8-18_16PCC_36,30-8-18_16PCC,2018-08-30,16PCC,M048,test,test,patches/S2_30-8-18_16PCC/S2_30-8-18_16PCC_36.tif,patches/S2_30-8-18_16PCC/S2_30-8-18_16PCC_36_cl.tif,patches/S2_30-8-18_16PCC/S2_30-8-18_16PCC_36_conf.tif,66d5f29ccc7ef8c6d1adf92bc82003e4bd1b61de83a9141980f84def210a5267
1106,30-8-18_16PCC_37,30-8-18_16PCC,2018-08-30,16PCC,M048,test,test,patches/S2_30-8-18_16PCC/S2_30-8-18_16PCC_37.tif,patches/S2_30-8-18_16PCC/S2_30-8-18_16PCC_37_cl.tif,patches/S2_30-8-18_16PCC/S2_30-8-18_16PCC_37_conf.tif,3330c1d6c6cae62347a35403096855432881032c820fc27f451ab610179896d0
1107,30-8-18_16PCC_38,30-8-18_16PCC,2018-08-30,16PCC,M048,test,test,patches/S2_30-8-18_16PCC/S2_30-8-18_16PCC_38.tif,patches/S2_30-8-18_16PCC/S2_30-8-18_16PCC_38_cl.tif,patches/S2_30-8-18_16PCC/S2_30-8-18_16PCC_38_conf.tif,69b1e9a419904e8681b627472141b0105f1f9be505f0c11960a6d4d5c8872b73
1108,30-8-18_16PCC_39,30-8-18_16PCC,2018-08-30,16PCC,M048,test,test,patches/S2_30-8-18_16PCC/S2_30-8-18_16PCC_39.tif,patches/S2_30-8-18_16PCC/S2_30-8-18_16PCC_39_cl.tif,patches/S2_30-8-18_16PCC/S2_30-8-18_16PCC_39_conf.tif,3aca899aa2ca24a7199926936d6dffe317622ce814f81cd6a0b88f53df83edd6
1109,30-8-18_16PCC_4,30-8-18_16PCC,2018-08-30,16PCC,M048,test,test,patches/S2_30-8-18_16PCC/S2_30-8-18_16PCC_4.tif,patches/S2_30-8-18_16PCC/S2_30-8-18_16PCC_4_cl.tif,patches/S2_30-8-18_16PCC/S2_30-8-18_16PCC_4_conf.tif,8bdd55c4de1e7b3680b2d90b13026922060da504cbdcd6df52cc6be6d50f226d
1110,30-8-18_16PCC_40,30-8-18_16PCC,2018-08-30,16PCC,M048,test,test,patches/S2_30-8-18_16PCC/S2_30-8-18_16PCC_40.tif,patches/S2_30-8-18_16PCC/S2_30-8-18_16PCC_40_cl.tif,patches/S2_30-8-18_16PCC/S2_30-8-18_16PCC_40_conf.tif,8eae18c33225de2a9c147fa3fc6e76327ca042cc7ccc3599f5a8d2750737997b
1111,30-8-18_16PCC_41,30-8-18_16PCC,2018-08-30,16PCC,M048,test,test,patches/S2_30-8-18_16PCC/S2_30-8-18_16PCC_41.tif,patches/S2_30-8-18_16PCC/S2_30-8-18_16PCC_41_cl.tif,patches/S2_30-8-18_16PCC/S2_30-8-18_16PCC_41_conf.tif,f96a68575622e14cf76bcfc774fbc592a5b54ce5d592be043c4c11041afba3f0
1112,30-8-18_16PCC_42,30-8-18_16PCC,2018-08-30,16PCC,M048,test,test,patches/S2_30-8-18_16PCC/S2_30-8-18_16PCC_42.tif,patches/S2_30-8-18_16PCC/S2_30-8-18_16PCC_42_cl.tif,patches/S2_30-8-18_16PCC/S2_30-8-18_16PCC_42_conf.tif,2efa3b69a9435b6fcdf3ffb8871c3aae2ccb63dfcd397a008960ee912f922666
1113,30-8-18_16PCC_43,30-8-18_16PCC,2018-08-30,16PCC,M048,test,test,patches/S2_30-8-18_16PCC/S2_30-8-18_16PCC_43.tif,patches/S2_30-8-18_16PCC/S2_30-8-18_16PCC_43_cl.tif,patches/S2_30-8-18_16PCC/S2_30-8-18_16PCC_43_conf.tif,82fe7164007a87015750f9adece1a2b7bdad7b52f8bdf60e5ea120b74037310a
1114,30-8-18_16PCC_44,30-8-18_16PCC,2018-08-30,16PCC,M048,test,test,patches/S2_30-8-18_16PCC/S2_30-8-18_16PCC_44.tif,patches/S2_30-8-18_16PCC/S2_30-8-18_16PCC_44_cl.tif,patches/S2_30-8-18_16PCC/S2_30-8-18_16PCC_44_conf.tif,4c3142226a3f75a48af20c14beff5788d4348220501bd70b306ee8f8d6e88dca
1115,30-8-18_16PCC_45,30-8-18_16PCC,2018-08-30,16PCC,M048,test,test,patches/S2_30-8-18_16PCC/S2_30-8-18_16PCC_45.tif,patches/S2_30-8-18_16PCC/S2_30-8-18_16PCC_45_cl.tif,patches/S2_30-8-18_16PCC/S2_30-8-18_16PCC_45_conf.tif,c343fe012efea2450175d71eb1a074dcbbc240317d36876da83f7d85f06fd8c8
1116,30-8-18_16PCC_5,30-8-18_16PCC,2018-08-30,16PCC,M048,test,test,patches/S2_30-8-18_16PCC/S2_30-8-18_16PCC_5.tif,patches/S2_30-8-18_16PCC/S2_30-8-18_16PCC_5_cl.tif,patches/S2_30-8-18_16PCC/S2_30-8-18_16PCC_5_conf.tif,6b51b01adf24b041aee4db2f83c9fd5b3c75a651d6d2ea062e385f3dbf16317c
1117,30-8-18_16PCC_6,30-8-18_16PCC,2018-08-30,16PCC,M048,test,test,patches/S2_30-8-18_16PCC/S2_30-8-18_16PCC_6.tif,patches/S2_30-8-18_16PCC/S2_30-8-18_16PCC_6_cl.tif,patches/S2_30-8-18_16PCC/S2_30-8-18_16PCC_6_conf.tif,936b9c5404082b8777896eeec37ea358c4f8fef008f585cf50b63d7cd52916d8
1118,30-8-18_16PCC_7,30-8-18_16PCC,2018-08-30,16PCC,M048,test,test,patches/S2_30-8-18_16PCC/S2_30-8-18_16PCC_7.tif,patches/S2_30-8-18_16PCC/S2_30-8-18_16PCC_7_cl.tif,patches/S2_30-8-18_16PCC/S2_30-8-18_16PCC_7_conf.tif,fb01662dfdedb211b547e1a5d8ea883087ab4977995603b0b1584922276899d9
1119,30-8-18_16PCC_8,30-8-18_16PCC,2018-08-30,16PCC,M048,test,test,patches/S2_30-8-18_16PCC/S2_30-8-18_16PCC_8.tif,patches/S2_30-8-18_16PCC/S2_30-8-18_16PCC_8_cl.tif,patches/S2_30-8-18_16PCC/S2_30-8-18_16PCC_8_conf.tif,17d87da2580a3ba371c6d730c83307cead5753b0354e14429cdc40275910772f
1120,30-8-18_16PCC_9,30-8-18_16PCC,2018-08-30,16PCC,M048,test,test,patches/S2_30-8-18_16PCC/S2_30-8-18_16PCC_9.tif,patches/S2_30-8-18_16PCC/S2_30-8-18_16PCC_9_cl.tif,patches/S2_30-8-18_16PCC/S2_30-8-18_16PCC_9_conf.tif,176619eee6cabf279059135a08f0cb3edba560f219d90d2cab69e495ee75bf77
1121,4-12-20_18QYF_0,4-12-20_18QYF,2020-12-04,18QYF,M049,train,train,patches/S2_4-12-20_18QYF/S2_4-12-20_18QYF_0.tif,patches/S2_4-12-20_18QYF/S2_4-12-20_18QYF_0_cl.tif,patches/S2_4-12-20_18QYF/S2_4-12-20_18QYF_0_conf.tif,959009e3d8de4c999dbdbcb1272c38f18108f7fb79231ed6f6df32c1222682a3
1122,4-12-20_18QYF_1,4-12-20_18QYF,2020-12-04,18QYF,M049,train,train,patches/S2_4-12-20_18QYF/S2_4-12-20_18QYF_1.tif,patches/S2_4-12-20_18QYF/S2_4-12-20_18QYF_1_cl.tif,patches/S2_4-12-20_18QYF/S2_4-12-20_18QYF_1_conf.tif,bfcf1cd848b2a4fd4f7d5185ee9ab3019db457d6ebdf8a14fec46fa3267dce2a
1123,4-12-20_18QYF_2,4-12-20_18QYF,2020-12-04,18QYF,M049,train,train,patches/S2_4-12-20_18QYF/S2_4-12-20_18QYF_2.tif,patches/S2_4-12-20_18QYF/S2_4-12-20_18QYF_2_cl.tif,patches/S2_4-12-20_18QYF/S2_4-12-20_18QYF_2_conf.tif,473357290881e51f60f6db9994260773c8bb3c944fba7ecbb0a4ee7c5b66ddc6
1124,4-12-20_18QYF_3,4-12-20_18QYF,2020-12-04,18QYF,M049,train,train,patches/S2_4-12-20_18QYF/S2_4-12-20_18QYF_3.tif,patches/S2_4-12-20_18QYF/S2_4-12-20_18QYF_3_cl.tif,patches/S2_4-12-20_18QYF/S2_4-12-20_18QYF_3_conf.tif,adfddb6c64a4ec195e878fd56812c67b8dac015c04cda32baa77a5f0005f6e2f
1125,4-12-20_18QYF_4,4-12-20_18QYF,2020-12-04,18QYF,M049,train,train,patches/S2_4-12-20_18QYF/S2_4-12-20_18QYF_4.tif,patches/S2_4-12-20_18QYF/S2_4-12-20_18QYF_4_cl.tif,patches/S2_4-12-20_18QYF/S2_4-12-20_18QYF_4_conf.tif,511e900b5e0cec55c9dd65fbbc3aa070670bc96f14d6b3d84436ac0742e3d175
1126,4-12-20_18QYF_5,4-12-20_18QYF,2020-12-04,18QYF,M049,train,train,patches/S2_4-12-20_18QYF/S2_4-12-20_18QYF_5.tif,patches/S2_4-12-20_18QYF/S2_4-12-20_18QYF_5_cl.tif,patches/S2_4-12-20_18QYF/S2_4-12-20_18QYF_5_conf.tif,e7aa756f41a0fb0015481126e35589c9bf822424c4f9be3731458037bd2c7950
1127,4-12-20_18QYF_6,4-12-20_18QYF,2020-12-04,18QYF,M049,train,train,patches/S2_4-12-20_18QYF/S2_4-12-20_18QYF_6.tif,patches/S2_4-12-20_18QYF/S2_4-12-20_18QYF_6_cl.tif,patches/S2_4-12-20_18QYF/S2_4-12-20_18QYF_6_conf.tif,9837a3b9733bc9ee951e1224bd5d98e56779ebd9c72d0962a8dc9a1ff358e50b
1128,4-12-20_18QYF_7,4-12-20_18QYF,2020-12-04,18QYF,M049,train,train,patches/S2_4-12-20_18QYF/S2_4-12-20_18QYF_7.tif,patches/S2_4-12-20_18QYF/S2_4-12-20_18QYF_7_cl.tif,patches/S2_4-12-20_18QYF/S2_4-12-20_18QYF_7_conf.tif,3a6d2f68da861df00300104ffbfd8284f7dc5fd23438ebfbb675ebd151ad92b7
1129,4-12-20_18QYF_8,4-12-20_18QYF,2020-12-04,18QYF,M049,train,train,patches/S2_4-12-20_18QYF/S2_4-12-20_18QYF_8.tif,patches/S2_4-12-20_18QYF/S2_4-12-20_18QYF_8_cl.tif,patches/S2_4-12-20_18QYF/S2_4-12-20_18QYF_8_conf.tif,41eef21c35c5cd4cba571fe6ccbfa91f1c5fefb842f96fab951dd50cfd3eaeaa
1130,4-3-18_50LLR_0,4-3-18_50LLR,2018-03-04,50LLR,M050,test,test,patches/S2_4-3-18_50LLR/S2_4-3-18_50LLR_0.tif,patches/S2_4-3-18_50LLR/S2_4-3-18_50LLR_0_cl.tif,patches/S2_4-3-18_50LLR/S2_4-3-18_50LLR_0_conf.tif,90fe0df68aa97acd2eb31a5505217f41ebe227a7758ef4442c2194f9582b9c00
1131,4-3-18_50LLR_1,4-3-18_50LLR,2018-03-04,50LLR,M050,test,test,patches/S2_4-3-18_50LLR/S2_4-3-18_50LLR_1.tif,patches/S2_4-3-18_50LLR/S2_4-3-18_50LLR_1_cl.tif,patches/S2_4-3-18_50LLR/S2_4-3-18_50LLR_1_conf.tif,d3c682aa1b87763f6353aab7f6c0bd94ec1e91b8cc1552094d299acbf2616f5b
1132,4-3-18_50LLR_10,4-3-18_50LLR,2018-03-04,50LLR,M050,test,test,patches/S2_4-3-18_50LLR/S2_4-3-18_50LLR_10.tif,patches/S2_4-3-18_50LLR/S2_4-3-18_50LLR_10_cl.tif,patches/S2_4-3-18_50LLR/S2_4-3-18_50LLR_10_conf.tif,e6914fcfd8e2770d3dbd17c77982c677cb970544c50b7e11899c9ec9382bf2f7
1133,4-3-18_50LLR_11,4-3-18_50LLR,2018-03-04,50LLR,M050,test,test,patches/S2_4-3-18_50LLR/S2_4-3-18_50LLR_11.tif,patches/S2_4-3-18_50LLR/S2_4-3-18_50LLR_11_cl.tif,patches/S2_4-3-18_50LLR/S2_4-3-18_50LLR_11_conf.tif,02c9ef9f480f16b0857785e92c79d1996b4be93dd6f8fb653de2e11389820427
1134,4-3-18_50LLR_12,4-3-18_50LLR,2018-03-04,50LLR,M050,test,test,patches/S2_4-3-18_50LLR/S2_4-3-18_50LLR_12.tif,patches/S2_4-3-18_50LLR/S2_4-3-18_50LLR_12_cl.tif,patches/S2_4-3-18_50LLR/S2_4-3-18_50LLR_12_conf.tif,35a098f7bca96160c62c44dac7023b6d38eed347f42df7d943c2e2ac19b01c66
1135,4-3-18_50LLR_13,4-3-18_50LLR,2018-03-04,50LLR,M050,test,test,patches/S2_4-3-18_50LLR/S2_4-3-18_50LLR_13.tif,patches/S2_4-3-18_50LLR/S2_4-3-18_50LLR_13_cl.tif,patches/S2_4-3-18_50LLR/S2_4-3-18_50LLR_13_conf.tif,f77f4baeae3de4d22a454196ca0f0556761c18e07acc09fa5b23e50ec46a549c
1136,4-3-18_50LLR_14,4-3-18_50LLR,2018-03-04,50LLR,M050,test,test,patches/S2_4-3-18_50LLR/S2_4-3-18_50LLR_14.tif,patches/S2_4-3-18_50LLR/S2_4-3-18_50LLR_14_cl.tif,patches/S2_4-3-18_50LLR/S2_4-3-18_50LLR_14_conf.tif,ec71cc1f16490355e98dd9758e310bdd630438ce885f859acbd32f60b89e4755
1137,4-3-18_50LLR_15,4-3-18_50LLR,2018-03-04,50LLR,M050,test,test,patches/S2_4-3-18_50LLR/S2_4-3-18_50LLR_15.tif,patches/S2_4-3-18_50LLR/S2_4-3-18_50LLR_15_cl.tif,patches/S2_4-3-18_50LLR/S2_4-3-18_50LLR_15_conf.tif,2150431c9474e9d1d700901b70b521534649ce928bf1389f9636046d2a628404
1138,4-3-18_50LLR_16,4-3-18_50LLR,2018-03-04,50LLR,M050,test,test,patches/S2_4-3-18_50LLR/S2_4-3-18_50LLR_16.tif,patches/S2_4-3-18_50LLR/S2_4-3-18_50LLR_16_cl.tif,patches/S2_4-3-18_50LLR/S2_4-3-18_50LLR_16_conf.tif,26c3f7768a389160b7b1690b38bb0b81eb4da3bd5e1db8159ac27bc1e89d0d01
1139,4-3-18_50LLR_17,4-3-18_50LLR,2018-03-04,50LLR,M050,test,test,patches/S2_4-3-18_50LLR/S2_4-3-18_50LLR_17.tif,patches/S2_4-3-18_50LLR/S2_4-3-18_50LLR_17_cl.tif,patches/S2_4-3-18_50LLR/S2_4-3-18_50LLR_17_conf.tif,7fce035e26f07c84a9d3e0106c39aeb02e6cf98578c1b6dd195464c6c2cf02b5
1140,4-3-18_50LLR_18,4-3-18_50LLR,2018-03-04,50LLR,M050,test,test,patches/S2_4-3-18_50LLR/S2_4-3-18_50LLR_18.tif,patches/S2_4-3-18_50LLR/S2_4-3-18_50LLR_18_cl.tif,patches/S2_4-3-18_50LLR/S2_4-3-18_50LLR_18_conf.tif,b48aaca4eaa278852933971813d1cae983e35e447b8623fefb87bffe67d00e6f
1141,4-3-18_50LLR_19,4-3-18_50LLR,2018-03-04,50LLR,M050,test,test,patches/S2_4-3-18_50LLR/S2_4-3-18_50LLR_19.tif,patches/S2_4-3-18_50LLR/S2_4-3-18_50LLR_19_cl.tif,patches/S2_4-3-18_50LLR/S2_4-3-18_50LLR_19_conf.tif,2c9418e1fc3c83aa391261b006254f3ed96c6e96a8e006d661bceeee74e564b4
1142,4-3-18_50LLR_2,4-3-18_50LLR,2018-03-04,50LLR,M050,test,test,patches/S2_4-3-18_50LLR/S2_4-3-18_50LLR_2.tif,patches/S2_4-3-18_50LLR/S2_4-3-18_50LLR_2_cl.tif,patches/S2_4-3-18_50LLR/S2_4-3-18_50LLR_2_conf.tif,fd87d1fc9579b932ed53c399a5fc4ee95d16a6abcf80bdda31cfd23c2bccaa6a
1143,4-3-18_50LLR_20,4-3-18_50LLR,2018-03-04,50LLR,M050,test,test,patches/S2_4-3-18_50LLR/S2_4-3-18_50LLR_20.tif,patches/S2_4-3-18_50LLR/S2_4-3-18_50LLR_20_cl.tif,patches/S2_4-3-18_50LLR/S2_4-3-18_50LLR_20_conf.tif,469182bf9728a6f090b8b125757adbd9d32f7cf644d927df97e096928d5ed485
1144,4-3-18_50LLR_21,4-3-18_50LLR,2018-03-04,50LLR,M050,test,test,patches/S2_4-3-18_50LLR/S2_4-3-18_50LLR_21.tif,patches/S2_4-3-18_50LLR/S2_4-3-18_50LLR_21_cl.tif,patches/S2_4-3-18_50LLR/S2_4-3-18_50LLR_21_conf.tif,0090f16a633b770e8c7369a9158573dd188afeacf70b25b291f2c7ffa3f378bd
1145,4-3-18_50LLR_22,4-3-18_50LLR,2018-03-04,50LLR,M050,test,test,patches/S2_4-3-18_50LLR/S2_4-3-18_50LLR_22.tif,patches/S2_4-3-18_50LLR/S2_4-3-18_50LLR_22_cl.tif,patches/S2_4-3-18_50LLR/S2_4-3-18_50LLR_22_conf.tif,ed0ff73ff682d848b89f7f74831a23dfa12a8addafcf2e56bee13a447c8540cb
1146,4-3-18_50LLR_23,4-3-18_50LLR,2018-03-04,50LLR,M050,test,test,patches/S2_4-3-18_50LLR/S2_4-3-18_50LLR_23.tif,patches/S2_4-3-18_50LLR/S2_4-3-18_50LLR_23_cl.tif,patches/S2_4-3-18_50LLR/S2_4-3-18_50LLR_23_conf.tif,1713fe553f2cc39dbb6341f00fe01002018550bb88afaa8fdd27c55ff7300a38
1147,4-3-18_50LLR_24,4-3-18_50LLR,2018-03-04,50LLR,M050,test,test,patches/S2_4-3-18_50LLR/S2_4-3-18_50LLR_24.tif,patches/S2_4-3-18_50LLR/S2_4-3-18_50LLR_24_cl.tif,patches/S2_4-3-18_50LLR/S2_4-3-18_50LLR_24_conf.tif,f8d72801f48083474419e352f8ccc58c90c4b917758e12ba57a40bb740a0bde2
1148,4-3-18_50LLR_25,4-3-18_50LLR,2018-03-04,50LLR,M050,test,test,patches/S2_4-3-18_50LLR/S2_4-3-18_50LLR_25.tif,patches/S2_4-3-18_50LLR/S2_4-3-18_50LLR_25_cl.tif,patches/S2_4-3-18_50LLR/S2_4-3-18_50LLR_25_conf.tif,436c7c5db552be94a6174b9f72a7416a2b7556302b6a54176e4032fdfd648f92
1149,4-3-18_50LLR_3,4-3-18_50LLR,2018-03-04,50LLR,M050,test,test,patches/S2_4-3-18_50LLR/S2_4-3-18_50LLR_3.tif,patches/S2_4-3-18_50LLR/S2_4-3-18_50LLR_3_cl.tif,patches/S2_4-3-18_50LLR/S2_4-3-18_50LLR_3_conf.tif,18715a94a81f2dc5e7a00cfac3539d9f652adea68b63b4dc1f50eaf1d3207984
1150,4-3-18_50LLR_4,4-3-18_50LLR,2018-03-04,50LLR,M050,test,test,patches/S2_4-3-18_50LLR/S2_4-3-18_50LLR_4.tif,patches/S2_4-3-18_50LLR/S2_4-3-18_50LLR_4_cl.tif,patches/S2_4-3-18_50LLR/S2_4-3-18_50LLR_4_conf.tif,5602df7c9ba1c5ead897ae32da8dd808caa75545632b725a48854a605c596489
1151,4-3-18_50LLR_5,4-3-18_50LLR,2018-03-04,50LLR,M050,test,test,patches/S2_4-3-18_50LLR/S2_4-3-18_50LLR_5.tif,patches/S2_4-3-18_50LLR/S2_4-3-18_50LLR_5_cl.tif,patches/S2_4-3-18_50LLR/S2_4-3-18_50LLR_5_conf.tif,fd4e3854919f061998282f68116471697b487bf61234a5ea8f3448407a01dae2
1152,4-3-18_50LLR_6,4-3-18_50LLR,2018-03-04,50LLR,M050,test,test,patches/S2_4-3-18_50LLR/S2_4-3-18_50LLR_6.tif,patches/S2_4-3-18_50LLR/S2_4-3-18_50LLR_6_cl.tif,patches/S2_4-3-18_50LLR/S2_4-3-18_50LLR_6_conf.tif,23f6248a14f95b4be62079d3565479d64c8dc4392ea991e049b7c605173b829a
1153,4-3-18_50LLR_7,4-3-18_50LLR,2018-03-04,50LLR,M050,test,test,patches/S2_4-3-18_50LLR/S2_4-3-18_50LLR_7.tif,patches/S2_4-3-18_50LLR/S2_4-3-18_50LLR_7_cl.tif,patches/S2_4-3-18_50LLR/S2_4-3-18_50LLR_7_conf.tif,c0f9eac1eef629866b9425f57a6e4c11fe8ef1f2c56901032bd326a56b7299b7
1154,4-3-18_50LLR_8,4-3-18_50LLR,2018-03-04,50LLR,M050,test,test,patches/S2_4-3-18_50LLR/S2_4-3-18_50LLR_8.tif,patches/S2_4-3-18_50LLR/S2_4-3-18_50LLR_8_cl.tif,patches/S2_4-3-18_50LLR/S2_4-3-18_50LLR_8_conf.tif,cdeef637843b6725dbde2f122c615af03d78b7f013ebc2fabc215e93db5f40a4
1155,4-3-18_50LLR_9,4-3-18_50LLR,2018-03-04,50LLR,M050,test,test,patches/S2_4-3-18_50LLR/S2_4-3-18_50LLR_9.tif,patches/S2_4-3-18_50LLR/S2_4-3-18_50LLR_9_cl.tif,patches/S2_4-3-18_50LLR/S2_4-3-18_50LLR_9_conf.tif,fe9fdcb84363a54de3b0e57659cf7f8159acf76ff157e1a3b434a51bc75a9ebf
1156,4-9-16_16PCC_0,4-9-16_16PCC,2016-09-04,16PCC,M051,train,train,patches/S2_4-9-16_16PCC/S2_4-9-16_16PCC_0.tif,patches/S2_4-9-16_16PCC/S2_4-9-16_16PCC_0_cl.tif,patches/S2_4-9-16_16PCC/S2_4-9-16_16PCC_0_conf.tif,b63062a5a3d5ed0a643c5c21eefa415106afa785fc4fd6f14e0ff95e2571090a
1157,4-9-16_16PCC_1,4-9-16_16PCC,2016-09-04,16PCC,M051,train,train,patches/S2_4-9-16_16PCC/S2_4-9-16_16PCC_1.tif,patches/S2_4-9-16_16PCC/S2_4-9-16_16PCC_1_cl.tif,patches/S2_4-9-16_16PCC/S2_4-9-16_16PCC_1_conf.tif,205841ac23e6a2f0b88e3f0de37adddc7a9b2359b977a8402f8fb74e4c9011d4
1158,4-9-16_16PCC_10,4-9-16_16PCC,2016-09-04,16PCC,M051,train,train,patches/S2_4-9-16_16PCC/S2_4-9-16_16PCC_10.tif,patches/S2_4-9-16_16PCC/S2_4-9-16_16PCC_10_cl.tif,patches/S2_4-9-16_16PCC/S2_4-9-16_16PCC_10_conf.tif,b4433797cc4b28ea05fb871a0d24c992e5f39b915323d46be8c8099e3f1f2ed5
1159,4-9-16_16PCC_11,4-9-16_16PCC,2016-09-04,16PCC,M051,train,train,patches/S2_4-9-16_16PCC/S2_4-9-16_16PCC_11.tif,patches/S2_4-9-16_16PCC/S2_4-9-16_16PCC_11_cl.tif,patches/S2_4-9-16_16PCC/S2_4-9-16_16PCC_11_conf.tif,9e9df5d00ee51826c33eb4c40c50819d345798cd1471ef4dfa401d842d650899
1160,4-9-16_16PCC_12,4-9-16_16PCC,2016-09-04,16PCC,M051,train,train,patches/S2_4-9-16_16PCC/S2_4-9-16_16PCC_12.tif,patches/S2_4-9-16_16PCC/S2_4-9-16_16PCC_12_cl.tif,patches/S2_4-9-16_16PCC/S2_4-9-16_16PCC_12_conf.tif,9ddc16af3bd7d6f19ff59dd5ea9c08d6cfeceb7606de09c517bb0a69f09249d4
1161,4-9-16_16PCC_13,4-9-16_16PCC,2016-09-04,16PCC,M051,train,train,patches/S2_4-9-16_16PCC/S2_4-9-16_16PCC_13.tif,patches/S2_4-9-16_16PCC/S2_4-9-16_16PCC_13_cl.tif,patches/S2_4-9-16_16PCC/S2_4-9-16_16PCC_13_conf.tif,d5999e1a2e9c554e1d2f8972c51e24690745d3f3482ae663361ce681305d2c6a
1162,4-9-16_16PCC_14,4-9-16_16PCC,2016-09-04,16PCC,M051,train,train,patches/S2_4-9-16_16PCC/S2_4-9-16_16PCC_14.tif,patches/S2_4-9-16_16PCC/S2_4-9-16_16PCC_14_cl.tif,patches/S2_4-9-16_16PCC/S2_4-9-16_16PCC_14_conf.tif,5cd467753d84c2f4172fc35713100af8358185188978f457ef7cd88e3c7077a9
1163,4-9-16_16PCC_15,4-9-16_16PCC,2016-09-04,16PCC,M051,train,train,patches/S2_4-9-16_16PCC/S2_4-9-16_16PCC_15.tif,patches/S2_4-9-16_16PCC/S2_4-9-16_16PCC_15_cl.tif,patches/S2_4-9-16_16PCC/S2_4-9-16_16PCC_15_conf.tif,48df6b76a6db7d30204eff8dac3c1e9d90dba24df8603825984f752bf4d17190
1164,4-9-16_16PCC_16,4-9-16_16PCC,2016-09-04,16PCC,M051,train,train,patches/S2_4-9-16_16PCC/S2_4-9-16_16PCC_16.tif,patches/S2_4-9-16_16PCC/S2_4-9-16_16PCC_16_cl.tif,patches/S2_4-9-16_16PCC/S2_4-9-16_16PCC_16_conf.tif,e4f83e1dba7bb4e53465eee71f339c79ec29b738aa4e674c68baac184231f097
1165,4-9-16_16PCC_17,4-9-16_16PCC,2016-09-04,16PCC,M051,train,train,patches/S2_4-9-16_16PCC/S2_4-9-16_16PCC_17.tif,patches/S2_4-9-16_16PCC/S2_4-9-16_16PCC_17_cl.tif,patches/S2_4-9-16_16PCC/S2_4-9-16_16PCC_17_conf.tif,7537f2ccb6a8958f7f6b188a17f932b980ed0cdb7537cf157176ef989147cb7e
1166,4-9-16_16PCC_18,4-9-16_16PCC,2016-09-04,16PCC,M051,train,train,patches/S2_4-9-16_16PCC/S2_4-9-16_16PCC_18.tif,patches/S2_4-9-16_16PCC/S2_4-9-16_16PCC_18_cl.tif,patches/S2_4-9-16_16PCC/S2_4-9-16_16PCC_18_conf.tif,dcad1ac84c981848bb40d24f0338e6a77fbf3a2cfa07e5edab335ccf87792097
1167,4-9-16_16PCC_19,4-9-16_16PCC,2016-09-04,16PCC,M051,train,train,patches/S2_4-9-16_16PCC/S2_4-9-16_16PCC_19.tif,patches/S2_4-9-16_16PCC/S2_4-9-16_16PCC_19_cl.tif,patches/S2_4-9-16_16PCC/S2_4-9-16_16PCC_19_conf.tif,1d887e9e0c68030ff7e75324277456ccf287ce210845fee73b35ba9423e1db48
1168,4-9-16_16PCC_2,4-9-16_16PCC,2016-09-04,16PCC,M051,train,train,patches/S2_4-9-16_16PCC/S2_4-9-16_16PCC_2.tif,patches/S2_4-9-16_16PCC/S2_4-9-16_16PCC_2_cl.tif,patches/S2_4-9-16_16PCC/S2_4-9-16_16PCC_2_conf.tif,e15554e139ace5e76f2fa623af03c68bcb66f3952e8dd76e6b04799b5218e7e8
1169,4-9-16_16PCC_20,4-9-16_16PCC,2016-09-04,16PCC,M051,train,train,patches/S2_4-9-16_16PCC/S2_4-9-16_16PCC_20.tif,patches/S2_4-9-16_16PCC/S2_4-9-16_16PCC_20_cl.tif,patches/S2_4-9-16_16PCC/S2_4-9-16_16PCC_20_conf.tif,87c9f94c92638ed4fb056eee84dc0e54a56662f272027453f7802c18f530e748
1170,4-9-16_16PCC_21,4-9-16_16PCC,2016-09-04,16PCC,M051,train,train,patches/S2_4-9-16_16PCC/S2_4-9-16_16PCC_21.tif,patches/S2_4-9-16_16PCC/S2_4-9-16_16PCC_21_cl.tif,patches/S2_4-9-16_16PCC/S2_4-9-16_16PCC_21_conf.tif,ef8e9b9738a8a93991b8a208387e517d245bf9f5491c1fa95f4f9b5922c95f7c
1171,4-9-16_16PCC_22,4-9-16_16PCC,2016-09-04,16PCC,M051,train,train,patches/S2_4-9-16_16PCC/S2_4-9-16_16PCC_22.tif,patches/S2_4-9-16_16PCC/S2_4-9-16_16PCC_22_cl.tif,patches/S2_4-9-16_16PCC/S2_4-9-16_16PCC_22_conf.tif,94906d749cab347624d613c723b9d2222946bb280c7253338640de7e9bfeaad3
1172,4-9-16_16PCC_23,4-9-16_16PCC,2016-09-04,16PCC,M051,train,train,patches/S2_4-9-16_16PCC/S2_4-9-16_16PCC_23.tif,patches/S2_4-9-16_16PCC/S2_4-9-16_16PCC_23_cl.tif,patches/S2_4-9-16_16PCC/S2_4-9-16_16PCC_23_conf.tif,67ee026a9495cdc7bf5211a7f927a22c01904bbbf77c34bb799953da7a961726
1173,4-9-16_16PCC_24,4-9-16_16PCC,2016-09-04,16PCC,M051,train,train,patches/S2_4-9-16_16PCC/S2_4-9-16_16PCC_24.tif,patches/S2_4-9-16_16PCC/S2_4-9-16_16PCC_24_cl.tif,patches/S2_4-9-16_16PCC/S2_4-9-16_16PCC_24_conf.tif,87bce7918d81a697349c41b6013b4e04df735078c67d59bf919efcff6af99ede
1174,4-9-16_16PCC_25,4-9-16_16PCC,2016-09-04,16PCC,M051,train,train,patches/S2_4-9-16_16PCC/S2_4-9-16_16PCC_25.tif,patches/S2_4-9-16_16PCC/S2_4-9-16_16PCC_25_cl.tif,patches/S2_4-9-16_16PCC/S2_4-9-16_16PCC_25_conf.tif,54daa2bddc61c625437090356c1ef759df4914d11f4296863a8927eefb92675b
1175,4-9-16_16PCC_26,4-9-16_16PCC,2016-09-04,16PCC,M051,train,train,patches/S2_4-9-16_16PCC/S2_4-9-16_16PCC_26.tif,patches/S2_4-9-16_16PCC/S2_4-9-16_16PCC_26_cl.tif,patches/S2_4-9-16_16PCC/S2_4-9-16_16PCC_26_conf.tif,c8351a981549852585992689ebc737266cada419bd5fe7838d969c4c84b337ea
1176,4-9-16_16PCC_27,4-9-16_16PCC,2016-09-04,16PCC,M051,train,train,patches/S2_4-9-16_16PCC/S2_4-9-16_16PCC_27.tif,patches/S2_4-9-16_16PCC/S2_4-9-16_16PCC_27_cl.tif,patches/S2_4-9-16_16PCC/S2_4-9-16_16PCC_27_conf.tif,a5ae6b9cf008d355a36c7e1a4500b99e50e6970d0decd9e0502cab94224ce6d2
1177,4-9-16_16PCC_28,4-9-16_16PCC,2016-09-04,16PCC,M051,train,train,patches/S2_4-9-16_16PCC/S2_4-9-16_16PCC_28.tif,patches/S2_4-9-16_16PCC/S2_4-9-16_16PCC_28_cl.tif,patches/S2_4-9-16_16PCC/S2_4-9-16_16PCC_28_conf.tif,540538765a6cb2e55c4847c358015406e81659e575f66c07796dd6fc5f419ce5
1178,4-9-16_16PCC_29,4-9-16_16PCC,2016-09-04,16PCC,M051,train,train,patches/S2_4-9-16_16PCC/S2_4-9-16_16PCC_29.tif,patches/S2_4-9-16_16PCC/S2_4-9-16_16PCC_29_cl.tif,patches/S2_4-9-16_16PCC/S2_4-9-16_16PCC_29_conf.tif,b983d1bced59297cf662d603344f6e51c97d7258c9827ce7a38ea4f1b4ef97a2
1179,4-9-16_16PCC_3,4-9-16_16PCC,2016-09-04,16PCC,M051,train,train,patches/S2_4-9-16_16PCC/S2_4-9-16_16PCC_3.tif,patches/S2_4-9-16_16PCC/S2_4-9-16_16PCC_3_cl.tif,patches/S2_4-9-16_16PCC/S2_4-9-16_16PCC_3_conf.tif,284fceddc28cdbcd2e0ef9e2b684b735262fe2fd907244760de50f2ce1dbc0ee
1180,4-9-16_16PCC_30,4-9-16_16PCC,2016-09-04,16PCC,M051,train,train,patches/S2_4-9-16_16PCC/S2_4-9-16_16PCC_30.tif,patches/S2_4-9-16_16PCC/S2_4-9-16_16PCC_30_cl.tif,patches/S2_4-9-16_16PCC/S2_4-9-16_16PCC_30_conf.tif,126400112bf5149b7eb24695749ffd5aabc98a9317c0c3a65527b70a6d3521dc
1181,4-9-16_16PCC_31,4-9-16_16PCC,2016-09-04,16PCC,M051,train,train,patches/S2_4-9-16_16PCC/S2_4-9-16_16PCC_31.tif,patches/S2_4-9-16_16PCC/S2_4-9-16_16PCC_31_cl.tif,patches/S2_4-9-16_16PCC/S2_4-9-16_16PCC_31_conf.tif,8640eddcf5baabba61e9180ae2222cc0616c137fe441a46cd40021448a04152f
1182,4-9-16_16PCC_32,4-9-16_16PCC,2016-09-04,16PCC,M051,train,train,patches/S2_4-9-16_16PCC/S2_4-9-16_16PCC_32.tif,patches/S2_4-9-16_16PCC/S2_4-9-16_16PCC_32_cl.tif,patches/S2_4-9-16_16PCC/S2_4-9-16_16PCC_32_conf.tif,d0b550a375bfcd4dab605947a0a51e1849c276a6bcbe14c84f1dc84ced2aae4f
1183,4-9-16_16PCC_33,4-9-16_16PCC,2016-09-04,16PCC,M051,train,train,patches/S2_4-9-16_16PCC/S2_4-9-16_16PCC_33.tif,patches/S2_4-9-16_16PCC/S2_4-9-16_16PCC_33_cl.tif,patches/S2_4-9-16_16PCC/S2_4-9-16_16PCC_33_conf.tif,4600ae45fa1898962aab99ce69407359b7b93b8da3c6c0dd6fcfa99222362842
1184,4-9-16_16PCC_34,4-9-16_16PCC,2016-09-04,16PCC,M051,train,train,patches/S2_4-9-16_16PCC/S2_4-9-16_16PCC_34.tif,patches/S2_4-9-16_16PCC/S2_4-9-16_16PCC_34_cl.tif,patches/S2_4-9-16_16PCC/S2_4-9-16_16PCC_34_conf.tif,5cd738b94ee117f2523d6f0ae98f4fec7c4adfb332502d9958e7be6db1152d3b
1185,4-9-16_16PCC_35,4-9-16_16PCC,2016-09-04,16PCC,M051,train,train,patches/S2_4-9-16_16PCC/S2_4-9-16_16PCC_35.tif,patches/S2_4-9-16_16PCC/S2_4-9-16_16PCC_35_cl.tif,patches/S2_4-9-16_16PCC/S2_4-9-16_16PCC_35_conf.tif,abeec3033b93a96d1fa2b937599b0bf072b76f15cc744676332cabf46a3597ec
1186,4-9-16_16PCC_36,4-9-16_16PCC,2016-09-04,16PCC,M051,train,train,patches/S2_4-9-16_16PCC/S2_4-9-16_16PCC_36.tif,patches/S2_4-9-16_16PCC/S2_4-9-16_16PCC_36_cl.tif,patches/S2_4-9-16_16PCC/S2_4-9-16_16PCC_36_conf.tif,f48e10d7d3364c8c6cf575268a40c6df3b5e7bcad271e8c9270ad26131ecab35
1187,4-9-16_16PCC_37,4-9-16_16PCC,2016-09-04,16PCC,M051,train,train,patches/S2_4-9-16_16PCC/S2_4-9-16_16PCC_37.tif,patches/S2_4-9-16_16PCC/S2_4-9-16_16PCC_37_cl.tif,patches/S2_4-9-16_16PCC/S2_4-9-16_16PCC_37_conf.tif,e2ab9d748d6fc24df9134c476db5c61a77b646631d05718af9951466af27f615
1188,4-9-16_16PCC_38,4-9-16_16PCC,2016-09-04,16PCC,M051,train,train,patches/S2_4-9-16_16PCC/S2_4-9-16_16PCC_38.tif,patches/S2_4-9-16_16PCC/S2_4-9-16_16PCC_38_cl.tif,patches/S2_4-9-16_16PCC/S2_4-9-16_16PCC_38_conf.tif,4892a77c1cd6dfb1b353ef804ba494757832a63438549fa9a8af748d702323a9
1189,4-9-16_16PCC_39,4-9-16_16PCC,2016-09-04,16PCC,M051,train,train,patches/S2_4-9-16_16PCC/S2_4-9-16_16PCC_39.tif,patches/S2_4-9-16_16PCC/S2_4-9-16_16PCC_39_cl.tif,patches/S2_4-9-16_16PCC/S2_4-9-16_16PCC_39_conf.tif,ed948da849e657ada5c290820283e92419b80fb7f6fec006fc37224348d6b3ae
1190,4-9-16_16PCC_4,4-9-16_16PCC,2016-09-04,16PCC,M051,train,train,patches/S2_4-9-16_16PCC/S2_4-9-16_16PCC_4.tif,patches/S2_4-9-16_16PCC/S2_4-9-16_16PCC_4_cl.tif,patches/S2_4-9-16_16PCC/S2_4-9-16_16PCC_4_conf.tif,80dc847f58b7f0e344d1d46840bea6afde0ea28299a97d0bf0e5492b1221564d
1191,4-9-16_16PCC_40,4-9-16_16PCC,2016-09-04,16PCC,M051,train,train,patches/S2_4-9-16_16PCC/S2_4-9-16_16PCC_40.tif,patches/S2_4-9-16_16PCC/S2_4-9-16_16PCC_40_cl.tif,patches/S2_4-9-16_16PCC/S2_4-9-16_16PCC_40_conf.tif,e782b40bce58e3180c5a3b44b6124edcc3e8b8c6909a7cc0173c0109729b4bce
1192,4-9-16_16PCC_41,4-9-16_16PCC,2016-09-04,16PCC,M051,train,train,patches/S2_4-9-16_16PCC/S2_4-9-16_16PCC_41.tif,patches/S2_4-9-16_16PCC/S2_4-9-16_16PCC_41_cl.tif,patches/S2_4-9-16_16PCC/S2_4-9-16_16PCC_41_conf.tif,05bf1a04c8959f59a891a08de98380c2f5317d34167f178059353839d0d8b15c
1193,4-9-16_16PCC_42,4-9-16_16PCC,2016-09-04,16PCC,M051,train,train,patches/S2_4-9-16_16PCC/S2_4-9-16_16PCC_42.tif,patches/S2_4-9-16_16PCC/S2_4-9-16_16PCC_42_cl.tif,patches/S2_4-9-16_16PCC/S2_4-9-16_16PCC_42_conf.tif,98795618f0b615ac12a14f7915d5fd3e1f7539ed5757c88b37bb21e6a1459b2d
1194,4-9-16_16PCC_43,4-9-16_16PCC,2016-09-04,16PCC,M051,train,train,patches/S2_4-9-16_16PCC/S2_4-9-16_16PCC_43.tif,patches/S2_4-9-16_16PCC/S2_4-9-16_16PCC_43_cl.tif,patches/S2_4-9-16_16PCC/S2_4-9-16_16PCC_43_conf.tif,90213c8635ae8e7522efb02486c4ffac5b665ed147cdc8ce5a1287511aae434a
1195,4-9-16_16PCC_44,4-9-16_16PCC,2016-09-04,16PCC,M051,train,train,patches/S2_4-9-16_16PCC/S2_4-9-16_16PCC_44.tif,patches/S2_4-9-16_16PCC/S2_4-9-16_16PCC_44_cl.tif,patches/S2_4-9-16_16PCC/S2_4-9-16_16PCC_44_conf.tif,c04589f5765b1ae6dad7f332f6ec94d2d6e8aaf6f3ff78c594c077ed876d7052
1196,4-9-16_16PCC_45,4-9-16_16PCC,2016-09-04,16PCC,M051,train,train,patches/S2_4-9-16_16PCC/S2_4-9-16_16PCC_45.tif,patches/S2_4-9-16_16PCC/S2_4-9-16_16PCC_45_cl.tif,patches/S2_4-9-16_16PCC/S2_4-9-16_16PCC_45_conf.tif,0a99ef0151652dfd594b12940dda52045e5a61848c50e9762f063d1d618c70d5
1197,4-9-16_16PCC_46,4-9-16_16PCC,2016-09-04,16PCC,M051,train,train,patches/S2_4-9-16_16PCC/S2_4-9-16_16PCC_46.tif,patches/S2_4-9-16_16PCC/S2_4-9-16_16PCC_46_cl.tif,patches/S2_4-9-16_16PCC/S2_4-9-16_16PCC_46_conf.tif,95201a68a4ec15dfa10406da627da015ac6ce1c24656c717981c1415dce29c46
1198,4-9-16_16PCC_47,4-9-16_16PCC,2016-09-04,16PCC,M051,train,train,patches/S2_4-9-16_16PCC/S2_4-9-16_16PCC_47.tif,patches/S2_4-9-16_16PCC/S2_4-9-16_16PCC_47_cl.tif,patches/S2_4-9-16_16PCC/S2_4-9-16_16PCC_47_conf.tif,02675e6b09d4b537d0851ac0727b5178255edbb6e56bdb29d75b406f917d25ea
1199,4-9-16_16PCC_5,4-9-16_16PCC,2016-09-04,16PCC,M051,train,train,patches/S2_4-9-16_16PCC/S2_4-9-16_16PCC_5.tif,patches/S2_4-9-16_16PCC/S2_4-9-16_16PCC_5_cl.tif,patches/S2_4-9-16_16PCC/S2_4-9-16_16PCC_5_conf.tif,936b5e6cd7ef6ab28aecbc0abfb08ae7af98f6236c6a880ceac8cea28df076b9
1200,4-9-16_16PCC_6,4-9-16_16PCC,2016-09-04,16PCC,M051,train,train,patches/S2_4-9-16_16PCC/S2_4-9-16_16PCC_6.tif,patches/S2_4-9-16_16PCC/S2_4-9-16_16PCC_6_cl.tif,patches/S2_4-9-16_16PCC/S2_4-9-16_16PCC_6_conf.tif,02a06e2fc77ac1a20becefb5b5e79fb87f75e3d4d5a4a5fae9f344d196c7585b
1201,4-9-16_16PCC_7,4-9-16_16PCC,2016-09-04,16PCC,M051,train,train,patches/S2_4-9-16_16PCC/S2_4-9-16_16PCC_7.tif,patches/S2_4-9-16_16PCC/S2_4-9-16_16PCC_7_cl.tif,patches/S2_4-9-16_16PCC/S2_4-9-16_16PCC_7_conf.tif,fc6c7f46760f2b039a18639f4ffd111bd71a6df1c407936c75ac3530d014e1d4
1202,4-9-16_16PCC_8,4-9-16_16PCC,2016-09-04,16PCC,M051,train,train,patches/S2_4-9-16_16PCC/S2_4-9-16_16PCC_8.tif,patches/S2_4-9-16_16PCC/S2_4-9-16_16PCC_8_cl.tif,patches/S2_4-9-16_16PCC/S2_4-9-16_16PCC_8_conf.tif,1e5c8f5420dc4d566d1b8f68c948e8d9d2b2ca0ab216e5527cc0519dc808225b
1203,4-9-16_16PCC_9,4-9-16_16PCC,2016-09-04,16PCC,M051,train,train,patches/S2_4-9-16_16PCC/S2_4-9-16_16PCC_9.tif,patches/S2_4-9-16_16PCC/S2_4-9-16_16PCC_9_cl.tif,patches/S2_4-9-16_16PCC/S2_4-9-16_16PCC_9_conf.tif,63a78f88cce2625f13bc0cb8ea9579c9b185140e75b9e906d6b190810ec634e0
1204,4-9-19_16PCC_0,4-9-19_16PCC,2019-09-04,16PCC,M052,train,train,patches/S2_4-9-19_16PCC/S2_4-9-19_16PCC_0.tif,patches/S2_4-9-19_16PCC/S2_4-9-19_16PCC_0_cl.tif,patches/S2_4-9-19_16PCC/S2_4-9-19_16PCC_0_conf.tif,eadb7e5c8526bc14e0246396263e80bab2d8391aff24634f3323bdb81bf7934b
1205,4-9-19_16PCC_1,4-9-19_16PCC,2019-09-04,16PCC,M052,train,train,patches/S2_4-9-19_16PCC/S2_4-9-19_16PCC_1.tif,patches/S2_4-9-19_16PCC/S2_4-9-19_16PCC_1_cl.tif,patches/S2_4-9-19_16PCC/S2_4-9-19_16PCC_1_conf.tif,6e1d9228096393da72d3b11e043876ca1593faab756979be62389964393e744a
1206,4-9-19_16PCC_10,4-9-19_16PCC,2019-09-04,16PCC,M052,train,train,patches/S2_4-9-19_16PCC/S2_4-9-19_16PCC_10.tif,patches/S2_4-9-19_16PCC/S2_4-9-19_16PCC_10_cl.tif,patches/S2_4-9-19_16PCC/S2_4-9-19_16PCC_10_conf.tif,c6a64d45d55b90263e27fa0fd6db99cfb4f6ed5c440e41f88ce82ce81433e271
1207,4-9-19_16PCC_11,4-9-19_16PCC,2019-09-04,16PCC,M052,train,train,patches/S2_4-9-19_16PCC/S2_4-9-19_16PCC_11.tif,patches/S2_4-9-19_16PCC/S2_4-9-19_16PCC_11_cl.tif,patches/S2_4-9-19_16PCC/S2_4-9-19_16PCC_11_conf.tif,7a00858eb2122638a21c87b26f765a2a5eb91149558ad1354805979dbd61ddee
1208,4-9-19_16PCC_12,4-9-19_16PCC,2019-09-04,16PCC,M052,train,train,patches/S2_4-9-19_16PCC/S2_4-9-19_16PCC_12.tif,patches/S2_4-9-19_16PCC/S2_4-9-19_16PCC_12_cl.tif,patches/S2_4-9-19_16PCC/S2_4-9-19_16PCC_12_conf.tif,d6bc48d54daaba096ae7115afe680afe933bf38ba4ee7b9fd122cb1a18337377
1209,4-9-19_16PCC_13,4-9-19_16PCC,2019-09-04,16PCC,M052,train,train,patches/S2_4-9-19_16PCC/S2_4-9-19_16PCC_13.tif,patches/S2_4-9-19_16PCC/S2_4-9-19_16PCC_13_cl.tif,patches/S2_4-9-19_16PCC/S2_4-9-19_16PCC_13_conf.tif,46dcead76d56c4f7c7545e85b205fff3041302bdf4d083d68461b8f695e887e0
1210,4-9-19_16PCC_14,4-9-19_16PCC,2019-09-04,16PCC,M052,train,train,patches/S2_4-9-19_16PCC/S2_4-9-19_16PCC_14.tif,patches/S2_4-9-19_16PCC/S2_4-9-19_16PCC_14_cl.tif,patches/S2_4-9-19_16PCC/S2_4-9-19_16PCC_14_conf.tif,e4b21ea9304518b63d303f76bfda7ce3e626796151eb65ee758a7eed603db38e
1211,4-9-19_16PCC_15,4-9-19_16PCC,2019-09-04,16PCC,M052,train,train,patches/S2_4-9-19_16PCC/S2_4-9-19_16PCC_15.tif,patches/S2_4-9-19_16PCC/S2_4-9-19_16PCC_15_cl.tif,patches/S2_4-9-19_16PCC/S2_4-9-19_16PCC_15_conf.tif,11a6330fa7d698a504b6eac235791cfa332c5cceffe4a227f20dc3d79a7e01e8
1212,4-9-19_16PCC_16,4-9-19_16PCC,2019-09-04,16PCC,M052,train,train,patches/S2_4-9-19_16PCC/S2_4-9-19_16PCC_16.tif,patches/S2_4-9-19_16PCC/S2_4-9-19_16PCC_16_cl.tif,patches/S2_4-9-19_16PCC/S2_4-9-19_16PCC_16_conf.tif,c352ba10d8615117e041408b4594d2ebff3364f1597e3f2c628881149980e167
1213,4-9-19_16PCC_17,4-9-19_16PCC,2019-09-04,16PCC,M052,train,train,patches/S2_4-9-19_16PCC/S2_4-9-19_16PCC_17.tif,patches/S2_4-9-19_16PCC/S2_4-9-19_16PCC_17_cl.tif,patches/S2_4-9-19_16PCC/S2_4-9-19_16PCC_17_conf.tif,1e33aae9b5f26eb4168c4fa347ef8fd60f7bdad95e747cecce6764342b1cbda6
1214,4-9-19_16PCC_18,4-9-19_16PCC,2019-09-04,16PCC,M052,train,train,patches/S2_4-9-19_16PCC/S2_4-9-19_16PCC_18.tif,patches/S2_4-9-19_16PCC/S2_4-9-19_16PCC_18_cl.tif,patches/S2_4-9-19_16PCC/S2_4-9-19_16PCC_18_conf.tif,1bf57ac00b230249c1742eb32b947e30f542f238cb759b91f0cf0051305b484e
1215,4-9-19_16PCC_19,4-9-19_16PCC,2019-09-04,16PCC,M052,train,train,patches/S2_4-9-19_16PCC/S2_4-9-19_16PCC_19.tif,patches/S2_4-9-19_16PCC/S2_4-9-19_16PCC_19_cl.tif,patches/S2_4-9-19_16PCC/S2_4-9-19_16PCC_19_conf.tif,65bd7af8519664b9bf655ea82489a1ebb8f39854f89ecd5b62db0204722f6a9c
1216,4-9-19_16PCC_2,4-9-19_16PCC,2019-09-04,16PCC,M052,train,train,patches/S2_4-9-19_16PCC/S2_4-9-19_16PCC_2.tif,patches/S2_4-9-19_16PCC/S2_4-9-19_16PCC_2_cl.tif,patches/S2_4-9-19_16PCC/S2_4-9-19_16PCC_2_conf.tif,509caa4a80044d9cd67c71077bfa06442965d1bc7a829be1520ad8a63736f03d
1217,4-9-19_16PCC_20,4-9-19_16PCC,2019-09-04,16PCC,M052,train,train,patches/S2_4-9-19_16PCC/S2_4-9-19_16PCC_20.tif,patches/S2_4-9-19_16PCC/S2_4-9-19_16PCC_20_cl.tif,patches/S2_4-9-19_16PCC/S2_4-9-19_16PCC_20_conf.tif,bcffd9f32eb35acff9aeb5e92837e4c16910c69552990105a0cd5c415f21f635
1218,4-9-19_16PCC_21,4-9-19_16PCC,2019-09-04,16PCC,M052,train,train,patches/S2_4-9-19_16PCC/S2_4-9-19_16PCC_21.tif,patches/S2_4-9-19_16PCC/S2_4-9-19_16PCC_21_cl.tif,patches/S2_4-9-19_16PCC/S2_4-9-19_16PCC_21_conf.tif,5b67cf65433dee13216638c36a55230f7c2e8703fc8dcf87a3e45a090e6fdf18
1219,4-9-19_16PCC_22,4-9-19_16PCC,2019-09-04,16PCC,M052,train,train,patches/S2_4-9-19_16PCC/S2_4-9-19_16PCC_22.tif,patches/S2_4-9-19_16PCC/S2_4-9-19_16PCC_22_cl.tif,patches/S2_4-9-19_16PCC/S2_4-9-19_16PCC_22_conf.tif,0dbbd2ecf12c2c30b385b726dd11e1b82ee13dc5abbd706a181f1da32f2ddea2
1220,4-9-19_16PCC_23,4-9-19_16PCC,2019-09-04,16PCC,M052,train,train,patches/S2_4-9-19_16PCC/S2_4-9-19_16PCC_23.tif,patches/S2_4-9-19_16PCC/S2_4-9-19_16PCC_23_cl.tif,patches/S2_4-9-19_16PCC/S2_4-9-19_16PCC_23_conf.tif,87e25a2fe2b7742caa08a8cc86c0072b1208904884d8dfb0cfcc3c4a7ca5006c
1221,4-9-19_16PCC_24,4-9-19_16PCC,2019-09-04,16PCC,M052,train,train,patches/S2_4-9-19_16PCC/S2_4-9-19_16PCC_24.tif,patches/S2_4-9-19_16PCC/S2_4-9-19_16PCC_24_cl.tif,patches/S2_4-9-19_16PCC/S2_4-9-19_16PCC_24_conf.tif,5919d7aa3f40147315fa5633bf6a977b20717d5c5d6a4bd30fbf3e1064ea6a24
1222,4-9-19_16PCC_25,4-9-19_16PCC,2019-09-04,16PCC,M052,train,train,patches/S2_4-9-19_16PCC/S2_4-9-19_16PCC_25.tif,patches/S2_4-9-19_16PCC/S2_4-9-19_16PCC_25_cl.tif,patches/S2_4-9-19_16PCC/S2_4-9-19_16PCC_25_conf.tif,2b3c64aadb9e93bb8bed4bcc79afdeaa24e2c1f1caa059ef811b2bcbb9e1be65
1223,4-9-19_16PCC_26,4-9-19_16PCC,2019-09-04,16PCC,M052,train,train,patches/S2_4-9-19_16PCC/S2_4-9-19_16PCC_26.tif,patches/S2_4-9-19_16PCC/S2_4-9-19_16PCC_26_cl.tif,patches/S2_4-9-19_16PCC/S2_4-9-19_16PCC_26_conf.tif,11ec93e9e595994ba16905db740fff26a4f3fada991b4d1e093bcf08d47f84d4
1224,4-9-19_16PCC_27,4-9-19_16PCC,2019-09-04,16PCC,M052,train,train,patches/S2_4-9-19_16PCC/S2_4-9-19_16PCC_27.tif,patches/S2_4-9-19_16PCC/S2_4-9-19_16PCC_27_cl.tif,patches/S2_4-9-19_16PCC/S2_4-9-19_16PCC_27_conf.tif,4a76fa6291e6b22ebc13e32c6b9a438ba6bac558d7c29cdae73c8de312ba1723
1225,4-9-19_16PCC_28,4-9-19_16PCC,2019-09-04,16PCC,M052,train,train,patches/S2_4-9-19_16PCC/S2_4-9-19_16PCC_28.tif,patches/S2_4-9-19_16PCC/S2_4-9-19_16PCC_28_cl.tif,patches/S2_4-9-19_16PCC/S2_4-9-19_16PCC_28_conf.tif,5c010bac7df8e8e9d9bca121cd8345cca8bf4fc470ae96fd1078b7499fa9fd54
1226,4-9-19_16PCC_29,4-9-19_16PCC,2019-09-04,16PCC,M052,train,train,patches/S2_4-9-19_16PCC/S2_4-9-19_16PCC_29.tif,patches/S2_4-9-19_16PCC/S2_4-9-19_16PCC_29_cl.tif,patches/S2_4-9-19_16PCC/S2_4-9-19_16PCC_29_conf.tif,14ded83b83912d0e34628e2ebf6c5fc70b96444d73c59837210b4b40a1a16655
1227,4-9-19_16PCC_3,4-9-19_16PCC,2019-09-04,16PCC,M052,train,train,patches/S2_4-9-19_16PCC/S2_4-9-19_16PCC_3.tif,patches/S2_4-9-19_16PCC/S2_4-9-19_16PCC_3_cl.tif,patches/S2_4-9-19_16PCC/S2_4-9-19_16PCC_3_conf.tif,2539d786e9df5d26b8ba9cec16aba43525499ff6a72d929ba21dc384fc1259c5
1228,4-9-19_16PCC_30,4-9-19_16PCC,2019-09-04,16PCC,M052,train,train,patches/S2_4-9-19_16PCC/S2_4-9-19_16PCC_30.tif,patches/S2_4-9-19_16PCC/S2_4-9-19_16PCC_30_cl.tif,patches/S2_4-9-19_16PCC/S2_4-9-19_16PCC_30_conf.tif,e8b08d062709fb1f40c4d147b6fabdf230075e9699f0ff4e30d75afcab536a81
1229,4-9-19_16PCC_31,4-9-19_16PCC,2019-09-04,16PCC,M052,train,train,patches/S2_4-9-19_16PCC/S2_4-9-19_16PCC_31.tif,patches/S2_4-9-19_16PCC/S2_4-9-19_16PCC_31_cl.tif,patches/S2_4-9-19_16PCC/S2_4-9-19_16PCC_31_conf.tif,ec9b7712c9c09765d37d61bfe3e6ccf808ce491bc30e30c1b23b408aa178111c
1230,4-9-19_16PCC_32,4-9-19_16PCC,2019-09-04,16PCC,M052,train,train,patches/S2_4-9-19_16PCC/S2_4-9-19_16PCC_32.tif,patches/S2_4-9-19_16PCC/S2_4-9-19_16PCC_32_cl.tif,patches/S2_4-9-19_16PCC/S2_4-9-19_16PCC_32_conf.tif,3aa59622165ae0f78f2e555eab1e03873e66222d9730debecfc529eb58a1e9d5
1231,4-9-19_16PCC_4,4-9-19_16PCC,2019-09-04,16PCC,M052,train,train,patches/S2_4-9-19_16PCC/S2_4-9-19_16PCC_4.tif,patches/S2_4-9-19_16PCC/S2_4-9-19_16PCC_4_cl.tif,patches/S2_4-9-19_16PCC/S2_4-9-19_16PCC_4_conf.tif,e241a241bd7563e5e0e3599e88d46e6623b84d9b36f407c8c23b0f7e613ebf37
1232,4-9-19_16PCC_5,4-9-19_16PCC,2019-09-04,16PCC,M052,train,train,patches/S2_4-9-19_16PCC/S2_4-9-19_16PCC_5.tif,patches/S2_4-9-19_16PCC/S2_4-9-19_16PCC_5_cl.tif,patches/S2_4-9-19_16PCC/S2_4-9-19_16PCC_5_conf.tif,77faabe478e166dcfb00f80fd3588b575c480df5b0869d5ad7f2873cee6de02b
1233,4-9-19_16PCC_6,4-9-19_16PCC,2019-09-04,16PCC,M052,train,train,patches/S2_4-9-19_16PCC/S2_4-9-19_16PCC_6.tif,patches/S2_4-9-19_16PCC/S2_4-9-19_16PCC_6_cl.tif,patches/S2_4-9-19_16PCC/S2_4-9-19_16PCC_6_conf.tif,b92403780168acd27592c80e34233ecfc833c39f88414534248b995f4ad927db
1234,4-9-19_16PCC_7,4-9-19_16PCC,2019-09-04,16PCC,M052,train,train,patches/S2_4-9-19_16PCC/S2_4-9-19_16PCC_7.tif,patches/S2_4-9-19_16PCC/S2_4-9-19_16PCC_7_cl.tif,patches/S2_4-9-19_16PCC/S2_4-9-19_16PCC_7_conf.tif,89e1a39b8cfa6948ddb1eba6a1bdd81bb53a1c218a1e72bb80a3716bfae96dd3
1235,4-9-19_16PCC_8,4-9-19_16PCC,2019-09-04,16PCC,M052,train,train,patches/S2_4-9-19_16PCC/S2_4-9-19_16PCC_8.tif,patches/S2_4-9-19_16PCC/S2_4-9-19_16PCC_8_cl.tif,patches/S2_4-9-19_16PCC/S2_4-9-19_16PCC_8_conf.tif,6da442ba8949ad97526e35c0bb57ea8ca8867c4f96172760a5be22f0aa40b847
1236,4-9-19_16PCC_9,4-9-19_16PCC,2019-09-04,16PCC,M052,train,train,patches/S2_4-9-19_16PCC/S2_4-9-19_16PCC_9.tif,patches/S2_4-9-19_16PCC/S2_4-9-19_16PCC_9_cl.tif,patches/S2_4-9-19_16PCC/S2_4-9-19_16PCC_9_conf.tif,c5071c1d58ce3e8c30a82d4486b2ba065177ff07b651fdb20ecbcc55ca1b5b1e
1237,6-12-17_48MYU_0,6-12-17_48MYU,2017-12-06,48MYU,M053,train,train,patches/S2_6-12-17_48MYU/S2_6-12-17_48MYU_0.tif,patches/S2_6-12-17_48MYU/S2_6-12-17_48MYU_0_cl.tif,patches/S2_6-12-17_48MYU/S2_6-12-17_48MYU_0_conf.tif,a621ddc7be8d2787a29c98573d5120602cbe03492999ab07e05a869694d23310
1238,6-12-17_48MYU_1,6-12-17_48MYU,2017-12-06,48MYU,M053,train,train,patches/S2_6-12-17_48MYU/S2_6-12-17_48MYU_1.tif,patches/S2_6-12-17_48MYU/S2_6-12-17_48MYU_1_cl.tif,patches/S2_6-12-17_48MYU/S2_6-12-17_48MYU_1_conf.tif,16c5d59b7f07b34bf130b1231d49dd63fb2344197dd8af392949f606f44dfc09
1239,6-12-18_48MXU_0,6-12-18_48MXU,2018-12-06,48MXU,M054,train,train,patches/S2_6-12-18_48MXU/S2_6-12-18_48MXU_0.tif,patches/S2_6-12-18_48MXU/S2_6-12-18_48MXU_0_cl.tif,patches/S2_6-12-18_48MXU/S2_6-12-18_48MXU_0_conf.tif,41e35e971737adca6dc1740ce3188185163f14113a7391eec9554265e59f3665
1240,6-12-18_48MXU_1,6-12-18_48MXU,2018-12-06,48MXU,M054,train,train,patches/S2_6-12-18_48MXU/S2_6-12-18_48MXU_1.tif,patches/S2_6-12-18_48MXU/S2_6-12-18_48MXU_1_cl.tif,patches/S2_6-12-18_48MXU/S2_6-12-18_48MXU_1_conf.tif,e92f21fbdb58187c69524b97e05bf27166f95209305c479cc0724852f46ad86e
1241,6-12-18_48MXU_10,6-12-18_48MXU,2018-12-06,48MXU,M054,train,train,patches/S2_6-12-18_48MXU/S2_6-12-18_48MXU_10.tif,patches/S2_6-12-18_48MXU/S2_6-12-18_48MXU_10_cl.tif,patches/S2_6-12-18_48MXU/S2_6-12-18_48MXU_10_conf.tif,fcd2da4f467964254cb08d688f2f4f8e413ad2d5db5d6b68fb7d4f57141011e3
1242,6-12-18_48MXU_11,6-12-18_48MXU,2018-12-06,48MXU,M054,train,train,patches/S2_6-12-18_48MXU/S2_6-12-18_48MXU_11.tif,patches/S2_6-12-18_48MXU/S2_6-12-18_48MXU_11_cl.tif,patches/S2_6-12-18_48MXU/S2_6-12-18_48MXU_11_conf.tif,77459d713a16a473a962de231f1d52212128d8d1aac07a25e8817adbed3272fe
1243,6-12-18_48MXU_12,6-12-18_48MXU,2018-12-06,48MXU,M054,train,train,patches/S2_6-12-18_48MXU/S2_6-12-18_48MXU_12.tif,patches/S2_6-12-18_48MXU/S2_6-12-18_48MXU_12_cl.tif,patches/S2_6-12-18_48MXU/S2_6-12-18_48MXU_12_conf.tif,7c998ee2097d21d5253e308aaaea7f840aea65c9f3f94305a5b71c87a524d5b4
1244,6-12-18_48MXU_13,6-12-18_48MXU,2018-12-06,48MXU,M054,train,train,patches/S2_6-12-18_48MXU/S2_6-12-18_48MXU_13.tif,patches/S2_6-12-18_48MXU/S2_6-12-18_48MXU_13_cl.tif,patches/S2_6-12-18_48MXU/S2_6-12-18_48MXU_13_conf.tif,a4185e3462f2082a3e0ac6ea5218e1995f9bed1b9b12fd95c61e3318fd985d61
1245,6-12-18_48MXU_14,6-12-18_48MXU,2018-12-06,48MXU,M054,train,train,patches/S2_6-12-18_48MXU/S2_6-12-18_48MXU_14.tif,patches/S2_6-12-18_48MXU/S2_6-12-18_48MXU_14_cl.tif,patches/S2_6-12-18_48MXU/S2_6-12-18_48MXU_14_conf.tif,e7d5d14ef0d432bfbb03ec3eeadd5173abb4684e3d7021129597a6907f63747d
1246,6-12-18_48MXU_15,6-12-18_48MXU,2018-12-06,48MXU,M054,train,train,patches/S2_6-12-18_48MXU/S2_6-12-18_48MXU_15.tif,patches/S2_6-12-18_48MXU/S2_6-12-18_48MXU_15_cl.tif,patches/S2_6-12-18_48MXU/S2_6-12-18_48MXU_15_conf.tif,788bb18c03cf761aa7544550d66804509e3946701059e1e8c1fe1ae664eba1d6
1247,6-12-18_48MXU_16,6-12-18_48MXU,2018-12-06,48MXU,M054,train,train,patches/S2_6-12-18_48MXU/S2_6-12-18_48MXU_16.tif,patches/S2_6-12-18_48MXU/S2_6-12-18_48MXU_16_cl.tif,patches/S2_6-12-18_48MXU/S2_6-12-18_48MXU_16_conf.tif,e37c45eae2be461ed1dd7c5bdeac8192d6d7365d5ecb405af060e4f643f98968
1248,6-12-18_48MXU_17,6-12-18_48MXU,2018-12-06,48MXU,M054,train,train,patches/S2_6-12-18_48MXU/S2_6-12-18_48MXU_17.tif,patches/S2_6-12-18_48MXU/S2_6-12-18_48MXU_17_cl.tif,patches/S2_6-12-18_48MXU/S2_6-12-18_48MXU_17_conf.tif,c401581568688fa156444b0f937375ed4d4c1db1202967a2c33b2e9bc809f486
1249,6-12-18_48MXU_18,6-12-18_48MXU,2018-12-06,48MXU,M054,train,train,patches/S2_6-12-18_48MXU/S2_6-12-18_48MXU_18.tif,patches/S2_6-12-18_48MXU/S2_6-12-18_48MXU_18_cl.tif,patches/S2_6-12-18_48MXU/S2_6-12-18_48MXU_18_conf.tif,5ba2b8c9420eb733f0b3aa725a37e7bb5782fcaeb0fa30365638d039172d203e
1250,6-12-18_48MXU_19,6-12-18_48MXU,2018-12-06,48MXU,M054,train,train,patches/S2_6-12-18_48MXU/S2_6-12-18_48MXU_19.tif,patches/S2_6-12-18_48MXU/S2_6-12-18_48MXU_19_cl.tif,patches/S2_6-12-18_48MXU/S2_6-12-18_48MXU_19_conf.tif,2474c3b7ead0bb175a11f0cd271ff6f9987155d319089c10df56c4404a20a035
1251,6-12-18_48MXU_2,6-12-18_48MXU,2018-12-06,48MXU,M054,train,train,patches/S2_6-12-18_48MXU/S2_6-12-18_48MXU_2.tif,patches/S2_6-12-18_48MXU/S2_6-12-18_48MXU_2_cl.tif,patches/S2_6-12-18_48MXU/S2_6-12-18_48MXU_2_conf.tif,4b38b7569c649dfd276fc2484fccd57c509950ced8686f0e84fd75667fbdbaa4
1252,6-12-18_48MXU_20,6-12-18_48MXU,2018-12-06,48MXU,M054,train,train,patches/S2_6-12-18_48MXU/S2_6-12-18_48MXU_20.tif,patches/S2_6-12-18_48MXU/S2_6-12-18_48MXU_20_cl.tif,patches/S2_6-12-18_48MXU/S2_6-12-18_48MXU_20_conf.tif,dd3530c1818a9505de3f7a24dcfb3c15ac7cbbcde046d7e2ce3eeb24b90f1177
1253,6-12-18_48MXU_21,6-12-18_48MXU,2018-12-06,48MXU,M054,train,train,patches/S2_6-12-18_48MXU/S2_6-12-18_48MXU_21.tif,patches/S2_6-12-18_48MXU/S2_6-12-18_48MXU_21_cl.tif,patches/S2_6-12-18_48MXU/S2_6-12-18_48MXU_21_conf.tif,a1042f723184771ff2754d8c931b61756d52bdec269a1cdcc3d4859cde514bac
1254,6-12-18_48MXU_22,6-12-18_48MXU,2018-12-06,48MXU,M054,train,train,patches/S2_6-12-18_48MXU/S2_6-12-18_48MXU_22.tif,patches/S2_6-12-18_48MXU/S2_6-12-18_48MXU_22_cl.tif,patches/S2_6-12-18_48MXU/S2_6-12-18_48MXU_22_conf.tif,26f68f75fcf04c80376ef99754866a29582fe669db5459b83b6b76440a4ede52
1255,6-12-18_48MXU_23,6-12-18_48MXU,2018-12-06,48MXU,M054,train,train,patches/S2_6-12-18_48MXU/S2_6-12-18_48MXU_23.tif,patches/S2_6-12-18_48MXU/S2_6-12-18_48MXU_23_cl.tif,patches/S2_6-12-18_48MXU/S2_6-12-18_48MXU_23_conf.tif,eb8bacd9702c0762dcc6b7f402a71d16d37914e70c1153162274c3e80ca7adf0
1256,6-12-18_48MXU_24,6-12-18_48MXU,2018-12-06,48MXU,M054,train,train,patches/S2_6-12-18_48MXU/S2_6-12-18_48MXU_24.tif,patches/S2_6-12-18_48MXU/S2_6-12-18_48MXU_24_cl.tif,patches/S2_6-12-18_48MXU/S2_6-12-18_48MXU_24_conf.tif,93414fd0dfa966ac982a5ed617d4315d9d4c3180ad4840c8b92c4b29d2b55aee
1257,6-12-18_48MXU_25,6-12-18_48MXU,2018-12-06,48MXU,M054,train,train,patches/S2_6-12-18_48MXU/S2_6-12-18_48MXU_25.tif,patches/S2_6-12-18_48MXU/S2_6-12-18_48MXU_25_cl.tif,patches/S2_6-12-18_48MXU/S2_6-12-18_48MXU_25_conf.tif,a67e81af2d7ffa67f281dca22985c642b5ddd292ac87a82971bab1a25157530c
1258,6-12-18_48MXU_26,6-12-18_48MXU,2018-12-06,48MXU,M054,train,train,patches/S2_6-12-18_48MXU/S2_6-12-18_48MXU_26.tif,patches/S2_6-12-18_48MXU/S2_6-12-18_48MXU_26_cl.tif,patches/S2_6-12-18_48MXU/S2_6-12-18_48MXU_26_conf.tif,3958afb732887d07f92c21788a9e46d6f4e33c610b5b6de81d5ba118aedeb60b
1259,6-12-18_48MXU_27,6-12-18_48MXU,2018-12-06,48MXU,M054,train,train,patches/S2_6-12-18_48MXU/S2_6-12-18_48MXU_27.tif,patches/S2_6-12-18_48MXU/S2_6-12-18_48MXU_27_cl.tif,patches/S2_6-12-18_48MXU/S2_6-12-18_48MXU_27_conf.tif,50ed52f257db331090ae62b6e81c8b1b3d50eab902e377388321540199c263b8
1260,6-12-18_48MXU_28,6-12-18_48MXU,2018-12-06,48MXU,M054,train,train,patches/S2_6-12-18_48MXU/S2_6-12-18_48MXU_28.tif,patches/S2_6-12-18_48MXU/S2_6-12-18_48MXU_28_cl.tif,patches/S2_6-12-18_48MXU/S2_6-12-18_48MXU_28_conf.tif,227f2db3f8b9b38ccb01899ffbca45908a4ed8c0d59c6b84ee39fa5ee7f5c675
1261,6-12-18_48MXU_29,6-12-18_48MXU,2018-12-06,48MXU,M054,train,train,patches/S2_6-12-18_48MXU/S2_6-12-18_48MXU_29.tif,patches/S2_6-12-18_48MXU/S2_6-12-18_48MXU_29_cl.tif,patches/S2_6-12-18_48MXU/S2_6-12-18_48MXU_29_conf.tif,1e3d0ff11938d9987f6183542cf6a4b394a943929c057d07742d3416a8084a0f
1262,6-12-18_48MXU_3,6-12-18_48MXU,2018-12-06,48MXU,M054,train,train,patches/S2_6-12-18_48MXU/S2_6-12-18_48MXU_3.tif,patches/S2_6-12-18_48MXU/S2_6-12-18_48MXU_3_cl.tif,patches/S2_6-12-18_48MXU/S2_6-12-18_48MXU_3_conf.tif,c35359ef1264db36c211dcd3b1a337312a72610bff19a0ff0985e564da18ed49
1263,6-12-18_48MXU_30,6-12-18_48MXU,2018-12-06,48MXU,M054,train,train,patches/S2_6-12-18_48MXU/S2_6-12-18_48MXU_30.tif,patches/S2_6-12-18_48MXU/S2_6-12-18_48MXU_30_cl.tif,patches/S2_6-12-18_48MXU/S2_6-12-18_48MXU_30_conf.tif,c290c8fbf71142926c6cd34ff19a8d81796008ed935da4e823280b44d809a036
1264,6-12-18_48MXU_31,6-12-18_48MXU,2018-12-06,48MXU,M054,train,train,patches/S2_6-12-18_48MXU/S2_6-12-18_48MXU_31.tif,patches/S2_6-12-18_48MXU/S2_6-12-18_48MXU_31_cl.tif,patches/S2_6-12-18_48MXU/S2_6-12-18_48MXU_31_conf.tif,1228344869291b45a661a3743cbfb49dbf15fc2c0fa352ce2c740cc9777ff1a3
1265,6-12-18_48MXU_32,6-12-18_48MXU,2018-12-06,48MXU,M054,train,train,patches/S2_6-12-18_48MXU/S2_6-12-18_48MXU_32.tif,patches/S2_6-12-18_48MXU/S2_6-12-18_48MXU_32_cl.tif,patches/S2_6-12-18_48MXU/S2_6-12-18_48MXU_32_conf.tif,e6ef7db829d88a9288d8d5170beed3c881156d342df5d137979c001d32d8e8e3
1266,6-12-18_48MXU_33,6-12-18_48MXU,2018-12-06,48MXU,M054,train,train,patches/S2_6-12-18_48MXU/S2_6-12-18_48MXU_33.tif,patches/S2_6-12-18_48MXU/S2_6-12-18_48MXU_33_cl.tif,patches/S2_6-12-18_48MXU/S2_6-12-18_48MXU_33_conf.tif,dc7ebf1c58a5779c3c342077971a983d09abe97d140cbec04bf9a51138313906
1267,6-12-18_48MXU_4,6-12-18_48MXU,2018-12-06,48MXU,M054,train,train,patches/S2_6-12-18_48MXU/S2_6-12-18_48MXU_4.tif,patches/S2_6-12-18_48MXU/S2_6-12-18_48MXU_4_cl.tif,patches/S2_6-12-18_48MXU/S2_6-12-18_48MXU_4_conf.tif,022dfe6ce648711c1cbababd2f704db20c66f78a2a8a59c00e70e748660e4587
1268,6-12-18_48MXU_5,6-12-18_48MXU,2018-12-06,48MXU,M054,train,train,patches/S2_6-12-18_48MXU/S2_6-12-18_48MXU_5.tif,patches/S2_6-12-18_48MXU/S2_6-12-18_48MXU_5_cl.tif,patches/S2_6-12-18_48MXU/S2_6-12-18_48MXU_5_conf.tif,1e984a07ab789fb307ea64b8999c5ce167f27827d3c3a9ca357e9db245cdc375
1269,6-12-18_48MXU_6,6-12-18_48MXU,2018-12-06,48MXU,M054,train,train,patches/S2_6-12-18_48MXU/S2_6-12-18_48MXU_6.tif,patches/S2_6-12-18_48MXU/S2_6-12-18_48MXU_6_cl.tif,patches/S2_6-12-18_48MXU/S2_6-12-18_48MXU_6_conf.tif,795de2f89a47592369b91038d8a12d40161630f4cae75a7ca376a71944cad967
1270,6-12-18_48MXU_7,6-12-18_48MXU,2018-12-06,48MXU,M054,train,train,patches/S2_6-12-18_48MXU/S2_6-12-18_48MXU_7.tif,patches/S2_6-12-18_48MXU/S2_6-12-18_48MXU_7_cl.tif,patches/S2_6-12-18_48MXU/S2_6-12-18_48MXU_7_conf.tif,8dac4afa1193634a8b61e7ca0f36102b51d9b8eaca9776beb942af3aebb2fbab
1271,6-12-18_48MXU_8,6-12-18_48MXU,2018-12-06,48MXU,M054,train,train,patches/S2_6-12-18_48MXU/S2_6-12-18_48MXU_8.tif,patches/S2_6-12-18_48MXU/S2_6-12-18_48MXU_8_cl.tif,patches/S2_6-12-18_48MXU/S2_6-12-18_48MXU_8_conf.tif,80d23a62c123a4e54d53e4f3b3241ef6813e460ef199cff42dd16bc19bf3b035
1272,6-12-18_48MXU_9,6-12-18_48MXU,2018-12-06,48MXU,M054,train,train,patches/S2_6-12-18_48MXU/S2_6-12-18_48MXU_9.tif,patches/S2_6-12-18_48MXU/S2_6-12-18_48MXU_9_cl.tif,patches/S2_6-12-18_48MXU/S2_6-12-18_48MXU_9_conf.tif,6dad2abbb53fbd283d931612aef99fee3f0fbaabb46f08e7781d52f695f71f28
1273,7-10-18_52SDD_0,7-10-18_52SDD,2018-10-07,52SDD,M055,train,train,patches/S2_7-10-18_52SDD/S2_7-10-18_52SDD_0.tif,patches/S2_7-10-18_52SDD/S2_7-10-18_52SDD_0_cl.tif,patches/S2_7-10-18_52SDD/S2_7-10-18_52SDD_0_conf.tif,a04a7e983bf8130f417727bf02b3b91d1104bbefece22aa9ee0d0c099048feb1
1274,7-10-18_52SDD_1,7-10-18_52SDD,2018-10-07,52SDD,M055,train,train,patches/S2_7-10-18_52SDD/S2_7-10-18_52SDD_1.tif,patches/S2_7-10-18_52SDD/S2_7-10-18_52SDD_1_cl.tif,patches/S2_7-10-18_52SDD/S2_7-10-18_52SDD_1_conf.tif,25900cb414f423bffaef415c125614b0c493d527fa3e5a48f15389f9cc1ecb3f
1275,7-10-18_52SDD_10,7-10-18_52SDD,2018-10-07,52SDD,M055,train,train,patches/S2_7-10-18_52SDD/S2_7-10-18_52SDD_10.tif,patches/S2_7-10-18_52SDD/S2_7-10-18_52SDD_10_cl.tif,patches/S2_7-10-18_52SDD/S2_7-10-18_52SDD_10_conf.tif,625c4d2182f53d3d46ebe30dd64156e9db6ea7b7144f6d71c463702f8870d512
1276,7-10-18_52SDD_11,7-10-18_52SDD,2018-10-07,52SDD,M055,train,train,patches/S2_7-10-18_52SDD/S2_7-10-18_52SDD_11.tif,patches/S2_7-10-18_52SDD/S2_7-10-18_52SDD_11_cl.tif,patches/S2_7-10-18_52SDD/S2_7-10-18_52SDD_11_conf.tif,09e441732c537b10d429708a1643a2b0cfff6e30d6964b1d0e59c8048fa0a3e1
1277,7-10-18_52SDD_12,7-10-18_52SDD,2018-10-07,52SDD,M055,train,train,patches/S2_7-10-18_52SDD/S2_7-10-18_52SDD_12.tif,patches/S2_7-10-18_52SDD/S2_7-10-18_52SDD_12_cl.tif,patches/S2_7-10-18_52SDD/S2_7-10-18_52SDD_12_conf.tif,a0c3dee1325c6f8886a94ced2f15b0388b17d916e2755047134f56b1f250caae
1278,7-10-18_52SDD_13,7-10-18_52SDD,2018-10-07,52SDD,M055,train,train,patches/S2_7-10-18_52SDD/S2_7-10-18_52SDD_13.tif,patches/S2_7-10-18_52SDD/S2_7-10-18_52SDD_13_cl.tif,patches/S2_7-10-18_52SDD/S2_7-10-18_52SDD_13_conf.tif,050744a55ec0391d549d5bf6e219cba48cbef8a2434e561c208bf068a6a9863e
1279,7-10-18_52SDD_14,7-10-18_52SDD,2018-10-07,52SDD,M055,train,train,patches/S2_7-10-18_52SDD/S2_7-10-18_52SDD_14.tif,patches/S2_7-10-18_52SDD/S2_7-10-18_52SDD_14_cl.tif,patches/S2_7-10-18_52SDD/S2_7-10-18_52SDD_14_conf.tif,811ab5b556eae9353d370fa1bbd2575917020368cb9e064c10c8f4dc68bbd5af
1280,7-10-18_52SDD_15,7-10-18_52SDD,2018-10-07,52SDD,M055,train,train,patches/S2_7-10-18_52SDD/S2_7-10-18_52SDD_15.tif,patches/S2_7-10-18_52SDD/S2_7-10-18_52SDD_15_cl.tif,patches/S2_7-10-18_52SDD/S2_7-10-18_52SDD_15_conf.tif,0cbe2b2bef4acbde4ec349fae33d0826e02ffcf28b37c9a9af4279d6d80e7709
1281,7-10-18_52SDD_2,7-10-18_52SDD,2018-10-07,52SDD,M055,train,train,patches/S2_7-10-18_52SDD/S2_7-10-18_52SDD_2.tif,patches/S2_7-10-18_52SDD/S2_7-10-18_52SDD_2_cl.tif,patches/S2_7-10-18_52SDD/S2_7-10-18_52SDD_2_conf.tif,62c431ec086fc7fb96dc1b0a514bd7d19018fce90d94210861d09f567a07be05
1282,7-10-18_52SDD_3,7-10-18_52SDD,2018-10-07,52SDD,M055,train,train,patches/S2_7-10-18_52SDD/S2_7-10-18_52SDD_3.tif,patches/S2_7-10-18_52SDD/S2_7-10-18_52SDD_3_cl.tif,patches/S2_7-10-18_52SDD/S2_7-10-18_52SDD_3_conf.tif,0d94cb610ebf65e670d053518edad363fe657922038b57c6b8a9f136d4ec764f
1283,7-10-18_52SDD_4,7-10-18_52SDD,2018-10-07,52SDD,M055,train,train,patches/S2_7-10-18_52SDD/S2_7-10-18_52SDD_4.tif,patches/S2_7-10-18_52SDD/S2_7-10-18_52SDD_4_cl.tif,patches/S2_7-10-18_52SDD/S2_7-10-18_52SDD_4_conf.tif,5bef30c193d37d8bf9d89c3bfa3fd3585b08d3e77671e736d7b36e6b12ed1147
1284,7-10-18_52SDD_5,7-10-18_52SDD,2018-10-07,52SDD,M055,train,train,patches/S2_7-10-18_52SDD/S2_7-10-18_52SDD_5.tif,patches/S2_7-10-18_52SDD/S2_7-10-18_52SDD_5_cl.tif,patches/S2_7-10-18_52SDD/S2_7-10-18_52SDD_5_conf.tif,10dc0bb39fb71a57ef44b190f4256e794e9161efee6f2a40b83bae397bff67e7
1285,7-10-18_52SDD_6,7-10-18_52SDD,2018-10-07,52SDD,M055,train,train,patches/S2_7-10-18_52SDD/S2_7-10-18_52SDD_6.tif,patches/S2_7-10-18_52SDD/S2_7-10-18_52SDD_6_cl.tif,patches/S2_7-10-18_52SDD/S2_7-10-18_52SDD_6_conf.tif,95db5f5b7a8c3f298fcc68bbd086fd63e60cf7b7857416c7ca0a284db4fcfb38
1286,7-10-18_52SDD_7,7-10-18_52SDD,2018-10-07,52SDD,M055,train,train,patches/S2_7-10-18_52SDD/S2_7-10-18_52SDD_7.tif,patches/S2_7-10-18_52SDD/S2_7-10-18_52SDD_7_cl.tif,patches/S2_7-10-18_52SDD/S2_7-10-18_52SDD_7_conf.tif,120c34c8807ae28ebaadb500ba24403bc146f29bc93cc69581ae34b20c60d3f1
1287,7-10-18_52SDD_8,7-10-18_52SDD,2018-10-07,52SDD,M055,train,train,patches/S2_7-10-18_52SDD/S2_7-10-18_52SDD_8.tif,patches/S2_7-10-18_52SDD/S2_7-10-18_52SDD_8_cl.tif,patches/S2_7-10-18_52SDD/S2_7-10-18_52SDD_8_conf.tif,5c3f627498ef658e61297c5a7dcc3d98fb5b080209f96112e2e3cec0df844dae
1288,7-10-18_52SDD_9,7-10-18_52SDD,2018-10-07,52SDD,M055,train,train,patches/S2_7-10-18_52SDD/S2_7-10-18_52SDD_9.tif,patches/S2_7-10-18_52SDD/S2_7-10-18_52SDD_9_cl.tif,patches/S2_7-10-18_52SDD/S2_7-10-18_52SDD_9_conf.tif,7d1bdc63e1b5853ed1b754b113ddff4d1e5f441f6c16656796d14d609482d938
1289,7-3-20_18QYG_0,7-3-20_18QYG,2020-03-07,18QYG,M056,val,val,patches/S2_7-3-20_18QYG/S2_7-3-20_18QYG_0.tif,patches/S2_7-3-20_18QYG/S2_7-3-20_18QYG_0_cl.tif,patches/S2_7-3-20_18QYG/S2_7-3-20_18QYG_0_conf.tif,41ebf2a8d9506a8879fc49e690164a7d05032c2398e10e00e45c5632a0d2e9ff
1290,7-3-20_18QYG_1,7-3-20_18QYG,2020-03-07,18QYG,M056,val,val,patches/S2_7-3-20_18QYG/S2_7-3-20_18QYG_1.tif,patches/S2_7-3-20_18QYG/S2_7-3-20_18QYG_1_cl.tif,patches/S2_7-3-20_18QYG/S2_7-3-20_18QYG_1_conf.tif,1177255938deeaa99a86d78ba99e9839442741993b8cae853bf50af3c4db1faf
1291,7-3-20_18QYG_10,7-3-20_18QYG,2020-03-07,18QYG,M056,val,val,patches/S2_7-3-20_18QYG/S2_7-3-20_18QYG_10.tif,patches/S2_7-3-20_18QYG/S2_7-3-20_18QYG_10_cl.tif,patches/S2_7-3-20_18QYG/S2_7-3-20_18QYG_10_conf.tif,cac2ac2552a15ea8eda71a836415a3548db931ead894c3fc7183a8169853c69b
1292,7-3-20_18QYG_11,7-3-20_18QYG,2020-03-07,18QYG,M056,val,val,patches/S2_7-3-20_18QYG/S2_7-3-20_18QYG_11.tif,patches/S2_7-3-20_18QYG/S2_7-3-20_18QYG_11_cl.tif,patches/S2_7-3-20_18QYG/S2_7-3-20_18QYG_11_conf.tif,9d623395127b56a5e31ea8f09550b2e585332d0263943d12657ce3a800f24f19
1293,7-3-20_18QYG_12,7-3-20_18QYG,2020-03-07,18QYG,M056,val,val,patches/S2_7-3-20_18QYG/S2_7-3-20_18QYG_12.tif,patches/S2_7-3-20_18QYG/S2_7-3-20_18QYG_12_cl.tif,patches/S2_7-3-20_18QYG/S2_7-3-20_18QYG_12_conf.tif,f36aaf6d67d5c99cb9aca48c401ca3dbdaf98ee0eeb0504a208c8bd710f88366
1294,7-3-20_18QYG_13,7-3-20_18QYG,2020-03-07,18QYG,M056,val,val,patches/S2_7-3-20_18QYG/S2_7-3-20_18QYG_13.tif,patches/S2_7-3-20_18QYG/S2_7-3-20_18QYG_13_cl.tif,patches/S2_7-3-20_18QYG/S2_7-3-20_18QYG_13_conf.tif,0ece3cc8cb9dbdc9945ce9088e45077bd41caaebf431ca41d68973437390f90f
1295,7-3-20_18QYG_14,7-3-20_18QYG,2020-03-07,18QYG,M056,val,val,patches/S2_7-3-20_18QYG/S2_7-3-20_18QYG_14.tif,patches/S2_7-3-20_18QYG/S2_7-3-20_18QYG_14_cl.tif,patches/S2_7-3-20_18QYG/S2_7-3-20_18QYG_14_conf.tif,e9ed702114908fd9bb9d0b9e539e630ac36854ee1a6ccd8b97ee17e8f664c677
1296,7-3-20_18QYG_15,7-3-20_18QYG,2020-03-07,18QYG,M056,val,val,patches/S2_7-3-20_18QYG/S2_7-3-20_18QYG_15.tif,patches/S2_7-3-20_18QYG/S2_7-3-20_18QYG_15_cl.tif,patches/S2_7-3-20_18QYG/S2_7-3-20_18QYG_15_conf.tif,7a8e1c93458041c0aa8f4dba38fe5b5dffea623ddda61d489bf0a68698985d6f
1297,7-3-20_18QYG_16,7-3-20_18QYG,2020-03-07,18QYG,M056,val,val,patches/S2_7-3-20_18QYG/S2_7-3-20_18QYG_16.tif,patches/S2_7-3-20_18QYG/S2_7-3-20_18QYG_16_cl.tif,patches/S2_7-3-20_18QYG/S2_7-3-20_18QYG_16_conf.tif,4a508151e54c9a3a85b7395a8a22a96981884d56ba19652be41c205b8b873bc4
1298,7-3-20_18QYG_17,7-3-20_18QYG,2020-03-07,18QYG,M056,val,val,patches/S2_7-3-20_18QYG/S2_7-3-20_18QYG_17.tif,patches/S2_7-3-20_18QYG/S2_7-3-20_18QYG_17_cl.tif,patches/S2_7-3-20_18QYG/S2_7-3-20_18QYG_17_conf.tif,55d9754ebe8e1c9858a500042ad7948ad5b9712808d6997b3bf8e86c4ab61f01
1299,7-3-20_18QYG_2,7-3-20_18QYG,2020-03-07,18QYG,M056,val,val,patches/S2_7-3-20_18QYG/S2_7-3-20_18QYG_2.tif,patches/S2_7-3-20_18QYG/S2_7-3-20_18QYG_2_cl.tif,patches/S2_7-3-20_18QYG/S2_7-3-20_18QYG_2_conf.tif,70aa65850045c3274fba243d4a43ea87f11e3ee0b8a7466ce26e6389830c84ac
1300,7-3-20_18QYG_3,7-3-20_18QYG,2020-03-07,18QYG,M056,val,val,patches/S2_7-3-20_18QYG/S2_7-3-20_18QYG_3.tif,patches/S2_7-3-20_18QYG/S2_7-3-20_18QYG_3_cl.tif,patches/S2_7-3-20_18QYG/S2_7-3-20_18QYG_3_conf.tif,e134f813fc823454d48c4a183d120c27033154017749c48501fb9df097176692
1301,7-3-20_18QYG_4,7-3-20_18QYG,2020-03-07,18QYG,M056,val,val,patches/S2_7-3-20_18QYG/S2_7-3-20_18QYG_4.tif,patches/S2_7-3-20_18QYG/S2_7-3-20_18QYG_4_cl.tif,patches/S2_7-3-20_18QYG/S2_7-3-20_18QYG_4_conf.tif,339225ec459276f51907f99816f79cc8c2bd85c19eb2c9423258064244bb848f
1302,7-3-20_18QYG_5,7-3-20_18QYG,2020-03-07,18QYG,M056,val,val,patches/S2_7-3-20_18QYG/S2_7-3-20_18QYG_5.tif,patches/S2_7-3-20_18QYG/S2_7-3-20_18QYG_5_cl.tif,patches/S2_7-3-20_18QYG/S2_7-3-20_18QYG_5_conf.tif,4c03ed251ee63c96f0f736d9317b02a9aeb30e8319fbd4e3a855edaca524e4db
1303,7-3-20_18QYG_6,7-3-20_18QYG,2020-03-07,18QYG,M056,val,val,patches/S2_7-3-20_18QYG/S2_7-3-20_18QYG_6.tif,patches/S2_7-3-20_18QYG/S2_7-3-20_18QYG_6_cl.tif,patches/S2_7-3-20_18QYG/S2_7-3-20_18QYG_6_conf.tif,9ed20861c425ca69189e1bf6f0e129b9afc6b436947a2af20a50774a72c6e1ef
1304,7-3-20_18QYG_7,7-3-20_18QYG,2020-03-07,18QYG,M056,val,val,patches/S2_7-3-20_18QYG/S2_7-3-20_18QYG_7.tif,patches/S2_7-3-20_18QYG/S2_7-3-20_18QYG_7_cl.tif,patches/S2_7-3-20_18QYG/S2_7-3-20_18QYG_7_conf.tif,1f5f1c57e8da2c32b6d41164af2453b668724521fb21e43b84202a820eceeb1a
1305,7-3-20_18QYG_8,7-3-20_18QYG,2020-03-07,18QYG,M056,val,val,patches/S2_7-3-20_18QYG/S2_7-3-20_18QYG_8.tif,patches/S2_7-3-20_18QYG/S2_7-3-20_18QYG_8_cl.tif,patches/S2_7-3-20_18QYG/S2_7-3-20_18QYG_8_conf.tif,c130198e0eb8f57393aa8dbcf17e9685661ef8672e6923f0eb82467a69b8c0c6
1306,7-3-20_18QYG_9,7-3-20_18QYG,2020-03-07,18QYG,M056,val,val,patches/S2_7-3-20_18QYG/S2_7-3-20_18QYG_9.tif,patches/S2_7-3-20_18QYG/S2_7-3-20_18QYG_9_cl.tif,patches/S2_7-3-20_18QYG/S2_7-3-20_18QYG_9_conf.tif,ec8a56454a1cddb3a78c7dbd3ebdff3b4614c4464093403c868815b0601a1307
1307,8-3-18_16PEC_0,8-3-18_16PEC,2018-03-08,16PEC,M057,train,train,patches/S2_8-3-18_16PEC/S2_8-3-18_16PEC_0.tif,patches/S2_8-3-18_16PEC/S2_8-3-18_16PEC_0_cl.tif,patches/S2_8-3-18_16PEC/S2_8-3-18_16PEC_0_conf.tif,7e9d1ffa446add72a9b42f01a0a7e38be2786bfc3f7f12defd0892b487e8519f
1308,8-3-18_16PEC_1,8-3-18_16PEC,2018-03-08,16PEC,M057,train,train,patches/S2_8-3-18_16PEC/S2_8-3-18_16PEC_1.tif,patches/S2_8-3-18_16PEC/S2_8-3-18_16PEC_1_cl.tif,patches/S2_8-3-18_16PEC/S2_8-3-18_16PEC_1_conf.tif,e173ad1044a279cee1ad4a5dfca5b9ca48bc6b13b66edab04b574a315a2260b8
1309,8-3-18_16PEC_2,8-3-18_16PEC,2018-03-08,16PEC,M057,train,train,patches/S2_8-3-18_16PEC/S2_8-3-18_16PEC_2.tif,patches/S2_8-3-18_16PEC/S2_8-3-18_16PEC_2_cl.tif,patches/S2_8-3-18_16PEC/S2_8-3-18_16PEC_2_conf.tif,58bc97d43e97e6fec0240ce7f046481a327ba3c40812605d239919c508b842e5
1310,8-3-18_16PEC_3,8-3-18_16PEC,2018-03-08,16PEC,M057,train,train,patches/S2_8-3-18_16PEC/S2_8-3-18_16PEC_3.tif,patches/S2_8-3-18_16PEC/S2_8-3-18_16PEC_3_cl.tif,patches/S2_8-3-18_16PEC/S2_8-3-18_16PEC_3_conf.tif,608f8e5b4c0e218dd4000acb093c0a581e9a312c992816ed4f6956c046688f82
1311,8-3-18_16PEC_4,8-3-18_16PEC,2018-03-08,16PEC,M057,train,train,patches/S2_8-3-18_16PEC/S2_8-3-18_16PEC_4.tif,patches/S2_8-3-18_16PEC/S2_8-3-18_16PEC_4_cl.tif,patches/S2_8-3-18_16PEC/S2_8-3-18_16PEC_4_conf.tif,8eaf56fe62410972f7a83392dcbc3baef03f4e7cf3f73b6d4e0898cb317c09a5
1312,8-3-18_16PEC_5,8-3-18_16PEC,2018-03-08,16PEC,M057,train,train,patches/S2_8-3-18_16PEC/S2_8-3-18_16PEC_5.tif,patches/S2_8-3-18_16PEC/S2_8-3-18_16PEC_5_cl.tif,patches/S2_8-3-18_16PEC/S2_8-3-18_16PEC_5_conf.tif,f959f8a2f3d8a4768de638aab1e44871b6c207ce3e946aef3f1041d618745484
1313,8-3-18_16PEC_6,8-3-18_16PEC,2018-03-08,16PEC,M057,train,train,patches/S2_8-3-18_16PEC/S2_8-3-18_16PEC_6.tif,patches/S2_8-3-18_16PEC/S2_8-3-18_16PEC_6_cl.tif,patches/S2_8-3-18_16PEC/S2_8-3-18_16PEC_6_conf.tif,3f5f375281202815caae031a14c7d75eb281515f09f2e63693747fe39f818a6a
1314,8-3-18_16PEC_7,8-3-18_16PEC,2018-03-08,16PEC,M057,train,train,patches/S2_8-3-18_16PEC/S2_8-3-18_16PEC_7.tif,patches/S2_8-3-18_16PEC/S2_8-3-18_16PEC_7_cl.tif,patches/S2_8-3-18_16PEC/S2_8-3-18_16PEC_7_conf.tif,2e184f3a1dc533012dd5ce23ac718ce83c20ba3adfb57db16958cd5b88a34fc2
1315,8-3-18_16PEC_8,8-3-18_16PEC,2018-03-08,16PEC,M057,train,train,patches/S2_8-3-18_16PEC/S2_8-3-18_16PEC_8.tif,patches/S2_8-3-18_16PEC/S2_8-3-18_16PEC_8_cl.tif,patches/S2_8-3-18_16PEC/S2_8-3-18_16PEC_8_conf.tif,3396287439518fd1e09d90699e332d3d89368f2f0dfe2a667386456fdd6d6b03
1316,8-3-18_16QED_0,8-3-18_16QED,2018-03-08,16QED,M057,train,train,patches/S2_8-3-18_16QED/S2_8-3-18_16QED_0.tif,patches/S2_8-3-18_16QED/S2_8-3-18_16QED_0_cl.tif,patches/S2_8-3-18_16QED/S2_8-3-18_16QED_0_conf.tif,873272d73fc7abe0b5dc1e9b79eb0ea12ecac9df75e85dbcdede942fad75704a
1317,8-3-18_16QED_1,8-3-18_16QED,2018-03-08,16QED,M057,train,train,patches/S2_8-3-18_16QED/S2_8-3-18_16QED_1.tif,patches/S2_8-3-18_16QED/S2_8-3-18_16QED_1_cl.tif,patches/S2_8-3-18_16QED/S2_8-3-18_16QED_1_conf.tif,5187a431026cfb65e1765cbf146f447ec63a9f50f56baf3aea28755cdf188cf0
1318,8-3-18_16QED_10,8-3-18_16QED,2018-03-08,16QED,M057,train,train,patches/S2_8-3-18_16QED/S2_8-3-18_16QED_10.tif,patches/S2_8-3-18_16QED/S2_8-3-18_16QED_10_cl.tif,patches/S2_8-3-18_16QED/S2_8-3-18_16QED_10_conf.tif,ed316243e936cfd7d07b81d3b479785627c349387185ffaf3ce35c893625208d
1319,8-3-18_16QED_11,8-3-18_16QED,2018-03-08,16QED,M057,train,train,patches/S2_8-3-18_16QED/S2_8-3-18_16QED_11.tif,patches/S2_8-3-18_16QED/S2_8-3-18_16QED_11_cl.tif,patches/S2_8-3-18_16QED/S2_8-3-18_16QED_11_conf.tif,c9eedcb2d2b5608ef799405973b8a4a936eb66e7dfbc99fead1b02277aa189ee
1320,8-3-18_16QED_12,8-3-18_16QED,2018-03-08,16QED,M057,train,train,patches/S2_8-3-18_16QED/S2_8-3-18_16QED_12.tif,patches/S2_8-3-18_16QED/S2_8-3-18_16QED_12_cl.tif,patches/S2_8-3-18_16QED/S2_8-3-18_16QED_12_conf.tif,f8c6fca07ceb879c3d3e0480cf9903650eadcf71dd8ee14f309f3311fb9c21db
1321,8-3-18_16QED_13,8-3-18_16QED,2018-03-08,16QED,M057,train,train,patches/S2_8-3-18_16QED/S2_8-3-18_16QED_13.tif,patches/S2_8-3-18_16QED/S2_8-3-18_16QED_13_cl.tif,patches/S2_8-3-18_16QED/S2_8-3-18_16QED_13_conf.tif,790d9633089db48dafd4084d57e2c6ea1a5c97e63f68875f181341cd0606bdb6
1322,8-3-18_16QED_14,8-3-18_16QED,2018-03-08,16QED,M057,train,train,patches/S2_8-3-18_16QED/S2_8-3-18_16QED_14.tif,patches/S2_8-3-18_16QED/S2_8-3-18_16QED_14_cl.tif,patches/S2_8-3-18_16QED/S2_8-3-18_16QED_14_conf.tif,9a4bcb904b0d5e6196bc284a4a11ef6e8f1ebf2ed26bd05019493b9835878f95
1323,8-3-18_16QED_15,8-3-18_16QED,2018-03-08,16QED,M057,train,train,patches/S2_8-3-18_16QED/S2_8-3-18_16QED_15.tif,patches/S2_8-3-18_16QED/S2_8-3-18_16QED_15_cl.tif,patches/S2_8-3-18_16QED/S2_8-3-18_16QED_15_conf.tif,1fecec128c66a722d999df8ad013df6038d6bb65e406129a096bf62475715699
1324,8-3-18_16QED_16,8-3-18_16QED,2018-03-08,16QED,M057,train,train,patches/S2_8-3-18_16QED/S2_8-3-18_16QED_16.tif,patches/S2_8-3-18_16QED/S2_8-3-18_16QED_16_cl.tif,patches/S2_8-3-18_16QED/S2_8-3-18_16QED_16_conf.tif,febc85b8239ce9e56579fe23bb0f8e79af8215686c0e5cd169b98a769b446cb7
1325,8-3-18_16QED_17,8-3-18_16QED,2018-03-08,16QED,M057,train,train,patches/S2_8-3-18_16QED/S2_8-3-18_16QED_17.tif,patches/S2_8-3-18_16QED/S2_8-3-18_16QED_17_cl.tif,patches/S2_8-3-18_16QED/S2_8-3-18_16QED_17_conf.tif,2e734ce4ea7d838e8f4de15ef4550f49421c84211b786c9f704a3e7ef6fff548
1326,8-3-18_16QED_18,8-3-18_16QED,2018-03-08,16QED,M057,train,train,patches/S2_8-3-18_16QED/S2_8-3-18_16QED_18.tif,patches/S2_8-3-18_16QED/S2_8-3-18_16QED_18_cl.tif,patches/S2_8-3-18_16QED/S2_8-3-18_16QED_18_conf.tif,120d3ec5977341d334e7beda9498c77d68a9d03fed4d4975a0145ec4feb2afdf
1327,8-3-18_16QED_2,8-3-18_16QED,2018-03-08,16QED,M057,train,train,patches/S2_8-3-18_16QED/S2_8-3-18_16QED_2.tif,patches/S2_8-3-18_16QED/S2_8-3-18_16QED_2_cl.tif,patches/S2_8-3-18_16QED/S2_8-3-18_16QED_2_conf.tif,3166cf7cda6edd3dd61bf0794c4c25c419109bc97cde462f280436268a10945e
1328,8-3-18_16QED_3,8-3-18_16QED,2018-03-08,16QED,M057,train,train,patches/S2_8-3-18_16QED/S2_8-3-18_16QED_3.tif,patches/S2_8-3-18_16QED/S2_8-3-18_16QED_3_cl.tif,patches/S2_8-3-18_16QED/S2_8-3-18_16QED_3_conf.tif,3b3f1be69ff90e2149d7ec13271edd2213105d78135c4a97bd5a50b3529fc714
1329,8-3-18_16QED_4,8-3-18_16QED,2018-03-08,16QED,M057,train,train,patches/S2_8-3-18_16QED/S2_8-3-18_16QED_4.tif,patches/S2_8-3-18_16QED/S2_8-3-18_16QED_4_cl.tif,patches/S2_8-3-18_16QED/S2_8-3-18_16QED_4_conf.tif,0550fd42e45b29a686c9447cfa344a242f7dafb7a90fda842b81874ba0a97833
1330,8-3-18_16QED_5,8-3-18_16QED,2018-03-08,16QED,M057,train,train,patches/S2_8-3-18_16QED/S2_8-3-18_16QED_5.tif,patches/S2_8-3-18_16QED/S2_8-3-18_16QED_5_cl.tif,patches/S2_8-3-18_16QED/S2_8-3-18_16QED_5_conf.tif,59a3aa2ab236ea041d98db54ed77c8d109afd031f62895781ce20fab919df564
1331,8-3-18_16QED_6,8-3-18_16QED,2018-03-08,16QED,M057,train,train,patches/S2_8-3-18_16QED/S2_8-3-18_16QED_6.tif,patches/S2_8-3-18_16QED/S2_8-3-18_16QED_6_cl.tif,patches/S2_8-3-18_16QED/S2_8-3-18_16QED_6_conf.tif,4055a71d46d12f2fef6ed28230cab0ae1f15f36b1e4ebf670e385f11a97d8d75
1332,8-3-18_16QED_7,8-3-18_16QED,2018-03-08,16QED,M057,train,train,patches/S2_8-3-18_16QED/S2_8-3-18_16QED_7.tif,patches/S2_8-3-18_16QED/S2_8-3-18_16QED_7_cl.tif,patches/S2_8-3-18_16QED/S2_8-3-18_16QED_7_conf.tif,83568f34356fc0176ea6f428a94c73f68c993dc9259c1605ffad21c1e4d0b7ae
1333,8-3-18_16QED_8,8-3-18_16QED,2018-03-08,16QED,M057,train,train,patches/S2_8-3-18_16QED/S2_8-3-18_16QED_8.tif,patches/S2_8-3-18_16QED/S2_8-3-18_16QED_8_cl.tif,patches/S2_8-3-18_16QED/S2_8-3-18_16QED_8_conf.tif,ea2c3f04c1eeeea7599b7c63006960d84437c269b6c127e639b3c3d6fb80b7a5
1334,8-3-18_16QED_9,8-3-18_16QED,2018-03-08,16QED,M057,train,train,patches/S2_8-3-18_16QED/S2_8-3-18_16QED_9.tif,patches/S2_8-3-18_16QED/S2_8-3-18_16QED_9_cl.tif,patches/S2_8-3-18_16QED/S2_8-3-18_16QED_9_conf.tif,d107d8b09531bfac09774960427aa07d69c1ab5ad3dffa5ae862418b5d93763a
1335,9-10-17_16PEC_0,9-10-17_16PEC,2017-10-09,16PEC,M058,train,train,patches/S2_9-10-17_16PEC/S2_9-10-17_16PEC_0.tif,patches/S2_9-10-17_16PEC/S2_9-10-17_16PEC_0_cl.tif,patches/S2_9-10-17_16PEC/S2_9-10-17_16PEC_0_conf.tif,32dfb27c7df0ea94dfca5c4a7127b7dae5fc31e891288729fdd52881e990507a
1336,9-10-17_16PEC_1,9-10-17_16PEC,2017-10-09,16PEC,M058,train,train,patches/S2_9-10-17_16PEC/S2_9-10-17_16PEC_1.tif,patches/S2_9-10-17_16PEC/S2_9-10-17_16PEC_1_cl.tif,patches/S2_9-10-17_16PEC/S2_9-10-17_16PEC_1_conf.tif,2bf955ef80ab56654868b1a848d99a6deca14bc37092c921ac15517036028aa3
1337,9-10-17_16PEC_10,9-10-17_16PEC,2017-10-09,16PEC,M058,train,train,patches/S2_9-10-17_16PEC/S2_9-10-17_16PEC_10.tif,patches/S2_9-10-17_16PEC/S2_9-10-17_16PEC_10_cl.tif,patches/S2_9-10-17_16PEC/S2_9-10-17_16PEC_10_conf.tif,66737911d119f419285e63fa346c2253efe924d54b9b4eba298973c1cf4941f1
1338,9-10-17_16PEC_11,9-10-17_16PEC,2017-10-09,16PEC,M058,train,train,patches/S2_9-10-17_16PEC/S2_9-10-17_16PEC_11.tif,patches/S2_9-10-17_16PEC/S2_9-10-17_16PEC_11_cl.tif,patches/S2_9-10-17_16PEC/S2_9-10-17_16PEC_11_conf.tif,5a0dfce5e40ea5f86e31c82b19bc225dddd7d6d4b513eafdf67f815a6d493388
1339,9-10-17_16PEC_12,9-10-17_16PEC,2017-10-09,16PEC,M058,train,train,patches/S2_9-10-17_16PEC/S2_9-10-17_16PEC_12.tif,patches/S2_9-10-17_16PEC/S2_9-10-17_16PEC_12_cl.tif,patches/S2_9-10-17_16PEC/S2_9-10-17_16PEC_12_conf.tif,328d1406889af54a3bcd0dc6e9d50472a9d6f7779a0bd351ad3f84f02ec09da4
1340,9-10-17_16PEC_13,9-10-17_16PEC,2017-10-09,16PEC,M058,train,train,patches/S2_9-10-17_16PEC/S2_9-10-17_16PEC_13.tif,patches/S2_9-10-17_16PEC/S2_9-10-17_16PEC_13_cl.tif,patches/S2_9-10-17_16PEC/S2_9-10-17_16PEC_13_conf.tif,5e00e79e44d4faeefd0f3323755ee1205038ced73fa9b08ebc4cebfa82e94e8a
1341,9-10-17_16PEC_14,9-10-17_16PEC,2017-10-09,16PEC,M058,train,train,patches/S2_9-10-17_16PEC/S2_9-10-17_16PEC_14.tif,patches/S2_9-10-17_16PEC/S2_9-10-17_16PEC_14_cl.tif,patches/S2_9-10-17_16PEC/S2_9-10-17_16PEC_14_conf.tif,304c1d096cbe4e5a5d4150807bfb584920609df44df566a14629902cda88dd85
1342,9-10-17_16PEC_15,9-10-17_16PEC,2017-10-09,16PEC,M058,train,train,patches/S2_9-10-17_16PEC/S2_9-10-17_16PEC_15.tif,patches/S2_9-10-17_16PEC/S2_9-10-17_16PEC_15_cl.tif,patches/S2_9-10-17_16PEC/S2_9-10-17_16PEC_15_conf.tif,78bd8de9b6ac0521bdce9c1f0e34adc29bba53d0703ec8b3cb4e9f179b101f83
1343,9-10-17_16PEC_16,9-10-17_16PEC,2017-10-09,16PEC,M058,train,train,patches/S2_9-10-17_16PEC/S2_9-10-17_16PEC_16.tif,patches/S2_9-10-17_16PEC/S2_9-10-17_16PEC_16_cl.tif,patches/S2_9-10-17_16PEC/S2_9-10-17_16PEC_16_conf.tif,7d2f7dd060bb28cbc2b7c0f5e340096e2b58cc523925ed26f4cdc7db03de48ec
1344,9-10-17_16PEC_17,9-10-17_16PEC,2017-10-09,16PEC,M058,train,train,patches/S2_9-10-17_16PEC/S2_9-10-17_16PEC_17.tif,patches/S2_9-10-17_16PEC/S2_9-10-17_16PEC_17_cl.tif,patches/S2_9-10-17_16PEC/S2_9-10-17_16PEC_17_conf.tif,bf9d3113b63e6719dd80c16891631940e513aec93f443362e248067574bd3b41
1345,9-10-17_16PEC_18,9-10-17_16PEC,2017-10-09,16PEC,M058,train,train,patches/S2_9-10-17_16PEC/S2_9-10-17_16PEC_18.tif,patches/S2_9-10-17_16PEC/S2_9-10-17_16PEC_18_cl.tif,patches/S2_9-10-17_16PEC/S2_9-10-17_16PEC_18_conf.tif,d060f47541d0e4111f94600e146add9e79ca11f54083f7f55ecc6af7653c5716
1346,9-10-17_16PEC_19,9-10-17_16PEC,2017-10-09,16PEC,M058,train,train,patches/S2_9-10-17_16PEC/S2_9-10-17_16PEC_19.tif,patches/S2_9-10-17_16PEC/S2_9-10-17_16PEC_19_cl.tif,patches/S2_9-10-17_16PEC/S2_9-10-17_16PEC_19_conf.tif,1a2854055175db02af8f68a77195490e82d759999fa451f7263dcb848a3d9523
1347,9-10-17_16PEC_2,9-10-17_16PEC,2017-10-09,16PEC,M058,train,train,patches/S2_9-10-17_16PEC/S2_9-10-17_16PEC_2.tif,patches/S2_9-10-17_16PEC/S2_9-10-17_16PEC_2_cl.tif,patches/S2_9-10-17_16PEC/S2_9-10-17_16PEC_2_conf.tif,646d0373c73f46c8240c31bf53e8ff61da3925c3bf56d73dcaf0d1cc59e6667c
1348,9-10-17_16PEC_20,9-10-17_16PEC,2017-10-09,16PEC,M058,train,train,patches/S2_9-10-17_16PEC/S2_9-10-17_16PEC_20.tif,patches/S2_9-10-17_16PEC/S2_9-10-17_16PEC_20_cl.tif,patches/S2_9-10-17_16PEC/S2_9-10-17_16PEC_20_conf.tif,a9af7f00000b3f0ad7b3ce146006984d9a657ece5b8b82018c0d5487122fa05f
1349,9-10-17_16PEC_21,9-10-17_16PEC,2017-10-09,16PEC,M058,train,train,patches/S2_9-10-17_16PEC/S2_9-10-17_16PEC_21.tif,patches/S2_9-10-17_16PEC/S2_9-10-17_16PEC_21_cl.tif,patches/S2_9-10-17_16PEC/S2_9-10-17_16PEC_21_conf.tif,5a7140ed9f58be63488316a1c73e841f0cc3d167f03d959e58c5d221fc9859fa
1350,9-10-17_16PEC_22,9-10-17_16PEC,2017-10-09,16PEC,M058,train,train,patches/S2_9-10-17_16PEC/S2_9-10-17_16PEC_22.tif,patches/S2_9-10-17_16PEC/S2_9-10-17_16PEC_22_cl.tif,patches/S2_9-10-17_16PEC/S2_9-10-17_16PEC_22_conf.tif,9abb004c1c07e61a56cf5bc30faa79490e251e85b30ee439c3802d699be82fb8
1351,9-10-17_16PEC_23,9-10-17_16PEC,2017-10-09,16PEC,M058,train,train,patches/S2_9-10-17_16PEC/S2_9-10-17_16PEC_23.tif,patches/S2_9-10-17_16PEC/S2_9-10-17_16PEC_23_cl.tif,patches/S2_9-10-17_16PEC/S2_9-10-17_16PEC_23_conf.tif,8a2590943063ddc46718a08f3bfbc6c9ebdc58b8d78a7ad493fbc3c2163a5bc8
1352,9-10-17_16PEC_24,9-10-17_16PEC,2017-10-09,16PEC,M058,train,train,patches/S2_9-10-17_16PEC/S2_9-10-17_16PEC_24.tif,patches/S2_9-10-17_16PEC/S2_9-10-17_16PEC_24_cl.tif,patches/S2_9-10-17_16PEC/S2_9-10-17_16PEC_24_conf.tif,fc79ddf890d27f4daa77e8e4ef14b6fb2e1641d8e464a98a679c9e072c86e3c0
1353,9-10-17_16PEC_25,9-10-17_16PEC,2017-10-09,16PEC,M058,train,train,patches/S2_9-10-17_16PEC/S2_9-10-17_16PEC_25.tif,patches/S2_9-10-17_16PEC/S2_9-10-17_16PEC_25_cl.tif,patches/S2_9-10-17_16PEC/S2_9-10-17_16PEC_25_conf.tif,99dc36b2d10c90e0e4072c6755f48697e41061532b7e531c468752b9423e72de
1354,9-10-17_16PEC_26,9-10-17_16PEC,2017-10-09,16PEC,M058,train,train,patches/S2_9-10-17_16PEC/S2_9-10-17_16PEC_26.tif,patches/S2_9-10-17_16PEC/S2_9-10-17_16PEC_26_cl.tif,patches/S2_9-10-17_16PEC/S2_9-10-17_16PEC_26_conf.tif,e339a7306ceb0c8c385608438758d518a6df35750ae875a79ea6a20d1ff37f77
1355,9-10-17_16PEC_27,9-10-17_16PEC,2017-10-09,16PEC,M058,train,train,patches/S2_9-10-17_16PEC/S2_9-10-17_16PEC_27.tif,patches/S2_9-10-17_16PEC/S2_9-10-17_16PEC_27_cl.tif,patches/S2_9-10-17_16PEC/S2_9-10-17_16PEC_27_conf.tif,021b11e2b092964e370a67187fca7c6d70f487bb34ba7c49b15b00da0890a721
1356,9-10-17_16PEC_28,9-10-17_16PEC,2017-10-09,16PEC,M058,train,train,patches/S2_9-10-17_16PEC/S2_9-10-17_16PEC_28.tif,patches/S2_9-10-17_16PEC/S2_9-10-17_16PEC_28_cl.tif,patches/S2_9-10-17_16PEC/S2_9-10-17_16PEC_28_conf.tif,0294830cac8f5acae1d4c47852dd9a5954b02b779052d806108e707223f1b96d
1357,9-10-17_16PEC_29,9-10-17_16PEC,2017-10-09,16PEC,M058,train,train,patches/S2_9-10-17_16PEC/S2_9-10-17_16PEC_29.tif,patches/S2_9-10-17_16PEC/S2_9-10-17_16PEC_29_cl.tif,patches/S2_9-10-17_16PEC/S2_9-10-17_16PEC_29_conf.tif,82dfaa82f4038ae1bb3fd2db261348740ed69c633241fab711e3957ff811f9f0
1358,9-10-17_16PEC_3,9-10-17_16PEC,2017-10-09,16PEC,M058,train,train,patches/S2_9-10-17_16PEC/S2_9-10-17_16PEC_3.tif,patches/S2_9-10-17_16PEC/S2_9-10-17_16PEC_3_cl.tif,patches/S2_9-10-17_16PEC/S2_9-10-17_16PEC_3_conf.tif,5bfa89ddea4dd2dc93e6a53e41b704170fa024238b8deec49b6a9a55c3e69a50
1359,9-10-17_16PEC_30,9-10-17_16PEC,2017-10-09,16PEC,M058,train,train,patches/S2_9-10-17_16PEC/S2_9-10-17_16PEC_30.tif,patches/S2_9-10-17_16PEC/S2_9-10-17_16PEC_30_cl.tif,patches/S2_9-10-17_16PEC/S2_9-10-17_16PEC_30_conf.tif,dd12d8e836a0d9917887e4538d41ac69b166fad418b48e228d864f2e0e2c10d0
1360,9-10-17_16PEC_31,9-10-17_16PEC,2017-10-09,16PEC,M058,train,train,patches/S2_9-10-17_16PEC/S2_9-10-17_16PEC_31.tif,patches/S2_9-10-17_16PEC/S2_9-10-17_16PEC_31_cl.tif,patches/S2_9-10-17_16PEC/S2_9-10-17_16PEC_31_conf.tif,88123b30633dd6350c949c3a44f4e40690e14ec0274985e781410467fc8e1d45
1361,9-10-17_16PEC_32,9-10-17_16PEC,2017-10-09,16PEC,M058,train,train,patches/S2_9-10-17_16PEC/S2_9-10-17_16PEC_32.tif,patches/S2_9-10-17_16PEC/S2_9-10-17_16PEC_32_cl.tif,patches/S2_9-10-17_16PEC/S2_9-10-17_16PEC_32_conf.tif,0af87f3d597d17d26a9baf3999db7294327cf527d66296d5608f10e69207e4fc
1362,9-10-17_16PEC_33,9-10-17_16PEC,2017-10-09,16PEC,M058,train,train,patches/S2_9-10-17_16PEC/S2_9-10-17_16PEC_33.tif,patches/S2_9-10-17_16PEC/S2_9-10-17_16PEC_33_cl.tif,patches/S2_9-10-17_16PEC/S2_9-10-17_16PEC_33_conf.tif,b59db71725981cda13424bb78fde3ecc174630e489c85dc1398e1f26e1f5aace
1363,9-10-17_16PEC_34,9-10-17_16PEC,2017-10-09,16PEC,M058,train,train,patches/S2_9-10-17_16PEC/S2_9-10-17_16PEC_34.tif,patches/S2_9-10-17_16PEC/S2_9-10-17_16PEC_34_cl.tif,patches/S2_9-10-17_16PEC/S2_9-10-17_16PEC_34_conf.tif,a9c8bc431dde4df7e742ed9117977cd5d9b9914115f49f648dffc9e8e8eb339e
1364,9-10-17_16PEC_35,9-10-17_16PEC,2017-10-09,16PEC,M058,train,train,patches/S2_9-10-17_16PEC/S2_9-10-17_16PEC_35.tif,patches/S2_9-10-17_16PEC/S2_9-10-17_16PEC_35_cl.tif,patches/S2_9-10-17_16PEC/S2_9-10-17_16PEC_35_conf.tif,d4fbe474ca9bdce70ffea8c8a56fdb4f74b658a538d875eb0cb0833ee2f6a4a0
1365,9-10-17_16PEC_36,9-10-17_16PEC,2017-10-09,16PEC,M058,train,train,patches/S2_9-10-17_16PEC/S2_9-10-17_16PEC_36.tif,patches/S2_9-10-17_16PEC/S2_9-10-17_16PEC_36_cl.tif,patches/S2_9-10-17_16PEC/S2_9-10-17_16PEC_36_conf.tif,91441f0a8dd30808f5543490007ff6aca929c702162d163cf7922b163a3fbb60
1366,9-10-17_16PEC_37,9-10-17_16PEC,2017-10-09,16PEC,M058,train,train,patches/S2_9-10-17_16PEC/S2_9-10-17_16PEC_37.tif,patches/S2_9-10-17_16PEC/S2_9-10-17_16PEC_37_cl.tif,patches/S2_9-10-17_16PEC/S2_9-10-17_16PEC_37_conf.tif,deb754be27cfb6d37c858b2767f77f6a78585887f23ea593178f268574624e75
1367,9-10-17_16PEC_38,9-10-17_16PEC,2017-10-09,16PEC,M058,train,train,patches/S2_9-10-17_16PEC/S2_9-10-17_16PEC_38.tif,patches/S2_9-10-17_16PEC/S2_9-10-17_16PEC_38_cl.tif,patches/S2_9-10-17_16PEC/S2_9-10-17_16PEC_38_conf.tif,f487fd69485e115e87c939f294437d71c94870127e3ff32dfb238724cf25905f
1368,9-10-17_16PEC_39,9-10-17_16PEC,2017-10-09,16PEC,M058,train,train,patches/S2_9-10-17_16PEC/S2_9-10-17_16PEC_39.tif,patches/S2_9-10-17_16PEC/S2_9-10-17_16PEC_39_cl.tif,patches/S2_9-10-17_16PEC/S2_9-10-17_16PEC_39_conf.tif,aaf5162ebd2f77bc989d68c70b1fe740f2acd1e2d39c8971108ea7ce117fe4f9
1369,9-10-17_16PEC_4,9-10-17_16PEC,2017-10-09,16PEC,M058,train,train,patches/S2_9-10-17_16PEC/S2_9-10-17_16PEC_4.tif,patches/S2_9-10-17_16PEC/S2_9-10-17_16PEC_4_cl.tif,patches/S2_9-10-17_16PEC/S2_9-10-17_16PEC_4_conf.tif,da76b6aff4fde30d3e61ca14ef22b6961308f71cb9c613bedab0c17ddc5920c7
1370,9-10-17_16PEC_40,9-10-17_16PEC,2017-10-09,16PEC,M058,train,train,patches/S2_9-10-17_16PEC/S2_9-10-17_16PEC_40.tif,patches/S2_9-10-17_16PEC/S2_9-10-17_16PEC_40_cl.tif,patches/S2_9-10-17_16PEC/S2_9-10-17_16PEC_40_conf.tif,23f09bf18f163bb056fb300fdc12a50777cda17909da74b405a9adb361006357
1371,9-10-17_16PEC_41,9-10-17_16PEC,2017-10-09,16PEC,M058,train,train,patches/S2_9-10-17_16PEC/S2_9-10-17_16PEC_41.tif,patches/S2_9-10-17_16PEC/S2_9-10-17_16PEC_41_cl.tif,patches/S2_9-10-17_16PEC/S2_9-10-17_16PEC_41_conf.tif,3991c1ab59a990d08ff6323badbd6c58ad484c10145262dc171393c2e246164c
1372,9-10-17_16PEC_42,9-10-17_16PEC,2017-10-09,16PEC,M058,train,train,patches/S2_9-10-17_16PEC/S2_9-10-17_16PEC_42.tif,patches/S2_9-10-17_16PEC/S2_9-10-17_16PEC_42_cl.tif,patches/S2_9-10-17_16PEC/S2_9-10-17_16PEC_42_conf.tif,895b6f18ab74dfae2697d232497193f540213691c326a81bcaca51a1a57a5572
1373,9-10-17_16PEC_43,9-10-17_16PEC,2017-10-09,16PEC,M058,train,train,patches/S2_9-10-17_16PEC/S2_9-10-17_16PEC_43.tif,patches/S2_9-10-17_16PEC/S2_9-10-17_16PEC_43_cl.tif,patches/S2_9-10-17_16PEC/S2_9-10-17_16PEC_43_conf.tif,3f5737b07b87c34ad37dd12844bd1f9f27fc4cbf63851f79adfe8a6cb363ca48
1374,9-10-17_16PEC_44,9-10-17_16PEC,2017-10-09,16PEC,M058,train,train,patches/S2_9-10-17_16PEC/S2_9-10-17_16PEC_44.tif,patches/S2_9-10-17_16PEC/S2_9-10-17_16PEC_44_cl.tif,patches/S2_9-10-17_16PEC/S2_9-10-17_16PEC_44_conf.tif,96c923dbfc370c82798ff6a5026e79309286ad95f6613d8d4ea4ebbd10b5d134
1375,9-10-17_16PEC_45,9-10-17_16PEC,2017-10-09,16PEC,M058,train,train,patches/S2_9-10-17_16PEC/S2_9-10-17_16PEC_45.tif,patches/S2_9-10-17_16PEC/S2_9-10-17_16PEC_45_cl.tif,patches/S2_9-10-17_16PEC/S2_9-10-17_16PEC_45_conf.tif,f79d7c3072a152a008276bd2e8db17bf071ccf14cbdfd31a8b0c501007bbf2c5
1376,9-10-17_16PEC_5,9-10-17_16PEC,2017-10-09,16PEC,M058,train,train,patches/S2_9-10-17_16PEC/S2_9-10-17_16PEC_5.tif,patches/S2_9-10-17_16PEC/S2_9-10-17_16PEC_5_cl.tif,patches/S2_9-10-17_16PEC/S2_9-10-17_16PEC_5_conf.tif,de08a4478e683a9c7c390c70b769c7e9f37ef5fc9ebb247b19b6dd8f22a42950
1377,9-10-17_16PEC_6,9-10-17_16PEC,2017-10-09,16PEC,M058,train,train,patches/S2_9-10-17_16PEC/S2_9-10-17_16PEC_6.tif,patches/S2_9-10-17_16PEC/S2_9-10-17_16PEC_6_cl.tif,patches/S2_9-10-17_16PEC/S2_9-10-17_16PEC_6_conf.tif,fcfcfd35023437dec88b2311f75dd2749adf6066e5262a3bba311be8fcc8a3db
1378,9-10-17_16PEC_7,9-10-17_16PEC,2017-10-09,16PEC,M058,train,train,patches/S2_9-10-17_16PEC/S2_9-10-17_16PEC_7.tif,patches/S2_9-10-17_16PEC/S2_9-10-17_16PEC_7_cl.tif,patches/S2_9-10-17_16PEC/S2_9-10-17_16PEC_7_conf.tif,a8180b823d682a3cd2f17ab0904cdd2b5055416f63533ac15bc601f08c2a559f
1379,9-10-17_16PEC_8,9-10-17_16PEC,2017-10-09,16PEC,M058,train,train,patches/S2_9-10-17_16PEC/S2_9-10-17_16PEC_8.tif,patches/S2_9-10-17_16PEC/S2_9-10-17_16PEC_8_cl.tif,patches/S2_9-10-17_16PEC/S2_9-10-17_16PEC_8_conf.tif,bd6ecea551bdf802d4e2ff6a49f1d6b1a0c48f927d30cfec5b14c778e97c4344
1380,9-10-17_16PEC_9,9-10-17_16PEC,2017-10-09,16PEC,M058,train,train,patches/S2_9-10-17_16PEC/S2_9-10-17_16PEC_9.tif,patches/S2_9-10-17_16PEC/S2_9-10-17_16PEC_9_cl.tif,patches/S2_9-10-17_16PEC/S2_9-10-17_16PEC_9_conf.tif,b426889f1f447099286f175695b9b04b732651534b3d32b698be7a6905180e94
